  1.88000000000000E+03,   4.21134570763002E-01,   4.61538000000000E-01,  -5.63238275699961E+00,   1.00000000000000E-02,   2.05357305787104E+03,   1.64461702423351E+03
  1.88008333300000E+03,   4.20834546648149E-01,   4.69230500000000E-01,  -5.63269899734571E+00,   1.90000000000000E-01,   4.96200869161351E+02,   7.21108852165541E+03
  1.88016666700000E+03,   4.23481010911120E-01,   6.30768500000000E-01,  -5.63317754003607E+00,   3.70000000000000E-01,   1.16548236624451E+03,   3.10020049631875E+03
  1.88025000000000E+03,   4.27422038515564E-01,   9.05767750000000E-01,  -5.63365600398986E+00,   5.50000000000000E-01,   1.17321109244433E+03,   2.87444075793617E+03
  1.88033333300000E+03,   4.29465205814599E-01,   9.69230000000000E-01,  -5.63413438919617E+00,   7.30000000000000E-01,   1.12078671233947E+03,   1.87800853306650E+03
  1.88041666700000E+03,   4.29405705903585E-01,   9.69230250000000E-01,  -5.63461269564409E+00,   9.10000000000000E-01,   1.47094690068581E+03,   3.07460663452129E+03
  1.88050000000000E+03,   4.31302281300676E-01,   1.11922850000000E+00,  -5.63509092332272E+00,   1.09000000000000E+00,   1.10227890529400E+03,   2.39577783183890E+03
  1.88058333300000E+03,   4.56556997538554E-01,   1.27692000000000E+00,  -5.63556907222116E+00,   1.27000000000000E+00,   1.23567753570851E+03,   4.40995499707440E+03
  1.88066666700000E+03,   5.05671745325070E-01,   1.45192250000000E+00,  -6.46836700346302E+00,   1.45000000000000E+00,   1.32822095825157E+03,   5.11040697790944E+03
  1.88075000000000E+03,   5.41278483123431E-01,   1.61538750000000E+00,  -6.46865298939205E+00,   1.63000000000000E+00,   1.36764559008521E+03,   5.90797197384372E+03
  1.88083333300000E+03,   5.57204594727410E-01,   1.64231000000000E+00,  -6.46893887805420E+00,   1.81000000000000E+00,   8.88906933585510E+02,   4.61914365720325E+03
  1.88091666700000E+03,   5.45642288899775E-01,   1.54423000000000E+00,  -6.46922466944336E+00,   1.99000000000000E+00,   8.71701543431107E+02,   4.56312834932670E+03
  1.88100000000000E+03,   5.07187711270431E-01,   1.38461500000000E+00,  -6.46951036355341E+00,   2.17000000000000E+00,   7.23502690339028E+02,   2.43618226879844E+03
  1.88108333300000E+03,   4.85788038024855E-01,   1.27884750000000E+00,  -6.46979596037825E+00,   2.35000000000000E+00,   3.13932691864517E+02,   2.47430403166697E+03
  1.88116666700000E+03,   4.84400469937610E-01,   1.29230750000000E+00,  -6.47008145991176E+00,   2.53000000000000E+00,   4.20563169460743E+02,   1.49388697369315E+03
  1.88125000000000E+03,   4.82894504169532E-01,   1.20192100000000E+00,  -6.47036686214783E+00,   2.71000000000000E+00,   4.15262586906752E+02,   2.50417396862397E+03
  1.88133333300000E+03,   4.79406416279144E-01,   9.30768250000000E-01,  -6.47065216708036E+00,   2.89000000000000E+00,   7.01060844724472E+02,   2.23595336728995E+03
  1.88141666700000E+03,   4.73790019379983E-01,   6.86538750000000E-01,  -6.47093737470325E+00,   3.07000000000000E+00,   7.99657062178423E+02,   2.25755355989710E+03
  1.88150000000000E+03,   4.69358045502747E-01,   4.05769450000000E-01,  -6.47122248501041E+00,   3.25000000000000E+00,   8.29555421761198E+02,   1.82873396370078E+03
  1.88158333300000E+03,   3.04406930938766E-01,   7.69240000000000E-03,  -6.47150749799572E+00,   3.43000000000000E+00,   7.38551550879152E+02,   1.96670316186229E+03
  1.88166666700000E+03,  -2.25658461369774E-02,  -3.09615300000000E-01,   3.56298624334125E+00,   3.61000000000000E+00,   8.15719043821467E+02,   1.54079443016133E+03
  1.88175000000000E+03,  -1.85495273807751E-01,  -4.46153750000000E-01,   3.56270670838749E+00,   3.79000000000000E+00,   6.30460678764303E+02,   2.39323902649406E+03
  1.88183333300000E+03,  -1.87205926619405E-01,  -4.73077000000000E-01,   3.56242709880547E+00,   3.97000000000000E+00,   7.44107275948950E+02,   2.63920857270335E+03
  1.88191666700000E+03,  -1.94912918059210E-01,  -4.65384750000000E-01,   3.56214741460210E+00,   4.15000000000000E+00,   1.22063942327760E+03,   3.01637762137472E+03
  1.88200000000000E+03,  -2.08181794672206E-01,  -4.53846000000000E-01,   3.56186765578429E+00,   4.33000000000000E+00,   1.64907757191909E+03,   2.95967875609098E+03
  1.88208333300000E+03,  -2.23495124197443E-01,  -4.74999750000000E-01,   3.56158782235897E+00,   4.51000000000000E+00,   1.67015967409362E+03,   3.79679059351129E+03
  1.88216666700000E+03,  -2.38129781559137E-01,  -6.00000000000000E-01,   3.56130791433304E+00,   4.69000000000000E+00,   1.69169090220152E+03,   4.23813774605305E+03
  1.88225000000000E+03,  -2.52453024685798E-01,  -7.92307750000000E-01,   3.56102793171342E+00,   4.87000000000000E+00,   1.66603026256011E+03,   5.43222401552886E+03
  1.88233333300000E+03,  -2.68453562614788E-01,  -8.82692250000000E-01,   3.56074787450703E+00,   5.05000000000000E+00,   1.13117452283486E+03,   5.03110319119304E+03
  1.88241666700000E+03,  -2.86269424118073E-01,  -7.84615500000000E-01,   3.56046774272079E+00,   5.23000000000000E+00,   6.05276182612963E+02,   4.71824227898745E+03
  1.88250000000000E+03,  -3.02580134494595E-01,  -6.80769500000000E-01,   3.56018753636163E+00,   5.41000000000000E+00,   1.17073680579675E+03,   3.82266626664738E+03
  1.88258333300000E+03,  -1.85209397248704E-01,  -6.38461750000000E-01,   3.55990725543646E+00,   5.59000000000000E+00,   1.35012959866998E+03,   2.90283924672572E+03
  1.88266666700000E+03,   7.03560632980278E-02,  -5.05769500000000E-01,   2.05121963387552E+00,   5.77000000000000E+00,   1.17892857305826E+03,   2.02218945689705E+03
  1.88275000000000E+03,   2.08081892204790E-01,  -4.09615750000000E-01,   2.05188806178257E+00,   5.95000000000000E+00,   1.17918012393928E+03,   2.62158834481806E+03
  1.88283333300000E+03,   2.18400558881056E-01,  -4.46154250000000E-01,   2.05255648679111E+00,   6.13000000000000E+00,   1.73235166530557E+03,   3.35369636274580E+03
  1.88291666700000E+03,   2.21595789580523E-01,  -4.07692750000000E-01,   2.05322490888526E+00,   6.31000000000000E+00,   1.05803737822153E+03,   3.44600578106310E+03
  1.88300000000000E+03,   2.18110377666820E-01,  -2.78846500000000E-01,   2.05389332804910E+00,   6.49000000000000E+00,   9.60103782847039E+02,   3.59521708248068E+03
  1.88308333300000E+03,   2.11475810237424E-01,  -1.82692425000000E-01,   2.05456174426675E+00,   6.67000000000000E+00,   1.13705066171901E+03,   3.86276524559605E+03
  1.88316666700000E+03,   2.04434830252165E-01,  -1.36538350000000E-01,   2.05523015752231E+00,   6.85000000000000E+00,   1.30696371866191E+03,   3.46075180099035E+03
  1.88325000000000E+03,   1.96645180219594E-01,  -1.74999675000000E-01,   2.05589856779987E+00,   7.03000000000000E+00,   7.65224371261898E+02,   5.53247261997533E+03
  1.88333333300000E+03,   1.86148326266415E-01,  -2.36538250000000E-01,   2.05656697508354E+00,   7.21000000000000E+00,   7.96724828921138E+02,   5.77080960414098E+03
  1.88341666700000E+03,   1.72841355037644E-01,  -2.73077000000000E-01,   2.05723537935742E+00,   7.39000000000000E+00,   9.72791642894123E+02,   5.67749025389598E+03
  1.88350000000000E+03,   1.60084537340368E-01,  -3.38461500000000E-01,   2.05790378060561E+00,   7.57000000000000E+00,   1.86734737062084E+03,   5.04291336799197E+03
  1.88358333300000E+03,   9.08094304518855E-02,  -3.61538250000000E-01,   2.05857217881223E+00,   7.75000000000000E+00,   1.76705046529101E+03,   4.64521058566032E+03
  1.88366666700000E+03,  -2.82989456875525E-02,  -3.28846000000000E-01,  -3.43026677359550E-01,   7.93000000000000E+00,   2.40855521267228E+03,   2.45914663869393E+03
  1.88375000000000E+03,  -7.19143565460533E-02,  -3.03846000000000E-01,  -3.43709208749149E-01,   8.11000000000000E+00,   2.35898180506101E+03,   1.93768118793521E+03
  1.88383333300000E+03,  -5.04946746353038E-02,  -2.65384500000000E-01,  -3.44391716547023E-01,   8.29000000000000E+00,   1.97461708802958E+03,   2.61531359077478E+03
  1.88391666700000E+03,  -3.46160618578443E-02,  -2.17307750000000E-01,  -3.45074200742204E-01,   8.47000000000000E+00,   1.21028145100941E+03,   5.81017925498201E+03
  1.88400000000000E+03,  -2.39329650270991E-02,  -2.48077000000000E-01,  -3.45756661323727E-01,   8.65000000000000E+00,   1.20147999431711E+03,   6.41562987718714E+03
  1.88408333300000E+03,  -1.50194047680488E-02,  -3.67307750000000E-01,  -3.46439098280629E-01,   8.83000000000000E+00,   7.46578989686101E+02,   6.05820797576301E+03
  1.88416666700000E+03,  -5.24576323507999E-03,  -4.76923250000000E-01,  -3.47121511601946E-01,   9.01000000000000E+00,   1.07629140148299E+03,   9.07641193838415E+03
  1.88425000000000E+03,   4.92564988528705E-03,  -4.90384750000000E-01,  -3.47803901276709E-01,   9.19000000000000E+00,   1.12795385033229E+03,   9.07790549099700E+03
  1.88433333300000E+03,   1.34100483429470E-02,  -3.96154000000000E-01,  -3.48486267293962E-01,   9.37000000000000E+00,   1.12455692857379E+03,   7.08768811574351E+03
  1.88441666700000E+03,   1.99728252159835E-02,  -3.13461750000000E-01,  -3.49168609642737E-01,   9.55000000000000E+00,   1.02633421687276E+03,   6.57021836934172E+03
  1.88450000000000E+03,   2.78379037176027E-02,  -2.26923125000000E-01,  -3.49850928312074E-01,   9.73000000000000E+00,   1.07274254027250E+03,   6.49986020030887E+03
  1.88458333300000E+03,   7.98465999130651E-02,  -1.11538450000000E-01,  -3.50533223291016E-01,   9.91000000000000E+00,   7.52362232624531E+02,   3.57572641352455E+03
  1.88466666700000E+03,   1.70640681379772E-01,  -6.53846500000000E-02,   4.04312054307494E+00,   1.00900000000000E+01,   6.81633049451085E+02,   2.84502834335796E+03
  1.88475000000000E+03,   2.13059861654556E-01,  -7.11538750000000E-02,   4.04253284060617E+00,   1.02700000000000E+01,   5.18731840662404E+02,   1.38949145053658E+03
  1.88483333300000E+03,   2.07787986150448E-01,  -1.11538475000000E-01,   4.04194508503482E+00,   1.04500000000000E+01,   1.07455492895551E+03,   1.42101468974801E+03
  1.88491666700000E+03,   1.95924148446662E-01,  -1.61538425000000E-01,   4.04135727637203E+00,   1.06300000000000E+01,   8.49924521565656E+02,   1.29438824162405E+03
  1.88500000000000E+03,   1.77955099694877E-01,  -1.28846077500000E-01,   4.04076941462892E+00,   1.08100000000000E+01,   1.75227359165474E+03,   4.39240164045959E+03
  1.88508333300000E+03,   1.57452976070400E-01,  -6.34615050000000E-02,   4.04018149981664E+00,   1.09900000000000E+01,   2.08289152933589E+03,   4.80891636812259E+03
  1.88516666700000E+03,   1.37197744742901E-01,  -3.26923275000000E-02,   4.03959353194630E+00,   1.11700000000000E+01,   2.00170823947270E+03,   5.47530739102501E+03
  1.88525000000000E+03,   1.16880850407245E-01,   6.34615500000000E-02,   4.03900551102905E+00,   1.13500000000000E+01,   2.14087652696232E+03,   6.06484848665921E+03
  1.88533333300000E+03,   9.45738619017006E-02,   1.99999950000000E-01,   4.03841743707601E+00,   1.15300000000000E+01,   2.13522090602261E+03,   6.20121143898360E+03
  1.88541666700000E+03,   7.02003104786094E-02,   2.92307500000000E-01,   4.03782931009832E+00,   1.17100000000000E+01,   1.23209759771484E+03,   2.78980695859825E+03
  1.88550000000000E+03,   4.71432141329975E-02,   3.59615250000000E-01,   4.03724113010712E+00,   1.18900000000000E+01,   1.11163181144687E+03,   2.71976242792861E+03
  1.88558333300000E+03,  -5.14660245473698E-03,   3.65384500000000E-01,   4.03665289711354E+00,   1.20700000000000E+01,   1.52808211114014E+03,   3.90513631971301E+03
  1.88566666700000E+03,  -7.83569443663742E-02,   3.65384500000000E-01,  -2.21402422325765E+00,   1.22500000000000E+01,   8.80266126611611E+02,   3.10877108893853E+03
  1.88575000000000E+03,  -9.87113065400572E-02,   4.75000000000000E-01,  -2.21453611633496E+00,   1.24300000000000E+01,   1.04288430509494E+03,   3.54261922505155E+03
  1.88583333300000E+03,  -7.86020783622786E-02,   5.61538500000000E-01,  -2.21504797287627E+00,   1.26100000000000E+01,   1.12979280960008E+03,   3.53023662264722E+03
  1.88591666700000E+03,  -6.38398344854241E-02,   5.34615500000000E-01,  -2.21555979287312E+00,   1.27900000000000E+01,   9.14423627458964E+02,   3.03997405474740E+03
  1.88600000000000E+03,  -5.40147937423994E-02,   4.75000250000000E-01,  -2.21607157631704E+00,   1.29700000000000E+01,   4.36747325723272E+02,   1.40772036336758E+03
  1.88608333300000E+03,  -4.56365976546462E-02,   3.19231050000000E-01,  -2.21658332319958E+00,   1.31500000000000E+01,   3.64712366630981E+02,   2.09213712628906E+03
  1.88616666700000E+03,  -3.60115388880699E-02,   1.48077100000000E-01,  -2.21709503351227E+00,   1.33300000000000E+01,   1.02499222416943E+03,   1.66315551278794E+03
  1.88625000000000E+03,  -2.55385716632696E-02,   8.65385500000000E-02,  -2.21760670724665E+00,   1.35100000000000E+01,   1.14719153374689E+03,   2.41698848831693E+03
  1.88633333300000E+03,  -1.62403057986446E-02,   1.73077250000000E-02,  -2.21811834439427E+00,   1.36900000000000E+01,   1.14285665282468E+03,   2.65286258260658E+03
  1.88641666700000E+03,  -8.29079482822158E-03,  -1.15384550000000E-01,  -2.21862994494666E+00,   1.38700000000000E+01,   1.23329492589906E+03,   2.45414255068460E+03
  1.88650000000000E+03,   1.59237488991680E-03,  -2.65384525000000E-01,  -2.21914150889538E+00,   1.40500000000000E+01,   1.30332742661766E+03,   1.72800321145320E+03
  1.88658333300000E+03,  -2.35364598499675E-02,  -3.19230750000000E-01,  -2.21965303623195E+00,   1.42300000000000E+01,   6.18460900127987E+02,   1.57163696806285E+03
  1.88666666700000E+03,  -9.21612823621027E-02,  -2.21153800000000E-01,  -1.42526884424356E-01,   1.44100000000000E+01,   1.13547401836983E+03,   1.27857462738324E+03
  1.88675000000000E+03,  -1.34956080214171E-01,  -1.30769100000000E-01,  -1.43110056815063E-01,   1.45900000000000E+01,   1.28796656663789E+03,   1.20854005598180E+03
  1.88683333300000E+03,  -1.48161496165600E-01,  -1.36538300000000E-01,  -1.43693228610533E-01,   1.47700000000000E+01,   1.45746822159375E+03,   1.35888839127736E+03
  1.88691666700000E+03,  -1.67395440749050E-01,  -1.17307625000000E-01,  -1.44276399800174E-01,   1.49500000000000E+01,   1.44221708878681E+03,   1.48430176598948E+03
  1.88700000000000E+03,  -1.92164849224721E-01,  -1.92300000000000E-03,  -1.44859570373392E-01,   1.51300000000000E+01,   1.84065258095372E+03,   2.67676547556305E+03
  1.88708333300000E+03,  -2.18894145071084E-01,   2.05769375000000E-01,  -1.45442740319593E-01,   1.53100000000000E+01,   1.19091072009028E+03,   2.53493467614786E+03
  1.88716666700000E+03,  -2.44802751197180E-01,   4.46154000000000E-01,  -1.46025909628186E-01,   1.54900000000000E+01,   1.41498188334169E+03,   3.70461915755059E+03
  1.88725000000000E+03,  -2.70201387573633E-01,   6.32692500000000E-01,  -1.46609078288577E-01,   1.56700000000000E+01,   1.14678053764536E+03,   3.53850557919634E+03
  1.88733333300000E+03,  -2.97023355663190E-01,   8.24999500000000E-01,  -1.47192246290175E-01,   1.58500000000000E+01,   1.36744958732695E+03,   3.47543399468006E+03
  1.88741666700000E+03,  -3.25352619527872E-01,   1.04999825000000E+00,  -1.47775413622386E-01,   1.60300000000000E+01,   1.04561400808154E+03,   2.46043988290309E+03
  1.88750000000000E+03,  -3.51816189220882E-01,   1.24615250000000E+00,  -1.48358580274621E-01,   1.62100000000000E+01,   1.03888420106341E+03,   2.30648381603322E+03
  1.88758333300000E+03,  -1.30457057371703E-01,   1.44807750000000E+00,  -1.48941746236287E-01,   1.63900000000000E+01,   8.55222824318090E+02,   8.84284516844619E+02
  1.88766666700000E+03,   3.50942407852805E-01,   1.59038500000000E+00,   2.56826659092422E+00,   1.65700000000000E+01,   9.42924958201457E+02,   2.04252066333954E+03
  1.88775000000000E+03,   6.16498914607118E-01,   1.56538250000000E+00,   2.56892800635423E+00,   1.67500000000000E+01,   7.56420518117424E+02,   3.33052348626251E+03
  1.88783333300000E+03,   6.48813565386308E-01,   1.52115000000000E+00,   2.56958940665216E+00,   1.69300000000000E+01,   6.89508159145192E+02,   3.11843096553107E+03
  1.88791666700000E+03,   6.74082267131191E-01,   1.56730500000000E+00,   2.57025079180241E+00,   1.71100000000000E+01,   7.11758901710779E+02,   3.12988149921645E+03
  1.88800000000000E+03,   6.92637169722848E-01,   1.60000000000000E+00,   2.57091216178943E+00,   1.72900000000000E+01,   5.58439046154261E+02,   3.86855206661660E+03
  1.88808333300000E+03,   7.07897624204460E-01,   1.61154000000000E+00,   2.57157351659766E+00,   1.74700000000000E+01,   6.09585230842521E+02,   3.21016300702937E+03
  1.88816666700000E+03,   7.22493300369935E-01,   1.68654000000000E+00,   2.57223485621152E+00,   1.76500000000000E+01,   1.07454730458022E+03,   4.35510942150472E+03
  1.88825000000000E+03,   7.35968493316295E-01,   1.68653750000000E+00,   2.57289618061545E+00,   1.78300000000000E+01,   1.00475022178695E+03,   4.55407329012839E+03
  1.88833333300000E+03,   7.46251416218094E-01,   1.47307500000000E+00,   2.57355748979388E+00,   1.80100000000000E+01,   1.54053789566585E+03,   6.50215837708205E+03
  1.88841666700000E+03,   7.53126666475439E-01,   1.19615425000000E+00,   2.57421878373125E+00,   1.81900000000000E+01,   1.86238625979078E+03,   5.58223939454091E+03
  1.88850000000000E+03,   7.59843357536570E-01,   9.65385500000000E-01,   2.57488006241199E+00,   1.83700000000000E+01,   1.69564370828559E+03,   5.11800790931269E+03
  1.88858333300000E+03,   6.11122464551737E-01,   7.98077000000000E-01,   2.57554132582055E+00,   1.85500000000000E+01,   1.23482053727128E+03,   2.57971315607699E+03
  1.88866666700000E+03,   3.02298335447255E-01,   6.50000000000000E-01,   7.71220593778688E+00,   1.87300000000000E+01,   1.74933341099336E+03,   3.15239122145702E+03
  1.88875000000000E+03,   1.43697459650129E-01,   4.75000250000000E-01,   7.71268000605857E+00,   1.89100000000000E+01,   1.40956601253452E+03,   1.25156816856831E+03
  1.88883333300000E+03,   1.36351976690816E-01,   3.01923425000000E-01,   7.71315396341508E+00,   1.90900000000000E+01,   1.03275048896711E+03,   1.24110811391597E+03
  1.88891666700000E+03,   1.23044305963325E-01,   1.78846350000000E-01,   7.71362780984180E+00,   1.92700000000000E+01,   1.07381233134179E+03,   1.20910497649638E+03
  1.88900000000000E+03,   1.04249134337312E-01,   1.05769375000000E-01,   7.71410154532410E+00,   1.94500000000000E+01,   1.02607978092388E+03,   1.79427441767412E+03
  1.88908333300000E+03,   8.35231705614998E-02,   2.30769775000000E-02,   7.71457516984740E+00,   1.96300000000000E+01,   4.56227704915835E+02,   1.00588605256362E+03
  1.88916666700000E+03,   6.36277186889590E-02,  -8.46153950000000E-02,   7.71504868339707E+00,   1.98100000000000E+01,   1.83636020133249E+02,   9.24796412830404E+02
  1.88925000000000E+03,   4.42324667215107E-02,  -3.15384672500000E-01,   7.71552208595853E+00,   1.99900000000000E+01,   1.93483957190474E+02,   1.19384583677149E+03
  1.88933333300000E+03,   2.33842902326374E-02,  -5.94231000000000E-01,   7.71599537751716E+00,   2.01700000000000E+01,   1.60874581938458E+02,   1.61469023245848E+03
  1.88941666700000E+03,   9.79259745138041E-04,  -7.38461750000000E-01,   7.71646855805839E+00,   2.03500000000000E+01,   5.79397897477579E+02,   2.00720727753764E+03
  1.88950000000000E+03,  -1.96296536162309E-02,  -7.53846000000000E-01,   7.71694162756761E+00,   2.05300000000000E+01,   8.50218045929939E+02,   4.71748632677263E+03
  1.88958333300000E+03,  -1.22656238943528E-01,  -7.32692000000000E-01,   7.71741458603024E+00,   2.07100000000000E+01,   9.37309948946626E+02,   4.77396018494420E+03
  1.88966666700000E+03,  -3.04299038894543E-01,  -8.03846000000000E-01,   1.02297743500567E+00,   2.08900000000000E+01,   9.97513086879015E+02,   5.32613680453250E+03
  1.88975000000000E+03,  -3.87862908389624E-01,  -8.71153750000000E-01,   1.02227051442371E+00,   2.10700000000000E+01,   1.02374802810735E+03,   4.89871586425958E+03
  1.88983333300000E+03,  -3.80953040448894E-01,  -8.44230750000000E-01,   1.02156359486701E+00,   2.12500000000000E+01,   5.49330882973093E+02,   4.39605038676780E+03
  1.88991666700000E+03,  -3.78363821226927E-01,  -8.40384750000000E-01,   1.02085667634756E+00,   2.14300000000000E+01,   2.56824068899936E+02,   1.90284199757364E+03
  1.89000000000000E+03,  -3.79669680545071E-01,  -9.30769750000000E-01,   1.02014975887733E+00,   2.16100000000000E+01,   3.62360334553808E+02,   4.22178009863478E+03
  1.89008333300000E+03,  -3.81370531795880E-01,  -1.07884600000000E+00,   1.01944284246832E+00,   2.17900000000000E+01,   5.03474930475897E+02,   4.03703645051399E+03
  1.89016666700000E+03,  -3.80769040965093E-01,  -1.17307500000000E+00,   1.01873592713253E+00,   2.19700000000000E+01,   6.10407114213408E+02,   4.06923190275974E+03
  1.89025000000000E+03,  -3.78266639471109E-01,  -1.24807500000000E+00,   1.01802901288192E+00,   2.21500000000000E+01,   6.10092521350551E+02,   3.86214314263884E+03
  1.89033333300000E+03,  -3.75894481523539E-01,  -1.28846000000000E+00,   1.01732209972851E+00,   2.23300000000000E+01,   6.06978912942455E+02,   4.76819426158235E+03
  1.89041666700000E+03,  -3.73841158657536E-01,  -1.16922900000000E+00,   1.01661518768425E+00,   2.25100000000000E+01,   4.46464291647438E+02,   2.31906237639367E+03
  1.89050000000000E+03,  -3.68844677845517E-01,  -9.82691500000000E-01,   1.01590827676116E+00,   2.26900000000000E+01,   3.57995869125176E+02,   2.22455146191204E+03
  1.89058333300000E+03,  -2.15093956549826E-01,  -8.63461500000000E-01,   1.01520136697121E+00,   2.28700000000000E+01,   3.11558461000124E+02,   2.61697516360146E+03
  1.89066666700000E+03,   8.10194663069838E-02,  -7.48076750000000E-01,  -7.55490484254435E+00,   2.30500000000000E+01,   4.23061774230283E+02,   2.90700980092569E+03
  1.89075000000000E+03,   2.25046300177671E-01,  -5.49999750000000E-01,  -7.55552624511079E+00,   2.32300000000000E+01,   6.17953806757275E+02,   2.29917712471281E+03
  1.89083333300000E+03,   2.17998430053760E-01,  -3.15384450000000E-01,  -7.55614755207336E+00,   2.34100000000000E+01,   5.90041063169111E+02,   3.73289232581492E+03
  1.89091666700000E+03,   2.04610612703704E-01,  -4.80769000000000E-02,  -7.55676876341220E+00,   2.35900000000000E+01,   5.66931754116510E+02,   3.28272188003340E+03
  1.89100000000000E+03,   1.85378008411609E-01,   2.13461550000000E-01,  -7.55738987910742E+00,   2.37700000000000E+01,   6.83446441645623E+02,   3.23569101815206E+03
  1.89108333300000E+03,   1.63879240794461E-01,   3.36538500000000E-01,  -7.55801089913916E+00,   2.39500000000000E+01,   6.10687498893740E+02,   3.64757383463631E+03
  1.89116666700000E+03,   1.42898823887279E-01,   3.44230750000000E-01,  -7.55863182348755E+00,   2.41300000000000E+01,   4.06233738343808E+02,   3.25173805972151E+03
  1.89125000000000E+03,   1.22130798688662E-01,   3.42307750000000E-01,  -7.55925265213271E+00,   2.43100000000000E+01,   3.75497437839193E+02,   2.80804684675521E+03
  1.89133333300000E+03,   9.96473801824291E-02,   3.65384750000000E-01,  -7.55987338505479E+00,   2.44900000000000E+01,   4.47774265718105E+02,   3.99634589531375E+03
  1.89141666700000E+03,   7.53708034174133E-02,   3.78846250000000E-01,  -7.56049402223394E+00,   2.46700000000000E+01,   2.93881357023062E+02,   3.64498039830556E+03
  1.89150000000000E+03,   5.26808644750606E-02,   3.86538500000000E-01,  -7.56111456365029E+00,   2.48500000000000E+01,   9.72903736091166E+02,   4.60156829101739E+03
  1.89158333300000E+03,   5.06950364575503E-02,   4.82692250000000E-01,  -7.56173500928401E+00,   2.50300000000000E+01,   9.74452711879794E+02,   4.60516090460441E+03
  1.89166666700000E+03,   7.69147103222751E-02,   5.98076750000000E-01,   3.21555148204729E+00,   2.52100000000000E+01,   9.69021711673395E+02,   3.46942944569705E+03
  1.89175000000000E+03,   1.04681874717327E-01,   6.30769000000000E-01,   3.21593210364251E+00,   2.53900000000000E+01,   8.03958431503607E+02,   2.47616824997731E+03
  1.89183333300000E+03,   1.21840905552348E-01,   6.57692250000000E-01,   3.21631264308334E+00,   2.55700000000000E+01,   7.70858701193909E+02,   2.45200285218647E+03
  1.89191666700000E+03,   1.32768020400672E-01,   6.23077000000000E-01,   3.21669310036425E+00,   2.57500000000000E+01,   1.18075354737515E+02,   9.38286948231247E+02
  1.89200000000000E+03,   1.37864611864925E-01,   4.34615250000000E-01,   3.21707347547971E+00,   2.59300000000000E+01,   1.45852692473051E+02,   1.03238984287200E+03
  1.89208333300000E+03,   1.40615678383533E-01,   2.19230550000000E-01,   3.21745376842419E+00,   2.61100000000000E+01,   4.09464059681853E+02,   1.54120328304351E+03
  1.89216666700000E+03,   1.43712620307827E-01,   1.84615350000000E-01,   3.21783397919217E+00,   2.62900000000000E+01,   9.04837114680954E+02,   2.29158688502059E+03
  1.89225000000000E+03,   1.46757243904920E-01,   3.38461550000000E-01,   3.21821410777811E+00,   2.64700000000000E+01,   9.09620231326990E+02,   2.67940514945181E+03
  1.89233333300000E+03,   1.47730773025191E-01,   4.71153750000000E-01,   3.21859415417649E+00,   2.66500000000000E+01,   1.12804574598309E+03,   2.35306268756638E+03
  1.89241666700000E+03,   1.46466055005148E-01,   6.01923000000000E-01,   3.21897411838179E+00,   2.68300000000000E+01,   1.26698091944393E+03,   3.63297772729445E+03
  1.89250000000000E+03,   1.46255455377130E-01,   7.67307750000000E-01,   3.21935400038848E+00,   2.70100000000000E+01,   1.23392684636121E+03,   3.30524715821032E+03
  1.89258333300000E+03,   1.72234823830560E-01,   8.01923250000000E-01,   3.21973380019106E+00,   2.71900000000000E+01,   1.39914821768041E+03,   2.25554763406143E+03
  1.89266666700000E+03,   2.25010111666015E-01,   7.19231000000000E-01,   6.21697261511217E+00,   2.73700000000000E+01,   1.43094551608597E+03,   2.20523332512386E+03
  1.89275000000000E+03,   2.59065969318279E-01,   6.57692500000000E-01,   6.21712102103021E+00,   2.75500000000000E+01,   1.36609413471085E+03,   3.90434670132605E+03
  1.89283333300000E+03,   2.69492649195794E-01,   6.65384750000000E-01,   6.21726932974290E+00,   2.77300000000000E+01,   1.57083523601368E+03,   3.02217674642975E+03
  1.89291666700000E+03,   2.73825841807377E-01,   6.57692250000000E-01,   6.21741754124727E+00,   2.79100000000000E+01,   1.49918548629695E+03,   3.30744841065456E+03
  1.89300000000000E+03,   2.72493161465960E-01,   6.49999750000000E-01,   6.21756565554032E+00,   2.80900000000000E+01,   8.36328889331751E+02,   3.47331356426101E+03
  1.89308333300000E+03,   2.69005204984444E-01,   6.86538250000000E-01,   6.21771367261906E+00,   2.82700000000000E+01,   1.60983664147636E+03,   5.34763401837921E+03
  1.89316666700000E+03,   2.66078268122391E-01,   7.01923000000000E-01,   6.21786159248052E+00,   2.84500000000000E+01,   1.66600791775556E+03,   4.16337068254129E+03
  1.89325000000000E+03,   2.63338272284214E-01,   7.17307750000000E-01,   6.21800941512172E+00,   2.86300000000000E+01,   1.83944067708742E+03,   6.16397744626722E+03
  1.89333333300000E+03,   2.58789701724446E-01,   6.86538500000000E-01,   6.21815714053967E+00,   2.88100000000000E+01,   1.78799603417879E+03,   5.68102931906916E+03
  1.89341666700000E+03,   2.52287737597855E-01,   5.73077000000000E-01,   6.21830476873140E+00,   2.89900000000000E+01,   2.10551749894916E+03,   6.42706532795515E+03
  1.89350000000000E+03,   2.47146083921457E-01,   3.73077125000000E-01,   6.21845229969395E+00,   2.91700000000000E+01,   1.28240845636473E+03,   4.28434471308270E+03
  1.89358333300000E+03,   1.66386719182892E-01,   1.21153950000000E-01,   6.21859973342432E+00,   2.93500000000000E+01,   1.17480784632482E+03,   4.13027997821101E+03
  1.89366666700000E+03,   1.10684217548713E-02,  -5.57692250000000E-02,  -6.86128774546086E+00,   2.95300000000000E+01,   7.67984226451494E+02,   1.54157517938507E+03
  1.89375000000000E+03,  -5.96915747269978E-02,  -1.46153800000000E-01,  -6.86133416597202E+00,   2.97100000000000E+01,   1.07933878569624E+03,   2.88005459583856E+03
  1.89383333300000E+03,  -5.13989240809559E-02,  -2.40384500000000E-01,  -6.86138048121913E+00,   2.98900000000000E+01,   7.95291208536900E+02,   2.92125983683416E+03
  1.89391666700000E+03,  -4.91700733081092E-02,  -4.51923000000000E-01,  -6.86142669120148E+00,   3.00700000000000E+01,   8.89718755505147E+02,   3.41877480566206E+03
  1.89400000000000E+03,  -5.25789004701194E-02,  -6.75000000000000E-01,  -6.86147279591833E+00,   3.02500000000000E+01,   1.23261460009304E+03,   3.00065339872921E+03
  1.89408333300000E+03,  -5.81162503010177E-02,  -7.28846000000000E-01,  -6.86151879536896E+00,   3.04300000000000E+01,   1.21390766911852E+03,   3.13230326656899E+03
  1.89416666700000E+03,  -6.30672141478635E-02,  -5.92307500000000E-01,  -6.86156468955266E+00,   3.06100000000000E+01,   1.83291415486065E+03,   3.56831423033357E+03
  1.89425000000000E+03,  -6.78071997828108E-02,  -4.19230750000000E-01,  -6.86161047846870E+00,   3.07900000000000E+01,   1.86192944636227E+03,   2.98134848176744E+03
  1.89433333300000E+03,  -7.43329905903786E-02,  -4.51923000000000E-01,  -6.86165616211638E+00,   3.09700000000000E+01,   1.85235504793028E+03,   3.28872329622991E+03
  1.89441666700000E+03,  -8.27906082913784E-02,  -5.21153750000000E-01,  -6.86170174049498E+00,   3.11500000000000E+01,   1.69247244404135E+03,   4.05660250224276E+03
  1.89450000000000E+03,  -8.98674838953161E-02,  -3.19230800000000E-01,  -6.86174721360378E+00,   3.13300000000000E+01,   1.61837983047317E+03,   4.51378983455948E+03
  1.89458333300000E+03,   4.90139950743616E-02,   5.76914999999999E-03,  -6.86179258144209E+00,   3.15100000000000E+01,   1.33607891549447E+03,   4.28894156716668E+03
  1.89466666700000E+03,   3.36287174764887E-01,   2.36538450000000E-01,  -9.25120595320000E+00,   3.16900000000000E+01,   1.27656228316771E+03,   4.09701945614377E+03
  1.89475000000000E+03,   4.88208495229016E-01,   3.92307750000000E-01,  -9.24997332057873E+00,   3.18700000000000E+01,   1.21587405161300E+03,   3.45130784369479E+03
  1.89483333300000E+03,   4.95604808626535E-01,   4.76923000000000E-01,  -9.24874076184419E+00,   3.20500000000000E+01,   9.24036628063407E+02,   2.79646078674409E+03
  1.89491666700000E+03,   4.92295012744001E-01,   5.34615250000000E-01,  -9.24750827706321E+00,   3.22300000000000E+01,   1.00482906591113E+03,   2.62337709317904E+03
  1.89500000000000E+03,   4.78589412327611E-01,   6.59615250000000E-01,  -9.24627586630256E+00,   3.24100000000000E+01,   4.65427512335224E+02,   1.24358367616024E+03
  1.89508333300000E+03,   4.57956176343010E-01,   7.78846000000000E-01,  -9.24504352962902E+00,   3.25900000000000E+01,   1.09386625309510E+03,   4.42012908342523E+03
  1.89516666700000E+03,   4.33145650461450E-01,   7.96153750000000E-01,  -9.24381126710938E+00,   3.27700000000000E+01,   1.10712674839525E+03,   5.03831959178180E+03
  1.89525000000000E+03,   4.03894608209132E-01,   7.05769250000000E-01,  -9.24257907881045E+00,   3.29500000000000E+01,   1.06312859853372E+03,   5.96785383661168E+03
  1.89533333300000E+03,   3.68394231750859E-01,   6.38461750000000E-01,  -9.24134696479896E+00,   3.31300000000000E+01,   9.45469549921912E+02,   5.74988540171015E+03
  1.89541666700000E+03,   3.26760019748852E-01,   7.23077000000000E-01,  -9.24011492514171E+00,   3.33100000000000E+01,   7.93530132323946E+02,   6.07498953479915E+03
  1.89550000000000E+03,   2.82636151617511E-01,   7.82692000000000E-01,  -9.23888295990544E+00,   3.34900000000000E+01,   2.35220127103920E+02,   3.59035819586692E+03
  1.89558333300000E+03,   1.53228480067080E-01,   5.67307350000000E-01,  -9.23765106915688E+00,   3.36700000000000E+01,   3.02493959888554E+02,   3.10712856005202E+03
  1.89566666700000E+03,  -5.05746577265901E-02,   1.99999900000000E-01,  -1.07288324566846E+01,   3.38500000000000E+01,   5.51736205335520E+02,   2.37591308430242E+03
  1.89575000000000E+03,  -1.46536343084705E-01,  -3.84615000000000E-02,  -1.07298193147726E+01,   3.40300000000000E+01,   6.80235077168292E+02,   2.57554754686132E+03
  1.89583333300000E+03,  -1.47436073157697E-01,  -1.17307650000000E-01,  -1.07308060917587E+01,   3.42100000000000E+01,   8.94736504760809E+02,   2.78766397625115E+03
  1.89591666700000E+03,  -1.52823415569094E-01,  -1.59615450000000E-01,  -1.07317927875879E+01,   3.43900000000000E+01,   8.64202766226244E+02,   2.05891213479585E+03
  1.89600000000000E+03,  -1.62016903541949E-01,  -2.38461600000000E-01,  -1.07327794022050E+01,   3.45700000000000E+01,   8.36233574094623E+02,   1.96250023914678E+03
  1.89608333300000E+03,  -1.71272841066146E-01,  -2.94230750000000E-01,  -1.07337659355548E+01,   3.47500000000000E+01,   7.33348977561039E+02,   3.19306303126658E+03
  1.89616666700000E+03,  -1.77665775044436E-01,  -2.57692500000000E-01,  -1.07347523875823E+01,   3.49300000000000E+01,   6.45723993776285E+02,   2.90952833200512E+03
  1.89625000000000E+03,  -1.81387418982934E-01,  -2.01923250000000E-01,  -1.07357387582324E+01,   3.51100000000000E+01,   8.51063376293622E+02,   2.98254374890656E+03
  1.89633333300000E+03,  -1.84280193184845E-01,  -2.71153750000000E-01,  -1.07367250474499E+01,   3.52900000000000E+01,   8.81496534548223E+02,   3.54145796038657E+03
  1.89641666700000E+03,  -1.86367168126573E-01,  -3.80769250000000E-01,  -1.07377112551798E+01,   3.54700000000000E+01,   1.08661349345531E+03,   5.99450243863475E+03
  1.89650000000000E+03,  -1.84245892634552E-01,  -4.26923250000000E-01,  -1.07386973813668E+01,   3.56500000000000E+01,   1.12815734636532E+03,   5.86153676947502E+03
  1.89658333300000E+03,  -1.95020827814866E-01,  -4.86538500000000E-01,  -1.07396834259561E+01,   3.58300000000000E+01,   1.13228544011373E+03,   6.34108529903586E+03
  1.89666666700000E+03,  -2.24002604622507E-01,  -5.48076750000000E-01,  -5.15149364407445E+00,   3.60100000000000E+01,   6.68057950716722E+02,   5.60266043501014E+03
  1.89675000000000E+03,  -2.38528104862105E-01,  -5.42307500000000E-01,  -5.15230312840309E+00,   3.61900000000000E+01,   7.43662943152018E+02,   5.20121619009140E+03
  1.89683333300000E+03,  -2.38558870590845E-01,  -3.96153750000000E-01,  -5.15311259745325E+00,   3.63700000000000E+01,   7.17602814428753E+02,   3.24091215578674E+03
  1.89691666700000E+03,  -2.43408234529169E-01,  -1.96153750000000E-01,  -5.15392205119675E+00,   3.65500000000000E+01,   7.01244308807544E+02,   2.18979577046449E+03
  1.89700000000000E+03,  -2.52631697130251E-01,  -9.03845500000000E-02,  -5.15473148960540E+00,   3.67300000000000E+01,   6.55059845252457E+02,   2.72093426460675E+03
  1.89708333300000E+03,  -2.62712523613227E-01,  -6.73076000000000E-02,  -5.15554091265102E+00,   3.69100000000000E+01,   7.48892011707678E+02,   2.88739524975978E+03
  1.89716666700000E+03,  -2.70938785776864E-01,  -4.99998500000000E-02,  -5.15635032030542E+00,   3.70900000000000E+01,   6.66285336086724E+02,   3.65220325747330E+03
  1.89725000000000E+03,  -2.77699115291545E-01,  -3.07691000000000E-02,  -5.15715971254042E+00,   3.72700000000000E+01,   4.13015502040100E+02,   3.26691639574775E+03
  1.89733333300000E+03,  -2.85013371973449E-01,  -9.80768000000000E-02,  -5.15796908932785E+00,   3.74500000000000E+01,   3.12832863886387E+02,   3.49814217661635E+03
  1.89741666700000E+03,  -2.93060047894965E-01,  -1.82692250000000E-01,  -5.15877845063952E+00,   3.76300000000000E+01,   3.04969942257408E+02,   2.45216607644311E+03
  1.89750000000000E+03,  -2.98567916907223E-01,  -2.40384500000000E-01,  -5.15958779644727E+00,   3.78100000000000E+01,   2.22133400272578E+02,   2.30395035464023E+03
  1.89758333300000E+03,  -2.56566576938999E-01,  -3.01922750000000E-01,  -5.16039712672290E+00,   3.79900000000000E+01,   3.86791206364607E+02,   1.84156475806488E+03
  1.89766666700000E+03,  -1.65471571536192E-01,  -3.15384250000000E-01,  -5.62447311058107E-01,   3.81700000000000E+01,   5.41298761952342E+02,   2.10597237387104E+03
  1.89775000000000E+03,  -1.09936794637704E-01,  -2.40384422500000E-01,  -5.62334403198773E-01,   3.83500000000000E+01,   6.84211319416866E+02,   1.55371150179661E+03
  1.89783333300000E+03,  -9.66909462977143E-02,  -5.19230950000000E-02,  -5.62221667380302E-01,   3.85300000000000E+01,   7.10697920319700E+02,   1.83139860482882E+03
  1.89791666700000E+03,  -8.97552534605486E-02,   7.88460275000000E-02,  -5.62109103602456E-01,   3.87100000000000E+01,   7.52799876528420E+02,   3.56831367858658E+03
  1.89800000000000E+03,  -8.87159610375033E-02,   2.69229000000000E-02,  -5.61996711864988E-01,   3.88900000000000E+01,   6.76695786705776E+02,   4.04754826343060E+03
  1.89808333300000E+03,  -9.00739998417024E-02,  -3.26925000000000E-02,  -5.61884492167647E-01,   3.90700000000000E+01,   9.51686979994789E+02,   3.95788649029206E+03
  1.89816666700000E+03,  -9.11222085215758E-02,   4.80768500000000E-02,  -5.61772444510173E-01,   3.92500000000000E+01,   7.48060741002561E+02,   4.01672303063807E+03
  1.89825000000000E+03,  -9.22413636850676E-02,   1.05769250000000E-01,  -5.61660568892305E-01,   3.94300000000000E+01,   8.78657994843490E+02,   3.87740604303994E+03
  1.89833333300000E+03,  -9.54312169862285E-02,   5.76915000000000E-03,  -5.61548865313769E-01,   3.96100000000000E+01,   1.05956178917146E+03,   3.31130862539685E+03
  1.89841666700000E+03,  -1.00838355422359E-01,  -5.76925000000000E-02,  -5.61437333774289E-01,   3.97900000000000E+01,   1.08420222512780E+03,   2.57947516188358E+03
  1.89850000000000E+03,  -1.05148388518524E-01,   4.80768500000000E-02,  -5.61325974273584E-01,   3.99700000000000E+01,   7.33455309372745E+02,   3.02208264994186E+03
  1.89858333300000E+03,   7.27838641985057E-04,   2.55769300000000E-01,  -5.61214786811362E-01,   4.01500000000000E+01,   7.34616708675458E+02,   3.81760704716218E+03
  1.89866666700000E+03,   2.16987477967013E-01,   4.32692250000000E-01,  -1.16615744971449E+01,   4.03300000000000E+01,   5.93056576420995E+02,   3.56234337719511E+03
  1.89875000000000E+03,   3.29250451317849E-01,   5.57692000000000E-01,  -1.16624545321792E+01,   4.05100000000000E+01,   3.48162358087796E+02,   2.47367767819031E+03
  1.89883333300000E+03,   3.31892813929859E-01,   6.44230500000000E-01,  -1.16633344346663E+01,   4.06900000000000E+01,   1.92142495618382E+02,   2.77211733888995E+03
  1.89891666700000E+03,   3.26307994240008E-01,   5.50000000000000E-01,  -1.16642142045584E+01,   4.08700000000000E+01,   3.71369980930799E+02,   1.78062741807017E+03
  1.89900000000000E+03,   3.13047244592482E-01,   3.88461500000000E-01,  -1.16650938418075E+01,   4.10500000000000E+01,   3.60556629840803E+02,   1.41629501402976E+03
  1.89908333300000E+03,   2.95759663634954E-01,   3.57692000000000E-01,  -1.16659733463658E+01,   4.12300000000000E+01,   3.55760033172905E+02,   1.74656254129293E+03
  1.89916666700000E+03,   2.77313589247721E-01,   3.90384250000000E-01,  -1.16668527181853E+01,   4.14100000000000E+01,   6.39875603209791E+02,   2.53648347434029E+03
  1.89925000000000E+03,   2.57499094863648E-01,   4.01923000000000E-01,  -1.16677319572182E+01,   4.15900000000000E+01,   8.11925516107731E+02,   2.35173022705317E+03
  1.89933333300000E+03,   2.34495403829796E-01,   4.01923250000000E-01,  -1.16686110634167E+01,   4.17700000000000E+01,   1.28897100361363E+03,   3.69744963141219E+03
  1.89941666700000E+03,   2.08341418872564E-01,   4.19230750000000E-01,  -1.16694900367328E+01,   4.19500000000000E+01,   1.36725892835900E+03,   3.55503076514166E+03
  1.89950000000000E+03,   1.82541877543939E-01,   4.42307500000000E-01,  -1.16703688771187E+01,   4.21300000000000E+01,   1.55443942962397E+03,   4.95646877673657E+03
  1.89958333300000E+03,   1.59262668596045E-01,   4.98076750000000E-01,  -1.16712475845266E+01,   4.23100000000000E+01,   1.38047340029815E+03,   4.06276234479963E+03
  1.89966666700000E+03,   1.51337824735174E-01,   4.96153750000000E-01,  -9.52755476870639E+00,   4.24900000000000E+01,   1.19242414933709E+03,   4.60436917609614E+03
  1.89975000000000E+03,   1.71783772765596E-01,   3.75000000000000E-01,  -9.52831559772032E+00,   4.26700000000000E+01,   6.85389488063671E+02,   3.69972923087238E+03
  1.89983333300000E+03,   2.03666741508728E-01,   2.67307500000000E-01,  -9.52907631529498E+00,   4.28500000000000E+01,   8.25615810574678E+02,   4.03663806885008E+03
  1.89991666700000E+03,   2.29194759085142E-01,   2.67307500000000E-01,  -9.52983692139799E+00,   4.30300000000000E+01,   6.41996030336991E+02,   2.46275288758820E+03
  1.90000000000000E+03,   2.48641776152859E-01,   3.75000000000000E-01,  -9.53059741599693E+00,   4.32100000000000E+01,   7.84640330324706E+02,   3.23845918162505E+03
  1.90008333300000E+03,   2.65367693355840E-01,   3.84615250000000E-01,  -9.53135779905938E+00,   4.33900000000000E+01,   9.11286326953297E+02,   2.36390514715177E+03
  1.90016666700000E+03,   2.81942060859095E-01,   2.57692000000000E-01,  -9.53211807055301E+00,   4.35700000000000E+01,   8.87307276006788E+02,   2.53286530461037E+03
  1.90025000000000E+03,   2.97848963803620E-01,   1.48076625000000E-01,  -9.53287823044539E+00,   4.37500000000000E+01,   6.59734116931056E+02,   2.43549725859857E+03
  1.90033333300000E+03,   3.10956888974808E-01,   7.69225000000000E-03,  -9.53363827870416E+00,   4.39300000000000E+01,   6.96411379639711E+02,   4.62369070561060E+03
  1.90041666700000E+03,   3.20991749062735E-01,  -1.13461375000000E-01,  -9.53439821529694E+00,   4.41100000000000E+01,   4.36496598228393E+02,   4.58332802210343E+03
  1.90050000000000E+03,   3.31145555036170E-01,  -6.92307500000000E-02,  -9.53515804019136E+00,   4.42900000000000E+01,   4.65004458794394E+02,   6.06581996478520E+03
  1.90058333300000E+03,   1.79717774666652E-01,   4.61536725000000E-02,  -9.53591775335506E+00,   4.44700000000000E+01,   2.38684702592378E+02,   5.46604118036763E+03
  1.90066666700000E+03,  -1.37006214187766E-01,  -2.50001550000000E-02,  -8.68484905415100E+00,   4.46500000000000E+01,   2.74919901550579E+02,   5.68936663538232E+03
  1.90075000000000E+03,  -2.94920578849176E-01,  -1.55769352500000E-01,  -8.68520954132682E+00,   4.48300000000000E+01,   2.25520377487876E+02,   3.69071756151568E+03
  1.90083333300000E+03,  -2.93852907588637E-01,  -1.42307800000000E-01,  -8.68556989765878E+00,   4.50100000000000E+01,   2.72670437975804E+02,   3.07691816881557E+03
  1.90091666700000E+03,  -2.98326424146715E-01,  -1.65384775000000E-01,  -8.68593012313596E+00,   4.51900000000000E+01,   1.06949161295540E+02,   1.86617963394918E+03
  1.90100000000000E+03,  -3.07888794560755E-01,  -2.94231000000000E-01,  -8.68629021774748E+00,   4.53700000000000E+01,   1.91481402857363E+02,   2.72940063312456E+03
  1.90108333300000E+03,  -3.19006282026035E-01,  -4.21154000000000E-01,  -8.68665018148245E+00,   4.55500000000000E+01,   3.61672234060563E+02,   2.63448987428669E+03
  1.90116666700000E+03,  -3.28941164157350E-01,  -4.80769250000000E-01,  -8.68701001432995E+00,   4.57300000000000E+01,   4.82082184074877E+02,   2.74484642349831E+03
  1.90125000000000E+03,  -3.38047930940628E-01,  -4.42307750000000E-01,  -8.68736971627914E+00,   4.59100000000000E+01,   4.51064931145613E+02,   3.03714945389191E+03
  1.90133333300000E+03,  -3.48304460357250E-01,  -3.15384750000000E-01,  -8.68772928731910E+00,   4.60900000000000E+01,   4.87450475978799E+02,   3.67670267784339E+03
  1.90141666700000E+03,  -3.59839988564242E-01,  -1.65384625000000E-01,  -8.68808872743897E+00,   4.62700000000000E+01,   6.69105051131925E+02,   3.67599831247039E+03
  1.90150000000000E+03,  -3.69327376932411E-01,  -1.34615000000000E-02,  -8.68844803662788E+00,   4.64500000000000E+01,   5.18494446901249E+02,   3.74506534282535E+03
  1.90158333300000E+03,  -1.86269504329297E-01,   5.38461250000000E-02,  -8.68880721487496E+00,   4.66300000000000E+01,   4.05081703384512E+02,   4.10148169286149E+03
  1.90166666700000E+03,   1.91221121564121E-01,  -5.76925000000000E-03,  -1.13034672713058E+01,   4.68100000000000E+01,   4.09103220695583E+02,   3.78461886367847E+03
  1.90175000000000E+03,   3.87929701689672E-01,  -1.73077000000000E-02,  -1.13036943437555E+01,   4.69900000000000E+01,   4.37091400953732E+02,   3.00679384455860E+03
  1.90183333300000E+03,   3.97073475353257E-01,   6.73076000000000E-02,  -1.13039212314840E+01,   4.71700000000000E+01,   2.33803484989348E+02,   2.50563800376370E+03
  1.90191666700000E+03,   3.99950736489745E-01,   2.40384550000000E-01,  -1.13041479344823E+01,   4.73500000000000E+01,   2.05759494576126E+02,   1.73550762142781E+03
  1.90200000000000E+03,   3.96987846674260E-01,   4.92307750000000E-01,  -1.13043744527413E+01,   4.75300000000000E+01,   3.03397648922098E+02,   9.79329448789544E+02
  1.90208333300000E+03,   3.91694383547511E-01,   7.38461500000000E-01,  -1.13046007862521E+01,   4.77100000000000E+01,   3.30966941635060E+02,   1.00758833990181E+03
  1.90216666700000E+03,   3.86785859225870E-01,   9.28846250000000E-01,  -1.13048269350055E+01,   4.78900000000000E+01,   3.15522748548188E+02,   7.39942991245096E+02
  1.90225000000000E+03,   3.81887648646688E-01,   1.05577075000000E+00,  -1.13050528989927E+01,   4.80700000000000E+01,   5.77284445438010E+02,   1.28453437362949E+03
  1.90233333300000E+03,   3.75003930320425E-01,   1.08846400000000E+00,  -1.13052786782045E+01,   4.82500000000000E+01,   6.83235804435780E+02,   1.27038793118512E+03
  1.90241666700000E+03,   3.65989821384186E-01,   1.01153950000000E+00,  -1.13055042726321E+01,   4.84300000000000E+01,   6.33835585838766E+02,   1.59703186477635E+03
  1.90250000000000E+03,   3.58159204240648E-01,   9.13461500000000E-01,  -1.13057296822663E+01,   4.86100000000000E+01,   7.60379474004189E+02,   1.41902140534315E+03
  1.90258333300000E+03,   3.41623114568646E-01,   7.09615500000000E-01,  -1.13059549070983E+01,   4.87900000000000E+01,   8.45445004581672E+02,   1.41774062064411E+03
  1.90266666700000E+03,   3.17900547728867E-01,   4.38461500000000E-01,  -3.65111470759668E+00,   4.89700000000000E+01,   6.86823065232643E+02,   2.29572297302422E+03
  1.90275000000000E+03,   3.12206440347435E-01,   2.86538250000000E-01,  -3.65051806746917E+00,   4.91500000000000E+01,   5.65228783811553E+02,   2.55968046573282E+03
  1.90283333300000E+03,   3.18213380337818E-01,   2.69230750000000E-01,  -3.64992162468342E+00,   4.93300000000000E+01,   5.13960809375864E+02,   2.27271528912173E+03
  1.90291666700000E+03,   3.17273511722265E-01,   3.11538500000000E-01,  -3.64932537926184E+00,   4.95100000000000E+01,   4.03816514175147E+02,   2.73699351612509E+03
  1.90300000000000E+03,   3.09848026849905E-01,   1.94230625000000E-01,  -3.64872933122685E+00,   4.96900000000000E+01,   2.90196966979402E+02,   3.20149722007001E+03
  1.90308333300000E+03,   2.99484235535181E-01,  -1.92310000000000E-02,  -3.64813348060083E+00,   4.98700000000000E+01,   1.24799725758348E+02,   1.43261332515164E+03
  1.90316666700000E+03,   2.88938102879072E-01,  -1.44231125000000E-01,  -3.64753782740617E+00,   5.00500000000000E+01,   1.27457868364989E+02,   1.10103740673300E+03
  1.90325000000000E+03,   2.77877986726006E-01,  -2.19231000000000E-01,  -3.64694237166523E+00,   5.02300000000000E+01,   2.87317824744084E+02,   1.04909801461657E+03
  1.90333333300000E+03,   2.64353378310664E-01,  -2.65384500000000E-01,  -3.64634711340037E+00,   5.04100000000000E+01,   3.19901402622531E+02,   7.26460404442204E+02
  1.90341666700000E+03,   2.48266828365932E-01,  -3.13461500000000E-01,  -3.64575205263397E+00,   5.05900000000000E+01,   5.52157150467206E+02,   3.38378560169740E+02
  1.90350000000000E+03,   2.32981557122970E-01,  -3.84615500000000E-01,  -3.64515718938836E+00,   5.07700000000000E+01,   5.64625133179681E+02,   7.91764142222027E+02
  1.90358333300000E+03,   1.01003560192548E-01,  -4.15384500000000E-01,  -3.64456252368586E+00,   5.09500000000000E+01,   5.57490370142227E+02,   8.00627896890580E+02
  1.90366666700000E+03,  -1.34742863618693E-01,  -3.94230500000000E-01,  -4.81494689532229E+00,   5.11300000000000E+01,   6.36190072440490E+02,   1.30280827092668E+03
  1.90375000000000E+03,  -2.21878949476524E-01,  -4.07692250000000E-01,  -4.81574351271700E+00,   5.13100000000000E+01,   5.77291448846017E+02,   1.81008543587513E+03
  1.90383333300000E+03,  -1.77207055247470E-01,  -4.15384750000000E-01,  -4.81654023530926E+00,   5.14900000000000E+01,   3.31460189773247E+02,   1.82658010541094E+03
  1.90391666700000E+03,  -1.38086539060625E-01,  -3.98077000000000E-01,  -4.81733706305914E+00,   5.16700000000000E+01,   3.78346501641662E+02,   2.08212526860090E+03
  1.90400000000000E+03,  -1.04275459232741E-01,  -4.07692250000000E-01,  -4.81813399592677E+00,   5.18500000000000E+01,   3.86722781535005E+02,   2.16998841129665E+03
  1.90408333300000E+03,  -7.24508244983740E-02,  -3.90384500000000E-01,  -4.81893103387226E+00,   5.20300000000000E+01,   2.36960522935225E+02,   1.65682282439475E+03
  1.90416666700000E+03,  -4.00846925650630E-02,  -3.86538500000000E-01,  -4.81972817685569E+00,   5.22100000000000E+01,   3.65872769459110E+02,   1.81424187461431E+03
  1.90425000000000E+03,  -7.73905321091323E-03,  -4.30769500000000E-01,  -4.82052542483718E+00,   5.23900000000000E+01,   3.63723323730408E+02,   2.06718984430002E+03
  1.90433333300000E+03,   2.24042988565684E-02,  -4.21154000000000E-01,  -4.82132277777680E+00,   5.25700000000000E+01,   3.48729487883887E+02,   2.02850293922727E+03
  1.90441666700000E+03,   5.00170741211236E-02,  -3.46153750000000E-01,  -4.82212023563463E+00,   5.27500000000000E+01,   4.03730697520683E+02,   2.20502001552565E+03
  1.90450000000000E+03,   7.82334710349238E-02,  -2.94230750000000E-01,  -4.82291779837078E+00,   5.29300000000000E+01,   3.04071542868583E+02,   2.38581464899403E+03
  1.90458333300000E+03,   8.44294397288103E-02,  -2.92307750000000E-01,  -4.82371546594534E+00,   5.31100000000000E+01,   1.63041591332824E+02,   1.59379893867569E+03
  1.90466666700000E+03,   5.58705344371462E-02,  -2.71153750000000E-01,  -4.85685220370291E+00,   5.32900000000000E+01,   2.60813740079291E+02,   1.44299436697625E+03
  1.90475000000000E+03,   2.94347816662328E-02,  -1.46153700000000E-01,  -4.85765428244954E+00,   5.34700000000000E+01,   2.42751528920804E+02,   1.60779047217220E+03
  1.90483333300000E+03,   1.43624084617737E-02,   3.07693500000000E-02,  -4.85845646429754E+00,   5.36500000000000E+01,   3.41398622958281E+02,   2.56961048900373E+03
  1.90491666700000E+03,  -5.65522155057526E-03,   1.17307825000000E-01,  -4.85925874920680E+00,   5.38300000000000E+01,   3.68400838419807E+02,   3.25428867451914E+03
  1.90500000000000E+03,  -3.00803877773410E-02,   5.96154500000000E-02,  -4.86006113713725E+00,   5.40100000000000E+01,   4.08769510475837E+02,   3.32383305237878E+03
  1.90508333300000E+03,  -5.53036108105704E-02,  -1.05769175000000E-01,  -4.86086362804880E+00,   5.41900000000000E+01,   3.85702542393049E+02,   3.15999639080923E+03
  1.90516666700000E+03,  -7.85215430617285E-02,  -2.11538350000000E-01,  -4.86166622190137E+00,   5.43700000000000E+01,   4.47495970386791E+02,   2.39867118127823E+03
  1.90525000000000E+03,  -1.00033558933496E-01,  -1.71153750000000E-01,  -4.86246891865486E+00,   5.45500000000000E+01,   5.41028126121871E+02,   1.67000112434404E+03
  1.90533333300000E+03,  -1.21773237735393E-01,  -1.44230750000000E-01,  -4.86327171826918E+00,   5.47300000000000E+01,   5.28012433657167E+02,   1.40412340947457E+03
  1.90541666700000E+03,  -1.43836556039003E-01,  -2.25000000000000E-01,  -4.86407462070422E+00,   5.49100000000000E+01,   7.17396681509272E+02,   1.99680330207080E+03
  1.90550000000000E+03,  -1.62874289272498E-01,  -3.75000000000000E-01,  -4.86487762591989E+00,   5.50900000000000E+01,   6.79138184168399E+02,   1.99780796717857E+03
  1.90558333300000E+03,  -1.81984857476918E-01,  -4.53846250000000E-01,  -4.86568073387608E+00,   5.52700000000000E+01,   6.70194289088726E+02,   1.91810959059412E+03
  1.90566666700000E+03,  -1.98180018890969E-01,  -4.26923250000000E-01,  -1.58678395110247E+01,   5.54500000000000E+01,   4.18386975776730E+02,   1.78621822492243E+03
  1.90575000000000E+03,  -1.98572901393722E-01,  -4.00000250000000E-01,  -1.58675482876903E+01,   5.56300000000000E+01,   5.85599856073793E+02,   1.23776947271631E+03
  1.90583333300000E+03,  -1.91466019782089E-01,  -3.11538750000000E-01,  -1.58672567716309E+01,   5.58100000000000E+01,   3.59532469539414E+02,   7.53924102496123E+02
  1.90591666700000E+03,  -1.90483571061064E-01,  -2.42308000000000E-01,  -1.58669649628625E+01,   5.59900000000000E+01,   3.78649880604702E+02,   8.97505554000474E+02
  1.90600000000000E+03,  -1.95209487052517E-01,  -2.78846500000000E-01,  -1.58666728614013E+01,   5.61700000000000E+01,   3.32190925789950E+02,   9.73555656640977E+02
  1.90608333300000E+03,  -2.02142652242247E-01,  -2.73077250000000E-01,  -1.58663804672631E+01,   5.63500000000000E+01,   4.13552850974468E+02,   7.55680039532739E+02
  1.90616666700000E+03,  -2.08574115755416E-01,  -2.59615500000000E-01,  -1.58660877804641E+01,   5.65300000000000E+01,   3.03057055813912E+02,   8.73935889104288E+02
  1.90625000000000E+03,  -2.14883110253315E-01,  -3.19230750000000E-01,  -1.58657948010204E+01,   5.67100000000000E+01,   3.80952928273473E+02,   1.67399231960040E+03
  1.90633333300000E+03,  -2.23068074679370E-01,  -4.11538500000000E-01,  -1.58655015289480E+01,   5.68900000000000E+01,   3.22789922760916E+02,   1.57992813885813E+03
  1.90641666700000E+03,  -2.33274501189643E-01,  -4.94230750000000E-01,  -1.58652079642631E+01,   5.70700000000000E+01,   4.25984913022409E+02,   2.07095199211345E+03
  1.90650000000000E+03,  -2.42187108121910E-01,  -5.44230750000000E-01,  -1.58649141069818E+01,   5.72500000000000E+01,   4.77257196407847E+02,   2.81847775863509E+03
  1.90658333300000E+03,  -2.73269214667455E-01,  -5.84615250000000E-01,  -1.58646199571203E+01,   5.74300000000000E+01,   5.25075951095391E+02,   2.73736606778661E+03
  1.90666666700000E+03,  -3.28179418469588E-01,  -6.73076750000000E-01,  -8.80150598171062E+00,   5.76100000000000E+01,   5.46341035678214E+02,   2.35324643738396E+03
  1.90675000000000E+03,  -3.56592118690854E-01,  -6.75000000000000E-01,  -8.80254283629073E+00,   5.77900000000000E+01,   5.74495057990111E+02,   2.85345609830387E+03
  1.90683333300000E+03,  -3.59380487950679E-01,  -5.78846000000000E-01,  -8.80357972043094E+00,   5.79700000000000E+01,   6.76693303690711E+02,   2.97538365799717E+03
  1.90691666700000E+03,  -3.64455264083959E-01,  -5.99999750000000E-01,  -8.80461663407004E+00,   5.81500000000000E+01,   5.79448503622145E+02,   2.23249075917178E+03
  1.90700000000000E+03,  -3.71385682827828E-01,  -5.73076750000000E-01,  -8.80565357714677E+00,   5.83300000000000E+01,   4.64649238443654E+02,   2.28725496770889E+03
  1.90708333300000E+03,  -3.76697780011460E-01,  -4.59615250000000E-01,  -8.80669054959991E+00,   5.85100000000000E+01,   4.45467575288867E+02,   1.71783662377177E+03
  1.90716666700000E+03,  -3.77751101894585E-01,  -4.38461500000000E-01,  -8.80772755136825E+00,   5.86900000000000E+01,   6.03297548141133E+02,   1.20595487430657E+03
  1.90725000000000E+03,  -3.75033753018981E-01,  -4.34615250000000E-01,  -8.80876458239056E+00,   5.88700000000000E+01,   3.64550839066424E+02,   8.04074765323708E+02
  1.90733333300000E+03,  -3.70691990527238E-01,  -4.34615250000000E-01,  -8.80980164260562E+00,   5.90500000000000E+01,   4.79449424675410E+02,   1.01904083333625E+03
  1.90741666700000E+03,  -3.65056203451364E-01,  -4.48077000000000E-01,  -8.81083873195219E+00,   5.92300000000000E+01,   5.05667550613685E+02,   1.19415433364497E+03
  1.90750000000000E+03,  -3.55030801439016E-01,  -4.57692500000000E-01,  -8.81187585036905E+00,   5.94100000000000E+01,   4.32067231801583E+02,   1.36153350073067E+03
  1.90758333300000E+03,  -3.89751298911869E-01,  -5.05769500000000E-01,  -8.81291299779499E+00,   5.95900000000000E+01,   3.28703180500958E+02,   1.31563042902874E+03
  1.90766666700000E+03,  -4.73170359342292E-01,  -4.71154000000000E-01,  -3.27748906491755E+00,   5.97700000000000E+01,   3.37182026264211E+02,   1.10642861691304E+03
  1.90775000000000E+03,  -5.07863940906206E-01,  -3.05769250000000E-01,  -3.27703802358848E+00,   5.99500000000000E+01,   1.92769838953670E+02,   1.47661488270899E+03
  1.90783333300000E+03,  -4.95791228878097E-01,  -2.76923250000000E-01,  -3.27658719307559E+00,   6.01300000000000E+01,   1.92301397428208E+02,   1.36404883396737E+03
  1.90791666700000E+03,  -4.89800731082204E-01,  -3.96154000000000E-01,  -3.27613657339425E+00,   6.03100000000000E+01,   2.04293230964697E+02,   2.65950694887713E+03
  1.90800000000000E+03,  -4.89465014786682E-01,  -4.67307500000000E-01,  -3.27568616455981E+00,   6.04900000000000E+01,   1.66619309373165E+02,   2.85082971187120E+03
  1.90808333300000E+03,  -4.91267466779302E-01,  -5.38461250000000E-01,  -3.27523596658761E+00,   6.06700000000000E+01,   2.76721717506053E+02,   3.90187037153225E+03
  1.90816666700000E+03,  -4.92479685357670E-01,  -5.90384500000000E-01,  -3.27478597949298E+00,   6.08500000000000E+01,   2.79575857431826E+02,   3.74147186127112E+03
  1.90825000000000E+03,  -4.93457744600630E-01,  -5.73076750000000E-01,  -3.27433620329124E+00,   6.10300000000000E+01,   3.95913666068891E+02,   5.28835514986960E+03
  1.90833333300000E+03,  -4.96173524590667E-01,  -5.59615000000000E-01,  -3.27388663799771E+00,   6.12100000000000E+01,   4.34682448401733E+02,   4.28241162502661E+03
  1.90841666700000E+03,  -5.00742925284662E-01,  -5.76922750000000E-01,  -3.27343728362769E+00,   6.13900000000000E+01,   4.51372361059499E+02,   4.63126155546003E+03
  1.90850000000000E+03,  -5.03818460953213E-01,  -5.88461500000000E-01,  -3.27298814019645E+00,   6.15700000000000E+01,   4.12067553588422E+02,   3.92162124191150E+03
  1.90858333300000E+03,  -4.46077349301106E-01,  -4.90384750000000E-01,  -3.27253920771930E+00,   6.17500000000000E+01,   5.05849505921337E+02,   4.03534934481462E+03
  1.90866666700000E+03,  -3.29830610202565E-01,  -2.84615500000000E-01,  -9.03847748187230E+00,   6.19300000000000E+01,   5.17064113152400E+02,   2.27186033753324E+03
  1.90875000000000E+03,  -2.71088052931845E-01,  -1.19230800000000E-01,  -9.03734772729536E+00,   6.21100000000000E+01,   6.16193138874404E+02,   2.65560154396356E+03
  1.90883333300000E+03,  -2.70385604326527E-01,  -9.61535000000000E-03,  -9.03621794155621E+00,   6.22900000000000E+01,   6.87187358597736E+02,   2.18175394680244E+03
  1.90891666700000E+03,  -2.72421655383761E-01,   4.23077500000000E-02,  -9.03508812470485E+00,   6.24700000000000E+01,   6.09273009870632E+02,   1.79322987064067E+03
  1.90900000000000E+03,  -2.76846193921000E-01,  -5.96154000000000E-02,  -9.03395827679124E+00,   6.26500000000000E+01,   4.98638322571863E+02,   1.13001905582296E+03
  1.90908333300000E+03,  -2.80272679352049E-01,  -1.90384700000000E-01,  -9.03282839786536E+00,   6.28300000000000E+01,   3.62015347055055E+02,   1.16058013438778E+03
  1.90916666700000E+03,  -2.80152860809122E-01,  -2.34615500000000E-01,  -9.03169848797719E+00,   6.30100000000000E+01,   4.40827945434127E+02,   1.64960549878553E+03
  1.90925000000000E+03,  -2.77069743598639E-01,  -2.63461750000000E-01,  -9.03056854717673E+00,   6.31900000000000E+01,   4.41679274806590E+02,   1.94169093024796E+03
  1.90933333300000E+03,  -2.73264948234063E-01,  -2.11538625000000E-01,  -9.02943857551391E+00,   6.33700000000000E+01,   5.04171224844363E+02,   2.90340703515592E+03
  1.90941666700000E+03,  -2.69162340688297E-01,  -9.42308000000000E-02,  -9.02830857303875E+00,   6.35500000000000E+01,   6.37704169525160E+02,   3.59287487604260E+03
  1.90950000000000E+03,  -2.61755499736349E-01,  -8.84614750000000E-02,  -9.02717853980121E+00,   6.37300000000000E+01,   6.83481842661928E+02,   3.57832329363301E+03
  1.90958333300000E+03,  -2.50287570765450E-01,  -2.03846050000000E-01,  -9.02604847585130E+00,   6.39100000000000E+01,   4.68662723397219E+02,   2.62655294009992E+03
  1.90966666700000E+03,  -2.50148568784555E-01,  -3.28846250000000E-01,  -1.40505282684311E+01,   6.40900000000000E+01,   3.53844976915966E+02,   2.24572626077477E+03
  1.90975000000000E+03,  -2.74398884364815E-01,  -4.40384750000000E-01,  -1.40492177901072E+01,   6.42700000000000E+01,   3.99212997713161E+02,   1.28059091403480E+03
  1.90983333300000E+03,  -3.11720259510209E-01,  -5.90384500000000E-01,  -1.40479076286243E+01,   6.44500000000000E+01,   3.50747285110469E+02,   1.25882750520986E+03
  1.90991666700000E+03,  -3.52243837756965E-01,  -7.34615250000000E-01,  -1.40465977841018E+01,   6.46300000000000E+01,   3.49215168464731E+02,   1.65541728371615E+03
  1.91000000000000E+03,  -3.94916100258193E-01,  -7.05769250000000E-01,  -1.40452882566595E+01,   6.48100000000000E+01,   3.30141646266030E+02,   1.64438013537223E+03
  1.91008333300000E+03,  -4.35660893858542E-01,  -4.61538500000000E-01,  -1.40439790464170E+01,   6.49900000000000E+01,   3.09443100346683E+02,   2.96831576789166E+03
  1.91016666700000E+03,  -4.71266289082614E-01,  -2.42307750000000E-01,  -1.40426701534938E+01,   6.51700000000000E+01,   2.30794402951747E+02,   3.11692202925850E+03
  1.91025000000000E+03,  -5.01688863206021E-01,  -1.23077075000000E-01,  -1.40413615780093E+01,   6.53500000000000E+01,   1.64839659076696E+02,   3.78061128030559E+03
  1.91033333300000E+03,  -5.28591458685834E-01,  -1.34616250000000E-02,  -1.40400533200831E+01,   6.55300000000000E+01,   1.06394679242012E+02,   3.35585975474925E+03
  1.91041666700000E+03,  -5.51876123712863E-01,  -5.76922750000000E-02,  -1.40387453798346E+01,   6.57100000000000E+01,   3.88476390219945E+02,   3.33368240325944E+03
  1.91050000000000E+03,  -5.68079652356177E-01,  -1.90384475000000E-01,  -1.40374377573832E+01,   6.58900000000000E+01,   5.87439182222053E+02,   2.28717075853758E+03
  1.91058333300000E+03,  -4.25656387981890E-01,  -1.46153625000000E-01,  -1.40361304528483E+01,   6.60700000000000E+01,   6.81030597050360E+02,   2.71675356829469E+03
  1.91066666700000E+03,  -1.25509896034670E-01,   4.61540000000000E-02,  -1.81654950575612E+01,   6.62500000000000E+01,   6.93074888237903E+02,   1.44067146270196E+03
  1.91075000000000E+03,   3.10349444399685E-02,   1.19230850000000E-01,  -1.81651886623950E+01,   6.64300000000000E+01,   6.93036096850061E+02,   1.48332190889763E+03
  1.91083333300000E+03,   3.73221546021421E-02,   5.38462000000000E-02,  -1.81648819106077E+01,   6.66100000000000E+01,   4.23499785989884E+02,   1.65779559413395E+03
  1.91091666700000E+03,   3.70355196156379E-02,   1.15384725000000E-01,  -1.81645748022193E+01,   6.67900000000000E+01,   2.65197251239780E+02,   1.53544764526617E+03
  1.91100000000000E+03,   3.04938617468095E-02,   2.57692500000000E-01,  -1.81642673372498E+01,   6.69700000000000E+01,   1.49545696310035E+02,   1.22234436279214E+03
  1.91108333300000E+03,   2.11119853233540E-02,   2.92307750000000E-01,  -1.81639595157193E+01,   6.71500000000000E+01,   1.62420064426202E+02,   1.29696911895270E+03
  1.91116666700000E+03,   1.15251080433325E-02,   2.42307500000000E-01,  -1.81636513376478E+01,   6.73300000000000E+01,   2.29579222361092E+02,   1.60180290191928E+03
  1.91125000000000E+03,   1.29422161272971E-03,   1.71153600000000E-01,  -1.81633428030554E+01,   6.75100000000000E+01,   1.97032255148492E+02,   2.07867508134474E+03
  1.91133333300000E+03,  -1.16238393161138E-02,   5.57692000000000E-02,  -1.81630339119621E+01,   6.76900000000000E+01,   1.66443715276674E+02,   2.33450898121237E+03
  1.91141666700000E+03,  -2.74034621918635E-02,  -6.34614250000000E-02,  -1.81627246643881E+01,   6.78700000000000E+01,   1.77841929622239E+02,   2.23548506489387E+03
  1.91150000000000E+03,  -4.27419695050810E-02,  -2.88460500000000E-02,  -1.81624150603535E+01,   6.80500000000000E+01,   1.81193357528013E+02,   2.13149087610627E+03
  1.91158333300000E+03,  -7.62463362704278E-02,   8.65385750000000E-02,  -1.81621050998785E+01,   6.82300000000000E+01,   1.06480423957051E+02,   2.07728054501470E+03
  1.91166666700000E+03,  -1.18027905538521E-01,   8.84616000000000E-02,  -6.38871346240330E+00,   6.84100000000000E+01,   1.00517627989163E+02,   1.31216579331853E+03
  1.91175000000000E+03,  -1.16148369300182E-01,   7.69230000000000E-03,  -6.38790137307125E+00,   6.85900000000000E+01,   9.92171092294622E+01,   9.82007917559007E+02
  1.91183333300000E+03,  -8.34991105640116E-02,   1.92295000000000E-03,  -6.38708950848064E+00,   6.87700000000000E+01,   1.24939762398053E+02,   1.48326745352368E+03
  1.91191666700000E+03,  -5.49963381900743E-02,   1.13461400000000E-01,  -6.38627786867205E+00,   6.89500000000000E+01,   1.51199274340447E+02,   1.70676185787995E+03
  1.91200000000000E+03,  -3.03220709590322E-02,   1.94230750000000E-01,  -6.38546645368601E+00,   6.91300000000000E+01,   1.84881795421545E+02,   1.59701899074130E+03
  1.91208333300000E+03,  -6.08740145361494E-03,   2.17307500000000E-01,  -6.38465526356307E+00,   6.93100000000000E+01,   2.81263433731929E+02,   2.41727877813224E+03
  1.91216666700000E+03,   2.02910149192518E-02,   2.28845750000000E-01,  -6.38384429834374E+00,   6.94900000000000E+01,   3.35500967694458E+02,   2.55183779848660E+03
  1.91225000000000E+03,   4.82957599010595E-02,   1.61538125000000E-01,  -6.38303355806854E+00,   6.96700000000000E+01,   3.19277256740234E+02,   2.08119169111373E+03
  1.91233333300000E+03,   7.57785398096482E-02,   4.23075500000000E-02,  -6.38222304277795E+00,   6.98500000000000E+01,   3.40746345749812E+02,   2.27255126744569E+03
  1.91241666700000E+03,   1.02433330395920E-01,  -3.46154000000000E-02,  -6.38141275251246E+00,   7.00300000000000E+01,   4.14033865010203E+02,   2.23725360309626E+03
  1.91250000000000E+03,   1.31405271436560E-01,  -7.30769500000000E-02,  -6.38060268731255E+00,   7.02100000000000E+01,   3.21688435346435E+02,   2.25890215483727E+03
  1.91258333300000E+03,   1.13453671770118E-01,  -2.25000125000000E-01,  -6.37979284721864E+00,   7.03900000000000E+01,   3.75936298904417E+02,   2.10667870185920E+03
  1.91266666700000E+03,   3.91874756467833E-02,  -4.78846250000000E-01,  -8.03377900035293E+00,   7.05700000000000E+01,   5.36511346064846E+02,   4.02497576579954E+03
  1.91275000000000E+03,   1.48897939299241E-03,  -6.19230750000000E-01,  -8.03440862319132E+00,   7.07500000000000E+01,   5.01920027213905E+02,   4.08792966313255E+03
  1.91283333300000E+03,   5.07925108107621E-03,  -6.63461500000000E-01,  -8.03503851899547E+00,   7.09300000000000E+01,   5.49682586822438E+02,   4.27737277877023E+03
  1.91291666700000E+03,   3.05001084340580E-03,  -6.90384500000000E-01,  -8.03566868771134E+00,   7.11100000000000E+01,   5.52289492673147E+02,   3.25370974494759E+03
  1.91300000000000E+03,  -4.13430773507730E-03,  -7.05769000000000E-01,  -8.03629912928497E+00,   7.12900000000000E+01,   4.38002875874715E+02,   3.26407183534997E+03
  1.91308333300000E+03,  -1.29283690054313E-02,  -7.48076750000000E-01,  -8.03692984366231E+00,   7.14700000000000E+01,   3.75076334126189E+02,   1.11940436864477E+03
  1.91316666700000E+03,  -2.05834728616131E-02,  -7.80769250000000E-01,  -8.03756083078931E+00,   7.16500000000000E+01,   4.17980304868647E+02,   7.59004999362258E+02
  1.91325000000000E+03,  -2.74438762230238E-02,  -8.32692250000000E-01,  -8.03819209061194E+00,   7.18300000000000E+01,   3.29299018143187E+02,   8.85485173840355E+02
  1.91333333300000E+03,  -3.54780914417470E-02,  -9.09615250000000E-01,  -8.03882362307609E+00,   7.20100000000000E+01,   4.32920482434880E+02,   1.46851614371086E+03
  1.91341666700000E+03,  -4.48069833995212E-02,  -8.80769250000000E-01,  -8.03945542812767E+00,   7.21900000000000E+01,   5.65024426705216E+02,   2.35706037507639E+03
  1.91350000000000E+03,  -5.20961635438035E-02,  -7.94230750000000E-01,  -8.04008750571259E+00,   7.23700000000000E+01,   4.51790060396038E+02,   2.36820330350702E+03
  1.91358333300000E+03,  -1.65903491757243E-01,  -8.01923000000000E-01,  -8.04071985577668E+00,   7.25500000000000E+01,   3.64429843425017E+02,   3.35691497738203E+03
  1.91366666700000E+03,  -3.88416380188940E-01,  -8.25000000000000E-01,  -2.16410103245557E+01,   7.27300000000000E+01,   3.01763867635501E+02,   3.18465455010608E+03
  1.91375000000000E+03,  -5.00479185770561E-01,  -7.80769250000000E-01,  -2.16400541221027E+01,   7.29100000000000E+01,   1.83075948697992E+02,   2.60418646736955E+03
  1.91383333300000E+03,  -5.04093297397229E-01,  -7.73077000000000E-01,  -2.16390987111424E+01,   7.30900000000000E+01,   9.87818206984433E+01,   2.13160066792020E+03
  1.91391666700000E+03,  -5.12467774305444E-01,  -7.75000250000000E-01,  -2.16381440918124E+01,   7.32700000000000E+01,   3.45861185685522E+02,   2.46852555829282E+03
  1.91400000000000E+03,  -5.24985656023798E-01,  -7.44231000000000E-01,  -2.16371902642504E+01,   7.34500000000000E+01,   3.38109429213242E+02,   1.37820774196894E+03
  1.91408333300000E+03,  -5.37959881153357E-01,  -7.44230750000000E-01,  -2.16362372285938E+01,   7.36300000000000E+01,   3.63825267668488E+02,   1.24470789812980E+03
  1.91416666700000E+03,  -5.48512627369584E-01,  -7.53846000000000E-01,  -2.16352849849799E+01,   7.38100000000000E+01,   5.79061205392319E+02,   1.41800328729432E+03
  1.91425000000000E+03,  -5.56873273943887E-01,  -8.15384500000000E-01,  -2.16343335335459E+01,   7.39900000000000E+01,   5.45007472553721E+02,   1.31885023943689E+03
  1.91433333300000E+03,  -5.64911162202193E-01,  -8.73076750000000E-01,  -2.16333828744288E+01,   7.41700000000000E+01,   3.15743572745111E+02,   1.03351777203036E+03
  1.91441666700000E+03,  -5.72664960944973E-01,  -8.36538250000000E-01,  -2.16324330077655E+01,   7.43500000000000E+01,   3.11922249427671E+02,   1.13095707543232E+03
  1.91450000000000E+03,  -5.76736121887359E-01,  -8.40384500000000E-01,  -2.16314839336925E+01,   7.45300000000000E+01,   3.81134555772529E+02,   1.50898800905379E+03
  1.91458333300000E+03,  -5.40190306695482E-01,  -8.15384500000000E-01,  -2.16305356523467E+01,   7.47100000000000E+01,   1.88823950580391E+02,   1.58103731464776E+03
  1.91466666700000E+03,  -4.53599264098912E-01,  -7.00000000000000E-01,  -2.32691815958581E+01,   7.48900000000000E+01,   1.83396063208929E+02,   1.38257931781332E+03
  1.91475000000000E+03,  -3.75127908563543E-01,  -6.01923250000000E-01,  -2.32671459093826E+01,   7.50700000000000E+01,   1.55535817883676E+02,   1.97887957001762E+03
  1.91483333300000E+03,  -3.14955996559204E-01,  -3.75000100000000E-01,  -2.32651103695158E+01,   7.52500000000000E+01,   3.80300811879931E+02,   1.87083306147200E+03
  1.91491666700000E+03,  -2.52154348086945E-01,  -4.80769500000000E-02,  -2.32630749765528E+01,   7.54300000000000E+01,   3.18679776963871E+02,   1.36900240794811E+03
  1.91500000000000E+03,  -1.88546902616669E-01,   1.76923150000000E-01,  -2.32610397307886E+01,   7.56100000000000E+01,   3.12257194147538E+02,   1.15640092698787E+03
  1.91508333300000E+03,  -1.23093649585596E-01,   3.50000250000000E-01,  -2.32590046325185E+01,   7.57900000000000E+01,   3.16637757928181E+02,   1.07458974747602E+03
  1.91516666700000E+03,  -5.56546289180567E-02,   4.63461750000000E-01,  -2.32569696820374E+01,   7.59700000000000E+01,   4.12305060178996E+02,   8.55217370897532E+02
  1.91525000000000E+03,   1.08306708715733E-02,   5.00000000000000E-01,  -2.32549348796404E+01,   7.61500000000000E+01,   3.44188119391422E+02,   1.28987631524992E+03
  1.91533333300000E+03,   7.19268697761105E-02,   6.15384500000000E-01,  -2.32529002256225E+01,   7.63300000000000E+01,   4.40480316964060E+02,   1.30305875838683E+03
  1.91541666700000E+03,   1.25282058376837E-01,   7.57692250000000E-01,  -2.32508657202788E+01,   7.65100000000000E+01,   4.99861699155474E+02,   2.05231610644017E+03
  1.91550000000000E+03,   1.72330516416743E-01,   7.67307750000000E-01,  -2.32488313639041E+01,   7.66900000000000E+01,   5.01138150901988E+02,   2.22359591339808E+03
  1.91558333300000E+03,   2.58484153278474E-01,   7.88461750000000E-01,  -2.32467971567935E+01,   7.68700000000000E+01,   4.41343741789903E+02,   1.90917551472527E+03
  1.91566666700000E+03,   3.79365962076109E-01,   8.36538750000000E-01,  -2.39533493921953E+01,   7.70500000000000E+01,   6.05705442018481E+02,   2.04190852786745E+03
  1.91575000000000E+03,   4.42851010239210E-01,   8.15384750000000E-01,  -2.39522198439024E+01,   7.72300000000000E+01,   6.48177492087544E+02,   2.77246281089275E+03
  1.91583333300000E+03,   4.50649044523931E-01,   8.50000000000000E-01,  -2.39510898277901E+01,   7.74100000000000E+01,   6.85262660719082E+02,   2.37436669522603E+03
  1.91591666700000E+03,   4.47602622070167E-01,   8.26923250000000E-01,  -2.39499593439828E+01,   7.75900000000000E+01,   6.75636357037781E+02,   2.19955556638744E+03
  1.91600000000000E+03,   4.34536106016538E-01,   7.32692500000000E-01,  -2.39488283926046E+01,   7.77700000000000E+01,   6.36838797063252E+02,   2.34737677214644E+03
  1.91608333300000E+03,   4.15446790213660E-01,   7.19230750000000E-01,  -2.39476969737796E+01,   7.79500000000000E+01,   3.49920631731092E+02,   2.50968544195881E+03
  1.91616666700000E+03,   3.93605536325606E-01,   6.13461500000000E-01,  -2.39465650876323E+01,   7.81300000000000E+01,   1.81961148062430E+02,   1.85873846077630E+03
  1.91625000000000E+03,   3.69237254232186E-01,   4.48076750000000E-01,  -2.39454327342869E+01,   7.83100000000000E+01,   2.28837767063663E+02,   1.58738271428840E+03
  1.91633333300000E+03,   3.40966082407670E-01,   4.46153500000000E-01,  -2.39442999138679E+01,   7.84900000000000E+01,   2.46087584685069E+02,   1.55761565623563E+03
  1.91641666700000E+03,   3.09264480550143E-01,   5.05769000000000E-01,  -2.39431666264997E+01,   7.86700000000000E+01,   2.63575597529812E+02,   1.38907692648452E+03
  1.91650000000000E+03,   2.78039711455293E-01,   5.69230750000000E-01,  -2.39420328723067E+01,   7.88500000000000E+01,   2.82936964787403E+02,   9.56683579525258E+02
  1.91658333300000E+03,   1.09163960158171E-01,   7.28846250000000E-01,  -2.39408986514137E+01,   7.90300000000000E+01,   3.13166517944168E+02,   1.21744918731269E+03
  1.91666666700000E+03,  -1.89704701410728E-01,   8.71154000000000E-01,  -1.65189491794732E+01,   7.92100000000000E+01,   1.85005097948271E+02,   1.50492858089069E+03
  1.91675000000000E+03,  -3.29613795058348E-01,   9.73078250000000E-01,  -1.65189344159474E+01,   7.93900000000000E+01,   2.50840762591804E+02,   1.46412014458966E+03
  1.91683333300000E+03,  -3.22084366012555E-01,   1.09615700000000E+00,  -1.65189203078923E+01,   7.95700000000000E+01,   2.40494841266144E+02,   1.40160667432682E+03
  1.91691666700000E+03,  -3.20041995704498E-01,   1.13461750000000E+00,  -1.65189068552852E+01,   7.97500000000000E+01,   2.05506643976539E+02,   1.28451590935029E+03
  1.91700000000000E+03,  -3.23056919116170E-01,   1.12692250000000E+00,  -1.65188940581031E+01,   7.99300000000000E+01,   3.01097544305422E+02,   1.98776063546860E+03
  1.91708333300000E+03,  -3.27625402192480E-01,   1.08846050000000E+00,  -1.65188819163232E+01,   8.01100000000000E+01,   2.69657021145127E+02,   2.13948877675668E+03
  1.91716666700000E+03,  -3.31046882779048E-01,   9.17307250000000E-01,  -1.65188704299224E+01,   8.02900000000000E+01,   2.41138744391198E+02,   2.27812885098718E+03
  1.91725000000000E+03,  -3.33719765435349E-01,   7.53846000000000E-01,  -1.65188595988776E+01,   8.04700000000000E+01,   4.03800530595297E+02,   2.46249386506584E+03
  1.91733333300000E+03,  -3.37672067893326E-01,   7.53846250000000E-01,  -1.65188494231656E+01,   8.06500000000000E+01,   4.18398374646297E+02,   2.22315107666142E+03
  1.91741666700000E+03,  -3.43088750592580E-01,   8.40384750000000E-01,  -1.65188399027632E+01,   8.08300000000000E+01,   4.07467091893777E+02,   1.16267283568033E+03
  1.91750000000000E+03,  -3.46703236141457E-01,   8.07692500000000E-01,  -1.65188310376468E+01,   8.10100000000000E+01,   5.14287640447274E+02,   7.11434328924445E+02
  1.91758333300000E+03,  -1.89740613548585E-01,   6.00000250000000E-01,  -1.65188228277932E+01,   8.11900000000000E+01,   5.05012553279998E+02,   5.69768713571597E+02
  1.91766666700000E+03,   1.17739401516102E-01,   4.30769500000000E-01,  -3.47111414295148E+01,   8.13700000000000E+01,   4.37015165153146E+02,   1.58425080138519E+03
  1.91775000000000E+03,   2.50768128359726E-01,   3.34615500000000E-01,  -3.47092836305326E+01,   8.15500000000000E+01,   5.55368419024313E+02,   1.73954726312677E+03
  1.91783333300000E+03,   2.12532472426975E-01,   1.36538250000000E-01,  -3.47074250932812E+01,   8.17300000000000E+01,   4.37086114261881E+02,   2.65935532943229E+03
  1.91791666700000E+03,   1.64611035607908E-01,  -1.92310000000000E-02,  -3.47055658181394E+01,   8.19100000000000E+01,   3.42206755615142E+02,   2.92683822072539E+03
  1.91800000000000E+03,   1.09134979915100E-01,  -2.30770000000000E-02,  -3.47037058054866E+01,   8.20900000000000E+01,   4.24194271101663E+02,   2.91455392674562E+03
  1.91808333300000E+03,   5.14417479634228E-02,  -9.03847500000000E-02,  -3.47018450557021E+01,   8.22700000000000E+01,   4.26992633608391E+02,   1.93264099922683E+03
  1.91816666700000E+03,  -3.87242926373889E-03,  -1.96154000000000E-01,  -3.46999835691654E+01,   8.24500000000000E+01,   2.86813022494898E+02,   1.92537611022019E+03
  1.91825000000000E+03,  -5.53220275049736E-02,  -1.98077000000000E-01,  -3.46981213462561E+01,   8.26300000000000E+01,   3.23304091498000E+02,   1.01879021353056E+03
  1.91833333300000E+03,  -1.03137039257546E-01,  -1.25000125000000E-01,  -3.46962583873541E+01,   8.28100000000000E+01,   4.28305680846318E+02,   5.95021017934289E+02
  1.91841666700000E+03,  -1.45862002566801E-01,  -9.23077500000000E-02,  -3.46943946928393E+01,   8.29900000000000E+01,   2.91912000345415E+02,   1.15020276767579E+03
  1.91850000000000E+03,  -1.78813899899900E-01,  -1.76923125000000E-01,  -3.46925302630918E+01,   8.31700000000000E+01,   3.46529042530293E+02,   1.01048479285380E+03
  1.91858333300000E+03,  -7.03245157942498E-02,  -2.25000175000000E-01,  -3.46906650984920E+01,   8.33500000000000E+01,   3.66466016825486E+02,   1.99506342252889E+03
  1.91866666700000E+03,   1.76022180156312E-01,  -1.51923100000000E-01,  -3.09441079437647E+01,   8.35300000000000E+01,   3.40972943543387E+02,   2.18192845402267E+03
  1.91875000000000E+03,   2.95775337536550E-01,  -9.80767750000000E-02,  -3.09428030494717E+01,   8.37100000000000E+01,   3.12454103931168E+02,   2.38612000105772E+03
  1.91883333300000E+03,   2.82119284623477E-01,  -1.46153700000000E-01,  -3.09414974368801E+01,   8.38900000000000E+01,   7.07237724671012E+02,   1.86430465080636E+03
  1.91891666700000E+03,   2.59655823725432E-01,  -1.99999850000000E-01,  -3.09401911062006E+01,   8.40700000000000E+01,   7.14276033741061E+02,   1.73169789167778E+03
  1.91900000000000E+03,   2.29080976878512E-01,  -2.28846000000000E-01,  -3.09388840576442E+01,   8.42500000000000E+01,   7.02165781160013E+02,   8.80199753592582E+02
  1.91908333300000E+03,   1.94193995664105E-01,  -3.23076750000000E-01,  -3.09375762914219E+01,   8.44300000000000E+01,   7.52732966791349E+02,   1.00142742326502E+03
  1.91916666700000E+03,   1.58021292640249E-01,  -3.46153750000000E-01,  -3.09362678077450E+01,   8.46100000000000E+01,   7.75748517333914E+02,   1.56572487775097E+03
  1.91925000000000E+03,   1.20521625885560E-01,  -1.92307700000000E-01,  -3.09349586068246E+01,   8.47900000000000E+01,   4.27418420247454E+02,   1.82754993355172E+03
  1.91933333300000E+03,   8.00560417211343E-02,  -5.38461500000000E-02,  -3.09336486888722E+01,   8.49700000000000E+01,   3.11574980306765E+02,   1.85775192479393E+03
  1.91941666700000E+03,   3.68604470742411E-02,  -9.23077000000000E-02,  -3.09323380540995E+01,   8.51500000000000E+01,   3.98090167831257E+02,   2.19949081984386E+03
  1.91950000000000E+03,  -5.34697255567215E-03,  -2.11538500000000E-01,  -3.09310267027179E+01,   8.53300000000000E+01,   5.12439684796543E+02,   2.27396871255883E+03
  1.91958333300000E+03,  -1.36628669427222E-01,  -4.01923000000000E-01,  -3.09297146349394E+01,   8.55100000000000E+01,   4.44009293757775E+02,   1.84658633103967E+03
  1.91966666700000E+03,  -3.49303678623193E-01,  -6.36538250000000E-01,  -2.78018850189587E+01,   8.56900000000000E+01,   4.69136207382590E+02,   1.99414575646771E+03
  1.91975000000000E+03,  -4.49079256711988E-01,  -7.28846000000000E-01,  -2.78003076690800E+01,   8.58700000000000E+01,   4.93572814578703E+02,   2.05509864680567E+03
  1.91983333300000E+03,  -4.44363843874986E-01,  -7.59615250000000E-01,  -2.77987298079769E+01,   8.60500000000000E+01,   4.85730051794159E+02,   1.77010719061205E+03
  1.91991666700000E+03,  -4.38702943370364E-01,  -7.96153750000000E-01,  -2.77971514358772E+01,   8.62300000000000E+01,   4.41383652454021E+02,   1.54487734477096E+03
  1.92000000000000E+03,  -4.32285533607737E-01,  -8.00000000000000E-01,  -2.77955725530087E+01,   8.64100000000000E+01,   4.31241736785742E+02,   1.26963837088267E+03
  1.92008333300000E+03,  -4.22374685669659E-01,  -8.09615250000000E-01,  -2.77939931595993E+01,   8.65900000000000E+01,   3.83290117799595E+02,   8.84793550820183E+02
  1.92016666700000E+03,  -4.07160274942411E-01,  -8.05769000000000E-01,  -2.77924132558773E+01,   8.67700000000000E+01,   3.26747984998813E+02,   7.89987034056103E+02
  1.92025000000000E+03,  -3.88026882613778E-01,  -8.36537750000000E-01,  -2.77908328420705E+01,   8.69500000000000E+01,   2.95170403771230E+02,   5.68347502571205E+02
  1.92033333300000E+03,  -3.68053881572578E-01,  -9.40383500000000E-01,  -2.77892519184073E+01,   8.71300000000000E+01,   1.67117821768846E+02,   3.82512021018052E+02
  1.92041666700000E+03,  -3.48510415861142E-01,  -9.82692000000000E-01,  -2.77876704851160E+01,   8.73100000000000E+01,   1.32903701970202E+02,   1.51167674093205E+03
  1.92050000000000E+03,  -3.27213710211230E-01,  -9.13461750000000E-01,  -2.77860885424248E+01,   8.74900000000000E+01,   1.40935991488630E+02,   1.82879849493671E+03
  1.92058333300000E+03,  -3.51024983115081E-01,  -8.63461500000000E-01,  -2.77845060905622E+01,   8.76700000000000E+01,   3.72165843752865E+02,   1.84501725218380E+03
  1.92066666700000E+03,  -4.32135309053073E-01,  -8.26923000000000E-01,  -2.44466353779987E+01,   8.78500000000000E+01,   3.15487937980681E+02,   1.75389260889534E+03
  1.92075000000000E+03,  -4.83826745150373E-01,  -7.98076750000000E-01,  -2.44484467134838E+01,   8.80300000000000E+01,   3.19429962649988E+02,   2.03545316628567E+03
  1.92083333300000E+03,  -4.93496985387178E-01,  -8.32692000000000E-01,  -2.44502582118839E+01,   8.82100000000000E+01,   3.42278373088269E+02,   8.29962110713078E+02
  1.92091666700000E+03,  -4.99445680572834E-01,  -7.76922750000000E-01,  -2.44520698728616E+01,   8.83900000000000E+01,   3.46783163198177E+02,   1.27889760041563E+03
  1.92100000000000E+03,  -5.00933856899489E-01,  -6.34615000000000E-01,  -2.44538816960797E+01,   8.85700000000000E+01,   1.13386424873234E+02,   1.33810359416725E+03
  1.92108333300000E+03,  -4.94470611415409E-01,  -5.44230500000000E-01,  -2.44556936812009E+01,   8.87500000000000E+01,   1.42982409810612E+02,   1.66061584710116E+03
  1.92116666700000E+03,  -4.77685602462967E-01,  -4.82692250000000E-01,  -2.44575058278879E+01,   8.89300000000000E+01,   1.60023592828319E+02,   1.88685099999914E+03
  1.92125000000000E+03,  -4.51608576063320E-01,  -3.94230750000000E-01,  -2.44593181358032E+01,   8.91100000000000E+01,   2.38173271815060E+02,   2.21441827107272E+03
  1.92133333300000E+03,  -4.19172820411039E-01,  -3.42307750000000E-01,  -2.44611306046096E+01,   8.92900000000000E+01,   2.89728675367718E+02,   1.56624915362466E+03
  1.92141666700000E+03,  -3.81705484843329E-01,  -4.03846250000000E-01,  -2.44629432339697E+01,   8.94700000000000E+01,   2.72887985380692E+02,   1.82299827348627E+03
  1.92150000000000E+03,  -3.37273736825403E-01,  -5.26923000000000E-01,  -2.44647560235462E+01,   8.96500000000000E+01,   3.31549673872534E+02,   1.54233035527626E+03
  1.92158333300000E+03,  -2.91479973347813E-01,  -6.15384500000000E-01,  -2.44665689730015E+01,   8.98300000000000E+01,   4.03960799679742E+02,   1.20923154693609E+03
  1.92166666700000E+03,  -2.44607718272257E-01,  -5.80769250000000E-01,  -2.82944202261500E+01,   9.00100000000000E+01,   3.16679956044059E+02,   8.66155577655509E+02
  1.92175000000000E+03,  -1.86186146505996E-01,  -4.98077000000000E-01,  -2.82963502391531E+01,   9.01900000000000E+01,   3.18299325217702E+02,   6.93473963983730E+02
  1.92183333300000E+03,  -1.26624369268802E-01,  -5.11538500000000E-01,  -2.82982806303154E+01,   9.03700000000000E+01,   3.19524083886575E+02,   7.08154624046898E+02
  1.92191666700000E+03,  -8.15701873936506E-02,  -6.09615250000000E-01,  -2.83002113991745E+01,   9.05500000000000E+01,   2.44365998814907E+02,   7.00351466747746E+02
  1.92200000000000E+03,  -5.20316540589634E-02,  -7.80769000000000E-01,  -2.83021425452685E+01,   9.07300000000000E+01,   2.97850282233628E+02,   2.04554844830139E+03
  1.92208333300000E+03,  -3.54903689843284E-02,  -9.63461250000000E-01,  -2.83040740681349E+01,   9.09100000000000E+01,   3.48102468447853E+02,   2.77197721166410E+03
  1.92216666700000E+03,  -2.97453167169789E-02,  -9.84615000000000E-01,  -2.83060059673115E+01,   9.10900000000000E+01,   3.90891406728944E+02,   3.38148427382247E+03
  1.92225000000000E+03,  -3.51955223626427E-02,  -8.84615250000000E-01,  -2.83079382423357E+01,   9.12700000000000E+01,   4.06395314605196E+02,   3.24194482326899E+03
  1.92233333300000E+03,  -5.33781964271682E-02,  -8.78846250000000E-01,  -2.83098708927452E+01,   9.14500000000000E+01,   6.25361376402515E+02,   3.43902056500483E+03
  1.92241666700000E+03,  -8.35238173170409E-02,  -9.26923000000000E-01,  -2.83118039180774E+01,   9.16300000000000E+01,   6.27844411859661E+02,   2.89243260418572E+03
  1.92250000000000E+03,  -1.20994426154062E-01,  -9.11538250000000E-01,  -2.83137373178696E+01,   9.18100000000000E+01,   5.67117016940587E+02,   2.22795989593933E+03
  1.92258333300000E+03,  -1.78502489160749E-01,  -8.46153750000000E-01,  -2.83156710916592E+01,   9.19900000000000E+01,   4.87651887815469E+02,   1.73135655475501E+03
  1.92266666700000E+03,  -2.61520934644310E-01,  -7.50000000000000E-01,  -2.98123036932930E+01,   9.21700000000000E+01,   4.83787867839495E+02,   1.58857901711552E+03
  1.92275000000000E+03,  -3.38754859812440E-01,  -6.86538500000000E-01,  -2.98100032855233E+01,   9.23500000000000E+01,   2.56334112647444E+02,   1.45362733799131E+03
  1.92283333300000E+03,  -3.97498501620120E-01,  -6.48077000000000E-01,  -2.98077026982928E+01,   9.25300000000000E+01,   2.10272834295628E+02,   7.58864101324230E+02
  1.92291666700000E+03,  -4.45796028383500E-01,  -6.01923000000000E-01,  -2.98054019320270E+01,   9.27100000000000E+01,   2.07063530076528E+02,   7.33738896345114E+02
  1.92300000000000E+03,  -4.81536156425774E-01,  -5.36538250000000E-01,  -2.98031009871512E+01,   9.28900000000000E+01,   2.17500633937877E+02,   8.48346789694484E+02
  1.92308333300000E+03,  -5.00488857638968E-01,  -4.61538500000000E-01,  -2.98007998640909E+01,   9.30700000000000E+01,   2.05688997959031E+02,   8.23534615633171E+02
  1.92316666700000E+03,  -5.00199033470753E-01,  -4.26923250000000E-01,  -2.97984985632715E+01,   9.32500000000000E+01,   2.65941558007046E+02,   7.10634625068260E+02
  1.92325000000000E+03,  -4.82243218844346E-01,  -4.90384500000000E-01,  -2.97961970851186E+01,   9.34300000000000E+01,   1.71920888319181E+02,   5.57868753944011E+02
  1.92333333300000E+03,  -4.50668342547373E-01,  -6.61538250000000E-01,  -2.97938954300578E+01,   9.36100000000000E+01,   2.55743034729012E+02,   7.94607460764144E+02
  1.92341666700000E+03,  -4.08380290110050E-01,  -7.86538500000000E-01,  -2.97915935985147E+01,   9.37900000000000E+01,   2.26493230668898E+02,   7.55500133206462E+02
  1.92350000000000E+03,  -3.55358407288915E-01,  -7.55769500000000E-01,  -2.97892915909148E+01,   9.39700000000000E+01,   2.43380069480510E+02,   1.14331986267339E+03
  1.92358333300000E+03,  -2.41280857223482E-01,  -5.76923250000000E-01,  -2.97869894076839E+01,   9.41500000000000E+01,   1.74688541891368E+02,   1.12735315979370E+03
  1.92366666700000E+03,  -7.13984795491865E-02,  -3.25000000000000E-01,  -2.79089317005968E+01,   9.43300000000000E+01,   2.59949177348940E+02,   1.35291007338036E+03
  1.92375000000000E+03,   4.57350229246966E-02,  -1.42307800000000E-01,  -2.79069380471448E+01,   9.45100000000000E+01,   2.40225724641385E+02,   1.32010678093857E+03
  1.92383333300000E+03,   1.04738084383607E-01,  -8.26923500000000E-02,  -2.79049450556423E+01,   9.46900000000000E+01,   2.28500936199701E+02,   1.12002750098626E+03
  1.92391666700000E+03,   1.51792625323918E-01,  -1.07692050000000E-01,  -2.79029527264943E+01,   9.48700000000000E+01,   3.16725817614153E+02,   8.44709173278045E+02
  1.92400000000000E+03,   1.85231580553419E-01,  -1.36538250000000E-01,  -2.79009610601059E+01,   9.50500000000000E+01,   2.98990826492524E+02,   1.02629345747991E+03
  1.92408333300000E+03,   2.06859366761022E-01,  -1.46154000000000E-01,  -2.78989700568817E+01,   9.52300000000000E+01,   3.54349707155046E+02,   7.67253022544691E+02
  1.92416666700000E+03,   2.18157437830656E-01,  -1.51923250000000E-01,  -2.78969797172265E+01,   9.54100000000000E+01,   4.17655349052697E+02,   8.34273093501944E+02
  1.92425000000000E+03,   2.18047168326359E-01,  -1.15384550000000E-01,  -2.78949900415448E+01,   9.55900000000000E+01,   6.51349092081876E+02,   1.99173496639207E+03
  1.92433333300000E+03,   2.04391301491407E-01,  -1.17307600000000E-01,  -2.78930010302409E+01,   9.57700000000000E+01,   7.16430273003271E+02,   1.87306982832639E+03
  1.92441666700000E+03,   1.77470905219755E-01,  -2.00000050000000E-01,  -2.78910126837191E+01,   9.59500000000000E+01,   7.43272102512501E+02,   1.72165379744703E+03
  1.92450000000000E+03,   1.41570491054173E-01,  -2.73077000000000E-01,  -2.78890250023833E+01,   9.61300000000000E+01,   5.96081067440216E+02,   1.61135090513206E+03
  1.92458333300000E+03,   4.05940885407167E-02,  -3.25000000000000E-01,  -2.78870379866375E+01,   9.63100000000000E+01,   6.54064345844206E+02,   1.48272724652947E+03
  1.92466666700000E+03,  -1.13922300174314E-01,  -4.51923250000000E-01,  -2.73359760071549E+01,   9.64900000000000E+01,   5.22791952964873E+02,   6.11958640194265E+02
  1.92475000000000E+03,  -1.88959647992882E-01,  -7.38461000000000E-01,  -2.73376425672398E+01,   9.66700000000000E+01,   3.52596507924877E+02,   5.83735358231468E+02
  1.92483333300000E+03,  -1.92985843459039E-01,  -1.02692275000000E+00,  -2.73393097384228E+01,   9.68500000000000E+01,   3.68072461094975E+02,   7.06382779632183E+02
  1.92491666700000E+03,  -1.97866873875953E-01,  -1.21154000000000E+00,  -2.73409775202919E+01,   9.70300000000000E+01,   3.79951069938077E+02,   6.89888338978449E+02
  1.92500000000000E+03,  -2.03475379345952E-01,  -1.33846250000000E+00,  -2.73426459124351E+01,   9.72100000000000E+01,   2.79347346913605E+02,   1.06855234248103E+03
  1.92508333300000E+03,  -2.06801778110884E-01,  -1.34038500000000E+00,  -2.73443149144400E+01,   9.73900000000000E+01,   1.60404845187056E+02,   1.58671329303137E+03
  1.92516666700000E+03,  -2.05816766635346E-01,  -1.20577000000000E+00,  -2.73459845258943E+01,   9.75700000000000E+01,   1.67973661163636E+02,   1.75644234793507E+03
  1.92525000000000E+03,  -2.01745492208821E-01,  -1.01730725000000E+00,  -2.73476547463858E+01,   9.77500000000000E+01,   1.37102957063750E+02,   1.68143553024973E+03
  1.92533333300000E+03,  -1.97570128331622E-01,  -7.80768500000000E-01,  -2.73493255755016E+01,   9.79300000000000E+01,   1.36157896110637E+02,   1.81030519507630E+03
  1.92541666700000E+03,  -1.94523484217930E-01,  -4.99999750000000E-01,  -2.73509970128292E+01,   9.81100000000000E+01,   1.46781980998011E+02,   1.72535664244075E+03
  1.92550000000000E+03,  -1.90442190918123E-01,  -2.98076750000000E-01,  -2.73526690579557E+01,   9.82900000000000E+01,   1.87374397422792E+02,   1.01723421913735E+03
  1.92558333300000E+03,  -1.38981499327550E-01,  -1.92307775000000E-01,  -2.73543417104682E+01,   9.84700000000000E+01,   2.11030393827555E+02,   2.24711817223439E+03
  1.92566666700000E+03,  -3.93946397994364E-02,  -1.50000050000000E-01,  -2.99194062666444E+01,   9.86500000000000E+01,   2.49427864452859E+02,   2.82339946979457E+03
  1.92575000000000E+03,   2.14114846044945E-02,  -1.24999900000000E-01,  -2.99214873256433E+01,   9.88300000000000E+01,   2.56297026310430E+02,   2.79885451772534E+03
  1.92583333300000E+03,   4.26640379219270E-02,   4.03847500000000E-02,  -2.99235683811505E+01,   9.90100000000000E+01,   2.40785795946815E+02,   2.33573904582057E+03
  1.92591666700000E+03,   6.54903432871611E-02,   2.53846375000000E-01,  -2.99256494326857E+01,   9.91900000000000E+01,   4.31893913873949E+02,   2.42297361708595E+03
  1.92600000000000E+03,   8.94897092169075E-02,   3.75000250000000E-01,  -2.99277304797686E+01,   9.93700000000000E+01,   4.88433675168152E+02,   1.14112766659786E+03
  1.92608333300000E+03,   1.16886046725015E-01,   4.98077000000000E-01,  -2.99298115219190E+01,   9.95500000000000E+01,   4.82741400850867E+02,   5.47668343181629E+02
  1.92616666700000E+03,   1.48710442650033E-01,   6.71153750000000E-01,  -2.99318925586567E+01,   9.97300000000000E+01,   4.62977732887084E+02,   4.96662842942867E+02
  1.92625000000000E+03,   1.82586685056941E-01,   7.46153750000000E-01,  -2.99339735895015E+01,   9.99100000000000E+01,   4.10525777442288E+02,   5.95259994665906E+02
  1.92633333300000E+03,   2.14299515258375E-01,   6.42307500000000E-01,  -2.99360546139731E+01,   1.00090000000000E+02,   2.08139186593052E+02,   5.39307287767204E+02
  1.92641666700000E+03,   2.41378831357770E-01,   4.24999800000000E-01,  -2.99381356315914E+01,   1.00270000000000E+02,   2.03417259625520E+02,   8.70296748921322E+02
  1.92650000000000E+03,   2.64826736396593E-01,   1.73076900000000E-01,  -2.99402166418764E+01,   1.00450000000000E+02,   2.37112622430746E+02,   8.78607036283519E+02
  1.92658333300000E+03,   1.80893109064198E-01,   2.50000250000000E-02,  -2.99422976443477E+01,   1.00630000000000E+02,   2.29710000652191E+02,   1.06901507551246E+03
  1.92666666700000E+03,   9.28378574242440E-03,  -4.61539500000000E-02,  -2.93731938274362E+01,   1.00810000000000E+02,   2.97593878549780E+02,   9.99527330454206E+02
  1.92675000000000E+03,  -2.21087574443017E-02,  -4.03848750000000E-02,  -2.93708541945840E+01,   1.00990000000000E+02,   4.40706665748660E+02,   8.69092991906731E+02
  1.92683333300000E+03,   6.01052851275024E-02,   4.61536250000000E-02,  -2.93685149235373E+01,   1.01170000000000E+02,   4.54496806197520E+02,   8.95765487852180E+02
  1.92691666700000E+03,   1.23970419149676E-01,   3.26922250000000E-02,  -2.93661760147784E+01,   1.01350000000000E+02,   3.83658065731381E+02,   1.27962508207182E+03
  1.92700000000000E+03,   1.67877914067690E-01,  -3.84615500000000E-02,  -2.93638374687894E+01,   1.01530000000000E+02,   3.89433370972401E+02,   1.15454867857024E+03
  1.92708333300000E+03,   1.94234338854595E-01,  -3.26923000000000E-02,  -2.93614992860525E+01,   1.01710000000000E+02,   3.11761482180306E+02,   1.45420342138857E+03
  1.92716666700000E+03,   2.05628220184473E-01,   4.80768250000000E-02,  -2.93591614670498E+01,   1.01890000000000E+02,   1.46500531065755E+02,   1.69863070283723E+03
  1.92725000000000E+03,   2.02517065431272E-01,   8.07690250000000E-02,  -2.93568240122630E+01,   1.02070000000000E+02,   5.32013745663455E+01,   1.57894346559411E+03
  1.92733333300000E+03,   1.84620035170256E-01,   1.01922850000000E-01,  -2.93544869221744E+01,   1.02250000000000E+02,   7.65181964642135E+01,   2.14333988220566E+03
  1.92741666700000E+03,   1.54259562604829E-01,   1.78845925000000E-01,  -2.93521501972655E+01,   1.02430000000000E+02,   2.06705872952414E+02,   2.99706198101751E+03
  1.92750000000000E+03,   1.17792878000013E-01,   1.40384525000000E-01,  -2.93498138380181E+01,   1.02610000000000E+02,   1.94464941983798E+02,   2.89235561953778E+03
  1.92758333300000E+03,   1.35109568771332E-01,   9.80769250000000E-02,  -2.93474778449139E+01,   1.02790000000000E+02,   2.07761515948561E+02,   2.74968460005731E+03
  1.92766666700000E+03,   2.17125847168323E-01,   1.73076775000000E-01,  -3.85518534178752E+01,   1.02970000000000E+02,   2.83551596768806E+02,   2.56437419115808E+03
  1.92775000000000E+03,   2.64373252934413E-01,   3.17307500000000E-01,  -3.85509959463087E+01,   1.03150000000000E+02,   4.55751322177320E+02,   1.56530503186584E+03
  1.92783333300000E+03,   2.64746382012325E-01,   5.03846250000000E-01,  -3.85501373088877E+01,   1.03330000000000E+02,   3.78231324058573E+02,   8.84107112772530E+02
  1.92791666700000E+03,   2.59923580804805E-01,   5.84615750000000E-01,  -3.85492775057942E+01,   1.03510000000000E+02,   4.18717925373197E+02,   9.33644449933292E+02
  1.92800000000000E+03,   2.50615308531418E-01,   5.80769500000000E-01,  -3.85484165372105E+01,   1.03690000000000E+02,   4.10799400910432E+02,   9.77010756613873E+02
  1.92808333300000E+03,   2.40465339928917E-01,   6.30769250000000E-01,  -3.85475544033190E+01,   1.03870000000000E+02,   3.95048342021438E+02,   8.65718445244338E+02
  1.92816666700000E+03,   2.32164184556837E-01,   6.61538500000000E-01,  -3.85466911043026E+01,   1.04050000000000E+02,   2.12037008355663E+02,   8.87039544720808E+02
  1.92825000000000E+03,   2.25154340795257E-01,   5.13461750000000E-01,  -3.85458266403445E+01,   1.04230000000000E+02,   1.87140430777811E+02,   9.45424848009786E+02
  1.92833333300000E+03,   2.17111053564313E-01,   2.84615500000000E-01,  -3.85449610116279E+01,   1.04410000000000E+02,   1.43204313986516E+02,   1.22319050964410E+03
  1.92841666700000E+03,   2.07435948579692E-01,   1.98076750000000E-01,  -3.85440942183365E+01,   1.04590000000000E+02,   1.33673548690917E+02,   1.25724608990755E+03
  1.92850000000000E+03,   1.98894646673299E-01,   2.82692000000000E-01,  -3.85432262606542E+01,   1.04770000000000E+02,   7.78633683096967E+01,   1.51506324807960E+03
  1.92858333300000E+03,   2.37344784497370E-01,   4.80769000000000E-01,  -3.85423571387653E+01,   1.04950000000000E+02,   2.29737485085207E+02,   1.84711253679437E+03
  1.92866666700000E+03,   3.36292953015730E-01,   7.01923000000000E-01,  -3.63568910335731E+01,   1.05130000000000E+02,   1.94415512355452E+02,   2.34991995606925E+03
  1.92875000000000E+03,   4.17448971659145E-01,   8.09615250000000E-01,  -3.63589765029626E+01,   1.05310000000000E+02,   1.92628245743166E+02,   1.78305174834812E+03
  1.92883333300000E+03,   4.55582622753008E-01,   7.44230500000000E-01,  -3.63610614455585E+01,   1.05490000000000E+02,   1.94949895049306E+02,   2.59948389780088E+03
  1.92891666700000E+03,   4.72264109104732E-01,   5.69230500000000E-01,  -3.63631458607851E+01,   1.05670000000000E+02,   1.89666541632707E+02,   2.59847507567029E+03
  1.92900000000000E+03,   4.67612045999685E-01,   4.24999750000000E-01,  -3.63652297480666E+01,   1.05850000000000E+02,   3.66813958498067E+01,   2.34912226683074E+03
  1.92908333300000E+03,   4.45472713277313E-01,   3.36538250000000E-01,  -3.63673131068274E+01,   1.06030000000000E+02,   6.95258863214287E+01,   1.52887727469015E+03
  1.92916666700000E+03,   4.09528146898715E-01,   1.82692125000000E-01,  -3.63693959364921E+01,   1.06210000000000E+02,   1.17973203240475E+02,   1.59211285732817E+03
  1.92925000000000E+03,   3.60956289307975E-01,   1.92307000000000E-02,  -3.63714782364855E+01,   1.06390000000000E+02,   1.33055379066279E+02,   9.44090135088004E+02
  1.92933333300000E+03,   2.99829137457694E-01,  -4.99999750000000E-02,  -3.63735600062324E+01,   1.06570000000000E+02,   1.32910923058155E+02,   8.59825829542661E+02
  1.92941666700000E+03,   2.28490481970004E-01,  -9.80768000000000E-02,  -3.63756412451579E+01,   1.06750000000000E+02,   1.53362878643116E+02,   1.05159195454693E+03
  1.92950000000000E+03,   1.53050290394583E-01,  -2.21153500000000E-01,  -3.63777219526872E+01,   1.06930000000000E+02,   3.37314416237234E+02,   1.29064223195179E+03
  1.92958333300000E+03,   2.18192016602036E-02,  -3.71153500000000E-01,  -3.63798021282458E+01,   1.07110000000000E+02,   3.29472281465260E+02,   1.39961291862070E+03
  1.92966666700000E+03,  -1.45066143887660E-01,  -4.36538250000000E-01,  -2.56619302553531E+01,   1.07290000000000E+02,   3.38881672732916E+02,   1.42711221549301E+03
  1.92975000000000E+03,  -2.15006896864396E-01,  -5.69230500000000E-01,  -2.56618378726609E+01,   1.07470000000000E+02,   3.41564269142621E+02,   1.40872948535783E+03
  1.92983333300000E+03,  -2.09170345422790E-01,  -8.11538250000000E-01,  -2.56617465659855E+01,   1.07650000000000E+02,   3.10844911540765E+02,   1.87467862234265E+03
  1.92991666700000E+03,  -2.06505014657109E-01,  -9.40384500000000E-01,  -2.56616563352996E+01,   1.07830000000000E+02,   1.29221418260736E+02,   1.89456082428829E+03
  1.93000000000000E+03,  -2.06521557172776E-01,  -9.59615250000000E-01,  -2.56615671805754E+01,   1.08010000000000E+02,   1.97047201963374E+02,   2.76495315772234E+03
  1.93008333300000E+03,  -2.05769739636871E-01,  -9.07692250000000E-01,  -2.56614791017850E+01,   1.08190000000000E+02,   1.66621979712346E+02,   2.51212576878029E+03
  1.93016666700000E+03,  -2.01713010015246E-01,  -7.76923000000000E-01,  -2.56613920989003E+01,   1.08370000000000E+02,   2.55850074363768E+02,   2.67005871586385E+03
  1.93025000000000E+03,  -1.95016342626639E-01,  -6.73076750000000E-01,  -2.56613061718928E+01,   1.08550000000000E+02,   3.14685329829436E+02,   1.98564705734672E+03
  1.93033333300000E+03,  -1.88063953709609E-01,  -6.28846000000000E-01,  -2.56612213207340E+01,   1.08730000000000E+02,   3.21584153546882E+02,   1.79003088680231E+03
  1.93041666700000E+03,  -1.81469366295046E-01,  -5.67307750000000E-01,  -2.56611375453949E+01,   1.08910000000000E+02,   3.13270751843217E+02,   7.39602681235783E+02
  1.93050000000000E+03,  -1.72446179548639E-01,  -4.75000250000000E-01,  -2.56610548458463E+01,   1.09090000000000E+02,   3.19878306647274E+02,   6.99471068420354E+02
  1.93058333300000E+03,  -2.33266820485921E-01,  -3.76923250000000E-01,  -2.56609732220590E+01,   1.09270000000000E+02,   2.31630001512426E+02,   4.67338961937744E+02
  1.93066666700000E+03,  -3.53699639863217E-01,  -3.03846250000000E-01,  -3.22705259030127E+01,   1.09450000000000E+02,   2.67256349682063E+02,   6.56024575859075E+02
  1.93075000000000E+03,  -3.72873112915198E-01,  -3.19231000000000E-01,  -3.22681103584086E+01,   1.09630000000000E+02,   2.44747172274836E+02,   7.31622982524475E+02
  1.93083333300000E+03,  -3.01176985054011E-01,  -2.61538750000000E-01,  -3.22656945770126E+01,   1.09810000000000E+02,   1.67371015103173E+02,   8.30119703217177E+02
  1.93091666700000E+03,  -2.28193457901048E-01,  -7.11539500000000E-02,  -3.22632785593232E+01,   1.09990000000000E+02,   2.10103212903545E+02,   7.90030745266657E+02
  1.93100000000000E+03,  -1.57746696863781E-01,   6.73076000000000E-02,  -3.22608623058393E+01,   1.10170000000000E+02,   2.29554435062048E+02,   8.87453692874731E+02
  1.93108333300000E+03,  -9.08649539107108E-02,   1.61538300000000E-01,  -3.22584458170594E+01,   1.10350000000000E+02,   2.38083535364526E+02,   8.92173842239054E+02
  1.93116666700000E+03,  -2.93785682134916E-02,   2.05769250000000E-01,  -3.22560290934823E+01,   1.10530000000000E+02,   2.55100506187195E+02,   8.15637086753966E+02
  1.93125000000000E+03,   2.20663350504677E-02,   1.25000100000000E-01,  -3.22536121356068E+01,   1.10710000000000E+02,   3.47070741312311E+02,   1.09377568950062E+03
  1.93133333300000E+03,   5.77440775585156E-02,   3.84615750000000E-02,  -3.22511949439318E+01,   1.10890000000000E+02,   3.73986556747404E+02,   1.27300885651298E+03
  1.93141666700000E+03,   7.45564921706270E-02,   6.15386000000000E-02,  -3.22487775189561E+01,   1.11070000000000E+02,   3.47247276581638E+02,   1.43235435163956E+03
  1.93150000000000E+03,   7.38281024383945E-02,   1.84615625000000E-01,  -3.22463598611788E+01,   1.11250000000000E+02,   2.69414512950461E+02,   1.15759675572156E+03
  1.93158333300000E+03,   1.09249992958988E-01,   3.94231000000000E-01,  -3.22439419710988E+01,   1.11430000000000E+02,   2.45690648461622E+02,   1.27535197971025E+03
  1.93166666700000E+03,   1.89923929043291E-01,   5.00000250000000E-01,  -3.84398408704796E+01,   1.11610000000000E+02,   1.48844474526052E+02,   1.05971120302668E+03
  1.93175000000000E+03,   2.24701495434291E-01,   4.51923250000000E-01,  -3.84408243326656E+01,   1.11790000000000E+02,   1.39151286649192E+02,   1.13729183992492E+03
  1.93183333300000E+03,   2.09484105581169E-01,   4.84615500000000E-01,  -3.84418066976798E+01,   1.11970000000000E+02,   1.52303796077392E+02,   9.03180598728638E+02
  1.93191666700000E+03,   1.87947935110187E-01,   4.86538500000000E-01,  -3.84427879652500E+01,   1.12150000000000E+02,   2.15422811528784E+02,   1.45891639900827E+03
  1.93200000000000E+03,   1.61509908099344E-01,   3.65384500000000E-01,  -3.84437681351045E+01,   1.12330000000000E+02,   2.15629813584767E+02,   1.88718440966029E+03
  1.93208333300000E+03,   1.34706461930710E-01,   2.71153750000000E-01,  -3.84447472069717E+01,   1.12510000000000E+02,   2.98072336792306E+02,   1.73548492418104E+03
  1.93216666700000E+03,   1.11261465445015E-01,   1.34615325000000E-01,  -3.84457251805801E+01,   1.12690000000000E+02,   2.58022122499032E+02,   1.87623518275558E+03
  1.93225000000000E+03,   9.17350058354307E-02,  -5.76923500000000E-02,  -3.84467020556590E+01,   1.12870000000000E+02,   2.58067102803767E+02,   1.77018674405967E+03
  1.93233333300000E+03,   7.49403077417238E-02,  -1.28846150000000E-01,  -3.84476778319376E+01,   1.13050000000000E+02,   2.56679534869664E+02,   1.32585060037533E+03
  1.93241666700000E+03,   6.13702297103373E-02,  -9.61539500000000E-02,  -3.84486525091454E+01,   1.13230000000000E+02,   3.38176922982582E+02,   7.34537102499511E+02
  1.93250000000000E+03,   5.47687306218754E-02,  -4.80772250000000E-02,  -3.84496260870123E+01,   1.13410000000000E+02,   2.38521294279536E+02,   8.23417009076383E+02
  1.93258333300000E+03,   5.23532360106799E-02,  -3.46157500000000E-02,  -3.84505985652685E+01,   1.13590000000000E+02,   2.26834980933799E+02,   5.56849647285324E+02
  1.93266666700000E+03,   5.87477284647262E-02,  -1.23077250000000E-01,  -3.54209452400387E+01,   1.13770000000000E+02,   3.08609185838874E+02,   6.48599109284859E+02
  1.93275000000000E+03,   8.60158082181876E-02,  -1.73077250000000E-01,  -3.54222860573398E+01,   1.13950000000000E+02,   2.36420830568043E+02,   7.58711802376108E+02
  1.93283333300000E+03,   1.19913374797577E-01,  -2.17308000000000E-01,  -3.54236281843717E+01,   1.14130000000000E+02,   1.60169158815453E+02,   7.31822709609242E+02
  1.93291666700000E+03,   1.43134231151226E-01,  -4.21154000000000E-01,  -3.54249716206065E+01,   1.14310000000000E+02,   3.13273702999274E+02,   1.30626196814552E+03
  1.93300000000000E+03,   1.56086047851660E-01,  -6.30769250000000E-01,  -3.54263163655156E+01,   1.14490000000000E+02,   3.07472482567246E+02,   1.20369688109974E+03
  1.93308333300000E+03,   1.62357898318611E-01,  -6.61538500000000E-01,  -3.54276624185701E+01,   1.14670000000000E+02,   2.65605469145754E+02,   1.28830789114018E+03
  1.93316666700000E+03,   1.64839807667886E-01,  -5.38461500000000E-01,  -3.54290097792407E+01,   1.14850000000000E+02,   3.60145274812542E+02,   1.48910968837715E+03
  1.93325000000000E+03,   1.63421491317065E-01,  -3.78846000000000E-01,  -3.54303584469978E+01,   1.15030000000000E+02,   4.26099700402201E+02,   1.81138903254177E+03
  1.93333333300000E+03,   1.56454195907885E-01,  -2.53846000000000E-01,  -3.54317084213110E+01,   1.15210000000000E+02,   2.85152331656101E+02,   1.46272870559557E+03
  1.93341666700000E+03,   1.44213952947264E-01,  -2.13461250000000E-01,  -3.54330597016500E+01,   1.15390000000000E+02,   3.31192406125600E+02,   1.40363289165855E+03
  1.93350000000000E+03,   1.30498932712927E-01,  -2.36538250000000E-01,  -3.54344122874836E+01,   1.15570000000000E+02,   2.87517340344493E+02,   1.36670473608673E+03
  1.93358333300000E+03,   1.08497920046461E-01,  -3.15384750000000E-01,  -3.54357661782803E+01,   1.15750000000000E+02,   1.69795015053742E+02,   9.28290438535064E+02
  1.93366666700000E+03,   7.88443502783028E-02,  -4.11538750000000E-01,  -4.33586562145560E+01,   1.15930000000000E+02,   1.39507842669578E+02,   6.82092763210367E+02
  1.93375000000000E+03,   6.12071797644563E-02,  -4.80769500000000E-01,  -4.33582023280964E+01,   1.16110000000000E+02,   1.59609055492911E+02,   6.57521335513610E+02
  1.93383333300000E+03,   5.19736412705399E-02,  -5.65384750000000E-01,  -4.33577469697727E+01,   1.16290000000000E+02,   1.87464474865329E+02,   1.35160922536985E+03
  1.93391666700000E+03,   3.70448384839217E-02,  -5.32692250000000E-01,  -4.33572901396833E+01,   1.16470000000000E+02,   2.58859793517832E+02,   1.19962872458990E+03
  1.93400000000000E+03,   1.68621366444326E-02,  -4.21153750000000E-01,  -4.33568318379271E+01,   1.16650000000000E+02,   2.62499415275885E+02,   1.35416530343345E+03
  1.93408333300000E+03,  -5.06654077041556E-03,  -3.96154000000000E-01,  -4.33563720646036E+01,   1.16830000000000E+02,   2.17108851577167E+02,   1.46523090757686E+03
  1.93416666700000E+03,  -2.60433362200600E-02,  -4.34615750000000E-01,  -4.33559108198126E+01,   1.17010000000000E+02,   1.90617165462964E+02,   1.24463225577013E+03
  1.93425000000000E+03,  -4.64755033933578E-02,  -5.21154250000000E-01,  -4.33554481036543E+01,   1.17190000000000E+02,   1.60439785119181E+02,   8.94939932681667E+02
  1.93433333300000E+03,  -6.84050833465023E-02,  -5.80769500000000E-01,  -4.33549839162293E+01,   1.17370000000000E+02,   1.65793326727499E+02,   1.25885987581490E+03
  1.93441666700000E+03,  -9.20350731630171E-02,  -5.67307750000000E-01,  -4.33545182576387E+01,   1.17550000000000E+02,   1.63596836309030E+02,   1.39054096261314E+03
  1.93450000000000E+03,  -1.14119616955156E-01,  -5.69230750000000E-01,  -4.33540511279841E+01,   1.17730000000000E+02,   2.26415077326074E+02,   1.31973907611435E+03
  1.93458333300000E+03,  -1.75704839369881E-01,  -5.90384500000000E-01,  -4.33535825273675E+01,   1.17910000000000E+02,   3.49402769604523E+02,   1.63369523989088E+03
  1.93466666700000E+03,  -2.84247749546943E-01,  -5.03846000000000E-01,  -4.16404376813078E+01,   1.18090000000000E+02,   4.07920451359800E+02,   1.53906091873669E+03
  1.93475000000000E+03,  -3.58766395023001E-01,  -3.38461500000000E-01,  -4.16383166456587E+01,   1.18270000000000E+02,   3.95809803518967E+02,   1.12447464117412E+03
  1.93483333300000E+03,  -3.90977540879008E-01,  -2.26923250000000E-01,  -4.16361945936486E+01,   1.18450000000000E+02,   5.12642802201922E+02,   1.97982078830409E+03
  1.93491666700000E+03,  -4.17433984708787E-01,  -2.65384750000000E-01,  -4.16340715258581E+01,   1.18630000000000E+02,   4.43399208833114E+02,   2.06098700922946E+03
  1.93500000000000E+03,  -4.35726980451506E-01,  -4.80769000000000E-01,  -4.16319474428680E+01,   1.18810000000000E+02,   3.47017300949176E+02,   1.81504726237496E+03
  1.93508333300000E+03,  -4.40936540548277E-01,  -6.15384250000000E-01,  -4.16298223452594E+01,   1.18990000000000E+02,   2.45609535043698E+02,   1.67464829183160E+03
  1.93516666700000E+03,  -4.29582337101677E-01,  -5.98076750000000E-01,  -4.16276962336138E+01,   1.19170000000000E+02,   2.56353748442628E+02,   1.91922287468249E+03
  1.93525000000000E+03,  -4.01962716318483E-01,  -6.32692250000000E-01,  -4.16255691085129E+01,   1.19350000000000E+02,   1.39063877596171E+02,   8.12749545643432E+02
  1.93533333300000E+03,  -3.60695672560608E-01,  -6.69230750000000E-01,  -4.16234409705385E+01,   1.19530000000000E+02,   1.41631833024346E+02,   9.65880637438316E+02
  1.93541666700000E+03,  -3.07222921543535E-01,  -6.01923250000000E-01,  -4.16213118202732E+01,   1.19710000000000E+02,   1.17858492849371E+02,   1.18603960015876E+03
  1.93550000000000E+03,  -2.40145567984329E-01,  -4.57692500000000E-01,  -4.16191816582993E+01,   1.19890000000000E+02,   1.37705556930264E+02,   1.05439557237057E+03
  1.93558333300000E+03,  -6.15217667634003E-02,  -2.65384625000000E-01,  -4.16170504851999E+01,   1.20070000000000E+02,   5.34319143989938E+01,   9.28514781325357E+02
  1.93566666700000E+03,   1.88993026979395E-01,  -7.69230500000000E-02,  -3.95353415742601E+01,   1.20250000000000E+02,   5.22445210855221E+01,   9.03974962831335E+02
  1.93575000000000E+03,   2.71505115343640E-01,  -3.07692250000000E-02,  -3.95327265488360E+01,   1.20430000000000E+02,   5.35150148957851E+01,   5.23355521086371E+02
  1.93583333300000E+03,   2.10406646881536E-01,  -1.65384550000000E-01,  -3.95301125232967E+01,   1.20610000000000E+02,   5.71749862594996E+01,   2.48998918693699E+02
  1.93591666700000E+03,   1.35059469191131E-01,  -3.15384500000000E-01,  -3.95274994985065E+01,   1.20790000000000E+02,   9.92613406941993E+01,   3.73485089245066E+02
  1.93600000000000E+03,   5.07528794675799E-02,  -3.38461500000000E-01,  -3.95248874753292E+01,   1.20970000000000E+02,   1.85065604232170E+02,   3.23071949730720E+02
  1.93608333300000E+03,  -3.38322602230761E-02,  -1.96153900000000E-01,  -3.95222764546285E+01,   1.21150000000000E+02,   2.38003865902743E+02,   3.52174870707793E+02
  1.93616666700000E+03,  -1.10889753337568E-01,  -3.65385000000000E-02,  -3.95196664372674E+01,   1.21330000000000E+02,   2.56634897402511E+02,   6.57478951219236E+02
  1.93625000000000E+03,  -1.76168353015087E-01,   1.92307500000000E-03,  -3.95170574241087E+01,   1.21510000000000E+02,   2.42835110490362E+02,   8.61157496626955E+02
  1.93633333300000E+03,  -2.27852705585584E-01,   3.65384750000000E-02,  -3.95144494160151E+01,   1.21690000000000E+02,   2.36130496204551E+02,   1.07925726445667E+03
  1.93641666700000E+03,  -2.63379977173409E-01,   4.03846250000000E-02,  -3.95118424138484E+01,   1.21870000000000E+02,   3.22470675657783E+02,   1.42166225269279E+03
  1.93650000000000E+03,  -2.78037669639198E-01,  -1.00000025000000E-01,  -3.95092364184705E+01,   1.22050000000000E+02,   3.16836597208597E+02,   1.44075849457341E+03
  1.93658333300000E+03,  -2.07141453353981E-01,  -2.75000100000000E-01,  -3.95066314307427E+01,   1.22230000000000E+02,   3.45993049959536E+02,   1.20635015322100E+03
  1.93666666700000E+03,  -7.53754370228559E-02,  -3.94231000000000E-01,  -4.97655045618267E+01,   1.22410000000000E+02,   3.55424835210736E+02,   9.99108028797107E+02
  1.93675000000000E+03,  -3.60996149625493E-02,  -5.28846500000000E-01,  -4.97625355806251E+01,   1.22590000000000E+02,   3.41426298337732E+02,   7.15703957972256E+02
  1.93683333300000E+03,  -7.56012070579864E-02,  -6.36538750000000E-01,  -4.97595655621234E+01,   1.22770000000000E+02,   1.75573015564505E+02,   3.09677524461644E+02
  1.93691666700000E+03,  -1.11123110744080E-01,  -6.17307750000000E-01,  -4.97565945074702E+01,   1.22950000000000E+02,   1.59215720277152E+02,   2.52938924359297E+02
  1.93700000000000E+03,  -1.36278815382832E-01,  -5.69230750000000E-01,  -4.97536224178150E+01,   1.23130000000000E+02,   1.09904524818878E+02,   3.39184006978152E+02
  1.93708333300000E+03,  -1.42901033656243E-01,  -5.51923250000000E-01,  -4.97506492943071E+01,   1.23310000000000E+02,   1.17607406931382E+02,   6.40421726250835E+02
  1.93716666700000E+03,  -1.25445627924107E-01,  -5.61538750000000E-01,  -4.97476751380968E+01,   1.23490000000000E+02,   7.12108794902219E+01,   6.59880342717981E+02
  1.93725000000000E+03,  -8.36447030467003E-02,  -5.07692500000000E-01,  -4.97446999503346E+01,   1.23670000000000E+02,   7.36459059232147E+01,   1.02094814162469E+03
  1.93733333300000E+03,  -2.11855809613994E-02,  -2.71153922500000E-01,  -4.97417237321715E+01,   1.23850000000000E+02,   5.20103744735126E+01,   1.02861369021055E+03
  1.93741666700000E+03,   5.78414943408471E-02,  -6.73077200000000E-02,  -4.97387464847587E+01,   1.24030000000000E+02,   5.95338390011457E+01,   1.74787528400668E+03
  1.93750000000000E+03,   1.50855734053530E-01,  -1.73077225000000E-02,  -4.97357682092479E+01,   1.24210000000000E+02,   1.43849776519637E+02,   1.42052485842519E+03
  1.93758333300000E+03,   1.45662984754237E-01,  -2.49999750000000E-02,  -4.97327889067915E+01,   1.24390000000000E+02,   1.49198491918389E+02,   1.34210817150655E+03
  1.93766666700000E+03,   2.02425180267823E-02,  -8.84615500000000E-02,  -4.22485504848768E+01,   1.24570000000000E+02,   1.61430470091279E+02,   1.05709150380730E+03
  1.93775000000000E+03,  -3.23385938335854E-02,  -1.38461750000000E-01,  -4.22511784779496E+01,   1.24750000000000E+02,   2.54924348913459E+02,   1.03402815315132E+03
  1.93783333300000E+03,  -5.65967247222115E-03,  -1.36538750000000E-01,  -4.22538070407210E+01,   1.24930000000000E+02,   3.11451174104726E+02,   1.78261693240935E+02
  1.93791666700000E+03,   2.65009540678930E-03,  -1.76923250000000E-01,  -4.22564361720851E+01,   1.25110000000000E+02,   2.76467767715326E+02,   1.33094827783713E+02
  1.93800000000000E+03,  -4.97624503520644E-03,  -3.03846250000000E-01,  -4.22590658709359E+01,   1.25290000000000E+02,   3.16931554068474E+02,   1.61106674919371E+02
  1.93808333300000E+03,  -2.21460642841095E-02,  -4.17307750000000E-01,  -4.22616961361670E+01,   1.25470000000000E+02,   2.95786591795995E+02,   1.54806837493135E+02
  1.93816666700000E+03,  -4.26348407252653E-02,  -5.01923000000000E-01,  -4.22643269666720E+01,   1.25650000000000E+02,   3.83178046400414E+02,   9.98212785311136E+02
  1.93825000000000E+03,  -6.29864149920439E-02,  -6.51923000000000E-01,  -4.22669583613444E+01,   1.25830000000000E+02,   3.44297008297523E+02,   1.59945263665826E+03
  1.93833333300000E+03,  -8.13789999117040E-02,  -8.74999000000000E-01,  -4.22695903190772E+01,   1.26010000000000E+02,   3.63049432206212E+02,   3.04111922087283E+03
  1.93841666700000E+03,  -9.44925798520353E-02,  -1.05384400000000E+00,  -4.22722228387636E+01,   1.26190000000000E+02,   3.26561228108360E+02,   3.25965262911604E+03
  1.93850000000000E+03,  -9.62177480218120E-02,  -1.08846000000000E+00,  -4.22748559192964E+01,   1.26370000000000E+02,   3.34876917776861E+02,   3.32113172609569E+03
  1.93858333300000E+03,  -2.15603322529368E-01,  -1.09807750000000E+00,  -4.22774895595685E+01,   1.26550000000000E+02,   1.84678533808782E+02,   2.51023071432873E+03
  1.93866666700000E+03,  -4.75363537308581E-01,  -1.10192525000000E+00,  -3.92110232506755E+01,   1.26730000000000E+02,   1.93084803742275E+02,   1.93260740528926E+03
  1.93875000000000E+03,  -6.31115245562717E-01,  -1.06538550000000E+00,  -3.92133333297748E+01,   1.26910000000000E+02,   1.43432264886377E+02,   8.78908001329238E+02
  1.93883333300000E+03,  -6.59891513100787E-01,  -1.06730775000000E+00,  -3.92156442257999E+01,   1.27090000000000E+02,   2.17118171112298E+02,   6.46863779279916E+02
  1.93891666700000E+03,  -6.74090591705886E-01,  -1.01538575000000E+00,  -3.92179559378395E+01,   1.27270000000000E+02,   2.36438239352859E+02,   5.29838770953799E+02
  1.93900000000000E+03,  -6.73810159989305E-01,  -8.96154500000000E-01,  -3.92202684649821E+01,   1.27450000000000E+02,   2.41688234256883E+02,   1.02605188404261E+03
  1.93908333300000E+03,  -6.57146835507372E-01,  -7.23076750000000E-01,  -3.92225818063161E+01,   1.27630000000000E+02,   2.14869734665367E+02,   1.13612839215635E+03
  1.93916666700000E+03,  -6.23948020619882E-01,  -4.59615250000000E-01,  -3.92248959609293E+01,   1.27810000000000E+02,   2.90286324791133E+02,   2.27628926631580E+03
  1.93925000000000E+03,  -5.77926923733791E-01,  -2.28846050000000E-01,  -3.92272109279097E+01,   1.27990000000000E+02,   1.97672064810887E+02,   2.70720181664820E+03
  1.93933333300000E+03,  -5.24969290513377E-01,  -2.49998500000000E-02,  -3.92295267063445E+01,   1.28170000000000E+02,   2.30909569658875E+02,   2.95503683660883E+03
  1.93941666700000E+03,  -4.69408588572437E-01,   2.28846450000000E-01,  -3.92318432953212E+01,   1.28350000000000E+02,   1.93609348726855E+02,   2.53131027493053E+03
  1.93950000000000E+03,  -4.12153605267854E-01,   4.28846500000000E-01,  -3.92341606939266E+01,   1.28530000000000E+02,   2.03596609592182E+02,   2.55482268058946E+03
  1.93958333300000E+03,  -2.14704168442096E-01,   5.63461750000000E-01,  -3.92364789012476E+01,   1.28710000000000E+02,   1.04185288039863E+02,   1.34295524447053E+03
  1.93966666700000E+03,   1.11709456393352E-01,   7.28846250000000E-01,  -5.01941460721174E+01,   1.28890000000000E+02,   1.71528825103480E+02,   2.16774808344473E+03
  1.93975000000000E+03,   2.77695459253289E-01,   8.42307750000000E-01,  -5.01947226764810E+01,   1.29070000000000E+02,   1.34222119132848E+02,   1.98102459415193E+03
  1.93983333300000E+03,   2.88828943619366E-01,   8.28846250000000E-01,  -5.01952974147100E+01,   1.29250000000000E+02,   1.40926401374256E+02,   1.98791922210138E+03
  1.93991666700000E+03,   2.89694095509421E-01,   7.48077000000000E-01,  -5.01958702865258E+01,   1.29430000000000E+02,   1.22434399291023E+02,   1.98541282342388E+03
  1.94000000000000E+03,   2.80739096794260E-01,   6.55769000000000E-01,  -5.01964412916505E+01,   1.29610000000000E+02,   1.47285357425641E+02,   1.75463059557588E+03
  1.94008333300000E+03,   2.65678423584381E-01,   6.09615000000000E-01,  -5.01970104298071E+01,   1.29790000000000E+02,   1.58902506219130E+02,   5.67911202880601E+02
  1.94016666700000E+03,   2.47604648389520E-01,   5.57692000000000E-01,  -5.01975777007191E+01,   1.29970000000000E+02,   1.68147719838913E+02,   5.67303911956446E+02
  1.94025000000000E+03,   2.26671704874135E-01,   3.94230500000000E-01,  -5.01981431041108E+01,   1.30150000000000E+02,   1.52356739396206E+02,   5.30317305601481E+02
  1.94033333300000E+03,   2.01534635164618E-01,   2.71153750000000E-01,  -5.01987066397072E+01,   1.30330000000000E+02,   2.33762239881861E+02,   3.85987524939142E+02
  1.94041666700000E+03,   1.72785702641387E-01,   3.15384750000000E-01,  -5.01992683072343E+01,   1.30510000000000E+02,   2.47034393585799E+02,   4.41377804856095E+02
  1.94050000000000E+03,   1.44521506506844E-01,   3.59615500000000E-01,  -5.01998281064185E+01,   1.30690000000000E+02,   1.86089201466786E+02,   7.12718505745986E+02
  1.94058333300000E+03,   3.38931159168632E-02,   2.94230750000000E-01,  -5.02003860369870E+01,   1.30870000000000E+02,   1.76539333740005E+02,   1.07607907468239E+03
  1.94066666700000E+03,  -1.40924253098418E-01,   2.19230750000000E-01,  -4.28015317004805E+01,   1.31050000000000E+02,   1.78970930508978E+02,   1.31999198922599E+03
  1.94075000000000E+03,  -1.88652406533924E-01,   1.88461500000000E-01,  -4.27994504698878E+01,   1.31230000000000E+02,   1.81559002736805E+02,   1.36555150590912E+03
  1.94083333300000E+03,  -1.27606351405618E-01,   1.51923000000000E-01,  -4.27973709175560E+01,   1.31410000000000E+02,   1.36393088693661E+02,   1.86547683422565E+03
  1.94091666700000E+03,  -6.55975908645287E-02,   1.19230750000000E-01,  -4.27952930442688E+01,   1.31590000000000E+02,   1.48945898380037E+02,   1.77766455584127E+03
  1.94100000000000E+03,  -4.57597119084852E-03,   1.21154000000000E-01,  -4.27932168508094E+01,   1.31770000000000E+02,   1.84999289468839E+02,   1.57353232427728E+03
  1.94108333300000E+03,   5.63367600588559E-02,   1.75000250000000E-01,  -4.27911423379603E+01,   1.31950000000000E+02,   1.86193490324309E+02,   1.36356123329699E+03
  1.94116666700000E+03,   1.17091230679845E-01,   2.78846250000000E-01,  -4.27890695065030E+01,   1.32130000000000E+02,   1.56112726182549E+02,   1.37793480830486E+03
  1.94125000000000E+03,   1.74542901637107E-01,   3.61538250000000E-01,  -4.27869983572186E+01,   1.32310000000000E+02,   2.43684260509093E+02,   9.30744460726017E+02
  1.94133333300000E+03,   2.24050306594476E-01,   3.98076750000000E-01,  -4.27849288908872E+01,   1.32490000000000E+02,   2.15484902000846E+02,   6.88119410302490E+02
  1.94141666700000E+03,   2.63071024034664E-01,   3.92307750000000E-01,  -4.27828611082884E+01,   1.32670000000000E+02,   1.69086173246335E+02,   5.35627267292328E+02
  1.94150000000000E+03,   2.92881977823836E-01,   3.36538500000000E-01,  -4.27807950102009E+01,   1.32850000000000E+02,   3.04774159941508E+02,   5.60632122272160E+02
  1.94158333300000E+03,   3.46101648684650E-01,   3.17307750000000E-01,  -4.27787305974029E+01,   1.33030000000000E+02,   2.65064608067553E+02,   5.44965721979737E+02
  1.94166666700000E+03,   4.17841088116647E-01,   3.46154000000000E-01,  -4.98946616505592E+01,   1.33210000000000E+02,   2.12964919292950E+02,   3.84484488244541E+02
  1.94175000000000E+03,   4.41279756704291E-01,   3.17308000000000E-01,  -4.98934574872692E+01,   1.33390000000000E+02,   2.55640621821443E+02,   7.28386910054926E+02
  1.94183333300000E+03,   4.19443787840998E-01,   2.90385000000000E-01,  -4.98922515193244E+01,   1.33570000000000E+02,   2.67848526838864E+02,   1.19106817742535E+03
  1.94191666700000E+03,   3.85498930848431E-01,   3.25000250000000E-01,  -4.98910437471262E+01,   1.33750000000000E+02,   1.55017006647680E+02,   1.17912916561794E+03
  1.94200000000000E+03,   3.40480029545319E-01,   3.21154000000000E-01,  -4.98898341710763E+01,   1.33930000000000E+02,   1.68946930159163E+02,   1.12605360339889E+03
  1.94208333300000E+03,   2.88623136385179E-01,   2.57692500000000E-01,  -4.98886227915773E+01,   1.34110000000000E+02,   1.32882645806309E+02,   1.09174410077403E+03
  1.94216666700000E+03,   2.33463173678290E-01,   1.40384775000000E-01,  -4.98874096090325E+01,   1.34290000000000E+02,   1.66391789471661E+02,   7.72418595770607E+02
  1.94225000000000E+03,   1.75510347245115E-01,   2.69231275000000E-02,  -4.98861946238457E+01,   1.34470000000000E+02,   1.71411157303734E+02,   2.64295446922304E+02
  1.94233333300000E+03,   1.13690329709564E-01,  -9.61537000000000E-03,  -4.98849778364216E+01,   1.34650000000000E+02,   2.17255862182577E+02,   3.80201760420017E+02
  1.94241666700000E+03,   4.87875998888029E-02,   7.69232750000000E-03,  -4.98837592471654E+01,   1.34830000000000E+02,   1.96348245990230E+02,   5.15756147982739E+02
  1.94250000000000E+03,  -1.49743681435145E-02,   3.46154000000000E-02,  -4.98825388564830E+01,   1.35010000000000E+02,   2.05510451830190E+02,   5.55672904704977E+02
  1.94258333300000E+03,  -6.51558220078613E-02,  -4.42306500000000E-02,  -4.98813166647810E+01,   1.35190000000000E+02,   1.36788661712012E+02,   6.83349347617710E+02
  1.94266666700000E+03,  -8.56948420033458E-02,  -2.99999750000000E-01,  -5.02812516939713E+01,   1.35370000000000E+02,   1.26348554531205E+02,   9.56580004441133E+02
  1.94275000000000E+03,  -8.01476809933335E-02,  -5.92307500000000E-01,  -5.02811828925955E+01,   1.35550000000000E+02,   6.75643353744526E+01,   1.01090236158301E+03
  1.94283333300000E+03,  -6.87135700964460E-02,  -7.50000000000000E-01,  -5.02811121727100E+01,   1.35730000000000E+02,   8.01168124110787E+01,   9.29098017223179E+02
  1.94291666700000E+03,  -6.25084335610524E-02,  -8.46154000000000E-01,  -5.02810395342862E+01,   1.35910000000000E+02,   9.40245699358755E+01,   9.49913638377329E+02
  1.94300000000000E+03,  -6.11356439128123E-02,  -8.94230750000000E-01,  -5.02809649772961E+01,   1.36090000000000E+02,   1.06160446242511E+02,   9.16595090310276E+02
  1.94308333300000E+03,  -6.11287327355936E-02,  -8.36538250000000E-01,  -5.02808885017125E+01,   1.36270000000000E+02,   1.55559891094640E+02,   6.71639836991346E+02
  1.94316666700000E+03,  -5.98282793618495E-02,  -7.82692250000000E-01,  -5.02808101075089E+01,   1.36450000000000E+02,   1.43159368314350E+02,   5.19845247989334E+02
  1.94325000000000E+03,  -5.76773739584577E-02,  -7.59615500000000E-01,  -5.02807297946597E+01,   1.36630000000000E+02,   3.29447695531417E+02,   4.49680153388856E+02
  1.94333333300000E+03,  -5.67518482721906E-02,  -8.07692500000000E-01,  -5.02806475631398E+01,   1.36810000000000E+02,   3.57319256019837E+02,   5.10400368831400E+02
  1.94341666700000E+03,  -5.72871218767713E-02,  -9.32693250000000E-01,  -5.02805634129250E+01,   1.36990000000000E+02,   3.82726331389300E+02,   5.62605437482521E+02
  1.94350000000000E+03,  -5.60691696212463E-02,  -1.01923275000000E+00,  -5.02804773439918E+01,   1.37170000000000E+02,   3.40351020840008E+02,   9.76899523670506E+02
  1.94358333300000E+03,  -1.40340790873894E-01,  -9.65386250000000E-01,  -5.02803893563175E+01,   1.37350000000000E+02,   4.31482097533741E+02,   9.63792793632206E+02
  1.94366666700000E+03,  -3.20112471630926E-01,  -7.80769750000000E-01,  -5.16741653900363E+01,   1.37530000000000E+02,   2.27290162421297E+02,   1.06907692403053E+03
  1.94375000000000E+03,  -4.25508537452301E-01,  -6.00000000000000E-01,  -5.16759803014913E+01,   1.37710000000000E+02,   1.90055429913779E+02,   9.99884776920499E+02
  1.94383333300000E+03,  -4.47784666293433E-01,  -4.55769250000000E-01,  -5.16777935773576E+01,   1.37890000000000E+02,   1.68962982852105E+02,   1.05497823126470E+03
  1.94391666700000E+03,  -4.68775297049293E-01,  -2.94230875000000E-01,  -5.16796052167912E+01,   1.38070000000000E+02,   1.50719976361282E+02,   8.27531968031125E+02
  1.94400000000000E+03,  -4.86877442878397E-01,  -1.57692250000000E-01,  -5.16814152189489E+01,   1.38250000000000E+02,   9.02725824216846E+01,   7.03423111370020E+02
  1.94408333300000E+03,  -4.97660603390414E-01,  -1.88461375000000E-01,  -5.16832235829884E+01,   1.38430000000000E+02,   1.42279213218112E+02,   6.87717499767244E+02
  1.94416666700000E+03,  -4.97782281892189E-01,  -3.05769250000000E-01,  -5.16850303080677E+01,   1.38610000000000E+02,   1.24713673308329E+02,   7.49247726462362E+02
  1.94425000000000E+03,  -4.87311616849210E-01,  -3.28846250000000E-01,  -5.16868353933458E+01,   1.38790000000000E+02,   1.84692910586286E+02,   5.72312777358666E+02
  1.94433333300000E+03,  -4.68276315698043E-01,  -2.98077000000000E-01,  -5.16886388379826E+01,   1.38970000000000E+02,   2.21710077317955E+02,   5.33684173147846E+02
  1.94441666700000E+03,  -4.41194170618490E-01,  -2.13461650000000E-01,  -5.16904406411384E+01,   1.39150000000000E+02,   2.21588565960329E+02,   1.18885081751538E+03
  1.94450000000000E+03,  -4.03456545163622E-01,  -1.07692300000000E-01,  -5.16922408019746E+01,   1.39330000000000E+02,   1.75546859907848E+02,   1.09653373865993E+03
  1.94458333300000E+03,  -1.88860856673927E-01,  -1.21153650000000E-01,  -5.16940393196530E+01,   1.39510000000000E+02,   1.91862957224797E+02,   1.13308894874793E+03
  1.94466666700000E+03,   1.74175522035026E-01,  -1.80769000000000E-01,  -4.15799200994807E+01,   1.39690000000000E+02,   2.32119633839664E+02,   1.55574309076979E+03
  1.94475000000000E+03,   3.26848091221974E-01,  -1.86538250000000E-01,  -4.15772949644508E+01,   1.39870000000000E+02,   2.50717751102254E+02,   1.47769812306687E+03
  1.94483333300000E+03,   2.91775667589189E-01,  -1.78846000000000E-01,  -4.15746710021564E+01,   1.40050000000000E+02,   2.39879809627845E+02,   1.21984238502737E+03
  1.94491666700000E+03,   2.58182333385211E-01,  -1.84615500000000E-01,  -4.15720482135384E+01,   1.40230000000000E+02,   2.37607637777040E+02,   1.43443369393623E+03
  1.94500000000000E+03,   2.28688577113772E-01,  -2.88461750000000E-01,  -4.15694265995369E+01,   1.40410000000000E+02,   3.20284141390026E+02,   1.33692408027234E+03
  1.94508333300000E+03,   2.07793526612296E-01,  -4.46153750000000E-01,  -4.15668061610915E+01,   1.40590000000000E+02,   1.97225825961004E+02,   9.08759617222240E+02
  1.94516666700000E+03,   1.97943587353459E-01,  -4.26922750000000E-01,  -4.15641868991417E+01,   1.40770000000000E+02,   1.91967909969168E+02,   7.86950764899189E+02
  1.94525000000000E+03,   1.97289624397442E-01,  -1.94230500000000E-01,  -4.15615688146261E+01,   1.40950000000000E+02,   1.71108305389935E+02,   4.12448465410899E+02
  1.94533333300000E+03,   2.01311230695569E-01,   1.01923250000000E-01,  -4.15589519084833E+01,   1.41130000000000E+02,   2.33360297645279E+02,   3.07019429879310E+02
  1.94541666700000E+03,   2.06532845653042E-01,   2.92307750000000E-01,  -4.15563361816512E+01,   1.41310000000000E+02,   1.47264566597599E+02,   2.38455420666514E+02
  1.94550000000000E+03,   2.12443822640579E-01,   2.96153750000000E-01,  -4.15537216350670E+01,   1.41490000000000E+02,   1.72153817252209E+02,   3.24474420412444E+02
  1.94558333300000E+03,   1.28962920595903E-01,   2.59615250000000E-01,  -4.15511082696680E+01,   1.41670000000000E+02,   1.16223160714516E+02,   3.67061367734568E+02
  1.94566666700000E+03,  -4.98147870307423E-02,   2.67307500000000E-01,  -4.57976072271681E+01,   1.41850000000000E+02,   1.23105655090732E+02,   1.34149973384337E+03
  1.94575000000000E+03,  -1.46105099170210E-01,   2.32692000000000E-01,  -4.58004939811650E+01,   1.42030000000000E+02,   1.68761975172150E+02,   1.25923818027205E+03
  1.94583333300000E+03,  -1.50144315785021E-01,   1.44230525000000E-01,  -4.58033807839058E+01,   1.42210000000000E+02,   2.21417616102728E+02,   1.66608854123852E+03
  1.94591666700000E+03,  -1.45793070973151E-01,   5.00000000014378E-08,  -4.58062676341051E+01,   1.42390000000000E+02,   2.03638761791307E+02,   1.58749081893056E+03
  1.94600000000000E+03,  -1.32479701574820E-01,  -1.61538225000000E-01,  -4.58091545304777E+01,   1.42570000000000E+02,   2.11048541437357E+02,   1.94268969611372E+03
  1.94608333300000E+03,  -1.08239772528230E-01,  -2.63461500000000E-01,  -4.58120414717384E+01,   1.42750000000000E+02,   2.12798361734068E+02,   1.38365440075644E+03
  1.94616666700000E+03,  -7.34169856346558E-02,  -2.32692450000000E-01,  -4.58149284566020E+01,   1.42930000000000E+02,   1.96161143185548E+02,   1.96128565815878E+03
  1.94625000000000E+03,  -3.26285955013538E-02,  -1.26923150000000E-01,  -4.58178154837833E+01,   1.43110000000000E+02,   1.44335707692860E+02,   2.09394322399721E+03
  1.94633333300000E+03,   7.15550599455991E-03,  -1.90384700000000E-01,  -4.58207025519973E+01,   1.43290000000000E+02,   1.38614375098341E+02,   2.27289444585917E+03
  1.94641666700000E+03,   4.06132569945999E-02,  -4.19231000000000E-01,  -4.58235896599588E+01,   1.43470000000000E+02,   1.41515489940892E+02,   2.00611458445196E+03
  1.94650000000000E+03,   6.62303844075194E-02,  -4.71154000000000E-01,  -4.58264768063829E+01,   1.43650000000000E+02,   1.83713717999950E+02,   1.60344080447899E+03
  1.94658333300000E+03,   1.68084566093800E-03,  -2.42307600000000E-01,  -4.58293639899846E+01,   1.43830000000000E+02,   1.16711583177629E+02,   1.01257690452673E+03
  1.94666666700000E+03,  -1.58443144952039E-01,  -9.42307000000000E-02,  -4.91021331644678E+01,   1.44010000000000E+02,   1.44075751577923E+02,   5.12703171197558E+02
  1.94675000000000E+03,  -2.47974937865771E-01,  -1.01923125000000E-01,  -4.90989674899128E+01,   1.44190000000000E+02,   2.28217574317998E+02,   2.70082669377094E+02
  1.94683333300000E+03,  -2.50573566887022E-01,  -8.46153000000000E-02,  -4.90958010353621E+01,   1.44370000000000E+02,   2.44160443034326E+02,   3.63722903030599E+02
  1.94691666700000E+03,  -2.41139133679602E-01,  -7.30766975000000E-02,  -4.90926338020463E+01,   1.44550000000000E+02,   1.93181639249937E+02,   3.64706536524277E+02
  1.94700000000000E+03,  -2.22707267935507E-01,   1.34616550000000E-02,  -4.90894657911964E+01,   1.44730000000000E+02,   1.69790980958007E+02,   8.12071358196251E+02
  1.94708333300000E+03,  -1.97037992234824E-01,   1.44230827500000E-01,  -4.90862970040438E+01,   1.44910000000000E+02,   1.28732872683182E+02,   9.77835096054385E+02
  1.94716666700000E+03,  -1.67802159131113E-01,   2.05769250000000E-01,  -4.90831274418202E+01,   1.45090000000000E+02,   5.46408870841144E+01,   2.09061387841385E+03
  1.94725000000000E+03,  -1.42045101613006E-01,   2.40384500000000E-01,  -4.90799571057574E+01,   1.45270000000000E+02,   7.29867459765053E+01,   2.13831016254495E+03
  1.94733333300000E+03,  -1.27842930659264E-01,   2.61538500000000E-01,  -4.90767859970875E+01,   1.45450000000000E+02,   1.36174354408588E+02,   2.19224547480764E+03
  1.94741666700000E+03,  -1.30018433395399E-01,   3.11538750000000E-01,  -4.90736141170435E+01,   1.45630000000000E+02,   1.29120520005398E+02,   1.92088775965543E+03
  1.94750000000000E+03,  -1.47882778374145E-01,   3.78846500000000E-01,  -4.90704414668581E+01,   1.45810000000000E+02,   1.75395272286155E+02,   1.89644302879488E+03
  1.94758333300000E+03,  -2.45952282708762E-01,   2.90384875000000E-01,  -4.90672680477647E+01,   1.45990000000000E+02,   1.95099520174728E+02,   7.86371030238364E+02
  1.94766666700000E+03,  -4.12389620131240E-01,  -2.69230000000000E-02,  -4.50333686467913E+01,   1.46170000000000E+02,   1.60455492181622E+02,   7.29125753891189E+02
  1.94775000000000E+03,  -4.96934039741473E-01,  -2.44230875000000E-01,  -4.50353965258783E+01,   1.46350000000000E+02,   1.54939053551783E+02,   9.51355867414735E+02
  1.94783333300000E+03,  -5.02015786442682E-01,  -1.82692500000000E-01,  -4.50374259772551E+01,   1.46530000000000E+02,   1.79481323994405E+02,   8.66483163981698E+02
  1.94791666700000E+03,  -5.02634406886207E-01,  -9.42308750000000E-02,  -4.50394569998584E+01,   1.46710000000000E+02,   2.25926240822172E+02,   1.05163995332764E+03
  1.94800000000000E+03,  -4.97219452392362E-01,  -5.76923275000000E-02,  -4.50414895926240E+01,   1.46890000000000E+02,   1.98544914743793E+02,   1.04237747697267E+03
  1.94808333300000E+03,  -4.81289369163829E-01,  -2.69230800000000E-02,  -4.50435237544876E+01,   1.47070000000000E+02,   2.38358549460489E+02,   9.46418002882274E+02
  1.94816666700000E+03,  -4.51466134260791E-01,  -7.69230250000000E-03,  -4.50455594843838E+01,   1.47250000000000E+02,   2.42599034138443E+02,   6.37899228359200E+02
  1.94825000000000E+03,  -4.07915933422221E-01,   4.80769500000000E-02,  -4.50475967812464E+01,   1.47430000000000E+02,   2.56289272001199E+02,   1.02628281457438E+03
  1.94833333300000E+03,  -3.53013045547133E-01,   9.23077500000000E-02,  -4.50496356440091E+01,   1.47610000000000E+02,   2.69816489734617E+02,   8.48692583906231E+02
  1.94841666700000E+03,  -2.87969318763910E-01,   7.69225000000000E-03,  -4.50516760716040E+01,   1.47790000000000E+02,   2.74466496463900E+02,   1.07573317617071E+03
  1.94850000000000E+03,  -2.11279233039685E-01,  -1.59615625000000E-01,  -4.50537180629633E+01,   1.47970000000000E+02,   2.35920865740674E+02,   1.22303094406105E+03
  1.94858333300000E+03,  -1.68809755808105E-01,  -2.73077250000000E-01,  -4.50557616170183E+01,   1.48150000000000E+02,   3.32078519450151E+02,   1.39156431072550E+03
  1.94866666700000E+03,  -1.52434580069516E-01,  -3.19231000000000E-01,  -4.09086167096894E+01,   1.48330000000000E+02,   3.50952138377307E+02,   1.02437147910274E+03
  1.94875000000000E+03,  -6.41429003523008E-02,  -3.11538500000000E-01,  -4.09056346239651E+01,   1.48510000000000E+02,   2.52171667086333E+02,   1.03769201046247E+03
  1.94883333300000E+03,   7.43741049802234E-02,  -2.30769250000000E-01,  -4.09026523388803E+01,   1.48690000000000E+02,   2.63284579234314E+02,   1.05492204293143E+03
  1.94891666700000E+03,   1.93669352516993E-01,  -1.40384675000000E-01,  -4.08996698553445E+01,   1.48870000000000E+02,   2.72243280251662E+02,   8.98208824282326E+02
  1.94900000000000E+03,   2.86766370355082E-01,  -9.03846500000000E-02,  -4.08966871742674E+01,   1.49050000000000E+02,   1.45298156028613E+02,   8.12537190219946E+02
  1.94908333300000E+03,   3.51707766389171E-01,  -5.19231025000000E-02,  -4.08937042965584E+01,   1.49230000000000E+02,   9.47415725680883E+01,   9.00241710571293E+02
  1.94916666700000E+03,   3.88128824813247E-01,  -1.92307825000000E-02,  -4.08907212231276E+01,   1.49410000000000E+02,   1.08205083729583E+02,   1.02317188238027E+03
  1.94925000000000E+03,   3.95182307416699E-01,  -9.61538250000000E-03,  -4.08877379548846E+01,   1.49590000000000E+02,   1.19725907419936E+02,   8.01228505902691E+02
  1.94933333300000E+03,   3.72978567115703E-01,  -5.19231275000000E-02,  -4.08847544927395E+01,   1.49770000000000E+02,   1.58450795337046E+02,   7.55750671332935E+02
  1.94941666700000E+03,   3.25784054304130E-01,  -1.40384650000000E-01,  -4.08817708376020E+01,   1.49950000000000E+02,   1.41847010838496E+02,   6.81194709561579E+02
  1.94950000000000E+03,   2.63139735775070E-01,  -2.09615250000000E-01,  -4.08787869903823E+01,   1.50130000000000E+02,   1.38263858754397E+02,   6.07743574333098E+02
  1.94958333300000E+03,   2.04778803062198E-01,  -2.05769000000000E-01,  -4.08758029519905E+01,   1.50310000000000E+02,   1.30230336343171E+02,   4.43454349500965E+02
  1.94966666700000E+03,   1.62865331727740E-01,  -1.78846000000000E-01,  -4.58273207448561E+01,   1.50490000000000E+02,   1.04102668901649E+02,   4.31630858468264E+02
  1.94975000000000E+03,   1.23405014551358E-01,  -1.21153750000000E-01,  -4.58248209851761E+01,   1.50670000000000E+02,   9.18543214691454E+01,   4.19687726494437E+02
  1.94983333300000E+03,   7.36105148476690E-02,   2.50002500000000E-02,  -4.58223201371754E+01,   1.50850000000000E+02,   7.77257283636602E+01,   4.22142468214175E+02
  1.94991666700000E+03,   1.46819204313669E-02,   8.46156725000000E-02,  -4.58198182016726E+01,   1.51030000000000E+02,   1.55945430728339E+02,   7.64629472535290E+02
  1.95000000000000E+03,  -4.78070062564366E-02,  -1.92306550000000E-02,  -4.58173151794866E+01,   1.51210000000000E+02,   2.00445696897630E+02,   9.77661200566497E+02
  1.95008333300000E+03,  -1.05502776714754E-01,  -2.13461577500000E-01,  -4.58148110714366E+01,   1.51390000000000E+02,   2.03809378694056E+02,   1.12728806305849E+03
  1.95016666700000E+03,  -1.51536341046752E-01,  -4.51923250000000E-01,  -4.58123058783422E+01,   1.51570000000000E+02,   2.01132106612611E+02,   1.17921055436945E+03
  1.95025000000000E+03,  -1.83145020146198E-01,  -5.94231000000000E-01,  -4.58097996010234E+01,   1.51750000000000E+02,   2.01666750809003E+02,   1.22929556467836E+03
  1.95033333300000E+03,  -2.00443511281047E-01,  -5.55769500000000E-01,  -4.58072922403006E+01,   1.51930000000000E+02,   1.32636343728797E+02,   9.46688524938188E+02
  1.95041666700000E+03,  -2.03088289148234E-01,  -4.53846500000000E-01,  -4.58047837969945E+01,   1.52110000000000E+02,   8.95749807968386E+01,   6.29119596027629E+02
  1.95050000000000E+03,  -1.88693986004894E-01,  -4.53846500000000E-01,  -4.58022742719263E+01,   1.52290000000000E+02,   1.99328770587116E+02,   1.24149560335069E+03
  1.95058333300000E+03,  -7.32728506043536E-02,  -4.50000250000000E-01,  -4.57997636659174E+01,   1.52470000000000E+02,   1.66050540370052E+02,   1.17245305913882E+03
  1.95066666700000E+03,   1.05131296378902E-01,  -3.07692500000000E-01,  -4.34676393146553E+01,   1.52650000000000E+02,   1.73699814772885E+02,   1.50032301609577E+03
  1.95075000000000E+03,   1.40063468758970E-01,  -1.11538500000000E-01,  -4.34645484670850E+01,   1.52830000000000E+02,   1.98786767158855E+02,   1.33328257058281E+03
  1.95083333300000E+03,   6.20373338924617E-02,   6.15385000000000E-02,  -4.34614573104204E+01,   1.53010000000000E+02,   1.90920500817162E+02,   1.36958912246041E+03
  1.95091666700000E+03,  -9.41396536735819E-03,   1.53846000000000E-01,  -4.34583658456886E+01,   1.53190000000000E+02,   9.35343353247503E+01,   7.54072345004091E+02
  1.95100000000000E+03,  -6.69162043011568E-02,   1.28846000000000E-01,  -4.34552740739166E+01,   1.53370000000000E+02,   1.26036062342010E+02,   1.10592490134812E+03
  1.95108333300000E+03,  -1.02171249455131E-01,   6.73076750000000E-02,  -4.34521819961318E+01,   1.53550000000000E+02,   1.86476835421182E+02,   8.40183645837707E+02
  1.95116666700000E+03,  -1.10288961451325E-01,   9.80768500000000E-02,  -4.34490896133613E+01,   1.53730000000000E+02,   2.15597272902017E+02,   8.05832083548885E+02
  1.95125000000000E+03,  -9.22589620962578E-02,   2.03845925000000E-01,  -4.34459969266326E+01,   1.53910000000000E+02,   2.65785542598995E+02,   8.02040978947794E+02
  1.95133333300000E+03,  -5.33607216727916E-02,   2.24999775000000E-01,  -4.34429039369732E+01,   1.54090000000000E+02,   2.63429020124720E+02,   8.80380751430010E+02
  1.95141666700000E+03,   7.11927505980052E-04,   7.69230500000000E-02,  -4.34398106454110E+01,   1.54270000000000E+02,   2.53721627206809E+02,   8.04590998422541E+02
  1.95150000000000E+03,   6.60995957743191E-02,  -5.38460750000000E-02,  -4.34367170529735E+01,   1.54450000000000E+02,   1.86162588407437E+02,   7.74872940611513E+02
  1.95158333300000E+03,   2.34485364116448E-03,   4.03845500000000E-02,  -4.34336231606889E+01,   1.54630000000000E+02,   1.40420802742336E+02,   8.67557851667749E+02
  1.95166666700000E+03,  -2.04397321892345E-01,   1.34615200000000E-01,  -3.93912073927287E+01,   1.54810000000000E+02,   8.81276018242468E+01,   8.51444088183995E+02
  1.95175000000000E+03,  -2.93384201432990E-01,   4.42307000000000E-02,  -3.93909028386955E+01,   1.54990000000000E+02,   1.15151923650352E+02,   1.09983491773158E+03
  1.95183333300000E+03,  -2.58865967118421E-01,  -5.38462500000000E-02,  -3.93906001836630E+01,   1.55170000000000E+02,   8.16232830165653E+01,   8.78866764934920E+02
  1.95191666700000E+03,  -2.32467085104984E-01,  -1.78846400000000E-01,  -3.93902994276471E+01,   1.55350000000000E+02,   1.03443836317095E+02,   1.15875232327515E+03
  1.95200000000000E+03,  -2.15216901163016E-01,  -3.48077000000000E-01,  -3.93900005706631E+01,   1.55530000000000E+02,   1.36126860008133E+02,   1.11132041383637E+03
  1.95208333300000E+03,  -2.04655209274906E-01,  -3.34615250000000E-01,  -3.93897036127255E+01,   1.55710000000000E+02,   1.47932166992710E+02,   1.06574511776743E+03
  1.95216666700000E+03,  -1.98612821318903E-01,  -1.69230700000000E-01,  -3.93894085538480E+01,   1.55890000000000E+02,   1.26865883071616E+02,   7.56907736083632E+02
  1.95225000000000E+03,  -1.97464303814177E-01,  -1.34616500000000E-02,  -3.93891153940435E+01,   1.56070000000000E+02,   1.61454322314810E+02,   8.57678749332950E+02
  1.95233333300000E+03,  -2.02673172303698E-01,   1.34615300000000E-01,  -3.93888241333243E+01,   1.56250000000000E+02,   1.89438338364032E+02,   1.27528239029348E+03
  1.95241666700000E+03,  -2.13389346666479E-01,   2.94231000000000E-01,  -3.93885347717017E+01,   1.56430000000000E+02,   1.79246299784107E+02,   2.01912298254212E+03
  1.95250000000000E+03,  -2.24958407179502E-01,   4.73077250000000E-01,  -3.93882473091866E+01,   1.56610000000000E+02,   2.03030045213725E+02,   2.27394683344467E+03
  1.95258333300000E+03,  -1.91972642511855E-01,   5.63461750000000E-01,  -3.93879617457887E+01,   1.56790000000000E+02,   2.04149903334968E+02,   2.26614591948166E+03
  1.95266666700000E+03,  -9.39927880512348E-02,   5.36538750000000E-01,  -3.63857116743303E+01,   1.56970000000000E+02,   1.87859816512419E+02,   2.23677586427331E+03
  1.95275000000000E+03,   6.13065932552301E-03,   5.92308000000000E-01,  -3.63836003705726E+01,   1.57150000000000E+02,   1.47724106242880E+02,   1.48126147288913E+03
  1.95283333300000E+03,   8.62729242926398E-02,   6.67307750000000E-01,  -3.63814902435538E+01,   1.57330000000000E+02,   1.02605640978646E+02,   7.80757212193450E+02
  1.95291666700000E+03,   1.62887773768488E-01,   5.51923000000000E-01,  -3.63793812939019E+01,   1.57510000000000E+02,   8.91304847475025E+01,   7.33296871862654E+02
  1.95300000000000E+03,   2.33315824771894E-01,   3.69230750000000E-01,  -3.63772735222445E+01,   1.57690000000000E+02,   7.91942778001074E+01,   6.93598533218820E+02
  1.95308333300000E+03,   2.97933162086813E-01,   2.40384500000000E-01,  -3.63751669292089E+01,   1.57870000000000E+02,   6.78454301898368E+01,   7.50321968878852E+02
  1.95316666700000E+03,   3.56418901788963E-01,   7.88460000000000E-02,  -3.63730615154220E+01,   1.58050000000000E+02,   7.50308408727637E+01,   7.85111217843462E+02
  1.95325000000000E+03,   4.05599512051200E-01,  -1.32692250000000E-01,  -3.63709572815102E+01,   1.58230000000000E+02,   9.50307400507852E+01,   7.70852318055555E+02
  1.95333333300000E+03,   4.41046892263329E-01,  -3.38461500000000E-01,  -3.63688542280996E+01,   1.58410000000000E+02,   8.89182332872064E+01,   9.96098006891785E+02
  1.95341666700000E+03,   4.60662145834412E-01,  -5.07692500000000E-01,  -3.63667523558158E+01,   1.58590000000000E+02,   7.94170895919204E+01,   1.05108632162246E+03
  1.95350000000000E+03,   4.66372231898346E-01,  -6.55769500000000E-01,  -3.63646516652843E+01,   1.58770000000000E+02,   8.51801280621556E+01,   8.73486977045657E+02
  1.95358333300000E+03,   2.77809522527789E-01,  -7.86538750000000E-01,  -3.63625521571298E+01,   1.58950000000000E+02,   6.83932472482673E+01,   1.45871603177232E+03
  1.95366666700000E+03,  -1.09982646306301E-01,  -8.51923250000000E-01,  -4.14575202593167E+01,   1.59130000000000E+02,   8.26386969000683E+01,   1.51280674745240E+03
  1.95375000000000E+03,  -3.30271623055318E-01,  -8.90384500000000E-01,  -4.14549513948637E+01,   1.59310000000000E+02,   1.16255311790260E+02,   1.15680024960884E+03
  1.95383333300000E+03,  -3.65924113869740E-01,  -9.84614750000000E-01,  -4.14523837469646E+01,   1.59490000000000E+02,   1.33402345125226E+02,   9.87864346809033E+02
  1.95391666700000E+03,  -3.89413231542220E-01,  -1.12884450000000E+00,  -4.14498173165380E+01,   1.59670000000000E+02,   1.93156801182718E+02,   1.01272078567422E+03
  1.95400000000000E+03,  -3.99408622047755E-01,  -1.19999750000000E+00,  -4.14472521045020E+01,   1.59850000000000E+02,   2.48686643122823E+02,   4.31099554430414E+02
  1.95408333300000E+03,  -3.92821023729352E-01,  -1.15576750000000E+00,  -4.14446881117746E+01,   1.60030000000000E+02,   2.54126181320776E+02,   4.26881344250869E+02
  1.95416666700000E+03,  -3.68596265692617E-01,  -1.11730750000000E+00,  -4.14421253392728E+01,   1.60210000000000E+02,   2.01852827571076E+02,   4.87829064065730E+02
  1.95425000000000E+03,  -3.29839418171365E-01,  -1.11730750000000E+00,  -4.14395637879135E+01,   1.60390000000000E+02,   2.01224753133545E+02,   7.63794626578130E+02
  1.95433333300000E+03,  -2.82100067951926E-01,  -1.11923000000000E+00,  -4.14370034586131E+01,   1.60570000000000E+02,   1.31146622852853E+02,   7.20445369397756E+02
  1.95441666700000E+03,  -2.29600600525201E-01,  -1.05384575000000E+00,  -4.14344443522873E+01,   1.60750000000000E+02,   8.64329525145702E+01,   8.57163677295437E+02
  1.95450000000000E+03,  -1.73298692114148E-01,  -8.84615250000000E-01,  -4.14318864698515E+01,   1.60930000000000E+02,   8.71265701126540E+01,   1.12963435119824E+03
  1.95458333300000E+03,  -1.19157863382208E-01,  -6.51922750000000E-01,  -4.14293298122205E+01,   1.61110000000000E+02,   8.86126487859641E+01,   9.95496408849675E+02
  1.95466666700000E+03,  -8.06495154836204E-02,  -4.44230500000000E-01,  -5.02098880481470E+01,   1.61290000000000E+02,   7.38832747951383E+01,   7.35063150855247E+02
  1.95475000000000E+03,  -6.08123740581646E-02,  -3.50000000000000E-01,  -5.02104112145065E+01,   1.61470000000000E+02,   7.20035218991223E+01,   1.04531717538540E+03
  1.95483333300000E+03,  -5.22701444402558E-02,  -3.44230750000000E-01,  -5.02109325070577E+01,   1.61650000000000E+02,   8.20666963538388E+01,   8.81046427170746E+02
  1.95491666700000E+03,  -5.28730297356430E-02,  -3.86538250000000E-01,  -5.02114519255430E+01,   1.61830000000000E+02,   8.18499399017193E+01,   9.07320680954307E+02
  1.95500000000000E+03,  -6.22373116245311E-02,  -3.86538250000000E-01,  -5.02119694697054E+01,   1.62010000000000E+02,   8.67133540861192E+01,   1.02835783916088E+03
  1.95508333300000E+03,  -7.66464476379802E-02,  -3.86538250000000E-01,  -5.02124851392886E+01,   1.62190000000000E+02,   2.08989764155168E+02,   1.13995523373084E+03
  1.95516666700000E+03,  -9.29492700195145E-02,  -4.19230500000000E-01,  -5.02129989340373E+01,   1.62370000000000E+02,   2.10123432209168E+02,   1.07120290090018E+03
  1.95525000000000E+03,  -1.10893559889577E-01,  -2.69230625000000E-01,  -5.02135108536966E+01,   1.62550000000000E+02,   1.91973996938847E+02,   1.02639558405816E+03
  1.95533333300000E+03,  -1.31708143097495E-01,   1.53845000000000E-02,  -5.02140208980125E+01,   1.62730000000000E+02,   2.05965659887041E+02,   9.15369891921151E+02
  1.95541666700000E+03,  -1.54691342967727E-01,   2.51922875000000E-01,  -5.02145290667318E+01,   1.62910000000000E+02,   2.04159092152282E+02,   8.53517276156694E+02
  1.95550000000000E+03,  -1.75668607948553E-01,   4.03846000000000E-01,  -5.02150353596017E+01,   1.63090000000000E+02,   1.27861663798266E+02,   7.68394010232948E+02
  1.95558333300000E+03,  -1.64308207879797E-01,   4.03846000000000E-01,  -5.02155397763706E+01,   1.63270000000000E+02,   1.74389672296983E+02,   6.46383929096628E+02
  1.95566666700000E+03,  -1.30859294801030E-01,   2.80769250000000E-01,  -4.27571579784563E+01,   1.63450000000000E+02,   1.87907749511104E+02,   6.75176978855906E+02
  1.95575000000000E+03,  -1.39552513682285E-01,   1.09615500000000E-01,  -4.27551130007083E+01,   1.63630000000000E+02,   1.53555609070126E+02,   5.26036060981266E+02
  1.95583333300000E+03,  -1.80772651134142E-01,  -8.65385000000000E-02,  -4.27530697179137E+01,   1.63810000000000E+02,   1.66758781034558E+02,   6.17912917188648E+02
  1.95591666700000E+03,  -2.18340306502904E-01,  -1.92307750000000E-01,  -4.27510281308406E+01,   1.63990000000000E+02,   1.33769412984524E+02,   7.52760152043682E+02
  1.95600000000000E+03,  -2.50022951368010E-01,  -1.38461525000000E-01,  -4.27489882402565E+01,   1.64170000000000E+02,   8.42922441713279E+01,   8.04638707949966E+02
  1.95608333300000E+03,  -2.70999904675658E-01,   1.15384500000000E-02,  -4.27469500469284E+01,   1.64350000000000E+02,   8.03129659402766E+01,   9.27845452411473E+02
  1.95616666700000E+03,  -2.77790023156751E-01,   1.92307725000000E-01,  -4.27449135516222E+01,   1.64530000000000E+02,   7.25034425561200E+01,   9.57095342366863E+02
  1.95625000000000E+03,  -2.70573125387088E-01,   2.80769250000000E-01,  -4.27428787551033E+01,   1.64710000000000E+02,   5.42050014437409E+01,   8.20919652963197E+02
  1.95633333300000E+03,  -2.51720516793124E-01,   1.26923000000000E-01,  -4.27408456581363E+01,   1.64890000000000E+02,   4.90475260608713E+01,   6.45160270752944E+02
  1.95641666700000E+03,  -2.22296848728107E-01,  -1.65384500000000E-01,  -4.27388142614851E+01,   1.65070000000000E+02,   7.65771147036692E+01,   5.00126688555349E+02
  1.95650000000000E+03,  -1.80402359536362E-01,  -3.53846000000000E-01,  -4.27367845659129E+01,   1.65250000000000E+02,   1.26764650747471E+02,   4.19280606968096E+02
  1.95658333300000E+03,  -1.07194866102847E-01,  -4.05769250000000E-01,  -4.27347565721820E+01,   1.65430000000000E+02,   1.20011940589512E+02,   2.34426425367082E+02
  1.95666666700000E+03,  -1.53089697236217E-02,  -4.28846000000000E-01,  -4.78381497169320E+01,   1.65610000000000E+02,   1.31962093433342E+02,   6.19067136943387E+02
  1.95675000000000E+03,   4.39287789103201E-02,  -4.90384250000000E-01,  -4.78374013795186E+01,   1.65790000000000E+02,   1.44521425296390E+02,   6.91838841275126E+02
  1.95683333300000E+03,   7.21213103684979E-02,  -4.17307422500000E-01,  -4.78366513121619E+01,   1.65970000000000E+02,   1.75656061806344E+02,   8.79759843484592E+02
  1.95691666700000E+03,   9.11485634625038E-02,  -9.61538450000000E-02,  -4.78358995150764E+01,   1.66150000000000E+02,   1.65952196502010E+02,   1.18126393523095E+03
  1.95700000000000E+03,   1.01045748280315E-01,   1.26922927500000E-01,  -4.78351459884768E+01,   1.66330000000000E+02,   1.62556687786325E+02,   1.25423659032113E+03
  1.95708333300000E+03,   1.05033685498465E-01,   1.28846200000000E-01,  -4.78343907325788E+01,   1.66510000000000E+02,   1.96905211064068E+02,   9.90075448163599E+02
  1.95716666700000E+03,   1.05651404040988E-01,   6.34618500000000E-02,  -4.78336337475984E+01,   1.66690000000000E+02,   1.94988067306916E+02,   1.27090580390738E+03
  1.95725000000000E+03,   1.02465153794294E-01,   7.69250000000000E-03,  -4.78328750337525E+01,   1.66870000000000E+02,   1.55503854965547E+02,   1.16730010404848E+03
  1.95733333300000E+03,   9.35374916084592E-02,   6.15385000000000E-02,  -4.78321145912583E+01,   1.67050000000000E+02,   1.37982114492019E+02,   9.21265216404479E+02
  1.95741666700000E+03,   7.88946657000397E-02,   1.75000250000000E-01,  -4.78313524203338E+01,   1.67230000000000E+02,   1.49971370282269E+02,   1.06664515453465E+03
  1.95750000000000E+03,   6.21251012089885E-02,   3.51923500000000E-01,  -4.78305885211975E+01,   1.67410000000000E+02,   1.44273840810079E+02,   9.91010713295266E+02
  1.95758333300000E+03,   1.58229216389875E-01,   5.86538750000000E-01,  -4.78298228940686E+01,   1.67590000000000E+02,   1.35259516916494E+02,   6.92701044352027E+02
  1.95766666700000E+03,   3.65913451753839E-01,   6.63461500000000E-01,  -4.94107905707236E+01,   1.67770000000000E+02,   1.87999058872648E+02,   7.00897284244513E+02
  1.95775000000000E+03,   4.58325589565371E-01,   5.99999750000000E-01,  -4.94090246990164E+01,   1.67950000000000E+02,   1.60262457489281E+02,   6.10549127105717E+02
  1.95783333300000E+03,   4.32648764899767E-01,   6.44230500000000E-01,  -4.94072571876899E+01,   1.68130000000000E+02,   1.55092191291589E+02,   7.54640776687162E+02
  1.95791666700000E+03,   3.99052834727560E-01,   7.44230500000000E-01,  -4.94054880373554E+01,   1.68310000000000E+02,   1.32238063448714E+02,   7.66008499976341E+02
  1.95800000000000E+03,   3.59551266168828E-01,   7.28846000000000E-01,  -4.94037172486251E+01,   1.68490000000000E+02,   1.40975982238899E+02,   1.40568047423763E+03
  1.95808333300000E+03,   3.19198761183952E-01,   7.07692250000000E-01,  -4.94019448221117E+01,   1.68670000000000E+02,   8.87194072547602E+01,   1.25494490166805E+03
  1.95816666700000E+03,   2.82158408615119E-01,   7.00000000000000E-01,  -4.94001707584283E+01,   1.68850000000000E+02,   1.26007937994611E+02,   1.26044178416105E+03
  1.95825000000000E+03,   2.49353763684955E-01,   6.21154000000000E-01,  -4.93983950581890E+01,   1.69030000000000E+02,   1.21740450178797E+02,   9.47889059659513E+02
  1.95833333300000E+03,   2.19891559366595E-01,   5.67307750000000E-01,  -4.93966177220081E+01,   1.69210000000000E+02,   1.24418724562775E+02,   9.71472082551848E+02
  1.95841666700000E+03,   1.94494903871908E-01,   6.30769000000000E-01,  -4.93948387505009E+01,   1.69390000000000E+02,   1.07672372683964E+02,   3.84260716672195E+02
  1.95850000000000E+03,   1.77080923308203E-01,   7.36538250000000E-01,  -4.93930581442829E+01,   1.69570000000000E+02,   1.05127738270967E+02,   5.65645324966405E+02
  1.95858333300000E+03,   8.91845154265031E-02,   6.55769250000000E-01,  -4.93912759039707E+01,   1.69750000000000E+02,   7.44384578603320E+01,   6.20150148124574E+02
  1.95866666700000E+03,  -7.06020578757899E-02,   3.92307750000000E-01,  -5.02288958258158E+01,   1.69930000000000E+02,   8.28215247570537E+01,   6.67618314694473E+02
  1.95875000000000E+03,  -1.43667535578194E-01,   2.23077000000000E-01,  -5.02284419114770E+01,   1.70110000000000E+02,   2.01902658315585E+02,   1.04715313335368E+03
  1.95883333300000E+03,  -1.36156483294641E-01,   1.94231000000000E-01,  -5.02279860875906E+01,   1.70290000000000E+02,   2.04369858822238E+02,   1.37342955437652E+03
  1.95891666700000E+03,  -1.34202739853327E-01,   7.88465000000000E-02,  -5.02275283542750E+01,   1.70470000000000E+02,   1.91751403762365E+02,   1.35457913261717E+03
  1.95900000000000E+03,  -1.37653870770661E-01,  -1.46153500000000E-01,  -5.02270687116490E+01,   1.70650000000000E+02,   1.92979312108085E+02,   1.46844058928820E+03
  1.95908333300000E+03,  -1.43266767346650E-01,  -2.99999750000000E-01,  -5.02266071598324E+01,   1.70830000000000E+02,   2.54039716211462E+02,   1.37591572367130E+03
  1.95916666700000E+03,  -1.48574519530246E-01,  -4.01923000000000E-01,  -5.02261436989457E+01,   1.71010000000000E+02,   1.24511711799807E+02,   9.31334817610634E+02
  1.95925000000000E+03,  -1.54172781690589E-01,  -5.07692500000000E-01,  -5.02256783291098E+01,   1.71190000000000E+02,   1.32640268029121E+02,   4.97571172717586E+02
  1.95933333300000E+03,  -1.62242171322326E-01,  -5.51923250000000E-01,  -5.02252110504469E+01,   1.71370000000000E+02,   1.26693875656242E+02,   5.06407456175238E+02
  1.95941666700000E+03,  -1.73068867901426E-01,  -5.36538250000000E-01,  -5.02247418630793E+01,   1.71550000000000E+02,   2.13900877442257E+02,   5.31308447891567E+02
  1.95950000000000E+03,  -1.83431173906680E-01,  -4.98076500000000E-01,  -5.02242707671305E+01,   1.71730000000000E+02,   1.53050307454600E+02,   7.56294271755032E+02
  1.95958333300000E+03,  -1.06739081546901E-01,  -4.21153500000000E-01,  -5.02237977627245E+01,   1.71910000000000E+02,   1.49900803359877E+02,   7.79891598007549E+02
  1.95966666700000E+03,   4.49881927409260E-02,  -3.19230500000000E-01,  -4.45253410916354E+01,   1.72090000000000E+02,   1.36168172525370E+02,   7.67297280548932E+02
  1.95975000000000E+03,   9.39136749162403E-02,  -2.49999750000000E-01,  -4.45220756107668E+01,   1.72270000000000E+02,   1.51826096383831E+02,   9.09838540838845E+02
  1.95983333300000E+03,   5.61000329999936E-02,  -2.34615250000000E-01,  -4.45188102373975E+01,   1.72450000000000E+02,   5.35654325762531E+01,   6.70302771103475E+02
  1.95991666700000E+03,   3.13386431813881E-02,  -2.69230750000000E-01,  -4.45155449727108E+01,   1.72630000000000E+02,   4.19086314770509E+01,   6.29709964420181E+02
  1.96000000000000E+03,   2.48223067696883E-02,  -2.07692325000000E-01,  -4.45122798178896E+01,   1.72810000000000E+02,   4.08787194870645E+01,   6.43416445518797E+02
  1.96008333300000E+03,   4.18417408666578E-02,  -4.23077000000000E-02,  -4.45090147741172E+01,   1.72990000000000E+02,   4.30350123052602E+01,   8.44223506812053E+02
  1.96016666700000E+03,   8.35833596579867E-02,   5.19230750000000E-02,  -4.45057498425763E+01,   1.73170000000000E+02,   8.69039935302222E+01,   5.57079239390139E+02
  1.96025000000000E+03,   1.44912378715165E-01,   1.44230700000000E-01,  -4.45024850244500E+01,   1.73350000000000E+02,   1.06385616413935E+02,   6.53813853201456E+02
  1.96033333300000E+03,   2.16320540543338E-01,   2.17307500000000E-01,  -4.44992203209215E+01,   1.73530000000000E+02,   1.29339643149276E+02,   6.26543764623068E+02
  1.96041666700000E+03,   2.88223578997931E-01,   2.23076750000000E-01,  -4.44959557331733E+01,   1.73710000000000E+02,   1.46785093622177E+02,   5.75294736000523E+02
  1.96050000000000E+03,   3.53645582776463E-01,   1.90384625000000E-01,  -4.44926912623886E+01,   1.73890000000000E+02,   1.41028441182477E+02,   4.62538255489944E+02
  1.96058333300000E+03,   2.09597587618974E-01,   2.69230000000000E-02,  -4.44894269097501E+01,   1.74070000000000E+02,   8.67023820064147E+01,   6.37176532609574E+02
  1.96066666700000E+03,  -1.54295992218281E-01,  -1.59615625000000E-01,  -4.55704259380816E+01,   1.74250000000000E+02,   6.92721629359294E+01,   5.42531343007181E+02
  1.96075000000000E+03,  -3.42319824960475E-01,  -1.57692422500000E-01,  -4.55678208152068E+01,   1.74430000000000E+02,   6.51819468601956E+01,   4.78363053580839E+02
  1.96083333300000E+03,  -3.33659195943235E-01,  -1.11538345000000E-01,  -4.55652146882298E+01,   1.74610000000000E+02,   7.21942957319552E+01,   4.40834250631835E+02
  1.96091666700000E+03,  -3.15641185653562E-01,  -1.88461422500000E-01,  -4.55626075580056E+01,   1.74790000000000E+02,   1.12990463916690E+02,   9.90960354683455E+02
  1.96100000000000E+03,  -2.90796727738034E-01,  -2.30769250000000E-01,  -4.55599994253898E+01,   1.74970000000000E+02,   1.76301585100847E+02,   8.64999134839093E+02
  1.96108333300000E+03,  -2.59121238596758E-01,  -3.05769250000000E-01,  -4.55573902912380E+01,   1.75150000000000E+02,   1.91646821262804E+02,   9.27387285362557E+02
  1.96116666700000E+03,  -2.21609939645797E-01,  -5.15384750000000E-01,  -4.55547801564063E+01,   1.75330000000000E+02,   2.46086049321317E+02,   1.10807315555783E+03
  1.96125000000000E+03,  -1.82227657087349E-01,  -6.90384750000000E-01,  -4.55521690217514E+01,   1.75510000000000E+02,   2.22767722576554E+02,   1.46393839524416E+03
  1.96133333300000E+03,  -1.46155542155387E-01,  -7.05769250000000E-01,  -4.55495568881299E+01,   1.75690000000000E+02,   1.83116403587419E+02,   9.14191270826198E+02
  1.96141666700000E+03,  -1.16096254318542E-01,  -5.65384750000000E-01,  -4.55469437563991E+01,   1.75870000000000E+02,   1.20707876887626E+02,   8.23748906909814E+02
  1.96150000000000E+03,  -9.05170868659700E-02,  -4.69231000000000E-01,  -4.55443296274163E+01,   1.76050000000000E+02,   1.29518876033206E+02,   8.25305340472935E+02
  1.96158333300000E+03,  -1.78359025736200E-01,  -3.69230950000000E-01,  -4.55417145020396E+01,   1.76230000000000E+02,   5.56623847390991E+01,   5.49812791236164E+02
  1.96166666700000E+03,  -3.67827548238282E-01,  -1.71153925000000E-01,  -4.31574836177411E+01,   1.76410000000000E+02,   5.78808452771627E+01,   5.07202559501119E+02
  1.96175000000000E+03,  -4.20519445766629E-01,  -9.42307500000000E-02,  -4.31602399992416E+01,   1.76590000000000E+02,   7.54517213409417E+01,   4.85789265089296E+02
  1.96183333300000E+03,  -3.41313871750147E-01,  -1.50000025000000E-01,  -4.31629965715828E+01,   1.76770000000000E+02,   7.54738855474396E+01,   1.15552532897596E+03
  1.96191666700000E+03,  -2.53982555960905E-01,  -8.65385000000000E-02,  -4.31657533336263E+01,   1.76950000000000E+02,   1.09137009883893E+02,   1.09604016838674E+03
  1.96200000000000E+03,  -1.62666659144886E-01,   1.13461750000000E-01,  -4.31685102842334E+01,   1.77130000000000E+02,   1.60915660898155E+02,   1.12881604760280E+03
  1.96208333300000E+03,  -6.93220713469432E-02,   2.40385000000000E-01,  -4.31712674222655E+01,   1.77310000000000E+02,   1.51116154060687E+02,   8.40270773368003E+02
  1.96216666700000E+03,   2.28143433863516E-02,   3.42308000000000E-01,  -4.31740247465840E+01,   1.77490000000000E+02,   1.58487347896292E+02,   7.74757507161982E+02
  1.96225000000000E+03,   1.07388242091133E-01,   5.01923250000000E-01,  -4.31767822560502E+01,   1.77670000000000E+02,   1.63038931444089E+02,   1.49273007716564E+02
  1.96233333300000E+03,   1.76866342436916E-01,   6.46154000000000E-01,  -4.31795399495252E+01,   1.77850000000000E+02,   1.11310359466344E+02,   3.31963647456979E+02
  1.96241666700000E+03,   2.26448500659328E-01,   7.38461750000000E-01,  -4.31822978258707E+01,   1.78030000000000E+02,   7.82464419910219E+01,   4.54508904381003E+02
  1.96250000000000E+03,   2.56048462159257E-01,   8.44230000000000E-01,  -4.31850558839477E+01,   1.78210000000000E+02,   8.24276444058400E+01,   7.25518182586599E+02
  1.96258333300000E+03,   2.76207424928912E-01,   9.82689500000000E-01,  -4.31878141226176E+01,   1.78390000000000E+02,   6.10570444601006E+01,   7.69035449436307E+02
  1.96266666700000E+03,   2.99746794358227E-01,   9.82689500000000E-01,  -3.96554411568861E+01,   1.78570000000000E+02,   6.14749684393639E+01,   1.02728108205581E+03
  1.96275000000000E+03,   3.23431859441297E-01,   7.63460750000000E-01,  -3.96564603757834E+01,   1.78750000000000E+02,   7.97145357186557E+01,   8.95707062460855E+02
  1.96283333300000E+03,   3.37844094935346E-01,   5.44231000000000E-01,  -3.96574813124167E+01,   1.78930000000000E+02,   1.02294652639399E+02,   8.27552680499526E+02
  1.96291666700000E+03,   3.39575750073063E-01,   5.46154000000000E-01,  -3.96585039662759E+01,   1.79110000000000E+02,   1.17525867674500E+02,   5.96408906002855E+02
  1.96300000000000E+03,   3.29937815836670E-01,   5.96153750000000E-01,  -3.96595283368500E+01,   1.79290000000000E+02,   1.20582895651401E+02,   7.20015206402354E+02
  1.96308333300000E+03,   3.13570126060065E-01,   5.07692250000000E-01,  -3.96605544236276E+01,   1.79470000000000E+02,   1.11711642567604E+02,   4.63721277681645E+02
  1.96316666700000E+03,   2.94476582930295E-01,   3.61538500000000E-01,  -3.96615822260964E+01,   1.79650000000000E+02,   9.43382271853159E+01,   1.05819771070983E+03
  1.96325000000000E+03,   2.73629822919428E-01,   2.59615250000000E-01,  -3.96626117437437E+01,   1.79830000000000E+02,   8.46620505309198E+01,   1.34037059783377E+03
  1.96333333300000E+03,   2.50337384369582E-01,   2.94230750000000E-01,  -3.96636429760559E+01,   1.80010000000000E+02,   1.25387826313695E+02,   1.29930455504754E+03
  1.96341666700000E+03,   2.25616087117662E-01,   4.03846250000000E-01,  -3.96646759225188E+01,   1.80190000000000E+02,   1.28699753409287E+02,   1.34198277235143E+03
  1.96350000000000E+03,   2.03715279904550E-01,   3.86538250000000E-01,  -3.96657105826175E+01,   1.80370000000000E+02,   1.43283072282269E+02,   1.36737292613457E+03
  1.96358333300000E+03,   1.97458353823628E-01,   2.55769000000000E-01,  -3.96667469558364E+01,   1.80550000000000E+02,   1.36089819822193E+02,   7.23523097772664E+02
  1.96366666700000E+03,   2.06427068706473E-01,   1.84615500000000E-01,  -3.91818453136641E+01,   1.80730000000000E+02,   1.09200602925546E+02,   3.60640765045350E+02
  1.96375000000000E+03,   2.05025839290191E-01,   1.26923275000000E-01,  -3.91793773864853E+01,   1.80910000000000E+02,   5.84007130814600E+01,   3.46866473144572E+02
  1.96383333300000E+03,   1.80992862738423E-01,   1.30769300000000E-01,  -3.91769105757400E+01,   1.81090000000000E+02,   5.04325367772952E+01,   1.37669051285647E+02
  1.96391666700000E+03,   1.38060294773219E-01,   2.28846275000000E-01,  -3.91744448822397E+01,   1.81270000000000E+02,   3.67608664763044E+01,   1.16808145842794E+02
  1.96400000000000E+03,   8.04428416904178E-02,   2.17308000000000E-01,  -3.91719803067954E+01,   1.81450000000000E+02,   4.56946943252464E+01,   2.19561255270662E+02
  1.96408333300000E+03,   1.57962989323380E-02,   2.01923250000000E-01,  -3.91695168502176E+01,   1.81630000000000E+02,   1.28088558912126E+02,   7.72101307862112E+02
  1.96416666700000E+03,  -4.89537029680638E-02,   2.76923000000000E-01,  -3.91670545133167E+01,   1.81810000000000E+02,   1.90279887908651E+02,   9.23148752719490E+02
  1.96425000000000E+03,  -1.10199611946286E-01,   3.61538500000000E-01,  -3.91645932969025E+01,   1.81990000000000E+02,   1.83686072455521E+02,   1.19637305736616E+03
  1.96433333300000E+03,  -1.66452649715429E-01,   4.15384750000000E-01,  -3.91621332017844E+01,   1.82170000000000E+02,   2.03705310169584E+02,   1.42687398406481E+03
  1.96441666700000E+03,  -2.15099839396296E-01,   3.55769250000000E-01,  -3.91596742287716E+01,   1.82350000000000E+02,   1.98800018424890E+02,   1.70763192936131E+03
  1.96450000000000E+03,  -2.50969556760964E-01,   2.86538500000000E-01,  -3.91572163786725E+01,   1.82530000000000E+02,   1.87841127427446E+02,   1.32401211810280E+03
  1.96458333300000E+03,  -1.84468557241200E-01,   3.21154000000000E-01,  -3.91547596522954E+01,   1.82710000000000E+02,   1.29877663480130E+02,   1.45337882416034E+03
  1.96466666700000E+03,  -1.42564586649111E-02,   2.69230900000000E-01,  -4.56966288154113E+01,   1.82890000000000E+02,   1.37223407814314E+02,   1.18989692896744E+03
  1.96475000000000E+03,   8.51699316389242E-02,   1.34615300000000E-01,  -4.56968570531434E+01,   1.83070000000000E+02,   1.34174571985449E+02,   9.61124142266437E+02
  1.96483333300000E+03,   1.03405188875767E-01,   1.34615150000000E-01,  -4.56970836815147E+01,   1.83250000000000E+02,   1.43287227216270E+02,   5.67861905536568E+02
  1.96491666700000E+03,   1.18108970098875E-01,   2.01923000000000E-01,  -4.56973087004096E+01,   1.83430000000000E+02,   1.03845913607359E+02,   7.83315333234938E+02
  1.96500000000000E+03,   1.28989797803633E-01,   2.53846250000000E-01,  -4.56975321097130E+01,   1.83610000000000E+02,   1.38267249653721E+02,   6.10966109559545E+02
  1.96508333300000E+03,   1.38770355937478E-01,   2.50000000000000E-01,  -4.56977539093102E+01,   1.83790000000000E+02,   1.44347613254283E+02,   7.65564074828848E+02
  1.96516666700000E+03,   1.49365757944270E-01,   1.55769100000000E-01,  -4.56979740990872E+01,   1.83970000000000E+02,   1.31278998412332E+02,   8.61721081274282E+02
  1.96525000000000E+03,   1.59642637438221E-01,   1.49999950000000E-01,  -4.56981926789304E+01,   1.84150000000000E+02,   1.38777963753522E+02,   1.00631957877548E+03
  1.96533333300000E+03,   1.66939088317351E-01,   2.59615350000000E-01,  -4.56984096487267E+01,   1.84330000000000E+02,   1.71101191059733E+02,   8.82734876059787E+02
  1.96541666700000E+03,   1.70580146736123E-01,   3.78846000000000E-01,  -4.56986250083637E+01,   1.84510000000000E+02,   1.27308604204282E+02,   8.58425377652375E+02
  1.96550000000000E+03,   1.73518436546191E-01,   5.53846000000000E-01,  -4.56988387577294E+01,   1.84690000000000E+02,   2.30262089725351E+02,   9.93345383422216E+02
  1.96558333300000E+03,   1.29032876830320E-01,   6.30769250000000E-01,  -4.56990508967124E+01,   1.84870000000000E+02,   2.41783035768790E+02,   8.58868789182557E+02
  1.96566666700000E+03,   5.47351722485862E-02,   5.15384750000000E-01,  -3.98707939548753E+01,   1.85050000000000E+02,   2.34878874010884E+02,   7.68522256029258E+02
  1.96575000000000E+03,   6.68425888381972E-02,   4.46153750000000E-01,  -3.98732928623795E+01,   1.85230000000000E+02,   1.88575500891940E+02,   7.58244254235691E+02
  1.96583333300000E+03,   1.44939443214918E-01,   4.40384250000000E-01,  -3.98757923289160E+01,   1.85410000000000E+02,   2.58213069640892E+02,   9.24547008867562E+02
  1.96591666700000E+03,   2.15887086711648E-01,   3.98076500000000E-01,  -3.98782923535163E+01,   1.85590000000000E+02,   2.25462412872142E+02,   7.35056616859417E+02
  1.96600000000000E+03,   2.75746588336507E-01,   4.17307500000000E-01,  -3.98807929352115E+01,   1.85770000000000E+02,   2.12015416789043E+02,   7.26071298957104E+02
  1.96608333300000E+03,   3.23783370517754E-01,   5.34615500000000E-01,  -3.98832940730330E+01,   1.85950000000000E+02,   1.93932762102073E+02,   6.78529586524470E+02
  1.96616666700000E+03,   3.58900146930250E-01,   7.03846250000000E-01,  -3.98857957660114E+01,   1.86130000000000E+02,   2.03509091084043E+02,   5.70566647061193E+02
  1.96625000000000E+03,   3.77626348708472E-01,   8.36538500000000E-01,  -3.98882980131780E+01,   1.86310000000000E+02,   1.38218583374040E+02,   4.35736225638678E+02
  1.96633333300000E+03,   3.75827069307348E-01,   7.76923250000000E-01,  -3.98908008135631E+01,   1.86490000000000E+02,   5.23117859734804E+01,   3.40967132225074E+02
  1.96641666700000E+03,   3.52351952451566E-01,   6.53846500000000E-01,  -3.98933041661974E+01,   1.86670000000000E+02,   1.01222117693664E+02,   4.03888087754557E+02
  1.96650000000000E+03,   3.10743157347044E-01,   5.76923500000000E-01,  -3.98958080701113E+01,   1.86850000000000E+02,   1.01704438798071E+02,   3.94825088484306E+02
  1.96658333300000E+03,   1.80820235584763E-01,   3.38461875000000E-01,  -3.98983125243348E+01,   1.87030000000000E+02,   7.76204094902379E+01,   2.81275617901795E+02
  1.96666666700000E+03,  -1.63788088257505E-02,   5.00001250000000E-02,  -4.79966531902105E+01,   1.87210000000000E+02,   7.17891115797102E+01,   4.01119790088758E+02
  1.96675000000000E+03,  -1.09711327872481E-01,  -6.92308750000000E-02,  -4.79965924684559E+01,   1.87390000000000E+02,   1.26728678732249E+02,   6.92416103563970E+02
  1.96683333300000E+03,  -1.15273302215582E-01,  -9.80771250000000E-02,  -4.79965299797901E+01,   1.87570000000000E+02,   7.37197688384331E+01,   6.23657685124781E+02
  1.96691666700000E+03,  -1.26774480252248E-01,  -7.69231725000000E-02,  -4.79964657241867E+01,   1.87750000000000E+02,   7.95535408267635E+01,   6.52725532158464E+02
  1.96700000000000E+03,  -1.42963874959747E-01,  -7.69229500000000E-03,  -4.79963997016200E+01,   1.87930000000000E+02,   7.23112133900402E+01,   7.68943467372982E+02
  1.96708333300000E+03,  -1.59530380436146E-01,  -1.53845725000000E-02,  -4.79963319120649E+01,   1.88110000000000E+02,   6.93547571683419E+01,   6.69573185226740E+02
  1.96716666700000E+03,  -1.73038689150513E-01,  -1.80769200000000E-01,  -4.79962623554967E+01,   1.88290000000000E+02,   1.49079515376012E+01,   3.80690381967137E+02
  1.96725000000000E+03,  -1.83279326621544E-01,  -4.46153750000000E-01,  -4.79961910318918E+01,   1.88470000000000E+02,   1.08351375249180E+02,   4.00611413869914E+02
  1.96733333300000E+03,  -1.91845056093441E-01,  -6.46153750000000E-01,  -4.79961179412268E+01,   1.88650000000000E+02,   1.18300608275691E+02,   5.44862308317935E+02
  1.96741666700000E+03,  -1.98692153189653E-01,  -6.44231000000000E-01,  -4.79960430834790E+01,   1.88830000000000E+02,   1.43348754873825E+02,   4.03716007188661E+02
  1.96750000000000E+03,  -2.00551508620745E-01,  -5.61538750000000E-01,  -4.79959664586266E+01,   1.89010000000000E+02,   2.27611894540919E+02,   3.03713376765884E+02
  1.96758333300000E+03,  -9.54012421286242E-02,  -5.38461500000000E-01,  -4.79958880666481E+01,   1.89190000000000E+02,   2.39164380755764E+02,   3.22502114406228E+02
  1.96766666700000E+03,   1.20039776842617E-01,  -4.65384500000000E-01,  -3.35923880766399E+01,   1.89370000000000E+02,   1.71129742618103E+02,   3.21354509081598E+02
  1.96775000000000E+03,   2.46770734395778E-01,  -2.76923000000000E-01,  -3.35940178493021E+01,   1.89550000000000E+02,   1.63677374521678E+02,   1.64114276292082E+02
  1.96783333300000E+03,   2.72665006540978E-01,  -1.49999750000000E-01,  -3.35956486558662E+01,   1.89730000000000E+02,   1.52687642770272E+02,   2.14340362062678E+02
  1.96791666700000E+03,   2.87058684675654E-01,  -3.84612500000000E-02,  -3.35972804957698E+01,   1.89910000000000E+02,   9.63923298460082E+01,   3.96972892022924E+02
  1.96800000000000E+03,   2.90105655902127E-01,   1.78846250000000E-01,  -3.35989133684505E+01,   1.90090000000000E+02,   8.46602591618081E+01,   4.06531235528179E+02
  1.96808333300000E+03,   2.85241681904188E-01,   3.34615500000000E-01,  -3.36005472733453E+01,   1.90270000000000E+02,   1.04708060680109E+02,   4.13034220849490E+02
  1.96816666700000E+03,   2.75310360235753E-01,   4.53846250000000E-01,  -3.36021822098910E+01,   1.90450000000000E+02,   1.58061367456149E+02,   5.07827675206773E+02
  1.96825000000000E+03,   2.60263758313975E-01,   6.71153750000000E-01,  -3.36038181775243E+01,   1.90630000000000E+02,   1.63016670809151E+02,   5.59892021951126E+02
  1.96833333300000E+03,   2.38621593408018E-01,   9.21154000000000E-01,  -3.36054551756813E+01,   1.90810000000000E+02,   1.57325164012739E+02,   3.63325012360048E+02
  1.96841666700000E+03,   2.10927365746516E-01,   1.13076850000000E+00,  -3.36070932037981E+01,   1.90990000000000E+02,   1.60504773247882E+02,   3.83105811595684E+02
  1.96850000000000E+03,   1.81334413354486E-01,   1.34038250000000E+00,  -3.36087322613103E+01,   1.91170000000000E+02,   1.38759297793440E+02,   4.66963543911045E+02
  1.96858333300000E+03,   1.65644691335145E-01,   1.54615250000000E+00,  -3.36103723476532E+01,   1.91350000000000E+02,   1.17353519399546E+02,   7.27778072257386E+02
  1.96866666700000E+03,   1.69118722834518E-01,   1.65577000000000E+00,  -3.84322382827307E+01,   1.91530000000000E+02,   1.17268847423268E+02,   6.20897157247085E+02
  1.96875000000000E+03,   1.71268208758198E-01,   1.66923250000000E+00,  -3.84332301765012E+01,   1.91710000000000E+02,   9.62555359677994E+01,   8.01059103576234E+02
  1.96883333300000E+03,   1.63909859119582E-01,   1.63461500000000E+00,  -3.84342209752028E+01,   1.91890000000000E+02,   1.07131979205064E+02,   9.47332822042983E+02
  1.96891666700000E+03,   1.50884145778714E-01,   1.57499750000000E+00,  -3.84352106785614E+01,   1.92070000000000E+02,   1.47895876567450E+02,   1.06031489836075E+03
  1.96900000000000E+03,   1.32906377274508E-01,   1.46730500000000E+00,  -3.84361992863029E+01,   1.92250000000000E+02,   1.66789466914721E+02,   7.04877993879560E+02
  1.96908333300000E+03,   1.13740469231441E-01,   1.27884500000000E+00,  -3.84371867981536E+01,   1.92430000000000E+02,   1.82332117046835E+02,   9.29199179966981E+02
  1.96916666700000E+03,   9.63180332891217E-02,   1.08077050000000E+00,  -3.84381732138399E+01,   1.92610000000000E+02,   2.01583227001794E+02,   8.39769539951719E+02
  1.96925000000000E+03,   8.04399363595479E-02,   9.19232000000000E-01,  -3.84391585330888E+01,   1.92790000000000E+02,   1.91436116729560E+02,   9.17589861228364E+02
  1.96933333300000E+03,   6.42441731765832E-02,   7.36538750000000E-01,  -3.84401427556273E+01,   1.92970000000000E+02,   1.54301335323579E+02,   8.05350395985926E+02
  1.96941666700000E+03,   4.76781853956575E-02,   6.01923250000000E-01,  -3.84411258811828E+01,   1.93150000000000E+02,   9.99378474595956E+01,   1.01937059269315E+03
  1.96950000000000E+03,   3.41080866811285E-02,   5.17307750000000E-01,  -3.84421079094829E+01,   1.93330000000000E+02,   9.06099142877851E+01,   9.37459828742640E+02
  1.96958333300000E+03,  -4.26661529617413E-02,   3.40384750000000E-01,  -3.84430888402557E+01,   1.93510000000000E+02,   1.17546185584948E+02,   1.26541293238238E+03
  1.96966666700000E+03,  -1.70466007123453E-01,   1.15384750000000E-01,  -2.85547757178835E+01,   1.93690000000000E+02,   1.25820041769464E+02,   1.24204767723782E+03
  1.96975000000000E+03,  -2.01075673867265E-01,  -6.53845000000000E-02,  -2.85535879691572E+01,   1.93870000000000E+02,   1.49720632904780E+02,   1.15196282050954E+03
  1.96983333300000E+03,  -1.52270951932872E-01,  -1.88461250000000E-01,  -2.85524013156266E+01,   1.94050000000000E+02,   1.58594356441137E+02,   1.33475081302477E+03
  1.96991666700000E+03,  -1.10475736291665E-01,  -2.61538250000000E-01,  -2.85512157575367E+01,   1.94230000000000E+02,   2.06741413522628E+02,   1.17451306873234E+03
  1.97000000000000E+03,  -7.58478066840703E-02,  -2.44230750000000E-01,  -2.85500312951322E+01,   1.94410000000000E+02,   1.72444667627802E+02,   9.40963641187083E+02
  1.97008333300000E+03,  -4.54376599279141E-02,  -1.82692250000000E-01,  -2.85488479286572E+01,   1.94590000000000E+02,   1.63390864292916E+02,   8.57846739756362E+02
  1.97016666700000E+03,  -1.70578258041043E-02,  -1.36538400000000E-01,  -2.85476656583558E+01,   1.94770000000000E+02,   1.15709165578324E+02,   8.98540366942389E+02
  1.97025000000000E+03,   8.42847228495841E-03,  -5.19230750000000E-02,  -2.85464844844719E+01,   1.94950000000000E+02,   1.29662566337502E+02,   4.86176775354519E+02
  1.97033333300000E+03,   2.85830248875052E-02,   3.07692250000000E-02,  -2.85453044072488E+01,   1.95130000000000E+02,   6.49814688271261E+01,   4.86633532008156E+02
  1.97041666700000E+03,   4.28707659791093E-02,   1.23076825000000E-01,  -2.85441254269299E+01,   1.95310000000000E+02,   7.44719636813854E+01,   4.87915305881388E+02
  1.97050000000000E+03,   5.42727565980442E-02,   1.61538275000000E-01,  -2.85429475437579E+01,   1.95490000000000E+02,   8.97803251642385E+01,   5.37022156094201E+02
  1.97058333300000E+03,   1.06558115405626E-01,   7.69230000000000E-02,  -2.85417707579757E+01,   1.95670000000000E+02,   8.71107030616025E+01,   1.11453631576253E+03
  1.97066666700000E+03,   2.00543871130932E-01,   4.61538750000000E-02,  -2.87242993102554E+01,   1.95850000000000E+02,   8.71903196443222E+01,   1.26165534390020E+03
  1.97075000000000E+03,   2.53214737797115E-01,   5.38461750000000E-02,  -2.87229666851131E+01,   1.96030000000000E+02,   9.00612583792186E+01,   1.73026427723230E+03
  1.97083333300000E+03,   2.59128629995799E-01,   8.07692250000000E-02,  -2.87216351197505E+01,   1.96210000000000E+02,   7.56140654317685E+01,   1.60015191509626E+03
  1.97091666700000E+03,   2.54130207386826E-01,   2.50000025000000E-01,  -2.87203046144491E+01,   1.96390000000000E+02,   5.79209653839236E+01,   1.85546727668359E+03
  1.97100000000000E+03,   2.38501253486227E-01,   3.69230750000000E-01,  -2.87189751694902E+01,   1.96570000000000E+02,   8.88152845677920E+01,   1.75960789140416E+03
  1.97108333300000E+03,   2.15698626787856E-01,   3.36538250000000E-01,  -2.87176467851549E+01,   1.96750000000000E+02,   1.36677405672846E+02,   1.79297615107275E+03
  1.97116666700000E+03,   1.88479366699035E-01,   3.44230500000000E-01,  -2.87163194617240E+01,   1.96930000000000E+02,   1.61702759799350E+02,   1.65591546261972E+03
  1.97125000000000E+03,   1.56605146836363E-01,   3.61538250000000E-01,  -2.87149931994780E+01,   1.97110000000000E+02,   2.29851978796243E+02,   1.67909941275581E+03
  1.97133333300000E+03,   1.18309885646156E-01,   2.94230750000000E-01,  -2.87136679986970E+01,   1.97290000000000E+02,   2.40989646703179E+02,   1.33852588677658E+03
  1.97141666700000E+03,   7.37686903732665E-02,   1.94230950000000E-01,  -2.87123438596612E+01,   1.97470000000000E+02,   2.40281564831699E+02,   1.17569238817664E+03
  1.97150000000000E+03,   2.67007136721876E-02,   7.11539500000000E-02,  -2.87110207826500E+01,   1.97650000000000E+02,   1.85413559340115E+02,   1.01251098329676E+03
  1.97158333300000E+03,  -1.17192816949402E-02,  -3.65384750000000E-02,  -2.87096987679431E+01,   1.97830000000000E+02,   1.48768317089637E+02,   7.19690589632094E+02
  1.97166666700000E+03,  -3.69336718623277E-02,  -9.42307500000000E-02,  -2.87570301344576E+01,   1.98010000000000E+02,   8.11258615750819E+01,   7.17567155870749E+02
  1.97175000000000E+03,  -5.91738888842858E-02,  -2.21153775000000E-01,  -2.87546923822608E+01,   1.98190000000000E+02,   1.77755134467094E+02,   9.95539962866483E+02
  1.97183333300000E+03,  -8.09552051738133E-02,  -4.26923000000000E-01,  -2.87523546458489E+01,   1.98370000000000E+02,   1.47142428067257E+02,   6.36241042336030E+02
  1.97191666700000E+03,  -9.84810980585482E-02,  -5.61538500000000E-01,  -2.87500169256543E+01,   1.98550000000000E+02,   1.33872919258836E+02,   1.06885488089677E+03
  1.97200000000000E+03,  -1.09690727343921E-01,  -6.55769500000000E-01,  -2.87476792221100E+01,   1.98730000000000E+02,   1.55543506089947E+02,   1.03463438451621E+03
  1.97208333300000E+03,  -1.10236614202961E-01,  -6.51923250000000E-01,  -2.87453415356482E+01,   1.98910000000000E+02,   1.80109842515201E+02,   1.29550543403942E+03
  1.97216666700000E+03,  -9.74310039644726E-02,  -4.94230750000000E-01,  -2.87430038667018E+01,   1.99090000000000E+02,   7.60182531505357E+01,   8.91662324357498E+02
  1.97225000000000E+03,  -7.25560394515400E-02,  -4.40384750000000E-01,  -2.87406662157033E+01,   1.99270000000000E+02,   9.17495282686316E+01,   9.59068134726211E+02
  1.97233333300000E+03,  -3.93526492718857E-02,  -5.25000250000000E-01,  -2.87383285830854E+01,   1.99450000000000E+02,   1.27032826446800E+02,   6.91896669475827E+02
  1.97241666700000E+03,  -4.52253575710467E-04,  -5.75000250000000E-01,  -2.87359909692808E+01,   1.99630000000000E+02,   1.19301172115980E+02,   7.04870303651458E+02
  1.97250000000000E+03,   4.43755831751955E-02,  -6.11538750000000E-01,  -2.87336533747220E+01,   1.99810000000000E+02,   1.01617958617059E+02,   3.46928515272355E+02
  1.97258333300000E+03,   1.04828229175897E-02,  -6.84615750000000E-01,  -2.87313157998415E+01,   1.99990000000000E+02,   1.47429393089737E+02,   3.21091571390023E+02
  1.97266666700000E+03,  -9.63415297247093E-02,  -6.48077250000000E-01,  -2.76697599892175E+01,   2.00170000000000E+02,   2.03827194723219E+02,   5.02549740278022E+02
  1.97275000000000E+03,  -1.02854780371226E-01,  -4.46154000000000E-01,  -2.76674768956211E+01,   2.00350000000000E+02,   1.65110625093197E+02,   3.37230333987763E+02
  1.97283333300000E+03,  -2.45370202128134E-02,  -2.69230750000000E-01,  -2.76651940189228E+01,   2.00530000000000E+02,   2.09128577498754E+02,   4.32553064709995E+02
  1.97291666700000E+03,   3.84410490390389E-02,  -1.49999850000000E-01,  -2.76629113595446E+01,   2.00710000000000E+02,   2.07585454744869E+02,   4.35105051652482E+02
  1.97300000000000E+03,   8.34962976991413E-02,  -6.53844500000000E-02,  -2.76606289179082E+01,   2.00890000000000E+02,   2.60246990716830E+02,   6.99274497843022E+02
  1.97308333300000E+03,   1.11920640265552E-01,  -6.92306250000000E-02,  -2.76583466944355E+01,   2.01070000000000E+02,   1.91933513543173E+02,   4.85970871814154E+02
  1.97316666700000E+03,   1.25120735282739E-01,  -1.23076800000000E-01,  -2.76560646895483E+01,   2.01250000000000E+02,   2.09416523456026E+02,   5.04169361672411E+02
  1.97325000000000E+03,   1.22382914960596E-01,  -1.96153775000000E-01,  -2.76537829036681E+01,   2.01430000000000E+02,   1.54492880579142E+02,   3.96636105387472E+02
  1.97333333300000E+03,   1.02343931928165E-01,  -2.17307750000000E-01,  -2.76515013372168E+01,   2.01610000000000E+02,   1.42719694786705E+02,   7.02773407169525E+02
  1.97341666700000E+03,   6.64060035285785E-02,  -1.80769250000000E-01,  -2.76492199906159E+01,   2.01790000000000E+02,   6.23750093346811E+01,   5.99891454768181E+02
  1.97350000000000E+03,   2.02325354938304E-02,  -1.86538250000000E-01,  -2.76469388642869E+01,   2.01970000000000E+02,   8.10111485051224E+01,   6.09127558639599E+02
  1.97358333300000E+03,  -9.39216433880969E-02,  -1.80769025000000E-01,  -2.76446579586516E+01,   2.02150000000000E+02,   6.23682381352177E+01,   7.69205195835326E+02
  1.97366666700000E+03,  -2.65885054734536E-01,  -9.03845750000000E-02,  -2.77686835756698E+01,   2.02330000000000E+02,   9.51727069595130E+01,   8.08087571269879E+02
  1.97375000000000E+03,  -3.60916658038135E-01,  -5.96153250000000E-02,  -2.77667380487592E+01,   2.02510000000000E+02,   1.41331944472680E+02,   5.29966962364921E+02
  1.97383333300000E+03,  -3.89333347635634E-01,  -1.46153775000000E-01,  -2.77647932122593E+01,   2.02690000000000E+02,   1.46908049609314E+02,   4.09498059127526E+02
  1.97391666700000E+03,  -4.24346091721999E-01,  -1.80769250000000E-01,  -2.77628490665643E+01,   2.02870000000000E+02,   1.57013906636951E+02,   3.63467112838663E+02
  1.97400000000000E+03,  -4.63312490268867E-01,  -1.36538425000000E-01,  -2.77609056120685E+01,   2.03050000000000E+02,   1.58497846621531E+02,   3.00762351353047E+02
  1.97408333300000E+03,  -5.00538556249788E-01,  -1.05769100000000E-01,  -2.77589628491656E+01,   2.03230000000000E+02,   1.21524920539476E+02,   3.11323359177588E+02
  1.97416666700000E+03,  -5.31261755382741E-01,  -1.07692175000000E-01,  -2.77570207782496E+01,   2.03410000000000E+02,   9.30454384352081E+01,   4.25563421998266E+02
  1.97425000000000E+03,  -5.54044868409046E-01,  -1.55769250000000E-01,  -2.77550793997140E+01,   2.03590000000000E+02,   7.94673088236712E+01,   4.97843299165461E+02
  1.97433333300000E+03,  -5.69392431040709E-01,  -2.90384750000000E-01,  -2.77531387139525E+01,   2.03770000000000E+02,   6.23950983180664E+01,   5.28759396943497E+02
  1.97441666700000E+03,  -5.76347876382175E-01,  -4.67307750000000E-01,  -2.77511987213583E+01,   2.03950000000000E+02,   9.26040252603707E+01,   5.41829443312716E+02
  1.97450000000000E+03,  -5.70935990524570E-01,  -5.21153750000000E-01,  -2.77492594223245E+01,   2.04130000000000E+02,   1.07074831435073E+02,   7.36368396911910E+02
  1.97458333300000E+03,  -5.31341344728168E-01,  -4.11538250000000E-01,  -2.77473208172443E+01,   2.04310000000000E+02,   1.18520100737317E+02,   6.95126070377044E+02
  1.97466666700000E+03,  -4.65061922987803E-01,  -2.99999750000000E-01,  -3.19862072967244E+01,   2.04490000000000E+02,   1.27248203835345E+02,   5.90060682900902E+02
  1.97475000000000E+03,  -4.18326485095582E-01,  -2.53846000000000E-01,  -3.19842998882880E+01,   2.04670000000000E+02,   1.26870162558346E+02,   7.99998428052012E+02
  1.97483333300000E+03,  -3.87403564029233E-01,  -2.15384750000000E-01,  -3.19823918995720E+01,   2.04850000000000E+02,   1.00943188089004E+02,   9.21964886926394E+02
  1.97491666700000E+03,  -3.50086997525217E-01,  -1.86538750000000E-01,  -3.19804833309267E+01,   2.05030000000000E+02,   9.92712757561938E+01,   8.15768007191783E+02
  1.97500000000000E+03,  -3.06438110615356E-01,  -1.57692525000000E-01,  -3.19785741827023E+01,   2.05210000000000E+02,   7.28221758300438E+01,   1.40518886634563E+03
  1.97508333300000E+03,  -2.53894653824409E-01,  -1.44230800000000E-01,  -3.19766644552490E+01,   2.05390000000000E+02,   9.82573410333484E+01,   1.42162288311291E+03
  1.97516666700000E+03,  -1.91116701786781E-01,  -1.53846050000000E-01,  -3.19747541489175E+01,   2.05570000000000E+02,   8.12521782876109E+01,   1.20055299160136E+03
  1.97525000000000E+03,  -1.20234124575967E-01,  -1.40384550000000E-01,  -3.19728432640582E+01,   2.05750000000000E+02,   8.95723679040791E+01,   1.16843308891463E+03
  1.97533333300000E+03,  -4.53137026757370E-02,  -1.24999975000000E-01,  -3.19709318010219E+01,   2.05930000000000E+02,   8.30033412704477E+01,   1.04323168148156E+03
  1.97541666700000E+03,   3.11897386212864E-02,  -7.50000000000000E-02,  -3.19690197601594E+01,   2.06110000000000E+02,   8.76356811203994E+01,   4.74187366873212E+02
  1.97550000000000E+03,   1.10127640053481E-01,  -3.84617500000000E-03,  -3.19671071418215E+01,   2.06290000000000E+02,   4.60059216349619E+01,   4.65917269982770E+02
  1.97558333300000E+03,   8.59725342514886E-02,  -3.46154000000000E-02,  -3.19651939463592E+01,   2.06470000000000E+02,   6.68191530994023E+01,   4.79971041950118E+02
  1.97566666700000E+03,  -6.98179760352496E-02,  -1.57692275000000E-01,  -2.75164957631400E+01,   2.06650000000000E+02,   4.93813151871669E+01,   2.85444989268295E+02
  1.97575000000000E+03,  -1.71864966964424E-01,  -2.88461500000000E-01,  -2.75143253709724E+01,   2.06830000000000E+02,   4.42382399514667E+01,   3.40539187695272E+02
  1.97583333300000E+03,  -1.92567078407753E-01,  -4.30769250000000E-01,  -2.75121548214670E+01,   2.07010000000000E+02,   3.83377953260904E+01,   2.74113683205331E+02
  1.97591666700000E+03,  -2.12022857814078E-01,  -5.03846250000000E-01,  -2.75099841149810E+01,   2.07190000000000E+02,   5.51198075748049E+01,   7.90943726453884E+02
  1.97600000000000E+03,  -2.29122922150281E-01,  -4.19231000000000E-01,  -2.75078132518713E+01,   2.07370000000000E+02,   1.08079028146993E+02,   9.18127460288582E+02
  1.97608333300000E+03,  -2.40240181313854E-01,  -2.25000200000000E-01,  -2.75056422324953E+01,   2.07550000000000E+02,   1.11277188289119E+02,   1.23116363038719E+03
  1.97616666700000E+03,  -2.43096960458277E-01,  -1.92308000000000E-02,  -2.75034710572100E+01,   2.07730000000000E+02,   1.21799049032398E+02,   1.64325119733596E+03
  1.97625000000000E+03,  -2.39018953443555E-01,   3.46154000000000E-02,  -2.75012997263728E+01,   2.07910000000000E+02,   1.22184218432591E+02,   1.91021036051307E+03
  1.97633333300000E+03,  -2.31394823151443E-01,   3.07691500000000E-02,  -2.74991282403408E+01,   2.08090000000000E+02,   1.24689142354985E+02,   1.71846616764995E+03
  1.97641666700000E+03,  -2.22107562603066E-01,   1.55769150000000E-01,  -2.74969565994712E+01,   2.08270000000000E+02,   5.41239026407711E+01,   1.65075105535225E+03
  1.97650000000000E+03,  -2.09810746239966E-01,   3.03846250000000E-01,  -2.74947848041215E+01,   2.08450000000000E+02,   5.22975987654761E+01,   1.40066895179600E+03
  1.97658333300000E+03,  -2.74110107969235E-01,   4.23077000000000E-01,  -2.74926128546489E+01,   2.08630000000000E+02,   4.75599233538378E+01,   1.06723001755974E+03
  1.97666666700000E+03,  -3.93253149588353E-01,   5.53846000000000E-01,  -2.75559038746717E+01,   2.08810000000000E+02,   4.61421428534202E+01,   8.63625043318467E+02
  1.97675000000000E+03,  -3.84945254914638E-01,   6.67307500000000E-01,  -2.75537364034876E+01,   2.08990000000000E+02,   2.09253557379940E+01,   7.09063071192615E+02
  1.97683333300000E+03,  -2.77245081867677E-01,   8.09615750000000E-01,  -2.75515687684818E+01,   2.09170000000000E+02,   4.75251964998199E+01,   6.11804830233287E+02
  1.97691666700000E+03,  -1.80510229762839E-01,   9.86538500000000E-01,  -2.75494009700108E+01,   2.09350000000000E+02,   4.50031439040089E+01,   5.25458065763907E+02
  1.97700000000000E+03,  -9.77301572342302E-02,   1.02499875000000E+00,  -2.75472330084313E+01,   2.09530000000000E+02,   5.72714138910058E+01,   4.84857260063197E+02
  1.97708333300000E+03,  -2.83408970216066E-02,   8.99999000000000E-01,  -2.75450648841000E+01,   2.09710000000000E+02,   8.20328639465384E+01,   5.55265508033195E+02
  1.97716666700000E+03,   2.80319698117460E-02,   6.84615250000000E-01,  -2.75428965973734E+01,   2.09890000000000E+02,   8.24216417163145E+01,   4.09136783302575E+02
  1.97725000000000E+03,   6.93796613527169E-02,   4.92307750000000E-01,  -2.75407281486086E+01,   2.10070000000000E+02,   7.08210562028573E+01,   6.35199381513195E+02
  1.97733333300000E+03,   9.28445733496171E-02,   5.32692500000000E-01,  -2.75385595381619E+01,   2.10250000000000E+02,   8.73366218261770E+01,   6.99911312544020E+02
  1.97741666700000E+03,   9.82176796778067E-02,   6.03846500000000E-01,  -2.75363907663905E+01,   2.10430000000000E+02,   7.33082413509023E+01,   7.50418034376763E+02
  1.97750000000000E+03,   8.95304381993327E-02,   5.23077250000000E-01,  -2.75342218336509E+01,   2.10610000000000E+02,   5.87960305322777E+01,   1.12910423351154E+03
  1.97758333300000E+03,   1.14296542134956E-01,   4.21154000000000E-01,  -2.75320527403001E+01,   2.10790000000000E+02,   7.33146976174205E+01,   1.35563112370702E+03
  1.97766666700000E+03,   1.70495520566056E-01,   3.25000000000000E-01,  -2.99358628433842E+01,   2.10970000000000E+02,   8.60306560258148E+01,   1.32830732492874E+03
  1.97775000000000E+03,   1.70213415858470E-01,   2.86538250000000E-01,  -2.99335727231817E+01,   2.11150000000000E+02,   9.03104126680642E+01,   1.32267278180718E+03
  1.97783333300000E+03,   1.19488902224340E-01,   2.48076750000000E-01,  -2.99312824006725E+01,   2.11330000000000E+02,   9.01091306445887E+01,   1.24875523800561E+03
  1.97791666700000E+03,   6.65903465849715E-02,   1.84615500000000E-01,  -2.99289918762800E+01,   2.11510000000000E+02,   8.95612666299101E+01,   6.58721801085491E+02
  1.97800000000000E+03,   1.53444610597715E-02,   2.34615500000000E-01,  -2.99267011504277E+01,   2.11690000000000E+02,   7.51138179795351E+01,   4.01725741037726E+02
  1.97808333300000E+03,  -2.79469597047775E-02,   3.36538500000000E-01,  -2.99244102235390E+01,   2.11870000000000E+02,   4.62570157984854E+01,   2.27332126429910E+02
  1.97816666700000E+03,  -5.85370374998804E-02,   3.46154000000000E-01,  -2.99221190960374E+01,   2.12050000000000E+02,   7.67955511712469E+01,   3.66885745425336E+02
  1.97825000000000E+03,  -7.56349943454162E-02,   2.67308000000000E-01,  -2.99198277683465E+01,   2.12230000000000E+02,   7.67028337408439E+01,   4.61834818942891E+02
  1.97833333300000E+03,  -8.09888408150518E-02,   2.23077250000000E-01,  -2.99175362408900E+01,   2.12410000000000E+02,   6.73554713054560E+01,   4.97642594711808E+02
  1.97841666700000E+03,  -7.54087617128538E-02,   2.96154000000000E-01,  -2.99152445140913E+01,   2.12590000000000E+02,   8.69882963905926E+01,   4.94924600118026E+02
  1.97850000000000E+03,  -5.70993670101290E-02,   4.30769250000000E-01,  -2.99129525883742E+01,   2.12770000000000E+02,   1.04299253988720E+02,   1.07011472699856E+03
  1.97858333300000E+03,   5.04479465974727E-02,   4.67307750000000E-01,  -2.99106604641624E+01,   2.12950000000000E+02,   6.28685787159484E+01,   8.61564616112784E+02
  1.97866666700000E+03,   2.37824320130341E-01,   4.36538500000000E-01,  -2.97122696666967E+01,   2.13130000000000E+02,   6.80552787663066E+01,   6.96369581443118E+02
  1.97875000000000E+03,   3.41868024051188E-01,   4.88461500000000E-01,  -2.97123744675180E+01,   2.13310000000000E+02,   6.48978827963583E+01,   7.21263692982122E+02
  1.97883333300000E+03,   3.62134405009975E-01,   5.21154000000000E-01,  -2.97124784921684E+01,   2.13490000000000E+02,   4.88152797730174E+01,   8.65122449463606E+02
  1.97891666700000E+03,   3.75646708449974E-01,   5.34615750000000E-01,  -2.97125817406204E+01,   2.13670000000000E+02,   3.32431726482813E+01,   2.93755157195497E+02
  1.97900000000000E+03,   3.82306370711902E-01,   5.34615750000000E-01,  -2.97126842128470E+01,   2.13850000000000E+02,   2.57602244032547E+01,   3.43905255377386E+02
  1.97908333300000E+03,   3.85200359910627E-01,   4.11538750000000E-01,  -2.97127859088210E+01,   2.14030000000000E+02,   1.34373025999567E+02,   4.16560019512381E+02
  1.97916666700000E+03,   3.86747865544381E-01,   2.71154000000000E-01,  -2.97128868285155E+01,   2.14210000000000E+02,   1.35546273531858E+02,   4.16981362358248E+02
  1.97925000000000E+03,   3.86420102401466E-01,   1.94230750000000E-01,  -2.97129869719037E+01,   2.14390000000000E+02,   1.38916941884626E+02,   4.24392100856639E+02
  1.97933333300000E+03,   3.82216144734003E-01,   1.63461500000000E-01,  -2.97130863389588E+01,   2.14570000000000E+02,   1.47000372089748E+02,   6.29509428898664E+02
  1.97941666700000E+03,   3.74132575083387E-01,   1.61538500000000E-01,  -2.97131849296544E+01,   2.14750000000000E+02,   2.10848746081267E+02,   1.05779128797124E+03
  1.97950000000000E+03,   3.65759671352636E-01,   7.50000000000000E-02,  -2.97132827439639E+01,   2.14930000000000E+02,   1.14756124305131E+02,   9.77691565935174E+02
  1.97958333300000E+03,   2.23719425272651E-01,  -9.03845000000000E-02,  -2.97133797818610E+01,   2.15110000000000E+02,   1.13583729179739E+02,   1.04707320806109E+03
  1.97966666700000E+03,  -4.70750692447807E-02,  -1.61538250000000E-01,  -2.96989926855805E+01,   2.15290000000000E+02,   1.07081795584701E+02,   9.09571750646364E+02
  1.97975000000000E+03,  -1.70093337185284E-01,  -1.15384550000000E-01,  -2.96991701525336E+01,   2.15470000000000E+02,   1.09514383656043E+02,   7.88860039092414E+02
  1.97983333300000E+03,  -1.53957983122985E-01,  -9.23076000000000E-02,  -2.96993468464203E+01,   2.15650000000000E+02,   4.78477146407356E+01,   3.84315808462817E+02
  1.97991666700000E+03,  -1.43892460977384E-01,  -9.23074725000000E-02,  -2.96995227672016E+01,   2.15830000000000E+02,   7.57453716630232E+01,   5.20863545309333E+02
  1.98000000000000E+03,  -1.39473003927517E-01,   1.53846550000000E-02,  -2.96996979148390E+01,   2.16010000000000E+02,   1.54524519786518E+02,   4.83481454329798E+02
  1.98008333300000E+03,  -1.37192761945069E-01,   1.26922927500000E-01,  -2.96998722892940E+01,   2.16190000000000E+02,   1.69705571047298E+02,   4.90268556251051E+02
  1.98016666700000E+03,  -1.34339088339753E-01,   1.48076950000000E-01,  -2.97000458905281E+01,   2.16370000000000E+02,   1.80647756473557E+02,   4.72055460575363E+02
  1.98025000000000E+03,  -1.31289616217485E-01,   2.38461850000000E-01,  -2.97002187185031E+01,   2.16550000000000E+02,   1.76771918509481E+02,   6.23337545111962E+02
  1.98033333300000E+03,  -1.30043303142791E-01,   3.78846500000000E-01,  -2.97003907731809E+01,   2.16730000000000E+02,   1.39111066937074E+02,   7.03481342369551E+02
  1.98041666700000E+03,  -1.30748300589416E-01,   4.32692500000000E-01,  -2.97005620545234E+01,   2.16910000000000E+02,   6.08757470924756E+01,   8.24931699408777E+02
  1.98050000000000E+03,  -1.30094131659013E-01,   3.84615500000000E-01,  -2.97007325624926E+01,   2.17090000000000E+02,   4.88026430697995E+01,   9.01761770792305E+02
  1.98058333300000E+03,  -1.16347200313787E-01,   3.09615500000000E-01,  -2.97009022970509E+01,   2.17270000000000E+02,   2.72998775159591E+01,   1.02997013937635E+03
  1.98066666700000E+03,  -9.80207322392086E-02,   3.38461750000000E-01,  -2.65186100242754E+01,   2.17450000000000E+02,   3.28314019113081E+01,   8.22734479749808E+02
  1.98075000000000E+03,  -1.02668050537433E-01,   4.09615750000000E-01,  -2.65175345832533E+01,   2.17630000000000E+02,   2.60859274553019E+01,   7.77710764907254E+02
  1.98083333300000E+03,  -1.25495868949827E-01,   4.15385000000000E-01,  -2.65164585679955E+01,   2.17810000000000E+02,   6.79304332558066E+01,   6.16461439952627E+02
  1.98091666700000E+03,  -1.52802527015169E-01,   3.92308000000000E-01,  -2.65153819786370E+01,   2.17990000000000E+02,   6.95547322130762E+01,   7.85503494839044E+02
  1.98100000000000E+03,  -1.83909227482449E-01,   3.36538750000000E-01,  -2.65143048153130E+01,   2.18170000000000E+02,   8.56673489868175E+01,   6.22325084159104E+02
  1.98108333300000E+03,  -2.15085502431318E-01,   2.19231025000000E-01,  -2.65132270781587E+01,   2.18350000000000E+02,   1.02093743788009E+02,   1.00538482487202E+03
  1.98116666700000E+03,  -2.43429175747049E-01,   1.36538550000000E-01,  -2.65121487673093E+01,   2.18530000000000E+02,   1.00301404993201E+02,   8.78663733965671E+02
  1.98125000000000E+03,  -2.69164643157506E-01,   1.42307775000000E-01,  -2.65110698829003E+01,   2.18710000000000E+02,   6.85669864582829E+01,   1.02880275842510E+03
  1.98133333300000E+03,  -2.94175617169652E-01,   1.26923300000000E-01,  -2.65099904250669E+01,   2.18890000000000E+02,   7.26307069341536E+01,   9.92914637784846E+02
  1.98141666700000E+03,  -3.18534169916919E-01,   1.28846350000000E-01,  -2.65089103939448E+01,   2.19070000000000E+02,   5.39079948047991E+01,   1.59088067553421E+03
  1.98150000000000E+03,  -3.38893540094266E-01,   2.01923300000000E-01,  -2.65078297896695E+01,   2.19250000000000E+02,   3.60714796577580E+01,   1.30609221695685E+03
  1.98158333300000E+03,  -2.69465496285225E-01,   2.03846500000000E-01,  -2.65067486123767E+01,   2.19430000000000E+02,   3.92634837315301E+01,   1.67943693984761E+03
  1.98166666700000E+03,  -1.07500802778644E-01,   1.30769525000000E-01,  -2.96442675879189E+01,   2.19610000000000E+02,   6.01201602765126E+01,   1.56821161806681E+03
  1.98175000000000E+03,  -1.84707170721460E-02,   4.42308750000000E-02,  -2.96439257243046E+01,   2.19790000000000E+02,   6.86035011931439E+01,   1.49682986423029E+03
  1.98183333300000E+03,  -1.10995416787956E-02,   9.61542500000000E-03,  -2.96435830888088E+01,   2.19970000000000E+02,   7.46732296285685E+01,   1.11819483358031E+03
  1.98191666700000E+03,  -1.02232220199096E-02,   6.73077750000000E-02,  -2.96432396814736E+01,   2.20150000000000E+02,   1.16195046164433E+02,   1.00070239918842E+03
  1.98200000000000E+03,  -1.54529165466369E-02,   7.11539000000000E-02,  -2.96428955023411E+01,   2.20330000000000E+02,   1.44758930004318E+02,   1.37992160715787E+03
  1.98208333300000E+03,  -2.33105979934735E-02,   1.53846225000000E-02,  -2.96425505514535E+01,   2.20510000000000E+02,   1.21341426345147E+02,   1.29307327444535E+03
  1.98216666700000E+03,  -3.11058486259604E-02,  -3.26924050000000E-02,  -2.96422048288533E+01,   2.20690000000000E+02,   1.21842684520653E+02,   1.13796809268822E+03
  1.98225000000000E+03,  -3.92315351859330E-02,  -1.25000077500000E-01,  -2.96418583345829E+01,   2.20870000000000E+02,   1.43166207493120E+02,   8.77910466266843E+02
  1.98233333300000E+03,  -4.96945471243937E-02,  -2.90384500000000E-01,  -2.96415110686849E+01,   2.21050000000000E+02,   1.08800352090946E+02,   1.12827219920279E+03
  1.98241666700000E+03,  -6.26434602271903E-02,  -5.38461500000000E-01,  -2.96411630312022E+01,   2.21230000000000E+02,   1.11575612540101E+02,   3.87649564725580E+02
  1.98250000000000E+03,  -7.47606118292438E-02,  -7.69230750000000E-01,  -2.96408142221775E+01,   2.21410000000000E+02,   1.07569689878076E+02,   6.21339598163450E+02
  1.98258333300000E+03,  -1.69523404175470E-01,  -8.63461250000000E-01,  -2.96404646416537E+01,   2.21590000000000E+02,   1.20927690393885E+02,   7.13715698822308E+02
  1.98266666700000E+03,  -3.48110805056847E-01,  -8.07692000000000E-01,  -2.66723550591831E+01,   2.21770000000000E+02,   1.06693639296631E+02,   6.93952799032768E+02
  1.98275000000000E+03,  -4.40169751319475E-01,  -6.75000000000000E-01,  -2.66733281633681E+01,   2.21950000000000E+02,   9.54331522916444E+01,   8.97961070675869E+02
  1.98283333300000E+03,  -4.47972925972038E-01,  -6.03846250000000E-01,  -2.66743007041961E+01,   2.22130000000000E+02,   5.69643406114308E+01,   1.18492363086110E+03
  1.98291666700000E+03,  -4.60248461509302E-01,  -6.40384500000000E-01,  -2.66752726815199E+01,   2.22310000000000E+02,   7.85429364859010E+01,   1.24429567774264E+03
  1.98300000000000E+03,  -4.76325186282070E-01,  -7.71153750000000E-01,  -2.66762440951920E+01,   2.22490000000000E+02,   6.69129988077562E+01,   1.23403119231658E+03
  1.98308333300000E+03,  -4.92462592876659E-01,  -8.19230750000000E-01,  -2.66772149450654E+01,   2.22670000000000E+02,   7.51612194390269E+01,   1.26470304091042E+03
  1.98316666700000E+03,  -5.05730681945489E-01,  -7.21153750000000E-01,  -2.66781852309928E+01,   2.22850000000000E+02,   7.31746917599696E+01,   9.47997159798630E+02
  1.98325000000000E+03,  -5.16308428831804E-01,  -6.03846000000000E-01,  -2.66791549528272E+01,   2.23030000000000E+02,   7.29750402733102E+01,   6.96144967732672E+02
  1.98333333300000E+03,  -5.26017025504989E-01,  -4.15384500000000E-01,  -2.66801241104217E+01,   2.23210000000000E+02,   6.70662977170898E+01,   4.37703934657574E+02
  1.98341666700000E+03,  -5.34849733016326E-01,  -2.67307750000000E-01,  -2.66810927036294E+01,   2.23390000000000E+02,   5.63398831681465E+01,   4.67317205919605E+02
  1.98350000000000E+03,  -5.39365806770137E-01,  -2.42307750000000E-01,  -2.66820607323035E+01,   2.23570000000000E+02,   5.06098730136640E+01,   5.88767300397251E+02
  1.98358333300000E+03,  -5.54251242668324E-01,  -2.03846250000000E-01,  -2.66830281962973E+01,   2.23750000000000E+02,   5.26620838474832E+01,   5.92905035234056E+02
  1.98366666700000E+03,  -5.77477037901998E-01,  -9.61540750000000E-02,  -1.88671683974657E+01,   2.23930000000000E+02,   7.12955836248351E+01,   5.83442604874726E+02
  1.98375000000000E+03,  -5.74161799285731E-01,  -1.92309000000000E-02,  -1.88674748826273E+01,   2.24110000000000E+02,   6.09830079089734E+01,   6.64555028474145E+02
  1.98383333300000E+03,  -5.52292745842051E-01,  -8.26923250000000E-02,  -1.88677820952325E+01,   2.24290000000000E+02,   5.02404091456672E+01,   5.97884434066899E+02
  1.98391666700000E+03,  -5.36522654912929E-01,  -1.19230750000000E-01,  -1.88680900352033E+01,   2.24470000000000E+02,   4.30502954523894E+01,   5.50246508772578E+02
  1.98400000000000E+03,  -5.26476390458383E-01,  -6.34615250000000E-02,  -1.88683987024616E+01,   2.24650000000000E+02,   4.11140636605443E+01,   4.09380130944401E+02
  1.98408333300000E+03,  -5.18693520473260E-01,  -3.84615500000000E-02,  -1.88687080969294E+01,   2.24830000000000E+02,   2.86933043199009E+01,   4.56230641236529E+02
  1.98416666700000E+03,  -5.10505121183057E-01,  -8.07692750000000E-02,  -1.88690182185282E+01,   2.25010000000000E+02,   2.77354952552239E+01,   4.09944734125957E+02
  1.98425000000000E+03,  -5.02329402259449E-01,  -1.51923250000000E-01,  -1.88693290671797E+01,   2.25190000000000E+02,   4.65829002545448E+01,   4.52431712223310E+02
  1.98433333300000E+03,  -4.96202335084951E-01,  -2.46154000000000E-01,  -1.88696406428054E+01,   2.25370000000000E+02,   6.23858532292070E+01,   3.33483795298450E+02
  1.98441666700000E+03,  -4.92305146934746E-01,  -3.51923000000000E-01,  -1.88699529453267E+01,   2.25550000000000E+02,   7.67553854408092E+01,   4.50540099231340E+02
  1.98450000000000E+03,  -4.87356167423611E-01,  -2.40384500000000E-01,  -1.88702659746648E+01,   2.25730000000000E+02,   8.16362778954790E+01,   3.83134380498342E+02
  1.98458333300000E+03,  -3.45650476689217E-01,   2.50000000000000E-02,  -1.88705797307408E+01,   2.25910000000000E+02,   8.04328360424610E+01,   4.27888877134863E+02
  1.98466666700000E+03,  -7.25806548840577E-02,   1.17307650000000E-01,  -2.25920271640198E+01,   2.26090000000000E+02,   7.53981297435588E+01,   3.34289931965340E+02
  1.98475000000000E+03,   5.90232676261438E-02,   5.38461275000000E-02,  -2.25915040308133E+01,   2.26270000000000E+02,   8.18213988962467E+01,   5.15466809235141E+02
  1.98483333300000E+03,   4.99220795846781E-02,   7.69230550000000E-02,  -2.25909804090833E+01,   2.26450000000000E+02,   8.13126774790813E+01,   5.12330452859215E+02
  1.98491666700000E+03,   3.40818638558777E-02,   2.09615327500000E-01,  -2.25904562988779E+01,   2.26630000000000E+02,   6.98210739310132E+01,   4.48400737811439E+02
  1.98500000000000E+03,   1.19657635376098E-02,   2.21153800000000E-01,  -2.25899317002452E+01,   2.26810000000000E+02,   8.16122339484165E+01,   4.29119606492855E+02
  1.98508333300000E+03,  -1.28780618979308E-02,   1.51923100000000E-01,  -2.25894066132333E+01,   2.26990000000000E+02,   1.01452910286444E+02,   5.76623964514211E+02
  1.98516666700000E+03,  -3.76938172976285E-02,   1.96153800000000E-01,  -2.25888810378904E+01,   2.27170000000000E+02,   1.16299450739776E+02,   4.12333309512213E+02
  1.98525000000000E+03,  -6.28142488233803E-02,   3.40384500000000E-01,  -2.25883549742648E+01,   2.27350000000000E+02,   1.18977119478642E+02,   3.18297106267698E+02
  1.98533333300000E+03,  -9.01917940684055E-02,   5.26923000000000E-01,  -2.25878284224048E+01,   2.27530000000000E+02,   1.70291277732037E+02,   5.68476934434101E+02
  1.98541666700000E+03,  -1.19926564080041E-01,   6.38461500000000E-01,  -2.25873013823587E+01,   2.27710000000000E+02,   1.67079536293028E+02,   5.05783623079304E+02
  1.98550000000000E+03,  -1.48658639251290E-01,   6.32692500000000E-01,  -2.25867738541748E+01,   2.27890000000000E+02,   1.55627846937475E+02,   4.13361561484542E+02
  1.98558333300000E+03,  -7.53309597422541E-02,   5.11538750000000E-01,  -2.25862458379017E+01,   2.28070000000000E+02,   1.23215293520363E+02,   4.79913429588266E+02
  1.98566666700000E+03,   9.89574472937697E-02,   3.15384750000000E-01,  -2.00216080832292E+01,   2.28250000000000E+02,   1.34031229776074E+02,   5.11699935308378E+02
  1.98575000000000E+03,   1.75029922645548E-01,   1.92307775000000E-01,  -2.00228358115292E+01,   2.28430000000000E+02,   9.50625940453261E+01,   2.77615028797276E+02
  1.98583333300000E+03,   1.49454936427705E-01,   9.03846750000000E-02,  -2.00240640452300E+01,   2.28610000000000E+02,   1.05515994270262E+02,   6.41008167937771E+02
  1.98591666700000E+03,   1.17623965464810E-01,  -5.76922250000000E-02,  -2.00252927841138E+01,   2.28790000000000E+02,   9.34879893212696E+01,   6.42870753592160E+02
  1.98600000000000E+03,   8.05820652679932E-02,  -1.05769100000000E-01,  -2.00265220279633E+01,   2.28970000000000E+02,   8.20143965989235E+01,   6.52552433210891E+02
  1.98608333300000E+03,   4.24529407842944E-02,   8.65385500000000E-02,  -2.00277517765606E+01,   2.29150000000000E+02,   7.75870100728469E+01,   6.34393413900677E+02
  1.98616666700000E+03,   6.55177375662395E-03,   2.34615425000000E-01,  -2.00289820296883E+01,   2.29330000000000E+02,   1.53448096352292E+02,   8.07586270161532E+02
  1.98625000000000E+03,  -2.69205441540365E-02,   4.61538000000000E-02,  -2.00302127871285E+01,   2.29510000000000E+02,   1.37954544839426E+02,   4.71219192571379E+02
  1.98633333300000E+03,  -5.94177865081363E-02,  -2.80769350000000E-01,  -2.00314440486635E+01,   2.29690000000000E+02,   1.33658612613485E+02,   4.25086404592358E+02
  1.98641666700000E+03,  -9.05850774961746E-02,  -4.73077000000000E-01,  -2.00326758140752E+01,   2.29870000000000E+02,   1.91395379627671E+02,   3.91426615501568E+02
  1.98650000000000E+03,  -1.16659220045777E-01,  -4.07692250000000E-01,  -2.00339080831458E+01,   2.30050000000000E+02,   1.76169948740827E+02,   3.73398579058796E+02
  1.98658333300000E+03,  -1.27788494436541E-01,  -2.94230500000000E-01,  -2.00351408556571E+01,   2.30230000000000E+02,   9.48264551827335E+01,   2.17590365195181E+02
  1.98666666700000E+03,  -1.13578472927208E-01,  -2.71153500000000E-01,  -1.70157133432630E+01,   2.30410000000000E+02,   1.10221778528101E+02,   4.62579639606364E+02
  1.98675000000000E+03,  -8.00395310044153E-02,  -1.59615172500000E-01,  -1.70149156630096E+01,   2.30590000000000E+02,   1.06133871669334E+02,   6.77349424306024E+02
  1.98683333300000E+03,  -4.46166197459055E-02,   4.03846550000000E-02,  -1.70141185991458E+01,   2.30770000000000E+02,   6.58402365789982E+01,   1.03943388241744E+03
  1.98691666700000E+03,  -1.66237093645394E-02,   2.21153827500000E-01,  -1.70133221517580E+01,   2.30950000000000E+02,   1.00512134344818E+02,   1.12440314234961E+03
  1.98700000000000E+03,   4.16522243617976E-03,   3.86538500000000E-01,  -1.70125263209325E+01,   2.31130000000000E+02,   1.04694403802080E+02,   1.39990511850985E+03
  1.98708333300000E+03,   2.10720395538122E-02,   4.84615500000000E-01,  -1.70117311067556E+01,   2.31310000000000E+02,   1.02890999085957E+02,   1.18314668027619E+03
  1.98716666700000E+03,   3.66393511338488E-02,   3.53846300000000E-01,  -1.70109365093133E+01,   2.31490000000000E+02,   1.03860146593128E+02,   1.04916665425133E+03
  1.98725000000000E+03,   5.03364971366333E-02,   2.00000100000000E-01,  -1.70101425286919E+01,   2.31670000000000E+02,   9.70383352353121E+01,   6.73282122101169E+02
  1.98733333300000E+03,   6.00304079035726E-02,   3.63461550000000E-01,  -1.70093491649773E+01,   2.31850000000000E+02,   6.44470469695283E+01,   5.88453690465819E+02
  1.98741666700000E+03,   6.54594479894629E-02,   6.61538500000000E-01,  -1.70085564182553E+01,   2.32030000000000E+02,   8.05678585552843E+01,   4.96120849083457E+02
  1.98750000000000E+03,   6.98427349763963E-02,   7.26923250000000E-01,  -1.70077642886119E+01,   2.32210000000000E+02,   5.84921792918118E+01,   5.69928659084812E+02
  1.98758333300000E+03,   2.59949672863118E-02,   5.65384750000000E-01,  -1.70069727761327E+01,   2.32390000000000E+02,   5.88895030287094E+01,   5.62225048411917E+02
  1.98766666700000E+03,  -7.60150976430883E-02,   4.75000000000000E-01,  -2.19881548681249E+01,   2.32570000000000E+02,   5.61805853018071E+01,   5.69754335443675E+02
  1.98775000000000E+03,  -1.45662672330159E-01,   5.51923000000000E-01,  -2.19865149852484E+01,   2.32750000000000E+02,   4.70054299617303E+01,   6.82891694588494E+02
  1.98783333300000E+03,  -1.73092698265652E-01,   5.96153750000000E-01,  -2.19848748514570E+01,   2.32930000000000E+02,   2.86052060131333E+01,   8.61112989674788E+02
  1.98791666700000E+03,  -1.99902057639251E-01,   5.01923000000000E-01,  -2.19832344669319E+01,   2.33110000000000E+02,   3.86095014606719E+01,   1.04990025230246E+03
  1.98800000000000E+03,  -2.24988406717621E-01,   3.61538500000000E-01,  -2.19815938318544E+01,   2.33290000000000E+02,   3.76291330700740E+01,   1.33318373526996E+03
  1.98808333300000E+03,  -2.44383619040889E-01,   1.92307875000000E-01,  -2.19799529464059E+01,   2.33470000000000E+02,   5.08583536709077E+01,   1.69131781821642E+03
  1.98816666700000E+03,  -2.55141408109039E-01,   3.65385500000000E-02,  -2.19783118107679E+01,   2.33650000000000E+02,   7.81456878000638E+01,   1.71413573019933E+03
  1.98825000000000E+03,  -2.57636837394955E-01,   6.53844750000000E-02,  -2.19766704251218E+01,   2.33830000000000E+02,   7.35465866739396E+01,   1.42394870749125E+03
  1.98833333300000E+03,  -2.54093822947547E-01,   1.96153550000000E-01,  -2.19750287896490E+01,   2.34010000000000E+02,   6.29475169320707E+01,   1.27734503733125E+03
  1.98841666700000E+03,  -2.45102631129757E-01,   1.48076750000000E-01,  -2.19733869045309E+01,   2.34190000000000E+02,   7.94833935807692E+01,   1.18861867479412E+03
  1.98850000000000E+03,  -2.27995203719362E-01,  -8.07692500000000E-02,  -2.19717447699493E+01,   2.34370000000000E+02,   7.15256391661242E+01,   9.42582413087972E+02
  1.98858333300000E+03,  -1.98340192411228E-01,  -3.07692500000000E-01,  -2.19701023860855E+01,   2.34550000000000E+02,   4.29452947300510E+01,   9.64123893226683E+02
  1.98866666700000E+03,  -1.69570836956521E-01,  -4.57692500000000E-01,  -8.61518589146953E+00,   2.34730000000000E+02,   5.01976480118465E+01,   8.92739791696891E+02
  1.98875000000000E+03,  -1.62131752795638E-01,  -5.61538500000000E-01,  -8.61621641881120E+00,   2.34910000000000E+02,   7.31263872471172E+01,   6.83042509305850E+02
  1.98883333300000E+03,  -1.69823737489056E-01,  -6.48077000000000E-01,  -8.61724698674725E+00,   2.35090000000000E+02,   5.94697265796713E+01,   5.54572687559295E+02
  1.98891666700000E+03,  -1.82711865943655E-01,  -6.53846250000000E-01,  -8.61827759521648E+00,   2.35270000000000E+02,   4.48845434152288E+01,   5.80168407217693E+02
  1.98900000000000E+03,  -2.00248323108881E-01,  -6.38461750000000E-01,  -8.61930824415768E+00,   2.35450000000000E+02,   1.02440414557862E+02,   4.00025936953071E+02
  1.98908333300000E+03,  -2.18784814228297E-01,  -6.48077250000000E-01,  -8.62033893350965E+00,   2.35630000000000E+02,   1.00596470913128E+02,   4.89142556589376E+02
  1.98916666700000E+03,  -2.35450833425005E-01,  -6.11538750000000E-01,  -8.62136966321118E+00,   2.35810000000000E+02,   8.83327504332876E+01,   5.65040832123253E+02
  1.98925000000000E+03,  -2.50451728303430E-01,  -5.90384750000000E-01,  -8.62240043320103E+00,   2.35990000000000E+02,   9.50650202252669E+01,   5.24986660060193E+02
  1.98933333300000E+03,  -2.65602716873921E-01,  -5.80769250000000E-01,  -8.62343124341805E+00,   2.36170000000000E+02,   9.68495218284661E+01,   7.23668828583509E+02
  1.98941666700000E+03,  -2.80860661695187E-01,  -5.86538500000000E-01,  -8.62446209380096E+00,   2.36350000000000E+02,   4.65880877406453E+01,   8.12315342546161E+02
  1.98950000000000E+03,  -2.92720991188739E-01,  -6.75000000000000E-01,  -8.62549298428860E+00,   2.36530000000000E+02,   6.38691309827729E+01,   7.90274482888635E+02
  1.98958333300000E+03,  -3.34358882116654E-01,  -7.36538500000000E-01,  -8.62652391481972E+00,   2.36710000000000E+02,   7.27175165723776E+01,   1.06117282736646E+03
  1.98966666700000E+03,  -3.96778445156696E-01,  -7.15384750000000E-01,  -1.20216167841958E+01,   2.36890000000000E+02,   7.39711699328152E+01,   9.47660673493519E+02
  1.98975000000000E+03,  -4.01034949051443E-01,  -6.40384750000000E-01,  -1.20202286541412E+01,   2.37070000000000E+02,   7.06665703031933E+01,   7.22433498465456E+02
  1.98983333300000E+03,  -3.62189638862707E-01,  -5.44230750000000E-01,  -1.20188405814995E+01,   2.37250000000000E+02,   6.92311073958641E+01,   7.78020025956724E+02
  1.98991666700000E+03,  -3.30860246085104E-01,  -5.38461500000000E-01,  -1.20174525663631E+01,   2.37430000000000E+02,   7.25383224846330E+01,   7.40481902434677E+02
  1.99000000000000E+03,  -3.07284685052578E-01,  -6.23077000000000E-01,  -1.20160646088245E+01,   2.37610000000000E+02,   7.37838470133720E+01,   5.34846878265403E+02
  1.99008333300000E+03,  -2.88547250534654E-01,  -6.42307750000000E-01,  -1.20146767089759E+01,   2.37790000000000E+02,   6.93106840487570E+01,   6.97876184680127E+02
  1.99016666700000E+03,  -2.72443391674034E-01,  -5.69230750000000E-01,  -1.20132888669097E+01,   2.37970000000000E+02,   9.54393430463970E+01,   5.61455521316174E+02
  1.99025000000000E+03,  -2.59765231815115E-01,  -5.05769000000000E-01,  -1.20119010827183E+01,   2.38150000000000E+02,   1.02583838921692E+02,   8.16690185210481E+02
  1.99033333300000E+03,  -2.52824232908076E-01,  -4.94230500000000E-01,  -1.20105133564939E+01,   2.38330000000000E+02,   7.80737227691687E+01,   8.03807174686342E+02
  1.99041666700000E+03,  -2.51973040337177E-01,  -6.30769250000000E-01,  -1.20091256883289E+01,   2.38510000000000E+02,   7.39241542056552E+01,   6.83400371812563E+02
  1.99050000000000E+03,  -2.53994111285535E-01,  -7.88461750000000E-01,  -1.20077380783157E+01,   2.38690000000000E+02,   8.36022003739257E+01,   6.44086904427409E+02
  1.99058333300000E+03,  -1.36506900452497E-01,  -7.07692500000000E-01,  -1.20063505265466E+01,   2.38870000000000E+02,   7.64806515409960E+01,   7.12601910468470E+02
  1.99066666700000E+03,   1.02791722120589E-01,  -5.09615500000000E-01,  -1.59667284655574E+01,   2.39050000000000E+02,   7.69359868618776E+01,   3.36868078435026E+02
  1.99075000000000E+03,   2.26585862554153E-01,  -3.59615500000000E-01,  -1.59668902307684E+01,   2.39230000000000E+02,   8.36331263044151E+01,   2.82349772137403E+02
  1.99083333300000E+03,   2.30312171466723E-01,  -2.76923250000000E-01,  -1.59670516992853E+01,   2.39410000000000E+02,   8.68096668869723E+01,   3.04346364504285E+02
  1.99091666700000E+03,   2.28157182963184E-01,  -2.32692500000000E-01,  -1.59672128710973E+01,   2.39590000000000E+02,   9.11771772494540E+01,   1.79929208104219E+02
  1.99100000000000E+03,   2.20664645858693E-01,  -1.94231000000000E-01,  -1.59673737461931E+01,   2.39770000000000E+02,   7.73456903468585E+01,   2.22362701802142E+02
  1.99108333300000E+03,   2.11448828871424E-01,  -1.86538750000000E-01,  -1.59675343245618E+01,   2.39950000000000E+02,   7.08567149568815E+01,   1.96768880950101E+02
  1.99116666700000E+03,   2.03314971761964E-01,  -1.73077250000000E-01,  -1.59676946061923E+01,   2.40130000000000E+02,   5.81665614057565E+01,   7.54599975631293E+02
  1.99125000000000E+03,   1.95961305754364E-01,  -1.82692500000000E-01,  -1.59678545910736E+01,   2.40310000000000E+02,   4.53606726458762E+01,   7.33751585630048E+02
  1.99133333300000E+03,   1.87446508595152E-01,  -2.57692250000000E-01,  -1.59680142791947E+01,   2.40490000000000E+02,   2.74440726465429E+01,   7.87625569921359E+02
  1.99141666700000E+03,   1.77660764140977E-01,  -2.88461500000000E-01,  -1.59681736705447E+01,   2.40670000000000E+02,   2.56919162853621E+01,   7.74207757666986E+02
  1.99150000000000E+03,   1.69932967890176E-01,  -2.57692500000000E-01,  -1.59683327651126E+01,   2.40850000000000E+02,   2.63258617017185E+01,   8.85185803603101E+02
  1.99158333300000E+03,   8.51151173742336E-02,  -2.96154000000000E-01,  -1.59684915628873E+01,   2.41030000000000E+02,   2.88170661831624E+01,   5.43697844000906E+02
  1.99166666700000E+03,  -7.87271183407641E-02,  -4.15384500000000E-01,  -1.51382946399755E+01,   2.41210000000000E+02,   5.34695666922256E+01,   5.50804856378585E+02
  1.99175000000000E+03,  -1.61304222789587E-01,  -5.01923000000000E-01,  -1.51389821058252E+01,   2.41390000000000E+02,   1.04255806748860E+02,   6.80867660315335E+02
  1.99183333300000E+03,  -1.65465942678259E-01,  -4.84615500000000E-01,  -1.51396693291486E+01,   2.41570000000000E+02,   1.02710729652119E+02,   5.54666405569483E+02
  1.99191666700000E+03,  -1.75623147229914E-01,  -4.36538500000000E-01,  -1.51403563099006E+01,   2.41750000000000E+02,   1.44359802089084E+02,   4.45829031938966E+02
  1.99200000000000E+03,  -1.91264366816458E-01,  -5.11538500000000E-01,  -1.51410430480363E+01,   2.41930000000000E+02,   1.52934797396592E+02,   4.32192275376432E+02
  1.99208333300000E+03,  -2.08794579669620E-01,  -6.26923250000000E-01,  -1.51417295435106E+01,   2.42110000000000E+02,   1.25007188019634E+02,   5.66052305735927E+02
  1.99216666700000E+03,  -2.25412993914721E-01,  -6.03846250000000E-01,  -1.51424157962786E+01,   2.42290000000000E+02,   8.04024555995362E+01,   4.54989132054150E+02
  1.99225000000000E+03,  -2.41409620147272E-01,  -5.84615500000000E-01,  -1.51431018062952E+01,   2.42470000000000E+02,   8.25958409666433E+01,   7.71306200049072E+02
  1.99233333300000E+03,  -2.58696807152078E-01,  -6.59615500000000E-01,  -1.51437875735156E+01,   2.42650000000000E+02,   3.80938845849247E+01,   8.00709041400999E+02
  1.99241666700000E+03,  -2.77337600557837E-01,  -7.28846000000000E-01,  -1.51444730978948E+01,   2.42830000000000E+02,   3.47348740043933E+01,   9.73297128852364E+02
  1.99250000000000E+03,  -2.93938402270908E-01,  -8.19230500000000E-01,  -1.51451583793879E+01,   2.43010000000000E+02,   3.70651935435482E+01,   9.04330042478815E+02
  1.99258333300000E+03,  -2.92607418535134E-01,  -8.90384500000000E-01,  -1.51458434179499E+01,   2.43190000000000E+02,   2.91062358231284E+01,   1.07235349369617E+03
  1.99266666700000E+03,  -2.71909723355909E-01,  -8.75000000000000E-01,  -9.92957191228582E-01,   2.43370000000000E+02,   4.43376653364627E+01,   7.68334329362586E+02
  1.99275000000000E+03,  -2.58146813481005E-01,  -7.36538500000000E-01,  -9.92559963854724E-01,   2.43550000000000E+02,   6.59967552310671E+01,   8.95787046282832E+02
  1.99283333300000E+03,  -2.57487133243119E-01,  -5.07692500000000E-01,  -9.92162900082533E-01,   2.43730000000000E+02,   7.52322024594061E+01,   5.55632233884372E+02
  1.99291666700000E+03,  -2.62743658109753E-01,  -3.80769500000000E-01,  -9.91765999922271E-01,   2.43910000000000E+02,   8.28830043077818E+01,   5.17963663630933E+02
  1.99300000000000E+03,  -2.73486934948879E-01,  -3.69231000000000E-01,  -9.91369263384178E-01,   2.44090000000000E+02,   9.29395166751347E+01,   3.02457943556458E+02
  1.99308333300000E+03,  -2.86204892700099E-01,  -2.75000172500000E-01,  -9.90972690478498E-01,   2.44270000000000E+02,   8.29153092565597E+01,   3.89866406094842E+02
  1.99316666700000E+03,  -2.98180068649969E-01,  -8.26923700000000E-02,  -9.90576281215457E-01,   2.44450000000000E+02,   6.90127520565409E+01,   4.13067877886910E+02
  1.99325000000000E+03,  -3.09785623745765E-01,  -5.19229725000000E-02,  -9.90180035605286E-01,   2.44630000000000E+02,   7.14461006712750E+01,   5.95874132559262E+02
  1.99333333300000E+03,  -3.23016322498653E-01,  -1.98076775000000E-01,  -9.89783953658208E-01,   2.44810000000000E+02,   6.16623190316372E+01,   8.62251091017853E+02
  1.99341666700000E+03,  -3.38016340937143E-01,  -3.00000000000000E-01,  -9.89388035384443E-01,   2.44990000000000E+02,   7.55859004827915E+01,   1.07444836155381E+03
  1.99350000000000E+03,  -3.51471383342051E-01,  -2.90384500000000E-01,  -9.88992280794191E-01,   2.45170000000000E+02,   1.08161892662884E+02,   1.03164233136093E+03
  1.99358333300000E+03,  -2.38247078814226E-01,  -2.88461250000000E-01,  -9.88596689897662E-01,   2.45350000000000E+02,   1.42906449992105E+02,   1.49427092188504E+03
  1.99366666700000E+03,   6.63241450634993E-03,  -3.96153750000000E-01,  -1.13129583294301E+01,   2.45530000000000E+02,   1.40476102336752E+02,   1.32979220978003E+03
  1.99375000000000E+03,   1.41910726375919E-01,  -4.32692500000000E-01,  -1.13127387570589E+01,   2.45710000000000E+02,   1.41296790692280E+02,   1.18634644659152E+03
  1.99383333300000E+03,   1.58030408603006E-01,  -4.63461750000000E-01,  -1.13125189990975E+01,   2.45890000000000E+02,   1.29822166973935E+02,   9.78911676771566E+02
  1.99391666700000E+03,   1.67998521863580E-01,  -6.63461500000000E-01,  -1.13122990555538E+01,   2.46070000000000E+02,   1.07037188969424E+02,   9.30474611424096E+02
  1.99400000000000E+03,   1.72234698949868E-01,  -7.96153750000000E-01,  -1.13120789264361E+01,   2.46250000000000E+02,   6.39046770535177E+01,   3.52186100449227E+02
  1.99408333300000E+03,   1.74241704451132E-01,  -7.86538500000000E-01,  -1.13118586117524E+01,   2.46430000000000E+02,   5.55729362483835E+01,   3.34373225905839E+02
  1.99416666700000E+03,   1.76728154279504E-01,  -8.01923000000000E-01,  -1.13116381115108E+01,   2.46610000000000E+02,   6.32549018128077E+01,   1.75322013352811E+02
  1.99425000000000E+03,   1.79312445184182E-01,  -8.74999750000000E-01,  -1.13114174257194E+01,   2.46790000000000E+02,   5.65688648143434E+01,   2.67425495110732E+02
  1.99433333300000E+03,   1.79991719404241E-01,  -9.19230500000000E-01,  -1.13111965543863E+01,   2.46970000000000E+02,   3.82675587153295E+01,   3.78274883883819E+02
  1.99441666700000E+03,   1.78614000958299E-01,  -8.78846000000000E-01,  -1.13109754975196E+01,   2.47150000000000E+02,   4.71674103141995E+01,   3.38290091518499E+02
  1.99450000000000E+03,   1.78486023534144E-01,  -8.21154000000000E-01,  -1.13107542551275E+01,   2.47330000000000E+02,   4.92378882334800E+01,   4.76403370580915E+02
  1.99458333300000E+03,   2.07683769965842E-01,  -8.51923250000000E-01,  -1.13105328272181E+01,   2.47510000000000E+02,   6.54871900108294E+01,   5.33780261453521E+02
  1.99466666700000E+03,   2.66556162602842E-01,  -8.21153750000000E-01,  -9.12790240178136E+00,   2.47690000000000E+02,   5.99711685366230E+01,   6.00052000397351E+02
  1.99475000000000E+03,   3.03415956445661E-01,  -5.84615250000000E-01,  -9.12799290720934E+00,   2.47870000000000E+02,   6.63855053734383E+01,   7.59656056321226E+02
  1.99483333300000E+03,   3.13509686470820E-01,  -3.59615250000000E-01,  -9.12808326869790E+00,   2.48050000000000E+02,   5.49537954478292E+01,   7.60648173085507E+02
  1.99491666700000E+03,   3.17510533936405E-01,  -1.94230625000000E-01,  -9.12817348624450E+00,   2.48230000000000E+02,   9.02804375703330E+01,   8.79520868902281E+02
  1.99500000000000E+03,   3.15845133319989E-01,   6.93889390390723E-18,  -9.12826355984661E+00,   2.48410000000000E+02,   6.56310742507689E+01,   1.08553614584431E+03
  1.99508333300000E+03,   3.12023160332681E-01,   9.42306750000000E-02,  -9.12835348950169E+00,   2.48590000000000E+02,   7.36601261442760E+01,   9.12987097245734E+02
  1.99516666700000E+03,   3.08760043338195E-01,   6.53845500000000E-02,  -9.12844327520723E+00,   2.48770000000000E+02,   7.01975953379995E+01,   6.64173391462304E+02
  1.99525000000000E+03,   3.05680884900938E-01,   7.69229500000000E-02,  -9.12853291696069E+00,   2.48950000000000E+02,   8.91364036233630E+01,   6.58949634952471E+02
  1.99533333300000E+03,   3.00789418871054E-01,   2.26922950000000E-01,  -9.12862241475957E+00,   2.49130000000000E+02,   4.53534588962211E+01,   4.41257547154743E+02
  1.99541666700000E+03,   2.93940139022265E-01,   4.80769250000000E-01,  -9.12871176860134E+00,   2.49310000000000E+02,   6.66431203173241E+01,   2.04182217752747E+02
  1.99550000000000E+03,   2.88446119462281E-01,   6.98077000000000E-01,  -9.12880097848351E+00,   2.49490000000000E+02,   6.01757307676366E+01,   3.39898308742139E+02
  1.99558333300000E+03,   2.38574355073303E-01,   8.76923000000000E-01,  -9.12889004440356E+00,   2.49670000000000E+02,   5.87605100270943E+01,   3.77653890004102E+02
  1.99566666700000E+03,   1.45434917995760E-01,   1.12884700000000E+00,  -3.01192048544548E+00,   2.49850000000000E+02,   4.45788032690878E+01,   5.93309376318566E+02
  1.99575000000000E+03,   1.05639325180244E-01,   1.32884750000000E+00,  -3.01162179134965E+00,   2.50030000000000E+02,   4.35821117749438E+01,   5.19155225875136E+02
  1.99583333300000E+03,   1.13498015172910E-01,   1.35000000000000E+00,  -3.01132331637080E+00,   2.50210000000000E+02,   3.45689911265974E+01,   5.64842008933891E+02
  1.99591666700000E+03,   1.15022408834372E-01,   1.22692250000000E+00,  -3.01102506051699E+00,   2.50390000000000E+02,   4.36650812726235E+01,   5.22902291109692E+02
  1.99600000000000E+03,   1.10638912730234E-01,   1.03269150000000E+00,  -3.01072702379629E+00,   2.50570000000000E+02,   9.89138110404601E+01,   4.63488370860182E+02
  1.99608333300000E+03,   1.03857225625524E-01,   8.88461000000000E-01,  -3.01042920621674E+00,   2.50750000000000E+02,   1.49220117356698E+02,   2.41467918838467E+02
  1.99616666700000E+03,   9.73930491650969E-02,   8.23077000000000E-01,  -3.01013160778638E+00,   2.50930000000000E+02,   2.02129252749390E+02,   2.51562117830291E+02
  1.99625000000000E+03,   9.08720084302520E-02,   7.55769000000000E-01,  -3.00983422851322E+00,   2.51110000000000E+02,   1.90249741917988E+02,   3.63450222859997E+02
  1.99633333300000E+03,   8.22986080288625E-02,   6.98076500000000E-01,  -3.00953706840529E+00,   2.51290000000000E+02,   1.97552424415108E+02,   3.03175628456660E+02
  1.99641666700000E+03,   7.15283592445073E-02,   6.69230500000000E-01,  -3.00924012747058E+00,   2.51470000000000E+02,   1.43216898289172E+02,   4.43865256008878E+02
  1.99650000000000E+03,   6.18755987145125E-02,   5.21153750000000E-01,  -3.00894340571710E+00,   2.51650000000000E+02,   8.65357487355708E+01,   4.72737471721787E+02
  1.99658333300000E+03,   4.08099202846065E-02,   2.76923000000000E-01,  -3.00864690315283E+00,   2.51830000000000E+02,   4.67846212353557E+01,   7.43669013410062E+02
  1.99666666700000E+03,   1.70254743261191E-02,   1.44230675000000E-01,  -7.55155609853905E+00,   2.52010000000000E+02,   6.39189440241666E+01,   7.11006796715967E+02
  1.99675000000000E+03,   2.81080029992759E-02,   1.24999850000000E-01,  -7.55058864311221E+00,   2.52190000000000E+02,   6.99133748227730E+01,   7.31155038859230E+02
  1.99683333300000E+03,   6.03107727579142E-02,   1.69230425000000E-01,  -7.54962113614636E+00,   2.52370000000000E+02,   7.97519873038284E+01,   6.44421556010656E+02
  1.99691666700000E+03,   8.48781151452383E-02,   2.28845750000000E-01,  -7.54865357767517E+00,   2.52550000000000E+02,   9.02967090945574E+01,   6.23047722189128E+02
  1.99700000000000E+03,   1.02008161262327E-01,   2.48076750000000E-01,  -7.54768596773237E+00,   2.52730000000000E+02,   1.30892936992354E+02,   4.58539642645977E+02
  1.99708333300000E+03,   1.14998453842159E-01,   2.86538500000000E-01,  -7.54671830635164E+00,   2.52910000000000E+02,   1.08761244070530E+02,   3.40269279004261E+02
  1.99716666700000E+03,   1.26371004453959E-01,   3.88461500000000E-01,  -7.54575059356671E+00,   2.53090000000000E+02,   9.57862506042002E+01,   3.60275253503676E+02
  1.99725000000000E+03,   1.35578378016505E-01,   5.21153750000000E-01,  -7.54478282941128E+00,   2.53270000000000E+02,   1.28134526939166E+02,   3.22386120795459E+02
  1.99733333300000E+03,   1.40474606944204E-01,   6.46153750000000E-01,  -7.54381501391906E+00,   2.53450000000000E+02,   1.21644682908664E+02,   3.73403836077172E+02
  1.99741666700000E+03,   1.40789048502056E-01,   6.76923000000000E-01,  -7.54284714712380E+00,   2.53630000000000E+02,   6.71684530480532E+01,   3.46891375946905E+02
  1.99750000000000E+03,   1.39735686985772E-01,   5.34615500000000E-01,  -7.54187922905917E+00,   2.53810000000000E+02,   8.52454290154623E+01,   3.07986885318346E+02
  1.99758333300000E+03,   4.70727368131373E-02,   4.21154000000000E-01,  -7.54091125975890E+00,   2.53990000000000E+02,   9.60702196150902E+01,   7.92365402447805E+02
  1.99766666700000E+03,  -1.35129697158712E-01,   4.94230750000000E-01,   1.51950086004347E+00,   2.54170000000000E+02,   5.97275830318918E+01,   8.54525095144659E+02
  1.99775000000000E+03,  -2.19584822431629E-01,   5.44230500000000E-01,   1.51926083799419E+00,   2.54350000000000E+02,   8.15855512704933E+01,   8.48690520355850E+02
  1.99783333300000E+03,  -2.11346034102587E-01,   4.74999750000000E-01,   1.51902070106820E+00,   2.54530000000000E+02,   8.60072456553462E+01,   8.96854583786614E+02
  1.99791666700000E+03,  -2.08993039571222E-01,   3.44230750000000E-01,   1.51878044927468E+00,   2.54710000000000E+02,   9.53896152451402E+01,   9.03227047863696E+02
  1.99800000000000E+03,  -2.12056881387798E-01,   1.88461500000000E-01,   1.51854008262279E+00,   2.54890000000000E+02,   7.19613758508931E+01,   4.24630759206694E+02
  1.99808333300000E+03,  -2.16988563908406E-01,   1.59615250000000E-01,   1.51829960112171E+00,   2.55070000000000E+02,   7.45303993834881E+01,   3.55108082930185E+02
  1.99816666700000E+03,  -2.21036784917202E-01,   2.21153750000000E-01,   1.51805900478059E+00,   2.55250000000000E+02,   5.57385845564771E+01,   4.15813813127298E+02
  1.99825000000000E+03,  -2.24544422627627E-01,   1.36538500000000E-01,   1.51781829360863E+00,   2.55430000000000E+02,   5.12459272986045E+01,   2.72502712767012E+02
  1.99833333300000E+03,  -2.29479947459321E-01,  -6.15385000000000E-02,   1.51757746761500E+00,   2.55610000000000E+02,   2.86388740844675E+01,   2.65876728940941E+02
  1.99841666700000E+03,  -2.35965620000929E-01,  -2.21154000000000E-01,   1.51733652680887E+00,   2.55790000000000E+02,   3.40282362915110E+01,   2.57130463224184E+02
  1.99850000000000E+03,  -2.40669950590370E-01,  -3.75000000000000E-01,   1.51709547119945E+00,   2.55970000000000E+02,   3.10531052919338E+01,   3.98520025913045E+02
  1.99858333300000E+03,  -2.02830150576678E-01,  -5.11538500000000E-01,   1.51685430079590E+00,   2.56150000000000E+02,   6.46969705892261E+01,   4.03586174309440E+02
  1.99866666700000E+03,  -1.22605119125654E-01,  -5.38461750000000E-01,   2.79876927338929E+00,   2.56330000000000E+02,   8.12033229172113E+01,   4.58043809979130E+02
  1.99875000000000E+03,  -7.76693284478624E-02,  -5.03846250000000E-01,   2.79834670444484E+00,   2.56510000000000E+02,   9.83230298327631E+01,   8.05901991552021E+02
  1.99883333300000E+03,  -7.25247591312259E-02,  -5.09615250000000E-01,   2.79792407836945E+00,   2.56690000000000E+02,   1.25908384693286E+02,   9.12533374940511E+02
  1.99891666700000E+03,  -7.34339212865794E-02,  -5.42307500000000E-01,   2.79750139517227E+00,   2.56870000000000E+02,   1.22480255850649E+02,   8.17582122743037E+02
  1.99900000000000E+03,  -7.99520109935013E-02,  -4.82692250000000E-01,   2.79707865486248E+00,   2.57050000000000E+02,   8.15367802468361E+01,   1.11115551446415E+03
  1.99908333300000E+03,  -8.85513409485130E-02,  -3.44230750000000E-01,   2.79665585744923E+00,   2.57230000000000E+02,   1.07583481237793E+02,   1.07109019554947E+03
  1.99916666700000E+03,  -9.64986715938035E-02,  -3.11538500000000E-01,   2.79623300294168E+00,   2.57410000000000E+02,   1.11424572539353E+02,   1.01671586597003E+03
  1.99925000000000E+03,  -1.04151331685361E-01,  -3.88461750000000E-01,   2.79581009134899E+00,   2.57590000000000E+02,   9.68497123951791E+01,   8.57386272685509E+02
  1.99933333300000E+03,  -1.13488301816828E-01,  -4.42307750000000E-01,   2.79538712268033E+00,   2.57770000000000E+02,   9.28868782010861E+01,   8.00575489759352E+02
  1.99941666700000E+03,  -1.24638126768330E-01,  -4.40384500000000E-01,   2.79496409694485E+00,   2.57950000000000E+02,   9.71058912561159E+01,   5.43755028117262E+02
  1.99950000000000E+03,  -1.34271135386671E-01,  -4.32692250000000E-01,   2.79454101415173E+00,   2.58130000000000E+02,   6.74592101816088E+01,   5.28886197600979E+02
  1.99958333300000E+03,  -1.70719798688550E-01,  -4.38461500000000E-01,   2.79411787431013E+00,   2.58310000000000E+02,   5.12393817643868E+01,   3.21553186639678E+02
  1.99966666700000E+03,  -2.33544328071291E-01,  -3.51923000000000E-01,  -7.15392405793056E+00,   2.58490000000000E+02,   3.22350473034894E+01,   4.47795819515455E+02
  1.99975000000000E+03,  -2.61325975990088E-01,  -2.40384500000000E-01,  -7.15460053983243E+00,   2.58670000000000E+02,   4.24346805005916E+01,   7.77225806825236E+02
  1.99983333300000E+03,  -2.58559415737526E-01,  -2.25000000000000E-01,  -7.15527693905876E+00,   2.58850000000000E+02,   5.01594034085050E+01,   6.89789129362907E+02
  1.99991666700000E+03,  -2.60901131931028E-01,  -1.38461500000000E-01,  -7.15595325558759E+00,   2.59030000000000E+02,   4.67888961165096E+01,   9.12759585516807E+02
  2.00000000000000E+03,  -2.67913724159290E-01,  -5.76905000000000E-03,  -7.15662948939692E+00,   2.59210000000000E+02,   5.33102485651034E+01,   9.92828343924973E+02
  2.00008333300000E+03,  -2.76082731972691E-01,  -6.53846000000000E-02,  -7.15730564046479E+00,   2.59390000000000E+02,   6.20797881342238E+01,   1.19660946635539E+03
  2.00016666700000E+03,  -2.82693931791792E-01,  -2.84615550000000E-01,  -7.15798170876923E+00,   2.59570000000000E+02,   5.50086928910576E+01,   9.60741420478187E+02
  2.00025000000000E+03,  -2.88129390394523E-01,  -4.69231000000000E-01,  -7.15865769428828E+00,   2.59750000000000E+02,   5.16302955005784E+01,   1.15191495614108E+03
  2.00033333300000E+03,  -2.94398448531884E-01,  -4.65384750000000E-01,  -7.15933359699998E+00,   2.59930000000000E+02,   5.80650653551216E+01,   1.12827415233068E+03
  2.00041666700000E+03,  -3.01665501489851E-01,  -3.07692250000000E-01,  -7.16000941688236E+00,   2.60110000000000E+02,   5.36296902777511E+01,   9.77450417632703E+02
  2.00050000000000E+03,  -3.06642055685278E-01,  -1.69230750000000E-01,  -7.16068515391349E+00,   2.60290000000000E+02,   6.06054183174972E+01,   6.40374627634045E+02
  2.00058333300000E+03,  -1.21177237894175E-01,  -2.30770000000000E-02,  -7.16136080807138E+00,   2.60470000000000E+02,   5.96756387922214E+01,   6.32706946203951E+02
  2.00066666700000E+03,   2.60202195383044E-01,   1.46153750000000E-01,  -3.71372951306090E+00,   2.60650000000000E+02,   5.58133453829796E+01,   4.62744567696005E+02
  2.00075000000000E+03,   4.70006826009397E-01,   1.67307625000000E-01,  -3.71452068954550E+00,   2.60830000000000E+02,   3.95516579437419E+01,   3.38799060564116E+02
  2.00083333300000E+03,   4.96843950521871E-01,   1.53846250000000E-01,  -3.71531190210319E+00,   2.61010000000000E+02,   5.29731002040207E+01,   3.69423475728463E+02
  2.00091666700000E+03,   5.15572555041850E-01,   2.36538625000000E-01,  -3.71610315070499E+00,   2.61190000000000E+02,   4.85383143536979E+01,   3.58884262566362E+02
  2.00100000000000E+03,   5.26594130320474E-01,   2.01923100000000E-01,  -3.71689443532187E+00,   2.61370000000000E+02,   5.07161147003528E+01,   4.65728007242549E+02
  2.00108333300000E+03,   5.33406920793428E-01,   1.13461450000000E-01,  -3.71768575592482E+00,   2.61550000000000E+02,   6.68934551509097E+01,   7.13258688601758E+02
  2.00116666700000E+03,   5.38728571215527E-01,   1.55769100000000E-01,  -3.71847711248482E+00,   2.61730000000000E+02,   7.46369525060058E+01,   6.57690949494299E+02
  2.00125000000000E+03,   5.42199889261403E-01,   2.50000000000000E-01,  -3.71926850497284E+00,   2.61910000000000E+02,   6.91120149011025E+01,   7.92679749907833E+02
  2.00133333300000E+03,   5.41853552375836E-01,   4.34615500000000E-01,  -3.72005993335990E+00,   2.62090000000000E+02,   8.15558071486885E+01,   8.39168331844173E+02
  2.00141666700000E+03,   5.37585893973540E-01,   6.00000000000000E-01,  -3.72085139761696E+00,   2.62270000000000E+02,   7.62283530592686E+01,   6.85222506901529E+02
  2.00150000000000E+03,   5.32764293366052E-01,   5.40384500000000E-01,  -3.72164289771502E+00,   2.62450000000000E+02,   9.84872400044464E+01,   3.37883637873922E+02
  2.00158333300000E+03,   4.28958015587572E-01,   3.92307500000000E-01,  -3.72243443362504E+00,   2.62630000000000E+02,   9.83341253617895E+01,   5.20737406946719E+02
  2.00166666700000E+03,   2.25058438077763E-01,   2.32692172500000E-01,  -5.84345251200754E+00,   2.62810000000000E+02,   8.95743559804629E+01,   4.02066667539533E+02
  2.00175000000000E+03,   1.21454005559205E-01,   5.38461450000000E-02,  -5.84389388699045E+00,   2.62990000000000E+02,   7.14666814047261E+01,   3.90728976589721E+02
  2.00183333300000E+03,   1.15744286541298E-01,  -9.23077275000000E-02,  -5.84433517846165E+00,   2.63170000000000E+02,   7.33819230082445E+01,   4.64374204975460E+02
  2.00191666700000E+03,   1.03976722525524E-01,  -2.80769450000000E-01,  -5.84477638641120E+00,   2.63350000000000E+02,   3.36329475786537E+01,   6.82359791713487E+02
  2.00200000000000E+03,   8.66057952759559E-02,  -4.76923250000000E-01,  -5.84521751082915E+00,   2.63530000000000E+02,   3.62511530113057E+01,   1.54316798917390E+03
  2.00208333300000E+03,   6.71671116931696E-02,  -4.59615250000000E-01,  -5.84565855170559E+00,   2.63710000000000E+02,   2.62513800431974E+01,   1.56756922525205E+03
  2.00216666700000E+03,   4.84000729831884E-02,  -2.88461500000000E-01,  -5.84609950903057E+00,   2.63890000000000E+02,   4.35169403502019E+01,   1.75297318636188E+03
  2.00225000000000E+03,   2.99517699264633E-02,  -2.30769500000000E-01,  -5.84654038279416E+00,   2.64070000000000E+02,   7.43590546302381E+01,   1.67631568827815E+03
  2.00233333300000E+03,   9.84593124778167E-03,  -1.88461775000000E-01,  -5.84698117298645E+00,   2.64250000000000E+02,   7.75529221861507E+01,   1.50238508955287E+03
  2.00241666700000E+03,  -1.20449425995842E-02,  -1.36538550000000E-01,  -5.84742187959750E+00,   2.64430000000000E+02,   9.92012499530218E+01,   8.54310347206332E+02
  2.00250000000000E+03,  -3.23917386514728E-02,  -2.50000025000000E-01,  -5.84786250261738E+00,   2.64610000000000E+02,   9.87624948438956E+01,   7.60850661723223E+02
  2.00258333300000E+03,  -1.35384712641903E-01,  -3.40384500000000E-01,  -5.84830304203619E+00,   2.64790000000000E+02,   1.60760436939402E+02,   6.79150599629339E+02
  2.00266666700000E+03,  -3.14224412234462E-01,  -2.53845950000000E-01,  -3.80616937864398E+00,   2.64970000000000E+02,   1.29307040658523E+02,   7.26839559727069E+02
  2.00275000000000E+03,  -3.89553782506810E-01,  -9.61537750000000E-02,  -3.80651749535524E+00,   2.65150000000000E+02,   1.27195359608182E+02,   7.63660473003611E+02
  2.00283333300000E+03,  -3.72504760606360E-01,   5.76923000000000E-02,  -3.80686553834516E+00,   2.65330000000000E+02,   1.11396094595769E+02,   3.70028570064437E+02
  2.00291666700000E+03,  -3.61105196230499E-01,   2.05769375000000E-01,  -3.80721350760964E+00,   2.65510000000000E+02,   1.10951848986535E+02,   4.23858689016569E+02
  2.00300000000000E+03,  -3.54940112771429E-01,   3.78846500000000E-01,  -3.80756140314461E+00,   2.65690000000000E+02,   2.58679028053535E+01,   6.07096673793439E+02
  2.00308333300000E+03,  -3.50512015426948E-01,   5.69231000000000E-01,  -3.80790922494595E+00,   2.65870000000000E+02,   6.60227846536669E+01,   5.71519658104517E+02
  2.00316666700000E+03,  -3.45118160974098E-01,   6.19230750000000E-01,  -3.80825697300958E+00,   2.66050000000000E+02,   6.49388824979309E+01,   5.65949960205238E+02
  2.00325000000000E+03,  -3.39146616732273E-01,   4.46153750000000E-01,  -3.80860464733142E+00,   2.66230000000000E+02,   5.35543238471029E+01,   5.95615419031959E+02
  2.00333333300000E+03,  -3.34607281371688E-01,   2.96153750000000E-01,  -3.80895224790736E+00,   2.66410000000000E+02,   6.63628337321454E+01,   7.18143507213797E+02
  2.00341666700000E+03,  -3.31659735535698E-01,   2.73077000000000E-01,  -3.80929977473333E+00,   2.66590000000000E+02,   8.72748498001136E+01,   4.57410431915894E+02
  2.00350000000000E+03,  -3.27005400122554E-01,   2.53846250000000E-01,  -3.80964722780524E+00,   2.66770000000000E+02,   5.44458795658196E+01,   4.69262488379050E+02
  2.00358333300000E+03,  -2.74822620502158E-01,   2.67307500000000E-01,  -3.80999460711899E+00,   2.66950000000000E+02,   5.62193229110097E+01,   4.83739556779619E+02
  2.00366666700000E+03,  -1.75668089900812E-01,   2.67307500000000E-01,  -6.69350134506879E+00,   2.67130000000000E+02,   7.45827626332757E+01,   6.81954948832933E+02
  2.00375000000000E+03,  -1.17739801955622E-01,   1.61538525000000E-01,  -6.69369351703992E+00,   2.67310000000000E+02,   7.31491563315736E+01,   5.33263914798200E+02
  2.00383333300000E+03,  -1.05094431937036E-01,   7.50000500000000E-02,  -6.69388558701320E+00,   2.67490000000000E+02,   6.19827574305586E+01,   5.29201162596233E+02
  2.00391666700000E+03,  -9.85072871519368E-02,   1.15384525000000E-01,  -6.69407755498470E+00,   2.67670000000000E+02,   1.08183578252082E+02,   4.62489281588700E+02
  2.00400000000000E+03,  -9.75527570850090E-02,   2.07692250000000E-01,  -6.69426942095047E+00,   2.67850000000000E+02,   1.96293665643327E+02,   6.92062599937245E+02
  2.00408333300000E+03,  -9.87221299403526E-02,   2.09615400000000E-01,  -6.69446118490658E+00,   2.68030000000000E+02,   1.91533409229608E+02,   5.76888960352819E+02
  2.00416666700000E+03,  -9.93008824403266E-02,   1.19230800000000E-01,  -6.69465284684909E+00,   2.68210000000000E+02,   2.05309592426277E+02,   7.18828260194510E+02
  2.00425000000000E+03,  -9.96647595967266E-02,   8.07692750000000E-02,  -6.69484440677405E+00,   2.68390000000000E+02,   2.11768017972179E+02,   8.19493015804980E+02
  2.00433333300000E+03,  -1.01810816824584E-01,   5.38462000000000E-02,  -6.69503586467754E+00,   2.68570000000000E+02,   1.79907211872365E+02,   9.27607529004477E+02
  2.00441666700000E+03,  -1.05885292820444E-01,  -4.80769750000000E-02,  -6.69522722055563E+00,   2.68750000000000E+02,   9.28013897841680E+01,   6.78439448095020E+02
  2.00450000000000E+03,  -1.08575790763290E-01,  -1.36538550000000E-01,  -6.69541847440439E+00,   2.68930000000000E+02,   7.85544042162132E+01,   5.54721886170283E+02
  2.00458333300000E+03,  -3.15356922052041E-02,  -1.15384577500000E-01,  -6.69560962621988E+00,   2.69110000000000E+02,   6.73120892236591E+01,   5.20800031687319E+02
  2.00466666700000E+03,   1.19157227105831E-01,  -1.34614800000000E-02,  -6.56318455525165E+00,   2.69290000000000E+02,   4.98160472941585E+01,   3.86344912870508E+02
  2.00475000000000E+03,   1.85229859731845E-01,   1.30769272500000E-01,  -6.56410830772444E+00,   2.69470000000000E+02,   3.25953828383819E+01,   3.03428430823050E+02
  2.00483333300000E+03,   1.69139279676479E-01,   3.26923175000000E-01,  -6.56503208102467E+00,   2.69650000000000E+02,   4.22217382317409E+01,   2.68763430209924E+02
  2.00491666700000E+03,   1.48720018239067E-01,   4.59615500000000E-01,  -6.56595587510915E+00,   2.69830000000000E+02,   4.67216461924603E+01,   3.69072335894685E+02
  2.00500000000000E+03,   1.24507303226316E-01,   4.15384750000000E-01,  -6.56687968993475E+00,   2.70010000000000E+02,   3.39441947017680E+01,   2.63254686689097E+02
  2.00508333300000E+03,   1.00098365222411E-01,   2.44230875000000E-01,  -6.56780352545831E+00,   2.70190000000000E+02,   5.19053934231983E+01,   4.56444544063695E+02
  2.00516666700000E+03,   7.82745646896116E-02,   1.57692250000000E-01,  -6.56872738163664E+00,   2.70370000000000E+02,   5.50010808731313E+01,   4.80467436433304E+02
  2.00525000000000E+03,   5.87049465931535E-02,   1.88461375000000E-01,  -6.56965125842663E+00,   2.70550000000000E+02,   5.18382757826825E+01,   4.55840068972018E+02
  2.00533333300000E+03,   3.94150532221443E-02,   1.61538500000000E-01,  -6.57057515578510E+00,   2.70730000000000E+02,   8.04296896906686E+01,   3.75876388766617E+02
  2.00541666700000E+03,   2.02591269227789E-02,   1.59615500000000E-01,  -6.57149907366889E+00,   2.70910000000000E+02,   9.62584732949035E+01,   4.91730245054886E+02
  2.00550000000000E+03,   4.52822389880316E-03,   2.63461500000000E-01,  -6.57242301203486E+00,   2.71090000000000E+02,   8.51018826652085E+01,   4.64504007913265E+02
  2.00558333300000E+03,  -2.09678210040062E-02,   3.82692250000000E-01,  -6.57334697083984E+00,   2.71270000000000E+02,   7.91182441629120E+01,   4.74128351054527E+02
  2.00566666700000E+03,  -4.66213406501294E-02,   3.84615250000000E-01,  -7.75977680381158E+00,   2.71450000000000E+02,   1.04819692607911E+02,   4.89426664000750E+02
  2.00575000000000E+03,  -3.31645709897330E-02,   2.69230750000000E-01,  -7.76069177300459E+00,   2.71630000000000E+02,   1.00563591926231E+02,   4.79374958815239E+02
  2.00583333300000E+03,   3.72185429195360E-03,   1.92308000000000E-01,  -7.76160670817537E+00,   2.71810000000000E+02,   1.01799990807020E+02,   4.57652101052366E+02
  2.00591666700000E+03,   3.32257640659847E-02,   1.25000300000000E-01,  -7.76252160928277E+00,   2.71990000000000E+02,   1.00648562376783E+02,   2.69971441317163E+02
  2.00600000000000E+03,   5.55500162137435E-02,   5.96154750000000E-02,  -7.76343647628562E+00,   2.72170000000000E+02,   1.13855312367424E+02,   2.63939406278916E+02
  2.00608333300000E+03,   7.39932336820456E-02,   9.61538000000000E-02,  -7.76435130914279E+00,   2.72350000000000E+02,   9.75187840640778E+01,   4.13365832915809E+02
  2.00616666700000E+03,   9.10745695904288E-02,   2.57692125000000E-01,  -7.76526610781309E+00,   2.72530000000000E+02,   9.71048929579440E+01,   3.94604916870967E+02
  2.00625000000000E+03,   1.06239549035626E-01,   3.86538250000000E-01,  -7.76618087225539E+00,   2.72710000000000E+02,   8.67399726024014E+01,   3.09237379342318E+02
  2.00633333300000E+03,   1.17330797112851E-01,   3.25000000000000E-01,  -7.76709560242853E+00,   2.72890000000000E+02,   9.63245364250499E+01,   6.04639034474455E+02
  2.00641666700000E+03,   1.24061766579820E-01,   1.84615550000000E-01,  -7.76801029829136E+00,   2.73070000000000E+02,   9.78872328291065E+01,   5.74796041058376E+02
  2.00650000000000E+03,   1.29625972533275E-01,   1.11538600000000E-01,  -7.76892495980273E+00,   2.73250000000000E+02,   9.48535502871848E+01,   7.28919293071050E+02
  2.00658333300000E+03,   1.58387386916733E-02,   5.00000500000000E-02,  -7.76983958692150E+00,   2.73430000000000E+02,   9.91427149955416E+01,   7.94980423388164E+02
  2.00666666700000E+03,  -2.14376380365152E-01,  -1.05769250000000E-01,  -5.12101208516779E-01,   2.73610000000000E+02,   9.39506139793899E+01,   7.57373623756040E+02
  2.00675000000000E+03,  -3.16843467966112E-01,  -2.80769250000000E-01,  -5.12726294129965E-01,   2.73790000000000E+02,   1.00918289909826E+02,   6.60930667789374E+02
  2.00683333300000E+03,  -2.97128745181656E-01,  -3.30769250000000E-01,  -5.13351431397017E-01,   2.73970000000000E+02,   1.21708445434808E+02,   7.17062819071487E+02
  2.00691666700000E+03,  -2.82451512737231E-01,  -2.36538500000000E-01,  -5.13976620300201E-01,   2.74150000000000E+02,   1.06773658125312E+02,   3.81879302798118E+02
  2.00700000000000E+03,  -2.72389386028233E-01,  -1.44230750000000E-01,  -5.14601860821794E-01,   2.74330000000000E+02,   7.09282376007992E+01,   5.48147988088802E+02
  2.00708333300000E+03,  -2.63442547880066E-01,  -1.44230750000000E-01,  -5.15227152944063E-01,   2.74510000000000E+02,   1.37126141991874E+02,   5.96329747418966E+02
  2.00716666700000E+03,  -2.52911230588326E-01,  -2.01923250000000E-01,  -5.15852496649275E-01,   2.74690000000000E+02,   1.29867775777518E+02,   5.99909743345249E+02
  2.00725000000000E+03,  -2.41191952496323E-01,  -2.90384750000000E-01,  -5.16477891919704E-01,   2.74870000000000E+02,   9.14876544332830E+01,   6.41525081704464E+02
  2.00733333300000E+03,  -2.30308678130432E-01,  -3.55769000000000E-01,  -5.17103338737618E-01,   2.75050000000000E+02,   9.62888208761695E+01,   7.53614243518468E+02
  2.00741666700000E+03,  -2.20440769457929E-01,  -3.53845750000000E-01,  -5.17728837085283E-01,   2.75230000000000E+02,   1.16808215672325E+02,   6.93548618745618E+02
  2.00750000000000E+03,  -2.08315203048554E-01,  -3.07692000000000E-01,  -5.18354386944964E-01,   2.75410000000000E+02,   6.36529019472306E+01,   1.03370412148330E+03
  2.00758333300000E+03,  -2.51754258606035E-01,  -3.01923000000000E-01,  -5.18979988298927E-01,   2.75590000000000E+02,   5.39477356987889E+01,   8.17008928138949E+02
  2.00766666700000E+03,  -3.55710647127996E-01,  -2.44230875000000E-01,   3.78416318726786E+00,   2.75770000000000E+02,   7.06304476602236E+01,   1.16086514384439E+03
  2.00775000000000E+03,  -4.05503851819809E-01,  -1.34615000000000E-02,   3.78355356841969E+00,   2.75950000000000E+02,   6.58287083671079E+01,   1.14938934056554E+03
  2.00783333300000E+03,  -4.00756222445453E-01,   2.36538625000000E-01,   3.78294390134843E+00,   2.76130000000000E+02,   5.76155984544894E+01,   9.78712360576447E+02
  2.00791666700000E+03,  -4.01453861934572E-01,   3.26923000000000E-01,   3.78233418606551E+00,   2.76310000000000E+02,   1.10434748108569E+02,   6.37786966422666E+02
  2.00800000000000E+03,  -4.07173343772692E-01,   1.94230550000000E-01,   3.78172442258235E+00,   2.76490000000000E+02,   1.25945961419307E+02,   6.28080620870925E+02
  2.00808333300000E+03,  -4.14411283732118E-01,   3.84607500000000E-03,   3.78111461091039E+00,   2.76670000000000E+02,   1.28457047726284E+02,   2.04325102152303E+02
  2.00816666700000E+03,  -4.20461585040600E-01,  -1.30769250000000E-01,   3.78050475106107E+00,   2.76850000000000E+02,   1.56623733467702E+02,   1.23416333358083E+02
  2.00825000000000E+03,  -4.25711459812323E-01,  -2.69230775000000E-01,   3.77989484304580E+00,   2.77030000000000E+02,   1.48518135098915E+02,   1.38210742658284E+02
  2.00833333300000E+03,  -4.32172398382922E-01,  -3.78846000000000E-01,   3.77928488687602E+00,   2.77210000000000E+02,   8.79262949018856E+01,   2.44459181823395E+02
  2.00841666700000E+03,  -4.40007957259258E-01,  -4.65384500000000E-01,   3.77867488256318E+00,   2.77390000000000E+02,   7.82907411445165E+01,   5.37621584457438E+02
  2.00850000000000E+03,  -4.45925842627361E-01,  -4.94231000000000E-01,   3.77806483011870E+00,   2.77570000000000E+02,   7.16991815746762E+01,   6.53446879833098E+02
  2.00858333300000E+03,  -4.16078933799914E-01,  -4.71154250000000E-01,   3.77745472955401E+00,   2.77750000000000E+02,   4.14807864402072E+01,   8.86153846018575E+02
  2.00866666700000E+03,  -3.53102319985787E-01,  -5.13461750000000E-01,  -2.92669367828565E+00,   2.77930000000000E+02,   5.54574999422417E+01,   9.83036520938016E+02
  2.00875000000000E+03,  -3.23175408047586E-01,  -6.90384750000000E-01,  -2.92597863238988E+00,   2.78110000000000E+02,   5.68444050186896E+01,   1.05056827099593E+03
  2.00883333300000E+03,  -3.27947776834344E-01,  -8.92308000000000E-01,  -2.92526356031111E+00,   2.78290000000000E+02,   6.44661517713452E+01,   9.40180582620017E+02
  2.00891666700000E+03,  -3.37883547323203E-01,  -8.98077000000000E-01,  -2.92454846206295E+00,   2.78470000000000E+02,   6.55059659841936E+01,   8.47101177324075E+02
  2.00900000000000E+03,  -3.52499780955258E-01,  -8.38461250000000E-01,  -2.92383333765900E+00,   2.78650000000000E+02,   9.72672775523737E+01,   7.30898934507370E+02
  2.00908333300000E+03,  -3.68236907398951E-01,  -8.76922750000000E-01,  -2.92311818711288E+00,   2.78830000000000E+02,   8.48309958813246E+01,   6.52998233701196E+02
  2.00916666700000E+03,  -3.82336258358343E-01,  -8.49999750000000E-01,  -2.92240301043820E+00,   2.79010000000000E+02,   7.51557852402446E+01,   6.17559540245496E+02
  2.00925000000000E+03,  -3.95136349549925E-01,  -7.26923000000000E-01,  -2.92168780764855E+00,   2.79190000000000E+02,   6.06456121842843E+01,   4.63894158391748E+02
  2.00933333300000E+03,  -4.08604080912267E-01,  -5.28846250000000E-01,  -2.92097257875756E+00,   2.79370000000000E+02,   7.56677999124746E+01,   5.54322314383742E+02
  2.00941666700000E+03,  -4.22862725122599E-01,  -2.36538600000000E-01,  -2.92025732377882E+00,   2.79550000000000E+02,   4.25947364141932E+01,   5.01184355889354E+02
  2.00950000000000E+03,  -4.34584180193469E-01,   6.92308000000000E-02,  -2.91954204272596E+00,   2.79730000000000E+02,   4.61361384331831E+01,   5.14135805025790E+02
  2.00958333300000E+03,  -2.00597739369574E-01,   3.40384900000000E-01,  -2.91882673561258E+00,   2.79910000000000E+02,   5.68237985188956E+01,   5.40483240227401E+02
  2.00966666700000E+03,   2.84962519191597E-01,   5.71154250000000E-01,  -5.94317082059519E+00,   2.80090000000000E+02,   1.16545688860747E+02,   5.22253092286177E+02
  2.00975000000000E+03,   5.45258457579236E-01,   8.26922250000000E-01,  -5.94359264492558E+00,   2.80270000000000E+02,   8.94175152977812E+01,   6.21330203483719E+02
  2.00983333300000E+03,   5.69016843654468E-01,   1.10384300000000E+00,  -5.94401438350592E+00,   2.80450000000000E+02,   1.01764578264020E+02,   6.10519128620066E+02
  2.00991666700000E+03,   5.85959640010861E-01,   1.18268925000000E+00,  -5.94443603632678E+00,   2.80630000000000E+02,   1.21187476897391E+02,   5.99196359828953E+02
  2.01000000000000E+03,   5.96487665786732E-01,   1.02692225000000E+00,  -5.94485760337872E+00,   2.80810000000000E+02,   1.13656179621117E+02,   8.93845822882000E+02
  2.01008333300000E+03,   6.04087043566482E-01,   9.63461750000000E-01,  -5.94527908465231E+00,   2.80990000000000E+02,   6.23761868803296E+01,   9.43648524693213E+02
  2.01016666700000E+03,   6.11451978872681E-01,   1.09615375000000E+00,  -5.94570048013812E+00,   2.81170000000000E+02,   7.68827739472850E+01,   7.81402958858572E+02
  2.01025000000000E+03,   6.18188739497274E-01,   1.21346000000000E+00,  -5.94612178982671E+00,   2.81350000000000E+02,   1.03043287080154E+02,   7.34324519647006E+02
  2.01033333300000E+03,   6.22284663547094E-01,   1.37692000000000E+00,  -5.94654301370866E+00,   2.81530000000000E+02,   7.88638377178227E+01,   6.99300742146559E+02
  2.01041666700000E+03,   6.23580324642535E-01,   1.59615250000000E+00,  -5.94696415177454E+00,   2.81710000000000E+02,   1.40843722237251E+02,   2.92283815916721E+02
  2.01050000000000E+03,   6.25377378067456E-01,   1.54423250000000E+00,  -5.94738520401494E+00,   2.81890000000000E+02,   1.35291480372194E+02,   4.72336064434052E+02
  2.01058333300000E+03,   5.11996736121066E-01,   1.25769400000000E+00,  -5.94780617042043E+00,   2.82070000000000E+02,   1.86317635300709E+02,   3.94097436738852E+02
  2.01066666700000E+03,   2.77400011571219E-01,   9.61538750000000E-01,   3.11944879873298E+00,   2.82250000000000E+02,   1.67567624707485E+02,   3.81509423775785E+02
  2.01075000000000E+03,   1.51160815004265E-01,   6.63461500000000E-01,   3.12009197329007E+00,   2.82430000000000E+02,   1.68353346921573E+02,   5.28232001553755E+02
  2.01083333300000E+03,   1.35219975899100E-01,   4.28846250000000E-01,   3.12073511981262E+00,   2.82610000000000E+02,   1.27516479546716E+02,   4.92612097245362E+02
  2.01091666700000E+03,   1.13095146078590E-01,   3.34615500000000E-01,   3.12137823828567E+00,   2.82790000000000E+02,   1.27072371079377E+02,   3.44103153039049E+02
  2.01100000000000E+03,   8.53037770538156E-02,   3.71154000000000E-01,   3.12202132869424E+00,   2.82970000000000E+02,   6.13770740573062E+01,   3.43190025591478E+02
  2.01108333300000E+03,   5.54469437895730E-02,   4.21154000000000E-01,   3.12266439102337E+00,   2.83150000000000E+02,   1.33341264349839E+02,   3.75915934320074E+02
  2.01116666700000E+03,   2.63316653332845E-02,   3.30769250000000E-01,   3.12330742525807E+00,   2.83330000000000E+02,   1.32008263616508E+02,   4.49825358084776E+02
  2.01125000000000E+03,  -2.32556648900635E-03,   1.65384650000000E-01,   3.12395043138339E+00,   2.83510000000000E+02,   1.11127007039567E+02,   4.89732393214479E+02
  2.01133333300000E+03,  -3.24302191732778E-02,  -4.23077000000000E-02,   3.12459340938436E+00,   2.83690000000000E+02,   1.18329181490093E+02,   4.06492107388470E+02
  2.01141666700000E+03,  -6.40379825270715E-02,  -4.13461600000000E-01,   3.12523635924599E+00,   2.83870000000000E+02,   1.18075086818379E+02,   4.22066020706575E+02
  2.01150000000000E+03,  -9.37473366026287E-02,  -8.40384750000000E-01,   3.12587928095334E+00,   2.84050000000000E+02,   3.20411579851061E+01,   4.90918242630456E+02
  2.01158333300000E+03,  -1.33675649440659E-01,  -1.06153975000000E+00,   3.12652217449143E+00,   2.84230000000000E+02,   3.20020918596303E+01,   2.83654227631539E+02
  2.01166666700000E+03,  -1.77769581002182E-01,  -1.07308000000000E+00,   4.07144219294740E+00,   2.84410000000000E+02,   4.88942922879010E+01,   2.30249875336327E+02
  2.01175000000000E+03,  -1.91425861284572E-01,  -9.50003000000000E-01,   4.07222555110183E+00,   2.84590000000000E+02,   3.76196477870690E+01,   2.24797277271468E+02
  2.01183333300000E+03,  -1.84900876889171E-01,  -6.59616500000000E-01,   4.07300891448676E+00,   2.84770000000000E+02,   5.13434860130656E+01,   4.19522110033408E+02
  2.01191666700000E+03,  -1.83344758208719E-01,  -3.94230750000000E-01,   4.07379228307647E+00,   2.84950000000000E+02,   8.28498933968134E+01,   4.37521689308155E+02
  2.01200000000000E+03,  -1.86284761162972E-01,  -2.73077000000000E-01,   4.07457565684523E+00,   2.85130000000000E+02,   8.66683407673496E+01,   5.94713058872521E+02
  2.01208333300000E+03,  -1.90174634634005E-01,  -2.09615750000000E-01,   4.07535903576731E+00,   2.85310000000000E+02,   6.62970969520393E+01,   8.33933435992710E+02
  2.01216666700000E+03,  -1.92272289307236E-01,  -1.28846500000000E-01,   4.07614241981698E+00,   2.85490000000000E+02,   1.00257007901848E+02,   1.00212108078646E+03
  2.01225000000000E+03,  -1.92936183838406E-01,   1.53845000000000E-02,   4.07692580896851E+00,   2.85670000000000E+02,   9.38701325832983E+01,   8.40351905367989E+02
  2.01233333300000E+03,  -1.94156596211962E-01,   1.30769250000000E-01,   4.07770920319618E+00,   2.85850000000000E+02,   8.82077851587092E+01,   7.70825515272189E+02
  2.01241666700000E+03,  -1.96083650660316E-01,   2.44230750000000E-01,   4.07849260247426E+00,   2.86030000000000E+02,   9.91179788082140E+01,   6.46730415551458E+02
  2.01250000000000E+03,  -1.95419574278472E-01,   4.09615250000000E-01,   4.07927600677702E+00,   2.86210000000000E+02,   1.02530368791579E+02,   4.47882255553827E+02
  2.01258333300000E+03,  -1.18020153805713E-01,   6.30769000000000E-01,   4.08005941607873E+00,   2.86390000000000E+02,   6.66643037169706E+01,   3.29875528049469E+02
  2.01266666700000E+03,   3.78672836440283E-02,   9.01924000000000E-01,   5.99724270762257E+00,   2.86570000000000E+02,   7.93514523609076E+01,   3.24615511514805E+02
  2.01275000000000E+03,   1.29045495768883E-01,   1.00961750000000E+00,   5.99651348739880E+00,   2.86750000000000E+02,   6.18419066507253E+01,   4.82951062052511E+02
  2.01283333300000E+03,   1.47818163806429E-01,   8.36539500000000E-01,   5.99578420075940E+00,   2.86930000000000E+02,   4.61920046148007E+01,   8.23674505089317E+02
  2.01291666700000E+03,   1.58720041697544E-01,   5.71154000000000E-01,   5.99505484772341E+00,   2.87110000000000E+02,   4.52934711326030E+01,   9.96067002501804E+02
  2.01300000000000E+03,   1.62115188606479E-01,   3.71154000000000E-01,   5.99432542830982E+00,   2.87290000000000E+02,   6.32084246082581E+01,   1.01077817823086E+03
  2.01308333300000E+03,   1.61461361157127E-01,   1.88461400000000E-01,   5.99359594253763E+00,   2.87470000000000E+02,   4.78688469541492E+01,   1.07377901896033E+03
  2.01316666700000E+03,   1.59433082434876E-01,   6.92306500000000E-02,   5.99286639042587E+00,   2.87650000000000E+02,   4.10949433524627E+01,   9.03930025659688E+02
  2.01325000000000E+03,   1.55625855290847E-01,  -2.69231500000000E-02,   5.99213677199353E+00,   2.87830000000000E+02,   8.02361548764165E+01,   5.42918129458930E+02
  2.01333333300000E+03,   1.48025347823206E-01,  -2.21153900000000E-01,   5.99140708725965E+00,   2.88010000000000E+02,   1.08776169529988E+02,   3.35115475078858E+02
  2.01341666700000E+03,   1.36479676616837E-01,  -4.07692250000000E-01,   5.99067733624322E+00,   2.88190000000000E+02,   1.05405822282587E+02,   3.03917645350099E+02
  2.01350000000000E+03,   1.24307311274047E-01,  -5.50000000000000E-01,   5.98994751896326E+00,   2.88370000000000E+02,   1.17980604200682E+02,   2.34508578364737E+02
  2.01358333300000E+03,  -3.01808324243315E-02,  -6.90384750000000E-01,   5.98921763543879E+00,   2.88550000000000E+02,   1.38229796210409E+02,   2.16650437600259E+02
  2.01366666700000E+03,  -3.17943406207649E-01,  -8.73076750000000E-01,  -1.70604970947874E-01,   2.88730000000000E+02,   1.27821065810905E+02,   2.42177209375147E+02
  2.01375000000000E+03,  -4.41798478605150E-01,  -1.09807550000000E+00,  -1.71254691553581E-01,   2.88910000000000E+02,   1.01048284519813E+02,   7.12390306456294E+02
  2.01383333300000E+03,  -4.13957076784663E-01,  -1.15192125000000E+00,  -1.71904333307455E-01,   2.89090000000000E+02,   1.01793760859978E+02,   1.00249617971219E+03
  2.01391666700000E+03,  -3.91641641007021E-01,  -9.74999500000000E-01,  -1.72553896196129E-01,   2.89270000000000E+02,   9.29736227082554E+01,   1.05891410760572E+03
  2.01400000000000E+03,  -3.74496577903403E-01,  -8.36538750000000E-01,  -1.73203380206210E-01,   2.89450000000000E+02,   7.55036952006281E+01,   1.09445014271783E+03
  2.01408333300000E+03,  -3.59084528937586E-01,  -7.40384750000000E-01,  -1.73852785324324E-01,   2.89630000000000E+02,   6.39696550165536E+01,   1.23647297695838E+03
  2.01416666700000E+03,  -3.42763332367707E-01,  -5.75000000000000E-01,  -1.74502111537087E-01,   2.89810000000000E+02,   9.85034942814498E+01,   9.26383855139650E+02
  2.01425000000000E+03,  -3.25981771162818E-01,  -5.25000000000000E-01,  -1.75151358831135E-01,   2.89990000000000E+02,   8.42034166296711E+01,   6.28982372854371E+02
  2.01433333300000E+03,  -3.10810278299559E-01,  -6.17307750000000E-01,  -1.75800527193092E-01,   2.90170000000000E+02,   8.68485185672878E+01,   6.63672613249347E+02
  2.01441666700000E+03,  -2.97468474332198E-01,  -7.11538500000000E-01,  -1.76449616609586E-01,   2.90350000000000E+02,   8.43189438626985E+01,   6.44028247101791E+02
  2.01450000000000E+03,  -2.82717013876612E-01,  -7.71153750000000E-01,  -1.77098627067251E-01,   2.90530000000000E+02,   6.91073898740346E+01,   4.90774458803143E+02
  2.01458333300000E+03,  -1.70469404520998E-01,  -8.17307500000000E-01,  -1.77747558552730E-01,   2.90710000000000E+02,   3.41206468220800E+01,   2.70057943885587E+02
  2.01466666700000E+03,   3.61626406706084E-02,  -8.15384500000000E-01,   8.39717617995187E+00,   2.90890000000000E+02,   4.90468216934358E+01,   2.70479407315142E+02
  2.01475000000000E+03,   1.45850156489702E-01,  -7.88461500000000E-01,   8.39741798798548E+00,   2.91070000000000E+02,   3.96249784081941E+01,   1.51645753945317E+02
  2.01483333300000E+03,   1.57134305028187E-01,  -7.92307750000000E-01,   8.39765966423671E+00,   2.91250000000000E+02,   3.58408755889628E+01,   2.98387293724064E+02
  2.01491666700000E+03,   1.62126000542558E-01,  -7.44231000000000E-01,   8.39790120869834E+00,   2.91430000000000E+02,   6.06562960311188E+01,   2.84825678942259E+02
  2.01500000000000E+03,   1.61264152991009E-01,  -6.96154000000000E-01,   8.39814262136312E+00,   2.91610000000000E+02,   6.79769132300396E+01,   3.88563433317747E+02
  2.01508333300000E+03,   1.58070752657790E-01,  -7.00000000000000E-01,   8.39838390222381E+00,   2.91790000000000E+02,   1.33418318400963E+02,   3.97286079506390E+02
  2.01516666700000E+03,   1.55273509420836E-01,  -7.13461500000000E-01,   8.39862505127319E+00,   2.91970000000000E+02,   1.31939215764322E+02,   5.18542433165852E+02
  2.01525000000000E+03,   1.52509703196432E-01,  -8.05769000000000E-01,   8.39886606850402E+00,   2.92150000000000E+02,   1.30194341040298E+02,   3.38712610708550E+02
  2.01533333300000E+03,   1.47795076239963E-01,  -9.38461250000000E-01,   8.39910695390908E+00,   2.92330000000000E+02,   1.12878302256938E+02,   3.54823482431285E+02
  2.01541666700000E+03,   1.40995893782249E-01,  -9.40384500000000E-01,   8.39934770748115E+00,   2.92510000000000E+02,   1.11970739248826E+02,   4.62535906739626E+02
  2.01550000000000E+03,   1.35436698474625E-01,  -8.11538500000000E-01,   8.39958832921302E+00,   2.92690000000000E+02,   2.98574414806790E+01,   4.30947627323866E+02
  2.01558333300000E+03,   1.08387319468813E-03,  -6.94231000000000E-01,   8.39982881909747E+00,   2.92870000000000E+02,   3.73155300823390E+01,   2.89630261112470E+02
  2.01566666700000E+03,  -2.63750620102026E-01,  -5.42308000000000E-01,   4.65316423739427E+00,   2.93050000000000E+02,   3.98041785950190E+01,   3.89715305844974E+02
  2.01575000000000E+03,  -3.96469818058979E-01,  -3.25000250000000E-01,   4.65368723348360E+00,   2.93230000000000E+02,   2.70040594632155E+01,   3.44533678864781E+02
  2.01583333300000E+03,  -3.99616280673893E-01,  -1.65384800000000E-01,   4.65421016641138E+00,   2.93410000000000E+02,   1.66130876959534E+01,   1.82027729224600E+02
  2.01591666700000E+03,  -4.08489877017966E-01,  -9.23078500000000E-02,   4.65473303616584E+00,   2.93590000000000E+02,   3.44071825433290E+01,   1.90963237814792E+02
  2.01600000000000E+03,  -4.22626664175559E-01,  -1.42307800000000E-01,   4.65525584273523E+00,   2.93770000000000E+02,   3.63126257869997E+01,   3.05331290793139E+02
  2.01608333300000E+03,  -4.38480402358570E-01,  -2.94230750000000E-01,   4.65577858610778E+00,   2.93950000000000E+02,   3.78826372080017E+01,   3.91777665532753E+02
  2.01616666700000E+03,  -4.53299966788292E-01,  -4.19230750000000E-01,   4.65630126627173E+00,   2.94130000000000E+02,   4.93726818062831E+01,   4.84982840422913E+02
  2.01625000000000E+03,  -4.67425547009047E-01,  -5.00000000000000E-01,   4.65682388321534E+00,   2.94310000000000E+02,   5.89394639663165E+01,   4.71947161462437E+02
  2.01633333300000E+03,  -4.82819802666523E-01,  -5.34615250000000E-01,   4.65734643692683E+00,   2.94490000000000E+02,   4.10855221148697E+01,   5.75409911403246E+02
  2.01641666700000E+03,  -4.99595849723884E-01,  -4.73076750000000E-01,   4.65786892739448E+00,   2.94670000000000E+02,   4.24935864884173E+01,   6.98225076351222E+02
  2.01650000000000E+03,  -5.14409551355726E-01,  -4.15384500000000E-01,   4.65839135460650E+00,   2.94850000000000E+02,   3.66127798960661E+01,   5.43127878247481E+02
  2.01658333300000E+03,  -4.53593518757257E-01,  -4.21153750000000E-01,   4.65891371855118E+00,   2.95030000000000E+02,   3.15442407375784E+01,   4.98630995066743E+02
  2.01666666700000E+03,  -3.13343296492007E-01,  -3.63461500000000E-01,   8.59438392176465E+00,   2.95210000000000E+02,   6.68878427110729E+01,   6.16147461927030E+02
  2.01675000000000E+03,  -2.33223914721584E-01,  -2.40384500000000E-01,   8.59445713811323E+00,   2.95390000000000E+02,   7.00094336113893E+01,   5.48867004861962E+02
  2.01683333300000E+03,  -2.21829569734333E-01,  -2.09615250000000E-01,   8.59453021684185E+00,   2.95570000000000E+02,   6.18711078346823E+01,   4.15743119312543E+02
  2.01691666700000E+03,  -2.16571399516064E-01,  -3.19230750000000E-01,   8.59460315794842E+00,   2.95750000000000E+02,   6.99491192046087E+01,   4.91513958381396E+02
  2.01700000000000E+03,  -2.17030353196005E-01,  -4.36538500000000E-01,   8.59467596143083E+00,   2.95930000000000E+02,   7.71094733046601E+01,   4.98288284830283E+02
  2.01708333300000E+03,  -2.19704197563267E-01,  -5.11538500000000E-01,   8.59474862728696E+00,   2.96110000000000E+02,   4.25864777860465E+01,   3.61342726210039E+02
  2.01716666700000E+03,  -2.21884784089110E-01,  -5.50000000000000E-01,   8.59482115551474E+00,   2.96290000000000E+02,   4.44417055321857E+01,   4.21653189064097E+02
  2.01725000000000E+03,  -2.23954106279745E-01,  -5.09615500000000E-01,   8.59489354611206E+00,   2.96470000000000E+02,   6.34900113981217E+01,   4.76422741660010E+02
  2.01733333300000E+03,  -2.27915316597443E-01,  -4.65384750000000E-01,   8.59496579907685E+00,   2.96650000000000E+02,   5.58978653550264E+01,   4.43066733073629E+02
  2.01741666700000E+03,  -2.33920577856898E-01,  -4.86538500000000E-01,   8.59503791440701E+00,   2.96830000000000E+02,   5.02394565600902E+01,   4.42291732473671E+02
  2.01750000000000E+03,  -2.38663223519229E-01,  -5.65384750000000E-01,   8.59510989210045E+00,   2.97010000000000E+02,   6.69037571985042E+01,   4.94605773445498E+02
  2.01758333300000E+03,  -2.05703165815311E-01,  -6.01923250000000E-01,   8.59518173215512E+00,   2.97190000000000E+02,   9.28360039787833E+01,   5.44550851097424E+02
  2.01766666700000E+03,  -1.33901027760927E-01,  -5.36538500000000E-01,   7.16192929908866E-02,   2.97370000000000E+02,   1.53202234268072E+02,   4.74234662789758E+02
  2.01775000000000E+03,  -9.08720079803252E-02,  -5.76923000000000E-01,   7.17827417822766E-02,   2.97550000000000E+02,   1.94945258999604E+02,   3.90997451639641E+02
  2.01783333300000E+03,  -8.21403584901150E-02,  -8.05768750000000E-01,   7.19463381771075E-02,   2.97730000000000E+02,   1.99567282726744E+02,   3.46950266367942E+02
  2.01791666700000E+03,  -7.94492359903917E-02,  -9.94229000000000E-01,   7.21100821667680E-02,   2.97910000000000E+02,   1.90260972447554E+02,   3.77368335626833E+02
  2.01800000000000E+03,  -8.23717152899233E-02,  -1.05192000000000E+00,   7.22739737426395E-02,   2.98090000000000E+02,   1.78928101307608E+02,   2.36095261408295E+02
  2.01808333300000E+03,  -8.73978355031659E-02,  -1.07499750000000E+00,   7.24380128961050E-02,   2.98270000000000E+02,   1.12251648383832E+02,   3.99854893136118E+02
  2.01816666700000E+03,  -9.18118905528061E-02,  -1.06923000000000E+00,   7.26021996185386E-02,   2.98450000000000E+02,   7.31119832512341E+01,   5.48276944626588E+02
  2.01825000000000E+03,  -9.59885095433500E-02,  -1.00769225000000E+00,   7.27665339013130E-02,   2.98630000000000E+02,   8.34009156963322E+01,   1.04976031697048E+03
  2.01833333300000E+03,  -1.01923695925032E-01,  -9.73077000000000E-01,   7.29310157357978E-02,   2.98810000000000E+02,   7.01668545894325E+01,   9.82726374483295E+02
  2.01841666700000E+03,  -1.09762700778178E-01,  -9.92308000000000E-01,   7.30956451133523E-02,   2.98990000000000E+02,   7.59686793728266E+01,   9.75780257809535E+02
  2.01850000000000E+03,  -1.16192204325272E-01,  -9.46154000000000E-01,   7.32604220253363E-02,   2.99170000000000E+02,   7.15153031067341E+01,   1.03345291373897E+03
  2.01858333300000E+03,  -6.96613686259696E-02,  -8.76923000000000E-01,   7.34253464631051E-02,   2.99350000000000E+02,   9.37908316475106E+01,   8.82413066448923E+02
  2.01866666700000E+03,   3.06759599488592E-02,  -9.17307000000000E-01,   8.50041110365419E+00,   2.99530000000000E+02,   8.47515875863377E+01,   3.82952720486745E+02
  2.01875000000000E+03,   8.66527886672717E-02,  -9.30768000000000E-01,   8.50023507789841E+00,   2.99710000000000E+02,   8.28271421746118E+01,   3.89359515668638E+02
  2.01883333300000E+03,   9.29494167478124E-02,  -7.11537750000000E-01,   8.50005891735925E+00,   2.99890000000000E+02,   8.77125990494853E+01,   4.47835652232170E+02
  2.01891666700000E+03,   9.31785221438088E-02,  -3.90384500000000E-01,   8.49988262204186E+00,   3.00070000000000E+02,   7.71440343573457E+01,   2.85540418605972E+02
  2.01900000000000E+03,   8.77674388737770E-02,  -1.94230875000000E-01,   8.49970619195137E+00,   3.00250000000000E+02,   5.67399861606769E+01,   4.37977676657680E+02
  2.01908333300000E+03,   8.02265406490005E-02,  -7.69232000000000E-02,   8.49952962709293E+00,   3.00430000000000E+02,   4.41878943193587E+01,   4.86793291439768E+02
  2.01916666700000E+03,   7.32719501629503E-02,   4.42307250000000E-02,   8.49935292747170E+00,   3.00610000000000E+02,   5.40286219152855E+01,   9.04070853683259E+02
  2.01925000000000E+03,   6.65294585086673E-02,   1.51923050000000E-01,   8.49917609309284E+00,   3.00790000000000E+02,   2.65953200948192E+01,   1.04542842557598E+03
  2.01933333300000E+03,   5.80034860518236E-02,   1.92307750000000E-01,   8.49899912396150E+00,   3.00970000000000E+02,   2.45564551458578E+01,   9.01228649152257E+02
  2.01941666700000E+03,   4.75492089357470E-02,   1.26923172500000E-01,   8.49882202008285E+00,   3.01150000000000E+02,   1.85301705453778E+01,   1.00553035932891E+03
  2.01950000000000E+03,   3.84803773579275E-02,  -3.07691550000000E-02,   8.49864478146205E+00,   3.01330000000000E+02,   2.59214668581146E+01,   9.78577137153316E+02
  2.01958333300000E+03,  -1.78026543286892E-02,  -2.24999827500000E-01,   8.49846740810429E+00,   3.01510000000000E+02,   3.03619979421841E+01,   5.83465516733844E+02
  2.01966666700000E+03,  -1.23547242539710E-01,  -2.73076700000000E-01,   1.88758529343911E+00,   3.01690000000000E+02,   3.49860386898741E+01,   5.15638169968128E+02
  2.01975000000000E+03,  -1.79747901325731E-01,  -1.28846072500000E-01,   1.88816461514560E+00,   3.01870000000000E+02,   9.42271207366022E+01,   5.27350748342089E+02
  2.01983333300000E+03,  -1.88686622649921E-01,  -2.69230950000000E-02,   1.88874387583200E+00,   3.02050000000000E+02,   1.14682792414550E+02,   5.44221975088958E+02
  2.01991666700000E+03,  -2.03798070097422E-01,  -9.42307725000000E-02,   1.88932307548856E+00,   3.02230000000000E+02,   1.16310531997844E+02,   6.97211030194443E+02
  2.02000000000000E+03,  -2.24594522944245E-01,  -2.30769300000000E-01,   1.88990221410556E+00,   3.02410000000000E+02,   1.04920757084864E+02,   7.11402268060017E+02
  2.02008333300000E+03,  -2.47505513570642E-01,  -3.36538750000000E-01,   1.89048129167325E+00,   3.02590000000000E+02,   1.07344535839243E+02,   6.35504423073865E+02
  2.02016666700000E+03,  -2.69755339439661E-01,  -4.01923500000000E-01,   1.89106030818191E+00,   3.02770000000000E+02,   5.75785592486965E+01,   8.07553881517891E+02
  2.02025000000000E+03,  -2.91659362042894E-01,  -4.78846500000000E-01,   1.89163926362180E+00,   3.02950000000000E+02,   5.64133434105315E+01,   6.23739198361617E+02
  2.02033333300000E+03,  -3.15155260423027E-01,  -5.92307750000000E-01,   1.89221815798319E+00,   3.03130000000000E+02,   5.53984684303403E+01,   4.79747861450817E+02
  2.02041666700000E+03,  -3.40331114790020E-01,  -6.13461250000000E-01,   1.89279699125635E+00,   3.03310000000000E+02,   6.55001999708358E+01,   8.13245764614083E+02
  2.02050000000000E+03,  -3.63817793064322E-01,  -4.84615000000000E-01,   1.89337576343156E+00,   3.03490000000000E+02,   5.64668501623790E+01,   7.47799043250456E+02
  2.02058333300000E+03,  -3.00530045301456E-01,  -3.09615250000000E-01,   1.89395447449908E+00,   3.03670000000000E+02,   5.47701244464144E+01,   7.68880441004597E+02
  2.02066666700000E+03,  -1.38079856761489E-01,  -7.69232500000000E-02,  -8.48398208453799E-01,   3.03850000000000E+02,   3.92325855451170E+01,   6.94453537714295E+02
  2.02075000000000E+03,  -3.01706159703110E-02,   1.42307500000000E-01,  -8.47889516703154E-01,   3.04030000000000E+02,   3.27541917089722E+01,   7.81795212216862E+02
  2.02083333300000E+03,   6.17870700322603E-03,   1.40384525000000E-01,  -8.47380756142405E-01,   3.04210000000000E+02,   1.74081779885688E+01,   7.41007765658945E+02
  2.02091666700000E+03,   3.64233241210669E-02,   2.49999725000000E-02,  -8.46871926784870E-01,   3.04390000000000E+02,   1.70156856825342E+01,   7.87936980064306E+02
  2.02100000000000E+03,   6.09314846533569E-02,   2.88461200000000E-02,  -8.46363028643864E-01,   3.04570000000000E+02,   1.42339389473316E+01,   6.23801050452981E+02
  2.02108333300000E+03,   8.31547221011576E-02,   9.23076225000000E-02,  -8.45854061732702E-01,   3.04750000000000E+02,   1.85562550263363E+01,   6.72353042347729E+02
  2.02116666700000E+03,   1.05750727389753E-01,   1.01923150000000E-01,  -8.45345026064701E-01,   3.04930000000000E+02,   2.21542386273039E+01,   5.46419947175589E+02
  2.02125000000000E+03,   1.28287431019803E-01,   1.09615700000000E-01,  -8.44835921653187E-01,   3.05110000000000E+02,   3.52689239069354E+01,   2.10102453594469E+02
  2.02133333300000E+03,   1.48712125496150E-01,   1.82692750000000E-01,  -8.44326748511472E-01,   3.05290000000000E+02,   3.58026238978375E+01,   2.85534974178579E+02
  2.02141666700000E+03,   1.66823750728481E-01,   2.88462000000000E-01,  -8.43817506652881E-01,   3.05470000000000E+02,   4.32015236325911E+01,   2.68789639998786E+02
  2.02150000000000E+03,   1.85880868548358E-01,   2.50000350000000E-01,  -8.43308196090737E-01,   3.05650000000000E+02,   8.84557071672985E+01,   2.53464406953938E+02
  2.02158333300000E+03,   1.60552508174619E-01,   5.38462750000000E-02,  -8.42798816838365E-01,   3.05830000000000E+02,   8.58030182929011E+01,   3.33538313323818E+02
  2.02166666700000E+03,   7.93112345630667E-02,  -1.53845000000000E-02,   6.68696410192144E+00,   3.06010000000000E+02,   9.30356135747395E+01,   3.13729430954717E+02
  2.02175000000000E+03,   2.50781631997835E-02,  -9.61517500000000E-03,   6.68601054557932E+00,   3.06190000000000E+02,   9.25303979982622E+01,   3.91750464342535E+02
  2.02183333300000E+03,   4.49394482818079E-03,  -1.61538500000000E-01,   6.68505695396562E+00,   3.06370000000000E+02,   8.23659379571793E+01,   4.66551245030481E+02
  2.02191666700000E+03,  -2.33353316357219E-02,  -2.94231000000000E-01,   6.68410332711196E+00,   3.06550000000000E+02,   3.24067689608317E+01,   4.24149147875234E+02
  2.02200000000000E+03,  -5.76981090783826E-02,  -3.13461500000000E-01,   6.68314966504995E+00,   3.06730000000000E+02,   6.95003956659813E+01,   3.45672691210546E+02
  2.02208333300000E+03,  -9.47928942228769E-02,  -3.51922750000000E-01,   6.68219596781122E+00,   3.06910000000000E+02,   8.34404398425017E+01,   3.89383775520138E+02
  2.02216666700000E+03,  -1.31608318063170E-01,  -3.88461250000000E-01,   6.68124223542738E+00,   3.07090000000000E+02,   1.32505139287293E+02,   3.09976704671048E+02
  2.02225000000000E+03,  -1.68222021689843E-01,  -4.13461500000000E-01,   6.68028846793005E+00,   3.07270000000000E+02,   1.41413465510460E+02,   3.33367411868554E+02
  2.02233333300000E+03,  -2.06334507405175E-01,  -3.75000250000000E-01,   6.67933466535086E+00,   3.07450000000000E+02,   1.55029458086682E+02,   3.51443050567899E+02
  2.02241666700000E+03,  -2.45799804330808E-01,  -2.76923500000000E-01,   6.67838082772142E+00,   3.07630000000000E+02,   1.15476774162916E+02,   3.87964098659344E+02
  2.02250000000000E+03,  -2.83020393752214E-01,  -2.96154250000000E-01,   6.67742695507335E+00,   3.07810000000000E+02,   8.03049386437051E+01,   4.43034083769843E+02
  2.02258333300000E+03,  -2.19316159868784E-01,  -2.67307922500000E-01,   6.67647304743829E+00,   3.07990000000000E+02,   3.92476834045490E+01,   3.33846557723451E+02
  2.02266666700000E+03,  -4.50772542018735E-02,  -5.00000950000000E-02,  -2.29034500568788E+00,   3.08170000000000E+02,   3.28092120412271E+01,   4.01943091703299E+02
  2.02275000000000E+03,   5.61707026097369E-02,   5.76922275000000E-02,  -2.29029376797710E+00,   3.08350000000000E+02,   3.11530083558871E+01,   3.96215564884152E+02
  2.02283333300000E+03,   6.99750014656668E-02,   6.15383000000000E-02,  -2.29024241811182E+00,   3.08530000000000E+02,   3.54884951565065E+01,   3.83493522400502E+02
  2.02291666700000E+03,   7.79219631876881E-02,   2.13781900000000E-01,  -2.29019095609570E+00,   3.08710000000000E+02,   6.62729898772319E+01,   2.76562717216555E+02
  2.02300000000000E+03,   8.03853452368070E-02,   3.98718000000000E-01,  -2.29013938193241E+00,   3.08890000000000E+02,   6.27995392436744E+01,   3.56075865016319E+02
  2.02308333300000E+03,   8.08206433348951E-02,   4.89166750000000E-01,  -2.29008769562562E+00,   3.09070000000000E+02,   8.21044973717886E+01,   2.73497833422013E+02
  2.02316666700000E+03,   8.18883201211722E-02,   5.14444500000000E-01,  -2.29003589717899E+00,   3.09250000000000E+02,   7.04466492269305E+01,   2.50942825350445E+02
  2.02325000000000E+03,   8.31582506719273E-02,   5.17639000000000E-01,  -2.28998398659621E+00,   3.09430000000000E+02,   7.93519672390889E+01,   4.08533967689332E+02
  2.02333333300000E+03,   8.25792119110851E-02,   6.42658750000000E-01,  -2.28993196388095E+00,   3.09610000000000E+02,   1.85113942245371E+01,   1.32922532082464E+00
  2.02341666700000E+03,   7.97643163397955E-02,   9.42857000000000E-01,  -2.28987982903689E+00,   3.09790000000000E+02,   7.67703876497658E+01,   9.54196188103358E+02
