date,lte_decimal_time,lte_hidden_column4,u_30hpa_ms,model_value
2010-01-01,2010.000000000000,-0.613117602003,-30.981655,-5.534443458435
2010-01-02,2010.002688161290,-0.611387628122,-28.800000,-5.532793880791
2010-01-03,2010.005376322581,-0.609657654241,-26.950151,-5.531204555884
2010-01-04,2010.008064483871,-0.607927680360,-26.053628,-5.529534442652
2010-01-05,2010.010752645161,-0.606197706479,-22.514000,-5.527645808216
2010-01-06,2010.013440806452,-0.604467732598,-23.012098,-5.525409867868
2010-01-07,2010.016128967742,-0.602737758717,-27.592626,-5.522712058647
2010-01-08,2010.018817129032,-0.601007784836,-26.559391,-5.519456730548
2010-01-09,2010.021505290323,-0.599277810955,-26.399159,-5.515571063276
2010-01-10,2010.024193451613,-0.597547837074,-20.700911,-5.511008048139
2010-01-11,2010.026881612903,-0.595817863193,-20.471801,-5.505748413004
2010-01-12,2010.029569774194,-0.594087889312,-24.450982,-5.499801411458
2010-01-13,2010.032257935484,-0.592357915432,-25.653609,-5.493204443895
2010-01-14,2010.034946096774,-0.590627941550,-27.335030,-5.486021526006
2010-01-15,2010.037634258065,-0.588897967669,-29.302895,-5.478340667426
2010-01-16,2010.040322419355,-0.587167993789,-28.034031,-5.470270267841
2010-01-17,2010.043010580645,-0.585438019908,-26.296424,-5.461934678157
2010-01-18,2010.045698741935,-0.583708046027,-29.938156,-5.453469108488
2010-01-19,2010.048386903226,-0.581978072146,-34.683407,-5.445014091466
2010-01-20,2010.051075064516,-0.580248098265,-31.591208,-5.436709727605
2010-01-21,2010.053763225807,-0.578518124384,-25.203986,-5.428689948359
2010-01-22,2010.056451387097,-0.576788150503,-22.933235,-5.421077031795
2010-01-23,2010.059139548387,-0.575058176622,-26.069972,-5.413976595459
2010-01-24,2010.061827709677,-0.573328202741,-28.835030,-5.407473271466
2010-01-25,2010.064515870968,-0.571598228860,-29.736412,-5.401627240920
2010-01-26,2010.067204032258,-0.569868254979,-27.746155,-5.396471769578
2010-01-27,2010.069892193548,-0.568138281098,-24.157982,-5.392011845651
2010-01-28,2010.072580354839,-0.566408307217,-24.657000,-5.388223975545
2010-01-29,2010.075268516129,-0.564678333336,-22.428328,-5.385057145898
2010-01-30,2010.077956677419,-0.562948359455,-26.240881,-5.382434912512
2010-01-31,2010.080644838710,-0.561218385574,-22.206443,-5.380258530645
2010-02-01,2010.083333000000,-0.559488411693,-27.196115,-5.378410998491
2010-02-02,2010.086309214286,-0.557573393243,-27.495234,-5.376591474120
2010-02-03,2010.089285428571,-0.555658374793,-27.308578,-5.374826705517
2010-02-04,2010.092261642857,-0.553743356343,-29.642713,-5.372925799711
2010-02-05,2010.095237857143,-0.551828337894,-29.789305,-5.370704689461
2010-02-06,2010.098214071429,-0.549913319444,-27.146306,-5.367995362128
2010-02-07,2010.101190285714,-0.547998300994,-31.101738,-5.364654283593
2010-02-08,2010.104166500000,-0.546083282544,-26.749783,-5.360569594856
2010-02-09,2010.107142714286,-0.544168264094,-23.924796,-5.355666720491
2010-02-10,2010.110118928571,-0.542253245645,-25.309559,-5.349912107752
2010-02-11,2010.113095142857,-0.540338227195,-27.694213,-5.343314908862
2010-02-12,2010.116071357143,-0.538423208745,-24.700000,-5.335926522131
2010-02-13,2010.119047571429,-0.536508190295,-22.938928,-5.327838014920
2010-02-14,2010.122023785714,-0.534593171845,-27.377656,-5.319175557648
2010-02-15,2010.125000000000,-0.532678153395,-26.504733,-5.310094097787
2010-02-16,2010.127976214286,-0.530763134946,-26.448058,-5.300769591010
2010-02-17,2010.130952428571,-0.528848116496,-22.223480,-5.291390179022
2010-02-18,2010.133928642857,-0.526933098046,-26.698018,-5.282146756400
2010-02-19,2010.136904857143,-0.525018079596,-22.749059,-5.273223399402
2010-02-20,2010.139881071429,-0.523103061146,-25.309559,-5.264788136646
2010-02-21,2010.142857285714,-0.521188042697,-26.343607,-5.256984524390
2010-02-22,2010.145833500000,-0.519273024247,-29.850000,-5.249924448818
2010-02-23,2010.148809714286,-0.517358005797,-27.317850,-5.243682516230
2010-02-24,2010.151785928571,-0.515442987347,-28.277387,-5.238292312383
2010-02-25,2010.154762142857,-0.513527968897,-31.536451,-5.233744718547
2010-02-26,2010.157738357143,-0.511612950447,-29.534454,-5.229988368709
2010-02-27,2010.160714571429,-0.509697931998,-24.997362,-5.226932224991
2010-02-28,2010.163690785714,-0.507782913548,-30.874775,-5.224450142161
2010-03-01,2010.166667000000,-0.505867895098,-31.287403,-5.222387192379
2010-03-02,2010.169355161290,-0.504138480766,-33.087403,-5.220738333104
2010-03-03,2010.172043322581,-0.502409066435,-26.726804,-5.219149514968
2010-03-04,2010.174731483871,-0.500679652103,-26.240881,-5.217479833710
2010-03-05,2010.177419645161,-0.498950237771,-24.200000,-5.215591694175
2010-03-06,2010.180107806452,-0.497220823439,-26.076428,-5.213356441040
2010-03-07,2010.182795967742,-0.495491409108,-26.846424,-5.210659623691
2010-03-08,2010.185484129032,-0.493761994776,-19.991597,-5.207405679814
2010-03-09,2010.188172290323,-0.492032580444,-22.719972,-5.203521846028
2010-03-10,2010.190860451613,-0.490303166113,-23.609814,-5.198961135541
2010-03-11,2010.193548612903,-0.488573751781,-27.694213,-5.193704260952
2010-03-12,2010.196236774193,-0.486844337449,-29.296155,-5.187760423545
2010-03-13,2010.198924935484,-0.485114923118,-26.750000,-5.181166936745
2010-03-14,2010.201613096774,-0.483385508786,-24.107912,-5.173987699170
2010-03-15,2010.204301258065,-0.481656094454,-23.030673,-5.166310579742
2010-03-16,2010.206989419355,-0.479926680123,-22.423181,-5.158243821887
2010-03-17,2010.209677580645,-0.478197265791,-23.540474,-5.149911613959
2010-03-18,2010.212365741935,-0.476467851459,-25.784888,-5.141449007153
2010-03-19,2010.215053903226,-0.474738437128,-29.546155,-5.132996388898
2010-03-20,2010.217742064516,-0.473009022796,-31.161482,-5.124693737866
2010-03-21,2010.220430225806,-0.471279608464,-28.523589,-5.116674895716
2010-03-22,2010.223118387097,-0.469550194132,-30.483558,-5.109062089978
2010-03-23,2010.225806548387,-0.467820779801,-27.195204,-5.101960932208
2010-03-24,2010.228494709677,-0.466091365469,-23.789722,-5.095456096119
2010-03-25,2010.231182870968,-0.464361951137,-23.339944,-5.089607852531
2010-03-26,2010.233871032258,-0.462632536806,-26.296424,-5.084449602945
2010-03-27,2010.236559193548,-0.460903122474,-32.645840,-5.079986512676
2010-03-28,2010.239247354839,-0.459173708142,-30.922963,-5.076195299474
2010-03-29,2010.241935516129,-0.457444293811,-26.648208,-5.073025186292
2010-03-30,2010.244623677419,-0.455714879479,-27.694252,-5.070399979199
2010-03-31,2010.247311838710,-0.453985465147,-30.922963,-5.068221185421
2010-04-01,2010.250000000000,-0.452256050815,-28.028338,-5.066372043892
2010-04-02,2010.252777766667,-0.450469278370,-23.536905,-5.064669410334
2010-04-03,2010.255555533333,-0.448682505924,-20.521611,-5.063026885707
2010-04-04,2010.258333300000,-0.446895733478,-29.188505,-5.061289155893
2010-04-05,2010.261111066667,-0.445108961032,-32.877239,-5.059305064551
2010-04-06,2010.263888833333,-0.443322188587,-28.747106,-5.056934214390
2010-04-07,2010.266666600000,-0.441535416141,-23.700000,-5.054053098557
2010-04-08,2010.269444366667,-0.439748643695,-19.973704,-5.050560494410
2010-04-09,2010.272222133333,-0.437961871249,-27.377656,-5.046381884084
2010-04-10,2010.274999900000,-0.436175098804,-31.400000,-5.041472708822
2010-04-11,2010.277777666667,-0.434388326358,-31.911482,-5.035820314932
2010-04-12,2010.280555433333,-0.432601553912,-29.437553,-5.029444506400
2010-04-13,2010.283333200000,-0.430814781466,-28.784590,-5.022396680010
2010-04-14,2010.286110966667,-0.429028009020,-23.362395,-5.014757580759
2010-04-15,2010.288888733333,-0.427241236575,-27.013966,-5.006633775579
2010-04-16,2010.291666500000,-0.425454464129,-30.580338,-4.998152999369
2010-04-17,2010.294444266667,-0.423667691683,-25.700000,-4.989458576586
2010-04-18,2010.297222033333,-0.421880919237,-22.015903,-4.980703162012
2010-04-19,2010.299999800000,-0.420094146792,-28.028338,-4.972042074048
2010-04-20,2010.302777566667,-0.418307374346,-28.690407,-4.963626511687
2010-04-21,2010.305555333333,-0.416520601900,-26.952053,-4.955596951380
2010-04-22,2010.308333100000,-0.414733829454,-26.736132,-4.948077012187
2010-04-23,2010.311110866667,-0.412947057009,-31.529562,-4.941168057106
2010-04-24,2010.313888633333,-0.411160284563,-30.289305,-4.934944766380
2010-04-25,2010.316666400000,-0.409373512117,-23.474879,-4.929451876070
2010-04-26,2010.319444166667,-0.407586739671,-25.608571,-4.924702224356
2010-04-27,2010.322221933333,-0.405799967226,-26.542626,-4.920676190871
2010-04-28,2010.324999700000,-0.404013194780,-27.196155,-4.917322553556
2010-04-29,2010.327777466667,-0.402226422334,-26.150151,-4.914560725620
2010-04-30,2010.330555233333,-0.400439649888,-24.988828,-4.912284274903
2010-05-01,2010.333333000000,-0.398652877442,-22.749059,-4.910365571965
2010-05-02,2010.336021193549,-0.458598898272,-21.850000,-5.075075987505
2010-05-03,2010.338709387097,-0.518544919097,-21.557000,-5.247452070747
2010-05-04,2010.341397580645,-0.578490939926,-25.353155,-5.428566873447
2010-05-05,2010.344085774194,-0.638436960756,-26.312147,-5.614912851421
2010-05-06,2010.346773967742,-0.698382981580,-25.152053,-5.800240422564
2010-05-07,2010.349462161290,-0.758329002410,-28.031185,-5.978833825623
2010-05-08,2010.352150354839,-0.818275023240,-30.284319,-6.148507164605
2010-05-09,2010.354838548387,-0.878221044064,-27.377656,-6.311750195296
2010-05-10,2010.357526741936,-0.938167064894,-29.686602,-6.474423263885
2010-05-11,2010.360214935484,-0.998113085718,-33.870620,-6.642685474960
2010-05-12,2010.362903129032,-1.058059106548,-34.866814,-6.819766258684
2010-05-13,2010.365591322581,-1.118005127378,-32.774806,-7.004272592450
2010-05-14,2010.368279516129,-1.177951148202,-36.859204,-7.190919184945
2010-05-15,2010.370967709677,-1.237897169032,-24.766174,-7.373298880277
2010-05-16,2010.373655903226,-1.297843189861,-23.832348,-7.547241112390
2010-05-17,2010.376344096774,-1.357789210686,-22.514000,-7.712998000938
2010-05-18,2010.379032290323,-1.417735231516,-18.285767,-7.875112197103
2010-05-19,2010.381720483871,-1.477681252345,-21.517805,-8.040035751008
2010-05-21,2010.387096870968,-1.597573293999,-22.976485,-8.394146096152
2010-05-22,2010.389785064516,-1.657519314829,-22.966174,-8.580573691522
2010-05-23,2010.392473258064,-1.717465335654,-30.100000,-8.765738547276
2010-05-24,2010.395161451613,-1.777411356483,-28.989266,-8.944010193086
2010-05-25,2010.397849645161,-1.837357377308,-24.997362,-9.113371389232
2010-05-27,2010.403226032258,-1.957249418967,-26.123455,-9.439255709837
2010-05-28,2010.405914225806,-2.017195439792,-28.362463,-9.607814942567
2010-05-29,2010.408602419355,-2.077141460621,-32.700000,-9.785226945980
2010-05-30,2010.411290612903,-2.137087481451,-28.690407,-9.969925081235
2010-05-31,2010.413978806451,-2.197033502275,-24.037624,-10.156523519965
2010-06-01,2010.416667000000,-2.256979523105,-24.262376,-10.338640347155
2010-06-02,2010.419444766667,-2.255183021096,-25.766127,-10.331990645218
2010-06-03,2010.422222533333,-2.253386519088,-29.138828,-10.324686640992
2010-06-04,2010.425000300000,-2.251590017079,-29.487363,-10.316820017647
2010-06-05,2010.427778066667,-2.249793515070,-22.106691,-10.308507296255
2010-06-06,2010.430555833333,-2.247997013062,-21.271847,-10.299884691741
2010-06-07,2010.433333600000,-2.246200511053,-21.720781,-10.291102099418
2010-06-08,2010.436111366667,-2.244404009044,-30.168101,-10.282316477568
2010-06-09,2010.438889133333,-2.242607507036,-35.863009,-10.273684918214
2010-06-10,2010.441666900000,-2.240811005027,-45.104195,-10.265357711999
2010-06-11,2010.444444666667,-2.239014503018,-31.101258,-10.257471713309
2010-06-12,2010.447222433333,-2.237218001010,-30.540257,-10.250144298577
2010-06-13,2010.450000200000,-2.235421499001,-32.774806,-10.243468184474
2010-06-14,2010.452777966667,-2.233624996992,-35.310602,-10.237507334756
2010-06-15,2010.455555733333,-2.231828494984,-28.274540,-10.232294136455
2010-06-16,2010.458333500000,-2.230031992975,-33.839012,-10.227827970099
2010-06-17,2010.461111266667,-2.228235490966,-31.353634,-10.224075237054
2010-06-18,2010.463889033333,-2.226438988958,-31.529562,-10.220970842803
2010-06-19,2010.466666800000,-2.224642486949,-33.338021,-10.218421070666
2010-06-20,2010.469444566667,-2.222845984940,-29.384888,-10.216307719108
2010-06-21,2010.472222333333,-2.221049482932,-22.078798,-10.214493319966
2010-06-22,2010.475000100000,-2.219252980923,-18.922412,-10.212827207249
2010-06-23,2010.477777866667,-2.217456478914,-22.226446,-10.211152168579
2010-06-24,2010.480555633333,-2.215659976906,-28.800000,-10.209311385629
2010-06-25,2010.483333400000,-2.213863474897,-26.698018,-10.207155357173
2010-06-26,2010.486111166667,-2.212066972888,-35.500000,-10.204548499103
2010-06-27,2010.488888933333,-2.210270470880,-29.150309,-10.201375130049
2010-06-28,2010.491666700000,-2.208473968871,-21.604537,-10.197544578359
2010-06-29,2010.494444466667,-2.206677466862,-24.465380,-10.192995184968
2010-06-30,2010.497222233333,-2.204880964854,-26.885252,-10.187697025460
2010-07-01,2010.500000000000,-2.203084462845,-25.104106,-10.181653231138
2010-07-02,2010.502688161290,-2.201346193699,-37.456921,-10.175129272687
2010-07-03,2010.505376322581,-2.199607924552,-25.151102,-10.168001440776
2010-07-04,2010.508064483871,-2.197869655405,-16.691750,-10.160355313010
2010-07-05,2010.510752645161,-2.196131386259,-4.350000,-10.152297893887
2010-07-06,2010.513440806452,-2.194393117112,2.295526,-10.143953191115
2010-07-07,2010.516128967742,-2.192654847966,22.291801,-10.135457089007
2010-07-08,2010.518817129032,-2.190916578819,14.181232,-10.126951730883
2010-07-09,2010.521505290323,-2.189178309672,-13.026326,-10.118579642714
2010-07-10,2010.524193451613,-2.187440040526,-9.323881,-10.110477840956
2010-07-11,2010.526881612903,-2.185701771379,-9.466073,-10.102772168141
2010-07-12,2010.529569774194,-2.183963502233,-14.748724,-10.095572090419
2010-07-13,2010.532257935484,-2.182225233086,-12.431843,-10.088966172114
2010-07-14,2010.534946096774,-2.180486963939,-8.969017,-10.083018414381
2010-07-15,2010.537634258065,-2.178748694793,-12.450955,-10.077765609334
2010-07-16,2010.540322419355,-2.177010425646,-16.410948,-10.073215819018
2010-07-17,2010.543010580645,-2.175272156500,-8.607025,-10.069348042120
2010-07-18,2010.545698741935,-2.173533887353,4.314691,-10.066113082181
2010-07-19,2010.548386903226,-2.171795618207,2.916367,-10.063435581434
2010-07-20,2010.551075064516,-2.170057349060,2.831542,-10.061217136166
2010-07-21,2010.553763225807,-2.168319079913,2.198918,-10.059340364836
2010-07-22,2010.556451387097,-2.166580810767,1.060262,-10.057673760745
2010-07-23,2010.559139548387,-2.164842541620,3.326962,-10.056077128662
2010-07-25,2010.564515870968,-2.161366003327,2.861764,-10.052524451427
2010-07-26,2010.567204032258,-2.159627734180,-6.317694,-10.050297088893
2010-07-27,2010.569892193548,-2.157889465034,3.028547,-10.047608280146
2010-07-28,2010.572580354839,-2.156151195887,-1.875205,-10.044360088960
2010-07-29,2010.575268516129,-2.154412926741,-13.110370,-10.040477704558
2010-07-30,2010.577956677419,-2.152674657594,-15.400000,-10.035912534373
2010-07-31,2010.580644838710,-2.150936388447,7.484546,-10.030644212911
2010-08-01,2010.583333000000,-2.149198119301,13.426369,-10.024681443683
2010-08-02,2010.586021193549,-2.147460131293,24.200000,-10.018062760036
2010-08-03,2010.588709387097,-2.145722143286,22.159329,-10.010851795002
2010-08-04,2010.591397580645,-2.143984155278,21.019708,-10.003137568111
2010-08-05,2010.594085774194,-2.142246167270,15.288726,-9.995029897557
2010-08-06,2010.596773967742,-2.140508179262,9.526367,-9.986654861664
2010-08-07,2010.599462161290,-2.138770191255,6.375646,-9.978149588348
2010-08-08,2010.602150354839,-2.137032203247,10.509854,-9.969656587947
2010-08-09,2010.604838548387,-2.135294215239,3.655541,-9.961317863584
2010-08-10,2010.607526741936,-2.133556227232,9.046003,-9.953269042505
2010-08-11,2010.610214935484,-2.131818239224,16.536501,-9.945633770919
2010-08-12,2010.612903129032,-2.130080251216,15.064457,-9.938518603976
2010-08-13,2010.615591322581,-2.128342263209,11.620731,-9.932008602092
2010-08-14,2010.618279516129,-2.126604275201,10.513170,-9.926163815595
2010-08-15,2010.620967709677,-2.124866287193,2.078129,-9.921016802978
2010-08-16,2010.623655903226,-2.123128299185,3.431765,-9.916571285337
2010-08-17,2010.626344096774,-2.121390311178,2.367368,-9.912801992585
2010-08-18,2010.629032290323,-2.119652323170,4.277260,-9.909655707801
2010-08-19,2010.631720483871,-2.117914335162,5.828117,-9.907053466572
2010-08-21,2010.637096870968,-2.114438359147,14.528688,-9.903057029379
2010-08-22,2010.639785064516,-2.112700371139,25.353155,-9.901410010682
2010-08-23,2010.642473258064,-2.110962383132,21.019708,-9.899811838665
2010-08-24,2010.645161451613,-2.109224395124,14.181232,-9.898119568952
2010-08-25,2010.647849645161,-2.107486407116,8.316750,-9.896194146009
2010-08-26,2010.650537838710,-2.105748419109,16.734588,-9.893906149993
2010-08-27,2010.653226032258,-2.104010431101,14.173644,-9.891141145376
2010-08-28,2010.655914225806,-2.102272443093,5.842642,-9.887804410308
2010-08-29,2010.658602419355,-2.100534455086,7.655636,-9.883824851249
2010-08-30,2010.661290612903,-2.098796467078,13.913184,-9.879157941108
2010-08-31,2010.663978806451,-2.097058479070,15.361917,-9.873787559441
2010-09-01,2010.666667000000,-2.095320491062,15.864759,-9.867726658677
2010-09-02,2010.669444766667,-2.093524860584,11.990616,-9.860783788165
2010-09-03,2010.672222533333,-2.091729230106,18.370991,-9.853224063381
2010-09-04,2010.675000300000,-2.089933599628,17.931505,-9.845150469095
2010-09-05,2010.677778066667,-2.088137969150,7.884878,-9.836688653910
2010-09-06,2010.680555833333,-2.086342338672,10.260805,-9.827981388622
2010-09-07,2010.683333600000,-2.084546708194,16.500000,-9.819182269424
2010-09-08,2010.686111366667,-2.082751077716,14.668606,-9.810448943652
2010-09-09,2010.688889133333,-2.080955447238,6.453699,-9.801936156877
2010-09-10,2010.691666900000,-2.079159816760,6.142340,-9.793788927959
2010-09-11,2010.694444666667,-2.077364186282,5.627904,-9.786136153101
2010-09-12,2010.697222433333,-2.075568555804,6.657629,-9.779084920980
2010-09-13,2010.700000200000,-2.073772925326,5.447970,-9.772715789675
2010-09-14,2010.702777966667,-2.071977294848,9.312586,-9.767079233719
2010-09-15,2010.705555733333,-2.070181664370,16.372443,-9.762193417954
2010-09-16,2010.708333500000,-2.068386033891,20.237799,-9.758043396385
2010-09-17,2010.711111266667,-2.066590403413,18.106480,-9.754581771361
2010-09-18,2010.713889033333,-2.064794772935,14.536818,-9.751730784014
2010-09-19,2010.716666800000,-2.062999142457,20.360778,-9.749385743757
2010-09-20,2010.719444566667,-2.061203511979,20.513796,-9.747419645582
2010-09-21,2010.722222333333,-2.059407881501,18.500000,-9.745688771524
2010-09-22,2010.725000100000,-2.057612251023,18.324006,-9.744039029232
2010-09-23,2010.727777866667,-2.055816620545,17.555427,-9.742312748100
2010-09-24,2010.730555633333,-2.054020990067,12.780249,-9.740355633209
2010-09-25,2010.733333400000,-2.052225359589,13.417784,-9.738023570394
2010-09-26,2010.736111166667,-2.050429729111,16.870866,-9.735188982285
2010-09-27,2010.738888933333,-2.048634098633,14.400000,-9.731746455020
2010-09-28,2010.741666700000,-2.046838468155,7.583020,-9.727617387438
2010-09-29,2010.744444466667,-2.045042837677,10.771611,-9.722753457729
2010-09-30,2010.747222233333,-2.043247207198,10.578120,-9.717138754629
2010-10-01,2010.750000000000,-2.041451576720,7.417791,-9.710790479176
2010-10-02,2010.752688161290,-2.039714150854,12.687272,-9.703996116888
2010-10-03,2010.755376322581,-2.037976724988,16.437213,-9.696633035312
2010-10-04,2010.758064483871,-2.036239299121,16.249328,-9.688796546733
2010-10-05,2010.760752645161,-2.034501873255,21.019708,-9.680601515656
2010-10-06,2010.763440806452,-2.032764447389,21.346961,-9.672177614776
2010-10-07,2010.766128967742,-2.031027021523,20.779444,-9.663663969359
2010-10-08,2010.768817129032,-2.029289595656,17.216314,-9.655203411215
2010-10-09,2010.771505290323,-2.027552169790,13.765092,-9.646936579593
2010-10-10,2010.774193451613,-2.025814743924,12.552053,-9.638996112631
2010-10-11,2010.776881612903,-2.024077318057,11.257000,-9.631501169250
2010-10-12,2010.779569774194,-2.022339892191,10.210996,-9.624552507771
2010-10-13,2010.782257935484,-2.020602466325,7.422581,-9.618228324483
2010-10-14,2010.784946096774,-2.018865040459,10.721777,-9.612581024052
2010-10-15,2010.787634258065,-2.017127614592,17.342312,-9.607635055156
2010-10-16,2010.790322419355,-2.015390188726,19.810025,-9.603385900724
2010-10-17,2010.793010580645,-2.013652762860,20.511757,-9.599800264495
2010-10-18,2010.795698741935,-2.011915336993,19.794636,-9.596817446194
2010-10-19,2010.798386903226,-2.010177911127,21.468809,-9.594351848516
2010-10-20,2010.801075064516,-2.008440485261,20.863998,-9.592296512387
2010-10-21,2010.803763225807,-2.006703059395,22.514000,-9.590527534491
2010-10-22,2010.806451387097,-2.004965633528,19.563823,-9.588909184604
2010-10-23,2010.809139548387,-2.003228207662,7.618114,-9.587299511409
2010-10-24,2010.811827709677,-2.001490781796,10.572749,-9.585556205226
2010-10-25,2010.814515870968,-1.999753355929,7.033046,-9.583542475568
2010-10-26,2010.817204032258,-1.998015930063,7.321053,-9.581132700722
2010-10-27,2010.819892193548,-1.996278504197,9.949036,-9.578217616074
2010-10-28,2010.822580354839,-1.994541078330,10.090908,-9.574708826844
2010-10-29,2010.825268516129,-1.992803652464,9.353074,-9.570542458893
2010-10-30,2010.827956677419,-1.991066226598,16.000000,-9.565681796791
2010-10-31,2010.830644838710,-1.989328800732,18.321426,-9.560118800206
2010-11-01,2010.833333000000,-1.987591374865,18.118717,-9.553874435972
2010-11-02,2010.836110800000,-1.939612493245,18.711347,-9.415616392590
2010-11-03,2010.838888600000,-1.891633611629,15.701711,-9.270335224696
2010-11-04,2010.841666400000,-1.843654730009,14.847289,-9.120425658379
2010-11-05,2010.844444200000,-1.795675848392,13.788800,-8.970234336315
2010-11-06,2010.847222000000,-1.747696966772,15.939115,-8.824226724924
2010-11-07,2010.849999800000,-1.699718085156,15.658443,-8.685103910528
2010-11-08,2010.852777600000,-1.651739203536,15.461482,-8.552663480615
2010-11-09,2010.855555400000,-1.603760321920,15.406378,-8.423884886561
2010-11-10,2010.858333200000,-1.555781440299,8.965752,-8.294203287815
2010-11-11,2010.861111000000,-1.507802558683,15.756924,-8.159434664561
2010-11-12,2010.863888800000,-1.459823677063,14.843301,-8.017540328095
2010-11-13,2010.866666600000,-1.411844795447,12.801072,-7.869486689223
2010-11-14,2010.869444400000,-1.363865913827,10.758903,-7.718837697499
2010-11-15,2010.872222200000,-1.315887032210,12.907317,-7.570251830613
2010-11-16,2010.875000000000,-1.267908150590,14.722432,-7.427517492582
2010-11-17,2010.877777800000,-1.219929268970,15.418561,-7.291955344805
2010-11-18,2010.880555600000,-1.171950387354,7.727407,-7.161861348647
2010-11-19,2010.883333400000,-1.123971505734,11.028500,-7.033225402999
2010-11-20,2010.886111200000,-1.075992624117,11.253036,-6.901422508810
2010-11-21,2010.888889000000,-1.028013742497,11.990166,-6.763163251927
2010-11-22,2010.891666800000,-0.980034860881,16.005604,-6.617881035110
2010-11-23,2010.894444600000,-0.932055979261,15.205191,-6.467971026808
2010-11-24,2010.897222400000,-0.884077097645,12.303005,-6.317780056092
2010-11-25,2010.900000200000,-0.836098216024,13.946726,-6.171773441209
2010-11-26,2010.902778000000,-0.788119334408,23.438425,-6.032651848230
2010-11-28,2010.908333600000,-0.692161571172,18.352591,-5.771434003787
2010-11-29,2010.911111400000,-0.644182689552,19.923894,-5.641751865713
2010-11-30,2010.913889200000,-0.596203807935,14.345204,-5.506982142948
2010-12-01,2010.916667000000,-0.548224926315,13.324804,-5.365086610480
2010-12-02,2010.919355161290,-0.546495290996,7.250462,-5.361515534372
2010-12-03,2010.922043322581,-0.544765655677,10.942371,-5.357286848104
2010-12-04,2010.924731483871,-0.543036020357,10.958142,-5.352367642369
2010-12-06,2010.930107806452,-0.539576749719,18.216787,-5.340467549809
2010-12-07,2010.932795967742,-0.537847114400,17.931505,-5.333561764497
2010-12-10,2010.940860451613,-0.532658208442,8.660254,-5.309997916129
2010-12-11,2010.943548612903,-0.530928573123,13.247513,-5.301580035518
2010-12-12,2010.946236774193,-0.529198937804,20.789139,-5.293103860782
2010-12-13,2010.948924935484,-0.527469302485,8.403555,-5.284710344162
2010-12-14,2010.951613096774,-0.525739667165,-2.990630,-5.276537054466
2010-12-17,2010.959677580645,-0.520550761208,5.977925,-5.254548029378
2010-12-18,2010.962365741935,-0.518821125889,2.511407,-5.248375811916
2010-12-19,2010.965053903226,-0.517091490569,4.757293,-5.242881088957
2010-12-20,2010.967742064516,-0.515361855250,-0.963111,-5.238082773604
2010-12-21,2010.970430225806,-0.513632219931,6.310525,-5.233971273057
2010-12-22,2010.973118387097,-0.511902584612,6.044903,-5.230508881268
2010-12-23,2010.975806548387,-0.510172949293,6.753618,-5.227631322360
2010-12-25,2010.981182870968,-0.506713678654,0.694593,-5.223257516345
2010-12-26,2010.983871032258,-0.504984043335,7.399971,-5.221528298857
2010-12-27,2010.986559193548,-0.503254408016,11.880888,-5.219927509616
2010-12-28,2010.989247354839,-0.501524772696,14.142136,-5.218314672159
2010-12-29,2010.991935516129,-0.499795137377,19.025397,-5.216549803192
2010-12-30,2010.994623677419,-0.498065502058,16.313540,-5.214499142496
2010-12-31,2010.997311838710,-0.496335866739,17.336618,-5.212040628101
2011-01-01,2011.000000000000,-0.494606231420,20.843254,-5.209068892629
2011-01-02,2011.002688161290,-0.492876875843,14.174403,-5.205500205452
2011-01-03,2011.005376322581,-0.491147520266,17.640087,-5.201274257723
2011-01-04,2011.008064483871,-0.489418164689,14.410992,-5.196358071986
2011-01-05,2011.010752645161,-0.487688809113,6.674504,-5.190746915048
2011-01-06,2011.013440806452,-0.485959453536,11.258330,-5.184464491656
2011-01-07,2011.016128967742,-0.484230097959,12.000000,-5.177561974504
2011-01-08,2011.018817129032,-0.482500742383,9.007509,-5.170115910274
2011-01-09,2011.021505290323,-0.480771386806,19.357668,-5.162225087373
2011-01-11,2011.026881612903,-0.477312675653,21.271847,-5.145590528821
2011-01-12,2011.029569774194,-0.475583320076,15.340657,-5.137115669515
2011-01-13,2011.032257935484,-0.473853964499,14.027848,-5.128722801922
2011-01-15,2011.037634258065,-0.470395253346,10.000000,-5.112724183949
2011-01-16,2011.040322419355,-0.468665897769,13.256568,-5.105361287487
2011-01-17,2011.043010580645,-0.466936542192,14.941113,-5.098556153086
2011-01-18,2011.045698741935,-0.465207186616,9.264611,-5.092381342565
2011-01-19,2011.048386903226,-0.463477831039,13.645907,-5.086883625145
2011-01-20,2011.051075064516,-0.461748475462,6.464386,-5.082082063673
2011-01-21,2011.053763225807,-0.460019119885,5.302266,-5.077967234576
2011-01-22,2011.056451387097,-0.458289764309,1.132091,-5.074501613471
2011-01-23,2011.059139548387,-0.456560408732,4.484405,-5.071621110647
2011-01-24,2011.061827709677,-0.454831053155,13.536568,-5.069237693593
2011-01-25,2011.064515870968,-0.453101697579,11.099336,-5.067242989245
2011-01-26,2011.067204032258,-0.451372342002,4.936345,-5.065512718577
2011-01-27,2011.069892193548,-0.449642986425,0.517638,-5.063911782043
2011-01-28,2011.072580354839,-0.447913630849,5.078743,-5.062299787797
2011-01-29,2011.075268516129,-0.446184275272,7.670699,-5.060536796468
2011-01-30,2011.077956677419,-0.444454919695,5.898542,-5.058489047426
2011-02-01,2011.083333000000,-0.440996208542,6.538048,-5.053067491165
2011-02-02,2011.086309214286,-0.439081874532,4.926222,-5.049084461268
2011-02-03,2011.089285428571,-0.437167540523,0.711958,-5.044291153297
2011-02-04,2011.092261642857,-0.435253206514,4.650231,-5.038648648570
2011-02-05,2011.095237857143,-0.433338872504,8.683242,-5.032160575638
2011-02-06,2011.098214071429,-0.431424538495,6.354720,-5.024872928482
2011-02-07,2011.101190285714,-0.429510204486,9.201357,-5.016871762086
2011-02-08,2011.104166500000,-0.427595870476,8.503532,-5.008278880824
2011-02-09,2011.107142714286,-0.425681536467,10.248527,-4.999245735713
2011-02-10,2011.110118928571,-0.423767202457,13.769463,-4.989945836272
2011-02-12,2011.116071357143,-0.419938534439,16.155467,-4.971297275353
2011-02-13,2011.119047571429,-0.418024200429,13.516009,-4.962324806370
2011-02-14,2011.122023785714,-0.416109866420,12.314697,-4.953819119709
2011-02-15,2011.125000000000,-0.414195532410,15.415516,-4.945927297681
2011-02-16,2011.127976214286,-0.412281198401,9.669046,-4.938765666190
2011-02-17,2011.130952428571,-0.410366864392,16.170639,-4.932413966467
2011-02-18,2011.133928642857,-0.408452530382,15.511468,-4.926911359799
2011-02-19,2011.136904857143,-0.406538196373,13.847106,-4.922254465436
2011-02-20,2011.139881071429,-0.404623862363,10.665511,-4.918397529975
2011-02-21,2011.142857285714,-0.402709528354,9.414824,-4.915254719741
2011-02-22,2011.145833500000,-0.400795194345,6.200000,-4.912704421304
2011-02-23,2011.148809714286,-0.398880860335,12.981236,-4.910595334664
2011-02-24,2011.151785928571,-0.396966526326,7.867211,-4.908754053824
2011-02-25,2011.154762142857,-0.395052192317,7.842064,-4.906993754937
2011-02-26,2011.157738357143,-0.393137858307,9.417163,-4.905123556722
2011-02-27,2011.160714571429,-0.391223524298,8.102290,-4.902958084177
2011-02-28,2011.163690785714,-0.389309190289,10.971409,-4.900326756403
2011-03-01,2011.166667000000,-0.387394856279,15.454666,-4.897082333206
2011-03-02,2011.169355161290,-0.385666060052,17.963850,-4.893527906993
2011-03-03,2011.172043322581,-0.383937263824,12.045496,-4.889317627825
2011-03-04,2011.174731483871,-0.382208467597,10.395118,-4.884417965321
2011-03-05,2011.177419645161,-0.380479671369,14.632932,-4.878823580204
2011-03-06,2011.180107806452,-0.378750875142,12.487717,-4.872557542641
2011-03-07,2011.182795967742,-0.377022078915,16.371599,-4.865670388830
2011-03-08,2011.185484129032,-0.375293282687,18.500000,-4.858238054409
2011-03-09,2011.188172290323,-0.373564486460,13.022756,-4.850358769209
2011-03-10,2011.190860451613,-0.371835690232,11.620731,-4.842149040316
2011-03-11,2011.193548612903,-0.370106894005,11.755097,-4.833738887721
2011-03-12,2011.196236774193,-0.368378097778,4.650254,-4.825266527388
2011-03-13,2011.198924935484,-0.366649301550,12.144524,-4.816872719152
2011-03-14,2011.201613096774,-0.364920505323,10.353969,-4.808695010602
2011-03-15,2011.204301258065,-0.363191709095,9.365303,-4.800862112316
2011-03-16,2011.206989419355,-0.361462912868,17.473194,-4.793488634469
2011-03-17,2011.209677580645,-0.359734116640,14.155131,-4.786670400057
2011-03-18,2011.212365741935,-0.358005320413,5.624392,-4.780480526382
2011-03-19,2011.215053903226,-0.356276524186,8.568163,-4.774966435056
2011-03-20,2011.217742064516,-0.354547727958,9.861173,-4.770147912774
2011-03-21,2011.220430225806,-0.352818931731,9.173793,-4.766016302174
2011-03-22,2011.223118387097,-0.351090135503,6.525416,-4.762534855865
2011-03-23,2011.225806548387,-0.349361339276,6.942106,-4.759640239145
2011-03-24,2011.228494709677,-0.347632543049,5.897895,-4.757245119961
2011-03-25,2011.231182870968,-0.345903746821,11.114494,-4.755241740198
2011-03-26,2011.233871032258,-0.344174950594,9.790928,-4.753506322255
2011-03-27,2011.236559193548,-0.342446154366,7.172602,-4.751904130712
2011-03-28,2011.239247354839,-0.340717358139,1.696466,-4.750294982089
2011-03-29,2011.241935516129,-0.338988561912,-2.536293,-4.748538977406
2011-03-30,2011.244623677419,-0.337259765684,0.663728,-4.746502223098
2011-04-01,2011.250000000000,-0.333802173229,11.800000,-4.741113300988
2011-04-03,2011.255555533333,-0.330229905547,10.618527,-4.733069261697
2011-04-04,2011.258333300000,-0.328443771705,13.454417,-4.727960220791
2011-04-05,2011.261111066667,-0.326657637864,7.761247,-4.722110660916
2011-04-06,2011.263888833333,-0.324871504023,8.371577,-4.715549057502
2011-04-07,2011.266666600000,-0.323085370181,11.147586,-4.708334960039
2011-04-08,2011.269444366667,-0.321299236340,9.134859,-4.700556393300
2011-04-09,2011.272222133333,-0.319513102499,7.727326,-4.692326015878
2011-04-10,2011.274999900000,-0.317726968657,9.422347,-4.683776203690
2011-04-11,2011.277777666667,-0.315940834816,12.453973,-4.675053273003
2011-04-12,2011.280555433333,-0.314154700975,10.300000,-4.666311095091
2011-04-13,2011.283333200000,-0.312368567134,13.050832,-4.657704381191
2011-04-14,2011.286110966667,-0.310582433292,10.809330,-4.649381930797
2011-04-15,2011.288888733333,-0.308796299451,9.949036,-4.641480137953
2011-04-16,2011.291666500000,-0.307010165610,10.776293,-4.634117038924
2011-04-17,2011.294444266667,-0.305224031768,8.965752,-4.627387161010
2011-04-18,2011.297222033333,-0.303437897927,11.897660,-4.621357397317
2011-04-19,2011.299999800000,-0.301651764086,10.055416,-4.616064087489
2011-04-20,2011.302777566667,-0.299865630244,7.263822,-4.611511431828
2011-04-21,2011.305555333333,-0.298079496403,4.009234,-4.607671307988
2011-04-22,2011.308333100000,-0.296293362562,10.140442,-4.604484498250
2011-04-23,2011.311110866667,-0.294507228720,7.437629,-4.601863273829
2011-04-24,2011.313888633333,-0.292721094879,5.440907,-4.599695223411
2011-04-25,2011.316666400000,-0.290934961038,4.697086,-4.597848158864
2011-04-26,2011.319444166667,-0.289148827197,7.936301,-4.596175884017
2011-04-27,2011.322221933333,-0.287362693355,7.920275,-4.594524574755
2011-04-28,2011.324999700000,-0.285576559514,8.730403,-4.592739492014
2011-04-29,2011.327777466667,-0.283790425673,10.241278,-4.590671734692
2011-04-30,2011.330555233333,-0.282004291831,8.437266,-4.588184737799
2011-05-01,2011.333333000000,-0.280218157990,8.932316,-4.585160232243
2011-05-02,2011.336021193549,-0.190542051536,11.364973,-4.295057059494
2011-05-03,2011.338709387097,-0.100865945089,10.281354,-4.048097740503
2011-05-04,2011.341397580645,-0.011189838634,4.084398,-3.803245544870
2011-05-05,2011.344085774194,0.078486267820,5.520168,-3.513273502922
2011-05-06,2011.346773967742,0.168162374267,12.267962,-3.263506279286
2011-05-07,2011.349462161290,0.257838480721,11.945428,-3.021156115579
2011-05-08,2011.352150354839,0.347514587175,11.620731,-2.731645653153
2011-05-09,2011.354838548387,0.437190693622,9.105833,-2.478943543151
2011-05-10,2011.357526741936,0.526866800077,14.761315,-2.238884042025
2011-05-11,2011.360214935484,0.616542906523,13.904666,-1.950160356232
2011-05-13,2011.365591322581,0.795895119432,9.158712,-1.456423499900
2011-05-14,2011.368279516129,0.885571225879,11.397925,-1.168802836274
2011-05-15,2011.370967709677,0.975247332333,12.418207,-0.909984639900
2011-05-16,2011.373655903226,1.064923438788,5.849987,-0.673770809197
2011-05-17,2011.376344096774,1.154599545235,-4.926222,-0.387556863645
2011-05-18,2011.379032290323,1.244275651689,8.704415,-0.125627053068
2011-05-19,2011.381720483871,1.333951758143,10.544062,0.109075523921
2011-05-20,2011.384408677419,1.423627864590,7.700136,0.393595060429
2011-05-21,2011.387096870968,1.513303971045,8.523269,0.658625087062
2011-05-22,2011.389785064516,1.602980077499,7.361216,0.892114790121
2011-05-23,2011.392473258064,1.692656183946,7.803213,1.174671504761
2011-05-24,2011.395161451613,1.782332290400,15.166039,1.442755076584
2011-05-25,2011.397849645161,1.872008396847,12.037753,1.675344084950
2011-05-26,2011.400537838710,1.961684503301,10.914962,1.955691896935
2011-05-27,2011.403226032258,2.051360609756,7.884878,2.226747601363
2011-05-28,2011.405914225806,2.141036716202,1.477212,2.458758341980
2011-05-29,2011.408602419355,2.230712822657,6.942106,2.736676302270
2011-05-30,2011.411290612903,2.320388929111,15.937776,3.010588911268
2011-05-31,2011.413978806451,2.410065035558,14.392295,3.242350390298
2011-06-01,2011.416667000000,2.499741142012,9.788124,3.517645195522
2011-06-02,2011.419444766667,2.497943331236,6.717047,3.515982347104
2011-06-03,2011.422222533333,2.496145520459,9.144186,3.514181715246
2011-06-04,2011.425000300000,2.494347709682,10.148680,3.512091638141
2011-06-05,2011.427778066667,2.492549898906,10.618527,3.509573250656
2011-06-06,2011.430555833333,2.490752088129,6.105808,3.506506623699
2011-06-07,2011.433333600000,2.488954277352,17.869628,3.502796066412
2011-06-08,2011.436111366667,2.487156466575,10.682610,3.498374356755
2011-06-09,2011.438889133333,2.485358655799,8.684553,3.493205713469
2011-06-11,2011.444444666667,2.481763034245,8.666894,3.480649736452
2011-06-13,2011.450000200000,2.478167412692,0.321394,3.465494336497
2011-06-15,2011.455555733333,2.474571791138,5.334261,3.448560326518
2011-06-16,2011.458333500000,2.472773980362,4.628071,3.439773087057
2011-06-17,2011.461111266667,2.470976169585,4.100000,3.430979579648
2011-06-18,2011.463889033333,2.469178358808,9.096169,3.422337304709
2011-06-19,2011.466666800000,2.467380548031,4.278963,3.413997076512
2011-06-20,2011.469444566667,2.465582737255,2.913047,3.406096355536
2011-06-21,2011.472222333333,2.463784926478,9.786087,3.398753171188
2011-06-22,2011.475000100000,2.461987115701,3.515547,3.392060903612
2011-06-23,2011.477777866667,2.460189304924,3.432259,3.386084155250
2011-06-24,2011.480555633333,2.458391494148,7.681948,3.380855894702
2011-06-25,2011.483333400000,2.456593683371,8.428662,3.376375999153
2011-06-26,2011.486111166667,2.454795872594,5.091169,3.372611259803
2011-06-27,2011.488888933333,2.452998061818,6.281564,3.369496850058
2011-06-28,2011.491666700000,2.451200251041,7.618114,3.366939191584
2011-06-29,2011.494444466667,2.449402440264,1.732735,3.364820091501
2011-06-30,2011.497222233333,2.447604629487,3.372124,3.363001967811
2011-07-01,2011.500000000000,2.445806818711,-0.583943,3.361333932040
2011-07-02,2011.502688161290,2.444067283219,3.100000,3.359714515212
2011-07-03,2011.505376322581,2.442327747728,0.931749,3.357945629891
2011-07-04,2011.508064483871,2.440588212236,2.620233,3.355890959218
2011-07-05,2011.510752645161,2.438848676745,2.665836,3.353426018160
2011-07-06,2011.513440806452,2.437109141253,-4.779973,3.350443307324
2011-07-07,2011.516128967742,2.435369605762,-4.322586,3.346856763547
2011-07-08,2011.518817129032,2.433630070270,1.734088,3.342605323009
2011-07-09,2011.521505290323,2.431890534779,-1.477212,3.337655449337
2011-07-10,2011.524193451613,2.430150999287,4.754080,3.332002522052
2011-07-11,2011.526881612903,2.428411463796,6.309189,3.325671027857
2011-07-12,2011.529569774194,2.426671928304,-2.665836,3.318713546864
2011-07-13,2011.532257935484,2.424932392813,-2.049048,3.311208575720
2011-07-14,2011.534946096774,2.423192857321,2.975575,3.303257277757
2011-07-15,2011.537634258065,2.421453321830,0.226605,3.294979294726
2011-07-17,2011.543010580645,2.417974250847,2.926362,3.277983952794
2011-07-18,2011.545698741935,2.416234715356,5.080593,3.269551118264
2011-07-19,2011.548386903226,2.414495179864,7.246486,3.261348867794
2011-07-20,2011.551075064516,2.412755644372,8.075424,3.253507232839
2011-07-22,2011.556451387097,2.409276573390,-6.286860,3.239346520600
2011-07-23,2011.559139548387,2.407537037898,-4.792432,3.233194610935
2011-07-24,2011.561827709677,2.405797502407,5.078743,3.227730731106
2011-07-28,2011.572580354839,2.398839360441,2.120525,3.212655380193
2011-07-29,2011.575268516129,2.397099824949,0.000000,3.210312870059
2011-07-31,2011.580644838710,2.393620753966,-4.129750,3.206633794703
2011-08-01,2011.583333000000,2.391881218475,-4.416730,3.205030445934
2011-08-02,2011.586021193549,2.390141964327,-1.744628,3.203395473122
2011-08-04,2011.591397580645,2.386663456031,2.380057,3.199469924215
2011-08-07,2011.599462161290,2.381445693588,3.735457,3.190144582213
2011-08-08,2011.602150354839,2.379706439440,5.829255,3.185774891677
2011-08-09,2011.604838548387,2.377967185293,-2.804565,3.180704112072
2011-08-10,2011.607526741936,2.376227931145,10.801863,3.174932662312
2011-08-11,2011.610214935484,2.374488676997,6.281564,3.168489960466
2011-08-12,2011.612903129032,2.372749422849,8.739141,3.161433206212
2011-08-13,2011.615591322581,2.371010168701,-2.620233,3.153845013473
2011-08-17,2011.626344096774,2.364053152110,8.428662,3.120504133880
2011-08-18,2011.629032290323,2.362313897963,-9.466073,3.112102384307
2011-08-20,2011.634408677419,2.358835389667,-1.250267,3.096187344138
2011-08-21,2011.637096870968,2.357096135519,2.407017,3.088913842714
2011-08-22,2011.639785064516,2.355356881372,-7.431724,3.082225272700
2011-08-23,2011.642473258064,2.353617627224,-3.269386,3.076189009702
2011-08-24,2011.645161451613,2.351878373076,-1.057570,3.070845431811
2011-08-25,2011.647849645161,2.350139118928,3.522807,3.066206248447
2011-08-26,2011.650537838710,2.348399864781,12.122035,3.062254015728
2011-08-27,2011.653226032258,2.346660610633,7.168506,3.058942858437
2011-08-28,2011.655914225806,2.344921356485,-2.408924,3.056200368690
2011-08-29,2011.658602419355,2.343182102337,3.350000,3.053930602738
2011-08-31,2011.663978806451,2.339703594042,5.570435,3.050332423012
2011-09-01,2011.666667000000,2.337964339894,1.403652,3.048734031354
2011-09-02,2011.669444766667,2.336167401283,-5.270858,3.047022095714
2011-09-03,2011.672222533333,2.334370462671,-4.206848,3.045095015003
2011-09-05,2011.677778066667,2.330776585449,-10.143520,3.040028089027
2011-09-06,2011.680555833333,2.328979646838,-10.605996,3.036650173278
2011-09-07,2011.683333600000,2.327182708227,-0.444494,3.032591486659
2011-09-08,2011.686111366667,2.325385769615,1.947282,3.027800360466
2011-09-09,2011.688889133333,2.323588831004,-3.269386,3.022257476605
2011-09-10,2011.691666900000,2.321791892393,-11.088373,3.015976720846
2011-09-11,2011.694444666667,2.319994953782,-5.611131,3.009004569505
2011-09-12,2011.697222433333,2.318198015171,-5.074340,3.001418036666
2011-09-13,2011.700000200000,2.316401076559,-1.409539,2.993321272603
2011-09-14,2011.702777966667,2.314604137948,-7.316014,2.984840963634
2011-09-15,2011.705555733333,2.312807199337,-10.182338,2.976120736608
2011-09-16,2011.708333500000,2.311010260726,1.402283,2.967314815144
2011-09-17,2011.711111266667,2.309213322114,-0.444626,2.958581207838
2011-09-18,2011.713889033333,2.307416383503,-5.593211,2.950074729297
2011-09-19,2011.716666800000,2.305619444892,-9.809035,2.941940162231
2011-09-21,2011.722222333333,2.302025567670,2.339933,2.927278090618
2011-09-23,2011.727777866667,2.298431690447,-4.011733,2.915329712805
2011-09-24,2011.730555633333,2.296634751836,-9.334970,2.910474978589
2011-09-26,2011.736111166667,2.293040874614,-4.949474,2.902922605525
2011-09-27,2011.738888933333,2.291243936002,-1.500000,2.900096674172
2011-09-28,2011.741666700000,2.289446997391,3.610330,2.897771694121
2011-09-29,2011.744444466667,2.287650058780,-0.269155,2.895819421793
2011-09-30,2011.747222233333,2.285853120169,1.783100,2.894095151742
2011-10-01,2011.750000000000,2.284056181557,-1.075810,2.892444108047
2011-10-02,2011.752688161290,2.282317489961,0.621587,2.890767483710
2011-10-03,2011.755376322581,2.280578798364,-7.020555,2.888871564653
2011-10-04,2011.758064483871,2.278840106767,-4.530116,2.886625521600
2011-10-05,2011.760752645161,2.277101415170,-8.054036,2.883913006778
2011-10-06,2011.763440806452,2.275362723573,-9.898929,2.880636966185
2011-10-07,2011.766128967742,2.273624031976,-0.941282,2.876723653844
2011-10-08,2011.768817129032,2.271885340380,-4.502924,2.872125682020
2011-10-09,2011.771505290323,2.270146648783,0.139572,2.866823981223
2011-10-10,2011.774193451613,2.268407957186,-2.925240,2.860828588944
2011-10-11,2011.776881612903,2.266669265589,-4.582496,2.854178234494
2011-10-12,2011.779569774194,2.264930573992,-7.431724,2.846938737120
2011-10-13,2011.782257935484,2.263191882395,-2.408924,2.839200283645
2011-10-14,2011.784946096774,2.261453190798,-9.956314,2.831073698253
2011-10-15,2011.787634258065,2.259714499202,4.936345,2.822685858676
2011-10-16,2011.790322419355,2.257975807605,-3.146074,2.814174448397
2011-10-17,2011.793010580645,2.256237116008,-9.728158,2.805682261918
2011-10-18,2011.795698741935,2.254498424411,-6.997735,2.797351298620
2011-10-19,2011.798386903226,2.252759732814,-8.983110,2.789316889525
2011-10-20,2011.801075064516,2.251021041217,-11.213160,2.781702099854
2011-10-21,2011.803763225807,2.249282349620,-0.798782,2.774612638924
2011-10-22,2011.806451387097,2.247543658024,-9.039776,2.768132487891
2011-10-23,2011.809139548387,2.245804966427,-15.288390,2.762320426207
2011-10-24,2011.811827709677,2.244066274830,-17.500000,2.757207600434
2011-10-25,2011.814515870968,2.242327583233,-6.512259,2.752796235990
2011-10-26,2011.817204032258,2.240588891636,-17.000000,2.749059545106
2011-10-27,2011.819892193548,2.238850200039,-16.313540,2.745942834794
2011-10-28,2011.822580354839,2.237111508443,-15.546314,2.743365769007
2011-10-29,2011.825268516129,2.235372816846,-13.449809,2.741225691425
2011-10-30,2011.827956677419,2.233634125249,-10.911380,2.739401871432
2011-10-31,2011.830644838710,2.231895433652,-10.220323,2.737760497658
2011-11-01,2011.833333000000,2.230156742055,-15.155445,2.736160212563
2011-11-02,2011.836110800000,2.219131139040,-12.205365,2.718485232723
2011-11-03,2011.838888600000,2.208105536026,-4.306677,2.676357112862
2011-11-04,2011.841666400000,2.197079933012,-10.196469,2.624338314885
2011-11-05,2011.844444200000,2.186054329998,-22.892442,2.591326843563
2011-11-06,2011.847222000000,2.175028726983,-21.764251,2.578671495943
2011-11-07,2011.849999800000,2.164003123969,-15.234419,2.558216915742
2011-11-08,2011.852777600000,2.152977520954,-16.138354,2.513111949640
2011-11-09,2011.855555400000,2.141951917940,-19.019271,2.462233698685
2011-11-10,2011.858333200000,2.130926314925,-20.521611,2.432827059477
2011-11-11,2011.861111000000,2.119900711911,-19.324530,2.421015987594
2011-11-12,2011.863888800000,2.108875108896,-23.229398,2.397421434006
2011-11-13,2011.866666600000,2.097849505882,-22.514000,2.349743320920
2011-11-14,2011.869444400000,2.086823902868,-17.407111,2.300588267053
2011-11-15,2011.872222200000,2.075798299854,-12.013735,2.274703568200
2011-11-16,2011.875000000000,2.064772696839,-18.695096,2.263108481719
2011-11-17,2011.877777800000,2.053747093824,-20.868933,2.236110909472
2011-11-18,2011.880555600000,2.042721490810,-23.832348,2.186343106844
2011-11-19,2011.883333400000,2.031695887795,-19.531881,2.139440487304
2011-11-20,2011.886111200000,2.020670284781,-27.818664,2.116885669703
2011-11-21,2011.888889000000,2.009644681766,-25.401102,2.104871583532
2011-11-22,2011.891666800000,1.998619078752,-20.615520,2.074313428554
2011-11-23,2011.894444600000,1.987593475738,-22.312887,2.023004166596
2011-11-24,2011.897222400000,1.976567872724,-21.600000,1.978813401354
2011-11-25,2011.900000200000,1.965542269709,-19.252992,1.959293191696
2011-11-26,2011.902778000000,1.954516666695,-22.015903,1.946238108210
2011-11-27,2011.905555800000,1.943491063680,-17.386665,1.912072171530
2011-11-29,2011.911111400000,1.921439857651,-19.849776,1.818713911497
2011-11-30,2011.913889200000,1.910414254637,-19.415109,1.801838974676
2011-12-01,2011.916667000000,1.899388651622,-22.600000,1.787153163374
2011-12-02,2011.919355161290,1.897651966935,-18.324006,1.783009004675
2011-12-03,2011.922043322581,1.895915282247,-25.309559,1.778171836640
2011-12-05,2011.927419645161,1.892441912872,-22.749059,1.766411782064
2011-12-06,2011.930107806452,1.890705228185,-20.863998,1.759557136695
2011-12-07,2011.932795967742,1.888968543497,-23.609814,1.752143148296
2011-12-08,2011.935484129032,1.887231858810,-19.850725,1.744267237844
2011-12-09,2011.938172290323,1.885495174122,-20.023513,1.736045887975
2011-12-10,2011.940860451613,1.883758489435,-23.479184,1.727609836220
2011-12-11,2011.943548612903,1.882021804747,-22.514000,1.719098679990
2011-12-12,2011.946236774193,1.880285120060,-19.898072,1.710655115954
2011-12-13,2011.948924935484,1.878548435372,-21.706900,1.702419051525
2011-12-14,2011.951613096774,1.876811750685,-27.196115,1.694521831443
2011-12-15,2011.954301258065,1.875075065997,-28.690407,1.687080817707
2011-12-16,2011.956989419355,1.873338381310,-29.686602,1.680194546523
2011-12-17,2011.959677580645,1.871601696622,-27.831232,1.673938662103
2011-12-18,2011.962365741935,1.869865011935,-28.800000,1.668362795143
2011-12-20,2011.967742064516,1.866391642560,-26.200000,1.659308438416
2011-12-21,2011.970430225806,1.864654957872,-28.854867,1.655786536579
2011-12-22,2011.973118387097,1.862918273185,-25.801963,1.652859619504
2011-12-25,2011.981182870968,1.857708219122,-24.200000,1.646671178487
2011-12-26,2011.983871032258,1.855971534435,-22.892442,1.645060559755
2011-12-28,2011.989247354839,1.852498165060,-25.104106,1.641682409973
2011-12-29,2011.991935516129,1.850761480372,-24.341331,1.639637232679
2011-12-31,2011.997311838710,1.847288110997,-22.106691,1.634219154489
2012-01-02,2012.002688161290,1.843815022505,-21.829924,1.626425543482
2012-01-03,2012.005376322581,1.842078618700,-27.335701,1.621502859317
2012-01-04,2012.008064483871,1.840342214895,-29.188505,1.615879384823
2012-01-05,2012.010752645161,1.838605811090,-24.606009,1.609578679814
2012-01-06,2012.013440806452,1.836869407285,-27.784983,1.602652241673
2012-01-07,2012.016128967742,1.835133003480,-28.690407,1.595177380940
2012-01-08,2012.018817129032,1.833396599675,-30.284319,1.587254032052
2012-01-09,2012.021505290323,1.831660195870,-24.200000,1.579000630777
2012-01-10,2012.024193451613,1.829923792066,-23.609814,1.570549228426
2012-01-11,2012.026881612903,1.828187388261,-27.870059,1.562040044382
2012-01-12,2012.029569774194,1.826450984456,-27.870059,1.553615681675
2012-01-13,2012.032257935484,1.824714580651,-27.800000,1.545415244232
2012-01-14,2012.034946096774,1.822978176846,-27.694213,1.537568598463
2012-01-15,2012.037634258065,1.821241773041,-22.962376,1.530191015928
2012-01-16,2012.040322419355,1.819505369236,-25.801963,1.523378418080
2012-01-17,2012.043010580645,1.817768965431,-27.694213,1.517203419243
2012-01-18,2012.045698741935,1.816032561627,-24.341331,1.511712331083
2012-01-20,2012.051075064516,1.812559754017,-18.927699,1.502825321151
2012-01-22,2012.056451387097,1.809086946407,-26.698018,1.496518523982
2012-01-23,2012.059139548387,1.807350542602,-21.764251,1.494152982982
2012-01-24,2012.061827709677,1.805614138797,-24.606009,1.492171703600
2012-01-25,2012.064515870968,1.803877734992,-17.336618,1.490447995389
2012-01-26,2012.067204032258,1.802141331188,-15.860386,1.488844542404
2012-01-28,2012.072580354839,1.798668523578,-18.927699,1.485430203388
2012-01-29,2012.075268516129,1.796932119773,-16.437213,1.483343320935
2012-01-30,2012.077956677419,1.795195715968,-18.567628,1.480836086455
2012-01-31,2012.080644838710,1.793459312163,-21.346961,1.477803506553
2012-02-01,2012.083333000000,1.791722908358,-17.854160,1.474162259731
2012-02-04,2012.091953758621,1.786155341600,-15.937776,1.457880656104
2012-02-05,2012.094827344828,1.784299486014,-22.015903,1.450899084597
2012-02-06,2012.097700931035,1.782443630428,-21.346961,1.443234448887
2012-02-07,2012.100574517242,1.780587774841,-22.600000,1.434993417765
2012-02-08,2012.103448103448,1.778731919255,-16.735633,1.426309808540
2012-02-09,2012.106321689655,1.776876063669,-18.927699,1.417338284169
2012-02-10,2012.109195275862,1.775020208083,-19.500000,1.408247068561
2012-02-11,2012.112068862069,1.773164352497,-19.425797,1.399210023140
2012-02-12,2012.114942448276,1.771308496911,-25.307257,1.390398457890
2012-02-13,2012.117816034483,1.769452641325,-28.362463,1.381973062563
2012-02-14,2012.120689620690,1.767596785739,-21.271847,1.374076338112
2012-02-16,2012.126436793103,1.763885074566,-24.107912,1.360308863299
2012-02-17,2012.129310379310,1.762029218980,-18.500000,1.354577889112
2012-02-20,2012.137931137931,1.756461652222,-25.200000,1.342069430001
2012-02-23,2012.146551896552,1.750894085463,-21.025646,1.335034937754
2012-02-24,2012.149425482758,1.749038229877,-21.271847,1.333294120043
2012-02-25,2012.152299068965,1.747182374291,-25.104106,1.331577042364
2012-02-28,2012.160919827586,1.741614807533,-20.023513,1.324876706085
2012-02-29,2012.163793413793,1.739758951947,-23.012098,1.321628956565
2012-03-01,2012.166667000000,1.737903096360,-21.019708,1.317682685068
2012-03-02,2012.169355161290,1.736167254185,-20.521611,1.313298239054
2012-03-03,2012.172043322581,1.734431412009,-17.124664,1.308214994583
2012-03-04,2012.174731483871,1.732695569833,-21.019708,1.302434292090
2012-03-05,2012.177419645161,1.730959727657,-22.304817,1.295986225471
2012-03-06,2012.180107806452,1.729223885481,-22.678328,1.288928401423
2012-03-07,2012.182795967742,1.727488043305,-24.700000,1.281343564554
2012-03-09,2012.188172290323,1.724016358953,-22.514000,1.265028157191
2012-03-12,2012.196236774193,1.718808832426,-16.914467,1.239671497676
2012-03-13,2012.198924935484,1.717072990250,-21.271847,1.231543171833
2012-03-15,2012.204301258065,1.713601305898,-22.749059,1.216541289473
2012-03-16,2012.206989419355,1.711865463722,-20.935834,1.209869758133
2012-03-17,2012.209677580645,1.710129621546,-19.000000,1.203848273780
2012-03-18,2012.212365741935,1.708393779371,-25.801963,1.198516856801
2012-03-20,2012.217742064516,1.704922095019,-21.812898,1.189941585595
2012-03-21,2012.220430225806,1.703186252843,-22.270715,1.186634812574
2012-03-22,2012.223118387097,1.701450410667,-18.137243,1.183894863230
2012-03-23,2012.225806548387,1.699714568491,-23.225534,1.181626473131
2012-03-24,2012.228494709677,1.697978726315,-20.381035,1.179714937308
2012-03-25,2012.231182870968,1.696242884139,-26.123455,1.178030839088
2012-03-26,2012.233871032258,1.694507041963,-22.514000,1.176435385440
2012-03-27,2012.236559193548,1.692771199788,-24.900151,1.174786128863
2012-03-28,2012.239247354839,1.691035357612,-22.307000,1.172942839940
2012-03-29,2012.241935516129,1.689299515436,-23.339944,1.170773288448
2012-03-31,2012.247311838710,1.685827831084,-22.514000,1.164998626311
2012-04-01,2012.250000000000,1.684091988908,-25.307257,1.161215138743
2012-04-02,2012.252777766667,1.682298575431,-26.150151,1.156596155508
2012-04-03,2012.255555533333,1.680505161954,-24.600151,1.151229750881
2012-04-04,2012.258333300000,1.678711748477,-21.517805,1.145122443320
2012-04-05,2012.261111066667,1.676918334999,-23.356049,1.138313347910
2012-04-08,2012.269444366667,1.671538094568,-21.100000,1.114509922640
2012-04-09,2012.272222133333,1.669744681091,-25.602204,1.105849003452
2012-04-10,2012.274999900000,1.667951267614,-26.100301,1.097066258978
2012-04-11,2012.277777666667,1.666157854137,-23.970130,1.088318512334
2012-04-12,2012.280555433333,1.664364440659,-24.754501,1.079761046878
2012-04-13,2012.283333200000,1.662571027182,-25.602204,1.071540774390
2012-04-15,2012.288888733333,1.658984200228,-25.309559,1.056619469224
2012-04-16,2012.291666500000,1.657190786751,-25.602204,1.050115749755
2012-04-17,2012.294444266667,1.655397373274,-24.324751,1.044335168716
2012-04-18,2012.297222033333,1.653603959796,-24.606009,1.039302466593
2012-04-19,2012.299999800000,1.651810546319,-27.849082,1.035009480330
2012-04-20,2012.302777566667,1.650017132842,-29.938156,1.031415502468
2012-04-21,2012.305555333333,1.648223719365,-27.288610,1.028449072103
2012-04-22,2012.308333100000,1.646430305888,-31.778611,1.026011118868
2012-04-23,2012.311110866667,1.644636892411,-27.335701,1.023979321611
2012-04-24,2012.313888633333,1.642843478933,-24.324751,1.022213490020
2012-04-25,2012.316666400000,1.641050065456,-23.858368,1.020561732405
2012-04-26,2012.319444166667,1.639256651979,-29.300000,1.018867138298
2012-04-27,2012.322221933333,1.637463238502,-26.593301,1.016974681857
2012-04-28,2012.324999700000,1.635669825025,-26.545433,1.014738042357
2012-04-29,2012.327777466667,1.633876411548,-24.619947,1.012026041684
2012-04-30,2012.330555233333,1.632082998070,-26.698018,1.008728415630
2012-05-01,2012.333333000000,1.630289584593,-30.922963,1.004760665051
2012-05-02,2012.336021193549,1.540306450348,-29.347271,0.715428610072
2012-05-03,2012.338709387097,1.450323316111,-27.196115,0.457788790338
2012-05-05,2012.344085774194,1.270357047621,-28.300000,-0.067020397209
2012-05-06,2012.346773967742,1.180373913384,-29.300000,-0.330837695247
2012-05-07,2012.349462161290,1.090390779139,-29.847108,-0.565891206770
2012-05-08,2012.352150354839,1.000407644894,-31.599836,-0.849101624236
2012-05-09,2012.354838548387,0.910424510657,-34.468271,-1.119004797722
2012-05-11,2012.360214935484,0.730458242175,-25.801963,-1.630970322802
2012-05-13,2012.365591322581,0.550491973685,-26.698018,-2.139584214408
2012-05-14,2012.368279516129,0.460508839448,-28.081232,-2.412791498564
2012-05-15,2012.370967709677,0.370525705203,-28.800000,-2.693491408638
2012-05-16,2012.373655903226,0.280542570958,-32.400000,-2.927434049089
2012-05-17,2012.376344096774,0.190559436721,-29.938156,-3.194732338189
2012-05-18,2012.379032290323,0.100576302476,-26.852738,-3.479647600542
2012-05-19,2012.381720483871,0.010593168231,-28.690407,-3.715816602981
2012-05-20,2012.384408677419,-0.079389966006,-32.276708,-3.976954536458
2012-05-21,2012.387096870968,-0.169373100251,-34.684359,-4.265025271561
2012-05-22,2012.389785064516,-0.259356234496,-32.684136,-4.504597932786
2012-05-23,2012.392473258064,-0.349339368733,-26.800000,-4.759606875388
2012-05-24,2012.395161451613,-0.439322502978,-29.938156,-5.049628385447
2012-05-25,2012.397849645161,-0.529305637215,-29.600000,-5.293625793620
2012-05-26,2012.400537838710,-0.619288771460,-33.400000,-5.542818395988
2012-05-27,2012.403226032258,-0.709271905705,-31.150000,-5.833496453719
2012-05-28,2012.405914225806,-0.799255039942,-31.400000,-6.082736626336
2012-05-29,2012.408602419355,-0.889238174187,-34.866814,-6.326692476001
2012-05-30,2012.411290612903,-0.979221308432,-33.272903,-6.616702722317
2012-05-31,2012.413978806451,-1.069204442669,-31.043301,-6.871763063741
2012-06-01,2012.416667000000,-1.159187576914,-31.031465,-7.111302085462
2012-06-02,2012.419444766667,-1.157396993284,-30.782416,-7.106918949369
2012-06-03,2012.422222533333,-1.155606409653,-30.782416,-7.103239909434
2012-06-04,2012.425000300000,-1.153815826023,-29.315035,-7.100197821003
2012-06-05,2012.427778066667,-1.152025242392,-26.100301,-7.097697604264
2012-06-06,2012.430555833333,-1.150234658761,-23.012098,-7.095620414217
2012-06-07,2012.433333600000,-1.148444075131,-30.922963,-7.093828852931
2012-06-08,2012.436111366667,-1.146653491500,-28.854867,-7.092172995485
2012-06-09,2012.438889133333,-1.144862907869,-35.945483,-7.090496965314
2012-06-10,2012.441666900000,-1.143072324239,-36.659965,-7.088645770582
2012-06-11,2012.444444666667,-1.141281740608,-35.000000,-7.086472101746
2012-06-12,2012.447222433333,-1.139491156978,-32.276708,-7.083842792203
2012-06-13,2012.450000200000,-1.137700573347,-34.500000,-7.080644658652
2012-06-14,2012.452777966667,-1.135909989716,-32.587403,-7.076789465045
2012-06-15,2012.455555733333,-1.134119406086,-35.000000,-7.072217792403
2012-06-16,2012.458333500000,-1.132328822455,-30.782416,-7.066901644795
2012-06-17,2012.461111266667,-1.130538238825,-28.192310,-7.060845677166
2012-06-18,2012.463889033333,-1.128747655194,-26.852738,-7.054086991186
2012-06-19,2012.466666800000,-1.126957071563,-24.932418,-7.046693508061
2012-06-20,2012.469444566667,-1.125166487933,-26.200000,-7.038760989670
2012-06-21,2012.472222333333,-1.123375904302,-28.300000,-7.030408838678
2012-06-22,2012.475000100000,-1.121585320672,-34.567956,-7.021774861829
2012-06-23,2012.477777866667,-1.119794737041,-33.680425,-7.013009226069
2012-06-24,2012.480555633333,-1.118004153410,-38.951213,-7.004267872585
2012-06-25,2012.483333400000,-1.116213569780,-37.771611,-6.995705677604
2012-06-26,2012.486111166667,-1.114422986149,-37.226558,-6.987469659892
2012-06-27,2012.488888933333,-1.112632402519,-36.181505,-6.979692532866
2012-06-28,2012.491666700000,-1.110841818888,-35.184359,-6.972486884100
2012-06-29,2012.494444466667,-1.109051235257,-32.900000,-6.965940237512
2012-06-30,2012.497222233333,-1.107260651627,-32.824615,-6.960111214769
2012-07-01,2012.500000000000,-1.105470067996,-32.400175,-6.955026964286
2012-07-02,2012.502688161290,-1.103737525386,-27.694213,-6.950811524739
2012-07-03,2012.505376322581,-1.102004982776,-31.778611,-6.947254444229
2012-07-04,2012.508064483871,-1.100272440165,-25.801963,-6.944294772807
2012-07-05,2012.510752645161,-1.098539897555,-31.839305,-6.941847024913
2012-07-06,2012.513440806452,-1.096807354945,-34.960675,-6.939804690267
2012-07-07,2012.516128967742,-1.095074812334,-29.487363,-6.938044608254
2012-07-08,2012.518817129032,-1.093342269724,-30.357439,-6.936432026133
2012-07-09,2012.521505290323,-1.091609727114,-34.922285,-6.934826133337
2012-07-10,2012.524193451613,-1.089877184503,-39.600000,-6.933085844567
2012-07-11,2012.526881612903,-1.088144641893,-35.364912,-6.931075594173
2012-07-12,2012.529569774194,-1.086412099283,-32.774806,-6.928670903839
2012-07-13,2012.532257935484,-1.084679556673,-32.892579,-6.925763494909
2012-07-14,2012.534946096774,-1.082947014062,-29.347271,-6.922265735401
2012-07-15,2012.537634258065,-1.081214471452,-35.115863,-6.918114239051
2012-07-16,2012.540322419355,-1.079481928842,-35.863009,-6.913272468590
2012-07-17,2012.543010580645,-1.077749386232,-38.998387,-6.907732236333
2012-07-18,2012.545698741935,-1.076016843621,-32.900000,-6.901514040446
2012-07-19,2012.548386903226,-1.074284301011,-32.892579,-6.894666223085
2012-07-21,2012.553763225807,-1.070819215790,-35.500000,-6.879401338022
2012-07-22,2012.556451387097,-1.069086673180,-35.453079,-6.871197120956
2012-07-23,2012.559139548387,-1.067354130570,-30.533367,-6.862780241901
2012-07-24,2012.561827709677,-1.065621587960,-33.400000,-6.854289343011
2012-07-25,2012.564515870968,-1.063889045349,-40.445505,-6.845866106436
2012-07-26,2012.567204032258,-1.062156502739,-34.357298,-6.837649435434
2012-07-27,2012.569892193548,-1.060423960129,-31.594252,-6.829769749607
2012-07-28,2012.572580354839,-1.058691417518,-33.975867,-6.822343628562
2012-07-29,2012.575268516129,-1.056958874908,-31.857994,-6.815469023986
2012-07-30,2012.577956677419,-1.055226332298,-28.192310,-6.809221236763
2012-07-31,2012.580644838710,-1.053493789687,-31.907771,-6.803649824368
2012-08-01,2012.583333000000,-1.051761247077,-34.500000,-6.798776565535
2012-08-02,2012.586021193549,-1.050028984680,-37.028772,-6.794595187819
2012-08-03,2012.588709387097,-1.048296722282,-37.456921,-6.791069581211
2012-08-05,2012.594085774194,-1.044832197487,-35.364912,-6.785712554557
2012-08-06,2012.596773967742,-1.043099935089,-37.456921,-6.783687198547
2012-08-07,2012.599462161290,-1.041367672692,-30.782416,-6.781937704102
2012-08-08,2012.602150354839,-1.039635410294,-34.435310,-6.780328960701
2012-08-09,2012.604838548387,-1.037903147897,-31.900000,-6.778720079034
2012-08-10,2012.607526741936,-1.036170885499,-37.456921,-6.776970175466
2012-08-11,2012.610214935484,-1.034438623102,-38.100000,-6.774944156273
2012-08-12,2012.612903129032,-1.032706360704,-32.900000,-6.772518264151
2012-08-13,2012.615591322581,-1.030974098306,-35.436451,-6.769585159300
2012-08-14,2012.618279516129,-1.029241835909,-35.432456,-6.766058326451
2012-08-15,2012.620967709677,-1.027509573511,-33.380961,-6.761875626905
2012-08-16,2012.623655903226,-1.025777311114,-29.300000,-6.757001849747
2012-08-17,2012.626344096774,-1.024045048716,-33.023854,-6.751430157500
2012-08-18,2012.629032290323,-1.022312786319,-29.800000,-6.745182366842
2012-08-19,2012.631720483871,-1.020580523921,-36.537934,-6.738308052889
2012-08-20,2012.634408677419,-1.018848261523,-34.368717,-6.730882513797
2012-08-21,2012.637096870968,-1.017115999126,-37.456921,-6.723003679261
2012-08-22,2012.639785064516,-1.015383736728,-33.086451,-6.714788089834
2012-08-23,2012.642473258064,-1.013651474331,-38.702164,-6.706366112149
2012-08-25,2012.647849645161,-1.010186949536,-33.465280,-6.689461126399
2012-08-26,2012.650537838710,-1.008454687138,-33.385310,-6.681258304591
2012-08-27,2012.653226032258,-1.006722424740,-34.116789,-6.673397963489
2012-08-28,2012.655914225806,-1.004990162343,-33.870620,-6.665995884367
2012-08-29,2012.658602419355,-1.003257899945,-36.725606,-6.659149033727
2012-08-30,2012.661290612903,-1.001525637548,-34.866814,-6.652931582169
2012-08-31,2012.663978806451,-0.999793375150,-35.500000,-6.647391859183
2012-09-01,2012.666667000000,-0.998061112753,-32.400175,-6.642550368893
2012-09-02,2012.669444766667,-0.996271397781,-28.745066,-6.638272738218
2012-09-03,2012.672222533333,-0.994481682810,-34.626843,-6.634690797951
2012-09-04,2012.675000300000,-0.992691967839,-37.955018,-6.631733324635
2012-09-05,2012.677778066667,-0.990902252868,-37.955018,-6.629301733661
2012-09-06,2012.680555833333,-0.989112537897,-37.600000,-6.627274398782
2012-09-07,2012.683333600000,-0.987322822926,-37.028772,-6.625511981184
2012-09-08,2012.686111366667,-0.985533107954,-29.396511,-6.623863534650
2012-09-09,2012.688889133333,-0.983743392983,-30.284319,-6.622173119297
2012-09-10,2012.691666900000,-0.981953678012,-29.794252,-6.620286634115
2012-09-11,2012.694444666667,-0.980163963041,-30.900000,-6.618058568931
2012-09-12,2012.697222433333,-0.978374248070,-34.000000,-6.615358379974
2012-09-13,2012.700000200000,-0.976584533098,-37.000000,-6.612076209670
2012-09-14,2012.702777966667,-0.974794818127,-39.449310,-6.608127700076
2012-09-15,2012.705555733333,-0.973005103156,-37.600000,-6.603457689045
2012-09-16,2012.708333500000,-0.971215388185,-34.136451,-6.598042627161
2012-09-17,2012.711111266667,-0.969425673214,-30.400000,-6.591891609564
2012-09-18,2012.713889033333,-0.967635958243,-35.364912,-6.585045977444
2012-09-19,2012.716666800000,-0.965846243271,-34.234136,-6.577577506670
2012-09-20,2012.719444566667,-0.964056528300,-31.043389,-6.569585262913
2012-09-21,2012.722222333333,-0.962266813329,-29.188505,-6.561191261064
2012-09-22,2012.725000100000,-0.960477098358,-38.013579,-6.552535119130
2012-09-23,2012.727777866667,-0.958687383387,-37.472752,-6.543767940836
2012-09-24,2012.730555633333,-0.956897668416,-34.000000,-6.535045694989
2012-09-25,2012.733333400000,-0.955107953444,-28.690407,-6.526522381674
2012-09-26,2012.736111166667,-0.953318238473,-34.298781,-6.518343284702
2012-09-27,2012.738888933333,-0.951528523502,-37.740943,-6.510638605979
2012-09-28,2012.741666700000,-0.949738808531,-29.311435,-6.503517760675
2012-09-29,2012.744444466667,-0.947949093560,-24.903956,-6.497064583181
2012-09-30,2012.747222233333,-0.946159378588,-27.694213,-6.491333653883
2012-10-01,2012.750000000000,-0.944369663617,-41.387040,-6.486347907719
2012-10-02,2012.752688161290,-0.942637961509,-38.850000,-6.482224214689
2012-10-03,2012.755376322581,-0.940906259401,-35.364912,-6.478751701062
2012-10-04,2012.758064483871,-0.939174557293,-32.774806,-6.475866106345
2012-10-05,2012.760752645161,-0.937442855185,-33.272903,-6.473479088568
2012-10-06,2012.763440806452,-0.935711153077,-34.368717,-6.471481848978
2012-10-07,2012.766128967742,-0.933979450969,-34.382456,-6.469749596097
2012-10-08,2012.768817129032,-0.932247748861,-33.680425,-6.468146665951
2012-10-09,2012.771505290323,-0.930516046753,-28.362463,-6.466532088413
2012-10-10,2012.774193451613,-0.928784344645,-33.400000,-6.464765371251
2012-10-11,2012.776881612903,-0.927052642536,-33.950088,-6.462712264572
2012-10-13,2012.782257935484,-0.923589238320,-37.600000,-6.457273662571
2012-10-14,2012.784946096774,-0.921857536212,-31.031465,-6.453697837131
2012-10-15,2012.787634258065,-0.920125834104,-30.782416,-6.449462771248
2012-10-16,2012.790322419355,-0.918394131996,-30.592159,-6.444535492204
2012-10-17,2012.793010580645,-0.916662429888,-33.975867,-6.438911429016
2012-10-18,2012.795698741935,-0.914930727780,-34.119668,-6.432614599989
2012-10-19,2012.798386903226,-0.913199025672,-32.774806,-6.425696627236
2012-10-20,2012.801075064516,-0.911467323564,-35.000000,-6.418234618601
2012-10-22,2012.806451387097,-0.908003919348,-34.069859,-6.402094455310
2012-10-23,2012.809139548387,-0.906272217239,-28.690407,-6.393665059171
2012-10-24,2012.811827709677,-0.904540515131,-35.000000,-6.385178937545
2012-10-25,2012.814515870968,-0.902808813023,-38.600000,-6.376777539950
2012-10-26,2012.817204032258,-0.901077110915,-31.661482,-6.368598839650
2012-10-28,2012.822580354839,-0.897613706699,-30.289480,-6.353410451086
2012-10-29,2012.825268516129,-0.895882004591,-36.000000,-6.346610469706
2012-10-30,2012.827956677419,-0.894150302483,-30.483558,-6.340443995044
2012-10-31,2012.830644838710,-0.892418600375,-28.690407,-6.334957300731
2012-11-01,2012.833333000000,-0.890686898267,-32.276708,-6.330168768778
2012-11-02,2012.836110800000,-0.923890530223,-37.158062,-6.457832528314
2012-11-03,2012.838888600000,-0.957094162176,-36.361106,-6.535996326932
2012-11-04,2012.841666400000,-0.990297794132,-41.700000,-6.628578448759
2012-11-05,2012.844444200000,-1.023501426086,-36.859204,-6.749540456050
2012-11-06,2012.847222000000,-1.056705058042,-34.136451,-6.814513056343
2012-11-07,2012.849999800000,-1.089908689995,-26.392848,-6.933119503496
2012-11-08,2012.852777600000,-1.123112321952,-30.540257,-7.029152068702
2012-11-09,2012.855555400000,-1.156315953905,-32.830961,-7.104617190328
2012-11-11,2012.861111000000,-1.222723217815,-37.777509,-7.304320157265
2012-11-12,2012.863888800000,-1.255926849771,-35.863009,-7.406107242074
2012-11-14,2012.869444400000,-1.322334113680,-41.066483,-7.586023755496
2012-11-15,2012.872222200000,-1.355537745634,-36.859204,-7.710258686414
2012-11-16,2012.875000000000,-1.388741377590,-33.117748,-7.797208385577
2012-11-17,2012.877777800000,-1.421945009546,-32.841478,-7.880349678455
2012-11-18,2012.880555600000,-1.455148641500,-36.430553,-8.006354787152
2012-11-19,2012.883333400000,-1.488352273456,-35.000000,-8.073381041017
2012-11-20,2012.886111200000,-1.521555905409,-30.922963,-8.183936178544
2012-11-21,2012.888889000000,-1.554759537365,-28.300000,-8.289708713077
2012-11-22,2012.891666800000,-1.587963169319,-25.748477,-8.358957959157
2012-11-23,2012.894444600000,-1.621166801275,-35.000000,-8.486489414025
2012-11-24,2012.897222400000,-1.654370433229,-36.500000,-8.565171910567
2012-11-25,2012.900000200000,-1.687574065185,-32.892579,-8.657126544183
2012-11-26,2012.902778000000,-1.720777697138,-32.950000,-8.778489003313
2012-11-27,2012.905555800000,-1.753981329094,-31.778611,-8.843502506753
2012-11-28,2012.908333600000,-1.787184961048,-31.400000,-8.961648586809
2012-11-29,2012.911111400000,-1.820388593004,-31.153886,-9.058314598282
2012-11-30,2012.913889200000,-1.853592224957,-30.234509,-9.133312209833
2012-12-01,2012.916667000000,-1.886795856913,-39.528400,-9.261529935926
2012-12-02,2012.919355161290,-1.885059237926,-33.975867,-9.257169185222
2012-12-04,2012.924731483871,-1.881585999950,-20.222752,-9.246351213785
2012-12-05,2012.927419645161,-1.879849380963,-34.368717,-9.239923371814
2012-12-06,2012.930107806452,-1.878112761975,-15.821166,-9.232882723747
2012-12-07,2012.932795967742,-1.876376142987,-15.839496,-9.225311286015
2012-12-08,2012.935484129032,-1.874639524000,-23.514314,-9.217312976945
2012-12-09,2012.938172290323,-1.872902905012,-24.201529,-9.209009328798
2012-12-10,2012.940860451613,-1.871166286024,-14.400000,-9.200534472996
2012-12-11,2012.943548612903,-1.869429667037,-32.774806,-9.192029605479
2012-12-12,2012.946236774193,-1.867693048049,-24.289049,-9.183637160554
2012-12-14,2012.951613096774,-1.864219810074,-26.698018,-9.167730395495
2012-12-15,2012.954301258065,-1.862483191086,-19.794636,-9.160455432286
2012-12-16,2012.956989419355,-1.860746572098,9.762708,-9.153761728968
2012-12-17,2012.959677580645,-1.859009953111,1.732735,-9.147716986040
2012-12-18,2012.962365741935,-1.857273334123,-10.260805,-9.142362126041
2012-12-20,2012.967742064516,-1.853800096148,-14.181232,-9.133742898315
2012-12-21,2012.970430225806,-1.852063477160,-13.582254,-9.130417182902
2012-12-22,2012.973118387097,-1.850326858172,-8.075424,-9.127661186427
2012-12-23,2012.975806548387,-1.848590239185,-14.181232,-9.125380128355
2012-12-24,2012.978494709677,-1.846853620197,-15.658443,-9.123459630834
2012-12-25,2012.981182870968,-1.845117001209,-20.600000,-9.121770438257
2012-12-26,2012.983871032258,-1.843380382222,1.060262,-9.120173750712
2012-12-27,2012.986559193548,-1.841643763234,-4.669167,-9.118526951265
2012-12-28,2012.989247354839,-1.839907144246,6.664587,-9.116689490742
2012-12-29,2012.991935516129,-1.838170525259,-1.720219,-9.114528687191
2012-12-30,2012.994623677419,-1.836433906271,-0.633927,-9.111925200716
2012-12-31,2012.997311838710,-1.834697287283,-1.818653,-9.108777957783
2013-01-02,2013.002688161290,-1.831224330180,-7.884878,-9.100564113162
2013-01-03,2013.005376322581,-1.829487992064,-5.100000,-9.095419696013
2013-01-04,2013.008064483871,-1.827751653949,4.530116,-9.089578875378
2013-01-06,2013.013440806452,-1.824278977717,-3.600000,-9.075965533506
2013-01-07,2013.016128967742,-1.822542639602,-7.534421,-9.068337756774
2013-01-08,2013.018817129032,-1.820806301486,-11.128328,-9.060297094920
2013-01-09,2013.021505290323,-1.819069963370,-10.914962,-9.051966821775
2013-01-10,2013.024193451613,-1.817333625255,-4.416539,-9.043482157508
2013-01-11,2013.026881612903,-1.815597287139,-6.674504,-9.034984690852
2013-01-12,2013.029569774194,-1.813860949024,-2.192031,-9.026616538634
2013-01-13,2013.032257935484,-1.812124610908,-15.860386,-9.018514483518
2013-01-14,2013.034946096774,-1.810388272792,-23.858368,-9.010804331778
2013-01-15,2013.037634258065,-1.808651934676,-5.650000,-9.003595723851
2013-01-16,2013.040322419355,-1.806915596561,-5.285852,-8.996977611712
2013-01-17,2013.043010580645,-1.805179258445,2.633555,-8.991014589647
2013-01-18,2013.045698741935,-1.803442920330,13.688828,-8.985744229765
2013-01-19,2013.048386903226,-1.801706582214,11.558219,-8.981175532171
2013-01-20,2013.051075064516,-1.799970244098,9.264611,-8.977288553706
2013-01-21,2013.053763225807,-1.798233905983,-6.942106,-8.974035230605
2013-01-22,2013.056451387097,-1.796497567867,-9.262838,-8.971341361095
2013-01-23,2013.059139548387,-1.794761229751,3.715862,-8.969109666193
2013-01-25,2013.064515870968,-1.791288553520,1.054839,-8.965553160909
2013-01-26,2013.067204032258,-1.789552215404,-3.269386,-8.963958254980
2013-01-29,2013.075268516129,-1.784343201057,-9.475231,-8.958221404924
2013-01-30,2013.077956677419,-1.782606862942,-15.358221,-8.955559412031
2013-01-31,2013.080644838710,-1.780870524826,-9.891394,-8.952343392895
2013-02-01,2013.083333000000,-1.779134186710,-14.334902,-8.948497606973
2013-02-02,2013.086309214286,-1.777212123283,-6.176407,-8.943446845359
2013-02-03,2013.089285428571,-1.775290059856,-9.665994,-8.937536691686
2013-02-04,2013.092261642857,-1.773367996429,-6.235383,-8.930783185886
2013-02-05,2013.095237857143,-1.771445933002,-4.936345,-8.923244962751
2013-02-06,2013.098214071429,-1.769523869574,9.039324,-8.915020290487
2013-02-08,2013.104166500000,-1.765679742720,-2.560500,-8.897071308239
2013-02-09,2013.107142714286,-1.763757679293,8.175326,-8.887688616733
2013-02-10,2013.110118928571,-1.761835615866,8.567827,-8.878285459064
2013-02-11,2013.113095142857,-1.759913552438,1.349854,-8.869054294965
2013-02-12,2013.116071357143,-1.757991489011,10.241278,-8.860178897361
2013-02-13,2013.119047571429,-1.756069425584,-0.625133,-8.851825070611
2013-02-14,2013.122023785714,-1.754147362157,3.550704,-8.844132276300
2013-02-16,2013.127976214286,-1.750303235302,10.652112,-8.831115341283
2013-02-17,2013.130952428571,-1.748381171875,-9.039324,-8.825883718054
2013-02-18,2013.133928642857,-1.746459108448,-2.536427,-8.821493489469
2013-02-19,2013.136904857143,-1.744537045021,0.671099,-8.817883929191
2013-02-20,2013.139881071429,-1.742614981594,-12.113135,-8.814954881969
2013-02-21,2013.142857285714,-1.740692918167,-0.000000,-8.812571822146
2013-02-23,2013.148809714286,-1.736848791312,7.230744,-8.808775869385
2013-02-24,2013.151785928571,-1.734926727885,-0.540366,-8.806989773336
2013-02-25,2013.154762142857,-1.733004664458,0.672930,-8.805022107685
2013-02-26,2013.157738357143,-1.731082601031,6.500585,-8.802689790646
2013-02-27,2013.160714571429,-1.729160537603,19.794636,-8.799828157737
2013-02-28,2013.163690785714,-1.727238474176,19.724655,-8.796299278432
2013-03-01,2013.166667000000,-1.725316410749,14.061906,-8.791998922556
2013-03-02,2013.169355161290,-1.723580634241,7.338071,-8.787397301117
2013-03-03,2013.172043322581,-1.721844857733,5.356248,-8.782094233835
2013-03-04,2013.174731483871,-1.720109081225,11.257000,-8.776100130670
2013-03-05,2013.177419645161,-1.718373304717,8.162708,-8.769453888134
2013-03-06,2013.180107806452,-1.716637528209,6.299319,-8.762221285857
2013-03-07,2013.182795967742,-1.714901751702,-1.934021,-8.754492274963
2013-03-08,2013.185484129032,-1.713165975194,11.300000,-8.746377270009
2013-03-09,2013.188172290323,-1.711430198686,15.937776,-8.738002597375
2013-03-10,2013.190860451613,-1.709694422178,12.990616,-8.729505287715
2013-03-11,2013.193548612903,-1.707958645670,7.583020,-8.721027427145
2013-03-12,2013.196236774193,-1.706222869162,9.707555,-8.712710300030
2013-03-13,2013.198924935484,-1.704487092654,22.015903,-8.704688564826
2013-03-14,2013.201613096774,-1.702751316146,14.181232,-8.697084703057
2013-03-15,2013.204301258065,-1.701015539638,2.328987,-8.690003970264
2013-03-16,2013.206989419355,-1.699279763130,-12.264164,-8.683530057057
2013-03-17,2013.209677580645,-1.697543986622,19.685442,-8.677721639142
2013-03-18,2013.212365741935,-1.695808210115,14.923554,-8.672609958532
2013-03-19,2013.215053903226,-1.694072433607,5.583314,-8.668197535660
2013-03-20,2013.217742064516,-1.692336657099,20.600000,-8.664458065477
2013-03-21,2013.220430225806,-1.690600880591,15.567013,-8.661337501830
2013-03-22,2013.223118387097,-1.688865104083,16.437213,-8.658756285398
2013-03-23,2013.225806548387,-1.687129327575,5.802370,-8.656612623365
2013-03-24,2013.228494709677,-1.685393551067,18.352591,-8.654786685627
2013-03-25,2013.231182870968,-1.683657774559,11.880888,-8.653145544537
2013-03-26,2013.233871032258,-1.681921998051,12.253195,-8.651548654586
2013-03-27,2013.236559193548,-1.680186221543,6.761045,-8.649853646098
2013-03-28,2013.239247354839,-1.678450445035,3.523804,-8.647922194136
2013-03-29,2013.241935516129,-1.676714668528,1.744303,-8.645625720665
2013-03-30,2013.244623677419,-1.674978892020,4.354023,-8.642850694919
2013-03-31,2013.247311838710,-1.673243115512,0.413395,-8.639503313482
2013-04-01,2013.250000000000,-1.671507339004,-2.899138,-8.635513367133
2013-04-02,2013.252777766667,-1.669713993373,9.788124,-8.630670023692
2013-04-03,2013.255555533333,-1.667920647741,4.749476,-8.625077802922
2013-04-05,2013.261111066667,-1.664333956479,13.900000,-8.611744793694
2013-04-07,2013.266666600000,-1.660747265216,7.636753,-8.596018503317
2013-04-09,2013.272222133333,-1.657160573954,23.012098,-8.578819609520
2013-04-10,2013.274999900000,-1.655367228323,16.741732,-8.570031172759
2013-04-11,2013.277777666667,-1.653573882692,10.690764,-8.561325074063
2013-04-12,2013.280555433333,-1.651780537060,6.471703,-8.552854761572
2013-04-13,2013.283333200000,-1.649987191429,-4.799959,-8.544763310600
2013-04-14,2013.286110966667,-1.648193845798,4.530116,-8.537177129397
2013-04-15,2013.288888733333,-1.646400500167,8.920062,-8.530200398133
2013-04-16,2013.291666500000,-1.644607154535,5.080593,-8.523910485750
2013-04-17,2013.294444266667,-1.642813808904,4.416730,-8.518354546315
2013-04-19,2013.299999800000,-1.639227117642,16.664801,-8.509471102084
2013-04-20,2013.302777566667,-1.637433772010,14.523524,-8.506075292400
2013-04-21,2013.305555333333,-1.635640426379,15.950000,-8.503279850790
2013-04-23,2013.311110866667,-1.632053735117,17.433407,-8.499042042909
2013-04-24,2013.313888633333,-1.630260389486,13.349009,-8.497326998598
2013-04-25,2013.316666400000,-1.628467043854,16.500000,-8.495678962065
2013-04-26,2013.319444166667,-1.626673698223,14.532965,-8.493940879656
2013-04-27,2013.322221933333,-1.624880352592,9.665994,-8.491959659060
2013-04-28,2013.324999700000,-1.623087006961,5.613141,-8.489592904222
2013-04-29,2013.327777466667,-1.621293661329,4.384062,-8.486715179701
2013-04-30,2013.330555233333,-1.619500315698,3.465470,-8.483223528890
2013-05-03,2013.338709387097,-1.468194123009,19.827514,-8.028150035951
2013-05-04,2013.341397580645,-1.393437699477,14.642776,-7.819593963941
2013-05-05,2013.344085774194,-1.318681275945,7.200000,-7.575947751401
2013-05-06,2013.346773967742,-1.243924852420,16.437213,-7.390581217149
2013-05-07,2013.349462161290,-1.169168428888,17.726540,-7.148611277327
2013-05-08,2013.352150354839,-1.094412005356,21.100000,-6.937417864237
2013-05-09,2013.354838548387,-1.019655581830,17.219848,-6.734406023317
2013-05-10,2013.357526741936,-0.944899158298,11.147586,-6.487745289398
2013-05-12,2013.362903129032,-0.795386311240,13.698018,-6.063882793977
2013-05-13,2013.365591322581,-0.720629887708,-7.291577,-5.846764186136
2013-05-14,2013.368279516129,-0.645873464183,6.652062,-5.648799317325
2013-05-16,2013.373655903226,-0.496360617119,6.664587,-5.212079199648
2013-05-17,2013.376344096774,-0.421604193593,2.651735,-4.979351715572
2013-05-18,2013.379032290323,-0.346847770061,13.061727,-4.756294268080
2013-05-19,2013.381720483871,-0.272091346529,5.443031,-4.562706089974
2013-05-20,2013.384408677419,-0.197334923003,13.847106,-4.313082797605
2013-05-22,2013.389785064516,-0.047822075939,13.400000,-3.894913411000
2013-05-23,2013.392473258064,0.026934347586,14.843301,-3.666107076769
2013-05-25,2013.397849645161,0.176447194644,8.075424,-3.226605498674
2013-05-26,2013.400537838710,0.251203618176,6.546827,-3.031877113725
2013-05-27,2013.403226032258,0.325960041708,20.863998,-2.810460068727
2013-05-28,2013.405914225806,0.400716465234,7.670699,-2.576291886346
2013-05-29,2013.408602419355,0.475472888766,6.471703,-2.388874194123
2013-05-30,2013.411290612903,0.550229312298,16.935310,-2.140653385877
2013-05-31,2013.413978806451,0.624985735823,8.429509,-1.941345850312
2013-06-01,2013.416667000000,0.699742159355,14.673636,-1.725884392659
2013-06-03,2013.422222533333,0.696165945987,20.779444,-1.742109633582
2013-06-04,2013.425000300000,0.694377839302,10.758903,-1.749468041549
2013-06-05,2013.427778066667,0.692589732618,14.524223,-1.756190031742
2013-06-06,2013.430555833333,0.690801625934,6.295941,-1.762209159793
2013-06-08,2013.436111366667,0.687225412565,11.128328,-1.772028318188
2013-06-09,2013.438889133333,0.685437305881,19.203751,-1.775853997841
2013-06-12,2013.447222433333,0.680072985828,17.726540,-1.783794697427
2013-06-13,2013.450000200000,0.678284879143,18.429602,-1.785635992000
2013-06-14,2013.452777966667,0.676496772459,28.192310,-1.787306983677
2013-06-16,2013.458333500000,0.672920559090,17.219848,-1.790756631019
2013-06-17,2013.461111266667,0.671132452406,15.400000,-1.792839517905
2013-06-18,2013.463889033333,0.669344345722,13.061727,-1.795347258244
2013-06-19,2013.466666800000,0.667556239037,7.583020,-1.798397725392
2013-06-20,2013.469444566667,0.665768132353,16.935310,-1.802085055580
2013-06-21,2013.472222333333,0.663980025669,22.514000,-1.806475530701
2013-06-22,2013.475000100000,0.662191918984,6.717047,-1.811604679351
2013-06-23,2013.477777866667,0.660403812300,19.000000,-1.817475722924
2013-06-25,2013.483333400000,0.656827598931,15.839496,-1.831295418213
2013-06-27,2013.488888933333,0.653251385563,17.931505,-1.847343862208
2013-06-28,2013.491666700000,0.651463278878,19.500000,-1.855909523115
2013-06-29,2013.494444466667,0.649675172194,12.704020,-1.864644650760
2013-06-30,2013.497222233333,0.647887065510,14.875258,-1.873394752621
2013-07-01,2013.500000000000,0.646098958825,10.694432,-1.882004681254
2013-07-02,2013.502688161290,0.644368812872,12.597678,-1.890061687655
2013-07-03,2013.505376322581,0.642638666919,16.935310,-1.897724078467
2013-07-04,2013.508064483871,0.640908520966,13.196424,-1.904884209400
2013-07-05,2013.510752645161,0.639178375013,12.460443,-1.911455007160
2013-07-07,2013.516128967742,0.635718083106,12.850912,-1.922603573893
2013-07-08,2013.518817129032,0.633987937153,18.711347,-1.927137099009
2013-07-09,2013.521505290323,0.632257791200,20.914379,-1.930994615335
2013-07-10,2013.524193451613,0.630527645247,2.883581,-1.934224314360
2013-07-11,2013.526881612903,0.628797499294,8.920062,-1.936900101011
2013-07-12,2013.529569774194,0.627067353340,8.432096,-1.939118566738
2013-07-13,2013.532257935484,0.625337207387,10.143520,-1.940995033427
2013-07-14,2013.534946096774,0.623607061434,14.001420,-1.942658830177
2013-07-15,2013.537634258065,0.621876915481,11.506049,-1.944247996384
2013-07-16,2013.540322419355,0.620146769528,9.207133,-1.945903628077
2013-07-17,2013.543010580645,0.618416623574,10.260805,-1.947764099068
2013-07-18,2013.545698741935,0.616686477621,16.437213,-1.949959393589
2013-07-20,2013.551075064516,0.613226185715,10.043044,-1.955801061430
2013-07-21,2013.553763225807,0.611496039762,19.575458,-1.959620544906
2013-07-22,2013.556451387097,0.609765893809,18.268184,-1.964113982171
2013-07-23,2013.559139548387,0.608035747855,17.726540,-1.969303519381
2013-07-24,2013.561827709677,0.606305601902,19.604872,-1.975182792610
2013-07-25,2013.564515870968,0.604575455949,18.218943,-1.981717188498
2013-07-26,2013.567204032258,0.602845309996,14.900000,-1.988845261905
2013-07-28,2013.572580354839,0.599385018089,17.290574,-2.004518597310
2013-07-29,2013.575268516129,0.597654872136,19.593136,-2.012834295055
2013-07-30,2013.577956677419,0.595924726183,23.609814,-2.021293944048
2013-07-31,2013.580644838710,0.594194580230,18.954138,-2.029757246793
2013-08-01,2013.583333000000,0.592464434277,13.522725,-2.038083756149
2013-08-02,2013.586021193549,0.590734568149,3.523804,-2.046137353675
2013-08-04,2013.591397580645,0.587274835892,14.149976,-2.060951437604
2013-08-05,2013.594085774194,0.585544969764,5.897895,-2.067517547992
2013-08-06,2013.596773967742,0.583815103636,13.688828,-2.073431314477
2013-08-08,2013.602150354839,0.580355371380,16.424504,-2.083185809745
2013-08-09,2013.604838548387,0.578625505252,13.503986,-2.087039320672
2013-08-10,2013.607526741936,0.576895639124,19.068572,-2.090265528637
2013-08-11,2013.610214935484,0.575165772996,8.273876,-2.092938424345
2013-08-12,2013.612903129032,0.573435906868,-3.088204,-2.095154653140
2013-08-13,2013.615591322581,0.571706040740,16.511970,-2.097029557988
2013-08-14,2013.618279516129,0.569976174612,16.516213,-2.098692456911
2013-08-15,2013.620967709677,0.568246308483,8.319337,-2.100281348235
2013-08-16,2013.623655903226,0.566516442355,12.122035,-2.101937260427
2013-08-17,2013.626344096774,0.564786576227,12.007411,-2.103798477875
2013-08-18,2013.629032290323,0.563056710099,4.639927,-2.105994879014
2013-08-19,2013.631720483871,0.561326843971,10.513119,-2.108642618628
2013-08-20,2013.634408677419,0.559596977843,15.223020,-2.111839372041
2013-08-21,2013.637096870968,0.557867111715,19.550000,-2.115660335939
2013-08-22,2013.639785064516,0.556137245587,16.794974,-2.120155149532
2013-08-23,2013.642473258064,0.554407379459,12.823713,-2.125345862148
2013-08-24,2013.645161451613,0.552677513331,13.712670,-2.131226030452
2013-08-25,2013.647849645161,0.550947647203,16.987934,-2.137760982254
2013-08-26,2013.650537838710,0.549217781074,9.334970,-2.144889236126
2013-08-27,2013.653226032258,0.547487914946,15.699233,-2.152525018670
2013-08-28,2013.655914225806,0.545758048818,3.250128,-2.160561776397
2013-08-29,2013.658602419355,0.544028182690,8.079079,-2.168876538422
2013-08-30,2013.661290612903,0.542298316562,9.550302,-2.177334951341
2013-09-01,2013.666667000000,0.538838584306,19.377607,-2.194121650003
2013-09-02,2013.669444766667,0.537051345079,8.739141,-2.202435754519
2013-09-03,2013.672222533333,0.535264105853,9.656908,-2.210323819569
2013-09-04,2013.675000300000,0.533476866626,12.881004,-2.217668403644
2013-09-05,2013.677778066667,0.531689627400,15.358221,-2.224375812372
2013-09-06,2013.680555833333,0.529902388173,9.405625,-2.230380192444
2013-09-07,2013.683333600000,0.528115148947,13.017962,-2.235646409046
2013-09-08,2013.686111366667,0.526327909720,20.921709,-2.240171581056
2013-09-09,2013.688889133333,0.524540670494,14.875258,-2.243985206931
2013-09-10,2013.691666900000,0.522753431267,13.909332,-2.247147875790
2013-09-11,2013.694444666667,0.520966192041,12.680864,-2.249748620002
2013-09-12,2013.697222433333,0.519178952814,13.794359,-2.251901024955
2013-09-13,2013.700000200000,0.517391713588,15.748969,-2.253738266006
2013-09-14,2013.702777966667,0.515604474361,8.718799,-2.255407289440
2013-09-15,2013.705555733333,0.513817235134,10.241278,-2.257062391732
2013-09-17,2013.711111266667,0.510242756681,16.547101,-2.260944291687
2013-09-19,2013.716666800000,0.506668278228,8.947368,-2.266510838594
2013-09-20,2013.719444566667,0.504881039002,13.234863,-2.270202791176
2013-09-21,2013.722222333333,0.503093799775,12.704020,-2.274597682223
2013-09-22,2013.725000100000,0.501306560549,16.200088,-2.279730702756
2013-09-23,2013.727777866667,0.499519321322,16.686261,-2.285604791590
2013-09-24,2013.730555633333,0.497732082096,22.600000,-2.292190506921
2013-09-25,2013.733333400000,0.495944842869,12.300000,-2.299427312776
2013-09-28,2013.741666700000,0.490583125190,5.613404,-2.324036579634
2013-09-29,2013.744444466667,0.488795885963,17.044726,-2.332767950857
2013-09-30,2013.747222233333,0.487008646737,19.203751,-2.341513519215
2013-10-01,2013.750000000000,0.485221407510,12.704020,-2.350118375012
2013-10-02,2013.752688161290,0.483492100896,7.670699,-2.358170200070
2013-10-03,2013.755376322581,0.481762794283,10.461359,-2.365827375466
2013-10-04,2013.758064483871,0.480033487669,16.722310,-2.372982474442
2013-10-05,2013.760752645161,0.478304181055,9.661455,-2.379548613845
2013-10-06,2013.763440806452,0.476574874442,5.871596,-2.385463009147
2013-10-07,2013.766128967742,0.474845567828,7.909033,-2.390689543421
2013-10-08,2013.768817129032,0.473116261214,13.688828,-2.395220245145
2013-10-09,2013.771505290323,0.471386954601,13.397802,-2.399075614377
2013-10-10,2013.774193451613,0.469657647987,-2.413710,-2.402303783946
2013-10-11,2013.776881612903,0.467928341373,-3.088204,-2.404978549987
2013-10-12,2013.779569774194,0.466199034760,8.027690,-2.407196352409
2013-10-13,2013.782257935484,0.464469728146,13.426369,-2.409072328828
2013-10-14,2013.784946096774,0.462740421532,20.969898,-2.410735603453
2013-10-15,2013.787634258065,0.461011114919,16.015989,-2.412324003674
2013-10-16,2013.790322419355,0.459281808305,15.358221,-2.413978420538
2013-10-17,2013.793010580645,0.457552501691,18.465145,-2.415837043870
2013-10-18,2013.795698741935,0.455823195078,12.903779,-2.418029707919
2013-10-19,2013.798386903226,0.454093888464,10.541370,-2.420672578897
2013-10-21,2013.803763225807,0.450635275237,12.253195,-2.427677500802
2013-10-22,2013.806451387097,0.448905968623,12.037753,-2.432164697485
2013-10-23,2013.809139548387,0.447176662009,22.749059,-2.437347271983
2013-10-24,2013.811827709677,0.445447355396,22.100000,-2.443219051491
2013-10-25,2013.814515870968,0.443718048782,16.011547,-2.449745662804
2013-10-26,2013.817204032258,0.441988742168,7.172602,-2.456865938776
2013-10-27,2013.819892193548,0.440259435555,10.148680,-2.464494421117
2013-10-28,2013.822580354839,0.438530128941,11.600000,-2.472524857111
2013-10-29,2013.825268516129,0.436800822327,13.331744,-2.480834547190
2013-10-30,2013.827956677419,0.435071515714,-0.173648,-2.489289365468
2013-10-31,2013.830644838710,0.433342209100,9.949036,-2.497749247805
2013-11-01,2013.833333000000,0.431612902486,11.620731,-2.506073922855
2013-11-02,2013.836110800000,0.498770280534,14.410294,-2.288281073575
2013-11-03,2013.838888600000,0.565927658577,8.153870,-2.102540961446
2013-11-04,2013.841666400000,0.633085036625,8.739141,-1.929232116238
2013-11-05,2013.844444200000,0.700242414667,6.668396,-1.723497691353
2013-11-06,2013.847222000000,0.767399792715,10.800000,-1.506304517937
2013-11-07,2013.849999800000,0.834557170757,5.912555,-1.321880598701
2013-11-08,2013.852777600000,0.901714548805,5.091169,-1.147932601950
2013-11-09,2013.855555400000,0.968871926848,7.618114,-0.940901153810
2013-11-10,2013.858333200000,1.036029304896,3.977769,-0.724386032676
2013-11-11,2013.861111000000,1.103186682938,11.414062,-0.541238800334
2013-11-12,2013.863888800000,1.170344060986,18.465145,-0.366574460495
2013-11-13,2013.866666600000,1.237501439028,20.865206,-0.158287810255
2013-11-14,2013.869444400000,1.304658817076,18.816677,0.057473321367
2013-11-15,2013.872222200000,1.371816195119,14.673636,0.239387965505
2013-11-16,2013.875000000000,1.438973573167,18.759854,0.414843263037
2013-11-17,2013.877777800000,1.506130951215,23.375405,0.624338778852
2013-11-18,2013.880555600000,1.573288329257,14.875258,0.839272696068
2013-11-19,2013.883333400000,1.640445707305,17.965752,1.020003284744
2013-11-20,2013.886111200000,1.707603085347,11.558219,1.196321309223
2013-11-21,2013.888889000000,1.774760463395,6.784297,1.406975005319
2013-11-23,2013.894444600000,1.909075219486,9.927173,1.800610784475
2013-11-24,2013.897222400000,1.976232597528,8.827258,1.977860201633
2013-11-25,2013.900000200000,2.043389975576,3.852740,2.189617226370
2013-11-26,2013.902778000000,2.110547353618,5.309263,2.402689196053
2013-11-27,2013.905555800000,2.177704731666,1.962224,2.581214119935
2013-11-28,2013.908333600000,2.244862109709,10.618527,2.759460244956
2013-11-29,2013.911111400000,2.312019487757,17.215752,2.972261777635
2013-11-30,2013.913889200000,2.379176865799,14.875258,3.184305712236
2013-12-01,2013.916667000000,2.446334243847,8.149802,3.361816961336
2013-12-02,2013.919355161290,2.444594705604,6.235383,3.360214835887
2013-12-03,2013.922043322581,2.442855167361,7.884878,3.358506062966
2013-12-04,2013.924731483871,2.441115629117,12.820639,3.356551836226
2013-12-05,2013.927419645161,2.439376090874,18.798820,3.354223511408
2013-12-06,2013.930107806452,2.437636552631,15.079330,3.351407932370
2013-12-07,2013.932795967742,2.435897014388,18.950127,3.348012115888
2013-12-08,2013.935484129032,2.434157476145,12.850912,3.343967101273
2013-12-09,2013.938172290323,2.432417937901,9.331374,3.339230805432
2013-12-10,2013.940860451613,2.430678399658,8.075424,3.333789765157
2013-12-11,2013.943548612903,2.428938861415,15.871136,3.327659694516
2013-12-12,2013.946236774193,2.427199323172,9.361721,3.320884834275
2013-12-13,2013.948924935484,2.425459784929,14.941113,3.313536120275
2013-12-14,2013.951613096774,2.423720246685,20.778365,3.305708246601
2013-12-15,2013.954301258065,2.421980708442,15.400000,3.297515745132
2013-12-16,2013.956989419355,2.420241170199,15.815498,3.289088243784
2013-12-17,2013.959677580645,2.418501631956,14.400000,3.280565099752
2013-12-19,2013.965053903226,2.415022555470,7.615487,3.263803177541
2013-12-21,2013.970430225806,2.411543478983,2.638452,3.248318041915
2013-12-22,2013.973118387097,2.409803940740,12.704020,3.241341358928
2013-12-23,2013.975806548387,2.408064402497,9.532305,3.234988502697
2013-12-24,2013.978494709677,2.406324864254,4.803166,3.229312937583
2013-12-25,2013.981182870968,2.404585326010,2.064875,3.224340087267
2013-12-26,2013.983871032258,2.402845787767,10.773441,3.220066282186
2013-12-27,2013.986559193548,2.401106249524,11.639406,3.216458911448
2013-12-29,2013.991935516129,2.397627173038,9.678834,3.210977565918
2013-12-30,2013.994623677419,2.395887634794,7.101408,3.208911422254
2014-01-02,2014.002688161290,2.390669301409,10.148680,3.203903119950
2014-01-04,2014.008064483871,2.387190787611,17.367874,3.200151903807
2014-01-06,2014.013440806452,2.383712273813,13.847106,3.194837741325
2014-01-07,2014.016128967742,2.381973016914,2.925240,3.191334506651
2014-01-08,2014.018817129032,2.380233760015,13.503986,3.187173032897
2014-01-09,2014.021505290323,2.378494503116,18.816677,3.182316104409
2014-01-10,2014.024193451613,2.376755246217,16.486458,3.176755288928
2014-01-12,2014.029569774194,2.373276732419,9.762708,3.163633073143
2014-01-13,2014.032257935484,2.371537475520,14.554844,3.156195873043
2014-01-14,2014.034946096774,2.369798218621,9.413946,3.148298045975
2014-01-15,2014.037634258065,2.368058961722,12.833595,3.140057016008
2014-01-16,2014.040322419355,2.366319704823,13.176002,3.131604411644
2014-01-17,2014.043010580645,2.364580447924,14.289419,3.123080618003
2014-01-19,2014.048386903226,2.361101934125,12.388601,3.106389803043
2014-01-20,2014.051075064516,2.359362677226,17.234136,3.098494678660
2014-01-21,2014.053763225807,2.357623420327,22.236906,3.091060905636
2014-01-22,2014.056451387097,2.355884163428,19.600560,3.084186701827
2014-01-23,2014.059139548387,2.354144906529,17.584161,3.077947125709
2014-01-24,2014.061827709677,2.352405649630,17.803753,3.072390969867
2014-01-25,2014.064515870968,2.350666392731,18.352591,3.067538741576
2014-01-26,2014.067204032258,2.348927135832,13.378073,3.063381814044
2014-01-27,2014.069892193548,2.347187878933,13.598058,3.059882783460
2014-01-28,2014.072580354839,2.345448622034,12.460443,3.056977017059
2014-01-29,2014.075268516129,2.343709365135,12.614941,3.054575328129
2014-01-30,2014.077956677419,2.341970108236,17.892832,3.052567667268
2014-01-31,2014.080644838710,2.340230851337,11.620731,3.050827677086
2014-02-01,2014.083333000000,2.338491594438,7.910839,3.049217921875
2014-02-02,2014.086309214286,2.336566300023,9.863772,3.047415342043
2014-02-03,2014.089285428571,2.334641005609,16.201366,3.045404808290
2014-02-04,2014.092261642857,2.332715711194,12.900982,3.043004321371
2014-02-06,2014.098214071429,2.328865122364,17.579973,3.036412518633
2014-02-07,2014.101190285714,2.326939827950,21.920281,3.031987478492
2014-02-08,2014.104166500000,2.325014533535,21.620532,3.026716880716
2014-02-09,2014.107142714286,2.323089239120,13.769804,3.020583932539
2014-02-10,2014.110118928571,2.321163944706,14.218587,3.013615541525
2014-02-11,2014.113095142857,2.319238650291,12.704020,3.005880952003
2014-02-12,2014.116071357143,2.317313355876,13.080403,2.997488236054
2014-02-13,2014.119047571429,2.315388061461,10.224358,2.988578816866
2014-02-15,2014.125000000000,2.311537472632,15.973465,2.969897989728
2014-02-16,2014.127976214286,2.309612178217,13.847106,2.960505478898
2014-02-18,2014.133928642857,2.305761589388,10.431999,2.942566971627
2014-02-19,2014.136904857143,2.303836294973,21.517805,2.934362254626
2014-02-20,2014.139881071429,2.301911000558,14.540616,2.926852603322
2014-02-21,2014.142857285714,2.299985706144,12.575456,2.920134690865
2014-02-22,2014.145833500000,2.298060411729,12.060413,2.914265068372
2014-02-23,2014.148809714286,2.296135117314,12.299048,2.909257299157
2014-02-25,2014.154762142857,2.292284528485,7.722739,2.901664724073
2014-02-26,2014.157738357143,2.290359234070,5.826094,2.898896908859
2014-02-27,2014.160714571429,2.288433939655,3.240707,2.896634202383
2014-02-28,2014.163690785714,2.286508645241,3.970584,2.894707384469
2014-03-02,2014.169355161290,2.282844656479,6.873343,2.891292702763
2014-03-03,2014.172043322581,2.281105962132,7.930193,2.889477616091
2014-03-04,2014.174731483871,2.279367267784,9.888619,2.887350780142
2014-03-05,2014.177419645161,2.277628573437,14.744022,2.884790915898
2014-03-06,2014.180107806452,2.275889879090,11.974817,2.881694654907
2014-03-07,2014.182795967742,2.274151184743,14.289419,2.877980814732
2014-03-08,2014.185484129032,2.272412490395,9.437712,2.873593756747
2014-03-09,2014.188172290323,2.270673796048,10.563669,2.868505687422
2014-03-10,2014.190860451613,2.268935101701,10.758903,2.862717807897
2014-03-11,2014.193548612903,2.267196407354,15.262130,2.856260264299
2014-03-12,2014.196236774193,2.265457713007,14.627169,2.849190900860
2014-03-13,2014.198924935484,2.263719018659,12.125877,2.841592867418
2014-03-14,2014.201613096774,2.261980324312,9.264611,2.833571180230
2014-03-15,2014.204301258065,2.260241629965,7.920592,2.825248378384
2014-03-17,2014.209677580645,2.256764241270,12.470766,2.808246275879
2014-03-18,2014.212365741935,2.255025546923,10.183914,2.799851707536
2014-03-19,2014.215053903226,2.253286852576,11.326528,2.791713712294
2014-03-20,2014.217742064516,2.251548158229,18.605674,2.783959639881
2014-03-21,2014.220430225806,2.249809463881,19.794636,2.776700960515
2014-03-22,2014.223118387097,2.248070769534,14.941113,2.770028654365
2014-03-23,2014.225806548387,2.246332075187,8.961518,2.764009448501
2014-03-24,2014.228494709677,2.244593380840,7.588811,2.758683056985
2014-03-25,2014.231182870968,2.242854686493,11.119629,2.754060538245
2014-03-26,2014.233871032258,2.241115992145,13.208673,2.750123837692
2014-03-27,2014.236559193548,2.239377297798,12.325786,2.746826534472
2014-03-28,2014.239247354839,2.237638603451,12.460443,2.744095761495
2014-03-29,2014.241935516129,2.235899909104,7.283200,2.741835219299
2014-03-30,2014.244623677419,2.234161214756,6.426280,2.739929159115
2014-03-31,2014.247311838710,2.232422520409,7.124213,2.738247170376
2014-04-01,2014.250000000000,2.230683826062,7.235633,2.736649574647
2014-04-02,2014.252777766667,2.228887465818,8.656302,2.734935609272
2014-04-03,2014.255555533333,2.227091105574,14.392295,2.733003861874
2014-04-04,2014.258333300000,2.225294745329,10.758903,2.730708888109
2014-04-05,2014.261111066667,2.223498385085,8.809868,2.727921276439
2014-04-06,2014.263888833333,2.221702024841,10.143520,2.724533360350
2014-04-07,2014.266666600000,2.219905664597,12.205833,2.720463970755
2014-04-08,2014.269444366667,2.218109304353,8.739141,2.715662018792
2014-04-09,2014.272222133333,2.216312944108,8.273280,2.710108750887
2014-04-11,2014.277777666667,2.212720223620,8.054036,2.696838432273
2014-04-12,2014.280555433333,2.210923863376,12.943406,2.689245709884
2014-04-13,2014.283333200000,2.209127503131,9.534089,2.681144840345
2014-04-14,2014.286110966667,2.207331142887,6.765787,2.672662684237
2014-04-15,2014.288888733333,2.205534782643,5.165954,2.663942932120
2014-04-16,2014.291666500000,2.203738422399,5.660560,2.655139762038
2014-04-17,2014.294444266667,2.201942062155,10.075570,2.646411034102
2014-04-18,2014.297222033333,2.200145701910,6.307471,2.637911322548
2014-04-19,2014.299999800000,2.198349341666,10.938866,2.629785092835
2014-04-20,2014.302777566667,2.196552981422,10.143520,2.622160324940
2014-04-22,2014.308333100000,2.192960260934,6.598212,2.608811749923
2014-04-23,2014.311110866667,2.191163900689,10.618527,2.603215725359
2014-04-24,2014.313888633333,2.189367540445,10.567061,2.598371087406
2014-04-25,2014.316666400000,2.187571180201,9.949036,2.594260966651
2014-04-26,2014.319444166667,2.185774819957,8.983214,2.590836072103
2014-04-27,2014.322221933333,2.183978459713,8.739141,2.588016866904
2014-04-28,2014.324999700000,2.182182099468,2.730541,2.585697079078
2014-04-29,2014.327777466667,2.180385739224,5.150000,2.583748392378
2014-05-01,2014.333333000000,2.176793018736,-2.560500,2.580375542294
2014-05-02,2014.336021193549,2.135140274985,1.016253,2.440882733356
2014-05-03,2014.338709387097,2.093487531238,-7.990307,2.328609583876
2014-05-04,2014.341397580645,2.051834787488,-2.090698,2.228697457589
2014-05-05,2014.344085774194,2.010182043738,-6.194626,2.105703244680
2014-05-06,2014.346773967742,1.968529299991,7.618114,1.962621802356
2014-05-07,2014.349462161290,1.926876556240,0.000000,1.835898701123
2014-05-08,2014.352150354839,1.885223812490,-4.622170,1.734738413844
2014-05-09,2014.354838548387,1.843571068743,-6.879506,1.625776359039
2014-05-10,2014.357526741936,1.801918324992,-10.260805,1.488640025114
2014-05-11,2014.360214935484,1.760265581246,-10.462230,1.349874756312
2014-05-12,2014.362903129032,1.718612837495,-11.628568,1.238738517517
2014-05-13,2014.365591322581,1.676960093745,-13.700710,1.138479406232
2014-05-14,2014.368279516129,1.635307349998,-16.301046,1.014232137258
2014-05-15,2014.370967709677,1.593654606247,-14.594252,0.871078247761
2014-05-16,2014.373655903226,1.552001862497,-16.914467,0.745583952548
2014-05-17,2014.376344096774,1.510349118750,-21.019708,0.644907427464
2014-05-18,2014.379032290323,1.468696375000,-21.706900,0.534878495066
2014-05-19,2014.381720483871,1.427043631249,-12.286977,0.396901285834
2014-05-20,2014.384408677419,1.385390887502,-10.431999,0.258921430626
2014-05-21,2014.387096870968,1.343738143752,-12.122035,0.148888966567
2014-05-22,2014.389785064516,1.302085400002,-18.711347,0.048213905305
2014-05-23,2014.392473258064,1.260432656255,-19.109272,-0.077276368247
2014-05-25,2014.397849645161,1.177127168757,-22.188511,-0.344681705437
2014-05-26,2014.400537838710,1.135474425007,-25.801963,-0.444942058382
2014-05-27,2014.403226032258,1.093821681256,-22.892442,-0.556074651756
2014-05-28,2014.405914225806,1.052168937510,-22.388174,-0.694837458677
2014-05-29,2014.408602419355,1.010516193759,-20.466457,-0.831976613963
2014-05-30,2014.411290612903,0.968863450009,-25.200000,-0.940942075053
2014-05-31,2014.413978806451,0.927210706262,-17.487387,-1.042100681126
2014-06-01,2014.416667000000,0.885557962511,-17.869628,-1.168819813350
2014-06-02,2014.419444766667,0.883768854063,-13.909332,-1.171347878563
2014-06-03,2014.422222533333,0.881979745615,-22.611757,-1.174423415914
2014-06-04,2014.425000300000,0.880190637167,-20.622516,-1.178139696669
2014-06-05,2014.427778066667,0.878401528719,-27.377656,-1.182561936744
2014-06-06,2014.430555833333,0.876612420271,-27.335701,-1.187724441185
2014-06-07,2014.433333600000,0.874823311823,-30.284319,-1.193629102108
2014-06-08,2014.436111366667,0.873034203375,-22.100000,-1.200245315842
2014-06-09,2014.438889133333,0.871245094927,-25.834947,-1.207511322936
2014-06-10,2014.441666900000,0.869455986479,-28.854867,-1.215336912332
2014-06-12,2014.447222433333,0.865877769583,-24.606009,-1.232188508276
2014-06-13,2014.450000200000,0.864088661134,-24.107912,-1.240932528381
2014-06-14,2014.452777966667,0.862299552686,-28.854867,-1.249684504854
2014-06-15,2014.455555733333,0.860510444238,-31.400000,-1.258289162544
2014-06-16,2014.458333500000,0.858721335790,-32.384359,-1.266597676747
2014-06-17,2014.461111266667,0.856932227342,-28.013535,-1.274474189583
2014-06-18,2014.463889033333,0.855143118894,-28.854867,-1.281801758622
2014-06-20,2014.469444566667,0.851564901998,-23.700000,-1.294466542784
2014-06-21,2014.472222333333,0.849775793550,-25.801963,-1.299705093619
2014-06-23,2014.477777866667,0.846197576654,-28.800000,-1.307987387618
2014-06-24,2014.480555633333,0.844408468206,-23.339944,-1.311124356549
2014-06-25,2014.483333400000,0.842619359758,-24.824294,-1.313703180395
2014-06-27,2014.488888933333,0.839041142861,-31.900000,-1.317665876025
2014-06-30,2014.497222233333,0.833673817517,-26.100301,-1.322802456279
2014-07-02,2014.502688161290,0.830153593824,-32.774806,-1.327361838293
2014-07-03,2014.505376322581,0.828422478579,-32.400000,-1.330325404728
2014-07-04,2014.508064483871,0.826691363334,-33.272903,-1.333886203271
2014-07-05,2014.510752645161,0.824960248088,-29.800000,-1.338104761088
2014-07-06,2014.513440806452,0.823229132843,-33.272903,-1.343014635490
2014-07-07,2014.516128967742,0.821498017598,-31.280514,-1.348621037991
2014-07-08,2014.518817129032,0.819766902353,-29.300000,-1.354900620627
2014-07-10,2014.524193451613,0.816304671863,-26.392848,-1.369250012774
2014-07-11,2014.526881612903,0.814573556617,-25.602204,-1.377144518050
2014-07-13,2014.532257935484,0.811111326127,-29.347271,-1.393792120211
2014-07-14,2014.534946096774,0.809380210882,-25.200000,-1.402275680221
2014-07-15,2014.537634258065,0.807649095637,-31.900000,-1.410678143981
2014-07-16,2014.540322419355,0.805917980391,-31.778611,-1.418861517677
2014-07-17,2014.543010580645,0.804186865146,-33.483464,-1.426696790763
2014-07-20,2014.551075064516,0.798993519411,-32.900000,-1.447065445571
2014-07-21,2014.553763225807,0.797262404166,-29.188505,-1.452569409827
2014-07-22,2014.556451387097,0.795531288920,-33.400000,-1.457375807687
2014-07-24,2014.561827709677,0.792069058430,-26.885252,-1.464961935924
2014-07-25,2014.564515870968,0.790337943185,-28.784590,-1.467843673637
2014-07-26,2014.567204032258,0.788606827940,-35.863009,-1.470227677059
2014-07-27,2014.569892193548,0.786875712695,-33.483464,-1.472222725044
2014-07-28,2014.572580354839,0.785144597449,-31.778611,-1.473953544641
2014-07-29,2014.575268516129,0.783413482204,-30.284319,-1.475555696956
2014-07-30,2014.577956677419,0.781682366959,-27.196115,-1.477170018792
2014-08-01,2014.583333000000,0.778220136469,-23.832348,-1.480990269101
2014-08-02,2014.586021193549,0.776489301205,-26.698018,-1.483452178525
2014-08-03,2014.588709387097,0.774758465942,-29.938156,-1.486428398772
2014-08-04,2014.591397580645,0.773027630679,-33.975867,-1.490003365624
2014-08-05,2014.594085774194,0.771296795415,-30.922963,-1.494236972594
2014-08-06,2014.596773967742,0.769565960152,-29.938156,-1.499162115928
2014-08-07,2014.599462161290,0.767835124889,-27.377656,-1.504783346203
2014-08-08,2014.602150354839,0.766104289625,-29.188505,-1.511076681809
2014-08-09,2014.604838548387,0.764373454362,-32.774806,-1.517990591931
2014-08-11,2014.610214935484,0.760911783836,-33.483464,-1.533349982434
2014-08-12,2014.612903129032,0.759180948572,-31.778611,-1.541578749067
2014-08-13,2014.615591322581,0.757450113309,-30.922963,-1.550003545693
2014-08-14,2014.618279516129,0.755719278046,-31.280514,-1.558485474173
2014-08-15,2014.620967709677,0.753988442782,-25.602204,-1.566883294570
2014-08-16,2014.623655903226,0.752257607519,-27.694213,-1.575059214486
2014-08-17,2014.626344096774,0.750526772256,-30.284319,-1.582884537091
2014-08-18,2014.629032290323,0.748795936992,-30.400000,-1.590244936335
2014-08-19,2014.631720483871,0.747065101729,-29.938156,-1.597045143097
2014-08-20,2014.634408677419,0.745334266466,-28.192310,-1.603212850217
2014-08-21,2014.637096870968,0.743603431202,-25.602204,-1.608701676320
2014-08-22,2014.639785064516,0.741872595939,-27.694213,-1.613493066963
2014-08-23,2014.642473258064,0.740141760676,-31.280514,-1.617597055166
2014-08-25,2014.647849645161,0.736680090149,-32.276708,-1.623922271268
2014-08-26,2014.650537838710,0.734949254886,-30.430560,-1.626297090880
2014-08-27,2014.653226032258,0.733218419622,-31.280514,-1.628285395847
2014-08-28,2014.655914225806,0.731487584359,-27.300000,-1.630012116012
2014-08-29,2014.658602419355,0.729756749096,-29.364145,-1.631612903428
2014-08-31,2014.663978806451,0.726295078569,-28.300000,-1.634999325878
2014-09-01,2014.666667000000,0.724564243306,-27.800000,-1.637059012037
2014-09-02,2014.669444766667,0.722776002802,-30.782416,-1.639619892415
2014-09-03,2014.672222533333,0.720987762297,-28.300000,-1.642734901529
2014-09-04,2014.675000300000,0.719199521793,-33.272903,-1.646495383405
2014-09-06,2014.680555833333,0.715623040784,-37.456921,-1.656174205390
2014-09-07,2014.683333600000,0.713834800280,-33.870620,-1.662124371476
2014-09-08,2014.686111366667,0.712046559776,-32.774806,-1.668782270105
2014-09-09,2014.688889133333,0.710258319272,-29.938156,-1.676084267609
2014-09-10,2014.691666900000,0.708470078767,-27.800000,-1.683938555305
2014-09-11,2014.694444666667,0.706681838263,-33.870620,-1.692229165515
2014-09-12,2014.697222433333,0.704893597759,-32.774806,-1.700821044370
2014-09-13,2014.700000200000,0.703105357254,-32.400175,-1.709565959517
2014-09-14,2014.702777966667,0.701317116750,-35.000000,-1.718308984289
2014-09-15,2014.705555733333,0.699528876246,-27.694213,-1.726895274710
2014-09-16,2014.708333500000,0.697740635741,-27.694213,-1.735176842884
2014-09-17,2014.711111266667,0.695952395237,-27.800000,-1.743019030471
2014-09-19,2014.716666800000,0.692375914229,-33.272903,-1.756947779976
2014-09-21,2014.722222333333,0.688799433220,-32.774806,-1.768071943614
2014-09-22,2014.725000100000,0.687011192716,-33.870620,-1.772523328323
2014-09-23,2014.727777866667,0.685222952211,-32.774806,-1.776267302671
2014-09-24,2014.730555633333,0.683434711707,-35.863009,-1.779367697662
2014-09-25,2014.733333400000,0.681646471203,-34.866814,-1.781916496592
2014-09-26,2014.736111166667,0.679858230699,-30.922963,-1.784029811390
2014-09-28,2014.741666700000,0.676281749690,-26.885252,-1.787503771467
2014-09-29,2014.744444466667,0.674493509186,-31.778611,-1.789167663886
2014-09-30,2014.747222233333,0.672705268681,-31.778611,-1.790989301417
2014-10-01,2014.750000000000,0.670917028177,-32.400000,-1.793116604432
2014-10-02,2014.752688161290,0.669186752742,-34.468271,-1.795592748635
2014-10-03,2014.755376322581,0.667456477306,-33.483464,-1.798585927128
2014-10-05,2014.760752645161,0.663995926435,-30.782416,-1.806433262279
2014-10-07,2014.766128967742,0.660535375565,-32.774806,-1.817018916772
2014-10-08,2014.768817129032,0.658805100129,-32.261923,-1.823329907847
2014-10-09,2014.771505290323,0.657074824694,-32.774806,-1.830259113337
2014-10-10,2014.774193451613,0.655344549258,-37.456921,-1.837728921791
2014-10-11,2014.776881612903,0.653614273823,-37.456921,-1.845639577042
2014-10-12,2014.779569774194,0.651883998387,-35.945483,-1.853873264525
2014-10-13,2014.782257935484,0.650153722952,-31.778611,-1.862298937306
2014-10-14,2014.784946096774,0.648423447516,-33.483464,-1.870777684163
2014-10-15,2014.787634258065,0.646693172081,-28.301627,-1.879168419799
2014-10-16,2014.790322419355,0.644962896646,-31.295997,-1.887333664119
2014-10-17,2014.793010580645,0.643232621210,-35.500000,-1.895145173828
2014-10-18,2014.795698741935,0.641502345775,-32.400175,-1.902489195657
2014-10-19,2014.798386903226,0.639772070339,-30.813034,-1.909271126037
2014-10-20,2014.801075064516,0.638041794904,-30.284319,-1.915419386344
2014-10-21,2014.803763225807,0.636311519468,-31.900000,-1.920888354972
2014-10-23,2014.809139548387,0.632850968598,-32.774806,-1.929745788825
2014-10-24,2014.811827709677,0.631120693162,-29.188505,-1.933183886109
2014-10-25,2014.814515870968,0.629390417727,-28.854867,-1.936039922755
2014-10-27,2014.819892193548,0.625929866856,-30.922963,-1.940382952477
2014-10-28,2014.822580354839,0.624199591421,-28.192310,-1.942104501093
2014-10-29,2014.825268516129,0.622469315985,-31.400000,-1.943703492052
2014-10-30,2014.827956677419,0.620739040550,-33.272903,-1.945320655414
2014-10-31,2014.830644838710,0.619008765114,-32.261923,-1.947095976840
2014-11-01,2014.833333000000,0.617278489679,-31.778611,-1.949162963368
2014-11-02,2014.836110800000,0.529960771747,-32.276708,-2.230195605103
2014-11-03,2014.838888600000,0.442643053821,-36.500000,-2.454106984863
2014-11-04,2014.841666400000,0.355325335889,-28.192310,-2.722944589230
2014-11-05,2014.844444200000,0.268007617964,-34.468271,-2.986718523147
2014-11-06,2014.847222000000,0.180689900032,-32.892579,-3.212575145588
2014-11-07,2014.849999800000,0.093372182107,-22.100000,-3.495978937188
2014-11-08,2014.852777600000,0.006054464175,-31.280514,-3.737645743567
2014-11-09,2014.855555400000,-0.081263253750,-34.500000,-3.979535906291
2014-11-10,2014.858333200000,-0.168580971683,-35.500000,-4.262853894074
2014-11-11,2014.861111000000,-0.255898689608,-35.000000,-4.488605926067
2014-11-12,2014.863888800000,-0.343216407540,-30.922963,-4.752610433363
2014-11-14,2014.869444400000,-0.517851843397,-31.778611,-5.245211268492
2014-11-16,2014.875000000000,-0.692487279255,-26.200000,-5.773024480043
2014-11-17,2014.877777800000,-0.779804997187,-23.609814,-6.010254654834
2014-11-18,2014.880555600000,-0.867122715112,-27.870059,-6.295031669519
2014-11-19,2014.883333400000,-0.954440433044,-27.694213,-6.523424167688
2014-11-20,2014.886111200000,-1.041758150969,-32.900000,-6.782314829274
2014-11-21,2014.888889000000,-1.129075868901,-34.634313,-7.055375771768
2014-11-22,2014.891666800000,-1.216393586826,-34.368717,-7.278324662317
2014-11-23,2014.894444600000,-1.303711304759,-32.276708,-7.556466201763
2014-11-25,2014.900000200000,-1.478346740616,-29.188505,-8.041370285505
2014-11-26,2014.902778000000,-1.565664458541,-25.183762,-8.326738793126
2014-11-27,2014.905555800000,-1.652982176473,-28.300000,-8.558496983007
2014-11-28,2014.908333600000,-1.740299894398,-32.900000,-8.812137507101
2014-11-29,2014.911111400000,-1.827617612331,-33.400000,-9.089099770589
2014-11-30,2014.913889200000,-1.914935330256,-29.188505,-9.311898759243
2014-12-01,2014.916667000000,-2.002253048188,-31.280514,-9.586346465401
2014-12-03,2014.922043322581,-1.998778605473,-27.532994,-9.582246719324
2014-12-05,2014.927419645161,-1.995304162758,-26.593406,-9.576327711165
2014-12-06,2014.930107806452,-1.993566941400,-25.700000,-9.572456823654
2014-12-07,2014.932795967742,-1.991829720043,-28.025491,-9.567904462954
2014-12-08,2014.935484129032,-1.990092498685,-32.276708,-9.562649884996
2014-12-09,2014.938172290323,-1.988355277328,-27.694213,-9.556701341234
2014-12-10,2014.940860451613,-1.986618055970,-31.400000,-9.550095737937
2014-12-11,2014.943548612903,-1.984880834613,-24.091560,-9.542897112270
2014-12-12,2014.946236774193,-1.983143613255,-28.769790,-9.535193988118
2014-12-13,2014.948924935484,-1.981406391898,-32.060996,-9.527095720808
2014-12-14,2014.951613096774,-1.979669170540,-33.483464,-9.518727981675
2014-12-15,2014.954301258065,-1.977931949183,-27.300000,-9.510227568922
2014-12-16,2014.956989419355,-1.976194727825,-29.800000,-9.501736759029
2014-12-17,2014.959677580645,-1.974457506468,-29.686602,-9.493397431959
2014-12-18,2014.962365741935,-1.972720285110,-29.347271,-9.485345212742
2014-12-19,2014.965053903226,-1.970983063753,-31.900000,-9.477703871324
2014-12-20,2014.967742064516,-1.969245842395,-30.922963,-9.470580211936
2014-12-21,2014.970430225806,-1.967508621038,-28.690407,-9.464059663001
2014-12-23,2014.975806548387,-1.964034178323,-27.694213,-9.453042594673
2014-12-25,2014.981182870968,-1.960559735608,-27.800000,-9.444801020207
2014-12-26,2014.983871032258,-1.958822514250,-24.606009,-9.441642472068
2014-12-28,2014.989247354839,-1.955348071535,-30.284319,-9.436861604323
2014-12-29,2014.991935516129,-1.953610850178,-29.300000,-9.435019258656
2014-12-30,2014.994623677419,-1.951873628820,-31.280514,-9.433369928304
2014-12-31,2014.997311838710,-1.950136407463,-27.300000,-9.431772999043
2015-01-01,2015.000000000000,-1.948399186105,-26.698018,-9.430085692937
2015-01-02,2015.002688161290,-1.946662245717,-25.104106,-9.428169299542
2015-01-03,2015.005376322581,-1.944925305329,-25.745630,-9.425894045795
2015-01-04,2015.008064483871,-1.943188364941,-29.300000,-9.423145233459
2015-01-05,2015.010752645161,-1.941451424553,-28.800000,-9.419827711884
2015-01-06,2015.013440806452,-1.939714484165,-23.609814,-9.415869805647
2015-01-07,2015.016128967742,-1.937977543777,-32.892579,-9.411226273170
2015-01-09,2015.021505290323,-1.934503663001,-28.784590,-9.399843569129
2015-01-10,2015.024193451613,-1.932766722613,-24.651102,-9.393157021036
2015-01-11,2015.026881612903,-1.931029782225,-25.748477,-9.385887921452
2015-01-12,2015.029569774194,-1.929292841837,-26.542626,-9.378127708502
2015-01-13,2015.032257935484,-1.927555901449,-24.217850,-9.369988092526
2015-01-14,2015.034946096774,-1.925818961061,-24.708735,-9.361596444891
2015-01-15,2015.037634258065,-1.924082020672,-23.852053,-9.353090540352
2015-01-16,2015.040322419355,-1.922345080284,-30.284319,-9.344612869963
2015-01-17,2015.043010580645,-1.920608139896,-30.539305,-9.336304759330
2015-01-18,2015.045698741935,-1.918871199508,-26.800000,-9.328300534957
2015-01-19,2015.048386903226,-1.917134259120,-24.107912,-9.320721979507
2015-01-20,2015.051075064516,-1.915397318732,-26.852738,-9.313673304848
2015-01-21,2015.053763225807,-1.913660378344,-26.698018,-9.307236850388
2015-01-22,2015.056451387097,-1.911923437956,-27.070665,-9.301469684259
2015-01-23,2015.059139548387,-1.910186497568,-28.690407,-9.296401247659
2015-01-24,2015.061827709677,-1.908449557180,-32.400175,-9.292032139570
2015-01-25,2015.064515870968,-1.906712616792,-29.800000,-9.288334092040
2015-01-26,2015.067204032258,-1.904975676404,-30.563811,-9.285251137025
2015-01-27,2015.069892193548,-1.903238736016,-29.800000,-9.282701916644
2015-01-28,2015.072580354839,-1.901501795628,-28.300000,-9.280583041475
2015-01-29,2015.075268516129,-1.899764855240,-30.330071,-9.278773358272
2015-01-30,2015.077956677419,-1.898027914851,-30.415280,-9.277138950940
2015-01-31,2015.080644838710,-1.896290974463,-32.161482,-9.275538668333
2015-02-01,2015.083333000000,-1.894554034075,-31.836451,-9.273829950701
2015-02-02,2015.086309214286,-1.892631303954,-33.117748,-9.271645536012
2015-02-04,2015.092261642857,-1.888785843713,-33.400000,-9.265705742978
2015-02-05,2015.095237857143,-1.886863113592,-24.022489,-9.261685060506
2015-02-06,2015.098214071429,-1.884940383471,-25.602204,-9.256845337291
2015-02-07,2015.101190285714,-1.883017653350,-27.335701,-9.251148425136
2015-02-08,2015.104166500000,-1.881094923229,-29.323554,-9.244599499461
2015-02-09,2015.107142714286,-1.879172193108,-33.385310,-9.237246797738
2015-02-10,2015.110118928571,-1.877249462987,-31.904388,-9.229179181494
2015-02-11,2015.113095142857,-1.875326732866,-34.069859,-9.220521645112
2015-02-12,2015.116071357143,-1.873404002745,-29.225878,-9.211428998433
2015-02-13,2015.119047571429,-1.871481272624,-23.708975,-9.202078042424
2015-02-14,2015.122023785714,-1.869558542503,-26.951102,-9.192658633401
2015-02-15,2015.125000000000,-1.867635812382,-25.407000,-9.183364087393
2015-02-16,2015.127976214286,-1.865713082261,-26.897257,-9.174381409668
2015-02-17,2015.130952428571,-1.863790352140,-24.898058,-9.165881843200
2015-02-18,2015.133928642857,-1.861867622019,-23.012098,-9.158012213787
2015-02-19,2015.136904857143,-1.859944891899,-38.300000,-9.150887509263
2015-02-20,2015.139881071429,-1.858022161778,-32.700000,-9.144585067830
2015-02-21,2015.142857285714,-1.856099431657,-31.907771,-9.139140669275
2015-02-22,2015.145833500000,-1.854176701536,-28.274540,-9.134546726602
2015-02-23,2015.148809714286,-1.852253971415,-26.897257,-9.130752669490
2015-02-24,2015.151785928571,-1.850331241294,-20.600000,-9.127667500198
2015-02-26,2015.157738357143,-1.846485781052,-28.300000,-9.123087102775
2015-02-27,2015.160714571429,-1.844563050931,-34.241732,-9.121257864612
2015-02-28,2015.163690785714,-1.842640320810,-33.138354,-9.119486375576
2015-03-01,2015.166667000000,-1.840717590689,-35.722741,-9.117579414280
2015-03-02,2015.169355161290,-1.838981212104,-28.690407,-9.115585594082
2015-03-03,2015.172043322581,-1.837244833518,-29.392626,-9.113202919431
2015-03-04,2015.174731483871,-1.835508454933,-33.400000,-9.110321264720
2015-03-05,2015.177419645161,-1.833772076347,-36.514386,-9.106851088005
2015-03-06,2015.180107806452,-1.832035697762,-34.318907,-9.102727124742
2015-03-07,2015.182795967742,-1.830299319176,-22.364701,-9.097911080045
2015-03-08,2015.185484129032,-1.828562940591,-27.203005,-9.092393208405
2015-03-09,2015.188172290323,-1.826826562005,-31.280514,-9.086192715711
2015-03-10,2015.190860451613,-1.825090183419,-29.388828,-9.079356966975
2015-03-12,2015.196236774193,-1.821617426249,-30.400000,-9.064097152776
2015-03-13,2015.198924935484,-1.819881047663,-37.456921,-9.055885748237
2015-03-14,2015.201613096774,-1.818144669077,-25.519674,-9.047455636924
2015-03-15,2015.204301258065,-1.816408290492,-35.863009,-9.038946158903
2015-03-16,2015.206989419355,-1.814671911906,-40.246266,-9.030499928230
2015-03-17,2015.209677580645,-1.812935533321,-35.000088,-9.022256949916
2015-03-18,2015.212365741935,-1.811199154735,-27.377656,-9.014348844515
2015-03-19,2015.215053903226,-1.809462776150,-30.284319,-9.006893418577
2015-03-20,2015.217742064516,-1.807726397564,-30.797187,-8.999989804958
2015-03-21,2015.220430225806,-1.805990018979,-29.736412,-8.993714373445
2015-03-22,2015.223118387097,-1.804253640393,-25.307257,-8.988117580385
2015-03-23,2015.225806548387,-1.802517261808,-26.399159,-8.983221887292
2015-03-24,2015.228494709677,-1.800780883222,-25.153956,-8.979020834270
2015-03-25,2015.231182870968,-1.799044504637,-27.800000,-8.975479306501
2015-03-26,2015.233871032258,-1.797308126051,-27.998058,-8.972534982775
2015-03-28,2015.239247354839,-1.793835368880,-26.100301,-8.968069071983
2015-03-29,2015.241935516129,-1.792098990295,-38.052992,-8.966314881425
2015-03-30,2015.244623677419,-1.790362611709,-37.955018,-8.964702283161
2015-03-31,2015.247311838710,-1.788626233124,-40.495558,-8.963089384801
2015-04-01,2015.250000000000,-1.786889854538,-36.000000,-8.961334306333
2015-04-02,2015.252777766667,-1.785095886861,-35.364912,-8.959227343198
2015-04-03,2015.255555533333,-1.783301919183,-33.400000,-8.956686456219
2015-04-04,2015.258333300000,-1.781507951506,-37.975606,-8.953593709368
2015-04-05,2015.261111066667,-1.779713983828,-28.192310,-8.949855461093
2015-04-06,2015.263888833333,-1.777920016151,-23.243406,-8.945406486697
2015-04-07,2015.266666600000,-1.776126048473,-16.021470,-8.940212849713
2015-04-08,2015.269444366667,-1.774332080796,-23.416529,-8.934273395889
2015-04-09,2015.272222133333,-1.772538113118,-34.866814,-8.927619804003
2015-04-10,2015.274999900000,-1.770744145441,-35.909940,-8.920315191267
2015-04-11,2015.277777666667,-1.768950177764,-36.361106,-8.912451334727
2015-04-12,2015.280555433333,-1.767156210086,-34.960675,-8.904144630968
2015-04-13,2015.283333200000,-1.765362242409,-31.599836,-8.895530972001
2015-04-14,2015.286110966667,-1.763568274731,-36.958791,-8.886759762896
2015-04-15,2015.288888733333,-1.761774307054,-34.368717,-8.877987344539
2015-04-16,2015.291666500000,-1.759980339376,-32.027660,-8.869370111053
2015-04-17,2015.294444266667,-1.758186371699,-22.015903,-8.861057624869
2015-04-18,2015.297222033333,-1.756392404021,-23.012098,-8.853186032555
2015-04-19,2015.299999800000,-1.754598436344,-22.749059,-8.845872071249
2015-04-20,2015.302777566667,-1.752804468666,-29.847108,-8.839207929548
2015-04-21,2015.305555333333,-1.751010500989,-25.183762,-8.833257189098
2015-04-22,2015.308333100000,-1.749216533311,-24.200000,-8.828052025545
2015-04-23,2015.311110866667,-1.747422565634,-28.800000,-8.823591792072
2015-04-24,2015.313888633333,-1.745628597956,-37.028772,-8.819843047870
2015-04-26,2015.319444166667,-1.742040662602,-33.086451,-8.814192505939
2015-04-27,2015.322221933333,-1.740246694924,-43.528503,-8.812079874975
2015-04-28,2015.324999700000,-1.738452727247,-40.445505,-8.810266348306
2015-04-29,2015.327777466667,-1.736658759569,-30.400000,-8.808601969384
2015-04-30,2015.330555233333,-1.734864791892,-31.400000,-8.806930215745
2015-05-01,2015.333333000000,-1.733070824214,-36.000000,-8.805094889583
2015-05-02,2015.336021193549,-1.737941978227,-31.037403,-8.809784067491
2015-05-03,2015.338709387097,-1.742813132240,-21.100000,-8.815229068244
2015-05-04,2015.341397580645,-1.747684286253,-23.506443,-8.824197012993
2015-05-05,2015.344085774194,-1.752555440266,-27.585030,-8.838338168730
2015-05-06,2015.346773967742,-1.757426594278,-29.188505,-8.857662775753
2015-05-07,2015.349462161290,-1.762297748291,-30.300151,-8.880537801261
2015-05-09,2015.354838548387,-1.772040056317,-33.450088,-8.925653694113
2015-05-10,2015.357526741936,-1.776911210330,-30.732606,-8.942578410152
2015-05-11,2015.360214935484,-1.781782364343,-35.115863,-8.954106584117
2015-05-12,2015.362903129032,-1.786653518356,-34.000000,-8.961076831543
2015-05-14,2015.368279516129,-1.796395826381,-29.686602,-8.971198897628
2015-05-15,2015.370967709677,-1.801266980394,-9.786087,-8.980128411754
2015-05-16,2015.373655903226,-1.806138134407,-4.201644,-8.994223728110
2015-05-17,2015.376344096774,-1.811009288420,-8.881816,-9.013509619132
2015-05-18,2015.379032290323,-1.815880442433,-1.105065,-9.036365325880
2015-05-19,2015.381720483871,-1.820751596446,4.306677,-9.060038375838
2015-05-20,2015.384408677419,-1.825622750459,0.230704,-9.081517179922
2015-05-21,2015.387096870968,-1.830493904472,1.747566,-9.098485775388
2015-05-22,2015.389785064516,-1.835365058485,6.525416,-9.110058039203
2015-05-23,2015.392473258064,-1.840236212497,-7.670699,-9.117058609405
2015-05-25,2015.397849645161,-1.849978520523,5.113478,-9.127168979785
2015-05-28,2015.405914225806,-1.864591982562,0.984860,-9.169356720079
2015-05-29,2015.408602419355,-1.869463136575,-0.937700,-9.192192909471
2015-05-30,2015.411290612903,-1.874334290588,-0.252955,-9.215871945110
2015-05-31,2015.413978806451,-1.879205444600,9.651116,-9.237380340311
2015-06-01,2015.416667000000,-1.884076598613,-10.219100,-9.254392751269
2015-06-02,2015.419444766667,-1.882282106986,-7.890258,-9.248742045274
2015-06-04,2015.425000300000,-1.878693123731,8.172215,-9.235299240509
2015-06-06,2015.430555833333,-1.875104140477,-1.402283,-9.219488068930
2015-06-07,2015.433333600000,-1.873309648850,-6.471703,-9.210974634709
2015-06-09,2015.438889133333,-1.869720665595,17.000000,-9.193450732559
2015-06-10,2015.441666900000,-1.867926173968,11.088373,-9.184752178489
2015-06-11,2015.444444666667,-1.866131682340,-2.209989,-9.176301498883
2015-06-12,2015.447222433333,-1.864337190713,3.606245,-9.168240939618
2015-06-13,2015.450000200000,-1.862542699086,1.805131,-9.160695562344
2015-06-14,2015.452777966667,-1.860748207459,6.525416,-9.153767735698
2015-06-15,2015.455555733333,-1.858953715831,7.126623,-9.147532626116
2015-06-16,2015.458333500000,-1.857159224204,4.443259,-9.142034886865
2015-06-17,2015.461111266667,-1.855364732577,2.534960,-9.137286691126
2015-06-18,2015.463889033333,-1.853570240949,1.061158,-9.133267195790
2015-06-19,2015.466666800000,-1.851775749322,2.218636,-9.129923459562
2015-06-21,2015.472222333333,-1.848186766068,1.903246,-9.124906311398
2015-06-22,2015.475000100000,-1.846392274440,18.470699,-9.122993909139
2015-06-23,2015.477777866667,-1.844597782813,20.100000,-9.121289812512
2015-06-24,2015.480555633333,-1.842803291186,20.343478,-9.119639090301
2015-06-25,2015.483333400000,-1.841008799558,25.901062,-9.117884460228
2015-06-26,2015.486111166667,-1.839214307931,22.740561,-9.115873217000
2015-06-27,2015.488888933333,-1.837419816304,7.172602,-9.113463958761
2015-06-28,2015.491666700000,-1.835625324676,1.944044,-9.110532815631
2015-06-29,2015.494444466667,-1.833830833049,12.597678,-9.106978905995
2015-06-30,2015.497222233333,-1.832036341422,5.091169,-9.102728780189
2015-07-01,2015.500000000000,-1.830241849795,7.618114,-9.097739655854
2015-07-02,2015.502688161290,-1.828505525864,8.328702,-9.092198910709
2015-07-03,2015.505376322581,-1.826769201933,19.112147,-9.085976710942
2015-07-04,2015.508064483871,-1.825032878002,15.675456,-9.079121320543
2015-07-05,2015.510752645161,-1.823296554071,15.166039,-9.071707121915
2015-07-06,2015.513440806452,-1.821560230140,17.433407,-9.063831547673
2015-07-07,2015.516128967742,-1.819823906209,13.196424,-9.055611061664
2015-07-08,2015.518817129032,-1.818087582279,7.700000,-9.047176354959
2015-07-09,2015.521505290323,-1.816351258348,26.698018,-9.038666954996
2015-07-10,2015.524193451613,-1.814614934417,22.798299,-9.030225470227
2015-07-11,2015.526881612903,-1.812878610486,20.162925,-9.021991707674
2015-07-12,2015.529569774194,-1.811142286555,18.218943,-9.014096906055
2015-07-14,2015.534946096774,-1.807669638693,14.001420,-8.999774394949
2015-07-15,2015.537634258065,-1.805933314762,3.715862,-8.993520683457
2015-07-16,2015.540322419355,-1.804196990831,0.802339,-8.987946751662
2015-07-17,2015.543010580645,-1.802460666901,4.149732,-8.983074123224
2015-07-19,2015.548386903226,-1.798988019039,12.253195,-8.975374536578
2015-07-20,2015.551075064516,-1.797251695108,15.055446,-8.972448388112
2015-07-21,2015.553763225807,-1.795515371177,27.209854,-8.970029253978
2015-07-22,2015.556451387097,-1.793779047246,4.557557,-8.968008525949
2015-07-23,2015.559139548387,-1.792042723315,10.759459,-8.966261161994
2015-07-24,2015.561827709677,-1.790306399384,12.850912,-8.964650844116
2015-07-26,2015.567204032258,-1.786833751523,4.463575,-8.961273665762
2015-07-27,2015.569892193548,-1.785097427592,7.124213,-8.959229320506
2015-07-28,2015.572580354839,-1.783361103661,9.256418,-8.956778497705
2015-07-29,2015.575268516129,-1.781624779730,9.678834,-8.953813896255
2015-07-30,2015.577956677419,-1.779888455799,13.342949,-8.950249407849
2015-07-31,2015.580644838710,-1.778152131868,11.364898,-8.946023668851
2015-08-01,2015.583333000000,-1.776415807937,18.835554,-8.941102591470
2015-08-03,2015.588709387097,-1.772943721724,21.007555,-8.929183845300
2015-08-04,2015.591397580645,-1.771207678617,13.450273,-8.922260325990
2015-08-05,2015.594085774194,-1.769471635511,12.704020,-8.914788378399
2015-08-06,2015.596773967742,-1.767735592404,10.723793,-8.906867818746
2015-08-09,2015.604838548387,-1.762527463085,9.208988,-8.881660276965
2015-08-10,2015.607526741936,-1.760791419978,20.342550,-8.873237079630
2015-08-11,2015.610214935484,-1.759055376871,10.635924,-8.865037192803
2015-08-12,2015.612903129032,-1.757319333765,6.598212,-8.857190449703
2015-08-13,2015.615591322581,-1.755583290658,17.394043,-8.849812121463
2015-08-14,2015.618279516129,-1.753847247552,20.808903,-8.842998163853
2015-08-16,2015.623655903226,-1.750375161338,12.681986,-8.831327825661
2015-08-17,2015.626344096774,-1.748639118232,14.181232,-8.826536090465
2015-08-18,2015.629032290323,-1.746903075125,7.163577,-8.822435350973
2015-08-19,2015.631720483871,-1.745167032018,18.905547,-8.818986409649
2015-08-20,2015.634408677419,-1.743430988912,13.531574,-8.816123191678
2015-08-21,2015.637096870968,-1.741694945805,9.334970,-8.813755469594
2015-08-22,2015.639785064516,-1.739958902699,9.205037,-8.811772583866
2015-08-23,2015.642473258064,-1.738222859592,11.353057,-8.810048006012
2015-08-24,2015.645161451613,-1.736486816486,10.868309,-8.808444556068
2015-08-25,2015.647849645161,-1.734750773379,3.995153,-8.806820059294
2015-08-26,2015.650537838710,-1.733014730272,9.422347,-8.805033208825
2015-08-27,2015.653226032258,-1.731278687166,18.500000,-8.802949392548
2015-08-28,2015.655914225806,-1.729542644059,18.000000,-8.800446243910
2015-08-29,2015.658602419355,-1.727806600953,16.531122,-8.797418687774
2015-08-30,2015.661290612903,-1.726070557846,11.098962,-8.793783273256
2015-08-31,2015.663978806451,-1.724334514739,11.149279,-8.789481614872
2015-09-01,2015.666667000000,-1.722598471633,18.352591,-8.784482800095
2015-09-02,2015.669444766667,-1.720804850561,12.060413,-8.778583926935
2015-09-03,2015.672222533333,-1.719011229489,14.471266,-8.771968674436
2015-09-05,2015.677778066667,-1.715423987345,13.847106,-8.756863652747
2015-09-06,2015.680555833333,-1.713630366273,16.444621,-8.748579273741
2015-09-07,2015.683333600000,-1.711836745201,14.069828,-8.739980257368
2015-09-08,2015.686111366667,-1.710043124129,17.579973,-8.731215351205
2015-09-10,2015.691666900000,-1.706455881985,16.249328,-8.713812493484
2015-09-11,2015.694444666667,-1.704662260913,13.847106,-8.705481050598
2015-09-12,2015.697222433333,-1.702868639841,13.935030,-8.697583247059
2015-09-13,2015.700000200000,-1.701075018769,16.769456,-8.690236972895
2015-09-14,2015.702777966667,-1.699281397697,19.425797,-8.683535847554
2015-09-15,2015.705555733333,-1.697487776625,17.598148,-8.677545100088
2015-09-16,2015.708333500000,-1.695694155553,12.434156,-8.672298698686
2015-09-17,2015.711111266667,-1.693900534481,16.874532,-8.667797855869
2015-09-18,2015.713889033333,-1.692106913409,11.989425,-8.664010975135
2015-09-19,2015.716666800000,-1.690313292337,8.798548,-8.660875041393
2015-09-20,2015.719444566667,-1.688519671265,18.711347,-8.658298394001
2015-09-21,2015.722222333333,-1.686726050193,16.935310,-8.656164760383
2015-09-22,2015.725000100000,-1.684932429121,13.196424,-8.654338372713
2015-09-23,2015.727777866667,-1.683138808049,13.900000,-8.652669942512
2015-09-24,2015.730555633333,-1.681345186977,20.600000,-8.651003230231
2015-09-25,2015.733333400000,-1.679551565905,20.757951,-8.649181920721
2015-09-26,2015.736111166667,-1.677757944833,18.113270,-8.647056502033
2015-09-27,2015.738888933333,-1.675964323761,18.365830,-8.644490844838
2015-09-28,2015.741666700000,-1.674170702689,20.521611,-8.641368192922
2015-09-29,2015.744444466667,-1.672377081617,17.619735,-8.637596301167
2015-09-30,2015.747222233333,-1.670583460545,19.086636,-8.633111494875
2015-10-01,2015.750000000000,-1.668789839473,20.762898,-8.627881471841
2015-10-02,2015.752688161290,-1.667054357879,11.656051,-8.622111814856
2015-10-03,2015.755376322581,-1.665318876285,1.949515,-8.615674436004
2015-10-04,2015.758064483871,-1.663583394691,13.788800,-8.608626520939
2015-10-06,2015.763440806452,-1.660112431502,7.559478,-8.593050229392
2015-10-07,2015.766128967742,-1.658376949908,11.128328,-8.584747551756
2015-10-08,2015.768817129032,-1.656641468314,13.437921,-8.576276434774
2015-10-09,2015.771505290323,-1.654905986719,15.054783,-8.567777872438
2015-10-10,2015.774193451613,-1.653170505125,17.225753,-8.559393989736
2015-10-11,2015.776881612903,-1.651435023531,16.835674,-8.551262185820
2015-10-12,2015.779569774194,-1.649699541936,16.950000,-8.543509471926
2015-10-13,2015.782257935484,-1.647964060342,16.249328,-8.536247237364
2015-10-14,2015.784946096774,-1.646228578748,13.400000,-8.529566659277
2015-10-15,2015.787634258065,-1.644493097154,14.444897,-8.523534945319
2015-10-16,2015.790322419355,-1.642757615559,13.688828,-8.518192564096
2015-10-17,2015.793010580645,-1.641022133965,12.024340,-8.513551577492
2015-10-18,2015.795698741935,-1.639286652371,11.326528,-8.509595143614
2015-10-19,2015.798386903226,-1.637551170777,10.689226,-8.506278210828
2015-10-20,2015.801075064516,-1.635815689182,8.011754,-8.503529374292
2015-10-21,2015.803763225807,-1.634080207588,14.049561,-8.501253818479
2015-10-22,2015.806451387097,-1.632344725994,14.471266,-8.499337224432
2015-10-23,2015.809139548387,-1.630609244400,11.759980,-8.497650480735
2015-10-24,2015.811827709677,-1.628873762805,14.941113,-8.496055004067
2015-10-25,2015.814515870968,-1.627138281211,14.875258,-8.494408450079
2015-10-26,2015.817204032258,-1.625402799617,12.253195,-8.492570579274
2015-10-28,2015.822580354839,-1.621931836428,16.935310,-8.487804803332
2015-10-29,2015.825268516129,-1.620196354834,15.839496,-8.484657106386
2015-10-30,2015.827956677419,-1.618460873240,12.704020,-8.480887566405
2015-10-31,2015.830644838710,-1.616725391645,10.902427,-8.476443430041
2015-11-01,2015.833333000000,-1.614989910051,11.997012,-8.471299743399
2015-11-02,2015.836110800000,-1.526837048717,13.596599,-8.189204852861
2015-11-03,2015.838888600000,-1.438684187391,9.416710,-7.935323687437
2015-11-04,2015.841666400000,-1.350531326057,10.694432,-7.701193832084
2015-11-05,2015.844444200000,-1.262378464730,9.590702,-7.414427926379
2015-11-06,2015.847222000000,-1.174225603397,8.452657,-7.172994734725
2015-11-07,2015.849999800000,-1.086072742070,10.927389,-6.928144081907
2015-11-08,2015.852777600000,-0.997919880736,12.219130,-6.642186376404
2015-11-09,2015.855555400000,-0.909767019410,14.471266,-6.410474649638
2015-11-10,2015.858333200000,-0.821614158076,17.234136,-6.152795288781
2015-11-11,2015.861111000000,-0.733461296749,17.931505,-5.872978705700
2015-11-12,2015.863888800000,-0.645308435415,15.407232,-5.646502241819
2015-11-13,2015.866666600000,-0.557155574089,20.439722,-5.376208400953
2015-11-14,2015.869444400000,-0.469002712755,16.903702,-5.106754251145
2015-11-15,2015.872222200000,-0.380849851428,17.039665,-4.880079207565
2015-11-16,2015.875000000000,-0.292696990095,16.420739,-4.599668475518
2015-11-18,2015.880555600000,-0.116391267434,13.703466,-4.110650833643
2015-11-19,2015.883333400000,-0.028238406100,13.426369,-3.824452068873
2015-11-22,2015.891666800000,0.236220177887,11.647141,-3.051596165838
2015-11-23,2015.894444600000,0.324373039220,10.260805,-2.818093511704
2015-11-24,2015.897222400000,0.412525900547,12.903779,-2.563281152549
2015-11-25,2015.900000200000,0.500678761881,17.500000,-2.281710473842
2015-11-26,2015.902778000000,0.588831623207,20.407172,-2.054535932461
2015-11-27,2015.905555800000,0.676984484541,16.500000,-1.786859354053
2015-11-28,2015.908333600000,0.765137345868,9.786087,-1.514867059220
2015-11-29,2015.911111400000,0.853290207202,13.688828,-1.288713147681
2015-11-30,2015.913889200000,0.941443068528,17.673002,-1.010196185367
2015-12-01,2015.916667000000,1.029595929862,10.148680,-0.750587302253
2015-12-02,2015.919355161290,1.027863783107,13.389455,-0.758729192575
2015-12-03,2015.922043322581,1.026131636351,9.599918,-0.767111367468
2015-12-04,2015.924731483871,1.024399489596,7.634243,-0.775596625279
2015-12-06,2015.930107806452,1.020935196085,9.258432,-0.792312230601
2015-12-07,2015.932795967742,1.019203049330,12.205365,-0.800270175828
2015-12-08,2015.935484129032,1.017470902574,2.291535,-0.807797581880
2015-12-09,2015.938172290323,1.015738755819,-1.689244,-0.814792336505
2015-12-10,2015.940860451613,1.014006609063,-5.874394,-0.821174193501
2015-12-11,2015.943548612903,1.012274462308,-4.231300,-0.826888066935
2015-12-12,2015.946236774193,1.010542315553,5.944932,-0.831906292489
2015-12-14,2015.951613096774,1.007078022042,17.234136,-0.839887892403
2015-12-15,2015.954301258065,1.005345875286,14.673636,-0.842937407062
2015-12-16,2015.956989419355,1.003613728531,3.088204,-0.845460018264
2015-12-18,2015.962365741935,1.000149435020,14.923554,-0.849355283125
2015-12-19,2015.965053903226,0.998417288265,12.249905,-0.850981826593
2015-12-20,2015.967742064516,0.996685141509,10.635924,-0.852578823707
2015-12-21,2015.970430225806,0.994952994754,2.948947,-0.854287613418
2015-12-22,2015.973118387097,0.993220847998,8.517570,-0.856244945444
2015-12-23,2015.975806548387,0.991488701243,14.345204,-0.858577366508
2015-12-24,2015.978494709677,0.989756554488,18.760588,-0.861396025427
2015-12-25,2015.981182870968,0.988024407732,11.800000,-0.864792110305
2015-12-26,2015.983871032258,0.986292260977,13.657036,-0.868833105140
2015-12-27,2015.986559193548,0.984560114221,13.400000,-0.873560019513
2015-12-28,2015.989247354839,0.982827967466,7.090616,-0.878985705096
2015-12-29,2015.991935516129,0.981095820711,11.620731,-0.885094328067
2015-12-30,2015.994623677419,0.979363673955,10.190517,-0.891842019112
2015-12-31,2015.997311838710,0.977631527200,9.978500,-0.899158674322
2016-01-01,2016.000000000000,0.975899380444,8.739141,-0.906950833046
2016-01-02,2016.002688161290,0.974167513838,10.024465,-0.915104173106
2016-01-03,2016.005376322581,0.972435647231,7.963440,-0.923492119189
2016-01-04,2016.008064483871,0.970703780624,7.870215,-0.931977243576
2016-01-05,2016.010752645161,0.968971914017,13.491505,-0.940418130531
2016-01-06,2016.013440806452,0.967240047411,13.924595,-0.948675179742
2016-01-07,2016.016128967742,0.965508180804,14.675456,-0.956616335246
2016-01-08,2016.018817129032,0.963776314197,13.900000,-0.964122504761
2016-01-09,2016.021505290323,0.962044447590,15.547187,-0.971092447004
2016-01-10,2016.024193451613,0.960312580984,14.400000,-0.977446926442
2016-01-11,2016.026881612903,0.958580714377,8.881816,-0.983131964966
2016-01-12,2016.029569774194,0.956848847770,5.650000,-0.988121057055
2016-01-13,2016.032257935484,0.955116981164,3.250354,-0.992416257509
2016-01-14,2016.034946096774,0.953385114557,1.701752,-0.996048097124
2016-01-16,2016.040322419355,0.949921381343,6.704094,-1.001577562259
2016-01-17,2016.043010580645,0.948189514737,15.166039,-1.003661864369
2016-01-18,2016.045698741935,0.946457648130,11.620731,-1.005448497964
2016-01-19,2016.048386903226,0.944725781523,8.983110,-1.007070940665
2016-01-21,2016.053763225807,0.941262048310,17.504666,-1.010385100095
2016-01-22,2016.056451387097,0.939530181703,15.168593,-1.012354405356
2016-01-24,2016.061827709677,0.936066448490,16.741732,-1.017542202557
2016-01-25,2016.064515870968,0.934334581883,13.765120,-1.020961392489
2016-01-26,2016.067204032258,0.932602715276,13.196424,-1.025027355484
2016-01-27,2016.069892193548,0.930870848670,2.739858,-1.029780029807
2016-01-28,2016.072580354839,0.929138982063,0.206422,-1.035231172396
2016-01-29,2016.075268516129,0.927407115456,6.194626,-1.041363876372
2016-01-30,2016.077956677419,0.925675248849,4.696980,-1.048133264874
2016-01-31,2016.080644838710,0.923943382243,10.567061,-1.055468332713
2016-02-01,2016.083333000000,0.922211515636,4.169016,-1.063274860294
2016-02-02,2016.086206586207,0.920360509374,3.262708,-1.072010905889
2016-02-03,2016.089080172414,0.918509503112,12.569748,-1.080998601476
2016-02-04,2016.091953758621,0.916658496849,22.256655,-1.090069178847
2016-02-05,2016.094827344828,0.914807490587,20.023513,-1.099049986309
2016-02-06,2016.097700931035,0.912956484325,18.801874,-1.107772578403
2016-02-07,2016.100574517242,0.911105478063,12.850912,-1.116080608510
2016-02-11,2016.112068862069,0.903701453014,-1.250267,-1.142846044515
2016-02-12,2016.114942448276,0.901850446752,6.525416,-1.147613405512
2016-02-14,2016.120689620690,0.898148434227,6.620712,-1.154911473356
2016-02-15,2016.123563206897,0.896297427965,15.734492,-1.157604936653
2016-02-16,2016.126436793103,0.894446421703,12.653628,-1.159820115245
2016-02-18,2016.132183965517,0.890744409179,10.923638,-1.163425317428
2016-02-19,2016.135057551724,0.888893402917,12.597678,-1.165151129071
2016-02-20,2016.137931137931,0.887042396654,2.209766,-1.167054498549
2016-02-21,2016.140804724138,0.885191390392,1.246992,-1.169298598319
2016-02-22,2016.143678310345,0.883340384130,5.899089,-1.172030635703
2016-02-23,2016.146551896552,0.881489377868,7.456336,-1.175374955389
2016-02-24,2016.149425482758,0.879638371606,8.739141,-1.179427213185
2016-02-25,2016.152299068965,0.877787365343,2.439019,-1.184249894001
2016-02-26,2016.155172655172,0.875936359081,11.188058,-1.189869384080
2016-02-27,2016.158046241379,0.874085352819,19.827514,-1.196274734653
2016-02-28,2016.160919827586,0.872234346557,9.353074,-1.203418174950
2016-02-29,2016.163793413793,0.870383340295,7.969977,-1.211217350532
2016-03-01,2016.166667000000,0.868532334033,5.498721,-1.219559182060
2016-03-02,2016.169355161290,0.866801027587,4.146442,-1.227730356042
2016-03-03,2016.172043322581,0.865069721142,1.931537,-1.236126757373
2016-03-04,2016.174731483871,0.863338414697,-1.996447,-1.244610633304
2016-03-05,2016.177419645161,0.861607108252,1.627080,-1.253040643610
2016-03-06,2016.180107806452,0.859875801806,3.108075,-1.261277657183
2016-03-07,2016.182795967742,0.858144495361,6.090053,-1.269190458031
2016-03-08,2016.185484129032,0.856413188916,3.523804,-1.276661126660
2016-03-09,2016.188172290323,0.854681882470,5.994861,-1.283589876150
2016-03-10,2016.190860451613,0.852950576025,6.674504,-1.289899144576
2016-03-11,2016.193548612903,0.851219269580,17.931505,-1.295536775960
2016-03-12,2016.196236774193,0.849487963135,3.915782,-1.300478159263
2016-03-13,2016.198924935484,0.847756656690,-0.064705,-1.304727237733
2016-03-14,2016.201613096774,0.846025350244,-6.535248,-1.308316347182
2016-03-15,2016.204301258065,0.844294043799,-3.351797,-1.311304889838
2016-03-16,2016.206989419355,0.842562737354,-8.358687,-1.313776898169
2016-03-17,2016.209677580645,0.840831430909,2.599102,-1.315837588566
2016-03-18,2016.212365741935,0.839100124463,4.733037,-1.317609046250
2016-03-19,2016.215053903226,0.837368818018,1.844443,-1.319225218352
2016-03-20,2016.217742064516,0.835637511573,-3.791510,-1.320826420520
2016-03-21,2016.220430225806,0.833906205127,-2.240061,-1.322553582345
2016-03-22,2016.223118387097,0.832174898682,4.792432,-1.324542467604
2016-03-23,2016.225806548387,0.830443592237,-0.530579,-1.326918106364
2016-03-24,2016.228494709677,0.828712285792,1.721884,-1.329789667293
2016-03-25,2016.231182870968,0.826980979346,6.332743,-1.333245980472
2016-03-26,2016.233871032258,0.825249672901,5.032020,-1.337351894323
2016-03-27,2016.236559193548,0.823518366456,15.371651,-1.342145616077
2016-03-28,2016.239247354839,0.821787060011,14.843301,-1.347637144823
2016-03-29,2016.241935516129,0.820055753566,-2.796126,-1.353807861436
2016-03-30,2016.244623677419,0.818324447120,-9.678834,-1.360611292174
2016-03-31,2016.247311838710,0.816593140675,-8.075424,-1.367975014642
2016-04-01,2016.250000000000,0.814861834230,-7.150341,-1.375803627958
2016-04-02,2016.252777766667,0.813073106916,-3.093974,-1.384258472394
2016-04-03,2016.255555533333,0.811284379603,-5.429301,-1.392945031048
2016-04-04,2016.258333300000,0.809495652289,-1.048791,-1.401710909287
2016-04-05,2016.261111066667,0.807706924976,-2.846779,-1.410400240891
2016-04-06,2016.263888833333,0.805918197662,-4.927155,-1.418860509862
2016-04-07,2016.266666600000,0.804129470348,-8.075424,-1.426949225593
2016-04-08,2016.269444366667,0.802340743035,-4.350000,-1.434540159261
2016-04-09,2016.272222133333,0.800552015721,-4.363940,-1.441528868491
2016-04-10,2016.274999900000,0.798763288408,-0.145077,-1.447837268484
2016-04-11,2016.277777666667,0.796974561094,-3.117691,-1.453417049562
2016-04-12,2016.280555433333,0.795185833781,-5.252509,-1.458251791537
2016-04-13,2016.283333200000,0.793397106467,-0.492404,-1.462357682373
2016-04-14,2016.286110966667,0.791608379154,-4.084398,-1.465782809690
2016-04-15,2016.288888733333,0.789819651840,7.520291,-1.468605056110
2016-04-16,2016.291666500000,0.788030924526,10.037588,-1.470928690564
2016-04-17,2016.294444266667,0.786242197213,11.397925,-1.472879804751
2016-04-18,2016.297222033333,0.784453469899,4.146113,-1.474600794478
2016-04-19,2016.299999800000,0.782664742586,-2.612874,-1.476244127419
2016-04-20,2016.302777566667,0.780876015272,-2.795246,-1.477965670054
2016-04-23,2016.311110866667,0.775509833332,2.155353,-1.485067285661
2016-04-24,2016.313888633333,0.773721106018,-3.140782,-1.488494715406
2016-04-25,2016.316666400000,0.771932378705,-6.765787,-1.492603134380
2016-04-26,2016.319444166667,0.770143651391,-7.875548,-1.497440519553
2016-04-27,2016.322221933333,0.768354924077,1.658764,-1.503022943205
2016-04-28,2016.324999700000,0.766566196764,-1.076619,-1.509333869492
2016-04-29,2016.327777466667,0.764777469450,-1.608693,-1.516324878165
2016-04-30,2016.330555233333,0.762988742137,7.443148,-1.523917783787
2016-05-01,2016.333333000000,0.761200014823,-0.864371,-1.532008057676
2016-05-02,2016.336021193549,0.805981852246,-8.653570,-1.418565010406
2016-05-03,2016.338709387097,0.850763689665,0.047073,-1.296904911667
2016-05-04,2016.341397580645,0.895545527088,11.958365,-1.158554485950
2016-05-05,2016.344085774194,0.940327364511,14.230961,-1.011408089857
2016-05-08,2016.352150354839,1.074672876776,6.508321,-0.635748602797
2016-05-09,2016.354838548387,1.119454714195,1.475269,-0.515040898179
2016-05-11,2016.360214935484,1.209018389037,-0.000000,-0.230636558445
2016-05-12,2016.362903129032,1.253800226460,8.697413,-0.090283183676
2016-05-13,2016.365591322581,1.298582063883,5.988740,0.033498423019
2016-05-14,2016.368279516129,1.343363901302,3.586301,0.147101046914
2016-05-15,2016.370967709677,1.388145738725,14.181232,0.266899653159
2016-05-16,2016.373655903226,1.432927576148,3.676779,0.403193019165
2016-05-17,2016.376344096774,1.477709413567,-1.228728,0.550104076355
2016-05-18,2016.379032290323,1.522491250990,-7.283200,0.691343350032
2016-05-19,2016.381720483871,1.567273088413,4.074820,0.816183489347
2016-05-20,2016.384408677419,1.612054925832,2.804565,0.929979212885
2016-05-21,2016.387096870968,1.656836763255,-3.052904,1.048916119589
2016-05-22,2016.389785064516,1.701618600678,15.166039,1.184138026100
2016-05-23,2016.392473258064,1.746400438097,4.936345,1.330818607472
2016-05-24,2016.395161451613,1.791182275520,11.796849,1.472894408752
2016-05-25,2016.397849645161,1.835964112939,12.900000,1.598817725101
2016-05-26,2016.400537838710,1.880745950362,2.477519,1.712881040516
2016-05-27,2016.403226032258,1.925527787785,5.091169,1.831007535717
2016-05-28,2016.405914225806,1.970309625204,4.600000,1.965135770162
2016-05-29,2016.408602419355,2.015091462627,7.172602,2.111511945658
2016-05-30,2016.411290612903,2.059873300050,15.007366,2.254371127657
2016-05-31,2016.413978806451,2.104655137469,12.824647,2.381397376684
2016-06-01,2016.416667000000,2.149436974892,6.664587,2.495801568429
2016-06-02,2016.419444766667,2.147641052663,7.127331,2.487143592092
2016-06-03,2016.422222533333,2.145845130434,2.430250,2.478770522806
2016-06-04,2016.425000300000,2.144049208205,4.582229,2.470821224804
2016-06-05,2016.427778066667,2.142253285976,1.076819,2.463415866148
2016-06-06,2016.430555833333,2.140457363747,18.268184,2.456650617095
2016-06-07,2016.433333600000,2.138661441518,14.625365,2.450593407204
2016-06-08,2016.436111366667,2.136865519289,5.055244,2.445280928379
2016-06-09,2016.438889133333,2.135069597060,-10.021313,2.440717016085
2016-06-10,2016.441666900000,2.133273674831,-7.399246,2.436872480125
2016-06-11,2016.444444666667,2.131477752602,-2.696541,2.433686392472
2016-06-12,2016.447222433333,2.129681830373,7.437629,2.431068775323
2016-06-13,2016.450000200000,2.127885908144,22.852053,2.428904570790
2016-06-14,2016.452777966667,2.126089985915,27.800000,2.427058717085
2016-06-15,2016.455555733333,2.124294063686,13.406698,2.425382107246
2016-06-16,2016.458333500000,2.122498141457,6.126026,2.423718167520
2016-06-18,2016.463889033333,2.118906296999,2.899138,2.419806140928
2016-06-19,2016.466666800000,2.117110374770,4.936345,2.417269560299
2016-06-21,2016.472222333333,2.113518530312,-2.698312,2.410447332789
2016-06-23,2016.477777866667,2.109926685854,13.650000,2.400809746175
2016-06-24,2016.480555633333,2.108130763625,14.289419,2.394870326511
2016-06-25,2016.483333400000,2.106334841396,14.017341,2.388214822132
2016-06-26,2016.486111166667,2.104538919167,-0.819152,2.380906320822
2016-06-27,2016.488888933333,2.102742996938,17.510564,2.373036719633
2016-06-28,2016.491666700000,2.100947074709,10.159077,2.364722670520
2016-06-29,2016.494444466667,2.099151152480,6.295941,2.356100433833
2016-06-30,2016.497222233333,2.097355230251,-1.577579,2.347319866705
2016-07-01,2016.500000000000,2.095559308022,11.666847,2.338537811576
2016-07-02,2016.502688161290,2.093821599862,20.348822,2.330186795827
2016-07-03,2016.505376322581,2.092083891702,12.903562,2.322117447164
2016-07-04,2016.508064483871,2.090346183542,10.897105,2.314454253842
2016-07-05,2016.510752645161,2.088608475381,18.851876,2.307304924033
2016-07-07,2016.516128967742,2.085133059061,18.149615,2.294868964887
2016-07-08,2016.518817129032,2.083395350901,15.036570,2.289678335461
2016-07-09,2016.521505290323,2.081657642741,14.664715,2.285189603186
2016-07-10,2016.524193451613,2.079919934580,1.047466,2.281379325112
2016-07-11,2016.526881612903,2.078182226420,0.411368,2.278196028326
2016-07-12,2016.529569774194,2.076444518260,3.600000,2.275562336524
2016-07-13,2016.532257935484,2.074706810100,3.725000,2.273378166774
2016-07-15,2016.537634258065,2.071231393779,16.444621,2.269870105072
2016-07-16,2016.540322419355,2.069493685619,6.598212,2.268273361834
2016-07-17,2016.543010580645,2.067755977459,8.304203,2.266591710780
2016-07-18,2016.545698741935,2.066018269299,14.392295,2.264685735936
2016-07-19,2016.548386903226,2.064280561138,15.989266,2.262425289142
2016-07-20,2016.551075064516,2.062542852978,9.678834,2.259694867053
2016-07-21,2016.553763225807,2.060805144818,4.841142,2.256398383097
2016-07-22,2016.556451387097,2.059067436658,7.172602,2.252463137236
2016-07-23,2016.559139548387,2.057329728497,16.420739,2.247842819532
2016-07-24,2016.561827709677,2.055592020337,1.675078,2.242519423416
2016-07-25,2016.564515870968,2.053854312177,22.514000,2.236503989616
2016-07-26,2016.567204032258,2.052116604017,21.268757,2.229836150022
2016-07-27,2016.569892193548,2.050378895856,16.500000,2.222582490308
2016-07-28,2016.572580354839,2.048641187696,6.193686,2.214833798990
2016-07-29,2016.575268516129,2.046903479536,7.765816,2.206701316540
2016-07-30,2016.577956677419,2.045165771376,1.346615,2.198312139552
2016-07-31,2016.580644838710,2.043428063216,7.235633,2.189803969816
2016-08-01,2016.583333000000,2.041690355055,22.065713,2.181319425239
2016-08-02,2016.586021193549,2.039952927943,21.932648,2.173001472421
2016-08-03,2016.588709387097,2.038215500831,18.353889,2.164983482881
2016-08-04,2016.591397580645,2.036478073719,14.673636,2.157387817331
2016-08-05,2016.594085774194,2.034740646607,14.875258,2.150319394028
2016-08-06,2016.596773967742,2.033003219495,13.909332,2.143861355521
2016-08-07,2016.599462161290,2.031265792383,20.111730,2.138071634775
2016-08-08,2016.602150354839,2.029528365271,19.429534,2.132980562472
2016-08-09,2016.604838548387,2.027790938159,15.407232,2.128589614321
2016-08-10,2016.607526741936,2.026053511047,7.592306,2.124871350107
2016-08-11,2016.610214935484,2.024316083935,4.827555,2.121770547004
2016-08-12,2016.612903129032,2.022578656823,4.664633,2.119206480341
2016-08-13,2016.615591322581,2.020841229711,13.477925,2.117076257623
2016-08-14,2016.618279516129,2.019103802599,31.280514,2.115259068107
2016-08-15,2016.620967709677,2.017366375486,21.565047,2.113621172422
2016-08-16,2016.623655903226,2.015628948374,16.914467,2.112021426160
2016-08-17,2016.626344096774,2.013891521262,15.588457,2.110317109297
2016-08-18,2016.629032290323,2.012154094150,15.588457,2.108369820695
2016-08-19,2016.631720483871,2.010416667038,19.397751,2.106051194222
2016-08-20,2016.634408677419,2.008679239926,15.688554,2.103248200426
2016-08-21,2016.637096870968,2.006941812814,19.415109,2.099867814772
2016-08-22,2016.639785064516,2.005204385702,16.910763,2.095840859667
2016-08-23,2016.642473258064,2.003466958590,18.440517,2.091124861570
2016-08-24,2016.645161451613,2.001729531478,15.839496,2.085705805197
2016-08-25,2016.647849645161,1.999992104366,10.828570,2.079598712373
2016-08-26,2016.650537838710,1.998254677254,8.939417,2.072847021605
2016-08-27,2016.653226032258,1.996517250142,12.009331,2.065520794031
2016-08-28,2016.655914225806,1.994779823030,17.826175,2.057713819812
2016-08-29,2016.658602419355,1.993042395918,21.013850,2.049539744488
2016-08-30,2016.661290612903,1.991304968805,17.417603,2.041127375295
2016-08-31,2016.663978806451,1.989567541693,9.786087,2.032615361276
2016-09-01,2016.666667000000,1.987830114581,14.471266,2.024146466916
2016-09-02,2016.669444766667,1.986035063602,18.021982,2.015591634683
2016-09-03,2016.672222533333,1.984240012622,17.588514,2.007380127566
2016-09-04,2016.675000300000,1.982444961642,15.893010,1.999643666330
2016-09-05,2016.677778066667,1.980649910663,8.451851,1.992493033668
2016-09-06,2016.680555833333,1.978854859683,8.054036,1.986013191349
2016-09-07,2016.683333600000,1.977059808703,16.832234,1.980259535460
2016-09-08,2016.686111366667,1.975264757724,12.224378,1.975255454764
2016-09-09,2016.688889133333,1.973469706744,5.669275,1.970991299829
2016-09-10,2016.691666900000,1.971674655764,22.600000,1.967424808328
2016-09-11,2016.694444666667,1.969879604785,14.659910,1.964482967793
2016-09-12,2016.697222433333,1.968084553805,18.429602,1.962065233704
2016-09-13,2016.700000200000,1.966289502825,17.854160,1.960047961077
2016-09-14,2016.702777966667,1.964494451846,20.381035,1.958289854232
2016-09-15,2016.705555733333,1.962699400866,15.658443,1.956638194523
2016-09-16,2016.708333500000,1.960904349886,7.700000,1.954935571551
2016-09-17,2016.711111266667,1.959109298907,14.875258,1.953026821169
2016-09-18,2016.713889033333,1.957314247927,20.770659,1.950765864481
2016-09-19,2016.716666800000,1.955519196947,16.130961,1.948022146399
2016-09-20,2016.719444566667,1.953724145968,12.495991,1.944686389978
2016-09-21,2016.722222333333,1.951929094988,11.755097,1.940675412893
2016-09-22,2016.725000100000,1.950134044008,9.165595,1.935935793778
2016-09-23,2016.727777866667,1.948338993029,11.714164,1.930446226817
2016-09-24,2016.730555633333,1.946543942049,15.392157,1.924218460818
2016-09-25,2016.733333400000,1.944748891070,21.025646,1.917296781377
2016-09-26,2016.736111166667,1.942953840090,17.726540,1.909756058946
2016-09-27,2016.738888933333,1.941158789110,17.894114,1.901698448852
2016-09-28,2016.741666700000,1.939363738131,14.085734,1.893248888712
2016-09-29,2016.744444466667,1.937568687151,19.125331,1.884549591691
2016-09-30,2016.747222233333,1.935773636171,19.226558,1.875753778333
2016-10-01,2016.750000000000,1.933978585192,13.548248,1.867018923224
2016-10-02,2016.752688161290,1.932241720039,12.994414,1.858771044347
2016-10-03,2016.755376322581,1.930504854887,11.670784,1.850857037005
2016-10-04,2016.758064483871,1.928767989735,12.303005,1.843394958718
2016-10-05,2016.760752645161,1.927031124583,19.098902,1.836484213857
2016-10-06,2016.763440806452,1.925294259431,13.762274,1.830201450770
2016-10-07,2016.766128967742,1.923557394279,11.424063,1.824597398160
2016-10-08,2016.768817129032,1.921820529127,16.454483,1.819694771288
2016-10-09,2016.771505290323,1.920083663975,16.718606,1.815487334405
2016-10-10,2016.774193451613,1.918346798823,11.270459,1.811940158133
2016-10-11,2016.776881612903,1.916609933671,13.229222,1.808991061157
2016-10-12,2016.779569774194,1.914873068519,12.552053,1.806553176729
2016-10-13,2016.782257935484,1.913136203367,14.941113,1.804518538051
2016-10-14,2016.784946096774,1.911399338214,11.130908,1.802762534553
2016-10-15,2016.787634258065,1.909662473062,12.943406,1.801149055131
2016-10-16,2016.790322419355,1.907925607910,13.688828,1.799536106069
2016-10-17,2016.793010580645,1.906188742758,8.403555,1.797781671763
2016-10-18,2016.795698741935,1.904451877606,13.909332,1.795749576342
2016-10-19,2016.798386903226,1.902715012454,13.878960,1.793315104264
2016-10-20,2016.801075064516,1.900978147302,19.573304,1.790370147886
2016-10-21,2016.803763225807,1.899241282150,15.504928,1.786827669560
2016-10-22,2016.806451387097,1.897504416998,14.843080,1.782625294066
2016-10-23,2016.809139548387,1.895767551846,25.004780,1.777727883119
2016-10-24,2016.811827709677,1.894030686694,20.287040,1.772128985686
2016-10-25,2016.814515870968,1.892293821541,17.234136,1.765851104248
2016-10-26,2016.817204032258,1.890556956389,9.264611,1.758944766024
2016-10-27,2016.819892193548,1.888820091237,8.232539,1.751486437479
2016-10-28,2016.822580354839,1.887083226085,15.007517,1.743575368214
2016-10-30,2016.827956677419,1.883609495781,16.249328,1.726880571427
2016-10-31,2016.830644838710,1.881872630629,11.620731,1.718368734960
2016-11-01,2016.833333000000,1.880135765477,13.909332,1.709936717707
2016-11-02,2016.836110800000,1.817201309189,13.589821,1.515331589363
2016-11-03,2016.838888600000,1.754266852907,19.124075,1.338814892730
2016-11-04,2016.841666400000,1.691332396619,16.428976,1.173277884333
2016-11-05,2016.844444200000,1.628397940337,17.219848,0.999789171808
2016-11-06,2016.847222000000,1.565463484049,11.436019,0.807979555440
2016-11-07,2016.849999800000,1.502529027766,16.444621,0.607207318647
2016-11-08,2016.852777600000,1.439594571479,12.122035,0.416481466420
2016-11-09,2016.855555400000,1.376660115196,16.741732,0.243993312526
2016-11-11,2016.861111000000,1.250791202626,15.168606,-0.099368711352
2016-11-12,2016.863888800000,1.187856746338,14.471266,-0.294873952729
2016-11-13,2016.866666600000,1.124922290056,13.975518,-0.494881804558
2016-11-14,2016.869444400000,1.061987833768,22.514000,-0.681206332131
2016-11-15,2016.872222200000,0.999053377486,13.688828,-0.850395456079
2016-11-17,2016.877777800000,0.873184464910,16.280623,-1.199663588687
2016-11-18,2016.880555600000,0.810250008628,16.470556,-1.398014421121
2016-11-19,2016.883333400000,0.747315552340,19.125331,-1.596098862609
2016-11-20,2016.886111200000,0.684381096057,11.664157,-1.777802057699
2016-11-21,2016.888889000000,0.621446639770,17.726540,-1.944648060298
2016-11-22,2016.891666800000,0.558512183487,15.341398,-2.114158771118
2016-11-23,2016.894444600000,0.495577727200,18.352591,-2.300986800892
2016-11-24,2016.897222400000,0.432643270917,18.218943,-2.501137911892
2016-11-25,2016.900000200000,0.369708814629,16.444621,-2.696271911580
2016-11-26,2016.902778000000,0.306774358347,12.037753,-2.873450905162
2016-11-27,2016.905555800000,0.243839902059,13.145591,-3.039070491611
2016-11-28,2016.908333600000,0.180905445777,14.843301,-3.211973145345
2016-11-29,2016.911111400000,0.117970989489,20.521611,-3.403159119274
2016-11-30,2016.913889200000,0.055036533206,18.711347,-3.603941652288
2016-12-01,2016.916667000000,-0.007897923081,22.600000,-3.795300652690
2016-12-02,2016.919355161290,-0.006171106787,24.989795,-3.790135217558
2016-12-03,2016.922043322581,-0.004444290492,19.882126,-3.784282259628
2016-12-04,2016.924731483871,-0.002717474198,13.503986,-3.777775581233
2016-12-05,2016.927419645161,-0.000990657904,16.444621,-3.770675656452
2016-12-06,2016.930107806452,0.000736158391,21.019708,-3.763067163769
2016-12-07,2016.932795967742,0.002462974685,13.326597,-3.755055531202
2016-12-08,2016.935484129032,0.004189790980,16.440917,-3.746762634848
2016-12-09,2016.938172290323,0.005916607274,15.166039,-3.738321826339
2016-12-10,2016.940860451613,0.007643423568,12.253195,-3.729872492120
2016-12-11,2016.943548612903,0.009370239863,14.843301,-3.721554366479
2016-12-12,2016.946236774193,0.011097056157,15.142159,-3.713501830405
2016-12-13,2016.948924935484,0.012823872452,10.800000,-3.705838428852
2016-12-14,2016.951613096774,0.014550688746,15.978284,-3.698671830116
2016-12-15,2016.954301258065,0.016277505041,16.246080,-3.692089432976
2016-12-16,2016.956989419355,0.018004321335,18.218943,-3.686154800828
2016-12-17,2016.959677580645,0.019731137629,20.779444,-3.680905068307
2016-12-18,2016.962365741935,0.021457953924,18.824398,-3.676349426194
2016-12-20,2016.967742064516,0.024911586513,18.570475,-3.669216362555
2016-12-21,2016.970430225806,0.026638402807,19.061547,-3.666519973668
2016-12-22,2016.973118387097,0.028365219101,14.345204,-3.664284594325
2016-12-23,2016.975806548387,0.030092035396,10.914962,-3.662396429924
2016-12-24,2016.978494709677,0.031818851690,18.218943,-3.660727519519
2016-12-25,2016.981182870968,0.033545667985,18.218943,-3.659140956619
2016-12-26,2016.983871032258,0.035272484279,14.941113,-3.657496474961
2016-12-27,2016.986559193548,0.036999300573,21.764251,-3.655656171362
2016-12-28,2016.989247354839,0.038726116868,20.023513,-3.653490132159
2016-12-29,2016.991935516129,0.040452933162,17.234136,-3.650881733679
2016-12-30,2016.994623677419,0.042179749457,21.218947,-3.647732400471
2016-12-31,2016.997311838710,0.043906565751,18.218943,-3.643965627185
2017-01-01,2017.000000000000,0.045633382046,12.900000,-3.639530099975
2017-01-02,2017.002688161290,0.043906368876,12.253195,-3.643966094034
2017-01-03,2017.005376322581,0.042179355706,19.103450,-3.647733186517
2017-01-04,2017.008064483871,0.040452342535,15.905284,-3.650882713280
2017-01-05,2017.010752645161,0.038725329365,15.784648,-3.653491212541
2017-01-06,2017.013440806452,0.036998316196,16.387403,-3.655657301416
2017-01-08,2017.018817129032,0.033544289856,26.885252,-3.659142227256
2017-01-09,2017.021505290323,0.031817276685,26.500000,-3.660728982948
2017-01-10,2017.024193451613,0.030090263516,25.801963,-3.662398232156
2017-01-11,2017.026881612903,0.028363250346,18.500000,-3.664286922035
2017-01-12,2017.029569774194,0.026636237176,22.428328,-3.666523044543
2017-01-13,2017.032257935484,0.024909224006,19.500000,-3.669220413192
2017-01-14,2017.034946096774,0.023182210835,16.021470,-3.672474018408
2017-01-15,2017.037634258065,0.021455197666,10.800000,-3.676356151052
2017-01-16,2017.040322419355,0.019728184496,18.086501,-3.680913452282
2017-01-17,2017.043010580645,0.018001171326,19.357668,-3.686165010172
2017-01-18,2017.045698741935,0.016274158156,21.517805,-3.692101580738
2017-01-19,2017.048386903226,0.014547144986,19.644150,-3.698685965177
2017-01-20,2017.051075064516,0.012820131816,18.462898,-3.705854527926
2017-01-21,2017.053763225807,0.011093118646,20.023513,-3.713519793571
2017-01-22,2017.056451387097,0.009366105476,17.482313,-3.721574016654
2017-01-24,2017.061827709677,0.005912079136,13.531574,-3.738344032866
2017-01-25,2017.064515870968,0.004185065966,9.334970,-3.746785590856
2017-01-26,2017.067204032258,0.002458052796,13.426369,-3.755078827317
2017-01-27,2017.069892193548,0.000731039626,11.301982,-3.763090369807
2017-01-28,2017.072580354839,-0.000995973544,12.850912,-3.770698341587
2017-01-29,2017.075268516129,-0.002722986714,10.914962,-3.777797335314
2017-01-30,2017.077956677419,-0.004449999884,12.528271,-3.784302714634
2017-01-31,2017.080644838710,-0.006177013054,13.909332,-3.790154068115
2017-02-01,2017.083333000000,-0.007904026224,12.537521,-3.795317674597
2017-02-02,2017.086309214286,-0.005992193863,12.850912,-3.789560374439
2017-02-03,2017.089285428571,-0.004080361502,14.410294,-3.782963693781
2017-02-04,2017.092261642857,-0.002168529141,13.531574,-3.775579298135
2017-02-05,2017.095237857143,-0.000256696780,10.431999,-3.767498217184
2017-02-06,2017.098214071429,0.001655135582,12.821357,-3.758846295780
2017-02-07,2017.101190285714,0.003566967943,12.300000,-3.749777905162
2017-02-08,2017.104166500000,0.005478800304,11.604740,-3.740468228616
2017-02-09,2017.107142714286,0.007390632665,20.861547,-3.731104507113
2017-02-10,2017.110118928571,0.009302465026,17.927080,-3.721876682393
2017-02-11,2017.113095142857,0.011214297388,20.812280,-3.712967905078
2017-02-12,2017.116071357143,0.013126129749,18.663458,-3.704545382162
2017-02-13,2017.119047571429,0.015037962110,17.854160,-3.696752021245
2017-02-14,2017.122023785714,0.016949794471,18.773069,-3.689699289063
2017-02-15,2017.125000000000,0.018861626833,16.754595,-3.683461641210
2017-02-16,2017.127976214286,0.020773459194,20.507951,-3.678072801398
2017-02-17,2017.130952428571,0.022685291555,17.619237,-3.673524076194
2017-02-18,2017.133928642857,0.024597123916,21.271847,-3.669764789453
2017-02-19,2017.136904857143,0.026508956277,21.928328,-3.666704814739
2017-02-20,2017.139881071429,0.028420788639,21.517805,-3.664219079174
2017-02-21,2017.142857285714,0.030332621000,17.384313,-3.662153813659
2017-02-22,2017.145833500000,0.032244453361,13.061727,-3.660334237113
2017-02-23,2017.148809714286,0.034156285722,24.324751,-3.658573290737
2017-02-24,2017.151785928571,0.036068118083,23.654907,-3.656680985832
2017-02-25,2017.154762142857,0.037979950445,20.700372,-3.654473898024
2017-02-26,2017.157738357143,0.039891782806,19.151465,-3.651784333462
2017-02-27,2017.160714571429,0.041803615167,14.620699,-3.648468708910
2017-02-28,2017.163690785714,0.043715447528,14.471266,-3.644414726979
2017-03-01,2017.166667000000,0.045627279889,16.827722,-3.639546987916
2017-03-02,2017.169355161290,0.043900266751,18.879469,-3.643980559614
2017-03-03,2017.172043322581,0.042173253613,17.869628,-3.647745364006
2017-03-04,2017.174731483871,0.040446240475,12.253195,-3.650892830319
2017-03-05,2017.177419645161,0.038719227337,14.673636,-3.653499580848
2017-03-06,2017.180107806452,0.036992214199,13.035780,-3.655664304066
2017-03-07,2017.182795967742,0.035265201061,17.049716,-3.657503727224
2017-03-08,2017.185484129032,0.033538187922,21.924530,-3.659147852806
2017-03-09,2017.188172290323,0.031811174784,17.384313,-3.660734653234
2017-03-10,2017.190860451613,0.030084161646,20.739721,-3.662404440324
2017-03-11,2017.193548612903,0.028357148508,18.693911,-3.664294139270
2017-03-12,2017.196236774193,0.026630135370,17.384313,-3.666531700843
2017-03-13,2017.198924935484,0.024903122232,17.681786,-3.669230879821
2017-03-14,2017.201613096774,0.023176109093,15.776381,-3.672486592744
2017-03-15,2017.204301258065,0.021449095955,10.912031,-3.676371044451
2017-03-16,2017.206989419355,0.019722082817,12.470766,-3.680930781458
2017-03-17,2017.209677580645,0.017995069679,10.789604,-3.686184792431
2017-03-18,2017.212365741935,0.016268056541,9.788124,-3.692123733273
2017-03-19,2017.215053903226,0.014541043403,16.746585,-3.698710308453
2017-03-20,2017.217742064516,0.012814030264,17.386665,-3.705880793002
2017-03-21,2017.220430225806,0.011087017126,15.079330,-3.713547633078
2017-03-22,2017.223118387097,0.009360003988,18.907221,-3.721603018972
2017-03-23,2017.225806548387,0.007632990850,11.620731,-3.729923284733
2017-03-24,2017.228494709677,0.005905977712,15.622368,-3.738373954873
2017-03-25,2017.231182870968,0.004178964574,14.710735,-3.746815232211
2017-03-26,2017.233871032258,0.002451951435,11.706568,-3.755107702873
2017-03-27,2017.236559193548,0.000724938297,15.595220,-3.763118025670
2017-03-28,2017.239247354839,-0.001002074841,13.909332,-3.770724373637
2017-03-29,2017.241935516129,-0.002729087979,13.400000,-3.777821405701
2017-03-30,2017.244623677419,-0.004456101117,8.487049,-3.784324565557
2017-03-31,2017.247311838710,-0.006183114255,13.878219,-3.790173532349
2017-04-01,2017.250000000000,-0.007910127393,6.674504,-3.795334682312
2017-04-02,2017.252777766667,-0.006125750490,11.300000,-3.789990188634
2017-04-03,2017.255555533333,-0.004341373587,12.895110,-3.783912311889
2017-04-04,2017.258333300000,-0.002556996683,14.867524,-3.777139638760
2017-04-05,2017.261111066667,-0.000772619780,16.545925,-3.769741017909
2017-04-06,2017.263888833333,0.001011757123,20.100000,-3.761812561258
2017-04-07,2017.266666600000,0.002796134027,15.422602,-3.753473457826
2017-04-08,2017.269444366667,0.004580510930,16.200088,-3.744860782420
2017-04-09,2017.272222133333,0.006364887833,15.579822,-3.736123525326
2017-04-10,2017.274999900000,0.008149264737,12.996008,-3.727416103006
2017-04-11,2017.277777666667,0.009933641640,14.128700,-3.718891632463
2017-04-12,2017.280555433333,0.011718018543,10.300000,-3.710695262204
2017-04-13,2017.283333200000,0.013502395447,10.694432,-3.702957850270
2017-04-14,2017.286110966667,0.015286772350,13.024518,-3.695790264690
2017-04-15,2017.288888733333,0.017071149253,9.191510,-3.689278554607
2017-04-16,2017.291666500000,0.018855526157,8.534643,-3.683480202391
2017-04-17,2017.294444266667,0.020639903060,12.736766,-3.678421619982
2017-04-18,2017.297222033333,0.022424279964,13.217676,-3.674096998518
2017-04-19,2017.299999800000,0.024208656867,17.889204,-3.670468561338
2017-04-20,2017.302777566667,0.025993033770,12.894153,-3.667468209352
2017-04-21,2017.305555333333,0.027777410674,11.385383,-3.665000487105
2017-04-22,2017.308333100000,0.029561787577,9.485308,-3.662946740366
2017-04-23,2017.311110866667,0.031346164480,13.024985,-3.661170284121
2017-04-24,2017.313888633333,0.033130541384,12.756568,-3.659522355925
2017-04-25,2017.316666400000,0.034914918287,13.900000,-3.657848595269
2017-04-26,2017.319444166667,0.036699295190,12.597678,-3.655995766779
2017-04-27,2017.322221933333,0.038483672094,16.420739,-3.653818434417
2017-04-29,2017.327777466667,0.042052425900,16.972310,-3.647984901920
2017-04-30,2017.330555233333,0.043836802804,19.269102,-3.644130509697
2017-05-01,2017.333333000000,0.045621179707,13.382692,-3.639563861718
2017-05-02,2017.336021193549,-0.035936809958,6.277080,-3.843222501527
2017-05-03,2017.338709387097,-0.117494799617,12.625706,-4.113273263524
2017-05-04,2017.341397580645,-0.199052789282,15.799467,-4.319306721402
2017-05-05,2017.344085774194,-0.280610778947,13.548248,-4.585876385362
2017-05-06,2017.346773967742,-0.362168768606,11.633182,-4.796437064569
2017-05-07,2017.349462161290,-0.443726758271,4.724307,-5.057511618590
2017-05-08,2017.352150354839,-0.525284747937,10.152978,-5.274440335629
2017-05-09,2017.354838548387,-0.606842737595,7.101408,-5.528383969714
2017-05-10,2017.357526741936,-0.688400727260,4.030509,-5.753083259676
2017-05-11,2017.360214935484,-0.769958716919,8.534643,-5.998750950722
2017-05-12,2017.362903129032,-0.851516706584,9.949036,-6.232088537662
2017-05-13,2017.365591322581,-0.933074696249,13.650000,-6.468904855794
2017-05-14,2017.368279516129,-1.014632685908,9.980887,-6.711153931437
2017-05-15,2017.370967709677,-1.096190675573,7.685408,-6.939152644083
2017-05-16,2017.373655903226,-1.177748665239,10.311066,-7.189973065400
2017-05-17,2017.376344096774,-1.259306654897,9.848305,-7.409794813232
2017-05-18,2017.379032290323,-1.340864644562,2.921453,-7.668256512732
2017-05-19,2017.381720483871,-1.422422634228,11.159687,-7.881104717554
2017-05-20,2017.384408677419,-1.503980623886,5.136301,-8.145751715437
2017-05-21,2017.387096870968,-1.585538613552,4.377549,-8.353309754340
2017-05-22,2017.389785064516,-1.667096603217,-14.912004,-8.622260366588
2017-05-23,2017.392473258064,-1.748654592875,5.821507,-8.826575713259
2017-05-24,2017.395161451613,-1.830212582541,7.583020,-9.097652058769
2017-05-25,2017.397849645161,-1.911770572199,6.385257,-9.300995365815
2017-05-26,2017.400537838710,-1.993328561865,-5.881804,-9.571873259543
2017-05-27,2017.403226032258,-2.074886551530,-3.487580,-9.776582080368
2017-05-28,2017.405914225806,-2.156444541188,0.574738,-10.044950995723
2017-05-29,2017.408602419355,-2.238002530854,-0.069386,-10.253268901958
2017-05-30,2017.411290612903,-2.319560520519,-3.440808,-10.516990993289
2017-05-31,2017.413978806451,-2.401118510177,-12.591881,-10.730913160628
2017-06-01,2017.416667000000,-2.482676499843,-9.166971,-10.988170400729
2017-06-02,2017.419444766667,-2.480878781064,-17.931505,-10.985751205343
2017-06-03,2017.422222533333,-2.479081062286,-6.078720,-10.982806788063
2017-06-04,2017.425000300000,-2.477283343508,-6.293524,-10.979236077155
2017-06-05,2017.427778066667,-2.475485624729,-13.644305,-10.974965687147
2017-06-06,2017.430555833333,-2.473687905951,-9.778524,-10.969953162945
2017-06-07,2017.433333600000,-2.471890187172,-9.148430,-10.964188856628
2017-06-08,2017.436111366667,-2.470092468394,-8.089706,-10.957696353944
2017-06-09,2017.438889133333,-2.468294749616,-11.317817,-10.950531431672
2017-06-10,2017.441666900000,-2.466497030837,-7.394881,-10.942779591918
2017-06-11,2017.444444666667,-2.464699312059,-4.927386,-10.934552282371
2017-06-12,2017.447222433333,-2.462901593280,-12.032592,-10.925981969584
2017-06-13,2017.450000200000,-2.461103874502,-11.331248,-10.917216283091
2017-06-14,2017.452777966667,-2.459306155723,-18.549399,-10.908411489215
2017-06-15,2017.455555733333,-2.457508436945,-15.561117,-10.899725583084
2017-06-16,2017.458333500000,-2.455710718167,-20.352314,-10.891311304210
2017-06-17,2017.461111266667,-2.453912999388,-14.775416,-10.883309384410
2017-06-18,2017.463889033333,-2.452115280610,-17.386665,-10.875842326541
2017-06-19,2017.466666800000,-2.450317561831,-23.609814,-10.869008989074
2017-06-20,2017.469444566667,-2.448519843053,-17.336618,-10.862880215906
2017-06-21,2017.472222333333,-2.446722124275,-13.061727,-10.857495704598
2017-06-22,2017.475000100000,-2.444924405496,-14.994229,-10.852862251484
2017-06-23,2017.477777866667,-2.443126686718,-15.679496,-10.848953451227
2017-06-24,2017.480555633333,-2.441328967939,-18.107687,-10.845710864110
2017-06-25,2017.483333400000,-2.439531249161,-13.900000,-10.843046599448
2017-06-26,2017.486111166667,-2.437733530382,-21.262003,-10.840847200936
2017-06-27,2017.488888933333,-2.435935811604,-21.346961,-10.838978662151
2017-06-28,2017.491666700000,-2.434138092826,-24.700000,-10.837292350513
2017-06-29,2017.494444466667,-2.432340374047,-23.645034,-10.835631577815
2017-06-30,2017.497222233333,-2.430542655269,-21.907727,-10.833838526862
2017-07-01,2017.500000000000,-2.428744936490,-22.613880,-10.831761228019
2017-07-02,2017.502688161290,-2.427005490015,-23.100000,-10.829349288034
2017-07-03,2017.505376322581,-2.425266043540,-24.606009,-10.826430950602
2017-07-04,2017.508064483871,-2.423526597065,-22.428328,-10.822917507206
2017-07-05,2017.510752645161,-2.421787150589,-21.913420,-10.818744884847
2017-07-06,2017.513440806452,-2.420047704114,-27.998058,-10.813876298470
2017-07-07,2017.516128967742,-2.418308257639,-23.061907,-10.808303773749
2017-07-08,2017.518817129032,-2.416568811164,-24.258578,-10.802048477198
2017-07-09,2017.521505290323,-2.414829364688,-26.800000,-10.795159839945
2017-07-10,2017.524193451613,-2.413089918213,-24.012376,-10.787713511438
2017-07-11,2017.526881612903,-2.411350471738,-24.817155,-10.779808227795
2017-07-12,2017.529569774194,-2.409611025263,-28.362463,-10.771561724436
2017-07-14,2017.534946096774,-2.406132132312,-19.794636,-10.754581168764
2017-07-15,2017.537634258065,-2.404392685837,-20.715506,-10.746131021146
2017-07-16,2017.540322419355,-2.402653239361,-22.017483,-10.737895710436
2017-07-17,2017.543010580645,-2.400913792886,-22.065713,-10.730006634142
2017-07-19,2017.548386903226,-2.397434899936,-24.107912,-10.715716263631
2017-07-20,2017.551075064516,-2.395695453460,-22.256655,-10.709487508875
2017-07-21,2017.553763225807,-2.393956006985,-25.703005,-10.703942924866
2017-07-22,2017.556451387097,-2.392216560510,-29.059539,-10.699102521460
2017-07-23,2017.559139548387,-2.390477114035,-31.356481,-10.694957157643
2017-07-24,2017.561827709677,-2.388737667560,-28.300000,-10.691468919942
2017-07-25,2017.564515870968,-2.386998221084,-24.723539,-10.688572691924
2017-07-26,2017.567204032258,-2.385258774609,-28.690407,-10.686178849808
2017-07-27,2017.569892193548,-2.383519328134,-27.747106,-10.684176972613
2017-07-28,2017.572580354839,-2.381779881658,-31.590257,-10.682440413239
2017-07-29,2017.575268516129,-2.380040435183,-32.341288,-10.680831541260
2017-07-30,2017.577956677419,-2.378300988708,-27.037837,-10.679207440391
2017-07-31,2017.580644838710,-2.376561542233,-26.150151,-10.677425824777
2017-08-01,2017.583333000000,-2.374822095757,-27.196115,-10.675350929179
2017-08-02,2017.586021193549,-2.373082930611,-25.534888,-10.672859571952
2017-08-03,2017.588709387097,-2.371343765466,-20.521611,-10.669845128756
2017-08-04,2017.591397580645,-2.369604600320,-19.862681,-10.666222930735
2017-08-05,2017.594085774194,-2.367865435174,-21.890077,-10.661933460069
2017-08-06,2017.596773967742,-2.366126270028,-24.600151,-10.656944813029
2017-08-07,2017.599462161290,-2.364387104882,-26.698018,-10.651254020268
2017-08-08,2017.602150354839,-2.362647939736,-28.917666,-10.644887169701
2017-08-09,2017.604838548387,-2.360908774590,-31.295997,-10.637898326898
2017-08-10,2017.607526741936,-2.359169609444,-27.008036,-10.630367297656
2017-08-11,2017.610214935484,-2.357430444298,-26.205953,-10.622396325359
2017-08-12,2017.612903129032,-2.355691279152,-28.989266,-10.614105859781
2017-08-13,2017.615591322581,-2.353952114006,-27.870059,-10.605629572456
2017-08-14,2017.618279516129,-2.352212948860,-26.392848,-10.597108824877
2017-08-15,2017.620967709677,-2.350473783714,-24.855058,-10.588686818454
2017-08-16,2017.623655903226,-2.348734618568,-21.723923,-10.580502668346
2017-08-17,2017.626344096774,-2.346995453422,-23.012098,-10.572685646377
2017-08-18,2017.629032290323,-2.345256288276,-26.836011,-10.565349831315
2017-08-19,2017.631720483871,-2.343517123130,-23.974530,-10.558589387894
2017-08-20,2017.634408677419,-2.341777957985,-25.062107,-10.552474669940
2017-08-21,2017.637096870968,-2.340038792839,-26.517850,-10.547049308887
2017-08-22,2017.639785064516,-2.338299627693,-25.501647,-10.542328408151
2017-08-23,2017.642473258064,-2.336560462547,-25.209680,-10.538297918100
2017-08-24,2017.645161451613,-2.334821297401,-23.061907,-10.534915217475
2017-08-25,2017.647849645161,-2.333082132255,-27.361399,-10.532110877211
2017-08-26,2017.650537838710,-2.331342967109,-24.717276,-10.529791533652
2017-08-27,2017.653226032258,-2.329603801963,-26.839728,-10.527843752271
2017-08-28,2017.655914225806,-2.327864636817,-29.315849,-10.526138721989
2017-08-29,2017.658602419355,-2.326125471671,-27.530241,-10.524537585833
2017-08-30,2017.661290612903,-2.324386306525,-27.818664,-10.522897187323
2017-08-31,2017.663978806451,-2.322647141379,-24.450000,-10.521075994796
2017-09-01,2017.666667000000,-2.320907976233,-25.200000,-10.518939958479
2017-09-02,2017.669444766667,-2.319111129576,-28.280233,-10.516274035914
2017-09-03,2017.672222533333,-2.317314282918,-27.362376,-10.513029805023
2017-09-04,2017.675000300000,-2.315517436261,-28.549009,-10.509119644728
2017-09-05,2017.677778066667,-2.313720589603,-24.400000,-10.504485343923
2017-09-06,2017.680555833333,-2.311923742945,-22.514000,-10.499100672297
2017-09-07,2017.683333600000,-2.310126896288,-20.521611,-10.492972538764
2017-09-08,2017.686111366667,-2.308330049630,-25.104106,-10.486140686342
2017-09-09,2017.688889133333,-2.306533202973,-24.216332,-10.478675936946
2017-09-10,2017.691666900000,-2.304736356315,-27.377656,-10.470677063626
2017-09-11,2017.694444666667,-2.302939509658,-24.058102,-10.462266428374
2017-09-12,2017.697222433333,-2.301142663000,-29.296155,-10.453584578151
2017-09-13,2017.700000200000,-2.299345816343,-27.477584,-10.444784037803
2017-09-14,2017.702777966667,-2.297548969685,-24.425057,-10.436022573983
2017-09-15,2017.705555733333,-2.295752123028,-26.703005,-10.427456227575
2017-09-16,2017.708333500000,-2.293955276370,-26.399159,-10.419232422336
2017-09-17,2017.711111266667,-2.292158429713,-24.403956,-10.411483454107
2017-09-18,2017.713889033333,-2.290361583055,-25.901062,-10.404320648121
2017-09-19,2017.716666800000,-2.288564736398,-24.516174,-10.397829442459
2017-09-20,2017.719444566667,-2.286767889740,-22.350000,-10.392065614783
2017-09-21,2017.722222333333,-2.284971043082,-22.243520,-10.387052818978
2017-09-22,2017.725000100000,-2.283174196425,-25.453035,-10.382781540512
2017-09-23,2017.727777866667,-2.281377349767,-21.271847,-10.379209516627
2017-09-24,2017.730555633333,-2.279580503110,-19.931999,-10.376263602829
2017-09-25,2017.733333400000,-2.277783656452,-19.378817,-10.373843003225
2017-09-26,2017.736111166667,-2.275986809795,-18.319915,-10.371823722050
2017-09-27,2017.738888933333,-2.274189963137,-26.669303,-10.370064039793
2017-09-28,2017.741666700000,-2.272393116480,-24.458535,-10.368410772070
2017-09-29,2017.744444466667,-2.270596269822,-21.764251,-10.366706034827
2017-09-30,2017.747222233333,-2.268799423165,-27.973705,-10.364794217098
2017-10-01,2017.750000000000,-2.267002576507,-24.492626,-10.362528853378
2017-10-02,2017.752688161290,-2.265263973883,-25.309559,-10.359877011538
2017-10-03,2017.755376322581,-2.263525371260,-28.769790,-10.356672016695
2017-10-04,2017.758064483871,-2.261786768636,-29.686602,-10.352837202871
2017-10-05,2017.760752645161,-2.260048166012,-27.225689,-10.348321951420
2017-10-06,2017.763440806452,-2.258309563388,-24.548680,-10.343103784449
2017-10-07,2017.766128967742,-2.256570960764,-20.297361,-10.337189294436
2017-10-08,2017.768817129032,-2.254832358140,-28.854867,-10.330613871586
2017-10-10,2017.774193451613,-2.251355152893,-22.427450,-10.315755864614
2017-10-11,2017.776881612903,-2.249616550269,-25.104106,-10.307669331912
2017-10-12,2017.779569774194,-2.247877947645,-29.364145,-10.299305861142
2017-10-13,2017.782257935484,-2.246139345021,-25.953005,-10.290802124636
2017-10-15,2017.787634258065,-2.242662139774,-29.326238,-10.273943656241
2017-10-16,2017.790322419355,-2.240923537150,-23.609814,-10.265867708551
2017-10-17,2017.793010580645,-2.239184934526,-23.560005,-10.258197533888
2017-10-18,2017.795698741935,-2.237446331902,-25.104106,-10.251041132041
2017-10-19,2017.798386903226,-2.235707729279,-28.690407,-10.244485254775
2017-10-20,2017.801075064516,-2.233969126655,-25.750982,-10.238591818050
2017-10-21,2017.803763225807,-2.232230524031,-24.324751,-10.233395341374
2017-10-22,2017.806451387097,-2.230491921407,-25.212526,-10.228901520184
2017-10-24,2017.811827709677,-2.227014716160,-25.767850,-10.221900294191
2017-10-25,2017.814515870968,-2.225276113536,-31.778611,-10.219264009106
2017-10-26,2017.817204032258,-2.223537510912,-27.694213,-10.217077949024
2017-10-27,2017.819892193548,-2.221798908288,-25.602204,-10.215223308039
2017-10-28,2017.822580354839,-2.220060305664,-26.800000,-10.213567573793
2017-10-29,2017.825268516129,-2.218321703040,-26.698018,-10.211970007775
2017-11-01,2017.833333000000,-2.213105895169,-26.445204,-10.206118223755
2017-11-03,2017.838888600000,-2.159930314359,-28.192310,-10.050714904362
2017-11-04,2017.841666400000,-2.133342523953,-28.300000,-9.952305577752
2017-11-05,2017.844444200000,-2.106754733550,-26.100301,-9.895282118485
2017-11-06,2017.847222000000,-2.080166943144,-27.998058,-9.798305443190
2017-11-07,2017.849999800000,-2.053579152740,-29.188505,-9.739821819629
2017-11-08,2017.852777600000,-2.026991362334,-26.032637,-9.644331816094
2017-11-10,2017.858333200000,-1.973815781524,-30.430560,-9.490382631381
2017-11-11,2017.861111000000,-1.947227991120,-31.036451,-9.428826870284
2017-11-12,2017.863888800000,-1.920640200715,-26.589809,-9.336455756654
2017-11-13,2017.866666600000,-1.894052410311,-25.602204,-9.273296483121
2017-11-14,2017.869444400000,-1.867464619905,-28.192310,-9.182548998073
2017-11-15,2017.872222200000,-1.840876829501,-22.182126,-9.117747097891
2017-11-16,2017.875000000000,-1.814289039095,-20.237799,-9.028660106396
2017-11-17,2017.877777800000,-1.787701248689,-23.609814,-8.962180989220
2017-11-18,2017.880555600000,-1.761113458285,-27.338828,-8.874786783177
2017-11-19,2017.883333400000,-1.734525667879,-25.462297,-8.806600477797
2017-11-20,2017.886111200000,-1.707937877476,-24.107912,-8.720926687092
2017-11-21,2017.888889000000,-1.681350087070,-27.300000,-8.651007923968
2017-11-22,2017.891666800000,-1.654762296666,-30.400000,-8.567077440390
2017-11-23,2017.894444600000,-1.628174506260,-33.272903,-8.495405721251
2017-11-24,2017.897222400000,-1.601586715856,-29.847108,-8.413236635440
2017-11-25,2017.900000200000,-1.574998925450,-32.877239,-8.339796289733
2017-11-26,2017.902778000000,-1.548411135047,-28.441359,-8.259401841360
2017-11-27,2017.905555800000,-1.521823344641,-26.800000,-8.184182069412
2017-11-28,2017.908333600000,-1.495235554237,-24.700000,-8.105570610717
2017-11-29,2017.911111400000,-1.468647763831,-25.801963,-8.028565513474
2017-11-30,2017.913889200000,-1.442059973427,-26.791635,-7.951740486263
2017-12-01,2017.916667000000,-1.415472183021,-28.192310,-7.872949081538
2017-12-02,2017.919355161290,-1.413738023050,-29.794252,-7.871352533438
2017-12-03,2017.922043322581,-1.412003863079,-31.356481,-7.869652654444
2017-12-04,2017.924731483871,-1.410269703108,-23.356049,-7.867711770196
2017-12-06,2017.930107806452,-1.406801383166,-24.754780,-7.862611127892
2017-12-07,2017.932795967742,-1.405067223195,-30.284319,-7.859246006535
2017-12-08,2017.935484129032,-1.403333063224,-31.653886,-7.855237603299
2017-12-09,2017.938172290323,-1.401598903253,-32.276708,-7.850543231490
2017-12-10,2017.940860451613,-1.399864743282,-33.272903,-7.845148429609
2017-12-11,2017.943548612903,-1.398130583312,-32.774806,-7.839067556395
2017-12-12,2017.946236774193,-1.396396423341,-23.700000,-7.832343200012
2017-12-13,2017.948924935484,-1.394662263370,-28.192310,-7.825044425695
2017-12-14,2017.951613096774,-1.392928103399,-29.686602,-7.817263933959
2017-12-15,2017.954301258065,-1.391193943428,-29.323636,-7.809114246301
2017-12-16,2017.956989419355,-1.389459783457,-29.542159,-7.800723075331
2017-12-17,2017.959677580645,-1.387725623486,-28.775484,-7.792228069849
2017-12-18,2017.962365741935,-1.385991463515,-26.836011,-7.783771151081
2017-12-19,2017.965053903226,-1.384257303544,-25.278193,-7.775492673118
2017-12-20,2017.967742064516,-1.382523143573,-25.602204,-7.767525647840
2017-12-21,2017.970430225806,-1.380788983602,-30.293301,-7.759990271941
2017-12-22,2017.973118387097,-1.379054823631,-28.896424,-7.752988981262
2017-12-23,2017.975806548387,-1.377320663660,-28.690407,-7.746602235911
2017-12-24,2017.978494709677,-1.375586503689,-27.335701,-7.740885209617
2017-12-25,2017.981182870968,-1.373852343718,-31.778611,-7.735865519519
2017-12-26,2017.983871032258,-1.372118183747,-28.336765,-7.731542089825
2017-12-27,2017.986559193548,-1.370384023776,-29.188505,-7.727885196072
2017-12-28,2017.989247354839,-1.368649863805,-26.702867,-7.724837688184
2017-12-29,2017.991935516129,-1.366915703834,-23.809053,-7.722317341998
2017-12-30,2017.994623677419,-1.365181543863,-24.107912,-7.720220242497
2017-12-31,2017.997311838710,-1.363447383892,-22.514000,-7.718425059554
2018-01-01,2018.000000000000,-1.361713223921,-30.284319,-7.716798040231
2018-01-02,2018.002688161290,-1.359979344425,-29.938156,-7.715198776404
2018-01-03,2018.005376322581,-1.358245464928,-32.097933,-7.713485260021
2018-01-04,2018.008064483871,-1.356511585431,-35.000000,-7.711520455616
2018-01-05,2018.010752645161,-1.354777705935,-31.665280,-7.709177664015
2018-01-06,2018.013440806452,-1.353043826438,-30.900000,-7.706345733872
2018-01-07,2018.016128967742,-1.351309946941,-32.885310,-7.702933633688
2018-01-08,2018.018817129032,-1.349576067445,-30.284319,-7.698874196228
2018-01-09,2018.021505290323,-1.347842187948,-24.855058,-7.694126881326
2018-01-10,2018.024193451613,-1.346108308451,-22.749059,-7.688679443434
2018-01-11,2018.026881612903,-1.344374428955,-21.829924,-7.682548435320
2018-01-12,2018.029569774194,-1.342640549458,-24.606009,-7.675778527198
2018-01-13,2018.032257935484,-1.340906669961,-21.829924,-7.668440669301
2018-01-14,2018.034946096774,-1.339172790464,-29.938156,-7.660629173464
2018-01-15,2018.037634258065,-1.337438910968,-24.606009,-7.652457833784
2018-01-16,2018.040322419355,-1.335705031471,-28.529282,-7.644055245888
2018-01-17,2018.043010580645,-1.333971151975,-29.347271,-7.635559517394
2018-01-18,2018.045698741935,-1.332237272478,-33.882456,-7.627112587089
2018-01-19,2018.048386903226,-1.330503392981,-29.850000,-7.618854386535
2018-01-20,2018.051075064516,-1.328769513485,-28.300000,-7.610917084230
2018-01-21,2018.053763225807,-1.327035633988,-30.184358,-7.603419649093
2018-01-22,2018.056451387097,-1.325301754491,-30.782416,-7.596462956889
2018-01-23,2018.059139548387,-1.323567874995,-27.779289,-7.590125640880
2018-01-24,2018.061827709677,-1.321833995498,-28.800000,-7.584460857391
2018-01-25,2018.064515870968,-1.320100116001,-32.774806,-7.579494099313
2018-01-26,2018.067204032258,-1.318366236505,-31.653886,-7.575222147505
2018-01-27,2018.069892193548,-1.316632357008,-30.782416,-7.571613203200
2018-01-28,2018.072580354839,-1.314898477511,-32.276708,-7.568608195997
2018-01-29,2018.075268516129,-1.313164598015,-27.196155,-7.566123213615
2018-01-30,2018.077956677419,-1.311430718518,-27.745204,-7.564052953474
2018-01-31,2018.080644838710,-1.309696839021,-29.540257,-7.562275054131
2018-02-01,2018.083333000000,-1.307962959525,-30.234509,-7.560655128403
2018-02-02,2018.086309214286,-1.306043617700,-31.280514,-7.558875942874
2018-02-03,2018.089285428571,-1.304124275875,-29.292159,-7.556926021088
2018-02-04,2018.092261642857,-1.302204934050,-30.284319,-7.554622302360
2018-02-05,2018.095237857143,-1.300285592225,-30.234509,-7.551799544737
2018-02-06,2018.098214071429,-1.298366250400,-28.441359,-7.548318647288
2018-02-07,2018.101190285714,-1.296446908575,-28.441359,-7.544073655824
2018-02-08,2018.104166500000,-1.294527566750,-27.530241,-7.538997099206
2018-02-09,2018.107142714286,-1.292608224925,-27.452053,-7.533063387477
2018-02-10,2018.110118928571,-1.290688883100,-27.050000,-7.526290100688
2018-02-11,2018.113095142857,-1.288769541275,-27.249009,-7.518737103483
2018-02-12,2018.116071357143,-1.286850199450,-29.800000,-7.510503530068
2018-02-13,2018.119047571429,-1.284930857625,-21.892924,-7.501722791381
2018-02-14,2018.122023785714,-1.283011515800,-21.935924,-7.492555855949
2018-02-15,2018.125000000000,-1.281092173975,-27.800000,-7.483183142820
2018-02-16,2018.127976214286,-1.279172832150,-26.749009,-7.473795434891
2018-02-17,2018.130952428571,-1.277253490325,-24.323600,-7.464584270260
2018-02-18,2018.133928642857,-1.275334148500,-29.268758,-7.455732295548
2018-02-19,2018.136904857143,-1.273414806675,-29.686602,-7.447404067033
2018-02-20,2018.139881071429,-1.271495464850,-24.474530,-7.439737762889
2018-02-21,2018.142857285714,-1.269576123025,-22.100000,-7.432838223945
2018-02-22,2018.145833500000,-1.267656781200,-28.582967,-7.426771673445
2018-02-23,2018.148809714286,-1.265737439375,-34.649893,-7.421562381770
2018-02-24,2018.151785928571,-1.263818097550,-33.870620,-7.417191444069
2018-02-26,2018.157738357143,-1.259979413900,-27.377656,-7.410680974367
2018-02-27,2018.160714571429,-1.258060072075,-24.200000,-7.408306803316
2018-02-28,2018.163690785714,-1.256140730250,-26.369775,-7.406313525572
2018-03-01,2018.166667000000,-1.254221388425,-25.449009,-7.404520264042
2018-03-02,2018.169355161290,-1.252488069741,-25.200000,-7.402913949325
2018-03-03,2018.172043322581,-1.250754751057,-26.589809,-7.401173746948
2018-03-04,2018.174731483871,-1.249021432373,-29.985460,-7.399163873828
2018-03-05,2018.177419645161,-1.247288113688,-31.280514,-7.396759632155
2018-03-06,2018.180107806452,-1.245554795004,-28.059971,-7.393852535316
2018-03-07,2018.182795967742,-1.243821476320,-25.087702,-7.390354767420
2018-03-08,2018.185484129032,-1.242088157636,-25.602204,-7.386202793119
2018-03-09,2018.188172290323,-1.240354838952,-26.538828,-7.381359969342
2018-03-10,2018.190860451613,-1.238621520268,-25.801963,-7.375818051565
2018-03-11,2018.193548612903,-1.236888201584,-28.192310,-7.369597532722
2018-03-12,2018.196236774193,-1.235154882899,-26.800000,-7.362746800803
2018-03-13,2018.198924935484,-1.233421564215,-22.514000,-7.355340149787
2018-03-14,2018.201613096774,-1.231688245531,-24.447731,-7.347474725656
2018-03-15,2018.204301258065,-1.229954926847,-28.791208,-7.339266533051
2018-03-16,2018.206989419355,-1.228221608163,-32.086451,-7.330845666694
2018-03-17,2018.209677580645,-1.226488289479,-31.400000,-7.322350963625
2018-03-18,2018.212365741935,-1.224754970795,-28.778331,-7.313924296072
2018-03-19,2018.215053903226,-1.223021652111,-29.525374,-7.305704739543
2018-03-20,2018.217742064516,-1.221288333426,-31.365590,-7.297822855895
2018-03-21,2018.220430225806,-1.219555014742,-28.280233,-7.290395326363
2018-03-22,2018.223118387097,-1.217821696058,-29.635030,-7.283520155178
2018-03-23,2018.225806548387,-1.216088377374,-29.736412,-7.277272640936
2018-03-24,2018.228494709677,-1.214355058690,-27.694213,-7.271702281321
2018-03-25,2018.231182870968,-1.212621740006,-32.900000,-7.266830738414
2018-03-26,2018.233871032258,-1.210888421321,-28.025491,-7.262650948243
2018-03-27,2018.236559193548,-1.209155102637,-30.430560,-7.259127411155
2018-03-28,2018.239247354839,-1.207421783953,-31.089305,-7.256197651088
2018-03-29,2018.241935516129,-1.205688465269,-32.153973,-7.253774783762
2018-03-30,2018.244623677419,-1.203955146585,-31.084089,-7.251751088204
2018-03-31,2018.247311838710,-1.202221827901,-33.866942,-7.250002434800
2018-04-01,2018.250000000000,-1.200488509217,-36.680553,-7.248393387858
2018-04-02,2018.252777766667,-1.198697702926,-32.700000,-7.246727679439
2018-04-03,2018.255555533333,-1.196906896635,-30.377434,-7.244904786219
2018-04-04,2018.258333300000,-1.195116090344,-27.395354,-7.242776092187
2018-04-05,2018.261111066667,-1.193325284054,-28.608665,-7.240206396343
2018-04-06,2018.263888833333,-1.191534477763,-28.550000,-7.237079843758
2018-04-07,2018.266666600000,-1.189743671472,-30.732606,-7.233305007950
2018-04-08,2018.269444366667,-1.187952865181,-33.870620,-7.228818901624
2018-04-09,2018.272222133333,-1.186162058890,-32.575567,-7.223589739825
2018-04-10,2018.274999900000,-1.184371252600,-31.778611,-7.217618334300
2018-04-11,2018.277777666667,-1.182580446309,-28.823636,-7.210938057881
2018-04-12,2018.280555433333,-1.180789640018,-26.399159,-7.203613380478
2018-04-13,2018.283333200000,-1.178998833727,-36.550000,-7.195737040878
2018-04-14,2018.286110966667,-1.177208027437,-33.188021,-7.187425978437
2018-04-16,2018.291666500000,-1.173626414855,-29.938156,-7.170056829024
2018-04-17,2018.294444266667,-1.171835608564,-32.640257,-7.161303532824
2018-04-18,2018.297222033333,-1.170044802274,-33.372490,-7.152711724630
2018-04-19,2018.299999800000,-1.168253995983,-28.810010,-7.144429730303
2018-04-20,2018.302777566667,-1.166463189692,-32.586451,-7.136592284649
2018-04-21,2018.305555333333,-1.164672383401,-29.516937,-7.129314620808
2018-04-22,2018.308333100000,-1.162881577110,-34.318907,-7.122687415154
2018-04-23,2018.311110866667,-1.161090770820,-31.338354,-7.116772809463
2018-04-24,2018.313888633333,-1.159299964529,-31.778611,-7.111601684847
2018-04-25,2018.316666400000,-1.157509158238,-30.284319,-7.107172307051
2018-04-26,2018.319444166667,-1.155718351947,-33.483464,-7.103450402527
2018-04-27,2018.322221933333,-1.153927545657,-32.083407,-7.100370661966
2018-04-28,2018.324999700000,-1.152136739366,-31.650000,-7.097839605315
2018-04-29,2018.327777466667,-1.150345933075,-30.135117,-7.095739682601
2018-04-30,2018.330555233333,-1.148555126784,-27.800000,-7.093934430673
2018-05-01,2018.333333000000,-1.146764320494,-31.479752,-7.092274459624
2018-05-02,2018.336021193549,-1.053880865566,-29.794252,-6.804834318390
2018-05-03,2018.338709387097,-0.960997410646,-29.494252,-6.555069965315
2018-05-04,2018.341397580645,-0.868113955718,-35.000000,-6.297399204892
2018-05-05,2018.344085774194,-0.775230500790,-35.613960,-6.003823364424
2018-05-06,2018.346773967742,-0.682347045871,-29.357684,-5.726195183486
2018-05-07,2018.349462161290,-0.589463590943,-29.326238,-5.480900466753
2018-05-08,2018.352150354839,-0.496580136015,-31.090257,-5.212416732468
2018-05-09,2018.354838548387,-0.403696681095,-32.900000,-4.916792914349
2018-05-10,2018.357526741936,-0.310813226168,-34.910898,-4.650436369516
2018-05-11,2018.360214935484,-0.217929771248,-32.892579,-4.404665250398
2018-05-12,2018.362903129032,-0.125046316320,-25.602204,-4.125016574405
2018-05-13,2018.365591322581,-0.032162861392,-28.939456,-3.832369643631
2018-05-14,2018.368279516129,0.060720593528,-29.188505,-3.576511340937
2018-05-16,2018.373655903226,0.246487503383,-32.774806,-3.036458509296
2018-05-17,2018.376344096774,0.339370958303,-35.863009,-2.751223567604
2018-05-18,2018.379032290323,0.432254413231,-31.415367,-2.503010263359
2018-05-19,2018.381720483871,0.525137868158,-32.923636,-2.242786932658
2018-05-20,2018.384408677419,0.618021323078,-32.400175,-1.948231713461
2018-05-21,2018.387096870968,0.710904778006,-33.677042,-1.673375443104
2018-05-22,2018.389785064516,0.803788232934,-32.774806,-1.428439311836
2018-05-23,2018.392473258064,0.896671687853,-32.400175,-1.157103358666
2018-05-24,2018.395161451613,0.989555142781,-30.540257,-0.861759734081
2018-05-25,2018.397849645161,1.082438597701,-34.368717,-0.598192656420
2018-05-26,2018.400537838710,1.175322052629,-32.276708,-0.351516618509
2018-05-27,2018.403226032258,1.268205507556,-31.400000,-0.069281139737
2018-05-29,2018.408602419355,1.453972417404,-31.594252,0.475485447236
2018-05-30,2018.411290612903,1.546855872332,-28.800000,0.728573771395
2018-05-31,2018.413978806451,1.639739327252,-29.270735,1.019336329299
2018-06-01,2018.416667000000,1.732622782179,-33.087403,1.302177005391
2018-06-02,2018.419444766667,1.730829107065,-31.900000,1.295475457612
2018-06-03,2018.422222533333,1.729035431950,-31.838354,1.288128749346
2018-06-04,2018.425000300000,1.727241756835,-31.661569,1.280230517844
2018-06-05,2018.427778066667,1.725448081720,-37.656160,1.271898672130
2018-06-06,2018.430555833333,1.723654406606,-39.350000,1.263270203981
2018-06-07,2018.433333600000,1.721860731491,-30.817683,1.254495159115
2018-06-08,2018.436111366667,1.720067056376,-31.529562,1.245730033889
2018-06-09,2018.438889133333,1.718273381262,-26.730438,1.237130888107
2018-06-10,2018.441666900000,1.716479706147,-28.495204,1.228846477053
2018-06-11,2018.444444666667,1.714686031032,-31.900088,1.221011704971
2018-06-13,2018.450000200000,1.711098680803,-29.888828,1.207126688676
2018-06-14,2018.452777966667,1.709305005688,-31.677434,1.201228142401
2018-06-15,2018.455555733333,1.707511330573,-38.453115,1.196075954958
2018-06-16,2018.458333500000,1.705717655459,-32.337403,1.191667185797
2018-06-17,2018.461111266667,1.703923980344,-30.850000,1.187966177566
2018-06-19,2018.466666800000,1.700336630115,-35.187403,1.182392016613
2018-06-20,2018.469444566667,1.698542955000,-40.445505,1.180304812670
2018-06-21,2018.472222333333,1.696749279885,-40.574079,1.178506687307
2018-06-22,2018.475000100000,1.694955604771,-32.392159,1.176847092378
2018-06-23,2018.477777866667,1.693161929656,-30.284319,1.175169383204
2018-06-24,2018.480555633333,1.691368254541,-34.131505,1.173317712288
2018-06-25,2018.483333400000,1.689574579426,-32.191732,1.171143887950
2018-06-26,2018.486111166667,1.687780904312,-32.934136,1.168513896029
2018-06-27,2018.488888933333,1.685987229197,-34.069859,1.165313797666
2018-06-28,2018.491666700000,1.684193554082,-30.314762,1.161454743592
2018-06-29,2018.494444466667,1.682399878968,-34.866814,1.156876884258
2018-06-30,2018.497222233333,1.680606203853,-37.955018,1.151552003737
2018-07-01,2018.500000000000,1.678812528738,-34.500000,1.145484761458
2018-07-02,2018.502688161290,1.677076994853,-33.711482,1.138942439127
2018-07-03,2018.505376322581,1.675341460968,-33.400000,1.131801403240
2018-07-04,2018.508064483871,1.673605927083,-29.077189,1.124147835366
2018-07-05,2018.510752645161,1.671870393197,-29.545204,1.116089039282
2018-07-06,2018.513440806452,1.670134859312,-32.400000,1.107749018818
2018-07-07,2018.516128967742,1.668399325427,-36.361106,1.099263367482
2018-07-08,2018.518817129032,1.666663791542,-36.234359,1.090773680442
2018-07-09,2018.521505290323,1.664928257657,-29.686602,1.082421719187
2018-07-10,2018.524193451613,1.663192723771,-35.514386,1.074343569322
2018-07-11,2018.526881612903,1.661457189886,-30.922963,1.066664032276
2018-07-12,2018.529569774194,1.659721656001,-37.987145,1.059491482051
2018-07-13,2018.532257935484,1.657986122116,-32.882456,1.052913398971
2018-07-14,2018.534946096774,1.656250588230,-27.196115,1.046992764484
2018-07-15,2018.537634258065,1.654515054345,-32.824615,1.041765465606
2018-07-16,2018.540322419355,1.652779520460,-32.341288,1.037238815961
2018-07-17,2018.543010580645,1.651043986575,-33.272903,1.033391254379
2018-07-18,2018.545698741935,1.649308452690,-36.859204,1.030173233459
2018-07-19,2018.548386903226,1.647572918805,-37.656160,1.027509261496
2018-07-20,2018.551075064516,1.645837384919,-32.640257,1.025301013605
2018-07-21,2018.553763225807,1.644101851034,-36.361106,1.023431383833
2018-07-22,2018.556451387097,1.642366317149,-31.778611,1.021769311273
2018-07-23,2018.559139548387,1.640630783264,-35.364912,1.020175181275
2018-07-24,2018.561827709677,1.638895249379,-33.135310,1.018506579177
2018-07-25,2018.564515870968,1.637159715493,-30.400000,1.016624159421
2018-07-26,2018.567204032258,1.635424181608,-36.485310,1.014397388194
2018-07-27,2018.569892193548,1.633688647723,-31.592159,1.011709922918
2018-07-28,2018.572580354839,1.631953113838,-27.284039,1.008464406900
2018-07-29,2018.575268516129,1.630217579952,-32.631037,1.004586481551
2018-07-30,2018.577956677419,1.628482046067,-32.575567,1.000027850806
2018-07-31,2018.580644838710,1.626746512182,-29.300000,0.994768271482
2018-08-01,2018.583333000000,1.625010978297,-32.027660,0.988816387531
2018-08-02,2018.586021193549,1.623275725108,-33.950000,0.982210492244
2018-08-03,2018.588709387097,1.621540471919,-37.979602,0.975013818958
2018-08-04,2018.591397580645,1.619805218731,-27.377656,0.967314847271
2018-08-05,2018.594085774194,1.618069965542,-30.617076,0.959222750576
2018-08-06,2018.596773967742,1.616334712353,-35.663770,0.950862898307
2018-08-07,2018.599462161290,1.614599459165,-28.854867,0.942371690946
2018-08-08,2018.602150354839,1.612864205976,-34.137286,0.933890940572
2018-08-09,2018.604838548387,1.611128952787,-29.847108,0.925562028451
2018-08-10,2018.607526741936,1.609393699598,-31.529562,0.917520080388
2018-08-11,2018.610214935484,1.607658446410,-29.617850,0.909888399785
2018-08-12,2018.612903129032,1.605923193221,-36.887866,0.902773387761
2018-08-13,2018.615591322581,1.604187940032,-40.445505,0.896260159619
2018-08-14,2018.618279516129,1.602452686844,-37.000000,0.890409038248
2018-08-15,2018.620967709677,1.600717433655,-23.697456,0.885253068928
2018-08-16,2018.623655903226,1.598982180466,-31.169078,0.880796657926
2018-08-17,2018.626344096774,1.597246927278,-19.879552,0.877015390963
2018-08-18,2018.629032290323,1.595511674089,-29.065233,0.873857039037
2018-08-19,2018.631720483871,1.593776420900,-30.635030,0.871243710170
2018-08-20,2018.634408677419,1.592041167712,-29.888915,0.869075058413
2018-08-22,2018.639785064516,1.588570661334,-30.609335,0.865583691759
2018-08-23,2018.642473258064,1.586835408145,-33.571761,0.863988794092
2018-08-24,2018.645161451613,1.585100154957,-26.718001,0.862305421430
2018-08-25,2018.647849645161,1.583364901768,-29.736412,0.860394915302
2018-08-26,2018.650537838710,1.581629648579,-28.395447,0.858127974724
2018-08-27,2018.653226032258,1.579894395391,-32.027660,0.855389983172
2018-08-28,2018.655914225806,1.578159142202,-36.704049,0.852085730574
2018-08-29,2018.658602419355,1.576423889013,-36.487127,0.848143335798
2018-08-30,2018.661290612903,1.574688635824,-16.420739,0.843517208018
2018-08-31,2018.663978806451,1.572953382636,-9.762708,0.838189924982
2018-09-01,2018.666667000000,1.571218129447,-10.914962,0.832172950773
2018-09-02,2018.669444766667,1.569425324492,-18.870840,0.825274621001
2018-09-03,2018.672222533333,1.567632519536,-12.654780,0.817756765576
2018-09-04,2018.675000300000,1.565839714581,-27.251879,0.809720567241
2018-09-05,2018.677778066667,1.564046909625,-17.593520,0.801289998242
2018-09-06,2018.680555833333,1.562254104670,-16.127933,0.792606369754
2018-09-07,2018.683333600000,1.560461299714,-26.100301,0.783822118983
2018-09-08,2018.686111366667,1.558668494759,-24.735030,0.775094107104
2018-09-09,2018.688889133333,1.556875689803,-21.850000,0.766576722689
2018-09-10,2018.691666900000,1.555082884848,-0.357339,0.758415093844
2018-09-11,2018.694444666667,1.553290079892,2.983523,0.750738707503
2018-09-12,2018.697222433333,1.551497274937,-0.989795,0.743655716389
2018-09-13,2018.700000200000,1.549704469981,-19.475606,0.737248183969
2018-09-14,2018.702777966667,1.547911665026,-8.601314,0.731568476441
2018-09-15,2018.705555733333,1.546118860070,-11.398092,0.726636960402
2018-09-16,2018.708333500000,1.544326055115,-11.620731,0.722441107403
2018-09-17,2018.711111266667,1.542533250159,-20.100000,0.718936044783
2018-09-18,2018.713889033333,1.540740445204,-9.651116,0.716046528538
2018-09-19,2018.716666800000,1.538947640248,-12.297216,0.713670251507
2018-09-20,2018.719444566667,1.537154835293,7.890258,0.711682341415
2018-09-21,2018.722222333333,1.535362030337,-0.941500,0.709940851018
2018-09-22,2018.725000100000,1.533569225382,-4.831919,0.708292998965
2018-09-23,2018.727777866667,1.531776420426,-12.210387,0.706581886995
2018-09-24,2018.730555633333,1.529983615471,-18.960616,0.704653398137
2018-09-25,2018.733333400000,1.528190810515,-9.858191,0.702362972629
2018-09-26,2018.736111166667,1.526398005560,-9.863439,0.699581963641
2018-09-27,2018.738888933333,1.524605200604,-1.184138,0.696203293374
2018-09-28,2018.741666700000,1.522812395649,-0.416829,0.692146160849
2018-09-29,2018.744444466667,1.521019590693,-1.892372,0.687359594408
2018-09-30,2018.747222233333,1.519226785737,-2.839155,0.681824692741
2018-10-01,2018.750000000000,1.517433980782,16.009103,0.675555455897
2018-10-02,2018.752688161290,1.515699288850,3.951553,0.668833765713
2018-10-03,2018.755376322581,1.513964596918,-6.471703,0.661536691725
2018-10-04,2018.758064483871,1.512229904986,-7.409326,0.653756857403
2018-10-05,2018.760752645161,1.510495213055,-10.262795,0.645606762255
2018-10-06,2018.763440806452,1.508760521123,-3.636312,0.637214150035
2018-10-07,2018.766128967742,1.507025829191,4.177675,0.628716749327
2018-10-09,2018.771505290323,1.503556445327,5.261939,0.611974220211
2018-10-10,2018.774193451613,1.501821753395,5.988740,0.604002791132
2018-10-11,2018.776881612903,1.500087061463,-5.887634,0.596462703571
2018-10-12,2018.779569774194,1.498352369532,3.100000,0.589456586266
2018-10-13,2018.782257935484,1.496617677600,3.400406,0.583065083520
2018-10-14,2018.784946096774,1.494882985668,6.355799,0.577343534940
2018-10-15,2018.787634258065,1.493148293736,-2.496600,0.572319697020
2018-10-16,2018.790322419355,1.491413601804,1.681749,0.567992600355
2018-10-17,2018.793010580645,1.489678909872,0.496788,0.564332589552
2018-10-18,2018.795698741935,1.487944217940,12.943406,0.561282544197
2018-10-19,2018.798386903226,1.486209526009,11.210314,0.558760230593
2018-10-20,2018.801075064516,1.484474834077,10.443951,0.556661687456
2018-10-21,2018.803763225807,1.482740142145,18.981213,0.554865506175
2018-10-22,2018.806451387097,1.481005450213,4.284028,0.553237829403
2018-10-23,2018.809139548387,1.479270758281,-6.757832,0.551637862184
2018-10-24,2018.811827709677,1.477536066349,15.035380,0.549923668714
2018-10-25,2018.814515870968,1.475801374417,8.594382,0.547958016073
2018-10-26,2018.817204032258,1.474066682485,7.006275,0.545614024328
2018-10-27,2018.819892193548,1.472331990554,13.147184,0.542780390393
2018-10-28,2018.822580354839,1.470597298622,13.503986,0.539365970554
2018-10-29,2018.825268516129,1.468862606690,3.088204,0.535303533011
2018-10-30,2018.827956677419,1.467127914758,0.758255,0.530552525923
2018-10-31,2018.830644838710,1.465393222826,-9.158712,0.525100746988
2018-11-01,2018.833333000000,1.463658530894,11.002993,0.518964845838
2018-11-02,2018.836110800000,1.479519300148,7.172602,0.551870815909
2018-11-03,2018.838888600000,1.495380069401,-2.120525,0.578912432563
2018-11-05,2018.844444200000,1.527101607908,22.600000,0.700739261186
2018-11-06,2018.847222000000,1.542962377162,10.618527,0.719715676944
2018-11-07,2018.849999800000,1.558823146415,5.728229,0.775840864259
2018-11-08,2018.852777600000,1.574683915669,10.635924,0.843503669373
2018-11-09,2018.855555400000,1.590544684922,4.084398,0.867471378211
2018-11-10,2018.858333200000,1.606405454176,10.657502,0.904693613845
2018-11-11,2018.861111000000,1.622266223429,8.075424,0.978090464670
2018-11-14,2018.869444400000,1.669848531190,-6.717047,1.106355344059
2018-11-16,2018.875000000000,1.701570069697,24.481232,1.184067400210
2018-11-17,2018.877777800000,1.717430838951,21.516971,1.233191630817
2018-11-18,2018.880555600000,1.733291608204,20.600000,1.304496565433
2018-11-19,2018.883333400000,1.749152377458,10.241278,1.333398724466
2018-11-20,2018.886111200000,1.765013146711,17.726540,1.364179074712
2018-11-21,2018.888889000000,1.780873915965,12.113135,1.436296534326
2018-11-22,2018.891666800000,1.796734685218,3.269386,1.483081555456
2018-11-23,2018.894444600000,1.812595454472,7.470556,1.502902830168
2018-11-24,2018.897222400000,1.828456223725,8.200000,1.563355493512
2018-11-25,2018.900000200000,1.844316992979,10.190617,1.627718074642
2018-11-26,2018.902778000000,1.860177762231,13.909332,1.649230820321
2018-11-27,2018.905555800000,1.876038531486,21.764251,1.691146200583
2018-11-28,2018.908333600000,1.891899300738,12.575456,1.764335172963
2018-11-29,2018.911111400000,1.907760069992,13.557598,1.799377198848
2018-11-30,2018.913889200000,1.923620839245,14.254221,1.824789814537
2018-12-01,2018.916667000000,1.939481608499,4.749476,1.893813004234
2018-12-02,2018.919355161290,1.937744714637,11.929184,1.885409471391
2018-12-03,2018.922043322581,1.936007820774,20.508903,1.876901202111
2018-12-04,2018.924731483871,1.934270926911,17.160987,1.868430783037
2018-12-05,2018.927419645161,1.932534033048,11.691370,1.860139238514
2018-12-06,2018.930107806452,1.930797139186,4.141659,1.852160209683
2018-12-07,2018.932795967742,1.929060245323,10.478907,1.844614438324
2018-12-08,2018.935484129032,1.927323351460,11.956568,1.837604783137
2018-12-09,2018.938172290323,1.925586457597,9.158712,1.831211974158
2018-12-10,2018.940860451613,1.923849563734,20.287040,1.825491280557
2018-12-11,2018.943548612903,1.922112669872,15.341398,1.820470229351
2018-12-12,2018.946236774193,1.920375776009,10.143520,1.816147469207
2018-12-13,2018.948924935484,1.918638882146,6.034679,1.812492826216
2018-12-15,2018.954301258065,1.915165094421,18.324006,1.806931694181
2018-12-16,2018.956989419355,1.913428200558,16.249328,1.804837546497
2018-12-17,2018.959677580645,1.911691306695,19.762898,1.803043944457
2018-12-18,2018.962365741935,1.909954412832,17.384313,1.801416320938
2018-12-19,2018.965053903226,1.908217518970,19.351876,1.799813257910
2018-12-20,2018.967742064516,1.906480625107,16.437213,1.798092323584
2018-12-21,2018.970430225806,1.904743731244,12.374369,1.796115951416
2018-12-22,2018.973118387097,1.903006837381,12.296400,1.793757118278
2018-12-23,2018.975806548387,1.901269943518,16.120062,1.790904587456
2018-12-24,2018.978494709677,1.899533049656,15.092350,1.787467500041
2018-12-25,2018.981182870968,1.897796155793,15.915752,1.783379125205
2018-12-26,2018.983871032258,1.896059261930,18.728460,1.778599614583
2018-12-27,2018.986559193548,1.894322368067,18.711347,1.773117647040
2018-12-28,2018.989247354839,1.892585474205,18.961705,1.766950895970
2018-12-29,2018.991935516129,1.890848580342,14.900000,1.760145299801
2018-12-30,2018.994623677419,1.889111686479,16.437213,1.752773165856
2018-12-31,2018.997311838710,1.887374792616,13.548248,1.744930185799
2019-01-01,2019.000000000000,1.885637898753,13.400000,1.736731485878
2019-01-02,2019.002688161290,1.883901285807,12.687272,1.728308248393
2019-01-03,2019.005376322581,1.882164672861,10.244351,1.719798238541
2019-01-04,2019.008064483871,1.880428059914,8.451851,1.711344102553
2019-01-05,2019.010752645161,1.878691446968,14.444897,1.703086181164
2019-01-06,2019.013440806452,1.876954834022,18.134480,1.695156718786
2019-01-07,2019.016128967742,1.875218221076,14.650000,1.687674406771
2019-01-08,2019.018817129032,1.873481608129,18.628825,1.680739485896
2019-01-09,2019.021505290323,1.871744995183,19.015752,1.674429610171
2019-01-10,2019.024193451613,1.870008382237,18.807438,1.668796642641
2019-01-11,2019.026881612903,1.868271769290,18.892861,1.663864515372
2019-01-12,2019.029569774194,1.866535156344,14.843301,1.659628241965
2019-01-13,2019.032257935484,1.864798543398,13.045221,1.656054123298
2019-01-14,2019.034946096774,1.863061930451,13.935030,1.653081138043
2019-01-15,2019.037634258065,1.861325317505,15.416704,1.650623460563
2019-01-16,2019.040322419355,1.859588704559,22.110805,1.648574002296
2019-01-17,2019.043010580645,1.857852091613,22.100000,1.646808830508
2019-01-18,2019.045698741935,1.856115478666,10.914962,1.645192282071
2019-01-19,2019.048386903226,1.854378865720,5.078743,1.643582561278
2019-01-20,2019.051075064516,1.852642252774,10.899749,1.641837590693
2019-01-21,2019.053763225807,1.850905639827,14.181232,1.639820873639
2019-01-23,2019.059139548387,1.847432413935,17.582820,1.634487447716
2019-01-24,2019.061827709677,1.845695800989,16.393332,1.630973812407
2019-01-25,2019.064515870968,1.843959188042,19.000671,1.626802703440
2019-01-26,2019.067204032258,1.842222575096,10.192373,1.621937732840
2019-01-27,2019.069892193548,1.840485962150,14.633776,1.616371143150
2019-01-28,2019.072580354839,1.838749349203,13.236093,1.610124127518
2019-01-29,2019.075268516129,1.837012736257,9.950267,1.603245955217
2019-01-30,2019.077956677419,1.835276123311,6.299319,1.595811938667
2019-01-31,2019.080644838710,1.833539510364,3.075914,1.587920325850
2019-02-01,2019.083333000000,1.831802897418,10.695341,1.579688246346
2019-02-02,2019.086309214286,1.829880529763,7.808527,1.570337333167
2019-02-03,2019.089285428571,1.827958162109,4.831307,1.560919999952
2019-02-04,2019.092261642857,1.826035794454,11.755097,1.551629438569
2019-02-05,2019.095237857143,1.824113426799,14.705498,1.542652436054
2019-02-06,2019.098214071429,1.822191059144,10.949611,1.534159937652
2019-02-07,2019.101190285714,1.820268691490,14.673636,1.526298410234
2019-02-08,2019.104166500000,1.818346323835,10.260805,1.519182442413
2019-02-09,2019.107142714286,1.816423956180,14.594252,1.512888955246
2019-02-10,2019.110118928571,1.814501588525,15.574664,1.507453315977
2019-02-11,2019.113095142857,1.812579220870,10.800000,1.502867551201
2019-02-12,2019.116071357143,1.810656853216,8.881816,1.499080749700
2019-02-13,2019.119047571429,1.808734485561,19.850725,1.496001634602
2019-02-14,2019.122023785714,1.806812117906,20.217777,1.493503174926
2019-02-15,2019.125000000000,1.804889750251,17.721651,1.491429003506
2019-02-16,2019.127976214286,1.802967382597,19.883603,1.489601317058
2019-02-17,2019.130952428571,1.801045014942,19.500000,1.487829859251
2019-02-18,2019.133928642857,1.799122647287,19.000000,1.485921532941
2019-02-19,2019.136904857143,1.797200279632,12.652784,1.483690155929
2019-02-20,2019.139881071429,1.795277911978,2.493546,1.480965867354
2019-02-21,2019.142857285714,1.793355544323,7.082640,1.477603709501
2019-02-22,2019.145833500000,1.791433176668,10.579854,1.473490951423
2019-02-23,2019.148809714286,1.789510809013,12.075050,1.468552784405
2019-02-24,2019.151785928571,1.787588441359,13.735678,1.462756101481
2019-02-25,2019.154762142857,1.785666073704,10.489001,1.456111170087
2019-02-26,2019.157738357143,1.783743706049,6.011185,1.448671113324
2019-02-27,2019.160714571429,1.781821338394,13.096147,1.440529226039
2019-02-28,2019.163690785714,1.779898970739,14.940426,1.431814261341
2019-03-01,2019.166667000000,1.777976603085,16.479775,1.422683925658
2019-03-02,2019.169355161290,1.776240551835,23.208578,1.414229878753
2019-03-03,2019.172043322581,1.774504500585,21.829924,1.405722970910
2019-03-04,2019.174731483871,1.772768449336,19.123094,1.397305695897
2019-03-05,2019.177419645161,1.771032398086,26.897257,1.389116851387
2019-03-06,2019.180107806452,1.769296346836,23.310956,1.381285815497
2019-03-07,2019.182795967742,1.767560295587,18.573321,1.373927211757
2019-03-08,2019.185484129032,1.765824244337,16.885500,1.367136182497
2019-03-09,2019.188172290323,1.764088193087,13.557598,1.360984465559
2019-03-10,2019.190860451613,1.762352141838,12.460443,1.355517436119
2019-03-11,2019.193548612903,1.760616090588,21.346961,1.350752235597
2019-03-12,2019.196236774193,1.758880039338,16.201385,1.346677064811
2019-03-13,2019.198924935484,1.757143988089,11.334140,1.343251670533
2019-03-14,2019.201613096774,1.755407936839,15.602288,1.340409005363
2019-03-15,2019.204301258065,1.753671885589,19.734814,1.338057992504
2019-03-16,2019.206989419355,1.751935834340,25.475050,1.336087281391
2019-03-17,2019.209677580645,1.750199783090,17.386665,1.334369839349
2019-03-18,2019.212365741935,1.748463731840,8.870709,1.332768189904
2019-03-19,2019.215053903226,1.746727680591,16.817996,1.331140081763
2019-03-20,2019.217742064516,1.744991629341,12.099209,1.329344354682
2019-03-21,2019.220430225806,1.743255578091,8.110435,1.327246760348
2019-03-22,2019.223118387097,1.741519526842,10.649783,1.324725498238
2019-03-23,2019.225806548387,1.739783475592,16.387403,1.321676238184
2019-03-24,2019.228494709677,1.738047424342,16.112051,1.318016422525
2019-03-25,2019.231182870968,1.736311373093,16.447519,1.313688670460
2019-03-26,2019.233871032258,1.734575321843,12.943406,1.308663144194
2019-03-27,2019.236559193548,1.732839270593,11.818919,1.302938779332
2019-03-28,2019.239247354839,1.731103219344,15.918396,1.296543328771
2019-03-29,2019.241935516129,1.729367168094,18.117068,1.289532218279
2019-03-30,2019.244623677419,1.727631116844,16.420739,1.281986260964
2019-03-31,2019.247311838710,1.725895065595,15.302562,1.274008324863
2019-04-01,2019.250000000000,1.724159014345,17.726540,1.265719091079
2019-04-02,2019.252777766667,1.722365384860,14.330602,1.256969837409
2019-04-03,2019.255555533333,1.720571755375,11.851657,1.248186219135
2019-04-04,2019.258333300000,1.718778125890,9.256418,1.239525107806
2019-04-05,2019.261111066667,1.716984496405,12.033732,1.231137983885
2019-04-06,2019.263888833333,1.715190866919,13.961934,1.223164270643
2019-04-07,2019.266666600000,1.713397237434,20.029154,1.215725198645
2019-04-08,2019.269444366667,1.711603607949,26.596424,1.208918470832
2019-04-09,2019.272222133333,1.709809978464,19.440517,1.202813962970
2019-04-10,2019.274999900000,1.708016348979,10.300092,1.197450648671
2019-04-11,2019.277777666667,1.706222719494,11.279451,1.192834884305
2019-04-12,2019.280555433333,1.704429090009,7.636753,1.188940129276
2019-04-13,2019.283333200000,1.702635460524,12.823713,1.185708113985
2019-04-14,2019.286110966667,1.700841831038,11.800000,1.183051404056
2019-04-15,2019.288888733333,1.699048201553,14.321453,1.180857248010
2019-04-16,2019.291666500000,1.697254572068,5.510296,1.178992539049
2019-04-17,2019.294444266667,1.695460942583,4.177860,1.177309672603
2019-04-18,2019.297222033333,1.693667313098,9.064974,1.175653041870
2019-04-19,2019.299999800000,1.691873683613,18.927699,1.173865885512
2019-04-20,2019.302777566667,1.690080054128,18.352591,1.171797186149
2019-04-21,2019.305555333333,1.688286424643,15.774507,1.169308316088
2019-04-22,2019.308333100000,1.686492795157,16.547248,1.166279137828
2019-04-23,2019.311110866667,1.684699165672,15.296265,1.162613290870
2019-04-24,2019.313888633333,1.682905536187,11.880888,1.158242432198
2019-04-25,2019.316666400000,1.681111906702,12.509417,1.153129243807
2019-04-26,2019.319444166667,1.679318277217,15.092350,1.147269074931
2019-04-27,2019.322221933333,1.677524647732,10.406568,1.140690146710
2019-04-28,2019.324999700000,1.675731018247,10.347028,1.133452310273
2019-04-29,2019.327777466667,1.673937388762,12.460443,1.125644412917
2019-04-30,2019.330555233333,1.672143759276,17.234136,1.117380388248
2019-05-01,2019.333333000000,1.670350129791,18.051674,1.108794242387
2019-05-02,2019.336021193549,1.587102138454,15.246368,0.864236158146
2019-05-03,2019.338709387097,1.503854147123,10.779897,0.613377074748
2019-05-04,2019.341397580645,1.420606155786,19.070378,0.389826712224
2019-05-05,2019.344085774194,1.337358164448,17.433407,0.120899385581
2019-05-06,2019.346773967742,1.254110173118,17.219848,-0.089467056584
2019-05-07,2019.349462161290,1.170862181780,16.437213,-0.365274879032
2019-05-08,2019.352150354839,1.087614190442,16.430193,-0.575804858390
2019-05-09,2019.354838548387,1.004366199112,16.835198,-0.844422713624
2019-05-10,2019.357526741936,0.921118207774,15.673553,-1.068395170613
2019-05-11,2019.360214935484,0.837870216444,11.800000,-1.318764970213
2019-05-12,2019.362903129032,0.754622225106,14.361182,-1.563826861654
2019-05-13,2019.365591322581,0.671374233769,14.384443,-1.792535889834
2019-05-14,2019.368279516129,0.588126242438,12.704020,-2.057498349785
2019-05-15,2019.370967709677,0.504878251101,9.738994,-2.270209086080
2019-05-16,2019.373655903226,0.421630259763,12.579451,-2.545545524042
2019-05-17,2019.376344096774,0.338382268433,13.896012,-2.754623238975
2019-05-18,2019.379032290323,0.255134277095,11.128328,-3.026460687491
2019-05-19,2019.381720483871,0.171886285757,16.662221,-3.245792775585
2019-05-20,2019.384408677419,0.088638294427,12.704020,-3.501724235884
2019-05-21,2019.387096870968,0.005390303089,14.941113,-3.740901825419
2019-05-23,2019.392473258064,-0.161105679579,11.419478,-4.235483983491
2019-05-24,2019.395161451613,-0.244353670916,10.999736,-4.451445035307
2019-05-25,2019.397849645161,-0.327601662247,11.171728,-4.725293596190
2019-05-26,2019.400537838710,-0.410849653584,15.971070,-4.933936596408
2019-05-27,2019.403226032258,-0.494097644922,23.100000,-5.208084559275
2019-05-28,2019.405914225806,-0.577345636252,17.844553,-5.423479034412
2019-05-30,2019.411290612903,-0.743841618928,13.147184,-5.917938183056
2019-05-31,2019.413978806451,-0.827089610258,16.686125,-6.158038137014
2019-06-01,2019.416667000000,-0.910337601596,17.931505,-6.413119925832
2019-06-02,2019.419444766667,-0.908548359556,17.972741,-6.404710558736
2019-06-03,2019.422222533333,-0.906759117517,13.426369,-6.396046969567
2019-06-04,2019.425000300000,-0.904969875478,12.066664,-6.387280568889
2019-06-05,2019.427778066667,-0.903180633439,11.377422,-6.378567269600
2019-06-06,2019.430555833333,-0.901391391400,11.591410,-6.370060659177
2019-06-07,2019.433333600000,-0.899602149360,12.723284,-6.361905273747
2019-06-08,2019.436111366667,-0.897812907321,14.476674,-6.354230268547
2019-06-09,2019.438889133333,-0.896023665282,12.153677,-6.347143761935
2019-06-10,2019.441666900000,-0.894234423243,17.162898,-6.340728100660
2019-06-11,2019.444444666667,-0.892445181204,24.700000,-6.335036253720
2019-06-12,2019.447222433333,-0.890655939164,6.029897,-6.330089492737
2019-06-13,2019.450000200000,-0.888866697125,13.277409,-6.325876460427
2019-06-14,2019.452777966667,-0.887077455086,14.317311,-6.322353667960
2019-06-15,2019.455555733333,-0.885288213047,1.694037,-6.319447399428
2019-06-16,2019.458333500000,-0.883498971008,10.480395,-6.317056940023
2019-06-17,2019.461111266667,-0.881709728968,14.427434,-6.315058986554
2019-06-18,2019.463889033333,-0.879920486929,13.426369,-6.313313047155
2019-06-19,2019.466666800000,-0.878131244890,7.851956,-6.311667593727
2019-06-20,2019.469444566667,-0.876342002851,13.417485,-6.309966697675
2019-06-21,2019.472222333333,-0.874552760811,12.943406,-6.308056858355
2019-06-22,2019.475000100000,-0.872763518772,17.234136,-6.305793725195
2019-06-23,2019.477777866667,-0.870974276733,18.362126,-6.303048419115
2019-06-24,2019.480555633333,-0.869185034694,16.966423,-6.299713176417
2019-06-25,2019.483333400000,-0.867395792655,10.910935,-6.295706067988
2019-06-26,2019.486111166667,-0.865606550615,14.600598,-6.290974587153
2019-06-27,2019.488888933333,-0.863817308576,13.138640,-6.285497949049
2019-06-28,2019.491666700000,-0.862028066537,8.719968,-6.279288000843
2019-06-29,2019.494444466667,-0.860238824498,8.428662,-6.272388702919
2019-06-30,2019.497222233333,-0.858449582459,4.645668,-6.264874203756
2019-07-01,2019.500000000000,-0.856660340419,-4.519662,-6.256845592812
2019-07-02,2019.502688161290,-0.854929095913,1.153122,-6.248704088593
2019-07-03,2019.505376322581,-0.853197851407,12.078500,-6.240324193951
2019-07-04,2019.508064483871,-0.851466606901,7.975643,-6.231842982284
2019-07-05,2019.510752645161,-0.849735362395,15.934273,-6.223401681873
2019-07-06,2019.513440806452,-0.848004117889,20.082376,-6.215139884289
2019-07-07,2019.516128967742,-0.846272873383,17.701851,-6.207189819918
2019-07-08,2019.518817129032,-0.844541628877,13.548157,-6.199670935367
2019-07-09,2019.521505290323,-0.842810384371,17.480338,-6.192684995104
2019-07-10,2019.524193451613,-0.841079139865,15.092350,-6.186311908234
2019-07-11,2019.526881612903,-0.839347895359,14.271758,-6.180606451524
2019-07-12,2019.529569774194,-0.837616650853,7.631899,-6.175596023074
2019-07-13,2019.532257935484,-0.835885406347,5.400000,-6.171279518765
2019-07-14,2019.534946096774,-0.834154161841,12.526162,-6.167627377528
2019-07-15,2019.537634258065,-0.832422917335,4.981702,-6.164582793615
2019-07-16,2019.540322419355,-0.830691672829,7.884878,-6.162064046121
2019-07-17,2019.543010580645,-0.828960428323,14.825622,-6.159967850261
2019-07-18,2019.545698741935,-0.827229183817,19.689951,-6.158173592945
2019-07-19,2019.548386903226,-0.825497939311,11.090444,-6.156548278968
2019-07-20,2019.551075064516,-0.823766694805,13.761114,-6.154951984974
2019-07-21,2019.553763225807,-0.822035450299,20.818678,-6.153243597534
2019-07-22,2019.556451387097,-0.820304205793,7.336037,-6.151286600028
2019-07-23,2019.559139548387,-0.818572961287,12.253195,-6.148954671019
2019-07-24,2019.561827709677,-0.816841716781,10.431999,-6.146136864534
2019-07-25,2019.564515870968,-0.815110472275,9.138726,-6.142742159815
2019-07-26,2019.567204032258,-0.813379227769,14.427434,-6.138703193968
2019-07-27,2019.569892193548,-0.811647983263,11.444186,-6.133979024428
2019-07-28,2019.572580354839,-0.809916738757,17.500000,-6.128556807960
2019-07-29,2019.575268516129,-0.808185494251,7.342025,-6.122452327344
2019-07-30,2019.577956677419,-0.806454249745,-1.341997,-6.115709344146
2019-07-31,2019.580644838710,-0.804723005239,10.112488,-6.108397804110
2019-08-01,2019.583333000000,-0.802991760733,8.734198,-6.100610968770
2019-08-02,2019.586021193549,-0.801260796230,19.147011,-6.092462931551
2019-08-03,2019.588709387097,-0.799529831727,17.005517,-6.084080026182
2019-08-04,2019.591397580645,-0.797798867223,8.189417,-6.075599438700
2019-08-05,2019.594085774194,-0.796067902720,10.197060,-6.067162359676
2019-08-06,2019.596773967742,-0.794336938217,16.313540,-6.058908196027
2019-08-07,2019.599462161290,-0.792605973714,14.803714,-6.050968855959
2019-08-08,2019.602150354839,-0.790875009210,12.900710,-6.043463341329
2019-08-09,2019.604838548387,-0.789144044707,9.334970,-6.036492869097
2019-08-10,2019.607526741936,-0.787413080204,8.353460,-6.030136721889
2019-08-11,2019.610214935484,-0.785682115701,19.726295,-6.024448997765
2019-08-12,2019.612903129032,-0.783951151197,15.465678,-6.019456392439
2019-08-13,2019.615591322581,-0.782220186694,5.403619,-6.015157104876
2019-08-14,2019.618279516129,-0.780489222191,5.146758,-6.011520911131
2019-08-15,2019.620967709677,-0.778758257688,9.545480,-6.008490403385
2019-08-16,2019.623655903226,-0.777027293184,-0.625133,-6.005983343418
2019-08-17,2019.626344096774,-0.775296328681,5.631904,-6.003896034001
2019-08-18,2019.629032290323,-0.773565364178,14.235325,-6.002107570016
2019-08-19,2019.631720483871,-0.771834399675,13.006568,-6.000484795026
2019-08-20,2019.634408677419,-0.770103435171,10.937922,-5.998887760090
2019-08-21,2019.637096870968,-0.768372470668,14.221720,-5.997175461040
2019-08-22,2019.639785064516,-0.766641506165,12.943406,-5.995211619017
2019-08-23,2019.642473258064,-0.764910541662,5.914727,-5.992870267298
2019-08-24,2019.645161451613,-0.763179577158,7.022641,-5.990040915358
2019-08-25,2019.647849645161,-0.761448612655,0.882793,-5.986633078491
2019-08-26,2019.650537838710,-0.759717648152,6.736972,-5.982579987275
2019-08-27,2019.653226032258,-0.757986683649,8.928057,-5.977841324817
2019-08-28,2019.655914225806,-0.756255719145,10.143524,-5.972404879568
2019-08-29,2019.658602419355,-0.754524754642,8.664631,-5.966287045935
2019-08-30,2019.661290612903,-0.752793790139,9.665994,-5.959532152193
2019-08-31,2019.663978806451,-0.751062825636,12.365900,-5.952210643218
2019-09-01,2019.666667000000,-0.749331861132,14.859279,-5.944416192564
2019-09-02,2019.669444766667,-0.747543487102,14.294414,-5.935986699580
2019-09-03,2019.672222533333,-0.745755113071,14.896815,-5.927314281319
2019-09-04,2019.675000300000,-0.743966739041,14.786818,-5.918550698778
2019-09-05,2019.677778066667,-0.742178365010,12.318888,-5.909851701374
2019-09-06,2019.680555833333,-0.740389990979,2.889973,-5.901370212936
2019-09-07,2019.683333600000,-0.738601616949,-0.338311,-5.893249641317
2019-09-08,2019.686111366667,-0.736813242918,12.250813,-5.885617604325
2019-09-09,2019.688889133333,-0.735024868888,10.526104,-5.878580346472
2019-09-10,2019.691666900000,-0.733236494857,1.884050,-5.872218090792
2019-09-11,2019.694444666667,-0.731448120826,0.100386,-5.866581529101
2019-09-12,2019.697222433333,-0.729659746796,9.075545,-5.861689604239
2019-09-13,2019.700000200000,-0.727871372765,9.232191,-5.857528681324
2019-09-14,2019.702777966667,-0.726082998734,7.670699,-5.854053144275
2019-09-15,2019.705555733333,-0.724294624704,2.011073,-5.851187391507
2019-09-16,2019.708333500000,-0.722506250673,13.321294,-5.848829143490
2019-09-17,2019.711111266667,-0.720717876643,18.000000,-5.846853917452
2019-09-18,2019.713889033333,-0.718929502612,16.887495,-5.845120473484
2019-09-19,2019.716666800000,-0.717141128581,13.420389,-5.843476993755
2019-09-20,2019.719444566667,-0.715352754551,5.094237,-5.841767724516
2019-09-21,2019.722222333333,-0.713564380520,18.370761,-5.839839790297
2019-09-22,2019.725000100000,-0.711776006489,11.849139,-5.837549882180
2019-09-23,2019.727777866667,-0.709987632459,8.751372,-5.834770527536
2019-09-24,2019.730555633333,-0.708199258428,10.655333,-5.831395666933
2019-09-25,2019.733333400000,-0.706410884398,12.639733,-5.827345294209
2019-09-26,2019.736111166667,-0.704622510367,0.718242,-5.822568956735
2019-09-27,2019.738888933333,-0.702834136336,-0.758255,-5.817047962701
2019-09-28,2019.741666700000,-0.701045762306,15.157301,-5.810796198883
2019-09-29,2019.744444466667,-0.699257388275,14.074400,-5.803859523100
2019-09-30,2019.747222233333,-0.697469014245,-0.085551,-5.796313757940
2019-10-01,2019.750000000000,-0.695680640214,3.076885,-5.788261373536
2019-10-02,2019.752688161290,-0.693950235580,3.852740,-5.780104972485
2019-10-03,2019.755376322581,-0.692219830947,14.219022,-5.771718750364
2019-10-04,2019.758064483871,-0.690489426313,22.288498,-5.763240007409
2019-10-05,2019.760752645161,-0.688759021680,5.824762,-5.754809834357
2019-10-06,2019.763440806452,-0.687028617046,0.338775,-5.746567332075
2019-10-07,2019.766128967742,-0.685298212413,10.733105,-5.738643912732
2019-10-08,2019.768817129032,-0.683567807779,8.062898,-5.731157915962
2019-10-09,2019.771505290323,-0.681837403145,-1.965175,-5.724209760595
2019-10-10,2019.774193451613,-0.680106998512,6.087700,-5.717877830594
2019-10-11,2019.776881612903,-0.678376593878,10.104921,-5.712215263732
2019-10-12,2019.779569774194,-0.676646189245,5.617439,-5.707247774585
2019-10-13,2019.782257935484,-0.674915784611,5.897895,-5.702972601034
2019-10-14,2019.784946096774,-0.673185379978,9.707555,-5.699358617425
2019-10-15,2019.787634258065,-0.671454975344,5.312328,-5.696347609755
2019-10-16,2019.790322419355,-0.669724570711,2.115180,-5.693856660650
2019-10-17,2019.793010580645,-0.667994166077,11.826268,-5.691781546414
2019-10-18,2019.795698741935,-0.666263761443,11.177861,-5.690001006975
2019-10-19,2019.798386903226,-0.664533356810,11.755097,-5.688381713805
2019-10-20,2019.801075064516,-0.662802952176,6.833914,-5.686783732259
2019-10-21,2019.803763225807,-0.661072547543,8.383717,-5.685066254579
2019-10-22,2019.806451387097,-0.659342142909,8.983110,-5.683093368651
2019-10-23,2019.809139548387,-0.657611738276,9.800000,-5.680739626206
2019-10-24,2019.811827709677,-0.655881333642,2.704022,-5.677895182314
2019-10-25,2019.814515870968,-0.654150929008,6.133681,-5.674470295636
2019-10-26,2019.817204032258,-0.652420524375,6.271381,-5.670399005042
2019-10-27,2019.819892193548,-0.650690119741,5.334261,-5.665641831980
2019-10-28,2019.822580354839,-0.648959715108,-8.403555,-5.660187397872
2019-10-29,2019.825268516129,-0.647229310474,5.451776,-5.654052890288
2019-10-30,2019.827956677419,-0.645498905841,6.880476,-5.647283358784
2019-10-31,2019.830644838710,-0.643768501207,10.561017,-5.639949869267
2019-11-01,2019.833333000000,-0.642038096574,2.620233,-5.632146592485
2019-11-02,2019.836110800000,-0.695396999862,9.422347,-5.786945675874
2019-11-03,2019.838888600000,-0.748755903146,8.087516,-5.941736838135
2019-11-04,2019.841666400000,-0.802114806434,12.590733,-6.096520526956
2019-11-05,2019.844444200000,-0.855473709718,7.449581,-6.251297197126
2019-11-06,2019.847222000000,-0.908832613006,7.377811,-6.406067310263
2019-11-07,2019.849999800000,-0.962191516290,13.397835,-6.560831334206
2019-11-08,2019.852777600000,-1.015550419579,9.107375,-6.715589742728
2019-11-09,2019.855555400000,-1.068909322863,3.143998,-6.870343014918
2019-11-10,2019.858333200000,-1.122268226151,4.515738,-7.025091634884
2019-11-11,2019.861111000000,-1.175627129435,6.620712,-7.179836091125
2019-11-12,2019.863888800000,-1.228986032723,8.454753,-7.334576876223
2019-11-13,2019.866666600000,-1.282344936007,8.428662,-7.489314486207
2019-11-14,2019.869444400000,-1.335703839295,9.669059,-7.644049420240
2019-11-15,2019.872222200000,-1.389062742579,9.891555,-7.798782179975
2019-11-16,2019.875000000000,-1.442421645868,8.075424,-7.953513269237
2019-11-17,2019.877777800000,-1.495780549156,5.151046,-8.108243193397
2019-11-18,2019.880555600000,-1.549139452440,0.554911,-8.262972458942
2019-11-19,2019.883333400000,-1.602498355728,0.583943,-8.417701573057
2019-11-20,2019.886111200000,-1.655857259012,-0.766044,-8.572431042990
2019-11-21,2019.888889000000,-1.709216162301,-2.064875,-8.727161375727
2019-11-22,2019.891666800000,-1.762575065585,-8.666894,-8.881893077345
2019-11-23,2019.894444600000,-1.815933968873,7.085911,-9.036626652686
2019-11-24,2019.897222400000,-1.869292872157,15.900000,-9.191362604709
2019-11-25,2019.900000200000,-1.922651775445,10.800000,-9.346101434172
2019-11-26,2019.902778000000,-1.976010678729,12.244414,-9.500843638981
2019-11-27,2019.905555800000,-2.029369582017,13.689340,-9.655589713886
2019-11-28,2019.908333600000,-2.082728485301,2.408924,-9.810340149829
2019-11-29,2019.911111400000,-2.136087388590,4.416730,-9.965095433645
2019-11-30,2019.913889200000,-2.189446291874,9.257279,-10.119856047427
2019-12-01,2019.916667000000,-2.242805195162,10.317485,-10.274622468226
2019-12-02,2019.919355161290,-2.241066718782,11.128328,-10.266519070729
2019-12-03,2019.922043322581,-2.239328242402,13.976316,-10.258811680393
2019-12-04,2019.924731483871,-2.237589766022,9.651116,-10.251609835466
2019-12-05,2019.927419645161,-2.235851289642,6.638420,-10.245002169461
2019-12-06,2019.930107806452,-2.234112813263,8.818825,-10.239052746075
2019-12-07,2019.932795967742,-2.232374336883,5.650000,-10.233798410107
2019-12-08,2019.935484129032,-2.230635860503,8.567827,-10.229247263889
2019-12-09,2019.938172290323,-2.228897384123,10.976637,-10.225378332252
2019-12-10,2019.940860451613,-2.227158907743,1.672314,-10.222142429863
2019-12-11,2019.943548612903,-2.225420431363,0.380685,-10.219464195083
2019-12-12,2019.946236774193,-2.223681954983,10.542056,-10.217245206238
2019-12-13,2019.948924935484,-2.221943478604,9.300000,-10.215368051435
2019-12-16,2019.956989419355,-2.216728049464,12.178183,-10.210434442439
2019-12-17,2019.959677580645,-2.214989573084,5.907837,-10.208551313591
2019-12-18,2019.962365741935,-2.213251096704,1.072016,-10.206323673771
2019-12-19,2019.965053903226,-2.211512620325,-6.127574,-10.203634468813
2019-12-20,2019.967742064516,-2.209774143945,2.233933,-10.200385730667
2019-12-21,2019.970430225806,-2.208035667565,-8.515118,-10.196502628466
2019-12-22,2019.973118387097,-2.206297191185,-6.768202,-10.191936562842
2019-12-23,2019.975806548387,-2.204558714805,-1.962224,-10.186667175555
2019-12-24,2019.978494709677,-2.202820238425,-5.655743,-10.180703191322
2019-12-25,2019.981182870968,-2.201081762045,6.696146,-10.174082057046
2019-12-26,2019.983871032258,-2.199343285665,2.677406,-10.166868393351
2019-12-27,2019.986559193548,-2.197604809286,10.179074,-10.159151322462
2019-12-28,2019.989247354839,-2.195866332906,7.187371,-10.151040782928
2019-12-29,2019.991935516129,-2.194127856526,3.112372,-10.142662983568
2019-12-30,2019.994623677419,-2.192389380146,8.273280,-10.134155184620
2019-12-31,2019.997311838710,-2.190650903766,8.651374,-10.125660021924
2020-01-01,2020.000000000000,-2.188912427386,9.158712,-10.117319608796
2020-01-02,2020.002688161290,-2.187174232179,12.300000,-10.109270931125
2020-01-03,2020.005376322581,-2.185436036972,6.248053,-10.101636268426
2020-01-04,2020.008064483871,-2.183697841764,14.181232,-10.094522151078
2020-01-05,2020.010752645161,-2.181959646557,12.731072,-10.088013591402
2020-01-06,2020.013440806452,-2.180221451349,8.919066,-10.082170569453
2020-01-07,2020.016128967742,-2.178483256142,5.444722,-10.077025553600
2020-01-08,2020.018817129032,-2.176745060934,1.379085,-10.072582158359
2020-01-09,2020.021505290323,-2.175006865727,5.638597,-10.068814994980
2020-01-10,2020.024193451613,-2.173268670519,3.140782,-10.065670720955
2020-01-11,2020.026881612903,-2.171530475312,11.795789,-10.063070245064
2020-01-12,2020.029569774194,-2.169792280105,3.382575,-10.060911996814
2020-01-13,2020.032257935484,-2.168054084897,-1.250267,-10.059076125111
2020-01-14,2020.034946096774,-2.166315889690,-1.901319,-10.057429452607
2020-01-15,2020.037634258065,-2.164577694482,-3.360040,-10.055830980930
2020-01-16,2020.040322419355,-2.162839499275,-5.678310,-10.054137719201
2020-01-17,2020.043010580645,-2.161101304067,7.438628,-10.052210594928
2020-01-18,2020.045698741935,-2.159363108860,0.929143,-10.049920202922
2020-01-19,2020.048386903226,-2.157624913653,7.618114,-10.047152154587
2020-01-20,2020.051075064516,-2.155886718445,11.171728,-10.043811806460
2020-01-21,2020.053763225807,-2.154148523238,2.579638,-10.039828172542
2020-01-22,2020.056451387097,-2.152410328030,-4.432330,-10.035156858683
2020-01-23,2020.059139548387,-2.150672132823,-7.140567,-10.029781897727
2020-01-24,2020.061827709677,-2.148933937615,10.098031,-10.023716409554
2020-01-25,2020.064515870968,-2.147195742408,-1.979214,-10.017002058737
2020-01-26,2020.067204032258,-2.145457547200,1.780761,-10.009707332232
2020-01-28,2020.072580354839,-2.141981156786,-1.863497,-9.993766833661
2020-01-29,2020.075268516129,-2.140242961578,-1.732735,-9.985361866999
2020-01-30,2020.077956677419,-2.138504766371,4.459348,-9.976848181158
2020-01-31,2020.080644838710,-2.136766571163,-0.126250,-9.968368643169
2020-02-01,2020.083333000000,-2.135028375956,3.727953,-9.960064708474
2020-02-02,2020.086206586207,-2.133170605732,2.821962,-9.951535196898
2020-02-03,2020.089080172414,-2.131312835508,-0.092873,-9.943506845897
2020-02-04,2020.091953758621,-2.129455065284,2.054143,-9.936103447065
2020-02-05,2020.094827344828,-2.127597295060,-2.219599,-9.929419295907
2020-02-06,2020.097700931035,-2.125739524836,-2.913047,-9.923514741341
2020-02-07,2020.100574517242,-2.123881754612,-0.692472,-9.918413337387
2020-02-08,2020.103448103448,-2.122023984388,6.553027,-9.914100731479
2020-02-09,2020.106321689655,-2.120166214164,13.531574,-9.910525341871
2020-02-10,2020.109195275862,-2.118308443940,5.160980,-9.907600792157
2020-02-11,2020.112068862069,-2.116450673716,1.838478,-9.905209988007
2020-02-12,2020.114942448276,-2.114592903492,-1.561646,-9.903210643714
2020-02-13,2020.117816034483,-2.112735133268,-1.163443,-9.901441997701
2020-02-14,2020.120689620690,-2.110877363044,3.525885,-9.899732400041
2020-02-15,2020.123563206897,-2.109019592820,4.809138,-9.897907413883
2020-02-16,2020.126436793103,-2.107161822596,3.637607,-9.895798048404
2020-02-17,2020.129310379310,-2.105304052372,4.510759,-9.893248734737
2020-02-18,2020.132183965517,-2.103446282148,7.225477,-9.890124668405
2020-02-19,2020.135057551724,-2.101588511924,1.427333,-9.886318171735
2020-02-20,2020.137931137931,-2.099730741700,-0.797572,-9.881753775963
2020-02-21,2020.140804724138,-2.097872971476,-3.523804,-9.876391783158
2020-02-22,2020.143678310345,-2.096015201252,-0.000000,-9.870230139861
2020-02-23,2020.146551896552,-2.094157431028,0.318450,-9.863304533997
2020-02-24,2020.149425482758,-2.092299660804,0.222209,-9.855686710509
2020-02-25,2020.152299068965,-2.090441890580,4.774798,-9.847481085179
2020-02-26,2020.155172655172,-2.088584120356,8.983110,-9.838819816481
2020-02-27,2020.158046241379,-2.086726350132,4.562174,-9.829856568053
2020-02-28,2020.160919827586,-2.084868579908,1.169411,-9.820759256175
2020-02-29,2020.163793413793,-2.083010809684,-2.604096,-9.811702124570
2020-03-01,2020.166667000000,-2.081153039460,-1.150000,-9.802857520556
2020-03-02,2020.169355161290,-2.079415406461,3.217258,-9.794921206599
2020-03-03,2020.172043322581,-2.077677773462,-7.614385,-9.787431976944
2020-03-04,2020.174731483871,-2.075940140463,-1.675000,-9.780490352916
2020-03-06,2020.180107806452,-2.072464874465,-3.357216,-9.768535678578
2020-03-07,2020.182795967742,-2.070727241466,3.355696,-9.763598755667
2020-03-08,2020.185484129032,-2.068989608467,-1.900609,-9.759358548293
2020-03-09,2020.188172290323,-2.067251975468,-0.607977,-9.755781357777
2020-03-10,2020.190860451613,-2.065514342469,2.135366,-9.752806095621
2020-03-11,2020.193548612903,-2.063776709470,0.752164,-9.750346807132
2020-03-12,2020.196236774193,-2.062039076471,1.926370,-9.748296222283
2020-03-13,2020.198924935484,-2.060301443472,3.478122,-9.746530187136
2020-03-14,2020.201613096774,-2.058563810473,11.514839,-9.744912792754
2020-03-15,2020.204301258065,-2.056826177474,2.761757,-9.743301989713
2020-03-16,2020.206989419355,-2.055088544475,0.129702,-9.741555456298
2020-03-17,2020.209677580645,-2.053350911476,-12.470766,-9.739536477936
2020-03-18,2020.212365741935,-2.051613278477,-4.650000,-9.737119594997
2020-03-19,2020.215053903226,-2.049875645478,-1.447174,-9.734195785644
2020-03-20,2020.217742064516,-2.048138012479,5.613404,-9.730676969622
2020-03-21,2020.220430225806,-2.046400379480,4.895540,-9.726499646931
2020-03-22,2020.223118387097,-2.044662746481,-2.016721,-9.721627521070
2020-03-24,2020.228494709677,-2.041187480483,0.151018,-9.709797502216
2020-03-25,2020.231182870968,-2.039449847484,4.625189,-9.702910586993
2020-03-26,2020.233871032258,-2.037712214485,-4.231104,-9.695467891987
2020-03-27,2020.236559193548,-2.035974581486,-6.537631,-9.687568016136
2020-03-28,2020.239247354839,-2.034236948487,-4.119686,-9.679328444927
2020-03-29,2020.241935516129,-2.032499315488,-3.061402,-9.670880696963
2020-03-30,2020.244623677419,-2.030761682489,4.428580,-9.662364890815
2020-03-31,2020.247311838710,-2.029024049490,0.681950,-9.653923956600
2020-04-01,2020.250000000000,-2.027286416491,-4.260093,-9.645697731408
2020-04-02,2020.252777766667,-2.025491152795,1.413409,-9.637563140688
2020-04-03,2020.255555533333,-2.023695889100,0.580586,-9.629925783664
2020-04-04,2020.258333300000,-2.021900625405,-0.718242,-9.622892072761
2020-04-05,2020.261111066667,-2.020105361710,1.608693,-9.616541807881
2020-04-06,2020.263888833333,-2.018310098015,8.168797,-9.610924658311
2020-04-07,2020.266666600000,-2.016514834320,0.222247,-9.606057972994
2020-04-08,2020.269444366667,-2.014719570625,1.734088,-9.601926015677
2020-04-09,2020.272222133333,-2.012924306930,-8.406165,-9.598480658663
2020-04-10,2020.274999900000,-2.011129043234,-13.782770,-9.595643504583
2020-04-11,2020.277777666667,-2.009333779539,-11.742736,-9.593309342649
2020-04-12,2020.280555433333,-2.007538515844,-7.001583,-9.591350787007
2020-04-13,2020.283333200000,-2.005743252149,-8.826483,-9.589623892707
2020-04-14,2020.286110966667,-2.003947988454,-10.438575,-9.587974501709
2020-04-15,2020.288888733333,-2.002152724759,2.064875,-9.586245039138
2020-04-16,2020.291666500000,-2.000357461064,1.449569,-9.584281460178
2020-04-17,2020.294444266667,-1.998562197369,-1.475269,-9.581940041340
2020-04-18,2020.297222033333,-1.996766933674,-10.704428,-9.579093716701
2020-04-19,2020.299999800000,-1.994971669978,-11.161515,-9.575637679766
2020-04-20,2020.302777566667,-1.993176406283,-0.543546,-9.571494004007
2020-04-21,2020.305555333333,-1.991381142588,7.077567,-9.566615078349
2020-04-22,2020.308333100000,-1.989585878893,-3.249793,-9.560985706171
2020-04-23,2020.311110866667,-1.987790615198,-4.350000,-9.554623775263
2020-04-24,2020.313888633333,-1.985995351503,-5.988740,-9.547579469228
2020-04-25,2020.316666400000,-1.984200087808,2.600242,-9.539933055065
2020-04-26,2020.319444166667,-1.982404824113,3.790509,-9.531791344497
2020-04-27,2020.322221933333,-1.980609560418,5.444722,-9.523282985034
2020-04-29,2020.327777466667,-1.977019033027,-1.604623,-9.505755346237
2020-04-30,2020.330555233333,-1.975223769332,7.670699,-9.497048214886
2020-05-01,2020.333333000000,-1.973428505637,10.976637,-9.488584969157
2020-05-02,2020.336021193549,-1.918512570810,-4.384062,-9.326697184862
2020-05-03,2020.338709387097,-1.863596635987,-15.768572,-9.165058252844
2020-05-04,2020.341397580645,-1.808680701160,-11.834562,-9.003710554767
2020-05-05,2020.344085774194,-1.753764766333,2.182018,-8.842689806277
2020-05-06,2020.346773967742,-1.698848831510,-1.955131,-8.682024239430
2020-05-07,2020.349462161290,-1.643932896683,-7.232369,-8.521733956447
2020-05-08,2020.352150354839,-1.589016961855,-4.399865,-8.361830469687
2020-05-09,2020.354838548387,-1.534101027033,-4.416730,-8.202316438089
2020-05-10,2020.357526741936,-1.479185092205,-8.027690,-8.043185606275
2020-05-11,2020.360214935484,-1.424269157383,-6.832414,-7.884422947815
2020-05-12,2020.362903129032,-1.369353222556,-6.956569,-7.726005009085
2020-05-13,2020.365591322581,-1.314437287728,6.212262,-7.567900446160
2020-05-14,2020.368279516129,-1.259521352906,0.034690,-7.410070742226
2020-05-15,2020.370967709677,-1.204605418078,11.365831,-7.252471089172
2020-05-16,2020.373655903226,-1.149689483251,8.403555,-7.095051413249
2020-05-17,2020.376344096774,-1.094773548428,-4.815047,-6.937757521193
2020-05-18,2020.379032290323,-1.039857613601,12.037753,-6.780532340645
2020-05-19,2020.381720483871,-0.984941678774,3.540145,-6.623317226516
2020-05-20,2020.384408677419,-0.930025743951,0.444494,-6.466053303306
2020-05-21,2020.387096870968,-0.875109809124,-4.881354,-6.308682812697
2020-05-22,2020.389785064516,-0.820193874297,0.366274,-6.151150435616
2020-05-23,2020.392473258064,-0.765277939474,2.334583,-5.993404558428
2020-05-24,2020.395161451613,-0.710362004647,-3.454850,-5.835398454304
2020-05-25,2020.397849645161,-0.655446069824,-1.439802,-5.677091352804
2020-05-26,2020.400537838710,-0.600530134997,-1.057133,-5.518449373015
2020-05-27,2020.403226032258,-0.545614200170,-7.172602,-5.359446299109
2020-05-28,2020.405914225806,-0.490698265347,-5.508680,-5.200064180386
2020-05-29,2020.408602419355,-0.435782330520,2.092009,-5.040293742102
2020-05-30,2020.411290612903,-0.380866395692,1.550000,-4.880134597834
2020-05-31,2020.413978806451,-0.325950460870,0.937578,-4.719595258295
2020-06-01,2020.416667000000,-0.271034526042,-2.899138,-4.558692936476
2020-06-02,2020.419444766667,-0.269248730592,20.396839,-4.551407658477
2020-06-03,2020.422222533333,-0.267462935141,12.990616,-4.543570355410
2020-06-04,2020.425000300000,-0.265677139691,8.437266,-4.535296248619
2020-06-05,2020.427778066667,-0.263891344240,-4.792432,-4.526719614662
2020-06-06,2020.430555833333,-0.262105548790,0.954716,-4.517987927603
2020-06-07,2020.433333600000,-0.260319753339,-3.983717,-4.509255425574
2020-06-08,2020.436111366667,-0.258533957889,3.813717,-4.500676382259
2020-06-09,2020.438889133333,-0.256748162438,-17.318020,-4.492398376830
2020-06-10,2020.441666900000,-0.254962366988,-23.012098,-4.484555855918
2020-06-11,2020.444444666667,-0.253176571537,4.248515,-4.477264268493
2020-06-12,2020.447222433333,-0.251390776087,5.282407,-4.470615029489
2020-06-13,2020.450000200000,-0.249604980636,-6.765787,-4.464671531903
2020-06-14,2020.452777966667,-0.247819185185,1.738811,-4.459466381326
2020-06-15,2020.455555733333,-0.246033389735,7.636753,-4.454999973549
2020-06-16,2020.458333500000,-0.244247594284,-5.793765,-4.451240477299
2020-06-17,2020.461111266667,-0.242461798834,8.204920,-4.448125222850
2020-06-18,2020.463889033333,-0.240676003383,11.580834,-4.445563435942
2020-06-19,2020.466666800000,-0.238890207933,14.601087,-4.443440197737
2020-06-20,2020.469444566667,-0.237104412482,6.471703,-4.441621458057
2020-06-21,2020.472222333333,-0.235318617032,18.598945,-4.439959883220
2020-06-22,2020.475000100000,-0.233532821581,19.500000,-4.438301283353
2020-06-23,2020.477777866667,-0.231747026131,15.937776,-4.436491338802
2020-06-24,2020.480555633333,-0.229961230680,13.426369,-4.434382332205
2020-06-25,2020.483333400000,-0.228175435230,8.068710,-4.431839592542
2020-06-26,2020.486111166667,-0.226389639779,0.838691,-4.428747370052
2020-06-27,2020.488888933333,-0.224603844329,8.495088,-4.425013885726
2020-06-28,2020.491666700000,-0.222818048878,10.702840,-4.420575335088
2020-06-29,2020.494444466667,-0.221032253427,7.434676,-4.415398671619
2020-06-30,2020.497222233333,-0.219246457977,11.072942,-4.409483048384
2020-07-01,2020.500000000000,-0.217460662526,4.893044,-4.402859854977
2020-07-02,2020.502688161290,-0.215732752889,6.099796,-4.395836212816
2020-07-03,2020.505376322581,-0.214004843252,6.712244,-4.388289812818
2020-07-04,2020.508064483871,-0.212276933615,9.525456,-4.380323549558
2020-07-05,2020.510752645161,-0.210549023978,8.608369,-4.372057469624
2020-07-07,2020.516128967742,-0.207093204704,4.388541,-4.355161881367
2020-07-08,2020.518817129032,-0.205365295067,10.791794,-4.346811808670
2020-07-09,2020.521505290323,-0.203637385430,9.466073,-4.338709375205
2020-07-10,2020.524193451613,-0.201909475793,18.416691,-4.330980190310
2020-07-11,2020.526881612903,-0.200181566156,8.397596,-4.323734615583
2020-07-12,2020.529569774194,-0.198453656519,2.922133,-4.317063256455
2020-07-13,2020.532257935484,-0.196725746882,6.924138,-4.311033260829
2020-07-14,2020.534946096774,-0.194997837244,10.156568,-4.305685575992
2020-07-15,2020.537634258065,-0.193269927607,11.866933,-4.301033275861
2020-07-16,2020.540322419355,-0.191542017970,10.260805,-4.297061026893
2020-07-17,2020.543010580645,-0.189814108333,5.022520,-4.293725714482
2020-07-18,2020.545698741935,-0.188086198696,4.709592,-4.290958204252
2020-07-19,2020.548386903226,-0.186358289059,2.511260,-4.288666166299
2020-07-20,2020.551075064516,-0.184630379422,5.444216,-4.286737846994
2020-07-21,2020.553763225807,-0.182902469785,-0.876420,-4.285046634282
2020-07-22,2020.556451387097,-0.181174560148,11.705564,-4.283456229967
2020-07-23,2020.559139548387,-0.179446650511,17.205011,-4.281826217682
2020-07-24,2020.561827709677,-0.177718740874,12.591881,-4.280017799104
2020-07-25,2020.564515870968,-0.175990831237,19.195619,-4.277899464063
2020-07-26,2020.567204032258,-0.174262921600,12.253195,-4.275352362918
2020-07-27,2020.569892193548,-0.172535011963,11.602624,-4.272275161738
2020-07-28,2020.572580354839,-0.170807102326,12.552053,-4.268588181935
2020-07-29,2020.575268516129,-0.169079192689,12.109205,-4.264236655250
2020-07-30,2020.577956677419,-0.167351283051,5.122425,-4.259192961114
2020-07-31,2020.580644838710,-0.165623373414,4.401623,-4.253457754989
2020-08-01,2020.583333000000,-0.163895463777,5.833525,-4.247059941589
2020-08-02,2020.586021193549,-0.162167833604,7.377811,-4.240056671954
2020-08-03,2020.588709387097,-0.160440203430,5.808137,-4.232527677870
2020-08-04,2020.591397580645,-0.158712573256,15.471703,-4.224575143124
2020-08-05,2020.594085774194,-0.156984943083,13.968527,-4.216318548168
2020-08-06,2020.596773967742,-0.155257312909,1.228728,-4.207889790744
2020-08-07,2020.599462161290,-0.153529682735,18.678651,-4.199427799410
2020-08-08,2020.602150354839,-0.151802052562,13.935030,-4.191072859939
2020-08-09,2020.604838548387,-0.150074422388,11.840444,-4.182960886293
2020-08-10,2020.607526741936,-0.148346792214,12.418207,-4.175217870130
2020-08-11,2020.610214935484,-0.146619162041,4.030509,-4.167954735529
2020-08-12,2020.612903129032,-0.144891531867,9.452010,-4.161262809036
2020-08-13,2020.615591322581,-0.143163901693,9.800076,-4.155210090054
2020-08-14,2020.618279516129,-0.141436271520,4.103124,-4.149838473861
2020-08-15,2020.620967709677,-0.139708641346,9.280325,-4.145162040681
2020-08-16,2020.623655903226,-0.137981011172,7.126984,-4.141166480674
2020-08-17,2020.626344096774,-0.136253380999,9.883485,-4.137809678320
2020-08-18,2020.629032290323,-0.134525750825,9.353074,-4.135023432348
2020-08-19,2020.631720483871,-0.132798120651,12.564874,-4.132716240958
2020-08-20,2020.634408677419,-0.131070490478,10.540967,-4.130777038592
2020-08-21,2020.637096870968,-0.129342860304,14.348807,-4.129079731658
2020-08-22,2020.639785064516,-0.127615230130,17.116915,-4.127488347980
2020-08-23,2020.642473258064,-0.125887599957,5.842447,-4.125862589655
2020-08-24,2020.645161451613,-0.124159969783,12.742309,-4.124063562584
2020-08-25,2020.647849645161,-0.122432339610,6.298420,-4.121959448662
2020-08-26,2020.650537838710,-0.120704709436,4.018190,-4.119430889000
2020-08-27,2020.653226032258,-0.118977079262,10.300000,-4.116375858336
2020-08-28,2020.655914225806,-0.117249449089,10.909512,-4.112713831567
2020-08-29,2020.658602419355,-0.115521818915,15.358221,-4.108389072258
2020-08-30,2020.661290612903,-0.113794188741,15.827722,-4.103372908817
2020-08-31,2020.663978806451,-0.112066558568,10.538379,-4.097664905397
2020-09-01,2020.666667000000,-0.110338928394,8.625162,-4.091292879690
2020-09-02,2020.669444766667,-0.108553999280,14.548212,-4.084070656237
2020-09-03,2020.672222533333,-0.106769070166,14.094314,-4.076286836718
2020-09-04,2020.675000300000,-0.104984141052,15.423163,-4.068054310056
2020-09-05,2020.677778066667,-0.103199211938,19.724655,-4.059505520746
2020-09-06,2020.680555833333,-0.101414282824,17.318968,-4.050786696656
2020-09-07,2020.683333600000,-0.099629353710,9.778495,-4.042051476114
2020-09-08,2020.686111366667,-0.097844424596,7.599271,-4.033454212041
2020-09-09,2020.688889133333,-0.096059495482,12.309973,-4.025143244932
2020-09-10,2020.691666900000,-0.094274566368,17.000000,-4.017254437878
2020-09-11,2020.694444666667,-0.092489637254,14.410294,-4.009905255372
2020-09-12,2020.697222433333,-0.090704708140,12.291239,-4.003189643968
2020-09-13,2020.700000200000,-0.088919779026,14.655783,-3.997173937901
2020-09-14,2020.702777966667,-0.087134849912,15.499921,-3.991893968100
2020-09-15,2020.705555733333,-0.085349920798,11.251714,-3.987353500608
2020-09-16,2020.708333500000,-0.083564991684,5.505777,-3.983524072450
2020-09-17,2020.711111266667,-0.081780062570,10.833487,-3.980346232104
2020-09-18,2020.713889033333,-0.079995133456,13.557157,-3.977732130523
2020-09-19,2020.716666800000,-0.078210204342,1.071413,-3.975569349773
2020-09-20,2020.719444566667,-0.076425275228,12.337857,-3.973725802438
2020-09-22,2020.725000100000,-0.072855417000,5.139242,-3.970404857123
2020-09-23,2020.727777866667,-0.071070487886,7.699951,-3.968619501089
2020-09-24,2020.730555633333,-0.069285558773,7.187371,-3.966550883800
2020-09-25,2020.733333400000,-0.067500629659,11.866933,-3.964062814007
2020-09-26,2020.736111166667,-0.065715700545,21.600000,-3.961037381053
2020-09-27,2020.738888933333,-0.063930771431,18.883850,-3.957380093665
2020-09-28,2020.741666700000,-0.062145842317,16.851002,-3.953023998077
2020-09-29,2020.744444466667,-0.060360913203,10.104921,-3.947932596007
2020-09-30,2020.747222233333,-0.058575984089,6.105808,-3.942101435334
2020-10-01,2020.750000000000,-0.056791054975,3.670334,-3.935558304122
2020-10-02,2020.752688161290,-0.055063983592,8.920062,-3.928604699304
2020-10-03,2020.755376322581,-0.053336912210,8.676248,-3.921118157507
2020-10-04,2020.758064483871,-0.051609840827,8.122488,-3.913199130447
2020-10-05,2020.760752645161,-0.049882769445,17.451805,-3.904965720407
2020-10-06,2020.763440806452,-0.048155698062,17.869628,-3.896548860244
2020-10-07,2020.766128967742,-0.046428626680,11.784054,-3.888086969773
2020-10-08,2020.768817129032,-0.044701555298,11.128328,-3.879720306583
2020-10-09,2020.771505290323,-0.042974483915,10.768941,-3.871585241849
2020-10-10,2020.774193451613,-0.041247412533,12.895110,-3.863808694772
2020-10-11,2020.776881612903,-0.039520341150,16.692491,-3.856502952745
2020-10-12,2020.779569774194,-0.037793269768,19.143520,-3.849761088698
2020-10-13,2020.782257935484,-0.036066198385,14.119701,-3.843653162607
2020-10-14,2020.784946096774,-0.034339127003,11.869733,-3.838223362209
2020-10-15,2020.787634258065,-0.032612055620,10.431999,-3.833488199622
2020-10-16,2020.790322419355,-0.030884984238,12.813166,-3.829435837442
2020-10-17,2020.793010580645,-0.029157912856,13.621603,-3.826026571863
2020-10-18,2020.795698741935,-0.027430841473,12.757036,-3.823194453055
2020-10-19,2020.798386903226,-0.025703770091,11.998219,-3.820849976713
2020-10-20,2020.801075064516,-0.023976698708,8.194526,-3.818883736895
2020-10-21,2020.803763225807,-0.022249627326,8.918157,-3.817170891095
2020-10-22,2020.806451387097,-0.020522555943,18.095720,-3.815576255307
2020-10-23,2020.809139548387,-0.018795484561,22.100000,-3.813959821142
2020-10-24,2020.811827709677,-0.017068413179,16.809472,-3.812182469847
2020-10-25,2020.814515870968,-0.015341341796,16.130117,-3.810111650010
2020-10-26,2020.817204032258,-0.013614270414,16.376981,-3.807626787237
2020-10-27,2020.819892193548,-0.011887199031,13.688828,-3.804624205029
2020-10-28,2020.822580354839,-0.010160127649,15.149134,-3.801021356023
2020-10-29,2020.825268516129,-0.008433056266,17.173937,-3.796760190906
2020-10-30,2020.827956677419,-0.006705984884,21.154318,-3.791809527520
2020-10-31,2020.830644838710,-0.004978913501,18.429602,-3.786166323471
2020-11-01,2020.833333000000,-0.003251842119,17.868452,-3.779855800290
2020-11-02,2020.836110800000,0.080226324094,15.407232,-3.510543739163
2020-11-03,2020.838888600000,0.163704490300,14.329715,-3.285212848592
2020-11-04,2020.841666400000,0.247182656512,16.500000,-3.035819710410
2020-11-05,2020.844444200000,0.330660822718,16.138354,-2.787543297822
2020-11-06,2020.847222000000,0.414138988931,14.011322,-2.561236145699
2020-11-07,2020.849999800000,0.497617155137,12.900000,-2.292637085892
2020-11-08,2020.852777600000,0.581095321350,12.067041,-2.081333017714
2020-11-09,2020.855555400000,0.664573487556,8.371395,-1.804937556036
2020-11-10,2020.858333200000,0.748051653768,9.502164,-1.593242560166
2020-11-11,2020.861111000000,0.831529819974,6.734506,-1.325376184055
2020-11-12,2020.863888800000,0.915007986187,10.673480,-1.098086750697
2020-11-13,2020.866666600000,0.998486152393,8.416109,-0.850918663524
2020-11-14,2020.869444400000,1.081964318606,20.747288,-0.600430563201
2020-11-15,2020.872222200000,1.165442484811,20.100000,-0.376043544905
2020-11-16,2020.875000000000,1.248920651024,18.025273,-0.106057423568
2020-11-17,2020.877777800000,1.332398817237,15.400000,0.104567122844
2020-11-18,2020.880555600000,1.415876983443,14.028972,0.380849094885
2020-11-19,2020.883333400000,1.499355149655,16.665723,0.593436316833
2020-11-21,2020.888889000000,1.666311482074,17.500000,1.089062575623
2020-11-22,2020.891666800000,1.749789648280,17.869628,1.333986262839
2020-11-23,2020.894444600000,1.833267814493,13.001793,1.586651672020
2020-11-24,2020.897222400000,1.916745980699,13.362094,1.809202338952
2020-11-25,2020.900000200000,2.000224146911,14.181232,2.080452874102
2020-11-26,2020.902778000000,2.083702313117,19.882126,2.290543984806
2020-11-27,2020.905555800000,2.167180479330,17.823329,2.566561317791
2020-11-28,2020.908333600000,2.250658645536,10.370122,2.780177966703
2020-11-29,2020.911111400000,2.334136811749,12.820639,3.044820874897
2020-11-30,2020.913889200000,2.417614977954,19.728359,3.276230136604
2020-12-01,2020.916667000000,2.501093144167,17.847142,3.518900235490
2020-12-02,2020.919355161290,2.499353320233,5.615286,3.517290240262
2020-12-03,2020.922043322581,2.497613496298,15.155445,3.515666918448
2020-12-04,2020.924731483871,2.495873672364,8.973447,3.513887844900
2020-12-05,2020.927419645161,2.494133848429,8.214931,3.511817044889
2020-12-06,2020.930107806452,2.492394024495,7.781944,3.509330625473
2020-12-07,2020.932795967742,2.490654200561,11.558219,3.506321906492
2020-12-08,2020.935484129032,2.488914376626,7.400558,3.502705838702
2020-12-09,2020.938172290323,2.487174552692,10.260805,3.498422526072
2020-12-10,2020.940860451613,2.485434728757,10.635924,3.493439706363
2020-12-11,2020.943548612903,2.483694904823,19.415109,3.487754087261
2020-12-12,2020.946236774193,2.481955080888,22.385802,3.481391482730
2020-12-13,2020.948924935484,2.480215256954,13.676850,3.474405743928
2020-12-14,2020.951613096774,2.478475433019,8.934748,3.466876528977
2020-12-15,2020.954301258065,2.476735609085,9.136568,3.458906003942
2020-12-16,2020.956989419355,2.474995785151,14.673636,3.450614611642
2020-12-17,2020.959677580645,2.473255961216,13.701993,3.442136083538
2020-12-18,2020.962365741935,2.471516137282,16.249328,3.433611901282
2020-12-19,2020.965053903226,2.469776313347,12.341229,3.425185437280
2020-12-20,2020.967742064516,2.468036489413,7.650974,3.416996016957
2020-12-21,2020.970430225806,2.466296665478,7.819594,3.409173148633
2020-12-22,2020.973118387097,2.464556841544,7.442962,3.401831159957
2020-12-23,2020.975806548387,2.462817017609,8.343860,3.395064463058
2020-12-24,2020.978494709677,2.461077193675,14.884874,3.388943644489
2020-12-25,2020.981182870968,2.459337369740,14.263218,3.383512541899
2020-12-27,2020.986559193548,2.455857721872,14.954078,3.374751380567
2020-12-28,2020.989247354839,2.454117897937,5.008925,3.371364854015
2020-12-29,2020.991935516129,2.452378074003,3.338366,3.368557446420
2020-12-30,2020.994623677419,2.450638250068,6.624808,3.366235771275
2020-12-31,2020.997311838710,2.448898426134,8.175326,3.364286325574
