date,observed_u_30hpa_ms,monthly_baseline,phase_sine,phase_cosine,baseline_prediction,multiscale_prediction,split
2010-01-01,-30.981655,-0.114847021163,0.000000000000,0.000000000000,-3.250536,-3.196975,training
2010-01-02,-28.800000,-0.111086878188,1.764671426045,0.574673142452,-3.182057,-3.322611,training
2010-01-03,-26.950151,-0.107326735213,0.704329790434,-1.038921180428,-3.113578,-3.398612,training
2010-01-04,-26.053628,-0.103566592238,0.515540866617,0.812972798816,-3.045099,-2.910738,training
2010-01-05,-22.514000,-0.099806449263,1.780460828291,-0.599477532494,-2.976620,-3.359702,training
2010-01-06,-23.012098,-0.096046306288,-0.113442718376,-0.341285070895,-2.908141,-2.898517,training
2010-01-07,-27.592626,-0.092286163313,1.509049134333,0.552656314098,-2.839662,-2.932526,training
2010-01-08,-26.559391,-0.088526020338,0.757655310129,-1.224334739459,-2.771184,-3.097544,training
2010-01-09,-26.399159,-0.084765877362,0.224946360475,0.565380001866,-2.702705,-2.561237,training
2010-01-10,-20.700911,-0.081005734387,1.722043518069,-0.585840561876,-2.634226,-2.997388,training
2010-01-11,-20.471801,-0.077245591412,-0.193248439001,-0.676488719571,-2.565747,-2.604796,training
2010-01-12,-24.450982,-0.073485448437,1.230718819742,0.505089984559,-2.497268,-2.543694,training
2010-01-13,-25.653609,-0.069725305462,0.813072717049,-1.375630043525,-2.428789,-2.789767,training
2010-01-14,-27.335030,-0.065965162487,-0.046231505704,0.289654920855,-2.360310,-2.221039,training
2010-01-15,-29.302895,-0.062205019512,1.630984109351,-0.562058409165,-2.291831,-2.627147,training
2010-01-16,-28.034031,-0.058444876537,-0.241111604260,-0.999522550230,-2.223353,-2.314246,training
2010-01-17,-26.296424,-0.054684733562,0.934772071998,0.428230437429,-2.154874,-2.157800,training
2010-01-18,-29.938156,-0.050924590587,0.864265327972,-1.493005111557,-2.086395,-2.474196,training
2010-01-19,-34.683407,-0.047164447612,-0.293145629923,-0.010147164731,-2.017916,-1.890166,training
2010-01-20,-31.591208,-0.043404304636,1.505972836971,-0.534313647745,-1.949437,-2.250027,training
2010-01-21,-25.203986,-0.039644161661,-0.259818527333,-1.304714159740,-1.880958,-2.025192,training
2010-01-22,-22.933235,-0.035884018686,0.626902651458,0.319335266575,-1.812479,-1.776430,training
2010-01-23,-26.069972,-0.032123875711,0.905060873023,-1.577817434999,-1.744001,-2.150011,training
2010-01-24,-28.835030,-0.028363732736,-0.511778299941,-0.329147965677,-1.675522,-1.568322,training
2010-01-25,-29.736412,-0.024603589761,1.346860489386,-0.508924302174,-1.607043,-1.867315,training
2010-01-26,-27.746155,-0.020843446786,-0.253152149536,-1.587001033563,-1.538564,-1.735910,training
2010-01-27,-24.157982,-0.017083303811,0.313211863155,0.176757117954,-1.470085,-1.401012,training
2010-01-28,-24.657000,-0.013323160836,0.929642478209,-1.632537575602,-1.401606,-1.816689,training
2010-01-29,-22.428328,-0.009563017861,-0.699078530818,-0.661812937708,-1.333127,-1.254902,training
2010-01-30,-26.240881,-0.005802874886,1.154663509077,-0.492127883424,-1.264648,-1.480486,training
2010-01-31,-22.206443,-0.002042731911,-0.225762730590,-1.842103594272,-1.196170,-1.444681,training
2010-02-01,-27.196115,0.001717411065,0.000000000000,0.000000000000,-1.127691,-1.032775,training
2010-02-02,-27.495234,-0.011262242976,0.086527777374,-1.958292302599,-1.364073,-1.695670,training
2010-02-03,-27.308578,-0.024241897015,0.456420841221,-0.000020916852,-1.600456,-1.596157,training
2010-02-04,-29.642713,-0.037221551055,-0.496577813263,-1.739008585056,-1.836838,-2.028131,training
2010-02-05,-29.789305,-0.050201205095,0.816007486041,-0.270677067585,-2.073221,-2.198444,training
2010-02-06,-27.146306,-0.063180859135,-0.913845188513,-1.284952684902,-2.309603,-2.341439,training
2010-02-07,-31.101738,-0.076160513174,0.952891068826,-0.723057288192,-2.545986,-2.798731,training
2010-02-08,-26.749783,-0.089140167215,-1.067846270392,-0.715522826746,-2.782368,-2.677753,training
2010-02-09,-23.924796,-0.102119821255,0.805215925365,-1.216016110915,-3.018751,-3.356690,training
2010-02-10,-25.309559,-0.115099475294,-0.936825574668,-0.183280032234,-3.255133,-3.072620,training
2010-02-11,-27.694213,-0.128079129335,0.392919228432,-1.596744255718,-3.491516,-3.844157,training
2010-02-12,-24.700000,-0.141058783374,-0.580953551916,0.169903631975,-3.727898,-3.544757,training
2010-02-13,-22.938928,-0.154038437414,-0.187999703021,-1.744691745320,-3.964281,-4.253233,training
2010-02-14,-27.377656,-0.167018091454,-0.125031346248,0.253624400206,-4.200663,-4.090668,training
2010-02-15,-26.504733,-0.179997745494,-0.793073203936,-1.606218481160,-4.437046,-4.598550,training
2010-02-16,-26.448058,-0.192977399534,0.277381728673,0.054932235737,-4.673428,-4.685656,training
2010-02-17,-22.223480,-0.205957053574,-1.270890681248,-1.210012417639,-4.909811,-4.913066,training
2010-02-18,-26.698018,-0.218936707614,0.488106885800,-0.357946841971,-5.146193,-5.290914,training
2010-02-19,-22.749059,-0.231916361653,-1.506619689643,-0.658843569462,-5.382576,-5.238595,training
2010-02-20,-25.309559,-0.244896015694,0.424063627625,-0.855221472657,-5.618958,-5.864684,training
2010-02-21,-26.343607,-0.257875669733,-1.455013077564,-0.100024060015,-5.855341,-5.613782,training
2010-02-22,-29.850000,-0.270855323773,0.081150190339,-1.282841852838,-6.091723,-6.374259,training
2010-02-23,-27.317850,-0.283834977814,-1.153414712730,0.316934901065,-6.328106,-6.063000,training
2010-02-24,-28.277387,-0.296814631853,-0.464577454882,-1.506779419630,-6.564488,-6.805384,training
2010-02-25,-31.536451,-0.309794285893,-0.711025458070,0.483298137971,-6.800871,-6.589345,training
2010-02-26,-29.534454,-0.322773939932,-1.078766936789,-1.451551679967,-7.037253,-7.166354,training
2010-02-27,-24.997362,-0.335753593973,-0.277514750418,0.362361074123,-7.273636,-7.173739,training
2010-02-28,-30.874775,-0.348733248012,-1.607387387926,-1.121918706418,-7.510018,-7.485628,training
2010-03-01,-31.287403,-0.361712902052,0.000000000000,0.000000000000,-7.746401,-7.780423,training
2010-03-02,-33.087403,-0.370558417219,-1.324814165537,-1.302704425718,-7.907493,-7.978769,training
2010-03-03,-26.726804,-0.379403932385,-1.103880865241,0.611967834503,-8.068586,-7.784982,training
2010-03-04,-26.240881,-0.388249447553,-0.101613052699,-0.956227165248,-8.229678,-8.453473,training
2010-03-05,-24.200000,-0.397094962719,-1.871344438376,-0.275673976406,-8.390771,-8.160810,training
2010-03-06,-26.076428,-0.405940477886,-0.071944860807,0.358488108143,-8.551863,-8.514335,training
2010-03-07,-26.846424,-0.414785993052,-1.102056013882,-1.183290291908,-8.712956,-8.814865,training
2010-03-08,-19.991597,-0.423631508219,-1.260572190837,0.736314003576,-8.874048,-8.552380,training
2010-03-09,-22.719972,-0.432477023386,0.042512929561,-0.600547518078,-9.035141,-9.226505,training
2010-03-10,-23.609814,-0.441322538552,-1.819881421401,-0.287988630309,-9.196233,-8.993698,training
2010-03-11,-27.694213,-0.450168053719,-0.175870887723,0.692382171341,-9.357326,-9.247649,training
2010-03-12,-29.296155,-0.459013568885,-0.869446468696,-1.024753120412,-9.518418,-9.644598,training
2010-03-13,-26.750000,-0.467859084052,-1.400743446945,0.823853252967,-9.679511,-9.330363,training
2010-03-14,-24.107912,-0.476704599219,0.150860385284,-0.226224934679,-9.840604,-9.989286,training
2010-03-15,-23.030673,-0.485550114386,-1.728786493565,-0.292755193470,-10.001696,-9.832088,training
2010-03-16,-22.423181,-0.494395629552,-0.306217994798,0.995787079818,-10.162789,-9.982578,training
2010-03-17,-23.540474,-0.503241144719,-0.635002733981,-0.825913371067,-10.323881,-10.466293,training
2010-03-18,-25.784888,-0.512086659885,-1.517372259446,0.878629483855,-10.484974,-10.119346,training
2010-03-19,-29.546155,-0.520932175051,0.220425376752,0.159214415813,-10.646066,-10.742842,training
2010-03-20,-31.161482,-0.529777690219,-1.600367551589,-0.282205751900,-10.807159,-10.673956,training
2010-03-21,-28.523589,-0.538623205385,-0.456360156266,1.264037787210,-10.968251,-10.721274,training
2010-03-22,-30.483558,-0.547468720552,-0.406816012826,-0.587217482751,-11.129344,-11.278599,training
2010-03-23,-27.195204,-0.556314235718,-1.604386057477,0.906008398263,-11.290436,-10.919298,training
2010-03-24,-23.789722,-0.565159750885,0.249768617057,0.547795863970,-11.451529,-11.488573,training
2010-03-25,-23.339944,-0.574005266052,-1.438438303184,-0.249190305002,-11.612621,-11.517137,training
2010-03-26,-26.296424,-0.582850781218,-0.618872728872,1.493887518563,-11.773714,-11.465734,training
2010-03-27,-32.645840,-0.591696296385,-0.192725073522,-0.310719862114,-11.934806,-12.080544,training
2010-03-28,-30.922963,-0.600541811551,-1.656907067018,0.912461023591,-12.095899,-11.729745,training
2010-03-29,-26.648208,-0.609387326718,0.239073537897,0.931417976805,-12.256991,-12.228192,training
2010-03-30,-27.694252,-0.618232841885,-1.248164405704,-0.187465227293,-12.418084,-12.359414,training
2010-03-31,-30.922963,-0.627078357052,-0.785831993862,1.683638759181,-12.579176,-12.217724,training
2010-04-01,-28.028338,-0.635923872218,0.000000000000,0.000000000000,-12.740269,-12.871576,training
2010-04-02,-23.536905,-0.629727099169,-1.558425458954,1.150771523557,-12.627414,-12.239714,training
2010-04-03,-20.521611,-0.623530326120,0.385375224592,0.682014974094,-12.514560,-12.568639,training
2010-04-04,-29.188505,-0.617333553072,-1.523588686644,0.424597275069,-12.401706,-12.166551,training
2010-04-05,-32.877239,-0.611136780023,0.225802373977,1.393922431087,-12.288852,-12.162306,training
2010-04-06,-28.747106,-0.604940006974,-0.971301794741,-0.128062308511,-12.175998,-12.149661,training
2010-04-07,-23.700000,-0.598743233925,-0.350532742884,1.753450577338,-12.063143,-11.754784,training
2010-04-08,-19.973704,-0.592546460876,-0.161888756624,-0.199319658882,-11.950289,-12.078706,training
2010-04-09,-27.377656,-0.586349687828,-0.987989092811,1.570644730488,-11.837435,-11.448932,training
2010-04-10,-31.400000,-0.580152914779,0.503995407163,0.255979186645,-11.724581,-11.872857,training
2010-04-11,-31.911482,-0.573956141730,-1.297567671191,0.951538376955,-11.611726,-11.292118,training
2010-04-12,-29.437553,-0.567759368681,0.704029044852,0.995611028041,-11.498872,-11.524905,training
2010-04-13,-28.784590,-0.561562595632,-1.069214445363,0.240283560458,-11.386018,-11.250373,training
2010-04-14,-23.362395,-0.555365822584,0.370136496810,1.622173008750,-11.273164,-11.105197,training
2010-04-15,-27.013966,-0.549169049535,-0.386460980620,-0.168676055812,-11.160310,-11.226923,training
2010-04-16,-30.580338,-0.542972276486,-0.274358434294,1.799972106813,-11.047455,-10.723239,training
2010-04-17,-25.700000,-0.536775503437,0.419164358132,-0.045879649284,-10.934601,-11.115014,training
2010-04-18,-22.015903,-0.530578730388,-0.836615316277,1.438235415069,-10.821747,-10.467939,training
2010-04-19,-28.028338,-0.524381957340,0.949073752874,0.547918544315,-10.708893,-10.856166,training
2010-04-20,-28.690407,-0.518185184291,-0.968676556448,0.740651027233,-10.596038,-10.359075,training
2010-04-21,-26.952053,-0.511988411242,0.955156136831,1.294906907238,-10.483184,-10.472096,training
2010-04-22,-26.736132,-0.505791638193,-0.557371283686,0.094201733311,-10.370330,-10.336508,training
2010-04-23,-31.529562,-0.499594865144,0.475188105908,1.793667633907,-10.257476,-10.052862,training
2010-04-24,-30.289305,-0.493398092095,0.213919688768,-0.142037539742,-10.144622,-10.292998,training
2010-04-25,-23.474879,-0.487201319047,-0.187783312734,1.778257449994,-10.031767,-9.707713,training
2010-04-26,-25.608571,-0.481004545998,0.965347117899,0.167128912196,-9.918913,-10.132739,training
2010-04-27,-26.542626,-0.474807772949,-0.630833823866,1.263350759943,-9.806059,-9.505466,training
2010-04-28,-27.196155,-0.468610999900,1.327902633454,0.859232173590,-9.693205,-9.823638,training
2010-04-29,-26.150151,-0.462414226851,-0.571064776083,0.536230836613,-9.580350,-9.436946,training
2010-04-30,-24.988828,-0.456217453803,1.144811446429,1.562808933514,-9.467496,-9.414839,training
2010-05-01,-22.749059,-0.450020680754,0.000000000000,0.000000000000,-9.354642,-9.419994,training
2010-05-02,-21.850000,-0.455962247263,1.424338325585,0.686404138343,-9.462849,-9.641867,training
2010-05-03,-21.557000,-0.461903813772,0.413440246535,1.890474067231,-9.571055,-9.321962,training
2010-05-04,-25.353155,-0.467845380282,-0.503163662583,0.606680891631,-9.679261,-9.535271,training
2010-05-05,-26.312147,-0.473786946792,0.969297760272,0.023402655640,-9.787468,-10.029270,training
2010-05-06,-25.152053,-0.479728513301,1.177660531315,1.584980782123,-9.895674,-9.852615,training
2010-05-07,-28.031185,-0.485670079810,-0.384076844868,1.395816298755,-10.003881,-9.723656,training
2010-05-08,-30.284319,-0.491611646320,0.185012952897,-0.080954450448,-10.112087,-10.241996,training
2010-05-09,-27.377656,-0.497553212829,1.480844583303,0.823493086404,-10.220294,-10.395691,training
2010-05-10,-29.686602,-0.503494779338,0.290000334423,1.849584729252,-10.328500,-10.080635,training
2010-05-11,-33.870620,-0.509436345848,-0.409986353280,0.434895129999,-10.436707,-10.359747,training
2010-05-12,-34.866814,-0.515377912357,1.136354729186,0.093688537659,-10.544913,-10.816677,training
2010-05-13,-32.774806,-0.521319478867,1.091925151865,1.667632866009,-10.653120,-10.592369,training
2010-05-14,-36.859204,-0.527261045376,-0.419912246235,1.230341627682,-10.761326,-10.523812,training
2010-05-15,-24.766174,-0.533202611885,0.377536395286,-0.137300192075,-10.869532,-11.060229,training
2010-05-16,-23.832348,-0.539144178395,1.511652289313,0.961839190899,-10.977739,-11.144671,training
2010-05-17,-22.514000,-0.545085744904,0.171633214887,1.783471141477,-11.085945,-10.845448,training
2010-05-18,-18.285767,-0.551027311414,-0.293594357714,0.274203256050,-11.194152,-11.186061,training
2010-05-19,-21.517805,-0.556968877923,1.286971897678,0.183766563684,-11.302358,-11.597043,training
2010-05-21,-22.976485,-0.568852010942,-0.431882339517,1.055252224562,-11.518771,-11.330221,training
2010-05-22,-22.966174,-0.574793577451,0.573539150607,-0.168152985976,-11.626978,-11.873791,training
2010-05-23,-30.100000,-0.580735143960,1.516891049251,1.097317369473,-11.735184,-11.889685,training
2010-05-24,-28.989266,-0.586676710470,0.062306604726,1.693268859414,-11.843391,-11.616873,training
2010-05-25,-24.997362,-0.592618276979,-0.156060119595,0.128174314350,-11.951597,-12.013102,training
2010-05-27,-26.123455,-0.604501409998,0.878477987430,1.768424392593,-12.168010,-12.077782,training
2010-05-28,-28.362463,-0.610442976507,-0.418756863505,0.874487576602,-12.276216,-12.142284,training
2010-05-29,-32.700000,-0.616384543017,0.768900422317,-0.173284494896,-12.384423,-12.681900,training
2010-05-30,-28.690407,-0.622326109526,1.497348328184,1.225876429504,-12.492629,-12.631716,training
2010-05-31,-24.037624,-0.628267676035,-0.034244290824,1.580733258780,-12.600836,-12.395212,training
2010-06-01,-24.262376,-0.634209242545,0.000000000000,0.000000000000,-12.709042,-12.839741,training
2010-06-02,-25.766127,-0.624572597996,0.882350593630,1.691665345387,-12.533542,-12.467058,training
2010-06-03,-29.138828,-0.614935953446,0.536216825954,-0.314823717907,-12.358041,-12.642884,training
2010-06-04,-29.487363,-0.605299308897,0.182950485603,1.575540947492,-12.182541,-12.008584,training
2010-06-05,-22.106691,-0.595662664347,1.071698000189,-0.227726940649,-12.007041,-12.362471,training
2010-06-06,-21.271847,-0.586026019798,-0.388348631642,1.078456234369,-11.831540,-11.652031,training
2010-06-07,-21.720781,-0.576389375248,1.364925147947,0.180077822592,-11.656040,-11.972284,training
2010-06-08,-30.168101,-0.566752730699,-0.628226704938,0.353993604014,-11.480540,-11.401784,training
2010-06-09,-35.863009,-0.557116086149,1.271746915843,0.698478734183,-11.305039,-11.490224,training
2010-06-10,-45.104195,-0.547479441600,-0.466568814337,-0.352876547412,-11.129539,-11.219500,training
2010-06-11,-31.101258,-0.537842797051,0.803316452247,1.072913023337,-10.954038,-10.971121,training
2010-06-12,-30.540257,-0.528206152501,0.005354156340,-0.804254613437,-10.778538,-11.039520,training
2010-06-13,-32.774806,-0.518569507952,0.121608720859,1.106681152357,-10.603038,-10.484689,training
2010-06-14,-35.310602,-0.508932863402,0.571569219769,-0.864928665070,-10.427537,-10.795261,training
2010-06-15,-28.274540,-0.499296218853,-0.525680665956,0.740004524669,-10.252037,-10.087515,training
2010-06-16,-33.839012,-0.489659574303,0.978205400538,-0.556718987289,-10.076537,-10.445972,training
2010-06-17,-31.353634,-0.480022929754,-0.904689557095,0.074051768202,-9.901036,-9.800309,training
2010-06-18,-31.529562,-0.470386285204,1.035529854204,-0.049708044610,-9.725536,-9.993119,training
2010-06-19,-33.338021,-0.460749640655,-0.889383411742,-0.669723077763,-9.550035,-9.599583,training
2010-06-20,-29.384888,-0.451112996106,0.694205513826,0.406119261792,-9.374535,-9.479791,training
2010-06-21,-22.078798,-0.441476351556,-0.512211249269,-1.238587628801,-9.199035,-9.427091,training
2010-06-22,-18.922412,-0.431839707007,0.065120701546,0.581349817628,-9.023534,-8.973382,training
2010-06-23,-22.226446,-0.422203062457,0.048936298542,-1.450109650594,-8.848034,-9.213239,training
2010-06-24,-28.800000,-0.412566417908,-0.625179235403,0.359348282452,-8.672534,-8.538508,training
2010-06-25,-26.698018,-0.402929773358,0.542224998074,-1.265480435704,-8.497033,-8.905056,training
2010-06-26,-35.500000,-0.393293128809,-1.125545295355,-0.216864698031,-8.321533,-8.211030,training
2010-06-27,-29.150309,-0.383656484259,0.743094523304,-0.805112844602,-8.146032,-8.487486,training
2010-06-28,-21.604537,-0.374019839710,-1.261166922410,-0.961903400153,-7.970532,-7.983648,training
2010-06-29,-24.465380,-0.364383195161,0.544514004401,-0.300244828105,-7.795032,-7.989437,training
2010-06-30,-26.885252,-0.354746550611,-1.003832069306,-1.622527468950,-7.619531,-7.808829,training
2010-07-01,-25.104106,-0.345109906062,0.000000000000,0.000000000000,-7.444031,-7.472163,training
2010-07-02,-37.456921,-0.359038476946,-0.142095081307,-1.836892826871,-7.697695,-8.086702,training
2010-07-03,-25.151102,-0.372967047831,-1.098534547506,-0.135972659818,-7.951359,-7.821672,training
2010-07-04,-16.691750,-0.386895618716,0.658059525989,-0.847256168409,-8.205023,-8.541207,training
2010-07-05,-4.350000,-0.400824189601,-1.194135129383,-1.163670748461,-8.458687,-8.535148,training
2010-07-06,2.295526,-0.414752760485,0.124144083381,0.288352685288,-8.712351,-8.727480,training
2010-07-07,22.291801,-0.428681331370,-0.117698623376,-1.537625887280,-8.966015,-9.321964,training
2010-07-08,14.181232,-0.442609902255,-0.986505572511,0.212174251980,-9.219679,-9.062417,training
2010-07-09,-13.026326,-0.456538473140,0.726966426346,-0.589713872451,-9.473343,-9.793067,training
2010-07-10,-9.323881,-0.470467044025,-1.142557643130,-0.807293230354,-9.727007,-9.763403,training
2010-07-11,-9.466073,-0.484395614909,0.247096264196,0.574201041294,-9.980671,-9.983104,training
2010-07-12,-14.748724,-0.498324185794,-0.093781153840,-1.235627122842,-10.234334,-10.556572,training
2010-07-13,-12.431843,-0.512252756678,-0.872503787014,0.558371723960,-10.487998,-10.303918,training
2010-07-14,-8.969017,-0.526181327564,0.793135987937,-0.331725176047,-10.741662,-11.044347,training
2010-07-15,-12.450955,-0.540109898449,-1.088490208784,-0.449694051339,-10.995326,-10.991848,training
2010-07-16,-16.410948,-0.554038469333,0.368726352997,0.857611289512,-11.248990,-11.238998,training
2010-07-17,-8.607025,-0.567967040218,-0.070198189461,-0.930875105204,-11.502654,-11.790550,training
2010-07-18,4.314691,-0.581895611102,-0.756634556549,0.902518599400,-11.756318,-11.546178,training
2010-07-19,2.916367,-0.595824181987,0.856595508049,-0.073146588253,-12.009982,-12.295021,training
2010-07-20,2.831542,-0.609752752872,-1.031871964014,-0.091005990758,-12.263646,-12.220522,training
2010-07-21,2.198918,-0.623681323757,0.488907827160,1.138656413524,-12.517310,-12.495125,training
2010-07-22,1.060262,-0.637609894642,-0.046804319268,-0.623356042163,-12.770974,-13.023920,training
2010-07-23,3.326962,-0.651538465526,-0.639008426005,1.244519408906,-13.024638,-12.789197,training
2010-07-25,2.861764,-0.679395607296,-0.972649121160,0.268635152031,-13.531966,-13.449463,training
2010-07-26,-6.317694,-0.693324178181,0.607518181793,1.417415956580,-13.785630,-13.751446,training
2010-07-27,3.028547,-0.707252749065,-0.023453607826,-0.313063815909,-14.039294,-14.256706,training
2010-07-28,-1.875205,-0.721181319950,-0.519740813032,1.584284635197,-14.292958,-14.032972,training
2010-07-29,-13.110370,-0.735109890834,0.975531096249,0.446345645103,-14.546622,-14.794460,training
2010-07-30,-15.400000,-0.749038461720,-0.910775116408,0.629090934296,-14.800286,-14.678708,training
2010-07-31,7.484546,-0.762967032605,0.724439269498,1.693975800993,-15.053950,-15.007922,training
2010-08-01,13.426369,-0.776895603489,0.000000000000,0.000000000000,-15.307614,-15.488935,training
2010-08-02,24.200000,-0.757991468945,-0.410083918316,1.795686556695,-14.963336,-14.692088,training
2010-08-03,22.159329,-0.739087334403,1.012947211342,0.460018594661,-14.619058,-14.872142,training
2010-08-04,21.019708,-0.720183199859,-0.874488371310,0.609780552808,-14.274780,-14.153445,training
2010-08-05,15.288726,-0.701279065315,0.795909903258,1.471939976326,-13.930503,-13.921423,training
2010-08-06,9.526367,-0.682374930773,-0.017000490547,-0.311438344863,-13.586225,-13.795624,training
2010-08-07,6.375646,-0.663470796229,-0.343786197423,1.500927302841,-13.241947,-13.010171,training
2010-08-08,10.509854,-0.644566661685,1.021104170194,0.103320370718,-12.897669,-13.192712,training
2010-08-09,3.655541,-0.625662527143,-0.854949959661,0.337268116020,-12.553391,-12.458571,training
2010-08-10,9.046003,-0.606758392599,0.855054883678,1.124273671931,-12.209114,-12.249213,training
2010-08-11,16.536501,-0.587854258057,-0.033734511476,-0.620905679914,-11.864836,-12.101951,training
2010-08-12,15.064457,-0.568950123513,-0.276561182993,1.204408500058,-11.520558,-11.328785,training
2010-08-13,11.620731,-0.550045988969,1.027484603141,-0.252483514591,-11.176280,-11.512780,training
2010-08-14,10.513170,-0.531141854427,-0.833445847039,0.065058838296,-10.832002,-10.763985,training
2010-08-15,2.078129,-0.512237719883,0.912775333043,0.775219348439,-10.487725,-10.577036,training
2010-08-16,3.431765,-0.493333585339,-0.050114448167,-0.928415846039,-10.143447,-10.407935,training
2010-08-17,2.367368,-0.474429450797,-0.208488249242,0.906090553433,-9.799169,-9.647923,training
2010-08-18,4.277260,-0.455525316253,1.032130151938,-0.607314742342,-9.454891,-9.832336,training
2010-08-19,5.828117,-0.436621181709,-0.809964471533,-0.206935224747,-9.110613,-9.069706,training
2010-08-21,14.528688,-0.398812912623,-0.066053388075,-1.233986577266,-8.422058,-8.713596,training
2010-08-22,25.353155,-0.379908778079,-0.139648456143,0.605937446698,-8.077780,-7.967579,training
2010-08-23,21.019708,-0.361004643537,1.035085909229,-0.961096927482,-7.733502,-8.151374,training
2010-08-24,14.181232,-0.342100508993,-0.784498203720,-0.478802447748,-7.389224,-7.375756,training
2010-08-25,8.316750,-0.323196374450,1.023703711408,0.073208856310,-7.044947,-7.232687,training
2010-08-26,16.734588,-0.304292239906,-0.081465297960,-1.537639464627,-6.700669,-7.018952,training
2010-08-27,14.173644,-0.285388105363,-0.070124390993,0.303916812825,-6.356391,-6.287745,training
2010-08-28,5.842642,-0.266483970820,1.036400328550,-1.313755771441,-6.012113,-6.469885,training
2010-08-29,7.655636,-0.247579836276,-0.757043362215,-0.750631455419,-5.667835,-5.682151,training
2010-08-30,13.913184,-0.228675701733,1.076799675573,-0.279609762150,-5.323558,-5.560467,training
2010-08-31,15.361917,-0.209771567190,-0.096265192077,-1.839399913762,-4.979280,-5.324025,training
2010-09-01,15.864759,-0.190867432646,0.000000000000,0.000000000000,-4.635002,-4.608412,training
2010-09-02,11.990616,-0.212724606268,0.785852638241,-1.738602671708,-5.033060,-5.515257,training
2010-09-03,18.370991,-0.234581779891,-0.593171381762,-0.240859275026,-5.431118,-5.364238,training
2010-09-04,17.931505,-0.256438953513,1.118800006656,-1.110894205153,-5.829176,-6.255973,training
2010-09-05,7.884878,-0.278296127135,-0.857661642756,-0.733496353433,-6.227234,-6.230945,training
2010-09-06,10.260805,-0.300153300757,1.059537700009,-0.350539923693,-6.625291,-6.899204,training
2010-09-07,16.500000,-0.322010474379,-0.708119305926,-1.225542360224,-7.023349,-7.171373,training
2010-09-08,14.668606,-0.343867648001,0.608446045680,0.276049251252,-7.421407,-7.500317,training
2010-09-09,6.453699,-0.365724821624,-0.230616060962,-1.464873143567,-7.819465,-8.117838,training
2010-09-10,6.142340,-0.387581995246,-0.071864340908,0.557845569243,-8.217523,-8.132116,training
2010-09-11,5.627904,-0.409439168868,0.352989757295,-1.303996998727,-8.615581,-9.000157,training
2010-09-12,6.657629,-0.431296342490,-0.723878720439,0.426576907588,-9.013639,-8.854700,training
2010-09-13,5.447970,-0.453153516112,0.776909845190,-0.761121103960,-9.411697,-9.774706,training
2010-09-14,9.312586,-0.475010689734,-1.101797834846,-0.015006315539,-9.809754,-9.690580,training
2010-09-15,16.372443,-0.496867863357,0.841471064211,-0.012613147521,-10.207812,-10.442481,training
2010-09-16,20.237799,-0.518725036979,-1.073306916371,-0.535673207011,-10.605870,-10.615359,training
2010-09-17,18.106480,-0.540582210601,0.495786713495,0.680020718887,-11.003928,-11.048685,training
2010-09-18,14.536818,-0.562439384223,-0.674358370419,-0.871449623686,-11.401986,-11.567833,training
2010-09-19,20.360778,-0.584296557845,-0.141174695753,1.078408061786,-11.800044,-11.664015,training
2010-09-20,20.513796,-0.606153731467,-0.094286292586,-0.834912184019,-12.198102,-12.475330,training
2010-09-21,18.500000,-0.628010905090,-0.829846332206,1.066004224367,-12.596160,-12.355389,training
2010-09-22,18.324006,-0.649868078712,0.402584098692,-0.392787736696,-12.994217,-13.283803,training
2010-09-23,17.555427,-0.671725252334,-1.309251623019,0.696345662685,-13.392275,-13.158239,training
2010-09-24,12.780249,-0.693582425956,0.586375830503,0.320270456057,-13.790333,-13.980200,training
2010-09-25,13.417784,-0.715439599578,-1.405057172357,0.170884085095,-14.188391,-14.061845,training
2010-09-26,16.870866,-0.737296773200,0.356836832730,1.057433615244,-14.586449,-14.597876,training
2010-09-27,14.400000,-0.759153946823,-1.101752543714,-0.244421206885,-14.984507,-15.013768,training
2010-09-28,7.583020,-0.781011120445,-0.215152394629,1.561892709831,-15.382565,-15.202777,training
2010-09-29,10.771611,-0.802868294067,-0.549072092783,-0.329219251315,-15.780623,-15.941565,training
2010-09-30,10.578120,-0.824725467689,-0.916925648913,1.673185875348,-16.178680,-15.866139,training
2010-10-01,7.417791,-0.846582641311,0.000000000000,0.000000000000,-16.576738,-16.782783,training
2010-10-02,12.687272,-0.825552827866,-1.527125942368,1.028589038906,-16.193748,-15.906467,training
2010-10-03,16.437213,-0.804523014421,0.424895938962,1.040326402508,-15.810758,-15.861725,training
2010-10-04,16.249328,-0.783493200973,-1.042366475753,-0.150829335819,-15.427768,-15.456829,training
2010-10-05,21.019708,-0.762463387528,-0.433462301266,1.629208155137,-15.044778,-14.805501,training
2010-10-06,21.346961,-0.741433574083,0.221576358852,-0.215161687242,-14.661787,-14.914706,training
2010-10-07,20.779444,-0.720403760638,-1.274506312680,0.857853245348,-14.278797,-14.034705,training
2010-10-08,17.216314,-0.699373947192,0.678205381009,0.815397723323,-13.895807,-14.001335,training
2010-10-09,13.765092,-0.678344133745,-0.821221043315,-0.332136676421,-13.512817,-13.581648,training
2010-10-10,12.552053,-0.657314320300,-0.160749784512,1.431222070324,-13.129827,-12.942979,training
2010-10-11,11.257000,-0.636284506855,0.442671794803,-0.429671139237,-12.746836,-13.046408,training
2010-10-12,10.210996,-0.615254693409,-1.021115641318,0.686868067766,-12.363846,-12.163132,training
2010-10-13,7.422581,-0.594224879964,0.930743033823,0.590221983344,-11.980856,-12.140859,training
2010-10-14,10.721777,-0.573195066517,-0.599592725863,-0.512793233098,-11.597866,-11.706419,training
2010-10-15,17.342312,-0.552165253072,0.111949977729,1.232425717050,-11.214876,-11.080624,training
2010-10-16,19.810025,-0.531135439626,0.663305068001,-0.643514931223,-10.831886,-11.177889,training
2010-10-17,20.511757,-0.510105626181,-0.766961339183,0.515611660208,-10.448895,-10.291752,training
2010-10-18,19.794636,-0.489075812736,1.182502177760,0.364821250960,-10.065905,-10.280290,training
2010-10-19,21.468809,-0.468045999290,-0.377463194507,-0.692813014898,-9.682915,-9.831146,training
2010-10-20,20.863998,-0.447016185843,0.384613927074,1.032819786669,-9.299925,-9.218429,training
2010-10-21,22.514000,-0.425986372398,0.883495313113,-0.856680177877,-8.916935,-9.309151,training
2010-10-22,19.563823,-0.404956558953,-0.512051436006,0.344062396508,-8.533945,-8.420568,training
2010-10-23,7.618114,-0.383926745507,1.433476724053,0.139217776886,-8.150954,-8.419623,training
2010-10-24,10.572749,-0.362896932062,-0.154814528249,-0.872210545483,-7.767964,-7.955837,training
2010-10-25,7.033046,-0.341867118615,0.657219034150,0.832405626591,-7.384974,-7.356392,training
2010-10-26,7.321053,-0.320837305170,1.103262023827,-1.069154543738,-7.001984,-7.440193,training
2010-10-27,9.949036,-0.299807491724,-0.256394573826,0.172198887836,-6.618994,-6.549582,training
2010-10-28,10.090908,-0.278777678279,1.683661219752,-0.086566023877,-6.236003,-6.558854,training
2010-10-29,9.353074,-0.257747864834,0.068370774955,-1.051000854160,-5.853013,-6.080497,training
2010-10-30,16.000000,-0.236718051387,0.929742317275,0.631185239191,-5.470023,-5.494508,training
2010-10-31,18.321426,-0.215688237941,1.322625037050,-1.280926253216,-5.087033,-5.571018,training
2010-11-01,18.118717,-0.194658424496,0.000000000000,0.000000000000,-4.704043,-4.678797,training
2010-11-02,18.711347,-0.193987181158,0.991690580562,-1.413422647617,-4.691818,-5.136583,training
2010-11-03,15.701711,-0.193315937821,1.707040945992,0.199482020564,-4.679594,-4.916919,training
2010-11-04,14.847289,-0.192644694483,-0.020044259577,0.004202677541,-4.667369,-4.636962,training
2010-11-05,13.788800,-0.191973451145,1.066700361789,-1.338849570689,-4.655145,-5.097094,training
2010-11-06,15.939115,-0.191302207808,1.672542869203,0.318723798128,-4.642920,-4.848628,training
2010-11-07,15.658443,-0.190630964470,-0.035826730139,0.006666932150,-4.630696,-4.596248,training
2010-11-08,15.461482,-0.189959721133,1.140981754222,-1.259731781484,-4.618471,-5.056532,training
2010-11-09,15.406378,-0.189288477795,1.634539698679,0.434982409954,-4.606246,-4.780331,training
2010-11-10,8.965752,-0.188617234457,-0.047239334647,0.007685769670,-4.594022,-4.556613,training
2010-11-11,15.756924,-0.187945991120,1.214228322053,-1.176129117931,-4.581797,-5.014855,training
2010-11-12,14.843301,-0.187274747782,1.593241799935,0.548027032695,-4.569573,-4.712113,training
2010-11-13,12.801072,-0.186603504444,-0.054194134190,0.007558773525,-4.557348,-4.518011,training
2010-11-14,10.758903,-0.185932261107,1.286138315236,-1.088122078358,-4.545124,-4.972025,training
2010-11-15,12.907317,-0.185261017769,1.548874647824,0.657641692803,-4.532899,-4.644060,training
2010-11-16,14.722432,-0.184589774431,-0.056623688118,0.006590877859,-4.520675,-4.480390,training
2010-11-17,15.418561,-0.183918531094,1.356416193380,-0.995811418452,-4.508450,-4.928010,training
2010-11-18,7.727407,-0.183247287756,1.501677903156,0.763626151010,-4.496226,-4.576255,training
2010-11-19,11.028500,-0.182576044418,-0.054481397710,0.005090829154,-4.484001,-4.443696,training
2010-11-20,11.253036,-0.181904801081,1.424773926329,-0.899317697189,-4.471777,-4.882785,training
2010-11-21,11.990166,-0.181233557743,1.451904205219,0.865796915556,-4.459552,-4.508783,training
2010-11-22,16.005604,-0.180562314405,-0.047741701780,0.003369822623,-4.447328,-4.407867,training
2010-11-23,15.205191,-0.179891071068,1.490932268799,-0.798780754262,-4.435103,-4.836328,training
2010-11-24,12.303005,-0.179219827730,1.399818051260,0.963988043555,-4.422879,-4.441724,training
2010-11-25,13.946726,-0.178548584393,-0.036400199504,0.001740130111,-4.410654,-4.372840,training
2010-11-26,23.438425,-0.177877341055,1.554622168295,-0.694359001281,-4.398429,-4.788625,training
2010-11-28,18.352591,-0.176534854380,-0.020473669278,0.000513523911,-4.373980,-4.338547,training
2010-11-29,19.923894,-0.175863611042,1.615585866956,-0.586228773018,-4.361756,-4.739666,training
2010-11-30,14.345204,-0.175192367704,1.289818455794,1.147859808281,-4.349531,-4.309164,training
2010-12-01,13.324804,-0.174521124367,0.000000000000,0.000000000000,-4.337307,-4.304917,training
2010-12-02,7.250462,-0.167669942420,1.587720929892,0.963464589633,-4.212535,-4.260904,training
2010-12-03,10.942371,-0.160818760474,0.929828883891,-0.849590760623,-4.087762,-4.392694,training
2010-12-04,10.958142,-0.153967578527,0.317503160172,0.908035102507,-3.962990,-3.791458,training
2010-12-06,18.216787,-0.140265214633,-0.019994930662,-0.362796575775,-3.713446,-3.740641,training
2010-12-07,17.931505,-0.133414032687,1.343759434748,0.892512883338,-3.588674,-3.596106,training
2010-12-10,8.660254,-0.112860486847,1.827175902527,-0.152870514712,-3.214357,-3.517702,training
2010-12-11,13.247513,-0.106009304900,-0.005360319729,-0.710195407957,-3.089585,-3.179345,training
2010-12-12,20.789139,-0.099158122954,1.082126267768,0.788034953376,-2.964813,-2.935115,training
2010-12-13,8.403555,-0.092306941007,1.148116833350,-1.135486647563,-2.840041,-3.218940,training
2010-12-14,-2.990630,-0.085455759060,-0.101173820649,0.260912824472,-2.715269,-2.579079,training
2010-12-17,5.977925,-0.064902213221,0.809652030363,0.647242193788,-2.340952,-2.279729,training
2010-12-18,2.511407,-0.058051031274,1.239867894095,-1.224564979414,-2.216180,-2.617779,training
2010-12-19,4.757293,-0.051199849328,-0.263511625109,-0.094198022224,-2.091408,-1.987821,training
2010-12-20,-0.963111,-0.044348667380,1.609904815123,-0.125334257328,-1.966636,-2.201207,training
2010-12-21,6.310525,-0.037497485434,0.112064929748,-1.333955695912,-1.841863,-2.057731,training
2010-12-22,6.044903,-0.030646303487,0.533578184159,0.468722275874,-1.717091,-1.631531,training
2010-12-23,6.753618,-0.023795121541,1.311097833590,-1.281781433707,-1.592319,-2.006345,training
2010-12-25,0.694593,-0.010092757647,1.446729267842,-0.126726488870,-1.342775,-1.536379,training
2010-12-26,7.399971,-0.003241575701,0.204235526579,-1.600173901512,-1.218003,-1.493414,training
2010-12-27,11.880888,0.003609606246,0.261282610525,0.252492673327,-1.093230,-0.991834,training
2010-12-28,14.142136,0.010460788192,1.356022243634,-1.311715755037,-0.968458,-1.384557,training
2010-12-29,19.025397,0.017311970139,-0.478964828140,-0.834223409830,-0.843686,-0.830970,training
2010-12-30,16.313540,0.024163152086,1.250874003970,-0.147310692232,-0.718914,-0.869707,training
2010-12-31,17.336618,0.031014334033,0.310198065134,-1.831092277052,-0.594142,-0.924229,training
2011-01-01,20.843254,0.037865515979,0.000000000000,0.000000000000,-0.469370,-0.361629,training
2011-01-02,14.174403,0.029120658861,1.349265486176,-1.277709941546,-0.628629,-1.029844,training
2011-01-03,17.640087,0.020375801742,-0.571738309390,-1.126090174039,-0.787888,-0.818121,training
2011-01-04,14.410992,0.011630944623,0.959140766949,-0.067745953241,-0.947148,-1.033841,training
2011-01-05,6.674504,0.002886087505,0.344341192028,-1.861367321487,-1.106407,-1.458847,training
2011-01-06,11.258330,-0.005858769614,-0.355806442922,-0.087025643267,-1.265666,-1.128043,training
2011-01-07,12.000000,-0.014603626732,1.223634287892,-1.058794209550,-1.424926,-1.773807,training
2011-01-08,9.007509,-0.023348483850,-0.688213891153,-1.289923632803,-1.584185,-1.643163,training
2011-01-09,19.357668,-0.032093340970,0.598124927616,0.063006451211,-1.743444,-1.754122,training
2011-01-11,21.271847,-0.049583055206,-0.685380106955,-0.205652651030,-2.061963,-1.905696,training
2011-01-12,15.340657,-0.058327912325,1.057826445707,-0.831355437532,-2.221222,-2.508836,training
2011-01-13,14.027848,-0.067072769443,-0.767885752736,-1.435528237870,-2.380482,-2.470985,training
2011-01-15,10.000000,-0.084562483681,0.362117493023,-1.718747156297,-2.699001,-3.056033,training
2011-01-16,13.256568,-0.093307340799,-0.982888349677,-0.349943128598,-2.858260,-2.694394,training
2011-01-17,14.941113,-0.102052197917,0.850948620066,-0.603668905271,-3.017519,-3.236488,training
2011-01-18,9.264611,-0.110797055036,-0.815184901363,-1.555858104912,-3.176779,-3.299335,training
2011-01-19,13.645907,-0.119541912154,-0.168764612824,0.210360219770,-3.336038,-3.210379,training
2011-01-20,6.464386,-0.128286769273,0.349266952049,-1.590095106333,-3.495297,-3.838847,training
2011-01-21,5.302266,-0.137031626392,-1.243815478951,-0.512905163820,-3.654557,-3.493492,training
2011-01-22,1.132091,-0.145776483510,0.603794245644,-0.384020068241,-3.813816,-3.958625,training
2011-01-23,4.484405,-0.154521340629,-0.835871915239,-1.644905401563,-3.973075,-4.125938,training
2011-01-24,13.536568,-0.163266197747,-0.558547976972,0.223041250332,-4.132335,-3.950038,training
2011-01-25,11.099336,-0.172011054866,0.312122381734,-1.428328028592,-4.291594,-4.610454,training
2011-01-26,4.936345,-0.180755911984,-1.465148215704,-0.686779990028,-4.450853,-4.301917,training
2011-01-27,0.517638,-0.189500769103,0.318810944410,-0.180364267900,-4.610113,-4.677335,training
2011-01-28,5.078743,-0.198245626221,-0.836800352391,-1.697947093482,-4.769372,-4.948591,training
2011-01-29,7.670699,-0.206990483340,-0.941503298962,0.195223110945,-4.928631,-4.699321,training
2011-01-30,5.898542,-0.215735340459,0.244506147920,-1.239024018379,-5.087891,-5.370911,training
2011-02-01,6.538048,-0.233225054696,0.000000000000,0.000000000000,-5.406409,-5.394847,training
2011-02-02,4.926222,-0.245628435867,-1.559018698854,-1.194787671963,-5.632297,-5.595079,training
2011-02-03,0.711958,-0.258031817038,0.254711515630,-0.374416509702,-5.858185,-5.978567,training
2011-02-04,4.650231,-0.270435198210,-1.716931259506,-0.606305623720,-6.084072,-5.905342,training
2011-02-05,8.683242,-0.282838579381,0.240304761804,-0.823642678993,-6.309960,-6.529818,training
2011-02-06,6.354720,-0.295241960552,-1.595523112384,-0.016789007764,-6.535847,-6.265208,training
2011-02-07,9.201357,-0.307645341723,-0.043767040720,-1.200054772500,-6.761735,-7.017860,training
2011-02-08,8.503532,-0.320048722895,-1.233277211204,0.431241551130,-6.987622,-6.697395,training
2011-02-09,10.248527,-0.332452104067,-0.522727122981,-1.376367673714,-7.213510,-7.429609,training
2011-02-10,13.769463,-0.344855485237,-0.735947943038,0.634785684868,-7.439397,-7.204422,training
2011-02-12,16.155467,-0.369662247580,-0.247021535445,0.559133615092,-7.891173,-7.767901,training
2011-02-13,13.516009,-0.382065628752,-1.530113763901,-0.918958236200,-8.117060,-8.076150,training
2011-02-14,12.314697,-0.394469009922,0.092362893076,0.247561379543,-8.342948,-8.353679,training
2011-02-15,15.415516,-0.406872391094,-1.786296266493,-0.368711295943,-8.568835,-8.376823,training
2011-02-16,9.669046,-0.419275772266,0.182836681932,-0.190757145079,-8.794723,-8.921371,training
2011-02-17,16.170639,-0.431679153437,-1.768922858936,0.238000608181,-9.020610,-8.714565,training
2011-02-18,15.511468,-0.444082534608,-0.005442456768,-0.611244973937,-9.246498,-9.435647,training
2011-02-19,13.847106,-0.456485915779,-1.487417238532,0.753853818392,-9.472385,-9.118274,training
2011-02-20,10.665511,-0.468889296951,-0.424454811197,-0.874305640967,-9.698273,-9.876094,training
2011-02-21,9.414824,-0.481292678122,-1.024981205289,1.056903565681,-9.924161,-9.598423,training
2011-02-22,6.200000,-0.493696059293,-0.961731662668,-0.884315647333,-10.150048,-10.242923,training
2011-02-23,12.981236,-0.506099440465,-0.515354516145,1.084645902377,-10.375936,-10.144134,training
2011-02-24,7.867211,-0.518502821636,-1.471770342884,-0.616334268673,-10.601823,-10.556909,training
2011-02-25,7.842064,-0.530906202808,-0.105458347972,0.851476469462,-10.827711,-10.726213,training
2011-02-26,9.417163,-0.543309583979,-1.816676421011,-0.123070063660,-11.053598,-10.853586,training
2011-02-27,8.102290,-0.555712965150,0.085643115288,0.444669467960,-11.279486,-11.305312,training
2011-02-28,10.971409,-0.568116346321,-1.904680737890,0.479841818896,-11.505373,-11.173322,training
2011-03-01,15.454666,-0.580519727493,0.000000000000,0.000000000000,-11.731261,-11.842912,training
2011-03-02,17.963850,-0.579914622240,-1.855208790263,0.138274636173,-11.720241,-11.472097,training
2011-03-03,12.045496,-0.579309516987,-0.277672705308,1.238557763683,-11.709221,-11.513836,training
2011-03-04,10.395118,-0.578704411733,-0.787255455610,-0.551337768773,-11.698201,-11.783239,training
2011-03-05,14.632932,-0.578099306480,-1.463250089824,1.219876750974,-11.687181,-11.283795,training
2011-03-06,12.487717,-0.577494201227,0.208308073194,0.308146325341,-11.676161,-11.759930,training
2011-03-07,16.371599,-0.576889095974,-1.627633024797,0.034104420666,-11.665141,-11.478134,training
2011-03-08,18.500000,-0.576283990721,-0.321903998643,1.445027366306,-11.654121,-11.406918,training
2011-03-09,13.022756,-0.575678885468,-0.425377434290,-0.418701752115,-11.643101,-11.764076,training
2011-03-10,11.620731,-0.575073780214,-1.465124533190,1.157422229018,-11.632081,-11.240251,training
2011-03-11,11.755097,-0.574468674961,0.369595530520,0.624841335871,-11.621061,-11.666787,training
2011-03-12,4.650254,-0.573863569708,-1.357940852997,-0.047477597644,-11.610041,-11.486994,training
2011-03-13,12.144524,-0.573258464455,-0.385026690855,1.607597841564,-11.599021,-11.305742,training
2011-03-14,10.353969,-0.572653359202,-0.076050852316,-0.239951966305,-11.588000,-11.733103,training
2011-03-15,9.365303,-0.572048253949,-1.428464623098,1.066698962156,-11.576980,-11.209446,training
2011-03-16,17.473194,-0.571443148696,0.483128311491,0.939663054855,-11.565960,-11.565515,training
2011-03-17,14.155131,-0.570838043442,-1.052047148901,-0.097859176943,-11.554940,-11.495835,training
2011-03-18,5.624392,-0.570232938189,-0.457049966223,1.723213040712,-11.543920,-11.212725,training
2011-03-19,8.568163,-0.569627832936,0.251003576535,-0.018917791583,-11.532900,-11.689380,training
2011-03-20,9.861173,-0.569022727683,-1.348048294526,0.956756065305,-11.521880,-11.190436,training
2011-03-21,9.173793,-0.568417622430,0.550454618668,1.242279032788,-11.510860,-11.458537,training
2011-03-22,6.525416,-0.567812517177,-0.717596908617,-0.109919188218,-11.499840,-11.501814,training
2011-03-23,6.942106,-0.567207411923,-0.527557637658,1.791060873597,-11.488820,-11.129894,training
2011-03-24,5.897895,-0.566602306670,0.547129554186,0.238550560181,-11.477800,-11.632580,training
2011-03-25,11.114494,-0.565997201417,-1.220744663143,0.837561186496,-11.466780,-11.181708,training
2011-03-26,9.790928,-0.565392096164,0.575330926889,1.522940149672,-11.455760,-11.348544,training
2011-03-27,7.172602,-0.564786990911,-0.363599885218,-0.078367944008,-11.444740,-11.502227,training
2011-03-28,1.696466,-0.564181885658,-0.586205950908,1.812612119583,-11.433720,-11.058787,training
2011-03-29,-2.536293,-0.563576780405,0.805148898549,0.524861637796,-11.422700,-11.562996,training
2011-03-30,0.663728,-0.562971675151,-1.045663654669,0.719524138967,-11.411680,-11.181260,training
2011-04-01,11.800000,-0.561761464645,0.000000000000,0.000000000000,-11.389640,-11.494636,training
2011-04-03,10.618527,-0.539283252004,0.747294335315,0.253762002346,-10.980272,-11.157901,training
2011-04-04,13.454417,-0.528044145684,-0.844393237921,1.342978193642,-10.775588,-10.439266,training
2011-04-05,7.761247,-0.516805039364,1.103293349211,0.902433056157,-10.570904,-10.669409,training
2011-04-06,8.371577,-0.505565933043,-0.803542464339,0.561869080648,-10.366220,-10.191340,training
2011-04-07,11.147586,-0.494326826723,0.903542973699,1.565519506727,-10.161535,-10.078806,training
2011-04-08,9.134859,-0.483087720402,-0.241632446533,-0.025429683031,-9.956851,-9.996118,training
2011-04-09,7.727326,-0.471848614082,0.292550408976,1.854513656780,-9.752167,-9.492506,training
2011-04-10,9.422347,-0.460609507762,0.562409342560,-0.112291245030,-9.547483,-9.740207,training
2011-04-11,12.453973,-0.449370401441,-0.356552677090,1.588879304450,-9.342799,-9.014532,training
2011-04-12,10.300000,-0.438131295121,1.195045585077,0.329700032707,-9.138115,-9.343953,training
2011-04-13,13.050832,-0.426892188800,-0.649447593792,0.896418374257,-8.933431,-8.688682,training
2011-04-14,10.809330,-0.415653082480,1.338029531269,1.034951288782,-8.728747,-8.805725,training
2011-04-15,9.949036,-0.404413976160,-0.389844707843,0.142221186005,-8.524063,-8.474185,training
2011-04-16,10.776293,-0.393174869839,0.945329925144,1.591513879283,-8.319379,-8.202820,training
2011-04-17,8.965752,-0.381935763519,0.311392021016,-0.274300512631,-8.114695,-8.268365,training
2011-04-18,11.897660,-0.370696657199,0.268721451351,1.670100589271,-7.910011,-7.648491,training
2011-04-19,10.055416,-0.359457550878,1.097878341380,-0.141461041688,-7.705327,-7.963720,training
2011-04-20,7.263822,-0.348218444558,-0.282185955480,1.207148353977,-7.500643,-7.228986,training
2011-04-21,4.009234,-0.336979338237,1.565836657999,0.447015454004,-7.295959,-7.507690,training
2011-04-22,10.140442,-0.325740231917,-0.367664148808,0.440155274864,-7.091275,-6.955600,training
2011-04-23,7.437629,-0.314501125597,1.488570660578,1.144099660625,-6.886591,-6.931876,training
2011-04-24,5.440907,-0.303262019276,0.093266015577,-0.224353199966,-6.681907,-6.758394,training
2011-04-25,4.697086,-0.292022912956,0.942494035388,1.542383293647,-6.477223,-6.334469,training
2011-04-26,7.936301,-0.280783806635,0.877815432442,-0.436826535767,-6.272539,-6.525079,training
2011-04-27,7.920275,-0.269544700315,0.264649322021,1.400572158660,-6.067855,-5.825666,training
2011-04-28,8.730403,-0.258305593995,1.583283301532,-0.099016947707,-5.863171,-6.163439,training
2011-04-29,10.241278,-0.247066487674,-0.134666274419,0.777630356894,-5.658486,-5.466407,training
2011-04-30,8.437266,-0.235827381354,1.850933126929,0.581401087577,-5.453802,-5.652600,training
2011-05-01,8.932316,-0.224588275034,0.000000000000,0.000000000000,-5.249118,-5.234491,training
2011-05-02,11.364973,-0.225235688457,0.359481864959,1.350735995689,-5.260909,-5.030259,training
2011-05-03,10.281354,-0.225883101881,1.655743203934,0.960769149090,-5.272699,-5.354413,training
2011-05-04,4.084398,-0.226530515305,1.222301948324,-0.386136098019,-5.284490,-5.568700,training
2011-05-05,5.520168,-0.227177928729,-0.188107433367,-0.014572375235,-5.296281,-5.252048,training
2011-05-06,12.267962,-0.227825342153,0.108486532573,1.353857306074,-5.308071,-5.032926,training
2011-05-07,11.945428,-0.228472755576,1.421709834034,1.026979651759,-5.319862,-5.347011,training
2011-05-08,11.620731,-0.229120169000,1.051550545080,-0.336153460514,-5.331652,-5.575953,training
2011-05-09,9.105833,-0.229767582424,-0.374350427199,-0.028055988411,-5.343443,-5.269711,training
2011-05-10,14.761315,-0.230414995848,-0.141398385824,1.355126990593,-5.355233,-5.036176,training
2011-05-11,13.904666,-0.231062409271,1.185837822902,1.092058370001,-5.367024,-5.339515,training
2011-05-13,9.158712,-0.232357236119,-0.558781612379,-0.040365341402,-5.390605,-5.287453,training
2011-05-14,11.397925,-0.233004649543,-0.390088139032,1.354598587859,-5.402395,-5.040013,training
2011-05-15,12.418207,-0.233652062967,0.948181773560,1.155921051538,-5.414186,-5.331954,training
2011-05-16,5.849987,-0.234299476390,0.706504922650,-0.230767656602,-5.425977,-5.588701,training
2011-05-17,-4.926222,-0.234946889814,-0.741457448182,-0.051417600060,-5.437767,-5.305248,training
2011-05-18,8.704415,-0.235594303238,-0.637500428607,1.352329603545,-5.449558,-5.044438,training
2011-05-19,10.544062,-0.236241716662,0.708800079007,1.218486166702,-5.461348,-5.324355,training
2011-05-20,7.700136,-0.236889130086,0.532046274699,-0.175479379700,-5.473139,-5.594191,training
2011-05-21,8.523269,-0.237536543509,-0.922438273085,-0.061132519710,-5.484929,-5.323067,training
2011-05-22,7.361216,-0.238183956933,-0.883555809113,1.348381236111,-5.496720,-5.049455,training
2011-05-23,7.803213,-0.238831370357,0.467754852314,1.279674983067,-5.508510,-5.316744,training
2011-05-24,15.166039,-0.239478783781,0.356192036658,-0.118543721267,-5.520301,-5.599090,training
2011-05-25,12.037753,-0.240126197205,-1.101787990198,-0.069432863461,-5.532091,-5.340884,training
2011-05-26,10.914962,-0.240773610628,-1.128177760281,1.342818304360,-5.543882,-5.055062,training
2011-05-27,7.884878,-0.241421024052,0.225111874320,1.339411653302,-5.555673,-5.309150,training
2011-05-28,1.477212,-0.242068437476,0.178867245268,-0.060027236970,-5.567463,-5.603399,training
2011-05-29,6.942106,-0.242715850900,-1.279574124775,-0.076244332727,-5.579254,-5.358670,training
2011-05-30,15.937776,-0.243363264324,-1.371292773010,1.335709192118,-5.591044,-5.061258,training
2011-05-31,14.392295,-0.244010677747,-0.019059727605,1.397623578820,-5.602835,-5.301600,training
2011-06-01,9.788124,-0.244658091171,0.000000000000,0.000000000000,-5.614625,-5.607119,training
2011-06-02,6.717047,-0.222523904213,-1.200109438118,1.485005179700,-5.211523,-4.673885,training
2011-06-03,9.144186,-0.200389717254,-0.436982338899,-0.401689058314,-4.808420,-4.790648,training
2011-06-04,10.148680,-0.178255530295,-0.496065764358,1.525620442273,-4.405317,-3.969111,training
2011-06-05,10.618527,-0.156121343337,-0.954852059057,-0.428164268993,-4.002214,-3.881870,training
2011-06-06,6.105808,-0.133987156378,0.168655962767,1.184421634364,-3.599111,-3.336575,training
2011-06-07,17.869628,-0.111852969419,-1.317058916964,-0.103787269731,-3.196009,-2.928029,training
2011-06-08,10.682610,-0.089718782461,0.576687704425,0.557848596251,-2.792906,-2.717492,training
2011-06-09,8.684553,-0.067584595502,-1.346801299302,0.412411449856,-2.389803,-1.993668,training
2011-06-11,8.666894,-0.023316221585,-0.994888615173,0.887773786830,-1.583598,-1.135851,training
2011-06-13,0.321394,0.020952152333,-0.358622295600,1.105316012264,-0.777392,-0.382265,training
2011-06-15,5.334261,0.065220526250,0.355551760898,0.947014407855,0.028814,0.279414,training
2011-06-16,4.628071,0.087354713209,-0.682660516584,-0.746939865546,0.431916,0.523929,training
2011-06-17,4.100000,0.109488900167,0.911284051979,0.439106729590,0.835019,0.896785,training
2011-06-18,9.096169,0.131623087126,-0.889597358020,-0.297816056266,1.238122,1.475970,training
2011-06-19,4.278963,0.153757274084,1.133040341783,-0.257978723469,1.641225,1.534454,training
2011-06-20,2.913047,0.175891461043,-0.720384249161,0.227723816759,2.044327,2.376786,training
2011-06-21,9.786087,0.198025648002,0.973477591160,-0.911200873953,2.447430,2.249237,training
2011-06-22,3.515547,0.220159834960,-0.202196393092,0.593436202430,2.850533,3.182188,training
2011-06-23,3.432259,0.242294021919,0.531615804812,-1.304354851966,3.253636,3.068349,training
2011-06-24,7.681948,0.264428208878,0.503842788387,0.624424702718,3.656739,3.884608,training
2011-06-25,8.428662,0.286562395836,0.014830830612,-1.321058679460,4.059841,3.978963,training
2011-06-26,5.091169,0.308696582795,1.164506230952,0.274271179315,4.462944,4.516009,training
2011-06-27,6.281564,0.330830769754,-0.340743449826,-0.989424578899,4.866047,4.933127,training
2011-06-28,7.618114,0.352964956712,1.563983601571,-0.357147407196,5.269150,5.135611,training
2011-06-29,1.732735,0.375099143671,-0.360851228992,-0.471268558906,5.672252,5.866176,training
2011-06-30,3.372124,0.397233330630,1.586716546393,-1.061995126449,6.075355,5.807165,training
2011-07-01,-0.583943,0.419367517588,0.000000000000,0.000000000000,6.478458,6.721548,training
2011-07-02,3.100000,0.397311520692,0.891162669210,-1.616048937152,6.076779,5.817667,training
2011-07-03,0.931749,0.375255523797,1.030915556633,0.328273359276,5.675100,5.786814,training
2011-07-04,2.620233,0.353199526899,-0.254512245233,-1.075496336318,5.273422,5.315193,training
2011-07-05,2.665836,0.331143530003,1.547054779160,-0.552786619399,4.871743,4.692874,training
2011-07-06,-4.779973,0.309087533107,-0.285162313848,0.160902073317,4.470064,4.758286,training
2011-07-07,-4.322586,0.287031536212,0.750668453468,-1.364864849057,4.068385,3.847343,training
2011-07-08,1.734088,0.264975539316,0.720128656010,0.588407434966,3.666706,3.848719,training
2011-07-09,-1.477212,0.242919542418,-0.430891719658,-0.920311508329,3.265028,3.331342,training
2011-07-10,4.754080,0.220863545522,1.320701200352,-0.234561030570,2.863349,2.751778,training
2011-07-11,6.309189,0.198807548626,-0.564025794103,0.316885833220,2.461670,2.792879,training
2011-07-12,-2.665836,0.176751551731,0.607832264698,-1.106040062446,2.059991,1.879022,training
2011-07-13,-2.049048,0.154695554835,0.406880945436,0.840938253074,1.658312,1.909485,training
2011-07-14,2.975575,0.132639557937,-0.600896447560,-0.760307166023,1.256634,1.347355,training
2011-07-15,0.226605,0.110583561041,1.086361501663,0.083369599402,0.854955,0.812045,training
2011-07-17,2.926362,0.066471567250,0.461981099102,-0.839814260620,0.051597,-0.087225,training
2011-07-18,5.080593,0.044415570354,0.091861275875,1.085676428958,-0.350082,-0.031051,training
2011-07-19,7.246486,0.022359573458,-0.764982314127,-0.594933262199,-0.751760,-0.636573,training
2011-07-20,8.075424,0.000303576561,0.844093935549,0.400293239029,-1.153439,-1.126483,training
2011-07-22,-6.286860,-0.043808417231,0.312466047275,-0.566486272569,-1.956797,-2.051345,training
2011-07-23,-4.792432,-0.065864414127,-0.224227340985,1.322494853385,-2.358476,-1.973040,training
2011-07-24,5.078743,-0.087920411023,-0.923652503931,-0.423682662395,-2.760154,-2.620248,training
2011-07-28,2.120525,-0.176144398608,-0.540673350894,1.551329708328,-4.366870,-3.916622,training
2011-07-29,0.000000,-0.198200395504,-1.077453482811,-0.246095194560,-4.768548,-4.603475,training
2011-07-31,-4.129750,-0.242312389297,-1.609031565120,0.903771261278,-5.571906,-5.089002,training
2011-08-01,-4.416730,-0.264368386193,0.000000000000,0.000000000000,-5.973585,-5.973071,training
2011-08-02,-1.744628,-0.242563436937,-0.769133362871,1.676663765631,-5.576478,-5.083033,training
2011-08-04,2.380057,-0.198953538428,0.331579589302,1.046566441721,-4.782264,-4.600449,training
2011-08-07,3.735457,-0.133538690664,-0.646153751698,1.412823604757,-3.590944,-3.135518,training
2011-08-08,5.829255,-0.111733741409,-0.781072063855,-0.536123672727,-3.193837,-3.111148,training
2011-08-09,-2.804565,-0.089928792155,0.494269092108,0.867322307307,-2.796731,-2.642456,training
2011-08-10,10.801863,-0.068123842900,-1.310750707326,0.337183868471,-2.399624,-2.025724,training
2011-08-11,6.281564,-0.046318893646,0.516352923646,-0.380175580684,-2.002517,-2.095647,training
2011-08-12,8.739141,-0.024513944391,-0.521770470225,1.142519973174,-1.605410,-1.189594,training
2011-08-13,-2.620233,-0.002708995135,-0.501796907149,-0.814411342801,-1.208303,-1.194506,training
2011-08-17,8.428662,0.084510801883,-0.395462938537,0.865888308324,0.380124,0.754674,training
2011-08-18,-9.466073,0.106315751138,-0.220460954539,-1.086414121138,0.777230,0.723073,training
2011-08-20,-1.250267,0.149925649647,-0.899719303311,-0.324917137985,1.571444,1.811966,training
2011-08-21,2.407017,0.171730598902,1.011897557589,-0.744083090552,1.968551,1.788864,training
2011-08-22,-7.431724,0.193535548158,-0.266723304637,0.583105901762,2.365658,2.697231,training
2011-08-23,-3.269386,0.215340497411,0.062418268175,-1.351985331914,2.762764,2.641711,training
2011-08-24,-1.057570,0.237145446667,0.949978136274,0.306743314136,3.159871,3.232552,training
2011-08-25,3.522807,0.258950395920,-0.684324726879,-0.655134970502,3.556978,3.729222,training
2011-08-26,12.122035,0.280755345176,1.251105877874,-0.921042502461,3.954085,3.733684,training
2011-08-27,7.168506,0.302560294431,-0.135059800748,0.294390727808,4.351191,4.638034,training
2011-08-28,-2.408924,0.324365243685,0.346313027809,-1.611020838545,4.748298,4.561525,training
2011-08-29,3.350000,0.346170192940,1.092223448447,0.110879572696,5.145405,5.190741,training
2011-08-31,5.570435,0.389780091449,1.484273558583,-1.095307954940,5.939619,5.680140,training
2011-09-01,1.403652,0.411585040704,0.000000000000,0.000000000000,6.336725,6.577055,training
2011-09-02,-5.270858,0.388684803702,0.843871098643,-1.711496730737,5.919671,5.646121,training
2011-09-03,-4.206848,0.365784566700,0.533280929978,0.300646191471,5.502618,5.693990,training
2011-09-05,-10.143520,0.319984092695,1.058916651159,0.205654289118,4.668510,4.730168,training
2011-09-06,-10.605996,0.297083855692,-0.417431994819,-1.085308155051,4.251456,4.300338,training
2011-09-07,-0.444494,0.274183618690,1.342172197191,-0.202131157278,3.834402,3.744650,training
2011-09-08,1.947282,0.251283381687,-0.653773954522,-0.364953537348,3.417348,3.641655,training
2011-09-09,-3.269386,0.228383144685,1.244225334425,-0.716089453440,3.000294,2.805081,training
2011-09-10,-11.088373,0.205482907682,-0.494865885375,0.336286551997,2.583240,2.908510,training
2011-09-11,-5.611131,0.182582670680,0.777100179248,-1.087586039256,2.166186,1.960927,training
2011-09-12,-5.074340,0.159682433677,-0.030324237976,0.786178145531,1.749132,2.068684,training
2011-09-13,-1.409539,0.136782196675,0.098909111498,-1.124360156373,1.332078,1.223893,training
2011-09-14,-7.316014,0.113881959672,0.529291676628,0.851948880197,0.915025,1.132170,training
2011-09-15,-10.182338,0.090981722670,-0.548714184310,-0.766604728564,0.497971,0.563299,training
2011-09-16,1.402283,0.068081485667,0.935800523348,0.552827608558,0.080917,0.147224,training
2011-09-17,-0.444626,0.045181248665,-0.936232056430,-0.110632736713,-0.336137,-0.081786,training
2011-09-18,-5.593211,0.022281011662,1.001607264089,0.052435311971,-0.753191,-0.818734,training
2011-09-19,-9.809035,-0.000619225340,-0.937033678550,0.629234979033,-1.170245,-0.778429,training
2011-09-21,2.339933,-0.046419699345,-0.577536467275,1.205479037702,-2.004353,-1.573294,training
2011-09-23,-4.011733,-0.092220173350,-0.026732394577,1.435327895372,-2.838461,-2.474179,training
2011-09-24,-9.334970,-0.115120410353,-0.635148357829,-0.396482069683,-3.255515,-3.171067,training
2011-09-26,-4.949474,-0.160920884358,-1.152011592736,0.158153570686,-4.089622,-3.814117,training
2011-09-27,-1.500000,-0.183821121360,0.691144880272,0.828201011355,-4.506676,-4.428946,training
2011-09-28,3.610330,-0.206721358362,-1.317077861975,0.893971013259,-4.923730,-4.482303,training
2011-09-29,-0.269155,-0.229621595365,0.520676207176,0.321982872221,-5.340784,-5.353973,training
2011-09-30,1.783100,-0.252521832367,-1.091763097676,1.565053618570,-5.757838,-5.233552,training
2011-10-01,-1.075810,-0.275422069370,0.000000000000,0.000000000000,-6.174892,-6.178300,training
2011-10-02,0.621587,-0.254602267394,-0.242948768551,1.827174430319,-5.795726,-5.369158,training
2011-10-03,-7.020555,-0.233782465419,-1.095883021125,0.072694253888,-5.416561,-5.194655,training
2011-10-04,-4.530116,-0.212962663442,0.616583979311,0.890965217180,-5.037395,-4.943678,training
2011-10-05,-8.054036,-0.192142861466,-1.250843861921,1.089006433928,-4.658230,-4.182961,training
2011-10-06,-9.898929,-0.171323059490,0.163104794083,-0.272728069150,-4.279064,-4.331239,training
2011-10-07,-0.941282,-0.150503257515,-0.202281501747,1.533233616165,-3.899899,-3.504663,training
2011-10-08,-4.502924,-0.129683455539,-0.942987981685,-0.274593122345,-3.520733,-3.361249,training
2011-10-09,0.139572,-0.108863653562,0.708623216730,0.652017584345,-3.141568,-3.076931,training
2011-10-10,-2.925240,-0.088043851587,-1.171641111928,0.726462064783,-2.762402,-2.339579,training
2011-10-11,-4.582496,-0.067224049611,0.324128232635,-0.541750764017,-2.383237,-2.483038,training
2011-10-12,-7.431724,-0.046404247636,-0.162053261186,1.235065616732,-2.004071,-1.640968,training
2011-10-13,-2.408924,-0.025584445660,-0.787294557591,-0.618681923466,-1.624906,-1.527679,training
2011-10-14,-9.956314,-0.004764643683,0.796531085490,0.412073140381,-1.245740,-1.209654,training
2011-10-15,4.936345,0.016055158293,-1.088489287398,0.362347138500,-0.866575,-0.497228,training
2011-10-16,-3.146074,0.036874960268,0.482833308179,-0.807211572812,-0.487409,-0.633684,training
2011-10-17,-9.728158,0.057694762244,-0.121987684143,0.932650809085,-0.108244,0.221875,training
2011-10-18,-6.997735,0.078514564219,-0.629017104174,-0.959396612573,0.270922,0.306131,training
2011-10-19,-8.983110,0.099334366195,0.880381313865,0.170864816074,0.650087,0.658084,training
2011-10-20,-11.213160,0.120154168172,-1.001294447507,-0.003077698546,1.029253,1.344131,training
2011-10-21,-0.798782,0.140973970148,0.638992866094,-1.069269121491,1.408418,1.216830,training
2011-10-22,-9.039776,0.161793772123,-0.081807716595,0.625987618895,1.787584,2.083816,training
2011-10-23,-15.288390,0.182613574099,-0.468380958695,-1.296575992474,2.166749,2.140255,training
2011-10-24,-17.500000,0.203433376074,0.960264874034,-0.071869084306,2.545915,2.526213,training
2011-10-25,-6.512259,0.224253178052,-0.909979833927,-0.369546232954,2.925080,3.184538,training
2011-10-26,-17.000000,0.245072980027,0.792390570012,-1.328096499597,3.304246,3.068507,training
2011-10-27,-16.313540,0.265892782003,-0.041236790658,0.315092527127,3.683411,3.944809,training
2011-10-28,-15.546314,0.286712583978,-0.305621482668,-1.630073890771,4.062577,3.974763,training
2011-10-29,-13.449809,0.307532385954,1.036289596914,-0.316383775015,4.441742,4.394661,training
2011-10-30,-10.911380,0.328352187931,-0.814486197052,-0.736787815693,4.820908,5.024040,training
2011-10-31,-10.220323,0.349171989907,0.942821821235,-1.583880524647,5.200073,4.921346,training
2011-11-01,-15.155445,0.369991791882,0.000000000000,0.000000000000,5.579239,5.804811,training
2011-11-02,-12.205365,0.359787327341,0.934805555434,-0.205551759647,5.393397,5.405960,training
2011-11-03,-4.306677,0.349582862800,1.249238534757,-1.058655405455,5.207556,4.983343,training
2011-11-04,-10.196469,0.339378398258,0.681341831766,-1.751509526595,5.021714,4.751353,training
2011-11-05,-22.892442,0.329173933717,-0.239600211781,-1.620018716315,4.835873,4.753436,training
2011-11-06,-21.764251,0.318969469175,-0.667704913544,-0.739330380010,4.650032,4.823129,training
2011-11-07,-15.234419,0.308765004635,-0.199048358033,0.143554749912,4.464190,4.733338,training
2011-11-08,-16.138354,0.298560540093,0.766110204768,0.279665927955,4.278349,4.399991,training
2011-11-09,-19.019271,0.288356075552,1.382266431099,-0.410287629723,4.092507,3.957426,training
2011-11-10,-20.521611,0.278151611010,1.116888683152,-1.264811630201,3.906666,3.637925,training
2011-11-11,-19.324530,0.267947146470,0.227973211622,-1.474830948211,3.720825,3.563409,training
2011-11-12,-23.229398,0.257742681928,-0.467317576458,-0.809239016626,3.534983,3.636108,training
2011-11-13,-22.514000,0.247538217387,-0.325456917230,0.177854132244,3.349142,3.626233,training
2011-11-14,-17.407111,0.237333752845,0.546354718992,0.644027757929,3.163301,3.378044,training
2011-11-15,-12.013735,0.227129288305,1.386323146428,0.214002974492,2.977459,2.949514,training
2011-11-16,-18.695096,0.216924823763,1.461210013149,-0.683820680152,2.791618,2.560338,training
2011-11-17,-20.868933,0.206720359221,0.723874536722,-1.201538511451,2.605776,2.394921,training
2011-11-18,-23.832348,0.196515894680,-0.144452360845,-0.832111018671,2.419935,2.437007,training
2011-11-19,-19.531881,0.186311430139,-0.345071363487,0.135941352907,2.234094,2.484261,training
2011-11-20,-27.818664,0.176106965598,0.321940471683,0.877272954096,2.048252,2.329712,training
2011-11-21,-25.401102,0.165902501056,1.278446030063,0.769853141344,1.862411,1.947359,training
2011-11-22,-20.615520,0.155698036515,1.686700670257,-0.047219057560,1.676569,1.515488,training
2011-11-23,-22.312887,0.145493571974,1.200611402612,-0.798453934530,1.490728,1.256790,training
2011-11-24,-21.600000,0.135289107433,0.276100610567,-0.767402326002,1.304887,1.238662,training
2011-11-25,-19.252992,0.125084642891,-0.237748698522,0.060858618196,1.119045,1.312765,training
2011-11-26,-22.015903,0.114880178350,0.139880063016,0.986343160542,0.933204,1.248051,training
2011-11-27,-17.386665,0.104675713809,1.090358089526,1.221878938071,0.747362,0.937960,training
2011-11-29,-19.849776,0.084266784726,1.613205826826,-0.280918394764,0.375680,0.153856,training
2011-11-30,-19.415109,0.074062320185,0.756734642651,-0.586059410787,0.189838,0.053810,training
2011-12-01,-22.600000,0.063857855644,0.000000000000,0.000000000000,0.003997,0.120959,training
2011-12-02,-18.324006,0.054554937047,1.817661139886,0.290888356282,-0.165426,-0.315568,training
2011-12-03,-25.309559,0.045252018450,0.058219499520,1.136647168536,-0.334848,0.001059,training
2011-12-05,-22.749059,0.026646181256,1.094028175548,1.304972636061,-0.673694,-0.494187,training
2011-12-06,-20.863998,0.017343262660,-0.300354619825,-0.063273392029,-0.843116,-0.702221,training
2011-12-07,-23.609814,0.008040344063,1.514870971702,0.242386050974,-1.012539,-1.135248,training
2011-12-08,-19.850725,-0.001262574534,-0.251261428636,1.074752677828,-1.181962,-0.820208,training
2011-12-09,-20.023513,-0.010565493131,0.574375047081,-0.619989640270,-1.351384,-1.491956,training
2011-12-10,-23.479184,-0.019868411728,0.783009824276,1.252179090506,-1.520807,-1.313290,training
2011-12-11,-22.514000,-0.029171330324,-0.600654344012,-0.126518154365,-1.690229,-1.525406,training
2011-12-12,-19.898072,-0.038474248921,1.212019549649,0.193892754218,-1.859652,-1.954915,training
2011-12-13,-21.706900,-0.047777167517,-0.560698028390,1.012814964634,-2.029075,-1.641491,training
2011-12-14,-27.196115,-0.057080086115,0.278157355863,-0.674900451166,-2.198497,-2.314138,training
2011-12-15,-28.690407,-0.066383004711,0.471964239070,1.199329943664,-2.367920,-2.132400,training
2011-12-16,-29.686602,-0.075685923308,-0.900899399533,-0.189733855951,-2.537343,-2.348594,training
2011-12-17,-27.831232,-0.084988841905,0.909106804742,0.145407983766,-2.706765,-2.774570,training
2011-12-18,-28.800000,-0.094291760501,-0.870089961025,0.950834379086,-2.876188,-2.462791,training
2011-12-20,-26.200000,-0.112897597695,0.160891858267,1.146424982967,-3.215033,-2.951517,training
2011-12-21,-28.854867,-0.122200516292,-1.201090016740,-0.252920067532,-3.384456,-3.171785,training
2011-12-22,-25.801963,-0.131503434889,0.606132671791,0.096931256840,-3.553878,-3.594212,training
2011-12-25,-24.200000,-0.159412190679,-0.150206878138,1.093463999306,-4.062146,-3.770640,training
2011-12-26,-22.892442,-0.168715109276,-1.501226429357,-0.316076361679,-4.231569,-3.994980,training
2011-12-28,-25.104106,-0.187320946469,-1.488738483907,0.826746004702,-4.570414,-4.105442,training
2011-12-29,-24.341331,-0.196623865066,-0.610563829514,-0.839267711442,-4.739837,-4.780597,training
2011-12-31,-22.106691,-0.215229702260,-1.801308874466,-0.379202312815,-5.078682,-4.818179,training
2012-01-02,-21.829924,-0.206552682839,-1.680142172277,0.751997116423,-4.920658,-4.443888,training
2012-01-03,-27.335701,-0.188572744821,-0.676438443439,-0.922281549603,-4.593212,-4.636598,training
2012-01-04,-29.188505,-0.170592806801,-0.417746461553,0.943891802614,-4.265765,-3.961556,training
2012-01-05,-24.606009,-0.152612868784,-1.637479713955,-0.492070793797,-3.938319,-3.708247,training
2012-01-06,-27.784983,-0.134632930766,0.279874259542,-0.125666410224,-3.610872,-3.640331,training
2012-01-07,-28.690407,-0.116652992748,-1.400118545357,0.626664325631,-3.283426,-2.850718,training
2012-01-08,-30.284319,-0.098673054730,-0.396731760848,-1.047796436062,-2.955979,-3.043409,training
2012-01-09,-24.200000,-0.080693116711,-0.137676333964,0.818337925473,-2.628532,-2.368440,training
2012-01-10,-23.609814,-0.062713178693,-1.357680691975,-0.617379488783,-2.301086,-2.115032,training
2012-01-11,-27.870059,-0.044733240675,0.559748482365,-0.251332816509,-1.973639,-2.047203,training
2012-01-12,-27.870059,-0.026753302657,-1.120094891047,0.501331510068,-1.646193,-1.257548,training
2012-01-13,-27.800000,-0.008773364640,-0.117025085854,-1.173311286381,-1.318746,-1.450221,training
2012-01-14,-27.694213,0.009206573380,0.142393778527,0.692784014629,-0.991300,-0.775324,training
2012-01-15,-22.962376,0.027186511398,-1.077881637970,-0.742688165379,-0.663853,-0.521817,training
2012-01-16,-25.801963,0.045166449415,0.839622668469,-0.376999218848,-0.336407,-0.454076,training
2012-01-17,-27.694213,0.063146387433,-0.840071209352,0.375998669728,-0.008960,0.335622,training
2012-01-18,-24.341331,0.081126325451,0.162681581548,-1.298826100559,0.318486,0.142968,training
2012-01-20,-18.927699,0.117086201488,-0.798082551937,-0.867996823590,0.973379,1.071398,training
2012-01-22,-26.698018,0.153046077524,-0.560047500275,0.250665804608,1.628273,1.928792,training
2012-01-23,-21.764251,0.171026015542,0.442388241367,-1.424340878593,1.955719,1.736157,training
2012-01-24,-24.606009,0.189005953559,0.702533958868,0.441676091541,2.283166,2.410907,training
2012-01-25,-17.336618,0.206985891579,-0.518283433872,-0.993305463421,2.610612,2.664613,training
2012-01-26,-15.860386,0.224965829597,1.399370930524,-0.628332011660,2.938059,2.732179,training
2012-01-28,-18.927699,0.260925705632,0.722094893608,-1.549855620484,3.592952,3.329346,training
2012-01-29,-16.437213,0.278905643650,0.982604026028,0.316122079605,3.920398,4.004023,training
2012-01-30,-18.567628,0.296885581669,-0.238484283772,-1.118614084881,4.247845,4.257828,training
2012-01-31,-21.346961,0.314865519687,1.679245006476,-0.753998402118,4.575291,4.325306,training
2012-02-01,-17.854160,0.332845457705,0.000000000000,0.000000000000,4.902738,5.115132,training
2012-02-04,-15.937776,0.265833775163,1.340433389736,-1.221657103768,3.682336,3.378313,training
2012-02-05,-22.015903,0.243496547650,-0.057432048542,0.295292982288,3.275536,3.527766,training
2012-02-06,-21.346961,0.221159320136,1.244098153335,-1.138836712246,2.868735,2.583234,training
2012-02-07,-22.600000,0.198822092621,-0.083888189870,0.440545072012,2.461935,2.733184,training
2012-02-08,-16.735633,0.176484865109,1.146319441262,-1.054362050656,2.055134,1.788757,training
2012-02-09,-18.927699,0.154147637594,-0.108940007568,0.584109528336,1.648334,1.938000,training
2012-02-10,-19.500000,0.131810410081,1.047176329608,-0.968167317768,1.241533,0.994880,training
2012-02-11,-19.425797,0.109473182567,-0.132668098173,0.725922420198,0.834733,1.142217,training
2012-02-12,-25.307257,0.087135955054,0.946750890013,-0.880190488774,0.427932,0.201601,training
2012-02-13,-28.362463,0.064798727540,-0.155155963919,0.865923662596,0.021132,0.345837,training
2012-02-14,-21.271847,0.042461500025,0.845128010107,-0.790373451082,-0.385669,-0.591082,training
2012-02-16,-24.107912,-0.002212955002,0.742395204604,-0.698662133455,-1.199270,-1.383174,training
2012-02-17,-18.500000,-0.024550182515,-0.196758455053,1.140270869578,-1.606070,-1.248700,training
2012-02-20,-25.200000,-0.091561865057,0.533961869305,-0.509361273113,-2.826472,-2.965609,training
2012-02-23,-21.025646,-0.158573547598,-0.252094349325,1.536937225236,-4.046873,-3.644848,training
2012-02-24,-21.271847,-0.180910775111,0.322196160588,-0.311940415745,-4.453674,-4.545763,training
2012-02-25,-25.104106,-0.203248002626,-0.269033345232,1.665037636645,-4.860474,-4.444688,training
2012-02-28,-20.023513,-0.270259685167,0.107872603910,-0.106123340363,-6.080876,-6.123719,training
2012-02-29,-23.012098,-0.292596912680,-0.301239739400,1.914869261793,-6.487676,-6.045989,training
2012-03-01,-21.019708,-0.314934140195,0.000000000000,0.000000000000,-6.894477,-6.911903,training
2012-03-02,-20.521611,-0.301301819958,0.291580030160,1.817666193527,-6.646208,-6.333515,training
2012-03-03,-17.124664,-0.287669499722,-1.074409767683,0.423660219092,-6.397939,-6.126132,training
2012-03-04,-21.019708,-0.274037179485,0.793656134666,0.643116230691,-6.149671,-6.160648,training
2012-03-05,-22.304817,-0.260404859248,-0.901091411327,1.469808756880,-5.901402,-5.433688,training
2012-03-06,-22.678328,-0.246772539012,-0.078833616158,-0.297156358512,-5.653133,-5.693996,training
2012-03-07,-24.700000,-0.233140218776,0.243310514410,1.515300570457,-5.404864,-5.122141,training
2012-03-09,-22.514000,-0.205875578302,0.728084427660,0.332294087903,-4.908327,-4.947943,training
2012-03-12,-16.914467,-0.164978617593,0.194915174602,1.212700611307,-4.163521,-3.910793,training
2012-03-13,-21.271847,-0.151346297357,-1.213893864719,-0.136456064838,-3.915252,-3.686464,training
2012-03-15,-22.749059,-0.124081656884,-1.002718467607,0.902603043414,-3.418715,-3.002244,training
2012-03-16,-20.935834,-0.110449336647,-0.236606962362,-0.890678248097,-3.170446,-3.258000,training
2012-03-17,-19.000000,-0.096817016411,0.146390205836,0.909868399223,-2.922177,-2.699471,training
2012-03-18,-25.801963,-0.083184696175,-1.283274208808,-0.416345870965,-2.673909,-2.466660,training
2012-03-20,-21.812898,-0.055920055701,-1.053262036593,0.618706436612,-2.177371,-1.786631,training
2012-03-21,-22.270715,-0.042287735465,-0.315538082067,-1.187042718996,-1.929102,-2.039912,training
2012-03-22,-18.137243,-0.028655415229,0.097731837693,0.606806079126,-1.680834,-1.488172,training
2012-03-23,-23.225534,-0.015023094992,-1.352411026268,-0.696128719751,-1.432565,-1.246877,training
2012-03-24,-20.381035,-0.001390774756,0.529804099747,-0.599861576157,-1.184296,-1.309485,training
2012-03-25,-26.123455,0.012241545481,-1.103629928296,0.334610123565,-0.936028,-0.571090,training
2012-03-26,-22.514000,0.025873865718,-0.394493079348,-1.483142284340,-0.687759,-0.821765,training
2012-03-27,-24.900151,0.039506185954,0.048936335236,0.303515857137,-0.439490,-0.276896,training
2012-03-28,-22.307000,0.053138506190,-1.421302605188,-0.975808596936,-0.191221,-0.027116,training
2012-03-29,-23.339944,0.066770826426,0.463191929721,-0.910462400385,0.057047,-0.096549,training
2012-03-31,-22.514000,0.094035466900,-0.473467630862,-1.778976589955,0.553585,0.396442,training
2012-04-01,-25.307257,0.107667787136,0.000000000000,0.000000000000,0.801853,0.934359,training
2012-04-02,-26.150151,0.107832682912,-1.284815741991,-1.414635308440,0.804856,0.872938,training
2012-04-03,-24.600151,0.107997578688,0.508486473443,-0.458267974320,0.807860,0.754671,training
2012-04-04,-21.517805,0.108162474464,-1.390987783836,-0.710149626719,0.810863,1.044225,training
2012-04-05,-23.356049,0.108327370240,0.593842792786,-1.054980986849,0.813866,0.621714,training
2012-04-08,-21.100000,0.108822057567,-0.373877563707,0.389284389084,0.822875,1.103273,training
2012-04-09,-25.602204,0.108986953343,-0.291194279916,-1.546435643780,0.825878,0.689798,training
2012-04-10,-26.100301,0.109151849119,0.386798287933,0.357384731682,0.828881,0.967107,training
2012-04-11,-23.970130,0.109316744895,-0.777351451081,-1.159756075348,0.831884,0.862890,training
2012-04-12,-24.754501,0.109481640671,0.936395574722,-0.066499613397,0.834887,0.787225,training
2012-04-13,-25.602204,0.109646536447,-0.933749994671,-0.473968828225,0.837890,1.039253,training
2012-04-15,-25.309559,0.109976327999,-0.645653422284,0.236923155179,0.843896,1.141551,training
2012-04-16,-25.602204,0.110141223774,0.786877699478,-1.133559149047,0.846899,0.604652,training
2012-04-17,-24.324751,0.110306119550,0.003783973370,0.687740216006,0.849902,1.125420,training
2012-04-18,-24.606009,0.110471015326,0.244543037714,-1.239051820485,0.852905,0.685605,training
2012-04-19,-27.849082,0.110635911102,0.770537700570,0.709088961046,0.855908,0.999223,training
2012-04-20,-29.938156,0.110800806878,-0.265108415727,-0.900542280434,0.858911,0.852888,training
2012-04-21,-27.288610,0.110965702654,1.358353626250,0.322776794177,0.861914,0.820323,training
2012-04-22,-31.778611,0.111130598430,-0.470070740786,-0.237424220844,0.864917,1.033208,training
2012-04-23,-27.335701,0.111295494206,1.550641352763,-0.267896816162,0.867920,0.669547,training
2012-04-24,-24.324751,0.111460389982,-0.233986683604,0.486391817494,0.870923,1.147464,training
2012-04-25,-23.858368,0.111625285757,1.306901020857,-0.768649971741,0.873927,0.615202,training
2012-04-26,-29.300000,0.111790181533,0.383145616892,0.979972341239,0.876930,1.145972,training
2012-04-27,-26.593301,0.111955077309,0.780753988745,-0.925233675466,0.879933,0.682663,training
2012-04-28,-26.545433,0.112119973085,1.151684010394,1.054885513842,0.882936,1.030574,training
2012-04-29,-24.619947,0.112284868861,0.251550065828,-0.636624374607,0.885939,0.843076,training
2012-04-30,-26.698018,0.112449764637,1.774579824155,0.709091668583,0.888942,0.853828,training
2012-05-01,-30.922963,0.112614660413,0.000000000000,0.000000000000,0.891945,1.026205,training
2012-05-02,-29.347271,0.107184548049,1.928209299502,0.472281650292,0.793053,0.679517,training
2012-05-03,-27.196115,0.101754435685,0.026889252634,-0.192858570291,0.694161,0.779741,training
2012-05-05,-28.300000,0.090894210957,0.072938787383,-0.378498164729,0.496377,0.531359,training
2012-05-06,-29.300000,0.085464098593,1.781010379254,0.620135578228,0.397485,0.333186,training
2012-05-07,-29.847108,0.080033986229,0.136922087682,-0.554257977976,0.298593,0.281829,training
2012-05-08,-31.599836,0.074603873865,1.680932588576,0.678639390179,0.199701,0.161541,training
2012-05-09,-34.468271,0.069173761501,0.217245487058,-0.717679600105,0.100809,0.031945,training
2012-05-11,-25.801963,0.058313536773,0.311980740254,-0.866557210842,-0.096975,-0.217490,training
2012-05-13,-26.698018,0.047453312045,0.418904551762,-0.998982798320,-0.294759,-0.465684,training
2012-05-14,-28.081232,0.042023199681,1.296803898246,0.765366217178,-0.393651,-0.356858,training
2012-05-15,-28.800000,0.036593087317,0.535543965294,-1.113385148005,-0.492543,-0.711870,training
2012-05-16,-32.400000,0.031162974953,1.148594779379,0.758902472961,-0.591435,-0.533403,training
2012-05-17,-29.938156,0.025732862589,0.659227192469,-1.208562137167,-0.690327,-0.955321,training
2012-05-18,-26.852738,0.020302750225,0.994735423673,0.732758666582,-0.789219,-0.713026,training
2012-05-19,-28.690407,0.014872637861,0.787138229592,-1.283705263843,-0.888111,-1.195369,training
2012-05-20,-32.276708,0.009442525497,0.838092466507,0.686329856855,-0.987003,-0.896362,training
2012-05-21,-34.684359,0.004012413133,0.916374393520,-1.338416208498,-1.085895,-1.431411,training
2012-05-22,-32.684136,-0.001417699231,0.681589534817,0.619426418534,-1.184787,-1.083973,training
2012-05-23,-26.800000,-0.006847811594,1.044005982862,-1.372715021017,-1.283679,-1.662931,training
2012-05-24,-29.938156,-0.012277923959,0.528147503252,0.532277958270,-1.382571,-1.276333,training
2012-05-25,-29.600000,-0.017708036322,1.167136112356,-1.387039683814,-1.481463,-1.889501,training
2012-05-26,-33.400000,-0.023138148686,0.380624459042,0.425528595307,-1.580355,-1.473816,training
2012-05-27,-31.150000,-0.028568261051,1.282960098251,-1.382237133307,-1.679246,-2.110799,training
2012-05-28,-31.400000,-0.033998373414,0.241757336082,0.300223779636,-1.778138,-1.676695,training
2012-05-29,-34.866814,-0.039428485778,1.388822747500,-1.359545988797,-1.877030,-2.326607,training
2012-05-30,-33.272903,-0.044858598142,0.114105808499,0.157788860535,-1.975922,-1.885130,training
2012-05-31,-31.043301,-0.050288710506,1.482272932106,-1.320571094123,-2.074814,-2.536821,training
2012-06-01,-31.031465,-0.055718822870,0.000000000000,0.000000000000,-2.173706,-2.099168,training
2012-06-02,-30.782416,-0.067258515607,1.648303888042,-0.985234847981,-2.383865,-2.811899,training
2012-06-03,-30.782416,-0.078798208345,-0.345190922774,-0.648739487031,-2.594023,-2.600763,training
2012-06-04,-29.315035,-0.090337901082,1.535409771841,-0.279801515072,-2.804181,-3.073845,training
2012-06-05,-26.100301,-0.101877593819,-0.203142061304,-1.293398710484,-3.014339,-3.188412,training
2012-06-06,-23.012098,-0.113417286556,0.967339707009,0.251752228212,-3.224498,-3.290701,training
2012-06-07,-30.922963,-0.124956979293,0.304772045963,-1.616247620523,-3.434656,-3.774517,training
2012-06-08,-28.854867,-0.136496672031,0.168729479390,0.354038584842,-3.644814,-3.555541,training
2012-06-09,-35.945483,-0.148036364768,0.878906506617,-1.456360452878,-3.854972,-4.272232,training
2012-06-10,-36.659965,-0.159576057505,-0.523452847384,-0.019166759636,-4.065131,-3.938058,training
2012-06-11,-35.000000,-0.171115750242,1.187350106231,-0.888027912803,-4.275289,-4.637781,training
2012-06-12,-32.276708,-0.182655442979,-0.824096935375,-0.682401522400,-4.485447,-4.450608,training
2012-06-13,-34.500000,-0.194195135717,1.027651327311,-0.184558518675,-4.695605,-4.891787,training
2012-06-14,-32.587403,-0.205734828454,-0.638872142768,-1.308884594496,-4.905764,-5.042184,training
2012-06-15,-35.000000,-0.217274521191,0.425464241745,0.314892850802,-5.115922,-5.109221,training
2012-06-16,-30.782416,-0.228814213928,-0.110190777010,-1.589742380682,-5.326080,-5.623277,training
2012-06-17,-28.192310,-0.240353906665,-0.377951611937,0.370580500735,-5.536238,-5.382877,training
2012-06-18,-26.852738,-0.251893599403,0.452183280151,-1.384509580200,-5.746397,-6.109482,training
2012-06-19,-24.932418,-0.263433292140,-1.043286595798,-0.041014343430,-5.956555,-5.778151,training
2012-06-20,-26.200000,-0.274972984877,0.722069151662,-0.789571869361,-6.166713,-6.462632,training
2012-06-21,-28.300000,-0.286512677614,-1.298511924135,-0.715723851469,-6.376871,-6.301183,training
2012-06-22,-34.567956,-0.298052370351,0.515802837886,-0.091201318734,-6.587030,-6.709391,training
2012-06-23,-33.680425,-0.309592063089,-1.071427557731,-1.321175765981,-6.797188,-6.895860,training
2012-06-24,-38.951213,-0.321131755826,-0.118271238085,0.373931639494,-7.007346,-6.928262,training
2012-06-25,-37.771611,-0.332671448563,-0.524842168881,-1.558744067707,-7.217505,-7.471160,training
2012-06-26,-37.226558,-0.344211141300,-0.923356382628,0.382803192027,-7.427663,-7.211337,training
2012-06-27,-36.181505,-0.355750834037,0.022756502443,-1.309056554526,-7.637821,-7.945503,training
2012-06-28,-35.184359,-0.367290526775,-1.559329584372,-0.065293970675,-7.847979,-7.619425,training
2012-06-29,-32.900000,-0.378830219512,0.252386987422,-0.690159766851,-8.058138,-8.286500,training
2012-06-30,-32.824615,-0.390369912249,-1.768468787617,-0.748406012962,-8.268296,-8.152420,training
2012-07-01,-32.400175,-0.401909604986,0.000000000000,0.000000000000,-8.478454,-8.526737,training
2012-07-02,-27.694213,-0.411556351560,-1.173251236976,-1.426560230508,-8.654138,-8.792699,training
2012-07-03,-31.778611,-0.421203098134,-1.101975667217,0.515723799581,-8.829823,-8.581365,training
2012-07-04,-25.801963,-0.430849844708,0.019585454552,-0.976356578380,-9.005507,-9.270210,training
2012-07-05,-31.839305,-0.440496591282,-1.774776095260,-0.371927094350,-9.181191,-9.003830,training
2012-07-06,-34.960675,-0.450143337856,0.020896845082,0.330538017669,-9.356876,-9.357390,training
2012-07-07,-29.487363,-0.459790084430,-0.980590800525,-1.219517964832,-9.532560,-9.679619,training
2012-07-08,-30.357439,-0.469436831004,-1.120787648453,0.716991237296,-9.708245,-9.431768,training
2012-07-09,-34.922285,-0.479083577578,0.165541336542,-0.642403484546,-9.883929,-10.122458,training
2012-07-10,-39.600000,-0.488730324152,-1.679554892308,-0.243351517357,-10.059613,-9.889660,training
2012-07-11,-35.364912,-0.498377070726,0.032087973272,0.653260133690,-10.235298,-10.187934,training
2012-07-12,-32.774806,-0.508023817300,-0.784941817513,-1.000377854373,-10.410982,-10.564562,training
2012-07-13,-32.892579,-0.517670563874,-1.134649804519,0.906822395471,-10.586666,-10.285427,training
2012-07-14,-29.347271,-0.527317310448,0.300631654811,-0.302348851237,-10.762351,-10.971502,training
2012-07-15,-35.115863,-0.536964057022,-1.571992351901,-0.113049484810,-10.938035,-10.777331,training
2012-07-16,-35.863009,-0.546610803596,0.034504996381,0.967133275819,-11.113719,-11.018750,training
2012-07-17,-38.998387,-0.556257550170,-0.587671299742,-0.768882183063,-11.289404,-11.447229,training
2012-07-18,-32.900000,-0.565904296744,-1.142318321825,1.085840224009,-11.465088,-11.142436,training
2012-07-19,-32.892579,-0.575551043318,0.424244050245,0.042558260655,-11.640772,-11.817491,training
2012-07-21,-35.500000,-0.594844536466,0.029188864824,1.271234643397,-11.992141,-11.850215,training
2012-07-22,-35.453079,-0.604491283040,-0.390166465778,-0.524927203791,-12.167826,-12.327351,training
2012-07-23,-30.533367,-0.614138029614,-1.142626568881,1.254802423237,-12.343510,-12.002844,training
2012-07-24,-33.400000,-0.623784776188,0.535909195286,0.391008318925,-12.519194,-12.660615,training
2012-07-25,-40.445505,-0.633431522762,-1.321070980742,0.158154516617,-12.694879,-12.556859,training
2012-07-26,-34.357298,-0.643078269336,0.017276895811,1.564763206844,-12.870563,-12.682698,training
2012-07-27,-31.594252,-0.652725015910,-0.193817454127,-0.268564431254,-13.046247,-13.204693,training
2012-07-28,-33.975867,-0.662371762484,-1.134499634285,1.414592001825,-13.221932,-12.866661,training
2012-07-29,-31.857994,-0.672018509058,0.635306643954,0.741647642971,-13.397616,-13.501096,training
2012-07-30,-28.192310,-0.681665255632,-1.178696869088,0.301653939798,-13.573300,-13.448000,training
2012-07-31,-31.907771,-0.691312002206,-0.000011399346,1.847049689695,-13.748985,-13.516555,training
2012-08-01,-34.500000,-0.700958748780,0.000000000000,0.000000000000,-13.924669,-14.079049,training
2012-08-02,-37.028772,-0.684808456628,-1.092995927926,1.489996429077,-13.630544,-13.274984,training
2012-08-03,-37.456921,-0.668658164477,0.771880636520,0.946535591806,-13.336418,-13.420536,training
2012-08-05,-35.364912,-0.636357580174,0.071868467100,1.819422303290,-12.748167,-12.514796,training
2012-08-06,-37.456921,-0.620207288023,0.321660370128,-0.090655116698,-12.454042,-12.655959,training
2012-08-07,-30.782416,-0.604056995871,-0.944393637097,1.252906858143,-12.159916,-11.851423,training
2012-08-08,-34.435310,-0.587906703720,0.969130330121,0.930863224532,-11.865791,-11.959693,training
2012-08-09,-31.900000,-0.571756411569,-0.655194448783,0.002532212844,-11.571665,-11.562827,training
2012-08-10,-37.456921,-0.555606119417,0.164041292501,1.703453969419,-11.277540,-11.056030,training
2012-08-11,-38.100000,-0.539455827267,0.637274261613,-0.168331961022,-10.983415,-11.229096,training
2012-08-12,-32.900000,-0.523305535115,-0.783108493628,1.009173439926,-10.689289,-10.431503,training
2012-08-13,-35.436451,-0.507155242963,1.152268083459,0.912772469921,-10.395164,-10.496834,training
2012-08-14,-35.432456,-0.491004950813,-0.352460990133,-0.208143628042,-10.101038,-10.161273,training
2012-08-15,-33.380961,-0.474854658661,0.254833965499,1.573234648315,-9.806913,-9.599975,training
2012-08-16,-29.300000,-0.458704366509,0.945334807587,-0.233845646764,-9.512787,-9.798361,training
2012-08-17,-33.023854,-0.442554074358,-0.608437736898,0.760358603071,-9.218662,-9.015025,training
2012-08-18,-29.800000,-0.426403782207,1.321683778905,0.890595080389,-8.924536,-9.032377,training
2012-08-19,-36.537934,-0.410253490055,-0.041302989706,-0.407242658008,-8.630411,-8.758818,training
2012-08-20,-34.368717,-0.394103197904,0.345958534116,1.428701512100,-8.336286,-8.146951,training
2012-08-21,-37.456921,-0.377952905752,1.244443289206,-0.288185434390,-8.042160,-8.363710,training
2012-08-22,-33.086451,-0.361802613601,-0.419870256880,0.508097530996,-7.748035,-7.601741,training
2012-08-23,-38.702164,-0.345652321450,1.477963766584,0.862721320149,-7.453909,-7.566759,training
2012-08-25,-33.465280,-0.313351737148,0.439122294401,1.269996673266,-6.865658,-6.697233,training
2012-08-26,-33.385310,-0.297201444996,1.533329158435,-0.332500569717,-6.571533,-6.925155,training
2012-08-27,-34.116789,-0.281051152844,-0.217093912513,0.254074746962,-6.277407,-6.191356,training
2012-08-28,-33.870620,-0.264900860694,1.621882469251,0.827623012130,-5.983282,-6.100436,training
2012-08-29,-36.725606,-0.248750568542,0.600414407802,-0.767195786301,-5.689157,-5.949431,training
2012-08-30,-34.866814,-0.232600276390,0.536003346640,1.097465150236,-5.395031,-5.251047,training
2012-08-31,-35.500000,-0.216449984239,1.810868231779,-0.368083827761,-5.100906,-5.482764,training
2012-09-01,-32.400175,-0.200299692088,0.000000000000,0.000000000000,-4.806780,-4.783536,training
2012-09-02,-28.745066,-0.196613311030,1.847115817997,0.538317909159,-4.739645,-4.932792,training
2012-09-03,-34.626843,-0.192926929972,0.256646564178,-0.702564054161,-4.672509,-4.838251,training
2012-09-04,-37.955018,-0.189240548915,1.252295779140,0.936577346595,-4.605374,-4.607153,training
2012-09-05,-37.955018,-0.185554167857,0.847603141784,-1.032824727353,-4.538238,-4.875313,training
2012-09-06,-37.600000,-0.181867786800,0.476452206714,0.868356910026,-4.471103,-4.346054,training
2012-09-07,-37.028772,-0.178181405742,1.442895687395,-0.862731333969,-4.403967,-4.809292,training
2012-09-08,-29.396511,-0.174495024685,-0.126479253416,0.330589464118,-4.336831,-4.213255,training
2012-09-09,-30.284319,-0.170808643627,1.710380554909,-0.314596780473,-4.269696,-4.606338,training
2012-09-10,-29.794252,-0.167122262570,-0.289083482420,-0.444843549528,-4.202560,-4.208322,training
2012-09-11,-30.900000,-0.163435881512,1.481940161522,0.300104492629,-4.135425,-4.301117,training
2012-09-12,-34.000000,-0.159749500454,0.035726845398,-1.107139290997,-4.068289,-4.266836,training
2012-09-13,-37.000000,-0.156063119397,0.837604462371,0.636589865393,-4.001154,-3.979469,training
2012-09-14,-39.449310,-0.152376738339,0.651150043083,-1.362105740092,-3.934018,-4.292633,training
2012-09-15,-37.600000,-0.148690357282,0.065506133510,0.489288401825,-3.866883,-3.735452,training
2012-09-16,-34.136451,-0.145003976224,1.214969632709,-1.119367396971,-3.799747,-4.205920,training
2012-09-17,-30.400000,-0.141317595167,-0.482293197403,-0.105297034269,-3.732612,-3.624280,training
2012-09-18,-35.364912,-0.137631214109,1.410790180967,-0.537586728895,-3.665476,-3.983200,training
2012-09-19,-34.234136,-0.133944833051,-0.565965032358,-0.886854821406,-3.598341,-3.634696,training
2012-09-20,-31.043389,-0.130258451994,1.106352984978,0.054926221267,-3.531205,-3.669031,training
2012-09-21,-29.188505,-0.126572070936,-0.177917672905,-1.501517449281,-3.464070,-3.694601,training
2012-09-22,-38.013579,-0.122885689879,0.419714736855,0.324491268037,-3.396934,-3.353728,training
2012-09-23,-37.472752,-0.119199308821,0.453405100032,-1.678927214670,-3.329798,-3.707136,training
2012-09-24,-34.000000,-0.115512927764,-0.339824840205,0.099022589897,-3.262663,-3.128176,training
2012-09-25,-28.690407,-0.111826546706,0.977831092688,-1.367515876869,-3.195527,-3.599143,training
2012-09-26,-34.298781,-0.108140165648,-0.826488177021,-0.545864197137,-3.128392,-3.038349,training
2012-09-27,-37.740943,-0.104453784591,1.098676358283,-0.760308005446,-3.061256,-3.357773,training
2012-09-28,-29.311435,-0.100767403533,-0.831037567403,-1.324688041076,-2.994121,-3.062308,training
2012-09-29,-24.903956,-0.097081022476,0.721197790066,-0.198336725567,-2.926985,-3.036916,training
2012-09-30,-27.694213,-0.093394641418,-0.385472036271,-1.884949422575,-2.859850,-3.121180,training
2012-10-01,-41.387040,-0.089708260361,0.000000000000,0.000000000000,-2.792714,-2.730234,training
2012-10-02,-38.850000,-0.105835654418,0.516957398912,-1.775996452434,-3.086423,-3.490502,training
2012-10-03,-35.364912,-0.121963048476,-1.053022252865,-0.636415245717,-3.380131,-3.273385,training
2012-10-04,-32.774806,-0.138090442535,0.808588209356,-0.536107166143,-3.673840,-3.884015,training
2012-10-05,-33.272903,-0.154217836593,-0.683693037061,-1.703596290399,-3.967548,-4.159626,training
2012-10-06,-34.368717,-0.170345230651,-0.289927425191,0.178295930541,-4.261256,-4.138668,training
2012-10-07,-34.382456,-0.186472624708,0.467379169722,-1.506846652628,-4.554965,-4.922943,training
2012-10-08,-33.680425,-0.202600018766,-1.237759838770,-0.585792583520,-4.848673,-4.727080,training
2012-10-09,-28.362463,-0.218727412825,0.597798266784,-0.229860881587,-5.142382,-5.280005,training
2012-10-10,-33.400000,-0.234854806883,-0.718017287750,-1.584117297325,-5.436090,-5.625855,training
2012-10-11,-33.950088,-0.250982200941,-0.577987866138,0.338273162253,-5.729799,-5.551237,training
2012-10-13,-37.600000,-0.283236989056,-1.404313984469,-0.538072137591,-6.317215,-6.184620,training
2012-10-14,-31.031465,-0.299364383115,0.370824275514,0.067602640036,-6.610924,-6.674931,training
2012-10-15,-30.782416,-0.315491777173,-0.744864968366,-1.447810908227,-6.904632,-7.089925,training
2012-10-16,-30.592159,-0.331619171231,-0.861718453122,0.480353111443,-7.198341,-6.968293,training
2012-10-17,-33.975867,-0.347746565288,0.328589060702,-0.930229559470,-7.492049,-7.772805,training
2012-10-18,-34.119668,-0.363873959346,-1.552459187545,-0.490765441008,-7.785758,-7.645530,training
2012-10-19,-32.774806,-0.380001353404,0.129004283813,0.354173199167,-8.079466,-8.069470,training
2012-10-20,-35.000000,-0.396128747463,-0.766583074293,-1.293819841567,-8.373174,-8.551239,training
2012-10-22,-34.069859,-0.428383535579,0.236250090045,-0.626645514352,-8.960591,-9.190473,training
2012-10-23,-28.690407,-0.444510929636,-1.682308920335,-0.441376408240,-9.254300,-9.109270,training
2012-10-24,-35.000000,-0.460638323694,-0.126050290403,0.627941173155,-9.548008,-9.464307,training
2012-10-25,-38.600000,-0.476765717753,-0.785613054803,-1.121612454237,-9.841717,-10.009251,training
2012-10-26,-31.661482,-0.492893111811,-1.406781109336,0.714140765706,-10.135425,-9.816855,training
2012-10-28,-30.289480,-0.525147899926,-1.794313540494,-0.387447297044,-10.722842,-10.575250,training
2012-10-29,-36.000000,-0.541275293984,-0.392484334403,0.887232682643,-11.016550,-10.860118,training
2012-10-30,-30.483558,-0.557402688043,-0.804445857217,-0.930992531021,-11.310259,-11.463477,training
2012-10-31,-28.690407,-0.573530082101,-1.663759332614,0.808277943833,-11.603967,-11.248633,training
2012-11-01,-32.276708,-0.589657476159,0.000000000000,0.000000000000,-11.897676,-12.012568,training
2012-11-02,-37.158062,-0.589799142330,-1.005336010805,-0.879829425024,-11.900256,-12.018518,training
2012-11-03,-36.361106,-0.589940808500,-1.983225093977,0.002350081662,-11.902836,-11.663630,training
2012-11-04,-41.700000,-0.590082474671,-1.208339000481,1.066760182141,-11.905416,-11.583527,training
2012-11-05,-36.859204,-0.590224140842,-0.044129668508,0.412491654944,-11.907996,-11.929599,training
2012-11-06,-34.136451,-0.590365807013,-0.540123284419,-0.832670247652,-11.910576,-12.102222,training
2012-11-07,-26.392848,-0.590507473184,-1.820198728533,-0.499654563303,-11.913156,-11.807426,training
2012-11-08,-30.540257,-0.590649139355,-1.626508089390,0.799509319354,-11.915736,-11.574939,training
2012-11-09,-32.830961,-0.590790805525,-0.298307489249,0.750223737757,-11.918316,-11.824686,training
2012-11-11,-37.777509,-0.591074137867,-1.470712121635,-0.879422559759,-11.923476,-11.959106,training
2012-11-12,-35.863009,-0.591215804038,-1.901139473395,0.361653218803,-11.926056,-11.627363,training
2012-11-14,-41.066483,-0.591499136380,0.012140409887,-0.207116765165,-11.931215,-12.091917,training
2012-11-15,-36.859204,-0.591640802551,-1.011637745591,-1.065026345468,-11.933795,-12.090028,training
2012-11-16,-33.117748,-0.591782468721,-1.969954995245,-0.161929486527,-11.936375,-11.734289,training
2012-11-17,-32.841478,-0.591924134892,-1.171973036218,0.885534441579,-11.938955,-11.661822,training
2012-11-18,-36.430553,-0.592065801063,-0.021843851183,0.206319146301,-11.941535,-12.010562,training
2012-11-19,-35.000000,-0.592207467234,-0.544281272064,-1.027828359283,-11.944115,-12.176182,training
2012-11-20,-30.922963,-0.592349133405,-1.816564306098,-0.667246933139,-11.946695,-11.877054,training
2012-11-21,-28.300000,-0.592490799576,-1.594577003694,0.627457060386,-11.949275,-11.650539,training
2012-11-22,-25.748477,-0.592632465747,-0.267440509108,0.549545276545,-11.951855,-11.906038,training
2012-11-23,-35.000000,-0.592774131917,-0.171794951780,-0.788865964140,-11.954435,-12.203536,training
2012-11-24,-36.500000,-0.592915798088,-1.474119186330,-1.054379600086,-11.957015,-12.029007,training
2012-11-25,-32.892579,-0.593057464259,-1.877357977925,0.195716930044,-11.959595,-11.700241,training
2012-11-26,-32.950000,-0.593199130430,-0.668844862730,0.733293565561,-11.962175,-11.806828,training
2012-11-27,-31.778611,-0.593340796601,0.023820840761,-0.414161032191,-11.964755,-12.171169,training
2012-11-28,-31.400000,-0.593482462772,-1.017922168942,-1.249757930266,-11.967335,-12.161445,training
2012-11-29,-31.153886,-0.593624128943,-1.956220804507,-0.326170906543,-11.969915,-11.805023,training
2012-11-30,-30.234509,-0.593765795113,-1.135514005522,0.703852438386,-11.972495,-11.740229,training
2012-12-01,-39.528400,-0.593907461284,0.000000000000,0.000000000000,-11.975075,-12.091476,training
2012-12-02,-33.975867,-0.593063383351,-1.505678514471,-1.058946905845,-11.959703,-12.027066,training
2012-12-04,-20.222752,-0.591375227486,-0.229950986916,-1.010189642327,-11.928959,-12.213130,training
2012-12-05,-34.368717,-0.590531149553,-1.696410034740,0.171856136599,-11.913587,-11.690561,training
2012-12-06,-15.821166,-0.589687071620,0.256668650964,0.168183090564,-11.898215,-12.023986,training
2012-12-07,-15.839496,-0.588842993687,-1.254774853017,-0.882511177829,-11.882842,-11.956835,training
2012-12-08,-23.514314,-0.587998915755,-0.575734303492,0.947930970926,-11.867470,-11.682333,training
2012-12-09,-24.201529,-0.587154837822,0.020827552590,-0.839964165751,-11.852098,-12.144166,training
2012-12-10,-14.400000,-0.586310759889,-1.439538776659,0.350095345722,-11.836726,-11.621020,training
2012-12-11,-32.774806,-0.585466681956,0.513310498805,0.336358080894,-11.821354,-11.956493,training
2012-12-12,-24.289049,-0.584622604023,-1.003854244981,-0.706053160029,-11.805982,-11.886602,training
2012-12-14,-26.698018,-0.582934448158,0.271590178762,-0.669715650360,-11.775237,-12.075194,training
2012-12-15,-19.794636,-0.582090370225,-1.182641112386,0.528325241724,-11.759865,-11.551485,training
2012-12-16,9.762708,-0.581246292292,0.769925501036,0.504525112934,-11.744493,-11.888997,training
2012-12-17,1.732735,-0.580402214359,-0.752916572651,-0.529572942430,-11.729121,-11.816368,training
2012-12-18,-10.260805,-0.579558136427,-0.054906506819,1.294122419734,-11.713749,-11.546650,training
2012-12-20,-14.181232,-0.577869980561,-0.925717091573,0.706545685008,-11.683004,-11.481957,training
2012-12-21,-13.582254,-0.577025902628,1.026513615922,0.672684328849,-11.667632,-11.821497,training
2012-12-22,-8.075424,-0.576181824695,-0.501961718798,-0.353070615639,-11.652260,-11.746132,training
2012-12-23,-14.181232,-0.575337746763,0.205506064108,1.467176164683,-11.636888,-11.478816,training
2012-12-24,-15.658443,-0.574493668830,0.773068180694,-0.329149167840,-11.621516,-11.937227,training
2012-12-25,-20.600000,-0.573649590897,-0.668766764607,0.884756536238,-11.606144,-11.412436,training
2012-12-26,1.060262,-0.572805512964,1.283074802480,0.840835871023,-11.590771,-11.753995,training
2012-12-27,-4.669167,-0.571961435031,-0.250989566670,-0.176546270881,-11.575399,-11.675895,training
2012-12-28,6.664587,-0.571117357099,0.465917552660,1.640201930183,-11.560027,-11.410989,training
2012-12-29,-1.720219,-0.570273279166,1.023783801431,-0.158831035303,-11.544655,-11.868232,training
2012-12-30,-0.633927,-0.569429201233,-0.411790182612,1.062957656351,-11.529283,-11.342922,training
2012-12-31,-1.818653,-0.568585123300,1.539609020481,1.008979882055,-11.513911,-11.686489,training
2013-01-02,-7.884878,-0.555824301646,0.652496192521,1.721232725530,-11.281514,-11.143507,training
2013-01-03,-5.100000,-0.543907557924,1.132738536768,-0.170813792017,-11.064488,-11.400631,training
2013-01-04,4.530116,-0.531990814201,-0.373169501043,0.960492951252,-10.847463,-10.675976,training
2013-01-06,-3.600000,-0.508157326758,-0.103821614058,-0.288711368643,-10.413413,-10.540801,training
2013-01-07,-7.534421,-0.496240583036,0.543747615950,1.434379751685,-10.196388,-10.077388,training
2013-01-08,-11.128328,-0.484323839315,1.029067521798,-0.456271431128,-9.979363,-10.335128,training
2013-01-09,-10.914962,-0.472407095592,-0.480125914270,0.670920126952,-9.762338,-9.610741,training
2013-01-10,-4.416539,-0.460490351870,1.398821535090,0.530847063749,-9.545313,-9.753676,training
2013-01-11,-6.674504,-0.448573608149,-0.207638445588,-0.577416746844,-9.328288,-9.475947,training
2013-01-12,-2.192031,-0.436656864427,0.434998695567,1.147519120181,-9.111263,-9.011271,training
2013-01-13,-15.860386,-0.424740120705,0.925392280377,-0.741722675313,-8.894238,-9.269623,training
2013-01-14,-23.858368,-0.412823376983,-0.587075147894,0.381344617272,-8.677213,-8.545509,training
2013-01-15,-5.650000,-0.400906633261,1.292093921162,0.246532682799,-8.460188,-8.687391,training
2013-01-16,-5.285852,-0.388989889539,-0.311450511197,-0.866116121385,-8.243163,-8.411092,training
2013-01-17,2.633555,-0.377073145818,0.326249452575,0.860650830095,-8.026138,-7.945155,training
2013-01-18,13.688828,-0.365156402096,0.821712794815,-1.027167536300,-7.809113,-8.204116,training
2013-01-19,11.558219,-0.353239658374,-0.694017194765,0.091766441403,-7.592088,-7.480278,training
2013-01-20,9.264611,-0.341322914652,1.185358927229,-0.037783770224,-7.375063,-7.621105,training
2013-01-21,-6.942106,-0.329406170930,-0.415257827520,-1.154809479096,-7.158038,-7.346236,training
2013-01-22,-9.262838,-0.317489427208,0.217499908177,0.573774880563,-6.941013,-6.879041,training
2013-01-23,3.715862,-0.305572683487,0.718029047458,-1.312606025862,-6.723988,-7.138607,training
2013-01-25,1.054839,-0.281739196042,1.078616559057,-0.322102315746,-6.289938,-6.554818,training
2013-01-26,-3.269386,-0.269822452321,-0.519060411237,-1.443496806849,-6.072913,-6.281380,training
2013-01-29,-9.475231,-0.234072221156,-0.907879697614,-0.487397825779,-5.421838,-5.349821,training
2013-01-30,-15.358221,-0.222155477433,0.971866822468,-0.606422974177,-5.204813,-5.488530,training
2013-01-31,-9.891394,-0.210238733711,-0.622858279062,-1.732178091564,-4.987788,-5.216524,training
2013-02-01,-14.334902,-0.198321989990,0.000000000000,0.000000000000,-4.770763,-4.746817,training
2013-02-02,-6.176407,-0.219994987442,-0.388045928054,-1.877526619666,-5.165466,-5.469713,training
2013-02-03,-9.665994,-0.241667984893,0.535953679355,-0.078567706655,-5.560170,-5.663499,training
2013-02-04,-6.235383,-0.263340982346,-0.916554965532,-1.376416486396,-5.954874,-6.076224,training
2013-02-05,-4.936345,-0.285013979796,0.842786515141,-0.455700836137,-6.349578,-6.601289,training
2013-02-06,9.039324,-0.306686977249,-1.135407257768,-0.661412985322,-6.744281,-6.693567,training
2013-02-08,-2.560500,-0.350032972152,-0.977979936170,0.046426377390,-7.533689,-7.379506,training
2013-02-09,8.175326,-0.371705969605,0.379831921821,-1.304929220653,-7.928392,-8.304563,training
2013-02-10,8.567827,-0.393378967056,-0.519262140049,0.528740303339,-8.323096,-8.165993,training
2013-02-11,1.349854,-0.415051964508,-0.247206984377,-1.361354245398,-8.717800,-9.009227,training
2013-02-12,10.241278,-0.436724961959,0.052366981597,0.652043497926,-9.112503,-9.047136,training
2013-02-13,-0.625133,-0.458397959412,-0.871592782517,-1.041440813853,-9.507207,-9.636250,training
2013-02-14,3.550704,-0.480070956863,0.506034349895,0.417963568384,-9.901911,-9.981421,training
2013-02-16,10.652112,-0.523416951768,0.655261533291,-0.037371523372,-10.691318,-10.907334,training
2013-02-17,-9.039324,-0.545089949219,-1.318937679952,0.323537236959,-11.086022,-10.882713,training
2013-02-18,-2.536427,-0.566762946671,0.428145496075,-0.494564918023,-11.480726,-11.766511,training
2013-02-19,0.671099,-0.588435944122,-1.005022931411,0.950960347189,-11.875429,-11.613254,training
2013-02-20,-12.113135,-0.610108941575,-0.105580850416,-0.733520389961,-12.270133,-12.525705,training
2013-02-21,-0.000000,-0.631781939025,-0.466219551763,1.276617362134,-12.664837,-12.446541,training
2013-02-23,7.230744,-0.675127933931,0.078953276782,1.225980471856,-13.454244,-13.359070,training
2013-02-24,-0.540366,-0.696800931381,-1.306643637226,-0.138921501009,-13.848948,-13.797647,training
2013-02-25,0.672930,-0.718473928834,0.409579241920,0.866139253670,-14.243652,-14.297514,training
2013-02-26,6.500585,-0.740146926285,-1.553446154112,0.566921859818,-14.638355,-14.411906,training
2013-02-27,19.794636,-0.761819923737,0.385486275220,0.380551655574,-15.033059,-15.198794,training
2013-02-28,19.724655,-0.783492921188,-1.424058153732,1.283644898179,-15.427763,-15.091000,training
2013-03-01,14.061906,-0.805165918641,0.000000000000,0.000000000000,-15.822466,-16.013817,training
2013-03-02,7.338071,-0.786064158118,-1.527495094077,1.027557591828,-15.474589,-15.173446,training
2013-03-03,5.356248,-0.766962397595,0.423520844880,1.076371629412,-15.126712,-15.156627,training
2013-03-04,11.257000,-0.747860637071,-1.010172908791,-0.140404413441,-14.778836,-14.798833,training
2013-03-05,8.162708,-0.728758876548,-0.460869616243,1.663697010565,-14.430959,-14.167678,training
2013-03-06,6.299319,-0.709657116025,0.273414183578,-0.141046278608,-14.083082,-14.318588,training
2013-03-07,-1.934021,-0.690555355502,-1.273780358835,0.856501374613,-13.735205,-13.480933,training
2013-03-08,11.300000,-0.671453594979,0.675397950570,0.941166322891,-13.387328,-13.456344,training
2013-03-09,15.937776,-0.652351834454,-0.735631188021,-0.303448180831,-13.039451,-13.108371,training
2013-03-10,12.990616,-0.633250073931,-0.221061490519,1.509721983721,-12.691574,-12.469139,training
2013-03-11,7.583020,-0.614148313409,0.546603212805,-0.281816004953,-12.343697,-12.623262,training
2013-03-12,9.707555,-0.595046552886,-1.019720573829,0.685355066903,-11.995820,-11.788500,training
2013-03-13,22.015903,-0.575944792363,0.926943444377,0.805829832545,-11.647943,-11.756030,training
2013-03-14,14.181232,-0.556843031838,-0.460899433907,-0.466190181813,-11.300066,-11.417881,training
2013-03-15,2.328987,-0.537741271315,0.018771612624,1.355391215729,-10.952189,-10.770678,training
2013-03-16,-12.264164,-0.518639510792,0.819561905563,-0.422313480039,-10.604313,-10.927838,training
2013-03-17,19.685442,-0.499537750270,-0.765314099365,0.514125200496,-10.256436,-10.096146,training
2013-03-18,14.923554,-0.480435989747,1.178159862636,0.670355919785,-9.908559,-10.055685,training
2013-03-19,5.583314,-0.461334229224,-0.185983378090,-0.628626882077,-9.560682,-9.727359,training
2013-03-20,20.600000,-0.442232468699,0.258636406358,1.200705241680,-9.212805,-9.072296,training
2013-03-21,15.567013,-0.423130708176,1.092285161877,-0.562543101962,-8.864928,-9.232316,training
2013-03-22,16.437213,-0.404028947653,-0.510559419383,0.342818336988,-8.517051,-8.403870,training
2013-03-23,5.802370,-0.384927187131,1.429049859032,0.534738395033,-8.169174,-8.355312,training
2013-03-24,18.352591,-0.365825426608,0.089111180154,-0.790754855066,-7.821297,-8.036806,training
2013-03-25,11.880888,-0.346723666083,0.498539592552,1.045664723338,-7.473420,-7.373995,training
2013-03-26,12.253195,-0.327621905560,1.364767965732,-0.702509364337,-7.125543,-7.536696,training
2013-03-27,6.761045,-0.308520145037,-0.255455141998,0.171441065436,-6.777666,-6.711671,training
2013-03-28,3.523804,-0.289418384514,1.679616203664,0.398971119916,-6.429790,-6.654912,training
2013-03-29,1.744303,-0.270316623992,0.364378379799,-0.952570785457,-6.081913,-6.346218,training
2013-03-30,4.354023,-0.251214863467,0.738487859385,0.890270448904,-5.734036,-5.675776,training
2013-03-31,0.413395,-0.232113102944,1.637005386863,-0.842216854698,-5.386159,-5.840980,training
2013-04-01,-2.899138,-0.213011342421,0.000000000000,0.000000000000,-5.038282,-5.019548,training
2013-04-02,9.788124,-0.220765853079,1.911219065140,0.004046568996,-5.179505,-5.503551,training
2013-04-03,4.749476,-0.228520363737,-0.000062792665,-0.686305239366,-5.320729,-5.449939,training
2013-04-05,13.900000,-0.244029385053,0.387310742489,-1.150587817062,-5.603175,-5.903346,training
2013-04-07,7.636753,-0.259538406369,0.935779228831,-1.198397842111,-5.885622,-6.299039,training
2013-04-09,23.012098,-0.275047427685,1.347065409297,-0.821258475628,-6.168069,-6.582061,training
2013-04-10,16.741732,-0.282801938343,-0.522839628345,-0.055670800548,-6.309292,-6.233625,training
2013-04-11,10.690764,-0.290556449001,1.384149874327,-0.200451206926,-6.450516,-6.747765,training
2013-04-12,6.471703,-0.298310959659,-0.572871485327,-0.749115839553,-6.591739,-6.656586,training
2013-04-13,-4.799959,-0.306065470317,0.977110504869,0.373934191432,-6.732963,-6.843895,training
2013-04-14,4.530116,-0.313819980975,-0.219813436303,-1.250416406651,-6.874186,-7.111557,training
2013-04-15,8.920062,-0.321574491633,0.254345730207,0.632537324748,-7.015409,-6.949261,training
2013-04-16,5.080593,-0.329329002291,0.325316494497,-1.348592473579,-7.156633,-7.517109,training
2013-04-17,4.416730,-0.337083512949,-0.514760937790,0.447008271288,-7.297856,-7.138548,training
2013-04-19,16.664801,-0.352592534265,-1.040132322588,-0.112678612683,-7.580303,-7.448969,training
2013-04-20,14.523524,-0.360347044923,0.851405806073,-0.405542147198,-7.721526,-7.991090,training
2013-04-21,15.950000,-0.368101555581,-1.140529619438,-0.809471276911,-7.862750,-7.863642,training
2013-04-23,17.433407,-0.383610576897,-0.824483379806,-1.345093995652,-8.145196,-8.319136,training
2013-04-24,13.349009,-0.391365087555,-0.208628803249,0.492145749166,-8.286420,-8.191600,training
2013-04-25,16.500000,-0.399119598213,-0.286484250274,-1.493240411799,-8.427643,-8.733788,training
2013-04-26,14.532965,-0.406874108871,-0.987710540014,0.356097824743,-8.568866,-8.368838,training
2013-04-27,9.665994,-0.414628619529,0.179865533841,-1.200629137475,-8.710090,-9.044175,training
2013-04-28,5.613141,-0.422383130187,-1.551994828946,-0.171438320206,-8.851313,-8.665645,training
2013-04-29,4.384062,-0.430137640845,0.312958276507,-0.610796203892,-8.992537,-9.233432,training
2013-04-30,3.465470,-0.437892151503,-1.702866566422,-0.867767334392,-9.133760,-9.071220,training
2013-05-03,19.827514,-0.447859505467,-1.111305804065,-1.462603708533,-9.315283,-9.485253,training
2013-05-04,14.642776,-0.448965927121,-1.799984205949,-0.467427645310,-9.335433,-9.176404,training
2013-05-05,7.200000,-0.450072348774,-1.100458235751,0.522488174767,-9.355583,-9.116234,training
2013-05-06,16.437213,-0.451178770427,0.018701382748,0.189132833868,-9.375733,-9.405574,training
2013-05-07,17.726540,-0.452285192080,0.006382545972,-0.948520629305,-9.395883,-9.660058,training
2013-05-08,21.100000,-0.453391613733,-1.117792314196,-1.254960983780,-9.416033,-9.543709,training
2013-05-09,17.219848,-0.454498035386,-1.790706262319,-0.248578976509,-9.436183,-9.235345,training
2013-05-10,11.147586,-0.455604457039,-1.075689260301,0.729755893835,-9.456333,-9.180342,training
2013-05-12,13.698018,-0.457817300346,0.005526819066,-0.759153154037,-9.496632,-9.723311,training
2013-05-13,-7.291577,-0.458923721999,-1.124191196485,-1.047063427780,-9.516782,-9.602127,training
2013-05-14,6.652062,-0.460030143652,-1.781158897682,-0.029735752136,-9.536932,-9.294335,training
2013-05-16,6.664587,-0.462242986958,0.055442714991,0.566933717548,-9.577232,-9.539132,training
2013-05-17,2.651735,-0.463349408611,0.004457939709,-0.569620805020,-9.597382,-9.786492,training
2013-05-18,13.061727,-0.464455830264,-1.130498309899,-0.838912502890,-9.617532,-9.660509,training
2013-05-19,5.443031,-0.465562251918,-1.771342236014,0.189097637901,-9.637682,-9.353376,training
2013-05-20,13.847106,-0.466668673571,-1.025923866245,1.143515583068,-9.657832,-9.308760,training
2013-05-22,13.400000,-0.468881516877,0.003178622656,-0.379920130181,-9.698131,-9.849601,training
2013-05-23,14.843301,-0.469987938530,-1.136709507707,-0.630509749650,-9.718281,-9.718856,training
2013-05-25,8.075424,-0.472200781836,-1.000935963991,1.350005157203,-9.758581,-9.373069,training
2013-05-26,6.546827,-0.473307203489,0.091285505644,0.944139331650,-9.778731,-9.672654,training
2013-05-27,20.863998,-0.474413625143,0.001691700148,-0.190047648536,-9.798881,-9.912636,training
2013-05-28,7.670699,-0.475520046796,-1.142820669028,-0.421856776462,-9.819031,-9.777169,training
2013-05-29,6.471703,-0.476626468449,-1.750901894498,0.626717082190,-9.839181,-9.471611,training
2013-05-30,16.935310,-0.477732890102,-0.975883602932,1.556233077624,-9.859331,-9.437443,training
2013-05-31,8.429509,-0.478839311755,0.108863961144,1.132528196036,-9.879480,-9.739398,training
2013-06-01,14.673636,-0.479945733408,0.000000000000,0.000000000000,-9.899630,-9.975599,training
2013-06-03,20.779444,-0.455898146792,-0.643887337626,-0.420307190114,-9.461681,-9.501522,training
2013-06-04,10.758903,-0.443874353484,-0.487135066023,1.495046726698,-9.242707,-8.908676,training
2013-06-05,14.524223,-0.431850560175,-1.343028121244,-0.318746124557,-9.023732,-8.909268,training
2013-06-06,6.295941,-0.419826766867,0.095697155065,0.976594808432,-8.804757,-8.673757,training
2013-06-08,11.128328,-0.395779180251,0.235123602574,0.177446008230,-8.366808,-8.418019,training
2013-06-09,19.203751,-0.383755386943,-1.603090190374,0.829891800577,-8.147834,-7.731505,training
2013-06-12,17.726540,-0.347684007018,-0.837893905233,-0.819195414132,-7.490910,-7.540553,training
2013-06-13,18.429602,-0.335660213710,-0.306036530711,1.029097249720,-7.271935,-7.028527,training
2013-06-14,28.192310,-0.323636420402,-1.487273431844,-0.586321127845,-7.052961,-6.929917,training
2013-06-16,17.219848,-0.299588833785,-1.749417707013,0.000739944772,-6.615011,-6.314829,training
2013-06-17,15.400000,-0.287565040477,0.182506659428,-0.406427321657,-6.396037,-6.520664,training
2013-06-18,13.061727,-0.275541247169,-1.486776911604,0.587579050978,-6.177062,-5.793382,training
2013-06-19,7.583020,-0.263517453861,-0.306906968011,-1.028837995263,-5.958088,-6.116087,training
2013-06-20,16.935310,-0.251493660552,-0.837200621416,0.819903922702,-5.739113,-5.414531,training
2013-06-21,22.514000,-0.239469867244,-1.028573085236,-1.180655213157,-5.520139,-5.572408,training
2013-06-22,6.717047,-0.227446073936,-0.141596401350,0.529466086074,-5.301164,-5.152398,training
2013-06-23,19.000000,-0.215422280628,-1.603791649225,-0.828535397562,-5.082189,-4.950248,training
2013-06-25,15.839496,-0.191374694011,-1.730716113390,-0.203593626043,-4.644240,-4.351413,training
2013-06-27,17.931505,-0.167327107395,-1.342758003004,0.319882121634,-4.206291,-3.865469,training
2013-06-28,19.500000,-0.155303314087,-0.488399600327,-1.494634108388,-3.987316,-4.171237,training
2013-06-29,12.704020,-0.143279520778,-0.643531555734,0.420851724947,-3.768342,-3.522739,training
2013-06-30,14.875258,-0.131255727470,-1.208766223627,-1.506031755165,-3.549367,-3.598644,training
2013-07-01,10.694432,-0.119231934162,0.000000000000,0.000000000000,-3.330393,-3.278387,training
2013-07-02,12.597678,-0.109510695052,-1.706924443279,-0.726780118671,-3.153352,-2.944320,training
2013-07-03,16.935310,-0.099789455942,0.154638267217,-1.243210698400,-2.976311,-3.203036,training
2013-07-04,13.196424,-0.090068216830,-0.923098592512,0.274778918120,-2.799270,-2.515247,training
2013-07-05,12.460443,-0.080346977720,-0.940862085017,-1.621144756469,-2.622229,-2.725118,training
2013-07-07,12.850912,-0.060904499500,-1.496131680524,-0.577916979406,-2.268147,-2.048567,training
2013-07-08,18.711347,-0.051183260389,0.244688086823,-1.411980830242,-2.091106,-2.351678,training
2013-07-09,20.914379,-0.041462021278,-0.542156272362,0.281654185851,-1.914065,-1.679312,training
2013-07-10,2.883581,-0.031740782168,-0.897239847410,-1.573221770806,-1.737024,-1.820502,training
2013-07-11,8.920062,-0.022019543058,0.595455005184,-0.368022176512,-1.559983,-1.656077,training
2013-07-12,8.432096,-0.012298303948,-1.253273347379,-0.432955826892,-1.382942,-1.159342,training
2013-07-13,10.143520,-0.002577064837,0.311897022426,-1.557909764150,-1.205901,-1.491505,training
2013-07-14,14.001420,0.007144174274,-0.157312406156,0.256463829566,-1.028860,-0.850728,training
2013-07-15,11.506049,0.016865413384,-0.836920417999,-1.497646839624,-0.851819,-0.913124,training
2013-07-16,9.207133,0.026586652494,0.849162115961,-0.571859052402,-0.674778,-0.841187,training
2013-07-17,10.260805,0.036307891604,-0.979565795022,-0.297573399717,-0.497737,-0.277608,training
2013-07-18,16.437213,0.046029130715,0.360722568996,-1.677277875165,-0.320696,-0.622541,training
2013-07-20,10.043044,0.065471608936,-0.755223756231,-1.397855380165,0.033386,-0.004531,training
2013-07-21,19.575458,0.075192848046,1.071108132832,-0.781583136379,0.210427,-0.021853,training
2013-07-22,18.268184,0.084914087157,-0.677221869503,-0.177137023432,0.387468,0.595917,training
2013-07-23,17.726540,0.094635326267,0.396216043751,-1.767223508952,0.564509,0.254909,training
2013-07-24,19.604872,0.104356565377,0.600930245174,0.110205918640,0.741550,0.788579,training
2013-07-25,18.218943,0.114077804488,-0.648160351261,-1.278065054627,0.918591,0.903688,training
2013-07-26,14.900000,0.123799043598,1.260752216558,-0.991414085535,1.095632,0.803219,training
2013-07-28,17.290574,0.143241521819,0.423859417962,-1.825835419268,1.449714,1.140262,training
2013-07-29,19.593136,0.152962760929,0.963093162900,-0.008125571725,1.626755,1.601874,training
2013-07-30,23.609814,0.162684000040,-0.512560091572,-1.143139530780,1.803796,1.809959,training
2013-07-31,18.954138,0.172405239150,1.418596948494,-1.195568104995,1.980837,1.635142,training
2013-08-01,13.522725,0.182126478261,0.000000000000,0.000000000000,2.157878,2.316800,training
2013-08-02,3.523804,0.174132646303,0.420447628970,-1.808017327047,2.012296,1.718111,training
2013-08-04,14.149976,0.158144982388,-0.428814545737,-0.861615712753,1.721133,1.769183,training
2013-08-05,5.897895,0.150151150430,1.433487809607,-1.217902483112,1.575551,1.214668,training
2013-08-06,13.688828,0.142157318473,0.237024148045,0.271924620704,1.429969,1.588879,training
2013-08-08,16.424504,0.126169654557,1.443297390876,-0.022289239633,1.138805,1.015834,training
2013-08-09,13.503986,0.118175822600,-0.365765131940,-0.484688888865,0.993223,1.094086,training
2013-08-10,19.068572,0.110181990642,1.390303697243,-1.179520088475,0.847642,0.488247,training
2013-08-11,8.273876,0.102188158685,0.486523155162,0.510892369234,0.702060,0.851893,training
2013-08-12,-3.088204,0.094194326727,0.200756624924,-1.317536553930,0.556478,0.374921,training
2013-08-13,16.511970,0.086200494769,1.602888769078,0.002873047006,0.410896,0.250504,training
2013-08-14,16.516213,0.078206662812,-0.267551507528,-0.110054623428,0.265314,0.412242,training
2013-08-15,8.319337,0.070212830854,1.320884505644,-1.117611152447,0.119732,-0.228611,training
2013-08-16,12.122035,0.062218998896,0.742117862569,0.715152482289,-0.025850,0.106615,training
2013-08-17,12.007411,0.054225166939,0.112834757382,-1.024426821396,-0.171431,-0.290647,training
2013-08-18,4.639927,0.046231334981,1.730201553736,0.013897797399,-0.317013,-0.512004,training
2013-08-19,10.513119,0.038237503023,-0.135221705843,0.255755585643,-0.462595,-0.277519,training
2013-08-20,15.223020,0.030243671066,1.230089391781,-1.027687086940,-0.608177,-0.935842,training
2013-08-21,19.550000,0.022249839108,0.997214308139,0.884177254308,-0.753759,-0.645888,training
2013-08-22,16.794974,0.014256007150,0.047072430186,-0.703917594443,-0.899341,-0.954481,training
2013-08-23,12.823713,0.006262175193,1.823162290477,0.017066700529,-1.044922,-1.270015,training
2013-08-24,13.712670,-0.001731656765,0.028974025265,0.606521192203,-1.190504,-0.976086,training
2013-08-25,16.987934,-0.009725488722,1.123530775845,-0.906246525202,-1.336086,-1.633720,training
2013-08-26,9.334970,-0.017719320680,1.245236085731,1.018680632882,-1.481668,-1.404294,training
2013-08-27,15.699233,-0.025713152638,0.008199935509,-0.360633064429,-1.627250,-1.618384,training
2013-08-28,3.250128,-0.033706984595,1.880908052071,0.018938276513,-1.772832,-2.022015,training
2013-08-29,8.079079,-0.041700816553,0.221662518104,0.936551802714,-1.918414,-1.684039,training
2013-08-30,9.550302,-0.049694648511,1.007376566669,-0.750898705935,-2.063995,-2.322848,training
2013-09-01,19.377607,-0.065682312426,0.000000000000,0.000000000000,-2.355159,-2.284155,training
2013-09-02,8.739141,-0.078887456331,1.912532284767,0.294703358429,-2.595648,-2.809262,training
2013-09-03,9.656908,-0.092092600236,-0.030891768374,0.777984672807,-2.836137,-2.607510,training
2013-09-04,12.881004,-0.105297744142,1.543633866526,-0.328699709845,-3.076626,-3.363214,training
2013-09-05,15.358221,-0.118502888047,0.428742321982,1.334272232794,-3.317115,-3.064368,training
2013-09-06,9.405625,-0.131708031952,0.799736148008,-0.565915320133,-3.557605,-3.770124,training
2013-09-07,13.017962,-0.144913175858,1.095561068744,1.393730097548,-3.798094,-3.661303,training
2013-09-08,20.921709,-0.158118319763,0.045357241557,-0.264934523321,-4.038583,-4.063454,training
2013-09-09,14.875258,-0.171323463668,1.574696088905,0.948668342581,-4.279072,-4.329485,training
2013-09-10,13.909332,-0.184528607573,-0.349342733197,0.436541334644,-4.519561,-4.337804,training
2013-09-11,12.680864,-0.197733751479,1.572308859733,0.262979175808,-4.760050,-4.961734,training
2013-09-12,13.794359,-0.210938895384,-0.207818270276,1.185225034696,-5.000539,-4.697992,training
2013-09-13,15.748969,-0.224144039289,1.053763541925,-0.269915830571,-5.241028,-5.470209,training
2013-09-14,8.718799,-0.237349183195,0.357827349338,1.602417449252,-5.481517,-5.202629,training
2013-09-15,10.241278,-0.250554327100,0.262271398431,-0.338843965005,-5.722006,-5.833701,training
2013-09-17,16.547101,-0.276964614911,-0.412029452918,0.117614833175,-6.202984,-6.109041,training
2013-09-19,8.947368,-0.303374902721,-0.642084785927,0.878065649917,-6.683963,-6.400514,training
2013-09-20,13.234863,-0.316580046626,1.177602839366,0.247383041149,-6.924452,-7.101140,training
2013-09-21,12.704020,-0.329785190532,-0.339977051086,1.557475136892,-7.164941,-6.803721,training
2013-09-22,16.200088,-0.342990334437,0.535082564583,-0.162158352144,-7.405430,-7.561901,training
2013-09-23,16.686261,-0.356195478342,0.295748743264,1.814434368470,-7.645919,-7.354116,training
2013-09-24,22.600000,-0.369400622248,-0.262823331405,-0.056315872351,-7.886408,-7.887972,training
2013-09-25,12.300000,-0.382605766153,0.886961502393,1.534938739309,-8.126897,-8.007921,training
2013-09-28,5.613404,-0.422221197869,-0.878654852370,1.311035721689,-8.848364,-8.475018,training
2013-09-29,17.044726,-0.435426341774,0.733779081505,0.260351132171,-9.088853,-9.225858,training
2013-09-30,19.203751,-0.448631485680,-0.436921082515,1.885133888454,-9.329342,-8.924986,training
2013-10-01,12.704020,-0.461836629585,0.000000000000,0.000000000000,-9.569831,-9.639376,training
2013-10-02,7.670699,-0.461387764903,0.493923677738,1.791538144901,-9.561657,-9.347271,training
2013-10-03,10.461359,-0.460938900221,-1.071848730970,0.668722224624,-9.553482,-9.292738,training
2013-10-04,16.722310,-0.460490035540,0.785707918425,0.554184911154,-9.545308,-9.639476,training
2013-10-05,9.661455,-0.460041170858,-0.667305760516,1.772288468342,-9.537133,-9.119158,training
2013-10-06,5.871596,-0.459592306176,-0.350269670651,-0.108435398140,-9.528958,-9.557743,training
2013-10-07,7.909033,-0.459143441494,0.500613077716,1.539412022874,-9.520784,-9.359128,training
2013-10-08,13.688828,-0.458694576813,-1.256013249653,0.750724197745,-9.512609,-9.201202,training
2013-10-09,13.397802,-0.458245712131,0.543981895759,0.255722069171,-9.504434,-9.616646,training
2013-10-10,-2.413710,-0.457796847449,-0.627879617877,1.736542702659,-9.496260,-9.091940,training
2013-10-11,-3.088204,-0.457347982768,-0.694332827340,-0.175847542475,-9.488085,-9.468702,training
2013-10-12,8.027690,-0.456899118086,0.476987515094,1.258958684061,-9.479911,-9.371457,training
2013-10-13,13.426369,-0.456450253404,-1.398828402413,0.836140567761,-9.471736,-9.116332,training
2013-10-14,20.969898,-0.456001388722,0.267704996814,-0.019769810345,-9.463561,-9.582885,training
2013-10-15,16.015989,-0.455552524041,-0.575601971973,1.661347386508,-9.455387,-9.075203,training
2013-10-16,15.358221,-0.455103659359,-1.024005599242,-0.204345100933,-9.447212,-9.374150,training
2013-10-17,18.465145,-0.454654794677,0.417935873760,0.956908560407,-9.439037,-9.381951,training
2013-10-18,12.903779,-0.454205929996,-1.500460117679,0.916521796823,-9.430863,-9.039852,training
2013-10-19,10.541370,-0.453757065314,-0.037751366629,-0.265766147276,-9.422688,-9.537797,training
2013-10-21,12.253195,-0.452859335950,-1.331701174000,-0.197651311392,-9.406339,-9.276213,training
2013-10-22,12.037753,-0.452410471269,0.319816869054,0.640888136562,-9.398164,-9.388378,training
2013-10-23,22.749059,-0.451961606587,-1.562783028703,0.983627255570,-9.389990,-8.973138,training
2013-10-24,22.100000,-0.451512741905,-0.365805122210,-0.476966133115,-9.381815,-9.481457,training
2013-10-25,16.011547,-0.451063877223,-0.465724048320,1.387175985663,-9.373641,-9.068369,training
2013-10-26,7.172602,-0.450615012542,-1.610744575298,-0.160949504182,-9.365466,-9.177158,training
2013-10-27,10.148680,-0.450166147860,0.180610125019,0.319103526287,-9.357291,-9.388672,training
2013-10-28,11.600000,-0.449717283178,-1.589302694849,1.029767127646,-9.349117,-8.917162,training
2013-10-29,13.331744,-0.449268418497,-0.708936631238,-0.649512664784,-9.340942,-9.414404,training
2013-10-30,-0.173648,-0.448819553815,-0.424865302310,1.189764090348,-9.332767,-9.074963,training
2013-10-31,9.949036,-0.448370689133,-1.855649608288,-0.100668045203,-9.324593,-9.079297,training
2013-11-01,11.620731,-0.447921824451,0.000000000000,0.000000000000,-9.316418,-9.381026,training
2013-11-02,14.410294,-0.432786667897,-0.495066312738,-0.640251880512,-9.040780,-9.144617,training
2013-11-03,8.153870,-0.417651511344,-1.284254545220,-0.724534498715,-8.765142,-8.740351,training
2013-11-04,8.739141,-0.402516354789,-1.870287625267,-0.213554562797,-8.489504,-8.248761,training
2013-11-05,6.668396,-0.387381198236,-1.883667927569,0.557575945761,-8.213866,-7.805306,training
2013-11-06,10.800000,-0.372246041681,-1.315082122324,1.090116903060,-7.938228,-7.515169,training
2013-11-07,5.912555,-0.357110885128,-0.521259024450,1.035394983694,-7.662590,-7.387099,training
2013-11-08,5.091169,-0.341975728573,-0.000596010217,0.414110540850,-7.386952,-7.327910,training
2013-11-09,7.618114,-0.326840572020,-0.079679655951,-0.396682392991,-7.111314,-7.201091,training
2013-11-10,3.977769,-0.311705415466,-0.707870875693,-0.900733747536,-6.835676,-6.912669,training
2013-11-11,11.414062,-0.296570258912,-1.489155627236,-0.794726174744,-6.560038,-6.470314,training
2013-11-12,18.465145,-0.281435102358,-1.931227929814,-0.159054143292,-6.284400,-5.978518,training
2013-11-13,20.865206,-0.266299945805,-1.755137891471,0.592742151649,-6.008762,-5.572869,training
2013-11-14,18.816677,-0.251164789250,-1.070744277578,0.974083321931,-5.733124,-5.334770,training
2013-11-15,14.673636,-0.236029632697,-0.307616122188,0.731396931704,-5.457486,-5.240241,training
2013-11-16,18.759854,-0.220894476142,0.055155547877,0.003608274976,-5.181848,-5.174998,training
2013-11-17,23.375405,-0.205759319588,-0.209706150818,-0.765240145734,-4.906210,-5.006339,training
2013-11-18,14.875258,-0.190624163034,-0.934712348545,-1.105280259256,-4.630572,-4.666607,training
2013-11-19,17.965752,-0.175489006480,-1.662954864260,-0.816353719811,-4.354934,-4.195744,training
2013-11-20,11.558219,-0.160353849927,-1.935489889546,-0.093906468668,-4.079296,-3.716174,training
2013-11-21,6.784297,-0.145218693372,-1.580002269582,0.593941918936,-3.803658,-3.355794,training
2013-11-23,9.927173,-0.114948380264,-0.130681269103,0.382920584964,-3.252382,-3.096068,training
2013-11-24,8.827258,-0.099813223711,0.053360378851,-0.410658696777,-2.976744,-3.012605,training
2013-11-25,3.852740,-0.084678067157,-0.381922567892,-1.094481107632,-2.701105,-2.795902,training
2013-11-26,5.309263,-0.069542910603,-1.161850552619,-1.252157795235,-2.425467,-2.408521,training
2013-11-27,1.962224,-0.054407754049,-1.794970966886,-0.798232437750,-2.149829,-1.920376,training
2013-11-28,10.618527,-0.039272597496,-1.882169428243,-0.031931111864,-1.874191,-1.464758,training
2013-11-29,17.215752,-0.024137440941,-1.367702835105,0.551043493382,-1.598553,-1.154501,training
2013-11-30,14.875258,-0.009002284388,-0.574260369692,0.570296547693,-1.322915,-1.011008,training
2013-12-01,8.149802,0.006132872167,0.000000000000,0.000000000000,-1.047277,-0.950795,training
2013-12-02,6.235383,0.011651798345,-1.838838141208,-0.156468444205,-0.946768,-0.552846,training
2013-12-03,7.884878,0.017170724524,-0.119609495970,-1.075248410822,-0.846258,-0.947713,training
2013-12-04,12.820639,0.022689650703,-0.878916514620,0.670144867669,-0.745749,-0.347537,training
2013-12-05,18.798820,0.028208576881,-1.134434510824,-1.188231371721,-0.645240,-0.585234,training
2013-12-06,15.079330,0.033727503060,0.262967291916,0.195122521438,-0.544730,-0.444857,training
2013-12-07,18.950127,0.039246429238,-1.552245943335,-0.130342689842,-0.444221,-0.086200,training
2013-12-08,12.850912,0.044765355417,0.244495456563,-0.897103525002,-0.343711,-0.463337,training
2013-12-09,9.331374,0.050284281596,-0.665465357426,0.768155632037,-0.243202,0.147074,training
2013-12-10,8.075424,0.055803207775,-0.751602750009,-1.110914920118,-0.142692,-0.125127,training
2013-12-11,15.871136,0.061322133953,0.518869757894,0.386487197824,-0.042183,0.061560,training
2013-12-12,9.361721,0.066841060132,-1.257710736266,-0.105187383767,0.058326,0.378828,training
2013-12-13,14.941113,0.072359986310,0.602648130414,-0.713610411114,0.158836,0.023210,training
2013-12-14,20.778365,0.077878912489,-0.450202539321,0.858372100434,0.259345,0.639745,training
2013-12-15,15.400000,0.083397838668,-0.365787683480,-1.026173305084,0.359855,0.335989,training
2013-12-16,15.815498,0.088916764846,0.768071483566,0.573477717799,0.460364,0.568265,training
2013-12-17,14.400000,0.094435691025,-0.955177576370,-0.080288817900,0.560874,0.842376,training
2013-12-19,7.615487,0.105473543382,-0.232438772590,0.940987357094,0.761892,1.130392,training
2013-12-21,2.638452,0.116511395739,1.010990174368,0.755512772330,0.962911,1.075061,training
2013-12-22,12.704020,0.122030321918,-0.644655520214,-0.054931229700,1.063421,1.304595,training
2013-12-23,9.532305,0.127549248096,1.299331394798,-0.332831158479,1.163930,1.002667,training
2013-12-24,4.803166,0.133068174275,-0.011504784349,1.016255310884,1.264440,1.618948,training
2013-12-25,2.064875,0.138587100454,0.412071961680,-0.833528320604,1.364949,1.261918,training
2013-12-26,10.773441,0.144106026632,1.248093813040,0.932050706369,1.465458,1.581754,training
2013-12-27,11.639406,0.149624952811,-0.326217552092,-0.028402529764,1.565968,1.765644,training
2013-12-29,9.678834,0.160662805168,0.213243332030,1.084488665075,1.766987,2.105364,training
2013-12-30,7.101408,0.166181731347,0.802715722453,-0.725336504962,1.867496,1.727040,training
2014-01-02,10.148680,0.169183384175,1.844545259809,0.021005741535,1.922161,1.751874,training
2014-01-04,17.367874,0.153110985116,0.821392403376,-0.728476208137,1.629455,1.480379,training
2014-01-06,13.847106,0.137038586057,-0.281637017559,-0.160011169096,1.336748,1.496691,training
2014-01-07,2.925240,0.129002386528,1.553518697798,0.015920138249,1.190394,1.056701,training
2014-01-08,13.503986,0.120966186999,-0.172292004269,0.931438347441,1.044041,1.405328,training
2014-01-09,18.816677,0.112929987469,0.591556155174,-0.804282656983,0.897687,0.759613,training
2014-01-10,16.486458,0.104893787939,0.840901304317,1.060379271965,0.751334,0.952978,training
2014-01-12,9.762708,0.088821388881,1.256006843174,0.012181483210,0.458627,0.362964,training
2014-01-13,14.554844,0.080785189352,-0.540109483491,0.789326235279,0.312274,0.695408,training
2014-01-14,9.413946,0.072748989822,0.360782885334,-0.873532027187,0.165920,0.040375,training
2014-01-15,12.833595,0.064712790292,0.456097910038,1.010230039219,0.019567,0.265176,training
2014-01-16,13.176002,0.056676590763,-0.826898694669,-0.471676871510,-0.126787,0.037202,training
2014-01-17,14.289419,0.048640391234,0.951921642208,0.009257940274,-0.273140,-0.329432,training
2014-01-19,12.388601,0.032567992175,0.128542483629,-0.936322232340,-0.565847,-0.677260,training
2014-01-20,17.234136,0.024531792646,0.068784311173,0.953951192878,-0.712200,-0.423450,training
2014-01-21,22.236906,0.016495593116,-1.091029070026,-0.622380227024,-0.858554,-0.692993,training
2014-01-22,19.600560,0.008459393587,0.641218580992,0.006612274252,-1.004907,-1.020589,training
2014-01-23,17.584161,0.000423194058,-1.260663833054,0.492184827118,-1.151261,-0.729802,training
2014-01-24,17.803753,-0.007613005472,-0.105685440219,-0.992793968944,-1.297614,-1.393230,training
2014-01-25,18.352591,-0.015649205001,-0.320532726946,0.891358906824,-1.443968,-1.113030,training
2014-01-26,13.378073,-0.023685404531,-1.349892374635,-0.769067209100,-1.590321,-1.423295,training
2014-01-27,13.598058,-0.031721604060,0.323896980283,0.003705409382,-1.736674,-1.710620,training
2014-01-28,12.460443,-0.039757803589,-1.612745334607,0.338010504479,-1.883028,-1.445032,training
2014-01-29,12.614941,-0.047794003118,-0.342408113894,-1.043129785636,-2.029381,-2.107481,training
2014-01-30,17.892832,-0.055830202648,-0.711333168834,0.822311173216,-2.175735,-1.803684,training
2014-01-31,11.620731,-0.063866402178,-1.603832658298,-0.911322808249,-2.322088,-2.153554,training
2014-02-01,7.910839,-0.071902601707,0.000000000000,0.000000000000,-2.468442,-2.399645,training
2014-02-02,9.863772,-0.060243421070,-1.770388743631,-0.700514460692,-2.256107,-2.012826,training
2014-02-03,16.201366,-0.048584240435,-0.188124951310,0.575340800078,-2.043773,-1.813729,training
2014-02-04,12.900982,-0.036925059798,-1.136008036500,-1.105943279961,-1.831439,-1.777180,training
2014-02-06,17.579973,-0.013606698526,-0.346512748041,-1.119998873361,-1.406770,-1.487964,training
2014-02-07,21.920281,-0.001947517890,-1.131518719664,0.665728969697,-1.194436,-0.760829,training
2014-02-08,21.620532,0.009711662747,0.325242885064,-0.729862793384,-0.982101,-1.093852,training
2014-02-09,13.769804,0.021370843383,-1.370594563300,0.156526055049,-0.769767,-0.390941,training
2014-02-10,14.218587,0.033030024019,0.655971977208,-0.092877703629,-0.557433,-0.587679,training
2014-02-11,12.704020,0.044689204655,-1.207006275879,-0.475539112591,-0.345098,-0.118371,training
2014-02-12,13.080403,0.056348385291,0.565956793132,0.529692487650,-0.132764,-0.009459,training
2014-02-13,10.224358,0.068007565928,-0.650106796273,-0.957471534400,0.079571,0.115214,training
2014-02-15,15.973465,0.091325927200,0.125170412268,-1.079480766106,0.504239,0.384558,training
2014-02-16,13.847106,0.102985107837,-0.350538830336,0.824310249445,0.716574,1.081035,training
2014-02-18,10.431999,0.126303469109,-0.672150175914,0.386128688632,1.141242,1.480385,training
2014-02-19,21.517805,0.137962649745,1.283798018031,-0.186719700390,1.353577,1.229106,training
2014-02-20,14.540616,0.149621830381,-0.617313024070,-0.240520545956,1.565911,1.773475,training
2014-02-21,12.575456,0.161281011017,1.298409025987,0.466008437791,1.778245,1.794926,training
2014-02-22,12.060413,0.172940191654,-0.149597049134,-0.784922514865,1.990580,2.010000,training
2014-02-23,12.299048,0.184599372290,0.949154997456,0.906991987203,2.202914,2.381691,training
2014-02-25,7.722739,0.207917733562,0.442585063606,0.957481949483,2.627583,2.915460,training
2014-02-26,5.826094,0.219576914198,1.358940181434,-0.816643362043,2.839917,2.600249,training
2014-02-27,3.240707,0.231236094835,0.051476955621,0.603123666075,3.052251,3.344603,training
2014-02-28,3.970584,0.242895275470,1.883713197906,-0.276805710286,3.264586,3.051648,training
2014-03-02,6.873343,0.240021861209,1.768499331801,-0.519631962862,3.212256,2.968445,training
2014-03-03,7.930193,0.225489266311,0.511237359634,0.972004119562,2.947591,3.232473,training
2014-03-04,9.888619,0.210956671411,0.564016644335,-0.925197729664,2.682927,2.559444,training
2014-03-05,14.744022,0.196424076513,1.502945860760,0.701116977082,2.418263,2.459733,training
2014-03-06,11.974817,0.181891481615,-0.315461416907,-0.038477460015,2.153598,2.360713,training
2014-03-07,14.289419,0.167358886716,1.483372765213,-0.437491744759,1.888934,1.687246,training
2014-03-08,9.437712,0.152826291818,0.131721134140,0.973154093129,1.624270,1.951298,training
2014-03-09,10.563669,0.138293696919,0.308326505440,-0.912388952583,1.359606,1.258605,training
2014-03-10,10.758903,0.123761102020,1.139407701901,0.775874378102,1.094941,1.190986,training
2014-03-11,15.262130,0.109228507122,-0.626683996044,-0.076555813687,0.830277,1.059215,training
2014-03-12,14.627169,0.094695912224,1.194554325024,-0.353230889766,0.565613,0.407146,training
2014-03-13,12.125877,0.080163317326,-0.246004214642,0.970441452025,0.300948,0.669001,training
2014-03-14,9.264611,0.065630722426,0.053403309224,-0.895392236817,0.036284,-0.041503,training
2014-03-15,7.920592,0.051098127528,0.772826065107,0.847654486128,-0.228380,-0.077835,training
2014-03-17,12.470766,0.022032937732,0.901913572201,-0.267094679437,-0.757709,-0.871883,training
2014-03-18,10.183914,0.007500342833,-0.621690597003,0.963991211765,-1.022373,-0.614434,training
2014-03-19,11.326528,-0.007032252065,-0.201027695978,-0.874166481077,-1.287038,-1.340820,training
2014-03-20,18.605674,-0.021564846964,0.403401594784,0.916265157449,-1.551702,-1.346808,training
2014-03-21,19.794636,-0.036097441863,-1.236570744996,-0.150415722374,-1.816366,-1.545543,training
2014-03-22,14.941113,-0.050630036761,0.605336341537,-0.179336379804,-2.081031,-2.149873,training
2014-03-23,8.961518,-0.065162631659,-0.995098604318,0.953944301010,-2.345695,-1.899023,training
2014-03-24,7.588811,-0.079695226557,-0.455243355150,-0.848688589734,-2.610359,-2.639293,training
2014-03-25,11.119629,-0.094227821457,0.031347038939,0.981527742502,-2.875023,-2.616006,training
2014-03-26,13.208673,-0.108760416355,-1.535358486312,-0.185655880104,-3.139688,-2.848670,training
2014-03-27,12.325786,-0.123293011253,0.304725227709,-0.090216163094,-3.404352,-3.426862,training
2014-03-28,12.460443,-0.137825606152,-1.365998528325,0.940456961557,-3.669016,-3.184773,training
2014-03-29,7.283200,-0.152358201050,-0.709521432354,-0.818953570781,-3.933681,-3.936871,training
2014-03-30,6.426280,-0.166890795949,-0.343113656610,1.043277846491,-4.198345,-3.885504,training
2014-03-31,7.124213,-0.181423390847,-1.830154006743,-0.219416441973,-4.463009,-4.152201,training
2014-04-01,7.235633,-0.195955985746,0.000000000000,0.000000000000,-4.727674,-4.702889,training
2014-04-02,8.656302,-0.177679907782,-1.787225641093,0.667781163163,-4.394834,-3.906202,training
2014-04-03,14.392295,-0.159403829818,-0.189921159544,-0.594942017232,-4.061994,-4.113858,training
2014-04-04,10.758903,-0.141127751854,-1.188532610443,1.048038098174,-3.729154,-3.255403,training
2014-04-05,8.809868,-0.122851673890,-0.648793130144,-0.888837591344,-3.396315,-3.414373,training
2014-04-06,10.143520,-0.104575595926,-0.430458174001,1.057402775017,-3.063475,-2.710016,training
2014-04-07,12.205833,-0.086299517962,-1.140964332962,-0.780421519072,-2.730635,-2.625442,training
2014-04-08,8.739141,-0.068023439998,0.231383342059,0.674718061198,-2.397795,-2.228841,training
2014-04-09,8.273280,-0.049747362035,-1.417340709390,-0.330836731081,-2.064955,-1.804184,training
2014-04-11,8.054036,-0.013195206107,-1.315941848615,0.261048337442,-1.399276,-1.020766,training
2014-04-12,12.943406,0.005080871857,0.525656208952,-0.615449987690,-1.066436,-1.191825,training
2014-04-13,9.534089,0.023356949821,-0.827290435049,0.738920424073,-0.733596,-0.330080,training
2014-04-14,6.765787,0.041633027785,0.140114829327,-1.036862226374,-0.400757,-0.531887,training
2014-04-15,5.165954,0.059909105749,-0.098238121016,0.892491868187,-0.067917,0.250416,training
2014-04-16,5.660560,0.078185183713,-0.370349567156,-1.074402429685,0.264923,0.230011,training
2014-04-17,10.075570,0.096461261677,0.627316631824,0.642391085428,0.597763,0.747748,training
2014-04-18,6.307471,0.114737339641,-0.749258190492,-0.730292821997,0.930603,1.047663,training
2014-04-19,10.938866,0.133013417604,1.106887283122,0.072203874542,1.263442,1.222512,training
2014-04-20,10.143520,0.151289495568,-0.793239655885,-0.160822839454,1.596282,1.852357,training
2014-04-22,6.598212,0.187841651496,-0.434128444969,0.386742942829,2.261962,2.580613,training
2014-04-23,10.618527,0.206117729460,0.912435831177,-1.133917317581,2.594801,2.364137,training
2014-04-24,10.567061,0.224393807424,0.233517534768,0.673982398914,2.927641,3.199806,training
2014-04-25,9.949036,0.242669885388,0.417732836631,-1.317708857723,3.260481,3.092867,training
2014-04-26,8.983214,0.260945963352,0.990588783793,0.567563855086,3.593321,3.721340,training
2014-04-27,8.739141,0.279222041316,-0.036704903000,-1.099826140626,3.926160,3.897789,training
2014-04-28,2.730541,0.297498119280,1.581875950025,0.093070403699,4.259000,4.196042,training
2014-04-29,5.150000,0.315774197243,-0.217015851948,-0.585602399853,4.591840,4.715331,training
2014-05-01,-2.560500,0.352326353171,0.000000000000,0.000000000000,5.257520,5.476825,training
2014-05-02,1.016253,0.326023405033,1.843039057362,-0.490843138307,4.778496,4.557879,training
2014-05-03,-7.990307,0.299720456897,-0.152808198818,-0.669703792731,4.299473,4.388360,training
2014-05-04,-2.090698,0.273417508760,1.523231058827,0.314032055572,3.820450,3.805272,training
2014-05-05,-6.194626,0.247114560622,0.239501962933,-1.166811662712,3.341426,3.238498,training
2014-05-06,7.618114,0.220811612486,0.764023852144,0.753022429890,2.862403,3.055087,training
2014-05-07,0.000000,0.194508664348,0.900260169381,-1.159064081222,2.383380,2.145549,training
2014-05-08,-4.622170,0.168205716210,-0.052827197110,0.623136220938,1.904356,2.197103,training
2014-05-09,-6.879506,0.141902768074,1.399300326688,-0.602872666795,1.425333,1.195281,training
2014-05-10,-10.260805,0.115599819936,-0.512606527121,0.046659408744,0.946310,1.182738,training
2014-05-11,-10.462230,0.089296871800,1.398925036900,0.231756490240,0.467287,0.391878,training
2014-05-12,-11.628568,0.062993923662,-0.404768526836,-0.598766164529,-0.011737,0.052826,training
2014-05-13,-13.700710,0.036690975524,0.846997453527,0.915609498542,-0.490760,-0.344450,training
2014-05-14,-16.301046,0.010388027389,0.156674737048,-0.896074472878,-0.969783,-1.085729,training
2014-05-15,-14.594252,-0.015914920749,0.006752639910,1.105684667803,-1.448807,-1.131848,training
2014-05-16,-16.914467,-0.042217868887,0.798344432574,-0.627249317056,-1.927830,-2.121083,training
2014-05-17,-21.019708,-0.068520817023,-0.693717566973,0.741317392244,-2.406853,-2.059259,training
2014-05-18,-21.706900,-0.094823765161,1.100989040841,0.102016247272,-2.885877,-3.000400,training
2014-05-19,-12.286977,-0.121126713299,-0.906242990179,0.078867464287,-3.364900,-3.135567,training
2014-05-20,-10.431999,-0.147429661435,0.839208117181,0.922754125517,-3.843923,-3.760063,training
2014-05-21,-12.122035,-0.173732609573,-0.561655212122,-0.454864708237,-4.322947,-4.284520,training
2014-05-22,-18.711347,-0.200035557711,0.110333840048,1.413693309517,-4.801970,-4.504875,training
2014-05-23,-19.109272,-0.226338505846,0.090662626613,-0.506678241300,-5.280993,-5.388326,training
2014-05-25,-22.188511,-0.278944402120,0.625370541422,0.001071690401,-6.239040,-6.355011,training
2014-05-26,-25.801963,-0.305247350258,-1.232336898430,0.797021759879,-6.718063,-6.346829,training
2014-05-27,-22.892442,-0.331550298396,0.684376677653,0.826077350886,-7.197086,-7.171001,training
2014-05-28,-22.388174,-0.357853246532,-1.183111019478,0.138054199791,-7.676110,-7.469098,training
2014-05-29,-20.466457,-0.384156194670,0.181590514851,1.544627422849,-8.155133,-7.908892,training
2014-05-30,-25.200000,-0.410459142808,-0.654043047427,-0.209955251749,-8.634156,-8.612403,training
2014-05-31,-17.487387,-0.436762090944,-0.647851447872,1.793880836308,-9.113180,-8.685934,training
2014-06-01,-17.869628,-0.463065039082,0.000000000000,0.000000000000,-9.592203,-9.662183,training
2014-06-02,-13.909332,-0.452148468014,-0.725973751580,1.784539968327,-9.393393,-8.959611,training
2014-06-03,-22.611757,-0.441231896946,-0.720525549621,-0.229475709236,-9.194583,-9.175942,training
2014-06-04,-20.622516,-0.430315325879,-0.042882386097,1.565991124341,-8.995773,-8.721439,training
2014-06-05,-27.377656,-0.419398754811,-1.352545454609,0.042630302083,-8.796963,-8.601374,training
2014-06-06,-27.335701,-0.408482183743,0.378547066982,0.910463430613,-8.598152,-8.527301,training
2014-06-07,-30.284319,-0.397565612676,-1.584199321372,0.629576760234,-8.399342,-8.032861,training
2014-06-08,-22.100000,-0.386649041608,0.313621202645,0.103687673273,-8.200532,-8.277814,training
2014-06-09,-25.834947,-0.375732470541,-1.307545356677,1.184264576093,-8.001722,-7.561702,training
2014-06-10,-28.854867,-0.364815899473,-0.214637828521,-0.491570122556,-7.802912,-7.901788,training
2014-06-12,-24.606009,-0.342982757338,-0.947218201839,-0.620276462846,-7.405292,-7.392480,training
2014-06-13,-24.107912,-0.332066186270,-0.015144059332,1.059039130388,-7.206482,-7.007464,training
2014-06-14,-28.854867,-0.321149615203,-1.521041018663,-0.265026699979,-7.007672,-6.811033,training
2014-06-15,-31.400000,-0.310233044135,0.322250850681,0.346608184874,-6.808861,-6.810149,training
2014-06-16,-32.384359,-0.299316473067,-1.653887432464,0.345090250852,-6.610051,-6.255334,training
2014-06-17,-28.013535,-0.288399902000,0.156754267737,-0.446554525375,-6.411241,-6.539900,training
2014-06-18,-28.854867,-0.277483330932,-1.288141291016,0.851173863872,-6.212431,-5.810154,training
2014-06-20,-23.700000,-0.255650188797,-0.620134795117,0.947310956413,-5.814811,-5.503972,training
2014-06-21,-25.801963,-0.244733617729,-1.167607621631,-0.991862459882,-5.616001,-5.606154,training
2014-06-23,-28.800000,-0.222900475594,-1.672028271152,-0.562564579783,-5.218381,-5.021716,training
2014-06-24,-23.339944,-0.211983904526,0.245988076345,-0.220452395391,-5.019570,-5.090103,training
2014-06-25,-24.824294,-0.201067333459,-1.703779668442,0.056473252675,-4.820760,-4.482195,training
2014-06-27,-31.900000,-0.179234191324,-1.256736427979,0.501806835374,-4.423140,-4.064124,training
2014-06-30,-26.100301,-0.146484478121,-1.379032026689,-1.345322064007,-3.826710,-3.817664,training
2014-07-02,-32.774806,-0.124504890346,-1.776568172523,-0.521976289879,-3.426423,-3.167779,training
2014-07-03,-32.400000,-0.113441873640,0.023081799710,-1.238886083012,-3.224945,-3.432153,training
2014-07-04,-33.272903,-0.102378856932,-0.885887863776,0.387431590791,-3.023468,-2.727067,training
2014-07-05,-29.800000,-0.091315840226,-1.087320721370,-1.497194620051,-2.821991,-2.876923,training
2014-07-06,-33.272903,-0.080252823519,0.300877530757,-0.172395925309,-2.620514,-2.644125,training
2014-07-07,-31.280514,-0.069189806813,-1.532505463192,-0.412445326873,-2.419037,-2.161563,training
2014-07-08,-29.300000,-0.058126790106,0.139497993623,-1.387070197931,-2.217560,-2.456664,training
2014-07-10,-26.392848,-0.036000756692,-0.993693931345,-1.460736270759,-1.814605,-1.859044,training
2014-07-11,-25.602204,-0.024937739986,0.580982296512,-0.354881995577,-1.613128,-1.704950,training
2014-07-13,-29.347271,-0.002811706573,0.240940107304,-1.517673194789,-1.210174,-1.474855,training
2014-07-14,-25.200000,0.008251310135,-0.134593855172,0.319307799272,-1.008697,-0.821180,training
2014-07-15,-31.900000,0.019314326841,-0.886799797009,-1.405375636790,-0.807220,-0.839607,training
2014-07-16,-31.778611,0.030377343548,0.839025230011,-0.544194071161,-0.605743,-0.763256,training
2014-07-17,-33.483464,0.041440360255,-0.977550523040,-0.210963263591,-0.404265,-0.164698,training
2014-07-20,-32.900000,0.074629410375,-0.763927311965,-1.333341337963,0.200166,0.180441,training
2014-07-21,-29.188505,0.085692427082,1.074226753243,-0.736910374728,0.401643,0.181804,training
2014-07-22,-33.400000,0.096755443788,-0.669115078795,-0.125565405165,0.603120,0.825028,training
2014-07-24,-26.885252,0.118881477201,0.607041115718,0.159851879222,1.006075,1.067471,training
2014-07-25,-28.784590,0.129944493909,-0.622734468989,-1.247247050647,1.207552,1.200139,training
2014-07-26,-35.863009,0.141007510615,1.286334780784,-0.929530512741,1.409029,1.131003,training
2014-07-27,-33.483464,0.152070527322,-0.342477006688,-0.054379623646,1.610506,1.808558,training
2014-07-28,-31.778611,0.163133544029,0.485120576358,-1.785641651571,1.811983,1.507006,training
2014-07-29,-30.284319,0.174196560735,0.965721578313,0.047774238955,2.013460,2.007247,training
2014-07-30,-27.196115,0.185259577443,-0.461302345632,-1.150031148305,2.214937,2.218537,training
2014-08-01,-23.832348,0.207385610856,0.000000000000,0.000000000000,2.617892,2.785775,training
2014-08-02,-26.698018,0.196906759936,0.520146862399,-1.778147344085,2.427053,2.129366,training
2014-08-03,-29.938156,0.186427909017,1.243080436987,0.017515073891,2.236215,2.178593,training
2014-08-04,-33.975867,0.175949058098,-0.386286222512,-0.884955617295,2.045376,2.087314,training
2014-08-05,-30.922963,0.165470207178,1.497156107488,-1.099377129557,1.854538,1.512337,training
2014-08-06,-29.938156,0.154991356259,0.184211563946,0.297520575690,1.663700,1.841895,training
2014-08-07,-27.377656,0.144512505340,0.407337913131,-1.538803777407,1.472861,1.226385,training
2014-08-08,-29.188505,0.134033654420,1.400537383385,0.120615861486,1.282023,1.199130,training
2014-08-09,-32.774806,0.123554803501,-0.358709541308,-0.508474387964,1.091184,1.187760,training
2014-08-11,-33.483464,0.102597101663,0.379404967007,0.571925861161,0.709507,0.891258,training
2014-08-12,-31.778611,0.092118250743,0.300034451380,-1.274468071176,0.518669,0.327609,training
2014-08-13,-30.922963,0.081639399824,1.538316251918,0.207355393689,0.327830,0.219780,training
2014-08-14,-31.280514,0.071160548905,-0.305555672645,-0.131141739838,0.136992,0.283821,training
2014-08-15,-25.602204,0.060681697985,1.401362034846,-0.922553495529,-0.053847,-0.379437,training
2014-08-16,-27.694213,0.050202847066,0.581753714511,0.821760463451,-0.244685,-0.065754,training
2014-08-17,-30.284319,0.039723996147,0.202151287753,-0.986337924090,-0.435523,-0.567908,training
2014-08-18,-30.400000,0.029245145227,1.654059863807,0.281080898965,-0.626362,-0.758341,training
2014-08-19,-29.938156,0.018766294308,-0.227016126572,0.242952882860,-0.817200,-0.625318,training
2014-08-20,-28.192310,0.008287443389,1.325040801663,-0.808504807739,-1.008039,-1.314933,training
2014-08-21,-25.602204,-0.002191407531,0.787248199009,1.046197787045,-1.198877,-1.028600,training
2014-08-22,-27.694213,-0.012670258450,0.117362155235,-0.676219967298,-1.389716,-1.461196,training
2014-08-23,-31.280514,-0.023149109369,1.745974952897,0.345472651863,-1.580554,-1.734149,training
2014-08-25,-32.276708,-0.044106811208,1.233778597047,-0.673679094056,-1.962231,-2.243452,training
2014-08-26,-30.430560,-0.054585662127,0.991798307224,1.245061186699,-2.153069,-1.996585,training
2014-08-27,-31.280514,-0.065064513047,0.049005691045,-0.346483528462,-2.343908,-2.353344,training
2014-08-28,-27.300000,-0.075543363966,1.812878057209,0.404449790300,-2.534746,-2.706620,training
2014-08-29,-29.364145,-0.086022214885,0.002227216405,0.965587142516,-2.725585,-2.461771,training
2014-08-31,-28.300000,-0.106979916724,1.191338094461,1.418828488729,-3.107262,-2.968886,training
2014-09-01,-27.800000,-0.117458767643,0.000000000000,0.000000000000,-3.298100,-3.245466,training
2014-09-02,-30.782416,-0.129773924581,1.791101002469,0.720275741339,-3.522381,-3.644056,training
2014-09-03,-28.300000,-0.142089081518,-0.217746100805,0.735755453348,-3.746662,-3.511212,training
2014-09-04,-33.272903,-0.154404238456,1.571168393862,0.034750766013,-3.970943,-4.204423,training
2014-09-06,-37.456921,-0.179034552331,0.907373127436,-0.374760549340,-4.419504,-4.628335,training
2014-09-07,-33.870620,-0.191349709269,0.688079938221,1.595668249619,-4.643785,-4.408879,training
2014-09-08,-32.774806,-0.203664866207,0.101770206538,-0.281193154520,-4.868066,-4.922533,training
2014-09-09,-29.938156,-0.215980023144,1.248393037631,1.296404557060,-5.092347,-5.028229,training
2014-09-10,-27.800000,-0.228295180082,-0.469464904236,0.279567272222,-5.316628,-5.161557,training
2014-09-11,-33.870620,-0.240610337020,1.421303822419,0.646260477299,-5.540909,-5.651316,training
2014-09-12,-32.774806,-0.252925493957,-0.552656828548,1.027441160921,-5.765189,-5.448787,training
2014-09-13,-32.400175,-0.265240650895,1.071535202126,-0.001924265617,-5.989470,-6.180775,training
2014-09-14,-35.000000,-0.277555807832,-0.149222104712,1.584547901482,-6.213751,-5.862403,training
2014-09-15,-27.694213,-0.289870964770,0.337005766282,-0.296334059852,-6.438032,-6.568180,training
2014-09-16,-27.694213,-0.302186121708,0.485071214915,1.672717643879,-6.662313,-6.414530,training
2014-09-17,-27.800000,-0.314501278645,-0.443257928412,-0.070065472488,-6.886594,-6.839354,training
2014-09-19,-33.272903,-0.339131592521,-0.906324802092,0.571635150516,-7.335155,-7.080870,training
2014-09-21,-32.774806,-0.363761906396,-0.855057185473,1.306382168323,-7.783717,-7.394805,training
2014-09-22,-33.870620,-0.376077063334,0.546197053957,-0.014964432999,-8.007998,-8.147637,training
2014-09-23,-32.774806,-0.388392220271,-0.361151343519,1.763156164112,-8.232279,-7.845383,training
2014-09-24,-35.863009,-0.400707377209,-0.236416992105,-0.183122284092,-8.456559,-8.500261,training
2014-09-25,-34.866814,-0.413022534146,0.272336948970,1.716229515668,-8.680840,-8.425407,training
2014-09-26,-30.922963,-0.425337691084,-0.967094896966,0.168816237360,-8.905121,-8.754193,training
2014-09-28,-26.885252,-0.449968004959,-1.308823233991,0.869919237500,-9.353683,-9.005020,training
2014-09-29,-31.778611,-0.462283161897,0.577586577752,0.505117012926,-9.577964,-9.645835,training
2014-09-30,-31.778611,-0.474598318835,-1.127885933652,1.566752458200,-9.802244,-9.349951,training
2014-10-01,-32.400000,-0.486913475772,0.000000000000,0.000000000000,-10.026525,-10.104966,training
2014-10-02,-34.468271,-0.479754219869,-0.245419982902,1.838409677810,-9.896142,-9.546681,training
2014-10-03,-33.483464,-0.472594963966,-1.237991965931,0.180141941490,-9.765760,-9.580932,training
2014-10-05,-30.782416,-0.458276452159,-1.312180226622,1.334050804037,-9.504994,-9.062342,training
2014-10-07,-32.774806,-0.443957940353,-0.160574029755,1.593482708410,-9.244229,-8.948038,training
2014-10-08,-32.261923,-0.436798684450,-1.421944864715,0.131360727360,-9.113846,-8.893635,training
2014-10-09,-32.774806,-0.429639428546,0.418732920097,0.447519774043,-8.983463,-9.023376,training
2014-10-10,-37.456921,-0.422480172643,-1.279686108990,1.273367740444,-8.853081,-8.416120,training
2014-10-11,-37.456921,-0.415320916740,-0.503916348337,-0.482136435445,-8.722698,-8.785940,training
2014-10-12,-35.945483,-0.408161660837,-0.087407126590,1.319875504576,-8.592315,-8.353266,training
2014-10-13,-31.778611,-0.401002404934,-1.579032087476,0.097980536168,-8.461932,-8.207934,training
2014-10-14,-33.483464,-0.393843149031,0.295079371335,0.083068337376,-8.331550,-8.412357,training
2014-10-15,-28.301627,-0.386683893127,-1.225763973105,1.190328557119,-8.201167,-7.778360,training
2014-10-16,-31.295997,-0.379524637224,-0.763217965132,-0.677500419533,-8.070784,-8.115631,training
2014-10-17,-35.500000,-0.372365381321,-0.030765855690,1.020079380682,-7.940401,-7.760982,training
2014-10-18,-32.400175,-0.365206125418,-1.706969933388,0.075053568640,-7.810019,-7.525261,training
2014-10-19,-30.813034,-0.358046869515,0.142023395944,-0.271664386820,-7.679636,-7.794076,training
2014-10-20,-30.284319,-0.350887613611,-1.154664448242,1.081523245572,-7.549253,-7.149011,training
2014-10-21,-31.900000,-0.343728357708,-1.020182026728,-0.841985739606,-7.418870,-7.439329,training
2014-10-23,-32.774806,-0.329409845902,-1.804377370830,0.057308320357,-7.158105,-6.846958,training
2014-10-24,-29.188505,-0.322250589999,-0.038276140365,-0.611674867566,-7.027722,-7.167881,training
2014-10-25,-28.854867,-0.315091334096,-1.071170096149,0.944339697406,-6.897339,-6.527764,training
2014-10-27,-30.922963,-0.300772822289,0.016246444574,0.355838331096,-6.636574,-6.578014,training
2014-10-28,-28.192310,-0.293613566386,-1.870818803817,0.039312824525,-6.506191,-6.174230,training
2014-10-29,-31.400000,-0.286454310483,-0.242816720919,-0.932415479875,-6.375809,-6.533362,training
2014-10-30,-33.272903,-0.279295054580,-0.980447309382,0.777044593520,-6.245426,-5.914055,training
2014-10-31,-32.261923,-0.272135798677,-1.505830014510,-1.082800572069,-6.115043,-6.073471,training
2014-11-01,-31.778611,-0.264976542773,0.000000000000,0.000000000000,-5.984660,-5.984362,training
2014-11-02,-32.276708,-0.261475467116,-1.681093502149,0.315279074544,-5.920900,-5.554093,training
2014-11-03,-36.500000,-0.257974391459,-0.963925547009,-1.332303950884,-5.857139,-5.958980,training
2014-11-04,-28.192310,-0.254473315801,0.075152943661,0.102459410478,-5.793378,-5.781490,training
2014-11-05,-34.468271,-0.250972240144,-1.637845241816,0.112245716000,-5.729617,-5.408940,training
2014-11-06,-32.892579,-0.247471164486,-0.647917694102,-1.394107194355,-5.665856,-5.833160,training
2014-11-07,-22.100000,-0.243970088829,0.123272576015,0.190921405950,-5.602096,-5.576702,training
2014-11-08,-31.280514,-0.240469013172,-1.568046475202,-0.105680532236,-5.538335,-5.271614,training
2014-11-09,-34.500000,-0.236967937514,-0.334058507662,-1.425544160816,-5.474574,-5.700654,training
2014-11-10,-35.500000,-0.233466861857,0.147203245156,0.260900392860,-5.410813,-5.371436,training
2014-11-11,-35.000000,-0.229965786200,-1.469512747566,-0.333658126735,-5.347052,-5.141500,training
2014-11-12,-30.922963,-0.226464710542,-0.027593228166,-1.427450504411,-5.283292,-5.560700,training
2014-11-14,-31.778611,-0.219462559227,-1.340934406279,-0.566539672472,-5.155770,-5.017762,training
2014-11-16,-26.200000,-0.212460407913,0.137448144391,0.330399356308,-5.028248,-4.965253,training
2014-11-17,-23.609814,-0.208959332255,-1.181916393336,-0.799028383320,-4.964488,-4.899371,training
2014-11-18,-27.870059,-0.205458256598,0.543452491103,-1.350456097896,-4.900727,-5.256548,training
2014-11-19,-27.694213,-0.201957180940,0.112677819733,0.324218298341,-4.836966,-4.767110,training
2014-11-20,-32.900000,-0.198456105283,-0.992990326268,-1.025839432231,-4.773205,-4.785136,training
2014-11-21,-34.634313,-0.194955029626,0.799267578136,-1.277484559335,-4.709444,-5.092017,training
2014-11-22,-34.368717,-0.191453953968,0.081278130253,0.288325642151,-4.645684,-4.573951,training
2014-11-23,-32.276708,-0.187952878311,-0.775598257354,-1.241860935920,-4.581923,-4.673738,training
2014-11-25,-29.188505,-0.180950726996,0.048514134802,0.222021372781,-4.454401,-4.386861,training
2014-11-26,-25.183762,-0.177449651339,-0.532048856742,-1.442309336348,-4.390640,-4.563773,training
2014-11-27,-28.300000,-0.173948575681,1.234196445772,-1.082541117070,-4.326880,-4.739106,training
2014-11-28,-32.900000,-0.170447500024,0.019692565973,0.125531265356,-4.263119,-4.206740,training
2014-11-29,-33.400000,-0.166946424367,-0.265447008942,-1.622875276525,-4.199358,-4.453792,training
2014-11-30,-29.188505,-0.163445348709,1.408688553054,-0.970089077514,-4.135597,-4.551877,training
2014-12-01,-31.280514,-0.159944273052,0.000000000000,0.000000000000,-4.071837,-4.034275,training
2014-12-03,-27.532994,-0.202196232152,-0.609591254984,-0.948905602697,-4.841320,-4.906988,training
2014-12-05,-26.593406,-0.244448191254,0.129017673671,-1.685682845714,-5.610803,-5.976123,training
2014-12-06,-25.700000,-0.265574170804,-0.187001271947,0.244843053289,-5.995544,-5.911285,training
2014-12-07,-28.025491,-0.286700150355,1.094679197398,-1.076692911537,-6.380286,-6.806418,training
2014-12-08,-32.276708,-0.307826129905,-0.820035907713,-0.691886261780,-6.765027,-6.777289,training
2014-12-09,-27.694213,-0.328952109457,0.856367411663,0.175018149001,-7.149769,-7.288575,training
2014-12-10,-31.400000,-0.350078089007,-0.100418585249,-1.447025775256,-7.534510,-7.846849,training
2014-12-11,-24.091560,-0.371204068557,-0.373777075015,0.489227172479,-7.919252,-7.788431,training
2014-12-12,-28.769790,-0.392330048107,0.876622594514,-0.861876090897,-8.303993,-8.684121,training
2014-12-13,-32.060996,-0.413456027657,-1.029973778353,-0.434798886760,-8.688735,-8.647667,training
2014-12-14,-33.483464,-0.434582007209,0.664530926166,0.393053591454,-9.073476,-9.170287,training
2014-12-15,-27.300000,-0.455707986760,-0.329758398221,-1.207866554519,-9.458218,-9.717487,training
2014-12-16,-29.800000,-0.476833966310,-0.560337843865,0.733147376796,-9.842960,-9.665711,training
2014-12-17,-29.686602,-0.497959945860,0.658120473310,-0.646808331719,-10.227701,-10.561694,training
2014-12-18,-29.347271,-0.519085925410,-1.239403458144,-0.177654953950,-10.612443,-10.518124,training
2014-12-19,-31.900000,-0.540211904960,0.472314994986,0.610746283737,-10.997184,-11.052002,training
2014-12-20,-30.922963,-0.561337884512,-0.558990435720,-0.968207492636,-11.381926,-11.588042,training
2014-12-21,-28.690407,-0.582463864062,-0.746694123111,0.976598922682,-11.766667,-11.543125,training
2014-12-23,-27.694213,-0.624715823163,-1.448323798176,0.079534031425,-12.536150,-12.388662,training
2014-12-25,-27.800000,-0.666967782265,-0.788103423329,-0.728051154324,-13.305633,-13.458514,training
2014-12-26,-24.606009,-0.688093761815,-0.932856561930,1.219577306215,-13.690375,-13.420672,training
2014-12-28,-30.284319,-0.730345720915,-1.656733909980,0.336756541100,-14.459858,-14.259284,training
2014-12-29,-29.300000,-0.751471700465,0.086714384068,1.045138255092,-14.844599,-14.815431,training
2014-12-30,-31.280514,-0.772597680017,-1.017086147505,-0.487400358571,-15.229341,-15.328907,training
2014-12-31,-27.300000,-0.793723659568,-1.118835908612,1.462078265416,-15.614082,-15.298350,training
2015-01-01,-26.698018,-0.814849639118,0.000000000000,0.000000000000,-15.998824,-16.193611,training
2015-01-02,-25.104106,-0.797160042783,-1.764411700063,0.525050064065,-15.676665,-15.441508,training
2015-01-03,-25.745630,-0.779470446448,0.091748472478,1.129753898547,-15.354506,-15.318606,training
2015-01-04,-29.300000,-0.761780850111,-0.940744220828,-0.449705729626,-15.032347,-15.133867,training
2015-01-05,-28.800000,-0.744091253777,-0.910008457041,1.432688287147,-14.710188,-14.420192,training
2015-01-06,-23.609814,-0.726401657442,0.285410548140,-0.113969803450,-14.388030,-14.625996,training
2015-01-07,-32.892579,-0.708712061107,-1.470872183031,0.437548044110,-14.065871,-13.869849,training
2015-01-09,-28.784590,-0.673332868435,-0.660867447362,-0.547383033085,-13.421553,-13.561884,training
2015-01-10,-24.651102,-0.655643272100,-0.602444481059,1.335217176499,-13.099394,-12.853104,training
2015-01-11,-25.748477,-0.637953675766,0.570648556112,-0.227816959136,-12.777235,-13.058325,training
2015-01-12,-26.542626,-0.620264079431,-1.177120982042,0.350047600612,-12.455076,-12.298228,training
2015-01-13,-24.217850,-0.602574483096,0.696466105741,0.902190659488,-12.132917,-12.189344,training
2015-01-14,-24.708735,-0.584884886759,-0.380925585832,-0.644858901375,-11.810758,-11.989870,training
2015-01-15,-23.852053,-0.567195290424,-0.294815347628,1.237544653115,-11.488599,-11.286070,training
2015-01-16,-30.284319,-0.549505694089,0.855715826607,-0.341538969717,-11.166440,-11.490598,training
2015-01-17,-30.539305,-0.531816097754,-0.883158096564,0.262545653580,-10.844282,-10.726645,training
2015-01-18,-26.800000,-0.514126501420,0.998567077289,0.788223730806,-10.522123,-10.624706,training
2015-01-19,-24.107912,-0.496436905085,-0.100915711714,-0.742134303043,-10.199964,-10.417827,training
2015-01-20,-26.852738,-0.478747308748,0.012876005965,1.139669790326,-9.877805,-9.719088,training
2015-01-21,-26.698018,-0.461057712413,1.140614198453,-0.455133364354,-9.555646,-9.922814,training
2015-01-22,-27.070665,-0.443368116078,-0.588983570879,0.175039123333,-9.233487,-9.155101,training
2015-01-23,-28.690407,-0.425678519743,1.300493783899,0.674136617620,-8.911328,-9.060061,training
2015-01-24,-32.400175,-0.407988923409,0.179165083023,-0.839210248339,-8.589169,-8.845756,training
2015-01-25,-29.800000,-0.390299327072,0.320626629263,1.041591704298,-8.267010,-8.152160,training
2015-01-26,-30.563811,-0.372609730737,1.425345546235,-0.568597699213,-7.944851,-8.354974,training
2015-01-27,-29.800000,-0.354920134402,-0.294597494068,0.087524931169,-7.622693,-7.583596,training
2015-01-28,-28.300000,-0.337230538067,1.602244495431,0.559931868064,-7.300534,-7.495410,training
2015-01-29,-30.330071,-0.319540941732,0.459319693499,-0.936087790459,-6.978375,-7.273656,training
2015-01-30,-30.415280,-0.301851345396,0.628433559265,0.943309554214,-6.656216,-6.585283,training
2015-01-31,-32.161482,-0.284161749061,1.709911779893,-0.681929558001,-6.334057,-6.787076,training
2015-02-01,-31.836451,-0.266472152726,0.000000000000,0.000000000000,-6.011898,-6.012131,training
2015-02-02,-33.117748,-0.275278640345,1.859618056324,-0.452510193522,-6.172280,-6.601228,training
2015-02-04,-33.400000,-0.292891615583,1.328213127773,-0.959701009235,-6.493043,-6.938739,training
2015-02-05,-24.022489,-0.301698103201,0.490816682881,0.843331988785,-6.653425,-6.578646,training
2015-02-06,-25.602204,-0.310504590820,0.592537631112,-1.140137497426,-6.813807,-7.171995,training
2015-02-07,-27.335701,-0.319311078439,0.976788497515,0.767372248704,-6.974189,-7.008099,training
2015-02-08,-29.323554,-0.328117566058,-0.115230467334,-0.936235550541,-7.134570,-7.330453,training
2015-02-09,-33.385310,-0.336924053677,1.316939118803,0.334717911714,-7.294952,-7.485582,training
2015-02-10,-31.904388,-0.345730541295,-0.573667325581,-0.438515993203,-7.455334,-7.472393,training
2015-02-11,-34.069859,-0.354537028914,1.328876592128,-0.299854689410,-7.615716,-7.946439,training
2015-02-12,-29.225878,-0.363343516533,-0.657428970448,0.149277644927,-7.776097,-7.662460,training
2015-02-13,-23.708975,-0.372150004152,0.956686000445,-0.903759958956,-7.936479,-8.332421,training
2015-02-14,-26.951102,-0.380956491770,-0.385552635528,0.588691759922,-8.096861,-7.946754,training
2015-02-15,-25.407000,-0.389762979390,0.292476292036,-1.256229966420,-8.257243,-8.614131,training
2015-02-16,-26.897257,-0.398569467009,0.085879243265,0.698450841891,-8.417624,-8.335064,training
2015-02-17,-24.898058,-0.407375954627,-0.459113929888,-1.233387435579,-8.578006,-8.802355,training
2015-02-18,-23.012098,-0.416182442246,0.523885438741,0.424312047358,-8.738388,-8.797098,training
2015-02-19,-38.300000,-0.424988929865,-1.059773954808,-0.855981890333,-8.898769,-8.943902,training
2015-02-20,-32.700000,-0.433795417484,0.708365322885,-0.140032303657,-9.059151,-9.274151,training
2015-02-21,-31.907771,-0.442601905102,-1.329354069261,-0.281393819400,-9.219533,-9.103569,training
2015-02-22,-28.274540,-0.451408392721,0.516914707782,-0.789059092575,-9.379915,-9.701734,training
2015-02-23,-26.897257,-0.460214880340,-1.215286302907,0.257011943161,-9.540296,-9.339170,training
2015-02-24,-20.600000,-0.469021367959,-0.028005662915,-1.284612797758,-9.700678,-10.034419,training
2015-02-26,-28.300000,-0.486634343196,-0.767725368355,-1.447678796798,-10.021442,-10.263348,training
2015-02-27,-34.241732,-0.495440830815,-0.328416730602,0.446085842334,-10.181823,-10.112124,training
2015-02-28,-33.138354,-0.504247318434,-1.468508005136,-1.227366705390,-10.342205,-10.419645,training
2015-03-01,-35.722741,-0.513053806053,0.000000000000,0.000000000000,-10.502587,-10.590302,training
2015-03-02,-28.690407,-0.517328591766,-1.232808031277,-1.366955321984,-10.580438,-10.733531,training
2015-03-03,-29.392626,-0.521603377478,-0.992555221852,0.570266379144,-10.658290,-10.453647,training
2015-03-04,-33.400000,-0.525878163191,-0.000774101637,-1.031254527166,-10.736141,-11.042322,training
2015-03-05,-36.514386,-0.530152948904,-1.697774242291,-0.212455335877,-10.813993,-10.649072,training
2015-03-06,-34.318907,-0.534427734617,0.203242411504,0.229821362938,-10.891844,-10.975688,training
2015-03-07,-22.364701,-0.538702520329,-1.027342522805,-1.139135091063,-10.969696,-11.119728,training
2015-03-08,-27.203005,-0.542977306042,-0.790064570555,0.798397920627,-11.047547,-10.839249,training
2015-03-09,-31.280514,-0.547252091755,0.204305772552,-0.801625449610,-11.125398,-11.428075,training
2015-03-10,-29.388828,-0.551526877468,-1.493908004026,0.014439920671,-11.203250,-11.035177,training
2015-03-12,-30.400000,-0.560076448893,-0.821876010893,-0.911312599807,-11.358953,-11.505926,training
2015-03-13,-37.456921,-0.564351234606,-0.587573401705,1.026527043816,-11.436804,-11.224852,training
2015-03-14,-25.519674,-0.568626020319,0.409383806076,-0.571994720401,-11.514656,-11.813828,training
2015-03-15,-35.863009,-0.572900806032,-1.290039305734,0.241334923691,-11.592507,-11.421281,training
2015-03-16,-40.246266,-0.577175591744,0.609720814118,0.689460370937,-11.670358,-11.746459,training
2015-03-17,-35.000088,-0.581450377457,-0.616408499096,-0.683487846639,-11.748210,-11.892122,training
2015-03-18,-27.377656,-0.585725163170,-0.385081711500,1.254653749527,-11.826061,-11.610455,training
2015-03-19,-30.284319,-0.589999948882,0.614459996830,-0.342362341884,-11.903913,-12.199580,training
2015-03-20,-30.797187,-0.594274734595,-1.086168147019,0.468229677057,-11.981764,-11.807387,training
2015-03-21,-29.736412,-0.598549520308,0.812956809132,0.919278009273,-12.059615,-12.131844,training
2015-03-22,-25.307257,-0.602824306021,-0.410939990974,-0.455660829991,-12.137467,-12.278319,training
2015-03-23,-26.399159,-0.607099091733,-0.182589496137,1.482778038583,-12.215318,-11.996059,training
2015-03-24,-25.153956,-0.611373877446,0.819534341239,-0.112728318062,-12.293170,-12.585331,training
2015-03-25,-27.800000,-0.615648663159,-0.882294527491,0.695124184635,-12.371021,-12.193492,training
2015-03-26,-27.998058,-0.619923448872,1.016190669229,1.149094399354,-12.448873,-12.517229,training
2015-03-28,-26.100301,-0.628473020297,0.019903248181,1.710899911812,-12.604575,-12.381664,training
2015-03-29,-38.052992,-0.632747806010,1.024606837208,0.116907348709,-12.682427,-12.971081,training
2015-03-30,-37.955018,-0.637022591723,-0.678418446766,0.922018450298,-12.760278,-12.579599,training
2015-03-31,-40.495558,-0.641297377436,1.219422396376,1.378909537823,-12.838130,-12.902614,training
2015-04-01,-36.000000,-0.645572163148,0.000000000000,0.000000000000,-12.915981,-13.050711,training
2015-04-02,-35.364912,-0.628770791212,0.467192478755,1.851870799110,-12.609998,-12.437706,training
2015-04-03,-33.400000,-0.611969419276,0.651469368942,-0.173389654028,-12.304016,-12.579005,training
2015-04-04,-37.975606,-0.595168047340,-0.179605510510,1.553848895007,-11.998033,-11.760321,training
2015-04-05,-28.192310,-0.578366675404,1.188650510733,0.075602836892,-11.692050,-11.999242,training
2015-04-06,-23.243406,-0.561565303468,-0.578846311150,0.895016911227,-11.386067,-11.201980,training
2015-04-07,-16.021470,-0.544763931532,1.372870596136,0.583220477225,-11.080085,-11.302847,training
2015-04-08,-23.416529,-0.527962559596,-0.559451564777,0.108855614200,-10.774102,-10.744733,training
2015-04-09,-34.866814,-0.511161187660,1.119902356707,1.072539378049,-10.468119,-10.532276,training
2015-04-10,-35.909940,-0.494359815723,-0.133525733477,-0.515438600860,-10.162136,-10.326392,training
2015-04-11,-36.361106,-0.477558443787,0.536819504048,1.274642650176,-9.856154,-9.762445,training
2015-04-12,-34.960675,-0.460757071851,0.508940463080,-0.759497697276,-9.550171,-9.867748,training
2015-04-13,-31.599836,-0.443955699915,-0.124855632909,1.046290665529,-9.244188,-9.067946,training
2015-04-14,-36.958791,-0.427154327979,1.083204497500,-0.571333540829,-8.938205,-9.307226,training
2015-04-15,-34.368717,-0.410352956043,-0.579211012250,0.432598580012,-8.632222,-8.490405,training
2015-04-16,-32.027660,-0.393551584107,1.334367138100,-0.088086405292,-8.326240,-8.627828,training
2015-04-17,-22.015903,-0.376750212171,-0.631051728267,-0.352704755272,-8.020257,-8.020275,training
2015-04-18,-23.012098,-0.359948840235,1.148908988336,0.423983649213,-7.714274,-7.864576,training
2015-04-19,-22.749059,-0.343147468298,-0.261311662789,-1.020798364385,-7.408291,-7.601005,training
2015-04-20,-29.847108,-0.326346096362,0.604363295019,0.686004485963,-7.102309,-7.089181,training
2015-04-21,-25.183762,-0.309544724426,0.364603732363,-1.334148861230,-6.796326,-7.153792,training
2015-04-22,-24.200000,-0.292743352490,-0.064610360459,0.528518281688,-6.490343,-6.378670,training
2015-04-23,-28.800000,-0.275941980554,0.969194082317,-1.210448196671,-6.184360,-6.612058,training
2015-04-24,-37.028772,-0.259140608618,-0.568906315343,-0.034368625796,-5.878378,-5.781678,training
2015-04-26,-33.086451,-0.225537864746,-0.691477110912,-0.811158263472,-5.266412,-5.297165,training
2015-04-27,-43.528503,-0.208736492810,1.168397338345,-0.231200098098,-4.960429,-5.196553,training
2015-04-28,-40.445505,-0.191935120873,-0.382307189662,-1.516755003504,-4.654447,-4.874877,training
2015-04-29,-30.400000,-0.175133748937,0.668608891980,0.086246509244,-4.348464,-4.417637,training
2015-04-30,-31.400000,-0.158332377001,0.219701741754,-1.897215173214,-4.042481,-4.437330,training
2015-05-01,-36.000000,-0.141531005065,0.000000000000,0.000000000000,-3.736498,-3.692404,training
2015-05-02,-31.037403,-0.158008288051,0.214253208535,0.065671712924,-4.036579,-4.022912,training
2015-05-03,-21.100000,-0.174485571035,0.429795293117,0.064783547358,-4.336659,-4.367465,training
2015-05-04,-23.506443,-0.190962854021,0.629553331326,-0.000778743682,-4.636740,-4.722627,training
2015-05-05,-27.585030,-0.207440137007,0.797505188163,-0.124823898714,-4.936820,-5.084255,training
2015-05-06,-29.188505,-0.223917419991,0.919746140046,-0.297267316050,-5.236901,-5.447777,training
2015-05-07,-30.300151,-0.240394702977,0.985414542275,-0.504802402648,-5.536981,-5.808492,training
2015-05-09,-33.450088,-0.273349268947,0.922890335502,-0.961281928266,-6.137142,-6.503944,training
2015-05-10,-30.732606,-0.289826551933,0.793412562313,-1.176184197239,-6.437223,-6.831384,training
2015-05-11,-35.115863,-0.306303834918,0.604877467787,-1.360360070039,-6.737304,-7.141913,training
2015-05-12,-34.000000,-0.322781117903,0.367112505772,-1.499721896230,-7.037384,-7.434361,training
2015-05-14,-29.686602,-0.355735683873,-0.201282895904,-1.603308947056,-7.637545,-7.966341,training
2015-05-15,-9.786087,-0.372212966859,-0.499521460507,-1.556984886476,-7.937626,-8.209460,training
2015-05-16,-4.201644,-0.388690249845,-0.784362550874,-1.445450502800,-8.237706,-8.441434,training
2015-05-17,-8.881816,-0.405167532829,-1.039567400093,-1.274304276035,-8.537787,-8.666320,training
2015-05-18,-1.105065,-0.421644815815,-1.250870190608,-1.053113190720,-8.837867,-8.888649,training
2015-05-19,4.306677,-0.438122098801,-1.406927773675,-0.794775832266,-9.137948,-9.113120,training
2015-05-20,0.230704,-0.454599381785,-1.500074802424,-0.514663699837,-9.438028,-9.344291,training
2015-05-21,1.747566,-0.471076664771,-1.526834032802,-0.229597896774,-9.738109,-9.586275,training
2015-05-22,6.525416,-0.487553947757,-1.488147814409,0.043270702129,-10.038189,-9.842463,training
2015-05-23,-7.670699,-0.504031230741,-1.389315352499,0.287603218309,-10.338270,-10.115301,training
2015-05-25,5.113478,-0.536985796712,-1.051809572456,0.635764294718,-10.938431,-10.715082,training
2015-05-28,0.984860,-0.586417645668,-0.418185788754,0.690446360639,-11.838673,-11.734519,training
2015-05-29,-0.937700,-0.602894928653,-0.239675207865,0.582145856433,-12.138753,-12.094762,training
2015-05-30,-0.252955,-0.619372211639,-0.103198564812,0.422221456364,-12.438834,-12.458224,training
2015-05-31,9.651116,-0.635849494624,-0.020565204392,0.223146327809,-12.738914,-12.820210,training
2015-06-01,-10.219100,-0.652326777609,0.000000000000,0.000000000000,-13.038995,-13.176121,training
2015-06-02,-7.890258,-0.647408334175,-1.837862719174,-0.516324567484,-12.949421,-12.864189,training
2015-06-04,8.172215,-0.637571447306,-1.260106333204,-0.932062777441,-12.770274,-12.870889,training
2015-06-06,-1.402283,-0.627734560436,-0.492446205944,-0.962010173816,-12.591127,-12.831381,training
2015-06-07,-6.471703,-0.622816117002,-1.161294679625,0.896526089778,-12.501553,-12.235003,training
2015-06-09,17.000000,-0.612979230132,-1.462819411867,0.442383702837,-12.322406,-12.092853,training
2015-06-10,11.088373,-0.608060786698,0.531953763778,0.093456369488,-12.232833,-12.429731,training
2015-06-11,-2.209989,-0.603142343263,-1.361604825783,-0.162420637743,-12.143259,-12.053805,training
2015-06-12,3.606245,-0.598223899829,0.448739565038,0.768666967564,-12.053685,-12.092101,training
2015-06-13,1.805131,-0.593305456394,-0.850905184507,-0.636000085973,-11.964112,-12.060551,training
2015-06-14,6.525416,-0.588387012959,0.021700465501,1.185648170739,-11.874538,-11.746750,training
2015-06-15,7.126623,-0.583468569525,-0.100052364418,-0.752894191773,-11.784965,-12.036093,training
2015-06-16,4.443259,-0.578550126090,-0.515269952213,1.186921437880,-11.695391,-11.468079,training
2015-06-17,2.534960,-0.573631682655,0.618356454517,-0.441016365669,-11.605817,-11.916850,training
2015-06-18,1.061158,-0.568713239221,-0.881007896522,0.793761665266,-11.516244,-11.301819,training
2015-06-19,2.218636,-0.563794795786,1.045674936722,0.187349056815,-11.426670,-11.679998,training
2015-06-21,1.903246,-0.553957908917,1.048424908641,0.883828816063,-11.247523,-11.353286,training
2015-06-22,18.470699,-0.549039465482,-0.431518240174,-0.324809033422,-11.157950,-11.248889,training
2015-06-23,20.100000,-0.544121022048,0.675691660277,1.370760647415,-11.068376,-11.003100,training
2015-06-24,20.343478,-0.539202578613,0.290965405526,-0.525592386438,-10.978802,-11.236784,training
2015-06-25,25.901062,-0.534284135178,0.138017385624,1.460587403699,-10.889229,-10.705923,training
2015-06-26,22.740561,-0.529365691744,1.039073297809,-0.297142258950,-10.799655,-11.140155,training
2015-06-27,7.172602,-0.524447248309,-0.283131466901,1.136506188572,-10.710082,-10.515442,training
2015-06-28,1.944044,-0.519528804875,1.541388569226,0.284130728239,-10.620508,-10.926454,training
2015-06-29,12.597678,-0.514610361440,-0.356394107080,0.559693562541,-10.530935,-10.439465,training
2015-06-30,5.091169,-0.509691918005,1.632184602768,0.990102952225,-10.441361,-10.613474,training
2015-07-01,7.618114,-0.504773474571,0.000000000000,0.000000000000,-10.351787,-10.436565,training
2015-07-02,8.328702,-0.496275039837,0.960124697198,1.570527375301,-10.197016,-10.124030,training
2015-07-03,19.112147,-0.487776605103,1.081619140828,-0.377728005217,-10.042244,-10.392304,training
2015-07-04,15.675456,-0.479278170368,-0.188685648277,1.012882841556,-9.887473,-9.719312,training
2015-07-05,15.166039,-0.470779735635,1.630649330124,0.522201872833,-9.732701,-9.987856,training
2015-07-06,17.433407,-0.462281300901,-0.155207655003,-0.264660950440,-9.577930,-9.674885,training
2015-07-07,13.196424,-0.453782866167,0.800108844652,1.308794152156,-9.423158,-9.360884,training
2015-07-08,7.700000,-0.445284431433,0.927213804862,-0.639000300558,-9.268387,-9.630063,training
2015-07-09,26.698018,-0.436785996699,-0.347356887264,0.747937342959,-9.113615,-8.957074,training
2015-07-10,22.798299,-0.428287561965,1.473266980779,0.262736256919,-8.958843,-9.224709,training
2015-07-11,20.162925,-0.419789127231,-0.310408671270,-0.529316184523,-8.804072,-8.913205,training
2015-07-12,18.218943,-0.411290692497,0.640090986291,1.047052401041,-8.649300,-8.597740,training
2015-07-14,14.001420,-0.394293823029,-0.506020630126,0.482987310305,-8.339757,-8.194837,training
2015-07-15,3.715862,-0.385795388295,1.315875902328,0.003269897855,-8.184986,-8.461562,training
2015-07-16,0.802339,-0.377296953561,-0.465603065748,-0.793965682624,-8.030214,-8.151525,training
2015-07-17,4.149732,-0.368798518828,0.480071147371,0.785302116055,-7.875443,-7.834598,training
2015-07-19,12.253195,-0.351801649360,-0.664676863854,0.218032765166,-7.565899,-7.432603,training
2015-07-20,15.055446,-0.343303214625,1.158476097008,-0.256197230194,-7.411128,-7.698413,training
2015-07-21,27.209854,-0.334804779892,-0.620790855444,-1.058609425168,-7.256356,-7.389845,training
2015-07-22,4.557557,-0.326306345158,0.320049353155,0.523543291374,-7.101585,-7.071457,training
2015-07-23,10.759459,-0.317807910424,0.463977333468,-1.422768769471,-6.946813,-7.343329,training
2015-07-24,12.850912,-0.309309475690,-0.823325574367,-0.046926268941,-6.792042,-6.670371,training
2015-07-26,4.463575,-0.292312606222,-0.775972057424,-1.323247392631,-6.482498,-6.628165,training
2015-07-27,7.124213,-0.283814171488,0.160025628931,0.261775921247,-6.327727,-6.308317,training
2015-07-28,9.256418,-0.275315736754,0.309558275639,-1.684008820585,-6.172955,-6.581079,training
2015-07-29,9.678834,-0.266817302020,-0.981966748790,-0.311889770366,-6.018184,-5.908142,training
2015-07-30,13.342949,-0.258318867286,0.843650315097,-0.775133896541,-5.863412,-6.172110,training
2015-07-31,11.364898,-0.249820432552,-0.931146688810,-1.587879565539,-5.708641,-5.866484,training
2015-08-01,18.835554,-0.241321997818,0.000000000000,0.000000000000,-5.553869,-5.545179,training
2015-08-03,21.007555,-0.277471864545,-1.095345237190,-0.354450006135,-6.212222,-6.094573,training
2015-08-04,13.450273,-0.295546797909,0.756048215717,-0.692004147938,-6.541399,-6.830426,training
2015-08-05,12.704020,-0.313621731273,-0.988250676615,-1.406916202926,-6.870575,-7.003308,training
2015-08-06,10.723793,-0.331696664635,-0.050715576075,0.302871490041,-7.199752,-7.151214,training
2015-08-09,9.208988,-0.385921464726,0.714897040776,-0.380485291545,-8.187282,-8.436372,training
2015-08-10,20.342550,-0.403996398090,-1.020756990210,-1.114481489033,-8.516458,-8.614757,training
2015-08-11,10.635924,-0.422071331453,-0.101455888816,0.605624120275,-8.845635,-8.757269,training
2015-08-12,6.598212,-0.440146264817,0.120242180453,-1.221769733789,-9.174811,-9.511704,training
2015-08-13,17.394043,-0.458221198181,-1.186079421950,0.227505196024,-9.503988,-9.313488,training
2015-08-14,20.808903,-0.476296131543,0.673625269319,-0.068980436464,-9.833165,-10.042299,training
2015-08-16,12.681986,-0.512445998271,-0.152219626360,0.908257625229,-10.491518,-10.363345,training
2015-08-17,14.181232,-0.530520931634,0.090261617014,-0.916490899535,-10.820694,-11.120937,training
2015-08-18,7.163577,-0.548595864998,-1.231287367803,0.518394278807,-11.149871,-10.922993,training
2015-08-19,18.905547,-0.566670798362,0.632233063037,0.242509088660,-11.479047,-11.648208,training
2015-08-20,13.531574,-0.584745731725,-1.085503070375,-0.529363857472,-11.808224,-11.837651,training
2015-08-21,9.334970,-0.602820665089,-0.203005476186,1.210771754296,-12.137401,-11.969442,training
2015-08-22,9.205037,-0.620895598453,0.060228532719,-0.611102606999,-12.466577,-12.730139,training
2015-08-23,11.353057,-0.638970531815,-1.276388358922,0.809225913863,-12.795754,-12.532528,training
2015-08-24,10.868309,-0.657045465179,0.590720597949,0.553981959229,-13.124930,-13.254099,training
2015-08-25,3.995153,-0.675120398542,-1.117744674492,-0.236678995293,-13.454107,-13.449096,training
2015-08-26,9.422347,-0.693195331906,-0.253812120904,1.513166270951,-13.783283,-13.575560,training
2015-08-27,18.500000,-0.711270265270,0.030141726051,-0.305605440866,-14.112460,-14.339308,training
2015-08-28,18.000000,-0.729345198632,-1.321381768822,1.100001283140,-14.441637,-14.142095,training
2015-08-29,16.531122,-0.747420131996,0.549088064961,0.865436850479,-14.770813,-14.859972,training
2015-08-30,11.098962,-0.765495065360,-1.149899897934,0.056091177696,-15.099990,-15.060537,training
2015-08-31,11.149279,-0.783569998723,-0.304638241327,1.815440953331,-15.429166,-15.181699,training
2015-09-01,18.352591,-0.801644932087,0.000000000000,0.000000000000,-15.758343,-15.948445,training
2015-09-02,12.060413,-0.780686382137,-1.146156262170,1.528609025589,-15.376651,-15.037611,training
2015-09-03,14.471266,-0.759727832187,0.547628569203,0.404510349279,-14.994958,-15.183896,training
2015-09-05,13.847106,-0.717810732287,0.689873631508,0.986311938111,-14.231574,-14.310248,training
2015-09-06,16.444621,-0.696852182337,-1.050799798349,0.114177118978,-13.849881,-13.791694,training
2015-09-07,14.069828,-0.675893632388,0.405201388699,1.451882782809,-13.468189,-13.384583,training
2015-09-08,17.579973,-0.654935082438,-0.418529009842,-0.357624203337,-13.086497,-13.224134,training
2015-09-10,16.249328,-0.613017982538,0.339349932095,-0.405172578604,-12.323112,-12.590916,training
2015-09-11,13.847106,-0.592059432588,-0.660616959338,1.224496213258,-11.941419,-11.685178,training
2015-09-12,13.935030,-0.571100882638,0.928911866692,-0.043529853859,-11.559727,-11.842745,training
2015-09-13,16.769456,-0.550142332688,-0.887377569302,0.559947627665,-11.178035,-11.004417,training
2015-09-14,19.425797,-0.529183782738,1.130704628387,0.531192761619,-10.796342,-10.981185,training
2015-09-15,17.598148,-0.508225232788,-0.677576095622,-0.176583722609,-10.414650,-10.416458,training
2015-09-16,12.434156,-0.487266682838,0.896847137716,1.028605423658,-10.032958,-10.057974,training
2015-09-17,16.874532,-0.466308132889,-0.082637126400,-0.695314520047,-9.651265,-9.851982,training
2015-09-18,11.989425,-0.445349582939,0.372214707880,1.192524598443,-9.269573,-9.152125,training
2015-09-19,8.798548,-0.424391032989,0.675608067568,-0.802828770825,-8.887881,-9.231276,training
2015-09-20,18.711347,-0.403432483039,-0.169662014783,0.914323195045,-8.506188,-8.334970,training
2015-09-21,16.935310,-0.382473933089,1.303072274824,-0.487656015886,-8.124496,-8.499510,training
2015-09-22,13.196424,-0.361515383139,-0.447622530254,0.280993354502,-7.742804,-7.638597,training
2015-09-23,13.900000,-0.340556833189,1.563533213621,0.074653487083,-7.361111,-7.650991,training
2015-09-24,20.600000,-0.319598283239,-0.297277844533,-0.463343809758,-6.979419,-7.041654,training
2015-09-25,20.757951,-0.298639733289,1.383151673808,0.599202159261,-6.597727,-6.731685,training
2015-09-26,18.113270,-0.277681183340,0.256254511152,-1.025451245169,-6.216034,-6.478796,training
2015-09-27,18.365830,-0.256722633390,0.883142173428,0.817799956116,-5.834342,-5.818878,training
2015-09-28,20.521611,-0.235764083440,1.009463901457,-1.192720671856,-5.452650,-5.869596,training
2015-09-29,17.619735,-0.214805533490,0.326140777601,0.597626861570,-5.070957,-4.986980,training
2015-09-30,19.086636,-0.193846983540,1.670491240222,-0.927242550125,-4.689265,-5.154130,training
2015-10-01,20.762898,-0.172888433590,0.000000000000,0.000000000000,-4.307573,-4.274604,training
2015-10-02,11.656051,-0.183680129816,1.840362741646,-0.054370014720,-4.504109,-4.814485,training
2015-10-03,1.949515,-0.194471826043,0.219864723980,-1.141369118193,-4.700644,-4.951456,training
2015-10-04,13.788800,-0.205263522270,0.776693930551,0.653146343980,-4.897180,-4.878651,training
2015-10-06,7.559478,-0.226846914723,-0.305689503022,-0.041857270364,-5.290252,-5.230595,training
2015-10-07,11.128328,-0.237638610949,1.535361169123,-0.044672074479,-5.486788,-5.759898,training
2015-10-08,13.437921,-0.248430307176,-0.055161923169,-1.173622540716,-5.683324,-5.910922,training
2015-10-09,15.054783,-0.259222003403,0.452670827517,0.636947836598,-5.879860,-5.826046,training
2015-10-10,17.225753,-0.270013699629,1.010301565875,-1.163769671853,-6.076396,-6.499633,training
2015-10-11,16.835674,-0.280805395856,-0.610679530566,-0.083943741377,-6.272932,-6.186758,training
2015-10-12,16.950000,-0.291597092082,1.229660223388,-0.035203646750,-6.469468,-6.705233,training
2015-10-13,16.249328,-0.302388788309,-0.329760914097,-1.205276873064,-6.666004,-6.870340,training
2015-10-14,13.400000,-0.313180484536,0.128657873578,0.620013329298,-6.862540,-6.773596,training
2015-10-15,14.444897,-0.323972180762,0.734823742365,-1.163304348599,-7.059075,-7.452228,training
2015-10-16,13.688828,-0.334763876989,-0.914964122281,-0.126240353235,-7.255611,-7.143091,training
2015-10-17,12.024340,-0.345555573215,0.923266388077,-0.025983619739,-7.452147,-7.650497,training
2015-10-18,11.326528,-0.356347269441,-0.603948658385,-1.236320734215,-7.648683,-7.829705,training
2015-10-19,10.689226,-0.367138965668,-0.195324969447,0.602343368231,-7.845219,-7.721304,training
2015-10-20,8.011754,-0.377930661895,0.458886143338,-1.162264216373,-8.041755,-8.404621,training
2015-10-21,14.049561,-0.388722358122,-1.218537837071,-0.168727891459,-8.238291,-8.099590,training
2015-10-22,14.471266,-0.399514054348,0.616186656839,-0.017030698811,-8.434827,-8.595693,training
2015-10-23,11.759980,-0.410305750574,-0.877741868314,-1.266743192499,-8.631363,-8.789012,training
2015-10-24,14.941113,-0.421097446801,-0.519257759693,0.583939041021,-8.827899,-8.669173,training
2015-10-25,14.875258,-0.431889143028,0.182473344523,-1.160661959567,-9.024435,-9.356813,training
2015-10-26,12.253195,-0.442680839254,-1.521395757087,-0.211387001028,-9.220971,-9.056252,training
2015-10-28,16.935310,-0.464264231707,-1.151157546573,-1.296533773643,-9.614042,-9.748254,training
2015-10-29,15.839496,-0.475055927934,-0.843120594354,0.564801975729,-9.810578,-9.617207,training
2015-10-30,12.704020,-0.485847624161,-0.094429728568,-1.158510676334,-10.007114,-10.308803,training
2015-10-31,10.902427,-0.496639320387,-1.823533491364,-0.254198200643,-10.203650,-10.013075,training
2015-11-01,11.997012,-0.507431016614,0.000000000000,0.000000000000,-10.400186,-10.485906,training
2015-11-02,13.596599,-0.495158676764,0.144559724012,-0.253122167689,-10.176685,-10.336373,training
2015-11-03,9.416710,-0.482886336914,0.197943696587,-0.519833763914,-9.953184,-10.173400,training
2015-11-04,10.694432,-0.470613997064,0.160276176762,-0.772146889807,-9.729683,-9.991198,training
2015-11-05,9.590702,-0.458341657215,0.040074837013,-0.983400804965,-9.506182,-9.785754,training
2015-11-06,8.452657,-0.446069317365,-0.146534502555,-1.130719848753,-9.282681,-9.555196,training
2015-11-07,10.927389,-0.433796977516,-0.377304244230,-1.197121965372,-9.059180,-9.299965,training
2015-11-08,12.219130,-0.421524637666,-0.625916075162,-1.173084322656,-8.835679,-9.022781,training
2015-11-09,14.471266,-0.409252297817,-0.864406813044,-1.057421062933,-8.612178,-8.728383,training
2015-11-10,17.234136,-0.396979957967,-1.065746402826,-0.857392630226,-8.388676,-8.423099,training
2015-11-11,17.931505,-0.384707618118,-1.206329366019,-0.588036551219,-8.165175,-8.114262,training
2015-11-12,15.407232,-0.372435278267,-1.268151049636,-0.270781087481,-7.941674,-7.809529,training
2015-11-13,20.439722,-0.360162938418,-1.240467174438,0.068529878008,-7.718173,-7.516182,training
2015-11-14,16.903702,-0.347890598568,-1.120784377275,0.402019454046,-7.494672,-7.240452,training
2015-11-15,17.039665,-0.335618258719,-0.915090032619,0.702347246141,-7.271171,-6.986944,training
2015-11-16,16.420739,-0.323345918869,-0.637300261281,0.945229936890,-7.047670,-6.758219,training
2015-11-18,13.703466,-0.298801239170,0.047566498869,1.189754045995,-6.600668,-6.373901,training
2015-11-19,13.426369,-0.286528899320,0.401601199895,1.175657956755,-6.377167,-6.212115,training
2015-11-22,11.647141,-0.249711879771,1.194453578629,0.666496936230,-5.706664,-5.775641,training
2015-11-23,10.260805,-0.237439539921,1.304392588533,0.404843695458,-5.483163,-5.621704,training
2015-11-24,12.903779,-0.225167200072,1.322191416952,0.140383824377,-5.259662,-5.451916,training
2015-11-25,17.500000,-0.212894860222,1.251254657241,-0.099102348227,-5.036161,-5.261118,training
2015-11-26,20.407172,-0.200622520373,1.103166845010,-0.288136510835,-4.812659,-5.046089,training
2015-11-27,16.500000,-0.188350180523,0.896624450422,-0.405891279377,-4.589158,-4.805839,training
2015-11-28,9.786087,-0.176077840673,0.655712562871,-0.438109925898,-4.365657,-4.541704,training
2015-11-29,13.688828,-0.163805500823,0.407684425498,-0.378420742471,-4.142156,-4.257223,training
2015-11-30,17.673002,-0.151533160974,0.180449413899,-0.228924342536,-3.918655,-3.957810,training
2015-12-01,10.148680,-0.139260821124,0.000000000000,0.000000000000,-3.695154,-3.650255,training
2015-12-02,13.389455,-0.148886887055,1.689885821175,0.748417880030,-3.870462,-3.975025,training
2015-12-03,9.599918,-0.158512952986,-0.197250713711,1.206939677752,-4.045770,-3.722001,training
2015-12-04,7.634243,-0.168139018918,0.933201254906,-0.277033904453,-4.221077,-4.410364,training
2015-12-06,9.258432,-0.187391150779,-0.324045048446,0.085908199406,-4.571693,-4.468244,training
2015-12-07,12.205365,-0.197017216710,1.444497848357,0.616157180061,-4.747001,-4.852327,training
2015-12-08,2.291535,-0.206643282641,-0.372600130988,1.295765397400,-4.922308,-4.565904,training
2015-12-09,-1.689244,-0.216269348573,0.567920986304,-0.321290399732,-5.097616,-5.248016,training
2015-12-10,-5.874394,-0.225895414504,0.712914827628,1.561120195418,-5.272924,-5.061874,training
2015-12-11,-4.231300,-0.235521480435,-0.635816234152,0.180416543696,-5.448231,-5.286636,training
2015-12-12,5.944932,-0.245147546366,1.184135859812,0.484520220069,-5.623539,-5.726829,training
2015-12-14,17.234136,-0.264399678228,0.199318511614,-0.350932753050,-5.974155,-6.082043,training
2015-12-15,14.673636,-0.274025744159,0.573110746198,1.493584578282,-6.149462,-5.944572,training
2015-12-16,3.088204,-0.283651810090,-0.934354663692,0.281960821672,-6.324770,-6.105929,training
2015-12-18,14.923554,-0.302903941952,-0.690008889775,1.443308197136,-6.675385,-6.265897,training
2015-12-19,12.249905,-0.312530007883,-0.170795545893,-0.365664528958,-6.850693,-6.912704,training
2015-12-20,10.635924,-0.322156073815,0.425450333772,1.413286192564,-7.026001,-6.828518,training
2015-12-21,2.948947,-0.331782139746,-1.218899762971,0.388871374594,-7.201309,-6.926603,training
2015-12-22,8.517570,-0.341408205677,0.619465122166,0.230380935126,-7.376616,-7.466098,training
2015-12-23,14.345204,-0.351034271607,-0.834738469189,1.499518424045,-7.551924,-7.122032,training
2015-12-24,18.760588,-0.360660337538,-0.540587906643,-0.365412756806,-7.727232,-7.740313,training
2015-12-25,11.800000,-0.370286403470,0.268432955454,1.321280655703,-7.902540,-7.713226,training
2015-12-26,13.657036,-0.379912469401,-1.488900675948,0.499398119351,-8.077847,-7.749121,training
2015-12-27,13.400000,-0.389538535332,0.316191850682,0.111391766796,-8.253155,-8.330321,training
2015-12-28,7.090616,-0.399164601263,-0.972166736646,1.542640448545,-8.428463,-7.982185,training
2015-12-29,11.620731,-0.408790667194,-0.908230114536,-0.350329024524,-8.603770,-8.565227,training
2015-12-30,10.190517,-0.418416733125,0.100698209204,1.218799040226,-8.779078,-8.598196,training
2015-12-31,9.978500,-0.428042799056,-1.744024520317,0.611736776965,-8.954386,-8.573916,training
2016-01-01,8.739141,-0.437668864987,0.000000000000,0.000000000000,-9.129694,-9.190664,validation
2016-01-02,10.024465,-0.422755228493,-1.043293464632,1.526664128624,-8.858090,-8.410812,validation
2016-01-03,7.963440,-0.407841591999,-1.156694254006,-0.410831361313,-8.586486,-8.515851,validation
2016-01-04,7.870215,-0.392927955504,0.100776342661,0.966158613572,-8.314882,-8.177411,validation
2016-01-05,13.491505,-0.378014319010,-1.746938338035,0.547897450915,-8.043279,-7.657790,validation
2016-01-06,13.924595,-0.363100682516,-0.038230252789,-0.336152677104,-7.771675,-7.869145,validation
2016-01-07,14.675456,-0.348187046022,-0.867652676497,1.314160185823,-7.500071,-7.101772,validation
2016-01-08,13.900000,-0.333273409528,-1.226003692973,-0.591253878287,-7.228467,-7.156465,validation
2016-01-09,15.547187,-0.318359773033,0.206281790902,0.611180698898,-6.956864,-6.885435,validation
2016-01-10,14.400000,-0.303446136539,-1.673878146195,0.437821837124,-6.685260,-6.309195,validation
2016-01-11,8.881816,-0.288532500045,-0.088500960028,-0.660282772215,-6.413656,-6.542983,validation
2016-01-12,5.650000,-0.273618863551,-0.689777206654,1.084788486241,-6.142052,-5.796632,validation
2016-01-13,3.250354,-0.258705227057,-1.286818660459,-0.756933296014,-5.870449,-5.795534,validation
2016-01-14,1.701752,-0.243791590562,0.296073567973,0.249676256852,-5.598845,-5.592012,validation
2016-01-16,6.704094,-0.213964317574,-0.149144774938,-0.970925330176,-5.055637,-5.212172,validation
2016-01-17,15.166039,-0.199050681080,-0.511881647683,0.838401657581,-4.784034,-4.495028,validation
2016-01-18,11.620731,-0.184137044586,-1.337292397613,-0.909100719944,-4.512430,-4.433642,validation
2016-01-19,8.983110,-0.169223408092,0.369435837840,-0.116253828359,-4.240826,-4.296576,validation
2016-01-21,17.504666,-0.139396135103,-0.218317850854,-1.266844888177,-3.697618,-3.876784,validation
2016-01-22,15.168593,-0.124482498609,-0.336180933982,0.575141842363,-3.426015,-3.196534,validation
2016-01-24,16.741732,-0.094655225621,0.425932314460,-0.484433367412,-2.882807,-2.998600,validation
2016-01-25,13.765120,-0.079741589126,-1.359169224352,0.072974127926,-2.611203,-2.287631,validation
2016-01-26,13.196424,-0.064827952632,-0.294031214532,-1.547056497325,-2.339600,-2.536969,validation
2016-01-27,2.739858,-0.049914316138,-0.164852654349,0.295438279352,-2.067996,-1.900673,validation
2016-01-28,0.206422,-0.035000679644,-1.400737361892,-1.178948691256,-1.796392,-1.709390,validation
2016-01-29,6.194626,-0.020087043150,0.465413686123,-0.852647898367,-1.524788,-1.697596,validation
2016-01-30,4.696980,-0.005173406655,-1.225668502488,-0.066788671927,-1.253185,-0.955977,validation
2016-01-31,10.567061,0.009740229839,-0.374184608807,-1.810842481693,-0.981581,-1.192952,validation
2016-02-01,4.169016,0.024653866333,0.000000000000,0.000000000000,-0.709977,-0.606924,validation
2016-02-02,3.262708,0.029876807581,-0.990840661259,-1.692732106548,-0.614858,-0.684588,validation
2016-02-03,12.569748,0.035099748829,0.182993608366,-0.024936360233,-0.519739,-0.450793,validation
2016-02-04,22.256655,0.040322690077,-0.977291119085,-1.602268271462,-0.424620,-0.474283,validation
2016-02-05,20.023513,0.045545631324,0.359847925956,-0.058408181730,-0.329501,-0.295339,validation
2016-02-06,18.801874,0.050768572572,-0.957172755553,-1.503594955502,-0.234382,-0.263446,validation
2016-02-07,12.850912,0.055991513820,0.529721168671,-0.099741910256,-0.139263,-0.140271,validation
2016-02-11,-1.250267,0.076883278812,0.845532372894,-0.202895525195,0.241213,0.169880,validation
2016-02-12,6.525416,0.082106220059,-0.849738659312,-1.165861963477,0.336332,0.369327,validation
2016-02-14,6.620712,0.092552102555,-0.796096382349,-1.042254349744,0.526570,0.579361,validation
2016-02-15,15.734492,0.097775043803,1.125300283419,-0.327504089435,0.621689,0.482007,validation
2016-02-16,12.653628,0.102997985051,-0.732702025820,-0.914717113550,0.716808,0.788470,validation
2016-02-18,10.923638,0.113443867547,-0.659204450661,-0.784269557177,0.907046,0.996383,validation
2016-02-19,12.597678,0.118666808795,1.365409820938,-0.465774546211,1.002165,0.798371,validation
2016-02-20,2.209766,0.123889750042,-0.575358743780,-0.651961581469,1.097284,1.202835,validation
2016-02-21,1.246992,0.129112691290,1.469915114868,-0.537431464813,1.192403,0.958802,validation
2016-02-22,5.899089,0.134335632538,-0.481028792735,-0.518862647788,1.287522,1.407582,validation
2016-02-23,7.456336,0.139558573786,1.563909401051,-0.609340784566,1.382641,1.121056,validation
2016-02-24,8.739141,0.144781515033,-0.376188716820,-0.386050533657,1.477760,1.610395,validation
2016-02-25,2.439019,0.150004456281,1.647422089382,-0.680424818478,1.572879,1.285351,validation
2016-02-26,11.188058,0.155227397529,-0.260923139349,-0.254600001690,1.667998,1.811066,validation
2016-02-27,19.827514,0.160450338777,1.720592793676,-0.749614556638,1.763117,1.451884,validation
2016-02-28,9.353074,0.165673280025,-0.135426297323,-0.125571496598,1.858236,2.009410,validation
2016-02-29,7.969977,0.170896221273,1.783669863757,-0.815860905835,1.953355,1.620827,validation
2016-03-01,5.498721,0.176119162521,0.000000000000,0.000000000000,2.048474,2.205265,validation
2016-03-02,4.146442,0.160536903197,1.347050311049,-1.269494504045,1.764694,1.412203,validation
2016-03-03,1.931537,0.144954643873,1.053787085539,0.646346684738,1.480913,1.572862,validation
2016-03-04,-1.996447,0.129372384548,0.111692227904,-0.961447960472,1.197133,1.117854,validation
2016-03-05,1.627080,0.113790125225,1.836930159335,-0.177103861830,0.913352,0.683649,validation
2016-03-06,3.108075,0.098207865901,-0.011054185862,0.344419887452,0.629572,0.832182,validation
2016-03-07,6.090053,0.082625606577,1.129592247762,-1.110183394128,0.345791,0.037511,validation
2016-03-08,3.523804,0.067043347254,1.112832552594,0.825995391493,0.062010,0.153076,validation
2016-03-09,5.994861,0.051461087929,-0.060528903461,-0.628882346178,-0.221770,-0.228945,validation
2016-03-10,6.674504,0.035878828605,1.754271572982,-0.106924166875,-0.505551,-0.733586,validation
2016-03-11,17.931505,0.020296569282,-0.004212471063,0.677006739760,-0.789331,-0.546549,validation
2016-03-12,3.915782,0.004714309958,0.905203644493,-0.930568304386,-1.073112,-1.331732,validation
2016-03-13,-0.064705,-0.010867949366,1.164952296213,0.985338474985,-1.356892,-1.269690,validation
2016-03-14,-6.535248,-0.026450208691,-0.214856941618,-0.284479451933,-1.640673,-1.576479,validation
2016-03-15,-3.351797,-0.042032468014,1.650216183362,-0.035175781022,-1.924454,-2.146679,validation
2016-03-16,-8.358687,-0.057614727338,0.018604611644,0.995273270793,-2.208234,-1.931101,validation
2016-03-17,2.599102,-0.073196986662,0.676924836894,-0.729854629585,-2.492015,-2.695901,validation
2016-03-18,4.733037,-0.088779245985,1.207254378403,1.125605460730,-2.775795,-2.694664,validation
2016-03-19,1.844443,-0.104361505309,-0.349754646596,0.069019932758,-3.059576,-2.925589,validation
2016-03-20,-3.791510,-0.119943764634,1.525222669695,0.041250098031,-3.343356,-3.555067,validation
2016-03-21,-2.240061,-0.135526023958,0.055133790287,1.297039425884,-3.627137,-3.321524,validation
2016-03-22,4.792432,-0.151108283281,0.447879621956,-0.507700418387,-3.910917,-4.055483,validation
2016-03-23,-0.530579,-0.166690542605,1.237057491534,1.248435137232,-4.194698,-4.121028,validation
2016-03-24,1.721884,-0.182272801929,-0.464101640526,0.428679858110,-4.478479,-4.277086,validation
2016-03-25,6.332743,-0.197855061254,1.380198922530,0.125361920565,-4.762259,-4.958287,validation
2016-03-26,5.032020,-0.213437320577,0.102817610438,1.580479153227,-5.046040,-4.717740,validation
2016-03-27,15.371651,-0.229019579901,0.221208239350,-0.264223709651,-5.329820,-5.411062,validation
2016-03-28,14.843301,-0.244601839224,1.251948483732,1.355840397034,-5.613601,-5.547935,validation
2016-03-29,-2.796126,-0.260184098548,-0.557218446055,0.791432206727,-5.897381,-5.631728,validation
2016-03-30,-9.678834,-0.275766357873,1.216482565650,0.220003240865,-6.181162,-6.355988,validation
2016-03-31,-8.075424,-0.291348617197,0.158859303426,1.844159580409,-6.464943,-6.119548,validation
2016-04-01,-7.150341,-0.306930876520,0.000000000000,0.000000000000,-6.748723,-6.763310,validation
2016-04-02,-3.093974,-0.311168596614,1.046591687954,1.619532730197,-6.825899,-6.692491,validation
2016-04-03,-5.429301,-0.315406316708,-0.601782656015,0.466145815707,-6.903076,-6.716585,validation
2016-04-04,-1.048791,-0.319644036802,1.260415559896,0.933809662581,-6.980252,-7.030319,validation
2016-04-05,-2.846779,-0.323881756895,-0.735858555427,1.148261072569,-7.057429,-6.708448,validation
2016-04-06,-4.927155,-0.328119476989,0.960182665114,0.214351594317,-7.134605,-7.283467,validation
2016-04-07,-8.075424,-0.332357197083,-0.378014461551,1.677382441030,-7.211781,-6.819802,validation
2016-04-08,-4.350000,-0.336594917177,0.255704094754,-0.185766774785,-7.288958,-7.398233,validation
2016-04-09,-4.363940,-0.340832637270,0.242544124803,1.763363306798,-7.366134,-7.069992,validation
2016-04-10,-0.145077,-0.345070357364,-0.534956843944,-0.077982585248,-7.443311,-7.392205,validation
2016-04-11,-3.117691,-0.349308077458,0.761271045984,1.344346428361,-7.520487,-7.406841,validation
2016-04-12,-5.252509,-0.353545797551,-1.049338918718,0.464614666460,-7.597663,-7.345199,validation
2016-04-13,-0.492404,-0.357783517645,0.866080000367,0.618630468663,-7.674840,-7.733528,validation
2016-04-14,-4.084398,-0.362021237739,-1.067309409762,1.144936096234,-7.752016,-7.358142,validation
2016-04-15,7.520291,-0.366258957833,0.458119704225,-0.057486041439,-7.829193,-7.958466,validation
2016-04-16,10.037588,-0.370496677926,-0.624468233764,1.594942486982,-7.906369,-7.501077,validation
2016-04-17,11.397925,-0.374734398020,-0.297301633028,-0.353256347937,-7.983545,-8.042487,validation
2016-04-18,4.146113,-0.378972118114,0.006191798465,1.565244294754,-8.060722,-7.777080,validation
2016-04-19,-2.612874,-0.383209838208,-1.055876900590,-0.133873800995,-8.137898,-8.019018,validation
2016-04-20,-2.795246,-0.387447558301,0.454920643083,1.053577791681,-8.215075,-8.120676,validation
2016-04-23,2.155353,-0.400160718583,-1.375347994108,1.129909597863,-8.446604,-8.014440,validation
2016-04-24,-3.140782,-0.404398438676,-0.061596567740,-0.309999583113,-8.523780,-8.626306,validation
2016-04-25,-6.765787,-0.408636158770,-0.861379570128,1.488130378288,-8.600957,-8.189112,validation
2016-04-26,-7.875548,-0.412873878864,-0.850467601257,-0.494572760657,-8.678133,-8.681281,validation
2016-04-27,1.658764,-0.417111598957,-0.239403831349,1.342638115767,-8.755309,-8.487602,validation
2016-04-28,-1.076619,-0.421349319051,-1.559381577186,-0.170226220931,-8.832486,-8.644881,validation
2016-04-29,-1.608693,-0.425587039145,0.125303000781,0.750821846098,-8.909662,-8.832849,validation
2016-04-30,7.443148,-0.429824759239,-1.867990233631,0.478385736127,-8.986839,-8.612570,validation
2016-05-01,-0.864371,-0.434062479332,0.000000000000,0.000000000000,-9.064015,-9.123706,validation
2016-05-02,-8.653570,-0.417575346585,-0.360330841902,-0.463276436404,-8.763755,-8.849491,validation
2016-05-03,0.047073,-0.401088213840,-0.894460826498,-0.660835733079,-8.463495,-8.489126,validation
2016-05-04,11.958365,-0.384601081093,-1.431137844154,-0.540896599892,-8.163235,-8.062404,validation
2016-05-05,14.230961,-0.368113948346,-1.798301028908,-0.152486225442,-7.862975,-7.610190,validation
2016-05-08,6.508321,-0.318652550106,-1.165672847426,1.123990039960,-6.962196,-6.539739,validation
2016-05-09,1.475269,-0.302165417361,-0.596979427671,1.093992126364,-6.661936,-6.341284,validation
2016-05-11,-0.000000,-0.269191151868,0.128039867734,0.213483380901,-6.061416,-6.041137,validation
2016-05-12,8.697413,-0.252704019121,0.057488337460,-0.379349294267,-5.761156,-5.845497,validation
2016-05-13,5.988740,-0.236216886374,-0.302911050186,-0.842567284671,-5.460896,-5.571259,validation
2016-05-14,3.586301,-0.219729753629,-0.837067099583,-1.040040354440,-5.160636,-5.210871,validation
2016-05-15,14.181232,-0.203242620882,-1.373719425301,-0.920014591223,-4.860376,-4.784135,validation
2016-05-16,3.676779,-0.186755488135,-1.740815001279,-0.531544689407,-4.560116,-4.331921,validation
2016-05-17,-1.228728,-0.170268355389,-1.820136555897,-0.008918710666,-4.259856,-3.903185,validation
2016-05-18,-7.283200,-0.153781222642,-1.584837563366,0.470979622976,-3.959596,-3.539431,validation
2016-05-19,4.074820,-0.137294089895,-1.107966231486,0.744832932916,-3.659337,-3.261530,validation
2016-05-20,2.804565,-0.120806957150,-0.539272103519,0.714744941844,-3.359077,-3.063093,validation
2016-05-21,-3.052904,-0.104319824403,-0.057659200087,0.379323361595,-3.058817,-2.912503,validation
2016-05-22,15.166039,-0.087832691656,0.185617445622,-0.165878044149,-2.758557,-2.762947,validation
2016-05-23,4.936345,-0.071345558910,0.114976651589,-0.758698578102,-2.458297,-2.567289,validation
2016-05-24,11.796849,-0.054858426163,-0.245491272455,-1.221858111548,-2.158037,-2.293026,validation
2016-05-25,12.900000,-0.038371293418,-0.779673372870,-1.419244950244,-1.857777,-1.932615,validation
2016-05-26,2.477519,-0.021884160671,-1.316300992801,-1.299132560945,-1.557517,-1.505867,validation
2016-05-27,5.091169,-0.005397027924,-1.683328950486,-0.910603142573,-1.257257,-1.053652,validation
2016-05-28,4.600000,0.011090104822,-1.762561443705,-0.387963653821,-0.956997,-0.624929,validation
2016-05-29,7.172602,0.027577237569,-1.527180224423,0.091897893742,-0.656737,-0.261197,validation
2016-05-30,15.007366,0.044064370316,-1.050259608154,0.365675801408,-0.356478,0.016680,validation
2016-05-31,12.824647,0.060551503061,-0.481564786373,0.335497732746,-0.056218,0.215097,validation
2016-06-01,6.664587,0.077038635808,0.000000000000,0.000000000000,0.244042,0.365681,validation
2016-06-02,7.127331,0.078567644185,-1.617365197525,-1.011983871105,0.271888,0.472475,validation
2016-06-03,2.430250,0.080096652562,0.358934339767,-0.522287821784,0.299734,0.250032,validation
2016-06-04,4.582229,0.081625660938,-1.550019557688,-0.305125362061,0.327580,0.663961,validation
2016-06-05,1.076819,0.083154669315,0.309140900866,-1.073246115279,0.355426,0.201329,validation
2016-06-06,18.268184,0.084683677692,-1.086269143655,0.298081576822,0.383272,0.763232,validation
2016-06-07,14.625365,0.086212686068,-0.083032615571,-1.399134918374,0.411118,0.260407,validation
2016-06-08,5.055244,0.087741694445,-0.370181655117,0.578478364327,0.438964,0.750495,validation
2016-06-09,-10.021313,0.089270702822,-0.610954400567,-1.338432463698,0.466810,0.423939,validation
2016-06-10,-7.399246,0.090799711198,0.350784609021,0.449172100157,0.494656,0.651847,validation
2016-06-11,-2.696541,0.092328719575,-1.012372222127,-0.888015831403,0.522502,0.645801,validation
2016-06-12,7.437629,0.093857727951,0.827172358895,-0.008861624626,0.550348,0.528587,validation
2016-06-13,22.852053,0.095386736328,-1.076866582728,-0.204440509673,0.578194,0.855968,validation
2016-06-14,27.800000,0.096915744705,0.909735972669,-0.579957026509,0.606040,0.452098,validation
2016-06-15,13.406698,0.098444753081,-0.732066341735,0.460205414071,0.633886,0.989207,validation
2016-06-16,6.126026,0.099973761458,0.610592218456,-1.002123323690,0.661732,0.474600,validation
2016-06-18,2.899138,0.103031778211,0.098255625482,-1.074390769053,0.717423,0.607753,validation
2016-06-19,4.936345,0.104560786588,0.675456585557,0.863247334210,0.745269,0.935385,validation
2016-06-21,-2.698312,0.107618803341,1.253363410156,0.492493446695,0.800961,0.812135,validation
2016-06-23,13.650000,0.110676820094,1.469577733628,-0.070767395579,0.856653,0.713436,validation
2016-06-24,14.289419,0.112205828471,-0.344342842405,0.594221913652,0.884499,1.203369,validation
2016-06-25,14.017341,0.113734836848,1.281455338259,-0.567754481366,0.912345,0.700607,validation
2016-06-26,-0.819152,0.115263845224,0.233186869480,1.102024120789,0.940191,1.262545,validation
2016-06-27,17.510564,0.116792853601,0.812021738873,-0.766841584780,0.968037,0.799784,validation
2016-06-28,10.159077,0.118321861978,0.981887482888,1.237561750676,0.995883,1.213923,validation
2016-06-29,6.295941,0.119850870354,0.299564680408,-0.558461665023,1.023729,0.991211,validation
2016-06-30,-1.577579,0.121379878731,1.640938054808,0.973295349739,1.051575,1.098304,validation
2016-07-01,11.666847,0.122908887108,0.000000000000,0.000000000000,1.079421,1.217333,validation
2016-07-02,20.348822,0.113210877569,1.838392843367,0.107844325753,0.902803,0.731779,validation
2016-07-03,12.903562,0.103512868030,0.161097546018,1.106111152483,0.726185,1.058075,validation
2016-07-04,10.897105,0.093814858490,0.825249609017,-0.665195922103,0.549567,0.391901,validation
2016-07-05,18.851876,0.084116848951,1.196269514398,1.178326027529,0.372949,0.528323,validation
2016-07-07,18.149615,0.064720829873,1.535372617883,0.089319242575,0.019713,-0.118315,validation
2016-07-08,15.036570,0.055022820334,-0.178172993165,1.027111234817,-0.156905,0.201894,validation
2016-07-09,14.664715,0.045324810794,0.550646114956,-0.716098435509,-0.333523,-0.469982,validation
2016-07-10,1.047466,0.035626801255,0.852722786558,1.142192446578,-0.510141,-0.318198,validation
2016-07-11,0.411368,0.025928791716,-0.593385549491,-0.177057310263,-0.686759,-0.514173,validation
2016-07-12,3.600000,0.016230782177,1.231012051641,0.071081285502,-0.863376,-0.968110,validation
2016-07-13,3.725000,0.006532772638,-0.516520413399,0.947098002712,-1.039994,-0.654662,validation
2016-07-15,16.444621,-0.012863246441,0.508515312720,1.104857878752,-1.393230,-1.164851,validation
2016-07-16,6.598212,-0.022561255980,-0.888213596878,-0.264720429563,-1.569848,-1.380079,validation
2016-07-17,8.304203,-0.032259265519,0.925301434645,0.053080641958,-1.746466,-1.817616,validation
2016-07-18,14.392295,-0.041957275058,-0.853907837212,0.866106322029,-1.923084,-1.511593,validation
2016-07-19,15.989266,-0.051655284597,0.000904971531,-0.813826684265,-2.099702,-2.192806,validation
2016-07-20,9.678834,-0.061353294137,0.163692003030,1.066298688146,-2.276320,-2.011648,validation
2016-07-21,4.841142,-0.071051303676,-1.181828296811,-0.351745785034,-2.452938,-2.246069,validation
2016-07-22,7.172602,-0.080749313215,0.618232907483,0.035267174073,-2.629556,-2.666840,validation
2016-07-23,16.420739,-0.090447322754,-1.190299703039,0.784172399845,-2.806174,-2.368897,validation
2016-07-24,1.675078,-0.100145332293,-0.274332943891,-0.860668083031,-2.982792,-3.053733,validation
2016-07-25,22.514000,-0.109843341832,-0.181701388215,1.026492917512,-3.159410,-2.858602,validation
2016-07-26,21.268757,-0.119541351371,-1.474254089180,-0.438088898939,-3.336028,-3.112129,validation
2016-07-27,16.500000,-0.129239360910,0.309800472095,0.017590487397,-3.512646,-3.515793,validation
2016-07-28,6.193686,-0.138937370449,-1.525661813983,0.701333734810,-3.689264,-3.226572,validation
2016-07-29,7.765816,-0.148635379988,-0.549882048027,-0.906174522498,-3.865882,-3.914327,validation
2016-07-30,1.346615,-0.158333389528,-0.527618325279,0.985420318348,-4.042499,-3.705725,validation
2016-07-31,7.235633,-0.168031399067,-1.765517043565,-0.523706228738,-4.219117,-3.978246,validation
2016-08-01,22.065713,-0.177729408606,0.000000000000,0.000000000000,-4.395735,-4.364484,validation
2016-08-02,21.932648,-0.161397559781,-1.735760306757,0.614252396689,-4.098303,-3.624184,validation
2016-08-03,18.353889,-0.145065710958,-0.582416749615,-0.960642850626,-3.800872,-3.853554,validation
2016-08-04,14.673636,-0.128733862133,-0.499734490790,0.927549098182,-3.503440,-3.173149,validation
2016-08-05,14.875258,-0.112402013308,-1.566528854883,-0.621989605664,-3.206008,-3.001291,validation
2016-08-06,13.909332,-0.096070164485,0.305025693102,-0.048936918181,-2.908576,-2.912913,validation
2016-08-07,20.111730,-0.079738315660,-1.448218453475,0.513026696918,-2.611144,-2.180348,validation
2016-08-08,19.429534,-0.063406466835,-0.250181840803,-1.029583380421,-2.313712,-2.410987,validation
2016-08-09,15.407232,-0.047074618012,-0.222633718084,0.858439900468,-2.016280,-1.720784,validation
2016-08-10,7.592306,-0.030742769187,-1.244538330591,-0.723109919214,-1.718848,-1.563576,validation
2016-08-11,4.827555,-0.014410920364,0.609212781598,-0.097876401844,-1.421416,-1.461192,validation
2016-08-12,4.664633,0.001920928461,-1.159993815341,0.411314099709,-1.123984,-0.736735,validation
2016-08-13,13.477925,0.018252777286,0.081782272380,-1.097730226376,-0.826552,-0.968208,validation
2016-08-14,31.280514,0.034584626109,0.054224261579,0.788528009906,-0.529120,-0.268543,validation
2016-08-15,21.565047,0.050916474934,-0.921882517452,-0.823719688917,-0.231689,-0.125875,validation
2016-08-16,16.914467,0.067248323759,0.912561691361,-0.146842731555,0.065743,-0.009328,validation
2016-08-17,15.588457,0.083580172582,-0.871072580192,0.309134579737,0.363175,0.706658,validation
2016-08-18,15.588457,0.099912021407,0.413452722521,-1.165091562124,0.660607,0.474787,validation
2016-08-19,19.397751,0.116243870232,0.330862791820,0.717806732999,0.958039,1.183569,validation
2016-08-20,15.688554,0.132575719055,-0.598576477583,-0.923799864938,1.255471,1.311820,validation
2016-08-21,19.415109,0.148907567880,1.215073551271,-0.195860167595,1.552903,1.442675,validation
2016-08-22,16.910763,0.165239416705,-0.581441520408,0.206508502599,1.850335,2.149830,validation
2016-08-23,18.440517,0.181571265528,0.744806887748,-1.231676220254,2.147767,1.918000,validation
2016-08-24,15.839496,0.197903114353,0.607305402448,0.646270054467,2.445199,2.635548,validation
2016-08-25,10.828570,0.214234963176,-0.274635818381,-1.023331841569,2.742631,2.749516,validation
2016-08-26,8.939417,0.230566812001,1.516750192086,-0.244952925158,3.040063,2.894811,validation
2016-08-27,12.009331,0.246898660826,-0.291088002503,0.103456610290,3.337494,3.592786,validation
2016-08-28,17.826175,0.263230509649,1.075822411438,-1.297493684680,3.634926,3.361432,validation
2016-08-29,21.013850,0.279562358474,0.883575785417,0.573912643395,3.932358,4.087386,validation
2016-08-30,17.417603,0.295894207299,0.049923321079,-1.122297473357,4.229790,4.187220,validation
2016-08-31,9.786087,0.312226056122,1.817594145005,-0.294145157018,4.527222,4.347075,validation
2016-09-01,14.471266,0.328557904947,0.000000000000,0.000000000000,4.824654,5.035527,validation
2016-09-02,18.021982,0.306720477648,1.533831658140,-1.135393026438,4.426956,4.120851,validation
2016-09-03,17.588514,0.284883050349,0.371641026987,0.535603661984,4.029257,4.269526,validation
2016-09-04,15.893010,0.263045623050,0.847840630318,-1.323277389061,3.631559,3.393308,validation
2016-09-05,8.451851,0.241208195750,0.920923791975,0.688481888121,3.233861,3.392401,validation
2016-09-06,8.054036,0.219370768451,0.118141880241,-1.091489282561,2.836163,2.760671,validation
2016-09-07,16.832234,0.197533341152,1.375241272982,0.430243414082,2.438464,2.446880,validation
2016-09-08,12.224378,0.175695913853,-0.388215148612,-0.501715391588,2.040766,2.162506,validation
2016-09-09,5.669275,0.153858486554,1.502056323063,-0.094035478056,1.643068,1.504548,validation
2016-09-10,22.600000,0.132021059255,-0.498418343359,0.233308236212,1.245370,1.523835,validation
2016-09-11,14.659910,0.110183631956,1.207018940462,-0.627024787141,0.847671,0.635646,validation
2016-09-12,18.429602,0.088346204657,-0.206809670656,0.839558537963,0.449973,0.786772,validation
2016-09-13,17.854160,0.066508777358,0.573776530015,-0.907719218224,0.052275,-0.120568,validation
2016-09-14,20.381035,0.044671350059,0.322727459421,1.097347370544,-0.345423,-0.065055,validation
2016-09-15,15.658443,0.022833922760,-0.171320479361,-0.781567369955,-0.743122,-0.772386,validation
2016-09-16,7.700000,0.000996495461,0.825917544472,0.934017241854,-1.140820,-0.999593,validation
2016-09-17,14.875258,-0.020840931839,-0.754725466483,-0.265683515991,-1.538518,-1.372146,validation
2016-09-18,20.770659,-0.042678359138,1.049602016179,0.454598583739,-1.936216,-1.949890,validation
2016-09-19,16.130961,-0.064515786437,-0.971116521929,0.458373631842,-2.333915,-1.994154,validation
2016-09-20,12.495991,-0.086353213736,0.858557561424,-0.102507035191,-2.731613,-2.842345,validation
2016-09-21,11.755097,-0.108190641035,-0.770030456920,1.121208232996,-3.129311,-2.703328,validation
2016-09-22,9.165595,-0.130028068334,0.292552564738,-0.466118627546,-3.527009,-3.627762,validation
2016-09-23,11.714164,-0.151865495633,-0.277155359757,1.479256832111,-3.924708,-3.527805,validation
2016-09-24,15.392157,-0.173702922932,-0.450432857307,-0.446698530137,-4.322406,-4.302110,validation
2016-09-25,21.025646,-0.195540350231,0.258702531467,1.417558095629,-4.720104,-4.447074,validation
2016-09-26,17.726540,-0.217377777530,-1.097743051641,-0.016326370893,-5.117802,-4.908222,validation
2016-09-27,17.894114,-0.239215204829,0.570600717542,0.998259866986,-5.515501,-5.400626,validation
2016-09-28,14.085734,-0.261052632128,-1.417091795567,0.679520143744,-5.913199,-5.517723,validation
2016-09-29,19.125331,-0.282890059428,0.486094783451,0.434396359527,-6.310897,-6.313484,validation
2016-09-30,19.226558,-0.304727486727,-1.314573691328,1.383348434078,-6.708595,-6.200808,validation
2016-10-01,13.548248,-0.326564914026,0.000000000000,0.000000000000,-7.106294,-7.127846,validation
2016-10-02,12.994414,-0.306476448360,-0.514361539921,1.767528878140,-6.740447,-6.296256,validation
2016-10-03,11.670784,-0.286387982695,-1.131519817682,-0.084528500749,-6.374601,-6.197636,validation
2016-10-04,12.303005,-0.266299517027,0.454658118913,0.936962688080,-6.008754,-5.895533,validation
2016-10-05,19.098902,-0.246211051362,-1.428075866210,0.919886631175,-5.642907,-5.190315,validation
2016-10-06,13.762274,-0.226122585696,0.109118632130,-0.287173043005,-5.277061,-5.342047,validation
2016-10-07,11.424063,-0.206034120031,-0.428635254113,1.473352335127,-4.911214,-4.507739,validation
2016-10-08,16.454483,-0.185945654365,-1.022731501679,-0.386729608686,-4.545368,-4.414898,validation
2016-10-09,16.718606,-0.165857188698,0.549454176731,0.654773266478,-4.179521,-4.106145,validation
2016-10-10,11.270459,-0.145768723032,-1.333659748853,0.613281916741,-3.813675,-3.405927,validation
2016-10-11,13.229222,-0.125680257366,0.218142908520,-0.574211138710,-3.447828,-3.556203,validation
2016-10-12,12.552053,-0.105591791701,-0.342911530406,1.179011149425,-3.081981,-2.719255,validation
2016-10-13,14.941113,-0.085503326035,-0.913844676658,-0.688798770601,-2.716135,-2.632149,validation
2016-10-14,11.130908,-0.065414860368,0.644093109027,0.372534597039,-2.350288,-2.316739,validation
2016-10-15,12.943406,-0.045326394702,-1.239087432867,0.306625089282,-1.984442,-1.621578,validation
2016-10-16,13.688828,-0.025237929037,0.327071105321,-0.861115508981,-1.618595,-1.770315,validation
2016-10-17,8.403555,-0.005149463371,-0.257188255922,0.884505301713,-1.252749,-0.930806,validation
2016-10-18,13.909332,0.014939002294,-0.804861043835,-0.990734733309,-0.886902,-0.849390,validation
2016-10-19,13.878960,0.035027467960,0.738575560915,0.090244666912,-0.521056,-0.527316,validation
2016-10-20,19.573304,0.055115933627,-1.144358262407,-0.000081842600,-0.155209,0.162733,validation
2016-10-21,15.504928,0.075204399293,0.435901514496,-1.147887397707,0.210638,0.015619,validation
2016-10-22,14.843080,0.095292864958,-0.171463317709,0.589834799784,0.576484,0.857609,validation
2016-10-23,25.004780,0.115381330624,-0.695782320369,-1.292536265555,0.942331,0.933379,validation
2016-10-24,20.287040,0.135469796290,0.832902202571,-0.192098526218,1.308177,1.262124,validation
2016-10-25,17.234136,0.155558261957,-1.049471607454,-0.306836862046,1.674024,1.947005,validation
2016-10-26,9.264611,0.175646727622,0.544632444121,-1.434528070587,2.039870,1.801598,validation
2016-10-27,8.232539,0.195735193288,-0.085734603086,0.294999678542,2.405717,2.645990,validation
2016-10-28,15.007517,0.215823658954,-0.586610239081,-1.594202158219,2.771564,2.716161,validation
2016-10-30,16.249328,0.256000590286,-0.954426863923,-0.613637944286,3.503257,3.731240,validation
2016-10-31,11.620731,0.276089055952,0.653262218642,-1.721038814932,3.869103,3.587621,validation
2016-11-01,13.909332,0.296177521618,0.000000000000,0.000000000000,4.234950,4.434335,validation
2016-11-02,13.589821,0.289702889264,1.031696111529,-1.242719744507,4.117035,3.872172,validation
2016-11-03,19.124075,0.283228256911,-0.445162518570,-1.843454933693,3.999121,3.890668,validation
2016-11-04,16.428976,0.276753624558,-0.569276432755,-0.236233421631,3.881206,4.126197,validation
2016-11-05,17.219848,0.270278992205,1.017857007677,-0.572365596453,3.763292,3.653148,validation
2016-11-06,11.436019,0.263804359851,0.243636978752,-1.971042289755,3.645377,3.380702,validation
2016-11-07,16.444621,0.257329727498,-0.850049266697,-0.800101813614,3.527463,3.698598,validation
2016-11-08,12.122035,0.250855095145,0.605911254343,-0.081148535464,3.409548,3.467945,validation
2016-11-09,16.741732,0.244380462792,0.878576825368,-1.665411296308,3.291634,2.970263,validation
2016-11-11,15.168606,0.231431198085,-0.005529211642,0.021763413595,3.055805,3.237722,validation
2016-11-12,14.471266,0.224956565732,1.201247343020,-1.054711676954,2.937890,2.678840,validation
2016-11-13,13.975518,0.218481933379,-0.168345764784,-1.871744243346,2.819975,2.633309,validation
2016-11-14,22.514000,0.212007301025,-0.530762393429,-0.303281766596,2.702061,2.903295,validation
2016-11-15,13.688828,0.205532668672,1.089561086189,-0.400271998301,2.584146,2.473964,validation
2016-11-17,16.280623,0.192583403965,-0.721720319406,-0.909109901893,2.348317,2.450968,validation
2016-11-18,16.470556,0.186108771612,0.611050607666,0.017484367245,2.230403,2.285385,validation
2016-11-19,19.125331,0.179634139259,1.118439755230,-1.510251410507,2.112488,1.757573,validation
2016-11-20,11.664157,0.173159506906,-0.476264111287,-1.525969985589,1.994574,1.918517,validation
2016-11-21,17.726540,0.166684874552,-0.006613109389,0.021458917422,1.876659,2.035736,validation
2016-11-22,15.341398,0.160210242199,1.348400671487,-0.864448122386,1.758745,1.489971,validation
2016-11-23,18.352591,0.153735609846,0.117226994281,-1.879295042232,1.640830,1.378693,validation
2016-11-24,18.218943,0.147260977493,-0.475011223341,-0.384808875482,1.522916,1.674313,validation
2016-11-25,16.444621,0.140786345139,1.142349607000,-0.240383117844,1.405001,1.295621,validation
2016-11-26,12.037753,0.134311712786,0.818437847465,-1.809565189557,1.287087,0.907470,validation
2016-11-27,13.145591,0.127837080433,-0.570887375311,-1.018686835485,1.169172,1.199206,validation
2016-11-28,14.843301,0.121362448080,0.609014429666,0.094780329409,1.051257,1.099676,validation
2016-11-29,20.521611,0.114887815726,1.340027930812,-1.341946684909,0.933343,0.550871,validation
2016-11-30,18.711347,0.108413183373,-0.233610952788,-1.598178698604,0.815428,0.658135,validation
2016-12-01,22.600000,0.101938551020,0.000000000000,0.000000000000,0.697514,0.827986,validation
2016-12-02,24.989795,0.097807784716,1.379163106297,-1.258957736698,0.622285,0.243999,validation
2016-12-03,19.882126,0.093677018411,-0.528253893234,-1.173929632007,0.547057,0.525145,validation
2016-12-04,13.503986,0.089546252107,0.961399014822,-0.055546418874,0.471828,0.414908,validation
2016-12-05,16.444621,0.085415485802,0.469587039467,-1.883636292837,0.396600,0.046479,validation
2016-12-06,21.019708,0.081284719498,-0.346515526889,-0.175804455781,0.321371,0.469826,validation
2016-12-07,13.326597,0.077153953194,1.321744131070,-1.004870541832,0.246142,-0.076490,validation
2016-12-08,16.440917,0.073023186889,-0.538358735972,-1.435734887509,0.170914,0.089135,validation
2016-12-09,15.166039,0.068892420584,0.588824688746,0.052782789299,0.095685,0.120372,validation
2016-12-10,12.253195,0.064761654280,0.611802275366,-1.833404884631,0.020457,-0.351929,validation
2016-12-11,14.843301,0.060630887976,-0.640146605195,-0.405611683970,-0.054772,0.091025,validation
2016-12-12,15.142159,0.056500121671,1.189217144333,-0.742306853781,-0.130000,-0.381825,validation
2016-12-13,10.800000,0.052369355367,-0.484873419949,-1.656682389298,-0.205229,-0.349736,validation
2016-12-14,15.978284,0.048238589062,0.192745208583,0.089274875722,-0.280458,-0.184883,validation
2016-12-15,16.246080,0.044107822758,0.726878238843,-1.712628992430,-0.355686,-0.730855,validation
2016-12-16,18.218943,0.039977056454,-0.868185992497,-0.672979455301,-0.430915,-0.307271,validation
2016-12-17,20.779444,0.035846290149,0.982112365472,-0.492040208124,-0.506143,-0.676411,validation
2016-12-18,18.824398,0.031715523845,-0.381327431357,-1.820999568894,-0.581372,-0.785781,validation
2016-12-20,18.570475,0.023453991236,0.796630125981,-1.531365147429,-0.731829,-1.089141,validation
2016-12-21,19.061547,0.019323224932,-1.022884182237,-0.958626533784,-0.807058,-0.722441,validation
2016-12-22,14.345204,0.015192458627,0.706596962529,-0.273914670765,-0.882286,-0.965468,validation
2016-12-23,10.914962,0.011061692323,-0.245034083088,-1.917194250268,-0.957515,-1.213526,validation
2016-12-24,18.218943,0.006930926019,-0.587895206925,-0.062287740350,-1.032743,-0.844055,validation
2016-12-25,18.218943,0.002800159714,0.806298944812,-1.304241851576,-1.107972,-1.427193,validation
2016-12-26,14.941113,-0.001330606590,-1.102035148741,-1.241890045374,-1.183201,-1.150591,validation
2016-12-27,21.764251,-0.005461372895,0.374008907944,-0.105344927863,-1.258429,-1.254631,validation
2016-12-28,20.023513,-0.009592139199,-0.095781891171,-1.938923283849,-1.333658,-1.628126,validation
2016-12-29,17.234136,-0.013722905503,-0.932425196699,-0.240742025647,-1.408886,-1.203119,validation
2016-12-30,21.218947,-0.017853671808,0.745667070998,-1.049353884946,-1.484115,-1.746944,validation
2016-12-31,18.218943,-0.021984438112,-1.109143089263,-1.502287277488,-1.559343,-1.586843,validation
2017-01-01,12.900000,-0.026115204417,0.000000000000,0.000000000000,-1.634572,-1.549531,validation
2017-01-02,12.253195,-0.021939407581,-1.107404550028,-1.502702592275,-1.558523,-1.586404,validation
2017-01-03,19.103450,-0.017763610746,0.748036743949,-1.045704297674,-1.482475,-1.744937,validation
2017-01-04,15.905284,-0.013587813910,-0.931822707620,-0.241529242327,-1.406426,-1.200881,validation
2017-01-05,15.784648,-0.009412017075,-0.086656883558,-1.935979893663,-1.330377,-1.625799,validation
2017-01-06,16.387403,-0.005236220239,0.374195972045,-0.098973819560,-1.254329,-1.249162,validation
2017-01-08,26.885252,0.003115373431,0.816858910281,-1.292012038619,-1.102231,-1.420686,validation
2017-01-09,26.500000,0.007291170267,-0.587905548595,-0.062270666275,-1.026183,-0.837361,validation
2017-01-10,25.801963,0.011466967103,-0.224593990804,-1.913566499801,-0.950134,-1.208894,validation
2017-01-11,18.500000,0.015642763938,0.709149489820,-0.258654911800,-0.874085,-0.954395,validation
2017-01-12,22.428328,0.019818560773,-1.010668355888,-0.965415474789,-0.798037,-0.716832,validation
2017-01-13,19.500000,0.023994357609,0.818222964978,-1.512343899444,-0.721988,-1.079011,validation
2017-01-14,16.021470,0.028170154445,-0.208009489325,0.054291323661,-0.645939,-0.493271,validation
2017-01-15,10.800000,0.032345951280,-0.350923275166,-1.819804653810,-0.569891,-0.779251,validation
2017-01-16,18.086501,0.036521748115,0.990105205837,-0.466394099912,-0.493842,-0.659973,validation
2017-01-17,19.357668,0.040697544951,-0.855718540911,-0.682332436426,-0.417793,-0.298059,validation
2017-01-18,21.517805,0.044873341786,0.761487587024,-1.689666469423,-0.341745,-0.718048,validation
2017-01-19,19.644150,0.049049138621,0.189861382832,0.100837248987,-0.265696,-0.166919,validation
2017-01-20,18.462898,0.053224935457,-0.447055548610,-1.660365690762,-0.189647,-0.341360,validation
2017-01-21,20.023513,0.057400732293,1.206211086611,-0.706068253849,-0.113599,-0.360613,validation
2017-01-22,17.482313,0.061576529128,-0.630298901554,-0.415353652939,-0.037550,0.104804,validation
2017-01-24,13.531574,0.069928122799,0.586403641388,0.075108849773,0.114547,0.144667,validation
2017-01-25,9.334970,0.074103919635,-0.496584460394,-1.445668516962,0.190596,0.099688,validation
2017-01-26,13.426369,0.078279716470,1.351302868552,-0.959245775532,0.266645,-0.051391,validation
2017-01-27,11.301982,0.082455513305,-0.341246960742,-0.182671711652,0.342693,0.489199,validation
2017-01-28,12.850912,0.086631310141,0.531172186572,-1.863701604964,0.418742,0.062207,validation
2017-01-29,10.914962,0.090807106976,0.962409902891,-0.019927673052,0.494791,0.445530,validation
2017-01-30,12.528271,0.094982903812,-0.486472455318,-1.190126463317,0.570839,0.538577,validation
2017-01-31,13.909332,0.099158700647,1.424349651230,-1.206518955216,0.646888,0.271907,validation
2017-02-01,12.537521,0.103334497483,0.000000000000,0.000000000000,0.722937,0.853904,validation
2017-02-02,12.850912,0.099078233014,0.764173184663,-1.822911069479,0.645422,0.260214,validation
2017-02-03,14.410294,0.094821968546,0.425393162296,0.132781945844,0.567908,0.647548,validation
2017-02-04,13.531574,0.090565704077,0.208281981730,-1.845931131183,0.490394,0.196531,validation
2017-02-05,10.431999,0.086309439609,0.858538222988,0.014890706613,0.412880,0.387777,validation
2017-02-06,12.821357,0.082053175141,-0.292346559107,-1.624322544070,0.335366,0.173769,validation
2017-02-07,12.300000,0.077796910672,1.176927016448,-0.325998597128,0.257852,0.102186,validation
2017-02-08,11.604740,0.073540646204,-0.626036704253,-1.215554373476,0.180338,0.160082,validation
2017-02-09,20.861547,0.069284381735,1.286831447646,-0.806284488047,0.102824,-0.175155,validation
2017-02-10,17.927080,0.065028117267,-0.722979704115,-0.724034001439,0.025309,0.121346,validation
2017-02-11,20.812280,0.060771852798,1.146809843345,-1.307405795993,-0.052205,-0.412246,validation
2017-02-12,18.663458,0.056515588330,-0.572741340055,-0.274922484305,-0.129719,0.029723,validation
2017-02-13,17.854160,0.052259323862,0.778100235788,-1.705575975673,-0.207233,-0.587181,validation
2017-02-14,18.773069,0.048003059394,-0.226878753573,0.017254966272,-0.284747,-0.129364,validation
2017-02-15,16.754595,0.043746794925,0.259294011221,-1.902827905294,-0.362261,-0.693642,validation
2017-02-16,20.507951,0.039490530456,0.213989725518,0.077331106655,-0.439775,-0.353572,validation
2017-02-17,17.619237,0.035234265988,-0.293374260608,-1.851583357275,-0.517289,-0.742485,validation
2017-02-18,21.271847,0.030978001520,0.625418950770,-0.111651918938,-0.594803,-0.624226,validation
2017-02-19,21.928328,0.026721737051,-0.755177644939,-1.566585285509,-0.672318,-0.759014,validation
2017-02-20,21.517805,0.022465472583,0.890346937132,-0.504189666039,-0.749832,-0.911002,validation
2017-02-21,17.384313,0.018209208115,-1.024177486337,-1.121200395468,-0.827346,-0.776639,validation
2017-02-22,13.061727,0.013952943646,0.928453186649,-1.003727587620,-0.904860,-1.179534,validation
2017-02-23,24.324751,0.009696679178,-1.046788911458,-0.629019286050,-0.982374,-0.828494,validation
2017-02-24,23.654907,0.005440414709,0.716302509189,-1.486876240016,-1.059888,-1.400030,validation
2017-02-25,20.700372,0.001184150241,-0.831219541684,-0.215368723352,-1.137402,-0.939130,validation
2017-02-26,19.151465,-0.003072114227,0.293222404497,-1.834356493838,-1.214916,-1.554747,validation
2017-02-27,14.620699,-0.007328378696,-0.445411078716,0.014119441467,-1.292431,-1.118354,validation
2017-02-28,14.471266,-0.011584643164,-0.248560000140,-1.960913906758,-1.369945,-1.642437,validation
2017-03-01,16.827722,-0.015840907633,0.000000000000,0.000000000000,-1.447459,-1.358772,validation
2017-03-02,18.879469,-0.011967381081,-1.049592453850,-1.543637289867,-1.376915,-1.420065,validation
2017-03-03,17.869628,-0.008093854530,0.787173480979,-1.016570278384,-1.306371,-1.566335,validation
2017-03-04,12.253195,-0.004220327978,-0.921987842961,-0.276710103619,-1.235827,-1.036016,validation
2017-03-05,14.673636,-0.000346801426,-0.013141831139,-1.937874427839,-1.165284,-1.470994,validation
2017-03-06,13.035780,0.003526725125,0.377681788871,-0.084706119379,-1.094740,-1.084124,validation
2017-03-07,17.049716,0.007400251677,-1.045372431481,-1.285834494574,-1.024196,-1.007716,validation
2017-03-08,21.924530,0.011273778228,0.865289994954,-1.260091087359,-0.953652,-1.271224,validation
2017-03-09,17.384313,0.015147304780,-0.585119562507,-0.084531967129,-0.883109,-0.696617,validation
2017-03-10,20.739721,0.019020831332,-0.151832076112,-1.920710966623,-0.812565,-1.083105,validation
2017-03-11,18.693911,0.022894357883,0.718452339758,-0.231565195950,-0.742021,-0.815794,validation
2017-03-12,17.384313,0.026767884435,-0.973313436838,-1.003065653978,-0.671477,-0.602285,validation
2017-03-13,17.681786,0.030641410986,0.875010873295,-1.480213892075,-0.600933,-0.959058,validation
2017-03-14,15.776381,0.034514937538,-0.209919268541,0.046359251366,-0.530390,-0.376776,validation
2017-03-15,10.912031,0.038388464090,-0.281629716907,-1.831809432058,-0.459846,-0.681912,validation
2017-03-16,12.470766,0.042261990641,1.007086830390,-0.428496827861,-0.389302,-0.548559,validation
2017-03-17,10.789604,0.046135517193,-0.829215904226,-0.714306936556,-0.318758,-0.208458,validation
2017-03-18,9.788124,0.050009043744,0.825041925393,-1.659562265829,-0.248214,-0.627782,validation
2017-03-19,16.746585,0.053882570296,0.185899389989,0.107966181250,-0.177671,-0.074993,validation
2017-03-20,17.386665,0.057756096848,-0.383743550403,-1.676131880910,-0.107127,-0.271797,validation
2017-03-21,15.079330,0.061629623399,1.232129204811,-0.659801011799,-0.036583,-0.277116,validation
2017-03-22,18.907221,0.065503149951,-0.614087727313,-0.438967501807,0.033961,0.169915,validation
2017-03-23,11.620731,0.069376676502,0.728403767039,-1.783707248628,0.104504,-0.276725,validation
2017-03-24,15.622368,0.073250203054,0.583132319497,0.097299814246,0.175048,0.211536,validation
2017-03-25,14.710735,0.077123729606,-0.441383556535,-1.463467416730,0.245592,0.142216,validation
2017-03-26,11.706568,0.080997256157,1.386720298816,-0.907293051217,0.316136,0.003532,validation
2017-03-27,15.595220,0.084870782709,-0.334071401392,-0.195486467760,0.386680,0.530102,validation
2017-03-28,13.909332,0.088744309260,0.601490597442,-1.842210375333,0.457223,0.093357,validation
2017-03-29,13.400000,0.092617835812,0.962473194954,0.016595571924,0.527767,0.486719,validation
2017-03-30,8.487049,0.096491362364,-0.440974600708,-1.207724563624,0.598311,0.554816,validation
2017-03-31,13.878219,0.100364888915,1.469093669271,-1.151618075907,0.668855,0.297717,validation
2017-04-01,6.674504,0.104238415467,0.000000000000,0.000000000000,0.739399,0.870687,validation
2017-04-02,11.300000,0.100567798209,1.341458271108,-1.411325630299,0.672550,0.270342,validation
2017-04-03,12.895110,0.096897180951,-0.485184486718,-0.638182615261,0.605702,0.688454,validation
2017-04-04,14.867524,0.093226563693,1.450594176911,-0.673094325701,0.538853,0.267808,validation
2017-04-05,16.545925,0.089555946435,-0.399294093821,-1.399014903003,0.472005,0.378911,validation
2017-04-06,20.100000,0.085885329177,0.985126909216,-0.039747020330,0.405156,0.345984,validation
2017-04-07,15.422602,0.082214711920,0.177512273727,-1.843349218995,0.338308,0.047506,validation
2017-04-08,16.200088,0.078544094662,0.186943991635,0.113527627407,0.271459,0.383855,validation
2017-04-09,15.579822,0.074873477404,0.878333097828,-1.716903476775,0.204611,-0.187542,validation
2017-04-10,12.996008,0.071202860146,-0.507728795157,-0.308049978145,0.137762,0.283944,validation
2017-04-11,14.128700,0.067532242888,1.263830371914,-1.098786585213,0.070914,-0.264297,validation
2017-04-12,10.300000,0.063861625630,-0.723125641072,-1.063489879839,0.004066,0.029255,validation
2017-04-13,10.694432,0.060191008372,1.078845670817,-0.355291161685,-0.062783,-0.213282,validation
2017-04-14,13.024518,0.056520391114,-0.363424438803,-1.716794110671,-0.129631,-0.306804,validation
2017-04-15,9.191510,0.052849773856,0.401437455259,0.074056935427,-0.196480,-0.139648,validation
2017-04-16,8.534643,0.049179156598,0.331283798062,-1.891621856125,-0.263328,-0.603296,validation
2017-04-17,12.736766,0.045508539341,-0.402712651223,-0.066775599694,-0.330177,-0.161760,validation
2017-04-18,13.217676,0.041837922083,0.925231407632,-1.491109044800,-0.397025,-0.762395,validation
2017-04-19,17.889204,0.038167304825,-0.893893450029,-0.700781200523,-0.463874,-0.342057,validation
2017-04-20,12.894153,0.034496687567,1.041504721495,-0.754446374767,-0.530722,-0.766528,validation
2017-04-21,11.385383,0.030826070309,-0.815198217756,-1.462891326991,-0.597570,-0.650582,validation
2017-04-22,9.485308,0.027155453051,0.582198257671,-0.117168712684,-0.664419,-0.688634,validation
2017-04-23,13.024985,0.023484835793,-0.242583186680,-1.913211952932,-0.731267,-0.982482,validation
2017-04-24,12.756568,0.019814218535,-0.214398968103,0.043239572954,-0.798116,-0.649566,validation
2017-04-25,13.900000,0.016143601277,0.459498272717,-1.793964405406,-0.864964,-1.219249,validation
2017-04-26,12.597678,0.012472984019,-0.912987373191,-0.372167850949,-0.931813,-0.747498,validation
2017-04-27,16.420739,0.008802366762,0.850971820405,-1.180053148405,-0.998661,-1.297943,validation
2017-04-29,16.972310,0.001461132246,0.673188306941,-0.435314300215,-1.132358,-1.247954,validation
2017-04-30,19.269102,-0.002209485012,-0.781992367983,-1.783210100992,-1.199206,-1.336348,validation
2017-05-01,13.382692,-0.005880102270,0.000000000000,0.000000000000,-1.266055,-1.173834,validation
2017-05-02,6.277080,-0.015254843165,0.720297226566,-1.369603294264,-1.436786,-1.760641,validation
2017-05-03,12.625706,-0.024629584059,-0.743097322088,-1.732450581558,-1.607516,-1.749013,validation
2017-05-04,15.799467,-0.034004324953,-0.778798016136,-0.160418626043,-1.778247,-1.590402,validation
2017-05-05,13.548248,-0.043379065848,0.791558137263,-0.377981223769,-1.948977,-2.089693,validation
2017-05-06,11.633182,-0.052753806742,0.284421137445,-1.806365701488,-2.119708,-2.469785,validation
2017-05-07,4.724307,-0.062128547637,-0.988233574684,-0.955265575429,-2.290439,-2.240202,validation
2017-05-08,10.152978,-0.071503288531,0.126327939089,0.184392955496,-2.461169,-2.376488,validation
2017-05-09,7.101408,-0.080878029425,1.040556279076,-1.072181817374,-2.631900,-2.974421,validation
2017-05-10,4.030509,-0.090252770320,-0.351378231802,-1.647815820428,-2.802631,-3.019706,validation
2017-05-11,8.534643,-0.099627511214,-0.609922252441,-0.102720368004,-2.973361,-2.826942,validation
2017-05-12,9.949036,-0.109002252109,0.979134725476,-0.096597942261,-3.144092,-3.283138,validation
2017-05-13,13.650000,-0.118376993003,0.687274832768,-1.588547273152,-3.314823,-3.714819,validation
2017-05-14,9.980887,-0.127751733897,-0.691180328704,-0.935414286598,-3.485553,-3.507458,validation
2017-05-15,7.685408,-0.137126474792,0.250910216750,0.347905219017,-3.656284,-3.583164,validation
2017-05-16,10.311066,-0.146501215686,1.340719522928,-0.768826614394,-3.827015,-4.183386,validation
2017-05-17,9.848305,-0.155875956580,0.050217151093,-1.544701084320,-3.997745,-4.288325,validation
2017-05-18,2.921453,-0.165250697475,-0.424946583590,-0.058432691051,-4.168476,-4.069136,validation
2017-05-19,11.159687,-0.174625438370,1.150321051332,0.171731223775,-4.339207,-4.476370,validation
2017-05-20,5.136301,-0.184000179264,1.080659945900,-1.352036691856,-4.509937,-4.954285,validation
2017-05-21,4.377549,-0.193374920158,-0.373905923502,-0.910071608970,-4.680668,-4.777181,validation
2017-05-22,-14.912004,-0.202749661053,0.376779675799,0.490503520813,-4.851398,-4.794411,validation
2017-05-23,5.821507,-0.212124401947,1.620140813245,-0.462501227129,-5.022129,-5.388034,validation
2017-05-24,7.583020,-0.221499142842,0.458917397528,-1.421874130040,-5.192860,-5.554119,validation
2017-05-25,6.385257,-0.230873883735,-0.222103512715,-0.025090633124,-5.363590,-5.316789,validation
2017-05-26,-5.881804,-0.240248624630,1.307173553749,0.424776668510,-5.534321,-5.670217,validation
2017-05-27,-3.487580,-0.249623365525,1.461977078040,-1.098396765393,-5.705052,-6.188043,validation
2017-05-28,0.574738,-0.258998106419,-0.037415051422,-0.876375606756,-5.875782,-6.048596,validation
2017-05-29,-0.069386,-0.268372847313,0.506942325293,0.612592821003,-6.046513,-6.010680,validation
2017-05-30,-3.440808,-0.277747588208,1.878608641905,-0.156231297111,-6.217244,-6.588958,validation
2017-05-31,-12.591881,-0.287122329102,0.871802077051,-1.278515708431,-6.387974,-6.816397,validation
2017-06-01,-9.166971,-0.296497069997,0.000000000000,0.000000000000,-6.558705,-6.569590,validation
2017-06-02,-17.931505,-0.313638018901,1.900108857716,-0.185535888480,-6.870872,-7.265236,validation
2017-06-03,-6.078720,-0.330778967805,-0.094970360627,-0.588244758462,-7.183039,-7.311248,validation
2017-06-04,-6.293524,-0.347919916709,1.545387266957,0.424409643312,-7.495206,-7.711864,validation
2017-06-05,-13.644305,-0.365060865613,0.169104007572,-1.036704741771,-7.807373,-8.087928,validation
2017-06-06,-9.778524,-0.382201814518,0.892734765796,0.790039655152,-8.119540,-8.156067,validation
2017-06-07,-9.148430,-0.399342763422,0.640571074628,-1.160447664976,-8.431707,-8.834197,validation
2017-06-08,-8.089706,-0.416483712326,0.143710392883,0.782620926214,-8.743874,-8.660514,validation
2017-06-09,-11.317817,-0.433624661230,1.087871262063,-0.899653382451,-9.056041,-9.496338,validation
2017-06-10,-7.394881,-0.450765610134,-0.462995129801,0.417154371517,-9.368209,-9.264662,validation
2017-06-11,-4.927386,-0.467906559038,1.288756390095,-0.342662342414,-9.680376,-10.053050,validation
2017-06-12,-12.032592,-0.485047507942,-0.743525944249,-0.153404748547,-9.992543,-9.969555,validation
2017-06-13,-11.331248,-0.502188456847,1.115920981464,0.308061622143,-10.304710,-10.523653,validation
2017-06-14,-18.549399,-0.519329405751,-0.639699957560,-0.697079856974,-10.616877,-10.737417,validation
2017-06-15,-15.561117,-0.536470354655,0.586052534938,0.813939770352,-10.929044,-10.960644,validation
2017-06-16,-20.352314,-0.553611303559,-0.241426161537,-0.992252675189,-11.241211,-11.506215,validation
2017-06-17,-14.775416,-0.570752252463,-0.146598098903,0.992201854900,-11.553378,-11.429470,validation
2017-06-18,-17.386665,-0.587893201367,0.247936929731,-0.913051828527,-11.865545,-12.213551,validation
2017-06-19,-23.609814,-0.605034150272,-0.849648931977,0.786306741862,-12.177712,-11.983313,validation
2017-06-20,-17.336618,-0.622175099176,0.589934473710,-0.477850565948,-12.489879,-12.820710,validation
2017-06-21,-13.061727,-0.639316048080,-1.302122656935,0.287727475599,-12.802046,-12.642599,validation
2017-06-22,-14.994229,-0.656456996984,0.602890963310,0.157812376746,-13.114213,-13.327575,validation
2017-06-23,-15.679496,-0.673597945888,-1.379588289094,-0.299292906654,-13.426380,-13.387125,validation
2017-06-24,-18.107687,-0.690738894792,0.231909047864,0.761161208084,-13.738547,-13.772672,validation
2017-06-25,-13.900000,-0.707879843696,-1.102103909847,-0.736435371705,-14.050714,-14.163848,validation
2017-06-26,-21.262003,-0.725020792601,-0.429978744871,1.111870629944,-14.362882,-14.218325,validation
2017-06-27,-21.346961,-0.742161741505,-0.626488370915,-0.843128227552,-14.675049,-14.907317,validation
2017-06-28,-24.700000,-0.759302690409,-1.177655056626,1.086956263065,-14.987216,-14.726643,validation
2017-06-29,-23.645034,-0.776443639313,-0.185899639821,-0.566120648952,-15.299383,-15.564896,validation
2017-06-30,-21.907727,-0.793584588217,-1.772948567802,0.708160019355,-15.611550,-15.335594,validation
2017-07-01,-22.613880,-0.810725537121,0.000000000000,0.000000000000,-15.923717,-16.117040,validation
2017-07-02,-23.100000,-0.794700490600,-1.836490288409,-0.178702205854,-15.631872,-15.529062,validation
2017-07-03,-24.606009,-0.778675444078,-0.313007911042,1.037743000210,-15.340028,-15.250755,validation
2017-07-04,-22.428328,-0.762650397555,-0.741113973404,-0.816179065040,-15.048183,-15.261683,validation
2017-07-05,-21.913420,-0.746625351033,-1.332273950607,0.964354267665,-14.756339,-14.489140,validation
2017-07-06,-27.998058,-0.730600304512,0.295254945603,-0.138386978775,-14.464494,-14.710775,validation
2017-07-07,-23.061907,-0.714575257990,-1.548621188087,-0.152459435298,-14.172650,-14.087308,validation
2017-07-08,-24.258578,-0.698550211468,0.075361031293,0.933382222458,-13.880805,-13.854033,validation
2017-07-09,-26.800000,-0.682525164945,-0.509989095850,-0.871226465571,-13.588961,-13.826681,validation
2017-07-10,-24.012376,-0.666500118423,-0.944065661920,0.959129623201,-13.297116,-13.071813,validation
2017-07-11,-24.817155,-0.650475071902,0.583387214454,-0.274540211901,-13.005272,-13.302775,validation
2017-07-12,-28.362463,-0.634450025380,-1.253636688133,-0.123959845781,-12.713427,-12.646354,validation
2017-07-14,-19.794636,-0.602399932335,-0.278553833115,-0.918815595205,-12.129738,-12.390186,validation
2017-07-15,-20.715506,-0.586374885813,-0.551832680050,0.947618168058,-11.837894,-11.656508,validation
2017-07-16,-22.017483,-0.570349839292,0.864616203414,-0.407853221360,-11.546049,-11.892954,validation
2017-07-17,-22.065713,-0.554324792770,-0.951368541719,-0.093826047595,-11.254205,-11.206359,validation
2017-07-19,-24.107912,-0.522274699727,-0.046165559961,-0.959001082903,-10.670516,-10.952325,validation
2017-07-20,-22.256655,-0.506249653204,-0.156132691499,0.929495963455,-10.378671,-10.243194,validation
2017-07-21,-25.703005,-0.490224606682,1.139212840442,-0.537740730624,-10.086827,-10.481240,validation
2017-07-22,-29.059539,-0.474199560160,-0.641702872445,-0.062692849952,-9.794982,-9.767477,validation
2017-07-23,-31.356481,-0.458174513638,1.211326544950,0.586410785726,-9.503138,-9.665706,validation
2017-07-24,-28.300000,-0.442149467117,0.187811232703,-0.991892823378,-9.211293,-9.513233,validation
2017-07-25,-24.723539,-0.426124420594,0.242450736967,0.904488418048,-8.919449,-8.831823,validation
2017-07-26,-28.690407,-0.410099374072,1.407497562189,-0.663643033591,-8.627604,-9.067572,validation
2017-07-27,-27.747106,-0.394074327550,-0.324581024398,-0.031202522309,-8.335760,-8.329850,validation
2017-07-28,-31.590257,-0.378049281029,1.578746459423,0.460969250481,-8.043915,-8.269624,validation
2017-07-29,-32.341288,-0.362024234507,0.424000198298,-1.017655157520,-7.752071,-8.073055,validation
2017-07-30,-27.037837,-0.345999187984,0.643312514498,0.872372337681,-7.460226,-7.422334,validation
2017-07-31,-26.150151,-0.329974141462,1.669837922032,-0.785030172633,-7.168382,-7.651908,validation
2017-08-01,-27.196115,-0.313949094940,0.000000000000,0.000000000000,-6.876537,-6.893614,validation
2017-08-02,-25.534888,-0.327579399125,1.811372010819,0.347348048812,-7.124769,-7.397645,validation
2017-08-03,-20.521611,-0.341209703308,0.410356791145,-1.009101181193,-7.373001,-7.682393,validation
2017-08-04,-19.862681,-0.354840007492,0.657740166693,0.875612799322,-7.621233,-7.588379,validation
2017-08-05,-21.890077,-0.368470311676,1.420308864117,-0.839248330256,-7.869465,-8.333399,validation
2017-08-06,-24.600151,-0.382100615859,-0.308496050245,0.094553299453,-8.117697,-8.084306,validation
2017-08-07,-26.698018,-0.395730920043,1.524038456851,0.294040002783,-8.365929,-8.622802,validation
2017-08-08,-28.917666,-0.409361224227,0.020683976163,-0.953608930336,-8.614161,-8.866714,validation
2017-08-09,-31.295997,-0.422991528410,0.414358073494,0.900941269448,-8.862393,-8.805053,validation
2017-08-10,-27.008036,-0.436621832594,1.039896977394,-0.873364493387,-9.110625,-9.537972,validation
2017-08-11,-26.205953,-0.450252136777,-0.610982851566,0.187867547903,-9.358857,-9.276327,validation
2017-08-12,-28.989266,-0.463882440962,1.231076069195,0.238290123153,-9.607089,-9.847463,validation
2017-08-13,-27.870059,-0.477512745146,-0.365787874802,-0.892882164206,-9.855321,-10.050521,validation
2017-08-14,-26.392848,-0.491143049329,0.171367218865,0.920146566180,-10.103553,-10.023067,validation
2017-08-15,-24.855058,-0.504773353513,0.655643960916,-0.902696093609,-10.351785,-10.740867,validation
2017-08-16,-21.723923,-0.518403657697,-0.907575820016,0.279476201215,-10.600017,-10.469753,validation
2017-08-17,-23.012098,-0.532033961880,0.932310992977,0.180546471851,-10.848249,-11.071502,validation
2017-08-18,-26.836011,-0.545664266064,-0.748658875051,-0.827187481597,-11.096481,-11.233938,validation
2017-08-19,-23.974530,-0.559294570248,-0.071712859655,0.933216851924,-11.344713,-11.242339,validation
2017-08-20,-25.062107,-0.572924874431,0.267936088043,-0.926957162567,-11.592945,-11.942093,validation
2017-08-21,-26.517850,-0.586555178616,-1.198426534922,0.368923178088,-11.841177,-11.664652,validation
2017-08-22,-25.501647,-0.600185482800,0.627604976772,0.121269343172,-12.089409,-12.294800,validation
2017-08-23,-25.209680,-0.613815786983,-1.127551230805,-0.756821963088,-12.337641,-12.417095,validation
2017-08-24,-23.061907,-0.627446091167,-0.315362079284,0.940177931571,-12.585873,-12.462778,validation
2017-08-25,-27.361399,-0.641076395350,-0.122819170042,-0.945892842957,-12.834105,-13.141671,validation
2017-08-26,-24.717276,-0.654706699534,-1.483721807459,0.455765662667,-13.082337,-12.861083,validation
2017-08-27,-26.839728,-0.668337003718,0.316856220308,0.060928442507,-13.330569,-13.517241,validation
2017-08-28,-29.315849,-0.681967307901,-1.502111559895,-0.682111347917,-13.578801,-13.600123,validation
2017-08-29,-27.530241,-0.695597612086,-0.560056862977,0.941093093934,-13.827033,-13.684286,validation
2017-08-30,-27.818664,-0.709227916270,-0.516195645143,-0.959280952516,-14.075265,-14.339629,validation
2017-08-31,-24.450000,-0.722858220453,-1.763682535311,0.539576818656,-14.323497,-14.059094,validation
2017-09-01,-25.200000,-0.736488524637,0.000000000000,0.000000000000,-14.571729,-14.738715,validation
2017-09-02,-28.280233,-0.725114286453,-1.877292978599,-0.341742837821,-14.364584,-14.263651,validation
2017-09-03,-27.362376,-0.713740048269,-0.077209374529,0.609623844877,-14.157439,-14.176046,validation
2017-09-04,-28.549009,-0.702365810086,-1.359671095577,-0.825040713089,-13.950294,-14.033925,validation
2017-09-05,-24.400000,-0.690991571902,-0.468511473918,0.976125537462,-13.743149,-13.607823,validation
2017-09-06,-22.514000,-0.679617333718,-0.620570344172,-0.978626999839,-13.536004,-13.775263,validation
2017-09-07,-20.521611,-0.668243095534,-0.966111228066,0.959921822016,-13.328859,-13.100078,validation
2017-09-08,-25.104106,-0.656868857351,0.098815760255,-0.735509425456,-13.121714,-13.430743,validation
2017-09-09,-24.216332,-0.645494619167,-1.319992836788,0.573437516450,-12.914569,-12.694823,validation
2017-09-10,-27.377656,-0.634120380983,0.565124230600,-0.186263884577,-12.707424,-12.977544,validation
2017-09-11,-24.058102,-0.622746142799,-1.337224403024,-0.023829543715,-12.500279,-12.393361,validation
2017-09-12,-29.296155,-0.611371904615,0.645512853262,0.456941711164,-12.293134,-12.436013,validation
2017-09-13,-27.477584,-0.599997666432,-0.958589214754,-0.588659997700,-12.085989,-12.155770,validation
2017-09-14,-24.425057,-0.588623428248,0.360424242608,0.944619133667,-11.878844,-11.861581,validation
2017-09-15,-26.703005,-0.577249190064,-0.282106233959,-0.890718091585,-11.671699,-11.916758,validation
2017-09-16,-26.399159,-0.565874951880,-0.124533831155,1.089054923409,-11.464554,-11.322747,validation
2017-09-17,-24.403956,-0.554500713697,0.475902391083,-0.804039526440,-11.257409,-11.611598,validation
2017-09-18,-25.901062,-0.543126475513,-0.564366760235,0.838868942261,-11.050264,-10.873872,validation
2017-09-19,-24.516174,-0.531752237329,1.066733061830,-0.357063650257,-10.843119,-11.201835,validation
2017-09-20,-22.350000,-0.520377999145,-0.732003347833,0.299422226779,-10.635974,-10.533583,validation
2017-09-21,-22.243520,-0.509003760962,1.308084164811,0.278662464225,-10.428828,-10.690565,validation
2017-09-22,-25.453035,-0.497629522778,-0.508486995622,-0.309031723278,-10.221683,-10.277382,validation
2017-09-23,-21.271847,-0.486255284594,1.156465074749,0.856621389723,-10.014538,-10.121198,validation
2017-09-24,-19.931999,-0.474881046410,0.069775516948,-0.738830187962,-9.807393,-10.047366,validation
2017-09-25,-19.378817,-0.463506808227,0.724470345184,1.153240446882,-9.600248,-9.560222,validation
2017-09-26,-18.319915,-0.452132570043,0.825474566260,-0.813271232331,-9.393103,-9.775237,validation
2017-09-27,-26.669303,-0.440758331859,0.236057891565,1.056693303615,-9.185958,-9.070792,validation
2017-09-28,-24.458535,-0.429384093675,1.510823902079,-0.496798554052,-8.978813,-9.409420,validation
2017-09-29,-21.764251,-0.418009855491,-0.062405621331,0.611316659500,-8.771668,-8.687645,validation
2017-09-30,-27.973705,-0.406635617308,1.905979718164,0.090875786921,-8.564523,-8.935555,validation
2017-10-01,-24.492626,-0.395261379124,0.000000000000,0.000000000000,-8.357378,-8.403303,validation
2017-10-02,-25.309559,-0.401398805569,1.595239635902,0.923020235355,-8.469152,-8.610179,validation
2017-10-03,-28.769790,-0.407536232015,0.728359154594,-0.824776833965,-8.580925,-8.932304,validation
2017-10-04,-29.686602,-0.413673658461,0.328361034794,1.029831044822,-8.692698,-8.589961,validation
2017-10-05,-27.225689,-0.419811084906,1.628281876913,-0.325790986002,-8.804472,-9.217136,validation
2017-10-06,-24.548680,-0.425948511352,-0.313854510685,-0.043009688655,-8.916245,-8.926008,validation
2017-10-07,-20.297361,-0.432085937797,1.336857586589,0.775252991454,-9.028019,-9.164522,validation
2017-10-08,-28.854867,-0.438223364243,0.364180947667,-0.919079020250,-9.139792,-9.456681,validation
2017-10-10,-22.427450,-0.450498217134,1.295739483000,-0.484611154635,-9.363339,-9.760546,validation
2017-10-11,-25.104106,-0.456635643580,-0.623883088559,-0.085449156831,-9.475112,-9.449277,validation
2017-10-12,-29.364145,-0.462773070025,1.075681957450,0.624810149484,-9.586886,-9.718922,validation
2017-10-13,-25.953005,-0.468910496471,0.000737420929,-1.009583423196,-9.698659,-9.980400,validation
2017-10-15,-29.326238,-0.481185349362,0.959859840591,-0.641475387239,-9.922206,-10.302956,validation
2017-10-16,-23.609814,-0.487322775808,-0.930057685752,-0.127557345405,-10.033979,-9.973165,validation
2017-10-17,-23.560005,-0.493460202253,0.811551823751,0.471870546401,-10.145753,-10.273314,validation
2017-10-18,-25.104106,-0.499597628699,-0.361736758437,-1.096343059269,-10.257526,-10.503515,validation
2017-10-19,-28.690407,-0.505735055144,-0.407883224419,0.788681119576,-10.369300,-10.217968,validation
2017-10-20,-25.750982,-0.511872481590,0.620770994455,-0.796180007678,-10.481073,-10.844345,validation
2017-10-21,-24.324751,-0.518009908036,-1.232365162331,-0.169574476721,-10.592846,-10.497724,validation
2017-10-22,-25.212526,-0.524147334481,0.544317689340,0.316622677116,-10.704620,-10.827631,validation
2017-10-24,-25.767850,-0.536422187372,-0.650707377913,0.701016884021,-10.928167,-10.762611,validation
2017-10-25,-31.778611,-0.542559613818,0.278613403171,-0.948529693621,-11.039940,-11.384697,validation
2017-10-26,-27.694213,-0.548697040264,-1.530807337132,-0.211741125340,-11.151713,-11.023003,validation
2017-10-27,-25.602204,-0.554834466709,0.273842064945,0.159263965358,-11.263487,-11.381807,validation
2017-10-28,-26.800000,-0.560971893155,-1.082858047714,-1.258912262926,-11.375260,-11.548154,validation
2017-10-29,-26.698018,-0.567109319600,-0.892618915318,0.609593653237,-11.487034,-11.308196,validation
2017-11-01,-26.445204,-0.585521598937,0.000000000000,0.000000000000,-11.822354,-11.935779,validation
2017-11-03,-28.192310,-0.557615485770,-1.050982540729,0.504180787819,-11.314134,-11.125564,validation
2017-11-04,-28.300000,-0.543662429187,-0.056444436920,-1.139290948113,-11.060024,-11.385010,validation
2017-11-05,-26.100301,-0.529709372604,-1.792383140555,-0.471435949818,-10.805914,-10.677719,validation
2017-11-06,-27.998058,-0.515756316020,0.046159560578,0.052136148232,-10.551804,-10.637889,validation
2017-11-07,-29.188505,-0.501803259437,-1.023179975508,-1.508027764540,-10.297695,-10.511948,validation
2017-11-08,-26.032637,-0.487850202853,-1.080130193252,0.362960131690,-10.043585,-9.854377,validation
2017-11-10,-30.430560,-0.459944089686,-1.652403409619,-0.732881221986,-9.535365,-9.461651,validation
2017-11-11,-31.036451,-0.445991033104,0.069168615024,0.087683074376,-9.281255,-9.339314,validation
2017-11-12,-26.589809,-0.432037976520,-0.725330773671,-1.634805816141,-9.027145,-9.296084,validation
2017-11-13,-25.602204,-0.418084919937,-1.098841022145,0.195240023945,-8.773035,-8.590552,validation
2017-11-14,-28.192310,-0.404131863353,0.379655165253,-1.035401481945,-8.518925,-8.850624,validation
2017-11-15,-22.182126,-0.390178806770,-1.484178268906,-0.990673406422,-8.264815,-8.249862,validation
2017-11-16,-20.237799,-0.376225750186,0.072146497862,0.102984003692,-8.010706,-8.041368,validation
2017-11-17,-23.609814,-0.362272693602,-0.424129954484,-1.733301103038,-7.756596,-8.074947,validation
2017-11-18,-27.338828,-0.348319637020,-1.102807477561,0.003152895978,-7.502486,-7.334415,validation
2017-11-19,-25.462297,-0.334366580436,0.558834249457,-0.966061354435,-7.248376,-7.572887,validation
2017-11-20,-24.107912,-0.320413523853,-1.288724253056,-1.240114747638,-6.994266,-7.041196,validation
2017-11-21,-27.300000,-0.306460467269,0.058783024001,0.094958806467,-6.740156,-6.745350,validation
2017-11-22,-30.400000,-0.292507410686,-0.124381272594,-1.803352769895,-6.486046,-6.847647,validation
2017-11-23,-33.272903,-0.278554354102,-1.088141969068,-0.210474845700,-6.231936,-6.086071,validation
2017-11-24,-29.847108,-0.264601297520,0.710075567849,-0.891186837602,-5.977826,-6.289019,validation
2017-11-25,-32.877239,-0.250648240936,-1.067833387062,-1.476745360032,-5.723717,-5.834408,validation
2017-11-26,-28.441359,-0.236695184353,0.033233416823,0.061191690542,-5.469607,-5.452501,validation
2017-11-27,-26.800000,-0.222742127769,0.169152842723,-1.845610059879,-5.215497,-5.613470,validation
2017-11-28,-24.700000,-0.208789071186,-1.051487552130,-0.442203309156,-4.961387,-4.845407,validation
2017-11-29,-25.801963,-0.194836014602,0.832846298501,-0.815554787121,-4.707277,-4.999916,validation
2017-11-30,-26.791635,-0.180882958019,-0.824022147736,-1.696470212762,-4.453167,-4.628199,validation
2017-12-01,-28.192310,-0.166929901436,0.000000000000,0.000000000000,-4.199057,-4.163974,validation
2017-12-02,-29.794252,-0.185497663252,0.385182939067,-1.802328104404,-4.537209,-4.951514,validation
2017-12-03,-31.356481,-0.204065425069,-1.072943911763,-0.509344462146,-4.875361,-4.767814,validation
2017-12-04,-23.356049,-0.222633186887,0.797780028406,-0.593857899740,-5.213513,-5.463742,validation
2017-12-06,-24.754780,-0.259768710520,-0.177141832157,0.261830236638,-5.889816,-5.801730,validation
2017-12-07,-30.284319,-0.278336472336,0.327686310593,-1.510077611156,-6.227968,-6.604295,validation
2017-12-08,-31.653886,-0.296904234153,-1.208113147590,-0.313048816839,-6.566120,-6.426659,validation
2017-12-09,-32.276708,-0.315471995971,0.667443914637,-0.274205018281,-6.904272,-7.097844,validation
2017-12-10,-33.272903,-0.334039757787,-0.883420392671,-1.348187527892,-7.242424,-7.388907,validation
2017-12-11,-32.774806,-0.352607519604,-0.354449282914,0.519433339651,-7.580576,-7.440334,validation
2017-12-12,-23.700000,-0.371175281420,0.267793463440,-1.214340827007,-7.918728,-8.255924,validation
2017-12-13,-28.192310,-0.389743043237,-1.339276578433,-0.118113176914,-8.256879,-8.086501,validation
2017-12-14,-29.686602,-0.408310805055,0.533084305898,0.044141120497,-8.595031,-8.731500,validation
2017-12-15,-29.323636,-0.426878566871,-0.941387214582,-1.126818236336,-8.933183,-9.056317,validation
2017-12-16,-29.542159,-0.445446328688,-0.531647208916,0.772807483864,-9.271335,-9.079836,validation
2017-12-17,-28.775484,-0.464014090504,0.205282832942,-0.915280896973,-9.609487,-9.906398,validation
2017-12-18,-26.836011,-0.482581852321,-1.466354267531,0.075725739439,-9.947639,-9.747299,validation
2017-12-19,-25.278193,-0.501149614137,0.394794659671,0.360921726152,-10.285791,-10.364779,validation
2017-12-20,-25.602204,-0.519717375955,-0.997141490289,-0.901843292621,-10.623942,-10.723372,validation
2017-12-21,-30.293301,-0.538285137772,-0.708460930139,1.021968734190,-10.962094,-10.720280,validation
2017-12-22,-28.896424,-0.556852899588,0.139943928646,-0.613075024230,-11.300246,-11.555713,validation
2017-12-23,-28.690407,-0.575420661405,-1.589283562348,0.268735853583,-11.638398,-11.409008,validation
2017-12-24,-27.335701,-0.593988423221,0.252685059885,0.675884629021,-11.976550,-11.997755,validation
2017-12-25,-31.778611,-0.612556185039,-1.050922292172,-0.673126492511,-12.314702,-12.390003,validation
2017-12-26,-28.336765,-0.631123946856,-0.884617391891,1.266950977674,-12.652854,-12.361709,validation
2017-12-27,-29.188505,-0.649691708672,0.071578224762,-0.307913720477,-12.991005,-13.203876,validation
2017-12-28,-26.702867,-0.668259470489,-1.708019359621,0.461188593028,-13.329157,-13.071582,validation
2017-12-29,-23.809053,-0.686827232305,0.106881749449,0.988785351046,-13.667309,-13.630500,validation
2017-12-30,-24.107912,-0.705394994123,-1.102977041151,-0.440547461236,-14.005461,-14.056140,validation
2017-12-31,-22.514000,-0.723962755940,-1.059846319933,1.507805780132,-14.343613,-14.004160,validation
2018-01-01,-30.284319,-0.742530517756,0.000000000000,0.000000000000,-14.681765,-14.850894,holdout
2018-01-02,-29.938156,-0.729686400832,-1.745063095672,0.594649411627,-14.447851,-14.177759,holdout
2018-01-03,-32.097933,-0.716842283907,0.110548297274,1.187770529929,-14.213936,-14.147127,holdout
2018-01-04,-35.000000,-0.703998166981,-0.916511080333,-0.376669090299,-13.980022,-14.050204,holdout
2018-01-05,-31.665280,-0.691154050056,-0.930026449102,1.513972714565,-13.746108,-13.416889,holdout
2018-01-06,-30.900000,-0.678309933132,0.316774586086,0.031713443117,-13.512194,-13.708454,holdout
2018-01-07,-32.885310,-0.665465816207,-1.467325112185,0.493290546621,-13.278280,-13.055978,holdout
2018-01-08,-30.284319,-0.652621699282,0.339745250209,1.216318800542,-13.044366,-12.989724,holdout
2018-01-09,-24.855058,-0.639777582356,-0.570579119812,-0.422987591624,-12.810452,-12.929160,holdout
2018-01-10,-22.749059,-0.626933465431,-0.722408244490,1.457584433808,-12.576537,-12.273267,holdout
2018-01-11,-21.829924,-0.614089348507,0.629053128524,0.066310376642,-12.342623,-12.564613,holdout
2018-01-12,-24.606009,-0.601245231582,-1.184259980512,0.392319518727,-12.108709,-11.935066,holdout
2018-01-13,-21.829924,-0.588401114657,0.564911214867,1.241362779653,-11.874795,-11.832330,holdout
2018-01-14,-29.938156,-0.575556997731,-0.223522006068,-0.464084698916,-11.640881,-11.807234,holdout
2018-01-15,-24.606009,-0.562712880807,-0.512560056027,1.396342690634,-11.406967,-11.131051,holdout
2018-01-16,-28.529282,-0.549868763882,0.936637038751,0.103454731180,-11.173053,-11.419406,holdout
2018-01-17,-29.347271,-0.537024646957,-0.895910253156,0.292124360594,-10.939138,-10.814936,holdout
2018-01-18,-33.882456,-0.524180530032,0.786312892530,1.262617422564,-10.705224,-10.675050,holdout
2018-01-19,-29.850000,-0.511336413108,0.124275912118,-0.499892181006,-10.471310,-10.684342,holdout
2018-01-20,-28.300000,-0.498492296182,-0.300133366395,1.330423313749,-10.237396,-9.990265,holdout
2018-01-21,-30.184358,-0.485648179257,1.239352803398,0.142796830934,-10.003482,-10.272875,holdout
2018-01-22,-30.782416,-0.472804062332,-0.602346708955,0.193088960761,-9.769568,-9.695495,holdout
2018-01-23,-27.779289,-0.459959945407,1.004237090466,1.279817924363,-9.535654,-9.517992,holdout
2018-01-24,-28.800000,-0.447115828483,0.472426326936,-0.530370059723,-9.301740,-9.560406,holdout
2018-01-25,-32.774806,-0.434271711557,-0.084793430691,1.260027116257,-9.067825,-8.850928,holdout
2018-01-26,-31.653886,-0.421427594632,1.537052911068,0.183975261405,-8.833911,-9.125068,holdout
2018-01-27,-30.782416,-0.408583477707,-0.303667975030,0.095591013206,-8.599997,-8.576647,holdout
2018-01-28,-32.276708,-0.395739360783,1.218989190027,1.292721134303,-8.366083,-8.361261,holdout
2018-01-29,-27.196155,-0.382895243858,0.820539050004,-0.555506823880,-8.132169,-8.435355,holdout
2018-01-30,-27.745204,-0.370051126932,0.133778935617,1.185378823070,-7.898255,-7.713050,holdout
2018-01-31,-29.540257,-0.357207010007,1.829616640229,0.226618799797,-7.664341,-7.976041,holdout
2018-02-01,-30.234509,-0.344362893082,0.000000000000,0.000000000000,-7.430426,-7.458293,holdout
2018-02-02,-31.280514,-0.336481207658,1.863081032924,0.514929694510,-7.286887,-7.537359,holdout
2018-02-03,-29.292159,-0.328599522234,-0.147372770577,0.476149651558,-7.143348,-7.040505,holdout
2018-02-04,-30.284319,-0.320717836809,1.708652144336,-0.163636982385,-6.999808,-7.357992,holdout
2018-02-05,-30.234509,-0.312836151386,0.041985134780,0.899957787717,-6.856269,-6.693638,holdout
2018-02-06,-28.441359,-0.304954465961,1.247432886764,-0.693856593765,-6.712729,-7.093117,holdout
2018-02-07,-28.441359,-0.297072780537,0.481474804871,1.092332817732,-6.569190,-6.439419,holdout
2018-02-08,-27.530241,-0.289191095112,0.614524382437,-0.929712510206,-6.425650,-6.736521,holdout
2018-02-09,-27.452053,-0.281309409688,0.999258830572,0.953049625305,-6.282111,-6.268006,holdout
2018-02-10,-27.050000,-0.273427724264,0.003535051281,-0.825499709773,-6.138571,-6.313248,holdout
2018-02-11,-27.249009,-0.265546038839,1.396819089672,0.494903721713,-5.995032,-6.141335,holdout
2018-02-12,-29.800000,-0.257664353416,-0.399396179563,-0.451399878819,-5.851492,-5.871063,holdout
2018-02-13,-21.892924,-0.249782667991,1.516606642371,-0.160649136995,-5.707953,-6.006099,holdout
2018-02-14,-21.935924,-0.241900982567,-0.479031254403,0.030434709111,-5.564413,-5.464176,holdout
2018-02-15,-27.800000,-0.234019297142,1.295730371702,-0.824881960954,-5.420874,-5.811906,holdout
2018-02-16,-26.749009,-0.226137611718,-0.230303166132,0.421138535262,-5.277335,-5.134768,holdout
2018-02-17,-24.323600,-0.218255926294,0.787388666035,-1.306109850472,-5.133795,-5.528458,holdout
2018-02-18,-29.268758,-0.210374240869,0.239957335645,0.552901108624,-4.990256,-4.898619,holdout
2018-02-19,-29.686602,-0.202492555446,0.142740770931,-1.475011300076,-4.846716,-5.155871,holdout
2018-02-20,-24.474530,-0.194610870021,0.749426930026,0.346152486594,-4.703177,-4.739726,holdout
2018-02-21,-22.100000,-0.186729184597,-0.440604409999,-1.308697655175,-4.559637,-4.724638,holdout
2018-02-22,-28.582967,-0.178847499172,1.102420841441,-0.163321329283,-4.416098,-4.615761,holdout
2018-02-23,-34.649893,-0.170965813748,-0.785928368095,-0.898512978561,-4.272558,-4.285237,holdout
2018-02-24,-33.870620,-0.163084128324,1.156577199154,-0.836573345313,-4.129019,-4.472493,holdout
2018-02-26,-27.377656,-0.147320757476,0.871370316388,-1.478845152160,-3.841940,-4.262268,holdout
2018-02-27,-24.200000,-0.139439072051,-0.493776667356,-0.067984019898,-3.698400,-3.579610,holdout
2018-02-28,-26.369775,-0.131557386627,0.321920806371,-1.905935602258,-3.554861,-3.960251,holdout
2018-03-01,-25.449009,-0.123675701202,0.000000000000,0.000000000000,-3.411322,-3.360893,holdout
2018-03-02,-25.200000,-0.141801545049,0.570180943088,-1.754580288115,-3.741425,-4.163311,holdout
2018-03-03,-26.589809,-0.159927388895,-1.021917889157,-0.634865456400,-4.071529,-3.983478,holdout
2018-03-04,-29.985460,-0.178053232743,0.843032959453,-0.508042245149,-4.401633,-4.626305,holdout
2018-03-05,-31.280514,-0.196179076589,-0.649980270694,-1.670057081010,-4.731737,-4.937753,holdout
2018-03-06,-28.059971,-0.214304920436,-0.238019988761,0.218846335223,-5.061840,-4.955689,holdout
2018-03-07,-25.087702,-0.232430764282,0.490027832002,-1.475142227168,-5.391944,-5.773686,holdout
2018-03-08,-25.602204,-0.250556608128,-1.191628902958,-0.498859227186,-5.722048,-5.607652,holdout
2018-03-09,-26.538828,-0.268682451976,0.658461824556,-0.203594675696,-6.052151,-6.212865,holdout
2018-03-10,-25.801963,-0.286808295823,-0.721264745777,-1.491146123755,-6.382255,-6.570576,holdout
2018-03-11,-28.192310,-0.304934139669,-0.475341363462,0.429773792270,-6.712359,-6.552253,holdout
2018-03-12,-26.800000,-0.323059983515,0.404548811867,-1.189802354130,-7.042463,-7.381886,holdout
2018-03-13,-22.514000,-0.341185827362,-1.353534077771,-0.364358179306,-7.372566,-7.233530,holdout
2018-03-14,-24.447731,-0.359311671209,0.466752174220,0.097354566945,-7.702670,-7.798879,holdout
2018-03-15,-28.791208,-0.377437515056,-0.788956222800,-1.305143829665,-8.032774,-8.202567,holdout
2018-03-16,-32.086451,-0.395563358902,-0.711261550007,0.632876074244,-8.362878,-8.150691,holdout
2018-03-17,-31.400000,-0.413689202748,0.313239365512,-0.899058517430,-8.692981,-8.987925,holdout
2018-03-18,-28.778331,-0.431815046595,-1.507530370745,-0.230661047614,-9.023085,-8.860986,holdout
2018-03-19,-29.525374,-0.449940890441,0.268243985550,0.394183546156,-9.353189,-9.384535,holdout
2018-03-20,-31.365590,-0.468066734289,-0.853700623403,-1.111758349695,-9.683293,-9.833552,holdout
2018-03-21,-28.280233,-0.486192578135,-0.945089113237,0.828309091533,-10.013396,-9.751095,holdout
2018-03-22,-29.635030,-0.504318421982,0.215641325529,-0.603451525033,-10.343500,-10.591832,holdout
2018-03-23,-29.736412,-0.522444265828,-1.653577611756,-0.097060176128,-10.673604,-10.489879,holdout
2018-03-24,-27.694213,-0.540570109674,0.063331282808,0.686303078083,-11.003708,-10.970027,holdout
2018-03-25,-32.900000,-0.558695953522,-0.916167297404,-0.910756528432,-11.333811,-11.463362,holdout
2018-03-26,-28.025491,-0.576821797369,-1.176149253583,1.016289722376,-11.663915,-11.353539,holdout
2018-03-27,-30.430560,-0.594947641215,0.111346516532,-0.303560845213,-11.994019,-12.193656,holdout
2018-03-28,-31.089305,-0.613073485061,-1.791698822734,0.037152856367,-12.324123,-12.120059,holdout
2018-03-29,-32.153973,-0.631199328908,-0.147540997401,0.973161419121,-12.654226,-12.555548,holdout
2018-03-30,-31.084089,-0.649325172755,-0.977043701722,-0.701965757593,-12.984330,-13.091839,holdout
2018-03-31,-33.866942,-0.667451016602,-1.403789171474,1.197094088764,-13.314434,-12.958082,holdout
2018-04-01,-36.680553,-0.685576860448,0.000000000000,0.000000000000,-13.644538,-13.793461,holdout
2018-04-02,-32.700000,-0.678064145083,-1.870956144411,0.428457719270,-13.507718,-13.231354,holdout
2018-04-03,-30.377434,-0.670551429718,0.130801833498,0.719389019827,-13.370898,-13.388498,holdout
2018-04-04,-27.395354,-0.663038714353,-1.546238690473,-0.207575312101,-13.234078,-13.142317,holdout
2018-04-05,-28.608665,-0.655525998988,-0.197675022969,1.286730160349,-13.097258,-12.933183,holdout
2018-04-06,-28.550000,-0.648013283623,-0.843790428852,-0.541325513021,-12.960438,-13.057904,holdout
2018-04-07,-30.732606,-0.640500568258,-0.775177095485,1.439291944550,-12.823618,-12.519547,holdout
2018-04-08,-33.870620,-0.632987852893,-0.052112034384,-0.399582858002,-12.686799,-12.890710,holdout
2018-04-09,-32.575567,-0.625475137528,-1.270974303761,1.115010161301,-12.549979,-12.219460,holdout
2018-04-10,-31.778611,-0.617962422163,0.497126922346,0.160822658622,-12.413159,-12.593376,holdout
2018-04-11,-28.823636,-0.610449706798,-1.393864792498,0.482514083802,-12.276339,-12.049857,holdout
2018-04-12,-26.399159,-0.602936991433,0.589547324995,0.880514964736,-12.139519,-12.181505,holdout
2018-04-13,-36.550000,-0.595424276068,-1.033056292121,-0.140455158549,-12.002699,-11.964545,holdout
2018-04-14,-33.188021,-0.587911560703,0.231775584275,1.423056186444,-11.865879,-11.726112,holdout
2018-04-16,-29.938156,-0.572886129973,-0.351762171839,1.537712868876,-11.592240,-11.319268,holdout
2018-04-17,-32.640257,-0.565373414608,0.472388207739,-0.261384753977,-11.455420,-11.700203,holdout
2018-04-18,-33.372490,-0.557860699243,-0.827415842796,1.180759016197,-11.318600,-11.029555,holdout
2018-04-19,-28.810010,-0.550347983878,0.991378470481,0.322647923472,-11.181780,-11.392570,holdout
2018-04-20,-32.586451,-0.542835268513,-0.913728871604,0.536630413535,-11.044960,-10.868890,holdout
2018-04-21,-29.516937,-0.535322553148,1.045459151206,1.040525859358,-10.908140,-10.974237,holdout
2018-04-22,-34.318907,-0.527809837783,-0.517604900418,-0.071304077802,-10.771320,-10.786756,holdout
2018-04-23,-31.338354,-0.520297122419,0.659805142018,1.556688959038,-10.634501,-10.519347,holdout
2018-04-24,-31.778611,-0.512784407054,0.220652881892,-0.337186046937,-10.497681,-10.694643,holdout
2018-04-25,-30.284319,-0.505271691689,0.072331811607,1.633165313139,-10.360861,-10.119726,holdout
2018-04-26,-33.483464,-0.497758976324,0.995219412235,-0.120639630222,-10.224041,-10.508870,holdout
2018-04-27,-32.083407,-0.490246260959,-0.381406736972,1.244700293745,-10.087221,-9.840463,holdout
2018-04-28,-31.650000,-0.482733545594,1.482703716672,0.485315656738,-9.950401,-10.191067,holdout
2018-04-29,-30.135117,-0.475220830229,-0.430556325127,0.590974561540,-9.813581,-9.688418,holdout
2018-04-30,-27.800000,-0.467708114864,1.498603134963,1.199267090931,-9.676762,-9.766740,holdout
2018-05-01,-31.479752,-0.460195399499,0.000000000000,0.000000000000,-9.539942,-9.608904,holdout
2018-05-02,-29.794252,-0.456167883252,0.753536149311,-0.251226630194,-9.466594,-9.720667,holdout
2018-05-03,-29.494252,-0.452140367005,1.412826791850,0.193737121687,-9.393245,-9.671116,holdout
2018-05-04,-35.000000,-0.448112850758,1.481163501672,1.018617592138,-9.319897,-9.437310,holdout
2018-05-05,-35.613960,-0.444085334512,0.877007052735,1.640234262271,-9.246549,-9.125754,holdout
2018-05-06,-29.357684,-0.440057818265,-0.008728144161,1.618207652059,-9.173201,-8.897576,holdout
2018-05-07,-29.326238,-0.436030302018,-0.587307082416,0.964343802983,-9.099852,-8.855329,holdout
2018-05-08,-31.090257,-0.432002785771,-0.485784590260,0.134340050844,-9.026504,-8.970939,holdout
2018-05-09,-32.900000,-0.427975269525,0.190985748752,-0.292360864297,-8.953156,-9.105434,holdout
2018-05-10,-34.910898,-0.423947753278,0.934015311634,-0.019652758269,-8.879808,-9.106572,holdout
2018-05-11,-32.892579,-0.419920237032,1.187765766711,0.757207327127,-8.806460,-8.915802,holdout
2018-05-12,-25.602204,-0.415892720785,0.740437148388,1.488775067869,-8.733111,-8.609394,holdout
2018-05-13,-28.939456,-0.411865204538,-0.127233978212,1.657425943672,-8.659763,-8.344861,holdout
2018-05-14,-29.188505,-0.407837688291,-0.839203439005,1.141007293875,-8.586415,-8.250294,holdout
2018-05-16,-32.774806,-0.399782655798,-0.366639954916,-0.281511342665,-8.439719,-8.480289,holdout
2018-05-17,-35.863009,-0.395755139551,0.418838064506,-0.195571389294,-8.366370,-8.527765,holdout
2018-05-18,-31.415367,-0.391727623304,0.842260154806,0.492430660399,-8.293022,-8.385700,holdout
2018-05-19,-32.923636,-0.387700107057,0.572625210575,1.295476910226,-8.219674,-8.096147,holdout
2018-05-20,-32.400175,-0.383672590811,-0.234167282509,1.645726261494,-8.146326,-7.804778,holdout
2018-05-21,-33.677042,-0.379645074564,-1.044842775019,1.293445765740,-8.072978,-7.658537,holdout
2018-05-22,-32.774806,-0.375617558317,-1.323398844043,0.482458239032,-7.999629,-7.702413,holdout
2018-05-23,-32.400175,-0.371590042071,-0.907668478355,-0.221153265122,-7.926281,-7.847828,holdout
2018-05-24,-30.540257,-0.367562525824,-0.123249112622,-0.326741621830,-7.852933,-7.934869,holdout
2018-05-25,-34.368717,-0.363535009577,0.445242907781,0.236204721517,-7.779585,-7.844635,holdout
2018-05-26,-32.276708,-0.359507493331,0.364888878454,1.068524536821,-7.706236,-7.582765,holdout
2018-05-27,-31.400000,-0.355479977084,-0.341389154897,1.581810870680,-7.632888,-7.275482,holdout
2018-05-29,-31.594252,-0.347424944590,-1.666380949952,0.674241534863,-7.486192,-7.077994,holdout
2018-05-30,-28.800000,-0.343397428343,-1.421294130040,-0.116346946679,-7.412844,-7.211028,holdout
2018-05-31,-29.270735,-0.339369912097,-0.681385109213,-0.408222832505,-7.339495,-7.328798,holdout
2018-06-01,-33.087403,-0.335342395850,0.000000000000,0.000000000000,-7.266147,-7.290814,holdout
2018-06-02,-31.900000,-0.314278015276,-1.350838968132,1.350933618830,-6.882528,-6.378389,holdout
2018-06-03,-31.838354,-0.293213634703,-0.476526354093,-0.484472667829,-6.498908,-6.524199,holdout
2018-06-04,-31.661569,-0.272149254129,-0.642361984744,1.424737606126,-6.115288,-5.707241,holdout
2018-06-05,-37.656160,-0.251084873555,-1.071219356940,-0.543535984545,-5.731668,-5.648208,holdout
2018-06-06,-39.350000,-0.230020492981,0.036234260098,1.058037774646,-5.348049,-5.122199,holdout
2018-06-07,-30.817683,-0.208956112408,-1.491378852695,-0.197044708396,-4.964429,-4.719166,holdout
2018-06-08,-31.529562,-0.187891731834,0.415472210298,0.366805842566,-4.580809,-4.551127,holdout
2018-06-09,-26.730438,-0.166827351260,-1.521364040136,0.356087517284,-4.197190,-3.816821,holdout
2018-06-10,-28.495204,-0.145762970686,0.358045818657,-0.389700322231,-3.813570,-3.915724,holdout
2018-06-11,-31.900088,-0.124698590113,-1.117802359765,0.825711741540,-3.429950,-3.009133,holdout
2018-06-13,-29.888828,-0.082569828965,-0.428739177436,0.958549141127,-2.662711,-2.322270,holdout
2018-06-14,-31.677434,-0.061505448391,-0.676551452372,-1.044596606078,-2.279091,-2.302764,holdout
2018-06-15,-38.453115,-0.040441067818,0.271726629260,0.650017700570,-1.895471,-1.729054,holdout
2018-06-16,-32.337403,-0.019376687244,-1.136663739634,-0.745703795125,-1.511852,-1.376477,holdout
2018-06-17,-30.850000,0.001687693330,0.704461740411,-0.009593143477,-1.128232,-1.160960,holdout
2018-06-19,-35.187403,0.043816454477,0.708540250569,-0.774986742821,-0.360993,-0.538371,holdout
2018-06-20,-40.445505,0.064880835051,-0.879109750015,0.293817861714,0.022627,0.357729,holdout
2018-06-21,-40.574079,0.085945215625,0.312295048074,-1.354161658947,0.406247,0.194269,holdout
2018-06-22,-32.392159,0.107009596199,-0.214890475485,0.483616824511,0.789867,1.060847,holdout
2018-06-23,-30.284319,0.128073976772,-0.279191611516,-1.537335001437,1.173486,1.043927,holdout
2018-06-24,-34.131505,0.149138357346,0.501915050201,0.235042477125,1.557106,1.663594,holdout
2018-06-25,-32.191732,0.170202737920,-0.774635224550,-1.289564953099,1.940726,1.965904,holdout
2018-06-26,-32.934136,0.191267118494,0.984959258009,-0.388087766164,2.324345,2.230287,holdout
2018-06-27,-34.069859,0.212331499067,-0.925155839413,-0.766178145067,2.707965,2.883573,holdout
2018-06-28,-30.314762,0.233395879641,1.051103965983,-1.156584029999,3.091585,2.841162,holdout
2018-06-29,-34.866814,0.254460260215,-0.634162563915,-0.244190447289,3.475205,3.722207,holdout
2018-06-30,-37.955018,0.275524640789,0.701278836415,-1.777074999517,3.858824,3.556947,holdout
2018-07-01,-34.500000,0.296589021362,0.000000000000,0.000000000000,4.242444,4.441975,holdout
2018-07-02,-33.711482,0.282208793764,-0.186165598299,-1.831676793566,3.980555,3.827992,holdout
2018-07-03,-33.400000,0.267828566166,1.101963670004,-0.365863867571,3.718665,3.635514,holdout
2018-07-04,-29.077189,0.253448338566,-0.749932304110,-0.685331111312,3.456776,3.632501,holdout
2018-07-05,-29.545204,0.239068110968,0.985788712736,-1.424307751450,3.194886,2.902555,holdout
2018-07-06,-32.400000,0.224687883369,0.078077965902,0.298270465625,2.932997,3.155004,holdout
2018-07-07,-36.361106,0.210307655771,-0.155876835077,-1.527818212025,2.671107,2.550705,holdout
2018-07-08,-36.234359,0.195927428172,1.167464524320,-0.094794668047,2.409218,2.345141,holdout
2018-07-09,-29.686602,0.181547200573,-0.693406281706,-0.366991547656,2.147329,2.353540,holdout
2018-07-10,-35.514386,0.167166972974,1.021570619482,-1.149381510612,1.885439,1.618282,holdout
2018-07-11,-30.922963,0.152786745376,0.156275481931,0.595911261746,1.623550,1.867881,holdout
2018-07-12,-37.987145,0.138406517777,-0.125311747836,-1.223381339076,1.361660,1.273488,holdout
2018-07-13,-32.882456,0.124026290179,1.232400377369,0.175971960025,1.099771,1.054805,holdout
2018-07-14,-27.196115,0.109646062579,-0.636245766880,-0.048742511808,0.837881,1.074446,holdout
2018-07-15,-32.824615,0.095265834981,1.056894687083,-0.874006761987,0.575992,0.334184,holdout
2018-07-16,-32.341288,0.080885607383,0.234576570110,0.892919563814,0.314102,0.580609,holdout
2018-07-17,-33.272903,0.066505379784,-0.094455786066,-0.918373354995,0.052213,-0.003662,holdout
2018-07-18,-36.859204,0.052125152186,1.296763750815,0.446450416234,-0.209676,-0.235488,holdout
2018-07-19,-37.656160,0.037744924587,-0.578453254471,0.269399964220,-0.471566,-0.204782,holdout
2018-07-20,-32.640257,0.023364696988,1.091772415933,-0.598172059412,-0.733455,-0.949739,holdout
2018-07-21,-36.361106,0.008984469389,0.312965186088,1.189292952658,-0.995345,-0.706811,holdout
2018-07-22,-31.778611,-0.005395758209,-0.063294585683,-0.612801806093,-1.257234,-1.280750,holdout
2018-07-23,-35.364912,-0.019775985808,1.360547533239,0.716655284864,-1.519124,-1.525735,holdout
2018-07-24,-33.135310,-0.034156213406,-0.520031644780,0.587419914531,-1.781013,-1.484147,holdout
2018-07-25,-30.400000,-0.048536441006,1.126215592492,-0.321866251516,-2.042902,-2.233486,holdout
2018-07-26,-36.485310,-0.062916668604,0.391425229413,1.485029416035,-2.304792,-1.994376,holdout
2018-07-27,-31.592159,-0.077296896202,-0.031813978241,-0.306674599880,-2.566681,-2.557779,holdout
2018-07-28,-27.284039,-0.091677123801,1.423744984686,0.986601325553,-2.828571,-2.815931,holdout
2018-07-29,-32.631037,-0.106057351399,-0.460984240922,0.905301453937,-3.090460,-2.763654,holdout
2018-07-30,-32.575567,-0.120437578999,1.160236281730,-0.045078488870,-3.352350,-3.517059,holdout
2018-07-31,-29.300000,-0.134817806597,0.469940553851,1.780127349917,-3.614239,-3.282084,holdout
2018-08-01,-32.027660,-0.149198034196,0.000000000000,0.000000000000,-3.876128,-3.834755,holdout
2018-08-02,-33.950000,-0.150331658342,1.426969919767,1.163791889999,-3.896774,-3.868740,holdout
2018-08-03,-37.979602,-0.151465282488,-0.520363117292,1.044121240827,-3.917419,-3.567318,holdout
2018-08-04,-27.377656,-0.152598906634,1.010187690062,-0.043805830310,-3.938064,-4.087158,holdout
2018-08-05,-30.617076,-0.153732530780,0.315120273152,1.710769527212,-3.958710,-3.620049,holdout
2018-08-06,-35.663770,-0.154866154926,-0.274247639444,-0.143259298146,-3.979355,-3.920815,holdout
2018-08-07,-28.854867,-0.155999779072,1.191810417991,0.970610226443,-4.000000,-3.972135,holdout
2018-08-08,-34.137286,-0.157133403218,-0.757379000906,0.914316851044,-4.020646,-3.657226,holdout
2018-08-09,-29.847108,-0.158267027364,0.737072725332,-0.225734891092,-4.041291,-4.181447,holdout
2018-08-10,-31.529562,-0.159400651510,0.101986693403,1.549391829656,-4.061936,-3.720770,holdout
2018-08-11,-29.617850,-0.160534275656,-0.547861277133,-0.285603139938,-4.082582,-4.006799,holdout
2018-08-12,-36.887866,-0.161667899803,0.955597473802,0.777067622945,-4.103227,-4.075416,holdout
2018-08-13,-40.445505,-0.162801523949,-0.993332683800,0.784178173749,-4.123872,-3.747393,holdout
2018-08-14,-37.000000,-0.163935148095,0.463300898864,-0.406764757114,-4.144517,-4.275433,holdout
2018-08-15,-23.697456,-0.165068772241,-0.111151439706,1.386900580202,-4.165163,-3.821722,holdout
2018-08-16,-31.169078,-0.166202396387,-0.820810720904,-0.427053189284,-4.185808,-4.092716,holdout
2018-08-17,-19.879552,-0.167336020533,0.718319630824,0.583199429015,-4.206453,-4.178575,holdout
2018-08-18,-29.065233,-0.168469644679,-1.228235911254,0.653669953586,-4.227099,-3.837824,holdout
2018-08-19,-30.635030,-0.169603268825,0.188902579019,-0.586874012168,-4.247744,-4.369116,holdout
2018-08-20,-29.888915,-0.170736892971,-0.324331277766,1.223296550781,-4.268389,-3.922897,holdout
2018-08-22,-30.609335,-0.173004141263,0.479966618335,0.389041357452,-4.309680,-4.281603,holdout
2018-08-23,-33.571761,-0.174137765409,-1.462101598095,0.522757347423,-4.330325,-3.928525,holdout
2018-08-24,-26.718001,-0.175271389556,-0.086091170061,-0.766042266407,-4.350970,-4.462497,holdout
2018-08-25,-29.736412,-0.176405013702,-0.537589925928,1.058581752468,-4.371616,-4.024289,holdout
2018-08-26,-28.395447,-0.177538637848,-1.364599994166,-0.707363513357,-4.392261,-4.264388,holdout
2018-08-27,-32.027660,-0.178672261994,0.240529363430,0.194629441694,-4.412906,-4.384490,holdout
2018-08-28,-36.704049,-0.179805886140,-1.694943814514,0.391405962435,-4.433552,-4.019498,holdout
2018-08-29,-36.487127,-0.180939510286,-0.361648619341,-0.944250176622,-4.454197,-4.555578,holdout
2018-08-30,-16.420739,-0.182073134432,-0.750964402319,0.892759433350,-4.474842,-4.125890,holdout
2018-08-31,-9.762708,-0.183206758578,-1.635383268321,-0.846271989871,-4.495488,-4.350164,holdout
2018-09-01,-10.914962,-0.184340382724,0.000000000000,0.000000000000,-4.516133,-4.487227,holdout
2018-09-02,-18.870840,-0.168337486145,-1.912565224924,0.000330162592,-4.224692,-3.848931,holdout
2018-09-03,-12.654780,-0.152334589566,-0.005112279183,-0.696160455800,-3.933251,-4.036577,holdout
2018-09-04,-27.251879,-0.136331692988,-1.459520659364,0.550538687588,-3.641810,-3.221290,holdout
2018-09-05,-17.593520,-0.120328796409,-0.403385269874,-1.165070054034,-3.350368,-3.468637,holdout
2018-09-06,-16.127933,-0.104325899830,-0.712874698903,0.754313209848,-3.058927,-2.717921,holdout
2018-09-07,-26.100301,-0.088323003251,-0.961364439152,-1.208877036585,-2.767486,-2.783976,holdout
2018-09-08,-24.735030,-0.072320106672,0.040905012395,0.504031120067,-2.476045,-2.310072,holdout
2018-09-09,-21.850000,-0.056317210093,-1.373070658389,-0.822774119942,-2.184604,-2.036169,holdout
2018-09-10,-0.357339,-0.040314313514,0.512111303976,-0.101737340492,-1.893163,-1.925612,holdout
2018-09-11,2.983523,-0.024311416935,-1.398949195673,-0.197181543442,-1.601722,-1.307464,holdout
2018-09-12,-0.989795,-0.008308520357,0.539357169256,-0.802991073301,-1.310281,-1.481791,holdout
2018-09-13,-19.475606,0.007694376222,-0.974654549529,0.368725169898,-1.018840,-0.671437,holdout
2018-09-14,-8.601314,0.023697272801,0.162863646572,-1.296367909979,-0.727398,-0.922814,holdout
2018-09-15,-11.398092,0.039700169380,-0.240270554998,0.602874602451,-0.435957,-0.159577,holdout
2018-09-16,-11.620731,0.055703065959,-0.393805063049,-1.372905209962,-0.144516,-0.245180,holdout
2018-09-17,-20.100000,0.071705962538,0.523303457676,0.383850513954,0.146925,0.253014,holdout
2018-09-18,-9.651116,0.087708859117,-0.825264927285,-1.012932438612,0.438366,0.500727,holdout
2018-09-19,-12.297216,0.103711755696,1.021912601805,-0.203971508073,0.729807,0.636311,holdout
2018-09-20,7.890258,0.119714652274,-0.882990834180,-0.395003805785,1.021248,1.233521,holdout
2018-09-21,-0.941500,0.135717548853,1.081725888862,-0.908740069830,1.312689,1.073595,holdout
2018-09-22,-4.831919,0.151720445432,-0.488174988902,0.185185459259,1.604130,1.877770,holdout
2018-09-23,-12.210387,0.167723342011,0.728175079033,-1.425496874655,1.895572,1.623627,holdout
2018-09-24,-18.960616,0.183726238590,0.232485469835,0.449078051513,2.187013,2.398251,holdout
2018-09-25,-9.858191,0.199729135169,0.174405797252,-1.534662142732,2.478454,2.293971,holdout
2018-09-26,-9.863439,0.215732031748,1.004323242972,0.261750985696,2.769895,2.815947,holdout
2018-09-27,-1.184138,0.231734928327,-0.275514591014,-1.201748566423,3.061336,3.037554,holdout
2018-09-28,-0.416829,0.247737824905,1.529430765672,-0.306814169585,3.352777,3.198516,holdout
2018-09-29,-1.892372,0.263740721484,-0.364677816353,-0.593022432863,3.644218,3.774044,holdout
2018-09-30,-2.839155,0.279743618063,1.621943800539,-1.013510807288,3.935659,3.629567,holdout
2018-10-01,16.009103,0.295746514642,0.000000000000,0.000000000000,4.227100,4.426332,holdout
2018-10-02,3.951553,0.276367906336,0.938217666737,-1.585261031702,3.874182,3.570159,holdout
2018-10-03,-6.471703,0.256989298029,1.122313154234,0.356071311241,3.521263,3.580487,holdout
2018-10-04,-7.409326,0.237610689721,-0.188919256732,-0.984296449507,3.168344,3.176338,holdout
2018-10-05,-10.262795,0.218232081415,1.655949176677,-0.579789270712,2.815425,2.571471,holdout
2018-10-06,-3.636312,0.198853473108,-0.073569904784,0.303586350203,2.462506,2.703498,holdout
2018-10-07,4.177675,0.179474864802,0.782428821474,-1.327130063251,2.109588,1.852554,holdout
2018-10-09,5.261939,0.140717648187,-0.318947258611,-0.673146285674,1.403750,1.465143,holdout
2018-10-10,5.988740,0.121339039881,1.540999052685,-0.361368840525,1.050831,0.838339,holdout
2018-10-11,-5.887634,0.101960431574,-0.145385163440,0.605466526951,0.697912,0.979997,holdout
2018-10-12,3.100000,0.082581823268,0.626247185488,-1.066583411388,0.344994,0.135520,holdout
2018-10-13,3.400406,0.063203214961,0.995843048834,0.845209246646,-0.007925,0.106632,holdout
2018-10-14,6.355799,0.043824606653,-0.446777449173,-0.360919350600,-0.360844,-0.246221,holdout
2018-10-15,-2.496600,0.024445998347,1.423642232784,-0.142503859215,-0.713763,-0.894271,holdout
2018-10-16,1.681749,0.005067390040,-0.215532303921,0.905555840039,-1.066682,-0.744174,holdout
2018-10-17,0.496788,-0.014311218266,0.469792709853,-0.803604606278,-1.419600,-1.580961,holdout
2018-10-18,12.943406,-0.033689826573,0.930816297589,1.086575159389,-1.772519,-1.630641,holdout
2018-10-19,11.210314,-0.053068434879,-0.572359265177,-0.047725656547,-2.125438,-1.957784,holdout
2018-10-20,10.443951,-0.072447043187,1.303903647852,0.076924155154,-2.478357,-2.626339,holdout
2018-10-21,18.981213,-0.091825651494,-0.284101936746,1.203773982239,-2.831276,-2.469014,holdout
2018-10-22,4.284028,-0.111204259800,0.313186013404,-0.538183130555,-3.184194,-3.296907,holdout
2018-10-23,-6.757832,-0.130582868106,0.864456554391,1.325888526554,-3.537113,-3.368102,holdout
2018-10-24,15.035380,-0.149961476413,-0.695647645270,0.266322416109,-3.890032,-3.669580,holdout
2018-10-25,8.594382,-0.169340084721,1.181814057915,0.297032306541,-4.242951,-4.357847,holdout
2018-10-26,7.006275,-0.188718693028,-0.351188533243,1.500045225843,-4.595870,-4.194523,holdout
2018-10-27,13.147184,-0.208097301334,0.156548087517,-0.270314445072,-4.948789,-5.012340,holdout
2018-10-28,13.503986,-0.227475909640,0.796663939411,1.563217784511,-5.301707,-5.105720,holdout
2018-10-29,3.088204,-0.246854517947,-0.816603141915,0.581110398023,-5.654626,-5.381638,holdout
2018-10-30,0.758255,-0.266233126255,1.057409976873,0.517936034336,-6.007545,-6.088777,holdout
2018-10-31,-9.158712,-0.285611734561,-0.416890194333,1.794298608003,-6.360464,-5.920698,holdout
2018-11-01,11.002993,-0.304990342868,0.000000000000,0.000000000000,-6.713383,-6.727281,holdout
2018-11-02,7.172602,-0.282899660394,1.062279222719,0.662439839896,-6.311072,-6.369092,holdout
2018-11-03,-2.120525,-0.260808977923,0.561579936382,1.766306418403,-5.908762,-5.640518,holdout
2018-11-05,22.600000,-0.216627612977,-0.604838965364,0.082441235453,-5.104141,-4.961703,holdout
2018-11-06,10.618527,-0.194536930504,0.668794190504,-0.172058086598,-4.701830,-4.831535,holdout
2018-11-07,5.728229,-0.172446248032,1.108416576138,0.967065718486,-4.299520,-4.263351,holdout
2018-11-08,10.635924,-0.150355565559,0.022504947041,1.548959449696,-3.897209,-3.538748,holdout
2018-11-09,4.084398,-0.128264883087,-0.802816638916,0.527777320341,-3.494899,-3.193366,holdout
2018-11-10,10.657502,-0.106174200613,-0.004653109261,-0.538742042297,-3.092588,-3.146945,holdout
2018-11-11,8.075424,-0.084083518142,1.143159155713,-0.019226995714,-2.690278,-2.833677,holdout
2018-11-14,-6.717047,-0.017811470723,-0.560729679752,-0.373023054324,-1.483346,-1.372779,holdout
2018-11-16,24.481232,0.026369894222,1.269687150777,0.283153897876,-0.678725,-0.742741,holdout
2018-11-17,21.516971,0.048460576696,0.277151637956,1.002976233999,-0.276415,-0.006162,holdout
2018-11-18,20.600000,0.070551259167,-0.666091511054,0.099428726806,0.125896,0.384669,holdout
2018-11-19,10.241278,0.092641941641,-0.005628686565,-1.060802507761,0.528206,0.436197,holdout
2018-11-20,17.726540,0.114732624113,1.208345929351,-0.694146686224,0.930517,0.705937,holdout
2018-11-21,12.113135,0.136823306586,1.026669669894,0.503122173607,1.332827,1.396999,holdout
2018-11-22,3.269386,0.158913989058,-0.233118375682,0.485716442468,1.735138,2.028219,holdout
2018-11-23,7.470556,0.181004671531,-0.502498322426,-0.818876603369,2.137448,2.215622,holdout
2018-11-24,8.200000,0.203095354003,0.678510058872,-1.392625559672,2.539759,2.296044,holdout
2018-11-25,10.190617,0.225186036477,1.414285157588,-0.404476084772,2.942069,2.780072,holdout
2018-11-26,13.909332,0.247276718948,0.532316769077,0.439918755881,3.344380,3.522788,holdout
2018-11-27,21.764251,0.269367401422,-0.512498940562,-0.331619612279,3.746690,3.959135,holdout
2018-11-28,12.575456,0.291458083893,-0.000782537270,-1.566803498851,4.149001,4.021635,holdout
2018-11-29,13.557598,0.313548766367,1.258853540190,-1.360330163229,4.551311,4.249982,holdout
2018-11-30,14.254221,0.335639448839,1.243087025562,-0.148318358211,4.953621,4.914514,holdout
2018-12-01,4.749476,0.357730131312,0.000000000000,0.000000000000,5.355932,5.577154,holdout
2018-12-02,11.929184,0.337663887092,0.385287400448,-1.800090826105,4.990490,4.762239,holdout
2018-12-03,20.508903,0.317597642872,1.134084299672,0.002769083343,4.625048,4.630342,holdout
2018-12-04,17.160987,0.297531398650,-0.521571457773,-0.902137722326,4.259606,4.365241,holdout
2018-12-05,11.691370,0.277465154430,1.357462766183,-1.020050311327,3.894164,3.633077,holdout
2018-12-06,4.141659,0.257398910210,-0.089637982496,0.293895787652,3.528723,3.791339,holdout
2018-12-07,10.478907,0.237332665990,0.321040790177,-1.500541681813,3.163281,2.973069,holdout
2018-12-08,11.956568,0.217266421769,1.045944467761,0.312603954855,2.797839,2.847568,holdout
2018-12-09,9.158712,0.197200177548,-0.596365968991,-0.614631859762,2.432397,2.575452,holdout
2018-12-10,20.287040,0.177133933327,1.284925483047,-0.706629450285,2.066955,1.848265,holdout
2018-12-11,15.341398,0.157067689107,-0.179180099155,0.587631175332,1.701513,2.005474,holdout
2018-12-12,10.143520,0.137001444887,0.256810394658,-1.200806377667,1.336071,1.183934,holdout
2018-12-13,6.034679,0.116935200667,0.957682481983,0.622297416176,0.970629,1.064786,holdout
2018-12-15,18.324006,0.076802712225,1.212215569482,-0.393137055025,0.239746,0.063498,holdout
2018-12-16,16.249328,0.056736468005,-0.268624166347,0.881207488465,-0.125696,0.219558,holdout
2018-12-17,19.762898,0.036670223785,0.192593667658,-0.900884709411,-0.491138,-0.605164,holdout
2018-12-18,17.384313,0.016603979564,0.869300286757,0.931847810735,-0.856580,-0.718003,holdout
2018-12-19,19.351876,-0.003462264656,-0.745410119093,-0.039488351641,-1.222022,-1.004195,holdout
2018-12-20,16.437213,-0.023528508878,1.139332063776,-0.079575492010,-1.587464,-1.721223,holdout
2018-12-21,12.374369,-0.043594753098,-0.357968018756,1.174626082206,-1.952906,-1.566409,holdout
2018-12-22,12.296400,-0.063660997318,0.128388060392,-0.600776507617,-2.318347,-2.394226,holdout
2018-12-23,16.120062,-0.083727241538,0.780799848972,1.241253508692,-2.683789,-2.500802,holdout
2018-12-24,15.092350,-0.103793485758,-0.819661003959,0.248154247585,-3.049231,-2.794052,holdout
2018-12-25,15.915752,-0.123859729980,1.066274036658,0.234052859374,-3.414673,-3.505900,holdout
2018-12-26,18.728460,-0.143925974200,-0.447209509797,1.467888341177,-3.780115,-3.352426,holdout
2018-12-27,18.711347,-0.163992218420,0.064191021993,-0.300481637710,-4.145557,-4.183250,holdout
2018-12-28,18.961705,-0.184058462641,0.692183157611,1.550512907244,-4.510999,-4.283610,holdout
2018-12-29,14.900000,-0.204124706861,-0.893731982517,0.535847365425,-4.876441,-4.583931,holdout
2018-12-30,16.437213,-0.224190951083,0.993040591469,0.547745607266,-5.241882,-5.290531,holdout
2018-12-31,13.548248,-0.244257195303,-0.536346512011,1.760995679218,-5.607324,-5.138494,holdout
2019-01-01,13.400000,-0.264323439523,0.000000000000,0.000000000000,-5.972766,-5.972237,holdout
2019-01-02,12.687272,-0.252097569998,0.601179694312,1.739835223452,-5.750111,-5.491335,holdout
2019-01-03,10.244351,-0.239871700473,-0.975697183963,0.589034674348,-5.527457,-5.221971,holdout
2019-01-04,8.451851,-0.227645830948,0.907394532644,0.500459585559,-5.304802,-5.349216,holdout
2019-01-05,14.444897,-0.215419961423,-0.634362667042,1.582403828816,-5.082147,-4.622674,holdout
2019-01-06,18.134480,-0.203194091898,-0.090054078519,-0.293359677220,-4.859492,-4.882106,holdout
2019-01-07,14.650000,-0.190968222373,0.501029569930,1.449926097528,-4.636838,-4.398687,holdout
2019-01-08,18.628825,-0.178742352849,-1.069697835366,0.290406578967,-4.414183,-4.132230,holdout
2019-01-09,19.015752,-0.166516483323,0.813531768534,0.212500015541,-4.191528,-4.257285,holdout
2019-01-10,18.807438,-0.154290613798,-0.734598192134,1.285887135227,-3.968873,-3.531383,holdout
2019-01-11,18.892861,-0.142064744273,-0.180107750562,-0.586687904900,-3.746219,-3.791968,holdout
2019-01-12,14.843301,-0.129838874749,0.400860659411,1.159991746225,-3.523564,-3.306041,holdout
2019-01-13,13.045221,-0.117613005224,-1.163668471883,-0.008212117197,-3.300909,-3.042492,holdout
2019-01-14,13.935030,-0.105387135698,0.719639185908,-0.075449549735,-3.078254,-3.165347,holdout
2019-01-15,15.416704,-0.093161266173,-0.834815445451,0.989344841228,-2.855600,-2.440100,holdout
2019-01-16,22.110805,-0.080935396649,-0.270161192513,-0.879984681255,-2.632945,-2.701824,holdout
2019-01-17,22.100000,-0.068709527124,0.300673104516,0.870032064584,-2.410290,-2.213397,holdout
2019-01-18,10.914962,-0.056483657599,-1.257609146696,-0.306821245962,-2.187635,-1.952757,holdout
2019-01-19,5.078743,-0.044257788074,0.625716728900,-0.363389278356,-1.964981,-2.073401,holdout
2019-01-20,10.899749,-0.032031918549,-0.935014283713,0.692777049690,-1.742326,-1.348825,holdout
2019-01-21,14.181232,-0.019806049024,-0.360214580759,-1.173250005490,-1.519671,-1.611674,holdout
2019-01-23,17.582820,0.004645690026,-1.351519913934,-0.605420639448,-1.074362,-0.863026,holdout
2019-01-24,16.393332,0.016871559550,0.531764343268,-0.651319336614,-0.851707,-0.981447,holdout
2019-01-25,19.000671,0.029097429076,-1.035194564211,0.396183864290,-0.629052,-0.257559,holdout
2019-01-26,10.192373,0.041323298601,-0.450268091690,-1.466483877798,-0.406397,-0.521517,holdout
2019-01-27,14.633776,0.053549168126,0.100242631588,0.290036294434,-0.183743,-0.028114,holdout
2019-01-28,13.236093,0.065775037650,-1.445400828663,-0.904010130080,0.038912,0.226702,holdout
2019-01-29,9.950267,0.078000907175,0.437781975021,-0.939239893208,0.261567,0.110513,holdout
2019-01-30,6.299319,0.090226776701,-1.135356144824,0.099565389505,0.484222,0.833698,holdout
2019-01-31,3.075914,0.102452646226,-0.540321901694,-1.759686299362,0.706876,0.568647,holdout
2019-02-01,10.695341,0.114678515751,0.000000000000,0.000000000000,0.929531,1.064524,holdout
2019-02-02,7.808527,0.114165702359,-0.814147466504,-1.733942274752,0.920192,0.840299,holdout
2019-02-03,4.831307,0.113652888968,-0.480772730734,0.262034433228,0.910853,1.185617,holdout
2019-02-04,11.755097,0.113140075576,-0.088266676526,-1.643989154748,0.901514,0.710466,holdout
2019-02-05,14.705498,0.112627262185,-0.955777101570,0.143422148333,0.892174,1.226673,holdout
2019-02-06,10.949611,0.112114448793,0.514697378065,-1.193735224094,0.882835,0.677342,holdout
2019-02-07,14.673636,0.111601635402,-1.202707096889,-0.279997087313,0.873496,1.163783,holdout
2019-02-08,10.260805,0.111088822011,0.806678457272,-0.523902635521,0.864157,0.745259,holdout
2019-02-09,14.594252,0.110576008619,-1.086082431270,-0.816346420093,0.854817,1.012613,holdout
2019-02-10,15.574664,0.110063195228,0.717998561473,0.141194966133,0.845478,0.880084,holdout
2019-02-11,10.800000,0.109550381836,-0.608824597134,-1.230757587857,0.836139,0.822433,holdout
2019-02-12,8.881816,0.109037568445,0.323893678555,0.579046500189,0.826800,1.022214,holdout
2019-02-13,19.850725,0.108524755053,0.088855319514,-1.334783022164,0.817460,0.657366,holdout
2019-02-14,20.217777,0.108011941662,-0.184127836118,0.653651287526,0.808121,1.109264,holdout
2019-02-15,17.721651,0.107499128271,0.782833657112,-1.058136029961,0.798782,0.571974,holdout
2019-02-16,19.883603,0.106986314879,-0.571190656914,0.367293205997,0.789443,1.099816,holdout
2019-02-17,19.500000,0.106473501488,1.250395909783,-0.475448265179,0.780103,0.590488,holdout
2019-02-18,19.000000,0.105960688096,-0.648467272946,-0.140328757949,0.770764,0.989191,holdout
2019-02-19,12.652784,0.105447874705,1.355022006749,0.222141827148,0.761425,0.697581,holdout
2019-02-20,2.493546,0.104935061313,-0.345062816423,-0.645282577993,0.752086,0.811225,holdout
2019-02-21,7.082640,0.104422247922,1.098358195787,0.799753586337,0.742746,0.844208,holdout
2019-02-22,10.579854,0.103909434531,0.264995942693,-0.924651964411,0.733407,0.625390,holdout
2019-02-23,12.075050,0.103396621139,0.619590331729,1.068180954070,0.724068,0.966271,holdout
2019-02-24,13.735678,0.102883807748,0.990941878339,-0.841398460888,0.714729,0.494155,holdout
2019-02-25,10.489001,0.102370994356,0.142457157358,0.955921408294,0.705389,1.009025,holdout
2019-02-26,6.011185,0.101858180965,1.597890726229,-0.396530672390,0.696050,0.459202,holdout
2019-02-27,13.096147,0.101345367573,-0.109924897189,0.536396289876,0.686711,0.947916,holdout
2019-02-28,14.940426,0.100832554182,1.896259273718,0.271279701090,0.677372,0.525560,holdout
2019-03-01,16.479775,0.100319740791,0.000000000000,0.000000000000,0.668032,0.797931,holdout
2019-03-02,23.208578,0.087387830847,1.840816141176,0.001885838465,0.432519,0.229909,holdout
2019-03-03,21.829924,0.074455920904,0.244223909143,1.124705161407,0.197006,0.507622,holdout
2019-03-04,19.123094,0.061524010960,0.763526944901,-0.684242119547,-0.038507,-0.200574,holdout
2019-03-05,26.897257,0.048592101017,1.301884324284,1.122319572795,-0.274020,-0.161711,holdout
2019-03-06,23.310956,0.035660191074,-0.306436984390,0.019579147605,-0.509533,-0.343857,holdout
2019-03-07,18.573321,0.022728281131,1.534273829889,0.001479499663,-0.745046,-0.916008,holdout
2019-03-08,16.885500,0.009796371188,-0.050452184113,1.140380602057,-0.980559,-0.637074,holdout
2019-03-09,13.557598,-0.003135538756,0.449785601041,-0.674562258960,-1.216072,-1.343114,holdout
2019-03-10,12.460443,-0.016067448699,1.007077803073,1.125603868354,-1.451585,-1.308955,holdout
2019-03-11,21.346961,-0.028999358642,-0.612768581596,0.039191437040,-1.687098,-1.485656,holdout
2019-03-12,16.201385,-0.041931268585,1.227626852388,0.001108513691,-1.922611,-2.061899,holdout
2019-03-13,11.334140,-0.054863178528,-0.345064570085,1.155965786287,-2.158124,-1.781799,holdout
2019-03-14,15.602288,-0.067795088473,0.136046000516,-0.664771936614,-2.393637,-2.485631,holdout
2019-03-15,19.734814,-0.080726998416,0.712204758127,1.128799962827,-2.629150,-2.456205,holdout
2019-03-16,25.475050,-0.093658908359,-0.918994449101,0.058835758796,-2.864663,-2.627468,holdout
2019-03-17,17.386665,-0.106590818302,0.920875586031,0.000773978700,-3.100176,-3.207764,holdout
2019-03-18,8.870709,-0.119522728245,-0.639614200944,1.171460049479,-3.335689,-2.926555,holdout
2019-03-19,16.817996,-0.132454638188,-0.177690696498,-0.654871176907,-3.571202,-3.628125,holdout
2019-03-20,12.099209,-0.145386548132,0.417264266074,1.131908560286,-3.806715,-3.603462,holdout
2019-03-21,8.110435,-0.158318458075,-1.225114256065,0.078510999816,-4.042228,-3.769292,holdout
2019-03-22,10.649783,-0.171250368018,0.614020419701,0.000476988816,-4.277741,-4.353603,holdout
2019-03-23,16.387403,-0.184182277961,-0.934102035789,1.186862737065,-4.513254,-4.071340,holdout
2019-03-24,16.112051,-0.197114187904,-0.491423327919,-0.644860016512,-4.748767,-4.770597,holdout
2019-03-25,16.447519,-0.210046097848,0.122255410993,1.134930374479,-4.984280,-4.750725,holdout
2019-03-26,12.943406,-0.222978007792,-1.531127683368,0.098216043638,-5.219793,-4.911129,holdout
2019-03-27,11.818919,-0.235909917735,0.307061753760,0.000218634013,-5.455306,-5.499415,holdout
2019-03-28,15.918396,-0.248841827678,-1.228529040544,1.202173204590,-5.690819,-5.216156,holdout
2019-03-29,18.117068,-0.261773737621,-0.805150734334,-0.634738504232,-5.926332,-5.913048,holdout
2019-03-30,16.420739,-0.274705647565,-0.172822715479,1.137866128728,-6.161845,-5.897993,holdout
2019-03-31,15.302562,-0.287637557508,-1.837034423641,0.117949770502,-6.397358,-6.052979,holdout
2019-04-01,17.726540,-0.300569467451,0.000000000000,0.000000000000,-6.632871,-6.645200,holdout
2019-04-02,14.330602,-0.279920607287,-1.637479327970,0.984292133063,-6.256818,-5.765470,holdout
2019-04-03,11.851657,-0.259271747122,-0.346194102670,-0.585824486877,-5.880766,-5.938297,holdout
2019-04-04,9.256418,-0.238622886958,-0.967737792035,1.226920319422,-5.504714,-5.067801,holdout
2019-04-05,12.033732,-0.217974026794,-0.910039724030,-0.786729590061,-5.128661,-5.112679,holdout
2019-04-06,13.961934,-0.197325166630,-0.220708633085,1.034161621666,-4.752609,-4.474289,holdout
2019-04-07,20.029154,-0.176676306465,-1.402014889207,-0.551320869194,-4.376556,-4.209316,holdout
2019-04-08,26.596424,-0.156027446301,0.313469780884,0.453808192404,-4.000504,-3.923266,holdout
2019-04-09,19.440517,-0.135378586137,-1.564378273849,-0.021139032757,-3.624452,-3.303554,holdout
2019-04-10,10.300092,-0.114729725972,0.438780303573,-0.294955934291,-3.248399,-3.334277,holdout
2019-04-11,11.279451,-0.094080865808,-1.285140749462,0.531928447062,-2.872347,-2.471802,holdout
2019-04-12,7.636753,-0.073432005644,0.140004523702,-0.918476604027,-2.496295,-2.643655,holdout
2019-04-13,12.823713,-0.052783145479,-0.647586251142,0.825874214705,-2.120242,-1.757741,holdout
2019-04-14,11.800000,-0.032134285315,-0.410547752027,-1.178481508406,-1.744190,-1.832675,holdout
2019-04-15,14.321453,-0.011485425151,0.106555839443,0.693272858503,-1.368138,-1.153010,holdout
2019-04-16,5.510296,0.009163435013,-0.929232780133,-0.997442657518,-0.992085,-0.935833,holdout
2019-04-17,4.177860,0.029812295178,0.684001861965,0.155315344014,-0.616033,-0.600904,holdout
2019-04-18,9.064974,0.050461155342,-1.146498307765,-0.492858755264,-0.239981,-0.025593,holdout
2019-04-19,18.927699,0.071110015506,0.869602013684,-0.587561493785,0.136072,-0.021446,holdout
2019-04-20,18.352591,0.091758875671,-0.926077834165,0.074701966975,0.512124,0.819658,holdout
2019-04-21,15.774507,0.112407735835,0.621478199606,-1.244306821542,0.888176,0.653245,holdout
2019-04-22,16.547248,0.133056595999,-0.325246775281,0.416823335654,1.264229,1.550268,holdout
2019-04-23,15.296265,0.153705456164,0.089542255014,-1.561956602139,1.640281,1.448940,holdout
2019-04-24,11.880888,0.174354316328,0.430504354432,0.344777000155,2.016333,2.167281,holdout
2019-04-25,12.509417,0.195003176492,-0.450794097735,-1.437492654525,2.392386,2.337901,holdout
2019-04-26,15.092350,0.215652036656,1.047180387964,-0.147023112162,2.768438,2.721971,holdout
2019-04-27,10.406568,0.236300896821,-0.720404530184,-0.963396626566,3.144490,3.251149,holdout
2019-04-28,10.347028,0.256949756985,1.292284265631,-0.878550670791,3.520543,3.293172,holdout
2019-04-29,12.460443,0.277598617149,-0.559875963476,-0.386755208973,3.896595,4.108966,holdout
2019-04-30,17.234136,0.298247477314,1.097625729977,-1.563773420171,4.272647,3.952417,holdout
2019-05-01,18.051674,0.318896337478,0.000000000000,0.000000000000,4.648700,4.856145,holdout
2019-05-02,15.246368,0.289438045265,-0.161464668191,-0.031784331981,4.112212,4.331406,holdout
2019-05-03,10.779897,0.259979753054,-0.313236654051,-0.078299826832,3.575724,3.801881,holdout
2019-05-04,19.070378,0.230521460841,-0.453449595720,-0.138132368929,3.039237,3.267530,holdout
2019-05-05,17.433407,0.201063168628,-0.580440876269,-0.209632948297,2.502749,2.728399,holdout
2019-05-06,17.219848,0.171604876417,-0.692781042619,-0.290946789255,1.966261,2.184618,holdout
2019-05-07,16.437213,0.142146584204,-0.789299049672,-0.380046163275,1.429773,1.636399,holdout
2019-05-08,16.430193,0.112688291991,-0.869102803761,-0.474765961161,0.893286,1.084032,holdout
2019-05-09,16.835198,0.083229999780,-0.931594966892,-0.572841957608,0.356798,0.527882,holdout
2019-05-10,15.673553,0.053771707567,-0.976483483382,-0.671950850413,-0.179690,-0.031623,holdout
2019-05-11,11.800000,0.024313415356,-1.003786710651,-0.769750983023,-0.716177,-0.593992,holdout
2019-05-12,14.361182,-0.005144876857,-1.013833093342,-0.863923917653,-1.252665,-1.158687,holdout
2019-05-13,14.384443,-0.034603169070,-1.007255394653,-0.952215072380,-1.789153,-1.725125,holdout
2019-05-14,12.704020,-0.064061461281,-0.984979543276,-1.032473590404,-2.325641,-2.292696,holdout
2019-05-15,9.738994,-0.093519753494,-0.948208231221,-1.102690352120,-2.862128,-2.860768,holdout
2019-05-16,12.579451,-0.122978045707,-0.898399815124,-1.161033220845,-3.398616,-3.428700,holdout
2019-05-17,13.896012,-0.152436337918,-0.837242560812,-1.205879455869,-3.935104,-3.995855,holdout
2019-05-18,11.128328,-0.181894630131,-0.766624771340,-1.235844376279,-4.471591,-4.561609,holdout
2019-05-19,16.662221,-0.211352922344,-0.688601660728,-1.249805652250,-5.008079,-5.125361,holdout
2019-05-20,12.704020,-0.240811214555,-0.605359035755,-1.246923178048,-5.544567,-5.686548,holdout
2019-05-21,14.941113,-0.270269506768,-0.519174639491,-1.226653891836,-6.081055,-6.244651,holdout
2019-05-23,11.419478,-0.329186091192,-0.347310211402,-1.133319705884,-7.154030,-7.349808,holdout
2019-05-24,10.999736,-0.358644383405,-0.266280624582,-1.060712835647,-7.690518,-7.896128,holdout
2019-05-25,11.171728,-0.388102675615,-0.191528287077,-0.971627148978,-8.227005,-8.437908,holdout
2019-05-26,15.971070,-0.417560967829,-0.125181229384,-0.867039639141,-8.763493,-8.974971,holdout
2019-05-27,23.100000,-0.447019260042,-0.069219361770,-0.748200699776,-9.299981,-9.507224,holdout
2019-05-28,17.844553,-0.476477552252,-0.025439451790,-0.616612048330,-9.836469,-10.034658,holdout
2019-05-30,13.147184,-0.535394136679,0.019489605988,-0.322285928300,-10.909444,-11.075457,holdout
2019-05-31,16.686125,-0.564852428889,0.018226607047,-0.163550828884,-11.445932,-11.589223,holdout
2019-06-01,17.931505,-0.594310721102,0.000000000000,0.000000000000,-11.982419,-12.098963,holdout
2019-06-02,17.972741,-0.593775835808,-1.925477405428,-0.047717394036,-11.972678,-11.755525,holdout
2019-06-03,13.426369,-0.593240950513,-0.075876910882,0.750877508475,-11.962937,-11.909712,holdout
2019-06-04,12.066664,-0.592706065218,-1.452170795948,-0.586192147352,-11.953196,-11.931847,holdout
2019-06-05,11.377422,-0.592171179923,-0.575056113450,1.221512828139,-11.943455,-11.703132,holdout
2019-06-06,11.591410,-0.591636294629,-0.683171613029,-0.712009153196,-11.933713,-12.075253,holdout
2019-06-07,12.723284,-0.591101409334,-1.203517352202,1.201223846452,-11.923972,-11.575395,holdout
2019-06-08,14.476674,-0.590566524039,0.031734662750,-0.333054456254,-11.914231,-12.104237,holdout
2019-06-09,12.153677,-0.590031638744,-1.601608818994,0.728551970854,-11.904490,-11.582643,holdout
2019-06-10,17.162898,-0.589496753450,0.370223454017,0.386532581917,-11.894749,-11.995383,holdout
2019-06-11,24.700000,-0.588961868155,-1.526628641356,0.071696128058,-11.885007,-11.712495,holdout
2019-06-12,6.029897,-0.588426982860,0.201062965353,1.109686568461,-11.875266,-11.795249,holdout
2019-06-13,13.277409,-0.587892097565,-0.976035354652,-0.407641588846,-11.865525,-11.890327,holdout
2019-06-14,14.317311,-0.587357212271,-0.349264445768,1.497531307055,-11.855784,-11.596732,holdout
2019-06-15,1.694037,-0.586822326976,-0.188738106616,-0.437878260075,-11.846043,-12.017156,holdout
2019-06-16,10.480395,-0.586287441681,-0.960772531650,1.381414301493,-11.836301,-11.491908,holdout
2019-06-17,14.427434,-0.585752556387,0.476188393291,0.024577583900,-11.826560,-12.019895,holdout
2019-06-18,13.426369,-0.585217671092,-1.282415952440,0.848525187378,-11.816819,-11.525291,holdout
2019-06-19,7.851956,-0.584682785797,0.721792391242,0.773196237985,-11.807078,-11.888449,holdout
2019-06-20,13.417485,-0.584147900502,-1.110302589164,0.197632883792,-11.797336,-11.671229,holdout
2019-06-21,12.943406,-0.583613015208,0.463996154222,1.456174066606,-11.787595,-11.680845,holdout
2019-06-22,17.234136,-0.583078129913,-0.491201786133,-0.212587977289,-11.777854,-11.846932,holdout
2019-06-23,18.362126,-0.582543244618,-0.125720975748,1.755030774537,-11.768113,-11.493774,holdout
2019-06-24,16.966423,-0.582008359323,0.301198659101,-0.145642464295,-11.758372,-11.954500,holdout
2019-06-25,10.910935,-0.581473474029,-0.707376094959,1.546289690394,-11.748630,-11.413501,holdout
2019-06-26,14.600598,-0.580938588734,0.905233338745,0.392725208648,-11.738889,-11.930622,holdout
2019-06-27,13.138640,-0.580403703439,-0.945079074687,0.964162157271,-11.729148,-11.472074,holdout
2019-06-28,8.719968,-0.579868818144,1.054862950732,1.157447799857,-11.719407,-11.778716,holdout
2019-06-29,8.428662,-0.579333932850,-0.677551152300,0.332413559223,-11.709666,-11.631056,holdout
2019-06-30,4.645668,-0.578799047555,0.714732292654,1.788546319876,-11.699924,-11.567197,holdout
2019-07-01,-4.519662,-0.578264162260,0.000000000000,0.000000000000,-11.690183,-11.801034,holdout
2019-07-02,1.153122,-0.562290974514,-0.197031131496,1.840776005822,-11.399283,-11.087243,holdout
2019-07-03,12.078500,-0.546317786768,1.152648597756,0.450401748607,-11.108383,-11.319988,holdout
2019-07-04,7.975643,-0.530344599021,-0.697636770067,0.670266569853,-10.817483,-10.647783,holdout
2019-07-05,15.934273,-0.514371411275,0.968570486212,1.573451328578,-10.526583,-10.460916,holdout
2019-07-06,20.082376,-0.498398223528,0.270707867593,-0.214798499620,-10.235683,-10.411065,holdout
2019-07-07,17.701851,-0.482425035782,-0.203054441925,1.572203489964,-9.944783,-9.659080,holdout
2019-07-08,13.548157,-0.466451848036,1.332666297837,0.393632283057,-9.653883,-9.881043,holdout
2019-07-09,17.480338,-0.450478660289,-0.535254694223,0.332141858237,-9.362983,-9.264093,holdout
2019-07-10,15.092350,-0.434505472543,0.972815841558,1.468703066805,-9.072083,-9.000580,holdout
2019-07-11,14.271758,-0.418532284797,0.542803574602,-0.407455684863,-8.781183,-9.016747,holdout
2019-07-12,7.631899,-0.402559097051,-0.196633147557,1.285265361892,-8.490282,-8.236949,holdout
2019-07-13,5.400000,-0.386585909305,1.491605454240,0.343780830008,-8.199382,-8.436902,holdout
2019-07-14,12.526162,-0.370612721557,-0.351965310712,0.001436606616,-7.908482,-7.882590,holdout
2019-07-15,4.981702,-0.354639533811,0.965058769436,1.345297215815,-7.617582,-7.541977,holdout
2019-07-16,7.884878,-0.338666346065,0.812983035011,-0.578011017255,-7.326682,-7.617500,holdout
2019-07-17,14.825622,-0.322693158319,-0.175177409381,0.982013760864,-7.035782,-6.820885,holdout
2019-07-18,19.689951,-0.306719970573,1.628672332693,0.297639815995,-6.744882,-6.988090,holdout
2019-07-19,11.090444,-0.290746782827,-0.149102557487,-0.318826082895,-6.453982,-6.502412,holdout
2019-07-20,13.761114,-0.274773595080,0.948203652615,1.201657989348,-6.163082,-6.085950,holdout
2019-07-21,20.818678,-0.258800407334,1.077984674290,-0.726994282780,-5.872182,-6.212852,holdout
2019-07-22,7.336037,-0.242827219588,-0.136430924028,0.664862736733,-5.581282,-5.410790,holdout
2019-07-23,12.253195,-0.226854031842,1.743558430323,0.251919352330,-5.290382,-5.535235,holdout
2019-07-24,10.431999,-0.210880844095,0.071565395620,-0.625854772156,-4.999482,-5.122662,holdout
2019-07-25,9.138726,-0.194907656348,0.925356711873,1.036658473871,-4.708582,-4.633288,holdout
2019-07-26,14.427434,-0.178934468602,1.334661786665,-0.855413838710,-4.417682,-4.802452,holdout
2019-07-27,11.444186,-0.162961280856,-0.078520979328,0.336534694825,-4.126782,-4.006433,holdout
2019-07-28,17.500000,-0.146988093110,1.836447319717,0.203320220511,-3.835882,-4.079054,holdout
2019-07-29,7.342025,-0.131014905364,0.307875375692,-0.917151618139,-3.544981,-3.742436,holdout
2019-07-30,-1.341997,-0.115041717616,0.899757095201,0.849645628891,-3.254081,-3.184705,holdout
2019-07-31,10.112488,-0.099068529870,1.580052344054,-0.964734243425,-2.963181,-3.386073,holdout
2019-08-01,8.734198,-0.083095342124,0.000000000000,0.000000000000,-2.672281,-2.607455,holdout
2019-08-02,19.147011,-0.083704401795,1.844948416802,0.164677662466,-2.683373,-2.913631,holdout
2019-08-03,17.005517,-0.084313461465,0.435375131957,-1.162839535627,-2.694465,-2.949088,holdout
2019-08-04,8.189417,-0.084922521136,0.682778996400,0.683439689353,-2.705557,-2.621295,holdout
2019-08-05,10.197060,-0.085531580806,1.566181509018,-0.993640665837,-2.716649,-3.138265,holdout
2019-08-06,16.313540,-0.086140640477,-0.212462583522,-0.276547911086,-2.727742,-2.683505,holdout
2019-08-07,14.803714,-0.086749700147,1.579730242251,0.180389676135,-2.738834,-2.919609,holdout
2019-08-08,12.900710,-0.087358759817,0.390971643069,-1.345722310839,-2.749926,-3.035669,holdout
2019-08-09,9.334970,-0.087967819488,0.342177375313,0.522136581777,-2.761018,-2.650570,holdout
2019-08-10,8.353460,-0.088576879158,1.472847479935,-0.990451360376,-2.772110,-3.177497,holdout
2019-08-11,19.726295,-0.089185938829,-0.400355763308,-0.554885838764,-2.783202,-2.764308,holdout
2019-08-12,15.465678,-0.089794998499,1.294001414106,0.182457172643,-2.794294,-2.924760,holdout
2019-08-13,5.403619,-0.090404058170,0.354411762534,-1.505252622330,-2.805386,-3.118802,holdout
2019-08-14,5.146758,-0.091013117840,0.009691144827,0.337574063314,-2.816478,-2.686121,holdout
2019-08-15,9.545480,-0.091622177510,1.358845081296,-0.973857642982,-2.827570,-3.210261,holdout
2019-08-16,-0.625133,-0.092231237181,-0.563702083718,-0.831147363702,-2.838662,-2.849058,holdout
2019-08-17,5.631904,-0.092840296851,0.990149522788,0.167838916527,-2.849754,-2.930142,holdout
2019-08-18,14.235325,-0.093449356522,0.321944921757,-1.640490820185,-2.860846,-3.197624,holdout
2019-08-19,13.006568,-0.094058416192,-0.311140257710,0.131308440484,-2.871938,-2.728254,holdout
2019-08-20,10.937922,-0.094667475863,1.222331504719,-0.947258595647,-2.883030,-3.236933,holdout
2019-08-21,14.221720,-0.095276535533,-0.703128788879,-1.101517219932,-2.894122,-2.936852,holdout
2019-08-22,12.943406,-0.095885595204,0.671008612387,0.133904717531,-2.905214,-2.936808,holdout
2019-08-23,5.914727,-0.096494654874,0.289719722720,-1.751095679479,-2.916307,-3.271375,holdout
2019-08-24,7.022641,-0.097103714544,-0.617064507917,-0.094569335800,-2.927399,-2.777118,holdout
2019-08-25,0.882793,-0.097712774215,1.062018493967,-0.914299776904,-2.938491,-3.258041,holdout
2019-08-26,6.736972,-0.098321833885,-0.819852371557,-1.362325277748,-2.949583,-3.026710,holdout
2019-08-27,8.928057,-0.098930893556,0.339789362837,0.078500225643,-2.960675,-2.945775,holdout
2019-08-28,10.143524,-0.099539953226,0.253878814676,-1.837332805850,-2.971767,-3.339423,holdout
2019-08-29,8.664631,-0.100149012897,-0.905196510119,-0.337485177418,-2.982859,-2.832691,holdout
2019-08-30,9.665994,-0.100758072567,0.877204080567,-0.878783415968,-2.993951,-3.274248,holdout
2019-08-31,12.365900,-0.101367132237,-0.915648605062,-1.610136958530,-3.005043,-3.117602,holdout
2019-09-01,14.859279,-0.101976191908,0.000000000000,0.000000000000,-3.016135,-2.958008,holdout
2019-09-02,14.294414,-0.117227024222,-0.053255712264,-1.929267408246,-3.293880,-3.632116,holdout
2019-09-03,14.896815,-0.132477856537,-0.764355516835,-0.049718902907,-3.571624,-3.398314,holdout
2019-09-04,14.786818,-0.147728688851,0.512656737363,-1.484872187344,-3.849369,-4.207116,holdout
2019-09-05,12.318888,-0.162979521165,-1.260730623816,-0.546231104132,-4.127114,-3.979155,holdout
2019-09-06,2.889973,-0.178230353480,0.667401549060,-0.720509897812,-4.404858,-4.642370,holdout
2019-09-07,-0.338311,-0.193481185794,-1.258172726775,-1.192755334824,-4.682603,-4.680119,holdout
2019-09-08,12.250813,-0.208732018109,0.302699869285,0.003689050397,-4.960348,-4.993317,holdout
2019-09-09,10.526104,-0.223982850423,-0.785671771172,-1.614354526454,-5.238093,-5.418211,holdout
2019-09-10,1.884050,-0.239233682737,-0.419097152863,0.348519222950,-5.515837,-5.359319,holdout
2019-09-11,0.100386,-0.254484515052,-0.117056570892,-1.553276854620,-5.793582,-6.091092,holdout
2019-09-12,9.075545,-0.269735347366,-1.149592808184,0.172425134916,-6.071327,-5.831896,holdout
2019-09-13,9.232191,-0.284986179681,0.371669150106,-1.003243636001,-6.349071,-6.630400,holdout
2019-09-14,7.670699,-0.300237011995,-1.535858426715,-0.394748782897,-6.626816,-6.447042,holdout
2019-09-15,2.011073,-0.315487844309,0.398223525748,-0.212720502791,-6.904561,-7.037361,holdout
2019-09-16,13.321294,-0.330738676624,-1.404308114492,-1.019406727587,-7.182305,-7.166473,holdout
2019-09-17,18.000000,-0.345989508938,-0.078885479967,0.444532417060,-7.460050,-7.382155,holdout
2019-09-18,16.887495,-0.361240341252,-0.851136463142,-1.338003897461,-7.737795,-7.897572,holdout
2019-09-19,13.420389,-0.376491173567,-0.838742851565,0.664188361284,-8.015539,-7.767351,holdout
2019-09-20,5.094237,-0.391742005881,-0.192201467536,-1.146452200337,-8.293284,-8.541646,holdout
2019-09-21,18.370761,-0.406992838196,-1.513122556439,0.369907227668,-8.571029,-8.274468,holdout
2019-09-22,11.849139,-0.422243670510,0.201536504823,-0.506449513306,-8.848773,-9.045337,holdout
2019-09-23,8.751372,-0.437494502824,-1.778332159862,-0.246891470689,-9.126518,-8.921505,holdout
2019-09-24,10.655333,-0.452745335139,0.097283908770,0.286664718883,-9.404263,-9.428431,holdout
2019-09-25,12.639733,-0.467996167453,-1.523855574339,-0.826757574932,-9.682008,-9.653562,holdout
2019-09-26,0.718242,-0.483246999768,-0.478301267245,0.857780413791,-9.959752,-9.773541,holdout
2019-09-27,-0.758255,-0.498497832082,-0.909931596655,-1.029482692598,-10.237497,-10.371446,holdout
2019-09-28,15.157301,-0.513748664396,-1.252998230029,0.947448034804,-10.515242,-10.183071,holdout
2019-09-29,14.074400,-0.528999496711,-0.284069994298,-0.711347709465,-10.792986,-10.983346,holdout
2019-09-30,-0.085551,-0.544250329025,-1.850849566231,0.547050990852,-11.070731,-10.725863,holdout
2019-10-01,3.076885,-0.559501161340,0.000000000000,0.000000000000,-11.348476,-11.452670,holdout
2019-10-02,3.852740,-0.560853289590,-1.816133514535,-0.374414072898,-11.373100,-11.231580,holdout
2019-10-03,14.219022,-0.562205417840,-0.576209172584,1.108813344677,-11.397725,-11.169958,holdout
2019-10-04,22.288498,-0.563557546090,-0.601721598919,-0.752954203069,-11.422350,-11.576953,holdout
2019-10-05,5.824762,-0.564909674340,-1.688513164217,0.800539311206,-11.446974,-11.085773,holdout
2019-10-06,0.338775,-0.566261802590,0.163085672568,0.315360862105,-11.471599,-11.541820,holdout
2019-10-07,10.733105,-0.567613930840,-1.555985401610,-0.371406069457,-11.496224,-11.402875,holdout
2019-10-08,8.062898,-0.568966059090,-0.584800293851,1.298274156222,-11.520848,-11.254622,holdout
2019-10-09,-1.965175,-0.570318187340,-0.283746482895,-0.545056517258,-11.545473,-11.716033,holdout
2019-10-10,6.087700,-0.571670315590,-1.616583429246,0.792921113365,-11.570098,-11.225705,holdout
2019-10-11,10.104921,-0.573022443840,0.296304258575,0.629035525036,-11.594722,-11.625993,holdout
2019-10-12,5.617439,-0.574374572090,-1.273334476535,-0.348687419842,-11.619347,-11.574092,holdout
2019-10-13,5.897895,-0.575726700340,-0.598996769274,1.458350173534,-11.643971,-11.344386,holdout
2019-10-14,9.707555,-0.577078828590,0.020561854101,-0.310548583829,-11.668596,-11.847153,holdout
2019-10-15,5.312328,-0.578430956840,-1.517504632328,0.772740488899,-11.693221,-11.373087,holdout
2019-10-16,2.115180,-0.579783085090,0.400393039611,0.935902795689,-11.717845,-11.706384,holdout
2019-10-17,11.826268,-0.581135213340,-0.971913673448,-0.302675470616,-11.742470,-11.743822,holdout
2019-10-18,11.177861,-0.582487341590,-0.613651447687,1.588515052832,-11.767095,-11.440276,holdout
2019-10-19,11.755097,-0.583839469840,0.306822604590,-0.052183350548,-11.791719,-11.970102,holdout
2019-10-20,6.833914,-0.585191598090,-1.389518212123,0.744863407898,-11.816344,-11.527221,holdout
2019-10-21,8.383717,-0.586543726341,0.476960705107,1.231045121704,-11.840969,-11.784300,holdout
2019-10-22,8.983110,-0.587895854591,-0.656017420773,-0.230484379187,-11.865593,-11.910700,holdout
2019-10-23,9.800000,-0.589247982841,-0.623603470936,1.689137231479,-11.890218,-11.543137,holdout
2019-10-24,2.704022,-0.590600111091,0.571194846688,0.226572550581,-11.914843,-12.084914,holdout
2019-10-25,6.133681,-0.591952239341,-1.231730368647,0.714386077241,-11.939467,-11.687211,holdout
2019-10-26,6.271381,-0.593304367591,0.528439228965,1.509895698299,-11.964092,-11.861123,holdout
2019-10-27,5.334261,-0.594656495841,-0.330373174900,-0.130011442770,-11.988717,-12.073446,holdout
2019-10-28,-8.403555,-0.596008624091,-0.623832659146,1.761468906312,-12.013341,-11.653604,holdout
2019-10-29,5.451776,-0.597360752341,0.810492447199,0.521642509347,-12.037966,-12.191869,holdout
2019-10-30,6.880476,-0.598712880591,-1.044138800983,0.686482489352,-12.062591,-11.851982,holdout
2019-10-31,10.561017,-0.600065008841,0.558011117909,1.768375082637,-12.087215,-11.938268,holdout
2019-11-01,2.620233,-0.601417137091,0.000000000000,0.000000000000,-12.111840,-12.230905,holdout
2019-11-02,9.422347,-0.601459931544,0.241022602326,-0.005202106579,-12.112619,-12.275766,holdout
2019-11-03,8.087516,-0.601502725997,0.460575460069,0.061667412705,-12.113399,-12.301838,holdout
2019-11-04,12.590733,-0.601545520450,0.639888429579,0.192066614667,-12.114178,-12.307547,holdout
2019-11-05,7.449581,-0.601588314903,0.763217397491,0.372675982450,-12.114957,-12.292849,holdout
2019-11-06,7.377811,-0.601631109356,0.819028388490,0.586400180447,-12.115737,-12.259236,holdout
2019-11-07,13.397835,-0.601673903808,0.800864845199,0.813653512300,-12.116516,-12.209620,holdout
2019-11-08,9.107375,-0.601716698261,0.707833222979,1.033832952410,-12.117295,-12.148121,holdout
2019-11-09,3.143998,-0.601759492714,0.544670178688,1.226867359378,-12.118075,-12.079748,holdout
2019-11-10,4.515738,-0.601802287167,0.321386328798,1.374727017633,-12.118854,-12.010028,holdout
2019-11-11,6.620712,-0.601845081620,0.052513516220,1.462779354707,-12.119633,-11.944592,holdout
2019-11-12,8.454753,-0.601887876073,-0.243988123189,1.480889450502,-12.120413,-11.888746,holdout
2019-11-13,8.428662,-0.601930670526,-0.548080645904,1.424182117334,-12.121192,-11.847076,holdout
2019-11-14,9.669059,-0.601973464979,-0.839155345614,1.293408560615,-12.121972,-11.823101,holdout
2019-11-15,9.891555,-0.602016259432,-1.097582393769,1.094889893119,-12.122751,-11.819011,holdout
2019-11-16,8.075424,-0.602059053885,-1.306187190299,0.840041726870,-12.123530,-11.835498,holdout
2019-11-17,5.151046,-0.602101848337,-1.451541788209,0.544515772266,-12.124310,-11.871710,holdout
2019-11-18,0.554911,-0.602144642790,-1.524974771667,0.227022784152,-12.125089,-11.925308,holdout
2019-11-19,0.583943,-0.602187437243,-1.523223347697,-0.092074593561,-12.125868,-11.992649,holdout
2019-11-20,-0.766044,-0.602230231696,-1.448678703538,-0.392292980794,-12.126648,-12.069054,holdout
2019-11-21,-2.064875,-0.602273026149,-1.309206166528,-0.654568807284,-12.127427,-12.149163,holdout
2019-11-22,-8.666894,-0.602315820602,-1.117553782666,-0.862691768940,-12.128206,-12.227339,holdout
2019-11-23,7.085911,-0.602358615055,-0.890393541743,-1.004523997664,-12.128986,-12.298087,holdout
2019-11-24,15.900000,-0.602401409508,-0.647067752211,-1.072912749990,-12.129765,-12.356474,holdout
2019-11-25,10.800000,-0.602444203961,-0.408134314756,-1.066228361785,-12.130545,-12.398496,holdout
2019-11-26,12.244414,-0.602486998414,-0.193820901962,-0.988486788351,-12.131324,-12.421377,holdout
2019-11-27,13.689340,-0.602529792866,-0.022503644038,-0.849047566236,-12.132103,-12.423783,holdout
2019-11-28,2.408924,-0.602572587319,0.090674636574,-0.661910036985,-12.132883,-12.405920,holdout
2019-11-29,4.416730,-0.602615381772,0.134943310152,-0.444660462884,-12.133662,-12.369516,holdout
2019-11-30,9.257279,-0.602658176225,0.104713820953,-0.217149654492,-12.134441,-12.317695,holdout
2019-12-01,10.317485,-0.602700970678,0.000000000000,0.000000000000,-12.135221,-12.254741,holdout
2019-12-02,11.128328,-0.600724752173,-1.376029133257,-1.225702340197,-12.099230,-12.227047,holdout
2019-12-03,13.976316,-0.598748533668,-0.882126009464,0.661886622277,-12.063240,-11.886644,holdout
2019-12-04,9.651116,-0.596772315164,-0.113497432536,-1.071816354567,-12.027249,-12.346897,holdout
2019-12-05,6.638420,-0.594796096659,-1.663070047539,-0.009956307955,-11.991259,-11.813431,holdout
2019-12-06,8.818825,-0.592819878154,0.295235820303,0.111681461304,-11.955269,-12.100758,holdout
2019-12-07,5.650000,-0.590843659649,-1.152054951135,-1.028085110550,-11.919278,-12.042517,holdout
2019-12-08,8.567827,-0.588867441144,-0.550319440708,0.830601364999,-11.883288,-11.727345,holdout
2019-12-09,10.976637,-0.586891222639,0.113620899349,-0.941877253953,-11.847297,-12.176975,holdout
2019-12-10,1.672314,-0.584915004135,-1.372964529689,0.212155412027,-11.811307,-11.635611,holdout
2019-12-11,0.380685,-0.582938785630,0.587253518176,0.222170957133,-11.775316,-11.946448,holdout
2019-12-12,10.542056,-0.580962567125,-0.926144539287,-0.827634489276,-11.739326,-11.857744,holdout
2019-12-13,9.300000,-0.578986348620,-0.218454091430,0.995884834122,-11.703335,-11.568769,holdout
2019-12-16,12.178183,-0.573057693106,0.875988818545,0.331658973910,-11.595364,-11.791760,holdout
2019-12-17,5.907837,-0.571081474601,-0.698135307321,-0.624468716480,-11.559374,-11.672781,holdout
2019-12-18,1.072016,-0.569105256096,0.113269015048,1.157739475361,-11.523383,-11.410879,holdout
2019-12-19,-6.127574,-0.567129037591,0.561926557366,-0.673588572384,-11.487393,-11.834328,holdout
2019-12-20,2.233933,-0.565152819086,-0.783051201755,0.652946864857,-11.451402,-11.282413,holdout
2019-12-21,-8.515118,-0.563176600582,1.161388710795,0.440339434898,-11.415412,-11.636646,holdout
2019-12-22,-6.768202,-0.561200382077,-0.467871867525,-0.418715350067,-11.379421,-11.487684,holdout
2019-12-23,-1.962224,-0.559224163572,0.444649343541,1.316179501407,-11.343431,-11.253636,holdout
2019-12-24,-5.655743,-0.557247945067,0.783451126931,-0.535020375308,-11.307441,-11.661617,holdout
2019-12-25,6.696146,-0.555271726562,-0.483392113569,0.871253223179,-11.271450,-11.107087,holdout
2019-12-26,2.677406,-0.553295508057,1.443411630688,0.548409034723,-11.235460,-11.481055,holdout
2019-12-27,10.179074,-0.551319289553,-0.235206568127,-0.210510827985,-11.199469,-11.302506,holdout
2019-12-28,7.187371,-0.549343071048,0.775487535207,1.471230843147,-11.163479,-11.097000,holdout
2019-12-29,3.112372,-0.547366852543,1.003458440395,-0.393374024954,-11.127488,-11.487997,holdout
2019-12-30,8.273280,-0.545390634038,-0.180715185018,1.087925649678,-11.091498,-10.932638,holdout
2019-12-31,8.651374,-0.543414415533,1.722027603001,0.656066564338,-11.055507,-11.324943,holdout
2020-01-01,9.158712,-0.541438197029,0.000000000000,0.000000000000,-11.019517,-11.117303,holdout
2020-01-02,12.300000,-0.536653926032,1.006653260033,1.542897370172,-10.932387,-10.887760,holdout
2020-01-03,6.248053,-0.531869655035,1.030412967951,-0.408426151982,-10.845257,-11.208199,holdout
2020-01-04,14.181232,-0.527085384038,-0.170037495837,1.057408331835,-10.758127,-10.601012,holdout
2020-01-05,12.731072,-0.522301113041,1.607658968855,0.448080110057,-10.670997,-10.955715,holdout
2020-01-06,8.919066,-0.517516842044,-0.244304958275,-0.196245528769,-10.583867,-10.670327,holdout
2020-01-07,5.444722,-0.512732571047,0.841310358507,1.291631347390,-10.496737,-10.466288,holdout
2020-01-08,1.379085,-0.507948300050,0.768833897855,-0.660620090077,-10.409607,-10.769756,holdout
2020-01-09,5.638597,-0.503164029053,-0.353730113531,0.861747231122,-10.322477,-10.164725,holdout
2020-01-10,3.140782,-0.498379758056,1.393260912193,0.161208060519,-10.235347,-10.532885,holdout
2020-01-11,11.795789,-0.493595487059,-0.486544849036,-0.390992155965,-10.148217,-10.223409,holdout
2020-01-12,3.382575,-0.488811216062,0.675153338448,1.037946973770,-10.061086,-10.045173,holdout
2020-01-13,-1.250267,-0.484026945065,0.506516634332,-0.910371431148,-9.973956,-10.330674,holdout
2020-01-14,-1.901319,-0.479242674068,-0.535405483556,0.664523465506,-9.886826,-9.729123,holdout
2020-01-15,-3.360040,-0.474458403071,1.176313279977,-0.125559709293,-9.799696,-10.109578,holdout
2020-01-16,-5.678310,-0.469674132074,-0.726646615010,-0.584346076389,-9.712566,-9.776583,holdout
2020-01-17,7.438628,-0.464889861078,0.508061115916,0.781888446385,-9.625436,-9.624384,holdout
2020-01-18,0.929143,-0.460105590081,0.243585466235,-1.157646014068,-9.538306,-9.890968,holdout
2020-01-19,7.618114,-0.455321319084,-0.715145092073,0.465637160581,-9.451176,-9.294211,holdout
2020-01-20,11.171728,-0.450537048087,0.956824591045,-0.412094583169,-9.364046,-9.685769,holdout
2020-01-21,2.579638,-0.445752777090,-0.964542654790,-0.776417038624,-9.276916,-9.329884,holdout
2020-01-22,-4.432330,-0.440968506093,0.339914993340,0.523506020455,-9.189786,-9.203889,holdout
2020-01-23,-7.140567,-0.436184235096,-0.019833751083,-1.402415997676,-9.102656,-9.450656,holdout
2020-01-24,10.098031,-0.431399964099,-0.893035363235,0.264992685893,-9.015526,-8.859994,holdout
2020-01-25,-1.979214,-0.426615693102,0.734809848263,-0.698268539173,-8.928396,-9.261436,holdout
2020-01-26,1.780761,-0.421831422105,-1.200170995338,-0.967318064982,-8.841266,-8.883347,holdout
2020-01-28,-1.863497,-0.412262880111,-0.283613916905,-1.644659931812,-8.667006,-9.009755,holdout
2020-01-29,-1.732735,-0.407478609115,-1.069167441643,0.062498895657,-8.579876,-8.426474,holdout
2020-01-30,4.459348,-0.402694338117,0.510290500248,-0.983954476335,-8.492745,-8.836554,holdout
2020-01-31,-0.126250,-0.397910067120,-1.433475450122,-1.157165163110,-8.405615,-8.437006,holdout
2020-02-01,3.727953,-0.393125796124,0.000000000000,0.000000000000,-8.318485,-8.363652,holdout
2020-02-02,2.821962,-0.405037671605,-1.054892405432,-1.620053626745,-8.535422,-8.732942,holdout
2020-02-03,-0.092873,-0.416949547086,0.030895083670,0.138682691811,-8.752358,-8.782702,holdout
2020-02-04,2.054143,-0.428861422568,-0.981288612615,-1.508054350360,-8.969294,-9.165147,holdout
2020-02-05,-2.219599,-0.440773298049,0.061457607503,0.276825565116,-9.186231,-9.201804,holdout
2020-02-06,-2.913047,-0.452685173530,-0.907359082646,-1.395511111317,-9.403167,-9.597297,holdout
2020-02-07,-0.692472,-0.464597049012,0.091701269160,0.414420417485,-9.620104,-9.620963,holdout
2020-02-08,6.553027,-0.476508924493,-0.833117614707,-1.282415880638,-9.837040,-10.029388,holdout
2020-02-09,13.531574,-0.488420799975,0.121639966510,0.551459395032,-10.053976,-10.040183,holdout
2020-02-10,5.160980,-0.500332675455,-0.758578205764,-1.168760979322,-10.270913,-10.461416,holdout
2020-02-11,1.838478,-0.512244550937,0.151287792735,0.687934995216,-10.487849,-10.459467,holdout
2020-02-12,-1.561646,-0.524156426418,-0.683755041683,-1.054539083221,-10.704785,-10.893378,holdout
2020-02-13,-1.163443,-0.536068301900,0.180659024792,0.823840073068,-10.921722,-10.878822,holdout
2020-02-14,3.525885,-0.547980177381,-0.608662488925,-0.939743227376,-11.138658,-11.325268,holdout
2020-02-15,4.809138,-0.559892052862,0.209768115002,0.959167845355,-11.355594,-11.298249,holdout
2020-02-16,3.637607,-0.571803928344,-0.533315082716,-0.824366811670,-11.572531,-11.757083,holdout
2020-02-17,4.510759,-0.583715803825,0.238629681902,1.093911894870,-11.789467,-11.717753,holdout
2020-02-18,7.225477,-0.595627679306,-0.457727521897,-0.708403603132,-12.006404,-12.188819,holdout
2020-02-19,1.427333,-0.607539554788,0.267258501662,1.228066174258,-12.223340,-12.137338,holdout
2020-02-20,-0.797572,-0.619451430269,-0.381914656898,-0.591847741162,-12.440276,-12.620472,holdout
2020-02-21,-3.523804,-0.631363305751,0.295669495927,1.361625010869,-12.657213,-12.557008,holdout
2020-02-22,-0.000000,-0.643275181231,-0.305891481006,-0.474693740921,-12.874149,-13.052039,holdout
2020-02-23,0.318450,-0.655187056713,0.323877726539,1.494583108797,-13.091085,-12.976766,holdout
2020-02-24,0.222209,-0.667098932194,-0.229673120848,-0.356936496809,-13.308022,-13.483515,holdout
2020-02-25,4.774798,-0.679010807676,0.351898383211,1.626935553291,-13.524958,-13.396617,holdout
2020-02-26,8.983110,-0.690922683157,-0.153274827525,-0.238571285509,-13.741895,-13.914897,holdout
2020-02-27,4.562174,-0.702834558638,0.379746774576,1.758677813610,-13.958831,-13.816563,holdout
2020-02-28,1.169411,-0.714746434120,-0.076711964068,-0.119593769787,-14.175767,-14.346181,holdout
2020-02-29,-2.604096,-0.726658309601,0.407438318497,1.889805745887,-14.392704,-14.236609,holdout
2020-03-01,-1.150000,-0.738570185082,0.000000000000,0.000000000000,-14.609640,-14.777364,holdout
2020-03-02,3.217258,-0.720864442569,-0.187587608725,1.831862927213,-14.287187,-14.034940,holdout
2020-03-03,-7.614385,-0.703158700056,1.067678154836,0.337071434255,-13.964734,-14.240352,holdout
2020-03-04,-1.675000,-0.685452957541,-0.786957992127,0.706942268693,-13.642281,-13.504068,holdout
2020-03-06,-3.357216,-0.650041472515,-0.034945397115,-0.307834813394,-12.997375,-13.191355,holdout
2020-03-07,3.355696,-0.632335730001,-0.157277056865,1.529346756843,-12.674922,-12.459465,holdout
2020-03-08,-1.900609,-0.614629987488,1.048029568975,-0.007761534179,-12.352469,-12.664750,holdout
2020-03-09,-0.607977,-0.596924244973,-0.790624976963,0.425601152256,-12.030016,-11.918138,holdout
2020-03-10,2.135366,-0.579218502460,0.992806288250,1.029110437160,-11.707563,-11.782213,holdout
2020-03-11,0.752164,-0.561512759947,-0.069602231155,-0.614523220752,-11.385110,-11.605159,holdout
2020-03-12,1.926370,-0.543807017433,-0.126533671664,1.225730508863,-11.062657,-10.884296,holdout
2020-03-13,3.478122,-0.526101274920,1.027388598444,-0.351952094553,-10.740205,-11.088838,holdout
2020-03-14,11.514839,-0.508395532405,-0.793111098368,0.144315506593,-10.417752,-10.332407,holdout
2020-03-15,2.761757,-0.490689789892,1.012183287212,0.686110686074,-10.095299,-10.213190,holdout
2020-03-16,0.129702,-0.472984047379,-0.103931262052,-0.920075819785,-9.772846,-10.018785,holdout
2020-03-17,-12.470766,-0.455278304866,-0.095395526936,0.920999953760,-9.450393,-9.309428,holdout
2020-03-18,-4.650000,-0.437572562352,1.005777914243,-0.695466510825,-9.127940,-9.512613,holdout
2020-03-19,-1.447174,-0.419866819839,-0.794415147397,-0.136955297023,-8.805487,-8.746883,holdout
2020-03-20,5.613404,-0.402161077324,1.030607855681,0.342410655328,-8.483034,-8.644144,holdout
2020-03-21,4.895540,-0.384455334811,-0.137893637257,-1.224504550921,-8.160581,-8.432244,holdout
2020-03-22,-2.016721,-0.366749592298,-0.063901163178,0.615142179312,-7.838128,-7.734858,holdout
2020-03-24,0.151018,-0.331338107271,-0.794537312488,-0.418251902642,-7.193222,-7.161576,holdout
2020-03-25,4.625189,-0.313632364756,1.048056482720,-0.001956498927,-6.870769,-7.075062,holdout
2020-03-26,-4.231104,-0.295926622243,-0.171450937657,-1.527822683186,-6.548316,-6.845545,holdout
2020-03-27,-6.537631,-0.278220879730,-0.032089541981,0.308145605863,-6.225863,-6.160580,holdout
2020-03-28,-4.119686,-0.260515137217,0.959743792477,-1.380336002412,-5.903410,-6.359212,holdout
2020-03-29,-3.061402,-0.242809394703,-0.793479179256,-0.699614926028,-5.580957,-5.576493,holdout
2020-03-30,4.428580,-0.225103652189,1.064506811116,-0.346956831885,-5.258504,-5.505933,holdout
2020-03-31,0.681950,-0.207397909675,-0.204565223019,-1.830044798515,-4.936051,-5.258697,holdout
2020-04-01,-4.260093,-0.189692167162,0.000000000000,0.000000000000,-4.613598,-4.586591,holdout
2020-04-02,1.413409,-0.211288855471,0.681945562675,-1.782155401343,-5.006912,-5.479108,holdout
2020-04-03,0.580586,-0.232885543780,-0.612507661006,-0.211123461612,-5.400226,-5.323124,holdout
2020-04-04,-0.718242,-0.254482232088,1.048522166006,-1.172903683120,-5.793540,-6.219980,holdout
2020-04-05,1.608693,-0.276078920397,-0.906716713694,-0.695024865858,-6.186854,-6.173045,holdout
2020-04-06,8.168797,-0.297675608706,1.025635092195,-0.408604055423,-6.580168,-6.859207,holdout
2020-04-07,0.222247,-0.319272297015,-0.782241347046,-1.199545849400,-6.973482,-7.101919,holdout
2020-04-08,1.734088,-0.340868985323,0.599934189038,0.239666140958,-7.366796,-7.450676,holdout
2020-04-09,-8.406165,-0.362465673632,-0.314204847821,-1.463884489238,-7.760110,-8.042214,holdout
2020-04-10,-13.782770,-0.384062361941,-0.073074419930,0.549468157606,-8.153424,-8.068292,holdout
2020-04-11,-11.742736,-0.405659050250,0.278251469269,-1.327921344209,-8.546738,-8.921610,holdout
2020-04-12,-7.001583,-0.427255738558,-0.734215235588,0.440246349721,-8.940052,-8.774999,holdout
2020-04-13,-8.826483,-0.448852426867,0.723830515440,-0.799340220309,-9.333366,-9.693316,holdout
2020-04-14,-10.438575,-0.470449115176,-1.129287641091,0.007096446168,-9.726680,-9.596397,holdout
2020-04-15,2.064875,-0.492045803485,0.812804957350,-0.050407181816,-10.119994,-10.355684,holdout
2020-04-16,1.449569,-0.513642491793,-1.115624729603,-0.519097805357,-10.513308,-10.510006,holdout
2020-04-17,-1.475269,-0.535239180102,0.484933206685,0.654241979489,-10.906622,-10.952898,holdout
2020-04-18,-10.704428,-0.556835868411,-0.721898109412,-0.868449224478,-11.299936,-11.454693,holdout
2020-04-19,-11.161515,-0.578432556719,-0.145287796781,1.068534912388,-11.693250,-11.556456,holdout
2020-04-20,-0.543546,-0.600029245028,-0.136098999310,-0.845201705512,-12.086564,-12.356298,holdout
2020-04-21,7.077567,-0.621625933337,-0.836618769587,1.068114231219,-12.479878,-12.235196,holdout
2020-04-22,-3.249793,-0.643222621646,0.373266158863,-0.409789582247,-12.873192,-13.158720,holdout
2020-04-23,-4.350000,-0.664819309954,-1.322203626950,0.702467118880,-13.266506,-13.026439,holdout
2020-04-24,-5.988740,-0.686415998263,0.569731413244,0.304576767104,-13.659820,-13.847433,holdout
2020-04-25,2.600242,-0.708012686572,-1.421433379578,0.174180702897,-14.053134,-13.920348,holdout
2020-04-26,3.790509,-0.729609374881,0.347995902602,1.047751625253,-14.446448,-14.455581,holdout
2020-04-27,5.444722,-0.751206063189,-1.115655950641,-0.245980818056,-14.839762,-14.864047,holdout
2020-04-29,-1.604623,-0.794399439807,-0.555994974432,-0.332578320461,-15.626390,-15.783791,holdout
2020-04-30,7.670699,-0.815996128116,-0.924094821735,1.669483867976,-16.019704,-15.703555,holdout
2020-05-01,10.976637,-0.837592816424,0.000000000000,0.000000000000,-16.413018,-16.615873,holdout
2020-05-02,-4.384062,-0.825497070600,-1.294177623614,0.081666619648,-16.192733,-16.143527,holdout
2020-05-03,-15.768572,-0.813401324777,-1.343973818292,1.411747856858,-15.972448,-15.633990,holdout
2020-05-04,-11.834562,-0.801305578953,-0.006514621085,1.654379474211,-15.752163,-15.597589,holdout
2020-05-05,2.182018,-0.789209833129,0.415793109280,0.390517788209,-15.531878,-15.710667,holdout
2020-05-06,-1.955131,-0.777114087306,-0.766342576397,-0.143422311070,-15.311593,-15.386083,holdout
2020-05-07,-7.232369,-0.765018341482,-1.414100871607,1.002359293565,-15.091308,-14.808152,holdout
2020-05-08,-4.399865,-0.752922595657,-0.330594765202,1.816858764642,-14.871023,-14.607758,holdout
2020-05-09,-4.416730,-0.740826849834,0.629405711645,0.873015107229,-14.650738,-14.750310,holdout
2020-05-10,-8.027690,-0.728731104010,-0.171169121513,-0.156844687232,-14.430453,-14.596714,holdout
2020-05-11,-6.832414,-0.716635358187,-1.266066340283,0.551224898737,-14.210168,-14.029890,holdout
2020-05-12,-6.956569,-0.704539612363,-0.670238228335,1.757764197036,-13.989883,-13.661143,holdout
2020-05-13,6.212262,-0.692443866539,0.621163171944,1.344673265660,-13.769598,-13.752634,holdout
2020-05-14,0.034690,-0.680348120716,0.386915945877,0.048734404585,-13.549313,-13.755273,holdout
2020-05-15,11.365831,-0.668252374891,-0.904978667873,0.162904121372,-13.329028,-13.276587,holdout
2020-05-16,8.403555,-0.656156629067,-0.922230488883,1.494575391025,-13.108743,-12.772524,holdout
2020-05-17,-4.815047,-0.644060883244,0.420669263916,1.705081242781,-12.888458,-12.743762,holdout
2020-05-18,12.037753,-0.631965137420,0.811723816824,0.432005309302,-12.668173,-12.853178,holdout
2020-05-19,3.540145,-0.619869391596,-0.383269612165,-0.071995803732,-12.447888,-12.520087,holdout
2020-05-20,0.444494,-0.607773645773,-1.002826162601,1.090105300034,-12.227603,-11.943799,holdout
2020-05-21,-4.881354,-0.595677899949,0.100230630232,1.878538814043,-12.007318,-11.752302,holdout
2020-05-22,0.366274,-0.583582154124,1.036669246089,0.912189531401,-11.787033,-11.895322,holdout
2020-05-23,2.334583,-0.571486408301,0.210951914029,-0.096945417840,-11.566748,-11.732940,holdout
2020-05-24,-3.454850,-0.559390662477,-0.866350385171,0.638548304685,-11.346463,-11.163562,holdout
2020-05-25,-1.439802,-0.547294916654,-0.241204058219,1.830871178355,-11.126178,-10.802996,holdout
2020-05-26,-1.057133,-0.535199170830,1.039560351067,1.386982229506,-10.905893,-10.898982,holdout
2020-05-27,-7.172602,-0.523103425006,0.773470476789,0.097950626581,-10.685608,-10.894507,holdout
2020-05-28,-5.508680,-0.511007679183,-0.515344169454,0.244557640735,-10.465323,-10.409638,holdout
2020-05-29,2.092009,-0.498911933358,-0.500022413129,1.577019806897,-10.245038,-9.911221,holdout
2020-05-30,1.550000,-0.486816187534,0.847527924941,1.755276061491,-10.024753,-9.889982,holdout
2020-05-31,0.937578,-0.474720441711,1.207112575213,0.473755621595,-9.804468,-9.995538,holdout
2020-06-01,-2.899138,-0.462624695887,0.000000000000,0.000000000000,-9.584184,-9.654007,holdout
2020-06-02,20.396839,-0.450984507479,0.343923642765,1.910829509016,-9.372195,-9.102605,holdout
2020-06-03,12.990616,-0.439344319070,0.791352970127,-0.031333979880,-9.160207,-9.369414,holdout
2020-06-04,8.437266,-0.427704130662,-0.300470865431,1.560192977365,-8.948218,-8.628220,holdout
2020-06-05,-4.792432,-0.416063942253,1.358564543981,0.451897369501,-8.736230,-8.938038,holdout
2020-06-06,0.954716,-0.404423753845,-0.544293559341,0.816416438593,-8.524241,-8.306881,holdout
2020-06-07,-3.983717,-0.392783565436,1.407103943204,1.149595543505,-8.312253,-8.369640,holdout
2020-06-08,3.813717,-0.381143377028,-0.226871193697,0.068076268899,-8.100264,-8.086587,holdout
2020-06-09,-17.318020,-0.369503188619,0.933552208284,1.641289612578,-7.888276,-7.750886,holdout
2020-06-10,-23.012098,-0.357863000211,0.497463046702,-0.293689755536,-7.676287,-7.858627,holdout
2020-06-11,4.248515,-0.346222811802,0.227521136122,1.622131255451,-7.464299,-7.196705,holdout
2020-06-12,5.282407,-0.334582623394,1.245991147945,-0.094713860103,-7.252310,-7.518591,holdout
2020-06-13,-6.765787,-0.322942434985,-0.290895283546,1.073995029439,-7.040322,-6.785783,holdout
2020-06-14,1.738811,-0.311302246577,1.622415962362,0.524447693741,-6.828333,-7.024974,holdout
2020-06-15,7.636753,-0.299662058169,-0.306904338749,0.275651521897,-6.616345,-6.516400,holdout
2020-06-16,-5.793765,-0.288021869760,1.439288377565,1.187403723647,-6.404357,-6.422469,holdout
2020-06-17,8.204920,-0.276381681352,0.212303709766,-0.353696436916,-6.192368,-6.307397,holdout
2020-06-18,11.580834,-0.264741492943,0.823215682571,1.493182801390,-5.980380,-5.816886,holdout
2020-06-19,14.601087,-0.253101304535,0.999140715720,-0.489697069052,-5.768391,-6.043723,holdout
2020-06-20,6.471703,-0.241461116126,0.143801503302,1.241283925498,-5.556403,-5.315761,holdout
2020-06-21,18.598945,-0.229820927718,1.635808137168,-0.084896499739,-5.344414,-5.641014,holdout
2020-06-22,19.500000,-0.218180739309,-0.193799263986,0.544210437808,-5.132426,-4.968002,holdout
2020-06-23,15.937776,-0.206540550901,1.788792155766,0.604627109400,-4.920437,-5.092941,holdout
2020-06-24,13.426369,-0.194900362492,0.023720846286,-0.235674008682,-4.708449,-4.736438,holdout
2020-06-25,8.068710,-0.183260174084,1.396052847543,1.162990914624,-4.496460,-4.474761,holdout
2020-06-26,0.838691,-0.171619985675,0.698100150145,-0.689526983019,-4.284472,-4.518683,holdout
2020-06-27,8.495088,-0.159979797267,0.701844934793,1.247927297653,-4.072483,-3.901082,holdout
2020-06-28,10.702840,-0.148339608859,1.474658521864,-0.591495656355,-3.860495,-4.204599,holdout
2020-06-29,7.434676,-0.136699420450,0.119626498081,0.782886225821,-3.648507,-3.461533,holdout
2020-06-30,11.072942,-0.125059232042,1.941366442884,-0.025479776738,-3.436518,-3.738114,holdout
2020-07-01,4.893044,-0.113419043633,0.000000000000,0.000000000000,-3.224530,-3.170462,holdout
2020-07-02,6.099796,-0.107114144495,1.641335625746,0.882650859591,-3.109706,-3.162928,holdout
2020-07-03,6.712244,-0.100809245358,0.915581244188,-0.891951945596,-2.994883,-3.284776,holdout
2020-07-04,9.525456,-0.094504346219,0.369519900894,0.887572787296,-2.880059,-2.700956,holdout
2020-07-05,8.608369,-0.088199447081,1.910466922125,-0.215350784871,-2.765236,-3.087655,holdout
2020-07-07,4.388541,-0.075589648806,1.390413947206,0.875507444174,-2.535589,-2.534357,holdout
2020-07-08,10.791794,-0.069284749668,1.108238892205,-1.020391276658,-2.420766,-2.760495,holdout
2020-07-09,9.466073,-0.062979850530,0.140476135824,0.575712529520,-2.305943,-2.139536,holdout
2020-07-10,18.416691,-0.056674951392,1.895135985532,-0.120022947234,-2.191119,-2.479833,holdout
2020-07-11,8.397596,-0.050370052254,0.092032752752,-0.735546264523,-2.076296,-2.168948,holdout
2020-07-12,2.922133,-0.044065153116,1.111875487314,0.815745640378,-1.961472,-1.911783,holdout
2020-07-13,6.924138,-0.037760253979,1.289448056846,-1.090518399423,-1.846649,-2.222069,holdout
2020-07-14,10.156568,-0.031455354840,-0.043106472551,0.225581334469,-1.731826,-1.594168,holdout
2020-07-15,11.866933,-0.025150455702,1.820394719089,-0.023355663788,-1.617002,-1.861136,holdout
2020-07-16,10.260805,-0.018845556565,0.212435831217,-1.055285036210,-1.502179,-1.671488,holdout
2020-07-17,5.022520,-0.012540657427,0.819272136880,0.698246844436,-1.387355,-1.298684,holdout
2020-07-18,4.709592,-0.006235758289,1.445439929890,-1.106835954150,-1.272532,-1.667976,holdout
2020-07-19,2.511260,0.000069140849,-0.173318825623,-0.150684077199,-1.157709,-1.063743,holdout
2020-07-20,5.444216,0.006374039987,1.687684278307,0.060236596352,-1.042885,-1.234815,holdout
2020-07-21,-0.876420,0.012678939125,0.369823304075,-1.328509982216,-0.928062,-1.170969,holdout
2020-07-22,11.705564,0.018983838263,0.526991598846,0.521323498011,-0.813238,-0.697977,holdout
2020-07-23,17.205011,0.025288737401,1.563944251446,-1.077044237668,-0.698415,-1.097626,holdout
2020-07-24,12.591881,0.031593636538,-0.245423374377,-0.539393945732,-0.583592,-0.546265,holdout
2020-07-25,19.195619,0.037898535677,1.501890661651,0.117116352919,-0.468768,-0.604571,holdout
2020-07-26,12.253195,0.044203434814,0.551841977318,-1.547654567874,-0.353945,-0.663618,holdout
2020-07-27,11.602624,0.050508333952,0.249402392889,0.286819372068,-0.239122,-0.111843,holdout
2020-07-28,12.552053,0.056813233090,1.634918475387,-1.011583609950,-0.124298,-0.511396,holdout
2020-07-29,12.109205,0.063118132228,-0.258135651703,-0.926118996255,-0.009475,-0.038967,holdout
2020-07-30,5.122425,0.069423031366,1.271054357995,0.135233527582,0.105349,0.025661,holdout
2020-07-31,4.401623,0.075727930504,0.744674937334,-1.708366007033,0.220172,-0.146067,holdout
2020-08-01,5.833525,0.082032829642,0.000000000000,0.000000000000,0.334995,0.458406,holdout
2020-08-02,7.377811,0.078689354947,1.633051775980,-0.899948743724,0.274105,-0.081727,holdout
2020-08-03,5.808137,0.075345880252,-0.248775240519,-1.256360975552,0.213214,0.117843,holdout
2020-08-04,15.471703,0.072002405557,0.946390600523,0.171020452273,0.152324,0.138883,holdout
2020-08-05,13.968527,0.068658930862,0.866614557750,-1.721888477957,0.091433,-0.301869,holdout
2020-08-06,1.228728,0.065315456167,-0.305507878283,-0.230039776874,0.030542,0.154761,holdout
2020-08-07,18.678651,0.061971981472,1.497719592310,-0.686805403647,-0.030348,-0.323733,holdout
2020-08-08,13.935030,0.058628506777,-0.238304067936,-1.495005664097,-0.091239,-0.243943,holdout
2020-08-09,11.840444,0.055285032083,0.559720348103,0.192471380851,-0.152129,-0.098085,holdout
2020-08-10,12.418207,0.051941557388,0.952353696887,-1.653529032484,-0.213020,-0.613356,holdout
2020-08-11,4.030509,0.048598082693,-0.558006424293,-0.494796392972,-0.273911,-0.165544,holdout
2020-08-12,9.452010,0.045254607998,1.299331517725,-0.479923281863,-0.334801,-0.555793,holdout
2020-08-13,9.800076,0.041911133303,-0.182685870026,-1.689186948424,-0.395692,-0.604552,holdout
2020-08-14,4.103124,0.038567658608,0.165827580542,0.150969283220,-0.456582,-0.346832,holdout
2020-08-15,9.280325,0.035224183913,1.004188785645,-1.531636759683,-0.517473,-0.907684,holdout
2020-08-16,7.126984,0.031880709218,-0.750505497508,-0.779932201262,-0.578364,-0.500780,holdout
2020-08-17,9.883485,0.028537234523,1.041448929295,-0.294850585934,-0.639254,-0.781768,holdout
2020-08-18,9.353074,0.025193759828,-0.094454628102,-1.829039257113,-0.700145,-0.959701,holdout
2020-08-19,12.564874,0.021850285133,-0.219337976690,0.046705063173,-0.761035,-0.610163,holdout
2020-08-20,10.540967,0.018506810439,1.009825563529,-1.366374401501,-0.821926,-1.184771,holdout
2020-08-21,14.348807,0.015163335744,-0.879816883526,-1.069818209272,-0.882817,-0.848272,holdout
2020-08-22,17.116915,0.011819861048,0.731403133203,-0.145753548123,-0.943707,-1.005907,holdout
2020-08-23,5.842447,0.008476386354,0.011789119192,-1.908139628515,-1.004598,-1.305452,holdout
2020-08-24,12.742309,0.005132911659,-0.580379608506,-0.116153392367,-1.065488,-0.889959,holdout
2020-08-25,6.298420,0.001789436964,0.959897171580,-1.170652888123,-1.126379,-1.445625,holdout
2020-08-26,4.018190,-0.001554037731,-0.946756317550,-1.348524421301,-1.187270,-1.204567,holdout
2020-08-27,10.300000,-0.004897512426,0.379830807211,-0.044518766053,-1.248160,-1.232575,holdout
2020-08-28,10.909512,-0.008240987121,0.120303453042,-1.923914707416,-1.309051,-1.638464,holdout
2020-08-29,15.358221,-0.011584461816,-0.903429234007,-0.329725314460,-1.369941,-1.187057,holdout
2020-08-30,15.827722,-0.014927936511,0.848557692637,-0.959313224891,-1.430832,-1.692284,holdout
2020-08-31,10.538379,-0.018271411205,-0.956091795280,-1.600829261151,-1.491723,-1.565656,holdout
2020-09-01,8.625162,-0.021614885900,0.000000000000,0.000000000000,-1.552613,-1.465975,holdout
2020-09-02,14.548212,-0.030903662442,-0.053084528167,-1.944333906922,-1.721778,-2.032546,holdout
2020-09-03,14.094314,-0.040192438983,-0.792037173287,-0.099605357752,-1.890943,-1.690310,holdout
2020-09-04,15.423163,-0.049481215525,0.540432057655,-1.500892948621,-2.060108,-2.391278,holdout
2020-09-05,19.724655,-0.058769992067,-1.274681654065,-0.684043711186,-2.229274,-2.070460,holdout
2020-09-06,17.318968,-0.068058768608,0.663817873509,-0.726145589827,-2.398439,-2.597394,holdout
2020-09-07,9.778495,-0.077347545150,-1.196677181504,-1.396777126869,-2.567604,-2.577233,holdout
2020-09-08,7.599271,-0.086636321691,0.219776466394,-0.045276974702,-2.736769,-2.721795,holdout
2020-09-09,12.309973,-0.095925098233,-0.629219549197,-1.807479954212,-2.905934,-3.108609,holdout
2020-09-10,17.000000,-0.105213874774,-0.562638103247,0.170521242782,-3.075099,-2.882378,holdout
2020-09-11,14.410294,-0.114502651316,0.074990996314,-1.659536638983,-3.244264,-3.548419,holdout
2020-09-12,12.291239,-0.123791427857,-1.259759583564,-0.182461658260,-3.413429,-3.176234,holdout
2020-09-13,14.655783,-0.133080204399,0.484602036663,-1.017631783312,-3.582594,-3.833157,holdout
2020-09-14,15.499921,-0.142368980940,-1.496977253300,-0.880807204778,-3.751759,-3.623800,holdout
2020-09-15,11.251714,-0.151657757482,0.337697331160,-0.230547395686,-3.920924,-3.988506,holdout
2020-09-16,5.505777,-0.160946534023,-1.164189809568,-1.502464795914,-4.090089,-4.157110,holdout
2020-09-17,10.833487,-0.170235310565,-0.307564482474,0.269435851828,-4.259255,-4.114564,holdout
2020-09-18,13.557157,-0.179524087106,-0.479129112780,-1.669490198286,-4.428420,-4.658881,holdout
2020-09-19,1.071413,-0.188812863648,-1.106399290102,0.215160849611,-4.597585,-4.328277,holdout
2020-09-20,12.337857,-0.198101640189,0.137866276882,-1.265416672411,-4.766750,-5.029972,holdout
2020-09-22,5.139242,-0.216679193272,0.305604930407,-0.502239739543,-5.105080,-5.246400,holdout
2020-09-23,7.699951,-0.225967969814,-1.593120324175,-1.060598255076,-5.274245,-5.196117,holdout
2020-09-24,7.187371,-0.235256746355,-0.098718729126,0.201510079496,-5.443410,-5.373135,holdout
2020-09-25,11.866933,-0.244545522897,-1.053737941356,-1.507534069209,-5.612575,-5.730006,holdout
2020-09-26,21.600000,-0.253834299438,-0.868893936046,0.461481218163,-5.781740,-5.526733,holdout
2020-09-27,18.883850,-0.263123075980,-0.344102770323,-1.405105832839,-5.950905,-6.180231,holdout
2020-09-28,16.851002,-0.272411852521,-1.588293794648,0.148557308953,-6.120070,-5.808301,holdout
2020-09-29,10.104921,-0.281700629063,0.101312847414,-0.791820571916,-6.289236,-6.477296,holdout
2020-09-30,6.105808,-0.290989405604,-1.869494380680,-0.536882733327,-6.458401,-6.245343,holdout
2020-10-01,3.670334,-0.300278182146,0.000000000000,0.000000000000,-6.627566,-6.639792,holdout
2020-10-02,8.920062,-0.307629846165,-1.309837488934,-1.329752543902,-6.761453,-6.818688,holdout
2020-10-03,8.676248,-0.314981510183,-1.149719767507,0.574744273211,-6.895339,-6.588431,holdout
2020-10-04,8.122488,-0.322333174203,-0.092040521474,-0.958130079994,-7.029226,-7.231737,holdout
2020-10-05,17.451805,-0.329684838222,-1.897892045715,-0.388308834524,-7.163113,-6.927880,holdout
2020-10-06,17.869628,-0.337036502241,-0.155318509282,0.354187940402,-7.297000,-7.221049,holdout
2020-10-07,11.784054,-0.344388166260,-1.058584096876,-1.274111053916,-7.430887,-7.534425,holdout
2020-10-08,11.128328,-0.351739830279,-1.402281434327,0.605868820832,-7.564774,-7.219401,holdout
2020-10-09,10.768941,-0.359091494298,0.031061259985,-0.590393489052,-7.698660,-7.859838,holdout
2020-10-10,12.895110,-0.366443158317,-1.854239289311,-0.518687236764,-7.832547,-7.645203,holdout
2020-10-11,16.692491,-0.373794822336,-0.363974738554,0.660582785697,-7.966434,-7.802713,holdout
2020-10-12,19.143520,-0.381146486355,-0.796050315783,-1.147745839926,-8.100321,-8.237494,holdout
2020-10-13,14.119701,-0.388498150374,-1.619019583844,0.574979112658,-8.234208,-7.869632,holdout
2020-10-14,11.869733,-0.395849814394,0.087262199881,-0.197095800486,-8.368095,-8.470702,holdout
2020-10-15,10.431999,-0.403201478413,-1.742538198267,-0.626738156691,-8.501981,-8.370029,holdout
2020-10-16,12.813166,-0.410553142431,-0.611383603441,0.906750348582,-8.635868,-8.389966,holdout
2020-10-17,13.621603,-0.417904806450,-0.541396597404,-0.950197784427,-8.769755,-8.924383,holdout
2020-10-18,12.757036,-0.425256470469,-1.784770323294,0.493796499137,-8.903642,-8.539396,holdout
2020-10-19,11.998219,-0.432608134488,0.072178926057,0.203105018970,-9.037529,-9.067419,holdout
2020-10-20,8.194526,-0.439959798508,-1.571146936765,-0.695214136765,-9.171416,-9.097285,holdout
2020-10-21,8.918157,-0.447311462527,-0.880184645654,1.084569780088,-9.305302,-8.987591,holdout
2020-10-22,18.095720,-0.454663126546,-0.313219041665,-0.686105719990,-9.439189,-9.592738,holdout
2020-10-23,22.100000,-0.462014790565,-1.888021360011,0.377644191995,-9.573076,-9.227566,holdout
2020-10-24,16.809472,-0.469366454584,-0.013466723342,0.591056614166,-9.706963,-9.654093,holdout
2020-10-25,16.130117,-0.476718118603,-1.352698540607,-0.709701984888,-9.840850,-9.821728,holdout
2020-10-26,16.376981,-0.484069782622,-1.151485348755,1.190815165956,-9.974737,-9.599627,holdout
2020-10-27,13.688828,-0.491421446641,-0.128217587105,-0.364874206829,-10.108623,-10.241532,holdout
2020-10-28,15.149134,-0.498773110660,-1.921736485137,0.244349851343,-10.242510,-9.931696,holdout
2020-10-29,17.173937,-0.506124774679,-0.163899396409,0.948483893189,-10.376397,-10.235549,holdout
2020-10-30,21.154318,-0.513476438698,-1.103196168481,-0.659655013802,-10.510284,-10.538315,holdout
2020-10-31,18.429602,-0.520828102717,-1.406214176393,1.227386559134,-10.644171,-10.229080,holdout
2020-11-01,17.868452,-0.528179766736,0.000000000000,0.000000000000,-10.778058,-10.871139,holdout
2020-11-02,15.407232,-0.499771363539,-1.321056526470,-0.575797283066,-10.260690,-10.227597,holdout
2020-11-03,14.329715,-0.471362960344,-1.764788307700,0.747359186943,-9.743323,-9.346368,holdout
2020-11-04,16.500000,-0.442954557147,-0.351848110682,1.106932121330,-9.225955,-8.996286,holdout
2020-11-05,16.138354,-0.414546153953,0.013281884449,-0.343969425111,-8.708588,-8.835120,holdout
2020-11-06,14.011322,-0.386137750756,-1.382046874449,-0.665043975829,-8.191221,-8.125459,holdout
2020-11-07,12.900000,-0.357729347561,-1.567914575784,0.720611685046,-7.673853,-7.277248,holdout
2020-11-08,12.067041,-0.329320944364,-0.104380037217,0.819723014799,-7.156486,-6.990253,holdout
2020-11-09,8.371395,-0.300912541169,-0.001759853404,-0.669761319527,-6.639119,-6.790276,holdout
2020-11-10,9.502164,-0.272504137972,-1.423578477300,-0.726831472674,-6.121751,-6.021092,holdout
2020-11-11,6.734506,-0.244095734777,-1.344503984675,0.673165262727,-5.604384,-5.217157,holdout
2020-11-12,10.673480,-0.215687331580,0.121192593315,0.506955352339,-5.087016,-4.985620,holdout
2020-11-13,8.416109,-0.187278928385,-0.041327942085,-0.972507426530,-4.569649,-4.736274,holdout
2020-11-14,20.747288,-0.158870525188,-1.440962550616,-0.765176550279,-4.052282,-3.916166,holdout
2020-11-15,20.100000,-0.130462121994,-1.098784344778,0.600520496324,-3.534914,-3.166276,holdout
2020-11-16,18.025273,-0.102053718796,0.320569207357,0.173059061847,-3.017547,-2.980700,holdout
2020-11-17,15.400000,-0.073645315599,-0.100799710159,-1.248115107379,-2.500180,-2.673090,holdout
2020-11-18,14.028972,-0.045236912405,-1.430322991932,-0.784884936870,-1.982812,-1.812370,holdout
2020-11-19,16.665723,-0.016828509208,-0.835734242198,0.499026021234,-1.465445,-1.124473,holdout
2020-11-21,17.500000,0.039988297184,-0.174882540259,-1.493405013004,-0.430710,-0.601006,holdout
2020-11-22,17.869628,0.068396700379,-1.388726830444,-0.791389576065,0.086657,0.288645,holdout
2020-11-23,13.001793,0.096805103576,-0.560915611968,0.366001364026,0.604025,0.908686,holdout
2020-11-24,13.362094,0.125213506771,0.628055273566,-0.537017305595,1.121392,1.036641,holdout
2020-11-25,14.181232,0.153621909968,-0.257792168584,-1.706218191029,1.638759,1.479393,holdout
2020-11-26,19.882126,0.182030313163,-1.314282935758,-0.790567781871,2.156127,2.385323,holdout
2020-11-27,17.823329,0.210438716360,-0.280286365653,0.199827243124,2.673494,2.933927,holdout
2020-11-28,10.370122,0.238847119554,0.732398409992,-0.901492309044,3.190862,3.052163,holdout
2020-11-29,12.820639,0.267255522751,-0.343447238703,-1.885488668629,3.708229,3.567243,holdout
2020-11-30,19.728359,0.295663925946,-1.206205663635,-0.788543438453,4.225596,4.476252,holdout
2020-12-01,17.847142,0.324072329143,0.000000000000,0.000000000000,4.742964,4.952245,holdout
2020-12-02,5.615286,0.308941856079,-0.898756960366,-1.612877516843,4.467411,4.496840,holdout
2020-12-03,15.155445,0.293811383015,0.820968249032,-0.696311886092,4.191858,4.099452,holdout
2020-12-04,8.973447,0.278680909949,-1.053881653073,-0.357293899383,3.916306,4.223282,holdout
2020-12-05,8.214931,0.263550436885,0.350324216244,-1.600149726012,3.640753,3.433944,holdout
2020-12-06,7.781944,0.248419963821,-0.030767311604,0.329886616022,3.365200,3.621602,holdout
2020-12-07,11.558219,0.233289490756,-0.761817622072,-1.363895519841,3.089647,3.119493,holdout
2020-12-08,7.400558,0.218159017692,0.866598909984,-0.285052955295,2.814095,2.772073,holdout
2020-12-09,10.260805,0.203028544627,-1.026149563888,-0.131374438038,2.538542,2.860626,holdout
2020-12-10,10.635924,0.187898071562,0.498730763932,-1.232424930269,2.262989,2.079199,holdout
2020-12-11,19.415109,0.172767598498,-0.062450042076,0.650294082043,1.987436,2.289155,holdout
2020-12-12,22.385802,0.157637125434,-0.618706412793,-1.107660917448,1.711884,1.742551,holdout
2020-12-13,13.676850,0.142506652370,0.903018940915,0.123785940162,1.436331,1.445835,holdout
2020-12-14,8.934748,0.127376179304,-0.989477673702,0.091262915064,1.160778,1.495693,holdout
2020-12-15,9.136568,0.112245706240,0.641680612694,-0.856895218557,0.885225,0.727048,holdout
2020-12-16,14.673636,0.097115233176,-0.094119891253,0.961178307518,0.609673,0.954729,holdout
2020-12-17,13.701993,0.081984760111,-0.470159638626,-0.843606666035,0.334120,0.366263,holdout
2020-12-18,16.249328,0.066854287047,0.930508082405,0.529318555193,0.058567,0.120504,holdout
2020-12-19,12.341229,0.051723813983,-0.943588640335,0.311505159271,-0.216985,0.128620,holdout
2020-12-20,7.650974,0.036593340917,0.778438993105,-0.474129624308,-0.492538,-0.622498,holdout
2020-12-21,7.819594,0.021462867853,-0.124848681659,1.262585894093,-0.768091,-0.381833,holdout
2020-12-22,7.442962,0.006332394789,-0.316965369919,-0.571240190435,-1.043644,-1.009129,holdout
2020-12-23,8.343860,-0.008798078276,0.949431126128,0.930690131235,-1.319196,-1.204164,holdout
2020-12-24,14.884874,-0.023928551340,-0.888292899176,0.530262100956,-1.594749,-1.240439,holdout
2020-12-25,14.263218,-0.039059024405,0.908330098634,-0.084766090067,-1.870302,-1.969449,holdout
2020-12-27,14.954078,-0.069319970534,-0.159955936256,-0.290148074869,-2.421407,-2.383391,holdout
2020-12-28,5.008925,-0.084450443598,0.960234440834,1.327085536347,-2.696960,-2.528416,holdout
2020-12-29,3.338366,-0.099580916662,-0.823490467547,0.748457693579,-2.972513,-2.611310,holdout
2020-12-30,6.624808,-0.114711389728,1.030743521523,0.310494607795,-3.248066,-3.313843,holdout
2020-12-31,8.175326,-0.129841862792,-0.179823939813,1.837607495852,-3.523618,-3.061880,holdout
