RESPONSE FILE
ALIAS not set, use default
EXCLUDE not set, use default
ALTERNATE not set, use default
CLIMATE_INDEX not set, use default
DLOD_REF not set, use default
EVERY not set, use default
FILTER 0.0
FLIP 0.0015
FORCING not set, use default
FSTEP not set, use default
IMPULSE not set, use default
MAXH 3
MAXLOOPS not set, use default
MERMS not set, use default
METRIC not set, use default
MLR not set, use default
NH 
NM 3
RESET not set, use default
SAMPLING not set, use default
SCALING not set, use default
SPLIT_LOW not set, use default
SPLIT_TRAINING not set, use default
SPREAD_CYCLE not set, use default
SPREAD_MIN 0.000001
SPREAD_MAX 0.45
STARTING_METRIC not set, use default
STEP not set, use default
THRESHOLD not set, use default
THRESHOLD_ACTION CATCHUP
TRAIN_END not set, use default
TRAIN_START not set, use default
TREND not set, use default
YEAR 0.00405305
F9 not set, use default
DECAY 48.0
FMULT not set, use default
FSTART not set, use default
LOCKF not set, use default
SYM not set, use default
NONLIN not set, use default
IDATE 1880.0
TEST_ONLY not set, use default
TIMEOUT not set, use default
NUMBER_OF_PROCESSORS not set, use default
LOCKT not set, use default
DTW 3
LOCKA not set, use default
CAL_LOD not set, use default
FRICTION not set, use default
JERK 0.0
RIDGE not set, use default
COVERAGE not set, use default
ENCLOSING not set, use default
ENCLOSED not set, use default
UNCOMPENSATED not set, use default
STRICT_IDATE not set, use default
INIT_DATE 1880.0
VALIDATE TRUE
MANIFOLD not set, use default
ACCEL not set, use default
AERO not set, use default
AERO_LAG not set, use default
ALPHA not set, use default
ALPHA_GAIN not set, use default
ALPHA_SLOPE not set, use default
ALPHA_SIGN not set, use default
LAYER 1
LAYER_K not set, use default
LAYER_HP not set, use default
LAYER_MIX not set, use default
IR_SIDE 0
IR_BASE not set, use default
ANNUAL_DITHER not set, use default
ANNUAL_DITHER_PHASE not set, use default
ANNUAL_DITHER_STAGE not set, use default
TIDES ZONAL
ZONAL_KAPPA not set, use default
ZONAL_TAU not set, use default
ZONAL_WSUN not set, use default
ZONAL_ECC not set, use default
ZONAL_EVECT not set, use default
ZONAL_VAR not set, use default
ZONAL_ANNEQ not set, use default
ZONAL_INCL not set, use default
 16 processors available, timeout= 120.000000000
*** JSON-ONLY MODE ***
Reading primary file: lt.exe.p
=== Reading JSON LPAP from: LPAP ===
  Field 'LPAP' not found in JSON
=== Reading JSON LPAP from: lpap ===
  Array contains 42 triplets
  MATCH: JSON period 2.73216615540000E+01 -> Index 1 (LP= 2.73216615540000E+01, diff= 3.55271367880050E-15, Amp=-1.41983942478954E-05, Phase= 1.79024987047424E+00)
  MATCH: JSON period 2.72122208150000E+01 -> Index 2 (LP= 2.72122208150000E+01, diff= 3.55271367880050E-15, Amp=-2.49970759085058E-03, Phase=-1.34084564994559E+00)
  MATCH: JSON period 1.09517502233364E+03 -> Index 3 (LP= 1.09517502233364E+03, diff= 4.09272615797818E-12, Amp=-1.96737534666516E-02, Phase=-6.70189748479613E-01)
  MATCH: JSON period 1.36334156847556E+01 -> Index 4 (LP= 1.36334156847556E+01, diff= 4.97379915032070E-14, Amp= 1.25283452141822E-01, Phase= 1.58893237621776E+00)
  MATCH: JSON period 1.36608307770000E+01 -> Index 5 (LP= 1.36608307770000E+01, diff= 1.77635683940025E-15, Amp= 2.96107841368090E-01, Phase= 6.38291616890001E-01)
  MATCH: JSON period 1.36061104075000E+01 -> Index 6 (LP= 1.36061104075000E+01, diff= 1.77635683940025E-15, Amp= 1.14183198944462E-03, Phase= 2.52810930400412E+00)
  MATCH: JSON period 2.75545498860000E+01 -> Index 7 (LP= 2.75545498860000E+01, diff= 3.55271367880050E-15, Amp= 9.79803490770383E-02, Phase= 1.73361885285619E-01)
  MATCH: JSON period 1.37772749430000E+01 -> Index 8 (LP= 1.37772749430000E+01, diff= 1.77635683940025E-15, Amp= 2.93076666603550E-02, Phase=-2.77304000894839E+00)
  MATCH: JSON period 6.79347648813065E+03 -> Index 9 (LP= 6.79347648813065E+03, diff= 4.54747350886464E-12, Amp= 1.93851666889097E-03, Phase= 5.93400408716589E+00)
  MATCH: JSON period 1.61630271425126E+03 -> Index 10 (LP= 1.61630271425126E+03, diff= 2.95585778076202E-12, Amp= 6.43454425684792E-03, Phase=-4.04816812421205E+00)
  MATCH: JSON period 3.18120938875855E+01 -> Index 11 (LP= 3.18120938043517E+01, diff= 8.32337931910843E-08, Amp= 1.93339981172168E-02, Phase= 1.57222795403526E-01)
  MATCH: JSON period 1.30566025845931E+03 -> Index 12 (LP= 1.30566025845931E+03, diff= 2.50111042987555E-12, Amp= 1.55336748596830E-02, Phase= 1.19622773937994E+00)
  MATCH: JSON period 2.74432392622558E+01 -> Index 13 (LP= 2.74432392622558E+01, diff= 2.13162820728030E-14, Amp= 2.07539470639421E-03, Phase=-2.07586883400658E+00)
  MATCH: JSON period 2.76667671457246E+01 -> Index 14 (LP= 2.76667671457246E+01, diff= 3.90798504668055E-14, Amp= 4.66475663236521E-03, Phase= 2.94705546980298E+00)
  MATCH: JSON period 2.19035004466729E+03 -> Index 15 (LP= 2.19035004466729E+03, diff= 1.81898940354586E-12, Amp= 1.80114512082362E-03, Phase=-2.12464278235811E+00)
  MATCH: JSON period 2.69850593472905E+01 -> Index 16 (LP= 2.69850593472905E+01, diff= 7.10542735760100E-15, Amp=-7.32808195111687E-05, Phase= 1.33568369115944E+00)
  MATCH: JSON period 6.16720701373239E+03 -> Index 17 (LP= 6.16720701373239E+03, diff= 0.00000000000000E+00, Amp= 3.22103843921943E-03, Phase= 7.18681337054656E-02)
  MATCH: JSON period-3.23260542850251E+03 -> Index 18 (LP=-3.23260542850251E+03, diff= 4.09272615797818E-12, Amp= 1.12313137484227E-02, Phase= 2.62707151487444E-01)
  MATCH: JSON period-2.12090900683440E+03 -> Index 19 (LP=-2.12090900683440E+03, diff= 4.09272615797818E-12, Amp= 5.70280496109780E-03, Phase= 7.11881544919432E+00)
  MATCH: JSON period 9.13295078375850E+00 -> Index 20 (LP= 9.13295078375850E+00, diff= 3.55271367880050E-15, Amp= 9.04945741115322E-02, Phase=-2.20797555021622E+00)
  MATCH: JSON period 9.12068919638272E+00 -> Index 21 (LP= 9.12068919638272E+00, diff= 3.55271367880050E-15, Amp= 3.66228943680091E-02, Phase=-1.40612649734229E+00)
  MATCH: JSON period 9.10846048883933E+00 -> Index 22 (LP= 9.10846048883933E+00, diff= 3.55271367880050E-15, Amp= 4.83989301078102E-03, Phase=-9.86654930172276E-01)
  MATCH: JSON period 3.39673824406533E+03 -> Index 23 (LP= 3.39673824406533E+03, diff= 2.72848410531878E-12, Amp= 2.98618601033514E-03, Phase=-1.24176651664034E+00)
  MATCH: JSON period 1.65631999626209E+03 -> Index 24 (LP= 1.65631999626209E+03, diff= 0.00000000000000E+00, Amp=-2.01518839287005E-03, Phase= 7.75756736471351E-02)
  MATCH: JSON period 9.55688763073544E+00 -> Index 25 (LP= 9.55688762322357E+00, diff= 7.51187378966733E-09, Amp= 2.40792446379548E-02, Phase=-2.43785669612713E+00)
  MATCH: JSON period 9.18484996200000E+00 -> Index 26 (LP= 9.18484996200000E+00, diff= 0.00000000000000E+00, Amp= 1.19718838046386E-02, Phase= 7.40554254222857E-01)
  MATCH: JSON period 9.54346213417505E+00 -> Index 27 (LP= 9.54346212668427E+00, diff= 7.49078132855630E-09, Amp= 1.31701382387337E-02, Phase=-1.17791231601385E+00)
  MATCH: JSON period 7.08840687523282E+00 -> Index 28 (LP= 7.08840687110032E+00, diff= 4.13250234032603E-09, Amp= 5.50692814088601E-03, Phase= 1.83888131213569E+00)
  MATCH: JSON period 6.85248390315609E+00 -> Index 29 (LP= 6.85248390315609E+00, diff= 3.55271367880050E-15, Amp= 8.53010446844121E-03, Phase= 2.34758906268534E+00)
  MATCH: JSON period 6.85940288608689E+00 -> Index 30 (LP= 6.85940288608689E+00, diff= 4.44089209850063E-15, Amp= 3.27105558024737E-02, Phase= 1.09864386686543E+00)
  MATCH: JSON period 7.09581074182978E+00 -> Index 31 (LP= 7.09581073768865E+00, diff= 4.14113454638709E-09, Amp= 2.13892443348017E-02, Phase= 9.60591193830046E-01)
  MATCH: JSON period 5.64270811399083E+00 -> Index 32 (LP= 5.64270811137210E+00, diff= 2.61873278617486E-09, Amp= 5.93852279100618E-03, Phase=-1.74581131854305E+00)
  MATCH: JSON period 1.47653273334210E+01 -> Index 33 (LP= 1.47653273154901E+01, diff= 1.79308532466393E-08, Amp= 2.82500573692207E-02, Phase=-2.91375377362932E+00)
  MATCH: JSON period 9.61373178098826E+00 -> Index 34 (LP= 9.61373177338676E+00, diff= 7.60150342671295E-09, Amp= 6.44542614442561E-03, Phase= 9.01394734305444E-01)
  MATCH: JSON period 2.70926769265989E+01 -> Index 35 (LP= 2.70926769265989E+01, diff= 3.55271367880050E-15, Amp= 1.27111132832569E-02, Phase= 3.81490867223583E-02)
  MATCH: JSON period 5.63802513168964E+00 -> Index 36 (LP= 5.63802512907525E+00, diff= 2.61438870552411E-09, Amp=-5.43091346497432E-03, Phase=-2.00761380845592E+00)
  MATCH: JSON period 5.49218394831290E+00 -> Index 37 (LP= 5.49218394831290E+00, diff= 4.44089209850063E-15, Amp= 3.36465367438922E-03, Phase=-2.23688997871700E+00)
  MATCH: JSON period 1.47974890358585E+01 -> Index 38 (LP= 1.47974890178494E+01, diff= 1.80090911072739E-08, Amp= 4.12994643096640E-03, Phase=-4.08885729346563E+00)
  MATCH: JSON period 1.47333051319229E+01 -> Index 39 (LP= 1.47333051140697E+01, diff= 1.78532335581849E-08, Amp= 3.75415800742414E-08, Phase= 2.96578794048301E+00)
  MATCH: JSON period 1.53873722111070E+01 -> Index 40 (LP= 1.53873721818968E+01, diff= 2.92102448895548E-08, Amp=-6.03504763883049E-03, Phase=-1.70687924658327E+00)
  MATCH: JSON period 2.39421151361583E+01 -> Index 41 (LP= 2.39421151833038E+01, diff= 4.71455336992221E-08, Amp=-4.33762097673584E-03, Phase= 1.49460131160811E+00)
  MATCH: JSON period 1.82623147981992E+02 -> Index 42 (LP= 1.82623150725000E+02, diff= 2.74300799674165E-06, Amp= 2.49617555829872E-02, Phase=-6.37129748649247E-01)
=== LPAP Summary: Matched 42 out of 42 JSON triplets ===

Successfully loaded: lt.exe.p
*** JSON FILE LOADED SUCCESSFULLY ***
records from  1 ...  20829
factors from  1 ...  42
updated forcing  2019.03045764056
   0.97108046014=CC  365.24629596398=Yr
YA=-5.48601554518334E-06
Referencing dLOD
w.dat for Thread # 1 2
=== Param_B Overlay Verification ===
  NLP (tidal constituents) =  42
  NLT (modulations) =  11
  Expected overlay size =  113
  Calculated (P'Size / LF'Size - 1) =  113
  Manual (18 + NLP*2 + NLT) =  113
  ✓ Layout verification PASSED
  Scalar fields: 1.. 18
  LPAP array:  19.. 102
  LT array:  103.. 113

Catchup mode enabled:TRUE
KEEPDBG accept 1 cc 6.19409054512522E-01 sumModel-2.09804872954856E+02 sumForcing 1.35809517014671E+02 sumM 4.87976777788240E-02 trend-4.38454361522683E-02 aero 0.00000000000000E+00 level 1.49869948685207E+03 k0-2.89892655813154E+04 init-1.69578693643821E+00 IR-5.08708359306436E-01 impC 3.01482531785201E-02 mP 5.51492872052613E-03 year-5.48601554518334E-06 sumLPAP 1.29809696191975E+00 harm
w.dat for Thread # 2 3
=== Param_B Overlay Verification ===
  NLP (tidal constituents) =  42
  NLT (modulations) =  11
  Expected overlay size =  113
  Calculated (P'Size / LF'Size - 1) =  113
  Manual (18 + NLP*2 + NLT) =  113
  ✓ Layout verification PASSED
  Scalar fields: 1.. 18
  LPAP array:  19.. 102
  LT array:  103.. 113

Catchup mode enabled:TRUE
KEEPDBG accept 2 cc 6.19409054512522E-01 sumModel-2.09804872954856E+02 sumForcing 1.35809517014671E+02 sumM 4.87976777788240E-02 trend-4.38454361522683E-02 aero 0.00000000000000E+00 level 1.49869948685207E+03 k0-2.89892655813154E+04 init-1.69578693643821E+00 IR-5.08708359306436E-01 impC 3.01482531785201E-02 mP 5.51492872052613E-03 year-5.48601554518334E-06 sumLPAP 1.29809696191975E+00 harm
w.dat for Thread # 3 4
=== Param_B Overlay Verification ===
  NLP (tidal constituents) =  42
  NLT (modulations) =  11
  Expected overlay size =  113
  Calculated (P'Size / LF'Size - 1) =  113
  Manual (18 + NLP*2 + NLT) =  113
  ✓ Layout verification PASSED
  Scalar fields: 1.. 18
  LPAP array:  19.. 102
  LT array:  103.. 113

Catchup mode enabled:TRUE
KEEPDBG accept 3 cc 6.19409054512522E-01 sumModel-2.09804872954856E+02 sumForcing 1.35809517014671E+02 sumM 4.87976777788240E-02 trend-4.38454361522683E-02 aero 0.00000000000000E+00 level 1.49869948685207E+03 k0-2.89892655813154E+04 init-1.69578693643821E+00 IR-5.08708359306436E-01 impC 3.01482531785201E-02 mP 5.51492872052613E-03 year-5.48601554518334E-06 sumLPAP 1.29809696191975E+00 harm
w.dat for Thread # 4 5
=== Param_B Overlay Verification ===
  NLP (tidal constituents) =  42
  NLT (modulations) =  11
  Expected overlay size =  113
  Calculated (P'Size / LF'Size - 1) =  113
  Manual (18 + NLP*2 + NLT) =  113
  ✓ Layout verification PASSED
  Scalar fields: 1.. 18
  LPAP array:  19.. 102
  LT array:  103.. 113

Catchup mode enabled:TRUE
KEEPDBG accept 4 cc 6.19409054512522E-01 sumModel-2.09804872954856E+02 sumForcing 1.35809517014671E+02 sumM 4.87976777788240E-02 trend-4.38454361522683E-02 aero 0.00000000000000E+00 level 1.49869948685207E+03 k0-2.89892655813154E+04 init-1.69578693643821E+00 IR-5.08708359306436E-01 impC 3.01482531785201E-02 mP 5.51492872052613E-03 year-5.48601554518334E-06 sumLPAP 1.29809696191975E+00 harm
w.dat for Thread # 5 6
=== Param_B Overlay Verification ===
  NLP (tidal constituents) =  42
  NLT (modulations) =  11
  Expected overlay size =  113
  Calculated (P'Size / LF'Size - 1) =  113
  Manual (18 + NLP*2 + NLT) =  113
  ✓ Layout verification PASSED
  Scalar fields: 1.. 18
  LPAP array:  19.. 102
  LT array:  103.. 113

Catchup mode enabled:TRUE
KEEPDBG accept 5 cc 6.19409054512522E-01 sumModel-2.09804872954856E+02 sumForcing 1.35809517014671E+02 sumM 4.87976777788240E-02 trend-4.38454361522683E-02 aero 0.00000000000000E+00 level 1.49869948685207E+03 k0-2.89892655813154E+04 init-1.69578693643821E+00 IR-5.08708359306436E-01 impC 3.01482531785201E-02 mP 5.51492872052613E-03 year-5.48601554518334E-06 sumLPAP 1.29809696191975E+00 harm
w.dat for Thread # 6 7
=== Param_B Overlay Verification ===
  NLP (tidal constituents) =  42
  NLT (modulations) =  11
  Expected overlay size =  113
  Calculated (P'Size / LF'Size - 1) =  113
  Manual (18 + NLP*2 + NLT) =  113
  ✓ Layout verification PASSED
  Scalar fields: 1.. 18
  LPAP array:  19.. 102
  LT array:  103.. 113

Catchup mode enabled:TRUE
KEEPDBG accept 6 cc 6.19409054512522E-01 sumModel-2.09804872954856E+02 sumForcing 1.35809517014671E+02 sumM 4.87976777788240E-02 trend-4.38454361522683E-02 aero 0.00000000000000E+00 level 1.49869948685207E+03 k0-2.89892655813154E+04 init-1.69578693643821E+00 IR-5.08708359306436E-01 impC 3.01482531785201E-02 mP 5.51492872052613E-03 year-5.48601554518334E-06 sumLPAP 1.29809696191975E+00 harm
KEEPDBG accept 4 cc 6.19409057176881E-01 sumModel-2.09804849315785E+02 sumForcing 1.35809501025913E+02 sumM 4.87976777788240E-02 trend-4.38454363362882E-02 aero 0.00000000000000E+00 level 1.49869950738769E+03 k0-2.89892700707993E+04 init-1.69578693643821E+00 IR-5.08708359306436E-01 impC 3.01482531785201E-02 mP 5.51492872052613E-03 year-5.48601554518334E-06 sumLPAP 1.29809696191975E+00 harm
w.dat for Thread # 7 8
=== Param_B Overlay Verification ===
  NLP (tidal constituents) =  42
  NLT (modulations) =  11
  Expected overlay size =  113
  Calculated (P'Size / LF'Size - 1) =  113
  Manual (18 + NLP*2 + NLT) =  113
  ✓ Layout verification PASSED
  Scalar fields: 1.. 18
  LPAP array:  19.. 102
  LT array:  103.. 113

Catchup mode enabled:TRUE
KEEPDBG accept 7 cc 6.19409057176881E-01 sumModel-2.09804849315785E+02 sumForcing 1.35809501025913E+02 sumM 4.87976777788240E-02 trend-4.38454363362882E-02 aero 0.00000000000000E+00 level 1.49869950738769E+03 k0-2.89892700707993E+04 init-1.69578693643821E+00 IR-5.08708359306436E-01 impC 3.01482531785201E-02 mP 5.51492872052613E-03 year-5.48601554518334E-06 sumLPAP 1.29809696191975E+00 harm
KEEPDBG accept 4 cc 6.19409057177178E-01 sumModel-2.09804851525478E+02 sumForcing 1.35809501025913E+02 sumM 4.87976777788240E-02 trend-4.38454363362882E-02 aero 0.00000000000000E+00 level 1.49869950738769E+03 k0-2.89892700707993E+04 init-1.69578693643821E+00 IR-5.08708359306436E-01 impC 3.01482429121769E-02 mP 5.51492872052613E-03 year-5.48601554518334E-06 sumLPAP 1.29809696191975E+00 harm
w.dat for Thread # 8 9
=== Param_B Overlay Verification ===
  NLP (tidal constituents) =  42
  NLT (modulations) =  11
  Expected overlay size =  113
  Calculated (P'Size / LF'Size - 1) =  113
  Manual (18 + NLP*2 + NLT) =  113
  ✓ Layout verification PASSED
  Scalar fields: 1.. 18
  LPAP array:  19.. 102
  LT array:  103.. 113

Catchup mode enabled:TRUE
KEEPDBG accept 8 cc 6.19409057177178E-01 sumModel-2.09804851525478E+02 sumForcing 1.35809501025913E+02 sumM 4.87976777788240E-02 trend-4.38454363362882E-02 aero 0.00000000000000E+00 level 1.49869950738769E+03 k0-2.89892700707993E+04 init-1.69578693643821E+00 IR-5.08708359306436E-01 impC 3.01482429121769E-02 mP 5.51492872052613E-03 year-5.48601554518334E-06 sumLPAP 1.29809696191975E+00 harm
w.dat for Thread # 9 10
=== Param_B Overlay Verification ===
  NLP (tidal constituents) =  42
  NLT (modulations) =  11
  Expected overlay size =  113
  Calculated (P'Size / LF'Size - 1) =  113
  Manual (18 + NLP*2 + NLT) =  113
  ✓ Layout verification PASSED
  Scalar fields: 1.. 18
  LPAP array:  19.. 102
  LT array:  103.. 113

Catchup mode enabled:TRUE
KEEPDBG accept 9 cc 6.19409057177178E-01 sumModel-2.09804851525478E+02 sumForcing 1.35809501025913E+02 sumM 4.87976777788240E-02 trend-4.38454363362882E-02 aero 0.00000000000000E+00 level 1.49869950738769E+03 k0-2.89892700707993E+04 init-1.69578693643821E+00 IR-5.08708359306436E-01 impC 3.01482429121769E-02 mP 5.51492872052613E-03 year-5.48601554518334E-06 sumLPAP 1.29809696191975E+00 harm
w.dat for Thread # 10 11
=== Param_B Overlay Verification ===
  NLP (tidal constituents) =  42
  NLT (modulations) =  11
  Expected overlay size =  113
  Calculated (P'Size / LF'Size - 1) =  113
  Manual (18 + NLP*2 + NLT) =  113
  ✓ Layout verification PASSED
  Scalar fields: 1.. 18
  LPAP array:  19.. 102
  LT array:  103.. 113

Catchup mode enabled:TRUE
KEEPDBG accept 10 cc 6.19409057177178E-01 sumModel-2.09804851525478E+02 sumForcing 1.35809501025913E+02 sumM 4.87976777788240E-02 trend-4.38454363362882E-02 aero 0.00000000000000E+00 level 1.49869950738769E+03 k0-2.89892700707993E+04 init-1.69578693643821E+00 IR-5.08708359306436E-01 impC 3.01482429121769E-02 mP 5.51492872052613E-03 year-5.48601554518334E-06 sumLPAP 1.29809696191975E+00 harm
w.dat for Thread # 11 12
=== Param_B Overlay Verification ===
  NLP (tidal constituents) =  42
  NLT (modulations) =  11
  Expected overlay size =  113
  Calculated (P'Size / LF'Size - 1) =  113
  Manual (18 + NLP*2 + NLT) =  113
  ✓ Layout verification PASSED
  Scalar fields: 1.. 18
  LPAP array:  19.. 102
  LT array:  103.. 113

Catchup mode enabled:TRUE
KEEPDBG accept 11 cc 6.19409057177178E-01 sumModel-2.09804851525478E+02 sumForcing 1.35809501025913E+02 sumM 4.87976777788240E-02 trend-4.38454363362882E-02 aero 0.00000000000000E+00 level 1.49869950738769E+03 k0-2.89892700707993E+04 init-1.69578693643821E+00 IR-5.08708359306436E-01 impC 3.01482429121769E-02 mP 5.51492872052613E-03 year-5.48601554518334E-06 sumLPAP 1.29809696191975E+00 harm
w.dat for Thread # 12 13
=== Param_B Overlay Verification ===
  NLP (tidal constituents) =  42
  NLT (modulations) =  11
  Expected overlay size =  113
  Calculated (P'Size / LF'Size - 1) =  113
  Manual (18 + NLP*2 + NLT) =  113
  ✓ Layout verification PASSED
  Scalar fields: 1.. 18
  LPAP array:  19.. 102
  LT array:  103.. 113

Catchup mode enabled:TRUE
KEEPDBG accept 9 cc 6.19409064283147E-01 sumModel-2.09804890445461E+02 sumForcing 1.35809430099466E+02 sumM 4.87976777788240E-02 trend-4.38454390690070E-02 aero 0.00000000000000E+00 level 1.49870035644221E+03 k0-2.89892895108051E+04 init-1.69578693643821E+00 IR-5.08708359306436E-01 impC 3.01482429121769E-02 mP 5.51492872052613E-03 year-5.48601554518334E-06 sumLPAP 1.29809696191975E+00 harm
KEEPDBG accept 12 cc 6.19409057177178E-01 sumModel-2.09804851525478E+02 sumForcing 1.35809501025913E+02 sumM 4.87976777788240E-02 trend-4.38454363362882E-02 aero 0.00000000000000E+00 level 1.49869950738769E+03 k0-2.89892700707993E+04 init-1.69578693643821E+00 IR-5.08708359306436E-01 impC 3.01482429121769E-02 mP 5.51492872052613E-03 year-5.48601554518334E-06 sumLPAP 1.29809696191975E+00 harm
w.dat for Thread # 13 14
=== Param_B Overlay Verification ===
  NLP (tidal constituents) =  42
  NLT (modulations) =  11
  Expected overlay size =  113
  Calculated (P'Size / LF'Size - 1) =  113
  Manual (18 + NLP*2 + NLT) =  113
  ✓ Layout verification PASSED
  Scalar fields: 1.. 18
  LPAP array:  19.. 102
  LT array:  103.. 113

Catchup mode enabled:TRUE
KEEPDBG accept 13 cc 6.19409057177178E-01 sumModel-2.09804851525478E+02 sumForcing 1.35809501025913E+02 sumM 4.87976777788240E-02 trend-4.38454363362882E-02 aero 0.00000000000000E+00 level 1.49869950738769E+03 k0-2.89892700707993E+04 init-1.69578693643821E+00 IR-5.08708359306436E-01 impC 3.01482429121769E-02 mP 5.51492872052613E-03 year-5.48601554518334E-06 sumLPAP 1.29809696191975E+00 harm
KEEPDBG accept 10 cc 6.19409057360298E-01 sumModel-2.09804973707150E+02 sumForcing 1.35809501025913E+02 sumM 4.87976777788240E-02 trend-4.38454691618438E-02 aero 0.00000000000000E+00 level 1.49870047918289E+03 k0-2.89892774282753E+04 init-1.69578693643821E+00 IR-5.08708045945701E-01 impC 3.01482429121769E-02 mP 5.51492872052613E-03 year-5.48601554518334E-06 sumLPAP 1.29809696191975E+00 harm
w.dat for Thread # 14 15
=== Param_B Overlay Verification ===
  NLP (tidal constituents) =  42
  NLT (modulations) =  11
  Expected overlay size =  113
  Calculated (P'Size / LF'Size - 1) =  113
  Manual (18 + NLP*2 + NLT) =  113
  ✓ Layout verification PASSED
  Scalar fields: 1.. 18
  LPAP array:  19.. 102
  LT array:  103.. 113

Catchup mode enabled:TRUE
KEEPDBG accept 2 cc 6.19409107748976E-01 sumModel-2.09804943758642E+02 sumForcing 1.35809968325537E+02 sumM 4.87976777788240E-02 trend-4.38455068304755E-02 aero 0.00000000000000E+00 level 1.49871243065413E+03 k0-2.89894256622705E+04 init-1.69578693643821E+00 IR-5.08708359306436E-01 impC 3.01482531785201E-02 mP 5.51492872052613E-03 year-5.48601554518334E-06 sumLPAP 1.29809696191975E+00 harm
KEEPDBG accept 14 cc 6.19409057360298E-01 sumModel-2.09804973707150E+02 sumForcing 1.35809501025913E+02 sumM 4.87976777788240E-02 trend-4.38454691618438E-02 aero 0.00000000000000E+00 level 1.49870047918289E+03 k0-2.89892774282753E+04 init-1.69578693643821E+00 IR-5.08708045945701E-01 impC 3.01482429121769E-02 mP 5.51492872052613E-03 year-5.48601554518334E-06 sumLPAP 1.29809696191975E+00 harm
w.dat for Thread # 15 16
=== Param_B Overlay Verification ===
  NLP (tidal constituents) =  42
  NLT (modulations) =  11
  Expected overlay size =  113
  Calculated (P'Size / LF'Size - 1) =  113
  Manual (18 + NLP*2 + NLT) =  113
  ✓ Layout verification PASSED
  Scalar fields: 1.. 18
  LPAP array:  19.. 102
  LT array:  103.. 113

Catchup mode enabled:TRUE
KEEPDBG accept 6 cc 6.19409331473781E-01 sumModel-2.09805222286307E+02 sumForcing 1.35811451133168E+02 sumM 4.87976777788240E-02 trend-4.38457531411345E-02 aero 0.00000000000000E+00 level 1.49875456808712E+03 k0-2.89898642133142E+04 init-1.69578693643821E+00 IR-5.08708359306436E-01 impC 3.01482531785201E-02 mP 5.51492872052613E-03 year-5.48601554518334E-06 sumLPAP 1.29809696191975E+00 harm
w.dat for Thread # 16 1
=== Param_B Overlay Verification ===
  NLP (tidal constituents) =  42
  NLT (modulations) =  11
  Expected overlay size =  113
  Calculated (P'Size / LF'Size - 1) =  113
  Manual (18 + NLP*2 + NLT) =  113
  ✓ Layout verification PASSED
  Scalar fields: 1.. 18
  LPAP array:  19.. 102
  LT array:  103.. 113

Catchup mode enabled:TRUE
KEEPDBG accept 15 cc 6.19409057360298E-01 sumModel-2.09804973707150E+02 sumForcing 1.35809501025913E+02 sumM 4.87976777788240E-02 trend-4.38454691618438E-02 aero 0.00000000000000E+00 level 1.49870047918289E+03 k0-2.89892774282753E+04 init-1.69578693643821E+00 IR-5.08708045945701E-01 impC 3.01482429121769E-02 mP 5.51492872052613E-03 year-5.48601554518334E-06 sumLPAP 1.29809696191975E+00 harm
KEEPDBG accept 16 cc 6.19409331473781E-01 sumModel-2.09805222286307E+02 sumForcing 1.35811451133168E+02 sumM 4.87976777788240E-02 trend-4.38457531411345E-02 aero 0.00000000000000E+00 level 1.49875456808712E+03 k0-2.89898642133142E+04 init-1.69578693643821E+00 IR-5.08708359306436E-01 impC 3.01482531785201E-02 mP 5.51492872052613E-03 year-5.48601554518334E-06 sumLPAP 1.29809696191975E+00 harm
KEEPDBG accept 12 cc 6.19409327781659E-01 sumModel-2.09804728201583E+02 sumForcing 1.35807655168028E+02 sumM 4.87976777788240E-02 trend-4.38446377881947E-02 aero 0.00000000000000E+00 level 1.49870938785470E+03 k0-2.89896867304717E+04 init-1.69578693643821E+00 IR-5.08708359306436E-01 impC 3.01482429121769E-02 mP 5.51492872052613E-03 year-5.48601554518334E-06 sumLPAP 1.29809696191975E+00 harm
KEEPDBG accept 5 cc 6.19410069086696E-01 sumModel-2.09804470950790E+02 sumForcing 1.35803105908686E+02 sumM 4.87976777788240E-02 trend-4.38426835966961E-02 aero 0.00000000000000E+00 level 1.49873035031328E+03 k0-2.89905371934260E+04 init-1.69578693643821E+00 IR-5.08708359306436E-01 impC 3.01482531785201E-02 mP 5.51492872052613E-03 year-5.48601554518334E-06 sumLPAP 1.29809696191975E+00 harm
KEEPDBG accept 6 cc 6.19410173613350E-01 sumModel-2.09805178595538E+02 sumForcing 1.35811647415556E+02 sumM 4.87974650320376E-02 trend-4.38458275234048E-02 aero 0.00000000000000E+00 level 1.49879385408988E+03 k0-2.89904148144034E+04 init-1.69578693643821E+00 IR-5.08708359306436E-01 impC 3.01482531785201E-02 mP 5.51492872052613E-03 year-5.48601554518334E-06 sumLPAP 1.29809696191975E+00 harm
KEEPDBG accept 6 cc 6.19410578236036E-01 sumModel-2.09805031452575E+02 sumForcing 1.35812146206171E+02 sumM 4.87974650320376E-02 trend-4.38458406301966E-02 aero 0.00000000000000E+00 level 1.49882529789419E+03 k0-2.89909660543638E+04 init-1.69578693643821E+00 IR-5.08708359306436E-01 impC 3.01482531785201E-02 mP 5.51492872052613E-03 year-5.48601554518334E-06 sumLPAP 1.29809696191975E+00 harm
KEEPDBG accept 9 cc 6.19417683627135E-01 sumModel-2.09803366098475E+02 sumForcing 1.35811530395732E+02 sumM 4.87954028558895E-02 trend-4.38461250766542E-02 aero 0.00000000000000E+00 level 1.49913849999619E+03 k0-2.89960942704472E+04 init-1.69578693643821E+00 IR-5.08708359306436E-01 impC 3.01482429121769E-02 mP 5.51492872052613E-03 year-5.48601554518334E-06 sumLPAP 1.29809696191975E+00 harm
KEEPDBG accept 10 cc 6.19429613024524E-01 sumModel-2.09801548195598E+02 sumForcing 1.35814514574931E+02 sumM 4.87922538299532E-02 trend-4.38471379036654E-02 aero 0.00000000000000E+00 level 1.49973877465248E+03 k0-2.90052030483001E+04 init-1.69578693643821E+00 IR-5.08708045945701E-01 impC 3.01482429121769E-02 mP 5.51492872052613E-03 year-5.48601554518334E-06 sumLPAP 1.29809696191975E+00 harm
KEEPDBG accept 5 cc 6.19410325601885E-01 sumModel-2.09804415544800E+02 sumForcing 1.35802384218328E+02 sumM 4.87976121061213E-02 trend-4.38426266052167E-02 aero 0.00000000000000E+00 level 1.49874456924921E+03 k0-2.89907463360666E+04 init-1.69578693643821E+00 IR-5.08708359306436E-01 impC 3.01482531785201E-02 mP 5.51492872052613E-03 year-5.48601554518334E-06 sumLPAP 1.29809696191975E+00 harm
KEEPDBG accept 4 cc 6.19412676756078E-01 sumModel-2.09804214929017E+02 sumForcing 1.35810383344250E+02 sumM 4.87967216256260E-02 trend-4.38457221073838E-02 aero 0.00000000000000E+00 level 1.49888412051908E+03 k0-2.89921531435628E+04 init-1.69578693643821E+00 IR-5.08708359306436E-01 impC 3.01482429121769E-02 mP 5.51492872052613E-03 year-5.48601554518334E-06 sumLPAP 1.29809696191975E+00 harm
KEEPDBG accept 6 cc 6.19410609589260E-01 sumModel-2.09805091728157E+02 sumForcing 1.35812090896436E+02 sumM 4.87974650320376E-02 trend-4.38458457002028E-02 aero 0.00000000000000E+00 level 1.49882177286281E+03 k0-2.89908529141722E+04 init-1.69578693643821E+00 IR-5.08708359306436E-01 impC 3.01482531785201E-02 mP 5.51492525753778E-03 year-5.48601554518334E-06 sumLPAP 1.29809696191975E+00 harm
KEEPDBG accept 11 cc 6.19447818204035E-01 sumModel-2.09798556675410E+02 sumForcing 1.35819025249813E+02 sumM 4.87873927332589E-02 trend-4.38486305651880E-02 aero 0.00000000000000E+00 level 1.50066166609030E+03 k0-2.90191682484416E+04 init-1.69578693643821E+00 IR-5.08708359306436E-01 impC 3.01482429121769E-02 mP 5.51492872052613E-03 year-5.48601554518334E-06 sumLPAP 1.29809696191975E+00 harm
KEEPDBG accept 7 cc 6.19409057199587E-01 sumModel-2.09805018386632E+02 sumForcing 1.35809501025913E+02 sumM 4.87976777788240E-02 trend-4.38454363362882E-02 aero 0.00000000000000E+00 level 1.49869950738769E+03 k0-2.89892700707993E+04 init-1.69578693643821E+00 IR-5.08708359306436E-01 impC 3.01474676668724E-02 mP 5.51492872052613E-03 year-5.48601554518334E-06 sumLPAP 1.29809696191975E+00 harm
KEEPDBG accept 13 cc 6.19426969169145E-01 sumModel-2.09801889006242E+02 sumForcing 1.35813860875784E+02 sumM 4.87929597852483E-02 trend-4.38468906509501E-02 aero 0.00000000000000E+00 level 1.49960254196822E+03 k0-2.90031076011256E+04 init-1.69578693643821E+00 IR-5.08708359306436E-01 impC 3.01482429121769E-02 mP 5.51492872052613E-03 year-5.48601554518334E-06 sumLPAP 1.29809696191975E+00 harm
KEEPDBG accept 10 cc 6.19429629694070E-01 sumModel-2.09801569170586E+02 sumForcing 1.35814420256413E+02 sumM 4.87922538299532E-02 trend-4.38471094064879E-02 aero 0.00000000000000E+00 level 1.49973507018561E+03 k0-2.90051401579127E+04 init-1.69578283811406E+00 IR-5.08708045945701E-01 impC 3.01482429121769E-02 mP 5.51492872052613E-03 year-5.48601554518334E-06 sumLPAP 1.29809696191975E+00 harm
KEEPDBG accept 9 cc 6.19417704666526E-01 sumModel-2.09803411081911E+02 sumForcing 1.35811364444552E+02 sumM 4.87954028558895E-02 trend-4.38461166168786E-02 aero 0.00000000000000E+00 level 1.49913183990982E+03 k0-2.89959527521929E+04 init-1.69578693643821E+00 IR-5.08708359306436E-01 impC 3.01482429121769E-02 mP 5.51491833120103E-03 year-5.48601554518334E-06 sumLPAP 1.29809696191975E+00 harm
KEEPDBG accept 7 cc 6.19410220172966E-01 sumModel-2.09804865519111E+02 sumForcing 1.35797915466268E+02 sumM 4.87976777788240E-02 trend-4.38417132076932E-02 aero 0.00000000000000E+00 level 1.49826902511620E+03 k0-2.89831950829663E+04 init-1.69528347619291E+00 IR-5.08708359306436E-01 impC 3.01474676668724E-02 mP 5.51492872052613E-03 year-5.48601554518334E-06 sumLPAP 1.29809696191975E+00 harm
KEEPDBG accept 7 cc 6.19441825312452E-01 sumModel-2.09800212056040E+02 sumForcing 1.35834280632749E+02 sumM 4.87976777788240E-02 trend-4.38433856782237E-02 aero 0.00000000000000E+00 level 1.50042898148554E+03 k0-2.90171002967263E+04 init-1.69528347619291E+00 IR-5.08708359306436E-01 impC 3.01474676668724E-02 mP 5.51492872052613E-03 year-5.48601554518334E-06 sumLPAP 1.29809696191975E+00 harm
KEEPDBG accept 10 cc 6.19429664584835E-01 sumModel-2.09801647729248E+02 sumForcing 1.35814419925019E+02 sumM 4.87922538299532E-02 trend-4.38471196327759E-02 aero 0.00000000000000E+00 level 1.49973343072287E+03 k0-2.90050555328240E+04 init-1.69578283811406E+00 IR-5.08708045945701E-01 impC 3.01482429121769E-02 mP 5.51492872052613E-03 year-5.48601554518334E-06 sumLPAP 1.29809696191975E+00 harm
KEEPDBG accept 5 cc 6.19410325657611E-01 sumModel-2.09804831987558E+02 sumForcing 1.35802384218328E+02 sumM 4.87976121061213E-02 trend-4.38426266052167E-02 aero 0.00000000000000E+00 level 1.49874456924921E+03 k0-2.89907463360666E+04 init-1.69578693643821E+00 IR-5.08708359306436E-01 impC 3.01463183645367E-02 mP 5.51492872052613E-03 year-5.48601554518334E-06 sumLPAP 1.29809696191975E+00 harm
KEEPDBG accept 7 cc 6.19445792398437E-01 sumModel-2.09809181075539E+02 sumForcing 1.35868430706259E+02 sumM 4.87976777788240E-02 trend-4.38477820092571E-02 aero 0.00000000000000E+00 level 1.50142011201327E+03 k0-2.90257577019164E+04 init-1.69528347619291E+00 IR-5.08708359306436E-01 impC 3.01474676668724E-02 mP 5.51706601137548E-03 year-5.48601554518334E-06 sumLPAP 1.29809696191975E+00 harm
KEEPDBG accept 5 cc 6.19410704712510E-01 sumModel-2.09804821968285E+02 sumForcing 1.35801268977243E+02 sumM 4.87975106170537E-02 trend-4.38425344989545E-02 aero 0.00000000000000E+00 level 1.49876674106811E+03 k0-2.89910932306367E+04 init-1.69578693643821E+00 IR-5.08708359306436E-01 impC 3.01463183645367E-02 mP 5.51492872052613E-03 year-5.48601554518334E-06 sumLPAP 1.29809696191975E+00 harm
KEEPDBG accept 16 cc 6.19409331582874E-01 sumModel-2.09806035886128E+02 sumForcing 1.35811451133168E+02 sumM 4.87976777788240E-02 trend-4.38457531411345E-02 aero 0.00000000000000E+00 level 1.49875456808712E+03 k0-2.89898642133142E+04 init-1.69578693643821E+00 IR-5.08708359306436E-01 impC 3.01444731528615E-02 mP 5.51492872052613E-03 year-5.48601554518334E-06 sumLPAP 1.29809696191975E+00 harm
KEEPDBG accept 12 cc 6.19415557001946E-01 sumModel-2.09802240028799E+02 sumForcing 1.35768251253177E+02 sumM 4.87976777788240E-02 trend-4.38277279302774E-02 aero 0.00000000000000E+00 level 1.49890082790186E+03 k0-2.89975000540625E+04 init-1.69578693643821E+00 IR-5.08708359306436E-01 impC 3.01482429121769E-02 mP 5.51492872052613E-03 year-5.48601554518334E-06 sumLPAP 1.29809696191975E+00 harm
KEEPDBG accept 9 cc 6.19417815566920E-01 sumModel-2.09803304471125E+02 sumForcing 1.35809971327974E+02 sumM 4.87954028558895E-02 trend-4.38456573282121E-02 aero 0.00000000000000E+00 level 1.49908156316836E+03 k0-2.89953076158287E+04 init-1.69572639419728E+00 IR-5.08708359306436E-01 impC 3.01482429121769E-02 mP 5.51491833120103E-03 year-5.48601554518334E-06 sumLPAP 1.29809696191975E+00 harm
KEEPDBG accept 10 cc 6.19429688638424E-01 sumModel-2.09801670522425E+02 sumForcing 1.35794017330256E+02 sumM 4.87922538299532E-02 trend-4.38471503863468E-02 aero 0.00000000000000E+00 level 1.50015954626410E+03 k0-2.90180939310644E+04 init-1.69578283811406E+00 IR-5.08708045945701E-01 impC 3.01482429121769E-02 mP 5.51492872052613E-03 year-5.48601554518334E-06 sumLPAP 1.29809696191975E+00 harm
KEEPDBG accept 14 cc 6.19507875796986E-01 sumModel-2.09789221921146E+02 sumForcing 1.35834574799584E+02 sumM 4.87707684922491E-02 trend-4.38539062049285E-02 aero 0.00000000000000E+00 level 1.50379957511114E+03 k0-2.90662551598482E+04 init-1.69578693643821E+00 IR-5.08708045945701E-01 impC 3.01482429121769E-02 mP 5.51492872052613E-03 year-5.48601554518334E-06 sumLPAP 1.29809696191975E+00 harm
KEEPDBG accept 8 cc 6.19409812503167E-01 sumModel-2.09804710242911E+02 sumForcing 1.35801749190236E+02 sumM 4.87976777788240E-02 trend-4.38429369850005E-02 aero 0.00000000000000E+00 level 1.49841211685954E+03 k0-2.89852601809492E+04 init-1.69545005227199E+00 IR-5.08708359306436E-01 impC 3.01482429121769E-02 mP 5.51492872052613E-03 year-5.48601554518334E-06 sumLPAP 1.29809696191975E+00 harm
KEEPDBG accept 11 cc 6.19447847366932E-01 sumModel-2.09798553351737E+02 sumForcing 1.35818942983461E+02 sumM 4.87873852371945E-02 trend-4.38486243117241E-02 aero 0.00000000000000E+00 level 1.50066283122804E+03 k0-2.90191817510174E+04 init-1.69578693643821E+00 IR-5.08708359306436E-01 impC 3.01482429121769E-02 mP 5.51492872052613E-03 year-5.48601554518334E-06 sumLPAP 1.29809696191975E+00 harm
KEEPDBG accept 10 cc 6.19429688668415E-01 sumModel-2.09801888336340E+02 sumForcing 1.35794017330256E+02 sumM 4.87922538299532E-02 trend-4.38471503863468E-02 aero 0.00000000000000E+00 level 1.50015954626410E+03 k0-2.90180939310644E+04 init-1.69578283811406E+00 IR-5.08708045945701E-01 impC 3.01472309375722E-02 mP 5.51492872052613E-03 year-5.48601554518334E-06 sumLPAP 1.29809696191975E+00 harm
KEEPDBG accept 1 cc 6.19421553718277E-01 sumModel-2.09799865426635E+02 sumForcing 1.35730034973663E+02 sumM 4.87976777788240E-02 trend-4.38113316957348E-02 aero 0.00000000000000E+00 level 1.49908550088095E+03 k0-2.90050366916764E+04 init-1.69578693643821E+00 IR-5.08708359306436E-01 impC 3.01482531785201E-02 mP 5.51492872052613E-03 year-5.48601554518334E-06 sumLPAP 1.29809696191975E+00 harm
KEEPDBG accept 10 cc 6.19430634604995E-01 sumModel-2.09801700629462E+02 sumForcing 1.35785362883416E+02 sumM 4.87922538299532E-02 trend-4.38443606253836E-02 aero 0.00000000000000E+00 level 1.49983858480253E+03 k0-2.90135948426806E+04 init-1.69540678373614E+00 IR-5.08708045945701E-01 impC 3.01472309375722E-02 mP 5.51492872052613E-03 year-5.48601554518334E-06 sumLPAP 1.29809696191975E+00 harm
KEEPDBG accept 9 cc 6.19417818445268E-01 sumModel-2.09803308085389E+02 sumForcing 1.35809971327974E+02 sumM 4.87947245502864E-02 trend-4.38456578297107E-02 aero 0.00000000000000E+00 level 1.49893823460483E+03 k0-2.89923703437157E+04 init-1.69572639419728E+00 IR-5.08708359306436E-01 impC 3.01482429121769E-02 mP 5.51491833120103E-03 year-5.48601554518334E-06 sumLPAP 1.29809696191975E+00 harm
KEEPDBG accept 9 cc 6.19421092385781E-01 sumModel-2.09810030263362E+02 sumForcing 1.35836023520899E+02 sumM 4.87947245502864E-02 trend-4.38489801297102E-02 aero 0.00000000000000E+00 level 1.49969451826137E+03 k0-2.89990770840954E+04 init-1.69572639419728E+00 IR-5.08708359306436E-01 impC 3.01482429121769E-02 mP 5.51654928940387E-03 year-5.48601554518334E-06 sumLPAP 1.29809696191975E+00 harm
KEEPDBG accept 12 cc 6.19415589661843E-01 sumModel-2.09802338749493E+02 sumForcing 1.35767924573981E+02 sumM 4.87976777788240E-02 trend-4.38274791756999E-02 aero 0.00000000000000E+00 level 1.49888999011618E+03 k0-2.89973997818453E+04 init-1.69578693643821E+00 IR-5.08708359306436E-01 impC 3.01482429121769E-02 mP 5.51492872052613E-03 year-5.48601554518334E-06 sumLPAP 1.29809696191975E+00 harm
KEEPDBG accept 4 cc 6.19426676592027E-01 sumModel-2.09804622041930E+02 sumForcing 1.35772872205547E+02 sumM 4.87933052943509E-02 trend-4.38430170885811E-02 aero 0.00000000000000E+00 level 1.49958087347518E+03 k0-2.90007820220449E+04 init-1.69578693643821E+00 IR-5.08708359306436E-01 impC 3.01482429121769E-02 mP 5.51492872052613E-03 year-5.48601554518334E-06 sumLPAP 1.29809696191975E+00 harm
KEEPDBG accept 12 cc 6.19618104461269E-01 sumModel-2.09771495517415E+02 sumForcing 1.35822517078817E+02 sumM 4.87398023173907E-02 trend-4.38459011769549E-02 aero 0.00000000000000E+00 level 1.50972709442465E+03 k0-2.91581799719464E+04 init-1.69578693643821E+00 IR-5.08708359306436E-01 impC 3.01482429121769E-02 mP 5.51492872052613E-03 year-5.48601554518334E-06 sumLPAP 1.29809696191975E+00 harm
KEEPDBG accept 2 cc 6.19409246701261E-01 sumModel-2.09910086580780E+02 sumForcing 1.35809968325537E+02 sumM 4.87976777788240E-02 trend-4.38738042331457E-02 aero 0.00000000000000E+00 level 1.49955017390046E+03 k0-2.89957681610795E+04 init-1.69578693643821E+00 IR-5.08438225504306E-01 impC 3.01482531785201E-02 mP 5.51492872052613E-03 year-5.48601554518334E-06 sumLPAP 1.29809696191975E+00 harm
KEEPDBG accept 14 cc 6.19507909426812E-01 sumModel-2.09789268092912E+02 sumForcing 1.35834574799584E+02 sumM 4.87707563222585E-02 trend-4.38539150025188E-02 aero 0.00000000000000E+00 level 1.50379572453487E+03 k0-2.90661312826703E+04 init-1.69578693643821E+00 IR-5.08708045945701E-01 impC 3.01482429121769E-02 mP 5.51492872052613E-03 year-5.48601554518334E-06 sumLPAP 1.29809696191975E+00 harm
KEEPDBG accept 3 cc 6.19409075016115E-01 sumModel-2.09804923553340E+02 sumForcing 1.35809517014671E+02 sumM 4.87879023376196E-02 trend-4.38454420048920E-02 aero 0.00000000000000E+00 level 1.49663892256503E+03 k0-2.89470445598865E+04 init-1.69578693643821E+00 IR-5.08708359306436E-01 impC 3.01482531785201E-02 mP 5.51492872052613E-03 year-5.48601554518334E-06 sumLPAP 1.29809696191975E+00 harm
KEEPDBG accept 8 cc 6.19418808763837E-01 sumModel-2.09804990752395E+02 sumForcing 1.35777874789309E+02 sumM 4.87955045219038E-02 trend-4.38412263198715E-02 aero 0.00000000000000E+00 level 1.49885617682019E+03 k0-2.89907455450967E+04 init-1.69545005227199E+00 IR-5.08708359306436E-01 impC 3.01482429121769E-02 mP 5.51492872052613E-03 year-5.48601554518334E-06 sumLPAP 1.29809696191975E+00 harm
KEEPDBG accept 9 cc 6.19422913824971E-01 sumModel-2.09813942625216E+02 sumForcing 1.35850879465227E+02 sumM 4.87947245502864E-02 trend-4.38508830726107E-02 aero 0.00000000000000E+00 level 1.50012587985158E+03 k0-2.90028608612180E+04 init-1.69572639419728E+00 IR-5.08708359306436E-01 impC 3.01482429121769E-02 mP 5.51747929730678E-03 year-5.48601554518334E-06 sumLPAP 1.29809696191975E+00 harm
KEEPDBG accept 10 cc 6.19654711983169E-01 sumModel-2.09768170001260E+02 sumForcing 1.35847976773597E+02 sumM 4.87262310797001E-02 trend-4.38654831754469E-02 aero 0.00000000000000E+00 level 1.51211488164825E+03 k0-2.91942065594284E+04 init-1.69540678373614E+00 IR-5.08708045945701E-01 impC 3.01472309375722E-02 mP 5.51492872052613E-03 year-5.48601554518334E-06 sumLPAP 1.29809696191975E+00 harm
KEEPDBG accept 8 cc 6.19437515345038E-01 sumModel-2.09805524279238E+02 sumForcing 1.35726945846071E+02 sumM 4.87908613219043E-02 trend-4.38375301409279E-02 aero 0.00000000000000E+00 level 1.49980361504662E+03 k0-2.90025109610170E+04 init-1.69545005227199E+00 IR-5.08708359306436E-01 impC 3.01482429121769E-02 mP 5.51492872052613E-03 year-5.48601554518334E-06 sumLPAP 1.29809696191975E+00 harm
KEEPDBG accept 11 cc 6.19447847398420E-01 sumModel-2.09798776984293E+02 sumForcing 1.35818942983461E+02 sumM 4.87873852371945E-02 trend-4.38486243117241E-02 aero 0.00000000000000E+00 level 1.50066283122804E+03 k0-2.90191817510174E+04 init-1.69578693643821E+00 IR-5.08708359306436E-01 impC 3.01472039040765E-02 mP 5.51492872052613E-03 year-5.48601554518334E-06 sumLPAP 1.29809696191975E+00 harm
KEEPDBG accept 10 cc 6.19654712177094E-01 sumModel-2.09768238702721E+02 sumForcing 1.35847976773597E+02 sumM 4.87262310797001E-02 trend-4.38655016685227E-02 aero 0.00000000000000E+00 level 1.51211543116321E+03 k0-2.91942107023238E+04 init-1.69540678373614E+00 IR-5.08707869367963E-01 impC 3.01472309375722E-02 mP 5.51492872052613E-03 year-5.48601554518334E-06 sumLPAP 1.29809696191975E+00 harm
KEEPDBG accept 11 cc 6.19447858620698E-01 sumModel-2.09798798098767E+02 sumForcing 1.35824206480912E+02 sumM 4.87873852371945E-02 trend-4.38486210238057E-02 aero 0.00000000000000E+00 level 1.50055195284681E+03 k0-2.90157751313353E+04 init-1.69578693643821E+00 IR-5.08708359306436E-01 impC 3.01472039040765E-02 mP 5.51492872052613E-03 year-5.48601554518334E-06 sumLPAP 1.29809696191975E+00 harm
KEEPDBG accept 9 cc 6.19438284592747E-01 sumModel-2.09814333050487E+02 sumForcing 1.35809219233409E+02 sumM 4.87909276055503E-02 trend-4.38478487633653E-02 aero 0.00000000000000E+00 level 1.50089816387843E+03 k0-2.90124433302417E+04 init-1.69572639419728E+00 IR-5.08708359306436E-01 impC 3.01482429121769E-02 mP 5.51747929730678E-03 year-5.48601554518334E-06 sumLPAP 1.29809696191975E+00 harm
KEEPDBG accept 5 cc 6.19414950453696E-01 sumModel-2.09813388259623E+02 sumForcing 1.35834231279800E+02 sumM 4.87975106170537E-02 trend-4.38467454201424E-02 aero 0.00000000000000E+00 level 1.49972367772575E+03 k0-2.89995309980241E+04 init-1.69578693643821E+00 IR-5.08708359306436E-01 impC 3.01463183645367E-02 mP 5.51699234124754E-03 year-5.48601554518334E-06 sumLPAP 1.29809696191975E+00 harm
KEEPDBG accept 10 cc 6.19654738008805E-01 sumModel-2.09768305995876E+02 sumForcing 1.35848117260873E+02 sumM 4.87262310797001E-02 trend-4.38655258252231E-02 aero 0.00000000000000E+00 level 1.51211860175742E+03 k0-2.91941985232723E+04 init-1.69540678373614E+00 IR-5.08707869367963E-01 impC 3.01472309375722E-02 mP 5.51493749062978E-03 year-5.48601554518334E-06 sumLPAP 1.29809696191975E+00 harm
KEEPDBG accept 13 cc 6.19426997072724E-01 sumModel-2.09801938003987E+02 sumForcing 1.35813860875784E+02 sumM 4.87790407382461E-02 trend-4.38468991341561E-02 aero 0.00000000000000E+00 level 1.49666810224726E+03 k0-2.89429875153871E+04 init-1.69578693643821E+00 IR-5.08708359306436E-01 impC 3.01482429121769E-02 mP 5.51492872052613E-03 year-5.48601554518334E-06 sumLPAP 1.29809696191975E+00 harm
KEEPDBG accept 14 cc 6.19507934087650E-01 sumModel-2.09789320992313E+02 sumForcing 1.35834580328027E+02 sumM 4.87707563222585E-02 trend-4.38539276753370E-02 aero 0.00000000000000E+00 level 1.50379260493782E+03 k0-2.90660361170675E+04 init-1.69578693643821E+00 IR-5.08708045945701E-01 impC 3.01482429121769E-02 mP 5.51492872052613E-03 year-5.48601554518334E-06 sumLPAP 1.29809696191975E+00 harm
KEEPDBG accept 16 cc 6.19790424179767E-01 sumModel-2.09798580353132E+02 sumForcing 1.36472582457301E+02 sumM 4.87976777788240E-02 trend-4.38964870666079E-02 aero 0.00000000000000E+00 level 1.53607732032025E+03 k0-2.95036475115609E+04 init-1.69578693643821E+00 IR-5.08708359306436E-01 impC 3.01444731528615E-02 mP 5.51492872052613E-03 year-5.48601554518334E-06 sumLPAP 1.29809696191975E+00 harm
KEEPDBG accept 15 cc 6.19419429269752E-01 sumModel-2.09800861473366E+02 sumForcing 1.35743716695205E+02 sumM 4.87976777788240E-02 trend-4.38172430477897E-02 aero 0.00000000000000E+00 level 1.49901993749068E+03 k0-2.90023148603875E+04 init-1.69578693643821E+00 IR-5.08708045945701E-01 impC 3.01482429121769E-02 mP 5.51492872052613E-03 year-5.48601554518334E-06 sumLPAP 1.29809696191975E+00 harm
KEEPDBG accept 9 cc 6.19452907667639E-01 sumModel-2.09808481739684E+02 sumForcing 1.35715922529679E+02 sumM 4.87909276055503E-02 trend-4.38077863783902E-02 aero 0.00000000000000E+00 level 1.50135183874471E+03 k0-2.90309205462352E+04 init-1.69572639419728E+00 IR-5.08708359306436E-01 impC 3.01482429121769E-02 mP 5.51747929730678E-03 year-5.48601554518334E-06 sumLPAP 1.29809696191975E+00 harm
KEEPDBG accept 3 cc 6.19448680737373E-01 sumModel-2.09806184935276E+02 sumForcing 1.35701472237562E+02 sumM 4.87780489857676E-02 trend-4.38376145371970E-02 aero 0.00000000000000E+00 level 1.49864017582728E+03 k0-2.89716940598736E+04 init-1.69578693643821E+00 IR-5.08708359306436E-01 impC 3.01482531785201E-02 mP 5.51492872052613E-03 year-5.48601554518334E-06 sumLPAP 1.29809696191975E+00 harm
KEEPDBG accept 15 cc 6.19419894880651E-01 sumModel-2.09800739837184E+02 sumForcing 1.35738726636519E+02 sumM 4.87976777788240E-02 trend-4.38156295776056E-02 aero 0.00000000000000E+00 level 1.49883589465660E+03 k0-2.89997726618323E+04 init-1.69557016863565E+00 IR-5.08708045945701E-01 impC 3.01482429121769E-02 mP 5.51492872052613E-03 year-5.48601554518334E-06 sumLPAP 1.29809696191975E+00 harm
KEEPDBG accept 8 cc 6.19444091116068E-01 sumModel-2.09805860243550E+02 sumForcing 1.35708881348839E+02 sumM 4.87892120138220E-02 trend-4.38362333732614E-02 aero 0.00000000000000E+00 level 1.50013599221642E+03 k0-2.90064804901512E+04 init-1.69545005227199E+00 IR-5.08708359306436E-01 impC 3.01482429121769E-02 mP 5.51492872052613E-03 year-5.48601554518334E-06 sumLPAP 1.29809696191975E+00 harm
KEEPDBG accept 1 cc 6.19421759063002E-01 sumModel-2.10048623174118E+02 sumForcing 1.35730034973663E+02 sumM 4.87976777788240E-02 trend-4.38782861362205E-02 aero 0.00000000000000E+00 level 1.50106731324919E+03 k0-2.90200457358702E+04 init-1.69578693643821E+00 IR-5.08069007619313E-01 impC 3.01482531785201E-02 mP 5.51492872052613E-03 year-5.48601554518334E-06 sumLPAP 1.29809696191975E+00 harm
KEEPDBG accept 4 cc 6.19426707191036E-01 sumModel-2.09804691411568E+02 sumForcing 1.35746199844285E+02 sumM 4.87933052943509E-02 trend-4.38430579311479E-02 aero 0.00000000000000E+00 level 1.50013868923766E+03 k0-2.90178403852210E+04 init-1.69578693643821E+00 IR-5.08708359306436E-01 impC 3.01482429121769E-02 mP 5.51492872052613E-03 year-5.48601554518334E-06 sumLPAP 1.29809696191975E+00 harm
KEEPDBG accept 14 cc 6.19511131332468E-01 sumModel-2.09788702245544E+02 sumForcing 1.35835454886992E+02 sumM 4.87698273298317E-02 trend-4.38542049156538E-02 aero 0.00000000000000E+00 level 1.50396969468363E+03 k0-2.90687779297193E+04 init-1.69578693643821E+00 IR-5.08708045945701E-01 impC 3.01482429121769E-02 mP 5.51492872052613E-03 year-5.48601554518334E-06 sumLPAP 1.29809696191975E+00 harm
KEEPDBG accept 16 cc 6.19790426573859E-01 sumModel-2.09798569958496E+02 sumForcing 1.36472582457301E+02 sumM 4.87976678997056E-02 trend-4.38964872676919E-02 aero 0.00000000000000E+00 level 1.53607475679435E+03 k0-2.95035952261349E+04 init-1.69578693643821E+00 IR-5.08708359306436E-01 impC 3.01444731528615E-02 mP 5.51492872052613E-03 year-5.48601554518334E-06 sumLPAP 1.29809696191975E+00 harm
KEEPDBG accept 11 cc 6.19447899198305E-01 sumModel-2.09798748618575E+02 sumForcing 1.35824132002235E+02 sumM 4.87873852371945E-02 trend-4.38485549840348E-02 aero 0.00000000000000E+00 level 1.50057601922318E+03 k0-2.90161827333066E+04 init-1.69578693643821E+00 IR-5.08708359306436E-01 impC 3.01472039040765E-02 mP 5.51492872052613E-03 year-5.48601554518334E-06 sumLPAP 1.29809696191975E+00 harm
KEEPDBG accept 5 cc 6.19414953174647E-01 sumModel-2.09813366345557E+02 sumForcing 1.35826383003957E+02 sumM 4.87975106170537E-02 trend-4.38467549735660E-02 aero 0.00000000000000E+00 level 1.49988809702203E+03 k0-2.90045662906946E+04 init-1.69578693643821E+00 IR-5.08708359306436E-01 impC 3.01463183645367E-02 mP 5.51699234124754E-03 year-5.48601554518334E-06 sumLPAP 1.29809696191975E+00 harm
KEEPDBG accept 7 cc 6.19448165912077E-01 sumModel-2.09807426144974E+02 sumForcing 1.35864628968633E+02 sumM 4.87976777788240E-02 trend-4.38445735027445E-02 aero 0.00000000000000E+00 level 1.50260929966506E+03 k0-2.90451670715536E+04 init-1.69528347619291E+00 IR-5.08708359306436E-01 impC 3.01474676668724E-02 mP 5.51706601137548E-03 year-5.48601554518334E-06 sumLPAP 1.29809696191975E+00 harm
KEEPDBG accept 8 cc 6.19445118758307E-01 sumModel-2.09807939272753E+02 sumForcing 1.35717230659592E+02 sumM 4.87892120138220E-02 trend-4.38372769294164E-02 aero 0.00000000000000E+00 level 1.50037897453068E+03 k0-2.90087041865611E+04 init-1.69545005227199E+00 IR-5.08708359306436E-01 impC 3.01482429121769E-02 mP 5.51545090919402E-03 year-5.48601554518334E-06 sumLPAP 1.29809696191975E+00 harm
KEEPDBG accept 5 cc 6.19443844053177E-01 sumModel-2.09801707730538E+02 sumForcing 1.35640684173002E+02 sumM 4.87975106170537E-02 trend-4.37670995518826E-02 aero 0.00000000000000E+00 level 1.50078742008930E+03 k0-2.90414301629796E+04 init-1.69578693643821E+00 IR-5.08708359306436E-01 impC 3.01463183645367E-02 mP 5.51699234124754E-03 year-5.48601554518334E-06 sumLPAP 1.29809696191975E+00 harm
KEEPDBG accept 14 cc 6.19524544147270E-01 sumModel-2.09786800678184E+02 sumForcing 1.35839068827312E+02 sumM 4.87659951191222E-02 trend-4.38554464266053E-02 aero 0.00000000000000E+00 level 1.50468375117171E+03 k0-2.90792490922921E+04 init-1.69578693643821E+00 IR-5.08708045945701E-01 impC 3.01482429121769E-02 mP 5.51492872052613E-03 year-5.48601554518334E-06 sumLPAP 1.29809696191975E+00 harm
KEEPDBG accept 8 cc 6.19445904624033E-01 sumModel-2.09807272168913E+02 sumForcing 1.35715972524560E+02 sumM 4.87892120138220E-02 trend-4.38361541985561E-02 aero 0.00000000000000E+00 level 1.50078098899867E+03 k0-2.90153388131604E+04 init-1.69545005227199E+00 IR-5.08708359306436E-01 impC 3.01482429121769E-02 mP 5.51545090919402E-03 year-5.48601554518334E-06 sumLPAP 1.29809696191975E+00 harm
KEEPDBG accept 7 cc 6.19448188180786E-01 sumModel-2.09807460285494E+02 sumForcing 1.35864662761864E+02 sumM 4.87976777788240E-02 trend-4.38446063844344E-02 aero 0.00000000000000E+00 level 1.50260936513889E+03 k0-2.90451188379528E+04 init-1.69528347619291E+00 IR-5.08708359306436E-01 impC 3.01474676668724E-02 mP 5.51706601137548E-03 year-5.48601554518334E-06 sumLPAP 1.29809696191975E+00 harm
KEEPDBG accept 6 cc 6.19561319228027E-01 sumModel-2.09781506657332E+02 sumForcing 1.35851587479357E+02 sumM 4.87553281555144E-02 trend-4.38591684027233E-02 aero 0.00000000000000E+00 level 1.50675743908691E+03 k0-2.91096308571537E+04 init-1.69578693643821E+00 IR-5.08708359306436E-01 impC 3.01482531785201E-02 mP 5.51492525753778E-03 year-5.48601554518334E-06 sumLPAP 1.29809696191975E+00 harm
KEEPDBG accept 8 cc 6.19483228866678E-01 sumModel-2.09801972105628E+02 sumForcing 1.35760564693049E+02 sumM 4.87892120138220E-02 trend-4.38381799610500E-02 aero 0.00000000000000E+00 level 1.50340121738988E+03 k0-2.90561392396150E+04 init-1.69545005227199E+00 IR-5.08708359306436E-01 impC 3.01482429121769E-02 mP 5.51545090919402E-03 year-5.48601554518334E-06 sumLPAP 1.29809696191975E+00 harm
KEEPDBG accept 11 cc 6.19447899527908E-01 sumModel-2.09801112265720E+02 sumForcing 1.35824132002235E+02 sumM 4.87873852371945E-02 trend-4.38485549840348E-02 aero 0.00000000000000E+00 level 1.50057601922318E+03 k0-2.90161827333066E+04 init-1.69578693643821E+00 IR-5.08708359306436E-01 impC 3.01362222806558E-02 mP 5.51492872052613E-03 year-5.48601554518334E-06 sumLPAP 1.29809696191975E+00 harm
KEEPDBG accept 11 cc 6.19447913771572E-01 sumModel-2.09801159149327E+02 sumForcing 1.35823987278232E+02 sumM 4.87873852371945E-02 trend-4.38484440365255E-02 aero 0.00000000000000E+00 level 1.50057148142250E+03 k0-2.90161463940411E+04 init-1.69578693643821E+00 IR-5.08708359306436E-01 impC 3.01362222806558E-02 mP 5.51492872052613E-03 year-5.48601554518334E-06 sumLPAP 1.29809696191975E+00 harm
KEEPDBG accept 6 cc 6.19650941720251E-01 sumModel-2.09769139000981E+02 sumForcing 1.35878783092695E+02 sumM 4.87270420499246E-02 trend-4.38684528839218E-02 aero 0.00000000000000E+00 level 1.51193128378643E+03 k0-2.91838255922396E+04 init-1.69578693643821E+00 IR-5.08708359306436E-01 impC 3.01482531785201E-02 mP 5.51492525753778E-03 year-5.48601554518334E-06 sumLPAP 1.29809696191975E+00 harm
KEEPDBG accept 13 cc 6.19427022851026E-01 sumModel-2.09801967943183E+02 sumForcing 1.35681799274105E+02 sumM 4.87790407382461E-02 trend-4.38470616196980E-02 aero 0.00000000000000E+00 level 1.49942975928728E+03 k0-2.90276546620004E+04 init-1.69578693643821E+00 IR-5.08708359306436E-01 impC 3.01482429121769E-02 mP 5.51492872052613E-03 year-5.48601554518334E-06 sumLPAP 1.29809696191975E+00 harm
KEEPDBG accept 10 cc 6.19655454777185E-01 sumModel-2.09768270635900E+02 sumForcing 1.35848334387377E+02 sumM 4.87260074534351E-02 trend-4.38656115448498E-02 aero 0.00000000000000E+00 level 1.51215763986917E+03 k0-2.91946806332514E+04 init-1.69540678373614E+00 IR-5.08707869367963E-01 impC 3.01472309375722E-02 mP 5.51493749062978E-03 year-5.48601554518334E-06 sumLPAP 1.29809696191975E+00 harm
KEEPDBG accept 4 cc 6.19428977236145E-01 sumModel-2.09802974256327E+02 sumForcing 1.35742845669930E+02 sumM 4.87933052943509E-02 trend-4.38401422760254E-02 aero 0.00000000000000E+00 level 1.50119485888856E+03 k0-2.90352463667367E+04 init-1.69578693643821E+00 IR-5.08708359306436E-01 impC 3.01482429121769E-02 mP 5.51492872052613E-03 year-5.48601554518334E-06 sumLPAP 1.29809696191975E+00 harm
KEEPDBG accept 14 cc 6.19528250432241E-01 sumModel-2.09798044456870E+02 sumForcing 1.35880869516203E+02 sumM 4.87659951191222E-02 trend-4.38608928689486E-02 aero 0.00000000000000E+00 level 1.50588419707398E+03 k0-2.90893457238803E+04 init-1.69578693643821E+00 IR-5.08708045945701E-01 impC 3.01482429121769E-02 mP 5.51754218349594E-03 year-5.48601554518334E-06 sumLPAP 1.29809696191975E+00 harm
KEEPDBG accept 3 cc 6.19458780209336E-01 sumModel-2.09796270065848E+02 sumForcing 1.35678928585103E+02 sumM 4.87780489857676E-02 trend-4.38178135051794E-02 aero 0.00000000000000E+00 level 1.50566763945217E+03 k0-2.90861115492046E+04 init-1.69578693643821E+00 IR-5.08708359306436E-01 impC 3.01482531785201E-02 mP 5.51492872052613E-03 year-5.48601554518334E-06 sumLPAP 1.29809696191975E+00 harm
KEEPDBG accept 6 cc 6.19650977411771E-01 sumModel-2.09769122577271E+02 sumForcing 1.35878254033326E+02 sumM 4.87270420499246E-02 trend-4.38680378344831E-02 aero 0.00000000000000E+00 level 1.51191890217504E+03 k0-2.91838953611349E+04 init-1.69578693643821E+00 IR-5.08708359306436E-01 impC 3.01482531785201E-02 mP 5.51492525753778E-03 year-5.48601554518334E-06 sumLPAP 1.29809696191975E+00 harm
KEEPDBG accept 9 cc 6.19452943455732E-01 sumModel-2.09808528606385E+02 sumForcing 1.35715976650181E+02 sumM 4.87909276055503E-02 trend-4.38078393949145E-02 aero 0.00000000000000E+00 level 1.50135132166256E+03 k0-2.90308298764164E+04 init-1.69572639419728E+00 IR-5.08708359306436E-01 impC 3.01482429121769E-02 mP 5.51747929730678E-03 year-5.48601554518334E-06 sumLPAP 1.29809696191975E+00 harm
KEEPDBG accept 15 cc 6.19419938186557E-01 sumModel-2.09800786088820E+02 sumForcing 1.35738908516406E+02 sumM 4.87976777788240E-02 trend-4.38157860083003E-02 aero 0.00000000000000E+00 level 1.49883891219179E+03 k0-2.89996780444059E+04 init-1.69557016863565E+00 IR-5.08708045945701E-01 impC 3.01482429121769E-02 mP 5.51492872052613E-03 year-5.48601554518334E-06 sumLPAP 1.29809696191975E+00 harm
KEEPDBG accept 8 cc 6.19485270687086E-01 sumModel-2.09800102082677E+02 sumForcing 1.35756255575990E+02 sumM 4.87892120138220E-02 trend-4.38344295930840E-02 aero 0.00000000000000E+00 level 1.50476764669840E+03 k0-2.90783065406352E+04 init-1.69545005227199E+00 IR-5.08708359306436E-01 impC 3.01482429121769E-02 mP 5.51545090919402E-03 year-5.48601554518334E-06 sumLPAP 1.29809696191975E+00 harm
KEEPDBG accept 4 cc 6.19429023437385E-01 sumModel-2.09803044107038E+02 sumForcing 1.35742573557445E+02 sumM 4.87933052943509E-02 trend-4.38399393649455E-02 aero 0.00000000000000E+00 level 1.50118531162352E+03 k0-2.90351323886365E+04 init-1.69578693643821E+00 IR-5.08708359306436E-01 impC 3.01482429121769E-02 mP 5.51492872052613E-03 year-5.48601554518334E-06 sumLPAP 1.29809696191975E+00 harm
KEEPDBG accept 15 cc 6.19433109532734E-01 sumModel-2.09795435075315E+02 sumForcing 1.35652965391706E+02 sumM 4.87976777788240E-02 trend-4.37789168312416E-02 aero 0.00000000000000E+00 level 1.49925487240860E+03 k0-2.90167864153902E+04 init-1.69557016863565E+00 IR-5.08708045945701E-01 impC 3.01482429121769E-02 mP 5.51492872052613E-03 year-5.48601554518334E-06 sumLPAP 1.29809696191975E+00 harm
KEEPDBG accept 12 cc 6.19620387246336E-01 sumModel-2.09782135977632E+02 sumForcing 1.35860758392901E+02 sumM 4.87398023173907E-02 trend-4.38509777188298E-02 aero 0.00000000000000E+00 level 1.51081499747989E+03 k0-2.91668910991697E+04 init-1.69578693643821E+00 IR-5.08708359306436E-01 impC 3.01482429121769E-02 mP 5.51731624519020E-03 year-5.48601554518334E-06 sumLPAP 1.29809696191975E+00 harm
KEEPDBG accept 2 cc 6.19413039358967E-01 sumModel-2.09915425072401E+02 sumForcing 1.35834049800873E+02 sumM 4.87976777788240E-02 trend-4.38778776032330E-02 aero 0.00000000000000E+00 level 1.50022778002189E+03 k0-2.90023968139130E+04 init-1.69578693643821E+00 IR-5.08438225504306E-01 impC 3.01482531785201E-02 mP 5.51492872052613E-03 year-5.48601554518334E-06 sumLPAP 1.29809696191975E+00 harm
KEEPDBG accept 1 cc 6.19423088601151E-01 sumModel-2.10050432430891E+02 sumForcing 1.35738424087972E+02 sumM 4.87976777788240E-02 trend-4.38796951536018E-02 aero 0.00000000000000E+00 level 1.50130467670733E+03 k0-2.90224332922830E+04 init-1.69578693643821E+00 IR-5.08069007619313E-01 impC 3.01482531785201E-02 mP 5.51492872052613E-03 year-5.48601554518334E-06 sumLPAP 1.29809696191975E+00 harm
KEEPDBG accept 12 cc 6.19719624734418E-01 sumModel-2.09791509713582E+02 sumForcing 1.35497753628381E+02 sumM 4.87062287849517E-02 trend-4.38217871659932E-02 aero 0.00000000000000E+00 level 1.51716488744005E+03 k0-2.92396604677410E+04 init-1.69578693643821E+00 IR-5.08708359306436E-01 impC 3.01482429121769E-02 mP 5.51731624519020E-03 year-5.48601554518334E-06 sumLPAP 1.29809696191975E+00 harm
KEEPDBG accept 13 cc 6.19591276650219E-01 sumModel-2.09783055163370E+02 sumForcing 1.35896032443276E+02 sumM 4.87790407382461E-02 trend-4.38591841811082E-02 aero 0.00000000000000E+00 level 1.51195280824719E+03 k0-2.92164759787651E+04 init-1.69578693643821E+00 IR-5.08708359306436E-01 impC 3.01482429121769E-02 mP 5.51492872052613E-03 year-5.48601554518334E-06 sumLPAP 1.29809696191975E+00 harm
KEEPDBG accept 3 cc 6.19531340593173E-01 sumModel-2.09788056875855E+02 sumForcing 1.35775793988906E+02 sumM 4.87780489857676E-02 trend-4.38231533608261E-02 aero 0.00000000000000E+00 level 1.51128301934675E+03 k0-2.91703733933910E+04 init-1.69578693643821E+00 IR-5.08708359306436E-01 impC 3.01482531785201E-02 mP 5.51492872052613E-03 year-5.48601554518334E-06 sumLPAP 1.29809696191975E+00 harm
KEEPDBG accept 6 cc 6.19650980673951E-01 sumModel-2.09789064040422E+02 sumForcing 1.35878254033326E+02 sumM 4.87270420499246E-02 trend-4.38680378344831E-02 aero 0.00000000000000E+00 level 1.51191890217504E+03 k0-2.91838953611349E+04 init-1.69578693643821E+00 IR-5.08708359306436E-01 impC 3.00556041385610E-02 mP 5.51492525753778E-03 year-5.48601554518334E-06 sumLPAP 1.29809696191975E+00 harm
KEEPDBG accept 12 cc 6.19719676169799E-01 sumModel-2.09791549922760E+02 sumForcing 1.35567295248981E+02 sumM 4.87062287849517E-02 trend-4.38217146817434E-02 aero 0.00000000000000E+00 level 1.51568790237966E+03 k0-2.91945659990922E+04 init-1.69578693643821E+00 IR-5.08708359306436E-01 impC 3.01482429121769E-02 mP 5.51731624519020E-03 year-5.48601554518334E-06 sumLPAP 1.29809696191975E+00 harm
KEEPDBG accept 6 cc 6.19828241331413E-01 sumModel-2.09792143503531E+02 sumForcing 1.36242543229520E+02 sumM 4.87270420499246E-02 trend-4.38955829964063E-02 aero 0.00000000000000E+00 level 1.53188996295845E+03 k0-2.94517684267650E+04 init-1.69578693643821E+00 IR-5.08708359306436E-01 impC 3.00556041385610E-02 mP 5.51492525753778E-03 year-5.48601554518334E-06 sumLPAP 1.29809696191975E+00 harm
KEEPDBG accept 12 cc 6.19722410667893E-01 sumModel-2.09790976846077E+02 sumForcing 1.35555279090388E+02 sumM 4.87062287849517E-02 trend-4.38178036285640E-02 aero 0.00000000000000E+00 level 1.51526036207066E+03 k0-2.91889474377441E+04 init-1.69526902877931E+00 IR-5.08708359306436E-01 impC 3.01482429121769E-02 mP 5.51731624519020E-03 year-5.48601554518334E-06 sumLPAP 1.29809696191975E+00 harm
KEEPDBG accept 7 cc 6.19452653261795E-01 sumModel-2.09815160298336E+02 sumForcing 1.35897966823844E+02 sumM 4.87976777788240E-02 trend-4.38503194025013E-02 aero 0.00000000000000E+00 level 1.50354465959525E+03 k0-2.90539552129392E+04 init-1.69528347619291E+00 IR-5.08708359306436E-01 impC 3.01474676668724E-02 mP 5.51706601137548E-03 year-5.48601554518334E-06 sumLPAP 1.29809696191975E+00 harm
KEEPDBG accept 14 cc 6.19537866881564E-01 sumModel-2.09794346427629E+02 sumForcing 1.35822401049245E+02 sumM 4.87659951191222E-02 trend-4.38357630302875E-02 aero 0.00000000000000E+00 level 1.50617378877994E+03 k0-2.91010419171936E+04 init-1.69578693643821E+00 IR-5.08708045945701E-01 impC 3.01482429121769E-02 mP 5.51754218349594E-03 year-5.48601554518334E-06 sumLPAP 1.29809696191975E+00 harm
KEEPDBG accept 3 cc 6.19531583779181E-01 sumModel-2.09788713560374E+02 sumForcing 1.35778585946136E+02 sumM 4.87780489857676E-02 trend-4.38236323585236E-02 aero 0.00000000000000E+00 level 1.51136206165033E+03 k0-2.91711254152071E+04 init-1.69578693643821E+00 IR-5.08708359306436E-01 impC 3.01482531785201E-02 mP 5.51492872052613E-03 year-5.48601554518334E-06 sumLPAP 1.29809696191975E+00 harm
KEEPDBG accept 9 cc 6.19453140485778E-01 sumModel-2.10087968618637E+02 sumForcing 1.35715976650181E+02 sumM 4.87909276055503E-02 trend-4.38830394679567E-02 aero 0.00000000000000E+00 level 1.50357796764732E+03 k0-2.90476627023716E+04 init-1.69572639419728E+00 IR-5.07990157849880E-01 impC 3.01482429121769E-02 mP 5.51747929730678E-03 year-5.48601554518334E-06 sumLPAP 1.29809696191975E+00 harm
KEEPDBG accept 7 cc 6.19481248382253E-01 sumModel-2.09976963035206E+02 sumForcing 1.36433232039721E+02 sumM 4.87976777788240E-02 trend-4.39226717768940E-02 aero 0.00000000000000E+00 level 1.51898312267186E+03 k0-2.91695079286668E+04 init-1.69528347619291E+00 IR-5.08708359306436E-01 impC 3.01474676668724E-02 mP 5.55056263306713E-03 year-5.48601554518334E-06 sumLPAP 1.29809696191975E+00 harm
KEEPDBG accept 7 cc 6.19481310009930E-01 sumModel-2.09977041445636E+02 sumForcing 1.36707604088785E+02 sumM 4.87976777788240E-02 trend-4.39223818897315E-02 aero 0.00000000000000E+00 level 1.51320416576199E+03 k0-2.89938512680101E+04 init-1.69528347619291E+00 IR-5.08708359306436E-01 impC 3.01474676668724E-02 mP 5.55056263306713E-03 year-5.48601554518334E-06 sumLPAP 1.29809696191975E+00 harm
KEEPDBG accept 11 cc 6.19447938196815E-01 sumModel-2.09801182621453E+02 sumForcing 1.35824006355676E+02 sumM 4.87873852371945E-02 trend-4.38484665555713E-02 aero 0.00000000000000E+00 level 1.50057089875877E+03 k0-2.90160881288146E+04 init-1.69578693643821E+00 IR-5.08708359306436E-01 impC 3.01362222806558E-02 mP 5.51492872052613E-03 year-5.48601554518334E-06 sumLPAP 1.29809696191975E+00 harm
KEEPDBG accept 9 cc 6.19453154616135E-01 sumModel-2.10088011375402E+02 sumForcing 1.35828209219371E+02 sumM 4.87909276055503E-02 trend-4.38829124750759E-02 aero 0.00000000000000E+00 level 1.50122265324393E+03 k0-2.89755736546248E+04 init-1.69572639419728E+00 IR-5.07990157849880E-01 impC 3.01482429121769E-02 mP 5.51747929730678E-03 year-5.48601554518334E-06 sumLPAP 1.29809696191975E+00 harm
KEEPDBG accept 7 cc 6.19483467996615E-01 sumModel-2.09976182054104E+02 sumForcing 1.36698190403940E+02 sumM 4.87976777788240E-02 trend-4.39191935367604E-02 aero 0.00000000000000E+00 level 1.51286235600095E+03 k0-2.89896991478436E+04 init-1.69487471485252E+00 IR-5.08708359306436E-01 impC 3.01474676668724E-02 mP 5.55056263306713E-03 year-5.48601554518334E-06 sumLPAP 1.29809696191975E+00 harm
KEEPDBG accept 9 cc 6.19458231205311E-01 sumModel-2.10095735129392E+02 sumForcing 1.35862717615366E+02 sumM 4.87909276055503E-02 trend-4.38887674110701E-02 aero 0.00000000000000E+00 level 1.50219104006219E+03 k0-2.89848840638910E+04 init-1.69572639419728E+00 IR-5.07990157849880E-01 impC 3.01482429121769E-02 mP 5.51747929730678E-03 year-5.48601554518334E-06 sumLPAP 1.29809696191975E+00 harm
KEEPDBG accept 9 cc 6.19692178965198E-01 sumModel-2.10062492023558E+02 sumForcing 1.35931349323749E+02 sumM 4.87194643944669E-02 trend-4.39119127473799E-02 aero 0.00000000000000E+00 level 1.51536007747198E+03 k0-2.91755646990636E+04 init-1.69572639419728E+00 IR-5.07990157849880E-01 impC 3.01482429121769E-02 mP 5.51747929730678E-03 year-5.48601554518334E-06 sumLPAP 1.29809696191975E+00 harm
KEEPDBG accept 16 cc 6.19793183168489E-01 sumModel-2.09797619939176E+02 sumForcing 1.36465968213139E+02 sumM 4.87976678997056E-02 trend-4.38940880845390E-02 aero 0.00000000000000E+00 level 1.53584133215470E+03 k0-2.95011174563024E+04 init-1.69550013754683E+00 IR-5.08708359306436E-01 impC 3.01444731528615E-02 mP 5.51492872052613E-03 year-5.48601554518334E-06 sumLPAP 1.29809696191975E+00 harm
KEEPDBG accept 13 cc 6.19614800476542E-01 sumModel-2.09776676142804E+02 sumForcing 1.35775315074566E+02 sumM 4.87790407382461E-02 trend-4.38187967014993E-02 aero 0.00000000000000E+00 level 1.50753134073886E+03 k0-2.91585873180420E+04 init-1.69055126845298E+00 IR-5.08708359306436E-01 impC 3.01482429121769E-02 mP 5.51492872052613E-03 year-5.48601554518334E-06 sumLPAP 1.29809696191975E+00 harm
KEEPDBG accept 3 cc 6.19680565597686E-01 sumModel-2.10001093372159E+02 sumForcing 1.37085127027110E+02 sumM 4.87780489857676E-02 trend-4.39730112093488E-02 aero 0.00000000000000E+00 level 1.57757858218369E+03 k0-2.98578304206289E+04 init-1.69578693643821E+00 IR-5.08708359306436E-01 impC 3.01482531785201E-02 mP 5.51492872052613E-03 year-5.48601554518334E-06 sumLPAP 1.29809696191975E+00 harm
KEEPDBG accept 7 cc 6.19483475809616E-01 sumModel-2.10035332369027E+02 sumForcing 1.36698190403940E+02 sumM 4.87976777788240E-02 trend-4.39191935367604E-02 aero 0.00000000000000E+00 level 1.51286235600095E+03 k0-2.89896991478436E+04 init-1.69487471485252E+00 IR-5.08708359306436E-01 impC 2.98726523311482E-02 mP 5.55056263306713E-03 year-5.48601554518334E-06 sumLPAP 1.29809696191975E+00 harm
KEEPDBG accept 14 cc 6.19537887439686E-01 sumModel-2.09794383818308E+02 sumForcing 1.36009069540728E+02 sumM 4.87659951191222E-02 trend-4.38355491971094E-02 aero 0.00000000000000E+00 level 1.50225584194219E+03 k0-2.89811778675147E+04 init-1.69578693643821E+00 IR-5.08708045945701E-01 impC 3.01482429121769E-02 mP 5.51754218349594E-03 year-5.48601554518334E-06 sumLPAP 1.29809696191975E+00 harm
KEEPDBG accept 16 cc 6.19807211826775E-01 sumModel-2.09803997485232E+02 sumForcing 1.36521675307469E+02 sumM 4.87976678997056E-02 trend-4.39000881098531E-02 aero 0.00000000000000E+00 level 1.53878860285001E+03 k0-2.95348225412990E+04 init-1.69550013754683E+00 IR-5.08708359306436E-01 impC 3.01444731528615E-02 mP 5.51492872052613E-03 year-5.48601554518334E-06 sumLPAP 1.29809696191975E+00 harm
KEEPDBG accept 4 cc 6.19586403162324E-01 sumModel-2.09814419843142E+02 sumForcing 1.35229588954791E+02 sumM 4.87459915688499E-02 trend-4.38008827494822E-02 aero 0.00000000000000E+00 level 1.51052509634509E+03 k0-2.91448577022716E+04 init-1.69578693643821E+00 IR-5.08708359306436E-01 impC 3.01482429121769E-02 mP 5.51492872052613E-03 year-5.48601554518334E-06 sumLPAP 1.29809696191975E+00 harm
KEEPDBG accept 9 cc 6.19695433737577E-01 sumModel-2.10062731940013E+02 sumForcing 1.35919731294433E+02 sumM 4.87183937046592E-02 trend-4.39109675939385E-02 aero 0.00000000000000E+00 level 1.51556209008803E+03 k0-2.91779286172967E+04 init-1.69572639419728E+00 IR-5.07990157849880E-01 impC 3.01482429121769E-02 mP 5.51747929730678E-03 year-5.48601554518334E-06 sumLPAP 1.29809696191975E+00 harm
KEEPDBG accept 12 cc 6.19723305950535E-01 sumModel-2.09797932048641E+02 sumForcing 1.35580521243687E+02 sumM 4.87062287849517E-02 trend-4.38210463640623E-02 aero 0.00000000000000E+00 level 1.51596347735396E+03 k0-2.91944514800642E+04 init-1.69526902877931E+00 IR-5.08708359306436E-01 impC 3.01482429121769E-02 mP 5.51888472552970E-03 year-5.48601554518334E-06 sumLPAP 1.29809696191975E+00 harm
KEEPDBG accept 2 cc 6.19801419465693E-01 sumModel-2.10022028075091E+02 sumForcing 1.37039552998118E+02 sumM 4.87976777788240E-02 trend-4.39985920974816E-02 aero 0.00000000000000E+00 level 1.56472160924282E+03 k0-2.97712380712517E+04 init-1.69578693643821E+00 IR-5.08438225504306E-01 impC 3.01482531785201E-02 mP 5.51492872052613E-03 year-5.48601554518334E-06 sumLPAP 1.29809696191975E+00 harm
KEEPDBG accept 13 cc 6.19764599443144E-01 sumModel-2.09769813335982E+02 sumForcing 1.36019530969943E+02 sumM 4.87790407382461E-02 trend-4.38360455002996E-02 aero 0.00000000000000E+00 level 1.52136871533457E+03 k0-2.93534278070398E+04 init-1.69055126845298E+00 IR-5.08708359306436E-01 impC 3.01482429121769E-02 mP 5.51492872052613E-03 year-5.48601554518334E-06 sumLPAP 1.29809696191975E+00 harm
KEEPDBG accept 7 cc 6.19484856966988E-01 sumModel-2.10639291776229E+02 sumForcing 1.36698190403940E+02 sumM 4.87976777788240E-02 trend-4.40818336800827E-02 aero 0.00000000000000E+00 level 1.51769095395393E+03 k0-2.90256228184146E+04 init-1.69487471485252E+00 IR-5.07155863334556E-01 impC 2.98726523311482E-02 mP 5.55056263306713E-03 year-5.48601554518334E-06 sumLPAP 1.29809696191975E+00 harm
KEEPDBG accept 14 cc 6.19550587123488E-01 sumModel-2.09789361272228E+02 sumForcing 1.35929755130525E+02 sumM 4.87659951191222E-02 trend-4.38015092640475E-02 aero 0.00000000000000E+00 level 1.50264607259973E+03 k0-2.89970553306324E+04 init-1.69578693643821E+00 IR-5.08708045945701E-01 impC 3.01482429121769E-02 mP 5.51754218349594E-03 year-5.48601554518334E-06 sumLPAP 1.29809696191975E+00 harm
KEEPDBG accept 12 cc 6.19723322553919E-01 sumModel-2.09798005460146E+02 sumForcing 1.35580676940335E+02 sumM 4.87062287849517E-02 trend-4.38211764920409E-02 aero 0.00000000000000E+00 level 1.51596483151193E+03 k0-2.91943192263469E+04 init-1.69526902877931E+00 IR-5.08708359306436E-01 impC 3.01482429121769E-02 mP 5.51888472552970E-03 year-5.48601554518334E-06 sumLPAP 1.29809696191975E+00 harm
KEEPDBG accept 13 cc 6.19764605879209E-01 sumModel-2.09802958314924E+02 sumForcing 1.36019530969943E+02 sumM 4.87790407382461E-02 trend-4.38360455002996E-02 aero 0.00000000000000E+00 level 1.52136871533457E+03 k0-2.93534278070398E+04 init-1.69055126845298E+00 IR-5.08708359306436E-01 impC 2.99942496743143E-02 mP 5.51492872052613E-03 year-5.48601554518334E-06 sumLPAP 1.29809696191975E+00 harm
KEEPDBG accept 7 cc 6.19535084551673E-01 sumModel-2.10620188440482E+02 sumForcing 1.36433385376214E+02 sumM 4.87976777788240E-02 trend-4.39936977232601E-02 aero 0.00000000000000E+00 level 1.50800809258667E+03 k0-2.89032414356908E+04 init-1.68342953234993E+00 IR-5.07155863334556E-01 impC 2.98726523311482E-02 mP 5.55056263306713E-03 year-5.48601554518334E-06 sumLPAP 1.29809696191975E+00 harm
KEEPDBG accept 4 cc 6.19851909017275E-01 sumModel-2.09776649762529E+02 sumForcing 1.35336390970094E+02 sumM 4.86429160991926E-02 trend-4.38296313930479E-02 aero 0.00000000000000E+00 level 1.52843692021320E+03 k0-2.93953874206944E+04 init-1.69578693643821E+00 IR-5.08708359306436E-01 impC 3.01482429121769E-02 mP 5.51492872052613E-03 year-5.48601554518334E-06 sumLPAP 1.29809696191975E+00 harm
KEEPDBG accept 15 cc 6.19433125124036E-01 sumModel-2.09811551157925E+02 sumForcing 1.35652965391706E+02 sumM 4.87976777788240E-02 trend-4.37832509786906E-02 aero 0.00000000000000E+00 level 1.49938313332162E+03 k0-2.90177582374344E+04 init-1.69557016863565E+00 IR-5.08666647400495E-01 impC 3.01482429121769E-02 mP 5.51492872052613E-03 year-5.48601554518334E-06 sumLPAP 1.29809696191975E+00 harm
KEEPDBG accept 14 cc 6.19550601564741E-01 sumModel-2.09789384044347E+02 sumForcing 1.35929619514844E+02 sumM 4.87659951191222E-02 trend-4.38014055363858E-02 aero 0.00000000000000E+00 level 1.50264226134122E+03 k0-2.89970416214305E+04 init-1.69578693643821E+00 IR-5.08708045945701E-01 impC 3.01482429121769E-02 mP 5.51754218349594E-03 year-5.48601554518334E-06 sumLPAP 1.29809696191975E+00 harm
KEEPDBG accept 11 cc 6.19475387232936E-01 sumModel-2.09885954066377E+02 sumForcing 1.36129374266776E+02 sumM 4.87873852371945E-02 trend-4.38884585020713E-02 aero 0.00000000000000E+00 level 1.50939611207483E+03 k0-2.90888689036349E+04 init-1.69578693643821E+00 IR-5.08708359306436E-01 impC 3.01362222806558E-02 mP 5.53403490739270E-03 year-5.48601554518334E-06 sumLPAP 1.29809696191975E+00 harm
KEEPDBG accept 9 cc 6.19695470655684E-01 sumModel-2.10062820554116E+02 sumForcing 1.35919731294433E+02 sumM 4.88634841824920E-02 trend-4.39109799329381E-02 aero 0.00000000000000E+00 level 1.54703019571592E+03 k0-2.98188361654123E+04 init-1.69572639419728E+00 IR-5.07990157849880E-01 impC 3.01482429121769E-02 mP 5.51747929730678E-03 year-5.48601554518334E-06 sumLPAP 1.29809696191975E+00 harm
KEEPDBG accept 1 cc 6.19487622827174E-01 sumModel-2.10024656605359E+02 sumForcing 1.35290991896626E+02 sumM 4.87976777788240E-02 trend-4.36880275851048E-02 aero 0.00000000000000E+00 level 1.50340303718930E+03 k0-2.91102144781862E+04 init-1.69578693643821E+00 IR-5.08069007619313E-01 impC 3.01482531785201E-02 mP 5.51492872052613E-03 year-5.48601554518334E-06 sumLPAP 1.29809696191975E+00 harm
KEEPDBG accept 16 cc 6.19807246046906E-01 sumModel-2.09804039556520E+02 sumForcing 1.36520315811059E+02 sumM 4.87976678997056E-02 trend-4.39000976511488E-02 aero 0.00000000000000E+00 level 1.53881541357673E+03 k0-2.95356190865579E+04 init-1.69550013754683E+00 IR-5.08708359306436E-01 impC 3.01444731528615E-02 mP 5.51492872052613E-03 year-5.48601554518334E-06 sumLPAP 1.29809696191975E+00 harm
KEEPDBG accept 9 cc 6.19743854383637E-01 sumModel-2.10060542404440E+02 sumForcing 1.36004085390310E+02 sumM 4.88634841824920E-02 trend-4.39164567860781E-02 aero 0.00000000000000E+00 level 1.55181792400870E+03 k0-2.98860640217577E+04 init-1.69572639419728E+00 IR-5.07990157849880E-01 impC 3.01482429121769E-02 mP 5.51747929730678E-03 year-5.48601554518334E-06 sumLPAP 1.29809696191975E+00 harm
KEEPDBG accept 7 cc 6.19535084602382E-01 sumModel-2.10621646237676E+02 sumForcing 1.36433385376214E+02 sumM 4.87976777788240E-02 trend-4.39936977232601E-02 aero 0.00000000000000E+00 level 1.50800809258667E+03 k0-2.89032414356908E+04 init-1.68342953234993E+00 IR-5.07155863334556E-01 impC 2.98658723878149E-02 mP 5.55056263306713E-03 year-5.48601554518334E-06 sumLPAP 1.29809696191975E+00 harm
KEEPDBG accept 5 cc 6.19443889032276E-01 sumModel-2.09801923191289E+02 sumForcing 1.35639295565644E+02 sumM 4.87975106170537E-02 trend-4.37660258299837E-02 aero 0.00000000000000E+00 level 1.50074712108891E+03 k0-2.90412853206940E+04 init-1.69578693643821E+00 IR-5.08708359306436E-01 impC 3.01463183645367E-02 mP 5.51699234124754E-03 year-5.48601554518334E-06 sumLPAP 1.29809696191975E+00 harm
KEEPDBG accept 3 cc 6.19680749308049E-01 sumModel-2.10001217814053E+02 sumForcing 1.37207420380968E+02 sumM 4.87780489857676E-02 trend-4.39729161081935E-02 aero 0.00000000000000E+00 level 1.57490444994077E+03 k0-2.97777663750639E+04 init-1.69578693643821E+00 IR-5.08708359306436E-01 impC 3.01482531785201E-02 mP 5.51492872052613E-03 year-5.48601554518334E-06 sumLPAP 1.29809696191975E+00 harm
KEEPDBG accept 16 cc 6.19869748450690E-01 sumModel-2.09813279445111E+02 sumForcing 1.36569462173046E+02 sumM 4.87498398990526E-02 trend-4.39212792570958E-02 aero 0.00000000000000E+00 level 1.54649609676170E+03 k0-2.96166782007779E+04 init-1.69550013754683E+00 IR-5.08708359306436E-01 impC 3.01444731528615E-02 mP 5.51492872052613E-03 year-5.48601554518334E-06 sumLPAP 1.29809696191975E+00 harm
KEEPDBG accept 12 cc 6.19928997179910E-01 sumModel-2.09777565471855E+02 sumForcing 1.35681292090950E+02 sumM 4.86101092794381E-02 trend-4.38510379348080E-02 aero 0.00000000000000E+00 level 1.53216262769415E+03 k0-2.94063070990104E+04 init-1.69526902877931E+00 IR-5.08708359306436E-01 impC 3.01482429121769E-02 mP 5.51888472552970E-03 year-5.48601554518334E-06 sumLPAP 1.29809696191975E+00 harm
KEEPDBG accept 11 cc 6.19475389121811E-01 sumModel-2.09899079784500E+02 sumForcing 1.36129374266776E+02 sumM 4.87873852371945E-02 trend-4.38884585020713E-02 aero 0.00000000000000E+00 level 1.50939611207483E+03 k0-2.90888689036349E+04 init-1.69578693643821E+00 IR-5.08708359306436E-01 impC 3.00752395346238E-02 mP 5.53403490739270E-03 year-5.48601554518334E-06 sumLPAP 1.29809696191975E+00 harm
KEEPDBG accept 12 cc 6.19929031156404E-01 sumModel-2.09777571537542E+02 sumForcing 1.35681125819110E+02 sumM 4.86100935810138E-02 trend-4.38510258779102E-02 aero 0.00000000000000E+00 level 1.53216425793300E+03 k0-2.94062951394801E+04 init-1.69526902877931E+00 IR-5.08708359306436E-01 impC 3.01482429121769E-02 mP 5.51888472552970E-03 year-5.48601554518334E-06 sumLPAP 1.29809696191975E+00 harm
KEEPDBG accept 3 cc 6.19905810659197E-01 sumModel-2.09701917075087E+02 sumForcing 1.36541224023059E+02 sumM 4.87780489857676E-02 trend-4.38562261531952E-02 aero 0.00000000000000E+00 level 1.55874298458909E+03 k0-2.97839756679492E+04 init-1.69578693643821E+00 IR-5.08708359306436E-01 impC 3.01482531785201E-02 mP 5.47379387093372E-03 year-5.48601554518334E-06 sumLPAP 1.29809696191975E+00 harm
KEEPDBG accept 2 cc 6.19857385217024E-01 sumModel-2.09937368697132E+02 sumForcing 1.36846757248215E+02 sumM 4.87976777788240E-02 trend-4.39654326818322E-02 aero 0.00000000000000E+00 level 1.55985943776233E+03 k0-2.97673326150117E+04 init-1.69578693643821E+00 IR-5.08438225504306E-01 impC 3.01482531785201E-02 mP 5.50298433114815E-03 year-5.48601554518334E-06 sumLPAP 1.29809696191975E+00 harm
KEEPDBG accept 9 cc 6.19743863180257E-01 sumModel-2.10118997392478E+02 sumForcing 1.36004085390310E+02 sumM 4.88634841824920E-02 trend-4.39164567860781E-02 aero 0.00000000000000E+00 level 1.55181792400870E+03 k0-2.98860640217577E+04 init-1.69572639419728E+00 IR-5.07990157849880E-01 impC 2.98765293552593E-02 mP 5.51747929730678E-03 year-5.48601554518334E-06 sumLPAP 1.29809696191975E+00 harm
KEEPDBG accept 6 cc 6.19828332814606E-01 sumModel-2.09791746081098E+02 sumForcing 1.36241150515044E+02 sumM 4.87270420499246E-02 trend-4.38953205743750E-02 aero 0.00000000000000E+00 level 1.53185243912690E+03 k0-2.94515064378343E+04 init-1.69578693643821E+00 IR-5.08708359306436E-01 impC 3.00556041385610E-02 mP 5.51492525753778E-03 year-5.48601554518334E-06 sumLPAP 1.29809696191975E+00 harm
KEEPDBG accept 13 cc 6.19806605258478E-01 sumModel-2.09789530545593E+02 sumForcing 1.35864606781482E+02 sumM 4.87790407382461E-02 trend-4.37825750423850E-02 aero 0.00000000000000E+00 level 1.51580700419984E+03 k0-2.92860822735537E+04 init-1.68386858429838E+00 IR-5.08708359306436E-01 impC 2.99942496743143E-02 mP 5.51492872052613E-03 year-5.48601554518334E-06 sumLPAP 1.29809696191975E+00 harm
KEEPDBG accept 16 cc 6.19871234464143E-01 sumModel-2.09813502437814E+02 sumForcing 1.36561527110528E+02 sumM 4.87491016279355E-02 trend-4.39205173240317E-02 aero 0.00000000000000E+00 level 1.54661790287277E+03 k0-2.96180403075538E+04 init-1.69550013754683E+00 IR-5.08708359306436E-01 impC 3.01444731528615E-02 mP 5.51492872052613E-03 year-5.48601554518334E-06 sumLPAP 1.29809696191975E+00 harm
KEEPDBG accept 15 cc 6.19450678973760E-01 sumModel-2.09814280522852E+02 sumForcing 1.35302268589829E+02 sumM 4.87976777788240E-02 trend-4.36733724208215E-02 aero 0.00000000000000E+00 level 1.48633947737206E+03 k0-2.88263355799575E+04 init-1.68043494588007E+00 IR-5.08666647400495E-01 impC 3.01482429121769E-02 mP 5.51492872052613E-03 year-5.48601554518334E-06 sumLPAP 1.29809696191975E+00 harm
KEEPDBG accept 15 cc 6.19768226252049E-01 sumModel-2.09860024106149E+02 sumForcing 1.34019285904215E+02 sumM 4.86780790398231E-02 trend-4.35741829280260E-02 aero 0.00000000000000E+00 level 1.50987281079823E+03 k0-2.90906085502196E+04 init-1.68043494588007E+00 IR-5.08666647400495E-01 impC 3.01482429121769E-02 mP 5.51492872052613E-03 year-5.48601554518334E-06 sumLPAP 1.29809696191975E+00 harm
KEEPDBG accept 13 cc 6.19806646017633E-01 sumModel-2.09789579248262E+02 sumForcing 1.35864606781482E+02 sumM 4.87458097939956E-02 trend-4.37825858470623E-02 aero 0.00000000000000E+00 level 1.50874462351831E+03 k0-2.91416920337922E+04 init-1.68386858429838E+00 IR-5.08708359306436E-01 impC 2.99942496743143E-02 mP 5.51492872052613E-03 year-5.48601554518334E-06 sumLPAP 1.29809696191975E+00 harm
KEEPDBG accept 16 cc 6.19871326994392E-01 sumModel-2.09824891726971E+02 sumForcing 1.36561527110528E+02 sumM 4.87491016279355E-02 trend-4.39235774797864E-02 aero 0.00000000000000E+00 level 1.54670988854125E+03 k0-2.96187243862627E+04 init-1.69550013754683E+00 IR-5.08679137409571E-01 impC 3.01444731528615E-02 mP 5.51492872052613E-03 year-5.48601554518334E-06 sumLPAP 1.29809696191975E+00 harm
KEEPDBG accept 9 cc 6.19750444214745E-01 sumModel-2.10122226562041E+02 sumForcing 1.36024934281453E+02 sumM 4.88634841824920E-02 trend-4.39344363103317E-02 aero 0.00000000000000E+00 level 1.54451887875598E+03 k0-2.97742800691923E+04 init-1.69572639419728E+00 IR-5.07990157849880E-01 impC 2.98765293552593E-02 mP 5.51747929730678E-03 year-5.48601554518334E-06 sumLPAP 1.29809696191975E+00 harm
KEEPDBG accept 10 cc 6.19842347024730E-01 sumModel-2.09812721918208E+02 sumForcing 1.34777675900994E+02 sumM 4.86253035263048E-02 trend-4.37731042359318E-02 aero 0.00000000000000E+00 level 1.53016979751185E+03 k0-2.93832430150504E+04 init-1.69540678373614E+00 IR-5.08707869367963E-01 impC 3.01472309375722E-02 mP 5.51493749062978E-03 year-5.48601554518334E-06 sumLPAP 1.29809696191975E+00 harm
KEEPDBG accept 16 cc 6.19871355819226E-01 sumModel-2.09824931278677E+02 sumForcing 1.36561527110528E+02 sumM 4.87477835627642E-02 trend-4.39235834799755E-02 aero 0.00000000000000E+00 level 1.54642152502706E+03 k0-2.96128548375658E+04 init-1.69550013754683E+00 IR-5.08679137409571E-01 impC 3.01444731528615E-02 mP 5.51492872052613E-03 year-5.48601554518334E-06 sumLPAP 1.29809696191975E+00 harm
KEEPDBG accept 15 cc 6.19779585698629E-01 sumModel-2.09875315094866E+02 sumForcing 1.33790032823577E+02 sumM 4.86559808843504E-02 trend-4.35540073591281E-02 aero 0.00000000000000E+00 level 1.51382936510226E+03 k0-2.91275271882204E+04 init-1.68043494588007E+00 IR-5.08666647400495E-01 impC 3.01482429121769E-02 mP 5.51492872052613E-03 year-5.48601554518334E-06 sumLPAP 1.29809696191975E+00 harm
KEEPDBG accept 5 cc 6.19443920710163E-01 sumModel-2.09801991724627E+02 sumForcing 1.35972380086093E+02 sumM 4.87975106170537E-02 trend-4.37656501329129E-02 aero 0.00000000000000E+00 level 1.49378299563968E+03 k0-2.88279704632992E+04 init-1.69578693643821E+00 IR-5.08708359306436E-01 impC 3.01463183645367E-02 mP 5.51699234124754E-03 year-5.48601554518334E-06 sumLPAP 1.29809696191975E+00 harm
KEEPDBG accept 14 cc 6.19552000434378E-01 sumModel-2.09787802552636E+02 sumForcing 1.35925299576002E+02 sumM 4.87659951191222E-02 trend-4.37977143044094E-02 aero 0.00000000000000E+00 level 1.50402379150119E+03 k0-2.90191537392439E+04 init-1.69578693643821E+00 IR-5.08708045945701E-01 impC 3.01482429121769E-02 mP 5.51754218349594E-03 year-5.48601554518334E-06 sumLPAP 1.29809696191975E+00 harm
KEEPDBG accept 11 cc 6.19790855890414E-01 sumModel-2.09866637441018E+02 sumForcing 1.36245913197505E+02 sumM 4.86688025373496E-02 trend-4.39311002270529E-02 aero 0.00000000000000E+00 level 1.53043283725522E+03 k0-2.93709640503685E+04 init-1.69578693643821E+00 IR-5.08708359306436E-01 impC 3.00752395346238E-02 mP 5.53403490739270E-03 year-5.48601554518334E-06 sumLPAP 1.29809696191975E+00 harm
KEEPDBG accept 11 cc 6.19843567887113E-01 sumModel-2.09963562926581E+02 sumForcing 1.36857935412583E+02 sumM 4.86688025373496E-02 trend-4.39956749557530E-02 aero 0.00000000000000E+00 level 1.56092757631909E+03 k0-2.96879426069393E+04 init-1.69578693643821E+00 IR-5.08708359306436E-01 impC 3.00752395346238E-02 mP 5.53403490739270E-03 year-5.48601554518334E-06 sumLPAP 1.29809696191975E+00 harm
KEEPDBG accept 11 cc 6.19884334341843E-01 sumModel-2.09948760672261E+02 sumForcing 1.36793202579321E+02 sumM 4.86688025373496E-02 trend-4.39711747064585E-02 aero 0.00000000000000E+00 level 1.55881671320426E+03 k0-2.96718466876935E+04 init-1.69299593450886E+00 IR-5.08708359306436E-01 impC 3.00752395346238E-02 mP 5.53403490739270E-03 year-5.48601554518334E-06 sumLPAP 1.29809696191975E+00 harm
KEEPDBG accept 16 cc 6.19874582157294E-01 sumModel-2.09842783440826E+02 sumForcing 1.36655691567244E+02 sumM 4.87477835627642E-02 trend-4.39348730779824E-02 aero 0.00000000000000E+00 level 1.55110126143674E+03 k0-2.96585997994769E+04 init-1.69550013754683E+00 IR-5.08679137409571E-01 impC 3.01444731528615E-02 mP 5.51492872052613E-03 year-5.48601554518334E-06 sumLPAP 1.29809696191975E+00 harm
KEEPDBG accept 13 cc 6.20091748857182E-01 sumModel-2.09784264096870E+02 sumForcing 1.36021041241212E+02 sumM 4.85925354082902E-02 trend-4.38398700165913E-02 aero 0.00000000000000E+00 level 1.53405021160415E+03 k0-2.94468280227758E+04 init-1.68386858429838E+00 IR-5.08708359306436E-01 impC 2.99942496743143E-02 mP 5.51492872052613E-03 year-5.48601554518334E-06 sumLPAP 1.29809696191975E+00 harm
KEEPDBG accept 12 cc 6.19929085738497E-01 sumModel-2.09777651057764E+02 sumForcing 1.35681126222593E+02 sumM 4.86100935810138E-02 trend-4.38510407027814E-02 aero 0.00000000000000E+00 level 1.53216206232784E+03 k0-2.94061733302840E+04 init-1.69526902877931E+00 IR-5.08708359306436E-01 impC 3.01482429121769E-02 mP 5.51888472552970E-03 year-5.48601554518334E-06 sumLPAP 1.29809696191975E+00 harm
KEEPDBG accept 11 cc 6.19903037340114E-01 sumModel-2.09957405843627E+02 sumForcing 1.36585491031794E+02 sumM 4.86491809208223E-02 trend-4.39492962344702E-02 aero 0.00000000000000E+00 level 1.56171083185864E+03 k0-2.96995336840530E+04 init-1.69299593450886E+00 IR-5.08708359306436E-01 impC 3.00752395346238E-02 mP 5.53403490739270E-03 year-5.48601554518334E-06 sumLPAP 1.29809696191975E+00 harm
KEEPDBG accept 11 cc 6.20101835429267E-01 sumModel-2.09887375549888E+02 sumForcing 1.36247476428154E+02 sumM 4.86491809208223E-02 trend-4.38243507058850E-02 aero 0.00000000000000E+00 level 1.55077268087188E+03 k0-2.96102761138053E+04 init-1.67855467077211E+00 IR-5.08708359306436E-01 impC 3.00752395346238E-02 mP 5.53403490739270E-03 year-5.48601554518334E-06 sumLPAP 1.29809696191975E+00 harm
KEEPDBG accept 16 cc 6.19875720370199E-01 sumModel-2.09842384277888E+02 sumForcing 1.36650478289798E+02 sumM 4.87477835627642E-02 trend-4.39326434147444E-02 aero 0.00000000000000E+00 level 1.55113169803354E+03 k0-2.96597725675295E+04 init-1.69550013754683E+00 IR-5.08679137409571E-01 impC 3.01444731528615E-02 mP 5.51492872052613E-03 year-5.48601554518334E-06 sumLPAP 1.29809696191975E+00 harm
KEEPDBG accept 9 cc 6.19750484915504E-01 sumModel-2.10122297135405E+02 sumForcing 1.36024934281453E+02 sumM 4.89608716858017E-02 trend-4.39344497034265E-02 aero 0.00000000000000E+00 level 1.56618723509396E+03 k0-3.02156817251120E+04 init-1.69572639419728E+00 IR-5.07990157849880E-01 impC 2.98765293552593E-02 mP 5.51747929730678E-03 year-5.48601554518334E-06 sumLPAP 1.29809696191975E+00 harm
KEEPDBG accept 10 cc 6.19891244797922E-01 sumModel-2.09804654817785E+02 sumForcing 1.34601503827264E+02 sumM 4.86253035263048E-02 trend-4.37180140743169E-02 aero 0.00000000000000E+00 level 1.52423745725970E+03 k0-2.93059051521217E+04 init-1.68790146975255E+00 IR-5.08707869367963E-01 impC 3.01472309375722E-02 mP 5.51493749062978E-03 year-5.48601554518334E-06 sumLPAP 1.29809696191975E+00 harm
KEEPDBG accept 14 cc 6.19674666427536E-01 sumModel-2.09777993668635E+02 sumForcing 1.36106665386724E+02 sumM 4.87659951191222E-02 trend-4.38092500817465E-02 aero 0.00000000000000E+00 level 1.51437522296942E+03 k0-2.91691623232888E+04 init-1.69578693643821E+00 IR-5.08708045945701E-01 impC 3.01482429121769E-02 mP 5.51754218349594E-03 year-5.48601554518334E-06 sumLPAP 1.29809696191975E+00 harm
KEEPDBG accept 8 cc 6.19521350120039E-01 sumModel-2.09803450183717E+02 sumForcing 1.35158255483285E+02 sumM 4.87892120138220E-02 trend-4.36483254987244E-02 aero 0.00000000000000E+00 level 1.48277107294261E+03 k0-2.87565669415733E+04 init-1.66973091351963E+00 IR-5.08708359306436E-01 impC 3.01482429121769E-02 mP 5.51545090919402E-03 year-5.48601554518334E-06 sumLPAP 1.29809696191975E+00 harm
KEEPDBG accept 16 cc 6.19878825975463E-01 sumModel-2.09841437796288E+02 sumForcing 1.36651890304671E+02 sumM 4.87477835627642E-02 trend-4.39335157301099E-02 aero 0.00000000000000E+00 level 1.55068192009504E+03 k0-2.96540049252265E+04 init-1.69550013754683E+00 IR-5.08679137409571E-01 impC 3.01444731528615E-02 mP 5.51492872052613E-03 year-5.48601554518334E-06 sumLPAP 1.29809696191975E+00 harm
KEEPDBG accept 8 cc 6.19826275663660E-01 sumModel-2.09852765933241E+02 sumForcing 1.33871348147320E+02 sumM 4.86689778448270E-02 trend-4.35492186996381E-02 aero 0.00000000000000E+00 level 1.50644985806036E+03 k0-2.90191868088754E+04 init-1.66973091351963E+00 IR-5.08708359306436E-01 impC 3.01482429121769E-02 mP 5.51545090919402E-03 year-5.48601554518334E-06 sumLPAP 1.29809696191975E+00 harm
KEEPDBG accept 12 cc 6.19929086200830E-01 sumModel-2.09777486348365E+02 sumForcing 1.35680873706145E+02 sumM 4.86100935810138E-02 trend-4.38509301672911E-02 aero 0.00000000000000E+00 level 1.53215768801761E+03 k0-2.94062900937730E+04 init-1.69525819401191E+00 IR-5.08708359306436E-01 impC 3.01482429121769E-02 mP 5.51888472552970E-03 year-5.48601554518334E-06 sumLPAP 1.29809696191975E+00 harm
KEEPDBG accept 1 cc 6.19487752536629E-01 sumModel-2.09736079827256E+02 sumForcing 1.35290991896626E+02 sumM 4.87976777788240E-02 trend-4.36104847043728E-02 aero 0.00000000000000E+00 level 1.50111004000338E+03 k0-2.90928224658524E+04 init-1.69578693643821E+00 IR-5.08810700677921E-01 impC 3.01482531785201E-02 mP 5.51492872052613E-03 year-5.48601554518334E-06 sumLPAP 1.29809696191975E+00 harm
KEEPDBG accept 2 cc 6.19984837856502E-01 sumModel-2.09890763458356E+02 sumForcing 1.36636206333449E+02 sumM 4.87976777788240E-02 trend-4.38841148196347E-02 aero 0.00000000000000E+00 level 1.55286354911706E+03 k0-2.97123224100219E+04 init-1.68670081774784E+00 IR-5.08438225504306E-01 impC 3.01482531785201E-02 mP 5.50298433114815E-03 year-5.48601554518334E-06 sumLPAP 1.29809696191975E+00 harm
KEEPDBG accept 13 cc 6.20091883692814E-01 sumModel-2.09784264189824E+02 sumForcing 1.36020800805480E+02 sumM 4.85925354082902E-02 trend-4.38397876588769E-02 aero 0.00000000000000E+00 level 1.53404201947107E+03 k0-2.94467207778286E+04 init-1.68385830906762E+00 IR-5.08708359306436E-01 impC 2.99942496743143E-02 mP 5.51492872052613E-03 year-5.48601554518334E-06 sumLPAP 1.29809696191975E+00 harm
KEEPDBG accept 8 cc 6.19890698066783E-01 sumModel-2.09837028623225E+02 sumForcing 1.33958711785261E+02 sumM 4.86689778448270E-02 trend-4.35471520375237E-02 aero 0.00000000000000E+00 level 1.51098396982028E+03 k0-2.90962998464951E+04 init-1.66973091351963E+00 IR-5.08708359306436E-01 impC 3.01482429121769E-02 mP 5.51545090919402E-03 year-5.48601554518334E-06 sumLPAP 1.29809696191975E+00 harm
KEEPDBG accept 9 cc 6.19750845713252E-01 sumModel-2.10124609745424E+02 sumForcing 1.36034186115625E+02 sumM 4.89608716858017E-02 trend-4.39426451332429E-02 aero 0.00000000000000E+00 level 1.56276323191878E+03 k0-3.01624831243909E+04 init-1.69572639419728E+00 IR-5.07990157849880E-01 impC 2.98765293552593E-02 mP 5.51747929730678E-03 year-5.48601554518334E-06 sumLPAP 1.29809696191975E+00 harm
KEEPDBG accept 16 cc 6.19878902702796E-01 sumModel-2.09841414230896E+02 sumForcing 1.36651934950828E+02 sumM 4.87477835627642E-02 trend-4.39335385066409E-02 aero 0.00000000000000E+00 level 1.55066924941613E+03 k0-2.96538803497140E+04 init-1.69550013754683E+00 IR-5.08679137409571E-01 impC 3.01444731528615E-02 mP 5.51492872052613E-03 year-5.48601554518334E-06 sumLPAP 1.29809696191975E+00 harm
KEEPDBG accept 14 cc 6.19675127906459E-01 sumModel-2.09778390899636E+02 sumForcing 1.36104035849085E+02 sumM 4.87659951191222E-02 trend-4.38073235297968E-02 aero 0.00000000000000E+00 level 1.51430518853348E+03 k0-2.91689096233398E+04 init-1.69578693643821E+00 IR-5.08708045945701E-01 impC 3.01482429121769E-02 mP 5.51754218349594E-03 year-5.48601554518334E-06 sumLPAP 1.29809696191975E+00 harm
KEEPDBG accept 14 cc 6.19676242752868E-01 sumModel-2.09784912668832E+02 sumForcing 1.36128215240543E+02 sumM 4.87659951191222E-02 trend-4.38117225005793E-02 aero 0.00000000000000E+00 level 1.51496244491333E+03 k0-2.91740517242728E+04 init-1.69578693643821E+00 IR-5.08708045945701E-01 impC 3.01482429121769E-02 mP 5.51754218349594E-03 year-5.48601554518334E-06 sumLPAP 1.29809696191975E+00 harm
KEEPDBG accept 13 cc 6.20092066483563E-01 sumModel-2.09784220169821E+02 sumForcing 1.36020438983105E+02 sumM 4.85925354082902E-02 trend-4.38396584352501E-02 aero 0.00000000000000E+00 level 1.53402907536230E+03 k0-2.94465764042714E+04 init-1.68384284642706E+00 IR-5.08708359306436E-01 impC 2.99942496743143E-02 mP 5.51492872052613E-03 year-5.48601554518334E-06 sumLPAP 1.29809696191975E+00 harm
KEEPDBG accept 13 cc 6.20102131032235E-01 sumModel-2.09786880329023E+02 sumForcing 1.36032481573883E+02 sumM 4.85813042970726E-02 trend-4.38440462072764E-02 aero 0.00000000000000E+00 level 1.53573217980239E+03 k0-2.94638553977068E+04 init-1.68384284642706E+00 IR-5.08708359306436E-01 impC 2.99942496743143E-02 mP 5.51492872052613E-03 year-5.48601554518334E-06 sumLPAP 1.29809696191975E+00 harm
KEEPDBG accept 2 cc 6.20186805627987E-01 sumModel-2.09817987870365E+02 sumForcing 1.36249374418166E+02 sumM 4.87976777788240E-02 trend-4.37383685731350E-02 aero 0.00000000000000E+00 level 1.53988709429849E+03 k0-2.95972400393012E+04 init-1.67017348696515E+00 IR-5.08438225504306E-01 impC 3.01482531785201E-02 mP 5.50298433114815E-03 year-5.48601554518334E-06 sumLPAP 1.29809696191975E+00 harm
KEEPDBG accept 6 cc 6.19874941443315E-01 sumModel-2.09878383788763E+02 sumForcing 1.36768617157841E+02 sumM 4.87270420499246E-02 trend-4.39545892471298E-02 aero 0.00000000000000E+00 level 1.55832945144133E+03 k0-2.97246672184853E+04 init-1.69578693643821E+00 IR-5.08708359306436E-01 impC 3.00556041385610E-02 mP 5.51492525753778E-03 year-5.48601554518334E-06 sumLPAP 1.29809696191975E+00 harm
KEEPDBG accept 2 cc 6.20186838840389E-01 sumModel-2.09818015598638E+02 sumForcing 1.36249374418166E+02 sumM 4.87977011652070E-02 trend-4.37383769591319E-02 aero 0.00000000000000E+00 level 1.53989030279496E+03 k0-2.95972614686436E+04 init-1.67017348696515E+00 IR-5.08438225504306E-01 impC 3.01482531785201E-02 mP 5.50298433114815E-03 year-5.48601554518334E-06 sumLPAP 1.29809696191975E+00 harm
KEEPDBG accept 7 cc 6.19543139488654E-01 sumModel-2.10612281473914E+02 sumForcing 1.36387641650121E+02 sumM 4.87976777788240E-02 trend-4.39557315688725E-02 aero 0.00000000000000E+00 level 1.52214201967451E+03 k0-2.91208047134432E+04 init-1.68342953234993E+00 IR-5.07155863334556E-01 impC 2.98658723878149E-02 mP 5.55056263306713E-03 year-5.48601554518334E-06 sumLPAP 1.29809696191975E+00 harm
KEEPDBG accept 6 cc 6.19874999588234E-01 sumModel-2.09878455156129E+02 sumForcing 1.36811534897860E+02 sumM 4.87270420499246E-02 trend-4.39545526139050E-02 aero 0.00000000000000E+00 level 1.55740025880821E+03 k0-2.96966010804597E+04 init-1.69578693643821E+00 IR-5.08708359306436E-01 impC 3.00556041385610E-02 mP 5.51492525753778E-03 year-5.48601554518334E-06 sumLPAP 1.29809696191975E+00 harm
KEEPDBG accept 3 cc 6.19906697329977E-01 sumModel-2.09702181651424E+02 sumForcing 1.37822204163885E+02 sumM 4.87780489857676E-02 trend-4.38549544157563E-02 aero 0.00000000000000E+00 level 1.53135988650424E+03 k0-2.89601195137711E+04 init-1.69578693643821E+00 IR-5.08708359306436E-01 impC 3.01482531785201E-02 mP 5.47379387093372E-03 year-5.48601554518334E-06 sumLPAP 1.29809696191975E+00 harm
KEEPDBG accept 12 cc 6.19929557545614E-01 sumModel-2.09777351456473E+02 sumForcing 1.35679618359478E+02 sumM 4.86100935810138E-02 trend-4.38505037736917E-02 aero 0.00000000000000E+00 level 1.53211503062457E+03 k0-2.94058027067308E+04 init-1.69520433199406E+00 IR-5.08708359306436E-01 impC 3.01482429121769E-02 mP 5.51888472552970E-03 year-5.48601554518334E-06 sumLPAP 1.29809696191975E+00 harm
KEEPDBG accept 3 cc 6.19941120869268E-01 sumModel-2.09691536784882E+02 sumForcing 1.37833473626678E+02 sumM 4.87780489857676E-02 trend-4.38609440288750E-02 aero 0.00000000000000E+00 level 1.52809239551282E+03 k0-2.89214221650361E+04 init-1.69578693643821E+00 IR-5.08708359306436E-01 impC 3.01482531785201E-02 mP 5.47379387093372E-03 year-5.48601554518334E-06 sumLPAP 1.29809696191975E+00 harm
KEEPDBG accept 4 cc 6.19852078565455E-01 sumModel-2.09773668028537E+02 sumForcing 1.35326537087419E+02 sumM 4.86429160991926E-02 trend-4.38283307101121E-02 aero 0.00000000000000E+00 level 1.52817404214607E+03 k0-2.93936933449941E+04 init-1.69578693643821E+00 IR-5.08708359306436E-01 impC 3.01482429121769E-02 mP 5.51431817881094E-03 year-5.48601554518334E-06 sumLPAP 1.29809696191975E+00 harm
KEEPDBG accept 5 cc 6.19443921591849E-01 sumModel-2.09802010170848E+02 sumForcing 1.35972380086093E+02 sumM 4.88201941007284E-02 trend-4.37656501894289E-02 aero 0.00000000000000E+00 level 1.49856277987565E+03 k0-2.89256270921779E+04 init-1.69578693643821E+00 IR-5.08708359306436E-01 impC 3.01463183645367E-02 mP 5.51699234124754E-03 year-5.48601554518334E-06 sumLPAP 1.29809696191975E+00 harm
KEEPDBG accept 9 cc 6.19751071643871E-01 sumModel-2.10124788320463E+02 sumForcing 1.37061107587667E+02 sumM 4.89608716858017E-02 trend-4.39414799610123E-02 aero 0.00000000000000E+00 level 1.54059871970772E+03 k0-2.94884434850947E+04 init-1.69572639419728E+00 IR-5.07990157849880E-01 impC 2.98765293552593E-02 mP 5.51747929730678E-03 year-5.48601554518334E-06 sumLPAP 1.29809696191975E+00 harm
KEEPDBG accept 13 cc 6.20103057020005E-01 sumModel-2.09787139038843E+02 sumForcing 1.36025358449724E+02 sumM 4.85806359854527E-02 trend-4.38433422036311E-02 aero 0.00000000000000E+00 level 1.53583706996462E+03 k0-2.94649425209031E+04 init-1.68384284642706E+00 IR-5.08708359306436E-01 impC 2.99942496743143E-02 mP 5.51492872052613E-03 year-5.48601554518334E-06 sumLPAP 1.29809696191975E+00 harm
KEEPDBG accept 2 cc 6.20186991991726E-01 sumModel-2.09817999270711E+02 sumForcing 1.36249562077033E+02 sumM 4.87975201956984E-02 trend-4.37384387959635E-02 aero 0.00000000000000E+00 level 1.53992179812245E+03 k0-2.95976928794346E+04 init-1.67017348696515E+00 IR-5.08438225504306E-01 impC 3.01482531785201E-02 mP 5.50298433114815E-03 year-5.48601554518334E-06 sumLPAP 1.29809696191975E+00 harm
KEEPDBG accept 3 cc 6.20212300134628E-01 sumModel-2.09629980003233E+02 sumForcing 1.36305520573807E+02 sumM 4.87780489857676E-02 trend-4.32200630222091E-02 aero 0.00000000000000E+00 level 1.53559279778343E+03 k0-2.92364446645892E+04 init-1.69578693643821E+00 IR-5.08708359306436E-01 impC 3.01482531785201E-02 mP 5.47379387093372E-03 year-5.48601554518334E-06 sumLPAP 1.29809696191975E+00 harm
KEEPDBG accept 2 cc 6.20187035875848E-01 sumModel-2.09818065452041E+02 sumForcing 1.36249562077033E+02 sumM 4.87975800558577E-02 trend-4.37384501130478E-02 aero 0.00000000000000E+00 level 1.53993190733652E+03 k0-2.95978417030234E+04 init-1.67017348696515E+00 IR-5.08438225504306E-01 impC 3.01482531785201E-02 mP 5.50298433114815E-03 year-5.48601554518334E-06 sumLPAP 1.29809696191975E+00 harm
KEEPDBG accept 14 cc 6.19697561342781E-01 sumModel-2.09777011890768E+02 sumForcing 1.36001525734433E+02 sumM 4.87659951191222E-02 trend-4.37574368696016E-02 aero 0.00000000000000E+00 level 1.51559685747395E+03 k0-2.91998177336168E+04 init-1.69578693643821E+00 IR-5.08708045945701E-01 impC 3.01482429121769E-02 mP 5.51754218349594E-03 year-5.48601554518334E-06 sumLPAP 1.29809696191975E+00 harm
KEEPDBG accept 4 cc 6.19853298559223E-01 sumModel-2.09745334743848E+02 sumForcing 1.35227665032659E+02 sumM 4.86429160991926E-02 trend-4.38155177331617E-02 aero 0.00000000000000E+00 level 1.52550812244562E+03 k0-2.93748788153520E+04 init-1.69578693643821E+00 IR-5.08708359306436E-01 impC 3.01482429121769E-02 mP 5.50819183455398E-03 year-5.48601554518334E-06 sumLPAP 1.29809696191975E+00 harm
KEEPDBG accept 2 cc 6.20187039968358E-01 sumModel-2.09818041351887E+02 sumForcing 1.36249490549338E+02 sumM 4.87975734332894E-02 trend-4.37384403709214E-02 aero 0.00000000000000E+00 level 1.53993357031088E+03 k0-2.95978797340164E+04 init-1.67017348696515E+00 IR-5.08438225504306E-01 impC 3.01482531785201E-02 mP 5.50298433114815E-03 year-5.48601554518334E-06 sumLPAP 1.29809696191975E+00 harm
KEEPDBG accept 3 cc 6.20212333039391E-01 sumModel-2.09630044011639E+02 sumForcing 1.36305548796470E+02 sumM 4.87780489857676E-02 trend-4.32200793428705E-02 aero 0.00000000000000E+00 level 1.53559185945454E+03 k0-2.92363668166520E+04 init-1.69578693643821E+00 IR-5.08708359306436E-01 impC 3.01482531785201E-02 mP 5.47379387093372E-03 year-5.48601554518334E-06 sumLPAP 1.29809696191975E+00 harm
KEEPDBG accept 2 cc 6.20187052948048E-01 sumModel-2.09817953594145E+02 sumForcing 1.36249370419166E+02 sumM 4.87975734332894E-02 trend-4.37383845623094E-02 aero 0.00000000000000E+00 level 1.53993186869749E+03 k0-2.95979456791591E+04 init-1.67016838720890E+00 IR-5.08438225504306E-01 impC 3.01482531785201E-02 mP 5.50298433114815E-03 year-5.48601554518334E-06 sumLPAP 1.29809696191975E+00 harm
KEEPDBG accept 6 cc 6.19888697966599E-01 sumModel-2.09856713299380E+02 sumForcing 1.36759947595057E+02 sumM 4.87270420499246E-02 trend-4.39459551338443E-02 aero 0.00000000000000E+00 level 1.55609636095194E+03 k0-2.96946061135789E+04 init-1.69578693643821E+00 IR-5.08708359306436E-01 impC 3.00556041385610E-02 mP 5.51173080537332E-03 year-5.48601554518334E-06 sumLPAP 1.29809696191975E+00 harm
KEEPDBG accept 16 cc 6.19878904373374E-01 sumModel-2.09841378262636E+02 sumForcing 1.36651934950828E+02 sumM 4.87407629151713E-02 trend-4.39335382919331E-02 aero 0.00000000000000E+00 level 1.54913550518157E+03 k0-2.96228891795607E+04 init-1.69550013754683E+00 IR-5.08679137409571E-01 impC 3.01444731528615E-02 mP 5.51492872052613E-03 year-5.48601554518334E-06 sumLPAP 1.29809696191975E+00 harm
KEEPDBG accept 6 cc 6.19965513950551E-01 sumModel-2.09833593497742E+02 sumForcing 1.36404071738920E+02 sumM 4.87270420499246E-02 trend-4.37941979387440E-02 aero 0.00000000000000E+00 level 1.55809853878361E+03 k0-2.97729619522702E+04 init-1.69578693643821E+00 IR-5.08708359306436E-01 impC 3.00556041385610E-02 mP 5.51173080537332E-03 year-5.48601554518334E-06 sumLPAP 1.29809696191975E+00 harm
KEEPDBG accept 15 cc 6.19779587949498E-01 sumModel-2.09875334251617E+02 sumForcing 1.33790032823577E+02 sumM 4.88046712652738E-02 trend-4.35540106846412E-02 aero 0.00000000000000E+00 level 1.54607074048170E+03 k0-2.97835847172663E+04 init-1.68043494588007E+00 IR-5.08666647400495E-01 impC 3.01482429121769E-02 mP 5.51492872052613E-03 year-5.48601554518334E-06 sumLPAP 1.29809696191975E+00 harm
KEEPDBG accept 12 cc 6.19929558323222E-01 sumModel-2.09782099739222E+02 sumForcing 1.35679618359478E+02 sumM 4.86100935810138E-02 trend-4.38505037736917E-02 aero 0.00000000000000E+00 level 1.53211503062457E+03 k0-2.94058027067308E+04 init-1.69520433199406E+00 IR-5.08708359306436E-01 impC 3.01261821518988E-02 mP 5.51888472552970E-03 year-5.48601554518334E-06 sumLPAP 1.29809696191975E+00 harm
KEEPDBG accept 16 cc 6.19886257719906E-01 sumModel-2.09827679462355E+02 sumForcing 1.36617487433950E+02 sumM 4.87407629151713E-02 trend-4.39279396458571E-02 aero 0.00000000000000E+00 level 1.54823916407054E+03 k0-2.96203732662203E+04 init-1.69550013754683E+00 IR-5.08679137409571E-01 impC 3.01444731528615E-02 mP 5.51279221811335E-03 year-5.48601554518334E-06 sumLPAP 1.29809696191975E+00 harm
KEEPDBG accept 11 cc 6.20101835551025E-01 sumModel-2.09888119459360E+02 sumForcing 1.36247476428154E+02 sumM 4.86491809208223E-02 trend-4.38243507058850E-02 aero 0.00000000000000E+00 level 1.55077268087188E+03 k0-2.96102761138053E+04 init-1.67855467077211E+00 IR-5.08708359306436E-01 impC 3.00717832938322E-02 mP 5.53403490739270E-03 year-5.48601554518334E-06 sumLPAP 1.29809696191975E+00 harm
KEEPDBG accept 5 cc 6.19443928414316E-01 sumModel-2.09941267022957E+02 sumForcing 1.35972380086093E+02 sumM 4.88201941007284E-02 trend-4.37656501894289E-02 aero 0.00000000000000E+00 level 1.49856277987565E+03 k0-2.89256270921779E+04 init-1.69578693643821E+00 IR-5.08708359306436E-01 impC 2.94993240312980E-02 mP 5.51699234124754E-03 year-5.48601554518334E-06 sumLPAP 1.29809696191975E+00 harm
KEEPDBG accept 13 cc 6.20103089781994E-01 sumModel-2.09787209502007E+02 sumForcing 1.36025358449724E+02 sumM 4.85840293744421E-02 trend-4.38433504665729E-02 aero 0.00000000000000E+00 level 1.53656748045648E+03 k0-2.94797112595896E+04 init-1.68384284642706E+00 IR-5.08708359306436E-01 impC 2.99942496743143E-02 mP 5.51492872052613E-03 year-5.48601554518334E-06 sumLPAP 1.29809696191975E+00 harm
KEEPDBG accept 2 cc 6.20189419109647E-01 sumModel-2.09812532501854E+02 sumForcing 1.36234709332158E+02 sumM 4.87975734332894E-02 trend-4.37360148090148E-02 aero 0.00000000000000E+00 level 1.53954695601994E+03 k0-2.95964821154765E+04 init-1.67016838720890E+00 IR-5.08438225504306E-01 impC 3.01482531785201E-02 mP 5.50207706987038E-03 year-5.48601554518334E-06 sumLPAP 1.29809696191975E+00 harm
KEEPDBG accept 4 cc 6.19853666719059E-01 sumModel-2.09745301958553E+02 sumForcing 1.35227910870535E+02 sumM 4.86429160991926E-02 trend-4.38157862795644E-02 aero 0.00000000000000E+00 level 1.52541592127049E+03 k0-2.93735127824436E+04 init-1.69578693643821E+00 IR-5.08708359306436E-01 impC 3.01482429121769E-02 mP 5.50819183455398E-03 year-5.48601554518334E-06 sumLPAP 1.29809696191975E+00 harm
KEEPDBG accept 12 cc 6.19929870162586E-01 sumModel-2.09780555472086E+02 sumForcing 1.35674001672486E+02 sumM 4.86100935810138E-02 trend-4.38495068031668E-02 aero 0.00000000000000E+00 level 1.53197038102961E+03 k0-2.94047711305869E+04 init-1.69520433199406E+00 IR-5.08708359306436E-01 impC 3.01261821518988E-02 mP 5.51888472552970E-03 year-5.48601554518334E-06 sumLPAP 1.29809696191975E+00 harm
KEEPDBG accept 13 cc 6.20103216153747E-01 sumModel-2.09810442822485E+02 sumForcing 1.36025358449724E+02 sumM 4.85840293744421E-02 trend-4.38495906545628E-02 aero 0.00000000000000E+00 level 1.53675393155068E+03 k0-2.94811077577535E+04 init-1.68384284642706E+00 IR-5.08648719997354E-01 impC 2.99942496743143E-02 mP 5.51492872052613E-03 year-5.48601554518334E-06 sumLPAP 1.29809696191975E+00 harm
KEEPDBG accept 16 cc 6.19886275144813E-01 sumModel-2.09827633215926E+02 sumForcing 1.36617325032897E+02 sumM 4.87407629151713E-02 trend-4.39278221596122E-02 aero 0.00000000000000E+00 level 1.54823727548288E+03 k0-2.96204495603409E+04 init-1.69550013754683E+00 IR-5.08679137409571E-01 impC 3.01444731528615E-02 mP 5.51279221811335E-03 year-5.48601554518334E-06 sumLPAP 1.29809696191975E+00 harm
KEEPDBG accept 4 cc 6.19853669756901E-01 sumModel-2.09769246389661E+02 sumForcing 1.35227910870535E+02 sumM 4.86429160991926E-02 trend-4.38157862795644E-02 aero 0.00000000000000E+00 level 1.52541592127049E+03 k0-2.93735127824436E+04 init-1.69578693643821E+00 IR-5.08708359306436E-01 impC 3.00369958819266E-02 mP 5.50819183455398E-03 year-5.48601554518334E-06 sumLPAP 1.29809696191975E+00 harm
KEEPDBG accept 2 cc 6.20189975783677E-01 sumModel-2.09812343258108E+02 sumForcing 1.36232014470415E+02 sumM 4.87975734332894E-02 trend-4.37348560349907E-02 aero 0.00000000000000E+00 level 1.53956281400667E+03 k0-2.95971247617013E+04 init-1.67016838720890E+00 IR-5.08438225504306E-01 impC 3.01482531785201E-02 mP 5.50207706987038E-03 year-5.48601554518334E-06 sumLPAP 1.29809696191975E+00 harm
KEEPDBG accept 5 cc 6.19443928754982E-01 sumModel-2.09919661725589E+02 sumForcing 1.35972380086093E+02 sumM 4.88201941007284E-02 trend-4.37656501894289E-02 aero 0.00000000000000E+00 level 1.49856277987565E+03 k0-2.89256270921779E+04 init-1.69578693643821E+00 IR-5.08708359306436E-01 impC 2.95997033286442E-02 mP 5.51699234124754E-03 year-5.48601554518334E-06 sumLPAP 1.29809696191975E+00 harm
KEEPDBG accept 1 cc 6.19500120782211E-01 sumModel-2.09718766013270E+02 sumForcing 1.35245112493365E+02 sumM 4.87976777788240E-02 trend-4.35710854020599E-02 aero 0.00000000000000E+00 level 1.51532547946538E+03 k0-2.93231196089728E+04 init-1.69578693643821E+00 IR-5.08810700677921E-01 impC 3.01482531785201E-02 mP 5.51492872052613E-03 year-5.48601554518334E-06 sumLPAP 1.29809696191975E+00 harm
KEEPDBG accept 16 cc 6.19886923323119E-01 sumModel-2.09827840279502E+02 sumForcing 1.36615237405816E+02 sumM 4.87407629151713E-02 trend-4.39264010244720E-02 aero 0.00000000000000E+00 level 1.54819723776594E+03 k0-2.96206161045933E+04 init-1.69550013754683E+00 IR-5.08679137409571E-01 impC 3.01444731528615E-02 mP 5.51279221811335E-03 year-5.48601554518334E-06 sumLPAP 1.29809696191975E+00 harm
KEEPDBG accept 6 cc 6.19965514439219E-01 sumModel-2.09833636680537E+02 sumForcing 1.36404173668587E+02 sumM 4.87270420499246E-02 trend-4.37942715715655E-02 aero 0.00000000000000E+00 level 1.55809830489116E+03 k0-2.97728627734671E+04 init-1.69578693643821E+00 IR-5.08708359306436E-01 impC 3.00556041385610E-02 mP 5.51173080537332E-03 year-5.48601554518334E-06 sumLPAP 1.29809696191975E+00 harm
KEEPDBG accept 16 cc 6.19897378733442E-01 sumModel-2.09807634273487E+02 sumForcing 1.36564105559564E+02 sumM 4.87407629151713E-02 trend-4.39180975798215E-02 aero 0.00000000000000E+00 level 1.54686628133668E+03 k0-2.96167405819924E+04 init-1.69550013754683E+00 IR-5.08679137409571E-01 impC 3.01444731528615E-02 mP 5.50962117986812E-03 year-5.48601554518334E-06 sumLPAP 1.29809696191975E+00 harm
KEEPDBG accept 10 cc 6.20018155408971E-01 sumModel-2.09802419666196E+02 sumForcing 1.34985134564592E+02 sumM 4.86253035263048E-02 trend-4.37314635874133E-02 aero 0.00000000000000E+00 level 1.54314322789876E+03 k0-2.95645986154264E+04 init-1.68790146975255E+00 IR-5.08707869367963E-01 impC 3.01472309375722E-02 mP 5.51493749062978E-03 year-5.48601554518334E-06 sumLPAP 1.29809696191975E+00 harm
KEEPDBG accept 10 cc 6.20018156246856E-01 sumModel-2.09812249651419E+02 sumForcing 1.34985134564592E+02 sumM 4.86253035263048E-02 trend-4.37314635874133E-02 aero 0.00000000000000E+00 level 1.54314322789876E+03 k0-2.95645986154264E+04 init-1.68790146975255E+00 IR-5.08707869367963E-01 impC 3.01015603174620E-02 mP 5.51493749062978E-03 year-5.48601554518334E-06 sumLPAP 1.29809696191975E+00 harm
KEEPDBG accept 10 cc 6.20043381448867E-01 sumModel-2.09805899280733E+02 sumForcing 1.34924231957696E+02 sumM 4.86253035263048E-02 trend-4.37112477212648E-02 aero 0.00000000000000E+00 level 1.54115340769294E+03 k0-2.95423164571831E+04 init-1.68531864244778E+00 IR-5.08707869367963E-01 impC 3.01015603174620E-02 mP 5.51493749062978E-03 year-5.48601554518334E-06 sumLPAP 1.29809696191975E+00 harm
KEEPDBG accept 16 cc 6.19897893922132E-01 sumModel-2.09807821842723E+02 sumForcing 1.36562464834937E+02 sumM 4.87407629151713E-02 trend-4.39169810499689E-02 aero 0.00000000000000E+00 level 1.54683402513596E+03 k0-2.96168384967214E+04 init-1.69550013754683E+00 IR-5.08679137409571E-01 impC 3.01444731528615E-02 mP 5.50962117986812E-03 year-5.48601554518334E-06 sumLPAP 1.29809696191975E+00 harm
KEEPDBG accept 5 cc 6.19458428399791E-01 sumModel-2.09929839602582E+02 sumForcing 1.35378968271860E+02 sumM 4.88201941007284E-02 trend-4.35826718982150E-02 aero 0.00000000000000E+00 level 1.47661363815545E+03 k0-2.85991023286926E+04 init-1.67034293390093E+00 IR-5.08708359306436E-01 impC 2.95997033286442E-02 mP 5.51699234124754E-03 year-5.48601554518334E-06 sumLPAP 1.29809696191975E+00 harm
KEEPDBG accept 6 cc 6.19965524945711E-01 sumModel-2.09878110597621E+02 sumForcing 1.36404173668587E+02 sumM 4.87270420499246E-02 trend-4.37942715715655E-02 aero 0.00000000000000E+00 level 1.55809830489116E+03 k0-2.97728627734671E+04 init-1.69578693643821E+00 IR-5.08708359306436E-01 impC 2.98489760847551E-02 mP 5.51173080537332E-03 year-5.48601554518334E-06 sumLPAP 1.29809696191975E+00 harm
KEEPDBG accept 2 cc 6.20189989118133E-01 sumModel-2.09812372361168E+02 sumForcing 1.36232014470415E+02 sumM 4.87932568736099E-02 trend-4.37348598514550E-02 aero 0.00000000000000E+00 level 1.53862517815937E+03 k0-2.95780573540059E+04 init-1.67016838720890E+00 IR-5.08438225504306E-01 impC 3.01482531785201E-02 mP 5.50207706987038E-03 year-5.48601554518334E-06 sumLPAP 1.29809696191975E+00 harm
KEEPDBG accept 3 cc 6.20212358663968E-01 sumModel-2.09630063243352E+02 sumForcing 1.36305389694696E+02 sumM 4.87780340293144E-02 trend-4.32200677282168E-02 aero 0.00000000000000E+00 level 1.53559234801503E+03 k0-2.92363251324236E+04 init-1.69578693643821E+00 IR-5.08708359306436E-01 impC 3.01482531785201E-02 mP 5.47379387093372E-03 year-5.48601554518334E-06 sumLPAP 1.29809696191975E+00 harm
KEEPDBG accept 16 cc 6.19924733544168E-01 sumModel-2.09799649883662E+02 sumForcing 1.36437390419810E+02 sumM 4.87407629151713E-02 trend-4.38635531553693E-02 aero 0.00000000000000E+00 level 1.54752772942279E+03 k0-2.96439794076031E+04 init-1.69550013754683E+00 IR-5.08679137409571E-01 impC 3.01444731528615E-02 mP 5.50962117986812E-03 year-5.48601554518334E-06 sumLPAP 1.29809696191975E+00 harm
KEEPDBG accept 4 cc 6.19854407168002E-01 sumModel-2.09777575228175E+02 sumForcing 1.35261468927516E+02 sumM 4.86429160991926E-02 trend-4.38215018994581E-02 aero 0.00000000000000E+00 level 1.52628721617054E+03 k0-2.93805135877966E+04 init-1.69578693643821E+00 IR-5.08708359306436E-01 impC 3.00369958819266E-02 mP 5.50819183455398E-03 year-5.48601554518334E-06 sumLPAP 1.29809696191975E+00 harm
KEEPDBG accept 10 cc 6.20119466429583E-01 sumModel-2.09769489236074E+02 sumForcing 1.34026740670150E+02 sumM 4.86253035263048E-02 trend-4.33169845974188E-02 aero 0.00000000000000E+00 level 1.54520525071374E+03 k0-2.97189741858922E+04 init-1.68531864244778E+00 IR-5.08707869367963E-01 impC 3.01015603174620E-02 mP 5.51493749062978E-03 year-5.48601554518334E-06 sumLPAP 1.29809696191975E+00 harm
KEEPDBG accept 12 cc 6.19930085159730E-01 sumModel-2.09780659580322E+02 sumForcing 1.35902053138239E+02 sumM 4.86100935810138E-02 trend-4.38492696499674E-02 aero 0.00000000000000E+00 level 1.52709370449590E+03 k0-2.92566674227628E+04 init-1.69520433199406E+00 IR-5.08708359306436E-01 impC 3.01261821518988E-02 mP 5.51888472552970E-03 year-5.48601554518334E-06 sumLPAP 1.29809696191975E+00 harm
KEEPDBG accept 8 cc 6.19890726961337E-01 sumModel-2.09837077172413E+02 sumForcing 1.33958711785261E+02 sumM 4.88816236436857E-02 trend-4.35471656341926E-02 aero 0.00000000000000E+00 level 1.55733563893186E+03 k0-3.00402929542374E+04 init-1.66973091351963E+00 IR-5.08708359306436E-01 impC 3.01482429121769E-02 mP 5.51545090919402E-03 year-5.48601554518334E-06 sumLPAP 1.29809696191975E+00 harm
KEEPDBG accept 3 cc 6.20212358664024E-01 sumModel-2.09630063454134E+02 sumForcing 1.36305389694696E+02 sumM 4.87780340293144E-02 trend-4.32200677282168E-02 aero 0.00000000000000E+00 level 1.53559234801503E+03 k0-2.92363251324236E+04 init-1.69578693643821E+00 IR-5.08708359306436E-01 impC 3.01482521992154E-02 mP 5.47379387093372E-03 year-5.48601554518334E-06 sumLPAP 1.29809696191975E+00 harm
KEEPDBG accept 2 cc 6.20189991786036E-01 sumModel-2.09812366227742E+02 sumForcing 1.36232014470415E+02 sumM 4.87895564802151E-02 trend-4.37348600379779E-02 aero 0.00000000000000E+00 level 1.53782327207986E+03 k0-2.95617644855291E+04 init-1.67016838720890E+00 IR-5.08438225504306E-01 impC 3.01482531785201E-02 mP 5.50207706987038E-03 year-5.48601554518334E-06 sumLPAP 1.29809696191975E+00 harm
KEEPDBG accept 14 cc 6.19714345346203E-01 sumModel-2.09771908270124E+02 sumForcing 1.35930298690674E+02 sumM 4.87659951191222E-02 trend-4.37332092236608E-02 aero 0.00000000000000E+00 level 1.51302421727262E+03 k0-2.91677361874798E+04 init-1.69270906634986E+00 IR-5.08708045945701E-01 impC 3.01482429121769E-02 mP 5.51754218349594E-03 year-5.48601554518334E-06 sumLPAP 1.29809696191975E+00 harm
KEEPDBG accept 2 cc 6.20199918426482E-01 sumModel-2.09808911591244E+02 sumForcing 1.36210674334471E+02 sumM 4.87895564802151E-02 trend-4.37269784891192E-02 aero 0.00000000000000E+00 level 1.53710238418713E+03 k0-2.95548039044236E+04 init-1.66926281639688E+00 IR-5.08438225504306E-01 impC 3.01482531785201E-02 mP 5.50207706987038E-03 year-5.48601554518334E-06 sumLPAP 1.29809696191975E+00 harm
KEEPDBG accept 5 cc 6.19682987544796E-01 sumModel-2.09944877871836E+02 sumForcing 1.34716934783743E+02 sumM 4.87596089663274E-02 trend-4.35356185858136E-02 aero 0.00000000000000E+00 level 1.48919507021440E+03 k0-2.87503786033310E+04 init-1.67034293390093E+00 IR-5.08708359306436E-01 impC 2.95997033286442E-02 mP 5.51699234124754E-03 year-5.48601554518334E-06 sumLPAP 1.29809696191975E+00 harm
KEEPDBG accept 6 cc 6.20189996156241E-01 sumModel-2.09798902370106E+02 sumForcing 1.35994740025072E+02 sumM 4.87270420499246E-02 trend-4.36395853137534E-02 aero 0.00000000000000E+00 level 1.54447469790727E+03 k0-2.96556257036747E+04 init-1.67826799244776E+00 IR-5.08708359306436E-01 impC 2.98489760847551E-02 mP 5.51173080537332E-03 year-5.48601554518334E-06 sumLPAP 1.29809696191975E+00 harm
KEEPDBG accept 13 cc 6.20103218445469E-01 sumModel-2.09823530808716E+02 sumForcing 1.36025358449724E+02 sumM 4.85840293744421E-02 trend-4.38495906545628E-02 aero 0.00000000000000E+00 level 1.53675393155068E+03 k0-2.94811077577535E+04 init-1.68384284642706E+00 IR-5.08648719997354E-01 impC 2.99334398399065E-02 mP 5.51492872052613E-03 year-5.48601554518334E-06 sumLPAP 1.29809696191975E+00 harm
KEEPDBG accept 15 cc 6.19804315305600E-01 sumModel-2.09882692525514E+02 sumForcing 1.33563450998536E+02 sumM 4.88046712652738E-02 trend-4.34908128099264E-02 aero 0.00000000000000E+00 level 1.53833116878677E+03 k0-2.96656914865349E+04 init-1.67093643797761E+00 IR-5.08666647400495E-01 impC 3.01482429121769E-02 mP 5.51492872052613E-03 year-5.48601554518334E-06 sumLPAP 1.29809696191975E+00 harm
KEEPDBG accept 11 cc 6.20102760199282E-01 sumModel-2.10108594514035E+02 sumForcing 1.36247476428154E+02 sumM 4.86491809208223E-02 trend-4.38835371366290E-02 aero 0.00000000000000E+00 level 1.55255197746913E+03 k0-2.96234931743375E+04 init-1.67855467077211E+00 IR-5.08142328069023E-01 impC 3.00717832938322E-02 mP 5.53403490739270E-03 year-5.48601554518334E-06 sumLPAP 1.29809696191975E+00 harm
KEEPDBG accept 13 cc 6.20103407434904E-01 sumModel-2.09823468647364E+02 sumForcing 1.36024777728261E+02 sumM 4.85840293744421E-02 trend-4.38491778748532E-02 aero 0.00000000000000E+00 level 1.53674655689657E+03 k0-2.94813159073941E+04 init-1.68384284642706E+00 IR-5.08648719997354E-01 impC 2.99334398399065E-02 mP 5.51492872052613E-03 year-5.48601554518334E-06 sumLPAP 1.29809696191975E+00 harm
KEEPDBG accept 16 cc 6.19976351567997E-01 sumModel-2.09783955491677E+02 sumForcing 1.36185210298616E+02 sumM 4.87407629151713E-02 trend-4.37559318595395E-02 aero 0.00000000000000E+00 level 1.54890405175156E+03 k0-2.96986769122468E+04 init-1.69550013754683E+00 IR-5.08679137409571E-01 impC 3.01444731528615E-02 mP 5.50962117986812E-03 year-5.48601554518334E-06 sumLPAP 1.29809696191975E+00 harm
KEEPDBG accept 16 cc 6.19978770510306E-01 sumModel-2.09779149939631E+02 sumForcing 1.36172426987430E+02 sumM 4.87407629151713E-02 trend-4.37538469696756E-02 aero 0.00000000000000E+00 level 1.54856782823837E+03 k0-2.96975397176708E+04 init-1.69550013754683E+00 IR-5.08679137409571E-01 impC 3.01444731528615E-02 mP 5.50883052784413E-03 year-5.48601554518334E-06 sumLPAP 1.29809696191975E+00 harm
KEEPDBG accept 10 cc 6.20120079621700E-01 sumModel-2.09769570317350E+02 sumForcing 1.34453246799993E+02 sumM 4.86253035263048E-02 trend-4.33165368110781E-02 aero 0.00000000000000E+00 level 1.53590601703241E+03 k0-2.94366201171786E+04 init-1.68531864244778E+00 IR-5.08707869367963E-01 impC 3.01015603174620E-02 mP 5.51493749062978E-03 year-5.48601554518334E-06 sumLPAP 1.29809696191975E+00 harm
KEEPDBG accept 1 cc 6.19526828799158E-01 sumModel-2.09713416875876E+02 sumForcing 1.35033804591146E+02 sumM 4.87976777788240E-02 trend-4.35018804172221E-02 aero 0.00000000000000E+00 level 1.50742237309816E+03 k0-2.92149630321162E+04 init-1.68659874905608E+00 IR-5.08810700677921E-01 impC 3.01482531785201E-02 mP 5.51492872052613E-03 year-5.48601554518334E-06 sumLPAP 1.29809696191975E+00 harm
KEEPDBG accept 11 cc 6.20145822962093E-01 sumModel-2.10097310719530E+02 sumForcing 1.36261250216420E+02 sumM 4.86491809208223E-02 trend-4.38954268454234E-02 aero 0.00000000000000E+00 level 1.54707661453360E+03 k0-2.95531489616490E+04 init-1.67855467077211E+00 IR-5.08142328069023E-01 impC 3.00717832938322E-02 mP 5.53403490739270E-03 year-5.48601554518334E-06 sumLPAP 1.29809696191975E+00 harm
KEEPDBG accept 16 cc 6.19985186660967E-01 sumModel-2.11041081840593E+02 sumForcing 1.36172426987430E+02 sumM 4.87407629151713E-02 trend-4.40935541494222E-02 aero 0.00000000000000E+00 level 1.55876259729675E+03 k0-2.97735226326341E+04 init-1.69550013754683E+00 IR-5.05430780312495E-01 impC 3.01444731528615E-02 mP 5.50883052784413E-03 year-5.48601554518334E-06 sumLPAP 1.29809696191975E+00 harm
KEEPDBG accept 13 cc 6.20115924455619E-01 sumModel-2.09797251252150E+02 sumForcing 1.35953067138193E+02 sumM 4.85840293744421E-02 trend-4.38381156884626E-02 aero 0.00000000000000E+00 level 1.53490619928548E+03 k0-2.94742766481393E+04 init-1.68384284642706E+00 IR-5.08648719997354E-01 impC 2.99334398399065E-02 mP 5.51048561891826E-03 year-5.48601554518334E-06 sumLPAP 1.29809696191975E+00 harm
KEEPDBG accept 5 cc 6.19683995547545E-01 sumModel-2.09945241094437E+02 sumForcing 1.36914441946047E+02 sumM 4.87596089663274E-02 trend-4.35330515314430E-02 aero 0.00000000000000E+00 level 1.44423118855943E+03 k0-2.73857487448001E+04 init-1.67034293390093E+00 IR-5.08708359306436E-01 impC 2.95997033286442E-02 mP 5.51699234124754E-03 year-5.48601554518334E-06 sumLPAP 1.29809696191975E+00 harm
KEEPDBG accept 16 cc 6.20164816545875E-01 sumModel-2.10989096369880E+02 sumForcing 1.35095935748883E+02 sumM 4.87407629151713E-02 trend-4.36349300103057E-02 aero 0.00000000000000E+00 level 1.56411176873550E+03 k0-3.00007641065749E+04 init-1.69550013754683E+00 IR-5.05430780312495E-01 impC 3.01444731528615E-02 mP 5.50883052784413E-03 year-5.48601554518334E-06 sumLPAP 1.29809696191975E+00 harm
KEEPDBG accept 6 cc 6.20317666885087E-01 sumModel-2.09754904182962E+02 sumForcing 1.35713340009579E+02 sumM 4.87270420499246E-02 trend-4.35365298109900E-02 aero 0.00000000000000E+00 level 1.53503145421598E+03 k0-2.95639377990441E+04 init-1.66636437177031E+00 IR-5.08708359306436E-01 impC 2.98489760847551E-02 mP 5.51173080537332E-03 year-5.48601554518334E-06 sumLPAP 1.29809696191975E+00 harm
KEEPDBG accept 16 cc 6.20164843192813E-01 sumModel-2.10989140722832E+02 sumForcing 1.35071162736397E+02 sumM 4.87407629151713E-02 trend-4.36349662355247E-02 aero 0.00000000000000E+00 level 1.56465541005630E+03 k0-3.00172093709005E+04 init-1.69550013754683E+00 IR-5.05430780312495E-01 impC 3.01444731528615E-02 mP 5.50883052784413E-03 year-5.48601554518334E-06 sumLPAP 1.29809696191975E+00 harm
KEEPDBG accept 13 cc 6.20116169304650E-01 sumModel-2.09797378180078E+02 sumForcing 1.35952600772415E+02 sumM 4.85840293744421E-02 trend-4.38378058061310E-02 aero 0.00000000000000E+00 level 1.53489516446917E+03 k0-2.94742192044110E+04 init-1.68384284642706E+00 IR-5.08648719997354E-01 impC 2.99334398399065E-02 mP 5.51048561891826E-03 year-5.48601554518334E-06 sumLPAP 1.29809696191975E+00 harm
KEEPDBG accept 2 cc 6.20199920864491E-01 sumModel-2.09819885946604E+02 sumForcing 1.36210674334471E+02 sumM 4.87895564802151E-02 trend-4.37269784891192E-02 aero 0.00000000000000E+00 level 1.53710238418713E+03 k0-2.95548039044236E+04 init-1.66926281639688E+00 IR-5.08438225504306E-01 impC 3.00972566835200E-02 mP 5.50207706987038E-03 year-5.48601554518334E-06 sumLPAP 1.29809696191975E+00 harm
KEEPDBG accept 4 cc 6.19894821206302E-01 sumModel-2.09768983120837E+02 sumForcing 1.35116723271250E+02 sumM 4.86429160991926E-02 trend-4.37743903143593E-02 aero 0.00000000000000E+00 level 1.52129562143030E+03 k0-2.93170499654561E+04 init-1.68957928696174E+00 IR-5.08708359306436E-01 impC 3.00369958819266E-02 mP 5.50819183455398E-03 year-5.48601554518334E-06 sumLPAP 1.29809696191975E+00 harm
KEEPDBG accept 11 cc 6.20146184164174E-01 sumModel-2.10097390674168E+02 sumForcing 1.36260523526952E+02 sumM 4.86491809208223E-02 trend-4.38949391347581E-02 aero 0.00000000000000E+00 level 1.54706170411567E+03 k0-2.95531499594582E+04 init-1.67855467077211E+00 IR-5.08142328069023E-01 impC 3.00717832938322E-02 mP 5.53403490739270E-03 year-5.48601554518334E-06 sumLPAP 1.29809696191975E+00 harm
KEEPDBG accept 9 cc 6.19772026449576E-01 sumModel-2.10119430968839E+02 sumForcing 1.36956817069976E+02 sumM 4.89608716858017E-02 trend-4.39072959027418E-02 aero 0.00000000000000E+00 level 1.53682503514599E+03 k0-2.94395161677055E+04 init-1.69128722231699E+00 IR-5.07990157849880E-01 impC 2.98765293552593E-02 mP 5.51747929730678E-03 year-5.48601554518334E-06 sumLPAP 1.29809696191975E+00 harm
KEEPDBG accept 15 cc 6.19807065589042E-01 sumModel-2.09882846850843E+02 sumForcing 1.36016884964243E+02 sumM 4.88046712652738E-02 trend-4.34879473413242E-02 aero 0.00000000000000E+00 level 1.48608781517667E+03 k0-2.80866759356968E+04 init-1.67093643797761E+00 IR-5.08666647400495E-01 impC 3.01482429121769E-02 mP 5.51492872052613E-03 year-5.48601554518334E-06 sumLPAP 1.29809696191975E+00 harm
KEEPDBG accept 4 cc 6.19901868447315E-01 sumModel-2.09770106463948E+02 sumForcing 1.35121977861404E+02 sumM 4.86429160991926E-02 trend-4.37806206657974E-02 aero 0.00000000000000E+00 level 1.51921186054191E+03 k0-2.92847094403927E+04 init-1.68957928696174E+00 IR-5.08708359306436E-01 impC 3.00369958819266E-02 mP 5.50819183455398E-03 year-5.48601554518334E-06 sumLPAP 1.29809696191975E+00 harm
KEEPDBG accept 5 cc 6.19760705727695E-01 sumModel-2.10017113678159E+02 sumForcing 1.37329991516914E+02 sumM 4.87596089663274E-02 trend-4.35948291918816E-02 aero 0.00000000000000E+00 level 1.45505415666724E+03 k0-2.75008479925686E+04 init-1.67034293390093E+00 IR-5.08708359306436E-01 impC 2.95997033286442E-02 mP 5.51699234124754E-03 year-5.48601554518334E-06 sumLPAP 1.29809696191975E+00 harm
KEEPDBG accept 8 cc 6.19930360926936E-01 sumModel-2.09922060184433E+02 sumForcing 1.34391564334285E+02 sumM 4.88816236436857E-02 trend-4.36112677248457E-02 aero 0.00000000000000E+00 level 1.56890434425791E+03 k0-3.01528027533789E+04 init-1.66973091351963E+00 IR-5.08708359306436E-01 impC 3.01482429121769E-02 mP 5.51545090919402E-03 year-5.48601554518334E-06 sumLPAP 1.29809696191975E+00 harm
KEEPDBG accept 7 cc 6.19543176614518E-01 sumModel-2.10612338647245E+02 sumForcing 1.36387641650121E+02 sumM 4.92942600913355E-02 trend-4.39557488367675E-02 aero 0.00000000000000E+00 level 1.63480176418421E+03 k0-3.14006341038447E+04 init-1.68342953234993E+00 IR-5.07155863334556E-01 impC 2.98658723878149E-02 mP 5.55056263306713E-03 year-5.48601554518334E-06 sumLPAP 1.29809696191975E+00 harm
KEEPDBG accept 9 cc 6.19772308299324E-01 sumModel-2.10119703831013E+02 sumForcing 1.38235096165030E+02 sumM 4.89608716858017E-02 trend-4.39058603796740E-02 aero 0.00000000000000E+00 level 1.50997105550615E+03 k0-2.86289559794334E+04 init-1.69128722231699E+00 IR-5.07990157849880E-01 impC 2.98765293552593E-02 mP 5.51747929730678E-03 year-5.48601554518334E-06 sumLPAP 1.29809696191975E+00 harm
KEEPDBG accept 10 cc 6.20120090929731E-01 sumModel-2.09769581940445E+02 sumForcing 1.34453246799993E+02 sumM 4.85521060649076E-02 trend-4.33165392706307E-02 aero 0.00000000000000E+00 level 1.52017968346361E+03 k0-2.91182146476928E+04 init-1.68531864244778E+00 IR-5.08707869367963E-01 impC 3.01015603174620E-02 mP 5.51493749062978E-03 year-5.48601554518334E-06 sumLPAP 1.29809696191975E+00 harm
KEEPDBG accept 13 cc 6.20133954992543E-01 sumModel-2.09753929511037E+02 sumForcing 1.35816427509250E+02 sumM 4.85840293744421E-02 trend-4.38113021122831E-02 aero 0.00000000000000E+00 level 1.53153456567821E+03 k0-2.94574685074886E+04 init-1.68384284642706E+00 IR-5.08648719997354E-01 impC 2.99334398399065E-02 mP 5.51048561891826E-03 year-5.48601554518334E-06 sumLPAP 1.29809696191975E+00 harm
KEEPDBG accept 8 cc 6.19932364339002E-01 sumModel-2.09653413505666E+02 sumForcing 1.34391564334285E+02 sumM 4.88816236436857E-02 trend-4.35394398533671E-02 aero 0.00000000000000E+00 level 1.56671620498508E+03 k0-3.01365570513788E+04 init-1.66973091351963E+00 IR-5.09397459626811E-01 impC 3.01482429121769E-02 mP 5.51545090919402E-03 year-5.48601554518334E-06 sumLPAP 1.29809696191975E+00 harm
KEEPDBG accept 15 cc 6.19870955371605E-01 sumModel-2.10067364048110E+02 sumForcing 1.36859125486176E+02 sumM 4.88046712652738E-02 trend-4.35720351432877E-02 aero 0.00000000000000E+00 level 1.50787811935121E+03 k0-2.82787575112934E+04 init-1.67093643797761E+00 IR-5.08666647400495E-01 impC 3.01482429121769E-02 mP 5.56566247275853E-03 year-5.48601554518334E-06 sumLPAP 1.29809696191975E+00 harm
KEEPDBG accept 10 cc 6.20384236161104E-01 sumModel-2.09731770890960E+02 sumForcing 1.33363234856715E+02 sumM 4.85521060649076E-02 trend-4.29788810681660E-02 aero 0.00000000000000E+00 level 1.48506481884340E+03 k0-2.86622196606923E+04 init-1.64039885214167E+00 IR-5.08707869367963E-01 impC 3.01015603174620E-02 mP 5.51493749062978E-03 year-5.48601554518334E-06 sumLPAP 1.29809696191975E+00 harm
KEEPDBG accept 6 cc 6.20317688510579E-01 sumModel-2.09754917243301E+02 sumForcing 1.35713030156040E+02 sumM 4.87270420499246E-02 trend-4.35365355446317E-02 aero 0.00000000000000E+00 level 1.53503770151025E+03 k0-2.95641045164479E+04 init-1.66636437177031E+00 IR-5.08708359306436E-01 impC 2.98489760847551E-02 mP 5.51173080537332E-03 year-5.48601554518334E-06 sumLPAP 1.29809696191975E+00 harm
KEEPDBG accept 5 cc 6.19761214639992E-01 sumModel-2.06589130307680E+02 sumForcing 1.37329991516914E+02 sumM 4.87596089663274E-02 trend-4.26828503031821E-02 aero 0.00000000000000E+00 level 1.42896684042150E+03 k0-2.73075671722686E+04 init-1.67034293390093E+00 IR-5.17443371775408E-01 impC 2.95997033286442E-02 mP 5.51699234124754E-03 year-5.48601554518334E-06 sumLPAP 1.29809696191975E+00 harm
KEEPDBG accept 15 cc 6.19957934770782E-01 sumModel-2.10061057267607E+02 sumForcing 1.36283846055322E+02 sumM 4.88046712652738E-02 trend-4.34111494737372E-02 aero 0.00000000000000E+00 level 1.48947001160087E+03 k0-2.80249361797174E+04 init-1.64752735742905E+00 IR-5.08666647400495E-01 impC 3.01482429121769E-02 mP 5.56566247275853E-03 year-5.48601554518334E-06 sumLPAP 1.29809696191975E+00 harm
KEEPDBG accept 10 cc 6.20384267158411E-01 sumModel-2.09731838537290E+02 sumForcing 1.33363234368822E+02 sumM 4.85521060649076E-02 trend-4.29788948094515E-02 aero 0.00000000000000E+00 level 1.48506370201984E+03 k0-2.86621339777066E+04 init-1.64039885214167E+00 IR-5.08707869367963E-01 impC 3.01015603174620E-02 mP 5.51493749062978E-03 year-5.48601554518334E-06 sumLPAP 1.29809696191975E+00 harm
KEEPDBG accept 5 cc 6.19761232653964E-01 sumModel-2.06589145419927E+02 sumForcing 1.37329991516914E+02 sumM 4.86599315899873E-02 trend-4.26828533991069E-02 aero 0.00000000000000E+00 level 1.40913440271735E+03 k0-2.69058515384583E+04 init-1.67034293390093E+00 IR-5.17443371775408E-01 impC 2.95997033286442E-02 mP 5.51699234124754E-03 year-5.48601554518334E-06 sumLPAP 1.29809696191975E+00 harm
KEEPDBG accept 1 cc 6.19526831940655E-01 sumModel-2.09754969799282E+02 sumForcing 1.35033804591146E+02 sumM 4.87976777788240E-02 trend-4.35018804172221E-02 aero 0.00000000000000E+00 level 1.50742237309816E+03 k0-2.92149630321162E+04 init-1.68659874905608E+00 IR-5.08810700677921E-01 impC 2.99552092421912E-02 mP 5.51492872052613E-03 year-5.48601554518334E-06 sumLPAP 1.29809696191975E+00 harm
KEEPDBG accept 6 cc 6.20317692549034E-01 sumModel-2.09754877906856E+02 sumForcing 1.35713047434363E+02 sumM 4.87270420499246E-02 trend-4.35365417275151E-02 aero 0.00000000000000E+00 level 1.53503172074759E+03 k0-2.95640661473247E+04 init-1.66636437177031E+00 IR-5.08708359306436E-01 impC 2.98489760847551E-02 mP 5.51173080537332E-03 year-5.48601554518334E-06 sumLPAP 1.29809696191975E+00 harm
KEEPDBG accept 12 cc 6.19932066187432E-01 sumModel-2.09767742648551E+02 sumForcing 1.35856094890271E+02 sumM 4.86100935810138E-02 trend-4.38410675189814E-02 aero 0.00000000000000E+00 level 1.52592838285384E+03 k0-2.92488534099966E+04 init-1.69520433199406E+00 IR-5.08708359306436E-01 impC 3.01261821518988E-02 mP 5.51888472552970E-03 year-5.48601554518334E-06 sumLPAP 1.29809696191975E+00 harm
KEEPDBG accept 10 cc 6.20384270162257E-01 sumModel-2.09731812053836E+02 sumForcing 1.33363203464247E+02 sumM 4.85521060649076E-02 trend-4.29788840285458E-02 aero 0.00000000000000E+00 level 1.48506314546762E+03 k0-2.86621341703355E+04 init-1.64039760035379E+00 IR-5.08707869367963E-01 impC 3.01015603174620E-02 mP 5.51493749062978E-03 year-5.48601554518334E-06 sumLPAP 1.29809696191975E+00 harm
KEEPDBG accept 11 cc 6.20161050587457E-01 sumModel-2.10093613840128E+02 sumForcing 1.36265544960064E+02 sumM 4.86491809208223E-02 trend-4.38993779777974E-02 aero 0.00000000000000E+00 level 1.54498181036095E+03 k0-2.95259461725001E+04 init-1.67855467077211E+00 IR-5.08142328069023E-01 impC 3.00717832938322E-02 mP 5.53403490739270E-03 year-5.48601554518334E-06 sumLPAP 1.29809696191975E+00 harm
KEEPDBG accept 12 cc 6.19932068728062E-01 sumModel-2.09784519716680E+02 sumForcing 1.35856094890271E+02 sumM 4.86100935810138E-02 trend-4.38410675189814E-02 aero 0.00000000000000E+00 level 1.52592838285384E+03 k0-2.92488534099966E+04 init-1.69520433199406E+00 IR-5.08708359306436E-01 impC 3.00482350502385E-02 mP 5.51888472552970E-03 year-5.48601554518334E-06 sumLPAP 1.29809696191975E+00 harm
KEEPDBG accept 10 cc 6.20384271398958E-01 sumModel-2.09731795155435E+02 sumForcing 1.33363208147088E+02 sumM 4.85521060649076E-02 trend-4.29788919187369E-02 aero 0.00000000000000E+00 level 1.48505988873144E+03 k0-2.86621076012334E+04 init-1.64039760035379E+00 IR-5.08707869367963E-01 impC 3.01015603174620E-02 mP 5.51493749062978E-03 year-5.48601554518334E-06 sumLPAP 1.29809696191975E+00 harm
KEEPDBG accept 12 cc 6.20101422564875E-01 sumModel-2.09720982537118E+02 sumForcing 1.34342750153306E+02 sumM 4.86100935810138E-02 trend-4.31866791902521E-02 aero 0.00000000000000E+00 level 1.53284254284152E+03 k0-2.95472473528114E+04 init-1.69520433199406E+00 IR-5.08708359306436E-01 impC 3.00482350502385E-02 mP 5.51888472552970E-03 year-5.48601554518334E-06 sumLPAP 1.29809696191975E+00 harm
KEEPDBG accept 3 cc 6.20218412331316E-01 sumModel-2.09594698439230E+02 sumForcing 1.36154198047221E+02 sumM 4.87780340293144E-02 trend-4.31984896982786E-02 aero 0.00000000000000E+00 level 1.52848675477859E+03 k0-2.91740658007573E+04 init-1.69578693643821E+00 IR-5.08708359306436E-01 impC 3.01482521992154E-02 mP 5.47379387093372E-03 year-5.48601554518334E-06 sumLPAP 1.29809696191975E+00 harm
KEEPDBG accept 12 cc 6.20142694561793E-01 sumModel-2.09704403351036E+02 sumForcing 1.33369789367002E+02 sumM 4.86100935810138E-02 trend-4.27699659607214E-02 aero 0.00000000000000E+00 level 1.53650493506345E+03 k0-2.97294483102582E+04 init-1.69520433199406E+00 IR-5.08708359306436E-01 impC 3.00482350502385E-02 mP 5.51888472552970E-03 year-5.48601554518334E-06 sumLPAP 1.29809696191975E+00 harm
KEEPDBG accept 12 cc 6.20143260444848E-01 sumModel-2.09704555417283E+02 sumForcing 1.33368967712453E+02 sumM 4.86100935810138E-02 trend-4.27695347301485E-02 aero 0.00000000000000E+00 level 1.53648910377182E+03 k0-2.97294837255204E+04 init-1.69520433199406E+00 IR-5.08708359306436E-01 impC 3.00482350502385E-02 mP 5.51888472552970E-03 year-5.48601554518334E-06 sumLPAP 1.29809696191975E+00 harm
KEEPDBG accept 7 cc 6.19543178768420E-01 sumModel-2.10680337406612E+02 sumForcing 1.36387641650121E+02 sumM 4.92942600913355E-02 trend-4.39557488367675E-02 aero 0.00000000000000E+00 level 1.63480176418421E+03 k0-3.14006341038447E+04 init-1.68342953234993E+00 IR-5.07155863334556E-01 impC 2.95496228183193E-02 mP 5.55056263306713E-03 year-5.48601554518334E-06 sumLPAP 1.29809696191975E+00 harm
KEEPDBG accept 15 cc 6.19957958309422E-01 sumModel-2.10061120200052E+02 sumForcing 1.36283846055322E+02 sumM 4.87290984889593E-02 trend-4.34111573775749E-02 aero 0.00000000000000E+00 level 1.47358345756377E+03 k0-2.77085434755629E+04 init-1.64752735742905E+00 IR-5.08666647400495E-01 impC 3.01482429121769E-02 mP 5.56566247275853E-03 year-5.48601554518334E-06 sumLPAP 1.29809696191975E+00 harm
KEEPDBG accept 14 cc 6.19714372896862E-01 sumModel-2.09771901604430E+02 sumForcing 1.35930298690674E+02 sumM 4.80505104470847E-02 trend-4.37332056520880E-02 aero 0.00000000000000E+00 level 1.37194889629826E+03 k0-2.62907878733636E+04 init-1.69270906634986E+00 IR-5.08708045945701E-01 impC 3.01482429121769E-02 mP 5.51754218349594E-03 year-5.48601554518334E-06 sumLPAP 1.29809696191975E+00 harm
KEEPDBG accept 3 cc 6.20219828966435E-01 sumModel-2.09594253492001E+02 sumForcing 1.36151568301003E+02 sumM 4.87780340293144E-02 trend-4.31974725816896E-02 aero 0.00000000000000E+00 level 1.52840058507835E+03 k0-2.91733189440194E+04 init-1.69567553193784E+00 IR-5.08708359306436E-01 impC 3.01482521992154E-02 mP 5.47379387093372E-03 year-5.48601554518334E-06 sumLPAP 1.29809696191975E+00 harm
KEEPDBG accept 12 cc 6.20143286814923E-01 sumModel-2.09704593444931E+02 sumForcing 1.33368967712453E+02 sumM 4.86519060358002E-02 trend-4.27695447514901E-02 aero 0.00000000000000E+00 level 1.54559643690678E+03 k0-2.99154555591207E+04 init-1.69520433199406E+00 IR-5.08708359306436E-01 impC 3.00482350502385E-02 mP 5.51888472552970E-03 year-5.48601554518334E-06 sumLPAP 1.29809696191975E+00 harm
KEEPDBG accept 7 cc 6.19614745690894E-01 sumModel-2.10652728337694E+02 sumForcing 1.35949816322342E+02 sumM 4.92942600913355E-02 trend-4.38119812793977E-02 aero 0.00000000000000E+00 level 1.61758725657015E+03 k0-3.11800704538973E+04 init-1.66458222868536E+00 IR-5.07155863334556E-01 impC 2.95496228183193E-02 mP 5.55056263306713E-03 year-5.48601554518334E-06 sumLPAP 1.29809696191975E+00 harm
KEEPDBG accept 14 cc 6.19806260509635E-01 sumModel-2.09764126338682E+02 sumForcing 1.34839004541705E+02 sumM 4.80505104470847E-02 trend-4.33895798447727E-02 aero 0.00000000000000E+00 level 1.33642313131053E+03 k0-2.57879206439965E+04 init-1.64643901679218E+00 IR-5.08708045945701E-01 impC 3.01482429121769E-02 mP 5.51754218349594E-03 year-5.48601554518334E-06 sumLPAP 1.29809696191975E+00 harm
KEEPDBG accept 6 cc 6.20317838596774E-01 sumModel-2.09806648933883E+02 sumForcing 1.35713047434363E+02 sumM 4.87270420499246E-02 trend-4.35504339528719E-02 aero 0.00000000000000E+00 level 1.53544738843669E+03 k0-2.95672293153886E+04 init-1.66636437177031E+00 IR-5.08575338373775E-01 impC 2.98489760847551E-02 mP 5.51173080537332E-03 year-5.48601554518334E-06 sumLPAP 1.29809696191975E+00 harm
KEEPDBG accept 8 cc 6.19936546748949E-01 sumModel-2.09653671354700E+02 sumForcing 1.34385271185883E+02 sumM 4.88816236436857E-02 trend-4.35351933164341E-02 aero 0.00000000000000E+00 level 1.56657094586774E+03 k0-3.01368974266140E+04 init-1.66973091351963E+00 IR-5.09397459626811E-01 impC 3.01482429121769E-02 mP 5.51545090919402E-03 year-5.48601554518334E-06 sumLPAP 1.29809696191975E+00 harm
KEEPDBG accept 14 cc 6.19904138633841E-01 sumModel-2.09729947924851E+02 sumForcing 1.33895734522123E+02 sumM 4.80505104470847E-02 trend-4.29877742398034E-02 aero 0.00000000000000E+00 level 1.33973638644831E+03 k0-2.59429934698842E+04 init-1.64643901679218E+00 IR-5.08708045945701E-01 impC 3.01482429121769E-02 mP 5.51754218349594E-03 year-5.48601554518334E-06 sumLPAP 1.29809696191975E+00 harm
KEEPDBG accept 10 cc 6.20384291157676E-01 sumModel-2.09731842550891E+02 sumForcing 1.33363132708091E+02 sumM 4.85521060649076E-02 trend-4.29788991398418E-02 aero 0.00000000000000E+00 level 1.48506056668136E+03 k0-2.86621082709739E+04 init-1.64039760035379E+00 IR-5.08707869367963E-01 impC 3.01015603174620E-02 mP 5.51493749062978E-03 year-5.48601554518334E-06 sumLPAP 1.29809696191975E+00 harm
KEEPDBG accept 2 cc 6.20210967494860E-01 sumModel-2.09791135601802E+02 sumForcing 1.36122811076501E+02 sumM 4.87895564802151E-02 trend-4.37091446933656E-02 aero 0.00000000000000E+00 level 1.53488340409859E+03 k0-2.95441972875489E+04 init-1.66926281639688E+00 IR-5.08438225504306E-01 impC 3.00972566835200E-02 mP 5.50207706987038E-03 year-5.48601554518334E-06 sumLPAP 1.29809696191975E+00 harm
KEEPDBG accept 8 cc 6.19983397745378E-01 sumModel-2.09649855175451E+02 sumForcing 1.34120880052022E+02 sumM 4.88816236436857E-02 trend-4.34578849458740E-02 aero 0.00000000000000E+00 level 1.55749274777858E+03 k0-3.00099020828905E+04 init-1.65866325703871E+00 IR-5.09397459626811E-01 impC 3.01482429121769E-02 mP 5.51545090919402E-03 year-5.48601554518334E-06 sumLPAP 1.29809696191975E+00 harm
KEEPDBG accept 10 cc 6.20384291645895E-01 sumModel-2.09731827174807E+02 sumForcing 1.33363174614680E+02 sumM 4.85521060649076E-02 trend-4.29789047193255E-02 aero 0.00000000000000E+00 level 1.48506184801201E+03 k0-2.86621266282312E+04 init-1.64039760035379E+00 IR-5.08707869367963E-01 impC 3.01015603174620E-02 mP 5.51493749062978E-03 year-5.48601554518334E-06 sumLPAP 1.29809696191975E+00 harm
KEEPDBG accept 2 cc 6.20249921234161E-01 sumModel-2.09667531548495E+02 sumForcing 1.35751967143199E+02 sumM 4.87895564802151E-02 trend-4.36510231440315E-02 aero 0.00000000000000E+00 level 1.52503967999746E+03 k0-2.94940470419267E+04 init-1.66926281639688E+00 IR-5.08438225504306E-01 impC 3.00972566835200E-02 mP 5.47913749061938E-03 year-5.48601554518334E-06 sumLPAP 1.29809696191975E+00 harm
KEEPDBG accept 8 cc 6.19983450149732E-01 sumModel-2.09649953440457E+02 sumForcing 1.34120880052022E+02 sumM 4.85711243549534E-02 trend-4.34578983896139E-02 aero 0.00000000000000E+00 level 1.49052340877900E+03 k0-2.86475408705934E+04 init-1.65866325703871E+00 IR-5.09397459626811E-01 impC 3.01482429121769E-02 mP 5.51545090919402E-03 year-5.48601554518334E-06 sumLPAP 1.29809696191975E+00 harm
KEEPDBG accept 12 cc 6.20165361579229E-01 sumModel-2.09699657861916E+02 sumForcing 1.33290230638440E+02 sumM 4.86519060358002E-02 trend-4.27426821529276E-02 aero 0.00000000000000E+00 level 1.54286363742028E+03 k0-2.98826158431729E+04 init-1.69189989939196E+00 IR-5.08708359306436E-01 impC 3.00482350502385E-02 mP 5.51888472552970E-03 year-5.48601554518334E-06 sumLPAP 1.29809696191975E+00 harm
KEEPDBG accept 10 cc 6.20384311898749E-01 sumModel-2.09731839331342E+02 sumForcing 1.33362872639245E+02 sumM 4.85521060649076E-02 trend-4.29787760343466E-02 aero 0.00000000000000E+00 level 1.48506306214626E+03 k0-2.86621700645713E+04 init-1.64039760035379E+00 IR-5.08707869367963E-01 impC 3.01015603174620E-02 mP 5.51493749062978E-03 year-5.48601554518334E-06 sumLPAP 1.29809696191975E+00 harm
KEEPDBG accept 4 cc 6.19906715960559E-01 sumModel-2.09801247903366E+02 sumForcing 1.35251830233030E+02 sumM 4.86429160991926E-02 trend-4.38024565170863E-02 aero 0.00000000000000E+00 level 1.52259912126826E+03 k0-2.93131875335790E+04 init-1.68957928696174E+00 IR-5.08708359306436E-01 impC 3.00369958819266E-02 mP 5.50819183455398E-03 year-5.48601554518334E-06 sumLPAP 1.29809696191975E+00 harm
KEEPDBG accept 11 cc 6.20161420174091E-01 sumModel-2.10093651824799E+02 sumForcing 1.36264659833628E+02 sumM 4.86491809208223E-02 trend-4.38987644120757E-02 aero 0.00000000000000E+00 level 1.54496676401406E+03 k0-2.95260855225877E+04 init-1.67855467077211E+00 IR-5.08142328069023E-01 impC 3.00717832938322E-02 mP 5.53403490739270E-03 year-5.48601554518334E-06 sumLPAP 1.29809696191975E+00 harm
KEEPDBG accept 12 cc 6.20174003728083E-01 sumModel-2.09767555133981E+02 sumForcing 1.33588789699534E+02 sumM 4.86519060358002E-02 trend-4.27979554947576E-02 aero 0.00000000000000E+00 level 1.55081299998304E+03 k0-2.99393735238195E+04 init-1.69189989939196E+00 IR-5.08708359306436E-01 impC 3.00482350502385E-02 mP 5.51888472552970E-03 year-5.48601554518334E-06 sumLPAP 1.29809696191975E+00 harm
KEEPDBG accept 13 cc 6.20135936913320E-01 sumModel-2.10241664880910E+02 sumForcing 1.35816427509250E+02 sumM 4.85840293744421E-02 trend-4.39424909475391E-02 aero 0.00000000000000E+00 level 1.53544726440207E+03 k0-2.94869412437337E+04 init-1.68384284642706E+00 IR-5.07394756338786E-01 impC 2.99334398399065E-02 mP 5.51048561891826E-03 year-5.48601554518334E-06 sumLPAP 1.29809696191975E+00 harm
KEEPDBG accept 15 cc 6.20299821452991E-01 sumModel-2.10036282128783E+02 sumForcing 1.37242585716596E+02 sumM 4.87290984889593E-02 trend-4.34204901180537E-02 aero 0.00000000000000E+00 level 1.51739749141254E+03 k0-2.83172057221975E+04 init-1.64752735742905E+00 IR-5.08666647400495E-01 impC 3.01482429121769E-02 mP 5.56566247275853E-03 year-5.48601554518334E-06 sumLPAP 1.29809696191975E+00 harm
KEEPDBG accept 7 cc 6.19614749442411E-01 sumModel-2.10521036477047E+02 sumForcing 1.35949816322342E+02 sumM 4.92942600913355E-02 trend-4.38119812793977E-02 aero 0.00000000000000E+00 level 1.61758725657015E+03 k0-3.11800704538973E+04 init-1.66458222868536E+00 IR-5.07155863334556E-01 impC 3.01620971431904E-02 mP 5.55056263306713E-03 year-5.48601554518334E-06 sumLPAP 1.29809696191975E+00 harm
KEEPDBG accept 3 cc 6.20224754692462E-01 sumModel-2.09593048804197E+02 sumForcing 1.36152916244165E+02 sumM 4.87780340293144E-02 trend-4.31983154569028E-02 aero 0.00000000000000E+00 level 1.52794259291743E+03 k0-2.91674541688403E+04 init-1.69567553193784E+00 IR-5.08708359306436E-01 impC 3.01482521992154E-02 mP 5.47379387093372E-03 year-5.48601554518334E-06 sumLPAP 1.29809696191975E+00 harm
KEEPDBG accept 14 cc 6.19904147319842E-01 sumModel-2.09596733405112E+02 sumForcing 1.33895734522123E+02 sumM 4.80505104470847E-02 trend-4.29877742398034E-02 aero 0.00000000000000E+00 level 1.33973638644831E+03 k0-2.59429934698842E+04 init-1.64643901679218E+00 IR-5.08708045945701E-01 impC 3.07671643935204E-02 mP 5.51754218349594E-03 year-5.48601554518334E-06 sumLPAP 1.29809696191975E+00 harm
KEEPDBG accept 14 cc 6.19941624878791E-01 sumModel-2.09587069833744E+02 sumForcing 1.31444045057870E+02 sumM 4.80505104470847E-02 trend-4.19594345974158E-02 aero 0.00000000000000E+00 level 1.34613122259083E+03 k0-2.63174862097697E+04 init-1.64643901679218E+00 IR-5.08708045945701E-01 impC 3.07671643935204E-02 mP 5.51754218349594E-03 year-5.48601554518334E-06 sumLPAP 1.29809696191975E+00 harm
KEEPDBG accept 4 cc 6.19906750687262E-01 sumModel-2.09801218397897E+02 sumForcing 1.35251686928437E+02 sumM 4.86429160991926E-02 trend-4.38023463558328E-02 aero 0.00000000000000E+00 level 1.52259726564273E+03 k0-2.93132633884832E+04 init-1.68957928696174E+00 IR-5.08708359306436E-01 impC 3.00369958819266E-02 mP 5.50819183455398E-03 year-5.48601554518334E-06 sumLPAP 1.29809696191975E+00 harm
KEEPDBG accept 2 cc 6.20249923875791E-01 sumModel-2.09680350188928E+02 sumForcing 1.35751967143199E+02 sumM 4.87895564802151E-02 trend-4.36510231440315E-02 aero 0.00000000000000E+00 level 1.52503967999746E+03 k0-2.94940470419267E+04 init-1.66926281639688E+00 IR-5.08438225504306E-01 impC 3.00376900200247E-02 mP 5.47913749061938E-03 year-5.48601554518334E-06 sumLPAP 1.29809696191975E+00 harm
KEEPDBG accept 11 cc 6.20196796804607E-01 sumModel-2.10023710154647E+02 sumForcing 1.36076516380153E+02 sumM 4.86491809208223E-02 trend-4.38700227372543E-02 aero 0.00000000000000E+00 level 1.54014039854436E+03 k0-2.95086248990114E+04 init-1.67855467077211E+00 IR-5.08142328069023E-01 impC 3.00717832938322E-02 mP 5.52241810649460E-03 year-5.48601554518334E-06 sumLPAP 1.29809696191975E+00 harm
KEEPDBG accept 15 cc 6.20323521625027E-01 sumModel-2.10032654694308E+02 sumForcing 1.37245112675863E+02 sumM 4.87290984889593E-02 trend-4.34262512609182E-02 aero 0.00000000000000E+00 level 1.51559647138321E+03 k0-2.82941291890904E+04 init-1.64752735742905E+00 IR-5.08666647400495E-01 impC 3.01482429121769E-02 mP 5.56566247275853E-03 year-5.48601554518334E-06 sumLPAP 1.29809696191975E+00 harm
KEEPDBG accept 14 cc 6.19941625052548E-01 sumModel-2.09587072306543E+02 sumForcing 1.31444045057870E+02 sumM 4.81719807889979E-02 trend-4.19594372110468E-02 aero 0.00000000000000E+00 level 1.36817741295540E+03 k0-2.67755025562111E+04 init-1.64643901679218E+00 IR-5.08708045945701E-01 impC 3.07671643935204E-02 mP 5.51754218349594E-03 year-5.48601554518334E-06 sumLPAP 1.29809696191975E+00 harm
KEEPDBG accept 13 cc 6.20140536063421E-01 sumModel-2.10228946626702E+02 sumForcing 1.35775152177853E+02 sumM 4.85840293744421E-02 trend-4.39345236055083E-02 aero 0.00000000000000E+00 level 1.53442437755687E+03 k0-2.94814498365029E+04 init-1.68384284642706E+00 IR-5.07394756338786E-01 impC 2.99334398399065E-02 mP 5.51048561891826E-03 year-5.48601554518334E-06 sumLPAP 1.29809696191975E+00 harm
KEEPDBG accept 3 cc 6.20252051105002E-01 sumModel-2.09583921498757E+02 sumForcing 1.36101045062224E+02 sumM 4.87780340293144E-02 trend-4.31782826583896E-02 aero 0.00000000000000E+00 level 1.52624317178844E+03 k0-2.91527170781905E+04 init-1.69348071869239E+00 IR-5.08708359306436E-01 impC 3.01482521992154E-02 mP 5.47379387093372E-03 year-5.48601554518334E-06 sumLPAP 1.29809696191975E+00 harm
KEEPDBG accept 13 cc 6.20158928944988E-01 sumModel-2.10177805533166E+02 sumForcing 1.35620684134472E+02 sumM 4.85840293744421E-02 trend-4.39113994142288E-02 aero 0.00000000000000E+00 level 1.53041312191195E+03 k0-2.94611382236140E+04 init-1.68384284642706E+00 IR-5.07394756338786E-01 impC 2.99334398399065E-02 mP 5.50092519849736E-03 year-5.48601554518334E-06 sumLPAP 1.29809696191975E+00 harm
KEEPDBG accept 11 cc 6.20212059994279E-01 sumModel-2.10078977795044E+02 sumForcing 1.35151590899539E+02 sumM 4.85606680186981E-02 trend-4.37731192260519E-02 aero 0.00000000000000E+00 level 1.55310570600556E+03 k0-2.96198224538587E+04 init-1.67855467077211E+00 IR-5.08142328069023E-01 impC 3.00717832938322E-02 mP 5.52241810649460E-03 year-5.48601554518334E-06 sumLPAP 1.29809696191975E+00 harm
KEEPDBG accept 1 cc 6.19557948660476E-01 sumModel-2.09820069265814E+02 sumForcing 1.35286046949664E+02 sumM 4.87976777788240E-02 trend-4.35348644552538E-02 aero 0.00000000000000E+00 level 1.51479913116040E+03 k0-2.92769651782487E+04 init-1.68659874905608E+00 IR-5.08810700677921E-01 impC 2.99552092421912E-02 mP 5.53065663671420E-03 year-5.48601554518334E-06 sumLPAP 1.29809696191975E+00 harm
KEEPDBG accept 12 cc 6.20174109845254E-01 sumModel-2.09767539929399E+02 sumForcing 1.33588592772138E+02 sumM 4.86519060358002E-02 trend-4.27978427661257E-02 aero 0.00000000000000E+00 level 1.55081055419492E+03 k0-2.99394518158275E+04 init-1.69189989939196E+00 IR-5.08708359306436E-01 impC 3.00482350502385E-02 mP 5.51888472552970E-03 year-5.48601554518334E-06 sumLPAP 1.29809696191975E+00 harm
KEEPDBG accept 6 cc 6.20318221860792E-01 sumModel-2.09806841725898E+02 sumForcing 1.36235523505331E+02 sumM 4.87270420499246E-02 trend-4.35498820587175E-02 aero 0.00000000000000E+00 level 1.52428639217458E+03 k0-2.92277335549611E+04 init-1.66636437177031E+00 IR-5.08575338373775E-01 impC 2.98489760847551E-02 mP 5.51173080537332E-03 year-5.48601554518334E-06 sumLPAP 1.29809696191975E+00 harm
KEEPDBG accept 14 cc 6.19941662331269E-01 sumModel-2.09587158142354E+02 sumForcing 1.31444045057870E+02 sumM 4.86954940150632E-02 trend-4.19594648711769E-02 aero 0.00000000000000E+00 level 1.47010139377674E+03 k0-2.88929449674684E+04 init-1.64643901679218E+00 IR-5.08708045945701E-01 impC 3.07671643935204E-02 mP 5.51754218349594E-03 year-5.48601554518334E-06 sumLPAP 1.29809696191975E+00 harm
KEEPDBG accept 3 cc 6.20301273094234E-01 sumModel-2.09568034132810E+02 sumForcing 1.36004217281921E+02 sumM 4.87780340293144E-02 trend-4.31412087666105E-02 aero 0.00000000000000E+00 level 1.52305279649360E+03 k0-2.91238624164714E+04 init-1.68939376064934E+00 IR-5.08708359306436E-01 impC 3.01482521992154E-02 mP 5.47379387093372E-03 year-5.48601554518334E-06 sumLPAP 1.29809696191975E+00 harm
KEEPDBG accept 13 cc 6.20161426590678E-01 sumModel-2.10168700257033E+02 sumForcing 1.35588232148574E+02 sumM 4.85840293744421E-02 trend-4.39052683579733E-02 aero 0.00000000000000E+00 level 1.52960218642750E+03 k0-2.94559533396451E+04 init-1.68384284642706E+00 IR-5.07394756338786E-01 impC 2.99334398399065E-02 mP 5.50092519849736E-03 year-5.48601554518334E-06 sumLPAP 1.29809696191975E+00 harm
KEEPDBG accept 13 cc 6.20247480472246E-01 sumModel-2.10164620868503E+02 sumForcing 1.35652740844865E+02 sumM 4.85840293744421E-02 trend-4.39664275865400E-02 aero 0.00000000000000E+00 level 1.50188104891848E+03 k0-2.90446769069034E+04 init-1.68384284642706E+00 IR-5.07394756338786E-01 impC 2.99334398399065E-02 mP 5.50092519849736E-03 year-5.48601554518334E-06 sumLPAP 1.29809696191975E+00 harm
KEEPDBG accept 7 cc 6.19616925996464E-01 sumModel-2.09277256502282E+02 sumForcing 1.35949816322342E+02 sumM 4.92942600913355E-02 trend-4.34781244709096E-02 aero 0.00000000000000E+00 level 1.60699488389813E+03 k0-3.10997636785329E+04 init-1.66458222868536E+00 IR-5.10350187884787E-01 impC 3.01620971431904E-02 mP 5.55056263306713E-03 year-5.48601554518334E-06 sumLPAP 1.29809696191975E+00 harm
KEEPDBG accept 12 cc 6.20214708830480E-01 sumModel-2.09762945178587E+02 sumForcing 1.33597066179699E+02 sumM 4.86519060358002E-02 trend-4.28093359868233E-02 aero 0.00000000000000E+00 level 1.54639368061108E+03 k0-2.98758983414689E+04 init-1.69189989939196E+00 IR-5.08708359306436E-01 impC 3.00482350502385E-02 mP 5.51888472552970E-03 year-5.48601554518334E-06 sumLPAP 1.29809696191975E+00 harm
KEEPDBG accept 16 cc 6.20173913982060E-01 sumModel-2.11079553479131E+02 sumForcing 1.35245058516592E+02 sumM 4.85869096165905E-02 trend-4.37063690243853E-02 aero 0.00000000000000E+00 level 1.58667135986166E+03 k0-3.01869257705592E+04 init-1.69550013754683E+00 IR-5.05430780312495E-01 impC 3.01444731528615E-02 mP 5.50883052784413E-03 year-5.48601554518334E-06 sumLPAP 1.29809696191975E+00 harm
KEEPDBG accept 12 cc 6.20371550800633E-01 sumModel-2.09757305421347E+02 sumForcing 1.33636540845761E+02 sumM 4.86519060358002E-02 trend-4.28731189949108E-02 aero 0.00000000000000E+00 level 1.52086194314043E+03 k0-2.94895731580886E+04 init-1.69189989939196E+00 IR-5.08708359306436E-01 impC 3.00482350502385E-02 mP 5.51888472552970E-03 year-5.48601554518334E-06 sumLPAP 1.29809696191975E+00 harm
KEEPDBG accept 16 cc 6.20173948791292E-01 sumModel-2.11079617595700E+02 sumForcing 1.35245058516592E+02 sumM 4.85266318454973E-02 trend-4.37063771974767E-02 aero 0.00000000000000E+00 level 1.57326330845895E+03 k0-2.99177684160648E+04 init-1.69550013754683E+00 IR-5.05430780312495E-01 impC 3.01444731528615E-02 mP 5.50883052784413E-03 year-5.48601554518334E-06 sumLPAP 1.29809696191975E+00 harm
KEEPDBG accept 6 cc 6.20318359226272E-01 sumModel-2.09806874148799E+02 sumForcing 1.36235158692916E+02 sumM 4.87270420499246E-02 trend-4.35496362443500E-02 aero 0.00000000000000E+00 level 1.52427981223906E+03 k0-2.92277714677424E+04 init-1.66636437177031E+00 IR-5.08575338373775E-01 impC 2.98489760847551E-02 mP 5.51173080537332E-03 year-5.48601554518334E-06 sumLPAP 1.29809696191975E+00 harm
KEEPDBG accept 7 cc 6.19682532097801E-01 sumModel-2.09247598898934E+02 sumForcing 1.35471043316927E+02 sumM 4.92942600913355E-02 trend-4.32730148968577E-02 aero 0.00000000000000E+00 level 1.60938698180849E+03 k0-3.11994460647213E+04 init-1.66458222868536E+00 IR-5.10350187884787E-01 impC 3.01620971431904E-02 mP 5.55056263306713E-03 year-5.48601554518334E-06 sumLPAP 1.29809696191975E+00 harm
KEEPDBG accept 1 cc 6.19557950443810E-01 sumModel-2.09886173295257E+02 sumForcing 1.35286046949664E+02 sumM 4.87976777788240E-02 trend-4.35348644552538E-02 aero 0.00000000000000E+00 level 1.51479913116040E+03 k0-2.92769651782487E+04 init-1.68659874905608E+00 IR-5.08810700677921E-01 impC 2.96481073344364E-02 mP 5.53065663671420E-03 year-5.48601554518334E-06 sumLPAP 1.29809696191975E+00 harm
KEEPDBG accept 5 cc 6.19761264640867E-01 sumModel-2.06589211486152E+02 sumForcing 1.37329991516914E+02 sumM 4.90822207323863E-02 trend-4.26828688488318E-02 aero 0.00000000000000E+00 level 1.49629039312463E+03 k0-2.86711062845783E+04 init-1.67034293390093E+00 IR-5.17443371775408E-01 impC 2.95997033286442E-02 mP 5.51699234124754E-03 year-5.48601554518334E-06 sumLPAP 1.29809696191975E+00 harm
KEEPDBG accept 13 cc 6.20310254599367E-01 sumModel-2.10171874120547E+02 sumForcing 1.35420206038116E+02 sumM 4.85627126120228E-02 trend-4.39476990245219E-02 aero 0.00000000000000E+00 level 1.50564956153635E+03 k0-2.90871967221080E+04 init-1.68384284642706E+00 IR-5.07394756338786E-01 impC 2.99334398399065E-02 mP 5.50092519849736E-03 year-5.48601554518334E-06 sumLPAP 1.29809696191975E+00 harm
KEEPDBG accept 3 cc 6.20301938664056E-01 sumModel-2.09758466620156E+02 sumForcing 1.36004217281921E+02 sumM 4.87780340293144E-02 trend-4.31921044989427E-02 aero 0.00000000000000E+00 level 1.52454440971881E+03 k0-2.91349829986009E+04 init-1.68939376064934E+00 IR-5.08219186433838E-01 impC 3.01482521992154E-02 mP 5.47379387093372E-03 year-5.48601554518334E-06 sumLPAP 1.29809696191975E+00 harm
KEEPDBG accept 16 cc 6.20175077401023E-01 sumModel-2.11079812571373E+02 sumForcing 1.35243391241921E+02 sumM 4.85266318454973E-02 trend-4.37055035974293E-02 aero 0.00000000000000E+00 level 1.57324199943548E+03 k0-2.99180744595526E+04 init-1.69550013754683E+00 IR-5.05430780312495E-01 impC 3.01444731528615E-02 mP 5.50883052784413E-03 year-5.48601554518334E-06 sumLPAP 1.29809696191975E+00 harm
KEEPDBG accept 6 cc 6.20327137745290E-01 sumModel-2.09887943529167E+02 sumForcing 1.36667837353650E+02 sumM 4.87270420499246E-02 trend-4.35982930354666E-02 aero 0.00000000000000E+00 level 1.54489563144321E+03 k0-2.94280223024748E+04 init-1.66636437177031E+00 IR-5.08575338373775E-01 impC 2.98489760847551E-02 mP 5.51173080537332E-03 year-5.48601554518334E-06 sumLPAP 1.29809696191975E+00 harm
KEEPDBG accept 7 cc 6.19696865230320E-01 sumModel-2.09277445977336E+02 sumForcing 1.35592602853166E+02 sumM 4.92942600913355E-02 trend-4.32941204102504E-02 aero 0.00000000000000E+00 level 1.61308395339059E+03 k0-3.12316213000811E+04 init-1.66458222868536E+00 IR-5.10350187884787E-01 impC 3.01620971431904E-02 mP 5.55056263306713E-03 year-5.48601554518334E-06 sumLPAP 1.29809696191975E+00 harm
KEEPDBG accept 14 cc 6.19959812953602E-01 sumModel-2.09652579223489E+02 sumForcing 1.30618911485343E+02 sumM 4.86173216849334E-02 trend-4.18798927132883E-02 aero 0.00000000000000E+00 level 1.48451297043436E+03 k0-2.90485561321924E+04 init-1.64643901679218E+00 IR-5.08708045945701E-01 impC 3.07671643935204E-02 mP 5.51754218349594E-03 year-5.48601554518334E-06 sumLPAP 1.29809696191975E+00 harm
KEEPDBG accept 12 cc 6.20371649685052E-01 sumModel-2.09757624623761E+02 sumForcing 1.33638413722302E+02 sumM 4.86519060358002E-02 trend-4.28733505724683E-02 aero 0.00000000000000E+00 level 1.52091691279200E+03 k0-2.94901262713631E+04 init-1.69189989939196E+00 IR-5.08708359306436E-01 impC 3.00482350502385E-02 mP 5.51899863455987E-03 year-5.48601554518334E-06 sumLPAP 1.29809696191975E+00 harm
KEEPDBG accept 10 cc 6.20384316865518E-01 sumModel-2.09731885845181E+02 sumForcing 1.33362872639245E+02 sumM 4.85520993318287E-02 trend-4.29787790903666E-02 aero 0.00000000000000E+00 level 1.48506103936400E+03 k0-2.86621175770155E+04 init-1.64039760035379E+00 IR-5.08707869367963E-01 impC 3.01015603174620E-02 mP 5.51493749062978E-03 year-5.48601554518334E-06 sumLPAP 1.29809696191975E+00 harm
KEEPDBG accept 13 cc 6.20321788614726E-01 sumModel-2.10178399385145E+02 sumForcing 1.35435993487096E+02 sumM 4.85627126120228E-02 trend-4.39679612665227E-02 aero 0.00000000000000E+00 level 1.49652119180156E+03 k0-2.89445334127485E+04 init-1.68384284642706E+00 IR-5.07394756338786E-01 impC 2.99334398399065E-02 mP 5.50092519849736E-03 year-5.48601554518334E-06 sumLPAP 1.29809696191975E+00 harm
KEEPDBG accept 5 cc 6.19761270791647E-01 sumModel-2.06521299773945E+02 sumForcing 1.37329991516914E+02 sumM 4.90822207323863E-02 trend-4.26828688488318E-02 aero 0.00000000000000E+00 level 1.49629039312463E+03 k0-2.86711062845783E+04 init-1.67034293390093E+00 IR-5.17443371775408E-01 impC 2.99134166798801E-02 mP 5.51699234124754E-03 year-5.48601554518334E-06 sumLPAP 1.29809696191975E+00 harm
KEEPDBG accept 15 cc 6.20690576575661E-01 sumModel-2.10026398679166E+02 sumForcing 1.37279048987429E+02 sumM 4.87290984889593E-02 trend-4.36007107815796E-02 aero 0.00000000000000E+00 level 1.45491697865555E+03 k0-2.74147933592350E+04 init-1.64752735742905E+00 IR-5.08666647400495E-01 impC 3.01482429121769E-02 mP 5.56566247275853E-03 year-5.48601554518334E-06 sumLPAP 1.29809696191975E+00 harm
KEEPDBG accept 14 cc 6.20176796715213E-01 sumModel-2.09787916856343E+02 sumForcing 1.31575064975187E+02 sumM 4.86173216849334E-02 trend-4.19863515525909E-02 aero 0.00000000000000E+00 level 1.51141233007802E+03 k0-2.93125550169521E+04 init-1.64643901679218E+00 IR-5.08708045945701E-01 impC 3.07671643935204E-02 mP 5.57494700060199E-03 year-5.48601554518334E-06 sumLPAP 1.29809696191975E+00 harm
KEEPDBG accept 6 cc 6.20399658328896E-01 sumModel-2.09774385124647E+02 sumForcing 1.36377275982689E+02 sumM 4.87270420499246E-02 trend-4.35490366366752E-02 aero 0.00000000000000E+00 level 1.53771503329225E+03 k0-2.94142593046691E+04 init-1.66636437177031E+00 IR-5.08575338373775E-01 impC 2.98489760847551E-02 mP 5.49393579172105E-03 year-5.48601554518334E-06 sumLPAP 1.29809696191975E+00 harm
KEEPDBG accept 10 cc 6.20384408160318E-01 sumModel-2.09731673726531E+02 sumForcing 1.33357866528085E+02 sumM 4.85520993318287E-02 trend-4.29765744403490E-02 aero 0.00000000000000E+00 level 1.48508171298234E+03 k0-2.86631418203462E+04 init-1.64039760035379E+00 IR-5.08707869367963E-01 impC 3.01015603174620E-02 mP 5.51493749062978E-03 year-5.48601554518334E-06 sumLPAP 1.29809696191975E+00 harm
KEEPDBG accept 6 cc 6.20400406580286E-01 sumModel-2.09774638690356E+02 sumForcing 1.36375804598070E+02 sumM 4.87270420499246E-02 trend-4.35481180804163E-02 aero 0.00000000000000E+00 level 1.53768919115318E+03 k0-2.94143173825737E+04 init-1.66636437177031E+00 IR-5.08575338373775E-01 impC 2.98489760847551E-02 mP 5.49393579172105E-03 year-5.48601554518334E-06 sumLPAP 1.29809696191975E+00 harm
KEEPDBG accept 10 cc 6.20384408272541E-01 sumModel-2.09731693531248E+02 sumForcing 1.33358013490215E+02 sumM 4.85520993318287E-02 trend-4.29766236352254E-02 aero 0.00000000000000E+00 level 1.48508549643528E+03 k0-2.86631648152576E+04 init-1.64040355280649E+00 IR-5.08707869367963E-01 impC 3.01015603174620E-02 mP 5.51493749062978E-03 year-5.48601554518334E-06 sumLPAP 1.29809696191975E+00 harm
KEEPDBG accept 16 cc 6.20184704985138E-01 sumModel-2.11077530286939E+02 sumForcing 1.35177695684582E+02 sumM 4.85266318454973E-02 trend-4.36775634261396E-02 aero 0.00000000000000E+00 level 1.57355389307376E+03 k0-2.99318489813028E+04 init-1.69550013754683E+00 IR-5.05430780312495E-01 impC 3.01444731528615E-02 mP 5.50883052784413E-03 year-5.48601554518334E-06 sumLPAP 1.29809696191975E+00 harm
KEEPDBG accept 4 cc 6.20015657597051E-01 sumModel-2.09784086679677E+02 sumForcing 1.34718814065263E+02 sumM 4.86429160991926E-02 trend-4.36352872944442E-02 aero 0.00000000000000E+00 level 1.50427937632147E+03 k0-2.90659813340998E+04 init-1.66697932083822E+00 IR-5.08708359306436E-01 impC 3.00369958819266E-02 mP 5.50819183455398E-03 year-5.48601554518334E-06 sumLPAP 1.29809696191975E+00 harm
KEEPDBG accept 10 cc 6.20384504617813E-01 sumModel-2.09731827211174E+02 sumForcing 1.33358504081560E+02 sumM 4.85520993318287E-02 trend-4.29766910441441E-02 aero 0.00000000000000E+00 level 1.48509655961050E+03 k0-2.86631900855596E+04 init-1.64040355280649E+00 IR-5.08707869367963E-01 impC 3.01015603174620E-02 mP 5.51496728848835E-03 year-5.48601554518334E-06 sumLPAP 1.29809696191975E+00 harm
KEEPDBG accept 6 cc 6.20401104266396E-01 sumModel-2.09773515002055E+02 sumForcing 1.36372440292289E+02 sumM 4.87270420499246E-02 trend-4.35474169480350E-02 aero 0.00000000000000E+00 level 1.53760845270725E+03 k0-2.94140283250808E+04 init-1.66636437177031E+00 IR-5.08575338373775E-01 impC 2.98489760847551E-02 mP 5.49393579172105E-03 year-5.48601554518334E-06 sumLPAP 1.29809696191975E+00 harm
KEEPDBG accept 8 cc 6.19989515752924E-01 sumModel-2.09650428295749E+02 sumForcing 1.34111414348127E+02 sumM 4.85711243549534E-02 trend-4.34513917561764E-02 aero 0.00000000000000E+00 level 1.49030542491375E+03 k0-2.86478565842195E+04 init-1.65866325703871E+00 IR-5.09397459626811E-01 impC 3.01482429121769E-02 mP 5.51545090919402E-03 year-5.48601554518334E-06 sumLPAP 1.29809696191975E+00 harm
KEEPDBG accept 12 cc 6.20401158129655E-01 sumModel-2.09765935779543E+02 sumForcing 1.33650560600929E+02 sumM 4.86519060358002E-02 trend-4.28994939214618E-02 aero 0.00000000000000E+00 level 1.51006050229968E+03 k0-2.93160050748889E+04 init-1.69189989939196E+00 IR-5.08708359306436E-01 impC 3.00482350502385E-02 mP 5.51899863455987E-03 year-5.48601554518334E-06 sumLPAP 1.29809696191975E+00 harm
KEEPDBG accept 12 cc 6.20411022656657E-01 sumModel-2.09786351459692E+02 sumForcing 1.33746916631465E+02 sumM 4.86519060358002E-02 trend-4.29120031999771E-02 aero 0.00000000000000E+00 level 1.51275064631568E+03 k0-2.93393104733432E+04 init-1.69189989939196E+00 IR-5.08708359306436E-01 impC 3.00482350502385E-02 mP 5.52485944481255E-03 year-5.48601554518334E-06 sumLPAP 1.29809696191975E+00 harm
KEEPDBG accept 11 cc 6.20275239136584E-01 sumModel-2.09964037511134E+02 sumForcing 1.34760188282029E+02 sumM 4.85606680186981E-02 trend-4.37034685972010E-02 aero 0.00000000000000E+00 level 1.54395151379346E+03 k0-2.95734237095320E+04 init-1.67855467077211E+00 IR-5.08142328069023E-01 impC 3.00717832938322E-02 mP 5.52241810649460E-03 year-5.48601554518334E-06 sumLPAP 1.29809696191975E+00 harm
KEEPDBG accept 7 cc 6.19697947416832E-01 sumModel-2.09278268773618E+02 sumForcing 1.35586738787603E+02 sumM 4.92942600913355E-02 trend-4.32899313064787E-02 aero 0.00000000000000E+00 level 1.61290928294257E+03 k0-3.12309241256786E+04 init-1.66458222868536E+00 IR-5.10350187884787E-01 impC 3.01620971431904E-02 mP 5.55056263306713E-03 year-5.48601554518334E-06 sumLPAP 1.29809696191975E+00 harm
KEEPDBG accept 11 cc 6.20275908695468E-01 sumModel-2.09964070985755E+02 sumForcing 1.35228660767957E+02 sumM 4.85606680186981E-02 trend-4.37029607566204E-02 aero 0.00000000000000E+00 level 1.53381349502314E+03 k0-2.92667200668826E+04 init-1.67855467077211E+00 IR-5.08142328069023E-01 impC 3.00717832938322E-02 mP 5.52241810649460E-03 year-5.48601554518334E-06 sumLPAP 1.29809696191975E+00 harm
KEEPDBG accept 9 cc 6.19772309352798E-01 sumModel-2.10119727122322E+02 sumForcing 1.38235096165030E+02 sumM 4.93174413089305E-02 trend-4.39058657915754E-02 aero 0.00000000000000E+00 level 1.59040418652452E+03 k0-3.02427233108024E+04 init-1.69128722231699E+00 IR-5.07990157849880E-01 impC 2.98765293552593E-02 mP 5.51747929730678E-03 year-5.48601554518334E-06 sumLPAP 1.29809696191975E+00 harm
KEEPDBG accept 1 cc 6.19560716303553E-01 sumModel-2.09885480882545E+02 sumForcing 1.35266705131535E+02 sumM 4.87976777788240E-02 trend-4.35285018943988E-02 aero 0.00000000000000E+00 level 1.51407824863212E+03 k0-2.92673163335913E+04 init-1.68576072977777E+00 IR-5.08810700677921E-01 impC 2.96481073344364E-02 mP 5.53065663671420E-03 year-5.48601554518334E-06 sumLPAP 1.29809696191975E+00 harm
KEEPDBG accept 16 cc 6.20184707232235E-01 sumModel-2.11077506646142E+02 sumForcing 1.35177695684582E+02 sumM 4.79578915655831E-02 trend-4.36775535251657E-02 aero 0.00000000000000E+00 level 1.45539767290972E+03 k0-2.75597858668037E+04 init-1.69550013754683E+00 IR-5.05430780312495E-01 impC 3.01444731528615E-02 mP 5.50883052784413E-03 year-5.48601554518334E-06 sumLPAP 1.29809696191975E+00 harm
KEEPDBG accept 3 cc 6.20331091492384E-01 sumModel-2.09748941288216E+02 sumForcing 1.35944006135055E+02 sumM 4.87780340293144E-02 trend-4.31691939259436E-02 aero 0.00000000000000E+00 level 1.52255955572962E+03 k0-2.91166967797678E+04 init-1.68685891955418E+00 IR-5.08219186433838E-01 impC 3.01482521992154E-02 mP 5.47379387093372E-03 year-5.48601554518334E-06 sumLPAP 1.29809696191975E+00 harm
KEEPDBG accept 10 cc 6.20384527240185E-01 sumModel-2.09731851545617E+02 sumForcing 1.33358495530538E+02 sumM 4.85520993318287E-02 trend-4.29766925867352E-02 aero 0.00000000000000E+00 level 1.48509508279222E+03 k0-2.86631384832337E+04 init-1.64040355280649E+00 IR-5.08707869367963E-01 impC 3.01015603174620E-02 mP 5.51496728848835E-03 year-5.48601554518334E-06 sumLPAP 1.29809696191975E+00 harm
KEEPDBG accept 6 cc 6.20441790362772E-01 sumModel-2.09701055262042E+02 sumForcing 1.36173024453317E+02 sumM 4.87270420499246E-02 trend-4.35142645061856E-02 aero 0.00000000000000E+00 level 1.53261425398530E+03 k0-2.93988157522940E+04 init-1.66636437177031E+00 IR-5.08575338373775E-01 impC 2.98489760847551E-02 mP 5.48172134693466E-03 year-5.48601554518334E-06 sumLPAP 1.29809696191975E+00 harm
KEEPDBG accept 1 cc 6.19561099136638E-01 sumModel-2.09885709649383E+02 sumForcing 1.35264347543591E+02 sumM 4.87976777788240E-02 trend-4.35268206647918E-02 aero 0.00000000000000E+00 level 1.51401518422115E+03 k0-2.92672033447406E+04 init-1.68576072977777E+00 IR-5.08810700677921E-01 impC 2.96481073344364E-02 mP 5.53065663671420E-03 year-5.48601554518334E-06 sumLPAP 1.29809696191975E+00 harm
KEEPDBG accept 8 cc 6.20005352931603E-01 sumModel-2.09706492909005E+02 sumForcing 1.33030365255307E+02 sumM 4.85711243549534E-02 trend-4.31659028255738E-02 aero 0.00000000000000E+00 level 1.45522086712458E+03 k0-2.80900048021386E+04 init-1.61437534577772E+00 IR-5.09397459626811E-01 impC 3.01482429121769E-02 mP 5.51545090919402E-03 year-5.48601554518334E-06 sumLPAP 1.29809696191975E+00 harm
KEEPDBG accept 4 cc 6.20016075819709E-01 sumModel-2.09784268098117E+02 sumForcing 1.35273784742214E+02 sumM 4.86429160991926E-02 trend-4.36346471438315E-02 aero 0.00000000000000E+00 level 1.49259450778119E+03 k0-2.87090079473682E+04 init-1.66697932083822E+00 IR-5.08708359306436E-01 impC 3.00369958819266E-02 mP 5.50819183455398E-03 year-5.48601554518334E-06 sumLPAP 1.29809696191975E+00 harm
KEEPDBG accept 7 cc 6.19706658379837E-01 sumModel-2.09275421578926E+02 sumForcing 1.35510489467286E+02 sumM 4.92942600913355E-02 trend-4.32654882154637E-02 aero 0.00000000000000E+00 level 1.60991152953744E+03 k0-3.11906507151001E+04 init-1.66133640022737E+00 IR-5.10350187884787E-01 impC 3.01620971431904E-02 mP 5.55056263306713E-03 year-5.48601554518334E-06 sumLPAP 1.29809696191975E+00 harm
KEEPDBG accept 15 cc 6.20690660875248E-01 sumModel-2.10026336929612E+02 sumForcing 1.37278546070718E+02 sumM 4.87290984889593E-02 trend-4.36004926974832E-02 aero 0.00000000000000E+00 level 1.45491984684972E+03 k0-2.74149082476110E+04 init-1.64752735742905E+00 IR-5.08666647400495E-01 impC 3.01482429121769E-02 mP 5.56566247275853E-03 year-5.48601554518334E-06 sumLPAP 1.29809696191975E+00 harm
KEEPDBG accept 6 cc 6.20528850857685E-01 sumModel-2.09677948655182E+02 sumForcing 1.36203857244725E+02 sumM 4.87270420499246E-02 trend-4.35370121747242E-02 aero 0.00000000000000E+00 level 1.51988770066535E+03 k0-2.92291298949276E+04 init-1.66636437177031E+00 IR-5.08575338373775E-01 impC 2.98489760847551E-02 mP 5.48172134693466E-03 year-5.48601554518334E-06 sumLPAP 1.29809696191975E+00 harm
KEEPDBG accept 16 cc 6.20412525212753E-01 sumModel-2.11012966140030E+02 sumForcing 1.35213627093176E+02 sumM 4.79578915655831E-02 trend-4.37032320185619E-02 aero 0.00000000000000E+00 level 1.44066422770678E+03 k0-2.73931148886332E+04 init-1.69550013754683E+00 IR-5.05430780312495E-01 impC 3.01444731528615E-02 mP 5.50883052784413E-03 year-5.48601554518334E-06 sumLPAP 1.29809696191975E+00 harm
KEEPDBG accept 3 cc 6.20331849692775E-01 sumModel-2.10795588377166E+02 sumForcing 1.35944006135055E+02 sumM 4.87780340293144E-02 trend-4.34497848079066E-02 aero 0.00000000000000E+00 level 1.53077845631834E+03 k0-2.91781187084070E+04 init-1.68685891955418E+00 IR-5.05521974472499E-01 impC 3.01482521992154E-02 mP 5.47379387093372E-03 year-5.48601554518334E-06 sumLPAP 1.29809696191975E+00 harm
KEEPDBG accept 14 cc 6.20228725672990E-01 sumModel-2.06077500645519E+02 sumForcing 1.31575064975187E+02 sumM 4.86173216849334E-02 trend-4.10148299744020E-02 aero 0.00000000000000E+00 level 1.48320469837234E+03 k0-2.90974894428076E+04 init-1.64643901679218E+00 IR-5.18162293613842E-01 impC 3.07671643935204E-02 mP 5.57494700060199E-03 year-5.48601554518334E-06 sumLPAP 1.29809696191975E+00 harm
KEEPDBG accept 14 cc 6.20334054941248E-01 sumModel-2.06235442025338E+02 sumForcing 1.31589009758306E+02 sumM 4.86173216849334E-02 trend-4.12355828392501E-02 aero 0.00000000000000E+00 level 1.41501545638284E+03 k0-2.78847682038469E+04 init-1.64643901679218E+00 IR-5.18162293613842E-01 impC 3.07671643935204E-02 mP 5.57494700060199E-03 year-5.48601554518334E-06 sumLPAP 1.29809696191975E+00 harm
KEEPDBG accept 15 cc 6.20690677750563E-01 sumModel-2.10026373537876E+02 sumForcing 1.37278555033188E+02 sumM 4.87290993102274E-02 trend-4.36005010692608E-02 aero 0.00000000000000E+00 level 1.45491871942262E+03 k0-2.74148544118190E+04 init-1.64752735742905E+00 IR-5.08666647400495E-01 impC 3.01482429121769E-02 mP 5.56566247275853E-03 year-5.48601554518334E-06 sumLPAP 1.29809696191975E+00 harm
KEEPDBG accept 3 cc 6.20331854944818E-01 sumModel-2.10823634057781E+02 sumForcing 1.35944006135055E+02 sumM 4.87780340293144E-02 trend-4.34497848079066E-02 aero 0.00000000000000E+00 level 1.53077845631834E+03 k0-2.91781187084070E+04 init-1.68685891955418E+00 IR-5.05521974472499E-01 impC 3.00176760627413E-02 mP 5.47379387093372E-03 year-5.48601554518334E-06 sumLPAP 1.29809696191975E+00 harm
KEEPDBG accept 15 cc 6.20690814748594E-01 sumModel-2.10026353154219E+02 sumForcing 1.37277865400312E+02 sumM 4.87290361154134E-02 trend-4.36004381468779E-02 aero 0.00000000000000E+00 level 1.45493095578798E+03 k0-2.74150293042828E+04 init-1.64752735742905E+00 IR-5.08666647400495E-01 impC 3.01482429121769E-02 mP 5.56566247275853E-03 year-5.48601554518334E-06 sumLPAP 1.29809696191975E+00 harm
KEEPDBG accept 1 cc 6.19642826747737E-01 sumModel-2.09848479349763E+02 sumForcing 1.34457469638741E+02 sumM 4.87976777788240E-02 trend-4.31821596388740E-02 aero 0.00000000000000E+00 level 1.51742795743543E+03 k0-2.94215966084820E+04 init-1.68576072977777E+00 IR-5.08810700677921E-01 impC 2.96481073344364E-02 mP 5.53065663671420E-03 year-5.48601554518334E-06 sumLPAP 1.29809696191975E+00 harm
KEEPDBG accept 11 cc 6.20382178097845E-01 sumModel-2.09921469607798E+02 sumForcing 1.32482648062482E+02 sumM 4.85606680186981E-02 trend-4.25063033121011E-02 aero 0.00000000000000E+00 level 1.54428898940746E+03 k0-2.97808531714404E+04 init-1.67855467077211E+00 IR-5.08142328069023E-01 impC 3.00717832938322E-02 mP 5.52241810649460E-03 year-5.48601554518334E-06 sumLPAP 1.29809696191975E+00 harm
KEEPDBG accept 15 cc 6.20690828250416E-01 sumModel-2.10026356282842E+02 sumForcing 1.37277811754542E+02 sumM 4.87290361154134E-02 trend-4.36004353129972E-02 aero 0.00000000000000E+00 level 1.45492882359662E+03 k0-2.74149792190012E+04 init-1.64752735742905E+00 IR-5.08666647400495E-01 impC 3.01482429121769E-02 mP 5.56566247275853E-03 year-5.48601554518334E-06 sumLPAP 1.29809696191975E+00 harm
KEEPDBG accept 4 cc 6.20016579113073E-01 sumModel-2.09784386111386E+02 sumForcing 1.36016031174627E+02 sumM 4.86429160991926E-02 trend-4.36337827531579E-02 aero 0.00000000000000E+00 level 1.47719243370026E+03 k0-2.82407697826963E+04 init-1.66697932083822E+00 IR-5.08708359306436E-01 impC 3.00369958819266E-02 mP 5.50819183455398E-03 year-5.48601554518334E-06 sumLPAP 1.29809696191975E+00 harm
KEEPDBG accept 15 cc 6.20690894892182E-01 sumModel-2.10026302948344E+02 sumForcing 1.37277306784079E+02 sumM 4.87290361154134E-02 trend-4.36002092446687E-02 aero 0.00000000000000E+00 level 1.45493295187105E+03 k0-2.74151486196782E+04 init-1.64752735742905E+00 IR-5.08666647400495E-01 impC 3.01482429121769E-02 mP 5.56566247275853E-03 year-5.48601554518334E-06 sumLPAP 1.29809696191975E+00 harm
KEEPDBG accept 10 cc 6.20386945187042E-01 sumModel-2.09734322231646E+02 sumForcing 1.33376649531432E+02 sumM 4.85520993318287E-02 trend-4.29793208994180E-02 aero 0.00000000000000E+00 level 1.48555579963141E+03 k0-2.86682539483426E+04 init-1.64040355280649E+00 IR-5.08707869367963E-01 impC 3.01015603174620E-02 mP 5.51496728848835E-03 year-5.48601554518334E-06 sumLPAP 1.29809696191975E+00 harm
KEEPDBG accept 2 cc 6.20249932162916E-01 sumModel-2.09728304760184E+02 sumForcing 1.35751967143199E+02 sumM 4.87895564802151E-02 trend-4.36510231440315E-02 aero 0.00000000000000E+00 level 1.52503967999746E+03 k0-2.94940470419267E+04 init-1.66926281639688E+00 IR-5.08438225504306E-01 impC 2.98148509581234E-02 mP 5.47913749061938E-03 year-5.48601554518334E-06 sumLPAP 1.29809696191975E+00 harm
KEEPDBG accept 7 cc 6.19707582434402E-01 sumModel-2.09276166591059E+02 sumForcing 1.39478184052708E+02 sumM 4.92942600913355E-02 trend-4.32613210767612E-02 aero 0.00000000000000E+00 level 1.52392355721466E+03 k0-2.85996255814423E+04 init-1.66133640022737E+00 IR-5.10350187884787E-01 impC 3.01620971431904E-02 mP 5.55056263306713E-03 year-5.48601554518334E-06 sumLPAP 1.29809696191975E+00 harm
KEEPDBG accept 3 cc 6.20331955142468E-01 sumModel-2.10267154512396E+02 sumForcing 1.35944006135055E+02 sumM 4.87780340293144E-02 trend-4.33004111885164E-02 aero 0.00000000000000E+00 level 1.52640309344212E+03 k0-2.91454205119205E+04 init-1.68685891955418E+00 IR-5.06957845481953E-01 impC 3.00176760627413E-02 mP 5.47379387093372E-03 year-5.48601554518334E-06 sumLPAP 1.29809696191975E+00 harm
KEEPDBG accept 14 cc 6.20338341223766E-01 sumModel-2.06239231495581E+02 sumForcing 1.31573363143857E+02 sumM 4.86173216849334E-02 trend-4.12259122172538E-02 aero 0.00000000000000E+00 level 1.41456729577821E+03 k0-2.78817517566972E+04 init-1.64643901679218E+00 IR-5.18162293613842E-01 impC 3.07671643935204E-02 mP 5.57494700060199E-03 year-5.48601554518334E-06 sumLPAP 1.29809696191975E+00 harm
KEEPDBG accept 3 cc 6.20331984900341E-01 sumModel-2.10267210506959E+02 sumForcing 1.35944006135055E+02 sumM 4.88734641465250E-02 trend-4.33004213684903E-02 aero 0.00000000000000E+00 level 1.54714248085062E+03 k0-2.95638342451370E+04 init-1.68685891955418E+00 IR-5.06957845481953E-01 impC 3.00176760627413E-02 mP 5.47379387093372E-03 year-5.48601554518334E-06 sumLPAP 1.29809696191975E+00 harm
KEEPDBG accept 6 cc 6.20531922062949E-01 sumModel-2.09679262081058E+02 sumForcing 1.41174892463828E+02 sumM 4.87270420499246E-02 trend-4.35317645106723E-02 aero 0.00000000000000E+00 level 1.42013822329826E+03 k0-2.62446328674631E+04 init-1.66636437177031E+00 IR-5.08575338373775E-01 impC 2.98489760847551E-02 mP 5.48172134693466E-03 year-5.48601554518334E-06 sumLPAP 1.29809696191975E+00 harm
KEEPDBG accept 16 cc 6.20468973017183E-01 sumModel-2.10926753963339E+02 sumForcing 1.34960388770775E+02 sumM 4.79578915655831E-02 trend-4.36488748500607E-02 aero 0.00000000000000E+00 level 1.43516429241899E+03 k0-2.73796299806485E+04 init-1.69550013754683E+00 IR-5.05430780312495E-01 impC 3.01444731528615E-02 mP 5.50883052784413E-03 year-5.48601554518334E-06 sumLPAP 1.29809696191975E+00 harm
KEEPDBG accept 13 cc 6.20591193282788E-01 sumModel-2.10177013269113E+02 sumForcing 1.35663096129667E+02 sumM 4.83459510109580E-02 trend-4.40266876325601E-02 aero 0.00000000000000E+00 level 1.52909341566024E+03 k0-2.93288951747369E+04 init-1.68384284642706E+00 IR-5.07394756338786E-01 impC 2.99334398399065E-02 mP 5.50092519849736E-03 year-5.48601554518334E-06 sumLPAP 1.29809696191975E+00 harm
KEEPDBG accept 15 cc 6.20690896079239E-01 sumModel-2.10026198198623E+02 sumForcing 1.37277306784079E+02 sumM 4.87290361154134E-02 trend-4.36001810502112E-02 aero 0.00000000000000E+00 level 1.45493213708937E+03 k0-2.74151423510099E+04 init-1.64752735742905E+00 IR-5.08666917181563E-01 impC 3.01482429121769E-02 mP 5.56566247275853E-03 year-5.48601554518334E-06 sumLPAP 1.29809696191975E+00 harm
KEEPDBG accept 7 cc 6.19945454182384E-01 sumModel-2.09442807088277E+02 sumForcing 1.40103634306287E+02 sumM 4.87631085833965E-02 trend-4.34474408279933E-02 aero 0.00000000000000E+00 level 1.60202381986288E+03 k0-2.93192077854399E+04 init-1.66133640022737E+00 IR-5.10350187884787E-01 impC 3.01620971431904E-02 mP 5.55056263306713E-03 year-5.48601554518334E-06 sumLPAP 1.29809696191975E+00 harm
KEEPDBG accept 6 cc 6.20532299054351E-01 sumModel-2.09679465298772E+02 sumForcing 1.41793453969467E+02 sumM 4.87270420499246E-02 trend-4.35311412933188E-02 aero 0.00000000000000E+00 level 1.40845600923458E+03 k0-2.59021210447251E+04 init-1.66636437177031E+00 IR-5.08575338373775E-01 impC 2.98489760847551E-02 mP 5.48172134693466E-03 year-5.48601554518334E-06 sumLPAP 1.29809696191975E+00 harm
KEEPDBG accept 7 cc 6.20101555031493E-01 sumModel-2.09387988996405E+02 sumForcing 1.35830255279451E+02 sumM 4.87631085833965E-02 trend-4.16711357607094E-02 aero 0.00000000000000E+00 level 1.61798822470874E+03 k0-3.01235575478976E+04 init-1.66133640022737E+00 IR-5.10350187884787E-01 impC 3.01620971431904E-02 mP 5.55056263306713E-03 year-5.48601554518334E-06 sumLPAP 1.29809696191975E+00 harm
KEEPDBG accept 12 cc 6.20439370919693E-01 sumModel-2.09942022162402E+02 sumForcing 1.34420391005151E+02 sumM 4.86519060358002E-02 trend-4.30355216429707E-02 aero 0.00000000000000E+00 level 1.53089791197746E+03 k0-2.94805021008745E+04 init-1.69189989939196E+00 IR-5.08708359306436E-01 impC 3.00482350502385E-02 mP 5.52485944481255E-03 year-5.48601554518334E-06 sumLPAP 1.29809696191975E+00 harm
KEEPDBG accept 1 cc 6.19642956563018E-01 sumModel-2.09848538770962E+02 sumForcing 1.34456943398901E+02 sumM 4.87976777788240E-02 trend-4.31818169494577E-02 aero 0.00000000000000E+00 level 1.51741438307061E+03 k0-2.94215734344041E+04 init-1.68576072977777E+00 IR-5.08810700677921E-01 impC 2.96481073344364E-02 mP 5.53065663671420E-03 year-5.48601554518334E-06 sumLPAP 1.29809696191975E+00 harm
KEEPDBG accept 14 cc 6.20350005476807E-01 sumModel-2.06240725048162E+02 sumForcing 1.31606823852144E+02 sumM 4.86173216849334E-02 trend-4.12302221248945E-02 aero 0.00000000000000E+00 level 1.41548413534562E+03 k0-2.78944721647665E+04 init-1.64643901679218E+00 IR-5.18162293613842E-01 impC 3.07671643935204E-02 mP 5.57494700060199E-03 year-5.48601554518334E-06 sumLPAP 1.29809696191975E+00 harm
KEEPDBG accept 6 cc 6.20571708584125E-01 sumModel-2.09354053251754E+02 sumForcing 1.40457681531792E+02 sumM 4.87270420499246E-02 trend-4.33421487599668E-02 aero 0.00000000000000E+00 level 1.37765675848122E+03 k0-2.56821160738249E+04 init-1.66636437177031E+00 IR-5.08575338373775E-01 impC 2.98489760847551E-02 mP 5.40304115166786E-03 year-5.48601554518334E-06 sumLPAP 1.29809696191975E+00 harm
KEEPDBG accept 7 cc 6.20101628202916E-01 sumModel-2.09387922235236E+02 sumForcing 1.35830255279451E+02 sumM 4.65286927985075E-02 trend-4.16711049288698E-02 aero 0.00000000000000E+00 level 1.19779083237342E+03 k0-2.18998354838485E+04 init-1.66133640022737E+00 IR-5.10350187884787E-01 impC 3.01620971431904E-02 mP 5.55056263306713E-03 year-5.48601554518334E-06 sumLPAP 1.29809696191975E+00 harm
KEEPDBG accept 15 cc 6.20690901444873E-01 sumModel-2.10026196947300E+02 sumForcing 1.37277306784079E+02 sumM 4.87289833286038E-02 trend-4.36001834759777E-02 aero 0.00000000000000E+00 level 1.45492094671104E+03 k0-2.74149087579151E+04 init-1.64752735742905E+00 IR-5.08666917181563E-01 impC 3.01482429121769E-02 mP 5.56566247275853E-03 year-5.48601554518334E-06 sumLPAP 1.29809696191975E+00 harm
KEEPDBG accept 2 cc 6.20620338577643E-01 sumModel-2.09667749033343E+02 sumForcing 1.32735645520363E+02 sumM 4.87895564802151E-02 trend-4.23735259644177E-02 aero 0.00000000000000E+00 level 1.53765635277079E+03 k0-3.00932553820409E+04 init-1.66926281639688E+00 IR-5.08438225504306E-01 impC 2.98148509581234E-02 mP 5.47913749061938E-03 year-5.48601554518334E-06 sumLPAP 1.29809696191975E+00 harm
KEEPDBG accept 15 cc 6.20691034592356E-01 sumModel-2.10026267364729E+02 sumForcing 1.37276799114442E+02 sumM 4.87289368067293E-02 trend-4.36001509328066E-02 aero 0.00000000000000E+00 level 1.45492801610381E+03 k0-2.74149412776421E+04 init-1.64752735742905E+00 IR-5.08666917181563E-01 impC 3.01482429121769E-02 mP 5.56566247275853E-03 year-5.48601554518334E-06 sumLPAP 1.29809696191975E+00 harm
KEEPDBG accept 14 cc 6.20350043899177E-01 sumModel-2.06096157837230E+02 sumForcing 1.31606823852144E+02 sumM 4.86173216849334E-02 trend-4.12302221248945E-02 aero 0.00000000000000E+00 level 1.41548413534562E+03 k0-2.78944721647665E+04 init-1.64643901679218E+00 IR-5.18162293613842E-01 impC 3.14346676160441E-02 mP 5.57494700060199E-03 year-5.48601554518334E-06 sumLPAP 1.29809696191975E+00 harm
KEEPDBG accept 8 cc 6.20005360799076E-01 sumModel-2.09706528100228E+02 sumForcing 1.33030365255307E+02 sumM 4.91500061949222E-02 trend-4.31659117787957E-02 aero 0.00000000000000E+00 level 1.58081897334412E+03 k0-3.06585508850613E+04 init-1.61437534577772E+00 IR-5.09397459626811E-01 impC 3.01482429121769E-02 mP 5.51545090919402E-03 year-5.48601554518334E-06 sumLPAP 1.29809696191975E+00 harm
KEEPDBG accept 6 cc 6.20571727761846E-01 sumModel-2.09354083717437E+02 sumForcing 1.40457681531792E+02 sumM 4.90711034528974E-02 trend-4.33421619338394E-02 aero 0.00000000000000E+00 level 1.44670824284599E+03 k0-2.70507865810424E+04 init-1.66636437177031E+00 IR-5.08575338373775E-01 impC 2.98489760847551E-02 mP 5.40304115166786E-03 year-5.48601554518334E-06 sumLPAP 1.29809696191975E+00 harm
KEEPDBG accept 15 cc 6.20691044712577E-01 sumModel-2.10026261682337E+02 sumForcing 1.37276799114442E+02 sumM 4.87289734089097E-02 trend-4.36001541380467E-02 aero 0.00000000000000E+00 level 1.45493547584278E+03 k0-2.74150751013755E+04 init-1.64752735742905E+00 IR-5.08666917181563E-01 impC 3.01482429121769E-02 mP 5.56566247275853E-03 year-5.48601554518334E-06 sumLPAP 1.29809696191975E+00 harm
KEEPDBG accept 13 cc 6.20593654106202E-01 sumModel-2.10177485513160E+02 sumForcing 1.37969954216420E+02 sumM 4.83459510109580E-02 trend-4.40241057674046E-02 aero 0.00000000000000E+00 level 1.48101070403030E+03 k0-2.78801842271498E+04 init-1.68384284642706E+00 IR-5.07394756338786E-01 impC 2.99334398399065E-02 mP 5.50092519849736E-03 year-5.48601554518334E-06 sumLPAP 1.29809696191975E+00 harm
KEEPDBG accept 14 cc 6.20354498658526E-01 sumModel-2.06100280357288E+02 sumForcing 1.31589795842700E+02 sumM 4.86173216849334E-02 trend-4.12197017088150E-02 aero 0.00000000000000E+00 level 1.41499771338585E+03 k0-2.78912377159455E+04 init-1.64643901679218E+00 IR-5.18162293613842E-01 impC 3.14346676160441E-02 mP 5.57494700060199E-03 year-5.48601554518334E-06 sumLPAP 1.29809696191975E+00 harm
KEEPDBG accept 4 cc 6.20045568981185E-01 sumModel-2.09860383019238E+02 sumForcing 1.36371609481184E+02 sumM 4.86429160991926E-02 trend-4.36906335925294E-02 aero 0.00000000000000E+00 level 1.48631230298871E+03 k0-2.83254152324417E+04 init-1.66697932083822E+00 IR-5.08708359306436E-01 impC 3.00369958819266E-02 mP 5.50819183455398E-03 year-5.48601554518334E-06 sumLPAP 1.29809696191975E+00 harm
KEEPDBG accept 9 cc 6.19775590220700E-01 sumModel-2.10123236242854E+02 sumForcing 1.60715964639042E+02 sumM 4.93174413089305E-02 trend-4.38842233437495E-02 aero 0.00000000000000E+00 level 1.19712924433699E+03 k0-1.92307143226018E+04 init-1.69128722231699E+00 IR-5.07990157849880E-01 impC 2.98765293552593E-02 mP 5.51747929730678E-03 year-5.48601554518334E-06 sumLPAP 1.29809696191975E+00 harm
KEEPDBG accept 16 cc 6.20484390854297E-01 sumModel-2.10931387796019E+02 sumForcing 1.52197614914780E+02 sumM 4.79578915655831E-02 trend-4.36337167207308E-02 aero 0.00000000000000E+00 level 1.14537534817193E+03 k0-1.90806074621046E+04 init-1.69550013754683E+00 IR-5.05430780312495E-01 impC 3.01444731528615E-02 mP 5.50883052784413E-03 year-5.48601554518334E-06 sumLPAP 1.29809696191975E+00 harm
KEEPDBG accept 8 cc 6.20021414660121E-01 sumModel-2.09709246368276E+02 sumForcing 1.54198302446268E+02 sumM 4.91500061949222E-02 trend-4.31445882823287E-02 aero 0.00000000000000E+00 level 1.19630029465850E+03 k0-1.96715962728761E+04 init-1.61437534577772E+00 IR-5.09397459626811E-01 impC 3.01482429121769E-02 mP 5.51545090919402E-03 year-5.48601554518334E-06 sumLPAP 1.29809696191975E+00 harm
KEEPDBG accept 1 cc 6.19679047967125E-01 sumModel-2.09914525674235E+02 sumForcing 1.34735176871391E+02 sumM 4.87976777788240E-02 trend-4.32319448327356E-02 aero 0.00000000000000E+00 level 1.52539964367649E+03 k0-2.94889020038220E+04 init-1.68576072977777E+00 IR-5.08810700677921E-01 impC 2.96481073344364E-02 mP 5.53065663671420E-03 year-5.48601554518334E-06 sumLPAP 1.29809696191975E+00 harm
KEEPDBG accept 14 cc 6.20354547361677E-01 sumModel-2.06100413989938E+02 sumForcing 1.31589795842700E+02 sumM 4.92009819263677E-02 trend-4.12197399933711E-02 aero 0.00000000000000E+00 level 1.53859748599827E+03 k0-3.04694982678854E+04 init-1.64643901679218E+00 IR-5.18162293613842E-01 impC 3.14346676160441E-02 mP 5.57494700060199E-03 year-5.48601554518334E-06 sumLPAP 1.29809696191975E+00 harm
KEEPDBG accept 6 cc 6.20571734495831E-01 sumModel-2.09354108429602E+02 sumForcing 1.40457681531792E+02 sumM 4.92104450194187E-02 trend-4.33421663428991E-02 aero 0.00000000000000E+00 level 1.47625259828898E+03 k0-2.76363890315172E+04 init-1.66636437177031E+00 IR-5.08575338373775E-01 impC 2.98489760847551E-02 mP 5.40304115166786E-03 year-5.48601554518334E-06 sumLPAP 1.29809696191975E+00 harm
KEEPDBG accept 5 cc 6.19767191780663E-01 sumModel-2.06523623983026E+02 sumForcing 1.37308653290624E+02 sumM 4.90822207323863E-02 trend-4.26674290870168E-02 aero 0.00000000000000E+00 level 1.49571215843086E+03 k0-2.86695674482023E+04 init-1.67034293390093E+00 IR-5.17443371775408E-01 impC 2.99134166798801E-02 mP 5.51699234124754E-03 year-5.48601554518334E-06 sumLPAP 1.29809696191975E+00 harm
KEEPDBG accept 12 cc 6.20445270865171E-01 sumModel-2.07323367512967E+02 sumForcing 1.34420391005151E+02 sumM 4.86519060358002E-02 trend-4.23402494450088E-02 aero 0.00000000000000E+00 level 1.51023518518160E+03 k0-2.93235888450251E+04 init-1.69189989939196E+00 IR-5.15395247820543E-01 impC 3.00482350502385E-02 mP 5.52485944481255E-03 year-5.48601554518334E-06 sumLPAP 1.29809696191975E+00 harm
KEEPDBG accept 12 cc 6.20483577286887E-01 sumModel-2.07324755861585E+02 sumForcing 1.34430638903632E+02 sumM 4.86519060358002E-02 trend-4.23624094194180E-02 aero 0.00000000000000E+00 level 1.49923886642691E+03 k0-2.91559565007245E+04 init-1.69189989939196E+00 IR-5.15395247820543E-01 impC 3.00482350502385E-02 mP 5.52485944481255E-03 year-5.48601554518334E-06 sumLPAP 1.29809696191975E+00 harm
KEEPDBG accept 5 cc 6.19896424745501E-01 sumModel-2.06456188606125E+02 sumForcing 1.34734806161022E+02 sumM 4.90822207323863E-02 trend-4.15941153887324E-02 aero 0.00000000000000E+00 level 1.50571981616608E+03 k0-2.91258242416286E+04 init-1.67034293390093E+00 IR-5.17443371775408E-01 impC 2.99134166798801E-02 mP 5.51699234124754E-03 year-5.48601554518334E-06 sumLPAP 1.29809696191975E+00 harm
KEEPDBG accept 10 cc 6.20661987311619E-01 sumModel-2.09700917737845E+02 sumForcing 1.33979149537551E+02 sumM 4.85520993318287E-02 trend-4.29839333384483E-02 aero 0.00000000000000E+00 level 1.51422616449671E+03 k0-2.90923759850458E+04 init-1.64040355280649E+00 IR-5.08707869367963E-01 impC 3.01015603174620E-02 mP 5.51496728848835E-03 year-5.48601554518334E-06 sumLPAP 1.29809696191975E+00 harm
KEEPDBG accept 4 cc 6.20045578600779E-01 sumModel-2.09860384539849E+02 sumForcing 1.36371609481184E+02 sumM 4.90018991601947E-02 trend-4.36906418216669E-02 aero 0.00000000000000E+00 level 1.56449806899357E+03 k0-2.99031606673678E+04 init-1.66697932083822E+00 IR-5.08708359306436E-01 impC 3.00369958819266E-02 mP 5.50819183455398E-03 year-5.48601554518334E-06 sumLPAP 1.29809696191975E+00 harm
KEEPDBG accept 1 cc 6.19679051618399E-01 sumModel-2.09914537111046E+02 sumForcing 1.34735176871391E+02 sumM 4.91931899327667E-02 trend-4.32319515112731E-02 aero 0.00000000000000E+00 level 1.61436829853832E+03 k0-3.13062594029014E+04 init-1.68576072977777E+00 IR-5.08810700677921E-01 impC 2.96481073344364E-02 mP 5.53065663671420E-03 year-5.48601554518334E-06 sumLPAP 1.29809696191975E+00 harm
KEEPDBG accept 8 cc 6.20027006218196E-01 sumModel-2.09710356722358E+02 sumForcing 1.54186140259849E+02 sumM 4.91500061949222E-02 trend-4.31369742799539E-02 aero 0.00000000000000E+00 level 1.19605985762780E+03 k0-1.96709707402629E+04 init-1.61437534577772E+00 IR-5.09397459626811E-01 impC 3.01482429121769E-02 mP 5.51545090919402E-03 year-5.48601554518334E-06 sumLPAP 1.29809696191975E+00 harm
KEEPDBG accept 16 cc 6.20484398228341E-01 sumModel-2.11223022874576E+02 sumForcing 1.52197614914780E+02 sumM 4.79578915655831E-02 trend-4.36337167207308E-02 aero 0.00000000000000E+00 level 1.14537534817193E+03 k0-1.90806074621046E+04 init-1.69550013754683E+00 IR-5.05430780312495E-01 impC 2.87865856977406E-02 mP 5.50883052784413E-03 year-5.48601554518334E-06 sumLPAP 1.29809696191975E+00 harm
KEEPDBG accept 11 cc 6.20397594353263E-01 sumModel-2.08299358750151E+02 sumForcing 1.32482648062482E+02 sumM 4.85606680186981E-02 trend-4.20776792898722E-02 aero 0.00000000000000E+00 level 1.53171088691179E+03 k0-2.96869097199950E+04 init-1.67855467077211E+00 IR-5.12297651743098E-01 impC 3.00717832938322E-02 mP 5.52241810649460E-03 year-5.48601554518334E-06 sumLPAP 1.29809696191975E+00 harm
KEEPDBG accept 11 cc 6.20399073409703E-01 sumModel-2.08299518287994E+02 sumForcing 1.33201050079001E+02 sumM 4.85606680186981E-02 trend-4.20769557475974E-02 aero 0.00000000000000E+00 level 1.51603572348543E+03 k0-2.92084282135351E+04 init-1.67855467077211E+00 IR-5.12297651743098E-01 impC 3.00717832938322E-02 mP 5.52241810649460E-03 year-5.48601554518334E-06 sumLPAP 1.29809696191975E+00 harm
KEEPDBG accept 15 cc 6.20691129368937E-01 sumModel-2.10026193928118E+02 sumForcing 1.37276263013601E+02 sumM 4.87289734089097E-02 trend-4.35999193176039E-02 aero 0.00000000000000E+00 level 1.45493934219573E+03 k0-2.74152232027578E+04 init-1.64752735742905E+00 IR-5.08666917181563E-01 impC 3.01482429121769E-02 mP 5.56566247275853E-03 year-5.48601554518334E-06 sumLPAP 1.29809696191975E+00 harm
KEEPDBG accept 15 cc 6.20691129371083E-01 sumModel-2.10026182292490E+02 sumForcing 1.37276263013601E+02 sumM 4.87289734089097E-02 trend-4.35999193176039E-02 aero 0.00000000000000E+00 level 1.45493934219573E+03 k0-2.74152232027578E+04 init-1.64752735742905E+00 IR-5.08666917181563E-01 impC 3.01482969733682E-02 mP 5.56566247275853E-03 year-5.48601554518334E-06 sumLPAP 1.29809696191975E+00 harm
KEEPDBG accept 6 cc 6.20619419447460E-01 sumModel-2.09355143561291E+02 sumForcing 1.40210375542010E+02 sumM 4.92104450194187E-02 trend-4.32643958181791E-02 aero 0.00000000000000E+00 level 1.46832766586405E+03 k0-2.75283918332767E+04 init-1.65653560545378E+00 IR-5.08575338373775E-01 impC 2.98489760847551E-02 mP 5.40304115166786E-03 year-5.48601554518334E-06 sumLPAP 1.29809696191975E+00 harm
KEEPDBG accept 1 cc 6.19679051934241E-01 sumModel-2.09914537601056E+02 sumForcing 1.34735176871391E+02 sumM 4.89565221860359E-02 trend-4.32319485466754E-02 aero 0.00000000000000E+00 level 1.56017543405944E+03 k0-3.01992625743258E+04 init-1.68576072977777E+00 IR-5.08810700677921E-01 impC 2.96481073344364E-02 mP 5.53065663671420E-03 year-5.48601554518334E-06 sumLPAP 1.29809696191975E+00 harm
KEEPDBG accept 14 cc 6.20355726339710E-01 sumModel-2.06101515329602E+02 sumForcing 1.31584998937210E+02 sumM 4.92009819263677E-02 trend-4.12167565093290E-02 aero 0.00000000000000E+00 level 1.53845048432836E+03 k0-3.04686212915783E+04 init-1.64643901679218E+00 IR-5.18162293613842E-01 impC 3.14346676160441E-02 mP 5.57494700060199E-03 year-5.48601554518334E-06 sumLPAP 1.29809696191975E+00 harm
KEEPDBG accept 16 cc 6.20488892466030E-01 sumModel-2.11224514908045E+02 sumForcing 1.52188691310968E+02 sumM 4.79578915655831E-02 trend-4.36292258318243E-02 aero 0.00000000000000E+00 level 1.14527623668327E+03 k0-1.90809426598405E+04 init-1.69550013754683E+00 IR-5.05430780312495E-01 impC 2.87865856977406E-02 mP 5.50883052784413E-03 year-5.48601554518334E-06 sumLPAP 1.29809696191975E+00 harm
KEEPDBG accept 16 cc 6.20543008855336E-01 sumModel-2.10873417183013E+02 sumForcing 1.50262809261981E+02 sumM 4.79578915655831E-02 trend-4.33028932954071E-02 aero 0.00000000000000E+00 level 1.11498309322441E+03 k0-1.88786142755267E+04 init-1.69550013754683E+00 IR-5.05430780312495E-01 impC 2.87865856977406E-02 mP 5.50883052784413E-03 year-5.48601554518334E-06 sumLPAP 1.29809696191975E+00 harm
KEEPDBG accept 11 cc 6.20549339901805E-01 sumModel-2.08285548808956E+02 sumForcing 1.33207715661833E+02 sumM 4.85606680186981E-02 trend-4.21043784221140E-02 aero 0.00000000000000E+00 level 1.50657974380559E+03 k0-2.90741437798283E+04 init-1.67855467077211E+00 IR-5.12297651743098E-01 impC 3.00717832938322E-02 mP 5.52241810649460E-03 year-5.48601554518334E-06 sumLPAP 1.29809696191975E+00 harm
KEEPDBG accept 6 cc 6.20718525297809E-01 sumModel-2.09349029360303E+02 sumForcing 1.39471493090567E+02 sumM 4.92104450194187E-02 trend-4.29640545885211E-02 aero 0.00000000000000E+00 level 1.47122224219593E+03 k0-2.76564249566286E+04 init-1.65653560545378E+00 IR-5.08575338373775E-01 impC 2.98489760847551E-02 mP 5.40304115166786E-03 year-5.48601554518334E-06 sumLPAP 1.29809696191975E+00 harm
KEEPDBG accept 5 cc 6.20128056741246E-01 sumModel-2.06419732421485E+02 sumForcing 1.34998839342100E+02 sumM 4.90822207323863E-02 trend-4.15985953962679E-02 aero 0.00000000000000E+00 level 1.52074856052695E+03 k0-2.93666049569062E+04 init-1.67034293390093E+00 IR-5.17443371775408E-01 impC 2.99134166798801E-02 mP 5.51699234124754E-03 year-5.48601554518334E-06 sumLPAP 1.29809696191975E+00 harm
KEEPDBG accept 9 cc 6.20131038244816E-01 sumModel-2.10093761343360E+02 sumForcing 1.60902583275980E+02 sumM 4.91601248422308E-02 trend-4.39368081643730E-02 aero 0.00000000000000E+00 level 1.21803860385819E+03 k0-1.94601017540689E+04 init-1.69128722231699E+00 IR-5.07990157849880E-01 impC 2.98765293552593E-02 mP 5.51747929730678E-03 year-5.48601554518334E-06 sumLPAP 1.29809696191975E+00 harm
KEEPDBG accept 9 cc 6.20135690602611E-01 sumModel-2.10095126597390E+02 sumForcing 1.72192143918418E+02 sumM 4.91601248422308E-02 trend-4.39284931721120E-02 aero 0.00000000000000E+00 level 1.07374344827790E+03 k0-1.58738842176295E+04 init-1.69128722231699E+00 IR-5.07990157849880E-01 impC 2.98765293552593E-02 mP 5.51747929730678E-03 year-5.48601554518334E-06 sumLPAP 1.29809696191975E+00 harm
KEEPDBG accept 6 cc 6.20718560679229E-01 sumModel-2.09349116743417E+02 sumForcing 1.39471626721869E+02 sumM 4.92104450194187E-02 trend-4.29641158629801E-02 aero 0.00000000000000E+00 level 1.47122488400923E+03 k0-2.76563752914339E+04 init-1.65654087044848E+00 IR-5.08575338373775E-01 impC 2.98489760847551E-02 mP 5.40304115166786E-03 year-5.48601554518334E-06 sumLPAP 1.29809696191975E+00 harm
KEEPDBG accept 16 cc 6.20556947707391E-01 sumModel-2.10878763419066E+02 sumForcing 1.50230102606555E+02 sumM 4.79578915655831E-02 trend-4.32849627601162E-02 aero 0.00000000000000E+00 level 1.11454769602003E+03 k0-1.88797836928658E+04 init-1.69550013754683E+00 IR-5.05430780312495E-01 impC 2.87865856977406E-02 mP 5.50883052784413E-03 year-5.48601554518334E-06 sumLPAP 1.29809696191975E+00 harm
KEEPDBG accept 13 cc 6.20595888400434E-01 sumModel-2.10177824637266E+02 sumForcing 1.37966313476294E+02 sumM 4.83459510109580E-02 trend-4.40216088228475E-02 aero 0.00000000000000E+00 level 1.48095821174292E+03 k0-2.78807149381942E+04 init-1.68384284642706E+00 IR-5.07394756338786E-01 impC 2.99334398399065E-02 mP 5.50092519849736E-03 year-5.48601554518334E-06 sumLPAP 1.29809696191975E+00 harm
KEEPDBG accept 9 cc 6.20150817645147E-01 sumModel-2.09872789757950E+02 sumForcing 1.71023062901107E+02 sumM 4.91601248422308E-02 trend-4.37623996655070E-02 aero 0.00000000000000E+00 level 1.05773917575084E+03 k0-1.57753986498240E+04 init-1.69128722231699E+00 IR-5.07990157849880E-01 impC 2.98765293552593E-02 mP 5.51747929730678E-03 year-5.48601554518334E-06 sumLPAP 1.29809696191975E+00 harm
KEEPDBG accept 3 cc 6.20334020866255E-01 sumModel-2.10267937804141E+02 sumForcing 1.38140469788875E+02 sumM 4.88734641465250E-02 trend-4.32982830081513E-02 aero 0.00000000000000E+00 level 1.50076683196468E+03 k0-2.81736602661211E+04 init-1.68685891955418E+00 IR-5.06957845481953E-01 impC 3.00176760627413E-02 mP 5.47379387093372E-03 year-5.48601554518334E-06 sumLPAP 1.29809696191975E+00 harm
KEEPDBG accept 11 cc 6.20549372562915E-01 sumModel-2.08285632959162E+02 sumForcing 1.33207715661833E+02 sumM 4.90589897117845E-02 trend-4.21043990393863E-02 aero 0.00000000000000E+00 level 1.61871116808638E+03 k0-3.13587771223592E+04 init-1.67855467077211E+00 IR-5.12297651743098E-01 impC 3.00717832938322E-02 mP 5.52241810649460E-03 year-5.48601554518334E-06 sumLPAP 1.29809696191975E+00 harm
KEEPDBG accept 10 cc 6.20662133071919E-01 sumModel-2.09700914232637E+02 sumForcing 1.33978987142816E+02 sumM 4.85520993318287E-02 trend-4.29838409336150E-02 aero 0.00000000000000E+00 level 1.51422324350545E+03 k0-2.90923854176861E+04 init-1.64040355280649E+00 IR-5.08707869367963E-01 impC 3.01015603174620E-02 mP 5.51496728848835E-03 year-5.48601554518334E-06 sumLPAP 1.29809696191975E+00 harm
KEEPDBG accept 14 cc 6.20631813134595E-01 sumModel-2.06255790508856E+02 sumForcing 1.32808824155514E+02 sumM 4.92009819263677E-02 trend-4.14038555400408E-02 aero 0.00000000000000E+00 level 1.57542941119392E+03 k0-3.08870901308961E+04 init-1.64643901679218E+00 IR-5.18162293613842E-01 impC 3.14346676160441E-02 mP 5.57494700060199E-03 year-5.48601554518334E-06 sumLPAP 1.29809696191975E+00 harm
KEEPDBG accept 15 cc 6.20691195176959E-01 sumModel-2.10022756439962E+02 sumForcing 1.37261885815557E+02 sumM 4.87289734089097E-02 trend-4.35983361828168E-02 aero 0.00000000000000E+00 level 1.45458625939189E+03 k0-2.74122451462957E+04 init-1.64752735742905E+00 IR-5.08666917181563E-01 impC 3.01482969733682E-02 mP 5.56480407157698E-03 year-5.48601554518334E-06 sumLPAP 1.29809696191975E+00 harm
KEEPDBG accept 15 cc 6.20702922167086E-01 sumModel-2.10020187923024E+02 sumForcing 1.37266447312889E+02 sumM 4.87246035548365E-02 trend-4.35986312322444E-02 aero 0.00000000000000E+00 level 1.45527696162245E+03 k0-2.74227680416769E+04 init-1.64752735742905E+00 IR-5.08666917181563E-01 impC 3.01482969733682E-02 mP 5.56480407157698E-03 year-5.48601554518334E-06 sumLPAP 1.29809696191975E+00 harm
KEEPDBG accept 6 cc 6.20718581992458E-01 sumModel-2.09349140328228E+02 sumForcing 1.39471782561272E+02 sumM 4.92104450194187E-02 trend-4.29641342400987E-02 aero 0.00000000000000E+00 level 1.47122871750581E+03 k0-2.76564169337639E+04 init-1.65654087044848E+00 IR-5.08575338373775E-01 impC 2.98489760847551E-02 mP 5.40305030332033E-03 year-5.48601554518334E-06 sumLPAP 1.29809696191975E+00 harm
KEEPDBG accept 13 cc 6.20608470761662E-01 sumModel-2.10160635029773E+02 sumForcing 1.37906726796079E+02 sumM 4.83459510109580E-02 trend-4.40104389095658E-02 aero 0.00000000000000E+00 level 1.47969147466180E+03 k0-2.78746802613214E+04 init-1.68384284642706E+00 IR-5.07394756338786E-01 impC 2.99334398399065E-02 mP 5.50092519849736E-03 year-5.48601554518334E-06 sumLPAP 1.29809696191975E+00 harm
KEEPDBG accept 8 cc 6.20027013758705E-01 sumModel-2.09710387802846E+02 sumForcing 1.54186140259849E+02 sumM 4.91423345584965E-02 trend-4.31369786533542E-02 aero 0.00000000000000E+00 level 1.19473948421065E+03 k0-1.96476530507742E+04 init-1.61437534577772E+00 IR-5.09397459626811E-01 impC 3.01482429121769E-02 mP 5.51545090919402E-03 year-5.48601554518334E-06 sumLPAP 1.29809696191975E+00 harm
KEEPDBG accept 13 cc 6.20911874659693E-01 sumModel-2.10101967714284E+02 sumForcing 1.36271916303205E+02 sumM 4.83459510109580E-02 trend-4.33131805847818E-02 aero 0.00000000000000E+00 level 1.48768642557181E+03 k0-2.81982883890624E+04 init-1.68384284642706E+00 IR-5.07394756338786E-01 impC 2.99334398399065E-02 mP 5.50092519849736E-03 year-5.48601554518334E-06 sumLPAP 1.29809696191975E+00 harm
KEEPDBG accept 6 cc 6.20718582582499E-01 sumModel-2.09349024918665E+02 sumForcing 1.39471782561272E+02 sumM 4.92104450194187E-02 trend-4.29641032291122E-02 aero 0.00000000000000E+00 level 1.47122781628979E+03 k0-2.76564099668512E+04 init-1.65654087044848E+00 IR-5.08575636415562E-01 impC 2.98489760847551E-02 mP 5.40305030332033E-03 year-5.48601554518334E-06 sumLPAP 1.29809696191975E+00 harm
KEEPDBG accept 14 cc 6.20639663391827E-01 sumModel-2.06262331451832E+02 sumForcing 1.32782205687837E+02 sumM 4.92009819263677E-02 trend-4.13882075799432E-02 aero 0.00000000000000E+00 level 1.57466289911935E+03 k0-3.08816320821816E+04 init-1.64643901679218E+00 IR-5.18162293613842E-01 impC 3.14346676160441E-02 mP 5.57494700060199E-03 year-5.48601554518334E-06 sumLPAP 1.29809696191975E+00 harm
KEEPDBG accept 6 cc 6.20719255172777E-01 sumModel-2.09349178815925E+02 sumForcing 1.39468418043087E+02 sumM 4.92101511671749E-02 trend-4.29638269770027E-02 aero 0.00000000000000E+00 level 1.47127983266364E+03 k0-2.76570204603935E+04 init-1.65654087044848E+00 IR-5.08575636415562E-01 impC 2.98489760847551E-02 mP 5.40305030332033E-03 year-5.48601554518334E-06 sumLPAP 1.29809696191975E+00 harm
KEEPDBG accept 13 cc 6.20911890398912E-01 sumModel-2.10101983775309E+02 sumForcing 1.36271916408384E+02 sumM 4.83459510109580E-02 trend-4.33131856060609E-02 aero 0.00000000000000E+00 level 1.48768642852834E+03 k0-2.81982654698226E+04 init-1.68384284642706E+00 IR-5.07394756338786E-01 impC 2.99334398399065E-02 mP 5.50092519849736E-03 year-5.48601554518334E-06 sumLPAP 1.29809696191975E+00 harm
KEEPDBG accept 10 cc 6.20669525334761E-01 sumModel-2.09701928587977E+02 sumForcing 1.33970643594962E+02 sumM 4.85520993318287E-02 trend-4.29790591512730E-02 aero 0.00000000000000E+00 level 1.51408726384391E+03 k0-2.90932378774104E+04 init-1.64040355280649E+00 IR-5.08707869367963E-01 impC 3.01015603174620E-02 mP 5.51496728848835E-03 year-5.48601554518334E-06 sumLPAP 1.29809696191975E+00 harm
KEEPDBG accept 6 cc 6.20719274295214E-01 sumModel-2.09345431782785E+02 sumForcing 1.39468418043087E+02 sumM 4.92101511671749E-02 trend-4.29628217075868E-02 aero 0.00000000000000E+00 level 1.47125061851088E+03 k0-2.76567946319396E+04 init-1.65654087044848E+00 IR-5.08585297989230E-01 impC 2.98489760847551E-02 mP 5.40305030332033E-03 year-5.48601554518334E-06 sumLPAP 1.29809696191975E+00 harm
KEEPDBG accept 11 cc 6.20561792233976E-01 sumModel-2.08287569030193E+02 sumForcing 1.40028560574326E+02 sumM 4.90589897117845E-02 trend-4.20977723649780E-02 aero 0.00000000000000E+00 level 1.47193182170257E+03 k0-2.69889600458662E+04 init-1.67855467077211E+00 IR-5.12297651743098E-01 impC 3.00717832938322E-02 mP 5.52241810649460E-03 year-5.48601554518334E-06 sumLPAP 1.29809696191975E+00 harm
KEEPDBG accept 3 cc 6.20356321991681E-01 sumModel-2.10149556587830E+02 sumForcing 1.37675522038797E+02 sumM 4.88734641465250E-02 trend-4.32057244551300E-02 aero 0.00000000000000E+00 level 1.48958294811145E+03 k0-2.81093176391732E+04 init-1.68685891955418E+00 IR-5.06957845481953E-01 impC 3.00176760627413E-02 mP 5.47379387093372E-03 year-5.48601554518334E-06 sumLPAP 1.29809696191975E+00 harm
KEEPDBG accept 6 cc 6.20719294653408E-01 sumModel-2.09345458937623E+02 sumForcing 1.39454613107566E+02 sumM 4.92101511671749E-02 trend-4.29628488379562E-02 aero 0.00000000000000E+00 level 1.47152593595180E+03 k0-2.76649615435024E+04 init-1.65654087044848E+00 IR-5.08585297989230E-01 impC 2.98489760847551E-02 mP 5.40305030332033E-03 year-5.48601554518334E-06 sumLPAP 1.29809696191975E+00 harm
KEEPDBG accept 10 cc 6.20692084681249E-01 sumModel-2.09588543476975E+02 sumForcing 1.33511117705458E+02 sumM 4.85520993318287E-02 trend-4.29192433047297E-02 aero 0.00000000000000E+00 level 1.50264103842210E+03 k0-2.90156210191937E+04 init-1.64040355280649E+00 IR-5.08707869367963E-01 impC 3.01015603174620E-02 mP 5.48718934752398E-03 year-5.48601554518334E-06 sumLPAP 1.29809696191975E+00 harm
KEEPDBG accept 6 cc 6.20719995251420E-01 sumModel-2.09345592630192E+02 sumForcing 1.39451042811929E+02 sumM 4.92098392678818E-02 trend-4.29625503168106E-02 aero 0.00000000000000E+00 level 1.47158212677623E+03 k0-2.76656457894045E+04 init-1.65654087044848E+00 IR-5.08585297989230E-01 impC 2.98489760847551E-02 mP 5.40305030332033E-03 year-5.48601554518334E-06 sumLPAP 1.29809696191975E+00 harm
KEEPDBG accept 16 cc 6.20559562842062E-01 sumModel-2.10879760080215E+02 sumForcing 1.54931470324852E+02 sumM 4.79578915655831E-02 trend-4.32814739540180E-02 aero 0.00000000000000E+00 level 1.05266083589528E+03 k0-1.72106821302067E+04 init-1.69550013754683E+00 IR-5.05430780312495E-01 impC 2.87865856977406E-02 mP 5.50883052784413E-03 year-5.48601554518334E-06 sumLPAP 1.29809696191975E+00 harm
KEEPDBG accept 6 cc 6.20720010290155E-01 sumModel-2.09345609031290E+02 sumForcing 1.39451042811929E+02 sumM 4.92133480685646E-02 trend-4.29625571653536E-02 aero 0.00000000000000E+00 level 1.47233507512011E+03 k0-2.76806046779195E+04 init-1.65654087044848E+00 IR-5.08585297989230E-01 impC 2.98489760847551E-02 mP 5.40305030332033E-03 year-5.48601554518334E-06 sumLPAP 1.29809696191975E+00 harm
KEEPDBG accept 12 cc 6.20483586988870E-01 sumModel-2.07324753167820E+02 sumForcing 1.34430638903632E+02 sumM 4.84328916029564E-02 trend-4.23624100205963E-02 aero 0.00000000000000E+00 level 1.45390871103987E+03 k0-2.82246257600976E+04 init-1.69189989939196E+00 IR-5.15395247820543E-01 impC 3.00482350502385E-02 mP 5.52485944481255E-03 year-5.48601554518334E-06 sumLPAP 1.29809696191975E+00 harm
KEEPDBG accept 1 cc 6.19679943298660E-01 sumModel-2.09915006424808E+02 sumForcing 1.34731587088623E+02 sumM 4.89565221860359E-02 trend-4.32296349832273E-02 aero 0.00000000000000E+00 level 1.56008139758736E+03 k0-3.01991109170509E+04 init-1.68576072977777E+00 IR-5.08810700677921E-01 impC 2.96481073344364E-02 mP 5.53065663671420E-03 year-5.48601554518334E-06 sumLPAP 1.29809696191975E+00 harm
KEEPDBG accept 2 cc 6.20620361953174E-01 sumModel-2.09667795373077E+02 sumForcing 1.32735645520363E+02 sumM 4.92156924965578E-02 trend-4.23735411747068E-02 aero 0.00000000000000E+00 level 1.63471974478579E+03 k0-3.20972783604279E+04 init-1.66926281639688E+00 IR-5.08438225504306E-01 impC 2.98148509581234E-02 mP 5.47913749061938E-03 year-5.48601554518334E-06 sumLPAP 1.29809696191975E+00 harm
KEEPDBG accept 9 cc 6.20155235025813E-01 sumModel-2.09874424161335E+02 sumForcing 1.84557919967086E+02 sumM 4.91601248422308E-02 trend-4.37530087853607E-02 aero 0.00000000000000E+00 level 9.19632365219857E+02 k0-1.25493590878631E+04 init-1.69128722231699E+00 IR-5.07990157849880E-01 impC 2.98765293552593E-02 mP 5.51747929730678E-03 year-5.48601554518334E-06 sumLPAP 1.29809696191975E+00 harm
KEEPDBG accept 6 cc 6.20720495499984E-01 sumModel-2.09345614197005E+02 sumForcing 1.39447364201712E+02 sumM 4.92133480685646E-02 trend-4.29614054918193E-02 aero 0.00000000000000E+00 level 1.47221891766569E+03 k0-2.76790408382316E+04 init-1.65639593991589E+00 IR-5.08585297989230E-01 impC 2.98489760847551E-02 mP 5.40305030332033E-03 year-5.48601554518334E-06 sumLPAP 1.29809696191975E+00 harm
KEEPDBG accept 8 cc 6.20027058141706E-01 sumModel-2.09506849962793E+02 sumForcing 1.54186140259849E+02 sumM 4.91423345584965E-02 trend-4.31369786533542E-02 aero 0.00000000000000E+00 level 1.19473948421065E+03 k0-1.96476530507742E+04 init-1.61437534577772E+00 IR-5.09397459626811E-01 impC 3.10934602250477E-02 mP 5.51545090919402E-03 year-5.48601554518334E-06 sumLPAP 1.29809696191975E+00 harm
KEEPDBG accept 5 cc 6.20170789932523E-01 sumModel-2.06564081921377E+02 sumForcing 1.35658563900090E+02 sumM 4.90822207323863E-02 trend-4.17171481445475E-02 aero 0.00000000000000E+00 level 1.53894813730011E+03 k0-2.95045472007945E+04 init-1.67034293390093E+00 IR-5.17443371775408E-01 impC 2.99134166798801E-02 mP 5.51699234124754E-03 year-5.48601554518334E-06 sumLPAP 1.29809696191975E+00 harm
KEEPDBG accept 9 cc 6.20160502711597E-01 sumModel-2.09876620993960E+02 sumForcing 1.84536207930599E+02 sumM 4.91601248422308E-02 trend-4.37414708153810E-02 aero 0.00000000000000E+00 level 9.19405790650090E+02 k0-1.25494346565477E+04 init-1.69128722231699E+00 IR-5.07990157849880E-01 impC 2.98765293552593E-02 mP 5.51747929730678E-03 year-5.48601554518334E-06 sumLPAP 1.29809696191975E+00 harm
KEEPDBG accept 9 cc 6.20307252812604E-01 sumModel-2.09940113378990E+02 sumForcing 1.77330418021364E+02 sumM 4.91601248422308E-02 trend-4.15278295196886E-02 aero 0.00000000000000E+00 level 9.27164446557438E+02 k0-1.29521011333739E+04 init-1.69128722231699E+00 IR-5.07990157849880E-01 impC 2.98765293552593E-02 mP 5.51747929730678E-03 year-5.48601554518334E-06 sumLPAP 1.29809696191975E+00 harm
KEEPDBG accept 15 cc 6.20892263302245E-01 sumModel-2.09997203064524E+02 sumForcing 1.37760358488453E+02 sumM 4.87246035548365E-02 trend-4.35993142134035E-02 aero 0.00000000000000E+00 level 1.47758405017978E+03 k0-2.77444447375107E+04 init-1.64752735742905E+00 IR-5.08666917181563E-01 impC 3.01482969733682E-02 mP 5.56480407157698E-03 year-5.48601554518334E-06 sumLPAP 1.29809696191975E+00 harm
KEEPDBG accept 7 cc 6.20127448443408E-01 sumModel-2.09391894985301E+02 sumForcing 1.45703461663047E+02 sumM 4.65286927985075E-02 trend-4.16649197322696E-02 aero 0.00000000000000E+00 level 1.05087239942652E+03 k0-1.77366841441396E+04 init-1.66133640022737E+00 IR-5.10350187884787E-01 impC 3.01620971431904E-02 mP 5.55056263306713E-03 year-5.48601554518334E-06 sumLPAP 1.29809696191975E+00 harm
KEEPDBG accept 8 cc 6.20643204830812E-01 sumModel-2.09347637026220E+02 sumForcing 1.55055935550027E+02 sumM 4.91423345584965E-02 trend-4.30993794152902E-02 aero 0.00000000000000E+00 level 1.22526601042188E+03 k0-2.01173857533527E+04 init-1.61437534577772E+00 IR-5.09397459626811E-01 impC 3.10934602250477E-02 mP 5.51545090919402E-03 year-5.48601554518334E-06 sumLPAP 1.29809696191975E+00 harm
KEEPDBG accept 2 cc 6.20764113022722E-01 sumModel-2.09681140388761E+02 sumForcing 1.32811794947021E+02 sumM 4.92156924965578E-02 trend-4.24756032179726E-02 aero 0.00000000000000E+00 level 1.57821833348429E+03 k0-3.11963369519354E+04 init-1.66926281639688E+00 IR-5.08438225504306E-01 impC 2.98148509581234E-02 mP 5.47913749061938E-03 year-5.48601554518334E-06 sumLPAP 1.29809696191975E+00 harm
KEEPDBG accept 15 cc 6.20892472098728E-01 sumModel-2.09997271284509E+02 sumForcing 1.37760034322351E+02 sumM 4.87246035548365E-02 trend-4.35990910012489E-02 aero 0.00000000000000E+00 level 1.47757732901671E+03 k0-2.77444103702120E+04 init-1.64752735742905E+00 IR-5.08666917181563E-01 impC 3.01482969733682E-02 mP 5.56480407157698E-03 year-5.48601554518334E-06 sumLPAP 1.29809696191975E+00 harm
KEEPDBG accept 4 cc 6.20047458327863E-01 sumModel-2.08211070602815E+02 sumForcing 1.36371609481184E+02 sumM 4.90018991601947E-02 trend-4.32498207478251E-02 aero 0.00000000000000E+00 level 1.55099185239657E+03 k0-2.98019069160769E+04 init-1.66697932083822E+00 IR-5.12927840121358E-01 impC 3.00369958819266E-02 mP 5.50819183455398E-03 year-5.48601554518334E-06 sumLPAP 1.29809696191975E+00 harm
KEEPDBG accept 10 cc 6.20697097927886E-01 sumModel-2.09587615786406E+02 sumForcing 1.33493390407658E+02 sumM 4.85520993318287E-02 trend-4.29136057461925E-02 aero 0.00000000000000E+00 level 1.50209224867348E+03 k0-2.90088875474091E+04 init-1.63968682753958E+00 IR-5.08707869367963E-01 impC 3.01015603174620E-02 mP 5.48718934752398E-03 year-5.48601554518334E-06 sumLPAP 1.29809696191975E+00 harm
KEEPDBG accept 6 cc 6.20720527454535E-01 sumModel-2.09339393845087E+02 sumForcing 1.39447364201712E+02 sumM 4.92133480685646E-02 trend-4.29597366425269E-02 aero 0.00000000000000E+00 level 1.47217038734476E+03 k0-2.76786656124284E+04 init-1.65639593991589E+00 IR-5.08601337495345E-01 impC 2.98489760847551E-02 mP 5.40305030332033E-03 year-5.48601554518334E-06 sumLPAP 1.29809696191975E+00 harm
KEEPDBG accept 15 cc 6.20898529990431E-01 sumModel-2.08878945674727E+02 sumForcing 1.37760034322351E+02 sumM 4.87246035548365E-02 trend-4.32992178324105E-02 aero 0.00000000000000E+00 level 1.46884700982889E+03 k0-2.76779690446255E+04 init-1.64752735742905E+00 IR-5.11536688699681E-01 impC 3.01482969733682E-02 mP 5.56480407157698E-03 year-5.48601554518334E-06 sumLPAP 1.29809696191975E+00 harm
KEEPDBG accept 3 cc 6.20511857724512E-01 sumModel-2.10149869220131E+02 sumForcing 1.37781859371964E+02 sumM 4.88734641465250E-02 trend-4.33017391715764E-02 aero 0.00000000000000E+00 level 1.44083399465325E+03 k0-2.73774308850121E+04 init-1.68685891955418E+00 IR-5.06957845481953E-01 impC 3.00176760627413E-02 mP 5.47379387093372E-03 year-5.48601554518334E-06 sumLPAP 1.29809696191975E+00 harm
KEEPDBG accept 13 cc 6.20911890398931E-01 sumModel-2.10101986548068E+02 sumForcing 1.36271916408384E+02 sumM 4.83459510109580E-02 trend-4.33131856060609E-02 aero 0.00000000000000E+00 level 1.48768642852834E+03 k0-2.81982654698226E+04 init-1.68384284642706E+00 IR-5.07394756338786E-01 impC 2.99334269463581E-02 mP 5.50092519849736E-03 year-5.48601554518334E-06 sumLPAP 1.29809696191975E+00 harm
KEEPDBG accept 14 cc 6.20646231692482E-01 sumModel-2.06268371754857E+02 sumForcing 1.32758294731214E+02 sumM 4.92009819263677E-02 trend-4.13741975711951E-02 aero 0.00000000000000E+00 level 1.57396733914866E+03 k0-3.08764595098795E+04 init-1.64643901679218E+00 IR-5.18162293613842E-01 impC 3.14346676160441E-02 mP 5.57494700060199E-03 year-5.48601554518334E-06 sumLPAP 1.29809696191975E+00 harm
KEEPDBG accept 6 cc 6.20720601067366E-01 sumModel-2.09324963365820E+02 sumForcing 1.39447364201712E+02 sumM 4.92133480685646E-02 trend-4.29558654949170E-02 aero 0.00000000000000E+00 level 1.47205781394662E+03 k0-2.76777952195909E+04 init-1.65639593991589E+00 IR-5.08638543548665E-01 impC 2.98489760847551E-02 mP 5.40305030332033E-03 year-5.48601554518334E-06 sumLPAP 1.29809696191975E+00 harm
KEEPDBG accept 2 cc 6.20764114258475E-01 sumModel-2.09673575709930E+02 sumForcing 1.32811794947021E+02 sumM 4.92156924965578E-02 trend-4.24756032179726E-02 aero 0.00000000000000E+00 level 1.57821833348429E+03 k0-3.11963369519354E+04 init-1.66926281639688E+00 IR-5.08438225504306E-01 impC 2.98500031008733E-02 mP 5.47913749061938E-03 year-5.48601554518334E-06 sumLPAP 1.29809696191975E+00 harm
KEEPDBG accept 2 cc 6.20764118970504E-01 sumModel-2.09640077434162E+02 sumForcing 1.32811794947021E+02 sumM 4.92156924965578E-02 trend-4.24756032179726E-02 aero 0.00000000000000E+00 level 1.57821833348429E+03 k0-3.11963369519354E+04 init-1.66926281639688E+00 IR-5.08438225504306E-01 impC 3.00056655153666E-02 mP 5.47913749061938E-03 year-5.48601554518334E-06 sumLPAP 1.29809696191975E+00 harm
KEEPDBG accept 11 cc 6.20810943698179E-01 sumModel-2.08288861552765E+02 sumForcing 1.38772568589084E+02 sumM 4.90589897117845E-02 trend-4.17373660058062E-02 aero 0.00000000000000E+00 level 1.43574929529639E+03 k0-2.65211115331830E+04 init-1.63140753232571E+00 IR-5.12297651743098E-01 impC 3.00717832938322E-02 mP 5.52241810649460E-03 year-5.48601554518334E-06 sumLPAP 1.29809696191975E+00 harm
KEEPDBG accept 6 cc 6.20805482272438E-01 sumModel-2.09365628636914E+02 sumForcing 1.38816960171286E+02 sumM 4.91575620823487E-02 trend-4.29034317774313E-02 aero 0.00000000000000E+00 level 1.48142294317878E+03 k0-2.77732310982159E+04 init-1.65639593991589E+00 IR-5.08638543548665E-01 impC 2.98489760847551E-02 mP 5.40305030332033E-03 year-5.48601554518334E-06 sumLPAP 1.29809696191975E+00 harm
KEEPDBG accept 5 cc 6.20170793607106E-01 sumModel-2.06564067259500E+02 sumForcing 1.35658563900090E+02 sumM 4.86131264656360E-02 trend-4.17171415512224E-02 aero 0.00000000000000E+00 level 1.43960125706272E+03 k0-2.74969499612079E+04 init-1.67034293390093E+00 IR-5.17443371775408E-01 impC 2.99134166798801E-02 mP 5.51699234124754E-03 year-5.48601554518334E-06 sumLPAP 1.29809696191975E+00 harm
KEEPDBG accept 16 cc 6.20559570530248E-01 sumModel-2.10644397049872E+02 sumForcing 1.54931470324852E+02 sumM 4.79578915655831E-02 trend-4.32814739540180E-02 aero 0.00000000000000E+00 level 1.05266083589528E+03 k0-1.72106821302067E+04 init-1.69550013754683E+00 IR-5.05430780312495E-01 impC 2.98824638338115E-02 mP 5.50883052784413E-03 year-5.48601554518334E-06 sumLPAP 1.29809696191975E+00 harm
KEEPDBG accept 6 cc 6.20805482298478E-01 sumModel-2.09365144421290E+02 sumForcing 1.38816960171286E+02 sumM 4.91575620823487E-02 trend-4.29034317774313E-02 aero 0.00000000000000E+00 level 1.48142294317878E+03 k0-2.77732310982159E+04 init-1.65639593991589E+00 IR-5.08638543548665E-01 impC 2.98512258785054E-02 mP 5.40305030332033E-03 year-5.48601554518334E-06 sumLPAP 1.29809696191975E+00 harm
KEEPDBG accept 9 cc 6.20465422157063E-01 sumModel-2.10053820269939E+02 sumForcing 1.78613153136322E+02 sumM 4.91601248422308E-02 trend-4.17016332766682E-02 aero 0.00000000000000E+00 level 9.42431084289322E+02 k0-1.30541287247653E+04 init-1.69128722231699E+00 IR-5.07990157849880E-01 impC 2.98765293552593E-02 mP 5.51747929730678E-03 year-5.48601554518334E-06 sumLPAP 1.29809696191975E+00 harm
KEEPDBG accept 7 cc 6.20197926006647E-01 sumModel-2.09403540602544E+02 sumForcing 1.45642875757216E+02 sumM 4.65286927985075E-02 trend-4.16478205336615E-02 aero 0.00000000000000E+00 level 1.05056149832720E+03 k0-1.77420122325125E+04 init-1.66133640022737E+00 IR-5.10350187884787E-01 impC 3.01620971431904E-02 mP 5.55056263306713E-03 year-5.48601554518334E-06 sumLPAP 1.29809696191975E+00 harm
KEEPDBG accept 13 cc 6.20911911449888E-01 sumModel-2.10102037743250E+02 sumForcing 1.36271865632431E+02 sumM 4.83459462546053E-02 trend-4.33131873638649E-02 aero 0.00000000000000E+00 level 1.48768613738703E+03 k0-2.81982214016449E+04 init-1.68384284642706E+00 IR-5.07394756338786E-01 impC 2.99334269463581E-02 mP 5.50092519849736E-03 year-5.48601554518334E-06 sumLPAP 1.29809696191975E+00 harm
KEEPDBG accept 9 cc 6.20829512280242E-01 sumModel-2.10034336790612E+02 sumForcing 1.78645539145285E+02 sumM 4.91601248422308E-02 trend-4.17902348835046E-02 aero 0.00000000000000E+00 level 9.16111068118459E+02 k0-1.27521114573479E+04 init-1.69128722231699E+00 IR-5.07990157849880E-01 impC 2.98765293552593E-02 mP 5.51747929730678E-03 year-5.48601554518334E-06 sumLPAP 1.29809696191975E+00 harm
KEEPDBG accept 10 cc 6.20866816595721E-01 sumModel-2.09611702914785E+02 sumForcing 1.32180601821737E+02 sumM 4.85520993318287E-02 trend-4.25360024789248E-02 aero 0.00000000000000E+00 level 1.46144955967425E+03 k0-2.84204403449918E+04 init-1.58765528577744E+00 IR-5.08707869367963E-01 impC 3.01015603174620E-02 mP 5.48718934752398E-03 year-5.48601554518334E-06 sumLPAP 1.29809696191975E+00 harm
KEEPDBG accept 4 cc 6.20048363134126E-01 sumModel-2.08321792390906E+02 sumForcing 1.36789617261193E+02 sumM 4.90018991601947E-02 trend-4.33204995541345E-02 aero 0.00000000000000E+00 level 1.56222097444954E+03 k0-2.98883471545147E+04 init-1.66697932083822E+00 IR-5.12927840121358E-01 impC 3.00369958819266E-02 mP 5.50819183455398E-03 year-5.48601554518334E-06 sumLPAP 1.29809696191975E+00 harm
KEEPDBG accept 7 cc 6.20576070801167E-01 sumModel-2.08748499616699E+02 sumForcing 1.42641861945472E+02 sumM 4.65286927985075E-02 trend-4.11945869726032E-02 aero 0.00000000000000E+00 level 1.00846223214283E+03 k0-1.76019842660247E+04 init-1.66133640022737E+00 IR-5.10350187884787E-01 impC 3.01620971431904E-02 mP 5.38979554066508E-03 year-5.48601554518334E-06 sumLPAP 1.29809696191975E+00 harm
KEEPDBG accept 4 cc 6.20048386635792E-01 sumModel-2.08321856768653E+02 sumForcing 1.36789617261193E+02 sumM 4.98734130127767E-02 trend-4.33205183452557E-02 aero 0.00000000000000E+00 level 1.78135190722295E+03 k0-3.43127932122724E+04 init-1.66697932083822E+00 IR-5.12927840121358E-01 impC 3.00369958819266E-02 mP 5.50819183455398E-03 year-5.48601554518334E-06 sumLPAP 1.29809696191975E+00 harm
KEEPDBG accept 6 cc 6.20805483217262E-01 sumModel-2.09365154960901E+02 sumForcing 1.38816972557958E+02 sumM 4.91575620823487E-02 trend-4.29034439312189E-02 aero 0.00000000000000E+00 level 1.48142177276841E+03 k0-2.77731869377262E+04 init-1.65639593991589E+00 IR-5.08638543548665E-01 impC 2.98512258785054E-02 mP 5.40305030332033E-03 year-5.48601554518334E-06 sumLPAP 1.29809696191975E+00 harm
KEEPDBG accept 16 cc 6.20583112920328E-01 sumModel-2.10786524069228E+02 sumForcing 1.55825182059816E+02 sumM 4.79578915655831E-02 trend-4.33904685443470E-02 aero 0.00000000000000E+00 level 1.06623278684997E+03 k0-1.73119745943146E+04 init-1.69550013754683E+00 IR-5.05430780312495E-01 impC 2.98824638338115E-02 mP 5.55506906647741E-03 year-5.48601554518334E-06 sumLPAP 1.29809696191975E+00 harm
KEEPDBG accept 16 cc 6.20602329259441E-01 sumModel-2.11024298103758E+02 sumForcing 1.52046909717350E+02 sumM 4.79578915655831E-02 trend-4.24491959262515E-02 aero 0.00000000000000E+00 level 9.93309987781542E+02 k0-1.63181983848737E+04 init-1.56739130305697E+00 IR-5.05430780312495E-01 impC 2.98824638338115E-02 mP 5.55506906647741E-03 year-5.48601554518334E-06 sumLPAP 1.29809696191975E+00 harm
KEEPDBG accept 11 cc 6.20818919126937E-01 sumModel-2.08290418253257E+02 sumForcing 1.43777381032490E+02 sumM 4.90589897117845E-02 trend-4.17323939704555E-02 aero 0.00000000000000E+00 level 1.34258827460399E+03 k0-2.38420000801347E+04 init-1.63140753232571E+00 IR-5.12297651743098E-01 impC 3.00717832938322E-02 mP 5.52241810649460E-03 year-5.48601554518334E-06 sumLPAP 1.29809696191975E+00 harm
KEEPDBG accept 1 cc 6.19680226657299E-01 sumModel-2.09915191781132E+02 sumForcing 1.34730621362716E+02 sumM 4.89565221860359E-02 trend-4.32290264738618E-02 aero 0.00000000000000E+00 level 1.56005448086881E+03 k0-3.01989727332285E+04 init-1.68576072977777E+00 IR-5.08810700677921E-01 impC 2.96481073344364E-02 mP 5.53065663671420E-03 year-5.48601554518334E-06 sumLPAP 1.29809696191975E+00 harm
KEEPDBG accept 10 cc 6.20988588048173E-01 sumModel-2.09855948843273E+02 sumForcing 1.33605810598726E+02 sumM 4.85520993318287E-02 trend-4.26851969617493E-02 aero 0.00000000000000E+00 level 1.49754146530724E+03 k0-2.87751389193410E+04 init-1.58765528577744E+00 IR-5.08707869367963E-01 impC 3.01015603174620E-02 mP 5.57313798372505E-03 year-5.48601554518334E-06 sumLPAP 1.29809696191975E+00 harm
KEEPDBG accept 1 cc 6.19717192276518E-01 sumModel-2.09902958002563E+02 sumForcing 1.34432917042994E+02 sumM 4.89565221860359E-02 trend-4.31304227281605E-02 aero 0.00000000000000E+00 level 1.54869345624659E+03 k0-3.00494729919806E+04 init-1.67297580344982E+00 IR-5.08810700677921E-01 impC 2.96481073344364E-02 mP 5.53065663671420E-03 year-5.48601554518334E-06 sumLPAP 1.29809696191975E+00 harm
KEEPDBG accept 5 cc 6.20170809592893E-01 sumModel-2.06564075459624E+02 sumForcing 1.35658563900090E+02 sumM 4.85799089960799E-02 trend-4.17171462865045E-02 aero 0.00000000000000E+00 level 1.43295296123716E+03 k0-2.73625831743684E+04 init-1.67034293390093E+00 IR-5.17443371775408E-01 impC 2.99134166798801E-02 mP 5.51699234124754E-03 year-5.48601554518334E-06 sumLPAP 1.29809696191975E+00 harm
KEEPDBG accept 15 cc 6.20899223865799E-01 sumModel-2.08879020837813E+02 sumForcing 1.37758790224520E+02 sumM 4.87246035548365E-02 trend-4.32983268285235E-02 aero 0.00000000000000E+00 level 1.46882570373901E+03 k0-2.76780703386923E+04 init-1.64752735742905E+00 IR-5.11536688699681E-01 impC 3.01482969733682E-02 mP 5.56480407157698E-03 year-5.48601554518334E-06 sumLPAP 1.29809696191975E+00 harm
KEEPDBG accept 10 cc 6.20988619756375E-01 sumModel-2.09856040083511E+02 sumForcing 1.33605811209464E+02 sumM 4.85520993318287E-02 trend-4.26852131418232E-02 aero 0.00000000000000E+00 level 1.49753951695842E+03 k0-2.87750383214919E+04 init-1.58765528577744E+00 IR-5.08707869367963E-01 impC 3.01015603174620E-02 mP 5.57313798372505E-03 year-5.48601554518334E-06 sumLPAP 1.29809696191975E+00 harm
KEEPDBG accept 6 cc 6.20806861300957E-01 sumModel-2.09366686483279E+02 sumForcing 1.38829169880151E+02 sumM 4.91575620823487E-02 trend-4.29048131376085E-02 aero 0.00000000000000E+00 level 1.48172034583944E+03 k0-2.77763919328567E+04 init-1.65639593991589E+00 IR-5.08638543548665E-01 impC 2.98512258785054E-02 mP 5.40376163605760E-03 year-5.48601554518334E-06 sumLPAP 1.29809696191975E+00 harm
KEEPDBG accept 15 cc 6.20900343418287E-01 sumModel-2.08476379124628E+02 sumForcing 1.37758790224520E+02 sumM 4.87246035548365E-02 trend-4.31907638091702E-02 aero 0.00000000000000E+00 level 1.46569420061804E+03 k0-2.76542365541964E+04 init-1.64752735742905E+00 IR-5.12566059829043E-01 impC 3.01482969733682E-02 mP 5.56480407157698E-03 year-5.48601554518334E-06 sumLPAP 1.29809696191975E+00 harm
KEEPDBG accept 14 cc 6.20654916129529E-01 sumModel-2.06277386989706E+02 sumForcing 1.32723224708323E+02 sumM 4.92009819263677E-02 trend-4.13536677526981E-02 aero 0.00000000000000E+00 level 1.57294153735807E+03 k0-3.08687781426641E+04 init-1.64643901679218E+00 IR-5.18162293613842E-01 impC 3.14346676160441E-02 mP 5.57494700060199E-03 year-5.48601554518334E-06 sumLPAP 1.29809696191975E+00 harm
KEEPDBG accept 2 cc 6.20764345829936E-01 sumModel-2.09640330339995E+02 sumForcing 1.32810713015349E+02 sumM 4.92156924965578E-02 trend-4.24749192393596E-02 aero 0.00000000000000E+00 level 1.57819021334499E+03 k0-3.11962555378993E+04 init-1.66926281639688E+00 IR-5.08438225504306E-01 impC 3.00056655153666E-02 mP 5.47913749061938E-03 year-5.48601554518334E-06 sumLPAP 1.29809696191975E+00 harm
KEEPDBG accept 13 cc 6.20911911458467E-01 sumModel-2.10103400294083E+02 sumForcing 1.36271865632431E+02 sumM 4.83459462546053E-02 trend-4.33131873638649E-02 aero 0.00000000000000E+00 level 1.48768613738703E+03 k0-2.81982214016449E+04 init-1.68384284642706E+00 IR-5.07394756338786E-01 impC 2.99270909757399E-02 mP 5.50092519849736E-03 year-5.48601554518334E-06 sumLPAP 1.29809696191975E+00 harm
KEEPDBG accept 13 cc 6.20921181921610E-01 sumModel-2.10087988347049E+02 sumForcing 1.36218014024177E+02 sumM 4.83459462546053E-02 trend-4.33050338487836E-02 aero 0.00000000000000E+00 level 1.48645348047253E+03 k0-2.81925994701873E+04 init-1.68384284642706E+00 IR-5.07394756338786E-01 impC 2.99270909757399E-02 mP 5.49771788576691E-03 year-5.48601554518334E-06 sumLPAP 1.29809696191975E+00 harm
KEEPDBG accept 8 cc 6.20711852592645E-01 sumModel-2.09399527503425E+02 sumForcing 1.55085247020218E+02 sumM 4.91423345584965E-02 trend-4.32108831526811E-02 aero 0.00000000000000E+00 level 1.19880105677348E+03 k0-1.97363948520705E+04 init-1.61437534577772E+00 IR-5.09397459626811E-01 impC 3.10934602250477E-02 mP 5.51545090919402E-03 year-5.48601554518334E-06 sumLPAP 1.29809696191975E+00 harm
KEEPDBG accept 1 cc 6.19717198093806E-01 sumModel-2.09903004869020E+02 sumForcing 1.34432917042994E+02 sumM 4.99089424798690E-02 trend-4.31304376949721E-02 aero 0.00000000000000E+00 level 1.78440759835502E+03 k0-3.48773864039311E+04 init-1.67297580344982E+00 IR-5.08810700677921E-01 impC 2.96481073344364E-02 mP 5.53065663671420E-03 year-5.48601554518334E-06 sumLPAP 1.29809696191975E+00 harm
KEEPDBG accept 13 cc 6.20922759145088E-01 sumModel-2.10087635522223E+02 sumForcing 1.36218100264842E+02 sumM 4.83459462546053E-02 trend-4.33052728386595E-02 aero 0.00000000000000E+00 level 1.48632096066541E+03 k0-2.81908890560949E+04 init-1.68384284642706E+00 IR-5.07394756338786E-01 impC 2.99270909757399E-02 mP 5.49771788576691E-03 year-5.48601554518334E-06 sumLPAP 1.29809696191975E+00 harm
KEEPDBG accept 13 cc 6.20925661326830E-01 sumModel-2.10082740492186E+02 sumForcing 1.36200667549762E+02 sumM 4.83459462546053E-02 trend-4.33026507195819E-02 aero 0.00000000000000E+00 level 1.48592126117911E+03 k0-2.81889772770026E+04 init-1.68384284642706E+00 IR-5.07394756338786E-01 impC 2.99270909757399E-02 mP 5.49667955493142E-03 year-5.48601554518334E-06 sumLPAP 1.29809696191975E+00 harm
KEEPDBG accept 14 cc 6.20658820080200E-01 sumModel-2.06282120286002E+02 sumForcing 1.32706624304185E+02 sumM 4.92009819263677E-02 trend-4.13440563368629E-02 aero 0.00000000000000E+00 level 1.57244232707177E+03 k0-3.08645027868685E+04 init-1.64643901679218E+00 IR-5.18162293613842E-01 impC 3.14346676160441E-02 mP 5.57494700060199E-03 year-5.48601554518334E-06 sumLPAP 1.29809696191975E+00 harm
KEEPDBG accept 9 cc 6.20847704164554E-01 sumModel-2.10045053411144E+02 sumForcing 1.78590733716184E+02 sumM 4.91601248422308E-02 trend-4.17704688509105E-02 aero 0.00000000000000E+00 level 9.15564861140978E+02 k0-1.27511746767903E+04 init-1.69128722231699E+00 IR-5.07990157849880E-01 impC 2.98765293552593E-02 mP 5.51747929730678E-03 year-5.48601554518334E-06 sumLPAP 1.29809696191975E+00 harm
KEEPDBG accept 13 cc 6.20925858079981E-01 sumModel-2.10082853970123E+02 sumForcing 1.36200473187052E+02 sumM 4.83459462546053E-02 trend-4.33025564502378E-02 aero 0.00000000000000E+00 level 1.48591534761702E+03 k0-2.81888598095473E+04 init-1.68384284642706E+00 IR-5.07394756338786E-01 impC 2.99270909757399E-02 mP 5.49667955493142E-03 year-5.48601554518334E-06 sumLPAP 1.29809696191975E+00 harm
KEEPDBG accept 9 cc 6.20847713796574E-01 sumModel-2.09565011408674E+02 sumForcing 1.78590733716184E+02 sumM 4.91601248422308E-02 trend-4.17704688509105E-02 aero 0.00000000000000E+00 level 9.15564861140978E+02 k0-1.27511746767903E+04 init-1.69128722231699E+00 IR-5.07990157849880E-01 impC 3.21078858970797E-02 mP 5.51747929730678E-03 year-5.48601554518334E-06 sumLPAP 1.29809696191975E+00 harm
KEEPDBG accept 3 cc 6.20847344392170E-01 sumModel-2.10209349394938E+02 sumForcing 1.38783906893944E+02 sumM 4.88734641465250E-02 trend-4.33893686814539E-02 aero 0.00000000000000E+00 level 1.48933442914791E+03 k0-2.79742185486438E+04 init-1.68685891955418E+00 IR-5.06957845481953E-01 impC 3.00176760627413E-02 mP 5.47379387093372E-03 year-5.48601554518334E-06 sumLPAP 1.29809696191975E+00 harm
KEEPDBG accept 15 cc 6.21230006955048E-01 sumModel-2.08388178523405E+02 sumForcing 1.35780600745689E+02 sumM 4.87246035548365E-02 trend-4.23540821676848E-02 aero 0.00000000000000E+00 level 1.47544448951158E+03 k0-2.80365807051285E+04 init-1.64752735742905E+00 IR-5.12566059829043E-01 impC 3.01482969733682E-02 mP 5.56480407157698E-03 year-5.48601554518334E-06 sumLPAP 1.29809696191975E+00 harm
KEEPDBG accept 5 cc 6.20323355236078E-01 sumModel-2.06622318764862E+02 sumForcing 1.36204072254707E+02 sumM 4.85799089960799E-02 trend-4.17684624062956E-02 aero 0.00000000000000E+00 level 1.45869328813253E+03 k0-2.76584651385386E+04 init-1.67034293390093E+00 IR-5.17443371775408E-01 impC 2.99134166798801E-02 mP 5.51699234124754E-03 year-5.48601554518334E-06 sumLPAP 1.29809696191975E+00 harm
KEEPDBG accept 12 cc 6.20634806864000E-01 sumModel-2.07290453551301E+02 sumForcing 1.32433671445675E+02 sumM 4.84328916029564E-02 trend-4.15321826341440E-02 aero 0.00000000000000E+00 level 1.46202936562053E+03 k0-2.85966215091096E+04 init-1.69189989939196E+00 IR-5.15395247820543E-01 impC 3.00482350502385E-02 mP 5.52485944481255E-03 year-5.48601554518334E-06 sumLPAP 1.29809696191975E+00 harm
KEEPDBG accept 7 cc 6.20579391534543E-01 sumModel-2.08749062855206E+02 sumForcing 1.44483647019702E+02 sumM 4.65286927985075E-02 trend-4.11933583068549E-02 aero 0.00000000000000E+00 level 9.84821336193186E+02 k0-1.69365083472746E+04 init-1.66133640022737E+00 IR-5.10350187884787E-01 impC 3.01620971431904E-02 mP 5.38979554066508E-03 year-5.48601554518334E-06 sumLPAP 1.29809696191975E+00 harm
KEEPDBG accept 12 cc 6.20634821557835E-01 sumModel-2.07290439107185E+02 sumForcing 1.32433671445675E+02 sumM 4.77047808041825E-02 trend-4.15321759879679E-02 aero 0.00000000000000E+00 level 1.32501809968028E+03 k0-2.57645754863729E+04 init-1.69189989939196E+00 IR-5.15395247820543E-01 impC 3.00482350502385E-02 mP 5.52485944481255E-03 year-5.48601554518334E-06 sumLPAP 1.29809696191975E+00 harm
KEEPDBG accept 7 cc 6.20620686688717E-01 sumModel-2.08756862996732E+02 sumForcing 1.44442285115520E+02 sumM 4.65286927985075E-02 trend-4.11782305807891E-02 aero 0.00000000000000E+00 level 9.84498805107554E+02 k0-1.69398499444850E+04 init-1.66133640022737E+00 IR-5.10350187884787E-01 impC 3.01620971431904E-02 mP 5.38979554066508E-03 year-5.48601554518334E-06 sumLPAP 1.29809696191975E+00 harm
KEEPDBG accept 12 cc 6.20634827817652E-01 sumModel-2.07290515391894E+02 sumForcing 1.32433671445675E+02 sumM 4.91216440380434E-02 trend-4.15322019243760E-02 aero 0.00000000000000E+00 level 1.61353561156983E+03 k0-3.17282291280350E+04 init-1.69189989939196E+00 IR-5.15395247820543E-01 impC 3.00482350502385E-02 mP 5.52485944481255E-03 year-5.48601554518334E-06 sumLPAP 1.29809696191975E+00 harm
KEEPDBG accept 10 cc 6.20989788436893E-01 sumModel-2.09854901829662E+02 sumForcing 1.33620527709096E+02 sumM 4.85535237515315E-02 trend-4.26868072939458E-02 aero 0.00000000000000E+00 level 1.49732595820973E+03 k0-2.87732784309935E+04 init-1.58765528577744E+00 IR-5.08707869367963E-01 impC 3.01015603174620E-02 mP 5.57313798372505E-03 year-5.48601554518334E-06 sumLPAP 1.29809696191975E+00 harm
KEEPDBG accept 11 cc 6.20818971243869E-01 sumModel-2.07982812294115E+02 sumForcing 1.43777381032490E+02 sumM 4.90589897117845E-02 trend-4.17323939704555E-02 aero 0.00000000000000E+00 level 1.34258827460399E+03 k0-2.38420000801347E+04 init-1.63140753232571E+00 IR-5.12297651743098E-01 impC 3.14975598046601E-02 mP 5.52241810649460E-03 year-5.48601554518334E-06 sumLPAP 1.29809696191975E+00 harm
KEEPDBG accept 8 cc 6.20711879153253E-01 sumModel-2.09399634047266E+02 sumForcing 1.55085247020218E+02 sumM 5.07915122457574E-02 trend-4.32109171443090E-02 aero 0.00000000000000E+00 level 1.54855153970210E+03 k0-2.59158238146530E+04 init-1.61437534577772E+00 IR-5.09397459626811E-01 impC 3.10934602250477E-02 mP 5.51545090919402E-03 year-5.48601554518334E-06 sumLPAP 1.29809696191975E+00 harm
KEEPDBG accept 16 cc 6.20603169359252E-01 sumModel-2.11024934462757E+02 sumForcing 1.52043918460648E+02 sumM 4.79578915655831E-02 trend-4.24474167475590E-02 aero 0.00000000000000E+00 level 9.93258172931254E+02 k0-1.63179628831771E+04 init-1.56739130305697E+00 IR-5.05430780312495E-01 impC 2.98824638338115E-02 mP 5.55506906647741E-03 year-5.48601554518334E-06 sumLPAP 1.29809696191975E+00 harm
KEEPDBG accept 15 cc 6.21230006955732E-01 sumModel-2.08388175359300E+02 sumForcing 1.35780600745689E+02 sumM 4.87246035548365E-02 trend-4.23540821676848E-02 aero 0.00000000000000E+00 level 1.47544448951158E+03 k0-2.80365807051285E+04 init-1.64752735742905E+00 IR-5.12566059829043E-01 impC 3.01483116366372E-02 mP 5.56480407157698E-03 year-5.48601554518334E-06 sumLPAP 1.29809696191975E+00 harm
KEEPDBG accept 3 cc 6.21071012804293E-01 sumModel-2.10191777652863E+02 sumForcing 1.37639895199896E+02 sumM 4.88734641465250E-02 trend-4.29264838353715E-02 aero 0.00000000000000E+00 level 1.49452134331335E+03 k0-2.81984330412369E+04 init-1.68685891955418E+00 IR-5.06957845481953E-01 impC 3.00176760627413E-02 mP 5.47379387093372E-03 year-5.48601554518334E-06 sumLPAP 1.29809696191975E+00 harm
KEEPDBG accept 6 cc 6.20824132682658E-01 sumModel-2.09363220662398E+02 sumForcing 1.38859234096580E+02 sumM 4.91575620823487E-02 trend-4.29049452469802E-02 aero 0.00000000000000E+00 level 1.48315078118197E+03 k0-2.77985661875536E+04 init-1.65639593991589E+00 IR-5.08638543548665E-01 impC 2.98512258785054E-02 mP 5.40376163605760E-03 year-5.48601554518334E-06 sumLPAP 1.29809696191975E+00 harm
KEEPDBG accept 2 cc 6.20764349022233E-01 sumModel-2.09610022972930E+02 sumForcing 1.32810713015349E+02 sumM 4.92156924965578E-02 trend-4.24749192393596E-02 aero 0.00000000000000E+00 level 1.57819021334499E+03 k0-3.11962555378993E+04 init-1.66926281639688E+00 IR-5.08438225504306E-01 impC 3.01465001650900E-02 mP 5.47913749061938E-03 year-5.48601554518334E-06 sumLPAP 1.29809696191975E+00 harm
KEEPDBG accept 12 cc 6.20634865112032E-01 sumModel-2.07290599897111E+02 sumForcing 1.32433671445675E+02 sumM 4.94120952202295E-02 trend-4.15322225040346E-02 aero 0.00000000000000E+00 level 1.68498165096407E+03 k0-3.32049562430432E+04 init-1.69189989939196E+00 IR-5.15395247820543E-01 impC 3.00482350502385E-02 mP 5.52485944481255E-03 year-5.48601554518334E-06 sumLPAP 1.29809696191975E+00 harm
KEEPDBG accept 16 cc 6.20603176304640E-01 sumModel-2.11024945038463E+02 sumForcing 1.52043918460648E+02 sumM 4.84465170138201E-02 trend-4.24474264170004E-02 aero 0.00000000000000E+00 level 1.06016906108864E+03 k0-1.75139049806774E+04 init-1.56739130305697E+00 IR-5.05430780312495E-01 impC 2.98824638338115E-02 mP 5.55506906647741E-03 year-5.48601554518334E-06 sumLPAP 1.29809696191975E+00 harm
KEEPDBG accept 9 cc 6.20907469181749E-01 sumModel-2.09602697411244E+02 sumForcing 1.79017644620685E+02 sumM 4.91601248422308E-02 trend-4.18279507244149E-02 aero 0.00000000000000E+00 level 9.20734121377267E+02 k0-1.27884959395720E+04 init-1.69128722231699E+00 IR-5.07990157849880E-01 impC 3.21078858970797E-02 mP 5.51747929730678E-03 year-5.48601554518334E-06 sumLPAP 1.29809696191975E+00 harm
KEEPDBG accept 13 cc 6.20926046281936E-01 sumModel-2.10082824486703E+02 sumForcing 1.36200140258247E+02 sumM 4.83459462546053E-02 trend-4.33023441220788E-02 aero 0.00000000000000E+00 level 1.48591348185612E+03 k0-2.81890342020631E+04 init-1.68384284642706E+00 IR-5.07394756338786E-01 impC 2.99270909757399E-02 mP 5.49667955493142E-03 year-5.48601554518334E-06 sumLPAP 1.29809696191975E+00 harm
KEEPDBG accept 8 cc 6.20719695722174E-01 sumModel-2.01277408250897E+02 sumForcing 1.55085247020218E+02 sumM 5.07915122457574E-02 trend-4.10763643710140E-02 aero 0.00000000000000E+00 level 1.48278511857990E+03 k0-2.54637006763968E+04 init-1.61437534577772E+00 IR-5.29886319515210E-01 impC 3.10934602250477E-02 mP 5.51545090919402E-03 year-5.48601554518334E-06 sumLPAP 1.29809696191975E+00 harm
KEEPDBG accept 6 cc 6.20855448093517E-01 sumModel-2.09371135683668E+02 sumForcing 1.38869249840545E+02 sumM 4.91575620823487E-02 trend-4.29241201899938E-02 aero 0.00000000000000E+00 level 1.47624192665792E+03 k0-2.76872057442151E+04 init-1.65639593991589E+00 IR-5.08638543548665E-01 impC 2.98512258785054E-02 mP 5.40376163605760E-03 year-5.48601554518334E-06 sumLPAP 1.29809696191975E+00 harm
KEEPDBG accept 2 cc 6.20813174149707E-01 sumModel-2.10102155103124E+02 sumForcing 1.34743734360889E+02 sumM 4.92156924965578E-02 trend-4.27786878273364E-02 aero 0.00000000000000E+00 level 1.63570083280496E+03 k0-3.15957139751212E+04 init-1.66926281639688E+00 IR-5.08438225504306E-01 impC 3.01465001650900E-02 mP 5.59620524629004E-03 year-5.48601554518334E-06 sumLPAP 1.29809696191975E+00 harm
KEEPDBG accept 15 cc 6.21230051667163E-01 sumModel-2.08388238606292E+02 sumForcing 1.35780600163484E+02 sumM 4.87246035548365E-02 trend-4.23540999283205E-02 aero 0.00000000000000E+00 level 1.47544152920052E+03 k0-2.80364637292306E+04 init-1.64752735742905E+00 IR-5.12566059829043E-01 impC 3.01483116366372E-02 mP 5.56480407157698E-03 year-5.48601554518334E-06 sumLPAP 1.29809696191975E+00 harm
KEEPDBG accept 15 cc 6.21230066240962E-01 sumModel-2.08388280952992E+02 sumForcing 1.35780588879133E+02 sumM 4.87246035548365E-02 trend-4.23540995380859E-02 aero 0.00000000000000E+00 level 1.47544146048744E+03 k0-2.80364458274530E+04 init-1.64752735742905E+00 IR-5.12566059829043E-01 impC 3.01483116366372E-02 mP 5.56480407157698E-03 year-5.48601554518334E-06 sumLPAP 1.29809696191975E+00 harm
KEEPDBG accept 15 cc 6.21230071452052E-01 sumModel-2.08388262262911E+02 sumForcing 1.35780577498859E+02 sumM 4.87246035548365E-02 trend-4.23540986162708E-02 aero 0.00000000000000E+00 level 1.47544168999364E+03 k0-2.80364502879582E+04 init-1.64752735742905E+00 IR-5.12566059829043E-01 impC 3.01483116366372E-02 mP 5.56480340401768E-03 year-5.48601554518334E-06 sumLPAP 1.29809696191975E+00 harm
KEEPDBG accept 13 cc 6.20926055621225E-01 sumModel-2.10082837890661E+02 sumForcing 1.36200140258247E+02 sumM 4.83016339385985E-02 trend-4.33023467753917E-02 aero 0.00000000000000E+00 level 1.47671972585396E+03 k0-2.80044349550295E+04 init-1.68384284642706E+00 IR-5.07394756338786E-01 impC 2.99270909757399E-02 mP 5.49667955493142E-03 year-5.48601554518334E-06 sumLPAP 1.29809696191975E+00 harm
KEEPDBG accept 15 cc 6.21230182659666E-01 sumModel-2.08388245613449E+02 sumForcing 1.35780682470166E+02 sumM 4.87245123143075E-02 trend-4.23541096311205E-02 aero 0.00000000000000E+00 level 1.47545484678976E+03 k0-2.80366258775695E+04 init-1.64752735742905E+00 IR-5.12566059829043E-01 impC 3.01483116366372E-02 mP 5.56480340401768E-03 year-5.48601554518334E-06 sumLPAP 1.29809696191975E+00 harm
KEEPDBG accept 6 cc 6.20856831358420E-01 sumModel-2.09480553331243E+02 sumForcing 1.35504077023253E+02 sumM 4.91575620823487E-02 trend-4.15655337973524E-02 aero 0.00000000000000E+00 level 1.48508431461646E+03 k0-2.82095680019368E+04 init-1.65639593991589E+00 IR-5.08638543548665E-01 impC 2.98512258785054E-02 mP 5.40376163605760E-03 year-5.48601554518334E-06 sumLPAP 1.29809696191975E+00 harm
KEEPDBG accept 3 cc 6.21671750068467E-01 sumModel-2.10046852933180E+02 sumForcing 1.35489576633083E+02 sumM 4.88734641465250E-02 trend-4.21815005032278E-02 aero 0.00000000000000E+00 level 1.42850283763258E+03 k0-2.74457399160794E+04 init-1.60406302018696E+00 IR-5.06957845481953E-01 impC 3.00176760627413E-02 mP 5.47379387093372E-03 year-5.48601554518334E-06 sumLPAP 1.29809696191975E+00 harm
KEEPDBG accept 10 cc 6.21052872339399E-01 sumModel-2.09853688672893E+02 sumForcing 1.33801203905126E+02 sumM 4.85535237515315E-02 trend-4.26883437837449E-02 aero 0.00000000000000E+00 level 1.50552860099134E+03 k0-2.88868158995477E+04 init-1.58765528577744E+00 IR-5.08707869367963E-01 impC 3.01015603174620E-02 mP 5.57313798372505E-03 year-5.48601554518334E-06 sumLPAP 1.29809696191975E+00 harm
KEEPDBG accept 6 cc 6.20866793694155E-01 sumModel-2.08957140578828E+02 sumForcing 1.35504077023253E+02 sumM 4.91575620823487E-02 trend-4.14272337787047E-02 aero 0.00000000000000E+00 level 1.48110324324027E+03 k0-2.81785830525199E+04 init-1.65639593991589E+00 IR-5.09987879221526E-01 impC 2.98512258785054E-02 mP 5.40376163605760E-03 year-5.48601554518334E-06 sumLPAP 1.29809696191975E+00 harm
KEEPDBG accept 3 cc 6.21672178385495E-01 sumModel-2.10046816983088E+02 sumForcing 1.35490032986235E+02 sumM 4.88734641465250E-02 trend-4.21815109476295E-02 aero 0.00000000000000E+00 level 1.42852436879355E+03 k0-2.74460472991073E+04 init-1.60406302018696E+00 IR-5.06957845481953E-01 impC 3.00176760627413E-02 mP 5.47379387093372E-03 year-5.48601554518334E-06 sumLPAP 1.29809696191975E+00 harm
KEEPDBG accept 6 cc 6.20877923109982E-01 sumModel-2.08959514308295E+02 sumForcing 1.35550285728551E+02 sumM 4.91575620823487E-02 trend-4.14320634300439E-02 aero 0.00000000000000E+00 level 1.48227784075959E+03 k0-2.81926672682025E+04 init-1.65639593991589E+00 IR-5.09987879221526E-01 impC 2.98512258785054E-02 mP 5.40639755423893E-03 year-5.48601554518334E-06 sumLPAP 1.29809696191975E+00 harm
KEEPDBG accept 11 cc 6.20830718309021E-01 sumModel-2.07985128950439E+02 sumForcing 1.51939474198971E+02 sumM 4.90589897117845E-02 trend-4.17249795856896E-02 aero 0.00000000000000E+00 level 1.21000618355755E+03 k0-2.01962763454277E+04 init-1.63140753232571E+00 IR-5.12297651743098E-01 impC 3.14975598046601E-02 mP 5.52241810649460E-03 year-5.48601554518334E-06 sumLPAP 1.29809696191975E+00 harm
KEEPDBG accept 16 cc 6.20834305540431E-01 sumModel-2.10873429402431E+02 sumForcing 1.52980606329191E+02 sumM 4.84465170138201E-02 trend-4.26318795808326E-02 aero 0.00000000000000E+00 level 1.07900686821248E+03 k0-1.78300070524881E+04 init-1.59810304192522E+00 IR-5.05430780312495E-01 impC 2.98824638338115E-02 mP 5.55506906647741E-03 year-5.48601554518334E-06 sumLPAP 1.29809696191975E+00 harm
KEEPDBG accept 9 cc 6.20907469509220E-01 sumModel-2.09602719313844E+02 sumForcing 1.79017644620685E+02 sumM 4.94406505628934E-02 trend-4.18279595866317E-02 aero 0.00000000000000E+00 level 9.58791005960194E+02 k0-1.33667667323627E+04 init-1.69128722231699E+00 IR-5.07990157849880E-01 impC 3.21078858970797E-02 mP 5.51747929730678E-03 year-5.48601554518334E-06 sumLPAP 1.29809696191975E+00 harm
KEEPDBG accept 15 cc 6.21231475565944E-01 sumModel-2.08387883051303E+02 sumForcing 1.35776383035847E+02 sumM 4.87245123143075E-02 trend-4.23527584004863E-02 aero 0.00000000000000E+00 level 1.47532957004890E+03 k0-2.80352335568753E+04 init-1.64736289073551E+00 IR-5.12566059829043E-01 impC 3.01483116366372E-02 mP 5.56480340401768E-03 year-5.48601554518334E-06 sumLPAP 1.29809696191975E+00 harm
KEEPDBG accept 7 cc 6.20620690520840E-01 sumModel-2.08756991205727E+02 sumForcing 1.44442285115520E+02 sumM 4.78670709086268E-02 trend-4.11782770466258E-02 aero 0.00000000000000E+00 level 1.16853586818811E+03 k0-2.03784703204522E+04 init-1.66133640022737E+00 IR-5.10350187884787E-01 impC 3.01620971431904E-02 mP 5.38979554066508E-03 year-5.48601554518334E-06 sumLPAP 1.29809696191975E+00 harm
KEEPDBG accept 6 cc 6.20880651298814E-01 sumModel-2.08960376429509E+02 sumForcing 1.35546720341366E+02 sumM 4.91575620823487E-02 trend-4.14304389209260E-02 aero 0.00000000000000E+00 level 1.48221250821929E+03 k0-2.81927425862735E+04 init-1.65639593991589E+00 IR-5.09987879221526E-01 impC 2.98512258785054E-02 mP 5.40639755423893E-03 year-5.48601554518334E-06 sumLPAP 1.29809696191975E+00 harm
KEEPDBG accept 15 cc 6.21233932438315E-01 sumModel-2.08387366657061E+02 sumForcing 1.35755160107558E+02 sumM 4.87245123143075E-02 trend-4.23438465492358E-02 aero 0.00000000000000E+00 level 1.47542285030651E+03 k0-2.80392043845984E+04 init-1.64736289073551E+00 IR-5.12566059829043E-01 impC 3.01483116366372E-02 mP 5.56480340401768E-03 year-5.48601554518334E-06 sumLPAP 1.29809696191975E+00 harm
KEEPDBG accept 4 cc 6.20069281359887E-01 sumModel-2.08326566435908E+02 sumForcing 1.79757446300222E+02 sumM 4.98734130127767E-02 trend-4.32851019937761E-02 aero 0.00000000000000E+00 level 1.06445903887210E+03 k0-1.51026149536593E+04 init-1.66697932083822E+00 IR-5.12927840121358E-01 impC 3.00369958819266E-02 mP 5.50819183455398E-03 year-5.48601554518334E-06 sumLPAP 1.29809696191975E+00 harm
KEEPDBG accept 13 cc 6.20980766347580E-01 sumModel-2.09974314408484E+02 sumForcing 1.35777206473462E+02 sumM 4.83016339385985E-02 trend-4.32407048305351E-02 aero 0.00000000000000E+00 level 1.46700295016771E+03 k0-2.79479399516985E+04 init-1.68384284642706E+00 IR-5.07394756338786E-01 impC 2.99270909757399E-02 mP 5.47147808945881E-03 year-5.48601554518334E-06 sumLPAP 1.29809696191975E+00 harm
KEEPDBG accept 15 cc 6.21253834956675E-01 sumModel-2.08386469095435E+02 sumForcing 1.35773979710327E+02 sumM 4.87082338764466E-02 trend-4.23463367729413E-02 aero 0.00000000000000E+00 level 1.47774482760892E+03 k0-2.80676783934540E+04 init-1.64736289073551E+00 IR-5.12566059829043E-01 impC 3.01483116366372E-02 mP 5.56480340401768E-03 year-5.48601554518334E-06 sumLPAP 1.29809696191975E+00 harm
KEEPDBG accept 1 cc 6.19721233693977E-01 sumModel-2.09905667841184E+02 sumForcing 1.34415554558545E+02 sumM 4.99089424798690E-02 trend-4.31190495844151E-02 aero 0.00000000000000E+00 level 1.78385502914138E+03 k0-3.48756690667769E+04 init-1.67297580344982E+00 IR-5.08810700677921E-01 impC 2.96481073344364E-02 mP 5.53065663671420E-03 year-5.48601554518334E-06 sumLPAP 1.29809696191975E+00 harm
KEEPDBG accept 15 cc 6.21253860591631E-01 sumModel-2.08386462026108E+02 sumForcing 1.35773939043205E+02 sumM 4.87082338764466E-02 trend-4.23463117067023E-02 aero 0.00000000000000E+00 level 1.47774401922535E+03 k0-2.80676859276659E+04 init-1.64736289073551E+00 IR-5.12566059829043E-01 impC 3.01483116366372E-02 mP 5.56480340401768E-03 year-5.48601554518334E-06 sumLPAP 1.29809696191975E+00 harm
KEEPDBG accept 6 cc 6.20885165675699E-01 sumModel-2.08961650870626E+02 sumForcing 1.35540683458641E+02 sumM 4.91575620823487E-02 trend-4.14276390396548E-02 aero 0.00000000000000E+00 level 1.48210668372045E+03 k0-2.81931136966524E+04 init-1.65639593991589E+00 IR-5.09987879221526E-01 impC 2.98512258785054E-02 mP 5.40639755423893E-03 year-5.48601554518334E-06 sumLPAP 1.29809696191975E+00 harm
KEEPDBG accept 5 cc 6.20360838614429E-01 sumModel-2.06632117614977E+02 sumForcing 1.78613440121980E+02 sumM 4.85799089960799E-02 trend-4.17438101687652E-02 aero 0.00000000000000E+00 level 8.80114190663224E+02 k0-1.22504200933855E+04 init-1.67034293390093E+00 IR-5.17443371775408E-01 impC 2.99134166798801E-02 mP 5.51699234124754E-03 year-5.48601554518334E-06 sumLPAP 1.29809696191975E+00 harm
KEEPDBG accept 5 cc 6.20609449931326E-01 sumModel-2.06551494587718E+02 sumForcing 1.77846458552739E+02 sumM 4.85799089960799E-02 trend-4.15356444878817E-02 aero 0.00000000000000E+00 level 8.69565067571933E+02 k0-1.21750552011221E+04 init-1.64663994704118E+00 IR-5.17443371775408E-01 impC 2.99134166798801E-02 mP 5.51699234124754E-03 year-5.48601554518334E-06 sumLPAP 1.29809696191975E+00 harm
KEEPDBG accept 15 cc 6.21253866419468E-01 sumModel-2.08386466159775E+02 sumForcing 1.35773939043205E+02 sumM 4.87082140694257E-02 trend-4.23463139049737E-02 aero 0.00000000000000E+00 level 1.47773978537822E+03 k0-2.80675920745442E+04 init-1.64736289073551E+00 IR-5.12566059829043E-01 impC 3.01483116366372E-02 mP 5.56480340401768E-03 year-5.48601554518334E-06 sumLPAP 1.29809696191975E+00 harm
KEEPDBG accept 10 cc 6.21053855098153E-01 sumModel-2.09851295057952E+02 sumForcing 1.33791538939329E+02 sumM 4.85535237515315E-02 trend-4.26866362399088E-02 aero 0.00000000000000E+00 level 1.50529534606757E+03 k0-2.88853111510888E+04 init-1.58765528577744E+00 IR-5.08707869367963E-01 impC 3.01015603174620E-02 mP 5.57313798372505E-03 year-5.48601554518334E-06 sumLPAP 1.29809696191975E+00 harm
KEEPDBG accept 16 cc 6.20837100894214E-01 sumModel-2.10875007021252E+02 sumForcing 1.59488611559408E+02 sumM 4.84465170138201E-02 trend-4.26269192482002E-02 aero 0.00000000000000E+00 level 9.98954222905779E+02 k0-1.57321463028413E+04 init-1.59810304192522E+00 IR-5.05430780312495E-01 impC 2.98824638338115E-02 mP 5.55506906647741E-03 year-5.48601554518334E-06 sumLPAP 1.29809696191975E+00 harm
KEEPDBG accept 1 cc 6.19728545936350E-01 sumModel-2.09911261614066E+02 sumForcing 1.63609172001216E+02 sumM 4.99089424798690E-02 trend-4.30959936253690E-02 aero 0.00000000000000E+00 level 1.22915932769995E+03 k0-1.93219778261694E+04 init-1.67297580344982E+00 IR-5.08810700677921E-01 impC 2.96481073344364E-02 mP 5.53065663671420E-03 year-5.48601554518334E-06 sumLPAP 1.29809696191975E+00 harm
KEEPDBG accept 12 cc 6.20637286885340E-01 sumModel-2.07291627544333E+02 sumForcing 1.34952252397291E+02 sumM 4.94120952202295E-02 trend-4.15297093314044E-02 aero 0.00000000000000E+00 level 1.62534987496150E+03 k0-3.13766673002396E+04 init-1.69189989939196E+00 IR-5.15395247820543E-01 impC 3.00482350502385E-02 mP 5.52485944481255E-03 year-5.48601554518334E-06 sumLPAP 1.29809696191975E+00 harm
KEEPDBG accept 6 cc 6.20976442075335E-01 sumModel-2.08977644248629E+02 sumForcing 1.35966087052752E+02 sumM 4.91575620823487E-02 trend-4.14912288903095E-02 aero 0.00000000000000E+00 level 1.49254778245963E+03 k0-2.83195842149432E+04 init-1.65639593991589E+00 IR-5.09987879221526E-01 impC 2.98512258785054E-02 mP 5.40639755423893E-03 year-5.48601554518334E-06 sumLPAP 1.29809696191975E+00 harm
KEEPDBG accept 6 cc 6.20983857984585E-01 sumModel-2.08982682886018E+02 sumForcing 1.36011425484131E+02 sumM 4.91575620823487E-02 trend-4.14968437057164E-02 aero 0.00000000000000E+00 level 1.49369809850020E+03 k0-2.83308132244453E+04 init-1.65639593991589E+00 IR-5.09987879221526E-01 impC 2.98512258785054E-02 mP 5.40898721522190E-03 year-5.48601554518334E-06 sumLPAP 1.29809696191975E+00 harm
KEEPDBG accept 15 cc 6.21282157114296E-01 sumModel-2.08387190105003E+02 sumForcing 1.35809091151137E+02 sumM 4.86781873675291E-02 trend-4.23511999512248E-02 aero 0.00000000000000E+00 level 1.48191158634255E+03 k0-2.81163953256022E+04 init-1.64736289073551E+00 IR-5.12566059829043E-01 impC 3.01483116366372E-02 mP 5.56480340401768E-03 year-5.48601554518334E-06 sumLPAP 1.29809696191975E+00 harm
KEEPDBG accept 1 cc 6.19733533365989E-01 sumModel-2.09916086872824E+02 sumForcing 1.63574854282177E+02 sumM 4.99089424798690E-02 trend-4.30775687481843E-02 aero 0.00000000000000E+00 level 1.22852805678561E+03 k0-1.93200599976936E+04 init-1.67297580344982E+00 IR-5.08810700677921E-01 impC 2.96481073344364E-02 mP 5.53065663671420E-03 year-5.48601554518334E-06 sumLPAP 1.29809696191975E+00 harm
KEEPDBG accept 13 cc 6.20983583083459E-01 sumModel-2.09974876152797E+02 sumForcing 1.37993465823068E+02 sumM 4.83016339385985E-02 trend-4.32383020390342E-02 aero 0.00000000000000E+00 level 1.42272566720523E+03 k0-2.66209570807733E+04 init-1.68384284642706E+00 IR-5.07394756338786E-01 impC 2.99270909757399E-02 mP 5.47147808945881E-03 year-5.48601554518334E-06 sumLPAP 1.29809696191975E+00 harm
KEEPDBG accept 16 cc 6.20890519121795E-01 sumModel-2.10820901943031E+02 sumForcing 1.59475690077795E+02 sumM 4.84465170138201E-02 trend-4.25779593688150E-02 aero 0.00000000000000E+00 level 1.00838919096976E+03 k0-1.58841035072936E+04 init-1.59810304192522E+00 IR-5.05430780312495E-01 impC 2.98824638338115E-02 mP 5.55506906647741E-03 year-5.48601554518334E-06 sumLPAP 1.29809696191975E+00 harm
KEEPDBG accept 15 cc 6.21282157127903E-01 sumModel-2.08387171244036E+02 sumForcing 1.35809074099941E+02 sumM 4.86781873675291E-02 trend-4.23511849221248E-02 aero 0.00000000000000E+00 level 1.48191226541018E+03 k0-2.81164357300921E+04 init-1.64736289073551E+00 IR-5.12566059829043E-01 impC 3.01483116366372E-02 mP 5.56480340401768E-03 year-5.48601554518334E-06 sumLPAP 1.29809696191975E+00 harm
KEEPDBG accept 15 cc 6.21294470401381E-01 sumModel-2.08402568682572E+02 sumForcing 1.35978776218832E+02 sumM 4.86781873675291E-02 trend-4.23587836248405E-02 aero 0.00000000000000E+00 level 1.48899034860789E+03 k0-2.81979715358351E+04 init-1.64736289073551E+00 IR-5.12566059829043E-01 impC 3.01483116366372E-02 mP 5.56480340401768E-03 year-5.48601554518334E-06 sumLPAP 1.29809696191975E+00 harm
KEEPDBG accept 13 cc 6.21035986074643E-01 sumModel-2.09969667506092E+02 sumForcing 1.37996636515072E+02 sumM 4.83016339385985E-02 trend-4.32491891738919E-02 aero 0.00000000000000E+00 level 1.41751303277576E+03 k0-2.65475434120778E+04 init-1.68384284642706E+00 IR-5.07394756338786E-01 impC 2.99270909757399E-02 mP 5.47147808945881E-03 year-5.48601554518334E-06 sumLPAP 1.29809696191975E+00 harm
KEEPDBG accept 15 cc 6.21319700798484E-01 sumModel-2.08398478010728E+02 sumForcing 1.35976318823102E+02 sumM 4.86781873675291E-02 trend-4.23626004275506E-02 aero 0.00000000000000E+00 level 1.48685221240396E+03 k0-2.81700163087269E+04 init-1.64736289073551E+00 IR-5.12566059829043E-01 impC 3.01483116366372E-02 mP 5.56480340401768E-03 year-5.48601554518334E-06 sumLPAP 1.29809696191975E+00 harm
KEEPDBG accept 4 cc 6.20069281921516E-01 sumModel-2.08326632951181E+02 sumForcing 1.79757446300222E+02 sumM 5.09165217562733E-02 trend-4.32851245936737E-02 aero 0.00000000000000E+00 level 1.25687045359389E+03 k0-1.80600448877924E+04 init-1.66697932083822E+00 IR-5.12927840121358E-01 impC 3.00369958819266E-02 mP 5.50819183455398E-03 year-5.48601554518334E-06 sumLPAP 1.29809696191975E+00 harm
KEEPDBG accept 11 cc 6.20843754530984E-01 sumModel-1.98570235925287E+02 sumForcing 1.51939474198971E+02 sumM 4.90589897117845E-02 trend-3.93006799086745E-02 aero 0.00000000000000E+00 level 1.15233885884533E+03 k0-1.98067079189873E+04 init-1.63140753232571E+00 IR-5.35858062897013E-01 impC 3.14975598046601E-02 mP 5.52241810649460E-03 year-5.48601554518334E-06 sumLPAP 1.29809696191975E+00 harm
KEEPDBG accept 13 cc 6.21037524296294E-01 sumModel-2.09703022211613E+02 sumForcing 1.37996636515072E+02 sumM 4.83016339385985E-02 trend-4.31775950648479E-02 aero 0.00000000000000E+00 level 1.41553608201248E+03 k0-2.65325328638074E+04 init-1.68384284642706E+00 IR-5.08082553758326E-01 impC 2.99270909757399E-02 mP 5.47147808945881E-03 year-5.48601554518334E-06 sumLPAP 1.29809696191975E+00 harm
KEEPDBG accept 16 cc 6.20896148600713E-01 sumModel-2.10823451743782E+02 sumForcing 1.59461536618279E+02 sumM 4.84465170138201E-02 trend-4.25703969180707E-02 aero 0.00000000000000E+00 level 1.00819020112017E+03 k0-1.58837072279964E+04 init-1.59810304192522E+00 IR-5.05430780312495E-01 impC 2.98824638338115E-02 mP 5.55506906647741E-03 year-5.48601554518334E-06 sumLPAP 1.29809696191975E+00 harm
KEEPDBG accept 5 cc 6.20620111077784E-01 sumModel-2.06554717201119E+02 sumForcing 1.96324928393256E+02 sumM 4.85799089960799E-02 trend-4.15276744308570E-02 aero 0.00000000000000E+00 level 7.27355319180350E+02 k0-9.04719410249703E+03 init-1.64663994704118E+00 IR-5.17443371775408E-01 impC 2.99134166798801E-02 mP 5.51699234124754E-03 year-5.48601554518334E-06 sumLPAP 1.29809696191975E+00 harm
KEEPDBG accept 13 cc 6.21038920169596E-01 sumModel-2.09703386995927E+02 sumForcing 1.37994552674961E+02 sumM 4.83016339385985E-02 trend-4.31763559190284E-02 aero 0.00000000000000E+00 level 1.41550356654840E+03 k0-2.65326716693673E+04 init-1.68384284642706E+00 IR-5.08082553758326E-01 impC 2.99270909757399E-02 mP 5.47147808945881E-03 year-5.48601554518334E-06 sumLPAP 1.29809696191975E+00 harm
KEEPDBG accept 16 cc 6.20900081568549E-01 sumModel-2.10757914113995E+02 sumForcing 1.59427202864177E+02 sumM 4.84465170138201E-02 trend-4.24876362202853E-02 aero 0.00000000000000E+00 level 1.02428875894319E+03 k0-1.61302653354481E+04 init-1.59810304192522E+00 IR-5.05430780312495E-01 impC 2.98824638338115E-02 mP 5.55506906647741E-03 year-5.48601554518334E-06 sumLPAP 1.29809696191975E+00 harm
KEEPDBG accept 9 cc 6.20907492683706E-01 sumModel-2.09719611433579E+02 sumForcing 1.79017644620685E+02 sumM 4.94406505628934E-02 trend-4.18279595866317E-02 aero 0.00000000000000E+00 level 9.58791005960194E+02 k0-1.33667667323627E+04 init-1.69128722231699E+00 IR-5.07990157849880E-01 impC 3.15645417840303E-02 mP 5.51747929730678E-03 year-5.48601554518334E-06 sumLPAP 1.29809696191975E+00 harm
KEEPDBG accept 6 cc 6.20983869643429E-01 sumModel-2.08982699347238E+02 sumForcing 1.36011425484131E+02 sumM 4.92550107083618E-02 trend-4.14968530101380E-02 aero 0.00000000000000E+00 level 1.51525849440363E+03 k0-2.87623998553521E+04 init-1.65639593991589E+00 IR-5.09987879221526E-01 impC 2.98512258785054E-02 mP 5.40898721522190E-03 year-5.48601554518334E-06 sumLPAP 1.29809696191975E+00 harm
KEEPDBG accept 10 cc 6.21055972137279E-01 sumModel-2.09851651474956E+02 sumForcing 1.35071018687075E+02 sumM 4.85535237515315E-02 trend-4.26853151308626E-02 aero 0.00000000000000E+00 level 1.47834643362077E+03 k0-2.80707851769403E+04 init-1.58765528577744E+00 IR-5.08707869367963E-01 impC 3.01015603174620E-02 mP 5.57313798372505E-03 year-5.48601554518334E-06 sumLPAP 1.29809696191975E+00 harm
KEEPDBG accept 9 cc 6.20947321513127E-01 sumModel-2.09746269467510E+02 sumForcing 1.78888261777569E+02 sumM 4.94406505628934E-02 trend-4.17823528991586E-02 aero 0.00000000000000E+00 level 9.57453354639914E+02 k0-1.33639148122490E+04 init-1.69128722231699E+00 IR-5.07990157849880E-01 impC 3.15645417840303E-02 mP 5.51747929730678E-03 year-5.48601554518334E-06 sumLPAP 1.29809696191975E+00 harm
KEEPDBG accept 10 cc 6.21056806872769E-01 sumModel-2.09851704990240E+02 sumForcing 1.35070051230031E+02 sumM 4.85535237515315E-02 trend-4.26847386863657E-02 aero 0.00000000000000E+00 level 1.47833311448015E+03 k0-2.80709520903446E+04 init-1.58765528577744E+00 IR-5.08707869367963E-01 impC 3.01015603174620E-02 mP 5.57313798372505E-03 year-5.48601554518334E-06 sumLPAP 1.29809696191975E+00 harm
KEEPDBG accept 7 cc 6.20683203484196E-01 sumModel-2.08768776495373E+02 sumForcing 2.05849422707362E+02 sumM 4.78670709086268E-02 trend-4.11546264514549E-02 aero 0.00000000000000E+00 level 6.14058109348184E+02 k0-7.03292408807981E+03 init-1.66133640022737E+00 IR-5.10350187884787E-01 impC 3.01620971431904E-02 mP 5.38979554066508E-03 year-5.48601554518334E-06 sumLPAP 1.29809696191975E+00 harm
KEEPDBG accept 13 cc 6.21063317697243E-01 sumModel-2.09701533456314E+02 sumForcing 1.37995874555643E+02 sumM 4.83016339385985E-02 trend-4.31818821078014E-02 aero 0.00000000000000E+00 level 1.41280968702767E+03 k0-2.64940299477440E+04 init-1.68384284642706E+00 IR-5.08082553758326E-01 impC 2.99270909757399E-02 mP 5.47147808945881E-03 year-5.48601554518334E-06 sumLPAP 1.29809696191975E+00 harm
KEEPDBG accept 1 cc 6.19745266538310E-01 sumModel-2.09913742787408E+02 sumForcing 1.63288701759945E+02 sumM 4.99089424798690E-02 trend-4.30016101260661E-02 aero 0.00000000000000E+00 level 1.22143347458568E+03 k0-1.92390952419461E+04 init-1.66298762033633E+00 IR-5.08810700677921E-01 impC 2.96481073344364E-02 mP 5.53065663671420E-03 year-5.48601554518334E-06 sumLPAP 1.29809696191975E+00 harm
KEEPDBG accept 13 cc 6.21064666511732E-01 sumModel-2.09701911851510E+02 sumForcing 1.39185567202527E+02 sumM 4.83016339385985E-02 trend-4.31806115146258E-02 aero 0.00000000000000E+00 level 1.39007787828772E+03 k0-2.58194004039376E+04 init-1.68384284642706E+00 IR-5.08082553758326E-01 impC 2.99270909757399E-02 mP 5.47147808945881E-03 year-5.48601554518334E-06 sumLPAP 1.29809696191975E+00 harm
KEEPDBG accept 10 cc 6.21057007345760E-01 sumModel-2.09851720651628E+02 sumForcing 1.35192431585408E+02 sumM 4.85535237515315E-02 trend-4.26846140222687E-02 aero 0.00000000000000E+00 level 1.47579557572082E+03 k0-2.79946537884339E+04 init-1.58765528577744E+00 IR-5.08707869367963E-01 impC 3.01015603174620E-02 mP 5.57313798372505E-03 year-5.48601554518334E-06 sumLPAP 1.29809696191975E+00 harm
KEEPDBG accept 9 cc 6.20954553220956E-01 sumModel-2.09751745830169E+02 sumForcing 1.78862332166572E+02 sumM 4.94406505628934E-02 trend-4.17732318099335E-02 aero 0.00000000000000E+00 level 9.57181897430726E+02 k0-1.33632845053390E+04 init-1.69128722231699E+00 IR-5.07990157849880E-01 impC 3.15645417840303E-02 mP 5.51747929730678E-03 year-5.48601554518334E-06 sumLPAP 1.29809696191975E+00 harm
KEEPDBG accept 13 cc 6.21137278389934E-01 sumModel-2.09699890409201E+02 sumForcing 1.39188590513986E+02 sumM 4.83016339385985E-02 trend-4.32000085382557E-02 aero 0.00000000000000E+00 level 1.38060156604500E+03 k0-2.56810906325682E+04 init-1.68384284642706E+00 IR-5.08082553758326E-01 impC 2.99270909757399E-02 mP 5.47147808945881E-03 year-5.48601554518334E-06 sumLPAP 1.29809696191975E+00 harm
KEEPDBG accept 6 cc 6.20985283922712E-01 sumModel-2.08982996371795E+02 sumForcing 1.36913320274299E+02 sumM 4.92550107083618E-02 trend-4.14959549412189E-02 aero 0.00000000000000E+00 level 1.49632211969131E+03 k0-2.81968049322957E+04 init-1.65639593991589E+00 IR-5.09987879221526E-01 impC 2.98512258785054E-02 mP 5.40898721522190E-03 year-5.48601554518334E-06 sumLPAP 1.29809696191975E+00 harm
KEEPDBG accept 10 cc 6.21120724967606E-01 sumModel-2.09847040922368E+02 sumForcing 1.35194898186430E+02 sumM 4.85535237515315E-02 trend-4.27085772345584E-02 aero 0.00000000000000E+00 level 1.46822366514217E+03 k0-2.78852827451233E+04 init-1.58765528577744E+00 IR-5.08707869367963E-01 impC 3.01015603174620E-02 mP 5.57313798372505E-03 year-5.48601554518334E-06 sumLPAP 1.29809696191975E+00 harm
KEEPDBG accept 6 cc 6.20985296397052E-01 sumModel-2.08983031519978E+02 sumForcing 1.36913320274299E+02 sumM 4.93411782980341E-02 trend-4.14959635883215E-02 aero 0.00000000000000E+00 level 1.51554292719054E+03 k0-2.85790287640815E+04 init-1.65639593991589E+00 IR-5.09987879221526E-01 impC 2.98512258785054E-02 mP 5.40898721522190E-03 year-5.48601554518334E-06 sumLPAP 1.29809696191975E+00 harm
KEEPDBG accept 2 cc 6.20872157741652E-01 sumModel-2.09917234622616E+02 sumForcing 1.34182659775770E+02 sumM 4.92156924965578E-02 trend-4.26817167249864E-02 aero 0.00000000000000E+00 level 1.61937530211868E+03 k0-3.15268008894810E+04 init-1.66926281639688E+00 IR-5.08438225504306E-01 impC 3.01465001650900E-02 mP 5.56226375831632E-03 year-5.48601554518334E-06 sumLPAP 1.29809696191975E+00 harm
KEEPDBG accept 15 cc 6.21319872800971E-01 sumModel-2.08398562292387E+02 sumForcing 1.36068300332753E+02 sumM 4.86781873675291E-02 trend-4.23625187453378E-02 aero 0.00000000000000E+00 level 1.48494278419192E+03 k0-2.81127406828107E+04 init-1.64736289073551E+00 IR-5.12566059829043E-01 impC 3.01483116366372E-02 mP 5.56480340401768E-03 year-5.48601554518334E-06 sumLPAP 1.29809696191975E+00 harm
KEEPDBG accept 10 cc 6.21124042587300E-01 sumModel-2.09847626575988E+02 sumForcing 1.35190986517300E+02 sumM 4.85535237515315E-02 trend-4.27062475367096E-02 aero 0.00000000000000E+00 level 1.46815554354417E+03 k0-2.78853721726199E+04 init-1.58765528577744E+00 IR-5.08707869367963E-01 impC 3.01015603174620E-02 mP 5.57313798372505E-03 year-5.48601554518334E-06 sumLPAP 1.29809696191975E+00 harm
KEEPDBG accept 15 cc 6.21319943416694E-01 sumModel-2.08398599429261E+02 sumForcing 1.36068218362429E+02 sumM 4.86781873675291E-02 trend-4.23624754892273E-02 aero 0.00000000000000E+00 level 1.48494162241259E+03 k0-2.81127392475410E+04 init-1.64736289073551E+00 IR-5.12566059829043E-01 impC 3.01483116366372E-02 mP 5.56480340401768E-03 year-5.48601554518334E-06 sumLPAP 1.29809696191975E+00 harm
KEEPDBG accept 10 cc 6.21139881105353E-01 sumModel-2.09741949177786E+02 sumForcing 1.34747664122393E+02 sumM 4.85535237515315E-02 trend-4.26519842132209E-02 aero 0.00000000000000E+00 level 1.45741775370980E+03 k0-2.78079348188610E+04 init-1.58765528577744E+00 IR-5.08707869367963E-01 impC 3.01015603174620E-02 mP 5.54673981944082E-03 year-5.48601554518334E-06 sumLPAP 1.29809696191975E+00 harm
KEEPDBG accept 10 cc 6.21210086357292E-01 sumModel-2.09761909631722E+02 sumForcing 1.34747699323242E+02 sumM 4.85535237515315E-02 trend-4.27140066776104E-02 aero 0.00000000000000E+00 level 1.43858499860395E+03 k0-2.75051206671492E+04 init-1.58765528577744E+00 IR-5.08707869367963E-01 impC 3.01015603174620E-02 mP 5.54673981944082E-03 year-5.48601554518334E-06 sumLPAP 1.29809696191975E+00 harm
KEEPDBG accept 3 cc 6.21672178869610E-01 sumModel-2.10046817731795E+02 sumForcing 1.35490074912643E+02 sumM 4.88734641465250E-02 trend-4.21815142541629E-02 aero 0.00000000000000E+00 level 1.42852559606964E+03 k0-2.74460746091761E+04 init-1.60406302018696E+00 IR-5.06957845481953E-01 impC 3.00176760627413E-02 mP 5.47379387093372E-03 year-5.48601554518334E-06 sumLPAP 1.29809696191975E+00 harm
KEEPDBG accept 2 cc 6.20993771725510E-01 sumModel-2.09869185434368E+02 sumForcing 1.33495652364450E+02 sumM 4.92156924965578E-02 trend-4.24453179617955E-02 aero 0.00000000000000E+00 level 1.59412286898104E+03 k0-3.12238446385745E+04 init-1.64183229112479E+00 IR-5.08438225504306E-01 impC 3.01465001650900E-02 mP 5.56226375831632E-03 year-5.48601554518334E-06 sumLPAP 1.29809696191975E+00 harm
KEEPDBG accept 15 cc 6.21319944397973E-01 sumModel-2.08393753968106E+02 sumForcing 1.36068218362429E+02 sumM 4.86781873675291E-02 trend-4.23624754892273E-02 aero 0.00000000000000E+00 level 1.48494162241259E+03 k0-2.81127392475410E+04 init-1.64736289073551E+00 IR-5.12566059829043E-01 impC 3.01707667427207E-02 mP 5.56480340401768E-03 year-5.48601554518334E-06 sumLPAP 1.29809696191975E+00 harm
KEEPDBG accept 14 cc 6.20662334001851E-01 sumModel-2.06286437612651E+02 sumForcing 1.60112039441896E+02 sumM 4.92009819263677E-02 trend-4.13339719490485E-02 aero 0.00000000000000E+00 level 1.10406201641775E+03 k0-1.75645510006373E+04 init-1.64643901679218E+00 IR-5.18162293613842E-01 impC 3.14346676160441E-02 mP 5.57494700060199E-03 year-5.48601554518334E-06 sumLPAP 1.29809696191975E+00 harm
KEEPDBG accept 15 cc 6.21321229419499E-01 sumModel-2.08394021832210E+02 sumForcing 1.36924416326421E+02 sumM 4.86781873675291E-02 trend-4.23616036595671E-02 aero 0.00000000000000E+00 level 1.46737079397368E+03 k0-2.75877519107732E+04 init-1.64736289073551E+00 IR-5.12566059829043E-01 impC 3.01707667427207E-02 mP 5.56480340401768E-03 year-5.48601554518334E-06 sumLPAP 1.29809696191975E+00 harm
KEEPDBG accept 10 cc 6.21217277207530E-01 sumModel-2.09367706868796E+02 sumForcing 1.34747699323242E+02 sumM 4.85535237515315E-02 trend-4.26087624378229E-02 aero 0.00000000000000E+00 level 1.43558550541161E+03 k0-2.74812538530720E+04 init-1.58765528577744E+00 IR-5.09723515036859E-01 impC 3.01015603174620E-02 mP 5.54673981944082E-03 year-5.48601554518334E-06 sumLPAP 1.29809696191975E+00 harm
KEEPDBG accept 8 cc 6.20727488545878E-01 sumModel-2.01280053239325E+02 sumForcing 1.71537003042842E+02 sumM 5.07915122457574E-02 trend-4.10641564156222E-02 aero 0.00000000000000E+00 level 1.22554832912084E+03 k0-1.88093382313153E+04 init-1.61437534577772E+00 IR-5.29886319515210E-01 impC 3.10934602250477E-02 mP 5.51545090919402E-03 year-5.48601554518334E-06 sumLPAP 1.29809696191975E+00 harm
KEEPDBG accept 8 cc 6.20743476566355E-01 sumModel-2.01318496928580E+02 sumForcing 1.71864276170594E+02 sumM 5.07915122457574E-02 trend-4.11015861239445E-02 aero 0.00000000000000E+00 level 1.23097998718095E+03 k0-1.88576074118916E+04 init-1.61437534577772E+00 IR-5.29886319515210E-01 impC 3.10934602250477E-02 mP 5.51545090919402E-03 year-5.48601554518334E-06 sumLPAP 1.29809696191975E+00 harm
KEEPDBG accept 3 cc 6.21672448362212E-01 sumModel-2.10046794235408E+02 sumForcing 1.35490149229669E+02 sumM 4.88733908583191E-02 trend-4.21815220226164E-02 aero 0.00000000000000E+00 level 1.42853760910425E+03 k0-2.74462521169637E+04 init-1.60406302018696E+00 IR-5.06957845481953E-01 impC 3.00176760627413E-02 mP 5.47379387093372E-03 year-5.48601554518334E-06 sumLPAP 1.29809696191975E+00 harm
KEEPDBG accept 1 cc 6.19747316976219E-01 sumModel-2.09916248472853E+02 sumForcing 1.83010702516409E+02 sumM 4.99089424798690E-02 trend-4.29919735926914E-02 aero 0.00000000000000E+00 level 9.88474001253999E+02 k0-1.36600302158946E+04 init-1.66298762033633E+00 IR-5.08810700677921E-01 impC 2.96481073344364E-02 mP 5.53065663671420E-03 year-5.48601554518334E-06 sumLPAP 1.29809696191975E+00 harm
KEEPDBG accept 10 cc 6.21223880632549E-01 sumModel-2.09383211593711E+02 sumForcing 1.34848978399437E+02 sumM 4.85535237515315E-02 trend-4.26242623337711E-02 aero 0.00000000000000E+00 level 1.43798546801834E+03 k0-2.75057533991237E+04 init-1.58765528577744E+00 IR-5.09723515036859E-01 impC 3.01015603174620E-02 mP 5.54673981944082E-03 year-5.48601554518334E-06 sumLPAP 1.29809696191975E+00 harm
KEEPDBG accept 14 cc 6.20663485260266E-01 sumModel-2.06287992538138E+02 sumForcing 1.60105167066349E+02 sumM 4.92009819263677E-02 trend-4.13306566475856E-02 aero 0.00000000000000E+00 level 1.10394339937527E+03 k0-1.75637791726465E+04 init-1.64643901679218E+00 IR-5.18162293613842E-01 impC 3.14346676160441E-02 mP 5.57494700060199E-03 year-5.48601554518334E-06 sumLPAP 1.29809696191975E+00 harm
KEEPDBG accept 15 cc 6.21324773693510E-01 sumModel-2.07833008010575E+02 sumForcing 1.36924416326421E+02 sumM 4.86781873675291E-02 trend-4.22132307509672E-02 aero 0.00000000000000E+00 level 1.46310963836207E+03 k0-2.75554911580380E+04 init-1.64736289073551E+00 IR-5.13997260472728E-01 impC 3.01707667427207E-02 mP 5.56480340401768E-03 year-5.48601554518334E-06 sumLPAP 1.29809696191975E+00 harm
KEEPDBG accept 15 cc 6.21327270485280E-01 sumModel-2.05441714538837E+02 sumForcing 1.36924416326421E+02 sumM 4.86781873675291E-02 trend-4.15852979876973E-02 aero 0.00000000000000E+00 level 1.44507589323186E+03 k0-2.74189596052004E+04 init-1.64736289073551E+00 IR-5.20054281147611E-01 impC 3.01707667427207E-02 mP 5.56480340401768E-03 year-5.48601554518334E-06 sumLPAP 1.29809696191975E+00 harm
KEEPDBG accept 9 cc 6.20955200449981E-01 sumModel-2.09752192721099E+02 sumForcing 1.88706965569800E+02 sumM 4.94406505628934E-02 trend-4.17723915236268E-02 aero 0.00000000000000E+00 level 8.67895765531109E+02 k0-1.13784692834247E+04 init-1.69128722231699E+00 IR-5.07990157849880E-01 impC 3.15645417840303E-02 mP 5.51747929730678E-03 year-5.48601554518334E-06 sumLPAP 1.29809696191975E+00 harm
KEEPDBG accept 6 cc 6.20985316276884E-01 sumModel-2.08866337555862E+02 sumForcing 1.36913320274299E+02 sumM 4.93411782980341E-02 trend-4.14959635883215E-02 aero 0.00000000000000E+00 level 1.51554292719054E+03 k0-2.85790287640815E+04 init-1.65639593991589E+00 IR-5.09987879221526E-01 impC 3.03929346171447E-02 mP 5.40898721522190E-03 year-5.48601554518334E-06 sumLPAP 1.29809696191975E+00 harm
KEEPDBG accept 3 cc 6.21672448363372E-01 sumModel-2.10046789657611E+02 sumForcing 1.35490149229669E+02 sumM 4.88733908583191E-02 trend-4.21815220226164E-02 aero 0.00000000000000E+00 level 1.42853760910425E+03 k0-2.74462521169637E+04 init-1.60406302018696E+00 IR-5.06957845481953E-01 impC 3.00176973560078E-02 mP 5.47379387093372E-03 year-5.48601554518334E-06 sumLPAP 1.29809696191975E+00 harm
KEEPDBG accept 3 cc 6.21672542807414E-01 sumModel-2.10046705568494E+02 sumForcing 1.35490282345324E+02 sumM 4.88733908583191E-02 trend-4.21815070921262E-02 aero 0.00000000000000E+00 level 1.42854523238615E+03 k0-2.74464267273656E+04 init-1.60406302018696E+00 IR-5.06957845481953E-01 impC 3.00176973560078E-02 mP 5.47379387093372E-03 year-5.48601554518334E-06 sumLPAP 1.29809696191975E+00 harm
KEEPDBG accept 13 cc 6.21138985029652E-01 sumModel-2.09699735587460E+02 sumForcing 1.39177228968107E+02 sumM 4.83016339385985E-02 trend-4.31953319818141E-02 aero 0.00000000000000E+00 level 1.38064766935238E+03 k0-2.56830367719097E+04 init-1.68384284642706E+00 IR-5.08082553758326E-01 impC 2.99270909757399E-02 mP 5.47147808945881E-03 year-5.48601554518334E-06 sumLPAP 1.29809696191975E+00 harm
KEEPDBG accept 1 cc 6.19806315908304E-01 sumModel-2.09887162058657E+02 sumForcing 1.80123744650103E+02 sumM 4.99089424798690E-02 trend-4.21111065421975E-02 aero 0.00000000000000E+00 level 9.92059943085931E+02 k0-1.38337125297515E+04 init-1.66298762033633E+00 IR-5.08810700677921E-01 impC 2.96481073344364E-02 mP 5.53065663671420E-03 year-5.48601554518334E-06 sumLPAP 1.29809696191975E+00 harm
KEEPDBG accept 13 cc 6.21327370699148E-01 sumModel-2.09701324840847E+02 sumForcing 1.38324524936882E+02 sumM 4.83016339385985E-02 trend-4.29393245480627E-02 aero 0.00000000000000E+00 level 1.35730947163369E+03 k0-2.53686300371070E+04 init-1.65124535234795E+00 IR-5.08082553758326E-01 impC 2.99270909757399E-02 mP 5.47147808945881E-03 year-5.48601554518334E-06 sumLPAP 1.29809696191975E+00 harm
KEEPDBG accept 5 cc 6.20620120383122E-01 sumModel-2.06414901181341E+02 sumForcing 1.96324928393256E+02 sumM 4.85799089960799E-02 trend-4.15276744308570E-02 aero 0.00000000000000E+00 level 7.27355319180350E+02 k0-9.04719410249703E+03 init-1.64663994704118E+00 IR-5.17443371775408E-01 impC 3.05592868942365E-02 mP 5.51699234124754E-03 year-5.48601554518334E-06 sumLPAP 1.29809696191975E+00 harm
KEEPDBG accept 15 cc 6.21328713105950E-01 sumModel-2.05442002872856E+02 sumForcing 1.36922580267691E+02 sumM 4.86781873675291E-02 trend-4.15842877753730E-02 aero 0.00000000000000E+00 level 1.44504987775038E+03 k0-2.74190775716328E+04 init-1.64736289073551E+00 IR-5.20054281147611E-01 impC 3.01707667427207E-02 mP 5.56480340401768E-03 year-5.48601554518334E-06 sumLPAP 1.29809696191975E+00 harm
KEEPDBG accept 3 cc 6.21672552263868E-01 sumModel-2.10046735390087E+02 sumForcing 1.35490288841769E+02 sumM 4.88733908583191E-02 trend-4.21815133500455E-02 aero 0.00000000000000E+00 level 1.42854497448613E+03 k0-2.74464040513122E+04 init-1.60406302018696E+00 IR-5.06957845481953E-01 impC 3.00176973560078E-02 mP 5.47379387093372E-03 year-5.48601554518334E-06 sumLPAP 1.29809696191975E+00 harm
KEEPDBG accept 15 cc 6.21328730380736E-01 sumModel-2.05442046900335E+02 sumForcing 1.36922580267691E+02 sumM 4.86164528421725E-02 trend-4.15842927242910E-02 aero 0.00000000000000E+00 level 1.43250107737007E+03 k0-2.71672449055655E+04 init-1.64736289073551E+00 IR-5.20054281147611E-01 impC 3.01707667427207E-02 mP 5.56480340401768E-03 year-5.48601554518334E-06 sumLPAP 1.29809696191975E+00 harm
KEEPDBG accept 15 cc 6.21328731805828E-01 sumModel-2.05433156872651E+02 sumForcing 1.36922580267691E+02 sumM 4.86164528421725E-02 trend-4.15842927242910E-02 aero 0.00000000000000E+00 level 1.43250107737007E+03 k0-2.71672449055655E+04 init-1.64736289073551E+00 IR-5.20054281147611E-01 impC 3.02117633839573E-02 mP 5.56480340401768E-03 year-5.48601554518334E-06 sumLPAP 1.29809696191975E+00 harm
KEEPDBG accept 15 cc 6.21329107087413E-01 sumModel-2.05433179564366E+02 sumForcing 1.36922079070395E+02 sumM 4.86164528421725E-02 trend-4.15840098391698E-02 aero 0.00000000000000E+00 level 1.43249486500935E+03 k0-2.71673187289164E+04 init-1.64736289073551E+00 IR-5.20054281147611E-01 impC 3.02117633839573E-02 mP 5.56480340401768E-03 year-5.48601554518334E-06 sumLPAP 1.29809696191975E+00 harm
KEEPDBG accept 5 cc 6.20634601362768E-01 sumModel-2.06419371067105E+02 sumForcing 2.29542258907137E+02 sumM 4.85799089960799E-02 trend-4.15165552753008E-02 aero 0.00000000000000E+00 level 5.52828376178447E+02 k0-5.65737776348673E+03 init-1.64663994704118E+00 IR-5.17443371775408E-01 impC 3.05592868942365E-02 mP 5.51699234124754E-03 year-5.48601554518334E-06 sumLPAP 1.29809696191975E+00 harm
KEEPDBG accept 12 cc 6.20642517776213E-01 sumModel-2.07294055221216E+02 sumForcing 1.40656511996495E+02 sumM 4.94120952202295E-02 trend-4.15244067266732E-02 aero 0.00000000000000E+00 level 1.50197441023199E+03 k0-2.77047433882417E+04 init-1.69189989939196E+00 IR-5.15395247820543E-01 impC 3.00482350502385E-02 mP 5.52485944481255E-03 year-5.48601554518334E-06 sumLPAP 1.29809696191975E+00 harm
KEEPDBG accept 10 cc 6.21230286320644E-01 sumModel-2.09465458403333E+02 sumForcing 1.35283917841729E+02 sumM 4.85535237515315E-02 trend-4.26944534510124E-02 aero 0.00000000000000E+00 level 1.44828592212568E+03 k0-2.75981074436244E+04 init-1.58765528577744E+00 IR-5.09723515036859E-01 impC 3.01015603174620E-02 mP 5.54673981944082E-03 year-5.48601554518334E-06 sumLPAP 1.29809696191975E+00 harm
KEEPDBG accept 9 cc 6.20957409177803E-01 sumModel-2.09753553159804E+02 sumForcing 2.34147134364093E+02 sumM 4.94406505628934E-02 trend-4.17693569566088E-02 aero 0.00000000000000E+00 level 5.91290710864734E+02 k0-5.95524426408302E+03 init-1.69128722231699E+00 IR-5.07990157849880E-01 impC 3.15645417840303E-02 mP 5.51747929730678E-03 year-5.48601554518334E-06 sumLPAP 1.29809696191975E+00 harm
KEEPDBG accept 3 cc 6.21673322401629E-01 sumModel-2.10046608451598E+02 sumForcing 1.35491156200564E+02 sumM 4.88733908583191E-02 trend-4.21815068993661E-02 aero 0.00000000000000E+00 level 1.42858836902285E+03 k0-2.74471204000405E+04 init-1.60406302018696E+00 IR-5.06957845481953E-01 impC 3.00176973560078E-02 mP 5.47379387093372E-03 year-5.48601554518334E-06 sumLPAP 1.29809696191975E+00 harm
KEEPDBG accept 3 cc 6.21673343730314E-01 sumModel-2.10046601538405E+02 sumForcing 1.35491333115400E+02 sumM 4.88733908583191E-02 trend-4.21815227204370E-02 aero 0.00000000000000E+00 level 1.42859329353287E+03 k0-2.74471972236194E+04 init-1.60406302018696E+00 IR-5.06957845481953E-01 impC 3.00176973560078E-02 mP 5.47380422137089E-03 year-5.48601554518334E-06 sumLPAP 1.29809696191975E+00 harm
KEEPDBG accept 13 cc 6.21337163692381E-01 sumModel-2.08935272580700E+02 sumForcing 1.38324524936882E+02 sumM 4.83016339385985E-02 trend-4.27339214556183E-02 aero 0.00000000000000E+00 level 1.35177441357819E+03 k0-2.53251215178456E+04 init-1.65124535234795E+00 IR-5.10058801440221E-01 impC 2.99270909757399E-02 mP 5.47147808945881E-03 year-5.48601554518334E-06 sumLPAP 1.29809696191975E+00 harm
KEEPDBG accept 6 cc 6.20990764052897E-01 sumModel-2.08867916583327E+02 sumForcing 1.36906196986432E+02 sumM 4.93411782980341E-02 trend-4.14927737549762E-02 aero 0.00000000000000E+00 level 1.51542271924285E+03 k0-2.85794450249278E+04 init-1.65639593991589E+00 IR-5.09987879221526E-01 impC 3.03929346171447E-02 mP 5.40898721522190E-03 year-5.48601554518334E-06 sumLPAP 1.29809696191975E+00 harm
KEEPDBG accept 7 cc 6.20683264526457E-01 sumModel-2.08766862740133E+02 sumForcing 2.05849422707362E+02 sumM 3.92015948430246E-02 trend-4.11539232579739E-02 aero 0.00000000000000E+00 level 2.80422322851577E+02 k0-2.65716785407736E+03 init-1.66133640022737E+00 IR-5.10350187884787E-01 impC 3.01620971431904E-02 mP 5.38979554066508E-03 year-5.48601554518334E-06 sumLPAP 1.29809696191975E+00 harm
KEEPDBG accept 13 cc 6.21347080818620E-01 sumModel-2.08941933820162E+02 sumForcing 1.38420191290556E+02 sumM 4.83016339385985E-02 trend-4.27477420385369E-02 aero 0.00000000000000E+00 level 1.35377413321838E+03 k0-2.53500883836438E+04 init-1.65124535234795E+00 IR-5.10058801440221E-01 impC 2.99270909757399E-02 mP 5.47147808945881E-03 year-5.48601554518334E-06 sumLPAP 1.29809696191975E+00 harm
KEEPDBG accept 10 cc 6.21265673010468E-01 sumModel-2.04547232978932E+02 sumForcing 1.35283917841729E+02 sumM 4.85535237515315E-02 trend-4.13984989135595E-02 aero 0.00000000000000E+00 level 1.41120404137523E+03 k0-2.73074758660241E+04 init-1.58765528577744E+00 IR-5.22220633042786E-01 impC 3.01015603174620E-02 mP 5.54673981944082E-03 year-5.48601554518334E-06 sumLPAP 1.29809696191975E+00 harm
KEEPDBG accept 3 cc 6.21673343731393E-01 sumModel-2.10046597279643E+02 sumForcing 1.35491333115400E+02 sumM 4.88733908583191E-02 trend-4.21815227204370E-02 aero 0.00000000000000E+00 level 1.42859329353287E+03 k0-2.74471972236194E+04 init-1.60406302018696E+00 IR-5.06957845481953E-01 impC 3.00177171653075E-02 mP 5.47380422137089E-03 year-5.48601554518334E-06 sumLPAP 1.29809696191975E+00 harm
KEEPDBG accept 6 cc 6.21024821160427E-01 sumModel-2.04498874356649E+02 sumForcing 1.36906196986432E+02 sumM 4.93411782980341E-02 trend-4.03522402282273E-02 aero 0.00000000000000E+00 level 1.48199467622081E+03 k0-2.83242392134316E+04 init-1.65639593991589E+00 IR-5.21105393036434E-01 impC 3.03929346171447E-02 mP 5.40898721522190E-03 year-5.48601554518334E-06 sumLPAP 1.29809696191975E+00 harm
KEEPDBG accept 3 cc 6.21673343757374E-01 sumModel-2.10046593348802E+02 sumForcing 1.35491333115400E+02 sumM 4.88734003316438E-02 trend-4.21815220522425E-02 aero 0.00000000000000E+00 level 1.42859540716365E+03 k0-2.74472417791236E+04 init-1.60406302018696E+00 IR-5.06957845481953E-01 impC 3.00177171653075E-02 mP 5.47380422137089E-03 year-5.48601554518334E-06 sumLPAP 1.29809696191975E+00 harm
KEEPDBG accept 3 cc 6.21674423314470E-01 sumModel-2.10046397439548E+02 sumForcing 1.35492550769103E+02 sumM 4.88734003316438E-02 trend-4.21815137817775E-02 aero 0.00000000000000E+00 level 1.42865625328631E+03 k0-2.74482441667014E+04 init-1.60406302018696E+00 IR-5.06957845481953E-01 impC 3.00177171653075E-02 mP 5.47380422137089E-03 year-5.48601554518334E-06 sumLPAP 1.29809696191975E+00 harm
KEEPDBG accept 11 cc 6.20843798240326E-01 sumModel-1.98570331055202E+02 sumForcing 1.51939474198971E+02 sumM 4.98114017405461E-02 trend-3.93007102497072E-02 aero 0.00000000000000E+00 level 1.28969932820360E+03 k0-2.23304415925106E+04 init-1.63140753232571E+00 IR-5.35858062897013E-01 impC 3.14975598046601E-02 mP 5.52241810649460E-03 year-5.48601554518334E-06 sumLPAP 1.29809696191975E+00 harm
KEEPDBG accept 1 cc 6.19809563005126E-01 sumModel-2.09889280759979E+02 sumForcing 1.94143916857716E+02 sumM 4.99089424798690E-02 trend-4.21057870633916E-02 aero 0.00000000000000E+00 level 8.64763364983073E+02 k0-1.10449430162998E+04 init-1.66298762033633E+00 IR-5.08810700677921E-01 impC 2.96481073344364E-02 mP 5.53065663671420E-03 year-5.48601554518334E-06 sumLPAP 1.29809696191975E+00 harm
KEEPDBG accept 7 cc 6.20683293023366E-01 sumModel-2.08765939377626E+02 sumForcing 2.05849422707362E+02 sumM 3.60505226435496E-02 trend-4.11535841258706E-02 aero 0.00000000000000E+00 level 2.33676760637821E+02 k0-2.04408862861027E+03 init-1.66133640022737E+00 IR-5.10350187884787E-01 impC 3.01620971431904E-02 mP 5.38979554066508E-03 year-5.48601554518334E-06 sumLPAP 1.29809696191975E+00 harm
KEEPDBG accept 6 cc 6.21114612734929E-01 sumModel-2.04542357190573E+02 sumForcing 1.36140572615188E+02 sumM 4.93411782980341E-02 trend-4.01330007628402E-02 aero 0.00000000000000E+00 level 1.45806473584116E+03 k0-2.79698923075117E+04 init-1.62768005905748E+00 IR-5.21105393036434E-01 impC 3.03929346171447E-02 mP 5.40898721522190E-03 year-5.48601554518334E-06 sumLPAP 1.29809696191975E+00 harm
KEEPDBG accept 10 cc 6.21265986965250E-01 sumModel-2.04547181919330E+02 sumForcing 1.35283343944161E+02 sumM 4.85535237515315E-02 trend-4.13980961178671E-02 aero 0.00000000000000E+00 level 1.41119670930646E+03 k0-2.73076520311914E+04 init-1.58765528577744E+00 IR-5.22220633042786E-01 impC 3.01015603174620E-02 mP 5.54673981944082E-03 year-5.48601554518334E-06 sumLPAP 1.29809696191975E+00 harm
KEEPDBG accept 8 cc 6.20789850819102E-01 sumModel-2.01374835999058E+02 sumForcing 1.70811236341398E+02 sumM 5.07915122457574E-02 trend-4.08928928526006E-02 aero 0.00000000000000E+00 level 1.20919950182361E+03 k0-1.85746091300358E+04 init-1.58226223290808E+00 IR-5.29886319515210E-01 impC 3.10934602250477E-02 mP 5.51545090919402E-03 year-5.48601554518334E-06 sumLPAP 1.29809696191975E+00 harm
KEEPDBG accept 3 cc 6.21674601190074E-01 sumModel-2.10046256469782E+02 sumForcing 1.35492616191413E+02 sumM 4.88733358366037E-02 trend-4.21814840010294E-02 aero 0.00000000000000E+00 level 1.42867056544290E+03 k0-2.74485900884174E+04 init-1.60406302018696E+00 IR-5.06957845481953E-01 impC 3.00177171653075E-02 mP 5.47380422137089E-03 year-5.48601554518334E-06 sumLPAP 1.29809696191975E+00 harm
KEEPDBG accept 3 cc 6.21674625927025E-01 sumModel-2.10046327088547E+02 sumForcing 1.35492616191413E+02 sumM 4.88733262046184E-02 trend-4.21814998796978E-02 aero 0.00000000000000E+00 level 1.42866670909160E+03 k0-2.74484638358037E+04 init-1.60406302018696E+00 IR-5.06957845481953E-01 impC 3.00177171653075E-02 mP 5.47380422137089E-03 year-5.48601554518334E-06 sumLPAP 1.29809696191975E+00 harm
KEEPDBG accept 13 cc 6.21350707043865E-01 sumModel-2.08594890864732E+02 sumForcing 1.38420191290556E+02 sumM 4.83016339385985E-02 trend-4.26549481190532E-02 aero 0.00000000000000E+00 level 1.35127183474365E+03 k0-2.53304702890475E+04 init-1.65124535234795E+00 IR-5.10951472119701E-01 impC 2.99270909757399E-02 mP 5.47147808945881E-03 year-5.48601554518334E-06 sumLPAP 1.29809696191975E+00 harm
KEEPDBG accept 3 cc 6.21674633386841E-01 sumModel-2.10046335030704E+02 sumForcing 1.35492616191413E+02 sumM 4.88733434971679E-02 trend-4.21815058366053E-02 aero 0.00000000000000E+00 level 1.42866944788986E+03 k0-2.74485013302860E+04 init-1.60406302018696E+00 IR-5.06957845481953E-01 impC 3.00177171653075E-02 mP 5.47380422137089E-03 year-5.48601554518334E-06 sumLPAP 1.29809696191975E+00 harm
KEEPDBG accept 10 cc 6.21267383598851E-01 sumModel-2.04547617762221E+02 sumForcing 1.36459596023064E+02 sumM 4.85535237515315E-02 trend-4.13968587691182E-02 aero 0.00000000000000E+00 level 1.38823906633195E+03 k0-2.66062067861708E+04 init-1.58765528577744E+00 IR-5.22220633042786E-01 impC 3.01015603174620E-02 mP 5.54673981944082E-03 year-5.48601554518334E-06 sumLPAP 1.29809696191975E+00 harm
KEEPDBG accept 6 cc 6.21143090040526E-01 sumModel-2.04515005100147E+02 sumForcing 1.36632427209897E+02 sumM 4.93411782980341E-02 trend-4.03246991871245E-02 aero 0.00000000000000E+00 level 1.45707026403950E+03 k0-2.78994866206513E+04 init-1.62768005905748E+00 IR-5.21105393036434E-01 impC 3.03929346171447E-02 mP 5.40898721522190E-03 year-5.48601554518334E-06 sumLPAP 1.29809696191975E+00 harm
KEEPDBG accept 7 cc 6.20716502476249E-01 sumModel-2.08772853872339E+02 sumForcing 2.05799750693251E+02 sumM 3.60505226435496E-02 trend-4.11408701090279E-02 aero 0.00000000000000E+00 level 2.33608248866775E+02 k0-2.04440231520631E+03 init-1.66133640022737E+00 IR-5.10350187884787E-01 impC 3.01620971431904E-02 mP 5.38979554066508E-03 year-5.48601554518334E-06 sumLPAP 1.29809696191975E+00 harm
KEEPDBG accept 3 cc 6.21674635323401E-01 sumModel-2.10046230803871E+02 sumForcing 1.35492616191413E+02 sumM 4.88733434971679E-02 trend-4.21814779751732E-02 aero 0.00000000000000E+00 level 1.42866865586697E+03 k0-2.74484947585078E+04 init-1.60406302018696E+00 IR-5.06958115508578E-01 impC 3.00177171653075E-02 mP 5.47380422137089E-03 year-5.48601554518334E-06 sumLPAP 1.29809696191975E+00 harm
KEEPDBG accept 7 cc 6.20716527018562E-01 sumModel-2.08772096847506E+02 sumForcing 2.05799750693251E+02 sumM 3.37261049594061E-02 trend-4.11405915858416E-02 aero 0.00000000000000E+00 level 2.08776396057338E+02 k0-1.71858671270609E+03 init-1.66133640022737E+00 IR-5.10350187884787E-01 impC 3.01620971431904E-02 mP 5.38979554066508E-03 year-5.48601554518334E-06 sumLPAP 1.29809696191975E+00 harm
KEEPDBG accept 6 cc 6.21226494723135E-01 sumModel-2.04622392385049E+02 sumForcing 1.36623961627121E+02 sumM 4.93411782980341E-02 trend-4.04383285301468E-02 aero 0.00000000000000E+00 level 1.42085688109363E+03 k0-2.72313995183276E+04 init-1.62768005905748E+00 IR-5.21105393036434E-01 impC 3.03929346171447E-02 mP 5.40898721522190E-03 year-5.48601554518334E-06 sumLPAP 1.29809696191975E+00 harm
KEEPDBG accept 12 cc 6.20685725939548E-01 sumModel-2.07316913593837E+02 sumForcing 1.40556429056681E+02 sumM 4.94120952202295E-02 trend-4.14767994641186E-02 aero 0.00000000000000E+00 level 1.49987115294788E+03 k0-2.76987744200315E+04 init-1.69189989939196E+00 IR-5.15395247820543E-01 impC 3.00482350502385E-02 mP 5.52485944481255E-03 year-5.48601554518334E-06 sumLPAP 1.29809696191975E+00 harm
KEEPDBG accept 3 cc 6.21674808432007E-01 sumModel-2.10046203224196E+02 sumForcing 1.35492662849453E+02 sumM 4.88732975022087E-02 trend-4.21814841031672E-02 aero 0.00000000000000E+00 level 1.42867626137119E+03 k0-2.74486026000764E+04 init-1.60406302018696E+00 IR-5.06958115508578E-01 impC 3.00177171653075E-02 mP 5.47380422137089E-03 year-5.48601554518334E-06 sumLPAP 1.29809696191975E+00 harm
KEEPDBG accept 11 cc 6.20843802764676E-01 sumModel-1.98601226911654E+02 sumForcing 1.51939474198971E+02 sumM 4.98114017405461E-02 trend-3.93007102497072E-02 aero 0.00000000000000E+00 level 1.28969932820360E+03 k0-2.23304415925106E+04 init-1.63140753232571E+00 IR-5.35858062897013E-01 impC 3.13565419750726E-02 mP 5.52241810649460E-03 year-5.48601554518334E-06 sumLPAP 1.29809696191975E+00 harm
KEEPDBG accept 16 cc 6.20904201965123E-01 sumModel-2.10759185780099E+02 sumForcing 1.59419467816462E+02 sumM 4.84465170138201E-02 trend-4.24838188186530E-02 aero 0.00000000000000E+00 level 1.02419231738039E+03 k0-1.61302735150672E+04 init-1.59810304192522E+00 IR-5.05430780312495E-01 impC 2.98824638338115E-02 mP 5.55506906647741E-03 year-5.48601554518334E-06 sumLPAP 1.29809696191975E+00 harm
KEEPDBG accept 11 cc 6.20844750201189E-01 sumModel-1.98601704392439E+02 sumForcing 1.51932855732456E+02 sumM 4.98114017405461E-02 trend-3.92991743781463E-02 aero 0.00000000000000E+00 level 1.28953893626574E+03 k0-2.23281749544955E+04 init-1.63118470452646E+00 IR-5.35858062897013E-01 impC 3.13565419750726E-02 mP 5.52241810649460E-03 year-5.48601554518334E-06 sumLPAP 1.29809696191975E+00 harm
KEEPDBG accept 3 cc 6.21674824142347E-01 sumModel-2.10046233586709E+02 sumForcing 1.35492768139349E+02 sumM 4.88732975022087E-02 trend-4.21814920192002E-02 aero 0.00000000000000E+00 level 1.42867381961984E+03 k0-2.74485055749190E+04 init-1.60406302018696E+00 IR-5.06958115508578E-01 impC 3.00177171653075E-02 mP 5.47380422137089E-03 year-5.48601554518334E-06 sumLPAP 1.29809696191975E+00 harm
KEEPDBG accept 16 cc 6.20905426999092E-01 sumModel-2.10759584894390E+02 sumForcing 1.59417181257645E+02 sumM 4.84465170138201E-02 trend-4.24826982732684E-02 aero 0.00000000000000E+00 level 1.02416343098840E+03 k0-1.61302548524466E+04 init-1.59810304192522E+00 IR-5.05430780312495E-01 impC 2.98824638338115E-02 mP 5.55506906647741E-03 year-5.48601554518334E-06 sumLPAP 1.29809696191975E+00 harm
KEEPDBG accept 11 cc 6.20911475827347E-01 sumModel-1.98618836616087E+02 sumForcing 1.51836337005419E+02 sumM 4.98114017405461E-02 trend-3.92541788890870E-02 aero 0.00000000000000E+00 level 1.28802065587118E+03 k0-2.23282141358950E+04 init-1.63118470452646E+00 IR-5.35858062897013E-01 impC 3.13565419750726E-02 mP 5.52241810649460E-03 year-5.48601554518334E-06 sumLPAP 1.29809696191975E+00 harm
KEEPDBG accept 15 cc 6.21379130805350E-01 sumModel-2.05366255666805E+02 sumForcing 1.36661767939703E+02 sumM 4.86164528421725E-02 trend-4.15354403346428E-02 aero 0.00000000000000E+00 level 1.42692078272372E+03 k0-2.71397693672731E+04 init-1.64736289073551E+00 IR-5.20054281147611E-01 impC 3.02117633839573E-02 mP 5.56480340401768E-03 year-5.48601554518334E-06 sumLPAP 1.29809696191975E+00 harm
KEEPDBG accept 2 cc 6.20994503020729E-01 sumModel-2.09869985457094E+02 sumForcing 1.33492604440424E+02 sumM 4.92156924965578E-02 trend-4.24434353586518E-02 aero 0.00000000000000E+00 level 1.59404607879967E+03 k0-3.12235034449435E+04 init-1.64183229112479E+00 IR-5.08438225504306E-01 impC 3.01465001650900E-02 mP 5.56226375831632E-03 year-5.48601554518334E-06 sumLPAP 1.29809696191975E+00 harm
KEEPDBG accept 15 cc 6.21470296759364E-01 sumModel-2.05143412492432E+02 sumForcing 1.35623522710951E+02 sumM 4.86164528421725E-02 trend-4.14013329786618E-02 aero 0.00000000000000E+00 level 1.40345191036388E+03 k0-2.69714816679517E+04 init-1.64736289073551E+00 IR-5.20054281147611E-01 impC 3.02117633839573E-02 mP 5.50454769143525E-03 year-5.48601554518334E-06 sumLPAP 1.29809696191975E+00 harm
KEEPDBG accept 2 cc 6.20995136163779E-01 sumModel-2.09870726388963E+02 sumForcing 1.33490245855990E+02 sumM 4.92156924965578E-02 trend-4.24420155463150E-02 aero 0.00000000000000E+00 level 1.59398190894723E+03 k0-3.12229992733421E+04 init-1.64183229112479E+00 IR-5.08438225504306E-01 impC 3.01465001650900E-02 mP 5.56226375831632E-03 year-5.48601554518334E-06 sumLPAP 1.29809696191975E+00 harm
KEEPDBG accept 1 cc 6.19809601936397E-01 sumModel-2.09574015459239E+02 sumForcing 1.94143916857716E+02 sumM 4.99089424798690E-02 trend-4.21057870633916E-02 aero 0.00000000000000E+00 level 8.64763364983073E+02 k0-1.10449430162998E+04 init-1.66298762033633E+00 IR-5.08810700677921E-01 impC 3.11127468748810E-02 mP 5.53065663671420E-03 year-5.48601554518334E-06 sumLPAP 1.29809696191975E+00 harm
KEEPDBG accept 5 cc 6.20634611868084E-01 sumModel-2.06419479806932E+02 sumForcing 2.29542258907137E+02 sumM 4.92256636927207E-02 trend-4.15165897160776E-02 aero 0.00000000000000E+00 level 6.01365441877420E+02 k0-6.23629864888810E+03 init-1.64663994704118E+00 IR-5.17443371775408E-01 impC 3.05592868942365E-02 mP 5.51699234124754E-03 year-5.48601554518334E-06 sumLPAP 1.29809696191975E+00 harm
KEEPDBG accept 7 cc 6.20716609872445E-01 sumModel-2.08769415532857E+02 sumForcing 2.05799750693251E+02 sumM 2.67237298616129E-02 trend-4.11396052161883E-02 aero 0.00000000000000E+00 level 1.61553525544553E+02 k0-1.09899290593109E+03 init-1.66133640022737E+00 IR-5.10350187884787E-01 impC 3.01620971431904E-02 mP 5.38979554066508E-03 year-5.48601554518334E-06 sumLPAP 1.29809696191975E+00 harm
KEEPDBG accept 5 cc 6.20634638801719E-01 sumModel-2.06419679928937E+02 sumForcing 2.29542258907137E+02 sumM 5.04245986137729E-02 trend-4.15166523640416E-02 aero 0.00000000000000E+00 level 7.13636862258458E+02 k0-7.57540189869369E+03 init-1.64663994704118E+00 IR-5.17443371775408E-01 impC 3.05592868942365E-02 mP 5.51699234124754E-03 year-5.48601554518334E-06 sumLPAP 1.29809696191975E+00 harm
KEEPDBG accept 7 cc 6.20746021029217E-01 sumModel-2.08808337415810E+02 sumForcing 2.06348504462041E+02 sumM 2.67237298616129E-02 trend-4.11864763006612E-02 aero 0.00000000000000E+00 level 1.62137567065773E+02 k0-1.10192437712059E+03 init-1.66133640022737E+00 IR-5.10350187884787E-01 impC 3.01620971431904E-02 mP 5.41012662868544E-03 year-5.48601554518334E-06 sumLPAP 1.29809696191975E+00 harm
KEEPDBG accept 3 cc 6.21674824142350E-01 sumModel-2.10046233572899E+02 sumForcing 1.35492768139349E+02 sumM 4.88732975022087E-02 trend-4.21814920192002E-02 aero 0.00000000000000E+00 level 1.42867381961984E+03 k0-2.74485055749190E+04 init-1.60406302018696E+00 IR-5.06958115508578E-01 impC 3.00177172295428E-02 mP 5.47380422137089E-03 year-5.48601554518334E-06 sumLPAP 1.29809696191975E+00 harm
KEEPDBG accept 6 cc 6.21232187978686E-01 sumModel-2.04625608872599E+02 sumForcing 1.43354059593637E+02 sumM 4.93411782980341E-02 trend-4.04314044590962E-02 aero 0.00000000000000E+00 level 1.29709672081829E+03 k0-2.35658988975044E+04 init-1.62768005905748E+00 IR-5.21105393036434E-01 impC 3.03929346171447E-02 mP 5.40898721522190E-03 year-5.48601554518334E-06 sumLPAP 1.29809696191975E+00 harm
KEEPDBG accept 3 cc 6.21674988718367E-01 sumModel-2.10046149970469E+02 sumForcing 1.35492822763008E+02 sumM 4.88732436567426E-02 trend-4.21814782145679E-02 aero 0.00000000000000E+00 level 1.42868433268721E+03 k0-2.74487315745268E+04 init-1.60406302018696E+00 IR-5.06958115508578E-01 impC 3.00177172295428E-02 mP 5.47380422137089E-03 year-5.48601554518334E-06 sumLPAP 1.29809696191975E+00 harm
KEEPDBG accept 15 cc 6.21470306489419E-01 sumModel-2.04928030533994E+02 sumForcing 1.35623522710951E+02 sumM 4.86164528421725E-02 trend-4.14013329786618E-02 aero 0.00000000000000E+00 level 1.40345191036388E+03 k0-2.69714816679517E+04 init-1.64736289073551E+00 IR-5.20054281147611E-01 impC 3.12050040342799E-02 mP 5.50454769143525E-03 year-5.48601554518334E-06 sumLPAP 1.29809696191975E+00 harm
KEEPDBG accept 14 cc 6.20663623818172E-01 sumModel-2.06288186012499E+02 sumForcing 1.61387463719080E+02 sumM 4.92009819263677E-02 trend-4.13303052648335E-02 aero 0.00000000000000E+00 level 1.08768434656044E+03 k0-1.71480793750662E+04 init-1.64643901679218E+00 IR-5.18162293613842E-01 impC 3.14346676160441E-02 mP 5.57494700060199E-03 year-5.48601554518334E-06 sumLPAP 1.29809696191975E+00 harm
KEEPDBG accept 3 cc 6.21675007032530E-01 sumModel-2.10046196183111E+02 sumForcing 1.35492822628642E+02 sumM 4.88732436567426E-02 trend-4.21814880545142E-02 aero 0.00000000000000E+00 level 1.42868374915589E+03 k0-2.74486869082009E+04 init-1.60406302018696E+00 IR-5.06958115508578E-01 impC 3.00177172295428E-02 mP 5.47380422137089E-03 year-5.48601554518334E-06 sumLPAP 1.29809696191975E+00 harm
KEEPDBG accept 3 cc 6.21675280000366E-01 sumModel-2.10046155649980E+02 sumForcing 1.35492897706360E+02 sumM 4.88731696519040E-02 trend-4.21814987066385E-02 aero 0.00000000000000E+00 level 1.42869548493871E+03 k0-2.74488501760558E+04 init-1.60406302018696E+00 IR-5.06958115508578E-01 impC 3.00177172295428E-02 mP 5.47380422137089E-03 year-5.48601554518334E-06 sumLPAP 1.29809696191975E+00 harm
KEEPDBG accept 3 cc 6.21675731794111E-01 sumModel-2.10046072257545E+02 sumForcing 1.35493028114895E+02 sumM 4.88730411159933E-02 trend-4.21815001943996E-02 aero 0.00000000000000E+00 level 1.42871760687183E+03 k0-2.74492215853777E+04 init-1.60406302018696E+00 IR-5.06958115508578E-01 impC 3.00177172295428E-02 mP 5.47380422137089E-03 year-5.48601554518334E-06 sumLPAP 1.29809696191975E+00 harm
KEEPDBG accept 6 cc 6.21260910561713E-01 sumModel-2.04508826518581E+02 sumForcing 1.44371644918899E+02 sumM 4.93411782980341E-02 trend-4.06790329919408E-02 aero 0.00000000000000E+00 level 1.32457555912066E+03 k0-2.40090366345728E+04 init-1.66361190851647E+00 IR-5.21105393036434E-01 impC 3.03929346171447E-02 mP 5.40898721522190E-03 year-5.48601554518334E-06 sumLPAP 1.29809696191975E+00 harm
KEEPDBG accept 10 cc 6.21267404873663E-01 sumModel-2.04547689832701E+02 sumForcing 1.36459596023064E+02 sumM 4.90714709431502E-02 trend-4.13968730561889E-02 aero 0.00000000000000E+00 level 1.49486053143759E+03 k0-2.87717624541361E+04 init-1.58765528577744E+00 IR-5.22220633042786E-01 impC 3.01015603174620E-02 mP 5.54673981944082E-03 year-5.48601554518334E-06 sumLPAP 1.29809696191975E+00 harm
KEEPDBG accept 15 cc 6.21471827101375E-01 sumModel-2.04928491434570E+02 sumForcing 1.35621465070648E+02 sumM 4.86164528421725E-02 trend-4.14001430648838E-02 aero 0.00000000000000E+00 level 1.40341531378600E+03 k0-2.69714858839797E+04 init-1.64736289073551E+00 IR-5.20054281147611E-01 impC 3.12050040342799E-02 mP 5.50454769143525E-03 year-5.48601554518334E-06 sumLPAP 1.29809696191975E+00 harm
KEEPDBG accept 3 cc 6.21675924669177E-01 sumModel-2.10046018940954E+02 sumForcing 1.35493086353986E+02 sumM 4.88729837169072E-02 trend-4.21814973033337E-02 aero 0.00000000000000E+00 level 1.42872723372414E+03 k0-2.74493944265587E+04 init-1.60406302018696E+00 IR-5.06958115508578E-01 impC 3.00177172295428E-02 mP 5.47380422137089E-03 year-5.48601554518334E-06 sumLPAP 1.29809696191975E+00 harm
KEEPDBG accept 16 cc 6.20905455511889E-01 sumModel-2.10367211545457E+02 sumForcing 1.59417181257645E+02 sumM 4.84465170138201E-02 trend-4.24826982732684E-02 aero 0.00000000000000E+00 level 1.02416343098840E+03 k0-1.61302548524466E+04 init-1.59810304192522E+00 IR-5.05430780312495E-01 impC 3.17094006031320E-02 mP 5.55506906647741E-03 year-5.48601554518334E-06 sumLPAP 1.29809696191975E+00 harm
KEEPDBG accept 16 cc 6.21071395560337E-01 sumModel-2.10463029967242E+02 sumForcing 1.60511987137763E+02 sumM 4.84465170138201E-02 trend-4.25833057586745E-02 aero 0.00000000000000E+00 level 1.04021965760680E+03 k0-1.62805289265892E+04 init-1.59810304192522E+00 IR-5.05430780312495E-01 impC 3.17094006031320E-02 mP 5.60907175626309E-03 year-5.48601554518334E-06 sumLPAP 1.29809696191975E+00 harm
KEEPDBG accept 1 cc 6.19815316158369E-01 sumModel-2.09577875946430E+02 sumForcing 2.26248330254943E+02 sumM 4.99089424798690E-02 trend-4.20960789351541E-02 aero 0.00000000000000E+00 level 6.57376644143675E+02 k0-6.97527888999489E+03 init-1.66298762033633E+00 IR-5.08810700677921E-01 impC 3.11127468748810E-02 mP 5.53065663671420E-03 year-5.48601554518334E-06 sumLPAP 1.29809696191975E+00 harm
KEEPDBG accept 12 cc 6.20685740781826E-01 sumModel-2.07150160213221E+02 sumForcing 1.40556429056681E+02 sumM 4.94120952202295E-02 trend-4.14767994641186E-02 aero 0.00000000000000E+00 level 1.49987115294788E+03 k0-2.76987744200315E+04 init-1.69189989939196E+00 IR-5.15395247820543E-01 impC 3.08195767839850E-02 mP 5.52485944481255E-03 year-5.48601554518334E-06 sumLPAP 1.29809696191975E+00 harm
KEEPDBG accept 3 cc 6.21675938057465E-01 sumModel-2.10046032535181E+02 sumForcing 1.35493097862940E+02 sumM 4.88729837169072E-02 trend-4.21815093315651E-02 aero 0.00000000000000E+00 level 1.42872710054750E+03 k0-2.74493620645155E+04 init-1.60406345058141E+00 IR-5.06958115508578E-01 impC 3.00177172295428E-02 mP 5.47380422137089E-03 year-5.48601554518334E-06 sumLPAP 1.29809696191975E+00 harm
KEEPDBG accept 12 cc 6.20689013514377E-01 sumModel-2.07152083640354E+02 sumForcing 1.48138149376918E+02 sumM 4.94120952202295E-02 trend-4.14728356197874E-02 aero 0.00000000000000E+00 level 1.35778019213481E+03 k0-2.36550969588625E+04 init-1.69189989939196E+00 IR-5.15395247820543E-01 impC 3.08195767839850E-02 mP 5.52485944481255E-03 year-5.48601554518334E-06 sumLPAP 1.29809696191975E+00 harm
KEEPDBG accept 9 cc 6.20960027711097E-01 sumModel-2.09755651539388E+02 sumForcing 2.34134444153636E+02 sumM 4.94406505628934E-02 trend-4.17659594557192E-02 aero 0.00000000000000E+00 level 5.91228138373081E+02 k0-5.95512490312135E+03 init-1.69128722231699E+00 IR-5.07990157849880E-01 impC 3.15645417840303E-02 mP 5.51747929730678E-03 year-5.48601554518334E-06 sumLPAP 1.29809696191975E+00 harm
KEEPDBG accept 12 cc 6.20697306422174E-01 sumModel-2.07219652826209E+02 sumForcing 1.48132172557091E+02 sumM 4.94120952202295E-02 trend-4.15600594742813E-02 aero 0.00000000000000E+00 level 1.31476511752588E+03 k0-2.30060938410471E+04 init-1.69189989939196E+00 IR-5.15395247820543E-01 impC 3.08195767839850E-02 mP 5.52485944481255E-03 year-5.48601554518334E-06 sumLPAP 1.29809696191975E+00 harm
KEEPDBG accept 15 cc 6.21471986403122E-01 sumModel-2.04560845626074E+02 sumForcing 1.35621465070648E+02 sumM 4.86164528421725E-02 trend-4.13042134063963E-02 aero 0.00000000000000E+00 level 1.40071162651369E+03 k0-2.69503120017552E+04 init-1.64736289073551E+00 IR-5.20980813267107E-01 impC 3.12050040342799E-02 mP 5.50454769143525E-03 year-5.48601554518334E-06 sumLPAP 1.29809696191975E+00 harm
KEEPDBG accept 9 cc 6.20986456873410E-01 sumModel-2.09769335415782E+02 sumForcing 2.34134491391130E+02 sumM 4.94406505628934E-02 trend-4.17917510063466E-02 aero 0.00000000000000E+00 level 5.85287871592715E+02 k0-5.89921842693477E+03 init-1.69128722231699E+00 IR-5.07990157849880E-01 impC 3.15645417840303E-02 mP 5.51747929730678E-03 year-5.48601554518334E-06 sumLPAP 1.29809696191975E+00 harm
KEEPDBG accept 3 cc 6.21675952391093E-01 sumModel-2.10046074535055E+02 sumForcing 1.35493058105350E+02 sumM 4.88729837169072E-02 trend-4.21815042018891E-02 aero 0.00000000000000E+00 level 1.42872542259027E+03 k0-2.74493132012997E+04 init-1.60406196378782E+00 IR-5.06958115508578E-01 impC 3.00177172295428E-02 mP 5.47380422137089E-03 year-5.48601554518334E-06 sumLPAP 1.29809696191975E+00 harm
KEEPDBG accept 8 cc 6.20798936022480E-01 sumModel-2.01378964442175E+02 sumForcing 1.98632480619062E+02 sumM 5.07915122457574E-02 trend-4.08763831517190E-02 aero 0.00000000000000E+00 level 9.13669336925488E+02 k0-1.18044295005829E+04 init-1.58226223290808E+00 IR-5.29886319515210E-01 impC 3.10934602250477E-02 mP 5.51545090919402E-03 year-5.48601554518334E-06 sumLPAP 1.29809696191975E+00 harm
KEEPDBG accept 3 cc 6.21675963213387E-01 sumModel-2.10046081774939E+02 sumForcing 1.35493058105350E+02 sumM 4.88729850698500E-02 trend-4.21815117808580E-02 aero 0.00000000000000E+00 level 1.42872463096327E+03 k0-2.74492756068082E+04 init-1.60406196378782E+00 IR-5.06958115508578E-01 impC 3.00177172295428E-02 mP 5.47380422137089E-03 year-5.48601554518334E-06 sumLPAP 1.29809696191975E+00 harm
KEEPDBG accept 9 cc 6.20987261990940E-01 sumModel-2.09770296491126E+02 sumForcing 2.34128983032923E+02 sumM 4.94406505628934E-02 trend-4.17901891519040E-02 aero 0.00000000000000E+00 level 5.85258608627892E+02 k0-5.89913884790966E+03 init-1.69128722231699E+00 IR-5.07990157849880E-01 impC 3.15645417840303E-02 mP 5.51747929730678E-03 year-5.48601554518334E-06 sumLPAP 1.29809696191975E+00 harm
KEEPDBG accept 6 cc 6.21260929883014E-01 sumModel-2.04508854660025E+02 sumForcing 1.44371644918899E+02 sumM 4.96256541068101E-02 trend-4.06790462009750E-02 aero 0.00000000000000E+00 level 1.38214640134528E+03 k0-2.51168802151227E+04 init-1.66361190851647E+00 IR-5.21105393036434E-01 impC 3.03929346171447E-02 mP 5.40898721522190E-03 year-5.48601554518334E-06 sumLPAP 1.29809696191975E+00 harm
KEEPDBG accept 14 cc 6.20663672361160E-01 sumModel-2.06288307981971E+02 sumForcing 1.61387463719080E+02 sumM 5.00883988412098E-02 trend-4.13303442034785E-02 aero 0.00000000000000E+00 level 1.24218132472355E+03 k0-1.97723840962271E+04 init-1.64643901679218E+00 IR-5.18162293613842E-01 impC 3.14346676160441E-02 mP 5.57494700060199E-03 year-5.48601554518334E-06 sumLPAP 1.29809696191975E+00 harm
KEEPDBG accept 12 cc 6.20697915837894E-01 sumModel-2.07221546787279E+02 sumForcing 1.55530281511450E+02 sumM 4.94120952202295E-02 trend-4.15561230362951E-02 aero 0.00000000000000E+00 level 1.19969465110794E+03 k0-1.98728608273964E+04 init-1.69189989939196E+00 IR-5.15395247820543E-01 impC 3.08195767839850E-02 mP 5.52485944481255E-03 year-5.48601554518334E-06 sumLPAP 1.29809696191975E+00 harm
KEEPDBG accept 10 cc 6.21371830991954E-01 sumModel-2.04525391507642E+02 sumForcing 1.35560302307101E+02 sumM 4.90714709431502E-02 trend-4.10218470459940E-02 aero 0.00000000000000E+00 level 1.49884132701619E+03 k0-2.89389440754802E+04 init-1.58765528577744E+00 IR-5.22220633042786E-01 impC 3.01015603174620E-02 mP 5.54673981944082E-03 year-5.48601554518334E-06 sumLPAP 1.29809696191975E+00 harm
KEEPDBG accept 12 cc 6.20703464100838E-01 sumModel-2.07260230942738E+02 sumForcing 1.55383198668514E+02 sumM 4.94120952202295E-02 trend-4.14820084497126E-02 aero 0.00000000000000E+00 level 1.19678345592562E+03 k0-1.98544839970831E+04 init-1.69189989939196E+00 IR-5.15395247820543E-01 impC 3.08195767839850E-02 mP 5.52485944481255E-03 year-5.48601554518334E-06 sumLPAP 1.29809696191975E+00 harm
KEEPDBG accept 3 cc 6.21675963215250E-01 sumModel-2.10046074403716E+02 sumForcing 1.35493058105350E+02 sumM 4.88729850698500E-02 trend-4.21815117808580E-02 aero 0.00000000000000E+00 level 1.42872463096327E+03 k0-2.74492756068082E+04 init-1.60406196378782E+00 IR-5.06958115508578E-01 impC 3.00177515162057E-02 mP 5.47380422137089E-03 year-5.48601554518334E-06 sumLPAP 1.29809696191975E+00 harm
KEEPDBG accept 12 cc 6.20703497230653E-01 sumModel-2.07260457503741E+02 sumForcing 1.55382641885462E+02 sumM 4.94120952202295E-02 trend-4.14817473313274E-02 aero 0.00000000000000E+00 level 1.19677099760322E+03 k0-1.98543454043752E+04 init-1.69189989939196E+00 IR-5.15395247820543E-01 impC 3.08195767839850E-02 mP 5.52485944481255E-03 year-5.48601554518334E-06 sumLPAP 1.29809696191975E+00 harm
KEEPDBG accept 6 cc 6.21268022259131E-01 sumModel-2.04512478684514E+02 sumForcing 1.44356587043608E+02 sumM 4.96256541068101E-02 trend-4.06714749613294E-02 aero 0.00000000000000E+00 level 1.38186736433102E+03 k0-2.51166053839449E+04 init-1.66361190851647E+00 IR-5.21105393036434E-01 impC 3.03929346171447E-02 mP 5.40898721522190E-03 year-5.48601554518334E-06 sumLPAP 1.29809696191975E+00 harm
KEEPDBG accept 13 cc 6.21360129670594E-01 sumModel-2.08598279895471E+02 sumForcing 1.49246340261617E+02 sumM 4.83016339385985E-02 trend-4.26433973924616E-02 aero 0.00000000000000E+00 level 1.17305095679519E+03 k0-2.02005277791689E+04 init-1.65124535234795E+00 IR-5.10951472119701E-01 impC 2.99270909757399E-02 mP 5.47147808945881E-03 year-5.48601554518334E-06 sumLPAP 1.29809696191975E+00 harm
KEEPDBG accept 10 cc 6.21371884710238E-01 sumModel-2.04525501429580E+02 sumForcing 1.35560302307101E+02 sumM 4.93779621280056E-02 trend-4.10218742227570E-02 aero 0.00000000000000E+00 level 1.56840706262331E+03 k0-3.03553223028529E+04 init-1.58765528577744E+00 IR-5.22220633042786E-01 impC 3.01015603174620E-02 mP 5.54673981944082E-03 year-5.48601554518334E-06 sumLPAP 1.29809696191975E+00 harm
KEEPDBG accept 4 cc 6.20102525522786E-01 sumModel-2.08474842929058E+02 sumForcing 1.81037721777242E+02 sumM 5.09165217562733E-02 trend-4.33680401658514E-02 aero 0.00000000000000E+00 level 1.29437681639274E+03 k0-1.83546619704204E+04 init-1.66697932083822E+00 IR-5.12927840121358E-01 impC 3.00369958819266E-02 mP 5.50819183455398E-03 year-5.48601554518334E-06 sumLPAP 1.29809696191975E+00 harm
KEEPDBG accept 7 cc 6.20940565936145E-01 sumModel-2.08804159377161E+02 sumForcing 2.05319097378238E+02 sumM 2.67237298616129E-02 trend-4.09711242572996E-02 aero 0.00000000000000E+00 level 1.60587008221444E+02 k0-1.09224877835509E+03 init-1.63574686714254E+00 IR-5.10350187884787E-01 impC 3.01620971431904E-02 mP 5.41012662868544E-03 year-5.48601554518334E-06 sumLPAP 1.29809696191975E+00 harm
KEEPDBG accept 7 cc 6.20951942846456E-01 sumModel-2.08804786214910E+02 sumForcing 2.29474685440638E+02 sumM 2.67237298616129E-02 trend-4.09658451547262E-02 aero 0.00000000000000E+00 level 1.43972810768716E+02 k0-7.82081111178580E+02 init-1.63574686714254E+00 IR-5.10350187884787E-01 impC 3.01620971431904E-02 mP 5.41012662868544E-03 year-5.48601554518334E-06 sumLPAP 1.29809696191975E+00 harm
KEEPDBG accept 8 cc 6.20805950928951E-01 sumModel-2.01382535564746E+02 sumForcing 1.98606807597203E+02 sumM 5.07915122457574E-02 trend-4.08632972558520E-02 aero 0.00000000000000E+00 level 9.13358233775753E+02 k0-1.18031588708843E+04 init-1.58226223290808E+00 IR-5.29886319515210E-01 impC 3.10934602250477E-02 mP 5.51545090919402E-03 year-5.48601554518334E-06 sumLPAP 1.29809696191975E+00 harm
KEEPDBG accept 8 cc 6.20836945892054E-01 sumModel-2.01401442284590E+02 sumForcing 1.98477920687246E+02 sumM 5.07915122457574E-02 trend-4.07977860145613E-02 aero 0.00000000000000E+00 level 9.11775681092376E+02 k0-1.17963742282290E+04 init-1.58226223290808E+00 IR-5.29886319515210E-01 impC 3.10934602250477E-02 mP 5.51545090919402E-03 year-5.48601554518334E-06 sumLPAP 1.29809696191975E+00 harm
KEEPDBG accept 10 cc 6.21381172739139E-01 sumModel-2.04527973113881E+02 sumForcing 1.43117495695339E+02 sumM 4.93779621280056E-02 trend-4.10144785316704E-02 aero 0.00000000000000E+00 level 1.41463015160249E+03 k0-2.57884294855106E+04 init-1.58765528577744E+00 IR-5.22220633042786E-01 impC 3.01015603174620E-02 mP 5.54673981944082E-03 year-5.48601554518334E-06 sumLPAP 1.29809696191975E+00 harm
KEEPDBG accept 15 cc 6.21615861023792E-01 sumModel-2.04618554713548E+02 sumForcing 1.34505385232181E+02 sumM 4.86164528421725E-02 trend-4.10063140695906E-02 aero 0.00000000000000E+00 level 1.36965167843543E+03 k0-2.64744392704608E+04 init-1.60585532928851E+00 IR-5.20980813267107E-01 impC 3.12050040342799E-02 mP 5.50454769143525E-03 year-5.48601554518334E-06 sumLPAP 1.29809696191975E+00 harm
KEEPDBG accept 11 cc 6.20943160666213E-01 sumModel-1.98627555413587E+02 sumForcing 2.06597713670736E+02 sumM 4.98114017405461E-02 trend-3.92315291594445E-02 aero 0.00000000000000E+00 level 7.28958196444913E+02 k0-8.85453812555089E+03 init-1.63118470452646E+00 IR-5.35858062897013E-01 impC 3.13565419750726E-02 mP 5.52241810649460E-03 year-5.48601554518334E-06 sumLPAP 1.29809696191975E+00 harm
KEEPDBG accept 4 cc 6.20114721004759E-01 sumModel-2.08477171402051E+02 sumForcing 2.04980282249086E+02 sumM 5.09165217562733E-02 trend-4.33566065425984E-02 aero 0.00000000000000E+00 level 1.02722344199030E+03 k0-1.26400215410348E+04 init-1.66697932083822E+00 IR-5.12927840121358E-01 impC 3.00369958819266E-02 mP 5.50819183455398E-03 year-5.48601554518334E-06 sumLPAP 1.29809696191975E+00 harm
KEEPDBG accept 10 cc 6.21387867120156E-01 sumModel-2.04529902775969E+02 sumForcing 1.43107843570265E+02 sumM 4.93779621280056E-02 trend-4.10091690156671E-02 aero 0.00000000000000E+00 level 1.41445778277602E+03 k0-2.57880451285044E+04 init-1.58765528577744E+00 IR-5.22220633042786E-01 impC 3.01015603174620E-02 mP 5.54673981944082E-03 year-5.48601554518334E-06 sumLPAP 1.29809696191975E+00 harm
KEEPDBG accept 3 cc 6.21675998625444E-01 sumModel-2.10046026287504E+02 sumForcing 1.35492758013373E+02 sumM 4.88729586104756E-02 trend-4.21814664155046E-02 aero 0.00000000000000E+00 level 1.42873124165888E+03 k0-2.74494291514012E+04 init-1.60406196378782E+00 IR-5.06958115508578E-01 impC 3.00177515162057E-02 mP 5.47380422137089E-03 year-5.48601554518334E-06 sumLPAP 1.29809696191975E+00 harm
KEEPDBG accept 1 cc 6.19825923552320E-01 sumModel-2.09585105782521E+02 sumForcing 3.39312888536243E+02 sumM 4.99089424798690E-02 trend-4.20763081828980E-02 aero 0.00000000000000E+00 level 3.36113088323212E+02 k0-2.06561913063543E+03 init-1.66298762033633E+00 IR-5.08810700677921E-01 impC 3.11127468748810E-02 mP 5.53065663671420E-03 year-5.48601554518334E-06 sumLPAP 1.29809696191975E+00 harm
KEEPDBG accept 7 cc 6.21057142439002E-01 sumModel-2.08829326719886E+02 sumForcing 2.29290302492789E+02 sumM 2.67237298616129E-02 trend-4.09224937689022E-02 aero 0.00000000000000E+00 level 1.43819960572803E+02 k0-7.82374279866375E+02 init-1.63574686714254E+00 IR-5.10350187884787E-01 impC 3.01620971431904E-02 mP 5.41012662868544E-03 year-5.48601554518334E-06 sumLPAP 1.29809696191975E+00 harm
KEEPDBG accept 7 cc 6.21072550781307E-01 sumModel-2.08831963505882E+02 sumForcing 2.29450163661009E+02 sumM 2.67237298616129E-02 trend-4.09367208775015E-02 aero 0.00000000000000E+00 level 1.43948090472729E+02 k0-7.83082198280215E+02 init-1.63574686714254E+00 IR-5.10350187884787E-01 impC 3.01620971431904E-02 mP 5.41012662868544E-03 year-5.48601554518334E-06 sumLPAP 1.29809696191975E+00 harm
KEEPDBG accept 10 cc 6.21575223153206E-01 sumModel-2.04518088178935E+02 sumForcing 1.43378770031633E+02 sumM 4.91689886966810E-02 trend-4.10297090607420E-02 aero 0.00000000000000E+00 level 1.44252733759072E+03 k0-2.61150865369334E+04 init-1.58765528577744E+00 IR-5.22220633042786E-01 impC 3.01015603174620E-02 mP 5.54673981944082E-03 year-5.48601554518334E-06 sumLPAP 1.29809696191975E+00 harm
KEEPDBG accept 10 cc 6.21588268478892E-01 sumModel-2.04520544381063E+02 sumForcing 1.51662460074619E+02 sumM 4.91689886966810E-02 trend-4.10232557939049E-02 aero 0.00000000000000E+00 level 1.29712165972372E+03 k0-2.20597131994729E+04 init-1.58765528577744E+00 IR-5.22220633042786E-01 impC 3.01015603174620E-02 mP 5.54673981944082E-03 year-5.48601554518334E-06 sumLPAP 1.29809696191975E+00 harm
KEEPDBG accept 14 cc 6.20664107798215E-01 sumModel-2.06285865015787E+02 sumForcing 1.61525387914685E+02 sumM 5.00883988412098E-02 trend-4.13627604068531E-02 aero 0.00000000000000E+00 level 1.24545054194192E+03 k0-1.98121226336554E+04 init-1.65088222450482E+00 IR-5.18162293613842E-01 impC 3.14346676160441E-02 mP 5.57494700060199E-03 year-5.48601554518334E-06 sumLPAP 1.29809696191975E+00 harm
KEEPDBG accept 3 cc 6.21676007863518E-01 sumModel-2.10046023765170E+02 sumForcing 1.35492823661444E+02 sumM 4.88729586104756E-02 trend-4.21814748839789E-02 aero 0.00000000000000E+00 level 1.42873303119340E+03 k0-2.74494589047758E+04 init-1.60406196378782E+00 IR-5.06958115508578E-01 impC 3.00177515162057E-02 mP 5.47380422137089E-03 year-5.48601554518334E-06 sumLPAP 1.29809696191975E+00 harm
KEEPDBG accept 10 cc 6.21588311674667E-01 sumModel-2.04212544976068E+02 sumForcing 1.51662460074619E+02 sumM 4.91689886966810E-02 trend-4.10232557939049E-02 aero 0.00000000000000E+00 level 1.29712165972372E+03 k0-2.20597131994729E+04 init-1.58765528577744E+00 IR-5.22220633042786E-01 impC 3.15198971602608E-02 mP 5.54673981944082E-03 year-5.48601554518334E-06 sumLPAP 1.29809696191975E+00 harm
KEEPDBG accept 14 cc 6.20664159281227E-01 sumModel-2.06285993326630E+02 sumForcing 1.61525387914685E+02 sumM 5.15074249361265E-02 trend-4.13628051165335E-02 aero 0.00000000000000E+00 level 1.57867721776711E+03 k0-2.54681723469702E+04 init-1.65088222450482E+00 IR-5.18162293613842E-01 impC 3.14346676160441E-02 mP 5.57494700060199E-03 year-5.48601554518334E-06 sumLPAP 1.29809696191975E+00 harm
KEEPDBG accept 8 cc 6.20885474519098E-01 sumModel-2.01437977631834E+02 sumForcing 1.98986506087200E+02 sumM 5.07915122457574E-02 trend-4.08447767112760E-02 aero 0.00000000000000E+00 level 9.17271691161807E+02 k0-1.18436209104786E+04 init-1.58226223290808E+00 IR-5.29886319515210E-01 impC 3.10934602250477E-02 mP 5.51545090919402E-03 year-5.48601554518334E-06 sumLPAP 1.29809696191975E+00 harm
KEEPDBG accept 16 cc 6.21076531963019E-01 sumModel-2.10464516660541E+02 sumForcing 1.60503049895638E+02 sumM 4.84465170138201E-02 trend-4.25790681254868E-02 aero 0.00000000000000E+00 level 1.04011832082250E+03 k0-1.62805792053011E+04 init-1.59810304192522E+00 IR-5.05430780312495E-01 impC 3.17094006031320E-02 mP 5.60907175626309E-03 year-5.48601554518334E-06 sumLPAP 1.29809696191975E+00 harm
KEEPDBG accept 6 cc 6.21387923956689E-01 sumModel-2.04576162674747E+02 sumForcing 1.45256490196166E+02 sumM 4.96256541068101E-02 trend-4.08077256553292E-02 aero 0.00000000000000E+00 level 1.40191363918698E+03 k0-2.53335983572155E+04 init-1.66361190851647E+00 IR-5.21105393036434E-01 impC 3.03929346171447E-02 mP 5.40898721522190E-03 year-5.48601554518334E-06 sumLPAP 1.29809696191975E+00 harm
KEEPDBG accept 9 cc 6.20987264832571E-01 sumModel-2.09813484725458E+02 sumForcing 2.34128983032923E+02 sumM 4.94406505628934E-02 trend-4.17901891519040E-02 aero 0.00000000000000E+00 level 5.85258608627892E+02 k0-5.89913884790966E+03 init-1.69128722231699E+00 IR-5.07990157849880E-01 impC 3.13637919564908E-02 mP 5.51747929730678E-03 year-5.48601554518334E-06 sumLPAP 1.29809696191975E+00 harm
KEEPDBG accept 8 cc 6.20885972235988E-01 sumModel-2.01438325198051E+02 sumForcing 1.98984356638276E+02 sumM 5.07915122457574E-02 trend-4.08436985187614E-02 aero 0.00000000000000E+00 level 9.17245629565501E+02 k0-1.18434955591615E+04 init-1.58226223290808E+00 IR-5.29886319515210E-01 impC 3.10934602250477E-02 mP 5.51545090919402E-03 year-5.48601554518334E-06 sumLPAP 1.29809696191975E+00 harm
KEEPDBG accept 6 cc 6.21388300987643E-01 sumModel-2.04712122410614E+02 sumForcing 1.45203621591518E+02 sumM 4.96256541068101E-02 trend-4.09213513588807E-02 aero 0.00000000000000E+00 level 1.34379949564470E+03 k0-2.43818884411420E+04 init-1.66361190851647E+00 IR-5.21105393036434E-01 impC 3.03929346171447E-02 mP 5.40898721522190E-03 year-5.48601554518334E-06 sumLPAP 1.29809696191975E+00 harm
KEEPDBG accept 11 cc 6.20943194668906E-01 sumModel-1.98627691274737E+02 sumForcing 2.06597713670736E+02 sumM 5.07217347546265E-02 trend-3.92315726568166E-02 aero 0.00000000000000E+00 level 8.39066399573490E+02 k0-1.03435458533255E+04 init-1.63118470452646E+00 IR-5.35858062897013E-01 impC 3.13565419750726E-02 mP 5.52241810649460E-03 year-5.48601554518334E-06 sumLPAP 1.29809696191975E+00 harm
KEEPDBG accept 3 cc 6.21676073529915E-01 sumModel-2.10046078448730E+02 sumForcing 1.35492580649504E+02 sumM 4.88729371836499E-02 trend-4.21814602519634E-02 aero 0.00000000000000E+00 level 1.42873630608078E+03 k0-2.74494732195496E+04 init-1.60406196378782E+00 IR-5.06958115508578E-01 impC 3.00177515162057E-02 mP 5.47380422137089E-03 year-5.48601554518334E-06 sumLPAP 1.29809696191975E+00 harm
KEEPDBG accept 13 cc 6.21365953133182E-01 sumModel-2.08600373490590E+02 sumForcing 1.57021630524371E+02 sumM 4.83016339385985E-02 trend-4.26360759213291E-02 aero 0.00000000000000E+00 level 1.06721519194239E+03 k0-1.73416021033164E+04 init-1.65124535234795E+00 IR-5.10951472119701E-01 impC 2.99270909757399E-02 mP 5.47147808945881E-03 year-5.48601554518334E-06 sumLPAP 1.29809696191975E+00 harm
KEEPDBG accept 11 cc 6.20943245763312E-01 sumModel-1.98627837221594E+02 sumForcing 2.06597713670736E+02 sumM 5.17616360145985E-02 trend-3.92316242540331E-02 aero 0.00000000000000E+00 level 1.00256388098570E+03 k0-1.25545356504353E+04 init-1.63118470452646E+00 IR-5.35858062897013E-01 impC 3.13565419750726E-02 mP 5.52241810649460E-03 year-5.48601554518334E-06 sumLPAP 1.29809696191975E+00 harm
KEEPDBG accept 3 cc 6.21676074575760E-01 sumModel-2.10046089525068E+02 sumForcing 1.35492597455567E+02 sumM 4.88729371836499E-02 trend-4.21814633040718E-02 aero 0.00000000000000E+00 level 1.42873622860932E+03 k0-2.74494681787322E+04 init-1.60406196378782E+00 IR-5.06958115508578E-01 impC 3.00177515162057E-02 mP 5.47380422137089E-03 year-5.48601554518334E-06 sumLPAP 1.29809696191975E+00 harm
KEEPDBG accept 11 cc 6.20946948887489E-01 sumModel-1.98628936781431E+02 sumForcing 2.06589857439551E+02 sumM 5.17616360145985E-02 trend-3.92289441484663E-02 aero 0.00000000000000E+00 level 1.00249129861016E+03 k0-1.25545029935323E+04 init-1.63118470452646E+00 IR-5.35858062897013E-01 impC 3.13565419750726E-02 mP 5.52241810649460E-03 year-5.48601554518334E-06 sumLPAP 1.29809696191975E+00 harm
KEEPDBG accept 6 cc 6.21534971574372E-01 sumModel-2.04785822542165E+02 sumForcing 1.46041921500228E+02 sumM 4.96256541068101E-02 trend-4.10081372375968E-02 aero 0.00000000000000E+00 level 1.36339000464251E+03 k0-2.46038552798601E+04 init-1.66361190851647E+00 IR-5.21105393036434E-01 impC 3.03929346171447E-02 mP 5.45471264263892E-03 year-5.48601554518334E-06 sumLPAP 1.29809696191975E+00 harm
KEEPDBG accept 10 cc 6.21596732552115E-01 sumModel-2.04210306054449E+02 sumForcing 1.51641809231249E+02 sumM 4.91689886966810E-02 trend-4.10173872630269E-02 aero 0.00000000000000E+00 level 1.29669017357555E+03 k0-2.20561079780080E+04 init-1.58696626018102E+00 IR-5.22220633042786E-01 impC 3.15198971602608E-02 mP 5.54673981944082E-03 year-5.48601554518334E-06 sumLPAP 1.29809696191975E+00 harm
KEEPDBG accept 7 cc 6.21292792618629E-01 sumModel-2.08826481563554E+02 sumForcing 2.29456132270909E+02 sumM 2.67237298616129E-02 trend-4.09791641588799E-02 aero 0.00000000000000E+00 level 1.43366288379249E+02 k0-7.76810343252816E+02 init-1.63574686714254E+00 IR-5.10350187884787E-01 impC 3.01620971431904E-02 mP 5.41012662868544E-03 year-5.48601554518334E-06 sumLPAP 1.29809696191975E+00 harm
KEEPDBG accept 8 cc 6.20886007722360E-01 sumModel-2.01438396349077E+02 sumForcing 1.98984356638276E+02 sumM 5.14523219861475E-02 trend-4.08437235949455E-02 aero 0.00000000000000E+00 level 1.02480067801873E+03 k0-1.33599599287038E+04 init-1.58226223290808E+00 IR-5.29886319515210E-01 impC 3.10934602250477E-02 mP 5.51545090919402E-03 year-5.48601554518334E-06 sumLPAP 1.29809696191975E+00 harm
KEEPDBG accept 7 cc 6.21294230383063E-01 sumModel-2.08826887028136E+02 sumForcing 2.29453264168688E+02 sumM 2.67237298616129E-02 trend-4.09784513275950E-02 aero 0.00000000000000E+00 level 1.43363717105033E+02 k0-7.76813353709092E+02 init-1.63574686714254E+00 IR-5.10350187884787E-01 impC 3.01620971431904E-02 mP 5.41012662868544E-03 year-5.48601554518334E-06 sumLPAP 1.29809696191975E+00 harm
KEEPDBG accept 16 cc 6.21078077285789E-01 sumModel-2.10464587682197E+02 sumForcing 1.60470385530552E+02 sumM 4.84465170138201E-02 trend-4.25675956764701E-02 aero 0.00000000000000E+00 level 1.04016276477583E+03 k0-1.62831905783766E+04 init-1.59810304192522E+00 IR-5.05430780312495E-01 impC 3.17094006031320E-02 mP 5.60907175626309E-03 year-5.48601554518334E-06 sumLPAP 1.29809696191975E+00 harm
KEEPDBG accept 1 cc 6.40120625516711E-01 sumModel-2.29427135472570E+02 sumForcing 6.75380107764133E+02 sumM 4.99089424798690E-02 trend-5.47349874654716E-02 aero 0.00000000000000E+00 level 2.63199503573979E+02 k0 3.34670086358015E+02 init-1.66298762033633E+00 IR-5.08810700677921E-01 impC 3.11127468748810E-02 mP 5.53065663671420E-03 year-5.48601554518334E-06 sumLPAP 1.29809696191975E+00 harm
KEEPDBG accept 1 cc 6.40120642526371E-01 sumModel-2.29427133857062E+02 sumForcing 6.75381144101883E+02 sumM 4.99089424798690E-02 trend-5.47349886914350E-02 aero 0.00000000000000E+00 level 2.63198826925158E+02 k0 3.34672491391131E+02 init-1.66298762033633E+00 IR-5.08810700677921E-01 impC 3.11127468748810E-02 mP 5.53065663671420E-03 year-5.48601554518334E-06 sumLPAP 1.29809696191975E+00 harm
KEEPDBG accept 10 cc 6.21607134263559E-01 sumModel-2.04198180000357E+02 sumForcing 1.51595449471845E+02 sumM 4.91689886966810E-02 trend-4.10113863917056E-02 aero 0.00000000000000E+00 level 1.29588843595063E+03 k0-2.20535396088204E+04 init-1.58696626018102E+00 IR-5.22220633042786E-01 impC 3.15198971602608E-02 mP 5.54431588099468E-03 year-5.48601554518334E-06 sumLPAP 1.29809696191975E+00 harm
KEEPDBG accept 8 cc 6.20889816319652E-01 sumModel-2.01439651893489E+02 sumForcing 4.28219518466716E+02 sumM 5.14523219861475E-02 trend-4.08321856552991E-02 aero 0.00000000000000E+00 level 2.81688774620705E+02 k0-1.33968357295127E+03 init-1.58226223290808E+00 IR-5.29886319515210E-01 impC 3.10934602250477E-02 mP 5.51545090919402E-03 year-5.48601554518334E-06 sumLPAP 1.29809696191975E+00 harm
KEEPDBG accept 3 cc 6.21677126535019E-01 sumModel-2.10045882316209E+02 sumForcing 1.35492897680920E+02 sumM 4.88726413467917E-02 trend-4.21814758250381E-02 aero 0.00000000000000E+00 level 1.42878622679186E+03 k0-2.74502740282147E+04 init-1.60406196378782E+00 IR-5.06958115508578E-01 impC 3.00177515162057E-02 mP 5.47380422137089E-03 year-5.48601554518334E-06 sumLPAP 1.29809696191975E+00 harm
KEEPDBG accept 6 cc 6.21537326056029E-01 sumModel-2.04789761506470E+02 sumForcing 1.46028900351412E+02 sumM 4.96256541068101E-02 trend-4.10007067915825E-02 aero 0.00000000000000E+00 level 1.36311184041551E+03 k0-2.46021404522811E+04 init-1.66361190851647E+00 IR-5.21105393036434E-01 impC 3.03929346171447E-02 mP 5.45471264263892E-03 year-5.48601554518334E-06 sumLPAP 1.29809696191975E+00 harm
KEEPDBG accept 2 cc 6.21000858496523E-01 sumModel-2.09877377909611E+02 sumForcing 1.49010736639613E+02 sumM 4.92156924965578E-02 trend-4.24269114793809E-02 aero 0.00000000000000E+00 level 1.29410311400019E+03 k0-2.24325866331712E+04 init-1.64183229112479E+00 IR-5.08438225504306E-01 impC 3.01465001650900E-02 mP 5.56226375831632E-03 year-5.48601554518334E-06 sumLPAP 1.29809696191975E+00 harm
KEEPDBG accept 3 cc 6.21677126602827E-01 sumModel-2.10045613676807E+02 sumForcing 1.35492897680920E+02 sumM 4.88726413467917E-02 trend-4.21814758250381E-02 aero 0.00000000000000E+00 level 1.42878622679186E+03 k0-2.74502740282147E+04 init-1.60406196378782E+00 IR-5.06958115508578E-01 impC 3.00190010712393E-02 mP 5.47380422137089E-03 year-5.48601554518334E-06 sumLPAP 1.29809696191975E+00 harm
KEEPDBG accept 13 cc 6.21384375978914E-01 sumModel-2.08607749923777E+02 sumForcing 1.56980221406074E+02 sumM 4.83016339385985E-02 trend-4.26124137026868E-02 aero 0.00000000000000E+00 level 1.06667572499089E+03 k0-1.73415887999486E+04 init-1.65124535234795E+00 IR-5.10951472119701E-01 impC 2.99270909757399E-02 mP 5.47147808945881E-03 year-5.48601554518334E-06 sumLPAP 1.29809696191975E+00 harm
KEEPDBG accept 9 cc 6.20993796991171E-01 sumModel-2.09821164875174E+02 sumForcing-2.85081538798130E+02 sumM 4.94406505628934E-02 trend-4.17764945910829E-02 aero 0.00000000000000E+00 level 4.20140788895317E+02 k0 3.26523531540050E+03 init-1.69128722231699E+00 IR-5.07990157849880E-01 impC 3.13637919564908E-02 mP 5.51747929730678E-03 year-5.48601554518334E-06 sumLPAP 1.29809696191975E+00 harm
KEEPDBG accept 6 cc 6.21537340047330E-01 sumModel-2.04524870051037E+02 sumForcing 1.46028900351412E+02 sumM 4.96256541068101E-02 trend-4.10007067915825E-02 aero 0.00000000000000E+00 level 1.36311184041551E+03 k0-2.46021404522811E+04 init-1.66361190851647E+00 IR-5.21105393036434E-01 impC 3.16136496370219E-02 mP 5.45471264263892E-03 year-5.48601554518334E-06 sumLPAP 1.29809696191975E+00 harm
KEEPDBG accept 15 cc 6.21629756337360E-01 sumModel-2.00559834685515E+02 sumForcing 1.34505385232181E+02 sumM 4.86164528421725E-02 trend-3.99590976151280E-02 aero 0.00000000000000E+00 level 1.34033927074142E+03 k0-2.62355154081146E+04 init-1.60585532928851E+00 IR-5.31128948517388E-01 impC 3.12050040342799E-02 mP 5.50454769143525E-03 year-5.48601554518334E-06 sumLPAP 1.29809696191975E+00 harm
KEEPDBG accept 7 cc 6.21294401857847E-01 sumModel-2.08829575172148E+02 sumForcing 2.29453264168688E+02 sumM 3.21464413390300E-02 trend-4.09794758976830E-02 aero 0.00000000000000E+00 level 1.69783331157006E+02 k0-1.08834461871584E+03 init-1.63574686714254E+00 IR-5.10350187884787E-01 impC 3.01620971431904E-02 mP 5.41012662868544E-03 year-5.48601554518334E-06 sumLPAP 1.29809696191975E+00 harm
KEEPDBG accept 10 cc 6.21724749649716E-01 sumModel-2.04042295623239E+02 sumForcing 1.50925598711610E+02 sumM 4.91689886966810E-02 trend-4.09286985659495E-02 aero 0.00000000000000E+00 level 1.28416261083173E+03 k0-2.20010627181011E+04 init-1.58696626018102E+00 IR-5.22220633042786E-01 impC 3.15198971602608E-02 mP 5.50927956572268E-03 year-5.48601554518334E-06 sumLPAP 1.29809696191975E+00 harm
KEEPDBG accept 1 cc 6.40120691450054E-01 sumModel-2.29427015754940E+02 sumForcing 6.75381815518661E+02 sumM 4.99089424798690E-02 trend-5.47349388658682E-02 aero 0.00000000000000E+00 level 2.63197526507333E+02 k0 3.34683000391133E+02 init-1.66298762033633E+00 IR-5.08810700677921E-01 impC 3.11127468748810E-02 mP 5.53066501618773E-03 year-5.48601554518334E-06 sumLPAP 1.29809696191975E+00 harm
KEEPDBG accept 2 cc 6.21008983975820E-01 sumModel-2.09904968375874E+02 sumForcing 1.49152854874438E+02 sumM 4.92156924965578E-02 trend-4.24521074814994E-02 aero 0.00000000000000E+00 level 1.29710613440324E+03 k0-2.24541208751176E+04 init-1.64183229112479E+00 IR-5.08438225504306E-01 impC 3.01465001650900E-02 mP 5.56226375831632E-03 year-5.48601554518334E-06 sumLPAP 1.29809696191975E+00 harm
KEEPDBG accept 5 cc 6.20634670203140E-01 sumModel-2.06419914014693E+02 sumForcing 2.29542258907137E+02 sumM 5.19374208299004E-02 trend-4.15167225199002E-02 aero 0.00000000000000E+00 level 9.15480721386135E+02 k0-9.98286994387088E+03 init-1.64663994704118E+00 IR-5.17443371775408E-01 impC 3.05592868942365E-02 mP 5.51699234124754E-03 year-5.48601554518334E-06 sumLPAP 1.29809696191975E+00 harm
KEEPDBG accept 3 cc 6.21717833511765E-01 sumModel-2.10039304043316E+02 sumForcing 1.35504684451247E+02 sumM 4.88610744704489E-02 trend-4.21822955853174E-02 aero 0.00000000000000E+00 level 1.43071009497115E+03 k0-2.74801133569716E+04 init-1.60406196378782E+00 IR-5.06958115508578E-01 impC 3.00190010712393E-02 mP 5.47380422137089E-03 year-5.48601554518334E-06 sumLPAP 1.29809696191975E+00 harm
KEEPDBG accept 3 cc 6.21718106095029E-01 sumModel-2.10038234516817E+02 sumForcing 1.35504709343800E+02 sumM 4.88610744704489E-02 trend-4.21807653471251E-02 aero 0.00000000000000E+00 level 1.43145089387136E+03 k0-2.74925162072978E+04 init-1.60406196378782E+00 IR-5.06958115508578E-01 impC 3.00190010712393E-02 mP 5.47380422137089E-03 year-5.48601554518334E-06 sumLPAP 1.29809696191975E+00 harm
KEEPDBG accept 1 cc 6.40120692836656E-01 sumModel-2.29427089904134E+02 sumForcing 6.75381815518661E+02 sumM 4.99089424798690E-02 trend-5.47349609082810E-02 aero 0.00000000000000E+00 level 2.63197648261316E+02 k0 3.34683242202168E+02 init-1.66298762033633E+00 IR-5.08810502728660E-01 impC 3.11127468748810E-02 mP 5.53066501618773E-03 year-5.48601554518334E-06 sumLPAP 1.29809696191975E+00 harm
KEEPDBG accept 10 cc 6.21724775704222E-01 sumModel-2.04042345631083E+02 sumForcing 1.50925598711610E+02 sumM 4.92943530903924E-02 trend-4.09287118638083E-02 aero 0.00000000000000E+00 level 1.30839328204134E+03 k0-2.24427942395687E+04 init-1.58696626018102E+00 IR-5.22220633042786E-01 impC 3.15198971602608E-02 mP 5.50927956572268E-03 year-5.48601554518334E-06 sumLPAP 1.29809696191975E+00 harm
KEEPDBG accept 7 cc 6.21305814247349E-01 sumModel-2.08834078298571E+02 sumForcing 2.29308054388555E+02 sumM 3.21464413390300E-02 trend-4.09546252098672E-02 aero 0.00000000000000E+00 level 1.69572399774827E+02 k0-1.08690393821533E+03 init-1.63257776063903E+00 IR-5.10350187884787E-01 impC 3.01620971431904E-02 mP 5.41012662868544E-03 year-5.48601554518334E-06 sumLPAP 1.29809696191975E+00 harm
KEEPDBG accept 3 cc 6.21723016897725E-01 sumModel-2.10040399440809E+02 sumForcing 1.35535606651510E+02 sumM 4.88610744704489E-02 trend-4.21857914723640E-02 aero 0.00000000000000E+00 level 1.43219892282146E+03 k0-2.75016212387769E+04 init-1.60406196378782E+00 IR-5.06958115508578E-01 impC 3.00190010712393E-02 mP 5.47380422137089E-03 year-5.48601554518334E-06 sumLPAP 1.29809696191975E+00 harm
KEEPDBG accept 9 cc 6.20994640361239E-01 sumModel-2.09822814403631E+02 sumForcing-2.25071161908342E+02 sumM 4.94406505628934E-02 trend-4.17751046270364E-02 aero 0.00000000000000E+00 level 6.26276713050553E+02 k0 6.63510128710747E+03 init-1.69128722231699E+00 IR-5.07990157849880E-01 impC 3.13637919564908E-02 mP 5.51747929730678E-03 year-5.48601554518334E-06 sumLPAP 1.29809696191975E+00 harm
KEEPDBG accept 9 cc 6.20995960909825E-01 sumModel-2.09824572364548E+02 sumForcing-2.25061537254414E+02 sumM 4.94406505628934E-02 trend-4.17722652686840E-02 aero 0.00000000000000E+00 level 6.26219507656667E+02 k0 6.63494012257668E+03 init-1.69128722231699E+00 IR-5.07990157849880E-01 impC 3.13637919564908E-02 mP 5.51747929730678E-03 year-5.48601554518334E-06 sumLPAP 1.29809696191975E+00 harm
KEEPDBG accept 10 cc 6.21819071625482E-01 sumModel-2.04253959353744E+02 sumForcing 1.47325290212170E+02 sumM 4.92943530903924E-02 trend-4.01749627309696E-02 aero 0.00000000000000E+00 level 1.23125033361519E+03 k0-2.13382591398054E+04 init-1.47179626412560E+00 IR-5.22220633042786E-01 impC 3.15198971602608E-02 mP 5.50927956572268E-03 year-5.48601554518334E-06 sumLPAP 1.29809696191975E+00 harm
KEEPDBG accept 8 cc 6.20889949084785E-01 sumModel-2.01439746953214E+02 sumForcing 4.28218202428392E+02 sumM 5.14523219861475E-02 trend-4.08318782448460E-02 aero 0.00000000000000E+00 level 2.81686524300427E+02 k0-1.33967971411830E+03 init-1.58226223290808E+00 IR-5.29886319515210E-01 impC 3.10934602250477E-02 mP 5.51545090919402E-03 year-5.48601554518334E-06 sumLPAP 1.29809696191975E+00 harm
KEEPDBG accept 3 cc 6.21723283380281E-01 sumModel-2.10040493030546E+02 sumForcing 1.35537332528544E+02 sumM 4.88610744704489E-02 trend-4.21860715898459E-02 aero 0.00000000000000E+00 level 1.43224049240201E+03 k0-2.75021297598649E+04 init-1.60406196378782E+00 IR-5.06958115508578E-01 impC 3.00190010712393E-02 mP 5.47380422137089E-03 year-5.48601554518334E-06 sumLPAP 1.29809696191975E+00 harm
KEEPDBG accept 10 cc 6.21819113398098E-01 sumModel-2.04170227544532E+02 sumForcing 1.47325290212170E+02 sumM 4.92943530903924E-02 trend-4.01749627309696E-02 aero 0.00000000000000E+00 level 1.23125033361519E+03 k0-2.13382591398054E+04 init-1.47179626412560E+00 IR-5.22220633042786E-01 impC 3.19054820282655E-02 mP 5.50927956572268E-03 year-5.48601554518334E-06 sumLPAP 1.29809696191975E+00 harm
KEEPDBG accept 10 cc 6.21819117291780E-01 sumModel-2.04161469953949E+02 sumForcing 1.47325290212170E+02 sumM 4.92943530903924E-02 trend-4.01749627309696E-02 aero 0.00000000000000E+00 level 1.23125033361519E+03 k0-2.13382591398054E+04 init-1.47179626412560E+00 IR-5.22220633042786E-01 impC 3.19458107210351E-02 mP 5.50927956572268E-03 year-5.48601554518334E-06 sumLPAP 1.29809696191975E+00 harm
KEEPDBG accept 8 cc 6.26753755204590E-01 sumModel-2.10605878728500E+02 sumForcing 8.35745601723176E+02 sumM 5.14523219861475E-02 trend-4.38456060712025E-02 aero 0.00000000000000E+00 level 1.63894832116329E+02 k0 9.63142132989561E+01 init-1.58226223290808E+00 IR-5.29886319515210E-01 impC 3.10934602250477E-02 mP 5.51545090919402E-03 year-5.48601554518334E-06 sumLPAP 1.29809696191975E+00 harm
KEEPDBG accept 15 cc 6.21633758063701E-01 sumModel-2.00561229325022E+02 sumForcing 1.37642647278707E+02 sumM 4.86164528421725E-02 trend-3.99554376557085E-02 aero 0.00000000000000E+00 level 1.28311499354123E+03 k0-2.44785208737078E+04 init-1.60585532928851E+00 IR-5.31128948517388E-01 impC 3.12050040342799E-02 mP 5.50454769143525E-03 year-5.48601554518334E-06 sumLPAP 1.29809696191975E+00 harm
KEEPDBG accept 16 cc 6.21223139532037E-01 sumModel-2.10518586210665E+02 sumForcing 1.60180168701810E+02 sumM 4.84465170138201E-02 trend-4.24310555575099E-02 aero 0.00000000000000E+00 level 1.03673564350892E+03 k0-1.62816809242841E+04 init-1.59810304192522E+00 IR-5.05430780312495E-01 impC 3.17094006031320E-02 mP 5.60907175626309E-03 year-5.48601554518334E-06 sumLPAP 1.29809696191975E+00 harm
KEEPDBG accept 1 cc 6.40120693966702E-01 sumModel-2.29427092680143E+02 sumForcing 6.75381815465240E+02 sumM 4.99089424798690E-02 trend-5.47349608341934E-02 aero 0.00000000000000E+00 level 2.63197609965267E+02 k0 3.34683432247217E+02 init-1.66298762033633E+00 IR-5.08810502728660E-01 impC 3.11127468748810E-02 mP 5.53066501618773E-03 year-5.48601554518334E-06 sumLPAP 1.29809696191975E+00 harm
KEEPDBG accept 2 cc 6.21010548250026E-01 sumModel-2.09903555936186E+02 sumForcing 1.49150276556542E+02 sumM 4.92156924965578E-02 trend-4.24458265835000E-02 aero 0.00000000000000E+00 level 1.30058874695339E+03 k0-2.25027926774497E+04 init-1.64183229112479E+00 IR-5.08438225504306E-01 impC 3.01465001650900E-02 mP 5.56226375831632E-03 year-5.48601554518334E-06 sumLPAP 1.29809696191975E+00 harm
KEEPDBG accept 13 cc 6.21402945840440E-01 sumModel-2.08659009342358E+02 sumForcing 1.57398113865031E+02 sumM 4.83016339385985E-02 trend-4.26546562635529E-02 aero 0.00000000000000E+00 level 1.07299841702694E+03 k0-1.73991384648476E+04 init-1.65124535234795E+00 IR-5.10951472119701E-01 impC 2.99270909757399E-02 mP 5.49285088775327E-03 year-5.48601554518334E-06 sumLPAP 1.29809696191975E+00 harm
KEEPDBG accept 11 cc 6.20980809096721E-01 sumModel-1.98639439868945E+02 sumForcing 2.06516373799342E+02 sumM 5.17616360145985E-02 trend-3.92039210691996E-02 aero 0.00000000000000E+00 level 1.00180726622967E+03 k0-1.25540815757470E+04 init-1.63118470452646E+00 IR-5.35858062897013E-01 impC 3.13565419750726E-02 mP 5.52241810649460E-03 year-5.48601554518334E-06 sumLPAP 1.29809696191975E+00 harm
KEEPDBG accept 8 cc 6.26758992847877E-01 sumModel-2.10603855431652E+02 sumForcing 8.35675964297846E+02 sumM 5.14523219861475E-02 trend-4.38442294668633E-02 aero 0.00000000000000E+00 level 1.63886829007805E+02 k0 9.62334859597349E+01 init-1.58226223290808E+00 IR-5.29886319515210E-01 impC 3.10934602250477E-02 mP 5.51545090919402E-03 year-5.48601554518334E-06 sumLPAP 1.29809696191975E+00 harm
KEEPDBG accept 3 cc 6.21734079925840E-01 sumModel-2.10041778174483E+02 sumForcing 1.35443130455558E+02 sumM 4.88610744704489E-02 trend-4.21479423101244E-02 aero 0.00000000000000E+00 level 1.43254252192660E+03 k0-2.75180012144178E+04 init-1.60406196378782E+00 IR-5.06958115508578E-01 impC 3.00190010712393E-02 mP 5.47380422137089E-03 year-5.48601554518334E-06 sumLPAP 1.29809696191975E+00 harm
KEEPDBG accept 12 cc 6.20830318953683E-01 sumModel-2.07575896680335E+02 sumForcing-1.41343263855293E+01 sumM 4.94120952202295E-02 trend-4.15238135190893E-02 aero 0.00000000000000E+00 level 1.34158085159837E+05 k0 2.59250135425776E+07 init-1.69189989939196E+00 IR-5.15395247820543E-01 impC 3.08195767839850E-02 mP 5.52485944481255E-03 year-5.48601554518334E-06 sumLPAP 1.29809696191975E+00 harm
KEEPDBG accept 15 cc 6.21639620331223E-01 sumModel-2.00584175711886E+02 sumForcing 1.37440423162463E+02 sumM 4.86164528421725E-02 trend-3.99091334692647E-02 aero 0.00000000000000E+00 level 1.27796222917454E+03 k0-2.43900385909186E+04 init-1.59863074029291E+00 IR-5.31128948517388E-01 impC 3.12050040342799E-02 mP 5.50454769143525E-03 year-5.48601554518334E-06 sumLPAP 1.29809696191975E+00 harm
KEEPDBG accept 5 cc 6.20639614853109E-01 sumModel-2.06421585403611E+02 sumForcing 2.29528842149332E+02 sumM 5.19374208299004E-02 trend-4.15128978335202E-02 aero 0.00000000000000E+00 level 9.15389887861793E+02 k0-9.98282046040987E+03 init-1.64663994704118E+00 IR-5.17443371775408E-01 impC 3.05592868942365E-02 mP 5.51699234124754E-03 year-5.48601554518334E-06 sumLPAP 1.29809696191975E+00 harm
KEEPDBG accept 14 cc 6.20667378553854E-01 sumModel-2.06290392854589E+02 sumForcing 1.61505862904132E+02 sumM 5.15074249361265E-02 trend-4.13535333961998E-02 aero 0.00000000000000E+00 level 1.57820091946665E+03 k0-2.54650524812786E+04 init-1.65088222450482E+00 IR-5.18162293613842E-01 impC 3.14346676160441E-02 mP 5.57494700060199E-03 year-5.48601554518334E-06 sumLPAP 1.29809696191975E+00 harm
KEEPDBG accept 3 cc 6.21754877615205E-01 sumModel-2.10048473770139E+02 sumForcing 1.35327783356429E+02 sumM 4.88508465877220E-02 trend-4.21374590779272E-02 aero 0.00000000000000E+00 level 1.43421697910259E+03 k0-2.75372482159915E+04 init-1.60406196378782E+00 IR-5.06958115508578E-01 impC 3.00190010712393E-02 mP 5.47380422137089E-03 year-5.48601554518334E-06 sumLPAP 1.29809696191975E+00 harm
KEEPDBG accept 1 cc 6.40120701268850E-01 sumModel-2.29427483167652E+02 sumForcing 6.75381815465240E+02 sumM 4.99089424798690E-02 trend-5.47350769194232E-02 aero 0.00000000000000E+00 level 2.63198251176210E+02 k0 3.34684705733185E+02 init-1.66298762033633E+00 IR-5.08809460239080E-01 impC 3.11127468748810E-02 mP 5.53066501618773E-03 year-5.48601554518334E-06 sumLPAP 1.29809696191975E+00 harm
KEEPDBG accept 15 cc 6.21698899864248E-01 sumModel-2.00607125317982E+02 sumForcing 1.37342539394180E+02 sumM 4.86164528421725E-02 trend-3.98505334612398E-02 aero 0.00000000000000E+00 level 1.27603800603480E+03 k0-2.43837136635152E+04 init-1.59863074029291E+00 IR-5.31128948517388E-01 impC 3.12050040342799E-02 mP 5.50454769143525E-03 year-5.48601554518334E-06 sumLPAP 1.29809696191975E+00 harm
KEEPDBG accept 5 cc 6.20665117837944E-01 sumModel-2.06430804694385E+02 sumForcing 2.29457430703754E+02 sumM 5.19374208299004E-02 trend-4.14925704505290E-02 aero 0.00000000000000E+00 level 9.14900768143931E+02 k0-9.98246499337758E+03 init-1.64663994704118E+00 IR-5.17443371775408E-01 impC 3.05592868942365E-02 mP 5.51699234124754E-03 year-5.48601554518334E-06 sumLPAP 1.29809696191975E+00 harm
KEEPDBG accept 9 cc 6.31188887673614E-01 sumModel-2.23437309846363E+02 sumForcing-2.71596457232045E+02 sumM 4.94406505628934E-02 trend-4.69924238312951E-02 aero 0.00000000000000E+00 level 9.85977236996748E+02 k0 3.47639355439824E+03 init-1.69128722231699E+00 IR-5.07990157849880E-01 impC 3.13637919564908E-02 mP 5.51747929730678E-03 year-5.48601554518334E-06 sumLPAP 1.29809696191975E+00 harm
KEEPDBG accept 5 cc 6.20835056583336E-01 sumModel-2.06382169611720E+02 sumForcing 2.28407493131027E+02 sumM 5.19374208299004E-02 trend-4.12844229558975E-02 aero 0.00000000000000E+00 level 9.02885005364440E+02 k0-9.90309420649994E+03 init-1.62201529383569E+00 IR-5.17443371775408E-01 impC 3.05592868942365E-02 mP 5.51699234124754E-03 year-5.48601554518334E-06 sumLPAP 1.29809696191975E+00 harm
KEEPDBG accept 13 cc 6.21407610107240E-01 sumModel-2.08660923125333E+02 sumForcing 1.57387756003072E+02 sumM 4.83016339385985E-02 trend-4.26488225666115E-02 aero 0.00000000000000E+00 level 1.07286704064494E+03 k0-1.73991057689738E+04 init-1.65124535234795E+00 IR-5.10951472119701E-01 impC 2.99270909757399E-02 mP 5.49285088775327E-03 year-5.48601554518334E-06 sumLPAP 1.29809696191975E+00 harm
KEEPDBG accept 13 cc 6.21407623804909E-01 sumModel-2.08660988063514E+02 sumForcing 1.57387756003072E+02 sumM 4.92785437351583E-02 trend-4.26488485318414E-02 aero 0.00000000000000E+00 level 1.23352580525582E+03 k0-2.02163816725574E+04 init-1.65124535234795E+00 IR-5.10951472119701E-01 impC 2.99270909757399E-02 mP 5.49285088775327E-03 year-5.48601554518334E-06 sumLPAP 1.29809696191975E+00 harm
KEEPDBG accept 3 cc 6.21755069158611E-01 sumModel-2.10048643899831E+02 sumForcing 1.35495885426178E+02 sumM 4.88508465877220E-02 trend-4.21372788685139E-02 aero 0.00000000000000E+00 level 1.43084313302373E+03 k0-2.74345837923588E+04 init-1.60406196378782E+00 IR-5.06958115508578E-01 impC 3.00190010712393E-02 mP 5.47380422137089E-03 year-5.48601554518334E-06 sumLPAP 1.29809696191975E+00 harm
KEEPDBG accept 13 cc 6.21469239645895E-01 sumModel-2.08690687415313E+02 sumForcing 1.57235013855456E+02 sumM 4.92785437351583E-02 trend-4.25629923688661E-02 aero 0.00000000000000E+00 level 1.23125722401777E+03 k0-2.02149045047456E+04 init-1.65124535234795E+00 IR-5.10951472119701E-01 impC 2.99270909757399E-02 mP 5.49285088775327E-03 year-5.48601554518334E-06 sumLPAP 1.29809696191975E+00 harm
KEEPDBG accept 5 cc 6.20843385808518E-01 sumModel-2.06385695444763E+02 sumForcing 2.28382266961217E+02 sumM 5.19374208299004E-02 trend-4.12768916276919E-02 aero 0.00000000000000E+00 level 9.02695668635623E+02 k0-9.90275986748615E+03 init-1.62201529383569E+00 IR-5.17443371775408E-01 impC 3.05592868942365E-02 mP 5.51699234124754E-03 year-5.48601554518334E-06 sumLPAP 1.29809696191975E+00 harm
KEEPDBG accept 4 cc 6.20114730645116E-01 sumModel-2.08477248045081E+02 sumForcing 2.04980282249086E+02 sumM 5.16332054444777E-02 trend-4.33566294881933E-02 aero 0.00000000000000E+00 level 1.16151568618439E+03 k0-1.44358349326077E+04 init-1.66697932083822E+00 IR-5.12927840121358E-01 impC 3.00369958819266E-02 mP 5.50819183455398E-03 year-5.48601554518334E-06 sumLPAP 1.29809696191975E+00 harm
KEEPDBG accept 9 cc 6.32643767769480E-01 sumModel-2.21251989084372E+02 sumForcing-2.83236248325398E+02 sumM 4.94406505628934E-02 trend-4.50584407951338E-02 aero 0.00000000000000E+00 level 9.98610028779882E+02 k0 3.74259079550931E+03 init-1.69128722231699E+00 IR-5.07990157849880E-01 impC 3.13637919564908E-02 mP 5.51747929730678E-03 year-5.48601554518334E-06 sumLPAP 1.29809696191975E+00 harm
KEEPDBG accept 3 cc 6.21755086279605E-01 sumModel-2.10048678966896E+02 sumForcing 1.35495885426178E+02 sumM 4.88490364906308E-02 trend-4.21372894273187E-02 aero 0.00000000000000E+00 level 1.43047540747177E+03 k0-2.74270848560064E+04 init-1.60406196378782E+00 IR-5.06958115508578E-01 impC 3.00190010712393E-02 mP 5.47380422137089E-03 year-5.48601554518334E-06 sumLPAP 1.29809696191975E+00 harm
KEEPDBG accept 7 cc 6.21316378021045E-01 sumModel-2.08837098416033E+02 sumForcing 2.29286795165127E+02 sumM 3.21464413390300E-02 trend-4.09493150449567E-02 aero 0.00000000000000E+00 level 1.69549517643267E+02 k0-1.08693299686906E+03 init-1.63257776063903E+00 IR-5.10350187884787E-01 impC 3.01620971431904E-02 mP 5.41012662868544E-03 year-5.48601554518334E-06 sumLPAP 1.29809696191975E+00 harm
KEEPDBG accept 9 cc 6.32662355825348E-01 sumModel-2.24178433661826E+02 sumForcing-2.83236248325398E+02 sumM 4.94406505628934E-02 trend-4.50584407951338E-02 aero 0.00000000000000E+00 level 9.98610028779882E+02 k0 3.74259079550931E+03 init-1.69128722231699E+00 IR-5.07990157849880E-01 impC 1.76649154610107E-02 mP 5.51747929730678E-03 year-5.48601554518334E-06 sumLPAP 1.29809696191975E+00 harm
KEEPDBG accept 14 cc 6.20673010591195E-01 sumModel-2.06299114132994E+02 sumForcing 1.61467484040220E+02 sumM 5.15074249361265E-02 trend-4.13353184552520E-02 aero 0.00000000000000E+00 level 1.57726111094551E+03 k0-2.54588827271446E+04 init-1.65088222450482E+00 IR-5.18162293613842E-01 impC 3.14346676160441E-02 mP 5.57494700060199E-03 year-5.48601554518334E-06 sumLPAP 1.29809696191975E+00 harm
KEEPDBG accept 1 cc 6.40120702078264E-01 sumModel-2.29427526452734E+02 sumForcing 6.75381815465240E+02 sumM 4.99089424798690E-02 trend-5.47350897861239E-02 aero 0.00000000000000E+00 level 2.63198322247003E+02 k0 3.34684846884325E+02 init-1.66298762033633E+00 IR-5.08809344691207E-01 impC 3.11127468748810E-02 mP 5.53066501618773E-03 year-5.48601554518334E-06 sumLPAP 1.29809696191975E+00 harm
KEEPDBG accept 5 cc 6.20859671281211E-01 sumModel-2.06392938352305E+02 sumForcing 2.28331345214456E+02 sumM 5.19374208299004E-02 trend-4.12617061340630E-02 aero 0.00000000000000E+00 level 9.02310648378020E+02 k0-9.90204153369820E+03 init-1.62201529383569E+00 IR-5.17443371775408E-01 impC 3.05592868942365E-02 mP 5.51699234124754E-03 year-5.48601554518334E-06 sumLPAP 1.29809696191975E+00 harm
KEEPDBG accept 14 cc 6.20673699662069E-01 sumModel-2.06300320018911E+02 sumForcing 1.61462539891328E+02 sumM 5.15074249361265E-02 trend-4.13329882434086E-02 aero 0.00000000000000E+00 level 1.57713800499387E+03 k0-2.54580095869204E+04 init-1.65088222450482E+00 IR-5.18162293613842E-01 impC 3.14346676160441E-02 mP 5.57494700060199E-03 year-5.48601554518334E-06 sumLPAP 1.29809696191975E+00 harm
KEEPDBG accept 16 cc 6.21242987785272E-01 sumModel-2.10528537867001E+02 sumForcing 1.60132269842279E+02 sumM 4.84465170138201E-02 trend-4.24086711215485E-02 aero 0.00000000000000E+00 level 1.03614395455592E+03 k0-1.62808229488686E+04 init-1.59810304192522E+00 IR-5.05430780312495E-01 impC 3.17094006031320E-02 mP 5.60907175626309E-03 year-5.48601554518334E-06 sumLPAP 1.29809696191975E+00 harm
KEEPDBG accept 12 cc 6.20945841282736E-01 sumModel-2.07821907286239E+02 sumForcing-1.42281396297406E+01 sumM 4.94120952202295E-02 trend-4.18587677806994E-02 aero 0.00000000000000E+00 level 1.36019821739038E+05 k0 2.59393361340708E+07 init-1.72683877491180E+00 IR-5.15395247820543E-01 impC 3.08195767839850E-02 mP 5.52485944481255E-03 year-5.48601554518334E-06 sumLPAP 1.29809696191975E+00 harm
KEEPDBG accept 3 cc 6.21774652547324E-01 sumModel-2.10052071367816E+02 sumForcing 1.35299913767462E+02 sumM 4.88490364906308E-02 trend-4.20579738436582E-02 aero 0.00000000000000E+00 level 1.43107993053954E+03 k0-2.74596629013805E+04 init-1.60406196378782E+00 IR-5.06958115508578E-01 impC 3.00190010712393E-02 mP 5.47380422137089E-03 year-5.48601554518334E-06 sumLPAP 1.29809696191975E+00 harm
KEEPDBG accept 11 cc 6.21019856214078E-01 sumModel-1.98652674202665E+02 sumForcing 2.06427421878179E+02 sumM 5.17616360145985E-02 trend-3.91737079341588E-02 aero 0.00000000000000E+00 level 1.00096720495320E+03 k0-1.25533483987716E+04 init-1.63118470452646E+00 IR-5.35858062897013E-01 impC 3.13565419750726E-02 mP 5.52241810649460E-03 year-5.48601554518334E-06 sumLPAP 1.29809696191975E+00 harm
KEEPDBG accept 11 cc 6.21021401478674E-01 sumModel-1.98652503570668E+02 sumForcing 3.10128086585236E+02 sumM 5.17616360145985E-02 trend-3.91720254406780E-02 aero 0.00000000000000E+00 level 4.84673885600006E+02 k0-3.70154717083906E+03 init-1.63118470452646E+00 IR-5.35858062897013E-01 impC 3.13565419750726E-02 mP 5.52241810649460E-03 year-5.48601554518334E-06 sumLPAP 1.29809696191975E+00 harm
KEEPDBG accept 3 cc 6.21775330974283E-01 sumModel-2.10052436773148E+02 sumForcing 1.35961586807019E+02 sumM 4.88490364906308E-02 trend-4.20572214187259E-02 aero 0.00000000000000E+00 level 1.41790363383494E+03 k0-2.70597972565480E+04 init-1.60406196378782E+00 IR-5.06958115508578E-01 impC 3.00190010712393E-02 mP 5.47380422137089E-03 year-5.48601554518334E-06 sumLPAP 1.29809696191975E+00 harm
KEEPDBG accept 3 cc 6.22106034653265E-01 sumModel-2.10032441834151E+02 sumForcing 1.36564842900753E+02 sumM 4.88490364906308E-02 trend-4.20759598097766E-02 aero 0.00000000000000E+00 level 1.44580094692991E+03 k0-2.74598539384322E+04 init-1.60406196378782E+00 IR-5.06958115508578E-01 impC 3.00190010712393E-02 mP 5.47380422137089E-03 year-5.48601554518334E-06 sumLPAP 1.29809696191975E+00 harm
KEEPDBG accept 8 cc 6.28829040537678E-01 sumModel-2.36106888475387E+02 sumForcing 8.35675964297846E+02 sumM 5.14523219861475E-02 trend-5.08120799628485E-02 aero 0.00000000000000E+00 level 1.67848570608188E+02 k0 1.57190777944196E+02 init-1.58226223290808E+00 IR-4.57064401759997E-01 impC 3.10934602250477E-02 mP 5.51545090919402E-03 year-5.48601554518334E-06 sumLPAP 1.29809696191975E+00 harm
KEEPDBG accept 3 cc 6.22193369465896E-01 sumModel-2.10010183792513E+02 sumForcing 1.36239012317533E+02 sumM 4.88490364906308E-02 trend-4.19659311968458E-02 aero 0.00000000000000E+00 level 1.43644552415704E+03 k0-2.73561739119791E+04 init-1.59205748998229E+00 IR-5.06958115508578E-01 impC 3.00190010712393E-02 mP 5.47380422137089E-03 year-5.48601554518334E-06 sumLPAP 1.29809696191975E+00 harm
KEEPDBG accept 14 cc 6.20676739632121E-01 sumModel-2.06305950926688E+02 sumForcing 1.61438553695614E+02 sumM 5.15074249361265E-02 trend-4.13216435369990E-02 aero 0.00000000000000E+00 level 1.57654420534221E+03 k0-2.54539665076803E+04 init-1.65088222450482E+00 IR-5.18162293613842E-01 impC 3.14346676160441E-02 mP 5.57494700060199E-03 year-5.48601554518334E-06 sumLPAP 1.29809696191975E+00 harm
KEEPDBG accept 5 cc 6.20861967236444E-01 sumModel-2.06393824339665E+02 sumForcing 2.56430015079182E+02 sumM 5.19374208299004E-02 trend-4.12594078787065E-02 aero 0.00000000000000E+00 level 7.31464940869233E+02 k0-6.98973427358133E+03 init-1.62201529383569E+00 IR-5.17443371775408E-01 impC 3.05592868942365E-02 mP 5.51699234124754E-03 year-5.48601554518334E-06 sumLPAP 1.29809696191975E+00 harm
KEEPDBG accept 9 cc 6.32677997149633E-01 sumModel-2.24176388587543E+02 sumForcing-2.83236248325398E+02 sumM 3.15489145171233E-02 trend-4.50561917680430E-02 aero 0.00000000000000E+00 level 2.40302953184916E+02 k0 6.36226698789275E+02 init-1.69128722231699E+00 IR-5.07990157849880E-01 impC 1.76649154610107E-02 mP 5.51747929730678E-03 year-5.48601554518334E-06 sumLPAP 1.29809696191975E+00 harm
KEEPDBG accept 11 cc 6.29992397362885E-01 sumModel-2.12910988981813E+02 sumForcing 3.73207747256527E+02 sumM 5.17616360145985E-02 trend-4.44698730691740E-02 aero 0.00000000000000E+00 level 7.65468452207230E+02 k0-1.83608847191984E+03 init-1.63118470452646E+00 IR-5.35858062897013E-01 impC 3.13565419750726E-02 mP 5.52241810649460E-03 year-5.48601554518334E-06 sumLPAP 1.29809696191975E+00 harm
KEEPDBG accept 2 cc 6.21019669603093E-01 sumModel-2.09914095650064E+02 sumForcing 1.81945067891766E+02 sumM 4.92156924965578E-02 trend-4.24229771316387E-02 aero 0.00000000000000E+00 level 8.99292959678617E+02 k0-1.23831589096418E+04 init-1.64183229112479E+00 IR-5.08438225504306E-01 impC 3.01465001650900E-02 mP 5.56226375831632E-03 year-5.48601554518334E-06 sumLPAP 1.29809696191975E+00 harm
KEEPDBG accept 13 cc 6.21476686402061E-01 sumModel-2.08695065063533E+02 sumForcing 1.57214055252561E+02 sumM 4.92785437351583E-02 trend-4.25512536980313E-02 aero 0.00000000000000E+00 level 1.23093795316068E+03 k0-2.02144976778023E+04 init-1.65124535234795E+00 IR-5.10951472119701E-01 impC 2.99270909757399E-02 mP 5.49285088775327E-03 year-5.48601554518334E-06 sumLPAP 1.29809696191975E+00 harm
KEEPDBG accept 2 cc 6.21019701898163E-01 sumModel-2.09914299759856E+02 sumForcing 1.81945067891766E+02 sumM 5.12387077320557E-02 trend-4.24230441040085E-02 aero 0.00000000000000E+00 level 1.22877689205420E+03 k0-1.73644955832434E+04 init-1.64183229112479E+00 IR-5.08438225504306E-01 impC 3.01465001650900E-02 mP 5.56226375831632E-03 year-5.48601554518334E-06 sumLPAP 1.29809696191975E+00 harm
KEEPDBG accept 10 cc 6.21903212300161E-01 sumModel-2.00492883162418E+02 sumForcing 1.47325290212170E+02 sumM 4.92943530903924E-02 trend-3.92358591313414E-02 aero 0.00000000000000E+00 level 1.20699689806637E+03 k0-2.11501602908450E+04 init-1.47179626412560E+00 IR-5.31416349353148E-01 impC 3.19458107210351E-02 mP 5.50927956572268E-03 year-5.48601554518334E-06 sumLPAP 1.29809696191975E+00 harm
KEEPDBG accept 11 cc 6.29995367043882E-01 sumModel-2.12910844435561E+02 sumForcing 4.61933329745820E+02 sumM 5.17616360145985E-02 trend-4.44700486448702E-02 aero 0.00000000000000E+00 level 5.28819883558458E+02 k0-9.68338626094122E+02 init-1.63118470452646E+00 IR-5.35858062897013E-01 impC 3.13565419750726E-02 mP 5.52241810649460E-03 year-5.48601554518334E-06 sumLPAP 1.29809696191975E+00 harm
KEEPDBG accept 15 cc 6.21705987485110E-01 sumModel-2.00610165821297E+02 sumForcing 1.37330137010041E+02 sumM 4.86164528421725E-02 trend-3.98431341535839E-02 aero 0.00000000000000E+00 level 1.27579091985913E+03 k0-2.43828029071884E+04 init-1.59863074029291E+00 IR-5.31128948517388E-01 impC 3.12050040342799E-02 mP 5.50454769143525E-03 year-5.48601554518334E-06 sumLPAP 1.29809696191975E+00 harm
KEEPDBG accept 5 cc 6.20941657313931E-01 sumModel-2.06405018335501E+02 sumForcing 2.56478779577715E+02 sumM 5.19374208299004E-02 trend-4.13174180169412E-02 aero 0.00000000000000E+00 level 7.20184133032116E+02 k0-6.89569933045963E+03 init-1.62201529383569E+00 IR-5.17443371775408E-01 impC 3.05592868942365E-02 mP 5.51699234124754E-03 year-5.48601554518334E-06 sumLPAP 1.29809696191975E+00 harm
KEEPDBG accept 8 cc 6.28833192502739E-01 sumModel-2.36104768513006E+02 sumForcing 1.06849506070864E+03 sumM 5.14523219861475E-02 trend-5.08104185685221E-02 aero 0.00000000000000E+00 level 1.40246368561230E+02 k0 7.48840659304554E+01 init-1.58226223290808E+00 IR-4.57064401759997E-01 impC 3.10934602250477E-02 mP 5.51545090919402E-03 year-5.48601554518334E-06 sumLPAP 1.29809696191975E+00 harm
KEEPDBG accept 10 cc 6.22193806800325E-01 sumModel-2.00584031752259E+02 sumForcing 1.49569248489729E+02 sumM 4.92943530903924E-02 trend-3.93606929414771E-02 aero 0.00000000000000E+00 level 1.24791522107169E+03 k0-2.16744784246878E+04 init-1.47179626412560E+00 IR-5.31416349353148E-01 impC 3.19458107210351E-02 mP 5.62618375673825E-03 year-5.48601554518334E-06 sumLPAP 1.29809696191975E+00 harm
KEEPDBG accept 1 cc 6.40120816407046E-01 sumModel-2.29427610092192E+02 sumForcing 6.75380954079127E+02 sumM 4.99089424798690E-02 trend-5.47351447928446E-02 aero 0.00000000000000E+00 level 2.63198466265312E+02 k0 3.34680575681422E+02 init-1.66298405556503E+00 IR-5.08809344691207E-01 impC 3.11127468748810E-02 mP 5.53066501618773E-03 year-5.48601554518334E-06 sumLPAP 1.29809696191975E+00 harm
KEEPDBG accept 15 cc 6.21784060751127E-01 sumModel-2.00627115130972E+02 sumForcing 1.37939354523167E+02 sumM 4.86164528421725E-02 trend-3.99196555673293E-02 aero 0.00000000000000E+00 level 1.28840162625502E+03 k0-2.45558924920939E+04 init-1.59863074029291E+00 IR-5.31128948517388E-01 impC 3.12050040342799E-02 mP 5.50454769143525E-03 year-5.48601554518334E-06 sumLPAP 1.29809696191975E+00 harm
KEEPDBG accept 13 cc 6.21477711608843E-01 sumModel-2.08695655702055E+02 sumForcing 1.57211059129700E+02 sumM 4.92785437351583E-02 trend-4.25495682779560E-02 aero 0.00000000000000E+00 level 1.23089247628006E+03 k0-2.02144635495415E+04 init-1.65124535234795E+00 IR-5.10951472119701E-01 impC 2.99270909757399E-02 mP 5.49285088775327E-03 year-5.48601554518334E-06 sumLPAP 1.29809696191975E+00 harm
KEEPDBG accept 8 cc 6.29104810929569E-01 sumModel-2.16701248054575E+02 sumForcing 1.12889252032712E+03 sumM-1.16717619701640E-02 trend-4.27794643940053E-02 aero 0.00000000000000E+00 level 1.41199548798990E+04 k0-1.77256509573344E+04 init-1.58226223290808E+00 IR-4.57064401759997E-01 impC 3.10934602250477E-02 mP 5.51545090919402E-03 year-5.48601554518334E-06 sumLPAP 1.29809696191975E+00 harm
KEEPDBG accept 11 cc 6.30019089788783E-01 sumModel-2.19784645961996E+02 sumForcing 4.61933329745820E+02 sumM 5.17616360145985E-02 trend-4.44700486448702E-02 aero 0.00000000000000E+00 level 5.28819883558458E+02 k0-9.68338626094122E+02 init-1.63118470452646E+00 IR-5.35858062897013E-01 impC-2.39010164758669E-04 mP 5.52241810649460E-03 year-5.48601554518334E-06 sumLPAP 1.29809696191975E+00 harm
KEEPDBG accept 11 cc 6.30658741391212E-01 sumModel-2.21390946607935E+02 sumForcing 4.71826127332786E+02 sumM 5.17616360145985E-02 trend-4.55164383809492E-02 aero 0.00000000000000E+00 level 5.11033417747718E+02 k0-7.96255240707880E+02 init-1.63118470452646E+00 IR-5.35858062897013E-01 impC-2.39010164758669E-04 mP 5.52241810649460E-03 year-5.48601554518334E-06 sumLPAP 1.29809696191975E+00 harm
KEEPDBG accept 16 cc 6.21244345797754E-01 sumModel-2.10529270046097E+02 sumForcing 1.60128912120886E+02 sumM 4.84465170138201E-02 trend-4.24071083606787E-02 aero 0.00000000000000E+00 level 1.03610200845078E+03 k0-1.62807441446194E+04 init-1.59810304192522E+00 IR-5.05430780312495E-01 impC 3.17094006031320E-02 mP 5.60907175626309E-03 year-5.48601554518334E-06 sumLPAP 1.29809696191975E+00 harm
KEEPDBG accept 9 cc 6.32688850254228E-01 sumModel-2.24175728237400E+02 sumForcing-3.33723073341062E+02 sumM 3.15489145171233E-02 trend-4.50536705650300E-02 aero 0.00000000000000E+00 level 1.96885138046969E+02 k0 3.89115708075372E+02 init-1.69128722231699E+00 IR-5.07990157849880E-01 impC 1.76649154610107E-02 mP 5.51747929730678E-03 year-5.48601554518334E-06 sumLPAP 1.29809696191975E+00 harm
KEEPDBG accept 11 cc 6.44256322358606E-01 sumModel-2.30894270949198E+02 sumForcing 3.92312112919561E+02 sumM 5.17616360145985E-02 trend-5.68239692125521E-02 aero 0.00000000000000E+00 level 4.53593594159703E+02 k0-5.81563179665722E+02 init-1.63118470452646E+00 IR-5.35858062897013E-01 impC-2.39010164758669E-04 mP 5.52241810649460E-03 year-5.48601554518334E-06 sumLPAP 1.29809696191975E+00 harm
KEEPDBG accept 9 cc 6.32695602701549E-01 sumModel-2.25829393843571E+02 sumForcing-3.33723073341062E+02 sumM 3.15489145171233E-02 trend-4.50536705650300E-02 aero 0.00000000000000E+00 level 1.96885138046969E+02 k0 3.89115708075372E+02 init-1.69128722231699E+00 IR-5.07990157849880E-01 impC 9.92399971694025E-03 mP 5.51747929730678E-03 year-5.48601554518334E-06 sumLPAP 1.29809696191975E+00 harm
KEEPDBG accept 1 cc 6.40120817330817E-01 sumModel-2.29427610035154E+02 sumForcing 6.75378743132267E+02 sumM 4.99089424798690E-02 trend-5.47351449963453E-02 aero 0.00000000000000E+00 level 2.63199499206497E+02 k0 3.34683892804377E+02 init-1.66298405556503E+00 IR-5.08809344691207E-01 impC 3.11127468748810E-02 mP 5.53066501618773E-03 year-5.48601554518334E-06 sumLPAP 1.29809696191975E+00 harm
KEEPDBG accept 15 cc 6.21803924820269E-01 sumModel-2.00661254300953E+02 sumForcing 1.37541342556149E+02 sumM 4.86164528421725E-02 trend-3.98249715068143E-02 aero 0.00000000000000E+00 level 1.27818435955847E+03 k0-2.43894485174771E+04 init-1.58447521335943E+00 IR-5.31128948517388E-01 impC 3.12050040342799E-02 mP 5.50454769143525E-03 year-5.48601554518334E-06 sumLPAP 1.29809696191975E+00 harm
KEEPDBG accept 5 cc 6.20942655139795E-01 sumModel-2.06405762193290E+02 sumForcing 2.56473473636059E+02 sumM 5.19374208299004E-02 trend-4.13158655573399E-02 aero 0.00000000000000E+00 level 7.20151545375788E+02 k0-6.89561029143090E+03 init-1.62201529383569E+00 IR-5.17443371775408E-01 impC 3.05592868942365E-02 mP 5.51699234124754E-03 year-5.48601554518334E-06 sumLPAP 1.29809696191975E+00 harm
KEEPDBG accept 11 cc 6.44256473141688E-01 sumModel-2.30894277816467E+02 sumForcing 3.92311447432418E+02 sumM 5.17616360145985E-02 trend-5.68240639875794E-02 aero 0.00000000000000E+00 level 4.53595700727634E+02 k0-5.81575136106423E+02 init-1.63118470452646E+00 IR-5.35858062897013E-01 impC-2.39010164758669E-04 mP 5.52241810649460E-03 year-5.48601554518334E-06 sumLPAP 1.29809696191975E+00 harm
KEEPDBG accept 3 cc 6.22196676617516E-01 sumModel-2.10011811859920E+02 sumForcing 1.36233619623379E+02 sumM 4.88490364906308E-02 trend-4.19630662219950E-02 aero 0.00000000000000E+00 level 1.43635780177742E+03 k0-2.73561124430208E+04 init-1.59205748998229E+00 IR-5.06958115508578E-01 impC 3.00190010712393E-02 mP 5.47380422137089E-03 year-5.48601554518334E-06 sumLPAP 1.29809696191975E+00 harm
KEEPDBG accept 1 cc 6.40121055610493E-01 sumModel-2.29440356382071E+02 sumForcing 6.75378743132267E+02 sumM 4.99089424798690E-02 trend-5.47389343782128E-02 aero 0.00000000000000E+00 level 2.63220430468056E+02 k0 3.34725463448368E+02 init-1.66298405556503E+00 IR-5.08775314626517E-01 impC 3.11127468748810E-02 mP 5.53066501618773E-03 year-5.48601554518334E-06 sumLPAP 1.29809696191975E+00 harm
KEEPDBG accept 13 cc 6.21480885716747E-01 sumModel-2.08238410017700E+02 sumForcing 1.57211059129700E+02 sumM 4.92785437351583E-02 trend-4.24274945381155E-02 aero 0.00000000000000E+00 level 1.22789226896869E+03 k0-2.01938589414000E+04 init-1.65124535234795E+00 IR-5.12125370810645E-01 impC 2.99270909757399E-02 mP 5.49285088775327E-03 year-5.48601554518334E-06 sumLPAP 1.29809696191975E+00 harm
KEEPDBG accept 11 cc 6.44256481935789E-01 sumModel-2.30894285835151E+02 sumForcing 3.92311584606704E+02 sumM 5.17616360145985E-02 trend-5.68240617479020E-02 aero 0.00000000000000E+00 level 4.53595717538089E+02 k0-5.81574173435626E+02 init-1.63118470452646E+00 IR-5.35858062897013E-01 impC-2.39010164758669E-04 mP 5.52241810649460E-03 year-5.48601554518334E-06 sumLPAP 1.29809696191975E+00 harm
KEEPDBG accept 14 cc 6.20676780244956E-01 sumModel-2.06305969082234E+02 sumForcing 1.79029083577256E+02 sumM 5.15074249361265E-02 trend-4.13213204890850E-02 aero 0.00000000000000E+00 level 1.29652873430929E+03 k0-1.86636650123082E+04 init-1.65088222450482E+00 IR-5.18162293613842E-01 impC 3.14346676160441E-02 mP 5.57494700060199E-03 year-5.48601554518334E-06 sumLPAP 1.29809696191975E+00 harm
KEEPDBG accept 6 cc 6.21574599138794E-01 sumModel-2.04679517643035E+02 sumForcing 1.47022001504585E+02 sumM 4.96256541068101E-02 trend-4.11710756857665E-02 aero 0.00000000000000E+00 level 1.38542906925116E+03 k0-2.47921276426424E+04 init-1.66361190851647E+00 IR-5.21105393036434E-01 impC 3.16136496370219E-02 mP 5.45471264263892E-03 year-5.48601554518334E-06 sumLPAP 1.29809696191975E+00 harm
KEEPDBG accept 16 cc 6.21244368172769E-01 sumModel-2.10529316166876E+02 sumForcing 1.60128912120886E+02 sumM 4.83876035333807E-02 trend-4.24071200179143E-02 aero 0.00000000000000E+00 level 1.02785707804934E+03 k0-1.61402937846164E+04 init-1.59810304192522E+00 IR-5.05430780312495E-01 impC 3.17094006031320E-02 mP 5.60907175626309E-03 year-5.48601554518334E-06 sumLPAP 1.29809696191975E+00 harm
KEEPDBG accept 9 cc 6.32721103365933E-01 sumModel-2.25826068627439E+02 sumForcing-3.33723073341062E+02 sumM 1.92057881185429E-02 trend-4.50499911473343E-02 aero 0.00000000000000E+00 level 1.41667755105516E+02 k0 1.97126791623256E+02 init-1.69128722231699E+00 IR-5.07990157849880E-01 impC 9.92399971694025E-03 mP 5.51747929730678E-03 year-5.48601554518334E-06 sumLPAP 1.29809696191975E+00 harm
KEEPDBG accept 4 cc 6.20721241622062E-01 sumModel-2.08262832429265E+02 sumForcing 2.03370481360131E+02 sumM 5.16332054444777E-02 trend-4.29707768011711E-02 aero 0.00000000000000E+00 level 1.13711258210174E+03 k0-1.43053172624537E+04 init-1.62252110652551E+00 IR-5.12927840121358E-01 impC 3.00369958819266E-02 mP 5.50819183455398E-03 year-5.48601554518334E-06 sumLPAP 1.29809696191975E+00 harm
KEEPDBG accept 8 cc 6.55584565370322E-01 sumModel-2.47355075339161E+02 sumForcing-1.00203543821310E+02 sumM-1.16717619701640E-02 trend-6.75755709378604E-02 aero 0.00000000000000E+00 level 1.47509553840574E+03 k0-4.45947969914857E+03 init-1.58226223290808E+00 IR-4.57064401759997E-01 impC 3.10934602250477E-02 mP 5.51545090919402E-03 year-5.48601554518334E-06 sumLPAP 1.29809696191975E+00 harm
KEEPDBG accept 3 cc 6.22273317164779E-01 sumModel-2.09996860599837E+02 sumForcing 1.35820742231129E+02 sumM 4.88490364906308E-02 trend-4.18301613859345E-02 aero 0.00000000000000E+00 level 1.42446490751783E+03 k0-2.72117209700092E+04 init-1.57698955762437E+00 IR-5.06958115508578E-01 impC 3.00190010712393E-02 mP 5.47380422137089E-03 year-5.48601554518334E-06 sumLPAP 1.29809696191975E+00 harm
KEEPDBG accept 6 cc 6.21619997127434E-01 sumModel-2.04674024536018E+02 sumForcing 1.46668237876138E+02 sumM 4.96256541068101E-02 trend-4.10716780920106E-02 aero 0.00000000000000E+00 level 1.37564691905907E+03 k0-2.46703543848880E+04 init-1.65124290814122E+00 IR-5.21105393036434E-01 impC 3.16136496370219E-02 mP 5.45471264263892E-03 year-5.48601554518334E-06 sumLPAP 1.29809696191975E+00 harm
KEEPDBG accept 10 cc 6.22197789838830E-01 sumModel-2.00561165828185E+02 sumForcing 1.49377440591502E+02 sumM 4.92943530903924E-02 trend-3.93360231455004E-02 aero 0.00000000000000E+00 level 1.24445980891929E+03 k0-2.16425506038202E+04 init-1.47179626412560E+00 IR-5.31416349353148E-01 impC 3.19458107210351E-02 mP 5.62618375673825E-03 year-5.48601554518334E-06 sumLPAP 1.29809696191975E+00 harm
KEEPDBG accept 9 cc 6.32732954854469E-01 sumModel-2.25827082795953E+02 sumForcing-3.33684352901620E+02 sumM 1.92057881185429E-02 trend-4.50450398565558E-02 aero 0.00000000000000E+00 level 1.41671288304415E+02 k0 1.97323028105087E+02 init-1.69128722231699E+00 IR-5.07990157849880E-01 impC 9.92399971694025E-03 mP 5.51747929730678E-03 year-5.48601554518334E-06 sumLPAP 1.29809696191975E+00 harm
KEEPDBG accept 11 cc 6.44256482158184E-01 sumModel-2.30894287326375E+02 sumForcing 3.92311584606704E+02 sumM 5.17623937780871E-02 trend-5.68240618010759E-02 aero 0.00000000000000E+00 level 4.53647006384981E+02 k0-5.81660318027836E+02 init-1.63118470452646E+00 IR-5.35858062897013E-01 impC-2.39010164758669E-04 mP 5.52241810649460E-03 year-5.48601554518334E-06 sumLPAP 1.29809696191975E+00 harm
KEEPDBG accept 14 cc 6.20676818255793E-01 sumModel-2.06306041988382E+02 sumForcing 1.85425948487630E+02 sumM 5.15074249361265E-02 trend-4.13212301640234E-02 aero 0.00000000000000E+00 level 1.21390384897642E+03 k0-1.67977732861191E+04 init-1.65088222450482E+00 IR-5.18162293613842E-01 impC 3.14346676160441E-02 mP 5.57494700060199E-03 year-5.48601554518334E-06 sumLPAP 1.29809696191975E+00 harm
KEEPDBG accept 6 cc 6.21623388487198E-01 sumModel-2.04679691003105E+02 sumForcing 1.61464314278695E+02 sumM 4.96256541068101E-02 trend-4.10611371181219E-02 aero 0.00000000000000E+00 level 1.14805628826161E+03 k0-1.84815136482729E+04 init-1.65124290814122E+00 IR-5.21105393036434E-01 impC 3.16136496370219E-02 mP 5.45471264263892E-03 year-5.48601554518334E-06 sumLPAP 1.29809696191975E+00 harm
KEEPDBG accept 5 cc 6.20946695541243E-01 sumModel-2.06407607225647E+02 sumForcing 4.20560198321543E+02 sumM 5.19374208299004E-02 trend-4.13083679477619E-02 aero 0.00000000000000E+00 level 3.16762106329004E+02 k0-1.56319595140132E+03 init-1.62201529383569E+00 IR-5.17443371775408E-01 impC 3.05592868942365E-02 mP 5.51699234124754E-03 year-5.48601554518334E-06 sumLPAP 1.29809696191975E+00 harm
KEEPDBG accept 8 cc 6.55584570956174E-01 sumModel-2.47355053597963E+02 sumForcing-1.00200401038915E+02 sumM-1.16717485855153E-02 trend-6.75755690619598E-02 aero 0.00000000000000E+00 level 1.47510699574626E+03 k0-4.45949634996855E+03 init-1.58226223290808E+00 IR-4.57064401759997E-01 impC 3.10934602250477E-02 mP 5.51545090919402E-03 year-5.48601554518334E-06 sumLPAP 1.29809696191975E+00 harm
KEEPDBG accept 14 cc 6.20676820004653E-01 sumModel-2.06231782019135E+02 sumForcing 1.85425948487630E+02 sumM 5.15074249361265E-02 trend-4.13212301640234E-02 aero 0.00000000000000E+00 level 1.21390384897642E+03 k0-1.67977732861191E+04 init-1.65088222450482E+00 IR-5.18162293613842E-01 impC 3.17775445966371E-02 mP 5.57494700060199E-03 year-5.48601554518334E-06 sumLPAP 1.29809696191975E+00 harm
KEEPDBG accept 2 cc 6.21207238655566E-01 sumModel-2.09907865936508E+02 sumForcing 1.79386708118889E+02 sumM 5.12387077320557E-02 trend-4.16579651812238E-02 aero 0.00000000000000E+00 level 1.23397166436081E+03 k0-1.75743262605933E+04 init-1.64183229112479E+00 IR-5.08438225504306E-01 impC 3.01465001650900E-02 mP 5.56226375831632E-03 year-5.48601554518334E-06 sumLPAP 1.29809696191975E+00 harm
KEEPDBG accept 14 cc 6.20677486588178E-01 sumModel-2.06233138805234E+02 sumForcing 1.85419209150107E+02 sumM 5.15074249361265E-02 trend-4.13184456827387E-02 aero 0.00000000000000E+00 level 1.21379321640356E+03 k0-1.67971533885536E+04 init-1.65088222450482E+00 IR-5.18162293613842E-01 impC 3.17775445966371E-02 mP 5.57494700060199E-03 year-5.48601554518334E-06 sumLPAP 1.29809696191975E+00 harm
KEEPDBG accept 11 cc 6.44256958376351E-01 sumModel-2.30904055931886E+02 sumForcing 3.92311584606704E+02 sumM 5.17623937780871E-02 trend-5.68268882939906E-02 aero 0.00000000000000E+00 level 4.53664547910041E+02 k0-5.81662587722929E+02 init-1.63118470452646E+00 IR-5.35833649901159E-01 impC-2.39010164758669E-04 mP 5.52241810649460E-03 year-5.48601554518334E-06 sumLPAP 1.29809696191975E+00 harm
KEEPDBG accept 3 cc 6.22273862125613E-01 sumModel-2.09997167006486E+02 sumForcing 1.35819864974725E+02 sumM 4.88490364906308E-02 trend-4.18296989637711E-02 aero 0.00000000000000E+00 level 1.42444886929099E+03 k0-2.72116344505295E+04 init-1.57698955762437E+00 IR-5.06958115508578E-01 impC 3.00190010712393E-02 mP 5.47380422137089E-03 year-5.48601554518334E-06 sumLPAP 1.29809696191975E+00 harm
KEEPDBG accept 9 cc 6.32741238544491E-01 sumModel-2.25827809062705E+02 sumForcing-3.33657102223802E+02 sumM 1.92057881185429E-02 trend-4.50415520473946E-02 aero 0.00000000000000E+00 level 1.41673755349751E+02 k0 1.97461013109973E+02 init-1.69128722231699E+00 IR-5.07990157849880E-01 impC 9.92399971694025E-03 mP 5.51747929730678E-03 year-5.48601554518334E-06 sumLPAP 1.29809696191975E+00 harm
KEEPDBG accept 15 cc 6.21803938550979E-01 sumModel-2.00523787855695E+02 sumForcing 1.37541342556149E+02 sumM 4.86164528421725E-02 trend-3.98249715068143E-02 aero 0.00000000000000E+00 level 1.27818435955847E+03 k0-2.43894485174771E+04 init-1.58447521335943E+00 IR-5.31128948517388E-01 impC 3.18343706203035E-02 mP 5.50454769143525E-03 year-5.48601554518334E-06 sumLPAP 1.29809696191975E+00 harm
KEEPDBG accept 3 cc 6.22273864661045E-01 sumModel-2.09997141681876E+02 sumForcing 1.35819864974725E+02 sumM 4.84496929633370E-02 trend-4.18296939899871E-02 aero 0.00000000000000E+00 level 1.34738726280667E+03 k0-2.56529443854701E+04 init-1.57698955762437E+00 IR-5.06958115508578E-01 impC 3.00190010712393E-02 mP 5.47380422137089E-03 year-5.48601554518334E-06 sumLPAP 1.29809696191975E+00 harm
KEEPDBG accept 7 cc 6.21334699302107E-01 sumModel-2.08842436416093E+02 sumForcing 2.29249544401959E+02 sumM 3.21464413390300E-02 trend-4.09400175397138E-02 aero 0.00000000000000E+00 level 1.69509320722142E+02 k0-1.08698204875715E+03 init-1.63257776063903E+00 IR-5.10350187884787E-01 impC 3.01620971431904E-02 mP 5.41012662868544E-03 year-5.48601554518334E-06 sumLPAP 1.29809696191975E+00 harm
KEEPDBG accept 15 cc 6.21829670655841E-01 sumModel-2.00535164515467E+02 sumForcing 1.97898743988588E+02 sumM 4.86164528421725E-02 trend-3.97975106742975E-02 aero 0.00000000000000E+00 level 6.55463769035726E+02 k0-8.17795784794613E+03 init-1.58447521335943E+00 IR-5.31128948517388E-01 impC 3.18343706203035E-02 mP 5.50454769143525E-03 year-5.48601554518334E-06 sumLPAP 1.29809696191975E+00 harm
KEEPDBG accept 14 cc 6.20677507689280E-01 sumModel-2.06233170949652E+02 sumForcing 1.85418854061278E+02 sumM 5.15074249361265E-02 trend-4.13182921915427E-02 aero 0.00000000000000E+00 level 1.21378804768885E+03 k0-1.67971441833060E+04 init-1.65088222450482E+00 IR-5.18162293613842E-01 impC 3.17775445966371E-02 mP 5.57494700060199E-03 year-5.48601554518334E-06 sumLPAP 1.29809696191975E+00 harm
KEEPDBG accept 11 cc 6.44333605357739E-01 sumModel-2.30907528195575E+02 sumForcing 3.91938055846659E+02 sumM 5.17623937780871E-02 trend-5.68806536835288E-02 aero 0.00000000000000E+00 level 4.54836244191597E+02 k0-5.88204616286862E+02 init-1.63118470452646E+00 IR-5.35833649901159E-01 impC-2.39010164758669E-04 mP 5.52241810649460E-03 year-5.48601554518334E-06 sumLPAP 1.29809696191975E+00 harm
KEEPDBG accept 8 cc 6.55584694867024E-01 sumModel-2.47355261093409E+02 sumForcing-1.00194141287257E+02 sumM-1.16717017586149E-02 trend-6.75757247778713E-02 aero 0.00000000000000E+00 level 1.47511776843562E+03 k0-4.45945546544638E+03 init-1.58226223290808E+00 IR-4.57064401759997E-01 impC 3.10934602250477E-02 mP 5.51545090919402E-03 year-5.48601554518334E-06 sumLPAP 1.29809696191975E+00 harm
KEEPDBG accept 8 cc 6.55584790689765E-01 sumModel-2.47355539658036E+02 sumForcing-1.00190065738624E+02 sumM-1.16716712709230E-02 trend-6.75758243709348E-02 aero 0.00000000000000E+00 level 1.47512718707655E+03 k0-4.45944799506441E+03 init-1.58226223290808E+00 IR-4.57064401759997E-01 impC 3.10934602250477E-02 mP 5.51545090919402E-03 year-5.48601554518334E-06 sumLPAP 1.29809696191975E+00 harm
KEEPDBG accept 9 cc 6.32913442264688E-01 sumModel-2.25805400209518E+02 sumForcing-6.95954336875303E+02 sumM 1.92057881185429E-02 trend-4.50164475857298E-02 aero 0.00000000000000E+00 level 9.80166087345578E+01 k0 2.18699877633390E+01 init-1.69128722231699E+00 IR-5.07990157849880E-01 impC 9.92399971694025E-03 mP 5.51747929730678E-03 year-5.48601554518334E-06 sumLPAP 1.29809696191975E+00 harm
KEEPDBG accept 10 cc 6.22263720572511E-01 sumModel-2.00580705217391E+02 sumForcing 2.23934642299707E+02 sumM 4.92943530903924E-02 trend-3.92950640342794E-02 aero 0.00000000000000E+00 level 5.93853988624053E+02 k0-6.41103406102853E+03 init-1.47179626412560E+00 IR-5.31416349353148E-01 impC 3.19458107210351E-02 mP 5.62618375673825E-03 year-5.48601554518334E-06 sumLPAP 1.29809696191975E+00 harm
KEEPDBG accept 3 cc 6.22292249967367E-01 sumModel-2.10006425094129E+02 sumForcing 1.53521479796936E+02 sumM 4.84496929633370E-02 trend-4.18124169048956E-02 aero 0.00000000000000E+00 level 1.07089181793079E+03 k0-1.77501201488142E+04 init-1.57698955762437E+00 IR-5.06958115508578E-01 impC 3.00190010712393E-02 mP 5.47380422137089E-03 year-5.48601554518334E-06 sumLPAP 1.29809696191975E+00 harm
KEEPDBG accept 11 cc 6.44338207177868E-01 sumModel-2.30900836234509E+02 sumForcing 3.91843691836173E+02 sumM 5.17623937780871E-02 trend-5.68810782386851E-02 aero 0.00000000000000E+00 level 4.54861038611482E+02 k0-5.88997694044553E+02 init-1.63024898093209E+00 IR-5.35833649901159E-01 impC-2.39010164758669E-04 mP 5.52241810649460E-03 year-5.48601554518334E-06 sumLPAP 1.29809696191975E+00 harm
KEEPDBG accept 9 cc 6.34091364463464E-01 sumModel-2.26077485807190E+02 sumForcing-6.93824984098427E+02 sumM 1.92057881185429E-02 trend-4.53869630880143E-02 aero 0.00000000000000E+00 level 9.86377740414267E+01 k0 2.17374654353889E+01 init-1.65148935185579E+00 IR-5.07990157849880E-01 impC 9.92399971694025E-03 mP 5.51747929730678E-03 year-5.48601554518334E-06 sumLPAP 1.29809696191975E+00 harm
KEEPDBG accept 11 cc 6.44342261073322E-01 sumModel-2.30894891761480E+02 sumForcing 3.91760018850383E+02 sumM 5.17623937780871E-02 trend-5.68814401459946E-02 aero 0.00000000000000E+00 level 4.54882868598980E+02 k0-5.89701339853102E+02 init-1.62941942798171E+00 IR-5.35833649901159E-01 impC-2.39010164758669E-04 mP 5.52241810649460E-03 year-5.48601554518334E-06 sumLPAP 1.29809696191975E+00 harm
KEEPDBG accept 11 cc 6.44382054728725E-01 sumModel-2.30929577501785E+02 sumForcing 3.92333212554979E+02 sumM 5.17623937780871E-02 trend-5.68712913399920E-02 aero 0.00000000000000E+00 level 4.54982652488774E+02 k0-5.86071564378488E+02 init-1.62941942798171E+00 IR-5.35833649901159E-01 impC-2.39010164758669E-04 mP 5.52241810649460E-03 year-5.48601554518334E-06 sumLPAP 1.29809696191975E+00 harm
KEEPDBG accept 11 cc 6.44382055789170E-01 sumModel-2.30929575129588E+02 sumForcing 3.93719057716491E+02 sumM 5.17623937780871E-02 trend-5.68712896303340E-02 aero 0.00000000000000E+00 level 4.52541902144759E+02 k0-5.79906953125775E+02 init-1.62941942798171E+00 IR-5.35833649901159E-01 impC-2.39010164758669E-04 mP 5.52241810649460E-03 year-5.48601554518334E-06 sumLPAP 1.29809696191975E+00 harm
KEEPDBG accept 11 cc 6.44482588700151E-01 sumModel-2.30937845034593E+02 sumForcing 3.92888686514997E+02 sumM 5.17623937780871E-02 trend-5.69932611110824E-02 aero 0.00000000000000E+00 level 4.55029823086565E+02 k0-5.93021536763984E+02 init-1.62941942798171E+00 IR-5.35833649901159E-01 impC-2.39010164758669E-04 mP 5.52241810649460E-03 year-5.48601554518334E-06 sumLPAP 1.29809696191975E+00 harm
KEEPDBG accept 3 cc 6.22303988337165E-01 sumModel-2.10059211177538E+02 sumForcing 1.53995294385932E+02 sumM 4.84496929633370E-02 trend-4.18899115195975E-02 aero 0.00000000000000E+00 level 1.07800834164008E+03 k0-1.78094952464202E+04 init-1.57698955762437E+00 IR-5.06958115508578E-01 impC 3.00190010712393E-02 mP 5.47380422137089E-03 year-5.48601554518334E-06 sumLPAP 1.29809696191975E+00 harm
KEEPDBG accept 11 cc 6.44482589023333E-01 sumModel-2.30937844670902E+02 sumForcing 3.92888686514997E+02 sumM 5.17643526443234E-02 trend-5.69932612092655E-02 aero 0.00000000000000E+00 level 4.55162869318361E+02 k0-5.93248684141716E+02 init-1.62941942798171E+00 IR-5.35833649901159E-01 impC-2.39010164758669E-04 mP 5.52241810649460E-03 year-5.48601554518334E-06 sumLPAP 1.29809696191975E+00 harm
KEEPDBG accept 16 cc 6.21367993575624E-01 sumModel-2.10628729763254E+02 sumForcing 4.45234340406118E+01 sumM 4.83876035333807E-02 trend-4.22123585717463E-02 aero 0.00000000000000E+00 level 1.22085844420340E+04 k0-7.44345799172806E+05 init-1.59810304192522E+00 IR-5.05430780312495E-01 impC 3.17094006031320E-02 mP 5.60907175626309E-03 year-5.48601554518334E-06 sumLPAP 1.29809696191975E+00 harm
KEEPDBG accept 10 cc 6.22269225161176E-01 sumModel-2.00614265976866E+02 sumForcing 2.23877739603502E+02 sumM 4.92943530903924E-02 trend-3.93414809825518E-02 aero 0.00000000000000E+00 level 5.89163204487275E+02 k0-6.36052492947960E+03 init-1.47179626412560E+00 IR-5.31416349353148E-01 impC 3.19458107210351E-02 mP 5.62618375673825E-03 year-5.48601554518334E-06 sumLPAP 1.29809696191975E+00 harm
KEEPDBG accept 1 cc 6.40121737762604E-01 sumModel-2.29476894647435E+02 sumForcing 6.75378743132267E+02 sumM 4.99089424798690E-02 trend-5.47497983206259E-02 aero 0.00000000000000E+00 level 2.63280439205147E+02 k0 3.34844644121690E+02 init-1.66298405556503E+00 IR-5.08677752365427E-01 impC 3.11127468748810E-02 mP 5.53066501618773E-03 year-5.48601554518334E-06 sumLPAP 1.29809696191975E+00 harm
KEEPDBG accept 14 cc 6.20677523979156E-01 sumModel-2.06233212359157E+02 sumForcing 1.85418664497770E+02 sumM 5.15074249361265E-02 trend-4.13182134225877E-02 aero 0.00000000000000E+00 level 1.21378478999722E+03 k0-1.67971254764654E+04 init-1.65088222450482E+00 IR-5.18162293613842E-01 impC 3.17775445966371E-02 mP 5.57494700060199E-03 year-5.48601554518334E-06 sumLPAP 1.29809696191975E+00 harm
KEEPDBG accept 11 cc 6.44482590605763E-01 sumModel-2.30937580602146E+02 sumForcing 3.92888686514997E+02 sumM 5.17643526443234E-02 trend-5.69932612092655E-02 aero 0.00000000000000E+00 level 4.55162869318361E+02 k0-5.93248684141716E+02 init-1.62941942798171E+00 IR-5.35833649901159E-01 impC-2.37796348774722E-04 mP 5.52241810649460E-03 year-5.48601554518334E-06 sumLPAP 1.29809696191975E+00 harm
KEEPDBG accept 1 cc 6.40124382899990E-01 sumModel-2.29619252900469E+02 sumForcing 6.75378743132267E+02 sumM 4.99089424798690E-02 trend-5.47921459056217E-02 aero 0.00000000000000E+00 level 2.63514352916922E+02 k0 3.35309209700308E+02 init-1.66298405556503E+00 IR-5.08297455233250E-01 impC 3.11127468748810E-02 mP 5.53066501618773E-03 year-5.48601554518334E-06 sumLPAP 1.29809696191975E+00 harm
KEEPDBG accept 8 cc 6.55584798831508E-01 sumModel-2.47355472138031E+02 sumForcing-1.00190065738624E+02 sumM-1.16716634863101E-02 trend-6.75758256727801E-02 aero 0.00000000000000E+00 level 1.47512988590292E+03 k0-4.45946493483822E+03 init-1.58226223290808E+00 IR-4.57064401759997E-01 impC 3.10934602250477E-02 mP 5.51545090919402E-03 year-5.48601554518334E-06 sumLPAP 1.29809696191975E+00 harm
KEEPDBG accept 9 cc 6.65266837147229E-01 sumModel-2.37526023947447E+02 sumForcing-2.81321694985563E+02 sumM-3.43417996943895E-02 trend-6.65188587950315E-02 aero 0.00000000000000E+00 level 1.34250681142471E+02 k0 4.88066968095740E+00 init-1.65148935185579E+00 IR-5.07990157849880E-01 impC 9.92399971694025E-03 mP 5.51747929730678E-03 year-5.48601554518334E-06 sumLPAP 1.29809696191975E+00 harm
KEEPDBG accept 13 cc 6.21482741803740E-01 sumModel-2.08238545958560E+02 sumForcing 2.85539962367806E+02 sumM 4.92785437351583E-02 trend-4.24236837174059E-02 aero 0.00000000000000E+00 level 4.28035391299652E+02 k0-3.36955749304207E+03 init-1.65124535234795E+00 IR-5.12125370810645E-01 impC 2.99270909757399E-02 mP 5.49285088775327E-03 year-5.48601554518334E-06 sumLPAP 1.29809696191975E+00 harm
KEEPDBG accept 9 cc 6.65266837164413E-01 sumModel-2.37526019060515E+02 sumForcing-2.81321694985563E+02 sumM-3.43417996943895E-02 trend-6.65188587950315E-02 aero 0.00000000000000E+00 level 1.34250681142471E+02 k0 4.88066968095740E+00 init-1.65148935185579E+00 IR-5.07990157849880E-01 impC 9.92402259298729E-03 mP 5.51747929730678E-03 year-5.48601554518334E-06 sumLPAP 1.29809696191975E+00 harm
KEEPDBG accept 9 cc 6.65266868142610E-01 sumModel-2.37526363027835E+02 sumForcing-2.81321694985563E+02 sumM-3.43417996943895E-02 trend-6.65189746906241E-02 aero 0.00000000000000E+00 level 1.34250908648743E+02 k0 4.88066857603391E+00 init-1.65148935185579E+00 IR-5.07989229533095E-01 impC 9.92402259298729E-03 mP 5.51747929730678E-03 year-5.48601554518334E-06 sumLPAP 1.29809696191975E+00 harm
KEEPDBG accept 9 cc 6.65266868142806E-01 sumModel-2.37526363017837E+02 sumForcing-2.81321694983468E+02 sumM-3.43417996943895E-02 trend-6.65189746904061E-02 aero 0.00000000000000E+00 level 1.34250908648287E+02 k0 4.88066857627519E+00 init-1.65148935185579E+00 IR-5.07989229533095E-01 impC 9.92402259298729E-03 mP 5.51747929730678E-03 year-5.48601554518334E-06 sumLPAP 1.29809696191975E+00 harm
KEEPDBG accept 9 cc 6.65266931580142E-01 sumModel-2.37526345246404E+02 sumForcing-2.81322111046506E+02 sumM-3.43417996943895E-02 trend-6.65189507364598E-02 aero 0.00000000000000E+00 level 1.34250858653807E+02 k0 4.88069563171598E+00 init-1.65149258638649E+00 IR-5.07989229533095E-01 impC 9.92402259298729E-03 mP 5.51747929730678E-03 year-5.48601554518334E-06 sumLPAP 1.29809696191975E+00 harm
KEEPDBG accept 10 cc 6.22271421967767E-01 sumModel-2.00615093755509E+02 sumForcing 2.23873179641572E+02 sumM 4.92943530903924E-02 trend-3.93398787411991E-02 aero 0.00000000000000E+00 level 5.89139069970240E+02 k0-6.36041216065774E+03 init-1.47179626412560E+00 IR-5.31416349353148E-01 impC 3.19458107210351E-02 mP 5.62618375673825E-03 year-5.48601554518334E-06 sumLPAP 1.29809696191975E+00 harm
KEEPDBG accept 11 cc 6.44482592883314E-01 sumModel-2.30937200517832E+02 sumForcing 3.92888686514997E+02 sumM 5.17643526443234E-02 trend-5.69932612092655E-02 aero 0.00000000000000E+00 level 4.55162869318361E+02 k0-5.93248684141716E+02 init-1.62941942798171E+00 IR-5.35833649901159E-01 impC-2.36049256753988E-04 mP 5.52241810649460E-03 year-5.48601554518334E-06 sumLPAP 1.29809696191975E+00 harm
KEEPDBG accept 11 cc 6.44488920714612E-01 sumModel-2.30955597945803E+02 sumForcing 3.93295978195948E+02 sumM 5.17643526443234E-02 trend-5.69939299149825E-02 aero 0.00000000000000E+00 level 4.55112449803557E+02 k0-5.91095344420350E+02 init-1.62941942798171E+00 IR-5.35833649901159E-01 impC-2.36049256753988E-04 mP 5.52241810649460E-03 year-5.48601554518334E-06 sumLPAP 1.29809696191975E+00 harm
KEEPDBG accept 1 cc 6.40193240903907E-01 sumModel-2.29653388780431E+02 sumForcing 6.74999295013909E+02 sumM 4.99089424798690E-02 trend-5.48221417608979E-02 aero 0.00000000000000E+00 level 2.63215767180966E+02 k0 3.34928050809153E+02 init-1.66298405556503E+00 IR-5.08297455233250E-01 impC 3.11127468748810E-02 mP 5.53066501618773E-03 year-5.48601554518334E-06 sumLPAP 1.29809696191975E+00 harm
KEEPDBG accept 8 cc 6.55586281015318E-01 sumModel-2.47358138024096E+02 sumForcing-1.00174389613054E+02 sumM-1.16716634863101E-02 trend-6.75775173806136E-02 aero 0.00000000000000E+00 level 1.47527740874574E+03 k0-4.46000306642507E+03 init-1.58252669464666E+00 IR-4.57064401759997E-01 impC 3.10934602250477E-02 mP 5.51545090919402E-03 year-5.48601554518334E-06 sumLPAP 1.29809696191975E+00 harm
KEEPDBG accept 9 cc 6.65268218875793E-01 sumModel-2.37526064816595E+02 sumForcing-2.81326056235468E+02 sumM-3.43417996943895E-02 trend-6.65185948779419E-02 aero 0.00000000000000E+00 level 1.34250123216301E+02 k0 4.88115251633141E+00 init-1.65149258638649E+00 IR-5.07989229533095E-01 impC 9.92402259298729E-03 mP 5.51747929730678E-03 year-5.48601554518334E-06 sumLPAP 1.29809696191975E+00 harm
KEEPDBG accept 8 cc 6.55586320394128E-01 sumModel-2.47359681506353E+02 sumForcing-1.00174389613054E+02 sumM-1.16716634863101E-02 trend-6.75780625015115E-02 aero 0.00000000000000E+00 level 1.47529527987512E+03 k0-4.46011314827332E+03 init-1.58252669464666E+00 IR-4.57060014401975E-01 impC 3.10934602250477E-02 mP 5.51545090919402E-03 year-5.48601554518334E-06 sumLPAP 1.29809696191975E+00 harm
KEEPDBG accept 11 cc 6.44488940182528E-01 sumModel-2.30955586026816E+02 sumForcing 3.93295933505393E+02 sumM 5.17643526443234E-02 trend-5.69939288541726E-02 aero 0.00000000000000E+00 level 4.55112271549198E+02 k0-5.91095051438710E+02 init-1.62941942798171E+00 IR-5.35833649901159E-01 impC-2.36049256753988E-04 mP 5.52241810649460E-03 year-5.48601554518334E-06 sumLPAP 1.29809696191975E+00 harm
KEEPDBG accept 8 cc 6.55586643033737E-01 sumModel-2.47360317113107E+02 sumForcing-1.00171101261599E+02 sumM-1.16716634863101E-02 trend-6.75784166333162E-02 aero 0.00000000000000E+00 level 1.47532801290714E+03 k0-4.46024190250946E+03 init-1.58258216555670E+00 IR-4.57060014401975E-01 impC 3.10934602250477E-02 mP 5.51545090919402E-03 year-5.48601554518334E-06 sumLPAP 1.29809696191975E+00 harm
KEEPDBG accept 11 cc 6.44511433421161E-01 sumModel-2.30971529572003E+02 sumForcing 3.93550174889561E+02 sumM 5.17643526443234E-02 trend-5.69897704194437E-02 aero 0.00000000000000E+00 level 4.55180115164381E+02 k0-5.89621993554685E+02 init-1.62941942798171E+00 IR-5.35833649901159E-01 impC-2.36049256753988E-04 mP 5.52241810649460E-03 year-5.48601554518334E-06 sumLPAP 1.29809696191975E+00 harm
KEEPDBG accept 11 cc 6.44520484226317E-01 sumModel-2.30978274554837E+02 sumForcing 3.93762199046269E+02 sumM 5.17885930517439E-02 trend-5.70004797786219E-02 aero 0.00000000000000E+00 level 4.55449715901563E+02 k0-5.90062574999965E+02 init-1.62941942798171E+00 IR-5.35833649901159E-01 impC-2.36049256753988E-04 mP 5.52241810649460E-03 year-5.48601554518334E-06 sumLPAP 1.29809696191975E+00 harm
KEEPDBG accept 9 cc 6.65268309232309E-01 sumModel-2.37526045138372E+02 sumForcing-2.81326333163020E+02 sumM-3.43417996943895E-02 trend-6.65185699016235E-02 aero 0.00000000000000E+00 level 1.34250071598869E+02 k0 4.88118458428512E+00 init-1.65149258638649E+00 IR-5.07989229533095E-01 impC 9.92402259298729E-03 mP 5.51747929730678E-03 year-5.48601554518334E-06 sumLPAP 1.29809696191975E+00 harm
KEEPDBG accept 4 cc 6.20730654604460E-01 sumModel-2.07733960814185E+02 sumForcing 1.99988671450040E+02 sumM 5.16332054444777E-02 trend-4.26818930667938E-02 aero 0.00000000000000E+00 level 1.09415034355076E+03 k0-1.40678161568998E+04 init-1.62252110652551E+00 IR-5.12927840121358E-01 impC 3.00369958819266E-02 mP 5.36959968347591E-03 year-5.48601554518334E-06 sumLPAP 1.29809696191975E+00 harm
KEEPDBG accept 1 cc 6.40287054207224E-01 sumModel-2.29663812953175E+02 sumForcing 6.74715918403808E+02 sumM 4.99089424798690E-02 trend-5.48528465180608E-02 aero 0.00000000000000E+00 level 2.62681824100797E+02 k0 3.36112088175585E+02 init-1.66298405556503E+00 IR-5.08297455233250E-01 impC 3.11127468748810E-02 mP 5.52114586553665E-03 year-5.48601554518334E-06 sumLPAP 1.29809696191975E+00 harm
KEEPDBG accept 9 cc 6.65268365897888E-01 sumModel-2.37526032781168E+02 sumForcing-2.81326506829501E+02 sumM-3.43417996943895E-02 trend-6.65185542343608E-02 aero 0.00000000000000E+00 level 1.34250039219535E+02 k0 4.88120469612278E+00 init-1.65149258638649E+00 IR-5.07989229533095E-01 impC 9.92402259298729E-03 mP 5.51747929730678E-03 year-5.48601554518334E-06 sumLPAP 1.29809696191975E+00 harm
KEEPDBG accept 16 cc 6.21369561055396E-01 sumModel-2.10631455598108E+02 sumForcing 4.45234340406118E+01 sumM 4.20034571081323E-02 trend-4.22131587292811E-02 aero 0.00000000000000E+00 level 5.70571502523713E+03 k0-3.45230239867409E+05 init-1.59810304192522E+00 IR-5.05430780312495E-01 impC 3.17094006031320E-02 mP 5.60907175626309E-03 year-5.48601554518334E-06 sumLPAP 1.29809696191975E+00 harm
KEEPDBG accept 9 cc 6.65268365904889E-01 sumModel-2.37526032771294E+02 sumForcing-2.81325925651190E+02 sumM-3.43417996943895E-02 trend-6.65185544230233E-02 aero 0.00000000000000E+00 level 1.34250073036010E+02 k0 4.88123261833536E+00 init-1.65149258638649E+00 IR-5.07989229533095E-01 impC 9.92402259298729E-03 mP 5.51747929730678E-03 year-5.48601554518334E-06 sumLPAP 1.29809696191975E+00 harm
KEEPDBG accept 13 cc 6.21482860078634E-01 sumModel-2.08239088823862E+02 sumForcing 2.85539962367806E+02 sumM 5.15310762273354E-02 trend-4.24238733477008E-02 aero 0.00000000000000E+00 level 5.97092707263139E+02 k0-5.00739375610374E+03 init-1.65124535234795E+00 IR-5.12125370810645E-01 impC 2.99270909757399E-02 mP 5.49285088775327E-03 year-5.48601554518334E-06 sumLPAP 1.29809696191975E+00 harm
KEEPDBG accept 3 cc 6.22465238273901E-01 sumModel-2.10127258342872E+02 sumForcing 1.51660694067437E+02 sumM 4.84496929633370E-02 trend-4.10676161074837E-02 aero 0.00000000000000E+00 level 1.08161759651745E+03 k0-1.80276354783228E+04 init-1.57698955762437E+00 IR-5.06958115508578E-01 impC 3.00190010712393E-02 mP 5.47380422137089E-03 year-5.48601554518334E-06 sumLPAP 1.29809696191975E+00 harm
KEEPDBG accept 12 cc 6.21002421309050E-01 sumModel-2.07980687079931E+02 sumForcing-1.42246502259308E+01 sumM 4.94120952202295E-02 trend-4.18625301099489E-02 aero 0.00000000000000E+00 level 1.36064742227207E+05 k0 2.58736108890395E+07 init-1.72683877491180E+00 IR-5.15395247820543E-01 impC 3.08195767839850E-02 mP 5.52485944481255E-03 year-5.48601554518334E-06 sumLPAP 1.29809696191975E+00 harm
KEEPDBG accept 11 cc 6.44921490724723E-01 sumModel-2.30856057051908E+02 sumForcing 4.00949385310835E+02 sumM 5.19107817345943E-02 trend-5.69719360876523E-02 aero 0.00000000000000E+00 level 4.53307638912783E+02 k0-5.77825309443860E+02 init-1.62941942798171E+00 IR-5.35833649901159E-01 impC-2.36049256753988E-04 mP 5.52241810649460E-03 year-5.48601554518334E-06 sumLPAP 1.29809696191975E+00 harm
KEEPDBG accept 3 cc 6.22467074927400E-01 sumModel-2.10128129003692E+02 sumForcing 1.51657740292192E+02 sumM 4.84496929633370E-02 trend-4.10664674390139E-02 aero 0.00000000000000E+00 level 1.08158668090636E+03 k0-1.80275959944786E+04 init-1.57698955762437E+00 IR-5.06958115508578E-01 impC 3.00190010712393E-02 mP 5.47380422137089E-03 year-5.48601554518334E-06 sumLPAP 1.29809696191975E+00 harm
KEEPDBG accept 6 cc 6.21626165525136E-01 sumModel-2.04684712180357E+02 sumForcing 1.61446987027039E+02 sumM 4.96256541068101E-02 trend-4.10523588838756E-02 aero 0.00000000000000E+00 level 1.14778104528372E+03 k0-1.84796771675264E+04 init-1.65124290814122E+00 IR-5.21105393036434E-01 impC 3.16136496370219E-02 mP 5.45471264263892E-03 year-5.48601554518334E-06 sumLPAP 1.29809696191975E+00 harm
KEEPDBG accept 5 cc 6.20947857945365E-01 sumModel-2.06407131880868E+02 sumForcing 5.49857697015677E+02 sumM 5.19374208299004E-02 trend-4.13052234013250E-02 aero 0.00000000000000E+00 level 2.17678724899891E+02 k0-6.99247198502279E+02 init-1.62201529383569E+00 IR-5.17443371775408E-01 impC 3.05592868942365E-02 mP 5.51699234124754E-03 year-5.48601554518334E-06 sumLPAP 1.29809696191975E+00 harm
KEEPDBG accept 1 cc 6.40772986205330E-01 sumModel-2.29691784907661E+02 sumForcing 6.73674385661851E+02 sumM 5.00765742394310E-02 trend-5.49710124863862E-02 aero 0.00000000000000E+00 level 2.58576707943561E+02 k0 3.52068105862551E+02 init-1.66298405556503E+00 IR-5.08297455233250E-01 impC 3.11127468748810E-02 mP 5.52114586553665E-03 year-5.48601554518334E-06 sumLPAP 1.29809696191975E+00 harm
KEEPDBG accept 11 cc 6.44974142425927E-01 sumModel-2.31788023302211E+02 sumForcing 4.00949385310835E+02 sumM 5.19107817345943E-02 trend-5.72428816085695E-02 aero 0.00000000000000E+00 level 4.54952683511607E+02 k0-5.77757270831538E+02 init-1.62941942798171E+00 IR-5.33504063395381E-01 impC-2.36049256753988E-04 mP 5.52241810649460E-03 year-5.48601554518334E-06 sumLPAP 1.29809696191975E+00 harm
KEEPDBG accept 5 cc 6.20949308678340E-01 sumModel-2.06408279122450E+02 sumForcing 5.49840409003046E+02 sumM 5.19374208299004E-02 trend-4.13028684310804E-02 aero 0.00000000000000E+00 level 2.17664354196762E+02 k0-6.99232872454909E+02 init-1.62201529383569E+00 IR-5.17443371775408E-01 impC 3.05592868942365E-02 mP 5.51699234124754E-03 year-5.48601554518334E-06 sumLPAP 1.29809696191975E+00 harm
KEEPDBG accept 1 cc 6.40772991323234E-01 sumModel-2.29691784695116E+02 sumForcing 6.73674385661851E+02 sumM 5.00526202624018E-02 trend-5.49710133483714E-02 aero 0.00000000000000E+00 level 2.57979324527417E+02 k0 3.50698062938704E+02 init-1.66298405556503E+00 IR-5.08297455233250E-01 impC 3.11127468748810E-02 mP 5.52114586553665E-03 year-5.48601554518334E-06 sumLPAP 1.29809696191975E+00 harm
KEEPDBG accept 8 cc 6.55648612976206E-01 sumModel-2.47476966332450E+02 sumForcing-9.71522985889277E+01 sumM-1.16490796573867E-02 trend-6.76519464880545E-02 aero 0.00000000000000E+00 level 1.48103037722992E+03 k0-4.44398455018357E+03 init-1.58258216555670E+00 IR-4.57060014401975E-01 impC 3.10934602250477E-02 mP 5.51545090919402E-03 year-5.48601554518334E-06 sumLPAP 1.29809696191975E+00 harm
KEEPDBG accept 5 cc 6.20959603653356E-01 sumModel-2.06419021703407E+02 sumForcing-3.21220200151611E+02 sumM 5.19374208299004E-02 trend-4.12875727192350E-02 aero 0.00000000000000E+00 level 4.86693925504802E+02 k0 3.50490536209392E+03 init-1.62201529383569E+00 IR-5.17443371775408E-01 impC 3.05592868942365E-02 mP 5.51699234124754E-03 year-5.48601554518334E-06 sumLPAP 1.29809696191975E+00 harm
KEEPDBG accept 8 cc 6.55652849275527E-01 sumModel-2.47480126971986E+02 sumForcing-8.98129858069490E+01 sumM-1.16178008015568E-02 trend-6.76516473725547E-02 aero 0.00000000000000E+00 level 1.50529526820279E+03 k0-4.46845801226077E+03 init-1.58258216555670E+00 IR-4.57060014401975E-01 impC 3.10934602250477E-02 mP 5.51545090919402E-03 year-5.48601554518334E-06 sumLPAP 1.29809696191975E+00 harm
KEEPDBG accept 4 cc 6.20753522405513E-01 sumModel-2.07742658748735E+02 sumForcing 2.94228404303376E+02 sumM 5.16332054444777E-02 trend-4.26449066375745E-02 aero 0.00000000000000E+00 level 5.48078816980777E+02 k0-4.41212599259577E+03 init-1.62252110652551E+00 IR-5.12927840121358E-01 impC 3.00369958819266E-02 mP 5.36959968347591E-03 year-5.48601554518334E-06 sumLPAP 1.29809696191975E+00 harm
KEEPDBG accept 1 cc 6.40782259634067E-01 sumModel-2.29698706335707E+02 sumForcing 6.73604650782405E+02 sumM 5.00526202624018E-02 trend-5.49755133518133E-02 aero 0.00000000000000E+00 level 2.57983983691762E+02 k0 3.50384298620235E+02 init-1.66269239359826E+00 IR-5.08297455233250E-01 impC 3.11127468748810E-02 mP 5.52114586553665E-03 year-5.48601554518334E-06 sumLPAP 1.29809696191975E+00 harm
KEEPDBG accept 16 cc 6.21369751422619E-01 sumModel-2.10632040422178E+02 sumForcing 4.45234340406118E+01 sumM 4.24850240984633E-02 trend-4.22132750391052E-02 aero 0.00000000000000E+00 level 5.98641670143841E+03 k0-3.62451128223582E+05 init-1.59810304192522E+00 IR-5.05430780312495E-01 impC 3.17094006031320E-02 mP 5.60907175626309E-03 year-5.48601554518334E-06 sumLPAP 1.29809696191975E+00 harm
KEEPDBG accept 2 cc 6.21210675984568E-01 sumModel-2.09910774641254E+02 sumForcing 1.79374027616040E+02 sumM 5.12387077320557E-02 trend-4.16533972089992E-02 aero 0.00000000000000E+00 level 1.23379951703135E+03 k0-1.75736661423054E+04 init-1.64183229112479E+00 IR-5.08438225504306E-01 impC 3.01465001650900E-02 mP 5.56226375831632E-03 year-5.48601554518334E-06 sumLPAP 1.29809696191975E+00 harm
KEEPDBG accept 7 cc 6.21374995657235E-01 sumModel-2.08854643847000E+02 sumForcing 2.29165831247741E+02 sumM 3.21464413390300E-02 trend-4.09191559561196E-02 aero 0.00000000000000E+00 level 1.69418512991168E+02 k0-1.08708370871797E+03 init-1.63257776063903E+00 IR-5.10350187884787E-01 impC 3.01620971431904E-02 mP 5.41012662868544E-03 year-5.48601554518334E-06 sumLPAP 1.29809696191975E+00 harm
KEEPDBG accept 11 cc 6.45153202890308E-01 sumModel-2.35010913723604E+02 sumForcing 4.00949385310835E+02 sumM 5.19107817345943E-02 trend-5.81893148441351E-02 aero 0.00000000000000E+00 level 4.60698948949191E+02 k0-5.77519606803051E+02 init-1.62941942798171E+00 IR-5.25366641205376E-01 impC-2.36049256753988E-04 mP 5.52241810649460E-03 year-5.48601554518334E-06 sumLPAP 1.29809696191975E+00 harm
KEEPDBG accept 11 cc 6.45153220383144E-01 sumModel-2.35010899903166E+02 sumForcing 4.00949349133294E+02 sumM 5.19107817345943E-02 trend-5.81893138578965E-02 aero 0.00000000000000E+00 level 4.60698746678042E+02 k0-5.77519123892165E+02 init-1.62941942798171E+00 IR-5.25366641205376E-01 impC-2.36049256753988E-04 mP 5.52241810649460E-03 year-5.48601554518334E-06 sumLPAP 1.29809696191975E+00 harm
KEEPDBG accept 10 cc 6.22316970354457E-01 sumModel-2.00631088668741E+02 sumForcing 3.93502058620964E+02 sumM 4.92943530903924E-02 trend-3.93038909759236E-02 aero 0.00000000000000E+00 level 2.40599281979244E+02 k0-1.16901085347818E+03 init-1.47179626412560E+00 IR-5.31416349353148E-01 impC 3.19458107210351E-02 mP 5.62618375673825E-03 year-5.48601554518334E-06 sumLPAP 1.29809696191975E+00 harm
KEEPDBG accept 1 cc 6.40782259706604E-01 sumModel-2.29698707263824E+02 sumForcing 6.73604650782405E+02 sumM 5.00521941100503E-02 trend-5.49755133588848E-02 aero 0.00000000000000E+00 level 2.57973383755736E+02 k0 3.50360034806660E+02 init-1.66269239359826E+00 IR-5.08297455233250E-01 impC 3.11127468748810E-02 mP 5.52114586553665E-03 year-5.48601554518334E-06 sumLPAP 1.29809696191975E+00 harm
KEEPDBG accept 3 cc 6.22467076474360E-01 sumModel-2.10128234805159E+02 sumForcing 1.51657740292192E+02 sumM 4.96398484145110E-02 trend-4.10665005454633E-02 aero 0.00000000000000E+00 level 1.28101577529178E+03 k0-2.16087140605739E+04 init-1.57698955762437E+00 IR-5.06958115508578E-01 impC 3.00190010712393E-02 mP 5.47380422137089E-03 year-5.48601554518334E-06 sumLPAP 1.29809696191975E+00 harm
KEEPDBG accept 15 cc 6.21844083817705E-01 sumModel-2.00542229939061E+02 sumForcing 1.97860437134734E+02 sumM 4.86164528421725E-02 trend-3.97817417241161E-02 aero 0.00000000000000E+00 level 6.55190147483363E+02 k0-8.17708170253851E+03 init-1.58447521335943E+00 IR-5.31128948517388E-01 impC 3.18343706203035E-02 mP 5.50454769143525E-03 year-5.48601554518334E-06 sumLPAP 1.29809696191975E+00 harm
KEEPDBG accept 9 cc 6.65268382413253E-01 sumModel-2.37526032160184E+02 sumForcing-2.81325994473728E+02 sumM-3.43417996943895E-02 trend-6.65185541944398E-02 aero 0.00000000000000E+00 level 1.34250072532604E+02 k0 4.88123317736384E+00 init-1.65149258638649E+00 IR-5.07989229533095E-01 impC 9.92402259298729E-03 mP 5.51747929730678E-03 year-5.48601554518334E-06 sumLPAP 1.29809696191975E+00 harm
KEEPDBG accept 8 cc 6.55702959659815E-01 sumModel-2.47405608425975E+02 sumForcing-9.26013304009300E+01 sumM-1.16178008015568E-02 trend-6.76139968448486E-02 aero 0.00000000000000E+00 level 1.50637271141391E+03 k0-4.53577313235394E+03 init-1.58258216555670E+00 IR-4.57060014401975E-01 impC 3.10934602250477E-02 mP 5.51545090919402E-03 year-5.48601554518334E-06 sumLPAP 1.29809696191975E+00 harm
KEEPDBG accept 2 cc 6.21224779847542E-01 sumModel-2.09923179985851E+02 sumForcing 2.29386288768757E+02 sumM 5.12387077320557E-02 trend-4.16335414045356E-02 aero 0.00000000000000E+00 level 7.84123219438613E+02 k0-8.39372517413689E+03 init-1.64183229112479E+00 IR-5.08438225504306E-01 impC 3.01465001650900E-02 mP 5.56226375831632E-03 year-5.48601554518334E-06 sumLPAP 1.29809696191975E+00 harm
KEEPDBG accept 11 cc 6.45177723979871E-01 sumModel-2.35070469096622E+02 sumForcing 4.02297178793056E+02 sumM 5.19107817345943E-02 trend-5.81883130336915E-02 aero 0.00000000000000E+00 level 4.60569797931915E+02 k0-5.71123119886712E+02 init-1.62941942798171E+00 IR-5.25366641205376E-01 impC-2.36049256753988E-04 mP 5.52241810649460E-03 year-5.48601554518334E-06 sumLPAP 1.29809696191975E+00 harm
KEEPDBG accept 14 cc 6.20677606998088E-01 sumModel-2.06233384051509E+02 sumForcing 1.85417692731811E+02 sumM 5.15074249361265E-02 trend-4.13178059973858E-02 aero 0.00000000000000E+00 level 1.21376922386722E+03 k0-1.67970544139101E+04 init-1.65088222450482E+00 IR-5.18162293613842E-01 impC 3.17775445966371E-02 mP 5.57494700060199E-03 year-5.48601554518334E-06 sumLPAP 1.29809696191975E+00 harm
KEEPDBG accept 8 cc 6.55711026169180E-01 sumModel-2.47411628336390E+02 sumForcing-7.86206710232492E+01 sumM-1.15582794908469E-02 trend-6.76134423594660E-02 aero 0.00000000000000E+00 level 1.55379951093808E+03 k0-4.58371005653239E+03 init-1.58258216555670E+00 IR-4.57060014401975E-01 impC 3.10934602250477E-02 mP 5.51545090919402E-03 year-5.48601554518334E-06 sumLPAP 1.29809696191975E+00 harm
KEEPDBG accept 1 cc 6.40782785975277E-01 sumModel-2.29698779879175E+02 sumForcing 6.73604753775316E+02 sumM 5.00521941100503E-02 trend-5.49756541522414E-02 aero 0.00000000000000E+00 level 2.57968783102057E+02 k0 3.50369060178342E+02 init-1.66269239359826E+00 IR-5.08297455233250E-01 impC 3.11127468748810E-02 mP 5.52114586553665E-03 year-5.48601554518334E-06 sumLPAP 1.29809696191975E+00 harm
KEEPDBG accept 1 cc 6.40784060605138E-01 sumModel-2.29698959423207E+02 sumForcing 6.70211940099244E+02 sumM 5.00521941100503E-02 trend-5.49759965469494E-02 aero 0.00000000000000E+00 level 2.59514460853585E+02 k0 3.55751451714457E+02 init-1.66269239359826E+00 IR-5.08297455233250E-01 impC 3.11127468748810E-02 mP 5.52114586553665E-03 year-5.48601554518334E-06 sumLPAP 1.29809696191975E+00 harm
KEEPDBG accept 14 cc 6.20677671773718E-01 sumModel-2.06233504531025E+02 sumForcing 1.85417407045559E+02 sumM 5.15074249361265E-02 trend-4.13177068988625E-02 aero 0.00000000000000E+00 level 1.21376308303265E+03 k0-1.67969681574688E+04 init-1.65088222450482E+00 IR-5.18162293613842E-01 impC 3.17775445966371E-02 mP 5.57494700060199E-03 year-5.48601554518334E-06 sumLPAP 1.29809696191975E+00 harm
KEEPDBG accept 8 cc 6.55711038007252E-01 sumModel-2.47411644898866E+02 sumForcing-7.86174841284069E+01 sumM-1.15582794908469E-02 trend-6.76134418286468E-02 aero 0.00000000000000E+00 level 1.55381024552827E+03 k0-4.58372451107294E+03 init-1.58258216555670E+00 IR-4.57060014401975E-01 impC 3.10934602250477E-02 mP 5.51545090919402E-03 year-5.48601554518334E-06 sumLPAP 1.29809696191975E+00 harm
KEEPDBG accept 13 cc 6.21483210429407E-01 sumModel-2.08239315091940E+02 sumForcing 2.85538141606460E+02 sumM 5.15310762273354E-02 trend-4.24233152512433E-02 aero 0.00000000000000E+00 level 5.97085088802663E+02 k0-5.00738522114638E+03 init-1.65124535234795E+00 IR-5.12125370810645E-01 impC 2.99270909757399E-02 mP 5.49285088775327E-03 year-5.48601554518334E-06 sumLPAP 1.29809696191975E+00 harm
KEEPDBG accept 9 cc 6.65268488721697E-01 sumModel-2.37526028250992E+02 sumForcing-2.81326437650304E+02 sumM-3.43417996943895E-02 trend-6.65185527116075E-02 aero 0.00000000000000E+00 level 1.34250069266845E+02 k0 4.88123677967061E+00 init-1.65149258638649E+00 IR-5.07989229533095E-01 impC 9.92402259298729E-03 mP 5.51747929730678E-03 year-5.48601554518334E-06 sumLPAP 1.29809696191975E+00 harm
KEEPDBG accept 12 cc 6.21169217123574E-01 sumModel-2.08239307456802E+02 sumForcing 1.08687096110961E+01 sumM 4.94120952202295E-02 trend-4.21894795934102E-02 aero 0.00000000000000E+00 level 2.30742856624928E+05 k0-5.58322866755608E+07 init-1.72683877491180E+00 IR-5.15395247820543E-01 impC 3.08195767839850E-02 mP 5.52485944481255E-03 year-5.48601554518334E-06 sumLPAP 1.29809696191975E+00 harm
KEEPDBG accept 11 cc 6.45177725850351E-01 sumModel-2.35070469446742E+02 sumForcing 4.02297178793056E+02 sumM 5.19257798763337E-02 trend-5.81883135916000E-02 aero 0.00000000000000E+00 level 4.61600233116910E+02 k0-5.72801532253369E+02 init-1.62941942798171E+00 IR-5.25366641205376E-01 impC-2.36049256753988E-04 mP 5.52241810649460E-03 year-5.48601554518334E-06 sumLPAP 1.29809696191975E+00 harm
KEEPDBG accept 13 cc 6.21483978323512E-01 sumModel-2.08239791269473E+02 sumForcing 2.85534069481976E+02 sumM 5.15310762273354E-02 trend-4.24220606527634E-02 aero 0.00000000000000E+00 level 5.97068315730990E+02 k0-5.00737285813333E+03 init-1.65124535234795E+00 IR-5.12125370810645E-01 impC 2.99270909757399E-02 mP 5.49285088775327E-03 year-5.48601554518334E-06 sumLPAP 1.29809696191975E+00 harm
KEEPDBG accept 15 cc 6.21850602935921E-01 sumModel-2.00545554420716E+02 sumForcing 1.97842706694099E+02 sumM 4.86164528421725E-02 trend-3.97744546806281E-02 aero 0.00000000000000E+00 level 6.55062785526237E+02 k0-8.17665953094281E+03 init-1.58447521335943E+00 IR-5.31128948517388E-01 impC 3.18343706203035E-02 mP 5.50454769143525E-03 year-5.48601554518334E-06 sumLPAP 1.29809696191975E+00 harm
KEEPDBG accept 11 cc 6.45177747726471E-01 sumModel-2.35070450772548E+02 sumForcing 4.02297135805075E+02 sumM 5.19257798763337E-02 trend-5.81883122231945E-02 aero 0.00000000000000E+00 level 4.61599986436612E+02 k0-5.72801040500367E+02 init-1.62941942798171E+00 IR-5.25366641205376E-01 impC-2.36049256753988E-04 mP 5.52241810649460E-03 year-5.48601554518334E-06 sumLPAP 1.29809696191975E+00 harm
KEEPDBG accept 8 cc 6.55836706412418E-01 sumModel-2.47659574505853E+02 sumForcing-7.41934439594439E+01 sumM-1.15582794908469E-02 trend-6.77712923944099E-02 aero 0.00000000000000E+00 level 1.57247481087359E+03 k0-4.61387417728277E+03 init-1.58258216555670E+00 IR-4.57060014401975E-01 impC 3.10934602250477E-02 mP 5.51545090919402E-03 year-5.48601554518334E-06 sumLPAP 1.29809696191975E+00 harm
KEEPDBG accept 16 cc 6.21371910397827E-01 sumModel-2.10634496194686E+02 sumForcing 4.35993935808964E+01 sumM 4.24850240984633E-02 trend-4.22075283609103E-02 aero 0.00000000000000E+00 level 6.23753254790846E+03 k0-3.85893494242995E+05 init-1.59810304192522E+00 IR-5.05430780312495E-01 impC 3.17094006031320E-02 mP 5.60907175626309E-03 year-5.48601554518334E-06 sumLPAP 1.29809696191975E+00 harm
KEEPDBG accept 1 cc 6.40785547834848E-01 sumModel-2.29699153772823E+02 sumForcing 6.70212229492049E+02 sumM 5.00521941100503E-02 trend-5.49763941250363E-02 aero 0.00000000000000E+00 level 2.59501292218855E+02 k0 3.55777504489483E+02 init-1.66269239359826E+00 IR-5.08297455233250E-01 impC 3.11127468748810E-02 mP 5.52114586553665E-03 year-5.48601554518334E-06 sumLPAP 1.29809696191975E+00 harm
KEEPDBG accept 15 cc 6.21864609157723E-01 sumModel-2.00552948784614E+02 sumForcing 1.97803648017289E+02 sumM 4.86164528421725E-02 trend-3.97584184783601E-02 aero 0.00000000000000E+00 level 6.54781163350870E+02 k0-8.17570904380984E+03 init-1.58447521335943E+00 IR-5.31128948517388E-01 impC 3.18343706203035E-02 mP 5.50454769143525E-03 year-5.48601554518334E-06 sumLPAP 1.29809696191975E+00 harm
KEEPDBG accept 9 cc 6.65268510258667E-01 sumModel-2.37526027447591E+02 sumForcing-2.81326527426936E+02 sumM-3.43417996943895E-02 trend-6.65185524101170E-02 aero 0.00000000000000E+00 level 1.34250068602194E+02 k0 4.88123750653742E+00 init-1.65149258638649E+00 IR-5.07989229533095E-01 impC 9.92402259298729E-03 mP 5.51747929730678E-03 year-5.48601554518334E-06 sumLPAP 1.29809696191975E+00 harm
KEEPDBG accept 3 cc 6.22468197442795E-01 sumModel-2.10128696994952E+02 sumForcing 1.52594367514094E+02 sumM 4.96398484145110E-02 trend-4.10657729102430E-02 aero 0.00000000000000E+00 level 1.26623761277382E+03 k0-2.12124804271233E+04 init-1.57698955762437E+00 IR-5.06958115508578E-01 impC 3.00190010712393E-02 mP 5.47380422137089E-03 year-5.48601554518334E-06 sumLPAP 1.29809696191975E+00 harm
KEEPDBG accept 3 cc 6.22470531707483E-01 sumModel-2.10129810953319E+02 sumForcing 1.54541900384757E+02 sumM 4.96398484145110E-02 trend-4.10643244069615E-02 aero 0.00000000000000E+00 level 1.23636569485415E+03 k0-2.04189713818835E+04 init-1.57698955762437E+00 IR-5.06958115508578E-01 impC 3.00190010712393E-02 mP 5.47380422137089E-03 year-5.48601554518334E-06 sumLPAP 1.29809696191975E+00 harm
KEEPDBG accept 1 cc 6.40824423069482E-01 sumModel-2.29689479402105E+02 sumForcing 6.95211227684309E+02 sumM 5.03607320663367E-02 trend-5.49799498382461E-02 aero 0.00000000000000E+00 level 2.47282927541053E+02 k0 4.02782921082832E+02 init-1.66269239359826E+00 IR-5.08297455233250E-01 impC 3.11127468748810E-02 mP 5.52114586553665E-03 year-5.48601554518334E-06 sumLPAP 1.29809696191975E+00 harm
KEEPDBG accept 4 cc 6.20761930800852E-01 sumModel-2.07745931297261E+02 sumForcing 3.62332998593536E+02 sumM 5.16332054444777E-02 trend-4.26300539299948E-02 aero 0.00000000000000E+00 level 3.88635330923442E+02 k0-2.36127463195925E+03 init-1.62252110652551E+00 IR-5.12927840121358E-01 impC 3.00369958819266E-02 mP 5.36959968347591E-03 year-5.48601554518334E-06 sumLPAP 1.29809696191975E+00 harm
KEEPDBG accept 1 cc 6.40832575577347E-01 sumModel-2.29695390941119E+02 sumForcing 6.95152300728535E+02 sumM 5.03607320663367E-02 trend-5.49838376801976E-02 aero 0.00000000000000E+00 level 2.47288182337151E+02 k0 4.02509108461441E+02 init-1.66243980244240E+00 IR-5.08297455233250E-01 impC 3.11127468748810E-02 mP 5.52114586553665E-03 year-5.48601554518334E-06 sumLPAP 1.29809696191975E+00 harm
KEEPDBG accept 3 cc 6.22470557797426E-01 sumModel-2.10059586141207E+02 sumForcing 1.54541900384757E+02 sumM 4.96398484145110E-02 trend-4.10643244069615E-02 aero 0.00000000000000E+00 level 1.23636569485415E+03 k0-2.04189713818835E+04 init-1.57698955762437E+00 IR-5.06958115508578E-01 impC 3.03456462560655E-02 mP 5.47380422137089E-03 year-5.48601554518334E-06 sumLPAP 1.29809696191975E+00 harm
KEEPDBG accept 8 cc 6.55836709792849E-01 sumModel-2.47659588908518E+02 sumForcing-7.41934439594439E+01 sumM-1.18885352885333E-02 trend-6.77712996299058E-02 aero 0.00000000000000E+00 level 1.48687018414252E+03 k0-4.34015005962150E+03 init-1.58258216555670E+00 IR-4.57060014401975E-01 impC 3.10934602250477E-02 mP 5.51545090919402E-03 year-5.48601554518334E-06 sumLPAP 1.29809696191975E+00 harm
KEEPDBG accept 7 cc 6.21400780807713E-01 sumModel-2.08862813578940E+02 sumForcing 2.29110896710419E+02 sumM 3.21464413390300E-02 trend-4.09054911748654E-02 aero 0.00000000000000E+00 level 1.69358568086071E+02 k0-1.08714394823365E+03 init-1.63257776063903E+00 IR-5.10350187884787E-01 impC 3.01620971431904E-02 mP 5.41012662868544E-03 year-5.48601554518334E-06 sumLPAP 1.29809696191975E+00 harm
KEEPDBG accept 1 cc 6.41141514397351E-01 sumModel-2.29582319849346E+02 sumForcing 7.15622405052656E+02 sumM 5.03607320663367E-02 trend-5.50112282453352E-02 aero 0.00000000000000E+00 level 2.32185668937509E+02 k0 4.49792477204194E+02 init-1.66243980244240E+00 IR-5.08297455233250E-01 impC 3.11127468748810E-02 mP 5.52114586553665E-03 year-5.48601554518334E-06 sumLPAP 1.29809696191975E+00 harm
KEEPDBG accept 11 cc 6.45250180114992E-01 sumModel-2.36424190094152E+02 sumForcing 4.02297135805075E+02 sumM 5.19257798763337E-02 trend-5.85900739194169E-02 aero 0.00000000000000E+00 level 4.64045140816431E+02 k0-5.72744494226748E+02 init-1.62941942798171E+00 IR-5.21909393754609E-01 impC-2.36049256753988E-04 mP 5.52241810649460E-03 year-5.48601554518334E-06 sumLPAP 1.29809696191975E+00 harm
KEEPDBG accept 1 cc 6.41141643383332E-01 sumModel-2.29582341001708E+02 sumForcing 7.15259956945066E+02 sumM 5.03607320663367E-02 trend-5.50112639429176E-02 aero 0.00000000000000E+00 level 2.32313725801108E+02 k0 4.50479721347771E+02 init-1.66243980244240E+00 IR-5.08297455233250E-01 impC 3.11127468748810E-02 mP 5.52114586553665E-03 year-5.48601554518334E-06 sumLPAP 1.29809696191975E+00 harm
KEEPDBG accept 9 cc 6.65268597807478E-01 sumModel-2.37526002906884E+02 sumForcing-2.81327101680340E+02 sumM-3.43417996943895E-02 trend-6.65185193487628E-02 aero 0.00000000000000E+00 level 1.34249999600235E+02 k0 4.88127485136747E+00 init-1.65149705068090E+00 IR-5.07989229533095E-01 impC 9.92402259298729E-03 mP 5.51747929730678E-03 year-5.48601554518334E-06 sumLPAP 1.29809696191975E+00 harm
KEEPDBG accept 11 cc 6.45280082841803E-01 sumModel-2.36337554971920E+02 sumForcing 4.01038322516388E+02 sumM 5.19257798763337E-02 trend-5.85976889996118E-02 aero 0.00000000000000E+00 level 4.64244523915667E+02 k0-5.81685683801425E+02 init-1.61659787875364E+00 IR-5.21909393754609E-01 impC-2.36049256753988E-04 mP 5.52241810649460E-03 year-5.48601554518334E-06 sumLPAP 1.29809696191975E+00 harm
KEEPDBG accept 9 cc 6.65268597809072E-01 sumModel-2.37526002914495E+02 sumForcing-2.81327001125769E+02 sumM-3.43417996943895E-02 trend-6.65185193791101E-02 aero 0.00000000000000E+00 level 1.34250005446360E+02 k0 4.88127968473620E+00 init-1.65149705068090E+00 IR-5.07989229533095E-01 impC 9.92402259298729E-03 mP 5.51747929730678E-03 year-5.48601554518334E-06 sumLPAP 1.29809696191975E+00 harm
KEEPDBG accept 9 cc 6.65268638089116E-01 sumModel-2.37526450173146E+02 sumForcing-2.81327001125769E+02 sumM-3.43417996943895E-02 trend-6.65186700771247E-02 aero 0.00000000000000E+00 level 1.34250301270709E+02 k0 4.88127824830175E+00 init-1.65149705068090E+00 IR-5.07988022446534E-01 impC 9.92402259298729E-03 mP 5.51747929730678E-03 year-5.48601554518334E-06 sumLPAP 1.29809696191975E+00 harm
KEEPDBG accept 13 cc 6.21484063766264E-01 sumModel-2.08239834075427E+02 sumForcing 2.85533574095306E+02 sumM 5.15310762273354E-02 trend-4.24219045726836E-02 aero 0.00000000000000E+00 level 5.97066415754592E+02 k0-5.00737496712843E+03 init-1.65124535234795E+00 IR-5.12125370810645E-01 impC 2.99270909757399E-02 mP 5.49285088775327E-03 year-5.48601554518334E-06 sumLPAP 1.29809696191975E+00 harm
KEEPDBG accept 11 cc 6.45734147651834E-01 sumModel-2.36565149296471E+02 sumForcing 4.05624942096867E+02 sumM 5.19257798763337E-02 trend-5.84830886043879E-02 aero 0.00000000000000E+00 level 4.65469245739569E+02 k0-5.61780203286451E+02 init-1.61659787875364E+00 IR-5.21909393754609E-01 impC-2.36049256753988E-04 mP 5.52241810649460E-03 year-5.48601554518334E-06 sumLPAP 1.29809696191975E+00 harm
KEEPDBG accept 8 cc 6.55846293293432E-01 sumModel-2.48055887535967E+02 sumForcing-7.41934439594439E+01 sumM-1.18885352885333E-02 trend-6.79115681522673E-02 aero 0.00000000000000E+00 level 1.49165516262333E+03 k0-4.36683591594428E+03 init-1.58258216555670E+00 IR-4.55932459514222E-01 impC 3.10934602250477E-02 mP 5.51545090919402E-03 year-5.48601554518334E-06 sumLPAP 1.29809696191975E+00 harm
KEEPDBG accept 4 cc 6.20798156549599E-01 sumModel-2.07765868838902E+02 sumForcing 3.62068840219975E+02 sumM 5.16332054444777E-02 trend-4.25605689743135E-02 aero 0.00000000000000E+00 level 3.87990343118038E+02 k0-2.36091617778494E+03 init-1.62252110652551E+00 IR-5.12927840121358E-01 impC 3.00369958819266E-02 mP 5.36959968347591E-03 year-5.48601554518334E-06 sumLPAP 1.29809696191975E+00 harm
KEEPDBG accept 2 cc 6.21230794563346E-01 sumModel-2.09928808978994E+02 sumForcing 2.62674652603596E+02 sumM 5.12387077320557E-02 trend-4.16245041244172E-02 aero 0.00000000000000E+00 level 6.16333084888455E+02 k0-5.58697534608058E+03 init-1.64183229112479E+00 IR-5.08438225504306E-01 impC 3.01465001650900E-02 mP 5.56226375831632E-03 year-5.48601554518334E-06 sumLPAP 1.29809696191975E+00 harm
KEEPDBG accept 10 cc 6.22328097342312E-01 sumModel-2.00634100323001E+02 sumForcing 4.94470183307668E+02 sumM 4.92943530903924E-02 trend-3.92937037013223E-02 aero 0.00000000000000E+00 level 1.79536891674752E+02 k0-5.88800151685575E+02 init-1.47179626412560E+00 IR-5.31416349353148E-01 impC 3.19458107210351E-02 mP 5.62618375673825E-03 year-5.48601554518334E-06 sumLPAP 1.29809696191975E+00 harm
KEEPDBG accept 6 cc 6.21629194642578E-01 sumModel-2.04690587938349E+02 sumForcing 1.81805236885771E+02 sumM 4.96256541068101E-02 trend-4.10416803339282E-02 aero 0.00000000000000E+00 level 9.21036992170157E+02 k0-1.29342216765292E+04 init-1.65124290814122E+00 IR-5.21105393036434E-01 impC 3.16136496370219E-02 mP 5.45471264263892E-03 year-5.48601554518334E-06 sumLPAP 1.29809696191975E+00 harm
KEEPDBG accept 8 cc 6.56044453944664E-01 sumModel-2.47999937274912E+02 sumForcing-7.55124817996283E+01 sumM-1.18885352885333E-02 trend-6.78574056123983E-02 aero 0.00000000000000E+00 level 1.49732191308642E+03 k0-4.43870353422360E+03 init-1.58258216555670E+00 IR-4.55932459514222E-01 impC 3.10934602250477E-02 mP 5.51545090919402E-03 year-5.48601554518334E-06 sumLPAP 1.29809696191975E+00 harm
KEEPDBG accept 9 cc 6.65268659997810E-01 sumModel-2.37526449362791E+02 sumForcing-2.81327092458173E+02 sumM-3.43417996943895E-02 trend-6.65186697726337E-02 aero 0.00000000000000E+00 level 1.34250300599767E+02 k0 4.88127898868811E+00 init-1.65149705068090E+00 IR-5.07988022446534E-01 impC 9.92402259298729E-03 mP 5.51747929730678E-03 year-5.48601554518334E-06 sumLPAP 1.29809696191975E+00 harm
KEEPDBG accept 11 cc 6.45734157630531E-01 sumModel-2.36565195518483E+02 sumForcing 3.94876207049113E+02 sumM 5.19257798763337E-02 trend-5.84831016054540E-02 aero 0.00000000000000E+00 level 4.85044894520162E+02 k0-6.08894410032625E+02 init-1.61659787875364E+00 IR-5.21909393754609E-01 impC-2.36049256753988E-04 mP 5.52241810649460E-03 year-5.48601554518334E-06 sumLPAP 1.29809696191975E+00 harm
KEEPDBG accept 6 cc 6.21629195279327E-01 sumModel-2.04690566597106E+02 sumForcing 1.81805236885771E+02 sumM 4.93959716232771E-02 trend-4.10416751258137E-02 aero 0.00000000000000E+00 level 8.90805734072479E+02 k0-1.24706109789278E+04 init-1.65124290814122E+00 IR-5.21105393036434E-01 impC 3.16136496370219E-02 mP 5.45471264263892E-03 year-5.48601554518334E-06 sumLPAP 1.29809696191975E+00 harm
KEEPDBG accept 8 cc 6.56044458384902E-01 sumModel-2.47999869080611E+02 sumForcing-7.55124817996283E+01 sumM-1.17914511913107E-02 trend-6.78574034327151E-02 aero 0.00000000000000E+00 level 1.52186442965392E+03 k0-4.51836058773043E+03 init-1.58258216555670E+00 IR-4.55932459514222E-01 impC 3.10934602250477E-02 mP 5.51545090919402E-03 year-5.48601554518334E-06 sumLPAP 1.29809696191975E+00 harm
KEEPDBG accept 1 cc 6.48057528416504E-01 sumModel-2.32615646608402E+02 sumForcing 6.70476027758459E+02 sumM 5.03607320663367E-02 trend-5.86001944937860E-02 aero 0.00000000000000E+00 level 1.12240897797547E+02 k0 7.29936508486690E+02 init-1.66243980244240E+00 IR-5.08297455233250E-01 impC 3.11127468748810E-02 mP 5.52114586553665E-03 year-5.48601554518334E-06 sumLPAP 1.29809696191975E+00 harm
KEEPDBG accept 8 cc 6.57548014075084E-01 sumModel-2.50711773265522E+02 sumForcing 2.19536946273885E+01 sumM-1.10513619475482E-02 trend-6.94131716732804E-02 aero 0.00000000000000E+00 level 1.62534367769205E+03 k0-3.71959539173881E+03 init-1.58258216555670E+00 IR-4.55932459514222E-01 impC 3.10934602250477E-02 mP 5.51545090919402E-03 year-5.48601554518334E-06 sumLPAP 1.29809696191975E+00 harm
KEEPDBG accept 3 cc 6.22477807379794E-01 sumModel-2.10062918911737E+02 sumForcing 1.61039118043196E+02 sumM 4.96398484145110E-02 trend-4.10596883536578E-02 aero 0.00000000000000E+00 level 1.14445372640238E+03 k0-1.80415285938860E+04 init-1.57698955762437E+00 IR-5.06958115508578E-01 impC 3.03456462560655E-02 mP 5.47380422137089E-03 year-5.48601554518334E-06 sumLPAP 1.29809696191975E+00 harm
KEEPDBG accept 10 cc 6.22343406648273E-01 sumModel-2.00640696364041E+02 sumForcing 4.94393734895930E+02 sumM 4.92943530903924E-02 trend-3.92816309400343E-02 aero 0.00000000000000E+00 level 1.79480170537842E+02 k0-5.88714065861593E+02 init-1.47179626412560E+00 IR-5.31416349353148E-01 impC 3.19458107210351E-02 mP 5.62618375673825E-03 year-5.48601554518334E-06 sumLPAP 1.29809696191975E+00 harm
KEEPDBG accept 6 cc 6.21629249431597E-01 sumModel-2.04690783202331E+02 sumForcing 1.81805236885771E+02 sumM 5.18441880480850E-02 trend-4.10417500002521E-02 aero 0.00000000000000E+00 level 1.32556746365294E+03 k0-1.91378298069088E+04 init-1.65124290814122E+00 IR-5.21105393036434E-01 impC 3.16136496370219E-02 mP 5.45471264263892E-03 year-5.48601554518334E-06 sumLPAP 1.29809696191975E+00 harm
KEEPDBG accept 11 cc 6.47304128483940E-01 sumModel-2.36095686634239E+02 sumForcing 4.42530935560669E+02 sumM 5.26931245260981E-02 trend-5.83325018162453E-02 aero 0.00000000000000E+00 level 4.70029910376934E+02 k0-4.91006839607307E+02 init-1.61659787875364E+00 IR-5.21909393754609E-01 impC-2.36049256753988E-04 mP 5.52241810649460E-03 year-5.48601554518334E-06 sumLPAP 1.29809696191975E+00 harm
KEEPDBG accept 11 cc 6.47349354984760E-01 sumModel-2.36102189423341E+02 sumForcing 4.42793592999558E+02 sumM 5.26931245260981E-02 trend-5.83216188183809E-02 aero 0.00000000000000E+00 level 4.70180047298215E+02 k0-4.91018101420169E+02 init-1.61659787875364E+00 IR-5.21909393754609E-01 impC-2.36049256753988E-04 mP 5.52241810649460E-03 year-5.48601554518334E-06 sumLPAP 1.29809696191975E+00 harm
KEEPDBG accept 8 cc 6.59216529837099E-01 sumModel-2.52224597984645E+02 sumForcing 2.06405875580135E+02 sumM-9.61460274991585E-03 trend-6.97267135471758E-02 aero 0.00000000000000E+00 level 1.56108523310261E+03 k0-2.30794939978258E+03 init-1.58258216555670E+00 IR-4.55932459514222E-01 impC 3.10934602250477E-02 mP 5.51545090919402E-03 year-5.48601554518334E-06 sumLPAP 1.29809696191975E+00 harm
KEEPDBG accept 9 cc 6.65268721809000E-01 sumModel-2.37526432031079E+02 sumForcing-2.81327497891053E+02 sumM-3.43417996943895E-02 trend-6.65186464284311E-02 aero 0.00000000000000E+00 level 1.34250251878286E+02 k0 4.88130535644385E+00 init-1.65150020254909E+00 IR-5.07988022446534E-01 impC 9.92402259298729E-03 mP 5.51747929730678E-03 year-5.48601554518334E-06 sumLPAP 1.29809696191975E+00 harm
KEEPDBG accept 4 cc 6.20800217282388E-01 sumModel-2.07767226398801E+02 sumForcing 3.62051901119121E+02 sumM 5.16332054444777E-02 trend-4.25561239965849E-02 aero 0.00000000000000E+00 level 3.87948430830018E+02 k0-2.36088666059928E+03 init-1.62252110652551E+00 IR-5.12927840121358E-01 impC 3.00369958819266E-02 mP 5.36959968347591E-03 year-5.48601554518334E-06 sumLPAP 1.29809696191975E+00 harm
KEEPDBG accept 8 cc 6.59381334945513E-01 sumModel-2.51963171376333E+02 sumForcing-2.28390402900450E+01 sumM-9.61460274991585E-03 trend-6.97124562049429E-02 aero 0.00000000000000E+00 level 1.03621494057559E+03 k0-1.69140796251407E+03 init-1.58258216555670E+00 IR-4.55932459514222E-01 impC 3.10934602250477E-02 mP 5.51545090919402E-03 year-5.48601554518334E-06 sumLPAP 1.29809696191975E+00 harm
KEEPDBG accept 9 cc 6.65268755851826E-01 sumModel-2.37526430282991E+02 sumForcing-2.81327647694770E+02 sumM-3.43417996943895E-02 trend-6.65186445229678E-02 aero 0.00000000000000E+00 level 1.34250247936203E+02 k0 4.88130783018303E+00 init-1.65150020254909E+00 IR-5.07988022446534E-01 impC 9.92402259298729E-03 mP 5.51748174162856E-03 year-5.48601554518334E-06 sumLPAP 1.29809696191975E+00 harm
KEEPDBG accept 3 cc 6.22477809651603E-01 sumModel-2.10063081755228E+02 sumForcing 1.61039118043196E+02 sumM 5.17181534343292E-02 trend-4.10597458918349E-02 aero 0.00000000000000E+00 level 1.60988999297154E+03 k0-2.59127558317779E+04 init-1.57698955762437E+00 IR-5.06958115508578E-01 impC 3.03456462560655E-02 mP 5.47380422137089E-03 year-5.48601554518334E-06 sumLPAP 1.29809696191975E+00 harm
KEEPDBG accept 4 cc 6.20800829054522E-01 sumModel-2.07767904932955E+02 sumForcing 3.27918934732679E+02 sumM 5.16332054444777E-02 trend-4.25551047989213E-02 aero 0.00000000000000E+00 level 4.55274714117617E+02 k0-3.17748207102484E+03 init-1.62252110652551E+00 IR-5.12927840121358E-01 impC 3.00369958819266E-02 mP 5.36959968347591E-03 year-5.48601554518334E-06 sumLPAP 1.29809696191975E+00 harm
KEEPDBG accept 8 cc 6.59400523321085E-01 sumModel-2.52012803733680E+02 sumForcing 7.40920609140725E+01 sumM-9.18532928301351E-03 trend-6.96790646618594E-02 aero 0.00000000000000E+00 level 1.19373268603951E+03 k0-1.82977855367465E+03 init-1.58258216555670E+00 IR-4.55932459514222E-01 impC 3.10934602250477E-02 mP 5.51545090919402E-03 year-5.48601554518334E-06 sumLPAP 1.29809696191975E+00 harm
KEEPDBG accept 10 cc 6.22346317272818E-01 sumModel-2.00684422767560E+02 sumForcing 4.95749933157491E+02 sumM 4.92943530903924E-02 trend-3.93349123488557E-02 aero 0.00000000000000E+00 level 1.80252722109851E+02 k0-5.90708065784587E+02 init-1.47179626412560E+00 IR-5.31416349353148E-01 impC 3.19458107210351E-02 mP 5.62618375673825E-03 year-5.48601554518334E-06 sumLPAP 1.29809696191975E+00 harm
KEEPDBG accept 5 cc 6.20962954787701E-01 sumModel-2.06422642657247E+02 sumForcing-2.07975536555768E+02 sumM 5.19374208299004E-02 trend-4.12822866751702E-02 aero 0.00000000000000E+00 level 1.05258017301421E+03 k0 1.29109540906607E+04 init-1.62201529383569E+00 IR-5.17443371775408E-01 impC 3.05592868942365E-02 mP 5.51699234124754E-03 year-5.48601554518334E-06 sumLPAP 1.29809696191975E+00 harm
KEEPDBG accept 5 cc 6.20972877192274E-01 sumModel-2.06430819166997E+02 sumForcing-2.07344463071360E+02 sumM 5.19374208299004E-02 trend-4.11617950074532E-02 aero 0.00000000000000E+00 level 1.04292475033080E+03 k0 1.28215878236880E+04 init-1.60624516489176E+00 IR-5.17443371775408E-01 impC 3.05592868942365E-02 mP 5.51699234124754E-03 year-5.48601554518334E-06 sumLPAP 1.29809696191975E+00 harm
KEEPDBG accept 9 cc 6.65269220568009E-01 sumModel-2.37526398459873E+02 sumForcing-2.81330051244192E+02 sumM-3.43417662229834E-02 trend-6.65185556729808E-02 aero 0.00000000000000E+00 level 1.34250085123888E+02 k0 4.88155316898585E+00 init-1.65150020254909E+00 IR-5.07988022446534E-01 impC 9.92402259298729E-03 mP 5.51748174162856E-03 year-5.48601554518334E-06 sumLPAP 1.29809696191975E+00 harm
KEEPDBG accept 11 cc 6.47782572677405E-01 sumModel-2.44140728251766E+02 sumForcing 4.42793592999558E+02 sumM 5.26931245260981E-02 trend-6.07514107466614E-02 aero 0.00000000000000E+00 level 4.84360049379017E+02 k0-4.82383621921369E+02 init-1.61659787875364E+00 IR-5.00988882338678E-01 impC-2.36049256753988E-04 mP 5.52241810649460E-03 year-5.48601554518334E-06 sumLPAP 1.29809696191975E+00 harm
KEEPDBG accept 4 cc 6.20804008934345E-01 sumModel-2.07770069222143E+02 sumForcing 3.27894665908975E+02 sumM 5.16332054444777E-02 trend-4.25480759995537E-02 aero 0.00000000000000E+00 level 4.55196666627610E+02 k0-3.17741728943101E+03 init-1.62252110652551E+00 IR-5.12927840121358E-01 impC 3.00369958819266E-02 mP 5.36959968347591E-03 year-5.48601554518334E-06 sumLPAP 1.29809696191975E+00 harm
KEEPDBG accept 1 cc 6.48275952475663E-01 sumModel-2.32592210551756E+02 sumForcing 6.77381551316507E+02 sumM 5.03607320663367E-02 trend-5.86318379587550E-02 aero 0.00000000000000E+00 level 1.06430434139392E+02 k0 7.42858765810176E+02 init-1.66243980244240E+00 IR-5.08297455233250E-01 impC 3.11127468748810E-02 mP 5.52114586553665E-03 year-5.48601554518334E-06 sumLPAP 1.29809696191975E+00 harm
KEEPDBG accept 5 cc 6.46430394080982E-01 sumModel-2.31180979554360E+02 sumForcing-3.64743819260580E+02 sumM 5.19374208299004E-02 trend-6.02811397155541E-02 aero 0.00000000000000E+00 level-4.28604285240413E+02 k0-7.38782074184430E+03 init-1.60624516489176E+00 IR-5.17443371775408E-01 impC 3.05592868942365E-02 mP 5.51699234124754E-03 year-5.48601554518334E-06 sumLPAP 1.29809696191975E+00 harm
KEEPDBG accept 10 cc 6.22346926915475E-01 sumModel-2.00680739797239E+02 sumForcing 4.95652862560944E+02 sumM 4.92943530903924E-02 trend-3.93309380904150E-02 aero 0.00000000000000E+00 level 1.80197147213520E+02 k0-5.90575655993822E+02 init-1.47179626412560E+00 IR-5.31416349353148E-01 impC 3.19458107210351E-02 mP 5.62618375673825E-03 year-5.48601554518334E-06 sumLPAP 1.29809696191975E+00 harm
KEEPDBG accept 11 cc 6.48267091349045E-01 sumModel-2.44182841651816E+02 sumForcing 4.47209714515280E+02 sumM 5.26931245260981E-02 trend-6.04869091565721E-02 aero 0.00000000000000E+00 level 4.87069427210673E+02 k0-4.88183104624409E+02 init-1.61659787875364E+00 IR-5.00988882338678E-01 impC-2.36049256753988E-04 mP 5.62873253680427E-03 year-5.48601554518334E-06 sumLPAP 1.29809696191975E+00 harm
KEEPDBG accept 8 cc 6.59649893729674E-01 sumModel-2.51927830478324E+02 sumForcing 1.08100616023555E+02 sumM-8.92094649266134E-03 trend-6.94950453835460E-02 aero 0.00000000000000E+00 level 1.18150202980725E+03 k0-1.67810912768327E+03 init-1.58258216555670E+00 IR-4.55932459514222E-01 impC 3.10934602250477E-02 mP 5.51545090919402E-03 year-5.48601554518334E-06 sumLPAP 1.29809696191975E+00 harm
KEEPDBG accept 1 cc 6.48276650590850E-01 sumModel-2.32592282261790E+02 sumForcing 6.75365468329224E+02 sumM 5.03607320663367E-02 trend-5.86320645619707E-02 aero 0.00000000000000E+00 level 1.06391912887897E+02 k0 7.49555195681935E+02 init-1.66243980244240E+00 IR-5.08297455233250E-01 impC 3.11127468748810E-02 mP 5.52114586553665E-03 year-5.48601554518334E-06 sumLPAP 1.29809696191975E+00 harm
KEEPDBG accept 10 cc 6.22347312205900E-01 sumModel-2.00681536094087E+02 sumForcing 4.95652862560944E+02 sumM 5.02190505105349E-02 trend-3.93312299178097E-02 aero 0.00000000000000E+00 level 1.97711608263449E+02 k0-6.88307801812281E+02 init-1.47179626412560E+00 IR-5.31416349353148E-01 impC 3.19458107210351E-02 mP 5.62618375673825E-03 year-5.48601554518334E-06 sumLPAP 1.29809696191975E+00 harm
KEEPDBG accept 8 cc 6.59649915242239E-01 sumModel-2.51932322138114E+02 sumForcing 1.08100616023555E+02 sumM-8.92094649266134E-03 trend-6.94950453835460E-02 aero 0.00000000000000E+00 level 1.18150202980725E+03 k0-1.67810912768327E+03 init-1.58258216555670E+00 IR-4.55932459514222E-01 impC 3.10718389306442E-02 mP 5.51545090919402E-03 year-5.48601554518334E-06 sumLPAP 1.29809696191975E+00 harm
KEEPDBG accept 8 cc 6.60645971302662E-01 sumModel-2.50960509240067E+02 sumForcing 2.67935487988436E+02 sumM-7.63178323578062E-03 trend-6.83263591355252E-02 aero 0.00000000000000E+00 level 1.08603376398443E+03 k0-1.09381950099637E+03 init-1.58258216555670E+00 IR-4.55932459514222E-01 impC 3.10718389306442E-02 mP 5.51545090919402E-03 year-5.48601554518334E-06 sumLPAP 1.29809696191975E+00 harm
KEEPDBG accept 8 cc 6.60645973195525E-01 sumModel-2.50960507115792E+02 sumForcing 2.67924526982512E+02 sumM-7.63178323578062E-03 trend-6.83263644564939E-02 aero 0.00000000000000E+00 level 1.08602464668098E+03 k0-1.09381851857245E+03 init-1.58258216555670E+00 IR-4.55932459514222E-01 impC 3.10718389306442E-02 mP 5.51545090919402E-03 year-5.48601554518334E-06 sumLPAP 1.29809696191975E+00 harm
KEEPDBG accept 8 cc 6.61311571547991E-01 sumModel-2.49560157194150E+02 sumForcing 4.15823580511008E+02 sumM-6.34048970337429E-03 trend-6.70933375989339E-02 aero 0.00000000000000E+00 level 9.53494946071464E+02 k0-6.63994692190443E+02 init-1.58258216555670E+00 IR-4.55932459514222E-01 impC 3.10718389306442E-02 mP 5.51545090919402E-03 year-5.48601554518334E-06 sumLPAP 1.29809696191975E+00 harm
KEEPDBG accept 10 cc 6.22347858933802E-01 sumModel-2.00682666694131E+02 sumForcing 4.95652862560944E+02 sumM 5.16759763518430E-02 trend-3.93316442904508E-02 aero 0.00000000000000E+00 level 2.35606311207119E+02 k0-8.99765688654984E+02 init-1.47179626412560E+00 IR-5.31416349353148E-01 impC 3.19458107210351E-02 mP 5.62618375673825E-03 year-5.48601554518334E-06 sumLPAP 1.29809696191975E+00 harm
KEEPDBG accept 8 cc 6.61313413438269E-01 sumModel-2.49644616349374E+02 sumForcing 4.10248621600868E+02 sumM-6.34048970337429E-03 trend-6.71384611474576E-02 aero 0.00000000000000E+00 level 9.60054855607440E+02 k0-6.84777510341227E+02 init-1.55128521825558E+00 IR-4.55932459514222E-01 impC 3.10718389306442E-02 mP 5.51545090919402E-03 year-5.48601554518334E-06 sumLPAP 1.29809696191975E+00 harm
KEEPDBG accept 9 cc 6.65269220568144E-01 sumModel-2.37526398463198E+02 sumForcing-2.81330051244623E+02 sumM-3.43417662229834E-02 trend-6.65185556734370E-02 aero 0.00000000000000E+00 level 1.34250085124680E+02 k0 4.88155316779548E+00 init-1.65150020254909E+00 IR-5.07988022446534E-01 impC 9.92402259298729E-03 mP 5.51748174162856E-03 year-5.48601554518334E-06 sumLPAP 1.29809696191975E+00 harm
KEEPDBG accept 1 cc 6.48385669879351E-01 sumModel-2.32787008700392E+02 sumForcing 6.76566109820140E+02 sumM 5.03607320663367E-02 trend-5.87679064454045E-02 aero 0.00000000000000E+00 level 1.00506317036295E+02 k0 7.58439843577307E+02 init-1.66243980244240E+00 IR-5.08297455233250E-01 impC 3.11127468748810E-02 mP 5.52114586553665E-03 year-5.48601554518334E-06 sumLPAP 1.29809696191975E+00 harm
KEEPDBG accept 15 cc 6.21865578805116E-01 sumModel-2.00553488632171E+02 sumForcing 1.97800912659969E+02 sumM 4.86164528421725E-02 trend-3.97573004981236E-02 aero 0.00000000000000E+00 level 6.54761203762796E+02 k0-8.17563500014149E+03 init-1.58447521335943E+00 IR-5.31128948517388E-01 impC 3.18343706203035E-02 mP 5.50454769143525E-03 year-5.48601554518334E-06 sumLPAP 1.29809696191975E+00 harm
KEEPDBG accept 9 cc 6.65269220576323E-01 sumModel-2.37526398419688E+02 sumForcing-2.81329293537742E+02 sumM-3.43417662229834E-02 trend-6.65185559198532E-02 aero 0.00000000000000E+00 level 1.34250129213868E+02 k0 4.88158957575068E+00 init-1.65150020254909E+00 IR-5.07988022446534E-01 impC 9.92402259298729E-03 mP 5.51748174162856E-03 year-5.48601554518334E-06 sumLPAP 1.29809696191975E+00 harm
KEEPDBG accept 4 cc 6.20925812158249E-01 sumModel-2.07868301194679E+02 sumForcing 3.19702195078284E+02 sumM 5.16332054444777E-02 trend-4.11772762836033E-02 aero 0.00000000000000E+00 level 4.55846250355912E+02 k0-3.23870088320825E+03 init-1.62252110652551E+00 IR-5.12927840121358E-01 impC 3.00369958819266E-02 mP 5.36959968347591E-03 year-5.48601554518334E-06 sumLPAP 1.29809696191975E+00 harm
KEEPDBG accept 15 cc 6.21881771274485E-01 sumModel-2.00558284178482E+02 sumForcing 1.97982011547781E+02 sumM 4.86164528421725E-02 trend-3.97737132313453E-02 aero 0.00000000000000E+00 level 6.56056261639586E+02 k0-8.18744422590764E+03 init-1.58447521335943E+00 IR-5.31128948517388E-01 impC 3.18343706203035E-02 mP 5.50454769143525E-03 year-5.48601554518334E-06 sumLPAP 1.29809696191975E+00 harm
KEEPDBG accept 7 cc 6.21473937028925E-01 sumModel-2.08887692453621E+02 sumForcing 2.28948565176686E+02 sumM 3.21464413390300E-02 trend-4.08652318390387E-02 aero 0.00000000000000E+00 level 1.69179800423624E+02 k0-1.08729187298496E+03 init-1.63257776063903E+00 IR-5.10350187884787E-01 impC 3.01620971431904E-02 mP 5.41012662868544E-03 year-5.48601554518334E-06 sumLPAP 1.29809696191975E+00 harm
KEEPDBG accept 9 cc 6.65269256725534E-01 sumModel-2.37526799812404E+02 sumForcing-2.81329293537742E+02 sumM-3.43417662229834E-02 trend-6.65186911646915E-02 aero 0.00000000000000E+00 level 1.34250394703282E+02 k0 4.88158828703812E+00 init-1.65150020254909E+00 IR-5.07986939138822E-01 impC 9.92402259298729E-03 mP 5.51748174162856E-03 year-5.48601554518334E-06 sumLPAP 1.29809696191975E+00 harm
KEEPDBG accept 10 cc 6.22351515587101E-01 sumModel-2.00683240717257E+02 sumForcing 5.73975852830436E+02 sumM 5.16759763518430E-02 trend-3.93279145877878E-02 aero 0.00000000000000E+00 level 1.94565154424687E+02 k0-5.79253064619518E+02 init-1.47179626412560E+00 IR-5.31416349353148E-01 impC 3.19458107210351E-02 mP 5.62618375673825E-03 year-5.48601554518334E-06 sumLPAP 1.29809696191975E+00 harm
KEEPDBG accept 11 cc 6.49370286696534E-01 sumModel-2.43147507642680E+02 sumForcing 4.55427622859620E+02 sumM 5.26931245260981E-02 trend-5.95654999678446E-02 aero 0.00000000000000E+00 level 4.86415141324261E+02 k0-5.48751350184145E+02 init-1.61659787875364E+00 IR-5.00988882338678E-01 impC-2.36049256753988E-04 mP 5.95165187813295E-03 year-5.48601554518334E-06 sumLPAP 1.29809696191975E+00 harm
KEEPDBG accept 15 cc 6.21884394996904E-01 sumModel-2.00559711964085E+02 sumForcing 1.97974636841279E+02 sumM 4.86164528421725E-02 trend-3.97707013500563E-02 aero 0.00000000000000E+00 level 6.56003335446002E+02 k0-8.18725838224392E+03 init-1.58447521335943E+00 IR-5.31128948517388E-01 impC 3.18343706203035E-02 mP 5.50454769143525E-03 year-5.48601554518334E-06 sumLPAP 1.29809696191975E+00 harm
KEEPDBG accept 15 cc 6.21887952101555E-01 sumModel-2.00561086039405E+02 sumForcing 2.61302890189919E+02 sumM 4.86164528421725E-02 trend-3.97659785265018E-02 aero 0.00000000000000E+00 level 4.08493029927768E+02 k0-3.55977874567524E+03 init-1.58447521335943E+00 IR-5.31128948517388E-01 impC 3.18343706203035E-02 mP 5.50454769143525E-03 year-5.48601554518334E-06 sumLPAP 1.29809696191975E+00 harm
KEEPDBG accept 11 cc 6.49563351410574E-01 sumModel-2.43355041137572E+02 sumForcing 4.57589313484742E+02 sumM 5.29520878232896E-02 trend-5.97578936264080E-02 aero 0.00000000000000E+00 level 4.88710455177363E+02 k0-5.38620460974905E+02 init-1.61659787875364E+00 IR-5.00988882338678E-01 impC-2.36049256753988E-04 mP 5.95165187813295E-03 year-5.48601554518334E-06 sumLPAP 1.29809696191975E+00 harm
KEEPDBG accept 8 cc 6.61456140509920E-01 sumModel-2.49528940349353E+02 sumForcing 3.24889481036540E+02 sumM-6.34048970337429E-03 trend-6.70960735362493E-02 aero 0.00000000000000E+00 level 8.63329939108693E+02 k0-6.22998101133791E+02 init-1.55128521825558E+00 IR-4.55932459514222E-01 impC 3.10718389306442E-02 mP 5.51545090919402E-03 year-5.48601554518334E-06 sumLPAP 1.29809696191975E+00 harm
KEEPDBG accept 1 cc 6.48658951168132E-01 sumModel-2.32701699093223E+02 sumForcing 7.41355565825470E+02 sumM 5.11445947822218E-02 trend-5.87903584902962E-02 aero 0.00000000000000E+00 level 9.21648673281390E+00 k0 9.87415807789391E+02 init-1.66243980244240E+00 IR-5.08297455233250E-01 impC 3.11127468748810E-02 mP 5.52114586553665E-03 year-5.48601554518334E-06 sumLPAP 1.29809696191975E+00 harm
KEEPDBG accept 9 cc 6.65269330944568E-01 sumModel-2.37526795983091E+02 sumForcing-2.81329620139690E+02 sumM-3.43417662229834E-02 trend-6.65186870074109E-02 aero 0.00000000000000E+00 level 1.34250386102606E+02 k0 4.88159368302835E+00 init-1.65150020254909E+00 IR-5.07986939138822E-01 impC 9.92402259298729E-03 mP 5.51748707072251E-03 year-5.48601554518334E-06 sumLPAP 1.29809696191975E+00 harm
KEEPDBG accept 9 cc 6.65269344618620E-01 sumModel-2.37526947817147E+02 sumForcing-2.81329620139690E+02 sumM-3.43417662229834E-02 trend-6.65187381662169E-02 aero 0.00000000000000E+00 level 1.34250486528777E+02 k0 4.88159319556314E+00 init-1.65150020254909E+00 IR-5.07986529357990E-01 impC 9.92402259298729E-03 mP 5.51748707072251E-03 year-5.48601554518334E-06 sumLPAP 1.29809696191975E+00 harm
KEEPDBG accept 3 cc 6.22520057686151E-01 sumModel-2.10053953909442E+02 sumForcing 1.60598572505937E+02 sumM 5.17181534343292E-02 trend-4.09431084333209E-02 aero 0.00000000000000E+00 level 1.59790313624207E+03 k0-2.57886045932129E+04 init-1.56388922219455E+00 IR-5.06958115508578E-01 impC 3.03456462560655E-02 mP 5.47380422137089E-03 year-5.48601554518334E-06 sumLPAP 1.29809696191975E+00 harm
KEEPDBG accept 4 cc 6.21055087525564E-01 sumModel-2.07872436050336E+02 sumForcing 3.20733642743343E+02 sumM 5.16332054444777E-02 trend-4.12382558009865E-02 aero 0.00000000000000E+00 level 4.58989043464662E+02 k0-3.25619017670760E+03 init-1.62252110652551E+00 IR-5.12927840121358E-01 impC 3.00369958819266E-02 mP 5.36959968347591E-03 year-5.48601554518334E-06 sumLPAP 1.29809696191975E+00 harm
KEEPDBG accept 15 cc 6.21931673767222E-01 sumModel-2.00629898108343E+02 sumForcing 2.62496550156664E+02 sumM 4.86164528421725E-02 trend-3.98293518215562E-02 aero 0.00000000000000E+00 level 4.12367588615892E+02 k0-3.58179597397628E+03 init-1.58447521335943E+00 IR-5.31128948517388E-01 impC 3.18343706203035E-02 mP 5.54002239091850E-03 year-5.48601554518334E-06 sumLPAP 1.29809696191975E+00 harm
KEEPDBG accept 5 cc 6.51179939246326E-01 sumModel-2.30120292479055E+02 sumForcing-3.72461667095918E+02 sumM 5.19374208299004E-02 trend-5.97711251910345E-02 aero 0.00000000000000E+00 level-1.98595663879812E+02 k0-6.29421016874611E+03 init-1.60624516489176E+00 IR-5.17443371775408E-01 impC 3.05592868942365E-02 mP 5.51699234124754E-03 year-5.48601554518334E-06 sumLPAP 1.29809696191975E+00 harm
KEEPDBG accept 11 cc 6.49563353216802E-01 sumModel-2.43354706388354E+02 sumForcing 4.57589313484742E+02 sumM 5.29520878232896E-02 trend-5.97578936264080E-02 aero 0.00000000000000E+00 level 4.88710455177363E+02 k0-5.38620460974905E+02 init-1.61659787875364E+00 IR-5.00988882338678E-01 impC-2.34474999271554E-04 mP 5.95165187813295E-03 year-5.48601554518334E-06 sumLPAP 1.29809696191975E+00 harm
KEEPDBG accept 10 cc 6.22353806308769E-01 sumModel-2.00683226788488E+02 sumForcing 6.43570347705105E+02 sumM 5.16759763518430E-02 trend-3.93252127777377E-02 aero 0.00000000000000E+00 level 1.69947701343113E+02 k0-4.10837829234153E+02 init-1.47179626412560E+00 IR-5.31416349353148E-01 impC 3.19458107210351E-02 mP 5.62618375673825E-03 year-5.48601554518334E-06 sumLPAP 1.29809696191975E+00 harm
KEEPDBG accept 7 cc 6.21762398321400E-01 sumModel-2.09022408091507E+02 sumForcing 2.28169832700189E+02 sumM 3.21464413390300E-02 trend-4.06749019655862E-02 aero 0.00000000000000E+00 level 1.68289046484812E+02 k0-1.08736275423211E+03 init-1.63257776063903E+00 IR-5.10350187884787E-01 impC 3.01620971431904E-02 mP 5.41012662868544E-03 year-5.48601554518334E-06 sumLPAP 1.29809696191975E+00 harm
KEEPDBG accept 9 cc 6.65269344619759E-01 sumModel-2.37526947809601E+02 sumForcing-2.81329620130975E+02 sumM-3.43417662229834E-02 trend-6.65187381648576E-02 aero 0.00000000000000E+00 level 1.34250486525909E+02 k0 4.88159319666450E+00 init-1.65150020254909E+00 IR-5.07986529357990E-01 impC 9.92402259298729E-03 mP 5.51748707072251E-03 year-5.48601554518334E-06 sumLPAP 1.29809696191975E+00 harm
KEEPDBG accept 3 cc 6.22551612764930E-01 sumModel-2.10130569203987E+02 sumForcing 1.61333455765888E+02 sumM 5.17181534343292E-02 trend-4.10619765174213E-02 aero 0.00000000000000E+00 level 1.61419283755947E+03 k0-2.59082457030842E+04 init-1.56388922219455E+00 IR-5.06958115508578E-01 impC 3.03456462560655E-02 mP 5.47380422137089E-03 year-5.48601554518334E-06 sumLPAP 1.29809696191975E+00 harm
KEEPDBG accept 8 cc 6.61466339454731E-01 sumModel-2.49527064210222E+02 sumForcing 3.13409561418015E+02 sumM-6.39694394916497E-03 trend-6.70991051704478E-02 aero 0.00000000000000E+00 level 8.53477359795952E+02 k0-6.18002849896376E+02 init-1.55128521825558E+00 IR-4.55932459514222E-01 impC 3.10718389306442E-02 mP 5.51545090919402E-03 year-5.48601554518334E-06 sumLPAP 1.29809696191975E+00 harm
KEEPDBG accept 6 cc 6.21649660043716E-01 sumModel-2.04694517178061E+02 sumForcing 1.81390344519734E+02 sumM 5.18441880480850E-02 trend-4.09517334971684E-02 aero 0.00000000000000E+00 level 1.31661373016467E+03 k0-1.90420215781117E+04 init-1.63964837386325E+00 IR-5.21105393036434E-01 impC 3.16136496370219E-02 mP 5.45471264263892E-03 year-5.48601554518334E-06 sumLPAP 1.29809696191975E+00 harm
KEEPDBG accept 8 cc 6.61466462426954E-01 sumModel-2.49527039101928E+02 sumForcing 3.21818311883895E+02 sumM-6.39694394916497E-03 trend-6.70991246793497E-02 aero 0.00000000000000E+00 level 8.15929310737011E+02 k0-5.70679457592307E+02 init-1.55128521825558E+00 IR-4.55932459514222E-01 impC 3.10718389306442E-02 mP 5.51545090919402E-03 year-5.48601554518334E-06 sumLPAP 1.29809696191975E+00 harm
KEEPDBG accept 9 cc 6.65269371362140E-01 sumModel-2.37526948571969E+02 sumForcing-2.81330044517797E+02 sumM-3.43417662229834E-02 trend-6.65187347576301E-02 aero 0.00000000000000E+00 level 1.34250480478846E+02 k0 4.88160622363500E+00 init-1.65150020254909E+00 IR-5.07986529357990E-01 impC 9.92402259298729E-03 mP 5.51748707072251E-03 year-5.48601554518334E-06 sumLPAP 1.29809696191975E+00 harm
KEEPDBG accept 15 cc 6.21931706598292E-01 sumModel-2.00629984847967E+02 sumForcing 2.62496550156664E+02 sumM 4.89730612769069E-02 trend-3.98293826597560E-02 aero 0.00000000000000E+00 level 4.31030938822924E+02 k0-3.78012714307679E+03 init-1.58447521335943E+00 IR-5.31128948517388E-01 impC 3.18343706203035E-02 mP 5.54002239091850E-03 year-5.48601554518334E-06 sumLPAP 1.29809696191975E+00 harm
KEEPDBG accept 3 cc 6.22555587356167E-01 sumModel-2.10132496166263E+02 sumForcing 1.65159012039986E+02 sumM 5.17181534343292E-02 trend-4.10595090380979E-02 aero 0.00000000000000E+00 level 1.54361487607620E+03 k0-2.41460278727437E+04 init-1.56388922219455E+00 IR-5.06958115508578E-01 impC 3.03456462560655E-02 mP 5.47380422137089E-03 year-5.48601554518334E-06 sumLPAP 1.29809696191975E+00 harm
KEEPDBG accept 8 cc 6.61788282662873E-01 sumModel-2.48612506024230E+02 sumForcing 3.58431047479884E+02 sumM-6.39694394916497E-03 trend-6.64678689852229E-02 aero 0.00000000000000E+00 level 7.99035889457401E+02 k0-4.99304326309279E+02 init-1.55128521825558E+00 IR-4.55932459514222E-01 impC 3.10718389306442E-02 mP 5.51545090919402E-03 year-5.48601554518334E-06 sumLPAP 1.29809696191975E+00 harm
KEEPDBG accept 15 cc 6.21932100473227E-01 sumModel-2.00630191266119E+02 sumForcing 2.62495174940719E+02 sumM 4.89730612769069E-02 trend-3.98289677733551E-02 aero 0.00000000000000E+00 level 4.31026306746195E+02 k0-3.78011467690843E+03 init-1.58447521335943E+00 IR-5.31128948517388E-01 impC 3.18343706203035E-02 mP 5.54002239091850E-03 year-5.48601554518334E-06 sumLPAP 1.29809696191975E+00 harm
KEEPDBG accept 6 cc 6.21652649544316E-01 sumModel-2.04701742079071E+02 sumForcing 2.13472741998914E+02 sumM 5.18441880480850E-02 trend-4.09388268292949E-02 aero 0.00000000000000E+00 level 9.71493755634557E+02 k0-1.16748459869764E+04 init-1.63964837386325E+00 IR-5.21105393036434E-01 impC 3.16136496370219E-02 mP 5.45471264263892E-03 year-5.48601554518334E-06 sumLPAP 1.29809696191975E+00 harm
KEEPDBG accept 7 cc 6.21762541064145E-01 sumModel-2.09027802211621E+02 sumForcing 2.28169832700189E+02 sumM 4.91270964512483E-02 trend-4.06770227555011E-02 aero 0.00000000000000E+00 level 5.82352879655954E+02 k0-6.01450343523163E+03 init-1.63257776063903E+00 IR-5.10350187884787E-01 impC 3.01620971431904E-02 mP 5.41012662868544E-03 year-5.48601554518334E-06 sumLPAP 1.29809696191975E+00 harm
KEEPDBG accept 11 cc 6.49947872059964E-01 sumModel-2.55563424154037E+02 sumForcing 4.57589313484742E+02 sumM 5.29520878232896E-02 trend-6.35652327422174E-02 aero 0.00000000000000E+00 level 5.12378818254761E+02 k0-5.27326139855052E+02 init-1.61659787875364E+00 IR-4.67683798562757E-01 impC-2.34474999271554E-04 mP 5.95165187813295E-03 year-5.48601554518334E-06 sumLPAP 1.29809696191975E+00 harm
KEEPDBG accept 6 cc 6.21656817810066E-01 sumModel-2.04713701520366E+02 sumForcing 2.13420521616424E+02 sumM 5.18441880480850E-02 trend-4.09186977379270E-02 aero 0.00000000000000E+00 level 9.70935560441324E+02 k0-1.16718232642622E+04 init-1.63964837386325E+00 IR-5.21105393036434E-01 impC 3.16136496370219E-02 mP 5.45471264263892E-03 year-5.48601554518334E-06 sumLPAP 1.29809696191975E+00 harm
KEEPDBG accept 9 cc 6.65269379645054E-01 sumModel-2.37526948805773E+02 sumForcing-2.81330175955635E+02 sumM-3.43417662229834E-02 trend-6.65187337031370E-02 aero 0.00000000000000E+00 level 1.34250478607235E+02 k0 4.88161025591321E+00 init-1.65150020254909E+00 IR-5.07986529357990E-01 impC 9.92402259298729E-03 mP 5.51748707072251E-03 year-5.48601554518334E-06 sumLPAP 1.29809696191975E+00 harm
KEEPDBG accept 7 cc 6.21796587315433E-01 sumModel-2.09050154119067E+02 sumForcing 2.07413404428271E+02 sumM 4.91270964512483E-02 trend-4.06493263065440E-02 aero 0.00000000000000E+00 level 6.87355528950030E+02 k0-7.99427782864190E+03 init-1.63257776063903E+00 IR-5.10350187884787E-01 impC 3.01620971431904E-02 mP 5.41012662868544E-03 year-5.48601554518334E-06 sumLPAP 1.29809696191975E+00 harm
KEEPDBG accept 14 cc 6.20677800692029E-01 sumModel-2.06233772946685E+02 sumForcing 1.85416191966938E+02 sumM 5.15074249361265E-02 trend-4.13172113184003E-02 aero 0.00000000000000E+00 level 1.21374258979403E+03 k0-1.67968357771420E+04 init-1.65088222450482E+00 IR-5.18162293613842E-01 impC 3.17775445966371E-02 mP 5.57494700060199E-03 year-5.48601554518334E-06 sumLPAP 1.29809696191975E+00 harm
KEEPDBG accept 5 cc 6.58462385626823E-01 sumModel-2.26202246438883E+02 sumForcing-3.89874995692593E+02 sumM 5.19374208299004E-02 trend-5.75914872943287E-02 aero 0.00000000000000E+00 level 9.10988583653638E+01 k0-5.97542623469674E+03 init-1.60624516489176E+00 IR-5.17443371775408E-01 impC 3.05592868942365E-02 mP 6.12836661770192E-03 year-5.48601554518334E-06 sumLPAP 1.29809696191975E+00 harm
KEEPDBG accept 11 cc 6.50255744450038E-01 sumModel-2.55898965242282E+02 sumForcing 4.52865703953845E+02 sumM 5.29520878232896E-02 trend-6.38701613749346E-02 aero 0.00000000000000E+00 level 5.17825748392718E+02 k0-5.25744467821365E+02 init-1.52282992638264E+00 IR-4.67683798562757E-01 impC-2.34474999271554E-04 mP 5.95165187813295E-03 year-5.48601554518334E-06 sumLPAP 1.29809696191975E+00 harm
KEEPDBG accept 10 cc 6.22353854024692E-01 sumModel-2.00683247084073E+02 sumForcing 6.43570039464001E+02 sumM 5.16759763518430E-02 trend-3.93251756405633E-02 aero 0.00000000000000E+00 level 1.69947539399588E+02 k0-4.10837651072174E+02 init-1.47179626412560E+00 IR-5.31416349353148E-01 impC 3.19458107210351E-02 mP 5.62618375673825E-03 year-5.48601554518334E-06 sumLPAP 1.29809696191975E+00 harm
KEEPDBG accept 9 cc 6.65269404048544E-01 sumModel-2.37527219778517E+02 sumForcing-2.81330175955635E+02 sumM-3.43417662229834E-02 trend-6.65188250042597E-02 aero 0.00000000000000E+00 level 1.34250657833899E+02 k0 4.88160938597525E+00 init-1.65150020254909E+00 IR-5.07985798038168E-01 impC 9.92402259298729E-03 mP 5.51748707072251E-03 year-5.48601554518334E-06 sumLPAP 1.29809696191975E+00 harm
KEEPDBG accept 11 cc 6.51689846340129E-01 sumModel-2.55971299996680E+02 sumForcing 4.66291513435817E+02 sumM 5.29520878232896E-02 trend-6.41193879839623E-02 aero 0.00000000000000E+00 level 5.12388072847693E+02 k0-4.72653368123175E+02 init-1.52282992638264E+00 IR-4.67683798562757E-01 impC-2.34474999271554E-04 mP 5.95165187813295E-03 year-5.48601554518334E-06 sumLPAP 1.29809696191975E+00 harm
KEEPDBG accept 2 cc 6.21297037107420E-01 sumModel-2.10038521574193E+02 sumForcing-1.80188930204494E+02 sumM 5.12387077320557E-02 trend-4.14757049325805E-02 aero 0.00000000000000E+00 level 1.20987890336886E+03 k0 1.71571298358321E+04 init-1.64183229112479E+00 IR-5.08438225504306E-01 impC 3.01465001650900E-02 mP 5.56226375831632E-03 year-5.48601554518334E-06 sumLPAP 1.29809696191975E+00 harm
KEEPDBG accept 5 cc 6.60017927729261E-01 sumModel-2.26293305163337E+02 sumForcing-8.07388329770358E+02 sumM 6.01129735238613E-02 trend-5.79441758109383E-02 aero 0.00000000000000E+00 level-4.63306433736418E+04 k0-1.15635205506089E+05 init-1.60624516489176E+00 IR-5.17443371775408E-01 impC 3.05592868942365E-02 mP 6.12836661770192E-03 year-5.48601554518334E-06 sumLPAP 1.29809696191975E+00 harm
KEEPDBG accept 3 cc 6.22555649080414E-01 sumModel-2.09770728729315E+02 sumForcing 1.65159012039986E+02 sumM 5.17181534343292E-02 trend-4.10595090380979E-02 aero 0.00000000000000E+00 level 1.54361487607620E+03 k0-2.41460278727437E+04 init-1.56388922219455E+00 IR-5.06958115508578E-01 impC 3.20283790075148E-02 mP 5.47380422137089E-03 year-5.48601554518334E-06 sumLPAP 1.29809696191975E+00 harm
KEEPDBG accept 12 cc 6.21178961400145E-01 sumModel-2.09050412999377E+02 sumForcing 1.08632614169303E+01 sumM 4.94120952202295E-02 trend-4.22573592914347E-02 aero 0.00000000000000E+00 level 2.27871018469839E+05 k0-5.44389515827111E+07 init-1.72683877491180E+00 IR-5.15395247820543E-01 impC 3.08195767839850E-02 mP 5.52485944481255E-03 year-5.48601554518334E-06 sumLPAP 1.29809696191975E+00 harm
KEEPDBG accept 9 cc 6.65269636602880E-01 sumModel-2.37527142291832E+02 sumForcing-2.81330871750544E+02 sumM-3.43417965892137E-02 trend-6.65187405630204E-02 aero 0.00000000000000E+00 level 1.34250475994039E+02 k0 4.88168101862177E+00 init-1.65150020254909E+00 IR-5.07985798038168E-01 impC 9.92402259298729E-03 mP 5.51748707072251E-03 year-5.48601554518334E-06 sumLPAP 1.29809696191975E+00 harm
KEEPDBG accept 8 cc 6.61898174759677E-01 sumModel-2.48601307918955E+02 sumForcing 3.57245230741488E+02 sumM-6.39694394916497E-03 trend-6.64577253694811E-02 aero 0.00000000000000E+00 level 8.01110001216090E+02 k0-5.03908605048485E+02 init-1.55128521825558E+00 IR-4.55932459514222E-01 impC 3.10718389306442E-02 mP 5.51545090919402E-03 year-5.48601554518334E-06 sumLPAP 1.29809696191975E+00 harm
KEEPDBG accept 4 cc 6.21083583350607E-01 sumModel-2.07886299797474E+02 sumForcing 3.20607905696500E+02 sumM 5.16332054444777E-02 trend-4.12118669584935E-02 aero 0.00000000000000E+00 level 4.58643373664574E+02 k0-3.25598805801307E+03 init-1.62252110652551E+00 IR-5.12927840121358E-01 impC 3.00369958819266E-02 mP 5.36959968347591E-03 year-5.48601554518334E-06 sumLPAP 1.29809696191975E+00 harm
KEEPDBG accept 3 cc 6.22601819453142E-01 sumModel-2.09794097718192E+02 sumForcing 1.65075574254437E+02 sumM 5.17181534343292E-02 trend-4.10301880226945E-02 aero 0.00000000000000E+00 level 1.54247951075984E+03 k0-2.41436274976216E+04 init-1.56388922219455E+00 IR-5.06958115508578E-01 impC 3.20283790075148E-02 mP 5.47380422137089E-03 year-5.48601554518334E-06 sumLPAP 1.29809696191975E+00 harm
KEEPDBG accept 9 cc 6.65269659885694E-01 sumModel-2.37527135777046E+02 sumForcing-2.81331024469332E+02 sumM-3.43417965892137E-02 trend-6.65187317696760E-02 aero 0.00000000000000E+00 level 1.34250457641065E+02 k0 4.88169094899831E+00 init-1.65150138979551E+00 IR-5.07985798038168E-01 impC 9.92402259298729E-03 mP 5.51748707072251E-03 year-5.48601554518334E-06 sumLPAP 1.29809696191975E+00 harm
KEEPDBG accept 1 cc 6.48661380288507E-01 sumModel-2.33503980057500E+02 sumForcing 7.41355565825470E+02 sumM 5.11445947822218E-02 trend-5.87903584902962E-02 aero 0.00000000000000E+00 level 9.21648673281390E+00 k0 9.87415807789391E+02 init-1.66243980244240E+00 IR-5.08297455233250E-01 impC 2.73842984530657E-02 mP 5.52114586553665E-03 year-5.48601554518334E-06 sumLPAP 1.29809696191975E+00 harm
KEEPDBG accept 9 cc 6.65269659885871E-01 sumModel-2.37527135766161E+02 sumForcing-2.81331024467215E+02 sumM-3.43417965892137E-02 trend-6.65187317692021E-02 aero 0.00000000000000E+00 level 1.34250457640117E+02 k0 4.88169094945081E+00 init-1.65150138979551E+00 IR-5.07985798038168E-01 impC 9.92402259298729E-03 mP 5.51748707072251E-03 year-5.48601554518334E-06 sumLPAP 1.29809696191975E+00 harm
KEEPDBG accept 8 cc 6.61898331280908E-01 sumModel-2.48601285854988E+02 sumForcing 3.57245230741488E+02 sumM-6.73886434085445E-03 trend-6.64577382938044E-02 aero 0.00000000000000E+00 level 7.60546790803980E+02 k0-4.73584096442893E+02 init-1.55128521825558E+00 IR-4.55932459514222E-01 impC 3.10718389306442E-02 mP 5.51545090919402E-03 year-5.48601554518334E-06 sumLPAP 1.29809696191975E+00 harm
KEEPDBG accept 1 cc 6.48681498735786E-01 sumModel-2.33493157353995E+02 sumForcing 7.41437812287811E+02 sumM 5.11445947822218E-02 trend-5.87857410799930E-02 aero 0.00000000000000E+00 level 9.43954179276315E+00 k0 9.87293305996629E+02 init-1.66243980244240E+00 IR-5.08297455233250E-01 impC 2.73842984530657E-02 mP 5.52114586553665E-03 year-5.48601554518334E-06 sumLPAP 1.29809696191975E+00 harm
KEEPDBG accept 1 cc 6.48864667011426E-01 sumModel-2.33345298468392E+02 sumForcing 7.42636459837316E+02 sumM 5.11445947822218E-02 trend-5.86981552306732E-02 aero 0.00000000000000E+00 level 1.33679597757777E+01 k0 9.82575644167003E+02 init-1.66243980244240E+00 IR-5.08297455233250E-01 impC 2.73842984530657E-02 mP 5.54081161519954E-03 year-5.48601554518334E-06 sumLPAP 1.29809696191975E+00 harm
KEEPDBG accept 8 cc 6.63610010014252E-01 sumModel-2.50210228055861E+02 sumForcing 3.07458474014320E+02 sumM-6.73886434085445E-03 trend-6.72773348255840E-02 aero 0.00000000000000E+00 level 8.13326971748731E+02 k0-6.29612638137295E+02 init-1.55128521825558E+00 IR-4.55932459514222E-01 impC 3.10718389306442E-02 mP 5.90948564466587E-03 year-5.48601554518334E-06 sumLPAP 1.29809696191975E+00 harm
KEEPDBG accept 6 cc 6.21659509419245E-01 sumModel-2.04723281846680E+02 sumForcing 2.13379323007657E+02 sumM 5.18441880480850E-02 trend-4.09028509238059E-02 aero 0.00000000000000E+00 level 9.70492018664824E+02 k0-1.16693830203447E+04 init-1.63964837386325E+00 IR-5.21105393036434E-01 impC 3.16136496370219E-02 mP 5.45471264263892E-03 year-5.48601554518334E-06 sumLPAP 1.29809696191975E+00 harm
KEEPDBG accept 2 cc 6.21300225184294E-01 sumModel-2.10147878137091E+02 sumForcing-1.79820833618366E+02 sumM 5.12387077320557E-02 trend-4.13500733813684E-02 aero 0.00000000000000E+00 level 1.20420673732796E+03 k0 1.71209977413007E+04 init-1.64183229112479E+00 IR-5.08438225504306E-01 impC 3.01465001650900E-02 mP 5.56226375831632E-03 year-5.48601554518334E-06 sumLPAP 1.29809696191975E+00 harm
KEEPDBG accept 12 cc 6.21179455684922E-01 sumModel-2.08653696579702E+02 sumForcing 1.08632614169303E+01 sumM 4.94120952202295E-02 trend-4.22573592914347E-02 aero 0.00000000000000E+00 level 2.27871018469839E+05 k0-5.44389515827111E+07 init-1.72683877491180E+00 IR-5.15395247820543E-01 impC 3.26546456133343E-02 mP 5.52485944481255E-03 year-5.48601554518334E-06 sumLPAP 1.29809696191975E+00 harm
KEEPDBG accept 15 cc 6.21936240847156E-01 sumModel-2.00628875025709E+02 sumForcing 5.03030794105557E+02 sumM 4.89730612769069E-02 trend-3.98212427688606E-02 aero 0.00000000000000E+00 level 1.72096360182067E+02 k0-5.36800246168694E+02 init-1.58447521335943E+00 IR-5.31128948517388E-01 impC 3.18343706203035E-02 mP 5.54002239091850E-03 year-5.48601554518334E-06 sumLPAP 1.29809696191975E+00 harm
KEEPDBG accept 8 cc 6.63647868290666E-01 sumModel-2.50183493921409E+02 sumForcing 2.84593907218343E+02 sumM-6.73886434085445E-03 trend-6.72724905336748E-02 aero 0.00000000000000E+00 level 7.91687446972462E+02 k0-6.15217324429563E+02 init-1.55128521825558E+00 IR-4.55932459514222E-01 impC 3.10718389306442E-02 mP 5.90948564466587E-03 year-5.48601554518334E-06 sumLPAP 1.29809696191975E+00 harm
KEEPDBG accept 5 cc 6.60950560942516E-01 sumModel-2.29955376643571E+02 sumForcing-7.93510603758935E+02 sumM 6.01129735238613E-02 trend-5.96393640213267E-02 aero 0.00000000000000E+00 level-4.47892582777057E+04 k0-1.09190705795346E+05 init-1.07028377200984E+00 IR-5.17443371775408E-01 impC 3.05592868942365E-02 mP 6.12836661770192E-03 year-5.48601554518334E-06 sumLPAP 1.29809696191975E+00 harm
KEEPDBG accept 1 cc 6.50288407093769E-01 sumModel-2.31507385684326E+02 sumForcing 7.57007721432531E+02 sumM 5.11445947822218E-02 trend-5.75046858745828E-02 aero 0.00000000000000E+00 level 5.10014032195241E+01 k0 9.64573105308274E+02 init-1.66243980244240E+00 IR-5.08297455233250E-01 impC 2.73842984530657E-02 mP 5.82301441740208E-03 year-5.48601554518334E-06 sumLPAP 1.29809696191975E+00 harm
KEEPDBG accept 6 cc 6.21660269212215E-01 sumModel-2.04726426830716E+02 sumForcing 2.51684440655212E+02 sumM 5.18441880480850E-02 trend-4.08972723840679E-02 aero 0.00000000000000E+00 level 7.19101282041728E+02 k0-7.10896554181817E+03 init-1.63964837386325E+00 IR-5.21105393036434E-01 impC 3.16136496370219E-02 mP 5.45471264263892E-03 year-5.48601554518334E-06 sumLPAP 1.29809696191975E+00 harm
KEEPDBG accept 11 cc 6.51734318314899E-01 sumModel-2.55989060845238E+02 sumForcing 4.67418557419379E+02 sumM 5.29520878232896E-02 trend-6.40959438720762E-02 aero 0.00000000000000E+00 level 5.12372036450673E+02 k0-4.70758507784778E+02 init-1.52282992638264E+00 IR-4.67683798562757E-01 impC-2.34474999271554E-04 mP 5.95165187813295E-03 year-5.48601554518334E-06 sumLPAP 1.29809696191975E+00 harm
KEEPDBG accept 9 cc 6.65269661469944E-01 sumModel-2.37527135323558E+02 sumForcing-2.81331034863722E+02 sumM-3.43417965892137E-02 trend-6.65187311713278E-02 aero 0.00000000000000E+00 level 1.34250456392748E+02 k0 4.88169162711560E+00 init-1.65150147061867E+00 IR-5.07985798038168E-01 impC 9.92402259298729E-03 mP 5.51748707072251E-03 year-5.48601554518334E-06 sumLPAP 1.29809696191975E+00 harm
KEEPDBG accept 3 cc 6.44493442822507E-01 sumModel-2.34054483773837E+02 sumForcing 3.12199221114528E+02 sumM 5.17181534343292E-02 trend-5.74482489985067E-02 aero 0.00000000000000E+00 level 9.33479275553977E+02 k0 2.25445313146007E+03 init-1.56388922219455E+00 IR-5.06958115508578E-01 impC 3.20283790075148E-02 mP 5.47380422137089E-03 year-5.48601554518334E-06 sumLPAP 1.29809696191975E+00 harm
KEEPDBG accept 11 cc 6.54546508193277E-01 sumModel-2.56212608012030E+02 sumForcing 4.96660474918455E+02 sumM 5.29520878232896E-02 trend-6.46083201901752E-02 aero 0.00000000000000E+00 level 5.01592480510008E+02 k0-3.61425707867785E+02 init-1.52282992638264E+00 IR-4.67683798562757E-01 impC-2.34474999271554E-04 mP 5.95165187813295E-03 year-5.48601554518334E-06 sumLPAP 1.29809696191975E+00 harm
KEEPDBG accept 11 cc 6.55001329573410E-01 sumModel-2.67255299496247E+02 sumForcing 4.96660474918455E+02 sumM 5.29520878232896E-02 trend-6.83333590470959E-02 aero 0.00000000000000E+00 level 5.23129466013883E+02 k0-3.32475066501042E+02 init-1.52282992638264E+00 IR-4.35893588288188E-01 impC-2.34474999271554E-04 mP 5.95165187813295E-03 year-5.48601554518334E-06 sumLPAP 1.29809696191975E+00 harm
KEEPDBG accept 3 cc 6.44557900578147E-01 sumModel-2.34060289577411E+02 sumForcing 3.12210897218187E+02 sumM 5.17181534343292E-02 trend-5.74679113094737E-02 aero 0.00000000000000E+00 level 9.29449174851419E+02 k0 2.27369580089721E+03 init-1.56388922219455E+00 IR-5.06958115508578E-01 impC 3.20283790075148E-02 mP 5.47380422137089E-03 year-5.48601554518334E-06 sumLPAP 1.29809696191975E+00 harm
KEEPDBG accept 2 cc 6.21300248390837E-01 sumModel-2.09828609043737E+02 sumForcing-1.79820833618366E+02 sumM 5.12387077320557E-02 trend-4.13500733813684E-02 aero 0.00000000000000E+00 level 1.20420673732796E+03 k0 1.71209977413007E+04 init-1.64183229112479E+00 IR-5.08438225504306E-01 impC 3.16301048224716E-02 mP 5.56226375831632E-03 year-5.48601554518334E-06 sumLPAP 1.29809696191975E+00 harm
KEEPDBG accept 11 cc 6.56081220393783E-01 sumModel-3.02977786544765E+02 sumForcing 4.96660474918455E+02 sumM 5.29520878232896E-02 trend-8.29406501272194E-02 aero 0.00000000000000E+00 level 6.07584159864663E+02 k0-2.18948614390467E+02 init-1.52282992638264E+00 IR-3.11232108820341E-01 impC-2.34474999271554E-04 mP 5.95165187813295E-03 year-5.48601554518334E-06 sumLPAP 1.29809696191975E+00 harm
KEEPDBG accept 14 cc 6.20747553761388E-01 sumModel-2.06248491978237E+02 sumForcing 1.81635178829961E+02 sumM 5.15074249361265E-02 trend-4.02480815170021E-02 aero 0.00000000000000E+00 level 1.22055437534340E+03 k0-1.70707562427874E+04 init-1.65088222450482E+00 IR-5.18162293613842E-01 impC 3.17775445966371E-02 mP 5.57494700060199E-03 year-5.48601554518334E-06 sumLPAP 1.29809696191975E+00 harm
KEEPDBG accept 9 cc 6.65269668157339E-01 sumModel-2.37527134973563E+02 sumForcing-2.81331064289375E+02 sumM-3.43417965892137E-02 trend-6.65187307966882E-02 aero 0.00000000000000E+00 level 1.34250455617352E+02 k0 4.88169211183038E+00 init-1.65150147061867E+00 IR-5.07985798038168E-01 impC 9.92402259298729E-03 mP 5.51748755085565E-03 year-5.48601554518334E-06 sumLPAP 1.29809696191975E+00 harm
KEEPDBG accept 3 cc 6.47973064688727E-01 sumModel-2.37394553537712E+02 sumForcing 2.87668528091874E+02 sumM 5.17181534343292E-02 trend-5.94240774860693E-02 aero 0.00000000000000E+00 level 5.84856398145239E+02 k0 2.95353793087277E+03 init-1.35117482617867E+00 IR-5.06958115508578E-01 impC 3.20283790075148E-02 mP 5.47380422137089E-03 year-5.48601554518334E-06 sumLPAP 1.29809696191975E+00 harm
KEEPDBG accept 5 cc 6.61059439269563E-01 sumModel-2.30006356717937E+02 sumForcing-7.93338010250296E+02 sumM 6.01129735238613E-02 trend-5.97455231334655E-02 aero 0.00000000000000E+00 level-4.44203303546991E+04 k0-1.08297540080233E+05 init-1.07028377200984E+00 IR-5.17443371775408E-01 impC 3.05592868942365E-02 mP 6.12836661770192E-03 year-5.48601554518334E-06 sumLPAP 1.29809696191975E+00 harm
KEEPDBG accept 9 cc 6.65269668157671E-01 sumModel-2.37527134983910E+02 sumForcing-2.81331064288725E+02 sumM-3.43417965892137E-02 trend-6.65187307961699E-02 aero 0.00000000000000E+00 level 1.34250455616169E+02 k0 4.88169211170923E+00 init-1.65150147061867E+00 IR-5.07985798038168E-01 impC 9.92402259298729E-03 mP 5.51748755085565E-03 year-5.48601554518334E-06 sumLPAP 1.29809696191975E+00 harm
KEEPDBG accept 11 cc 6.56102065016506E-01 sumModel-3.03095492635505E+02 sumForcing 5.01994132005973E+02 sumM 5.29520878232896E-02 trend-8.26904040803229E-02 aero 0.00000000000000E+00 level 6.08023666175775E+02 k0-2.14069518882586E+02 init-1.52282992638264E+00 IR-3.11232108820341E-01 impC-2.34474999271554E-04 mP 5.95165187813295E-03 year-5.48601554518334E-06 sumLPAP 1.29809696191975E+00 harm
KEEPDBG accept 6 cc 6.21660573882903E-01 sumModel-2.04727778124521E+02 sumForcing 2.51677592494499E+02 sumM 5.18441880480850E-02 trend-4.08950396954444E-02 aero 0.00000000000000E+00 level 7.19055037580545E+02 k0-7.10875661139199E+03 init-1.63964837386325E+00 IR-5.21105393036434E-01 impC 3.16136496370219E-02 mP 5.45471264263892E-03 year-5.48601554518334E-06 sumLPAP 1.29809696191975E+00 harm
KEEPDBG accept 8 cc 6.63650128070900E-01 sumModel-2.50666383496073E+02 sumForcing 2.84593907218343E+02 sumM-6.73886434085445E-03 trend-6.72724905336748E-02 aero 0.00000000000000E+00 level 7.91687446972462E+02 k0-6.15217324429563E+02 init-1.55128521825558E+00 IR-4.55932459514222E-01 impC 2.87473757822397E-02 mP 5.90948564466587E-03 year-5.48601554518334E-06 sumLPAP 1.29809696191975E+00 harm
KEEPDBG accept 5 cc 6.68818255477249E-01 sumModel-2.24870400040353E+02 sumForcing-8.01536614138300E+02 sumM 6.01129735238613E-02 trend-5.88973301932250E-02 aero 0.00000000000000E+00 level-5.69001776152351E+04 k0-1.41683075182896E+05 init-1.07028377200984E+00 IR-5.17443371775408E-01 impC 3.05592868942365E-02 mP 6.12836661770192E-03 year-5.48601554518334E-06 sumLPAP 1.29809696191975E+00 harm
KEEPDBG accept 6 cc 6.21734031197913E-01 sumModel-2.05108931118332E+02 sumForcing 2.38406710706761E+02 sumM 5.18441880480850E-02 trend-3.82301471162907E-02 aero 0.00000000000000E+00 level 7.25430932977170E+02 k0-7.40372571859830E+03 init-1.63964837386325E+00 IR-5.21105393036434E-01 impC 3.16136496370219E-02 mP 5.45471264263892E-03 year-5.48601554518334E-06 sumLPAP 1.29809696191975E+00 harm
KEEPDBG accept 10 cc 6.22747331637621E-01 sumModel-2.01068292900616E+02 sumForcing-2.64982325336661E+01 sumM 5.16759763518430E-02 trend-3.89094610509515E-02 aero 0.00000000000000E+00 level 5.49947397813022E+04 k0 5.71528502373959E+06 init-1.47179626412560E+00 IR-5.31416349353148E-01 impC 3.19458107210351E-02 mP 5.62618375673825E-03 year-5.48601554518334E-06 sumLPAP 1.29809696191975E+00 harm
KEEPDBG accept 14 cc 6.20747553993503E-01 sumModel-2.05962730774429E+02 sumForcing 1.81635178829961E+02 sumM 5.15074249361265E-02 trend-4.02480815170021E-02 aero 0.00000000000000E+00 level 1.22055437534340E+03 k0-1.70707562427874E+04 init-1.65088222450482E+00 IR-5.18162293613842E-01 impC 3.30969760443724E-02 mP 5.57494700060199E-03 year-5.48601554518334E-06 sumLPAP 1.29809696191975E+00 harm
KEEPDBG accept 11 cc 6.56102309189862E-01 sumModel-3.03096086680132E+02 sumForcing 4.45135456155097E+02 sumM 5.29520878232896E-02 trend-8.26902960693532E-02 aero 0.00000000000000E+00 level 7.30665749151915E+02 k0-3.06737808000736E+02 init-1.52282992638264E+00 IR-3.11232108820341E-01 impC-2.34474999271554E-04 mP 5.95165187813295E-03 year-5.48601554518334E-06 sumLPAP 1.29809696191975E+00 harm
KEEPDBG accept 4 cc 6.21083613046312E-01 sumModel-2.07686537135109E+02 sumForcing 3.20607905696500E+02 sumM 5.16332054444777E-02 trend-4.12118669584935E-02 aero 0.00000000000000E+00 level 4.58643373664574E+02 k0-3.25598805801307E+03 init-1.62252110652551E+00 IR-5.12927840121358E-01 impC 3.09625267975100E-02 mP 5.36959968347591E-03 year-5.48601554518334E-06 sumLPAP 1.29809696191975E+00 harm
KEEPDBG accept 11 cc 6.56669769825159E-01 sumModel-3.03216409388313E+02 sumForcing 4.50010980229865E+02 sumM 5.29520878232896E-02 trend-8.27999401649739E-02 aero 0.00000000000000E+00 level 7.27224424262812E+02 k0-2.65714168525224E+02 init-1.52282992638264E+00 IR-3.11232108820341E-01 impC-2.34474999271554E-04 mP 5.95165187813295E-03 year-5.48601554518334E-06 sumLPAP 1.29809696191975E+00 harm
KEEPDBG accept 1 cc 6.50292060785620E-01 sumModel-2.31508161777622E+02 sumForcing 7.45111078585906E+02 sumM 5.11445947822218E-02 trend-5.75059395095139E-02 aero 0.00000000000000E+00 level 4.90839389167570E+01 k0 1.01158288415488E+03 init-1.66243980244240E+00 IR-5.08297455233250E-01 impC 2.73842984530657E-02 mP 5.82301441740208E-03 year-5.48601554518334E-06 sumLPAP 1.29809696191975E+00 harm
KEEPDBG accept 3 cc 6.49866511021871E-01 sumModel-2.32605734789144E+02 sumForcing 3.10886223711076E+02 sumM 5.17181534343292E-02 trend-5.68978082426188E-02 aero 0.00000000000000E+00 level 8.15252717866902E+02 k0 4.20182580714455E+03 init-1.35117482617867E+00 IR-5.06958115508578E-01 impC 3.20283790075148E-02 mP 6.00916970075535E-03 year-5.48601554518334E-06 sumLPAP 1.29809696191975E+00 harm
KEEPDBG accept 14 cc 6.20747666999098E-01 sumModel-2.05962895742473E+02 sumForcing 1.66283917580454E+02 sumM 5.15074249361265E-02 trend-4.02479914972136E-02 aero 0.00000000000000E+00 level 1.44161504456529E+03 k0-2.22485391972795E+04 init-1.65088222450482E+00 IR-5.18162293613842E-01 impC 3.30969760443724E-02 mP 5.57494700060199E-03 year-5.48601554518334E-06 sumLPAP 1.29809696191975E+00 harm
KEEPDBG accept 5 cc 6.68819366172611E-01 sumModel-2.24875224005873E+02 sumForcing-8.01536613279963E+02 sumM 6.01129735238613E-02 trend-5.88981143843486E-02 aero 0.00000000000000E+00 level-5.69158411822511E+04 k0-1.41719931689170E+05 init-1.07028375227120E+00 IR-5.17443371775408E-01 impC 3.05592868942365E-02 mP 6.12836661770192E-03 year-5.48601554518334E-06 sumLPAP 1.29809696191975E+00 harm
KEEPDBG accept 11 cc 6.56669770147377E-01 sumModel-3.03216437198126E+02 sumForcing 4.50010867203702E+02 sumM 5.29520878232896E-02 trend-8.27999305450461E-02 aero 0.00000000000000E+00 level 7.27224845461819E+02 k0-2.65715157689137E+02 init-1.52282992638264E+00 IR-3.11232108820341E-01 impC-2.34474999271554E-04 mP 5.95165187813295E-03 year-5.48601554518334E-06 sumLPAP 1.29809696191975E+00 harm
KEEPDBG accept 5 cc 6.68824088764854E-01 sumModel-2.24841742865317E+02 sumForcing-8.01536590187738E+02 sumM 6.01129735238613E-02 trend-5.88999655125935E-02 aero 0.00000000000000E+00 level-5.69548303185577E+04 k0-1.41813910404509E+05 init-1.07028375227120E+00 IR-5.17443371775408E-01 impC 3.05592868942365E-02 mP 6.12836661770192E-03 year-5.48601554518334E-06 sumLPAP 1.29809696191975E+00 harm
KEEPDBG accept 8 cc 6.63650293972930E-01 sumModel-2.50666342881987E+02 sumForcing 2.84593907218343E+02 sumM-7.10218287362006E-03 trend-6.72725075908113E-02 aero 0.00000000000000E+00 level 7.50637477386544E+02 k0-5.77140648317826E+02 init-1.55128521825558E+00 IR-4.55932459514222E-01 impC 2.87473757822397E-02 mP 5.90948564466587E-03 year-5.48601554518334E-06 sumLPAP 1.29809696191975E+00 harm
KEEPDBG accept 1 cc 6.50317068825730E-01 sumModel-2.40000249603735E+02 sumForcing 7.45111078585906E+02 sumM 5.11445947822218E-02 trend-6.01781029054988E-02 aero 0.00000000000000E+00 level 6.20689404768908E+01 k0 1.05039451670627E+03 init-1.66243980244240E+00 IR-4.85045834151474E-01 impC 2.73842984530657E-02 mP 5.82301441740208E-03 year-5.48601554518334E-06 sumLPAP 1.29809696191975E+00 harm
KEEPDBG accept 8 cc 6.63650591335162E-01 sumModel-2.50666264015254E+02 sumForcing 2.99152848864337E+02 sumM-7.10218287362006E-03 trend-6.72725474348815E-02 aero 0.00000000000000E+00 level 6.91309203116636E+02 k0-4.96667692531221E+02 init-1.55128521825558E+00 IR-4.55932459514222E-01 impC 2.87473757822397E-02 mP 5.90948564466587E-03 year-5.48601554518334E-06 sumLPAP 1.29809696191975E+00 harm
KEEPDBG accept 8 cc 6.63651480202604E-01 sumModel-2.50866946886482E+02 sumForcing 2.99152848864337E+02 sumM-7.10218287362006E-03 trend-6.72725474348815E-02 aero 0.00000000000000E+00 level 6.91309203116636E+02 k0-4.96667692531221E+02 init-1.55128521825558E+00 IR-4.55932459514222E-01 impC 2.77813579529954E-02 mP 5.90948564466587E-03 year-5.48601554518334E-06 sumLPAP 1.29809696191975E+00 harm
KEEPDBG accept 15 cc 6.21936592058658E-01 sumModel-2.00629796981693E+02 sumForcing 5.03030794105557E+02 sumM 5.00261849262246E-02 trend-3.98215675562258E-02 aero 0.00000000000000E+00 level 1.89833186824156E+02 k0-6.35157952933417E+02 init-1.58447521335943E+00 IR-5.31128948517388E-01 impC 3.18343706203035E-02 mP 5.54002239091850E-03 year-5.48601554518334E-06 sumLPAP 1.29809696191975E+00 harm
KEEPDBG accept 11 cc 6.60418056618101E-01 sumModel-3.03865281380301E+02 sumForcing 4.83490162332470E+02 sumM 5.29520878232896E-02 trend-8.34520427741640E-02 aero 0.00000000000000E+00 level 7.04427162818504E+02 k0-4.66452876980182E+00 init-1.52282992638264E+00 IR-3.11232108820341E-01 impC-2.34474999271554E-04 mP 5.95165187813295E-03 year-5.48601554518334E-06 sumLPAP 1.29809696191975E+00 harm
KEEPDBG accept 1 cc 6.50352292792609E-01 sumModel-2.40007795219934E+02 sumForcing 6.46672326248962E+02 sumM 5.11445947822218E-02 trend-6.01905886353018E-02 aero 0.00000000000000E+00 level 4.44082031747241E+01 k0 1.60765074672260E+03 init-1.66243980244240E+00 IR-4.85045834151474E-01 impC 2.73842984530657E-02 mP 5.82301441740208E-03 year-5.48601554518334E-06 sumLPAP 1.29809696191975E+00 harm
KEEPDBG accept 5 cc 6.68824289488879E-01 sumModel-2.24846473960420E+02 sumForcing-8.01536590187738E+02 sumM 6.01129682354199E-02 trend-5.89002138244593E-02 aero 0.00000000000000E+00 level-5.69596373138181E+04 k0-1.41825011586849E+05 init-1.07028375227120E+00 IR-5.17443371775408E-01 impC 3.05592868942365E-02 mP 6.12836661770192E-03 year-5.48601554518334E-06 sumLPAP 1.29809696191975E+00 harm
KEEPDBG accept 1 cc 6.50450430719747E-01 sumModel-2.39999675390457E+02 sumForcing 6.80555535476472E+02 sumM 5.16247295133123E-02 trend-6.02093492807040E-02 aero 0.00000000000000E+00 level-5.03079773452438E+01 k0 1.87164362491896E+03 init-1.66243980244240E+00 IR-4.85045834151474E-01 impC 2.73842984530657E-02 mP 5.82301441740208E-03 year-5.48601554518334E-06 sumLPAP 1.29809696191975E+00 harm
KEEPDBG accept 8 cc 6.63651658133954E-01 sumModel-2.50866902950517E+02 sumForcing 2.99152848864337E+02 sumM-7.44406179116044E-03 trend-6.72725655115001E-02 aero 0.00000000000000E+00 level 6.59411737762281E+02 k0-4.68522356613796E+02 init-1.55128521825558E+00 IR-4.55932459514222E-01 impC 2.77813579529954E-02 mP 5.90948564466587E-03 year-5.48601554518334E-06 sumLPAP 1.29809696191975E+00 harm
KEEPDBG accept 1 cc 6.50468321559149E-01 sumModel-2.40003712631968E+02 sumForcing 6.80547964602281E+02 sumM 5.16247295133123E-02 trend-6.02157720330235E-02 aero 0.00000000000000E+00 level-5.05073936694204E+01 k0 1.87171769555163E+03 init-1.66243980244240E+00 IR-4.85045834151474E-01 impC 2.73842984530657E-02 mP 5.82301441740208E-03 year-5.48601554518334E-06 sumLPAP 1.29809696191975E+00 harm
KEEPDBG accept 6 cc 6.21832944735506E-01 sumModel-1.92740514129779E+02 sumForcing 2.38406710706761E+02 sumM 5.18441880480850E-02 trend-3.51770267872260E-02 aero 0.00000000000000E+00 level 6.80201736273554E+02 k0-7.21065251197690E+03 init-1.63964837386325E+00 IR-5.51537428345812E-01 impC 3.16136496370219E-02 mP 5.45471264263892E-03 year-5.48601554518334E-06 sumLPAP 1.29809696191975E+00 harm
KEEPDBG accept 8 cc 6.64882829227610E-01 sumModel-2.50088454775164E+02 sumForcing-5.92142182048634E+02 sumM-7.44406179116044E-03 trend-6.76007965247913E-02 aero 0.00000000000000E+00 level 2.95477325371906E+02 k0-2.31471613084905E+02 init-1.55128521825558E+00 IR-4.55932459514222E-01 impC 2.77813579529954E-02 mP 5.90948564466587E-03 year-5.48601554518334E-06 sumLPAP 1.29809696191975E+00 harm
KEEPDBG accept 9 cc 6.65269668182939E-01 sumModel-2.37527134908256E+02 sumForcing-2.81328748139809E+02 sumM-3.43417965892137E-02 trend-6.65187315516934E-02 aero 0.00000000000000E+00 level 1.34250590393052E+02 k0 4.88180340358949E+00 init-1.65150147061867E+00 IR-5.07985798038168E-01 impC 9.92402259298729E-03 mP 5.51748755085565E-03 year-5.48601554518334E-06 sumLPAP 1.29809696191975E+00 harm
KEEPDBG accept 7 cc 6.28498705958054E-01 sumModel-2.23610752524465E+02 sumForcing 2.53407181582486E+02 sumM 4.91270964512483E-02 trend-4.66870972800993E-02 aero 0.00000000000000E+00 level 1.10193751843733E+03 k0-4.01330986619052E+03 init-1.63257776063903E+00 IR-5.10350187884787E-01 impC 3.01620971431904E-02 mP 5.41012662868544E-03 year-5.48601554518334E-06 sumLPAP 1.29809696191975E+00 harm
KEEPDBG accept 9 cc 6.65273607513719E-01 sumModel-2.37570880393919E+02 sumForcing-2.81328748139809E+02 sumM-3.43417965892137E-02 trend-6.65334729017528E-02 aero 0.00000000000000E+00 level 1.34279528088585E+02 k0 4.88166293019584E+00 init-1.65150147061867E+00 IR-5.07867720086767E-01 impC 9.92402259298729E-03 mP 5.51748755085565E-03 year-5.48601554518334E-06 sumLPAP 1.29809696191975E+00 harm
KEEPDBG accept 15 cc 6.21936858696300E-01 sumModel-2.00630497605941E+02 sumForcing 5.03030794105557E+02 sumM 5.08934318113881E-02 trend-3.98218144527858E-02 aero 0.00000000000000E+00 level 2.08371959963781E+02 k0-7.37963750225364E+02 init-1.58447521335943E+00 IR-5.31128948517388E-01 impC 3.18343706203035E-02 mP 5.54002239091850E-03 year-5.48601554518334E-06 sumLPAP 1.29809696191975E+00 harm
KEEPDBG accept 15 cc 6.21936952244471E-01 sumModel-2.00630742577677E+02 sumForcing 5.03030794105557E+02 sumM 5.12107915409551E-02 trend-3.98219006491021E-02 aero 0.00000000000000E+00 level 2.16295265076414E+02 k0-7.81902184872382E+02 init-1.58447521335943E+00 IR-5.31128948517388E-01 impC 3.18343706203035E-02 mP 5.54002239091850E-03 year-5.48601554518334E-06 sumLPAP 1.29809696191975E+00 harm
KEEPDBG accept 7 cc 6.29245824411719E-01 sumModel-2.23992426478571E+02 sumForcing 1.04832042159078E+02 sumM 4.91270964512483E-02 trend-4.70261741349623E-02 aero 0.00000000000000E+00 level 5.99878828948419E+03 k0-5.50377078055650E+04 init-1.63257776063903E+00 IR-5.10350187884787E-01 impC 3.01620971431904E-02 mP 5.41012662868544E-03 year-5.48601554518334E-06 sumLPAP 1.29809696191975E+00 harm
KEEPDBG accept 3 cc 6.50014423505003E-01 sumModel-2.32629753502698E+02 sumForcing 2.39197367304601E+02 sumM 5.17181534343292E-02 trend-5.69457614445103E-02 aero 0.00000000000000E+00 level 1.29058201802813E+03 k0 9.27636953394392E+03 init-1.35117482617867E+00 IR-5.06958115508578E-01 impC 3.20283790075148E-02 mP 6.00916970075535E-03 year-5.48601554518334E-06 sumLPAP 1.29809696191975E+00 harm
KEEPDBG accept 8 cc 6.64882900266503E-01 sumModel-2.50088456736367E+02 sumForcing-6.02880512942971E+02 sumM-7.44406179116044E-03 trend-6.76008901235927E-02 aero 0.00000000000000E+00 level 2.89575119365803E+02 k0-2.19296080160245E+02 init-1.55128521825558E+00 IR-4.55932459514222E-01 impC 2.77813579529954E-02 mP 5.90948564466587E-03 year-5.48601554518334E-06 sumLPAP 1.29809696191975E+00 harm
KEEPDBG accept 3 cc 6.50014494829477E-01 sumModel-2.32630012051420E+02 sumForcing 2.39197367304601E+02 sumM 5.07496838458002E-02 trend-5.69457700397677E-02 aero 0.00000000000000E+00 level 1.09890206469531E+03 k0 7.77203264639863E+03 init-1.35117482617867E+00 IR-5.06958115508578E-01 impC 3.20283790075148E-02 mP 6.00916970075535E-03 year-5.48601554518334E-06 sumLPAP 1.29809696191975E+00 harm
KEEPDBG accept 13 cc 6.21484166025656E-01 sumModel-2.08239905481000E+02 sumForcing 2.85533054438134E+02 sumM 5.15310762273354E-02 trend-4.24217465576988E-02 aero 0.00000000000000E+00 level 5.97064196996677E+02 k0-5.00737129526048E+03 init-1.65124535234795E+00 IR-5.12125370810645E-01 impC 2.99270909757399E-02 mP 5.49285088775327E-03 year-5.48601554518334E-06 sumLPAP 1.29809696191975E+00 harm
KEEPDBG accept 1 cc 6.50483678834258E-01 sumModel-2.40007194568797E+02 sumForcing 6.80541462413956E+02 sumM 5.16247295133123E-02 trend-6.02212877270387E-02 aero 0.00000000000000E+00 level-5.06785943176730E+01 k0 1.87178141841750E+03 init-1.66243980244240E+00 IR-4.85045834151474E-01 impC 2.73842984530657E-02 mP 5.82301441740208E-03 year-5.48601554518334E-06 sumLPAP 1.29809696191975E+00 harm
KEEPDBG accept 8 cc 6.65355780339696E-01 sumModel-2.49235522962573E+02 sumForcing-5.49787359938991E+02 sumM-7.44406179116044E-03 trend-6.68695093531493E-02 aero 0.00000000000000E+00 level 2.97052924626290E+02 k0-2.04196254606907E+02 init-1.55128521825558E+00 IR-4.55932459514222E-01 impC 2.77813579529954E-02 mP 5.90948564466587E-03 year-5.48601554518334E-06 sumLPAP 1.29809696191975E+00 harm
KEEPDBG accept 9 cc 6.65276924243076E-01 sumModel-2.37568336609038E+02 sumForcing-2.81533018965399E+02 sumM-3.43417965892137E-02 trend-6.65303350786829E-02 aero 0.00000000000000E+00 level 1.34272287548727E+02 k0 4.88076568695625E+00 init-1.65150147061867E+00 IR-5.07867720086767E-01 impC 9.92402259298729E-03 mP 5.51748755085565E-03 year-5.48601554518334E-06 sumLPAP 1.29809696191975E+00 harm
KEEPDBG accept 3 cc 6.50249845098394E-01 sumModel-2.32669274748749E+02 sumForcing 1.74669812077950E+02 sumM 5.07496838458002E-02 trend-5.70225371279965E-02 aero 0.00000000000000E+00 level 1.93610861536416E+03 k0 2.01277387087673E+04 init-1.35117482617867E+00 IR-5.06958115508578E-01 impC 3.20283790075148E-02 mP 6.00916970075535E-03 year-5.48601554518334E-06 sumLPAP 1.29809696191975E+00 harm
KEEPDBG accept 9 cc 6.65276951096790E-01 sumModel-2.37560693167717E+02 sumForcing-2.81533018965399E+02 sumM-3.43417965892137E-02 trend-6.65303350786829E-02 aero 0.00000000000000E+00 level 1.34272287548727E+02 k0 4.88076568695625E+00 init-1.65150147061867E+00 IR-5.07867720086767E-01 impC 9.95980492822968E-03 mP 5.51748755085565E-03 year-5.48601554518334E-06 sumLPAP 1.29809696191975E+00 harm
KEEPDBG accept 3 cc 6.50290599852832E-01 sumModel-2.32624314341097E+02 sumForcing 1.74732827160017E+02 sumM 5.07496838458002E-02 trend-5.70157066506698E-02 aero 0.00000000000000E+00 level 1.92899004922998E+03 k0 2.03367499283283E+04 init-1.35117482617867E+00 IR-5.06958115508578E-01 impC 3.20283790075148E-02 mP 6.00916970075535E-03 year-5.48601554518334E-06 sumLPAP 1.29809696191975E+00 harm
KEEPDBG accept 5 cc 6.68830666821824E-01 sumModel-2.24834306276655E+02 sumForcing-8.01536590187738E+02 sumM 6.01129508209096E-02 trend-5.89029256520941E-02 aero 0.00000000000000E+00 level-5.70160967302093E+04 k0-1.41960666790965E+05 init-1.07028375227120E+00 IR-5.17443371775408E-01 impC 3.05592868942365E-02 mP 6.12836661770192E-03 year-5.48601554518334E-06 sumLPAP 1.29809696191975E+00 harm
KEEPDBG accept 3 cc 6.50301267153563E-01 sumModel-2.32627303888740E+02 sumForcing 1.72617575081653E+02 sumM 5.07496838458002E-02 trend-5.70191937529896E-02 aero 0.00000000000000E+00 level 1.97249425375828E+03 k0 2.11013952933185E+04 init-1.35117482617867E+00 IR-5.06958115508578E-01 impC 3.20283790075148E-02 mP 6.00916970075535E-03 year-5.48601554518334E-06 sumLPAP 1.29809696191975E+00 harm
KEEPDBG accept 8 cc 6.65636170493456E-01 sumModel-2.48588353024964E+02 sumForcing-5.12760418140460E+02 sumM-7.44406179116044E-03 trend-6.63617320852633E-02 aero 0.00000000000000E+00 level 3.01320377504229E+02 k0-1.91980328108874E+02 init-1.55128521825558E+00 IR-4.55932459514222E-01 impC 2.77813579529954E-02 mP 5.90948564466587E-03 year-5.48601554518334E-06 sumLPAP 1.29809696191975E+00 harm
KEEPDBG accept 3 cc 6.51513219604325E-01 sumModel-2.33922456868936E+02 sumForcing 1.69053245041435E+02 sumM 5.07496838458002E-02 trend-5.79165306352651E-02 aero 0.00000000000000E+00 level 1.84397154124709E+03 k0 1.94918786752496E+04 init-1.35117482617867E+00 IR-5.06958115508578E-01 impC 3.20283790075148E-02 mP 6.00916970075535E-03 year-5.48601554518334E-06 sumLPAP 1.29809696191975E+00 harm
KEEPDBG accept 1 cc 6.50961571034709E-01 sumModel-2.40740799857267E+02 sumForcing 6.83557035741553E+02 sumM 5.16247295133123E-02 trend-6.06972293754308E-02 aero 0.00000000000000E+00 level-6.97692506394974E+01 k0 1.86523705355659E+03 init-1.66243980244240E+00 IR-4.85045834151474E-01 impC 2.73842984530657E-02 mP 5.82301441740208E-03 year-5.48601554518334E-06 sumLPAP 1.29809696191975E+00 harm
KEEPDBG accept 1 cc 6.50998033943948E-01 sumModel-2.39441291733527E+02 sumForcing 6.79759102947211E+02 sumM 5.88094795501597E-02 trend-6.38344992804085E-02 aero 0.00000000000000E+00 level-1.39063442016425E+03 k0 5.82900206915538E+03 init-1.66243980244240E+00 IR-4.85045834151474E-01 impC 2.73842984530657E-02 mP 5.82301441740208E-03 year-5.48601554518334E-06 sumLPAP 1.29809696191975E+00 harm
KEEPDBG accept 9 cc 6.65409860391059E-01 sumModel-2.37553801051513E+02 sumForcing-2.82119211305695E+02 sumM-3.43417965892137E-02 trend-6.65228206158112E-02 aero 0.00000000000000E+00 level 1.34256753678040E+02 k0 4.89050514868339E+00 init-1.65150147061867E+00 IR-5.07867720086767E-01 impC 9.95980492822968E-03 mP 5.52704814650481E-03 year-5.48601554518334E-06 sumLPAP 1.29809696191975E+00 harm
KEEPDBG accept 9 cc 6.66210667598877E-01 sumModel-2.37375095346236E+02 sumForcing-2.84632447368811E+02 sumM-3.43417965892137E-02 trend-6.62963552072331E-02 aero 0.00000000000000E+00 level 1.33788337414649E+02 k0 5.17756765602608E+00 init-1.65150147061867E+00 IR-5.07867720086767E-01 impC 9.95980492822968E-03 mP 5.52704814650481E-03 year-5.48601554518334E-06 sumLPAP 1.29809696191975E+00 harm
KEEPDBG accept 11 cc 6.60437367316274E-01 sumModel-3.03809571443495E+02 sumForcing 4.83381221824110E+02 sumM 5.29520878232896E-02 trend-8.34558307227563E-02 aero 0.00000000000000E+00 level 7.04284963496817E+02 k0-1.02741796749315E+01 init-1.52282992638264E+00 IR-3.11232108820341E-01 impC-2.34474999271554E-04 mP 5.95165187813295E-03 year-5.48601554518334E-06 sumLPAP 1.29809696191975E+00 harm
KEEPDBG accept 5 cc 6.68832497860403E-01 sumModel-2.24835799284359E+02 sumForcing-8.01536101364270E+02 sumM 6.01129508209096E-02 trend-5.89037146663133E-02 aero 0.00000000000000E+00 level-5.70326528326171E+04 k0-1.42000454875582E+05 init-1.07028375227120E+00 IR-5.17443371775408E-01 impC 3.05592868942365E-02 mP 6.12836661770192E-03 year-5.48601554518334E-06 sumLPAP 1.29809696191975E+00 harm
KEEPDBG accept 3 cc 6.51517596572424E-01 sumModel-2.33925306418446E+02 sumForcing 1.69053748663749E+02 sumM 5.07496838458002E-02 trend-5.79180315830119E-02 aero 0.00000000000000E+00 level 1.84328249081830E+03 k0 1.94967348642549E+04 init-1.35117482617867E+00 IR-5.06958115508578E-01 impC 3.20283790075148E-02 mP 6.00916970075535E-03 year-5.48601554518334E-06 sumLPAP 1.29809696191975E+00 harm
KEEPDBG accept 2 cc 6.21311533142599E-01 sumModel-2.10027842436877E+02 sumForcing-1.80989503259971E+02 sumM 5.12387077320557E-02 trend-4.15602884746798E-02 aero 0.00000000000000E+00 level 1.22361431697759E+03 k0 1.72004084105184E+04 init-1.64183229112479E+00 IR-5.08438225504306E-01 impC 3.16301048224716E-02 mP 5.56226375831632E-03 year-5.48601554518334E-06 sumLPAP 1.29809696191975E+00 harm
KEEPDBG accept 11 cc 6.60444993407982E-01 sumModel-3.03866318362797E+02 sumForcing 4.84943774355827E+02 sumM 5.29520878232896E-02 trend-8.33334376806548E-02 aero 0.00000000000000E+00 level 7.04652373695542E+02 k0-4.55705019398614E+00 init-1.52282992638264E+00 IR-3.11232108820341E-01 impC-2.34474999271554E-04 mP 5.95165187813295E-03 year-5.48601554518334E-06 sumLPAP 1.29809696191975E+00 harm
KEEPDBG accept 9 cc 6.66210695795081E-01 sumModel-2.37375081121178E+02 sumForcing-2.84632447368811E+02 sumM-3.42277439019393E-02 trend-6.62966032941124E-02 aero 0.00000000000000E+00 level 1.33831958136231E+02 k0 5.20229599193118E+00 init-1.65150147061867E+00 IR-5.07867720086767E-01 impC 9.95980492822968E-03 mP 5.52704814650481E-03 year-5.48601554518334E-06 sumLPAP 1.29809696191975E+00 harm
KEEPDBG accept 16 cc 6.21404194800000E-01 sumModel-2.10735077592746E+02 sumForcing 2.69436338586945E+01 sumM 4.24850240984633E-02 trend-4.20404271738443E-02 aero 0.00000000000000E+00 level 1.60475710265111E+04 k0-1.62184784150607E+06 init-1.59810304192522E+00 IR-5.05430780312495E-01 impC 3.17094006031320E-02 mP 5.60907175626309E-03 year-5.48601554518334E-06 sumLPAP 1.29809696191975E+00 harm
KEEPDBG accept 1 cc 6.52009429659209E-01 sumModel-2.39505248399198E+02 sumForcing 6.88093326594253E+02 sumM 5.88094795501597E-02 trend-6.39690160909686E-02 aero 0.00000000000000E+00 level-1.44986675921942E+03 k0 5.93805733268808E+03 init-1.66243980244240E+00 IR-4.85045834151474E-01 impC 2.73842984530657E-02 mP 5.82301441740208E-03 year-5.48601554518334E-06 sumLPAP 1.29809696191975E+00 harm
KEEPDBG accept 8 cc 6.66093855405887E-01 sumModel-2.51751670642095E+02 sumForcing-7.96954537984622E+02 sumM-7.44406179116044E-03 trend-6.94428584937309E-02 aero 0.00000000000000E+00 level 2.48380475112273E+02 k0-3.27490247786186E+02 init-1.55128521825558E+00 IR-4.55932459514222E-01 impC 2.77813579529954E-02 mP 7.40871794805222E-03 year-5.48601554518334E-06 sumLPAP 1.29809696191975E+00 harm
KEEPDBG accept 11 cc 6.60445000004395E-01 sumModel-3.03864914848122E+02 sumForcing 4.84943774355827E+02 sumM 5.29520878232896E-02 trend-8.33334376806548E-02 aero 0.00000000000000E+00 level 7.04652373695542E+02 k0-4.55705019398614E+00 init-1.52282992638264E+00 IR-3.11232108820341E-01 impC-2.26924501465631E-04 mP 5.95165187813295E-03 year-5.48601554518334E-06 sumLPAP 1.29809696191975E+00 harm
KEEPDBG accept 11 cc 6.60568732603127E-01 sumModel-3.03608250483893E+02 sumForcing 4.85422510357138E+02 sumM 5.29520878232896E-02 trend-8.32203286277198E-02 aero 0.00000000000000E+00 level 7.05776051286536E+02 k0-3.16278430850926E+01 init-1.52282992638264E+00 IR-3.11232108820341E-01 impC-2.26924501465631E-04 mP 6.02235364336343E-03 year-5.48601554518334E-06 sumLPAP 1.29809696191975E+00 harm
KEEPDBG accept 15 cc 6.21937023798158E-01 sumModel-2.00630619125184E+02 sumForcing 5.15218418815728E+02 sumM 5.12107915409551E-02 trend-3.98216697459239E-02 aero 0.00000000000000E+00 level 2.09699903750495E+02 k0-7.27699205313568E+02 init-1.58447521335943E+00 IR-5.31128948517388E-01 impC 3.18343706203035E-02 mP 5.54002239091850E-03 year-5.48601554518334E-06 sumLPAP 1.29809696191975E+00 harm
KEEPDBG accept 9 cc 6.66210700954715E-01 sumModel-2.37373612484787E+02 sumForcing-2.84632447368811E+02 sumM-3.42277439019393E-02 trend-6.62966032941124E-02 aero 0.00000000000000E+00 level 1.33831958136231E+02 k0 5.20229599193118E+00 init-1.65150147061867E+00 IR-5.07867720086767E-01 impC 9.96668026585027E-03 mP 5.52704814650481E-03 year-5.48601554518334E-06 sumLPAP 1.29809696191975E+00 harm
KEEPDBG accept 13 cc 6.21484239857471E-01 sumModel-2.08238376278041E+02 sumForcing 4.61603413663183E+02 sumM 5.15310762273354E-02 trend-4.24203316280385E-02 aero 0.00000000000000E+00 level 2.77943336005036E+02 k0-1.18493669553162E+03 init-1.65124535234795E+00 IR-5.12125370810645E-01 impC 2.99270909757399E-02 mP 5.49285088775327E-03 year-5.48601554518334E-06 sumLPAP 1.29809696191975E+00 harm
KEEPDBG accept 16 cc 6.32085728831118E-01 sumModel-2.24430463648382E+02 sumForcing 3.28315380656087E+01 sumM 4.24850240984633E-02 trend-4.72434317326867E-02 aero 0.00000000000000E+00 level 2.63946784206431E+04 k0-8.11378253363603E+05 init-1.59810304192522E+00 IR-5.05430780312495E-01 impC 3.17094006031320E-02 mP 5.60907175626309E-03 year-5.48601554518334E-06 sumLPAP 1.29809696191975E+00 harm
KEEPDBG accept 9 cc 6.66597415273451E-01 sumModel-2.37239780286695E+02 sumForcing-2.85828302179146E+02 sumM-3.42798867497301E-02 trend-6.61490448593729E-02 aero 0.00000000000000E+00 level 1.33514435170411E+02 k0 5.32674863002524E+00 init-1.65150147061867E+00 IR-5.07867720086767E-01 impC 9.96668026585027E-03 mP 5.52704814650481E-03 year-5.48601554518334E-06 sumLPAP 1.29809696191975E+00 harm
KEEPDBG accept 16 cc 6.32087403347516E-01 sumModel-2.24428380097739E+02 sumForcing 3.28315380656087E+01 sumM 3.54262872117791E-02 trend-4.72433068735847E-02 aero 0.00000000000000E+00 level 1.42841111086418E+04 k0-4.37880096918389E+05 init-1.59810304192522E+00 IR-5.05430780312495E-01 impC 3.17094006031320E-02 mP 5.60907175626309E-03 year-5.48601554518334E-06 sumLPAP 1.29809696191975E+00 harm
KEEPDBG accept 9 cc 6.66708619156525E-01 sumModel-2.37235056022242E+02 sumForcing-2.86305956848301E+02 sumM-3.42798867497301E-02 trend-6.61468247726966E-02 aero 0.00000000000000E+00 level 1.33509649026990E+02 k0 5.33084607036305E+00 init-1.65150147061867E+00 IR-5.07867720086767E-01 impC 9.96668026585027E-03 mP 5.52704814650481E-03 year-5.48601554518334E-06 sumLPAP 1.29809696191975E+00 harm
KEEPDBG accept 3 cc 6.53181010897509E-01 sumModel-2.33386287825233E+02 sumForcing 1.87464051808323E+02 sumM 5.07496838458002E-02 trend-5.82581518295006E-02 aero 0.00000000000000E+00 level 1.02489998630856E+03 k0 2.83617244414266E+04 init-1.35117482617867E+00 IR-5.06958115508578E-01 impC 3.20283790075148E-02 mP 6.00916970075535E-03 year-5.48601554518334E-06 sumLPAP 1.29809696191975E+00 harm
KEEPDBG accept 8 cc 6.66150051024249E-01 sumModel-2.51831920755459E+02 sumForcing-7.86252667965296E+02 sumM-7.44406179116044E-03 trend-6.94259875298555E-02 aero 0.00000000000000E+00 level 2.51515344540423E+02 k0-3.24895373415341E+02 init-1.58814253861660E+00 IR-4.55932459514222E-01 impC 2.77813579529954E-02 mP 7.40871794805222E-03 year-5.48601554518334E-06 sumLPAP 1.29809696191975E+00 harm
KEEPDBG accept 7 cc 6.30950983562817E-01 sumModel-2.22910502308217E+02 sumForcing 1.06022728360979E+02 sumM 4.91270964512483E-02 trend-4.66918677233631E-02 aero 0.00000000000000E+00 level 6.01674427991993E+03 k0-5.66775000882406E+04 init-1.63257776063903E+00 IR-5.10350187884787E-01 impC 3.01620971431904E-02 mP 5.41012662868544E-03 year-5.48601554518334E-06 sumLPAP 1.29809696191975E+00 harm
KEEPDBG accept 3 cc 6.53343313417908E-01 sumModel-2.33420515146917E+02 sumForcing 1.54930675060021E+02 sumM 5.07496838458002E-02 trend-5.83195918531024E-02 aero 0.00000000000000E+00 level 1.41892804521875E+03 k0 5.03272848645819E+04 init-1.35117482617867E+00 IR-5.06958115508578E-01 impC 3.20283790075148E-02 mP 6.00916970075535E-03 year-5.48601554518334E-06 sumLPAP 1.29809696191975E+00 harm
KEEPDBG accept 9 cc 6.66708619669484E-01 sumModel-2.37235055836638E+02 sumForcing-2.86305951481932E+02 sumM-3.42798867497301E-02 trend-6.61468245554957E-02 aero 0.00000000000000E+00 level 1.33509648579230E+02 k0 5.33084631323877E+00 init-1.65150147061867E+00 IR-5.07867720086767E-01 impC 9.96668026585027E-03 mP 5.52704814650481E-03 year-5.48601554518334E-06 sumLPAP 1.29809696191975E+00 harm
KEEPDBG accept 9 cc 6.71460810259246E-01 sumModel-2.36718548338919E+02 sumForcing-3.19447692361445E+02 sumM-3.38525812319159E-02 trend-6.52035010047751E-02 aero 0.00000000000000E+00 level 1.31647658937397E+02 k0 7.46999589692240E+00 init-1.65150147061867E+00 IR-5.07867720086767E-01 impC 9.96668026585027E-03 mP 5.52704814650481E-03 year-5.48601554518334E-06 sumLPAP 1.29809696191975E+00 harm
KEEPDBG accept 11 cc 6.60569043373496E-01 sumModel-3.03609318788412E+02 sumForcing 4.02507017565122E+02 sumM 5.29520878232896E-02 trend-8.32198800551363E-02 aero 0.00000000000000E+00 level 9.54764551997107E+02 k0-5.48144729816536E+01 init-1.52282992638264E+00 IR-3.11232108820341E-01 impC-2.26924501465631E-04 mP 6.02235364336343E-03 year-5.48601554518334E-06 sumLPAP 1.29809696191975E+00 harm
KEEPDBG accept 1 cc 6.52368789306972E-01 sumModel-2.39549420699089E+02 sumForcing 7.17738261538540E+02 sumM 5.92214448573516E-02 trend-6.40023504808413E-02 aero 0.00000000000000E+00 level-1.77654529803014E+03 k0 6.61101835843161E+03 init-1.66243980244240E+00 IR-4.85045834151474E-01 impC 2.73842984530657E-02 mP 5.82301441740208E-03 year-5.48601554518334E-06 sumLPAP 1.29809696191975E+00 harm
KEEPDBG accept 14 cc 6.20758553597611E-01 sumModel-2.05938249224393E+02 sumForcing 1.68187258574833E+02 sumM 5.15074249361265E-02 trend-4.08322258106668E-02 aero 0.00000000000000E+00 level 1.43745227207610E+03 k0-2.20582059908528E+04 init-1.65088222450482E+00 IR-5.18162293613842E-01 impC 3.30969760443724E-02 mP 5.57494700060199E-03 year-5.48601554518334E-06 sumLPAP 1.29809696191975E+00 harm
KEEPDBG accept 8 cc 6.68608782708709E-01 sumModel-2.49556859669695E+02 sumForcing-5.45491211969070E+02 sumM-7.44406179116044E-03 trend-6.70134650605603E-02 aero 0.00000000000000E+00 level 3.06973368559109E+02 k0-2.37291018177720E+02 init-1.58814253861660E+00 IR-4.55932459514222E-01 impC 2.77813579529954E-02 mP 7.40871794805222E-03 year-5.48601554518334E-06 sumLPAP 1.29809696191975E+00 harm
KEEPDBG accept 8 cc 6.68642004814325E-01 sumModel-2.49436936076836E+02 sumForcing-5.40291197675625E+02 sumM-7.44406179116044E-03 trend-6.69479924083847E-02 aero 0.00000000000000E+00 level 3.07605946028977E+02 k0-2.34645638043039E+02 init-1.58814253861660E+00 IR-4.55932459514222E-01 impC 2.77813579529954E-02 mP 7.40871794805222E-03 year-5.48601554518334E-06 sumLPAP 1.29809696191975E+00 harm
KEEPDBG accept 9 cc 6.71460810259642E-01 sumModel-2.36718548345860E+02 sumForcing-3.19447692360504E+02 sumM-3.38525812319159E-02 trend-6.52035010037595E-02 aero 0.00000000000000E+00 level 1.31647658935161E+02 k0 7.46999589727616E+00 init-1.65150147061867E+00 IR-5.07867720086767E-01 impC 9.96668026585027E-03 mP 5.52704814650481E-03 year-5.48601554518334E-06 sumLPAP 1.29809696191975E+00 harm
KEEPDBG accept 3 cc 6.53343369798960E-01 sumModel-2.33422703745314E+02 sumForcing 1.54930675060021E+02 sumM 4.38042550222909E-02 trend-5.83195977665205E-02 aero 0.00000000000000E+00 level 6.17477574306091E+02 k0 1.94837755352305E+04 init-1.35117482617867E+00 IR-5.06958115508578E-01 impC 3.20283790075148E-02 mP 6.00916970075535E-03 year-5.48601554518334E-06 sumLPAP 1.29809696191975E+00 harm
KEEPDBG accept 9 cc 6.71460810717397E-01 sumModel-2.36718548300315E+02 sumForcing-3.19447695075782E+02 sumM-3.38525812319159E-02 trend-6.52035009801796E-02 aero 0.00000000000000E+00 level 1.31647658874383E+02 k0 7.46999587086477E+00 init-1.65150147061867E+00 IR-5.07867720086767E-01 impC 9.96668026585027E-03 mP 5.52704818817457E-03 year-5.48601554518334E-06 sumLPAP 1.29809696191975E+00 harm
KEEPDBG accept 8 cc 6.68643068258853E-01 sumModel-2.49436604267597E+02 sumForcing-6.03872394614081E+02 sumM-7.44406179116044E-03 trend-6.69482987919389E-02 aero 0.00000000000000E+00 level 2.71574482938487E+02 k0-1.67928475153094E+02 init-1.58814253861660E+00 IR-4.55932459514222E-01 impC 2.77813579529954E-02 mP 7.40871794805222E-03 year-5.48601554518334E-06 sumLPAP 1.29809696191975E+00 harm
KEEPDBG accept 1 cc 6.57062011886554E-01 sumModel-2.36817659238339E+02 sumForcing 7.42902485479522E+02 sumM 5.92214448573516E-02 trend-5.98587314542060E-02 aero 0.00000000000000E+00 level-1.00806491476041E+03 k0 4.85151161224495E+03 init-1.66243980244240E+00 IR-4.85045834151474E-01 impC 2.73842984530657E-02 mP 5.82301441740208E-03 year-5.48601554518334E-06 sumLPAP 1.29809696191975E+00 harm
KEEPDBG accept 1 cc 6.58997509268064E-01 sumModel-2.35820338197764E+02 sumForcing 7.47497929718787E+02 sumM 5.92214448573516E-02 trend-5.91901414104201E-02 aero 0.00000000000000E+00 level-1.10654272626706E+03 k0 5.32119524464792E+03 init-1.66243980244240E+00 IR-4.85045834151474E-01 impC 2.73842984530657E-02 mP 5.82301441740208E-03 year-5.48601554518334E-06 sumLPAP 1.29809696191975E+00 harm
KEEPDBG accept 10 cc 6.23136111274470E-01 sumModel-2.01361954258554E+02 sumForcing-2.58598445416051E+01 sumM 5.16759763518430E-02 trend-3.78065924891171E-02 aero 0.00000000000000E+00 level 5.52885002013214E+04 k0 5.78472820393845E+06 init-1.47179626412560E+00 IR-5.31416349353148E-01 impC 3.19458107210351E-02 mP 5.62618375673825E-03 year-5.48601554518334E-06 sumLPAP 1.29809696191975E+00 harm
KEEPDBG accept 8 cc 6.68644898797333E-01 sumModel-2.49436042041782E+02 sumForcing-7.01178630719438E+02 sumM-7.44406179116044E-03 trend-6.69488071432515E-02 aero 0.00000000000000E+00 level 2.34222407065171E+02 k0-1.07108064070970E+02 init-1.58814253861660E+00 IR-4.55932459514222E-01 impC 2.77813579529954E-02 mP 7.40871794805222E-03 year-5.48601554518334E-06 sumLPAP 1.29809696191975E+00 harm
KEEPDBG accept 6 cc 6.21892353547155E-01 sumModel-1.92789463229922E+02 sumForcing 2.38199701574543E+02 sumM 5.18441880480850E-02 trend-3.51450033334120E-02 aero 0.00000000000000E+00 level 6.79080438404324E+02 k0-7.20523816590322E+03 init-1.63964837386325E+00 IR-5.51537428345812E-01 impC 3.16136496370219E-02 mP 5.45471264263892E-03 year-5.48601554518334E-06 sumLPAP 1.29809696191975E+00 harm
KEEPDBG accept 9 cc 6.71460810791225E-01 sumModel-2.36718548321047E+02 sumForcing-3.19447695075782E+02 sumM-3.38525300328122E-02 trend-6.52035010994637E-02 aero 0.00000000000000E+00 level 1.31647678362469E+02 k0 7.47001262668654E+00 init-1.65150147061867E+00 IR-5.07867720086767E-01 impC 9.96668026585027E-03 mP 5.52704818817457E-03 year-5.48601554518334E-06 sumLPAP 1.29809696191975E+00 harm
KEEPDBG accept 16 cc 6.33369565025286E-01 sumModel-2.23613733450654E+02 sumForcing 3.31516960781639E+01 sumM 3.54262872117791E-02 trend-4.69200423567783E-02 aero 0.00000000000000E+00 level 1.43151717305723E+04 k0-4.50547150668050E+05 init-1.59810304192522E+00 IR-5.05430780312495E-01 impC 3.17094006031320E-02 mP 5.60907175626309E-03 year-5.48601554518334E-06 sumLPAP 1.29809696191975E+00 harm
KEEPDBG accept 11 cc 6.60583656333992E-01 sumModel-3.04132673299064E+02 sumForcing 4.02507017565122E+02 sumM 5.29520878232896E-02 trend-8.34752134513665E-02 aero 0.00000000000000E+00 level 9.56926831668188E+02 k0-4.77615002898865E+01 init-1.52282992638264E+00 IR-3.09049267547753E-01 impC-2.26924501465631E-04 mP 6.02235364336343E-03 year-5.48601554518334E-06 sumLPAP 1.29809696191975E+00 harm
KEEPDBG accept 3 cc 6.53987488204607E-01 sumModel-2.33564276337858E+02 sumForcing 1.54954042763166E+02 sumM 4.38042550222909E-02 trend-5.85684677137705E-02 aero 0.00000000000000E+00 level 5.72403472155037E+02 k0 1.95707514591839E+04 init-1.35117482617867E+00 IR-5.06958115508578E-01 impC 3.20283790075148E-02 mP 6.00916970075535E-03 year-5.48601554518334E-06 sumLPAP 1.29809696191975E+00 harm
KEEPDBG accept 4 cc 6.21100815243771E-01 sumModel-2.07695551266222E+02 sumForcing 3.20528168814818E+02 sumM 5.16332054444777E-02 trend-4.11951713111213E-02 aero 0.00000000000000E+00 level 4.58422002632173E+02 k0-3.25583275385475E+03 init-1.62252110652551E+00 IR-5.12927840121358E-01 impC 3.09625267975100E-02 mP 5.36959968347591E-03 year-5.48601554518334E-06 sumLPAP 1.29809696191975E+00 harm
KEEPDBG accept 14 cc 6.20759213835856E-01 sumModel-2.05939094217785E+02 sumForcing 1.68183866101383E+02 sumM 5.15074249361265E-02 trend-4.08309034829048E-02 aero 0.00000000000000E+00 level 1.43738145073455E+03 k0-2.20577189201071E+04 init-1.65088222450482E+00 IR-5.18162293613842E-01 impC 3.30969760443724E-02 mP 5.57494700060199E-03 year-5.48601554518334E-06 sumLPAP 1.29809696191975E+00 harm
KEEPDBG accept 9 cc 6.71460810804368E-01 sumModel-2.36718548336512E+02 sumForcing-3.19447695075782E+02 sumM-3.38525207682774E-02 trend-6.52035011233027E-02 aero 0.00000000000000E+00 level 1.31647681893380E+02 k0 7.47001565587569E+00 init-1.65150147061867E+00 IR-5.07867720086767E-01 impC 9.96668026585027E-03 mP 5.52704818817457E-03 year-5.48601554518334E-06 sumLPAP 1.29809696191975E+00 harm
KEEPDBG accept 9 cc 6.71460812088695E-01 sumModel-2.36718546652860E+02 sumForcing-3.19447809420599E+02 sumM-3.38525207682774E-02 trend-6.52034990519029E-02 aero 0.00000000000000E+00 level 1.31647677392801E+02 k0 7.47001609578246E+00 init-1.65150147061867E+00 IR-5.07867720086767E-01 impC 9.96668026585027E-03 mP 5.52704818817457E-03 year-5.48601554518334E-06 sumLPAP 1.29809696191975E+00 harm
KEEPDBG accept 13 cc 6.21484247144442E-01 sumModel-2.08089598607102E+02 sumForcing 4.61603413663183E+02 sumM 5.15310762273354E-02 trend-4.24203316280385E-02 aero 0.00000000000000E+00 level 2.77943336005036E+02 k0-1.18493669553162E+03 init-1.65124535234795E+00 IR-5.12125370810645E-01 impC 3.06167647551468E-02 mP 5.49285088775327E-03 year-5.48601554518334E-06 sumLPAP 1.29809696191975E+00 harm
KEEPDBG accept 16 cc 6.33373483999239E-01 sumModel-2.24252223949762E+02 sumForcing 3.31516960781639E+01 sumM 3.54262872117791E-02 trend-4.69200423567783E-02 aero 0.00000000000000E+00 level 1.43151717305723E+04 k0-4.50547150668050E+05 init-1.59810304192522E+00 IR-5.05430780312495E-01 impC 2.87155277990137E-02 mP 5.60907175626309E-03 year-5.48601554518334E-06 sumLPAP 1.29809696191975E+00 harm
KEEPDBG accept 8 cc 6.68873115708448E-01 sumModel-2.36318227311368E+02 sumForcing-7.01178630719438E+02 sumM-7.44406179116044E-03 trend-6.27750166531893E-02 aero 0.00000000000000E+00 level 2.18170727442958E+02 k0-9.91694744443476E+01 init-1.58814253861660E+00 IR-4.93175425595353E-01 impC 2.77813579529954E-02 mP 7.40871794805222E-03 year-5.48601554518334E-06 sumLPAP 1.29809696191975E+00 harm
KEEPDBG accept 9 cc 6.71460812094649E-01 sumModel-2.36718546667081E+02 sumForcing-3.19447779200269E+02 sumM-3.38525207682774E-02 trend-6.52034990596899E-02 aero 0.00000000000000E+00 level 1.31647678926031E+02 k0 7.47001812597539E+00 init-1.65150147061867E+00 IR-5.07867720086767E-01 impC 9.96668026585027E-03 mP 5.52704818817457E-03 year-5.48601554518334E-06 sumLPAP 1.29809696191975E+00 harm
KEEPDBG accept 6 cc 6.21892761758808E-01 sumModel-1.92789825780116E+02 sumForcing 2.38198223558306E+02 sumM 5.18441880480850E-02 trend-3.51447802801669E-02 aero 0.00000000000000E+00 level 6.79072199815919E+02 k0-7.20519413330342E+03 init-1.63964837386325E+00 IR-5.51537428345812E-01 impC 3.16136496370219E-02 mP 5.45471264263892E-03 year-5.48601554518334E-06 sumLPAP 1.29809696191975E+00 harm
KEEPDBG accept 14 cc 6.20779042812722E-01 sumModel-2.03588208453997E+02 sumForcing 1.68183866101383E+02 sumM 5.15074249361265E-02 trend-4.02223213425394E-02 aero 0.00000000000000E+00 level 1.41988046199975E+03 k0-2.19484331413694E+04 init-1.65088222450482E+00 IR-5.24076558137212E-01 impC 3.30969760443724E-02 mP 5.57494700060199E-03 year-5.48601554518334E-06 sumLPAP 1.29809696191975E+00 harm
KEEPDBG accept 3 cc 6.55155668112669E-01 sumModel-2.33679224193800E+02 sumForcing 2.59411766289506E+02 sumM 4.93878005820186E-02 trend-5.89694445090064E-02 aero 0.00000000000000E+00 level-1.42114449893764E+04 k0 1.33343211910803E+05 init-1.35117482617867E+00 IR-5.06958115508578E-01 impC 3.20283790075148E-02 mP 6.00916970075535E-03 year-5.48601554518334E-06 sumLPAP 1.29809696191975E+00 harm
KEEPDBG accept 11 cc 6.60888250630391E-01 sumModel-3.17446621231068E+02 sumForcing 4.02507017565122E+02 sumM 5.29520878232896E-02 trend-9.07299582369759E-02 aero 0.00000000000000E+00 level 1.01836331980643E+03 k0 1.52633424988614E+02 init-1.52282992638264E+00 IR-2.47028566088695E-01 impC-2.26924501465631E-04 mP 6.02235364336343E-03 year-5.48601554518334E-06 sumLPAP 1.29809696191975E+00 harm
KEEPDBG accept 16 cc 6.33373698938305E-01 sumModel-2.24252299430789E+02 sumForcing 3.31516960781639E+01 sumM-9.73050031200771E-03 trend-4.69199716471214E-02 aero 0.00000000000000E+00 level 2.04310199527446E+03 k0-6.18977597047393E+04 init-1.59810304192522E+00 IR-5.05430780312495E-01 impC 2.87155277990137E-02 mP 5.60907175626309E-03 year-5.48601554518334E-06 sumLPAP 1.29809696191975E+00 harm
KEEPDBG accept 9 cc 6.71460812094971E-01 sumModel-2.36718546663381E+02 sumForcing-3.19447779198879E+02 sumM-3.38525207682774E-02 trend-6.52034990584879E-02 aero 0.00000000000000E+00 level 1.31647678923509E+02 k0 7.47001812672698E+00 init-1.65150147061867E+00 IR-5.07867720086767E-01 impC 9.96668026585027E-03 mP 5.52704818817457E-03 year-5.48601554518334E-06 sumLPAP 1.29809696191975E+00 harm
KEEPDBG accept 5 cc 6.68965904257733E-01 sumModel-2.24893744092910E+02 sumForcing-8.01406147132110E+02 sumM 6.02240141133979E-02 trend-5.89885454620335E-02 aero 0.00000000000000E+00 level-5.75342552833043E+04 k0-1.43125027944732E+05 init-1.07028375227120E+00 IR-5.17443371775408E-01 impC 3.05592868942365E-02 mP 6.12836661770192E-03 year-5.48601554518334E-06 sumLPAP 1.29809696191975E+00 harm
KEEPDBG accept 7 cc 6.31874386623971E-01 sumModel-2.24062903441616E+02 sumForcing 1.07632903026193E+02 sumM 4.91270964512483E-02 trend-4.74787363105974E-02 aero 0.00000000000000E+00 level 5.83136370852317E+03 k0-5.04975881225852E+04 init-1.63257776063903E+00 IR-5.10350187884787E-01 impC 3.01620971431904E-02 mP 5.41012662868544E-03 year-5.48601554518334E-06 sumLPAP 1.29809696191975E+00 harm
KEEPDBG accept 6 cc 6.21893779225761E-01 sumModel-1.92790728854095E+02 sumForcing 2.38194504523868E+02 sumM 5.18441880480850E-02 trend-3.51442114408460E-02 aero 0.00000000000000E+00 level 6.79051803570947E+02 k0-7.20509124048092E+03 init-1.63964837386325E+00 IR-5.51537428345812E-01 impC 3.16136496370219E-02 mP 5.45471264263892E-03 year-5.48601554518334E-06 sumLPAP 1.29809696191975E+00 harm
KEEPDBG accept 9 cc 6.71460820047845E-01 sumModel-2.36718542941848E+02 sumForcing-3.19447817884395E+02 sumM-3.38525222411920E-02 trend-6.52034952945244E-02 aero 0.00000000000000E+00 level 1.31647670532507E+02 k0 7.47002014678599E+00 init-1.65150147061867E+00 IR-5.07867720086767E-01 impC 9.96668026585027E-03 mP 5.52704818817457E-03 year-5.48601554518334E-06 sumLPAP 1.29809696191975E+00 harm
KEEPDBG accept 2 cc 6.21315231139289E-01 sumModel-2.09984762074936E+02 sumForcing-1.81127615518772E+02 sumM 5.12387077320557E-02 trend-4.16043366813630E-02 aero 0.00000000000000E+00 level 1.22572041939925E+03 k0 1.72156545021900E+04 init-1.64183229112479E+00 IR-5.08438225504306E-01 impC 3.16301048224716E-02 mP 5.56226375831632E-03 year-5.48601554518334E-06 sumLPAP 1.29809696191975E+00 harm
KEEPDBG accept 12 cc 6.21260580458769E-01 sumModel-2.09551137186810E+02 sumForcing 1.09207770296308E+01 sumM 4.94120952202295E-02 trend-4.25511566820386E-02 aero 0.00000000000000E+00 level 2.31694202599609E+05 k0-5.42572215392166E+07 init-1.75562848047794E+00 IR-5.15395247820543E-01 impC 3.26546456133343E-02 mP 5.52485944481255E-03 year-5.48601554518334E-06 sumLPAP 1.29809696191975E+00 harm
KEEPDBG accept 3 cc 6.56717086323767E-01 sumModel-2.37392754323738E+02 sumForcing 2.62392295822353E+02 sumM 4.93878005820186E-02 trend-6.04304570505097E-02 aero 0.00000000000000E+00 level-1.65617672183465E+04 k0 1.36773053178857E+05 init-1.35117482617867E+00 IR-5.06958115508578E-01 impC 3.20283790075148E-02 mP 6.00916970075535E-03 year-5.48601554518334E-06 sumLPAP 1.29809696191975E+00 harm
KEEPDBG accept 13 cc 6.21484486346109E-01 sumModel-2.08089748626536E+02 sumForcing 4.61601356910294E+02 sumM 5.15310762273354E-02 trend-4.24199399723988E-02 aero 0.00000000000000E+00 level 2.77940863282042E+02 k0-1.18493570799042E+03 init-1.65124535234795E+00 IR-5.12125370810645E-01 impC 3.06167647551468E-02 mP 5.49285088775327E-03 year-5.48601554518334E-06 sumLPAP 1.29809696191975E+00 harm
KEEPDBG accept 9 cc 6.71460820164426E-01 sumModel-2.36718542972858E+02 sumForcing-3.19447220545717E+02 sumM-3.38525222411920E-02 trend-6.52034954771543E-02 aero 0.00000000000000E+00 level 1.31647700894274E+02 k0 7.47006022525740E+00 init-1.65150147061867E+00 IR-5.07867720086767E-01 impC 9.96668026585027E-03 mP 5.52704818817457E-03 year-5.48601554518334E-06 sumLPAP 1.29809696191975E+00 harm
KEEPDBG accept 8 cc 6.68873131427951E-01 sumModel-2.36318215983603E+02 sumForcing-7.01202378284863E+02 sumM-7.44406179116044E-03 trend-6.27750375064564E-02 aero 0.00000000000000E+00 level 2.18168994622548E+02 k0-9.91696777741696E+01 init-1.58814253861660E+00 IR-4.93175425595353E-01 impC 2.77813579529954E-02 mP 7.40871794805222E-03 year-5.48601554518334E-06 sumLPAP 1.29809696191975E+00 harm
KEEPDBG accept 3 cc 6.56765781739039E-01 sumModel-2.37404525529223E+02 sumForcing 2.62380136852974E+02 sumM 4.93878005820186E-02 trend-6.04573782197919E-02 aero 0.00000000000000E+00 level-1.65534585083139E+04 k0 1.36648906911904E+05 init-1.35117482617867E+00 IR-5.06958115508578E-01 impC 3.20283790075148E-02 mP 6.00916970075535E-03 year-5.48601554518334E-06 sumLPAP 1.29809696191975E+00 harm
KEEPDBG accept 4 cc 6.21100819628123E-01 sumModel-2.07695583567523E+02 sumForcing 3.20528168814818E+02 sumM 5.17481373446354E-02 trend-4.11951830416899E-02 aero 0.00000000000000E+00 level 4.66945020318566E+02 k0-3.32875877496104E+03 init-1.62252110652551E+00 IR-5.12927840121358E-01 impC 3.09625267975100E-02 mP 5.36959968347591E-03 year-5.48601554518334E-06 sumLPAP 1.29809696191975E+00 harm
KEEPDBG accept 11 cc 6.60888369462110E-01 sumModel-3.17421294097271E+02 sumForcing 4.02507017565122E+02 sumM 5.29520878232896E-02 trend-9.07299582369759E-02 aero 0.00000000000000E+00 level 1.01836331980643E+03 k0 1.52633424988614E+02 init-1.52282992638264E+00 IR-2.47028566088695E-01 impC-8.36966182738524E-05 mP 6.02235364336343E-03 year-5.48601554518334E-06 sumLPAP 1.29809696191975E+00 harm
KEEPDBG accept 5 cc 6.69080378785099E-01 sumModel-2.24510688153548E+02 sumForcing-8.02451248733971E+02 sumM 6.02240141133979E-02 trend-5.87758330862789E-02 aero 0.00000000000000E+00 level-5.90941425448331E+04 k0-1.47167024528637E+05 init-1.07028375227120E+00 IR-5.17443371775408E-01 impC 3.05592868942365E-02 mP 6.19114198431693E-03 year-5.48601554518334E-06 sumLPAP 1.29809696191975E+00 harm
KEEPDBG accept 8 cc 6.68874736454186E-01 sumModel-2.36666963679147E+02 sumForcing-7.01202378284863E+02 sumM-7.44406179116044E-03 trend-6.27750375064564E-02 aero 0.00000000000000E+00 level 2.18168994622548E+02 k0-9.91696777741696E+01 init-1.58814253861660E+00 IR-4.93175425595353E-01 impC 2.61442823998151E-02 mP 7.40871794805222E-03 year-5.48601554518334E-06 sumLPAP 1.29809696191975E+00 harm
KEEPDBG accept 9 cc 6.71460826817745E-01 sumModel-2.36718625514993E+02 sumForcing-3.19447220545717E+02 sumM-3.38525222411920E-02 trend-6.52035230030382E-02 aero 0.00000000000000E+00 level 1.31647754976262E+02 k0 7.47006092792152E+00 init-1.65150147061867E+00 IR-5.07867497589752E-01 impC 9.96668026585027E-03 mP 5.52704818817457E-03 year-5.48601554518334E-06 sumLPAP 1.29809696191975E+00 harm
KEEPDBG accept 1 cc 6.59784872219088E-01 sumModel-2.36273870611447E+02 sumForcing 7.53233584579030E+02 sumM 5.92214448573516E-02 trend-5.99526439546267E-02 aero 0.00000000000000E+00 level-1.16958661255851E+03 k0 5.35659283741438E+03 init-1.66243980244240E+00 IR-4.85045834151474E-01 impC 2.73842984530657E-02 mP 5.82301441740208E-03 year-5.48601554518334E-06 sumLPAP 1.29809696191975E+00 harm
KEEPDBG accept 9 cc 6.71460867332606E-01 sumModel-2.36718607053557E+02 sumForcing-3.19447656256328E+02 sumM-3.38525222411920E-02 trend-6.52035017739344E-02 aero 0.00000000000000E+00 level 1.31647708709513E+02 k0 7.47007630798790E+00 init-1.65150466811041E+00 IR-5.07867497589752E-01 impC 9.96668026585027E-03 mP 5.52704818817457E-03 year-5.48601554518334E-06 sumLPAP 1.29809696191975E+00 harm
KEEPDBG accept 7 cc 6.33851345867973E-01 sumModel-2.41075063565565E+02 sumForcing-6.99825198577598E+01 sumM-5.11170330576594E-02 trend-6.18281821016439E-02 aero 0.00000000000000E+00 level 4.98665614077285E+03 k0-2.69023473099714E+04 init-1.63257776063903E+00 IR-5.10350187884787E-01 impC 3.01620971431904E-02 mP 5.41012662868544E-03 year-5.48601554518334E-06 sumLPAP 1.29809696191975E+00 harm
KEEPDBG accept 5 cc 6.69108095917345E-01 sumModel-2.24458143385402E+02 sumForcing-8.02001207840445E+02 sumM 6.02240141133979E-02 trend-5.87799982721439E-02 aero 0.00000000000000E+00 level-5.90520829142063E+04 k0-1.47153548108754E+05 init-1.07028375227120E+00 IR-5.17443371775408E-01 impC 3.05592868942365E-02 mP 6.19114198431693E-03 year-5.48601554518334E-06 sumLPAP 1.29809696191975E+00 harm
KEEPDBG accept 5 cc 6.69108251007639E-01 sumModel-2.24499571694214E+02 sumForcing-8.02001207840445E+02 sumM 6.02240141133979E-02 trend-5.87799982721439E-02 aero 0.00000000000000E+00 level-5.90520829142063E+04 k0-1.47153548108754E+05 init-1.07028375227120E+00 IR-5.17443371775408E-01 impC 3.03679117518479E-02 mP 6.19114198431693E-03 year-5.48601554518334E-06 sumLPAP 1.29809696191975E+00 harm
KEEPDBG accept 3 cc 6.56790336398690E-01 sumModel-2.37425511712845E+02 sumForcing 2.58047749933854E+02 sumM 4.93878005820186E-02 trend-6.04721038912415E-02 aero 0.00000000000000E+00 level-1.71002956718133E+04 k0 1.43469119344068E+05 init-1.35117482617867E+00 IR-5.06958115508578E-01 impC 3.20283790075148E-02 mP 6.00916970075535E-03 year-5.48601554518334E-06 sumLPAP 1.29809696191975E+00 harm
KEEPDBG accept 8 cc 6.68874837544619E-01 sumModel-2.36666891828247E+02 sumForcing-7.01355145403627E+02 sumM-7.44406179116044E-03 trend-6.27751716775194E-02 aero 0.00000000000000E+00 level 2.18157847364290E+02 k0-9.91709863916319E+01 init-1.58814253861660E+00 IR-4.93175425595353E-01 impC 2.61442823998151E-02 mP 7.40871794805222E-03 year-5.48601554518334E-06 sumLPAP 1.29809696191975E+00 harm
KEEPDBG accept 4 cc 6.21101663046513E-01 sumModel-2.07696080439210E+02 sumForcing 3.16147276940510E+02 sumM 5.17481373446354E-02 trend-4.11943760794406E-02 aero 0.00000000000000E+00 level 4.77781669255856E+02 k0-3.46893982558210E+03 init-1.62252110652551E+00 IR-5.12927840121358E-01 impC 3.09625267975100E-02 mP 5.36959968347591E-03 year-5.48601554518334E-06 sumLPAP 1.29809696191975E+00 harm
KEEPDBG accept 16 cc 6.33430250775973E-01 sumModel-2.24065920385406E+02 sumForcing 3.29444388206605E+01 sumM-9.73050031200771E-03 trend-4.66645562483010E-02 aero 0.00000000000000E+00 level 2.06821715327149E+03 k0-6.49368314085242E+04 init-1.59810304192522E+00 IR-5.05430780312495E-01 impC 2.87155277990137E-02 mP 5.60907175626309E-03 year-5.48601554518334E-06 sumLPAP 1.29809696191975E+00 harm
KEEPDBG accept 5 cc 6.69131114913056E-01 sumModel-2.24507006121673E+02 sumForcing-8.01530423317874E+02 sumM 6.02240141133979E-02 trend-5.87809353259061E-02 aero 0.00000000000000E+00 level-5.89395109918328E+04 k0-1.46976050331231E+05 init-1.07028375227120E+00 IR-5.17443371775408E-01 impC 3.03679117518479E-02 mP 6.19114198431693E-03 year-5.48601554518334E-06 sumLPAP 1.29809696191975E+00 harm
KEEPDBG accept 6 cc 6.21893803554979E-01 sumModel-1.92489418342472E+02 sumForcing 2.38194504523868E+02 sumM 5.18441880480850E-02 trend-3.51442114408460E-02 aero 0.00000000000000E+00 level 6.79051803570947E+02 k0-7.20509124048092E+03 init-1.63964837386325E+00 IR-5.51537428345812E-01 impC 3.29750846897909E-02 mP 5.45471264263892E-03 year-5.48601554518334E-06 sumLPAP 1.29809696191975E+00 harm
KEEPDBG accept 8 cc 6.69411819391006E-01 sumModel-2.35324384928001E+02 sumForcing-6.41450435276477E+02 sumM-7.44406179116044E-03 trend-6.20581991922413E-02 aero 0.00000000000000E+00 level 2.19694907601853E+02 k0-8.83593569710735E+01 init-1.58814253861660E+00 IR-4.93175425595353E-01 impC 2.61442823998151E-02 mP 7.16684568938018E-03 year-5.48601554518334E-06 sumLPAP 1.29809696191975E+00 harm
KEEPDBG accept 1 cc 6.59892159756409E-01 sumModel-2.36362079578943E+02 sumForcing 7.52505879504593E+02 sumM 5.92214448573516E-02 trend-6.00531352597247E-02 aero 0.00000000000000E+00 level-1.17426205721038E+03 k0 5.35900926781018E+03 init-1.66243980244240E+00 IR-4.85045834151474E-01 impC 2.73842984530657E-02 mP 5.82301441740208E-03 year-5.48601554518334E-06 sumLPAP 1.29809696191975E+00 harm
KEEPDBG accept 11 cc 6.60888573613813E-01 sumModel-3.17422033497101E+02 sumForcing 3.53714638529244E+02 sumM 5.29520878232896E-02 trend-9.07295404602229E-02 aero 0.00000000000000E+00 level 1.26793290326339E+03 k0 2.25427208018533E+02 init-1.52282992638264E+00 IR-2.47028566088695E-01 impC-8.36966182738524E-05 mP 6.02235364336343E-03 year-5.48601554518334E-06 sumLPAP 1.29809696191975E+00 harm
KEEPDBG accept 3 cc 6.57299616579316E-01 sumModel-2.87898533060278E+02 sumForcing 2.58047749933854E+02 sumM 4.93878005820186E-02 trend-8.01608641862946E-02 aero 0.00000000000000E+00 level-2.24756050137977E+04 k0 2.04992217183225E+05 init-1.35117482617867E+00 IR-3.43853539030010E-01 impC 3.20283790075148E-02 mP 6.00916970075535E-03 year-5.48601554518334E-06 sumLPAP 1.29809696191975E+00 harm
KEEPDBG accept 11 cc 6.60924611095332E-01 sumModel-3.17275165929051E+02 sumForcing 3.50747949656521E+02 sumM 5.29520878232896E-02 trend-9.10747671710426E-02 aero 0.00000000000000E+00 level 1.26562779710234E+03 k0 1.90486829436006E+02 init-1.52282992638264E+00 IR-2.47028566088695E-01 impC-8.36966182738524E-05 mP 6.02235364336343E-03 year-5.48601554518334E-06 sumLPAP 1.29809696191975E+00 harm
KEEPDBG accept 5 cc 6.69136189127158E-01 sumModel-2.24481648554524E+02 sumForcing-8.01589531956035E+02 sumM 6.02240141133979E-02 trend-5.87679583059990E-02 aero 0.00000000000000E+00 level-5.89582647845587E+04 k0-1.47038662797824E+05 init-1.07028375227120E+00 IR-5.17443371775408E-01 impC 3.03679117518479E-02 mP 6.19114198431693E-03 year-5.48601554518334E-06 sumLPAP 1.29809696191975E+00 harm
KEEPDBG accept 3 cc 6.58169198946640E-01 sumModel-2.88049352541326E+02 sumForcing 1.57768932031253E+02 sumM 4.93878005820186E-02 trend-8.07909747341863E-02 aero 0.00000000000000E+00 level-5.75309145929801E+04 k0 8.51971989248631E+05 init-1.35117482617867E+00 IR-3.43853539030010E-01 impC 3.20283790075148E-02 mP 6.00916970075535E-03 year-5.48601554518334E-06 sumLPAP 1.29809696191975E+00 harm
KEEPDBG accept 15 cc 6.21938762168546E-01 sumModel-2.00631537969109E+02 sumForcing 5.15206236418974E+02 sumM 5.12107915409551E-02 trend-3.98197935093250E-02 aero 0.00000000000000E+00 level 2.09689789582830E+02 k0-7.27688870299164E+02 init-1.58447521335943E+00 IR-5.31128948517388E-01 impC 3.18343706203035E-02 mP 5.54002239091850E-03 year-5.48601554518334E-06 sumLPAP 1.29809696191975E+00 harm
KEEPDBG accept 7 cc 6.38160590107962E-01 sumModel-2.40969673377188E+02 sumForcing-6.78719270156887E+01 sumM-5.11170330576594E-02 trend-6.22417378434792E-02 aero 0.00000000000000E+00 level 4.99076684938962E+03 k0-2.65458491545032E+04 init-1.63257776063903E+00 IR-5.10350187884787E-01 impC 3.01620971431904E-02 mP 5.41012662868544E-03 year-5.48601554518334E-06 sumLPAP 1.29809696191975E+00 harm
KEEPDBG accept 9 cc 6.71461072281606E-01 sumModel-2.36718588671298E+02 sumForcing-3.19448874260301E+02 sumM-3.38525222411920E-02 trend-6.52034914426589E-02 aero 0.00000000000000E+00 level 1.31647682192723E+02 k0 7.47006542046242E+00 init-1.65150466811041E+00 IR-5.07867497589752E-01 impC 9.96668026585027E-03 mP 5.52706688016834E-03 year-5.48601554518334E-06 sumLPAP 1.29809696191975E+00 harm
KEEPDBG accept 5 cc 6.69136550890540E-01 sumModel-2.24580012588572E+02 sumForcing-8.01589531956035E+02 sumM 6.02240141133979E-02 trend-5.87679583059990E-02 aero 0.00000000000000E+00 level-5.89582647845587E+04 k0-1.47038662797824E+05 init-1.07028375227120E+00 IR-5.17443371775408E-01 impC 2.99135260537251E-02 mP 6.19114198431693E-03 year-5.48601554518334E-06 sumLPAP 1.29809696191975E+00 harm
KEEPDBG accept 8 cc 6.69411821450199E-01 sumModel-2.35324385434533E+02 sumForcing-6.41453152776906E+02 sumM-7.44406179116044E-03 trend-6.20582020187158E-02 aero 0.00000000000000E+00 level 2.19694726210442E+02 k0-8.83593954881561E+01 init-1.58814253861660E+00 IR-4.93175425595353E-01 impC 2.61442823998151E-02 mP 7.16684568938018E-03 year-5.48601554518334E-06 sumLPAP 1.29809696191975E+00 harm
KEEPDBG accept 13 cc 6.21484508662640E-01 sumModel-2.08091484260356E+02 sumForcing 2.60635979590074E+02 sumM 5.15310762273354E-02 trend-4.24213087832765E-02 aero 0.00000000000000E+00 level 7.00516377330936E+02 k0-6.58377713138731E+03 init-1.65124535234795E+00 IR-5.12125370810645E-01 impC 3.06167647551468E-02 mP 5.49285088775327E-03 year-5.48601554518334E-06 sumLPAP 1.29809696191975E+00 harm
KEEPDBG accept 15 cc 6.21939774826609E-01 sumModel-2.00643253156517E+02 sumForcing 5.15564721737472E+02 sumM 5.12107915409551E-02 trend-3.98347533456222E-02 aero 0.00000000000000E+00 level 2.09939135670839E+02 k0-7.28297046693630E+02 init-1.58447521335943E+00 IR-5.31128948517388E-01 impC 3.18343706203035E-02 mP 5.54002239091850E-03 year-5.48601554518334E-06 sumLPAP 1.29809696191975E+00 harm
KEEPDBG accept 16 cc 6.33432198705091E-01 sumModel-2.36259807587957E+02 sumForcing 3.29444388206605E+01 sumM-9.73050031200771E-03 trend-4.66645562483010E-02 aero 0.00000000000000E+00 level 2.06821715327149E+03 k0-6.49368314085242E+04 init-1.59810304192522E+00 IR-5.05430780312495E-01 impC-2.84614346196812E-02 mP 5.60907175626309E-03 year-5.48601554518334E-06 sumLPAP 1.29809696191975E+00 harm
KEEPDBG accept 11 cc 6.63392902091158E-01 sumModel-3.16636927667039E+02 sumForcing 3.65209701745522E+02 sumM 5.29520878232896E-02 trend-8.84874363122219E-02 aero 0.00000000000000E+00 level 1.32235942594482E+03 k0 1.70399414449023E+01 init-1.52282992638264E+00 IR-2.47028566088695E-01 impC-8.36966182738524E-05 mP 6.02235364336343E-03 year-5.48601554518334E-06 sumLPAP 1.29809696191975E+00 harm
