RESPONSE FILE
ALIAS not set, use default
EXCLUDE not set, use default
ALTERNATE not set, use default
CLIMATE_INDEX not set, use default
DLOD_REF not set, use default
EVERY not set, use default
FILTER 0.0
FLIP 0.0015
FORCING not set, use default
FSTEP not set, use default
IMPULSE not set, use default
MAXH 3
MAXLOOPS not set, use default
MERMS not set, use default
METRIC not set, use default
MLR not set, use default
NH 
NM 3
RESET not set, use default
SAMPLING not set, use default
SCALING not set, use default
SPLIT_LOW not set, use default
SPLIT_TRAINING not set, use default
SPREAD_CYCLE not set, use default
SPREAD_MIN 0.000001
SPREAD_MAX 0.45
STARTING_METRIC not set, use default
STEP not set, use default
THRESHOLD not set, use default
THRESHOLD_ACTION CATCHUP
TRAIN_END not set, use default
TRAIN_START not set, use default
TREND not set, use default
YEAR 0.00405305
F9 not set, use default
DECAY 48.0
FMULT not set, use default
FSTART not set, use default
LOCKF not set, use default
SYM not set, use default
NONLIN not set, use default
IDATE 1880.0
TEST_ONLY not set, use default
TIMEOUT not set, use default
NUMBER_OF_PROCESSORS not set, use default
LOCKT not set, use default
DTW 3
LOCKA not set, use default
CAL_LOD not set, use default
FRICTION not set, use default
JERK 0.0
RIDGE not set, use default
COVERAGE not set, use default
ENCLOSING not set, use default
ENCLOSED not set, use default
UNCOMPENSATED not set, use default
STRICT_IDATE not set, use default
INIT_DATE 1880.0
VALIDATE TRUE
MANIFOLD not set, use default
ACCEL not set, use default
AERO not set, use default
AERO_LAG not set, use default
ALPHA not set, use default
ALPHA_GAIN not set, use default
ALPHA_SLOPE not set, use default
ALPHA_SIGN not set, use default
LAYER 1
LAYER_K not set, use default
LAYER_HP not set, use default
LAYER_MIX not set, use default
IR_SIDE 0
IR_BASE not set, use default
ANNUAL_DITHER not set, use default
ANNUAL_DITHER_PHASE not set, use default
ANNUAL_DITHER_STAGE not set, use default
TIDES ZONAL
ZONAL_KAPPA not set, use default
ZONAL_TAU not set, use default
ZONAL_WSUN not set, use default
ZONAL_ECC not set, use default
ZONAL_EVECT not set, use default
ZONAL_VAR not set, use default
ZONAL_ANNEQ not set, use default
ZONAL_INCL not set, use default
 16 processors available, timeout= 60.000000000
*** JSON-ONLY MODE ***
Reading primary file: lt.exe.p
=== Reading JSON LPAP from: LPAP ===
  Field 'LPAP' not found in JSON
=== Reading JSON LPAP from: lpap ===
  Array contains 42 triplets
  MATCH: JSON period 2.73216615540000E+01 -> Index 1 (LP= 2.73216615540000E+01, diff= 3.55271367880050E-15, Amp=-1.41983942478954E-05, Phase= 1.79024987047424E+00)
  MATCH: JSON period 2.72122208150000E+01 -> Index 2 (LP= 2.72122208150000E+01, diff= 3.55271367880050E-15, Amp=-2.49970759085058E-03, Phase=-1.34084564994559E+00)
  MATCH: JSON period 1.09517502233364E+03 -> Index 3 (LP= 1.09517502233364E+03, diff= 4.09272615797818E-12, Amp=-1.96737534666516E-02, Phase=-6.70189748479613E-01)
  MATCH: JSON period 1.36334156847556E+01 -> Index 4 (LP= 1.36334156847556E+01, diff= 4.97379915032070E-14, Amp= 1.25283452141822E-01, Phase= 1.58893237621776E+00)
  MATCH: JSON period 1.36608307770000E+01 -> Index 5 (LP= 1.36608307770000E+01, diff= 1.77635683940025E-15, Amp= 2.96107841368090E-01, Phase= 6.38291616890001E-01)
  MATCH: JSON period 1.36061104075000E+01 -> Index 6 (LP= 1.36061104075000E+01, diff= 1.77635683940025E-15, Amp= 1.14183198944462E-03, Phase= 2.52810930400412E+00)
  MATCH: JSON period 2.75545498860000E+01 -> Index 7 (LP= 2.75545498860000E+01, diff= 3.55271367880050E-15, Amp= 9.79803490770383E-02, Phase= 1.73361885285619E-01)
  MATCH: JSON period 1.37772749430000E+01 -> Index 8 (LP= 1.37772749430000E+01, diff= 1.77635683940025E-15, Amp= 2.93076666603550E-02, Phase=-2.77304000894839E+00)
  MATCH: JSON period 6.79347648813065E+03 -> Index 9 (LP= 6.79347648813065E+03, diff= 4.54747350886464E-12, Amp= 1.93851666889097E-03, Phase= 5.93400408716589E+00)
  MATCH: JSON period 1.61630271425126E+03 -> Index 10 (LP= 1.61630271425126E+03, diff= 2.95585778076202E-12, Amp= 6.43454425684792E-03, Phase=-4.04816812421205E+00)
  MATCH: JSON period 3.18120938875855E+01 -> Index 11 (LP= 3.18120938043517E+01, diff= 8.32337931910843E-08, Amp= 1.93339981172168E-02, Phase= 1.57222795403526E-01)
  MATCH: JSON period 1.30566025845931E+03 -> Index 12 (LP= 1.30566025845931E+03, diff= 2.50111042987555E-12, Amp= 1.55336748596830E-02, Phase= 1.19622773937994E+00)
  MATCH: JSON period 2.74432392622558E+01 -> Index 13 (LP= 2.74432392622558E+01, diff= 2.13162820728030E-14, Amp= 2.07539470639421E-03, Phase=-2.07586883400658E+00)
  MATCH: JSON period 2.76667671457246E+01 -> Index 14 (LP= 2.76667671457246E+01, diff= 3.90798504668055E-14, Amp= 4.66475663236521E-03, Phase= 2.94705546980298E+00)
  MATCH: JSON period 2.19035004466729E+03 -> Index 15 (LP= 2.19035004466729E+03, diff= 1.81898940354586E-12, Amp= 1.80114512082362E-03, Phase=-2.12464278235811E+00)
  MATCH: JSON period 2.69850593472905E+01 -> Index 16 (LP= 2.69850593472905E+01, diff= 7.10542735760100E-15, Amp=-7.32808195111687E-05, Phase= 1.33568369115944E+00)
  MATCH: JSON period 6.16720701373239E+03 -> Index 17 (LP= 6.16720701373239E+03, diff= 0.00000000000000E+00, Amp= 3.22103843921943E-03, Phase= 7.18681337054656E-02)
  MATCH: JSON period-3.23260542850251E+03 -> Index 18 (LP=-3.23260542850251E+03, diff= 4.09272615797818E-12, Amp= 1.12313137484227E-02, Phase= 2.62707151487444E-01)
  MATCH: JSON period-2.12090900683440E+03 -> Index 19 (LP=-2.12090900683440E+03, diff= 4.09272615797818E-12, Amp= 5.70280496109780E-03, Phase= 7.11881544919432E+00)
  MATCH: JSON period 9.13295078375850E+00 -> Index 20 (LP= 9.13295078375850E+00, diff= 3.55271367880050E-15, Amp= 9.04945741115322E-02, Phase=-2.20797555021622E+00)
  MATCH: JSON period 9.12068919638272E+00 -> Index 21 (LP= 9.12068919638272E+00, diff= 3.55271367880050E-15, Amp= 3.66228943680091E-02, Phase=-1.40612649734229E+00)
  MATCH: JSON period 9.10846048883933E+00 -> Index 22 (LP= 9.10846048883933E+00, diff= 3.55271367880050E-15, Amp= 4.83989301078102E-03, Phase=-9.86654930172276E-01)
  MATCH: JSON period 3.39673824406533E+03 -> Index 23 (LP= 3.39673824406533E+03, diff= 2.72848410531878E-12, Amp= 2.98618601033514E-03, Phase=-1.24176651664034E+00)
  MATCH: JSON period 1.65631999626209E+03 -> Index 24 (LP= 1.65631999626209E+03, diff= 0.00000000000000E+00, Amp=-2.01518839287005E-03, Phase= 7.75756736471351E-02)
  MATCH: JSON period 9.55688763073544E+00 -> Index 25 (LP= 9.55688762322357E+00, diff= 7.51187378966733E-09, Amp= 2.40792446379548E-02, Phase=-2.43785669612713E+00)
  MATCH: JSON period 9.18484996200000E+00 -> Index 26 (LP= 9.18484996200000E+00, diff= 0.00000000000000E+00, Amp= 1.19718838046386E-02, Phase= 7.40554254222857E-01)
  MATCH: JSON period 9.54346213417505E+00 -> Index 27 (LP= 9.54346212668427E+00, diff= 7.49078132855630E-09, Amp= 1.31701382387337E-02, Phase=-1.17791231601385E+00)
  MATCH: JSON period 7.08840687523282E+00 -> Index 28 (LP= 7.08840687110032E+00, diff= 4.13250234032603E-09, Amp= 5.50692814088601E-03, Phase= 1.83888131213569E+00)
  MATCH: JSON period 6.85248390315609E+00 -> Index 29 (LP= 6.85248390315609E+00, diff= 3.55271367880050E-15, Amp= 8.53010446844121E-03, Phase= 2.34758906268534E+00)
  MATCH: JSON period 6.85940288608689E+00 -> Index 30 (LP= 6.85940288608689E+00, diff= 4.44089209850063E-15, Amp= 3.27105558024737E-02, Phase= 1.09864386686543E+00)
  MATCH: JSON period 7.09581074182978E+00 -> Index 31 (LP= 7.09581073768865E+00, diff= 4.14113454638709E-09, Amp= 2.13892443348017E-02, Phase= 9.60591193830046E-01)
  MATCH: JSON period 5.64270811399083E+00 -> Index 32 (LP= 5.64270811137210E+00, diff= 2.61873278617486E-09, Amp= 5.93852279100618E-03, Phase=-1.74581131854305E+00)
  MATCH: JSON period 1.47653273334210E+01 -> Index 33 (LP= 1.47653273154901E+01, diff= 1.79308532466393E-08, Amp= 2.82500573692207E-02, Phase=-2.91375377362932E+00)
  MATCH: JSON period 9.61373178098826E+00 -> Index 34 (LP= 9.61373177338676E+00, diff= 7.60150342671295E-09, Amp= 6.44542614442561E-03, Phase= 9.01394734305444E-01)
  MATCH: JSON period 2.70926769265989E+01 -> Index 35 (LP= 2.70926769265989E+01, diff= 3.55271367880050E-15, Amp= 1.27111132832569E-02, Phase= 3.81490867223583E-02)
  MATCH: JSON period 5.63802513168964E+00 -> Index 36 (LP= 5.63802512907525E+00, diff= 2.61438870552411E-09, Amp=-5.43091346497432E-03, Phase=-2.00761380845592E+00)
  MATCH: JSON period 5.49218394831290E+00 -> Index 37 (LP= 5.49218394831290E+00, diff= 4.44089209850063E-15, Amp= 3.36465367438922E-03, Phase=-2.23688997871700E+00)
  MATCH: JSON period 1.47974890358585E+01 -> Index 38 (LP= 1.47974890178494E+01, diff= 1.80090911072739E-08, Amp= 4.12994643096640E-03, Phase=-4.08885729346563E+00)
  MATCH: JSON period 1.47333051319229E+01 -> Index 39 (LP= 1.47333051140697E+01, diff= 1.78532335581849E-08, Amp= 3.75415800742414E-08, Phase= 2.96578794048301E+00)
  MATCH: JSON period 1.53873722111070E+01 -> Index 40 (LP= 1.53873721818968E+01, diff= 2.92102448895548E-08, Amp=-6.03504763883049E-03, Phase=-1.70687924658327E+00)
  MATCH: JSON period 2.39421151361583E+01 -> Index 41 (LP= 2.39421151833038E+01, diff= 4.71455336992221E-08, Amp=-4.33762097673584E-03, Phase= 1.49460131160811E+00)
  MATCH: JSON period 1.82623147981992E+02 -> Index 42 (LP= 1.82623150725000E+02, diff= 2.74300799674165E-06, Amp= 2.49617555829872E-02, Phase=-6.37129748649247E-01)
=== LPAP Summary: Matched 42 out of 42 JSON triplets ===

Successfully loaded: lt.exe.p
*** JSON FILE LOADED SUCCESSFULLY ***
records from  1 ...  20829
factors from  1 ...  42
updated forcing  2019.03045764056
   0.97108046014=CC  365.24629596398=Yr
YA=-5.48601554518334E-06
Referencing dLOD
w.dat for Thread # 1 2
=== Param_B Overlay Verification ===
  NLP (tidal constituents) =  42
  NLT (modulations) =  11
  Expected overlay size =  113
  Calculated (P'Size / LF'Size - 1) =  113
  Manual (18 + NLP*2 + NLT) =  113
  ✓ Layout verification PASSED
  Scalar fields: 1.. 18
  LPAP array:  19.. 102
  LT array:  103.. 113

Catchup mode enabled:TRUE
KEEPDBG accept 1 cc 6.19409054512522E-01 sumModel-2.09804872954856E+02 sumForcing 1.35809517014671E+02 sumM 4.87976777788240E-02 trend-4.38454361522683E-02 aero 0.00000000000000E+00 level 1.49869948685207E+03 k0-2.89892655813154E+04 init-1.69578693643821E+00 IR-5.08708359306436E-01 impC 3.01482531785201E-02 mP 5.51492872052613E-03 year-5.48601554518334E-06 sumLPAP 1.29809696191975E+00 harm
w.dat for Thread # 2 3
=== Param_B Overlay Verification ===
  NLP (tidal constituents) =  42
  NLT (modulations) =  11
  Expected overlay size =  113
  Calculated (P'Size / LF'Size - 1) =  113
  Manual (18 + NLP*2 + NLT) =  113
  ✓ Layout verification PASSED
  Scalar fields: 1.. 18
  LPAP array:  19.. 102
  LT array:  103.. 113

Catchup mode enabled:TRUE
KEEPDBG accept 2 cc 6.19409054512522E-01 sumModel-2.09804872954856E+02 sumForcing 1.35809517014671E+02 sumM 4.87976777788240E-02 trend-4.38454361522683E-02 aero 0.00000000000000E+00 level 1.49869948685207E+03 k0-2.89892655813154E+04 init-1.69578693643821E+00 IR-5.08708359306436E-01 impC 3.01482531785201E-02 mP 5.51492872052613E-03 year-5.48601554518334E-06 sumLPAP 1.29809696191975E+00 harm
w.dat for Thread # 3 4
=== Param_B Overlay Verification ===
  NLP (tidal constituents) =  42
  NLT (modulations) =  11
  Expected overlay size =  113
  Calculated (P'Size / LF'Size - 1) =  113
  Manual (18 + NLP*2 + NLT) =  113
  ✓ Layout verification PASSED
  Scalar fields: 1.. 18
  LPAP array:  19.. 102
  LT array:  103.. 113

Catchup mode enabled:TRUE
KEEPDBG accept 3 cc 6.19409054512522E-01 sumModel-2.09804872954856E+02 sumForcing 1.35809517014671E+02 sumM 4.87976777788240E-02 trend-4.38454361522683E-02 aero 0.00000000000000E+00 level 1.49869948685207E+03 k0-2.89892655813154E+04 init-1.69578693643821E+00 IR-5.08708359306436E-01 impC 3.01482531785201E-02 mP 5.51492872052613E-03 year-5.48601554518334E-06 sumLPAP 1.29809696191975E+00 harm
w.dat for Thread # 4 5
=== Param_B Overlay Verification ===
  NLP (tidal constituents) =  42
  NLT (modulations) =  11
  Expected overlay size =  113
  Calculated (P'Size / LF'Size - 1) =  113
  Manual (18 + NLP*2 + NLT) =  113
  ✓ Layout verification PASSED
  Scalar fields: 1.. 18
  LPAP array:  19.. 102
  LT array:  103.. 113

Catchup mode enabled:TRUE
KEEPDBG accept 4 cc 6.19409054512522E-01 sumModel-2.09804872954856E+02 sumForcing 1.35809517014671E+02 sumM 4.87976777788240E-02 trend-4.38454361522683E-02 aero 0.00000000000000E+00 level 1.49869948685207E+03 k0-2.89892655813154E+04 init-1.69578693643821E+00 IR-5.08708359306436E-01 impC 3.01482531785201E-02 mP 5.51492872052613E-03 year-5.48601554518334E-06 sumLPAP 1.29809696191975E+00 harm
w.dat for Thread # 5 6
=== Param_B Overlay Verification ===
  NLP (tidal constituents) =  42
  NLT (modulations) =  11
  Expected overlay size =  113
  Calculated (P'Size / LF'Size - 1) =  113
  Manual (18 + NLP*2 + NLT) =  113
  ✓ Layout verification PASSED
  Scalar fields: 1.. 18
  LPAP array:  19.. 102
  LT array:  103.. 113

Catchup mode enabled:TRUE
KEEPDBG accept 5 cc 6.19409054512522E-01 sumModel-2.09804872954856E+02 sumForcing 1.35809517014671E+02 sumM 4.87976777788240E-02 trend-4.38454361522683E-02 aero 0.00000000000000E+00 level 1.49869948685207E+03 k0-2.89892655813154E+04 init-1.69578693643821E+00 IR-5.08708359306436E-01 impC 3.01482531785201E-02 mP 5.51492872052613E-03 year-5.48601554518334E-06 sumLPAP 1.29809696191975E+00 harm
w.dat for Thread # 6 7
=== Param_B Overlay Verification ===
  NLP (tidal constituents) =  42
  NLT (modulations) =  11
  Expected overlay size =  113
  Calculated (P'Size / LF'Size - 1) =  113
  Manual (18 + NLP*2 + NLT) =  113
  ✓ Layout verification PASSED
  Scalar fields: 1.. 18
  LPAP array:  19.. 102
  LT array:  103.. 113

Catchup mode enabled:TRUE
KEEPDBG accept 6 cc 6.19409054512522E-01 sumModel-2.09804872954856E+02 sumForcing 1.35809517014671E+02 sumM 4.87976777788240E-02 trend-4.38454361522683E-02 aero 0.00000000000000E+00 level 1.49869948685207E+03 k0-2.89892655813154E+04 init-1.69578693643821E+00 IR-5.08708359306436E-01 impC 3.01482531785201E-02 mP 5.51492872052613E-03 year-5.48601554518334E-06 sumLPAP 1.29809696191975E+00 harm
w.dat for Thread # 7 8
=== Param_B Overlay Verification ===
  NLP (tidal constituents) =  42
  NLT (modulations) =  11
  Expected overlay size =  113
  Calculated (P'Size / LF'Size - 1) =  113
  Manual (18 + NLP*2 + NLT) =  113
  ✓ Layout verification PASSED
  Scalar fields: 1.. 18
  LPAP array:  19.. 102
  LT array:  103.. 113

Catchup mode enabled:TRUE
KEEPDBG accept 3 cc 6.19409092607041E-01 sumModel-2.09804767698925E+02 sumForcing 1.35809245116837E+02 sumM 4.87976530380100E-02 trend-4.38453981845097E-02 aero 0.00000000000000E+00 level 1.49870683033356E+03 k0-2.89894691630274E+04 init-1.69578693643821E+00 IR-5.08708359306436E-01 impC 3.01482531785201E-02 mP 5.51492872052613E-03 year-5.48601554518334E-06 sumLPAP 1.29809696191975E+00 harm
KEEPDBG accept 7 cc 6.19409054512522E-01 sumModel-2.09804872954856E+02 sumForcing 1.35809517014671E+02 sumM 4.87976777788240E-02 trend-4.38454361522683E-02 aero 0.00000000000000E+00 level 1.49869948685207E+03 k0-2.89892655813154E+04 init-1.69578693643821E+00 IR-5.08708359306436E-01 impC 3.01482531785201E-02 mP 5.51492872052613E-03 year-5.48601554518334E-06 sumLPAP 1.29809696191975E+00 harm
w.dat for Thread # 8 9
=== Param_B Overlay Verification ===
  NLP (tidal constituents) =  42
  NLT (modulations) =  11
  Expected overlay size =  113
  Calculated (P'Size / LF'Size - 1) =  113
  Manual (18 + NLP*2 + NLT) =  113
  ✓ Layout verification PASSED
  Scalar fields: 1.. 18
  LPAP array:  19.. 102
  LT array:  103.. 113

Catchup mode enabled:TRUE
KEEPDBG accept 8 cc 6.19409054512522E-01 sumModel-2.09804872954856E+02 sumForcing 1.35809517014671E+02 sumM 4.87976777788240E-02 trend-4.38454361522683E-02 aero 0.00000000000000E+00 level 1.49869948685207E+03 k0-2.89892655813154E+04 init-1.69578693643821E+00 IR-5.08708359306436E-01 impC 3.01482531785201E-02 mP 5.51492872052613E-03 year-5.48601554518334E-06 sumLPAP 1.29809696191975E+00 harm
w.dat for Thread # 9 10
=== Param_B Overlay Verification ===
  NLP (tidal constituents) =  42
  NLT (modulations) =  11
  Expected overlay size =  113
  Calculated (P'Size / LF'Size - 1) =  113
  Manual (18 + NLP*2 + NLT) =  113
  ✓ Layout verification PASSED
  Scalar fields: 1.. 18
  LPAP array:  19.. 102
  LT array:  103.. 113

Catchup mode enabled:TRUE
KEEPDBG accept 9 cc 6.19409054512522E-01 sumModel-2.09804872954856E+02 sumForcing 1.35809517014671E+02 sumM 4.87976777788240E-02 trend-4.38454361522683E-02 aero 0.00000000000000E+00 level 1.49869948685207E+03 k0-2.89892655813154E+04 init-1.69578693643821E+00 IR-5.08708359306436E-01 impC 3.01482531785201E-02 mP 5.51492872052613E-03 year-5.48601554518334E-06 sumLPAP 1.29809696191975E+00 harm
KEEPDBG accept 5 cc 6.19409058932251E-01 sumModel-2.09807819253706E+02 sumForcing 1.35809517014671E+02 sumM 4.87976777788240E-02 trend-4.38462289136855E-02 aero 0.00000000000000E+00 level 1.49872295642258E+03 k0-2.89894432697783E+04 init-1.69578693643821E+00 IR-5.08700791413222E-01 impC 3.01482531785201E-02 mP 5.51492872052613E-03 year-5.48601554518334E-06 sumLPAP 1.29809696191975E+00 harm
w.dat for Thread # 10 11
=== Param_B Overlay Verification ===
  NLP (tidal constituents) =  42
  NLT (modulations) =  11
  Expected overlay size =  113
  Calculated (P'Size / LF'Size - 1) =  113
  Manual (18 + NLP*2 + NLT) =  113
  ✓ Layout verification PASSED
  Scalar fields: 1.. 18
  LPAP array:  19.. 102
  LT array:  103.. 113

Catchup mode enabled:TRUE
KEEPDBG accept 10 cc 6.19409058932251E-01 sumModel-2.09807819253706E+02 sumForcing 1.35809517014671E+02 sumM 4.87976777788240E-02 trend-4.38462289136855E-02 aero 0.00000000000000E+00 level 1.49872295642258E+03 k0-2.89894432697783E+04 init-1.69578693643821E+00 IR-5.08700791413222E-01 impC 3.01482531785201E-02 mP 5.51492872052613E-03 year-5.48601554518334E-06 sumLPAP 1.29809696191975E+00 harm
w.dat for Thread # 11 12
=== Param_B Overlay Verification ===
  NLP (tidal constituents) =  42
  NLT (modulations) =  11
  Expected overlay size =  113
  Calculated (P'Size / LF'Size - 1) =  113
  Manual (18 + NLP*2 + NLT) =  113
  ✓ Layout verification PASSED
  Scalar fields: 1.. 18
  LPAP array:  19.. 102
  LT array:  103.. 113

Catchup mode enabled:TRUE
KEEPDBG accept 8 cc 6.19409088270581E-01 sumModel-2.09804782392623E+02 sumForcing 1.35809073854792E+02 sumM 4.87976777788240E-02 trend-4.38452345413629E-02 aero 0.00000000000000E+00 level 1.49870325991952E+03 k0-2.89894442058644E+04 init-1.69578693643821E+00 IR-5.08708359306436E-01 impC 3.01482531785201E-02 mP 5.51492872052613E-03 year-5.48601554518334E-06 sumLPAP 1.29809696191975E+00 harm
KEEPDBG accept 1 cc 6.19409071318216E-01 sumModel-2.09804853018671E+02 sumForcing 1.35809234840575E+02 sumM 4.87976777788240E-02 trend-4.38453415617967E-02 aero 0.00000000000000E+00 level 1.49868945209949E+03 k0-2.89891471861062E+04 init-1.69577467200562E+00 IR-5.08708359306436E-01 impC 3.01482531785201E-02 mP 5.51492872052613E-03 year-5.48601554518334E-06 sumLPAP 1.29809696191975E+00 harm
KEEPDBG accept 3 cc 6.19409141057160E-01 sumModel-2.09804819642158E+02 sumForcing 1.35809200058781E+02 sumM 4.87976489380131E-02 trend-4.38454028287877E-02 aero 0.00000000000000E+00 level 1.49870681054505E+03 k0-2.89894214387836E+04 init-1.69578693643821E+00 IR-5.08708359306436E-01 impC 3.01482531785201E-02 mP 5.51492872052613E-03 year-5.48601554518334E-06 sumLPAP 1.29809696191975E+00 harm
KEEPDBG accept 11 cc 6.19409058932251E-01 sumModel-2.09807819253706E+02 sumForcing 1.35809517014671E+02 sumM 4.87976777788240E-02 trend-4.38462289136855E-02 aero 0.00000000000000E+00 level 1.49872295642258E+03 k0-2.89894432697783E+04 init-1.69578693643821E+00 IR-5.08700791413222E-01 impC 3.01482531785201E-02 mP 5.51492872052613E-03 year-5.48601554518334E-06 sumLPAP 1.29809696191975E+00 harm
w.dat for Thread # 12 13
=== Param_B Overlay Verification ===
  NLP (tidal constituents) =  42
  NLT (modulations) =  11
  Expected overlay size =  113
  Calculated (P'Size / LF'Size - 1) =  113
  Manual (18 + NLP*2 + NLT) =  113
  ✓ Layout verification PASSED
  Scalar fields: 1.. 18
  LPAP array:  19.. 102
  LT array:  103.. 113

Catchup mode enabled:TRUE
KEEPDBG accept 9 cc 6.19409119877856E-01 sumModel-2.09804817873681E+02 sumForcing 1.35808986294505E+02 sumM 4.87976777788240E-02 trend-4.38452029353631E-02 aero 0.00000000000000E+00 level 1.49870235711036E+03 k0-2.89894053748863E+04 init-1.69578693643821E+00 IR-5.08708359306436E-01 impC 3.01482531785201E-02 mP 5.51492872052613E-03 year-5.48601554518334E-06 sumLPAP 1.29809696191975E+00 harm
KEEPDBG accept 12 cc 6.19409058932251E-01 sumModel-2.09807819253706E+02 sumForcing 1.35809517014671E+02 sumM 4.87976777788240E-02 trend-4.38462289136855E-02 aero 0.00000000000000E+00 level 1.49872295642258E+03 k0-2.89894432697783E+04 init-1.69578693643821E+00 IR-5.08700791413222E-01 impC 3.01482531785201E-02 mP 5.51492872052613E-03 year-5.48601554518334E-06 sumLPAP 1.29809696191975E+00 harm
KEEPDBG accept 2 cc 6.19409054516346E-01 sumModel-2.09804901418198E+02 sumForcing 1.35809517014671E+02 sumM 4.87976777788240E-02 trend-4.38454361522683E-02 aero 0.00000000000000E+00 level 1.49869948685207E+03 k0-2.89892655813154E+04 init-1.69578693643821E+00 IR-5.08708359306436E-01 impC 3.01481209364022E-02 mP 5.51492872052613E-03 year-5.48601554518334E-06 sumLPAP 1.29809696191975E+00 harm
w.dat for Thread # 13 14
=== Param_B Overlay Verification ===
  NLP (tidal constituents) =  42
  NLT (modulations) =  11
  Expected overlay size =  113
  Calculated (P'Size / LF'Size - 1) =  113
  Manual (18 + NLP*2 + NLT) =  113
  ✓ Layout verification PASSED
  Scalar fields: 1.. 18
  LPAP array:  19.. 102
  LT array:  103.. 113

Catchup mode enabled:TRUE
KEEPDBG accept 13 cc 6.19409054516346E-01 sumModel-2.09804901418198E+02 sumForcing 1.35809517014671E+02 sumM 4.87976777788240E-02 trend-4.38454361522683E-02 aero 0.00000000000000E+00 level 1.49869948685207E+03 k0-2.89892655813154E+04 init-1.69578693643821E+00 IR-5.08708359306436E-01 impC 3.01481209364022E-02 mP 5.51492872052613E-03 year-5.48601554518334E-06 sumLPAP 1.29809696191975E+00 harm
w.dat for Thread # 14 15
=== Param_B Overlay Verification ===
  NLP (tidal constituents) =  42
  NLT (modulations) =  11
  Expected overlay size =  113
  Calculated (P'Size / LF'Size - 1) =  113
  Manual (18 + NLP*2 + NLT) =  113
  ✓ Layout verification PASSED
  Scalar fields: 1.. 18
  LPAP array:  19.. 102
  LT array:  103.. 113

Catchup mode enabled:TRUE
KEEPDBG accept 14 cc 6.19409054516346E-01 sumModel-2.09804901418198E+02 sumForcing 1.35809517014671E+02 sumM 4.87976777788240E-02 trend-4.38454361522683E-02 aero 0.00000000000000E+00 level 1.49869948685207E+03 k0-2.89892655813154E+04 init-1.69578693643821E+00 IR-5.08708359306436E-01 impC 3.01481209364022E-02 mP 5.51492872052613E-03 year-5.48601554518334E-06 sumLPAP 1.29809696191975E+00 harm
KEEPDBG accept 4 cc 6.19410027772356E-01 sumModel-2.09804402652661E+02 sumForcing 1.35803051706911E+02 sumM 4.87976777788240E-02 trend-4.38426455539537E-02 aero 0.00000000000000E+00 level 1.49873312671732E+03 k0-2.89906724047805E+04 init-1.69578693643821E+00 IR-5.08708359306436E-01 impC 3.01482531785201E-02 mP 5.51492872052613E-03 year-5.48601554518334E-06 sumLPAP 1.29809696191975E+00 harm
w.dat for Thread # 15 16
=== Param_B Overlay Verification ===
  NLP (tidal constituents) =  42
  NLT (modulations) =  11
  Expected overlay size =  113
  Calculated (P'Size / LF'Size - 1) =  113
  Manual (18 + NLP*2 + NLT) =  113
  ✓ Layout verification PASSED
  Scalar fields: 1.. 18
  LPAP array:  19.. 102
  LT array:  103.. 113

Catchup mode enabled:TRUE
KEEPDBG accept 10 cc 6.19409427095765E-01 sumModel-2.09807641568328E+02 sumForcing 1.35807003748602E+02 sumM 4.87976777788240E-02 trend-4.38451405322965E-02 aero 0.00000000000000E+00 level 1.49873623933684E+03 k0-2.89900116481014E+04 init-1.69578693643821E+00 IR-5.08700791413222E-01 impC 3.01482531785201E-02 mP 5.51492872052613E-03 year-5.48601554518334E-06 sumLPAP 1.29809696191975E+00 harm
KEEPDBG accept 8 cc 6.19409100243519E-01 sumModel-2.09804809745337E+02 sumForcing 1.35809089954165E+02 sumM 4.87976777788240E-02 trend-4.38452520518042E-02 aero 0.00000000000000E+00 level 1.49870266077424E+03 k0-2.89894004734266E+04 init-1.69578693643821E+00 IR-5.08708359306436E-01 impC 3.01482531785201E-02 mP 5.51492872052613E-03 year-5.48601554518334E-06 sumLPAP 1.29809696191975E+00 harm
KEEPDBG accept 15 cc 6.19410027772356E-01 sumModel-2.09804402652661E+02 sumForcing 1.35803051706911E+02 sumM 4.87976777788240E-02 trend-4.38426455539537E-02 aero 0.00000000000000E+00 level 1.49873312671732E+03 k0-2.89906724047805E+04 init-1.69578693643821E+00 IR-5.08708359306436E-01 impC 3.01482531785201E-02 mP 5.51492872052613E-03 year-5.48601554518334E-06 sumLPAP 1.29809696191975E+00 harm
w.dat for Thread # 16 1
=== Param_B Overlay Verification ===
  NLP (tidal constituents) =  42
  NLT (modulations) =  11
  Expected overlay size =  113
  Calculated (P'Size / LF'Size - 1) =  113
  Manual (18 + NLP*2 + NLT) =  113
  ✓ Layout verification PASSED
  Scalar fields: 1.. 18
  LPAP array:  19.. 102
  LT array:  103.. 113

Catchup mode enabled:TRUE
KEEPDBG accept 1 cc 6.19476094413380E-01 sumModel-2.09795541360098E+02 sumForcing 1.35888656288111E+02 sumM 4.87976777788240E-02 trend-4.38492320505538E-02 aero 0.00000000000000E+00 level 1.50339040911237E+03 k0-2.90621671868500E+04 init-1.69577467200562E+00 IR-5.08708359306436E-01 impC 3.01482531785201E-02 mP 5.51492872052613E-03 year-5.48601554518334E-06 sumLPAP 1.29809696191975E+00 harm
KEEPDBG accept 13 cc 6.19409620124893E-01 sumModel-2.09804835045579E+02 sumForcing 1.35810148966253E+02 sumM 4.87976777788240E-02 trend-4.38454674610551E-02 aero 0.00000000000000E+00 level 1.49873639240396E+03 k0-2.89898325401251E+04 init-1.69578693643821E+00 IR-5.08708359306436E-01 impC 3.01481209364022E-02 mP 5.51492872052613E-03 year-5.48601554518334E-06 sumLPAP 1.29809696191975E+00 harm
KEEPDBG accept 10 cc 6.19409427099089E-01 sumModel-2.09807666319763E+02 sumForcing 1.35807003748602E+02 sumM 4.87976777788240E-02 trend-4.38451405322965E-02 aero 0.00000000000000E+00 level 1.49873623933684E+03 k0-2.89900116481014E+04 init-1.69578693643821E+00 IR-5.08700791413222E-01 impC 3.01481381815308E-02 mP 5.51492872052613E-03 year-5.48601554518334E-06 sumLPAP 1.29809696191975E+00 harm
KEEPDBG accept 16 cc 6.19410027772356E-01 sumModel-2.09804402652661E+02 sumForcing 1.35803051706911E+02 sumM 4.87976777788240E-02 trend-4.38426455539537E-02 aero 0.00000000000000E+00 level 1.49873312671732E+03 k0-2.89906724047805E+04 init-1.69578693643821E+00 IR-5.08708359306436E-01 impC 3.01482531785201E-02 mP 5.51492872052613E-03 year-5.48601554518334E-06 sumLPAP 1.29809696191975E+00 harm
KEEPDBG accept 3 cc 6.19409173155309E-01 sumModel-2.09804881850350E+02 sumForcing 1.35809197138413E+02 sumM 4.87976489380131E-02 trend-4.38454127975372E-02 aero 0.00000000000000E+00 level 1.49870489579229E+03 k0-2.89893321109735E+04 init-1.69578693643821E+00 IR-5.08708359306436E-01 impC 3.01482531785201E-02 mP 5.51492872052613E-03 year-5.48601554518334E-06 sumLPAP 1.29809696191975E+00 harm
KEEPDBG accept 15 cc 6.19410032455902E-01 sumModel-2.09804404589102E+02 sumForcing 1.35803247580870E+02 sumM 4.87976777788240E-02 trend-4.38426470693933E-02 aero 0.00000000000000E+00 level 1.49872867328638E+03 k0-2.89905303223112E+04 init-1.69578693643821E+00 IR-5.08708359306436E-01 impC 3.01482531785201E-02 mP 5.51492872052613E-03 year-5.48601554518334E-06 sumLPAP 1.29809696191975E+00 harm
KEEPDBG accept 2 cc 6.19468706926139E-01 sumModel-2.09796473585915E+02 sumForcing 1.35879896868864E+02 sumM 4.87976777788240E-02 trend-4.38488447210807E-02 aero 0.00000000000000E+00 level 1.50286966381163E+03 k0-2.90541977413509E+04 init-1.69578693643821E+00 IR-5.08708359306436E-01 impC 3.01481209364022E-02 mP 5.51492872052613E-03 year-5.48601554518334E-06 sumLPAP 1.29809696191975E+00 harm
KEEPDBG accept 8 cc 6.19409485230909E-01 sumModel-2.09804811040233E+02 sumForcing 1.35808050232600E+02 sumM 4.87975831694175E-02 trend-4.38451753277599E-02 aero 0.00000000000000E+00 level 1.49872227799298E+03 k0-2.89896590949255E+04 init-1.69578693643821E+00 IR-5.08708359306436E-01 impC 3.01482531785201E-02 mP 5.51492872052613E-03 year-5.48601554518334E-06 sumLPAP 1.29809696191975E+00 harm
KEEPDBG accept 9 cc 6.19409139366187E-01 sumModel-2.09804835682675E+02 sumForcing 1.35806602288878E+02 sumM 4.87976777788240E-02 trend-4.38452109812257E-02 aero 0.00000000000000E+00 level 1.49875176403937E+03 k0-2.89908990241834E+04 init-1.69578693643821E+00 IR-5.08708359306436E-01 impC 3.01482531785201E-02 mP 5.51492872052613E-03 year-5.48601554518334E-06 sumLPAP 1.29809696191975E+00 harm
KEEPDBG accept 12 cc 6.19409147520221E-01 sumModel-2.09807995172188E+02 sumForcing 1.35810096536153E+02 sumM 4.87976777788240E-02 trend-4.38463061567025E-02 aero 0.00000000000000E+00 level 1.49873876046409E+03 k0-2.89895554631435E+04 init-1.69578693643821E+00 IR-5.08700791413222E-01 impC 3.01482531785201E-02 mP 5.51496500494062E-03 year-5.48601554518334E-06 sumLPAP 1.29809696191975E+00 harm
KEEPDBG accept 5 cc 6.19409546426047E-01 sumModel-2.09807709577115E+02 sumForcing 1.35804473231168E+02 sumM 4.87976777788240E-02 trend-4.38446007036851E-02 aero 0.00000000000000E+00 level 1.49853608098007E+03 k0-2.89868469078828E+04 init-1.69556773059798E+00 IR-5.08700791413222E-01 impC 3.01482531785201E-02 mP 5.51492872052613E-03 year-5.48601554518334E-06 sumLPAP 1.29809696191975E+00 harm
KEEPDBG accept 7 cc 6.19409373427512E-01 sumModel-2.09804860776281E+02 sumForcing 1.35808639629739E+02 sumM 4.87975979418900E-02 trend-4.38453698748882E-02 aero 0.00000000000000E+00 level 1.49871587783451E+03 k0-2.89894875219306E+04 init-1.69578693643821E+00 IR-5.08708359306436E-01 impC 3.01482531785201E-02 mP 5.51492872052613E-03 year-5.48601554518334E-06 sumLPAP 1.29809696191975E+00 harm
KEEPDBG accept 13 cc 6.19409710998601E-01 sumModel-2.09805052893811E+02 sumForcing 1.35811257929278E+02 sumM 4.87976777788240E-02 trend-4.38455926904246E-02 aero 0.00000000000000E+00 level 1.49877103778115E+03 k0-2.89902460116892E+04 init-1.69578693643821E+00 IR-5.08708359306436E-01 impC 3.01481209364022E-02 mP 5.51499815331887E-03 year-5.48601554518334E-06 sumLPAP 1.29809696191975E+00 harm
KEEPDBG accept 16 cc 6.19410122383782E-01 sumModel-2.09804454964145E+02 sumForcing 1.35802761224488E+02 sumM 4.87976777788240E-02 trend-4.38425354156732E-02 aero 0.00000000000000E+00 level 1.49873198151340E+03 k0-2.89906061855916E+04 init-1.69578693643821E+00 IR-5.08708359306436E-01 impC 3.01482531785201E-02 mP 5.51492872052613E-03 year-5.48601554518334E-06 sumLPAP 1.29809696191975E+00 harm
KEEPDBG accept 4 cc 6.19410244103583E-01 sumModel-2.09804781046295E+02 sumForcing 1.35804429116396E+02 sumM 4.87976777788240E-02 trend-4.38428302635678E-02 aero 0.00000000000000E+00 level 1.49877217250202E+03 k0-2.89909612360133E+04 init-1.69578693643821E+00 IR-5.08708359306436E-01 impC 3.01482531785201E-02 mP 5.51501495760218E-03 year-5.48601554518334E-06 sumLPAP 1.29809696191975E+00 harm
KEEPDBG accept 7 cc 6.19410341617706E-01 sumModel-2.09804464046440E+02 sumForcing 1.35802477817260E+02 sumM 4.87975979418900E-02 trend-4.38427218188168E-02 aero 0.00000000000000E+00 level 1.49874654872738E+03 k0-2.89907416332210E+04 init-1.69578693643821E+00 IR-5.08708359306436E-01 impC 3.01482531785201E-02 mP 5.51492872052613E-03 year-5.48601554518334E-06 sumLPAP 1.29809696191975E+00 harm
KEEPDBG accept 16 cc 6.19410613103823E-01 sumModel-2.09804417913641E+02 sumForcing 1.35801407434823E+02 sumM 4.87975545841221E-02 trend-4.38424315852349E-02 aero 0.00000000000000E+00 level 1.49875870290880E+03 k0-2.89909819717163E+04 init-1.69578693643821E+00 IR-5.08708359306436E-01 impC 3.01482531785201E-02 mP 5.51492872052613E-03 year-5.48601554518334E-06 sumLPAP 1.29809696191975E+00 harm
KEEPDBG accept 16 cc 6.19410716830911E-01 sumModel-2.09804362303728E+02 sumForcing 1.35801282130783E+02 sumM 4.87975545841221E-02 trend-4.38423264050892E-02 aero 0.00000000000000E+00 level 1.49879718804020E+03 k0-2.89916029677543E+04 init-1.69578693643821E+00 IR-5.08708359306436E-01 impC 3.01482531785201E-02 mP 5.51492872052613E-03 year-5.48601554518334E-06 sumLPAP 1.29809696191975E+00 harm
KEEPDBG accept 2 cc 6.19487012836794E-01 sumModel-2.09797173401632E+02 sumForcing 1.35829034882316E+02 sumM 4.87930372800793E-02 trend-4.38450979846395E-02 aero 0.00000000000000E+00 level 1.50379927887107E+03 k0-2.90655338409489E+04 init-1.69578693643821E+00 IR-5.08708359306436E-01 impC 3.01481209364022E-02 mP 5.51492872052613E-03 year-5.48601554518334E-06 sumLPAP 1.29809696191975E+00 harm
KEEPDBG accept 4 cc 6.19410244104352E-01 sumModel-2.09804786772054E+02 sumForcing 1.35804429116396E+02 sumM 4.87976777788240E-02 trend-4.38428302635678E-02 aero 0.00000000000000E+00 level 1.49877217250202E+03 k0-2.89909612360133E+04 init-1.69578693643821E+00 IR-5.08708359306436E-01 impC 3.01482265763537E-02 mP 5.51501495760218E-03 year-5.48601554518334E-06 sumLPAP 1.29809696191975E+00 harm
KEEPDBG accept 11 cc 6.19409180645388E-01 sumModel-2.09807829769347E+02 sumForcing 1.35809172885308E+02 sumM 4.87976464653959E-02 trend-4.38462015588541E-02 aero 0.00000000000000E+00 level 1.49872963218642E+03 k0-2.89895423080872E+04 init-1.69578693643821E+00 IR-5.08700791413222E-01 impC 3.01482531785201E-02 mP 5.51492872052613E-03 year-5.48601554518334E-06 sumLPAP 1.29809696191975E+00 harm
KEEPDBG accept 15 cc 6.19410054477990E-01 sumModel-2.09804431761379E+02 sumForcing 1.35803168853874E+02 sumM 4.87976777788240E-02 trend-4.38426440673354E-02 aero 0.00000000000000E+00 level 1.49872487492962E+03 k0-2.89904269756416E+04 init-1.69578693643821E+00 IR-5.08708359306436E-01 impC 3.01482531785201E-02 mP 5.51492872052613E-03 year-5.48601554518334E-06 sumLPAP 1.29809696191975E+00 harm
KEEPDBG accept 3 cc 6.19409368722202E-01 sumModel-2.09804798377610E+02 sumForcing 1.35807949838714E+02 sumM 4.87976489380131E-02 trend-4.38448766402120E-02 aero 0.00000000000000E+00 level 1.49871104971204E+03 k0-2.89895867873462E+04 init-1.69578693643821E+00 IR-5.08708359306436E-01 impC 3.01482531785201E-02 mP 5.51492872052613E-03 year-5.48601554518334E-06 sumLPAP 1.29809696191975E+00 harm
KEEPDBG accept 9 cc 6.19409149689259E-01 sumModel-2.09811757299059E+02 sumForcing 1.35806602288878E+02 sumM 4.87976777788240E-02 trend-4.38470733534889E-02 aero 0.00000000000000E+00 level 1.49880690100483E+03 k0-2.89913164760349E+04 init-1.69578693643821E+00 IR-5.08690580612939E-01 impC 3.01482531785201E-02 mP 5.51492872052613E-03 year-5.48601554518334E-06 sumLPAP 1.29809696191975E+00 harm
KEEPDBG accept 15 cc 6.19433656702520E-01 sumModel-2.09800913427041E+02 sumForcing 1.35830389279436E+02 sumM 4.87976777788240E-02 trend-4.38438940376048E-02 aero 0.00000000000000E+00 level 1.50034452180254E+03 k0-2.90158982674582E+04 init-1.69578693643821E+00 IR-5.08708359306436E-01 impC 3.01482531785201E-02 mP 5.51492872052613E-03 year-5.48601554518334E-06 sumLPAP 1.29809696191975E+00 harm
KEEPDBG accept 4 cc 6.19411728528226E-01 sumModel-2.09804819132441E+02 sumForcing 1.35800456031798E+02 sumM 4.87973162040279E-02 trend-4.38425412971196E-02 aero 0.00000000000000E+00 level 1.49884578653466E+03 k0-2.89918907529753E+04 init-1.69578693643821E+00 IR-5.08708359306436E-01 impC 3.01482265763537E-02 mP 5.51501495760218E-03 year-5.48601554518334E-06 sumLPAP 1.29809696191975E+00 harm
KEEPDBG accept 2 cc 6.19487249529280E-01 sumModel-2.09797037307284E+02 sumForcing 1.35829400861457E+02 sumM 4.87930372800793E-02 trend-4.38451005925109E-02 aero 0.00000000000000E+00 level 1.50382321808648E+03 k0-2.90659952294202E+04 init-1.69578693643821E+00 IR-5.08708359306436E-01 impC 3.01481209364022E-02 mP 5.51492872052613E-03 year-5.48601554518334E-06 sumLPAP 1.29809696191975E+00 harm
KEEPDBG accept 16 cc 6.19410786606466E-01 sumModel-2.09804328779598E+02 sumForcing 1.35800521552062E+02 sumM 4.87975545841221E-02 trend-4.38420792224249E-02 aero 0.00000000000000E+00 level 1.49876918645981E+03 k0-2.89912236574086E+04 init-1.69575388034023E+00 IR-5.08708359306436E-01 impC 3.01482531785201E-02 mP 5.51492872052613E-03 year-5.48601554518334E-06 sumLPAP 1.29809696191975E+00 harm
KEEPDBG accept 15 cc 6.19434272604377E-01 sumModel-2.09801834616430E+02 sumForcing 1.35834320390107E+02 sumM 4.87976777788240E-02 trend-4.38445711546780E-02 aero 0.00000000000000E+00 level 1.50045367415071E+03 k0-2.90168990896752E+04 init-1.69578693643821E+00 IR-5.08708359306436E-01 impC 3.01482531785201E-02 mP 5.51492872052613E-03 year-5.48601554518334E-06 sumLPAP 1.29809696191975E+00 harm
KEEPDBG accept 6 cc 6.19409055998813E-01 sumModel-2.09805860310318E+02 sumForcing 1.35809517014671E+02 sumM 4.87976777788240E-02 trend-4.38457018217579E-02 aero 0.00000000000000E+00 level 1.49870735195333E+03 k0-2.89893251281125E+04 init-1.69578693643821E+00 IR-5.08705823160902E-01 impC 3.01482531785201E-02 mP 5.51492872052613E-03 year-5.48601554518334E-06 sumLPAP 1.29809696191975E+00 harm
KEEPDBG accept 5 cc 6.19409608838843E-01 sumModel-2.09853385293659E+02 sumForcing 1.35804473231168E+02 sumM 4.87976777788240E-02 trend-4.38568919083718E-02 aero 0.00000000000000E+00 level 1.49889994225369E+03 k0-2.89896022360757E+04 init-1.69556773059798E+00 IR-5.08583455433758E-01 impC 3.01482531785201E-02 mP 5.51492872052613E-03 year-5.48601554518334E-06 sumLPAP 1.29809696191975E+00 harm
KEEPDBG accept 16 cc 6.19411326952895E-01 sumModel-2.09804239043093E+02 sumForcing 1.35795097315440E+02 sumM 4.87975545841221E-02 trend-4.38403336708895E-02 aero 0.00000000000000E+00 level 1.49856802657067E+03 k0-2.89883985183702E+04 init-1.69551815783089E+00 IR-5.08708359306436E-01 impC 3.01482531785201E-02 mP 5.51492872052613E-03 year-5.48601554518334E-06 sumLPAP 1.29809696191975E+00 harm
KEEPDBG accept 11 cc 6.19411417529817E-01 sumModel-2.09810923869181E+02 sumForcing 1.35823560334101E+02 sumM 4.87976464653959E-02 trend-4.38486210702789E-02 aero 0.00000000000000E+00 level 1.49913601897759E+03 k0-2.89936061205117E+04 init-1.69578693643821E+00 IR-5.08700791413222E-01 impC 3.01482531785201E-02 mP 5.51492872052613E-03 year-5.48601554518334E-06 sumLPAP 1.29809696191975E+00 harm
KEEPDBG accept 4 cc 6.19418080553832E-01 sumModel-2.09802249692567E+02 sumForcing 1.35760161664455E+02 sumM 4.87973162040279E-02 trend-4.38252478165579E-02 aero 0.00000000000000E+00 level 1.49904233964695E+03 k0-2.89999042706756E+04 init-1.69578693643821E+00 IR-5.08708359306436E-01 impC 3.01482265763537E-02 mP 5.51501495760218E-03 year-5.48601554518334E-06 sumLPAP 1.29809696191975E+00 harm
KEEPDBG accept 16 cc 6.19411333132162E-01 sumModel-2.09804290047778E+02 sumForcing 1.35806592550626E+02 sumM 4.87975545841221E-02 trend-4.38403220604936E-02 aero 0.00000000000000E+00 level 1.49832714741459E+03 k0-2.89810088897100E+04 init-1.69551815783089E+00 IR-5.08708359306436E-01 impC 3.01482531785201E-02 mP 5.51492872052613E-03 year-5.48601554518334E-06 sumLPAP 1.29809696191975E+00 harm
KEEPDBG accept 2 cc 6.19487279640085E-01 sumModel-2.09797070727129E+02 sumForcing 1.35829414607481E+02 sumM 4.87930372800793E-02 trend-4.38451067442450E-02 aero 0.00000000000000E+00 level 1.50382319793337E+03 k0-2.90659634291036E+04 init-1.69578693643821E+00 IR-5.08708359306436E-01 impC 3.01481209364022E-02 mP 5.51492872052613E-03 year-5.48601554518334E-06 sumLPAP 1.29809696191975E+00 harm
KEEPDBG accept 15 cc 6.19434278965059E-01 sumModel-2.09805442967406E+02 sumForcing 1.35834320390107E+02 sumM 4.87976777788240E-02 trend-4.38455420527491E-02 aero 0.00000000000000E+00 level 1.50048243229378E+03 k0-2.90171166898206E+04 init-1.69578693643821E+00 IR-5.08699090630213E-01 impC 3.01482531785201E-02 mP 5.51492872052613E-03 year-5.48601554518334E-06 sumLPAP 1.29809696191975E+00 harm
KEEPDBG accept 8 cc 6.19413112899405E-01 sumModel-2.09802302599739E+02 sumForcing 1.35803066727690E+02 sumM 4.87975831694175E-02 trend-4.38409158031723E-02 aero 0.00000000000000E+00 level 1.50027563525108E+03 k0-2.90152457461901E+04 init-1.69578693643821E+00 IR-5.08708359306436E-01 impC 3.01482531785201E-02 mP 5.51492872052613E-03 year-5.48601554518334E-06 sumLPAP 1.29809696191975E+00 harm
KEEPDBG accept 4 cc 6.19469542494817E-01 sumModel-2.09795010484389E+02 sumForcing 1.35820322814611E+02 sumM 4.87973162040279E-02 trend-4.38281423779894E-02 aero 0.00000000000000E+00 level 1.50260880974613E+03 k0-2.90554683615795E+04 init-1.69578693643821E+00 IR-5.08708359306436E-01 impC 3.01482265763537E-02 mP 5.51501495760218E-03 year-5.48601554518334E-06 sumLPAP 1.29809696191975E+00 harm
KEEPDBG accept 13 cc 6.19409715019407E-01 sumModel-2.09805020621150E+02 sumForcing 1.35628115428429E+02 sumM 4.87976777788240E-02 trend-4.38458080708706E-02 aero 0.00000000000000E+00 level 1.50261030011749E+03 k0-2.91080239997939E+04 init-1.69578693643821E+00 IR-5.08708359306436E-01 impC 3.01481209364022E-02 mP 5.51499815331887E-03 year-5.48601554518334E-06 sumLPAP 1.29809696191975E+00 harm
KEEPDBG accept 16 cc 6.19411412789363E-01 sumModel-2.09804245134369E+02 sumForcing 1.35805802869085E+02 sumM 4.87975545841221E-02 trend-4.38400686040083E-02 aero 0.00000000000000E+00 level 1.49829803010744E+03 k0-2.89805982685752E+04 init-1.69548384692043E+00 IR-5.08708359306436E-01 impC 3.01482531785201E-02 mP 5.51492872052613E-03 year-5.48601554518334E-06 sumLPAP 1.29809696191975E+00 harm
KEEPDBG accept 5 cc 6.19411253488139E-01 sumModel-2.09853084718793E+02 sumForcing 1.35787514041196E+02 sumM 4.87976777788240E-02 trend-4.38514418763390E-02 aero 0.00000000000000E+00 level 1.49827063323198E+03 k0-2.89807442139157E+04 init-1.69483094551348E+00 IR-5.08583455433758E-01 impC 3.01482531785201E-02 mP 5.51492872052613E-03 year-5.48601554518334E-06 sumLPAP 1.29809696191975E+00 harm
KEEPDBG accept 1 cc 6.19476100788734E-01 sumModel-2.09795534287231E+02 sumForcing 1.35874975124419E+02 sumM 4.87976777788240E-02 trend-4.38492489259771E-02 aero 0.00000000000000E+00 level 1.50367817058742E+03 k0-2.90709686190697E+04 init-1.69577467200562E+00 IR-5.08708359306436E-01 impC 3.01482531785201E-02 mP 5.51492872052613E-03 year-5.48601554518334E-06 sumLPAP 1.29809696191975E+00 harm
KEEPDBG accept 3 cc 6.19409410752152E-01 sumModel-2.09833813106593E+02 sumForcing 1.35807949838714E+02 sumM 4.87976489380131E-02 trend-4.38526839890092E-02 aero 0.00000000000000E+00 level 1.49894218421581E+03 k0-2.89913367085538E+04 init-1.69578693643821E+00 IR-5.08633828049610E-01 impC 3.01482531785201E-02 mP 5.51492872052613E-03 year-5.48601554518334E-06 sumLPAP 1.29809696191975E+00 harm
KEEPDBG accept 15 cc 6.19435156859524E-01 sumModel-2.09806774340082E+02 sumForcing 1.35840068681982E+02 sumM 4.87976777788240E-02 trend-4.38465279198381E-02 aero 0.00000000000000E+00 level 1.50064249193126E+03 k0-2.90186130123295E+04 init-1.69578693643821E+00 IR-5.08699090630213E-01 impC 3.01482531785201E-02 mP 5.51492872052613E-03 year-5.48601554518334E-06 sumLPAP 1.29809696191975E+00 harm
KEEPDBG accept 6 cc 6.19414707889399E-01 sumModel-2.09817443234227E+02 sumForcing 1.35854658369317E+02 sumM 4.87976777788240E-02 trend-4.38514439956639E-02 aero 0.00000000000000E+00 level 1.50002142009616E+03 k0-2.90010776697362E+04 init-1.69578693643821E+00 IR-5.08705823160902E-01 impC 3.01482531785201E-02 mP 5.51775497824715E-03 year-5.48601554518334E-06 sumLPAP 1.29809696191975E+00 harm
KEEPDBG accept 15 cc 6.19435526603951E-01 sumModel-2.09807330364457E+02 sumForcing 1.35842913118924E+02 sumM 4.87976777788240E-02 trend-4.38469975109391E-02 aero 0.00000000000000E+00 level 1.50072492404578E+03 k0-2.90195097822090E+04 init-1.69578693643821E+00 IR-5.08699090630213E-01 impC 3.01482531785201E-02 mP 5.51492872052613E-03 year-5.48601554518334E-06 sumLPAP 1.29809696191975E+00 harm
KEEPDBG accept 2 cc 6.19487291329664E-01 sumModel-2.09797111372659E+02 sumForcing 1.35829414969501E+02 sumM 4.87930372800793E-02 trend-4.38451107397129E-02 aero 0.00000000000000E+00 level 1.50382256632154E+03 k0-2.90659311562648E+04 init-1.69578693643821E+00 IR-5.08708359306436E-01 impC 3.01481209364022E-02 mP 5.51492872052613E-03 year-5.48601554518334E-06 sumLPAP 1.29809696191975E+00 harm
KEEPDBG accept 16 cc 6.19412198906775E-01 sumModel-2.09805314151539E+02 sumForcing 1.35810606117330E+02 sumM 4.87975545841221E-02 trend-4.38408826838827E-02 aero 0.00000000000000E+00 level 1.49843250495571E+03 k0-2.89818966945646E+04 init-1.69548384692043E+00 IR-5.08708359306436E-01 impC 3.01482531785201E-02 mP 5.51492872052613E-03 year-5.48601554518334E-06 sumLPAP 1.29809696191975E+00 harm
KEEPDBG accept 4 cc 6.19470530094567E-01 sumModel-2.09794594050542E+02 sumForcing 1.35814013055682E+02 sumM 4.87973162040279E-02 trend-4.38254262855050E-02 aero 0.00000000000000E+00 level 1.50264091695443E+03 k0-2.90567960035176E+04 init-1.69578693643821E+00 IR-5.08708359306436E-01 impC 3.01482265763537E-02 mP 5.51501495760218E-03 year-5.48601554518334E-06 sumLPAP 1.29809696191975E+00 harm
KEEPDBG accept 1 cc 6.19476616353527E-01 sumModel-2.09795306305633E+02 sumForcing 1.35871812925575E+02 sumM 4.87976777788240E-02 trend-4.38478902312918E-02 aero 0.00000000000000E+00 level 1.50369388883115E+03 k0-2.90716125170410E+04 init-1.69577467200562E+00 IR-5.08708359306436E-01 impC 3.01482531785201E-02 mP 5.51492872052613E-03 year-5.48601554518334E-06 sumLPAP 1.29809696191975E+00 harm
KEEPDBG accept 8 cc 6.19424549433175E-01 sumModel-2.09797764183260E+02 sumForcing 1.35729875245992E+02 sumM 4.87975831694175E-02 trend-4.38095077995441E-02 aero 0.00000000000000E+00 level 1.50062865553343E+03 k0-2.90296870116633E+04 init-1.69578693643821E+00 IR-5.08708359306436E-01 impC 3.01482531785201E-02 mP 5.51492872052613E-03 year-5.48601554518334E-06 sumLPAP 1.29809696191975E+00 harm
KEEPDBG accept 7 cc 6.19410342990392E-01 sumModel-2.09804493478970E+02 sumForcing 1.35802361166227E+02 sumM 4.87975979418900E-02 trend-4.38426297901151E-02 aero 0.00000000000000E+00 level 1.49874280671706E+03 k0-2.89907207970633E+04 init-1.69578693643821E+00 IR-5.08708359306436E-01 impC 3.01482531785201E-02 mP 5.51492872052613E-03 year-5.48601554518334E-06 sumLPAP 1.29809696191975E+00 harm
KEEPDBG accept 3 cc 6.19427058895647E-01 sumModel-2.09834313389233E+02 sumForcing 1.35760571727249E+02 sumM 4.87933335487727E-02 trend-4.38492632022329E-02 aero 0.00000000000000E+00 level 1.49982375972133E+03 k0-2.90022782067260E+04 init-1.69578693643821E+00 IR-5.08633828049610E-01 impC 3.01482531785201E-02 mP 5.51492872052613E-03 year-5.48601554518334E-06 sumLPAP 1.29809696191975E+00 harm
KEEPDBG accept 1 cc 6.19477815540702E-01 sumModel-2.09795103197139E+02 sumForcing 1.35872129220946E+02 sumM 4.87973388563803E-02 trend-4.38479960901680E-02 aero 0.00000000000000E+00 level 1.50375848515213E+03 k0-2.90725994664655E+04 init-1.69577467200562E+00 IR-5.08708359306436E-01 impC 3.01482531785201E-02 mP 5.51492872052613E-03 year-5.48601554518334E-06 sumLPAP 1.29809696191975E+00 harm
KEEPDBG accept 8 cc 6.19542244669182E-01 sumModel-2.09783149906350E+02 sumForcing 1.35876144197548E+02 sumM 4.87975831694175E-02 trend-4.38174220032001E-02 aero 0.00000000000000E+00 level 1.50923865805798E+03 k0-2.91609759081493E+04 init-1.69578693643821E+00 IR-5.08708359306436E-01 impC 3.01482531785201E-02 mP 5.51492872052613E-03 year-5.48601554518334E-06 sumLPAP 1.29809696191975E+00 harm
KEEPDBG accept 4 cc 6.19472377858429E-01 sumModel-2.09793195209997E+02 sumForcing 1.35810765746874E+02 sumM 4.87973162040279E-02 trend-4.38227036450151E-02 aero 0.00000000000000E+00 level 1.50365836094165E+03 k0-2.90732902545406E+04 init-1.69578693643821E+00 IR-5.08708359306436E-01 impC 3.01482265763537E-02 mP 5.51501495760218E-03 year-5.48601554518334E-06 sumLPAP 1.29809696191975E+00 harm
KEEPDBG accept 2 cc 6.19487334409152E-01 sumModel-2.09797176530564E+02 sumForcing 1.35829442404527E+02 sumM 4.87930372800793E-02 trend-4.38451261854108E-02 aero 0.00000000000000E+00 level 1.50382162303134E+03 k0-2.90658481852370E+04 init-1.69578693643821E+00 IR-5.08708359306436E-01 impC 3.01481209364022E-02 mP 5.51492872052613E-03 year-5.48601554518334E-06 sumLPAP 1.29809696191975E+00 harm
KEEPDBG accept 7 cc 6.19418702398917E-01 sumModel-2.09816522626916E+02 sumForcing 1.35856787930022E+02 sumM 4.87975979418900E-02 trend-4.38518405156680E-02 aero 0.00000000000000E+00 level 1.50027650328824E+03 k0-2.90057444674557E+04 init-1.69578693643821E+00 IR-5.08708359306436E-01 impC 3.01482531785201E-02 mP 5.51492872052613E-03 year-5.48601554518334E-06 sumLPAP 1.29809696191975E+00 harm
KEEPDBG accept 15 cc 6.19440171905411E-01 sumModel-2.09806547614598E+02 sumForcing 1.35801471604320E+02 sumM 4.87976777788240E-02 trend-4.38336227741311E-02 aero 0.00000000000000E+00 level 1.49918597873358E+03 k0-2.89979461494934E+04 init-1.69398705352560E+00 IR-5.08699090630213E-01 impC 3.01482531785201E-02 mP 5.51492872052613E-03 year-5.48601554518334E-06 sumLPAP 1.29809696191975E+00 harm
KEEPDBG accept 6 cc 6.19414934294053E-01 sumModel-2.09986139522892E+02 sumForcing 1.35854658369317E+02 sumM 4.87976777788240E-02 trend-4.38968512184529E-02 aero 0.00000000000000E+00 level 1.50136629706002E+03 k0-2.90112488953693E+04 init-1.69578693643821E+00 IR-5.08272361679317E-01 impC 3.01482531785201E-02 mP 5.51775497824715E-03 year-5.48601554518334E-06 sumLPAP 1.29809696191975E+00 harm
KEEPDBG accept 10 cc 6.19426037647705E-01 sumModel-2.09801070996855E+02 sumForcing 1.35701121805440E+02 sumM 4.87976777788240E-02 trend-4.37997263453091E-02 aero 0.00000000000000E+00 level 1.49924743680762E+03 k0-2.90109052483765E+04 init-1.69578693643821E+00 IR-5.08700791413222E-01 impC 3.01481381815308E-02 mP 5.51492872052613E-03 year-5.48601554518334E-06 sumLPAP 1.29809696191975E+00 harm
KEEPDBG accept 12 cc 6.19410661442864E-01 sumModel-2.09810094423778E+02 sumForcing 1.35819746131403E+02 sumM 4.87976777788240E-02 trend-4.38479308635584E-02 aero 0.00000000000000E+00 level 1.49901182674810E+03 k0-2.89922783501639E+04 init-1.69578693643821E+00 IR-5.08700791413222E-01 impC 3.01482531785201E-02 mP 5.51496500494062E-03 year-5.48601554518334E-06 sumLPAP 1.29809696191975E+00 harm
KEEPDBG accept 10 cc 6.19426251575919E-01 sumModel-2.09800985399580E+02 sumForcing 1.35698632692236E+02 sumM 4.87976777788240E-02 trend-4.37989172410277E-02 aero 0.00000000000000E+00 level 1.49915602458136E+03 k0-2.90096647978218E+04 init-1.69567883840040E+00 IR-5.08700791413222E-01 impC 3.01481381815308E-02 mP 5.51492872052613E-03 year-5.48601554518334E-06 sumLPAP 1.29809696191975E+00 harm
KEEPDBG accept 15 cc 6.19444407584128E-01 sumModel-2.09815469998684E+02 sumForcing 1.35835967297377E+02 sumM 4.87976777788240E-02 trend-4.38380338155526E-02 aero 0.00000000000000E+00 level 1.50018716518324E+03 k0-2.90067844530098E+04 init-1.69398705352560E+00 IR-5.08699090630213E-01 impC 3.01482531785201E-02 mP 5.51708784057823E-03 year-5.48601554518334E-06 sumLPAP 1.29809696191975E+00 harm
KEEPDBG accept 5 cc 6.19411284681563E-01 sumModel-2.09853131433885E+02 sumForcing 1.35697342303317E+02 sumM 4.87976777788240E-02 trend-4.38515565985123E-02 aero 0.00000000000000E+00 level 1.50015761169365E+03 k0-2.90385807032901E+04 init-1.69483094551348E+00 IR-5.08583455433758E-01 impC 3.01482531785201E-02 mP 5.51492872052613E-03 year-5.48601554518334E-06 sumLPAP 1.29809696191975E+00 harm
KEEPDBG accept 6 cc 6.19414974557885E-01 sumModel-2.09986190600731E+02 sumForcing 1.35854778519048E+02 sumM 4.87976777788240E-02 trend-4.38969584195089E-02 aero 0.00000000000000E+00 level 1.50136792259361E+03 k0-2.90111627403593E+04 init-1.69578693643821E+00 IR-5.08272361679317E-01 impC 3.01482531785201E-02 mP 5.51775497824715E-03 year-5.48601554518334E-06 sumLPAP 1.29809696191975E+00 harm
KEEPDBG accept 9 cc 6.19413477175855E-01 sumModel-2.09811153269745E+02 sumForcing 1.35761482703528E+02 sumM 4.87976777788240E-02 trend-4.38326075666620E-02 aero 0.00000000000000E+00 level 1.49712985995890E+03 k0-2.89675687843483E+04 init-1.69382729956450E+00 IR-5.08690580612939E-01 impC 3.01482531785201E-02 mP 5.51492872052613E-03 year-5.48601554518334E-06 sumLPAP 1.29809696191975E+00 harm
KEEPDBG accept 1 cc 6.19477833258185E-01 sumModel-2.09795107610764E+02 sumForcing 1.35872136739961E+02 sumM 4.87973388563803E-02 trend-4.38480061709500E-02 aero 0.00000000000000E+00 level 1.50375797228718E+03 k0-2.90725621709125E+04 init-1.69577467200562E+00 IR-5.08708359306436E-01 impC 3.01482531785201E-02 mP 5.51492872052613E-03 year-5.48601554518334E-06 sumLPAP 1.29809696191975E+00 harm
KEEPDBG accept 5 cc 6.19417223079886E-01 sumModel-2.09864802400174E+02 sumForcing 1.35742589966916E+02 sumM 4.87976777788240E-02 trend-4.38573134010814E-02 aero 0.00000000000000E+00 level 1.50147449657201E+03 k0-2.90503061408342E+04 init-1.69483094551348E+00 IR-5.08583455433758E-01 impC 3.01482531785201E-02 mP 5.51776347014719E-03 year-5.48601554518334E-06 sumLPAP 1.29809696191975E+00 harm
KEEPDBG accept 13 cc 6.19409981700036E-01 sumModel-2.10052311278515E+02 sumForcing 1.35628115428429E+02 sumM 4.87976777788240E-02 trend-4.39123854774431E-02 aero 0.00000000000000E+00 level 1.50458635657135E+03 k0-2.91230068057905E+04 init-1.69578693643821E+00 IR-5.08072794985129E-01 impC 3.01481209364022E-02 mP 5.51499815331887E-03 year-5.48601554518334E-06 sumLPAP 1.29809696191975E+00 harm
KEEPDBG accept 12 cc 6.19608982033193E-01 sumModel-2.09824688158546E+02 sumForcing 1.35168893852356E+02 sumM 4.87376282519736E-02 trend-4.37984054563637E-02 aero 0.00000000000000E+00 level 1.51085735465234E+03 k0-2.91311385623268E+04 init-1.69578693643821E+00 IR-5.08700791413222E-01 impC 3.01482531785201E-02 mP 5.51496500494062E-03 year-5.48601554518334E-06 sumLPAP 1.29809696191975E+00 harm
KEEPDBG accept 10 cc 6.19462443255795E-01 sumModel-2.09786595660928E+02 sumForcing 1.35454156380906E+02 sumM 4.87976777788240E-02 trend-4.36941856631085E-02 aero 0.00000000000000E+00 level 1.50031523954591E+03 k0-2.90577775926379E+04 init-1.69567883840040E+00 IR-5.08700791413222E-01 impC 3.01481381815308E-02 mP 5.51492872052613E-03 year-5.48601554518334E-06 sumLPAP 1.29809696191975E+00 harm
KEEPDBG accept 1 cc 6.19477841930785E-01 sumModel-2.09795129613013E+02 sumForcing 1.35872507028269E+02 sumM 4.87973388563803E-02 trend-4.38483032380040E-02 aero 0.00000000000000E+00 level 1.50376692480457E+03 k0-2.90725291506805E+04 init-1.69577467200562E+00 IR-5.08708359306436E-01 impC 3.01482531785201E-02 mP 5.51492872052613E-03 year-5.48601554518334E-06 sumLPAP 1.29809696191975E+00 harm
KEEPDBG accept 4 cc 6.19472400290546E-01 sumModel-2.09793266474898E+02 sumForcing 1.35994377849218E+02 sumM 4.87973162040279E-02 trend-4.38224967470353E-02 aero 0.00000000000000E+00 level 1.49981028640719E+03 k0-2.89554551398243E+04 init-1.69578693643821E+00 IR-5.08708359306436E-01 impC 3.01482265763537E-02 mP 5.51501495760218E-03 year-5.48601554518334E-06 sumLPAP 1.29809696191975E+00 harm
KEEPDBG accept 10 cc 6.19462460410699E-01 sumModel-2.09786662197537E+02 sumForcing 1.35453591330704E+02 sumM 4.87976777788240E-02 trend-4.36937525755500E-02 aero 0.00000000000000E+00 level 1.50029967716868E+03 k0-2.90577518621288E+04 init-1.69567883840040E+00 IR-5.08700791413222E-01 impC 3.01481381815308E-02 mP 5.51492872052613E-03 year-5.48601554518334E-06 sumLPAP 1.29809696191975E+00 harm
KEEPDBG accept 7 cc 6.19421843270542E-01 sumModel-2.09816067609710E+02 sumForcing 1.35828337052580E+02 sumM 4.87975979418900E-02 trend-4.38426856497225E-02 aero 0.00000000000000E+00 level 1.49921659510260E+03 k0-2.89907984528024E+04 init-1.69455039242676E+00 IR-5.08708359306436E-01 impC 3.01482531785201E-02 mP 5.51492872052613E-03 year-5.48601554518334E-06 sumLPAP 1.29809696191975E+00 harm
KEEPDBG accept 12 cc 6.19609079669974E-01 sumModel-2.09824685156566E+02 sumForcing 1.35168927154894E+02 sumM 4.87375953572556E-02 trend-4.37984131728548E-02 aero 0.00000000000000E+00 level 1.51086316867863E+03 k0-2.91312284678570E+04 init-1.69578693643821E+00 IR-5.08700791413222E-01 impC 3.01482531785201E-02 mP 5.51496500494062E-03 year-5.48601554518334E-06 sumLPAP 1.29809696191975E+00 harm
KEEPDBG accept 15 cc 6.19444442764429E-01 sumModel-2.09815536101359E+02 sumForcing 1.35835944292881E+02 sumM 4.87976777788240E-02 trend-4.38380251312532E-02 aero 0.00000000000000E+00 level 1.50018532072782E+03 k0-2.90067100453010E+04 init-1.69398705352560E+00 IR-5.08699090630213E-01 impC 3.01482531785201E-02 mP 5.51708784057823E-03 year-5.48601554518334E-06 sumLPAP 1.29809696191975E+00 harm
KEEPDBG accept 5 cc 6.19907571822795E-01 sumModel-2.09933105546642E+02 sumForcing 1.36250414202855E+02 sumM 4.83251571390602E-02 trend-4.40278660139493E-02 aero 0.00000000000000E+00 level 1.57428994766230E+03 k0-2.98324074833202E+04 init-1.69483094551348E+00 IR-5.08583455433758E-01 impC 3.01482531785201E-02 mP 5.51776347014719E-03 year-5.48601554518334E-06 sumLPAP 1.29809696191975E+00 harm
KEEPDBG accept 8 cc 6.19542268598358E-01 sumModel-2.09783217937442E+02 sumForcing 1.35876371015763E+02 sumM 4.87975831694175E-02 trend-4.38174626520510E-02 aero 0.00000000000000E+00 level 1.50924523343905E+03 k0-2.91610339473551E+04 init-1.69578693643821E+00 IR-5.08708359306436E-01 impC 3.01482531785201E-02 mP 5.51492872052613E-03 year-5.48601554518334E-06 sumLPAP 1.29809696191975E+00 harm
KEEPDBG accept 1 cc 6.19672391754230E-01 sumModel-2.09768247292877E+02 sumForcing 1.35930088156733E+02 sumM 4.87369861366950E-02 trend-4.38685144743959E-02 aero 0.00000000000000E+00 level 1.51488212453330E+03 k0-2.92323872740011E+04 init-1.69577467200562E+00 IR-5.08708359306436E-01 impC 3.01482531785201E-02 mP 5.51492872052613E-03 year-5.48601554518334E-06 sumLPAP 1.29809696191975E+00 harm
KEEPDBG accept 4 cc 6.19472681404936E-01 sumModel-2.09792969763666E+02 sumForcing 1.35993808582245E+02 sumM 4.87973162040279E-02 trend-4.38220136557936E-02 aero 0.00000000000000E+00 level 1.49998831490753E+03 k0-2.89583780243780E+04 init-1.69578693643821E+00 IR-5.08708359306436E-01 impC 3.01482265763537E-02 mP 5.51501495760218E-03 year-5.48601554518334E-06 sumLPAP 1.29809696191975E+00 harm
KEEPDBG accept 8 cc 6.19557283236754E-01 sumModel-2.09781143949453E+02 sumForcing 1.35880704099073E+02 sumM 4.87930220159278E-02 trend-4.38190185662806E-02 aero 0.00000000000000E+00 level 1.51009339187483E+03 k0-2.91732973507070E+04 init-1.69578693643821E+00 IR-5.08708359306436E-01 impC 3.01482531785201E-02 mP 5.51492872052613E-03 year-5.48601554518334E-06 sumLPAP 1.29809696191975E+00 harm
KEEPDBG accept 7 cc 6.19423263356552E-01 sumModel-2.09818141010712E+02 sumForcing 1.35837685059209E+02 sumM 4.87975979418900E-02 trend-4.38442677805822E-02 aero 0.00000000000000E+00 level 1.49948028444533E+03 k0-2.89933803539885E+04 init-1.69455039242676E+00 IR-5.08708359306436E-01 impC 3.01482531785201E-02 mP 5.51492872052613E-03 year-5.48601554518334E-06 sumLPAP 1.29809696191975E+00 harm
KEEPDBG accept 9 cc 6.19413482505715E-01 sumModel-2.09811175832949E+02 sumForcing 1.35814542521687E+02 sumM 4.87976777788240E-02 trend-4.38325464943241E-02 aero 0.00000000000000E+00 level 1.49602085266829E+03 k0-2.89335616986952E+04 init-1.69382729956450E+00 IR-5.08690580612939E-01 impC 3.01482531785201E-02 mP 5.51492872052613E-03 year-5.48601554518334E-06 sumLPAP 1.29809696191975E+00 harm
KEEPDBG accept 7 cc 6.19430154784923E-01 sumModel-2.09813585217022E+02 sumForcing 1.35827678795674E+02 sumM 4.87975979418900E-02 trend-4.38357783746172E-02 aero 0.00000000000000E+00 level 1.50258940863146E+03 k0-2.90440973369158E+04 init-1.69455039242676E+00 IR-5.08708359306436E-01 impC 3.01482531785201E-02 mP 5.51492872052613E-03 year-5.48601554518334E-06 sumLPAP 1.29809696191975E+00 harm
KEEPDBG accept 15 cc 6.20030268805969E-01 sumModel-2.09771552727419E+02 sumForcing 1.36109390458921E+02 sumM 4.85284666855978E-02 trend-4.39317532703413E-02 aero 0.00000000000000E+00 level 1.54590976193621E+03 k0-2.95920732532339E+04 init-1.69398705352560E+00 IR-5.08699090630213E-01 impC 3.01482531785201E-02 mP 5.51708784057823E-03 year-5.48601554518334E-06 sumLPAP 1.29809696191975E+00 harm
KEEPDBG accept 5 cc 6.19907621432959E-01 sumModel-2.09933084995399E+02 sumForcing 1.36250372541907E+02 sumM 4.83251914552092E-02 trend-4.40278510737841E-02 aero 0.00000000000000E+00 level 1.57428633625472E+03 k0-2.98324110740143E+04 init-1.69483094551348E+00 IR-5.08583455433758E-01 impC 3.01482531785201E-02 mP 5.51776347014719E-03 year-5.48601554518334E-06 sumLPAP 1.29809696191975E+00 harm
KEEPDBG accept 13 cc 6.19410007210117E-01 sumModel-2.10052349720944E+02 sumForcing 1.35628115428429E+02 sumM 4.88199224378094E-02 trend-4.39123933559505E-02 aero 0.00000000000000E+00 level 1.50930742377180E+03 k0-2.92196915875314E+04 init-1.69578693643821E+00 IR-5.08072794985129E-01 impC 3.01481209364022E-02 mP 5.51499815331887E-03 year-5.48601554518334E-06 sumLPAP 1.29809696191975E+00 harm
KEEPDBG accept 5 cc 6.19907807115880E-01 sumModel-2.09933108915516E+02 sumForcing 1.36251163121134E+02 sumM 4.83252681499874E-02 trend-4.40279642126718E-02 aero 0.00000000000000E+00 level 1.57427451059907E+03 k0-2.98322050367110E+04 init-1.69483094551348E+00 IR-5.08583455433758E-01 impC 3.01482531785201E-02 mP 5.51776347014719E-03 year-5.48601554518334E-06 sumLPAP 1.29809696191975E+00 harm
KEEPDBG accept 2 cc 6.19493935015054E-01 sumModel-2.09795792348241E+02 sumForcing 1.35779790423953E+02 sumM 4.87930372800793E-02 trend-4.38289999286822E-02 aero 0.00000000000000E+00 level 1.50199024178978E+03 k0-2.90406190124692E+04 init-1.69363264268211E+00 IR-5.08708359306436E-01 impC 3.01481209364022E-02 mP 5.51492872052613E-03 year-5.48601554518334E-06 sumLPAP 1.29809696191975E+00 harm
KEEPDBG accept 14 cc 6.19525538009495E-01 sumModel-2.09789706987088E+02 sumForcing 1.35952590766547E+02 sumM 4.87976777788240E-02 trend-4.38528922484552E-02 aero 0.00000000000000E+00 level 1.50713039045358E+03 k0-2.91187080988696E+04 init-1.69578693643821E+00 IR-5.08708359306436E-01 impC 3.01481209364022E-02 mP 5.51492872052613E-03 year-5.48601554518334E-06 sumLPAP 1.29809696191975E+00 harm
KEEPDBG accept 16 cc 6.19805629933427E-01 sumModel-2.09802129075783E+02 sumForcing 1.36514288163391E+02 sumM 4.87975545841221E-02 trend-4.38959803282832E-02 aero 0.00000000000000E+00 level 1.53800307884732E+03 k0-2.95218929053579E+04 init-1.69548384692043E+00 IR-5.08708359306436E-01 impC 3.01482531785201E-02 mP 5.51492872052613E-03 year-5.48601554518334E-06 sumLPAP 1.29809696191975E+00 harm
KEEPDBG accept 8 cc 6.19557452107498E-01 sumModel-2.09781130941253E+02 sumForcing 1.35879883802552E+02 sumM 4.87930220159278E-02 trend-4.38187514009437E-02 aero 0.00000000000000E+00 level 1.51006128099504E+03 k0-2.91728299416825E+04 init-1.69575130235936E+00 IR-5.08708359306436E-01 impC 3.01482531785201E-02 mP 5.51492872052613E-03 year-5.48601554518334E-06 sumLPAP 1.29809696191975E+00 harm
KEEPDBG accept 7 cc 6.19492468933244E-01 sumModel-2.09816243645085E+02 sumForcing 1.35645545912158E+02 sumM 4.87809134481197E-02 trend-4.38221399482937E-02 aero 0.00000000000000E+00 level 1.50593651953828E+03 k0-2.90847505230508E+04 init-1.69455039242676E+00 IR-5.08708359306436E-01 impC 3.01482531785201E-02 mP 5.51492872052613E-03 year-5.48601554518334E-06 sumLPAP 1.29809696191975E+00 harm
KEEPDBG accept 11 cc 6.19855461459845E-01 sumModel-2.09754127319336E+02 sumForcing 1.35971618273939E+02 sumM 4.86457603304756E-02 trend-4.38992536670484E-02 aero 0.00000000000000E+00 level 1.52645721801883E+03 k0-2.93761999124821E+04 init-1.69578693643821E+00 IR-5.08700791413222E-01 impC 3.01482531785201E-02 mP 5.51492872052613E-03 year-5.48601554518334E-06 sumLPAP 1.29809696191975E+00 harm
KEEPDBG accept 1 cc 6.19744469154621E-01 sumModel-2.09766180744661E+02 sumForcing 1.36060641569088E+02 sumM 4.87369861366950E-02 trend-4.38777057823003E-02 aero 0.00000000000000E+00 level 1.52214862693180E+03 k0-2.93330415750112E+04 init-1.69577467200562E+00 IR-5.08708359306436E-01 impC 3.01482531785201E-02 mP 5.51492872052613E-03 year-5.48601554518334E-06 sumLPAP 1.29809696191975E+00 harm
KEEPDBG accept 9 cc 6.19413483503508E-01 sumModel-2.09819573337599E+02 sumForcing 1.35814542521687E+02 sumM 4.87976777788240E-02 trend-4.38325464943241E-02 aero 0.00000000000000E+00 level 1.49602085266829E+03 k0-2.89335616986952E+04 init-1.69382729956450E+00 IR-5.08690580612939E-01 impC 3.01092374922747E-02 mP 5.51492872052613E-03 year-5.48601554518334E-06 sumLPAP 1.29809696191975E+00 harm
KEEPDBG accept 12 cc 6.19609079687110E-01 sumModel-2.09824872932353E+02 sumForcing 1.35168927154894E+02 sumM 4.87375953572556E-02 trend-4.37984131728548E-02 aero 0.00000000000000E+00 level 1.51086316867863E+03 k0-2.91312284678570E+04 init-1.69578693643821E+00 IR-5.08700791413222E-01 impC 3.01473807584183E-02 mP 5.51496500494062E-03 year-5.48601554518334E-06 sumLPAP 1.29809696191975E+00 harm
KEEPDBG accept 2 cc 6.19494756948772E-01 sumModel-2.09797165645497E+02 sumForcing 1.35785781664285E+02 sumM 4.87930372800793E-02 trend-4.38300179230482E-02 aero 0.00000000000000E+00 level 1.50215804020024E+03 k0-2.90422407215179E+04 init-1.69363264268211E+00 IR-5.08708359306436E-01 impC 3.01481209364022E-02 mP 5.51492872052613E-03 year-5.48601554518334E-06 sumLPAP 1.29809696191975E+00 harm
KEEPDBG accept 13 cc 6.19420054297076E-01 sumModel-2.10067039535453E+02 sumForcing 1.35693426574466E+02 sumM 4.88199224378094E-02 trend-4.39234938365953E-02 aero 0.00000000000000E+00 level 1.51115979486092E+03 k0-2.92376601645190E+04 init-1.69578693643821E+00 IR-5.08072794985129E-01 impC 3.01481209364022E-02 mP 5.51499815331887E-03 year-5.48601554518334E-06 sumLPAP 1.29809696191975E+00 harm
KEEPDBG accept 4 cc 6.19480948216677E-01 sumModel-2.09785025159803E+02 sumForcing 1.35971550662336E+02 sumM 4.87973162040279E-02 trend-4.38037113229277E-02 aero 0.00000000000000E+00 level 1.50675019196649E+03 k0-2.90667592477273E+04 init-1.69578693643821E+00 IR-5.08708359306436E-01 impC 3.01482265763537E-02 mP 5.51501495760218E-03 year-5.48601554518334E-06 sumLPAP 1.29809696191975E+00 harm
KEEPDBG accept 4 cc 6.19532738248708E-01 sumModel-2.09764113487267E+02 sumForcing 1.35612547453217E+02 sumM 4.87973162040279E-02 trend-4.36498671000892E-02 aero 0.00000000000000E+00 level 1.50844373550518E+03 k0-2.91375543283183E+04 init-1.69578693643821E+00 IR-5.08708359306436E-01 impC 3.01482265763537E-02 mP 5.51501495760218E-03 year-5.48601554518334E-06 sumLPAP 1.29809696191975E+00 harm
KEEPDBG accept 6 cc 6.19417872556219E-01 sumModel-2.09984167244494E+02 sumForcing 1.35850619127429E+02 sumM 4.87976777788240E-02 trend-4.38934176005377E-02 aero 0.00000000000000E+00 level 1.50266519162940E+03 k0-2.90324358464150E+04 init-1.69578693643821E+00 IR-5.08272361679317E-01 impC 3.01482531785201E-02 mP 5.51775497824715E-03 year-5.48601554518334E-06 sumLPAP 1.29809696191975E+00 harm
KEEPDBG accept 11 cc 6.19898086923157E-01 sumModel-2.09742076598330E+02 sumForcing 1.35839364304464E+02 sumM 4.86457603304756E-02 trend-4.38540748271014E-02 aero 0.00000000000000E+00 level 1.52183954276489E+03 k0-2.93212381308297E+04 init-1.69009264674826E+00 IR-5.08700791413222E-01 impC 3.01482531785201E-02 mP 5.51492872052613E-03 year-5.48601554518334E-06 sumLPAP 1.29809696191975E+00 harm
KEEPDBG accept 16 cc 6.19807378926015E-01 sumModel-2.10049368264269E+02 sumForcing 1.36514288163391E+02 sumM 4.87975545841221E-02 trend-4.39624708865373E-02 aero 0.00000000000000E+00 level 1.53999648619567E+03 k0-2.95367756953399E+04 init-1.69548384692043E+00 IR-5.08073521944515E-01 impC 3.01482531785201E-02 mP 5.51492872052613E-03 year-5.48601554518334E-06 sumLPAP 1.29809696191975E+00 harm
KEEPDBG accept 15 cc 6.20030315367537E-01 sumModel-2.09771562755173E+02 sumForcing 1.36109267186094E+02 sumM 4.85284666855978E-02 trend-4.39317049744748E-02 aero 0.00000000000000E+00 level 1.54590904718143E+03 k0-2.95920406950642E+04 init-1.69398705352560E+00 IR-5.08699090630213E-01 impC 3.01482531785201E-02 mP 5.51708784057823E-03 year-5.48601554518334E-06 sumLPAP 1.29809696191975E+00 harm
KEEPDBG accept 6 cc 6.19432718692928E-01 sumModel-2.09982015503227E+02 sumForcing 1.35693886206616E+02 sumM 4.87976777788240E-02 trend-4.38432405895079E-02 aero 0.00000000000000E+00 level 1.49683827934182E+03 k0-2.89499920930604E+04 init-1.68898740692887E+00 IR-5.08272361679317E-01 impC 3.01482531785201E-02 mP 5.51775497824715E-03 year-5.48601554518334E-06 sumLPAP 1.29809696191975E+00 harm
KEEPDBG accept 3 cc 6.19427082402106E-01 sumModel-2.09834343184845E+02 sumForcing 1.35760571727249E+02 sumM 4.87757443634352E-02 trend-4.38492695169426E-02 aero 0.00000000000000E+00 level 1.49611760579694E+03 k0-2.89263837173621E+04 init-1.69578693643821E+00 IR-5.08633828049610E-01 impC 3.01482531785201E-02 mP 5.51492872052613E-03 year-5.48601554518334E-06 sumLPAP 1.29809696191975E+00 harm
KEEPDBG accept 10 cc 6.19501771354448E-01 sumModel-2.09771093824012E+02 sumForcing 1.35162384162750E+02 sumM 4.87976777788240E-02 trend-4.35692813163261E-02 aero 0.00000000000000E+00 level 1.50163427005981E+03 k0-2.91144972058797E+04 init-1.69567883840040E+00 IR-5.08700791413222E-01 impC 3.01481381815308E-02 mP 5.51492872052613E-03 year-5.48601554518334E-06 sumLPAP 1.29809696191975E+00 harm
KEEPDBG accept 2 cc 6.19557553450343E-01 sumModel-2.09789280628796E+02 sumForcing 1.35865385448143E+02 sumM 4.87930372800793E-02 trend-4.38341350856058E-02 aero 0.00000000000000E+00 level 1.50680535564308E+03 k0-2.91130743259670E+04 init-1.69363264268211E+00 IR-5.08708359306436E-01 impC 3.01481209364022E-02 mP 5.51492872052613E-03 year-5.48601554518334E-06 sumLPAP 1.29809696191975E+00 harm
KEEPDBG accept 6 cc 6.19986651784556E-01 sumModel-2.09911503813495E+02 sumForcing 1.35886961721776E+02 sumM 4.86020070383962E-02 trend-4.39056709648248E-02 aero 0.00000000000000E+00 level 1.53165355153715E+03 k0-2.94354100486873E+04 init-1.68898740692887E+00 IR-5.08272361679317E-01 impC 3.01482531785201E-02 mP 5.51775497824715E-03 year-5.48601554518334E-06 sumLPAP 1.29809696191975E+00 harm
KEEPDBG accept 9 cc 6.19413505371320E-01 sumModel-2.09819607314058E+02 sumForcing 1.35814542521687E+02 sumM 4.88370702722111E-02 trend-4.38325540841257E-02 aero 0.00000000000000E+00 level 1.50434877212747E+03 k0-2.91040424301873E+04 init-1.69382729956450E+00 IR-5.08690580612939E-01 impC 3.01092374922747E-02 mP 5.51492872052613E-03 year-5.48601554518334E-06 sumLPAP 1.29809696191975E+00 harm
KEEPDBG accept 8 cc 6.19628975849338E-01 sumModel-2.09775920418062E+02 sumForcing 1.35986052194899E+02 sumM 4.87930220159278E-02 trend-4.38258972137332E-02 aero 0.00000000000000E+00 level 1.51616905633961E+03 k0-2.92608906366952E+04 init-1.69575130235936E+00 IR-5.08708359306436E-01 impC 3.01482531785201E-02 mP 5.51492872052613E-03 year-5.48601554518334E-06 sumLPAP 1.29809696191975E+00 harm
KEEPDBG accept 1 cc 6.19802856155306E-01 sumModel-2.09745494466185E+02 sumForcing 1.35725239365643E+02 sumM 4.87369861366950E-02 trend-4.37335168780332E-02 aero 0.00000000000000E+00 level 1.52386385343065E+03 k0-2.94022882269019E+04 init-1.69577467200562E+00 IR-5.08708359306436E-01 impC 3.01482531785201E-02 mP 5.51492872052613E-03 year-5.48601554518334E-06 sumLPAP 1.29809696191975E+00 harm
KEEPDBG accept 11 cc 6.19912535908261E-01 sumModel-2.09736908028048E+02 sumForcing 1.35755641653984E+02 sumM 4.86457603304756E-02 trend-4.38178330780068E-02 aero 0.00000000000000E+00 level 1.52227233531564E+03 k0-2.93386088342707E+04 init-1.69009264674826E+00 IR-5.08700791413222E-01 impC 3.01482531785201E-02 mP 5.51492872052613E-03 year-5.48601554518334E-06 sumLPAP 1.29809696191975E+00 harm
KEEPDBG accept 6 cc 6.20002155729194E-01 sumModel-2.09906916927296E+02 sumForcing 1.35844862725733E+02 sumM 4.86020070383962E-02 trend-4.38911479253454E-02 aero 0.00000000000000E+00 level 1.53021351083702E+03 k0-2.94191387501913E+04 init-1.68718391374396E+00 IR-5.08272361679317E-01 impC 3.01482531785201E-02 mP 5.51775497824715E-03 year-5.48601554518334E-06 sumLPAP 1.29809696191975E+00 harm
KEEPDBG accept 8 cc 6.19629721215991E-01 sumModel-2.09989163950442E+02 sumForcing 1.35986052194899E+02 sumM 4.87930220159278E-02 trend-4.38832529908366E-02 aero 0.00000000000000E+00 level 1.51787544134544E+03 k0-2.92737298039693E+04 init-1.69575130235936E+00 IR-5.08160582889218E-01 impC 3.01482531785201E-02 mP 5.51492872052613E-03 year-5.48601554518334E-06 sumLPAP 1.29809696191975E+00 harm
KEEPDBG accept 10 cc 6.19501806425571E-01 sumModel-2.09771164473460E+02 sumForcing 1.35161847965858E+02 sumM 4.87976777788240E-02 trend-4.35688851088552E-02 aero 0.00000000000000E+00 level 1.50161899121646E+03 k0-2.91144534097022E+04 init-1.69567883840040E+00 IR-5.08700791413222E-01 impC 3.01481381815308E-02 mP 5.51492872052613E-03 year-5.48601554518334E-06 sumLPAP 1.29809696191975E+00 harm
KEEPDBG accept 11 cc 6.19919329369857E-01 sumModel-2.09735030521168E+02 sumForcing 1.35732814730287E+02 sumM 4.86457603304756E-02 trend-4.38100915488396E-02 aero 0.00000000000000E+00 level 1.52147524551625E+03 k0-2.93289716223341E+04 init-1.68911295567119E+00 IR-5.08700791413222E-01 impC 3.01482531785201E-02 mP 5.51492872052613E-03 year-5.48601554518334E-06 sumLPAP 1.29809696191975E+00 harm
KEEPDBG accept 4 cc 6.19574501061976E-01 sumModel-2.09747264828516E+02 sumForcing 1.35283830736629E+02 sumM 4.87973162040279E-02 trend-4.35093842056875E-02 aero 0.00000000000000E+00 level 1.50992728268832E+03 k0-2.92015754669769E+04 init-1.69578693643821E+00 IR-5.08708359306436E-01 impC 3.01482265763537E-02 mP 5.51501495760218E-03 year-5.48601554518334E-06 sumLPAP 1.29809696191975E+00 harm
KEEPDBG accept 12 cc 6.19609079812178E-01 sumModel-2.09824884626643E+02 sumForcing 1.35168927154894E+02 sumM 4.87373834591250E-02 trend-4.37984134008286E-02 aero 0.00000000000000E+00 level 1.51081826913810E+03 k0-2.91303119692476E+04 init-1.69578693643821E+00 IR-5.08700791413222E-01 impC 3.01473807584183E-02 mP 5.51496500494062E-03 year-5.48601554518334E-06 sumLPAP 1.29809696191975E+00 harm
KEEPDBG accept 16 cc 6.19807468855360E-01 sumModel-2.10049464822903E+02 sumForcing 1.36671744850964E+02 sumM 4.87975545841221E-02 trend-4.39623126847802E-02 aero 0.00000000000000E+00 level 1.53662982805944E+03 k0-2.94345770645372E+04 init-1.69548384692043E+00 IR-5.08073521944515E-01 impC 3.01482531785201E-02 mP 5.51492872052613E-03 year-5.48601554518334E-06 sumLPAP 1.29809696191975E+00 harm
KEEPDBG accept 14 cc 6.19625696921054E-01 sumModel-2.09795787015311E+02 sumForcing 1.35635006438358E+02 sumM 4.87684903494047E-02 trend-4.38282767075737E-02 aero 0.00000000000000E+00 level 1.51280425868310E+03 k0-2.91860300122881E+04 init-1.69578693643821E+00 IR-5.08708359306436E-01 impC 3.01481209364022E-02 mP 5.51492872052613E-03 year-5.48601554518334E-06 sumLPAP 1.29809696191975E+00 harm
KEEPDBG accept 2 cc 6.19657854150543E-01 sumModel-2.09780797842395E+02 sumForcing 1.36011812411188E+02 sumM 4.87930372800793E-02 trend-4.38433160984231E-02 aero 0.00000000000000E+00 level 1.51520866639512E+03 k0-2.92355243290111E+04 init-1.69363264268211E+00 IR-5.08708359306436E-01 impC 3.01481209364022E-02 mP 5.51492872052613E-03 year-5.48601554518334E-06 sumLPAP 1.29809696191975E+00 harm
KEEPDBG accept 3 cc 6.19427247954462E-01 sumModel-2.10318961332815E+02 sumForcing 1.35760571727249E+02 sumM 4.87757443634352E-02 trend-4.39798164544599E-02 aero 0.00000000000000E+00 level 1.49997282009908E+03 k0-2.89555405753553E+04 init-1.69578693643821E+00 IR-5.07387432916212E-01 impC 3.01482531785201E-02 mP 5.51492872052613E-03 year-5.48601554518334E-06 sumLPAP 1.29809696191975E+00 harm
KEEPDBG accept 16 cc 6.19807502250807E-01 sumModel-2.10049411615889E+02 sumForcing 1.37006492800523E+02 sumM 4.87975545841221E-02 trend-4.39619398570681E-02 aero 0.00000000000000E+00 level 1.52951664425944E+03 k0-2.92191780952982E+04 init-1.69548384692043E+00 IR-5.08073521944515E-01 impC 3.01482531785201E-02 mP 5.51492872052613E-03 year-5.48601554518334E-06 sumLPAP 1.29809696191975E+00 harm
KEEPDBG accept 1 cc 6.19877714936842E-01 sumModel-2.09719750878703E+02 sumForcing 1.35238863648092E+02 sumM 4.87369861366950E-02 trend-4.35251092209107E-02 aero 0.00000000000000E+00 level 1.52622696927795E+03 k0-2.95009707374185E+04 init-1.69577467200562E+00 IR-5.08708359306436E-01 impC 3.01482531785201E-02 mP 5.51492872052613E-03 year-5.48601554518334E-06 sumLPAP 1.29809696191975E+00 harm
KEEPDBG accept 13 cc 6.19655054512480E-01 sumModel-2.10089386188167E+02 sumForcing 1.34844898271175E+02 sumM 4.87411333676689E-02 trend-4.38569403060280E-02 aero 0.00000000000000E+00 level 1.52654337186263E+03 k0-2.94141128824140E+04 init-1.69578693643821E+00 IR-5.08072794985129E-01 impC 3.01481209364022E-02 mP 5.51499815331887E-03 year-5.48601554518334E-06 sumLPAP 1.29809696191975E+00 harm
KEEPDBG accept 14 cc 6.19625702051843E-01 sumModel-2.09836936770789E+02 sumForcing 1.35635006438358E+02 sumM 4.87684903494047E-02 trend-4.38282767075737E-02 aero 0.00000000000000E+00 level 1.51280425868310E+03 k0-2.91860300122881E+04 init-1.69578693643821E+00 IR-5.08708359306436E-01 impC 2.99569371044780E-02 mP 5.51492872052613E-03 year-5.48601554518334E-06 sumLPAP 1.29809696191975E+00 harm
KEEPDBG accept 1 cc 6.19890407175576E-01 sumModel-2.09720730371386E+02 sumForcing 1.35256763957566E+02 sumM 4.87369861366950E-02 trend-4.35403780331006E-02 aero 0.00000000000000E+00 level 1.51983744642809E+03 k0-2.94038669571433E+04 init-1.69577467200562E+00 IR-5.08708359306436E-01 impC 3.01482531785201E-02 mP 5.51492872052613E-03 year-5.48601554518334E-06 sumLPAP 1.29809696191975E+00 harm
KEEPDBG accept 12 cc 6.19609122428378E-01 sumModel-2.09824966024868E+02 sumForcing 1.35168960614679E+02 sumM 4.87373834591250E-02 trend-4.37984535067030E-02 aero 0.00000000000000E+00 level 1.51081684283572E+03 k0-2.91301882574725E+04 init-1.69578693643821E+00 IR-5.08700791413222E-01 impC 3.01473807584183E-02 mP 5.51496500494062E-03 year-5.48601554518334E-06 sumLPAP 1.29809696191975E+00 harm
KEEPDBG accept 10 cc 6.19501843176590E-01 sumModel-2.09771233164635E+02 sumForcing 1.35161707796267E+02 sumM 4.87976777788240E-02 trend-4.35687898312302E-02 aero 0.00000000000000E+00 level 1.50161390100769E+03 k0-2.91143796533520E+04 init-1.69567883840040E+00 IR-5.08700791413222E-01 impC 3.01481381815308E-02 mP 5.51492872052613E-03 year-5.48601554518334E-06 sumLPAP 1.29809696191975E+00 harm
KEEPDBG accept 1 cc 6.19890409775213E-01 sumModel-2.09738774280641E+02 sumForcing 1.35256763957566E+02 sumM 4.87369861366950E-02 trend-4.35403780331006E-02 aero 0.00000000000000E+00 level 1.51983744642809E+03 k0-2.94038669571433E+04 init-1.69577467200562E+00 IR-5.08708359306436E-01 impC 3.00644202693219E-02 mP 5.51492872052613E-03 year-5.48601554518334E-06 sumLPAP 1.29809696191975E+00 harm
KEEPDBG accept 12 cc 6.19609123371416E-01 sumModel-2.09836064153290E+02 sumForcing 1.35168960614679E+02 sumM 4.87373834591250E-02 trend-4.37984535067030E-02 aero 0.00000000000000E+00 level 1.51081684283572E+03 k0-2.91301882574725E+04 init-1.69578693643821E+00 IR-5.08700791413222E-01 impC 3.00958180385875E-02 mP 5.51496500494062E-03 year-5.48601554518334E-06 sumLPAP 1.29809696191975E+00 harm
KEEPDBG accept 4 cc 6.19583158386362E-01 sumModel-2.09768669212588E+02 sumForcing 1.35364987492183E+02 sumM 4.87973162040279E-02 trend-4.35203545795130E-02 aero 0.00000000000000E+00 level 1.51228172963473E+03 k0-2.92205076214733E+04 init-1.69578693643821E+00 IR-5.08708359306436E-01 impC 3.01482265763537E-02 mP 5.52005940801559E-03 year-5.48601554518334E-06 sumLPAP 1.29809696191975E+00 harm
KEEPDBG accept 10 cc 6.19506315530377E-01 sumModel-2.09771072093285E+02 sumForcing 1.35099837827332E+02 sumM 4.87976777788240E-02 trend-4.35489754849309E-02 aero 0.00000000000000E+00 level 1.49929900858641E+03 k0-2.90812404513928E+04 init-1.69300528460219E+00 IR-5.08700791413222E-01 impC 3.01481381815308E-02 mP 5.51492872052613E-03 year-5.48601554518334E-06 sumLPAP 1.29809696191975E+00 harm
KEEPDBG accept 16 cc 6.19807833061706E-01 sumModel-2.10048349266859E+02 sumForcing 1.37003254619255E+02 sumM 4.87975545841221E-02 trend-4.39613022963489E-02 aero 0.00000000000000E+00 level 1.52943258563948E+03 k0-2.92187253220268E+04 init-1.69548384692043E+00 IR-5.08073521944515E-01 impC 3.01482531785201E-02 mP 5.51492872052613E-03 year-5.48601554518334E-06 sumLPAP 1.29809696191975E+00 harm
KEEPDBG accept 12 cc 6.19615035623203E-01 sumModel-2.09835472944085E+02 sumForcing 1.35130642768822E+02 sumM 4.87373834591250E-02 trend-4.37865081301470E-02 aero 0.00000000000000E+00 level 1.50944839098011E+03 k0-2.91109970009298E+04 init-1.69413598882937E+00 IR-5.08700791413222E-01 impC 3.00958180385875E-02 mP 5.51496500494062E-03 year-5.48601554518334E-06 sumLPAP 1.29809696191975E+00 harm
KEEPDBG accept 11 cc 6.19919339370227E-01 sumModel-2.09735023014017E+02 sumForcing 1.35732814730287E+02 sumM 4.86443716562769E-02 trend-4.38100939424806E-02 aero 0.00000000000000E+00 level 1.52117761424870E+03 k0-2.93228915224902E+04 init-1.68911295567119E+00 IR-5.08700791413222E-01 impC 3.01482531785201E-02 mP 5.51492872052613E-03 year-5.48601554518334E-06 sumLPAP 1.29809696191975E+00 harm
KEEPDBG accept 4 cc 6.19688193701912E-01 sumModel-2.09785570790750E+02 sumForcing 1.34883091694947E+02 sumM 4.87524136430078E-02 trend-4.34789520132104E-02 aero 0.00000000000000E+00 level 1.52068335264793E+03 k0-2.93151740408968E+04 init-1.69578693643821E+00 IR-5.08708359306436E-01 impC 3.01482265763537E-02 mP 5.52005940801559E-03 year-5.48601554518334E-06 sumLPAP 1.29809696191975E+00 harm
KEEPDBG accept 12 cc 6.19686629776193E-01 sumModel-2.09852459436694E+02 sumForcing 1.34734296129872E+02 sumM 4.86999944863025E-02 trend-4.37536113975339E-02 aero 0.00000000000000E+00 level 1.51640586649185E+03 k0-2.91842682837485E+04 init-1.69413598882937E+00 IR-5.08700791413222E-01 impC 3.00958180385875E-02 mP 5.51496500494062E-03 year-5.48601554518334E-06 sumLPAP 1.29809696191975E+00 harm
KEEPDBG accept 5 cc 6.19907821439480E-01 sumModel-2.09933123144216E+02 sumForcing 1.36271005374144E+02 sumM 4.83252681499874E-02 trend-4.40279412905366E-02 aero 0.00000000000000E+00 level 1.57383951656679E+03 k0-2.98191856154559E+04 init-1.69483094551348E+00 IR-5.08583455433758E-01 impC 3.01482531785201E-02 mP 5.51776347014719E-03 year-5.48601554518334E-06 sumLPAP 1.29809696191975E+00 harm
KEEPDBG accept 4 cc 6.19698813641906E-01 sumModel-2.09840335568959E+02 sumForcing 1.35082458328747E+02 sumM 4.87524136430078E-02 trend-4.35052697100602E-02 aero 0.00000000000000E+00 level 1.52629798090164E+03 k0-2.93564131583403E+04 init-1.69578693643821E+00 IR-5.08708359306436E-01 impC 3.01482265763537E-02 mP 5.53237995142709E-03 year-5.48601554518334E-06 sumLPAP 1.29809696191975E+00 harm
KEEPDBG accept 10 cc 6.19506451493725E-01 sumModel-2.09771368618092E+02 sumForcing 1.35098154105439E+02 sumM 4.87976777788240E-02 trend-4.35477354112022E-02 aero 0.00000000000000E+00 level 1.49924876862553E+03 k0-2.90810110350909E+04 init-1.69300528460219E+00 IR-5.08700791413222E-01 impC 3.01481381815308E-02 mP 5.51492872052613E-03 year-5.48601554518334E-06 sumLPAP 1.29809696191975E+00 harm
KEEPDBG accept 10 cc 6.19506648474407E-01 sumModel-2.09771792754470E+02 sumForcing 1.36978875949374E+02 sumM 4.87976777788240E-02 trend-4.35456292804335E-02 aero 0.00000000000000E+00 level 1.46046868894167E+03 k0-2.78974566963421E+04 init-1.69300528460219E+00 IR-5.08700791413222E-01 impC 3.01481381815308E-02 mP 5.51492872052613E-03 year-5.48601554518334E-06 sumLPAP 1.29809696191975E+00 harm
KEEPDBG accept 7 cc 6.19524026232998E-01 sumModel-2.09964386509132E+02 sumForcing 1.33371917087249E+02 sumM 4.85607271006965E-02 trend-4.36088317775161E-02 aero 0.00000000000000E+00 level 1.54334376921757E+03 k0-2.94203672569704E+04 init-1.69455039242676E+00 IR-5.08708359306436E-01 impC 3.01482531785201E-02 mP 5.51492872052613E-03 year-5.48601554518334E-06 sumLPAP 1.29809696191975E+00 harm
KEEPDBG accept 8 cc 6.19648275586387E-01 sumModel-2.09983581819405E+02 sumForcing 1.35901547861348E+02 sumM 4.87930220159278E-02 trend-4.38546145419039E-02 aero 0.00000000000000E+00 level 1.51479023818772E+03 k0-2.92345431884058E+04 init-1.69208709959689E+00 IR-5.08160582889218E-01 impC 3.01482531785201E-02 mP 5.51492872052613E-03 year-5.48601554518334E-06 sumLPAP 1.29809696191975E+00 harm
KEEPDBG accept 3 cc 6.19432590259972E-01 sumModel-2.10315039137618E+02 sumForcing 1.35752427334707E+02 sumM 4.87757443634352E-02 trend-4.39727252624164E-02 aero 0.00000000000000E+00 level 1.50251909131878E+03 k0-2.89972681323853E+04 init-1.69578693643821E+00 IR-5.07387432916212E-01 impC 3.01482531785201E-02 mP 5.51492872052613E-03 year-5.48601554518334E-06 sumLPAP 1.29809696191975E+00 harm
KEEPDBG accept 9 cc 6.19709359847260E-01 sumModel-2.09896010396688E+02 sumForcing 1.34084571399988E+02 sumM 4.86737526220978E-02 trend-4.36884140968088E-02 aero 0.00000000000000E+00 level 1.53476939653833E+03 k0-2.94220537513401E+04 init-1.69382729956450E+00 IR-5.08690580612939E-01 impC 3.01092374922747E-02 mP 5.51492872052613E-03 year-5.48601554518334E-06 sumLPAP 1.29809696191975E+00 harm
KEEPDBG accept 13 cc 6.19655057427907E-01 sumModel-2.10089386616702E+02 sumForcing 1.34844898271175E+02 sumM 4.87724122019177E-02 trend-4.38569419806184E-02 aero 0.00000000000000E+00 level 1.53330373613125E+03 k0-2.95518551796332E+04 init-1.69578693643821E+00 IR-5.08072794985129E-01 impC 3.01481209364022E-02 mP 5.51499815331887E-03 year-5.48601554518334E-06 sumLPAP 1.29809696191975E+00 harm
KEEPDBG accept 11 cc 6.19919464566011E-01 sumModel-2.09785852416645E+02 sumForcing 1.35732814730287E+02 sumM 4.86443716562769E-02 trend-4.38237538624898E-02 aero 0.00000000000000E+00 level 1.52158425963097E+03 k0-2.93259559041597E+04 init-1.68911295567119E+00 IR-5.08570254595113E-01 impC 3.01482531785201E-02 mP 5.51492872052613E-03 year-5.48601554518334E-06 sumLPAP 1.29809696191975E+00 harm
KEEPDBG accept 8 cc 6.19648288338360E-01 sumModel-2.09983643762396E+02 sumForcing 1.35799048592411E+02 sumM 4.87930220159278E-02 trend-4.38547382107882E-02 aero 0.00000000000000E+00 level 1.51695906148056E+03 k0-2.93008439289470E+04 init-1.69208709959689E+00 IR-5.08160582889218E-01 impC 3.01482531785201E-02 mP 5.51492872052613E-03 year-5.48601554518334E-06 sumLPAP 1.29809696191975E+00 harm
KEEPDBG accept 14 cc 6.19633661810201E-01 sumModel-2.09861675950129E+02 sumForcing 1.35734827387989E+02 sumM 4.87684903494047E-02 trend-4.38455269284734E-02 aero 0.00000000000000E+00 level 1.51552940406936E+03 k0-2.92095094519821E+04 init-1.69578693643821E+00 IR-5.08708359306436E-01 impC 2.99569371044780E-02 mP 5.51492872052613E-03 year-5.48601554518334E-06 sumLPAP 1.29809696191975E+00 harm
KEEPDBG accept 11 cc 6.19920080330784E-01 sumModel-2.09785699834749E+02 sumForcing 1.35729438492379E+02 sumM 4.86443716562769E-02 trend-4.38223036546206E-02 aero 0.00000000000000E+00 level 1.52160005739520E+03 k0-2.93265661097446E+04 init-1.68911295567119E+00 IR-5.08570254595113E-01 impC 3.01482531785201E-02 mP 5.51492872052613E-03 year-5.48601554518334E-06 sumLPAP 1.29809696191975E+00 harm
KEEPDBG accept 7 cc 6.19721878565823E-01 sumModel-2.09972587426701E+02 sumForcing 1.32551747187074E+02 sumM 4.85607271006965E-02 trend-4.33888120353870E-02 aero 0.00000000000000E+00 level 1.51810448420217E+03 k0-2.90542026757791E+04 init-1.66044681970503E+00 IR-5.08708359306436E-01 impC 3.01482531785201E-02 mP 5.51492872052613E-03 year-5.48601554518334E-06 sumLPAP 1.29809696191975E+00 harm
KEEPDBG accept 10 cc 6.19506810417648E-01 sumModel-2.09434310111043E+02 sumForcing 1.36978875949374E+02 sumM 4.87976777788240E-02 trend-4.34550994954722E-02 aero 0.00000000000000E+00 level 1.45786270265148E+03 k0-2.78779305427149E+04 init-1.69300528460219E+00 IR-5.09567200018253E-01 impC 3.01481381815308E-02 mP 5.51492872052613E-03 year-5.48601554518334E-06 sumLPAP 1.29809696191975E+00 harm
KEEPDBG accept 7 cc 6.19824350228857E-01 sumModel-2.09900993574923E+02 sumForcing 1.33313524745916E+02 sumM 4.86363234731813E-02 trend-4.34611009985167E-02 aero 0.00000000000000E+00 level 1.50531200843409E+03 k0-2.89559321714132E+04 init-1.66044681970503E+00 IR-5.08708359306436E-01 impC 3.01482531785201E-02 mP 5.51492872052613E-03 year-5.48601554518334E-06 sumLPAP 1.29809696191975E+00 harm
KEEPDBG accept 14 cc 6.19658582001546E-01 sumModel-2.09864159145285E+02 sumForcing 1.35639998022241E+02 sumM 4.87596881666270E-02 trend-4.38377988303991E-02 aero 0.00000000000000E+00 level 1.51718789658999E+03 k0-2.92283498684153E+04 init-1.69578693643821E+00 IR-5.08708359306436E-01 impC 2.99569371044780E-02 mP 5.51492872052613E-03 year-5.48601554518334E-06 sumLPAP 1.29809696191975E+00 harm
KEEPDBG accept 5 cc 6.19935199249553E-01 sumModel-2.09924836728862E+02 sumForcing 1.36133779774071E+02 sumM 4.83252681499874E-02 trend-4.39681433944487E-02 aero 0.00000000000000E+00 level 1.57462075492869E+03 k0-2.98495610016672E+04 init-1.69483094551348E+00 IR-5.08583455433758E-01 impC 3.01482531785201E-02 mP 5.51776347014719E-03 year-5.48601554518334E-06 sumLPAP 1.29809696191975E+00 harm
KEEPDBG accept 8 cc 6.19654417311850E-01 sumModel-2.10046039650513E+02 sumForcing 1.36004826115886E+02 sumM 4.87930220159278E-02 trend-4.38834841417239E-02 aero 0.00000000000000E+00 level 1.52282179537767E+03 k0-2.93426284519307E+04 init-1.69208709959689E+00 IR-5.08160582889218E-01 impC 3.01482531785201E-02 mP 5.52777770871334E-03 year-5.48601554518334E-06 sumLPAP 1.29809696191975E+00 harm
KEEPDBG accept 13 cc 6.19666176335110E-01 sumModel-2.10246328792075E+02 sumForcing 1.35389963683054E+02 sumM 4.87724122019177E-02 trend-4.39242372240379E-02 aero 0.00000000000000E+00 level 1.54853254522319E+03 k0-2.96642229827457E+04 init-1.69578693643821E+00 IR-5.08072794985129E-01 impC 3.01481209364022E-02 mP 5.54884056923122E-03 year-5.48601554518334E-06 sumLPAP 1.29809696191975E+00 harm
KEEPDBG accept 1 cc 6.19892235009020E-01 sumModel-2.09738252023106E+02 sumForcing 1.35244741180160E+02 sumM 4.87369861366950E-02 trend-4.35352544520816E-02 aero 0.00000000000000E+00 level 1.51989273676218E+03 k0-2.94061874733857E+04 init-1.69577467200562E+00 IR-5.08708359306436E-01 impC 3.00644202693219E-02 mP 5.51492872052613E-03 year-5.48601554518334E-06 sumLPAP 1.29809696191975E+00 harm
KEEPDBG accept 1 cc 6.19892425707564E-01 sumModel-2.09738347658539E+02 sumForcing 1.35243752839618E+02 sumM 4.87369861366950E-02 trend-4.35345585237151E-02 aero 0.00000000000000E+00 level 1.51986975777258E+03 k0-2.94062346773985E+04 init-1.69577467200562E+00 IR-5.08708359306436E-01 impC 3.00644202693219E-02 mP 5.51492872052613E-03 year-5.48601554518334E-06 sumLPAP 1.29809696191975E+00 harm
KEEPDBG accept 5 cc 6.19935203997394E-01 sumModel-2.09956936069631E+02 sumForcing 1.36133779774071E+02 sumM 4.83252681499874E-02 trend-4.39681433944487E-02 aero 0.00000000000000E+00 level 1.57462075492869E+03 k0-2.98495610016672E+04 init-1.69483094551348E+00 IR-5.08583455433758E-01 impC 2.99991057378154E-02 mP 5.51776347014719E-03 year-5.48601554518334E-06 sumLPAP 1.29809696191975E+00 harm
KEEPDBG accept 7 cc 6.19826721156249E-01 sumModel-2.09901081213930E+02 sumForcing 1.33310324810204E+02 sumM 4.86363234731813E-02 trend-4.34589253585190E-02 aero 0.00000000000000E+00 level 1.50523702590495E+03 k0-2.89561424419080E+04 init-1.66044681970503E+00 IR-5.08708359306436E-01 impC 3.01482531785201E-02 mP 5.51492872052613E-03 year-5.48601554518334E-06 sumLPAP 1.29809696191975E+00 harm
KEEPDBG accept 12 cc 6.19933469377992E-01 sumModel-2.09880781391063E+02 sumForcing 1.35597345070852E+02 sumM 4.86999944863025E-02 trend-4.38004164064996E-02 aero 0.00000000000000E+00 level 1.55942489146169E+03 k0-2.97394214772492E+04 init-1.69413598882937E+00 IR-5.08700791413222E-01 impC 3.00958180385875E-02 mP 5.51496500494062E-03 year-5.48601554518334E-06 sumLPAP 1.29809696191975E+00 harm
KEEPDBG accept 5 cc 6.19968419959157E-01 sumModel-2.09937090837906E+02 sumForcing 1.36073843806110E+02 sumM 4.83252681499874E-02 trend-4.39614453476570E-02 aero 0.00000000000000E+00 level 1.57229335758563E+03 k0-2.98376932726881E+04 init-1.69483094551348E+00 IR-5.08583455433758E-01 impC 2.99991057378154E-02 mP 5.51776347014719E-03 year-5.48601554518334E-06 sumLPAP 1.29809696191975E+00 harm
KEEPDBG accept 13 cc 6.19666250882827E-01 sumModel-2.10246376349440E+02 sumForcing 1.35460407432515E+02 sumM 4.87724122019177E-02 trend-4.39241683877376E-02 aero 0.00000000000000E+00 level 1.54700224869363E+03 k0-2.96178264742256E+04 init-1.69578693643821E+00 IR-5.08072794985129E-01 impC 3.01481209364022E-02 mP 5.54884056923122E-03 year-5.48601554518334E-06 sumLPAP 1.29809696191975E+00 harm
KEEPDBG accept 9 cc 6.19714467415926E-01 sumModel-2.09913835617276E+02 sumForcing 1.34173094920475E+02 sumM 4.86737526220978E-02 trend-4.37012742693567E-02 aero 0.00000000000000E+00 level 1.53702390453251E+03 k0-2.94430798963483E+04 init-1.69382729956450E+00 IR-5.08690580612939E-01 impC 3.01092374922747E-02 mP 5.51492872052613E-03 year-5.48601554518334E-06 sumLPAP 1.29809696191975E+00 harm
KEEPDBG accept 11 cc 6.19920090377519E-01 sumModel-2.09807630294471E+02 sumForcing 1.35810542737744E+02 sumM 4.86443716562769E-02 trend-4.38369679958441E-02 aero 0.00000000000000E+00 level 1.52373396432955E+03 k0-2.93424856072080E+04 init-1.68911295567119E+00 IR-5.08570254595113E-01 impC 3.01482531785201E-02 mP 5.51492872052613E-03 year-5.48601554518334E-06 sumLPAP 1.29809696191975E+00 harm
KEEPDBG accept 2 cc 6.19657861653639E-01 sumModel-2.09780823511049E+02 sumForcing 1.36011746771490E+02 sumM 4.87930372800793E-02 trend-4.38432671499019E-02 aero 0.00000000000000E+00 level 1.51520601136778E+03 k0-2.92355006753962E+04 init-1.69363264268211E+00 IR-5.08708359306436E-01 impC 3.01481209364022E-02 mP 5.51492872052613E-03 year-5.48601554518334E-06 sumLPAP 1.29809696191975E+00 harm
KEEPDBG accept 1 cc 6.19893182799588E-01 sumModel-2.09738835126049E+02 sumForcing 1.35240412514323E+02 sumM 4.87369861366950E-02 trend-4.35322431662066E-02 aero 0.00000000000000E+00 level 1.51978853961008E+03 k0-2.94061495569426E+04 init-1.69577467200562E+00 IR-5.08708359306436E-01 impC 3.00644202693219E-02 mP 5.51492872052613E-03 year-5.48601554518334E-06 sumLPAP 1.29809696191975E+00 harm
KEEPDBG accept 11 cc 6.19936576701966E-01 sumModel-2.09801838125579E+02 sumForcing 1.35713942027587E+02 sumM 4.86443716562769E-02 trend-4.37951947199075E-02 aero 0.00000000000000E+00 level 1.52422815697319E+03 k0-2.93623623478531E+04 init-1.68911295567119E+00 IR-5.08570254595113E-01 impC 3.01482531785201E-02 mP 5.51492872052613E-03 year-5.48601554518334E-06 sumLPAP 1.29809696191975E+00 harm
KEEPDBG accept 9 cc 6.19715729854651E-01 sumModel-2.09913911692986E+02 sumForcing 1.34171525841845E+02 sumM 4.86737526220978E-02 trend-4.37002688913623E-02 aero 0.00000000000000E+00 level 1.53698917430175E+03 k0-2.94431665111794E+04 init-1.69382729956450E+00 IR-5.08690580612939E-01 impC 3.01092374922747E-02 mP 5.51492872052613E-03 year-5.48601554518334E-06 sumLPAP 1.29809696191975E+00 harm
KEEPDBG accept 7 cc 6.19826733646908E-01 sumModel-2.09741927028379E+02 sumForcing 1.33310324810204E+02 sumM 4.86363234731813E-02 trend-4.34589253585190E-02 aero 0.00000000000000E+00 level 1.50523702590495E+03 k0-2.89561424419080E+04 init-1.66044681970503E+00 IR-5.08708359306436E-01 impC 3.08876915228719E-02 mP 5.51492872052613E-03 year-5.48601554518334E-06 sumLPAP 1.29809696191975E+00 harm
KEEPDBG accept 15 cc 6.20030315373001E-01 sumModel-2.09771587693624E+02 sumForcing 1.36109267186094E+02 sumM 4.85284666855978E-02 trend-4.39317049744748E-02 aero 0.00000000000000E+00 level 1.54590904718143E+03 k0-2.95920406950642E+04 init-1.69398705352560E+00 IR-5.08699090630213E-01 impC 3.01481373125144E-02 mP 5.51708784057823E-03 year-5.48601554518334E-06 sumLPAP 1.29809696191975E+00 harm
KEEPDBG accept 9 cc 6.19715785481056E-01 sumModel-2.09913938474424E+02 sumForcing 1.34171465054636E+02 sumM 4.86737526220978E-02 trend-4.37002321556911E-02 aero 0.00000000000000E+00 level 1.53698731709451E+03 k0-2.94431472156823E+04 init-1.69382729956450E+00 IR-5.08690580612939E-01 impC 3.01092374922747E-02 mP 5.51492872052613E-03 year-5.48601554518334E-06 sumLPAP 1.29809696191975E+00 harm
KEEPDBG accept 9 cc 6.19723370132226E-01 sumModel-2.09914488119957E+02 sumForcing 1.34173351048718E+02 sumM 4.86737526220978E-02 trend-4.37039935173770E-02 aero 0.00000000000000E+00 level 1.53602071691010E+03 k0-2.94280505860401E+04 init-1.69382729956450E+00 IR-5.08690580612939E-01 impC 3.01092374922747E-02 mP 5.51492872052613E-03 year-5.48601554518334E-06 sumLPAP 1.29809696191975E+00 harm
KEEPDBG accept 5 cc 6.20022343159811E-01 sumModel-2.09827948270179E+02 sumForcing 1.35817896934156E+02 sumM 4.85479472131644E-02 trend-4.38783102516937E-02 aero 0.00000000000000E+00 level 1.54197477322301E+03 k0-2.95990214487178E+04 init-1.69483094551348E+00 IR-5.08583455433758E-01 impC 2.99991057378154E-02 mP 5.51776347014719E-03 year-5.48601554518334E-06 sumLPAP 1.29809696191975E+00 harm
KEEPDBG accept 16 cc 6.20012247816845E-01 sumModel-2.09983167173440E+02 sumForcing 1.35859971321183E+02 sumM 4.87975545841221E-02 trend-4.34761015104485E-02 aero 0.00000000000000E+00 level 1.53521793361299E+03 k0-2.94559159121298E+04 init-1.69548384692043E+00 IR-5.08073521944515E-01 impC 3.01482531785201E-02 mP 5.51492872052613E-03 year-5.48601554518334E-06 sumLPAP 1.29809696191975E+00 harm
KEEPDBG accept 8 cc 6.19668579891117E-01 sumModel-2.10041271557721E+02 sumForcing 1.35945222558282E+02 sumM 4.87930220159278E-02 trend-4.38631440808216E-02 aero 0.00000000000000E+00 level 1.52065114047830E+03 k0-2.93158404160767E+04 init-1.68950617010922E+00 IR-5.08160582889218E-01 impC 3.01482531785201E-02 mP 5.52777770871334E-03 year-5.48601554518334E-06 sumLPAP 1.29809696191975E+00 harm
KEEPDBG accept 7 cc 6.19873888438050E-01 sumModel-2.09815874539693E+02 sumForcing 1.33703863477915E+02 sumM 4.86363234731813E-02 trend-4.34944467142806E-02 aero 0.00000000000000E+00 level 1.51560956160945E+03 k0-2.90608352674710E+04 init-1.66044681970503E+00 IR-5.08708359306436E-01 impC 3.08876915228719E-02 mP 5.53903863129181E-03 year-5.48601554518334E-06 sumLPAP 1.29809696191975E+00 harm
KEEPDBG accept 3 cc 6.19432666741405E-01 sumModel-2.10315228380759E+02 sumForcing 1.35750582906524E+02 sumM 4.87757443634352E-02 trend-4.39712830503372E-02 aero 0.00000000000000E+00 level 1.50246597788186E+03 k0-2.89971245351017E+04 init-1.69578693643821E+00 IR-5.07387432916212E-01 impC 3.01482531785201E-02 mP 5.51492872052613E-03 year-5.48601554518334E-06 sumLPAP 1.29809696191975E+00 harm
KEEPDBG accept 11 cc 6.19936588079660E-01 sumModel-2.09904400131086E+02 sumForcing 1.35713942027587E+02 sumM 4.86443716562769E-02 trend-4.37951947199075E-02 aero 0.00000000000000E+00 level 1.52422815697319E+03 k0-2.93623623478531E+04 init-1.68911295567119E+00 IR-5.08570254595113E-01 impC 2.96717015266016E-02 mP 5.51492872052613E-03 year-5.48601554518334E-06 sumLPAP 1.29809696191975E+00 harm
KEEPDBG accept 16 cc 6.20019138486086E-01 sumModel-2.09758288971923E+02 sumForcing 1.35099728026287E+02 sumM 4.87975545841221E-02 trend-4.33590789782790E-02 aero 0.00000000000000E+00 level 1.51425951517322E+03 k0-2.93279188357643E+04 init-1.69548384692043E+00 IR-5.08073521944515E-01 impC 3.01482531785201E-02 mP 5.46817958570275E-03 year-5.48601554518334E-06 sumLPAP 1.29809696191975E+00 harm
KEEPDBG accept 3 cc 6.19444536237154E-01 sumModel-2.10343401711281E+02 sumForcing 1.35856426752274E+02 sumM 4.87757443634352E-02 trend-4.39849034281338E-02 aero 0.00000000000000E+00 level 1.50552930889700E+03 k0-2.90233505270453E+04 init-1.69578693643821E+00 IR-5.07387432916212E-01 impC 3.01482531785201E-02 mP 5.52155082611859E-03 year-5.48601554518334E-06 sumLPAP 1.29809696191975E+00 harm
KEEPDBG accept 15 cc 6.20030315667741E-01 sumModel-2.09771640835780E+02 sumForcing 1.36109267186094E+02 sumM 4.85284666855978E-02 trend-4.39317192705683E-02 aero 0.00000000000000E+00 level 1.54590947598494E+03 k0-2.95920438771897E+04 init-1.69398705352560E+00 IR-5.08698954023941E-01 impC 3.01481373125144E-02 mP 5.51708784057823E-03 year-5.48601554518334E-06 sumLPAP 1.29809696191975E+00 harm
KEEPDBG accept 12 cc 6.19934126552434E-01 sumModel-2.09879530775235E+02 sumForcing 1.35593837712633E+02 sumM 4.86999944863025E-02 trend-4.37997404869862E-02 aero 0.00000000000000E+00 level 1.55934242201505E+03 k0-2.97392188696072E+04 init-1.69413598882937E+00 IR-5.08700791413222E-01 impC 3.00958180385875E-02 mP 5.51496500494062E-03 year-5.48601554518334E-06 sumLPAP 1.29809696191975E+00 harm
KEEPDBG accept 13 cc 6.19666297800843E-01 sumModel-2.10245679864442E+02 sumForcing 1.35458309774192E+02 sumM 4.87724122019177E-02 trend-4.39238952462759E-02 aero 0.00000000000000E+00 level 1.54694504668881E+03 k0-2.96175009317629E+04 init-1.69578693643821E+00 IR-5.08072794985129E-01 impC 3.01481209364022E-02 mP 5.54871041063005E-03 year-5.48601554518334E-06 sumLPAP 1.29809696191975E+00 harm
KEEPDBG accept 5 cc 6.20029449193567E-01 sumModel-2.09826549495232E+02 sumForcing 1.35820764598371E+02 sumM 4.85479472131644E-02 trend-4.38809096615015E-02 aero 0.00000000000000E+00 level 1.54088837823797E+03 k0-2.95841495676434E+04 init-1.69483094551348E+00 IR-5.08583455433758E-01 impC 2.99991057378154E-02 mP 5.51776347014719E-03 year-5.48601554518334E-06 sumLPAP 1.29809696191975E+00 harm
KEEPDBG accept 1 cc 6.19893257308703E-01 sumModel-2.09738845206943E+02 sumForcing 1.35239909263148E+02 sumM 4.87369861366950E-02 trend-4.35318836305649E-02 aero 0.00000000000000E+00 level 1.51977588094449E+03 k0-2.94061826209905E+04 init-1.69577467200562E+00 IR-5.08708359306436E-01 impC 3.00644202693219E-02 mP 5.51492872052613E-03 year-5.48601554518334E-06 sumLPAP 1.29809696191975E+00 harm
KEEPDBG accept 15 cc 6.20030315669470E-01 sumModel-2.09771648727915E+02 sumForcing 1.36109267186094E+02 sumM 4.85284666855978E-02 trend-4.39317192705683E-02 aero 0.00000000000000E+00 level 1.54590947598494E+03 k0-2.95920438771897E+04 init-1.69398705352560E+00 IR-5.08698954023941E-01 impC 3.01481006450341E-02 mP 5.51708784057823E-03 year-5.48601554518334E-06 sumLPAP 1.29809696191975E+00 harm
KEEPDBG accept 1 cc 6.19893328995130E-01 sumModel-2.09738936985726E+02 sumForcing 1.35239909263148E+02 sumM 4.88062913341936E-02 trend-4.35319051715273E-02 aero 0.00000000000000E+00 level 1.53472982809915E+03 k0-2.97120006652237E+04 init-1.69577467200562E+00 IR-5.08708359306436E-01 impC 3.00644202693219E-02 mP 5.51492872052613E-03 year-5.48601554518334E-06 sumLPAP 1.29809696191975E+00 harm
KEEPDBG accept 15 cc 6.20030316302440E-01 sumModel-2.09771763751789E+02 sumForcing 1.36109267186094E+02 sumM 4.85284666855978E-02 trend-4.39317501405611E-02 aero 0.00000000000000E+00 level 1.54591040191350E+03 k0-2.95920507484506E+04 init-1.69398705352560E+00 IR-5.08698659045829E-01 impC 3.01481006450341E-02 mP 5.51708784057823E-03 year-5.48601554518334E-06 sumLPAP 1.29809696191975E+00 harm
KEEPDBG accept 13 cc 6.19666300023580E-01 sumModel-2.10278868217514E+02 sumForcing 1.35458309774192E+02 sumM 4.87724122019177E-02 trend-4.39238952462759E-02 aero 0.00000000000000E+00 level 1.54694504668881E+03 k0-2.96175009317629E+04 init-1.69578693643821E+00 IR-5.08072794985129E-01 impC 2.99938614981431E-02 mP 5.54871041063005E-03 year-5.48601554518334E-06 sumLPAP 1.29809696191975E+00 harm
KEEPDBG accept 2 cc 6.19657863424726E-01 sumModel-2.09790444655773E+02 sumForcing 1.36011746771490E+02 sumM 4.87930372800793E-02 trend-4.38432671499019E-02 aero 0.00000000000000E+00 level 1.51520601136778E+03 k0-2.92355006753962E+04 init-1.69363264268211E+00 IR-5.08708359306436E-01 impC 3.01034206145067E-02 mP 5.51492872052613E-03 year-5.48601554518334E-06 sumLPAP 1.29809696191975E+00 harm
KEEPDBG accept 13 cc 6.19674048467657E-01 sumModel-2.10279403844929E+02 sumForcing 1.35463700628872E+02 sumM 4.87724122019177E-02 trend-4.39301420754454E-02 aero 0.00000000000000E+00 level 1.54487513736145E+03 k0-2.95862778295509E+04 init-1.69578693643821E+00 IR-5.08072794985129E-01 impC 2.99938614981431E-02 mP 5.54871041063005E-03 year-5.48601554518334E-06 sumLPAP 1.29809696191975E+00 harm
KEEPDBG accept 8 cc 6.19867551004781E-01 sumModel-2.10077176333652E+02 sumForcing 1.36464553809575E+02 sumM 4.87930220159278E-02 trend-4.39125167185587E-02 aero 0.00000000000000E+00 level 1.54887390946581E+03 k0-2.96632345912252E+04 init-1.68950617010922E+00 IR-5.08160582889218E-01 impC 3.01482531785201E-02 mP 5.52777770871334E-03 year-5.48601554518334E-06 sumLPAP 1.29809696191975E+00 harm
KEEPDBG accept 4 cc 6.19698816262812E-01 sumModel-2.09871185723702E+02 sumForcing 1.35082458328747E+02 sumM 4.87524136430078E-02 trend-4.35052697100602E-02 aero 0.00000000000000E+00 level 1.52629798090164E+03 k0-2.93564131583403E+04 init-1.69578693643821E+00 IR-5.08708359306436E-01 impC 3.00048952070510E-02 mP 5.53237995142709E-03 year-5.48601554518334E-06 sumLPAP 1.29809696191975E+00 harm
KEEPDBG accept 8 cc 6.19867566895216E-01 sumModel-2.10151818165099E+02 sumForcing 1.36464553809575E+02 sumM 4.87930220159278E-02 trend-4.39125167185587E-02 aero 0.00000000000000E+00 level 1.54887390946581E+03 k0-2.96632345912252E+04 init-1.68950617010922E+00 IR-5.08160582889218E-01 impC 2.98013381070202E-02 mP 5.52777770871334E-03 year-5.48601554518334E-06 sumLPAP 1.29809696191975E+00 harm
KEEPDBG accept 14 cc 6.19659820182026E-01 sumModel-2.09863889921744E+02 sumForcing 1.35634409870257E+02 sumM 4.87596881666270E-02 trend-4.38359674680839E-02 aero 0.00000000000000E+00 level 1.51698772607485E+03 k0-2.92257419860210E+04 init-1.69554522530739E+00 IR-5.08708359306436E-01 impC 2.99569371044780E-02 mP 5.51492872052613E-03 year-5.48601554518334E-06 sumLPAP 1.29809696191975E+00 harm
KEEPDBG accept 6 cc 6.20002180230407E-01 sumModel-2.09906911397442E+02 sumForcing 1.35844862725733E+02 sumM 4.81107036018958E-02 trend-4.38911456776191E-02 aero 0.00000000000000E+00 level 1.42983659730960E+03 k0-2.73786070938542E+04 init-1.68718391374396E+00 IR-5.08272361679317E-01 impC 3.01482531785201E-02 mP 5.51775497824715E-03 year-5.48601554518334E-06 sumLPAP 1.29809696191975E+00 harm
KEEPDBG accept 1 cc 6.19896487417123E-01 sumModel-2.09782217869451E+02 sumForcing 1.35389269474603E+02 sumM 4.88062913341936E-02 trend-4.35533339030236E-02 aero 0.00000000000000E+00 level 1.53898088918346E+03 k0-2.97416079706148E+04 init-1.69577467200562E+00 IR-5.08708359306436E-01 impC 3.00644202693219E-02 mP 5.52418174988426E-03 year-5.48601554518334E-06 sumLPAP 1.29809696191975E+00 harm
KEEPDBG accept 10 cc 6.19507206598429E-01 sumModel-2.09435271096004E+02 sumForcing 1.36971613327864E+02 sumM 4.87976777788240E-02 trend-4.34497841832125E-02 aero 0.00000000000000E+00 level 1.45766153028766E+03 k0-2.78772986073474E+04 init-1.69300528460219E+00 IR-5.09567200018253E-01 impC 3.01481381815308E-02 mP 5.51492872052613E-03 year-5.48601554518334E-06 sumLPAP 1.29809696191975E+00 harm
KEEPDBG accept 7 cc 6.19902667084962E-01 sumModel-2.09823818416327E+02 sumForcing 1.33421634709574E+02 sumM 4.86363234731813E-02 trend-4.34184068549144E-02 aero 0.00000000000000E+00 level 1.50642955615359E+03 k0-2.89216877035854E+04 init-1.64879384884806E+00 IR-5.08708359306436E-01 impC 3.08876915228719E-02 mP 5.53903863129181E-03 year-5.48601554518334E-06 sumLPAP 1.29809696191975E+00 harm
KEEPDBG accept 1 cc 6.19896868397456E-01 sumModel-2.10072118751866E+02 sumForcing 1.35389269474603E+02 sumM 4.88062913341936E-02 trend-4.36311615267246E-02 aero 0.00000000000000E+00 level 1.54131953330679E+03 k0-2.97592788726875E+04 init-1.69577467200562E+00 IR-5.07963327453881E-01 impC 3.00644202693219E-02 mP 5.52418174988426E-03 year-5.48601554518334E-06 sumLPAP 1.29809696191975E+00 harm
KEEPDBG accept 4 cc 6.19787686084300E-01 sumModel-2.09852625736033E+02 sumForcing 1.34547617297374E+02 sumM 4.87524136430078E-02 trend-4.33338329031318E-02 aero 0.00000000000000E+00 level 1.50714215445199E+03 k0-2.91013814802993E+04 init-1.67294156648450E+00 IR-5.08708359306436E-01 impC 3.00048952070510E-02 mP 5.53237995142709E-03 year-5.48601554518334E-06 sumLPAP 1.29809696191975E+00 harm
KEEPDBG accept 16 cc 6.20019726630488E-01 sumModel-2.09758312210576E+02 sumForcing 1.35100300425099E+02 sumM 4.87975545841221E-02 trend-4.33595399121828E-02 aero 0.00000000000000E+00 level 1.51406329791282E+03 k0-2.93248747162490E+04 init-1.69548384692043E+00 IR-5.08073521944515E-01 impC 3.01482531785201E-02 mP 5.46817958570275E-03 year-5.48601554518334E-06 sumLPAP 1.29809696191975E+00 harm
KEEPDBG accept 5 cc 6.20030046891834E-01 sumModel-2.09826735948367E+02 sumForcing 1.36579350467050E+02 sumM 4.85479472131644E-02 trend-4.38800999227261E-02 aero 0.00000000000000E+00 level 1.52468736444334E+03 k0-2.90931512534241E+04 init-1.69483094551348E+00 IR-5.08583455433758E-01 impC 2.99991057378154E-02 mP 5.51776347014719E-03 year-5.48601554518334E-06 sumLPAP 1.29809696191975E+00 harm
KEEPDBG accept 8 cc 6.19867868477702E-01 sumModel-2.10150793032293E+02 sumForcing 1.36461996775372E+02 sumM 4.87930220159278E-02 trend-4.39119823673959E-02 aero 0.00000000000000E+00 level 1.54881083399205E+03 k0-2.96631104192165E+04 init-1.68950617010922E+00 IR-5.08160582889218E-01 impC 2.98013381070202E-02 mP 5.52777770871334E-03 year-5.48601554518334E-06 sumLPAP 1.29809696191975E+00 harm
KEEPDBG accept 7 cc 6.19956047946416E-01 sumModel-2.09911767400158E+02 sumForcing 1.33907501826090E+02 sumM 4.86363234731813E-02 trend-4.34845362405344E-02 aero 0.00000000000000E+00 level 1.51892837658329E+03 k0-2.90498289939520E+04 init-1.64879384884806E+00 IR-5.08708359306436E-01 impC 3.08876915228719E-02 mP 5.53903863129181E-03 year-5.48601554518334E-06 sumLPAP 1.29809696191975E+00 harm
KEEPDBG accept 13 cc 6.19705953115877E-01 sumModel-2.10286498028457E+02 sumForcing 1.35495800805629E+02 sumM 4.87724122019177E-02 trend-4.39689567886896E-02 aero 0.00000000000000E+00 level 1.53169616215408E+03 k0-2.93842086976571E+04 init-1.69578693643821E+00 IR-5.08072794985129E-01 impC 2.99938614981431E-02 mP 5.54871041063005E-03 year-5.48601554518334E-06 sumLPAP 1.29809696191975E+00 harm
KEEPDBG accept 7 cc 6.19956096318994E-01 sumModel-2.09911855308497E+02 sumForcing 1.33907501826090E+02 sumM 4.85410184768512E-02 trend-4.34845523209367E-02 aero 0.00000000000000E+00 level 1.49874388588550E+03 k0-2.86416144555271E+04 init-1.64879384884806E+00 IR-5.08708359306436E-01 impC 3.08876915228719E-02 mP 5.53903863129181E-03 year-5.48601554518334E-06 sumLPAP 1.29809696191975E+00 harm
KEEPDBG accept 3 cc 6.19452738913397E-01 sumModel-2.10334941737914E+02 sumForcing 1.35831202323799E+02 sumM 4.87757443634352E-02 trend-4.39638231738025E-02 aero 0.00000000000000E+00 level 1.51314293258149E+03 k0-2.91448256386580E+04 init-1.69578693643821E+00 IR-5.07387432916212E-01 impC 3.01482531785201E-02 mP 5.52155082611859E-03 year-5.48601554518334E-06 sumLPAP 1.29809696191975E+00 harm
KEEPDBG accept 3 cc 6.19452759050696E-01 sumModel-2.10335019114929E+02 sumForcing 1.35831202323799E+02 sumM 4.91703754639167E-02 trend-4.39638354070998E-02 aero 0.00000000000000E+00 level 1.60094370659738E+03 k0-3.09342878819050E+04 init-1.69578693643821E+00 IR-5.07387432916212E-01 impC 3.01482531785201E-02 mP 5.52155082611859E-03 year-5.48601554518334E-06 sumLPAP 1.29809696191975E+00 harm
KEEPDBG accept 8 cc 6.19867869677620E-01 sumModel-2.10157923670155E+02 sumForcing 1.36461996775372E+02 sumM 4.87930220159278E-02 trend-4.39119823673959E-02 aero 0.00000000000000E+00 level 1.54881083399205E+03 k0-2.96631104192165E+04 init-1.68950617010922E+00 IR-5.08160582889218E-01 impC 2.97681968282520E-02 mP 5.52777770871334E-03 year-5.48601554518334E-06 sumLPAP 1.29809696191975E+00 harm
KEEPDBG accept 1 cc 6.20115099974381E-01 sumModel-2.10006413954923E+02 sumForcing 1.32186895537454E+02 sumM 4.88062913341936E-02 trend-4.22807365379126E-02 aero 0.00000000000000E+00 level 1.55374406800711E+03 k0-3.03755208965436E+04 init-1.69577467200562E+00 IR-5.07963327453881E-01 impC 3.00644202693219E-02 mP 5.52418174988426E-03 year-5.48601554518334E-06 sumLPAP 1.29809696191975E+00 harm
KEEPDBG accept 3 cc 6.19478270088296E-01 sumModel-2.10324029906093E+02 sumForcing 1.35655315617931E+02 sumM 4.91703754639167E-02 trend-4.38881021931541E-02 aero 0.00000000000000E+00 level 1.60184099319042E+03 k0-3.09712439549045E+04 init-1.69578693643821E+00 IR-5.07387432916212E-01 impC 3.01482531785201E-02 mP 5.52155082611859E-03 year-5.48601554518334E-06 sumLPAP 1.29809696191975E+00 harm
KEEPDBG accept 9 cc 6.19861621746055E-01 sumModel-2.09896230771893E+02 sumForcing 1.34385372562899E+02 sumM 4.84999635120452E-02 trend-4.37323136469656E-02 aero 0.00000000000000E+00 level 1.56148502665883E+03 k0-2.97411589886062E+04 init-1.69382729956450E+00 IR-5.08690580612939E-01 impC 3.01092374922747E-02 mP 5.51492872052613E-03 year-5.48601554518334E-06 sumLPAP 1.29809696191975E+00 harm
KEEPDBG accept 4 cc 6.19787687081610E-01 sumModel-2.09803018453723E+02 sumForcing 1.34547617297374E+02 sumM 4.87524136430078E-02 trend-4.33338329031318E-02 aero 0.00000000000000E+00 level 1.50714215445199E+03 k0-2.91013814802993E+04 init-1.67294156648450E+00 IR-5.08708359306436E-01 impC 3.02353731336716E-02 mP 5.53237995142709E-03 year-5.48601554518334E-06 sumLPAP 1.29809696191975E+00 harm
KEEPDBG accept 8 cc 6.20205262906697E-01 sumModel-2.10035612480370E+02 sumForcing 1.35458168474010E+02 sumM 4.87930220159278E-02 trend-4.35579061414790E-02 aero 0.00000000000000E+00 level 1.51380041357594E+03 k0-2.92786192075368E+04 init-1.64686104037283E+00 IR-5.08160582889218E-01 impC 2.97681968282520E-02 mP 5.52777770871334E-03 year-5.48601554518334E-06 sumLPAP 1.29809696191975E+00 harm
KEEPDBG accept 1 cc 6.20115099974658E-01 sumModel-2.10006408890764E+02 sumForcing 1.32186895537454E+02 sumM 4.88062913341936E-02 trend-4.22807365379126E-02 aero 0.00000000000000E+00 level 1.55374406800711E+03 k0-3.03755208965436E+04 init-1.69577467200562E+00 IR-5.07963327453881E-01 impC 3.00644438092279E-02 mP 5.52418174988426E-03 year-5.48601554518334E-06 sumLPAP 1.29809696191975E+00 harm
KEEPDBG accept 5 cc 6.20030173999015E-01 sumModel-2.09826805478545E+02 sumForcing 1.36579146985186E+02 sumM 4.85479472131644E-02 trend-4.38799691804821E-02 aero 0.00000000000000E+00 level 1.52468180067390E+03 k0-2.90930905774754E+04 init-1.69483094551348E+00 IR-5.08583455433758E-01 impC 2.99991057378154E-02 mP 5.51776347014719E-03 year-5.48601554518334E-06 sumLPAP 1.29809696191975E+00 harm
KEEPDBG accept 2 cc 6.19658227829729E-01 sumModel-2.09790809232573E+02 sumForcing 1.38038777749239E+02 sumM 4.87930372800793E-02 trend-4.38410189623167E-02 aero 0.00000000000000E+00 level 1.47331149768379E+03 k0-2.79643532556927E+04 init-1.69363264268211E+00 IR-5.08708359306436E-01 impC 3.01034206145067E-02 mP 5.51492872052613E-03 year-5.48601554518334E-06 sumLPAP 1.29809696191975E+00 harm
KEEPDBG accept 11 cc 6.20060576859664E-01 sumModel-2.09861622893575E+02 sumForcing 1.34869337963081E+02 sumM 4.86443716562769E-02 trend-4.34312517481254E-02 aero 0.00000000000000E+00 level 1.52831321466014E+03 k0-2.95333005524214E+04 init-1.68911295567119E+00 IR-5.08570254595113E-01 impC 2.96717015266016E-02 mP 5.51492872052613E-03 year-5.48601554518334E-06 sumLPAP 1.29809696191975E+00 harm
KEEPDBG accept 16 cc 6.20104882288613E-01 sumModel-2.09742829198935E+02 sumForcing 1.34659921275400E+02 sumM 4.87975545841221E-02 trend-4.32095427996664E-02 aero 0.00000000000000E+00 level 1.49828906386216E+03 k0-2.91181573856336E+04 init-1.67678010861326E+00 IR-5.08073521944515E-01 impC 3.01482531785201E-02 mP 5.46817958570275E-03 year-5.48601554518334E-06 sumLPAP 1.29809696191975E+00 harm
KEEPDBG accept 6 cc 6.20047880661407E-01 sumModel-2.09891225208953E+02 sumForcing 1.35576947675869E+02 sumM 4.81107036018958E-02 trend-4.37749738260540E-02 aero 0.00000000000000E+00 level 1.43110264252351E+03 k0-2.74303219967750E+04 init-1.68718391374396E+00 IR-5.08272361679317E-01 impC 3.01482531785201E-02 mP 5.51775497824715E-03 year-5.48601554518334E-06 sumLPAP 1.29809696191975E+00 harm
KEEPDBG accept 1 cc 6.20115103736545E-01 sumModel-2.10006403618278E+02 sumForcing 1.32186902890976E+02 sumM 4.88062913341936E-02 trend-4.22807429581849E-02 aero 0.00000000000000E+00 level 1.55374388374818E+03 k0-3.03755051680651E+04 init-1.69577467200562E+00 IR-5.07963327453881E-01 impC 3.00644438092279E-02 mP 5.52418174988426E-03 year-5.48601554518334E-06 sumLPAP 1.29809696191975E+00 harm
KEEPDBG accept 7 cc 6.20036595814159E-01 sumModel-2.09968814000659E+02 sumForcing 1.33939006647278E+02 sumM 4.85410184768512E-02 trend-4.36005184569194E-02 aero 0.00000000000000E+00 level 1.47019800400996E+03 k0-2.81592546997879E+04 init-1.64879384884806E+00 IR-5.08708359306436E-01 impC 3.08876915228719E-02 mP 5.53903863129181E-03 year-5.48601554518334E-06 sumLPAP 1.29809696191975E+00 harm
KEEPDBG accept 5 cc 6.20314753666700E-01 sumModel-2.09740698419160E+02 sumForcing 1.34062118373848E+02 sumM 4.85479472131644E-02 trend-4.28032562785305E-02 aero 0.00000000000000E+00 level 1.53587922665956E+03 k0-2.95892509732856E+04 init-1.69483094551348E+00 IR-5.08583455433758E-01 impC 2.99991057378154E-02 mP 5.51776347014719E-03 year-5.48601554518334E-06 sumLPAP 1.29809696191975E+00 harm
KEEPDBG accept 9 cc 6.19938314515011E-01 sumModel-2.09593527705859E+02 sumForcing 1.33127788233788E+02 sumM 4.84999635120452E-02 trend-4.35950238604964E-02 aero 0.00000000000000E+00 level 1.53081283783679E+03 k0-2.95157944105234E+04 init-1.69382729956450E+00 IR-5.08690580612939E-01 impC 3.01092374922747E-02 mP 5.43822234912373E-03 year-5.48601554518334E-06 sumLPAP 1.29809696191975E+00 harm
KEEPDBG accept 13 cc 6.19709741352123E-01 sumModel-2.10322758479117E+02 sumForcing 1.35628851544153E+02 sumM 4.87724122019177E-02 trend-4.39912173194663E-02 aero 0.00000000000000E+00 level 1.53529520329266E+03 k0-2.94127296322279E+04 init-1.69578693643821E+00 IR-5.08072794985129E-01 impC 2.99938614981431E-02 mP 5.54871041063005E-03 year-5.48601554518334E-06 sumLPAP 1.29809696191975E+00 harm
KEEPDBG accept 8 cc 6.20205996057441E-01 sumModel-2.10035474102589E+02 sumForcing 1.35458428115220E+02 sumM 4.87927584206232E-02 trend-4.35579789070101E-02 aero 0.00000000000000E+00 level 1.51384807896400E+03 k0-2.92793121811755E+04 init-1.64686104037283E+00 IR-5.08160582889218E-01 impC 2.97681968282520E-02 mP 5.52777770871334E-03 year-5.48601554518334E-06 sumLPAP 1.29809696191975E+00 harm
KEEPDBG accept 10 cc 6.19507407584985E-01 sumModel-2.09435781507853E+02 sumForcing 1.39400112571948E+02 sumM 4.87976777788240E-02 trend-4.34472434403115E-02 aero 0.00000000000000E+00 level 1.40999052715128E+03 k0-2.64431602069826E+04 init-1.69300528460219E+00 IR-5.09567200018253E-01 impC 3.01481381815308E-02 mP 5.51492872052613E-03 year-5.48601554518334E-06 sumLPAP 1.29809696191975E+00 harm
KEEPDBG accept 1 cc 6.20115316628115E-01 sumModel-2.10006348608265E+02 sumForcing 1.32185529180743E+02 sumM 4.88062913341936E-02 trend-4.22802575866872E-02 aero 0.00000000000000E+00 level 1.55369273635003E+03 k0-3.03748791189536E+04 init-1.69571711350526E+00 IR-5.07963327453881E-01 impC 3.00644438092279E-02 mP 5.52418174988426E-03 year-5.48601554518334E-06 sumLPAP 1.29809696191975E+00 harm
KEEPDBG accept 10 cc 6.19507419108850E-01 sumModel-2.09435829418079E+02 sumForcing 1.39400112571948E+02 sumM 4.89398107730020E-02 trend-4.34472486234127E-02 aero 0.00000000000000E+00 level 1.43855737532296E+03 k0-2.70120553185716E+04 init-1.69300528460219E+00 IR-5.09567200018253E-01 impC 3.01481381815308E-02 mP 5.51492872052613E-03 year-5.48601554518334E-06 sumLPAP 1.29809696191975E+00 harm
KEEPDBG accept 2 cc 6.19818290315811E-01 sumModel-2.09733443889027E+02 sumForcing 1.36961546703162E+02 sumM 4.87930372800793E-02 trend-4.33872220945166E-02 aero 0.00000000000000E+00 level 1.47821441522148E+03 k0-2.81684524546807E+04 init-1.69363264268211E+00 IR-5.08708359306436E-01 impC 3.01034206145067E-02 mP 5.51492872052613E-03 year-5.48601554518334E-06 sumLPAP 1.29809696191975E+00 harm
KEEPDBG accept 1 cc 6.20115382745955E-01 sumModel-2.09999641340963E+02 sumForcing 1.32185529180743E+02 sumM 4.88062913341936E-02 trend-4.22784762672592E-02 aero 0.00000000000000E+00 level 1.55363967960864E+03 k0-3.03744743028999E+04 init-1.69571711350526E+00 IR-5.07980592672656E-01 impC 3.00644438092279E-02 mP 5.52418174988426E-03 year-5.48601554518334E-06 sumLPAP 1.29809696191975E+00 harm
KEEPDBG accept 8 cc 6.20216428026731E-01 sumModel-2.10034327534571E+02 sumForcing 1.35462073952852E+02 sumM 4.87890619928276E-02 trend-4.35590870363663E-02 aero 0.00000000000000E+00 level 1.51449742886319E+03 k0-2.92882558298592E+04 init-1.64686104037283E+00 IR-5.08160582889218E-01 impC 2.97681968282520E-02 mP 5.52777770871334E-03 year-5.48601554518334E-06 sumLPAP 1.29809696191975E+00 harm
KEEPDBG accept 1 cc 6.20151931161948E-01 sumModel-2.09997492139333E+02 sumForcing 1.32199310100842E+02 sumM 4.87934953915952E-02 trend-4.22825683610845E-02 aero 0.00000000000000E+00 level 1.55599526917670E+03 k0-3.04065670740138E+04 init-1.69571711350526E+00 IR-5.07980592672656E-01 impC 3.00644438092279E-02 mP 5.52418174988426E-03 year-5.48601554518334E-06 sumLPAP 1.29809696191975E+00 harm
KEEPDBG accept 5 cc 6.20314809773199E-01 sumModel-2.09740721841708E+02 sumForcing 1.34062121534197E+02 sumM 4.85479472131644E-02 trend-4.28032726427979E-02 aero 0.00000000000000E+00 level 1.53587678053187E+03 k0-2.95891567217061E+04 init-1.69483094551348E+00 IR-5.08583455433758E-01 impC 2.99991057378154E-02 mP 5.51776347014719E-03 year-5.48601554518334E-06 sumLPAP 1.29809696191975E+00 harm
KEEPDBG accept 13 cc 6.19709916732568E-01 sumModel-2.10322762446512E+02 sumForcing 1.36066983239573E+02 sumM 4.87724122019177E-02 trend-4.39907207838259E-02 aero 0.00000000000000E+00 level 1.52592953397361E+03 k0-2.91291545693262E+04 init-1.69578693643821E+00 IR-5.08072794985129E-01 impC 2.99938614981431E-02 mP 5.54871041063005E-03 year-5.48601554518334E-06 sumLPAP 1.29809696191975E+00 harm
KEEPDBG accept 11 cc 6.20074324852391E-01 sumModel-2.10022844572955E+02 sumForcing 1.35302901402798E+02 sumM 4.82711003000689E-02 trend-4.35672699823834E-02 aero 0.00000000000000E+00 level 1.58047260242068E+03 k0-2.99823546463423E+04 init-1.68911295567119E+00 IR-5.08570254595113E-01 impC 2.96717015266016E-02 mP 5.51492872052613E-03 year-5.48601554518334E-06 sumLPAP 1.29809696191975E+00 harm
KEEPDBG accept 10 cc 6.19586361922479E-01 sumModel-2.09398709109780E+02 sumForcing 1.35161053449562E+02 sumM 4.89398107730020E-02 trend-4.17299196263450E-02 aero 0.00000000000000E+00 level 1.45100053845238E+03 k0-2.76868595761731E+04 init-1.69300528460219E+00 IR-5.09567200018253E-01 impC 3.01481381815308E-02 mP 5.51492872052613E-03 year-5.48601554518334E-06 sumLPAP 1.29809696191975E+00 harm
KEEPDBG accept 7 cc 6.20057949603696E-01 sumModel-2.10029223101276E+02 sumForcing 1.33048900053174E+02 sumM 4.84542068966021E-02 trend-4.35240095007475E-02 aero 0.00000000000000E+00 level 1.48583218271718E+03 k0-2.82992883913550E+04 init-1.64879384884806E+00 IR-5.08708359306436E-01 impC 3.08876915228719E-02 mP 5.53903863129181E-03 year-5.48601554518334E-06 sumLPAP 1.29809696191975E+00 harm
KEEPDBG accept 3 cc 6.19478275801278E-01 sumModel-2.10369730113669E+02 sumForcing 1.35655315617931E+02 sumM 4.91703754639167E-02 trend-4.38881021931541E-02 aero 0.00000000000000E+00 level 1.60184099319042E+03 k0-3.09712439549045E+04 init-1.69578693643821E+00 IR-5.07387432916212E-01 impC 2.99357425214735E-02 mP 5.52155082611859E-03 year-5.48601554518334E-06 sumLPAP 1.29809696191975E+00 harm
KEEPDBG accept 1 cc 6.20155813145667E-01 sumModel-2.09997189753204E+02 sumForcing 1.32200398112354E+02 sumM 4.87934953915952E-02 trend-4.22838562783858E-02 aero 0.00000000000000E+00 level 1.55542319662048E+03 k0-3.03978651876820E+04 init-1.69571711350526E+00 IR-5.07980592672656E-01 impC 3.00644438092279E-02 mP 5.52418174988426E-03 year-5.48601554518334E-06 sumLPAP 1.29809696191975E+00 harm
KEEPDBG accept 10 cc 6.19827611663841E-01 sumModel-2.09561429775502E+02 sumForcing 1.36191364558503E+02 sumM 4.89398107730020E-02 trend-4.19163239929041E-02 aero 0.00000000000000E+00 level 1.48000390816301E+03 k0-2.79423074570182E+04 init-1.69300528460219E+00 IR-5.09567200018253E-01 impC 3.01481381815308E-02 mP 5.51492872052613E-03 year-5.48601554518334E-06 sumLPAP 1.29809696191975E+00 harm
KEEPDBG accept 3 cc 6.19548233065150E-01 sumModel-2.10339161974162E+02 sumForcing 1.35102466151565E+02 sumM 4.91703754639167E-02 trend-4.36507164277207E-02 aero 0.00000000000000E+00 level 1.60453641261074E+03 k0-3.10860293920914E+04 init-1.69578693643821E+00 IR-5.07387432916212E-01 impC 2.99357425214735E-02 mP 5.52155082611859E-03 year-5.48601554518334E-06 sumLPAP 1.29809696191975E+00 harm
KEEPDBG accept 13 cc 6.19913024494382E-01 sumModel-2.10194215951217E+02 sumForcing 1.33041791365262E+02 sumM 4.87724122019177E-02 trend-4.26911113505754E-02 aero 0.00000000000000E+00 level 1.53885745479398E+03 k0-2.97053125957719E+04 init-1.69578693643821E+00 IR-5.08072794985129E-01 impC 2.99938614981431E-02 mP 5.54871041063005E-03 year-5.48601554518334E-06 sumLPAP 1.29809696191975E+00 harm
KEEPDBG accept 9 cc 6.19938314517185E-01 sumModel-2.09593373129204E+02 sumForcing 1.33127788233788E+02 sumM 4.84999635120452E-02 trend-4.35950238604964E-02 aero 0.00000000000000E+00 level 1.53081283783679E+03 k0-2.95157944105234E+04 init-1.69382729956450E+00 IR-5.08690580612939E-01 impC 3.01099556716040E-02 mP 5.43822234912373E-03 year-5.48601554518334E-06 sumLPAP 1.29809696191975E+00 harm
KEEPDBG accept 4 cc 6.19806035868477E-01 sumModel-2.09808824406525E+02 sumForcing 1.34151529609614E+02 sumM 4.87524136430078E-02 trend-4.32150217129789E-02 aero 0.00000000000000E+00 level 1.49301562797127E+03 k0-2.88946104818676E+04 init-1.65628171896900E+00 IR-5.08708359306436E-01 impC 3.02353731336716E-02 mP 5.53237995142709E-03 year-5.48601554518334E-06 sumLPAP 1.29809696191975E+00 harm
KEEPDBG accept 15 cc 6.20030510148464E-01 sumModel-2.09771083372071E+02 sumForcing 1.36107611147049E+02 sumM 4.85284666855978E-02 trend-4.39314117542332E-02 aero 0.00000000000000E+00 level 1.54587359722804E+03 k0-2.95920582511270E+04 init-1.69398705352560E+00 IR-5.08698659045829E-01 impC 3.01481006450341E-02 mP 5.51708784057823E-03 year-5.48601554518334E-06 sumLPAP 1.29809696191975E+00 harm
KEEPDBG accept 13 cc 6.19913028419585E-01 sumModel-2.10166873974648E+02 sumForcing 1.33041791365262E+02 sumM 4.87724122019177E-02 trend-4.26911113505754E-02 aero 0.00000000000000E+00 level 1.53885745479398E+03 k0-2.97053125957719E+04 init-1.69578693643821E+00 IR-5.08072794985129E-01 impC 3.01209469831416E-02 mP 5.54871041063005E-03 year-5.48601554518334E-06 sumLPAP 1.29809696191975E+00 harm
KEEPDBG accept 6 cc 6.20053912809948E-01 sumModel-2.09855927703343E+02 sumForcing 1.35461961857938E+02 sumM 4.81107036018958E-02 trend-4.37587277112227E-02 aero 0.00000000000000E+00 level 1.42822734289717E+03 k0-2.74125260778376E+04 init-1.68718391374396E+00 IR-5.08272361679317E-01 impC 3.01482531785201E-02 mP 5.51062878087870E-03 year-5.48601554518334E-06 sumLPAP 1.29809696191975E+00 harm
KEEPDBG accept 1 cc 6.20156724991854E-01 sumModel-2.09999007220300E+02 sumForcing 1.32208473544914E+02 sumM 4.87934953915952E-02 trend-4.22850956287939E-02 aero 0.00000000000000E+00 level 1.55566071999999E+03 k0-3.03995580314196E+04 init-1.69571711350526E+00 IR-5.07980592672656E-01 impC 3.00644438092279E-02 mP 5.52467076278122E-03 year-5.48601554518334E-06 sumLPAP 1.29809696191975E+00 harm
KEEPDBG accept 5 cc 6.20315031362561E-01 sumModel-2.09740762241692E+02 sumForcing 1.34062978752141E+02 sumM 4.85479472131644E-02 trend-4.28033362368518E-02 aero 0.00000000000000E+00 level 1.53592160130866E+03 k0-2.95897668053929E+04 init-1.69483094551348E+00 IR-5.08583455433758E-01 impC 2.99991057378154E-02 mP 5.51776347014719E-03 year-5.48601554518334E-06 sumLPAP 1.29809696191975E+00 harm
KEEPDBG accept 6 cc 6.20244655368134E-01 sumModel-2.09796844218956E+02 sumForcing 1.33828636557721E+02 sumM 4.81107036018958E-02 trend-4.30554543354330E-02 aero 0.00000000000000E+00 level 1.43493921318442E+03 k0-2.77142457890265E+04 init-1.68718391374396E+00 IR-5.08272361679317E-01 impC 3.01482531785201E-02 mP 5.51062878087870E-03 year-5.48601554518334E-06 sumLPAP 1.29809696191975E+00 harm
KEEPDBG accept 14 cc 6.19759904238863E-01 sumModel-2.09789407621316E+02 sumForcing 1.31064095869048E+02 sumM 4.87596881666270E-02 trend-4.18940912488798E-02 aero 0.00000000000000E+00 level 1.53296941596287E+03 k0-3.00591297069998E+04 init-1.69554522530739E+00 IR-5.08708359306436E-01 impC 2.99569371044780E-02 mP 5.51492872052613E-03 year-5.48601554518334E-06 sumLPAP 1.29809696191975E+00 harm
KEEPDBG accept 1 cc 6.20157897022213E-01 sumModel-2.10000815548891E+02 sumForcing 1.32217993162901E+02 sumM 4.87934953915952E-02 trend-4.22869386264421E-02 aero 0.00000000000000E+00 level 1.55593530482120E+03 k0-3.04017735827832E+04 init-1.69571711350526E+00 IR-5.07980592672656E-01 impC 3.00644438092279E-02 mP 5.52467076278122E-03 year-5.48601554518334E-06 sumLPAP 1.29809696191975E+00 harm
KEEPDBG accept 5 cc 6.20315057905424E-01 sumModel-2.09740739636154E+02 sumForcing 1.34063238566293E+02 sumM 4.85479720431317E-02 trend-4.28033683382738E-02 aero 0.00000000000000E+00 level 1.53591767098754E+03 k0-2.95897162759617E+04 init-1.69483094551348E+00 IR-5.08583455433758E-01 impC 2.99991057378154E-02 mP 5.51776347014719E-03 year-5.48601554518334E-06 sumLPAP 1.29809696191975E+00 harm
KEEPDBG accept 16 cc 6.20108215911092E-01 sumModel-2.09745052157088E+02 sumForcing 1.34647986830375E+02 sumM 4.87975545841221E-02 trend-4.32016151112067E-02 aero 0.00000000000000E+00 level 1.49799658108875E+03 k0-2.91177115126979E+04 init-1.67678010861326E+00 IR-5.08073521944515E-01 impC 3.01482531785201E-02 mP 5.46817958570275E-03 year-5.48601554518334E-06 sumLPAP 1.29809696191975E+00 harm
KEEPDBG accept 10 cc 6.19837488624076E-01 sumModel-2.09583012075566E+02 sumForcing 1.36279513568928E+02 sumM 4.89398107730020E-02 trend-4.19301134170679E-02 aero 0.00000000000000E+00 level 1.48249974599652E+03 k0-2.79575499164636E+04 init-1.69300528460219E+00 IR-5.09567200018253E-01 impC 3.01481381815308E-02 mP 5.52013535432203E-03 year-5.48601554518334E-06 sumLPAP 1.29809696191975E+00 harm
KEEPDBG accept 14 cc 6.19759985855022E-01 sumModel-2.09783652716436E+02 sumForcing 1.31064095869048E+02 sumM 4.87596881666270E-02 trend-4.18925708779476E-02 aero 0.00000000000000E+00 level 1.53292486434730E+03 k0-3.00587924545597E+04 init-1.69554522530739E+00 IR-5.08723151797499E-01 impC 2.99569371044780E-02 mP 5.51492872052613E-03 year-5.48601554518334E-06 sumLPAP 1.29809696191975E+00 harm
KEEPDBG accept 3 cc 6.19548258245448E-01 sumModel-2.10339256067927E+02 sumForcing 1.35102466151565E+02 sumM 4.97088104887812E-02 trend-4.36507317506505E-02 aero 0.00000000000000E+00 level 1.73836462833944E+03 k0-3.38194179403158E+04 init-1.69578693643821E+00 IR-5.07387432916212E-01 impC 2.99357425214735E-02 mP 5.52155082611859E-03 year-5.48601554518334E-06 sumLPAP 1.29809696191975E+00 harm
KEEPDBG accept 1 cc 6.20157897191648E-01 sumModel-2.09997328619198E+02 sumForcing 1.32217993162901E+02 sumM 4.87934953915952E-02 trend-4.22869386264421E-02 aero 0.00000000000000E+00 level 1.55593530482120E+03 k0-3.04017735827832E+04 init-1.69571711350526E+00 IR-5.07980592672656E-01 impC 3.00806520419711E-02 mP 5.52467076278122E-03 year-5.48601554518334E-06 sumLPAP 1.29809696191975E+00 harm
KEEPDBG accept 16 cc 6.20113282647497E-01 sumModel-2.09744699761596E+02 sumForcing 1.34609093638217E+02 sumM 4.87975545841221E-02 trend-4.31887709181079E-02 aero 0.00000000000000E+00 level 1.49660252317552E+03 k0-2.90984291733299E+04 init-1.67514134492189E+00 IR-5.08073521944515E-01 impC 3.01482531785201E-02 mP 5.46817958570275E-03 year-5.48601554518334E-06 sumLPAP 1.29809696191975E+00 harm
KEEPDBG accept 14 cc 6.19783531347113E-01 sumModel-2.07346265262536E+02 sumForcing 1.31064095869048E+02 sumM 4.87596881666270E-02 trend-4.12524636263083E-02 aero 0.00000000000000E+00 level 1.51416772318156E+03 k0-2.99168022810311E+04 init-1.69554522530739E+00 IR-5.14951093018126E-01 impC 2.99569371044780E-02 mP 5.51492872052613E-03 year-5.48601554518334E-06 sumLPAP 1.29809696191975E+00 harm
KEEPDBG accept 10 cc 6.20028170327330E-01 sumModel-2.09579729446908E+02 sumForcing 1.36359077139044E+02 sumM 4.88695793761538E-02 trend-4.19561470170419E-02 aero 0.00000000000000E+00 level 1.49481635542092E+03 k0-2.81129609549173E+04 init-1.69300528460219E+00 IR-5.09567200018253E-01 impC 3.01481381815308E-02 mP 5.52013535432203E-03 year-5.48601554518334E-06 sumLPAP 1.29809696191975E+00 harm
KEEPDBG accept 16 cc 6.20113368886989E-01 sumModel-2.09744772969250E+02 sumForcing 1.34831632834193E+02 sumM 4.87975545841221E-02 trend-4.31885240784331E-02 aero 0.00000000000000E+00 level 1.49191957208031E+03 k0-2.89543611830184E+04 init-1.67514134492189E+00 IR-5.08073521944515E-01 impC 3.01482531785201E-02 mP 5.46817958570275E-03 year-5.48601554518334E-06 sumLPAP 1.29809696191975E+00 harm
KEEPDBG accept 10 cc 6.20037951323940E-01 sumModel-2.08151808136459E+02 sumForcing 1.36359077139044E+02 sumM 4.88695793761538E-02 trend-4.15806378114932E-02 aero 0.00000000000000E+00 level 1.48414243689196E+03 k0-2.80361458979833E+04 init-1.69300528460219E+00 IR-5.13214634435710E-01 impC 3.01481381815308E-02 mP 5.52013535432203E-03 year-5.48601554518334E-06 sumLPAP 1.29809696191975E+00 harm
KEEPDBG accept 14 cc 6.19783560960588E-01 sumModel-2.07346353967666E+02 sumForcing 1.31064095869048E+02 sumM 4.97837925080371E-02 trend-4.12524952007378E-02 aero 0.00000000000000E+00 level 1.76114951210813E+03 k0-3.50616937097709E+04 init-1.69554522530739E+00 IR-5.14951093018126E-01 impC 2.99569371044780E-02 mP 5.51492872052613E-03 year-5.48601554518334E-06 sumLPAP 1.29809696191975E+00 harm
KEEPDBG accept 6 cc 6.20318939811270E-01 sumModel-2.09794879187560E+02 sumForcing 1.33859278844636E+02 sumM 4.81107036018958E-02 trend-4.30925576169025E-02 aero 0.00000000000000E+00 level 1.42098034918731E+03 k0-2.75016107674154E+04 init-1.68718391374396E+00 IR-5.08272361679317E-01 impC 3.01482531785201E-02 mP 5.51062878087870E-03 year-5.48601554518334E-06 sumLPAP 1.29809696191975E+00 harm
KEEPDBG accept 15 cc 6.20030512598152E-01 sumModel-2.09782591749088E+02 sumForcing 1.36107611147049E+02 sumM 4.85284666855978E-02 trend-4.39314117542332E-02 aero 0.00000000000000E+00 level 1.54587359722804E+03 k0-2.95920582511270E+04 init-1.69398705352560E+00 IR-5.08698659045829E-01 impC 3.00946318048763E-02 mP 5.51708784057823E-03 year-5.48601554518334E-06 sumLPAP 1.29809696191975E+00 harm
KEEPDBG accept 16 cc 6.20119339945232E-01 sumModel-2.09749048285790E+02 sumForcing 1.34808868265115E+02 sumM 4.87975545841221E-02 trend-4.31734028124575E-02 aero 0.00000000000000E+00 level 1.49135873363029E+03 k0-2.89533582391970E+04 init-1.67514134492189E+00 IR-5.08073521944515E-01 impC 3.01482531785201E-02 mP 5.46817958570275E-03 year-5.48601554518334E-06 sumLPAP 1.29809696191975E+00 harm
KEEPDBG accept 9 cc 6.20019929864438E-01 sumModel-2.09603198439791E+02 sumForcing 1.32810714429858E+02 sumM 4.84999635120452E-02 trend-4.35058038333194E-02 aero 0.00000000000000E+00 level 1.52095648180145E+03 k0-2.93674708290911E+04 init-1.68056420648187E+00 IR-5.08690580612939E-01 impC 3.01099556716040E-02 mP 5.43822234912373E-03 year-5.48601554518334E-06 sumLPAP 1.29809696191975E+00 harm
KEEPDBG accept 12 cc 6.20026424884963E-01 sumModel-2.09841916410262E+02 sumForcing 1.34826601478059E+02 sumM 4.86999944863025E-02 trend-4.34654461810540E-02 aero 0.00000000000000E+00 level 1.56309433883612E+03 k0-2.98971291376861E+04 init-1.69413598882937E+00 IR-5.08700791413222E-01 impC 3.00958180385875E-02 mP 5.51496500494062E-03 year-5.48601554518334E-06 sumLPAP 1.29809696191975E+00 harm
KEEPDBG accept 10 cc 6.20037970229049E-01 sumModel-2.08151837989435E+02 sumForcing 1.36359077139044E+02 sumM 4.88623409871746E-02 trend-4.15806455948578E-02 aero 0.00000000000000E+00 level 1.48261058266100E+03 k0-2.80055641123990E+04 init-1.69300528460219E+00 IR-5.13214634435710E-01 impC 3.01481381815308E-02 mP 5.52013535432203E-03 year-5.48601554518334E-06 sumLPAP 1.29809696191975E+00 harm
KEEPDBG accept 13 cc 6.19945358245290E-01 sumModel-2.10307176943463E+02 sumForcing 1.33622062699147E+02 sumM 4.87724122019177E-02 trend-4.27967917989541E-02 aero 0.00000000000000E+00 level 1.55510090597265E+03 k0-2.98210610596656E+04 init-1.69578693643821E+00 IR-5.08072794985129E-01 impC 3.01209469831416E-02 mP 5.54871041063005E-03 year-5.48601554518334E-06 sumLPAP 1.29809696191975E+00 harm
KEEPDBG accept 15 cc 6.20030522802319E-01 sumModel-2.09782627034846E+02 sumForcing 1.36107611147049E+02 sumM 4.85247838764638E-02 trend-4.39314144937571E-02 aero 0.00000000000000E+00 level 1.54507109152391E+03 k0-2.95758073412621E+04 init-1.69398705352560E+00 IR-5.08698659045829E-01 impC 3.00946318048763E-02 mP 5.51708784057823E-03 year-5.48601554518334E-06 sumLPAP 1.29809696191975E+00 harm
KEEPDBG accept 12 cc 6.20029297228821E-01 sumModel-2.09841411033194E+02 sumForcing 1.34827097374381E+02 sumM 4.86999944863025E-02 trend-4.34660237214729E-02 aero 0.00000000000000E+00 level 1.56287655695879E+03 k0-2.98943086894560E+04 init-1.69413598882937E+00 IR-5.08700791413222E-01 impC 3.00958180385875E-02 mP 5.51496500494062E-03 year-5.48601554518334E-06 sumLPAP 1.29809696191975E+00 harm
KEEPDBG accept 11 cc 6.20082561126796E-01 sumModel-2.10023826739845E+02 sumForcing 1.40005789730526E+02 sumM 4.82711003000689E-02 trend-4.35630500341753E-02 aero 0.00000000000000E+00 level 1.48126349108472E+03 k0-2.70576881619800E+04 init-1.68911295567119E+00 IR-5.08570254595113E-01 impC 2.96717015266016E-02 mP 5.51492872052613E-03 year-5.48601554518334E-06 sumLPAP 1.29809696191975E+00 harm
KEEPDBG accept 8 cc 6.20216925636959E-01 sumModel-2.09530520739258E+02 sumForcing 1.35462073952852E+02 sumM 4.87890619928276E-02 trend-4.34237774573615E-02 aero 0.00000000000000E+00 level 1.51046354248901E+03 k0-2.92570373834136E+04 init-1.64686104037283E+00 IR-5.09455885081282E-01 impC 2.97681968282520E-02 mP 5.52777770871334E-03 year-5.48601554518334E-06 sumLPAP 1.29809696191975E+00 harm
KEEPDBG accept 6 cc 6.20318948072514E-01 sumModel-2.09794932368916E+02 sumForcing 1.33859488258585E+02 sumM 4.81107036018958E-02 trend-4.30926561295331E-02 aero 0.00000000000000E+00 level 1.42097867928356E+03 k0-2.75015183183761E+04 init-1.68718391374396E+00 IR-5.08272361679317E-01 impC 3.01482531785201E-02 mP 5.51062878087870E-03 year-5.48601554518334E-06 sumLPAP 1.29809696191975E+00 harm
KEEPDBG accept 1 cc 6.20158747797329E-01 sumModel-2.09997175380521E+02 sumForcing 1.32213536858490E+02 sumM 4.87934953915952E-02 trend-4.22853783963890E-02 aero 0.00000000000000E+00 level 1.55576873247118E+03 k0-3.03996605241080E+04 init-1.69553057054006E+00 IR-5.07980592672656E-01 impC 3.00806520419711E-02 mP 5.52467076278122E-03 year-5.48601554518334E-06 sumLPAP 1.29809696191975E+00 harm
KEEPDBG accept 5 cc 6.20319954807314E-01 sumModel-2.09741312405414E+02 sumForcing 1.34067643518943E+02 sumM 4.85441435530159E-02 trend-4.28046901665941E-02 aero 0.00000000000000E+00 level 1.53651861362148E+03 k0-2.95964522627557E+04 init-1.69483094551348E+00 IR-5.08583455433758E-01 impC 2.99991057378154E-02 mP 5.51776347014719E-03 year-5.48601554518334E-06 sumLPAP 1.29809696191975E+00 harm
KEEPDBG accept 8 cc 6.20431983349079E-01 sumModel-2.09514995121096E+02 sumForcing 1.35561487476402E+02 sumM 4.86915342546751E-02 trend-4.34543670912117E-02 aero 0.00000000000000E+00 level 1.52684334340795E+03 k0-2.94682676439620E+04 init-1.64686104037283E+00 IR-5.09455885081282E-01 impC 2.97681968282520E-02 mP 5.52777770871334E-03 year-5.48601554518334E-06 sumLPAP 1.29809696191975E+00 harm
KEEPDBG accept 10 cc 6.20040323296883E-01 sumModel-2.08152776630039E+02 sumForcing 1.36354974512811E+02 sumM 4.88623409871746E-02 trend-4.15789561833484E-02 aero 0.00000000000000E+00 level 1.48253088404900E+03 k0-2.80054365296622E+04 init-1.69300528460219E+00 IR-5.13214634435710E-01 impC 3.01481381815308E-02 mP 5.52013535432203E-03 year-5.48601554518334E-06 sumLPAP 1.29809696191975E+00 harm
KEEPDBG accept 1 cc 6.20158835753673E-01 sumModel-2.09988087565948E+02 sumForcing 1.32213536858490E+02 sumM 4.87934953915952E-02 trend-4.22829649818115E-02 aero 0.00000000000000E+00 level 1.55569680836609E+03 k0-3.03991121603100E+04 init-1.69553057054006E+00 IR-5.08003983948495E-01 impC 3.00806520419711E-02 mP 5.52467076278122E-03 year-5.48601554518334E-06 sumLPAP 1.29809696191975E+00 harm
KEEPDBG accept 14 cc 6.19790719704939E-01 sumModel-2.07348662166543E+02 sumForcing 1.31052689411463E+02 sumM 4.97837925080371E-02 trend-4.12472803525592E-02 aero 0.00000000000000E+00 level 1.76086536554207E+03 k0-3.50618017179637E+04 init-1.69554522530739E+00 IR-5.14951093018126E-01 impC 2.99569371044780E-02 mP 5.51492872052613E-03 year-5.48601554518334E-06 sumLPAP 1.29809696191975E+00 harm
KEEPDBG accept 5 cc 6.20319958761217E-01 sumModel-2.09740305733281E+02 sumForcing 1.34067643518943E+02 sumM 4.85441435530159E-02 trend-4.28044222463690E-02 aero 0.00000000000000E+00 level 1.53651073159680E+03 k0-2.95963934255514E+04 init-1.69483094551348E+00 IR-5.08586040722444E-01 impC 2.99991057378154E-02 mP 5.51776347014719E-03 year-5.48601554518334E-06 sumLPAP 1.29809696191975E+00 harm
KEEPDBG accept 2 cc 6.19819390248131E-01 sumModel-2.09734214116363E+02 sumForcing 1.36956644093730E+02 sumM 4.87930372800793E-02 trend-4.33839844580271E-02 aero 0.00000000000000E+00 level 1.47809563590693E+03 k0-2.81682269453957E+04 init-1.69363264268211E+00 IR-5.08708359306436E-01 impC 3.01034206145067E-02 mP 5.51492872052613E-03 year-5.48601554518334E-06 sumLPAP 1.29809696191975E+00 harm
KEEPDBG accept 3 cc 6.19548364099090E-01 sumModel-2.10339325435316E+02 sumForcing 1.35545673824338E+02 sumM 4.97088104887812E-02 trend-4.36502435351793E-02 aero 0.00000000000000E+00 level 1.72751639690253E+03 k0-3.34882357013375E+04 init-1.69578693643821E+00 IR-5.07387432916212E-01 impC 2.99357425214735E-02 mP 5.52155082611859E-03 year-5.48601554518334E-06 sumLPAP 1.29809696191975E+00 harm
KEEPDBG accept 13 cc 6.19949493693625E-01 sumModel-2.10308135578106E+02 sumForcing 1.37383985199761E+02 sumM 4.87724122019177E-02 trend-4.27933306233960E-02 aero 0.00000000000000E+00 level 1.47519121262064E+03 k0-2.74335403441152E+04 init-1.69578693643821E+00 IR-5.08072794985129E-01 impC 3.01209469831416E-02 mP 5.54871041063005E-03 year-5.48601554518334E-06 sumLPAP 1.29809696191975E+00 harm
KEEPDBG accept 8 cc 6.20431983349147E-01 sumModel-2.09515001511942E+02 sumForcing 1.35561487476402E+02 sumM 4.86915342546751E-02 trend-4.34543670912117E-02 aero 0.00000000000000E+00 level 1.52684334340795E+03 k0-2.94682676439620E+04 init-1.64686104037283E+00 IR-5.09455885081282E-01 impC 2.97681671506973E-02 mP 5.52777770871334E-03 year-5.48601554518334E-06 sumLPAP 1.29809696191975E+00 harm
KEEPDBG accept 6 cc 6.20318970383421E-01 sumModel-2.09794850195398E+02 sumForcing 1.33859173095490E+02 sumM 4.81107036018958E-02 trend-4.30925357468371E-02 aero 0.00000000000000E+00 level 1.42097002368211E+03 k0-2.75014790015868E+04 init-1.68717072552641E+00 IR-5.08272361679317E-01 impC 3.01482531785201E-02 mP 5.51062878087870E-03 year-5.48601554518334E-06 sumLPAP 1.29809696191975E+00 harm
KEEPDBG accept 15 cc 6.20031335939725E-01 sumModel-2.09782777797241E+02 sumForcing 1.36106107651289E+02 sumM 4.85247838764638E-02 trend-4.39304092987560E-02 aero 0.00000000000000E+00 level 1.54504229038869E+03 k0-2.95758823603354E+04 init-1.69398705352560E+00 IR-5.08698659045829E-01 impC 3.00946318048763E-02 mP 5.51708784057823E-03 year-5.48601554518334E-06 sumLPAP 1.29809696191975E+00 harm
KEEPDBG accept 8 cc 6.20432037886904E-01 sumModel-2.09515096144073E+02 sumForcing 1.35561487599022E+02 sumM 4.86915342546751E-02 trend-4.34543825733660E-02 aero 0.00000000000000E+00 level 1.52684185887446E+03 k0-2.94681617680997E+04 init-1.64686104037283E+00 IR-5.09455885081282E-01 impC 2.97681671506973E-02 mP 5.52777770871334E-03 year-5.48601554518334E-06 sumLPAP 1.29809696191975E+00 harm
KEEPDBG accept 3 cc 6.19554510342245E-01 sumModel-2.10350358894773E+02 sumForcing 1.35592886699258E+02 sumM 4.97088104887812E-02 trend-4.36585414336584E-02 aero 0.00000000000000E+00 level 1.72904200365030E+03 k0-3.35016077596363E+04 init-1.69578693643821E+00 IR-5.07387432916212E-01 impC 2.99357425214735E-02 mP 5.52155082611859E-03 year-5.48601554518334E-06 sumLPAP 1.29809696191975E+00 harm
KEEPDBG accept 13 cc 6.20030791803239E-01 sumModel-2.10303176274394E+02 sumForcing 1.37402538950333E+02 sumM 4.87724122019177E-02 trend-4.28251001864561E-02 aero 0.00000000000000E+00 level 1.46380308619656E+03 k0-2.72700582819085E+04 init-1.69578693643821E+00 IR-5.08072794985129E-01 impC 3.01209469831416E-02 mP 5.54871041063005E-03 year-5.48601554518334E-06 sumLPAP 1.29809696191975E+00 harm
KEEPDBG accept 5 cc 6.20320122026093E-01 sumModel-2.09740374756703E+02 sumForcing 1.34068158708756E+02 sumM 4.85441435530159E-02 trend-4.28044727703687E-02 aero 0.00000000000000E+00 level 1.53653672189722E+03 k0-2.95966891353822E+04 init-1.69483094551348E+00 IR-5.08586040722444E-01 impC 2.99991057378154E-02 mP 5.51776347014719E-03 year-5.48601554518334E-06 sumLPAP 1.29809696191975E+00 harm
KEEPDBG accept 2 cc 6.19823469063178E-01 sumModel-2.09736523094110E+02 sumForcing 1.36969418125372E+02 sumM 4.87930372800793E-02 trend-4.33948216438306E-02 aero 0.00000000000000E+00 level 1.47379145387169E+03 k0-2.81020200550307E+04 init-1.69363264268211E+00 IR-5.08708359306436E-01 impC 3.01034206145067E-02 mP 5.51492872052613E-03 year-5.48601554518334E-06 sumLPAP 1.29809696191975E+00 harm
KEEPDBG accept 5 cc 6.20320141908940E-01 sumModel-2.09735291685627E+02 sumForcing 1.34068158708756E+02 sumM 4.85441435530159E-02 trend-4.28031196858194E-02 aero 0.00000000000000E+00 level 1.53649691477958E+03 k0-2.95963919896964E+04 init-1.69483094551348E+00 IR-5.08599097272973E-01 impC 2.99991057378154E-02 mP 5.51776347014719E-03 year-5.48601554518334E-06 sumLPAP 1.29809696191975E+00 harm
KEEPDBG accept 15 cc 6.20046508342923E-01 sumModel-2.09800010415416E+02 sumForcing 1.36160655473006E+02 sumM 4.84758765093423E-02 trend-4.39488840165806E-02 aero 0.00000000000000E+00 level 1.55208996949538E+03 k0-2.96402010643614E+04 init-1.69398705352560E+00 IR-5.08698659045829E-01 impC 3.00946318048763E-02 mP 5.51708784057823E-03 year-5.48601554518334E-06 sumLPAP 1.29809696191975E+00 harm
KEEPDBG accept 7 cc 6.20077396797108E-01 sumModel-2.10029555500543E+02 sumForcing 1.33028096111351E+02 sumM 4.84542068966021E-02 trend-4.35100158763764E-02 aero 0.00000000000000E+00 level 1.48536003342881E+03 k0-2.83001359818541E+04 init-1.64879384884806E+00 IR-5.08708359306436E-01 impC 3.08876915228719E-02 mP 5.53903863129181E-03 year-5.48601554518334E-06 sumLPAP 1.29809696191975E+00 harm
KEEPDBG accept 1 cc 6.20192216323373E-01 sumModel-2.09985641954802E+02 sumForcing 1.32223417434366E+02 sumM 4.87934953915952E-02 trend-4.22949048679441E-02 aero 0.00000000000000E+00 level 1.55030566691604E+03 k0-3.03169887813411E+04 init-1.69553057054006E+00 IR-5.08003983948495E-01 impC 3.00806520419711E-02 mP 5.52467076278122E-03 year-5.48601554518334E-06 sumLPAP 1.29809696191975E+00 harm
KEEPDBG accept 8 cc 6.20432046783690E-01 sumModel-2.09515104537106E+02 sumForcing 1.35561487599022E+02 sumM 4.86915312503639E-02 trend-4.34543851524683E-02 aero 0.00000000000000E+00 level 1.52684049699389E+03 k0-2.94681220905031E+04 init-1.64686104037283E+00 IR-5.09455885081282E-01 impC 2.97681671506973E-02 mP 5.52777770871334E-03 year-5.48601554518334E-06 sumLPAP 1.29809696191975E+00 harm
KEEPDBG accept 16 cc 6.20119467600181E-01 sumModel-2.09749076516301E+02 sumForcing 1.34808205602809E+02 sumM 4.87975545841221E-02 trend-4.31729488963745E-02 aero 0.00000000000000E+00 level 1.49134410052141E+03 k0-2.89534215426460E+04 init-1.67514134492189E+00 IR-5.08073521944515E-01 impC 3.01482531785201E-02 mP 5.46817958570275E-03 year-5.48601554518334E-06 sumLPAP 1.29809696191975E+00 harm
KEEPDBG accept 6 cc 6.20319371686614E-01 sumModel-2.09795770316573E+02 sumForcing 1.33863385915754E+02 sumM 4.81107036018958E-02 trend-4.30933030305692E-02 aero 0.00000000000000E+00 level 1.42107298646569E+03 k0-2.75023064489475E+04 init-1.68717072552641E+00 IR-5.08272361679317E-01 impC 3.01482531785201E-02 mP 5.51062878087870E-03 year-5.48601554518334E-06 sumLPAP 1.29809696191975E+00 harm
KEEPDBG accept 3 cc 6.19554551918344E-01 sumModel-2.10350437191588E+02 sumForcing 1.35592886699258E+02 sumM 4.97212205932678E-02 trend-4.36585547761050E-02 aero 0.00000000000000E+00 level 1.73231094054361E+03 k0-3.35680515989722E+04 init-1.69578693643821E+00 IR-5.07387432916212E-01 impC 2.99357425214735E-02 mP 5.52155082611859E-03 year-5.48601554518334E-06 sumLPAP 1.29809696191975E+00 harm
KEEPDBG accept 1 cc 6.20480561600116E-01 sumModel-2.09986099189501E+02 sumForcing 1.32371510566928E+02 sumM 4.86599407610800E-02 trend-4.23397184548274E-02 aero 0.00000000000000E+00 level 1.57347582345445E+03 k0-3.06086889840555E+04 init-1.69553057054006E+00 IR-5.08003983948495E-01 impC 3.00806520419711E-02 mP 5.52467076278122E-03 year-5.48601554518334E-06 sumLPAP 1.29809696191975E+00 harm
KEEPDBG accept 8 cc 6.20432079933118E-01 sumModel-2.09515068036230E+02 sumForcing 1.35561109718374E+02 sumM 4.86914960823520E-02 trend-4.34543392181440E-02 aero 0.00000000000000E+00 level 1.52684800140861E+03 k0-2.94682687128818E+04 init-1.64686104037283E+00 IR-5.09455885081282E-01 impC 2.97681671506973E-02 mP 5.52777770871334E-03 year-5.48601554518334E-06 sumLPAP 1.29809696191975E+00 harm
KEEPDBG accept 7 cc 6.20084194907752E-01 sumModel-2.10029642413015E+02 sumForcing 1.37841016085246E+02 sumM 4.84542068966021E-02 trend-4.35050316868895E-02 aero 0.00000000000000E+00 level 1.38878525146858E+03 k0-2.54339736326353E+04 init-1.64879384884806E+00 IR-5.08708359306436E-01 impC 3.08876915228719E-02 mP 5.53903863129181E-03 year-5.48601554518334E-06 sumLPAP 1.29809696191975E+00 harm
KEEPDBG accept 5 cc 6.20323751495495E-01 sumModel-2.09734204472685E+02 sumForcing 1.34058610419210E+02 sumM 4.85441435530159E-02 trend-4.27996840060031E-02 aero 0.00000000000000E+00 level 1.53617755929891E+03 k0-2.95930476973448E+04 init-1.69443136368152E+00 IR-5.08599097272973E-01 impC 2.99991057378154E-02 mP 5.51776347014719E-03 year-5.48601554518334E-06 sumLPAP 1.29809696191975E+00 harm
KEEPDBG accept 8 cc 6.20432079933336E-01 sumModel-2.09515088708741E+02 sumForcing 1.35561109718374E+02 sumM 4.86914960823520E-02 trend-4.34543392181440E-02 aero 0.00000000000000E+00 level 1.52684800140861E+03 k0-2.94682687128818E+04 init-1.64686104037283E+00 IR-5.09455885081282E-01 impC 2.97680711525136E-02 mP 5.52777770871334E-03 year-5.48601554518334E-06 sumLPAP 1.29809696191975E+00 harm
KEEPDBG accept 15 cc 6.20051613285058E-01 sumModel-2.09798319592698E+02 sumForcing 1.36152061265126E+02 sumM 4.84758765093423E-02 trend-4.39457460765270E-02 aero 0.00000000000000E+00 level 1.55181658647145E+03 k0-2.96378891804334E+04 init-1.69361933068359E+00 IR-5.08698659045829E-01 impC 3.00946318048763E-02 mP 5.51708784057823E-03 year-5.48601554518334E-06 sumLPAP 1.29809696191975E+00 harm
KEEPDBG accept 7 cc 6.20088229762918E-01 sumModel-2.10029770882588E+02 sumForcing 1.37836473699656E+02 sumM 4.84542068966021E-02 trend-4.35020929241867E-02 aero 0.00000000000000E+00 level 1.38869066318787E+03 k0-2.54340665892209E+04 init-1.64879384884806E+00 IR-5.08708359306436E-01 impC 3.08876915228719E-02 mP 5.53903863129181E-03 year-5.48601554518334E-06 sumLPAP 1.29809696191975E+00 harm
KEEPDBG accept 8 cc 6.20432511328606E-01 sumModel-2.09515201337917E+02 sumForcing 1.35558851530071E+02 sumM 4.86912859087459E-02 trend-4.34541311159260E-02 aero 0.00000000000000E+00 level 1.52688227751463E+03 k0-2.94686139118295E+04 init-1.64686104037283E+00 IR-5.09455885081282E-01 impC 2.97680711525136E-02 mP 5.52777770871334E-03 year-5.48601554518334E-06 sumLPAP 1.29809696191975E+00 harm
KEEPDBG accept 5 cc 6.20323768632498E-01 sumModel-2.09734229832382E+02 sumForcing 1.34058610419210E+02 sumM 4.85370549946259E-02 trend-4.27996882373110E-02 aero 0.00000000000000E+00 level 1.53464192344497E+03 k0-2.95617991389835E+04 init-1.69443136368152E+00 IR-5.08599097272973E-01 impC 2.99991057378154E-02 mP 5.51776347014719E-03 year-5.48601554518334E-06 sumLPAP 1.29809696191975E+00 harm
KEEPDBG accept 8 cc 6.20432593582788E-01 sumModel-2.09515226749380E+02 sumForcing 1.35559092163285E+02 sumM 4.86912859087459E-02 trend-4.34541532120021E-02 aero 0.00000000000000E+00 level 1.52689397691893E+03 k0-2.94687317083400E+04 init-1.64686104037283E+00 IR-5.09455885081282E-01 impC 2.97680711525136E-02 mP 5.52777770871334E-03 year-5.48601554518334E-06 sumLPAP 1.29809696191975E+00 harm
KEEPDBG accept 8 cc 6.20432609142899E-01 sumModel-2.09527189035500E+02 sumForcing 1.35559092163285E+02 sumM 4.86912859087459E-02 trend-4.34573599619047E-02 aero 0.00000000000000E+00 level 1.52699000037871E+03 k0-2.94694693066836E+04 init-1.64686104037283E+00 IR-5.09425179363993E-01 impC 2.97680711525136E-02 mP 5.52777770871334E-03 year-5.48601554518334E-06 sumLPAP 1.29809696191975E+00 harm
KEEPDBG accept 1 cc 6.20480704141444E-01 sumModel-2.09986302769892E+02 sumForcing 1.32371443628154E+02 sumM 4.86599407610800E-02 trend-4.23397370934332E-02 aero 0.00000000000000E+00 level 1.57346759050069E+03 k0-3.06083760199638E+04 init-1.69552779413947E+00 IR-5.08003983948495E-01 impC 3.00806520419711E-02 mP 5.52467076278122E-03 year-5.48601554518334E-06 sumLPAP 1.29809696191975E+00 harm
KEEPDBG accept 13 cc 6.20041813676846E-01 sumModel-2.09203920496125E+02 sumForcing 1.37402538950333E+02 sumM 4.87724122019177E-02 trend-4.25331117850385E-02 aero 0.00000000000000E+00 level 1.45558507263379E+03 k0-2.72107991825195E+04 init-1.69578693643821E+00 IR-5.10891331691128E-01 impC 3.01209469831416E-02 mP 5.54871041063005E-03 year-5.48601554518334E-06 sumLPAP 1.29809696191975E+00 harm
KEEPDBG accept 7 cc 6.20128444773981E-01 sumModel-2.10049662863948E+02 sumForcing 1.37835542744781E+02 sumM 4.84542068966021E-02 trend-4.35378613293787E-02 aero 0.00000000000000E+00 level 1.38144430504366E+03 k0-2.53115645578282E+04 init-1.64879384884806E+00 IR-5.08708359306436E-01 impC 3.08876915228719E-02 mP 5.53903863129181E-03 year-5.48601554518334E-06 sumLPAP 1.29809696191975E+00 harm
KEEPDBG accept 11 cc 6.21498402802907E-01 sumModel-2.09682338008660E+02 sumForcing 1.36204736082024E+02 sumM 4.82711003000689E-02 trend-4.23756571827895E-02 aero 0.00000000000000E+00 level 1.37995512840048E+03 k0-2.59932673741452E+04 init-1.54308437451470E+00 IR-5.08570254595113E-01 impC 2.96717015266016E-02 mP 5.51492872052613E-03 year-5.48601554518334E-06 sumLPAP 1.29809696191975E+00 harm
KEEPDBG accept 2 cc 6.19839901090190E-01 sumModel-2.09782166906326E+02 sumForcing 1.37159724433392E+02 sumM 4.87930372800793E-02 trend-4.34293550122712E-02 aero 0.00000000000000E+00 level 1.47886359845940E+03 k0-2.81430449406726E+04 init-1.69363264268211E+00 IR-5.08708359306436E-01 impC 3.01034206145067E-02 mP 5.51492872052613E-03 year-5.48601554518334E-06 sumLPAP 1.29809696191975E+00 harm
KEEPDBG accept 5 cc 6.20323788015609E-01 sumModel-2.09734298113776E+02 sumForcing 1.34058610419210E+02 sumM 4.85212433429563E-02 trend-4.27996959256538E-02 aero 0.00000000000000E+00 level 1.53122387142734E+03 k0-2.94922606695624E+04 init-1.69443136368152E+00 IR-5.08599097272973E-01 impC 2.99991057378154E-02 mP 5.51776347014719E-03 year-5.48601554518334E-06 sumLPAP 1.29809696191975E+00 harm
KEEPDBG accept 9 cc 6.20030143263020E-01 sumModel-2.09619853251829E+02 sumForcing 1.32928276452574E+02 sumM 4.84999635120452E-02 trend-4.35161589378547E-02 aero 0.00000000000000E+00 level 1.52384213273842E+03 k0-2.93994126153986E+04 init-1.68056420648187E+00 IR-5.08690580612939E-01 impC 3.01099556716040E-02 mP 5.44539427592960E-03 year-5.48601554518334E-06 sumLPAP 1.29809696191975E+00 harm
KEEPDBG accept 14 cc 6.19798082742374E-01 sumModel-2.07351061097632E+02 sumForcing 1.37059027139639E+02 sumM 4.97837925080371E-02 trend-4.12418948326746E-02 aero 0.00000000000000E+00 level 1.61604387900989E+03 k0-3.06428366839936E+04 init-1.69554522530739E+00 IR-5.14951093018126E-01 impC 2.99569371044780E-02 mP 5.51492872052613E-03 year-5.48601554518334E-06 sumLPAP 1.29809696191975E+00 harm
KEEPDBG accept 6 cc 6.20323294867656E-01 sumModel-2.09811689671817E+02 sumForcing 1.33930506325125E+02 sumM 4.81107036018958E-02 trend-4.31025806583365E-02 aero 0.00000000000000E+00 level 1.42280400071675E+03 k0-2.75158712549337E+04 init-1.68717072552641E+00 IR-5.08272361679317E-01 impC 3.01482531785201E-02 mP 5.51474199127117E-03 year-5.48601554518334E-06 sumLPAP 1.29809696191975E+00 harm
KEEPDBG accept 4 cc 6.19806077276021E-01 sumModel-2.09808868099713E+02 sumForcing 1.34151529609614E+02 sumM 4.88841421118711E-02 trend-4.32150401151845E-02 aero 0.00000000000000E+00 level 1.52112074353977E+03 k0-2.94699716320553E+04 init-1.65628171896900E+00 IR-5.08708359306436E-01 impC 3.02353731336716E-02 mP 5.53237995142709E-03 year-5.48601554518334E-06 sumLPAP 1.29809696191975E+00 harm
KEEPDBG accept 6 cc 6.20323330599871E-01 sumModel-2.09811681176137E+02 sumForcing 1.33968068106726E+02 sumM 4.81107036018958E-02 trend-4.31025420797767E-02 aero 0.00000000000000E+00 level 1.42204852627268E+03 k0-2.74926666885907E+04 init-1.68717072552641E+00 IR-5.08272361679317E-01 impC 3.01482531785201E-02 mP 5.51474199127117E-03 year-5.48601554518334E-06 sumLPAP 1.29809696191975E+00 harm
KEEPDBG accept 11 cc 6.21498417404752E-01 sumModel-2.09682355618386E+02 sumForcing 1.36204801591061E+02 sumM 4.82711062658063E-02 trend-4.23756738715049E-02 aero 0.00000000000000E+00 level 1.37995339217398E+03 k0-2.59932080423436E+04 init-1.54308437451470E+00 IR-5.08570254595113E-01 impC 2.96717015266016E-02 mP 5.51492872052613E-03 year-5.48601554518334E-06 sumLPAP 1.29809696191975E+00 harm
KEEPDBG accept 2 cc 6.19995337721407E-01 sumModel-2.09729558393587E+02 sumForcing 1.35460376706000E+02 sumM 4.87930372800793E-02 trend-4.27222910200405E-02 aero 0.00000000000000E+00 level 1.48551509892777E+03 k0-2.84525789068490E+04 init-1.69363264268211E+00 IR-5.08708359306436E-01 impC 3.01034206145067E-02 mP 5.51492872052613E-03 year-5.48601554518334E-06 sumLPAP 1.29809696191975E+00 harm
KEEPDBG accept 4 cc 6.19806079374591E-01 sumModel-2.09690053974778E+02 sumForcing 1.34151529609614E+02 sumM 4.88841421118711E-02 trend-4.32150401151845E-02 aero 0.00000000000000E+00 level 1.52112074353977E+03 k0-2.94699716320553E+04 init-1.65628171896900E+00 IR-5.08708359306436E-01 impC 3.07873895291144E-02 mP 5.53237995142709E-03 year-5.48601554518334E-06 sumLPAP 1.29809696191975E+00 harm
KEEPDBG accept 11 cc 6.21498417405579E-01 sumModel-2.09682354176953E+02 sumForcing 1.36204801591061E+02 sumM 4.82711062658063E-02 trend-4.23756738715049E-02 aero 0.00000000000000E+00 level 1.37995339217398E+03 k0-2.59932080423436E+04 init-1.54308437451470E+00 IR-5.08570254595113E-01 impC 2.96717082241842E-02 mP 5.51492872052613E-03 year-5.48601554518334E-06 sumLPAP 1.29809696191975E+00 harm
KEEPDBG accept 15 cc 6.20360042415610E-01 sumModel-2.09703148497895E+02 sumForcing 1.35552144556523E+02 sumM 4.84758765093423E-02 trend-4.37327888826596E-02 aero 0.00000000000000E+00 level 1.53257379722121E+03 k0-2.94544286738273E+04 init-1.66820631195642E+00 IR-5.08698659045829E-01 impC 3.00946318048763E-02 mP 5.51708784057823E-03 year-5.48601554518334E-06 sumLPAP 1.29809696191975E+00 harm
KEEPDBG accept 12 cc 6.20102033214554E-01 sumModel-2.09642413928027E+02 sumForcing 1.34113913937023E+02 sumM 4.86999944863025E-02 trend-4.33338851284758E-02 aero 0.00000000000000E+00 level 1.54533492359154E+03 k0-2.97988513863937E+04 init-1.69413598882937E+00 IR-5.08700791413222E-01 impC 3.00958180385875E-02 mP 5.51496500494062E-03 year-5.48601554518334E-06 sumLPAP 1.29809696191975E+00 harm
KEEPDBG accept 14 cc 6.19798145709680E-01 sumModel-2.07351119145379E+02 sumForcing 1.37059027139639E+02 sumM 4.92621717803035E-02 trend-4.12419116340933E-02 aero 0.00000000000000E+00 level 1.49438625940341E+03 k0-2.82189370462238E+04 init-1.69554522530739E+00 IR-5.14951093018126E-01 impC 2.99569371044780E-02 mP 5.51492872052613E-03 year-5.48601554518334E-06 sumLPAP 1.29809696191975E+00 harm
KEEPDBG accept 5 cc 6.20324258030959E-01 sumModel-2.09609005364001E+02 sumForcing 1.34058610419210E+02 sumM 4.85212433429563E-02 trend-4.27663544135583E-02 aero 0.00000000000000E+00 level 1.53024617810055E+03 k0-2.94849613103797E+04 init-1.69443136368152E+00 IR-5.08920832539723E-01 impC 2.99991057378154E-02 mP 5.51776347014719E-03 year-5.48601554518334E-06 sumLPAP 1.29809696191975E+00 harm
KEEPDBG accept 11 cc 6.21498419082821E-01 sumModel-2.09682372039894E+02 sumForcing 1.36204802439018E+02 sumM 4.82711062658063E-02 trend-4.23756780945752E-02 aero 0.00000000000000E+00 level 1.37995245850120E+03 k0-2.59931785149806E+04 init-1.54308437451470E+00 IR-5.08570254595113E-01 impC 2.96717082241842E-02 mP 5.51492872052613E-03 year-5.48601554518334E-06 sumLPAP 1.29809696191975E+00 harm
KEEPDBG accept 8 cc 6.20454896958587E-01 sumModel-2.09527579499585E+02 sumForcing 1.35574392084308E+02 sumM 4.86767908926239E-02 trend-4.34621391067547E-02 aero 0.00000000000000E+00 level 1.52929432215956E+03 k0-2.94964112224746E+04 init-1.64686104037283E+00 IR-5.09425179363993E-01 impC 2.97680711525136E-02 mP 5.52777770871334E-03 year-5.48601554518334E-06 sumLPAP 1.29809696191975E+00 harm
KEEPDBG accept 4 cc 6.19885533312822E-01 sumModel-2.09803357088198E+02 sumForcing 1.34668027850043E+02 sumM 4.88841421118711E-02 trend-4.32741729495344E-02 aero 0.00000000000000E+00 level 1.53613970729365E+03 k0-2.96101111448119E+04 init-1.65628171896900E+00 IR-5.08708359306436E-01 impC 3.07873895291144E-02 mP 5.56424492924878E-03 year-5.48601554518334E-06 sumLPAP 1.29809696191975E+00 harm
KEEPDBG accept 13 cc 6.20044818469229E-01 sumModel-2.09204834377675E+02 sumForcing 1.37396446084215E+02 sumM 4.87724122019177E-02 trend-4.25299006612400E-02 aero 0.00000000000000E+00 level 1.45545606146493E+03 k0-2.72106348628987E+04 init-1.69578693643821E+00 IR-5.10891331691128E-01 impC 3.01209469831416E-02 mP 5.54871041063005E-03 year-5.48601554518334E-06 sumLPAP 1.29809696191975E+00 harm
KEEPDBG accept 11 cc 6.21498419092532E-01 sumModel-2.09682355125559E+02 sumForcing 1.36204802439018E+02 sumM 4.82711062658063E-02 trend-4.23756780945752E-02 aero 0.00000000000000E+00 level 1.37995245850120E+03 k0-2.59931785149806E+04 init-1.54308437451470E+00 IR-5.08570254595113E-01 impC 2.96717868161968E-02 mP 5.51492872052613E-03 year-5.48601554518334E-06 sumLPAP 1.29809696191975E+00 harm
KEEPDBG accept 5 cc 6.20324801268952E-01 sumModel-2.09609085208734E+02 sumForcing 1.34496918083984E+02 sumM 4.85212433429563E-02 trend-4.27659129155806E-02 aero 0.00000000000000E+00 level 1.52078289011555E+03 k0-2.91971909940496E+04 init-1.69443136368152E+00 IR-5.08920832539723E-01 impC 2.99991057378154E-02 mP 5.51776347014719E-03 year-5.48601554518334E-06 sumLPAP 1.29809696191975E+00 harm
KEEPDBG accept 7 cc 6.20144015003223E-01 sumModel-2.10050250059877E+02 sumForcing 1.37816308442865E+02 sumM 4.84542068966021E-02 trend-4.35249956750760E-02 aero 0.00000000000000E+00 level 1.38102424308153E+03 k0-2.53116661513059E+04 init-1.64879384884806E+00 IR-5.08708359306436E-01 impC 3.08876915228719E-02 mP 5.53903863129181E-03 year-5.48601554518334E-06 sumLPAP 1.29809696191975E+00 harm
KEEPDBG accept 8 cc 6.20466167862708E-01 sumModel-2.09524295291239E+02 sumForcing 1.35516436902884E+02 sumM 4.86767908926239E-02 trend-4.34371270913433E-02 aero 0.00000000000000E+00 level 1.52959196020411E+03 k0-2.95085532999784E+04 init-1.64686104037283E+00 IR-5.09425179363993E-01 impC 2.97680711525136E-02 mP 5.52777770871334E-03 year-5.48601554518334E-06 sumLPAP 1.29809696191975E+00 harm
KEEPDBG accept 13 cc 6.20056100645404E-01 sumModel-2.09208450889537E+02 sumForcing 1.37373162405986E+02 sumM 4.87724122019177E-02 trend-4.25176653975138E-02 aero 0.00000000000000E+00 level 1.45495861647117E+03 k0-2.72097883454000E+04 init-1.69578693643821E+00 IR-5.10891331691128E-01 impC 3.01209469831416E-02 mP 5.54871041063005E-03 year-5.48601554518334E-06 sumLPAP 1.29809696191975E+00 harm
KEEPDBG accept 14 cc 6.19835025165245E-01 sumModel-2.07352568611424E+02 sumForcing 1.37068410992054E+02 sumM 4.92621717803035E-02 trend-4.12557285981138E-02 aero 0.00000000000000E+00 level 1.48947366223925E+03 k0-2.81426208792360E+04 init-1.69554522530739E+00 IR-5.14951093018126E-01 impC 2.99569371044780E-02 mP 5.51492872052613E-03 year-5.48601554518334E-06 sumLPAP 1.29809696191975E+00 harm
KEEPDBG accept 13 cc 6.20056191488362E-01 sumModel-2.09208476074606E+02 sumForcing 1.37372983510524E+02 sumM 4.87724122019177E-02 trend-4.25175732965994E-02 aero 0.00000000000000E+00 level 1.45495501992233E+03 k0-2.72097788302605E+04 init-1.69578693643821E+00 IR-5.10891331691128E-01 impC 3.01209469831416E-02 mP 5.54871041063005E-03 year-5.48601554518334E-06 sumLPAP 1.29809696191975E+00 harm
KEEPDBG accept 5 cc 6.20325213433226E-01 sumModel-2.09609169990805E+02 sumForcing 1.34496271308000E+02 sumM 4.85212433429563E-02 trend-4.27655715911267E-02 aero 0.00000000000000E+00 level 1.52077230890701E+03 k0-2.91972836806270E+04 init-1.69443136368152E+00 IR-5.08920832539723E-01 impC 2.99991057378154E-02 mP 5.51776347014719E-03 year-5.48601554518334E-06 sumLPAP 1.29809696191975E+00 harm
KEEPDBG accept 15 cc 6.20381459492706E-01 sumModel-2.09700028884199E+02 sumForcing 1.35558799220465E+02 sumM 4.84758765093423E-02 trend-4.37406721252121E-02 aero 0.00000000000000E+00 level 1.52939001618279E+03 k0-2.94097710467934E+04 init-1.66820631195642E+00 IR-5.08698659045829E-01 impC 3.00946318048763E-02 mP 5.51708784057823E-03 year-5.48601554518334E-06 sumLPAP 1.29809696191975E+00 harm
KEEPDBG accept 13 cc 6.20131271060384E-01 sumModel-2.09198322936991E+02 sumForcing 1.36518852144200E+02 sumM 4.87724122019177E-02 trend-4.22617197565390E-02 aero 0.00000000000000E+00 level 1.42715697029871E+03 k0-2.68399154623437E+04 init-1.66167099412196E+00 IR-5.10891331691128E-01 impC 3.01209469831416E-02 mP 5.54871041063005E-03 year-5.48601554518334E-06 sumLPAP 1.29809696191975E+00 harm
KEEPDBG accept 13 cc 6.20489499366840E-01 sumModel-2.09153259096661E+02 sumForcing 1.36955619267847E+02 sumM 4.87724122019177E-02 trend-4.22691577814546E-02 aero 0.00000000000000E+00 level 1.44969511903292E+03 k0-2.71850456933616E+04 init-1.66167099412196E+00 IR-5.10891331691128E-01 impC 3.01209469831416E-02 mP 5.54871041063005E-03 year-5.48601554518334E-06 sumLPAP 1.29809696191975E+00 harm
KEEPDBG accept 14 cc 6.19835061891014E-01 sumModel-2.07352612485283E+02 sumForcing 1.37068410992054E+02 sumM 4.94704229615443E-02 trend-4.12557461738923E-02 aero 0.00000000000000E+00 level 1.53608613073882E+03 k0-2.90719718827826E+04 init-1.69554522530739E+00 IR-5.14951093018126E-01 impC 2.99569371044780E-02 mP 5.51492872052613E-03 year-5.48601554518334E-06 sumLPAP 1.29809696191975E+00 harm
KEEPDBG accept 5 cc 6.20325231449060E-01 sumModel-2.09609168181096E+02 sumForcing 1.34496271308000E+02 sumM 4.84476657194848E-02 trend-4.27655764070995E-02 aero 0.00000000000000E+00 level 1.50514443329985E+03 k0-2.88803656409958E+04 init-1.69443136368152E+00 IR-5.08920832539723E-01 impC 2.99991057378154E-02 mP 5.51776347014719E-03 year-5.48601554518334E-06 sumLPAP 1.29809696191975E+00 harm
KEEPDBG accept 9 cc 6.20033606197944E-01 sumModel-2.09620052002152E+02 sumForcing 1.34820615982875E+02 sumM 4.84999635120452E-02 trend-4.35139485150010E-02 aero 0.00000000000000E+00 level 1.48351701229932E+03 k0-2.81768891714652E+04 init-1.68056420648187E+00 IR-5.08690580612939E-01 impC 3.01099556716040E-02 mP 5.44539427592960E-03 year-5.48601554518334E-06 sumLPAP 1.29809696191975E+00 harm
KEEPDBG accept 1 cc 6.20499280150064E-01 sumModel-2.09980718547228E+02 sumForcing 1.32319853179147E+02 sumM 4.86599407610800E-02 trend-4.23206310432119E-02 aero 0.00000000000000E+00 level 1.57168068164722E+03 k0-3.05897287274147E+04 init-1.69338978385432E+00 IR-5.08003983948495E-01 impC 3.00806520419711E-02 mP 5.52467076278122E-03 year-5.48601554518334E-06 sumLPAP 1.29809696191975E+00 harm
KEEPDBG accept 13 cc 6.20489551195060E-01 sumModel-2.09153398578554E+02 sumForcing 1.36955619267847E+02 sumM 4.92941094633897E-02 trend-4.22691877711571E-02 aero 0.00000000000000E+00 level 1.56316778248721E+03 k0-2.94370240055749E+04 init-1.66167099412196E+00 IR-5.10891331691128E-01 impC 3.01209469831416E-02 mP 5.54871041063005E-03 year-5.48601554518334E-06 sumLPAP 1.29809696191975E+00 harm
KEEPDBG accept 16 cc 6.20119474852933E-01 sumModel-2.09749136795247E+02 sumForcing 1.34808205602809E+02 sumM 4.89482984398710E-02 trend-4.31729541460083E-02 aero 0.00000000000000E+00 level 1.52354149190865E+03 k0-2.96147108251471E+04 init-1.67514134492189E+00 IR-5.08073521944515E-01 impC 3.01482531785201E-02 mP 5.46817958570275E-03 year-5.48601554518334E-06 sumLPAP 1.29809696191975E+00 harm
KEEPDBG accept 8 cc 6.20472607084179E-01 sumModel-2.09526880259040E+02 sumForcing 1.35544259463409E+02 sumM 4.86767908926239E-02 trend-4.34393131861197E-02 aero 0.00000000000000E+00 level 1.53097647373050E+03 k0-2.95248601825603E+04 init-1.64686104037283E+00 IR-5.09425179363993E-01 impC 2.97680711525136E-02 mP 5.52777770871334E-03 year-5.48601554518334E-06 sumLPAP 1.29809696191975E+00 harm
KEEPDBG accept 5 cc 6.20325311957420E-01 sumModel-2.09609202288625E+02 sumForcing 1.34563697767334E+02 sumM 4.84476657194848E-02 trend-4.27655083848938E-02 aero 0.00000000000000E+00 level 1.50371186346881E+03 k0-2.88368961334424E+04 init-1.69443136368152E+00 IR-5.08920832539723E-01 impC 2.99991057378154E-02 mP 5.51776347014719E-03 year-5.48601554518334E-06 sumLPAP 1.29809696191975E+00 harm
KEEPDBG accept 7 cc 6.20182125722585E-01 sumModel-2.10116234443642E+02 sumForcing 1.37807781078437E+02 sumM 4.84542068966021E-02 trend-4.36121001633053E-02 aero 0.00000000000000E+00 level 1.36275253526762E+03 k0-2.49897734730894E+04 init-1.64879384884806E+00 IR-5.08708359306436E-01 impC 3.08876915228719E-02 mP 5.53903863129181E-03 year-5.48601554518334E-06 sumLPAP 1.29809696191975E+00 harm
KEEPDBG accept 15 cc 6.20393891801044E-01 sumModel-2.09664140060587E+02 sumForcing 1.35429589972213E+02 sumM 4.84758765093423E-02 trend-4.37170408686511E-02 aero 0.00000000000000E+00 level 1.52623949269480E+03 k0-2.93897135055493E+04 init-1.66820631195642E+00 IR-5.08698659045829E-01 impC 3.00946318048763E-02 mP 5.51708784057823E-03 year-5.48601554518334E-06 sumLPAP 1.29809696191975E+00 harm
KEEPDBG accept 3 cc 6.19759836303261E-01 sumModel-2.10523304788372E+02 sumForcing 1.36149029075809E+02 sumM 4.92337345377121E-02 trend-4.38468419862462E-02 aero 0.00000000000000E+00 level 1.81440898479655E+03 k0-3.43282727544748E+04 init-1.69578693643821E+00 IR-5.07387432916212E-01 impC 2.99357425214735E-02 mP 5.52155082611859E-03 year-5.48601554518334E-06 sumLPAP 1.29809696191975E+00 harm
KEEPDBG accept 13 cc 6.20752408258722E-01 sumModel-2.09154572467419E+02 sumForcing 1.37156408796708E+02 sumM 4.91244228533907E-02 trend-4.23110583672369E-02 aero 0.00000000000000E+00 level 1.59066307672682E+03 k0-2.97645088634913E+04 init-1.66167099412196E+00 IR-5.10891331691128E-01 impC 3.01209469831416E-02 mP 5.54871041063005E-03 year-5.48601554518334E-06 sumLPAP 1.29809696191975E+00 harm
KEEPDBG accept 8 cc 6.20512924965954E-01 sumModel-2.09573729024383E+02 sumForcing 1.34714171967466E+02 sumM 4.85978397129873E-02 trend-4.33536407437833E-02 aero 0.00000000000000E+00 level 1.54299456395603E+03 k0-2.96361013018631E+04 init-1.64686104037283E+00 IR-5.09425179363993E-01 impC 2.97680711525136E-02 mP 5.52777770871334E-03 year-5.48601554518334E-06 sumLPAP 1.29809696191975E+00 harm
KEEPDBG accept 6 cc 6.20352863643967E-01 sumModel-2.09850715424081E+02 sumForcing 1.33376218274037E+02 sumM 4.80546060570913E-02 trend-4.30443284903433E-02 aero 0.00000000000000E+00 level 1.43065046757502E+03 k0-2.75774037710592E+04 init-1.68717072552641E+00 IR-5.08272361679317E-01 impC 3.01482531785201E-02 mP 5.51474199127117E-03 year-5.48601554518334E-06 sumLPAP 1.29809696191975E+00 harm
KEEPDBG accept 13 cc 6.20754011187016E-01 sumModel-2.09154878018843E+02 sumForcing 1.38344392762920E+02 sumM 4.91244228533907E-02 trend-4.23101298990713E-02 aero 0.00000000000000E+00 level 1.56475531435899E+03 k0-2.90031413220899E+04 init-1.66167099412196E+00 IR-5.10891331691128E-01 impC 3.01209469831416E-02 mP 5.54871041063005E-03 year-5.48601554518334E-06 sumLPAP 1.29809696191975E+00 harm
KEEPDBG accept 5 cc 6.20326432486048E-01 sumModel-2.09202860383807E+02 sumForcing 1.34563697767334E+02 sumM 4.84476657194848E-02 trend-4.26575183659881E-02 aero 0.00000000000000E+00 level 1.50059939460279E+03 k0-2.88137722103648E+04 init-1.69443136368152E+00 IR-5.09962899006943E-01 impC 2.99991057378154E-02 mP 5.51776347014719E-03 year-5.48601554518334E-06 sumLPAP 1.29809696191975E+00 harm
KEEPDBG accept 15 cc 6.20393896553607E-01 sumModel-2.09782072751050E+02 sumForcing 1.35429589972213E+02 sumM 4.84758765093423E-02 trend-4.37170408686511E-02 aero 0.00000000000000E+00 level 1.52623949269480E+03 k0-2.93897135055493E+04 init-1.66820631195642E+00 IR-5.08698659045829E-01 impC 2.95467070917662E-02 mP 5.51708784057823E-03 year-5.48601554518334E-06 sumLPAP 1.29809696191975E+00 harm
KEEPDBG accept 6 cc 6.20352863745491E-01 sumModel-2.09843761693097E+02 sumForcing 1.33376218274037E+02 sumM 4.80546060570913E-02 trend-4.30443284903433E-02 aero 0.00000000000000E+00 level 1.43065046757502E+03 k0-2.75774037710592E+04 init-1.68717072552641E+00 IR-5.08272361679317E-01 impC 3.01805698578518E-02 mP 5.51474199127117E-03 year-5.48601554518334E-06 sumLPAP 1.29809696191975E+00 harm
KEEPDBG accept 6 cc 6.20364583938174E-01 sumModel-2.09841776854015E+02 sumForcing 1.33331866966875E+02 sumM 4.80546060570913E-02 trend-4.30298851506650E-02 aero 0.00000000000000E+00 level 1.42926731117584E+03 k0-2.75599464927363E+04 init-1.68533018659505E+00 IR-5.08272361679317E-01 impC 3.01805698578518E-02 mP 5.51474199127117E-03 year-5.48601554518334E-06 sumLPAP 1.29809696191975E+00 harm
KEEPDBG accept 5 cc 6.20326432536260E-01 sumModel-2.09204287906182E+02 sumForcing 1.34563697767334E+02 sumM 4.84476657194848E-02 trend-4.26575183659881E-02 aero 0.00000000000000E+00 level 1.50059939460279E+03 k0-2.88137722103648E+04 init-1.69443136368152E+00 IR-5.09962899006943E-01 impC 2.99924788819645E-02 mP 5.51776347014719E-03 year-5.48601554518334E-06 sumLPAP 1.29809696191975E+00 harm
KEEPDBG accept 7 cc 6.20182155332137E-01 sumModel-2.10116297862102E+02 sumForcing 1.37807781078437E+02 sumM 4.95785236318743E-02 trend-4.36121245199220E-02 aero 0.00000000000000E+00 level 1.60550596292824E+03 k0-2.97281851105383E+04 init-1.64879384884806E+00 IR-5.08708359306436E-01 impC 3.08876915228719E-02 mP 5.53903863129181E-03 year-5.48601554518334E-06 sumLPAP 1.29809696191975E+00 harm
KEEPDBG accept 8 cc 6.20524758536511E-01 sumModel-2.09569546861393E+02 sumForcing 1.34623203671470E+02 sumM 4.85978397129873E-02 trend-4.33136791720787E-02 aero 0.00000000000000E+00 level 1.54342897391301E+03 k0-2.96546208710485E+04 init-1.64686104037283E+00 IR-5.09425179363993E-01 impC 2.97680711525136E-02 mP 5.52777770871334E-03 year-5.48601554518334E-06 sumLPAP 1.29809696191975E+00 harm
KEEPDBG accept 11 cc 6.21498632668566E-01 sumModel-2.09682234141270E+02 sumForcing 1.36204889386209E+02 sumM 4.82710332727532E-02 trend-4.23756515407864E-02 aero 0.00000000000000E+00 level 1.37996467204111E+03 k0-2.59934315317311E+04 init-1.54308437451470E+00 IR-5.08570254595113E-01 impC 2.96717868161968E-02 mP 5.51492872052613E-03 year-5.48601554518334E-06 sumLPAP 1.29809696191975E+00 harm
KEEPDBG accept 1 cc 6.20524126460664E-01 sumModel-2.09960487780916E+02 sumForcing 1.32560080110786E+02 sumM 4.86829613851652E-02 trend-4.23490709319127E-02 aero 0.00000000000000E+00 level 1.56832004764570E+03 k0-3.05587146690213E+04 init-1.69338978385432E+00 IR-5.08003983948495E-01 impC 3.00806520419711E-02 mP 5.52467076278122E-03 year-5.48601554518334E-06 sumLPAP 1.29809696191975E+00 harm
KEEPDBG accept 8 cc 6.20544925930986E-01 sumModel-2.09566412241634E+02 sumForcing 1.34626202788774E+02 sumM 4.85978397129873E-02 trend-4.33190123395636E-02 aero 0.00000000000000E+00 level 1.54150033635331E+03 k0-2.96285247584783E+04 init-1.64686104037283E+00 IR-5.09425179363993E-01 impC 2.97680711525136E-02 mP 5.52777770871334E-03 year-5.48601554518334E-06 sumLPAP 1.29809696191975E+00 harm
KEEPDBG accept 14 cc 6.19956056607105E-01 sumModel-2.07397892278462E+02 sumForcing 1.37116501483846E+02 sumM 4.94704229615443E-02 trend-4.13490663778472E-02 aero 0.00000000000000E+00 level 1.50129954152709E+03 k0-2.84998061412164E+04 init-1.69554522530739E+00 IR-5.14951093018126E-01 impC 2.99569371044780E-02 mP 5.51492872052613E-03 year-5.48601554518334E-06 sumLPAP 1.29809696191975E+00 harm
KEEPDBG accept 2 cc 6.20001876455655E-01 sumModel-2.09733226552522E+02 sumForcing 1.35441254222062E+02 sumM 4.87930372800793E-02 trend-4.27116479787089E-02 aero 0.00000000000000E+00 level 1.48507590297676E+03 k0-2.84517903057912E+04 init-1.69363264268211E+00 IR-5.08708359306436E-01 impC 3.01034206145067E-02 mP 5.51492872052613E-03 year-5.48601554518334E-06 sumLPAP 1.29809696191975E+00 harm
KEEPDBG accept 1 cc 6.20524177318027E-01 sumModel-2.09960557748574E+02 sumForcing 1.32560080110786E+02 sumM 4.87121327516149E-02 trend-4.23490909139101E-02 aero 0.00000000000000E+00 level 1.57483965641551E+03 k0-3.06925112964913E+04 init-1.69338978385432E+00 IR-5.08003983948495E-01 impC 3.00806520419711E-02 mP 5.52467076278122E-03 year-5.48601554518334E-06 sumLPAP 1.29809696191975E+00 harm
KEEPDBG accept 15 cc 6.20395929999282E-01 sumModel-2.09782515906957E+02 sumForcing 1.37657433876013E+02 sumM 4.84758765093423E-02 trend-4.37145674772529E-02 aero 0.00000000000000E+00 level 1.47974947395507E+03 k0-2.79836602647452E+04 init-1.66820631195642E+00 IR-5.08698659045829E-01 impC 2.95467070917662E-02 mP 5.51708784057823E-03 year-5.48601554518334E-06 sumLPAP 1.29809696191975E+00 harm
KEEPDBG accept 3 cc 6.20059629330482E-01 sumModel-2.10215614860919E+02 sumForcing 1.35338421648161E+02 sumM 4.92337345377121E-02 trend-4.36815405555594E-02 aero 0.00000000000000E+00 level 1.79498260466251E+03 k0-3.43404104533242E+04 init-1.69578693643821E+00 IR-5.07387432916212E-01 impC 2.99357425214735E-02 mP 5.52155082611859E-03 year-5.48601554518334E-06 sumLPAP 1.29809696191975E+00 harm
KEEPDBG accept 14 cc 6.19959537284744E-01 sumModel-2.07395894720188E+02 sumForcing 1.37210741880845E+02 sumM 4.94704229615443E-02 trend-4.13858412369953E-02 aero 0.00000000000000E+00 level 1.50105804776219E+03 k0-2.84852175114050E+04 init-1.69554522530739E+00 IR-5.14951093018126E-01 impC 2.99569371044780E-02 mP 5.51492872052613E-03 year-5.48601554518334E-06 sumLPAP 1.29809696191975E+00 harm
KEEPDBG accept 15 cc 6.20395935177362E-01 sumModel-2.09782504064246E+02 sumForcing 1.37657433876013E+02 sumM 4.80128166360268E-02 trend-4.37145615827954E-02 aero 0.00000000000000E+00 level 1.38816703341186E+03 k0-2.61492242830964E+04 init-1.66820631195642E+00 IR-5.08698659045829E-01 impC 2.95467070917662E-02 mP 5.51708784057823E-03 year-5.48601554518334E-06 sumLPAP 1.29809696191975E+00 harm
KEEPDBG accept 6 cc 6.20369117239056E-01 sumModel-2.09210901196486E+02 sumForcing 1.33331866966875E+02 sumM 4.80546060570913E-02 trend-4.28617296566060E-02 aero 0.00000000000000E+00 level 1.42462199173914E+03 k0-2.75248701415069E+04 init-1.68533018659505E+00 IR-5.09892402279871E-01 impC 3.01805698578518E-02 mP 5.51474199127117E-03 year-5.48601554518334E-06 sumLPAP 1.29809696191975E+00 harm
KEEPDBG accept 7 cc 6.20189137866867E-01 sumModel-2.10116848752669E+02 sumForcing 1.37796711338002E+02 sumM 4.95785236318743E-02 trend-4.36041530646408E-02 aero 0.00000000000000E+00 level 1.60518743461589E+03 k0-2.97275933177124E+04 init-1.64879384884806E+00 IR-5.08708359306436E-01 impC 3.08876915228719E-02 mP 5.53903863129181E-03 year-5.48601554518334E-06 sumLPAP 1.29809696191975E+00 harm
KEEPDBG accept 11 cc 6.21498778461926E-01 sumModel-2.09682269141538E+02 sumForcing 1.36204937431829E+02 sumM 4.82709929393247E-02 trend-4.23756583607496E-02 aero 0.00000000000000E+00 level 1.37996928170996E+03 k0-2.59934622484885E+04 init-1.54308437451470E+00 IR-5.08570254595113E-01 impC 2.96717868161968E-02 mP 5.51492872052613E-03 year-5.48601554518334E-06 sumLPAP 1.29809696191975E+00 harm
KEEPDBG accept 6 cc 6.20459393695605E-01 sumModel-2.09215863855679E+02 sumForcing 1.33349683139483E+02 sumM 4.80546060570913E-02 trend-4.29027896889544E-02 aero 0.00000000000000E+00 level 1.41079482944743E+03 k0-2.73078830854960E+04 init-1.68533018659505E+00 IR-5.09892402279871E-01 impC 3.01805698578518E-02 mP 5.51474199127117E-03 year-5.48601554518334E-06 sumLPAP 1.29809696191975E+00 harm
KEEPDBG accept 1 cc 6.20524784141207E-01 sumModel-2.09960816565992E+02 sumForcing 1.32520413227700E+02 sumM 4.87121327516149E-02 trend-4.23325451566100E-02 aero 0.00000000000000E+00 level 1.57497164181973E+03 k0-3.07001476998590E+04 init-1.69338978385432E+00 IR-5.08003983948495E-01 impC 3.00806520419711E-02 mP 5.52467076278122E-03 year-5.48601554518334E-06 sumLPAP 1.29809696191975E+00 harm
KEEPDBG accept 5 cc 6.20338984829114E-01 sumModel-2.09202405090432E+02 sumForcing 1.34206311157420E+02 sumM 4.84476657194848E-02 trend-4.25070682422081E-02 aero 0.00000000000000E+00 level 1.50182912124097E+03 k0-2.88781568890881E+04 init-1.69443136368152E+00 IR-5.09962899006943E-01 impC 2.99924788819645E-02 mP 5.51776347014719E-03 year-5.48601554518334E-06 sumLPAP 1.29809696191975E+00 harm
KEEPDBG accept 14 cc 6.19964610654566E-01 sumModel-2.07399367298479E+02 sumForcing 1.37194908257177E+02 sumM 4.94704229615443E-02 trend-4.13777118466575E-02 aero 0.00000000000000E+00 level 1.50065523564235E+03 k0-2.84837993601135E+04 init-1.69554522530739E+00 IR-5.14951093018126E-01 impC 2.99569371044780E-02 mP 5.51492872052613E-03 year-5.48601554518334E-06 sumLPAP 1.29809696191975E+00 harm
KEEPDBG accept 6 cc 6.20459426668340E-01 sumModel-2.09215939249118E+02 sumForcing 1.33349683139483E+02 sumM 4.80940820353201E-02 trend-4.29028029685611E-02 aero 0.00000000000000E+00 level 1.41836863348845E+03 k0-2.74633831237620E+04 init-1.68533018659505E+00 IR-5.09892402279871E-01 impC 3.01805698578518E-02 mP 5.51474199127117E-03 year-5.48601554518334E-06 sumLPAP 1.29809696191975E+00 harm
KEEPDBG accept 16 cc 6.20119495775930E-01 sumModel-2.09749156001533E+02 sumForcing 1.34808205602809E+02 sumM 4.85940081393876E-02 trend-4.31729562939613E-02 aero 0.00000000000000E+00 level 1.44955086501978E+03 k0-2.80949876665528E+04 init-1.67514134492189E+00 IR-5.08073521944515E-01 impC 3.01482531785201E-02 mP 5.46817958570275E-03 year-5.48601554518334E-06 sumLPAP 1.29809696191975E+00 harm
KEEPDBG accept 11 cc 6.21498802845427E-01 sumModel-2.09682311853190E+02 sumForcing 1.36204937507345E+02 sumM 4.82709929393247E-02 trend-4.23756756008106E-02 aero 0.00000000000000E+00 level 1.37996784219173E+03 k0-2.59933766772418E+04 init-1.54308437451470E+00 IR-5.08570254595113E-01 impC 2.96717868161968E-02 mP 5.51492872052613E-03 year-5.48601554518334E-06 sumLPAP 1.29809696191975E+00 harm
KEEPDBG accept 6 cc 6.20464356143901E-01 sumModel-2.09216759667217E+02 sumForcing 1.33350793532959E+02 sumM 4.80940820353201E-02 trend-4.29057874048654E-02 aero 0.00000000000000E+00 level 1.41733839653725E+03 k0-2.74468236230475E+04 init-1.68533018659505E+00 IR-5.09892402279871E-01 impC 3.01805698578518E-02 mP 5.51474199127117E-03 year-5.48601554518334E-06 sumLPAP 1.29809696191975E+00 harm
KEEPDBG accept 12 cc 6.20107870352981E-01 sumModel-2.09643125474101E+02 sumForcing 1.38626651122629E+02 sumM 4.86999944863025E-02 trend-4.33292150929210E-02 aero 0.00000000000000E+00 level 1.45131277515070E+03 k0-2.69784613609213E+04 init-1.69413598882937E+00 IR-5.08700791413222E-01 impC 3.00958180385875E-02 mP 5.51496500494062E-03 year-5.48601554518334E-06 sumLPAP 1.29809696191975E+00 harm
KEEPDBG accept 14 cc 6.19970118626214E-01 sumModel-2.07403419264230E+02 sumForcing 1.37177274071298E+02 sumM 4.94704229615443E-02 trend-4.13686911624787E-02 aero 0.00000000000000E+00 level 1.50020299721134E+03 k0-2.84820480759382E+04 init-1.69554522530739E+00 IR-5.14951093018126E-01 impC 2.99569371044780E-02 mP 5.51492872052613E-03 year-5.48601554518334E-06 sumLPAP 1.29809696191975E+00 harm
KEEPDBG accept 14 cc 6.20088159522661E-01 sumModel-2.07441826683666E+02 sumForcing 1.37588947765491E+02 sumM 4.94704229615443E-02 trend-4.14331076753209E-02 aero 0.00000000000000E+00 level 1.51194483468206E+03 k0-2.86104628998665E+04 init-1.69554522530739E+00 IR-5.14951093018126E-01 impC 2.99569371044780E-02 mP 5.51492872052613E-03 year-5.48601554518334E-06 sumLPAP 1.29809696191975E+00 harm
KEEPDBG accept 4 cc 6.19897693585022E-01 sumModel-2.09801927359315E+02 sumForcing 1.34481980241937E+02 sumM 4.88841421118711E-02 trend-4.32180769357415E-02 aero 0.00000000000000E+00 level 1.52942914805349E+03 k0-2.95156604344369E+04 init-1.64852473553888E+00 IR-5.08708359306436E-01 impC 3.07873895291144E-02 mP 5.56424492924878E-03 year-5.48601554518334E-06 sumLPAP 1.29809696191975E+00 harm
KEEPDBG accept 2 cc 6.20001903983578E-01 sumModel-2.09733257572634E+02 sumForcing 1.35441254222062E+02 sumM 4.90108750901966E-02 trend-4.27116619333116E-02 aero 0.00000000000000E+00 level 1.53177868208512E+03 k0-2.93979763212169E+04 init-1.69363264268211E+00 IR-5.08708359306436E-01 impC 3.01034206145067E-02 mP 5.51492872052613E-03 year-5.48601554518334E-06 sumLPAP 1.29809696191975E+00 harm
KEEPDBG accept 3 cc 6.20109422473139E-01 sumModel-2.10157807667167E+02 sumForcing 1.35154866258539E+02 sumM 4.92337345377121E-02 trend-4.36455864160268E-02 aero 0.00000000000000E+00 level 1.79044761016493E+03 k0-3.43297672621359E+04 init-1.69578693643821E+00 IR-5.07387432916212E-01 impC 2.99357425214735E-02 mP 5.52155082611859E-03 year-5.48601554518334E-06 sumLPAP 1.29809696191975E+00 harm
KEEPDBG accept 8 cc 6.20546629316497E-01 sumModel-2.09565831385017E+02 sumForcing 1.34613145660650E+02 sumM 4.85978397129873E-02 trend-4.33132810175217E-02 aero 0.00000000000000E+00 level 1.54156282067821E+03 k0-2.96311806779347E+04 init-1.64686104037283E+00 IR-5.09425179363993E-01 impC 2.97680711525136E-02 mP 5.52777770871334E-03 year-5.48601554518334E-06 sumLPAP 1.29809696191975E+00 harm
KEEPDBG accept 14 cc 6.20117936045512E-01 sumModel-2.07456552266598E+02 sumForcing 1.37338240028767E+02 sumM 4.94479292296472E-02 trend-4.14106816403042E-02 aero 0.00000000000000E+00 level 1.51626532209303E+03 k0-2.86587137648029E+04 init-1.69554522530739E+00 IR-5.14951093018126E-01 impC 2.99569371044780E-02 mP 5.51492872052613E-03 year-5.48601554518334E-06 sumLPAP 1.29809696191975E+00 harm
KEEPDBG accept 8 cc 6.20547976678539E-01 sumModel-2.09566022670168E+02 sumForcing 1.35565902547564E+02 sumM 4.85978397129873E-02 trend-4.33122593472100E-02 aero 0.00000000000000E+00 level 1.52105447714758E+03 k0-2.90098754961491E+04 init-1.64686104037283E+00 IR-5.09425179363993E-01 impC 2.97680711525136E-02 mP 5.52777770871334E-03 year-5.48601554518334E-06 sumLPAP 1.29809696191975E+00 harm
KEEPDBG accept 7 cc 6.20190830017021E-01 sumModel-2.10116975212225E+02 sumForcing 1.37793988818253E+02 sumM 4.95785236318743E-02 trend-4.36021903241217E-02 aero 0.00000000000000E+00 level 1.60510834448630E+03 k0-2.97274476742020E+04 init-1.64879384884806E+00 IR-5.08708359306436E-01 impC 3.08876915228719E-02 mP 5.53903863129181E-03 year-5.48601554518334E-06 sumLPAP 1.29809696191975E+00 harm
KEEPDBG accept 12 cc 6.20107872503916E-01 sumModel-2.09643159618538E+02 sumForcing 1.38626651122629E+02 sumM 4.87738669821206E-02 trend-4.33292179004903E-02 aero 0.00000000000000E+00 level 1.46650701569964E+03 k0-2.72778052267298E+04 init-1.69413598882937E+00 IR-5.08700791413222E-01 impC 3.00958180385875E-02 mP 5.51496500494062E-03 year-5.48601554518334E-06 sumLPAP 1.29809696191975E+00 harm
KEEPDBG accept 6 cc 6.20474744468090E-01 sumModel-2.09375753016540E+02 sumForcing 1.34015668032948E+02 sumM 4.80940820353201E-02 trend-4.29924298159516E-02 aero 0.00000000000000E+00 level 1.43394022801343E+03 k0-2.75727646627054E+04 init-1.68533018659505E+00 IR-5.09892402279871E-01 impC 3.01805698578518E-02 mP 5.55517765113865E-03 year-5.48601554518334E-06 sumLPAP 1.29809696191975E+00 harm
KEEPDBG accept 16 cc 6.20119498812692E-01 sumModel-2.09877771175094E+02 sumForcing 1.34808205602809E+02 sumM 4.85940081393876E-02 trend-4.31729562939613E-02 aero 0.00000000000000E+00 level 1.44955086501978E+03 k0-2.80949876665528E+04 init-1.67514134492189E+00 IR-5.08073521944515E-01 impC 2.95504502425726E-02 mP 5.46817958570275E-03 year-5.48601554518334E-06 sumLPAP 1.29809696191975E+00 harm
KEEPDBG accept 14 cc 6.20117982117698E-01 sumModel-2.07456644276786E+02 sumForcing 1.37338240028767E+02 sumM 5.02223580302540E-02 trend-4.14107144140996E-02 aero 0.00000000000000E+00 level 1.70883393609478E+03 k0-3.24965998494796E+04 init-1.69554522530739E+00 IR-5.14951093018126E-01 impC 2.99569371044780E-02 mP 5.51492872052613E-03 year-5.48601554518334E-06 sumLPAP 1.29809696191975E+00 harm
KEEPDBG accept 3 cc 6.20109430125806E-01 sumModel-2.10157782787537E+02 sumForcing 1.35154866258539E+02 sumM 4.87710021653799E-02 trend-4.36455796122156E-02 aero 0.00000000000000E+00 level 1.67066999445568E+03 k0-3.19221653439000E+04 init-1.69578693643821E+00 IR-5.07387432916212E-01 impC 2.99357425214735E-02 mP 5.52155082611859E-03 year-5.48601554518334E-06 sumLPAP 1.29809696191975E+00 harm
KEEPDBG accept 5 cc 6.20339858125502E-01 sumModel-2.09187068082101E+02 sumForcing 1.34140934179983E+02 sumM 4.84476657194848E-02 trend-4.24943700740335E-02 aero 0.00000000000000E+00 level 1.50018962409601E+03 k0-2.88678616593003E+04 init-1.69443136368152E+00 IR-5.09962899006943E-01 impC 2.99924788819645E-02 mP 5.51776347014719E-03 year-5.48601554518334E-06 sumLPAP 1.29809696191975E+00 harm
KEEPDBG accept 14 cc 6.20122192565963E-01 sumModel-2.07458867915367E+02 sumForcing 1.43990261002143E+02 sumM 5.02223580302540E-02 trend-4.14056094548546E-02 aero 0.00000000000000E+00 level 1.56117644773379E+03 k0-2.81904513897205E+04 init-1.69554522530739E+00 IR-5.14951093018126E-01 impC 2.99569371044780E-02 mP 5.51492872052613E-03 year-5.48601554518334E-06 sumLPAP 1.29809696191975E+00 harm
KEEPDBG accept 5 cc 6.20507315478673E-01 sumModel-2.09149297336033E+02 sumForcing 1.33556912260354E+02 sumM 4.84476657194848E-02 trend-4.22937968174241E-02 aero 0.00000000000000E+00 level 1.48096101693605E+03 k0-2.86416781214630E+04 init-1.67039317534619E+00 IR-5.09962899006943E-01 impC 2.99924788819645E-02 mP 5.51776347014719E-03 year-5.48601554518334E-06 sumLPAP 1.29809696191975E+00 harm
KEEPDBG accept 15 cc 6.20713839869849E-01 sumModel-2.09748057824210E+02 sumForcing 1.35933630047830E+02 sumM 4.80128166360268E-02 trend-4.31951314981609E-02 aero 0.00000000000000E+00 level 1.33839860786828E+03 k0-2.54819158467991E+04 init-1.59909993244017E+00 IR-5.08698659045829E-01 impC 2.95467070917662E-02 mP 5.51708784057823E-03 year-5.48601554518334E-06 sumLPAP 1.29809696191975E+00 harm
KEEPDBG accept 15 cc 6.20719214134477E-01 sumModel-2.09741011225311E+02 sumForcing 1.35930831956071E+02 sumM 4.80128166360268E-02 trend-4.31866165578528E-02 aero 0.00000000000000E+00 level 1.34062969655574E+03 k0-2.55213505176723E+04 init-1.59909993244017E+00 IR-5.08698659045829E-01 impC 2.95467070917662E-02 mP 5.51708784057823E-03 year-5.48601554518334E-06 sumLPAP 1.29809696191975E+00 harm
KEEPDBG accept 13 cc 6.20877730099676E-01 sumModel-2.09298160987517E+02 sumForcing 1.38210805340914E+02 sumM 4.91244228533907E-02 trend-4.25560041291192E-02 aero 0.00000000000000E+00 level 1.44079730425792E+03 k0-2.70561935707518E+04 init-1.66167099412196E+00 IR-5.10891331691128E-01 impC 3.01209469831416E-02 mP 5.54871041063005E-03 year-5.48601554518334E-06 sumLPAP 1.29809696191975E+00 harm
KEEPDBG accept 3 cc 6.20264051462625E-01 sumModel-2.09832507510298E+02 sumForcing 1.33250720840269E+02 sumM 4.87710021653799E-02 trend-4.33232249458075E-02 aero 0.00000000000000E+00 level 1.62579472667541E+03 k0-3.15504485392830E+04 init-1.69578693643821E+00 IR-5.07387432916212E-01 impC 2.99357425214735E-02 mP 5.52155082611859E-03 year-5.48601554518334E-06 sumLPAP 1.29809696191975E+00 harm
KEEPDBG accept 6 cc 6.20477180654492E-01 sumModel-2.09376304400507E+02 sumForcing 1.34011633194230E+02 sumM 4.80940820353201E-02 trend-4.29899999452892E-02 aero 0.00000000000000E+00 level 1.43386327126764E+03 k0-2.75728694894643E+04 init-1.68533018659505E+00 IR-5.09892402279871E-01 impC 3.01805698578518E-02 mP 5.55517765113865E-03 year-5.48601554518334E-06 sumLPAP 1.29809696191975E+00 harm
KEEPDBG accept 8 cc 6.20547979904664E-01 sumModel-2.09522800880561E+02 sumForcing 1.35565902547564E+02 sumM 4.85978397129873E-02 trend-4.33122593472100E-02 aero 0.00000000000000E+00 level 1.52105447714758E+03 k0-2.90098754961491E+04 init-1.64686104037283E+00 IR-5.09425179363993E-01 impC 2.99687868378324E-02 mP 5.52777770871334E-03 year-5.48601554518334E-06 sumLPAP 1.29809696191975E+00 harm
KEEPDBG accept 9 cc 6.20062618844686E-01 sumModel-2.09745331067821E+02 sumForcing 1.35625575903514E+02 sumM 4.84999635120452E-02 trend-4.36247922395790E-02 aero 0.00000000000000E+00 level 1.50172193165252E+03 k0-2.83596578012854E+04 init-1.68056420648187E+00 IR-5.08690580612939E-01 impC 3.01099556716040E-02 mP 5.44539427592960E-03 year-5.48601554518334E-06 sumLPAP 1.29809696191975E+00 harm
KEEPDBG accept 11 cc 6.21498802855091E-01 sumModel-2.09682295018889E+02 sumForcing 1.36204937507345E+02 sumM 4.82709929393247E-02 trend-4.23756756008106E-02 aero 0.00000000000000E+00 level 1.37996784219173E+03 k0-2.59933766772418E+04 init-1.54308437451470E+00 IR-5.08570254595113E-01 impC 2.96718650363328E-02 mP 5.51492872052613E-03 year-5.48601554518334E-06 sumLPAP 1.29809696191975E+00 harm
KEEPDBG accept 1 cc 6.20525286159900E-01 sumModel-2.09961061969470E+02 sumForcing 1.32906803938227E+02 sumM 4.87121327516149E-02 trend-4.23321923543221E-02 aero 0.00000000000000E+00 level 1.56625859908099E+03 k0-3.04325816742261E+04 init-1.69338978385432E+00 IR-5.08003983948495E-01 impC 3.00806520419711E-02 mP 5.52467076278122E-03 year-5.48601554518334E-06 sumLPAP 1.29809696191975E+00 harm
KEEPDBG accept 1 cc 6.20529636562758E-01 sumModel-2.09272812368873E+02 sumForcing 1.32906803938227E+02 sumM 4.87121327516149E-02 trend-4.21496285556631E-02 aero 0.00000000000000E+00 level 1.56079808062874E+03 k0-3.03909818861241E+04 init-1.69338978385432E+00 IR-5.09772446835226E-01 impC 3.00806520419711E-02 mP 5.52467076278122E-03 year-5.48601554518334E-06 sumLPAP 1.29809696191975E+00 harm
KEEPDBG accept 4 cc 6.19897693799769E-01 sumModel-2.09849162770157E+02 sumForcing 1.34481980241937E+02 sumM 4.88841421118711E-02 trend-4.32180769357415E-02 aero 0.00000000000000E+00 level 1.52942914805349E+03 k0-2.95156604344369E+04 init-1.64852473553888E+00 IR-5.08708359306436E-01 impC 3.05679314365313E-02 mP 5.56424492924878E-03 year-5.48601554518334E-06 sumLPAP 1.29809696191975E+00 harm
KEEPDBG accept 1 cc 6.20534701488994E-01 sumModel-2.09271253153949E+02 sumForcing 1.32891640063572E+02 sumM 4.87121327516149E-02 trend-4.21439978647676E-02 aero 0.00000000000000E+00 level 1.56026622276278E+03 k0-3.03853184529300E+04 init-1.69276215806261E+00 IR-5.09772446835226E-01 impC 3.00806520419711E-02 mP 5.52467076278122E-03 year-5.48601554518334E-06 sumLPAP 1.29809696191975E+00 harm
KEEPDBG accept 13 cc 6.20930459068203E-01 sumModel-1.99992771906786E+02 sumForcing 1.38210805340914E+02 sumM 4.91244228533907E-02 trend-4.01182384505737E-02 aero 0.00000000000000E+00 level 1.36881031650866E+03 k0-2.64697837440540E+04 init-1.66167099412196E+00 IR-5.34334692135560E-01 impC 3.01209469831416E-02 mP 5.54871041063005E-03 year-5.48601554518334E-06 sumLPAP 1.29809696191975E+00 harm
KEEPDBG accept 9 cc 6.20062619417474E-01 sumModel-2.09649168274509E+02 sumForcing 1.35625575903514E+02 sumM 4.84999635120452E-02 trend-4.36247922395790E-02 aero 0.00000000000000E+00 level 1.50172193165252E+03 k0-2.83596578012854E+04 init-1.68056420648187E+00 IR-5.08690580612939E-01 impC 3.05567380824286E-02 mP 5.44539427592960E-03 year-5.48601554518334E-06 sumLPAP 1.29809696191975E+00 harm
KEEPDBG accept 13 cc 6.20930776902689E-01 sumModel-1.99987936163019E+02 sumForcing 1.28590408426791E+02 sumM 4.91244228533907E-02 trend-4.01289755159221E-02 aero 0.00000000000000E+00 level 1.57034163235148E+03 k0-3.28825855925898E+04 init-1.66167099412196E+00 IR-5.34334692135560E-01 impC 3.01209469831416E-02 mP 5.54871041063005E-03 year-5.48601554518334E-06 sumLPAP 1.29809696191975E+00 harm
KEEPDBG accept 15 cc 6.20748144243564E-01 sumModel-2.09758676309541E+02 sumForcing 1.36101044488110E+02 sumM 4.80128166360268E-02 trend-4.32102464399777E-02 aero 0.00000000000000E+00 level 1.34445801105432E+03 k0-2.55695040081523E+04 init-1.59909993244017E+00 IR-5.08698659045829E-01 impC 2.95467070917662E-02 mP 5.51708784057823E-03 year-5.48601554518334E-06 sumLPAP 1.29809696191975E+00 harm
KEEPDBG accept 6 cc 6.20480331835519E-01 sumModel-2.09377039460950E+02 sumForcing 1.37026569384865E+02 sumM 4.80940820353201E-02 trend-4.29868743920790E-02 aero 0.00000000000000E+00 level 1.37479995093085E+03 k0-2.57896127102928E+04 init-1.68533018659505E+00 IR-5.09892402279871E-01 impC 3.01805698578518E-02 mP 5.55517765113865E-03 year-5.48601554518334E-06 sumLPAP 1.29809696191975E+00 harm
KEEPDBG accept 8 cc 6.20547987516616E-01 sumModel-2.09522785268856E+02 sumForcing 1.35565902547564E+02 sumM 4.82761366593133E-02 trend-4.33122559492011E-02 aero 0.00000000000000E+00 level 1.45448738164153E+03 k0-2.76680163004945E+04 init-1.64686104037283E+00 IR-5.09425179363993E-01 impC 2.99687868378324E-02 mP 5.52777770871334E-03 year-5.48601554518334E-06 sumLPAP 1.29809696191975E+00 harm
KEEPDBG accept 1 cc 6.20534707844457E-01 sumModel-2.09271232572718E+02 sumForcing 1.32891640063572E+02 sumM 4.86597276407861E-02 trend-4.21439979663308E-02 aero 0.00000000000000E+00 level 1.54869080600411E+03 k0-3.01477552536949E+04 init-1.69276215806261E+00 IR-5.09772446835226E-01 impC 3.00806520419711E-02 mP 5.52467076278122E-03 year-5.48601554518334E-06 sumLPAP 1.29809696191975E+00 harm
KEEPDBG accept 8 cc 6.20581049133635E-01 sumModel-2.09511418678849E+02 sumForcing 1.35294074305366E+02 sumM 4.82761366593133E-02 trend-4.31939091575860E-02 aero 0.00000000000000E+00 level 1.45566180195569E+03 k0-2.77190068843275E+04 init-1.64686104037283E+00 IR-5.09425179363993E-01 impC 2.99687868378324E-02 mP 5.52777770871334E-03 year-5.48601554518334E-06 sumLPAP 1.29809696191975E+00 harm
KEEPDBG accept 8 cc 6.20645497492061E-01 sumModel-2.09489915521027E+02 sumForcing 1.34620377786761E+02 sumM 4.82761366593133E-02 trend-4.29016471607057E-02 aero 0.00000000000000E+00 level 1.45837507180576E+03 k0-2.78427007833250E+04 init-1.64686104037283E+00 IR-5.09425179363993E-01 impC 2.99687868378324E-02 mP 5.52777770871334E-03 year-5.48601554518334E-06 sumLPAP 1.29809696191975E+00 harm
KEEPDBG accept 13 cc 6.21143024030535E-01 sumModel-1.99819500192522E+02 sumForcing 1.28671149699304E+02 sumM 4.91244228533907E-02 trend-4.00430221843181E-02 aero 0.00000000000000E+00 level 1.62161479196004E+03 k0-3.38840965723527E+04 init-1.66167099412196E+00 IR-5.34334692135560E-01 impC 3.01209469831416E-02 mP 5.54871041063005E-03 year-5.48601554518334E-06 sumLPAP 1.29809696191975E+00 harm
KEEPDBG accept 3 cc 6.20337655436227E-01 sumModel-2.09834264818554E+02 sumForcing 1.33262278114152E+02 sumM 4.87710021653799E-02 trend-4.33425687424996E-02 aero 0.00000000000000E+00 level 1.61921049610185E+03 k0-3.14458405306600E+04 init-1.69578693643821E+00 IR-5.07387432916212E-01 impC 2.99357425214735E-02 mP 5.52155082611859E-03 year-5.48601554518334E-06 sumLPAP 1.29809696191975E+00 harm
KEEPDBG accept 8 cc 6.20645502441610E-01 sumModel-2.09374667266954E+02 sumForcing 1.34620377786761E+02 sumM 4.82761366593133E-02 trend-4.29016471607057E-02 aero 0.00000000000000E+00 level 1.45837507180576E+03 k0-2.78427007833250E+04 init-1.64686104037283E+00 IR-5.09425179363993E-01 impC 3.05039829161987E-02 mP 5.52777770871334E-03 year-5.48601554518334E-06 sumLPAP 1.29809696191975E+00 harm
KEEPDBG accept 9 cc 6.20347691746494E-01 sumModel-2.09705252887210E+02 sumForcing 1.33940866480687E+02 sumM 4.84999635120452E-02 trend-4.31823755631349E-02 aero 0.00000000000000E+00 level 1.45253674130199E+03 k0-2.76173237913418E+04 init-1.61272653654275E+00 IR-5.08690580612939E-01 impC 3.05567380824286E-02 mP 5.44539427592960E-03 year-5.48601554518334E-06 sumLPAP 1.29809696191975E+00 harm
KEEPDBG accept 11 cc 6.21498820453435E-01 sumModel-2.09681624513547E+02 sumForcing 1.36204937507345E+02 sumM 4.82709929393247E-02 trend-4.23754967175080E-02 aero 0.00000000000000E+00 level 1.37996291542598E+03 k0-2.59933369214410E+04 init-1.54308437451470E+00 IR-5.08571988125590E-01 impC 2.96718650363328E-02 mP 5.51492872052613E-03 year-5.48601554518334E-06 sumLPAP 1.29809696191975E+00 harm
KEEPDBG accept 16 cc 6.20138147489624E-01 sumModel-2.09897187330426E+02 sumForcing 1.34923876400230E+02 sumM 4.85940081393876E-02 trend-4.31932578518157E-02 aero 0.00000000000000E+00 level 1.45259518974259E+03 k0-2.81257128491108E+04 init-1.67514134492189E+00 IR-5.08073521944515E-01 impC 2.95504502425726E-02 mP 5.46817958570275E-03 year-5.48601554518334E-06 sumLPAP 1.29809696191975E+00 harm
KEEPDBG accept 6 cc 6.20480938301467E-01 sumModel-2.09377150414921E+02 sumForcing 1.37654860464541E+02 sumM 4.80940820353201E-02 trend-4.29862299259242E-02 aero 0.00000000000000E+00 level 1.36298024840851E+03 k0-2.54375519638232E+04 init-1.68533018659505E+00 IR-5.09892402279871E-01 impC 3.01805698578518E-02 mP 5.55517765113865E-03 year-5.48601554518334E-06 sumLPAP 1.29809696191975E+00 harm
KEEPDBG accept 3 cc 6.20368334738114E-01 sumModel-2.09874307039659E+02 sumForcing 1.31830118815821E+02 sumM 4.87710021653799E-02 trend-4.27283820512883E-02 aero 0.00000000000000E+00 level 1.62390632358961E+03 k0-3.17065102112215E+04 init-1.69578693643821E+00 IR-5.07387432916212E-01 impC 2.99357425214735E-02 mP 5.52155082611859E-03 year-5.48601554518334E-06 sumLPAP 1.29809696191975E+00 harm
KEEPDBG accept 8 cc 6.20683828084732E-01 sumModel-2.09362240530167E+02 sumForcing 1.33952905804211E+02 sumM 4.82761366593133E-02 trend-4.26135225536520E-02 aero 0.00000000000000E+00 level 1.46078643614199E+03 k0-2.79617955446505E+04 init-1.64686104037283E+00 IR-5.09425179363993E-01 impC 3.05039829161987E-02 mP 5.52777770871334E-03 year-5.48601554518334E-06 sumLPAP 1.29809696191975E+00 harm
KEEPDBG accept 14 cc 6.20217322473429E-01 sumModel-2.07895047052918E+02 sumForcing 1.45994415597035E+02 sumM 5.02223580302540E-02 trend-4.17677049135367E-02 aero 0.00000000000000E+00 level 1.61589658378589E+03 k0-2.85328712855097E+04 init-1.69554522530739E+00 IR-5.14951093018126E-01 impC 2.99569371044780E-02 mP 5.51492872052613E-03 year-5.48601554518334E-06 sumLPAP 1.29809696191975E+00 harm
KEEPDBG accept 9 cc 6.20349702246978E-01 sumModel-2.09705387054944E+02 sumForcing 1.35150000364614E+02 sumM 4.84999635120452E-02 trend-4.31808818855060E-02 aero 0.00000000000000E+00 level 1.42802354892452E+03 k0-2.68814363249085E+04 init-1.61272653654275E+00 IR-5.08690580612939E-01 impC 3.05567380824286E-02 mP 5.44539427592960E-03 year-5.48601554518334E-06 sumLPAP 1.29809696191975E+00 harm
KEEPDBG accept 5 cc 6.20609351475732E-01 sumModel-2.09243073033392E+02 sumForcing 1.33606731783213E+02 sumM 4.84476657194848E-02 trend-4.24571704836536E-02 aero 0.00000000000000E+00 level 1.41924925227633E+03 k0-2.76002489135617E+04 init-1.67039317534619E+00 IR-5.09962899006943E-01 impC 2.99924788819645E-02 mP 5.51776347014719E-03 year-5.48601554518334E-06 sumLPAP 1.29809696191975E+00 harm
KEEPDBG accept 5 cc 6.20622928488364E-01 sumModel-2.09242487455356E+02 sumForcing 1.33448847132820E+02 sumM 4.84476657194848E-02 trend-4.23920572820423E-02 aero 0.00000000000000E+00 level 1.41981989071060E+03 k0-2.76276632921751E+04 init-1.67039317534619E+00 IR-5.09962899006943E-01 impC 2.99924788819645E-02 mP 5.51776347014719E-03 year-5.48601554518334E-06 sumLPAP 1.29809696191975E+00 harm
KEEPDBG accept 2 cc 6.20022318865928E-01 sumModel-2.09745989548739E+02 sumForcing 1.34352116702537E+02 sumM 4.90108750901966E-02 trend-4.23683231293584E-02 aero 0.00000000000000E+00 level 1.49193443569639E+03 k0-2.88371579593828E+04 init-1.64890112846678E+00 IR-5.08708359306436E-01 impC 3.01034206145067E-02 mP 5.51492872052613E-03 year-5.48601554518334E-06 sumLPAP 1.29809696191975E+00 harm
KEEPDBG accept 5 cc 6.20622946714554E-01 sumModel-2.09172289141373E+02 sumForcing 1.33448847132820E+02 sumM 4.84476657194848E-02 trend-4.23920572820423E-02 aero 0.00000000000000E+00 level 1.41981989071060E+03 k0-2.76276632921751E+04 init-1.67039317534619E+00 IR-5.09962899006943E-01 impC 3.03183540597754E-02 mP 5.51776347014719E-03 year-5.48601554518334E-06 sumLPAP 1.29809696191975E+00 harm
KEEPDBG accept 6 cc 6.20480955696667E-01 sumModel-2.09377190316171E+02 sumForcing 1.37654860464541E+02 sumM 4.84293199470178E-02 trend-4.29862421182670E-02 aero 0.00000000000000E+00 level 1.42722097152301E+03 k0-2.67125200836078E+04 init-1.68533018659505E+00 IR-5.09892402279871E-01 impC 3.01805698578518E-02 mP 5.55517765113865E-03 year-5.48601554518334E-06 sumLPAP 1.29809696191975E+00 harm
KEEPDBG accept 8 cc 6.20935294698120E-01 sumModel-2.09304297808247E+02 sumForcing 1.33095596682402E+02 sumM 4.82761366593133E-02 trend-4.23371863162479E-02 aero 0.00000000000000E+00 level 1.43534149369659E+03 k0-2.76661263956207E+04 init-1.61276862211555E+00 IR-5.09425179363993E-01 impC 3.05039829161987E-02 mP 5.52777770871334E-03 year-5.48601554518334E-06 sumLPAP 1.29809696191975E+00 harm
KEEPDBG accept 5 cc 6.20708859864300E-01 sumModel-2.09195985863427E+02 sumForcing 1.33773001874662E+02 sumM 4.84476657194848E-02 trend-4.24400844575184E-02 aero 0.00000000000000E+00 level 1.42826056523113E+03 k0-2.77364061060016E+04 init-1.67039317534619E+00 IR-5.09962899006943E-01 impC 3.03183540597754E-02 mP 5.51776347014719E-03 year-5.48601554518334E-06 sumLPAP 1.29809696191975E+00 harm
KEEPDBG accept 4 cc 6.19902921016645E-01 sumModel-2.04889412347307E+02 sumForcing 1.34481980241937E+02 sumM 4.88841421118711E-02 trend-4.19076538429416E-02 aero 0.00000000000000E+00 level 1.49009846187800E+03 k0-2.92154644049097E+04 init-1.64852473553888E+00 IR-5.21302126907061E-01 impC 3.05679314365313E-02 mP 5.56424492924878E-03 year-5.48601554518334E-06 sumLPAP 1.29809696191975E+00 harm
KEEPDBG accept 15 cc 6.20748194372034E-01 sumModel-2.09758731358801E+02 sumForcing 1.36100982452534E+02 sumM 4.80128166360268E-02 trend-4.32102095896374E-02 aero 0.00000000000000E+00 level 1.34445533810473E+03 k0-2.55694416981417E+04 init-1.59909993244017E+00 IR-5.08698659045829E-01 impC 2.95467070917662E-02 mP 5.51708784057823E-03 year-5.48601554518334E-06 sumLPAP 1.29809696191975E+00 harm
KEEPDBG accept 8 cc 6.21022296028213E-01 sumModel-2.09443728811602E+02 sumForcing 1.33081282287744E+02 sumM 4.82761366593133E-02 trend-4.25516330877090E-02 aero 0.00000000000000E+00 level 1.37079086924253E+03 k0-2.65462935449690E+04 init-1.61276862211555E+00 IR-5.09425179363993E-01 impC 3.05039829161987E-02 mP 5.52777770871334E-03 year-5.48601554518334E-06 sumLPAP 1.29809696191975E+00 harm
KEEPDBG accept 14 cc 6.20275516943554E-01 sumModel-2.07901395612203E+02 sumForcing 1.46038184789741E+02 sumM 5.01865070627179E-02 trend-4.17812551295836E-02 aero 0.00000000000000E+00 level 1.62203713243694E+03 k0-2.85967987678677E+04 init-1.69554522530739E+00 IR-5.14951093018126E-01 impC 2.99569371044780E-02 mP 5.51492872052613E-03 year-5.48601554518334E-06 sumLPAP 1.29809696191975E+00 harm
KEEPDBG accept 10 cc 6.20040323618780E-01 sumModel-2.08147389267134E+02 sumForcing 1.36354974512811E+02 sumM 4.88623409871746E-02 trend-4.15789561833484E-02 aero 0.00000000000000E+00 level 1.48253088404900E+03 k0-2.80054365296622E+04 init-1.69300528460219E+00 IR-5.13214634435710E-01 impC 3.01730939476841E-02 mP 5.52013535432203E-03 year-5.48601554518334E-06 sumLPAP 1.29809696191975E+00 harm
KEEPDBG accept 15 cc 6.20792349377116E-01 sumModel-2.09838618740034E+02 sumForcing 1.36544356255415E+02 sumM 4.80128166360268E-02 trend-4.32564642292774E-02 aero 0.00000000000000E+00 level 1.35482976555018E+03 k0-2.56772448711479E+04 init-1.59909993244017E+00 IR-5.08698659045829E-01 impC 2.95467070917662E-02 mP 5.54396121876823E-03 year-5.48601554518334E-06 sumLPAP 1.29809696191975E+00 harm
KEEPDBG accept 6 cc 6.20482676163695E-01 sumModel-2.09358172411116E+02 sumForcing 1.37574040033180E+02 sumM 4.84293199470178E-02 trend-4.29720916411116E-02 aero 0.00000000000000E+00 level 1.42533722999252E+03 k0-2.66993913308254E+04 init-1.68533018659505E+00 IR-5.09892402279871E-01 impC 3.01805698578518E-02 mP 5.55517765113865E-03 year-5.48601554518334E-06 sumLPAP 1.29809696191975E+00 harm
KEEPDBG accept 4 cc 6.19950753195174E-01 sumModel-2.05105923729675E+02 sumForcing 1.35338779887764E+02 sumM 4.88841421118711E-02 trend-4.20526406827820E-02 aero 0.00000000000000E+00 level 1.51403381235632E+03 k0-2.94143511649230E+04 init-1.64852473553888E+00 IR-5.21302126907061E-01 impC 3.05679314365313E-02 mP 5.56424492924878E-03 year-5.48601554518334E-06 sumLPAP 1.29809696191975E+00 harm
KEEPDBG accept 10 cc 6.20046206580406E-01 sumModel-2.08149649663213E+02 sumForcing 1.36344467495534E+02 sumM 4.88623409871746E-02 trend-4.15745978088920E-02 aero 0.00000000000000E+00 level 1.48232980218608E+03 k0-2.80052793284875E+04 init-1.69300528460219E+00 IR-5.13214634435710E-01 impC 3.01730939476841E-02 mP 5.52013535432203E-03 year-5.48601554518334E-06 sumLPAP 1.29809696191975E+00 harm
KEEPDBG accept 5 cc 6.20709635513052E-01 sumModel-2.09196649306461E+02 sumForcing 1.35414825211924E+02 sumM 4.84476657194848E-02 trend-4.24381499463861E-02 aero 0.00000000000000E+00 level 1.39563820141682E+03 k0-2.67376102754749E+04 init-1.67039317534619E+00 IR-5.09962899006943E-01 impC 3.03183540597754E-02 mP 5.51776347014719E-03 year-5.48601554518334E-06 sumLPAP 1.29809696191975E+00 harm
KEEPDBG accept 3 cc 6.20386201795472E-01 sumModel-2.07450508049209E+02 sumForcing 1.31830118815821E+02 sumM 4.87710021653799E-02 trend-4.20851701787498E-02 aero 0.00000000000000E+00 level 1.60380739351311E+03 k0-3.15474528109674E+04 init-1.69578693643821E+00 IR-5.13609755912382E-01 impC 2.99357425214735E-02 mP 5.52155082611859E-03 year-5.48601554518334E-06 sumLPAP 1.29809696191975E+00 harm
KEEPDBG accept 5 cc 6.20709658401361E-01 sumModel-2.09196705597666E+02 sumForcing 1.35414825211924E+02 sumM 4.88969063903403E-02 trend-4.24381667944373E-02 aero 0.00000000000000E+00 level 1.48759502486112E+03 k0-2.86067900177744E+04 init-1.67039317534619E+00 IR-5.09962899006943E-01 impC 3.03183540597754E-02 mP 5.51776347014719E-03 year-5.48601554518334E-06 sumLPAP 1.29809696191975E+00 harm
KEEPDBG accept 14 cc 6.20287123777088E-01 sumModel-2.07906025885952E+02 sumForcing 1.64594888924939E+02 sumM 5.01865070627179E-02 trend-4.17717281868055E-02 aero 0.00000000000000E+00 level 1.29294531083909E+03 k0-1.99633400733973E+04 init-1.69554522530739E+00 IR-5.14951093018126E-01 impC 2.99569371044780E-02 mP 5.51492872052613E-03 year-5.48601554518334E-06 sumLPAP 1.29809696191975E+00 harm
KEEPDBG accept 7 cc 6.20190846735405E-01 sumModel-2.10014123659642E+02 sumForcing 1.37793988818253E+02 sumM 4.95785236318743E-02 trend-4.36021903241217E-02 aero 0.00000000000000E+00 level 1.60510834448630E+03 k0-2.97274476742020E+04 init-1.64879384884806E+00 IR-5.08708359306436E-01 impC 3.13655450049697E-02 mP 5.53903863129181E-03 year-5.48601554518334E-06 sumLPAP 1.29809696191975E+00 harm
KEEPDBG accept 12 cc 6.20112560013152E-01 sumModel-2.09643851476471E+02 sumForcing 1.42439409020575E+02 sumM 4.87738669821206E-02 trend-4.33255275591256E-02 aero 0.00000000000000E+00 level 1.39314498485992E+03 k0-2.51423186166072E+04 init-1.69413598882937E+00 IR-5.08700791413222E-01 impC 3.00958180385875E-02 mP 5.51496500494062E-03 year-5.48601554518334E-06 sumLPAP 1.29809696191975E+00 harm
KEEPDBG accept 6 cc 6.20482683393287E-01 sumModel-2.09358194501683E+02 sumForcing 1.37574040033180E+02 sumM 4.84371488599751E-02 trend-4.29720948265237E-02 aero 0.00000000000000E+00 level 1.42689217683590E+03 k0-2.67302681554281E+04 init-1.68533018659505E+00 IR-5.09892402279871E-01 impC 3.01805698578518E-02 mP 5.55517765113865E-03 year-5.48601554518334E-06 sumLPAP 1.29809696191975E+00 harm
KEEPDBG accept 15 cc 6.20798829861019E-01 sumModel-2.09840386757062E+02 sumForcing 1.44574212428617E+02 sumM 4.80128166360268E-02 trend-4.32474219535772E-02 aero 0.00000000000000E+00 level 1.21690321164270E+03 k0-2.16256298309964E+04 init-1.59909993244017E+00 IR-5.08698659045829E-01 impC 2.95467070917662E-02 mP 5.54396121876823E-03 year-5.48601554518334E-06 sumLPAP 1.29809696191975E+00 harm
KEEPDBG accept 6 cc 6.20485611122878E-01 sumModel-2.09469805942122E+02 sumForcing 1.35153025214117E+02 sumM 4.84371488599751E-02 trend-4.23238781398751E-02 aero 0.00000000000000E+00 level 1.35472967173662E+03 k0-2.56423106834020E+04 init-1.59180375352708E+00 IR-5.09892402279871E-01 impC 3.01805698578518E-02 mP 5.55517765113865E-03 year-5.48601554518334E-06 sumLPAP 1.29809696191975E+00 harm
KEEPDBG accept 9 cc 6.30514014276167E-01 sumModel-2.23359092340281E+02 sumForcing 1.61280179674472E+02 sumM 4.84999635120452E-02 trend-4.67366152712599E-02 aero 0.00000000000000E+00 level 2.33887303308956E+03 k0-1.47166193110353E+04 init-1.61272653654275E+00 IR-5.08690580612939E-01 impC 3.05567380824286E-02 mP 5.44539427592960E-03 year-5.48601554518334E-06 sumLPAP 1.29809696191975E+00 harm
KEEPDBG accept 7 cc 6.20192529048054E-01 sumModel-2.10014294592952E+02 sumForcing 1.40056322335882E+02 sumM 4.95785236318743E-02 trend-4.36002470037409E-02 aero 0.00000000000000E+00 level 1.55618001202436E+03 k0-2.83081562672782E+04 init-1.64879384884806E+00 IR-5.08708359306436E-01 impC 3.13655450049697E-02 mP 5.53903863129181E-03 year-5.48601554518334E-06 sumLPAP 1.29809696191975E+00 harm
KEEPDBG accept 16 cc 6.20141579556762E-01 sumModel-2.09899727584135E+02 sumForcing 1.45321218949040E+02 sumM 4.85940081393876E-02 trend-4.31839515074895E-02 aero 0.00000000000000E+00 level 1.26290340023544E+03 k0-2.25028262033566E+04 init-1.67514134492189E+00 IR-5.08073521944515E-01 impC 2.95504502425726E-02 mP 5.46817958570275E-03 year-5.48601554518334E-06 sumLPAP 1.29809696191975E+00 harm
KEEPDBG accept 4 cc 6.19954541198736E-01 sumModel-2.05068443786403E+02 sumForcing 1.35222935640397E+02 sumM 4.88841421118711E-02 trend-4.20373459754651E-02 aero 0.00000000000000E+00 level 1.51074214099351E+03 k0-2.93936342877771E+04 init-1.64852473553888E+00 IR-5.21302126907061E-01 impC 3.05679314365313E-02 mP 5.55705798167492E-03 year-5.48601554518334E-06 sumLPAP 1.29809696191975E+00 harm
KEEPDBG accept 8 cc 6.21202224630267E-01 sumModel-2.09559365580825E+02 sumForcing 1.34146696300066E+02 sumM 4.82761366593133E-02 trend-4.27064904282988E-02 aero 0.00000000000000E+00 level 1.39641741466130E+03 k0-2.68576195739265E+04 init-1.61276862211555E+00 IR-5.09425179363993E-01 impC 3.05039829161987E-02 mP 5.52777770871334E-03 year-5.48601554518334E-06 sumLPAP 1.29809696191975E+00 harm
KEEPDBG accept 12 cc 6.20122851547995E-01 sumModel-2.09645281835113E+02 sumForcing 1.51862086251754E+02 sumM 4.87738669821206E-02 trend-4.33171574435150E-02 aero 0.00000000000000E+00 level 1.23502198587932E+03 k0-2.07410569243257E+04 init-1.69413598882937E+00 IR-5.08700791413222E-01 impC 3.00958180385875E-02 mP 5.51496500494062E-03 year-5.48601554518334E-06 sumLPAP 1.29809696191975E+00 harm
KEEPDBG accept 4 cc 6.19972590967979E-01 sumModel-2.05079033665291E+02 sumForcing 1.35249566119286E+02 sumM 4.88841421118711E-02 trend-4.20727624429427E-02 aero 0.00000000000000E+00 level 1.49831040418492E+03 k0-2.91979059225129E+04 init-1.64852473553888E+00 IR-5.21302126907061E-01 impC 3.05679314365313E-02 mP 5.55705798167492E-03 year-5.48601554518334E-06 sumLPAP 1.29809696191975E+00 harm
KEEPDBG accept 14 cc 6.20300640397333E-01 sumModel-2.07911765865300E+02 sumForcing 1.94443615179990E+02 sumM 5.01865070627179E-02 trend-4.17602327696718E-02 aero 0.00000000000000E+00 level 9.48159166303866E+02 k0-1.21007388774939E+04 init-1.69554522530739E+00 IR-5.14951093018126E-01 impC 2.99569371044780E-02 mP 5.51492872052613E-03 year-5.48601554518334E-06 sumLPAP 1.29809696191975E+00 harm
KEEPDBG accept 3 cc 6.20392294144706E-01 sumModel-2.07449942441915E+02 sumForcing 1.31874281863466E+02 sumM 4.87710021653799E-02 trend-4.20909656420697E-02 aero 0.00000000000000E+00 level 1.60486231181853E+03 k0-3.15633207732147E+04 init-1.69578693643821E+00 IR-5.13609755912382E-01 impC 2.99357425214735E-02 mP 5.52155082611859E-03 year-5.48601554518334E-06 sumLPAP 1.29809696191975E+00 harm
KEEPDBG accept 6 cc 6.20485612668049E-01 sumModel-2.09466925963571E+02 sumForcing 1.35153025214117E+02 sumM 4.84371488599751E-02 trend-4.23238781398751E-02 aero 0.00000000000000E+00 level 1.35472967173662E+03 k0-2.56423106834020E+04 init-1.59180375352708E+00 IR-5.09892402279871E-01 impC 3.01939399387701E-02 mP 5.55517765113865E-03 year-5.48601554518334E-06 sumLPAP 1.29809696191975E+00 harm
KEEPDBG accept 3 cc 6.20424378530504E-01 sumModel-2.07455054973151E+02 sumForcing 1.51005546416228E+02 sumM 4.87710021653799E-02 trend-4.20713615379203E-02 aero 0.00000000000000E+00 level 1.24171679263317E+03 k0-2.10089952660189E+04 init-1.69578693643821E+00 IR-5.13609755912382E-01 impC 2.99357425214735E-02 mP 5.52155082611859E-03 year-5.48601554518334E-06 sumLPAP 1.29809696191975E+00 harm
KEEPDBG accept 4 cc 6.19974370518964E-01 sumModel-2.05079922188218E+02 sumForcing 1.39288404775593E+02 sumM 4.88841421118711E-02 trend-4.20684928653604E-02 aero 0.00000000000000E+00 level 1.41694498108996E+03 k0-2.67264416854713E+04 init-1.64852473553888E+00 IR-5.21302126907061E-01 impC 3.05679314365313E-02 mP 5.55705798167492E-03 year-5.48601554518334E-06 sumLPAP 1.29809696191975E+00 harm
KEEPDBG accept 8 cc 6.21202243602021E-01 sumModel-2.09559420885847E+02 sumForcing 1.34146696300066E+02 sumM 4.88767001006326E-02 trend-4.27065076256953E-02 aero 0.00000000000000E+00 level 1.51936280500990E+03 k0-2.93674109929941E+04 init-1.61276862211555E+00 IR-5.09425179363993E-01 impC 3.05039829161987E-02 mP 5.52777770871334E-03 year-5.48601554518334E-06 sumLPAP 1.29809696191975E+00 harm
KEEPDBG accept 10 cc 6.20267621877638E-01 sumModel-2.08165762321708E+02 sumForcing 1.36430273059478E+02 sumM 4.88623409871746E-02 trend-4.17093159337301E-02 aero 0.00000000000000E+00 level 1.41861068835481E+03 k0-2.70279624908220E+04 init-1.69300528460219E+00 IR-5.13214634435710E-01 impC 3.01730939476841E-02 mP 5.52013535432203E-03 year-5.48601554518334E-06 sumLPAP 1.29809696191975E+00 harm
KEEPDBG accept 14 cc 6.20565256522142E-01 sumModel-2.07822639385661E+02 sumForcing 1.91301239137752E+02 sumM 5.01865070627179E-02 trend-4.10793645215036E-02 aero 0.00000000000000E+00 level 9.03802293337651E+02 k0-1.17161169682340E+04 init-1.60917391391376E+00 IR-5.14951093018126E-01 impC 2.99569371044780E-02 mP 5.51492872052613E-03 year-5.48601554518334E-06 sumLPAP 1.29809696191975E+00 harm
KEEPDBG accept 11 cc 6.21564093463975E-01 sumModel-2.09663361325411E+02 sumForcing 1.36231172539035E+02 sumM 4.82491112962861E-02 trend-4.23715625881996E-02 aero 0.00000000000000E+00 level 1.38315032865532E+03 k0-2.60474625232344E+04 init-1.54308437451470E+00 IR-5.08571988125590E-01 impC 2.96718650363328E-02 mP 5.51492872052613E-03 year-5.48601554518334E-06 sumLPAP 1.29809696191975E+00 harm
KEEPDBG accept 9 cc 6.30515262286879E-01 sumModel-2.23358744746525E+02 sumForcing 1.61281010535755E+02 sumM 4.84999635120452E-02 trend-4.67363398322222E-02 aero 0.00000000000000E+00 level 2.33890620096321E+03 k0-1.47168951073969E+04 init-1.61272653654275E+00 IR-5.08690580612939E-01 impC 3.05567380824286E-02 mP 5.44539427592960E-03 year-5.48601554518334E-06 sumLPAP 1.29809696191975E+00 harm
KEEPDBG accept 2 cc 6.20031376715068E-01 sumModel-2.09753277397180E+02 sumForcing 1.34318050825592E+02 sumM 4.90108750901966E-02 trend-4.23479099460577E-02 aero 0.00000000000000E+00 level 1.49100955118472E+03 k0-2.88332881733063E+04 init-1.64890112846678E+00 IR-5.08708359306436E-01 impC 3.01034206145067E-02 mP 5.51492872052613E-03 year-5.48601554518334E-06 sumLPAP 1.29809696191975E+00 harm
KEEPDBG accept 6 cc 6.20934113573908E-01 sumModel-2.09372535997891E+02 sumForcing 1.36153406802984E+02 sumM 4.76605175978566E-02 trend-4.23017473020928E-02 aero 0.00000000000000E+00 level 1.44851585416492E+03 k0-2.68170385730355E+04 init-1.59180375352708E+00 IR-5.09892402279871E-01 impC 3.01939399387701E-02 mP 5.55517765113865E-03 year-5.48601554518334E-06 sumLPAP 1.29809696191975E+00 harm
KEEPDBG accept 1 cc 6.20536253893415E-01 sumModel-2.09271759867330E+02 sumForcing 1.32889028067557E+02 sumM 4.86597276407861E-02 trend-4.21427545473717E-02 aero 0.00000000000000E+00 level 1.54864386737895E+03 k0-3.01479186283922E+04 init-1.69276215806261E+00 IR-5.09772446835226E-01 impC 3.00806520419711E-02 mP 5.52467076278122E-03 year-5.48601554518334E-06 sumLPAP 1.29809696191975E+00 harm
KEEPDBG accept 8 cc 6.21202685413414E-01 sumModel-2.09560606420849E+02 sumForcing 1.34153162191581E+02 sumM 4.88767001006326E-02 trend-4.27075717759139E-02 aero 0.00000000000000E+00 level 1.51953255555831E+03 k0-2.93690327896555E+04 init-1.61276862211555E+00 IR-5.09425179363993E-01 impC 3.05039829161987E-02 mP 5.52777770871334E-03 year-5.48601554518334E-06 sumLPAP 1.29809696191975E+00 harm
KEEPDBG accept 2 cc 6.20031394026139E-01 sumModel-2.09753350094773E+02 sumForcing 1.34318050825592E+02 sumM 5.06046918271217E-02 trend-4.23479408468686E-02 aero 0.00000000000000E+00 level 1.90482313150900E+03 k0-3.72899428533824E+04 init-1.64890112846678E+00 IR-5.08708359306436E-01 impC 3.01034206145067E-02 mP 5.51492872052613E-03 year-5.48601554518334E-06 sumLPAP 1.29809696191975E+00 harm
KEEPDBG accept 6 cc 6.20952539308558E-01 sumModel-2.09374292297529E+02 sumForcing 1.36141710280097E+02 sumM 4.76605175978566E-02 trend-4.22966404208497E-02 aero 0.00000000000000E+00 level 1.44846632042456E+03 k0-2.68194657700890E+04 init-1.59180375352708E+00 IR-5.09892402279871E-01 impC 3.01939399387701E-02 mP 5.55517765113865E-03 year-5.48601554518334E-06 sumLPAP 1.29809696191975E+00 harm
KEEPDBG accept 12 cc 6.20138123418146E-01 sumModel-2.09647646050543E+02 sumForcing 1.68686008841225E+02 sumM 4.87738669821206E-02 trend-4.33045638287426E-02 aero 0.00000000000000E+00 level 1.01591395427663E+03 k0-1.51272600596918E+04 init-1.69413598882937E+00 IR-5.08700791413222E-01 impC 3.00958180385875E-02 mP 5.51496500494062E-03 year-5.48601554518334E-06 sumLPAP 1.29809696191975E+00 harm
KEEPDBG accept 4 cc 6.19975642919062E-01 sumModel-2.05080521968430E+02 sumForcing 1.42672168977862E+02 sumM 4.88841421118711E-02 trend-4.20650685888682E-02 aero 0.00000000000000E+00 level 1.35405119917125E+03 k0-2.48664623293032E+04 init-1.64852473553888E+00 IR-5.21302126907061E-01 impC 3.05679314365313E-02 mP 5.55705798167492E-03 year-5.48601554518334E-06 sumLPAP 1.29809696191975E+00 harm
KEEPDBG accept 7 cc 6.20718397959535E-01 sumModel-2.09833863422434E+02 sumForcing 1.40342265049310E+02 sumM 4.93462317536779E-02 trend-4.35696748101410E-02 aero 0.00000000000000E+00 level 1.59282333147428E+03 k0-2.88982973972119E+04 init-1.64879384884806E+00 IR-5.08708359306436E-01 impC 3.13655450049697E-02 mP 5.53903863129181E-03 year-5.48601554518334E-06 sumLPAP 1.29809696191975E+00 harm
KEEPDBG accept 9 cc 6.30515262501092E-01 sumModel-2.23358648337942E+02 sumForcing 1.61281010535755E+02 sumM 4.84999635120452E-02 trend-4.67363178675179E-02 aero 0.00000000000000E+00 level 2.33890511797101E+03 k0-1.47168833807113E+04 init-1.61272653654275E+00 IR-5.08690839766234E-01 impC 3.05567380824286E-02 mP 5.44539427592960E-03 year-5.48601554518334E-06 sumLPAP 1.29809696191975E+00 harm
KEEPDBG accept 9 cc 6.30515270755558E-01 sumModel-2.23358648360358E+02 sumForcing 1.61281011851695E+02 sumM 4.84999635120452E-02 trend-4.67363182860874E-02 aero 0.00000000000000E+00 level 2.33890532117180E+03 k0-1.47168880871123E+04 init-1.61272653654275E+00 IR-5.08690839766234E-01 impC 3.05567380824286E-02 mP 5.44539427592960E-03 year-5.48601554518334E-06 sumLPAP 1.29809696191975E+00 harm
KEEPDBG accept 6 cc 6.20952640371099E-01 sumModel-2.09153307673265E+02 sumForcing 1.36141710280097E+02 sumM 4.76605175978566E-02 trend-4.22966404208497E-02 aero 0.00000000000000E+00 level 1.44846632042456E+03 k0-2.68194657700890E+04 init-1.59180375352708E+00 IR-5.09892402279871E-01 impC 3.12198442138045E-02 mP 5.55517765113865E-03 year-5.48601554518334E-06 sumLPAP 1.29809696191975E+00 harm
KEEPDBG accept 14 cc 6.20580139554476E-01 sumModel-2.07833558825245E+02 sumForcing 2.62584306851585E+02 sumM 5.01865070627179E-02 trend-4.10583567589029E-02 aero 0.00000000000000E+00 level 5.15491843827181E+02 k0-4.52458251329975E+03 init-1.60917391391376E+00 IR-5.14951093018126E-01 impC 2.99569371044780E-02 mP 5.51492872052613E-03 year-5.48601554518334E-06 sumLPAP 1.29809696191975E+00 harm
KEEPDBG accept 7 cc 6.20738445293228E-01 sumModel-2.09834531492598E+02 sumForcing 1.40322519924600E+02 sumM 4.93462317536779E-02 trend-4.35572758704515E-02 aero 0.00000000000000E+00 level 1.59245987609525E+03 k0-2.89001003988021E+04 init-1.64879384884806E+00 IR-5.08708359306436E-01 impC 3.13655450049697E-02 mP 5.53903863129181E-03 year-5.48601554518334E-06 sumLPAP 1.29809696191975E+00 harm
KEEPDBG accept 2 cc 6.20036340874754E-01 sumModel-2.09757935312080E+02 sumForcing 1.34298201127021E+02 sumM 5.06046918271217E-02 trend-4.23361131426005E-02 aero 0.00000000000000E+00 level 1.90412148567882E+03 k0-3.72865276494725E+04 init-1.64890112846678E+00 IR-5.08708359306436E-01 impC 3.01034206145067E-02 mP 5.51492872052613E-03 year-5.48601554518334E-06 sumLPAP 1.29809696191975E+00 harm
KEEPDBG accept 15 cc 6.20798838058735E-01 sumModel-2.09813198841461E+02 sumForcing 1.44574212428617E+02 sumM 4.80128166360268E-02 trend-4.32474219535772E-02 aero 0.00000000000000E+00 level 1.21690321164270E+03 k0-2.16256298309964E+04 init-1.59909993244017E+00 IR-5.08698659045829E-01 impC 2.96730243223625E-02 mP 5.54396121876823E-03 year-5.48601554518334E-06 sumLPAP 1.29809696191975E+00 harm
KEEPDBG accept 13 cc 6.21143030767058E-01 sumModel-1.99819528682551E+02 sumForcing 1.28671149699304E+02 sumM 4.99352788359814E-02 trend-4.00430323285845E-02 aero 0.00000000000000E+00 level 1.83685423767973E+03 k0-3.86019138164734E+04 init-1.66167099412196E+00 IR-5.34334692135560E-01 impC 3.01209469831416E-02 mP 5.54871041063005E-03 year-5.48601554518334E-06 sumLPAP 1.29809696191975E+00 harm
KEEPDBG accept 5 cc 6.20711452494338E-01 sumModel-2.09198310963831E+02 sumForcing 1.39387799358987E+02 sumM 4.88969063903403E-02 trend-4.24336860922818E-02 aero 0.00000000000000E+00 level 1.40819887483074E+03 k0-2.62248381350482E+04 init-1.67039317534619E+00 IR-5.09962899006943E-01 impC 3.03183540597754E-02 mP 5.51776347014719E-03 year-5.48601554518334E-06 sumLPAP 1.29809696191975E+00 harm
KEEPDBG accept 11 cc 6.21570472215328E-01 sumModel-2.09412796757776E+02 sumForcing 1.36231172539035E+02 sumM 4.82491112962861E-02 trend-4.23047599681216E-02 aero 0.00000000000000E+00 level 1.38130907450858E+03 k0-2.60326330658819E+04 init-1.54308437451470E+00 IR-5.09219394141835E-01 impC 2.96718650363328E-02 mP 5.51492872052613E-03 year-5.48601554518334E-06 sumLPAP 1.29809696191975E+00 harm
KEEPDBG accept 11 cc 6.21575847493798E-01 sumModel-2.09416017482939E+02 sumForcing 1.36269720749563E+02 sumM 4.82491112962861E-02 trend-4.23078750696637E-02 aero 0.00000000000000E+00 level 1.38216377035950E+03 k0-2.60434837653016E+04 init-1.54308437451470E+00 IR-5.09219394141835E-01 impC 2.96718650363328E-02 mP 5.51718792483578E-03 year-5.48601554518334E-06 sumLPAP 1.29809696191975E+00 harm
KEEPDBG accept 10 cc 6.20267630763046E-01 sumModel-2.08165738903204E+02 sumForcing 1.36430273059478E+02 sumM 4.73947510618660E-02 trend-4.17092980486756E-02 aero 0.00000000000000E+00 level 1.16540750232402E+03 k0-2.19197473505627E+04 init-1.69300528460219E+00 IR-5.13214634435710E-01 impC 3.01730939476841E-02 mP 5.52013535432203E-03 year-5.48601554518334E-06 sumLPAP 1.29809696191975E+00 harm
KEEPDBG accept 7 cc 6.20738445810084E-01 sumModel-2.09775645222688E+02 sumForcing 1.40322519924600E+02 sumM 4.93462317536779E-02 trend-4.35572758704515E-02 aero 0.00000000000000E+00 level 1.59245987609525E+03 k0-2.89001003988021E+04 init-1.64879384884806E+00 IR-5.08708359306436E-01 impC 3.16391335742929E-02 mP 5.53903863129181E-03 year-5.48601554518334E-06 sumLPAP 1.29809696191975E+00 harm
KEEPDBG accept 9 cc 6.30515399953147E-01 sumModel-2.23358627478136E+02 sumForcing 1.61281106577289E+02 sumM 4.84999635120452E-02 trend-4.67362876819143E-02 aero 0.00000000000000E+00 level 2.33890885961525E+03 k0-1.47169074733827E+04 init-1.61272653654275E+00 IR-5.08690839766234E-01 impC 3.05567380824286E-02 mP 5.44539427592960E-03 year-5.48601554518334E-06 sumLPAP 1.29809696191975E+00 harm
KEEPDBG accept 10 cc 6.20271402144944E-01 sumModel-2.08175223480196E+02 sumForcing 1.36395239701589E+02 sumM 4.73947510618660E-02 trend-4.16901769344929E-02 aero 0.00000000000000E+00 level 1.16466571747225E+03 k0-2.19151726763756E+04 init-1.69300528460219E+00 IR-5.13214634435710E-01 impC 3.01730939476841E-02 mP 5.52013535432203E-03 year-5.48601554518334E-06 sumLPAP 1.29809696191975E+00 harm
KEEPDBG accept 8 cc 6.21203226502247E-01 sumModel-2.09560990509453E+02 sumForcing 1.34126753385357E+02 sumM 4.88767001006326E-02 trend-4.27003365790456E-02 aero 0.00000000000000E+00 level 1.51868240828289E+03 k0-2.93565637529555E+04 init-1.61175982499512E+00 IR-5.09425179363993E-01 impC 3.05039829161987E-02 mP 5.52777770871334E-03 year-5.48601554518334E-06 sumLPAP 1.29809696191975E+00 harm
KEEPDBG accept 15 cc 6.20803405688753E-01 sumModel-2.09814542205860E+02 sumForcing 1.44564904150706E+02 sumM 4.80128166360268E-02 trend-4.32409872785917E-02 aero 0.00000000000000E+00 level 1.21673534569013E+03 k0-2.16252697054250E+04 init-1.59909993244017E+00 IR-5.08698659045829E-01 impC 2.96730243223625E-02 mP 5.54396121876823E-03 year-5.48601554518334E-06 sumLPAP 1.29809696191975E+00 harm
KEEPDBG accept 6 cc 6.20984321350077E-01 sumModel-2.07032323792369E+02 sumForcing 1.36141710280097E+02 sumM 4.76605175978566E-02 trend-4.17386990384736E-02 aero 0.00000000000000E+00 level 1.43286735253435E+03 k0-2.67034685577575E+04 init-1.59180375352708E+00 IR-5.15307111509781E-01 impC 3.12198442138045E-02 mP 5.55517765113865E-03 year-5.48601554518334E-06 sumLPAP 1.29809696191975E+00 harm
KEEPDBG accept 7 cc 6.20770716419825E-01 sumModel-2.09776716289026E+02 sumForcing 1.76767294278757E+02 sumM 4.93462317536779E-02 trend-4.35367602455192E-02 aero 0.00000000000000E+00 level 1.03312118300664E+03 k0-1.44480238137914E+04 init-1.64879384884806E+00 IR-5.08708359306436E-01 impC 3.16391335742929E-02 mP 5.53903863129181E-03 year-5.48601554518334E-06 sumLPAP 1.29809696191975E+00 harm
KEEPDBG accept 4 cc 6.19981266719684E-01 sumModel-2.05083637158363E+02 sumForcing 1.42649750056887E+02 sumM 4.88841421118711E-02 trend-4.20501071096178E-02 aero 0.00000000000000E+00 level 1.35352470022203E+03 k0-2.48640031669862E+04 init-1.64852473553888E+00 IR-5.21302126907061E-01 impC 3.05679314365313E-02 mP 5.55705798167492E-03 year-5.48601554518334E-06 sumLPAP 1.29809696191975E+00 harm
KEEPDBG accept 1 cc 6.20537350641584E-01 sumModel-2.09272172299003E+02 sumForcing 1.33804281976749E+02 sumM 4.86597276407861E-02 trend-4.21419106139637E-02 aero 0.00000000000000E+00 level 1.52854267971110E+03 k0-2.95322885723940E+04 init-1.69276215806261E+00 IR-5.09772446835226E-01 impC 3.00806520419711E-02 mP 5.52467076278122E-03 year-5.48601554518334E-06 sumLPAP 1.29809696191975E+00 harm
KEEPDBG accept 2 cc 6.20037064521204E-01 sumModel-2.09758553006709E+02 sumForcing 1.37008682993765E+02 sumM 5.06046918271217E-02 trend-4.23340744737240E-02 aero 0.00000000000000E+00 level 1.83246592673815E+03 k0-3.51141291191149E+04 init-1.64890112846678E+00 IR-5.08708359306436E-01 impC 3.01034206145067E-02 mP 5.51492872052613E-03 year-5.48601554518334E-06 sumLPAP 1.29809696191975E+00 harm
KEEPDBG accept 12 cc 6.20147186341118E-01 sumModel-2.09649203606186E+02 sumForcing 1.68669573771512E+02 sumM 4.87738669821206E-02 trend-4.32969688713799E-02 aero 0.00000000000000E+00 level 1.01575549646459E+03 k0-1.51279156133256E+04 init-1.69413598882937E+00 IR-5.08700791413222E-01 impC 3.00958180385875E-02 mP 5.51496500494062E-03 year-5.48601554518334E-06 sumLPAP 1.29809696191975E+00 harm
KEEPDBG accept 5 cc 6.20759683160540E-01 sumModel-2.09196846421284E+02 sumForcing 1.38759998431008E+02 sumM 4.88969063903403E-02 trend-4.21857205797437E-02 aero 0.00000000000000E+00 level 1.41031998234595E+03 k0-2.63244414289052E+04 init-1.67039317534619E+00 IR-5.09962899006943E-01 impC 3.03183540597754E-02 mP 5.51776347014719E-03 year-5.48601554518334E-06 sumLPAP 1.29809696191975E+00 harm
KEEPDBG accept 1 cc 6.20671687976691E-01 sumModel-2.09234596980854E+02 sumForcing 1.33299440827282E+02 sumM 4.86597276407861E-02 trend-4.19617308881131E-02 aero 0.00000000000000E+00 level 1.51125056567712E+03 k0-2.93350969570338E+04 init-1.67218144182621E+00 IR-5.09772446835226E-01 impC 3.00806520419711E-02 mP 5.52467076278122E-03 year-5.48601554518334E-06 sumLPAP 1.29809696191975E+00 harm
KEEPDBG accept 8 cc 6.21206755361133E-01 sumModel-2.09562730568497E+02 sumForcing 1.34118529576576E+02 sumM 4.88767001006326E-02 trend-4.26946867004832E-02 aero 0.00000000000000E+00 level 1.51847945951253E+03 k0-2.93556296735577E+04 init-1.61175982499512E+00 IR-5.09425179363993E-01 impC 3.05039829161987E-02 mP 5.52777770871334E-03 year-5.48601554518334E-06 sumLPAP 1.29809696191975E+00 harm
KEEPDBG accept 9 cc 6.30515424367957E-01 sumModel-2.23358622884710E+02 sumForcing 1.61281119532828E+02 sumM 4.84999645094279E-02 trend-4.67362892823176E-02 aero 0.00000000000000E+00 level 2.33890899590962E+03 k0-1.47169099842393E+04 init-1.61272653654275E+00 IR-5.08690839766234E-01 impC 3.05567380824286E-02 mP 5.44539427592960E-03 year-5.48601554518334E-06 sumLPAP 1.29809696191975E+00 harm
KEEPDBG accept 4 cc 6.24570300554045E-01 sumModel-2.26166693562777E+02 sumForcing 2.44711860615438E+02 sumM 4.88841421118711E-02 trend-6.22521569434182E-02 aero 0.00000000000000E+00 level-2.20546938418539E+03 k0 2.93140981644009E+04 init-1.64852473553888E+00 IR-5.21302126907061E-01 impC 3.05679314365313E-02 mP 5.55705798167492E-03 year-5.48601554518334E-06 sumLPAP 1.29809696191975E+00 harm
KEEPDBG accept 9 cc 6.30515425494696E-01 sumModel-2.23358587077715E+02 sumForcing 1.61281119532828E+02 sumM 4.84999596758257E-02 trend-4.67362899575156E-02 aero 0.00000000000000E+00 level 2.33890769860897E+03 k0-1.47168977642012E+04 init-1.61272653654275E+00 IR-5.08690839766234E-01 impC 3.05567380824286E-02 mP 5.44539427592960E-03 year-5.48601554518334E-06 sumLPAP 1.29809696191975E+00 harm
KEEPDBG accept 4 cc 6.29068087250721E-01 sumModel-2.27581539801220E+02 sumForcing 2.43653399554051E+02 sumM 4.88841421118711E-02 trend-6.25599544513300E-02 aero 0.00000000000000E+00 level-2.03984555549434E+03 k0 2.71141272083815E+04 init-1.64852473553888E+00 IR-5.21302126907061E-01 impC 3.05679314365313E-02 mP 5.73823260169009E-03 year-5.48601554518334E-06 sumLPAP 1.29809696191975E+00 harm
KEEPDBG accept 8 cc 6.21206784451486E-01 sumModel-2.09414443470660E+02 sumForcing 1.34118529576576E+02 sumM 4.88767001006326E-02 trend-4.26946867004832E-02 aero 0.00000000000000E+00 level 1.51847945951253E+03 k0-2.93556296735577E+04 init-1.61175982499512E+00 IR-5.09425179363993E-01 impC 3.11926065649702E-02 mP 5.52777770871334E-03 year-5.48601554518334E-06 sumLPAP 1.29809696191975E+00 harm
KEEPDBG accept 3 cc 6.20666471688247E-01 sumModel-2.07478447033894E+02 sumForcing 1.51033542656669E+02 sumM 4.87710021653799E-02 trend-4.21354651967786E-02 aero 0.00000000000000E+00 level 1.22426407923173E+03 k0-2.07486518184794E+04 init-1.69578693643821E+00 IR-5.13609755912382E-01 impC 2.99357425214735E-02 mP 5.52155082611859E-03 year-5.48601554518334E-06 sumLPAP 1.29809696191975E+00 harm
KEEPDBG accept 12 cc 6.20147201975222E-01 sumModel-2.09649289711642E+02 sumForcing 1.68669573771512E+02 sumM 4.97468403829547E-02 trend-4.32969990467344E-02 aero 0.00000000000000E+00 level 1.16832781793323E+03 k0-1.75994643657951E+04 init-1.69413598882937E+00 IR-5.08700791413222E-01 impC 3.00958180385875E-02 mP 5.51496500494062E-03 year-5.48601554518334E-06 sumLPAP 1.29809696191975E+00 harm
KEEPDBG accept 2 cc 6.20037096946624E-01 sumModel-2.09758540636259E+02 sumForcing 1.37008682993765E+02 sumM 4.87872797565038E-02 trend-4.23340662253447E-02 aero 0.00000000000000E+00 level 1.39031434631371E+03 k0-2.62543024630909E+04 init-1.64890112846678E+00 IR-5.08708359306436E-01 impC 3.01034206145067E-02 mP 5.51492872052613E-03 year-5.48601554518334E-06 sumLPAP 1.29809696191975E+00 harm
KEEPDBG accept 16 cc 6.20143825133214E-01 sumModel-2.09901582672692E+02 sumForcing 1.45311163500870E+02 sumM 4.85940081393876E-02 trend-4.31777881886077E-02 aero 0.00000000000000E+00 level 1.26270872372690E+03 k0-2.25024454702335E+04 init-1.67514134492189E+00 IR-5.08073521944515E-01 impC 2.95504502425726E-02 mP 5.46817958570275E-03 year-5.48601554518334E-06 sumLPAP 1.29809696191975E+00 harm
KEEPDBG accept 4 cc 6.29071251726558E-01 sumModel-2.28315683142330E+02 sumForcing 2.43653399554051E+02 sumM 4.88841421118711E-02 trend-6.25599544513300E-02 aero 0.00000000000000E+00 level-2.03984555549434E+03 k0 2.71141272083815E+04 init-1.64852473553888E+00 IR-5.21302126907061E-01 impC 2.71851705907718E-02 mP 5.73823260169009E-03 year-5.48601554518334E-06 sumLPAP 1.29809696191975E+00 harm
KEEPDBG accept 6 cc 6.21281440168451E-01 sumModel-2.06952515111312E+02 sumForcing 1.35749702581353E+02 sumM 4.76605175978566E-02 trend-4.16088497136606E-02 aero 0.00000000000000E+00 level 1.42485443975208E+03 k0-2.66688724723820E+04 init-1.57755450988468E+00 IR-5.15307111509781E-01 impC 3.12198442138045E-02 mP 5.55517765113865E-03 year-5.48601554518334E-06 sumLPAP 1.29809696191975E+00 harm
KEEPDBG accept 8 cc 6.21218431101641E-01 sumModel-2.09420674913106E+02 sumForcing 1.52968421948966E+02 sumM 4.88767001006326E-02 trend-4.26755933577879E-02 aero 0.00000000000000E+00 level 1.18495886907997E+03 k0-1.97706765002687E+04 init-1.61175982499512E+00 IR-5.09425179363993E-01 impC 3.11926065649702E-02 mP 5.52777770871334E-03 year-5.48601554518334E-06 sumLPAP 1.29809696191975E+00 harm
KEEPDBG accept 16 cc 6.20145192558888E-01 sumModel-2.09902711293015E+02 sumForcing 1.50420583588850E+02 sumM 4.85940081393876E-02 trend-4.31739105839413E-02 aero 0.00000000000000E+00 level 1.18362264087746E+03 k0-2.02834522655327E+04 init-1.67514134492189E+00 IR-5.08073521944515E-01 impC 2.95504502425726E-02 mP 5.46817958570275E-03 year-5.48601554518334E-06 sumLPAP 1.29809696191975E+00 harm
KEEPDBG accept 2 cc 6.20183227586411E-01 sumModel-2.09733673537877E+02 sumForcing 1.37038754272276E+02 sumM 4.87570261971039E-02 trend-4.23378661267147E-02 aero 0.00000000000000E+00 level 1.39593638917608E+03 k0-2.63460521915586E+04 init-1.64890112846678E+00 IR-5.08708359306436E-01 impC 3.01034206145067E-02 mP 5.51492872052613E-03 year-5.48601554518334E-06 sumLPAP 1.29809696191975E+00 harm
KEEPDBG accept 11 cc 6.21629922170209E-01 sumModel-2.09500558532300E+02 sumForcing 1.36944518476130E+02 sumM 4.82491112962861E-02 trend-4.23699505411298E-02 aero 0.00000000000000E+00 level 1.39713931819306E+03 k0-2.62097091326176E+04 init-1.54308437451470E+00 IR-5.09219394141835E-01 impC 2.96718650363328E-02 mP 5.55669695368783E-03 year-5.48601554518334E-06 sumLPAP 1.29809696191975E+00 harm
KEEPDBG accept 9 cc 6.30515425510799E-01 sumModel-2.23358589777966E+02 sumForcing 1.61281119532828E+02 sumM 4.84999596758257E-02 trend-4.67362899575156E-02 aero 0.00000000000000E+00 level 2.33890769860897E+03 k0-1.47168977642012E+04 init-1.61272653654275E+00 IR-5.08690839766234E-01 impC 3.05567254482218E-02 mP 5.44539427592960E-03 year-5.48601554518334E-06 sumLPAP 1.29809696191975E+00 harm
KEEPDBG accept 4 cc 6.29177782944523E-01 sumModel-2.28305891797933E+02 sumForcing 2.43600275465930E+02 sumM 4.88841421118711E-02 trend-6.26358392857921E-02 aero 0.00000000000000E+00 level-2.03554173447889E+03 k0 2.70862948430203E+04 init-1.64852473553888E+00 IR-5.21302126907061E-01 impC 2.71851705907718E-02 mP 5.73823260169009E-03 year-5.48601554518334E-06 sumLPAP 1.29809696191975E+00 harm
KEEPDBG accept 8 cc 6.21220928125563E-01 sumModel-2.09422127580250E+02 sumForcing 1.52961392803103E+02 sumM 4.88767001006326E-02 trend-4.26713915102202E-02 aero 0.00000000000000E+00 level 1.18483704319927E+03 k0-1.97700808978394E+04 init-1.61175982499512E+00 IR-5.09425179363993E-01 impC 3.11926065649702E-02 mP 5.52777770871334E-03 year-5.48601554518334E-06 sumLPAP 1.29809696191975E+00 harm
KEEPDBG accept 5 cc 6.20774463260299E-01 sumModel-2.09209607635737E+02 sumForcing 1.75986235135478E+02 sumM 4.88969063903403E-02 trend-4.21541237889206E-02 aero 0.00000000000000E+00 level 9.05482995771416E+02 k0-1.28856840666396E+04 init-1.67039317534619E+00 IR-5.09962899006943E-01 impC 3.03183540597754E-02 mP 5.51776347014719E-03 year-5.48601554518334E-06 sumLPAP 1.29809696191975E+00 harm
KEEPDBG accept 7 cc 6.20925645461949E-01 sumModel-2.09966092987335E+02 sumForcing 1.76588533092513E+02 sumM 4.93462317536779E-02 trend-4.37620192150253E-02 aero 0.00000000000000E+00 level 9.91314641951883E+02 k0-1.38842308146085E+04 init-1.64879384884806E+00 IR-5.08708359306436E-01 impC 3.16391335742929E-02 mP 5.53903863129181E-03 year-5.48601554518334E-06 sumLPAP 1.29809696191975E+00 harm
KEEPDBG accept 3 cc 6.20780913517024E-01 sumModel-2.07619064953914E+02 sumForcing 1.49861094125749E+02 sumM 4.87710021653799E-02 trend-4.18565422635821E-02 aero 0.00000000000000E+00 level 1.19844202459317E+03 k0-2.03468408045143E+04 init-1.65515334960070E+00 IR-5.13609755912382E-01 impC 2.99357425214735E-02 mP 5.52155082611859E-03 year-5.48601554518334E-06 sumLPAP 1.29809696191975E+00 harm
KEEPDBG accept 6 cc 6.21993561596563E-01 sumModel-2.06668807306880E+02 sumForcing 1.38644872047079E+02 sumM 4.79311194618545E-02 trend-4.19681149730447E-02 aero 0.00000000000000E+00 level 1.40073908713923E+03 k0-2.65768800493363E+04 init-1.57755450988468E+00 IR-5.15307111509781E-01 impC 3.12198442138045E-02 mP 5.55517765113865E-03 year-5.48601554518334E-06 sumLPAP 1.29809696191975E+00 harm
KEEPDBG accept 8 cc 6.21225012530170E-01 sumModel-2.09433482017964E+02 sumForcing 1.53032304222303E+02 sumM 4.88767001006326E-02 trend-4.26817085747216E-02 aero 0.00000000000000E+00 level 1.18610548074521E+03 k0-1.97807376120992E+04 init-1.61175982499512E+00 IR-5.09425179363993E-01 impC 3.11926065649702E-02 mP 5.52777770871334E-03 year-5.48601554518334E-06 sumLPAP 1.29809696191975E+00 harm
KEEPDBG accept 4 cc 6.31325563240246E-01 sumModel-2.61664954044682E+02 sumForcing 2.43600275465930E+02 sumM 4.88841421118711E-02 trend-7.42584224880789E-02 aero 0.00000000000000E+00 level-1.94627256961162E+03 k0 2.97973320670748E+04 init-1.64852473553888E+00 IR-4.25343161518614E-01 impC 2.71851705907718E-02 mP 5.73823260169009E-03 year-5.48601554518334E-06 sumLPAP 1.29809696191975E+00 harm
KEEPDBG accept 13 cc 6.21155807212605E-01 sumModel-1.99832535658081E+02 sumForcing 1.64091265601183E+02 sumM 4.99352788359814E-02 trend-4.00119716519809E-02 aero 0.00000000000000E+00 level 1.15685731939849E+03 k0-1.85865711366526E+04 init-1.66167099412196E+00 IR-5.34334692135560E-01 impC 3.01209469831416E-02 mP 5.54871041063005E-03 year-5.48601554518334E-06 sumLPAP 1.29809696191975E+00 harm
KEEPDBG accept 14 cc 6.20631929441155E-01 sumModel-2.04642352983313E+02 sumForcing 2.62584306851585E+02 sumM 5.01865070627179E-02 trend-4.02296284712931E-02 aero 0.00000000000000E+00 level 5.06774657153167E+02 k0-4.49387563540483E+03 init-1.60917391391376E+00 IR-5.23023186565323E-01 impC 2.99569371044780E-02 mP 5.51492872052613E-03 year-5.48601554518334E-06 sumLPAP 1.29809696191975E+00 harm
KEEPDBG accept 9 cc 6.30515671261026E-01 sumModel-2.23358514712128E+02 sumForcing 1.61281192685075E+02 sumM 4.84999596758257E-02 trend-4.67362309594736E-02 aero 0.00000000000000E+00 level 2.33891275366707E+03 k0-1.47169968689086E+04 init-1.61273378012032E+00 IR-5.08690839766234E-01 impC 3.05567254482218E-02 mP 5.44539427592960E-03 year-5.48601554518334E-06 sumLPAP 1.29809696191975E+00 harm
KEEPDBG accept 13 cc 6.21155837758497E-01 sumModel-1.99596769107812E+02 sumForcing 1.64091265601183E+02 sumM 4.99352788359814E-02 trend-4.00119716519809E-02 aero 0.00000000000000E+00 level 1.15685731939849E+03 k0-1.85865711366526E+04 init-1.66167099412196E+00 IR-5.34334692135560E-01 impC 3.11981188089352E-02 mP 5.54871041063005E-03 year-5.48601554518334E-06 sumLPAP 1.29809696191975E+00 harm
KEEPDBG accept 4 cc 6.31326021483476E-01 sumModel-2.61664987176888E+02 sumForcing 2.43600129407510E+02 sumM 4.88840833499704E-02 trend-7.42584220386109E-02 aero 0.00000000000000E+00 level-1.94623232158841E+03 k0 2.97969555283731E+04 init-1.64852473553888E+00 IR-4.25343161518614E-01 impC 2.71851705907718E-02 mP 5.73823260169009E-03 year-5.48601554518334E-06 sumLPAP 1.29809696191975E+00 harm
KEEPDBG accept 4 cc 6.31326102900742E-01 sumModel-2.61664968329516E+02 sumForcing 2.43602092495386E+02 sumM 4.88841387061831E-02 trend-7.42584605767666E-02 aero 0.00000000000000E+00 level-1.94632659340409E+03 k0 2.97975776879422E+04 init-1.64852473553888E+00 IR-4.25343161518614E-01 impC 2.71851705907718E-02 mP 5.73823260169009E-03 year-5.48601554518334E-06 sumLPAP 1.29809696191975E+00 harm
KEEPDBG accept 11 cc 6.21685210466745E-01 sumModel-2.09495099899764E+02 sumForcing 1.36080798227628E+02 sumM 4.82491112962861E-02 trend-4.20058455582476E-02 aero 0.00000000000000E+00 level 1.39979658567322E+03 k0-2.63434458412600E+04 init-1.54308437451470E+00 IR-5.09219394141835E-01 impC 2.96718650363328E-02 mP 5.55669695368783E-03 year-5.48601554518334E-06 sumLPAP 1.29809696191975E+00 harm
KEEPDBG accept 4 cc 6.31326119439921E-01 sumModel-2.61665136207789E+02 sumForcing 2.43602089762667E+02 sumM 4.88841387061831E-02 trend-7.42584280743230E-02 aero 0.00000000000000E+00 level-1.94629990684519E+03 k0 2.97973003438454E+04 init-1.64852473553888E+00 IR-4.25343161518614E-01 impC 2.71851705907718E-02 mP 5.73823260169009E-03 year-5.48601554518334E-06 sumLPAP 1.29809696191975E+00 harm
KEEPDBG accept 14 cc 6.20637664828405E-01 sumModel-2.04647343554917E+02 sumForcing 2.62551027197487E+02 sumM 5.01865070627179E-02 trend-4.02211121719425E-02 aero 0.00000000000000E+00 level 5.06621436757574E+02 k0-4.49328695523803E+03 init-1.60917391391376E+00 IR-5.23023186565323E-01 impC 2.99569371044780E-02 mP 5.51492872052613E-03 year-5.48601554518334E-06 sumLPAP 1.29809696191975E+00 harm
KEEPDBG accept 4 cc 6.31326127842282E-01 sumModel-2.61664951608004E+02 sumForcing 2.43602153774726E+02 sumM 4.88841387061831E-02 trend-7.42584421097961E-02 aero 0.00000000000000E+00 level-1.94631073087569E+03 k0 2.97973982805638E+04 init-1.64852473553888E+00 IR-4.25343161518614E-01 impC 2.71851705907718E-02 mP 5.73823260169009E-03 year-5.48601554518334E-06 sumLPAP 1.29809696191975E+00 harm
KEEPDBG accept 4 cc 6.31326139765709E-01 sumModel-2.61665046317027E+02 sumForcing 2.43602726658381E+02 sumM 4.88841387061831E-02 trend-7.42584385103978E-02 aero 0.00000000000000E+00 level-1.94629807215920E+03 k0 2.97971656334310E+04 init-1.64852473553888E+00 IR-4.25343161518614E-01 impC 2.71851705907718E-02 mP 5.73823260169009E-03 year-5.48601554518334E-06 sumLPAP 1.29809696191975E+00 harm
KEEPDBG accept 9 cc 6.30518210418973E-01 sumModel-2.23360146246084E+02 sumForcing 1.61286089942835E+02 sumM 4.84999596758257E-02 trend-4.67379098374153E-02 aero 0.00000000000000E+00 level 2.33879358968434E+03 k0-1.47139269159077E+04 init-1.61273378012032E+00 IR-5.08690839766234E-01 impC 3.05567254482218E-02 mP 5.44539427592960E-03 year-5.48601554518334E-06 sumLPAP 1.29809696191975E+00 harm
KEEPDBG accept 1 cc 6.20671689852885E-01 sumModel-2.09212477959439E+02 sumForcing 1.33299440827282E+02 sumM 4.86597276407861E-02 trend-4.19617308881131E-02 aero 0.00000000000000E+00 level 1.51125056567712E+03 k0-2.93350969570338E+04 init-1.67218144182621E+00 IR-5.09772446835226E-01 impC 3.01833460338013E-02 mP 5.52467076278122E-03 year-5.48601554518334E-06 sumLPAP 1.29809696191975E+00 harm
KEEPDBG accept 4 cc 6.31328374804310E-01 sumModel-2.61664918336042E+02 sumForcing 2.43603073173274E+02 sumM 4.88841387061831E-02 trend-7.42584774673424E-02 aero 0.00000000000000E+00 level-1.94626041918386E+03 k0 2.97968858844639E+04 init-1.64852473553888E+00 IR-4.25343161518614E-01 impC 2.71851705907718E-02 mP 5.73823260169009E-03 year-5.48601554518334E-06 sumLPAP 1.29809696191975E+00 harm
KEEPDBG accept 12 cc 6.20234294387191E-01 sumModel-2.09850725803176E+02 sumForcing 1.64738852395144E+02 sumM 4.97468403829547E-02 trend-4.24289674637424E-02 aero 0.00000000000000E+00 level 1.09168819417077E+03 k0-1.66373146866788E+04 init-1.56853260535368E+00 IR-5.08700791413222E-01 impC 3.00958180385875E-02 mP 5.51496500494062E-03 year-5.48601554518334E-06 sumLPAP 1.29809696191975E+00 harm
KEEPDBG accept 2 cc 6.20190167921265E-01 sumModel-2.09739125997864E+02 sumForcing 1.60991246038846E+02 sumM 4.87570261971039E-02 trend-4.23231985782296E-02 aero 0.00000000000000E+00 level 1.03269381962392E+03 k0-1.62386622259343E+04 init-1.64890112846678E+00 IR-5.08708359306436E-01 impC 3.01034206145067E-02 mP 5.51492872052613E-03 year-5.48601554518334E-06 sumLPAP 1.29809696191975E+00 harm
KEEPDBG accept 4 cc 6.31328387745731E-01 sumModel-2.61665103037235E+02 sumForcing 2.43603072834530E+02 sumM 4.88841387061831E-02 trend-7.42584793251811E-02 aero 0.00000000000000E+00 level-1.94626087131257E+03 k0 2.97968995303038E+04 init-1.64852473553888E+00 IR-4.25343161518614E-01 impC 2.71851705907718E-02 mP 5.73823260169009E-03 year-5.48601554518334E-06 sumLPAP 1.29809696191975E+00 harm
KEEPDBG accept 14 cc 6.20640254513363E-01 sumModel-2.04625427587029E+02 sumForcing 2.62551834630994E+02 sumM 5.01865070627179E-02 trend-4.01906019767208E-02 aero 0.00000000000000E+00 level 5.09867145599124E+02 k0-4.52244817656166E+03 init-1.60917391391376E+00 IR-5.23023186565323E-01 impC 2.99569371044780E-02 mP 5.51492872052613E-03 year-5.48601554518334E-06 sumLPAP 1.29809696191975E+00 harm
KEEPDBG accept 16 cc 6.20145194884274E-01 sumModel-2.09902735310615E+02 sumForcing 1.50420583588850E+02 sumM 4.91503502605112E-02 trend-4.31739223424663E-02 aero 0.00000000000000E+00 level 1.27941238533801E+03 k0-2.20466242958043E+04 init-1.67514134492189E+00 IR-5.08073521944515E-01 impC 2.95504502425726E-02 mP 5.46817958570275E-03 year-5.48601554518334E-06 sumLPAP 1.29809696191975E+00 harm
KEEPDBG accept 9 cc 6.30682660965529E-01 sumModel-2.23291886201979E+02 sumForcing 1.61434385674876E+02 sumM 4.84508028639690E-02 trend-4.66552874529882E-02 aero 0.00000000000000E+00 level 2.34927381490128E+03 k0-1.47661836358032E+04 init-1.61273378012032E+00 IR-5.08690839766234E-01 impC 3.05567254482218E-02 mP 5.44539427592960E-03 year-5.48601554518334E-06 sumLPAP 1.29809696191975E+00 harm
KEEPDBG accept 7 cc 6.20925650310960E-01 sumModel-2.09889138907260E+02 sumForcing 1.76588533092513E+02 sumM 4.93462317536779E-02 trend-4.37620192150253E-02 aero 0.00000000000000E+00 level 9.91314641951883E+02 k0-1.38842308146085E+04 init-1.64879384884806E+00 IR-5.08708359306436E-01 impC 3.19966660976378E-02 mP 5.53903863129181E-03 year-5.48601554518334E-06 sumLPAP 1.29809696191975E+00 harm
KEEPDBG accept 4 cc 6.31330135703660E-01 sumModel-2.61665177855437E+02 sumForcing 2.43602500430542E+02 sumM 4.88839083973791E-02 trend-7.42585943500281E-02 aero 0.00000000000000E+00 level-1.94619975399024E+03 k0 2.97964563459255E+04 init-1.64852473553888E+00 IR-4.25343161518614E-01 impC 2.71851705907718E-02 mP 5.73823260169009E-03 year-5.48601554518334E-06 sumLPAP 1.29809696191975E+00 harm
KEEPDBG accept 5 cc 6.20774475618981E-01 sumModel-2.09209662550494E+02 sumForcing 1.75986235135478E+02 sumM 4.96435221574009E-02 trend-4.21541477112866E-02 aero 0.00000000000000E+00 level 1.00854872284414E+03 k0-1.44939967510804E+04 init-1.67039317534619E+00 IR-5.09962899006943E-01 impC 3.03183540597754E-02 mP 5.51776347014719E-03 year-5.48601554518334E-06 sumLPAP 1.29809696191975E+00 harm
KEEPDBG accept 4 cc 6.31330136133620E-01 sumModel-2.61665225394334E+02 sumForcing 2.43602500430542E+02 sumM 4.88839083973791E-02 trend-7.42586128230023E-02 aero 0.00000000000000E+00 level-1.94619961206667E+03 k0 2.97964606544544E+04 init-1.64852473553888E+00 IR-4.25343009001893E-01 impC 2.71851705907718E-02 mP 5.73823260169009E-03 year-5.48601554518334E-06 sumLPAP 1.29809696191975E+00 harm
KEEPDBG accept 13 cc 6.21179889174892E-01 sumModel-2.07092270090416E+02 sumForcing 1.64091265601183E+02 sumM 4.99352788359814E-02 trend-4.19583326180718E-02 aero 0.00000000000000E+00 level 1.20436151635495E+03 k0-1.88962989082311E+04 init-1.66167099412196E+00 IR-5.15586292638069E-01 impC 3.11981188089352E-02 mP 5.54871041063005E-03 year-5.48601554518334E-06 sumLPAP 1.29809696191975E+00 harm
KEEPDBG accept 9 cc 6.31027239734243E-01 sumModel-2.23256046349099E+02 sumForcing 1.61718140116167E+02 sumM 4.84508028639690E-02 trend-4.66554336035687E-02 aero 0.00000000000000E+00 level 2.35057815746828E+03 k0-1.47526581183965E+04 init-1.61273378012032E+00 IR-5.08690839766234E-01 impC 3.05567254482218E-02 mP 5.44539427592960E-03 year-5.48601554518334E-06 sumLPAP 1.29809696191975E+00 harm
KEEPDBG accept 1 cc 6.20734720803199E-01 sumModel-2.09200295081354E+02 sumForcing 1.32876365225043E+02 sumM 4.86597276407861E-02 trend-4.18198857302097E-02 aero 0.00000000000000E+00 level 1.49671534431872E+03 k0-2.91498554097508E+04 init-1.65518027097150E+00 IR-5.09772446835226E-01 impC 3.01833460338013E-02 mP 5.52467076278122E-03 year-5.48601554518334E-06 sumLPAP 1.29809696191975E+00 harm
KEEPDBG accept 3 cc 6.20821163160610E-01 sumModel-2.07629893156613E+02 sumForcing 1.49789525862195E+02 sumM 4.87710021653799E-02 trend-4.18183995700259E-02 aero 0.00000000000000E+00 level 1.19728830581524E+03 k0-2.03484987852083E+04 init-1.65515334960070E+00 IR-5.13609755912382E-01 impC 2.99357425214735E-02 mP 5.52155082611859E-03 year-5.48601554518334E-06 sumLPAP 1.29809696191975E+00 harm
KEEPDBG accept 9 cc 6.31077383238159E-01 sumModel-2.23240878968097E+02 sumForcing 1.61746901077658E+02 sumM 4.84508028639690E-02 trend-4.66493821484788E-02 aero 0.00000000000000E+00 level 2.35082265015811E+03 k0-1.47665829855742E+04 init-1.61273378012032E+00 IR-5.08690839766234E-01 impC 3.05567254482218E-02 mP 5.44539427592960E-03 year-5.48601554518334E-06 sumLPAP 1.29809696191975E+00 harm
KEEPDBG accept 4 cc 6.31330327386916E-01 sumModel-2.61665224404122E+02 sumForcing 2.43602325608974E+02 sumM 4.88839083973791E-02 trend-7.42586208448833E-02 aero 0.00000000000000E+00 level-1.94620456396641E+03 k0 2.97965860740884E+04 init-1.64852473553888E+00 IR-4.25343009001893E-01 impC 2.71851705907718E-02 mP 5.73823260169009E-03 year-5.48601554518334E-06 sumLPAP 1.29809696191975E+00 harm
KEEPDBG accept 11 cc 6.21700726389576E-01 sumModel-2.09498338236985E+02 sumForcing 1.36064294445457E+02 sumM 4.82491112962861E-02 trend-4.19964656380435E-02 aero 0.00000000000000E+00 level 1.39952423587940E+03 k0-2.63435543960185E+04 init-1.54308437451470E+00 IR-5.09219394141835E-01 impC 2.96718650363328E-02 mP 5.55669695368783E-03 year-5.48601554518334E-06 sumLPAP 1.29809696191975E+00 harm
KEEPDBG accept 6 cc 6.21993579586793E-01 sumModel-2.06901526564910E+02 sumForcing 1.38644872047079E+02 sumM 4.79311194618545E-02 trend-4.19681149730447E-02 aero 0.00000000000000E+00 level 1.40073908713923E+03 k0-2.65768800493363E+04 init-1.57755450988468E+00 IR-5.15307111509781E-01 impC 3.01433055086041E-02 mP 5.55517765113865E-03 year-5.48601554518334E-06 sumLPAP 1.29809696191975E+00 harm
KEEPDBG accept 9 cc 6.31078448576633E-01 sumModel-2.23240573899129E+02 sumForcing 1.61747493904300E+02 sumM 4.84508028639690E-02 trend-4.66492553802056E-02 aero 0.00000000000000E+00 level 2.35082837717318E+03 k0-1.47668998111034E+04 init-1.61273378012032E+00 IR-5.08690839766234E-01 impC 3.05567254482218E-02 mP 5.44539427592960E-03 year-5.48601554518334E-06 sumLPAP 1.29809696191975E+00 harm
KEEPDBG accept 4 cc 6.31330410493555E-01 sumModel-2.61665195309280E+02 sumForcing 2.43602369888204E+02 sumM 4.88839083973791E-02 trend-7.42585919117961E-02 aero 0.00000000000000E+00 level-1.94618356184963E+03 k0 2.97963572888654E+04 init-1.64852557544469E+00 IR-4.25343009001893E-01 impC 2.71851705907718E-02 mP 5.73823260169009E-03 year-5.48601554518334E-06 sumLPAP 1.29809696191975E+00 harm
KEEPDBG accept 10 cc 6.20271426863871E-01 sumModel-2.07907771193015E+02 sumForcing 1.36395239701589E+02 sumM 4.73947510618660E-02 trend-4.16901769344929E-02 aero 0.00000000000000E+00 level 1.16466571747225E+03 k0-2.19151726763756E+04 init-1.69300528460219E+00 IR-5.13214634435710E-01 impC 3.14120074668809E-02 mP 5.52013535432203E-03 year-5.48601554518334E-06 sumLPAP 1.29809696191975E+00 harm
KEEPDBG accept 1 cc 6.20738856331135E-01 sumModel-2.09203946739300E+02 sumForcing 1.32902041495056E+02 sumM 4.86597276407861E-02 trend-4.18245039132732E-02 aero 0.00000000000000E+00 level 1.49741511615081E+03 k0-2.91564944311273E+04 init-1.65518027097150E+00 IR-5.09772446835226E-01 impC 3.01833460338013E-02 mP 5.52467076278122E-03 year-5.48601554518334E-06 sumLPAP 1.29809696191975E+00 harm
KEEPDBG accept 7 cc 6.20925661540383E-01 sumModel-2.09889162644128E+02 sumForcing 1.76588533092513E+02 sumM 4.96196450099499E-02 trend-4.37620281083830E-02 aero 0.00000000000000E+00 level 1.03275691136234E+03 k0-1.45175549535479E+04 init-1.64879384884806E+00 IR-5.08708359306436E-01 impC 3.19966660976378E-02 mP 5.53903863129181E-03 year-5.48601554518334E-06 sumLPAP 1.29809696191975E+00 harm
KEEPDBG accept 4 cc 6.31330728265025E-01 sumModel-2.61665223242802E+02 sumForcing 2.43602103713079E+02 sumM 4.88839083973791E-02 trend-7.42585657625745E-02 aero 0.00000000000000E+00 level-1.94615925959028E+03 k0 2.97962154346722E+04 init-1.64852557544469E+00 IR-4.25343009001893E-01 impC 2.71851705907718E-02 mP 5.73823260169009E-03 year-5.48601554518334E-06 sumLPAP 1.29809696191975E+00 harm
KEEPDBG accept 15 cc 6.20807047334993E-01 sumModel-2.09815593544369E+02 sumForcing 1.49924270874036E+02 sumM 4.80128166360268E-02 trend-4.32357233243070E-02 aero 0.00000000000000E+00 level 1.13680116103341E+03 k0-1.93846962627578E+04 init-1.59909993244017E+00 IR-5.08698659045829E-01 impC 2.96730243223625E-02 mP 5.54396121876823E-03 year-5.48601554518334E-06 sumLPAP 1.29809696191975E+00 harm
KEEPDBG accept 9 cc 6.31078567222339E-01 sumModel-2.23260437355265E+02 sumForcing 1.61747493904300E+02 sumM 4.84508028639690E-02 trend-4.66492553802056E-02 aero 0.00000000000000E+00 level 2.35082837717318E+03 k0-1.47668998111034E+04 init-1.61273378012032E+00 IR-5.08690839766234E-01 impC 3.04637863059655E-02 mP 5.44539427592960E-03 year-5.48601554518334E-06 sumLPAP 1.29809696191975E+00 harm
KEEPDBG accept 9 cc 6.31079240557151E-01 sumModel-2.22956359574184E+02 sumForcing 1.61747493904300E+02 sumM 4.84508028639690E-02 trend-4.65801072447690E-02 aero 0.00000000000000E+00 level 2.34739442597167E+03 k0-1.47297948120522E+04 init-1.61273378012032E+00 IR-5.09507277686423E-01 impC 3.04637863059655E-02 mP 5.44539427592960E-03 year-5.48601554518334E-06 sumLPAP 1.29809696191975E+00 harm
KEEPDBG accept 4 cc 6.31330778873424E-01 sumModel-2.61665169252492E+02 sumForcing 2.43602305188661E+02 sumM 4.88839083973791E-02 trend-7.42585886744536E-02 aero 0.00000000000000E+00 level-1.94617596051536E+03 k0 2.97963485534375E+04 init-1.64852557544469E+00 IR-4.25343009001893E-01 impC 2.71851705907718E-02 mP 5.73823260169009E-03 year-5.48601554518334E-06 sumLPAP 1.29809696191975E+00 harm
KEEPDBG accept 14 cc 6.20661661045247E-01 sumModel-2.04641655063278E+02 sumForcing 2.62442585497730E+02 sumM 5.01865070627179E-02 trend-4.01637512089811E-02 aero 0.00000000000000E+00 level 5.09380795984847E+02 k0-4.52068195072702E+03 init-1.60917391391376E+00 IR-5.23023186565323E-01 impC 2.99569371044780E-02 mP 5.51492872052613E-03 year-5.48601554518334E-06 sumLPAP 1.29809696191975E+00 harm
KEEPDBG accept 4 cc 6.31331272627334E-01 sumModel-2.61665100315893E+02 sumForcing 2.43602378373826E+02 sumM 4.88839083973791E-02 trend-7.42586005521668E-02 aero 0.00000000000000E+00 level-1.94617017165632E+03 k0 2.97963283313978E+04 init-1.64852557544469E+00 IR-4.25343009001893E-01 impC 2.71851705907718E-02 mP 5.73823260169009E-03 year-5.48601554518334E-06 sumLPAP 1.29809696191975E+00 harm
KEEPDBG accept 11 cc 6.21706936065593E-01 sumModel-2.09499544570434E+02 sumForcing 1.36063353943937E+02 sumM 4.82491112962861E-02 trend-4.20004988711459E-02 aero 0.00000000000000E+00 level 1.39848281559266E+03 k0-2.63266729639506E+04 init-1.54308437451470E+00 IR-5.09219394141835E-01 impC 2.96718650363328E-02 mP 5.55669695368783E-03 year-5.48601554518334E-06 sumLPAP 1.29809696191975E+00 harm
KEEPDBG accept 1 cc 6.20742722590100E-01 sumModel-2.09205545060294E+02 sumForcing 1.32895190188510E+02 sumM 4.86597276407861E-02 trend-4.18210500797871E-02 aero 0.00000000000000E+00 level 1.49727288892046E+03 k0-2.91563467379872E+04 init-1.65518027097150E+00 IR-5.09772446835226E-01 impC 3.01833460338013E-02 mP 5.52467076278122E-03 year-5.48601554518334E-06 sumLPAP 1.29809696191975E+00 harm
KEEPDBG accept 12 cc 6.20748453746660E-01 sumModel-2.10464990213248E+02 sumForcing 1.69389017936331E+02 sumM 4.97468403829547E-02 trend-4.27829189370769E-02 aero 0.00000000000000E+00 level 1.16472335530001E+03 k0-1.72425960899420E+04 init-1.56853260535368E+00 IR-5.08700791413222E-01 impC 3.00958180385875E-02 mP 5.73782747064630E-03 year-5.48601554518334E-06 sumLPAP 1.29809696191975E+00 harm
KEEPDBG accept 16 cc 6.20150469806156E-01 sumModel-2.09907397141706E+02 sumForcing 1.76302204647419E+02 sumM 4.91503502605112E-02 trend-4.31577004291955E-02 aero 0.00000000000000E+00 level 9.52843064587464E+02 k0-1.36845063347405E+04 init-1.67514134492189E+00 IR-5.08073521944515E-01 impC 2.95504502425726E-02 mP 5.46817958570275E-03 year-5.48601554518334E-06 sumLPAP 1.29809696191975E+00 harm
KEEPDBG accept 9 cc 6.31298636513333E-01 sumModel-2.22869969894113E+02 sumForcing 1.61815724665196E+02 sumM 4.84508028639690E-02 trend-4.65262452424832E-02 aero 0.00000000000000E+00 level 2.35242522738794E+03 k0-1.48220827530309E+04 init-1.61937876601502E+00 IR-5.09507277686423E-01 impC 3.04637863059655E-02 mP 5.44539427592960E-03 year-5.48601554518334E-06 sumLPAP 1.29809696191975E+00 harm
KEEPDBG accept 1 cc 6.20742746126161E-01 sumModel-2.09205565083117E+02 sumForcing 1.32895190188510E+02 sumM 4.82187987731024E-02 trend-4.18210551994068E-02 aero 0.00000000000000E+00 level 1.40822328170002E+03 k0-2.73255378368379E+04 init-1.65518027097150E+00 IR-5.09772446835226E-01 impC 3.01833460338013E-02 mP 5.52467076278122E-03 year-5.48601554518334E-06 sumLPAP 1.29809696191975E+00 harm
KEEPDBG accept 4 cc 6.31331293176793E-01 sumModel-2.61665006874789E+02 sumForcing 2.43602448655984E+02 sumM 4.88839083973791E-02 trend-7.42586336506219E-02 aero 0.00000000000000E+00 level-1.94619602213294E+03 k0 2.97965964612494E+04 init-1.64852557544469E+00 IR-4.25343009001893E-01 impC 2.71851705907718E-02 mP 5.73823260169009E-03 year-5.48601554518334E-06 sumLPAP 1.29809696191975E+00 harm
KEEPDBG accept 4 cc 6.31331683090313E-01 sumModel-2.61665030309377E+02 sumForcing 2.43602653476662E+02 sumM 4.88839083973791E-02 trend-7.42585822037000E-02 aero 0.00000000000000E+00 level-1.94616506562732E+03 k0 2.97962729827521E+04 init-1.64852946054047E+00 IR-4.25343009001893E-01 impC 2.71851705907718E-02 mP 5.73823260169009E-03 year-5.48601554518334E-06 sumLPAP 1.29809696191975E+00 harm
KEEPDBG accept 7 cc 6.20925696033904E-01 sumModel-2.09889228801804E+02 sumForcing 1.76588533092513E+02 sumM 5.04403761011683E-02 trend-4.37620527279675E-02 aero 0.00000000000000E+00 level 1.17573084395749E+03 k0-1.67024968760664E+04 init-1.64879384884806E+00 IR-5.08708359306436E-01 impC 3.19966660976378E-02 mP 5.53903863129181E-03 year-5.48601554518334E-06 sumLPAP 1.29809696191975E+00 harm
KEEPDBG accept 16 cc 6.20150984387251E-01 sumModel-2.09907931004795E+02 sumForcing 1.76299135702841E+02 sumM 4.91503502605112E-02 trend-4.31561615307181E-02 aero 0.00000000000000E+00 level 9.52804935056599E+02 k0-1.36844087773204E+04 init-1.67514134492189E+00 IR-5.08073521944515E-01 impC 2.95504502425726E-02 mP 5.46817958570275E-03 year-5.48601554518334E-06 sumLPAP 1.29809696191975E+00 harm
KEEPDBG accept 8 cc 6.21225013148357E-01 sumModel-2.09243241429269E+02 sumForcing 1.53032304222303E+02 sumM 4.88767001006326E-02 trend-4.26817085747216E-02 aero 0.00000000000000E+00 level 1.18610548074521E+03 k0-1.97807376120992E+04 init-1.61175982499512E+00 IR-5.09425179363993E-01 impC 3.20760561046990E-02 mP 5.52777770871334E-03 year-5.48601554518334E-06 sumLPAP 1.29809696191975E+00 harm
KEEPDBG accept 3 cc 6.20821193309393E-01 sumModel-2.07321459331174E+02 sumForcing 1.49789525862195E+02 sumM 4.87710021653799E-02 trend-4.18183995700259E-02 aero 0.00000000000000E+00 level 1.19728830581524E+03 k0-2.03484987852083E+04 init-1.65515334960070E+00 IR-5.13609755912382E-01 impC 3.13641227029752E-02 mP 5.52155082611859E-03 year-5.48601554518334E-06 sumLPAP 1.29809696191975E+00 harm
KEEPDBG accept 14 cc 6.20662948919174E-01 sumModel-2.04642708669706E+02 sumForcing 2.62435610658940E+02 sumM 5.01865070627179E-02 trend-4.01620411864887E-02 aero 0.00000000000000E+00 level 5.09349538937303E+02 k0-4.52056595109118E+03 init-1.60917391391376E+00 IR-5.23023186565323E-01 impC 2.99569371044780E-02 mP 5.51492872052613E-03 year-5.48601554518334E-06 sumLPAP 1.29809696191975E+00 harm
KEEPDBG accept 4 cc 6.31332210002126E-01 sumModel-2.61665057867040E+02 sumForcing 2.43602801692305E+02 sumM 4.88839083973791E-02 trend-7.42585959636212E-02 aero 0.00000000000000E+00 level-1.94616034648320E+03 k0 2.97962488508634E+04 init-1.64852946054047E+00 IR-4.25343009001893E-01 impC 2.71851705907718E-02 mP 5.73824449710383E-03 year-5.48601554518334E-06 sumLPAP 1.29809696191975E+00 harm
KEEPDBG accept 15 cc 6.20807048830524E-01 sumModel-2.09815594076303E+02 sumForcing 1.49924270874036E+02 sumM 4.78747821349772E-02 trend-4.32357217255885E-02 aero 0.00000000000000E+00 level 1.11614381124225E+03 k0-1.90051392396923E+04 init-1.59909993244017E+00 IR-5.08698659045829E-01 impC 2.96730243223625E-02 mP 5.54396121876823E-03 year-5.48601554518334E-06 sumLPAP 1.29809696191975E+00 harm
KEEPDBG accept 3 cc 6.20834761393480E-01 sumModel-2.07325378516028E+02 sumForcing 1.49764363353382E+02 sumM 4.87710021653799E-02 trend-4.18049994185369E-02 aero 0.00000000000000E+00 level 1.19687915177883E+03 k0-2.03489998592305E+04 init-1.65515334960070E+00 IR-5.13609755912382E-01 impC 3.13641227029752E-02 mP 5.52155082611859E-03 year-5.48601554518334E-06 sumLPAP 1.29809696191975E+00 harm
KEEPDBG accept 11 cc 6.21717305144151E-01 sumModel-2.09077784474464E+02 sumForcing 1.36063353943937E+02 sumM 4.82491112962861E-02 trend-4.18886497385739E-02 aero 0.00000000000000E+00 level 1.39538792254839E+03 k0-2.63020449883530E+04 init-1.54308437451470E+00 IR-5.10306513550960E-01 impC 2.96718650363328E-02 mP 5.55669695368783E-03 year-5.48601554518334E-06 sumLPAP 1.29809696191975E+00 harm
KEEPDBG accept 4 cc 6.31332893701793E-01 sumModel-2.61665058158058E+02 sumForcing 2.43602910233796E+02 sumM 4.88839083973791E-02 trend-7.42586061778502E-02 aero 0.00000000000000E+00 level-1.94614758465003E+03 k0 2.97961398437821E+04 init-1.64852946054047E+00 IR-4.25343009001893E-01 impC 2.71851705907718E-02 mP 5.73824449710383E-03 year-5.48601554518334E-06 sumLPAP 1.29809696191975E+00 harm
KEEPDBG accept 11 cc 6.21728410373782E-01 sumModel-2.09080253011713E+02 sumForcing 1.36061470896673E+02 sumM 4.82491112962861E-02 trend-4.18963306494515E-02 aero 0.00000000000000E+00 level 1.39339511141550E+03 k0-2.62695957266273E+04 init-1.54308437451470E+00 IR-5.10306513550960E-01 impC 2.96718650363328E-02 mP 5.55669695368783E-03 year-5.48601554518334E-06 sumLPAP 1.29809696191975E+00 harm
KEEPDBG accept 16 cc 6.20194588757573E-01 sumModel-2.10130065510515E+02 sumForcing 1.77406591678062E+02 sumM 4.91503502605112E-02 trend-4.32827787901468E-02 aero 0.00000000000000E+00 level 9.67501070497028E+02 k0-1.37653177965618E+04 init-1.67514134492189E+00 IR-5.08073521944515E-01 impC 2.95504502425726E-02 mP 5.52001300367053E-03 year-5.48601554518334E-06 sumLPAP 1.29809696191975E+00 harm
KEEPDBG accept 11 cc 6.21728418647812E-01 sumModel-2.09080251195908E+02 sumForcing 1.36061470896673E+02 sumM 4.81637593818138E-02 trend-4.18963347977930E-02 aero 0.00000000000000E+00 level 1.37684512977367E+03 k0-2.59387494456701E+04 init-1.54308437451470E+00 IR-5.10306513550960E-01 impC 2.96718650363328E-02 mP 5.55669695368783E-03 year-5.48601554518334E-06 sumLPAP 1.29809696191975E+00 harm
KEEPDBG accept 11 cc 6.21731062852116E-01 sumModel-2.09080815946677E+02 sumForcing 1.37654147050333E+02 sumM 4.81637593818138E-02 trend-4.18946467024757E-02 aero 0.00000000000000E+00 level 1.34688860939821E+03 k0-2.50471545046294E+04 init-1.54308437451470E+00 IR-5.10306513550960E-01 impC 2.96718650363328E-02 mP 5.55669695368783E-03 year-5.48601554518334E-06 sumLPAP 1.29809696191975E+00 harm
KEEPDBG accept 14 cc 6.20664895376719E-01 sumModel-2.04643888134349E+02 sumForcing 3.14857138048416E+02 sumM 5.01865070627179E-02 trend-4.01589920053383E-02 aero 0.00000000000000E+00 level 3.76967628651778E+02 k0-2.61711892642783E+03 init-1.60917391391376E+00 IR-5.23023186565323E-01 impC 2.99569371044780E-02 mP 5.51492872052613E-03 year-5.48601554518334E-06 sumLPAP 1.29809696191975E+00 harm
KEEPDBG accept 10 cc 6.20271438888949E-01 sumModel-2.07907767732565E+02 sumForcing 1.36395239701589E+02 sumM 4.71762291284617E-02 trend-4.16901790842207E-02 aero 0.00000000000000E+00 level 1.13321059550758E+03 k0-2.12802925782609E+04 init-1.69300528460219E+00 IR-5.13214634435710E-01 impC 3.14120074668809E-02 mP 5.52013535432203E-03 year-5.48601554518334E-06 sumLPAP 1.29809696191975E+00 harm
KEEPDBG accept 13 cc 6.21180136440342E-01 sumModel-2.07092518429356E+02 sumForcing 1.64081993272988E+02 sumM 4.99352788359814E-02 trend-4.19562227820344E-02 aero 0.00000000000000E+00 level 1.20416304273547E+03 k0-1.88938525001889E+04 init-1.66138086652861E+00 IR-5.15586292638069E-01 impC 3.11981188089352E-02 mP 5.54871041063005E-03 year-5.48601554518334E-06 sumLPAP 1.29809696191975E+00 harm
KEEPDBG accept 4 cc 6.31332993035862E-01 sumModel-2.61664946427198E+02 sumForcing 2.43602938044691E+02 sumM 4.88839083973791E-02 trend-7.42586337298830E-02 aero 0.00000000000000E+00 level-1.94616630728990E+03 k0 2.97963595043183E+04 init-1.64852946054047E+00 IR-4.25343009001893E-01 impC 2.71851705907718E-02 mP 5.73824449710383E-03 year-5.48601554518334E-06 sumLPAP 1.29809696191975E+00 harm
KEEPDBG accept 3 cc 6.20843936721610E-01 sumModel-2.07328168419621E+02 sumForcing 1.49747044305398E+02 sumM 4.87710021653799E-02 trend-4.17957905773649E-02 aero 0.00000000000000E+00 level 1.19659528321978E+03 k0-2.03492739972187E+04 init-1.65515334960070E+00 IR-5.13609755912382E-01 impC 3.13641227029752E-02 mP 5.52155082611859E-03 year-5.48601554518334E-06 sumLPAP 1.29809696191975E+00 harm
KEEPDBG accept 10 cc 6.20290060283991E-01 sumModel-2.07877044680958E+02 sumForcing 1.36376283819294E+02 sumM 4.71762291284617E-02 trend-4.16454903117542E-02 aero 0.00000000000000E+00 level 1.15050000107525E+03 k0-2.15634234213165E+04 init-1.69300528460219E+00 IR-5.13214634435710E-01 impC 3.14120074668809E-02 mP 5.52013535432203E-03 year-5.48601554518334E-06 sumLPAP 1.29809696191975E+00 harm
KEEPDBG accept 9 cc 6.31302253774697E-01 sumModel-2.22870342136878E+02 sumForcing 1.61818837007311E+02 sumM 4.84508028639690E-02 trend-4.65271278055750E-02 aero 0.00000000000000E+00 level 2.35236455724935E+03 k0-1.48206117297864E+04 init-1.61937876601502E+00 IR-5.09507277686423E-01 impC 3.04637863059655E-02 mP 5.44539427592960E-03 year-5.48601554518334E-06 sumLPAP 1.29809696191975E+00 harm
KEEPDBG accept 13 cc 6.21182301326063E-01 sumModel-2.07094709123854E+02 sumForcing 1.72698645710089E+02 sumM 4.99352788359814E-02 trend-4.19505930221618E-02 aero 0.00000000000000E+00 level 1.09442198195331E+03 k0-1.62005531575019E+04 init-1.66138086652861E+00 IR-5.15586292638069E-01 impC 3.11981188089352E-02 mP 5.54871041063005E-03 year-5.48601554518334E-06 sumLPAP 1.29809696191975E+00 harm
KEEPDBG accept 12 cc 6.20783872730837E-01 sumModel-2.10471568470892E+02 sumForcing 2.38530256730396E+02 sumM 4.97468403829547E-02 trend-4.27540719438764E-02 aero 0.00000000000000E+00 level 6.26643925337145E+02 k0-6.16707154521289E+03 init-1.56853260535368E+00 IR-5.08700791413222E-01 impC 3.00958180385875E-02 mP 5.73782747064630E-03 year-5.48601554518334E-06 sumLPAP 1.29809696191975E+00 harm
KEEPDBG accept 8 cc 6.21225025982215E-01 sumModel-2.09243266378808E+02 sumForcing 1.53032304222303E+02 sumM 4.90863910276446E-02 trend-4.26817191489256E-02 aero 0.00000000000000E+00 level 1.22222874684929E+03 k0-2.04271475810768E+04 init-1.61175982499512E+00 IR-5.09425179363993E-01 impC 3.20760561046990E-02 mP 5.52777770871334E-03 year-5.48601554518334E-06 sumLPAP 1.29809696191975E+00 harm
KEEPDBG accept 4 cc 6.31332996333384E-01 sumModel-2.61664913240198E+02 sumForcing 2.43602938044691E+02 sumM 4.88838630781475E-02 trend-7.42586129852519E-02 aero 0.00000000000000E+00 level-1.94613512992473E+03 k0 2.97959717705578E+04 init-1.64852946054047E+00 IR-4.25343009001893E-01 impC 2.71851705907718E-02 mP 5.73824449710383E-03 year-5.48601554518334E-06 sumLPAP 1.29809696191975E+00 harm
KEEPDBG accept 9 cc 6.31302320882967E-01 sumModel-2.22881524216646E+02 sumForcing 1.61818837007311E+02 sumM 4.84508028639690E-02 trend-4.65271278055750E-02 aero 0.00000000000000E+00 level 2.35236455724935E+03 k0-1.48206117297864E+04 init-1.61937876601502E+00 IR-5.09507277686423E-01 impC 3.04114946287556E-02 mP 5.44539427592960E-03 year-5.48601554518334E-06 sumLPAP 1.29809696191975E+00 harm
KEEPDBG accept 10 cc 6.20290083513500E-01 sumModel-2.07877227844012E+02 sumForcing 1.36376283819294E+02 sumM 4.99160429460162E-02 trend-4.16455467589897E-02 aero 0.00000000000000E+00 level 1.68414156981269E+03 k0-3.23003003220799E+04 init-1.69300528460219E+00 IR-5.13214634435710E-01 impC 3.14120074668809E-02 mP 5.52013535432203E-03 year-5.48601554518334E-06 sumLPAP 1.29809696191975E+00 harm
KEEPDBG accept 5 cc 6.20783094640508E-01 sumModel-2.09218497371588E+02 sumForcing 1.75941498312997E+02 sumM 4.96435221574009E-02 trend-4.21336839195620E-02 aero 0.00000000000000E+00 level 1.00794897872134E+03 k0-1.44918245560408E+04 init-1.67039317534619E+00 IR-5.09962899006943E-01 impC 3.03183540597754E-02 mP 5.51776347014719E-03 year-5.48601554518334E-06 sumLPAP 1.29809696191975E+00 harm
KEEPDBG accept 1 cc 6.20742768848071E-01 sumModel-2.09205683790807E+02 sumForcing 1.32895190188510E+02 sumM 5.02672359909287E-02 trend-4.18210992166430E-02 aero 0.00000000000000E+00 level 1.91102550298247E+03 k0-3.76625866258714E+04 init-1.65518027097150E+00 IR-5.09772446835226E-01 impC 3.01833460338013E-02 mP 5.52467076278122E-03 year-5.48601554518334E-06 sumLPAP 1.29809696191975E+00 harm
KEEPDBG accept 4 cc 6.31333306621440E-01 sumModel-2.61664873338505E+02 sumForcing 2.43603796781700E+02 sumM 4.88838630781475E-02 trend-7.42586566201119E-02 aero 0.00000000000000E+00 level-1.94615883958802E+03 k0 2.97960786839889E+04 init-1.64852946054047E+00 IR-4.25343009001893E-01 impC 2.71851705907718E-02 mP 5.73824449710383E-03 year-5.48601554518334E-06 sumLPAP 1.29809696191975E+00 harm
KEEPDBG accept 9 cc 6.31752161660774E-01 sumModel-2.22834144721730E+02 sumForcing 1.62209098413796E+02 sumM 4.84508028639690E-02 trend-4.65263739768239E-02 aero 0.00000000000000E+00 level 2.35393998643862E+03 k0-1.47983629266537E+04 init-1.61937876601502E+00 IR-5.09507277686423E-01 impC 3.04114946287556E-02 mP 5.44539427592960E-03 year-5.48601554518334E-06 sumLPAP 1.29809696191975E+00 harm
KEEPDBG accept 11 cc 6.21807933508098E-01 sumModel-2.04230392225486E+02 sumForcing 1.37654147050333E+02 sumM 4.81637593818138E-02 trend-4.06244394327804E-02 aero 0.00000000000000E+00 level 1.31290677116938E+03 k0-2.47799117695599E+04 init-1.54308437451470E+00 IR-5.22650700703401E-01 impC 2.96718650363328E-02 mP 5.55669695368783E-03 year-5.48601554518334E-06 sumLPAP 1.29809696191975E+00 harm
KEEPDBG accept 5 cc 6.20792877114507E-01 sumModel-2.09230069487440E+02 sumForcing 1.75884031993443E+02 sumM 4.96435221574009E-02 trend-4.21074388248260E-02 aero 0.00000000000000E+00 level 1.00717224228094E+03 k0-1.44889148364468E+04 init-1.67039317534619E+00 IR-5.09962899006943E-01 impC 3.03183540597754E-02 mP 5.51776347014719E-03 year-5.48601554518334E-06 sumLPAP 1.29809696191975E+00 harm
KEEPDBG accept 8 cc 6.21234019344380E-01 sumModel-2.09308136098965E+02 sumForcing 1.53389977852080E+02 sumM 4.90863910276446E-02 trend-4.27355209535026E-02 aero 0.00000000000000E+00 level 1.22882559242837E+03 k0-2.04779106447080E+04 init-1.61175982499512E+00 IR-5.09425179363993E-01 impC 3.20760561046990E-02 mP 5.52777770871334E-03 year-5.48601554518334E-06 sumLPAP 1.29809696191975E+00 harm
KEEPDBG accept 9 cc 6.31752171762890E-01 sumModel-2.22834178704429E+02 sumForcing 1.62209179500459E+02 sumM 4.84508028639690E-02 trend-4.65264028303381E-02 aero 0.00000000000000E+00 level 2.35393739875606E+03 k0-1.47982863077129E+04 init-1.61937876601502E+00 IR-5.09507277686423E-01 impC 3.04114946287556E-02 mP 5.44539427592960E-03 year-5.48601554518334E-06 sumLPAP 1.29809696191975E+00 harm
KEEPDBG accept 1 cc 6.20747990909965E-01 sumModel-2.09207813772423E+02 sumForcing 1.37891920147852E+02 sumM 5.02672359909287E-02 trend-4.18163524158067E-02 aero 0.00000000000000E+00 level 1.78018902284610E+03 k0-3.37074485472891E+04 init-1.65518027097150E+00 IR-5.09772446835226E-01 impC 3.01833460338013E-02 mP 5.52467076278122E-03 year-5.48601554518334E-06 sumLPAP 1.29809696191975E+00 harm
KEEPDBG accept 1 cc 6.20766178254088E-01 sumModel-2.09215825899941E+02 sumForcing 1.59211957309450E+02 sumM 5.02672359909287E-02 trend-4.17995139871200E-02 aero 0.00000000000000E+00 level 1.35381101241397E+03 k0-2.18810012269657E+04 init-1.65518027097150E+00 IR-5.09772446835226E-01 impC 3.01833460338013E-02 mP 5.52467076278122E-03 year-5.48601554518334E-06 sumLPAP 1.29809696191975E+00 harm
KEEPDBG accept 11 cc 6.21807986454975E-01 sumModel-2.04124492748727E+02 sumForcing 1.37654147050333E+02 sumM 4.81637593818138E-02 trend-4.06244394327804E-02 aero 0.00000000000000E+00 level 1.31290677116938E+03 k0-2.47799117695599E+04 init-1.54308437451470E+00 IR-5.22650700703401E-01 impC 3.01593948775502E-02 mP 5.55669695368783E-03 year-5.48601554518334E-06 sumLPAP 1.29809696191975E+00 harm
KEEPDBG accept 4 cc 6.31376328715310E-01 sumModel-2.61660749638928E+02 sumForcing 2.43626104142552E+02 sumM 4.88838630781475E-02 trend-7.42572334565785E-02 aero 0.00000000000000E+00 level-1.94616667522672E+03 k0 2.97984589041513E+04 init-1.64895256196387E+00 IR-4.25343009001893E-01 impC 2.71851705907718E-02 mP 5.73824449710383E-03 year-5.48601554518334E-06 sumLPAP 1.29809696191975E+00 harm
KEEPDBG accept 10 cc 6.20306457313496E-01 sumModel-2.07896702381473E+02 sumForcing 2.23731260812860E+02 sumM 4.99160429460162E-02 trend-4.16071961091176E-02 aero 0.00000000000000E+00 level 6.73707906965310E+02 k0-7.30033960658725E+03 init-1.69300528460219E+00 IR-5.13214634435710E-01 impC 3.14120074668809E-02 mP 5.52013535432203E-03 year-5.48601554518334E-06 sumLPAP 1.29809696191975E+00 harm
KEEPDBG accept 16 cc 6.20217489692355E-01 sumModel-2.10156787351968E+02 sumForcing 1.77242228261249E+02 sumM 4.91503502605112E-02 trend-4.32033781762344E-02 aero 0.00000000000000E+00 level 9.65580948727967E+02 k0-1.37610441658916E+04 init-1.67514134492189E+00 IR-5.08073521944515E-01 impC 2.95504502425726E-02 mP 5.52001300367053E-03 year-5.48601554518334E-06 sumLPAP 1.29809696191975E+00 harm
KEEPDBG accept 15 cc 6.20823882725422E-01 sumModel-2.09821073169487E+02 sumForcing 1.49886720685429E+02 sumM 4.78747821349772E-02 trend-4.32107191737981E-02 aero 0.00000000000000E+00 level 1.11553823614439E+03 k0-1.90037610697998E+04 init-1.59909993244017E+00 IR-5.08698659045829E-01 impC 2.96730243223625E-02 mP 5.54396121876823E-03 year-5.48601554518334E-06 sumLPAP 1.29809696191975E+00 harm
KEEPDBG accept 5 cc 6.20799972565775E-01 sumModel-2.09240043888635E+02 sumForcing 1.75836160009923E+02 sumM 4.96435221574009E-02 trend-4.20856403220953E-02 aero 0.00000000000000E+00 level 1.00651810933632E+03 k0-1.44863133064622E+04 init-1.67039317534619E+00 IR-5.09962899006943E-01 impC 3.03183540597754E-02 mP 5.51776347014719E-03 year-5.48601554518334E-06 sumLPAP 1.29809696191975E+00 harm
KEEPDBG accept 8 cc 6.21237942951506E-01 sumModel-2.09310260109480E+02 sumForcing 1.61521451570763E+02 sumM 4.90863910276446E-02 trend-4.27290825599103E-02 aero 0.00000000000000E+00 level 1.11582617770106E+03 k0-1.75336711992898E+04 init-1.61175982499512E+00 IR-5.09425179363993E-01 impC 3.20760561046990E-02 mP 5.52777770871334E-03 year-5.48601554518334E-06 sumLPAP 1.29809696191975E+00 harm
KEEPDBG accept 4 cc 6.31498365009801E-01 sumModel-2.61648520041755E+02 sumForcing 2.43689509848683E+02 sumM 4.88838630781475E-02 trend-7.42530985520316E-02 aero 0.00000000000000E+00 level-1.94615732100161E+03 k0 2.98048870933133E+04 init-1.65015485502360E+00 IR-4.25343009001893E-01 impC 2.71851705907718E-02 mP 5.73824449710383E-03 year-5.48601554518334E-06 sumLPAP 1.29809696191975E+00 harm
KEEPDBG accept 8 cc 6.21238817687790E-01 sumModel-2.09310748434777E+02 sumForcing 1.61518882497603E+02 sumM 4.90863910276446E-02 trend-4.27276425684715E-02 aero 0.00000000000000E+00 level 1.11578769030607E+03 k0-1.75334910886345E+04 init-1.61175982499512E+00 IR-5.09425179363993E-01 impC 3.20760561046990E-02 mP 5.52777770871334E-03 year-5.48601554518334E-06 sumLPAP 1.29809696191975E+00 harm
KEEPDBG accept 8 cc 6.21239266876387E-01 sumModel-2.09311015715434E+02 sumForcing 1.62524816258518E+02 sumM 4.90863910276446E-02 trend-4.27269022494192E-02 aero 0.00000000000000E+00 level 1.10297858431161E+03 k0-1.72094078237886E+04 init-1.61175982499512E+00 IR-5.09425179363993E-01 impC 3.20760561046990E-02 mP 5.52777770871334E-03 year-5.48601554518334E-06 sumLPAP 1.29809696191975E+00 harm
KEEPDBG accept 3 cc 6.20843958123763E-01 sumModel-2.07328310781348E+02 sumForcing 1.49747044305398E+02 sumM 5.10790193079791E-02 trend-4.17958477178633E-02 aero 0.00000000000000E+00 level 1.73331917610396E+03 k0-3.01224432975520E+04 init-1.65515334960070E+00 IR-5.13609755912382E-01 impC 3.13641227029752E-02 mP 5.52155082611859E-03 year-5.48601554518334E-06 sumLPAP 1.29809696191975E+00 harm
KEEPDBG accept 10 cc 6.20306466850763E-01 sumModel-2.07896779211105E+02 sumForcing 2.23731260812860E+02 sumM 5.04535353986780E-02 trend-4.16072222512834E-02 aero 0.00000000000000E+00 level 7.29638257860008E+02 k0-7.98655126512737E+03 init-1.69300528460219E+00 IR-5.13214634435710E-01 impC 3.14120074668809E-02 mP 5.52013535432203E-03 year-5.48601554518334E-06 sumLPAP 1.29809696191975E+00 harm
KEEPDBG accept 16 cc 6.20217538798817E-01 sumModel-2.10157025112076E+02 sumForcing 1.77242228261249E+02 sumM 5.12797555852909E-02 trend-4.32034489477779E-02 aero 0.00000000000000E+00 level 1.34302160331059E+03 k0-1.96373990674898E+04 init-1.67514134492189E+00 IR-5.08073521944515E-01 impC 2.95504502425726E-02 mP 5.52001300367053E-03 year-5.48601554518334E-06 sumLPAP 1.29809696191975E+00 harm
KEEPDBG accept 13 cc 6.21190169460231E-01 sumModel-2.07103347409026E+02 sumForcing 2.17332545192275E+02 sumM 4.99352788359814E-02 trend-4.19285839817736E-02 aero 0.00000000000000E+00 level 7.19537976387739E+02 k0-8.12079051335820E+03 init-1.66138086652861E+00 IR-5.15586292638069E-01 impC 3.11981188089352E-02 mP 5.54871041063005E-03 year-5.48601554518334E-06 sumLPAP 1.29809696191975E+00 harm
KEEPDBG accept 4 cc 6.31499313299591E-01 sumModel-2.61648654390368E+02 sumForcing 2.43134911701734E+02 sumM 4.88838630781475E-02 trend-7.42538403440936E-02 aero 0.00000000000000E+00 level-1.95563768371710E+03 k0 3.00087882923376E+04 init-1.65015485502360E+00 IR-4.25343009001893E-01 impC 2.71851705907718E-02 mP 5.73824449710383E-03 year-5.48601554518334E-06 sumLPAP 1.29809696191975E+00 harm
KEEPDBG accept 9 cc 6.31752979333421E-01 sumModel-2.22833914177392E+02 sumForcing 1.62209838714934E+02 sumM 4.84508028639690E-02 trend-4.65261862760387E-02 aero 0.00000000000000E+00 level 2.35396127357394E+03 k0-1.47984309938137E+04 init-1.61937876601502E+00 IR-5.09507277686423E-01 impC 3.04114946287556E-02 mP 5.44539427592960E-03 year-5.48601554518334E-06 sumLPAP 1.29809696191975E+00 harm
KEEPDBG accept 15 cc 6.20837942246041E-01 sumModel-2.09825915659953E+02 sumForcing 1.85669980617564E+02 sumM 4.78747821349772E-02 trend-4.31882374167719E-02 aero 0.00000000000000E+00 level 7.54763489912072E+02 k0-9.99008866628992E+03 init-1.59909993244017E+00 IR-5.08698659045829E-01 impC 2.96730243223625E-02 mP 5.54396121876823E-03 year-5.48601554518334E-06 sumLPAP 1.29809696191975E+00 harm
KEEPDBG accept 1 cc 6.20766504178099E-01 sumModel-2.09216018636984E+02 sumForcing 1.59635333388298E+02 sumM 5.02672359909287E-02 trend-4.17992362100991E-02 aero 0.00000000000000E+00 level 1.34703501148991E+03 k0-2.17070217273593E+04 init-1.65518027097150E+00 IR-5.09772446835226E-01 impC 3.01833460338013E-02 mP 5.52467076278122E-03 year-5.48601554518334E-06 sumLPAP 1.29809696191975E+00 harm
KEEPDBG accept 9 cc 6.31752998041413E-01 sumModel-2.22833866731458E+02 sumForcing 1.62209862498922E+02 sumM 4.84508028639690E-02 trend-4.65261826425589E-02 aero 0.00000000000000E+00 level 2.35396112976911E+03 k0-1.47984225209755E+04 init-1.61937876601502E+00 IR-5.09507277686423E-01 impC 3.04114946287556E-02 mP 5.44539427592960E-03 year-5.48601554518334E-06 sumLPAP 1.29809696191975E+00 harm
KEEPDBG accept 12 cc 6.20822552157339E-01 sumModel-2.10027011205031E+02 sumForcing 2.35250389048891E+02 sumM 4.97468403829547E-02 trend-4.24434636874844E-02 aero 0.00000000000000E+00 level 6.08328233135460E+02 k0-6.09146379796591E+03 init-1.56853260535368E+00 IR-5.08700791413222E-01 impC 3.00958180385875E-02 mP 5.73782747064630E-03 year-5.48601554518334E-06 sumLPAP 1.29809696191975E+00 harm
KEEPDBG accept 4 cc 6.32090364122612E-01 sumModel-2.61705226625627E+02 sumForcing 2.42941919404504E+02 sumM 4.88050639152681E-02 trend-7.42867083274701E-02 aero 0.00000000000000E+00 level-1.93050304360168E+03 k0 2.98113950708394E+04 init-1.65015485502360E+00 IR-4.25343009001893E-01 impC 2.71851705907718E-02 mP 5.73824449710383E-03 year-5.48601554518334E-06 sumLPAP 1.29809696191975E+00 harm
KEEPDBG accept 14 cc 6.20665062111388E-01 sumModel-2.04644430041319E+02 sumForcing 3.14857138048416E+02 sumM 5.20109984862316E-02 trend-4.01591761681710E-02 aero 0.00000000000000E+00 level 4.95356208918037E+02 k0-3.64638954582779E+03 init-1.60917391391376E+00 IR-5.23023186565323E-01 impC 2.99569371044780E-02 mP 5.51492872052613E-03 year-5.48601554518334E-06 sumLPAP 1.29809696191975E+00 harm
KEEPDBG accept 9 cc 6.31759684203413E-01 sumModel-2.22830822347426E+02 sumForcing 1.62216557019148E+02 sumM 4.84485904526072E-02 trend-4.65224158588650E-02 aero 0.00000000000000E+00 level 2.35442491832174E+03 k0-1.48006413865610E+04 init-1.61937876601502E+00 IR-5.09507277686423E-01 impC 3.04114946287556E-02 mP 5.44539427592960E-03 year-5.48601554518334E-06 sumLPAP 1.29809696191975E+00 harm
KEEPDBG accept 1 cc 6.20786401426022E-01 sumModel-2.09277428776704E+02 sumForcing 1.59668880249369E+02 sumM 5.02672359909287E-02 trend-4.19007160603832E-02 aero 0.00000000000000E+00 level 1.30791443059832E+03 k0-2.11528015091931E+04 init-1.65518027097150E+00 IR-5.09772446835226E-01 impC 3.01833460338013E-02 mP 5.52467076278122E-03 year-5.48601554518334E-06 sumLPAP 1.29809696191975E+00 harm
KEEPDBG accept 12 cc 6.20825083629881E-01 sumModel-2.10027667311384E+02 sumForcing 2.43218691448346E+02 sumM 4.97468403829547E-02 trend-4.24407238705377E-02 aero 0.00000000000000E+00 level 5.74220703631830E+02 k0-5.51152318643217E+03 init-1.56853260535368E+00 IR-5.08700791413222E-01 impC 3.00958180385875E-02 mP 5.73782747064630E-03 year-5.48601554518334E-06 sumLPAP 1.29809696191975E+00 harm
KEEPDBG accept 5 cc 6.20812834904760E-01 sumModel-2.09220405695763E+02 sumForcing 1.76266582055941E+02 sumM 4.96435221574009E-02 trend-4.21820850299281E-02 aero 0.00000000000000E+00 level 1.01411830599239E+03 k0-1.45752647408390E+04 init-1.68323219683207E+00 IR-5.09962899006943E-01 impC 3.03183540597754E-02 mP 5.51776347014719E-03 year-5.48601554518334E-06 sumLPAP 1.29809696191975E+00 harm
KEEPDBG accept 13 cc 6.21192293715428E-01 sumModel-2.07105982435212E+02 sumForcing 2.17316911727076E+02 sumM 4.99352788359814E-02 trend-4.19222948944944E-02 aero 0.00000000000000E+00 level 7.19415941828003E+02 k0-8.12030721919950E+03 init-1.66138086652861E+00 IR-5.15586292638069E-01 impC 3.11981188089352E-02 mP 5.54871041063005E-03 year-5.48601554518334E-06 sumLPAP 1.29809696191975E+00 harm
KEEPDBG accept 12 cc 6.20825194690189E-01 sumModel-2.10028047158855E+02 sumForcing 2.43218691448346E+02 sumM 5.19125701476296E-02 trend-4.24408560001371E-02 aero 0.00000000000000E+00 level 8.05928036801916E+02 k0-8.09689997330883E+03 init-1.56853260535368E+00 IR-5.08700791413222E-01 impC 3.00958180385875E-02 mP 5.73782747064630E-03 year-5.48601554518334E-06 sumLPAP 1.29809696191975E+00 harm
KEEPDBG accept 4 cc 6.32090365411662E-01 sumModel-2.61705386092564E+02 sumForcing 2.42941919726416E+02 sumM 4.88050639152681E-02 trend-7.42866950610309E-02 aero 0.00000000000000E+00 level-1.93049269817681E+03 k0 2.98112812346218E+04 init-1.65015485502360E+00 IR-4.25343009001893E-01 impC 2.71851705907718E-02 mP 5.73824449710383E-03 year-5.48601554518334E-06 sumLPAP 1.29809696191975E+00 harm
KEEPDBG accept 2 cc 6.20197596283158E-01 sumModel-2.09741319714594E+02 sumForcing 1.60449076581336E+02 sumM 4.87570261971039E-02 trend-4.21389150452835E-02 aero 0.00000000000000E+00 level 1.03342973703798E+03 k0-1.62809262518846E+04 init-1.64890112846678E+00 IR-5.08708359306436E-01 impC 3.01034206145067E-02 mP 5.51492872052613E-03 year-5.48601554518334E-06 sumLPAP 1.29809696191975E+00 harm
KEEPDBG accept 16 cc 6.20217543200178E-01 sumModel-2.10157062567827E+02 sumForcing 1.77241716504929E+02 sumM 5.12797555852909E-02 trend-4.32031882267109E-02 aero 0.00000000000000E+00 level 1.34301503330346E+03 k0-1.96374466968091E+04 init-1.67514134492189E+00 IR-5.08073521944515E-01 impC 2.95504502425726E-02 mP 5.52001300367053E-03 year-5.48601554518334E-06 sumLPAP 1.29809696191975E+00 harm
KEEPDBG accept 5 cc 6.20813027042775E-01 sumModel-2.09220670224354E+02 sumForcing 1.78457969858188E+02 sumM 4.96435221574009E-02 trend-4.21815029503120E-02 aero 0.00000000000000E+00 level 9.91281391092123E+02 k0-1.40445112409755E+04 init-1.68323219683207E+00 IR-5.09962899006943E-01 impC 3.03183540597754E-02 mP 5.51776347014719E-03 year-5.48601554518334E-06 sumLPAP 1.29809696191975E+00 harm
KEEPDBG accept 1 cc 6.20916188601296E-01 sumModel-2.09330684643969E+02 sumForcing 1.60299709132081E+02 sumM 5.02672359909287E-02 trend-4.19881625968046E-02 aero 0.00000000000000E+00 level 1.32087946386927E+03 k0-2.12761915244296E+04 init-1.65518027097150E+00 IR-5.09772446835226E-01 impC 3.01833460338013E-02 mP 5.52467076278122E-03 year-5.48601554518334E-06 sumLPAP 1.29809696191975E+00 harm
KEEPDBG accept 8 cc 6.21239268729313E-01 sumModel-2.09311015530818E+02 sumForcing 1.62524816258518E+02 sumM 4.93547969878514E-02 trend-4.27269065322077E-02 aero 0.00000000000000E+00 level 1.14675082137036E+03 k0-1.79463700143720E+04 init-1.61175982499512E+00 IR-5.09425179363993E-01 impC 3.20760561046990E-02 mP 5.52777770871334E-03 year-5.48601554518334E-06 sumLPAP 1.29809696191975E+00 harm
KEEPDBG accept 4 cc 6.32090365488078E-01 sumModel-2.61705410213864E+02 sumForcing 2.42941919726416E+02 sumM 4.88050639152681E-02 trend-7.42866950610309E-02 aero 0.00000000000000E+00 level-1.93049269817681E+03 k0 2.98112812346218E+04 init-1.65015485502360E+00 IR-4.25343009001893E-01 impC 2.71850519995576E-02 mP 5.73824449710383E-03 year-5.48601554518334E-06 sumLPAP 1.29809696191975E+00 harm
KEEPDBG accept 7 cc 6.20933622473695E-01 sumModel-2.09569327333108E+02 sumForcing 1.76588533092513E+02 sumM 5.04403761011683E-02 trend-4.36757512257457E-02 aero 0.00000000000000E+00 level 1.17368146370246E+03 k0-1.66901723787222E+04 init-1.64879384884806E+00 IR-5.09533194303163E-01 impC 3.19966660976378E-02 mP 5.53903863129181E-03 year-5.48601554518334E-06 sumLPAP 1.29809696191975E+00 harm
KEEPDBG accept 6 cc 6.22237639498956E-01 sumModel-2.06658696926452E+02 sumForcing 1.37654849516337E+02 sumM 4.79311194618545E-02 trend-4.17593730020017E-02 aero 0.00000000000000E+00 level 1.38090934700414E+03 k0-2.64768693090397E+04 init-1.57755450988468E+00 IR-5.15307111509781E-01 impC 3.01433055086041E-02 mP 5.55517765113865E-03 year-5.48601554518334E-06 sumLPAP 1.29809696191975E+00 harm
KEEPDBG accept 4 cc 6.32090448908987E-01 sumModel-2.61705322768389E+02 sumForcing 2.42944062092840E+02 sumM 4.88051244915854E-02 trend-7.42867217321249E-02 aero 0.00000000000000E+00 level-1.93058329974242E+03 k0 2.98118240167532E+04 init-1.65015485502360E+00 IR-4.25343009001893E-01 impC 2.71850519995576E-02 mP 5.73824449710383E-03 year-5.48601554518334E-06 sumLPAP 1.29809696191975E+00 harm
KEEPDBG accept 4 cc 6.32090848401782E-01 sumModel-2.61705135351420E+02 sumForcing 2.42943709926455E+02 sumM 4.88051244915854E-02 trend-7.42867099489631E-02 aero 0.00000000000000E+00 level-1.93057120143993E+03 k0 2.98118481805946E+04 init-1.65015485502360E+00 IR-4.25343009001893E-01 impC 2.71850519995576E-02 mP 5.73824449710383E-03 year-5.48601554518334E-06 sumLPAP 1.29809696191975E+00 harm
KEEPDBG accept 11 cc 6.21813825164893E-01 sumModel-2.04152550141803E+02 sumForcing 1.37900735360190E+02 sumM 4.81637593818138E-02 trend-4.06601222402521E-02 aero 0.00000000000000E+00 level 1.31795223867432E+03 k0-2.48329172129126E+04 init-1.54308437451470E+00 IR-5.22650700703401E-01 impC 3.01593948775502E-02 mP 5.55669695368783E-03 year-5.48601554518334E-06 sumLPAP 1.29809696191975E+00 harm
KEEPDBG accept 9 cc 6.31760482633396E-01 sumModel-2.22830918971388E+02 sumForcing 1.62550669152520E+02 sumM 4.84485904526072E-02 trend-4.65226347625052E-02 aero 0.00000000000000E+00 level 2.34512215896688E+03 k0-1.47093658705570E+04 init-1.61937876601502E+00 IR-5.09507277686423E-01 impC 3.04114946287556E-02 mP 5.44539427592960E-03 year-5.48601554518334E-06 sumLPAP 1.29809696191975E+00 harm
KEEPDBG accept 1 cc 6.20916994089625E-01 sumModel-2.09331564615202E+02 sumForcing 1.62760510257066E+02 sumM 5.02672359909287E-02 trend-4.19864130411456E-02 aero 0.00000000000000E+00 level 1.28349953926308E+03 k0-2.03239247166525E+04 init-1.65518027097150E+00 IR-5.09772446835226E-01 impC 3.01833460338013E-02 mP 5.52467076278122E-03 year-5.48601554518334E-06 sumLPAP 1.29809696191975E+00 harm
KEEPDBG accept 9 cc 6.31760784864145E-01 sumModel-2.22830930792194E+02 sumForcing 1.62550947439968E+02 sumM 4.84485904526072E-02 trend-4.65227109425263E-02 aero 0.00000000000000E+00 level 2.34511695683703E+03 k0-1.47092381648154E+04 init-1.61937876601502E+00 IR-5.09507277686423E-01 impC 3.04114946287556E-02 mP 5.44539427592960E-03 year-5.48601554518334E-06 sumLPAP 1.29809696191975E+00 harm
KEEPDBG accept 4 cc 6.32090856781885E-01 sumModel-2.61705294199825E+02 sumForcing 2.42943711097236E+02 sumM 4.88051244915854E-02 trend-7.42866956410955E-02 aero 0.00000000000000E+00 level-1.93055945009348E+03 k0 2.98117220746314E+04 init-1.65015485502360E+00 IR-4.25343009001893E-01 impC 2.71850519995576E-02 mP 5.73824449710383E-03 year-5.48601554518334E-06 sumLPAP 1.29809696191975E+00 harm
KEEPDBG accept 2 cc 6.20212853271843E-01 sumModel-2.09753314973600E+02 sumForcing 2.53841484940114E+02 sumM 4.87570261971039E-02 trend-4.21084292230956E-02 aero 0.00000000000000E+00 level 4.59983324566243E+02 k0-4.10539378529936E+03 init-1.64890112846678E+00 IR-5.08708359306436E-01 impC 3.01034206145067E-02 mP 5.51492872052613E-03 year-5.48601554518334E-06 sumLPAP 1.29809696191975E+00 harm
KEEPDBG accept 4 cc 6.32091209617308E-01 sumModel-2.61705240859937E+02 sumForcing 2.42943820875058E+02 sumM 4.88051244915854E-02 trend-7.42867169261260E-02 aero 0.00000000000000E+00 level-1.93056677145891E+03 k0 2.98118055591050E+04 init-1.65015485502360E+00 IR-4.25343009001893E-01 impC 2.71850519995576E-02 mP 5.73825316795263E-03 year-5.48601554518334E-06 sumLPAP 1.29809696191975E+00 harm
KEEPDBG accept 9 cc 6.31892517434988E-01 sumModel-2.22829347835906E+02 sumForcing 1.62665071916908E+02 sumM 4.84572423185118E-02 trend-4.65378525887396E-02 aero 0.00000000000000E+00 level 2.34361688496612E+03 k0-1.46867221319295E+04 init-1.61937876601502E+00 IR-5.09507277686423E-01 impC 3.04114946287556E-02 mP 5.44539427592960E-03 year-5.48601554518334E-06 sumLPAP 1.29809696191975E+00 harm
KEEPDBG accept 6 cc 6.22241255647338E-01 sumModel-2.06660737906479E+02 sumForcing 1.41548461659101E+02 sumM 4.79311194618545E-02 trend-4.17551851005139E-02 aero 0.00000000000000E+00 level 1.31005508741059E+03 k0-2.43478377238224E+04 init-1.57755450988468E+00 IR-5.15307111509781E-01 impC 3.01433055086041E-02 mP 5.55517765113865E-03 year-5.48601554518334E-06 sumLPAP 1.29809696191975E+00 harm
KEEPDBG accept 9 cc 6.31892678468922E-01 sumModel-2.22829407258411E+02 sumForcing 1.62751829568625E+02 sumM 4.84572423185118E-02 trend-4.65379110565254E-02 aero 0.00000000000000E+00 level 2.34121329172553E+03 k0-1.46631607752087E+04 init-1.61937876601502E+00 IR-5.09507277686423E-01 impC 3.04114946287556E-02 mP 5.44539427592960E-03 year-5.48601554518334E-06 sumLPAP 1.29809696191975E+00 harm
KEEPDBG accept 16 cc 6.20217637339882E-01 sumModel-2.10157132992584E+02 sumForcing 1.93934950232570E+02 sumM 5.12797555852909E-02 trend-4.32026699606342E-02 aero 0.00000000000000E+00 level 1.13518718424991E+03 k0-1.49900237977141E+04 init-1.67514134492189E+00 IR-5.08073521944515E-01 impC 2.95504502425726E-02 mP 5.52001300367053E-03 year-5.48601554518334E-06 sumLPAP 1.29809696191975E+00 harm
KEEPDBG accept 4 cc 6.32091213963057E-01 sumModel-2.61705159286057E+02 sumForcing 2.42943820875058E+02 sumM 4.88050968176268E-02 trend-7.42867330419191E-02 aero 0.00000000000000E+00 level-1.93057105802856E+03 k0 2.98118279786113E+04 init-1.65015485502360E+00 IR-4.25343009001893E-01 impC 2.71850519995576E-02 mP 5.73825316795263E-03 year-5.48601554518334E-06 sumLPAP 1.29809696191975E+00 harm
KEEPDBG accept 2 cc 6.20215477580655E-01 sumModel-2.09755775323952E+02 sumForcing 2.53822570134159E+02 sumM 4.87570261971039E-02 trend-4.21028493337870E-02 aero 0.00000000000000E+00 level 4.59904207823992E+02 k0-4.10522184742151E+03 init-1.64890112846678E+00 IR-5.08708359306436E-01 impC 3.01034206145067E-02 mP 5.51492872052613E-03 year-5.48601554518334E-06 sumLPAP 1.29809696191975E+00 harm
KEEPDBG accept 16 cc 6.20217743927426E-01 sumModel-2.10157346426688E+02 sumForcing 1.93933586589469E+02 sumM 5.12797555852909E-02 trend-4.32020673500532E-02 aero 0.00000000000000E+00 level 1.13516994929567E+03 k0-1.49899905895646E+04 init-1.67514134492189E+00 IR-5.08073521944515E-01 impC 2.95504502425726E-02 mP 5.52001300367053E-03 year-5.48601554518334E-06 sumLPAP 1.29809696191975E+00 harm
KEEPDBG accept 16 cc 6.20218011324886E-01 sumModel-2.10157856256990E+02 sumForcing 1.93930772473025E+02 sumM 5.12797555852909E-02 trend-4.32008392456258E-02 aero 0.00000000000000E+00 level 1.13513242211982E+03 k0-1.49898592174726E+04 init-1.67514134492189E+00 IR-5.08073521944515E-01 impC 2.95504502425726E-02 mP 5.52001300367053E-03 year-5.48601554518334E-06 sumLPAP 1.29809696191975E+00 harm
KEEPDBG accept 6 cc 6.22241277685168E-01 sumModel-2.06660826872445E+02 sumForcing 1.41548461659101E+02 sumM 4.92690052687463E-02 trend-4.17552188340323E-02 aero 0.00000000000000E+00 level 1.59495878556519E+03 k0-2.99824334851730E+04 init-1.57755450988468E+00 IR-5.15307111509781E-01 impC 3.01433055086041E-02 mP 5.55517765113865E-03 year-5.48601554518334E-06 sumLPAP 1.29809696191975E+00 harm
KEEPDBG accept 9 cc 6.31893259363367E-01 sumModel-2.22829455959556E+02 sumForcing 1.62752350909226E+02 sumM 4.84572423185118E-02 trend-4.65380498109469E-02 aero 0.00000000000000E+00 level 2.34120380837155E+03 k0-1.46629568366801E+04 init-1.61937876601502E+00 IR-5.09507277686423E-01 impC 3.04114946287556E-02 mP 5.44539427592960E-03 year-5.48601554518334E-06 sumLPAP 1.29809696191975E+00 harm
KEEPDBG accept 4 cc 6.32091217879780E-01 sumModel-2.61705039574012E+02 sumForcing 2.42943820702426E+02 sumM 4.88050968176268E-02 trend-7.42867209560395E-02 aero 0.00000000000000E+00 level-1.93056114550510E+03 k0 2.98117199831571E+04 init-1.65015485502360E+00 IR-4.25343009001893E-01 impC 2.71850519995576E-02 mP 5.73825316795263E-03 year-5.48601554518334E-06 sumLPAP 1.29809696191975E+00 harm
KEEPDBG accept 16 cc 6.20218013603157E-01 sumModel-2.10157805077597E+02 sumForcing 1.93930772473025E+02 sumM 5.07291687622163E-02 trend-4.32008241049953E-02 aero 0.00000000000000E+00 level 1.03662591005959E+03 k0-1.35881481157491E+04 init-1.67514134492189E+00 IR-5.08073521944515E-01 impC 2.95504502425726E-02 mP 5.52001300367053E-03 year-5.48601554518334E-06 sumLPAP 1.29809696191975E+00 harm
KEEPDBG accept 16 cc 6.20218361888746E-01 sumModel-2.10158478291403E+02 sumForcing 1.93926677583457E+02 sumM 5.07291687622163E-02 trend-4.31990255669315E-02 aero 0.00000000000000E+00 level 1.03657762089526E+03 k0-1.35880187436948E+04 init-1.67514134492189E+00 IR-5.08073521944515E-01 impC 2.95504502425726E-02 mP 5.52001300367053E-03 year-5.48601554518334E-06 sumLPAP 1.29809696191975E+00 harm
KEEPDBG accept 1 cc 6.20922771574897E-01 sumModel-2.09338032088917E+02 sumForcing 1.84248330545924E+02 sumM 5.02672359909287E-02 trend-4.19730586988454E-02 aero 0.00000000000000E+00 level 1.01828645866799E+03 k0-1.40011590425952E+04 init-1.65518027097150E+00 IR-5.09772446835226E-01 impC 3.01833460338013E-02 mP 5.52467076278122E-03 year-5.48601554518334E-06 sumLPAP 1.29809696191975E+00 harm
KEEPDBG accept 4 cc 6.32091232761933E-01 sumModel-2.61705186608179E+02 sumForcing 2.42944059193955E+02 sumM 4.88051035610739E-02 trend-7.42867212395032E-02 aero 0.00000000000000E+00 level-1.93056884522424E+03 k0 2.98117591163570E+04 init-1.65015485502360E+00 IR-4.25343009001893E-01 impC 2.71850519995576E-02 mP 5.73825316795263E-03 year-5.48601554518334E-06 sumLPAP 1.29809696191975E+00 harm
KEEPDBG accept 4 cc 6.32101268564791E-01 sumModel-2.61705847852458E+02 sumForcing 2.42940980538650E+02 sumM 4.88051035610739E-02 trend-7.42875180377020E-02 aero 0.00000000000000E+00 level-1.93058343155376E+03 k0 2.98134274929550E+04 init-1.65015485502360E+00 IR-4.25343009001893E-01 impC 2.71850519995576E-02 mP 5.73825881650941E-03 year-5.48601554518334E-06 sumLPAP 1.29809696191975E+00 harm
KEEPDBG accept 4 cc 6.32101271769742E-01 sumModel-2.61705908795656E+02 sumForcing 2.42940980538650E+02 sumM 4.88051521747939E-02 trend-7.42875350561486E-02 aero 0.00000000000000E+00 level-1.93061245770520E+03 k0 2.98138003502662E+04 init-1.65015485502360E+00 IR-4.25343009001893E-01 impC 2.71850519995576E-02 mP 5.73825881650941E-03 year-5.48601554518334E-06 sumLPAP 1.29809696191975E+00 harm
KEEPDBG accept 9 cc 6.31893410833431E-01 sumModel-2.22855001754774E+02 sumForcing 1.62752350909226E+02 sumM 4.84572423185118E-02 trend-4.65380498109469E-02 aero 0.00000000000000E+00 level 2.34120380837155E+03 k0-1.46629568366801E+04 init-1.61937876601502E+00 IR-5.09507277686423E-01 impC 3.02920327303129E-02 mP 5.44539427592960E-03 year-5.48601554518334E-06 sumLPAP 1.29809696191975E+00 harm
KEEPDBG accept 8 cc 6.21239334554888E-01 sumModel-2.09311191522857E+02 sumForcing 1.62524816258518E+02 sumM 5.08046326891435E-02 trend-4.27269612131805E-02 aero 0.00000000000000E+00 level 1.44005917375485E+03 k0-2.28844992886653E+04 init-1.61175982499512E+00 IR-5.09425179363993E-01 impC 3.20760561046990E-02 mP 5.52777770871334E-03 year-5.48601554518334E-06 sumLPAP 1.29809696191975E+00 harm
KEEPDBG accept 11 cc 6.21845459386517E-01 sumModel-2.04211121277441E+02 sumForcing 1.36701395823983E+02 sumM 4.81637593818138E-02 trend-4.03761023920224E-02 aero 0.00000000000000E+00 level 1.28826094224013E+03 k0-2.43865489563084E+04 init-1.50081703196254E+00 IR-5.22650700703401E-01 impC 3.01593948775502E-02 mP 5.55669695368783E-03 year-5.48601554518334E-06 sumLPAP 1.29809696191975E+00 harm
KEEPDBG accept 3 cc 6.20861248481031E-01 sumModel-2.06133288343721E+02 sumForcing 1.49747044305398E+02 sumM 5.10790193079791E-02 trend-4.14808953737403E-02 aero 0.00000000000000E+00 level 1.72241228217198E+03 k0-3.00411850836518E+04 init-1.65515334960070E+00 IR-5.16661743088638E-01 impC 3.13641227029752E-02 mP 5.52155082611859E-03 year-5.48601554518334E-06 sumLPAP 1.29809696191975E+00 harm
KEEPDBG accept 9 cc 6.32292355034100E-01 sumModel-2.22723572546537E+02 sumForcing 1.63093083800408E+02 sumM 4.84572423185118E-02 trend-4.64256778968566E-02 aero 0.00000000000000E+00 level 2.35343147004511E+03 k0-1.47437599407230E+04 init-1.61937876601502E+00 IR-5.09507277686423E-01 impC 3.02920327303129E-02 mP 5.44539427592960E-03 year-5.48601554518334E-06 sumLPAP 1.29809696191975E+00 harm
KEEPDBG accept 9 cc 6.32292355041329E-01 sumModel-2.22723573754534E+02 sumForcing 1.63093083800408E+02 sumM 4.84572423185118E-02 trend-4.64256778968566E-02 aero 0.00000000000000E+00 level 2.35343147004511E+03 k0-1.47437599407230E+04 init-1.61937876601502E+00 IR-5.09507277686423E-01 impC 3.02920270812583E-02 mP 5.44539427592960E-03 year-5.48601554518334E-06 sumLPAP 1.29809696191975E+00 harm
KEEPDBG accept 11 cc 6.21845525841288E-01 sumModel-2.04096965109918E+02 sumForcing 1.36701395823983E+02 sumM 4.81637593818138E-02 trend-4.03761023920224E-02 aero 0.00000000000000E+00 level 1.28826094224013E+03 k0-2.43865489563084E+04 init-1.50081703196254E+00 IR-5.22650700703401E-01 impC 3.06849360787935E-02 mP 5.55669695368783E-03 year-5.48601554518334E-06 sumLPAP 1.29809696191975E+00 harm
KEEPDBG accept 3 cc 6.20942162851060E-01 sumModel-2.06162370381351E+02 sumForcing 1.49579504676984E+02 sumM 5.10790193079791E-02 trend-4.13920224921129E-02 aero 0.00000000000000E+00 level 1.71836950035143E+03 k0-3.00430162354389E+04 init-1.65515334960070E+00 IR-5.16661743088638E-01 impC 3.13641227029752E-02 mP 5.52155082611859E-03 year-5.48601554518334E-06 sumLPAP 1.29809696191975E+00 harm
KEEPDBG accept 14 cc 6.20675102207061E-01 sumModel-2.04653164839648E+02 sumForcing 3.14788783191322E+02 sumM 5.20109984862316E-02 trend-4.01452369553566E-02 aero 0.00000000000000E+00 level 4.95106844199990E+02 k0-3.64560693879786E+03 init-1.60917391391376E+00 IR-5.23023186565323E-01 impC 2.99569371044780E-02 mP 5.51492872052613E-03 year-5.48601554518334E-06 sumLPAP 1.29809696191975E+00 harm
KEEPDBG accept 4 cc 6.32101404638576E-01 sumModel-2.61705928137354E+02 sumForcing 2.42940934213055E+02 sumM 4.88051330983115E-02 trend-7.42875497679621E-02 aero 0.00000000000000E+00 level-1.93061184383091E+03 k0 2.98138068836808E+04 init-1.65015485502360E+00 IR-4.25343009001893E-01 impC 2.71850519995576E-02 mP 5.73825881650941E-03 year-5.48601554518334E-06 sumLPAP 1.29809696191975E+00 harm
KEEPDBG accept 9 cc 6.32292381147793E-01 sumModel-2.22723592473577E+02 sumForcing 1.63093085242036E+02 sumM 4.84572423185118E-02 trend-4.64256771917758E-02 aero 0.00000000000000E+00 level 2.35343192636078E+03 k0-1.47437815870221E+04 init-1.61937876601502E+00 IR-5.09507277686423E-01 impC 3.02920270812583E-02 mP 5.44539427592960E-03 year-5.48601554518334E-06 sumLPAP 1.29809696191975E+00 harm
KEEPDBG accept 3 cc 6.20943385322880E-01 sumModel-2.06162867716769E+02 sumForcing 1.49576812444437E+02 sumM 5.10790193079791E-02 trend-4.13906127140496E-02 aero 0.00000000000000E+00 level 1.71830280780440E+03 k0-3.00429509498706E+04 init-1.65515334960070E+00 IR-5.16661743088638E-01 impC 3.13641227029752E-02 mP 5.52155082611859E-03 year-5.48601554518334E-06 sumLPAP 1.29809696191975E+00 harm
KEEPDBG accept 9 cc 6.32292514526333E-01 sumModel-2.22723559993064E+02 sumForcing 1.63093261564109E+02 sumM 4.84572555754730E-02 trend-4.64257027269023E-02 aero 0.00000000000000E+00 level 2.35342839376427E+03 k0-1.47436963424106E+04 init-1.61937876601502E+00 IR-5.09507277686423E-01 impC 3.02920270812583E-02 mP 5.44539427592960E-03 year-5.48601554518334E-06 sumLPAP 1.29809696191975E+00 harm
KEEPDBG accept 5 cc 6.20813033585777E-01 sumModel-2.09220749123774E+02 sumForcing 1.78457969858188E+02 sumM 5.06992555679950E-02 trend-4.21815316272157E-02 aero 0.00000000000000E+00 level 1.17004667140420E+03 k0-1.67989441478205E+04 init-1.68323219683207E+00 IR-5.09962899006943E-01 impC 3.03183540597754E-02 mP 5.51776347014719E-03 year-5.48601554518334E-06 sumLPAP 1.29809696191975E+00 harm
KEEPDBG accept 9 cc 6.32292944792194E-01 sumModel-2.22723541635808E+02 sumForcing 1.63093642047070E+02 sumM 4.84572841822849E-02 trend-4.64257514362963E-02 aero 0.00000000000000E+00 level 2.35342399185676E+03 k0-1.47436374427616E+04 init-1.61937876601502E+00 IR-5.09507277686423E-01 impC 3.02920270812583E-02 mP 5.44539427592960E-03 year-5.48601554518334E-06 sumLPAP 1.29809696191975E+00 harm
KEEPDBG accept 9 cc 6.32293013724032E-01 sumModel-2.22723540972738E+02 sumForcing 1.63093667521453E+02 sumM 4.84572841822849E-02 trend-4.64257310627338E-02 aero 0.00000000000000E+00 level 2.35342530428002E+03 k0-1.47436722049829E+04 init-1.61938116518075E+00 IR-5.09507277686423E-01 impC 3.02920270812583E-02 mP 5.44539427592960E-03 year-5.48601554518334E-06 sumLPAP 1.29809696191975E+00 harm
KEEPDBG accept 6 cc 6.22247181744256E-01 sumModel-2.06664189996606E+02 sumForcing 1.41537246171728E+02 sumM 4.92690052687463E-02 trend-4.17482222996483E-02 aero 0.00000000000000E+00 level 1.59477165363827E+03 k0-2.99822865189409E+04 init-1.57755450988468E+00 IR-5.15307111509781E-01 impC 3.01433055086041E-02 mP 5.55517765113865E-03 year-5.48601554518334E-06 sumLPAP 1.29809696191975E+00 harm
KEEPDBG accept 14 cc 6.20675136694876E-01 sumModel-2.03720675001037E+02 sumForcing 3.14788783191322E+02 sumM 5.20109984862316E-02 trend-4.01452369553566E-02 aero 0.00000000000000E+00 level 4.95106844199990E+02 k0-3.64560693879786E+03 init-1.60917391391376E+00 IR-5.23023186565323E-01 impC 3.42487991891507E-02 mP 5.51492872052613E-03 year-5.48601554518334E-06 sumLPAP 1.29809696191975E+00 harm
KEEPDBG accept 9 cc 6.32295245210638E-01 sumModel-2.22722746298451E+02 sumForcing 1.63095687957640E+02 sumM 4.84572841822849E-02 trend-4.64250640383226E-02 aero 0.00000000000000E+00 level 2.35349662131897E+03 k0-1.47441264100007E+04 init-1.61938116518075E+00 IR-5.09507277686423E-01 impC 3.02920270812583E-02 mP 5.44539427592960E-03 year-5.48601554518334E-06 sumLPAP 1.29809696191975E+00 harm
KEEPDBG accept 13 cc 6.21196744755137E-01 sumModel-2.07111913184362E+02 sumForcing 2.17282121258449E+02 sumM 4.99352788359814E-02 trend-4.19083145301388E-02 aero 0.00000000000000E+00 level 7.19143299330031E+02 k0-8.11921054736205E+03 init-1.66138086652861E+00 IR-5.15586292638069E-01 impC 3.11981188089352E-02 mP 5.54871041063005E-03 year-5.48601554518334E-06 sumLPAP 1.29809696191975E+00 harm
KEEPDBG accept 1 cc 6.20932052796884E-01 sumModel-2.09349962014106E+02 sumForcing 1.84191740976104E+02 sumM 5.02672359909287E-02 trend-4.19496142505214E-02 aero 0.00000000000000E+00 level 1.01757455884745E+03 k0-1.39982370038323E+04 init-1.65518027097150E+00 IR-5.09772446835226E-01 impC 3.01833460338013E-02 mP 5.52467076278122E-03 year-5.48601554518334E-06 sumLPAP 1.29809696191975E+00 harm
KEEPDBG accept 16 cc 6.20218382536925E-01 sumModel-2.10158535121353E+02 sumForcing 1.93926069908114E+02 sumM 5.07291687622163E-02 trend-4.31987487505593E-02 aero 0.00000000000000E+00 level 1.03657115015247E+03 k0-1.35880295769083E+04 init-1.67514134492189E+00 IR-5.08073521944515E-01 impC 2.95504502425726E-02 mP 5.52001300367053E-03 year-5.48601554518334E-06 sumLPAP 1.29809696191975E+00 harm
KEEPDBG accept 1 cc 6.20936972058896E-01 sumModel-2.09357225194138E+02 sumForcing 1.84158025153104E+02 sumM 5.02672359909287E-02 trend-4.19356721481011E-02 aero 0.00000000000000E+00 level 1.01714689664793E+03 k0-1.39964276419714E+04 init-1.65518027097150E+00 IR-5.09772446835226E-01 impC 3.01833460338013E-02 mP 5.52467076278122E-03 year-5.48601554518334E-06 sumLPAP 1.29809696191975E+00 harm
KEEPDBG accept 7 cc 6.20964608039227E-01 sumModel-2.09577178445217E+02 sumForcing 1.76503640641813E+02 sumM 5.04403761011683E-02 trend-4.36230144864890E-02 aero 0.00000000000000E+00 level 1.17221814160686E+03 k0-1.66855828902388E+04 init-1.64879384884806E+00 IR-5.09533194303163E-01 impC 3.19966660976378E-02 mP 5.53903863129181E-03 year-5.48601554518334E-06 sumLPAP 1.29809696191975E+00 harm
KEEPDBG accept 9 cc 6.32295374141000E-01 sumModel-2.22722751618304E+02 sumForcing 1.63095795191995E+02 sumM 4.84572841822849E-02 trend-4.64250633607314E-02 aero 0.00000000000000E+00 level 2.35349756180706E+03 k0-1.47441300003831E+04 init-1.61938116518075E+00 IR-5.09507277686423E-01 impC 3.02920270812583E-02 mP 5.44539427592960E-03 year-5.48601554518334E-06 sumLPAP 1.29809696191975E+00 harm
KEEPDBG accept 4 cc 6.32125258380870E-01 sumModel-2.61702671266077E+02 sumForcing 2.42948856822263E+02 sumM 4.88051330983115E-02 trend-7.42881660390778E-02 aero 0.00000000000000E+00 level-1.93031664307725E+03 k0 2.98119128125861E+04 init-1.65015485502360E+00 IR-4.25343009001893E-01 impC 2.71850519995576E-02 mP 5.73825881650941E-03 year-5.48601554518334E-06 sumLPAP 1.29809696191975E+00 harm
KEEPDBG accept 9 cc 6.32295387244806E-01 sumModel-2.22722766787977E+02 sumForcing 1.63095795479533E+02 sumM 4.84572841822849E-02 trend-4.64250625110540E-02 aero 0.00000000000000E+00 level 2.35349774881252E+03 k0-1.47441422135905E+04 init-1.61938116518075E+00 IR-5.09507277686423E-01 impC 3.02920270812583E-02 mP 5.44539427592960E-03 year-5.48601554518334E-06 sumLPAP 1.29809696191975E+00 harm
KEEPDBG accept 12 cc 6.20831469313220E-01 sumModel-2.10029890873354E+02 sumForcing 2.43199599042657E+02 sumM 5.19125701476296E-02 trend-4.24341316121346E-02 aero 0.00000000000000E+00 level 8.05788784860714E+02 k0-8.09659432710518E+03 init-1.56853260535368E+00 IR-5.08700791413222E-01 impC 3.00958180385875E-02 mP 5.73782747064630E-03 year-5.48601554518334E-06 sumLPAP 1.29809696191975E+00 harm
KEEPDBG accept 4 cc 6.32162122946191E-01 sumModel-2.61701970059770E+02 sumForcing 2.43746342191893E+02 sumM 4.88276761030925E-02 trend-7.42927634258668E-02 aero 0.00000000000000E+00 level-1.95953583106843E+03 k0 2.99672552147892E+04 init-1.65015485502360E+00 IR-4.25343009001893E-01 impC 2.71850519995576E-02 mP 5.73825881650941E-03 year-5.48601554518334E-06 sumLPAP 1.29809696191975E+00 harm
KEEPDBG accept 12 cc 6.20875666184078E-01 sumModel-2.10044526936363E+02 sumForcing 2.43055900573645E+02 sumM 5.19125701476296E-02 trend-4.23836424002775E-02 aero 0.00000000000000E+00 level 8.04727222709299E+02 k0-8.09408024130154E+03 init-1.56853260535368E+00 IR-5.08700791413222E-01 impC 3.00958180385875E-02 mP 5.73782747064630E-03 year-5.48601554518334E-06 sumLPAP 1.29809696191975E+00 harm
KEEPDBG accept 16 cc 6.20218618817771E-01 sumModel-2.10159008638807E+02 sumForcing 1.93923040315233E+02 sumM 5.07291687622163E-02 trend-4.31974139253804E-02 aero 0.00000000000000E+00 level 1.03653561375059E+03 k0-1.35879459408270E+04 init-1.67514134492189E+00 IR-5.08073521944515E-01 impC 2.95504502425726E-02 mP 5.52001300367053E-03 year-5.48601554518334E-06 sumLPAP 1.29809696191975E+00 harm
KEEPDBG accept 7 cc 6.20969830129556E-01 sumModel-2.09578375859874E+02 sumForcing 2.40260655775230E+02 sumM 5.04403761011683E-02 trend-4.36129297952080E-02 aero 0.00000000000000E+00 level 6.70330164570616E+02 k0-6.61297930344591E+03 init-1.64879384884806E+00 IR-5.09533194303163E-01 impC 3.19966660976378E-02 mP 5.53903863129181E-03 year-5.48601554518334E-06 sumLPAP 1.29809696191975E+00 harm
KEEPDBG accept 1 cc 6.20963392003719E-01 sumModel-2.09796962426795E+02 sumForcing 1.86608209936550E+02 sumM 5.02672359909287E-02 trend-4.23062555599885E-02 aero 0.00000000000000E+00 level 1.05001886924599E+03 k0-1.41509399012358E+04 init-1.65518027097150E+00 IR-5.09772446835226E-01 impC 3.01833460338013E-02 mP 5.52467076278122E-03 year-5.48601554518334E-06 sumLPAP 1.29809696191975E+00 harm
KEEPDBG accept 9 cc 6.32295484967815E-01 sumModel-2.22722755141146E+02 sumForcing 1.63095911022778E+02 sumM 4.84572928690704E-02 trend-4.64250782180099E-02 aero 0.00000000000000E+00 level 2.35349532381528E+03 k0-1.47440981143922E+04 init-1.61938116518075E+00 IR-5.09507277686423E-01 impC 3.02920270812583E-02 mP 5.44539427592960E-03 year-5.48601554518334E-06 sumLPAP 1.29809696191975E+00 harm
KEEPDBG accept 7 cc 6.20970973234832E-01 sumModel-2.09578729236707E+02 sumForcing 2.40255988554081E+02 sumM 5.04403761011683E-02 trend-4.36108055766804E-02 aero 0.00000000000000E+00 level 6.70295923935597E+02 k0-6.61289686971823E+03 init-1.64879384884806E+00 IR-5.09533194303163E-01 impC 3.19966660976378E-02 mP 5.53903863129181E-03 year-5.48601554518334E-06 sumLPAP 1.29809696191975E+00 harm
KEEPDBG accept 9 cc 6.32295513866411E-01 sumModel-2.22722775870016E+02 sumForcing 1.63095911128794E+02 sumM 4.84572928690704E-02 trend-4.64250769794038E-02 aero 0.00000000000000E+00 level 2.35349598421207E+03 k0-1.47441234314953E+04 init-1.61938116518075E+00 IR-5.09507277686423E-01 impC 3.02920270812583E-02 mP 5.44539427592960E-03 year-5.48601554518334E-06 sumLPAP 1.29809696191975E+00 harm
KEEPDBG accept 2 cc 6.20305371983285E-01 sumModel-2.09797994238668E+02 sumForcing 2.54464846055662E+02 sumM 4.87570261971039E-02 trend-4.21605743904843E-02 aero 0.00000000000000E+00 level 4.62618282271860E+02 k0-4.11993585797000E+03 init-1.64890112846678E+00 IR-5.08708359306436E-01 impC 3.01034206145067E-02 mP 5.51492872052613E-03 year-5.48601554518334E-06 sumLPAP 1.29809696191975E+00 harm
KEEPDBG accept 13 cc 6.21197184447017E-01 sumModel-2.07112510587680E+02 sumForcing 2.22500416805382E+02 sumM 4.99352788359814E-02 trend-4.19067947271468E-02 aero 0.00000000000000E+00 level 6.89429447183617E+02 k0-7.56071806957288E+03 init-1.66138086652861E+00 IR-5.15586292638069E-01 impC 3.11981188089352E-02 mP 5.54871041063005E-03 year-5.48601554518334E-06 sumLPAP 1.29809696191975E+00 harm
KEEPDBG accept 12 cc 6.20875687016919E-01 sumModel-2.09992382260137E+02 sumForcing 2.43055900573645E+02 sumM 5.19125701476296E-02 trend-4.23836424002775E-02 aero 0.00000000000000E+00 level 8.04727222709299E+02 k0-8.09408024130154E+03 init-1.56853260535368E+00 IR-5.08700791413222E-01 impC 3.03380860344663E-02 mP 5.73782747064630E-03 year-5.48601554518334E-06 sumLPAP 1.29809696191975E+00 harm
KEEPDBG accept 8 cc 6.21248067865368E-01 sumModel-2.09316243696915E+02 sumForcing 1.85810816571331E+02 sumM 5.08046326891435E-02 trend-4.27120441070745E-02 aero 0.00000000000000E+00 level 1.11996868769042E+03 k0-1.53046176375872E+04 init-1.61175982499512E+00 IR-5.09425179363993E-01 impC 3.20760561046990E-02 mP 5.52777770871334E-03 year-5.48601554518334E-06 sumLPAP 1.29809696191975E+00 harm
KEEPDBG accept 9 cc 6.32295545979089E-01 sumModel-2.22722715983932E+02 sumForcing 1.63095937720615E+02 sumM 4.84572928690704E-02 trend-4.64250721064354E-02 aero 0.00000000000000E+00 level 2.35349615504582E+03 k0-1.47441260212293E+04 init-1.61938116518075E+00 IR-5.09507277686423E-01 impC 3.02920270812583E-02 mP 5.44539427592960E-03 year-5.48601554518334E-06 sumLPAP 1.29809696191975E+00 harm
KEEPDBG accept 5 cc 6.20980389123260E-01 sumModel-2.09195361031884E+02 sumForcing 1.78684615709365E+02 sumM 5.06992555679950E-02 trend-4.21845224511327E-02 aero 0.00000000000000E+00 level 1.17762498334717E+03 k0-1.68928456709246E+04 init-1.68323219683207E+00 IR-5.09962899006943E-01 impC 3.03183540597754E-02 mP 5.51776347014719E-03 year-5.48601554518334E-06 sumLPAP 1.29809696191975E+00 harm
KEEPDBG accept 14 cc 6.20675162098454E-01 sumModel-2.03720698462381E+02 sumForcing 3.14788613773803E+02 sumM 5.20109984862316E-02 trend-4.01452032429194E-02 aero 0.00000000000000E+00 level 4.95106191294053E+02 k0-3.64560434647322E+03 init-1.60917391391376E+00 IR-5.23023186565323E-01 impC 3.42487991891507E-02 mP 5.51492872052613E-03 year-5.48601554518334E-06 sumLPAP 1.29809696191975E+00 harm
KEEPDBG accept 13 cc 6.21224091317545E-01 sumModel-2.07083165425793E+02 sumForcing 2.22529885158602E+02 sumM 4.99352788359814E-02 trend-4.18798556410479E-02 aero 0.00000000000000E+00 level 6.96177957709944E+02 k0-7.62998238200598E+03 init-1.66138086652861E+00 IR-5.15586292638069E-01 impC 3.11981188089352E-02 mP 5.54871041063005E-03 year-5.48601554518334E-06 sumLPAP 1.29809696191975E+00 harm
KEEPDBG accept 13 cc 6.21224107127596E-01 sumModel-2.07083209585815E+02 sumForcing 2.22529885158602E+02 sumM 5.01417900733875E-02 trend-4.18798696010521E-02 aero 0.00000000000000E+00 level 7.17901506090508E+02 k0-7.89862814408834E+03 init-1.66138086652861E+00 IR-5.15586292638069E-01 impC 3.11981188089352E-02 mP 5.54871041063005E-03 year-5.48601554518334E-06 sumLPAP 1.29809696191975E+00 harm
KEEPDBG accept 13 cc 6.21231097184166E-01 sumModel-2.07089586916341E+02 sumForcing 2.22490074341358E+02 sumM 5.01417900733875E-02 trend-4.18650193723731E-02 aero 0.00000000000000E+00 level 7.17617560571232E+02 k0-7.89767713662465E+03 init-1.66138086652861E+00 IR-5.15586292638069E-01 impC 3.11981188089352E-02 mP 5.54871041063005E-03 year-5.48601554518334E-06 sumLPAP 1.29809696191975E+00 harm
KEEPDBG accept 4 cc 6.33279770293493E-01 sumModel-2.61813390748582E+02 sumForcing 2.43378592549312E+02 sumM 4.86737040684264E-02 trend-7.43499137810898E-02 aero 0.00000000000000E+00 level-1.90950655317522E+03 k0 2.95703219703343E+04 init-1.65015485502360E+00 IR-4.25343009001893E-01 impC 2.71850519995576E-02 mP 5.73825881650941E-03 year-5.48601554518334E-06 sumLPAP 1.29809696191975E+00 harm
KEEPDBG accept 5 cc 6.20988321824656E-01 sumModel-2.09203923826647E+02 sumForcing 3.21531986713361E+02 sumM 5.06992555679950E-02 trend-4.21638760845946E-02 aero 0.00000000000000E+00 level 4.18384462748012E+02 k0-2.89635224013304E+03 init-1.68323219683207E+00 IR-5.09962899006943E-01 impC 3.03183540597754E-02 mP 5.51776347014719E-03 year-5.48601554518334E-06 sumLPAP 1.29809696191975E+00 harm
KEEPDBG accept 11 cc 6.21906093480111E-01 sumModel-2.04220853314409E+02 sumForcing 1.39090708179999E+02 sumM 4.81637593818138E-02 trend-4.03723843289201E-02 aero 0.00000000000000E+00 level 1.36664809575849E+03 k0-2.53356707792417E+04 init-1.50081703196254E+00 IR-5.22650700703401E-01 impC 3.06849360787935E-02 mP 5.55669695368783E-03 year-5.48601554518334E-06 sumLPAP 1.29809696191975E+00 harm
KEEPDBG accept 9 cc 6.32296546227313E-01 sumModel-2.22722412648751E+02 sumForcing 1.63096599266970E+02 sumM 4.84572928690704E-02 trend-4.64249342936832E-02 aero 0.00000000000000E+00 level 2.35350053347316E+03 k0-1.47444009538478E+04 init-1.61938116518075E+00 IR-5.09507277686423E-01 impC 3.02920270812583E-02 mP 5.44539427592960E-03 year-5.48601554518334E-06 sumLPAP 1.29809696191975E+00 harm
KEEPDBG accept 3 cc 6.20943387806893E-01 sumModel-2.06162902495871E+02 sumForcing 1.49576804885933E+02 sumM 5.10790193079791E-02 trend-4.13906105525874E-02 aero 0.00000000000000E+00 level 1.71830210629482E+03 k0-3.00429358767993E+04 init-1.65515334960070E+00 IR-5.16661743088638E-01 impC 3.13641227029752E-02 mP 5.52155082611859E-03 year-5.48601554518334E-06 sumLPAP 1.29809696191975E+00 harm
KEEPDBG accept 4 cc 6.33280067663165E-01 sumModel-2.61813436630419E+02 sumForcing 2.43378689781519E+02 sumM 4.86737040684264E-02 trend-7.43499411520270E-02 aero 0.00000000000000E+00 level-1.90952160508348E+03 k0 2.95704956261907E+04 init-1.65015485502360E+00 IR-4.25343009001893E-01 impC 2.71850519995576E-02 mP 5.73826625002521E-03 year-5.48601554518334E-06 sumLPAP 1.29809696191975E+00 harm
KEEPDBG accept 9 cc 6.32309888630651E-01 sumModel-2.22717782175632E+02 sumForcing 1.63108728580885E+02 sumM 4.84572928690704E-02 trend-4.64209308751019E-02 aero 0.00000000000000E+00 level 2.35392692261088E+03 k0-1.47471151019679E+04 init-1.61938116518075E+00 IR-5.09507277686423E-01 impC 3.02920270812583E-02 mP 5.44539427592960E-03 year-5.48601554518334E-06 sumLPAP 1.29809696191975E+00 harm
KEEPDBG accept 14 cc 6.20675273818846E-01 sumModel-2.03721451791460E+02 sumForcing 1.77015375727544E+02 sumM 5.20109984862316E-02 trend-4.01457156677560E-02 aero 0.00000000000000E+00 level 1.40168250064115E+03 k0-2.05037624944971E+04 init-1.60917391391376E+00 IR-5.23023186565323E-01 impC 3.42487991891507E-02 mP 5.51492872052613E-03 year-5.48601554518334E-06 sumLPAP 1.29809696191975E+00 harm
KEEPDBG accept 7 cc 6.20996617696791E-01 sumModel-2.09587667933992E+02 sumForcing-2.35974859117500E+02 sumM 5.04403761011683E-02 trend-4.35597086511231E-02 aero 0.00000000000000E+00 level 6.90393640055243E+02 k0 6.96744007826674E+03 init-1.64879384884806E+00 IR-5.09533194303163E-01 impC 3.19966660976378E-02 mP 5.53903863129181E-03 year-5.48601554518334E-06 sumLPAP 1.29809696191975E+00 harm
KEEPDBG accept 10 cc 6.20313646060415E-01 sumModel-2.07907233226316E+02 sumForcing 3.48588597702446E+02 sumM 5.04535353986780E-02 trend-4.15855786787373E-02 aero 0.00000000000000E+00 level 3.46399929711503E+02 k0-2.10889159775342E+03 init-1.69300528460219E+00 IR-5.13214634435710E-01 impC 3.14120074668809E-02 mP 5.52013535432203E-03 year-5.48601554518334E-06 sumLPAP 1.29809696191975E+00 harm
KEEPDBG accept 9 cc 6.32312024277964E-01 sumModel-2.22717060540293E+02 sumForcing 1.63110322180492E+02 sumM 4.84572928690704E-02 trend-4.64206442630871E-02 aero 0.00000000000000E+00 level 2.35394205448919E+03 k0-1.47476555342481E+04 init-1.61938116518075E+00 IR-5.09507277686423E-01 impC 3.02920270812583E-02 mP 5.44550377086585E-03 year-5.48601554518334E-06 sumLPAP 1.29809696191975E+00 harm
KEEPDBG accept 10 cc 6.20316219108514E-01 sumModel-2.07912000525838E+02 sumForcing 3.48545179411624E+02 sumM 5.04535353986780E-02 trend-4.15771375962574E-02 aero 0.00000000000000E+00 level 3.46304424483763E+02 k0-2.10870608004834E+03 init-1.69300528460219E+00 IR-5.13214634435710E-01 impC 3.14120074668809E-02 mP 5.52013535432203E-03 year-5.48601554518334E-06 sumLPAP 1.29809696191975E+00 harm
KEEPDBG accept 1 cc 6.20967680232038E-01 sumModel-2.09802320280220E+02 sumForcing 2.28031704189085E+02 sumM 5.02672359909287E-02 trend-4.22965507543398E-02 aero 0.00000000000000E+00 level 7.29207807956875E+02 k0-7.75093045147722E+03 init-1.65518027097150E+00 IR-5.09772446835226E-01 impC 3.01833460338013E-02 mP 5.52467076278122E-03 year-5.48601554518334E-06 sumLPAP 1.29809696191975E+00 harm
KEEPDBG accept 9 cc 6.32316933616704E-01 sumModel-2.22715478540671E+02 sumForcing 1.63113510550327E+02 sumM 4.84572928690704E-02 trend-4.64199745393938E-02 aero 0.00000000000000E+00 level 2.35396514868029E+03 k0-1.47490709469986E+04 init-1.61938116518075E+00 IR-5.09507277686423E-01 impC 3.02920270812583E-02 mP 5.44550377086585E-03 year-5.48601554518334E-06 sumLPAP 1.29809696191975E+00 harm
KEEPDBG accept 11 cc 6.23014818420936E-01 sumModel-2.03836415934923E+02 sumForcing 1.37019895170350E+02 sumM 4.81637593818138E-02 trend-3.97020535648904E-02 aero 0.00000000000000E+00 level 1.32377210523979E+03 k0-2.51051601470525E+04 init-1.43053019183858E+00 IR-5.22650700703401E-01 impC 3.06849360787935E-02 mP 5.55669695368783E-03 year-5.48601554518334E-06 sumLPAP 1.29809696191975E+00 harm
KEEPDBG accept 7 cc 6.20997673608859E-01 sumModel-2.09588084175304E+02 sumForcing-2.35969942533896E+02 sumM 5.04403761011683E-02 trend-4.35574370680603E-02 aero 0.00000000000000E+00 level 6.90355307050208E+02 k0 6.96733899673334E+03 init-1.64879384884806E+00 IR-5.09533194303163E-01 impC 3.19966660976378E-02 mP 5.53903863129181E-03 year-5.48601554518334E-06 sumLPAP 1.29809696191975E+00 harm
KEEPDBG accept 11 cc 6.23165757171971E-01 sumModel-2.03653552573632E+02 sumForcing 1.35656952841892E+02 sumM 4.81637593818138E-02 trend-3.95370036470396E-02 aero 0.00000000000000E+00 level 1.29618293287644E+03 k0-2.48658476332282E+04 init-1.43053019183858E+00 IR-5.22650700703401E-01 impC 3.06849360787935E-02 mP 5.46331048039516E-03 year-5.48601554518334E-06 sumLPAP 1.29809696191975E+00 harm
KEEPDBG accept 4 cc 6.33280067737121E-01 sumModel-2.61813460005584E+02 sumForcing 2.43378689781519E+02 sumM 4.86737040684264E-02 trend-7.43499411520270E-02 aero 0.00000000000000E+00 level-1.90952160508348E+03 k0 2.95704956261907E+04 init-1.65015485502360E+00 IR-4.25343009001893E-01 impC 2.71849370766756E-02 mP 5.73826625002521E-03 year-5.48601554518334E-06 sumLPAP 1.29809696191975E+00 harm
KEEPDBG accept 7 cc 6.21000197352828E-01 sumModel-2.09589117962083E+02 sumForcing-2.35958085504016E+02 sumM 5.04403761011683E-02 trend-4.35519647911657E-02 aero 0.00000000000000E+00 level 6.90262549932491E+02 k0 6.96708621134434E+03 init-1.64879384884806E+00 IR-5.09533194303163E-01 impC 3.19966660976378E-02 mP 5.53903863129181E-03 year-5.48601554518334E-06 sumLPAP 1.29809696191975E+00 harm
KEEPDBG accept 4 cc 6.33280304807691E-01 sumModel-2.61813573624250E+02 sumForcing 2.43379347814403E+02 sumM 4.86737040684264E-02 trend-7.43499486346849E-02 aero 0.00000000000000E+00 level-1.90951880810828E+03 k0 2.95703552080149E+04 init-1.65015485502360E+00 IR-4.25343009001893E-01 impC 2.71849370766756E-02 mP 5.73826625002521E-03 year-5.48601554518334E-06 sumLPAP 1.29809696191975E+00 harm
KEEPDBG accept 4 cc 6.33280304820715E-01 sumModel-2.61813577740993E+02 sumForcing 2.43379347814403E+02 sumM 4.86737040684264E-02 trend-7.43499486346849E-02 aero 0.00000000000000E+00 level-1.90951880810828E+03 k0 2.95703552080149E+04 init-1.65015485502360E+00 IR-4.25343009001893E-01 impC 2.71849168369064E-02 mP 5.73826625002521E-03 year-5.48601554518334E-06 sumLPAP 1.29809696191975E+00 harm
KEEPDBG accept 7 cc 6.21010712258360E-01 sumModel-2.09579026025597E+02 sumForcing-2.35967395729675E+02 sumM 5.04403761011683E-02 trend-4.35454811524958E-02 aero 0.00000000000000E+00 level 6.91163697934026E+02 k0 6.97717903043715E+03 init-1.64879384884806E+00 IR-5.09533194303163E-01 impC 3.19966660976378E-02 mP 5.53903863129181E-03 year-5.48601554518334E-06 sumLPAP 1.29809696191975E+00 harm
KEEPDBG accept 10 cc 6.25300353018652E-01 sumModel-2.21144755853562E+02 sumForcing 1.95856834604084E+02 sumM-9.70605628257925E-03 trend-4.88742701920395E-02 aero 0.00000000000000E+00 level 5.15596827785042E+01 k0 1.02583689594084E+03 init-1.69300528460219E+00 IR-5.13214634435710E-01 impC 3.14120074668809E-02 mP 5.52013535432203E-03 year-5.48601554518334E-06 sumLPAP 1.29809696191975E+00 harm
KEEPDBG accept 4 cc 6.33280310107241E-01 sumModel-2.61813301732781E+02 sumForcing 2.43379347814403E+02 sumM 4.86737051422370E-02 trend-7.43499569390565E-02 aero 0.00000000000000E+00 level-1.90952589201705E+03 k0 2.95704382677772E+04 init-1.65015485502360E+00 IR-4.25343009001893E-01 impC 2.71849168369064E-02 mP 5.73826625002521E-03 year-5.48601554518334E-06 sumLPAP 1.29809696191975E+00 harm
KEEPDBG accept 11 cc 6.23229648060467E-01 sumModel-2.03669756495896E+02 sumForcing 1.69838610065154E+02 sumM 4.81637593818138E-02 trend-3.95071644181187E-02 aero 0.00000000000000E+00 level 8.52889658607274E+02 k0-1.26557314517917E+04 init-1.43053019183858E+00 IR-5.22650700703401E-01 impC 3.06849360787935E-02 mP 5.46331048039516E-03 year-5.48601554518334E-06 sumLPAP 1.29809696191975E+00 harm
KEEPDBG accept 5 cc 6.21002655069226E-01 sumModel-2.07294489129552E+02 sumForcing 3.21531986713361E+02 sumM 5.06992555679950E-02 trend-4.16576057265957E-02 aero 0.00000000000000E+00 level 4.14077079936827E+02 k0-2.88440983290672E+03 init-1.68323219683207E+00 IR-5.14852658181841E-01 impC 3.03183540597754E-02 mP 5.51776347014719E-03 year-5.48601554518334E-06 sumLPAP 1.29809696191975E+00 harm
KEEPDBG accept 14 cc 6.20697982527135E-01 sumModel-2.03751335376483E+02 sumForcing 1.77232563906614E+02 sumM 5.20109984862316E-02 trend-4.01756027800935E-02 aero 0.00000000000000E+00 level 1.40621530134452E+03 k0-2.05329020071256E+04 init-1.60917391391376E+00 IR-5.23023186565323E-01 impC 3.42487991891507E-02 mP 5.51492872052613E-03 year-5.48601554518334E-06 sumLPAP 1.29809696191975E+00 harm
KEEPDBG accept 4 cc 6.33280363453915E-01 sumModel-2.61813321980521E+02 sumForcing 2.43379516939471E+02 sumM 4.86737051422370E-02 trend-7.43499655539127E-02 aero 0.00000000000000E+00 level-1.90953109680794E+03 k0 2.95704616127911E+04 init-1.65015485502360E+00 IR-4.25343009001893E-01 impC 2.71849168369064E-02 mP 5.73826625002521E-03 year-5.48601554518334E-06 sumLPAP 1.29809696191975E+00 harm
KEEPDBG accept 4 cc 6.33280587330907E-01 sumModel-2.61813329712526E+02 sumForcing 2.43379645683740E+02 sumM 4.86737051422370E-02 trend-7.43499698001136E-02 aero 0.00000000000000E+00 level-1.90954338042459E+03 k0 2.95706067788061E+04 init-1.65015724548181E+00 IR-4.25343009001893E-01 impC 2.71849168369064E-02 mP 5.73826625002521E-03 year-5.48601554518334E-06 sumLPAP 1.29809696191975E+00 harm
KEEPDBG accept 3 cc 6.20943544242409E-01 sumModel-2.06162620023185E+02 sumForcing-2.12611137087116E+02 sumM 5.10790193079791E-02 trend-4.13902022823264E-02 aero 0.00000000000000E+00 level 8.89965033931353E+02 k0 1.04606922951810E+04 init-1.65515334960070E+00 IR-5.16661743088638E-01 impC 3.13641227029752E-02 mP 5.52155082611859E-03 year-5.48601554518334E-06 sumLPAP 1.29809696191975E+00 harm
KEEPDBG accept 14 cc 6.20772285305062E-01 sumModel-2.04008622108380E+02 sumForcing 1.87675774892562E+01 sumM 5.20109984862316E-02 trend-4.02316474397464E-02 aero 0.00000000000000E+00 level 1.18255672205258E+05 k0-1.71323098913606E+07 init-1.60917391391376E+00 IR-5.23023186565323E-01 impC 3.42487991891507E-02 mP 5.51492872052613E-03 year-5.48601554518334E-06 sumLPAP 1.29809696191975E+00 harm
KEEPDBG accept 6 cc 6.22261356030840E-01 sumModel-2.06672544886489E+02 sumForcing 1.61113295576935E+02 sumM 4.92690052687463E-02 trend-4.17310745378193E-02 aero 0.00000000000000E+00 level 1.24795518254607E+03 k0-2.03149637218473E+04 init-1.57755450988468E+00 IR-5.15307111509781E-01 impC 3.01433055086041E-02 mP 5.55517765113865E-03 year-5.48601554518334E-06 sumLPAP 1.29809696191975E+00 harm
KEEPDBG accept 10 cc 6.25357166822143E-01 sumModel-2.21111548216473E+02 sumForcing 1.95493043072385E+02 sumM-9.70605628257925E-03 trend-4.88263976694313E-02 aero 0.00000000000000E+00 level 5.16287672846082E+01 k0 1.02501460174501E+03 init-1.69300528460219E+00 IR-5.13214634435710E-01 impC 3.14120074668809E-02 mP 5.52013535432203E-03 year-5.48601554518334E-06 sumLPAP 1.29809696191975E+00 harm
KEEPDBG accept 15 cc 6.20846786914191E-01 sumModel-2.09829132421059E+02 sumForcing 2.20815930531849E+02 sumM 4.78747821349772E-02 trend-4.31732224173308E-02 aero 0.00000000000000E+00 level 5.57213252867475E+02 k0-5.93570515994977E+03 init-1.59909993244017E+00 IR-5.08698659045829E-01 impC 2.96730243223625E-02 mP 5.54396121876823E-03 year-5.48601554518334E-06 sumLPAP 1.29809696191975E+00 harm
KEEPDBG accept 7 cc 6.21014403204788E-01 sumModel-2.09580732284328E+02 sumForcing-1.92687332789834E+02 sumM 5.04403761011683E-02 trend-4.35380969389655E-02 aero 0.00000000000000E+00 level 9.95074990816930E+02 k0 1.28107799693570E+04 init-1.64879384884806E+00 IR-5.09533194303163E-01 impC 3.19966660976378E-02 mP 5.53903863129181E-03 year-5.48601554518334E-06 sumLPAP 1.29809696191975E+00 harm
KEEPDBG accept 15 cc 6.20851851933088E-01 sumModel-2.09830999265316E+02 sumForcing 2.48957685839371E+02 sumM 4.78747821349772E-02 trend-4.31642271954301E-02 aero 0.00000000000000E+00 level 4.55609261122510E+02 k0-4.14041648375782E+03 init-1.59909993244017E+00 IR-5.08698659045829E-01 impC 2.96730243223625E-02 mP 5.54396121876823E-03 year-5.48601554518334E-06 sumLPAP 1.29809696191975E+00 harm
KEEPDBG accept 4 cc 6.33280867719791E-01 sumModel-2.61813398203876E+02 sumForcing 2.43379382831464E+02 sumM 4.86737051422370E-02 trend-7.43499221756357E-02 aero 0.00000000000000E+00 level-1.90950378211380E+03 k0 2.95702803193957E+04 init-1.65015724548181E+00 IR-4.25343009001893E-01 impC 2.71849168369064E-02 mP 5.73826625002521E-03 year-5.48601554518334E-06 sumLPAP 1.29809696191975E+00 harm
KEEPDBG accept 9 cc 6.32316964274624E-01 sumModel-2.22720600153634E+02 sumForcing 1.63113510550327E+02 sumM 4.84572928690704E-02 trend-4.64199745393938E-02 aero 0.00000000000000E+00 level 2.35396514868029E+03 k0-1.47490709469986E+04 init-1.61938116518075E+00 IR-5.09507277686423E-01 impC 3.02680764622846E-02 mP 5.44550377086585E-03 year-5.48601554518334E-06 sumLPAP 1.29809696191975E+00 harm
KEEPDBG accept 4 cc 6.33280877564112E-01 sumModel-2.61813390770206E+02 sumForcing 2.43379525498899E+02 sumM 4.86737091755125E-02 trend-7.43499300313645E-02 aero 0.00000000000000E+00 level-1.90951489150135E+03 k0 2.95703753748547E+04 init-1.65015724548181E+00 IR-4.25343009001893E-01 impC 2.71849168369064E-02 mP 5.73826625002521E-03 year-5.48601554518334E-06 sumLPAP 1.29809696191975E+00 harm
KEEPDBG accept 4 cc 6.33281470691972E-01 sumModel-2.61813449800996E+02 sumForcing 2.43379636372722E+02 sumM 4.86737091755125E-02 trend-7.43499377216801E-02 aero 0.00000000000000E+00 level-1.90950659964432E+03 k0 2.95703132105577E+04 init-1.65015724548181E+00 IR-4.25343009001893E-01 impC 2.71849168369064E-02 mP 5.73826625002521E-03 year-5.48601554518334E-06 sumLPAP 1.29809696191975E+00 harm
KEEPDBG accept 4 cc 6.33281533895505E-01 sumModel-2.61813293969217E+02 sumForcing 2.43380654327115E+02 sumM 4.86737379535628E-02 trend-7.43499770575844E-02 aero 0.00000000000000E+00 level-1.90957096619304E+03 k0 2.95708227210090E+04 init-1.65015724548181E+00 IR-4.25343009001893E-01 impC 2.71849168369064E-02 mP 5.73826625002521E-03 year-5.48601554518334E-06 sumLPAP 1.29809696191975E+00 harm
KEEPDBG accept 4 cc 6.33281540393686E-01 sumModel-2.61813291401773E+02 sumForcing 2.43380660483180E+02 sumM 4.86737379535628E-02 trend-7.43499583127139E-02 aero 0.00000000000000E+00 level-1.90955546022436E+03 k0 2.95706460015495E+04 init-1.65015724548181E+00 IR-4.25343009001893E-01 impC 2.71849168369064E-02 mP 5.73826625002521E-03 year-5.48601554518334E-06 sumLPAP 1.29809696191975E+00 harm
KEEPDBG accept 9 cc 6.33190428661958E-01 sumModel-2.22357674018349E+02 sumForcing 1.64103657985614E+02 sumM 4.84572928690704E-02 trend-4.60921520885122E-02 aero 0.00000000000000E+00 level 2.38645684005012E+03 k0-1.49275048070042E+04 init-1.61938116518075E+00 IR-5.09507277686423E-01 impC 3.02680764622846E-02 mP 5.44550377086585E-03 year-5.48601554518334E-06 sumLPAP 1.29809696191975E+00 harm
KEEPDBG accept 5 cc 6.21039468155299E-01 sumModel-2.07523884872561E+02 sumForcing 3.23998634928986E+02 sumM 5.06992555679950E-02 trend-4.18156851789706E-02 aero 0.00000000000000E+00 level 4.21056857136918E+02 k0-2.90493699716481E+03 init-1.68323219683207E+00 IR-5.14852658181841E-01 impC 3.03183540597754E-02 mP 5.57859626003022E-03 year-5.48601554518334E-06 sumLPAP 1.29809696191975E+00 harm
KEEPDBG accept 9 cc 6.33190816404563E-01 sumModel-2.22420608885416E+02 sumForcing 1.64103657985614E+02 sumM 4.84572928690704E-02 trend-4.60921520885122E-02 aero 0.00000000000000E+00 level 2.38645684005012E+03 k0-1.49275048070042E+04 init-1.61938116518075E+00 IR-5.09507277686423E-01 impC 2.99737689790473E-02 mP 5.44550377086585E-03 year-5.48601554518334E-06 sumLPAP 1.29809696191975E+00 harm
KEEPDBG accept 7 cc 6.21014705247975E-01 sumModel-2.09580840278526E+02 sumForcing-1.89740254388424E+02 sumM 5.04403761011683E-02 trend-4.35374663729030E-02 aero 0.00000000000000E+00 level 1.02362275532441E+03 k0 1.34167749970060E+04 init-1.64879384884806E+00 IR-5.09533194303163E-01 impC 3.19966660976378E-02 mP 5.53903863129181E-03 year-5.48601554518334E-06 sumLPAP 1.29809696191975E+00 harm
KEEPDBG accept 5 cc 6.21113787783156E-01 sumModel-2.07543946080548E+02 sumForcing 3.19382710421129E+02 sumM 5.06992555679950E-02 trend-4.12343401880295E-02 aero 0.00000000000000E+00 level 4.04758681499292E+02 k0-2.81377859446194E+03 init-1.60936106681275E+00 IR-5.14852658181841E-01 impC 3.03183540597754E-02 mP 5.57859626003022E-03 year-5.48601554518334E-06 sumLPAP 1.29809696191975E+00 harm
KEEPDBG accept 10 cc 6.25660102944643E-01 sumModel-2.24965833168624E+02 sumForcing 1.95493043072385E+02 sumM-9.70605628257925E-03 trend-4.99054225476942E-02 aero 0.00000000000000E+00 level 5.65643558417016E+01 k0 1.01930773136832E+03 init-1.69300528460219E+00 IR-5.03029431121053E-01 impC 3.14120074668809E-02 mP 5.52013535432203E-03 year-5.48601554518334E-06 sumLPAP 1.29809696191975E+00 harm
KEEPDBG accept 9 cc 6.33370891821774E-01 sumModel-2.22351087901464E+02 sumForcing 1.64251200960894E+02 sumM 4.84572928690704E-02 trend-4.60606602935571E-02 aero 0.00000000000000E+00 level 2.38720987535076E+03 k0-1.49846276254853E+04 init-1.61938116518075E+00 IR-5.09507277686423E-01 impC 2.99737689790473E-02 mP 5.44550377086585E-03 year-5.48601554518334E-06 sumLPAP 1.29809696191975E+00 harm
KEEPDBG accept 10 cc 6.27424353592560E-01 sumModel-2.24700512556334E+02 sumForcing 1.98069564156841E+02 sumM-9.70605628257925E-03 trend-4.98024271726762E-02 aero 0.00000000000000E+00 level 5.68366004058543E+01 k0 1.00808991253707E+03 init-1.69300528460219E+00 IR-5.03029431121053E-01 impC 3.14120074668809E-02 mP 5.52013535432203E-03 year-5.48601554518334E-06 sumLPAP 1.29809696191975E+00 harm
KEEPDBG accept 4 cc 6.33281585298169E-01 sumModel-2.61813315647533E+02 sumForcing 2.43364618440438E+02 sumM 4.86737379535628E-02 trend-7.43499656201619E-02 aero 0.00000000000000E+00 level-1.90981147248935E+03 k0 2.95763486708933E+04 init-1.65015724548181E+00 IR-4.25343009001893E-01 impC 2.71849168369064E-02 mP 5.73826625002521E-03 year-5.48601554518334E-06 sumLPAP 1.29809696191975E+00 harm
KEEPDBG accept 16 cc 6.20218619510978E-01 sumModel-2.10159132974689E+02 sumForcing 1.93923040315233E+02 sumM 5.22086654951277E-02 trend-4.31974549102969E-02 aero 0.00000000000000E+00 level 1.33950309786228E+03 k0-1.78993693931382E+04 init-1.67514134492189E+00 IR-5.08073521944515E-01 impC 2.95504502425726E-02 mP 5.52001300367053E-03 year-5.48601554518334E-06 sumLPAP 1.29809696191975E+00 harm
KEEPDBG accept 10 cc 6.31196921321882E-01 sumModel-2.23045005697454E+02 sumForcing 2.28437706960679E+02 sumM-9.70605628257925E-03 trend-4.69704188482231E-02 aero 0.00000000000000E+00 level 6.89145773581651E+01 k0 7.21328303202237E+02 init-2.48400372706815E+00 IR-5.03029431121053E-01 impC 3.14120074668809E-02 mP 5.52013535432203E-03 year-5.48601554518334E-06 sumLPAP 1.29809696191975E+00 harm
KEEPDBG accept 4 cc 6.33303178931291E-01 sumModel-2.61812949039104E+02 sumForcing 2.43426796763302E+02 sumM 4.86737379535628E-02 trend-7.43530179485077E-02 aero 0.00000000000000E+00 level-1.91153688904375E+03 k0 2.95844717448202E+04 init-1.65015724548181E+00 IR-4.25343009001893E-01 impC 2.71849168369064E-02 mP 5.73826625002521E-03 year-5.48601554518334E-06 sumLPAP 1.29809696191975E+00 harm
KEEPDBG accept 8 cc 6.21507010844287E-01 sumModel-2.09279346314421E+02 sumForcing 1.82095626949201E+02 sumM 5.08046326891435E-02 trend-4.15981884091243E-02 aero 0.00000000000000E+00 level 1.12746615322815E+03 k0-1.55722812535554E+04 init-1.61175982499512E+00 IR-5.09425179363993E-01 impC 3.20760561046990E-02 mP 5.52777770871334E-03 year-5.48601554518334E-06 sumLPAP 1.29809696191975E+00 harm
KEEPDBG accept 13 cc 6.21231345079702E-01 sumModel-2.07089797825256E+02 sumForcing 2.25348199877351E+02 sumM 5.01417900733875E-02 trend-4.18644282745488E-02 aero 0.00000000000000E+00 level 7.01504692434985E+02 k0-7.60076600865597E+03 init-1.66138086652861E+00 IR-5.15586292638069E-01 impC 3.11981188089352E-02 mP 5.54871041063005E-03 year-5.48601554518334E-06 sumLPAP 1.29809696191975E+00 harm
KEEPDBG accept 4 cc 6.33391768823275E-01 sumModel-2.61821979358061E+02 sumForcing 2.43397516823902E+02 sumM 4.86612437817624E-02 trend-7.43572831396810E-02 aero 0.00000000000000E+00 level-1.90746575528316E+03 k0 2.95519348935753E+04 init-1.65015724548181E+00 IR-4.25343009001893E-01 impC 2.71849168369064E-02 mP 5.73826625002521E-03 year-5.48601554518334E-06 sumLPAP 1.29809696191975E+00 harm
KEEPDBG accept 10 cc 6.31199279025727E-01 sumModel-2.23041289751415E+02 sumForcing 2.72189812706550E+02 sumM-9.70605628257925E-03 trend-4.69647156711941E-02 aero 0.00000000000000E+00 level 7.49786527062494E+01 k0 4.25740325211438E+02 init-2.48400372706815E+00 IR-5.03029431121053E-01 impC 3.14120074668809E-02 mP 5.52013535432203E-03 year-5.48601554518334E-06 sumLPAP 1.29809696191975E+00 harm
KEEPDBG accept 6 cc 6.22511123120300E-01 sumModel-2.06667299014123E+02 sumForcing 1.59934971920423E+02 sumM 4.92690052687463E-02 trend-4.13252377981941E-02 aero 0.00000000000000E+00 level 1.25152794245546E+03 k0-2.04548551189048E+04 init-1.57755450988468E+00 IR-5.15307111509781E-01 impC 3.01433055086041E-02 mP 5.55517765113865E-03 year-5.48601554518334E-06 sumLPAP 1.29809696191975E+00 harm
KEEPDBG accept 12 cc 6.20878539614142E-01 sumModel-2.09993147691797E+02 sumForcing 2.89188534270192E+02 sumM 5.19125701476296E-02 trend-4.23799336269893E-02 aero 0.00000000000000E+00 level 5.91879749180515E+02 k0-4.80469673588987E+03 init-1.56853260535368E+00 IR-5.08700791413222E-01 impC 3.03380860344663E-02 mP 5.73782747064630E-03 year-5.48601554518334E-06 sumLPAP 1.29809696191975E+00 harm
KEEPDBG accept 1 cc 6.20985422871022E-01 sumModel-2.09833054688576E+02 sumForcing 2.27867695066777E+02 sumM 5.02672359909287E-02 trend-4.22466826412029E-02 aero 0.00000000000000E+00 level 7.28119109521438E+02 k0-7.74614180494749E+03 init-1.65518027097150E+00 IR-5.09772446835226E-01 impC 3.01833460338013E-02 mP 5.52467076278122E-03 year-5.48601554518334E-06 sumLPAP 1.29809696191975E+00 harm
KEEPDBG accept 4 cc 6.33393182316863E-01 sumModel-2.61822157980950E+02 sumForcing 2.43397051539864E+02 sumM 4.86610449570208E-02 trend-7.43573358530589E-02 aero 0.00000000000000E+00 level-1.90738834316079E+03 k0 2.95512824191393E+04 init-1.65015724548181E+00 IR-4.25343009001893E-01 impC 2.71849168369064E-02 mP 5.73826625002521E-03 year-5.48601554518334E-06 sumLPAP 1.29809696191975E+00 harm
KEEPDBG accept 10 cc 6.31228386922146E-01 sumModel-2.23004598333406E+02 sumForcing-2.73966781141552E+02 sumM-9.70605628257925E-03 trend-4.69072996015178E-02 aero 0.00000000000000E+00 level 7.53699556597017E+01 k0-4.13577508917159E+02 init-2.48400372706815E+00 IR-5.03029431121053E-01 impC 3.14120074668809E-02 mP 5.52013535432203E-03 year-5.48601554518334E-06 sumLPAP 1.29809696191975E+00 harm
KEEPDBG accept 9 cc 6.33378739596559E-01 sumModel-2.22347887082086E+02 sumForcing 1.64258796543841E+02 sumM 4.84572928690704E-02 trend-4.60592639261081E-02 aero 0.00000000000000E+00 level 2.38726758808874E+03 k0-1.49867810035410E+04 init-1.61938116518075E+00 IR-5.09507277686423E-01 impC 2.99737689790473E-02 mP 5.44601466431437E-03 year-5.48601554518334E-06 sumLPAP 1.29809696191975E+00 harm
KEEPDBG accept 5 cc 6.21115473201930E-01 sumModel-2.07546517198417E+02 sumForcing 5.34573826071796E+02 sumM 5.06992555679950E-02 trend-4.12227171176223E-02 aero 0.00000000000000E+00 level 1.94500758776703E+02 k0-5.99592804835658E+02 init-1.60936106681275E+00 IR-5.14852658181841E-01 impC 3.03183540597754E-02 mP 5.57859626003022E-03 year-5.48601554518334E-06 sumLPAP 1.29809696191975E+00 harm
KEEPDBG accept 3 cc 6.20943626859884E-01 sumModel-2.06162667386026E+02 sumForcing-2.12610887372418E+02 sumM 5.10790193079791E-02 trend-4.13901123773931E-02 aero 0.00000000000000E+00 level 8.89962558067991E+02 k0 1.04606853810122E+04 init-1.65515334960070E+00 IR-5.16661743088638E-01 impC 3.13641227029752E-02 mP 5.52155082611859E-03 year-5.48601554518334E-06 sumLPAP 1.29809696191975E+00 harm
KEEPDBG accept 4 cc 6.33393295063148E-01 sumModel-2.61822186951200E+02 sumForcing 2.43397074654995E+02 sumM 4.86610449570208E-02 trend-7.43573332502222E-02 aero 0.00000000000000E+00 level-1.90738347205947E+03 k0 2.95512279405929E+04 init-1.65015724548181E+00 IR-4.25343009001893E-01 impC 2.71849168369064E-02 mP 5.73826625002521E-03 year-5.48601554518334E-06 sumLPAP 1.29809696191975E+00 harm
KEEPDBG accept 14 cc 6.24949402754393E-01 sumModel-2.13934270704272E+02 sumForcing 5.10341031888305E+00 sumM-3.96823500592202E-02 trend-4.32147938119593E-02 aero 0.00000000000000E+00 level 4.78882590329723E+04 k0-6.80141514939795E+06 init-1.60917391391376E+00 IR-5.23023186565323E-01 impC 3.42487991891507E-02 mP 5.51492872052613E-03 year-5.48601554518334E-06 sumLPAP 1.29809696191975E+00 harm
KEEPDBG accept 10 cc 6.31563713944921E-01 sumModel-2.23684106007661E+02 sumForcing-4.50229327630563E+02 sumM-9.70605628257925E-03 trend-4.77152258063569E-02 aero 0.00000000000000E+00 level 8.95832508311801E+01 k0-1.04130845017415E+01 init-2.48400372706815E+00 IR-5.03029431121053E-01 impC 3.14120074668809E-02 mP 5.52013535432203E-03 year-5.48601554518334E-06 sumLPAP 1.29809696191975E+00 harm
KEEPDBG accept 4 cc 6.33393296388694E-01 sumModel-2.61822021029982E+02 sumForcing 2.43397074465766E+02 sumM 4.86610449570208E-02 trend-7.43573434115953E-02 aero 0.00000000000000E+00 level-1.90739227244600E+03 k0 2.95513254603651E+04 init-1.65015724548181E+00 IR-4.25343009001893E-01 impC 2.71849168369064E-02 mP 5.73826625002521E-03 year-5.48601554518334E-06 sumLPAP 1.29809696191975E+00 harm
KEEPDBG accept 14 cc 6.25426403709629E-01 sumModel-2.14653358905376E+02 sumForcing 5.50186566175652E+00 sumM-3.96823500592202E-02 trend-4.37956663953713E-02 aero 0.00000000000000E+00 level 4.97315703211540E+04 k0-6.36769547654321E+06 init-1.60917391391376E+00 IR-5.23023186565323E-01 impC 3.42487991891507E-02 mP 5.51492872052613E-03 year-5.48601554518334E-06 sumLPAP 1.29809696191975E+00 harm
KEEPDBG accept 5 cc 6.21283404591821E-01 sumModel-2.07686685148192E+02 sumForcing 5.38287154616306E+02 sumM 5.06992555679950E-02 trend-4.13362035379556E-02 aero 0.00000000000000E+00 level 1.96910979450706E+02 k0-6.05191153446735E+02 init-1.60936106681275E+00 IR-5.14852658181841E-01 impC 3.03183540597754E-02 mP 5.63311270418530E-03 year-5.48601554518334E-06 sumLPAP 1.29809696191975E+00 harm
KEEPDBG accept 9 cc 6.33379154965885E-01 sumModel-2.22347984136312E+02 sumForcing 1.64259514077467E+02 sumM 4.84572928690704E-02 trend-4.60594496257113E-02 aero 0.00000000000000E+00 level 2.38725108614506E+03 k0-1.49863955519243E+04 init-1.61938116518075E+00 IR-5.09507277686423E-01 impC 2.99737689790473E-02 mP 5.44601466431437E-03 year-5.48601554518334E-06 sumLPAP 1.29809696191975E+00 harm
KEEPDBG accept 16 cc 6.20218677079992E-01 sumModel-2.10159435882910E+02 sumForcing 1.33775156000276E+02 sumM 5.22086654951277E-02 trend-4.31975336407750E-02 aero 0.00000000000000E+00 level 2.72489877040717E+03 k0-5.45264896741768E+04 init-1.67514134492189E+00 IR-5.08073521944515E-01 impC 2.95504502425726E-02 mP 5.52001300367053E-03 year-5.48601554518334E-06 sumLPAP 1.29809696191975E+00 harm
KEEPDBG accept 13 cc 6.21231614338431E-01 sumModel-2.07091398848997E+02 sumForcing 2.25362369035540E+02 sumM 5.01417900733875E-02 trend-4.18659466030952E-02 aero 0.00000000000000E+00 level 7.01604226238207E+02 k0-7.60127321709094E+03 init-1.66138086652861E+00 IR-5.15586292638069E-01 impC 3.11981188089352E-02 mP 5.54871041063005E-03 year-5.48601554518334E-06 sumLPAP 1.29809696191975E+00 harm
KEEPDBG accept 9 cc 6.33435254481154E-01 sumModel-2.22348340871475E+02 sumForcing 1.64330678853204E+02 sumM 4.84625311454463E-02 trend-4.60681931246892E-02 aero 0.00000000000000E+00 level 2.38609629706057E+03 k0-1.49678262286140E+04 init-1.61938116518075E+00 IR-5.09507277686423E-01 impC 2.99737689790473E-02 mP 5.44601466431437E-03 year-5.48601554518334E-06 sumLPAP 1.29809696191975E+00 harm
KEEPDBG accept 4 cc 6.33393954076485E-01 sumModel-2.61821994076188E+02 sumForcing 2.43396475075439E+02 sumM 4.86610449570208E-02 trend-7.43572850106486E-02 aero 0.00000000000000E+00 level-1.90734309414468E+03 k0 2.95510491246383E+04 init-1.65015724548181E+00 IR-4.25343009001893E-01 impC 2.71849168369064E-02 mP 5.73826625002521E-03 year-5.48601554518334E-06 sumLPAP 1.29809696191975E+00 harm
KEEPDBG accept 10 cc 6.35849666154813E-01 sumModel-2.22591996595275E+02 sumForcing-4.67312183305700E+02 sumM-9.70605628257925E-03 trend-4.65872794546238E-02 aero 0.00000000000000E+00 level 8.87164866752144E+01 k0 3.41220101513378E+01 init-2.48400372706815E+00 IR-5.03029431121053E-01 impC 3.14120074668809E-02 mP 5.52013535432203E-03 year-5.48601554518334E-06 sumLPAP 1.29809696191975E+00 harm
KEEPDBG accept 12 cc 6.20885678204973E-01 sumModel-2.09991687976856E+02 sumForcing 6.50905196686911E+02 sumM 5.19125701476296E-02 trend-4.23677764642175E-02 aero 0.00000000000000E+00 level 1.81046893567584E+02 k0-4.21023246151755E+02 init-1.56853260535368E+00 IR-5.08700791413222E-01 impC 3.03380860344663E-02 mP 5.73782747064630E-03 year-5.48601554518334E-06 sumLPAP 1.29809696191975E+00 harm
KEEPDBG accept 11 cc 6.23269621339448E-01 sumModel-2.03680527811596E+02 sumForcing 1.69793235336478E+02 sumM 4.81637593818138E-02 trend-3.94881791353931E-02 aero 0.00000000000000E+00 level 8.52597425352694E+02 k0-1.26560173668636E+04 init-1.43053019183858E+00 IR-5.22650700703401E-01 impC 3.06849360787935E-02 mP 5.46331048039516E-03 year-5.48601554518334E-06 sumLPAP 1.29809696191975E+00 harm
KEEPDBG accept 4 cc 6.33395056295137E-01 sumModel-2.61821878004031E+02 sumForcing 2.43396872342980E+02 sumM 4.86610449570208E-02 trend-7.43573074974884E-02 aero 0.00000000000000E+00 level-1.90732881628369E+03 k0 2.95509439790870E+04 init-1.65015724548181E+00 IR-4.25343009001893E-01 impC 2.71849168369064E-02 mP 5.73826625002521E-03 year-5.48601554518334E-06 sumLPAP 1.29809696191975E+00 harm
KEEPDBG accept 1 cc 6.20990527810636E-01 sumModel-2.09830771035901E+02 sumForcing 2.27869358544935E+02 sumM 5.02672359909287E-02 trend-4.22484092837184E-02 aero 0.00000000000000E+00 level 7.27257235389668E+02 k0-7.73899375714064E+03 init-1.65518027097150E+00 IR-5.09772446835226E-01 impC 3.01833460338013E-02 mP 5.52467076278122E-03 year-5.48601554518334E-06 sumLPAP 1.29809696191975E+00 harm
KEEPDBG accept 13 cc 6.21240894444456E-01 sumModel-2.07098680816610E+02 sumForcing 4.74053037036405E+02 sumM 5.01417900733875E-02 trend-4.18412844715462E-02 aero 0.00000000000000E+00 level 2.19589650900723E+02 k0-8.15601479231834E+02 init-1.66138086652861E+00 IR-5.15586292638069E-01 impC 3.11981188089352E-02 mP 5.54871041063005E-03 year-5.48601554518334E-06 sumLPAP 1.29809696191975E+00 harm
KEEPDBG accept 4 cc 6.33395545321257E-01 sumModel-2.61821942652961E+02 sumForcing 2.43407558744411E+02 sumM 4.86613471222141E-02 trend-7.43573612472238E-02 aero 0.00000000000000E+00 level-1.90771091921103E+03 k0 2.95529493626332E+04 init-1.65015724548181E+00 IR-4.25343009001893E-01 impC 2.71849168369064E-02 mP 5.73826625002521E-03 year-5.48601554518334E-06 sumLPAP 1.29809696191975E+00 harm
KEEPDBG accept 11 cc 6.23269630088888E-01 sumModel-2.02733074704677E+02 sumForcing 1.69793235336478E+02 sumM 4.81637593818138E-02 trend-3.94881791353931E-02 aero 0.00000000000000E+00 level 8.52597425352694E+02 k0-1.26560173668636E+04 init-1.43053019183858E+00 IR-5.22650700703401E-01 impC 3.50467297053366E-02 mP 5.46331048039516E-03 year-5.48601554518334E-06 sumLPAP 1.29809696191975E+00 harm
KEEPDBG accept 14 cc 6.43568735062217E-01 sumModel-2.07835366406172E+02 sumForcing 7.90581348085905E+00 sumM-3.96823500592202E-02 trend-3.65180423611086E-02 aero 0.00000000000000E+00 level 4.98314862779135E+04 k0-5.41801622303638E+06 init-1.60917391391376E+00 IR-5.23023186565323E-01 impC 3.42487991891507E-02 mP 5.51492872052613E-03 year-5.48601554518334E-06 sumLPAP 1.29809696191975E+00 harm
KEEPDBG accept 16 cc 6.48224870607362E-01 sumModel-2.33564796338010E+02 sumForcing 2.47769824116595E+02 sumM 5.22086654951277E-02 trend-5.93163664515496E-02 aero 0.00000000000000E+00 level-6.57379954229180E+01 k0 2.05750220708795E+04 init-1.67514134492189E+00 IR-5.08073521944515E-01 impC 2.95504502425726E-02 mP 5.52001300367053E-03 year-5.48601554518334E-06 sumLPAP 1.29809696191975E+00 harm
KEEPDBG accept 14 cc 6.43785784902079E-01 sumModel-2.07859728675261E+02 sumForcing 7.90571334212624E+00 sumM-3.96823754073062E-02 trend-3.65147443401157E-02 aero 0.00000000000000E+00 level 4.96509885834919E+04 k0-5.31877856600414E+06 init-1.60917391391376E+00 IR-5.23023186565323E-01 impC 3.42487991891507E-02 mP 5.51492872052613E-03 year-5.48601554518334E-06 sumLPAP 1.29809696191975E+00 harm
KEEPDBG accept 1 cc 6.20990540880555E-01 sumModel-2.09734030482190E+02 sumForcing 2.27869358544935E+02 sumM 5.02672359909287E-02 trend-4.22484092837184E-02 aero 0.00000000000000E+00 level 7.27257235389668E+02 k0-7.73899375714064E+03 init-1.65518027097150E+00 IR-5.09772446835226E-01 impC 3.06324921983633E-02 mP 5.52467076278122E-03 year-5.48601554518334E-06 sumLPAP 1.29809696191975E+00 harm
KEEPDBG accept 14 cc 6.43786204727340E-01 sumModel-2.07864212232731E+02 sumForcing 7.90571334212624E+00 sumM-3.96823754073062E-02 trend-3.65157167485823E-02 aero 0.00000000000000E+00 level 4.96524480330973E+04 k0-5.31874953392124E+06 init-1.60917391391376E+00 IR-5.23011316858896E-01 impC 3.42487991891507E-02 mP 5.51492872052613E-03 year-5.48601554518334E-06 sumLPAP 1.29809696191975E+00 harm
KEEPDBG accept 10 cc 6.35850168839491E-01 sumModel-2.22590181041628E+02 sumForcing-4.67338397866941E+02 sumM-9.70661936762073E-03 trend-4.65844075941028E-02 aero 0.00000000000000E+00 level 8.87184665955857E+01 k0 3.42411205523468E+01 init-2.48400372706815E+00 IR-5.03029431121053E-01 impC 3.14120074668809E-02 mP 5.52013535432203E-03 year-5.48601554518334E-06 sumLPAP 1.29809696191975E+00 harm
KEEPDBG accept 9 cc 6.33435304142612E-01 sumModel-2.22348349193273E+02 sumForcing 1.64328991633305E+02 sumM 4.84625311454463E-02 trend-4.60681893597359E-02 aero 0.00000000000000E+00 level 2.38614453744422E+03 k0-1.49683347845070E+04 init-1.61938116518075E+00 IR-5.09507277686423E-01 impC 2.99737689790473E-02 mP 5.44601466431437E-03 year-5.48601554518334E-06 sumLPAP 1.29809696191975E+00 harm
KEEPDBG accept 9 cc 6.33566614292948E-01 sumModel-2.22263905554266E+02 sumForcing 1.64574017678233E+02 sumM 4.84625311454463E-02 trend-4.59866833611111E-02 aero 0.00000000000000E+00 level 2.39326807018876E+03 k0-1.49962294473309E+04 init-1.61938116518075E+00 IR-5.09507277686423E-01 impC 2.99737689790473E-02 mP 5.44601466431437E-03 year-5.48601554518334E-06 sumLPAP 1.29809696191975E+00 harm
KEEPDBG accept 5 cc 6.21283581459615E-01 sumModel-2.07686113475566E+02 sumForcing 6.26923623361106E+02 sumM 5.06992555679950E-02 trend-4.13335456843007E-02 aero 0.00000000000000E+00 level 1.65679916180714E+02 k0-3.82985284659483E+02 init-1.60936106681275E+00 IR-5.14852658181841E-01 impC 3.03183540597754E-02 mP 5.63311270418530E-03 year-5.48601554518334E-06 sumLPAP 1.29809696191975E+00 harm
KEEPDBG accept 9 cc 6.33566637909209E-01 sumModel-2.22263888654026E+02 sumForcing 1.64574016556630E+02 sumM 4.84625311454463E-02 trend-4.59866817545523E-02 aero 0.00000000000000E+00 level 2.39326857554672E+03 k0-1.49962518301847E+04 init-1.61938116518075E+00 IR-5.09507277686423E-01 impC 2.99737689790473E-02 mP 5.44601466431437E-03 year-5.48601554518334E-06 sumLPAP 1.29809696191975E+00 harm
KEEPDBG accept 5 cc 6.21284589372242E-01 sumModel-2.07687915013164E+02 sumForcing 6.26897992989566E+02 sumM 5.06992555679950E-02 trend-4.13304022392660E-02 aero 0.00000000000000E+00 level 1.65665169638883E+02 k0-3.82967621657389E+02 init-1.60936106681275E+00 IR-5.14852658181841E-01 impC 3.03183540597754E-02 mP 5.63311270418530E-03 year-5.48601554518334E-06 sumLPAP 1.29809696191975E+00 harm
KEEPDBG accept 14 cc 6.43868239654858E-01 sumModel-2.07844290173821E+02 sumForcing 7.90571334212624E+00 sumM-3.96825393100489E-02 trend-3.65220278885094E-02 aero 0.00000000000000E+00 level 4.96374049742592E+04 k0-5.27678799497950E+06 init-1.60917391391376E+00 IR-5.23011316858896E-01 impC 3.42487991891507E-02 mP 5.51492872052613E-03 year-5.48601554518334E-06 sumLPAP 1.29809696191975E+00 harm
KEEPDBG accept 10 cc 6.35874127328970E-01 sumModel-2.22580686227292E+02 sumForcing-4.67471336625502E+02 sumM-9.70661936762073E-03 trend-4.65745718572444E-02 aero 0.00000000000000E+00 level 8.87089543709040E+01 k0 3.46229834370738E+01 init-2.48400372706815E+00 IR-5.03029431121053E-01 impC 3.14120074668809E-02 mP 5.52288665930399E-03 year-5.48601554518334E-06 sumLPAP 1.29809696191975E+00 harm
KEEPDBG accept 16 cc 6.48224874252068E-01 sumModel-2.33564913452655E+02 sumForcing 2.47769824116595E+02 sumM 5.22086654951277E-02 trend-5.93164032185014E-02 aero 0.00000000000000E+00 level-6.57360135291931E+01 k0 2.05750257078072E+04 init-1.67514134492189E+00 IR-5.08073211139716E-01 impC 2.95504502425726E-02 mP 5.52001300367053E-03 year-5.48601554518334E-06 sumLPAP 1.29809696191975E+00 harm
KEEPDBG accept 6 cc 6.22542636322036E-01 sumModel-2.06686200761542E+02 sumForcing 1.59868700463846E+02 sumM 4.92690052687463E-02 trend-4.12923376531383E-02 aero 0.00000000000000E+00 level 1.25075964657920E+03 k0-2.04539155353986E+04 init-1.57755450988468E+00 IR-5.15307111509781E-01 impC 3.01433055086041E-02 mP 5.55517765113865E-03 year-5.48601554518334E-06 sumLPAP 1.29809696191975E+00 harm
KEEPDBG accept 13 cc 6.21246170437652E-01 sumModel-2.07104780131974E+02 sumForcing 4.73975961300682E+02 sumM 5.01417900733875E-02 trend-4.18278583360582E-02 aero 0.00000000000000E+00 level 2.19511820655140E+02 k0-8.15502849385630E+02 init-1.66138086652861E+00 IR-5.15586292638069E-01 impC 3.11981188089352E-02 mP 5.54871041063005E-03 year-5.48601554518334E-06 sumLPAP 1.29809696191975E+00 harm
KEEPDBG accept 2 cc 6.20307720593796E-01 sumModel-2.09800177301844E+02 sumForcing 2.54448278961905E+02 sumM 4.87570261971039E-02 trend-4.21557693452828E-02 aero 0.00000000000000E+00 level 4.62550339177205E+02 k0-4.11978410893222E+03 init-1.64890112846678E+00 IR-5.08708359306436E-01 impC 3.01034206145067E-02 mP 5.51492872052613E-03 year-5.48601554518334E-06 sumLPAP 1.29809696191975E+00 harm
KEEPDBG accept 9 cc 6.33566943474036E-01 sumModel-2.22263982200653E+02 sumForcing 1.64849175399655E+02 sumM 4.84625311454463E-02 trend-4.59868569728308E-02 aero 0.00000000000000E+00 level 2.38557849043712E+03 k0-1.49210703944137E+04 init-1.61938116518075E+00 IR-5.09507277686423E-01 impC 2.99737689790473E-02 mP 5.44601466431437E-03 year-5.48601554518334E-06 sumLPAP 1.29809696191975E+00 harm
KEEPDBG accept 9 cc 6.33567211835658E-01 sumModel-2.22094789650700E+02 sumForcing 1.64849175399655E+02 sumM 4.84625311454463E-02 trend-4.59488967175985E-02 aero 0.00000000000000E+00 level 2.38359715849832E+03 k0-1.49000262550541E+04 init-1.61938116518075E+00 IR-5.09961984060828E-01 impC 2.99737689790473E-02 mP 5.44601466431437E-03 year-5.48601554518334E-06 sumLPAP 1.29809696191975E+00 harm
KEEPDBG accept 15 cc 6.20855416197021E-01 sumModel-2.09832278587618E+02 sumForcing 2.74375798741787E+02 sumM 4.78747821349772E-02 trend-4.31576602950411E-02 aero 0.00000000000000E+00 level 3.89424380921769E+02 k0-3.09225935135168E+03 init-1.59909993244017E+00 IR-5.08698659045829E-01 impC 2.96730243223625E-02 mP 5.54396121876823E-03 year-5.48601554518334E-06 sumLPAP 1.29809696191975E+00 harm
KEEPDBG accept 10 cc 6.35879305483589E-01 sumModel-2.22547008045742E+02 sumForcing-4.68524119913089E+02 sumM-9.70661936762073E-03 trend-4.65328516289708E-02 aero 0.00000000000000E+00 level 8.85993452940658E+01 k0 3.58867678164936E+01 init-2.48400372706815E+00 IR-5.03029431121053E-01 impC 3.14120074668809E-02 mP 5.52288665930399E-03 year-5.48601554518334E-06 sumLPAP 1.29809696191975E+00 harm
KEEPDBG accept 10 cc 6.35881040548976E-01 sumModel-2.22530864262804E+02 sumForcing-4.68796103621090E+02 sumM-9.70661936762073E-03 trend-4.65088479727728E-02 aero 0.00000000000000E+00 level 8.86102011165688E+01 k0 3.67666020532313E+01 init-2.48694153549418E+00 IR-5.03029431121053E-01 impC 3.14120074668809E-02 mP 5.52288665930399E-03 year-5.48601554518334E-06 sumLPAP 1.29809696191975E+00 harm
KEEPDBG accept 16 cc 6.48224902433156E-01 sumModel-2.33564840284215E+02 sumForcing 2.47770845091890E+02 sumM 5.22086974497594E-02 trend-5.93164037744743E-02 aero 0.00000000000000E+00 level-6.57788142887648E+01 k0 2.05753667522256E+04 init-1.67514134492189E+00 IR-5.08073211139716E-01 impC 2.95504502425726E-02 mP 5.52001300367053E-03 year-5.48601554518334E-06 sumLPAP 1.29809696191975E+00 harm
KEEPDBG accept 4 cc 6.33496362187413E-01 sumModel-2.61810288162956E+02 sumForcing 2.43439658340033E+02 sumM 4.86613471222141E-02 trend-7.43589076871848E-02 aero 0.00000000000000E+00 level-1.90651878588574E+03 k0 2.95441155046536E+04 init-1.65015724548181E+00 IR-4.25343009001893E-01 impC 2.71849168369064E-02 mP 5.74071533563578E-03 year-5.48601554518334E-06 sumLPAP 1.29809696191975E+00 harm
KEEPDBG accept 9 cc 6.33571143962211E-01 sumModel-2.22097339037039E+02 sumForcing 1.64857026876021E+02 sumM 4.84625311454463E-02 trend-4.59515049771553E-02 aero 0.00000000000000E+00 level 2.38339719425724E+03 k0-1.48950890074441E+04 init-1.61938116518075E+00 IR-5.09961984060828E-01 impC 2.99737689790473E-02 mP 5.44601466431437E-03 year-5.48601554518334E-06 sumLPAP 1.29809696191975E+00 harm
KEEPDBG accept 12 cc 6.20890691048451E-01 sumModel-2.09993682484681E+02 sumForcing 6.50856713409189E+02 sumM 5.19125701476296E-02 trend-4.23614423491505E-02 aero 0.00000000000000E+00 level 1.81017466695148E+02 k0-4.21004417520464E+02 init-1.56853260535368E+00 IR-5.08700791413222E-01 impC 3.03380860344663E-02 mP 5.73782747064630E-03 year-5.48601554518334E-06 sumLPAP 1.29809696191975E+00 harm
KEEPDBG accept 2 cc 6.20339246325550E-01 sumModel-2.10364690912423E+02 sumForcing 2.58327552629475E+02 sumM 4.87570261971039E-02 trend-4.25797201641019E-02 aero 0.00000000000000E+00 level 4.78685176547603E+02 k0-4.16757081000500E+03 init-1.64890112846678E+00 IR-5.08708359306436E-01 impC 3.01034206145067E-02 mP 5.51492872052613E-03 year-5.48601554518334E-06 sumLPAP 1.29809696191975E+00 harm
KEEPDBG accept 9 cc 6.33571473852339E-01 sumModel-2.22150559551583E+02 sumForcing 1.64857026876021E+02 sumM 4.84625311454463E-02 trend-4.59515049771553E-02 aero 0.00000000000000E+00 level 2.38339719425724E+03 k0-1.48950890074441E+04 init-1.61938116518075E+00 IR-5.09961984060828E-01 impC 2.97249641162522E-02 mP 5.44601466431437E-03 year-5.48601554518334E-06 sumLPAP 1.29809696191975E+00 harm
KEEPDBG accept 4 cc 6.33828564614053E-01 sumModel-2.61811946732774E+02 sumForcing 2.43501717315449E+02 sumM 4.86613471222141E-02 trend-7.43593982828950E-02 aero 0.00000000000000E+00 level-1.89911344279760E+03 k0 2.94843322557481E+04 init-1.65015724548181E+00 IR-4.25343009001893E-01 impC 2.71849168369064E-02 mP 5.74071533563578E-03 year-5.48601554518334E-06 sumLPAP 1.29809696191975E+00 harm
KEEPDBG accept 15 cc 6.20875401470710E-01 sumModel-2.09842133106541E+02 sumForcing 2.74271621857595E+02 sumM 4.78747821349772E-02 trend-4.31199970055324E-02 aero 0.00000000000000E+00 level 3.89088931002552E+02 k0-3.09175317620274E+03 init-1.59909993244017E+00 IR-5.08698659045829E-01 impC 2.96730243223625E-02 mP 5.54396121876823E-03 year-5.48601554518334E-06 sumLPAP 1.29809696191975E+00 harm
KEEPDBG accept 5 cc 6.21294389683318E-01 sumModel-1.99744816059566E+02 sumForcing 6.26897992989566E+02 sumM 5.06992555679950E-02 trend-3.92781865646460E-02 aero 0.00000000000000E+00 level 1.58191723383701E+02 k0-3.76257351998967E+02 init-1.60936106681275E+00 IR-5.34748948236804E-01 impC 3.03183540597754E-02 mP 5.63311270418530E-03 year-5.48601554518334E-06 sumLPAP 1.29809696191975E+00 harm
KEEPDBG accept 8 cc 6.21508471146866E-01 sumModel-2.09280006292075E+02 sumForcing 1.82092053856644E+02 sumM 5.08046326891435E-02 trend-4.15968550013758E-02 aero 0.00000000000000E+00 level 1.12742490815690E+03 k0-1.55721758412682E+04 init-1.61175982499512E+00 IR-5.09425179363993E-01 impC 3.20760561046990E-02 mP 5.52777770871334E-03 year-5.48601554518334E-06 sumLPAP 1.29809696191975E+00 harm
KEEPDBG accept 5 cc 6.21294686551995E-01 sumModel-1.99745398771838E+02 sumForcing 6.26890291206484E+02 sumM 5.06992555679950E-02 trend-3.92772438150729E-02 aero 0.00000000000000E+00 level 1.58187323642525E+02 k0-3.76251566065230E+02 init-1.60936106681275E+00 IR-5.34748948236804E-01 impC 3.03183540597754E-02 mP 5.63311270418530E-03 year-5.48601554518334E-06 sumLPAP 1.29809696191975E+00 harm
KEEPDBG accept 7 cc 6.21054415156222E-01 sumModel-2.09601649377943E+02 sumForcing-1.89566261843894E+02 sumM 5.04403761011683E-02 trend-4.34385633000947E-02 aero 0.00000000000000E+00 level 1.02108898105931E+03 k0 1.34072866306425E+04 init-1.64879384884806E+00 IR-5.09533194303163E-01 impC 3.19966660976378E-02 mP 5.53903863129181E-03 year-5.48601554518334E-06 sumLPAP 1.29809696191975E+00 harm
KEEPDBG accept 4 cc 6.38863376006015E-01 sumModel-2.62362988662168E+02 sumForcing 2.44176715789244E+02 sumM 4.86613471222141E-02 trend-7.42573774635272E-02 aero 0.00000000000000E+00 level-1.70005803043706E+03 k0 2.75579309449273E+04 init-1.65015724548181E+00 IR-4.25343009001893E-01 impC 2.71849168369064E-02 mP 5.74071533563578E-03 year-5.48601554518334E-06 sumLPAP 1.29809696191975E+00 harm
KEEPDBG accept 14 cc 6.43868585758348E-01 sumModel-2.07907712912065E+02 sumForcing 7.90571334212624E+00 sumM-3.96825393100489E-02 trend-3.65220278885094E-02 aero 0.00000000000000E+00 level 4.96374049742592E+04 k0-5.27678799497950E+06 init-1.60917391391376E+00 IR-5.23011316858896E-01 impC 3.39568884937597E-02 mP 5.51492872052613E-03 year-5.48601554518334E-06 sumLPAP 1.29809696191975E+00 harm
KEEPDBG accept 11 cc 6.23538943827797E-01 sumModel-2.02817869633642E+02 sumForcing 1.69461641937162E+02 sumM 4.81637593818138E-02 trend-3.93508799959638E-02 aero 0.00000000000000E+00 level 8.50346510527243E+02 k0-1.26553399869146E+04 init-1.43053019183858E+00 IR-5.22650700703401E-01 impC 3.50467297053366E-02 mP 5.46331048039516E-03 year-5.48601554518334E-06 sumLPAP 1.29809696191975E+00 harm
KEEPDBG accept 4 cc 6.39076807106706E-01 sumModel-2.62332836434073E+02 sumForcing 2.44276854578502E+02 sumM 4.86613471222141E-02 trend-7.42539551350502E-02 aero 0.00000000000000E+00 level-1.69430178216877E+03 k0 2.75101220835506E+04 init-1.65015724548181E+00 IR-4.25343009001893E-01 impC 2.71849168369064E-02 mP 5.74071533563578E-03 year-5.48601554518334E-06 sumLPAP 1.29809696191975E+00 harm
KEEPDBG accept 4 cc 6.39100795234385E-01 sumModel-2.62331580073063E+02 sumForcing 2.44862383553232E+02 sumM 4.86779610704216E-02 trend-7.42569279990980E-02 aero 0.00000000000000E+00 level-1.71459856272473E+03 k0 2.76203537975702E+04 init-1.65015724548181E+00 IR-4.25343009001893E-01 impC 2.71849168369064E-02 mP 5.74071533563578E-03 year-5.48601554518334E-06 sumLPAP 1.29809696191975E+00 harm
KEEPDBG accept 4 cc 6.39103933671812E-01 sumModel-2.62676099058362E+02 sumForcing 2.44862383553232E+02 sumM 4.86779610704216E-02 trend-7.43915854824558E-02 aero 0.00000000000000E+00 level-1.71294084543224E+03 k0 2.76462147539582E+04 init-1.65015724548181E+00 IR-4.24238068941726E-01 impC 2.71849168369064E-02 mP 5.74071533563578E-03 year-5.48601554518334E-06 sumLPAP 1.29809696191975E+00 harm
KEEPDBG accept 13 cc 6.21250770114057E-01 sumModel-2.07110598412595E+02 sumForcing 4.73903687296572E+02 sumM 5.01417900733875E-02 trend-4.18152884224362E-02 aero 0.00000000000000E+00 level 2.19438528993970E+02 k0-8.15407377943829E+02 init-1.66138086652861E+00 IR-5.15586292638069E-01 impC 3.11981188089352E-02 mP 5.54871041063005E-03 year-5.48601554518334E-06 sumLPAP 1.29809696191975E+00 harm
KEEPDBG accept 10 cc 6.36205204064279E-01 sumModel-2.21903377518072E+02 sumForcing-4.79738679909361E+02 sumM-9.70661936762073E-03 trend-4.55787109238164E-02 aero 0.00000000000000E+00 level 8.95412680356710E+01 k0 7.68578486180265E+01 init-2.48694153549418E+00 IR-5.03029431121053E-01 impC 3.14120074668809E-02 mP 5.52288665930399E-03 year-5.48601554518334E-06 sumLPAP 1.29809696191975E+00 harm
KEEPDBG accept 3 cc 6.29698976227015E-01 sumModel-2.21048055879912E+02 sumForcing-2.57636715130272E+02 sumM 5.10790193079791E-02 trend-4.61381643832739E-02 aero 0.00000000000000E+00 level 1.47974719582967E+03 k0 5.22822107079708E+03 init-1.65515334960070E+00 IR-5.16661743088638E-01 impC 3.13641227029752E-02 mP 5.52155082611859E-03 year-5.48601554518334E-06 sumLPAP 1.29809696191975E+00 harm
KEEPDBG accept 10 cc 6.36205209192496E-01 sumModel-2.21903334772145E+02 sumForcing-4.79738117246639E+02 sumM-9.70661936762073E-03 trend-4.55786385168201E-02 aero 0.00000000000000E+00 level 8.95413608714552E+01 k0 7.68588857863267E+01 init-2.48694153549418E+00 IR-5.03029431121053E-01 impC 3.14120074668809E-02 mP 5.52288665930399E-03 year-5.48601554518334E-06 sumLPAP 1.29809696191975E+00 harm
KEEPDBG accept 6 cc 6.22561750953840E-01 sumModel-2.06698635324527E+02 sumForcing 1.59826091337493E+02 sumM 4.92690052687463E-02 trend-4.12712311845755E-02 aero 0.00000000000000E+00 level 1.25025747429263E+03 k0-2.04531395438524E+04 init-1.57755450988468E+00 IR-5.15307111509781E-01 impC 3.01433055086041E-02 mP 5.55517765113865E-03 year-5.48601554518334E-06 sumLPAP 1.29809696191975E+00 harm
KEEPDBG accept 9 cc 6.33859051746077E-01 sumModel-2.22020081808865E+02 sumForcing 1.65171624291521E+02 sumM 4.84625311454463E-02 trend-4.58936794410558E-02 aero 0.00000000000000E+00 level 2.38548658906441E+03 k0-1.49789126839564E+04 init-1.61938116518075E+00 IR-5.09961984060828E-01 impC 2.97249641162522E-02 mP 5.46714401559274E-03 year-5.48601554518334E-06 sumLPAP 1.29809696191975E+00 harm
KEEPDBG accept 4 cc 6.39504642378632E-01 sumModel-2.62731708335207E+02 sumForcing 2.44725200764369E+02 sumM 4.86035896453299E-02 trend-7.43947368934145E-02 aero 0.00000000000000E+00 level-1.68556904967174E+03 k0 2.74126282354453E+04 init-1.65015724548181E+00 IR-4.24238068941726E-01 impC 2.71849168369064E-02 mP 5.74071533563578E-03 year-5.48601554518334E-06 sumLPAP 1.29809696191975E+00 harm
KEEPDBG accept 9 cc 6.34036920049663E-01 sumModel-2.21938000840529E+02 sumForcing 1.65349528257342E+02 sumM 4.84625311454463E-02 trend-4.58551797572236E-02 aero 0.00000000000000E+00 level 2.38612860021310E+03 k0-1.50422251379489E+04 init-1.61938116518075E+00 IR-5.09961984060828E-01 impC 2.97249641162522E-02 mP 5.46714401559274E-03 year-5.48601554518334E-06 sumLPAP 1.29809696191975E+00 harm
KEEPDBG accept 3 cc 6.29699564661153E-01 sumModel-2.21047856706867E+02 sumForcing-2.57636715130272E+02 sumM 4.86678503106478E-02 trend-4.61380811296493E-02 aero 0.00000000000000E+00 level 1.01312796337999E+03 k0 3.47654366045430E+03 init-1.65515334960070E+00 IR-5.16661743088638E-01 impC 3.13641227029752E-02 mP 5.52155082611859E-03 year-5.48601554518334E-06 sumLPAP 1.29809696191975E+00 harm
KEEPDBG accept 15 cc 6.20878893459146E-01 sumModel-2.09844075736945E+02 sumForcing 2.74251992665493E+02 sumM 4.78747821349772E-02 trend-4.31129132065543E-02 aero 0.00000000000000E+00 level 3.89025125553661E+02 k0-3.09164834679697E+03 init-1.59909993244017E+00 IR-5.08698659045829E-01 impC 2.96730243223625E-02 mP 5.54396121876823E-03 year-5.48601554518334E-06 sumLPAP 1.29809696191975E+00 harm
KEEPDBG accept 16 cc 6.48224920452674E-01 sumModel-2.33565419435865E+02 sumForcing 2.47770845091890E+02 sumM 5.22086974497594E-02 trend-5.93165855150035E-02 aero 0.00000000000000E+00 level-6.57690177635983E+01 k0 2.05753847304030E+04 init-1.67514134492189E+00 IR-5.08071674819054E-01 impC 2.95504502425726E-02 mP 5.52001300367053E-03 year-5.48601554518334E-06 sumLPAP 1.29809696191975E+00 harm
KEEPDBG accept 9 cc 6.34037343467043E-01 sumModel-2.22005674866402E+02 sumForcing 1.65349528257342E+02 sumM 4.84625311454463E-02 trend-4.58551797572236E-02 aero 0.00000000000000E+00 level 2.38612860021310E+03 k0-1.50422251379489E+04 init-1.61938116518075E+00 IR-5.09961984060828E-01 impC 2.94085893711724E-02 mP 5.46714401559274E-03 year-5.48601554518334E-06 sumLPAP 1.29809696191975E+00 harm
KEEPDBG accept 12 cc 6.20890776967574E-01 sumModel-2.09994286589094E+02 sumForcing 6.14164633917068E+02 sumM 5.19125701476296E-02 trend-4.23617908413530E-02 aero 0.00000000000000E+00 level 1.93441152030359E+02 k0-5.01085971516213E+02 init-1.56853260535368E+00 IR-5.08700791413222E-01 impC 3.03380860344663E-02 mP 5.73782747064630E-03 year-5.48601554518334E-06 sumLPAP 1.29809696191975E+00 harm
KEEPDBG accept 7 cc 6.24197163771598E-01 sumModel-2.32252767587520E+02 sumForcing-3.33118203280154E+02 sumM 5.04403761011683E-02 trend-6.38320318317609E-02 aero 0.00000000000000E+00 level-1.66801293522143E+03 k0-1.60639994256542E+04 init-1.64879384884806E+00 IR-5.09533194303163E-01 impC 3.19966660976378E-02 mP 5.53903863129181E-03 year-5.48601554518334E-06 sumLPAP 1.29809696191975E+00 harm
KEEPDBG accept 3 cc 6.29702254106437E-01 sumModel-2.32849060742139E+02 sumForcing-2.57636715130272E+02 sumM 4.86678503106478E-02 trend-4.61380811296493E-02 aero 0.00000000000000E+00 level 1.01312796337999E+03 k0 3.47654366045430E+03 init-1.65515334960070E+00 IR-5.16661743088638E-01 impC-2.35636974855766E-02 mP 5.52155082611859E-03 year-5.48601554518334E-06 sumLPAP 1.29809696191975E+00 harm
KEEPDBG accept 8 cc 6.31001347002186E-01 sumModel-2.22830063405556E+02 sumForcing 2.20219274529995E+02 sumM 5.08046326891435E-02 trend-4.69169627657350E-02 aero 0.00000000000000E+00 level 1.79455865109793E+03 k0-8.12581769047265E+03 init-1.61175982499512E+00 IR-5.09425179363993E-01 impC 3.20760561046990E-02 mP 5.52777770871334E-03 year-5.48601554518334E-06 sumLPAP 1.29809696191975E+00 harm
KEEPDBG accept 4 cc 6.45500170917146E-01 sumModel-2.63769967578505E+02 sumForcing 2.42682475159760E+02 sumM 4.72200885554026E-02 trend-7.42065487958010E-02 aero 0.00000000000000E+00 level-1.15771523790558E+03 k0 2.27015071472888E+04 init-1.65015724548181E+00 IR-4.24238068941726E-01 impC 2.71849168369064E-02 mP 5.74071533563578E-03 year-5.48601554518334E-06 sumLPAP 1.29809696191975E+00 harm
KEEPDBG accept 3 cc 6.29984265136062E-01 sumModel-2.34161620745284E+02 sumForcing-2.61629302891846E+02 sumM 4.86678503106478E-02 trend-4.68694355880045E-02 aero 0.00000000000000E+00 level 9.82603980350156E+02 k0 3.00676243644860E+03 init-1.65515334960070E+00 IR-5.16661743088638E-01 impC-2.35636974855766E-02 mP 5.52155082611859E-03 year-5.48601554518334E-06 sumLPAP 1.29809696191975E+00 harm
KEEPDBG accept 10 cc 6.36285433391156E-01 sumModel-2.21688461986686E+02 sumForcing-4.89759007108860E+02 sumM-9.59228318637381E-03 trend-4.53041102276910E-02 aero 0.00000000000000E+00 level 9.04776385934523E+01 k0 1.01407215344496E+02 init-2.48694153549418E+00 IR-5.03029431121053E-01 impC 3.14120074668809E-02 mP 5.52288665930399E-03 year-5.48601554518334E-06 sumLPAP 1.29809696191975E+00 harm
KEEPDBG accept 9 cc 6.34132480977039E-01 sumModel-2.21750491502601E+02 sumForcing 1.66131557565889E+02 sumM 4.84625311454463E-02 trend-4.55945213930157E-02 aero 0.00000000000000E+00 level 2.40531606173459E+03 k0-1.50727096375753E+04 init-1.61938116518075E+00 IR-5.09961984060828E-01 impC 2.94085893711724E-02 mP 5.46714401559274E-03 year-5.48601554518334E-06 sumLPAP 1.29809696191975E+00 harm
KEEPDBG accept 1 cc 6.20990555241651E-01 sumModel-2.09734199622435E+02 sumForcing 2.27869358544935E+02 sumM 5.15757370521352E-02 trend-4.22484639896001E-02 aero 0.00000000000000E+00 level 8.99296534631061E+02 k0-9.79565351697609E+03 init-1.65518027097150E+00 IR-5.09772446835226E-01 impC 3.06324921983633E-02 mP 5.52467076278122E-03 year-5.48601554518334E-06 sumLPAP 1.29809696191975E+00 harm
KEEPDBG accept 4 cc 6.45500186809667E-01 sumModel-2.63769877526788E+02 sumForcing 2.42682475159760E+02 sumM 4.70692639041658E-02 trend-7.42065468970827E-02 aero 0.00000000000000E+00 level-1.12873052683831E+03 k0 2.21949205688675E+04 init-1.65015724548181E+00 IR-4.24238068941726E-01 impC 2.71849168369064E-02 mP 5.74071533563578E-03 year-5.48601554518334E-06 sumLPAP 1.29809696191975E+00 harm
KEEPDBG accept 7 cc 6.24208870847185E-01 sumModel-2.39372821857327E+02 sumForcing-3.33118203280154E+02 sumM 5.04403761011683E-02 trend-6.38320318317609E-02 aero 0.00000000000000E+00 level-1.66801293522143E+03 k0-1.60639994256542E+04 init-1.64879384884806E+00 IR-5.09533194303163E-01 impC-1.06547223784602E-03 mP 5.53903863129181E-03 year-5.48601554518334E-06 sumLPAP 1.29809696191975E+00 harm
KEEPDBG accept 9 cc 6.34176807588089E-01 sumModel-2.21795272389615E+02 sumForcing 1.66016115826231E+02 sumM 4.84980518075010E-02 trend-4.56589833370016E-02 aero 0.00000000000000E+00 level 2.39946979898371E+03 k0-1.50665066262969E+04 init-1.61938116518075E+00 IR-5.09961984060828E-01 impC 2.94085893711724E-02 mP 5.46714401559274E-03 year-5.48601554518334E-06 sumLPAP 1.29809696191975E+00 harm
KEEPDBG accept 4 cc 6.45501524404941E-01 sumModel-2.63769977015215E+02 sumForcing 2.42682225868411E+02 sumM 4.70692639041658E-02 trend-7.42074411350852E-02 aero 0.00000000000000E+00 level-1.12875491962233E+03 k0 2.21950637550488E+04 init-1.65015724548181E+00 IR-4.24238068941726E-01 impC 2.71849168369064E-02 mP 5.74071533563578E-03 year-5.48601554518334E-06 sumLPAP 1.29809696191975E+00 harm
KEEPDBG accept 7 cc 6.45497069405363E-01 sumModel-2.38054812118958E+02 sumForcing-3.59835042318060E+02 sumM 5.04403761011683E-02 trend-6.08894395525409E-02 aero 0.00000000000000E+00 level-1.53566315172675E+03 k0-1.53750143170159E+04 init-2.26183126468195E+00 IR-5.09533194303163E-01 impC-1.06547223784602E-03 mP 5.53903863129181E-03 year-5.48601554518334E-06 sumLPAP 1.29809696191975E+00 harm
KEEPDBG accept 9 cc 6.34176992964455E-01 sumModel-2.21824449856473E+02 sumForcing 1.66016115826231E+02 sumM 4.84980518075010E-02 trend-4.56589833370016E-02 aero 0.00000000000000E+00 level 2.39946979898371E+03 k0-1.50665066262969E+04 init-1.61938116518075E+00 IR-5.09961984060828E-01 impC 2.92721852852589E-02 mP 5.46714401559274E-03 year-5.48601554518334E-06 sumLPAP 1.29809696191975E+00 harm
KEEPDBG accept 2 cc 6.20347359006957E-01 sumModel-2.10368640052022E+02 sumForcing 4.33166540049128E+02 sumM 4.87570261971039E-02 trend-4.25660384552280E-02 aero 0.00000000000000E+00 level 2.21959308848216E+02 k0-8.83119492036917E+02 init-1.64890112846678E+00 IR-5.08708359306436E-01 impC 3.01034206145067E-02 mP 5.51492872052613E-03 year-5.48601554518334E-06 sumLPAP 1.29809696191975E+00 harm
KEEPDBG accept 8 cc 6.35064497802129E-01 sumModel-2.36988777672134E+02 sumForcing 2.20295341399842E+02 sumM 5.08046326891435E-02 trend-5.58681672463736E-02 aero 0.00000000000000E+00 level 1.37534700480426E+03 k0-1.36992179131305E+03 init-1.61175982499512E+00 IR-5.09425179363993E-01 impC 3.20760561046990E-02 mP 5.52777770871334E-03 year-5.48601554518334E-06 sumLPAP 1.29809696191975E+00 harm
KEEPDBG accept 16 cc 6.48224939928955E-01 sumModel-2.33565609582907E+02 sumForcing 2.47771171200421E+02 sumM 5.22086974497594E-02 trend-5.93165902748584E-02 aero 0.00000000000000E+00 level-6.57662661532065E+01 k0 2.05753186848708E+04 init-1.67514134492189E+00 IR-5.08071674819054E-01 impC 2.95504502425726E-02 mP 5.52001300367053E-03 year-5.48601554518334E-06 sumLPAP 1.29809696191975E+00 harm
KEEPDBG accept 9 cc 6.34177122953741E-01 sumModel-2.21844987205408E+02 sumForcing 1.66016115826231E+02 sumM 4.84980518075010E-02 trend-4.56589833370016E-02 aero 0.00000000000000E+00 level 2.39946979898371E+03 k0-1.50665066262969E+04 init-1.61938116518075E+00 IR-5.09961984060828E-01 impC 2.91761735813583E-02 mP 5.46714401559274E-03 year-5.48601554518334E-06 sumLPAP 1.29809696191975E+00 harm
KEEPDBG accept 11 cc 6.23584022655824E-01 sumModel-2.02834573501466E+02 sumForcing 1.69400789932771E+02 sumM 4.81637593818138E-02 trend-3.93259621304387E-02 aero 0.00000000000000E+00 level 8.49911910932633E+02 k0-1.26547029748567E+04 init-1.43053019183858E+00 IR-5.22650700703401E-01 impC 3.50467297053366E-02 mP 5.46331048039516E-03 year-5.48601554518334E-06 sumLPAP 1.29809696191975E+00 harm
KEEPDBG accept 6 cc 6.22563399161865E-01 sumModel-2.06699743410477E+02 sumForcing 1.59822354047304E+02 sumM 4.92690052687463E-02 trend-4.12693881615777E-02 aero 0.00000000000000E+00 level 1.25021233414836E+03 k0-2.04530365249861E+04 init-1.57755450988468E+00 IR-5.15307111509781E-01 impC 3.01433055086041E-02 mP 5.55517765113865E-03 year-5.48601554518334E-06 sumLPAP 1.29809696191975E+00 harm
KEEPDBG accept 10 cc 6.36356508620902E-01 sumModel-2.21461287305169E+02 sumForcing-5.00658552376050E+02 sumM-9.46942400734617E-03 trend-4.50155531637467E-02 aero 0.00000000000000E+00 level 9.13680866098120E+01 k0 1.26326552769195E+02 init-2.48694153549418E+00 IR-5.03029431121053E-01 impC 3.14120074668809E-02 mP 5.52288665930399E-03 year-5.48601554518334E-06 sumLPAP 1.29809696191975E+00 harm
KEEPDBG accept 4 cc 6.45578447220778E-01 sumModel-2.63759389140485E+02 sumForcing 2.42739850175284E+02 sumM 4.70692639041658E-02 trend-7.42000361937460E-02 aero 0.00000000000000E+00 level-1.12518251814988E+03 k0 2.21619318718344E+04 init-1.65015724548181E+00 IR-4.24238068941726E-01 impC 2.71849168369064E-02 mP 5.74371916475711E-03 year-5.48601554518334E-06 sumLPAP 1.29809696191975E+00 harm
KEEPDBG accept 4 cc 6.45812643140533E-01 sumModel-2.63689845903474E+02 sumForcing 2.42387572766736E+02 sumM 4.70692639041658E-02 trend-7.41430603829890E-02 aero 0.00000000000000E+00 level-1.10054111362365E+03 k0 2.20329140384828E+04 init-1.65015724548181E+00 IR-4.24238068941726E-01 impC 2.71849168369064E-02 mP 5.74371916475711E-03 year-5.48601554518334E-06 sumLPAP 1.29809696191975E+00 harm
KEEPDBG accept 9 cc 6.34547385726609E-01 sumModel-2.22075315815922E+02 sumForcing 1.66736626391920E+02 sumM 4.84980518075010E-02 trend-4.58983197772330E-02 aero 0.00000000000000E+00 level 2.38094984084198E+03 k0-1.46118536491417E+04 init-1.61938116518075E+00 IR-5.09961984060828E-01 impC 2.91761735813583E-02 mP 5.46714401559274E-03 year-5.48601554518334E-06 sumLPAP 1.29809696191975E+00 harm
KEEPDBG accept 14 cc 6.44323315878138E-01 sumModel-2.13144673448349E+02 sumForcing 7.90571334212624E+00 sumM-3.96825393100489E-02 trend-3.76635251387822E-02 aero 0.00000000000000E+00 level 5.13503519641134E+04 k0-5.24323425947313E+06 init-1.60917391391376E+00 IR-5.09075692819187E-01 impC 3.39568884937597E-02 mP 5.51492872052613E-03 year-5.48601554518334E-06 sumLPAP 1.29809696191975E+00 harm
KEEPDBG accept 4 cc 6.45834520161547E-01 sumModel-2.63687171061029E+02 sumForcing 2.43083963851126E+02 sumM 4.70891266152725E-02 trend-7.41459362230406E-02 aero 0.00000000000000E+00 level-1.12046005145162E+03 k0 2.21470201856130E+04 init-1.65015724548181E+00 IR-4.24238068941726E-01 impC 2.71849168369064E-02 mP 5.74371916475711E-03 year-5.48601554518334E-06 sumLPAP 1.29809696191975E+00 harm
KEEPDBG accept 3 cc 6.30077780589707E-01 sumModel-2.38973856295015E+02 sumForcing-2.61629302891846E+02 sumM 4.86678503106478E-02 trend-4.80569120020296E-02 aero 0.00000000000000E+00 level 1.00596156436275E+03 k0 3.15873263452205E+03 init-1.65515334960070E+00 IR-5.03399224189588E-01 impC-2.35636974855766E-02 mP 5.52155082611859E-03 year-5.48601554518334E-06 sumLPAP 1.29809696191975E+00 harm
KEEPDBG accept 8 cc 6.35445380351937E-01 sumModel-2.63039931891701E+02 sumForcing 2.20295341399842E+02 sumM 5.08046326891435E-02 trend-6.40326301724633E-02 aero 0.00000000000000E+00 level 1.54258685833727E+03 k0-2.16182523887116E+03 init-1.61175982499512E+00 IR-4.33657428157750E-01 impC 3.20760561046990E-02 mP 5.52777770871334E-03 year-5.48601554518334E-06 sumLPAP 1.29809696191975E+00 harm
KEEPDBG accept 10 cc 6.36356515722130E-01 sumModel-2.21461103954887E+02 sumForcing-4.92721239732231E+02 sumM-9.46942400734617E-03 trend-4.50152076477867E-02 aero 0.00000000000000E+00 level 9.15576147908233E+01 k0 1.32513285208024E+02 init-2.48694153549418E+00 IR-5.03029431121053E-01 impC 3.14120074668809E-02 mP 5.52288665930399E-03 year-5.48601554518334E-06 sumLPAP 1.29809696191975E+00 harm
KEEPDBG accept 4 cc 6.46572192835072E-01 sumModel-2.63585917564764E+02 sumForcing 2.43643140177327E+02 sumM 4.70891266152725E-02 trend-7.40709269392941E-02 aero 0.00000000000000E+00 level-1.08478809644337E+03 k0 2.18200074038207E+04 init-1.65015724548181E+00 IR-4.24238068941726E-01 impC 2.71849168369064E-02 mP 5.77314639343847E-03 year-5.48601554518334E-06 sumLPAP 1.29809696191975E+00 harm
KEEPDBG accept 10 cc 6.36356515842909E-01 sumModel-2.21460957353816E+02 sumForcing-4.92719379118654E+02 sumM-9.46942400734617E-03 trend-4.50149562702691E-02 aero 0.00000000000000E+00 level 9.15579414962925E+01 k0 1.32516460674575E+02 init-2.48694153549418E+00 IR-5.03029431121053E-01 impC 3.14120074668809E-02 mP 5.52288665930399E-03 year-5.48601554518334E-06 sumLPAP 1.29809696191975E+00 harm
KEEPDBG accept 12 cc 6.20891417626603E-01 sumModel-2.09994545647902E+02 sumForcing 6.14158732908162E+02 sumM 5.19125701476296E-02 trend-4.23609742084103E-02 aero 0.00000000000000E+00 level 1.93437077714257E+02 k0-5.01083049915788E+02 init-1.56853260535368E+00 IR-5.08700791413222E-01 impC 3.03380860344663E-02 mP 5.73782747064630E-03 year-5.48601554518334E-06 sumLPAP 1.29809696191975E+00 harm
KEEPDBG accept 1 cc 6.20994693860177E-01 sumModel-2.09746246041248E+02 sumForcing 5.99374229622256E+01 sumM 5.15757370521352E-02 trend-4.22296239259993E-02 aero 0.00000000000000E+00 level 1.19098330677438E+04 k0-5.37695900140513E+05 init-1.65518027097150E+00 IR-5.09772446835226E-01 impC 3.06324921983633E-02 mP 5.52467076278122E-03 year-5.48601554518334E-06 sumLPAP 1.29809696191975E+00 harm
KEEPDBG accept 9 cc 6.34633111824546E-01 sumModel-2.21936007408998E+02 sumForcing 1.66875465372137E+02 sumM 4.84980518075010E-02 trend-4.57979306775641E-02 aero 0.00000000000000E+00 level 2.38713405989036E+03 k0-1.47163197062744E+04 init-1.63128110946494E+00 IR-5.09961984060828E-01 impC 2.91761735813583E-02 mP 5.46714401559274E-03 year-5.48601554518334E-06 sumLPAP 1.29809696191975E+00 harm
KEEPDBG accept 4 cc 6.47313727629671E-01 sumModel-2.63485030752908E+02 sumForcing 2.44212083946814E+02 sumM 4.70891266152725E-02 trend-7.39906353062540E-02 aero 0.00000000000000E+00 level-1.04718763627627E+03 k0 2.14803474647910E+04 init-1.65015724548181E+00 IR-4.24238068941726E-01 impC 2.71849168369064E-02 mP 5.80338844323289E-03 year-5.48601554518334E-06 sumLPAP 1.29809696191975E+00 harm
KEEPDBG accept 10 cc 6.36383590321498E-01 sumModel-2.21548470043417E+02 sumForcing-4.90904799317875E+02 sumM-9.46942400734617E-03 trend-4.51633848610450E-02 aero 0.00000000000000E+00 level 9.14673530420800E+01 k0 1.27457132629722E+02 init-2.46801405369892E+00 IR-5.03029431121053E-01 impC 3.14120074668809E-02 mP 5.52288665930399E-03 year-5.48601554518334E-06 sumLPAP 1.29809696191975E+00 harm
KEEPDBG accept 6 cc 6.22566791541446E-01 sumModel-2.06701975193283E+02 sumForcing 1.70291879621113E+02 sumM 4.92690052687463E-02 trend-4.12654802055892E-02 aero 0.00000000000000E+00 level 1.11032131282412E+03 k0-1.69051487667696E+04 init-1.57755450988468E+00 IR-5.15307111509781E-01 impC 3.01433055086041E-02 mP 5.55517765113865E-03 year-5.48601554518334E-06 sumLPAP 1.29809696191975E+00 harm
KEEPDBG accept 4 cc 6.52972093289558E-01 sumModel-2.63433066235272E+02 sumForcing 2.54840610296223E+02 sumM 4.70891266152725E-02 trend-7.14355031226632E-02 aero 0.00000000000000E+00 level-8.10934042227210E+01 k0 1.28656789281330E+04 init-1.65015724548181E+00 IR-4.24238068941726E-01 impC 2.71849168369064E-02 mP 5.80338844323289E-03 year-5.48601554518334E-06 sumLPAP 1.29809696191975E+00 harm
KEEPDBG accept 7 cc 6.45635661711394E-01 sumModel-2.38057877049366E+02 sumForcing-3.59773857265676E+02 sumM 5.04403761011683E-02 trend-6.09496560452111E-02 aero 0.00000000000000E+00 level-1.53603308346651E+03 k0-1.53763341160807E+04 init-2.26183126468195E+00 IR-5.09533194303163E-01 impC-1.06547223784602E-03 mP 5.53903863129181E-03 year-5.48601554518334E-06 sumLPAP 1.29809696191975E+00 harm
KEEPDBG accept 16 cc 6.48225311984707E-01 sumModel-2.33566007278144E+02 sumForcing 2.47768386230392E+02 sumM 5.22086974497594E-02 trend-5.93171644720158E-02 aero 0.00000000000000E+00 level-6.61539675487516E+01 k0 2.05785225013617E+04 init-1.67514134492189E+00 IR-5.08071674819054E-01 impC 2.95504502425726E-02 mP 5.52001300367053E-03 year-5.48601554518334E-06 sumLPAP 1.29809696191975E+00 harm
KEEPDBG accept 14 cc 6.44331763434788E-01 sumModel-2.13247417242706E+02 sumForcing 7.90571334212624E+00 sumM-3.96825393100489E-02 trend-3.76862196591601E-02 aero 0.00000000000000E+00 level 5.13844076837905E+04 k0-5.24256716550158E+06 init-1.60917391391376E+00 IR-5.08798633629012E-01 impC 3.39568884937597E-02 mP 5.51492872052613E-03 year-5.48601554518334E-06 sumLPAP 1.29809696191975E+00 harm
KEEPDBG accept 3 cc 6.30078221841977E-01 sumModel-2.38973648738103E+02 sumForcing-3.01986947199997E+02 sumM 4.86678503106478E-02 trend-4.80568391273051E-02 aero 0.00000000000000E+00 level 7.77693705233042E+02 k0 2.05412519788697E+03 init-1.65515334960070E+00 IR-5.03399224189588E-01 impC-2.35636974855766E-02 mP 5.52155082611859E-03 year-5.48601554518334E-06 sumLPAP 1.29809696191975E+00 harm
KEEPDBG accept 10 cc 6.36383596758402E-01 sumModel-2.21548291362452E+02 sumForcing-4.90902596068016E+02 sumM-9.46942400734617E-03 trend-4.51630852699346E-02 aero 0.00000000000000E+00 level 9.14677242052614E+01 k0 1.27460968005990E+02 init-2.46801405369892E+00 IR-5.03029431121053E-01 impC 3.14120074668809E-02 mP 5.52288665930399E-03 year-5.48601554518334E-06 sumLPAP 1.29809696191975E+00 harm
KEEPDBG accept 11 cc 6.23584107890121E-01 sumModel-2.02834882299552E+02 sumForcing 1.69400789932771E+02 sumM 5.10178186279512E-02 trend-3.93260811500104E-02 aero 0.00000000000000E+00 level 1.32088810191173E+03 k0-2.03394704572932E+04 init-1.43053019183858E+00 IR-5.22650700703401E-01 impC 3.50467297053366E-02 mP 5.46331048039516E-03 year-5.48601554518334E-06 sumLPAP 1.29809696191975E+00 harm
KEEPDBG accept 4 cc 6.52972103167143E-01 sumModel-2.63433023837419E+02 sumForcing 2.54840658666964E+02 sumM 4.70891266152725E-02 trend-7.14354920842689E-02 aero 0.00000000000000E+00 level-8.10840608944818E+01 k0 1.28655904708689E+04 init-1.65015724548181E+00 IR-4.24238068941726E-01 impC 2.71849168369064E-02 mP 5.80339054659720E-03 year-5.48601554518334E-06 sumLPAP 1.29809696191975E+00 harm
KEEPDBG accept 2 cc 6.20350007033461E-01 sumModel-2.10367912815213E+02 sumForcing 5.79874904561890E+02 sumM 4.87570261971039E-02 trend-4.25602667658123E-02 aero 0.00000000000000E+00 level 1.59376507631836E+02 k0-3.67910152268551E+02 init-1.64890112846678E+00 IR-5.08708359306436E-01 impC 3.01034206145067E-02 mP 5.51492872052613E-03 year-5.48601554518334E-06 sumLPAP 1.29809696191975E+00 harm
KEEPDBG accept 14 cc 6.44331899431860E-01 sumModel-2.13273127254319E+02 sumForcing 7.90571334212624E+00 sumM-3.96825393100489E-02 trend-3.76862196591601E-02 aero 0.00000000000000E+00 level 5.13844076837905E+04 k0-5.24256716550158E+06 init-1.60917391391376E+00 IR-5.08798633629012E-01 impC 3.38374456014762E-02 mP 5.51492872052613E-03 year-5.48601554518334E-06 sumLPAP 1.29809696191975E+00 harm
KEEPDBG accept 8 cc 6.37725654510337E-01 sumModel-2.62426413811194E+02 sumForcing 2.27243620077772E+02 sumM 5.10973178802565E-02 trend-6.40696244085815E-02 aero 0.00000000000000E+00 level 1.53198178994122E+03 k0-2.27710618671115E+03 init-1.61175982499512E+00 IR-4.33657428157750E-01 impC 3.20760561046990E-02 mP 5.52777770871334E-03 year-5.48601554518334E-06 sumLPAP 1.29809696191975E+00 harm
KEEPDBG accept 3 cc 6.31325855996711E-01 sumModel-2.42035244395494E+02 sumForcing-2.87222372406430E+02 sumM 5.28745362563962E-02 trend-5.39534115723832E-02 aero 0.00000000000000E+00 level 6.62682617708986E+02 k0 2.19441601909935E+03 init-1.65515334960070E+00 IR-5.03399224189588E-01 impC-2.35636974855766E-02 mP 5.52155082611859E-03 year-5.48601554518334E-06 sumLPAP 1.29809696191975E+00 harm
KEEPDBG accept 3 cc 6.32594316963766E-01 sumModel-2.39251303472976E+02 sumForcing-2.89941415908812E+02 sumM 5.28745362563962E-02 trend-4.92070430818318E-02 aero 0.00000000000000E+00 level 6.64078111606458E+02 k0 2.73953525694797E+03 init-2.42194189269063E+00 IR-5.03399224189588E-01 impC-2.35636974855766E-02 mP 5.52155082611859E-03 year-5.48601554518334E-06 sumLPAP 1.29809696191975E+00 harm
KEEPDBG accept 3 cc 6.33047759693027E-01 sumModel-2.39271956113214E+02 sumForcing-2.90551888386528E+02 sumM 5.28745362563962E-02 trend-4.90097461728050E-02 aero 0.00000000000000E+00 level 6.63460433495993E+02 k0 2.76222873885878E+03 init-2.42194189269063E+00 IR-5.03399224189588E-01 impC-2.35636974855766E-02 mP 5.52155082611859E-03 year-5.48601554518334E-06 sumLPAP 1.29809696191975E+00 harm
KEEPDBG accept 9 cc 6.34633233965535E-01 sumModel-2.21936517814572E+02 sumForcing 1.68301327865528E+02 sumM 4.84980518075010E-02 trend-4.57987533803412E-02 aero 0.00000000000000E+00 level 2.34832317543057E+03 k0-1.43442104663188E+04 init-1.63128110946494E+00 IR-5.09961984060828E-01 impC 2.91761735813583E-02 mP 5.46714401559274E-03 year-5.48601554518334E-06 sumLPAP 1.29809696191975E+00 harm
KEEPDBG accept 7 cc 6.48787061792594E-01 sumModel-2.36558380362185E+02 sumForcing 2.73423366371229E+01 sumM 5.04403761011683E-02 trend-6.32331179691284E-02 aero 0.00000000000000E+00 level-2.99297170883174E+05 k0 3.59077520047147E+07 init-2.26183126468195E+00 IR-5.09533194303163E-01 impC-1.06547223784602E-03 mP 5.53903863129181E-03 year-5.48601554518334E-06 sumLPAP 1.29809696191975E+00 harm
KEEPDBG accept 16 cc 6.48225411232653E-01 sumModel-2.33565359279565E+02 sumForcing 2.47768386231416E+02 sumM 5.22086974497594E-02 trend-5.93171631771347E-02 aero 0.00000000000000E+00 level-6.62107134324256E+01 k0 2.05791616425193E+04 init-1.67514134492189E+00 IR-5.08071674819054E-01 impC 2.95504502425726E-02 mP 5.52001300367053E-03 year-5.48601554518334E-06 sumLPAP 1.29809696191975E+00 harm
KEEPDBG accept 8 cc 6.44152374034959E-01 sumModel-2.55325110448771E+02 sumForcing 2.03699119313997E+02 sumM 5.10973178802565E-02 trend-6.95101770400099E-02 aero 0.00000000000000E+00 level 1.45018513890317E+03 k0-6.28236828002267E+03 init-1.61175982499512E+00 IR-4.33657428157750E-01 impC 3.20760561046990E-02 mP 3.93216556145855E-03 year-5.48601554518334E-06 sumLPAP 1.29809696191975E+00 harm
KEEPDBG accept 4 cc 6.52972114843075E-01 sumModel-2.63433073006610E+02 sumForcing 2.54840658432642E+02 sumM 4.70891266152725E-02 trend-7.14354946345552E-02 aero 0.00000000000000E+00 level-8.10875622258219E+01 k0 1.28656265481234E+04 init-1.65015724548181E+00 IR-4.24238068941726E-01 impC 2.71849168369064E-02 mP 5.80339054659720E-03 year-5.48601554518334E-06 sumLPAP 1.29809696191975E+00 harm
KEEPDBG accept 4 cc 6.52972173335723E-01 sumModel-2.63432966475363E+02 sumForcing 2.54841465152211E+02 sumM 4.70891266152725E-02 trend-7.14353059788944E-02 aero 0.00000000000000E+00 level-8.10234417031791E+01 k0 1.28650768283398E+04 init-1.65015724548181E+00 IR-4.24238068941726E-01 impC 2.71849168369064E-02 mP 5.80339054659720E-03 year-5.48601554518334E-06 sumLPAP 1.29809696191975E+00 harm
KEEPDBG accept 10 cc 6.36495582721038E-01 sumModel-2.21100299086420E+02 sumForcing-5.12990046552171E+02 sumM-9.22057160991963E-03 trend-4.45990223132215E-02 aero 0.00000000000000E+00 level 9.30796120085992E+01 k0 1.76470418518545E+02 init-2.46801405369892E+00 IR-5.03029431121053E-01 impC 3.14120074668809E-02 mP 5.52288665930399E-03 year-5.48601554518334E-06 sumLPAP 1.29809696191975E+00 harm
KEEPDBG accept 10 cc 6.36667863720020E-01 sumModel-2.19781259451009E+02 sumForcing-5.42464354657352E+02 sumM-9.22057160991963E-03 trend-4.25516683516015E-02 aero 0.00000000000000E+00 level 9.44682100334917E+01 k0 2.47943349251126E+02 init-2.46801405369892E+00 IR-5.03029431121053E-01 impC 3.14120074668809E-02 mP 5.52288665930399E-03 year-5.48601554518334E-06 sumLPAP 1.29809696191975E+00 harm
KEEPDBG accept 10 cc 6.36668189594819E-01 sumModel-2.19781596149399E+02 sumForcing-5.65242270109925E+02 sumM-9.22057160991963E-03 trend-4.25524246676165E-02 aero 0.00000000000000E+00 level 9.33911925135664E+01 k0 2.19206538652122E+02 init-2.46801405369892E+00 IR-5.03029431121053E-01 impC 3.14120074668809E-02 mP 5.52288665930399E-03 year-5.48601554518334E-06 sumLPAP 1.29809696191975E+00 harm
KEEPDBG accept 16 cc 6.48254182804601E-01 sumModel-2.33553361332592E+02 sumForcing 2.47744324830221E+02 sumM 5.22363416145828E-02 trend-5.93314019523678E-02 aero 0.00000000000000E+00 level-8.62857899695135E+01 k0 2.07756294027172E+04 init-1.67514134492189E+00 IR-5.08071674819054E-01 impC 2.95504502425726E-02 mP 5.52001300367053E-03 year-5.48601554518334E-06 sumLPAP 1.29809696191975E+00 harm
KEEPDBG accept 9 cc 6.36377158487497E-01 sumModel-2.21490621163281E+02 sumForcing 1.73888782670698E+02 sumM 4.84980518075010E-02 trend-4.55638501961290E-02 aero 0.00000000000000E+00 level 2.32498451135158E+03 k0-1.32802119229727E+04 init-1.63128110946494E+00 IR-5.09961984060828E-01 impC 2.91761735813583E-02 mP 5.46714401559274E-03 year-5.48601554518334E-06 sumLPAP 1.29809696191975E+00 harm
KEEPDBG accept 8 cc 6.44193963186111E-01 sumModel-2.55315230598638E+02 sumForcing 2.03539020377152E+02 sumM 5.10973178802565E-02 trend-6.95209119630446E-02 aero 0.00000000000000E+00 level 1.44839921181491E+03 k0-6.27088810684594E+03 init-1.61175982499512E+00 IR-4.33657428157750E-01 impC 3.20760561046990E-02 mP 3.93216556145855E-03 year-5.48601554518334E-06 sumLPAP 1.29809696191975E+00 harm
KEEPDBG accept 16 cc 6.48280863708721E-01 sumModel-2.33542939459435E+02 sumForcing 2.49671387660767E+02 sumM 5.22965994994307E-02 trend-5.93327244467301E-02 aero 0.00000000000000E+00 level-1.48096367978149E+02 k0 2.12102942315984E+04 init-1.67514134492189E+00 IR-5.08071674819054E-01 impC 2.95504502425726E-02 mP 5.52001300367053E-03 year-5.48601554518334E-06 sumLPAP 1.29809696191975E+00 harm
KEEPDBG accept 7 cc 6.49054951561882E-01 sumModel-2.37644162077706E+02 sumForcing 2.87772516393987E+01 sumM 5.04403761011683E-02 trend-6.31414203611592E-02 aero 0.00000000000000E+00 level-2.56738549442125E+05 k0 2.96075225404133E+07 init-2.26183126468195E+00 IR-5.09533194303163E-01 impC-1.06547223784602E-03 mP 5.53903863129181E-03 year-5.48601554518334E-06 sumLPAP 1.29809696191975E+00 harm
KEEPDBG accept 16 cc 6.48286362653279E-01 sumModel-2.33720993399747E+02 sumForcing 2.49671387660767E+02 sumM 5.22965994994307E-02 trend-5.93886330683544E-02 aero 0.00000000000000E+00 level-1.45088569920697E+02 k0 2.12160246715312E+04 init-1.67514134492189E+00 IR-5.07599124438471E-01 impC 2.95504502425726E-02 mP 5.52001300367053E-03 year-5.48601554518334E-06 sumLPAP 1.29809696191975E+00 harm
KEEPDBG accept 1 cc 6.20997214976215E-01 sumModel-2.09755231929745E+02 sumForcing 5.99301627564577E+01 sumM 5.15757370521352E-02 trend-4.22216560052997E-02 aero 0.00000000000000E+00 level 1.19066121710637E+04 k0-5.37598639172375E+05 init-1.65518027097150E+00 IR-5.09772446835226E-01 impC 3.06324921983633E-02 mP 5.52467076278122E-03 year-5.48601554518334E-06 sumLPAP 1.29809696191975E+00 harm
KEEPDBG accept 7 cc 6.49904339438671E-01 sumModel-2.54724963535954E+02 sumForcing 2.87772516393987E+01 sumM 5.04403761011683E-02 trend-6.89206925262875E-02 aero 0.00000000000000E+00 level-2.47717558624856E+05 k0 3.05111111838431E+07 init-2.26183126468195E+00 IR-4.61586698092194E-01 impC-1.06547223784602E-03 mP 5.53903863129181E-03 year-5.48601554518334E-06 sumLPAP 1.29809696191975E+00 harm
KEEPDBG accept 3 cc 6.36078187967087E-01 sumModel-2.38024441864240E+02 sumForcing-3.38845268102120E+02 sumM 5.28745362563962E-02 trend-4.97214149423764E-02 aero 0.00000000000000E+00 level 6.69184681863668E+02 k0 1.83847569161012E+03 init-2.42194189269063E+00 IR-5.03399224189588E-01 impC-2.35636974855766E-02 mP 5.52155082611859E-03 year-5.48601554518334E-06 sumLPAP 1.29809696191975E+00 harm
KEEPDBG accept 5 cc 6.21296341710382E-01 sumModel-1.99748739780185E+02 sumForcing 6.26846264441174E+02 sumM 5.06992555679950E-02 trend-3.92718570231210E-02 aero 0.00000000000000E+00 level 1.58162156038937E+02 k0-3.76218361154943E+02 init-1.60936106681275E+00 IR-5.34748948236804E-01 impC 3.03183540597754E-02 mP 5.63311270418530E-03 year-5.48601554518334E-06 sumLPAP 1.29809696191975E+00 harm
KEEPDBG accept 10 cc 6.36668314193453E-01 sumModel-2.19781831416701E+02 sumForcing-5.65245568042434E+02 sumM-9.22057160991963E-03 trend-4.25528588476381E-02 aero 0.00000000000000E+00 level 9.33905591430406E+01 k0 2.19203872839793E+02 init-2.46801405369892E+00 IR-5.03029431121053E-01 impC 3.14120074668809E-02 mP 5.52288665930399E-03 year-5.48601554518334E-06 sumLPAP 1.29809696191975E+00 harm
KEEPDBG accept 8 cc 6.44244441467662E-01 sumModel-2.55302358197931E+02 sumForcing 2.03326314968115E+02 sumM 5.10973178802565E-02 trend-6.95340579461907E-02 aero 0.00000000000000E+00 level 1.44601747967289E+03 k0-6.25523567343217E+03 init-1.61175982499512E+00 IR-4.33657428157750E-01 impC 3.20760561046990E-02 mP 3.93216556145855E-03 year-5.48601554518334E-06 sumLPAP 1.29809696191975E+00 harm
KEEPDBG accept 4 cc 6.52972173341065E-01 sumModel-2.63432968472144E+02 sumForcing 2.54841465152211E+02 sumM 4.70891266152725E-02 trend-7.14353059788944E-02 aero 0.00000000000000E+00 level-8.10234417031791E+01 k0 1.28650768283398E+04 init-1.65015724548181E+00 IR-4.24238068941726E-01 impC 2.71849070122501E-02 mP 5.80339054659720E-03 year-5.48601554518334E-06 sumLPAP 1.29809696191975E+00 harm
KEEPDBG accept 9 cc 6.36377653578887E-01 sumModel-2.21577288091694E+02 sumForcing 1.73888782670698E+02 sumM 4.84980518075010E-02 trend-4.55638501961290E-02 aero 0.00000000000000E+00 level 2.32498451135158E+03 k0-1.32802119229727E+04 init-1.63128110946494E+00 IR-5.09961984060828E-01 impC 2.87710073890120E-02 mP 5.46714401559274E-03 year-5.48601554518334E-06 sumLPAP 1.29809696191975E+00 harm
KEEPDBG accept 4 cc 6.52972204712889E-01 sumModel-2.63433030533151E+02 sumForcing 2.54841552410839E+02 sumM 4.70891266152725E-02 trend-7.14352884669439E-02 aero 0.00000000000000E+00 level-8.10263572777659E+01 k0 1.28651229196499E+04 init-1.65015724548181E+00 IR-4.24238068941726E-01 impC 2.71849070122501E-02 mP 5.80339054659720E-03 year-5.48601554518334E-06 sumLPAP 1.29809696191975E+00 harm
KEEPDBG accept 4 cc 6.52972204745530E-01 sumModel-2.63433042732125E+02 sumForcing 2.54841552410839E+02 sumM 4.70891266152725E-02 trend-7.14352884669439E-02 aero 0.00000000000000E+00 level-8.10263572777659E+01 k0 1.28651229196499E+04 init-1.65015724548181E+00 IR-4.24238068941726E-01 impC 2.71848469902746E-02 mP 5.80339054659720E-03 year-5.48601554518334E-06 sumLPAP 1.29809696191975E+00 harm
KEEPDBG accept 16 cc 6.48303152527683E-01 sumModel-2.33781466965088E+02 sumForcing 2.49831597041980E+02 sumM 5.22965994994307E-02 trend-5.94327057701812E-02 aero 0.00000000000000E+00 level-1.68844416648814E+02 k0 2.13302621192135E+04 init-1.67514134492189E+00 IR-5.07599124438471E-01 impC 2.95504502425726E-02 mP 5.52001300367053E-03 year-5.48601554518334E-06 sumLPAP 1.29809696191975E+00 harm
KEEPDBG accept 9 cc 6.36454507266791E-01 sumModel-2.21715052080394E+02 sumForcing 1.74355847535282E+02 sumM 4.84980518075010E-02 trend-4.56888243571768E-02 aero 0.00000000000000E+00 level 2.31221199261504E+03 k0-1.29692144629801E+04 init-1.63128110946494E+00 IR-5.09961984060828E-01 impC 2.87710073890120E-02 mP 5.46714401559274E-03 year-5.48601554518334E-06 sumLPAP 1.29809696191975E+00 harm
KEEPDBG accept 8 cc 6.44320202768977E-01 sumModel-2.55256847847478E+02 sumForcing 2.10157602315710E+02 sumM 5.13502104133016E-02 trend-6.94497696750883E-02 aero 0.00000000000000E+00 level 1.42027140356243E+03 k0-5.85677733754841E+03 init-1.61175982499512E+00 IR-4.33657428157750E-01 impC 3.20760561046990E-02 mP 3.93216556145855E-03 year-5.48601554518334E-06 sumLPAP 1.29809696191975E+00 harm
KEEPDBG accept 9 cc 6.36454778992611E-01 sumModel-2.21764216354752E+02 sumForcing 1.74355847535282E+02 sumM 4.84980518075010E-02 trend-4.56888243571768E-02 aero 0.00000000000000E+00 level 2.31221199261504E+03 k0-1.29692144629801E+04 init-1.63128110946494E+00 IR-5.09961984060828E-01 impC 2.85411653696169E-02 mP 5.46714401559274E-03 year-5.48601554518334E-06 sumLPAP 1.29809696191975E+00 harm
KEEPDBG accept 4 cc 6.52972211623237E-01 sumModel-2.63433054557316E+02 sumForcing 2.54841552281718E+02 sumM 4.70891266152725E-02 trend-7.14352905824460E-02 aero 0.00000000000000E+00 level-8.10299239033509E+01 k0 1.28651564085848E+04 init-1.65015724548181E+00 IR-4.24238068941726E-01 impC 2.71848469902746E-02 mP 5.80339054659720E-03 year-5.48601554518334E-06 sumLPAP 1.29809696191975E+00 harm
KEEPDBG accept 4 cc 6.52972303141303E-01 sumModel-2.63432742098013E+02 sumForcing 2.54841734522578E+02 sumM 4.70891266152725E-02 trend-7.14352561929944E-02 aero 0.00000000000000E+00 level-8.10167408130303E+01 k0 1.28650558913019E+04 init-1.65015724548181E+00 IR-4.24238068941726E-01 impC 2.71848469902746E-02 mP 5.80339847110795E-03 year-5.48601554518334E-06 sumLPAP 1.29809696191975E+00 harm
KEEPDBG accept 14 cc 6.44717898192401E-01 sumModel-2.14875472331926E+02 sumForcing 5.88059083479560E+00 sumM-3.96825393100489E-02 trend-3.97094468129300E-02 aero 0.00000000000000E+00 level 5.24405666236680E+04 k0-4.88522933974653E+06 init-1.60917391391376E+00 IR-5.08798633629012E-01 impC 3.38374456014762E-02 mP 5.51492872052613E-03 year-5.48601554518334E-06 sumLPAP 1.29809696191975E+00 harm
KEEPDBG accept 12 cc 6.20960861445141E-01 sumModel-2.02211176519285E+02 sumForcing 6.14158732908162E+02 sumM 5.19125701476296E-02 trend-4.03251480558462E-02 aero 0.00000000000000E+00 level 1.85048158319119E+02 k0-4.92573963844101E+02 init-1.56853260535368E+00 IR-5.28408080968041E-01 impC 3.03380860344663E-02 mP 5.73782747064630E-03 year-5.48601554518334E-06 sumLPAP 1.29809696191975E+00 harm
KEEPDBG accept 15 cc 6.20879068638354E-01 sumModel-2.09844670323557E+02 sumForcing 2.74251992665493E+02 sumM 5.03006493260695E-02 trend-4.31131135724199E-02 aero 0.00000000000000E+00 level 5.31033124916778E+02 k0-4.51948772805693E+03 init-1.59909993244017E+00 IR-5.08698659045829E-01 impC 2.96730243223625E-02 mP 5.54396121876823E-03 year-5.48601554518334E-06 sumLPAP 1.29809696191975E+00 harm
KEEPDBG accept 7 cc 6.57402223010333E-01 sumModel-2.47171790855343E+02 sumForcing 3.26374246194184E+01 sumM 5.04403761011683E-02 trend-5.92497954312331E-02 aero 0.00000000000000E+00 level-8.04085312484627E+04 k0 2.37209946162908E+07 init-2.26183126468195E+00 IR-4.61586698092194E-01 impC-1.06547223784602E-03 mP 7.40337748974203E-03 year-5.48601554518334E-06 sumLPAP 1.29809696191975E+00 harm
KEEPDBG accept 5 cc 6.21297049364715E-01 sumModel-1.99750936449766E+02 sumForcing 4.78538231155292E+02 sumM 5.06992555679950E-02 trend-3.92737172161697E-02 aero 0.00000000000000E+00 level 2.18274352343606E+02 k0-8.45858039056314E+02 init-1.60936106681275E+00 IR-5.34748948236804E-01 impC 3.03183540597754E-02 mP 5.63311270418530E-03 year-5.48601554518334E-06 sumLPAP 1.29809696191975E+00 harm
KEEPDBG accept 3 cc 6.36096607143519E-01 sumModel-2.38063980570643E+02 sumForcing-3.38156262371243E+02 sumM 5.28745362563962E-02 trend-4.98310820621306E-02 aero 0.00000000000000E+00 level 6.70008942101310E+02 k0 1.84012781178696E+03 init-2.42194189269063E+00 IR-5.03399224189588E-01 impC-2.35636974855766E-02 mP 5.52155082611859E-03 year-5.48601554518334E-06 sumLPAP 1.29809696191975E+00 harm
KEEPDBG accept 6 cc 6.22567264821061E-01 sumModel-2.06702298412438E+02 sumForcing 1.70290727220648E+02 sumM 4.92690052687463E-02 trend-4.12649481362201E-02 aero 0.00000000000000E+00 level 1.11030965992231E+03 k0-1.69051209944266E+04 init-1.57755450988468E+00 IR-5.15307111509781E-01 impC 3.01433055086041E-02 mP 5.55517765113865E-03 year-5.48601554518334E-06 sumLPAP 1.29809696191975E+00 harm
KEEPDBG accept 3 cc 6.36098504519794E-01 sumModel-2.38063846731092E+02 sumForcing-4.95615169788823E+02 sumM 5.28745362563962E-02 trend-4.98305255682785E-02 aero 0.00000000000000E+00 level 3.62251388263996E+02 k0 5.84586914076175E+02 init-2.42194189269063E+00 IR-5.03399224189588E-01 impC-2.35636974855766E-02 mP 5.52155082611859E-03 year-5.48601554518334E-06 sumLPAP 1.29809696191975E+00 harm
KEEPDBG accept 13 cc 6.21250956895229E-01 sumModel-2.07111284698446E+02 sumForcing 4.73903687296572E+02 sumM 5.11844039200923E-02 trend-4.18155214905038E-02 aero 0.00000000000000E+00 level 2.47881971832680E+02 k0-9.80643384642167E+02 init-1.66138086652861E+00 IR-5.15586292638069E-01 impC 3.11981188089352E-02 mP 5.54871041063005E-03 year-5.48601554518334E-06 sumLPAP 1.29809696191975E+00 harm
KEEPDBG accept 14 cc 6.44847421150739E-01 sumModel-2.14884101515815E+02 sumForcing 5.88001966292992E+00 sumM-3.96825393100489E-02 trend-3.96138979110497E-02 aero 0.00000000000000E+00 level 5.21611296768838E+04 k0-4.80792034278194E+06 init-1.61949960434480E+00 IR-5.08798633629012E-01 impC 3.38374456014762E-02 mP 5.51492872052613E-03 year-5.48601554518334E-06 sumLPAP 1.29809696191975E+00 harm
KEEPDBG accept 15 cc 6.20880229333805E-01 sumModel-2.09844931601801E+02 sumForcing 3.21559135882235E+02 sumM 5.03006493260695E-02 trend-4.31102617486740E-02 aero 0.00000000000000E+00 level 4.08448881726578E+02 k0-2.80348355737286E+03 init-1.59909993244017E+00 IR-5.08698659045829E-01 impC 2.96730243223625E-02 mP 5.54396121876823E-03 year-5.48601554518334E-06 sumLPAP 1.29809696191975E+00 harm
KEEPDBG accept 11 cc 6.23598336994208E-01 sumModel-2.02840353354633E+02 sumForcing 1.69381228083235E+02 sumM 5.10178186279512E-02 trend-3.93181083746348E-02 aero 0.00000000000000E+00 level 1.32066963008182E+03 k0-2.03390348801769E+04 init-1.43053019183858E+00 IR-5.22650700703401E-01 impC 3.50467297053366E-02 mP 5.46331048039516E-03 year-5.48601554518334E-06 sumLPAP 1.29809696191975E+00 harm
KEEPDBG accept 7 cc 6.57700391299263E-01 sumModel-2.48174094635052E+02 sumForcing 3.26374255554760E+01 sumM 5.04403763761158E-02 trend-5.92573681512584E-02 aero 0.00000000000000E+00 level-1.00885280534970E+05 k0 2.55299568528794E+07 init-2.26183126468195E+00 IR-4.61586698092194E-01 impC-1.06547223784602E-03 mP 7.40337748974203E-03 year-5.48601554518334E-06 sumLPAP 1.29809696191975E+00 harm
KEEPDBG accept 13 cc 6.21251645039667E-01 sumModel-2.07112202819141E+02 sumForcing 4.73892395070514E+02 sumM 5.11844039200923E-02 trend-4.18135593953766E-02 aero 0.00000000000000E+00 level 2.47868926504744E+02 k0-9.80625113538444E+02 init-1.66138086652861E+00 IR-5.15586292638069E-01 impC 3.11981188089352E-02 mP 5.54871041063005E-03 year-5.48601554518334E-06 sumLPAP 1.29809696191975E+00 harm
KEEPDBG accept 15 cc 6.20881794926044E-01 sumModel-2.09844549995204E+02 sumForcing 4.40995345968872E+02 sumM 5.03006493260695E-02 trend-4.31055160599780E-02 aero 0.00000000000000E+00 level 2.55287661174425E+02 k0-1.08657356429412E+03 init-1.59909993244017E+00 IR-5.08698659045829E-01 impC 2.96730243223625E-02 mP 5.54396121876823E-03 year-5.48601554518334E-06 sumLPAP 1.29809696191975E+00 harm
KEEPDBG accept 4 cc 6.52973487775707E-01 sumModel-2.63425302081869E+02 sumForcing 2.54889475421637E+02 sumM 4.70891266152725E-02 trend-7.14269814723379E-02 aero 0.00000000000000E+00 level-7.99365369016206E+01 k0 1.28593828672972E+04 init-1.65078201421425E+00 IR-4.24238068941726E-01 impC 2.71848469902746E-02 mP 5.80339847110795E-03 year-5.48601554518334E-06 sumLPAP 1.29809696191975E+00 harm
KEEPDBG accept 10 cc 6.36669265581474E-01 sumModel-2.19999929389421E+02 sumForcing-5.65245568042434E+02 sumM-9.22057160991963E-03 trend-4.25528588476381E-02 aero 0.00000000000000E+00 level 9.33905591430406E+01 k0 2.19203872839793E+02 init-2.46801405369892E+00 IR-5.03029431121053E-01 impC 3.03949026287728E-02 mP 5.52288665930399E-03 year-5.48601554518334E-06 sumLPAP 1.29809696191975E+00 harm
KEEPDBG accept 16 cc 6.48368464564744E-01 sumModel-2.33757235009513E+02 sumForcing 2.54542545301258E+02 sumM 5.24434728812067E-02 trend-5.94362693889405E-02 aero 0.00000000000000E+00 level-3.27686250619288E+02 k0 2.24235078441528E+04 init-1.67514134492189E+00 IR-5.07599124438471E-01 impC 2.95504502425726E-02 mP 5.52001300367053E-03 year-5.48601554518334E-06 sumLPAP 1.29809696191975E+00 harm
KEEPDBG accept 6 cc 6.22584496023255E-01 sumModel-2.06714523038882E+02 sumForcing 1.70247317599507E+02 sumM 4.92690052687463E-02 trend-4.12448372834164E-02 aero 0.00000000000000E+00 level 1.10987353972641E+03 k0-1.69042971345617E+04 init-1.57755450988468E+00 IR-5.15307111509781E-01 impC 3.01433055086041E-02 mP 5.55517765113865E-03 year-5.48601554518334E-06 sumLPAP 1.29809696191975E+00 harm
KEEPDBG accept 9 cc 6.36492225009299E-01 sumModel-2.21883203526997E+02 sumForcing 1.74734927434179E+02 sumM 4.84980518075010E-02 trend-4.57885064483154E-02 aero 0.00000000000000E+00 level 2.30154067206675E+03 k0-1.27104886622411E+04 init-1.63128110946494E+00 IR-5.09961984060828E-01 impC 2.85411653696169E-02 mP 5.46714401559274E-03 year-5.48601554518334E-06 sumLPAP 1.29809696191975E+00 harm
KEEPDBG accept 3 cc 6.37347764310607E-01 sumModel-1.85373151023584E+02 sumForcing-4.95615169788823E+02 sumM 5.28745362563962E-02 trend-3.81010554686659E-02 aero 0.00000000000000E+00 level 2.78660718525824E+02 k0 4.04552986195625E+02 init-2.42194189269063E+00 IR-6.30563104774588E-01 impC-2.35636974855766E-02 mP 5.52155082611859E-03 year-5.48601554518334E-06 sumLPAP 1.29809696191975E+00 harm
KEEPDBG accept 10 cc 6.36669436451759E-01 sumModel-2.20000252292290E+02 sumForcing-5.65250084795822E+02 sumM-9.22057160991963E-03 trend-4.25534537787822E-02 aero 0.00000000000000E+00 level 9.33896917851074E+01 k0 2.19200207091232E+02 init-2.46801405369892E+00 IR-5.03029431121053E-01 impC 3.03949026287728E-02 mP 5.52288665930399E-03 year-5.48601554518334E-06 sumLPAP 1.29809696191975E+00 harm
KEEPDBG accept 8 cc 6.45090288290295E-01 sumModel-2.56001770454278E+02 sumForcing 2.09918288301072E+02 sumM 5.13502104133016E-02 trend-6.92098516301934E-02 aero 0.00000000000000E+00 level 1.45016931501547E+03 k0-5.84100395103920E+03 init-1.61175982499512E+00 IR-4.33657428157750E-01 impC 3.20760561046990E-02 mP 3.93216556145855E-03 year-5.48601554518334E-06 sumLPAP 1.29809696191975E+00 harm
KEEPDBG accept 8 cc 6.45091190548511E-01 sumModel-2.56002074629666E+02 sumForcing 2.09918288301072E+02 sumM 4.20359300170593E-02 trend-6.92100553941059E-02 aero 0.00000000000000E+00 level 5.24934482041225E+02 k0-1.74440609364998E+03 init-1.61175982499512E+00 IR-4.33657428157750E-01 impC 3.20760561046990E-02 mP 3.93216556145855E-03 year-5.48601554518334E-06 sumLPAP 1.29809696191975E+00 harm
KEEPDBG accept 10 cc 6.36682398971027E-01 sumModel-2.20323293734543E+02 sumForcing-5.65250084795822E+02 sumM-9.22057160991963E-03 trend-4.26409128903045E-02 aero 0.00000000000000E+00 level 9.35865543572788E+01 k0 2.19165293330431E+02 init-2.46801405369892E+00 IR-5.02165225490380E-01 impC 3.03949026287728E-02 mP 5.52288665930399E-03 year-5.48601554518334E-06 sumLPAP 1.29809696191975E+00 harm
KEEPDBG accept 10 cc 6.36784362721447E-01 sumModel-2.20242701755506E+02 sumForcing-5.90488406368464E+02 sumM-9.22057160991963E-03 trend-4.26420318928802E-02 aero 0.00000000000000E+00 level 9.32102873529160E+01 k0 2.45185140550045E+02 init-2.46801405369892E+00 IR-5.02165225490380E-01 impC 3.03949026287728E-02 mP 5.52288665930399E-03 year-5.48601554518334E-06 sumLPAP 1.29809696191975E+00 harm
KEEPDBG accept 4 cc 6.52973822237245E-01 sumModel-2.63425374399279E+02 sumForcing 2.54889449792713E+02 sumM 4.70891266152725E-02 trend-7.14271430103518E-02 aero 0.00000000000000E+00 level-7.99499057020013E+01 k0 1.28594240570580E+04 init-1.65078201421425E+00 IR-4.24238068941726E-01 impC 2.71848469902746E-02 mP 5.80339847110795E-03 year-5.48601554518334E-06 sumLPAP 1.29809696191975E+00 harm
KEEPDBG accept 6 cc 6.22596653049655E-01 sumModel-2.06722777537467E+02 sumForcing 2.78056058649112E+02 sumM 4.92690052687463E-02 trend-4.12296258453240E-02 aero 0.00000000000000E+00 level 4.64501145056287E+02 k0-3.87740680872373E+03 init-1.57755450988468E+00 IR-5.15307111509781E-01 impC 3.01433055086041E-02 mP 5.55517765113865E-03 year-5.48601554518334E-06 sumLPAP 1.29809696191975E+00 harm
KEEPDBG accept 10 cc 6.36898340206401E-01 sumModel-2.18697410380139E+02 sumForcing-7.50301361563240E+02 sumM-7.65159533652950E-03 trend-4.07857654637562E-02 aero 0.00000000000000E+00 level 1.02946475561650E+02 k0 3.91252685967553E+02 init-2.46801405369892E+00 IR-5.02165225490380E-01 impC 3.03949026287728E-02 mP 5.52288665930399E-03 year-5.48601554518334E-06 sumLPAP 1.29809696191975E+00 harm
KEEPDBG accept 6 cc 6.22600277085825E-01 sumModel-2.06724797040129E+02 sumForcing 3.46261602487693E+02 sumM 4.92690052687463E-02 trend-4.12246960133638E-02 aero 0.00000000000000E+00 level 3.27137400368606E+02 k0-2.00730023546069E+03 init-1.57755450988468E+00 IR-5.15307111509781E-01 impC 3.01433055086041E-02 mP 5.55517765113865E-03 year-5.48601554518334E-06 sumLPAP 1.29809696191975E+00 harm
KEEPDBG accept 1 cc 6.21001473079031E-01 sumModel-2.09782443257658E+02 sumForcing 5.98972224015464E+01 sumM 5.15757370521352E-02 trend-4.21840098850574E-02 aero 0.00000000000000E+00 level 1.18914324630474E+04 k0-5.37256649473488E+05 init-1.65518027097150E+00 IR-5.09772446835226E-01 impC 3.06324921983633E-02 mP 5.52467076278122E-03 year-5.48601554518334E-06 sumLPAP 1.29809696191975E+00 harm
KEEPDBG accept 7 cc 6.57900627496682E-01 sumModel-2.48603373932064E+02 sumForcing 3.26373671942737E+01 sumM 5.04403763761158E-02 trend-5.92109762536046E-02 aero 0.00000000000000E+00 level-1.12168593934882E+05 k0 2.66827243256462E+07 init-2.26183126468195E+00 IR-4.61586698092194E-01 impC-1.06547223784602E-03 mP 7.40337748974203E-03 year-5.48601554518334E-06 sumLPAP 1.29809696191975E+00 harm
KEEPDBG accept 4 cc 6.52973890073970E-01 sumModel-2.63424831690934E+02 sumForcing 2.54891320771525E+02 sumM 4.70891266152725E-02 trend-7.14268207226111E-02 aero 0.00000000000000E+00 level-7.99152574844007E+01 k0 1.28592851113644E+04 init-1.65080649794609E+00 IR-4.24238068941726E-01 impC 2.71848469902746E-02 mP 5.80339847110795E-03 year-5.48601554518334E-06 sumLPAP 1.29809696191975E+00 harm
KEEPDBG accept 10 cc 6.36898430005805E-01 sumModel-2.18697278522451E+02 sumForcing-7.50301361563240E+02 sumM-7.98969580131330E-03 trend-4.07856217229767E-02 aero 0.00000000000000E+00 level 1.01540613437865E+02 k0 3.69615427009958E+02 init-2.46801405369892E+00 IR-5.02165225490380E-01 impC 3.03949026287728E-02 mP 5.52288665930399E-03 year-5.48601554518334E-06 sumLPAP 1.29809696191975E+00 harm
KEEPDBG accept 5 cc 6.21297425157790E-01 sumModel-1.99751713913459E+02 sumForcing 4.78530423270512E+02 sumM 5.06992555679950E-02 trend-3.92724661849125E-02 aero 0.00000000000000E+00 level 2.18266025576038E+02 k0-8.45840668007898E+02 init-1.60936106681275E+00 IR-5.34748948236804E-01 impC 3.03183540597754E-02 mP 5.63311270418530E-03 year-5.48601554518334E-06 sumLPAP 1.29809696191975E+00 harm
KEEPDBG accept 4 cc 6.52973890234308E-01 sumModel-2.63424951473103E+02 sumForcing 2.54891320771525E+02 sumM 4.70844272395618E-02 trend-7.14268204457015E-02 aero 0.00000000000000E+00 level-7.97640628371480E+01 k0 1.28502957078402E+04 init-1.65080649794609E+00 IR-4.24238068941726E-01 impC 2.71848469902746E-02 mP 5.80339847110795E-03 year-5.48601554518334E-06 sumLPAP 1.29809696191975E+00 harm
KEEPDBG accept 10 cc 6.37073418061130E-01 sumModel-2.18813880168029E+02 sumForcing-7.76626438180888E+02 sumM-7.98969580131330E-03 trend-4.10720189265990E-02 aero 0.00000000000000E+00 level 1.02617401167875E+02 k0 3.89767494580222E+02 init-2.46801405369892E+00 IR-5.02165225490380E-01 impC 3.03949026287728E-02 mP 5.52288665930399E-03 year-5.48601554518334E-06 sumLPAP 1.29809696191975E+00 harm
KEEPDBG accept 5 cc 6.21297458493295E-01 sumModel-1.99631749518991E+02 sumForcing 4.78530423270512E+02 sumM 5.06992555679950E-02 trend-3.92724661849125E-02 aero 0.00000000000000E+00 level 2.18266025576038E+02 k0-8.45840668007898E+02 init-1.60936106681275E+00 IR-5.34748948236804E-01 impC 3.08663009402545E-02 mP 5.63311270418530E-03 year-5.48601554518334E-06 sumLPAP 1.29809696191975E+00 harm
KEEPDBG accept 11 cc 6.23696315328459E-01 sumModel-2.03041657489408E+02 sumForcing 1.65880092489439E+02 sumM 5.10178186279512E-02 trend-3.82488576540458E-02 aero 0.00000000000000E+00 level 1.32499269569654E+03 k0-2.06202957341524E+04 init-1.43053019183858E+00 IR-5.22650700703401E-01 impC 3.50467297053366E-02 mP 5.46331048039516E-03 year-5.48601554518334E-06 sumLPAP 1.29809696191975E+00 harm
KEEPDBG accept 14 cc 6.44876154604521E-01 sumModel-2.15345201374159E+02 sumForcing 5.88001966292992E+00 sumM-3.96825393100489E-02 trend-3.97217719738074E-02 aero 0.00000000000000E+00 level 5.23418287523251E+04 k0-4.80715930965580E+06 init-1.61949960434480E+00 IR-5.07564070962935E-01 impC 3.38374456014762E-02 mP 5.51492872052613E-03 year-5.48601554518334E-06 sumLPAP 1.29809696191975E+00 harm
KEEPDBG accept 8 cc 6.45146414839809E-01 sumModel-2.55718801331769E+02 sumForcing 2.09107920034137E+02 sumM 4.18037178320007E-02 trend-6.90187158350457E-02 aero 0.00000000000000E+00 level 5.24999188440617E+02 k0-1.80340559636880E+03 init-1.61175982499512E+00 IR-4.33657428157750E-01 impC 3.20760561046990E-02 mP 3.93216556145855E-03 year-5.48601554518334E-06 sumLPAP 1.29809696191975E+00 harm
KEEPDBG accept 14 cc 6.44898418736587E-01 sumModel-2.16355692404246E+02 sumForcing 6.73043115622866E+00 sumM-3.96825393100489E-02 trend-4.13515716082071E-02 aero 0.00000000000000E+00 level 5.63617764453306E+04 k0-4.77388248417090E+06 init-1.61949960434480E+00 IR-5.07564070962935E-01 impC 3.38374456014762E-02 mP 5.51492872052613E-03 year-5.48601554518334E-06 sumLPAP 1.29809696191975E+00 harm
KEEPDBG accept 14 cc 6.44898571460616E-01 sumModel-2.16385371256860E+02 sumForcing 6.73043115622866E+00 sumM-3.96825393100489E-02 trend-4.13515716082071E-02 aero 0.00000000000000E+00 level 5.63617764453306E+04 k0-4.77388248417090E+06 init-1.61949960434480E+00 IR-5.07564070962935E-01 impC 3.36994519849575E-02 mP 5.51492872052613E-03 year-5.48601554518334E-06 sumLPAP 1.29809696191975E+00 harm
KEEPDBG accept 8 cc 6.45316558944227E-01 sumModel-2.55711999104972E+02 sumForcing 2.18212163842351E+02 sumM 4.21242767854121E-02 trend-6.89170827636795E-02 aero 0.00000000000000E+00 level 5.17284069812084E+02 k0-1.66598431316397E+03 init-1.61175982499512E+00 IR-4.33657428157750E-01 impC 3.20760561046990E-02 mP 3.93216556145855E-03 year-5.48601554518334E-06 sumLPAP 1.29809696191975E+00 harm
KEEPDBG accept 6 cc 6.22602185077910E-01 sumModel-2.06725559888818E+02 sumForcing 3.99355880846129E+02 sumM 4.92690052687463E-02 trend-4.12219038006524E-02 aero 0.00000000000000E+00 level 2.65242205097947E+02 k0-1.30819307021380E+03 init-1.57755450988468E+00 IR-5.15307111509781E-01 impC 3.01433055086041E-02 mP 5.55517765113865E-03 year-5.48601554518334E-06 sumLPAP 1.29809696191975E+00 harm
KEEPDBG accept 14 cc 6.45194116860569E-01 sumModel-2.16441207486223E+02 sumForcing 6.73049161245155E+00 sumM-3.96825393100489E-02 trend-4.13693458364713E-02 aero 0.00000000000000E+00 level 5.62666199008224E+04 k0-4.60440431007625E+06 init-1.61949960434480E+00 IR-5.07564070962935E-01 impC 3.36994519849575E-02 mP 5.51492872052613E-03 year-5.48601554518334E-06 sumLPAP 1.29809696191975E+00 harm
KEEPDBG accept 13 cc 6.21251645173180E-01 sumModel-2.07098684615119E+02 sumForcing 4.73892395070514E+02 sumM 5.11844039200923E-02 trend-4.18135593953766E-02 aero 0.00000000000000E+00 level 2.47868926504744E+02 k0-9.80625113538444E+02 init-1.66138086652861E+00 IR-5.15586292638069E-01 impC 3.12606413592430E-02 mP 5.54871041063005E-03 year-5.48601554518334E-06 sumLPAP 1.29809696191975E+00 harm
KEEPDBG accept 15 cc 6.20881866345173E-01 sumModel-2.09844794247452E+02 sumForcing 4.40995345968872E+02 sumM 7.30748496120952E-02 trend-4.31055985596825E-02 aero 0.00000000000000E+00 level 2.69117967605057E+02 k0-1.17305741506886E+03 init-1.59909993244017E+00 IR-5.08698659045829E-01 impC 2.96730243223625E-02 mP 5.54396121876823E-03 year-5.48601554518334E-06 sumLPAP 1.29809696191975E+00 harm
KEEPDBG accept 14 cc 6.45235949444251E-01 sumModel-2.16737830413708E+02 sumForcing 6.29719919962231E+00 sumM-3.97995367697120E-02 trend-4.17816541483093E-02 aero 0.00000000000000E+00 level 5.67629759755880E+04 k0-4.61068188643067E+06 init-1.61949960434480E+00 IR-5.07564070962935E-01 impC 3.36994519849575E-02 mP 5.51492872052613E-03 year-5.48601554518334E-06 sumLPAP 1.29809696191975E+00 harm
KEEPDBG accept 10 cc 6.37105157296132E-01 sumModel-2.18841045496249E+02 sumForcing-7.75312070000395E+02 sumM-7.98969580131330E-03 trend-4.11368866550703E-02 aero 0.00000000000000E+00 level 1.02501918760183E+02 k0 3.88886722469019E+02 init-2.45703495392450E+00 IR-5.02165225490380E-01 impC 3.03949026287728E-02 mP 5.52288665930399E-03 year-5.48601554518334E-06 sumLPAP 1.29809696191975E+00 harm
KEEPDBG accept 4 cc 6.52980062506164E-01 sumModel-2.63422685879097E+02 sumForcing 2.54900187257476E+02 sumM 4.70844272395618E-02 trend-7.14255544626763E-02 aero 0.00000000000000E+00 level-7.93343147621666E+01 k0 1.28477889104511E+04 init-1.65080649794609E+00 IR-4.24238068941726E-01 impC 2.71848469902746E-02 mP 5.80339847110795E-03 year-5.48601554518334E-06 sumLPAP 1.29809696191975E+00 harm
KEEPDBG accept 9 cc 6.36504050984584E-01 sumModel-2.21880766335095E+02 sumForcing 1.74716799928795E+02 sumM 4.84980518075010E-02 trend-4.57863165006027E-02 aero 0.00000000000000E+00 level 2.30200957542603E+03 k0-1.27218985148095E+04 init-1.63128110946494E+00 IR-5.09961984060828E-01 impC 2.85411653696169E-02 mP 5.46714401559274E-03 year-5.48601554518334E-06 sumLPAP 1.29809696191975E+00 harm
KEEPDBG accept 9 cc 6.36504059103320E-01 sumModel-2.21880778625532E+02 sumForcing 1.74716799928795E+02 sumM 4.84877180654482E-02 trend-4.57863163362030E-02 aero 0.00000000000000E+00 level 2.29859316664431E+03 k0-1.27022866014866E+04 init-1.63128110946494E+00 IR-5.09961984060828E-01 impC 2.85411653696169E-02 mP 5.46714401559274E-03 year-5.48601554518334E-06 sumLPAP 1.29809696191975E+00 harm
KEEPDBG accept 1 cc 6.21004876055794E-01 sumModel-2.09423235544511E+02 sumForcing 5.98972224015464E+01 sumM 5.15757370521352E-02 trend-4.20884356737737E-02 aero 0.00000000000000E+00 level 1.18694536470913E+04 k0-5.36845784208896E+05 init-1.65518027097150E+00 IR-5.10694791345592E-01 impC 3.06324921983633E-02 mP 5.52467076278122E-03 year-5.48601554518334E-06 sumLPAP 1.29809696191975E+00 harm
KEEPDBG accept 11 cc 6.23741597803011E-01 sumModel-2.03067232216490E+02 sumForcing 1.67225854396418E+02 sumM 5.10178186279512E-02 trend-3.84521159679229E-02 aero 0.00000000000000E+00 level 1.34881767724634E+03 k0-2.08134913871229E+04 init-1.43053019183858E+00 IR-5.22650700703401E-01 impC 3.50467297053366E-02 mP 5.46331048039516E-03 year-5.48601554518334E-06 sumLPAP 1.29809696191975E+00 harm
KEEPDBG accept 7 cc 6.57900627497453E-01 sumModel-2.48603373501013E+02 sumForcing 3.26373671942737E+01 sumM 5.04403763761158E-02 trend-5.92109762536046E-02 aero 0.00000000000000E+00 level-1.12168593934882E+05 k0 2.66827243256462E+07 init-2.26183126468195E+00 IR-4.61586698092194E-01 impC-1.06547017090388E-03 mP 7.40337748974203E-03 year-5.48601554518334E-06 sumLPAP 1.29809696191975E+00 harm
KEEPDBG accept 16 cc 6.48511724619184E-01 sumModel-2.33707591650812E+02 sumForcing 2.65092310676858E+02 sumM 5.27705247238304E-02 trend-5.94451880917480E-02 aero 0.00000000000000E+00 level-7.19000453721447E+02 k0 2.50054825177000E+04 init-1.67514134492189E+00 IR-5.07599124438471E-01 impC 2.95504502425726E-02 mP 5.52001300367053E-03 year-5.48601554518334E-06 sumLPAP 1.29809696191975E+00 harm
KEEPDBG accept 16 cc 6.48511731427899E-01 sumModel-2.33706496997451E+02 sumForcing 2.62318465900502E+02 sumM 5.27705247238304E-02 trend-5.94451861851350E-02 aero 0.00000000000000E+00 level-7.36673663035644E+02 k0 2.58070584278460E+04 init-1.67514134492189E+00 IR-5.07599124438471E-01 impC 2.95504502425726E-02 mP 5.52001300367053E-03 year-5.48601554518334E-06 sumLPAP 1.29809696191975E+00 harm
KEEPDBG accept 3 cc 6.37366573795809E-01 sumModel-1.83069088972914E+02 sumForcing-4.95615169788823E+02 sumM 5.28745362563962E-02 trend-3.81010554686659E-02 aero 0.00000000000000E+00 level 2.78660718525824E+02 k0 4.04552986195625E+02 init-2.42194189269063E+00 IR-6.30563104774588E-01 impC-1.35854892667296E-02 mP 5.52155082611859E-03 year-5.48601554518334E-06 sumLPAP 1.29809696191975E+00 harm
KEEPDBG accept 16 cc 6.48619678367536E-01 sumModel-2.33763581129808E+02 sumForcing 2.61590223970661E+02 sumM 5.27705247238304E-02 trend-5.96040735017800E-02 aero 0.00000000000000E+00 level-8.83828128868414E+02 k0 2.69734699760716E+04 init-1.67514134492189E+00 IR-5.07599124438471E-01 impC 2.95504502425726E-02 mP 5.52001300367053E-03 year-5.48601554518334E-06 sumLPAP 1.29809696191975E+00 harm
KEEPDBG accept 4 cc 6.53145856259175E-01 sumModel-2.63352005638891E+02 sumForcing 2.55203020099823E+02 sumM 4.70844272395618E-02 trend-7.13702226417181E-02 aero 0.00000000000000E+00 level-6.44331164761980E+01 k0 1.27533218222530E+04 init-1.65080649794609E+00 IR-4.24238068941726E-01 impC 2.71848469902746E-02 mP 5.81659350052856E-03 year-5.48601554518334E-06 sumLPAP 1.29809696191975E+00 harm
KEEPDBG accept 6 cc 6.22602298995754E-01 sumModel-2.06726537708333E+02 sumForcing 3.99355880846129E+02 sumM 5.12592176222158E-02 trend-4.12222555552419E-02 aero 0.00000000000000E+00 level 3.45430865132946E+02 k0-1.86824550188842E+03 init-1.57755450988468E+00 IR-5.15307111509781E-01 impC 3.01433055086041E-02 mP 5.55517765113865E-03 year-5.48601554518334E-06 sumLPAP 1.29809696191975E+00 harm
KEEPDBG accept 14 cc 6.45565237218330E-01 sumModel-2.17616134404165E+02 sumForcing 5.45902900166914E+00 sumM-3.97995367697120E-02 trend-4.27548177476373E-02 aero 0.00000000000000E+00 level 5.77973552579114E+04 k0-4.31423178800178E+06 init-1.61949960434480E+00 IR-5.07564070962935E-01 impC 3.36994519849575E-02 mP 5.51492872052613E-03 year-5.48601554518334E-06 sumLPAP 1.29809696191975E+00 harm
KEEPDBG accept 10 cc 6.37107348355728E-01 sumModel-2.19319158233599E+02 sumForcing-7.75312070000395E+02 sumM-7.98969580131330E-03 trend-4.11368866550703E-02 aero 0.00000000000000E+00 level 1.02501918760183E+02 k0 3.88886722469019E+02 init-2.45703495392450E+00 IR-5.02165225490380E-01 impC 2.81639362739619E-02 mP 5.52288665930399E-03 year-5.48601554518334E-06 sumLPAP 1.29809696191975E+00 harm
KEEPDBG accept 11 cc 6.23774040051682E-01 sumModel-2.03038355678304E+02 sumForcing 1.66957605798608E+02 sumM 5.10178186279512E-02 trend-3.84099406851895E-02 aero 0.00000000000000E+00 level 1.34458632877490E+03 k0-2.07891596910647E+04 init-1.43053019183858E+00 IR-5.22650700703401E-01 impC 3.50467297053366E-02 mP 5.46331048039516E-03 year-5.48601554518334E-06 sumLPAP 1.29809696191975E+00 harm
KEEPDBG accept 15 cc 6.20881900080054E-01 sumModel-2.09844814817231E+02 sumForcing 4.40995033659437E+02 sumM 7.30748496120952E-02 trend-4.31055287089393E-02 aero 0.00000000000000E+00 level 2.69117527458900E+02 k0-1.17305696587833E+03 init-1.59909993244017E+00 IR-5.08698659045829E-01 impC 2.96730243223625E-02 mP 5.54396121876823E-03 year-5.48601554518334E-06 sumLPAP 1.29809696191975E+00 harm
KEEPDBG accept 7 cc 6.57986463484547E-01 sumModel-2.48275503725905E+02 sumForcing 3.26373875777200E+01 sumM 5.04403763761158E-02 trend-5.91853188516207E-02 aero 0.00000000000000E+00 level-1.26175474044238E+05 k0 2.80154153573787E+07 init-2.26183126468195E+00 IR-4.61586698092194E-01 impC-1.06547017090388E-03 mP 7.40337748974203E-03 year-5.48601554518334E-06 sumLPAP 1.29809696191975E+00 harm
KEEPDBG accept 14 cc 6.45565935552019E-01 sumModel-2.17758564214199E+02 sumForcing 5.45902900166914E+00 sumM-3.97995367697120E-02 trend-4.27548177476373E-02 aero 0.00000000000000E+00 level 5.77973552579114E+04 k0-4.31423178800178E+06 init-1.61949960434480E+00 IR-5.07564070962935E-01 impC 3.30372159867254E-02 mP 5.51492872052613E-03 year-5.48601554518334E-06 sumLPAP 1.29809696191975E+00 harm
KEEPDBG accept 10 cc 6.37194156163163E-01 sumModel-2.19966071803442E+02 sumForcing-7.51393158918549E+02 sumM-7.98969580131330E-03 trend-4.20010887946022E-02 aero 0.00000000000000E+00 level 1.04071350299335E+02 k0 3.73040796935510E+02 init-2.45703495392450E+00 IR-5.02165225490380E-01 impC 2.81639362739619E-02 mP 5.52288665930399E-03 year-5.48601554518334E-06 sumLPAP 1.29809696191975E+00 harm
KEEPDBG accept 4 cc 6.53150714824216E-01 sumModel-2.63303154048746E+02 sumForcing 2.55502065742607E+02 sumM 4.70844272395618E-02 trend-7.13179390264320E-02 aero 0.00000000000000E+00 level-5.78531331084734E+01 k0 1.27202844271550E+04 init-1.65472247397329E+00 IR-4.24238068941726E-01 impC 2.71848469902746E-02 mP 5.81659350052856E-03 year-5.48601554518334E-06 sumLPAP 1.29809696191975E+00 harm
KEEPDBG accept 9 cc 6.36505356395307E-01 sumModel-2.21880519853494E+02 sumForcing 1.74037767875976E+02 sumM 4.84877180654482E-02 trend-4.57860735838119E-02 aero 0.00000000000000E+00 level 2.31588985849341E+03 k0-1.28523720914152E+04 init-1.63128110946494E+00 IR-5.09961984060828E-01 impC 2.85411653696169E-02 mP 5.46714401559274E-03 year-5.48601554518334E-06 sumLPAP 1.29809696191975E+00 harm
KEEPDBG accept 15 cc 6.20886256391038E-01 sumModel-2.09844007497853E+02 sumForcing 4.40999380484016E+02 sumM 7.30735301235582E-02 trend-4.31056765628981E-02 aero 0.00000000000000E+00 level 2.69148271575829E+02 k0-1.17320336735896E+03 init-1.59909993244017E+00 IR-5.08698659045829E-01 impC 2.96730243223625E-02 mP 5.54396121876823E-03 year-5.48601554518334E-06 sumLPAP 1.29809696191975E+00 harm
KEEPDBG accept 10 cc 6.37459837764254E-01 sumModel-2.19597456678465E+02 sumForcing-8.72879373786177E+02 sumM-6.88641723798094E-03 trend-4.15966892124761E-02 aero 0.00000000000000E+00 level 1.22563812962850E+02 k0 4.56316015154696E+02 init-2.45703495392450E+00 IR-5.02165225490380E-01 impC 2.81639362739619E-02 mP 5.52288665930399E-03 year-5.48601554518334E-06 sumLPAP 1.29809696191975E+00 harm
KEEPDBG accept 16 cc 6.48619792595351E-01 sumModel-2.33763594591351E+02 sumForcing 2.61590223989745E+02 sumM 5.27705247238304E-02 trend-5.96040741918720E-02 aero 0.00000000000000E+00 level-8.83934039573501E+02 k0 2.69745138263842E+04 init-1.67514134492189E+00 IR-5.07599124438471E-01 impC 2.95504502425726E-02 mP 5.52001300367053E-03 year-5.48601554518334E-06 sumLPAP 1.29809696191975E+00 harm
KEEPDBG accept 4 cc 6.53178769097412E-01 sumModel-2.63295138684958E+02 sumForcing 2.57442379645732E+02 sumM 4.71411908760838E-02 trend-7.13214517216455E-02 aero 0.00000000000000E+00 level-9.29646200275601E+01 k0 1.29468051100101E+04 init-1.65472247397329E+00 IR-4.24238068941726E-01 impC 2.71848469902746E-02 mP 5.81659350052856E-03 year-5.48601554518334E-06 sumLPAP 1.29809696191975E+00 harm
KEEPDBG accept 10 cc 6.37487306057692E-01 sumModel-2.19394587420613E+02 sumForcing-8.80334075991083E+02 sumM-6.88641723798094E-03 trend-4.13344356724142E-02 aero 0.00000000000000E+00 level 1.22329219770603E+02 k0 4.61691511866940E+02 init-2.45703495392450E+00 IR-5.02165225490380E-01 impC 2.81639362739619E-02 mP 5.52288665930399E-03 year-5.48601554518334E-06 sumLPAP 1.29809696191975E+00 harm
KEEPDBG accept 14 cc 6.45722831722490E-01 sumModel-2.18017750055518E+02 sumForcing 5.18096750009956E+00 sumM-3.98773918069133E-02 trend-4.30155583937360E-02 aero 0.00000000000000E+00 level 5.80825988788669E+04 k0-4.21504135220559E+06 init-1.61949960434480E+00 IR-5.07564070962935E-01 impC 3.30372159867254E-02 mP 5.51492872052613E-03 year-5.48601554518334E-06 sumLPAP 1.29809696191975E+00 harm
KEEPDBG accept 13 cc 6.21252542508883E-01 sumModel-2.07099901572038E+02 sumForcing 4.73877453157774E+02 sumM 5.11844039200923E-02 trend-4.18109635907714E-02 aero 0.00000000000000E+00 level 2.47851655658068E+02 k0-9.80600873576647E+02 init-1.66138086652861E+00 IR-5.15586292638069E-01 impC 3.12606413592430E-02 mP 5.54871041063005E-03 year-5.48601554518334E-06 sumLPAP 1.29809696191975E+00 harm
KEEPDBG accept 16 cc 6.49432702272978E-01 sumModel-2.33722406571077E+02 sumForcing 2.69630373363044E+02 sumM 5.27705247238304E-02 trend-5.97277514358113E-02 aero 0.00000000000000E+00 level-1.10682192142549E+03 k0 2.80074091555076E+04 init-1.67514134492189E+00 IR-5.07599124438471E-01 impC 2.95504502425726E-02 mP 5.52001300367053E-03 year-5.48601554518334E-06 sumLPAP 1.29809696191975E+00 harm
KEEPDBG accept 11 cc 6.23877750744858E-01 sumModel-2.03078343697404E+02 sumForcing 1.01973615965691E+02 sumM 5.10178186279512E-02 trend-3.83731423629978E-02 aero 0.00000000000000E+00 level 3.47427474131271E+03 k0-9.10230512950573E+04 init-1.43053019183858E+00 IR-5.22650700703401E-01 impC 3.50467297053366E-02 mP 5.46331048039516E-03 year-5.48601554518334E-06 sumLPAP 1.29809696191975E+00 harm
KEEPDBG accept 3 cc 6.37366574056455E-01 sumModel-1.83069086997252E+02 sumForcing-4.95615209490874E+02 sumM 5.28745362563962E-02 trend-3.81010556048723E-02 aero 0.00000000000000E+00 level 2.78660712842630E+02 k0 4.04552815101256E+02 init-2.42194189269063E+00 IR-6.30563104774588E-01 impC-1.35854892667296E-02 mP 5.52155082611859E-03 year-5.48601554518334E-06 sumLPAP 1.29809696191975E+00 harm
KEEPDBG accept 16 cc 6.49536023889871E-01 sumModel-2.34073252765047E+02 sumForcing 2.70629225864916E+02 sumM 5.27705247238304E-02 trend-5.99980502984450E-02 aero 0.00000000000000E+00 level-1.30238340352422E+03 k0 2.89514462912787E+04 init-1.67514134492189E+00 IR-5.07599124438471E-01 impC 2.95504502425726E-02 mP 5.52001300367053E-03 year-5.48601554518334E-06 sumLPAP 1.29809696191975E+00 harm
KEEPDBG accept 9 cc 6.36545017358950E-01 sumModel-2.21872323646689E+02 sumForcing 1.55482941118907E+02 sumM 4.84877180654482E-02 trend-4.57786032529752E-02 aero 0.00000000000000E+00 level 2.87978524204735E+03 k0-1.80602909311906E+04 init-1.63128110946494E+00 IR-5.09961984060828E-01 impC 2.85411653696169E-02 mP 5.46714401559274E-03 year-5.48601554518334E-06 sumLPAP 1.29809696191975E+00 harm
KEEPDBG accept 15 cc 6.20886595579487E-01 sumModel-2.09838331527401E+02 sumForcing 8.02386609477776E+02 sumM 7.30735301235582E-02 trend-4.30981963857944E-02 aero 0.00000000000000E+00 level 1.38142677393923E+02 k0-1.94628844598783E+02 init-1.59909993244017E+00 IR-5.08698659045829E-01 impC 2.96730243223625E-02 mP 5.54396121876823E-03 year-5.48601554518334E-06 sumLPAP 1.29809696191975E+00 harm
KEEPDBG accept 10 cc 6.37488166116538E-01 sumModel-2.19396188720834E+02 sumForcing-1.03274134268117E+03 sumM-6.88641723798094E-03 trend-4.13378617449958E-02 aero 0.00000000000000E+00 level 1.10401363730060E+02 k0 2.86121815815103E+02 init-2.45703495392450E+00 IR-5.02165225490380E-01 impC 2.81639362739619E-02 mP 5.52288665930399E-03 year-5.48601554518334E-06 sumLPAP 1.29809696191975E+00 harm
KEEPDBG accept 4 cc 6.53220798162372E-01 sumModel-2.63167151021077E+02 sumForcing 2.59295595655747E+02 sumM 4.71411908760838E-02 trend-7.08925621655771E-02 aero 0.00000000000000E+00 level 3.55788296073576E+01 k0 1.18983919136165E+04 init-1.65472247397329E+00 IR-4.24238068941726E-01 impC 2.71848469902746E-02 mP 5.81659350052856E-03 year-5.48601554518334E-06 sumLPAP 1.29809696191975E+00 harm
KEEPDBG accept 3 cc 6.37394560842401E-01 sumModel-1.83065047899474E+02 sumForcing-1.47525949099887E+03 sumM 5.28745362563962E-02 trend-3.80943009488015E-02 aero 0.00000000000000E+00 level 9.53381315629612E+01 k0 1.53938941561868E+01 init-2.42194189269063E+00 IR-6.30563104774588E-01 impC-1.35854892667296E-02 mP 5.52155082611859E-03 year-5.48601554518334E-06 sumLPAP 1.29809696191975E+00 harm
KEEPDBG accept 3 cc 6.38411436972000E-01 sumModel-1.83353772757798E+02 sumForcing-1.51238023286748E+03 sumM 5.28745362563962E-02 trend-3.86602298582655E-02 aero 0.00000000000000E+00 level 9.60328183816205E+01 k0 1.34815009481478E+01 init-2.42194189269063E+00 IR-6.30563104774588E-01 impC-1.35854892667296E-02 mP 5.52155082611859E-03 year-5.48601554518334E-06 sumLPAP 1.29809696191975E+00 harm
KEEPDBG accept 8 cc 6.45325047861575E-01 sumModel-2.55722253007745E+02 sumForcing 3.88325981968452E+02 sumM 4.21242767854121E-02 trend-6.89038713903681E-02 aero 0.00000000000000E+00 level 2.52580702404824E+02 k0-2.94837843222670E+02 init-1.61175982499512E+00 IR-4.33657428157750E-01 impC 3.20760561046990E-02 mP 3.93216556145855E-03 year-5.48601554518334E-06 sumLPAP 1.29809696191975E+00 harm
KEEPDBG accept 14 cc 6.49609281281680E-01 sumModel-2.13605347608229E+02 sumForcing 5.62931362941486E+00 sumM-3.98773918069133E-02 trend-3.89580866316527E-02 aero 0.00000000000000E+00 level 5.41748821757190E+04 k0-4.19836148431453E+06 init-1.61949960434480E+00 IR-5.07564070962935E-01 impC 3.30372159867254E-02 mP 5.51492872052613E-03 year-5.48601554518334E-06 sumLPAP 1.29809696191975E+00 harm
KEEPDBG accept 15 cc 6.20886787431529E-01 sumModel-2.09838986155964E+02 sumForcing 8.02386609477776E+02 sumM 7.27084302684040E-02 trend-4.30984173405078E-02 aero 0.00000000000000E+00 level 1.42038331456228E+02 k0-2.08016304469931E+02 init-1.59909993244017E+00 IR-5.08698659045829E-01 impC 2.96730243223625E-02 mP 5.54396121876823E-03 year-5.48601554518334E-06 sumLPAP 1.29809696191975E+00 harm
KEEPDBG accept 9 cc 6.36545135485930E-01 sumModel-2.21872305355236E+02 sumForcing 1.55482941118907E+02 sumM 4.75786432561298E-02 trend-4.57785919833787E-02 aero 0.00000000000000E+00 level 2.53606079290737E+03 k0-1.58380306831464E+04 init-1.63128110946494E+00 IR-5.09961984060828E-01 impC 2.85411653696169E-02 mP 5.46714401559274E-03 year-5.48601554518334E-06 sumLPAP 1.29809696191975E+00 harm
KEEPDBG accept 14 cc 6.49673645856008E-01 sumModel-2.13607682067186E+02 sumForcing 5.72463428416519E+00 sumM-3.98773918069133E-02 trend-3.88441878566792E-02 aero 0.00000000000000E+00 level 5.40190680139659E+04 k0-4.21305229727867E+06 init-1.61949960434480E+00 IR-5.07564070962935E-01 impC 3.30372159867254E-02 mP 5.51492872052613E-03 year-5.48601554518334E-06 sumLPAP 1.29809696191975E+00 harm
KEEPDBG accept 10 cc 6.40246350770399E-01 sumModel-2.62805168073256E+02 sumForcing-1.03274134268117E+03 sumM-6.88641723798094E-03 trend-5.54106186638189E-02 aero 0.00000000000000E+00 level 1.27373976758981E+02 k0 2.58326662062913E+02 init-2.45703495392450E+00 IR-3.70385664967699E-01 impC 2.81639362739619E-02 mP 5.52288665930399E-03 year-5.48601554518334E-06 sumLPAP 1.29809696191975E+00 harm
KEEPDBG accept 9 cc 6.36561474563115E-01 sumModel-2.22010015046033E+02 sumForcing 1.55854128483590E+02 sumM 4.75786432561298E-02 trend-4.58868845688819E-02 aero 0.00000000000000E+00 level 2.52271857278893E+03 k0-1.54761295917221E+04 init-1.63128110946494E+00 IR-5.09961984060828E-01 impC 2.85411653696169E-02 mP 5.46714401559274E-03 year-5.48601554518334E-06 sumLPAP 1.29809696191975E+00 harm
KEEPDBG accept 8 cc 6.45327549303638E-01 sumModel-2.55722819481725E+02 sumForcing 3.88325981968452E+02 sumM 3.50112806403360E-02 trend-6.89045379867646E-02 aero 0.00000000000000E+00 level 1.97883746409369E+02 k0-1.62878405925457E+02 init-1.61175982499512E+00 IR-4.33657428157750E-01 impC 3.20760561046990E-02 mP 3.93216556145855E-03 year-5.48601554518334E-06 sumLPAP 1.29809696191975E+00 harm
KEEPDBG accept 16 cc 6.49536097271659E-01 sumModel-2.34072431304079E+02 sumForcing 2.70629225864916E+02 sumM 5.27423294209102E-02 trend-5.99980537356196E-02 aero 0.00000000000000E+00 level-1.29453105934918E+03 k0 2.87899455434823E+04 init-1.67514134492189E+00 IR-5.07599124438471E-01 impC 2.95504502425726E-02 mP 5.52001300367053E-03 year-5.48601554518334E-06 sumLPAP 1.29809696191975E+00 harm
KEEPDBG accept 14 cc 6.49765976214109E-01 sumModel-2.13534825567135E+02 sumForcing 5.28317647218362E+00 sumM-3.98773918069133E-02 trend-3.88513585714739E-02 aero 0.00000000000000E+00 level 6.33940673949706E+04 k0-5.29017061364372E+06 init-1.61949960434480E+00 IR-5.07564070962935E-01 impC 3.30372159867254E-02 mP 5.51492872052613E-03 year-5.48601554518334E-06 sumLPAP 1.29809696191975E+00 harm
KEEPDBG accept 12 cc 6.20962229174756E-01 sumModel-2.02211814368896E+02 sumForcing 6.14145768990507E+02 sumM 5.19125701476296E-02 trend-4.03233545159917E-02 aero 0.00000000000000E+00 level 1.85039269852197E+02 k0-4.92566450794970E+02 init-1.56853260535368E+00 IR-5.28408080968041E-01 impC 3.03380860344663E-02 mP 5.73782747064630E-03 year-5.48601554518334E-06 sumLPAP 1.29809696191975E+00 harm
KEEPDBG accept 14 cc 6.50828093574326E-01 sumModel-2.15751683060419E+02 sumForcing 2.83227068299758E+00 sumM-3.98773918069133E-02 trend-4.15849132031378E-02 aero 0.00000000000000E+00 level 6.80176628226508E+04 k0-4.48339722614094E+06 init-1.61949960434480E+00 IR-5.07564070962935E-01 impC 3.30372159867254E-02 mP 5.51492872052613E-03 year-5.48601554518334E-06 sumLPAP 1.29809696191975E+00 harm
KEEPDBG accept 6 cc 6.22649142862480E-01 sumModel-2.06725842368385E+02 sumForcing 3.99311748989280E+02 sumM 5.12592176222158E-02 trend-4.12416734766435E-02 aero 0.00000000000000E+00 level 3.40226495704535E+02 k0-1.84093213113007E+03 init-1.57755450988468E+00 IR-5.15307111509781E-01 impC 3.01433055086041E-02 mP 5.55517765113865E-03 year-5.48601554518334E-06 sumLPAP 1.29809696191975E+00 harm
KEEPDBG accept 8 cc 6.45350454261539E-01 sumModel-2.55764314010653E+02 sumForcing-1.47297787122774E+02 sumM 3.50112806403360E-02 trend-6.88407734463543E-02 aero 0.00000000000000E+00 level 5.96264970555701E+02 k0 2.92080355622145E+03 init-1.61175982499512E+00 IR-4.33657428157750E-01 impC 3.20760561046990E-02 mP 3.93216556145855E-03 year-5.48601554518334E-06 sumLPAP 1.29809696191975E+00 harm
KEEPDBG accept 3 cc 6.38459873307868E-01 sumModel-1.83343900809232E+02 sumForcing-1.51238023286748E+03 sumM 3.96421166529089E-02 trend-3.86442894899476E-02 aero 0.00000000000000E+00 level 7.87308853387549E+01 k0 3.37916251613336E+00 init-2.42194189269063E+00 IR-6.30563104774588E-01 impC-1.35854892667296E-02 mP 5.52155082611859E-03 year-5.48601554518334E-06 sumLPAP 1.29809696191975E+00 harm
KEEPDBG accept 2 cc 6.20371685628689E-01 sumModel-2.10395064719996E+02 sumForcing-3.13750458623583E+02 sumM 4.87570261971039E-02 trend-4.25214565344309E-02 aero 0.00000000000000E+00 level 3.49327218339838E+02 k0 2.31838207893107E+03 init-1.64890112846678E+00 IR-5.08708359306436E-01 impC 3.01034206145067E-02 mP 5.51492872052613E-03 year-5.48601554518334E-06 sumLPAP 1.29809696191975E+00 harm
KEEPDBG accept 10 cc 6.40253745777447E-01 sumModel-2.62724924652721E+02 sumForcing-1.03567831557181E+03 sumM-6.88641723798094E-03 trend-5.52997825491723E-02 aero 0.00000000000000E+00 level 1.26987653378286E+02 k0 2.59457932536582E+02 init-2.45703495392450E+00 IR-3.70385664967699E-01 impC 2.81639362739619E-02 mP 5.52288665930399E-03 year-5.48601554518334E-06 sumLPAP 1.29809696191975E+00 harm
KEEPDBG accept 4 cc 6.53222628509635E-01 sumModel-2.63167408446740E+02 sumForcing 2.59295453868811E+02 sumM 4.71411908760838E-02 trend-7.08933942390279E-02 aero 0.00000000000000E+00 level 3.54922779578317E+01 k0 1.18987470413614E+04 init-1.65472247397329E+00 IR-4.24238068941726E-01 impC 2.71848469902746E-02 mP 5.81659350052856E-03 year-5.48601554518334E-06 sumLPAP 1.29809696191975E+00 harm
KEEPDBG accept 9 cc 6.36595953410101E-01 sumModel-2.21956499557497E+02 sumForcing 1.55986427113478E+02 sumM 4.75786432561298E-02 trend-4.58626744160920E-02 aero 0.00000000000000E+00 level 2.52232822086699E+03 k0-1.55143569600531E+04 init-1.63128110946494E+00 IR-5.09961984060828E-01 impC 2.85411653696169E-02 mP 5.46714401559274E-03 year-5.48601554518334E-06 sumLPAP 1.29809696191975E+00 harm
KEEPDBG accept 16 cc 6.50057886760884E-01 sumModel-2.33760001407237E+02 sumForcing 2.70276437514593E+02 sumM 5.33977725872275E-02 trend-6.03385662180631E-02 aero 0.00000000000000E+00 level-2.00519477123056E+03 k0 3.47850175582932E+04 init-1.67514134492189E+00 IR-5.07599124438471E-01 impC 2.95504502425726E-02 mP 5.52001300367053E-03 year-5.48601554518334E-06 sumLPAP 1.29809696191975E+00 harm
KEEPDBG accept 7 cc 6.57990425442097E-01 sumModel-2.49473233964825E+02 sumForcing 3.26373996593150E+01 sumM 5.04403448060265E-02 trend-5.91838931576416E-02 aero 0.00000000000000E+00 level-1.25949375443276E+05 k0 2.79993470276596E+07 init-2.26183126468195E+00 IR-4.61586698092194E-01 impC-1.06547017090388E-03 mP 7.40337748974203E-03 year-5.48601554518334E-06 sumLPAP 1.29809696191975E+00 harm
KEEPDBG accept 16 cc 6.50065221778363E-01 sumModel-2.33802673229904E+02 sumForcing 2.70047167552141E+02 sumM 5.33977725872275E-02 trend-6.03804636171795E-02 aero 0.00000000000000E+00 level-2.02416819560684E+03 k0 3.48917444611751E+04 init-1.67190037838621E+00 IR-5.07599124438471E-01 impC 2.95504502425726E-02 mP 5.52001300367053E-03 year-5.48601554518334E-06 sumLPAP 1.29809696191975E+00 harm
KEEPDBG accept 5 cc 6.21297760421887E-01 sumModel-1.99632751120433E+02 sumForcing 3.80473716612919E+02 sumM 5.06992555679950E-02 trend-3.92736248627462E-02 aero 0.00000000000000E+00 level 3.02098433831325E+02 k0-1.68310798281297E+03 init-1.60936106681275E+00 IR-5.34748948236804E-01 impC 3.08663009402545E-02 mP 5.63311270418530E-03 year-5.48601554518334E-06 sumLPAP 1.29809696191975E+00 harm
KEEPDBG accept 4 cc 6.53495467552925E-01 sumModel-2.63097884228728E+02 sumForcing 2.80672167166452E+02 sumM 4.77630538525708E-02 trend-7.09299179349473E-02 aero 0.00000000000000E+00 level-3.74896072227734E+02 k0 1.44516381410694E+04 init-1.65472247397329E+00 IR-4.24238068941726E-01 impC 2.71848469902746E-02 mP 5.81659350052856E-03 year-5.48601554518334E-06 sumLPAP 1.29809696191975E+00 harm
KEEPDBG accept 10 cc 6.48605704941271E-01 sumModel-2.59711858218428E+02 sumForcing-1.13511547574557E+03 sumM-6.88641723798094E-03 trend-5.11950585507982E-02 aero 0.00000000000000E+00 level 1.19629620497866E+02 k0 2.92397795326166E+02 init-2.45703495392450E+00 IR-3.70385664967699E-01 impC 2.81639362739619E-02 mP 6.87785767677598E-03 year-5.48601554518334E-06 sumLPAP 1.29809696191975E+00 harm
KEEPDBG accept 8 cc 6.45359636160688E-01 sumModel-2.55767169962209E+02 sumForcing-1.47297787122774E+02 sumM-3.47557410065730E-02 trend-6.88431682723590E-02 aero 0.00000000000000E+00 level 1.67995457767069E+02 k0 2.36569740272541E+02 init-1.61175982499512E+00 IR-4.33657428157750E-01 impC 3.20760561046990E-02 mP 3.93216556145855E-03 year-5.48601554518334E-06 sumLPAP 1.29809696191975E+00 harm
KEEPDBG accept 6 cc 6.22650601410923E-01 sumModel-2.06726698023169E+02 sumForcing 5.01456243211557E+02 sumM 5.12592176222158E-02 trend-4.12376709496777E-02 aero 0.00000000000000E+00 level 2.44217719210190E+02 k0-9.29321301565156E+02 init-1.57755450988468E+00 IR-5.15307111509781E-01 impC 3.01433055086041E-02 mP 5.55517765113865E-03 year-5.48601554518334E-06 sumLPAP 1.29809696191975E+00 harm
KEEPDBG accept 10 cc 6.48605805976562E-01 sumModel-2.59711767241164E+02 sumForcing-1.13511547574557E+03 sumM-7.13895010733949E-03 trend-5.11949515333768E-02 aero 0.00000000000000E+00 level 1.18736646981641E+02 k0 2.80538626339657E+02 init-2.45703495392450E+00 IR-3.70385664967699E-01 impC 2.81639362739619E-02 mP 6.87785767677598E-03 year-5.48601554518334E-06 sumLPAP 1.29809696191975E+00 harm
KEEPDBG accept 10 cc 6.48608384934390E-01 sumModel-2.59714963984001E+02 sumForcing-1.13512539596536E+03 sumM-7.13895010733949E-03 trend-5.12020948572794E-02 aero 0.00000000000000E+00 level 1.18739683014248E+02 k0 2.80553157514835E+02 init-2.45703495392450E+00 IR-3.70385664967699E-01 impC 2.81639362739619E-02 mP 6.87785767677598E-03 year-5.48601554518334E-06 sumLPAP 1.29809696191975E+00 harm
KEEPDBG accept 3 cc 6.38519693433499E-01 sumModel-1.83331837263889E+02 sumForcing-1.51238023286748E+03 sumM 2.89421952641508E-02 trend-3.86232791218086E-02 aero 0.00000000000000E+00 level 7.58898236586797E+01 k0 1.74163821801282E+00 init-2.42194189269063E+00 IR-6.30563104774588E-01 impC-1.35854892667296E-02 mP 5.52155082611859E-03 year-5.48601554518334E-06 sumLPAP 1.29809696191975E+00 harm
KEEPDBG accept 1 cc 6.27667621585831E-01 sumModel-2.25541245975354E+02 sumForcing 1.26960090421920E+02 sumM 5.15757370521352E-02 trend-5.08956346610379E-02 aero 0.00000000000000E+00 level 8.77500639031921E+03 k0 1.02595331969581E+05 init-1.65518027097150E+00 IR-5.10694791345592E-01 impC 3.06324921983633E-02 mP 5.52467076278122E-03 year-5.48601554518334E-06 sumLPAP 1.29809696191975E+00 harm
KEEPDBG accept 4 cc 6.53524492835204E-01 sumModel-2.63208067601324E+02 sumForcing 2.80046916725405E+02 sumM 4.77630538525708E-02 trend-7.10459108257101E-02 aero 0.00000000000000E+00 level-3.91685804722007E+02 k0 1.45263690218897E+04 init-1.64626207332701E+00 IR-4.24238068941726E-01 impC 2.71848469902746E-02 mP 5.81659350052856E-03 year-5.48601554518334E-06 sumLPAP 1.29809696191975E+00 harm
KEEPDBG accept 16 cc 6.50066083178024E-01 sumModel-2.34098713049215E+02 sumForcing 2.70047167552141E+02 sumM 5.33977725872275E-02 trend-6.03804636171795E-02 aero 0.00000000000000E+00 level-2.02416819560684E+03 k0 3.48917444611751E+04 init-1.67190037838621E+00 IR-5.07599124438471E-01 impC 2.81740270903525E-02 mP 5.52001300367053E-03 year-5.48601554518334E-06 sumLPAP 1.29809696191975E+00 harm
KEEPDBG accept 7 cc 6.57990425442893E-01 sumModel-2.49473233492567E+02 sumForcing 3.26373996593150E+01 sumM 5.04403448060265E-02 trend-5.91838931576416E-02 aero 0.00000000000000E+00 level-1.25949375443276E+05 k0 2.79993470276596E+07 init-2.26183126468195E+00 IR-4.61586698092194E-01 impC-1.06546790637341E-03 mP 7.40337748974203E-03 year-5.48601554518334E-06 sumLPAP 1.29809696191975E+00 harm
KEEPDBG accept 13 cc 6.21254276130685E-01 sumModel-2.07102323544015E+02 sumForcing 4.73847912631229E+02 sumM 5.11844039200923E-02 trend-4.18058349173887E-02 aero 0.00000000000000E+00 level 2.47817453848158E+02 k0-9.80552333438156E+02 init-1.66138086652861E+00 IR-5.15586292638069E-01 impC 3.12606413592430E-02 mP 5.54871041063005E-03 year-5.48601554518334E-06 sumLPAP 1.29809696191975E+00 harm
KEEPDBG accept 3 cc 6.38652915090208E-01 sumModel-1.83305744667452E+02 sumForcing-2.26612206542978E+03 sumM 2.89421952641508E-02 trend-3.85689650226674E-02 aero 0.00000000000000E+00 level 7.41985389512966E+01 k0 5.44128366066059E-01 init-2.42194189269063E+00 IR-6.30563104774588E-01 impC-1.35854892667296E-02 mP 5.52155082611859E-03 year-5.48601554518334E-06 sumLPAP 1.29809696191975E+00 harm
KEEPDBG accept 12 cc 6.20963730594782E-01 sumModel-2.02215473393207E+02 sumForcing 3.48438425182478E+02 sumM 5.19125701476296E-02 trend-4.03242471211895E-02 aero 0.00000000000000E+00 level 4.14304053598673E+02 k0-2.69786739716682E+03 init-1.56853260535368E+00 IR-5.28408080968041E-01 impC 3.03380860344663E-02 mP 5.73782747064630E-03 year-5.48601554518334E-06 sumLPAP 1.29809696191975E+00 harm
KEEPDBG accept 3 cc 6.38652915575156E-01 sumModel-1.83305744193795E+02 sumForcing-2.26612215663581E+03 sumM 2.89421952641508E-02 trend-3.85689649926964E-02 aero 0.00000000000000E+00 level 7.41985389016365E+01 k0 5.44128282580152E-01 init-2.42194189269063E+00 IR-6.30563104774588E-01 impC-1.35854892667296E-02 mP 5.52155082611859E-03 year-5.48601554518334E-06 sumLPAP 1.29809696191975E+00 harm
KEEPDBG accept 16 cc 6.51317654630375E-01 sumModel-2.34093776011036E+02 sumForcing 2.81599160016319E+02 sumM 5.33977725872275E-02 trend-6.05768686879197E-02 aero 0.00000000000000E+00 level-2.40252107513223E+03 k0 3.63276538716149E+04 init-1.67190037838621E+00 IR-5.07599124438471E-01 impC 2.81740270903525E-02 mP 5.52001300367053E-03 year-5.48601554518334E-06 sumLPAP 1.29809696191975E+00 harm
KEEPDBG accept 16 cc 6.51317678640779E-01 sumModel-2.34092790280334E+02 sumForcing 2.81599160016319E+02 sumM 5.32299332669307E-02 trend-6.05768687655221E-02 aero 0.00000000000000E+00 level-2.32044966777024E+03 k0 3.51433472847205E+04 init-1.67190037838621E+00 IR-5.07599124438471E-01 impC 2.81740270903525E-02 mP 5.52001300367053E-03 year-5.48601554518334E-06 sumLPAP 1.29809696191975E+00 harm
KEEPDBG accept 14 cc 6.50850399290959E-01 sumModel-2.15874729803453E+02 sumForcing 2.83242804508758E+00 sumM-3.98773918069133E-02 trend-4.15867128939696E-02 aero 0.00000000000000E+00 level 6.80265225807479E+04 k0-4.47722423012465E+06 init-1.61949960434480E+00 IR-5.07564070962935E-01 impC 3.30372159867254E-02 mP 5.51492872052613E-03 year-5.48601554518334E-06 sumLPAP 1.29809696191975E+00 harm
KEEPDBG accept 4 cc 6.55046017927201E-01 sumModel-2.62266277695497E+02 sumForcing 2.83200942219882E+02 sumM 4.77630538525708E-02 trend-7.03978012890822E-02 aero 0.00000000000000E+00 level-2.50018168303056E+02 k0 1.39691519034290E+04 init-1.64626207332701E+00 IR-4.24238068941726E-01 impC 2.71848469902746E-02 mP 5.95870363137038E-03 year-5.48601554518334E-06 sumLPAP 1.29809696191975E+00 harm
KEEPDBG accept 4 cc 6.56488018987730E-01 sumModel-2.60701682019401E+02 sumForcing 2.88783702497612E+02 sumM 4.77630538525708E-02 trend-6.90410936215328E-02 aero 0.00000000000000E+00 level-3.34777762469110E+01 k0 1.33599219743522E+04 init-1.64626207332701E+00 IR-4.24238068941726E-01 impC 2.71848469902746E-02 mP 6.28406654810643E-03 year-5.48601554518334E-06 sumLPAP 1.29809696191975E+00 harm
KEEPDBG accept 7 cc 6.57990425443210E-01 sumModel-2.49473233304297E+02 sumForcing 3.26373996593150E+01 sumM 5.04403448060265E-02 trend-5.91838931576416E-02 aero 0.00000000000000E+00 level-1.25949375443276E+05 k0 2.79993470276596E+07 init-2.26183126468195E+00 IR-4.61586698092194E-01 impC-1.06546700358980E-03 mP 7.40337748974203E-03 year-5.48601554518334E-06 sumLPAP 1.29809696191975E+00 harm
KEEPDBG accept 14 cc 6.52002030302006E-01 sumModel-2.13433006639746E+02 sumForcing 3.14544360972806E+00 sumM-3.98773918069133E-02 trend-3.95437061895042E-02 aero 0.00000000000000E+00 level 6.50474411526230E+04 k0-4.56104921610620E+06 init-1.61949960434480E+00 IR-5.07564070962935E-01 impC 3.30372159867254E-02 mP 5.51492872052613E-03 year-5.48601554518334E-06 sumLPAP 1.29809696191975E+00 harm
KEEPDBG accept 14 cc 6.54616475204065E-01 sumModel-2.18632075052166E+02 sumForcing 6.08678112791730E+00 sumM-3.98773918069133E-02 trend-4.64202824110320E-02 aero 0.00000000000000E+00 level 8.44973741676848E+04 k0-2.78133100110919E+06 init-1.61949960434480E+00 IR-5.07564070962935E-01 impC 3.30372159867254E-02 mP 5.51492872052613E-03 year-5.48601554518334E-06 sumLPAP 1.29809696191975E+00 harm
KEEPDBG accept 16 cc 6.51317702730437E-01 sumModel-2.34092500759174E+02 sumForcing 2.81599158228132E+02 sumM 5.32299332669307E-02 trend-6.05768756407474E-02 aero 0.00000000000000E+00 level-2.32049677609778E+03 k0 3.51437320643204E+04 init-1.67190037838621E+00 IR-5.07599124438471E-01 impC 2.81740270903525E-02 mP 5.52001300367053E-03 year-5.48601554518334E-06 sumLPAP 1.29809696191975E+00 harm
KEEPDBG accept 10 cc 6.48608732724022E-01 sumModel-2.59715396291038E+02 sumForcing-1.13512673462618E+03 sumM-7.13895010733949E-03 trend-5.12030590942519E-02 aero 0.00000000000000E+00 level 1.18740092719173E+02 k0 2.80555110445780E+02 init-2.45703495392450E+00 IR-3.70385664967699E-01 impC 2.81639362739619E-02 mP 6.87785767677598E-03 year-5.48601554518334E-06 sumLPAP 1.29809696191975E+00 harm
KEEPDBG accept 3 cc 6.38843163498542E-01 sumModel-1.83274520638167E+02 sumForcing-2.26612215663581E+03 sumM 1.21594203836550E-01 trend-3.84373980796341E-02 aero 0.00000000000000E+00 level 7.32323443240949E+01 k0 2.68827472415857E-01 init-2.42194189269063E+00 IR-6.30563104774588E-01 impC-1.35854892667296E-02 mP 5.52155082611859E-03 year-5.48601554518334E-06 sumLPAP 1.29809696191975E+00 harm
KEEPDBG accept 10 cc 6.48948152896505E-01 sumModel-2.61643434752890E+02 sumForcing-1.06013887352668E+03 sumM-6.07459222420422E-03 trend-5.51053400683666E-02 aero 0.00000000000000E+00 level 1.17501811157029E+02 k0 2.50563992505175E+02 init-2.45703495392450E+00 IR-3.70385664967699E-01 impC 2.81639362739619E-02 mP 6.87785767677598E-03 year-5.48601554518334E-06 sumLPAP 1.29809696191975E+00 harm
KEEPDBG accept 13 cc 6.21256063695972E-01 sumModel-2.07105760324389E+02 sumForcing 3.64172942276016E+02 sumM 5.11844039200923E-02 trend-4.18019833335112E-02 aero 0.00000000000000E+00 level 3.64730494576389E+02 k0-2.15986940856678E+03 init-1.66138086652861E+00 IR-5.15586292638069E-01 impC 3.12606413592430E-02 mP 5.54871041063005E-03 year-5.48601554518334E-06 sumLPAP 1.29809696191975E+00 harm
KEEPDBG accept 5 cc 6.21297848528861E-01 sumModel-1.99632933620546E+02 sumForcing 3.80472268685316E+02 sumM 5.06992555679950E-02 trend-3.92733334047786E-02 aero 0.00000000000000E+00 level 3.02095685143405E+02 k0-1.68309985789251E+03 init-1.60936106681275E+00 IR-5.34748948236804E-01 impC 3.08663009402545E-02 mP 5.63311270418530E-03 year-5.48601554518334E-06 sumLPAP 1.29809696191975E+00 harm
KEEPDBG accept 14 cc 6.55573952388627E-01 sumModel-2.20322575294147E+02 sumForcing 4.10363215479844E+00 sumM-4.05526250779729E-02 trend-4.85202845936641E-02 aero 0.00000000000000E+00 level 9.06678877612566E+04 k0-2.25546454078527E+06 init-1.61949960434480E+00 IR-5.07564070962935E-01 impC 3.30372159867254E-02 mP 5.51492872052613E-03 year-5.48601554518334E-06 sumLPAP 1.29809696191975E+00 harm
KEEPDBG accept 16 cc 6.51318185914892E-01 sumModel-2.34108577790106E+02 sumForcing 2.81599158228132E+02 sumM 5.32299332669307E-02 trend-6.05819740732977E-02 aero 0.00000000000000E+00 level-2.32026127506511E+03 k0 3.51446500293943E+04 init-1.67190037838621E+00 IR-5.07556444188360E-01 impC 2.81740270903525E-02 mP 5.52001300367053E-03 year-5.48601554518334E-06 sumLPAP 1.29809696191975E+00 harm
KEEPDBG accept 16 cc 6.51333847948096E-01 sumModel-2.34105883596879E+02 sumForcing 2.82889540966663E+02 sumM 5.32713409754107E-02 trend-6.05835849209313E-02 aero 0.00000000000000E+00 level-2.39416708195581E+03 k0 3.55582631624432E+04 init-1.67190037838621E+00 IR-5.07556444188360E-01 impC 2.81740270903525E-02 mP 5.52001300367053E-03 year-5.48601554518334E-06 sumLPAP 1.29809696191975E+00 harm
KEEPDBG accept 12 cc 6.20964303330626E-01 sumModel-2.02216475228828E+02 sumForcing 2.39643311668874E+02 sumM 5.19125701476296E-02 trend-4.03242041290201E-02 aero 0.00000000000000E+00 level 7.90955838358154E+02 k0-8.29330742306313E+03 init-1.56853260535368E+00 IR-5.28408080968041E-01 impC 3.03380860344663E-02 mP 5.73782747064630E-03 year-5.48601554518334E-06 sumLPAP 1.29809696191975E+00 harm
KEEPDBG accept 8 cc 6.45362841795584E-01 sumModel-2.55768164069983E+02 sumForcing-1.47297787122774E+02 sumM-4.93005883160233E-02 trend-6.88440053684588E-02 aero 0.00000000000000E+00 level 1.58882198995642E+02 k0 1.79442011587441E+02 init-1.61175982499512E+00 IR-4.33657428157750E-01 impC 3.20760561046990E-02 mP 3.93216556145855E-03 year-5.48601554518334E-06 sumLPAP 1.29809696191975E+00 harm
KEEPDBG accept 10 cc 6.48950019448918E-01 sumModel-2.61644363577572E+02 sumForcing-1.29393235957097E+03 sumM-6.07459222420422E-03 trend-5.51084196877756E-02 aero 0.00000000000000E+00 level 1.13409909815998E+02 k0 1.38020722494753E+02 init-2.45703495392450E+00 IR-3.70385664967699E-01 impC 2.81639362739619E-02 mP 6.87785767677598E-03 year-5.48601554518334E-06 sumLPAP 1.29809696191975E+00 harm
KEEPDBG accept 1 cc 6.48570028417015E-01 sumModel-2.37742841305276E+02 sumForcing 9.60919993849722E+01 sumM 5.15757370521352E-02 trend-5.43082350021962E-02 aero 0.00000000000000E+00 level 7.27574433977589E+03 k0-3.87346381984110E+04 init-5.78492543097058E-01 IR-5.10694791345592E-01 impC 3.06324921983633E-02 mP 5.52467076278122E-03 year-5.48601554518334E-06 sumLPAP 1.29809696191975E+00 harm
KEEPDBG accept 15 cc 6.20887047486807E-01 sumModel-2.09842295931690E+02 sumForcing 6.20932337851958E+02 sumM 7.27084302684040E-02 trend-4.31015190294878E-02 aero 0.00000000000000E+00 level 1.82626440448685E+02 k0-4.49033191818728E+02 init-1.59909993244017E+00 IR-5.08698659045829E-01 impC 2.96730243223625E-02 mP 5.54396121876823E-03 year-5.48601554518334E-06 sumLPAP 1.29809696191975E+00 harm
KEEPDBG accept 1 cc 6.48606148191723E-01 sumModel-2.37746011306453E+02 sumForcing 9.60986413484418E+01 sumM 5.15757370521352E-02 trend-5.43235291172550E-02 aero 0.00000000000000E+00 level 7.25336924456552E+03 k0-3.84155628616799E+04 init-5.78492543097058E-01 IR-5.10694791345592E-01 impC 3.06324921983633E-02 mP 5.52467076278122E-03 year-5.48601554518334E-06 sumLPAP 1.29809696191975E+00 harm
KEEPDBG accept 4 cc 6.56819736667076E-01 sumModel-2.62158468069075E+02 sumForcing 2.91885833142348E+02 sumM 4.77630538525708E-02 trend-6.99923331548108E-02 aero 0.00000000000000E+00 level-1.44831881117367E+02 k0 1.31239882179086E+04 init-1.64626207332701E+00 IR-4.24238068941726E-01 impC 2.71848469902746E-02 mP 6.28406654810643E-03 year-5.48601554518334E-06 sumLPAP 1.29809696191975E+00 harm
KEEPDBG accept 9 cc 6.36598116205309E-01 sumModel-2.22377707069773E+02 sumForcing 1.55986427113478E+02 sumM 4.75786432561298E-02 trend-4.58626744160920E-02 aero 0.00000000000000E+00 level 2.52232822086699E+03 k0-1.55143569600531E+04 init-1.63128110946494E+00 IR-5.09961984060828E-01 impC 2.65720285020717E-02 mP 5.46714401559274E-03 year-5.48601554518334E-06 sumLPAP 1.29809696191975E+00 harm
KEEPDBG accept 10 cc 6.48950968691909E-01 sumModel-2.61643453835110E+02 sumForcing-1.29393235957097E+03 sumM-7.65924212662926E-03 trend-5.51074505345516E-02 aero 0.00000000000000E+00 level 1.11607700555109E+02 k0 1.08432146128580E+02 init-2.45703495392450E+00 IR-3.70385664967699E-01 impC 2.81639362739619E-02 mP 6.87785767677598E-03 year-5.48601554518334E-06 sumLPAP 1.29809696191975E+00 harm
KEEPDBG accept 3 cc 6.41209448958977E-01 sumModel-1.85146535802624E+02 sumForcing-2.38901382392845E+03 sumM 1.21594203836550E-01 trend-4.00606064534846E-02 aero 0.00000000000000E+00 level 7.63406935032850E+01 k0 2.08907732535668E-01 init-2.42194189269063E+00 IR-6.30563104774588E-01 impC-1.35854892667296E-02 mP 5.52155082611859E-03 year-5.48601554518334E-06 sumLPAP 1.29809696191975E+00 harm
KEEPDBG accept 6 cc 6.22651493716650E-01 sumModel-2.06727868538620E+02 sumForcing 5.01445227992778E+02 sumM 5.12592176222158E-02 trend-4.12357867395137E-02 aero 0.00000000000000E+00 level 2.44207463981145E+02 k0-9.29310017136099E+02 init-1.57755450988468E+00 IR-5.15307111509781E-01 impC 3.01433055086041E-02 mP 5.55517765113865E-03 year-5.48601554518334E-06 sumLPAP 1.29809696191975E+00 harm
KEEPDBG accept 16 cc 6.51335246687183E-01 sumModel-2.34654330815648E+02 sumForcing 2.82889540966663E+02 sumM 5.32713409754107E-02 trend-6.05835849209313E-02 aero 0.00000000000000E+00 level-2.39416708195581E+03 k0 3.55582631624432E+04 init-1.67190037838621E+00 IR-5.07556444188360E-01 impC 2.56239758039192E-02 mP 5.52001300367053E-03 year-5.48601554518334E-06 sumLPAP 1.29809696191975E+00 harm
KEEPDBG accept 8 cc 6.45540783543754E-01 sumModel-2.55677955664578E+02 sumForcing-1.46892224194852E+02 sumM-4.93005883160233E-02 trend-6.89011071103987E-02 aero 0.00000000000000E+00 level 1.58841832616438E+02 k0 1.78608166442075E+02 init-1.61175982499512E+00 IR-4.33657428157750E-01 impC 3.20760561046990E-02 mP 3.93216556145855E-03 year-5.48601554518334E-06 sumLPAP 1.29809696191975E+00 harm
KEEPDBG accept 9 cc 6.36665672686070E-01 sumModel-2.22363579157480E+02 sumForcing 1.55894429338763E+02 sumM 4.75786432561298E-02 trend-4.58508080511984E-02 aero 0.00000000000000E+00 level 2.52524570240936E+03 k0-1.55943142910214E+04 init-1.63128110946494E+00 IR-5.09961984060828E-01 impC 2.65720285020717E-02 mP 5.46714401559274E-03 year-5.48601554518334E-06 sumLPAP 1.29809696191975E+00 harm
KEEPDBG accept 13 cc 6.21276560033220E-01 sumModel-2.07151827763414E+02 sumForcing 6.39937986569123E+01 sumM 5.11844039200923E-02 trend-4.17156576127160E-02 aero 0.00000000000000E+00 level 9.28876378887093E+03 k0-3.96466067462182E+05 init-1.66138086652861E+00 IR-5.15586292638069E-01 impC 3.12606413592430E-02 mP 5.54871041063005E-03 year-5.48601554518334E-06 sumLPAP 1.29809696191975E+00 harm
KEEPDBG accept 4 cc 6.56821163720032E-01 sumModel-2.62713819739938E+02 sumForcing 2.91885833142348E+02 sumM 4.77630538525708E-02 trend-6.99923331548108E-02 aero 0.00000000000000E+00 level-1.44831881117367E+02 k0 1.31239882179086E+04 init-1.64626207332701E+00 IR-4.24238068941726E-01 impC 2.44523792841071E-02 mP 6.28406654810643E-03 year-5.48601554518334E-06 sumLPAP 1.29809696191975E+00 harm
KEEPDBG accept 5 cc 6.21297863689432E-01 sumModel-1.99632976421462E+02 sumForcing 3.80472268685316E+02 sumM 5.07975896667280E-02 trend-3.92733479881729E-02 aero 0.00000000000000E+00 level 3.06124706305092E+02 k0-1.71286330142917E+03 init-1.60936106681275E+00 IR-5.34748948236804E-01 impC 3.08663009402545E-02 mP 5.63311270418530E-03 year-5.48601554518334E-06 sumLPAP 1.29809696191975E+00 harm
KEEPDBG accept 11 cc 6.28061245591421E-01 sumModel-2.18613539535701E+02 sumForcing 1.26989725864452E+02 sumM 5.10178186279512E-02 trend-4.57289957767144E-02 aero 0.00000000000000E+00 level 5.73410643541598E+03 k0-4.13183032282503E+04 init-1.43053019183858E+00 IR-5.22650700703401E-01 impC 3.50467297053366E-02 mP 5.46331048039516E-03 year-5.48601554518334E-06 sumLPAP 1.29809696191975E+00 harm
KEEPDBG accept 12 cc 6.20964859691687E-01 sumModel-2.02216740676372E+02 sumForcing 2.39641223256892E+02 sumM 5.19125701476296E-02 trend-4.03234619042311E-02 aero 0.00000000000000E+00 level 7.90939657980059E+02 k0-8.29325796564604E+03 init-1.56853260535368E+00 IR-5.28408080968041E-01 impC 3.03380860344663E-02 mP 5.73782747064630E-03 year-5.48601554518334E-06 sumLPAP 1.29809696191975E+00 harm
KEEPDBG accept 1 cc 6.53896524667150E-01 sumModel-2.36771225172599E+02 sumForcing 1.65795400320454E+02 sumM 5.15757370521352E-02 trend-5.76132113109873E-02 aero 0.00000000000000E+00 level 2.50687241397803E+03 k0-3.81238776159475E+03 init-5.78492543097058E-01 IR-5.10694791345592E-01 impC 3.06324921983633E-02 mP 5.52467076278122E-03 year-5.48601554518334E-06 sumLPAP 1.29809696191975E+00 harm
KEEPDBG accept 8 cc 6.45564467254118E-01 sumModel-2.55712772192622E+02 sumForcing-1.47002160858246E+02 sumM-4.93005883160233E-02 trend-6.88310248872554E-02 aero 0.00000000000000E+00 level 1.58523318843426E+02 k0 1.74016805098497E+02 init-1.61175982499512E+00 IR-4.33657428157750E-01 impC 3.20760561046990E-02 mP 3.93216556145855E-03 year-5.48601554518334E-06 sumLPAP 1.29809696191975E+00 harm
KEEPDBG accept 7 cc 6.57990425443340E-01 sumModel-2.49473233227302E+02 sumForcing 3.26373996593150E+01 sumM 5.04403448060265E-02 trend-5.91838931576416E-02 aero 0.00000000000000E+00 level-1.25949375443276E+05 k0 2.79993470276596E+07 init-2.26183126468195E+00 IR-4.61586698092194E-01 impC-1.06546663439389E-03 mP 7.40337748974203E-03 year-5.48601554518334E-06 sumLPAP 1.29809696191975E+00 harm
KEEPDBG accept 4 cc 6.56821175413362E-01 sumModel-2.62713833565462E+02 sumForcing 2.91885833142348E+02 sumM 4.86353574567154E-02 trend-6.99923368470803E-02 aero 0.00000000000000E+00 level-1.84774075484205E+02 k0 1.50082364611589E+04 init-1.64626207332701E+00 IR-4.24238068941726E-01 impC 2.44523792841071E-02 mP 6.28406654810643E-03 year-5.48601554518334E-06 sumLPAP 1.29809696191975E+00 harm
KEEPDBG accept 15 cc 6.20890559322672E-01 sumModel-2.09844421518079E+02 sumForcing 6.20885096876945E+02 sumM 7.27084302684040E-02 trend-4.30940034786287E-02 aero 0.00000000000000E+00 level 1.82594384398681E+02 k0-4.49016152545774E+02 init-1.59909993244017E+00 IR-5.08698659045829E-01 impC 2.96730243223625E-02 mP 5.54396121876823E-03 year-5.48601554518334E-06 sumLPAP 1.29809696191975E+00 harm
KEEPDBG accept 1 cc 6.53908631959469E-01 sumModel-2.36759876845685E+02 sumForcing 1.73382682667529E+02 sumM 5.15757370521352E-02 trend-5.76195371130211E-02 aero 0.00000000000000E+00 level 2.30470935715709E+03 k0-3.49297079990024E+03 init-5.78492543097058E-01 IR-5.10694791345592E-01 impC 3.06324921983633E-02 mP 5.52467076278122E-03 year-5.48601554518334E-06 sumLPAP 1.29809696191975E+00 harm
KEEPDBG accept 10 cc 6.48951110392202E-01 sumModel-2.61643317834123E+02 sumForcing-1.29393235957097E+03 sumM-7.88048724698916E-03 trend-5.51073058596269E-02 aero 0.00000000000000E+00 level 1.11403153343088E+02 k0 1.05074974482556E+02 init-2.45703495392450E+00 IR-3.70385664967699E-01 impC 2.81639362739619E-02 mP 6.87785767677598E-03 year-5.48601554518334E-06 sumLPAP 1.29809696191975E+00 harm
KEEPDBG accept 3 cc 6.47212042955270E-01 sumModel-1.93456149930058E+02 sumForcing-2.42214262777336E+03 sumM 1.21594203836550E-01 trend-4.48358426012763E-02 aero 0.00000000000000E+00 level 8.54864426717716E+01 k0 1.71694871862391E-01 init-2.42194189269063E+00 IR-6.30563104774588E-01 impC-1.35854892667296E-02 mP 5.52155082611859E-03 year-5.48601554518334E-06 sumLPAP 1.29809696191975E+00 harm
KEEPDBG accept 16 cc 6.54231468254948E-01 sumModel-2.35098023880359E+02 sumForcing 3.31584250213249E+02 sumM 5.32713409754107E-02 trend-6.12333648244813E-02 aero 0.00000000000000E+00 level-3.42587222277066E+03 k0 3.60707459943308E+04 init-1.67190037838621E+00 IR-5.07556444188360E-01 impC 2.56239758039192E-02 mP 5.52001300367053E-03 year-5.48601554518334E-06 sumLPAP 1.29809696191975E+00 harm
KEEPDBG accept 4 cc 6.57423081747504E-01 sumModel-2.62699613568900E+02 sumForcing 3.02774620660375E+02 sumM 4.86353574567154E-02 trend-7.01250421897448E-02 aero 0.00000000000000E+00 level-3.83040371574961E+02 k0 1.59315128142022E+04 init-1.64626207332701E+00 IR-4.24238068941726E-01 impC 2.44523792841071E-02 mP 6.28406654810643E-03 year-5.48601554518334E-06 sumLPAP 1.29809696191975E+00 harm
KEEPDBG accept 14 cc 6.55630164736164E-01 sumModel-2.20359825177027E+02 sumForcing 4.10498928715785E+00 sumM-4.05526250779729E-02 trend-4.87027630599754E-02 aero 0.00000000000000E+00 level 9.11790144792441E+04 k0-2.21393926184070E+06 init-1.59582284372213E+00 IR-5.07564070962935E-01 impC 3.30372159867254E-02 mP 5.51492872052613E-03 year-5.48601554518334E-06 sumLPAP 1.29809696191975E+00 harm
KEEPDBG accept 1 cc 6.54127692182857E-01 sumModel-2.36892064842699E+02 sumForcing 1.73336789074940E+02 sumM 5.15757370521352E-02 trend-5.77340613680537E-02 aero 0.00000000000000E+00 level 2.32344873648976E+03 k0-5.77566140414196E+03 init-5.78492543097058E-01 IR-5.10694791345592E-01 impC 3.06324921983633E-02 mP 5.52467076278122E-03 year-5.48601554518334E-06 sumLPAP 1.29809696191975E+00 harm
KEEPDBG accept 2 cc 6.20387646501894E-01 sumModel-2.10421626315143E+02 sumForcing-3.13533379277053E+02 sumM 4.87570261971039E-02 trend-4.24768080096128E-02 aero 0.00000000000000E+00 level 3.48831243965850E+02 k0 2.31704461596809E+03 init-1.64890112846678E+00 IR-5.08708359306436E-01 impC 3.01034206145067E-02 mP 5.51492872052613E-03 year-5.48601554518334E-06 sumLPAP 1.29809696191975E+00 harm
KEEPDBG accept 10 cc 6.49018269026515E-01 sumModel-2.62258645427313E+02 sumForcing-1.26635677000065E+03 sumM-7.88048724698916E-03 trend-5.64153644401675E-02 aero 0.00000000000000E+00 level 1.13562547159428E+02 k0 1.00192877396563E+02 init-2.14267667806772E+00 IR-3.70385664967699E-01 impC 2.81639362739619E-02 mP 6.87785767677598E-03 year-5.48601554518334E-06 sumLPAP 1.29809696191975E+00 harm
KEEPDBG accept 14 cc 6.56292960107255E-01 sumModel-2.14029667339577E+02 sumForcing 5.02626598598827E+00 sumM-4.05526250779729E-02 trend-4.47192332305695E-02 aero 0.00000000000000E+00 level 8.23660504919172E+04 k0-2.32491717151895E+06 init-1.59582284372213E+00 IR-5.07564070962935E-01 impC 3.30372159867254E-02 mP 6.88078562047214E-03 year-5.48601554518334E-06 sumLPAP 1.29809696191975E+00 harm
KEEPDBG accept 10 cc 6.50627294968615E-01 sumModel-2.61815370250439E+02 sumForcing-1.28491662453203E+03 sumM-7.88048724698916E-03 trend-5.57987326172818E-02 aero 0.00000000000000E+00 level 1.11982259238540E+02 k0 1.02271112758908E+02 init-2.14267667806772E+00 IR-3.70385664967699E-01 impC 2.81639362739619E-02 mP 6.87785767677598E-03 year-5.48601554518334E-06 sumLPAP 1.29809696191975E+00 harm
KEEPDBG accept 4 cc 6.57540688324511E-01 sumModel-2.57575368221234E+02 sumForcing 3.02774620660375E+02 sumM 4.86353574567154E-02 trend-6.82023224251332E-02 aero 0.00000000000000E+00 level-4.14347392282710E+02 k0 1.55590101760741E+04 init-1.64626207332701E+00 IR-4.40533510689911E-01 impC 2.44523792841071E-02 mP 6.28406654810643E-03 year-5.48601554518334E-06 sumLPAP 1.29809696191975E+00 harm
KEEPDBG accept 1 cc 6.54138369424051E-01 sumModel-2.40198725704096E+02 sumForcing 1.73336789074940E+02 sumM 5.15757370521352E-02 trend-5.77340613680537E-02 aero 0.00000000000000E+00 level 2.32344873648976E+03 k0-5.77566140414196E+03 init-5.78492543097058E-01 IR-5.10694791345592E-01 impC 1.52896868203815E-02 mP 5.52467076278122E-03 year-5.48601554518334E-06 sumLPAP 1.29809696191975E+00 harm
KEEPDBG accept 9 cc 6.36669120986730E-01 sumModel-2.23115266896151E+02 sumForcing 1.55894429338763E+02 sumM 4.75786432561298E-02 trend-4.58508080511984E-02 aero 0.00000000000000E+00 level 2.52524570240936E+03 k0-1.55943142910214E+04 init-1.63128110946494E+00 IR-5.09961984060828E-01 impC 2.30579030509372E-02 mP 5.46714401559274E-03 year-5.48601554518334E-06 sumLPAP 1.29809696191975E+00 harm
KEEPDBG accept 3 cc 6.49120760950463E-01 sumModel-1.90688762871483E+02 sumForcing-3.98772777289848E+03 sumM 1.21594203836550E-01 trend-4.65737719473673E-02 aero 0.00000000000000E+00 level 8.84810819215940E+01 k0 9.22577405922649E-02 init-2.42194189269063E+00 IR-6.30563104774588E-01 impC-1.35854892667296E-02 mP 5.52155082611859E-03 year-5.48601554518334E-06 sumLPAP 1.29809696191975E+00 harm
KEEPDBG accept 2 cc 6.20387862548790E-01 sumModel-2.10422129940704E+02 sumForcing-3.13529408782639E+02 sumM 4.87570261971039E-02 trend-4.24759941741945E-02 aero 0.00000000000000E+00 level 3.48822038145100E+02 k0 2.31701856222247E+03 init-1.64890112846678E+00 IR-5.08708359306436E-01 impC 3.01034206145067E-02 mP 5.51492872052613E-03 year-5.48601554518334E-06 sumLPAP 1.29809696191975E+00 harm
KEEPDBG accept 7 cc 6.57990425443984E-01 sumModel-2.49473232845402E+02 sumForcing 3.26373996593150E+01 sumM 5.04403448060265E-02 trend-5.91838931576416E-02 aero 0.00000000000000E+00 level-1.25949375443276E+05 k0 2.79993470276596E+07 init-2.26183126468195E+00 IR-4.61586698092194E-01 impC-1.06546480313510E-03 mP 7.40337748974203E-03 year-5.48601554518334E-06 sumLPAP 1.29809696191975E+00 harm
KEEPDBG accept 1 cc 6.54139947670508E-01 sumModel-2.42816526768890E+02 sumForcing 1.73336789074940E+02 sumM 5.15757370521352E-02 trend-5.77340613680537E-02 aero 0.00000000000000E+00 level 2.32344873648976E+03 k0-5.77566140414196E+03 init-5.78492543097058E-01 IR-5.10694791345592E-01 impC 3.14316985388197E-03 mP 5.52467076278122E-03 year-5.48601554518334E-06 sumLPAP 1.29809696191975E+00 harm
KEEPDBG accept 10 cc 6.50832319689051E-01 sumModel-2.61293989929172E+02 sumForcing-1.31346233332367E+03 sumM-7.88048724698916E-03 trend-5.47566319517189E-02 aero 0.00000000000000E+00 level 1.10797126381843E+02 k0 1.06391157686537E+02 init-2.14267667806772E+00 IR-3.70385664967699E-01 impC 2.81639362739619E-02 mP 6.87785767677598E-03 year-5.48601554518334E-06 sumLPAP 1.29809696191975E+00 harm
KEEPDBG accept 10 cc 6.50951023640917E-01 sumModel-2.65670385380132E+02 sumForcing-1.31346233332367E+03 sumM-7.88048724698916E-03 trend-5.64532637564897E-02 aero 0.00000000000000E+00 level 1.13189859302693E+02 k0 1.04833411382125E+02 init-2.14267667806772E+00 IR-3.54341608455460E-01 impC 2.81639362739619E-02 mP 6.87785767677598E-03 year-5.48601554518334E-06 sumLPAP 1.29809696191975E+00 harm
KEEPDBG accept 4 cc 6.58341508841973E-01 sumModel-2.57622792921631E+02 sumForcing 3.22515528326813E+02 sumM 4.86353574567154E-02 trend-6.84088280216553E-02 aero 0.00000000000000E+00 level-7.62853921378649E+02 k0 1.69377401844030E+04 init-1.64626207332701E+00 IR-4.40533510689911E-01 impC 2.44523792841071E-02 mP 6.28406654810643E-03 year-5.48601554518334E-06 sumLPAP 1.29809696191975E+00 harm
KEEPDBG accept 10 cc 6.55087703883628E-01 sumModel-2.63109001435812E+02 sumForcing-1.61764853653342E+03 sumM-7.88048724698916E-03 trend-4.68586510647021E-02 aero 0.00000000000000E+00 level 1.00781710355306E+02 k0 1.44409587003836E+02 init-2.14267667806772E+00 IR-3.54341608455460E-01 impC 2.81639362739619E-02 mP 9.59696695738593E-03 year-5.48601554518334E-06 sumLPAP 1.29809696191975E+00 harm
KEEPDBG accept 1 cc 6.56295837720385E-01 sumModel-2.42870823632252E+02 sumForcing 1.72107373591689E+02 sumM 5.25912036874601E-02 trend-5.86120848048176E-02 aero 0.00000000000000E+00 level 3.76387509009090E+02 k0 2.11307354363820E+04 init-5.78492543097058E-01 IR-5.10694791345592E-01 impC 3.14316985388197E-03 mP 5.52467076278122E-03 year-5.48601554518334E-06 sumLPAP 1.29809696191975E+00 harm
KEEPDBG accept 11 cc 6.28381636789612E-01 sumModel-2.18706563655964E+02 sumForcing 6.12042988333538E+01 sumM 5.10178186279512E-02 trend-4.58105032734049E-02 aero 0.00000000000000E+00 level 2.43906585865773E+04 k0-3.66916372711652E+05 init-1.43053019183858E+00 IR-5.22650700703401E-01 impC 3.50467297053366E-02 mP 5.46331048039516E-03 year-5.48601554518334E-06 sumLPAP 1.29809696191975E+00 harm
KEEPDBG accept 12 cc 6.20965558175763E-01 sumModel-2.02217076467053E+02 sumForcing 2.39638658861638E+02 sumM 5.19125701476296E-02 trend-4.03225581216225E-02 aero 0.00000000000000E+00 level 7.90919392607234E+02 k0-8.29318457798890E+03 init-1.56853260535368E+00 IR-5.28408080968041E-01 impC 3.03380860344663E-02 mP 5.73782747064630E-03 year-5.48601554518334E-06 sumLPAP 1.29809696191975E+00 harm
KEEPDBG accept 10 cc 6.55120548515841E-01 sumModel-2.68366663581196E+02 sumForcing-1.61764853653342E+03 sumM-7.88048724698916E-03 trend-4.86575152081532E-02 aero 0.00000000000000E+00 level 1.00999460842801E+02 k0 1.41643360339164E+02 init-2.14267667806772E+00 IR-3.33664674329272E-01 impC 2.81639362739619E-02 mP 9.59696695738593E-03 year-5.48601554518334E-06 sumLPAP 1.29809696191975E+00 harm
KEEPDBG accept 6 cc 6.22655663715170E-01 sumModel-2.06733471803220E+02 sumForcing 5.01392692535547E+02 sumM 5.12592176222158E-02 trend-4.12268048145458E-02 aero 0.00000000000000E+00 level 2.44158480880212E+02 k0-9.29255631887519E+02 init-1.57755450988468E+00 IR-5.15307111509781E-01 impC 3.01433055086041E-02 mP 5.55517765113865E-03 year-5.48601554518334E-06 sumLPAP 1.29809696191975E+00 harm
KEEPDBG accept 7 cc 6.57990425457248E-01 sumModel-2.49473224980275E+02 sumForcing 3.26373996593150E+01 sumM 5.04403448060265E-02 trend-5.91838931576416E-02 aero 0.00000000000000E+00 level-1.25949375443276E+05 k0 2.79993470276596E+07 init-2.26183126468195E+00 IR-4.61586698092194E-01 impC-1.06542708890187E-03 mP 7.40337748974203E-03 year-5.48601554518334E-06 sumLPAP 1.29809696191975E+00 harm
KEEPDBG accept 11 cc 6.29482115711078E-01 sumModel-2.21007967154608E+02 sumForcing 1.20661226311443E+01 sumM 5.10178186279512E-02 trend-4.63842244450620E-02 aero 0.00000000000000E+00 level 6.19116245551325E+05 k0-4.47783831541368E+07 init-1.43053019183858E+00 IR-5.22650700703401E-01 impC 3.50467297053366E-02 mP 5.46331048039516E-03 year-5.48601554518334E-06 sumLPAP 1.29809696191975E+00 harm
KEEPDBG accept 3 cc 6.51641353228885E-01 sumModel-2.80071091102829E+02 sumForcing-3.98772777289848E+03 sumM 1.21594203836550E-01 trend-7.37289432636776E-02 aero 0.00000000000000E+00 level 1.40111545539297E+02 k0 1.41099442251067E-01 init-2.42194189269063E+00 IR-3.98767290225136E-01 impC-1.35854892667296E-02 mP 5.52155082611859E-03 year-5.48601554518334E-06 sumLPAP 1.29809696191975E+00 harm
KEEPDBG accept 4 cc 6.58341561597127E-01 sumModel-2.57622566761516E+02 sumForcing 3.22516153903445E+02 sumM 4.86353574567154E-02 trend-6.84088376464280E-02 aero 0.00000000000000E+00 level-7.62881832974671E+02 k0 1.69379111681949E+04 init-1.64626207332701E+00 IR-4.40533510689911E-01 impC 2.44523792841071E-02 mP 6.28406654810643E-03 year-5.48601554518334E-06 sumLPAP 1.29809696191975E+00 harm
KEEPDBG accept 8 cc 6.45617850015838E-01 sumModel-2.56491094994984E+02 sumForcing-1.48142048985851E+02 sumM-4.93005883160233E-02 trend-6.87604996568285E-02 aero 0.00000000000000E+00 level 1.58816106145186E+02 k0 1.66329598587337E+02 init-1.61175982499512E+00 IR-4.33657428157750E-01 impC 3.20760561046990E-02 mP 3.93216556145855E-03 year-5.48601554518334E-06 sumLPAP 1.29809696191975E+00 harm
KEEPDBG accept 11 cc 6.29499759120250E-01 sumModel-2.24258827339201E+02 sumForcing 1.20661226311443E+01 sumM 5.10178186279512E-02 trend-4.63842244450620E-02 aero 0.00000000000000E+00 level 6.19116245551325E+05 k0-4.47783831541368E+07 init-1.43053019183858E+00 IR-5.22650700703401E-01 impC 1.99750820442854E-02 mP 5.46331048039516E-03 year-5.48601554518334E-06 sumLPAP 1.29809696191975E+00 harm
KEEPDBG accept 14 cc 6.56295196424618E-01 sumModel-2.14201991290709E+02 sumForcing 5.08550369486303E+00 sumM-4.05526250779729E-02 trend-4.48339962790772E-02 aero 0.00000000000000E+00 level 8.26559781070700E+04 k0-2.34851308701788E+06 init-1.59582284372213E+00 IR-5.07564070962935E-01 impC 3.30372159867254E-02 mP 6.88078562047214E-03 year-5.48601554518334E-06 sumLPAP 1.29809696191975E+00 harm
KEEPDBG accept 13 cc 6.21277287242569E-01 sumModel-2.07152746651527E+02 sumForcing 6.39937986569123E+01 sumM 4.90822362684516E-02 trend-4.17160049400973E-02 aero 0.00000000000000E+00 level 6.53020609012351E+03 k0-2.77703441604489E+05 init-1.66138086652861E+00 IR-5.15586292638069E-01 impC 3.12606413592430E-02 mP 5.54871041063005E-03 year-5.48601554518334E-06 sumLPAP 1.29809696191975E+00 harm
KEEPDBG accept 8 cc 6.45619645945970E-01 sumModel-2.56492311762364E+02 sumForcing-1.43562479705819E+02 sumM-4.93005883160233E-02 trend-6.87575482213803E-02 aero 0.00000000000000E+00 level 1.60650123851920E+02 k0 1.82425792231879E+02 init-1.61175982499512E+00 IR-4.33657428157750E-01 impC 3.20760561046990E-02 mP 3.93216556145855E-03 year-5.48601554518334E-06 sumLPAP 1.29809696191975E+00 harm
KEEPDBG accept 3 cc 6.52173087410798E-01 sumModel-2.79356395422356E+02 sumForcing-4.01783683313928E+03 sumM 1.21594203836550E-01 trend-7.33614997560701E-02 aero 0.00000000000000E+00 level 1.39410884147579E+02 k0 1.41170481523618E-01 init-2.42194189269063E+00 IR-3.98767290225136E-01 impC-1.35854892667296E-02 mP 5.80432965781091E-03 year-5.48601554518334E-06 sumLPAP 1.29809696191975E+00 harm
KEEPDBG accept 11 cc 6.29543320193141E-01 sumModel-2.22162335729900E+02 sumForcing 1.19801505683622E+01 sumM 5.10178186279512E-02 trend-4.60540318155669E-02 aero 0.00000000000000E+00 level 6.38255807538099E+05 k0-4.87404220776208E+07 init-1.43053019183858E+00 IR-5.22650700703401E-01 impC 1.99750820442854E-02 mP 5.46331048039516E-03 year-5.48601554518334E-06 sumLPAP 1.29809696191975E+00 harm
KEEPDBG accept 10 cc 6.62566512513786E-01 sumModel-2.76074995883577E+02 sumForcing-1.33272854048341E+03 sumM-3.89427224744908E-03 trend-6.29902094176072E-02 aero 0.00000000000000E+00 level 1.13016931979191E+02 k0 1.07963307128191E+02 init-2.14267667806772E+00 IR-3.33664674329272E-01 impC 2.81639362739619E-02 mP 9.59696695738593E-03 year-5.48601554518334E-06 sumLPAP 1.29809696191975E+00 harm
KEEPDBG accept 3 cc 6.53118846593471E-01 sumModel-2.80270386091476E+02 sumForcing-3.95020833887409E+03 sumM 1.21594203836550E-01 trend-7.39425592744394E-02 aero 0.00000000000000E+00 level 1.40520782388488E+02 k0 1.42908618975662E-01 init-2.42194189269063E+00 IR-3.98767290225136E-01 impC-1.35854892667296E-02 mP 5.80432965781091E-03 year-5.48601554518334E-06 sumLPAP 1.29809696191975E+00 harm
KEEPDBG accept 3 cc 6.53675338432104E-01 sumModel-3.21034807746414E+02 sumForcing-3.95020833887409E+03 sumM 1.21594203836550E-01 trend-9.46807519755967E-02 aero 0.00000000000000E+00 level 1.79950605405719E+02 k0 1.79693675455402E-01 init-2.42194189269063E+00 IR-2.21074757583037E-01 impC-1.35854892667296E-02 mP 5.80432965781091E-03 year-5.48601554518334E-06 sumLPAP 1.29809696191975E+00 harm
KEEPDBG accept 4 cc 6.58344536610154E-01 sumModel-2.57622695585863E+02 sumForcing 3.22512779424585E+02 sumM 4.86374529052685E-02 trend-6.84104465496441E-02 aero 0.00000000000000E+00 level-7.63690837313665E+02 k0 1.69435446181038E+04 init-1.64626207332701E+00 IR-4.40533510689911E-01 impC 2.44523792841071E-02 mP 6.28406654810643E-03 year-5.48601554518334E-06 sumLPAP 1.29809696191975E+00 harm
KEEPDBG accept 3 cc 6.68395962176459E-01 sumModel-3.20405380079102E+02 sumForcing-5.02565781349535E+03 sumM 1.21594203836550E-01 trend-9.93609109423206E-02 aero 0.00000000000000E+00 level 1.89149906771341E+02 k0 1.84565765818472E-01 init-2.42194189269063E+00 IR-2.21074757583037E-01 impC-1.35854892667296E-02 mP 5.80432965781091E-03 year-5.48601554518334E-06 sumLPAP 1.29809696191975E+00 harm
KEEPDBG accept 8 cc 6.60854347008888E-01 sumModel-2.52018407608955E+02 sumForcing-2.37712955645678E+02 sumM-4.93005883160233E-02 trend-6.77137489895344E-02 aero 0.00000000000000E+00 level 1.35795640247969E+02 k0-4.08525334375052E+02 init-1.61175982499512E+00 IR-4.33657428157750E-01 impC 3.20760561046990E-02 mP 3.93216556145855E-03 year-5.48601554518334E-06 sumLPAP 1.29809696191975E+00 harm
KEEPDBG accept 10 cc 6.62566576988570E-01 sumModel-2.76075019605479E+02 sumForcing-1.33273412472825E+03 sumM-3.89427224744908E-03 trend-6.29902941944668E-02 aero 0.00000000000000E+00 level 1.13017110453903E+02 k0 1.07964221501306E+02 init-2.14267667806772E+00 IR-3.33664674329272E-01 impC 2.81639362739619E-02 mP 9.59696695738593E-03 year-5.48601554518334E-06 sumLPAP 1.29809696191975E+00 harm
KEEPDBG accept 8 cc 6.66715568948500E-01 sumModel-3.16391269293354E+02 sumForcing-2.37712955645678E+02 sumM-4.93005883160233E-02 trend-1.31476983414014E-01 aero 0.00000000000000E+00 level 2.61918018098500E+02 k0-8.11767780432884E+02 init-1.61175982499512E+00 IR 1.00947432822315E-01 impC 3.20760561046990E-02 mP 3.93216556145855E-03 year-5.48601554518334E-06 sumLPAP 1.29809696191975E+00 harm
KEEPDBG accept 3 cc 6.68395979572353E-01 sumModel-3.20405377999334E+02 sumForcing-5.02565838225760E+03 sumM 1.21594203836550E-01 trend-9.93608993334868E-02 aero 0.00000000000000E+00 level 1.89149884704313E+02 k0 1.84565696315310E-01 init-2.42194189269063E+00 IR-2.21074757583037E-01 impC-1.35854892667296E-02 mP 5.80433291900389E-03 year-5.48601554518334E-06 sumLPAP 1.29809696191975E+00 harm
KEEPDBG accept 2 cc 6.20389379207503E-01 sumModel-2.10425874454393E+02 sumForcing-3.13500219224305E+02 sumM 4.87570261971039E-02 trend-4.24700183974698E-02 aero 0.00000000000000E+00 level 3.48754091145270E+02 k0 2.31682286806183E+03 init-1.64890112846678E+00 IR-5.08708359306436E-01 impC 3.01034206145067E-02 mP 5.51492872052613E-03 year-5.48601554518334E-06 sumLPAP 1.29809696191975E+00 harm
KEEPDBG accept 12 cc 6.20969424765930E-01 sumModel-2.02218916979051E+02 sumForcing 2.39624095040609E+02 sumM 5.19125701476296E-02 trend-4.03173962200303E-02 aero 0.00000000000000E+00 level 7.90806154066756E+02 k0-8.29282017850150E+03 init-1.56853260535368E+00 IR-5.28408080968041E-01 impC 3.03380860344663E-02 mP 5.73782747064630E-03 year-5.48601554518334E-06 sumLPAP 1.29809696191975E+00 harm
KEEPDBG accept 3 cc 6.68395981733350E-01 sumModel-3.20405377768339E+02 sumForcing-5.02565844063272E+03 sumM 1.21594203836550E-01 trend-9.93608983534072E-02 aero 0.00000000000000E+00 level 1.89149882841948E+02 k0 1.84565690590461E-01 init-2.42194189269063E+00 IR-2.21074757583037E-01 impC-1.35854892667296E-02 mP 5.80433291900389E-03 year-5.48601554518334E-06 sumLPAP 1.29809696191975E+00 harm
KEEPDBG accept 1 cc 6.56303615707512E-01 sumModel-2.42931541984097E+02 sumForcing 2.05480171077199E+02 sumM 5.25912036874601E-02 trend-5.86163940443321E-02 aero 0.00000000000000E+00 level 2.97723202681322E+02 k0 1.23705187434492E+04 init-5.78492543097058E-01 IR-5.10694791345592E-01 impC 3.14316985388197E-03 mP 5.52467076278122E-03 year-5.48601554518334E-06 sumLPAP 1.29809696191975E+00 harm
KEEPDBG accept 3 cc 6.68395985211473E-01 sumModel-3.20405415823680E+02 sumForcing-5.02565844063272E+03 sumM 1.21594203836550E-01 trend-9.93609264273461E-02 aero 0.00000000000000E+00 level 1.89149936297323E+02 k0 1.84565726034160E-01 init-2.42194189269063E+00 IR-2.21074520836468E-01 impC-1.35854892667296E-02 mP 5.80433291900389E-03 year-5.48601554518334E-06 sumLPAP 1.29809696191975E+00 harm
KEEPDBG accept 3 cc 6.68396000318885E-01 sumModel-3.20405415465368E+02 sumForcing-5.02565955623777E+03 sumM 1.21594203836550E-01 trend-9.93609300577549E-02 aero 0.00000000000000E+00 level 1.89149943445742E+02 k0 1.84565732884904E-01 init-2.42194189269063E+00 IR-2.21074520836468E-01 impC-1.35854892667296E-02 mP 5.80433291900389E-03 year-5.48601554518334E-06 sumLPAP 1.29809696191975E+00 harm
KEEPDBG accept 10 cc 6.62567055260102E-01 sumModel-2.76075339719503E+02 sumForcing-1.33276443816445E+03 sumM-3.89427224744908E-03 trend-6.29895717768408E-02 aero 0.00000000000000E+00 level 1.13014792956731E+02 k0 1.07968825655536E+02 init-2.14267667806772E+00 IR-3.33664674329272E-01 impC 2.81639362739619E-02 mP 9.59724356677358E-03 year-5.48601554518334E-06 sumLPAP 1.29809696191975E+00 harm
KEEPDBG accept 4 cc 6.58344598749985E-01 sumModel-2.57622654799948E+02 sumForcing 3.22513012122615E+02 sumM 4.86374529052685E-02 trend-6.84104008521296E-02 aero 0.00000000000000E+00 level-7.63680769294591E+02 k0 1.69435236175579E+04 init-1.64626207332701E+00 IR-4.40533510689911E-01 impC 2.44523792841071E-02 mP 6.28406654810643E-03 year-5.48601554518334E-06 sumLPAP 1.29809696191975E+00 harm
KEEPDBG accept 8 cc 6.67031367240468E-01 sumModel-3.16527134389501E+02 sumForcing-2.38193922913470E+02 sumM-4.93005883160233E-02 trend-1.31639121959394E-01 aero 0.00000000000000E+00 level 2.61475880830067E+02 k0-8.18511208999160E+02 init-1.61175982499512E+00 IR 1.00947432822315E-01 impC 3.20760561046990E-02 mP 3.93216556145855E-03 year-5.48601554518334E-06 sumLPAP 1.29809696191975E+00 harm
KEEPDBG accept 14 cc 6.56336374349273E-01 sumModel-2.14171785122075E+02 sumForcing 5.13418804535728E+00 sumM-4.05526250779729E-02 trend-4.49590381226250E-02 aero 0.00000000000000E+00 level 8.31337012905773E+04 k0-2.33878579451659E+06 init-1.59582284372213E+00 IR-5.07564070962935E-01 impC 3.30372159867254E-02 mP 6.88078562047214E-03 year-5.48601554518334E-06 sumLPAP 1.29809696191975E+00 harm
KEEPDBG accept 10 cc 6.62567129161370E-01 sumModel-2.76086498376426E+02 sumForcing-1.33276443816445E+03 sumM-3.89427224744908E-03 trend-6.29944944324970E-02 aero 0.00000000000000E+00 level 1.13022092123621E+02 k0 1.07964187065687E+02 init-2.14267667806772E+00 IR-3.33620465939749E-01 impC 2.81639362739619E-02 mP 9.59724356677358E-03 year-5.48601554518334E-06 sumLPAP 1.29809696191975E+00 harm
KEEPDBG accept 4 cc 6.58347656567684E-01 sumModel-2.57619706051310E+02 sumForcing 3.22519566454094E+02 sumM 4.86374529052685E-02 trend-6.84091793802559E-02 aero 0.00000000000000E+00 level-7.63885336224457E+02 k0 1.69470339632242E+04 init-1.64626207332701E+00 IR-4.40533510689911E-01 impC 2.44523792841071E-02 mP 6.28406654810643E-03 year-5.48601554518334E-06 sumLPAP 1.29809696191975E+00 harm
KEEPDBG accept 16 cc 6.54231772205083E-01 sumModel-2.35221218654151E+02 sumForcing 3.31584250213249E+02 sumM 5.32713409754107E-02 trend-6.12333648244813E-02 aero 0.00000000000000E+00 level-3.42587222277066E+03 k0 3.60707459943308E+04 init-1.67190037838621E+00 IR-5.07556444188360E-01 impC 2.50511713832994E-02 mP 5.52001300367053E-03 year-5.48601554518334E-06 sumLPAP 1.29809696191975E+00 harm
KEEPDBG accept 5 cc 6.21307585839812E-01 sumModel-2.05905043302057E+02 sumForcing 3.80472268685316E+02 sumM 5.07975896667280E-02 trend-4.08871489548546E-02 aero 0.00000000000000E+00 level 3.16971023334284E+02 k0-1.73687148689424E+03 init-1.60936106681275E+00 IR-5.19103238905889E-01 impC 3.08663009402545E-02 mP 5.63311270418530E-03 year-5.48601554518334E-06 sumLPAP 1.29809696191975E+00 harm
KEEPDBG accept 11 cc 6.36173387645055E-01 sumModel-2.18442989440349E+02 sumForcing 1.21339663297547E+01 sumM 5.10178186279512E-02 trend-4.54082182359277E-02 aero 0.00000000000000E+00 level 6.58682913058989E+05 k0-6.81645987447587E+07 init-1.43053019183858E+00 IR-5.22650700703401E-01 impC 1.99750820442854E-02 mP 5.46331048039516E-03 year-5.48601554518334E-06 sumLPAP 1.29809696191975E+00 harm
KEEPDBG accept 16 cc 6.54272612213096E-01 sumModel-2.47379289152291E+02 sumForcing 3.31584250213249E+02 sumM 5.32713409754107E-02 trend-6.52307163557721E-02 aero 0.00000000000000E+00 level-3.32379134353247E+03 k0 3.72824802833412E+04 init-1.67190037838621E+00 IR-4.74127927133344E-01 impC 2.50511713832994E-02 mP 5.52001300367053E-03 year-5.48601554518334E-06 sumLPAP 1.29809696191975E+00 harm
KEEPDBG accept 4 cc 6.58366167623632E-01 sumModel-2.57639136236950E+02 sumForcing 3.22421068092482E+02 sumM 4.86374529052685E-02 trend-6.84326352667842E-02 aero 0.00000000000000E+00 level-7.67381271103495E+02 k0 1.69580129953722E+04 init-1.64626207332701E+00 IR-4.40533510689911E-01 impC 2.44523792841071E-02 mP 6.28406654810643E-03 year-5.48601554518334E-06 sumLPAP 1.29809696191975E+00 harm
KEEPDBG accept 3 cc 6.68396004337510E-01 sumModel-3.20405413938901E+02 sumForcing-5.02566164412203E+03 sumM 1.21594203836550E-01 trend-9.93609309440748E-02 aero 0.00000000000000E+00 level 1.89149945866069E+02 k0 1.84565695737581E-01 init-2.42194189269063E+00 IR-2.21074520836468E-01 impC-1.35854892667296E-02 mP 5.80433291900389E-03 year-5.48601554518334E-06 sumLPAP 1.29809696191975E+00 harm
KEEPDBG accept 4 cc 6.58410900450291E-01 sumModel-2.57688167901025E+02 sumForcing 3.22175352739200E+02 sumM 4.86374529052685E-02 trend-6.84911549686761E-02 aero 0.00000000000000E+00 level-7.76062646442118E+02 k0 1.69849123746180E+04 init-1.64626207332701E+00 IR-4.40533510689911E-01 impC 2.44523792841071E-02 mP 6.28406654810643E-03 year-5.48601554518334E-06 sumLPAP 1.29809696191975E+00 harm
KEEPDBG accept 16 cc 6.55601199578362E-01 sumModel-2.48237801983512E+02 sumForcing 3.26156151352618E+02 sumM 5.32713409754107E-02 trend-6.63985551253365E-02 aero 0.00000000000000E+00 level-3.99279747375388E+03 k0 4.06652780337219E+04 init-1.58831879482014E+00 IR-4.74127927133344E-01 impC 2.50511713832994E-02 mP 5.52001300367053E-03 year-5.48601554518334E-06 sumLPAP 1.29809696191975E+00 harm
KEEPDBG accept 15 cc 6.36186883492833E-01 sumModel-2.32209641433231E+02 sumForcing 1.08275850305728E+03 sumM 7.27084302684040E-02 trend-6.39908629316196E-02 aero 0.00000000000000E+00 level-4.78664887686160E+01 k0 4.99454002555066E+02 init-1.59909993244017E+00 IR-5.08698659045829E-01 impC 2.96730243223625E-02 mP 5.54396121876823E-03 year-5.48601554518334E-06 sumLPAP 1.29809696191975E+00 harm
KEEPDBG accept 1 cc 6.56390835672173E-01 sumModel-2.42895231283616E+02 sumForcing 2.02219835958496E+02 sumM 5.25912036874601E-02 trend-5.85301770685698E-02 aero 0.00000000000000E+00 level 1.57699325760751E+02 k0 1.63900185047997E+04 init-5.78492543097058E-01 IR-5.10694791345592E-01 impC 3.14316985388197E-03 mP 5.52467076278122E-03 year-5.48601554518334E-06 sumLPAP 1.29809696191975E+00 harm
KEEPDBG accept 9 cc 6.36753545178147E-01 sumModel-2.23097959311049E+02 sumForcing 1.30323843783442E+02 sumM 4.75786432561298E-02 trend-4.58353102021085E-02 aero 0.00000000000000E+00 level 3.57613226093012E+03 k0-2.68066846558191E+04 init-1.63128110946494E+00 IR-5.09961984060828E-01 impC 2.30579030509372E-02 mP 5.46714401559274E-03 year-5.48601554518334E-06 sumLPAP 1.29809696191975E+00 harm
KEEPDBG accept 10 cc 6.62567998498671E-01 sumModel-2.76220720816323E+02 sumForcing-1.33276443816445E+03 sumM-3.89427224744908E-03 trend-6.30537579415559E-02 aero 0.00000000000000E+00 level 1.13109966286131E+02 k0 1.07908343405114E+02 init-2.14267667806772E+00 IR-3.33088244213102E-01 impC 2.81639362739619E-02 mP 9.59724356677358E-03 year-5.48601554518334E-06 sumLPAP 1.29809696191975E+00 harm
KEEPDBG accept 15 cc 6.36200715333519E-01 sumModel-2.32204858972570E+02 sumForcing 6.84734471247054E+01 sumM 7.27084302684040E-02 trend-6.39990746924768E-02 aero 0.00000000000000E+00 level-4.22730518334432E+04 k0 1.97565043240769E+06 init-1.59909993244017E+00 IR-5.08698659045829E-01 impC 2.96730243223625E-02 mP 5.54396121876823E-03 year-5.48601554518334E-06 sumLPAP 1.29809696191975E+00 harm
KEEPDBG accept 5 cc 6.21307607314893E-01 sumModel-2.05905085140626E+02 sumForcing 3.80471889994671E+02 sumM 5.07975896667280E-02 trend-4.08870717255446E-02 aero 0.00000000000000E+00 level 3.16970302169718E+02 k0-1.73686973632533E+03 init-1.60936106681275E+00 IR-5.19103238905889E-01 impC 3.08663009402545E-02 mP 5.63311270418530E-03 year-5.48601554518334E-06 sumLPAP 1.29809696191975E+00 harm
KEEPDBG accept 6 cc 6.22656151885791E-01 sumModel-2.06734141876997E+02 sumForcing 5.01386410242582E+02 sumM 5.12592176222158E-02 trend-4.12257306897162E-02 aero 0.00000000000000E+00 level 2.44152620488083E+02 k0-9.29249160611060E+02 init-1.57755450988468E+00 IR-5.15307111509781E-01 impC 3.01433055086041E-02 mP 5.55517765113865E-03 year-5.48601554518334E-06 sumLPAP 1.29809696191975E+00 harm
KEEPDBG accept 4 cc 6.58411912092728E-01 sumModel-2.57688892654014E+02 sumForcing 3.22174935156958E+02 sumM 4.86374529052685E-02 trend-6.84917350641286E-02 aero 0.00000000000000E+00 level-7.76071794431408E+02 k0 1.69845034388853E+04 init-1.64626207332701E+00 IR-4.40533510689911E-01 impC 2.44523792841071E-02 mP 6.28406654810643E-03 year-5.48601554518334E-06 sumLPAP 1.29809696191975E+00 harm
KEEPDBG accept 6 cc 6.36160846707246E-01 sumModel-2.15400813815930E+02 sumForcing 8.99287632836958E+02 sumM 5.12592176222158E-02 trend-4.54485010943506E-02 aero 0.00000000000000E+00 level 1.40647911286865E+02 k0-7.49123137602377E+00 init-1.57755450988468E+00 IR-5.15307111509781E-01 impC 3.01433055086041E-02 mP 5.55517765113865E-03 year-5.48601554518334E-06 sumLPAP 1.29809696191975E+00 harm
KEEPDBG accept 16 cc 6.57389933375985E-01 sumModel-2.46058030013167E+02 sumForcing 3.35078583459258E+02 sumM 5.32713409754107E-02 trend-6.42256139652474E-02 aero 0.00000000000000E+00 level-2.74874446264904E+03 k0 3.55586079224116E+04 init-1.58831879482014E+00 IR-4.74127927133344E-01 impC 2.50511713832994E-02 mP 5.98430392025241E-03 year-5.48601554518334E-06 sumLPAP 1.29809696191975E+00 harm
KEEPDBG accept 8 cc 6.67621923835670E-01 sumModel-3.15431093336338E+02 sumForcing-2.33898121045812E+02 sumM-4.93005883160233E-02 trend-1.29106913819172E-01 aero 0.00000000000000E+00 level 2.61000942275984E+02 k0-8.03446026104478E+02 init-1.61175982499512E+00 IR 1.00947432822315E-01 impC 3.20760561046990E-02 mP 3.93216556145855E-03 year-5.48601554518334E-06 sumLPAP 1.29809696191975E+00 harm
KEEPDBG accept 1 cc 6.56474703866665E-01 sumModel-2.42722521048264E+02 sumForcing 2.02653238904732E+02 sumM 5.25912036874601E-02 trend-5.84801726189230E-02 aero 0.00000000000000E+00 level-2.40158945097272E+01 k0 1.98415683344372E+04 init-5.78492543097058E-01 IR-5.10694791345592E-01 impC 3.14316985388197E-03 mP 5.52467076278122E-03 year-5.48601554518334E-06 sumLPAP 1.29809696191975E+00 harm
KEEPDBG accept 10 cc 6.62573753640223E-01 sumModel-2.76220476237638E+02 sumForcing-1.33486581758925E+03 sumM-3.88076691661975E-03 trend-6.30535439783418E-02 aero 0.00000000000000E+00 level 1.13164480470597E+02 k0 1.08197692259264E+02 init-2.14267667806772E+00 IR-3.33088244213102E-01 impC 2.81639362739619E-02 mP 9.59724356677358E-03 year-5.48601554518334E-06 sumLPAP 1.29809696191975E+00 harm
KEEPDBG accept 3 cc 6.68396004911406E-01 sumModel-3.20405413250225E+02 sumForcing-5.02566179884454E+03 sumM 1.21594203836550E-01 trend-9.93609274807521E-02 aero 0.00000000000000E+00 level 1.89149939263410E+02 k0 1.84565674287924E-01 init-2.42194189269063E+00 IR-2.21074520836468E-01 impC-1.35854892667296E-02 mP 5.80433291900389E-03 year-5.48601554518334E-06 sumLPAP 1.29809696191975E+00 harm
KEEPDBG accept 6 cc 6.36163220600169E-01 sumModel-2.15398857616131E+02 sumForcing 8.99287632836958E+02 sumM 4.54928776741058E-02 trend-4.54468618960034E-02 aero 0.00000000000000E+00 level 1.08614292102642E+02 k0-3.40523954402254E+00 init-1.57755450988468E+00 IR-5.15307111509781E-01 impC 3.01433055086041E-02 mP 5.55517765113865E-03 year-5.48601554518334E-06 sumLPAP 1.29809696191975E+00 harm
KEEPDBG accept 1 cc 6.57339286148859E-01 sumModel-2.38107356516720E+02 sumForcing 2.11116995988066E+02 sumM 5.25912036874601E-02 trend-5.71115694220105E-02 aero 0.00000000000000E+00 level-6.90516336758234E+03 k0 1.26878062851795E+05 init-5.78492543097058E-01 IR-5.10694791345592E-01 impC 3.14316985388197E-03 mP 5.52467076278122E-03 year-5.48601554518334E-06 sumLPAP 1.29809696191975E+00 harm
KEEPDBG accept 7 cc 6.58059371364804E-01 sumModel-2.47614495910834E+02 sumForcing 3.26507766497304E+01 sumM 5.04403448060265E-02 trend-5.92873222124592E-02 aero 0.00000000000000E+00 level-1.24545494162179E+05 k0 2.76744411976316E+07 init-2.26183126468195E+00 IR-4.61586698092194E-01 impC-1.06542708890187E-03 mP 7.40337748974203E-03 year-5.48601554518334E-06 sumLPAP 1.29809696191975E+00 harm
KEEPDBG accept 16 cc 6.58755638735383E-01 sumModel-2.50399589837825E+02 sumForcing 3.46086993642480E+02 sumM 5.32713409754107E-02 trend-6.72312220165252E-02 aero 0.00000000000000E+00 level-4.59386432575388E+03 k0 3.86768295327762E+04 init-1.58831879482014E+00 IR-4.74127927133344E-01 impC 2.50511713832994E-02 mP 5.98430392025241E-03 year-5.48601554518334E-06 sumLPAP 1.29809696191975E+00 harm
KEEPDBG accept 15 cc 6.36227599285412E-01 sumModel-2.32178527241957E+02 sumForcing 6.84681712867362E+01 sumM 7.27084302684040E-02 trend-6.40345051056561E-02 aero 0.00000000000000E+00 level-4.23731104270781E+04 k0 1.97965782740955E+06 init-1.59909993244017E+00 IR-5.08698659045829E-01 impC 2.96730243223625E-02 mP 5.54396121876823E-03 year-5.48601554518334E-06 sumLPAP 1.29809696191975E+00 harm
KEEPDBG accept 5 cc 6.32656830273998E-01 sumModel-2.19370877697009E+02 sumForcing 4.60838227748001E+02 sumM 5.07975896667280E-02 trend-4.62854164361121E-02 aero 0.00000000000000E+00 level 4.79638757997239E+02 k0-8.74522863103169E+02 init-1.60936106681275E+00 IR-5.19103238905889E-01 impC 3.08663009402545E-02 mP 5.63311270418530E-03 year-5.48601554518334E-06 sumLPAP 1.29809696191975E+00 harm
KEEPDBG accept 10 cc 6.62578489998062E-01 sumModel-2.76228921801904E+02 sumForcing-1.33388953755192E+03 sumM-3.88076691661975E-03 trend-6.30880670498435E-02 aero 0.00000000000000E+00 level 1.13229080813085E+02 k0 1.08046322026373E+02 init-2.14267667806772E+00 IR-3.33088244213102E-01 impC 2.81639362739619E-02 mP 9.59724356677358E-03 year-5.48601554518334E-06 sumLPAP 1.29809696191975E+00 harm
KEEPDBG accept 12 cc 6.20973135120087E-01 sumModel-2.02220992838460E+02 sumForcing 1.47504234121817E+02 sumM 5.19125701476296E-02 trend-4.03125675714121E-02 aero 0.00000000000000E+00 level 1.96162259629124E+03 k0-3.55473996045106E+04 init-1.56853260535368E+00 IR-5.28408080968041E-01 impC 3.03380860344663E-02 mP 5.73782747064630E-03 year-5.48601554518334E-06 sumLPAP 1.29809696191975E+00 harm
KEEPDBG accept 3 cc 6.68396014580604E-01 sumModel-3.20405413012014E+02 sumForcing-5.02566251286649E+03 sumM 1.21594203836550E-01 trend-9.93609298045150E-02 aero 0.00000000000000E+00 level 1.89149943838986E+02 k0 1.84565678674664E-01 init-2.42194189269063E+00 IR-2.21074520836468E-01 impC-1.35854892667296E-02 mP 5.80433291900389E-03 year-5.48601554518334E-06 sumLPAP 1.29809696191975E+00 harm
KEEPDBG accept 10 cc 6.62657314194489E-01 sumModel-2.76238664857704E+02 sumForcing-1.32948980795759E+03 sumM-3.88076691661975E-03 trend-6.32394801506058E-02 aero 0.00000000000000E+00 level 1.13551754816788E+02 k0 1.07265968313169E+02 init-2.12034127695532E+00 IR-3.33088244213102E-01 impC 2.81639362739619E-02 mP 9.59724356677358E-03 year-5.48601554518334E-06 sumLPAP 1.29809696191975E+00 harm
KEEPDBG accept 3 cc 6.68396014580629E-01 sumModel-3.20405413000731E+02 sumForcing-5.02566251286529E+03 sumM 1.21594203836550E-01 trend-9.93609298043787E-02 aero 0.00000000000000E+00 level 1.89149943838730E+02 k0 1.84565678673042E-01 init-2.42194189269063E+00 IR-2.21074520836468E-01 impC-1.35854892667296E-02 mP 5.80433291900389E-03 year-5.48601554518334E-06 sumLPAP 1.29809696191975E+00 harm
KEEPDBG accept 12 cc 6.20974402081871E-01 sumModel-2.02221807314126E+02 sumForcing 1.47501586480031E+02 sumM 5.19125701476296E-02 trend-4.03111131117618E-02 aero 0.00000000000000E+00 level 1.96152887715849E+03 k0-3.55464476634688E+04 init-1.56853260535368E+00 IR-5.28408080968041E-01 impC 3.03380860344663E-02 mP 5.73782747064630E-03 year-5.48601554518334E-06 sumLPAP 1.29809696191975E+00 harm
KEEPDBG accept 6 cc 6.59379396512024E-01 sumModel-2.11790154608271E+02 sumForcing 7.99290532027641E+02 sumM 4.54928776741058E-02 trend-5.11266272245925E-02 aero 0.00000000000000E+00 level 9.14652165505900E+01 k0 3.59947103407299E+01 init-2.12309832866786E+00 IR-5.15307111509781E-01 impC 3.01433055086041E-02 mP 5.55517765113865E-03 year-5.48601554518334E-06 sumLPAP 1.29809696191975E+00 harm
KEEPDBG accept 3 cc 6.68396015339309E-01 sumModel-3.20405421301295E+02 sumForcing-5.02566251286529E+03 sumM 1.21594203836550E-01 trend-9.93609359281580E-02 aero 0.00000000000000E+00 level 1.89149955498972E+02 k0 1.84565686404384E-01 init-2.42194189269063E+00 IR-2.21074469194858E-01 impC-1.35854892667296E-02 mP 5.80433291900389E-03 year-5.48601554518334E-06 sumLPAP 1.29809696191975E+00 harm
KEEPDBG accept 4 cc 6.58414966229795E-01 sumModel-2.57689121903789E+02 sumForcing 3.22928019218323E+02 sumM 4.86605442964409E-02 trend-6.84928733016730E-02 aero 0.00000000000000E+00 level-7.96915400299989E+02 k0 1.70956178054356E+04 init-1.64626207332701E+00 IR-4.40533510689911E-01 impC 2.44523792841071E-02 mP 6.28406654810643E-03 year-5.48601554518334E-06 sumLPAP 1.29809696191975E+00 harm
KEEPDBG accept 14 cc 6.56965550463836E-01 sumModel-2.14744474177768E+02 sumForcing 4.46589092594773E+00 sumM-4.07822197207036E-02 trend-4.57038799634679E-02 aero 0.00000000000000E+00 level 8.52612001372920E+04 k0-2.08434112766304E+06 init-1.59582284372213E+00 IR-5.07564070962935E-01 impC 3.30372159867254E-02 mP 6.88078562047214E-03 year-5.48601554518334E-06 sumLPAP 1.29809696191975E+00 harm
KEEPDBG accept 7 cc 6.58313977990003E-01 sumModel-2.48254056953178E+02 sumForcing 3.25350920693326E+01 sumM 5.04403448060265E-02 trend-5.95338041252307E-02 aero 0.00000000000000E+00 level-9.63599992561968E+04 k0 2.50350015673376E+07 init-2.26183126468195E+00 IR-4.61586698092194E-01 impC-1.06542708890187E-03 mP 7.40337748974203E-03 year-5.48601554518334E-06 sumLPAP 1.29809696191975E+00 harm
KEEPDBG accept 1 cc 6.62719891198701E-01 sumModel-2.36129485072110E+02 sumForcing 1.02794751720313E+02 sumM 4.46883976943730E-02 trend-5.77075405196215E-02 aero 0.00000000000000E+00 level 3.31050047681162E+03 k0 4.60280954008623E+04 init-5.78492543097058E-01 IR-5.10694791345592E-01 impC 3.14316985388197E-03 mP 5.52467076278122E-03 year-5.48601554518334E-06 sumLPAP 1.29809696191975E+00 harm
KEEPDBG accept 8 cc 6.67627613909121E-01 sumModel-3.15439773723629E+02 sumForcing-2.33928181796105E+02 sumM-4.93005883160233E-02 trend-1.29034102398807E-01 aero 0.00000000000000E+00 level 2.60563425099466E+02 k0-8.07457996219184E+02 init-1.61175982499512E+00 IR 1.00947432822315E-01 impC 3.20760561046990E-02 mP 3.93216556145855E-03 year-5.48601554518334E-06 sumLPAP 1.29809696191975E+00 harm
KEEPDBG accept 7 cc 6.58313980039883E-01 sumModel-2.48252995634907E+02 sumForcing 3.25350920693326E+01 sumM 5.04403448060265E-02 trend-5.95338041252307E-02 aero 0.00000000000000E+00 level-9.63599992561968E+04 k0 2.50350015673376E+07 init-2.26183126468195E+00 IR-4.61586698092194E-01 impC-1.06033793938031E-03 mP 7.40337748974203E-03 year-5.48601554518334E-06 sumLPAP 1.29809696191975E+00 harm
KEEPDBG accept 15 cc 6.36276198761470E-01 sumModel-2.32233170275976E+02 sumForcing 6.84637408875822E+01 sumM 7.27084302684040E-02 trend-6.40493679789740E-02 aero 0.00000000000000E+00 level-4.21881080189656E+04 k0 1.97307629675304E+06 init-1.59909993244017E+00 IR-5.08698659045829E-01 impC 2.96730243223625E-02 mP 5.54396121876823E-03 year-5.48601554518334E-06 sumLPAP 1.29809696191975E+00 harm
KEEPDBG accept 7 cc 6.58498826542953E-01 sumModel-2.50280306591224E+02 sumForcing 3.25190880599487E+01 sumM 5.04829154515370E-02 trend-5.95670517848506E-02 aero 0.00000000000000E+00 level-1.05843251779090E+05 k0 2.58648349873842E+07 init-2.26183126468195E+00 IR-4.61586698092194E-01 impC-1.06033793938031E-03 mP 7.40337748974203E-03 year-5.48601554518334E-06 sumLPAP 1.29809696191975E+00 harm
KEEPDBG accept 8 cc 6.67647034681403E-01 sumModel-3.09783222498086E+02 sumForcing-2.33928181796105E+02 sumM-4.93005883160233E-02 trend-1.29034102398807E-01 aero 0.00000000000000E+00 level 2.60563425099466E+02 k0-8.07457996219184E+02 init-1.61175982499512E+00 IR 1.00947432822315E-01 impC 7.63486559079954E-02 mP 3.93216556145855E-03 year-5.48601554518334E-06 sumLPAP 1.29809696191975E+00 harm
KEEPDBG accept 4 cc 6.58423262482753E-01 sumModel-2.57713266202029E+02 sumForcing 3.22984535175611E+02 sumM 4.86605442964409E-02 trend-6.85098014869709E-02 aero 0.00000000000000E+00 level-7.99549004090575E+02 k0 1.70912327452500E+04 init-1.64626207332701E+00 IR-4.40533510689911E-01 impC 2.44523792841071E-02 mP 6.28406654810643E-03 year-5.48601554518334E-06 sumLPAP 1.29809696191975E+00 harm
KEEPDBG accept 7 cc 6.60623577960130E-01 sumModel-2.52079503571691E+02 sumForcing 3.19756175172476E+01 sumM 5.04829154515370E-02 trend-6.06113376213901E-02 aero 0.00000000000000E+00 level-9.87560476617418E+04 k0 2.48729268375574E+07 init-2.26183126468195E+00 IR-4.61586698092194E-01 impC-1.06033793938031E-03 mP 7.40337748974203E-03 year-5.48601554518334E-06 sumLPAP 1.29809696191975E+00 harm
KEEPDBG accept 8 cc 6.80239000213543E-01 sumModel-3.13810140543998E+02 sumForcing-2.67737171457461E+02 sumM-4.93005883160233E-02 trend-1.34508077283389E-01 aero 0.00000000000000E+00 level 2.21653187087002E+02 k0-1.23581656813858E+03 init-1.61175982499512E+00 IR 1.00947432822315E-01 impC 7.63486559079954E-02 mP 6.59390938100214E-03 year-5.48601554518334E-06 sumLPAP 1.29809696191975E+00 harm
KEEPDBG accept 3 cc 6.68396938519287E-01 sumModel-3.20405882460945E+02 sumForcing-5.02607389933002E+03 sumM 1.21600412001049E-01 trend-9.93599251428713E-02 aero 0.00000000000000E+00 level 1.89148046307539E+02 k0 1.84573356684779E-01 init-2.42194189269063E+00 IR-2.21074469194858E-01 impC-1.35854892667296E-02 mP 5.80433291900389E-03 year-5.48601554518334E-06 sumLPAP 1.29809696191975E+00 harm
KEEPDBG accept 8 cc 6.80239026704572E-01 sumModel-3.13810143972063E+02 sumForcing-2.67738280710374E+02 sumM-4.93005458476168E-02 trend-1.34508055976662E-01 aero 0.00000000000000E+00 level 2.21651647184141E+02 k0-1.23582623379205E+03 init-1.61175982499512E+00 IR 1.00947432822315E-01 impC 7.63486559079954E-02 mP 6.59390938100214E-03 year-5.48601554518334E-06 sumLPAP 1.29809696191975E+00 harm
KEEPDBG accept 16 cc 6.60429881399212E-01 sumModel-2.49015690230586E+02 sumForcing 3.51374450082262E+02 sumM 5.32713409754107E-02 trend-6.61484591030872E-02 aero 0.00000000000000E+00 level-4.07315294603405E+03 k0 3.75890847504962E+04 init-1.58831879482014E+00 IR-4.74127927133344E-01 impC 2.50511713832994E-02 mP 6.25326828737112E-03 year-5.48601554518334E-06 sumLPAP 1.29809696191975E+00 harm
KEEPDBG accept 10 cc 6.62657404585397E-01 sumModel-2.76238715883556E+02 sumForcing-1.33737140987011E+03 sumM-3.88076691661975E-03 trend-6.32396051774108E-02 aero 0.00000000000000E+00 level 1.13634689157500E+02 k0 1.05388889687357E+02 init-2.12034127695532E+00 IR-3.33088244213102E-01 impC 2.81639362739619E-02 mP 9.59724356677358E-03 year-5.48601554518334E-06 sumLPAP 1.29809696191975E+00 harm
KEEPDBG accept 16 cc 6.61357017501230E-01 sumModel-2.47652081252200E+02 sumForcing 3.54659239028783E+02 sumM 5.32713409754107E-02 trend-6.54722829858859E-02 aero 0.00000000000000E+00 level-4.38534600936494E+03 k0 4.12616314019236E+04 init-1.58831879482014E+00 IR-4.74127927133344E-01 impC 2.50511713832994E-02 mP 6.40174098090565E-03 year-5.48601554518334E-06 sumLPAP 1.29809696191975E+00 harm
KEEPDBG accept 14 cc 6.60036121557326E-01 sumModel-2.18288834375802E+02 sumForcing 4.64334797014384E+00 sumM-4.07822197207036E-02 trend-5.10053257278111E-02 aero 0.00000000000000E+00 level 1.00580243518436E+05 k0-4.97171474953618E+05 init-6.48840708058399E-01 IR-5.07564070962935E-01 impC 3.30372159867254E-02 mP 6.88078562047214E-03 year-5.48601554518334E-06 sumLPAP 1.29809696191975E+00 harm
KEEPDBG accept 6 cc 6.63369317287155E-01 sumModel-2.12204514147944E+02 sumForcing 6.70478316290040E+02 sumM 4.54928776741058E-02 trend-5.73034142399863E-02 aero 0.00000000000000E+00 level 8.02863546715520E+01 k0 1.61586578649550E+02 init-2.77581629511024E+00 IR-5.15307111509781E-01 impC 3.01433055086041E-02 mP 5.55517765113865E-03 year-5.48601554518334E-06 sumLPAP 1.29809696191975E+00 harm
KEEPDBG accept 10 cc 6.62672766842920E-01 sumModel-2.76243345767011E+02 sumForcing-1.33787238937874E+03 sumM-3.88076691661975E-03 trend-6.32309532254243E-02 aero 0.00000000000000E+00 level 1.13597642558629E+02 k0 1.05443329070555E+02 init-2.12034127695532E+00 IR-3.33088244213102E-01 impC 2.81639362739619E-02 mP 9.59724356677358E-03 year-5.48601554518334E-06 sumLPAP 1.29809696191975E+00 harm
KEEPDBG accept 11 cc 6.36180007140533E-01 sumModel-2.22518535474845E+02 sumForcing 1.21339663297547E+01 sumM 5.10178186279512E-02 trend-4.54082182359277E-02 aero 0.00000000000000E+00 level 6.58682913058989E+05 k0-6.81645987447587E+07 init-1.43053019183858E+00 IR-5.22650700703401E-01 impC 1.08002339198092E-03 mP 5.46331048039516E-03 year-5.48601554518334E-06 sumLPAP 1.29809696191975E+00 harm
KEEPDBG accept 3 cc 6.68397082304135E-01 sumModel-3.20407454761323E+02 sumForcing-5.02607389933002E+03 sumM 1.21600412001049E-01 trend-9.93610850441139E-02 aero 0.00000000000000E+00 level 1.89150254865928E+02 k0 1.84574820928722E-01 init-2.42194189269063E+00 IR-2.21064687596490E-01 impC-1.35854892667296E-02 mP 5.80433291900389E-03 year-5.48601554518334E-06 sumLPAP 1.29809696191975E+00 harm
KEEPDBG accept 8 cc 6.80239027210933E-01 sumModel-3.13810144093383E+02 sumForcing-2.67738302139298E+02 sumM-4.93005450271985E-02 trend-1.34508055558027E-01 aero 0.00000000000000E+00 level 2.21651617723355E+02 k0-1.23582641605308E+03 init-1.61175982499512E+00 IR 1.00947432822315E-01 impC 7.63486559079954E-02 mP 6.59390938100214E-03 year-5.48601554518334E-06 sumLPAP 1.29809696191975E+00 harm
KEEPDBG accept 16 cc 6.61360151837707E-01 sumModel-2.48173658149100E+02 sumForcing 3.54659239028783E+02 sumM 5.32713409754107E-02 trend-6.56530495671494E-02 aero 0.00000000000000E+00 level-4.39281475153966E+03 k0 4.14019325513948E+04 init-1.58831879482014E+00 IR-4.72610527993182E-01 impC 2.50511713832994E-02 mP 6.40174098090565E-03 year-5.48601554518334E-06 sumLPAP 1.29809696191975E+00 harm
KEEPDBG accept 8 cc 6.80239028060822E-01 sumModel-3.13810144310611E+02 sumForcing-2.67738306012130E+02 sumM-4.93005450271985E-02 trend-1.34508056216317E-01 aero 0.00000000000000E+00 level 2.21651613135281E+02 k0-1.23582645948831E+03 init-1.61175982499512E+00 IR 1.00947432822315E-01 impC 7.63486559079954E-02 mP 6.59390967627705E-03 year-5.48601554518334E-06 sumLPAP 1.29809696191975E+00 harm
KEEPDBG accept 13 cc 6.21280168567244E-01 sumModel-2.07168871709827E+02 sumForcing 5.07173661554090E+01 sumM 4.90822362684516E-02 trend-4.16885383420868E-02 aero 0.00000000000000E+00 level 1.03345471823737E+04 k0-5.57124703130138E+05 init-1.66138086652861E+00 IR-5.15586292638069E-01 impC 3.12606413592430E-02 mP 5.54871041063005E-03 year-5.48601554518334E-06 sumLPAP 1.29809696191975E+00 harm
KEEPDBG accept 6 cc 6.63753146320107E-01 sumModel-2.33110141777554E+02 sumForcing 6.70478316290040E+02 sumM 4.54928776741058E-02 trend-6.43697935648673E-02 aero 0.00000000000000E+00 level 9.92096451157263E+01 k0 1.55237482224720E+02 init-2.77581629511024E+00 IR-4.57389790951429E-01 impC 3.01433055086041E-02 mP 5.55517765113865E-03 year-5.48601554518334E-06 sumLPAP 1.29809696191975E+00 harm
KEEPDBG accept 16 cc 6.61360166714402E-01 sumModel-2.48172160815346E+02 sumForcing 3.54659246198134E+02 sumM 5.32713409754107E-02 trend-6.56530364022639E-02 aero 0.00000000000000E+00 level-4.39279486357195E+03 k0 4.14018698184220E+04 init-1.58831879482014E+00 IR-4.72610527993182E-01 impC 2.50511713832994E-02 mP 6.40174098090565E-03 year-5.48601554518334E-06 sumLPAP 1.29809696191975E+00 harm
KEEPDBG accept 4 cc 6.58451530621382E-01 sumModel-2.56255888166632E+02 sumForcing 3.22984535175611E+02 sumM 4.86605442964409E-02 trend-6.79764332084178E-02 aero 0.00000000000000E+00 level-8.05041769445262E+02 k0 1.69706602164542E+04 init-1.64626207332701E+00 IR-4.45050895526315E-01 impC 2.44523792841071E-02 mP 6.28406654810643E-03 year-5.48601554518334E-06 sumLPAP 1.29809696191975E+00 harm
KEEPDBG accept 3 cc 6.68400093414874E-01 sumModel-3.20408617539384E+02 sumForcing-5.02429472341770E+03 sumM 1.21600412001049E-01 trend-9.93583054409394E-02 aero 0.00000000000000E+00 level 1.89145098828014E+02 k0 1.84596341200938E-01 init-2.42194189269063E+00 IR-2.21064687596490E-01 impC-1.35854892667296E-02 mP 5.80433291900389E-03 year-5.48601554518334E-06 sumLPAP 1.29809696191975E+00 harm
KEEPDBG accept 1 cc 6.63407565536231E-01 sumModel-2.37586772705950E+02 sumForcing 9.55762553499796E+01 sumM 4.46883976943730E-02 trend-5.72577783325627E-02 aero 0.00000000000000E+00 level 3.36049554041772E+03 k0 3.18563003003060E+04 init-1.05920732754913E-01 IR-5.10694791345592E-01 impC 3.14316985388197E-03 mP 5.52467076278122E-03 year-5.48601554518334E-06 sumLPAP 1.29809696191975E+00 harm
KEEPDBG accept 15 cc 6.50225854568756E-01 sumModel-2.28575857920813E+02 sumForcing 6.06027536935023E+01 sumM 7.27084302684040E-02 trend-6.04359270404036E-02 aero 0.00000000000000E+00 level-1.64518241285351E+04 k0 1.58196328022654E+06 init-1.59909993244017E+00 IR-5.08698659045829E-01 impC 2.96730243223625E-02 mP 5.54396121876823E-03 year-5.48601554518334E-06 sumLPAP 1.29809696191975E+00 harm
KEEPDBG accept 14 cc 6.60037913184056E-01 sumModel-2.18324219075225E+02 sumForcing 5.91361529033059E+00 sumM-4.07822197207036E-02 trend-5.10021843678427E-02 aero 0.00000000000000E+00 level 6.20150054275854E+04 k0-2.36934974760795E+05 init-6.48840708058399E-01 IR-5.07564070962935E-01 impC 3.30372159867254E-02 mP 6.88078562047214E-03 year-5.48601554518334E-06 sumLPAP 1.29809696191975E+00 harm
KEEPDBG accept 15 cc 6.52710834825625E-01 sumModel-2.33045332568019E+02 sumForcing 1.00577032444119E+01 sumM 6.61391672620197E-02 trend-6.17509039435174E-02 aero 0.00000000000000E+00 level 2.38155246171886E+04 k0-1.74690895069919E+05 init-1.59909993244017E+00 IR-5.08698659045829E-01 impC 2.96730243223625E-02 mP 5.54396121876823E-03 year-5.48601554518334E-06 sumLPAP 1.29809696191975E+00 harm
KEEPDBG accept 6 cc 6.63754755101609E-01 sumModel-2.33573555405249E+02 sumForcing 6.70478316290040E+02 sumM 4.54928776741058E-02 trend-6.43697935648673E-02 aero 0.00000000000000E+00 level 9.92096451157263E+01 k0 1.55237482224720E+02 init-2.77581629511024E+00 IR-4.57389790951429E-01 impC 2.79148127194107E-02 mP 5.55517765113865E-03 year-5.48601554518334E-06 sumLPAP 1.29809696191975E+00 harm
KEEPDBG accept 10 cc 6.62673021986374E-01 sumModel-2.76243486294282E+02 sumForcing-1.36019277794274E+03 sumM-3.88076691661975E-03 trend-6.32312998480616E-02 aero 0.00000000000000E+00 level 1.13825348775887E+02 k0 1.00359588368141E+02 init-2.12034127695532E+00 IR-3.33088244213102E-01 impC 2.81639362739619E-02 mP 9.59724356677358E-03 year-5.48601554518334E-06 sumLPAP 1.29809696191975E+00 harm
KEEPDBG accept 1 cc 6.63464931369422E-01 sumModel-2.37631750020172E+02 sumForcing 9.66792566753961E+01 sumM 4.46883976943730E-02 trend-5.76643637207416E-02 aero 0.00000000000000E+00 level 3.34758516314120E+03 k0 3.21173725606198E+04 init-2.00983306070103E-01 IR-5.10694791345592E-01 impC 3.14316985388197E-03 mP 5.52467076278122E-03 year-5.48601554518334E-06 sumLPAP 1.29809696191975E+00 harm
KEEPDBG accept 14 cc 6.60038086858909E-01 sumModel-2.18368215777164E+02 sumForcing 5.87788952443441E+00 sumM-4.07822197207036E-02 trend-5.09992879882797E-02 aero 0.00000000000000E+00 level 6.27591432629949E+04 k0-2.43451571816134E+05 init-6.48840708058399E-01 IR-5.07564070962935E-01 impC 3.30372159867254E-02 mP 6.88078562047214E-03 year-5.48601554518334E-06 sumLPAP 1.29809696191975E+00 harm
KEEPDBG accept 3 cc 6.68400096847580E-01 sumModel-3.20408613443190E+02 sumForcing-5.02429563357422E+03 sumM 1.21600412001049E-01 trend-9.93582850609601E-02 aero 0.00000000000000E+00 level 1.89145059973504E+02 k0 1.84596215146922E-01 init-2.42194189269063E+00 IR-2.21064687596490E-01 impC-1.35854892667296E-02 mP 5.80433291900389E-03 year-5.48601554518334E-06 sumLPAP 1.29809696191975E+00 harm
KEEPDBG accept 11 cc 6.36180058358594E-01 sumModel-2.22317562047397E+02 sumForcing 1.21339663297547E+01 sumM 5.10178186279512E-02 trend-4.54082182359277E-02 aero 0.00000000000000E+00 level 6.58682913058989E+05 k0-6.81645987447587E+07 init-1.43053019183858E+00 IR-5.22650700703401E-01 impC 2.01177699433575E-03 mP 5.46331048039516E-03 year-5.48601554518334E-06 sumLPAP 1.29809696191975E+00 harm
KEEPDBG accept 10 cc 6.62684261860906E-01 sumModel-2.76296135228269E+02 sumForcing-1.35854201213700E+03 sumM-3.85530477212133E-03 trend-6.33261994076162E-02 aero 0.00000000000000E+00 level 1.14006715608452E+02 k0 1.00092590387878E+02 init-2.12034127695532E+00 IR-3.33088244213102E-01 impC 2.81639362739619E-02 mP 9.59724356677358E-03 year-5.48601554518334E-06 sumLPAP 1.29809696191975E+00 harm
KEEPDBG accept 7 cc 6.60899098211870E-01 sumModel-2.51118066537549E+02 sumForcing 3.13272539950109E+01 sumM 5.02937601246317E-02 trend-6.05030036671478E-02 aero 0.00000000000000E+00 level-9.91874245023086E+04 k0 2.58547236353348E+07 init-2.26183126468195E+00 IR-4.61586698092194E-01 impC-1.06033793938031E-03 mP 7.40337748974203E-03 year-5.48601554518334E-06 sumLPAP 1.29809696191975E+00 harm
KEEPDBG accept 7 cc 6.60953200646259E-01 sumModel-2.48052334541144E+02 sumForcing 3.13198434632410E+01 sumM 5.02937601246317E-02 trend-6.05306860228697E-02 aero 0.00000000000000E+00 level-7.70654599450082E+04 k0 2.37180543103659E+07 init-2.28714384049503E+00 IR-4.61586698092194E-01 impC-1.06033793938031E-03 mP 7.40337748974203E-03 year-5.48601554518334E-06 sumLPAP 1.29809696191975E+00 harm
KEEPDBG accept 16 cc 6.61360464308393E-01 sumModel-2.48172904744046E+02 sumForcing 3.58835245169729E+02 sumM 5.32713409754107E-02 trend-6.56530877266248E-02 aero 0.00000000000000E+00 level-4.28864861395410E+03 k0 3.99757039006483E+04 init-1.58831879482014E+00 IR-4.72610527993182E-01 impC 2.50511713832994E-02 mP 6.40174098090565E-03 year-5.48601554518334E-06 sumLPAP 1.29809696191975E+00 harm
KEEPDBG accept 4 cc 6.58466639487603E-01 sumModel-2.56258956886612E+02 sumForcing 3.23470095356358E+02 sumM 4.86605442964409E-02 trend-6.79810740718410E-02 aero 0.00000000000000E+00 level-8.13358664776602E+02 k0 1.69989120090903E+04 init-1.64626207332701E+00 IR-4.45050895526315E-01 impC 2.44523792841071E-02 mP 6.28406654810643E-03 year-5.48601554518334E-06 sumLPAP 1.29809696191975E+00 harm
KEEPDBG accept 8 cc 6.80239028606689E-01 sumModel-3.13810144402382E+02 sumForcing-2.67738328960937E+02 sumM-4.93005441485906E-02 trend-1.34508055785476E-01 aero 0.00000000000000E+00 level 2.21651581436851E+02 k0-1.23582665702107E+03 init-1.61175982499512E+00 IR 1.00947432822315E-01 impC 7.63486559079954E-02 mP 6.59390967627705E-03 year-5.48601554518334E-06 sumLPAP 1.29809696191975E+00 harm
KEEPDBG accept 16 cc 6.61360631700146E-01 sumModel-2.48172830714387E+02 sumForcing 3.58835245169729E+02 sumM 5.13649446393504E-02 trend-6.56531233722394E-02 aero 0.00000000000000E+00 level-3.00914717503091E+03 k0 2.83863526885903E+04 init-1.58831879482014E+00 IR-4.72610527993182E-01 impC 2.50511713832994E-02 mP 6.40174098090565E-03 year-5.48601554518334E-06 sumLPAP 1.29809696191975E+00 harm
KEEPDBG accept 9 cc 6.36820014243123E-01 sumModel-2.23084411835292E+02 sumForcing 1.14949594807325E+02 sumM 4.75786432561298E-02 trend-4.58225496560547E-02 aero 0.00000000000000E+00 level 4.57197917097517E+03 k0-3.91991452978940E+04 init-1.63128110946494E+00 IR-5.09961984060828E-01 impC 2.30579030509372E-02 mP 5.46714401559274E-03 year-5.48601554518334E-06 sumLPAP 1.29809696191975E+00 harm
KEEPDBG accept 9 cc 6.36856880176097E-01 sumModel-2.23170032426199E+02 sumForcing 1.14873046170630E+02 sumM 4.75786432561298E-02 trend-4.58920207212822E-02 aero 0.00000000000000E+00 level 4.56582429877127E+03 k0-3.90538496441551E+04 init-1.62301170681743E+00 IR-5.09961984060828E-01 impC 2.30579030509372E-02 mP 5.46714401559274E-03 year-5.48601554518334E-06 sumLPAP 1.29809696191975E+00 harm
KEEPDBG accept 3 cc 6.68401937374903E-01 sumModel-3.20409324881794E+02 sumForcing-5.02429563357422E+03 sumM 1.21588355829186E-01 trend-9.93565865374420E-02 aero 0.00000000000000E+00 level 1.89141909539458E+02 k0 1.84569384401526E-01 init-2.42194189269063E+00 IR-2.21064687596490E-01 impC-1.35854892667296E-02 mP 5.80433291900389E-03 year-5.48601554518334E-06 sumLPAP 1.29809696191975E+00 harm
KEEPDBG accept 9 cc 6.36859618123434E-01 sumModel-2.23876738028806E+02 sumForcing 1.14873046170630E+02 sumM 4.75786432561298E-02 trend-4.58920207212822E-02 aero 0.00000000000000E+00 level 4.56582429877127E+03 k0-3.90538496441551E+04 init-1.62301170681743E+00 IR-5.09961984060828E-01 impC 1.97540682046053E-02 mP 5.46714401559274E-03 year-5.48601554518334E-06 sumLPAP 1.29809696191975E+00 harm
KEEPDBG accept 10 cc 6.62684362304525E-01 sumModel-2.76296249926418E+02 sumForcing-1.35854269379369E+03 sumM-3.85530477212133E-03 trend-6.33264871770094E-02 aero 0.00000000000000E+00 level 1.14007167716158E+02 k0 1.00092713830524E+02 init-2.12034127695532E+00 IR-3.33088244213102E-01 impC 2.81639362739619E-02 mP 9.59724356677358E-03 year-5.48601554518334E-06 sumLPAP 1.29809696191975E+00 harm
KEEPDBG accept 8 cc 6.80239028616780E-01 sumModel-3.13810144356992E+02 sumForcing-2.67738294414931E+02 sumM-4.93005441485906E-02 trend-1.34508055736684E-01 aero 0.00000000000000E+00 level 2.21651572380803E+02 k0-1.23582713899891E+03 init-1.61175982499512E+00 IR 1.00947432822315E-01 impC 7.63486559079954E-02 mP 6.59390967627705E-03 year-5.48601554518334E-06 sumLPAP 1.29809696191975E+00 harm
KEEPDBG accept 7 cc 6.60989608146730E-01 sumModel-2.49278179212972E+02 sumForcing 3.13003774668568E+01 sumM 5.02937601246317E-02 trend-6.05442760594059E-02 aero 0.00000000000000E+00 level-8.21781416709916E+04 k0 2.41445087929817E+07 init-2.28714384049503E+00 IR-4.61586698092194E-01 impC-1.06033793938031E-03 mP 7.40337748974203E-03 year-5.48601554518334E-06 sumLPAP 1.29809696191975E+00 harm
KEEPDBG accept 10 cc 6.62684955154277E-01 sumModel-2.76447729993885E+02 sumForcing-1.35854269379369E+03 sumM-3.85530477212133E-03 trend-6.33264871770094E-02 aero 0.00000000000000E+00 level 1.14007167716158E+02 k0 1.00092713830524E+02 init-2.12034127695532E+00 IR-3.33088244213102E-01 impC 2.73679234675135E-02 mP 9.59724356677358E-03 year-5.48601554518334E-06 sumLPAP 1.29809696191975E+00 harm
KEEPDBG accept 10 cc 6.62914451456503E-01 sumModel-2.76523869369158E+02 sumForcing-1.36646071105872E+03 sumM-3.85530477212133E-03 trend-6.31948237276974E-02 aero 0.00000000000000E+00 level 1.13447339076284E+02 k0 1.00875648508707E+02 init-2.12034127695532E+00 IR-3.33088244213102E-01 impC 2.73679234675135E-02 mP 9.59724356677358E-03 year-5.48601554518334E-06 sumLPAP 1.29809696191975E+00 harm
KEEPDBG accept 6 cc 6.63755001974526E-01 sumModel-2.33573993335217E+02 sumForcing 9.54271760155956E+02 sumM 4.54928776741058E-02 trend-6.43700636777054E-02 aero 0.00000000000000E+00 level 1.11144822263015E+02 k0 5.35028671403284E+01 init-2.77581629511024E+00 IR-4.57389790951429E-01 impC 2.79148127194107E-02 mP 5.55517765113865E-03 year-5.48601554518334E-06 sumLPAP 1.29809696191975E+00 harm
KEEPDBG accept 3 cc 6.68402186491573E-01 sumModel-3.20409028370388E+02 sumForcing-5.02436173409863E+03 sumM 1.21588355829186E-01 trend-9.93551057356634E-02 aero 0.00000000000000E+00 level 1.89139086377405E+02 k0 1.84560221863444E-01 init-2.42194189269063E+00 IR-2.21064687596490E-01 impC-1.35854892667296E-02 mP 5.80433291900389E-03 year-5.48601554518334E-06 sumLPAP 1.29809696191975E+00 harm
KEEPDBG accept 4 cc 6.58917720789291E-01 sumModel-2.57085898298390E+02 sumForcing 3.20105801435530E+02 sumM 4.86605442964409E-02 trend-6.86374767607024E-02 aero 0.00000000000000E+00 level-8.18437851258917E+02 k0 1.64953090352587E+04 init-1.59999205901810E+00 IR-4.45050895526315E-01 impC 2.44523792841071E-02 mP 6.28406654810643E-03 year-5.48601554518334E-06 sumLPAP 1.29809696191975E+00 harm
KEEPDBG accept 10 cc 6.63432035087239E-01 sumModel-2.76645074727909E+02 sumForcing-1.32789672536211E+03 sumM-3.85530477212133E-03 trend-6.45467378646720E-02 aero 0.00000000000000E+00 level 1.16599662942372E+02 k0 9.41965662699415E+01 init-1.92720113587562E+00 IR-3.33088244213102E-01 impC 2.73679234675135E-02 mP 9.59724356677358E-03 year-5.48601554518334E-06 sumLPAP 1.29809696191975E+00 harm
KEEPDBG accept 7 cc 6.60989619333835E-01 sumModel-2.49272640448324E+02 sumForcing 3.13003774668568E+01 sumM 5.02937601246317E-02 trend-6.05442760594059E-02 aero 0.00000000000000E+00 level-8.21781416709916E+04 k0 2.41445087929817E+07 init-2.28714384049503E+00 IR-4.61586698092194E-01 impC-1.03377889272759E-03 mP 7.40337748974203E-03 year-5.48601554518334E-06 sumLPAP 1.29809696191975E+00 harm
KEEPDBG accept 16 cc 6.61747705672365E-01 sumModel-2.49964065994316E+02 sumForcing 3.51561617014245E+02 sumM 5.13649446393504E-02 trend-6.66125870849307E-02 aero 0.00000000000000E+00 level-2.84238554504693E+03 k0 2.58389959935636E+04 init-1.42972488842910E+00 IR-4.72610527993182E-01 impC 2.50511713832994E-02 mP 6.40174098090565E-03 year-5.48601554518334E-06 sumLPAP 1.29809696191975E+00 harm
KEEPDBG accept 14 cc 6.60217402193442E-01 sumModel-2.18374304706921E+02 sumForcing 5.97370089319900E+00 sumM-4.07822197207036E-02 trend-5.11877169436891E-02 aero 0.00000000000000E+00 level 6.28680599549709E+04 k0-2.18794285969974E+05 init-5.38302546744032E-01 IR-5.07564070962935E-01 impC 3.30372159867254E-02 mP 6.88078562047214E-03 year-5.48601554518334E-06 sumLPAP 1.29809696191975E+00 harm
KEEPDBG accept 4 cc 6.58924458810726E-01 sumModel-2.57085717521467E+02 sumForcing 3.21290140276256E+02 sumM 4.86965998222743E-02 trend-6.86392975984703E-02 aero 0.00000000000000E+00 level-8.51261938264689E+02 k0 1.66690013553383E+04 init-1.59999205901810E+00 IR-4.45050895526315E-01 impC 2.44523792841071E-02 mP 6.28406654810643E-03 year-5.48601554518334E-06 sumLPAP 1.29809696191975E+00 harm
KEEPDBG accept 5 cc 6.32744782511638E-01 sumModel-2.40589241248021E+02 sumForcing 4.60838227748001E+02 sumM 5.07975896667280E-02 trend-5.13260578199723E-02 aero 0.00000000000000E+00 level 5.33399356036314E+02 k0-1.05495771305113E+03 init-1.60936106681275E+00 IR-4.59524851369546E-01 impC 3.08663009402545E-02 mP 5.63311270418530E-03 year-5.48601554518334E-06 sumLPAP 1.29809696191975E+00 harm
KEEPDBG accept 11 cc 6.44340002205130E-01 sumModel-2.33836711687426E+02 sumForcing 1.03779122540106E+01 sumM 5.10178186279512E-02 trend-5.74747846334118E-02 aero 0.00000000000000E+00 level 4.75311478823789E+05 k0-2.67433999918187E+07 init-1.43053019183858E+00 IR-5.22650700703401E-01 impC 2.01177699433575E-03 mP 5.46331048039516E-03 year-5.48601554518334E-06 sumLPAP 1.29809696191975E+00 harm
KEEPDBG accept 10 cc 6.63664708993460E-01 sumModel-2.76786525796276E+02 sumForcing-1.35755850810335E+03 sumM-3.85530477212133E-03 trend-6.50117136619917E-02 aero 0.00000000000000E+00 level 1.17557276563319E+02 k0 9.81849338427070E+01 init-1.92720113587562E+00 IR-3.33088244213102E-01 impC 2.73679234675135E-02 mP 9.59724356677358E-03 year-5.48601554518334E-06 sumLPAP 1.29809696191975E+00 harm
KEEPDBG accept 3 cc 6.68433845262842E-01 sumModel-3.20405217377319E+02 sumForcing-5.02539599345124E+03 sumM 1.21588355829186E-01 trend-9.93339579944185E-02 aero 0.00000000000000E+00 level 1.89098886196782E+02 k0 1.84433469864516E-01 init-2.42194189269063E+00 IR-2.21064687596490E-01 impC-1.35854892667296E-02 mP 5.81026243980101E-03 year-5.48601554518334E-06 sumLPAP 1.29809696191975E+00 harm
KEEPDBG accept 12 cc 6.20990253150088E-01 sumModel-2.02241158398524E+02 sumForcing 1.47652517560674E+02 sumM 5.19125701476296E-02 trend-4.03252049204598E-02 aero 0.00000000000000E+00 level 1.96653020797578E+03 k0-3.55950975048262E+04 init-1.56853260535368E+00 IR-5.28408080968041E-01 impC 3.03380860344663E-02 mP 5.74583842277616E-03 year-5.48601554518334E-06 sumLPAP 1.29809696191975E+00 harm
KEEPDBG accept 10 cc 6.63664712560630E-01 sumModel-2.76786534333199E+02 sumForcing-1.35755854674979E+03 sumM-3.85530477212133E-03 trend-6.50117341105780E-02 aero 0.00000000000000E+00 level 1.17557312496705E+02 k0 9.81849318039235E+01 init-1.92720113587562E+00 IR-3.33088244213102E-01 impC 2.73679234675135E-02 mP 9.59724356677358E-03 year-5.48601554518334E-06 sumLPAP 1.29809696191975E+00 harm
KEEPDBG accept 6 cc 6.64718938960331E-01 sumModel-2.32217899637645E+02 sumForcing 8.99817476037156E+02 sumM 4.54928776741058E-02 trend-6.35243463510026E-02 aero 0.00000000000000E+00 level 1.11164273098703E+02 k0 5.34037656275525E+01 init-2.77581629511024E+00 IR-4.57389790951429E-01 impC 2.79148127194107E-02 mP 5.55517765113865E-03 year-5.48601554518334E-06 sumLPAP 1.29809696191975E+00 harm
KEEPDBG accept 4 cc 6.58926061064873E-01 sumModel-2.57086659122530E+02 sumForcing 3.21289441930821E+02 sumM 4.86965998222743E-02 trend-6.86402720958369E-02 aero 0.00000000000000E+00 level-8.51278433688262E+02 k0 1.66683518957204E+04 init-1.59999205901810E+00 IR-4.45050895526315E-01 impC 2.44523792841071E-02 mP 6.28406654810643E-03 year-5.48601554518334E-06 sumLPAP 1.29809696191975E+00 harm
KEEPDBG accept 10 cc 6.63664737400853E-01 sumModel-2.76786537287524E+02 sumForcing-1.35755854674979E+03 sumM-3.90221307328360E-03 trend-6.50117410226124E-02 aero 0.00000000000000E+00 level 1.17599769156013E+02 k0 9.75392109344093E+01 init-1.92720113587562E+00 IR-3.33088244213102E-01 impC 2.73679234675135E-02 mP 9.59724356677358E-03 year-5.48601554518334E-06 sumLPAP 1.29809696191975E+00 harm
KEEPDBG accept 15 cc 6.52714956518519E-01 sumModel-2.35023043015425E+02 sumForcing 1.00577032444119E+01 sumM 6.61391672620197E-02 trend-6.17509039435174E-02 aero 0.00000000000000E+00 level 2.38155246171886E+04 k0-1.74690895069919E+05 init-1.59909993244017E+00 IR-5.08698659045829E-01 impC 2.04844233902719E-02 mP 5.54396121876823E-03 year-5.48601554518334E-06 sumLPAP 1.29809696191975E+00 harm
KEEPDBG accept 5 cc 6.32747027849672E-01 sumModel-2.40588611646839E+02 sumForcing 4.60838227748001E+02 sumM 4.85819142886055E-02 trend-5.13257513023566E-02 aero 0.00000000000000E+00 level 4.00890994360534E+02 k0-7.34735898196666E+02 init-1.60936106681275E+00 IR-4.59524851369546E-01 impC 3.08663009402545E-02 mP 5.63311270418530E-03 year-5.48601554518334E-06 sumLPAP 1.29809696191975E+00 harm
KEEPDBG accept 3 cc 6.68433915745909E-01 sumModel-3.20393574265636E+02 sumForcing-5.02539599345124E+03 sumM 1.21588355829186E-01 trend-9.93339579944185E-02 aero 0.00000000000000E+00 level 1.89098886196782E+02 k0 1.84433469864516E-01 init-2.42194189269063E+00 IR-2.21064687596490E-01 impC-1.35182541593178E-02 mP 5.81026243980101E-03 year-5.48601554518334E-06 sumLPAP 1.29809696191975E+00 harm
KEEPDBG accept 10 cc 6.63761195966401E-01 sumModel-2.76914636096618E+02 sumForcing-1.33538750544891E+03 sumM-3.90221307328360E-03 trend-6.58457407897073E-02 aero 0.00000000000000E+00 level 1.19746499788263E+02 k0 9.30514561482992E+01 init-1.81509782484231E+00 IR-3.33088244213102E-01 impC 2.73679234675135E-02 mP 9.59724356677358E-03 year-5.48601554518334E-06 sumLPAP 1.29809696191975E+00 harm
KEEPDBG accept 8 cc 6.80239028625375E-01 sumModel-3.13810140549315E+02 sumForcing-2.67738294414931E+02 sumM-4.93005441485906E-02 trend-1.34508055736684E-01 aero 0.00000000000000E+00 level 2.21651572380803E+02 k0-1.23582713899891E+03 init-1.61175982499512E+00 IR 1.00947432822315E-01 impC 7.63486857098627E-02 mP 6.59390967627705E-03 year-5.48601554518334E-06 sumLPAP 1.29809696191975E+00 harm
KEEPDBG accept 4 cc 6.58929413070023E-01 sumModel-2.57087717348993E+02 sumForcing 3.21287912007813E+02 sumM 4.86965998222743E-02 trend-6.86423914350270E-02 aero 0.00000000000000E+00 level-8.51244767584387E+02 k0 1.66663677790534E+04 init-1.59999205901810E+00 IR-4.45050895526315E-01 impC 2.44523792841071E-02 mP 6.28406654810643E-03 year-5.48601554518334E-06 sumLPAP 1.29809696191975E+00 harm
KEEPDBG accept 12 cc 6.20990256656808E-01 sumModel-2.02241070919058E+02 sumForcing 1.47652517560674E+02 sumM 4.97917448519005E-02 trend-4.03251772277514E-02 aero 0.00000000000000E+00 level 1.37236619943054E+03 k0-2.44065346397279E+04 init-1.56853260535368E+00 IR-5.28408080968041E-01 impC 3.03380860344663E-02 mP 5.74583842277616E-03 year-5.48601554518334E-06 sumLPAP 1.29809696191975E+00 harm
KEEPDBG accept 11 cc 6.67796889129271E-01 sumModel-2.22433658214966E+02 sumForcing 1.86843895409621E+01 sumM 5.10178186279512E-02 trend-6.38196655529667E-02 aero 0.00000000000000E+00 level 6.99020191750600E+05 k0-1.23823387785653E+07 init-1.43053019183858E+00 IR-5.22650700703401E-01 impC 2.01177699433575E-03 mP 5.46331048039516E-03 year-5.48601554518334E-06 sumLPAP 1.29809696191975E+00 harm
KEEPDBG accept 14 cc 6.60218663370539E-01 sumModel-2.18392494728216E+02 sumForcing 5.97370089319900E+00 sumM-4.33334437633455E-02 trend-5.11880728925534E-02 aero 0.00000000000000E+00 level 4.01348307990073E+04 k0-1.40230103718894E+05 init-5.38302546744032E-01 IR-5.07564070962935E-01 impC 3.30372159867254E-02 mP 6.88078562047214E-03 year-5.48601554518334E-06 sumLPAP 1.29809696191975E+00 harm
KEEPDBG accept 10 cc 6.63897280196528E-01 sumModel-2.76148482064380E+02 sumForcing-1.41219937717642E+03 sumM-3.90221307328360E-03 trend-6.31338316842798E-02 aero 0.00000000000000E+00 level 1.14144599260924E+02 k0 1.05328135915619E+02 init-1.81509782484231E+00 IR-3.33088244213102E-01 impC 2.73679234675135E-02 mP 9.59724356677358E-03 year-5.48601554518334E-06 sumLPAP 1.29809696191975E+00 harm
KEEPDBG accept 7 cc 6.61117090597806E-01 sumModel-2.47690301151423E+02 sumForcing 3.03604018888714E+01 sumM 5.00179634682814E-02 trend-6.04586586765186E-02 aero 0.00000000000000E+00 level-6.37524900323816E+04 k0 2.35236268470571E+07 init-2.28714384049503E+00 IR-4.61586698092194E-01 impC-1.03377889272759E-03 mP 7.40337748974203E-03 year-5.48601554518334E-06 sumLPAP 1.29809696191975E+00 harm
KEEPDBG accept 8 cc 6.80239028629009E-01 sumModel-3.13810138939796E+02 sumForcing-2.67738294414931E+02 sumM-4.93005441485906E-02 trend-1.34508055736684E-01 aero 0.00000000000000E+00 level 2.21651572380803E+02 k0-1.23582713899891E+03 init-1.61175982499512E+00 IR 1.00947432822315E-01 impC 7.63486983072207E-02 mP 6.59390967627705E-03 year-5.48601554518334E-06 sumLPAP 1.29809696191975E+00 harm
KEEPDBG accept 8 cc 6.80239028697515E-01 sumModel-3.13810138782257E+02 sumForcing-2.67738024075161E+02 sumM-4.93005441485906E-02 trend-1.34508055374969E-01 aero 0.00000000000000E+00 level 2.21651502252215E+02 k0-1.23583089822903E+03 init-1.61175982499512E+00 IR 1.00947432822315E-01 impC 7.63486983072207E-02 mP 6.59390967627705E-03 year-5.48601554518334E-06 sumLPAP 1.29809696191975E+00 harm
KEEPDBG accept 10 cc 6.63897522769715E-01 sumModel-2.76148517224462E+02 sumForcing-1.41219937717642E+03 sumM-4.32244229013544E-03 trend-6.31338963711047E-02 aero 0.00000000000000E+00 level 1.14502919273827E+02 k0 9.93766010059663E+01 init-1.81509782484231E+00 IR-3.33088244213102E-01 impC 2.73679234675135E-02 mP 9.59724356677358E-03 year-5.48601554518334E-06 sumLPAP 1.29809696191975E+00 harm
KEEPDBG accept 11 cc 6.69689331044738E-01 sumModel-2.60357942553743E+02 sumForcing 1.86843895409621E+01 sumM 5.10178186279512E-02 trend-7.86914841080509E-02 aero 0.00000000000000E+00 level 8.51936283584393E+05 k0-1.06296505287533E+07 init-1.43053019183858E+00 IR-4.06287362219621E-01 impC 2.01177699433575E-03 mP 5.46331048039516E-03 year-5.48601554518334E-06 sumLPAP 1.29809696191975E+00 harm
KEEPDBG accept 7 cc 6.61117095596798E-01 sumModel-2.47687762313180E+02 sumForcing 3.03604018888714E+01 sumM 5.00179634682814E-02 trend-6.04586586765186E-02 aero 0.00000000000000E+00 level-6.37524900323816E+04 k0 2.35236268470571E+07 init-2.28714384049503E+00 IR-4.61586698092194E-01 impC-1.02160485616584E-03 mP 7.40337748974203E-03 year-5.48601554518334E-06 sumLPAP 1.29809696191975E+00 harm
KEEPDBG accept 15 cc 6.52778861730080E-01 sumModel-2.35019563348328E+02 sumForcing 1.00865194674911E+01 sumM 6.61391672620197E-02 trend-6.17738866432822E-02 aero 0.00000000000000E+00 level 2.38183268447558E+04 k0-1.73553164875405E+05 init-1.59909993244017E+00 IR-5.08698659045829E-01 impC 2.04844233902719E-02 mP 5.54396121876823E-03 year-5.48601554518334E-06 sumLPAP 1.29809696191975E+00 harm
KEEPDBG accept 3 cc 6.68438199446939E-01 sumModel-3.20395432671007E+02 sumForcing-5.03084384274499E+03 sumM 1.21597896042420E-01 trend-9.93358037717436E-02 aero 0.00000000000000E+00 level 1.89103526758683E+02 k0 1.84472688059115E-01 init-2.42194189269063E+00 IR-2.21064687596490E-01 impC-1.35182541593178E-02 mP 5.81026243980101E-03 year-5.48601554518334E-06 sumLPAP 1.29809696191975E+00 harm
KEEPDBG accept 10 cc 6.63975392376474E-01 sumModel-2.76189149433654E+02 sumForcing-1.42006971537588E+03 sumM-4.32244229013544E-03 trend-6.32686167125008E-02 aero 0.00000000000000E+00 level 1.14837605741379E+02 k0 1.00477997140647E+02 init-1.81509782484231E+00 IR-3.33088244213102E-01 impC 2.73679234675135E-02 mP 9.59724356677358E-03 year-5.48601554518334E-06 sumLPAP 1.29809696191975E+00 harm
KEEPDBG accept 16 cc 6.61988431050986E-01 sumModel-2.49742287537396E+02 sumForcing 3.51386144378760E+02 sumM 5.13649446393504E-02 trend-6.62632330504526E-02 aero 0.00000000000000E+00 level-2.90922967292007E+03 k0 2.63954186531787E+04 init-1.36284130617344E+00 IR-4.72610527993182E-01 impC 2.50511713832994E-02 mP 6.40174098090565E-03 year-5.48601554518334E-06 sumLPAP 1.29809696191975E+00 harm
KEEPDBG accept 6 cc 6.67788239657522E-01 sumModel-2.31595373110903E+02 sumForcing 9.64406553206883E+02 sumM 4.54928776741058E-02 trend-6.30079725840158E-02 aero 0.00000000000000E+00 level 1.16784139033029E+02 k0 1.88072817688475E+01 init-2.77581629511024E+00 IR-4.57389790951429E-01 impC 2.79148127194107E-02 mP 5.55517765113865E-03 year-5.48601554518334E-06 sumLPAP 1.29809696191975E+00 harm
KEEPDBG accept 8 cc 6.80239029334584E-01 sumModel-3.13810139950674E+02 sumForcing-2.67738045862711E+02 sumM-4.93005441485906E-02 trend-1.34508057337081E-01 aero 0.00000000000000E+00 level 2.21651470413745E+02 k0-1.23583116793639E+03 init-1.61175982499512E+00 IR 1.00947432822315E-01 impC 7.63486983072207E-02 mP 6.59390967627705E-03 year-5.48601554518334E-06 sumLPAP 1.29809696191975E+00 harm
KEEPDBG accept 7 cc 6.64203169392562E-01 sumModel-2.53877026844171E+02 sumForcing 2.92496382398255E+01 sumM 5.37353122295428E-02 trend-6.28102337650460E-02 aero 0.00000000000000E+00 level-9.10356664932023E+04 k0 2.46755973044276E+07 init-2.28714384049503E+00 IR-4.61586698092194E-01 impC-1.02160485616584E-03 mP 7.40337748974203E-03 year-5.48601554518334E-06 sumLPAP 1.29809696191975E+00 harm
KEEPDBG accept 1 cc 6.67112164179743E-01 sumModel-2.30239948231478E+02 sumForcing 1.11304726079970E+02 sumM 4.46883976943730E-02 trend-5.58030525313828E-02 aero 0.00000000000000E+00 level 2.48189410525910E+03 k0 1.29319792933913E+05 init-2.00983306070103E-01 IR-5.10694791345592E-01 impC 3.14316985388197E-03 mP 5.52467076278122E-03 year-5.48601554518334E-06 sumLPAP 1.29809696191975E+00 harm
KEEPDBG accept 5 cc 6.32749975648798E-01 sumModel-2.41213188816527E+02 sumForcing 4.60838227748001E+02 sumM 4.85819142886055E-02 trend-5.13257513023566E-02 aero 0.00000000000000E+00 level 4.00890994360534E+02 k0-7.34735898196666E+02 init-1.60936106681275E+00 IR-4.59524851369546E-01 impC 2.78459996850036E-02 mP 5.63311270418530E-03 year-5.48601554518334E-06 sumLPAP 1.29809696191975E+00 harm
KEEPDBG accept 9 cc 6.36997242893919E-01 sumModel-2.23846439989662E+02 sumForcing 1.14707972472283E+02 sumM 4.75786432561298E-02 trend-4.58618651101016E-02 aero 0.00000000000000E+00 level 4.57837319272452E+03 k0-3.95214422069187E+04 init-1.62301170681743E+00 IR-5.09961984060828E-01 impC 1.97540682046053E-02 mP 5.46714401559274E-03 year-5.48601554518334E-06 sumLPAP 1.29809696191975E+00 harm
KEEPDBG accept 9 cc 6.36999734466268E-01 sumModel-2.30594330239356E+02 sumForcing 1.14707972472283E+02 sumM 4.75786432561298E-02 trend-4.58618651101016E-02 aero 0.00000000000000E+00 level 4.57837319272452E+03 k0-3.95214422069187E+04 init-1.62301170681743E+00 IR-5.09961984060828E-01 impC-1.17921865072989E-02 mP 5.46714401559274E-03 year-5.48601554518334E-06 sumLPAP 1.29809696191975E+00 harm
KEEPDBG accept 5 cc 6.32753010098480E-01 sumModel-2.41213744534222E+02 sumForcing 4.60851717463753E+02 sumM 4.85819142886055E-02 trend-5.13271656532033E-02 aero 0.00000000000000E+00 level 4.00878841169515E+02 k0-7.34611192557295E+02 init-1.60936106681275E+00 IR-4.59524851369546E-01 impC 2.78459996850036E-02 mP 5.63311270418530E-03 year-5.48601554518334E-06 sumLPAP 1.29809696191975E+00 harm
KEEPDBG accept 14 cc 6.60717672463664E-01 sumModel-2.19221288375176E+02 sumForcing 6.02364652308709E+00 sumM-4.33334437633455E-02 trend-5.22839451678054E-02 aero 0.00000000000000E+00 level 4.15499793026191E+04 k0-5.19787329753558E+04 init-3.31039538357950E-01 IR-5.07564070962935E-01 impC 3.30372159867254E-02 mP 6.88078562047214E-03 year-5.48601554518334E-06 sumLPAP 1.29809696191975E+00 harm
KEEPDBG accept 8 cc 6.80239029344622E-01 sumModel-3.13810139923249E+02 sumForcing-2.67738045753858E+02 sumM-4.93005441485906E-02 trend-1.34508057265257E-01 aero 0.00000000000000E+00 level 2.21651470565968E+02 k0-1.23583116546420E+03 init-1.61175982499512E+00 IR 1.00947432822315E-01 impC 7.63486983072207E-02 mP 6.59390967627705E-03 year-5.48601554518334E-06 sumLPAP 1.29809696191975E+00 harm
KEEPDBG accept 7 cc 6.64556028905702E-01 sumModel-2.53343232469339E+02 sumForcing 2.93426650221704E+01 sumM 5.37353122295428E-02 trend-6.29487568359959E-02 aero 0.00000000000000E+00 level-1.10177646272655E+05 k0 2.62439681344488E+07 init-2.28714384049503E+00 IR-4.61586698092194E-01 impC-1.02160485616584E-03 mP 7.40337748974203E-03 year-5.48601554518334E-06 sumLPAP 1.29809696191975E+00 harm
KEEPDBG accept 10 cc 6.63981427777156E-01 sumModel-2.78788470829262E+02 sumForcing-1.42006971537588E+03 sumM-4.32244229013544E-03 trend-6.44390182524733E-02 aero 0.00000000000000E+00 level 1.16539261307016E+02 k0 9.94208197401405E+01 init-1.81509782484231E+00 IR-3.22600169375836E-01 impC 2.73679234675135E-02 mP 9.59724356677358E-03 year-5.48601554518334E-06 sumLPAP 1.29809696191975E+00 harm
KEEPDBG accept 11 cc 6.69690401054134E-01 sumModel-2.60105108036048E+02 sumForcing 1.86843895409621E+01 sumM 5.10178186279512E-02 trend-7.86914841080509E-02 aero 0.00000000000000E+00 level 8.51936283584393E+05 k0-1.06296505287533E+07 init-1.43053019183858E+00 IR-4.06287362219621E-01 impC 3.28047555025816E-03 mP 5.46331048039516E-03 year-5.48601554518334E-06 sumLPAP 1.29809696191975E+00 harm
KEEPDBG accept 4 cc 6.58937043372822E-01 sumModel-2.57087186741882E+02 sumForcing 3.22635025269950E+02 sumM 4.87375916451787E-02 trend-6.86444685971287E-02 aero 0.00000000000000E+00 level-8.89172410734003E+02 k0 1.68661586717836E+04 init-1.59999205901810E+00 IR-4.45050895526315E-01 impC 2.44523792841071E-02 mP 6.28406654810643E-03 year-5.48601554518334E-06 sumLPAP 1.29809696191975E+00 harm
KEEPDBG accept 3 cc 6.68440785050638E-01 sumModel-3.20395120768155E+02 sumForcing-5.03092834894873E+03 sumM 1.21597896042420E-01 trend-9.93340727222187E-02 aero 0.00000000000000E+00 level 1.89100236096614E+02 k0 1.84462298616413E-01 init-2.42194189269063E+00 IR-2.21064687596490E-01 impC-1.35182541593178E-02 mP 5.81074686252464E-03 year-5.48601554518334E-06 sumLPAP 1.29809696191975E+00 harm
KEEPDBG accept 14 cc 6.60729594847259E-01 sumModel-2.23354802782257E+02 sumForcing 6.02364652308709E+00 sumM-4.33334437633455E-02 trend-5.22839451678054E-02 aero 0.00000000000000E+00 level 4.15499793026191E+04 k0-5.19787329753558E+04 init-3.31039538357950E-01 IR-5.07564070962935E-01 impC 1.38181912689939E-02 mP 6.88078562047214E-03 year-5.48601554518334E-06 sumLPAP 1.29809696191975E+00 harm
KEEPDBG accept 10 cc 6.63981535227187E-01 sumModel-2.78788623497669E+02 sumForcing-1.42007035637970E+03 sumM-4.32244229013544E-03 trend-6.44394026102606E-02 aero 0.00000000000000E+00 level 1.16539902448081E+02 k0 9.94208585085363E+01 init-1.81509782484231E+00 IR-3.22600169375836E-01 impC 2.73679234675135E-02 mP 9.59724356677358E-03 year-5.48601554518334E-06 sumLPAP 1.29809696191975E+00 harm
KEEPDBG accept 8 cc 6.80239029347996E-01 sumModel-3.13810139891541E+02 sumForcing-2.67738045753858E+02 sumM-4.93005711000974E-02 trend-1.34508057247927E-01 aero 0.00000000000000E+00 level 2.21651487218270E+02 k0-1.23583056623345E+03 init-1.61175982499512E+00 IR 1.00947432822315E-01 impC 7.63486983072207E-02 mP 6.59390967627705E-03 year-5.48601554518334E-06 sumLPAP 1.29809696191975E+00 harm
KEEPDBG accept 3 cc 6.68447906320512E-01 sumModel-3.20397869483350E+02 sumForcing-5.03092834894873E+03 sumM 1.21551250181979E-01 trend-9.93274997890257E-02 aero 0.00000000000000E+00 level 1.89088045090885E+02 k0 1.84357795816866E-01 init-2.42194189269063E+00 IR-2.21064687596490E-01 impC-1.35182541593178E-02 mP 5.81074686252464E-03 year-5.48601554518334E-06 sumLPAP 1.29809696191975E+00 harm
KEEPDBG accept 8 cc 6.80239031208461E-01 sumModel-3.13810140214714E+02 sumForcing-2.67738051832036E+02 sumM-4.93005711000974E-02 trend-1.34508058545166E-01 aero 0.00000000000000E+00 level 2.21651480984640E+02 k0-1.23583062885316E+03 init-1.61175982499512E+00 IR 1.00947432822315E-01 impC 7.63486983072207E-02 mP 6.59390967627705E-03 year-5.48601554518334E-06 sumLPAP 1.29809696191975E+00 harm
KEEPDBG accept 7 cc 6.64581321354738E-01 sumModel-2.51303405456489E+02 sumForcing 2.93441895041748E+01 sumM 5.37353122295428E-02 trend-6.29278830779765E-02 aero 0.00000000000000E+00 level-1.17828272669636E+05 k0 2.69523257436679E+07 init-2.28714384049503E+00 IR-4.61586698092194E-01 impC-1.02160485616584E-03 mP 7.40337748974203E-03 year-5.48601554518334E-06 sumLPAP 1.29809696191975E+00 harm
KEEPDBG accept 15 cc 6.57387252566859E-01 sumModel-2.33739888208124E+02 sumForcing 5.23499107598978E+01 sumM 6.61391672620197E-02 trend-6.06628467207171E-02 aero 0.00000000000000E+00 level 7.92515379341290E+03 k0 5.80770270723272E+05 init-1.59909993244017E+00 IR-5.08698659045829E-01 impC 2.04844233902719E-02 mP 5.54396121876823E-03 year-5.48601554518334E-06 sumLPAP 1.29809696191975E+00 harm
KEEPDBG accept 3 cc 6.68471139987721E-01 sumModel-3.20395069767485E+02 sumForcing-5.03168792692602E+03 sumM 1.21551250181979E-01 trend-9.93119131945665E-02 aero 0.00000000000000E+00 level 1.89058415058937E+02 k0 1.84264028478242E-01 init-2.42194189269063E+00 IR-2.21064687596490E-01 impC-1.35182541593178E-02 mP 5.81509848805608E-03 year-5.48601554518334E-06 sumLPAP 1.29809696191975E+00 harm
KEEPDBG accept 15 cc 6.57388261685609E-01 sumModel-2.33741527969644E+02 sumForcing 5.23499107598978E+01 sumM 6.90018054170770E-02 trend-6.06629807619410E-02 aero 0.00000000000000E+00 level 4.99821764445414E+03 k0 3.62776754079466E+05 init-1.59909993244017E+00 IR-5.08698659045829E-01 impC 2.04844233902719E-02 mP 5.54396121876823E-03 year-5.48601554518334E-06 sumLPAP 1.29809696191975E+00 harm
KEEPDBG accept 11 cc 6.70435282660243E-01 sumModel-2.75438222484853E+02 sumForcing 1.85864941156964E+01 sumM 5.10178186279512E-02 trend-7.83802247552129E-02 aero 0.00000000000000E+00 level 8.38840353294644E+05 k0-1.04854549986191E+07 init-1.43053019183858E+00 IR-4.06287362219621E-01 impC 3.28047555025816E-03 mP 5.46331048039516E-03 year-5.48601554518334E-06 sumLPAP 1.29809696191975E+00 harm
KEEPDBG accept 8 cc 6.80239040726273E-01 sumModel-3.13810125594076E+02 sumForcing-2.67738041682377E+02 sumM-4.93004565815177E-02 trend-1.34508000519950E-01 aero 0.00000000000000E+00 level 2.21651588553484E+02 k0-1.23582758734649E+03 init-1.61175982499512E+00 IR 1.00947432822315E-01 impC 7.63486983072207E-02 mP 6.59390967627705E-03 year-5.48601554518334E-06 sumLPAP 1.29809696191975E+00 harm
KEEPDBG accept 3 cc 6.68484240113298E-01 sumModel-3.20400743226746E+02 sumForcing-5.04845998982601E+03 sumM 1.21580590644408E-01 trend-9.93175382923256E-02 aero 0.00000000000000E+00 level 1.89072596702127E+02 k0 1.84383280738815E-01 init-2.42194189269063E+00 IR-2.21064687596490E-01 impC-1.35182541593178E-02 mP 5.81509848805608E-03 year-5.48601554518334E-06 sumLPAP 1.29809696191975E+00 harm
KEEPDBG accept 15 cc 6.57436002399332E-01 sumModel-2.33756999255105E+02 sumForcing 3.51331142736419E+01 sumM 6.90018054170770E-02 trend-6.06981265650873E-02 aero 0.00000000000000E+00 level 1.09140647799768E+04 k0 1.19931919175948E+06 init-1.59909993244017E+00 IR-5.08698659045829E-01 impC 2.04844233902719E-02 mP 5.54396121876823E-03 year-5.48601554518334E-06 sumLPAP 1.29809696191975E+00 harm
KEEPDBG accept 5 cc 6.32867643378676E-01 sumModel-2.41181408090009E+02 sumForcing 4.60851717463753E+02 sumM 7.45284854545841E-03 trend-5.13113423903345E-02 aero 0.00000000000000E+00 level 1.15241837245632E+02 k0-4.44912449809493E+01 init-1.60936106681275E+00 IR-4.59524851369546E-01 impC 2.78459996850036E-02 mP 5.63311270418530E-03 year-5.48601554518334E-06 sumLPAP 1.29809696191975E+00 harm
KEEPDBG accept 8 cc 6.80239040761738E-01 sumModel-3.13810125755715E+02 sumForcing-2.67738041364653E+02 sumM-4.93004565815177E-02 trend-1.34508000695416E-01 aero 0.00000000000000E+00 level 2.21651589354068E+02 k0-1.23582757990418E+03 init-1.61175982499512E+00 IR 1.00947432822315E-01 impC 7.63486983072207E-02 mP 6.59390967627705E-03 year-5.48601554518334E-06 sumLPAP 1.29809696191975E+00 harm
KEEPDBG accept 14 cc 6.60729967272272E-01 sumModel-2.23353653458578E+02 sumForcing 6.02364652308709E+00 sumM-5.02565264107291E-02 trend-5.22846608952425E-02 aero 0.00000000000000E+00 level 1.74318401928913E+04 k0-2.17802565448073E+04 init-3.31039538357950E-01 IR-5.07564070962935E-01 impC 1.38181912689939E-02 mP 6.88078562047214E-03 year-5.48601554518334E-06 sumLPAP 1.29809696191975E+00 harm
KEEPDBG accept 13 cc 6.21284194643568E-01 sumModel-2.03461798804302E+02 sumForcing 5.07173661554090E+01 sumM 4.90822362684516E-02 trend-4.07177441873465E-02 aero 0.00000000000000E+00 level 1.01342777030861E+04 k0-5.52578500741601E+05 init-1.66138086652861E+00 IR-5.24944046054444E-01 impC 3.12606413592430E-02 mP 5.54871041063005E-03 year-5.48601554518334E-06 sumLPAP 1.29809696191975E+00 harm
KEEPDBG accept 14 cc 6.60729985456814E-01 sumModel-2.23353560362674E+02 sumForcing 6.02364652308709E+00 sumM-6.02055415100909E-02 trend-5.22846857398176E-02 aero 0.00000000000000E+00 level 7.72266704569435E+03 k0-9.56746526256524E+03 init-3.31039538357950E-01 IR-5.07564070962935E-01 impC 1.38181912689939E-02 mP 6.88078562047214E-03 year-5.48601554518334E-06 sumLPAP 1.29809696191975E+00 harm
KEEPDBG accept 8 cc 6.80239044793983E-01 sumModel-3.13810137942415E+02 sumForcing-2.67738041364653E+02 sumM-4.93004565815177E-02 trend-1.34507981496610E-01 aero 0.00000000000000E+00 level 2.21651555904123E+02 k0-1.23582742443072E+03 init-1.61175982499512E+00 IR 1.00947273731530E-01 impC 7.63486983072207E-02 mP 6.59390967627705E-03 year-5.48601554518334E-06 sumLPAP 1.29809696191975E+00 harm
KEEPDBG accept 4 cc 6.58937686205867E-01 sumModel-2.57356241278139E+02 sumForcing 3.22635025269950E+02 sumM 4.87375916451787E-02 trend-6.86444685971287E-02 aero 0.00000000000000E+00 level-8.89172410734003E+02 k0 1.68661586717836E+04 init-1.59999205901810E+00 IR-4.45050895526315E-01 impC 2.31475385742827E-02 mP 6.28406654810643E-03 year-5.48601554518334E-06 sumLPAP 1.29809696191975E+00 harm
KEEPDBG accept 8 cc 6.80239045623221E-01 sumModel-3.13810100840929E+02 sumForcing-2.67738098504084E+02 sumM-4.93004565815177E-02 trend-1.34508027416071E-01 aero 0.00000000000000E+00 level 2.21651594549404E+02 k0-1.23582817528272E+03 init-1.61175982499512E+00 IR 1.00947273731530E-01 impC 7.63486983072207E-02 mP 6.59390967627705E-03 year-5.48601554518334E-06 sumLPAP 1.29809696191975E+00 harm
KEEPDBG accept 10 cc 6.64180332284317E-01 sumModel-2.78899852510542E+02 sumForcing-1.44062274104802E+03 sumM-4.32244229013544E-03 trend-6.48069244817498E-02 aero 0.00000000000000E+00 level 1.17459578600445E+02 k0 1.02331991607894E+02 init-1.81509782484231E+00 IR-3.22600169375836E-01 impC 2.73679234675135E-02 mP 9.59724356677358E-03 year-5.48601554518334E-06 sumLPAP 1.29809696191975E+00 harm
KEEPDBG accept 4 cc 6.58947679667978E-01 sumModel-2.57360221482543E+02 sumForcing 3.16550983269343E+02 sumM 4.87375916451787E-02 trend-6.86507185945509E-02 aero 0.00000000000000E+00 level-9.28702348285827E+02 k0 1.78512900754977E+04 init-1.59999205901810E+00 IR-4.45050895526315E-01 impC 2.31475385742827E-02 mP 6.28406654810643E-03 year-5.48601554518334E-06 sumLPAP 1.29809696191975E+00 harm
KEEPDBG accept 3 cc 6.68553703296999E-01 sumModel-3.20398578462362E+02 sumForcing-5.05360565583937E+03 sumM 1.21580590644408E-01 trend-9.93350408896024E-02 aero 0.00000000000000E+00 level 1.89107021201886E+02 k0 1.84417512338388E-01 init-2.42194189269063E+00 IR-2.21064687596490E-01 impC-1.35182541593178E-02 mP 5.81509848805608E-03 year-5.48601554518334E-06 sumLPAP 1.29809696191975E+00 harm
KEEPDBG accept 3 cc 6.68716169454950E-01 sumModel-3.20379036583505E+02 sumForcing-5.05890788671411E+03 sumM 1.21580590644408E-01 trend-9.92276308520521E-02 aero 0.00000000000000E+00 level 1.88902858762591E+02 k0 1.83755832510134E-01 init-2.42194189269063E+00 IR-2.21064687596490E-01 impC-1.35182541593178E-02 mP 5.84547146574705E-03 year-5.48601554518334E-06 sumLPAP 1.29809696191975E+00 harm
KEEPDBG accept 4 cc 6.58959576140435E-01 sumModel-2.57359891268598E+02 sumForcing 3.18643043236319E+02 sumM 4.88024352139178E-02 trend-6.86540194252142E-02 aero 0.00000000000000E+00 level-9.92384034219755E+02 k0 1.81909282699561E+04 init-1.59999205901810E+00 IR-4.45050895526315E-01 impC 2.31475385742827E-02 mP 6.28406654810643E-03 year-5.48601554518334E-06 sumLPAP 1.29809696191975E+00 harm
KEEPDBG accept 3 cc 6.68720764225630E-01 sumModel-3.20372912358284E+02 sumForcing-5.06024855760517E+03 sumM 1.21580590644408E-01 trend-9.91972661209153E-02 aero 0.00000000000000E+00 level 1.88844980522679E+02 k0 1.83560851035869E-01 init-2.42194189269063E+00 IR-2.21064687596490E-01 impC-1.35182541593178E-02 mP 5.84547146574705E-03 year-5.48601554518334E-06 sumLPAP 1.29809696191975E+00 harm
KEEPDBG accept 16 cc 6.62006499985491E-01 sumModel-2.49738114524519E+02 sumForcing 3.57863577358291E+02 sumM 5.15933150049779E-02 trend-6.62689369207998E-02 aero 0.00000000000000E+00 level-3.29540416950196E+03 k0 2.81663851330193E+04 init-1.36284130617344E+00 IR-4.72610527993182E-01 impC 2.50511713832994E-02 mP 6.40174098090565E-03 year-5.48601554518334E-06 sumLPAP 1.29809696191975E+00 harm
KEEPDBG accept 3 cc 6.68731138280646E-01 sumModel-3.20487369902718E+02 sumForcing-5.06024855760517E+03 sumM 1.21580590644408E-01 trend-9.92817963833637E-02 aero 0.00000000000000E+00 level 1.89005937685028E+02 k0 1.83666349340351E-01 init-2.42194189269063E+00 IR-2.20351074885485E-01 impC-1.35182541593178E-02 mP 5.84547146574705E-03 year-5.48601554518334E-06 sumLPAP 1.29809696191975E+00 harm
KEEPDBG accept 10 cc 6.64350012811974E-01 sumModel-2.78432064478541E+02 sumForcing-1.41662165835297E+03 sumM-4.32244229013544E-03 trend-6.53307811027559E-02 aero 0.00000000000000E+00 level 1.19906103367200E+02 k0 9.64062111169570E+01 init-1.81509782484231E+00 IR-3.22600169375836E-01 impC 2.73679234675135E-02 mP 9.59724356677358E-03 year-5.48601554518334E-06 sumLPAP 1.29809696191975E+00 harm
KEEPDBG accept 14 cc 6.61145848054792E-01 sumModel-2.24152400693837E+02 sumForcing 6.20939830065608E+00 sumM-6.02055415100909E-02 trend-5.33716861477971E-02 aero 0.00000000000000E+00 level 7.97014862305285E+03 k0 5.01413724225765E+03 init-6.68494015190615E-02 IR-5.07564070962935E-01 impC 1.38181912689939E-02 mP 6.88078562047214E-03 year-5.48601554518334E-06 sumLPAP 1.29809696191975E+00 harm
KEEPDBG accept 1 cc 6.67112202697002E-01 sumModel-2.30212648713924E+02 sumForcing 1.11304726079970E+02 sumM 4.46883976943730E-02 trend-5.58030525313828E-02 aero 0.00000000000000E+00 level 2.48189410525910E+03 k0 1.29319792933913E+05 init-2.00983306070103E-01 IR-5.10694791345592E-01 impC 3.26983878132790E-03 mP 5.52467076278122E-03 year-5.48601554518334E-06 sumLPAP 1.29809696191975E+00 harm
KEEPDBG accept 3 cc 6.68752857221832E-01 sumModel-3.20485090740782E+02 sumForcing-5.06084114368641E+03 sumM 1.21580590644408E-01 trend-9.92718088972664E-02 aero 0.00000000000000E+00 level 1.88986961765254E+02 k0 1.83605940834489E-01 init-2.42194189269063E+00 IR-2.20351074885485E-01 impC-1.35182541593178E-02 mP 5.84547146574705E-03 year-5.48601554518334E-06 sumLPAP 1.29809696191975E+00 harm
KEEPDBG accept 3 cc 6.68998389720532E-01 sumModel-3.20455413336688E+02 sumForcing-5.06902917726354E+03 sumM 1.21580590644408E-01 trend-9.91033808129971E-02 aero 0.00000000000000E+00 level 1.88666832474805E+02 k0 1.82563365942362E-01 init-2.42194189269063E+00 IR-2.20351074885485E-01 impC-1.35182541593178E-02 mP 5.89181879777440E-03 year-5.48601554518334E-06 sumLPAP 1.29809696191975E+00 harm
KEEPDBG accept 3 cc 6.68998389833843E-01 sumModel-3.20455413211935E+02 sumForcing-5.06902912683233E+03 sumM 1.21580590644408E-01 trend-9.91033800032309E-02 aero 0.00000000000000E+00 level 1.88666830911233E+02 k0 1.82563361769861E-01 init-2.42194189269063E+00 IR-2.20351074885485E-01 impC-1.35182541593178E-02 mP 5.89181879777440E-03 year-5.48601554518334E-06 sumLPAP 1.29809696191975E+00 harm
KEEPDBG accept 8 cc 6.80239061353340E-01 sumModel-3.13810084051332E+02 sumForcing-2.67737971580707E+02 sumM-4.93004565815177E-02 trend-1.34507987251546E-01 aero 0.00000000000000E+00 level 2.21651718919208E+02 k0-1.23582700438561E+03 init-1.61175542180451E+00 IR 1.00947273731530E-01 impC 7.63486983072207E-02 mP 6.59390967627705E-03 year-5.48601554518334E-06 sumLPAP 1.29809696191975E+00 harm
KEEPDBG accept 7 cc 6.64597052737908E-01 sumModel-2.52236468509022E+02 sumForcing 2.95958336181689E+01 sumM 5.37353122295428E-02 trend-6.35170397260374E-02 aero 0.00000000000000E+00 level-1.04657112249054E+05 k0 2.48861259783367E+07 init-2.28714384049503E+00 IR-4.61586698092194E-01 impC-1.02160485616584E-03 mP 7.40337748974203E-03 year-5.48601554518334E-06 sumLPAP 1.29809696191975E+00 harm
KEEPDBG accept 3 cc 6.69119193042143E-01 sumModel-3.20450388660794E+02 sumForcing-5.07770012883668E+03 sumM 1.21580590644408E-01 trend-9.91420065225651E-02 aero 0.00000000000000E+00 level 1.88742326168907E+02 k0 1.82625973219331E-01 init-2.42194189269063E+00 IR-2.20351074885485E-01 impC-1.35182541593178E-02 mP 5.89181879777440E-03 year-5.48601554518334E-06 sumLPAP 1.29809696191975E+00 harm
KEEPDBG accept 3 cc 6.69137109387661E-01 sumModel-3.20649262851896E+02 sumForcing-5.07770012883668E+03 sumM 1.21580590644408E-01 trend-9.92895956293657E-02 aero 0.00000000000000E+00 level 1.89023356895790E+02 k0 1.82809508363570E-01 init-2.42194189269063E+00 IR-2.19104234518974E-01 impC-1.35182541593178E-02 mP 5.89181879777440E-03 year-5.48601554518334E-06 sumLPAP 1.29809696191975E+00 harm
KEEPDBG accept 16 cc 6.62101911093004E-01 sumModel-2.49721575323192E+02 sumForcing 4.03634283381115E+02 sumM 5.32148978174557E-02 trend-6.63021188459783E-02 aero 0.00000000000000E+00 level-7.40953217544469E+03 k0 4.56584173548799E+04 init-1.36284130617344E+00 IR-4.72610527993182E-01 impC 2.50511713832994E-02 mP 6.40174098090565E-03 year-5.48601554518334E-06 sumLPAP 1.29809696191975E+00 harm
KEEPDBG accept 16 cc 6.63194118838592E-01 sumModel-2.45041326280397E+02 sumForcing 4.13881292951016E+02 sumM 5.32148978174557E-02 trend-6.39305005993353E-02 aero 0.00000000000000E+00 level-1.00765816102024E+04 k0 6.37897976339611E+04 init-1.36284130617344E+00 IR-4.72610527993182E-01 impC 2.50511713832994E-02 mP 6.82345000013191E-03 year-5.48601554518334E-06 sumLPAP 1.29809696191975E+00 harm
KEEPDBG accept 5 cc 6.32993445423499E-01 sumModel-2.41145610432620E+02 sumForcing 6.57759173645544E+02 sumM 7.45284854545841E-03 trend-5.12939187480586E-02 aero 0.00000000000000E+00 level 1.05875435271213E+02 k0-1.53725642424645E+01 init-1.60936106681275E+00 IR-4.59524851369546E-01 impC 2.78459996850036E-02 mP 5.63311270418530E-03 year-5.48601554518334E-06 sumLPAP 1.29809696191975E+00 harm
KEEPDBG accept 10 cc 6.64350037970849E-01 sumModel-2.78432067682517E+02 sumForcing-1.41662165835297E+03 sumM-4.37099797941794E-03 trend-6.53307901153834E-02 aero 0.00000000000000E+00 level 1.19937539357658E+02 k0 9.57712735509907E+01 init-1.81509782484231E+00 IR-3.22600169375836E-01 impC 2.73679234675135E-02 mP 9.59724356677358E-03 year-5.48601554518334E-06 sumLPAP 1.29809696191975E+00 harm
KEEPDBG accept 16 cc 6.63195428889579E-01 sumModel-2.45037481402021E+02 sumForcing 4.13881263467295E+02 sumM 5.32148978174557E-02 trend-6.39308645577460E-02 aero 0.00000000000000E+00 level-1.00790812789862E+04 k0 6.38031217040616E+04 init-1.36284130617344E+00 IR-4.72610527993182E-01 impC 2.50511713832994E-02 mP 6.82345000013191E-03 year-5.48601554518334E-06 sumLPAP 1.29809696191975E+00 harm
KEEPDBG accept 11 cc 6.71862920710366E-01 sumModel-3.01516873821368E+02 sumForcing 1.85864941156964E+01 sumM 5.10178186279512E-02 trend-9.12570105570785E-02 aero 0.00000000000000E+00 level 9.63078050200443E+05 k0-7.92061276751858E+06 init-1.43053019183858E+00 IR-3.04924751828780E-01 impC 3.28047555025816E-03 mP 5.46331048039516E-03 year-5.48601554518334E-06 sumLPAP 1.29809696191975E+00 harm
KEEPDBG accept 14 cc 6.64093273290406E-01 sumModel-2.33259206857655E+02 sumForcing 1.10701072243754E+01 sumM-6.02055415100909E-02 trend-6.12700480764760E-02 aero 0.00000000000000E+00 level 1.02680270300511E+04 k0 7.61420625925443E+04 init-6.68494015190615E-02 IR-5.07564070962935E-01 impC 1.38181912689939E-02 mP 6.88078562047214E-03 year-5.48601554518334E-06 sumLPAP 1.29809696191975E+00 harm
KEEPDBG accept 10 cc 6.64353134531744E-01 sumModel-2.77751504843463E+02 sumForcing-1.48469582927136E+03 sumM-4.37099797941794E-03 trend-6.29100034620048E-02 aero 0.00000000000000E+00 level 1.15800259137124E+02 k0 1.06637235555218E+02 init-1.81509782484231E+00 IR-3.22600169375836E-01 impC 2.73679234675135E-02 mP 9.59724356677358E-03 year-5.48601554518334E-06 sumLPAP 1.29809696191975E+00 harm
KEEPDBG accept 4 cc 6.59264353100203E-01 sumModel-2.57397585909994E+02 sumForcing 3.27208303768977E+02 sumM 4.88024352139178E-02 trend-6.87435196650828E-02 aero 0.00000000000000E+00 level-1.14456876842143E+03 k0 1.86560279320157E+04 init-1.59999205901810E+00 IR-4.45050895526315E-01 impC 2.31475385742827E-02 mP 6.28406654810643E-03 year-5.48601554518334E-06 sumLPAP 1.29809696191975E+00 harm
KEEPDBG accept 14 cc 6.64093381166677E-01 sumModel-2.33262648165951E+02 sumForcing 1.10703963761749E+01 sumM-6.02055415100909E-02 trend-6.12727021804890E-02 aero 0.00000000000000E+00 level 1.02688981698020E+04 k0 7.61716517123885E+04 init-6.68494015190615E-02 IR-5.07564070962935E-01 impC 1.38181912689939E-02 mP 6.88078562047214E-03 year-5.48601554518334E-06 sumLPAP 1.29809696191975E+00 harm
KEEPDBG accept 15 cc 6.57918024522705E-01 sumModel-2.33278531041357E+02 sumForcing 3.61698933079541E+01 sumM 6.90018054170770E-02 trend-5.93891552893113E-02 aero 0.00000000000000E+00 level 1.56407365317295E+04 k0 8.29084445769924E+05 init-1.59909993244017E+00 IR-5.08698659045829E-01 impC 2.04844233902719E-02 mP 5.54396121876823E-03 year-5.48601554518334E-06 sumLPAP 1.29809696191975E+00 harm
KEEPDBG accept 14 cc 6.64194454741504E-01 sumModel-2.33073545346651E+02 sumForcing 1.10675731125794E+01 sumM-6.02055415100909E-02 trend-6.11555806594473E-02 aero 0.00000000000000E+00 level 1.02475738155003E+04 k0 7.63549207973792E+04 init-6.68494015190615E-02 IR-5.07564070962935E-01 impC 1.38181912689939E-02 mP 6.88078562047214E-03 year-5.48601554518334E-06 sumLPAP 1.29809696191975E+00 harm
KEEPDBG accept 7 cc 6.64916921744509E-01 sumModel-2.51520595001531E+02 sumForcing 2.95875667935639E+01 sumM 5.37353122295428E-02 trend-6.34226068053517E-02 aero 0.00000000000000E+00 level-1.31715339040193E+05 k0 2.74783281652335E+07 init-2.28714384049503E+00 IR-4.61586698092194E-01 impC-1.02160485616584E-03 mP 7.40337748974203E-03 year-5.48601554518334E-06 sumLPAP 1.29809696191975E+00 harm
KEEPDBG accept 8 cc 6.80239061357476E-01 sumModel-3.13810084041249E+02 sumForcing-2.67737971580707E+02 sumM-4.93004767173880E-02 trend-1.34507987230878E-01 aero 0.00000000000000E+00 level 2.21651731259273E+02 k0-1.23582655794688E+03 init-1.61175542180451E+00 IR 1.00947273731530E-01 impC 7.63486983072207E-02 mP 6.59390967627705E-03 year-5.48601554518334E-06 sumLPAP 1.29809696191975E+00 harm
KEEPDBG accept 8 cc 6.80239077961356E-01 sumModel-3.13810058552855E+02 sumForcing-2.67737953877296E+02 sumM-4.93002769093101E-02 trend-1.34507885991083E-01 aero 0.00000000000000E+00 level 2.21651918900648E+02 k0-1.23582125198404E+03 init-1.61175542180451E+00 IR 1.00947273731530E-01 impC 7.63486983072207E-02 mP 6.59390967627705E-03 year-5.48601554518334E-06 sumLPAP 1.29809696191975E+00 harm
KEEPDBG accept 9 cc 6.73664171800885E-01 sumModel-2.05650312640703E+02 sumForcing 2.03435851580417E+02 sumM-1.95349858150251E-02 trend-1.89424089141671E-03 aero 0.00000000000000E+00 level-1.56002272319830E+04 k0 1.20605115147737E+05 init-1.62301170681743E+00 IR-5.09961984060828E-01 impC-1.17921865072989E-02 mP 5.46714401559274E-03 year-5.48601554518334E-06 sumLPAP 1.29809696191975E+00 harm
KEEPDBG accept 4 cc 6.59264801152208E-01 sumModel-2.57596926910506E+02 sumForcing 3.27208303768977E+02 sumM 4.88024352139178E-02 trend-6.87435196650828E-02 aero 0.00000000000000E+00 level-1.14456876842143E+03 k0 1.86560279320157E+04 init-1.59999205901810E+00 IR-4.45050895526315E-01 impC 2.21807893931563E-02 mP 6.28406654810643E-03 year-5.48601554518334E-06 sumLPAP 1.29809696191975E+00 harm
KEEPDBG accept 12 cc 6.20990279366881E-01 sumModel-2.02241098434791E+02 sumForcing 1.47652517560674E+02 sumM 4.98606100305323E-02 trend-4.03251894664481E-02 aero 0.00000000000000E+00 level 1.38696031512182E+03 k0-2.46813198198662E+04 init-1.56853260535368E+00 IR-5.28408080968041E-01 impC 3.03380860344663E-02 mP 5.74583842277616E-03 year-5.48601554518334E-06 sumLPAP 1.29809696191975E+00 harm
KEEPDBG accept 1 cc 6.67114694892189E-01 sumModel-2.30213058024466E+02 sumForcing 1.11305429495552E+02 sumM 4.46883976943730E-02 trend-5.58048355272158E-02 aero 0.00000000000000E+00 level 2.48159547513533E+03 k0 1.29314746339943E+05 init-2.00983306070103E-01 IR-5.10694791345592E-01 impC 3.26983878132790E-03 mP 5.52467076278122E-03 year-5.48601554518334E-06 sumLPAP 1.29809696191975E+00 harm
KEEPDBG accept 11 cc 6.71973139560235E-01 sumModel-2.95630605198429E+02 sumForcing 1.83741014779651E+01 sumM 5.10178186279512E-02 trend-9.10727121840742E-02 aero 0.00000000000000E+00 level 8.79874031774001E+05 k0 3.10705901864758E+06 init-1.43053019183858E+00 IR-3.04924751828780E-01 impC 3.28047555025816E-03 mP 5.46331048039516E-03 year-5.48601554518334E-06 sumLPAP 1.29809696191975E+00 harm
KEEPDBG accept 6 cc 6.67788371004625E-01 sumModel-2.31595095615764E+02 sumForcing 9.64387122516865E+02 sumM 4.54928776741058E-02 trend-6.30077578668177E-02 aero 0.00000000000000E+00 level 1.16784447364635E+02 k0 1.88067865525633E+01 init-2.77581629511024E+00 IR-4.57389790951429E-01 impC 2.79148127194107E-02 mP 5.55517765113865E-03 year-5.48601554518334E-06 sumLPAP 1.29809696191975E+00 harm
KEEPDBG accept 8 cc 6.80239080222509E-01 sumModel-3.13810065386803E+02 sumForcing-2.67737953877296E+02 sumM-4.93002769093101E-02 trend-1.34507875224926E-01 aero 0.00000000000000E+00 level 2.21651900142821E+02 k0-1.23582116479907E+03 init-1.61175542180451E+00 IR 1.00947184517780E-01 impC 7.63486983072207E-02 mP 6.59390967627705E-03 year-5.48601554518334E-06 sumLPAP 1.29809696191975E+00 harm
KEEPDBG accept 14 cc 6.64194525752033E-01 sumModel-2.33074201964218E+02 sumForcing 1.10675731125794E+01 sumM-7.54821775271126E-02 trend-6.11555293688667E-02 aero 0.00000000000000E+00 level 4.51766772003512E+03 k0 3.31602049493672E+04 init-6.68494015190615E-02 IR-5.07564070962935E-01 impC 1.38181912689939E-02 mP 6.88078562047214E-03 year-5.48601554518334E-06 sumLPAP 1.29809696191975E+00 harm
KEEPDBG accept 8 cc 6.80239091614231E-01 sumModel-3.13810067155948E+02 sumForcing-2.67737991046834E+02 sumM-4.93002769093101E-02 trend-1.34507882949815E-01 aero 0.00000000000000E+00 level 2.21651860697618E+02 k0-1.23582156407597E+03 init-1.61175542180451E+00 IR 1.00947184517780E-01 impC 7.63486983072207E-02 mP 6.59390967627705E-03 year-5.48601554518334E-06 sumLPAP 1.29809696191975E+00 harm
KEEPDBG accept 9 cc 6.73670150388484E-01 sumModel-2.04748865330181E+02 sumForcing 2.03435851580417E+02 sumM-1.95349858150251E-02 trend-1.89424089141671E-03 aero 0.00000000000000E+00 level-1.56002272319830E+04 k0 1.20605115147737E+05 init-1.62301170681743E+00 IR-5.09961984060828E-01 impC-7.57793799186554E-03 mP 5.46714401559274E-03 year-5.48601554518334E-06 sumLPAP 1.29809696191975E+00 harm
KEEPDBG accept 14 cc 6.64644630224952E-01 sumModel-2.34773386297424E+02 sumForcing 1.18785362673144E+01 sumM-7.54821775271126E-02 trend-6.23624438818342E-02 aero 0.00000000000000E+00 level 4.72822204520360E+03 k0 3.78837580547396E+04 init-6.68494015190615E-02 IR-5.07564070962935E-01 impC 1.38181912689939E-02 mP 6.88078562047214E-03 year-5.48601554518334E-06 sumLPAP 1.29809696191975E+00 harm
KEEPDBG accept 4 cc 6.59289371857085E-01 sumModel-2.57595594114141E+02 sumForcing 3.27178497215994E+02 sumM 4.88232797750969E-02 trend-6.87596028979536E-02 aero 0.00000000000000E+00 level-1.15458806040881E+03 k0 1.87238954083149E+04 init-1.59999205901810E+00 IR-4.45050895526315E-01 impC 2.21807893931563E-02 mP 6.28406654810643E-03 year-5.48601554518334E-06 sumLPAP 1.29809696191975E+00 harm
KEEPDBG accept 8 cc 6.80239099750524E-01 sumModel-3.13810058400926E+02 sumForcing-2.67737925407853E+02 sumM-4.93002769093101E-02 trend-1.34507862183030E-01 aero 0.00000000000000E+00 level 2.21651924929304E+02 k0-1.23582096008528E+03 init-1.61175314466767E+00 IR 1.00947184517780E-01 impC 7.63486983072207E-02 mP 6.59390967627705E-03 year-5.48601554518334E-06 sumLPAP 1.29809696191975E+00 harm
KEEPDBG accept 11 cc 6.77204398517488E-01 sumModel-2.84528343632798E+02 sumForcing 2.32045224770832E+01 sumM 5.10178186279512E-02 trend-8.82912292438209E-02 aero 0.00000000000000E+00 level 3.95513097571458E+05 k0 5.15468730314766E+07 init-1.43053019183858E+00 IR-3.04924751828780E-01 impC 3.28047555025816E-03 mP 5.46331048039516E-03 year-5.48601554518334E-06 sumLPAP 1.29809696191975E+00 harm
KEEPDBG accept 15 cc 6.57992757446674E-01 sumModel-2.33305517385153E+02 sumForcing 3.61636539278179E+01 sumM 6.90018054170770E-02 trend-5.94401100280715E-02 aero 0.00000000000000E+00 level 1.55764072223232E+04 k0 8.26509797799850E+05 init-1.59909993244017E+00 IR-5.08698659045829E-01 impC 2.04844233902719E-02 mP 5.54396121876823E-03 year-5.48601554518334E-06 sumLPAP 1.29809696191975E+00 harm
KEEPDBG accept 5 cc 6.39547521226823E-01 sumModel-2.55414684183763E+02 sumForcing 6.39648392814247E+02 sumM 7.45284854545841E-03 trend-6.27300178160923E-02 aero 0.00000000000000E+00 level 1.25442746973132E+02 k0-3.98347513024765E+00 init-1.60936106681275E+00 IR-4.59524851369546E-01 impC 2.78459996850036E-02 mP 5.63311270418530E-03 year-5.48601554518334E-06 sumLPAP 1.29809696191975E+00 harm
KEEPDBG accept 10 cc 6.64353667171194E-01 sumModel-2.77751843492769E+02 sumForcing-1.53751513992211E+03 sumM-4.37099797941794E-03 trend-6.29108391241498E-02 aero 0.00000000000000E+00 level 1.16091758478288E+02 k0 9.60676542794039E+01 init-1.81509782484231E+00 IR-3.22600169375836E-01 impC 2.73679234675135E-02 mP 9.59724356677358E-03 year-5.48601554518334E-06 sumLPAP 1.29809696191975E+00 harm
KEEPDBG accept 7 cc 6.64967924316170E-01 sumModel-2.51218627431272E+02 sumForcing 2.95875667935639E+01 sumM 5.31736006831722E-02 trend-6.33982053917691E-02 aero 0.00000000000000E+00 level-1.25750188704217E+05 k0 2.55429158911995E+07 init-2.28714384049503E+00 IR-4.61586698092194E-01 impC-1.02160485616584E-03 mP 7.40337748974203E-03 year-5.48601554518334E-06 sumLPAP 1.29809696191975E+00 harm
KEEPDBG accept 3 cc 6.69784917087143E-01 sumModel-3.20902951814861E+02 sumForcing-5.07770012883668E+03 sumM 1.16995820086309E-01 trend-9.87467366483223E-02 aero 0.00000000000000E+00 level 1.88030483961053E+02 k0 1.70999484524886E-01 init-2.42194189269063E+00 IR-2.19104234518974E-01 impC-1.35182541593178E-02 mP 5.89181879777440E-03 year-5.48601554518334E-06 sumLPAP 1.29809696191975E+00 harm
KEEPDBG accept 8 cc 6.80239126937935E-01 sumModel-3.13810066889124E+02 sumForcing-2.67738049504238E+02 sumM-4.93002769093101E-02 trend-1.34507883098840E-01 aero 0.00000000000000E+00 level 2.21651780172512E+02 k0-1.23582231313673E+03 init-1.61175314466767E+00 IR 1.00947184517780E-01 impC 7.63486983072207E-02 mP 6.59391913778127E-03 year-5.48601554518334E-06 sumLPAP 1.29809696191975E+00 harm
KEEPDBG accept 9 cc 6.73670360275101E-01 sumModel-2.04745958271962E+02 sumForcing 2.03435851580417E+02 sumM-1.63224170716808E-02 trend-1.89416157642663E-03 aero 0.00000000000000E+00 level-2.59460932039739E+04 k0 2.00568056054674E+05 init-1.62301170681743E+00 IR-5.09961984060828E-01 impC-7.57793799186554E-03 mP 5.46714401559274E-03 year-5.48601554518334E-06 sumLPAP 1.29809696191975E+00 harm
KEEPDBG accept 8 cc 6.80239127492518E-01 sumModel-3.13810066071625E+02 sumForcing-2.67738048906178E+02 sumM-4.93002701583755E-02 trend-1.34507879732519E-01 aero 0.00000000000000E+00 level 2.21651786961662E+02 k0-1.23582212866525E+03 init-1.61175314466767E+00 IR 1.00947184517780E-01 impC 7.63486983072207E-02 mP 6.59391913778127E-03 year-5.48601554518334E-06 sumLPAP 1.29809696191975E+00 harm
KEEPDBG accept 10 cc 6.64353891326123E-01 sumModel-2.77810305367565E+02 sumForcing-1.53751513992211E+03 sumM-4.37099797941794E-03 trend-6.29108391241498E-02 aero 0.00000000000000E+00 level 1.16091758478288E+02 k0 9.60676542794039E+01 init-1.81509782484231E+00 IR-3.22600169375836E-01 impC 2.70582888345151E-02 mP 9.59724356677358E-03 year-5.48601554518334E-06 sumLPAP 1.29809696191975E+00 harm
KEEPDBG accept 5 cc 6.40563995430075E-01 sumModel-2.53129983916883E+02 sumForcing 5.84924611142273E+02 sumM 7.45284854545841E-03 trend-6.53758326963725E-02 aero 0.00000000000000E+00 level 1.30515818248647E+02 k0-7.73899385859928E+00 init-1.60936106681275E+00 IR-4.59524851369546E-01 impC 2.78459996850036E-02 mP 5.63311270418530E-03 year-5.48601554518334E-06 sumLPAP 1.29809696191975E+00 harm
KEEPDBG accept 9 cc 6.78160214602777E-01 sumModel-2.07764576852263E+02 sumForcing 2.14921169321073E+02 sumM-1.63224170716808E-02 trend-6.23394261817119E-03 aero 0.00000000000000E+00 level-2.64292764048750E+04 k0 1.95128398167641E+05 init-1.62301170681743E+00 IR-5.09961984060828E-01 impC-7.57793799186554E-03 mP 5.46714401559274E-03 year-5.48601554518334E-06 sumLPAP 1.29809696191975E+00 harm
KEEPDBG accept 3 cc 6.70971594940141E-01 sumModel-3.20764026237951E+02 sumForcing-5.11664675307159E+03 sumM 1.16995820086309E-01 trend-9.78992960537436E-02 aero 0.00000000000000E+00 level 1.86417873989645E+02 k0 1.64161702500730E-01 init-2.42194189269063E+00 IR-2.19104234518974E-01 impC-1.35182541593178E-02 mP 6.10643913154452E-03 year-5.48601554518334E-06 sumLPAP 1.29809696191975E+00 harm
KEEPDBG accept 9 cc 6.80138499652220E-01 sumModel-2.02318890324173E+02 sumForcing 2.22478683875612E+02 sumM-1.63224170716808E-02 trend-5.65540149785425E-04 aero 0.00000000000000E+00 level-3.55680628888735E+04 k0 2.56558451348206E+05 init-1.62301170681743E+00 IR-5.09961984060828E-01 impC-7.57793799186554E-03 mP 5.46714401559274E-03 year-5.48601554518334E-06 sumLPAP 1.29809696191975E+00 harm
KEEPDBG accept 2 cc 6.20395033502931E-01 sumModel-2.10446544105447E+02 sumForcing-3.13344125034803E+02 sumM 4.87570261971039E-02 trend-4.24381692725998E-02 aero 0.00000000000000E+00 level 3.48386021672068E+02 k0 2.31571760841731E+03 init-1.64890112846678E+00 IR-5.08708359306436E-01 impC 3.01034206145067E-02 mP 5.51492872052613E-03 year-5.48601554518334E-06 sumLPAP 1.29809696191975E+00 harm
KEEPDBG accept 11 cc 6.77741293891006E-01 sumModel-2.51943897647872E+02 sumForcing 2.13534144210153E+01 sumM 5.10178186279512E-02 trend-7.05612223681921E-02 aero 0.00000000000000E+00 level 8.89835567931337E+05 k0 4.98799592661339E+07 init-1.43053019183858E+00 IR-3.04924751828780E-01 impC 3.28047555025816E-03 mP 4.26103853332145E-03 year-5.48601554518334E-06 sumLPAP 1.29809696191975E+00 harm
KEEPDBG accept 8 cc 6.80239127560323E-01 sumModel-3.13810036036364E+02 sumForcing-2.67738048906178E+02 sumM-4.93002701583755E-02 trend-1.34507879732519E-01 aero 0.00000000000000E+00 level 2.21651786961662E+02 k0-1.23582212866525E+03 init-1.61175314466767E+00 IR 1.00947184517780E-01 impC 7.63489333866331E-02 mP 6.59391913778127E-03 year-5.48601554518334E-06 sumLPAP 1.29809696191975E+00 harm
KEEPDBG accept 4 cc 6.59289399635091E-01 sumModel-2.57595707855147E+02 sumForcing 3.27178497215994E+02 sumM 4.76008482411361E-02 trend-6.87596038776341E-02 aero 0.00000000000000E+00 level-9.36886836423324E+02 k0 1.55529292113454E+04 init-1.59999205901810E+00 IR-4.45050895526315E-01 impC 2.21807893931563E-02 mP 6.28406654810643E-03 year-5.48601554518334E-06 sumLPAP 1.29809696191975E+00 harm
KEEPDBG accept 3 cc 6.71094257694733E-01 sumModel-3.20759013941266E+02 sumForcing-5.09781147079241E+03 sumM 1.16995820086309E-01 trend-9.78988704694596E-02 aero 0.00000000000000E+00 level 1.86412896544693E+02 k0 1.64597927930727E-01 init-2.38671393462989E+00 IR-2.19104234518974E-01 impC-1.35182541593178E-02 mP 6.10643913154452E-03 year-5.48601554518334E-06 sumLPAP 1.29809696191975E+00 harm
KEEPDBG accept 15 cc 6.58011177797866E-01 sumModel-2.33276703123464E+02 sumForcing 3.61623296736960E+01 sumM 6.90018054170770E-02 trend-5.94501829481480E-02 aero 0.00000000000000E+00 level 1.55554781584840E+04 k0 8.27075880626555E+05 init-1.59909993244017E+00 IR-5.08698659045829E-01 impC 2.04844233902719E-02 mP 5.54396121876823E-03 year-5.48601554518334E-06 sumLPAP 1.29809696191975E+00 harm
KEEPDBG accept 4 cc 6.59491803996237E-01 sumModel-2.57642285736818E+02 sumForcing 3.34676374661717E+02 sumM 4.76008482411361E-02 trend-6.88308029280615E-02 aero 0.00000000000000E+00 level-1.04301967963645E+03 k0 1.58262298823589E+04 init-1.59999205901810E+00 IR-4.45050895526315E-01 impC 2.21807893931563E-02 mP 6.28406654810643E-03 year-5.48601554518334E-06 sumLPAP 1.29809696191975E+00 harm
KEEPDBG accept 10 cc 6.64654264016146E-01 sumModel-2.77996637092271E+02 sumForcing-1.50160101487923E+03 sumM-4.37099797941794E-03 trend-6.42919485105987E-02 aero 0.00000000000000E+00 level 1.18728643221426E+02 k0 8.95136273197019E+01 init-1.54331723691036E+00 IR-3.22600169375836E-01 impC 2.70582888345151E-02 mP 9.59724356677358E-03 year-5.48601554518334E-06 sumLPAP 1.29809696191975E+00 harm
KEEPDBG accept 11 cc 6.78309033611050E-01 sumModel-2.57515304187137E+02 sumForcing 2.08084264917143E+01 sumM 5.10178186279512E-02 trend-6.17057364650643E-02 aero 0.00000000000000E+00 level 9.68159946100321E+05 k0 5.96545613288004E+07 init-1.43053019183858E+00 IR-3.04924751828780E-01 impC 3.28047555025816E-03 mP 3.91041945703023E-03 year-5.48601554518334E-06 sumLPAP 1.29809696191975E+00 harm
KEEPDBG accept 3 cc 6.71097090670541E-01 sumModel-3.20791620431433E+02 sumForcing-5.09781147079241E+03 sumM 1.16995820086309E-01 trend-9.79229193149142E-02 aero 0.00000000000000E+00 level 1.86458692593939E+02 k0 1.64618883698491E-01 init-2.38671393462989E+00 IR-2.18899565882455E-01 impC-1.35182541593178E-02 mP 6.10643913154452E-03 year-5.48601554518334E-06 sumLPAP 1.29809696191975E+00 harm
KEEPDBG accept 14 cc 6.64645993367443E-01 sumModel-2.36169502829132E+02 sumForcing 1.18785362673144E+01 sumM-7.54821775271126E-02 trend-6.23624438818342E-02 aero 0.00000000000000E+00 level 4.72822204520360E+03 k0 3.78837580547396E+04 init-6.68494015190615E-02 IR-5.07564070962935E-01 impC 7.32686319093764E-03 mP 6.88078562047214E-03 year-5.48601554518334E-06 sumLPAP 1.29809696191975E+00 harm
KEEPDBG accept 14 cc 6.65344620517591E-01 sumModel-2.34789465234201E+02 sumForcing 1.18745447451442E+01 sumM-7.54821775271126E-02 trend-6.15082373753828E-02 aero 0.00000000000000E+00 level 4.65736129467691E+03 k0 3.87420222605373E+04 init-6.68494015190615E-02 IR-5.07564070962935E-01 impC 7.32686319093764E-03 mP 6.88078562047214E-03 year-5.48601554518334E-06 sumLPAP 1.29809696191975E+00 harm
KEEPDBG accept 11 cc 6.91184557757964E-01 sumModel-2.41546705996758E+02 sumForcing 1.63783348697016E+01 sumM 5.10178186279512E-02 trend-2.16671948264364E-02 aero 0.00000000000000E+00 level 1.96700243039574E+06 k0 5.41943410426980E+07 init-3.63672578970327E+00 IR-3.04924751828780E-01 impC 3.28047555025816E-03 mP 3.91041945703023E-03 year-5.48601554518334E-06 sumLPAP 1.29809696191975E+00 harm
KEEPDBG accept 8 cc 6.80239139925317E-01 sumModel-3.13810022760837E+02 sumForcing-2.67737949155514E+02 sumM-4.93002701583755E-02 trend-1.34507848128698E-01 aero 0.00000000000000E+00 level 2.21651884469226E+02 k0-1.23582121113871E+03 init-1.61174968413483E+00 IR 1.00947184517780E-01 impC 7.63489333866331E-02 mP 6.59391913778127E-03 year-5.48601554518334E-06 sumLPAP 1.29809696191975E+00 harm
KEEPDBG accept 16 cc 6.64966231045136E-01 sumModel-2.46287898199269E+02 sumForcing 4.06796263583204E+02 sumM 5.32148978174557E-02 trend-6.44854366007044E-02 aero 0.00000000000000E+00 level-9.42531840597249E+03 k0 5.92646737978937E+04 init-1.10099535821269E+00 IR-4.72610527993182E-01 impC 2.50511713832994E-02 mP 6.82345000013191E-03 year-5.48601554518334E-06 sumLPAP 1.29809696191975E+00 harm
KEEPDBG accept 8 cc 6.80239160467337E-01 sumModel-3.13810084845165E+02 sumForcing-2.67737949155514E+02 sumM-4.93002701583755E-02 trend-1.34507750320775E-01 aero 0.00000000000000E+00 level 2.21651714058906E+02 k0-1.23582041908406E+03 init-1.61174968413483E+00 IR 1.00946374032314E-01 impC 7.63489333866331E-02 mP 6.59391913778127E-03 year-5.48601554518334E-06 sumLPAP 1.29809696191975E+00 harm
KEEPDBG accept 5 cc 6.40565357667816E-01 sumModel-2.53129315856650E+02 sumForcing 5.84922653864271E+02 sumM 7.45284854545841E-03 trend-6.53758444080874E-02 aero 0.00000000000000E+00 level 1.30515706655395E+02 k0-7.73894932680849E+00 init-1.60936106681275E+00 IR-4.59524851369546E-01 impC 2.78459996850036E-02 mP 5.63311270418530E-03 year-5.48601554518334E-06 sumLPAP 1.29809696191975E+00 harm
KEEPDBG accept 9 cc 6.93137834739313E-01 sumModel-2.12891897947464E+02 sumForcing 2.56100881165410E+02 sumM-1.63224170716808E-02 trend-1.64062578947103E-02 aero 0.00000000000000E+00 level-3.62682410145026E+04 k0 2.31195934404387E+05 init-1.62301170681743E+00 IR-5.09961984060828E-01 impC-7.57793799186554E-03 mP 5.46714401559274E-03 year-5.48601554518334E-06 sumLPAP 1.29809696191975E+00 harm
KEEPDBG accept 8 cc 6.80239161060898E-01 sumModel-3.13810083431379E+02 sumForcing-2.67735456083561E+02 sumM-4.93002701583755E-02 trend-1.34507747394599E-01 aero 0.00000000000000E+00 level 2.21651070233180E+02 k0-1.23585505465812E+03 init-1.61174968413483E+00 IR 1.00946374032314E-01 impC 7.63489333866331E-02 mP 6.59391913778127E-03 year-5.48601554518334E-06 sumLPAP 1.29809696191975E+00 harm
KEEPDBG accept 5 cc 6.43702592818759E-01 sumModel-2.29161579944509E+02 sumForcing 1.03606151648348E+03 sumM 7.45284854545841E-03 trend-6.11736879367670E-02 aero 0.00000000000000E+00 level 1.20330044147486E+02 k0 1.98347579194282E+01 init-1.60936106681275E+00 IR-4.59524851369546E-01 impC 2.78459996850036E-02 mP 5.63311270418530E-03 year-5.48601554518334E-06 sumLPAP 1.29809696191975E+00 harm
KEEPDBG accept 12 cc 6.45402422061605E-01 sumModel-2.26716633732940E+02 sumForcing 2.57798896950273E+02 sumM 4.98606100305323E-02 trend-6.01262047841692E-02 aero 0.00000000000000E+00 level-1.13651076248738E+03 k0 1.80467929154703E+04 init-1.56853260535368E+00 IR-5.28408080968041E-01 impC 3.03380860344663E-02 mP 5.74583842277616E-03 year-5.48601554518334E-06 sumLPAP 1.29809696191975E+00 harm
KEEPDBG accept 5 cc 6.50333572079081E-01 sumModel-2.37490225761321E+02 sumForcing 1.01210613464965E+03 sumM 1.03273890347924E-01 trend-6.38966847658227E-02 aero 0.00000000000000E+00 level 1.26097048449916E+02 k0 1.46125442429320E+01 init-1.60936106681275E+00 IR-4.59524851369546E-01 impC 2.78459996850036E-02 mP 5.63311270418530E-03 year-5.48601554518334E-06 sumLPAP 1.29809696191975E+00 harm
KEEPDBG accept 8 cc 6.80239407813119E-01 sumModel-3.13810516883784E+02 sumForcing-2.67743868305622E+02 sumM-4.93002701583755E-02 trend-1.34508486338202E-01 aero 0.00000000000000E+00 level 2.21638702073838E+02 k0-1.23595972797412E+03 init-1.61174968413483E+00 IR 1.00946374032314E-01 impC 7.63489333866331E-02 mP 6.59391913778127E-03 year-5.48601554518334E-06 sumLPAP 1.29809696191975E+00 harm
KEEPDBG accept 14 cc 6.65576321142480E-01 sumModel-2.34397465663158E+02 sumForcing 1.28785661480470E+01 sumM-7.54821775271126E-02 trend-6.12783889507074E-02 aero 0.00000000000000E+00 level 4.54682056528533E+03 k0 4.20094257864932E+04 init-6.68494015190615E-02 IR-5.07564070962935E-01 impC 7.32686319093764E-03 mP 6.88078562047214E-03 year-5.48601554518334E-06 sumLPAP 1.29809696191975E+00 harm
KEEPDBG accept 16 cc 6.64968074741820E-01 sumModel-2.46989403297005E+02 sumForcing 4.06796263583204E+02 sumM 5.32148978174557E-02 trend-6.44854366007044E-02 aero 0.00000000000000E+00 level-9.42531840597249E+03 k0 5.92646737978937E+04 init-1.10099535821269E+00 IR-4.72610527993182E-01 impC 2.17124308312339E-02 mP 6.82345000013191E-03 year-5.48601554518334E-06 sumLPAP 1.29809696191975E+00 harm
KEEPDBG accept 5 cc 6.56450292205299E-01 sumModel-2.38405041255327E+02 sumForcing 9.70620846601384E+02 sumM 4.00242078311819E-02 trend-6.78857778145078E-02 aero 0.00000000000000E+00 level 1.33328115614736E+02 k0 1.35614926202145E+01 init-1.60936106681275E+00 IR-4.59524851369546E-01 impC 2.78459996850036E-02 mP 5.63311270418530E-03 year-5.48601554518334E-06 sumLPAP 1.29809696191975E+00 harm
KEEPDBG accept 3 cc 6.71257164599495E-01 sumModel-3.20845335478453E+02 sumForcing-5.40120781673087E+03 sumM 1.17519152087992E-01 trend-9.80493972340021E-02 aero 0.00000000000000E+00 level 1.86761265703726E+02 k0 1.64912155441557E-01 init-2.38671393462989E+00 IR-2.18899565882455E-01 impC-1.35182541593178E-02 mP 6.10643913154452E-03 year-5.48601554518334E-06 sumLPAP 1.29809696191975E+00 harm
KEEPDBG accept 12 cc 6.45426479013675E-01 sumModel-2.26715822226767E+02 sumForcing 4.24650305178644E+02 sumM 4.98606100305323E-02 trend-6.01366887269572E-02 aero 0.00000000000000E+00 level-3.46743035529704E+02 k0 4.03742505838942E+03 init-1.56853260535368E+00 IR-5.28408080968041E-01 impC 3.03380860344663E-02 mP 5.74583842277616E-03 year-5.48601554518334E-06 sumLPAP 1.29809696191975E+00 harm
KEEPDBG accept 15 cc 6.61029092642616E-01 sumModel-2.34619138361958E+02 sumForcing 4.14557773916685E+01 sumM 6.90018054170770E-02 trend-6.05765336728802E-02 aero 0.00000000000000E+00 level 1.08197928445124E+04 k0 9.71579830968051E+05 init-1.59909993244017E+00 IR-5.08698659045829E-01 impC 2.04844233902719E-02 mP 5.54396121876823E-03 year-5.48601554518334E-06 sumLPAP 1.29809696191975E+00 harm
KEEPDBG accept 16 cc 6.64970123164076E-01 sumModel-2.46987229070789E+02 sumForcing 2.70913266078608E+02 sumM 5.32148978174557E-02 trend-6.44859801800392E-02 aero 0.00000000000000E+00 level-2.14145575733831E+04 k0 2.00724860274669E+05 init-1.10099535821269E+00 IR-4.72610527993182E-01 impC 2.17124308312339E-02 mP 6.82345000013191E-03 year-5.48601554518334E-06 sumLPAP 1.29809696191975E+00 harm
KEEPDBG accept 8 cc 6.80239457871766E-01 sumModel-3.13808261860729E+02 sumForcing-2.67747349738829E+02 sumM-4.93002701583755E-02 trend-1.34511281129449E-01 aero 0.00000000000000E+00 level 2.21641039865179E+02 k0-1.23600565330306E+03 init-1.61174968413483E+00 IR 1.00946374032314E-01 impC 7.63489333866331E-02 mP 6.59391913778127E-03 year-5.48601554518334E-06 sumLPAP 1.29809696191975E+00 harm
KEEPDBG accept 4 cc 6.60736620080334E-01 sumModel-2.55442384141500E+02 sumForcing 3.40010869165990E+02 sumM 4.76008482411361E-02 trend-6.75927307078025E-02 aero 0.00000000000000E+00 level-1.25316996621575E+03 k0 1.86001453168559E+04 init-1.59999205901810E+00 IR-4.45050895526315E-01 impC 2.21807893931563E-02 mP 6.51913737030804E-03 year-5.48601554518334E-06 sumLPAP 1.29809696191975E+00 harm
KEEPDBG accept 15 cc 6.61234867235678E-01 sumModel-2.34655133438027E+02 sumForcing 4.14297247536003E+01 sumM 6.90018054170770E-02 trend-6.06226568375037E-02 aero 0.00000000000000E+00 level 1.07422245046530E+04 k0 9.68919864591240E+05 init-1.59909993244017E+00 IR-5.08698659045829E-01 impC 2.04844233902719E-02 mP 5.54396121876823E-03 year-5.48601554518334E-06 sumLPAP 1.29809696191975E+00 harm
KEEPDBG accept 10 cc 6.64655079662806E-01 sumModel-2.77996768352567E+02 sumForcing-1.50160101487923E+03 sumM-5.78515949836465E-03 trend-6.42922689114501E-02 aero 0.00000000000000E+00 level 1.19399006865014E+02 k0 7.45303406809452E+01 init-1.54331723691036E+00 IR-3.22600169375836E-01 impC 2.70582888345151E-02 mP 9.59724356677358E-03 year-5.48601554518334E-06 sumLPAP 1.29809696191975E+00 harm
KEEPDBG accept 15 cc 6.77872835573214E-01 sumModel-2.45129490213349E+02 sumForcing 3.53585191689159E+01 sumM 6.90018054170770E-02 trend-6.66080893952696E-02 aero 0.00000000000000E+00 level 3.41083892761583E+04 k0-1.48293392641361E+06 init-1.59909993244017E+00 IR-5.08698659045829E-01 impC 2.04844233902719E-02 mP 3.51328069659593E-03 year-5.48601554518334E-06 sumLPAP 1.29809696191975E+00 harm
KEEPDBG accept 12 cc 6.45433326982401E-01 sumModel-2.26714399204966E+02 sumForcing 4.24650305178644E+02 sumM 3.67318297695003E-02 trend-6.01365297447795E-02 aero 0.00000000000000E+00 level 6.98150086814587E+00 k0 9.40184051834587E+02 init-1.56853260535368E+00 IR-5.28408080968041E-01 impC 3.03380860344663E-02 mP 5.74583842277616E-03 year-5.48601554518334E-06 sumLPAP 1.29809696191975E+00 harm
KEEPDBG accept 14 cc 6.65577777869742E-01 sumModel-2.34405289343493E+02 sumForcing 1.28788825015665E+01 sumM-7.54821775271126E-02 trend-6.12842585428063E-02 aero 0.00000000000000E+00 level 4.54773773037261E+03 k0 4.20340160993214E+04 init-6.68494015190615E-02 IR-5.07564070962935E-01 impC 7.32686319093764E-03 mP 6.88078562047214E-03 year-5.48601554518334E-06 sumLPAP 1.29809696191975E+00 harm
KEEPDBG accept 9 cc 6.93137834745214E-01 sumModel-2.12891897058839E+02 sumForcing 2.56100881165410E+02 sumM-1.63224170716808E-02 trend-1.64062578947103E-02 aero 0.00000000000000E+00 level-3.62682410145026E+04 k0 2.31195934404387E+05 init-1.62301170681743E+00 IR-5.09961984060828E-01 impC-7.57793383756268E-03 mP 5.46714401559274E-03 year-5.48601554518334E-06 sumLPAP 1.29809696191975E+00 harm
KEEPDBG accept 11 cc 6.91206271344069E-01 sumModel-2.60277760606782E+02 sumForcing 1.63783206612254E+01 sumM 5.10178186279512E-02 trend-2.24072244972411E-02 aero 0.00000000000000E+00 level 2.04599220966172E+06 k0 4.36812395690196E+07 init-3.63672578970327E+00 IR-3.04924751828780E-01 impC 3.28047555025816E-03 mP 3.91041945703023E-03 year-5.48601554518334E-06 sumLPAP 1.29809696191975E+00 harm
KEEPDBG accept 8 cc 6.80240937876959E-01 sumModel-3.13808725060687E+02 sumForcing-2.67754106857154E+02 sumM-4.93002701583755E-02 trend-1.34512421801400E-01 aero 0.00000000000000E+00 level 2.21633164022764E+02 k0-1.23607926703260E+03 init-1.61174968413483E+00 IR 1.00946374032314E-01 impC 7.63489333866331E-02 mP 6.59443432498770E-03 year-5.48601554518334E-06 sumLPAP 1.29809696191975E+00 harm
KEEPDBG accept 8 cc 6.80240938799708E-01 sumModel-3.13808316301755E+02 sumForcing-2.67754106857154E+02 sumM-4.93002701583755E-02 trend-1.34512421801400E-01 aero 0.00000000000000E+00 level 2.21633164022764E+02 k0-1.23607926703260E+03 init-1.61174968413483E+00 IR 1.00946374032314E-01 impC 7.63521326504173E-02 mP 6.59443432498770E-03 year-5.48601554518334E-06 sumLPAP 1.29809696191975E+00 harm
KEEPDBG accept 10 cc 6.64930141562402E-01 sumModel-2.78049726146936E+02 sumForcing-1.51190206907265E+03 sumM-5.78515949836465E-03 trend-6.40917716620062E-02 aero 0.00000000000000E+00 level 1.18748883311938E+02 k0 7.53583945677936E+01 init-1.54331723691036E+00 IR-3.22600169375836E-01 impC 2.70582888345151E-02 mP 9.59724356677358E-03 year-5.48601554518334E-06 sumLPAP 1.29809696191975E+00 harm
KEEPDBG accept 15 cc 6.79597103075127E-01 sumModel-2.43579480461728E+02 sumForcing 3.45881601647374E+01 sumM 6.90018054170770E-02 trend-6.70790112907018E-02 aero 0.00000000000000E+00 level 3.68204293979495E+04 k0-1.43450775203753E+06 init-1.42474401713633E+00 IR-5.08698659045829E-01 impC 2.04844233902719E-02 mP 3.51328069659593E-03 year-5.48601554518334E-06 sumLPAP 1.29809696191975E+00 harm
KEEPDBG accept 4 cc 6.60939524949263E-01 sumModel-2.55852884655996E+02 sumForcing 3.40995378718652E+02 sumM 4.76008482411361E-02 trend-6.78895871667007E-02 aero 0.00000000000000E+00 level-1.27790348427318E+03 k0 1.83917931749287E+04 init-1.59999205901810E+00 IR-4.45050895526315E-01 impC 2.21807893931563E-02 mP 6.51913737030804E-03 year-5.48601554518334E-06 sumLPAP 1.29809696191975E+00 harm
KEEPDBG accept 12 cc 6.62607705823209E-01 sumModel-2.20840761854862E+02 sumForcing 4.58162075229466E+02 sumM 3.67318297695003E-02 trend-5.66168844407239E-02 aero 0.00000000000000E+00 level 7.82776821826209E+01 k0 7.76598027679725E+02 init-1.56853260535368E+00 IR-5.28408080968041E-01 impC 3.03380860344663E-02 mP 6.78998830593233E-03 year-5.48601554518334E-06 sumLPAP 1.29809696191975E+00 harm
KEEPDBG accept 8 cc 6.80247472145726E-01 sumModel-3.13809167618195E+02 sumForcing-2.68028133339319E+02 sumM-4.92897809271697E-02 trend-1.34507164749846E-01 aero 0.00000000000000E+00 level 2.21252046131470E+02 k0-1.23846999448147E+03 init-1.61174968413483E+00 IR 1.00946374032314E-01 impC 7.63521326504173E-02 mP 6.59443432498770E-03 year-5.48601554518334E-06 sumLPAP 1.29809696191975E+00 harm
KEEPDBG accept 12 cc 6.62620358173753E-01 sumModel-2.20848035356625E+02 sumForcing 4.58153939023873E+02 sumM 3.67318297695003E-02 trend-5.66237434917115E-02 aero 0.00000000000000E+00 level 7.82765770117123E+01 k0 7.76366973221972E+02 init-1.56853260535368E+00 IR-5.28408080968041E-01 impC 3.03380860344663E-02 mP 6.78998830593233E-03 year-5.48601554518334E-06 sumLPAP 1.29809696191975E+00 harm
KEEPDBG accept 10 cc 6.64931446963741E-01 sumModel-2.78399240465553E+02 sumForcing-1.51190206907265E+03 sumM-5.78515949836465E-03 trend-6.40917716620062E-02 aero 0.00000000000000E+00 level 1.18748883311938E+02 k0 7.53583945677936E+01 init-1.54331723691036E+00 IR-3.22600169375836E-01 impC 2.52071381803432E-02 mP 9.59724356677358E-03 year-5.48601554518334E-06 sumLPAP 1.29809696191975E+00 harm
KEEPDBG accept 8 cc 6.80258821012972E-01 sumModel-3.13810663520442E+02 sumForcing-2.68507187767560E+02 sumM-4.92714538685550E-02 trend-1.34498008003106E-01 aero 0.00000000000000E+00 level 2.20582672330593E+02 k0-1.24266442203594E+03 init-1.61174968413483E+00 IR 1.00946374032314E-01 impC 7.63521326504173E-02 mP 6.59443432498770E-03 year-5.48601554518334E-06 sumLPAP 1.29809696191975E+00 harm
KEEPDBG accept 16 cc 6.64970134480188E-01 sumModel-2.46985772814170E+02 sumForcing 2.62910954589822E+02 sumM 5.32148978174557E-02 trend-6.44860535616671E-02 aero 0.00000000000000E+00 level-2.27466381899605E+04 k0 2.19624954353014E+05 init-1.10099535821269E+00 IR-4.72610527993182E-01 impC 2.17124308312339E-02 mP 6.82345000013191E-03 year-5.48601554518334E-06 sumLPAP 1.29809696191975E+00 harm
KEEPDBG accept 4 cc 6.61170835908734E-01 sumModel-2.52274735938147E+02 sumForcing 3.50912080924180E+02 sumM 4.76008482411361E-02 trend-6.55604765090612E-02 aero 0.00000000000000E+00 level-2.08050304350779E+03 k0 2.63065751312167E+04 init-1.59999205901810E+00 IR-4.45050895526315E-01 impC 2.21807893931563E-02 mP 6.95777028018036E-03 year-5.48601554518334E-06 sumLPAP 1.29809696191975E+00 harm
KEEPDBG accept 5 cc 6.57046961691654E-01 sumModel-2.38549503650281E+02 sumForcing 9.70620846601384E+02 sumM-1.73594988215627E-02 trend-6.73657291064442E-02 aero 0.00000000000000E+00 level 1.29030531093636E+02 k0 2.45375980045218E+00 init-1.60936106681275E+00 IR-4.59524851369546E-01 impC 2.78459996850036E-02 mP 5.63311270418530E-03 year-5.48601554518334E-06 sumLPAP 1.29809696191975E+00 harm
KEEPDBG accept 7 cc 6.65015635304236E-01 sumModel-2.51512001426501E+02 sumForcing 2.96189317369559E+01 sumM 5.31736006831722E-02 trend-6.33878966129470E-02 aero 0.00000000000000E+00 level-1.17693934981833E+05 k0 2.48626255263267E+07 init-2.28714384049503E+00 IR-4.61586698092194E-01 impC-1.02160485616584E-03 mP 7.40337748974203E-03 year-5.48601554518334E-06 sumLPAP 1.29809696191975E+00 harm
KEEPDBG accept 14 cc 6.65596671705792E-01 sumModel-2.29339508794112E+02 sumForcing 1.30351899208422E+01 sumM-7.54821775271126E-02 trend-5.82601134919413E-02 aero 0.00000000000000E+00 level 4.29219796538464E+03 k0 4.37050563827147E+04 init-6.68494015190615E-02 IR-5.07564070962935E-01 impC 7.32686319093764E-03 mP 6.88078562047214E-03 year-5.48601554518334E-06 sumLPAP 1.29809696191975E+00 harm
KEEPDBG accept 15 cc 6.80724924261130E-01 sumModel-2.71060855676593E+02 sumForcing 3.45881601647374E+01 sumM 6.90018054170770E-02 trend-7.72375364893190E-02 aero 0.00000000000000E+00 level 4.11651577355889E+04 k0-1.48750803509462E+06 init-1.42474401713633E+00 IR-4.31253933922393E-01 impC 2.04844233902719E-02 mP 3.51328069659593E-03 year-5.48601554518334E-06 sumLPAP 1.29809696191975E+00 harm
KEEPDBG accept 6 cc 6.67788600454312E-01 sumModel-2.31594610921986E+02 sumForcing 9.64353167125817E+02 sumM 4.54928776741058E-02 trend-6.30073826594023E-02 aero 0.00000000000000E+00 level 1.16784986293721E+02 k0 1.88059212117121E+01 init-2.77581629511024E+00 IR-4.57389790951429E-01 impC 2.79148127194107E-02 mP 5.55517765113865E-03 year-5.48601554518334E-06 sumLPAP 1.29809696191975E+00 harm
KEEPDBG accept 7 cc 6.65352141838197E-01 sumModel-2.53090040743092E+02 sumForcing 3.15058712495655E+01 sumM 5.31736006831722E-02 trend-6.37411951778218E-02 aero 0.00000000000000E+00 level-1.60831645301355E+05 k0 2.63530649782836E+07 init-2.28714384049503E+00 IR-4.61586698092194E-01 impC-1.02160485616584E-03 mP 7.40337748974203E-03 year-5.48601554518334E-06 sumLPAP 1.29809696191975E+00 harm
KEEPDBG accept 5 cc 6.88731983176316E-01 sumModel-2.54886175921522E+02 sumForcing 2.18983813427964E+03 sumM-1.73594988215627E-02 trend-7.39022508446572E-02 aero 0.00000000000000E+00 level 6.54138178183981E+01 k0 6.75644092931053E+01 init-1.60936106681275E+00 IR-4.59524851369546E-01 impC 2.78459996850036E-02 mP 5.63311270418530E-03 year-5.48601554518334E-06 sumLPAP 1.29809696191975E+00 harm
KEEPDBG accept 14 cc 6.65597725358930E-01 sumModel-2.29341958748234E+02 sumForcing 1.30352678374145E+01 sumM-7.54821775271126E-02 trend-5.82618430971254E-02 aero 0.00000000000000E+00 level 4.29243832683620E+03 k0 4.37126672676959E+04 init-6.68494015190615E-02 IR-5.07564070962935E-01 impC 7.32686319093764E-03 mP 6.88078562047214E-03 year-5.48601554518334E-06 sumLPAP 1.29809696191975E+00 harm
KEEPDBG accept 10 cc 6.64981468225449E-01 sumModel-2.79176172783182E+02 sumForcing-1.48600552087235E+03 sumM-5.40424860821104E-03 trend-6.54386794040259E-02 aero 0.00000000000000E+00 level 1.21246706384036E+02 k0 7.22658540008775E+01 init-1.54331723691036E+00 IR-3.22600169375836E-01 impC 2.52071381803432E-02 mP 9.59724356677358E-03 year-5.48601554518334E-06 sumLPAP 1.29809696191975E+00 harm
KEEPDBG accept 5 cc 6.89185818050170E-01 sumModel-2.54569210991783E+02 sumForcing 2.52575794997881E+03 sumM 1.39609435375375E-02 trend-7.37358593809790E-02 aero 0.00000000000000E+00 level-7.30873710599140E+02 k0 6.22783513213549E+02 init-1.60936106681275E+00 IR-4.59524851369546E-01 impC 2.78459996850036E-02 mP 5.63311270418530E-03 year-5.48601554518334E-06 sumLPAP 1.29809696191975E+00 harm
KEEPDBG accept 1 cc 6.67114973497521E-01 sumModel-2.29999303269065E+02 sumForcing 1.11305429495552E+02 sumM 4.46883976943730E-02 trend-5.58048355272158E-02 aero 0.00000000000000E+00 level 2.48159547513533E+03 k0 1.29314746339943E+05 init-2.00983306070103E-01 IR-5.10694791345592E-01 impC 4.26165431615247E-03 mP 5.52467076278122E-03 year-5.48601554518334E-06 sumLPAP 1.29809696191975E+00 harm
KEEPDBG accept 5 cc 6.90525269627997E-01 sumModel-2.53075603253501E+02 sumForcing 2.54225572668428E+03 sumM 1.39609435375375E-02 trend-6.76892207633832E-02 aero 0.00000000000000E+00 level-9.42794235674757E+02 k0 7.55400463075099E+02 init-2.33397507669334E+00 IR-4.59524851369546E-01 impC 2.78459996850036E-02 mP 5.63311270418530E-03 year-5.48601554518334E-06 sumLPAP 1.29809696191975E+00 harm
KEEPDBG accept 1 cc 6.73162618634953E-01 sumModel-2.27715680845861E+02 sumForcing 4.70510395348957E+01 sumM 3.85971965884496E-02 trend-5.56488980889364E-02 aero 0.00000000000000E+00 level 6.89825163258107E+03 k0 1.01681811123539E+05 init-2.00983306070103E-01 IR-5.10694791345592E-01 impC 4.26165431615247E-03 mP 5.52467076278122E-03 year-5.48601554518334E-06 sumLPAP 1.29809696191975E+00 harm
KEEPDBG accept 1 cc 6.73164008361317E-01 sumModel-2.27715908421098E+02 sumForcing 4.70524639013973E+01 sumM 3.85971965884496E-02 trend-5.56498079917647E-02 aero 0.00000000000000E+00 level 6.89804472659402E+03 k0 1.01687983097180E+05 init-2.00983306070103E-01 IR-5.10694791345592E-01 impC 4.26165431615247E-03 mP 5.52467076278122E-03 year-5.48601554518334E-06 sumLPAP 1.29809696191975E+00 harm
KEEPDBG accept 2 cc 6.20395034315467E-01 sumModel-2.10485694427265E+02 sumForcing-3.13069048101386E+02 sumM 4.87570261971039E-02 trend-4.23825188345854E-02 aero 0.00000000000000E+00 level 3.47717697141039E+02 k0 2.31351803092484E+03 init-1.64890112846678E+00 IR-5.08708359306436E-01 impC 3.01034206145067E-02 mP 5.51492872052613E-03 year-5.48601554518334E-06 sumLPAP 1.29809696191975E+00 harm
KEEPDBG accept 6 cc 6.67956036817948E-01 sumModel-2.30505432936569E+02 sumForcing 5.51889991610762E+02 sumM 4.24320055848442E-02 trend-6.23426841192473E-02 aero 0.00000000000000E+00 level 1.26145952847477E+02 k0 1.82912047976450E+01 init-2.77581629511024E+00 IR-4.57389790951429E-01 impC 2.79148127194107E-02 mP 5.55517765113865E-03 year-5.48601554518334E-06 sumLPAP 1.29809696191975E+00 harm
KEEPDBG accept 10 cc 6.64983362839819E-01 sumModel-2.79718330982254E+02 sumForcing-1.48600552087235E+03 sumM-5.40424860821104E-03 trend-6.54386794040259E-02 aero 0.00000000000000E+00 level 1.21246706384036E+02 k0 7.22658540008775E+01 init-1.54331723691036E+00 IR-3.22600169375836E-01 impC 2.23356778383231E-02 mP 9.59724356677358E-03 year-5.48601554518334E-06 sumLPAP 1.29809696191975E+00 harm
KEEPDBG accept 12 cc 6.62715288261553E-01 sumModel-2.20836145574243E+02 sumForcing 4.73843148459125E+02 sumM 3.69965051288081E-02 trend-5.66399914185557E-02 aero 0.00000000000000E+00 level 6.18118877170982E+01 k0 8.35580779421986E+02 init-1.56853260535368E+00 IR-5.28408080968041E-01 impC 3.03380860344663E-02 mP 6.78998830593233E-03 year-5.48601554518334E-06 sumLPAP 1.29809696191975E+00 harm
KEEPDBG accept 1 cc 6.73164149359946E-01 sumModel-2.27716873295984E+02 sumForcing 4.70524639013973E+01 sumM 2.85559714834618E-02 trend-5.56498895978454E-02 aero 0.00000000000000E+00 level 1.87438992117082E+03 k0 2.64776546645053E+04 init-2.00983306070103E-01 IR-5.10694791345592E-01 impC 4.26165431615247E-03 mP 5.52467076278122E-03 year-5.48601554518334E-06 sumLPAP 1.29809696191975E+00 harm
KEEPDBG accept 3 cc 6.71460232855891E-01 sumModel-3.20927007708802E+02 sumForcing-5.40120781673087E+03 sumM 1.15879420066824E-01 trend-9.78850708951263E-02 aero 0.00000000000000E+00 level 1.86466754777911E+02 k0 1.58935421407106E-01 init-2.38671393462989E+00 IR-2.18899565882455E-01 impC-1.35182541593178E-02 mP 6.10643913154452E-03 year-5.48601554518334E-06 sumLPAP 1.29809696191975E+00 harm
KEEPDBG accept 13 cc 6.21305518834064E-01 sumModel-2.03655910344373E+02 sumForcing 2.26413301619735E+01 sumM 4.90822362684516E-02 trend-4.05763580766987E-02 aero 0.00000000000000E+00 level 4.99969583435821E+04 k0-6.13529814511075E+06 init-1.66138086652861E+00 IR-5.24944046054444E-01 impC 3.12606413592430E-02 mP 5.54871041063005E-03 year-5.48601554518334E-06 sumLPAP 1.29809696191975E+00 harm
KEEPDBG accept 10 cc 6.64985068609515E-01 sumModel-2.80253609855849E+02 sumForcing-1.48600552087235E+03 sumM-5.40424860821104E-03 trend-6.54386794040259E-02 aero 0.00000000000000E+00 level 1.21246706384036E+02 k0 7.22658540008775E+01 init-1.54331723691036E+00 IR-3.22600169375836E-01 impC 1.95006528214862E-02 mP 9.59724356677358E-03 year-5.48601554518334E-06 sumLPAP 1.29809696191975E+00 harm
KEEPDBG accept 15 cc 6.80751506960655E-01 sumModel-2.71062517302673E+02 sumForcing 2.81639040982177E+01 sumM 6.90018054170770E-02 trend-7.72471637184031E-02 aero 0.00000000000000E+00 level 6.18214669889615E+04 k0-2.74562289517585E+06 init-1.42474401713633E+00 IR-4.31253933922393E-01 impC 2.04844233902719E-02 mP 3.51328069659593E-03 year-5.48601554518334E-06 sumLPAP 1.29809696191975E+00 harm
KEEPDBG accept 4 cc 6.61889251825206E-01 sumModel-2.52530071922959E+02 sumForcing 3.49165065791792E+02 sumM 4.76008482411361E-02 trend-6.59249351803863E-02 aero 0.00000000000000E+00 level-2.04580891591450E+03 k0 2.59141508917114E+04 init-1.56329432782945E+00 IR-4.45050895526315E-01 impC 2.21807893931563E-02 mP 6.95777028018036E-03 year-5.48601554518334E-06 sumLPAP 1.29809696191975E+00 harm
KEEPDBG accept 8 cc 6.80294542636417E-01 sumModel-3.13815518359605E+02 sumForcing-2.70041171929981E+02 sumM-4.92128555662138E-02 trend-1.34468973931411E-01 aero 0.00000000000000E+00 level 2.18412374768198E+02 k0-1.25622498471825E+03 init-1.61174968413483E+00 IR 1.00946374032314E-01 impC 7.63521326504173E-02 mP 6.59443432498770E-03 year-5.48601554518334E-06 sumLPAP 1.29809696191975E+00 harm
KEEPDBG accept 15 cc 6.83512240107101E-01 sumModel-2.60774214298644E+02 sumForcing 3.62350898418627E+01 sumM 6.90018054170770E-02 trend-7.49152411669738E-02 aero 0.00000000000000E+00 level 8.86368676095571E+04 k0-1.11545642563092E+06 init-1.42474401713633E+00 IR-4.31253933922393E-01 impC 2.04844233902719E-02 mP 3.51328069659593E-03 year-5.48601554518334E-06 sumLPAP 1.29809696191975E+00 harm
KEEPDBG accept 10 cc 6.64986796666368E-01 sumModel-2.80857570535206E+02 sumForcing-1.48600552087235E+03 sumM-5.40424860821104E-03 trend-6.54386794040259E-02 aero 0.00000000000000E+00 level 1.21246706384036E+02 k0 7.22658540008775E+01 init-1.54331723691036E+00 IR-3.22600169375836E-01 impC 1.63018648258704E-02 mP 9.59724356677358E-03 year-5.48601554518334E-06 sumLPAP 1.29809696191975E+00 harm
KEEPDBG accept 9 cc 6.93137834748120E-01 sumModel-2.12891896621185E+02 sumForcing 2.56100881165410E+02 sumM-1.63224170716808E-02 trend-1.64062578947103E-02 aero 0.00000000000000E+00 level-3.62682410145026E+04 k0 2.31195934404387E+05 init-1.62301170681743E+00 IR-5.09961984060828E-01 impC-7.57793179154071E-03 mP 5.46714401559274E-03 year-5.48601554518334E-06 sumLPAP 1.29809696191975E+00 harm
KEEPDBG accept 1 cc 6.73172678145528E-01 sumModel-2.27722885358599E+02 sumForcing 7.55776644982473E+01 sumM 2.85559714834618E-02 trend-5.56566563191359E-02 aero 0.00000000000000E+00 level 7.91283877217560E+02 k0 6.39256051213958E+03 init-2.00983306070103E-01 IR-5.10694791345592E-01 impC 4.26165431615247E-03 mP 5.52467076278122E-03 year-5.48601554518334E-06 sumLPAP 1.29809696191975E+00 harm
KEEPDBG accept 16 cc 6.65240798379152E-01 sumModel-2.45714907749713E+02 sumForcing 2.64613504611622E+02 sumM 5.32148978174557E-02 trend-6.40539370811570E-02 aero 0.00000000000000E+00 level-2.54140602894130E+04 k0 2.45358517755539E+05 init-1.10099535821269E+00 IR-4.72610527993182E-01 impC 2.17124308312339E-02 mP 6.82345000013191E-03 year-5.48601554518334E-06 sumLPAP 1.29809696191975E+00 harm
KEEPDBG accept 11 cc 6.91206708445635E-01 sumModel-2.60152845687094E+02 sumForcing 1.63783206612254E+01 sumM 5.10178186279512E-02 trend-2.23587018976059E-02 aero 0.00000000000000E+00 level 2.04445206861169E+06 k0 4.37302295885265E+07 init-3.63672578970327E+00 IR-3.05440432049219E-01 impC 3.28047555025816E-03 mP 3.91041945703023E-03 year-5.48601554518334E-06 sumLPAP 1.29809696191975E+00 harm
KEEPDBG accept 10 cc 6.64987168248858E-01 sumModel-2.80857662105319E+02 sumForcing-1.48600552087235E+03 sumM-6.05490506195649E-03 trend-6.54388697439290E-02 aero 0.00000000000000E+00 level 1.21523875146374E+02 k0 6.67898229351706E+01 init-1.54331723691036E+00 IR-3.22600169375836E-01 impC 1.63018648258704E-02 mP 9.59724356677358E-03 year-5.48601554518334E-06 sumLPAP 1.29809696191975E+00 harm
KEEPDBG accept 3 cc 6.71461319745769E-01 sumModel-3.20746046679632E+02 sumForcing-5.40120781673087E+03 sumM 1.15879420066824E-01 trend-9.78850708951263E-02 aero 0.00000000000000E+00 level 1.86466754777911E+02 k0 1.58935421407106E-01 init-2.38671393462989E+00 IR-2.18899565882455E-01 impC-1.24714187795073E-02 mP 6.10643913154452E-03 year-5.48601554518334E-06 sumLPAP 1.29809696191975E+00 harm
KEEPDBG accept 16 cc 6.65245362781661E-01 sumModel-2.45819446633337E+02 sumForcing 1.91984934834171E+02 sumM 5.32148978174557E-02 trend-6.40552269165583E-02 aero 0.00000000000000E+00 level-4.84261682218006E+04 k0 6.42880708462694E+05 init-1.10099535821269E+00 IR-4.72610527993182E-01 impC 2.17124308312339E-02 mP 6.82345000013191E-03 year-5.48601554518334E-06 sumLPAP 1.29809696191975E+00 harm
KEEPDBG accept 1 cc 6.73575127075187E-01 sumModel-2.27915426604639E+02 sumForcing 7.08045982932043E+01 sumM 2.85559714834618E-02 trend-5.48194383052913E-02 aero 0.00000000000000E+00 level 7.85106275296623E+02 k0 6.01475121206053E+03 init 4.45261015043224E-02 IR-5.10694791345592E-01 impC 4.26165431615247E-03 mP 5.52467076278122E-03 year-5.48601554518334E-06 sumLPAP 1.29809696191975E+00 harm
KEEPDBG accept 3 cc 6.71461319864953E-01 sumModel-3.20746046584933E+02 sumForcing-5.40120778506134E+03 sumM 1.15879420066824E-01 trend-9.78850703429073E-02 aero 0.00000000000000E+00 level 1.86466753712700E+02 k0 1.58935418168884E-01 init-2.38671393462989E+00 IR-2.18899565882455E-01 impC-1.24714187795073E-02 mP 6.10643913154452E-03 year-5.48601554518334E-06 sumLPAP 1.29809696191975E+00 harm
KEEPDBG accept 3 cc 6.71987269132013E-01 sumModel-3.20981392728876E+02 sumForcing-5.40120778506134E+03 sumM 1.10995909671591E-01 trend-9.74828914041978E-02 aero 0.00000000000000E+00 level 1.85772743657430E+02 k0 1.37733056570590E-01 init-2.38671393462989E+00 IR-2.18899565882455E-01 impC-1.24714187795073E-02 mP 6.10643913154452E-03 year-5.48601554518334E-06 sumLPAP 1.29809696191975E+00 harm
KEEPDBG accept 8 cc 6.80355290534189E-01 sumModel-3.13811679446638E+02 sumForcing-2.70231184979141E+02 sumM-4.92128555662138E-02 trend-1.34481468479036E-01 aero 0.00000000000000E+00 level 2.18182244935232E+02 k0-1.25820778345071E+03 init-1.61174968413483E+00 IR 1.00946374032314E-01 impC 7.63521326504173E-02 mP 6.59443432498770E-03 year-5.48601554518334E-06 sumLPAP 1.29809696191975E+00 harm
KEEPDBG accept 3 cc 6.72175066095303E-01 sumModel-3.21074194240580E+02 sumForcing-5.15499124513937E+03 sumM 1.10995909671591E-01 trend-9.73480767883302E-02 aero 0.00000000000000E+00 level 1.85554945019278E+02 k0 1.33028732444076E-01 init-2.38671393462989E+00 IR-2.18899565882455E-01 impC-1.24714187795073E-02 mP 6.10643913154452E-03 year-5.48601554518334E-06 sumLPAP 1.29809696191975E+00 harm
KEEPDBG accept 15 cc 6.83515750796830E-01 sumModel-2.60779636208381E+02 sumForcing 3.62350898418627E+01 sumM 7.02218110220096E-02 trend-7.49217781347945E-02 aero 0.00000000000000E+00 level 7.47396464631977E+04 k0-9.43716450470376E+05 init-1.42474401713633E+00 IR-4.31253933922393E-01 impC 2.04844233902719E-02 mP 3.51328069659593E-03 year-5.48601554518334E-06 sumLPAP 1.29809696191975E+00 harm
KEEPDBG accept 8 cc 6.80355346328472E-01 sumModel-3.13786892505431E+02 sumForcing-2.70231184979141E+02 sumM-4.92128555662138E-02 trend-1.34481468479036E-01 aero 0.00000000000000E+00 level 2.18182244935232E+02 k0-1.25820778345071E+03 init-1.61174968413483E+00 IR 1.00946374032314E-01 impC 7.65461344374409E-02 mP 6.59443432498770E-03 year-5.48601554518334E-06 sumLPAP 1.29809696191975E+00 harm
KEEPDBG accept 5 cc 6.90526879231519E-01 sumModel-2.53075277038850E+02 sumForcing 2.30313126249598E+03 sumM 1.39609435375375E-02 trend-6.76887839756004E-02 aero 0.00000000000000E+00 level-1.17897479008655E+03 k0 1.01754864070999E+03 init-2.33397507669334E+00 IR-4.59524851369546E-01 impC 2.78459996850036E-02 mP 5.63311270418530E-03 year-5.48601554518334E-06 sumLPAP 1.29809696191975E+00 harm
KEEPDBG accept 5 cc 6.90527245864241E-01 sumModel-2.53074959372420E+02 sumForcing 2.30313396371670E+03 sumM 1.39609435375375E-02 trend-6.76876456166698E-02 aero 0.00000000000000E+00 level-1.17902972789222E+03 k0 1.01758690744625E+03 init-2.33397507669334E+00 IR-4.59524851369546E-01 impC 2.78459996850036E-02 mP 5.63311270418530E-03 year-5.48601554518334E-06 sumLPAP 1.29809696191975E+00 harm
KEEPDBG accept 3 cc 6.72268450345972E-01 sumModel-3.21082514877453E+02 sumForcing-5.70471531625027E+03 sumM 1.11954093658444E-01 trend-9.75743643704220E-02 aero 0.00000000000000E+00 level 1.86093718952042E+02 k0 1.22689996150109E-01 init-2.38671393462989E+00 IR-2.18899565882455E-01 impC-1.24714187795073E-02 mP 6.10643913154452E-03 year-5.48601554518334E-06 sumLPAP 1.29809696191975E+00 harm
KEEPDBG accept 14 cc 6.65696747702874E-01 sumModel-2.34362444323673E+02 sumForcing 1.23402268332113E+01 sumM-7.54821775271126E-02 trend-6.08543217757480E-02 aero 0.00000000000000E+00 level 4.62543248139385E+03 k0 3.98808908171717E+04 init-6.68494015190615E-02 IR-5.07564070962935E-01 impC 7.32686319093764E-03 mP 6.02410783017524E-03 year-5.48601554518334E-06 sumLPAP 1.29809696191975E+00 harm
KEEPDBG accept 12 cc 6.62725685891439E-01 sumModel-2.20894260305110E+02 sumForcing 4.73458215360931E+02 sumM 3.69965051288081E-02 trend-5.66849932408495E-02 aero 0.00000000000000E+00 level 6.20856697791226E+01 k0 8.32208338111536E+02 init-1.56545875748598E+00 IR-5.28408080968041E-01 impC 3.03380860344663E-02 mP 6.78998830593233E-03 year-5.48601554518334E-06 sumLPAP 1.29809696191975E+00 harm
KEEPDBG accept 3 cc 6.72403273995386E-01 sumModel-3.22645779900174E+02 sumForcing-5.70471531625027E+03 sumM 1.11954093658444E-01 trend-9.87600292513563E-02 aero 0.00000000000000E+00 level 1.88351675085553E+02 k0 1.21517518538697E-01 init-2.38671393462989E+00 IR-2.08879484200346E-01 impC-1.24714187795073E-02 mP 6.10643913154452E-03 year-5.48601554518334E-06 sumLPAP 1.29809696191975E+00 harm
KEEPDBG accept 12 cc 6.62743927240226E-01 sumModel-2.20905040166932E+02 sumForcing 4.73444701312502E+02 sumM 3.69965051288081E-02 trend-5.66951059272537E-02 aero 0.00000000000000E+00 level 6.20952603020698E+01 k0 8.31815840272400E+02 init-1.56545875748598E+00 IR-5.28408080968041E-01 impC 3.03380860344663E-02 mP 6.78998830593233E-03 year-5.48601554518334E-06 sumLPAP 1.29809696191975E+00 harm
KEEPDBG accept 14 cc 6.65696884535476E-01 sumModel-2.34790097496320E+02 sumForcing 1.23402268332113E+01 sumM-7.54821775271126E-02 trend-6.08543217757480E-02 aero 0.00000000000000E+00 level 4.62543248139385E+03 k0 3.98808908171717E+04 init-6.68494015190615E-02 IR-5.07564070962935E-01 impC 5.33846395331927E-03 mP 6.02410783017524E-03 year-5.48601554518334E-06 sumLPAP 1.29809696191975E+00 harm
KEEPDBG accept 16 cc 6.65253776618388E-01 sumModel-2.45654179037156E+02 sumForcing 1.91984921452170E+02 sumM 5.32148978174557E-02 trend-6.40575974514114E-02 aero 0.00000000000000E+00 level-4.84910960917575E+04 k0 6.43653385984416E+05 init-1.10099535821269E+00 IR-4.72610527993182E-01 impC 2.17124308312339E-02 mP 6.82345000013191E-03 year-5.48601554518334E-06 sumLPAP 1.29809696191975E+00 harm
KEEPDBG accept 5 cc 6.90544067508411E-01 sumModel-2.53198298933569E+02 sumForcing 2.22702534717107E+03 sumM 1.58206708061936E-02 trend-6.77391044170235E-02 aero 0.00000000000000E+00 level-4.48001286127533E+02 k0 4.71967114537663E+02 init-2.33397507669334E+00 IR-4.59524851369546E-01 impC 2.78459996850036E-02 mP 5.63311270418530E-03 year-5.48601554518334E-06 sumLPAP 1.29809696191975E+00 harm
KEEPDBG accept 8 cc 6.80355431829196E-01 sumModel-3.13748679751058E+02 sumForcing-2.70231184979141E+02 sumM-4.92128555662138E-02 trend-1.34481468479036E-01 aero 0.00000000000000E+00 level 2.18182244935232E+02 k0-1.25820778345071E+03 init-1.61174968413483E+00 IR 1.00946374032314E-01 impC 7.68452170299076E-02 mP 6.59443432498770E-03 year-5.48601554518334E-06 sumLPAP 1.29809696191975E+00 harm
KEEPDBG accept 15 cc 6.83515913052637E-01 sumModel-2.60832388593871E+02 sumForcing 3.63056979953610E+01 sumM 7.02218110220096E-02 trend-7.48665571938986E-02 aero 0.00000000000000E+00 level 7.49758643511085E+04 k0-9.31546955617598E+05 init-1.42474401713633E+00 IR-4.31253933922393E-01 impC 2.04844233902719E-02 mP 3.51328069659593E-03 year-5.48601554518334E-06 sumLPAP 1.29809696191975E+00 harm
KEEPDBG accept 8 cc 6.80355522282666E-01 sumModel-3.13748988710443E+02 sumForcing-2.70230334473397E+02 sumM-4.92128555662138E-02 trend-1.34482039784806E-01 aero 0.00000000000000E+00 level 2.18184896840871E+02 k0-1.25818301128444E+03 init-1.61174968413483E+00 IR 1.00946374032314E-01 impC 7.68452170299076E-02 mP 6.59443432498770E-03 year-5.48601554518334E-06 sumLPAP 1.29809696191975E+00 harm
KEEPDBG accept 2 cc 6.20395034448870E-01 sumModel-2.10485760157818E+02 sumForcing-3.13069048101386E+02 sumM 4.89737820367427E-02 trend-4.23825382098839E-02 aero 0.00000000000000E+00 level 3.56568936010872E+02 k0 2.39004835042595E+03 init-1.64890112846678E+00 IR-5.08708359306436E-01 impC 3.01034206145067E-02 mP 5.51492872052613E-03 year-5.48601554518334E-06 sumLPAP 1.29809696191975E+00 harm
KEEPDBG accept 3 cc 6.72488333709734E-01 sumModel-3.22658170140827E+02 sumForcing-5.69038022513702E+03 sumM 1.11954093658444E-01 trend-9.88606184679384E-02 aero 0.00000000000000E+00 level 1.88544425458259E+02 k0 1.22582226460913E-01 init-2.26356894826796E+00 IR-2.08879484200346E-01 impC-1.24714187795073E-02 mP 6.10643913154452E-03 year-5.48601554518334E-06 sumLPAP 1.29809696191975E+00 harm
KEEPDBG accept 11 cc 6.91206716500356E-01 sumModel-2.60150612300685E+02 sumForcing 1.63783206612254E+01 sumM 5.10178186279512E-02 trend-2.23587018976059E-02 aero 0.00000000000000E+00 level 2.04445206861169E+06 k0 4.37302295885265E+07 init-3.63672578970327E+00 IR-3.05440432049219E-01 impC 3.29254353206801E-03 mP 3.91041945703023E-03 year-5.48601554518334E-06 sumLPAP 1.29809696191975E+00 harm
KEEPDBG accept 6 cc 6.67956092305708E-01 sumModel-2.30499965618496E+02 sumForcing 5.51889991610762E+02 sumM 2.14358933907694E-02 trend-6.23404159344493E-02 aero 0.00000000000000E+00 level 1.20034768652677E+02 k0 3.01131751334823E+00 init-2.77581629511024E+00 IR-4.57389790951429E-01 impC 2.79148127194107E-02 mP 5.55517765113865E-03 year-5.48601554518334E-06 sumLPAP 1.29809696191975E+00 harm
KEEPDBG accept 3 cc 6.72613297763753E-01 sumModel-3.22720840890168E+02 sumForcing-5.69038022513702E+03 sumM 1.10136478376366E-01 trend-9.87689454875546E-02 aero 0.00000000000000E+00 level 1.88404568063508E+02 k0 1.08720564026952E-01 init-2.26356894826796E+00 IR-2.08879484200346E-01 impC-1.24714187795073E-02 mP 6.10643913154452E-03 year-5.48601554518334E-06 sumLPAP 1.29809696191975E+00 harm
KEEPDBG accept 15 cc 6.83516787320432E-01 sumModel-2.60464861025936E+02 sumForcing 3.63056979953610E+01 sumM 7.02218110220096E-02 trend-7.48665571938986E-02 aero 0.00000000000000E+00 level 7.49758643511085E+04 k0-9.31546955617598E+05 init-1.42474401713633E+00 IR-4.31253933922393E-01 impC 2.22966286982204E-02 mP 3.51328069659593E-03 year-5.48601554518334E-06 sumLPAP 1.29809696191975E+00 harm
KEEPDBG accept 10 cc 6.64990873622726E-01 sumModel-2.80860262258206E+02 sumForcing-1.89805010905963E+03 sumM-6.05490506195649E-03 trend-6.54449334013327E-02 aero 0.00000000000000E+00 level 1.22828412473171E+02 k0 3.22605703161365E+01 init-1.54331723691036E+00 IR-3.22600169375836E-01 impC 1.63018648258704E-02 mP 9.59724356677358E-03 year-5.48601554518334E-06 sumLPAP 1.29809696191975E+00 harm
KEEPDBG accept 10 cc 6.66557348349150E-01 sumModel-2.81016851690842E+02 sumForcing-1.98962995348956E+03 sumM-6.05490506195649E-03 trend-6.38996814188127E-02 aero 0.00000000000000E+00 level 1.18643987144790E+02 k0 3.44816392748674E+01 init-1.54331723691036E+00 IR-3.22600169375836E-01 impC 1.63018648258704E-02 mP 9.59724356677358E-03 year-5.48601554518334E-06 sumLPAP 1.29809696191975E+00 harm
KEEPDBG accept 9 cc 6.93137885442828E-01 sumModel-2.12892304142658E+02 sumForcing 2.56100881165410E+02 sumM-1.63224170716808E-02 trend-1.64062961028600E-02 aero 0.00000000000000E+00 level-3.62682582361660E+04 k0 2.31195923528929E+05 init-1.62301170681743E+00 IR-5.09960812645112E-01 impC-7.57793179154071E-03 mP 5.46714401559274E-03 year-5.48601554518334E-06 sumLPAP 1.29809696191975E+00 harm
KEEPDBG accept 15 cc 6.83519466744325E-01 sumModel-2.60486651468071E+02 sumForcing 6.63638820691839E+01 sumM 7.02218110220096E-02 trend-7.48648037387448E-02 aero 0.00000000000000E+00 level 2.25589236061567E+04 k0-1.52868077832202E+05 init-1.42474401713633E+00 IR-4.31253933922393E-01 impC 2.22966286982204E-02 mP 3.51328069659593E-03 year-5.48601554518334E-06 sumLPAP 1.29809696191975E+00 harm
KEEPDBG accept 9 cc 6.93138183449088E-01 sumModel-2.12889403464683E+02 sumForcing 2.56100580309015E+02 sumM-1.63224170716808E-02 trend-1.64060502836908E-02 aero 0.00000000000000E+00 level-3.62675464016664E+04 k0 2.31188677372332E+05 init-1.62301170681743E+00 IR-5.09960812645112E-01 impC-7.57793179154071E-03 mP 5.46714401559274E-03 year-5.48601554518334E-06 sumLPAP 1.29809696191975E+00 harm
KEEPDBG accept 4 cc 6.61890638052653E-01 sumModel-2.53240205093700E+02 sumForcing 3.49165065791792E+02 sumM 4.76008482411361E-02 trend-6.59249351803863E-02 aero 0.00000000000000E+00 level-2.04580891591450E+03 k0 2.59141508917114E+04 init-1.56329432782945E+00 IR-4.45050895526315E-01 impC 1.87368382765269E-02 mP 6.95777028018036E-03 year-5.48601554518334E-06 sumLPAP 1.29809696191975E+00 harm
KEEPDBG accept 7 cc 6.66120341675078E-01 sumModel-2.52328627899892E+02 sumForcing 3.17866103613057E+01 sumM 5.31736006831722E-02 trend-6.34992031161500E-02 aero 0.00000000000000E+00 level-1.46755576798793E+05 k0 2.50679764727794E+07 init-2.45281024870225E+00 IR-4.61586698092194E-01 impC-1.02160485616584E-03 mP 7.40337748974203E-03 year-5.48601554518334E-06 sumLPAP 1.29809696191975E+00 harm
KEEPDBG accept 5 cc 6.90544519771519E-01 sumModel-2.52954662984065E+02 sumForcing 2.22702534717107E+03 sumM 1.58206708061936E-02 trend-6.77391044170235E-02 aero 0.00000000000000E+00 level-4.48001286127533E+02 k0 4.71967114537663E+02 init-2.33397507669334E+00 IR-4.59524851369546E-01 impC 2.90241630886939E-02 mP 5.63311270418530E-03 year-5.48601554518334E-06 sumLPAP 1.29809696191975E+00 harm
KEEPDBG accept 8 cc 6.80358774311688E-01 sumModel-3.13625348711349E+02 sumForcing-2.70421983033421E+02 sumM-4.92128555662138E-02 trend-1.34633087661676E-01 aero 0.00000000000000E+00 level 2.18294236478519E+02 k0-1.26083700531292E+03 init-1.61174968413483E+00 IR 1.00946374032314E-01 impC 7.68452170299076E-02 mP 6.59443432498770E-03 year-5.48601554518334E-06 sumLPAP 1.29809696191975E+00 harm
KEEPDBG accept 1 cc 6.73575665570871E-01 sumModel-2.27631260584301E+02 sumForcing 7.08045982932043E+01 sumM 2.85559714834618E-02 trend-5.48194383052913E-02 aero 0.00000000000000E+00 level 7.85106275296623E+02 k0 6.01475121206053E+03 init 4.45261015043224E-02 IR-5.10694791345592E-01 impC 5.58017596921812E-03 mP 5.52467076278122E-03 year-5.48601554518334E-06 sumLPAP 1.29809696191975E+00 harm
KEEPDBG accept 15 cc 6.88928801740561E-01 sumModel-2.61812868951658E+02 sumForcing 6.87118020644083E+01 sumM 7.02218110220096E-02 trend-7.62374271179277E-02 aero 0.00000000000000E+00 level 1.99217617637983E+04 k0-1.64928724317557E+05 init-1.42474401713633E+00 IR-4.31253933922393E-01 impC 2.22966286982204E-02 mP 3.51328069659593E-03 year-5.48601554518334E-06 sumLPAP 1.29809696191975E+00 harm
KEEPDBG accept 3 cc 6.72986675364276E-01 sumModel-3.22675258308769E+02 sumForcing-5.69879352438125E+03 sumM 1.10136478376366E-01 trend-9.85772231362188E-02 aero 0.00000000000000E+00 level 1.88036722353779E+02 k0 1.05698475849356E-01 init-2.26356894826796E+00 IR-2.08879484200346E-01 impC-1.24714187795073E-02 mP 6.10643913154452E-03 year-5.48601554518334E-06 sumLPAP 1.29809696191975E+00 harm
KEEPDBG accept 12 cc 6.62745552654945E-01 sumModel-2.20906003387153E+02 sumForcing 4.73443494994924E+02 sumM 3.69965051288081E-02 trend-5.66960084023214E-02 aero 0.00000000000000E+00 level 6.20961234832837E+01 k0 8.31780768682050E+02 init-1.56545875748598E+00 IR-5.28408080968041E-01 impC 3.03380860344663E-02 mP 6.78998830593233E-03 year-5.48601554518334E-06 sumLPAP 1.29809696191975E+00 harm
KEEPDBG accept 11 cc 6.91206720204580E-01 sumModel-2.60149584964946E+02 sumForcing 1.63783206612254E+01 sumM 5.10178186279512E-02 trend-2.23587018976059E-02 aero 0.00000000000000E+00 level 2.04445206861169E+06 k0 4.37302295885265E+07 init-3.63672578970327E+00 IR-3.05440432049219E-01 impC 3.29809468477923E-03 mP 3.91041945703023E-03 year-5.48601554518334E-06 sumLPAP 1.29809696191975E+00 harm
KEEPDBG accept 4 cc 6.62319894709688E-01 sumModel-2.53226544982087E+02 sumForcing 3.47770820819448E+02 sumM 4.76008482411361E-02 trend-6.60460357038044E-02 aero 0.00000000000000E+00 level-2.06336533811444E+03 k0 2.60502910122641E+04 init-1.47365437915413E+00 IR-4.45050895526315E-01 impC 1.87368382765269E-02 mP 6.95777028018036E-03 year-5.48601554518334E-06 sumLPAP 1.29809696191975E+00 harm
KEEPDBG accept 5 cc 6.90546890678012E-01 sumModel-2.49660149962957E+02 sumForcing 2.22702534717107E+03 sumM 1.58206708061936E-02 trend-6.77391044170235E-02 aero 0.00000000000000E+00 level-4.48001286127533E+02 k0 4.71967114537663E+02 init-2.33397507669334E+00 IR-4.59524851369546E-01 impC 4.49556160716101E-02 mP 5.63311270418530E-03 year-5.48601554518334E-06 sumLPAP 1.29809696191975E+00 harm
KEEPDBG accept 8 cc 6.80359339495113E-01 sumModel-3.13623940780409E+02 sumForcing-2.67993118157375E+02 sumM-4.92128555662138E-02 trend-1.34630191776068E-01 aero 0.00000000000000E+00 level 2.17599295734886E+02 k0-1.29553811492548E+03 init-1.61174968413483E+00 IR 1.00946374032314E-01 impC 7.68452170299076E-02 mP 6.59443432498770E-03 year-5.48601554518334E-06 sumLPAP 1.29809696191975E+00 harm
KEEPDBG accept 16 cc 6.65255538853741E-01 sumModel-2.46528688547413E+02 sumForcing 1.91984921452170E+02 sumM 5.32148978174557E-02 trend-6.40575974514114E-02 aero 0.00000000000000E+00 level-4.84910960917575E+04 k0 6.43653385984416E+05 init-1.10099535821269E+00 IR-4.72610527993182E-01 impC 1.75502937712422E-02 mP 6.82345000013191E-03 year-5.48601554518334E-06 sumLPAP 1.29809696191975E+00 harm
KEEPDBG accept 6 cc 6.67956099465046E-01 sumModel-2.30499892385453E+02 sumForcing 5.51885792034005E+02 sumM 2.14358933907694E-02 trend-6.23403630721211E-02 aero 0.00000000000000E+00 level 1.20034696759448E+02 k0 3.01127575463699E+00 init-2.77581629511024E+00 IR-4.57389790951429E-01 impC 2.79148127194107E-02 mP 5.55517765113865E-03 year-5.48601554518334E-06 sumLPAP 1.29809696191975E+00 harm
KEEPDBG accept 7 cc 6.66182367084141E-01 sumModel-2.52019742940263E+02 sumForcing 3.19165724780325E+01 sumM 5.31736006831722E-02 trend-6.31722258419048E-02 aero 0.00000000000000E+00 level-1.50013129662225E+05 k0 2.56951086904375E+07 init-2.45281024870225E+00 IR-4.61586698092194E-01 impC-1.02160485616584E-03 mP 7.40337748974203E-03 year-5.48601554518334E-06 sumLPAP 1.29809696191975E+00 harm
KEEPDBG accept 4 cc 6.62432343356437E-01 sumModel-2.50693313558143E+02 sumForcing 3.47770820819448E+02 sumM 4.76008482411361E-02 trend-6.51529333859880E-02 aero 0.00000000000000E+00 level-2.04747881723869E+03 k0 2.57163187996412E+04 init-1.47365437915413E+00 IR-4.52771929013167E-01 impC 1.87368382765269E-02 mP 6.95777028018036E-03 year-5.48601554518334E-06 sumLPAP 1.29809696191975E+00 harm
KEEPDBG accept 12 cc 6.62772437734657E-01 sumModel-2.20919192951556E+02 sumForcing 4.73443494994924E+02 sumM-5.17802920513915E-02 trend-5.66955584643364E-02 aero 0.00000000000000E+00 level 1.05762800039490E+02 k0 3.90698213219992E+01 init-1.56545875748598E+00 IR-5.28408080968041E-01 impC 3.03380860344663E-02 mP 6.78998830593233E-03 year-5.48601554518334E-06 sumLPAP 1.29809696191975E+00 harm
KEEPDBG accept 10 cc 6.67471673517253E-01 sumModel-2.81484932424367E+02 sumForcing-2.11022374120848E+03 sumM-6.05490506195649E-03 trend-6.57805608586263E-02 aero 0.00000000000000E+00 level 1.23340667806490E+02 k0 3.91926911651274E+01 init-1.54331723691036E+00 IR-3.22600169375836E-01 impC 1.63018648258704E-02 mP 9.59724356677358E-03 year-5.48601554518334E-06 sumLPAP 1.29809696191975E+00 harm
KEEPDBG accept 5 cc 6.90546996025543E-01 sumModel-2.49660062648256E+02 sumForcing 2.22702632041606E+03 sumM 1.58206708061936E-02 trend-6.77387813736545E-02 aero 0.00000000000000E+00 level-4.48008549232141E+02 k0 4.71972060912665E+02 init-2.33397507669334E+00 IR-4.59524851369546E-01 impC 4.49556160716101E-02 mP 5.63311270418530E-03 year-5.48601554518334E-06 sumLPAP 1.29809696191975E+00 harm
KEEPDBG accept 9 cc 6.93138183453335E-01 sumModel-2.12889402825403E+02 sumForcing 2.56100580309015E+02 sumM-1.63224170716808E-02 trend-1.64060502836908E-02 aero 0.00000000000000E+00 level-3.62675464016664E+04 k0 2.31188677372332E+05 init-1.62301170681743E+00 IR-5.09960812645112E-01 impC-7.57792880291413E-03 mP 5.46714401559274E-03 year-5.48601554518334E-06 sumLPAP 1.29809696191975E+00 harm
KEEPDBG accept 5 cc 6.94909582614051E-01 sumModel-3.12230332137828E+02 sumForcing 2.22702632041606E+03 sumM 1.58206708061936E-02 trend-9.59682933929547E-02 aero 0.00000000000000E+00 level-5.50605541329912E+02 k0 6.02324728619287E+02 init-2.33397507669334E+00 IR-2.13908262636192E-01 impC 4.49556160716101E-02 mP 5.63311270418530E-03 year-5.48601554518334E-06 sumLPAP 1.29809696191975E+00 harm
KEEPDBG accept 2 cc 6.20396579971379E-01 sumModel-2.10464359554311E+02 sumForcing-3.79204872918471E+02 sumM 4.89737820367427E-02 trend-4.24106176332490E-02 aero 0.00000000000000E+00 level 2.68968179795114E+02 k0 1.34732326757013E+03 init-1.64890112846678E+00 IR-5.08708359306436E-01 impC 3.01034206145067E-02 mP 5.51492872052613E-03 year-5.48601554518334E-06 sumLPAP 1.29809696191975E+00 harm
KEEPDBG accept 12 cc 6.62781483874804E-01 sumModel-2.20923790780365E+02 sumForcing 4.73443494994924E+02 sumM-6.89951231035056E-02 trend-5.66954183508131E-02 aero 0.00000000000000E+00 level 1.06319047252444E+02 k0 2.89661713748111E+01 init-1.56545875748598E+00 IR-5.28408080968041E-01 impC 3.03380860344663E-02 mP 6.78998830593233E-03 year-5.48601554518334E-06 sumLPAP 1.29809696191975E+00 harm
KEEPDBG accept 14 cc 6.65849839365610E-01 sumModel-2.32130649834014E+02 sumForcing 1.27208241829074E+01 sumM-7.54821775271126E-02 trend-5.94722911403553E-02 aero 0.00000000000000E+00 level 4.44517624732800E+03 k0 4.26185796940703E+04 init-6.68494015190615E-02 IR-5.07564070962935E-01 impC 5.33846395331927E-03 mP 6.49952431795575E-03 year-5.48601554518334E-06 sumLPAP 1.29809696191975E+00 harm
KEEPDBG accept 1 cc 6.73575676352130E-01 sumModel-2.27631208001015E+02 sumForcing 7.08045982932043E+01 sumM 3.13703361466713E-02 trend-5.48193534428837E-02 aero 0.00000000000000E+00 level 1.01908410296703E+03 k0 8.08192435259342E+03 init 4.45261015043224E-02 IR-5.10694791345592E-01 impC 5.58017596921812E-03 mP 5.52467076278122E-03 year-5.48601554518334E-06 sumLPAP 1.29809696191975E+00 harm
KEEPDBG accept 4 cc 6.62757932906589E-01 sumModel-2.50300058416068E+02 sumForcing 3.45754054319819E+02 sumM 4.76008482411361E-02 trend-6.48889141688246E-02 aero 0.00000000000000E+00 level-2.12781017515426E+03 k0 2.65822030444515E+04 init-1.28510212493419E+00 IR-4.52771929013167E-01 impC 1.87368382765269E-02 mP 6.95777028018036E-03 year-5.48601554518334E-06 sumLPAP 1.29809696191975E+00 harm
KEEPDBG accept 16 cc 6.65257319868759E-01 sumModel-2.46562439145408E+02 sumForcing 1.93023435600085E+02 sumM 5.32148978174557E-02 trend-6.40587275015799E-02 aero 0.00000000000000E+00 level-4.79973613116510E+04 k0 6.33612295538069E+05 init-1.10099535821269E+00 IR-4.72610527993182E-01 impC 1.75502937712422E-02 mP 6.82345000013191E-03 year-5.48601554518334E-06 sumLPAP 1.29809696191975E+00 harm
KEEPDBG accept 1 cc 6.73806513247855E-01 sumModel-2.23355086533661E+02 sumForcing 7.08045982932043E+01 sumM 3.13703361466713E-02 trend-5.35687458936012E-02 aero 0.00000000000000E+00 level 9.91751359076454E+02 k0 7.98174048475008E+03 init 4.45261015043224E-02 IR-5.22141674012677E-01 impC 5.58017596921812E-03 mP 5.52467076278122E-03 year-5.48601554518334E-06 sumLPAP 1.29809696191975E+00 harm
KEEPDBG accept 5 cc 6.94909583592237E-01 sumModel-3.12230355334198E+02 sumForcing 2.22702632041606E+03 sumM 1.58206708061936E-02 trend-9.59683099240385E-02 aero 0.00000000000000E+00 level-5.50605601410279E+02 k0 6.02324804953262E+02 init-2.33397507669334E+00 IR-2.13908118804148E-01 impC 4.49556160716101E-02 mP 5.63311270418530E-03 year-5.48601554518334E-06 sumLPAP 1.29809696191975E+00 harm
KEEPDBG accept 6 cc 6.67956100290320E-01 sumModel-2.30499883947538E+02 sumForcing 5.51885308016573E+02 sumM 2.14358933907694E-02 trend-6.23403569799371E-02 aero 0.00000000000000E+00 level 1.20034688474588E+02 k0 3.01127094163367E+00 init-2.77581629511024E+00 IR-4.57389790951429E-01 impC 2.79148127194107E-02 mP 5.55517765113865E-03 year-5.48601554518334E-06 sumLPAP 1.29809696191975E+00 harm
KEEPDBG accept 14 cc 6.66032310971893E-01 sumModel-1.59550371206881E+02 sumForcing 1.27208241829074E+01 sumM-7.54821775271126E-02 trend-3.98404258694098E-02 aero 0.00000000000000E+00 level 2.81882516151426E+03 k0 5.65058298267836E+04 init-6.68494015190615E-02 IR-6.73733937115671E-01 impC 5.33846395331927E-03 mP 6.49952431795575E-03 year-5.48601554518334E-06 sumLPAP 1.29809696191975E+00 harm
KEEPDBG accept 7 cc 6.66183812101859E-01 sumModel-2.51890735831987E+02 sumForcing 3.16773721206988E+01 sumM 5.31027854271690E-02 trend-6.31453214366257E-02 aero 0.00000000000000E+00 level-1.40958809806920E+05 k0 2.52317356081045E+07 init-2.45281024870225E+00 IR-4.61586698092194E-01 impC-1.02160485616584E-03 mP 7.40337748974203E-03 year-5.48601554518334E-06 sumLPAP 1.29809696191975E+00 harm
KEEPDBG accept 9 cc 6.93143334197979E-01 sumModel-2.12897637419573E+02 sumForcing 2.56053685142535E+02 sumM-1.63224170716808E-02 trend-1.64237145536735E-02 aero 0.00000000000000E+00 level-3.62488501738065E+04 k0 2.31167543540907E+05 init-1.62301170681743E+00 IR-5.09960812645112E-01 impC-7.57792880291413E-03 mP 5.46714401559274E-03 year-5.48601554518334E-06 sumLPAP 1.29809696191975E+00 harm
KEEPDBG accept 11 cc 6.91206736705855E-01 sumModel-2.60145006635454E+02 sumForcing 1.63783206612254E+01 sumM 5.10178186279512E-02 trend-2.23587018976059E-02 aero 0.00000000000000E+00 level 2.04445206861169E+06 k0 4.37302295885265E+07 init-3.63672578970327E+00 IR-3.05440432049219E-01 impC 3.32283343883456E-03 mP 3.91041945703023E-03 year-5.48601554518334E-06 sumLPAP 1.29809696191975E+00 harm
KEEPDBG accept 8 cc 6.80396391017939E-01 sumModel-3.13495170619403E+02 sumForcing-2.67979535705142E+02 sumM-4.81985931529168E-02 trend-1.34128955069564E-01 aero 0.00000000000000E+00 level 2.18728482403475E+02 k0-1.26766375938701E+03 init-1.61174968413483E+00 IR 1.00946374032314E-01 impC 7.68452170299076E-02 mP 6.59443432498770E-03 year-5.48601554518334E-06 sumLPAP 1.29809696191975E+00 harm
KEEPDBG accept 9 cc 6.93143993479999E-01 sumModel-2.12905455351661E+02 sumForcing 2.56051603916841E+02 sumM-1.63224170716808E-02 trend-1.64269032340393E-02 aero 0.00000000000000E+00 level-3.62476408305978E+04 k0 2.31171892275900E+05 init-1.62286840584109E+00 IR-5.09960812645112E-01 impC-7.57792880291413E-03 mP 5.46714401559274E-03 year-5.48601554518334E-06 sumLPAP 1.29809696191975E+00 harm
KEEPDBG accept 1 cc 6.75394756429563E-01 sumModel-1.52884071109678E+02 sumForcing 7.08045982932043E+01 sumM 3.13703361466713E-02 trend-3.59611696993135E-02 aero 0.00000000000000E+00 level 6.06927702024009E+02 k0 6.57122997927467E+03 init 4.45261015043224E-02 IR-6.83304829363379E-01 impC 5.58017596921812E-03 mP 5.52467076278122E-03 year-5.48601554518334E-06 sumLPAP 1.29809696191975E+00 harm
KEEPDBG accept 10 cc 6.67475905384933E-01 sumModel-2.73838360239764E+02 sumForcing-2.11022374120848E+03 sumM-6.05490506195649E-03 trend-6.24007665545074E-02 aero 0.00000000000000E+00 level 1.17957030511169E+02 k0 4.04217028692523E+01 init-1.54331723691036E+00 IR-3.52847146683651E-01 impC 1.63018648258704E-02 mP 9.59724356677358E-03 year-5.48601554518334E-06 sumLPAP 1.29809696191975E+00 harm
KEEPDBG accept 9 cc 6.93144132818810E-01 sumModel-2.12909458220246E+02 sumForcing 2.55907837942569E+02 sumM-1.63300515110215E-02 trend-1.64222993569180E-02 aero 0.00000000000000E+00 level-3.61731543231357E+04 k0 2.30811002231252E+05 init-1.62286840584109E+00 IR-5.09960812645112E-01 impC-7.57792880291413E-03 mP 5.46714401559274E-03 year-5.48601554518334E-06 sumLPAP 1.29809696191975E+00 harm
KEEPDBG accept 4 cc 6.63748239452868E-01 sumModel-2.49705320761077E+02 sumForcing 3.23030945782586E+02 sumM 4.76008482411361E-02 trend-6.48864765644440E-02 aero 0.00000000000000E+00 level-1.61860660651831E+03 k0 2.51015618673678E+04 init-1.28510212493419E+00 IR-4.52771929013167E-01 impC 1.87368382765269E-02 mP 6.95777028018036E-03 year-5.48601554518334E-06 sumLPAP 1.29809696191975E+00 harm
KEEPDBG accept 8 cc 6.80719972551615E-01 sumModel-3.13958910376583E+02 sumForcing-2.77660606802211E+02 sumM-4.81985931529168E-02 trend-1.34906988279454E-01 aero 0.00000000000000E+00 level 2.02502182795194E+02 k0-1.39842870663404E+03 init-1.61174968413483E+00 IR 1.00946374032314E-01 impC 7.68452170299076E-02 mP 6.59443432498770E-03 year-5.48601554518334E-06 sumLPAP 1.29809696191975E+00 harm
KEEPDBG accept 10 cc 6.67476464578270E-01 sumModel-2.73838795630237E+02 sumForcing-2.16776191696634E+03 sumM-6.05490506195649E-03 trend-6.24016845211266E-02 aero 0.00000000000000E+00 level 1.18024150441372E+02 k0 3.73140596019005E+01 init-1.54331723691036E+00 IR-3.52847146683651E-01 impC 1.63018648258704E-02 mP 9.59724356677358E-03 year-5.48601554518334E-06 sumLPAP 1.29809696191975E+00 harm
KEEPDBG accept 7 cc 6.66866848783096E-01 sumModel-2.40360430555185E+02 sumForcing 3.16773721206988E+01 sumM 5.31027854271690E-02 trend-5.94506139710730E-02 aero 0.00000000000000E+00 level-1.46098358737452E+05 k0 2.45655850994437E+07 init-2.45281024870225E+00 IR-4.94664762374971E-01 impC-1.02160485616584E-03 mP 7.40337748974203E-03 year-5.48601554518334E-06 sumLPAP 1.29809696191975E+00 harm
KEEPDBG accept 9 cc 6.93172211866837E-01 sumModel-2.12873058728650E+02 sumForcing 2.55940458310252E+02 sumM-1.63300515110215E-02 trend-1.63981195138296E-02 aero 0.00000000000000E+00 level-3.62191832023663E+04 k0 2.31081597415746E+05 init-1.62286840584109E+00 IR-5.09960812645112E-01 impC-7.57792880291413E-03 mP 5.46714401559274E-03 year-5.48601554518334E-06 sumLPAP 1.29809696191975E+00 harm
KEEPDBG accept 4 cc 6.66699081396144E-01 sumModel-2.52353527971608E+02 sumForcing 3.07318826286973E+02 sumM 4.76008482411361E-02 trend-6.59209762301270E-02 aero 0.00000000000000E+00 level-1.27665203323910E+03 k0 2.06379514721621E+04 init-8.87335154675903E-01 IR-4.52771929013167E-01 impC 1.87368382765269E-02 mP 6.95777028018036E-03 year-5.48601554518334E-06 sumLPAP 1.29809696191975E+00 harm
KEEPDBG accept 4 cc 6.66699137931984E-01 sumModel-2.52390608543551E+02 sumForcing 3.07318826286973E+02 sumM 4.76008482411361E-02 trend-6.59209762301270E-02 aero 0.00000000000000E+00 level-1.27665203323910E+03 k0 2.06379514721621E+04 init-8.87335154675903E-01 IR-4.52771929013167E-01 impC 1.85579588057970E-02 mP 6.95777028018036E-03 year-5.48601554518334E-06 sumLPAP 1.29809696191975E+00 harm
KEEPDBG accept 8 cc 6.80723230575383E-01 sumModel-3.13943366107667E+02 sumForcing-2.77685772812263E+02 sumM-4.81985931529168E-02 trend-1.34927821638955E-01 aero 0.00000000000000E+00 level 2.02506166843062E+02 k0-1.39886565757666E+03 init-1.61174968413483E+00 IR 1.00946374032314E-01 impC 7.68452170299076E-02 mP 6.59443432498770E-03 year-5.48601554518334E-06 sumLPAP 1.29809696191975E+00 harm
KEEPDBG accept 5 cc 6.94909588071130E-01 sumModel-3.12230353471416E+02 sumForcing 2.22702632455839E+03 sumM 1.58206708061936E-02 trend-9.59683078369286E-02 aero 0.00000000000000E+00 level-5.50605653776534E+02 k0 6.02324841230720E+02 init-2.33397507669334E+00 IR-2.13908118804148E-01 impC 4.49556160716101E-02 mP 5.63311270418530E-03 year-5.48601554518334E-06 sumLPAP 1.29809696191975E+00 harm
KEEPDBG accept 7 cc 6.66880685766516E-01 sumModel-2.41352032831750E+02 sumForcing 3.16633538653861E+01 sumM 5.31027854271690E-02 trend-5.94973738204968E-02 aero 0.00000000000000E+00 level-1.47102156172935E+05 k0 2.45841234718455E+07 init-2.45281024870225E+00 IR-4.94664762374971E-01 impC-1.02160485616584E-03 mP 7.40337748974203E-03 year-5.48601554518334E-06 sumLPAP 1.29809696191975E+00 harm
KEEPDBG accept 1 cc 6.75397693145502E-01 sumModel-1.52260889140938E+02 sumForcing 7.08045982932043E+01 sumM 3.13703361466713E-02 trend-3.59611696993135E-02 aero 0.00000000000000E+00 level 6.06927702024009E+02 k0 6.57122997927467E+03 init 4.45261015043224E-02 IR-6.83304829363379E-01 impC 8.17645069770504E-03 mP 5.52467076278122E-03 year-5.48601554518334E-06 sumLPAP 1.29809696191975E+00 harm
KEEPDBG accept 6 cc 6.67956227512388E-01 sumModel-2.30489863889892E+02 sumForcing 5.51885308016573E+02 sumM 4.35581965674121E-04 trend-6.23362790124121E-02 aero 0.00000000000000E+00 level 1.19195960931635E+02 k0 9.29412735791260E-01 init-2.77581629511024E+00 IR-4.57389790951429E-01 impC 2.79148127194107E-02 mP 5.55517765113865E-03 year-5.48601554518334E-06 sumLPAP 1.29809696191975E+00 harm
KEEPDBG accept 8 cc 6.80765877034951E-01 sumModel-3.13587121295660E+02 sumForcing-2.78248380321010E+02 sumM-4.81985931529168E-02 trend-1.35383143134535E-01 aero 0.00000000000000E+00 level 2.02610219551137E+02 k0-1.40853867558690E+03 init-1.61174968413483E+00 IR 1.00946374032314E-01 impC 7.68452170299076E-02 mP 6.59443432498770E-03 year-5.48601554518334E-06 sumLPAP 1.29809696191975E+00 harm
KEEPDBG accept 11 cc 6.91206770211407E-01 sumModel-2.60135271214783E+02 sumForcing 1.63783206612254E+01 sumM 5.10178186279512E-02 trend-2.23549224000266E-02 aero 0.00000000000000E+00 level 2.04433210473065E+06 k0 4.37340454941361E+07 init-3.63672578970327E+00 IR-3.05480599149901E-01 impC 3.32283343883456E-03 mP 3.91041945703023E-03 year-5.48601554518334E-06 sumLPAP 1.29809696191975E+00 harm
KEEPDBG accept 2 cc 6.33677757747722E-01 sumModel-2.22503233956378E+02 sumForcing-4.52771672059884E+02 sumM 4.89737820367427E-02 trend-4.65444497507451E-02 aero 0.00000000000000E+00 level 3.85148573421801E+02 k0 7.34368915937248E+02 init-1.64890112846678E+00 IR-5.08708359306436E-01 impC 3.01034206145067E-02 mP 5.51492872052613E-03 year-5.48601554518334E-06 sumLPAP 1.29809696191975E+00 harm
KEEPDBG accept 6 cc 6.68496939099609E-01 sumModel-1.68312118834288E+02 sumForcing 5.51885308016573E+02 sumM 4.35581965674121E-04 trend-4.35255570417019E-02 aero 0.00000000000000E+00 level 8.29588840595398E+01 k0 1.41337314396692E+00 init-2.77581629511024E+00 IR-6.14533959763580E-01 impC 2.79148127194107E-02 mP 5.55517765113865E-03 year-5.48601554518334E-06 sumLPAP 1.29809696191975E+00 harm
KEEPDBG accept 9 cc 6.93195114280053E-01 sumModel-2.12842745661548E+02 sumForcing 2.55990086367027E+02 sumM-1.63300515110215E-02 trend-1.63664614704459E-02 aero 0.00000000000000E+00 level-3.62815010043527E+04 k0 2.31437459318890E+05 init-1.62286840584109E+00 IR-5.09960812645112E-01 impC-7.57792880291413E-03 mP 5.47345272364535E-03 year-5.48601554518334E-06 sumLPAP 1.29809696191975E+00 harm
KEEPDBG accept 8 cc 6.80766093029065E-01 sumModel-3.13586910087803E+02 sumForcing-2.78248380321010E+02 sumM-5.12689064531751E-02 trend-1.35381838600740E-01 aero 0.00000000000000E+00 level 2.05543242483336E+02 k0-1.33368977610533E+03 init-1.61174968413483E+00 IR 1.00946374032314E-01 impC 7.68452170299076E-02 mP 6.59443432498770E-03 year-5.48601554518334E-06 sumLPAP 1.29809696191975E+00 harm
KEEPDBG accept 3 cc 6.73081925478862E-01 sumModel-3.22723207553268E+02 sumForcing-5.50703190528170E+03 sumM 1.10136478376366E-01 trend-9.85088089687908E-02 aero 0.00000000000000E+00 level 1.87937136249762E+02 k0 9.64834811259483E-02 init-2.26356894826796E+00 IR-2.08879484200346E-01 impC-1.24714187795073E-02 mP 6.10643913154452E-03 year-5.48601554518334E-06 sumLPAP 1.29809696191975E+00 harm
KEEPDBG accept 2 cc 6.33693002871754E-01 sumModel-2.25620438227154E+02 sumForcing-4.52771672059884E+02 sumM 4.89737820367427E-02 trend-4.65444497507451E-02 aero 0.00000000000000E+00 level 3.85148573421801E+02 k0 7.34368915937248E+02 init-1.64890112846678E+00 IR-5.08708359306436E-01 impC 1.55184994040037E-02 mP 5.51492872052613E-03 year-5.48601554518334E-06 sumLPAP 1.29809696191975E+00 harm
KEEPDBG accept 3 cc 6.73300344160004E-01 sumModel-3.25203864983560E+02 sumForcing-5.50703190528170E+03 sumM 1.10136478376366E-01 trend-1.00522449163560E-01 aero 0.00000000000000E+00 level 1.91771225906083E+02 k0 9.28343049684331E-02 init-2.26356894826796E+00 IR-1.91846405503390E-01 impC-1.24714187795073E-02 mP 6.10643913154452E-03 year-5.48601554518334E-06 sumLPAP 1.29809696191975E+00 harm
KEEPDBG accept 5 cc 6.94909588074788E-01 sumModel-3.12230352737321E+02 sumForcing 2.22701472061426E+03 sumM 1.58206708061936E-02 trend-9.59683075151500E-02 aero 0.00000000000000E+00 level-5.50613373414401E+02 k0 6.02334315942122E+02 init-2.33397507669334E+00 IR-2.13908118804148E-01 impC 4.49556160716101E-02 mP 5.63311270418530E-03 year-5.48601554518334E-06 sumLPAP 1.29809696191975E+00 harm
KEEPDBG accept 3 cc 6.73696292834013E-01 sumModel-3.25063214947965E+02 sumForcing-5.54027378295507E+03 sumM 1.10136478376366E-01 trend-1.01012816229990E-01 aero 0.00000000000000E+00 level 1.92723423073227E+02 k0 9.55049161598643E-02 init-2.26356894826796E+00 IR-1.91846405503390E-01 impC-1.24714187795073E-02 mP 6.10643913154452E-03 year-5.48601554518334E-06 sumLPAP 1.29809696191975E+00 harm
KEEPDBG accept 9 cc 6.93250538085863E-01 sumModel-2.12934233947974E+02 sumForcing 2.55653638428276E+02 sumM-1.63300515110215E-02 trend-1.64719691996458E-02 aero 0.00000000000000E+00 level-3.60940408941338E+04 k0 2.30718783846549E+05 init-1.62286840584109E+00 IR-5.09960812645112E-01 impC-7.57792880291413E-03 mP 5.47345272364535E-03 year-5.48601554518334E-06 sumLPAP 1.29809696191975E+00 harm
KEEPDBG accept 16 cc 6.65313984280448E-01 sumModel-2.42677747529788E+02 sumForcing 1.93023435600085E+02 sumM 5.32148978174557E-02 trend-6.27331017604793E-02 aero 0.00000000000000E+00 level-4.70690035785626E+04 k0 6.18780917318241E+05 init-1.10099535821269E+00 IR-4.83837501135221E-01 impC 1.75502937712422E-02 mP 6.82345000013191E-03 year-5.48601554518334E-06 sumLPAP 1.29809696191975E+00 harm
KEEPDBG accept 3 cc 6.73781870963700E-01 sumModel-3.25053658777755E+02 sumForcing-5.54214933510495E+03 sumM 1.10136478376366E-01 trend-1.00972175235757E-01 aero 0.00000000000000E+00 level 1.92645189130683E+02 k0 9.46623319939688E-02 init-2.26356894826796E+00 IR-1.91846405503390E-01 impC-1.24714187795073E-02 mP 6.10643913154452E-03 year-5.48601554518334E-06 sumLPAP 1.29809696191975E+00 harm
KEEPDBG accept 8 cc 6.80899227816517E-01 sumModel-3.13635976912067E+02 sumForcing-2.78902569567793E+02 sumM-5.12689064531751E-02 trend-1.35500707341271E-01 aero 0.00000000000000E+00 level 2.04682439942241E+02 k0-1.34105004421010E+03 init-1.61174968413483E+00 IR 1.00946374032314E-01 impC 7.68452170299076E-02 mP 6.64408269095743E-03 year-5.48601554518334E-06 sumLPAP 1.29809696191975E+00 harm
KEEPDBG accept 16 cc 6.65315175415402E-01 sumModel-2.45627692926556E+02 sumForcing 1.93023435600085E+02 sumM 5.32148978174557E-02 trend-6.27331017604793E-02 aero 0.00000000000000E+00 level-4.70690035785626E+04 k0 6.18780917318241E+05 init-1.10099535821269E+00 IR-4.83837501135221E-01 impC 3.61606246073837E-03 mP 6.82345000013191E-03 year-5.48601554518334E-06 sumLPAP 1.29809696191975E+00 harm
KEEPDBG accept 4 cc 6.66832070553486E-01 sumModel-2.45507858847689E+02 sumForcing 3.07318826286973E+02 sumM 4.76008482411361E-02 trend-6.34625491201118E-02 aero 0.00000000000000E+00 level-1.26672975128933E+03 k0 1.98664548712892E+04 init-8.87335154675903E-01 IR-4.73380767006501E-01 impC 1.85579588057970E-02 mP 6.95777028018036E-03 year-5.48601554518334E-06 sumLPAP 1.29809696191975E+00 harm
KEEPDBG accept 8 cc 6.80899529469500E-01 sumModel-3.13480040463374E+02 sumForcing-2.79144290164161E+02 sumM-5.12689064531751E-02 trend-1.35696668161134E-01 aero 0.00000000000000E+00 level 2.04755115594599E+02 k0-1.34496639134899E+03 init-1.61174968413483E+00 IR 1.00946374032314E-01 impC 7.68452170299076E-02 mP 6.64408269095743E-03 year-5.48601554518334E-06 sumLPAP 1.29809696191975E+00 harm
KEEPDBG accept 15 cc 6.90663636950475E-01 sumModel-2.62481465811455E+02 sumForcing 1.12492541362449E+02 sumM 7.67262377687027E-02 trend-7.64807447888435E-02 aero 0.00000000000000E+00 level 4.05493155153059E+04 k0-2.68272317925706E+05 init-1.42474401713633E+00 IR-4.31253933922393E-01 impC 2.22966286982204E-02 mP 3.51328069659593E-03 year-5.48601554518334E-06 sumLPAP 1.29809696191975E+00 harm
KEEPDBG accept 8 cc 6.81036372591463E-01 sumModel-3.13898494905170E+02 sumForcing-2.87828596322605E+02 sumM-5.12689064531751E-02 trend-1.36415077222206E-01 aero 0.00000000000000E+00 level 1.89757004804233E+02 k0-1.45853016913598E+03 init-1.61174968413483E+00 IR 1.00946374032314E-01 impC 7.68452170299076E-02 mP 6.64408269095743E-03 year-5.48601554518334E-06 sumLPAP 1.29809696191975E+00 harm
KEEPDBG accept 12 cc 6.62784385791557E-01 sumModel-2.22066805973730E+02 sumForcing 4.73443494994924E+02 sumM-6.89951231035056E-02 trend-5.66954183508131E-02 aero 0.00000000000000E+00 level 1.06319047252444E+02 k0 2.89661713748111E+01 init-1.56545875748598E+00 IR-5.28408080968041E-01 impC 2.50957134292621E-02 mP 6.78998830593233E-03 year-5.48601554518334E-06 sumLPAP 1.29809696191975E+00 harm
KEEPDBG accept 9 cc 6.93253643347525E-01 sumModel-2.12918335507763E+02 sumForcing 2.55655629678643E+02 sumM-1.63300515110215E-02 trend-1.64774757358645E-02 aero 0.00000000000000E+00 level-3.60856626639376E+04 k0 2.30652340522529E+05 init-1.62286840584109E+00 IR-5.09960812645112E-01 impC-7.57792880291413E-03 mP 5.47345272364535E-03 year-5.48601554518334E-06 sumLPAP 1.29809696191975E+00 harm
KEEPDBG accept 6 cc 6.68496939980685E-01 sumModel-1.68312112470906E+02 sumForcing 5.51884867917647E+02 sumM 4.35581965674121E-04 trend-4.35255525854589E-02 aero 0.00000000000000E+00 level 8.29588765877333E+01 k0 1.41337156286943E+00 init-2.77581629511024E+00 IR-6.14533959763580E-01 impC 2.79148127194107E-02 mP 5.55517765113865E-03 year-5.48601554518334E-06 sumLPAP 1.29809696191975E+00 harm
KEEPDBG accept 5 cc 6.94909588076174E-01 sumModel-3.12230351652772E+02 sumForcing 2.22701472061426E+03 sumM 1.58206708061936E-02 trend-9.59683075151500E-02 aero 0.00000000000000E+00 level-5.50613373414401E+02 k0 6.02334315942122E+02 init-2.33397507669334E+00 IR-2.13908118804148E-01 impC 4.49556223712256E-02 mP 5.63311270418530E-03 year-5.48601554518334E-06 sumLPAP 1.29809696191975E+00 harm
KEEPDBG accept 3 cc 6.73820540815213E-01 sumModel-3.25071573054102E+02 sumForcing-5.54214933510495E+03 sumM 1.09499690822809E-01 trend-1.00949432750266E-01 aero 0.00000000000000E+00 level 1.92616394153927E+02 k0 8.84792405173022E-02 init-2.26356894826796E+00 IR-1.91846405503390E-01 impC-1.24714187795073E-02 mP 6.10643913154452E-03 year-5.48601554518334E-06 sumLPAP 1.29809696191975E+00 harm
KEEPDBG accept 8 cc 6.81073994808408E-01 sumModel-3.13409954640517E+02 sumForcing-2.88548799547403E+02 sumM-5.12689064531751E-02 trend-1.37030061811584E-01 aero 0.00000000000000E+00 level 1.89716273165859E+02 k0-1.47229909253822E+03 init-1.61174968413483E+00 IR 1.00946374032314E-01 impC 7.68452170299076E-02 mP 6.64408269095743E-03 year-5.48601554518334E-06 sumLPAP 1.29809696191975E+00 harm
KEEPDBG accept 3 cc 6.76628132754890E-01 sumModel-3.24527061694215E+02 sumForcing-5.68062507295641E+03 sumM 1.09499690822809E-01 trend-9.97129939029517E-02 aero 0.00000000000000E+00 level 1.90196271804334E+02 k0 3.37922448308492E-02 init-2.26356894826796E+00 IR-1.91846405503390E-01 impC-1.24714187795073E-02 mP 6.87950121704535E-03 year-5.48601554518334E-06 sumLPAP 1.29809696191975E+00 harm
KEEPDBG accept 10 cc 6.67485142649033E-01 sumModel-2.73829886306140E+02 sumForcing-2.17256202761736E+03 sumM-6.05490506195649E-03 trend-6.23000046973666E-02 aero 0.00000000000000E+00 level 1.17856265972617E+02 k0 3.76014060384076E+01 init-1.66056830136967E+00 IR-3.52847146683651E-01 impC 1.63018648258704E-02 mP 9.59724356677358E-03 year-5.48601554518334E-06 sumLPAP 1.29809696191975E+00 harm
KEEPDBG accept 7 cc 6.66882982251939E-01 sumModel-2.41440145399486E+02 sumForcing 3.15970007353572E+01 sumM 5.31027854271690E-02 trend-5.95546354979276E-02 aero 0.00000000000000E+00 level-1.57584823729363E+05 k0 2.54852234026081E+07 init-2.41736538412828E+00 IR-4.94664762374971E-01 impC-1.02160485616584E-03 mP 7.40337748974203E-03 year-5.48601554518334E-06 sumLPAP 1.29809696191975E+00 harm
KEEPDBG accept 14 cc 6.66033697673883E-01 sumModel-1.59551804174687E+02 sumForcing 1.27208241829074E+01 sumM-4.68168887299650E-02 trend-3.98394298400180E-02 aero 0.00000000000000E+00 level 2.11968445991949E+04 k0 4.34657094006907E+05 init-6.68494015190615E-02 IR-6.73733937115671E-01 impC 5.33846395331927E-03 mP 6.49952431795575E-03 year-5.48601554518334E-06 sumLPAP 1.29809696191975E+00 harm
KEEPDBG accept 14 cc 6.66039311575079E-01 sumModel-1.59521328921013E+02 sumForcing 1.27221739734842E+01 sumM-4.68168887299650E-02 trend-3.98259458466046E-02 aero 0.00000000000000E+00 level 2.11902189164942E+04 k0 4.34277518930258E+05 init-6.68494015190615E-02 IR-6.73733937115671E-01 impC 5.33846395331927E-03 mP 6.49952431795575E-03 year-5.48601554518334E-06 sumLPAP 1.29809696191975E+00 harm
KEEPDBG accept 8 cc 6.81202769726241E-01 sumModel-3.13118153427892E+02 sumForcing-2.88092274200071E+02 sumM-4.81969093186631E-02 trend-1.35802064805600E-01 aero 0.00000000000000E+00 level 1.93033806893487E+02 k0-1.40186653160425E+03 init-1.61174968413483E+00 IR 1.00946374032314E-01 impC 7.68452170299076E-02 mP 6.64408269095743E-03 year-5.48601554518334E-06 sumLPAP 1.29809696191975E+00 harm
KEEPDBG accept 5 cc 6.94909588150445E-01 sumModel-3.12230352188131E+02 sumForcing 2.22701472061426E+03 sumM 1.58206969662544E-02 trend-9.59683076587359E-02 aero 0.00000000000000E+00 level-5.50613731945291E+02 k0 6.02334611013884E+02 init-2.33397507669334E+00 IR-2.13908118804148E-01 impC 4.49556223712256E-02 mP 5.63311270418530E-03 year-5.48601554518334E-06 sumLPAP 1.29809696191975E+00 harm
KEEPDBG accept 9 cc 6.93430769372021E-01 sumModel-2.14352238079035E+02 sumForcing 2.55655629678643E+02 sumM-1.63300515110215E-02 trend-1.66129860040916E-02 aero 0.00000000000000E+00 level-3.61464400932523E+04 k0 2.30615357917744E+05 init-1.62286840584109E+00 IR-5.05817796240160E-01 impC-7.57792880291413E-03 mP 5.47345272364535E-03 year-5.48601554518334E-06 sumLPAP 1.29809696191975E+00 harm
KEEPDBG accept 11 cc 7.03740464115277E-01 sumModel-2.44375840244868E+02 sumForcing 1.84773438122964E+01 sumM 5.10178186279512E-02 trend-2.65206946457474E-02 aero 0.00000000000000E+00 level 1.36765817818662E+06 k0 1.25343545328881E+08 init-3.63672578970327E+00 IR-3.05480599149901E-01 impC 3.32283343883456E-03 mP 3.91041945703023E-03 year-5.48601554518334E-06 sumLPAP 1.29809696191975E+00 harm
KEEPDBG accept 8 cc 6.81202940928284E-01 sumModel-3.13041555854873E+02 sumForcing-2.88092274200071E+02 sumM-4.81969093186631E-02 trend-1.35802064805600E-01 aero 0.00000000000000E+00 level 1.93033806893487E+02 k0-1.40186653160425E+03 init-1.61174968413483E+00 IR 1.00946374032314E-01 impC 7.74447289230193E-02 mP 6.64408269095743E-03 year-5.48601554518334E-06 sumLPAP 1.29809696191975E+00 harm
KEEPDBG accept 5 cc 6.94909599064467E-01 sumModel-3.12230335819183E+02 sumForcing 2.22701482682826E+03 sumM 1.58206969662544E-02 trend-9.59682538126092E-02 aero 0.00000000000000E+00 level-5.50614664068503E+02 k0 6.02335222059048E+02 init-2.33397728924085E+00 IR-2.13908118804148E-01 impC 4.49556223712256E-02 mP 5.63311270418530E-03 year-5.48601554518334E-06 sumLPAP 1.29809696191975E+00 harm
KEEPDBG accept 5 cc 6.94909603763826E-01 sumModel-3.12230447250579E+02 sumForcing 2.22701482682826E+03 sumM 1.58206969662544E-02 trend-9.59683332310092E-02 aero 0.00000000000000E+00 level-5.50614952711267E+02 k0 6.02335588788106E+02 init-2.33397728924085E+00 IR-2.13907427807866E-01 impC 4.49556223712256E-02 mP 5.63311270418530E-03 year-5.48601554518334E-06 sumLPAP 1.29809696191975E+00 harm
KEEPDBG accept 1 cc 6.75399457505586E-01 sumModel-1.51795356155926E+02 sumForcing 7.08045982932043E+01 sumM 3.13703361466713E-02 trend-3.59611696993135E-02 aero 0.00000000000000E+00 level 6.06927702024009E+02 k0 6.57122997927467E+03 init 4.45261015043224E-02 IR-6.83304829363379E-01 impC 1.01159348049003E-02 mP 5.52467076278122E-03 year-5.48601554518334E-06 sumLPAP 1.29809696191975E+00 harm
KEEPDBG accept 6 cc 6.68511652345221E-01 sumModel-1.68306126491524E+02 sumForcing 5.51884867917647E+02 sumM-9.42255422988939E-03 trend-4.35193777838655E-02 aero 0.00000000000000E+00 level 8.29333085793739E+01 k0 9.27758476707509E-01 init-2.77581629511024E+00 IR-6.14533959763580E-01 impC 2.79148127194107E-02 mP 5.55517765113865E-03 year-5.48601554518334E-06 sumLPAP 1.29809696191975E+00 harm
KEEPDBG accept 1 cc 6.75852545115521E-01 sumModel-1.51537637283306E+02 sumForcing 7.17604130349760E+01 sumM 3.13703361466713E-02 trend-3.58909326553046E-02 aero 0.00000000000000E+00 level 6.12474021945193E+02 k0 7.10739373351537E+03 init 4.45261015043224E-02 IR-6.83304829363379E-01 impC 1.01159348049003E-02 mP 5.52467076278122E-03 year-5.48601554518334E-06 sumLPAP 1.29809696191975E+00 harm
KEEPDBG accept 11 cc 7.03740464243613E-01 sumModel-2.44375820826608E+02 sumForcing 1.84773438122964E+01 sumM 5.10178186279512E-02 trend-2.65206905436834E-02 aero 0.00000000000000E+00 level 1.36765809290608E+06 k0 1.25343542570615E+08 init-3.63672578970327E+00 IR-3.05480645646050E-01 impC 3.32283343883456E-03 mP 3.91041945703023E-03 year-5.48601554518334E-06 sumLPAP 1.29809696191975E+00 harm
KEEPDBG accept 2 cc 6.34269673137850E-01 sumModel-2.24766343237348E+02 sumForcing-4.62564139680210E+02 sumM 4.89737820367427E-02 trend-4.55053570812495E-02 aero 0.00000000000000E+00 level 3.86133363130735E+02 k0 7.61576895104093E+02 init-1.64890112846678E+00 IR-5.08708359306436E-01 impC 1.55184994040037E-02 mP 5.51492872052613E-03 year-5.48601554518334E-06 sumLPAP 1.29809696191975E+00 harm
KEEPDBG accept 9 cc 6.93432036293454E-01 sumModel-2.14354887964837E+02 sumForcing 2.54333910371956E+02 sumM-1.63300515110215E-02 trend-1.66249306219818E-02 aero 0.00000000000000E+00 level-3.65207575683847E+04 k0 2.34231852744358E+05 init-1.62286840584109E+00 IR-5.05817796240160E-01 impC-7.57792880291413E-03 mP 5.47345272364535E-03 year-5.48601554518334E-06 sumLPAP 1.29809696191975E+00 harm
KEEPDBG accept 11 cc 7.03989935551643E-01 sumModel-2.31566694391249E+02 sumForcing 1.84773401488645E+01 sumM 5.10178186279512E-02 trend-2.15392158958751E-02 aero 0.00000000000000E+00 level 1.32965382995701E+06 k0 1.43974752589866E+08 init-3.63672578970327E+00 IR-3.05480645646050E-01 impC 3.32283343883456E-03 mP 3.91041784507409E-03 year-5.48601554518334E-06 sumLPAP 1.29809696191975E+00 harm
KEEPDBG accept 1 cc 6.76038753776993E-01 sumModel-1.51320473076095E+02 sumForcing 7.27351230601468E+01 sumM 3.13703361466713E-02 trend-3.57839807506697E-02 aero 0.00000000000000E+00 level 6.17050572131124E+02 k0 7.54446784721839E+03 init 4.45261015043224E-02 IR-6.83304829363379E-01 impC 1.01159348049003E-02 mP 5.55162949887788E-03 year-5.48601554518334E-06 sumLPAP 1.29809696191975E+00 harm
KEEPDBG accept 1 cc 6.76043511835558E-01 sumModel-1.51324221441547E+02 sumForcing 1.19401196680741E+02 sumM 3.13703361466713E-02 trend-3.57874881880292E-02 aero 0.00000000000000E+00 level 2.71670336406784E+02 k0 1.70532253648827E+03 init 4.45261015043224E-02 IR-6.83304829363379E-01 impC 1.01159348049003E-02 mP 5.55162949887788E-03 year-5.48601554518334E-06 sumLPAP 1.29809696191975E+00 harm
KEEPDBG accept 10 cc 6.67640188730228E-01 sumModel-2.74018628856185E+02 sumForcing-2.19400844406335E+03 sumM-6.05490506195649E-03 trend-6.20783999584556E-02 aero 0.00000000000000E+00 level 1.17304846436045E+02 k0 3.80605350623898E+01 init-1.66056830136967E+00 IR-3.52847146683651E-01 impC 1.63018648258704E-02 mP 9.59724356677358E-03 year-5.48601554518334E-06 sumLPAP 1.29809696191975E+00 harm
KEEPDBG accept 5 cc 6.94909605577148E-01 sumModel-3.12229029259135E+02 sumForcing 2.22701482682826E+03 sumM 1.58206969662544E-02 trend-9.59683332310092E-02 aero 0.00000000000000E+00 level-5.50614952711267E+02 k0 6.02335588788106E+02 init-2.33397728924085E+00 IR-2.13907427807866E-01 impC 4.49638588003653E-02 mP 5.63311270418530E-03 year-5.48601554518334E-06 sumLPAP 1.29809696191975E+00 harm
KEEPDBG accept 14 cc 6.66059922374706E-01 sumModel-1.59530033139701E+02 sumForcing 6.39706813434202E+00 sumM-4.68168887299650E-02 trend-3.98379307711069E-02 aero 0.00000000000000E+00 level 8.36838468195861E+04 k0 3.40778982148993E+06 init-6.68494015190615E-02 IR-6.73733937115671E-01 impC 5.33846395331927E-03 mP 6.49952431795575E-03 year-5.48601554518334E-06 sumLPAP 1.29809696191975E+00 harm
KEEPDBG accept 3 cc 6.76680421783412E-01 sumModel-3.24561475231935E+02 sumForcing-5.46158734187506E+03 sumM 1.09104881331426E-01 trend-9.96087375731086E-02 aero 0.00000000000000E+00 level 1.89973648226008E+02 k0 4.55148327779364E-02 init-2.26356894826796E+00 IR-1.91846405503390E-01 impC-1.24714187795073E-02 mP 6.87950121704535E-03 year-5.48601554518334E-06 sumLPAP 1.29809696191975E+00 harm
KEEPDBG accept 3 cc 6.78159842198575E-01 sumModel-3.24500730433312E+02 sumForcing-5.34228033086470E+03 sumM 1.09104881331426E-01 trend-9.98749955710467E-02 aero 0.00000000000000E+00 level 1.90515100886026E+02 k0 7.24697844305702E-02 init-1.86181860298534E+00 IR-1.91846405503390E-01 impC-1.24714187795073E-02 mP 6.87950121704535E-03 year-5.48601554518334E-06 sumLPAP 1.29809696191975E+00 harm
KEEPDBG accept 14 cc 6.66369507696220E-01 sumModel-1.81325353764860E+02 sumForcing 6.39706813434202E+00 sumM-4.68168887299650E-02 trend-4.51785939376317E-02 aero 0.00000000000000E+00 level 9.68667156586316E+04 k0 3.17906011442474E+06 init-6.68494015190615E-02 IR-6.28527854774051E-01 impC 5.33846395331927E-03 mP 6.49952431795575E-03 year-5.48601554518334E-06 sumLPAP 1.29809696191975E+00 harm
KEEPDBG accept 3 cc 6.78341738635030E-01 sumModel-3.24574774876421E+02 sumForcing-5.34228033086470E+03 sumM 1.06595928197551E-01 trend-9.98021339449728E-02 aero 0.00000000000000E+00 level 1.90442494657652E+02 k0 4.40329806690296E-02 init-1.86181860298534E+00 IR-1.91846405503390E-01 impC-1.24714187795073E-02 mP 6.87950121704535E-03 year-5.48601554518334E-06 sumLPAP 1.29809696191975E+00 harm
KEEPDBG accept 4 cc 6.68500419391384E-01 sumModel-2.43761377621120E+02 sumForcing 3.11236854000937E+02 sumM 4.76008482411361E-02 trend-6.31945814214679E-02 aero 0.00000000000000E+00 level-1.60911081268968E+03 k0 2.36728071481247E+04 init-8.87335154675903E-01 IR-4.73380767006501E-01 impC 1.85579588057970E-02 mP 6.95777028018036E-03 year-5.48601554518334E-06 sumLPAP 1.29809696191975E+00 harm
KEEPDBG accept 8 cc 6.81204663172329E-01 sumModel-3.13036645395564E+02 sumForcing-2.88072840702093E+02 sumM-4.81969093186631E-02 trend-1.35791136655029E-01 aero 0.00000000000000E+00 level 1.93050403947560E+02 k0-1.40174310077392E+03 init-1.61174968413483E+00 IR 1.00946374032314E-01 impC 7.74447289230193E-02 mP 6.64408269095743E-03 year-5.48601554518334E-06 sumLPAP 1.29809696191975E+00 harm
KEEPDBG accept 9 cc 6.93553529696687E-01 sumModel-2.14029508553893E+02 sumForcing 2.55827299875618E+02 sumM-1.63300515110215E-02 trend-1.60359895077590E-02 aero 0.00000000000000E+00 level-3.79983231786609E+04 k0 2.42599864316660E+05 init-1.62286840584109E+00 IR-5.05817796240160E-01 impC-7.57792880291413E-03 mP 5.61662153341371E-03 year-5.48601554518334E-06 sumLPAP 1.29809696191975E+00 harm
KEEPDBG accept 3 cc 6.78584014182496E-01 sumModel-3.24594346972077E+02 sumForcing-5.30872639117975E+03 sumM 1.06595928197551E-01 trend-9.95502001709316E-02 aero 0.00000000000000E+00 level 1.89974758850617E+02 k0 4.97431044719270E-02 init-1.86181860298534E+00 IR-1.91846405503390E-01 impC-1.24714187795073E-02 mP 6.87950121704535E-03 year-5.48601554518334E-06 sumLPAP 1.29809696191975E+00 harm
KEEPDBG accept 10 cc 6.67640208991786E-01 sumModel-2.74018640577584E+02 sumForcing-2.19400844406335E+03 sumM-6.07324552617398E-03 trend-6.20784211057149E-02 aero 0.00000000000000E+00 level 1.17307754444173E+02 k0 3.79780737693511E+01 init-1.66056830136967E+00 IR-3.52847146683651E-01 impC 1.63018648258704E-02 mP 9.59724356677358E-03 year-5.48601554518334E-06 sumLPAP 1.29809696191975E+00 harm
KEEPDBG accept 8 cc 6.81801085509585E-01 sumModel-3.13189277382319E+02 sumForcing-3.16188758069128E+02 sumM-4.71126227684783E-02 trend-1.35405653976414E-01 aero 0.00000000000000E+00 level 1.29692832407119E+02 k0-1.76901707207333E+03 init-1.61174968413483E+00 IR 1.00946374032314E-01 impC 7.74447289230193E-02 mP 6.64408269095743E-03 year-5.48601554518334E-06 sumLPAP 1.29809696191975E+00 harm
KEEPDBG accept 3 cc 6.78784541000613E-01 sumModel-3.24682974432894E+02 sumForcing-4.90633082559731E+03 sumM 1.06595928197551E-01 trend-9.94744208948661E-02 aero 0.00000000000000E+00 level 1.89936225378105E+02 k0 9.87833305408457E-03 init-1.86181860298534E+00 IR-1.91846405503390E-01 impC-1.24714187795073E-02 mP 6.87950121704535E-03 year-5.48601554518334E-06 sumLPAP 1.29809696191975E+00 harm
KEEPDBG accept 9 cc 6.93557169896845E-01 sumModel-2.14019664692205E+02 sumForcing 2.55828137102916E+02 sumM-1.63300515110215E-02 trend-1.60356383467403E-02 aero 0.00000000000000E+00 level-3.79875149076589E+04 k0 2.42495755434903E+05 init-1.62286840584109E+00 IR-5.05817796240160E-01 impC-7.57792880291413E-03 mP 5.61662153341371E-03 year-5.48601554518334E-06 sumLPAP 1.29809696191975E+00 harm
KEEPDBG accept 2 cc 6.34507037023136E-01 sumModel-2.24782974139351E+02 sumForcing-1.35485330852279E+03 sumM 4.89737820367427E-02 trend-4.53898830805150E-02 aero 0.00000000000000E+00 level 1.20688778381146E+02 k0 3.07241488566182E+01 init-1.64890112846678E+00 IR-5.08708359306436E-01 impC 1.55184994040037E-02 mP 5.51492872052613E-03 year-5.48601554518334E-06 sumLPAP 1.29809696191975E+00 harm
KEEPDBG accept 16 cc 6.66014838748504E-01 sumModel-2.46314659924525E+02 sumForcing 1.91747993197774E+02 sumM 5.32148978174557E-02 trend-6.32189143614442E-02 aero 0.00000000000000E+00 level-4.55369540333637E+04 k0 5.96507085805698E+05 init-1.04264833321021E+00 IR-4.83837501135221E-01 impC 3.61606246073837E-03 mP 6.82345000013191E-03 year-5.48601554518334E-06 sumLPAP 1.29809696191975E+00 harm
KEEPDBG accept 12 cc 6.62786370930948E-01 sumModel-2.24028355699582E+02 sumForcing 4.73443494994924E+02 sumM-6.89951231035056E-02 trend-5.66954183508131E-02 aero 0.00000000000000E+00 level 1.06319047252444E+02 k0 2.89661713748111E+01 init-1.56545875748598E+00 IR-5.28408080968041E-01 impC 1.60991798693935E-02 mP 6.78998830593233E-03 year-5.48601554518334E-06 sumLPAP 1.29809696191975E+00 harm
KEEPDBG accept 7 cc 6.66942371700260E-01 sumModel-2.41875218661431E+02 sumForcing 3.15970007353572E+01 sumM 5.31213005234657E-02 trend-5.95256781804860E-02 aero 0.00000000000000E+00 level-1.66528871276121E+05 k0 2.63215822543758E+07 init-2.41736538412828E+00 IR-4.94664762374971E-01 impC-1.02160485616584E-03 mP 7.40337748974203E-03 year-5.48601554518334E-06 sumLPAP 1.29809696191975E+00 harm
KEEPDBG accept 5 cc 6.94910805051384E-01 sumModel-3.12227332333922E+02 sumForcing 2.22702649421570E+03 sumM 1.58206969662544E-02 trend-9.59624159142288E-02 aero 0.00000000000000E+00 level-5.50717485263549E+02 k0 6.02402828874077E+02 init-2.33422033569099E+00 IR-2.13907427807866E-01 impC 4.49638588003653E-02 mP 5.63311270418530E-03 year-5.48601554518334E-06 sumLPAP 1.29809696191975E+00 harm
KEEPDBG accept 3 cc 6.78982841970636E-01 sumModel-3.24774634478688E+02 sumForcing-4.45424449760821E+03 sumM 1.06595928197551E-01 trend-9.94047735436996E-02 aero 0.00000000000000E+00 level 1.89959100885970E+02 k0-5.96038602517626E-02 init-1.86181860298534E+00 IR-1.91846405503390E-01 impC-1.24714187795073E-02 mP 6.87950121704535E-03 year-5.48601554518334E-06 sumLPAP 1.29809696191975E+00 harm
KEEPDBG accept 10 cc 6.67640547312244E-01 sumModel-2.74018892590788E+02 sumForcing-2.22665290889465E+03 sumM-6.07324552617398E-03 trend-6.20789467490058E-02 aero 0.00000000000000E+00 level 1.17346650788149E+02 k0 3.63466093433023E+01 init-1.66056830136967E+00 IR-3.52847146683651E-01 impC 1.63018648258704E-02 mP 9.59724356677358E-03 year-5.48601554518334E-06 sumLPAP 1.29809696191975E+00 harm
KEEPDBG accept 1 cc 6.76044284306687E-01 sumModel-1.51324832158534E+02 sumForcing 1.19401196680741E+02 sumM 1.45773214469169E-02 trend-3.57886766975254E-02 aero 0.00000000000000E+00 level 1.21495018298037E+02 k0 4.47594481907700E+02 init 4.45261015043224E-02 IR-6.83304829363379E-01 impC 1.01159348049003E-02 mP 5.55162949887788E-03 year-5.48601554518334E-06 sumLPAP 1.29809696191975E+00 harm
KEEPDBG accept 2 cc 6.36148560002761E-01 sumModel-2.27342121516246E+02 sumForcing-1.41860862288669E+03 sumM 4.89737820367427E-02 trend-4.83629688312696E-02 aero 0.00000000000000E+00 level 1.22632754557875E+02 k0 2.06202272388329E+01 init-1.64890112846678E+00 IR-5.08708359306436E-01 impC 1.55184994040037E-02 mP 5.51492872052613E-03 year-5.48601554518334E-06 sumLPAP 1.29809696191975E+00 harm
KEEPDBG accept 6 cc 6.68526974249529E-01 sumModel-1.68300235908930E+02 sumForcing 6.22800358625095E+02 sumM-9.42255422988939E-03 trend-4.35131304061303E-02 aero 0.00000000000000E+00 level 8.29134303460065E+01 k0 5.71456464727487E-01 init-2.77581629511024E+00 IR-6.14533959763580E-01 impC 2.79148127194107E-02 mP 5.55517765113865E-03 year-5.48601554518334E-06 sumLPAP 1.29809696191975E+00 harm
KEEPDBG accept 2 cc 6.44388140796520E-01 sumModel-2.41365120407308E+02 sumForcing-1.36033405966756E+02 sumM-4.10579403371750E-05 trend-6.49094647802703E-02 aero 0.00000000000000E+00 level 1.55407914262903E+02 k0 2.44084884071151E+01 init-1.64890112846678E+00 IR-5.08708359306436E-01 impC 1.55184994040037E-02 mP 5.51492872052613E-03 year-5.48601554518334E-06 sumLPAP 1.29809696191975E+00 harm
KEEPDBG accept 1 cc 6.76044306728336E-01 sumModel-1.51324850119554E+02 sumForcing 1.19401196680741E+02 sumM 1.42087513620276E-02 trend-3.57887113835941E-02 aero 0.00000000000000E+00 level 1.20366512573157E+02 k0 4.38142755738781E+02 init 4.45261015043224E-02 IR-6.83304829363379E-01 impC 1.01159348049003E-02 mP 5.55162949887788E-03 year-5.48601554518334E-06 sumLPAP 1.29809696191975E+00 harm
KEEPDBG accept 12 cc 6.62787910492300E-01 sumModel-2.24029131428990E+02 sumForcing 4.84311883464835E+02 sumM-6.89951231035056E-02 trend-5.66952974262727E-02 aero 0.00000000000000E+00 level 1.06394971617903E+02 k0 2.69646898088661E+01 init-1.56545875748598E+00 IR-5.28408080968041E-01 impC 1.60991798693935E-02 mP 6.78998830593233E-03 year-5.48601554518334E-06 sumLPAP 1.29809696191975E+00 harm
KEEPDBG accept 9 cc 6.93648646535556E-01 sumModel-2.13962501952910E+02 sumForcing 2.56128743141231E+02 sumM-1.63300515110215E-02 trend-1.58924545433113E-02 aero 0.00000000000000E+00 level-3.83357208025952E+04 k0 2.44543097921028E+05 init-1.62286840584109E+00 IR-5.05817796240160E-01 impC-7.57792880291413E-03 mP 5.61662153341371E-03 year-5.48601554518334E-06 sumLPAP 1.29809696191975E+00 harm
KEEPDBG accept 8 cc 6.82405236524463E-01 sumModel-3.13313386196754E+02 sumForcing-3.18285540324217E+02 sumM-4.71126227684783E-02 trend-1.36029882004721E-01 aero 0.00000000000000E+00 level 1.24993381151029E+02 k0-1.80139690003481E+03 init-1.61174968413483E+00 IR 1.00946374032314E-01 impC 7.74447289230193E-02 mP 6.64408269095743E-03 year-5.48601554518334E-06 sumLPAP 1.29809696191975E+00 harm
KEEPDBG accept 5 cc 6.94910824905852E-01 sumModel-3.12227328168666E+02 sumForcing 2.22702649421570E+03 sumM 1.59054920085164E-02 trend-9.59624059053311E-02 aero 0.00000000000000E+00 level-5.51845110206513E+02 k0 6.03328574515934E+02 init-2.33422033569099E+00 IR-2.13907427807866E-01 impC 4.49638588003653E-02 mP 5.63311270418530E-03 year-5.48601554518334E-06 sumLPAP 1.29809696191975E+00 harm
KEEPDBG accept 12 cc 6.63730631814695E-01 sumModel-2.23413335255744E+02 sumForcing 4.86674878083057E+02 sumM-6.89951231035056E-02 trend-5.64757296890201E-02 aero 0.00000000000000E+00 level 1.05793407136749E+02 k0 2.90562192705922E+01 init-1.56545875748598E+00 IR-5.28408080968041E-01 impC 1.60991798693935E-02 mP 6.78998830593233E-03 year-5.48601554518334E-06 sumLPAP 1.29809696191975E+00 harm
KEEPDBG accept 8 cc 6.82430040499345E-01 sumModel-3.13250031139119E+02 sumForcing-2.32958611664502E+02 sumM-4.71126227684783E-02 trend-1.35894283306612E-01 aero 0.00000000000000E+00 level 9.31097259121062E+00 k0-4.59371972533330E+03 init-1.61174968413483E+00 IR 1.00946374032314E-01 impC 7.74447289230193E-02 mP 6.64408269095743E-03 year-5.48601554518334E-06 sumLPAP 1.29809696191975E+00 harm
KEEPDBG accept 7 cc 6.66970480452150E-01 sumModel-2.39423783464480E+02 sumForcing 3.15977115344975E+01 sumM 5.31213005234657E-02 trend-5.95013965267461E-02 aero 0.00000000000000E+00 level-1.64416928042963E+05 k0 2.62037246027602E+07 init-2.41736538412828E+00 IR-4.94664762374971E-01 impC-1.02160485616584E-03 mP 7.40337748974203E-03 year-5.48601554518334E-06 sumLPAP 1.29809696191975E+00 harm
KEEPDBG accept 10 cc 6.68294520921920E-01 sumModel-2.74424688948329E+02 sumForcing-2.31995196012792E+03 sumM-6.07324552617398E-03 trend-6.36546963934963E-02 aero 0.00000000000000E+00 level 1.21727774512168E+02 k0 3.98642692510617E+01 init-1.66056830136967E+00 IR-3.52847146683651E-01 impC 1.63018648258704E-02 mP 9.59724356677358E-03 year-5.48601554518334E-06 sumLPAP 1.29809696191975E+00 harm
KEEPDBG accept 5 cc 6.94925080656743E-01 sumModel-3.12231696351368E+02 sumForcing 2.22724311341191E+03 sumM 1.57190116352376E-02 trend-9.59193009621276E-02 aero 0.00000000000000E+00 level-5.51509699151795E+02 k0 6.02921894071214E+02 init-2.33422033569099E+00 IR-2.13907427807866E-01 impC 4.49638588003653E-02 mP 5.63311270418530E-03 year-5.48601554518334E-06 sumLPAP 1.29809696191975E+00 harm
KEEPDBG accept 10 cc 6.68304062495911E-01 sumModel-2.74430831462112E+02 sumForcing-2.31995196012792E+03 sumM-1.31683156491513E-02 trend-6.36663355591923E-02 aero 0.00000000000000E+00 level 1.21722194231083E+02 k0 1.98867429144007E+01 init-1.66056830136967E+00 IR-3.52847146683651E-01 impC 1.63018648258704E-02 mP 9.59724356677358E-03 year-5.48601554518334E-06 sumLPAP 1.29809696191975E+00 harm
KEEPDBG accept 2 cc 6.70356149966851E-01 sumModel-2.40535606654836E+02 sumForcing-1.21326426328765E+03 sumM-4.10579403371750E-05 trend-6.68272644501968E-02 aero 0.00000000000000E+00 level 1.55692547453466E+02 k0-2.47176622015066E-02 init-1.64890112846678E+00 IR-5.08708359306436E-01 impC 1.55184994040037E-02 mP 5.51492872052613E-03 year-5.48601554518334E-06 sumLPAP 1.29809696191975E+00 harm
KEEPDBG accept 9 cc 6.94005380350702E-01 sumModel-2.14394048355310E+02 sumForcing 2.54196387679755E+02 sumM-1.63300515110215E-02 trend-1.64850421390703E-02 aero 0.00000000000000E+00 level-3.71256139781075E+04 k0 2.39358675877990E+05 init-1.62286840584109E+00 IR-5.05817796240160E-01 impC-7.57792880291413E-03 mP 5.61662153341371E-03 year-5.48601554518334E-06 sumLPAP 1.29809696191975E+00 harm
KEEPDBG accept 5 cc 6.95134148395596E-01 sumModel-3.12118966682795E+02 sumForcing 2.22983955449393E+03 sumM 1.57190116352376E-02 trend-9.56414746516877E-02 aero 0.00000000000000E+00 level-5.67979652315732E+02 k0 6.14886027588681E+02 init-2.33422033569099E+00 IR-2.13907427807866E-01 impC 4.49638588003653E-02 mP 5.63311270418530E-03 year-5.48601554518334E-06 sumLPAP 1.29809696191975E+00 harm
KEEPDBG accept 9 cc 6.94023726474027E-01 sumModel-2.14424038845053E+02 sumForcing 2.54152012839383E+02 sumM-1.63300515110215E-02 trend-1.65320027694295E-02 aero 0.00000000000000E+00 level-3.70690498462410E+04 k0 2.39067849484342E+05 init-1.61974717460006E+00 IR-5.05817796240160E-01 impC-7.57792880291413E-03 mP 5.61662153341371E-03 year-5.48601554518334E-06 sumLPAP 1.29809696191975E+00 harm
KEEPDBG accept 16 cc 6.66566485371759E-01 sumModel-2.46233445233198E+02 sumForcing 1.90534016519121E+02 sumM 5.56990929756390E-02 trend-6.49683167121787E-02 aero 0.00000000000000E+00 level-5.95068827786860E+04 k0 7.40280313093049E+05 init-1.04264833321021E+00 IR-4.83837501135221E-01 impC 3.61606246073837E-03 mP 6.82345000013191E-03 year-5.48601554518334E-06 sumLPAP 1.29809696191975E+00 harm
KEEPDBG accept 2 cc 6.70869196156933E-01 sumModel-2.39522023375417E+02 sumForcing-1.10137605092809E+03 sumM-4.10579403371750E-05 trend-6.69587574668038E-02 aero 0.00000000000000E+00 level 1.56034621973407E+02 k0 4.56390379040941E+00 init-1.64890112846678E+00 IR-5.08708359306436E-01 impC 1.55184994040037E-02 mP 5.51492872052613E-03 year-5.48601554518334E-06 sumLPAP 1.29809696191975E+00 harm
KEEPDBG accept 3 cc 6.83834578786925E-01 sumModel-3.21705330713799E+02 sumForcing-4.79561545634812E+03 sumM 1.06595928197551E-01 trend-9.48067197155345E-02 aero 0.00000000000000E+00 level 1.80689750472166E+02 k0-4.72584995947381E-01 init-1.86181860298534E+00 IR-1.91846405503390E-01 impC-1.24714187795073E-02 mP 8.78270465700828E-03 year-5.48601554518334E-06 sumLPAP 1.29809696191975E+00 harm
KEEPDBG accept 5 cc 6.95134365720451E-01 sumModel-3.12118908542692E+02 sumForcing 2.22983955449393E+03 sumM 1.67581326864502E-02 trend-9.56413437594568E-02 aero 0.00000000000000E+00 level-5.82302642041707E+02 k0 6.26622014286981E+02 init-2.33422033569099E+00 IR-2.13907427807866E-01 impC 4.49638588003653E-02 mP 5.63311270418530E-03 year-5.48601554518334E-06 sumLPAP 1.29809696191975E+00 harm
KEEPDBG accept 3 cc 6.84224405126238E-01 sumModel-3.20809142836162E+02 sumForcing-4.85699318351769E+03 sumM 1.06595928197551E-01 trend-9.41114928374902E-02 aero 0.00000000000000E+00 level 1.79264221980683E+02 k0-5.49736652337009E-01 init-1.86181860298534E+00 IR-1.91846405503390E-01 impC-1.24714187795073E-02 mP 8.78270465700828E-03 year-5.48601554518334E-06 sumLPAP 1.29809696191975E+00 harm
KEEPDBG accept 8 cc 6.82432077819228E-01 sumModel-3.13257877641860E+02 sumForcing-2.32945754434366E+02 sumM-4.71126227684783E-02 trend-1.35903826627813E-01 aero 0.00000000000000E+00 level 9.44902487375225E+00 k0-4.59206737411586E+03 init-1.61174968413483E+00 IR 1.00946374032314E-01 impC 7.74447289230193E-02 mP 6.64408269095743E-03 year-5.48601554518334E-06 sumLPAP 1.29809696191975E+00 harm
KEEPDBG accept 1 cc 6.76058207664812E-01 sumModel-1.51335895947743E+02 sumForcing 1.19455914868870E+02 sumM 1.42087513620276E-02 trend-3.57986005888987E-02 aero 0.00000000000000E+00 level 1.20352453148240E+02 k0 4.38271882157528E+02 init 4.45261015043224E-02 IR-6.83304829363379E-01 impC 1.01159348049003E-02 mP 5.55162949887788E-03 year-5.48601554518334E-06 sumLPAP 1.29809696191975E+00 harm
KEEPDBG accept 8 cc 6.82433411122660E-01 sumModel-3.13263150612704E+02 sumForcing-2.32937109767031E+02 sumM-4.71126227684783E-02 trend-1.35910233279754E-01 aero 0.00000000000000E+00 level 9.54202716227136E+00 k0-4.59095474454437E+03 init-1.61174968413483E+00 IR 1.00946374032314E-01 impC 7.74447289230193E-02 mP 6.64408269095743E-03 year-5.48601554518334E-06 sumLPAP 1.29809696191975E+00 harm
KEEPDBG accept 9 cc 6.94961521735225E-01 sumModel-2.16343624906033E+02 sumForcing 2.59329428359387E+02 sumM-1.63300515110215E-02 trend-1.95013886985783E-02 aero 0.00000000000000E+00 level-3.71206109065565E+04 k0 2.35473976622379E+05 init-1.61974717460006E+00 IR-5.05817796240160E-01 impC-7.57792880291413E-03 mP 5.61662153341371E-03 year-5.48601554518334E-06 sumLPAP 1.29809696191975E+00 harm
KEEPDBG accept 8 cc 6.83256407890283E-01 sumModel-3.13673540190205E+02 sumForcing-2.36893847687630E+02 sumM-4.71126227684783E-02 trend-1.37290691507608E-01 aero 0.00000000000000E+00 level-1.71038895764873E+01 k0-4.80272814823259E+03 init-1.61174968413483E+00 IR 1.00946374032314E-01 impC 7.74447289230193E-02 mP 7.09093101593638E-03 year-5.48601554518334E-06 sumLPAP 1.29809696191975E+00 harm
KEEPDBG accept 5 cc 6.95525643460487E-01 sumModel-3.11885852922066E+02 sumForcing 2.23118461186191E+03 sumM 1.67581326864502E-02 trend-9.53096802586783E-02 aero 0.00000000000000E+00 level-5.91654606310374E+02 k0 6.32930116375846E+02 init-2.33422033569099E+00 IR-2.13907427807866E-01 impC 4.49638588003653E-02 mP 5.66537800579445E-03 year-5.48601554518334E-06 sumLPAP 1.29809696191975E+00 harm
KEEPDBG accept 2 cc 6.70871456448133E-01 sumModel-2.39431755599187E+02 sumForcing-1.04015894047990E+03 sumM-4.10579403371750E-05 trend-6.68204687881183E-02 aero 0.00000000000000E+00 level 1.56063571082786E+02 k0 6.55512556636655E+00 init-1.64890112846678E+00 IR-5.08708359306436E-01 impC 1.55184994040037E-02 mP 5.51492872052613E-03 year-5.48601554518334E-06 sumLPAP 1.29809696191975E+00 harm
KEEPDBG accept 9 cc 6.95057895172097E-01 sumModel-2.16275267410117E+02 sumForcing 2.59435571837448E+02 sumM-1.63300515110215E-02 trend-1.94286469383470E-02 aero 0.00000000000000E+00 level-3.72887700453434E+04 k0 2.36521514857007E+05 init-1.61974717460006E+00 IR-5.05817796240160E-01 impC-7.57792880291413E-03 mP 5.61662153341371E-03 year-5.48601554518334E-06 sumLPAP 1.29809696191975E+00 harm
KEEPDBG accept 14 cc 6.67860233352995E-01 sumModel-1.87622913263711E+02 sumForcing 7.67825274991556E+00 sumM-4.68168887299650E-02 trend-4.84201079429498E-02 aero 0.00000000000000E+00 level 1.18131819631268E+05 k0 4.46631134182310E+06 init-6.68494015190615E-02 IR-6.28527854774051E-01 impC 5.33846395331927E-03 mP 6.49952431795575E-03 year-5.48601554518334E-06 sumLPAP 1.29809696191975E+00 harm
KEEPDBG accept 10 cc 6.68304293512037E-01 sumModel-2.74431483430276E+02 sumForcing-2.31995134435203E+03 sumM-1.31683156491513E-02 trend-6.36679705629097E-02 aero 0.00000000000000E+00 level 1.21725164680264E+02 k0 1.98864931020653E+01 init-1.66056830136967E+00 IR-3.52847146683651E-01 impC 1.63018648258704E-02 mP 9.59724356677358E-03 year-5.48601554518334E-06 sumLPAP 1.29809696191975E+00 harm
KEEPDBG accept 1 cc 6.76058394389264E-01 sumModel-1.51336043999251E+02 sumForcing 1.14983690921318E+02 sumM 1.42087513620276E-02 trend-3.57986678929199E-02 aero 0.00000000000000E+00 level 1.24514776126646E+02 k0 4.91578546273388E+02 init 4.45261015043224E-02 IR-6.83304829363379E-01 impC 1.01159348049003E-02 mP 5.55162949887788E-03 year-5.48601554518334E-06 sumLPAP 1.29809696191975E+00 harm
KEEPDBG accept 1 cc 6.76060326214797E-01 sumModel-1.51337580659238E+02 sumForcing 8.61420411985716E+01 sumM 1.42087513620276E-02 trend-3.57996827404744E-02 aero 0.00000000000000E+00 level 1.68801956185971E+02 k0 1.17125077187854E+03 init 4.45261015043224E-02 IR-6.83304829363379E-01 impC 1.01159348049003E-02 mP 5.55162949887788E-03 year-5.48601554518334E-06 sumLPAP 1.29809696191975E+00 harm
KEEPDBG accept 6 cc 6.69042693952974E-01 sumModel-1.68258899026914E+02 sumForcing 1.53952768979833E+03 sumM-9.42255422988939E-03 trend-4.33842635494814E-02 aero 0.00000000000000E+00 level 8.26441361597731E+01 k0-8.43859687651010E-02 init-2.77581629511024E+00 IR-6.14533959763580E-01 impC 2.79148127194107E-02 mP 5.55517765113865E-03 year-5.48601554518334E-06 sumLPAP 1.29809696191975E+00 harm
KEEPDBG accept 14 cc 6.67904384928635E-01 sumModel-1.87623222216313E+02 sumForcing 7.71595302832276E+00 sumM-4.68168887299650E-02 trend-4.83961958076173E-02 aero 0.00000000000000E+00 level 1.16769737608286E+05 k0 4.32096853273966E+06 init-6.68494015190615E-02 IR-6.28527854774051E-01 impC 5.33846395331927E-03 mP 6.49952431795575E-03 year-5.48601554518334E-06 sumLPAP 1.29809696191975E+00 harm
KEEPDBG accept 16 cc 6.67074912450957E-01 sumModel-2.45636369620992E+02 sumForcing 1.91046978072011E+02 sumM 5.56990929756390E-02 trend-6.48077074904060E-02 aero 0.00000000000000E+00 level-6.17468570341211E+04 k0 7.71518226452203E+05 init-1.04264833321021E+00 IR-4.83837501135221E-01 impC 3.61606246073837E-03 mP 6.82345000013191E-03 year-5.48601554518334E-06 sumLPAP 1.29809696191975E+00 harm
KEEPDBG accept 9 cc 6.95376692840715E-01 sumModel-2.17186577968326E+02 sumForcing 2.55583046749737E+02 sumM-1.63300515110215E-02 trend-2.06380597867061E-02 aero 0.00000000000000E+00 level-3.51173906641953E+04 k0 2.28245024093943E+05 init-1.61974717460006E+00 IR-5.05817796240160E-01 impC-7.57792880291413E-03 mP 5.61662153341371E-03 year-5.48601554518334E-06 sumLPAP 1.29809696191975E+00 harm
KEEPDBG accept 3 cc 6.84484705108987E-01 sumModel-3.20850022437014E+02 sumForcing-4.85699318351769E+03 sumM 9.90441368112229E-02 trend-9.39886305004936E-02 aero 0.00000000000000E+00 level 1.78980623177635E+02 k0-1.05521393339331E+00 init-1.86181860298534E+00 IR-1.91846405503390E-01 impC-1.24714187795073E-02 mP 8.78270465700828E-03 year-5.48601554518334E-06 sumLPAP 1.29809696191975E+00 harm
KEEPDBG accept 4 cc 6.68501117288934E-01 sumModel-2.43762858064247E+02 sumForcing 3.09766070147624E+02 sumM 4.76008482411361E-02 trend-6.31959671915366E-02 aero 0.00000000000000E+00 level-1.62527808737901E+03 k0 2.40082654101902E+04 init-8.87335154675903E-01 IR-4.73380767006501E-01 impC 1.85579588057970E-02 mP 6.95777028018036E-03 year-5.48601554518334E-06 sumLPAP 1.29809696191975E+00 harm
KEEPDBG accept 11 cc 7.03989936352291E-01 sumModel-2.31566587968816E+02 sumForcing 1.84773401488645E+01 sumM 5.10178186279512E-02 trend-2.15391762483588E-02 aero 0.00000000000000E+00 level 1.32965295927555E+06 k0 1.43974725816526E+08 init-3.63672578970327E+00 IR-3.05481104974151E-01 impC 3.32283343883456E-03 mP 3.91041784507409E-03 year-5.48601554518334E-06 sumLPAP 1.29809696191975E+00 harm
KEEPDBG accept 5 cc 6.95525661876352E-01 sumModel-3.11871110732861E+02 sumForcing 2.23118461186191E+03 sumM 1.67581326864502E-02 trend-9.53096802586783E-02 aero 0.00000000000000E+00 level-5.91654606310374E+02 k0 6.32930116375846E+02 init-2.33422033569099E+00 IR-2.13907427807866E-01 impC 4.50494890750256E-02 mP 5.66537800579445E-03 year-5.48601554518334E-06 sumLPAP 1.29809696191975E+00 harm
KEEPDBG accept 12 cc 6.63746555455489E-01 sumModel-2.23424645711248E+02 sumForcing 6.06887982933872E+02 sumM-6.89951231035056E-02 trend-5.64747831927739E-02 aero 0.00000000000000E+00 level 1.06445246420795E+02 k0 1.43637293572674E+01 init-1.56545875748598E+00 IR-5.28408080968041E-01 impC 1.60991798693935E-02 mP 6.78998830593233E-03 year-5.48601554518334E-06 sumLPAP 1.29809696191975E+00 harm
KEEPDBG accept 14 cc 6.67926482930082E-01 sumModel-1.87587578722220E+02 sumForcing 7.69410880004888E+00 sumM-4.68168887299650E-02 trend-4.84978086283940E-02 aero 0.00000000000000E+00 level 1.16100030894988E+05 k0 4.34334698247910E+06 init-2.23330678595681E-01 IR-6.28527854774051E-01 impC 5.33846395331927E-03 mP 6.49952431795575E-03 year-5.48601554518334E-06 sumLPAP 1.29809696191975E+00 harm
KEEPDBG accept 5 cc 6.95528473677911E-01 sumModel-3.11875641401138E+02 sumForcing 2.22893330171477E+03 sumM 1.68107976658456E-02 trend-9.53126415523256E-02 aero 0.00000000000000E+00 level-5.75188962243981E+02 k0 6.20418303805029E+02 init-2.33422033569099E+00 IR-2.13907427807866E-01 impC 4.50494890750256E-02 mP 5.66537800579445E-03 year-5.48601554518334E-06 sumLPAP 1.29809696191975E+00 harm
KEEPDBG accept 3 cc 6.84484712173367E-01 sumModel-3.20850017516495E+02 sumForcing-4.85699270679532E+03 sumM 9.90441368112229E-02 trend-9.39886184232207E-02 aero 0.00000000000000E+00 level 1.78980600630371E+02 k0-1.05521403551425E+00 init-1.86181860298534E+00 IR-1.91846405503390E-01 impC-1.24714187795073E-02 mP 8.78270465700828E-03 year-5.48601554518334E-06 sumLPAP 1.29809696191975E+00 harm
KEEPDBG accept 14 cc 6.72213664510093E-01 sumModel-1.82258827488610E+02 sumForcing 6.41379811512415E+00 sumM-4.68168887299650E-02 trend-4.63310787979983E-02 aero 0.00000000000000E+00 level 1.58821823729870E+05 k0-8.27309743173607E+06 init-2.23330678595681E-01 IR-6.28527854774051E-01 impC 5.33846395331927E-03 mP 6.49952431795575E-03 year-5.48601554518334E-06 sumLPAP 1.29809696191975E+00 harm
KEEPDBG accept 9 cc 6.96881642748358E-01 sumModel-2.16103031126147E+02 sumForcing 2.57572951854524E+02 sumM-1.63300515110215E-02 trend-1.94322983396946E-02 aero 0.00000000000000E+00 level-3.76603092692072E+04 k0 2.43353128617018E+05 init-1.61974717460006E+00 IR-5.05817796240160E-01 impC-7.57792880291413E-03 mP 5.61662153341371E-03 year-5.48601554518334E-06 sumLPAP 1.29809696191975E+00 harm
KEEPDBG accept 10 cc 6.68340387363601E-01 sumModel-2.74454837602026E+02 sumForcing-2.31995134435203E+03 sumM-2.99084281574041E-02 trend-6.37122289424476E-02 aero 0.00000000000000E+00 level 1.21792841386288E+02 k0 7.17996443985809E+00 init-1.66056830136967E+00 IR-3.52847146683651E-01 impC 1.63018648258704E-02 mP 9.59724356677358E-03 year-5.48601554518334E-06 sumLPAP 1.29809696191975E+00 harm
KEEPDBG accept 5 cc 6.95528488371960E-01 sumModel-3.11875637081878E+02 sumForcing 2.22893330171477E+03 sumM 1.68839159673665E-02 trend-9.53126321695756E-02 aero 0.00000000000000E+00 level-5.76201745874233E+02 k0 6.21248340681615E+02 init-2.33422033569099E+00 IR-2.13907427807866E-01 impC 4.50494890750256E-02 mP 5.66537800579445E-03 year-5.48601554518334E-06 sumLPAP 1.29809696191975E+00 harm
KEEPDBG accept 6 cc 6.70816070002667E-01 sumModel-1.70277699533802E+02 sumForcing 1.53952768979833E+03 sumM 1.67775274509117E-01 trend-4.39552403272108E-02 aero 0.00000000000000E+00 level 8.36980079244894E+01 k0-1.43990924515005E-01 init-2.77581629511024E+00 IR-6.14533959763580E-01 impC 2.79148127194107E-02 mP 5.55517765113865E-03 year-5.48601554518334E-06 sumLPAP 1.29809696191975E+00 harm
KEEPDBG accept 3 cc 6.86347292557167E-01 sumModel-3.20452807909115E+02 sumForcing-4.88689703813508E+03 sumM 1.00310467079847E-01 trend-9.42336220719904E-02 aero 0.00000000000000E+00 level 1.79828862717759E+02 k0-8.34741263536094E-01 init-1.86181860298534E+00 IR-1.91846405503390E-01 impC-1.24714187795073E-02 mP 8.78270465700828E-03 year-5.48601554518334E-06 sumLPAP 1.29809696191975E+00 harm
KEEPDBG accept 15 cc 6.91598801495708E-01 sumModel-2.97763044012206E+02 sumForcing 1.12492541362449E+02 sumM 7.67262377687027E-02 trend-9.36155669895470E-02 aero 0.00000000000000E+00 level 4.37786683364797E+04 k0-2.84065186633499E+05 init-1.42474401713633E+00 IR-3.07775242503796E-01 impC 2.22966286982204E-02 mP 3.51328069659593E-03 year-5.48601554518334E-06 sumLPAP 1.29809696191975E+00 harm
KEEPDBG accept 16 cc 6.67075790970515E-01 sumModel-2.45700442716814E+02 sumForcing 1.89754692780849E+02 sumM 5.56990929756390E-02 trend-6.48095113048852E-02 aero 0.00000000000000E+00 level-6.26426687701497E+04 k0 7.87919619797612E+05 init-1.04264833321021E+00 IR-4.83837501135221E-01 impC 3.61606246073837E-03 mP 6.82345000013191E-03 year-5.48601554518334E-06 sumLPAP 1.29809696191975E+00 harm
KEEPDBG accept 3 cc 6.86390585250082E-01 sumModel-3.20513865362434E+02 sumForcing-4.89001796741610E+03 sumM 1.00310467079847E-01 trend-9.44231317139688E-02 aero 0.00000000000000E+00 level 1.80185682102519E+02 k0-8.34678501710635E-01 init-1.86181860298534E+00 IR-1.91846405503390E-01 impC-1.24714187795073E-02 mP 8.78270465700828E-03 year-5.48601554518334E-06 sumLPAP 1.29809696191975E+00 harm
KEEPDBG accept 4 cc 6.68618391616446E-01 sumModel-2.44089505788650E+02 sumForcing 1.52081761836686E+02 sumM 4.76008482411361E-02 trend-6.34894336472084E-02 aero 0.00000000000000E+00 level-6.82658986309638E+03 k0 1.96170927360936E+05 init-8.87335154675903E-01 IR-4.73380767006501E-01 impC 1.85579588057970E-02 mP 6.95777028018036E-03 year-5.48601554518334E-06 sumLPAP 1.29809696191975E+00 harm
KEEPDBG accept 3 cc 6.86542915655507E-01 sumModel-3.20524285734973E+02 sumForcing-4.89001796741610E+03 sumM 9.61457636257510E-02 trend-9.43525396921998E-02 aero 0.00000000000000E+00 level 1.80166094555586E+02 k0-1.22616847474339E+00 init-1.86181860298534E+00 IR-1.91846405503390E-01 impC-1.24714187795073E-02 mP 8.78270465700828E-03 year-5.48601554518334E-06 sumLPAP 1.29809696191975E+00 harm
KEEPDBG accept 16 cc 6.67467756328795E-01 sumModel-2.44408822327736E+02 sumForcing 1.92207426617497E+02 sumM 5.56990929756390E-02 trend-6.39056321873939E-02 aero 0.00000000000000E+00 level-6.72853206991238E+04 k0 8.49576480602892E+05 init-1.16299222522832E+00 IR-4.83837501135221E-01 impC 3.61606246073837E-03 mP 6.82345000013191E-03 year-5.48601554518334E-06 sumLPAP 1.29809696191975E+00 harm
KEEPDBG accept 5 cc 6.95544699054645E-01 sumModel-3.11912964149883E+02 sumForcing 2.23066785331580E+03 sumM 1.55476915920405E-02 trend-9.50096330764285E-02 aero 0.00000000000000E+00 level-5.75824189996612E+02 k0 6.19905337326079E+02 init-2.33422033569099E+00 IR-2.13907427807866E-01 impC 4.50494890750256E-02 mP 5.66537800579445E-03 year-5.48601554518334E-06 sumLPAP 1.29809696191975E+00 harm
KEEPDBG accept 4 cc 6.68628713390495E-01 sumModel-2.44121500588566E+02 sumForcing 1.44549659182151E+02 sumM 4.76008482411361E-02 trend-6.35190347400755E-02 aero 0.00000000000000E+00 level-7.53677367285444E+03 k0 2.27675600198108E+05 init-8.87335154675903E-01 IR-4.73380767006501E-01 impC 1.85579588057970E-02 mP 6.95777028018036E-03 year-5.48601554518334E-06 sumLPAP 1.29809696191975E+00 harm
KEEPDBG accept 8 cc 6.83282449545658E-01 sumModel-3.13678489098897E+02 sumForcing-2.36986194062143E+02 sumM-4.71126227684783E-02 trend-1.37330443976113E-01 aero 0.00000000000000E+00 level-1.77322324861707E+01 k0-4.80774148794716E+03 init-1.61174968413483E+00 IR 1.00946374032314E-01 impC 7.74447289230193E-02 mP 7.09093101593638E-03 year-5.48601554518334E-06 sumLPAP 1.29809696191975E+00 harm
KEEPDBG accept 12 cc 6.64546315444745E-01 sumModel-2.22890846836718E+02 sumForcing 6.10021699763714E+02 sumM-6.89951231035056E-02 trend-5.62470386082895E-02 aero 0.00000000000000E+00 level 1.05865534932170E+02 k0 1.55954088403124E+01 init-1.56545875748598E+00 IR-5.28408080968041E-01 impC 1.60991798693935E-02 mP 6.78998830593233E-03 year-5.48601554518334E-06 sumLPAP 1.29809696191975E+00 harm
KEEPDBG accept 3 cc 6.86542925574687E-01 sumModel-3.20524278104860E+02 sumForcing-4.89001722494132E+03 sumM 9.61457636257510E-02 trend-9.43525214702182E-02 aero 0.00000000000000E+00 level 1.80166060502633E+02 k0-1.22616878856546E+00 init-1.86181860298534E+00 IR-1.91846405503390E-01 impC-1.24714187795073E-02 mP 8.78270465700828E-03 year-5.48601554518334E-06 sumLPAP 1.29809696191975E+00 harm
KEEPDBG accept 5 cc 6.95544699358462E-01 sumModel-3.11912964582572E+02 sumForcing 2.23066785331580E+03 sumM 1.55493987884824E-02 trend-9.50096328504148E-02 aero 0.00000000000000E+00 level-5.75847837774781E+02 k0 6.19924700671637E+02 init-2.33422033569099E+00 IR-2.13907427807866E-01 impC 4.50494890750256E-02 mP 5.66537800579445E-03 year-5.48601554518334E-06 sumLPAP 1.29809696191975E+00 harm
KEEPDBG accept 9 cc 6.96885713420556E-01 sumModel-2.16108998420189E+02 sumForcing 2.57579478052037E+02 sumM-1.63300515110215E-02 trend-1.94586312721359E-02 aero 0.00000000000000E+00 level-3.76413372169206E+04 k0 2.43240023385389E+05 init-1.61974717460006E+00 IR-5.05817796240160E-01 impC-7.57792880291413E-03 mP 5.61662153341371E-03 year-5.48601554518334E-06 sumLPAP 1.29809696191975E+00 harm
KEEPDBG accept 5 cc 6.95547470293588E-01 sumModel-3.11921892980397E+02 sumForcing 2.23069000469117E+03 sumM 1.55493987884824E-02 trend-9.50312384973560E-02 aero 0.00000000000000E+00 level-5.76165387292612E+02 k0 6.20224562577030E+02 init-2.33422033569099E+00 IR-2.13907427807866E-01 impC 4.50494890750256E-02 mP 5.66537800579445E-03 year-5.48601554518334E-06 sumLPAP 1.29809696191975E+00 harm
KEEPDBG accept 9 cc 6.96885987302054E-01 sumModel-2.16132881497783E+02 sumForcing 2.57579478052037E+02 sumM-1.62361331188029E-02 trend-1.94579469299879E-02 aero 0.00000000000000E+00 level-3.82863093471238E+04 k0 2.47397452648645E+05 init-1.61974717460006E+00 IR-5.05817796240160E-01 impC-7.57792880291413E-03 mP 5.61662153341371E-03 year-5.48601554518334E-06 sumLPAP 1.29809696191975E+00 harm
KEEPDBG accept 8 cc 6.83284171883117E-01 sumModel-3.13673472601768E+02 sumForcing-2.31968095168227E+02 sumM-4.71126227684783E-02 trend-1.37319692579990E-01 aero 0.00000000000000E+00 level-2.98651807932487E+01 k0-5.12591929665166E+03 init-1.61174968413483E+00 IR 1.00946374032314E-01 impC 7.74447289230193E-02 mP 7.09093101593638E-03 year-5.48601554518334E-06 sumLPAP 1.29809696191975E+00 harm
KEEPDBG accept 4 cc 6.68868137186535E-01 sumModel-2.43741954918222E+02 sumForcing 1.45045879635141E+02 sumM 4.76008482411361E-02 trend-6.34262589915258E-02 aero 0.00000000000000E+00 level-7.95301461486026E+03 k0 2.37268173403376E+05 init-8.87335154675903E-01 IR-4.73380767006501E-01 impC 1.85579588057970E-02 mP 6.95777028018036E-03 year-5.48601554518334E-06 sumLPAP 1.29809696191975E+00 harm
KEEPDBG accept 9 cc 6.96886696620657E-01 sumModel-2.16118583568442E+02 sumForcing 2.57579478052037E+02 sumM-1.60097681717117E-02 trend-1.94580460377171E-02 aero 0.00000000000000E+00 level-3.99125957334274E+04 k0 2.57894710343815E+05 init-1.61974717460006E+00 IR-5.05817796240160E-01 impC-7.57792880291413E-03 mP 5.61662153341371E-03 year-5.48601554518334E-06 sumLPAP 1.29809696191975E+00 harm
KEEPDBG accept 10 cc 6.68378534674305E-01 sumModel-2.74480780799505E+02 sumForcing-3.00176844641949E+03 sumM-2.99084281574041E-02 trend-6.37622415011793E-02 aero 0.00000000000000E+00 level 1.21885452559543E+02 k0 3.47009003188471E+00 init-1.66056830136967E+00 IR-3.52847146683651E-01 impC 1.63018648258704E-02 mP 9.59724356677358E-03 year-5.48601554518334E-06 sumLPAP 1.29809696191975E+00 harm
KEEPDBG accept 3 cc 6.86542925748590E-01 sumModel-3.20524277974588E+02 sumForcing-4.89001721193175E+03 sumM 9.61457636257510E-02 trend-9.43525211509476E-02 aero 0.00000000000000E+00 level 1.80166059905807E+02 k0-1.22616879420735E+00 init-1.86181860298534E+00 IR-1.91846405503390E-01 impC-1.24714187795073E-02 mP 8.78270465700828E-03 year-5.48601554518334E-06 sumLPAP 1.29809696191975E+00 harm
KEEPDBG accept 4 cc 6.68869582590632E-01 sumModel-2.45769724078828E+02 sumForcing 1.45045879635141E+02 sumM 4.76008482411361E-02 trend-6.34262589915258E-02 aero 0.00000000000000E+00 level-7.95301461486026E+03 k0 2.37268173403376E+05 init-8.87335154675903E-01 IR-4.73380767006501E-01 impC 8.91202361477361E-03 mP 6.95777028018036E-03 year-5.48601554518334E-06 sumLPAP 1.29809696191975E+00 harm
KEEPDBG accept 9 cc 6.96897858642465E-01 sumModel-2.16167967683380E+02 sumForcing 2.57597350435559E+02 sumM-1.60097681717117E-02 trend-1.95308931699752E-02 aero 0.00000000000000E+00 level-3.98581020134499E+04 k0 2.57575868623986E+05 init-1.61974717460006E+00 IR-5.05817796240160E-01 impC-7.57792880291413E-03 mP 5.61662153341371E-03 year-5.48601554518334E-06 sumLPAP 1.29809696191975E+00 harm
KEEPDBG accept 5 cc 6.95547472187443E-01 sumModel-3.11921891599055E+02 sumForcing 2.23069002120272E+03 sumM 1.55493987884824E-02 trend-9.50312303098955E-02 aero 0.00000000000000E+00 level-5.76165532642604E+02 k0 6.20224657264126E+02 init-2.33422033569099E+00 IR-2.13907427807866E-01 impC 4.50494890750256E-02 mP 5.66537800579445E-03 year-5.48601554518334E-06 sumLPAP 1.29809696191975E+00 harm
KEEPDBG accept 9 cc 6.96898778708708E-01 sumModel-2.16162194117001E+02 sumForcing 2.57597350435559E+02 sumM-1.61537839936045E-02 trend-1.95288041164552E-02 aero 0.00000000000000E+00 level-3.88087445124942E+04 k0 2.50781483253413E+05 init-1.61974717460006E+00 IR-5.05817796240160E-01 impC-7.57792880291413E-03 mP 5.61662153341371E-03 year-5.48601554518334E-06 sumLPAP 1.29809696191975E+00 harm
KEEPDBG accept 8 cc 6.83287038669877E-01 sumModel-3.13665070592864E+02 sumForcing-2.31943908090918E+02 sumM-4.71126227684783E-02 trend-1.37301257557843E-01 aero 0.00000000000000E+00 level-2.97067539436016E+01 k0-5.12504172580728E+03 init-1.61174968413483E+00 IR 1.00946374032314E-01 impC 7.74447289230193E-02 mP 7.09093101593638E-03 year-5.48601554518334E-06 sumLPAP 1.29809696191975E+00 harm
KEEPDBG accept 4 cc 6.68897451379334E-01 sumModel-2.46596307891058E+02 sumForcing 1.43171690133023E+02 sumM 4.76008482411361E-02 trend-6.38074631613403E-02 aero 0.00000000000000E+00 level-7.24198144543202E+03 k0 2.20058302652790E+05 init-8.22146257769110E-01 IR-4.73380767006501E-01 impC 8.91202361477361E-03 mP 6.95777028018036E-03 year-5.48601554518334E-06 sumLPAP 1.29809696191975E+00 harm
KEEPDBG accept 2 cc 6.71918723794172E-01 sumModel-2.39603943569606E+02 sumForcing-1.06075363584863E+03 sumM-4.10579403371750E-05 trend-6.72218783934538E-02 aero 0.00000000000000E+00 level 1.56592392352299E+02 k0 5.60083167401426E+00 init-1.64890112846678E+00 IR-5.08708359306436E-01 impC 1.55184994040037E-02 mP 5.51492872052613E-03 year-5.48601554518334E-06 sumLPAP 1.29809696191975E+00 harm
KEEPDBG accept 9 cc 6.97077114722662E-01 sumModel-2.16263595188413E+02 sumForcing 2.75293623341597E+02 sumM-1.51871396255182E-02 trend-1.97843214323069E-02 aero 0.00000000000000E+00 level-4.99716991471734E+04 k0 3.00467999195945E+05 init-1.61974717460006E+00 IR-5.05817796240160E-01 impC-7.57792880291413E-03 mP 5.61662153341371E-03 year-5.48601554518334E-06 sumLPAP 1.29809696191975E+00 harm
KEEPDBG accept 8 cc 6.83293466458138E-01 sumModel-3.13658059708541E+02 sumForcing-2.31905607868692E+02 sumM-4.71126227684783E-02 trend-1.37281284336018E-01 aero 0.00000000000000E+00 level-2.94366419731193E+01 k0-5.12311690921360E+03 init-1.60975139626706E+00 IR 1.00946374032314E-01 impC 7.74447289230193E-02 mP 7.09093101593638E-03 year-5.48601554518334E-06 sumLPAP 1.29809696191975E+00 harm
KEEPDBG accept 15 cc 6.91960103351297E-01 sumModel-2.97619698245465E+02 sumForcing 1.11275728175535E+02 sumM 7.67262377687027E-02 trend-9.34704211102156E-02 aero 0.00000000000000E+00 level 4.59361204912584E+04 k0-3.15916023696296E+05 init-1.42474401713633E+00 IR-3.07775242503796E-01 impC 2.22966286982204E-02 mP 3.51328069659593E-03 year-5.48601554518334E-06 sumLPAP 1.29809696191975E+00 harm
KEEPDBG accept 15 cc 6.91982469250771E-01 sumModel-2.97665132013939E+02 sumForcing 1.11229605693820E+02 sumM 7.67262377687027E-02 trend-9.35037728146495E-02 aero 0.00000000000000E+00 level 4.59287115432410E+04 k0-3.18057071102614E+05 init-1.42474401713633E+00 IR-3.07775242503796E-01 impC 2.22966286982204E-02 mP 3.51328069659593E-03 year-5.48601554518334E-06 sumLPAP 1.29809696191975E+00 harm
KEEPDBG accept 5 cc 6.95565416213162E-01 sumModel-3.11982799822839E+02 sumForcing 2.23084166788090E+03 sumM 1.55493987884824E-02 trend-9.51792860920735E-02 aero 0.00000000000000E+00 level-5.78343676015623E+02 k0 6.22281365309256E+02 init-2.33422033569099E+00 IR-2.13907427807866E-01 impC 4.50494890750256E-02 mP 5.66537800579445E-03 year-5.48601554518334E-06 sumLPAP 1.29809696191975E+00 harm
KEEPDBG accept 2 cc 6.77300245468431E-01 sumModel-2.40857441620575E+02 sumForcing-1.23994459228412E+03 sumM-4.10579403371750E-05 trend-7.02675771054878E-02 aero 0.00000000000000E+00 level 1.59681624612886E+02 k0-3.86670096262566E+00 init-1.64890112846678E+00 IR-5.08708359306436E-01 impC 1.55184994040037E-02 mP 6.80810564256901E-03 year-5.48601554518334E-06 sumLPAP 1.29809696191975E+00 harm
KEEPDBG accept 8 cc 6.83615803557439E-01 sumModel-3.14437022025319E+02 sumForcing-2.31905607868692E+02 sumM-4.71126227684783E-02 trend-1.35991458571427E-01 aero 0.00000000000000E+00 level-2.97164247263543E+01 k0-5.08063186947398E+03 init-1.60975139626706E+00 IR 9.03632551184677E-02 impC 7.74447289230193E-02 mP 7.09093101593638E-03 year-5.48601554518334E-06 sumLPAP 1.29809696191975E+00 harm
KEEPDBG accept 5 cc 6.95577269516584E-01 sumModel-3.12350664297426E+02 sumForcing 2.23084166788090E+03 sumM 1.55493987884824E-02 trend-9.54399824943145E-02 aero 0.00000000000000E+00 level-5.79322594504767E+02 k0 6.23507004094067E+02 init-2.33422033569099E+00 IR-2.11614423641437E-01 impC 4.50494890750256E-02 mP 5.66537800579445E-03 year-5.48601554518334E-06 sumLPAP 1.29809696191975E+00 harm
KEEPDBG accept 13 cc 6.21318477829488E-01 sumModel-2.03635887884625E+02 sumForcing 2.26521744444531E+01 sumM 4.90822362684516E-02 trend-4.06159153545042E-02 aero 0.00000000000000E+00 level 5.00614664496910E+04 k0-6.13763420547038E+06 init-1.66138086652861E+00 IR-5.24944046054444E-01 impC 3.12606413592430E-02 mP 5.54871041063005E-03 year-5.48601554518334E-06 sumLPAP 1.29809696191975E+00 harm
KEEPDBG accept 10 cc 6.68379325924804E-01 sumModel-2.74785215155699E+02 sumForcing-3.00176844641949E+03 sumM-2.99084281574041E-02 trend-6.37622415011793E-02 aero 0.00000000000000E+00 level 1.21885452559543E+02 k0 3.47009003188471E+00 init-1.66056830136967E+00 IR-3.52847146683651E-01 impC 1.47253366784107E-02 mP 9.59724356677358E-03 year-5.48601554518334E-06 sumLPAP 1.29809696191975E+00 harm
KEEPDBG accept 3 cc 6.86548582139554E-01 sumModel-3.20524694058038E+02 sumForcing-4.86033003413384E+03 sumM 9.61457636257510E-02 trend-9.43499464084542E-02 aero 0.00000000000000E+00 level 1.80166968242160E+02 k0-1.25346557268102E+00 init-1.86181860298534E+00 IR-1.91846405503390E-01 impC-1.24714187795073E-02 mP 8.78270465700828E-03 year-5.48601554518334E-06 sumLPAP 1.29809696191975E+00 harm
KEEPDBG accept 11 cc 7.03989936353753E-01 sumModel-2.31566587538124E+02 sumForcing 1.84773401488645E+01 sumM 5.10178186279512E-02 trend-2.15391762483588E-02 aero 0.00000000000000E+00 level 1.32965295927555E+06 k0 1.43974725816526E+08 init-3.63672578970327E+00 IR-3.05481104974151E-01 impC 3.32283576598236E-03 mP 3.91041784507409E-03 year-5.48601554518334E-06 sumLPAP 1.29809696191975E+00 harm
KEEPDBG accept 3 cc 6.87358579941716E-01 sumModel-3.20666962171917E+02 sumForcing-4.82554495806804E+03 sumM 9.61457636257510E-02 trend-9.46704720014033E-02 aero 0.00000000000000E+00 level 1.80940072553996E+02 k0-1.17568230501230E+00 init-1.59879485535614E+00 IR-1.91846405503390E-01 impC-1.24714187795073E-02 mP 8.78270465700828E-03 year-5.48601554518334E-06 sumLPAP 1.29809696191975E+00 harm
KEEPDBG accept 14 cc 6.72327624574002E-01 sumModel-1.82158428840597E+02 sumForcing 6.34201063079068E+00 sumM-4.68168887299650E-02 trend-4.63270925368740E-02 aero 0.00000000000000E+00 level 1.58741163268104E+05 k0-8.44815421398277E+06 init-1.84125528451155E-01 IR-6.28527854774051E-01 impC 5.33846395331927E-03 mP 6.49952431795575E-03 year-5.48601554518334E-06 sumLPAP 1.29809696191975E+00 harm
KEEPDBG accept 5 cc 6.95663955964925E-01 sumModel-3.12314832134104E+02 sumForcing 2.23092359839209E+03 sumM 1.55493987884824E-02 trend-9.53997277932603E-02 aero 0.00000000000000E+00 level-5.80655462751665E+02 k0 6.24475597147270E+02 init-2.33422033569099E+00 IR-2.11614423641437E-01 impC 4.50494890750256E-02 mP 5.66537800579445E-03 year-5.48601554518334E-06 sumLPAP 1.29809696191975E+00 harm
KEEPDBG accept 16 cc 6.67474661478437E-01 sumModel-2.44426612085181E+02 sumForcing 2.50620645048196E+02 sumM 5.56990929756390E-02 trend-6.39086595077888E-02 aero 0.00000000000000E+00 level-3.95803844118734E+04 k0 3.83708864658447E+05 init-1.16299222522832E+00 IR-4.83837501135221E-01 impC 3.61606246073837E-03 mP 6.82345000013191E-03 year-5.48601554518334E-06 sumLPAP 1.29809696191975E+00 harm
KEEPDBG accept 8 cc 6.83619195110585E-01 sumModel-3.12396988022111E+02 sumForcing-2.31905607868692E+02 sumM-4.71126227684783E-02 trend-1.35991458571427E-01 aero 0.00000000000000E+00 level-2.97164247263543E+01 k0-5.08063186947398E+03 init-1.60975139626706E+00 IR 9.03632551184677E-02 impC 9.32272853341178E-02 mP 7.09093101593638E-03 year-5.48601554518334E-06 sumLPAP 1.29809696191975E+00 harm
KEEPDBG accept 4 cc 6.68978149088098E-01 sumModel-2.45947754124145E+02 sumForcing 1.44634599410059E+02 sumM 4.76008482411361E-02 trend-6.35239662691872E-02 aero 0.00000000000000E+00 level-7.84066250466360E+03 k0 2.34472449213492E+05 init-8.72689330316017E-01 IR-4.73380767006501E-01 impC 8.91202361477361E-03 mP 6.95777028018036E-03 year-5.48601554518334E-06 sumLPAP 1.29809696191975E+00 harm
KEEPDBG accept 16 cc 6.67475932297575E-01 sumModel-2.44460268755924E+02 sumForcing 2.50620645048196E+02 sumM 5.77281559169618E-02 trend-6.39093783787993E-02 aero 0.00000000000000E+00 level-5.71762792824366E+04 k0 5.53747991740697E+05 init-1.16299222522832E+00 IR-4.83837501135221E-01 impC 3.61606246073837E-03 mP 6.82345000013191E-03 year-5.48601554518334E-06 sumLPAP 1.29809696191975E+00 harm
KEEPDBG accept 4 cc 6.68997912903808E-01 sumModel-2.46046669848265E+02 sumForcing 1.25773873593744E+02 sumM 4.76008482411361E-02 trend-6.36121771225071E-02 aero 0.00000000000000E+00 level-1.02654586480460E+04 k0 3.52735181689370E+05 init-8.72689330316017E-01 IR-4.73380767006501E-01 impC 8.91202361477361E-03 mP 6.95777028018036E-03 year-5.48601554518334E-06 sumLPAP 1.29809696191975E+00 harm
KEEPDBG accept 2 cc 6.84737559108504E-01 sumModel-2.28917485840526E+02 sumForcing-6.83978768168680E+02 sumM-4.10579403371750E-05 trend-5.63325418174205E-02 aero 0.00000000000000E+00 level 1.37532507692807E+02 k0 4.32099644131910E+01 init 2.53931900732991E+00 IR-5.08708359306436E-01 impC 1.55184994040037E-02 mP 6.80810564256901E-03 year-5.48601554518334E-06 sumLPAP 1.29809696191975E+00 harm
KEEPDBG accept 4 cc 6.69022413038909E-01 sumModel-2.46234669511016E+02 sumForcing 1.25706594915630E+02 sumM 4.76008482411361E-02 trend-6.37652227133975E-02 aero 0.00000000000000E+00 level-1.00188555200413E+04 k0 3.46381357099266E+05 init-8.72689330316017E-01 IR-4.73380767006501E-01 impC 8.91202361477361E-03 mP 6.95777028018036E-03 year-5.48601554518334E-06 sumLPAP 1.29809696191975E+00 harm
KEEPDBG accept 12 cc 6.64682601984667E-01 sumModel-2.23059352930671E+02 sumForcing 6.10021699763714E+02 sumM-2.37251094031777E-01 trend-5.62484515393338E-02 aero 0.00000000000000E+00 level 1.06945184660871E+02 k0 1.56626570963367E+00 init-1.56545875748598E+00 IR-5.28408080968041E-01 impC 1.60991798693935E-02 mP 6.78998830593233E-03 year-5.48601554518334E-06 sumLPAP 1.29809696191975E+00 harm
KEEPDBG accept 5 cc 6.95696800042589E-01 sumModel-3.12215876263556E+02 sumForcing 2.23654544776631E+03 sumM 1.55493987884824E-02 trend-9.49398269734135E-02 aero 0.00000000000000E+00 level-6.12042831101747E+02 k0 6.47031134289291E+02 init-2.33422033569099E+00 IR-2.11614423641437E-01 impC 4.50494890750256E-02 mP 5.66537800579445E-03 year-5.48601554518334E-06 sumLPAP 1.29809696191975E+00 harm
KEEPDBG accept 9 cc 6.97320871852100E-01 sumModel-2.17090428541640E+02 sumForcing 2.72070781223638E+02 sumM-1.51871396255182E-02 trend-2.08747258007599E-02 aero 0.00000000000000E+00 level-4.74323281781248E+04 k0 2.90910492525768E+05 init-1.61974717460006E+00 IR-5.05817796240160E-01 impC-7.57792880291413E-03 mP 5.61662153341371E-03 year-5.48601554518334E-06 sumLPAP 1.29809696191975E+00 harm
KEEPDBG accept 8 cc 6.84032616188789E-01 sumModel-3.14036292895303E+02 sumForcing-2.46939822793164E+02 sumM-4.71126227684783E-02 trend-1.41220271781266E-01 aero 0.00000000000000E+00 level-1.50431755696241E+02 k0-5.94768961106851E+03 init-1.60975139626706E+00 IR 9.03632551184677E-02 impC 9.32272853341178E-02 mP 8.33645217548250E-03 year-5.48601554518334E-06 sumLPAP 1.29809696191975E+00 harm
KEEPDBG accept 12 cc 6.64682664580781E-01 sumModel-2.23059406584352E+02 sumForcing 6.10021610954104E+02 sumM-2.37251094031777E-01 trend-5.62484931891499E-02 aero 0.00000000000000E+00 level 1.06945264622519E+02 k0 1.56625665301419E+00 init-1.56545875748598E+00 IR-5.28408080968041E-01 impC 1.60991798693935E-02 mP 6.78998830593233E-03 year-5.48601554518334E-06 sumLPAP 1.29809696191975E+00 harm
KEEPDBG accept 2 cc 6.84946628931890E-01 sumModel-2.25111590820551E+02 sumForcing-2.02812714626472E+03 sumM-4.10579403371750E-05 trend-5.08403056336271E-02 aero 0.00000000000000E+00 level 1.15665934164727E+02 k0-3.18600119331310E+01 init 2.53931900732991E+00 IR-5.08708359306436E-01 impC 1.55184994040037E-02 mP 6.80810564256901E-03 year-5.48601554518334E-06 sumLPAP 1.29809696191975E+00 harm
KEEPDBG accept 6 cc 6.70816076226273E-01 sumModel-1.70277696619150E+02 sumForcing 1.53953077440828E+03 sumM 1.67775274509117E-01 trend-4.39552355878052E-02 aero 0.00000000000000E+00 level 8.36979998550559E+01 k0-1.43990895301379E-01 init-2.77581629511024E+00 IR-6.14533959763580E-01 impC 2.79148127194107E-02 mP 5.55517765113865E-03 year-5.48601554518334E-06 sumLPAP 1.29809696191975E+00 harm
KEEPDBG accept 9 cc 6.97329945521498E-01 sumModel-2.17133060984201E+02 sumForcing 2.62294378322473E+02 sumM-1.51871396255182E-02 trend-2.09616778284885E-02 aero 0.00000000000000E+00 level-5.09570240078960E+04 k0 3.24224242215929E+05 init-1.61974717460006E+00 IR-5.05817796240160E-01 impC-7.57792880291413E-03 mP 5.61662153341371E-03 year-5.48601554518334E-06 sumLPAP 1.29809696191975E+00 harm
KEEPDBG accept 5 cc 6.95696800175628E-01 sumModel-3.12215876569152E+02 sumForcing 2.23654544768311E+03 sumM 1.55493987884824E-02 trend-9.49398273489863E-02 aero 0.00000000000000E+00 level-6.12042852953506E+02 k0 6.47031153787904E+02 init-2.33422033569099E+00 IR-2.11614423641437E-01 impC 4.50494890750256E-02 mP 5.66537800579445E-03 year-5.48601554518334E-06 sumLPAP 1.29809696191975E+00 harm
KEEPDBG accept 5 cc 6.95710931425554E-01 sumModel-3.12200467226726E+02 sumForcing 2.23621145284459E+03 sumM 1.55493987884824E-02 trend-9.49285632551576E-02 aero 0.00000000000000E+00 level-6.11372016478821E+02 k0 6.46559197299051E+02 init-2.33422033569099E+00 IR-2.11614423641437E-01 impC 4.50494890750256E-02 mP 5.66537800579445E-03 year-5.48601554518334E-06 sumLPAP 1.29809696191975E+00 harm
KEEPDBG accept 8 cc 6.84033542676384E-01 sumModel-3.14029196487255E+02 sumForcing-2.46919377279945E+02 sumM-4.71126227684783E-02 trend-1.41206621216066E-01 aero 0.00000000000000E+00 level-1.50247444608237E+02 k0-5.94682473729240E+03 init-1.60975139626706E+00 IR 9.03632551184677E-02 impC 9.32272853341178E-02 mP 8.33645217548250E-03 year-5.48601554518334E-06 sumLPAP 1.29809696191975E+00 harm
KEEPDBG accept 4 cc 6.69022593377864E-01 sumModel-2.46221424919050E+02 sumForcing 1.25706594915630E+02 sumM 4.55535567259016E-02 trend-6.37652340252003E-02 aero 0.00000000000000E+00 level-7.56789852972226E+03 k0 2.62662820440124E+05 init-8.72689330316017E-01 IR-4.73380767006501E-01 impC 8.91202361477361E-03 mP 6.95777028018036E-03 year-5.48601554518334E-06 sumLPAP 1.29809696191975E+00 harm
KEEPDBG accept 9 cc 6.97343796886011E-01 sumModel-2.17193882313896E+02 sumForcing 2.48385932756875E+02 sumM-1.51871396255182E-02 trend-2.10943044990913E-02 aero 0.00000000000000E+00 level-5.66844490813104E+04 k0 3.80920794616860E+05 init-1.61974717460006E+00 IR-5.05817796240160E-01 impC-7.57792880291413E-03 mP 5.61662153341371E-03 year-5.48601554518334E-06 sumLPAP 1.29809696191975E+00 harm
KEEPDBG accept 9 cc 6.97534202987968E-01 sumModel-2.17340661508160E+02 sumForcing 2.69159614627543E+02 sumM-1.39291858263397E-02 trend-2.14144498931249E-02 aero 0.00000000000000E+00 level-8.07392851115548E+04 k0 4.97270786402766E+05 init-1.61974717460006E+00 IR-5.05817796240160E-01 impC-7.57792880291413E-03 mP 5.61662153341371E-03 year-5.48601554518334E-06 sumLPAP 1.29809696191975E+00 harm
KEEPDBG accept 3 cc 6.92218651101870E-01 sumModel-3.21520094087118E+02 sumForcing-4.53599382953410E+03 sumM 9.61457636257510E-02 trend-9.40045497897693E-02 aero 0.00000000000000E+00 level 1.80715000730938E+02 k0-8.01044392060786E-01 init-1.00532899409681E+00 IR-1.91846405503390E-01 impC-1.24714187795073E-02 mP 8.78270465700828E-03 year-5.48601554518334E-06 sumLPAP 1.29809696191975E+00 harm
KEEPDBG accept 14 cc 6.72382761134486E-01 sumModel-1.82277700713987E+02 sumForcing 6.35206691606240E+00 sumM-4.68168887299650E-02 trend-4.63328307296495E-02 aero 0.00000000000000E+00 level 1.58830292537688E+05 k0-8.47530236425295E+06 init-1.84125528451155E-01 IR-6.28527854774051E-01 impC 5.33846395331927E-03 mP 6.49952431795575E-03 year-5.48601554518334E-06 sumLPAP 1.29809696191975E+00 harm
KEEPDBG accept 9 cc 6.97551638691877E-01 sumModel-2.17429751489841E+02 sumForcing 2.69186972857672E+02 sumM-1.39291858263397E-02 trend-2.16143847714261E-02 aero 0.00000000000000E+00 level-8.04240340334960E+04 k0 4.95478653985629E+05 init-1.61974717460006E+00 IR-5.05817796240160E-01 impC-7.57792880291413E-03 mP 5.61662153341371E-03 year-5.48601554518334E-06 sumLPAP 1.29809696191975E+00 harm
KEEPDBG accept 5 cc 6.95711612334222E-01 sumModel-3.12200019683357E+02 sumForcing 2.11856479301361E+03 sumM 1.55493987884824E-02 trend-9.49277065040529E-02 aero 0.00000000000000E+00 level-7.02921683075561E+02 k0 7.61303705262798E+02 init-2.33422033569099E+00 IR-2.11614423641437E-01 impC 4.50494890750256E-02 mP 5.66537800579445E-03 year-5.48601554518334E-06 sumLPAP 1.29809696191975E+00 harm
KEEPDBG accept 3 cc 6.92734928337708E-01 sumModel-3.21646892139022E+02 sumForcing-1.98187745473006E+03 sumM 9.61457636257510E-02 trend-9.38784669159481E-02 aero 0.00000000000000E+00 level 1.88872395819632E+02 k0-1.29518453870674E+01 init-1.00532899409681E+00 IR-1.91846405503390E-01 impC-1.24714187795073E-02 mP 8.78270465700828E-03 year-5.48601554518334E-06 sumLPAP 1.29809696191975E+00 harm
KEEPDBG accept 3 cc 6.93067871667103E-01 sumModel-3.22607678179107E+02 sumForcing-1.11104171397755E+03 sumM 9.13242718923720E-02 trend-9.30956182390230E-02 aero 0.00000000000000E+00 level 1.90621521037539E+02 k0-5.15379541142378E+00 init-1.00532899409681E+00 IR-1.91846405503390E-01 impC-1.24714187795073E-02 mP 8.78270465700828E-03 year-5.48601554518334E-06 sumLPAP 1.29809696191975E+00 harm
KEEPDBG accept 1 cc 6.76061355727738E-01 sumModel-1.50999223772639E+02 sumForcing 8.61420411985716E+01 sumM 1.42087513620276E-02 trend-3.57996827404744E-02 aero 0.00000000000000E+00 level 1.68801956185971E+02 k0 1.17125077187854E+03 init 4.45261015043224E-02 IR-6.83304829363379E-01 impC 1.15255831547407E-02 mP 5.55162949887788E-03 year-5.48601554518334E-06 sumLPAP 1.29809696191975E+00 harm
KEEPDBG accept 8 cc 6.84039831707771E-01 sumModel-3.13981381092735E+02 sumForcing-2.46781772967476E+02 sumM-4.71126227684783E-02 trend-1.41114529509380E-01 aero 0.00000000000000E+00 level-1.49008298372688E+02 k0-5.94099579007158E+03 init-1.60975139626706E+00 IR 9.03632551184677E-02 impC 9.32272853341178E-02 mP 8.33645217548250E-03 year-5.48601554518334E-06 sumLPAP 1.29809696191975E+00 harm
KEEPDBG accept 8 cc 6.84040800645639E-01 sumModel-3.13974067632694E+02 sumForcing-2.46760750883613E+02 sumM-4.71126227684783E-02 trend-1.41100426729518E-01 aero 0.00000000000000E+00 level-1.48819200927996E+02 k0-5.94010413479641E+03 init-1.60975139626706E+00 IR 9.03632551184677E-02 impC 9.32272853341178E-02 mP 8.33645217548250E-03 year-5.48601554518334E-06 sumLPAP 1.29809696191975E+00 harm
KEEPDBG accept 9 cc 6.97559639512196E-01 sumModel-2.17480179158914E+02 sumForcing 2.69012383610098E+02 sumM-1.39077392192280E-02 trend-2.17299656322472E-02 aero 0.00000000000000E+00 level-7.97472490130824E+04 k0 4.91348345588239E+05 init-1.61974717460006E+00 IR-5.05817796240160E-01 impC-7.57792880291413E-03 mP 5.61662153341371E-03 year-5.48601554518334E-06 sumLPAP 1.29809696191975E+00 harm
KEEPDBG accept 12 cc 6.64874829166195E-01 sumModel-2.23568883576913E+02 sumForcing 6.15260435570459E+02 sumM-2.37251094031777E-01 trend-5.67377090191101E-02 aero 0.00000000000000E+00 level 1.07869081371842E+02 k0 1.47670080056151E+00 init-1.56545875748598E+00 IR-5.28408080968041E-01 impC 1.60991798693935E-02 mP 6.78998830593233E-03 year-5.48601554518334E-06 sumLPAP 1.29809696191975E+00 harm
KEEPDBG accept 9 cc 6.97746627039569E-01 sumModel-2.17792482088656E+02 sumForcing 2.68228373104467E+02 sumM-1.39077392192280E-02 trend-2.25722533505276E-02 aero 0.00000000000000E+00 level-7.78630269652243E+04 k0 4.82964931801899E+05 init-1.56287684602490E+00 IR-5.05817796240160E-01 impC-7.57792880291413E-03 mP 5.61662153341371E-03 year-5.48601554518334E-06 sumLPAP 1.29809696191975E+00 harm
KEEPDBG accept 2 cc 6.84966849063484E-01 sumModel-2.25105605760085E+02 sumForcing-2.59999194200695E+03 sumM-4.10579403371750E-05 trend-5.08246273783692E-02 aero 0.00000000000000E+00 level 1.08081258428705E+02 k0-1.49375963325033E+01 init 2.53931900732991E+00 IR-5.08708359306436E-01 impC 1.55184994040037E-02 mP 6.80810564256901E-03 year-5.48601554518334E-06 sumLPAP 1.29809696191975E+00 harm
KEEPDBG accept 2 cc 6.85715848063980E-01 sumModel-2.24225786546161E+02 sumForcing-2.37683902548934E+03 sumM-4.10579403371750E-05 trend-4.96131619502118E-02 aero 0.00000000000000E+00 level 1.09167517699058E+02 k0-1.10902047660529E+01 init 3.55286843361229E+00 IR-5.08708359306436E-01 impC 1.55184994040037E-02 mP 6.80810564256901E-03 year-5.48601554518334E-06 sumLPAP 1.29809696191975E+00 harm
KEEPDBG accept 8 cc 6.84209455118289E-01 sumModel-3.14269438721367E+02 sumForcing-2.46760750883613E+02 sumM-4.71126227684783E-02 trend-1.40561701766739E-01 aero 0.00000000000000E+00 level-1.48514941557571E+02 k0-5.91945615056280E+03 init-1.60975139626706E+00 IR 8.60216874927013E-02 impC 9.32272853341178E-02 mP 8.33645217548250E-03 year-5.48601554518334E-06 sumLPAP 1.29809696191975E+00 harm
KEEPDBG accept 3 cc 6.93069821286958E-01 sumModel-3.22252554801666E+02 sumForcing-1.11104171397755E+03 sumM 9.13242718923720E-02 trend-9.30956182390230E-02 aero 0.00000000000000E+00 level 1.90621521037539E+02 k0-5.15379541142378E+00 init-1.00532899409681E+00 IR-1.91846405503390E-01 impC-1.03707227929207E-02 mP 8.78270465700828E-03 year-5.48601554518334E-06 sumLPAP 1.29809696191975E+00 harm
KEEPDBG accept 9 cc 6.97876000716013E-01 sumModel-2.17941270927998E+02 sumForcing 2.86662118172109E+02 sumM-1.27587319202216E-02 trend-2.28524455024703E-02 aero 0.00000000000000E+00 level-1.10522786469863E+05 k0 6.38078111683461E+05 init-1.56287684602490E+00 IR-5.05817796240160E-01 impC-7.57792880291413E-03 mP 5.61662153341371E-03 year-5.48601554518334E-06 sumLPAP 1.29809696191975E+00 harm
KEEPDBG accept 10 cc 6.68379923320069E-01 sumModel-2.75030464630472E+02 sumForcing-3.00176844641949E+03 sumM-2.99084281574041E-02 trend-6.37622415011793E-02 aero 0.00000000000000E+00 level 1.21885452559543E+02 k0 3.47009003188471E+00 init-1.66056830136967E+00 IR-3.52847146683651E-01 impC 1.34553003232356E-02 mP 9.59724356677358E-03 year-5.48601554518334E-06 sumLPAP 1.29809696191975E+00 harm
KEEPDBG accept 8 cc 6.84253416034515E-01 sumModel-3.14008769291257E+02 sumForcing-2.44705555719433E+02 sumM-4.71126227684783E-02 trend-1.39759900006667E-01 aero 0.00000000000000E+00 level-1.30174221186535E+02 k0-5.79522666505173E+03 init-1.60975139626706E+00 IR 8.60216874927013E-02 impC 9.32272853341178E-02 mP 8.15387158318122E-03 year-5.48601554518334E-06 sumLPAP 1.29809696191975E+00 harm
KEEPDBG accept 8 cc 6.84253432950324E-01 sumModel-3.14008990161400E+02 sumForcing-2.44705555719433E+02 sumM-3.72797305862810E-02 trend-1.39760942813778E-01 aero 0.00000000000000E+00 level-2.08038526567067E+02 k0-6.93332087761358E+03 init-1.60975139626706E+00 IR 8.60216874927013E-02 impC 9.32272853341178E-02 mP 8.15387158318122E-03 year-5.48601554518334E-06 sumLPAP 1.29809696191975E+00 harm
KEEPDBG accept 2 cc 6.86875547269722E-01 sumModel-2.25568593163829E+02 sumForcing-1.05982337380963E+03 sumM-4.10579403371750E-05 trend-5.00128760830992E-02 aero 0.00000000000000E+00 level 1.18674461766132E+02 k0 1.36605203918943E+01 init 7.04362863040549E+00 IR-5.08708359306436E-01 impC 1.55184994040037E-02 mP 6.80810564256901E-03 year-5.48601554518334E-06 sumLPAP 1.29809696191975E+00 harm
KEEPDBG accept 12 cc 6.64874846703110E-01 sumModel-2.23658235833478E+02 sumForcing 6.15260435570459E+02 sumM-2.37251094031777E-01 trend-5.67377090191101E-02 aero 0.00000000000000E+00 level 1.07869081371842E+02 k0 1.47670080056151E+00 init-1.56545875748598E+00 IR-5.28408080968041E-01 impC 1.56893709493084E-02 mP 6.78998830593233E-03 year-5.48601554518334E-06 sumLPAP 1.29809696191975E+00 harm
KEEPDBG accept 2 cc 6.86933240776673E-01 sumModel-2.25591283853354E+02 sumForcing-1.06156767914258E+03 sumM-4.10579403371750E-05 trend-5.00471695220299E-02 aero 0.00000000000000E+00 level 1.18729667798657E+02 k0 1.36484106040037E+01 init 7.04362863040549E+00 IR-5.08708359306436E-01 impC 1.55184994040037E-02 mP 6.80810564256901E-03 year-5.48601554518334E-06 sumLPAP 1.29809696191975E+00 harm
KEEPDBG accept 8 cc 6.84707204854370E-01 sumModel-3.13610428479125E+02 sumForcing-2.42417159417183E+02 sumM-3.72797305862810E-02 trend-1.38563237762173E-01 aero 0.00000000000000E+00 level-1.85004218899824E+02 k0-6.78698033592829E+03 init-1.45833354510717E+00 IR 8.60216874927013E-02 impC 9.32272853341178E-02 mP 8.15387158318122E-03 year-5.48601554518334E-06 sumLPAP 1.29809696191975E+00 harm
KEEPDBG accept 3 cc 6.93070018300065E-01 sumModel-3.22266872889171E+02 sumForcing-1.11104171397755E+03 sumM 9.13242718923720E-02 trend-9.31069030547500E-02 aero 0.00000000000000E+00 level 1.90644751968131E+02 k0-5.15453307911185E+00 init-1.00532899409681E+00 IR-1.91741524279012E-01 impC-1.03707227929207E-02 mP 8.78270465700828E-03 year-5.48601554518334E-06 sumLPAP 1.29809696191975E+00 harm
KEEPDBG accept 11 cc 7.04020009580611E-01 sumModel-2.38554179634954E+02 sumForcing 1.84773401488645E+01 sumM 5.10178513613572E-02 trend-1.83252026892551E-02 aero 0.00000000000000E+00 level 1.34309049922252E+06 k0 1.51915478656267E+08 init-3.63672578970327E+00 IR-3.05481104974151E-01 impC 3.32283576598236E-03 mP 3.91041784507409E-03 year-5.48601554518334E-06 sumLPAP 1.29809696191975E+00 harm
KEEPDBG accept 2 cc 6.92970197663301E-01 sumModel-2.26265069721710E+02 sumForcing-1.27784574366089E+03 sumM-4.10579403371750E-05 trend-5.18962044626263E-02 aero 0.00000000000000E+00 level 1.21824321773453E+02 k0 1.08171100369714E+01 init 7.04362863040549E+00 IR-5.08708359306436E-01 impC 1.55184994040037E-02 mP 7.58500540105489E-03 year-5.48601554518334E-06 sumLPAP 1.29809696191975E+00 harm
KEEPDBG accept 10 cc 6.68381455589896E-01 sumModel-2.75068535276291E+02 sumForcing-3.00393923025469E+03 sumM-2.99084281574041E-02 trend-6.37454245917659E-02 aero 0.00000000000000E+00 level 1.21852914850766E+02 k0 3.47976610459713E+00 init-1.66056830136967E+00 IR-3.52847146683651E-01 impC 1.34553003232356E-02 mP 9.59724356677358E-03 year-5.48601554518334E-06 sumLPAP 1.29809696191975E+00 harm
KEEPDBG accept 5 cc 6.95712127071011E-01 sumModel-3.12202073894454E+02 sumForcing 2.11864071705193E+03 sumM 1.55493987884824E-02 trend-9.49517075913986E-02 aero 0.00000000000000E+00 level-7.04116010121871E+02 k0 7.62360641376739E+02 init-2.33422033569099E+00 IR-2.11614423641437E-01 impC 4.50494890750256E-02 mP 5.66537800579445E-03 year-5.48601554518334E-06 sumLPAP 1.29809696191975E+00 harm
KEEPDBG accept 9 cc 6.98026081388893E-01 sumModel-2.19766761166986E+02 sumForcing 2.89668915471682E+02 sumM-1.27587319202216E-02 trend-2.56991219167719E-02 aero 0.00000000000000E+00 level-1.11015376907110E+05 k0 6.37303603525442E+05 init-1.56287684602490E+00 IR-5.05817796240160E-01 impC-7.57792880291413E-03 mP 5.61662153341371E-03 year-5.48601554518334E-06 sumLPAP 1.29809696191975E+00 harm
KEEPDBG accept 4 cc 6.69037162080292E-01 sumModel-2.46607496022080E+02 sumForcing 8.80197035372906E+01 sumM 4.55535567259016E-02 trend-6.40997521064888E-02 aero 0.00000000000000E+00 level-1.46394132793876E+04 k0 7.29842023932233E+05 init-8.72689330316017E-01 IR-4.73380767006501E-01 impC 8.91202361477361E-03 mP 6.95777028018036E-03 year-5.48601554518334E-06 sumLPAP 1.29809696191975E+00 harm
KEEPDBG accept 15 cc 6.92128246572314E-01 sumModel-3.20648176784827E+02 sumForcing 1.11229605693820E+02 sumM 7.67262377687027E-02 trend-1.10348690247343E-01 aero 0.00000000000000E+00 level 4.93188943868314E+04 k0-3.36635605293813E+05 init-1.42474401713633E+00 IR-1.86406553576750E-01 impC 2.22966286982204E-02 mP 3.51328069659593E-03 year-5.48601554518334E-06 sumLPAP 1.29809696191975E+00 harm
KEEPDBG accept 4 cc 6.69038543242610E-01 sumModel-2.46452137900304E+02 sumForcing 8.80672092022826E+01 sumM 4.55535567259016E-02 trend-6.39544291132772E-02 aero 0.00000000000000E+00 level-1.50394752602287E+04 k0 7.44490645143113E+05 init-8.72689330316017E-01 IR-4.73380767006501E-01 impC 8.91202361477361E-03 mP 6.95777028018036E-03 year-5.48601554518334E-06 sumLPAP 1.29809696191975E+00 harm
KEEPDBG accept 5 cc 6.95760118841858E-01 sumModel-3.12199989174096E+02 sumForcing 2.11934203587164E+03 sumM 1.55493987884824E-02 trend-9.49370482517684E-02 aero 0.00000000000000E+00 level-7.07013914604349E+02 k0 7.64546119180385E+02 init-2.33422033569099E+00 IR-2.11614423641437E-01 impC 4.50494890750256E-02 mP 5.66537800579445E-03 year-5.48601554518334E-06 sumLPAP 1.29809696191975E+00 harm
KEEPDBG accept 9 cc 6.98046275043226E-01 sumModel-2.19865433213117E+02 sumForcing 2.71577721278820E+02 sumM-1.27587319202216E-02 trend-2.58609847450993E-02 aero 0.00000000000000E+00 level-1.25417499292875E+05 k0 7.67201725739125E+05 init-1.56287684602490E+00 IR-5.05817796240160E-01 impC-7.57792880291413E-03 mP 5.61662153341371E-03 year-5.48601554518334E-06 sumLPAP 1.29809696191975E+00 harm
KEEPDBG accept 8 cc 6.86008994039319E-01 sumModel-3.11201272927548E+02 sumForcing-2.28786755345958E+02 sumM-3.72797305862810E-02 trend-1.31486753420942E-01 aero 0.00000000000000E+00 level-5.98113099098219E+01 k0-5.91622161051094E+03 init-7.74155944313898E-01 IR 8.60216874927013E-02 impC 9.32272853341178E-02 mP 8.15387158318122E-03 year-5.48601554518334E-06 sumLPAP 1.29809696191975E+00 harm
KEEPDBG accept 5 cc 6.96217364250619E-01 sumModel-3.11831661562268E+02 sumForcing 2.12348774586737E+03 sumM 1.55493987884824E-02 trend-9.43753902818250E-02 aero 0.00000000000000E+00 level-7.30906093690696E+02 k0 7.81534885278650E+02 init-2.33422033569099E+00 IR-2.11614423641437E-01 impC 4.50494890750256E-02 mP 5.75275274526996E-03 year-5.48601554518334E-06 sumLPAP 1.29809696191975E+00 harm
KEEPDBG accept 2 cc 6.92985139069760E-01 sumModel-2.26286443916220E+02 sumForcing-1.28041522306950E+03 sumM-4.10579403371750E-05 trend-5.19301932629788E-02 aero 0.00000000000000E+00 level 1.21872637900888E+02 k0 1.07902282670358E+01 init 7.04362863040549E+00 IR-5.08708359306436E-01 impC 1.55184994040037E-02 mP 7.58500540105489E-03 year-5.48601554518334E-06 sumLPAP 1.29809696191975E+00 harm
KEEPDBG accept 10 cc 6.91423009635865E-01 sumModel-2.80420212749792E+02 sumForcing-3.53218391054495E+03 sumM-2.99084281574041E-02 trend-7.11195576032458E-02 aero 0.00000000000000E+00 level 1.23803521958656E+02 k0-7.57369016656979E+00 init-1.66056830136967E+00 IR-3.52847146683651E-01 impC 1.34553003232356E-02 mP 9.59724356677358E-03 year-5.48601554518334E-06 sumLPAP 1.29809696191975E+00 harm
KEEPDBG accept 1 cc 6.76077536182374E-01 sumModel-1.51012168197322E+02 sumForcing 3.10163171900699E+01 sumM 1.42087513620276E-02 trend-3.58108755411288E-02 aero 0.00000000000000E+00 level 8.46676962741998E+02 k0 2.51851028823705E+04 init 4.45261015043224E-02 IR-6.83304829363379E-01 impC 1.15255831547407E-02 mP 5.55162949887788E-03 year-5.48601554518334E-06 sumLPAP 1.29809696191975E+00 harm
KEEPDBG accept 5 cc 6.96217365763915E-01 sumModel-3.11831660801784E+02 sumForcing 2.12348775693616E+03 sumM 1.55493987884824E-02 trend-9.43753844437713E-02 aero 0.00000000000000E+00 level-7.30906264092009E+02 k0 7.81535013800702E+02 init-2.33422033569099E+00 IR-2.11614423641437E-01 impC 4.50494890750256E-02 mP 5.75275274526996E-03 year-5.48601554518334E-06 sumLPAP 1.29809696191975E+00 harm
KEEPDBG accept 8 cc 6.86010457574232E-01 sumModel-3.07432474647660E+02 sumForcing-2.28786755345958E+02 sumM-3.72797305862810E-02 trend-1.31486753420942E-01 aero 0.00000000000000E+00 level-5.98113099098219E+01 k0-5.91622161051094E+03 init-7.74155944313898E-01 IR 8.60216874927013E-02 impC 1.22246850604107E-01 mP 8.15387158318122E-03 year-5.48601554518334E-06 sumLPAP 1.29809696191975E+00 harm
KEEPDBG accept 2 cc 6.93282084281625E-01 sumModel-2.25378556040824E+02 sumForcing-1.25855512680845E+03 sumM-4.10579403371750E-05 trend-5.09650745956576E-02 aero 0.00000000000000E+00 level 1.20077200058073E+02 k0 1.01358816448672E+01 init 7.04362863040549E+00 IR-5.08708359306436E-01 impC 1.55184994040037E-02 mP 7.58500540105489E-03 year-5.48601554518334E-06 sumLPAP 1.29809696191975E+00 harm
KEEPDBG accept 8 cc 6.86010606713883E-01 sumModel-3.07431730371709E+02 sumForcing-2.28786755345958E+02 sumM-8.44764131818567E-02 trend-1.31480682467299E-01 aero 0.00000000000000E+00 level 1.03123830969321E+02 k0-2.80902168868744E+03 init-7.74155944313898E-01 IR 8.60216874927013E-02 impC 1.22246850604107E-01 mP 8.15387158318122E-03 year-5.48601554518334E-06 sumLPAP 1.29809696191975E+00 harm
KEEPDBG accept 16 cc 6.67558013279698E-01 sumModel-2.44578102315017E+02 sumForcing 2.50099931921747E+02 sumM 5.77281559169618E-02 trend-6.40635796800786E-02 aero 0.00000000000000E+00 level-5.65695006013675E+04 k0 5.47846941343332E+05 init-1.14486227768174E+00 IR-4.83837501135221E-01 impC 3.61606246073837E-03 mP 6.82345000013191E-03 year-5.48601554518334E-06 sumLPAP 1.29809696191975E+00 harm
KEEPDBG accept 6 cc 6.71138838121065E-01 sumModel-1.67436529616329E+02 sumForcing 2.69541690470173E+03 sumM 2.08028283538392E-01 trend-4.29629270315321E-02 aero 0.00000000000000E+00 level 8.20265513458321E+01 k0-1.37103135070597E-01 init-2.77581629511024E+00 IR-6.14533959763580E-01 impC 2.79148127194107E-02 mP 5.55517765113865E-03 year-5.48601554518334E-06 sumLPAP 1.29809696191975E+00 harm
KEEPDBG accept 8 cc 6.86011719745768E-01 sumModel-3.07422686721113E+02 sumForcing-2.28759815435636E+02 sumM-8.44764131818567E-02 trend-1.31460818649208E-01 aero 0.00000000000000E+00 level 1.03204380295607E+02 k0-2.80840351482060E+03 init-7.74155944313898E-01 IR 8.60216874927013E-02 impC 1.22246850604107E-01 mP 8.15387158318122E-03 year-5.48601554518334E-06 sumLPAP 1.29809696191975E+00 harm
KEEPDBG accept 9 cc 6.98117831741879E-01 sumModel-2.20401071844282E+02 sumForcing 2.70780524354239E+02 sumM-1.27587319202216E-02 trend-2.69575039386288E-02 aero 0.00000000000000E+00 level-1.21714533183550E+05 k0 7.50193571297837E+05 init-1.48973724073845E+00 IR-5.05817796240160E-01 impC-7.57792880291413E-03 mP 5.61662153341371E-03 year-5.48601554518334E-06 sumLPAP 1.29809696191975E+00 harm
KEEPDBG accept 16 cc 6.67567283268025E-01 sumModel-2.44585574839750E+02 sumForcing 3.47676842844439E+02 sumM 5.77281559169618E-02 trend-6.40688769370081E-02 aero 0.00000000000000E+00 level-2.92825910240829E+04 k0 2.04347981645647E+05 init-1.14486227768174E+00 IR-4.83837501135221E-01 impC 3.61606246073837E-03 mP 6.82345000013191E-03 year-5.48601554518334E-06 sumLPAP 1.29809696191975E+00 harm
KEEPDBG accept 5 cc 6.96252693498791E-01 sumModel-3.11815192531210E+02 sumForcing 2.12352095744725E+03 sumM 1.55493987884824E-02 trend-9.43570293396571E-02 aero 0.00000000000000E+00 level-7.31589242417000E+02 k0 7.82058194896123E+02 init-2.33422033569099E+00 IR-2.11614423641437E-01 impC 4.50494890750256E-02 mP 5.75275274526996E-03 year-5.48601554518334E-06 sumLPAP 1.29809696191975E+00 harm
KEEPDBG accept 10 cc 6.93776247273620E-01 sumModel-2.84030990882693E+02 sumForcing-2.91476849902812E+03 sumM-2.99084281574041E-02 trend-8.26578868305763E-02 aero 0.00000000000000E+00 level 1.53585530535627E+02 k0-4.41272769878426E+00 init-1.66056830136967E+00 IR-3.52847146683651E-01 impC 1.34553003232356E-02 mP 9.59724356677358E-03 year-5.48601554518334E-06 sumLPAP 1.29809696191975E+00 harm
KEEPDBG accept 11 cc 7.04020009582032E-01 sumModel-2.38554179247482E+02 sumForcing 1.84773401488645E+01 sumM 5.10178513613572E-02 trend-1.83252026892551E-02 aero 0.00000000000000E+00 level 1.34309049922252E+06 k0 1.51915478656267E+08 init-3.63672578970327E+00 IR-3.05481104974151E-01 impC 3.32283785959990E-03 mP 3.91041784507409E-03 year-5.48601554518334E-06 sumLPAP 1.29809696191975E+00 harm
KEEPDBG accept 14 cc 6.72620504968453E-01 sumModel-1.82245729061380E+02 sumForcing 6.35206691606240E+00 sumM-4.33053578473076E-02 trend-4.63414385028598E-02 aero 0.00000000000000E+00 level 2.59768678871505E+05 k0-1.41364497688528E+07 init-1.84125528451155E-01 IR-6.28527854774051E-01 impC 5.33846395331927E-03 mP 6.49952431795575E-03 year-5.48601554518334E-06 sumLPAP 1.29809696191975E+00 harm
KEEPDBG accept 14 cc 6.72907065499896E-01 sumModel-1.82142747472488E+02 sumForcing 6.35214473487825E+00 sumM-4.33053578473076E-02 trend-4.64274980221890E-02 aero 0.00000000000000E+00 level 2.59187120704917E+05 k0-1.45461664401558E+07 init-5.00136600507151E-02 IR-6.28527854774051E-01 impC 5.33846395331927E-03 mP 6.49952431795575E-03 year-5.48601554518334E-06 sumLPAP 1.29809696191975E+00 harm
KEEPDBG accept 2 cc 6.93283114234954E-01 sumModel-2.24806091268262E+02 sumForcing-1.25855512680845E+03 sumM-4.10579403371750E-05 trend-5.09650745956576E-02 aero 0.00000000000000E+00 level 1.20077200058073E+02 k0 1.01358816448672E+01 init 7.04362863040549E+00 IR-5.08708359306436E-01 impC 1.81969743701442E-02 mP 7.58500540105489E-03 year-5.48601554518334E-06 sumLPAP 1.29809696191975E+00 harm
KEEPDBG accept 9 cc 6.99873184126153E-01 sumModel-2.19518063314676E+02 sumForcing 2.72463981279361E+02 sumM-1.27587319202216E-02 trend-2.57204443052595E-02 aero 0.00000000000000E+00 level-1.30984488560204E+05 k0 8.02267390754768E+05 init-1.48973724073845E+00 IR-5.05817796240160E-01 impC-7.57792880291413E-03 mP 5.61662153341371E-03 year-5.48601554518334E-06 sumLPAP 1.29809696191975E+00 harm
KEEPDBG accept 8 cc 6.86011725015264E-01 sumModel-3.07422661259632E+02 sumForcing-2.28759815435636E+02 sumM-8.58541884191417E-02 trend-1.31460608188118E-01 aero 0.00000000000000E+00 level 1.05847860897488E+02 k0-2.75795832904390E+03 init-7.74155944313898E-01 IR 8.60216874927013E-02 impC 1.22246850604107E-01 mP 8.15387158318122E-03 year-5.48601554518334E-06 sumLPAP 1.29809696191975E+00 harm
KEEPDBG accept 9 cc 7.02480328890101E-01 sumModel-2.14478808580937E+02 sumForcing 2.77339157715273E+02 sumM-1.27587319202216E-02 trend-2.12487811029393E-02 aero 0.00000000000000E+00 level-1.70600573779552E+05 k0 1.02975398237586E+06 init-1.48973724073845E+00 IR-5.05817796240160E-01 impC-7.57792880291413E-03 mP 6.44312425637238E-03 year-5.48601554518334E-06 sumLPAP 1.29809696191975E+00 harm
KEEPDBG accept 12 cc 6.64940210758430E-01 sumModel-2.23947701123587E+02 sumForcing 8.85913802605364E+02 sumM-2.37251094031777E-01 trend-5.67368624297813E-02 aero 0.00000000000000E+00 level 1.08009152793947E+02 k0-1.50060945885232E-01 init-1.56545875748598E+00 IR-5.28408080968041E-01 impC 1.56893709493084E-02 mP 6.78998830593233E-03 year-5.48601554518334E-06 sumLPAP 1.29809696191975E+00 harm
KEEPDBG accept 2 cc 6.93344261333860E-01 sumModel-2.24430578568220E+02 sumForcing-1.25000627640280E+03 sumM-4.10579403371750E-05 trend-5.05754578682248E-02 aero 0.00000000000000E+00 level 1.19358947058248E+02 k0 9.87828482585748E+00 init 7.04362863040549E+00 IR-5.08708359306436E-01 impC 1.81969743701442E-02 mP 7.58500540105489E-03 year-5.48601554518334E-06 sumLPAP 1.29809696191975E+00 harm
KEEPDBG accept 8 cc 6.86013205988523E-01 sumModel-3.07410532133546E+02 sumForcing-2.20449820209375E+02 sumM-8.58541884191417E-02 trend-1.31434579739257E-01 aero 0.00000000000000E+00 level 9.48367868896043E+01 k0-3.08089339230643E+03 init-7.74155944313898E-01 IR 8.60216874927013E-02 impC 1.22246850604107E-01 mP 8.15387158318122E-03 year-5.48601554518334E-06 sumLPAP 1.29809696191975E+00 harm
KEEPDBG accept 8 cc 6.86013467409888E-01 sumModel-3.07409306445566E+02 sumForcing-2.20449820209375E+02 sumM-1.45550028141581E-01 trend-1.31424427149741E-01 aero 0.00000000000000E+00 level 1.70118155734161E+02 k0-1.58905551045349E+03 init-7.74155944313898E-01 IR 8.60216874927013E-02 impC 1.22246850604107E-01 mP 8.15387158318122E-03 year-5.48601554518334E-06 sumLPAP 1.29809696191975E+00 harm
KEEPDBG accept 5 cc 6.96266125070568E-01 sumModel-3.11829489033632E+02 sumForcing 2.11716487564183E+03 sumM 1.57113418350564E-02 trend-9.43671512909383E-02 aero 0.00000000000000E+00 level-6.73920905111179E+02 k0 7.35975280857942E+02 init-2.33422033569099E+00 IR-2.11614423641437E-01 impC 4.50494890750256E-02 mP 5.75275274526996E-03 year-5.48601554518334E-06 sumLPAP 1.29809696191975E+00 harm
KEEPDBG accept 1 cc 6.76092252799610E-01 sumModel-1.51024040994932E+02 sumForcing 1.97444453405871E+01 sumM 1.42087513620276E-02 trend-3.58214632033072E-02 aero 0.00000000000000E+00 level 1.99029602227230E+03 k0 9.78197479525926E+04 init 4.45261015043224E-02 IR-6.83304829363379E-01 impC 1.15255831547407E-02 mP 5.55162949887788E-03 year-5.48601554518334E-06 sumLPAP 1.29809696191975E+00 harm
KEEPDBG accept 9 cc 7.02515812717120E-01 sumModel-2.14341622349515E+02 sumForcing 2.77339157715273E+02 sumM-1.27710181235935E-02 trend-2.11816335850700E-02 aero 0.00000000000000E+00 level-1.69399926099270E+05 k0 1.02069494719029E+06 init-1.48973724073845E+00 IR-5.05817796240160E-01 impC-7.57792880291413E-03 mP 6.44312425637238E-03 year-5.48601554518334E-06 sumLPAP 1.29809696191975E+00 harm
KEEPDBG accept 9 cc 7.02706732826133E-01 sumModel-2.14056108300307E+02 sumForcing 2.77625661232367E+02 sumM-1.27710181235935E-02 trend-2.08978372795449E-02 aero 0.00000000000000E+00 level-1.73166128497291E+05 k0 1.04402384876765E+06 init-1.48973724073845E+00 IR-5.05817796240160E-01 impC-7.57792880291413E-03 mP 6.44312425637238E-03 year-5.48601554518334E-06 sumLPAP 1.29809696191975E+00 harm
KEEPDBG accept 5 cc 6.97161333583310E-01 sumModel-3.08777362565946E+02 sumForcing 2.15695974807186E+03 sumM 1.57113418350564E-02 trend-8.79299490933329E-02 aero 0.00000000000000E+00 level-1.12624589403753E+03 k0 1.08096234513820E+03 init-2.33422033569099E+00 IR-2.11614423641437E-01 impC 4.50494890750256E-02 mP 5.75275274526996E-03 year-5.48601554518334E-06 sumLPAP 1.29809696191975E+00 harm
KEEPDBG accept 5 cc 6.98335526557442E-01 sumModel-3.05934153481572E+02 sumForcing 2.16546543133050E+03 sumM 1.57113418350564E-02 trend-8.51404743319684E-02 aero 0.00000000000000E+00 level-1.28061817536753E+03 k0 1.19643656819610E+03 init-2.33422033569099E+00 IR-2.11614423641437E-01 impC 4.50494890750256E-02 mP 6.03747853519721E-03 year-5.48601554518334E-06 sumLPAP 1.29809696191975E+00 harm
KEEPDBG accept 1 cc 6.76099108358630E-01 sumModel-1.51029337042259E+02 sumForcing 1.68993078881466E+01 sumM 1.42087513620276E-02 trend-3.58263891295743E-02 aero 0.00000000000000E+00 level 2.69245898116309E+03 k0 1.56147145878831E+05 init 4.45261015043224E-02 IR-6.83304829363379E-01 impC 1.15255831547407E-02 mP 5.55162949887788E-03 year-5.48601554518334E-06 sumLPAP 1.29809696191975E+00 harm
KEEPDBG accept 9 cc 7.03066114106930E-01 sumModel-2.15056590996290E+02 sumForcing 2.74982205753466E+02 sumM-1.27710181235935E-02 trend-2.22542390603953E-02 aero 0.00000000000000E+00 level-1.63494484639670E+05 k0 1.00343765026056E+06 init-1.48973724073845E+00 IR-5.05817796240160E-01 impC-7.57792880291413E-03 mP 6.44312425637238E-03 year-5.48601554518334E-06 sumLPAP 1.29809696191975E+00 harm
KEEPDBG accept 9 cc 7.03166899333388E-01 sumModel-2.15274782279425E+02 sumForcing 2.74103067216502E+02 sumM-1.27710181235935E-02 trend-2.26781526088733E-02 aero 0.00000000000000E+00 level-1.60214530001037E+05 k0 9.88708579415495E+05 init-1.48973724073845E+00 IR-5.05817796240160E-01 impC-7.57792880291413E-03 mP 6.44312425637238E-03 year-5.48601554518334E-06 sumLPAP 1.29809696191975E+00 harm
KEEPDBG accept 10 cc 6.93811769195249E-01 sumModel-2.84026481475475E+02 sumForcing-2.72966764163650E+03 sumM-2.99084281574041E-02 trend-8.26510039518509E-02 aero 0.00000000000000E+00 level 1.52913295531776E+02 k0-5.47775574628689E+00 init-1.66056830136967E+00 IR-3.52847146683651E-01 impC 1.34553003232356E-02 mP 9.59724356677358E-03 year-5.48601554518334E-06 sumLPAP 1.29809696191975E+00 harm
KEEPDBG accept 2 cc 6.95060109298067E-01 sumModel-2.22462120119744E+02 sumForcing-1.42949987910092E+03 sumM-3.00243016841041E-03 trend-4.90303340500991E-02 aero 0.00000000000000E+00 level 1.16131017465159E+02 k0 5.84589221230868E+00 init 7.04362863040549E+00 IR-5.08708359306436E-01 impC 1.81969743701442E-02 mP 7.58500540105489E-03 year-5.48601554518334E-06 sumLPAP 1.29809696191975E+00 harm
KEEPDBG accept 9 cc 7.03209937100038E-01 sumModel-2.15962500011050E+02 sumForcing 2.72536255116900E+02 sumM-1.25177463459497E-02 trend-2.41434677789986E-02 aero 0.00000000000000E+00 level-1.46806952756139E+05 k0 9.10566584104011E+05 init-1.48973724073845E+00 IR-5.05817796240160E-01 impC-7.57792880291413E-03 mP 6.44312425637238E-03 year-5.48601554518334E-06 sumLPAP 1.29809696191975E+00 harm
KEEPDBG accept 8 cc 6.86588763512593E-01 sumModel-3.07698263916997E+02 sumForcing-2.20920304041422E+02 sumM-1.47845054240997E-01 trend-1.32017997824319E-01 aero 0.00000000000000E+00 level 1.67045853959354E+02 k0-1.64850260728879E+03 init-7.74155944313898E-01 IR 8.60216874927013E-02 impC 1.22246850604107E-01 mP 8.15387158318122E-03 year-5.48601554518334E-06 sumLPAP 1.29809696191975E+00 harm
KEEPDBG accept 9 cc 7.03441110780670E-01 sumModel-2.18253643422390E+02 sumForcing 2.65991710734001E+02 sumM-1.25177463459497E-02 trend-2.72248548260094E-02 aero 0.00000000000000E+00 level-1.28622249886415E+05 k0 8.35750581164137E+05 init-1.48973724073845E+00 IR-5.05817796240160E-01 impC-7.57792880291413E-03 mP 6.44312425637238E-03 year-5.48601554518334E-06 sumLPAP 1.29809696191975E+00 harm
KEEPDBG accept 8 cc 6.86648252544777E-01 sumModel-3.08386433380640E+02 sumForcing-2.19061403533308E+02 sumM-1.47845054240997E-01 trend-1.29141081432205E-01 aero 0.00000000000000E+00 level 1.67900867576714E+02 k0-1.58363990606118E+03 init-7.74155944313898E-01 IR 8.60216874927013E-02 impC 1.22246850604107E-01 mP 8.15387158318122E-03 year-5.48601554518334E-06 sumLPAP 1.29809696191975E+00 harm
KEEPDBG accept 9 cc 7.03536329162307E-01 sumModel-2.18430769871620E+02 sumForcing 2.83382748513413E+02 sumM-1.13360540983249E-02 trend-2.75713427417296E-02 aero 0.00000000000000E+00 level-1.93166612115545E+05 k0 1.17019076972260E+06 init-1.48973724073845E+00 IR-5.05817796240160E-01 impC-7.57792880291413E-03 mP 6.44312425637238E-03 year-5.48601554518334E-06 sumLPAP 1.29809696191975E+00 harm
KEEPDBG accept 11 cc 7.04020010054881E-01 sumModel-2.38554084837882E+02 sumForcing 1.84773401488645E+01 sumM 5.10178513613572E-02 trend-1.83251602225083E-02 aero 0.00000000000000E+00 level 1.34308951317262E+06 k0 1.51915452028112E+08 init-3.63672578970327E+00 IR-3.05481604156814E-01 impC 3.32283785959990E-03 mP 3.91041784507409E-03 year-5.48601554518334E-06 sumLPAP 1.29809696191975E+00 harm
KEEPDBG accept 3 cc 6.94169516661505E-01 sumModel-3.21521583254001E+02 sumForcing-1.13063786251789E+03 sumM 9.13242718923720E-02 trend-9.25476144630085E-02 aero 0.00000000000000E+00 level 1.89442998597612E+02 k0-5.90796976669718E+00 init-1.00532899409681E+00 IR-1.91741524279012E-01 impC-1.03707227929207E-02 mP 8.78270465700828E-03 year-5.48601554518334E-06 sumLPAP 1.29809696191975E+00 harm
KEEPDBG accept 15 cc 6.93259950760569E-01 sumModel-3.18318573739357E+02 sumForcing 1.16391718437236E+02 sumM 7.67262377687027E-02 trend-1.09020605701591E-01 aero 0.00000000000000E+00 level 6.38154053037212E+04 k0-2.78931816612484E+05 init-1.42474401713633E+00 IR-1.86406553576750E-01 impC 2.22966286982204E-02 mP 3.51328069659593E-03 year-5.48601554518334E-06 sumLPAP 1.29809696191975E+00 harm
KEEPDBG accept 9 cc 7.03604159780169E-01 sumModel-2.18380025756561E+02 sumForcing 2.83404808007971E+02 sumM-1.13360540983249E-02 trend-2.78642107004519E-02 aero 0.00000000000000E+00 level-1.89953134041579E+05 k0 1.14847100051730E+06 init-1.48973724073845E+00 IR-5.05817796240160E-01 impC-7.57792880291413E-03 mP 6.44312425637238E-03 year-5.48601554518334E-06 sumLPAP 1.29809696191975E+00 harm
KEEPDBG accept 15 cc 6.94729194745774E-01 sumModel-3.18293833600943E+02 sumForcing 1.17617731162367E+02 sumM 7.67262377687027E-02 trend-1.09028878116758E-01 aero 0.00000000000000E+00 level 6.18389436504839E+04 k0-3.22526850235780E+05 init-1.42474401713633E+00 IR-1.86406553576750E-01 impC 2.22966286982204E-02 mP 3.51328069659593E-03 year-5.48601554518334E-06 sumLPAP 1.29809696191975E+00 harm
KEEPDBG accept 1 cc 6.76146783257370E-01 sumModel-1.51064260981385E+02 sumForcing 8.43844377789038E+00 sumM 1.42087513620276E-02 trend-3.58607295340065E-02 aero 0.00000000000000E+00 level 1.06039625733252E+04 k0 1.26181918844981E+06 init 4.45261015043224E-02 IR-6.83304829363379E-01 impC 1.15255831547407E-02 mP 5.55162949887788E-03 year-5.48601554518334E-06 sumLPAP 1.29809696191975E+00 harm
KEEPDBG accept 5 cc 6.98498199508932E-01 sumModel-3.03086995087164E+02 sumForcing 2.16546543133050E+03 sumM 1.57113418350564E-02 trend-8.34222245597070E-02 aero 0.00000000000000E+00 level-1.26555615744918E+03 k0 1.18112215589355E+03 init-2.33422033569099E+00 IR-2.28745015717141E-01 impC 4.50494890750256E-02 mP 6.03747853519721E-03 year-5.48601554518334E-06 sumLPAP 1.29809696191975E+00 harm
KEEPDBG accept 4 cc 6.69399837356318E-01 sumModel-2.29372955931816E+02 sumForcing 8.80672092022826E+01 sumM 4.55535567259016E-02 trend-5.83295920512757E-02 aero 0.00000000000000E+00 level-1.46024188017608E+04 k0 6.84439825659222E+05 init-8.72689330316017E-01 IR-5.20756115218998E-01 impC 8.91202361477361E-03 mP 6.95777028018036E-03 year-5.48601554518334E-06 sumLPAP 1.29809696191975E+00 harm
KEEPDBG accept 5 cc 6.98546735026961E-01 sumModel-3.03254208265240E+02 sumForcing 2.16645698526530E+03 sumM 1.57113418350564E-02 trend-8.39853901858963E-02 aero 0.00000000000000E+00 level-1.30475585077364E+03 k0 1.21450328275940E+03 init-2.33422033569099E+00 IR-2.28745015717141E-01 impC 4.50494890750256E-02 mP 6.03747853519721E-03 year-5.48601554518334E-06 sumLPAP 1.29809696191975E+00 harm
KEEPDBG accept 12 cc 6.64941104934676E-01 sumModel-2.23948623293707E+02 sumForcing 8.85911543330721E+02 sumM-2.37251094031777E-01 trend-5.67375971065872E-02 aero 0.00000000000000E+00 level 1.08010557868741E+02 k0-1.50114106156568E-01 init-1.56545875748598E+00 IR-5.28408080968041E-01 impC 1.56893709493084E-02 mP 6.78998830593233E-03 year-5.48601554518334E-06 sumLPAP 1.29809696191975E+00 harm
KEEPDBG accept 12 cc 6.65175448838315E-01 sumModel-2.23772859418146E+02 sumForcing 8.87339642484103E+02 sumM-2.37251094031777E-01 trend-5.66704496485356E-02 aero 0.00000000000000E+00 level 1.07881517269778E+02 k0-1.30504022937993E-01 init-1.56545875748598E+00 IR-5.28408080968041E-01 impC 1.56893709493084E-02 mP 6.78998830593233E-03 year-5.48601554518334E-06 sumLPAP 1.29809696191975E+00 harm
KEEPDBG accept 14 cc 6.73049176425187E-01 sumModel-1.81996109108538E+02 sumForcing 6.34761133031807E+00 sumM-4.33053578473076E-02 trend-4.64739372451830E-02 aero 0.00000000000000E+00 level 2.58694788705992E+05 k0-1.48035678588021E+07 init-4.75670870719691E-02 IR-6.28527854774051E-01 impC 5.33846395331927E-03 mP 6.49952431795575E-03 year-5.48601554518334E-06 sumLPAP 1.29809696191975E+00 harm
KEEPDBG accept 16 cc 6.67778142460182E-01 sumModel-2.22395514643495E+02 sumForcing 3.47676842844439E+02 sumM 5.77281559169618E-02 trend-5.69833235073892E-02 aero 0.00000000000000E+00 level-2.72727200672629E+04 k0 1.85643568073171E+05 init-1.14486227768174E+00 IR-5.43577427512602E-01 impC 3.61606246073837E-03 mP 6.82345000013191E-03 year-5.48601554518334E-06 sumLPAP 1.29809696191975E+00 harm
KEEPDBG accept 10 cc 6.94415688699872E-01 sumModel-2.83579918343189E+02 sumForcing-2.81165215817392E+03 sumM-2.99084281574041E-02 trend-8.13476859721448E-02 aero 0.00000000000000E+00 level 1.49689989087889E+02 k0-5.69338231992363E+00 init-2.17114180291964E+00 IR-3.52847146683651E-01 impC 1.34553003232356E-02 mP 9.59724356677358E-03 year-5.48601554518334E-06 sumLPAP 1.29809696191975E+00 harm
KEEPDBG accept 6 cc 6.72559398119972E-01 sumModel-1.67912359926473E+02 sumForcing 2.83704358327750E+03 sumM 2.08028283538392E-01 trend-4.28779836821561E-02 aero 0.00000000000000E+00 level 8.18525346310969E+01 k0-1.34035649414782E-01 init-2.77581629511024E+00 IR-6.14533959763580E-01 impC 2.79148127194107E-02 mP 5.55517765113865E-03 year-5.48601554518334E-06 sumLPAP 1.29809696191975E+00 harm
KEEPDBG accept 8 cc 6.86746379668305E-01 sumModel-3.08307900480501E+02 sumForcing-2.22597682886447E+02 sumM-1.47845054240997E-01 trend-1.30349647384348E-01 aero 0.00000000000000E+00 level 1.62213752157345E+02 k0-1.64807565582914E+03 init-7.74155944313898E-01 IR 8.60216874927013E-02 impC 1.22246850604107E-01 mP 8.15387158318122E-03 year-5.48601554518334E-06 sumLPAP 1.29809696191975E+00 harm
KEEPDBG accept 10 cc 6.94895239555924E-01 sumModel-2.83490996202453E+02 sumForcing-2.89818891752937E+03 sumM-2.95431858211329E-02 trend-8.11722037260910E-02 aero 0.00000000000000E+00 level 1.48544395429347E+02 k0-6.09286784663685E+00 init-2.17114180291964E+00 IR-3.52847146683651E-01 impC 1.34553003232356E-02 mP 9.59724356677358E-03 year-5.48601554518334E-06 sumLPAP 1.29809696191975E+00 harm
KEEPDBG accept 1 cc 6.76304964319217E-01 sumModel-1.51168126163768E+02 sumForcing 3.42542439251478E+00 sumM 1.42087513620276E-02 trend-3.59642596177980E-02 aero 0.00000000000000E+00 level 6.42058724631881E+04 k0 1.92503208283158E+07 init 4.45261015043224E-02 IR-6.83304829363379E-01 impC 1.15255831547407E-02 mP 5.55162949887788E-03 year-5.48601554518334E-06 sumLPAP 1.29809696191975E+00 harm
KEEPDBG accept 8 cc 6.86756124175554E-01 sumModel-3.08285751695901E+02 sumForcing-2.07477482828052E+02 sumM-1.47845054240997E-01 trend-1.30300048404051E-01 aero 0.00000000000000E+00 level 1.49188777573264E+02 k0-2.03578710228948E+03 init-7.74155944313898E-01 IR 8.60216874927013E-02 impC 1.22246850604107E-01 mP 8.15387158318122E-03 year-5.48601554518334E-06 sumLPAP 1.29809696191975E+00 harm
KEEPDBG accept 4 cc 6.69399959417594E-01 sumModel-2.28864423587435E+02 sumForcing 8.80672092022826E+01 sumM 4.55535567259016E-02 trend-5.83295920512757E-02 aero 0.00000000000000E+00 level-1.46024188017608E+04 k0 6.84439825659222E+05 init-8.72689330316017E-01 IR-5.20756115218998E-01 impC 1.12560591669078E-02 mP 6.95777028018036E-03 year-5.48601554518334E-06 sumLPAP 1.29809696191975E+00 harm
KEEPDBG accept 12 cc 6.65368439194259E-01 sumModel-2.21077013489212E+02 sumForcing 9.16596960491474E+02 sumM-2.37251094031777E-01 trend-5.54646673097041E-02 aero 0.00000000000000E+00 level 1.05572305727200E+02 k0 1.17592403074701E-01 init-1.56545875748598E+00 IR-5.28408080968041E-01 impC 1.56893709493084E-02 mP 6.78998830593233E-03 year-5.48601554518334E-06 sumLPAP 1.29809696191975E+00 harm
KEEPDBG accept 6 cc 6.72562781562575E-01 sumModel-1.69999259551308E+02 sumForcing 2.83704358327750E+03 sumM 2.08028283538392E-01 trend-4.28779836821561E-02 aero 0.00000000000000E+00 level 8.18525346310969E+01 k0-1.34035649414782E-01 init-2.77581629511024E+00 IR-6.14533959763580E-01 impC 1.88517319275049E-02 mP 5.55517765113865E-03 year-5.48601554518334E-06 sumLPAP 1.29809696191975E+00 harm
KEEPDBG accept 8 cc 6.86760821994027E-01 sumModel-3.08291671746601E+02 sumForcing-2.07464891077166E+02 sumM-1.47845054240997E-01 trend-1.30303684699819E-01 aero 0.00000000000000E+00 level 1.49228606586070E+02 k0-2.03531032972802E+03 init-7.74155944313898E-01 IR 8.60216874927013E-02 impC 1.22246850604107E-01 mP 8.15387158318122E-03 year-5.48601554518334E-06 sumLPAP 1.29809696191975E+00 harm
KEEPDBG accept 4 cc 6.69427010886263E-01 sumModel-2.28846221031275E+02 sumForcing 8.69717567791244E+01 sumM 4.54365722465784E-02 trend-5.83201185540728E-02 aero 0.00000000000000E+00 level-1.35374317009614E+04 k0 6.65661756703138E+05 init-8.72689330316017E-01 IR-5.20756115218998E-01 impC 1.12560591669078E-02 mP 6.95777028018036E-03 year-5.48601554518334E-06 sumLPAP 1.29809696191975E+00 harm
KEEPDBG accept 3 cc 6.94467740629086E-01 sumModel-3.21790454597397E+02 sumForcing-1.07879097772058E+03 sumM 9.13242718923720E-02 trend-9.22089318816136E-02 aero 0.00000000000000E+00 level 1.89554133750888E+02 k0-4.79100302312638E+00 init-6.07023200635157E-01 IR-1.91741524279012E-01 impC-1.03707227929207E-02 mP 8.78270465700828E-03 year-5.48601554518334E-06 sumLPAP 1.29809696191975E+00 harm
KEEPDBG accept 5 cc 6.98570864521084E-01 sumModel-3.02747447707278E+02 sumForcing 2.16645698526530E+03 sumM 1.57113418350564E-02 trend-8.36905880100836E-02 aero 0.00000000000000E+00 level-1.30207525682120E+03 k0 1.21179393145833E+03 init-2.33422033569099E+00 IR-2.31665598510877E-01 impC 4.50494890750256E-02 mP 6.03747853519721E-03 year-5.48601554518334E-06 sumLPAP 1.29809696191975E+00 harm
KEEPDBG accept 9 cc 7.05541266896341E-01 sumModel-2.16413019104623E+02 sumForcing 2.85798410818729E+02 sumM-1.13360540983249E-02 trend-2.55954253703649E-02 aero 0.00000000000000E+00 level-2.13961938637331E+05 k0 1.28003426899420E+06 init-1.48973724073845E+00 IR-5.05817796240160E-01 impC-7.57792880291413E-03 mP 6.44312425637238E-03 year-5.48601554518334E-06 sumLPAP 1.29809696191975E+00 harm
KEEPDBG accept 10 cc 6.94957042098477E-01 sumModel-2.85216932029493E+02 sumForcing-2.89818891752937E+03 sumM-2.95431858211329E-02 trend-8.19502920875249E-02 aero 0.00000000000000E+00 level 1.49994494148050E+02 k0-6.10243176743972E+00 init-2.17114180291964E+00 IR-3.46004973747471E-01 impC 1.34553003232356E-02 mP 9.59724356677358E-03 year-5.48601554518334E-06 sumLPAP 1.29809696191975E+00 harm
KEEPDBG accept 14 cc 6.73679581848084E-01 sumModel-2.08897109666285E+02 sumForcing 6.34761133031807E+00 sumM-4.33053578473076E-02 trend-5.32799618340720E-02 aero 0.00000000000000E+00 level 3.03945960778819E+05 k0-1.86792879912742E+07 init-4.75670870719691E-02 IR-5.66564087140193E-01 impC 5.33846395331927E-03 mP 6.49952431795575E-03 year-5.48601554518334E-06 sumLPAP 1.29809696191975E+00 harm
KEEPDBG accept 2 cc 6.95457278295099E-01 sumModel-2.42252639320517E+02 sumForcing-1.42949987910092E+03 sumM-3.00243016841041E-03 trend-5.51351553421877E-02 aero 0.00000000000000E+00 level 1.29931706983004E+02 k0 6.28824573254308E+00 init 7.04362863040549E+00 IR-4.52956272941123E-01 impC 1.81969743701442E-02 mP 7.58500540105489E-03 year-5.48601554518334E-06 sumLPAP 1.29809696191975E+00 harm
KEEPDBG accept 15 cc 6.94758105747819E-01 sumModel-3.18356339377748E+02 sumForcing 1.17510544087651E+02 sumM 7.67262377687027E-02 trend-1.09123615986469E-01 aero 0.00000000000000E+00 level 6.22405540183728E+04 k0-3.37211230433592E+05 init-1.42474401713633E+00 IR-1.86406553576750E-01 impC 2.22966286982204E-02 mP 3.51328069659593E-03 year-5.48601554518334E-06 sumLPAP 1.29809696191975E+00 harm
KEEPDBG accept 10 cc 6.95064334587739E-01 sumModel-2.84854495338863E+02 sumForcing-3.01464588226149E+03 sumM-2.95431858211329E-02 trend-8.01807701992537E-02 aero 0.00000000000000E+00 level 1.45372998203774E+02 k0-6.51026988747383E+00 init-2.78635875389415E+00 IR-3.46004973747471E-01 impC 1.34553003232356E-02 mP 9.59724356677358E-03 year-5.48601554518334E-06 sumLPAP 1.29809696191975E+00 harm
KEEPDBG accept 9 cc 7.05560512510298E-01 sumModel-2.16565213422384E+02 sumForcing 2.85798403266051E+02 sumM-1.13360540983249E-02 trend-2.55676409214256E-02 aero 0.00000000000000E+00 level-2.13487129225342E+05 k0 1.27638571639714E+06 init-1.48973633086582E+00 IR-5.05817796240160E-01 impC-7.57792880291413E-03 mP 6.44312425637238E-03 year-5.48601554518334E-06 sumLPAP 1.29809696191975E+00 harm
KEEPDBG accept 15 cc 6.94881926258551E-01 sumModel-3.25659470251777E+02 sumForcing 4.73590199623209E+01 sumM 7.67262377687027E-02 trend-1.09485377441760E-01 aero 0.00000000000000E+00 level 4.03739629009682E+05 k0-6.56795243572505E+06 init-1.42474401713633E+00 IR-1.86406553576750E-01 impC 2.22966286982204E-02 mP 3.51328069659593E-03 year-5.48601554518334E-06 sumLPAP 1.29809696191975E+00 harm
KEEPDBG accept 5 cc 6.98804258651292E-01 sumModel-3.02865518037071E+02 sumForcing 2.13545818478413E+03 sumM 1.66166927311453E-02 trend-8.37562627655131E-02 aero 0.00000000000000E+00 level-8.72307096864241E+02 k0 8.74266141627308E+02 init-2.33422033569099E+00 IR-2.31665598510877E-01 impC 4.50494890750256E-02 mP 6.03747853519721E-03 year-5.48601554518334E-06 sumLPAP 1.29809696191975E+00 harm
KEEPDBG accept 9 cc 7.05588916097750E-01 sumModel-2.16502849640707E+02 sumForcing 2.85798369356629E+02 sumM-1.13360540983249E-02 trend-2.55085302215450E-02 aero 0.00000000000000E+00 level-2.12600152747007E+05 k0 1.26943335812677E+06 init-1.48973224579170E+00 IR-5.05817796240160E-01 impC-7.57792880291413E-03 mP 6.44312425637238E-03 year-5.48601554518334E-06 sumLPAP 1.29809696191975E+00 harm
KEEPDBG accept 2 cc 6.95481347118256E-01 sumModel-2.42124296347121E+02 sumForcing-1.43389663899896E+03 sumM-3.00243016841041E-03 trend-5.50003831113106E-02 aero 0.00000000000000E+00 level 1.29678740182239E+02 k0 6.12684390505050E+00 init 7.04362863040549E+00 IR-4.52956272941123E-01 impC 1.81969743701442E-02 mP 7.58500540105489E-03 year-5.48601554518334E-06 sumLPAP 1.29809696191975E+00 harm
KEEPDBG accept 5 cc 6.98829967085160E-01 sumModel-3.02820792932968E+02 sumForcing 2.13551182086419E+03 sumM 1.66166927311453E-02 trend-8.37243639164302E-02 aero 0.00000000000000E+00 level-8.73518296468478E+02 k0 8.75182556932019E+02 init-2.33422033569099E+00 IR-2.31665598510877E-01 impC 4.50494890750256E-02 mP 6.04127464223786E-03 year-5.48601554518334E-06 sumLPAP 1.29809696191975E+00 harm
KEEPDBG accept 11 cc 7.04020147257315E-01 sumModel-2.38520391637557E+02 sumForcing 1.84773401488645E+01 sumM 5.10178513613572E-02 trend-1.83127405180791E-02 aero 0.00000000000000E+00 level 1.34280113581236E+06 k0 1.51907664433260E+08 init-3.63672578970327E+00 IR-3.05627593703768E-01 impC 3.32283785959990E-03 mP 3.91041784507409E-03 year-5.48601554518334E-06 sumLPAP 1.29809696191975E+00 harm
KEEPDBG accept 8 cc 6.86772556557305E-01 sumModel-3.08264147619147E+02 sumForcing-1.91348053659967E+02 sumM-1.47845054240997E-01 trend-1.30241786879807E-01 aero 0.00000000000000E+00 level 1.31893846445459E+02 k0-2.59385364638678E+03 init-7.74155944313898E-01 IR 8.60216874927013E-02 impC 1.22246850604107E-01 mP 8.15387158318122E-03 year-5.48601554518334E-06 sumLPAP 1.29809696191975E+00 harm
KEEPDBG accept 2 cc 6.95590596046272E-01 sumModel-2.41839646514090E+02 sumForcing-1.56449345753543E+03 sumM-3.00243016841041E-03 trend-5.54165536594134E-02 aero 0.00000000000000E+00 level 1.29863088709918E+02 k0 3.58243737625684E+00 init 7.04362863040549E+00 IR-4.52956272941123E-01 impC 1.81969743701442E-02 mP 7.58500540105489E-03 year-5.48601554518334E-06 sumLPAP 1.29809696191975E+00 harm
KEEPDBG accept 10 cc 6.95458918484094E-01 sumModel-2.82900934629040E+02 sumForcing-2.68673624537372E+03 sumM-2.95431858211329E-02 trend-8.14994855283362E-02 aero 0.00000000000000E+00 level 1.49405492047711E+02 k0-6.04239527304559E+00 init-2.78635875389415E+00 IR-3.46004973747471E-01 impC 1.34553003232356E-02 mP 9.59724356677358E-03 year-5.48601554518334E-06 sumLPAP 1.29809696191975E+00 harm
KEEPDBG accept 10 cc 6.96007159695740E-01 sumModel-2.82504504431713E+02 sumForcing-2.76491109499792E+03 sumM-2.95431858211329E-02 trend-8.03235985982056E-02 aero 0.00000000000000E+00 level 1.46281789764295E+02 k0-6.62103835291959E+00 init-2.78635875389415E+00 IR-3.46004973747471E-01 impC 1.34553003232356E-02 mP 9.59724356677358E-03 year-5.48601554518334E-06 sumLPAP 1.29809696191975E+00 harm
KEEPDBG accept 12 cc 6.65834327092585E-01 sumModel-2.21275113821583E+02 sumForcing 9.20365140426244E+02 sumM-2.37251094031777E-01 trend-5.58137934903830E-02 aero 0.00000000000000E+00 level 1.06236912518703E+02 k0 1.00505932432996E-01 init-1.56545875748598E+00 IR-5.28408080968041E-01 impC 1.56893709493084E-02 mP 6.78998830593233E-03 year-5.48601554518334E-06 sumLPAP 1.29809696191975E+00 harm
KEEPDBG accept 2 cc 6.95618847074528E-01 sumModel-2.42360206154885E+02 sumForcing-4.28515705249835E+03 sumM-3.00243016841041E-03 trend-5.58631500047120E-02 aero 0.00000000000000E+00 level 1.08693095932359E+02 k0 2.32749370717641E-01 init 7.04362863040549E+00 IR-4.52956272941123E-01 impC 1.81969743701442E-02 mP 7.58500540105489E-03 year-5.48601554518334E-06 sumLPAP 1.29809696191975E+00 harm
KEEPDBG accept 5 cc 7.01933613920913E-01 sumModel-3.06213256725429E+02 sumForcing 2.11851273173799E+03 sumM 1.66166927311453E-02 trend-9.56948197054151E-02 aero 0.00000000000000E+00 level-5.98575831678914E+02 k0 6.71043519467910E+02 init-1.68620672459581E+00 IR-2.31665598510877E-01 impC 4.50494890750256E-02 mP 6.04127464223786E-03 year-5.48601554518334E-06 sumLPAP 1.29809696191975E+00 harm
KEEPDBG accept 3 cc 6.96798092769850E-01 sumModel-3.16272758332587E+02 sumForcing-1.23018336005096E+03 sumM 9.13242718923720E-02 trend-9.02225184653641E-02 aero 0.00000000000000E+00 level 1.84098421421368E+02 k0-1.00063545983435E+01 init-6.07023200635157E-01 IR-1.91741524279012E-01 impC-1.03707227929207E-02 mP 8.78270465700828E-03 year-5.48601554518334E-06 sumLPAP 1.29809696191975E+00 harm
KEEPDBG accept 13 cc 6.21420151254467E-01 sumModel-2.03882551520852E+02 sumForcing 2.14318915665023E+01 sumM 4.90822362684516E-02 trend-3.79457608610173E-02 aero 0.00000000000000E+00 level 5.10349550041372E+04 k0-6.44062704584794E+06 init-1.66138086652861E+00 IR-5.24944046054444E-01 impC 3.12606413592430E-02 mP 5.54871041063005E-03 year-5.48601554518334E-06 sumLPAP 1.29809696191975E+00 harm
KEEPDBG accept 10 cc 6.98401264258002E-01 sumModel-2.83656241845161E+02 sumForcing-3.27899862505497E+03 sumM-2.95431858211329E-02 trend-8.38276936362045E-02 aero 0.00000000000000E+00 level 1.47566881137551E+02 k0-9.10100118814020E+00 init-2.78635875389415E+00 IR-3.46004973747471E-01 impC 1.34553003232356E-02 mP 9.59724356677358E-03 year-5.48601554518334E-06 sumLPAP 1.29809696191975E+00 harm
KEEPDBG accept 16 cc 6.67921096110340E-01 sumModel-2.22220287185305E+02 sumForcing 1.81255949006170E+02 sumM 5.06490638431339E-02 trend-5.67332339740969E-02 aero 0.00000000000000E+00 level 4.08037133504970E+02 k0 3.32505729705534E+04 init-1.14486227768174E+00 IR-5.43577427512602E-01 impC 3.61606246073837E-03 mP 6.82345000013191E-03 year-5.48601554518334E-06 sumLPAP 1.29809696191975E+00 harm
KEEPDBG accept 5 cc 7.02084262844073E-01 sumModel-3.06073753457629E+02 sumForcing 2.11874515353138E+03 sumM 1.66166927311453E-02 trend-9.55638432445932E-02 aero 0.00000000000000E+00 level-6.02720857425745E+02 k0 6.74217276689296E+02 init-1.68620672459581E+00 IR-2.31665598510877E-01 impC 4.50494890750256E-02 mP 6.04127464223786E-03 year-5.48601554518334E-06 sumLPAP 1.29809696191975E+00 harm
KEEPDBG accept 12 cc 6.65835272063359E-01 sumModel-2.21275892279699E+02 sumForcing 9.20363699427890E+02 sumM-2.37251094031777E-01 trend-5.58143616694820E-02 aero 0.00000000000000E+00 level 1.06238002851199E+02 k0 1.00460413334748E-01 init-1.56545875748598E+00 IR-5.28408080968041E-01 impC 1.56893709493084E-02 mP 6.78998830593233E-03 year-5.48601554518334E-06 sumLPAP 1.29809696191975E+00 harm
KEEPDBG accept 15 cc 6.94883908643163E-01 sumModel-3.25007982100785E+02 sumForcing 4.73590199623209E+01 sumM 7.67262377687027E-02 trend-1.09485377441760E-01 aero 0.00000000000000E+00 level 4.03739629009682E+05 k0-6.56795243572505E+06 init-1.42474401713633E+00 IR-1.86406553576750E-01 impC 2.61680054650684E-02 mP 3.51328069659593E-03 year-5.48601554518334E-06 sumLPAP 1.29809696191975E+00 harm
KEEPDBG accept 2 cc 6.95636518051268E-01 sumModel-2.42211636230805E+02 sumForcing-3.76867291390850E+03 sumM-3.00243016841041E-03 trend-5.57293127556353E-02 aero 0.00000000000000E+00 level 1.09426486552480E+02 k0 3.20316637148311E-01 init 7.04362863040549E+00 IR-4.52956272941123E-01 impC 1.81969743701442E-02 mP 7.58500540105489E-03 year-5.48601554518334E-06 sumLPAP 1.29809696191975E+00 harm
KEEPDBG accept 10 cc 6.99987092123235E-01 sumModel-2.83754677932149E+02 sumForcing-3.47771069475823E+03 sumM-2.95431858211329E-02 trend-8.23103573548157E-02 aero 0.00000000000000E+00 level 1.43947655044324E+02 k0-8.11536845031843E+00 init-2.78635875389415E+00 IR-3.46004973747471E-01 impC 1.34553003232356E-02 mP 9.59724356677358E-03 year-5.48601554518334E-06 sumLPAP 1.29809696191975E+00 harm
KEEPDBG accept 5 cc 7.02394064344122E-01 sumModel-3.05858832874612E+02 sumForcing 2.11613440288993E+03 sumM 1.66166927311453E-02 trend-9.47911227027842E-02 aero 0.00000000000000E+00 level-5.55561582910740E+02 k0 6.32112517502102E+02 init-1.68620672459581E+00 IR-2.31665598510877E-01 impC 4.50494890750256E-02 mP 6.04127464223786E-03 year-5.48601554518334E-06 sumLPAP 1.29809696191975E+00 harm
KEEPDBG accept 11 cc 7.04020166004079E-01 sumModel-2.38515768873632E+02 sumForcing 1.84773401488645E+01 sumM 5.10178513613572E-02 trend-1.83110354553831E-02 aero 0.00000000000000E+00 level 1.34276154537910E+06 k0 1.51906595298519E+08 init-3.63672578970327E+00 IR-3.05647636155819E-01 impC 3.32283785959990E-03 mP 3.91041784507409E-03 year-5.48601554518334E-06 sumLPAP 1.29809696191975E+00 harm
KEEPDBG accept 10 cc 7.01390331788662E-01 sumModel-2.83035804711988E+02 sumForcing-4.22074751691641E+03 sumM-2.57764155119480E-02 trend-8.10837315659021E-02 aero 0.00000000000000E+00 level 1.01091435834096E+02 k0-2.27906518264595E+01 init-2.78635875389415E+00 IR-3.46004973747471E-01 impC 1.34553003232356E-02 mP 9.59724356677358E-03 year-5.48601554518334E-06 sumLPAP 1.29809696191975E+00 harm
KEEPDBG accept 9 cc 7.05600274367665E-01 sumModel-2.16481267823330E+02 sumForcing 2.85798383021381E+02 sumM-1.13360565390350E-02 trend-2.54871080877502E-02 aero 0.00000000000000E+00 level-2.12259283187272E+05 k0 1.26678606795609E+06 init-1.48973224579170E+00 IR-5.05817796240160E-01 impC-7.57792880291413E-03 mP 6.44312425637238E-03 year-5.48601554518334E-06 sumLPAP 1.29809696191975E+00 harm
KEEPDBG accept 15 cc 6.94910901433770E-01 sumModel-3.14884926362825E+02 sumForcing 4.71978369770135E+01 sumM 7.67262377687027E-02 trend-1.09710987498981E-01 aero 0.00000000000000E+00 level 3.84522306335119E+05 k0-6.01765902945516E+06 init-1.42474401713633E+00 IR-1.86406553576750E-01 impC 2.61680054650684E-02 mP 3.51328069659593E-03 year-5.48601554518334E-06 sumLPAP 1.29809696191975E+00 harm
KEEPDBG accept 5 cc 7.02394065530340E-01 sumModel-3.05858831683673E+02 sumForcing 2.11613440773523E+03 sumM 1.66166927311453E-02 trend-9.47911205493542E-02 aero 0.00000000000000E+00 level-5.55561667017989E+02 k0 6.32112585569198E+02 init-1.68620672459581E+00 IR-2.31665598510877E-01 impC 4.50494890750256E-02 mP 6.04127464223786E-03 year-5.48601554518334E-06 sumLPAP 1.29809696191975E+00 harm
KEEPDBG accept 12 cc 6.66471944762318E-01 sumModel-2.22213135880535E+02 sumForcing 9.07332362033839E+02 sumM-2.37251094031777E-01 trend-5.62622407751092E-02 aero 0.00000000000000E+00 level 1.07095759990406E+02 k0 2.40888970543558E-02 init-1.56545875748598E+00 IR-5.28408080968041E-01 impC 1.56893709493084E-02 mP 6.78998830593233E-03 year-5.48601554518334E-06 sumLPAP 1.29809696191975E+00 harm
KEEPDBG accept 3 cc 6.96804971207916E-01 sumModel-3.14830827545597E+02 sumForcing-1.23018336005096E+03 sumM 9.13242718923720E-02 trend-9.02225184653641E-02 aero 0.00000000000000E+00 level 1.84098421421368E+02 k0-1.00063545983435E+01 init-6.07023200635157E-01 IR-1.91741524279012E-01 impC-1.84038260713383E-03 mP 8.78270465700828E-03 year-5.48601554518334E-06 sumLPAP 1.29809696191975E+00 harm
KEEPDBG accept 6 cc 6.72562803792521E-01 sumModel-1.70090911644747E+02 sumForcing 2.83704358327750E+03 sumM 2.08028283538392E-01 trend-4.28779836821561E-02 aero 0.00000000000000E+00 level 8.18525346310969E+01 k0-1.34035649414782E-01 init-2.77581629511024E+00 IR-6.14533959763580E-01 impC 1.84537011273166E-02 mP 5.55517765113865E-03 year-5.48601554518334E-06 sumLPAP 1.29809696191975E+00 harm
KEEPDBG accept 6 cc 6.74510472890882E-01 sumModel-1.69789903244669E+02 sumForcing 2.83704358327750E+03 sumM-7.13977042050606E-01 trend-4.33161950376956E-02 aero 0.00000000000000E+00 level 8.25270629764276E+01 k0-1.12423756590340E-01 init-2.77581629511024E+00 IR-6.14533959763580E-01 impC 1.84537011273166E-02 mP 5.55517765113865E-03 year-5.48601554518334E-06 sumLPAP 1.29809696191975E+00 harm
KEEPDBG accept 9 cc 7.05600274391413E-01 sumModel-2.16481264246420E+02 sumForcing 2.85798383021381E+02 sumM-1.13360565390350E-02 trend-2.54871080877502E-02 aero 0.00000000000000E+00 level-2.12259283187272E+05 k0 1.26678606795609E+06 init-1.48973224579170E+00 IR-5.05817796240160E-01 impC-7.57791203512628E-03 mP 6.44312425637238E-03 year-5.48601554518334E-06 sumLPAP 1.29809696191975E+00 harm
KEEPDBG accept 3 cc 6.96806240051508E-01 sumModel-3.14540209589710E+02 sumForcing-1.23018336005096E+03 sumM 9.13242718923720E-02 trend-9.02225184653641E-02 aero 0.00000000000000E+00 level 1.84098421421368E+02 k0-1.00063545983435E+01 init-6.07023200635157E-01 IR-1.91741524279012E-01 impC-1.21111439482614E-04 mP 8.78270465700828E-03 year-5.48601554518334E-06 sumLPAP 1.29809696191975E+00 harm
KEEPDBG accept 8 cc 6.86779353013884E-01 sumModel-3.08272511169847E+02 sumForcing-1.90991056674269E+02 sumM-1.47845054240997E-01 trend-1.30087276662368E-01 aero 0.00000000000000E+00 level 1.32903832510994E+02 k0-2.58196218038417E+03 init-7.74155944313898E-01 IR 8.60216874927013E-02 impC 1.22246850604107E-01 mP 8.15387158318122E-03 year-5.48601554518334E-06 sumLPAP 1.29809696191975E+00 harm
KEEPDBG accept 15 cc 6.95362812550702E-01 sumModel-3.20857044056356E+02 sumForcing 4.65991010360919E+01 sumM 7.67262377687027E-02 trend-1.09151508915395E-01 aero 0.00000000000000E+00 level 4.26677294087435E+05 k0-6.58674913136822E+06 init-1.20943372265101E+00 IR-1.86406553576750E-01 impC 2.61680054650684E-02 mP 3.51328069659593E-03 year-5.48601554518334E-06 sumLPAP 1.29809696191975E+00 harm
KEEPDBG accept 6 cc 6.74510477039464E-01 sumModel-1.69789879579957E+02 sumForcing 2.83704325594725E+03 sumM-7.13977042050606E-01 trend-4.33161897906351E-02 aero 0.00000000000000E+00 level 8.25270529306575E+01 k0-1.12423728629662E-01 init-2.77581629511024E+00 IR-6.14533959763580E-01 impC 1.84537011273166E-02 mP 5.55517765113865E-03 year-5.48601554518334E-06 sumLPAP 1.29809696191975E+00 harm
KEEPDBG accept 7 cc 6.66971471974768E-01 sumModel-2.39016706016184E+02 sumForcing 3.15977115344975E+01 sumM 5.31213005234657E-02 trend-5.95013965267461E-02 aero 0.00000000000000E+00 level-1.64416928042963E+05 k0 2.62037246027602E+07 init-2.41736538412828E+00 IR-4.94664762374971E-01 impC 8.87384422897412E-04 mP 7.40337748974203E-03 year-5.48601554518334E-06 sumLPAP 1.29809696191975E+00 harm
KEEPDBG accept 12 cc 6.69015623671371E-01 sumModel-2.23397074623900E+02 sumForcing 8.62565237899407E+02 sumM-2.37251094031777E-01 trend-5.73494338020065E-02 aero 0.00000000000000E+00 level 1.09159189913359E+02 k0-7.08691186677831E-02 init-1.11213886630954E+00 IR-5.28408080968041E-01 impC 1.56893709493084E-02 mP 6.78998830593233E-03 year-5.48601554518334E-06 sumLPAP 1.29809696191975E+00 harm
KEEPDBG accept 5 cc 7.02394924123353E-01 sumModel-3.04210227717437E+02 sumForcing 2.11613440773523E+03 sumM 1.66166927311453E-02 trend-9.47911205493542E-02 aero 0.00000000000000E+00 level-5.55561667017989E+02 k0 6.32112585569198E+02 init-1.68620672459581E+00 IR-2.31665598510877E-01 impC 5.44881596031443E-02 mP 6.04127464223786E-03 year-5.48601554518334E-06 sumLPAP 1.29809696191975E+00 harm
KEEPDBG accept 16 cc 6.67922397233655E-01 sumModel-2.22220374494522E+02 sumForcing-9.38063595155389E+01 sumM 5.06490638431339E-02 trend-5.67336595383193E-02 aero 0.00000000000000E+00 level 1.22654420146620E+03 k0-2.39954337986362E+05 init-1.14486227768174E+00 IR-5.43577427512602E-01 impC 3.61606246073837E-03 mP 6.82345000013191E-03 year-5.48601554518334E-06 sumLPAP 1.29809696191975E+00 harm
KEEPDBG accept 14 cc 6.73679593404319E-01 sumModel-2.09112838894836E+02 sumForcing 6.34761133031807E+00 sumM-4.33053578473076E-02 trend-5.32799618340720E-02 aero 0.00000000000000E+00 level 3.03945960778819E+05 k0-1.86792879912742E+07 init-4.75670870719691E-02 IR-5.66564087140193E-01 impC 4.37302559677504E-03 mP 6.49952431795575E-03 year-5.48601554518334E-06 sumLPAP 1.29809696191975E+00 harm
KEEPDBG accept 16 cc 6.67923882631078E-01 sumModel-2.21068962840482E+02 sumForcing-9.38063595155389E+01 sumM 5.06490638431339E-02 trend-5.67336595383193E-02 aero 0.00000000000000E+00 level 1.22654420146620E+03 k0-2.39954337986362E+05 init-1.14486227768174E+00 IR-5.43577427512602E-01 impC 8.84528331618808E-03 mP 6.82345000013191E-03 year-5.48601554518334E-06 sumLPAP 1.29809696191975E+00 harm
KEEPDBG accept 8 cc 6.86789888321517E-01 sumModel-3.08286720758656E+02 sumForcing-1.90963413256455E+02 sumM-1.47845054240997E-01 trend-1.30096616982325E-01 aero 0.00000000000000E+00 level 1.33013524876698E+02 k0-2.58050685722107E+03 init-7.74155944313898E-01 IR 8.60216874927013E-02 impC 1.22246850604107E-01 mP 8.15387158318122E-03 year-5.48601554518334E-06 sumLPAP 1.29809696191975E+00 harm
KEEPDBG accept 10 cc 7.02276000858311E-01 sumModel-2.80664100332533E+02 sumForcing-4.40228172247404E+03 sumM-2.57764155119480E-02 trend-7.62361157925852E-02 aero 0.00000000000000E+00 level 7.51807538616197E+01 k0-2.49401882175980E+01 init-2.78635875389415E+00 IR-3.46004973747471E-01 impC 1.34553003232356E-02 mP 9.59724356677358E-03 year-5.48601554518334E-06 sumLPAP 1.29809696191975E+00 harm
KEEPDBG accept 12 cc 6.69380933807654E-01 sumModel-2.23024685687965E+02 sumForcing 4.11730301813632E+02 sumM-2.37251094031777E-01 trend-5.73174142379971E-02 aero 0.00000000000000E+00 level 1.08500276621624E+02 k0 8.67608487528722E+00 init-1.11213886630954E+00 IR-5.28408080968041E-01 impC 1.56893709493084E-02 mP 6.78998830593233E-03 year-5.48601554518334E-06 sumLPAP 1.29809696191975E+00 harm
KEEPDBG accept 5 cc 7.02440337272256E-01 sumModel-3.04245940829990E+02 sumForcing 2.10316432602947E+03 sumM 1.69621775373309E-02 trend-9.48079581785900E-02 aero 0.00000000000000E+00 level-4.67477033574578E+02 k0 5.61752116861381E+02 init-1.68620672459581E+00 IR-2.31665598510877E-01 impC 5.44881596031443E-02 mP 6.04127464223786E-03 year-5.48601554518334E-06 sumLPAP 1.29809696191975E+00 harm
KEEPDBG accept 16 cc 6.67969481423719E-01 sumModel-2.35331821997900E+02 sumForcing-9.38063595155389E+01 sumM 5.06490638431339E-02 trend-6.12445853518477E-02 aero 0.00000000000000E+00 level 1.94119144935976E+03 k0-2.57944339865429E+05 init-1.14486227768174E+00 IR-5.05802796497707E-01 impC 8.84528331618808E-03 mP 6.82345000013191E-03 year-5.48601554518334E-06 sumLPAP 1.29809696191975E+00 harm
KEEPDBG accept 6 cc 6.75437145656208E-01 sumModel-1.71573209599189E+02 sumForcing 2.83704325594725E+03 sumM-5.53979814980101E-01 trend-4.53430901566308E-02 aero 0.00000000000000E+00 level 8.63770910703459E+01 k0-1.07755372866363E-01 init-2.77581629511024E+00 IR-6.14533959763580E-01 impC 1.84537011273166E-02 mP 5.55517765113865E-03 year-5.48601554518334E-06 sumLPAP 1.29809696191975E+00 harm
KEEPDBG accept 7 cc 6.66971566482312E-01 sumModel-2.38974536100817E+02 sumForcing 3.15977115344975E+01 sumM 5.31213005234657E-02 trend-5.95013965267461E-02 aero 0.00000000000000E+00 level-1.64416928042963E+05 k0 2.62037246027602E+07 init-2.41736538412828E+00 IR-4.94664762374971E-01 impC 1.08514019804601E-03 mP 7.40337748974203E-03 year-5.48601554518334E-06 sumLPAP 1.29809696191975E+00 harm
KEEPDBG accept 5 cc 7.02723956664200E-01 sumModel-3.04228097083329E+02 sumForcing 2.10387112066397E+03 sumM 1.69621775373309E-02 trend-9.52742056273814E-02 aero 0.00000000000000E+00 level-4.65408706103464E+02 k0 5.60375395446006E+02 init-1.61473944724502E+00 IR-2.31665598510877E-01 impC 5.44881596031443E-02 mP 6.04127464223786E-03 year-5.48601554518334E-06 sumLPAP 1.29809696191975E+00 harm
KEEPDBG accept 15 cc 6.95661051586904E-01 sumModel-3.16572269482444E+02 sumForcing 4.58679871319004E+01 sumM 7.67262377687027E-02 trend-1.10371329642592E-01 aero 0.00000000000000E+00 level 4.84207448911158E+05 k0-1.12844940790006E+07 init-1.20943372265101E+00 IR-1.86406553576750E-01 impC 2.61680054650684E-02 mP 3.51328069659593E-03 year-5.48601554518334E-06 sumLPAP 1.29809696191975E+00 harm
KEEPDBG accept 2 cc 6.95643391828184E-01 sumModel-2.42120716527407E+02 sumForcing-3.40392572418262E+03 sumM-3.00243016841041E-03 trend-5.56483484372135E-02 aero 0.00000000000000E+00 level 1.10257549641933E+02 k0 4.16014126530660E-01 init 7.04362863040549E+00 IR-4.52956272941123E-01 impC 1.81969743701442E-02 mP 7.58500540105489E-03 year-5.48601554518334E-06 sumLPAP 1.29809696191975E+00 harm
KEEPDBG accept 15 cc 6.95889807425700E-01 sumModel-3.23028076802054E+02 sumForcing 4.42952225920660E+01 sumM 7.67262377687027E-02 trend-1.11754129555388E-01 aero 0.00000000000000E+00 level 4.71254927580750E+05 k0-1.43533151776080E+07 init-1.20943372265101E+00 IR-1.86406553576750E-01 impC 2.61680054650684E-02 mP 3.51328069659593E-03 year-5.48601554518334E-06 sumLPAP 1.29809696191975E+00 harm
KEEPDBG accept 2 cc 6.95652400333669E-01 sumModel-2.42052421930800E+02 sumForcing-3.40392572418262E+03 sumM-1.84851177804953E-03 trend-5.55863976336328E-02 aero 0.00000000000000E+00 level 1.11209599046396E+02 k0 4.83076134517920E-01 init 7.04362863040549E+00 IR-4.52956272941123E-01 impC 1.81969743701442E-02 mP 7.58500540105489E-03 year-5.48601554518334E-06 sumLPAP 1.29809696191975E+00 harm
KEEPDBG accept 9 cc 7.05612052167525E-01 sumModel-2.16335878571510E+02 sumForcing 2.85798397420622E+02 sumM-1.13360591109356E-02 trend-2.54728893467740E-02 aero 0.00000000000000E+00 level-2.11988625122383E+05 k0 1.26473734131367E+06 init-1.48973224579170E+00 IR-5.05817796240160E-01 impC-7.57791203512628E-03 mP 6.44312425637238E-03 year-5.48601554518334E-06 sumLPAP 1.29809696191975E+00 harm
KEEPDBG accept 1 cc 6.76307143623661E-01 sumModel-1.49499912556861E+02 sumForcing 3.42542439251478E+00 sumM 1.42087513620276E-02 trend-3.59642596177980E-02 aero 0.00000000000000E+00 level 6.42058724631881E+04 k0 1.92503208283158E+07 init 4.45261015043224E-02 IR-6.83304829363379E-01 impC 1.84756251113240E-02 mP 5.55162949887788E-03 year-5.48601554518334E-06 sumLPAP 1.29809696191975E+00 harm
KEEPDBG accept 3 cc 6.97850508512871E-01 sumModel-3.15888816938345E+02 sumForcing-1.16983693945813E+03 sumM 9.13242718923720E-02 trend-9.01254271063976E-02 aero 0.00000000000000E+00 level 1.84805636644313E+02 k0-8.18420321849815E+00 init-6.07023200635157E-01 IR-1.91741524279012E-01 impC-1.21111439482614E-04 mP 8.78270465700828E-03 year-5.48601554518334E-06 sumLPAP 1.29809696191975E+00 harm
KEEPDBG accept 1 cc 6.76327081712724E-01 sumModel-1.49776082176188E+02 sumForcing 3.44481479226750E+00 sumM 1.42087513620276E-02 trend-3.60798927359795E-02 aero 0.00000000000000E+00 level 6.37549618167471E+04 k0 1.89058068919296E+07 init 4.45261015043224E-02 IR-6.83304829363379E-01 impC 1.84756251113240E-02 mP 5.55162949887788E-03 year-5.48601554518334E-06 sumLPAP 1.29809696191975E+00 harm
KEEPDBG accept 2 cc 6.95664366964205E-01 sumModel-2.41951764150394E+02 sumForcing-3.40392572418262E+03 sumM 1.14057922616253E-04 trend-5.54953801787118E-02 aero 0.00000000000000E+00 level 1.13767924032241E+02 k0 6.54373295418417E-01 init 7.04362863040549E+00 IR-4.52956272941123E-01 impC 1.81969743701442E-02 mP 7.58500540105489E-03 year-5.48601554518334E-06 sumLPAP 1.29809696191975E+00 harm
KEEPDBG accept 15 cc 6.95910052226970E-01 sumModel-3.20115789033756E+02 sumForcing 4.44563443124553E+01 sumM 7.67846355885469E-02 trend-1.11776833922055E-01 aero 0.00000000000000E+00 level 4.79992284833772E+05 k0-1.46842261908366E+07 init-1.20943372265101E+00 IR-1.86406553576750E-01 impC 2.61680054650684E-02 mP 3.51328069659593E-03 year-5.48601554518334E-06 sumLPAP 1.29809696191975E+00 harm
KEEPDBG accept 9 cc 7.05612052198796E-01 sumModel-2.16335873858312E+02 sumForcing 2.85798397420622E+02 sumM-1.13360591109356E-02 trend-2.54728893467740E-02 aero 0.00000000000000E+00 level-2.11988625122383E+05 k0 1.26473734131367E+06 init-1.48973224579170E+00 IR-5.05817796240160E-01 impC-7.57788994065894E-03 mP 6.44312425637238E-03 year-5.48601554518334E-06 sumLPAP 1.29809696191975E+00 harm
KEEPDBG accept 5 cc 7.02734464849759E-01 sumModel-3.04239940967875E+02 sumForcing 2.10387112066397E+03 sumM-3.23524368091817E-02 trend-9.52855915370348E-02 aero 0.00000000000000E+00 level-1.23565739205031E+02 k0 2.64426957748626E+02 init-1.61473944724502E+00 IR-2.31665598510877E-01 impC 5.44881596031443E-02 mP 6.04127464223786E-03 year-5.48601554518334E-06 sumLPAP 1.29809696191975E+00 harm
KEEPDBG accept 15 cc 6.96231875775610E-01 sumModel-3.26007976591400E+02 sumForcing 4.86272905214260E+01 sumM 7.82904273167239E-02 trend-1.12108736077071E-01 aero 0.00000000000000E+00 level 7.02277088884795E+05 k0-2.14039768721303E+07 init-1.20943372265101E+00 IR-1.86406553576750E-01 impC 2.61680054650684E-02 mP 3.51328069659593E-03 year-5.48601554518334E-06 sumLPAP 1.29809696191975E+00 harm
KEEPDBG accept 1 cc 6.76410116836380E-01 sumModel-1.49686587955785E+02 sumForcing 3.44481479226750E+00 sumM-2.39097771616724E-03 trend-3.60830514362813E-02 aero 0.00000000000000E+00 level 2.92554035243874E+04 k0 8.80918565595547E+06 init 4.45261015043224E-02 IR-6.83304829363379E-01 impC 1.84756251113240E-02 mP 5.55162949887788E-03 year-5.48601554518334E-06 sumLPAP 1.29809696191975E+00 harm
KEEPDBG accept 4 cc 6.69439581815938E-01 sumModel-2.28692595948205E+02 sumForcing 8.71952016199690E+01 sumM 4.54365722465784E-02 trend-5.82520919555356E-02 aero 0.00000000000000E+00 level-1.37923280607451E+04 k0 6.76665183269390E+05 init-8.85106458781776E-01 IR-5.20756115218998E-01 impC 1.12560591669078E-02 mP 6.95777028018036E-03 year-5.48601554518334E-06 sumLPAP 1.29809696191975E+00 harm
KEEPDBG accept 5 cc 7.02734884532478E-01 sumModel-3.04240419214019E+02 sumForcing 2.10387112066397E+03 sumM-3.40242038343662E-02 trend-9.52860500576888E-02 aero 0.00000000000000E+00 level-1.17109896188126E+02 k0 2.58838262878404E+02 init-1.61473944724502E+00 IR-2.31665598510877E-01 impC 5.44881596031443E-02 mP 6.04127464223786E-03 year-5.48601554518334E-06 sumLPAP 1.29809696191975E+00 harm
KEEPDBG accept 5 cc 7.03068321316327E-01 sumModel-3.04963091934951E+02 sumForcing 2.10162365714936E+03 sumM-3.40242038343662E-02 trend-9.77963941555570E-02 aero 0.00000000000000E+00 level-9.68883099210034E+01 k0 2.45970492539649E+02 init-1.38433142015444E+00 IR-2.31665598510877E-01 impC 5.44881596031443E-02 mP 6.04127464223786E-03 year-5.48601554518334E-06 sumLPAP 1.29809696191975E+00 harm
KEEPDBG accept 4 cc 6.69742299319158E-01 sumModel-2.28217482040115E+02 sumForcing 3.98305510234322E+01 sumM 4.00138648138719E-02 trend-5.77410532068812E-02 aero 0.00000000000000E+00 level 7.47161892755490E+03 k0 1.94129537714087E+05 init-8.85106458781776E-01 IR-5.20756115218998E-01 impC 1.12560591669078E-02 mP 6.95777028018036E-03 year-5.48601554518334E-06 sumLPAP 1.29809696191975E+00 harm
KEEPDBG accept 12 cc 6.69777272545527E-01 sumModel-2.22210907999646E+02 sumForcing 4.14856381198440E+02 sumM-2.37251094031777E-01 trend-5.71626974853811E-02 aero 0.00000000000000E+00 level 1.08146801260388E+02 k0 9.38995584238794E+00 init-1.11213886630954E+00 IR-5.28408080968041E-01 impC 1.56893709493084E-02 mP 6.78998830593233E-03 year-5.48601554518334E-06 sumLPAP 1.29809696191975E+00 harm
KEEPDBG accept 2 cc 6.95667019420505E-01 sumModel-2.38291316147261E+02 sumForcing-3.40392572418262E+03 sumM 1.14057922616253E-04 trend-5.54953801787118E-02 aero 0.00000000000000E+00 level 1.13767924032241E+02 k0 6.54373295418417E-01 init 7.04362863040549E+00 IR-4.52956272941123E-01 impC 3.59776334660862E-02 mP 7.58500540105489E-03 year-5.48601554518334E-06 sumLPAP 1.29809696191975E+00 harm
KEEPDBG accept 16 cc 6.67976297089674E-01 sumModel-2.35330897722488E+02 sumForcing-9.40245702788718E+01 sumM 5.06490638431339E-02 trend-6.12501908521537E-02 aero 0.00000000000000E+00 level 1.89093753965545E+03 k0-2.58494931378247E+05 init-1.14486227768174E+00 IR-5.05802796497707E-01 impC 8.84528331618808E-03 mP 6.82345000013191E-03 year-5.48601554518334E-06 sumLPAP 1.29809696191975E+00 harm
KEEPDBG accept 5 cc 7.03315974140199E-01 sumModel-3.04734296714706E+02 sumForcing 2.10202094761796E+03 sumM-3.40242038343662E-02 trend-9.75782020725811E-02 aero 0.00000000000000E+00 level-9.97334314981871E+01 k0 2.47985986249017E+02 init-1.38433142015444E+00 IR-2.31665598510877E-01 impC 5.44881596031443E-02 mP 6.04127464223786E-03 year-5.48601554518334E-06 sumLPAP 1.29809696191975E+00 harm
KEEPDBG accept 2 cc 6.96658434200681E-01 sumModel-2.38646293222019E+02 sumForcing-3.16926824454531E+03 sumM 1.14057922616253E-04 trend-5.57567288216580E-02 aero 0.00000000000000E+00 level 1.14461334267751E+02 k0 1.00544154422764E+00 init 7.32890917954592E+00 IR-4.52956272941123E-01 impC 3.59776334660862E-02 mP 7.58500540105489E-03 year-5.48601554518334E-06 sumLPAP 1.29809696191975E+00 harm
KEEPDBG accept 11 cc 7.04020172788672E-01 sumModel-2.38513918105782E+02 sumForcing 1.84773401488645E+01 sumM 5.10178513613572E-02 trend-1.83110354553831E-02 aero 0.00000000000000E+00 level 1.34276154537910E+06 k0 1.51906595298519E+08 init-3.63672578970327E+00 IR-3.05647636155819E-01 impC 3.33283680438303E-03 mP 3.91041784507409E-03 year-5.48601554518334E-06 sumLPAP 1.29809696191975E+00 harm
KEEPDBG accept 1 cc 6.76526429003196E-01 sumModel-1.49698022909841E+02 sumForcing 2.46733633681857E+00 sumM-2.39097771616724E-03 trend-3.61988382561283E-02 aero 0.00000000000000E+00 level 5.71249973402964E+04 k0 2.44043957697638E+07 init 4.45261015043224E-02 IR-6.83304829363379E-01 impC 1.84756251113240E-02 mP 5.55162949887788E-03 year-5.48601554518334E-06 sumLPAP 1.29809696191975E+00 harm
KEEPDBG accept 4 cc 6.69941398419228E-01 sumModel-2.28502424854764E+02 sumForcing 5.47920877051103E+01 sumM 4.00138648138719E-02 trend-5.84234797413928E-02 aero 0.00000000000000E+00 level 4.37915482051838E+03 k0 2.74851206594896E+05 init-8.85106458781776E-01 IR-5.20756115218998E-01 impC 1.12560591669078E-02 mP 6.95777028018036E-03 year-5.48601554518334E-06 sumLPAP 1.29809696191975E+00 harm
KEEPDBG accept 3 cc 6.98003566555041E-01 sumModel-3.15928140140540E+02 sumForcing-5.09323410364568E+02 sumM 9.13242718923720E-02 trend-9.01396044953975E-02 aero 0.00000000000000E+00 level 2.44611322179832E+02 k0-1.04930094241861E+02 init-6.07023200635157E-01 IR-1.91741524279012E-01 impC-1.21111439482614E-04 mP 8.78270465700828E-03 year-5.48601554518334E-06 sumLPAP 1.29809696191975E+00 harm
KEEPDBG accept 16 cc 6.68544699534276E-01 sumModel-2.33699843664583E+02 sumForcing-9.61476538331727E+01 sumM 5.06490638431339E-02 trend-6.09105729689958E-02 aero 0.00000000000000E+00 level 8.90639247485181E+02 k0-3.10172056308542E+05 init-1.14486227768174E+00 IR-5.05802796497707E-01 impC 8.84528331618808E-03 mP 6.82345000013191E-03 year-5.48601554518334E-06 sumLPAP 1.29809696191975E+00 harm
KEEPDBG accept 3 cc 6.98003574329319E-01 sumModel-3.15928129501254E+02 sumForcing-5.09323291606065E+02 sumM 9.13242718923720E-02 trend-9.01395844710101E-02 aero 0.00000000000000E+00 level 2.44611302138646E+02 k0-1.04930111059026E+02 init-6.07023200635157E-01 IR-1.91741524279012E-01 impC-1.21111439482614E-04 mP 8.78270465700828E-03 year-5.48601554518334E-06 sumLPAP 1.29809696191975E+00 harm
KEEPDBG accept 5 cc 7.03414552443387E-01 sumModel-3.04779666598102E+02 sumForcing 2.10199069226927E+03 sumM-3.40242038343662E-02 trend-9.78811587870697E-02 aero 0.00000000000000E+00 level-9.74488404830441E+01 k0 2.46462594925878E+02 init-1.34346971489198E+00 IR-2.31665598510877E-01 impC 5.44881596031443E-02 mP 6.04127464223786E-03 year-5.48601554518334E-06 sumLPAP 1.29809696191975E+00 harm
KEEPDBG accept 8 cc 6.86791988923835E-01 sumModel-3.08287170053857E+02 sumForcing-1.90963413256455E+02 sumM-1.11774203994789E-01 trend-1.30099466967099E-01 aero 0.00000000000000E+00 level 8.10736246862413E+01 k0-3.74727875706087E+03 init-7.74155944313898E-01 IR 8.60216874927013E-02 impC 1.22246850604107E-01 mP 8.15387158318122E-03 year-5.48601554518334E-06 sumLPAP 1.29809696191975E+00 harm
KEEPDBG accept 3 cc 6.98105850391468E-01 sumModel-3.04567360165032E+02 sumForcing-5.09323291606065E+02 sumM 9.13242718923720E-02 trend-8.30910361563719E-02 aero 0.00000000000000E+00 level 2.24259524514482E+02 k0-9.65832168854666E+01 init-6.07023200635157E-01 IR-2.62119738621739E-01 impC-1.21111439482614E-04 mP 8.78270465700828E-03 year-5.48601554518334E-06 sumLPAP 1.29809696191975E+00 harm
KEEPDBG accept 8 cc 6.86805841268752E-01 sumModel-3.08306324960685E+02 sumForcing-1.90926128643869E+02 sumM-1.11774203994789E-01 trend-1.30112028167746E-01 aero 0.00000000000000E+00 level 8.12779584307298E+01 k0-3.74442715499343E+03 init-7.74155944313898E-01 IR 8.60216874927013E-02 impC 1.22246850604107E-01 mP 8.15387158318122E-03 year-5.48601554518334E-06 sumLPAP 1.29809696191975E+00 harm
KEEPDBG accept 5 cc 7.03415169998497E-01 sumModel-3.04780812913095E+02 sumForcing 2.15653627148523E+03 sumM-3.40242038343662E-02 trend-9.78820719231210E-02 aero 0.00000000000000E+00 level-8.28359111404391E+01 k0 2.27879991580873E+02 init-1.34346971489198E+00 IR-2.31665598510877E-01 impC 5.44881596031443E-02 mP 6.04127464223786E-03 year-5.48601554518334E-06 sumLPAP 1.29809696191975E+00 harm
KEEPDBG accept 2 cc 6.96690036659072E-01 sumModel-2.38629000895422E+02 sumForcing-3.16394996509143E+03 sumM 1.14057922616253E-04 trend-5.57296729278758E-02 aero 0.00000000000000E+00 level 1.14416521704452E+02 k0 1.01076491380576E+00 init 7.32890917954592E+00 IR-4.52956272941123E-01 impC 3.59776334660862E-02 mP 7.58500540105489E-03 year-5.48601554518334E-06 sumLPAP 1.29809696191975E+00 harm
KEEPDBG accept 5 cc 7.03418424059244E-01 sumModel-3.04786919066583E+02 sumForcing 2.42629132996838E+03 sumM-3.40242038343662E-02 trend-9.78869188703852E-02 aero 0.00000000000000E+00 level-2.44625617263080E+01 k0 1.58701516311898E+02 init-1.34346971489198E+00 IR-2.31665598510877E-01 impC 5.44881596031443E-02 mP 6.04127464223786E-03 year-5.48601554518334E-06 sumLPAP 1.29809696191975E+00 harm
KEEPDBG accept 10 cc 7.02278455185494E-01 sumModel-2.80649997682381E+02 sumForcing-4.40228172247404E+03 sumM-1.80907167479156E-02 trend-7.62135719881437E-02 aero 0.00000000000000E+00 level 3.70640763233457E+01 k0-3.84883078355993E+01 init-2.78635875389415E+00 IR-3.46004973747471E-01 impC 1.34553003232356E-02 mP 9.59724356677358E-03 year-5.48601554518334E-06 sumLPAP 1.29809696191975E+00 harm
KEEPDBG accept 3 cc 6.98599102433810E-01 sumModel-3.00789270243347E+02 sumForcing-4.96041940628699E+02 sumM 9.13242718923720E-02 trend-7.86612720719472E-02 aero 0.00000000000000E+00 level 2.18891944143063E+02 k0-1.09562589957829E+02 init-6.07023200635157E-01 IR-2.62119738621739E-01 impC-1.21111439482614E-04 mP 8.78270465700828E-03 year-5.48601554518334E-06 sumLPAP 1.29809696191975E+00 harm
KEEPDBG accept 5 cc 7.03431128596842E-01 sumModel-3.04811948462920E+02 sumForcing 2.42629132996838E+03 sumM-9.26922706245235E-02 trend-9.79064841232338E-02 aero 0.00000000000000E+00 level 7.69245240074776E+01 k0 8.25685864334195E+01 init-1.34346971489198E+00 IR-2.31665598510877E-01 impC 5.44881596031443E-02 mP 6.04127464223786E-03 year-5.48601554518334E-06 sumLPAP 1.29809696191975E+00 harm
KEEPDBG accept 15 cc 6.96660991583348E-01 sumModel-3.23383051841744E+02 sumForcing 4.90354864704940E+01 sumM 7.82904273167239E-02 trend-1.12159371391496E-01 aero 0.00000000000000E+00 level 5.93529072917853E+05 k0-1.77035561459670E+07 init-1.20943372265101E+00 IR-1.86406553576750E-01 impC 2.61680054650684E-02 mP 3.83482313185464E-03 year-5.48601554518334E-06 sumLPAP 1.29809696191975E+00 harm
KEEPDBG accept 12 cc 6.69842925985230E-01 sumModel-2.22168313995684E+02 sumForcing 8.80253189485000E+01 sumM-2.37251094031777E-01 trend-5.71802718153543E-02 aero 0.00000000000000E+00 level 9.01921092613334E+01 k0 1.25777763100647E+03 init-1.11213886630954E+00 IR-5.28408080968041E-01 impC 1.56893709493084E-02 mP 6.78998830593233E-03 year-5.48601554518334E-06 sumLPAP 1.29809696191975E+00 harm
KEEPDBG accept 1 cc 6.77263750772005E-01 sumModel-1.50189334511560E+02 sumForcing 3.26599580062839E+00 sumM-2.39097771616724E-03 trend-3.71096067274424E-02 aero 0.00000000000000E+00 level 4.68112931695594E+04 k0 2.94901331601038E+07 init 4.45261015043224E-02 IR-6.83304829363379E-01 impC 1.84756251113240E-02 mP 5.55162949887788E-03 year-5.48601554518334E-06 sumLPAP 1.29809696191975E+00 harm
KEEPDBG accept 8 cc 6.86810251416016E-01 sumModel-3.08307283925984E+02 sumForcing-1.90926128643869E+02 sumM 1.09870529343954E-01 trend-1.30118038271564E-01 aero 0.00000000000000E+00 level-2.44642314030152E+03 k0-6.05390500842066E+04 init-7.74155944313898E-01 IR 8.60216874927013E-02 impC 1.22246850604107E-01 mP 8.15387158318122E-03 year-5.48601554518334E-06 sumLPAP 1.29809696191975E+00 harm
KEEPDBG accept 3 cc 6.98605951072841E-01 sumModel-3.00790633822837E+02 sumForcing-4.42090477412203E+02 sumM 9.13242718923720E-02 trend-7.86603949489297E-02 aero 0.00000000000000E+00 level 2.36968724859137E+02 k0-1.55101978073540E+02 init-6.07023200635157E-01 IR-2.62119738621739E-01 impC-1.21111439482614E-04 mP 8.78270465700828E-03 year-5.48601554518334E-06 sumLPAP 1.29809696191975E+00 harm
KEEPDBG accept 5 cc 7.03555355941146E-01 sumModel-3.04943393178472E+02 sumForcing 2.37266614933201E+03 sumM-9.15022476442526E-02 trend-9.79452239703422E-02 aero 0.00000000000000E+00 level 1.15817693414478E+02 k0 5.52744828133770E+01 init-1.34346971489198E+00 IR-2.31665598510877E-01 impC 5.44881596031443E-02 mP 6.04127464223786E-03 year-5.48601554518334E-06 sumLPAP 1.29809696191975E+00 harm
KEEPDBG accept 10 cc 7.02282516617355E-01 sumModel-2.79055530185976E+02 sumForcing-4.40228172247404E+03 sumM-1.80907167479156E-02 trend-7.62135719881437E-02 aero 0.00000000000000E+00 level 3.70640763233457E+01 k0-3.84883078355993E+01 init-2.78635875389415E+00 IR-3.46004973747471E-01 impC 2.18126307113252E-02 mP 9.59724356677358E-03 year-5.48601554518334E-06 sumLPAP 1.29809696191975E+00 harm
KEEPDBG accept 10 cc 7.02282549644850E-01 sumModel-2.79055437822442E+02 sumForcing-4.40228254289083E+03 sumM-1.80907167479156E-02 trend-7.62133601286006E-02 aero 0.00000000000000E+00 level 3.70634670205333E+01 k0-3.84882516828728E+01 init-2.78635875389415E+00 IR-3.46004973747471E-01 impC 2.18126307113252E-02 mP 9.59724356677358E-03 year-5.48601554518334E-06 sumLPAP 1.29809696191975E+00 harm
KEEPDBG accept 1 cc 6.77387533889653E-01 sumModel-1.50852863115039E+02 sumForcing 3.26599580062839E+00 sumM 1.32267835204489E-02 trend-3.71621805474822E-02 aero 0.00000000000000E+00 level 9.59983408720990E+04 k0 6.30359020157764E+07 init 4.45261015043224E-02 IR-6.83304829363379E-01 impC 1.84756251113240E-02 mP 5.55162949887788E-03 year-5.48601554518334E-06 sumLPAP 1.29809696191975E+00 harm
KEEPDBG accept 10 cc 7.05596706295750E-01 sumModel-2.68622983643086E+02 sumForcing-4.59965048225752E+03 sumM-2.23971037213758E-02 trend-5.92296249409107E-02 aero 0.00000000000000E+00 level-5.77162424736714E+01 k0-4.66960272331481E+01 init-2.78635875389415E+00 IR-3.46004973747471E-01 impC 2.18126307113252E-02 mP 9.59724356677358E-03 year-5.48601554518334E-06 sumLPAP 1.29809696191975E+00 harm
KEEPDBG accept 10 cc 7.05599344082418E-01 sumModel-2.66916925791048E+02 sumForcing-4.59965048225752E+03 sumM-2.23971037213758E-02 trend-5.92296249409107E-02 aero 0.00000000000000E+00 level-5.77162424736714E+01 k0-4.66960272331481E+01 init-2.78635875389415E+00 IR-3.46004973747471E-01 impC 3.07548569798615E-02 mP 9.59724356677358E-03 year-5.48601554518334E-06 sumLPAP 1.29809696191975E+00 harm
KEEPDBG accept 12 cc 6.70844474668506E-01 sumModel-2.22696377188056E+02 sumForcing 8.64473807380591E+01 sumM-2.37251094031777E-01 trend-5.72020004249313E-02 aero 0.00000000000000E+00 level 9.04636869228792E+01 k0 1.22987595923197E+03 init-9.64859509885501E-01 IR-5.28408080968041E-01 impC 1.56893709493084E-02 mP 6.78998830593233E-03 year-5.48601554518334E-06 sumLPAP 1.29809696191975E+00 harm
KEEPDBG accept 14 cc 6.73679594519343E-01 sumModel-2.09037524577776E+02 sumForcing 6.34761133031807E+00 sumM-4.33053578473076E-02 trend-5.32799618340720E-02 aero 0.00000000000000E+00 level 3.03945960778819E+05 k0-1.86792879912742E+07 init-4.75670870719691E-02 IR-5.66564087140193E-01 impC 4.71007464188961E-03 mP 6.49952431795575E-03 year-5.48601554518334E-06 sumLPAP 1.29809696191975E+00 harm
KEEPDBG accept 15 cc 6.96734049687653E-01 sumModel-3.17165508464931E+02 sumForcing 4.90354864704940E+01 sumM 7.82904273167239E-02 trend-1.06646494273681E-01 aero 0.00000000000000E+00 level 5.60155749044192E+05 k0-1.62137979333852E+07 init-1.20943372265101E+00 IR-2.24928761631738E-01 impC 2.61680054650684E-02 mP 3.83482313185464E-03 year-5.48601554518334E-06 sumLPAP 1.29809696191975E+00 harm
KEEPDBG accept 14 cc 6.78172118565249E-01 sumModel-2.06574303630728E+02 sumForcing 4.58718380289325E+00 sumM-5.09755973552881E-02 trend-5.26663834958797E-02 aero 0.00000000000000E+00 level 4.02808576813007E+05 k0-3.38343249228202E+07 init-4.75670870719691E-02 IR-5.66564087140193E-01 impC 4.71007464188961E-03 mP 6.49952431795575E-03 year-5.48601554518334E-06 sumLPAP 1.29809696191975E+00 harm
KEEPDBG accept 15 cc 6.97155448442255E-01 sumModel-3.15154229625057E+02 sumForcing 4.87012863701905E+01 sumM 7.82904273167239E-02 trend-1.07459897530686E-01 aero 0.00000000000000E+00 level 6.96470764455812E+05 k0-2.42656462485387E+07 init-1.20943372265101E+00 IR-2.24928761631738E-01 impC 2.61680054650684E-02 mP 3.83482313185464E-03 year-5.48601554518334E-06 sumLPAP 1.29809696191975E+00 harm
KEEPDBG accept 12 cc 6.70852874324287E-01 sumModel-2.22710312216076E+02 sumForcing 6.23129038402648E+01 sumM-2.37251094031777E-01 trend-5.72153989275894E-02 aero 0.00000000000000E+00 level 7.33382205756652E+01 k0 3.29729286651193E+03 init-9.64859509885501E-01 IR-5.28408080968041E-01 impC 1.56893709493084E-02 mP 6.78998830593233E-03 year-5.48601554518334E-06 sumLPAP 1.29809696191975E+00 harm
KEEPDBG accept 8 cc 6.86813152884642E-01 sumModel-3.08311393723076E+02 sumForcing-1.90918189584502E+02 sumM 1.09870529343954E-01 trend-1.30120706689600E-01 aero 0.00000000000000E+00 level-2.44579716519363E+03 k0-6.05292622822951E+04 init-7.74155944313898E-01 IR 8.60216874927013E-02 impC 1.22246850604107E-01 mP 8.15387158318122E-03 year-5.48601554518334E-06 sumLPAP 1.29809696191975E+00 harm
KEEPDBG accept 6 cc 6.75437147906165E-01 sumModel-1.71573157930438E+02 sumForcing 2.83704402659205E+03 sumM-5.53979814980101E-01 trend-4.53430841122747E-02 aero 0.00000000000000E+00 level 8.63770795860633E+01 k0-1.07755316525272E-01 init-2.77581629511024E+00 IR-6.14533959763580E-01 impC 1.84537011273166E-02 mP 5.55517765113865E-03 year-5.48601554518334E-06 sumLPAP 1.29809696191975E+00 harm
KEEPDBG accept 11 cc 7.04020224791963E-01 sumModel-2.38499716541770E+02 sumForcing 1.84773401488645E+01 sumM 5.10178513613572E-02 trend-1.83110354553831E-02 aero 0.00000000000000E+00 level 1.34276154537910E+06 k0 1.51906595298519E+08 init-3.63672578970327E+00 IR-3.05647636155819E-01 impC 3.40956206972117E-03 mP 3.91041784507409E-03 year-5.48601554518334E-06 sumLPAP 1.29809696191975E+00 harm
KEEPDBG accept 14 cc 6.78304503960806E-01 sumModel-2.07885808240771E+02 sumForcing 4.31254747971945E+00 sumM-5.09755973552881E-02 trend-5.41559475293858E-02 aero 0.00000000000000E+00 level 3.66289817496259E+05 k0-3.10891120995399E+07 init-4.75670870719691E-02 IR-5.66564087140193E-01 impC 4.71007464188961E-03 mP 6.49952431795575E-03 year-5.48601554518334E-06 sumLPAP 1.29809696191975E+00 harm
KEEPDBG accept 9 cc 7.05621902346437E-01 sumModel-2.16453896632094E+02 sumForcing 2.85798397291219E+02 sumM-1.13360591109356E-02 trend-2.54693980695992E-02 aero 0.00000000000000E+00 level-2.11849562436948E+05 k0 1.26375738139060E+06 init-1.48973224579170E+00 IR-5.05817796240160E-01 impC-7.57788994065894E-03 mP 6.44312422892765E-03 year-5.48601554518334E-06 sumLPAP 1.29809696191975E+00 harm
KEEPDBG accept 3 cc 6.98690699854567E-01 sumModel-3.04886631615562E+02 sumForcing-4.42090477412203E+02 sumM 9.13242718923720E-02 trend-8.07505911123796E-02 aero 0.00000000000000E+00 level 2.44196525966702E+02 k0-1.59393978420049E+02 init-6.07023200635157E-01 IR-2.38836847360335E-01 impC-1.21111439482614E-04 mP 8.78270465700828E-03 year-5.48601554518334E-06 sumLPAP 1.29809696191975E+00 harm
KEEPDBG accept 13 cc 6.21444334310829E-01 sumModel-2.03923366482608E+02 sumForcing 2.14318915665023E+01 sumM 4.44425107234817E-02 trend-3.79695983155102E-02 aero 0.00000000000000E+00 level 2.75840957285805E+04 k0-3.47079305259298E+06 init-1.66138086652861E+00 IR-5.24944046054444E-01 impC 3.12606413592430E-02 mP 5.54871041063005E-03 year-5.48601554518334E-06 sumLPAP 1.29809696191975E+00 harm
KEEPDBG accept 14 cc 6.79926641718803E-01 sumModel-2.05050005191749E+02 sumForcing 1.70270954500670E+00 sumM-5.09755973552881E-02 trend-5.40938562938349E-02 aero 0.00000000000000E+00 level 3.55038614935131E+05 k0-4.04309786354596E+07 init-4.75670870719691E-02 IR-5.66564087140193E-01 impC 4.71007464188961E-03 mP 6.49952431795575E-03 year-5.48601554518334E-06 sumLPAP 1.29809696191975E+00 harm
KEEPDBG accept 7 cc 6.67814472552208E-01 sumModel-2.13121973497801E+02 sumForcing 3.15977115344975E+01 sumM 5.31213005234657E-02 trend-5.20024062459932E-02 aero 0.00000000000000E+00 level-1.73801548123270E+05 k0 2.47499921215897E+07 init-2.41736538412828E+00 IR-5.61727777492654E-01 impC 1.08514019804601E-03 mP 7.40337748974203E-03 year-5.48601554518334E-06 sumLPAP 1.29809696191975E+00 harm
KEEPDBG accept 8 cc 6.87355051667621E-01 sumModel-3.07137492417232E+02 sumForcing-1.82708210051798E+02 sumM 1.09870529343954E-01 trend-1.25072518919725E-01 aero 0.00000000000000E+00 level-1.75983218846206E+03 k0-5.43139712063453E+04 init 5.25157931212768E-01 IR 8.60216874927013E-02 impC 1.22246850604107E-01 mP 8.15387158318122E-03 year-5.48601554518334E-06 sumLPAP 1.29809696191975E+00 harm
KEEPDBG accept 9 cc 7.05621902360284E-01 sumModel-2.16453894543849E+02 sumForcing 2.85798397291219E+02 sumM-1.13360591109356E-02 trend-2.54693980695992E-02 aero 0.00000000000000E+00 level-2.11849562436948E+05 k0 1.26375738139060E+06 init-1.48973224579170E+00 IR-5.05817796240160E-01 impC-7.57788015141105E-03 mP 6.44312422892765E-03 year-5.48601554518334E-06 sumLPAP 1.29809696191975E+00 harm
KEEPDBG accept 8 cc 6.87355190686713E-01 sumModel-3.07137032562618E+02 sumForcing-1.82708210051798E+02 sumM 8.64740786455550E-02 trend-1.25072836019167E-01 aero 0.00000000000000E+00 level-8.76155913326726E+03 k0-2.44642449803655E+05 init 5.25157931212768E-01 IR 8.60216874927013E-02 impC 1.22246850604107E-01 mP 8.15387158318122E-03 year-5.48601554518334E-06 sumLPAP 1.29809696191975E+00 harm
KEEPDBG accept 3 cc 6.98700722138976E-01 sumModel-3.04882998051139E+02 sumForcing-4.42058738892384E+02 sumM 9.13242718923720E-02 trend-8.07927657267386E-02 aero 0.00000000000000E+00 level 2.44253881478644E+02 k0-1.59525590238791E+02 init-5.90087835927690E-01 IR-2.38836847360335E-01 impC-1.21111439482614E-04 mP 8.78270465700828E-03 year-5.48601554518334E-06 sumLPAP 1.29809696191975E+00 harm
KEEPDBG accept 2 cc 6.96900046599736E-01 sumModel-2.38329874167352E+02 sumForcing 8.68617334929093E+02 sumM 1.14057922616253E-04 trend-5.54177611055053E-02 aero 0.00000000000000E+00 level 2.27662466385546E+02 k0-4.58954743768225E+01 init 7.32890917954592E+00 IR-4.52956272941123E-01 impC 3.59776334660862E-02 mP 7.58500540105489E-03 year-5.48601554518334E-06 sumLPAP 1.29809696191975E+00 harm
KEEPDBG accept 8 cc 6.87360004327807E-01 sumModel-3.07128202530431E+02 sumForcing-1.82723205506965E+02 sumM 8.64740786455550E-02 trend-1.25064983604837E-01 aero 0.00000000000000E+00 level-8.76840641512938E+03 k0-2.44759104519068E+05 init 5.25157931212768E-01 IR 8.60216874927013E-02 impC 1.22246850604107E-01 mP 8.15387158318122E-03 year-5.48601554518334E-06 sumLPAP 1.29809696191975E+00 harm
KEEPDBG accept 12 cc 6.70863805432547E-01 sumModel-2.22735218066383E+02 sumForcing 6.23088920457171E+01 sumM-2.37251094031777E-01 trend-5.72377251993682E-02 aero 0.00000000000000E+00 level 7.34504527647061E+01 k0 3.29235742045327E+03 init-9.64859509885501E-01 IR-5.28408080968041E-01 impC 1.56893709493084E-02 mP 6.78998830593233E-03 year-5.48601554518334E-06 sumLPAP 1.29809696191975E+00 harm
KEEPDBG accept 5 cc 7.03571913025713E-01 sumModel-3.05005242784983E+02 sumForcing 2.37266614933201E+03 sumM-1.73834486392153E-01 trend-9.79915827872510E-02 aero 0.00000000000000E+00 level 1.52653494927022E+02 k0 2.67072035794559E+01 init-1.34346971489198E+00 IR-2.31665598510877E-01 impC 5.44881596031443E-02 mP 6.04127464223786E-03 year-5.48601554518334E-06 sumLPAP 1.29809696191975E+00 harm
KEEPDBG accept 11 cc 7.04356012160738E-01 sumModel-2.29013511203046E+02 sumForcing 1.83050663866087E+01 sumM 5.10178513613572E-02 trend-2.27673718880294E-02 aero 0.00000000000000E+00 level 1.37096112892512E+06 k0 1.41521356170216E+08 init-3.63672578970327E+00 IR-3.05647636155819E-01 impC 3.40956206972117E-03 mP 3.91041784507409E-03 year-5.48601554518334E-06 sumLPAP 1.29809696191975E+00 harm
KEEPDBG accept 5 cc 7.03848170608221E-01 sumModel-3.04757069351480E+02 sumForcing 2.37322728205304E+03 sumM-1.73834486392153E-01 trend-9.77528875638345E-02 aero 0.00000000000000E+00 level 1.51837724966837E+02 k0 2.69772679518479E+01 init-1.34346971489198E+00 IR-2.31665598510877E-01 impC 5.44881596031443E-02 mP 6.04127464223786E-03 year-5.48601554518334E-06 sumLPAP 1.29809696191975E+00 harm
KEEPDBG accept 4 cc 6.69941398614435E-01 sumModel-2.28577526985036E+02 sumForcing 5.47920877051103E+01 sumM 4.00138648138719E-02 trend-5.84234797413928E-02 aero 0.00000000000000E+00 level 4.37915482051838E+03 k0 2.74851206594896E+05 init-8.85106458781776E-01 IR-5.20756115218998E-01 impC 1.09098824382405E-02 mP 6.95777028018036E-03 year-5.48601554518334E-06 sumLPAP 1.29809696191975E+00 harm
KEEPDBG accept 12 cc 6.70916317364230E-01 sumModel-2.22863549818321E+02 sumForcing 2.38354029892510E+01 sumM-2.37251094031777E-01 trend-5.73527735623008E-02 aero 0.00000000000000E+00 level-1.31747461129658E+02 k0 5.85651011555126E+04 init-9.64859509885501E-01 IR-5.28408080968041E-01 impC 1.56893709493084E-02 mP 6.78998830593233E-03 year-5.48601554518334E-06 sumLPAP 1.29809696191975E+00 harm
KEEPDBG accept 8 cc 6.87588526254417E-01 sumModel-3.07191107715475E+02 sumForcing-1.91217890480233E+02 sumM 8.70107504915045E-02 trend-1.25098856119932E-01 aero 0.00000000000000E+00 level-1.20373447026823E+04 k0-2.75861208611456E+05 init 5.25157931212768E-01 IR 8.60216874927013E-02 impC 1.22246850604107E-01 mP 8.15387158318122E-03 year-5.48601554518334E-06 sumLPAP 1.29809696191975E+00 harm
KEEPDBG accept 2 cc 6.97039168822850E-01 sumModel-2.37420692937362E+02 sumForcing 8.87422113694495E+02 sumM 1.14057922616253E-04 trend-5.44779432152693E-02 aero 0.00000000000000E+00 level 2.25913553732669E+02 k0-3.67847193747483E+01 init 7.32890917954592E+00 IR-4.52956272941123E-01 impC 3.59776334660862E-02 mP 7.58500540105489E-03 year-5.48601554518334E-06 sumLPAP 1.29809696191975E+00 harm
KEEPDBG accept 13 cc 6.25683891942975E-01 sumModel-2.17866581784831E+02 sumForcing 2.62890211286038E+01 sumM 4.44425107234817E-02 trend-4.57483109234979E-02 aero 0.00000000000000E+00 level 4.42505971608397E+04 k0-1.69034469404196E+06 init-1.66138086652861E+00 IR-5.24944046054444E-01 impC 3.12606413592430E-02 mP 5.54871041063005E-03 year-5.48601554518334E-06 sumLPAP 1.29809696191975E+00 harm
KEEPDBG accept 5 cc 7.03854049081800E-01 sumModel-3.05321331614500E+02 sumForcing 2.37322728205304E+03 sumM-1.73834486392153E-01 trend-9.81374200279752E-02 aero 0.00000000000000E+00 level 1.52493451795682E+02 k0 2.70376406696733E+01 init-1.34346971489198E+00 IR-2.28418778121060E-01 impC 5.44881596031443E-02 mP 6.04127464223786E-03 year-5.48601554518334E-06 sumLPAP 1.29809696191975E+00 harm
KEEPDBG accept 10 cc 7.05608052814053E-01 sumModel-2.66932348739494E+02 sumForcing-5.58518792984453E+03 sumM-2.23971037213758E-02 trend-5.92574784673089E-02 aero 0.00000000000000E+00 level-1.74029825390611E+00 k0-2.58060159213709E+01 init-2.78635875389415E+00 IR-3.46004973747471E-01 impC 3.07548569798615E-02 mP 9.59724356677358E-03 year-5.48601554518334E-06 sumLPAP 1.29809696191975E+00 harm
KEEPDBG accept 16 cc 6.68547237244258E-01 sumModel-2.33700492391248E+02 sumForcing-9.61476538374231E+01 sumM 5.06490638431339E-02 trend-6.09114598214507E-02 aero 0.00000000000000E+00 level 8.86913483949777E+02 k0-3.10298898884606E+05 init-1.14486227768174E+00 IR-5.05802796497707E-01 impC 8.84528331618808E-03 mP 6.82345000013191E-03 year-5.48601554518334E-06 sumLPAP 1.29809696191975E+00 harm
KEEPDBG accept 2 cc 6.97153851544371E-01 sumModel-2.88093632621035E+02 sumForcing 8.87422113694495E+02 sumM 1.14057922616253E-04 trend-7.53378524018688E-02 aero 0.00000000000000E+00 level 3.01564818517845E+02 k0-4.66397967701439E+01 init 7.32890917954592E+00 IR-2.62510596405335E-01 impC 3.59776334660862E-02 mP 7.58500540105489E-03 year-5.48601554518334E-06 sumLPAP 1.29809696191975E+00 harm
KEEPDBG accept 6 cc 6.76044275063863E-01 sumModel-1.83408262848006E+02 sumForcing 2.83704402659205E+03 sumM-5.53979814980101E-01 trend-4.86871987242984E-02 aero 0.00000000000000E+00 level 9.27521635877855E+01 k0-1.17139389384609E-01 init-2.77581629511024E+00 IR-5.86397960463655E-01 impC 1.84537011273166E-02 mP 5.55517765113865E-03 year-5.48601554518334E-06 sumLPAP 1.29809696191975E+00 harm
KEEPDBG accept 8 cc 6.87667471568705E-01 sumModel-3.07195378374494E+02 sumForcing-1.94193603070678E+02 sumM 8.70107504915045E-02 trend-1.26125016250764E-01 aero 0.00000000000000E+00 level-1.32912397281495E+04 k0-2.87640634201698E+05 init 5.25157931212768E-01 IR 8.60216874927013E-02 impC 1.22246850604107E-01 mP 8.15387158318122E-03 year-5.48601554518334E-06 sumLPAP 1.29809696191975E+00 harm
KEEPDBG accept 10 cc 7.05609232716677E-01 sumModel-2.66937916230200E+02 sumForcing-5.58517246329828E+03 sumM-2.23971037213758E-02 trend-5.92696952258194E-02 aero 0.00000000000000E+00 level-1.70442427666205E+00 k0-2.58053471860334E+01 init-2.78635875389415E+00 IR-3.46004973747471E-01 impC 3.07548569798615E-02 mP 9.59724356677358E-03 year-5.48601554518334E-06 sumLPAP 1.29809696191975E+00 harm
KEEPDBG accept 3 cc 6.98700771237295E-01 sumModel-3.04882921739893E+02 sumForcing-4.42058243836865E+02 sumM 9.13242718923720E-02 trend-8.07926574772165E-02 aero 0.00000000000000E+00 level 2.44253810160224E+02 k0-1.59525832759721E+02 init-5.90087835927690E-01 IR-2.38836847360335E-01 impC-1.21111439482614E-04 mP 8.78270465700828E-03 year-5.48601554518334E-06 sumLPAP 1.29809696191975E+00 harm
KEEPDBG accept 3 cc 6.99377573190852E-01 sumModel-3.04923796065714E+02 sumForcing-4.40466318771836E+02 sumM 9.13242718923720E-02 trend-8.11366032719578E-02 aero 0.00000000000000E+00 level 2.44946182238251E+02 k0-1.62149256787501E+02 init-3.14948598835513E-01 IR-2.38836847360335E-01 impC-1.21111439482614E-04 mP 8.78270465700828E-03 year-5.48601554518334E-06 sumLPAP 1.29809696191975E+00 harm
KEEPDBG accept 12 cc 6.70939218196646E-01 sumModel-2.22931786371561E+02 sumForcing 2.38311694147387E+01 sumM-2.37251094031777E-01 trend-5.74129181862207E-02 aero 0.00000000000000E+00 level-1.30228921876310E+02 k0 5.83116270507182E+04 init-9.64859509885501E-01 IR-5.28408080968041E-01 impC 1.56893709493084E-02 mP 6.78998830593233E-03 year-5.48601554518334E-06 sumLPAP 1.29809696191975E+00 harm
KEEPDBG accept 5 cc 7.03854059181763E-01 sumModel-3.05321323100911E+02 sumForcing 2.37322734920086E+03 sumM-1.73834486392153E-01 trend-9.81374004349550E-02 aero 0.00000000000000E+00 level 1.52493393299194E+02 k0 2.70376555539289E+01 init-1.34346971489198E+00 IR-2.28418778121060E-01 impC 5.44881596031443E-02 mP 6.04127464223786E-03 year-5.48601554518334E-06 sumLPAP 1.29809696191975E+00 harm
KEEPDBG accept 3 cc 7.00298625700508E-01 sumModel-3.05706669460941E+02 sumForcing-4.14593226464085E+02 sumM 9.13242718923720E-02 trend-8.22185301194270E-02 aero 0.00000000000000E+00 level 2.52844981834783E+02 k0-1.17819626635806E+02 init-3.14948598835513E-01 IR-2.38836847360335E-01 impC-1.21111439482614E-04 mP 8.78270465700828E-03 year-5.48601554518334E-06 sumLPAP 1.29809696191975E+00 harm
KEEPDBG accept 5 cc 7.04187733336627E-01 sumModel-3.05155648107542E+02 sumForcing 2.36994124093598E+03 sumM-1.73834486392153E-01 trend-9.75484955115596E-02 aero 0.00000000000000E+00 level 1.53567309879457E+02 k0 2.53085086501991E+01 init-1.34346971489198E+00 IR-2.28418778121060E-01 impC 5.44881596031443E-02 mP 6.04127464223786E-03 year-5.48601554518334E-06 sumLPAP 1.29809696191975E+00 harm
KEEPDBG accept 12 cc 6.70990348726414E-01 sumModel-2.23128125071760E+02 sumForcing 1.39199281157647E+01 sumM-2.37251094031777E-01 trend-5.75838518078430E-02 aero 0.00000000000000E+00 level-5.79587459212730E+02 k0 2.88525290913307E+05 init-9.64859509885501E-01 IR-5.28408080968041E-01 impC 1.56893709493084E-02 mP 6.78998830593233E-03 year-5.48601554518334E-06 sumLPAP 1.29809696191975E+00 harm
KEEPDBG accept 2 cc 6.97200112087072E-01 sumModel-2.87685788977802E+02 sumForcing 8.95655009653581E+02 sumM 1.14057922616253E-04 trend-7.48430924795919E-02 aero 0.00000000000000E+00 level 3.00542442849088E+02 k0-4.15693880860681E+01 init 7.32890917954592E+00 IR-2.62510596405335E-01 impC 3.59776334660862E-02 mP 7.58500540105489E-03 year-5.48601554518334E-06 sumLPAP 1.29809696191975E+00 harm
KEEPDBG accept 13 cc 6.25684693355521E-01 sumModel-2.17856110543421E+02 sumForcing 2.62887134602422E+01 sumM 4.44425107234817E-02 trend-4.57470723407343E-02 aero 0.00000000000000E+00 level 4.42519327162899E+04 k0-1.69090030129276E+06 init-1.66138086652861E+00 IR-5.24944046054444E-01 impC 3.12606413592430E-02 mP 5.54871041063005E-03 year-5.48601554518334E-06 sumLPAP 1.29809696191975E+00 harm
KEEPDBG accept 11 cc 7.04373517187248E-01 sumModel-2.25626347119791E+02 sumForcing 1.83050663866087E+01 sumM 5.10178513613572E-02 trend-2.14723367828653E-02 aero 0.00000000000000E+00 level 1.34353048947208E+06 k0 1.40449277999994E+08 init-3.63672578970327E+00 IR-3.20758716561309E-01 impC 3.40956206972117E-03 mP 3.91041784507409E-03 year-5.48601554518334E-06 sumLPAP 1.29809696191975E+00 harm
KEEPDBG accept 12 cc 6.71123473144896E-01 sumModel-2.11430090125875E+02 sumForcing 1.39199281157647E+01 sumM-2.37251094031777E-01 trend-5.40948619800719E-02 aero 0.00000000000000E+00 level-6.04792852463731E+02 k0 2.76395989326137E+05 init-9.64859509885501E-01 IR-5.57973469349607E-01 impC 1.56893709493084E-02 mP 6.78998830593233E-03 year-5.48601554518334E-06 sumLPAP 1.29809696191975E+00 harm
KEEPDBG accept 10 cc 7.06793416875758E-01 sumModel-2.71149537849336E+02 sumForcing-5.44634984326404E+03 sumM-2.23971037213758E-02 trend-6.67839849766548E-02 aero 0.00000000000000E+00 level 2.90029168251345E+01 k0-2.61328668497094E+01 init-2.78635875389415E+00 IR-3.46004973747471E-01 impC 3.07548569798615E-02 mP 8.23379804115649E-03 year-5.48601554518334E-06 sumLPAP 1.29809696191975E+00 harm
KEEPDBG accept 4 cc 6.70424635349359E-01 sumModel-2.27167110087854E+02 sumForcing 5.60882330245446E+01 sumM 4.00138648138719E-02 trend-5.81231406783709E-02 aero 0.00000000000000E+00 level 4.02136478292844E+03 k0 3.31878286479128E+05 init-8.85106458781776E-01 IR-5.20756115218998E-01 impC 1.09098824382405E-02 mP 6.95777028018036E-03 year-5.48601554518334E-06 sumLPAP 1.29809696191975E+00 harm
KEEPDBG accept 10 cc 7.06793450043043E-01 sumModel-2.71149474403786E+02 sumForcing-5.44635198573539E+03 sumM-2.23971037213758E-02 trend-6.67838451478532E-02 aero 0.00000000000000E+00 level 2.90025284637948E+01 k0-2.61328148894395E+01 init-2.78637143511255E+00 IR-3.46004973747471E-01 impC 3.07548569798615E-02 mP 8.23379804115649E-03 year-5.48601554518334E-06 sumLPAP 1.29809696191975E+00 harm
KEEPDBG accept 12 cc 6.71149625275770E-01 sumModel-2.11856814554815E+02 sumForcing 7.14889147952513E+00 sumM-2.37251094031777E-01 trend-5.44512336573775E-02 aero 0.00000000000000E+00 level-2.46033450321448E+03 k0 1.96928070231537E+06 init-9.64859509885501E-01 IR-5.57973469349607E-01 impC 1.56893709493084E-02 mP 6.78998830593233E-03 year-5.48601554518334E-06 sumLPAP 1.29809696191975E+00 harm
KEEPDBG accept 2 cc 6.97203001994986E-01 sumModel-2.87660401502106E+02 sumForcing 8.96163645477315E+02 sumM 1.14057922616253E-04 trend-7.48121384705471E-02 aero 0.00000000000000E+00 level 3.00478535139267E+02 k0-4.12536076854189E+01 init 7.32890917954592E+00 IR-2.62510596405335E-01 impC 3.59776334660862E-02 mP 7.58500540105489E-03 year-5.48601554518334E-06 sumLPAP 1.29809696191975E+00 harm
KEEPDBG accept 4 cc 6.70614203664952E-01 sumModel-2.26737084385718E+02 sumForcing 4.13605996175850E+01 sumM 4.00138648138719E-02 trend-5.75107692246223E-02 aero 0.00000000000000E+00 level 7.41682798917050E+03 k0 2.46418690907833E+05 init-8.85106458781776E-01 IR-5.20756115218998E-01 impC 1.09098824382405E-02 mP 6.95777028018036E-03 year-5.48601554518334E-06 sumLPAP 1.29809696191975E+00 harm
KEEPDBG accept 3 cc 7.00298642667190E-01 sumModel-3.05706640726232E+02 sumForcing-4.14593028273008E+02 sumM 9.13242718923720E-02 trend-8.22184894591341E-02 aero 0.00000000000000E+00 level 2.52844949818972E+02 k0-1.17819698353222E+02 init-3.14948598835513E-01 IR-2.38836847360335E-01 impC-1.21111439482614E-04 mP 8.78270465700828E-03 year-5.48601554518334E-06 sumLPAP 1.29809696191975E+00 harm
KEEPDBG accept 5 cc 7.04196081299042E-01 sumModel-3.05928575727333E+02 sumForcing 2.36994124093598E+03 sumM-1.73834486392153E-01 trend-9.80807701444675E-02 aero 0.00000000000000E+00 level 1.54484130393649E+02 k0 2.53845640051450E+01 init-1.34346971489198E+00 IR-2.23901149201252E-01 impC 5.44881596031443E-02 mP 6.04127464223786E-03 year-5.48601554518334E-06 sumLPAP 1.29809696191975E+00 harm
KEEPDBG accept 13 cc 6.26965963195818E-01 sumModel-2.17227272985776E+02 sumForcing 2.63682686830290E+01 sumM 4.44425107234817E-02 trend-4.54143753022197E-02 aero 0.00000000000000E+00 level 4.49038474213720E+04 k0-1.75448422113692E+06 init-1.70563353553361E+00 IR-5.24944046054444E-01 impC 3.12606413592430E-02 mP 5.54871041063005E-03 year-5.48601554518334E-06 sumLPAP 1.29809696191975E+00 harm
KEEPDBG accept 5 cc 7.04201080400766E-01 sumModel-3.05964779361843E+02 sumForcing 2.36994124093598E+03 sumM-2.09272220045954E-01 trend-9.81039992999127E-02 aero 0.00000000000000E+00 level 1.62419089709763E+02 k0 1.92591860587038E+01 init-1.34346971489198E+00 IR-2.23901149201252E-01 impC 5.44881596031443E-02 mP 6.04127464223786E-03 year-5.48601554518334E-06 sumLPAP 1.29809696191975E+00 harm
KEEPDBG accept 3 cc 7.00302095619270E-01 sumModel-3.05707270778595E+02 sumForcing-4.14593028273008E+02 sumM 8.98864087354942E-02 trend-8.22180422115211E-02 aero 0.00000000000000E+00 level 2.63722674106136E+02 k0-1.31153821648347E+02 init-3.14948598835513E-01 IR-2.38836847360335E-01 impC-1.21111439482614E-04 mP 8.78270465700828E-03 year-5.48601554518334E-06 sumLPAP 1.29809696191975E+00 harm
KEEPDBG accept 2 cc 6.97210290721063E-01 sumModel-2.87657758222354E+02 sumForcing 8.95896757049595E+02 sumM 1.14057922616253E-04 trend-7.48069567768924E-02 aero 0.00000000000000E+00 level 3.00491195887473E+02 k0-4.13168873828263E+01 init 7.32890917954592E+00 IR-2.62510596405335E-01 impC 3.59776334660862E-02 mP 7.58500540105489E-03 year-5.48601554518334E-06 sumLPAP 1.29809696191975E+00 harm
KEEPDBG accept 13 cc 6.26974640234197E-01 sumModel-2.18522897670494E+02 sumForcing 2.63682686830290E+01 sumM 4.44425107234817E-02 trend-4.54143753022197E-02 aero 0.00000000000000E+00 level 4.49038474213720E+04 k0-1.75448422113692E+06 init-1.70563353553361E+00 IR-5.24944046054444E-01 impC 2.52628540462039E-02 mP 5.54871041063005E-03 year-5.48601554518334E-06 sumLPAP 1.29809696191975E+00 harm
KEEPDBG accept 13 cc 6.26988715438706E-01 sumModel-2.21709281384013E+02 sumForcing 2.63682686830290E+01 sumM 4.44425107234817E-02 trend-4.54143753022197E-02 aero 0.00000000000000E+00 level 4.49038474213720E+04 k0-1.75448422113692E+06 init-1.70563353553361E+00 IR-5.24944046054444E-01 impC 1.05122460678034E-02 mP 5.54871041063005E-03 year-5.48601554518334E-06 sumLPAP 1.29809696191975E+00 harm
KEEPDBG accept 3 cc 7.00356982573451E-01 sumModel-3.05724328964496E+02 sumForcing-4.13747815448948E+02 sumM 8.98864087354942E-02 trend-8.21393993519730E-02 aero 0.00000000000000E+00 level 2.63852072191055E+02 k0-1.31290862153279E+02 init-3.43501789861501E-01 IR-2.38836847360335E-01 impC-1.21111439482614E-04 mP 8.78270465700828E-03 year-5.48601554518334E-06 sumLPAP 1.29809696191975E+00 harm
KEEPDBG accept 10 cc 7.06793452747844E-01 sumModel-2.71149466872799E+02 sumForcing-5.44635231877136E+03 sumM-2.23971037213758E-02 trend-6.67838311161335E-02 aero 0.00000000000000E+00 level 2.90024481071534E+01 k0-2.61328222273601E+01 init-2.78637143511255E+00 IR-3.46004973747471E-01 impC 3.07548569798615E-02 mP 8.23379804115649E-03 year-5.48601554518334E-06 sumLPAP 1.29809696191975E+00 harm
KEEPDBG accept 11 cc 7.04375081610379E-01 sumModel-2.25138726927522E+02 sumForcing 1.83050663866087E+01 sumM 5.10178513613572E-02 trend-2.12904823055922E-02 aero 0.00000000000000E+00 level 1.33967855945173E+06 k0 1.40298732107868E+08 init-3.63672578970327E+00 IR-3.22880680373111E-01 impC 3.40956206972117E-03 mP 3.91041784507409E-03 year-5.48601554518334E-06 sumLPAP 1.29809696191975E+00 harm
KEEPDBG accept 14 cc 6.79938004683086E-01 sumModel-2.04863822904065E+02 sumForcing 1.73427614421493E+00 sumM-5.09755973552881E-02 trend-5.38733467893123E-02 aero 0.00000000000000E+00 level 3.58467262536556E+05 k0-4.05504212139457E+07 init-4.75670870719691E-02 IR-5.66564087140193E-01 impC 4.71007464188961E-03 mP 6.49952431795575E-03 year-5.48601554518334E-06 sumLPAP 1.29809696191975E+00 harm
KEEPDBG accept 9 cc 7.05621906746276E-01 sumModel-2.16453233069866E+02 sumForcing 2.85798397291219E+02 sumM-1.13360591109356E-02 trend-2.54693980695992E-02 aero 0.00000000000000E+00 level-2.11849562436948E+05 k0 1.26375738139060E+06 init-1.48973224579170E+00 IR-5.05817796240160E-01 impC-7.57477930280962E-03 mP 6.44312422892765E-03 year-5.48601554518334E-06 sumLPAP 1.29809696191975E+00 harm
KEEPDBG accept 14 cc 6.80097335810332E-01 sumModel-2.04720811618658E+02 sumForcing 1.73427614421493E+00 sumM-4.98954538738755E-02 trend-5.38940458583944E-02 aero 0.00000000000000E+00 level 4.30434069469166E+05 k0-4.95710447068374E+07 init-4.75670870719691E-02 IR-5.66564087140193E-01 impC 4.71007464188961E-03 mP 6.49952431795575E-03 year-5.48601554518334E-06 sumLPAP 1.29809696191975E+00 harm
KEEPDBG accept 6 cc 6.76044745852937E-01 sumModel-1.84094150921932E+02 sumForcing 2.83704402659205E+03 sumM-5.53979814980101E-01 trend-4.86871987242984E-02 aero 0.00000000000000E+00 level 9.27521635877855E+01 k0-1.17139389384609E-01 init-2.77581629511024E+00 IR-5.86397960463655E-01 impC 1.54223996317789E-02 mP 5.55517765113865E-03 year-5.48601554518334E-06 sumLPAP 1.29809696191975E+00 harm
KEEPDBG accept 10 cc 7.06793453009170E-01 sumModel-2.71149466548217E+02 sumForcing-5.44635245773096E+03 sumM-2.23971037213758E-02 trend-6.67838289438825E-02 aero 0.00000000000000E+00 level 2.90024569235917E+01 k0-2.61328127054428E+01 init-2.78637143511255E+00 IR-3.46004973747471E-01 impC 3.07548569798615E-02 mP 8.23379804115649E-03 year-5.48601554518334E-06 sumLPAP 1.29809696191975E+00 harm
KEEPDBG accept 2 cc 6.97222833075535E-01 sumModel-2.87653204228544E+02 sumForcing 8.95437003477309E+02 sumM 1.14057922616253E-04 trend-7.47980280673249E-02 aero 0.00000000000000E+00 level 3.00512970174494E+02 k0-4.14258643416127E+01 init 7.32890917954592E+00 IR-2.62510596405335E-01 impC 3.59776334660862E-02 mP 7.58500540105489E-03 year-5.48601554518334E-06 sumLPAP 1.29809696191975E+00 harm
KEEPDBG accept 4 cc 6.70711831240379E-01 sumModel-2.26863510053470E+02 sumForcing 4.14139240560742E+01 sumM 4.00138648138719E-02 trend-5.76351869693507E-02 aero 0.00000000000000E+00 level 7.36575148467260E+03 k0 2.44723312381250E+05 init-8.85106458781776E-01 IR-5.20756115218998E-01 impC 1.09098824382405E-02 mP 6.95777028018036E-03 year-5.48601554518334E-06 sumLPAP 1.29809696191975E+00 harm
KEEPDBG accept 5 cc 7.04204403684395E-01 sumModel-3.06024437081780E+02 sumForcing 2.72470837397247E+03 sumM-2.09272220045954E-01 trend-9.81407339464362E-02 aero 0.00000000000000E+00 level 1.70240556156972E+02 k0 1.15183352495561E+01 init-1.34346971489198E+00 IR-2.23901149201252E-01 impC 5.44881596031443E-02 mP 6.04127464223786E-03 year-5.48601554518334E-06 sumLPAP 1.29809696191975E+00 harm
KEEPDBG accept 3 cc 7.00490119791346E-01 sumModel-3.14273595303889E+02 sumForcing-4.13747815448948E+02 sumM 8.98864087354942E-02 trend-8.74877926395507E-02 aero 0.00000000000000E+00 level 2.83227107318635E+02 k0-1.40873587356754E+02 init-3.43501789861501E-01 IR-1.80816442030152E-01 impC-1.21111439482614E-04 mP 8.78270465700828E-03 year-5.48601554518334E-06 sumLPAP 1.29809696191975E+00 harm
KEEPDBG accept 7 cc 6.67814820859877E-01 sumModel-2.13016995441835E+02 sumForcing 3.15977115344975E+01 sumM 5.31213005234657E-02 trend-5.20024062459932E-02 aero 0.00000000000000E+00 level-1.73801548123270E+05 k0 2.47499921215897E+07 init-2.41736538412828E+00 IR-5.61727777492654E-01 impC 1.55638969265259E-03 mP 7.40337748974203E-03 year-5.48601554518334E-06 sumLPAP 1.29809696191975E+00 harm
KEEPDBG accept 4 cc 6.70713659232454E-01 sumModel-2.26858978466134E+02 sumForcing 4.14139240560742E+01 sumM 4.13695049735576E-02 trend-5.76355961031310E-02 aero 0.00000000000000E+00 level 8.78638901575412E+03 k0 2.92730266491297E+05 init-8.85106458781776E-01 IR-5.20756115218998E-01 impC 1.09098824382405E-02 mP 6.95777028018036E-03 year-5.48601554518334E-06 sumLPAP 1.29809696191975E+00 harm
KEEPDBG accept 2 cc 6.98206000855236E-01 sumModel-2.93280916721502E+02 sumForcing 1.01585357343188E+03 sumM 1.14057922616253E-04 trend-8.11780661083897E-02 aero 0.00000000000000E+00 level 3.09944683697345E+02 k0-6.22577623468695E+01 init 7.32890917954592E+00 IR-2.62510596405335E-01 impC 3.59776334660862E-02 mP 7.58500540105489E-03 year-5.48601554518334E-06 sumLPAP 1.29809696191975E+00 harm
KEEPDBG accept 6 cc 6.76044760781645E-01 sumModel-1.84094045530827E+02 sumForcing 2.83704563809235E+03 sumM-5.53979814980101E-01 trend-4.86871860978797E-02 aero 0.00000000000000E+00 level 9.27521396144293E+01 k0-1.17139273267040E-01 init-2.77581629511024E+00 IR-5.86397960463655E-01 impC 1.54223996317789E-02 mP 5.55517765113865E-03 year-5.48601554518334E-06 sumLPAP 1.29809696191975E+00 harm
KEEPDBG accept 6 cc 6.76044763571650E-01 sumModel-1.84094025829560E+02 sumForcing 2.83704593927784E+03 sumM-5.53979814980101E-01 trend-4.86871837380428E-02 aero 0.00000000000000E+00 level 9.27521351338887E+01 k0-1.17139251565202E-01 init-2.77581629511024E+00 IR-5.86397960463655E-01 impC 1.54223996317789E-02 mP 5.55517765113865E-03 year-5.48601554518334E-06 sumLPAP 1.29809696191975E+00 harm
KEEPDBG accept 10 cc 7.06793453018023E-01 sumModel-2.71149460367043E+02 sumForcing-5.44635245773096E+03 sumM-2.23971037213758E-02 trend-6.67838289438825E-02 aero 0.00000000000000E+00 level 2.90024569235917E+01 k0-2.61328127054428E+01 init-2.78637143511255E+00 IR-3.46004973747471E-01 impC 3.07548893782092E-02 mP 8.23379804115649E-03 year-5.48601554518334E-06 sumLPAP 1.29809696191975E+00 harm
KEEPDBG accept 4 cc 6.70840640936185E-01 sumModel-2.27041889167779E+02 sumForcing 3.47920375877219E+01 sumM 4.13695049735576E-02 trend-5.78204463865937E-02 aero 0.00000000000000E+00 level 1.23223046512941E+04 k0 4.90999740161006E+05 init-8.85106458781776E-01 IR-5.20756115218998E-01 impC 1.09098824382405E-02 mP 6.95777028018036E-03 year-5.48601554518334E-06 sumLPAP 1.29809696191975E+00 harm
KEEPDBG accept 13 cc 6.28097146318192E-01 sumModel-2.22329142038312E+02 sumForcing 2.66017087176048E+01 sumM 4.44425107234817E-02 trend-4.59349294643354E-02 aero 0.00000000000000E+00 level 4.42013329272311E+04 k0-1.65189659832820E+06 init-1.70563353553361E+00 IR-5.24944046054444E-01 impC 1.05122460678034E-02 mP 5.54871041063005E-03 year-5.48601554518334E-06 sumLPAP 1.29809696191975E+00 harm
KEEPDBG accept 6 cc 6.81248817316418E-01 sumModel-1.81457416410617E+02 sumForcing 2.83704593927784E+03 sumM-8.18385196482448E-01 trend-4.78003198922900E-02 aero 0.00000000000000E+00 level 9.10970184602662E+01 k0-1.31620677065794E-01 init-2.77581629511024E+00 IR-5.86397960463655E-01 impC 1.54223996317789E-02 mP 5.55517765113865E-03 year-5.48601554518334E-06 sumLPAP 1.29809696191975E+00 harm
KEEPDBG accept 3 cc 7.01072064680199E-01 sumModel-3.14225010251516E+02 sumForcing-5.36618602804171E+02 sumM 9.19950609855075E-02 trend-8.79830024429661E-02 aero 0.00000000000000E+00 level 2.74859885825306E+02 k0-1.91312105086190E+02 init-3.43501789861501E-01 IR-1.80816442030152E-01 impC-1.21111439482614E-04 mP 8.78270465700828E-03 year-5.48601554518334E-06 sumLPAP 1.29809696191975E+00 harm
KEEPDBG accept 8 cc 6.87708559027935E-01 sumModel-3.06954518085059E+02 sumForcing-1.15576536950263E+02 sumM 8.70107504915045E-02 trend-1.25596051639479E-01 aero 0.00000000000000E+00 level-3.68892085551055E+04 k0-1.34168200731702E+06 init 5.25157931212768E-01 IR 8.60216874927013E-02 impC 1.22246850604107E-01 mP 8.15387158318122E-03 year-5.48601554518334E-06 sumLPAP 1.29809696191975E+00 harm
KEEPDBG accept 7 cc 6.67817584935034E-01 sumModel-2.12004301712970E+02 sumForcing 3.15977115344975E+01 sumM 5.31213005234657E-02 trend-5.20024062459932E-02 aero 0.00000000000000E+00 level-1.73801548123270E+05 k0 2.47499921215897E+07 init-2.41736538412828E+00 IR-5.61727777492654E-01 impC 6.10240079493851E-03 mP 7.40337748974203E-03 year-5.48601554518334E-06 sumLPAP 1.29809696191975E+00 harm
KEEPDBG accept 7 cc 6.67882806588312E-01 sumModel-2.16127823414132E+02 sumForcing 3.31551891707956E+01 sumM 5.35799110015648E-02 trend-5.20954971737646E-02 aero 0.00000000000000E+00 level-2.20022991939801E+05 k0 2.67020863881581E+07 init-2.41736538412828E+00 IR-5.61727777492654E-01 impC 6.10240079493851E-03 mP 7.40337748974203E-03 year-5.48601554518334E-06 sumLPAP 1.29809696191975E+00 harm
KEEPDBG accept 10 cc 7.06793454076045E-01 sumModel-2.71149452559248E+02 sumForcing-5.44635213150684E+03 sumM-2.23971037213758E-02 trend-6.67838135635786E-02 aero 0.00000000000000E+00 level 2.90024850134784E+01 k0-2.61327960358725E+01 init-2.78637143511255E+00 IR-3.46004973747471E-01 impC 3.07548893782092E-02 mP 8.23379804115649E-03 year-5.48601554518334E-06 sumLPAP 1.29809696191975E+00 harm
KEEPDBG accept 13 cc 6.34966228730310E-01 sumModel-2.21433211990900E+02 sumForcing 2.82927346933920E+01 sumM 4.44425107234817E-02 trend-4.58077251347164E-02 aero 0.00000000000000E+00 level 4.42061520567197E+04 k0-1.49344793051649E+06 init-1.70563353553361E+00 IR-5.24944046054444E-01 impC 1.05122460678034E-02 mP 5.54871041063005E-03 year-5.48601554518334E-06 sumLPAP 1.29809696191975E+00 harm
KEEPDBG accept 6 cc 6.85466408658290E-01 sumModel-1.75633051086772E+02 sumForcing 2.86922042379725E+03 sumM-8.18385196482448E-01 trend-4.68741345537019E-02 aero 0.00000000000000E+00 level 8.93016355354425E+01 k0-1.27620104218189E-01 init-2.77581629511024E+00 IR-5.86397960463655E-01 impC 1.54223996317789E-02 mP 5.55517765113865E-03 year-5.48601554518334E-06 sumLPAP 1.29809696191975E+00 harm
KEEPDBG accept 14 cc 6.80497669502795E-01 sumModel-2.05217348097019E+02 sumForcing 3.02953017364354E+00 sumM-4.98954538738755E-02 trend-5.45402191316939E-02 aero 0.00000000000000E+00 level 4.42682474048496E+05 k0-5.05397950904505E+07 init-4.75670870719691E-02 IR-5.66564087140193E-01 impC 4.71007464188961E-03 mP 6.49952431795575E-03 year-5.48601554518334E-06 sumLPAP 1.29809696191975E+00 harm
KEEPDBG accept 3 cc 7.01087336347918E-01 sumModel-3.14226463010011E+02 sumForcing-5.36618602804171E+02 sumM 8.42162943831396E-02 trend-8.79791945080012E-02 aero 0.00000000000000E+00 level 3.84163576824691E+02 k0-3.86552150370450E+02 init-3.43501789861501E-01 IR-1.80816442030152E-01 impC-1.21111439482614E-04 mP 8.78270465700828E-03 year-5.48601554518334E-06 sumLPAP 1.29809696191975E+00 harm
KEEPDBG accept 8 cc 6.89518974067127E-01 sumModel-3.08844890345793E+02 sumForcing-1.15576536950263E+02 sumM 8.70107504915045E-02 trend-1.20297754236869E-01 aero 0.00000000000000E+00 level-3.56437876427424E+04 k0-1.29163436892060E+06 init 5.25157931212768E-01 IR 3.89747888215116E-02 impC 1.22246850604107E-01 mP 8.15387158318122E-03 year-5.48601554518334E-06 sumLPAP 1.29809696191975E+00 harm
KEEPDBG accept 3 cc 7.01087370438950E-01 sumModel-3.14218187233097E+02 sumForcing-5.36618602804171E+02 sumM 8.42162943831396E-02 trend-8.79791945080012E-02 aero 0.00000000000000E+00 level 3.84163576824691E+02 k0-3.86552150370450E+02 init-3.43501789861501E-01 IR-1.80816442030152E-01 impC-7.17023761188968E-05 mP 8.78270465700828E-03 year-5.48601554518334E-06 sumLPAP 1.29809696191975E+00 harm
KEEPDBG accept 4 cc 6.70840908295349E-01 sumModel-2.27051933903307E+02 sumForcing 3.47920375877219E+01 sumM 4.37033479368752E-03 trend-5.78205946366114E-02 aero 0.00000000000000E+00 level 1.07714291037347E+03 k0 3.88818336985988E+04 init-8.85106458781776E-01 IR-5.20756115218998E-01 impC 1.09098824382405E-02 mP 6.95777028018036E-03 year-5.48601554518334E-06 sumLPAP 1.29809696191975E+00 harm
KEEPDBG accept 5 cc 7.04288484775371E-01 sumModel-3.05982675800939E+02 sumForcing 2.72367773528549E+03 sumM-2.09272220045954E-01 trend-9.79790708132236E-02 aero 0.00000000000000E+00 level 1.70265096503974E+02 k0 1.12904376678009E+01 init-1.34346971489198E+00 IR-2.23901149201252E-01 impC 5.44881596031443E-02 mP 6.04127464223786E-03 year-5.48601554518334E-06 sumLPAP 1.29809696191975E+00 harm
KEEPDBG accept 8 cc 6.89518974793738E-01 sumModel-3.08843762978981E+02 sumForcing-1.15576536950263E+02 sumM 8.92155825790277E-02 trend-1.20299999189141E-01 aero 0.00000000000000E+00 level-2.91107983842770E+04 k0-1.05639250151717E+06 init 5.25157931212768E-01 IR 3.89747888215116E-02 impC 1.22246850604107E-01 mP 8.15387158318122E-03 year-5.48601554518334E-06 sumLPAP 1.29809696191975E+00 harm
KEEPDBG accept 5 cc 7.04351242131606E-01 sumModel-3.06131593332409E+02 sumForcing 2.67149378604117E+03 sumM-2.08318347839089E-01 trend-9.80240364697401E-02 aero 0.00000000000000E+00 level 1.75849717751393E+02 k0 7.80877004658307E+00 init-1.34346971489198E+00 IR-2.23901149201252E-01 impC 5.44881596031443E-02 mP 6.04127464223786E-03 year-5.48601554518334E-06 sumLPAP 1.29809696191975E+00 harm
KEEPDBG accept 6 cc 6.85466408664704E-01 sumModel-1.75633051081408E+02 sumForcing 2.86922042391457E+03 sumM-8.18385196482448E-01 trend-4.68741345527360E-02 aero 0.00000000000000E+00 level 8.93016355335830E+01 k0-1.27620104217331E-01 init-2.77581629511024E+00 IR-5.86397960463655E-01 impC 1.54223996317789E-02 mP 5.55517765113865E-03 year-5.48601554518334E-06 sumLPAP 1.29809696191975E+00 harm
KEEPDBG accept 10 cc 7.06793463140598E-01 sumModel-2.71149402710206E+02 sumForcing-5.44635382273591E+03 sumM-2.23971037213758E-02 trend-6.67837379745586E-02 aero 0.00000000000000E+00 level 2.90020853277088E+01 k0-2.61328292606901E+01 init-2.78637143511255E+00 IR-3.46004973747471E-01 impC 3.07548893782092E-02 mP 8.23381969769505E-03 year-5.48601554518334E-06 sumLPAP 1.29809696191975E+00 harm
KEEPDBG accept 15 cc 6.97396298368836E-01 sumModel-3.45755757094846E+02 sumForcing 5.52815206319580E+01 sumM 8.07122786196681E-02 trend-1.07044583618482E-01 aero 0.00000000000000E+00 level 1.23199568685465E+06 k0-3.69283431182686E+07 init-1.20943372265101E+00 IR-2.24928761631738E-01 impC 2.61680054650684E-02 mP 3.83482313185464E-03 year-5.48601554518334E-06 sumLPAP 1.29809696191975E+00 harm
KEEPDBG accept 11 cc 7.04375340045190E-01 sumModel-2.25063024922130E+02 sumForcing 1.83050663866087E+01 sumM 5.10178513613572E-02 trend-2.12904823055922E-02 aero 0.00000000000000E+00 level 1.33967855945173E+06 k0 1.40298732107868E+08 init-3.63672578970327E+00 IR-3.22880680373111E-01 impC 3.81324974166895E-03 mP 3.91041784507409E-03 year-5.48601554518334E-06 sumLPAP 1.29809696191975E+00 harm
KEEPDBG accept 10 cc 7.06793463142522E-01 sumModel-2.71149402766700E+02 sumForcing-5.44635313853854E+03 sumM-2.23971037213758E-02 trend-6.67837379660647E-02 aero 0.00000000000000E+00 level 2.90020596868717E+01 k0-2.61328393983987E+01 init-2.78637143511255E+00 IR-3.46004973747471E-01 impC 3.07548893782092E-02 mP 8.23381969769505E-03 year-5.48601554518334E-06 sumLPAP 1.29809696191975E+00 harm
KEEPDBG accept 8 cc 6.89583486418838E-01 sumModel-3.08398999133111E+02 sumForcing-1.14861467952318E+02 sumM 8.92155825790277E-02 trend-1.19392455819562E-01 aero 0.00000000000000E+00 level-2.79791518223523E+04 k0-1.04386483714995E+06 init 5.25157931212768E-01 IR 3.89747888215116E-02 impC 1.22246850604107E-01 mP 8.15387158318122E-03 year-5.48601554518334E-06 sumLPAP 1.29809696191975E+00 harm
KEEPDBG accept 3 cc 7.01087937921303E-01 sumModel-3.14218240922321E+02 sumForcing-5.26424397585634E+02 sumM 8.42162943831396E-02 trend-8.79790532170438E-02 aero 0.00000000000000E+00 level 3.92662589897115E+02 k0-4.09512251513613E+02 init-3.43501789861501E-01 IR-1.80816442030152E-01 impC-7.17023761188968E-05 mP 8.78270465700828E-03 year-5.48601554518334E-06 sumLPAP 1.29809696191975E+00 harm
KEEPDBG accept 13 cc 6.35053952450958E-01 sumModel-2.21411431254306E+02 sumForcing 2.83634594965490E+01 sumM 4.44425107234817E-02 trend-4.57893420320042E-02 aero 0.00000000000000E+00 level 4.41689687140032E+04 k0-1.48080155672437E+06 init-1.70563353553361E+00 IR-5.24944046054444E-01 impC 1.05122460678034E-02 mP 5.54871041063005E-03 year-5.48601554518334E-06 sumLPAP 1.29809696191975E+00 harm
KEEPDBG accept 11 cc 7.06974790782034E-01 sumModel-2.40222121284239E+02 sumForcing 2.18574903246875E+01 sumM 5.10178513613572E-02 trend-3.03186484091257E-02 aero 0.00000000000000E+00 level-8.32760747910585E+04 k0 2.80841502724245E+08 init-3.63672578970327E+00 IR-3.22880680373111E-01 impC 3.81324974166895E-03 mP 3.91041784507409E-03 year-5.48601554518334E-06 sumLPAP 1.29809696191975E+00 harm
KEEPDBG accept 12 cc 6.71152901004416E-01 sumModel-2.11721863900835E+02 sumForcing 8.46436535927901E+00 sumM-2.37251094031777E-01 trend-5.43399305550987E-02 aero 0.00000000000000E+00 level-1.75370933451264E+03 k0 1.20045993880369E+06 init-9.64859509885501E-01 IR-5.57973469349607E-01 impC 1.56893709493084E-02 mP 6.78998830593233E-03 year-5.48601554518334E-06 sumLPAP 1.29809696191975E+00 harm
KEEPDBG accept 10 cc 7.06793463142666E-01 sumModel-2.71149402691099E+02 sumForcing-5.44635313855470E+03 sumM-2.23971037213758E-02 trend-6.67837379428700E-02 aero 0.00000000000000E+00 level 2.90020597125287E+01 k0-2.61328393664867E+01 init-2.78637143511255E+00 IR-3.46004973747471E-01 impC 3.07548893782092E-02 mP 8.23381969769505E-03 year-5.48601554518334E-06 sumLPAP 1.29809696191975E+00 harm
KEEPDBG accept 13 cc 6.35162113664725E-01 sumModel-2.21359891817806E+02 sumForcing 3.71490001521009E+01 sumM 4.44425107234817E-02 trend-4.57611992276855E-02 aero 0.00000000000000E+00 level 2.57949550321845E+04 k0-6.64408018269797E+05 init-1.70563353553361E+00 IR-5.24944046054444E-01 impC 1.05122460678034E-02 mP 5.54871041063005E-03 year-5.48601554518334E-06 sumLPAP 1.29809696191975E+00 harm
KEEPDBG accept 6 cc 6.86531365492895E-01 sumModel-1.77712666509246E+02 sumForcing 2.75636397595331E+03 sumM-8.18385196482448E-01 trend-4.80318369151362E-02 aero 0.00000000000000E+00 level 9.15765843146187E+01 k0-1.35281565841251E-01 init-2.77581629511024E+00 IR-5.86397960463655E-01 impC 1.54223996317789E-02 mP 5.55517765113865E-03 year-5.48601554518334E-06 sumLPAP 1.29809696191975E+00 harm
KEEPDBG accept 5 cc 7.04352599291527E-01 sumModel-3.06125490757985E+02 sumForcing 2.67149378604117E+03 sumM-2.04878872752635E-01 trend-9.80206631596543E-02 aero 0.00000000000000E+00 level 1.75483221816537E+02 k0 8.05908177857267E+00 init-1.34346971489198E+00 IR-2.23901149201252E-01 impC 5.44881596031443E-02 mP 6.04127464223786E-03 year-5.48601554518334E-06 sumLPAP 1.29809696191975E+00 harm
KEEPDBG accept 10 cc 7.06793463152614E-01 sumModel-2.71149402630480E+02 sumForcing-5.44634948123257E+03 sumM-2.23971037213758E-02 trend-6.67837378573583E-02 aero 0.00000000000000E+00 level 2.90019232048588E+01 k0-2.61328932957623E+01 init-2.78637143511255E+00 IR-3.46004973747471E-01 impC 3.07548893782092E-02 mP 8.23381969769505E-03 year-5.48601554518334E-06 sumLPAP 1.29809696191975E+00 harm
KEEPDBG accept 2 cc 6.98206218004451E-01 sumModel-2.93282996558998E+02 sumForcing 1.01602186204360E+03 sumM 1.14057922616253E-04 trend-8.11823660787157E-02 aero 0.00000000000000E+00 level 3.09935188868430E+02 k0-6.22214854671280E+01 init 7.32890917954592E+00 IR-2.62510596405335E-01 impC 3.59776334660862E-02 mP 7.58500540105489E-03 year-5.48601554518334E-06 sumLPAP 1.29809696191975E+00 harm
KEEPDBG accept 11 cc 7.06974790783936E-01 sumModel-2.40222120690020E+02 sumForcing 2.18574903246875E+01 sumM 5.10178513613572E-02 trend-3.03186484091257E-02 aero 0.00000000000000E+00 level-8.32760747910585E+04 k0 2.80841502724245E+08 init-3.63672578970327E+00 IR-3.22880680373111E-01 impC 3.81325291039438E-03 mP 3.91041784507409E-03 year-5.48601554518334E-06 sumLPAP 1.29809696191975E+00 harm
KEEPDBG accept 8 cc 6.89583925817644E-01 sumModel-3.08438277836232E+02 sumForcing-1.14861467952318E+02 sumM 7.95359941100837E-02 trend-1.19391033386529E-01 aero 0.00000000000000E+00 level-8.35976986806903E+04 k0-3.10180507616730E+06 init 5.25157931212768E-01 IR 3.89747888215116E-02 impC 1.22246850604107E-01 mP 8.15387158318122E-03 year-5.48601554518334E-06 sumLPAP 1.29809696191975E+00 harm
KEEPDBG accept 3 cc 7.01087944994943E-01 sumModel-3.14216522794171E+02 sumForcing-5.26424397585634E+02 sumM 8.42162943831396E-02 trend-8.79790532170438E-02 aero 0.00000000000000E+00 level 3.92662589897115E+02 k0-4.09512251513613E+02 init-3.43501789861501E-01 IR-1.80816442030152E-01 impC-6.14445956700375E-05 mP 8.78270465700828E-03 year-5.48601554518334E-06 sumLPAP 1.29809696191975E+00 harm
KEEPDBG accept 13 cc 6.35162256592625E-01 sumModel-2.21449949574466E+02 sumForcing 3.71490001521009E+01 sumM 4.44425107234817E-02 trend-4.57611992276855E-02 aero 0.00000000000000E+00 level 2.57949550321845E+04 k0-6.64408018269797E+05 init-1.70563353553361E+00 IR-5.24944046054444E-01 impC 1.00953450341100E-02 mP 5.54871041063005E-03 year-5.48601554518334E-06 sumLPAP 1.29809696191975E+00 harm
KEEPDBG accept 2 cc 6.98570031520242E-01 sumModel-2.93344521017495E+02 sumForcing 1.05375954379489E+03 sumM 1.14057922616253E-04 trend-8.18113422536524E-02 aero 0.00000000000000E+00 level 3.07915967166237E+02 k0-5.18333425905105E+01 init 7.32890917954592E+00 IR-2.62510596405335E-01 impC 3.59776334660862E-02 mP 7.58500540105489E-03 year-5.48601554518334E-06 sumLPAP 1.29809696191975E+00 harm
KEEPDBG accept 12 cc 6.71152985433166E-01 sumModel-2.11722403379467E+02 sumForcing 8.46436535927901E+00 sumM-2.37946588705251E-01 trend-5.43399680869482E-02 aero 0.00000000000000E+00 level-1.74517358972539E+03 k0 1.19492419757544E+06 init-9.64859509885501E-01 IR-5.57973469349607E-01 impC 1.56893709493084E-02 mP 6.78998830593233E-03 year-5.48601554518334E-06 sumLPAP 1.29809696191975E+00 harm
KEEPDBG accept 8 cc 6.89989704189635E-01 sumModel-3.09112408256815E+02 sumForcing-1.16187764810647E+02 sumM 7.53074982674463E-02 trend-1.20160749746702E-01 aero 0.00000000000000E+00 level-9.48380394481929E+04 k0-3.39252687357277E+06 init 5.25157931212768E-01 IR 3.89747888215116E-02 impC 1.22246850604107E-01 mP 8.15387158318122E-03 year-5.48601554518334E-06 sumLPAP 1.29809696191975E+00 harm
KEEPDBG accept 9 cc 7.05623976296965E-01 sumModel-2.16305907779760E+02 sumForcing 2.85848285781534E+02 sumM-1.13360591109356E-02 trend-2.54793873120110E-02 aero 0.00000000000000E+00 level-2.13678912760208E+05 k0 1.27648967132967E+06 init-1.48973224579170E+00 IR-5.05817796240160E-01 impC-7.57477930280962E-03 mP 6.44312422892765E-03 year-5.48601554518334E-06 sumLPAP 1.29809696191975E+00 harm
KEEPDBG accept 9 cc 7.05818413375690E-01 sumModel-2.16325000961962E+02 sumForcing 2.85960217151175E+02 sumM-1.13360591109356E-02 trend-2.56296112222479E-02 aero 0.00000000000000E+00 level-2.15246896835328E+05 k0 1.28691707670591E+06 init-1.44037193891780E+00 IR-5.05817796240160E-01 impC-7.57477930280962E-03 mP 6.44312422892765E-03 year-5.48601554518334E-06 sumLPAP 1.29809696191975E+00 harm
KEEPDBG accept 5 cc 7.04922533765434E-01 sumModel-3.05555499620915E+02 sumForcing 2.67385663956670E+03 sumM-2.04878872752635E-01 trend-9.73966571598929E-02 aero 0.00000000000000E+00 level 1.73938533869248E+02 k0 8.29665077699630E+00 init-1.34346971489198E+00 IR-2.23901149201252E-01 impC 5.44881596031443E-02 mP 6.04127464223786E-03 year-5.48601554518334E-06 sumLPAP 1.29809696191975E+00 harm
KEEPDBG accept 2 cc 6.98570900001281E-01 sumModel-2.92687672080636E+02 sumForcing 1.05375954379489E+03 sumM 1.14057922616253E-04 trend-8.18113422536524E-02 aero 0.00000000000000E+00 level 3.07915967166237E+02 k0-5.18333425905105E+01 init 7.32890917954592E+00 IR-2.62510596405335E-01 impC 3.96468937392133E-02 mP 7.58500540105489E-03 year-5.48601554518334E-06 sumLPAP 1.29809696191975E+00 harm
KEEPDBG accept 6 cc 6.89596956890475E-01 sumModel-1.74219526024856E+02 sumForcing 2.79332910795535E+03 sumM-8.18385196482448E-01 trend-4.72351779276021E-02 aero 0.00000000000000E+00 level 9.00082525184989E+01 k0-1.29795407972777E-01 init-2.74173428301469E+00 IR-5.86397960463655E-01 impC 1.54223996317789E-02 mP 5.55517765113865E-03 year-5.48601554518334E-06 sumLPAP 1.29809696191975E+00 harm
KEEPDBG accept 4 cc 6.70841179701280E-01 sumModel-2.27051709128515E+02 sumForcing 3.47920375877219E+01 sumM 8.48609356936150E-02 trend-5.78205986077885E-02 aero 0.00000000000000E+00 level 3.15948736445239E+03 k0 1.22611574343454E+05 init-8.85106458781776E-01 IR-5.20756115218998E-01 impC 1.09098824382405E-02 mP 6.95777028018036E-03 year-5.48601554518334E-06 sumLPAP 1.29809696191975E+00 harm
KEEPDBG accept 6 cc 6.89596967316934E-01 sumModel-1.74219522385058E+02 sumForcing 2.79332925991037E+03 sumM-8.18385196482448E-01 trend-4.72351762088681E-02 aero 0.00000000000000E+00 level 9.00082492089176E+01 k0-1.29795408556391E-01 init-2.74173428301469E+00 IR-5.86397960463655E-01 impC 1.54223996317789E-02 mP 5.55517765113865E-03 year-5.48601554518334E-06 sumLPAP 1.29809696191975E+00 harm
KEEPDBG accept 9 cc 7.05877501374055E-01 sumModel-2.16150399282447E+02 sumForcing 2.85960217151175E+02 sumM-1.07131697348266E-02 trend-2.55040709026353E-02 aero 0.00000000000000E+00 level-2.39910114720925E+05 k0 1.43038495084897E+06 init-1.44037193891780E+00 IR-5.05817796240160E-01 impC-7.57477930280962E-03 mP 6.44312422892765E-03 year-5.48601554518334E-06 sumLPAP 1.29809696191975E+00 harm
KEEPDBG accept 10 cc 7.06798411134742E-01 sumModel-2.71135652614811E+02 sumForcing-5.44695941439491E+03 sumM-2.23971037213758E-02 trend-6.67580374086934E-02 aero 0.00000000000000E+00 level 2.88542869105121E+01 k0-2.61465048302696E+01 init-2.78637143511255E+00 IR-3.46004973747471E-01 impC 3.07548893782092E-02 mP 8.23381969769505E-03 year-5.48601554518334E-06 sumLPAP 1.29809696191975E+00 harm
KEEPDBG accept 5 cc 7.05102567063509E-01 sumModel-3.05374018822567E+02 sumForcing 2.67431208880898E+03 sumM-2.04878872752635E-01 trend-9.72227260085104E-02 aero 0.00000000000000E+00 level 1.73503696241321E+02 k0 8.36771867346294E+00 init-1.34346971489198E+00 IR-2.23901149201252E-01 impC 5.44881596031443E-02 mP 6.04127464223786E-03 year-5.48601554518334E-06 sumLPAP 1.29809696191975E+00 harm
KEEPDBG accept 4 cc 6.71000159371105E-01 sumModel-2.27331811056855E+02 sumForcing 3.43606387254825E+01 sumM 8.53060978760070E-02 trend-5.81251959756639E-02 aero 0.00000000000000E+00 level 3.16913145204940E+03 k0 1.21186578269025E+05 init-8.85106458781776E-01 IR-5.20756115218998E-01 impC 1.09098824382405E-02 mP 6.95777028018036E-03 year-5.48601554518334E-06 sumLPAP 1.29809696191975E+00 harm
KEEPDBG accept 15 cc 6.97396485561959E-01 sumModel-3.45684513392698E+02 sumForcing 5.52815206319580E+01 sumM 8.07122786196681E-02 trend-1.07044583618482E-01 aero 0.00000000000000E+00 level 1.23199568685465E+06 k0-3.69283431182686E+07 init-1.20943372265101E+00 IR-2.24928761631738E-01 impC 2.65781238799680E-02 mP 3.83482313185464E-03 year-5.48601554518334E-06 sumLPAP 1.29809696191975E+00 harm
KEEPDBG accept 8 cc 6.90129121693394E-01 sumModel-3.09223842411038E+02 sumForcing-1.26518862370619E+02 sumM 7.64082166186935E-02 trend-1.20218453383396E-01 aero 0.00000000000000E+00 level-1.62509455778865E+05 k0-4.37212174680124E+06 init 5.25157931212768E-01 IR 3.89747888215116E-02 impC 1.22246850604107E-01 mP 8.15387158318122E-03 year-5.48601554518334E-06 sumLPAP 1.29809696191975E+00 harm
KEEPDBG accept 9 cc 7.05932873243532E-01 sumModel-2.16882381861050E+02 sumForcing 2.84922343951205E+02 sumM-1.07131697348266E-02 trend-2.60117319832856E-02 aero 0.00000000000000E+00 level-2.33825267609111E+05 k0 1.40275397238822E+06 init-1.44037193891780E+00 IR-5.05817796240160E-01 impC-7.57477930280962E-03 mP 6.44312422892765E-03 year-5.48601554518334E-06 sumLPAP 1.29809696191975E+00 harm
KEEPDBG accept 10 cc 7.06806464319590E-01 sumModel-2.71120161727725E+02 sumForcing-5.44748141703455E+03 sumM-2.23971037213758E-02 trend-6.67239120287399E-02 aero 0.00000000000000E+00 level 2.87596516039889E+01 k0-2.61337597021439E+01 init-2.78946283396666E+00 IR-3.46004973747471E-01 impC 3.07548893782092E-02 mP 8.23381969769505E-03 year-5.48601554518334E-06 sumLPAP 1.29809696191975E+00 harm
KEEPDBG accept 12 cc 6.71153030066067E-01 sumModel-2.11845482889203E+02 sumForcing 8.46436535927901E+00 sumM-2.37946588705251E-01 trend-5.43399680869482E-02 aero 0.00000000000000E+00 level-1.74517358972539E+03 k0 1.19492419757544E+06 init-9.64859509885501E-01 IR-5.57973469349607E-01 impC 1.51355381039618E-02 mP 6.78998830593233E-03 year-5.48601554518334E-06 sumLPAP 1.29809696191975E+00 harm
KEEPDBG accept 11 cc 7.06996270224194E-01 sumModel-2.17567790060772E+02 sumForcing 2.18574612466223E+01 sumM 5.10178383270472E-02 trend-3.09505503617737E-02 aero 0.00000000000000E+00 level-1.25440667615748E+05 k0 2.83220270098200E+08 init-3.63672578970327E+00 IR-3.22880680373111E-01 impC 3.81325291039438E-03 mP 3.91041784507409E-03 year-5.48601554518334E-06 sumLPAP 1.29809696191975E+00 harm
KEEPDBG accept 12 cc 6.71153063360592E-01 sumModel-2.12270238174419E+02 sumForcing 8.46436535927901E+00 sumM-2.37946588705251E-01 trend-5.43399680869482E-02 aero 0.00000000000000E+00 level-1.74517358972539E+03 k0 1.19492419757544E+06 init-9.64859509885501E-01 IR-5.57973469349607E-01 impC 1.32242254192262E-02 mP 6.78998830593233E-03 year-5.48601554518334E-06 sumLPAP 1.29809696191975E+00 harm
KEEPDBG accept 9 cc 7.05944154157409E-01 sumModel-2.16983134454533E+02 sumForcing 2.84922343951205E+02 sumM-1.07131697348266E-02 trend-2.60245501988744E-02 aero 0.00000000000000E+00 level-2.33831378457282E+05 k0 1.40267112048482E+06 init-1.44037193891780E+00 IR-5.05525096259366E-01 impC-7.57477930280962E-03 mP 6.44312422892765E-03 year-5.48601554518334E-06 sumLPAP 1.29809696191975E+00 harm
KEEPDBG accept 6 cc 6.89597054298624E-01 sumModel-1.74219491987356E+02 sumForcing 2.79333052760006E+03 sumM-8.18385196482448E-01 trend-4.72351618701891E-02 aero 0.00000000000000E+00 level 9.00082215984779E+01 k0-1.29795413425155E-01 init-2.74173428301469E+00 IR-5.86397960463655E-01 impC 1.54223996317789E-02 mP 5.55517765113865E-03 year-5.48601554518334E-06 sumLPAP 1.29809696191975E+00 harm
KEEPDBG accept 8 cc 6.90130600609238E-01 sumModel-3.09227768199478E+02 sumForcing-1.26518862370619E+02 sumM 7.76467305270875E-02 trend-1.20186882289694E-01 aero 0.00000000000000E+00 level-1.36256370207544E+05 k0-3.66666314766866E+06 init 5.25157931212768E-01 IR 3.89747888215116E-02 impC 1.22246850604107E-01 mP 8.15387158318122E-03 year-5.48601554518334E-06 sumLPAP 1.29809696191975E+00 harm
KEEPDBG accept 1 cc 6.77476482785419E-01 sumModel-1.49380982035477E+02 sumForcing 3.26517661846569E+00 sumM 1.32267835204489E-02 trend-3.72405084882080E-02 aero 0.00000000000000E+00 level 9.45429230262595E+04 k0 6.74381447342615E+07 init 4.45261015043224E-02 IR-6.83304829363379E-01 impC 1.84756251113240E-02 mP 5.55162949887788E-03 year-5.48601554518334E-06 sumLPAP 1.29809696191975E+00 harm
KEEPDBG accept 11 cc 7.06996270225380E-01 sumModel-2.17567789683369E+02 sumForcing 2.18574612466223E+01 sumM 5.10178383270472E-02 trend-3.09505503617737E-02 aero 0.00000000000000E+00 level-1.25440667615748E+05 k0 2.83220270098200E+08 init-3.63672578970327E+00 IR-3.22880680373111E-01 impC 3.81325492293198E-03 mP 3.91041784507409E-03 year-5.48601554518334E-06 sumLPAP 1.29809696191975E+00 harm
KEEPDBG accept 10 cc 7.06807301812388E-01 sumModel-2.71119089177099E+02 sumForcing-5.44794662789509E+03 sumM-2.23971037213758E-02 trend-6.67167404307288E-02 aero 0.00000000000000E+00 level 2.87890665802261E+01 k0-2.61019930167648E+01 init-2.78946283396666E+00 IR-3.46004973747471E-01 impC 3.07548893782092E-02 mP 8.23381969769505E-03 year-5.48601554518334E-06 sumLPAP 1.29809696191975E+00 harm
KEEPDBG accept 8 cc 6.90131643425764E-01 sumModel-3.10314014824549E+02 sumForcing-1.26518862370619E+02 sumM 7.76467305270875E-02 trend-1.20186882289694E-01 aero 0.00000000000000E+00 level-1.36256370207544E+05 k0-3.66666314766866E+06 init 5.25157931212768E-01 IR 3.89747888215116E-02 impC 1.14289265402254E-01 mP 8.15387158318122E-03 year-5.48601554518334E-06 sumLPAP 1.29809696191975E+00 harm
KEEPDBG accept 12 cc 6.71153085733510E-01 sumModel-2.12270357917631E+02 sumForcing 8.46436535927901E+00 sumM-2.12749561687062E-01 trend-5.43399839604277E-02 aero 0.00000000000000E+00 level-2.09933539548017E+03 k0 1.42383995318892E+06 init-9.64859509885501E-01 IR-5.57973469349607E-01 impC 1.32242254192262E-02 mP 6.78998830593233E-03 year-5.48601554518334E-06 sumLPAP 1.29809696191975E+00 harm
KEEPDBG accept 8 cc 6.91906535393489E-01 sumModel-3.10552545594770E+02 sumForcing-1.26518862370619E+02 sumM 7.76467305270875E-02 trend-1.14648126785021E-01 aero 0.00000000000000E+00 level-1.31421590669949E+05 k0-3.52691276171183E+06 init 5.25157931212768E-01 IR-9.80902976614864E-03 impC 1.14289265402254E-01 mP 8.15387158318122E-03 year-5.48601554518334E-06 sumLPAP 1.29809696191975E+00 harm
KEEPDBG accept 14 cc 6.80498924125240E-01 sumModel-2.06158634496867E+02 sumForcing 3.02953017364354E+00 sumM-4.98954538738755E-02 trend-5.45402191316939E-02 aero 0.00000000000000E+00 level 4.42682474048496E+05 k0-5.05397950904505E+07 init-4.75670870719691E-02 IR-5.66564087140193E-01 impC 4.97599582254036E-04 mP 6.49952431795575E-03 year-5.48601554518334E-06 sumLPAP 1.29809696191975E+00 harm
KEEPDBG accept 9 cc 7.05953533031365E-01 sumModel-2.18081059288486E+02 sumForcing 2.81458218374566E+02 sumM-1.07131697348266E-02 trend-2.78037995733030E-02 aero 0.00000000000000E+00 level-2.16906182726841E+05 k0 1.33238008529905E+06 init-1.44037193891780E+00 IR-5.05525096259366E-01 impC-7.57477930280962E-03 mP 6.44312422892765E-03 year-5.48601554518334E-06 sumLPAP 1.29809696191975E+00 harm
KEEPDBG accept 11 cc 7.06996271957424E-01 sumModel-2.17567589374821E+02 sumForcing 2.18574612466223E+01 sumM 5.10178383270472E-02 trend-3.09504663228046E-02 aero 0.00000000000000E+00 level-1.25440802238125E+05 k0 2.83220069475129E+08 init-3.63672578970327E+00 IR-3.22881571703256E-01 impC 3.81325492293198E-03 mP 3.91041784507409E-03 year-5.48601554518334E-06 sumLPAP 1.29809696191975E+00 harm
KEEPDBG accept 4 cc 6.71000221624485E-01 sumModel-2.27331698145558E+02 sumForcing 3.43606387254825E+01 sumM 8.97586174171965E-02 trend-5.81252221134118E-02 aero 0.00000000000000E+00 level 2.40905423410005E+03 k0 9.10718361276436E+04 init-8.85106458781776E-01 IR-5.20756115218998E-01 impC 1.09098824382405E-02 mP 6.95777028018036E-03 year-5.48601554518334E-06 sumLPAP 1.29809696191975E+00 harm
KEEPDBG accept 16 cc 6.68685359067825E-01 sumModel-2.11998264577112E+02 sumForcing-9.61476538374231E+01 sumM 5.06490638431339E-02 trend-5.42793577736858E-02 aero 0.00000000000000E+00 level-2.54994389373258E+01 k0-2.80530449089472E+05 init-1.14486227768174E+00 IR-5.62239419470909E-01 impC 8.84528331618808E-03 mP 6.82345000013191E-03 year-5.48601554518334E-06 sumLPAP 1.29809696191975E+00 harm
KEEPDBG accept 13 cc 6.35453764164279E-01 sumModel-2.21272291041685E+02 sumForcing 3.69767825687894E+01 sumM 4.44425107234817E-02 trend-4.56355646148953E-02 aero 0.00000000000000E+00 level 2.60547502227912E+04 k0-6.91968702367312E+05 init-1.70563353553361E+00 IR-5.24944046054444E-01 impC 1.00953450341100E-02 mP 5.54871041063005E-03 year-5.48601554518334E-06 sumLPAP 1.29809696191975E+00 harm
KEEPDBG accept 12 cc 6.71373330155308E-01 sumModel-2.10524072720628E+02 sumForcing 8.67017105334558E+00 sumM-2.12749561687062E-01 trend-5.39482217245150E-02 aero 0.00000000000000E+00 level-2.61664130242082E+03 k0 1.63722318330355E+06 init-9.64859509885501E-01 IR-5.57973469349607E-01 impC 1.32242254192262E-02 mP 6.78998830593233E-03 year-5.48601554518334E-06 sumLPAP 1.29809696191975E+00 harm
KEEPDBG accept 4 cc 6.71129015578634E-01 sumModel-2.27834186513245E+02 sumForcing 2.40452378286050E+01 sumM 8.97586174171965E-02 trend-5.85898256930680E-02 aero 0.00000000000000E+00 level 4.72774782356819E+03 k0 2.59323385163927E+05 init-8.85106458781776E-01 IR-5.20756115218998E-01 impC 1.09098824382405E-02 mP 6.95777028018036E-03 year-5.48601554518334E-06 sumLPAP 1.29809696191975E+00 harm
KEEPDBG accept 13 cc 6.35701596338497E-01 sumModel-2.19771530608644E+02 sumForcing 3.80922811032388E+01 sumM 4.44425107234817E-02 trend-4.44046140157663E-02 aero 0.00000000000000E+00 level 2.62027302517501E+04 k0-7.23494349646831E+05 init-1.70563353553361E+00 IR-5.24944046054444E-01 impC 1.00953450341100E-02 mP 5.54871041063005E-03 year-5.48601554518334E-06 sumLPAP 1.29809696191975E+00 harm
KEEPDBG accept 10 cc 7.06868144703469E-01 sumModel-2.70978425777645E+02 sumForcing-5.45139533804516E+03 sumM-2.24550984347527E-02 trend-6.64701245971356E-02 aero 0.00000000000000E+00 level 2.74379476588674E+01 k0-2.62791179994244E+01 init-2.78946283396666E+00 IR-3.46004973747471E-01 impC 3.07548893782092E-02 mP 8.23381969769505E-03 year-5.48601554518334E-06 sumLPAP 1.29809696191975E+00 harm
KEEPDBG accept 4 cc 6.71129454432950E-01 sumModel-2.27833494132762E+02 sumForcing 2.40452378286050E+01 sumM 1.01532855999575E-01 trend-5.85899614891352E-02 aero 0.00000000000000E+00 level 2.63686950392956E+03 k0 1.41879258219904E+05 init-8.85106458781776E-01 IR-5.20756115218998E-01 impC 1.09098824382405E-02 mP 6.95777028018036E-03 year-5.48601554518334E-06 sumLPAP 1.29809696191975E+00 harm
KEEPDBG accept 12 cc 6.71534548376855E-01 sumModel-2.11071794116278E+02 sumForcing 8.66102506491254E+00 sumM-2.12749561687062E-01 trend-5.44013089362832E-02 aero 0.00000000000000E+00 level-2.47955444464084E+03 k0 1.57837412799767E+06 init-9.64859509885501E-01 IR-5.57973469349607E-01 impC 1.32242254192262E-02 mP 6.78998830593233E-03 year-5.48601554518334E-06 sumLPAP 1.29809696191975E+00 harm
KEEPDBG accept 13 cc 6.35703339813685E-01 sumModel-2.19772596258581E+02 sumForcing 3.80922811032388E+01 sumM 4.97118176517080E-02 trend-4.44044908777210E-02 aero 0.00000000000000E+00 level 5.34705076525588E+04 k0-1.47897077425906E+06 init-1.70563353553361E+00 IR-5.24944046054444E-01 impC 1.00953450341100E-02 mP 5.54871041063005E-03 year-5.48601554518334E-06 sumLPAP 1.29809696191975E+00 harm
KEEPDBG accept 3 cc 7.01092009876504E-01 sumModel-3.14216911395954E+02 sumForcing-5.26424397585634E+02 sumM 8.13984524368684E-02 trend-8.79780405819799E-02 aero 0.00000000000000E+00 level 4.80553658916383E+02 k0-5.69537735403643E+02 init-3.43501789861501E-01 IR-1.80816442030152E-01 impC-6.14445956700375E-05 mP 8.78270465700828E-03 year-5.48601554518334E-06 sumLPAP 1.29809696191975E+00 harm
KEEPDBG accept 8 cc 6.91990011218598E-01 sumModel-3.10513581770272E+02 sumForcing-1.26518862370619E+02 sumM 7.76467305270875E-02 trend-1.14344283025093E-01 aero 0.00000000000000E+00 level-1.31156365459722E+05 k0-3.51924636757607E+06 init 5.25157931212768E-01 IR-1.24852011282560E-02 impC 1.14289265402254E-01 mP 8.15387158318122E-03 year-5.48601554518334E-06 sumLPAP 1.29809696191975E+00 harm
KEEPDBG accept 10 cc 7.06879921063423E-01 sumModel-2.70930297187391E+02 sumForcing-5.45339730131748E+03 sumM-2.24550984347527E-02 trend-6.63882509359346E-02 aero 0.00000000000000E+00 level 2.70175280056928E+01 k0-2.63044806615341E+01 init-2.78946283396666E+00 IR-3.46004973747471E-01 impC 3.07548893782092E-02 mP 8.25832853769824E-03 year-5.48601554518334E-06 sumLPAP 1.29809696191975E+00 harm
KEEPDBG accept 5 cc 7.05166692764275E-01 sumModel-3.06428596134821E+02 sumForcing 2.37102077421761E+03 sumM-1.99859409082185E-01 trend-9.74634247399288E-02 aero 0.00000000000000E+00 level 1.84908260775215E+02 k0 9.43451309037536E-01 init-1.34346971489198E+00 IR-2.23901149201252E-01 impC 5.44881596031443E-02 mP 6.04127464223786E-03 year-5.48601554518334E-06 sumLPAP 1.29809696191975E+00 harm
KEEPDBG accept 8 cc 6.92208974871234E-01 sumModel-3.09610372519292E+02 sumForcing-1.25289874521849E+02 sumM 7.76467305270875E-02 trend-1.12682636545167E-01 aero 0.00000000000000E+00 level-1.23850846383237E+05 k0-3.44119310882736E+06 init 5.25157931212768E-01 IR-1.24852011282560E-02 impC 1.14289265402254E-01 mP 8.15387158318122E-03 year-5.48601554518334E-06 sumLPAP 1.29809696191975E+00 harm
KEEPDBG accept 3 cc 7.01106632179553E-01 sumModel-3.14230472855007E+02 sumForcing-5.26867930910726E+02 sumM 8.13984524368684E-02 trend-8.81174940183738E-02 aero 0.00000000000000E+00 level 4.80067587758679E+02 k0-5.67228682961943E+02 init-2.40154262650623E-01 IR-1.80816442030152E-01 impC-6.14445956700375E-05 mP 8.78270465700828E-03 year-5.48601554518334E-06 sumLPAP 1.29809696191975E+00 harm
KEEPDBG accept 10 cc 7.06890522361104E-01 sumModel-2.71502603321288E+02 sumForcing-5.45339730131748E+03 sumM-2.24550984347527E-02 trend-6.65951836373412E-02 aero 0.00000000000000E+00 level 2.75407181605105E+01 k0-2.62154234681645E+01 init-2.78946283396666E+00 IR-3.43668199487400E-01 impC 3.07548893782092E-02 mP 8.25832853769824E-03 year-5.48601554518334E-06 sumLPAP 1.29809696191975E+00 harm
KEEPDBG accept 3 cc 7.01106920765277E-01 sumModel-3.14226786223525E+02 sumForcing-5.26226170580734E+02 sumM 8.13984524368684E-02 trend-8.79748379089613E-02 aero 0.00000000000000E+00 level 4.80680774679699E+02 k0-5.69709651122549E+02 init-3.41562538357337E-01 IR-1.80816442030152E-01 impC-6.14445956700375E-05 mP 8.78270465700828E-03 year-5.48601554518334E-06 sumLPAP 1.29809696191975E+00 harm
KEEPDBG accept 3 cc 7.01106948954080E-01 sumModel-3.14219935280858E+02 sumForcing-5.26226170580734E+02 sumM 8.13984524368684E-02 trend-8.79748379089613E-02 aero 0.00000000000000E+00 level 4.80680774679699E+02 k0-5.69709651122549E+02 init-3.41562538357337E-01 IR-1.80816442030152E-01 impC-2.05422533464271E-05 mP 8.78270465700828E-03 year-5.48601554518334E-06 sumLPAP 1.29809696191975E+00 harm
KEEPDBG accept 13 cc 6.35704643399568E-01 sumModel-2.19764036161801E+02 sumForcing 3.80922811032388E+01 sumM 4.80349028285200E-02 trend-4.44044671615221E-02 aero 0.00000000000000E+00 level 4.14005146301074E+04 k0-1.14460791569861E+06 init-1.70563353553361E+00 IR-5.24944046054444E-01 impC 1.00953450341100E-02 mP 5.54871041063005E-03 year-5.48601554518334E-06 sumLPAP 1.29809696191975E+00 harm
KEEPDBG accept 2 cc 6.98575013828195E-01 sumModel-2.92689168037552E+02 sumForcing 1.05612741893865E+03 sumM 1.14057922616253E-04 trend-8.18442863845849E-02 aero 0.00000000000000E+00 level 3.07770128512484E+02 k0-5.11553640731827E+01 init 7.32890917954592E+00 IR-2.62510596405335E-01 impC 3.96468937392133E-02 mP 7.58500540105489E-03 year-5.48601554518334E-06 sumLPAP 1.29809696191975E+00 harm
KEEPDBG accept 10 cc 7.07116655659194E-01 sumModel-2.70628634250689E+02 sumForcing-5.49215283030237E+03 sumM-2.24550984347527E-02 trend-6.49393304532009E-02 aero 0.00000000000000E+00 level 1.73539638668151E+01 k0-2.72745728048956E+01 init-2.78946283396666E+00 IR-3.43668199487400E-01 impC 3.07548893782092E-02 mP 8.25832853769824E-03 year-5.48601554518334E-06 sumLPAP 1.29809696191975E+00 harm
KEEPDBG accept 15 cc 6.97398056312953E-01 sumModel-3.45045760385131E+02 sumForcing 5.52815206319580E+01 sumM 8.07122786196681E-02 trend-1.07044583618482E-01 aero 0.00000000000000E+00 level 1.23199568685465E+06 k0-3.69283431182686E+07 init-1.20943372265101E+00 IR-2.24928761631738E-01 impC 3.02551418208381E-02 mP 3.83482313185464E-03 year-5.48601554518334E-06 sumLPAP 1.29809696191975E+00 harm
KEEPDBG accept 11 cc 7.06996279090173E-01 sumModel-2.17566634394451E+02 sumForcing 2.18574612466223E+01 sumM 5.10178383270472E-02 trend-3.09500989860920E-02 aero 0.00000000000000E+00 level-1.25441390676345E+05 k0 2.83219192546010E+08 init-3.63672578970327E+00 IR-3.22885467732547E-01 impC 3.81325492293198E-03 mP 3.91041784507409E-03 year-5.48601554518334E-06 sumLPAP 1.29809696191975E+00 harm
KEEPDBG accept 10 cc 7.07116656214172E-01 sumModel-2.70628658735645E+02 sumForcing-5.49215203803381E+03 sumM-2.24550984347527E-02 trend-6.49393686744101E-02 aero 0.00000000000000E+00 level 1.73541715242114E+01 k0-2.72745556362368E+01 init-2.78946283396666E+00 IR-3.43668199487400E-01 impC 3.07548893782092E-02 mP 8.25831804205841E-03 year-5.48601554518334E-06 sumLPAP 1.29809696191975E+00 harm
KEEPDBG accept 8 cc 6.92322089907681E-01 sumModel-3.09113360633368E+02 sumForcing-9.72158785414468E+01 sumM 7.76467305270875E-02 trend-1.11637140422814E-01 aero 0.00000000000000E+00 level-1.94748993333465E+05 k0-7.09236639597301E+06 init 5.25157931212768E-01 IR-1.24852011282560E-02 impC 1.14289265402254E-01 mP 8.15387158318122E-03 year-5.48601554518334E-06 sumLPAP 1.29809696191975E+00 harm
KEEPDBG accept 11 cc 7.06996390292388E-01 sumModel-2.17552290393449E+02 sumForcing 2.18574612466223E+01 sumM 5.10178383270472E-02 trend-3.09444491057404E-02 aero 0.00000000000000E+00 level-1.25450441243373E+05 k0 2.83205704799128E+08 init-3.63672578970327E+00 IR-3.22945391226672E-01 impC 3.81325492293198E-03 mP 3.91041784507409E-03 year-5.48601554518334E-06 sumLPAP 1.29809696191975E+00 harm
KEEPDBG accept 2 cc 6.98579027644554E-01 sumModel-2.92683657155107E+02 sumForcing 1.05639953475454E+03 sumM 1.14057922616253E-04 trend-8.18370670542405E-02 aero 0.00000000000000E+00 level 3.07737550908374E+02 k0-5.10199937919441E+01 init 7.32890917954592E+00 IR-2.62510596405335E-01 impC 3.96468937392133E-02 mP 7.58500540105489E-03 year-5.48601554518334E-06 sumLPAP 1.29809696191975E+00 harm
KEEPDBG accept 1 cc 6.77543666997870E-01 sumModel-1.51290593083691E+02 sumForcing 3.32082379606196E+00 sumM 1.32267835204489E-02 trend-3.78065066449997E-02 aero 0.00000000000000E+00 level 9.01280598368353E+04 k0 6.54311568817374E+07 init 4.45261015043224E-02 IR-6.83304829363379E-01 impC 1.84756251113240E-02 mP 5.55162949887788E-03 year-5.48601554518334E-06 sumLPAP 1.29809696191975E+00 harm
KEEPDBG accept 13 cc 6.36192417306064E-01 sumModel-2.19921123689881E+02 sumForcing 3.79451807794049E+01 sumM 4.80349028285200E-02 trend-4.45828516137051E-02 aero 0.00000000000000E+00 level 4.13848323206187E+04 k0-1.14843418749840E+06 init-1.70563353553361E+00 IR-5.24944046054444E-01 impC 1.00953450341100E-02 mP 5.54871041063005E-03 year-5.48601554518334E-06 sumLPAP 1.29809696191975E+00 harm
KEEPDBG accept 10 cc 7.07116656217669E-01 sumModel-2.70628656234223E+02 sumForcing-5.49215203803381E+03 sumM-2.24550984347527E-02 trend-6.49393686744101E-02 aero 0.00000000000000E+00 level 1.73541715242114E+01 k0-2.72745556362368E+01 init-2.78946283396666E+00 IR-3.43668199487400E-01 impC 3.07549025119850E-02 mP 8.25831804205841E-03 year-5.48601554518334E-06 sumLPAP 1.29809696191975E+00 harm
KEEPDBG accept 10 cc 7.07116656251964E-01 sumModel-2.70628655804165E+02 sumForcing-5.49215274319996E+03 sumM-2.24550945844593E-02 trend-6.49393680009668E-02 aero 0.00000000000000E+00 level 1.73540063468769E+01 k0-2.72745938798117E+01 init-2.78946283396666E+00 IR-3.43668199487400E-01 impC 3.07549025119850E-02 mP 8.25831804205841E-03 year-5.48601554518334E-06 sumLPAP 1.29809696191975E+00 harm
KEEPDBG accept 9 cc 7.06550561135576E-01 sumModel-2.16934901624566E+02 sumForcing 2.82244980898398E+02 sumM-1.07131697348266E-02 trend-2.70328442043042E-02 aero 0.00000000000000E+00 level-2.31146143901562E+05 k0 1.42078880884676E+06 init-1.44037193891780E+00 IR-5.05525096259366E-01 impC-7.57477930280962E-03 mP 6.44312422892765E-03 year-5.48601554518334E-06 sumLPAP 1.29809696191975E+00 harm
KEEPDBG accept 10 cc 7.07116656254828E-01 sumModel-2.70628655421315E+02 sumForcing-5.49213477765387E+03 sumM-2.24550945844593E-02 trend-6.49393674609004E-02 aero 0.00000000000000E+00 level 1.73532885521891E+01 k0-2.72748673609124E+01 init-2.78946283396666E+00 IR-3.43668199487400E-01 impC 3.07549025119850E-02 mP 8.25831804205841E-03 year-5.48601554518334E-06 sumLPAP 1.29809696191975E+00 harm
KEEPDBG accept 7 cc 6.67913844214287E-01 sumModel-2.14110386208248E+02 sumForcing 3.33674106823533E+01 sumM 5.35799110015648E-02 trend-5.18401241421276E-02 aero 0.00000000000000E+00 level-2.06683447649530E+05 k0 2.58885872427176E+07 init-2.41736538412828E+00 IR-5.61727777492654E-01 impC 6.10240079493851E-03 mP 7.40337748974203E-03 year-5.48601554518334E-06 sumLPAP 1.29809696191975E+00 harm
KEEPDBG accept 11 cc 7.06996391503344E-01 sumModel-2.17551904830497E+02 sumForcing 2.18574612466223E+01 sumM 5.10178383270472E-02 trend-3.09444491057404E-02 aero 0.00000000000000E+00 level-1.25450441243373E+05 k0 2.83205704799128E+08 init-3.63672578970327E+00 IR-3.22945391226672E-01 impC 3.81531087161333E-03 mP 3.91041784507409E-03 year-5.48601554518334E-06 sumLPAP 1.29809696191975E+00 harm
KEEPDBG accept 9 cc 7.06601516836848E-01 sumModel-2.17942487818055E+02 sumForcing 2.80139350506212E+02 sumM-1.03468693065607E-02 trend-2.88789058791333E-02 aero 0.00000000000000E+00 level-2.03225645147929E+05 k0 1.25636431244815E+06 init-1.44037193891780E+00 IR-5.05525096259366E-01 impC-7.57477930280962E-03 mP 6.44312422892765E-03 year-5.48601554518334E-06 sumLPAP 1.29809696191975E+00 harm
KEEPDBG accept 15 cc 6.97398427635783E-01 sumModel-3.44882093479105E+02 sumForcing 5.52815206319580E+01 sumM 8.07122786196681E-02 trend-1.07044583618482E-01 aero 0.00000000000000E+00 level 1.23199568685465E+06 k0-3.69283431182686E+07 init-1.20943372265101E+00 IR-2.24928761631738E-01 impC 3.11972996543887E-02 mP 3.83482313185464E-03 year-5.48601554518334E-06 sumLPAP 1.29809696191975E+00 harm
KEEPDBG accept 5 cc 7.05251604264324E-01 sumModel-3.05902544629898E+02 sumForcing 2.51605489828867E+03 sumM-2.02165740226717E-01 trend-9.73578435724063E-02 aero 0.00000000000000E+00 level 1.82028950524792E+02 k0 2.90054194439218E+00 init-1.34346971489198E+00 IR-2.23901149201252E-01 impC 5.44881596031443E-02 mP 6.04127464223786E-03 year-5.48601554518334E-06 sumLPAP 1.29809696191975E+00 harm
KEEPDBG accept 8 cc 6.92377566164177E-01 sumModel-3.09146808282213E+02 sumForcing-9.71298970129864E+01 sumM 7.76467305270875E-02 trend-1.11637129740732E-01 aero 0.00000000000000E+00 level-1.94547343596717E+05 k0-7.08926960393151E+06 init 5.25157931212768E-01 IR-1.24852011282560E-02 impC 1.14289265402254E-01 mP 8.15387158318122E-03 year-5.48601554518334E-06 sumLPAP 1.29809696191975E+00 harm
KEEPDBG accept 10 cc 7.07116656260978E-01 sumModel-2.70628655514317E+02 sumForcing-5.49213477767837E+03 sumM-2.24550945844593E-02 trend-6.49393674853984E-02 aero 0.00000000000000E+00 level 1.73532880363723E+01 k0-2.72748675884453E+01 init-2.78946283396666E+00 IR-3.43668199487400E-01 impC 3.07549025119850E-02 mP 8.25831804205841E-03 year-5.48601554518334E-06 sumLPAP 1.29809696191975E+00 harm
KEEPDBG accept 5 cc 7.05251615955234E-01 sumModel-3.05902535144340E+02 sumForcing 2.51605501247291E+03 sumM-2.02165740226717E-01 trend-9.73578209446861E-02 aero 0.00000000000000E+00 level 1.82028903357928E+02 k0 2.90054487881048E+00 init-1.34346971489198E+00 IR-2.23901149201252E-01 impC 5.44881596031443E-02 mP 6.04127464223786E-03 year-5.48601554518334E-06 sumLPAP 1.29809696191975E+00 harm
KEEPDBG accept 10 cc 7.07116666620555E-01 sumModel-2.70628613511717E+02 sumForcing-5.49213652552990E+03 sumM-2.24550945844593E-02 trend-6.49392873874096E-02 aero 0.00000000000000E+00 level 1.73528186739710E+01 k0-2.72749100720036E+01 init-2.78946283396666E+00 IR-3.43668199487400E-01 impC 3.07549025119850E-02 mP 8.25831804205841E-03 year-5.48601554518334E-06 sumLPAP 1.29809696191975E+00 harm
KEEPDBG accept 10 cc 7.07116666656304E-01 sumModel-2.70628613636822E+02 sumForcing-5.49213643289027E+03 sumM-2.24550945844593E-02 trend-6.49392889099996E-02 aero 0.00000000000000E+00 level 1.73528111774759E+01 k0-2.72749173383377E+01 init-2.78946283396666E+00 IR-3.43668199487400E-01 impC 3.07549025119850E-02 mP 8.25831804205841E-03 year-5.48601554518334E-06 sumLPAP 1.29809696191975E+00 harm
KEEPDBG accept 6 cc 6.89597137723432E-01 sumModel-1.74219462832897E+02 sumForcing 2.79333174348408E+03 sumM-8.18385196482448E-01 trend-4.72351481176623E-02 aero 0.00000000000000E+00 level 9.00081951167271E+01 k0-1.29795418095976E-01 init-2.74173428301469E+00 IR-5.86397960463655E-01 impC 1.54223996317789E-02 mP 5.55517765113865E-03 year-5.48601554518334E-06 sumLPAP 1.29809696191975E+00 harm
KEEPDBG accept 9 cc 7.06810413409451E-01 sumModel-2.12386456524458E+02 sumForcing 2.84850532751431E+02 sumM-1.03468693065607E-02 trend-2.42043604967547E-02 aero 0.00000000000000E+00 level-2.62504042865515E+05 k0 1.58866500126815E+06 init-1.44037193891780E+00 IR-5.05525096259366E-01 impC-7.57477930280962E-03 mP 7.30475077816237E-03 year-5.48601554518334E-06 sumLPAP 1.29809696191975E+00 harm
KEEPDBG accept 5 cc 7.05251670662352E-01 sumModel-3.05262518601350E+02 sumForcing 2.51605501247291E+03 sumM-2.02165740226717E-01 trend-9.73578209446861E-02 aero 0.00000000000000E+00 level 1.82028903357928E+02 k0 2.90054487881048E+00 init-1.34346971489198E+00 IR-2.23901149201252E-01 impC 5.81755267416767E-02 mP 6.04127464223786E-03 year-5.48601554518334E-06 sumLPAP 1.29809696191975E+00 harm
KEEPDBG accept 9 cc 7.07006106346334E-01 sumModel-2.12435440522221E+02 sumForcing 2.61241442403777E+02 sumM-1.03468693065607E-02 trend-2.43750434033096E-02 aero 0.00000000000000E+00 level-3.05060504853229E+05 k0 2.00556156710328E+06 init-1.44037193891780E+00 IR-5.05525096259366E-01 impC-7.57477930280962E-03 mP 7.30475077816237E-03 year-5.48601554518334E-06 sumLPAP 1.29809696191975E+00 harm
KEEPDBG accept 10 cc 7.07116666658671E-01 sumModel-2.70628613626284E+02 sumForcing-5.49213643289027E+03 sumM-2.24550821694614E-02 trend-6.49392888750847E-02 aero 0.00000000000000E+00 level 1.73527280120164E+01 k0-2.72749387456653E+01 init-2.78946283396666E+00 IR-3.43668199487400E-01 impC 3.07549025119850E-02 mP 8.25831804205841E-03 year-5.48601554518334E-06 sumLPAP 1.29809696191975E+00 harm
KEEPDBG accept 10 cc 7.07116666664748E-01 sumModel-2.70628600617862E+02 sumForcing-5.49213591897962E+03 sumM-2.24550821694614E-02 trend-6.49392622491131E-02 aero 0.00000000000000E+00 level 1.73527748469499E+01 k0-2.72749113002195E+01 init-2.78946283396666E+00 IR-3.43668199487400E-01 impC 3.07549025119850E-02 mP 8.25831804205841E-03 year-5.48601554518334E-06 sumLPAP 1.29809696191975E+00 harm
KEEPDBG accept 9 cc 7.07032560420373E-01 sumModel-2.12348399289108E+02 sumForcing 2.61232214803434E+02 sumM-1.03468693065607E-02 trend-2.41500704685289E-02 aero 0.00000000000000E+00 level-3.02868563595705E+05 k0 1.98552880745165E+06 init-1.44037193891780E+00 IR-5.05525096259366E-01 impC-7.57477930280962E-03 mP 7.30475077816237E-03 year-5.48601554518334E-06 sumLPAP 1.29809696191975E+00 harm
KEEPDBG accept 10 cc 7.07116666666657E-01 sumModel-2.70628599252473E+02 sumForcing-5.49213591897962E+03 sumM-2.24550821694614E-02 trend-6.49392622491131E-02 aero 0.00000000000000E+00 level 1.73527748469499E+01 k0-2.72749113002195E+01 init-2.78946283396666E+00 IR-3.43668199487400E-01 impC 3.07549096809922E-02 mP 8.25831804205841E-03 year-5.48601554518334E-06 sumLPAP 1.29809696191975E+00 harm
KEEPDBG accept 13 cc 6.36210133012790E-01 sumModel-2.19927718394937E+02 sumForcing 3.79451807794049E+01 sumM 4.89441522114726E-02 trend-4.45817376761743E-02 aero 0.00000000000000E+00 level 4.73568251688423E+04 k0-1.31581849486932E+06 init-1.70563353553361E+00 IR-5.24944046054444E-01 impC 1.00953450341100E-02 mP 5.54871041063005E-03 year-5.48601554518334E-06 sumLPAP 1.29809696191975E+00 harm
KEEPDBG accept 2 cc 6.98598979540042E-01 sumModel-2.92663950034791E+02 sumForcing 7.92001744889351E+02 sumM 1.14057922616253E-04 trend-8.17995591755809E-02 aero 0.00000000000000E+00 level 4.26629357851949E+02 k0-1.21016212252141E+02 init 7.32890917954592E+00 IR-2.62510596405335E-01 impC 3.96468937392133E-02 mP 7.58500540105489E-03 year-5.48601554518334E-06 sumLPAP 1.29809696191975E+00 harm
KEEPDBG accept 5 cc 7.05278363216431E-01 sumModel-3.05215532630412E+02 sumForcing 2.51605501247291E+03 sumM-1.86582067221985E-01 trend-9.73370315130922E-02 aero 0.00000000000000E+00 level 1.81156090509857E+02 k0 3.53630671926046E+00 init-1.34346971489198E+00 IR-2.23901149201252E-01 impC 5.81755267416767E-02 mP 6.04127464223786E-03 year-5.48601554518334E-06 sumLPAP 1.29809696191975E+00 harm
KEEPDBG accept 12 cc 6.71534595949579E-01 sumModel-2.11294323595363E+02 sumForcing 8.66102506491254E+00 sumM-2.12749561687062E-01 trend-5.44013089362832E-02 aero 0.00000000000000E+00 level-2.47955444464084E+03 k0 1.57837412799767E+06 init-9.64859509885501E-01 IR-5.57973469349607E-01 impC 1.22228878705089E-02 mP 6.78998830593233E-03 year-5.48601554518334E-06 sumLPAP 1.29809696191975E+00 harm
KEEPDBG accept 2 cc 6.98603773156040E-01 sumModel-2.92657505520535E+02 sumForcing 7.92240776357888E+02 sumM 1.14057922616253E-04 trend-8.17911257465590E-02 aero 0.00000000000000E+00 level 4.26573934638161E+02 k0-1.20640993381380E+02 init 7.32890917954592E+00 IR-2.62510596405335E-01 impC 3.96468937392133E-02 mP 7.58500540105489E-03 year-5.48601554518334E-06 sumLPAP 1.29809696191975E+00 harm
KEEPDBG accept 8 cc 6.92433233445073E-01 sumModel-3.09253186884781E+02 sumForcing-9.69965409838761E+01 sumM 7.76467305270875E-02 trend-1.11745421074091E-01 aero 0.00000000000000E+00 level-1.93115695200729E+05 k0-7.04812416426099E+06 init 5.25157931212768E-01 IR-1.24852011282560E-02 impC 1.14289265402254E-01 mP 8.15387158318122E-03 year-5.48601554518334E-06 sumLPAP 1.29809696191975E+00 harm
KEEPDBG accept 10 cc 7.07116778765796E-01 sumModel-2.70628304932347E+02 sumForcing-5.49214260399917E+03 sumM-2.24551991719485E-02 trend-6.49387425883171E-02 aero 0.00000000000000E+00 level 1.73498064572350E+01 k0-2.72753138227985E+01 init-2.78946283396666E+00 IR-3.43668199487400E-01 impC 3.07549096809922E-02 mP 8.25831804205841E-03 year-5.48601554518334E-06 sumLPAP 1.29809696191975E+00 harm
KEEPDBG accept 15 cc 6.97407799531336E-01 sumModel-3.21666763762193E+02 sumForcing 5.51592761220110E+01 sumM 8.07122786196681E-02 trend-1.06660617002519E-01 aero 0.00000000000000E+00 level 1.08824608475977E+06 k0-3.05656051192521E+07 init-1.08916258146645E+00 IR-2.24928761631738E-01 impC 3.11972996543887E-02 mP 3.83482313185464E-03 year-5.48601554518334E-06 sumLPAP 1.29809696191975E+00 harm
KEEPDBG accept 5 cc 7.05280868677190E-01 sumModel-3.05556361553026E+02 sumForcing 2.41776647686788E+03 sumM-1.85004460157324E-01 trend-9.74105935991027E-02 aero 0.00000000000000E+00 level 1.83639024974921E+02 k0 1.86485919408467E+00 init-1.34346971489198E+00 IR-2.23901149201252E-01 impC 5.81755267416767E-02 mP 6.04127464223786E-03 year-5.48601554518334E-06 sumLPAP 1.29809696191975E+00 harm
KEEPDBG accept 2 cc 6.98603977733119E-01 sumModel-2.92474237523627E+02 sumForcing 7.92240776357888E+02 sumM 1.14057922616253E-04 trend-8.17911257465590E-02 aero 0.00000000000000E+00 level 4.26573934638161E+02 k0-1.20640993381380E+02 init 7.32890917954592E+00 IR-2.62510596405335E-01 impC 4.06706572602618E-02 mP 7.58500540105489E-03 year-5.48601554518334E-06 sumLPAP 1.29809696191975E+00 harm
KEEPDBG accept 13 cc 6.36624727968734E-01 sumModel-2.20339510795538E+02 sumForcing 3.75982653857157E+01 sumM 4.89441522114726E-02 trend-4.51156999988540E-02 aero 0.00000000000000E+00 level 4.71463154638762E+04 k0-1.31109026379410E+06 init-1.70563353553361E+00 IR-5.24944046054444E-01 impC 1.00953450341100E-02 mP 5.54871041063005E-03 year-5.48601554518334E-06 sumLPAP 1.29809696191975E+00 harm
KEEPDBG accept 9 cc 7.07083888172326E-01 sumModel-2.14219392880217E+02 sumForcing 2.60030840746577E+02 sumM-1.03468693065607E-02 trend-2.57952857424436E-02 aero 0.00000000000000E+00 level-2.91997296317236E+05 k0 1.94252705671005E+06 init-1.44037193891780E+00 IR-5.05525096259366E-01 impC-7.57477930280962E-03 mP 7.05182635348325E-03 year-5.48601554518334E-06 sumLPAP 1.29809696191975E+00 harm
KEEPDBG accept 4 cc 6.71137086069987E-01 sumModel-2.28030744808636E+02 sumForcing 2.14797574943888E+01 sumM 1.01532855999575E-01 trend-5.87663339762888E-02 aero 0.00000000000000E+00 level 3.25676091265002E+03 k0 1.96568954699798E+05 init-8.85106458781776E-01 IR-5.20756115218998E-01 impC 1.09098824382405E-02 mP 6.95777028018036E-03 year-5.48601554518334E-06 sumLPAP 1.29809696191975E+00 harm
KEEPDBG accept 13 cc 6.47523207736088E-01 sumModel-2.33635304708601E+02 sumForcing 2.70140026054030E+00 sumM 3.42671981583452E-03 trend-5.60088226169353E-02 aero 0.00000000000000E+00 level 5.00926782304687E+04 k0-1.76736307971341E+06 init-1.70563353553361E+00 IR-5.24944046054444E-01 impC 1.00953450341100E-02 mP 5.54871041063005E-03 year-5.48601554518334E-06 sumLPAP 1.29809696191975E+00 harm
KEEPDBG accept 13 cc 6.47676880899163E-01 sumModel-2.33679491377722E+02 sumForcing 2.82364909777119E+00 sumM 3.42671981583452E-03 trend-5.61311959676015E-02 aero 0.00000000000000E+00 level 5.01760522135782E+04 k0-1.75364139608770E+06 init-1.70563353553361E+00 IR-5.24944046054444E-01 impC 1.00953450341100E-02 mP 5.54871041063005E-03 year-5.48601554518334E-06 sumLPAP 1.29809696191975E+00 harm
KEEPDBG accept 2 cc 6.98628134017421E-01 sumModel-2.92448584270873E+02 sumForcing 7.90229055042859E+02 sumM 1.14057922616253E-04 trend-8.17372201009197E-02 aero 0.00000000000000E+00 level 4.26980543408418E+02 k0-1.22162859450624E+02 init 7.32890917954592E+00 IR-2.62510596405335E-01 impC 4.06706572602618E-02 mP 7.58500540105489E-03 year-5.48601554518334E-06 sumLPAP 1.29809696191975E+00 harm
KEEPDBG accept 5 cc 7.05286628980357E-01 sumModel-3.05550324214884E+02 sumForcing 2.40522122945467E+03 sumM-1.85004460157324E-01 trend-9.74082519318801E-02 aero 0.00000000000000E+00 level 1.83570891239780E+02 k0 1.92666606392125E+00 init-1.34346971489198E+00 IR-2.23901149201252E-01 impC 5.81755267416767E-02 mP 6.04127464223786E-03 year-5.48601554518334E-06 sumLPAP 1.29809696191975E+00 harm
KEEPDBG accept 9 cc 7.07127258713746E-01 sumModel-2.14127489593440E+02 sumForcing 2.60080783463883E+02 sumM-1.03468693065607E-02 trend-2.58497345253973E-02 aero 0.00000000000000E+00 level-2.91481544699042E+05 k0 1.93832617288912E+06 init-1.44037193891780E+00 IR-5.05525096259366E-01 impC-7.57477930280962E-03 mP 7.05182635348325E-03 year-5.48601554518334E-06 sumLPAP 1.29809696191975E+00 harm
KEEPDBG accept 4 cc 6.71687223108990E-01 sumModel-2.26359423123354E+02 sumForcing 2.24414123916582E+01 sumM 1.01532855999575E-01 trend-5.84635821035802E-02 aero 0.00000000000000E+00 level 3.12051862605610E+03 k0 2.60703120122990E+05 init-8.85106458781776E-01 IR-5.20756115218998E-01 impC 1.09098824382405E-02 mP 6.95777028018036E-03 year-5.48601554518334E-06 sumLPAP 1.29809696191975E+00 harm
KEEPDBG accept 16 cc 6.68687424733069E-01 sumModel-2.11990680622841E+02 sumForcing-7.50877056980149E+01 sumM 5.06490638431339E-02 trend-5.42799292876295E-02 aero 0.00000000000000E+00 level-1.11721353180612E+02 k0-5.89140812089180E+05 init-1.14486227768174E+00 IR-5.62239419470909E-01 impC 8.84528331618808E-03 mP 6.82345000013191E-03 year-5.48601554518334E-06 sumLPAP 1.29809696191975E+00 harm
KEEPDBG accept 8 cc 6.92533729179878E-01 sumModel-3.09289397969725E+02 sumForcing-1.00129626840883E+02 sumM 7.80717465254336E-02 trend-1.11774081113284E-01 aero 0.00000000000000E+00 level-2.37111088983768E+05 k0-7.84268335579500E+06 init 5.25157931212768E-01 IR-1.24852011282560E-02 impC 1.14289265402254E-01 mP 8.15387158318122E-03 year-5.48601554518334E-06 sumLPAP 1.29809696191975E+00 harm
KEEPDBG accept 3 cc 7.01187254681306E-01 sumModel-3.14289846331525E+02 sumForcing-5.25630050288354E+02 sumM 8.13984524368684E-02 trend-8.81003971082035E-02 aero 0.00000000000000E+00 level 4.80844440781969E+02 k0-5.67947935668880E+02 init-2.27869333612345E-01 IR-1.80816442030152E-01 impC-2.05422533464271E-05 mP 8.78270465700828E-03 year-5.48601554518334E-06 sumLPAP 1.29809696191975E+00 harm
KEEPDBG accept 9 cc 7.07190873259487E-01 sumModel-2.13821218342770E+02 sumForcing 2.60080783515182E+02 sumM-1.03468693065607E-02 trend-2.57191869170332E-02 aero 0.00000000000000E+00 level-2.88731410548450E+05 k0 1.91473075630182E+06 init-1.44037193891780E+00 IR-5.05525096259366E-01 impC-7.57477930280962E-03 mP 7.05182635348325E-03 year-5.48601554518334E-06 sumLPAP 1.29809696191975E+00 harm
KEEPDBG accept 8 cc 6.92754817800531E-01 sumModel-3.07925852620893E+02 sumForcing-9.86435447021797E+01 sumM 7.80717465254336E-02 trend-1.09222302168592E-01 aero 0.00000000000000E+00 level-2.16430277888040E+05 k0-7.54047042600634E+06 init 5.25157931212768E-01 IR-1.24852011282560E-02 impC 1.14289265402254E-01 mP 8.15387158318122E-03 year-5.48601554518334E-06 sumLPAP 1.29809696191975E+00 harm
KEEPDBG accept 10 cc 7.07116778778848E-01 sumModel-2.70628303681570E+02 sumForcing-5.49207180863059E+03 sumM-2.24551991719485E-02 trend-6.49387404735956E-02 aero 0.00000000000000E+00 level 1.73469775677127E+01 k0-2.72763916546111E+01 init-2.78946283396666E+00 IR-3.43668199487400E-01 impC 3.07549096809922E-02 mP 8.25831804205841E-03 year-5.48601554518334E-06 sumLPAP 1.29809696191975E+00 harm
KEEPDBG accept 6 cc 6.90803007487373E-01 sumModel-1.14375681210623E+02 sumForcing 2.79333174348408E+03 sumM-8.18385196482448E-01 trend-3.20540982173775E-02 aero 0.00000000000000E+00 level 6.10687355389947E+01 k0-8.67500888891791E-02 init-2.74173428301469E+00 IR-7.16787045044129E-01 impC 1.54223996317789E-02 mP 5.55517765113865E-03 year-5.48601554518334E-06 sumLPAP 1.29809696191975E+00 harm
KEEPDBG accept 3 cc 7.01192472617293E-01 sumModel-3.14290362994223E+02 sumForcing-5.25630050288354E+02 sumM 7.67991565475029E-02 trend-8.80991114658098E-02 aero 0.00000000000000E+00 level 7.92286315024881E+02 k0-1.13330862404927E+03 init-2.27869333612345E-01 IR-1.80816442030152E-01 impC-2.05422533464271E-05 mP 8.78270465700828E-03 year-5.48601554518334E-06 sumLPAP 1.29809696191975E+00 harm
KEEPDBG accept 9 cc 7.07197765815380E-01 sumModel-2.14123239386859E+02 sumForcing 2.60080777875941E+02 sumM-1.03468693065607E-02 trend-2.56951610885595E-02 aero 0.00000000000000E+00 level-2.88291477919383E+05 k0 1.91086738660419E+06 init-1.44037118963424E+00 IR-5.05525096259366E-01 impC-7.57477930280962E-03 mP 7.05182635348325E-03 year-5.48601554518334E-06 sumLPAP 1.29809696191975E+00 harm
KEEPDBG accept 2 cc 6.98666527393929E-01 sumModel-2.92402182768687E+02 sumForcing 7.86646526083927E+02 sumM 1.14057922616253E-04 trend-8.16396512721306E-02 aero 0.00000000000000E+00 level 4.27693563645292E+02 k0-1.24840995055369E+02 init 7.32890917954592E+00 IR-2.62510596405335E-01 impC 4.06706572602618E-02 mP 7.58500540105489E-03 year-5.48601554518334E-06 sumLPAP 1.29809696191975E+00 harm
KEEPDBG accept 9 cc 7.07255551397327E-01 sumModel-2.13885397763554E+02 sumForcing 2.60080785635724E+02 sumM-1.03468693065607E-02 trend-2.55655255790674E-02 aero 0.00000000000000E+00 level-2.85554597514940E+05 k0 1.88739331548545E+06 init-1.44037118963424E+00 IR-5.05525096259366E-01 impC-7.57477930280962E-03 mP 7.05182635348325E-03 year-5.48601554518334E-06 sumLPAP 1.29809696191975E+00 harm
KEEPDBG accept 12 cc 6.71536450496789E-01 sumModel-2.11462113833940E+02 sumForcing 8.64595756493087E+00 sumM-2.12749561687062E-01 trend-5.44388077084371E-02 aero 0.00000000000000E+00 level-2.42661844555437E+03 k0 1.55251736949937E+06 init-9.64859509885501E-01 IR-5.57973469349607E-01 impC 1.22228878705089E-02 mP 6.78998830593233E-03 year-5.48601554518334E-06 sumLPAP 1.29809696191975E+00 harm
KEEPDBG accept 5 cc 7.05483479107387E-01 sumModel-3.05283914068163E+02 sumForcing 1.72464999494882E+03 sumM-1.85004460157324E-01 trend-9.72848317075832E-02 aero 0.00000000000000E+00 level 1.77529096724950E+02 k0 9.31910710645706E+00 init-1.34346971489198E+00 IR-2.23901149201252E-01 impC 5.81755267416767E-02 mP 6.04127464223786E-03 year-5.48601554518334E-06 sumLPAP 1.29809696191975E+00 harm
KEEPDBG accept 11 cc 7.07128438240441E-01 sumModel-2.17324235514892E+02 sumForcing 2.17645209889889E+01 sumM 5.10178383270472E-02 trend-1.74242279021158E-02 aero 0.00000000000000E+00 level-3.01766933996166E+05 k0 3.44219527600050E+08 init-3.63672578970327E+00 IR-3.22945391226672E-01 impC 3.81531087161333E-03 mP 3.87480400565299E-03 year-5.48601554518334E-06 sumLPAP 1.29809696191975E+00 harm
KEEPDBG accept 12 cc 6.71670014873024E-01 sumModel-2.11812988390763E+02 sumForcing 8.59771084416271E+00 sumM-2.12749561687062E-01 trend-5.45409848213211E-02 aero 0.00000000000000E+00 level-2.31672302690327E+03 k0 1.51082728174054E+06 init-9.64859509885501E-01 IR-5.57973469349607E-01 impC 1.22228878705089E-02 mP 6.78998830593233E-03 year-5.48601554518334E-06 sumLPAP 1.29809696191975E+00 harm
KEEPDBG accept 2 cc 6.98733511266148E-01 sumModel-2.91669271354948E+02 sumForcing 7.73455953573465E+02 sumM 1.14057922616253E-04 trend-8.07197738207087E-02 aero 0.00000000000000E+00 level 4.26557759603973E+02 k0-1.17618429290108E+02 init 7.32890917954592E+00 IR-2.62510596405335E-01 impC 4.06706572602618E-02 mP 7.58500540105489E-03 year-5.48601554518334E-06 sumLPAP 1.29809696191975E+00 harm
KEEPDBG accept 13 cc 6.61149746537837E-01 sumModel-2.31829824452179E+02 sumForcing-3.54975219816830E+00 sumM 3.42671981583452E-03 trend-5.30826850513063E-02 aero 0.00000000000000E+00 level 4.65160528861574E+04 k0-2.44663151463434E+06 init-1.70563353553361E+00 IR-5.24944046054444E-01 impC 1.00953450341100E-02 mP 5.54871041063005E-03 year-5.48601554518334E-06 sumLPAP 1.29809696191975E+00 harm
KEEPDBG accept 8 cc 6.92799850167779E-01 sumModel-3.07792963857005E+02 sumForcing-9.82878304605382E+01 sumM 7.80717465254336E-02 trend-1.08834846434129E-01 aero 0.00000000000000E+00 level-2.13101228099669E+05 k0-7.49370964762282E+06 init 5.69067860973462E-01 IR-1.24852011282560E-02 impC 1.14289265402254E-01 mP 8.15387158318122E-03 year-5.48601554518334E-06 sumLPAP 1.29809696191975E+00 harm
KEEPDBG accept 2 cc 6.98737349036517E-01 sumModel-2.91662051356733E+02 sumForcing 7.73678052747730E+02 sumM 1.14057922616253E-04 trend-8.07102260327288E-02 aero 0.00000000000000E+00 level 4.26507261399270E+02 k0-1.17249268757035E+02 init 7.32890917954592E+00 IR-2.62510596405335E-01 impC 4.06706572602618E-02 mP 7.58500540105489E-03 year-5.48601554518334E-06 sumLPAP 1.29809696191975E+00 harm
KEEPDBG accept 12 cc 6.71670761056357E-01 sumModel-2.11789709590995E+02 sumForcing 8.75315172690764E+00 sumM-2.12749561687062E-01 trend-5.45232052925050E-02 aero 0.00000000000000E+00 level-2.23777939967087E+03 k0 1.43451872705121E+06 init-9.64859509885501E-01 IR-5.57973469349607E-01 impC 1.22228878705089E-02 mP 6.78998830593233E-03 year-5.48601554518334E-06 sumLPAP 1.29809696191975E+00 harm
KEEPDBG accept 5 cc 7.06906198912828E-01 sumModel-3.03902507342608E+02 sumForcing 1.68677567266820E+03 sumM-1.85004460157324E-01 trend-9.15931493135516E-02 aero 0.00000000000000E+00 level 1.70319121109867E+02 k0 5.08838807650124E+00 init-1.34346971489198E+00 IR-2.23901149201252E-01 impC 5.81755267416767E-02 mP 6.04127464223786E-03 year-5.48601554518334E-06 sumLPAP 1.29809696191975E+00 harm
KEEPDBG accept 5 cc 7.07504631217927E-01 sumModel-3.03110753157772E+02 sumForcing 1.68791745805906E+03 sumM-1.85004460157324E-01 trend-9.08577117741101E-02 aero 0.00000000000000E+00 level 1.68749657648687E+02 k0 5.29857355471609E+00 init-1.34346971489198E+00 IR-2.23901149201252E-01 impC 5.81755267416767E-02 mP 6.04127464223786E-03 year-5.48601554518334E-06 sumLPAP 1.29809696191975E+00 harm
KEEPDBG accept 8 cc 6.92803522452198E-01 sumModel-3.08207453879365E+02 sumForcing-9.81469518475213E+01 sumM 7.80717465254336E-02 trend-1.09155057623898E-01 aero 0.00000000000000E+00 level-2.09612656111171E+05 k0-7.38967297665124E+06 init 5.69067860973462E-01 IR-1.24852011282560E-02 impC 1.14289265402254E-01 mP 8.15387158318122E-03 year-5.48601554518334E-06 sumLPAP 1.29809696191975E+00 harm
KEEPDBG accept 5 cc 7.07504687995601E-01 sumModel-3.03110665575943E+02 sumForcing 1.68791761428767E+03 sumM-1.85004460157324E-01 trend-9.08576452470130E-02 aero 0.00000000000000E+00 level 1.68749514795409E+02 k0 5.29859293831801E+00 init-1.34346971489198E+00 IR-2.23901149201252E-01 impC 5.81755267416767E-02 mP 6.04128008219703E-03 year-5.48601554518334E-06 sumLPAP 1.29809696191975E+00 harm
KEEPDBG accept 5 cc 7.07504688860734E-01 sumModel-3.03110664753511E+02 sumForcing 1.68791761428767E+03 sumM-1.85004156862628E-01 trend-9.08576451627818E-02 aero 0.00000000000000E+00 level 1.68749499470130E+02 k0 5.29861009258292E+00 init-1.34346971489198E+00 IR-2.23901149201252E-01 impC 5.81755267416767E-02 mP 6.04128008219703E-03 year-5.48601554518334E-06 sumLPAP 1.29809696191975E+00 harm
KEEPDBG accept 3 cc 7.01192473010779E-01 sumModel-3.14290366186197E+02 sumForcing-5.25630050308372E+02 sumM 7.67991565475029E-02 trend-8.80991106131433E-02 aero 0.00000000000000E+00 level 7.92286271187936E+02 k0-1.13330911528282E+03 init-2.27869333612345E-01 IR-1.80816442030152E-01 impC-2.05422533464271E-05 mP 8.78270465700828E-03 year-5.48601554518334E-06 sumLPAP 1.29809696191975E+00 harm
KEEPDBG accept 10 cc 7.07116789413508E-01 sumModel-2.70628269163440E+02 sumForcing-5.49207194869673E+03 sumM-2.24551991719485E-02 trend-6.49386705365040E-02 aero 0.00000000000000E+00 level 1.73468014911345E+01 k0-2.72763846738050E+01 init-2.78946283396666E+00 IR-3.43668199487400E-01 impC 3.07549096809922E-02 mP 8.25831804205841E-03 year-5.48601554518334E-06 sumLPAP 1.29809696191975E+00 harm
KEEPDBG accept 11 cc 7.07128536038638E-01 sumModel-2.17299328325568E+02 sumForcing 2.17645209889889E+01 sumM 5.10178383270472E-02 trend-1.74242279021158E-02 aero 0.00000000000000E+00 level-3.01766933996166E+05 k0 3.44219527600050E+08 init-3.63672578970327E+00 IR-3.22945391226672E-01 impC 3.94812421023172E-03 mP 3.87480400565299E-03 year-5.48601554518334E-06 sumLPAP 1.29809696191975E+00 harm
KEEPDBG accept 13 cc 6.61299829921197E-01 sumModel-2.31818651379470E+02 sumForcing-3.68720620609470E+00 sumM 3.42671981583452E-03 trend-5.30261409883338E-02 aero 0.00000000000000E+00 level 4.64309865615969E+04 k0-2.45822517928910E+06 init-1.70563353553361E+00 IR-5.24944046054444E-01 impC 1.00953450341100E-02 mP 5.54871041063005E-03 year-5.48601554518334E-06 sumLPAP 1.29809696191975E+00 harm
KEEPDBG accept 1 cc 6.77603701419709E-01 sumModel-1.49638986392307E+02 sumForcing 3.01659364294145E+00 sumM 1.32267835204489E-02 trend-3.78819698558002E-02 aero 0.00000000000000E+00 level 1.09880111366568E+05 k0 8.60450285962484E+07 init 4.45261015043224E-02 IR-6.83304829363379E-01 impC 1.84756251113240E-02 mP 5.55162949887788E-03 year-5.48601554518334E-06 sumLPAP 1.29809696191975E+00 harm
KEEPDBG accept 13 cc 6.61326154789388E-01 sumModel-2.31802951624410E+02 sumForcing-3.69748795812189E+00 sumM 3.42671981583452E-03 trend-5.30066844736459E-02 aero 0.00000000000000E+00 level 4.64084026240989E+04 k0-2.46193483683132E+06 init-1.70563353553361E+00 IR-5.24944046054444E-01 impC 1.00953450341100E-02 mP 5.54871041063005E-03 year-5.48601554518334E-06 sumLPAP 1.29809696191975E+00 harm
KEEPDBG accept 3 cc 7.01194379985259E-01 sumModel-3.14270553604437E+02 sumForcing-5.26064396579298E+02 sumM 7.67991565475029E-02 trend-8.81327469374494E-02 aero 0.00000000000000E+00 level 7.91604561767970E+02 k0-1.13252648674043E+03 init-1.96598647715922E-01 IR-1.80816442030152E-01 impC-2.05422533464271E-05 mP 8.78270465700828E-03 year-5.48601554518334E-06 sumLPAP 1.29809696191975E+00 harm
KEEPDBG accept 10 cc 7.07117264344658E-01 sumModel-2.70658033090783E+02 sumForcing-5.49111351139775E+03 sumM-2.24551991719485E-02 trend-6.49849031193062E-02 aero 0.00000000000000E+00 level 1.75972096485679E+01 k0-2.72558894859471E+01 init-2.78946283396666E+00 IR-3.43668199487400E-01 impC 3.07549096809922E-02 mP 8.24562607352804E-03 year-5.48601554518334E-06 sumLPAP 1.29809696191975E+00 harm
KEEPDBG accept 15 cc 6.97605647710878E-01 sumModel-3.16727457439283E+02 sumForcing 5.51592761220110E+01 sumM 8.08829329588644E-02 trend-1.07598034976076E-01 aero 0.00000000000000E+00 level 1.70555338447272E+06 k0-5.62512889590267E+07 init-1.08916258146645E+00 IR-2.24928761631738E-01 impC 3.11972996543887E-02 mP 3.83482313185464E-03 year-5.48601554518334E-06 sumLPAP 1.29809696191975E+00 harm
KEEPDBG accept 8 cc 6.92821428294542E-01 sumModel-3.07926895103747E+02 sumForcing-9.75905386999553E+01 sumM 7.80717465254336E-02 trend-1.08965770846361E-01 aero 0.00000000000000E+00 level-2.02673941278726E+05 k0-7.26170255919297E+06 init 5.69067860973462E-01 IR-1.24852011282560E-02 impC 1.14289265402254E-01 mP 8.15387158318122E-03 year-5.48601554518334E-06 sumLPAP 1.29809696191975E+00 harm
KEEPDBG accept 7 cc 6.68028914039666E-01 sumModel-2.13730414838784E+02 sumForcing 3.32514141051992E+01 sumM 5.35799110015648E-02 trend-5.24324305630393E-02 aero 0.00000000000000E+00 level-2.16876431251438E+05 k0 2.64694201613803E+07 init-2.41736538412828E+00 IR-5.61727777492654E-01 impC 6.10240079493851E-03 mP 7.40337748974203E-03 year-5.48601554518334E-06 sumLPAP 1.29809696191975E+00 harm
KEEPDBG accept 15 cc 6.97703808699956E-01 sumModel-3.03557463501560E+02 sumForcing 5.51592761220110E+01 sumM 8.36409124214636E-02 trend-1.06800456323487E-01 aero 0.00000000000000E+00 level 8.61768405362405E+05 k0-2.54497889737760E+07 init-1.08916258146645E+00 IR-2.24928761631738E-01 impC 3.11972996543887E-02 mP 3.83482313185464E-03 year-5.48601554518334E-06 sumLPAP 1.29809696191975E+00 harm
KEEPDBG accept 5 cc 7.07504826602842E-01 sumModel-3.03110452283197E+02 sumForcing 1.68791799329991E+03 sumM-1.85004156862628E-01 trend-9.08574837681555E-02 aero 0.00000000000000E+00 level 1.68749152906678E+02 k0 5.29865711935529E+00 init-1.34346971489198E+00 IR-2.23901149201252E-01 impC 5.81755267416767E-02 mP 6.04129327961586E-03 year-5.48601554518334E-06 sumLPAP 1.29809696191975E+00 harm
KEEPDBG accept 14 cc 6.80932839279990E-01 sumModel-2.05291248165718E+02 sumForcing 2.99029419964251E+00 sumM-5.12360814833631E-02 trend-5.45196440847637E-02 aero 0.00000000000000E+00 level 4.95397490421163E+05 k0-5.56217552328587E+07 init-4.75670870719691E-02 IR-5.66564087140193E-01 impC 4.97599582254036E-04 mP 6.49952431795575E-03 year-5.48601554518334E-06 sumLPAP 1.29809696191975E+00 harm
KEEPDBG accept 13 cc 6.62086967217080E-01 sumModel-2.31662959204468E+02 sumForcing-4.47941921051402E+00 sumM 3.42671981583452E-03 trend-5.26086635734789E-02 aero 0.00000000000000E+00 level 4.59057285708529E+04 k0-2.53793986969441E+06 init-1.70563353553361E+00 IR-5.24944046054444E-01 impC 1.00953450341100E-02 mP 5.54871041063005E-03 year-5.48601554518334E-06 sumLPAP 1.29809696191975E+00 harm
KEEPDBG accept 10 cc 7.07117476696650E-01 sumModel-2.70655356920828E+02 sumForcing-5.49553237097932E+03 sumM-2.24310719484618E-02 trend-6.49805620568739E-02 aero 0.00000000000000E+00 level 1.65592524026894E+01 k0-2.74958899086578E+01 init-2.78946283396666E+00 IR-3.43668199487400E-01 impC 3.07549096809922E-02 mP 8.24562607352804E-03 year-5.48601554518334E-06 sumLPAP 1.29809696191975E+00 harm
KEEPDBG accept 3 cc 7.01194389886696E-01 sumModel-3.14268139384901E+02 sumForcing-5.26064396579298E+02 sumM 7.67991565475029E-02 trend-8.81327469374494E-02 aero 0.00000000000000E+00 level 7.91604561767970E+02 k0-1.13252648674043E+03 init-1.96598647715922E-01 IR-1.80816442030152E-01 impC-6.12858230143580E-06 mP 8.78270465700828E-03 year-5.48601554518334E-06 sumLPAP 1.29809696191975E+00 harm
KEEPDBG accept 5 cc 7.07504841518017E-01 sumModel-3.03110430389527E+02 sumForcing 1.68791830334006E+03 sumM-1.85004156862628E-01 trend-9.08574561342561E-02 aero 0.00000000000000E+00 level 1.68749090080270E+02 k0 5.29866743672829E+00 init-1.34346971489198E+00 IR-2.23901149201252E-01 impC 5.81755267416767E-02 mP 6.04129327961586E-03 year-5.48601554518334E-06 sumLPAP 1.29809696191975E+00 harm
KEEPDBG accept 10 cc 7.07117581234165E-01 sumModel-2.70674900564735E+02 sumForcing-5.49490490902015E+03 sumM-2.24310719484618E-02 trend-6.50108865421965E-02 aero 0.00000000000000E+00 level 1.67242675068322E+01 k0-2.74823637814067E+01 init-2.78946283396666E+00 IR-3.43668199487400E-01 impC 3.07549096809922E-02 mP 8.23729487907908E-03 year-5.48601554518334E-06 sumLPAP 1.29809696191975E+00 harm
KEEPDBG accept 13 cc 6.64152152826493E-01 sumModel-2.31122296719328E+02 sumForcing-2.20750646980609E+00 sumM 3.42671981583452E-03 trend-5.31655813657592E-02 aero 0.00000000000000E+00 level 4.66635976821379E+04 k0-2.42060834606223E+06 init-1.70563353553361E+00 IR-5.24944046054444E-01 impC 1.00953450341100E-02 mP 5.54871041063005E-03 year-5.48601554518334E-06 sumLPAP 1.29809696191975E+00 harm
KEEPDBG accept 5 cc 7.07504845812495E-01 sumModel-3.03110434399850E+02 sumForcing 1.68791853031445E+03 sumM-1.85004204123144E-01 trend-9.08574485613453E-02 aero 0.00000000000000E+00 level 1.68749073132557E+02 k0 5.29866927593750E+00 init-1.34346971489198E+00 IR-2.23901149201252E-01 impC 5.81755267416767E-02 mP 6.04129327961586E-03 year-5.48601554518334E-06 sumLPAP 1.29809696191975E+00 harm
KEEPDBG accept 13 cc 6.64153777099495E-01 sumModel-2.30416790689593E+02 sumForcing-2.20750646980609E+00 sumM 3.42671981583452E-03 trend-5.31655813657592E-02 aero 0.00000000000000E+00 level 4.66635976821379E+04 k0-2.42060834606223E+06 init-1.70563353553361E+00 IR-5.24944046054444E-01 impC 1.33613179384010E-02 mP 5.54871041063005E-03 year-5.48601554518334E-06 sumLPAP 1.29809696191975E+00 harm
KEEPDBG accept 10 cc 7.07117594251212E-01 sumModel-2.70674858977378E+02 sumForcing-5.49490507787097E+03 sumM-2.24310719484618E-02 trend-6.50108025870274E-02 aero 0.00000000000000E+00 level 1.67240566891020E+01 k0-2.74823550158725E+01 init-2.78946283396666E+00 IR-3.43668199487400E-01 impC 3.07549096809922E-02 mP 8.23729487907908E-03 year-5.48601554518334E-06 sumLPAP 1.29809696191975E+00 harm
KEEPDBG accept 3 cc 7.01195641516050E-01 sumModel-3.14268272572114E+02 sumForcing-4.59045916115572E+02 sumM 7.67991565475029E-02 trend-8.81324404511843E-02 aero 0.00000000000000E+00 level 9.87260686155529E+02 k0-1.70510186107079E+03 init-1.96598647715922E-01 IR-1.80816442030152E-01 impC-6.12858230143580E-06 mP 8.78270465700828E-03 year-5.48601554518334E-06 sumLPAP 1.29809696191975E+00 harm
KEEPDBG accept 13 cc 6.71357516680659E-01 sumModel-2.32071477446858E+02 sumForcing 2.44704831083598E+00 sumM 3.42671981583452E-03 trend-5.83853257206099E-02 aero 0.00000000000000E+00 level 4.92660262423141E+04 k0-1.96739060452179E+06 init-1.70563353553361E+00 IR-5.24944046054444E-01 impC 1.33613179384010E-02 mP 5.54871041063005E-03 year-5.48601554518334E-06 sumLPAP 1.29809696191975E+00 harm
KEEPDBG accept 15 cc 6.97800007757425E-01 sumModel-3.19221689747195E+02 sumForcing 5.76901099816642E+01 sumM 8.36409124214636E-02 trend-1.07104981887778E-01 aero 0.00000000000000E+00 level 8.69588015409890E+05 k0-2.53173870514874E+07 init-1.08916258146645E+00 IR-2.24928761631738E-01 impC 3.11972996543887E-02 mP 3.83482313185464E-03 year-5.48601554518334E-06 sumLPAP 1.29809696191975E+00 harm
KEEPDBG accept 3 cc 7.01196026339253E-01 sumModel-3.14268306017068E+02 sumForcing-4.36396193177223E+02 sumM 7.67991565475029E-02 trend-8.81323453902426E-02 aero 0.00000000000000E+00 level 1.07460416709182E+03 k0-1.98482948180305E+03 init-1.96598647715922E-01 IR-1.80816442030152E-01 impC-6.12858230143580E-06 mP 8.78270465700828E-03 year-5.48601554518334E-06 sumLPAP 1.29809696191975E+00 harm
KEEPDBG accept 5 cc 7.07504845815781E-01 sumModel-3.03110445810184E+02 sumForcing 1.68791853031445E+03 sumM-1.85004204123144E-01 trend-9.08574485613453E-02 aero 0.00000000000000E+00 level 1.68749073132557E+02 k0 5.29866927593750E+00 init-1.34346971489198E+00 IR-2.23901149201252E-01 impC 5.81754610026103E-02 mP 6.04129327961586E-03 year-5.48601554518334E-06 sumLPAP 1.29809696191975E+00 harm
KEEPDBG accept 5 cc 7.07504865154923E-01 sumModel-3.03110417417674E+02 sumForcing 1.68791893231560E+03 sumM-1.85004204123144E-01 trend-9.08574127317430E-02 aero 0.00000000000000E+00 level 1.68748991672037E+02 k0 5.29868265449613E+00 init-1.34346971489198E+00 IR-2.23901149201252E-01 impC 5.81754610026103E-02 mP 6.04129327961586E-03 year-5.48601554518334E-06 sumLPAP 1.29809696191975E+00 harm
KEEPDBG accept 9 cc 7.07255562303571E-01 sumModel-2.13883723959721E+02 sumForcing 2.60080785635724E+02 sumM-1.03468693065607E-02 trend-2.55655255790674E-02 aero 0.00000000000000E+00 level-2.85554597514940E+05 k0 1.88739331548545E+06 init-1.44037118963424E+00 IR-5.05525096259366E-01 impC-7.56693134998339E-03 mP 7.05182635348325E-03 year-5.48601554518334E-06 sumLPAP 1.29809696191975E+00 harm
KEEPDBG accept 9 cc 7.07275715249008E-01 sumModel-2.14309763342602E+02 sumForcing 2.60186741282805E+02 sumM-1.03468693065607E-02 trend-2.57324822076873E-02 aero 0.00000000000000E+00 level-2.86248946640221E+05 k0 1.89289859701642E+06 init-1.44037118963424E+00 IR-5.05525096259366E-01 impC-7.56693134998339E-03 mP 7.05182635348325E-03 year-5.48601554518334E-06 sumLPAP 1.29809696191975E+00 harm
KEEPDBG accept 8 cc 6.92835983707723E-01 sumModel-3.08097335032177E+02 sumForcing-9.75263869227050E+01 sumM 7.80717465254336E-02 trend-1.08824912586629E-01 aero 0.00000000000000E+00 level-2.00369083951428E+05 k0-7.20474645368336E+06 init 5.69067860973462E-01 IR-1.24852011282560E-02 impC 1.14289265402254E-01 mP 8.15387158318122E-03 year-5.48601554518334E-06 sumLPAP 1.29809696191975E+00 harm
KEEPDBG accept 5 cc 7.07504866153244E-01 sumModel-3.03110416466395E+02 sumForcing 1.68791708096028E+03 sumM-1.85004204123144E-01 trend-9.08574126337593E-02 aero 0.00000000000000E+00 level 1.68748973985181E+02 k0 5.29870826218917E+00 init-1.34346971489198E+00 IR-2.23901149201252E-01 impC 5.81754610026103E-02 mP 6.04129327961586E-03 year-5.48601554518334E-06 sumLPAP 1.29809696191975E+00 harm
KEEPDBG accept 8 cc 6.92860312969159E-01 sumModel-3.06104800639844E+02 sumForcing-6.33935938934092E+01 sumM 7.80717465254336E-02 trend-1.05117454081248E-01 aero 0.00000000000000E+00 level-3.94984622465219E+05 k0-2.31813342810716E+07 init 5.69067860973462E-01 IR-1.24852011282560E-02 impC 1.14289265402254E-01 mP 8.15387158318122E-03 year-5.48601554518334E-06 sumLPAP 1.29809696191975E+00 harm
KEEPDBG accept 9 cc 7.07499766431764E-01 sumModel-2.17490348014616E+02 sumForcing 2.54116520584707E+02 sumM-1.03468693065607E-02 trend-3.05028457082887E-02 aero 0.00000000000000E+00 level-2.21613562832184E+05 k0 1.52272712489054E+06 init-1.44037118963424E+00 IR-5.05525096259366E-01 impC-7.56693134998339E-03 mP 7.05182635348325E-03 year-5.48601554518334E-06 sumLPAP 1.29809696191975E+00 harm
KEEPDBG accept 14 cc 6.81667076821077E-01 sumModel-1.67531754510342E+02 sumForcing 2.99029419964251E+00 sumM-5.12360814833631E-02 trend-4.46682281756311E-02 aero 0.00000000000000E+00 level 4.01518098368077E+05 k0-4.53264501403628E+07 init-4.75670870719691E-02 IR-6.52739587933862E-01 impC 4.97599582254036E-04 mP 6.49952431795575E-03 year-5.48601554518334E-06 sumLPAP 1.29809696191975E+00 harm
KEEPDBG accept 5 cc 7.07504866195628E-01 sumModel-3.03110416023434E+02 sumForcing 1.68791708024697E+03 sumM-1.85004204123144E-01 trend-9.08574119644001E-02 aero 0.00000000000000E+00 level 1.68748972708620E+02 k0 5.29870826464554E+00 init-1.34346971489198E+00 IR-2.23901149201252E-01 impC 5.81754610026103E-02 mP 6.04129327961586E-03 year-5.48601554518334E-06 sumLPAP 1.29809696191975E+00 harm
KEEPDBG accept 11 cc 7.07157918082957E-01 sumModel-2.19065277618486E+02 sumForcing 2.17645209889889E+01 sumM 5.10178383270472E-02 trend-1.80361974959992E-02 aero 0.00000000000000E+00 level-3.01409351283478E+05 k0 3.46201081060390E+08 init-3.63672578970327E+00 IR-3.15615049731098E-01 impC 3.94812421023172E-03 mP 3.87480400565299E-03 year-5.48601554518334E-06 sumLPAP 1.29809696191975E+00 harm
KEEPDBG accept 5 cc 7.07504867566376E-01 sumModel-3.03110414717945E+02 sumForcing 1.68791453836395E+03 sumM-1.85004204123144E-01 trend-9.08574118301510E-02 aero 0.00000000000000E+00 level 1.68748948425104E+02 k0 5.29874342406741E+00 init-1.34346971489198E+00 IR-2.23901149201252E-01 impC 5.81754610026103E-02 mP 6.04129327961586E-03 year-5.48601554518334E-06 sumLPAP 1.29809696191975E+00 harm
KEEPDBG accept 3 cc 7.01204001189926E-01 sumModel-3.16371095048714E+02 sumForcing-4.36396193177223E+02 sumM 7.67991565475029E-02 trend-8.97519240865490E-02 aero 0.00000000000000E+00 level 1.09785505960044E+03 k0-2.05123588704762E+03 init-1.96598647715922E-01 IR-1.63182091762768E-01 impC-6.12858230143580E-06 mP 8.78270465700828E-03 year-5.48601554518334E-06 sumLPAP 1.29809696191975E+00 harm
KEEPDBG accept 8 cc 6.92895080980298E-01 sumModel-3.06871155258718E+02 sumForcing-6.38627887165309E+01 sumM 7.80717465254336E-02 trend-1.06181015201071E-01 aero 0.00000000000000E+00 level-4.16539117063583E+05 k0-2.37568675356433E+07 init 5.69067860973462E-01 IR-1.24852011282560E-02 impC 1.14289265402254E-01 mP 8.15387158318122E-03 year-5.48601554518334E-06 sumLPAP 1.29809696191975E+00 harm
KEEPDBG accept 13 cc 6.74873225663125E-01 sumModel-2.31266192056126E+02 sumForcing 1.98316812047630E-02 sumM 3.42671981583452E-03 trend-5.67923668012240E-02 aero 0.00000000000000E+00 level 4.82781529389328E+04 k0-2.28426530152496E+06 init-1.70563353553361E+00 IR-5.24944046054444E-01 impC 1.33613179384010E-02 mP 5.54871041063005E-03 year-5.48601554518334E-06 sumLPAP 1.29809696191975E+00 harm
KEEPDBG accept 2 cc 6.98782522084285E-01 sumModel-2.85038579732925E+02 sumForcing 7.73678052747730E+02 sumM 1.14057922616253E-04 trend-7.71608576560729E-02 aero 0.00000000000000E+00 level 4.09271229962831E+02 k0-1.15595114768488E+02 init 7.32890917954592E+00 IR-2.94716376277053E-01 impC 4.06706572602618E-02 mP 7.58500540105489E-03 year-5.48601554518334E-06 sumLPAP 1.29809696191975E+00 harm
KEEPDBG accept 5 cc 7.07504870632262E-01 sumModel-3.03110407038373E+02 sumForcing 1.68791638337610E+03 sumM-1.85004242848160E-01 trend-9.08574121877466E-02 aero 0.00000000000000E+00 level 1.68748888197925E+02 k0 5.29880313018074E+00 init-1.34346971489198E+00 IR-2.23901149201252E-01 impC 5.81754610026103E-02 mP 6.04129327961586E-03 year-5.48601554518334E-06 sumLPAP 1.29809696191975E+00 harm
KEEPDBG accept 13 cc 6.74874960361133E-01 sumModel-2.31251350824685E+02 sumForcing 4.29351321084125E-02 sumM 3.42671981583452E-03 trend-5.67779279759600E-02 aero 0.00000000000000E+00 level 4.83055954824787E+04 k0-2.28414051071171E+06 init-1.70563353553361E+00 IR-5.24944046054444E-01 impC 1.33613179384010E-02 mP 5.54871041063005E-03 year-5.48601554518334E-06 sumLPAP 1.29809696191975E+00 harm
KEEPDBG accept 10 cc 7.07366037138685E-01 sumModel-2.70009178394093E+02 sumForcing-5.50980299803268E+03 sumM-2.26942059796221E-02 trend-6.38314740512694E-02 aero 0.00000000000000E+00 level 9.78730144241012E+00 k0-2.84570260363202E+01 init-2.78946283396666E+00 IR-3.43668199487400E-01 impC 3.07549096809922E-02 mP 8.23729487907908E-03 year-5.48601554518334E-06 sumLPAP 1.29809696191975E+00 harm
KEEPDBG accept 6 cc 6.90804030549260E-01 sumModel-1.13468624947329E+02 sumForcing 2.79333174348408E+03 sumM-8.18385196482448E-01 trend-3.20540982173775E-02 aero 0.00000000000000E+00 level 6.10687355389947E+01 k0-8.67500888891791E-02 init-2.74173428301469E+00 IR-7.16787045044129E-01 impC 1.91279406440806E-02 mP 5.55517765113865E-03 year-5.48601554518334E-06 sumLPAP 1.29809696191975E+00 harm
KEEPDBG accept 5 cc 7.07504872225599E-01 sumModel-3.03110404808482E+02 sumForcing 1.68791638655673E+03 sumM-1.85004242848160E-01 trend-9.08574101345303E-02 aero 0.00000000000000E+00 level 1.68748883812518E+02 k0 5.29880372075612E+00 init-1.34346971489198E+00 IR-2.23901149201252E-01 impC 5.81754610026103E-02 mP 6.04129327961586E-03 year-5.48601554518334E-06 sumLPAP 1.29809696191975E+00 harm
KEEPDBG accept 10 cc 7.07366044204421E-01 sumModel-2.70009153815707E+02 sumForcing-5.50980309153774E+03 sumM-2.26942059796221E-02 trend-6.38314240890032E-02 aero 0.00000000000000E+00 level 9.78717190762931E+00 k0-2.84570223370372E+01 init-2.78946283396666E+00 IR-3.43668199487400E-01 impC 3.07549096809922E-02 mP 8.23729487907908E-03 year-5.48601554518334E-06 sumLPAP 1.29809696191975E+00 harm
KEEPDBG accept 13 cc 6.76067043964360E-01 sumModel-2.55681373947003E+02 sumForcing 4.29351321084125E-02 sumM 3.42671981583452E-03 trend-6.49681484130329E-02 aero 0.00000000000000E+00 level 5.28960526818914E+04 k0-2.51055857418847E+06 init-1.70563353553361E+00 IR-4.58443041573627E-01 impC 1.33613179384010E-02 mP 5.54871041063005E-03 year-5.48601554518334E-06 sumLPAP 1.29809696191975E+00 harm
KEEPDBG accept 13 cc 6.79913288226161E-01 sumModel-2.56116284839240E+02 sumForcing 1.63691346975611E+01 sumM 5.70480633332429E-03 trend-6.86425634132380E-02 aero 0.00000000000000E+00 level 6.47812688574763E+04 k0-1.98205778631487E+06 init-1.70563353553361E+00 IR-4.58443041573627E-01 impC 1.33613179384010E-02 mP 5.54871041063005E-03 year-5.48601554518334E-06 sumLPAP 1.29809696191975E+00 harm
KEEPDBG accept 11 cc 7.08413197621872E-01 sumModel-2.34219885645475E+02 sumForcing 2.22511890616667E+01 sumM 4.51244194235712E-02 trend-1.36386354246592E-02 aero 0.00000000000000E+00 level-5.19649389875569E+05 k0 3.61676191420294E+08 init-3.63672578970327E+00 IR-3.15615049731098E-01 impC 3.94812421023172E-03 mP 3.87480400565299E-03 year-5.48601554518334E-06 sumLPAP 1.29809696191975E+00 harm
KEEPDBG accept 5 cc 7.07504873703749E-01 sumModel-3.03110403394894E+02 sumForcing 1.68791364568859E+03 sumM-1.85004242848160E-01 trend-9.08574099901065E-02 aero 0.00000000000000E+00 level 1.68748857628044E+02 k0 5.29884163350020E+00 init-1.34346971489198E+00 IR-2.23901149201252E-01 impC 5.81754610026103E-02 mP 6.04129327961586E-03 year-5.48601554518334E-06 sumLPAP 1.29809696191975E+00 harm
KEEPDBG accept 8 cc 6.93411611139086E-01 sumModel-3.01355037704880E+02 sumForcing-8.49608122778994E+01 sumM 8.24176953909507E-02 trend-1.08108972749621E-01 aero 0.00000000000000E+00 level-3.65577807315935E+06 k0-9.77479890246633E+07 init 5.69067860973462E-01 IR-1.24852011282560E-02 impC 1.14289265402254E-01 mP 8.15387158318122E-03 year-5.48601554518334E-06 sumLPAP 1.29809696191975E+00 harm
KEEPDBG accept 5 cc 7.07504902585079E-01 sumModel-3.03110363054147E+02 sumForcing 1.68791370333893E+03 sumM-1.85004242848160E-01 trend-9.08573727781488E-02 aero 0.00000000000000E+00 level 1.68748778144037E+02 k0 5.29885234255919E+00 init-1.34346971489198E+00 IR-2.23901149201252E-01 impC 5.81754610026103E-02 mP 6.04129327961586E-03 year-5.48601554518334E-06 sumLPAP 1.29809696191975E+00 harm
KEEPDBG accept 11 cc 7.08704102956471E-01 sumModel-2.36844240542837E+02 sumForcing 2.22511890616667E+01 sumM 4.51244202430687E-02 trend-2.82458952502824E-02 aero 0.00000000000000E+00 level-3.00640504441126E+05 k0 2.91362569671216E+08 init-3.63672578970327E+00 IR-3.15615049731098E-01 impC 3.94812421023172E-03 mP 3.87480400565299E-03 year-5.48601554518334E-06 sumLPAP 1.29809696191975E+00 harm
KEEPDBG accept 12 cc 6.71670820978539E-01 sumModel-2.11789855559964E+02 sumForcing 8.75315172690764E+00 sumM-2.22634448838558E-01 trend-5.45232399470347E-02 aero 0.00000000000000E+00 level-2.07822002083802E+03 k0 1.33675136160746E+06 init-9.64859509885501E-01 IR-5.57973469349607E-01 impC 1.22228878705089E-02 mP 6.78998830593233E-03 year-5.48601554518334E-06 sumLPAP 1.29809696191975E+00 harm
KEEPDBG accept 11 cc 7.08704102964863E-01 sumModel-2.36844237581831E+02 sumForcing 2.22511890616667E+01 sumM 4.51244202430687E-02 trend-2.82458952502824E-02 aero 0.00000000000000E+00 level-3.00640504441126E+05 k0 2.91362569671216E+08 init-3.63672578970327E+00 IR-3.15615049731098E-01 impC 3.94814008679344E-03 mP 3.87480400565299E-03 year-5.48601554518334E-06 sumLPAP 1.29809696191975E+00 harm
KEEPDBG accept 1 cc 6.77603968852061E-01 sumModel-1.50018540769999E+02 sumForcing 3.01659364294145E+00 sumM 1.32267835204489E-02 trend-3.78819698558002E-02 aero 0.00000000000000E+00 level 1.09880111366568E+05 k0 8.60450285962484E+07 init 4.45261015043224E-02 IR-6.83304829363379E-01 impC 1.68943414922270E-02 mP 5.55162949887788E-03 year-5.48601554518334E-06 sumLPAP 1.29809696191975E+00 harm
KEEPDBG accept 13 cc 6.79916306262588E-01 sumModel-2.57173719151204E+02 sumForcing 1.63473918034399E+01 sumM 4.33316941976247E-03 trend-7.16332823648276E-02 aero 0.00000000000000E+00 level 5.50131087852028E+04 k0-1.41908342861600E+06 init-1.70563353553361E+00 IR-4.58443041573627E-01 impC 1.33613179384010E-02 mP 5.54871041063005E-03 year-5.48601554518334E-06 sumLPAP 1.29809696191975E+00 harm
KEEPDBG accept 8 cc 6.93477468027203E-01 sumModel-3.04038238263094E+02 sumForcing-8.49608122778994E+01 sumM 8.50520070835348E-02 trend-1.02256705809871E-01 aero 0.00000000000000E+00 level-2.90821244297071E+06 k0-7.80133204620666E+07 init 5.69067860973462E-01 IR-1.24852011282560E-02 impC 1.14289265402254E-01 mP 8.15387158318122E-03 year-5.48601554518334E-06 sumLPAP 1.29809696191975E+00 harm
KEEPDBG accept 13 cc 6.80887893910558E-01 sumModel-2.57332758210932E+02 sumForcing 1.72232388349774E+01 sumM 4.33316941976247E-03 trend-7.24146832065365E-02 aero 0.00000000000000E+00 level 5.42941564968134E+04 k0-1.30780507078321E+06 init-1.70563353553361E+00 IR-4.58443041573627E-01 impC 1.33613179384010E-02 mP 5.54871041063005E-03 year-5.48601554518334E-06 sumLPAP 1.29809696191975E+00 harm
KEEPDBG accept 10 cc 7.07660837511207E-01 sumModel-2.69160861231258E+02 sumForcing-5.52810845190481E+03 sumM-2.30237236078609E-02 trend-6.23212169790660E-02 aero 0.00000000000000E+00 level 3.68186039308554E-01 k0-2.98798266858927E+01 init-2.78946283396666E+00 IR-3.43668199487400E-01 impC 3.07549096809922E-02 mP 8.23729487907908E-03 year-5.48601554518334E-06 sumLPAP 1.29809696191975E+00 harm
KEEPDBG accept 4 cc 6.71714197771436E-01 sumModel-2.27121088998384E+02 sumForcing 2.26117840234493E+01 sumM 1.01532855999575E-01 trend-5.91258394239290E-02 aero 0.00000000000000E+00 level 3.02423085011630E+03 k0 2.45733234064513E+05 init-8.85106458781776E-01 IR-5.20756115218998E-01 impC 1.09098824382405E-02 mP 6.95777028018036E-03 year-5.48601554518334E-06 sumLPAP 1.29809696191975E+00 harm
KEEPDBG accept 2 cc 6.98783115590033E-01 sumModel-2.83903741945652E+02 sumForcing 7.73678052747730E+02 sumM 1.14057922616253E-04 trend-7.71608576560729E-02 aero 0.00000000000000E+00 level 4.09271229962831E+02 k0-1.15595114768488E+02 init 7.32890917954592E+00 IR-2.94716376277053E-01 impC 4.68532059856589E-02 mP 7.58500540105489E-03 year-5.48601554518334E-06 sumLPAP 1.29809696191975E+00 harm
KEEPDBG accept 10 cc 7.07695530502066E-01 sumModel-2.69056379011716E+02 sumForcing-5.53103297021543E+03 sumM-2.30237236078609E-02 trend-6.20864722809405E-02 aero 0.00000000000000E+00 level-3.09629097719051E-01 k0-2.97983421857557E+01 init-2.80828224093510E+00 IR-3.43668199487400E-01 impC 3.07549096809922E-02 mP 8.23729487907908E-03 year-5.48601554518334E-06 sumLPAP 1.29809696191975E+00 harm
KEEPDBG accept 5 cc 7.07507432108752E-01 sumModel-3.03106828685161E+02 sumForcing 1.68791875359237E+03 sumM-1.85004242848160E-01 trend-9.08541129460665E-02 aero 0.00000000000000E+00 level 1.68741815162991E+02 k0 5.29979052642268E+00 init-1.34346971489198E+00 IR-2.23901149201252E-01 impC 5.81754610026103E-02 mP 6.04129327961586E-03 year-5.48601554518334E-06 sumLPAP 1.29809696191975E+00 harm
KEEPDBG accept 5 cc 7.07548339802644E-01 sumModel-3.03045972929266E+02 sumForcing 1.68877786048387E+03 sumM-1.85004242848160E-01 trend-9.07774026601456E-02 aero 0.00000000000000E+00 level 1.68567375234530E+02 k0 5.32844673711728E+00 init-1.34346971489198E+00 IR-2.23901149201252E-01 impC 5.81754610026103E-02 mP 6.04129327961586E-03 year-5.48601554518334E-06 sumLPAP 1.29809696191975E+00 harm
KEEPDBG accept 13 cc 6.81602211221279E-01 sumModel-2.57626337076115E+02 sumForcing 2.62760968774410E+01 sumM 5.40199371442718E-03 trend-7.33594275458379E-02 aero 0.00000000000000E+00 level 6.02801800704172E+04 k0-1.14899712113110E+06 init-1.70563353553361E+00 IR-4.58443041573627E-01 impC 1.33613179384010E-02 mP 5.54871041063005E-03 year-5.48601554518334E-06 sumLPAP 1.29809696191975E+00 harm
KEEPDBG accept 13 cc 6.82353315993067E-01 sumModel-2.57087569536720E+02 sumForcing 2.54019267222698E+01 sumM 5.40199371442718E-03 trend-7.25557241116036E-02 aero 0.00000000000000E+00 level 6.19948720271101E+04 k0-1.32825092746927E+06 init-1.58228288675853E+00 IR-4.58443041573627E-01 impC 1.33613179384010E-02 mP 5.54871041063005E-03 year-5.48601554518334E-06 sumLPAP 1.29809696191975E+00 harm
KEEPDBG accept 1 cc 6.77624276480677E-01 sumModel-1.60081584937899E+02 sumForcing 3.01659364294145E+00 sumM 1.32267835204489E-02 trend-4.01674729405937E-02 aero 0.00000000000000E+00 level 1.20018836212782E+05 k0 8.81522341297229E+07 init 4.45261015043224E-02 IR-6.62841529841309E-01 impC 1.68943414922270E-02 mP 5.55162949887788E-03 year-5.48601554518334E-06 sumLPAP 1.29809696191975E+00 harm
KEEPDBG accept 5 cc 7.07548464515880E-01 sumModel-3.03045643341012E+02 sumForcing 1.68885643777876E+03 sumM-1.85005894064737E-01 trend-9.07774178669414E-02 aero 0.00000000000000E+00 level 1.68564794167873E+02 k0 5.33100272194716E+00 init-1.34346971489198E+00 IR-2.23901149201252E-01 impC 5.81754610026103E-02 mP 6.04129327961586E-03 year-5.48601554518334E-06 sumLPAP 1.29809696191975E+00 harm
KEEPDBG accept 10 cc 7.07697941708245E-01 sumModel-2.69070836219373E+02 sumForcing-5.52744692515886E+03 sumM-2.30237236078609E-02 trend-6.21578932008382E-02 aero 0.00000000000000E+00 level-6.41491732851418E-01 k0-3.01167739647621E+01 init-2.80828224093510E+00 IR-3.43668199487400E-01 impC 3.07549096809922E-02 mP 8.23729487907908E-03 year-5.48601554518334E-06 sumLPAP 1.29809696191975E+00 harm
KEEPDBG accept 13 cc 6.83530351939673E-01 sumModel-2.80723474688834E+02 sumForcing 2.54019267222698E+01 sumM 5.40199371442718E-03 trend-8.24074497724222E-02 aero 0.00000000000000E+00 level 6.81687000237508E+04 k0-1.51018364829861E+06 init-1.58228288675853E+00 IR-3.82145877658069E-01 impC 1.33613179384010E-02 mP 5.54871041063005E-03 year-5.48601554518334E-06 sumLPAP 1.29809696191975E+00 harm
KEEPDBG accept 13 cc 6.85217726686988E-01 sumModel-2.82188971572395E+02 sumForcing 3.17126641338402E+01 sumM 5.40199371442718E-03 trend-8.70248989149482E-02 aero 0.00000000000000E+00 level 5.71379680951661E+04 k0-4.50238727090519E+05 init-1.58228288675853E+00 IR-3.82145877658069E-01 impC 1.33613179384010E-02 mP 7.11305217046629E-03 year-5.48601554518334E-06 sumLPAP 1.29809696191975E+00 harm
KEEPDBG accept 5 cc 7.07549003481973E-01 sumModel-3.03045111418576E+02 sumForcing 1.68885643777876E+03 sumM-1.84812303119279E-01 trend-9.07773634651599E-02 aero 0.00000000000000E+00 level 1.68554955593657E+02 k0 5.34200371584586E+00 init-1.34346971489198E+00 IR-2.23901149201252E-01 impC 5.81754610026103E-02 mP 6.04129327961586E-03 year-5.48601554518334E-06 sumLPAP 1.29809696191975E+00 harm
KEEPDBG accept 1 cc 6.77624325618861E-01 sumModel-1.60239329689734E+02 sumForcing 3.01659364294145E+00 sumM 1.32267835204489E-02 trend-4.01674729405937E-02 aero 0.00000000000000E+00 level 1.20018836212782E+05 k0 8.81522341297229E+07 init 4.45261015043224E-02 IR-6.62841529841309E-01 impC 1.62290984704536E-02 mP 5.55162949887788E-03 year-5.48601554518334E-06 sumLPAP 1.29809696191975E+00 harm
KEEPDBG accept 15 cc 6.97800667993717E-01 sumModel-3.18919603794578E+02 sumForcing 5.76901099816642E+01 sumM 8.36409124214636E-02 trend-1.07104981887778E-01 aero 0.00000000000000E+00 level 8.69588015409890E+05 k0-2.53173870514874E+07 init-1.08916258146645E+00 IR-2.24928761631738E-01 impC 3.29362745856954E-02 mP 3.83482313185464E-03 year-5.48601554518334E-06 sumLPAP 1.29809696191975E+00 harm
KEEPDBG accept 4 cc 6.71732068921398E-01 sumModel-2.26565968582166E+02 sumForcing 2.24869737652328E+01 sumM 1.01532855999575E-01 trend-5.86497881020900E-02 aero 0.00000000000000E+00 level 3.09305588035579E+03 k0 2.57060887397605E+05 init-8.85106458781776E-01 IR-5.20756115218998E-01 impC 1.09098824382405E-02 mP 6.95777028018036E-03 year-5.48601554518334E-06 sumLPAP 1.29809696191975E+00 harm
KEEPDBG accept 15 cc 6.97801458721845E-01 sumModel-3.18528468201966E+02 sumForcing 5.76901099816642E+01 sumM 8.36409124214636E-02 trend-1.07104981887778E-01 aero 0.00000000000000E+00 level 8.69588015409890E+05 k0-2.53173870514874E+07 init-1.08916258146645E+00 IR-2.24928761631738E-01 impC 3.51878688237017E-02 mP 3.83482313185464E-03 year-5.48601554518334E-06 sumLPAP 1.29809696191975E+00 harm
KEEPDBG accept 10 cc 7.07698053761768E-01 sumModel-2.69071883505493E+02 sumForcing-5.52744692515886E+03 sumM-2.34016820156476E-02 trend-6.21595679225670E-02 aero 0.00000000000000E+00 level 2.13008889209492E+00 k0-2.94146400079452E+01 init-2.80828224093510E+00 IR-3.43668199487400E-01 impC 3.07549096809922E-02 mP 8.23729487907908E-03 year-5.48601554518334E-06 sumLPAP 1.29809696191975E+00 harm
KEEPDBG accept 3 cc 7.01204002033526E-01 sumModel-3.16370891618940E+02 sumForcing-4.36396193177223E+02 sumM 7.67991565475029E-02 trend-8.97519240865490E-02 aero 0.00000000000000E+00 level 1.09785505960044E+03 k0-2.05123588704762E+03 init-1.96598647715922E-01 IR-1.63182091762768E-01 impC-4.89573939546830E-06 mP 8.78270465700828E-03 year-5.48601554518334E-06 sumLPAP 1.29809696191975E+00 harm
KEEPDBG accept 12 cc 6.71671204531642E-01 sumModel-2.11730732839450E+02 sumForcing 8.75428523046666E+00 sumM-2.22634448838558E-01 trend-5.44763337390121E-02 aero 0.00000000000000E+00 level-2.09262404938991E+03 k0 1.34286726605234E+06 init-9.64859509885501E-01 IR-5.57973469349607E-01 impC 1.22228878705089E-02 mP 6.78998830593233E-03 year-5.48601554518334E-06 sumLPAP 1.29809696191975E+00 harm
KEEPDBG accept 5 cc 7.07551644259222E-01 sumModel-3.03041374909605E+02 sumForcing 1.68886175704737E+03 sumM-1.84812303119279E-01 trend-9.07739217530316E-02 aero 0.00000000000000E+00 level 1.68547600595751E+02 k0 5.34299712282458E+00 init-1.34346971489198E+00 IR-2.23901149201252E-01 impC 5.81754610026103E-02 mP 6.04129327961586E-03 year-5.48601554518334E-06 sumLPAP 1.29809696191975E+00 harm
KEEPDBG accept 3 cc 7.01218076605961E-01 sumModel-3.15957098311811E+02 sumForcing-3.01440583073265E+01 sumM 7.67991565475029E-02 trend-8.97163428102912E-02 aero 0.00000000000000E+00 level 1.94321546130003E+05 k0-6.30081734167930E+06 init-1.96598647715922E-01 IR-1.63182091762768E-01 impC-4.89573939546830E-06 mP 8.78270465700828E-03 year-5.48601554518334E-06 sumLPAP 1.29809696191975E+00 harm
KEEPDBG accept 10 cc 7.07717799487502E-01 sumModel-2.70644902580444E+02 sumForcing-5.52744692515886E+03 sumM-2.34016820156476E-02 trend-6.26946595261994E-02 aero 0.00000000000000E+00 level 3.67752067935605E+00 k0-2.90955750560801E+01 init-2.80828224093510E+00 IR-3.37138688932434E-01 impC 3.07549096809922E-02 mP 8.23729487907908E-03 year-5.48601554518334E-06 sumLPAP 1.29809696191975E+00 harm
KEEPDBG accept 9 cc 7.07617019263664E-01 sumModel-2.16279458325647E+02 sumForcing 2.55140656094823E+02 sumM-1.03468693065607E-02 trend-2.96160891213964E-02 aero 0.00000000000000E+00 level-2.36911382545592E+05 k0 1.62404301215487E+06 init-1.44037118963424E+00 IR-5.05525096259366E-01 impC-7.56693134998339E-03 mP 7.27196483725642E-03 year-5.48601554518334E-06 sumLPAP 1.29809696191975E+00 harm
KEEPDBG accept 5 cc 7.07551758681726E-01 sumModel-3.03041261861166E+02 sumForcing 1.68886175704737E+03 sumM-1.84771154251110E-01 trend-9.07739101859510E-02 aero 0.00000000000000E+00 level 1.68545506819322E+02 k0 5.34533830713266E+00 init-1.34346971489198E+00 IR-2.23901149201252E-01 impC 5.81754610026103E-02 mP 6.04129327961586E-03 year-5.48601554518334E-06 sumLPAP 1.29809696191975E+00 harm
KEEPDBG accept 13 cc 6.85217783492507E-01 sumModel-2.82172020900952E+02 sumForcing 3.17126641338402E+01 sumM 5.40199371442718E-03 trend-8.70248989149482E-02 aero 0.00000000000000E+00 level 5.71379680951661E+04 k0-4.50238727090519E+05 init-1.58228288675853E+00 IR-3.82145877658069E-01 impC 1.34478528023886E-02 mP 7.11305217046629E-03 year-5.48601554518334E-06 sumLPAP 1.29809696191975E+00 harm
KEEPDBG accept 5 cc 7.07552239153852E-01 sumModel-3.03035363304770E+02 sumForcing 1.68885227502733E+03 sumM-1.84771154251110E-01 trend-9.07648846508661E-02 aero 0.00000000000000E+00 level 1.68528294388273E+02 k0 5.34536756696014E+00 init-1.34346971489198E+00 IR-2.23901149201252E-01 impC 5.81754610026103E-02 mP 6.04129327961586E-03 year-5.48601554518334E-06 sumLPAP 1.29809696191975E+00 harm
KEEPDBG accept 13 cc 6.85790112298106E-01 sumModel-2.81756175032618E+02 sumForcing 3.08877951896522E+01 sumM 5.40199371442718E-03 trend-8.65084667760180E-02 aero 0.00000000000000E+00 level 5.92193244486546E+04 k0-6.13555514632644E+05 init-1.37140099602742E+00 IR-3.82145877658069E-01 impC 1.34478528023886E-02 mP 7.11305217046629E-03 year-5.48601554518334E-06 sumLPAP 1.29809696191975E+00 harm
KEEPDBG accept 10 cc 7.07718074235978E-01 sumModel-2.70647771440656E+02 sumForcing-5.68519568210193E+03 sumM-2.34016820156476E-02 trend-6.26993590553416E-02 aero 0.00000000000000E+00 level 1.02042030305939E+01 k0-2.66909566138202E+01 init-2.80828224093510E+00 IR-3.37138688932434E-01 impC 3.07549096809922E-02 mP 8.23729487907908E-03 year-5.48601554518334E-06 sumLPAP 1.29809696191975E+00 harm
KEEPDBG accept 9 cc 7.07699080336860E-01 sumModel-2.16627916760740E+02 sumForcing 2.54913357877025E+02 sumM-1.03468693065607E-02 trend-2.99461732481554E-02 aero 0.00000000000000E+00 level-2.32852442974436E+05 k0 1.59711693413552E+06 init-1.41196224539494E+00 IR-5.05525096259366E-01 impC-7.56693134998339E-03 mP 7.27196483725642E-03 year-5.48601554518334E-06 sumLPAP 1.29809696191975E+00 harm
KEEPDBG accept 15 cc 6.97803050386290E-01 sumModel-3.17597046111545E+02 sumForcing 5.76901099816642E+01 sumM 8.36409124214636E-02 trend-1.07104981887778E-01 aero 0.00000000000000E+00 level 8.69588015409890E+05 k0-2.53173870514874E+07 init-1.08916258146645E+00 IR-2.24928761631738E-01 impC 4.05496529506293E-02 mP 3.83482313185464E-03 year-5.48601554518334E-06 sumLPAP 1.29809696191975E+00 harm
KEEPDBG accept 13 cc 6.85791462579010E-01 sumModel-2.81769802108081E+02 sumForcing 3.08877951896522E+01 sumM 2.10496396241321E-03 trend-8.65037273976685E-02 aero 0.00000000000000E+00 level 3.77807108217825E+04 k0-3.91295905196885E+05 init-1.37140099602742E+00 IR-3.82145877658069E-01 impC 1.34478528023886E-02 mP 7.11305217046629E-03 year-5.48601554518334E-06 sumLPAP 1.29809696191975E+00 harm
KEEPDBG accept 5 cc 7.07559276005519E-01 sumModel-3.03025386496787E+02 sumForcing 1.68886647361219E+03 sumM-1.84771154251110E-01 trend-9.07556991195539E-02 aero 0.00000000000000E+00 level 1.68508664065287E+02 k0 5.34801952564796E+00 init-1.34346971489198E+00 IR-2.23901149201252E-01 impC 5.81754610026103E-02 mP 6.04129327961586E-03 year-5.48601554518334E-06 sumLPAP 1.29809696191975E+00 harm
KEEPDBG accept 13 cc 6.85791594104274E-01 sumModel-2.81765716559147E+02 sumForcing 3.08877951896522E+01 sumM-5.32167326541856E-05 trend-8.65032687500621E-02 aero 0.00000000000000E+00 level 2.95102729773141E+04 k0-3.05299235601236E+05 init-1.37140099602742E+00 IR-3.82145877658069E-01 impC 1.34478528023886E-02 mP 7.11305217046629E-03 year-5.48601554518334E-06 sumLPAP 1.29809696191975E+00 harm
KEEPDBG accept 12 cc 6.71796737572518E-01 sumModel-2.11498348851876E+02 sumForcing 6.35512561879356E+00 sumM-2.24830721156310E-01 trend-5.42306861030834E-02 aero 0.00000000000000E+00 level 6.07543748948159E+02 k0 8.30400833066462E+05 init-9.64859509885501E-01 IR-5.57973469349607E-01 impC 1.22228878705089E-02 mP 6.78998830593233E-03 year-5.48601554518334E-06 sumLPAP 1.29809696191975E+00 harm
KEEPDBG accept 10 cc 7.07718116112698E-01 sumModel-2.70647600373592E+02 sumForcing-5.68519628276763E+03 sumM-2.34016820156476E-02 trend-6.26990094188957E-02 aero 0.00000000000000E+00 level 1.02032944420736E+01 k0-2.66909409937713E+01 init-2.80828224093510E+00 IR-3.37138688932434E-01 impC 3.07549096809922E-02 mP 8.23729487907908E-03 year-5.48601554518334E-06 sumLPAP 1.29809696191975E+00 harm
KEEPDBG accept 13 cc 6.85794199524433E-01 sumModel-2.81780218502354E+02 sumForcing 2.84516130656593E+01 sumM-5.32167326541856E-05 trend-8.64988196546218E-02 aero 0.00000000000000E+00 level 3.47596045257507E+04 k0-3.91004405946116E+05 init-1.37140099602742E+00 IR-3.82145877658069E-01 impC 1.34478528023886E-02 mP 7.11305217046629E-03 year-5.48601554518334E-06 sumLPAP 1.29809696191975E+00 harm
KEEPDBG accept 12 cc 6.71801303795304E-01 sumModel-2.11511613442785E+02 sumForcing 6.27719958478870E+00 sumM-2.24830721156310E-01 trend-5.42422691985993E-02 aero 0.00000000000000E+00 level 6.20020133270515E+02 k0 8.61095398503848E+05 init-9.64859509885501E-01 IR-5.57973469349607E-01 impC 1.22228878705089E-02 mP 6.78998830593233E-03 year-5.48601554518334E-06 sumLPAP 1.29809696191975E+00 harm
KEEPDBG accept 8 cc 6.93507851130370E-01 sumModel-3.05500180671919E+02 sumForcing-8.23307044738708E+01 sumM 8.50520070835348E-02 trend-1.00964826133740E-01 aero 0.00000000000000E+00 level-1.90849610326320E+06 k0-5.52348136182637E+07 init 5.69067860973462E-01 IR-1.24852011282560E-02 impC 1.14289265402254E-01 mP 8.15387158318122E-03 year-5.48601554518334E-06 sumLPAP 1.29809696191975E+00 harm
KEEPDBG accept 13 cc 6.85869273432417E-01 sumModel-2.81841988842753E+02 sumForcing 3.03632099774465E+01 sumM 1.82323841717871E-04 trend-8.66358768945544E-02 aero 0.00000000000000E+00 level 3.52347429072641E+04 k0-3.58382392763494E+05 init-1.37140099602742E+00 IR-3.82145877658069E-01 impC 1.34478528023886E-02 mP 7.11305217046629E-03 year-5.48601554518334E-06 sumLPAP 1.29809696191975E+00 harm
KEEPDBG accept 9 cc 7.07699200711246E-01 sumModel-2.16609720907113E+02 sumForcing 2.54913357877025E+02 sumM-1.03468693065607E-02 trend-2.99461732481554E-02 aero 0.00000000000000E+00 level-2.32852442974436E+05 k0 1.59711693413552E+06 init-1.41196224539494E+00 IR-5.05525096259366E-01 impC-7.48161657292708E-03 mP 7.27196483725642E-03 year-5.48601554518334E-06 sumLPAP 1.29809696191975E+00 harm
KEEPDBG accept 9 cc 7.07764554455712E-01 sumModel-2.17241613470897E+02 sumForcing 2.54913357877025E+02 sumM-1.03468693065607E-02 trend-3.00376379539989E-02 aero 0.00000000000000E+00 level-2.32928838353991E+05 k0 1.59684463614515E+06 init-1.41196224539494E+00 IR-5.03686759389056E-01 impC-7.48161657292708E-03 mP 7.27196483725642E-03 year-5.48601554518334E-06 sumLPAP 1.29809696191975E+00 harm
KEEPDBG accept 15 cc 6.97814230328356E-01 sumModel-3.14151241359510E+02 sumForcing 5.76901099816642E+01 sumM 8.36409124214636E-02 trend-1.04478553492842E-01 aero 0.00000000000000E+00 level 8.42713946659221E+05 k0-2.43429018023923E+07 init-1.08916258146645E+00 IR-2.43441896742409E-01 impC 4.05496529506293E-02 mP 3.83482313185464E-03 year-5.48601554518334E-06 sumLPAP 1.29809696191975E+00 harm
KEEPDBG accept 13 cc 6.85994133310333E-01 sumModel-2.81771793161125E+02 sumForcing 3.02153011558741E+01 sumM 1.82323841717871E-04 trend-8.65119843851406E-02 aero 0.00000000000000E+00 level 3.55154317211847E+04 k0-3.81508223990536E+05 init-1.34885890670701E+00 IR-3.82145877658069E-01 impC 1.34478528023886E-02 mP 7.11305217046629E-03 year-5.48601554518334E-06 sumLPAP 1.29809696191975E+00 harm
KEEPDBG accept 11 cc 7.08704102964945E-01 sumModel-2.36844237553061E+02 sumForcing 2.22511890616667E+01 sumM 4.51244202430687E-02 trend-2.82458952502824E-02 aero 0.00000000000000E+00 level-3.00640504441126E+05 k0 2.91362569671216E+08 init-3.63672578970327E+00 IR-3.15615049731098E-01 impC 3.94814024105340E-03 mP 3.87480400565299E-03 year-5.48601554518334E-06 sumLPAP 1.29809696191975E+00 harm
KEEPDBG accept 12 cc 6.71855856888990E-01 sumModel-2.11146010399790E+02 sumForcing 6.32255278995509E+00 sumM-2.24830721156310E-01 trend-5.41837192996097E-02 aero 0.00000000000000E+00 level 5.75789029394272E+02 k0 8.99669303041558E+05 init-9.64859509885501E-01 IR-5.57973469349607E-01 impC 1.22228878705089E-02 mP 6.78998830593233E-03 year-5.48601554518334E-06 sumLPAP 1.29809696191975E+00 harm
KEEPDBG accept 10 cc 7.07733602571508E-01 sumModel-2.70290346210609E+02 sumForcing-5.69454697921027E+03 sumM-2.34016820156476E-02 trend-6.21576061493572E-02 aero 0.00000000000000E+00 level 7.49552825691657E+00 k0-2.68922107538344E+01 init-2.80828224093510E+00 IR-3.37138688932434E-01 impC 3.07549096809922E-02 mP 8.23729487907908E-03 year-5.48601554518334E-06 sumLPAP 1.29809696191975E+00 harm
KEEPDBG accept 6 cc 6.90804149265491E-01 sumModel-1.13468547356493E+02 sumForcing 2.79333450412329E+03 sumM-8.18385196482448E-01 trend-3.20540634841167E-02 aero 0.00000000000000E+00 level 6.10686686791357E+01 k0-8.67500783450621E-02 init-2.74173428301469E+00 IR-7.16787045044129E-01 impC 1.91279406440806E-02 mP 5.55517765113865E-03 year-5.48601554518334E-06 sumLPAP 1.29809696191975E+00 harm
KEEPDBG accept 15 cc 6.97815934360974E-01 sumModel-3.12227146084733E+02 sumForcing 5.76901099816642E+01 sumM 8.36409124214636E-02 trend-1.04478553492842E-01 aero 0.00000000000000E+00 level 8.42713946659221E+05 k0-2.43429018023923E+07 init-1.08916258146645E+00 IR-2.43441896742409E-01 impC 5.14618430537030E-02 mP 3.83482313185464E-03 year-5.48601554518334E-06 sumLPAP 1.29809696191975E+00 harm
KEEPDBG accept 9 cc 7.07843042963361E-01 sumModel-2.18123636103440E+02 sumForcing 2.55901407452802E+02 sumM-1.03468693065607E-02 trend-3.13275820491410E-02 aero 0.00000000000000E+00 level-2.35395195555123E+05 k0 1.61473265092118E+06 init-1.41196224539494E+00 IR-5.03686759389056E-01 impC-7.48161657292708E-03 mP 7.27196483725642E-03 year-5.48601554518334E-06 sumLPAP 1.29809696191975E+00 harm
KEEPDBG accept 5 cc 7.07566549645619E-01 sumModel-3.03005659760071E+02 sumForcing 1.69357085708311E+03 sumM-1.84870120963580E-01 trend-9.07565836234991E-02 aero 0.00000000000000E+00 level 1.68350958651422E+02 k0 5.50381660976990E+00 init-1.34346971489198E+00 IR-2.23901149201252E-01 impC 5.81754610026103E-02 mP 6.04129327961586E-03 year-5.48601554518334E-06 sumLPAP 1.29809696191975E+00 harm
KEEPDBG accept 13 cc 6.85995371061948E-01 sumModel-2.81388533901287E+02 sumForcing 3.02153011558741E+01 sumM 1.82323841717871E-04 trend-8.65119843851406E-02 aero 0.00000000000000E+00 level 3.55154317211847E+04 k0-3.81508223990536E+05 init-1.34885890670701E+00 IR-3.82145877658069E-01 impC 1.54044294507503E-02 mP 7.11305217046629E-03 year-5.48601554518334E-06 sumLPAP 1.29809696191975E+00 harm
KEEPDBG accept 13 cc 6.86034543356839E-01 sumModel-2.82593553072461E+02 sumForcing 3.02153011558741E+01 sumM 1.82323841717871E-04 trend-8.70716076942161E-02 aero 0.00000000000000E+00 level 3.57041874688687E+04 k0-3.87196189987828E+05 init-1.34885890670701E+00 IR-3.77763207851413E-01 impC 1.54044294507503E-02 mP 7.11305217046629E-03 year-5.48601554518334E-06 sumLPAP 1.29809696191975E+00 harm
KEEPDBG accept 9 cc 7.07872998488408E-01 sumModel-2.18683929560776E+02 sumForcing 2.55508133210277E+02 sumM-1.03468693065607E-02 trend-3.20964631745946E-02 aero 0.00000000000000E+00 level-2.31635221935479E+05 k0 1.59773104765290E+06 init-1.36323477327137E+00 IR-5.03686759389056E-01 impC-7.48161657292708E-03 mP 7.27196483725642E-03 year-5.48601554518334E-06 sumLPAP 1.29809696191975E+00 harm
KEEPDBG accept 5 cc 7.07574090520886E-01 sumModel-3.02998033895442E+02 sumForcing 1.69357085708311E+03 sumM-1.82048039051898E-01 trend-9.07557793091067E-02 aero 0.00000000000000E+00 level 1.68201873379296E+02 k0 5.66983866872833E+00 init-1.34346971489198E+00 IR-2.23901149201252E-01 impC 5.81754610026103E-02 mP 6.04129327961586E-03 year-5.48601554518334E-06 sumLPAP 1.29809696191975E+00 harm
KEEPDBG accept 3 cc 7.01273563796086E-01 sumModel-3.24613633572382E+02 sumForcing-1.08543084819035E+01 sumM 7.67991565475029E-02 trend-8.92691664153422E-02 aero 0.00000000000000E+00 level 1.51872238955800E+06 k0-1.36353722751371E+08 init-1.96598647715922E-01 IR-1.63182091762768E-01 impC-4.89573939546830E-06 mP 8.78270465700828E-03 year-5.48601554518334E-06 sumLPAP 1.29809696191975E+00 harm
KEEPDBG accept 13 cc 6.86202874775461E-01 sumModel-2.82572874551207E+02 sumForcing 3.07976246915890E+01 sumM 1.82323841717871E-04 trend-8.73092487193115E-02 aero 0.00000000000000E+00 level 3.50323787968402E+04 k0-3.32373254771940E+05 init-1.34885890670701E+00 IR-3.77763207851413E-01 impC 1.54044294507503E-02 mP 7.11305217046629E-03 year-5.48601554518334E-06 sumLPAP 1.29809696191975E+00 harm
KEEPDBG accept 15 cc 6.97843433552849E-01 sumModel-3.11892654145409E+02 sumForcing 5.78110195971375E+01 sumM 8.36409124214636E-02 trend-1.04576090177940E-01 aero 0.00000000000000E+00 level 8.87598621082698E+05 k0-2.58407050423096E+07 init-1.08916258146645E+00 IR-2.43441896742409E-01 impC 5.14618430537030E-02 mP 3.83482313185464E-03 year-5.48601554518334E-06 sumLPAP 1.29809696191975E+00 harm
KEEPDBG accept 10 cc 7.07798123826151E-01 sumModel-2.70328300535585E+02 sumForcing-5.69347462651931E+03 sumM-2.34016820156476E-02 trend-6.23162270485423E-02 aero 0.00000000000000E+00 level 8.08239696122474E+00 k0-2.68431339757126E+01 init-2.74806230948238E+00 IR-3.37138688932434E-01 impC 3.07549096809922E-02 mP 8.23729487907908E-03 year-5.48601554518334E-06 sumLPAP 1.29809696191975E+00 harm
KEEPDBG accept 13 cc 6.86682417596491E-01 sumModel-2.82472220957334E+02 sumForcing 3.07874434600613E+01 sumM 3.58401007138114E-04 trend-8.70114952852057E-02 aero 0.00000000000000E+00 level 3.62170553341148E+04 k0-3.91822257146298E+05 init-1.34885890670701E+00 IR-3.77763207851413E-01 impC 1.54044294507503E-02 mP 7.11305217046629E-03 year-5.48601554518334E-06 sumLPAP 1.29809696191975E+00 harm
KEEPDBG accept 16 cc 6.68691537191969E-01 sumModel-2.11978823378445E+02 sumForcing-7.50877066645117E+01 sumM 5.06490638431339E-02 trend-5.42812395103251E-02 aero 0.00000000000000E+00 level-1.20518404144856E+02 k0-5.89519805428833E+05 init-1.14486227768174E+00 IR-5.62239419470909E-01 impC 8.84528331618808E-03 mP 6.82345000013191E-03 year-5.48601554518334E-06 sumLPAP 1.29809696191975E+00 harm
KEEPDBG accept 12 cc 6.71910749708587E-01 sumModel-2.07845280008368E+02 sumForcing 6.32255278995509E+00 sumM-2.24830721156310E-01 trend-5.32465580734208E-02 aero 0.00000000000000E+00 level 5.38166612579905E+02 k0 8.89789086375329E+05 init-9.64859509885501E-01 IR-5.66038761615407E-01 impC 1.22228878705089E-02 mP 6.78998830593233E-03 year-5.48601554518334E-06 sumLPAP 1.29809696191975E+00 harm
KEEPDBG accept 11 cc 7.08759819555945E-01 sumModel-2.28100265366317E+02 sumForcing 2.22512762537281E+01 sumM 4.51244202430687E-02 trend-2.95126355451166E-02 aero 0.00000000000000E+00 level-4.07511145155759E+05 k0 2.99740681812269E+08 init-3.63672578970327E+00 IR-3.15615049731098E-01 impC 3.94814024105340E-03 mP 3.87480400565299E-03 year-5.48601554518334E-06 sumLPAP 1.29809696191975E+00 harm
KEEPDBG accept 7 cc 6.68041552032534E-01 sumModel-2.13068717311739E+02 sumForcing 3.31875803789340E+01 sumM 5.35799110015648E-02 trend-5.25098196754953E-02 aero 0.00000000000000E+00 level-1.98565684106165E+05 k0 2.49605795766707E+07 init-2.41736538412828E+00 IR-5.61727777492654E-01 impC 6.10240079493851E-03 mP 7.40337748974203E-03 year-5.48601554518334E-06 sumLPAP 1.29809696191975E+00 harm
KEEPDBG accept 11 cc 7.08759819613148E-01 sumModel-2.28100064009491E+02 sumForcing 2.22512762537281E+01 sumM 4.51244202430687E-02 trend-2.95125596740417E-02 aero 0.00000000000000E+00 level-4.07510955120924E+05 k0 2.99740501085189E+08 init-3.63672578970327E+00 IR-3.15615823412960E-01 impC 3.94814024105340E-03 mP 3.87480400565299E-03 year-5.48601554518334E-06 sumLPAP 1.29809696191975E+00 harm
KEEPDBG accept 5 cc 7.07590527915042E-01 sumModel-3.03018253964342E+02 sumForcing 1.69474297129828E+03 sumM-1.82292103086925E-01 trend-9.07166627329659E-02 aero 0.00000000000000E+00 level 1.68113422392951E+02 k0 5.67960444657933E+00 init-1.34346971489198E+00 IR-2.23901149201252E-01 impC 5.81754610026103E-02 mP 6.04129327961586E-03 year-5.48601554518334E-06 sumLPAP 1.29809696191975E+00 harm
KEEPDBG accept 8 cc 6.93883344497428E-01 sumModel-3.00984819515731E+02 sumForcing-8.09134191567416E+01 sumM 8.50520070835348E-02 trend-1.00351671396980E-01 aero 0.00000000000000E+00 level-1.67038678257652E+06 k0-5.00137337785188E+07 init 5.69067860973462E-01 IR-1.24852011282560E-02 impC 1.14289265402254E-01 mP 8.15387158318122E-03 year-5.48601554518334E-06 sumLPAP 1.29809696191975E+00 harm
KEEPDBG accept 9 cc 7.07879369527089E-01 sumModel-2.19165476994983E+02 sumForcing 2.56248047962909E+02 sumM-1.03468693065607E-02 trend-3.30934640752130E-02 aero 0.00000000000000E+00 level-2.33779422567575E+05 k0 1.61404390096132E+06 init-1.36323477327137E+00 IR-5.03686759389056E-01 impC-7.48161657292708E-03 mP 7.27196483725642E-03 year-5.48601554518334E-06 sumLPAP 1.29809696191975E+00 harm
KEEPDBG accept 10 cc 7.07852172437466E-01 sumModel-2.70357873679809E+02 sumForcing-5.69271125103528E+03 sumM-2.34016820156476E-02 trend-6.24499552187290E-02 aero 0.00000000000000E+00 level 8.53385590212307E+00 k0-2.68129329972837E+01 init-2.68996531041557E+00 IR-3.37138688932434E-01 impC 3.07549096809922E-02 mP 8.23729487907908E-03 year-5.48601554518334E-06 sumLPAP 1.29809696191975E+00 harm
KEEPDBG accept 13 cc 6.86802274230954E-01 sumModel-2.82443765591428E+02 sumForcing 3.13384622034925E+01 sumM 3.58401007138114E-04 trend-8.72059103542428E-02 aero 0.00000000000000E+00 level 3.55576750391152E+04 k0-3.41053204831380E+05 init-1.34885890670701E+00 IR-3.77763207851413E-01 impC 1.54044294507503E-02 mP 7.11305217046629E-03 year-5.48601554518334E-06 sumLPAP 1.29809696191975E+00 harm
KEEPDBG accept 9 cc 7.08069117588848E-01 sumModel-2.19205620234009E+02 sumForcing 2.62891847159303E+02 sumM-9.85169208156076E-03 trend-3.28169899713687E-02 aero 0.00000000000000E+00 level-2.72532309816150E+05 k0 1.81067854620072E+06 init-1.36323477327137E+00 IR-5.03686759389056E-01 impC-7.48161657292708E-03 mP 7.27196483725642E-03 year-5.48601554518334E-06 sumLPAP 1.29809696191975E+00 harm
KEEPDBG accept 13 cc 6.86802325835125E-01 sumModel-2.82426050876631E+02 sumForcing 3.13285584870931E+01 sumM 3.58401007138114E-04 trend-8.72028858843962E-02 aero 0.00000000000000E+00 level 3.55684723565043E+04 k0-3.41907528975462E+05 init-1.34885890670701E+00 IR-3.77763207851413E-01 impC 1.54044294507503E-02 mP 7.11033051039093E-03 year-5.48601554518334E-06 sumLPAP 1.29809696191975E+00 harm
KEEPDBG accept 8 cc 6.93888437260505E-01 sumModel-3.06094859987635E+02 sumForcing-8.09134191567416E+01 sumM 8.50520070835348E-02 trend-1.00351671396980E-01 aero 0.00000000000000E+00 level-1.67038678257652E+06 k0-5.00137337785188E+07 init 5.69067860973462E-01 IR-1.24852011282560E-02 impC 7.87437327169777E-02 mP 8.15387158318122E-03 year-5.48601554518334E-06 sumLPAP 1.29809696191975E+00 harm
KEEPDBG accept 12 cc 6.71915144169878E-01 sumModel-2.07854996245983E+02 sumForcing 6.32263620201306E+00 sumM-2.24830721156310E-01 trend-5.32554178336256E-02 aero 0.00000000000000E+00 level 5.38079608160466E+02 k0 8.89305314406066E+05 init-9.64859509885501E-01 IR-5.66038761615407E-01 impC 1.22228878705089E-02 mP 6.78998830593233E-03 year-5.48601554518334E-06 sumLPAP 1.29809696191975E+00 harm
KEEPDBG accept 12 cc 6.71962362812819E-01 sumModel-2.07975640789969E+02 sumForcing 6.30923933861298E+00 sumM-2.24830721156310E-01 trend-5.32988161797477E-02 aero 0.00000000000000E+00 level 5.45501805258525E+02 k0 8.81292899474195E+05 init-9.64859509885501E-01 IR-5.66038761615407E-01 impC 1.22228878705089E-02 mP 6.77333392662178E-03 year-5.48601554518334E-06 sumLPAP 1.29809696191975E+00 harm
KEEPDBG accept 12 cc 6.71975639143587E-01 sumModel-2.08011428320177E+02 sumForcing 6.30952200120740E+00 sumM-2.24830721156310E-01 trend-5.33304438341341E-02 aero 0.00000000000000E+00 level 5.45269210224739E+02 k0 8.79484570492235E+05 init-9.64859509885501E-01 IR-5.66038761615407E-01 impC 1.22228878705089E-02 mP 6.77333392662178E-03 year-5.48601554518334E-06 sumLPAP 1.29809696191975E+00 harm
KEEPDBG accept 12 cc 6.71980142831079E-01 sumModel-1.81267066214712E+02 sumForcing 6.30952200120740E+00 sumM-2.24830721156310E-01 trend-4.61725622197353E-02 aero 0.00000000000000E+00 level 2.57267211318130E+02 k0 8.04616867922953E+05 init-9.64859509885501E-01 IR-6.27501513404141E-01 impC 1.22228878705089E-02 mP 6.77333392662178E-03 year-5.48601554518334E-06 sumLPAP 1.29809696191975E+00 harm
KEEPDBG accept 10 cc 7.07852712606215E-01 sumModel-2.69937516472731E+02 sumForcing-5.69271125103528E+03 sumM-2.34016820156476E-02 trend-6.24499552187290E-02 aero 0.00000000000000E+00 level 8.53385590212307E+00 k0-2.68129329972837E+01 init-2.68996531041557E+00 IR-3.37138688932434E-01 impC 3.29727256942107E-02 mP 8.23729487907908E-03 year-5.48601554518334E-06 sumLPAP 1.29809696191975E+00 harm
KEEPDBG accept 13 cc 6.89796595018053E-01 sumModel-2.81356237886216E+02 sumForcing 3.16562737723208E+01 sumM 1.92763690407488E-03 trend-8.47002154198141E-02 aero 0.00000000000000E+00 level 4.73734953627561E+04 k0-8.66370685935318E+05 init-1.34885890670701E+00 IR-3.77763207851413E-01 impC 1.54044294507503E-02 mP 7.11033051039093E-03 year-5.48601554518334E-06 sumLPAP 1.29809696191975E+00 harm
KEEPDBG accept 5 cc 7.08009080005285E-01 sumModel-3.02318291209069E+02 sumForcing 1.69595737790830E+03 sumM-1.82292103086925E-01 trend-9.01879714831323E-02 aero 0.00000000000000E+00 level 1.66970978384293E+02 k0 5.84027882604104E+00 init-1.34346971489198E+00 IR-2.23901149201252E-01 impC 5.81754610026103E-02 mP 6.08372875128438E-03 year-5.48601554518334E-06 sumLPAP 1.29809696191975E+00 harm
KEEPDBG accept 9 cc 7.08457550465688E-01 sumModel-2.23221916546225E+02 sumForcing 2.62891847159303E+02 sumM-9.85169208156076E-03 trend-3.34584306834931E-02 aero 0.00000000000000E+00 level-2.73098565406564E+05 k0 1.80900486379506E+06 init-1.36323477327137E+00 IR-4.91886192079193E-01 impC-7.48161657292708E-03 mP 7.27196483725642E-03 year-5.48601554518334E-06 sumLPAP 1.29809696191975E+00 harm
KEEPDBG accept 4 cc 6.71732081352157E-01 sumModel-2.26712494320237E+02 sumForcing 2.24869737652328E+01 sumM 1.01532855999575E-01 trend-5.86497881020900E-02 aero 0.00000000000000E+00 level 3.09305588035579E+03 k0 2.57060887397605E+05 init-8.85106458781776E-01 IR-5.20756115218998E-01 impC 1.02344848098711E-02 mP 6.95777028018036E-03 year-5.48601554518334E-06 sumLPAP 1.29809696191975E+00 harm
KEEPDBG accept 13 cc 6.89798327682852E-01 sumModel-2.80792535844256E+02 sumForcing 3.16562737723208E+01 sumM 1.92763690407488E-03 trend-8.47002154198141E-02 aero 0.00000000000000E+00 level 4.73734953627561E+04 k0-8.66370685935318E+05 init-1.34885890670701E+00 IR-3.77763207851413E-01 impC 1.82912917208787E-02 mP 7.11033051039093E-03 year-5.48601554518334E-06 sumLPAP 1.29809696191975E+00 harm
KEEPDBG accept 8 cc 6.94126925505322E-01 sumModel-3.04704728474566E+02 sumForcing-8.10196348406956E+01 sumM 8.50520070835348E-02 trend-9.58189368236882E-02 aero 0.00000000000000E+00 level-1.89696174847284E+06 k0-5.64638567213417E+07 init 5.69067860973462E-01 IR-1.24852011282560E-02 impC 7.87437327169777E-02 mP 8.15387158318122E-03 year-5.48601554518334E-06 sumLPAP 1.29809696191975E+00 harm
KEEPDBG accept 12 cc 6.72268292827516E-01 sumModel-1.80608824359320E+02 sumForcing 6.09579296218495E+00 sumM-2.24830721156310E-01 trend-4.58693253314620E-02 aero 0.00000000000000E+00 level 4.89483467560355E+02 k0 8.93545599165048E+05 init-9.64859509885501E-01 IR-6.27501513404141E-01 impC 1.22228878705089E-02 mP 6.77333392662178E-03 year-5.48601554518334E-06 sumLPAP 1.29809696191975E+00 harm
KEEPDBG accept 1 cc 6.77666565458502E-01 sumModel-1.61677821937771E+02 sumForcing 3.01659364294145E+00 sumM 2.02913694885248E-02 trend-4.02416458201891E-02 aero 0.00000000000000E+00 level 1.83945150766464E+05 k0 1.43130849857579E+08 init 4.45261015043224E-02 IR-6.62841529841309E-01 impC 1.62290984704536E-02 mP 5.55162949887788E-03 year-5.48601554518334E-06 sumLPAP 1.29809696191975E+00 harm
KEEPDBG accept 10 cc 7.07853388311457E-01 sumModel-2.69941968460170E+02 sumForcing-5.93308708707179E+03 sumM-2.34016820156476E-02 trend-6.24572688377159E-02 aero 0.00000000000000E+00 level 1.75809787928319E+01 k0-2.36158110939060E+01 init-2.68996531041557E+00 IR-3.37138688932434E-01 impC 3.29727256942107E-02 mP 8.23729487907908E-03 year-5.48601554518334E-06 sumLPAP 1.29809696191975E+00 harm
KEEPDBG accept 3 cc 7.01273564027622E-01 sumModel-3.24613578577734E+02 sumForcing-1.08543084819035E+01 sumM 7.67991565475029E-02 trend-8.92691664153422E-02 aero 0.00000000000000E+00 level 1.51872238955800E+06 k0-1.36353722751371E+08 init-1.96598647715922E-01 IR-1.63182091762768E-01 impC-4.56245602263762E-06 mP 8.78270465700828E-03 year-5.48601554518334E-06 sumLPAP 1.29809696191975E+00 harm
KEEPDBG accept 13 cc 6.89984487989378E-01 sumModel-2.86011754513254E+02 sumForcing 3.16562737723208E+01 sumM 1.92763690407488E-03 trend-8.71964226460403E-02 aero 0.00000000000000E+00 level 4.84224671457519E+04 k0-8.97000430955170E+05 init-1.34885890670701E+00 IR-3.58337873990850E-01 impC 1.82912917208787E-02 mP 7.11033051039093E-03 year-5.48601554518334E-06 sumLPAP 1.29809696191975E+00 harm
KEEPDBG accept 5 cc 7.08012728676102E-01 sumModel-3.02326618669166E+02 sumForcing 1.69651767245887E+03 sumM-1.82407548743823E-01 trend-9.01682558239106E-02 aero 0.00000000000000E+00 level 1.66926504639827E+02 k0 5.84500997265976E+00 init-1.34346971489198E+00 IR-2.23901149201252E-01 impC 5.81754610026103E-02 mP 6.08372875128438E-03 year-5.48601554518334E-06 sumLPAP 1.29809696191975E+00 harm
KEEPDBG accept 8 cc 6.94509782992810E-01 sumModel-3.04374216335298E+02 sumForcing-8.10196348406956E+01 sumM 8.50520070835348E-02 trend-9.43469192334802E-02 aero 0.00000000000000E+00 level-1.87760044059022E+06 k0-5.58753616707296E+07 init 5.69067860973462E-01 IR-2.63673154962504E-02 impC 7.87437327169777E-02 mP 8.15387158318122E-03 year-5.48601554518334E-06 sumLPAP 1.29809696191975E+00 harm
KEEPDBG accept 13 cc 6.89984611405561E-01 sumModel-2.85970040281150E+02 sumForcing 3.16562737723208E+01 sumM 1.92763690407488E-03 trend-8.71964226460403E-02 aero 0.00000000000000E+00 level 4.84224671457519E+04 k0-8.97000430955170E+05 init-1.34885890670701E+00 IR-3.58337873990850E-01 impC 1.85079601711292E-02 mP 7.11033051039093E-03 year-5.48601554518334E-06 sumLPAP 1.29809696191975E+00 harm
KEEPDBG accept 13 cc 6.89984777953667E-01 sumModel-2.85913221423014E+02 sumForcing 3.16562737723208E+01 sumM 1.92763690407488E-03 trend-8.71964226460403E-02 aero 0.00000000000000E+00 level 4.84224671457519E+04 k0-8.97000430955170E+05 init-1.34885890670701E+00 IR-3.58337873990850E-01 impC 1.88030837612534E-02 mP 7.11033051039093E-03 year-5.48601554518334E-06 sumLPAP 1.29809696191975E+00 harm
KEEPDBG accept 2 cc 6.98811583036637E-01 sumModel-2.83882055690158E+02 sumForcing 6.68330075339546E+02 sumM 1.14057922616253E-04 trend-7.71187370940332E-02 aero 0.00000000000000E+00 level 4.97909695209375E+02 k0-1.79854484306568E+02 init 7.32890917954592E+00 IR-2.94716376277053E-01 impC 4.68532059856589E-02 mP 7.58500540105489E-03 year-5.48601554518334E-06 sumLPAP 1.29809696191975E+00 harm
KEEPDBG accept 12 cc 6.72294985027080E-01 sumModel-1.80526233088041E+02 sumForcing 5.89910573191451E+00 sumM-2.24830721156310E-01 trend-4.58172187901308E-02 aero 0.00000000000000E+00 level 6.09755962870574E+02 k0 8.69129142437748E+05 init-9.64859509885501E-01 IR-6.27501513404141E-01 impC 1.22228878705089E-02 mP 6.77333392662178E-03 year-5.48601554518334E-06 sumLPAP 1.29809696191975E+00 harm
KEEPDBG accept 12 cc 6.72310260479470E-01 sumModel-1.80546928621657E+02 sumForcing 5.80289443539402E+00 sumM-2.24830721156310E-01 trend-4.58322912639626E-02 aero 0.00000000000000E+00 level 6.26691337120017E+02 k0 9.12372965276500E+05 init-9.64859509885501E-01 IR-6.27501513404141E-01 impC 1.22228878705089E-02 mP 6.77333392662178E-03 year-5.48601554518334E-06 sumLPAP 1.29809696191975E+00 harm
KEEPDBG accept 9 cc 7.08458636090143E-01 sumModel-2.23051580384497E+02 sumForcing 2.62891847159303E+02 sumM-9.85169208156076E-03 trend-3.34584306834931E-02 aero 0.00000000000000E+00 level-2.73098565406564E+05 k0 1.80900486379506E+06 init-1.36323477327137E+00 IR-4.91886192079193E-01 impC-6.67569575904401E-03 mP 7.27196483725642E-03 year-5.48601554518334E-06 sumLPAP 1.29809696191975E+00 harm
