 1.88000000000000E+03,  8.91721676056524E-01,  8.70000000000000E-01, -1.94767337577042E-02,  1.00000000000000E-02,  7.62336811382560E+04,  8.12185306360426E+04
 1.88008333300000E+03,  8.44387974009345E-01,  5.42500000000000E-01, -1.96811516459879E-02,  1.90000000000000E-01,  1.85555995146525E+05,  2.27111989011285E+05
 1.88016666700000E+03,  7.44787480446550E-01,  4.70000000000000E-01, -9.51618368208523E-02,  3.70000000000000E-01,  5.97976271057112E+05,  7.76475410716143E+05
 1.88025000000000E+03,  7.27192097012400E-01, -2.07500000000000E-01, -9.53036410392531E-02,  5.50000000000000E-01,  9.46362946300767E+05,  1.23980107648634E+06
 1.88033333300000E+03,  7.96827784682286E-01, -7.15000000000000E-01, -9.54453127058242E-02,  7.30000000000000E-01,  1.34413164617142E+06,  1.76776474293145E+06
 1.88041666700000E+03,  8.80929946054490E-01, -5.00000000000000E-03, -9.55868518950251E-02,  9.10000000000000E-01,  1.72471067224898E+06,  2.27130181057300E+06
 1.88050000000000E+03,  9.47321163217017E-01,  9.25000000000000E-01, -9.57282586814202E-02,  1.09000000000000E+00,  2.02525862714630E+06,  2.66669559134443E+06
 1.88058333300000E+03,  9.68781078098246E-01,  1.55000000000000E+00, -9.58695331396778E-02,  1.27000000000000E+00,  2.19726145679429E+06,  2.88984805572280E+06
 1.88066666700000E+03,  9.19973696604931E-01,  2.21000000000000E+00, -9.60106753445693E-02,  1.45000000000000E+00,  2.21433877562598E+06,  2.90670610279286E+06
 1.88075000000000E+03,  8.02404784264509E-01,  2.26250000000000E+00, -9.61516853709693E-02,  1.63000000000000E+00,  2.07592260246430E+06,  2.71803900580576E+06
 1.88083333300000E+03,  6.83173429566616E-01,  1.20750000000000E+00, -9.62925632938544E-02,  1.81000000000000E+00,  1.80627185135752E+06,  2.35786468585147E+06
 1.88091666700000E+03,  6.89682660309935E-01,  4.75000000000000E-01, -9.64333091883030E-02,  1.99000000000000E+00,  1.44916768729356E+06,  1.88603200301565E+06
 1.88100000000000E+03,  8.22038941048631E-01,  1.05000000000000E+00, -9.65739231294944E-02,  2.17000000000000E+00,  1.05942548201755E+06,  1.37654506953635E+06
 1.88108333300000E+03,  8.52468729548110E-01,  1.62250000000000E+00, -9.67144051927089E-02,  2.35000000000000E+00,  6.92907975838431E+05,  9.03956749985124E+05
 1.88116666700000E+03,  7.71159714348512E-01,  1.92000000000000E+00, -1.01260732375977E-01,  2.53000000000000E+00,  3.96932469584147E+05,  5.30427361295533E+05
 1.88125000000000E+03,  7.79625425956530E-01,  1.97500000000000E+00, -1.01122710070202E-01,  2.71000000000000E+00,  2.02803732872908E+05,  2.95804078553766E+05
 1.88133333300000E+03,  8.82503093898420E-01,  1.53250000000000E+00, -1.00984631397607E-01,  2.89000000000000E+00,  1.21719065374507E+05,  2.12392085834291E+05
 1.88141666700000E+03,  1.00499019911739E+00,  1.01500000000000E+00, -1.00846496433683E-01,  3.07000000000000E+00,  1.44590391094263E+05,  2.65111685727214E+05
 1.88150000000000E+03,  1.10354129541252E+00,  5.62500000000000E-01, -1.00708305253987E-01,  3.25000000000000E+00,  2.45556974900946E+05,  4.16670796235705E+05
 1.88158333300000E+03,  1.14131901027428E+00,  2.97500000000000E-01, -1.00570057934144E-01,  3.43000000000000E+00,  3.88275732478838E+05,  6.16443511454854E+05
 1.88166666700000E+03,  1.08403595919798E+00, -6.50000000000000E-02, -1.00431754549843E-01,  3.61000000000000E+00,  5.33604928934210E+05,  8.11112499488527E+05
 1.88175000000000E+03,  9.33728017874028E-01, -1.05500000000000E+00, -1.00293395176843E-01,  3.79000000000000E+00,  6.47122978149638E+05,  9.54916373312594E+05
 1.88183333300000E+03,  7.81194373555654E-01, -1.82500000000000E+00, -1.00154979890968E-01,  3.97000000000000E+00,  7.05065178736714E+05,  1.01756417588563E+06
 1.88191666700000E+03,  6.92275999909620E-01, -1.45500000000000E+00, -1.00016508768108E-01,  4.15000000000000E+00,  6.97671362897065E+05,  9.88469612963852E+05
 1.88200000000000E+03,  6.65627726476390E-01, -1.02750000000000E+00, -9.98779818842186E-02,  4.33000000000000E+00,  6.29518611860389E+05,  8.76778002659248E+05
 1.88208333300000E+03,  5.21436321880200E-01, -7.90000000000000E-01, -9.97393993153243E-02,  4.51000000000000E+00,  5.17038284543614E+05,  7.07530068413050E+05
 1.88216666700000E+03,  2.42469652498790E-01, -6.20000000000000E-01, -6.45737980987837E-02,  4.69000000000000E+00,  3.83956968772175E+05,  5.15049152735002E+05
 1.88225000000000E+03,  1.53922623392658E-01, -9.37500000000000E-01, -6.47429726465079E-02,  4.87000000000000E+00,  2.55753003631939E+05,  3.35109313164355E+05
 1.88233333300000E+03,  2.61452971366630E-01, -8.60000000000000E-01, -6.49120028787345E-02,  5.05000000000000E+00,  1.54325396563832E+05,  1.97562606367929E+05
 1.88241666700000E+03,  3.88685621932840E-01, -6.25000000000000E-02, -6.50808888357653E-02,  5.23000000000000E+00,  9.39263021044782E+04,  1.20873404457417E+05
 1.88250000000000E+03,  4.92073698338580E-01,  5.90000000000000E-01, -6.52496305581561E-02,  5.41000000000000E+00,  7.90598928886223E+04,  1.09497652861206E+05
 1.88258333300000E+03,  5.34778389798798E-01,  7.17500000000000E-01, -6.54182280867166E-02,  5.59000000000000E+00,  1.04586413980347E+05,  1.54381154826456E+05
 1.88266666700000E+03,  4.82510865946687E-01,  4.60000000000000E-01, -6.55866814625093E-02,  5.77000000000000E+00,  1.57795532178854E+05,  2.36182874575769E+05
 1.88275000000000E+03,  3.37305549159096E-01,  1.82500000000000E-01, -6.57549907268480E-02,  5.95000000000000E+00,  2.21827577405277E+05,  3.30297361261266E+05
 1.88283333300000E+03,  1.89960166869223E-01,  1.95000000000000E-01, -6.59231559212975E-02,  6.13000000000000E+00,  2.79598666450730E+05,  4.12456688995799E+05
 1.88291666700000E+03,  1.06314226546099E-01,  1.22500000000000E-01, -6.60911770876723E-02,  6.31000000000000E+00,  3.17359753947770E+05,  4.63680902496248E+05
 1.88300000000000E+03,  8.50210852810733E-02, -4.82500000000000E-01, -6.62590542680355E-02,  6.49000000000000E+00,  3.27179694813893E+05,  4.73597373382836E+05
 1.88308333300000E+03,  2.02402178894954E-01, -1.19750000000000E+00, -6.64267875046984E-02,  6.67000000000000E+00,  3.07938764613998E+05,  4.41589027750845E+05
 1.88316666700000E+03,  4.39487172170126E-01, -9.80000000000000E-01, -8.03535710855141E-02,  6.85000000000000E+00,  2.64776666834599E+05,  3.75749124855069E+05
 1.88325000000000E+03,  6.07414554184122E-01, -3.50000000000000E-02, -8.05089376072650E-02,  7.03000000000000E+00,  2.07275495543975E+05,  2.90097274167512E+05
 1.88333333300000E+03,  7.13486026254499E-01,  2.87500000000000E-01, -8.06641647867703E-02,  7.21000000000000E+00,  1.46902318991873E+05,  2.00846596659661E+05
 1.88341666700000E+03,  8.39153698625144E-01, -4.75000000000000E-02, -8.08192526848859E-02,  7.39000000000000E+00,  9.43429244093555E+04,  1.22643160125095E+05
 1.88350000000000E+03,  9.40871526481345E-01, -1.20000000000000E-01, -8.09742013626382E-02,  7.57000000000000E+00,  5.73167095311427E+04,  6.56138067104811E+04
 1.88358333300000E+03,  9.81801552162157E-01, -1.17500000000000E-01, -8.11290108812238E-02,  7.75000000000000E+00,  3.92954112344194E+04,  3.37941950076476E+04
 1.88366666700000E+03,  9.27655819001268E-01, -5.62500000000000E-01, -8.12836813020087E-02,  7.93000000000000E+00,  3.93040837293431E+04,  2.51396853715301E+04
 1.88375000000000E+03,  7.80469643039650E-01, -6.77500000000000E-01, -8.14382126865274E-02,  8.11000000000000E+00,  5.27232747528596E+04,  3.29399931229390E+04
 1.88383333300000E+03,  6.31041665536113E-01,  1.55000000000000E-01, -8.15926050964821E-02,  8.29000000000000E+00,  7.27965165964345E+04,  4.81524633582719E+04
 1.88391666700000E+03,  5.45212327329902E-01,  8.72500000000000E-01, -8.17468585937421E-02,  8.47000000000000E+00,  9.24214433886238E+04,  6.20024584831935E+04
 1.88400000000000E+03,  5.21635937807391E-01,  2.77500000000000E-01, -8.19009732403430E-02,  8.65000000000000E+00,  1.05786137164377E+05,  6.81996884303293E+04
 1.88408333300000E+03,  4.62602318394880E-01, -7.67500000000000E-01, -8.20549490984860E-02,  8.82999999999999E+00,  1.09497826354875E+05,  6.42726415164179E+04
 1.88416666700000E+03,  3.49640605367936E-01, -9.17500000000000E-01, -1.09909412325332E-01,  9.00999999999999E+00,  1.03008850392685E+05,  5.17812126747238E+04
 1.88425000000000E+03,  3.42494127081366E-01, -5.62500000000000E-01, -1.09775122218193E-01,  9.18999999999999E+00,  8.83307578957805E+04,  3.54608513235498E+04
 1.88433333300000E+03,  4.48047278578101E-01,  8.75000000000000E-02, -1.09640771090272E-01,  9.36999999999999E+00,  6.91948702351415E+04,  2.16075354917293E+04
 1.88441666700000E+03,  5.73261694339548E-01,  6.30000000000000E-01, -1.09506359012618E-01,  9.54999999999999E+00,  4.99287268385515E+04,  1.61732544457400E+04
 1.88450000000000E+03,  6.74591526950644E-01,  3.12500000000000E-01, -1.09371886056349E-01,  9.72999999999999E+00,  3.43517511202348E+04,  2.30751576159572E+04
 1.88458333300000E+03,  7.15198999197275E-01, -3.50000000000000E-01, -1.09237352292660E-01,  9.90999999999999E+00,  2.49501400043546E+04,  4.31295543267087E+04
 1.88466666700000E+03,  6.60796317586380E-01, -9.87500000000000E-01, -1.09102757792814E-01,  1.00900000000000E+01,  2.24892431365478E+04,  7.38362044496513E+04
 1.88475000000000E+03,  5.13418943742838E-01, -1.79750000000000E+00, -1.08968102628149E-01,  1.02700000000000E+01,  2.60931110256056E+04,  1.10011096337322E+05
 1.88483333300000E+03,  3.63865647421483E-01, -2.19250000000000E+00, -1.08833386870076E-01,  1.04500000000000E+01,  3.37007521475258E+04,  1.45055996098452E+05
 1.88491666700000E+03,  2.77976980563697E-01, -1.42750000000000E+00, -1.08698610590078E-01,  1.06300000000000E+01,  4.27267561570787E+04,  1.72511059399049E+05
 1.88500000000000E+03,  2.54407345963196E-01, -3.42500000000000E-01, -1.08563773859707E-01,  1.08100000000000E+01,  5.07274434224891E+04,  1.87493138580464E+05
 1.88508333300000E+03,  3.65324666811267E-01,  1.35000000000000E-01, -1.08428876750593E-01,  1.09900000000000E+01,  5.59035916714353E+04,  1.87681042611688E+05
 1.88516666700000E+03,  5.90770737998062E-01, -5.20000000000000E-01, -9.03031337300795E-02,  1.11700000000000E+01,  5.73428981271197E+04,  1.73647998062604E+05
 1.88525000000000E+03,  7.49209814225612E-01, -1.58250000000000E+00, -9.04494494573898E-02,  1.13500000000000E+01,  5.49951907004044E+04,  1.48520137033308E+05
 1.88533333300000E+03,  8.48942698628817E-01, -1.61250000000000E+00, -9.05956301879152E-02,  1.15300000000000E+01,  4.94535579201136E+04,  1.17109723361135E+05
 1.88541666700000E+03,  9.68261734207861E-01, -9.60000000000000E-01, -9.07416759922415E-02,  1.17100000000000E+01,  4.16623334785999E+04,  8.47899221891343E+04
 1.88550000000000E+03,  1.06362233360896E+00,  7.50000000000006E-03, -9.08875869410803E-02,  1.18900000000000E+01,  3.26763920699767E+04,  5.64170604955321E+04
 1.88558333300000E+03,  1.09818798962760E+00,  7.67500000000000E-01, -9.10333631052667E-02,  1.20700000000000E+01,  2.35573334624742E+04,  3.55615013051595E+04
 1.88566666700000E+03,  1.03767218820852E+00,  7.12500000000000E-01, -9.11790045557598E-02,  1.22500000000000E+01,  1.54253781629944E+04,  2.41968438146780E+04
 1.88575000000000E+03,  8.84111679322061E-01,  4.55000000000000E-01, -9.13245113636417E-02,  1.24300000000000E+01,  9.61385156881122E+03,  2.28534045356976E+04
 1.88583333300000E+03,  7.28306530268297E-01,  4.05000000000000E-01, -9.14698836001173E-02,  1.26100000000000E+01,  7.82009098007905E+03,  3.11072072245795E+04
 1.88591666700000E+03,  6.36098599212591E-01,  7.07500000000000E-01, -9.16151213365127E-02,  1.27900000000000E+01,  1.21309019546279E+04,  4.81872577156135E+04
 1.88600000000000E+03,  6.06143603329758E-01,  1.23750000000000E+00, -9.17602246442757E-02,  1.29700000000000E+01,  2.48295967159308E+04,  7.34649585873495E+04
 1.88608333300000E+03,  6.56804118166535E-01,  1.60250000000000E+00, -9.19051935949746E-02,  1.31500000000000E+01,  4.79589122737756E+04,  1.06643464178530E+05
 1.88616666700000E+03,  7.70368385563659E-01,  1.93750000000000E+00, -8.27920814354216E-02,  1.33300000000000E+01,  8.27013326310732E+04,  1.47574477113064E+05
 1.88625000000000E+03,  8.75164229081939E-01,  2.26750000000000E+00, -8.29452535752260E-02,  1.35100000000000E+01,  1.28719829816916E+05,  1.95762802458864E+05
 1.88633333300000E+03,  9.77255797972335E-01,  2.38500000000000E+00, -8.30982873538643E-02,  1.36900000000000E+01,  1.83651827919862E+05,  2.49735748707877E+05
 1.88641666700000E+03,  1.09888748468778E+00,  2.40250000000000E+00, -8.32511828348038E-02,  1.38700000000000E+01,  2.42948426276143E+05,  3.06520236476595E+05
 1.88650000000000E+03,  1.19651434502297E+00,  2.08250000000000E+00, -8.34039400816706E-02,  1.40500000000000E+01,  3.00193579910611E+05,  3.61464078611844E+05
 1.88658333300000E+03,  1.23329952816288E+00,  1.12750000000000E+00, -8.35565591582492E-02,  1.42300000000000E+01,  3.47933366287322E+05,  4.08557917003199E+05
 1.88666666700000E+03,  1.17495618942880E+00,  3.12500000000000E-01, -8.37090401284818E-02,  1.44100000000000E+01,  3.78916855653577E+05,  4.41279843806566E+05
 1.88675000000000E+03,  1.02352076089714E+00,  6.50000000000000E-02, -8.38613830564676E-02,  1.45900000000000E+01,  3.87529215382524E+05,  4.53830735697440E+05
 1.88683333300000E+03,  8.69793005255994E-01,  2.25000000000000E-02, -8.40135880064618E-02,  1.47700000000000E+01,  3.71117053203812E+05,  4.42496613644481E+05
 1.88691666700000E+03,  7.79614489076714E-01, -1.92500000000000E-01, -8.41656550428752E-02,  1.49500000000000E+01,  3.30890513447793E+05,  4.06802671073450E+05
 1.88700000000000E+03,  7.51640650690868E-01, -5.70000000000000E-01, -8.43175842302732E-02,  1.51300000000000E+01,  2.72146581817794E+05,  3.50135551362652E+05
 1.88708333300000E+03,  6.83991822077421E-01, -5.45000000000000E-01, -8.44693756333753E-02,  1.53100000000000E+01,  2.03685580686488E+05,  2.79608654316940E+05
 1.88716666700000E+03,  5.59393349247149E-01, -3.02500000000000E-01, -1.03358856450733E-01,  1.54900000000000E+01,  1.36462775690653E+05,  2.05109972585913E+05
 1.88725000000000E+03,  5.47125152619747E-01, -7.75000000000000E-02, -1.03221703179696E-01,  1.56700000000000E+01,  8.16920511909565E+04,  1.37665301159679E+05
 1.88733333300000E+03,  6.52875669445422E-01,  8.10000000000000E-01, -1.03084492398796E-01,  1.58500000000000E+01,  4.87577317324452E+04,  8.74245475154094E+04
 1.88741666700000E+03,  7.78240230649042E-01,  2.25750000000000E+00, -1.02947224182492E-01,  1.60300000000000E+01,  4.33588583559089E+04,  6.16906222507263E+04
 1.88750000000000E+03,  8.79672955350235E-01,  2.95250000000000E+00, -1.02809898605310E-01,  1.62100000000000E+01,  6.62873620096438E+04,  6.34280600200824E+04
 1.88758333300000E+03,  9.20336040067452E-01,  2.46250000000000E+00, -1.02672515741843E-01,  1.63900000000000E+01,  1.13127689998966E+05,  9.06031009218548E+04
 1.88766666700000E+03,  8.65941671448126E-01,  2.10000000000000E+00, -1.02535075666756E-01,  1.65700000000000E+01,  1.74981797331152E+05,  1.36534384210170E+05
 1.88775000000000E+03,  7.18525296874944E-01,  2.26250000000000E+00, -1.02397578454778E-01,  1.67500000000000E+01,  2.40108347597636E+05,  1.91211447111895E+05
 1.88783333300000E+03,  5.68885679124989E-01,  2.20000000000000E+00, -1.02260024180708E-01,  1.69300000000000E+01,  2.96165591955785E+05,  2.43317951104418E+05
 1.88791666700000E+03,  4.82863369634303E-01,  2.19750000000000E+00, -1.02122412919413E-01,  1.71100000000000E+01,  3.32608973232787E+05,  2.82530300301036E+05
 1.88800000000000E+03,  4.59112776371000E-01,  2.30250000000000E+00, -1.01984744745827E-01,  1.72900000000000E+01,  3.42749927501215E+05,  3.01591003516112E+05
 1.88808333300000E+03,  5.17000339147542E-01,  2.33000000000000E+00, -1.01847019734953E-01,  1.74700000000000E+01,  3.25044218036732E+05,  2.97699120651078E+05
 1.88816666700000E+03,  6.36431812645463E-01,  2.26750000000000E+00, -9.24796947320798E-02,  1.76500000000000E+01,  2.83335304630149E+05,  2.72910018226264E+05
 1.88825000000000E+03,  7.41348450813585E-01,  1.83750000000000E+00, -9.26239967170565E-02,  1.78300000000000E+01,  2.25997859750676E+05,  2.33460426431787E+05
 1.88833333300000E+03,  8.40207253043938E-01,  1.84750000000000E+00, -9.27681647748549E-02,  1.80100000000000E+01,  1.64161036639671E+05,  1.88181175102579E+05
 1.88841666700000E+03,  9.58645267470813E-01,  2.31250000000000E+00, -9.29121989778667E-02,  1.81900000000000E+01,  1.09388780283229E+05,  1.46371350455839E+05
 1.88850000000000E+03,  1.05311802800549E+00,  2.19250000000000E+00, -9.30560993985990E-02,  1.83700000000000E+01,  7.13111954360743E+04,  1.15633581547874E+05
 1.88858333300000E+03,  1.08678914909079E+00,  1.83750000000000E+00, -9.31998661096746E-02,  1.85500000000000E+01,  5.57102437385123E+04,  1.00179760258197E+05
 1.88866666700000E+03,  1.02537223789302E+00,  2.01500000000000E+00, -9.33434991838297E-02,  1.87300000000000E+01,  6.34621835480536E+04,  1.00005860264545E+05
 1.88875000000000E+03,  8.70904164370585E-01,  2.23250000000000E+00, -9.34869986939154E-02,  1.89100000000000E+01,  9.05502052691566E+04,  1.11128270394969E+05
 1.88883333300000E+03,  7.14185116209222E-01,  1.74250000000000E+00, -9.36303647128953E-02,  1.90900000000000E+01,  1.29125519091273E+05,  1.26819900248564E+05
 1.88891666700000E+03,  6.21057071550453E-01,  1.57500000000000E+00, -9.37735973138461E-02,  1.92700000000000E+01,  1.69366068215562E+05,  1.39542058711270E+05
 1.88900000000000E+03,  5.90175866329094E-01,  2.25500000000000E+00, -9.39166965699564E-02,  1.94500000000000E+01,  2.01710083241461E+05,  1.43095635861603E+05
 1.88908333300000E+03,  4.57212247147740E-01,  2.87000000000000E+00, -9.40596625545258E-02,  1.96300000000000E+01,  2.18964992385380E+05,  1.34454627121866E+05
 1.88916666700000E+03,  2.01596970055635E-01,  3.21500000000000E+00, -4.11847755913212E-02,  1.98100000000000E+01,  2.17827363494436E+05,  1.14812771739822E+05
 1.88925000000000E+03,  1.14230663263027E-01,  3.31000000000000E+00, -4.13730677373312E-02,  1.99900000000000E+01,  1.99487919818099E+05,  8.95560919040211E+04
 1.88933333300000E+03,  2.04128549385395E-01,  3.04750000000000E+00, -4.15612128923789E-02,  2.01700000000000E+01,  1.69205345208260E+05,  6.71291228258966E+04
 1.88941666700000E+03,  3.13748856917678E-01,  2.23500000000000E+00, -4.17492110541455E-02,  2.03500000000000E+01,  1.34965762507512E+05,  5.70313283136906E+04
 1.88950000000000E+03,  3.99548944442979E-01,  1.31250000000000E+00, -4.19370622207158E-02,  2.05300000000000E+01,  1.05548638424344E+05,  6.73990395484798E+04
 1.88958333300000E+03,  4.24694210596301E-01,  1.05250000000000E+00, -4.21247663905763E-02,  2.07100000000000E+01,  8.84487003973816E+04,  1.02744324369435E+05
 1.88966666700000E+03,  3.54900005704677E-01,  1.14000000000000E+00, -4.23123235626142E-02,  2.08900000000000E+01,  8.81289271290234E+04,  1.62405839661930E+05
 1.88975000000000E+03,  1.92204901316680E-01,  1.34500000000000E+00, -4.24997337361161E-02,  2.10700000000000E+01,  1.04997221067528E+05,  2.40118865526039E+05
 1.88983333300000E+03,  2.74107454245293E-02,  1.40000000000000E+00, -4.26869969107669E-02,  2.12500000000000E+01,  1.35329010471361E+05,  3.24864106507126E+05
 1.88991666700000E+03, -7.36388653207133E-02,  9.02500000000000E-01, -4.28741130866480E-02,  2.14300000000000E+01,  1.72139590424776E+05,  4.02863058523819E+05
 1.89000000000000E+03, -1.12286518772190E-01,  4.42500000000000E-01, -4.30610822642365E-02,  2.16100000000000E+01,  2.06793841718771E+05,  4.60318594158616E+05
 1.89008333300000E+03, -2.18886893501118E-01,  1.77500000000000E-01, -4.32479044444035E-02,  2.17900000000000E+01,  2.30976299759273E+05,  4.86315577346049E+05
 1.89016666700000E+03, -4.10386869635246E-01, -4.17500000000000E-01, -5.45993226610356E-02,  2.19700000000000E+01,  2.38568243850000E+05,  4.75241716457521E+05
 1.89025000000000E+03, -4.60224225504744E-01, -1.11000000000000E+00, -5.47768566120754E-02,  2.21500000000000E+01,  2.27006714206283E+05,  4.28178329265225E+05
 1.89033333300000E+03, -3.63033393108894E-01, -1.25000000000000E+00, -5.49542443916094E-02,  2.23300000000000E+01,  1.97825156634122E+05,  3.52926204537262E+05
 1.89041666700000E+03, -2.46019939571710E-01, -1.39000000000000E+00, -5.51314860235839E-02,  2.25100000000000E+01,  1.56266731130861E+05,  2.62626253522243E+05
 1.89050000000000E+03, -1.52728740278766E-01, -2.15500000000000E+00, -5.53085815322594E-02,  2.26900000000000E+01,  1.10074340942954E+05,  1.73242606972034E+05
 1.89058333300000E+03, -1.19996641441373E-01, -2.66250000000000E+00, -5.54855309422102E-02,  2.28700000000000E+01,  6.77469566417295E+04,  1.00428049650789E+05
 1.89066666700000E+03, -1.82110548054102E-01, -2.13000000000000E+00, -5.56623342783225E-02,  2.30500000000000E+01,  3.66677063456552E+04,  5.64311482282753E+04
 1.89075000000000E+03, -3.37034153965685E-01, -1.61500000000000E+00, -5.58389915657937E-02,  2.32300000000000E+01,  2.15300445118818E+04,  4.76992613149046E+04
 1.89083333300000E+03, -4.93967885448263E-01, -2.05750000000000E+00, -5.60155028301313E-02,  2.34100000000000E+01,  2.34109845749089E+04,  7.36824779159372E+04
 1.89091666700000E+03, -5.87070428589432E-01, -2.48000000000000E+00, -5.61918680971518E-02,  2.35900000000000E+01,  3.96844848667904E+04,  1.27083490265884E+05
 1.89100000000000E+03, -6.17686662065706E-01, -2.08250000000000E+00, -5.63680873929792E-02,  2.37700000000000E+01,  6.47710468817040E+04,  1.95485472564458E+05
 1.89108333300000E+03, -3.89811227396847E-01, -7.97500000000000E-01, -5.65441607440445E-02,  2.39500000000000E+01,  9.15277379664726E+04,  2.63993962527142E+05
 1.89116666700000E+03,  7.72501122153717E-02,  5.70000000000000E-01, -9.58167665048179E-02,  2.41300000000000E+01,  1.12940498630197E+05,  3.18315203819216E+05
 1.89125000000000E+03,  3.54913562069020E-01,  1.31750000000000E+00, -9.59579581126616E-02,  2.43100000000000E+01,  1.23719774231213E+05,  3.47609154036620E+05
 1.89133333300000E+03,  4.50774776349990E-01,  1.70750000000000E+00, -9.60990175140277E-02,  2.44900000000000E+01,  1.21433719856408E+05,  3.46517746706020E+05
 1.89141666700000E+03,  5.66284548025510E-01,  2.00250000000000E+00, -9.62399447838545E-02,  2.46700000000000E+01,  1.06930823942391E+05,  3.15962253472421E+05
 1.89150000000000E+03,  6.57898670069584E-01,  2.00750000000000E+00, -9.63807399971826E-02,  2.48500000000000E+01,  8.39766052815794E+04,  2.62582697575057E+05
 1.89158333300000E+03,  6.88781001696923E-01,  1.26250000000000E+00, -9.65214032291538E-02,  2.50300000000000E+01,  5.82154869223546E+04,  1.96993423206219E+05
 1.89166666700000E+03,  6.24645379823508E-01,  4.87500000000000E-01, -9.66619345550106E-02,  2.52100000000000E+01,  3.57250053276396E+04,  1.31284237478024E+05
 1.89175000000000E+03,  4.67528888406323E-01, -3.15000000000000E-01, -9.68023340500956E-02,  2.53900000000000E+01,  2.15190498528928E+04,  7.63495048600264E+04
 1.89183333300000E+03,  3.08231915090809E-01, -9.47500000000000E-01, -9.69426017898511E-02,  2.55700000000000E+01,  1.83599987173158E+04,  3.96457751918980E+04
 1.89191666700000E+03,  2.12596623215615E-01, -2.15000000000000E-01, -9.70827378498185E-02,  2.57500000000000E+01,  2.61572767816234E+04,  2.38607086438851E+04
 1.89200000000000E+03,  1.79279018428705E-01,  7.95000000000000E-01, -9.72227423056378E-02,  2.59300000000000E+01,  4.20830539477280E+04,  2.67519680889444E+04
 1.89208333300000E+03,  7.89434029552816E-02,  1.14000000000000E+00, -9.73626152330467E-02,  2.61100000000000E+01,  6.13605103567095E+04,  4.21378661012704E+04
 1.89216666700000E+03, -1.05051214269660E-01,  9.30000000000000E-01, -6.14710084974498E-02,  2.62900000000000E+01,  7.85185147244763E+04,  6.17564885310993E+04
 1.89225000000000E+03, -1.47879693013802E-01,  7.50000000000001E-02, -6.16428151015604E-02,  2.64700000000000E+01,  8.87970412179066E+04,  7.75174908553111E+04
 1.89233333300000E+03, -4.44895543613499E-02, -8.62500000000000E-01, -6.18144767026198E-02,  2.66500000000000E+01,  8.93556428354896E+04,  8.35936954054187E+04
 1.89241666700000E+03,  7.86232218049521E-02, -1.54750000000000E+00, -6.19859933361264E-02,  2.68300000000000E+01,  7.99894857020965E+04,  7.78534958491129E+04
 1.89250000000000E+03,  1.77912541788585E-01, -1.75500000000000E+00, -6.21573650378509E-02,  2.70100000000000E+01,  6.31803635650200E+04,  6.23047946946550E+04
 1.89258333300000E+03,  2.16540373089114E-01, -1.56000000000000E+00, -6.23285918438359E-02,  2.71900000000000E+01,  4.34735595967093E+04,  4.24650108660733E+04
 1.89266666700000E+03,  1.60218656049309E-01, -1.65500000000000E+00, -6.24996737903945E-02,  2.73700000000000E+01,  2.63358242702931E+04,  2.58312688018140E+04
 1.89275000000000E+03,  1.09825733788355E-02, -2.00500000000000E+00, -6.26706109141094E-02,  2.75500000000000E+01,  1.67756312414599E+04,  1.98390845656294E+04
 1.89283333300000E+03, -1.40369392204558E-01, -2.15250000000000E+00, -6.28414032518319E-02,  2.77300000000000E+01,  1.80642980695344E+04,  2.98170089875175E+04
 1.89291666700000E+03, -2.27996985792211E-01, -1.70250000000000E+00, -6.30120508406810E-02,  2.79100000000000E+01,  3.08721089226355E+04,  5.74419425922079E+04
 1.89300000000000E+03, -2.53246113493125E-01, -9.57500000000000E-01, -6.31825537180420E-02,  2.80900000000000E+01,  5.30334667332579E+04,  1.00077196686820E+05
 1.89308333300000E+03, -3.00304018890598E-01, -5.02500000000000E-01, -6.33529119215662E-02,  2.82700000000000E+01,  8.00035593481368E+04,  1.51162856411818E+05
 1.89316666700000E+03, -3.90315401156444E-01, -6.07500000000000E-01,  3.25976110048828E-02,  2.84500000000000E+01,  1.05902419970688E+05,  2.01576337472271E+05
 1.89325000000000E+03, -3.93263294737455E-01, -1.09000000000000E+00,  3.23622706605787E-02,  2.86300000000000E+01,  1.24900409045665E+05,  2.41649627274152E+05
 1.89333333300000E+03, -2.99601038903422E-01, -6.17500000000000E-01,  3.21270411653743E-02,  2.88100000000000E+01,  1.32615832474867E+05,  2.63372723450557E+05
 1.89341666700000E+03, -1.86172816874548E-01,  8.67500000000000E-01,  3.18919227619383E-02,  2.89900000000000E+01,  1.27190427163117E+05,  2.62266584085755E+05
 1.89350000000000E+03, -9.65196271157523E-02,  1.74000000000000E+00,  3.16569156918940E-02,  2.91700000000000E+01,  1.09782952773025E+05,  2.38483746785125E+05
 1.89358333300000E+03, -6.74744533905671E-02,  1.51250000000000E+00,  3.14220201958215E-02,  2.93500000000000E+01,  8.43574717244332E+04,  1.96872680442070E+05
 1.89366666700000E+03, -1.33320355392680E-01,  6.42500000000000E-01,  3.11872365132603E-02,  2.95300000000000E+01,  5.68088482655428E+04,  1.45981111393673E+05
 1.89375000000000E+03, -2.92017201467656E-01,  2.00000000000000E-02,  3.09525648827117E-02,  2.97100000000000E+01,  3.36244080568662E+04,  9.62183050621239E+04
 1.89383333300000E+03, -4.52761612370845E-01, -2.92500000000000E-01,  3.07180055416409E-02,  2.98900000000000E+01,  2.03907593929309E+04,  5.75899766143858E+04
 1.89391666700000E+03, -5.49708491262950E-01, -9.62500000000000E-01,  3.04835587264800E-02,  3.00700000000000E+01,  2.04926502026099E+04,  3.75177321047711E+04
 1.89400000000000E+03, -5.84198959061565E-01, -1.41500000000000E+00,  3.02492246726294E-02,  3.02500000000000E+01,  3.43075813019264E+04,  3.92356134875059E+04
 1.89408333300000E+03, -5.69979395767691E-01, -1.53500000000000E+00,  3.00150036144613E-02,  3.04300000000000E+01,  5.90858681008668E+04,  6.11245455376704E+04
 1.89416666700000E+03, -5.23310838000452E-01, -1.92250000000000E+00,  1.24941391571585E-02,  3.06100000000000E+01,  8.95476184606014E+04,  9.71321218902164E+04
 1.89425000000000E+03, -4.50168293321172E-01, -2.64500000000000E+00,  1.22692831314555E-02,  3.07900000000000E+01,  1.19062560743521E+05,  1.38179480502418E+05
 1.89433333300000E+03, -3.45888512847218E-01, -3.17500000000000E+00,  1.20445554511073E-02,  3.09700000000000E+01,  1.41144247772343E+05,  1.74235170148687E+05
 1.89441666700000E+03, -2.21764422494266E-01, -2.94500000000000E+00,  1.18199562762187E-02,  3.11500000000000E+01,  1.50917900145256E+05,  1.96588038313871E+05
 1.89450000000000E+03, -1.21341994986226E-01, -2.40000000000000E+00,  1.15954857660471E-02,  3.13300000000000E+01,  1.46227477951603E+05,  1.99810016155456E+05
 1.89458333300000E+03, -8.14592106955335E-02, -2.18500000000000E+00,  1.13711440790038E-02,  3.15100000000000E+01,  1.28130633456587E+05,  1.82973345479459E+05
 1.89466666700000E+03, -1.36404146191048E-01, -2.43000000000000E+00,  1.11469313726576E-02,  3.16900000000000E+01,  1.00670430316940E+05,  1.49857268481515E+05
 1.89475000000000E+03, -2.84141704879254E-01, -2.89000000000000E+00,  1.09228478037353E-02,  3.18700000000000E+01,  6.99775143397931E+04,  1.08106835415183E+05
 1.89483333300000E+03, -4.33873557872257E-01, -2.83500000000000E+00,  1.06988935281245E-02,  3.20500000000000E+01,  4.29078113621570E+04,  6.75393510473627E+04
 1.89491666700000E+03, -5.19759671910735E-01, -2.07250000000000E+00,  1.04750687008761E-02,  3.22300000000000E+01,  2.55242881378501E+04,  3.79798529152275E+04
 1.89500000000000E+03, -5.43146242649406E-01, -1.22000000000000E+00,  1.02513734762058E-02,  3.24100000000000E+01,  2.17637009108722E+04,  2.71051949858822E+04
 1.89508333300000E+03, -5.71602471791100E-01, -1.23000000000000E+00,  1.00278080074964E-02,  3.25900000000000E+01,  3.25840090838284E+04,  3.87665969518993E+04
 1.89516666700000E+03, -6.24012012773077E-01, -2.12000000000000E+00, -5.73214927354002E-02,  3.27700000000000E+01,  5.57765566875068E+04,  7.21473303678609E+04
 1.89525000000000E+03, -6.01345560886562E-01, -2.49750000000000E+00, -5.74967748444246E-02,  3.29500000000000E+01,  8.64755528027652E+04,  1.21923032732870E+05
 1.89533333300000E+03, -4.96343495858429E-01, -1.89250000000000E+00, -5.76719111857421E-02,  3.31300000000000E+01,  1.18240887824415E+05,  1.79370771106673E+05
 1.89541666700000E+03, -3.71509504669486E-01, -1.09500000000000E+00, -5.78469017880271E-02,  3.33100000000000E+01,  1.44464524361075E+05,  2.34169256477700E+05
 1.89550000000000E+03, -2.70390513239837E-01, -7.30000000000000E-01, -5.80217466802512E-02,  3.34900000000000E+01,  1.59783573824496E+05,  2.76491036172867E+05
 1.89558333300000E+03, -2.29825420082712E-01, -3.35000000000000E-01, -5.81964458916830E-02,  3.36700000000000E+01,  1.61188758550051E+05,  2.98937367203462E+05
 1.89566666700000E+03, -2.84103184945060E-01,  4.45000000000000E-01, -5.83709994518861E-02,  3.38500000000000E+01,  1.48592427329147E+05,  2.97915784490965E+05
 1.89575000000000E+03, -4.31189559561951E-01,  4.05000000000000E-01, -5.85454073907188E-02,  3.40300000000000E+01,  1.24746914736179E+05,  2.74194688983995E+05
 1.89583333300000E+03, -5.80287027845969E-01, -3.52500000000000E-01, -5.87196697383326E-02,  3.42100000000000E+01,  9.45518402068431E+04,  2.32555749998000E+05
 1.89591666700000E+03, -6.65556333964342E-01, -5.52500000000000E-01, -5.88937865251712E-02,  3.43900000000000E+01,  6.39238511927743E+04,  1.80660351266368E+05
 1.89600000000000E+03, -6.88344415798717E-01, -2.45000000000000E-01, -5.90677577819695E-02,  3.45700000000000E+01,  3.84940647868517E+04,  1.27407289979305E+05
 1.89608333300000E+03, -4.47220218770980E-01,  2.75000000000000E-02, -5.92415835397527E-02,  3.47500000000000E+01,  2.24274747488900E+04,  8.11516129867910E+04
 1.89616666700000E+03,  3.56377830606312E-02,  1.30000000000000E-01, -2.68504084561955E-02,  3.49300000000000E+01,  1.76201969839004E+04,  4.81618103157664E+04
 1.89625000000000E+03,  3.17906880768892E-01,  9.07500000000000E-01, -2.70495366212165E-02,  3.51100000000000E+01,  2.34355410048923E+04,  3.16174822193686E+04
 1.89633333300000E+03,  4.10030864407907E-01,  2.00500000000000E+00, -2.72485191810717E-02,  3.52900000000000E+01,  3.70120628071618E+04,  3.13133149507798E+04
 1.89641666700000E+03,  5.21748974884597E-01,  1.97000000000000E+00, -2.74473560997668E-02,  3.54700000000000E+01,  5.40463478866453E+04,  4.40716583547924E+04
 1.89650000000000E+03,  6.09518682468929E-01,  1.30750000000000E+00, -2.76460473418161E-02,  3.56500000000000E+01,  6.98502616965389E+04,  6.47133997965554E+04
 1.89658333300000E+03,  6.36505542196157E-01,  1.56500000000000E+00, -2.78445928722409E-02,  3.58300000000000E+01,  8.04294248968867E+04,  8.73286976610414E+04
 1.89666666700000E+03,  5.68425103227011E-01,  2.29000000000000E+00, -2.80429926565679E-02,  3.60100000000000E+01,  8.33370022802896E+04,  1.06546854031188E+05
 1.89675000000000E+03,  4.07316176085473E-01,  1.81250000000000E+00, -2.82412466608279E-02,  3.61900000000000E+01,  7.81204700118136E+04,  1.18533127613530E+05
 1.89683333300000E+03,  2.43980891266622E-01,  8.80000000000000E-01, -2.84393548515539E-02,  3.63700000000000E+01,  6.62818543328442E+04,  1.21527914194323E+05
 1.89691666700000E+03,  1.44263169136660E-01,  7.02500000000000E-01, -2.86373171957798E-02,  3.65500000000000E+01,  5.07885066527464E+04,  1.15865778387957E+05
 1.89700000000000E+03,  1.06820784443460E-01,  9.75000000000000E-01, -2.88351336610392E-02,  3.67300000000000E+01,  3.52740348890853E+04,  1.03537212478102E+05
 1.89708333300000E+03,  7.09287694897049E-02,  1.72500000000000E+00, -2.90328042153632E-02,  3.69100000000000E+01,  2.31341359285985E+04,  8.74549484499846E+04
 1.89716666700000E+03,  2.19643384300276E-02,  2.57250000000000E+00,  6.08411803607587E-02,  3.70900000000000E+01,  1.67360634736030E+04,  7.06377198631968E+04
 1.89725000000000E+03,  4.94791405188285E-02,  2.50750000000000E+00,  6.05948465007817E-02,  3.72700000000000E+01,  1.69222127815259E+04,  5.55191186043504E+04
 1.89733333300000E+03,  1.56362812605612E-01,  1.78250000000000E+00,  6.03485871746452E-02,  3.74500000000000E+01,  2.29091131407360E+04,  4.35334482580166E+04
 1.89741666700000E+03,  2.82638083391941E-01,  1.24500000000000E+00,  6.01024027646559E-02,  3.76300000000000E+01,  3.25835746364873E+04,  3.50420863749112E+04
 1.89750000000000E+03,  3.84758318208115E-01,  8.77500000000000E-01,  5.98562936517781E-02,  3.78100000000000E+01,  4.31024640883387E+04,  2.95676078138338E+04
 1.89758333300000E+03,  4.25885076258741E-01,  5.50000000000000E-01,  5.96102602156362E-02,  3.79900000000000E+01,  5.16342235343856E+04,  2.62239528289698E+04
 1.89766666700000E+03,  3.71730021166369E-01,  5.70000000000000E-01,  5.93643028345173E-02,  3.81700000000000E+01,  5.60540865849425E+04,  2.41884676449826E+04
 1.89775000000000E+03,  2.24328189331770E-01,  5.62500000000000E-01,  5.91184218853740E-02,  3.83500000000000E+01,  5.54255267073567E+04,  2.30644268921529E+04
 1.89783333300000E+03,  7.44780504163227E-02,  1.87500000000000E-01,  5.88726177438268E-02,  3.85300000000000E+01,  5.01608480307313E+04,  2.30271777044824E+04
 1.89791666700000E+03, -1.19800217580526E-02, -4.00000000000000E-02,  5.86268907841673E-02,  3.87100000000000E+01,  4.18376742307533E+04,  2.47190643578811E+04
 1.89800000000000E+03, -3.63916837603614E-02,  1.30000000000000E-01,  5.83812413793602E-02,  3.88900000000000E+01,  3.27339750501542E+04,  2.89368962149065E+04
 1.89808333300000E+03, -4.20060011892777E-02,  6.12500000000000E-01,  5.81356699010462E-02,  3.90700000000000E+01,  2.52110573166212E+04,  3.62190447242752E+04
 1.89816666700000E+03, -4.86194209457994E-02,  9.30000000000000E-01,  4.56217488737148E-02,  3.92500000000000E+01,  2.11059502675237E+04,  4.64702173952490E+04
 1.89825000000000E+03, -6.75181288602877E-03,  8.95000000000000E-01,  4.53807500086724E-02,  3.94299999999999E+01,  2.12852593748508E+04,  5.87526135451568E+04
 1.89833333300000E+03,  9.17767964163739E-02,  1.22000000000000E+00,  4.51398470692383E-02,  3.96099999999999E+01,  2.54657101195221E+04,  7.13255864554094E+04
 1.89841666700000E+03,  2.09702154886052E-01,  1.90750000000000E+00,  4.48990403589392E-02,  3.97899999999999E+01,  3.23352690359076E+04,  8.19451816955191E+04
 1.89850000000000E+03,  3.03482448732046E-01,  2.05000000000000E+00,  4.46583301801216E-02,  3.99699999999999E+01,  3.99315827937331E+04,  8.83594531047813E+04
 1.89858333300000E+03,  3.36284045543633E-01,  1.59750000000000E+00,  4.44177168339538E-02,  4.01499999999999E+01,  4.61710378456432E+04,  8.88759330257492E+04
 1.89866666700000E+03,  2.73823402138935E-01,  9.00000000000000E-01,  4.41772006204294E-02,  4.03299999999999E+01,  4.93875019638041E+04,  8.28504529355792E+04
 1.89875000000000E+03,  1.18140330245703E-01, -1.07500000000000E-01,  4.39367818383692E-02,  4.05099999999999E+01,  4.87424662411403E+04,  7.09595251440544E+04
 1.89883333300000E+03, -3.99619448670243E-02, -6.22500000000000E-01,  4.36964607854234E-02,  4.06899999999999E+01,  4.44060549697769E+04,  5.51689586388338E+04
 1.89891666700000E+03, -1.34638316134486E-01, -3.90000000000000E-01,  4.34562377580752E-02,  4.08699999999999E+01,  3.74705923642854E+04,  3.83866555088774E+04
 1.89900000000000E+03, -1.67229731873934E-01, -3.60000000000000E-01,  4.32161130516423E-02,  4.10499999999999E+01,  2.96285674206063E+04,  2.38683549707286E+04
 1.89908333300000E+03,  5.64885277526536E-03, -3.47500000000000E-01,  4.29760869602796E-02,  4.12299999999999E+01,  2.27067717829894E+04,  1.45105392513718E+04
 1.89916666700000E+03,  3.67432673459466E-01,  1.37500000000000E-01, -1.01686010598988E-02,  4.14099999999999E+01,  1.81829772503583E+04,  1.21976104709066E+04
 1.89925000000000E+03,  5.97565768456936E-01,  1.00500000000000E+00, -1.03794028113462E-02,  4.15899999999999E+01,  1.68124559150384E+04,  1.73617990262528E+04
 1.89933333300000E+03,  7.00986008137680E-01,  1.78500000000000E+00, -1.05900637376501E-02,  4.17699999999999E+01,  1.84594165387491E+04,  2.88656277947414E+04
 1.89941666700000E+03,  8.23821538670345E-01,  1.81250000000000E+00, -1.08005837560242E-02,  4.19499999999999E+01,  2.21720563913728E+04,  4.42399067100261E+04
 1.89950000000000E+03,  9.22527515210696E-01,  1.79000000000000E+00, -1.10109627843255E-02,  4.21299999999999E+01,  2.64745212236543E+04,  6.02242239951662E+04
 1.89958333300000E+03,  9.60267254300364E-01,  2.04250000000000E+00, -1.12212007410534E-02,  4.23099999999999E+01,  2.97918693368833E+04,  7.34832672407131E+04
 1.89966666700000E+03,  9.02754142685037E-01,  1.64500000000000E+00, -1.14312975453472E-02,  4.24899999999999E+01,  3.08900542948741E+04,  8.13296083779591E+04
 1.89975000000000E+03,  7.52024903976253E-01,  1.37500000000000E+00, -1.16412531169847E-02,  4.26699999999999E+01,  2.92107140835136E+04,  8.22826819492135E+04
 1.89983333300000E+03,  5.98879659087959E-01,  2.06750000000000E+00, -1.18510673763802E-02,  4.28499999999999E+01,  2.50105331635050E+04,  7.63349441465040E+04
 1.89991666700000E+03,  5.09160395493383E-01,  2.60750000000000E+00, -1.20607402445827E-02,  4.30299999999999E+01,  1.92690328960426E+04,  6.48693471800393E+04
 1.90000000000000E+03,  4.81523031059224E-01,  2.39250000000000E+00, -1.22702716432748E-02,  4.32099999999999E+01,  1.33924213328114E+04,  5.02589287155147E+04
 1.90008333300000E+03,  2.47884497854695E-01,  1.79000000000000E+00, -1.24796614947698E-02,  4.33899999999999E+01,  8.79759007753063E+03,  3.52576405135835E+04
 1.90016666700000E+03, -2.09972159970591E-01,  1.32750000000000E+00,  2.06774938405936E-02,  4.35699999999999E+01,  6.49431915483964E+03,  2.23416977630843E+04
 1.90025000000000E+03, -3.91224802720164E-01,  1.06750000000000E+00,  2.04481289590866E-02,  4.37499999999999E+01,  6.78588388723810E+03,  1.31699698029222E+04
 1.90033333300000E+03, -2.89088195420862E-01,  4.97500000000000E-01,  2.02188860726183E-02,  4.39299999999999E+01,  9.17749796740191E+03,  8.29786505727464E+03
 1.90041666700000E+03, -1.67150675865233E-01,  3.30000000000000E-01,  1.99897653732728E-02,  4.41099999999999E+01,  1.25260015239094E+04,  7.21044886258000E+03
 1.90050000000000E+03, -6.89573647061795E-02,  5.67500000000000E-01,  1.97607670522078E-02,  4.42899999999999E+01,  1.53973606805306E+04,  8.65477478102574E+03
 1.90058333300000E+03, -3.13453793001091E-02,  4.55000000000000E-01,  1.95318912996567E-02,  4.44699999999999E+01,  1.65385133592873E+04,  1.11707537291083E+04
 1.90066666700000E+03, -8.86019242568870E-02,  6.35000000000000E-01,  1.93031383049312E-02,  4.46499999999999E+01,  1.53331615969202E+04,  1.36654184139310E+04
 1.90075000000000E+03, -2.38691024082708E-01,  9.15000000000000E-01,  1.90745082564227E-02,  4.48299999999999E+01,  1.21079619128150E+04,  1.58617879092201E+04
 1.90083333300000E+03, -3.90813461172219E-01,  9.57500000000000E-01,  1.88460013416057E-02,  4.50099999999999E+01,  8.18838417275483E+03,  1.84850192607018E+04
 1.90091666700000E+03, -4.79128305731463E-01,  1.02000000000000E+00,  1.86176177470389E-02,  4.51899999999999E+01,  5.66517409902141E+03,  2.31178789061853E+04
 1.90100000000000E+03, -5.04980851062466E-01,  1.15500000000000E+00,  1.83893576583684E-02,  4.53699999999999E+01,  6.90799579187566E+03,  3.17475441213490E+04
 1.90108333300000E+03, -5.25293459146843E-01,  1.55750000000000E+00,  1.81612212603290E-02,  4.55499999999999E+01,  1.39333962707767E+04,  4.61133444188556E+04
 1.90116666700000E+03, -5.56385490644888E-01,  1.74750000000000E+00,  6.34593815453171E-02,  4.57299999999999E+01,  2.77812079217365E+04,  6.70272202274178E+04
 1.90125000000000E+03, -5.18019863903285E-01,  1.46500000000000E+00,  6.32122807470615E-02,  4.59099999999999E+01,  4.80636206365786E+04,  9.38581798027814E+04
 1.90133333300000E+03, -4.05629421653771E-01,  1.43750000000000E+00,  6.29652503428212E-02,  4.60899999999999E+01,  7.28199269362857E+04,  1.24342004375605E+05
 1.90141666700000E+03, -2.73701073265547E-01,  1.86250000000000E+00,  6.27182907293117E-02,  4.62699999999999E+01,  9.87431006453230E+04,  1.54803420001170E+05
 1.90150000000000E+03, -1.65783465968121E-01,  2.02750000000000E+00,  6.24714023018776E-02,  4.64499999999999E+01,  1.21756794594815E+05,  1.80776847937168E+05
 1.90158333300000E+03, -1.18717106232893E-01,  1.48000000000000E+00,  6.22245854544954E-02,  4.66299999999999E+01,  1.37833703373110E+05,  1.97908093501104E+05
 1.90166666700000E+03, -1.66792449258752E-01,  3.02500000000000E-01,  6.19778405797761E-02,  4.68099999999999E+01,  1.43880092887852E+05,  2.02939007579026E+05
 1.90175000000000E+03, -3.07976630622039E-01, -6.25000000000000E-01,  6.17311680689680E-02,  4.69899999999999E+01,  1.38483840544938E+05,  1.94541533165610E+05
 1.90183333300000E+03, -4.51473402535550E-01, -7.25000000000000E-01,  6.14845683119595E-02,  4.71699999999999E+01,  1.22343032800778E+05,  1.73787682269961E+05
 1.90191666700000E+03, -5.31444662923357E-01, -7.12500000000000E-01,  6.12380416972812E-02,  4.73499999999999E+01,  9.82564351630186E+04,  1.44115627361258E+05
 1.90200000000000E+03, -5.49238389929714E-01, -7.25000000000000E-01,  6.09915886121092E-02,  4.75299999999999E+01,  7.06525785766125E+04,  1.10763786937521E+05
 1.90208333300000E+03, -5.03384281715766E-01, -4.15000000000000E-01,  6.07452094422672E-02,  4.77099999999999E+01,  4.47394565837883E+04,  7.97692111869622E+04
 1.90216666700000E+03, -4.16100976583237E-01, -4.77500000000000E-01,  3.84109610268358E-02,  4.78899999999999E+01,  2.54474845888598E+04,  5.67343482311633E+04
 1.90225000000000E+03, -3.29766344344148E-01, -9.37500000000000E-01,  3.81729776581747E-02,  4.80699999999999E+01,  1.63926644831801E+04,  4.56309174829927E+04
 1.90233333300000E+03, -2.33766900776600E-01, -1.36000000000000E+00,  3.79350988446292E-02,  4.82499999999999E+01,  1.90909291669023E+04,  4.79140171564861E+04
 1.90241666700000E+03, -1.18217771322617E-01, -2.11500000000000E+00,  3.76973248552995E-02,  4.84299999999999E+01,  3.26058798237969E+04,  6.21603688649926E+04
 1.90250000000000E+03, -2.66601118069976E-02, -2.41500000000000E+00,  3.74596559581808E-02,  4.86099999999999E+01,  5.37202842134149E+04,  8.43333195505044E+04
 1.90258333300000E+03,  4.07303013273592E-03, -1.49000000000000E+00,  3.72220924201656E-02,  4.87899999999999E+01,  7.76067421215044E+04,  1.08638069193890E+05
 1.90266666700000E+03, -6.03013781701548E-02, -2.95000000000000E-01,  3.69846345070465E-02,  4.89699999999999E+01,  9.88606298819936E+04,  1.28795013805823E+05
 1.90275000000000E+03, -2.17743089759277E-01, -1.15000000000000E-01,  3.67472824835180E-02,  4.91499999999999E+01,  1.12674534738430E+05,  1.39458575182938E+05
 1.90283333300000E+03, -3.77448517164278E-01, -6.60000000000000E-01,  3.65100366131797E-02,  4.93299999999999E+01,  1.15897579699684E+05,  1.37467595012878E+05
 1.90291666700000E+03, -4.73572265102476E-01, -7.27500000000000E-01,  3.62728971585381E-02,  4.95099999999999E+01,  1.07744333927100E+05,  1.22642339678018E+05
 1.90300000000000E+03, -5.07455068577213E-01, -1.95000000000000E-01,  3.60358643810096E-02,  4.96899999999999E+01,  8.99924896700263E+04,  9.79374698641720E+04
 1.90308333300000E+03, -5.54143866373970E-01,  1.07500000000000E-01,  3.57989385409227E-02,  4.98699999999999E+01,  6.66200502409738E+04,  6.88999264462379E+04
 1.90316666700000E+03, -6.33131382751168E-01, -2.40000000000000E-01,  2.83761431506075E-02,  5.00499999999999E+01,  4.29566544448185E+04,  4.25347639435714E+04
 1.90325000000000E+03, -6.30983714378141E-01, -7.62500000000000E-01,  2.81428356022666E-02,  5.02299999999999E+01,  2.45320417107316E+04,  2.58158866100787E+04
 1.90333333300000E+03, -5.39726413400265E-01, -1.24750000000000E+00,  2.79096431154568E-02,  5.04099999999999E+01,  1.58729990397805E+04,  2.41618426735399E+04
 1.90341666700000E+03, -4.28677970663072E-01, -1.56250000000000E+00,  2.76765659143816E-02,  5.05899999999999E+01,  1.95127953648222E+04,  4.02098664535373E+04
 1.90350000000000E+03, -3.41378237251412E-01, -2.28250000000000E+00,  2.74436042222424E-02,  5.07699999999999E+01,  3.54309954448050E+04,  7.31604682819175E+04
 1.90358333300000E+03, -3.14659069327119E-01, -3.68750000000000E+00,  2.72107582612396E-02,  5.09499999999999E+01,  6.10468309463706E+04,  1.18842979408920E+05
 1.90366666700000E+03, -3.82802421783710E-01, -4.22500000000000E+00,  2.69780282525757E-02,  5.11299999999999E+01,  9.17671670033773E+04,  1.70496337916564E+05
 1.90375000000000E+03, -5.43767083978964E-01, -3.48750000000000E+00,  2.67454144164576E-02,  5.13099999999999E+01,  1.21967909353490E+05,  2.20103668226062E+05
 1.90383333300000E+03, -7.06748618363060E-01, -2.76000000000000E+00,  2.65129169720986E-02,  5.14899999999999E+01,  1.46192795120670E+05,  2.59998494073379E+05
 1.90391666700000E+03, -8.05900893459048E-01, -2.85750000000000E+00,  2.62805361377208E-02,  5.16699999999999E+01,  1.60307011568440E+05,  2.84401540857814E+05
 1.90400000000000E+03, -8.42564022187119E-01, -3.34500000000000E+00,  2.60482721305579E-02,  5.18499999999999E+01,  1.62355104215475E+05,  2.90562953678035E+05
 1.90408333300000E+03, -1.12619745957841E+00, -3.62000000000000E+00,  2.58161251668568E-02,  5.20299999999999E+01,  1.52940044622759E+05,  2.79271540873690E+05
 1.90416666700000E+03, -1.67322170121578E+00, -3.81250000000000E+00,  8.96666329018224E-02,  5.22099999999999E+01,  1.35047563575374E+05,  2.54630683268691E+05
 1.90425000000000E+03, -1.89831484268911E+00, -3.98000000000000E+00,  8.94146384629725E-02,  5.23899999999999E+01,  1.13362538008161E+05,  2.23158872771640E+05
 1.90433333300000E+03, -1.79659553789292E+00, -4.04250000000000E+00,  8.91626646969581E-02,  5.25699999999999E+01,  9.32347649098602E+04,  1.92416292617928E+05
 1.90441666700000E+03, -1.67488056585119E+00, -3.91000000000000E+00,  8.89107121591332E-02,  5.27499999999999E+01,  7.95253585765591E+04,  1.69456014799977E+05
 1.90450000000000E+03, -1.57671424676994E+00, -3.55750000000000E+00,  8.86587814031985E-02,  5.29299999999999E+01,  7.55863623882083E+04,  1.59428650719600E+05
 1.90458333300000E+03, -1.53893299148396E+00, -3.70750000000000E+00,  8.84068729812037E-02,  5.31099999999999E+01,  8.25911520931655E+04,  1.64627321516977E+05
 1.90466666700000E+03, -1.59582339341551E+00, -4.11500000000000E+00,  8.81549874435505E-02,  5.32899999999999E+01,  9.93507727719352E+04,  1.84156533568897E+05
 1.90475000000000E+03, -1.74534896256938E+00, -3.47250000000000E+00,  8.79031253389950E-02,  5.34699999999999E+01,  1.22640969848891E+05,  2.14268357223233E+05
 1.90483333300000E+03, -1.89671006157058E+00, -2.23500000000000E+00,  8.76512872146508E-02,  5.36499999999999E+01,  1.47951729806078E+05,  2.49264314433025E+05
 1.90491666700000E+03, -1.98406543682851E+00, -1.76000000000000E+00,  8.73994736159914E-02,  5.38299999999999E+01,  1.70481043633452E+05,  2.82743939268155E+05
 1.90500000000000E+03, -2.00876015500617E+00, -1.89750000000000E+00,  8.71476850868530E-02,  5.40099999999999E+01,  1.86146983204458E+05,  3.08916339618832E+05
 1.90508333300000E+03, -2.10431394589541E+00, -2.30750000000000E+00,  8.68959221694367E-02,  5.41899999999999E+01,  1.92396553263670E+05,  3.23691840862592E+05
 1.90516666700000E+03, -2.29086624324203E+00, -2.62000000000000E+00,  9.48146484691959E-02,  5.43699999999999E+01,  1.88643601112572E+05,  3.25334304316824E+05
 1.90525000000000E+03, -2.33873380076900E+00, -1.85500000000000E+00,  9.45623561189984E-02,  5.45499999999999E+01,  1.76257594684821E+05,  3.14564170771890E+05
 1.90533333300000E+03, -2.23938527247498E+00, -1.11500000000000E+00,  9.43100727383874E-02,  5.47299999999999E+01,  1.58128824777789E+05,  2.94130958147036E+05
 1.90541666700000E+03, -2.12000921786741E+00, -1.09250000000000E+00,  9.40577989170563E-02,  5.49099999999999E+01,  1.37929446889802E+05,  2.67991670174498E+05
 1.90550000000000E+03, -2.02414852298533E+00, -9.95000000000000E-01,  9.38055352429902E-02,  5.50899999999999E+01,  1.19252668333201E+05,  2.40311822843981E+05
 1.90558333300000E+03, -1.98863817791765E+00, -1.67500000000000E+00,  9.35532823024696E-02,  5.52699999999999E+01,  1.04831029348229E+05,  2.14531736387732E+05
 1.90566666700000E+03, -2.04776336996526E+00, -2.70500000000000E+00,  9.33010406800718E-02,  5.54499999999999E+01,  9.60065041741846E+04,  1.92708853867603E+05
 1.90575000000000E+03, -2.19948621883066E+00, -2.76000000000000E+00,  9.30488109586744E-02,  5.56299999999999E+01,  9.25583943629423E+04,  1.75267312688268E+05
 1.90583333300000E+03, -2.35300571302708E+00, -2.52250000000000E+00,  9.27965937194580E-02,  5.58099999999999E+01,  9.29067174439805E+04,  1.61179836065843E+05
 1.90591666700000E+03, -2.44247924221617E+00, -2.01500000000000E+00,  9.25443895419081E-02,  5.59899999999999E+01,  9.46204586652703E+04,  1.48500752052555E+05
 1.90600000000000E+03, -2.46925053484005E+00, -9.95000000000000E-01,  9.22921990038183E-02,  5.61699999999999E+01,  9.50923614269698E+04,  1.35088112377272E+05
 1.90608333300000E+03, -2.02855784053821E+00, -4.17500000000000E-01,  9.20400226812933E-02,  5.63499999999999E+01,  9.22099948572799E+04,  1.19315914231374E+05
 1.90616666700000E+03, -1.13963627222419E+00, -4.00000000000000E-01,  5.21363024740182E-02,  5.65299999999999E+01,  8.48627677051920E+04,  1.00591467905402E+05
 1.90625000000000E+03, -6.48602647992552E-01, -6.97500000000000E-01,  5.18928425845826E-02,  5.67099999999999E+01,  7.31722981963448E+04,  7.95524620244218E+04
 1.90633333300000E+03, -5.48115766604716E-01, -8.35000000000000E-01,  5.16494700081626E-02,  5.68899999999999E+01,  5.84061517159596E+04,  5.79067545642548E+04
 1.90641666700000E+03, -4.28130674553650E-01, -3.25000000000000E-01,  5.14061850809771E-02,  5.70699999999999E+01,  4.26139549362952E+04,  3.79722405283126E+04
 1.90650000000000E+03, -3.32189958571100E-01, -1.25000000000000E-01,  5.11629881379959E-02,  5.72499999999999E+01,  2.80909043303339E+04,  2.20504301644648E+04
 1.90658333300000E+03, -2.97128063969245E-01, -5.87500000000000E-01,  5.09198795129421E-02,  5.74299999999999E+01,  1.68111172388443E+04,  1.18068782949873E+04
 1.90666666700000E+03, -3.57229388644293E-01, -1.06250000000000E+00,  5.06768595382945E-02,  5.76099999999999E+01,  9.97399472809068E+03,  7.82527638916213E+03
 1.90675000000000E+03, -5.10455019228755E-01, -1.00000000000000E+00,  5.04339285452907E-02,  5.77899999999999E+01,  7.77188337204044E+03,  9.45252935077046E+03
 1.90683333300000E+03, -6.66002667771399E-01, -9.57500000000000E-01,  5.01910868639294E-02,  5.79699999999999E+01,  9.42666819864911E+03,  1.49730176006028E+04
 1.90691666700000E+03, -7.58028205278026E-01, -1.59000000000000E+00,  4.99483348229729E-02,  5.81499999999999E+01,  1.34724289835927E+04,  2.20623157852034E+04
 1.90700000000000E+03, -7.87873600665719E-01, -2.31750000000000E+00,  4.97056727499497E-02,  5.83299999999999E+01,  1.81989089830420E+04,  2.83966944769738E+04
 1.90708333300000E+03, -1.03688214007709E+00, -2.79750000000000E+00,  4.94631009711574E-02,  5.85099999999999E+01,  2.21317942270240E+04,  3.22537723142535E+04
 1.90716666700000E+03, -1.52168622888968E+00, -2.50250000000000E+00,  8.75729950262944E-02,  5.86899999999999E+01,  2.44199531051097E+04,  3.29421630610561E+04
 1.90725000000000E+03, -1.71337015116849E+00, -1.77250000000000E+00,  8.73211891636378E-02,  5.88699999999999E+01,  2.50276712754788E+04,  3.09431810403421E+04
 1.90733333300000E+03, -1.60676099186315E+00, -1.74250000000000E+00,  8.70694085392489E-02,  5.90499999999999E+01,  2.46838514062829E+04,  2.77239990431497E+04
 1.90741666700000E+03, -1.48030762584719E+00, -2.30500000000000E+00,  8.68176536948215E-02,  5.92299999999999E+01,  2.46059638390029E+04,  2.52694727819722E+04
 1.90750000000000E+03, -1.37755610364324E+00, -2.78750000000000E+00,  8.65659251704180E-02,  5.94099999999999E+01,  2.60772005508089E+04,  2.54564838743198E+04
 1.90758333300000E+03, -1.33534449219654E+00, -2.68250000000000E+00,  8.63142235044727E-02,  5.95899999999999E+01,  2.99951968271328E+04,  2.94401021194656E+04
 1.90766666700000E+03, -1.38796096706029E+00, -2.18750000000000E+00,  8.60625492337938E-02,  5.97699999999999E+01,  3.65195725630999E+04,  3.72228510743267E+04
 1.90775000000000E+03, -1.53337054665436E+00, -2.07250000000000E+00,  8.58109028935667E-02,  5.99499999999999E+01,  4.49210272991873E+04,  4.75354949013313E+04
 1.90783333300000E+03, -1.68077502616450E+00, -2.12250000000000E+00,  8.55592850173559E-02,  6.01299999999999E+01,  5.36828920284463E+04,  5.80800255624268E+04
 1.90791666700000E+03, -1.76433450904290E+00, -2.06250000000000E+00,  8.53076961371090E-02,  6.03099999999999E+01,  6.08399372837053E+04,  6.60918985632490E+04
 1.90800000000000E+03, -1.78539534385175E+00, -2.18000000000000E+00,  8.50561367831581E-02,  6.04899999999999E+01,  6.44756017297350E+04,  6.90924138986232E+04
 1.90808333300000E+03, -1.83633910321539E+00, -2.30750000000000E+00,  8.48046074842229E-02,  6.06699999999999E+01,  6.32539101061566E+04,  6.56454771370779E+04
 1.90816666700000E+03, -1.94006593963622E+00, -2.27250000000000E+00,  1.79216836572135E-01,  6.08499999999999E+01,  5.68479352860479E+04,  5.59209706251573E+04
 1.90825000000000E+03, -1.95196397745403E+00, -2.02250000000000E+00,  1.79012984237584E-01,  6.10299999999999E+01,  4.61469835587510E+04,  4.19040728221664E+04
 1.90833333300000E+03, -1.86080686765700E+00, -1.46500000000000E+00,  1.78808807346298E-01,  6.12099999999999E+01,  3.31753983391623E+04,  2.71685400013862E+04
 1.90841666700000E+03, -1.74991591280814E+00, -6.32500000000000E-01,  1.78604307214883E-01,  6.13899999999999E+01,  2.07250281596712E+04,  1.62342888445159E+04
 1.90850000000000E+03, -1.66283315536841E+00,  1.25000000000000E-02,  1.78399485157805E-01,  6.15699999999999E+01,  1.17742908028528E+04,  1.36314695736599E+04
 1.90858333300000E+03, -1.63639257842411E+00, -9.00000000000000E-02,  1.78194342487389E-01,  6.17499999999999E+01,  8.82199415405496E+03,  2.28700094323361E+04
 1.90866666700000E+03, -1.70487819960544E+00, -6.92500000000000E-01,  1.77988880513814E-01,  6.19299999999999E+01,  1.32898052202141E+04,  4.55462035939771E+04
 1.90875000000000E+03, -1.86625080713001E+00, -1.18250000000000E+00,  1.77783100545116E-01,  6.21099999999999E+01,  2.51366130864074E+04,  8.07973420273862E+04
 1.90883333300000E+03, -2.02970789472459E+00, -1.35000000000000E+00,  1.77577003887184E-01,  6.22899999999999E+01,  4.27828353560846E+04,  1.25245039213131E+05
 1.90891666700000E+03, -2.12940519501126E+00, -1.22500000000000E+00,  1.77370591843756E-01,  6.24699999999999E+01,  6.33731483336212E+04,  1.73463134425490E+05
 1.90900000000000E+03, -2.16668461828609E+00, -1.15500000000000E+00,  1.77163865716425E-01,  6.26499999999999E+01,  8.33283359307935E+04,  2.18890351253329E+05
 1.90908333300000E+03, -2.23038627306775E+00, -1.20250000000000E+00,  1.76956826804627E-01,  6.28299999999999E+01,  9.90692617939435E+04,  2.55007814351909E+05
 1.90916666700000E+03, -2.33989125811329E+00, -1.21000000000000E+00,  1.68144892993379E-01,  6.30099999999999E+01,  1.07754474168703E+05,  2.76540166250293E+05
 1.90925000000000E+03, -2.35410731632598E+00, -9.87500000000000E-01,  1.67925779181177E-01,  6.31899999999999E+01,  1.07867689107358E+05,  2.80430789112971E+05
 1.90933333300000E+03, -2.26524836053260E+00, -7.00000000000000E-01,  1.67706406791253E-01,  6.33699999999999E+01,  9.95239141412642E+04,  2.66388728171084E+05
 1.90941666700000E+03, -2.15657581798920E+00, -1.05000000000000E+00,  1.67486777026544E-01,  6.35499999999999E+01,  8.44259294282355E+04,  2.36896825581347E+05
 1.90950000000000E+03, -2.07163035778265E+00, -1.33500000000000E+00,  1.67266891087793E-01,  6.37299999999999E+01,  6.54817127701643E+04,  1.96686506411400E+05
 1.90958333300000E+03, -2.04724461560885E+00, -1.09000000000000E+00,  1.67046750173550E-01,  6.39099999999999E+01,  4.61698905989750E+04,  1.51798365972565E+05
 1.90966666700000E+03, -2.11770128921421E+00, -1.13000000000000E+00,  1.66826355480165E-01,  6.40899999999999E+01,  2.97966774255638E+04,  1.08433604418943E+05
 1.90975000000000E+03, -2.28095987595478E+00, -1.74250000000000E+00,  1.66605708201795E-01,  6.42699999999999E+01,  1.88110140747469E+04,  7.18404455787355E+04
 1.90983333300000E+03, -2.44621660841353E+00, -2.39250000000000E+00,  1.66384809530401E-01,  6.44499999999999E+01,  1.43294897274980E+04,  4.54639124623092E+04
 1.90991666700000E+03, -2.54762598928555E+00, -2.64000000000000E+00,  1.66163660655746E-01,  6.46299999999999E+01,  1.59728759038325E+04,  3.05213670774016E+04
 1.91000000000000E+03, -2.58652873164516E+00, -2.72500000000000E+00,  1.65942262765395E-01,  6.48099999999999E+01,  2.20435148874733E+04,  2.60661845219181E+04
 1.91008333300000E+03, -2.48985411723664E+00, -2.65250000000000E+00,  1.65720617044718E-01,  6.49900000000000E+01,  2.99944355615164E+04,  2.94915068266115E+04
 1.91016666700000E+03, -2.27703369591340E+00, -2.68250000000000E+00,  1.07037353929540E-01,  6.51700000000000E+01,  3.70751633599102E+04,  3.73308080307729E+04
 1.91025000000000E+03, -2.13088220043228E+00, -3.03250000000000E+00,  1.06785368561641E-01,  6.53500000000000E+01,  4.10009019955854E+04,  4.61534787778887E+04
 1.91033333300000E+03, -2.04363478263405E+00, -3.36250000000000E+00,  1.06533361492026E-01,  6.55300000000000E+01,  4.04896216111834E+04,  5.33441931385375E+04
 1.91041666700000E+03, -1.93662633859086E+00, -3.36000000000000E+00,  1.06281333396268E-01,  6.57100000000000E+01,  3.55455574658493E+04,  5.75949928154280E+04
 1.91050000000000E+03, -1.85339459706477E+00, -2.97500000000000E+00,  1.06029284948105E-01,  6.58900000000000E+01,  2.74292127662081E+04,  5.90176102765779E+04
 1.91058333300000E+03, -1.83076924479435E+00, -2.26250000000000E+00,  1.05777216819447E-01,  6.60700000000000E+01,  1.83283187217744E+04,  5.88805047192655E+04
 1.91066666700000E+03, -1.90303002386456E+00, -1.63250000000000E+00,  1.05525129680373E-01,  6.62500000000000E+01,  1.08137082579338E+04,  5.90664846325383E+04
 1.91075000000000E+03, -2.06813347118668E+00, -1.39000000000000E+00,  1.05273024199136E-01,  6.64300000000000E+01,  7.21250144133219E+03,  6.14106783512907E+04
 1.91083333300000E+03, -2.23527285521450E+00, -1.45000000000000E+00,  1.05020901042169E-01,  6.66100000000000E+01,  9.04740342959083E+03,  6.71002606813734E+04
 1.91091666700000E+03, -2.33859971273165E+00, -2.01750000000000E+00,  1.04768760874082E-01,  6.67900000000000E+01,  1.66720494115037E+04,  7.62927002731935E+04
 1.91100000000000E+03, -2.37945179101043E+00, -2.48250000000000E+00,  1.04516604357666E-01,  6.69700000000000E+01,  2.91833567843467E+04,  8.80457971997076E+04
 1.91108333300000E+03, -2.41995155178496E+00, -2.64750000000000E+00,  1.04264432153899E-01,  6.71500000000000E+01,  4.46249553357411E+04,  1.00567354259056E+05
 1.91116666700000E+03, -2.47825644974224E+00, -2.95250000000000E+00,  1.66616318737715E-01,  6.73300000000000E+01,  6.04271702929408E+04,  1.11707067283739E+05
 1.91125000000000E+03, -2.46548535653697E+00, -3.21000000000000E+00,  1.66395432121568E-01,  6.75100000000000E+01,  7.39750271045392E+04,  1.19549866391736E+05
 1.91133333300000E+03, -2.37508397218617E+00, -3.09750000000000E+00,  1.66174295245026E-01,  6.76900000000001E+01,  8.31688241195390E+04,  1.22944459434768E+05
 1.91141666700000E+03, -2.26482603887810E+00, -2.45500000000000E+00,  1.65952909295763E-01,  6.78700000000001E+01,  8.68477498981554E+04,  1.21819468004987E+05
 1.91150000000000E+03, -2.17825169293673E+00, -1.58250000000000E+00,  1.65731275459253E-01,  6.80500000000001E+01,  8.49835897260525E+04,  1.17197304835230E+05
 1.91158333300000E+03, -2.15219306404212E+00, -1.02750000000000E+00,  1.65509394918773E-01,  6.82300000000001E+01,  7.86092457395810E+04,  1.10897841708528E+05
 1.91166666700000E+03, -2.22093237178704E+00, -1.02500000000000E+00,  1.65287268855401E-01,  6.84100000000001E+01,  6.95111794573242E+04,  1.05008759647105E+05
 1.91175000000000E+03, -2.38242866433266E+00, -1.42500000000000E+00,  1.65064898448020E-01,  6.85900000000001E+01,  5.97702534947901E+04,  1.01265154766303E+05
 1.91183333300000E+03, -2.54587775347672E+00, -1.85250000000000E+00,  1.64842284873312E-01,  6.87700000000001E+01,  5.12685989428820E+04,  1.00510058526241E+05
 1.91191666700000E+03, -2.64543375059558E+00, -2.01500000000000E+00,  1.64619429305762E-01,  6.89500000000001E+01,  4.52835482781014E+04,  1.02391703263845E+05
 1.91200000000000E+03, -2.68243700794817E+00, -2.25000000000000E+00,  1.64396332917656E-01,  6.91300000000001E+01,  4.22632534728894E+04,  1.05395643643636E+05
 1.91208333300000E+03, -2.57894186501582E+00, -2.42500000000000E+00,  1.64172996879081E-01,  6.93100000000001E+01,  4.18295822308122E+04,  1.07224010394144E+05
 1.91216666700000E+03, -2.35324017805020E+00, -2.15000000000000E+00,  2.16923385509048E-01,  6.94900000000001E+01,  4.29949175927285E+04,  1.05441493613425E+05
 1.91225000000000E+03, -2.19676245953920E+00, -1.66250000000000E+00,  2.16999352006441E-01,  6.96700000000001E+01,  4.45254860402195E+04,  9.82317083982311E+04
 1.91233333300000E+03, -2.10289707151967E+00, -1.36000000000000E+00,  2.17074313383978E-01,  6.98500000000001E+01,  4.53482470876215E+04,  8.50684298536556E+04
 1.91241666700000E+03, -1.98925454670719E+00, -1.67000000000000E+00,  2.17148271169221E-01,  7.00300000000001E+01,  4.48898535694344E+04,  6.71152238258962E+04
 1.91250000000000E+03, -1.89937887472457E+00, -2.63750000000000E+00,  2.17221226892599E-01,  7.02100000000002E+01,  4.32565138177868E+04,  4.72239903023415E+04
 1.91258333300000E+03, -1.87010600103200E+00, -3.22000000000000E+00,  2.17293182087386E-01,  7.03900000000002E+01,  4.12072643793513E+04,  2.94956886314621E+04
 1.91266666700000E+03, -1.93572192119936E+00, -2.82750000000000E+00,  2.17364138289671E-01,  7.05700000000002E+01,  3.99288551541147E+04,  1.84735646587141E+04
 1.91275000000000E+03, -2.09418941730258E+00, -2.41000000000000E+00,  2.17434097038337E-01,  7.07500000000002E+01,  4.06738323643619E+04,  1.81348028962134E+04
 1.91283333300000E+03, -2.25470798994695E+00, -2.31750000000000E+00,  2.17503059875031E-01,  7.09300000000002E+01,  4.43607644187102E+04,  3.09068025159025E+04
 1.91291666700000E+03, -2.35143539200454E+00, -2.49000000000000E+00,  2.17571028344141E-01,  7.11100000000002E+01,  5.12472289631222E+04,  5.69430605876385E+04
 1.91300000000000E+03, -2.38571556774236E+00, -2.64250000000000E+00,  2.17638003992770E-01,  7.12900000000002E+01,  6.07689880212352E+04,  9.38466219462269E+04
 1.91308333300000E+03, -2.34216988860503E+00, -2.38000000000000E+00,  2.17703988370713E-01,  7.14700000000002E+01,  7.15968509576392E+04,  1.36935135817933E+05
 1.91316666700000E+03, -2.23911637679112E+00, -2.74750000000000E+00,  2.18688176162598E-01,  7.16500000000002E+01,  8.19065035423897E+04,  1.80021141623562E+05
 1.91325000000000E+03, -2.14286705031655E+00, -3.88000000000000E+00,  2.18736336988855E-01,  7.18300000000002E+01,  8.98002482398834E+04,  2.16561643234192E+05
 1.91333333300000E+03, -2.04675516621586E+00, -4.75500000000000E+00,  2.18783536881323E-01,  7.20100000000002E+01,  9.37775595084548E+04,  2.40940346230261E+05
 1.91341666700000E+03, -1.93091610101059E+00, -5.04500000000000E+00,  2.18829777438959E-01,  7.21900000000002E+01,  9.31346284724852E+04,  2.49606232128625E+05
 1.91350000000000E+03, -1.83889490426012E+00, -4.69000000000000E+00,  2.18875060262887E-01,  7.23700000000002E+01,  8.81864913894322E+04,  2.41814272823859E+05
 1.91358333300000E+03, -1.80752855235474E+00, -4.33500000000000E+00,  2.18919386956380E-01,  7.25500000000002E+01,  8.02462641273928E+04,  2.19794819623128E+05
 1.91366666700000E+03, -1.87110404258384E+00, -4.18000000000000E+00,  2.18962759124834E-01,  7.27300000000002E+01,  7.13548581041190E+04,  1.88300653076702E+05
 1.91375000000000E+03, -2.02758512933688E+00, -4.12000000000000E+00,  2.19005178375742E-01,  7.29100000000003E+01,  6.38170695054707E+04,  1.53617931001010E+05
 1.91383333300000E+03, -2.18617225512747E+00, -4.05000000000000E+00,  2.19046646318676E-01,  7.30900000000003E+01,  5.96506169538159E+04,  1.22248377065862E+05
 1.91391666700000E+03, -2.28102408415387E+00, -3.32750000000000E+00,  2.19087164565260E-01,  7.32700000000003E+01,  6.00806244198961E+04,  9.95470987868315E+04
 1.91400000000000E+03, -2.31348544126003E+00, -2.72750000000000E+00,  2.19126734729150E-01,  7.34500000000003E+01,  6.52060759019737E+04,  8.86150103610785E+04
 1.91408333300000E+03, -2.11784075592185E+00, -3.16750000000000E+00,  2.19165358426005E-01,  7.36300000000003E+01,  7.39274397170351E+04,  8.96924623398667E+04
 1.91416666700000E+03, -1.71117574531850E+00, -3.78750000000000E+00,  2.02487188778112E-01,  7.38100000000003E+01,  8.41641969147721E+04,  1.00192008867259E+05
 1.91425000000000E+03, -1.45926356127568E+00, -3.59250000000000E+00,  2.02337690226524E-01,  7.39900000000003E+01,  9.33214806728985E+04,  1.15366900590810E+05
 1.91433333300000E+03, -1.35670728286229E+00, -3.21750000000000E+00,  2.02187678208191E-01,  7.41700000000003E+01,  9.89030648441181E+04,  1.29469274367052E+05
 1.91441666700000E+03, -1.23455674117217E+00, -3.62250000000000E+00,  2.02037154292157E-01,  7.43500000000003E+01,  9.91287380101654E+04,  1.37140255134143E+05
 1.91450000000000E+03, -1.13635837553531E+00, -4.02750000000000E+00,  2.01886120045833E-01,  7.45300000000003E+01,  9.34077607742268E+04,  1.34718884096877E+05
 1.91458333300000E+03, -1.09895054355010E+00, -3.40250000000000E+00,  2.01734577034986E-01,  7.47100000000003E+01,  8.25490815702271E+04,  1.21171120764351E+05
 1.91466666700000E+03, -1.15662161510144E+00, -2.15500000000000E+00,  2.01582526823737E-01,  7.48900000000003E+01,  6.86473458343660E+04,  9.84217889236854E+04
 1.91475000000000E+03, -1.30733670849653E+00, -1.50500000000000E+00,  2.01429970974551E-01,  7.50700000000003E+01,  5.46584007497321E+04,  7.10037512659916E+04
 1.91483333300000E+03, -1.46029762059578E+00, -1.78000000000000E+00,  2.01276911048235E-01,  7.52500000000003E+01,  4.37517266585907E+04,  4.50909541736230E+04
 1.91491666700000E+03, -1.54966436027820E+00, -1.92500000000000E+00,  2.01123348603926E-01,  7.54300000000003E+01,  3.85826046856907E+04,  2.71214640302027E+04
 1.91500000000000E+03, -1.57678308729270E+00, -1.50750000000000E+00,  2.00969285199090E-01,  7.56100000000004E+01,  4.06503888197969E+04,  2.23119710817829E+04
 1.91508333300000E+03, -1.69863939134749E+00, -9.17500000000000E-01,  2.00814722389515E-01,  7.57900000000004E+01,  4.98947030507929E+04,  3.33947912619223E+04
 1.91516666700000E+03, -1.93377817291081E+00, -1.85000000000000E-01,  2.19898683384565E-01,  7.59700000000004E+01,  6.46312235764760E+04,  5.98649374999743E+04
 1.91525000000000E+03, -2.00397653091519E+00,  8.97500000000000E-01,  2.19888435480577E-01,  7.61500000000004E+01,  8.18537663093424E+04,  9.79172838709879E+04
 1.91533333300000E+03, -1.90226927617334E+00,  2.16500000000000E+00,  2.19877332832343E-01,  7.63300000000004E+01,  9.78464596301529E+04,  1.41105352573475E+05
 1.91541666700000E+03, -1.78089218648858E+00,  2.91000000000000E+00,  2.19865377133701E-01,  7.65100000000004E+01,  1.08977755231707E+05,  1.81596099024434E+05
 1.91550000000000E+03, -1.68339064910759E+00,  2.84750000000000E+00,  2.19852570079307E-01,  7.66900000000004E+01,  1.12503616120434E+05,  2.11763570542473E+05
 1.91558333300000E+03, -1.64660196888745E+00,  2.34250000000000E+00,  2.19838913364615E-01,  7.68700000000004E+01,  1.07201027605271E+05,  2.25787267960195E+05
 1.91566666700000E+03, -1.70481346313499E+00,  1.58000000000000E+00,  2.19824408685856E-01,  7.70500000000004E+01,  9.36870124169752E+04,  2.20915413024974E+05
 1.91575000000000E+03, -1.85598919856873E+00,  6.12500000000000E-01,  2.19809057740023E-01,  7.72300000000004E+01,  7.43454597349063E+04,  1.98120561528431E+05
 1.91583333300000E+03, -2.00932992146838E+00,  6.00000000000000E-02,  2.19792862224849E-01,  7.74100000000004E+01,  5.28695755287785E+04,  1.62000760522093E+05
 1.91591666700000E+03, -2.09899459197755E+00, -6.75000000000000E-02,  2.19775823838792E-01,  7.75900000000004E+01,  3.35126176485259E+04,  1.19936793142766E+05
 1.91600000000000E+03, -2.12632832379671E+00, -4.25000000000000E-01,  2.19757944281015E-01,  7.77700000000004E+01,  2.02047937145409E+04,  8.06713784765416E+04
 1.91608333300000E+03, -2.21249002169556E+00, -8.35000000000000E-01,  2.19739225251368E-01,  7.79500000000004E+01,  1.57250909782083E+04,  5.25965325850793E+04
 1.91616666700000E+03, -2.38061767169717E+00, -1.01750000000000E+00,  1.48058975740702E-01,  7.81300000000005E+01,  2.11063408088263E+04,  4.20954279311769E+04
 1.91625000000000E+03, -2.42865523165598E+00, -7.82500000000000E-01,  1.48468581269956E-01,  7.83100000000005E+01,  3.54022031319054E+04,  5.22728610430718E+04
 1.91633333300000E+03, -2.34488261788486E+00, -1.32500000000000E-01,  1.48876988579352E-01,  7.84900000000005E+01,  5.58669314545726E+04,  8.23271994567606E+04
 1.91641666700000E+03, -2.24102337827947E+00, -2.50000000000000E-03,  1.49284196976998E-01,  7.86700000000005E+01,  7.85099475233271E+04,  1.27684317557143E+05
 1.91650000000000E+03, -2.16060386928424E+00, -3.52500000000000E-01,  1.49690205784321E-01,  7.88500000000005E+01,  9.89069919506835E+04,  1.80858907949656E+05
 1.91658333300000E+03, -2.14044320765978E+00, -2.87500000000000E-01,  1.50095014336026E-01,  7.90300000000005E+01,  1.13095480871557E+05,  2.32863266327304E+05
 1.91666666700000E+03, -2.21481137687443E+00, -2.57500000000000E-01,  1.50498621980055E-01,  7.92100000000005E+01,  1.18365323008914E+05,  2.74878016469474E+05
 1.91675000000000E+03, -2.38165597395908E+00, -9.95000000000000E-01,  1.50901028077540E-01,  7.93900000000005E+01,  1.13781010571820E+05,  2.99854072845614E+05
 1.91683333300000E+03, -2.55016214710511E+00, -1.91750000000000E+00,  1.51302232002765E-01,  7.95700000000005E+01,  1.00330396646380E+05,  3.03738062959738E+05
 1.91691666700000E+03, -2.65447413662707E+00, -2.38500000000000E+00,  1.51702233143119E-01,  7.97500000000005E+01,  8.06766816685637E+04,  2.86097681238190E+05
 1.91700000000000E+03, -2.69592321974828E+00, -2.87500000000000E+00,  1.52101030899058E-01,  7.99300000000005E+01,  5.85747121405069E+04,  2.50049729028860E+05
 1.91708333300000E+03, -2.72815585244934E+00, -3.50000000000000E+00,  1.52498624684060E-01,  8.01100000000005E+01,  3.80822797115833E+04,  2.01534576016486E+05
 1.91716666700000E+03, -2.76903725913778E+00, -3.66000000000000E+00,  1.58518901317847E-01,  8.02900000000005E+01,  2.27369123852690E+04,  1.48107110780265E+05
 1.91725000000000E+03, -2.74629654208340E+00, -3.17750000000000E+00,  1.58896518104382E-01,  8.04700000000005E+01,  1.48707693222062E+04,  9.75008088701721E+04
 1.91733333300000E+03, -2.65358625594356E+00, -2.42000000000000E+00,  1.59272922707653E-01,  8.06500000000005E+01,  1.52012610032614E+04,  5.62525262574119E+04
 1.91741666700000E+03, -2.54045814201598E+00, -1.92500000000000E+00,  1.59648114774752E-01,  8.08300000000006E+01,  2.27716293749453E+04,  2.86474319802208E+04
 1.91750000000000E+03, -2.45045404970745E+00, -1.91500000000000E+00,  1.60022093964963E-01,  8.10100000000006E+01,  3.52386349268554E+04,  1.61649362384527E+04
 1.91758333300000E+03, -2.42040872399385E+00, -2.19750000000000E+00,  1.60394859949717E-01,  8.11900000000006E+01,  4.94309556936849E+04,  1.74963100389671E+04
 1.91766666700000E+03, -2.48460788565522E+00, -2.75250000000000E+00,  1.60766412412551E-01,  8.13700000000006E+01,  6.20477926427497E+04,  2.90872017703463E+04
 1.91775000000000E+03, -2.64101495254792E+00, -3.21750000000000E+00,  1.61136751049069E-01,  8.15500000000006E+01,  7.03435339379557E+04,  4.60578376353719E+04
 1.91783333300000E+03, -2.79883095140942E+00, -3.10500000000000E+00,  1.61505875566891E-01,  8.17300000000006E+01,  7.26550558543340E+04,  6.32897606670640E+04
 1.91791666700000E+03, -2.89221603446807E+00, -2.35500000000000E+00,  1.61873785685621E-01,  8.19100000000006E+01,  6.86694809757662E+04,  7.64511666198164E+04
 1.91800000000000E+03, -2.92251740052725E+00, -1.60000000000000E+00,  1.62240481136798E-01,  8.20900000000006E+01,  5.93915314242793E+04,  8.27634232596438E+04
 1.91808333300000E+03, -2.64130650189516E+00, -1.43000000000000E+00,  1.62605961663854E-01,  8.22700000000006E+01,  4.68365679979496E+04,  8.13795682518753E+04
 1.91816666700000E+03, -2.06901540123570E+00, -1.48000000000000E+00,  2.04487816078575E-01,  8.24500000000006E+01,  3.35329642088260E+04,  7.33346701073112E+04
 1.91825000000000E+03, -1.74031561852296E+00, -1.79500000000000E+00,  2.04668379401307E-01,  8.26300000000006E+01,  2.19534056863094E+04,  6.11179759485491E+04
 1.91833333300000E+03, -1.64670855126798E+00, -2.70000000000000E+00,  2.04847807048276E-01,  8.28100000000006E+01,  1.40022442355772E+04,  4.79891179181548E+04
 1.91841666700000E+03, -1.53330270545349E+00, -3.62000000000000E+00,  2.05026100131233E-01,  8.29900000000006E+01,  1.06651014623241E+04,  3.72017917796683E+04
 1.91850000000000E+03, -1.44364065843640E+00, -3.87000000000000E+00,  2.05203259767701E-01,  8.31700000000006E+01,  1.18838479109136E+04,  3.13023344609531E+04
 1.91858333300000E+03, -1.41455719358549E+00, -3.79500000000000E+00,  2.05379287080938E-01,  8.33500000000006E+01,  1.66658706225460E+04,  3.16398438643291E+04
 1.91866666700000E+03, -1.48033739022940E+00, -3.45750000000000E+00,  2.05554183199909E-01,  8.35300000000007E+01,  2.33840845650286E+04,  3.81683351669709E+04
 1.91875000000000E+03, -1.63894335548415E+00, -2.96000000000000E+00,  2.05727949259248E-01,  8.37100000000007E+01,  3.01851978825585E+04,  4.95538586542129E+04
 1.91883333300000E+03, -1.79957414660390E+00, -2.71000000000000E+00,  2.05900586399227E-01,  8.38900000000007E+01,  3.54062789978799E+04,  6.35356324657216E+04
 1.91891666700000E+03, -1.89638729971503E+00, -2.44250000000000E+00,  2.06072095765720E-01,  8.40700000000007E+01,  3.79062472859447E+04,  7.74430440967698E+04
 1.91900000000000E+03, -1.93072676375112E+00, -1.84750000000000E+00,  2.06242478510173E-01,  8.42500000000007E+01,  3.72463579297577E+04,  8.87481092054695E+04
 1.91908333300000E+03, -2.05770613294875E+00, -1.35250000000000E+00,  2.06411735789569E-01,  8.44300000000007E+01,  3.36942588862609E+04,  9.55378664888127E+04
 1.91916666700000E+03, -2.29792049992702E+00, -1.26250000000000E+00,  1.52818091593128E-01,  8.46100000000007E+01,  2.80693844968308E+04,  9.68195071054897E+04
 1.91925000000000E+03, -2.37886355199203E+00, -1.18500000000000E+00,  1.53213509918314E-01,  8.47900000000007E+01,  2.14829642607217E+04,  9.26144804221215E+04
 1.91933333300000E+03, -2.29136664995689E+00, -1.53250000000000E+00,  1.53607722696110E-01,  8.49700000000007E+01,  1.50458908165060E+04,  8.38457236693975E+04
 1.91941666700000E+03, -2.18366146242843E+00, -2.24500000000000E+00,  1.54000729389164E-01,  8.51500000000007E+01,  9.61844147349290E+03,  7.20640296836446E+04
 1.91950000000000E+03, -2.09928338902485E+00, -2.46000000000000E+00,  1.54392529472939E-01,  8.53300000000007E+01,  5.65856273833244E+03,  5.90872779666964E+04
 1.91958333300000E+03, -2.07506063801099E+00, -2.15250000000000E+00,  1.54783122435673E-01,  8.55100000000007E+01,  3.19557577821029E+03,  4.66355588488700E+04
 1.91966666700000E+03, -2.14527231642402E+00, -1.80500000000000E+00,  1.55172507778337E-01,  8.56900000000007E+01,  1.92193626643769E+03,  3.60362207002753E+04
 1.91975000000000E+03, -2.30787516108923E+00, -1.77250000000000E+00,  1.55560685014590E-01,  8.58700000000007E+01,  1.36585903012249E+03,  2.80495167063215E+04
 1.91983333300000E+03, -2.47206345838582E+00, -2.23000000000000E+00,  1.55947653670741E-01,  8.60500000000008E+01,  1.08937341787342E+03,  2.28343441356688E+04
 1.91991666700000E+03, -2.57199057027831E+00, -3.18500000000000E+00,  1.56333413285700E-01,  8.62300000000008E+01,  8.53608041278535E+02,  2.00419709244040E+04
 1.92000000000000E+03, -2.60899686464939E+00, -4.05250000000000E+00,  1.56717963410941E-01,  8.64100000000008E+01,  7.05638049652001E+02,  1.90002691905885E+04
 1.92008333300000E+03, -2.36644766768476E+00, -4.31250000000000E+00,  1.57101303610458E-01,  8.65900000000008E+01,  9.65059408112459E+02,  1.89363834452182E+04
 1.92016666700000E+03, -1.87153050172905E+00, -4.11750000000000E+00,  6.85836805711877E-02,  8.67700000000008E+01,  2.11692772840502E+03,  1.91837425503864E+04
 1.92025000000000E+03, -1.60209368612599E+00, -3.44500000000000E+00,  6.91647338973926E-02,  8.69500000000008E+01,  4.64329216775001E+03,  1.93288772375160E+04
 1.92033333300000E+03, -1.54289770289885E+00, -2.81000000000000E+00,  6.97448965221109E-02,  8.71300000000008E+01,  8.84179985047207E+03,  1.92713981280724E+04
 1.92041666700000E+03, -1.46405339605034E+00, -2.73500000000000E+00,  7.03241651224600E-02,  8.73100000000008E+01,  1.46829060831480E+04,  1.91922015177667E+04
 1.92050000000000E+03, -1.40902714481415E+00, -2.85000000000000E+00,  7.09025363949419E-02,  8.74900000000008E+01,  2.17467494393485E+04,  1.94457516656748E+04
 1.92058333300000E+03, -1.41457767276216E+00, -2.90500000000000E+00,  7.14800070554135E-02,  8.76700000000008E+01,  2.92598239721962E+04,  2.04081043742197E+04
 1.92066666700000E+03, -1.51491434087102E+00, -2.81500000000000E+00,  7.20565738390572E-02,  8.78500000000008E+01,  3.62258179878187E+04,  2.23205257121167E+04
 1.92075000000000E+03, -1.70792407879287E+00, -3.10250000000000E+00,  7.26322335003527E-02,  8.80300000000008E+01,  4.16210295511132E+04,  2.51681298751935E+04
 1.92083333300000E+03, -1.90273150084186E+00, -3.57000000000000E+00,  7.32069828130468E-02,  8.82100000000008E+01,  4.46085753835849E+04,  2.86245427072967E+04
 1.92091666700000E+03, -2.03342062532190E+00, -3.31750000000000E+00,  7.37808185701236E-02,  8.83900000000008E+01,  4.47210002120126E+04,  3.20791423921812E+04
 1.92100000000000E+03, -2.10126299392510E+00, -2.90250000000000E+00,  7.43537375837755E-02,  8.85700000000008E+01,  4.19686696620301E+04,  3.47457556150099E+04
 1.92108333300000E+03, -1.96361602272449E+00, -2.90000000000000E+00,  7.49257366853723E-02,  8.87500000000009E+01,  3.68491945452081E+04,  3.58339946494212E+04
 1.92116666700000E+03, -1.63177862768277E+00, -2.94500000000000E+00,  1.21995923947939E-01,  8.89300000000009E+01,  3.02563900796834E+04,  3.47498269255996E+04
 1.92125000000000E+03, -1.41986424094456E+00, -2.75250000000000E+00,  1.22474043219534E-01,  8.91100000000009E+01,  2.33100926972014E+04,  3.12831156003088E+04
 1.92133333300000E+03, -1.32896582448840E+00, -2.54500000000000E+00,  1.22951029571000E-01,  8.92900000000009E+01,  1.71450829234124E+04,  2.57385919229297E+04
 1.92141666700000E+03, -1.21937410247128E+00, -2.14750000000000E+00,  1.23426881456085E-01,  8.94700000000009E+01,  1.27046502767704E+04,  1.89737758294020E+04
 1.92150000000000E+03, -1.13460934200147E+00, -1.78750000000000E+00,  1.23901597344321E-01,  8.96500000000009E+01,  1.05807990329522E+04,  1.23222354795483E+04
 1.92158333300000E+03, -1.11148200091168E+00, -2.07750000000000E+00,  1.24375175720975E-01,  8.98300000000009E+01,  1.09302638067643E+04,  7.40139476074814E+03
 1.92166666700000E+03, -1.18425092365046E+00, -1.89000000000000E+00,  1.24847615087016E-01,  9.00100000000009E+01,  1.34770910761684E+04,  5.82770621888215E+03
 1.92175000000000E+03, -1.35085018102749E+00, -1.50250000000000E+00,  1.25318913959068E-01,  9.01900000000009E+01,  1.75933664864640E+04,  8.88428009466347E+03
 1.92183333300000E+03, -1.52044909968290E+00, -1.76000000000000E+00,  1.25789070869371E-01,  9.03700000000009E+01,  2.24343608677760E+04,  1.72024657512132E+04
 1.92191666700000E+03, -1.62717390168644E+00, -1.78250000000000E+00,  1.26258084365741E-01,  9.05500000000009E+01,  2.70962015473912E+04,  3.05252706820878E+04
 1.92200000000000E+03, -1.67233575032084E+00, -1.94250000000000E+00,  1.26725953011528E-01,  9.07300000000009E+01,  3.07643093742665E+04,  4.76140171072243E+04
 1.92208333300000E+03, -1.74829221622164E+00, -2.58500000000000E+00,  1.27192675385574E-01,  9.09100000000009E+01,  3.28281793677641E+04,  6.63395584702801E+04
 1.92216666700000E+03, -1.87342929221255E+00, -3.34500000000000E+00,  1.39536505391215E-01,  9.10900000000009E+01,  3.29497437796045E+04,  8.39676955336695E+04
 1.92225000000000E+03, -1.89852928694936E+00, -3.70750000000000E+00,  1.39970126542603E-01,  9.12700000000009E+01,  3.10848107695979E+04,  9.76099190146204E+04
 1.92233333300000E+03, -1.81667484368861E+00, -3.45250000000000E+00,  1.40402566354399E-01,  9.14500000000010E+01,  2.74664597941414E+04,  1.04772289623140E+05
 1.92241666700000E+03, -1.71558074226793E+00, -3.40250000000000E+00,  1.40833823856757E-01,  9.16300000000010E+01,  2.25635902546783E+04,  1.03905272629578E+05
 1.92250000000000E+03, -1.63876227819711E+00, -3.49500000000000E+00,  1.41263898094011E-01,  9.18100000000010E+01,  1.70266848572370E+04,  9.48432813597859E+04
 1.92258333300000E+03, -1.62302628411612E+00, -3.41750000000000E+00,  1.41692788124631E-01,  9.19900000000010E+01,  1.16277210684281E+04,  7.90298670117164E+04
 1.92266666700000E+03, -1.70262928278739E+00, -3.34000000000000E+00,  1.42120493021178E-01,  9.21700000000010E+01,  7.19478530172193E+03,  5.94544000807632E+04
 1.92275000000000E+03, -1.87550428171948E+00, -3.24250000000000E+00,  1.42547011870266E-01,  9.23500000000010E+01,  4.53739952630904E+03,  4.02754638156883E+04
 1.92283333300000E+03, -2.05082075470275E+00, -3.29500000000000E+00,  1.42972343772518E-01,  9.25300000000010E+01,  4.35823249492223E+03,  2.61670794070365E+04
 1.92291666700000E+03, -2.16270623251173E+00, -3.42250000000000E+00,  1.43396487842520E-01,  9.27100000000010E+01,  7.15155334052363E+03,  2.14848088195780E+04
 1.92300000000000E+03, -2.21247429823665E+00, -3.79500000000000E+00,  1.43819443208784E-01,  9.28900000000010E+01,  1.30973731181958E+04,  2.93967786119910E+04
 1.92308333300000E+03, -1.96789991740839E+00, -4.23500000000000E+00,  1.44241209013703E-01,  9.30700000000010E+01,  2.19698768137142E+04,  5.11480199926534E+04
 1.92316666700000E+03, -1.45063314527236E+00, -4.25750000000000E+00,  9.27960288862258E-03,  9.32500000000010E+01,  3.30857176647742E+04,  8.56174961977328E+04
 1.92325000000000E+03, -1.16363415503111E+00, -3.87250000000000E+00,  9.92761939881824E-03,  9.34300000000010E+01,  4.53184965322245E+04,  1.29284210317720E+05
 1.92333333300000E+03, -1.09619959665986E+00, -3.27500000000000E+00,  1.05751576557814E-02,  9.36100000000010E+01,  5.71981671305166E+04,  1.76647450113069E+05
 1.92341666700000E+03, -1.00790521459207E+00, -3.08750000000000E+00,  1.12222123776531E-02,  9.37900000000010E+01,  6.70983760084398E+04,  2.21058814016664E+05
 1.92350000000000E+03, -9.42222303176075E-01, -3.47000000000000E+00,  1.18687783035984E-02,  9.39700000000011E+01,  7.34936304654893E+04,  2.55837109785428E+05
 1.92358333300000E+03, -9.35919063864926E-01, -3.87000000000000E+00,  1.25148501938032E-02,  9.41500000000011E+01,  7.52465931240410E+04,  2.75469837937546E+05
 1.92366666700000E+03, -1.02321888416204E+00, -3.58750000000000E+00,  1.31604228294713E-02,  9.43300000000011E+01,  7.18696565494668E+04,  2.76672572938887E+05
 1.92375000000000E+03, -1.20202723966930E+00, -2.80000000000000E+00,  1.38054910128207E-02,  9.45100000000011E+01,  6.36996690990610E+04,  2.59089764126542E+05
 1.92383333300000E+03, -1.38149176342523E+00, -1.90500000000000E+00,  1.44500495670794E-02,  9.46900000000011E+01,  5.19335925603811E+04,  2.25478134833672E+05
 1.92391666700000E+03, -1.49572390620046E+00, -1.18500000000000E+00,  1.50940933364816E-02,  9.48700000000011E+01,  3.84960359500984E+04,  1.81308138987832E+05
 1.92400000000000E+03, -1.54602698225668E+00, -1.32250000000000E+00,  1.57376171862628E-02,  9.50500000000011E+01,  2.57433917845479E+04,  1.33832549311691E+05
 1.92408333300000E+03, -1.23571322595568E+00, -1.60250000000000E+00,  1.63806160026544E-02,  9.52300000000011E+01,  1.60468638980721E+04,  9.07815937684803E+04
 1.92416666700000E+03, -5.89538522172134E-01, -1.18000000000000E+00, -3.22730358679698E-03,  9.54100000000011E+01,  1.13293655386831E+04,  5.89277469438321E+04
 1.92425000000000E+03, -2.43286203228216E-01, -4.52500000000000E-01, -2.57116916739883E-03,  9.55900000000011E+01,  1.26506033032378E+04,  4.28011824749545E+04
 1.92433333300000E+03, -1.84734399400913E-01, -1.80000000000000E-01, -1.91540768807841E-03,  9.57700000000011E+01,  1.99344806381255E+04,  4.38185089020441E+04
 1.92441666700000E+03, -1.06656494645701E-01, -7.07500000000000E-01, -1.26002483375537E-03,  9.59500000000011E+01,  3.19111602166005E+04,  6.00136732349631E+04
 1.92450000000000E+03, -5.24705306204242E-02, -1.23500000000000E+00, -6.05026268342920E-04,  9.61300000000011E+01,  4.63055990973232E+04,  8.64436102175773E+04
 1.92458333300000E+03, -5.88873317452452E-02, -1.53000000000000E+00,  4.95823652585745E-05,  9.63100000000011E+01,  6.02527277023265E+04,  1.16204851805730E+05
 1.92466666700000E+03, -1.60069026662862E-01, -1.97250000000000E+00,  7.03795445163188E-04,  9.64900000000011E+01,  7.08676106041348E+04,  1.41868759004026E+05
 1.92475000000000E+03, -3.53856204950845E-01, -2.50000000000000E+00,  1.35760737050497E-03,  9.66700000000012E+01,  7.58588128185417E+04,  1.57049768113384E+05
 1.92483333300000E+03, -5.49328251409983E-01, -2.90750000000000E+00,  2.01101256144028E-03,  9.68500000000012E+01,  7.40549464272693E+04,  1.57784188967739E+05
 1.92491666700000E+03, -6.80525282139324E-01, -3.06000000000000E+00,  2.66400545915039E-03,  9.70300000000012E+01,  6.57238517835631E+04,  1.43426620385135E+05
 1.92500000000000E+03, -7.48676474982440E-01, -3.14500000000000E+00,  3.31658052584410E-03,  9.72100000000012E+01,  5.26009745878063E+04,  1.16863150355261E+05
 1.92508333300000E+03, -1.01293818837312E+00, -2.98750000000000E+00,  3.96873224476013E-03,  9.73900000000012E+01,  3.76017857625932E+04,  8.39778840621047E+04
 1.92516666700000E+03, -1.48039718407692E+00, -2.44250000000000E+00,  1.05554949104585E-01,  9.75700000000012E+01,  2.42608375637894E+04,  5.24644172345460E+04
 1.92525000000000E+03, -1.65712769368418E+00, -1.71250000000000E+00,  1.06069561811656E-01,  9.77500000000012E+01,  1.60026439813262E+04,  3.02143653000244E+04
 1.92533333300000E+03, -1.54807934835525E+00, -1.33500000000000E+00,  1.06583101897965E-01,  9.79300000000012E+01,  1.53926907878175E+04,  2.36107644561234E+04
 1.92541666700000E+03, -1.41942628966590E+00, -1.52750000000000E+00,  1.07095567272764E-01,  9.81100000000012E+01,  2.35297727992780E+04,  3.60835000018141E+04
 1.92550000000000E+03, -1.31472809697684E+00, -1.55000000000000E+00,  1.07606955862395E-01,  9.82900000000012E+01,  3.97189914026976E+04,  6.72388257999876E+04
 1.92558333300000E+03, -1.27083546259454E+00, -1.34250000000000E+00,  1.08117265610252E-01,  9.84700000000012E+01,  6.15111531037231E+04,  1.12763075121539E+05
 1.92566666700000E+03, -1.32204831492324E+00, -1.16750000000000E+00,  1.08626494476748E-01,  9.86500000000012E+01,  8.51192601246756E+04,  1.65143799997402E+05
 1.92575000000000E+03, -1.46634258688226E+00, -1.18750000000000E+00,  1.09134640439268E-01,  9.88300000000012E+01,  1.06141807256478E+05,  2.15081851048064E+05
 1.92583333300000E+03, -1.61293017223586E+00, -9.87500000000000E-01,  1.09641701492138E-01,  9.90100000000012E+01,  1.20453226930845E+05,  2.53320803831736E+05
 1.92591666700000E+03, -1.69598049676065E+00, -1.40000000000000E-01,  1.10147675646582E-01,  9.91900000000012E+01,  1.25079748315133E+05,  2.72527069650713E+05
 1.92600000000000E+03, -1.71684849705983E+00,  5.25000000000000E-01,  1.10652560930683E-01,  9.93700000000013E+01,  1.18874435560259E+05,  2.68835572276402E+05
 1.92608333300000E+03, -1.67145262595225E+00,  7.07500000000000E-01,  1.11156355389349E-01,  9.95500000000013E+01,  1.02840630137031E+05,  2.42737181613608E+05
 1.92616666700000E+03, -1.58765029469440E+00,  7.45000000000000E-01,  6.85337098553515E-02,  9.97300000000013E+01,  8.00221372256491E+04,  1.99113566984683E+05
 1.92625000000000E+03, -1.51871672753297E+00,  9.45000000000000E-01,  6.91148395628832E-02,  9.99100000000013E+01,  5.49673925324252E+04,  1.46396639915479E+05
 1.92633333300000E+03, -1.44844352144019E+00,  1.03750000000000E+00,  6.96950788553651E-02,  1.00090000000001E+02,  3.28649222467187E+04,  9.50080254719392E+04
 1.92641666700000E+03, -1.35868010733535E+00,  9.75000000000000E-01,  7.02744244082479E-02,  1.00270000000001E+02,  1.85193036805232E+04,  5.53820033079011E+04
 1.92650000000000E+03, -1.29291401907615E+00,  9.75000000000000E-01,  7.08528729163692E-02,  1.00450000000001E+02,  1.53746587686548E+04,  3.59621430342214E+04
 1.92658333300000E+03, -1.28792463159417E+00,  6.85000000000000E-01,  7.14304210939231E-02,  1.00630000000001E+02,  2.47876087897671E+04,  4.15691382787858E+04
 1.92666666700000E+03, -1.37794142146088E+00,  7.47500000000000E-01,  7.20070656744334E-02,  1.00810000000001E+02,  4.57038340995686E+04,  7.24634197080872E+04
 1.92675000000000E+03, -1.56087086728185E+00,  1.02250000000000E+00,  7.25828034107221E-02,  1.00990000000001E+02,  7.48113757506621E+04,  1.24286276171635E+05
 1.92683333300000E+03, -1.74585653159582E+00,  7.65000000000000E-01,  7.31576310748817E-02,  1.01170000000001E+02,  1.07146335105558E+05,  1.88886461656524E+05
 1.92691666700000E+03, -1.86700075269577E+00,  6.80000000000000E-01,  7.37315454582446E-02,  1.01350000000001E+02,  1.37033163759031E+05,  2.55862235502068E+05
 1.92700000000000E+03, -1.92559273825553E+00,  7.82500000000000E-01,  7.43045433713538E-02,  1.01530000000001E+02,  1.59172114427778E+05,  3.14507935279541E+05
 1.92708333300000E+03, -1.65346846922464E+00,  6.47500000000000E-01,  7.48766216439325E-02,  1.01710000000001E+02,  1.69655502150651E+05,  3.55778131824253E+05
 1.92716666700000E+03, -1.07207660673660E+00,  5.25000000000000E-01, -1.31979294804795E-01,  1.01890000000001E+02,  1.66708852282922E+05,  3.73885972977405E+05
 1.92725000000000E+03, -7.56150582256509E-01,  8.85000000000000E-01, -1.31387946604573E-01,  1.02070000000001E+02,  1.51009762210324E+05,  3.67233518137151E+05
 1.92733333300000E+03, -6.95434168902395E-01,  1.47750000000000E+00, -1.30795464463499E-01,  1.02250000000001E+02,  1.25524324878190E+05,  3.38512587475315E+05
 1.92741666700000E+03, -6.13899316784953E-01,  1.60000000000000E+00, -1.30201857495714E-01,  1.02430000000001E+02,  9.48997897595294E+04,  2.93984704705286E+05
 1.92750000000000E+03, -5.55009810314722E-01,  1.52000000000000E+00, -1.29607134805620E-01,  1.02610000000001E+02,  6.45419027524555E+04,  2.42112402881270E+05
 1.92758333300000E+03, -5.55524466826451E-01,  1.40250000000000E+00, -1.29011305487766E-01,  1.02790000000001E+02,  3.95673134971897E+04,  1.91837924461179E+05
 1.92766666700000E+03, -6.49655492071598E-01,  1.31250000000000E+00, -1.28414378626723E-01,  1.02970000000001E+02,  2.38429449577582E+04,  1.50864787633701E+05
 1.92775000000000E+03, -8.35295469161880E-01,  1.43000000000000E+00, -1.27816363296969E-01,  1.03150000000001E+02,  1.93014514852667E+04,  1.24282525484085E+05
 1.92783333300000E+03, -1.02157752136815E+00,  1.01750000000000E+00, -1.27217268562769E-01,  1.03330000000001E+02,  2.56605083998438E+04,  1.13790763363676E+05
 1.92791666700000E+03, -1.14259707836386E+00,  6.75000000000000E-02, -1.26617103478056E-01,  1.03510000000001E+02,  4.05874610159604E+04,  1.17645589533897E+05
 1.92800000000000E+03, -1.19964003653959E+00, -5.65000000000000E-01, -1.26015877086317E-01,  1.03690000000001E+02,  6.02585947877654E+04,  1.31298426045753E+05
 1.92808333300000E+03, -1.00098444645490E+00, -8.60000000000000E-01, -1.25413598420477E-01,  1.03870000000001E+02,  8.01835885436299E+04,  1.48557895343745E+05
 1.92816666700000E+03, -5.55731692108640E-01, -9.92500000000000E-01, -1.01804222470488E-01,  1.04050000000001E+02,  9.61167708913906E+04,  1.63007087706037E+05
 1.92825000000000E+03, -2.74040463813013E-01, -7.27500000000000E-01, -1.01167791405929E-01,  1.04230000000001E+02,  1.04866959145878E+05,  1.69370813362142E+05
 1.92833333300000E+03, -1.59356695809065E-01, -3.50000000000000E-02, -1.00530659897186E-01,  1.04410000000001E+02,  1.04847576084996E+05,  1.64554981116464E+05
 1.92841666700000E+03, -2.52154492737439E-02,  5.52500000000000E-01, -9.98928364524256E-02,  1.04590000000001E+02,  9.62704949382074E+04,  1.48164205834394E+05
 1.92850000000000E+03,  8.47688908900075E-02,  8.12500000000000E-01, -9.92543295650211E-02,  1.04770000000001E+02,  8.09661642591202E+04,  1.22423564998820E+05
 1.92858333300000E+03,  1.33691174194989E-01,  9.05000000000000E-01, -9.86151477134712E-02,  1.04950000000001E+02,  6.18913318454426E+04,  9.15589109646452E+04
 1.92866666700000E+03,  8.71976263944007E-02,  7.60000000000000E-01, -9.79752993613145E-02,  1.05130000000001E+02,  4.24472407842367E+04,  6.07996305598705E+04
 1.92875000000000E+03, -5.27406544040253E-02,  2.62500000000000E-01, -9.73347929570446E-02,  1.05310000000001E+02,  2.57631090455159E+04,  3.52360745012927E+04
 1.92883333300000E+03, -1.95387388716899E-01, -4.15000000000000E-01, -9.66936369340270E-02,  1.05490000000001E+02,  1.40966576263895E+04,  1.87789414599748E+04
 1.92891666700000E+03, -2.74962426729591E-01, -8.35000000000000E-01, -9.60518397104163E-02,  1.05670000000001E+02,  8.46797882893968E+03,  1.34297299938260E+04
 1.92900000000000E+03, -2.92869470940135E-01, -9.50000000000000E-01, -9.54094096890744E-02,  1.05850000000002E+02,  8.58470801754911E+03,  1.89914884800034E+04
 1.92908333300000E+03, -4.40796375996979E-01, -9.80000000000000E-01, -9.47663552574890E-02,  1.06030000000002E+02,  1.30494151197254E+04,  3.32473520667535E+04
 1.92916666700000E+03, -7.46119924357818E-01, -7.72500000000000E-01,  6.64118308377052E-02,  1.06210000000002E+02,  1.97796878380273E+04,  5.25341092643751E+04
 1.92925000000000E+03, -8.70148717305695E-01, -6.12500000000000E-01,  6.69961719246387E-02,  1.06390000000002E+02,  2.65305412423000E+04,  7.25607968654370E+04
 1.92933333300000E+03, -7.97157067134703E-01, -1.10750000000000E+00,  6.75796348568124E-02,  1.06570000000002E+02,  3.13954211886287E+04,  8.92831103103359E+04
 1.92941666700000E+03, -7.05225208414770E-01, -1.72250000000000E+00,  6.81622162388998E-02,  1.06750000000002E+02,  3.31773696978657E+04,  9.96488729584825E+04
 1.92950000000000E+03, -6.37855130531489E-01, -1.80000000000000E+00,  6.87439126950646E-02,  1.06930000000002E+02,  3.15604953982021E+04,  1.02073539163269E+05
 1.92958333300000E+03, -6.31839302773138E-01, -1.41750000000000E+00,  6.93247208689321E-02,  1.07110000000002E+02,  2.70633451985477E+04,  9.65749564177302E+04
 1.92966666700000E+03, -7.21418872075314E-01, -8.80000000000000E-01,  6.99046374235605E-02,  1.07290000000002E+02,  2.08073774830321E+04,  8.45757146495968E+04
 1.92975000000000E+03, -9.04510503642930E-01, -7.55000000000000E-01,  7.04836590414132E-02,  1.07470000000002E+02,  1.41735199470303E+04,  6.84511341158762E+04
 1.92983333300000E+03, -1.09026640396375E+00, -1.20750000000000E+00,  7.10617824243290E-02,  1.07650000000002E+02,  8.43929749167968E+03,  5.09466725084427E+04
 1.92991666700000E+03, -1.21279595977836E+00, -1.55750000000000E+00,  7.16390042934941E-02,  1.07830000000002E+02,  4.48508711376646E+03,  3.46023305170334E+04
 1.93000000000000E+03, -1.27339378271769E+00, -1.55500000000000E+00,  7.22153213894125E-02,  1.08010000000002E+02,  2.63330632405195E+03,  2.13035426106061E+04
 1.93008333300000E+03, -9.84347658960416E-01, -1.45750000000000E+00,  7.27907304718768E-02,  1.08190000000002E+02,  2.64619316160833E+03,  1.20354133081922E+04
 1.93016666700000E+03, -3.62374701030344E-01, -1.47250000000000E+00, -1.23975363601640E-02,  1.08370000000002E+02,  3.86647656919964E+03,  6.86234317995994E+03
 1.93025000000000E+03, -1.71910509417378E-02, -1.60250000000000E+00, -1.17368119519845E-02,  1.08550000000002E+02,  5.45099875153339E+03,  5.10207761456718E+03
 1.93033333300000E+03,  5.55007707652875E-02, -1.32000000000000E+00, -1.10763791599201E-02,  1.08730000000002E+02,  6.62818900587269E+03,  5.62417284949687E+03
 1.93041666700000E+03,  1.45932952800556E-01, -5.67500000000000E-01, -1.04162439606800E-02,  1.08910000000002E+02,  6.90995055666404E+03,  7.18538429868092E+03
 1.93050000000000E+03,  2.10644246073830E-01,  2.35000000000000E-01, -9.75641231006836E-03,  1.09090000000002E+02,  6.20584936586709E+03,  8.72010011603050E+03
 1.93058333300000E+03,  2.12886993095563E-01,  1.18000000000000E+00, -9.09689014297526E-03,  1.09270000000002E+02,  4.81696261965766E+03,  9.52838040184362E+03
 1.93066666700000E+03,  1.18468717585936E-01,  2.08000000000000E+00, -8.43768337336578E-03,  1.09450000000002E+02,  3.32007061298521E+03,  9.33890479101718E+03
 1.93075000000000E+03, -7.04749441967786E-02,  2.07250000000000E+00, -7.77879789427205E-03,  1.09630000000002E+02,  2.38124261616666E+03,  8.25899769714581E+03
 1.93083333300000E+03, -2.63040508069668E-01,  1.58750000000000E+00, -7.12023957778353E-03,  1.09810000000002E+02,  2.55419447302595E+03,  6.64983212237608E+03
 1.93091666700000E+03, -3.93278536573936E-01,  1.34500000000000E+00, -6.46201427503871E-03,  1.09990000000002E+02,  4.11947490314062E+03,  4.97625235487653E+03
 1.93100000000000E+03, -4.62421951407548E-01,  1.05750000000000E+00, -5.80412781621814E-03,  1.10170000000002E+02,  7.00621530277942E+03,  3.67635622406136E+03
 1.93108333300000E+03, -4.00334213679515E-02,  9.47500000000000E-01, -5.14658601053539E-03,  1.10350000000002E+02,  1.08134152889435E+04,  3.07948335180116E+03
 1.93116666700000E+03,  8.63536294302838E-01,  1.24250000000000E+00, -2.17035463841855E-01,  1.10530000000002E+02,  1.49196664422478E+04,  3.37916169922912E+03
 1.93125000000000E+03,  1.36005453909476E+00,  1.64750000000000E+00, -2.16898459924899E-01,  1.10710000000002E+02,  1.86465739249069E+04,  4.64747953224758E+03
 1.93133333300000E+03,  1.44842984035701E+00,  2.13250000000000E+00, -2.16758415630300E-01,  1.10890000000002E+02,  2.14281820085546E+04,  6.86559073468876E+03
 1.93141666700000E+03,  1.55566349711641E+00,  2.34750000000000E+00, -2.16615338150793E-01,  1.11070000000002E+02,  2.29396018789707E+04,  9.94482754593277E+03
 1.93150000000000E+03,  1.63822999988073E+00,  1.97750000000000E+00, -2.16469234711924E-01,  1.11250000000002E+02,  2.31520559720503E+04,  1.37234229132109E+04
 1.93158333300000E+03,  1.65931388615855E+00,  1.86000000000000E+00, -2.16320112571793E-01,  1.11430000000002E+02,  2.23043660346544E+04,  1.79407625554560E+04
 1.93166666700000E+03,  1.58465156486422E+00,  2.45500000000000E+00, -2.16167979020784E-01,  1.11610000000002E+02,  2.08058299698141E+04,  2.22078471314028E+04
 1.93175000000000E+03,  1.41630449282211E+00,  2.36250000000000E+00, -2.16012841381304E-01,  1.11790000000002E+02,  1.91052621061419E+04,  2.60026165513350E+04
 1.93183333300000E+03,  1.24509916565844E+00,  1.48000000000000E+00, -2.15854707007516E-01,  1.11970000000002E+02,  1.75700093008115E+04,  2.87173991852002E+04
 1.93191666700000E+03,  1.13690548647152E+00,  1.40250000000000E+00, -2.15693583285081E-01,  1.12150000000002E+02,  1.64143722539922E+04,  2.97720519048565E+04
 1.93200000000000E+03,  1.09040872442892E+00,  1.84250000000000E+00, -2.15529477630891E-01,  1.12330000000002E+02,  1.57002561354030E+04,  2.87835505334227E+04
 1.93208333300000E+03,  1.18148920416886E+00,  2.16750000000000E+00, -2.15362397492806E-01,  1.12510000000002E+02,  1.54087861572157E+04,  2.57575016006772E+04
 1.93216666700000E+03,  1.39343397290986E+00,  2.30000000000000E+00, -2.13867718302339E-01,  1.12690000000002E+02,  1.55570697715734E+04,  2.12475398778551E+04
 1.93225000000000E+03,  1.54067216958401E+00,  2.02250000000000E+00, -2.13673426145786E-01,  1.12870000000002E+02,  1.63166515902260E+04,  1.64223519763381E+04
 1.93233333300000E+03,  1.62847731642636E+00,  1.87000000000000E+00, -2.13476237721282E-01,  1.13050000000002E+02,  1.80851784347089E+04,  1.29915049559136E+04
 1.93241666700000E+03,  1.73569909813571E+00,  2.24250000000000E+00, -2.13276160807690E-01,  1.13230000000002E+02,  2.14727033418963E+04,  1.29699880125049E+04
 1.93250000000000E+03,  1.81879477285519E+00,  2.89250000000000E+00, -2.13073203211658E-01,  1.13410000000002E+02,  2.71870851097507E+04,  1.83018651317704E+04
 1.93258333300000E+03,  1.84092997511721E+00,  3.41250000000000E+00, -2.12867372767365E-01,  1.13590000000002E+02,  3.58334017650389E+04,  3.04060219633173E+04
 1.93266666700000E+03,  1.76782062682885E+00,  3.20250000000000E+00, -2.12658677336259E-01,  1.13770000000002E+02,  4.76720088645817E+04,  4.97401379014679E+04
 1.93275000000000E+03,  1.60150620599501E+00,  2.33250000000000E+00, -2.12447124806811E-01,  1.13950000000002E+02,  6.24002488220691E+04,  7.54923068312076E+04
 1.93283333300000E+03,  1.43278983590658E+00,  1.47750000000000E+00, -2.12232723094249E-01,  1.14130000000002E+02,  7.90271735013403E+04,  1.05496811502421E+05
 1.93291666700000E+03,  1.32751675616666E+00,  9.97500000000000E-01, -2.12015480140314E-01,  1.14310000000002E+02,  9.58961291356791E+04,  1.36431251776318E+05
 1.93300000000000E+03,  1.28434638810591E+00,  1.02750000000000E+00, -2.11795403912996E-01,  1.14490000000002E+02,  1.10878671704437E+05,  1.64293210066207E+05
 1.93308333300000E+03,  1.06035965040951E+00,  1.18500000000000E+00, -2.11572502406289E-01,  1.14670000000002E+02,  1.21721690074248E+05,  1.85088368435756E+05
 1.93316666700000E+03,  6.41787942265708E-01,  1.32750000000000E+00, -9.20154783347996E-02,  1.14850000000002E+02,  1.26487709581359E+05,  1.95604071743438E+05
 1.93325000000000E+03,  4.83124557518844E-01,  1.96750000000000E+00, -9.13692728136295E-02,  1.15030000000002E+02,  1.23996927529571E+05,  1.94107838023138E+05
 1.93333333300000E+03,  5.85792094964791E-01,  2.55000000000000E+00, -9.07224950933339E-02,  1.15210000000002E+02,  1.14167587416344E+05,  1.80809986103133E+05
 1.93341666700000E+03,  7.06440834812134E-01,  2.60000000000000E+00, -9.00751534472880E-02,  1.15390000000002E+02,  9.81636137777215E+04,  1.57966748364700E+05
 1.93350000000000E+03,  8.01501016402634E-01,  2.66500000000000E+00, -8.94272561328445E-02,  1.15570000000002E+02,  7.82940925625253E+04,  1.29569542499775E+05
 1.93358333300000E+03,  8.34116780606560E-01,  2.67000000000000E+00, -8.87788113912586E-02,  1.15750000000002E+02,  5.76614394423076E+04,  1.00653922982373E+05
 1.93366666700000E+03,  7.69988173447449E-01,  2.70500000000000E+00, -8.81298274476144E-02,  1.15930000000002E+02,  3.96126496299313E+04,  7.63490835010556E+04
 1.93375000000000E+03,  6.11144487602600E-01,  2.42000000000000E+00, -8.74803125107496E-02,  1.16110000000002E+02,  2.70975049674054E+04,  6.08553082392452E+04
 1.93383333300000E+03,  4.48384404880205E-01,  1.18750000000000E+00, -8.68302747731830E-02,  1.16290000000002E+02,  2.20667256344420E+04,  5.65656105787288E+04
 1.93391666700000E+03,  3.47554499053553E-01, -1.12500000000000E-01, -8.61797224110413E-02,  1.16470000000002E+02,  2.50435814622029E+04,  6.35297713094879E+04
 1.93400000000000E+03,  3.07321312126436E-01, -1.07000000000000E+00, -8.55286635839875E-02,  1.16650000000002E+02,  3.49724883969446E+04,  7.93952262078657E+04
 1.93408333300000E+03,  4.38163134533207E-01, -1.79750000000000E+00, -8.48771064351493E-02,  1.16830000000002E+02,  4.93927466829285E+04,  9.98615344565046E+04
 1.93416666700000E+03,  7.22071369883774E-01, -1.80500000000000E+00, -1.55886638640032E-01,  1.17010000000002E+02,  6.49161761189997E+04,  1.19573755172334E+05
 1.93425000000000E+03,  9.02858251030416E-01, -1.31750000000000E+00, -1.55351876559186E-01,  1.17190000000002E+02,  7.79191532065167E+04,  1.33279470086326E+05
 1.93433333300000E+03,  9.86878617933358E-01, -7.52500000000000E-01, -1.54815586844543E-01,  1.17370000000002E+02,  8.53080918430837E+04,  1.37007691033034E+05
 1.93441666700000E+03,  1.08877980975432E+00,  2.70000000000000E-01, -1.54277778902028E-01,  1.17550000000002E+02,  8.51951980671265E+04,  1.29012106519397E+05
 1.93450000000000E+03,  1.16502394149097E+00,  1.09000000000000E+00, -1.53738462133627E-01,  1.17730000000002E+02,  7.73346405404800E+04,  1.10261907794572E+05
 1.93458333300000E+03,  1.17878628247769E+00,  1.13500000000000E+00, -1.53197645937242E-01,  1.17910000000002E+02,  6.32165013855979E+04,  8.43540756141560E+04
 1.93466666700000E+03,  1.09579720058999E+00,  1.29250000000000E+00, -1.52655339706529E-01,  1.18090000000002E+02,  4.57876038702709E+04,  5.68432419950400E+04
 1.93475000000000E+03,  9.18115448828000E-01,  1.20750000000000E+00, -1.52111552830758E-01,  1.18270000000002E+02,  2.88492580302537E+04,  3.41129765418846E+04
 1.93483333300000E+03,  7.36568258287556E-01,  4.57500000000000E-01, -1.51566294694656E-01,  1.18450000000002E+02,  1.62542529573222E+04,  2.20173126099146E+04
 1.93491666700000E+03,  6.17029795346023E-01,  8.25000000000000E-02, -1.51019574678258E-01,  1.18630000000002E+02,  1.10726212064346E+04,  2.45794067203956E+04
 1.93500000000000E+03,  5.58193196997493E-01, -1.82500000000000E-01, -1.50471402156762E-01,  1.18810000000002E+02,  1.49065953215906E+04,  4.30310396308035E+04
 1.93508333300000E+03,  5.51290157942430E-01, -9.90000000000000E-01, -1.49921786500376E-01,  1.18990000000002E+02,  2.75064634131239E+04,  7.54111220736112E+04
 1.93516666700000E+03,  5.84939412980723E-01, -9.95000000000000E-01, -1.92036828594095E-01,  1.19170000000002E+02,  4.67762448860043E+04,  1.16826260044212E+05
 1.93525000000000E+03,  6.48601488938211E-01,  2.05000000000000E-01, -1.92481122064858E-01,  1.19350000000002E+02,  6.91745567457466E+04,  1.60335935608884E+05
 1.93533333300000E+03,  7.42998390371151E-01,  1.06750000000000E+00, -1.92921853898066E-01,  1.19530000000002E+02,  9.04299431227250E+04,  1.98289357419054E+05
 1.93541666700000E+03,  8.57377016345602E-01,  1.01000000000000E+00, -1.93359021844382E-01,  1.19710000000002E+02,  1.06420388498040E+05,  2.23840454085567E+05
 1.93550000000000E+03,  9.48184292292382E-01,  5.52500000000000E-01, -1.93792623731808E-01,  1.19890000000002E+02,  1.14029395712311E+05,  2.32324569481067E+05
 1.93558333300000E+03,  9.78575067181365E-01,  4.00000000000000E-02, -1.94222657465467E-01,  1.20070000000002E+02,  1.11794539428532E+05,  2.22205520468518E+05
 1.93566666700000E+03,  9.14254111083707E-01, -2.67500000000000E-01, -1.94649121027379E-01,  1.20250000000002E+02,  1.00208410291702E+05,  1.95390230678652E+05
 1.93575000000000E+03,  7.57249466376392E-01, -1.82500000000000E-01, -1.95072012476248E-01,  1.20430000000002E+02,  8.16068926949557E+04,  1.56841488054192E+05
 1.93583333300000E+03,  5.98352617453494E-01,  2.57500000000000E-01, -1.95491329947229E-01,  1.20610000000002E+02,  5.96693086581840E+04,  1.13568703422615E+05
 1.93591666700000E+03,  5.03397035169015E-01,  8.47500000000000E-01, -1.95907071651713E-01,  1.20790000000002E+02,  3.86392986419720E+04,  7.32092882967951E+04
 1.93600000000000E+03,  4.71030310759853E-01,  1.25000000000000E+00, -1.96319235877097E-01,  1.20970000000002E+02,  2.24356766488917E+04,  4.25002769068164E+04
 1.93608333300000E+03,  4.86593329654350E-01,  1.50250000000000E+00, -1.96727820986563E-01,  1.21150000000002E+02,  1.38454874994840E+04,  2.59619117268922E+04
 1.93616666700000E+03,  5.35347101528228E-01,  1.77250000000000E+00, -2.01081710607576E-01,  1.21330000000002E+02,  1.39720581592889E+04,  2.50672178745722E+04
 1.93625000000000E+03,  6.14717091764716E-01,  1.83250000000000E+00, -2.01446304951052E-01,  1.21510000000002E+02,  2.20534277965119E+04,  3.80646815104382E+04
 1.93633333300000E+03,  7.27968808531449E-01,  1.75750000000000E+00, -2.01807305527464E-01,  1.21690000000002E+02,  3.56841213425567E+04,  6.04787142889044E+04
 1.93641666700000E+03,  8.61427286063766E-01,  1.82000000000000E+00, -2.02164711755637E-01,  1.21870000000002E+02,  5.13843257029629E+04,  8.61661588479916E+04
 1.93650000000000E+03,  9.71520395591503E-01,  1.94250000000000E+00, -2.02518523126610E-01,  1.22050000000002E+02,  6.53850326105671E+04,  1.08688972823520E+05
 1.93658333300000E+03,  1.02138397638197E+00,  1.94000000000000E+00, -2.02868739203396E-01,  1.22230000000002E+02,  7.44523873714055E+04,  1.22699260382648E+05
 1.93666666700000E+03,  9.76703804840462E-01,  1.61000000000000E+00, -2.03215359620741E-01,  1.22410000000002E+02,  7.65691705501917E+04,  1.25036600931542E+05
 1.93675000000000E+03,  8.39488918164242E-01,  9.50000000000000E-01, -2.03558384084881E-01,  1.22590000000002E+02,  7.13267705668703E+04,  1.15307515273199E+05
 1.93683333300000E+03,  7.00511758527978E-01,  4.22500000000000E-01, -2.03897812373295E-01,  1.22770000000002E+02,  5.99486911723536E+04,  9.58364867053896E+04
 1.93691666700000E+03,  6.25586692684285E-01,  3.67500000000000E-01, -2.04233644334465E-01,  1.22950000000002E+02,  4.49508699818457E+04,  7.10198122263921E+04
 1.93700000000000E+03,  6.13342122808041E-01,  5.50000000000000E-01, -2.04565879887627E-01,  1.23130000000002E+02,  2.95255698707537E+04,  4.62455822451259E+04
 1.93708333300000E+03,  7.55138140232124E-01,  7.55000000000000E-01, -2.04894519022529E-01,  1.23310000000002E+02,  1.67959011671294E+04,  2.66357605016168E+04
 1.93716666700000E+03,  1.02652577212645E+00,  8.25000000000000E-01, -2.13159491585795E-01,  1.23490000000002E+02,  9.11375403449283E+03,  1.58994134054623E+04
 1.93725000000000E+03,  1.20298055509959E+00,  8.65000000000000E-01, -2.12954876618037E-01,  1.23670000000002E+02,  7.55975483633956E+03,  1.55531538023986E+04
 1.93733333300000E+03,  1.29712376269827E+00,  1.89750000000000E+00, -2.12747393331423E-01,  1.23850000000002E+02,  1.17537029385443E+04,  2.46744620320403E+04
 1.93741666700000E+03,  1.41085856919119E+00,  4.05250000000000E+00, -2.12537049603012E-01,  1.24030000000002E+02,  2.00099037454826E+04,  4.02273429917160E+04
 1.93750000000000E+03,  1.50063562143172E+00,  5.60750000000000E+00, -2.12323853336735E-01,  1.24210000000002E+02,  2.97913314269017E+04,  5.78672678725739E+04
 1.93758333300000E+03,  1.52961404946398E+00,  5.70000000000000E+00, -2.12107812463137E-01,  1.24390000000002E+02,  3.83483201668403E+04,  7.30240534525413E+04
 1.93766666700000E+03,  1.46350338544456E+00,  4.70250000000000E+00, -2.11888934939124E-01,  1.24570000000002E+02,  4.33870967964171E+04,  8.20017656800333E+04
 1.93775000000000E+03,  1.30433683915942E+00,  3.33500000000000E+00, -2.11667228747712E-01,  1.24750000000002E+02,  4.36098631663004E+04,  8.28368290928547E+04
 1.93783333300000E+03,  1.14291139694966E+00,  2.84500000000000E+00, -2.11442701897768E-01,  1.24930000000002E+02,  3.90015800646577E+04,  7.57177750150588E+04
 1.93791666700000E+03,  1.04506629731470E+00,  2.87250000000000E+00, -2.11215362423764E-01,  1.25110000000002E+02,  3.08007312056363E+04,  6.28770441004443E+04
 1.93800000000000E+03,  1.00945509983660E+00,  2.25750000000000E+00, -2.10985218385520E-01,  1.25290000000002E+02,  2.11672038462772E+04,  4.79913619803862E+04
 1.93808333300000E+03,  1.13475966425488E+00,  1.72750000000000E+00, -2.10752277867954E-01,  1.25470000000002E+02,  1.26320329643237E+04,  3.52426991722147E+04
 1.93816666700000E+03,  1.40509040932370E+00,  1.91250000000000E+00, -2.16828245712256E-01,  1.25650000000002E+02,  7.46434655058961E+03,  2.82698220396402E+04
 1.93825000000000E+03,  1.58992419878795E+00,  2.13250000000000E+00, -2.16973421060654E-01,  1.25830000000002E+02,  7.10876862689611E+03,  2.92631394407807E+04
 1.93833333300000E+03,  1.69343894121428E+00,  1.96750000000000E+00, -2.17115091812474E-01,  1.26010000000002E+02,  1.18279331490000E+04,  3.84182985410290E+04
 1.93841666700000E+03,  1.81634736690144E+00,  1.80000000000000E+00, -2.17253261351076E-01,  1.26190000000002E+02,  2.06344159634403E+04,  5.38762401618195E+04
 1.93850000000000E+03,  1.91510797261439E+00,  2.13000000000000E+00, -2.17387933116021E-01,  1.26370000000002E+02,  3.15265135503468E+04,  7.21604056869329E+04
 1.93858333300000E+03,  1.95288750508883E+00,  2.71500000000000E+00, -2.17519110602807E-01,  1.26550000000002E+02,  4.19695916237290E+04,  8.90033879759918E+04
 1.93866666700000E+03,  1.89540285269273E+00,  3.11750000000000E+00, -2.17646797362584E-01,  1.26730000000002E+02,  4.95064261235135E+04,  1.00363502325710E+05
 1.93875000000000E+03,  1.74469429521792E+00,  3.28500000000000E+00, -2.17770997001890E-01,  1.26910000000002E+02,  5.23497610485437E+04,  1.03387981989800E+05
 1.93883333300000E+03,  1.59156557942200E+00,  2.97000000000000E+00, -2.17891713182368E-01,  1.27090000000002E+02,  4.98151728640338E+04,  9.70937372150897E+04
 1.93891666700000E+03,  1.50186237195445E+00,  2.17000000000000E+00, -2.18008949620498E-01,  1.27270000000002E+02,  4.24908904005465E+04,  8.26050575331563E+04
 1.93900000000000E+03,  1.47424430711135E+00,  1.36000000000000E+00, -2.18122710087317E-01,  1.27450000000002E+02,  3.21041501795299E+04,  6.28937151462234E+04
 1.93908333300000E+03,  1.12779610124167E+00,  5.92500000000000E-01, -2.18232998408147E-01,  1.27630000000002E+02,  2.11159435234625E+04,  4.20852944464586E+04
 1.93916666700000E+03,  4.55667179605884E-01,  2.15000000000000E-01, -1.35542572476903E-01,  1.27810000000002E+02,  1.21404810088899E+04,  2.44981347642695E+04
 1.93925000000000E+03,  1.95904057303439E-01,  5.97500000000000E-01, -1.36297660310438E-01,  1.27990000000002E+02,  7.32714097238981E+03,  1.36438352355734E+04
 1.93933333300000E+03,  3.44263490715551E-01,  1.14500000000000E+00, -1.37049762107892E-01,  1.28170000000002E+02,  7.85137264435802E+03,  1.14262257529148E+04
 1.93941666700000E+03,  5.13023057746737E-01,  1.90000000000000E+00, -1.37798867643455E-01,  1.28350000000002E+02,  1.36350549178306E+04,  1.77274374494182E+04
 1.93950000000000E+03,  6.58474267888467E-01,  2.81500000000000E+00, -1.38544966782408E-01,  1.28530000000002E+02,  2.33624238089653E+04,  3.04768976605029E+04
 1.93958333300000E+03,  7.43617076787210E-01,  3.11750000000000E+00, -1.39288049481064E-01,  1.28710000000002E+02,  3.47878078953319E+04,  4.61839001742549E+04
 1.93966666700000E+03,  7.34002541731573E-01,  2.27250000000000E+00, -1.40028105786705E-01,  1.28890000000002E+02,  4.52625827824424E+04,  6.08042359607622E+04
 1.93975000000000E+03,  6.31506804908157E-01,  3.57500000000000E-01, -1.40765125837520E-01,  1.29070000000002E+02,  5.23571923979747E+04,  7.07323003369890E+04
 1.93983333300000E+03,  5.26771870042017E-01, -1.00000000000000E+00, -1.41499099862541E-01,  1.29250000000002E+02,  5.44318763856995E+04,  7.36807628993392E+04
 1.93991666700000E+03,  4.85484719927458E-01, -6.87500000000000E-01, -1.42230018181572E-01,  1.29430000000002E+02,  5.10220221449962E+04,  6.92371171493015E+04
 1.94000000000000E+03,  5.06149990916296E-01, -4.35000000000000E-01, -1.42957871205124E-01,  1.29610000000002E+02,  4.29478273748995E+04,  5.89636433429802E+04
 1.94008333300000E+03,  4.59232109676097E-01, -1.23500000000000E+00, -1.43682649434336E-01,  1.29790000000002E+02,  3.21228242391246E+04,  4.60161453641696E+04
 1.94016666700000E+03,  3.20482059002712E-01, -1.34500000000000E+00, -1.98201481102393E-01,  1.29970000000002E+02,  2.11064753322006E+04,  3.43714560567610E+04
 1.94025000000000E+03,  3.07649650430512E-01, -5.75000000000000E-01, -1.98593288113809E-01,  1.30150000000002E+02,  1.25059047561958E+04,  2.78470223138779E+04
 1.94033333300000E+03,  4.33976677824886E-01, -9.50000000000000E-02, -1.98981508136065E-01,  1.30330000000002E+02,  8.36688325142711E+03,  2.91458411324086E+04
 1.94041666700000E+03,  5.80708951986116E-01,  2.55000000000000E-01, -1.99366140032873E-01,  1.30510000000002E+02,  9.69633131138963E+03,  3.91548476074473E+04
 1.94050000000000E+03,  7.04220236866335E-01,  7.17500000000000E-01, -1.99747182741962E-01,  1.30690000000002E+02,  1.62274760015252E+04,  5.66657984761835E+04
 1.94058333300000E+03,  7.67592448957932E-01,  7.65000000000000E-01, -2.00124635274839E-01,  1.30870000000002E+02,  2.64818267269933E+04,  7.85886850184577E+04
 1.94066666700000E+03,  7.36457883474684E-01,  2.00000000000000E-01, -2.00498496716558E-01,  1.31050000000002E+02,  3.81127616807302E+04,  1.00612062194027E+05
 1.94075000000000E+03,  6.12772784636427E-01, -5.75000000000000E-01, -2.00868766225479E-01,  1.31230000000002E+02,  4.84500050185943E+04,  1.18159585144678E+05
 1.94083333300000E+03,  4.87257728310446E-01, -1.18750000000000E+00, -2.01235443033038E-01,  1.31410000000002E+02,  5.51178912813572E+04,  1.27422160495124E+05
 1.94091666700000E+03,  4.25676364522400E-01, -1.23500000000000E+00, -2.01598526443501E-01,  1.31590000000002E+02,  5.65837615733460E+04,  1.26226797077838E+05
 1.94100000000000E+03,  4.26607738158232E-01, -4.77500000000000E-01, -2.01958015833729E-01,  1.31770000000002E+02,  5.25097850801718E+04,  1.14540704030794E+05
 1.94108333300000E+03,  6.66259329458401E-01,  5.87500000000000E-01, -2.02313910652939E-01,  1.31950000000002E+02,  4.38277791758666E+04,  9.44935843385145E+04
 1.94116666700000E+03,  1.12083833402796E+00,  9.92500000000000E-01, -2.17817120783720E-01,  1.32130000000002E+02,  3.25212353525694E+04,  6.99126053008668E+04
 1.94125000000000E+03,  1.39678534350450E+00,  6.80000000000000E-01, -2.17936518775506E-01,  1.32310000000003E+02,  2.11665819344466E+04,  4.54771163083462E+04
 1.94133333300000E+03,  1.50618177828678E+00,  2.37500000000000E-01, -2.18052438446599E-01,  1.32490000000003E+02,  1.23409493874157E+04,  2.56876051230159E+04
 1.94141666700000E+03,  1.63520981511796E+00,  1.57500000000000E-01, -2.18164883588627E-01,  1.32670000000003E+02,  8.03364283641029E+03,  1.38853994016369E+04
 1.94150000000000E+03,  1.74031878282304E+00,  1.03000000000000E+00, -2.18273858047397E-01,  1.32850000000003E+02,  9.19646634006993E+03,  1.15466772158773E+04
 1.94158333300000E+03,  1.78466607887464E+00,  2.31500000000000E+00, -2.18379365722620E-01,  1.33030000000003E+02,  1.55347871846030E+04,  1.80097499481021E+04
 1.94166666700000E+03,  1.73395908121111E+00,  3.19500000000000E+00, -2.18481410567638E-01,  1.33210000000003E+02,  2.55848165511377E+04,  3.06936289795843E+04
 1.94175000000000E+03,  1.59022841716108E+00,  3.75500000000000E+00, -2.18579996589145E-01,  1.33390000000003E+02,  3.70563393770883E+04,  4.57522439379805E+04
 1.94183333300000E+03,  1.44426805953726E+00,  3.75250000000000E+00, -2.18675127846914E-01,  1.33570000000003E+02,  4.73594930193998E+04,  5.90087822254070E+04
 1.94191666700000E+03,  1.36191379666479E+00,  2.88750000000000E+00, -2.18766808453520E-01,  1.33750000000003E+02,  5.41931100376301E+04,  6.69514993247244E+04
 1.94200000000000E+03,  1.34181529623932E+00,  1.92500000000000E+00, -2.18855042574064E-01,  1.33930000000003E+02,  5.60598163219904E+04,  6.75602980958840E+04
 1.94208333300000E+03,  1.32201637547246E+00,  1.74750000000000E+00, -2.18939834425895E-01,  1.34110000000003E+02,  5.25919188740852E+04,  6.07746951786059E+04
 1.94216666700000E+03,  1.28702469867922E+00,  1.90500000000000E+00, -1.56451288107541E-01,  1.34290000000003E+02,  4.46172716342234E+04,  4.84983788517414E+04
 1.94225000000000E+03,  1.32754221175978E+00,  1.96250000000000E+00, -1.57114699806491E-01,  1.34470000000003E+02,  3.39548978264539E+04,  3.41433852694256E+04
 1.94233333300000E+03,  1.44646363948367E+00,  2.14500000000000E+00, -1.57774862665110E-01,  1.34650000000003E+02,  2.29919108069235E+04,  2.18227955359350E+04
 1.94241666700000E+03,  1.58303080740834E+00,  2.01250000000000E+00, -1.58431769101628E-01,  1.34830000000003E+02,  1.41419427978630E+04,  1.53803677529569E+04
 1.94250000000000E+03,  1.69371366887066E+00,  1.45250000000000E+00, -1.59085411622726E-01,  1.35010000000003E+02,  9.30991065616448E+03,  1.74806845911076E+04
 1.94258333300000E+03,  1.74169668283746E+00,  1.47500000000000E+00, -1.59735782823407E-01,  1.35190000000003E+02,  9.48337636819412E+03,  2.89667655572870E+04
 1.94266666700000E+03,  1.69272041673302E+00,  1.93000000000000E+00, -1.60382875386879E-01,  1.35370000000003E+02,  1.45387453564520E+04,  4.86283190458784E+04
 1.94275000000000E+03,  1.54885449221719E+00,  2.00500000000000E+00, -1.61026682084428E-01,  1.35550000000003E+02,  2.32991748873785E+04,  7.34283829246877E+04
 1.94283333300000E+03,  1.40093734690225E+00,  1.65750000000000E+00, -1.61667195775287E-01,  1.35730000000003E+02,  3.38227339491754E+04,  9.91315646251296E+04
 1.94291666700000E+03,  1.31485435922186E+00,  1.21250000000000E+00, -1.62304409406511E-01,  1.35910000000003E+02,  4.38477691544714E+04,  1.21187661268572E+05
 1.94300000000000E+03,  1.28930955918327E+00,  1.05500000000000E+00, -1.62938316012848E-01,  1.36090000000003E+02,  5.12893556713658E+04,  1.35670340745482E+05
 1.94308333300000E+03,  9.64175164582723E-01,  4.85000000000000E-01, -1.63568908716597E-01,  1.36270000000003E+02,  5.46732604392095E+04,  1.40063388761741E+05
 1.94316666700000E+03,  3.34471392263634E-01, -6.75000000000000E-01, -1.36212320610795E-01,  1.36450000000003E+02,  5.34129180615859E+04,  1.33727213557326E+05
 1.94325000000000E+03,  9.87835385665651E-02, -1.30750000000000E+00, -1.36964760995807E-01,  1.36630000000003E+02,  4.78751569236520E+04,  1.17955280575504E+05
 1.94333333300000E+03,  2.51378395660246E-01, -1.21000000000000E+00, -1.37714206272099E-01,  1.36810000000003E+02,  3.92316280394239E+04,  9.56250807456153E+04
 1.94341666700000E+03,  4.23612882870605E-01, -7.10000000000000E-01, -1.38460646294641E-01,  1.36990000000003E+02,  2.91426204006850E+04,  7.05386257046230E+04
 1.94350000000000E+03,  5.71782940755951E-01, -1.30000000000000E-01, -1.39204071009443E-01,  1.37170000000003E+02,  1.93564882474076E+04,  4.66125528552117E+04
 1.94358333300000E+03,  6.58895877627527E-01,  2.50000000000000E-01, -1.39944470453490E-01,  1.37350000000003E+02,  1.13230930646942E+04,  2.71035366750206E+04
 1.94366666700000E+03,  6.50512897417073E-01,  5.60000000000000E-01, -1.40681834754682E-01,  1.37530000000003E+02,  5.91069260408059E+03,  1.40364155774973E+04
 1.94375000000000E+03,  5.48522947355948E-01,  8.87500000000000E-01, -1.41416154131770E-01,  1.37710000000003E+02,  3.28571390558423E+03,  7.94635039917523E+03
 1.94383333300000E+03,  4.43583355355139E-01,  1.42500000000000E+00, -1.42147418894285E-01,  1.37890000000003E+02,  2.97193264176679E+03,  7.96727785069433E+03
 1.94391666700000E+03,  4.01398799099535E-01,  2.19000000000000E+00, -1.42875619442470E-01,  1.38070000000003E+02,  4.06072471135621E+03,  1.22166853694341E+04
 1.94400000000000E+03,  4.20493827167877E-01,  2.81000000000000E+00, -1.43600746267208E-01,  1.38250000000003E+02,  5.50834832465218E+03,  1.83611030096357E+04
 1.94408333300000E+03,  6.32203654197811E-01,  3.34000000000000E+00, -1.44322789949948E-01,  1.38430000000003E+02,  6.43813633946224E+03,  2.42126967971807E+04
 1.94416666700000E+03,  1.01134358546801E+00,  3.63750000000000E+00, -2.19755769725943E-01,  1.38610000000003E+02,  6.36887854481559E+03,  2.82116857716076E+04
 1.94425000000000E+03,  1.25300635055070E+00,  3.30250000000000E+00, -2.19790611824065E-01,  1.38790000000003E+02,  5.31393293100116E+03,  2.96890440910263E+04
 1.94433333300000E+03,  1.37136834247961E+00,  3.05500000000000E+00, -2.19822084304845E-01,  1.38970000000003E+02,  3.73216908267644E+03,  2.88674867045161E+04
 1.94441666700000E+03,  1.50948324231223E+00,  3.31000000000000E+00, -2.19850192215476E-01,  1.39150000000003E+02,  2.35197360761240E+03,  2.66289518983957E+04
 1.94450000000000E+03,  1.62374925745603E+00,  3.72750000000000E+00, -2.19874940650515E-01,  1.39330000000003E+02,  1.92281976877315E+03,  2.41354917007205E+04
 1.94458333300000E+03,  1.67727294764052E+00,  4.11000000000000E+00, -2.19896334751605E-01,  1.39510000000003E+02,  2.96687060897713E+03,  2.24230130324568E+04
 1.94466666700000E+03,  1.63571138042752E+00,  4.05750000000000E+00, -2.19914379707201E-01,  1.39690000000003E+02,  5.60137405149926E+03,  2.20862184708822E+04
 1.94475000000000E+03,  1.50104563321795E+00,  3.50000000000000E+00, -2.19929080752293E-01,  1.39870000000003E+02,  9.48198360879524E+03,  2.31398665706512E+04
 1.94483333300000E+03,  1.36402111335851E+00,  2.90250000000000E+00, -2.19940443168126E-01,  1.40050000000003E+02,  1.38832505559915E+04,  2.50860086848235E+04
 1.94491666700000E+03,  1.29042623744671E+00,  2.64000000000000E+00, -2.19948472281929E-01,  1.40230000000003E+02,  1.78944351860016E+04,  2.71547829238603E+04
 1.94500000000000E+03,  1.27886469148456E+00,  2.79750000000000E+00, -2.19953173466633E-01,  1.40410000000003E+02,  2.06765876843999E+04,  2.86348538644094E+04
 1.94508333300000E+03,  1.39943203325802E+00,  3.24750000000000E+00, -2.19954552140599E-01,  1.40590000000003E+02,  2.17091186318181E+04,  2.91829168152964E+04
 1.94516666700000E+03,  1.63020842596376E+00,  3.66750000000000E+00, -2.19686004520608E-01,  1.40770000000003E+02,  2.09556236560960E+04,  2.90073464910922E+04
 1.94525000000000E+03,  1.79183208859743E+00,  3.68750000000000E+00, -2.19726808659209E-01,  1.40950000000003E+02,  1.88993410912128E+04,  2.88578076069625E+04
 1.94533333300000E+03,  1.89465972583447E+00,  2.95750000000000E+00, -2.19764234384948E-01,  1.41130000000003E+02,  1.64331044899024E+04,  2.98106792741509E+04
 1.94541666700000E+03,  2.01695205974692E+00,  1.80250000000000E+00, -2.19798286660711E-01,  1.41310000000003E+02,  1.46281007408970E+04,  3.29036407876988E+04
 1.94550000000000E+03,  2.11516580241795E+00,  1.07250000000000E+00, -2.19828970497232E-01,  1.41490000000003E+02,  1.44398074456801E+04,  3.87239305290236E+04
 1.94558333300000E+03,  2.15246562961378E+00,  9.07500000000000E-01, -2.19856290952826E-01,  1.41670000000003E+02,  1.64290081545913E+04,  4.70785697563514E+04
 1.94566666700000E+03,  2.09456607621603E+00,  8.97500000000000E-01, -2.19880253133104E-01,  1.41850000000003E+02,  2.05751991798826E+04,  5.68630282923836E+04
 1.94575000000000E+03,  1.94350478979375E+00,  1.13250000000000E+00, -2.19900862190702E-01,  1.42030000000003E+02,  2.62385213462309E+04,  6.61984672144738E+04
 1.94583333300000E+03,  1.79008261562965E+00,  1.47000000000000E+00, -2.19918123324999E-01,  1.42210000000003E+02,  3.22894139176178E+04,  7.28372736962460E+04
 1.94591666700000E+03,  1.70014205346242E+00,  1.79250000000000E+00, -2.19932041781846E-01,  1.42390000000003E+02,  3.73815524139019E+04,  7.47596106010386E+04
 1.94600000000000E+03,  1.67233930908655E+00,  2.15750000000000E+00, -2.19942622853287E-01,  1.42570000000003E+02,  4.03043686721548E+04,  7.08204629562414E+04
 1.94608333300000E+03,  1.16527178267900E+00,  1.92500000000000E+00, -2.19949871877280E-01,  1.42750000000003E+02,  4.03268850145640E+04,  6.12751811170607E+04
 1.94616666700000E+03,  1.63327654448407E-01,  1.23750000000000E+00, -1.23332468430386E-01,  1.42930000000003E+02,  3.74416608044219E+04,  4.80227125652970E+04
 1.94625000000000E+03, -2.82777209076794E-01,  8.10000000000000E-01, -1.24132927839994E-01,  1.43110000000003E+02,  3.24380382970308E+04,  3.44602179134776E+04
 1.94633333300000E+03, -1.67576007611241E-01,  3.00000000000000E-01, -1.24930573328237E-01,  1.43290000000003E+02,  2.67734350231890E+04,  2.49301923349942E+04
 1.94641666700000E+03, -2.99716557234733E-02, -8.40000000000000E-01, -1.25725393236569E-01,  1.43470000000003E+02,  2.22610212066985E+04,  2.38421244624597E+04
 1.94650000000000E+03,  8.64300593452310E-02, -1.73500000000000E+00, -1.26517375998136E-01,  1.43650000000003E+02,  2.06397284121796E+04,  3.46409629334056E+04
 1.94658333300000E+03,  1.44719048712436E-01, -1.42500000000000E+00, -1.27306510137760E-01,  1.43830000000003E+02,  2.31261632246856E+04,  5.88510522198517E+04
 1.94666666700000E+03,  1.10523480524274E-01, -5.82500000000000E-01, -1.28092784271909E-01,  1.44010000000003E+02,  3.00586421755770E+04,  9.54302973573866E+04
 1.94675000000000E+03, -1.42162580741159E-02, -3.30000000000000E-01, -1.28876187108678E-01,  1.44190000000003E+02,  4.07275337175536E+04,  1.40619786970076E+05
 1.94683333300000E+03, -1.38806727248076E-01, -5.00000000000000E-01, -1.29656707447756E-01,  1.44370000000003E+02,  5.34461109878178E+04,  1.88376631687107E+05
 1.94691666700000E+03, -1.97522196158197E-01, -8.22500000000000E-01, -1.30434334180402E-01,  1.44550000000003E+02,  6.58608724524404E+04,  2.31351939543765E+05
 1.94700000000000E+03, -1.91831781783104E-01, -1.32500000000000E+00, -1.31209056289403E-01,  1.44730000000003E+02,  7.54425191109141E+04,  2.62249105520190E+05
 1.94708333300000E+03, -1.81162127659061E-03, -1.34750000000000E+00, -1.31980862849046E-01,  1.44910000000003E+02,  8.00523326788842E+04,  2.75299203655053E+05
 1.94716666700000E+03,  3.40955111728324E-01, -1.06500000000000E+00, -1.71219196821684E-01,  1.45090000000003E+02,  7.84552200687106E+04,  2.67544555569236E+05
 1.94725000000000E+03,  5.47260676599910E-01, -1.14750000000000E+00, -1.71804131932554E-01,  1.45270000000003E+02,  7.06567371716203E+04,  2.39641996378576E+05
 1.94733333300000E+03,  6.36263922802884E-01, -1.44250000000000E+00, -1.72385662689530E-01,  1.45450000000003E+02,  5.79767235151899E+04,  1.95983020983007E+05
 1.94741666700000E+03,  7.45371472867145E-01, -1.58500000000000E+00, -1.72963783560974E-01,  1.45630000000003E+02,  4.28295396929952E+04,  1.44063084269550E+05
 1.94750000000000E+03,  8.31093962672102E-01, -1.45750000000000E+00, -1.73538489100339E-01,  1.45810000000003E+02,  2.82476030396456E+04,  9.31892158148104E+04
 1.94758333300000E+03,  8.56644676801435E-01, -1.06000000000000E+00, -1.74109773946005E-01,  1.45990000000003E+02,  1.72456419305739E+04,  5.27601246237992E+04
 1.94766666700000E+03,  7.87781460176171E-01, -7.70000000000000E-01, -1.74677632821115E-01,  1.46170000000003E+02,  1.21634337852331E+04,  3.04537821683691E+04
 1.94775000000000E+03,  6.26580017999410E-01, -5.02500000000000E-01, -1.75242060533407E-01,  1.46350000000003E+02,  1.41346930291452E+04,  3.06903897018446E+04
 1.94783333300000E+03,  4.63874077096017E-01,  4.75000000000000E-02, -1.75803051975042E-01,  1.46530000000003E+02,  2.28059885051918E+04,  5.36941618113474E+04
 1.94791666700000E+03,  3.65533943716742E-01,  2.00000000000000E-01, -1.76360602122440E-01,  1.46710000000003E+02,  3.63766070934594E+04,  9.53627067099389E+04
 1.94800000000000E+03,  3.30238680565949E-01, -1.07500000000000E-01, -1.76914706036105E-01,  1.46890000000003E+02,  5.19595504725299E+04,  1.47990713781902E+05
 1.94808333300000E+03,  3.77182374524018E-01, -1.52500000000000E-01, -1.77465358860451E-01,  1.47070000000003E+02,  6.61911687458527E+04,  2.01718812539543E+05
 1.94816666700000E+03,  4.88503430263265E-01, -1.52500000000000E-01, -1.90352102509444E-01,  1.47250000000003E+02,  7.59589430837987E+04,  2.46426194442875E+05
 1.94825000000000E+03,  5.90661977898669E-01, -3.40000000000000E-01, -1.89955388306811E-01,  1.47430000000003E+02,  7.90872653759922E+04,  2.73689822812002E+05
 1.94833333300000E+03,  6.89722797127943E-01, -1.07500000000000E-01, -1.89556456044355E-01,  1.47610000000003E+02,  7.48271360419173E+04,  2.78415037911436E+05
 1.94841666700000E+03,  8.08840767545811E-01,  1.17500000000000E-01, -1.89155314947153E-01,  1.47790000000003E+02,  6.40368626644644E+04,  2.59806853328421E+05
 1.94850000000000E+03,  9.04496385822636E-01, -1.62500000000000E-01, -1.88751974249642E-01,  1.47970000000003E+02,  4.90083840787198E+04,  2.21485297087144E+05
 1.94858333300000E+03,  9.39876712799143E-01, -3.90000000000000E-01, -1.88346443195406E-01,  1.48150000000003E+02,  3.29728620450078E+04,  1.70723802066884E+05
 1.94866666700000E+03,  8.80717163183162E-01, -3.50000000000000E-01, -1.87938731036972E-01,  1.48330000000003E+02,  1.93918947770727E+04,  1.16969863979524E+05
 1.94875000000000E+03,  7.29074659937474E-01,  1.92500000000000E-01, -1.87528847035599E-01,  1.48510000000003E+02,  1.11904897545861E+04,  6.99538638003182E+04
 1.94883333300000E+03,  5.75767629307415E-01,  7.95000000000000E-01, -1.87116800461082E-01,  1.48690000000003E+02,  1.01031450416890E+04,  3.77741753626462E+04
 1.94891666700000E+03,  4.86654372042815E-01,  9.77500000000000E-01, -1.86702600591533E-01,  1.48870000000003E+02,  1.62810983464973E+04,  2.53473857333164E+04
 1.94900000000000E+03,  4.60405036537324E-01,  1.27000000000000E+00, -1.86286256713191E-01,  1.49050000000003E+02,  2.82517888472849E+04,  3.35320857096666E+04
 1.94908333300000E+03,  4.89256955737365E-01,  1.23000000000000E+00, -1.85867778120208E-01,  1.49230000000003E+02,  4.32433371524954E+04,  5.90909947951302E+04
 1.94916666700000E+03,  5.51020688995394E-01,  7.92500000000000E-01, -2.03561620945508E-01,  1.49410000000003E+02,  5.78048404416063E+04,  9.54802771592493E+04
 1.94925000000000E+03,  6.21780959512543E-01,  4.82500000000000E-01, -2.03254805611417E-01,  1.49590000000003E+02,  6.85859948707960E+04,  1.34284401624234E+05
 1.94933333300000E+03,  7.12021501106071E-01,  8.00000000000000E-02, -2.02945434491083E-01,  1.49770000000003E+02,  7.31023289774357E+04,  1.66985734538993E+05
 1.94941666700000E+03,  8.22310864398211E-01,  7.50000000000000E-02, -2.02633516300775E-01,  1.49950000000003E+02,  7.03138265635618E+04,  1.86696745394898E+05
 1.94950000000000E+03,  9.09118379746033E-01,  5.67500000000000E-01, -2.02319059774428E-01,  1.50130000000003E+02,  6.08849193041715E+04,  1.89500770190584E+05
 1.94958333300000E+03,  9.35621199778142E-01,  8.15000000000000E-01, -2.02002073663413E-01,  1.50310000000003E+02,  4.70639850867985E+04,  1.75139016670022E+05
 1.94966666700000E+03,  8.67546163193610E-01,  8.15000000000000E-01, -2.01682566736306E-01,  1.50490000000003E+02,  3.22050376480999E+04,  1.46925562363314E+05
 1.94975000000000E+03,  7.06943015916283E-01,  9.15000000000000E-01, -2.01360547778652E-01,  1.50670000000003E+02,  2.00343523358190E+04,  1.10936458553875E+05
 1.94983333300000E+03,  5.44624466228943E-01,  1.04500000000000E+00, -2.01036025592737E-01,  1.50850000000003E+02,  1.38223836454826E+04,  7.46681856600195E+04
 1.94991666700000E+03,  4.46444607707523E-01,  1.08750000000000E+00, -2.00709008997354E-01,  1.51030000000003E+02,  1.56435128912411E+04,  4.54633857540738E+04
 1.95000000000000E+03,  4.11070936411811E-01,  7.17500000000000E-01, -2.00379506827575E-01,  1.51210000000003E+02,  2.58878522905458E+04,  2.90377710499795E+04
 1.95008333300000E+03,  4.64944108856910E-01, -2.02500000000000E-01, -2.00047527934523E-01,  1.51390000000003E+02,  4.31345207293137E+04,  2.84061706119838E+04
 1.95016666700000E+03,  5.99456274565076E-01, -9.87500000000000E-01, -1.48874043585441E-01,  1.51570000000003E+02,  6.44166586743694E+04,  4.34083450007589E+04
 1.95025000000000E+03,  7.35418095241988E-01, -1.11000000000000E+00, -1.49572971007274E-01,  1.51750000000003E+02,  8.58225561503857E+04,  7.08998834117227E+04
 1.95033333300000E+03,  8.68815817011100E-01, -7.72500000000000E-01, -1.50268739689106E-01,  1.51930000000003E+02,  1.03303692551265E+05,  1.05530936248789E+05
 1.95041666700000E+03,  1.02033019923322E+00, -5.47500000000000E-01, -1.50961341060143E-01,  1.52110000000003E+02,  1.13515491450883E+05,  1.40916770858052E+05
 1.95050000000000E+03,  1.14635133327705E+00, -3.82500000000000E-01, -1.51650766639253E-01,  1.52290000000003E+02,  1.14510006973392E+05,  1.70933672274791E+05
 1.95058333300000E+03,  1.20998548145730E+00, -6.25000000000000E-02, -1.52337008034864E-01,  1.52470000000003E+02,  1.06132814115469E+05,  1.90864357192550E+05
 1.95066666700000E+03,  1.17689697963059E+00, -1.75000000000000E-01, -1.53020056944868E-01,  1.52650000000003E+02,  9.00414917186765E+04,  1.98167597670812E+05
 1.95075000000000E+03,  1.04908145989194E+00, -2.75000000000000E-01, -1.53699905156515E-01,  1.52830000000003E+02,  6.93456285904688E+04,  1.92742767925265E+05
 1.95083333300000E+03,  9.17305872429739E-01,  3.45000000000000E-01, -1.54376544546306E-01,  1.53010000000003E+02,  4.79498940789405E+04,  1.76677779190715E+05
 1.95091666700000E+03,  8.47386840466982E-01,  8.47500000000000E-01, -1.55049967079889E-01,  1.53190000000003E+02,  2.97444518233771E+04,  1.53581000931011E+05
 1.95100000000000E+03,  8.37962577386726E-01,  6.80000000000000E-01, -1.55720164811947E-01,  1.53370000000003E+02,  1.78173302243564E+04,  1.27679666982131E+05
 1.95108333300000E+03,  7.97561780061018E-01,  2.27500000000000E-01, -1.56387129886089E-01,  1.53550000000003E+02,  1.38551413167215E+04,  1.02902504137752E+05
 1.95116666700000E+03,  7.03417723982954E-01,  4.27500000000000E-01, -1.80441422360417E-01,  1.53730000000003E+02,  1.78542507705847E+04,  8.21479985948459E+04
 1.95125000000000E+03,  6.98903614023664E-01,  1.25500000000000E+00, -1.80969468919793E-01,  1.53910000000003E+02,  2.81945891632458E+04,  6.68790104707221E+04
 1.95133333300000E+03,  7.96037459210305E-01,  1.95500000000000E+00, -1.81494030555622E-01,  1.54090000000003E+02,  4.20486899516688E+04,  5.70963491963063E+04
 1.95141666700000E+03,  9.12752014748714E-01,  2.88000000000000E+00, -1.82015103119805E-01,  1.54270000000003E+02,  5.60270029340668E+04,  5.16507935077757E+04
 1.95150000000000E+03,  1.00551791315326E+00,  3.54000000000000E+00, -1.82532682546429E-01,  1.54450000000003E+02,  6.69126448742824E+04,  4.87771074218625E+04
 1.95158333300000E+03,  1.03751383428976E+00,  3.14250000000000E+00, -1.83046764851579E-01,  1.54630000000003E+02,  7.23244702855690E+04,  4.66917344704816E+04
 1.95166666700000E+03,  9.74468407151554E-01,  2.60000000000000E+00, -1.83557346133146E-01,  1.54810000000003E+02,  7.11689008988937E+04,  4.40958146471268E+04
 1.95175000000000E+03,  8.18433466233769E-01,  2.30500000000000E+00, -1.84064422570633E-01,  1.54990000000003E+02,  6.37925110927801E+04,  4.04642169709010E+04
 1.95183333300000E+03,  6.60224140738876E-01,  1.90750000000000E+00, -1.84567990424970E-01,  1.55170000000003E+02,  5.18165435760326E+04,  3.60673156799680E+04
 1.95191666700000E+03,  5.65697307193905E-01,  1.68500000000000E+00, -1.85068046038310E-01,  1.55350000000003E+02,  3.77053377687562E+04,  3.17471681988152E+04
 1.95200000000000E+03,  5.33523633598280E-01,  1.69500000000000E+00, -1.85564585833839E-01,  1.55530000000003E+02,  2.41772034491441E+04,  2.85341772987787E+04
 1.95208333300000E+03,  5.56230137530126E-01,  1.86250000000000E+00, -1.86057606315576E-01,  1.55710000000003E+02,  1.35963633734218E+04,  2.72283568988761E+04
 1.95216666700000E+03,  6.18431265290064E-01,  2.03250000000000E+00, -1.80724485074909E-01,  1.55890000000003E+02,  7.48237237969941E+03,  2.80724081387301E+04
 1.95225000000000E+03,  7.02575453378906E-01,  1.93000000000000E+00, -1.80279292148688E-01,  1.56070000000003E+02,  6.24055212991499E+03,  3.06125813122836E+04
 1.95233333300000E+03,  8.12609986265019E-01,  2.28250000000000E+00, -1.79832094466819E-01,  1.56250000000003E+02,  9.16202791952966E+03,  3.37871226426608E+04
 1.95241666700000E+03,  9.42703098661611E-01,  3.24000000000000E+00, -1.79382901417820E-01,  1.56430000000003E+02,  1.46782408149958E+04,  3.62164862946822E+04
 1.95250000000000E+03,  1.04929293059349E+00,  3.77250000000000E+00, -1.78931722394982E-01,  1.56610000000003E+02,  2.07972251427939E+04,  3.66119928599765E+04
 1.95258333300000E+03,  1.09552353843779E+00,  3.79750000000000E+00, -1.78478566796188E-01,  1.56790000000003E+02,  2.56104805684120E+04,  3.41853561855640E+04
 1.95266666700000E+03,  1.04708683090722E+00,  3.64750000000000E+00, -1.78023444023712E-01,  1.56970000000003E+02,  2.77480903141310E+04,  2.89393574730294E+04
 1.95275000000000E+03,  9.05995870431259E-01,  3.24750000000000E+00, -1.77566363484036E-01,  1.57150000000003E+02,  2.66774317976455E+04,  2.17503767126464E+04
 1.95283333300000E+03,  7.63025018762449E-01,  2.93500000000000E+00, -1.77107334587660E-01,  1.57330000000003E+02,  2.27822389542301E+04,  1.42085043392145E+04
 1.95291666700000E+03,  6.83988455496613E-01,  2.93750000000000E+00, -1.76646366748912E-01,  1.57510000000003E+02,  1.72134049971069E+04,  8.24620242344734E+03
 1.95300000000000E+03,  6.67512298130549E-01,  2.58750000000000E+00, -1.76183469385761E-01,  1.57690000000003E+02,  1.15575118676957E+04,  5.64493826169436E+03
 1.95308333300000E+03,  6.07348986574814E-01,  1.89000000000000E+00, -1.75718651919634E-01,  1.57870000000003E+02,  7.41081335159470E+03,  7.54550148125230E+03
 1.95316666700000E+03,  4.83409080904010E-01,  1.90000000000000E+00, -1.92133033622140E-01,  1.58050000000003E+02,  5.96586869611879E+03,  1.40920262295900E+04
 1.95325000000000E+03,  4.70953185529672E-01,  2.72250000000000E+00, -1.91746552135760E-01,  1.58230000000003E+02,  7.71132947255774E+03,  2.43103298059602E+04
 1.95333333300000E+03,  5.78670780658935E-01,  3.13000000000000E+00, -1.91357810640773E-01,  1.58410000000003E+02,  1.23149136498227E+04,  3.62648683669148E+04
 1.95341666700000E+03,  7.06712324516141E-01,  3.03750000000000E+00, -1.90966818316926E-01,  1.58590000000003E+02,  1.87132956584965E+04,  4.74691380652790E+04
 1.95350000000000E+03,  8.11524822814178E-01,  2.99750000000000E+00, -1.90573584354281E-01,  1.58770000000004E+02,  2.53819668748163E+04,  5.54589977171578E+04
 1.95358333300000E+03,  8.56261968854880E-01,  2.79500000000000E+00, -1.90178117953002E-01,  1.58950000000004E+02,  3.07152724922851E+04,  5.83937036364910E+04
 1.95366666700000E+03,  8.06626017291336E-01,  2.35750000000000E+00, -1.89780428323147E-01,  1.59130000000004E+02,  3.34218267020185E+04,  5.55371145985438E+04
 1.95375000000000E+03,  6.64641018300477E-01,  1.99000000000000E+00, -1.89380524684456E-01,  1.59310000000004E+02,  3.28388704033519E+04,  4.74954115566339E+04
 1.95383333300000E+03,  5.21092892123091E-01,  2.17500000000000E+00, -1.88978416266142E-01,  1.59490000000004E+02,  2.90906885079261E+04,  3.61427711796044E+04
 1.95391666700000E+03,  4.41807871365994E-01,  2.40750000000000E+00, -1.88574112306687E-01,  1.59670000000004E+02,  2.30552505394874E+04,  2.42399558891987E+04
 1.95400000000000E+03,  4.25424540844742E-01,  1.96000000000000E+00, -1.88167622053627E-01,  1.59850000000004E+02,  1.61500434952916E+04,  1.48252126912385E+04
 1.95408333300000E+03,  4.52140988375423E-01,  1.24000000000000E+00, -1.87758954763351E-01,  1.60030000000004E+02,  9.99126468901717E+03,  1.05141504158938E+04
 1.95416666700000E+03,  4.96193440009226E-01,  6.52500000000000E-01, -1.81956401106510E-01,  1.60210000000004E+02,  6.00988255934633E+03,  1.28711773467839E+04
 1.95425000000000E+03,  5.54228407916542E-01,  3.02500000000000E-01, -1.82474375430610E-01,  1.60390000000004E+02,  5.11683550248895E+03,  2.20027524650677E+04
 1.95433333300000E+03,  6.40495020302818E-01,  5.05000000000000E-01, -1.82988853079282E-01,  1.60570000000004E+02,  7.49616191288486E+03,  3.64743446011148E+04
 1.95441666700000E+03,  7.47224867449351E-01,  4.97500000000000E-01, -1.83499830141183E-01,  1.60750000000004E+02,  1.25728260934317E+04,  5.35794792616632E+04
 1.95450000000000E+03,  8.30906140982258E-01, -7.25000000000000E-02, -1.84007302786607E-01,  1.60930000000004E+02,  1.91594675280953E+04,  6.99076118494663E+04
 1.95458333300000E+03,  8.54731922363412E-01, -2.70000000000000E-01, -1.84511267267291E-01,  1.61110000000004E+02,  2.57436421535504E+04,  8.20869773762843E+04
 1.95466666700000E+03,  7.84442093322424E-01, -2.30000000000000E-01, -1.85011719916221E-01,  1.61290000000004E+02,  3.08445435271302E+04,  8.75358110193714E+04
 1.95475000000000E+03,  6.22096612861666E-01, -3.15000000000000E-01, -1.85508657147436E-01,  1.61470000000004E+02,  3.33532658740312E+04,  8.50507858291902E+04
 1.95483333300000E+03,  4.58515640944207E-01, -4.02500000000000E-01, -1.86002075455833E-01,  1.61650000000004E+02,  3.27765931272419E+04,  7.50966362241200E+04
 1.95491666700000E+03,  3.59558033976116E-01, -1.92500000000000E-01, -1.86491971416966E-01,  1.61830000000004E+02,  2.93292014407805E+04,  5.97278762448410E+04
 1.95500000000000E+03,  3.23893442022273E-01,  2.92500000000000E-01, -1.86978341686846E-01,  1.62010000000004E+02,  2.38566693977876E+04,  4.21569162408538E+04
 1.95508333300000E+03,  3.54618429700090E-01,  4.32500000000000E-01, -1.87461183001743E-01,  1.62190000000004E+02,  1.76125315517926E+04,  2.60634434601616E+04
 1.95516666700000E+03,  4.35384586792309E-01,  4.82500000000000E-01, -1.98539327637307E-01,  1.62370000000004E+02,  1.19469107182193E+04,  1.47989739318965E+04
 1.95525000000000E+03,  5.26362261832136E-01,  9.57500000000000E-01, -1.98928043692664E-01,  1.62550000000004E+02,  7.98392470060330E+03,  1.06643076294952E+04
 1.95533333300000E+03,  6.32116270404502E-01,  1.54000000000000E+00, -1.99313171775270E-01,  1.62730000000004E+02,  6.36567811140983E+03,  1.44207337187564E+04
 1.95541666700000E+03,  7.58179002234956E-01,  2.01500000000000E+00, -1.99694710812633E-01,  1.62910000000004E+02,  7.12249519833369E+03,  2.51422315990056E+04
 1.95550000000000E+03,  8.60993553187497E-01,  2.20000000000000E+00, -2.00072659806074E-01,  1.63090000000004E+02,  9.69692478793902E+03,  4.04381229132177E+04
 1.95558333300000E+03,  9.03710101357282E-01,  1.99250000000000E+00, -2.00447017830492E-01,  1.63270000000004E+02,  1.31110312664680E+04,  5.69917492287635E+04
 1.95566666700000E+03,  8.52027867977406E-01,  2.09000000000000E+00, -2.00817784034125E-01,  1.63450000000004E+02,  1.62319157381416E+04,  7.12901906999760E+04
 1.95575000000000E+03,  7.07968436035735E-01,  2.80750000000000E+00, -2.01184957638318E-01,  1.63630000000004E+02,  1.80676054315443E+04,  8.03789724451146E+04
 1.95583333300000E+03,  5.62315907853674E-01,  3.20750000000000E+00, -2.01548537937282E-01,  1.63810000000004E+02,  1.80197017321172E+04,  8.24732883225073E+04
 1.95591666700000E+03,  4.80895425450888E-01,  2.65000000000000E+00, -2.01908524297855E-01,  1.63990000000004E+02,  1.60315297603324E+04,  7.72935620432563E+04
 1.95600000000000E+03,  4.62345284794705E-01,  1.74500000000000E+00, -2.02264916159264E-01,  1.64170000000004E+02,  1.25975966401998E+04,  6.60591767913707E+04
 1.95608333300000E+03,  4.53329815872605E-01,  9.07500000000000E-01, -2.02617713032883E-01,  1.64350000000004E+02,  8.63502565255664E+03,  5.11541032349676E+04
 1.95616666700000E+03,  4.31593429673482E-01,  3.97500000000000E-01, -1.97909965795810E-01,  1.64530000000004E+02,  5.25159438451857E+03,  3.55530561343566E+04
 1.95625000000000E+03,  4.64321239436320E-01,  1.42500000000000E-01, -1.97560247500530E-01,  1.64710000000004E+02,  3.46974820851480E+03,  2.21492591819740E+04
 1.95633333300000E+03,  5.62171912701487E-01, -8.55000000000000E-01, -1.97208126270289E-01,  1.64890000000004E+02,  3.97557527398688E+03,  1.31429856355633E+04
 1.95641666700000E+03,  6.80275349337091E-01, -1.75750000000000E+00, -1.96853611094177E-01,  1.65070000000004E+02,  6.95412585138014E+03,  9.63015875490686E+03
 1.95650000000000E+03,  7.75091882834232E-01, -1.42500000000000E+00, -1.96496710975014E-01,  1.65250000000004E+02,  1.20498250409350E+04,  1.14778945686139E+04
 1.95658333300000E+03,  8.09789553376880E-01, -1.00750000000000E+00, -1.96137434929128E-01,  1.65430000000004E+02,  1.84589287712652E+04,  1.75020668398046E+04
 1.95666666700000E+03,  7.50085983818132E-01, -8.65000000000000E-01, -1.95775791986131E-01,  1.65610000000004E+02,  2.51280538483002E+04,  2.58883357080938E+04
 1.95675000000000E+03,  5.98021611922004E-01, -7.17500000000000E-01, -1.95411791188701E-01,  1.65790000000004E+02,  3.10069810716165E+04,  3.47403723125208E+04
 1.95683333300000E+03,  4.44399761207136E-01, -5.57500000000000E-01, -1.95045441592360E-01,  1.65970000000004E+02,  3.52915197883024E+04,  4.26109345927741E+04
 1.95691666700000E+03,  3.55065072861538E-01, -3.90000000000000E-01, -1.94676752265257E-01,  1.66150000000004E+02,  3.75961399559273E+04,  4.88793907085709E+04
 1.95700000000000E+03,  3.28675530907142E-01, -6.87500000000000E-01, -1.94305732287947E-01,  1.66330000000004E+02,  3.80151150212730E+04,  5.38808419456318E+04
 1.95708333300000E+03,  5.00433447063003E-01, -8.47500000000000E-01, -1.93932390753175E-01,  1.66510000000004E+02,  3.70600886305296E+04,  5.87566219724543E+04
 1.95716666700000E+03,  8.47492031407977E-01, -6.12500000000000E-01, -2.12405104528701E-01,  1.66690000000004E+02,  3.54937906542705E+04,  6.50675654240509E+04
 1.95725000000000E+03,  1.05922124963405E+00, -7.85000000000000E-01, -2.12190142352764E-01,  1.66870000000004E+02,  3.41059834655112E+04,  7.42723611050987E+04
 1.95733333300000E+03,  1.14653139970880E+00, -8.87500000000000E-01, -2.11972340503386E-01,  1.67050000000004E+02,  3.34919454894521E+04,  8.72085397973514E+04
 1.95741666700000E+03,  1.25350173234069E+00, -3.32500000000000E-01, -2.11751706953702E-01,  1.67230000000004E+02,  3.38923261952671E+04,  1.03714522297309E+05
 1.95750000000000E+03,  1.33659660790153E+00,  6.05000000000000E-01, -2.11528249702799E-01,  1.67410000000004E+02,  3.51364647485622E+04,  1.22497412612665E+05
 1.95758333300000E+03,  1.35898865116594E+00,  1.59250000000000E+00, -2.11301976775460E-01,  1.67590000000004E+02,  3.67035765897261E+04,  1.41291072208921E+05
 1.95766666700000E+03,  1.28640063752021E+00,  1.91500000000000E+00, -2.11072896221914E-01,  1.67770000000004E+02,  3.78847103352037E+04,  1.57277128647174E+05
 1.95775000000000E+03,  1.12087873650578E+00,  1.44250000000000E+00, -2.10841016117583E-01,  1.67950000000004E+02,  3.80012074993828E+04,  1.67675533977564E+05
 1.95783333300000E+03,  9.53232595769135E-01,  9.22500000000000E-01, -2.10606344562831E-01,  1.68130000000004E+02,  3.66196581033430E+04,  1.70367308652525E+05
 1.95791666700000E+03,  8.49313786176416E-01,  6.57500000000000E-01, -2.10368889682713E-01,  1.68310000000004E+02,  3.37032736516388E+04,  1.64401094058727E+05
 1.95800000000000E+03,  8.07787840992565E-01,  8.45000000000000E-01, -2.10128659626724E-01,  1.68490000000004E+02,  2.96554607451083E+04,  1.50260032166938E+05
 1.95808333300000E+03,  8.01114070076520E-01,  1.85750000000000E+00, -2.09885662568553E-01,  1.68670000000004E+02,  2.52393444767180E+04,  1.29820529297792E+05
 1.95816666700000E+03,  8.16636877262014E-01,  2.98750000000000E+00, -2.03856094794916E-01,  1.68850000000004E+02,  2.13900437673641E+04,  1.06006538294940E+05
 1.95825000000000E+03,  8.79571536142781E-01,  3.02250000000000E+00, -2.04192370832026E-01,  1.69030000000004E+02,  1.89661605992894E+04,  8.22148127020286E+04
 1.95833333300000E+03,  9.90948829344415E-01,  2.35250000000000E+00, -2.04525050467280E-01,  1.69210000000004E+02,  1.85053911790733E+04,  6.16408302985833E+04
 1.95841666700000E+03,  1.12204787798124E+00,  1.94750000000000E+00, -2.04854133681732E-01,  1.69390000000004E+02,  2.00512378144980E+04,  4.66586053532422E+04
 1.95850000000000E+03,  1.22930640261629E+00,  1.70500000000000E+00, -2.05179620526728E-01,  1.69570000000004E+02,  2.31023677314475E+04,  3.83946342712545E+04
 1.95858333300000E+03,  1.27587085539051E+00,  1.67500000000000E+00, -2.05501511123660E-01,  1.69750000000004E+02,  2.67065308106106E+04,  3.65897748949837E+04
 1.95866666700000E+03,  1.22743833102135E+00,  1.77250000000000E+00, -2.05819805663716E-01,  1.69930000000004E+02,  2.96841418322925E+04,  3.97740818851074E+04
 1.95875000000000E+03,  1.08602983328534E+00,  1.68250000000000E+00, -2.06134504407633E-01,  1.70110000000004E+02,  3.09317615827202E+04,  4.57050960050894E+04
 1.95883333300000E+03,  9.42430380953843E-01,  1.78250000000000E+00, -2.06445607685445E-01,  1.70290000000004E+02,  2.97317470290492E+04,  5.19578567246809E+04
 1.95891666700000E+03,  8.62467472398837E-01,  1.73750000000000E+00, -2.06753115896233E-01,  1.70470000000004E+02,  2.59878760226107E+04,  5.65201030401006E+04
 1.95900000000000E+03,  8.44783142664900E-01,  1.26250000000000E+00, -2.07057029507875E-01,  1.70650000000004E+02,  2.03202751744652E+04,  5.82472644884813E+04
 1.95908333300000E+03,  9.90450454511203E-01,  6.80000000000000E-01, -2.07357349056793E-01,  1.70830000000004E+02,  1.39841082163652E+04,  5.70687117238752E+04
 1.95916666700000E+03,  1.27884482548563E+00,  6.50000000000000E-02, -2.19058004590922E-01,  1.71010000000004E+02,  8.61836672151497E+03,  5.39003758207667E+04
 1.95925000000000E+03,  1.46994355900888E+00, -1.42500000000000E-01, -2.18980357785087E-01,  1.71190000000004E+02,  5.87393849738265E+03,  5.02936603323252E+04
 1.95933333300000E+03,  1.57271802623102E+00, -1.95000000000000E-01, -2.18899539978919E-01,  1.71370000000004E+02,  7.00342781217276E+03,  4.79180664319107E+04
 1.95941666700000E+03,  1.69503628243455E+00, -4.32500000000000E-01, -2.18815557687644E-01,  1.71550000000004E+02,  1.25103288434459E+04,  4.80182303545275E+04
 1.95950000000000E+03,  1.79334524774651E+00, -3.50000000000000E-01, -2.18728417464427E-01,  1.71730000000004E+02,  2.19474823510822E+04,  5.09939906166284E+04
 1.95958333300000E+03,  1.83080009738047E+00,  2.22500000000000E-01, -2.18638125900097E-01,  1.71910000000004E+02,  3.39249324055670E+04,  5.62220920573437E+04
 1.95966666700000E+03,  1.77310616513731E+00,  8.65000000000000E-01, -2.18544689622877E-01,  1.72090000000004E+02,  4.63413380175101E+04,  6.21769787960272E+04
 1.95975000000000E+03,  1.62229220415172E+00,  9.27500000000000E-01, -2.18448115298114E-01,  1.72270000000004E+02,  5.68010945256231E+04,  6.68304807515226E+04
 1.95983333300000E+03,  1.46915048961584E+00,  7.32500000000000E-01, -2.18348409628008E-01,  1.72450000000004E+02,  6.31332726509053E+04,  6.82351535779018E+04
 1.95991666700000E+03,  1.37951528102131E+00,  1.04000000000000E+00, -2.18245579351343E-01,  1.72630000000004E+02,  6.38995026662478E+04,  6.51425552061146E+04
 1.96000000000000E+03,  1.35203487847758E+00,  1.62250000000000E+00, -2.18139631243214E-01,  1.72810000000004E+02,  5.87736095667757E+04,  5.74900286944350E+04
 1.96008333300000E+03,  1.25986149992500E+00,  1.67000000000000E+00, -2.18030572114763E-01,  1.72990000000004E+02,  4.86983084827314E+04,  4.66134418617301E+04
 1.96016666700000E+03,  1.08814379623515E+00,  1.15000000000000E+00, -1.78308947122218E-01,  1.73170000000004E+02,  3.57696366865739E+04,  3.51046146704251E+04
 1.96025000000000E+03,  1.05854442927162E+00,  1.38500000000000E+00, -1.77853092621663E-01,  1.73350000000004E+02,  2.28586413485996E+04,  2.63173361426146E+04
 1.96033333300000E+03,  1.17438189785804E+00,  2.47500000000000E+00, -1.77395283865395E-01,  1.73530000000004E+02,  1.30393224952238E+04,  2.36150769525808E+04
 1.96041666700000E+03,  1.30986876894268E+00,  2.95000000000000E+00, -1.76935530265362E-01,  1.73710000000004E+02,  8.93848984528871E+03,  2.95251079166484E+04
 1.96050000000000E+03,  1.42142272966042E+00,  2.91000000000000E+00, -1.76473841237274E-01,  1.73890000000004E+02,  1.21460040865180E+04,  4.49994537540744E+04
 1.96058333300000E+03,  1.47216865939831E+00,  2.80000000000000E+00, -1.76010226200414E-01,  1.74070000000004E+02,  2.28168243981019E+04,  6.89724920833669E+04
 1.96066666700000E+03,  1.42778058645780E+00,  2.55250000000000E+00, -1.75544694577446E-01,  1.74250000000004E+02,  3.95598817285066E+04,  9.83481902205760E+04
 1.96075000000000E+03,  1.29025500659551E+00,  2.55250000000000E+00, -1.75077255794241E-01,  1.74430000000004E+02,  5.96501358514501E+04,  1.28458042367349E+05
 1.96083333300000E+03,  1.15035104890018E+00,  2.25500000000000E+00, -1.74607919279679E-01,  1.74610000000004E+02,  7.95315155974720E+04,  1.53923551024754E+05
 1.96091666700000E+03,  1.07386900481943E+00,  1.38750000000000E+00, -1.74136694465476E-01,  1.74790000000004E+02,  9.55146011797812E+04,  1.69758836462291E+05
 1.96100000000000E+03,  1.05942245559180E+00,  7.72500000000000E-01, -1.73663590785994E-01,  1.74970000000004E+02,  1.04528011712544E+05,  1.72482853726611E+05
 1.96108333300000E+03,  1.10127690632986E+00,  8.47500000000000E-01, -1.73188617678060E-01,  1.75150000000004E+02,  1.04766796235990E+05,  1.60993498090380E+05
 1.96116666700000E+03,  1.17676177112489E+00,  1.43000000000000E+00, -2.14264830827204E-01,  1.75330000000004E+02,  9.60987866020297E+04,  1.36993818246127E+05
 1.96125000000000E+03,  1.25744326165786E+00,  1.90750000000000E+00, -2.14076623551951E-01,  1.75510000000004E+02,  8.01377411414849E+04,  1.04847564010270E+05
 1.96133333300000E+03,  1.35444321200717E+00,  1.53250000000000E+00, -2.13885503824108E-01,  1.75690000000004E+02,  5.99604329384992E+04,  7.08599784474407E+04
 1.96141666700000E+03,  1.47093687026217E+00,  5.15000000000000E-01, -2.13691479363570E-01,  1.75870000000004E+02,  3.95192589662344E+04,  4.21049547410069E+04
 1.96150000000000E+03,  1.56336825951643E+00, -5.00000000000000E-03, -2.13494557918557E-01,  1.76050000000004E+02,  2.28665882335653E+04,  2.50239284145227E+04
 1.96158333300000E+03,  1.59488942092712E+00,  6.00000000000000E-02, -2.13294747265354E-01,  1.76230000000004E+02,  1.33479746817741E+04,  2.40814177803695E+04
 1.96166666700000E+03,  1.53120233630765E+00,  9.75000000000000E-02, -2.13092055208056E-01,  1.76410000000004E+02,  1.29295578667759E+04,  4.07623388754429E+04
 1.96175000000000E+03,  1.37433220985726E+00,  2.40000000000000E-01, -2.12886489578312E-01,  1.76590000000004E+02,  2.17984491185100E+04,  7.31350875647000E+04
 1.96183333300000E+03,  1.21506759531141E+00,  8.60000000000000E-01, -2.12678058235064E-01,  1.76770000000004E+02,  3.83190801239740E+04,  1.16093238923826E+05
 1.96191666700000E+03,  1.11923888272372E+00,  1.52500000000000E+00, -2.12466769064299E-01,  1.76950000000004E+02,  5.93550977296846E+04,  1.62250072883288E+05
 1.96200000000000E+03,  1.08549038097827E+00,  1.57500000000000E+00, -2.12252629978787E-01,  1.77130000000004E+02,  8.08909257500617E+04,  2.03322994988126E+05
 1.96208333300000E+03,  1.20535508553263E+00,  1.46000000000000E+00, -2.12035648917831E-01,  1.77310000000004E+02,  9.88255251622190E+04,  2.31738585156555E+05
 1.96216666700000E+03,  1.46011012202888E+00,  1.34000000000000E+00, -2.18661544857808E-01,  1.77490000000004E+02,  1.09776122019301E+05,  2.42136735647231E+05
 1.96225000000000E+03,  1.63073608303229E+00,  8.22500000000000E-01, -2.18568913151724E-01,  1.77670000000004E+02,  1.11728928208825E+05,  2.32466231402988E+05
 1.96233333300000E+03,  1.72434301146223E+00,  6.75000000000000E-02, -2.18473141687913E-01,  1.77850000000004E+02,  1.04407066687730E+05,  2.04442362492066E+05
 1.96241666700000E+03,  1.83738079006531E+00, -4.05000000000000E-01, -2.18374237159165E-01,  1.78030000000004E+02,  8.92857332584622E+04,  1.63264226566040E+05
 1.96250000000000E+03,  1.92630366725391E+00, -4.60000000000000E-01, -2.18272206294919E-01,  1.78210000000004E+02,  6.92581996188255E+04,  1.16639251705376E+05
 1.96258333300000E+03,  1.95427406960802E+00, -4.10000000000000E-01, -2.18167055861002E-01,  1.78390000000004E+02,  4.80279361693056E+04,  7.33040674672820E+04
 1.96266666700000E+03,  1.88700450274323E+00, -5.75000000000000E-02, -2.18058792659350E-01,  1.78570000000004E+02,  2.93568701941946E+04,  4.13346180250308E+04
 1.96275000000000E+03,  1.72653081017570E+00,  3.70000000000000E-01, -2.17947423527745E-01,  1.78750000000004E+02,  1.63263807622366E+04,  2.65825851907078E+04
 1.96283333300000E+03,  1.56365227731333E+00,  7.85000000000000E-01, -2.17832955339542E-01,  1.78930000000004E+02,  1.07610156588874E+04,  3.15504269869587E+04
 1.96291666700000E+03,  1.46421009319444E+00,  1.37250000000000E+00, -2.17715395003405E-01,  1.79110000000004E+02,  1.29271893799399E+04,  5.49286918624897E+04
 1.96300000000000E+03,  1.42685940692719E+00,  1.59000000000000E+00, -2.17594749463036E-01,  1.79290000000004E+02,  2.15589400997086E+04,  9.18851080574435E+04
 1.96308333300000E+03,  9.71238127738454E-01,  1.47000000000000E+00, -2.17471025696905E-01,  1.79470000000004E+02,  3.41934245352958E+04,  1.35043057668617E+05
 1.96316666700000E+03,  8.32563312578151E-02,  1.25500000000000E+00, -1.17552808669277E-01,  1.79650000000004E+02,  4.77350995676329E+04,  1.75948757824738E+05
 1.96325000000000E+03, -3.07264097328099E-01,  5.52500000000000E-01, -1.16936831152888E-01,  1.79830000000004E+02,  5.91227881347824E+04,  2.06730085645370E+05
 1.96333333300000E+03, -1.97045161035603E-01, -3.72500000000000E-01, -1.16319934641680E-01,  1.80010000000004E+02,  6.59569712753449E+04,  2.21614878240174E+05
 1.96341666700000E+03, -6.58000082068758E-02, -6.27500000000000E-01, -1.15702127985602E-01,  1.80190000000004E+02,  6.69584102088966E+04,  2.18009222113725E+05
 1.96350000000000E+03,  4.28770611296275E-02, -5.70000000000000E-01, -1.15083420022190E-01,  1.80370000000004E+02,  6.21696885562681E+04,  1.96929153286123E+05
 1.96358333300000E+03,  9.20955108047760E-02, -1.05000000000000E+00, -1.14463819576464E-01,  1.80550000000004E+02,  5.28689864488766E+04,  1.62712447114091E+05
 1.96366666700000E+03,  4.75105938301148E-02, -1.46000000000000E+00, -1.13843335460823E-01,  1.80730000000004E+02,  4.12274740462442E+04,  1.22082918672746E+05
 1.96375000000000E+03, -8.89032489496926E-02, -1.09250000000000E+00, -1.13221976474948E-01,  1.80910000000004E+02,  2.97947437514437E+04,  8.27679353008942E+04
 1.96383333300000E+03, -2.26412129222163E-01, -7.02500000000000E-01, -1.12599751405698E-01,  1.81090000000004E+02,  2.09296777964107E+04,  5.19548793755005E+04
 1.96391666700000E+03, -2.99244079944775E-01, -7.20000000000000E-01, -1.11976669027011E-01,  1.81270000000004E+02,  1.63007481811076E+04,  3.48977200311408E+04
 1.96400000000000E+03, -3.08816815097667E-01, -5.62500000000000E-01, -1.11352738099803E-01,  1.81450000000004E+02,  1.65595458782975E+04,  3.39468743258735E+04
 1.96408333300000E+03, -3.99834119727673E-01, -7.50000000000000E-02, -1.10727967371872E-01,  1.81630000000004E+02,  2.12497035199673E+04,  4.81834517462793E+04
 1.96416666700000E+03, -6.02835938799013E-01, -2.07500000000000E-01, -7.29972867139988E-02,  1.81810000000004E+02,  2.89601055452237E+04,  7.37129014619925E+04
 1.96425000000000E+03, -6.76421013160511E-01, -6.22500000000000E-01, -7.23377468008129E-02,  1.81990000000004E+02,  3.76783131756735E+04,  1.04539537200207E+05
 1.96433333300000E+03, -6.01967153329836E-01, -2.45000000000000E-01, -7.16778687466066E-02,  1.82170000000004E+02,  4.52588860192721E+04,  1.33829678785953E+05
 1.96441666700000E+03, -5.07499749654278E-01, -3.30000000000000E-01, -7.10176603298430E-02,  1.82350000000004E+02,  4.99001902969081E+04,  1.55299633063666E+05
 1.96450000000000E+03, -4.36474076074484E-01, -1.38500000000000E+00, -7.03571293110326E-02,  1.82530000000004E+02,  5.05260733857076E+04,  1.64448534705349E+05
 1.96458333300000E+03, -4.25638155508619E-01, -2.17000000000000E+00, -6.96962834326760E-02,  1.82710000000004E+02,  4.69938498304817E+04,  1.59396579300978E+05
 1.96466666700000E+03, -5.09191203022517E-01, -2.45500000000000E+00, -6.90351304192081E-02,  1.82890000000004E+02,  4.00910074971430E+04,  1.41176229386675E+05
 1.96475000000000E+03, -6.85010708451946E-01, -2.41500000000000E+00, -6.83736779769427E-02,  1.83070000000004E+02,  3.13303386382809E+04,  1.13438304000001E+05
 1.96483333300000E+03, -8.62212668406199E-01, -1.90250000000000E+00, -6.77119337940160E-02,  1.83250000000004E+02,  2.25962956435436E+04,  8.16524203522063E+04
 1.96491666700000E+03, -9.74873456973609E-01, -1.60750000000000E+00, -6.70499055403338E-02,  1.83430000000004E+02,  1.57251052351566E+04,  5.19782897072531E+04
 1.96500000000000E+03, -1.02425809525478E+00, -1.83000000000000E+00, -6.63876008675163E-02,  1.83610000000004E+02,  1.21117050915460E+04,  3.00422590914600E+04
 1.96508333300000E+03, -7.13645429037023E-01, -1.66750000000000E+00, -6.57250274088449E-02,  1.83790000000004E+02,  1.24265002337171E+04,  1.98623242905633E+04
 1.96516666700000E+03, -5.62817254265514E-02, -1.16500000000000E+00, -1.82750462801695E-01,  1.83970000000004E+02,  1.64974346025896E+04,  2.31250454665928E+04
 1.96525000000000E+03,  3.23833220162473E-01, -1.01750000000000E+00, -1.82314632249281E-01,  1.84150000000004E+02,  2.33747503135214E+04,  3.89395802723060E+04
 1.96533333300000E+03,  4.27974467778117E-01, -1.14500000000000E+00, -1.81876753731095E-01,  1.84330000000004E+02,  3.15558637324771E+04,  6.40948567644926E+04
 1.96541666700000E+03,  5.52077234696102E-01, -1.44250000000000E+00, -1.81436836611141E-01,  1.84510000000004E+02,  3.93147833509655E+04,  9.37465318953719E+04
 1.96550000000000E+03,  6.52608893715280E-01, -1.87500000000000E+00, -1.80994890259090E-01,  1.84690000000004E+02,  4.50612251943574E+04,  1.22380577393250E+05
 1.96558333300000E+03,  6.92743861602370E-01, -2.17000000000000E+00, -1.80550924050086E-01,  1.84870000000004E+02,  4.76524833183453E+04,  1.44854882937179E+05
 1.96566666700000E+03,  6.38205378367104E-01, -2.34750000000000E+00, -1.80104947364554E-01,  1.85050000000005E+02,  4.65956792845185E+04,  1.57316255600946E+05
 1.96575000000000E+03,  4.91038647256730E-01, -2.57750000000000E+00, -1.79656969588004E-01,  1.85230000000005E+02,  4.21051167365213E+04,  1.57826027191222E+05
 1.96583333300000E+03,  3.42050825605233E-01, -2.40500000000000E+00, -1.79207000110840E-01,  1.85410000000005E+02,  3.50124631862327E+04,  1.46593702593499E+05
 1.96591666700000E+03,  2.57089374846259E-01, -1.59250000000000E+00, -1.78755048328170E-01,  1.85590000000005E+02,  2.65588245800807E+04,  1.25799757068452E+05
 1.96600000000000E+03,  2.34814009638442E-01, -7.55000000000000E-01, -1.78301123639613E-01,  1.85770000000005E+02,  1.81207428956067E+04,  9.90687458856833E+04
 1.96608333300000E+03,  1.76025082503121E-01, -2.55000000000000E-01, -1.77845235449107E-01,  1.85950000000005E+02,  1.09322726660636E+04,  7.07166815143294E+04
 1.96616666700000E+03,  5.26232044267979E-02, -7.49999999999999E-03, -1.38735951222896E-01,  1.86130000000005E+02,  5.86124178908374E+03,  4.49309905647879E+04
 1.96625000000000E+03,  1.77253221880889E-02,  1.02500000000000E-01, -1.38158389014021E-01,  1.86310000000005E+02,  3.28146772769611E+03,  2.50425224033228E+04
 1.96633333300000E+03,  8.78976000730985E-02, -9.25000000000000E-02, -1.37579586742674E-01,  1.86490000000005E+02,  3.05857735468522E+03,  1.30191981040839E+04
 1.96641666700000E+03,  1.78306717329330E-01, -4.57500000000000E-01, -1.36999553626635E-01,  1.86670000000005E+02,  4.64108739136235E+03,  9.25810930669990E+03
 1.96650000000000E+03,  2.45473656123689E-01, -5.95000000000000E-01, -1.36418298875397E-01,  1.86850000000005E+02,  7.22645891766294E+03,  1.26892772586072E+04
 1.96658333300000E+03,  2.52626413249905E-01, -4.52500000000000E-01, -1.35835831690038E-01,  1.87030000000005E+02,  9.95851648583093E+03,  2.11431656528008E+04
 1.96666666700000E+03,  1.65541680469685E-01, -1.72500000000000E-01, -1.35252161263088E-01,  1.87210000000005E+02,  1.21102005988033E+04,  3.18871946449352E+04
 1.96675000000000E+03, -1.36821170250844E-02, -2.25000000000000E-02, -1.34667296778406E-01,  1.87390000000005E+02,  1.32137282615705E+04,  4.22119756593475E+04
 1.96683333300000E+03, -1.94184932922559E-01,  1.50000000000000E-01, -1.34081247411049E-01,  1.87570000000005E+02,  1.31161157300096E+04,  4.99487859524314E+04
 1.96691666700000E+03, -3.10066856015355E-01,  5.10000000000000E-01, -1.33494022327151E-01,  1.87750000000005E+02,  1.19573426818140E+04,  5.38237095068728E+04
 1.96700000000000E+03, -3.62616269383896E-01,  7.25000000000000E-01, -1.32905630683792E-01,  1.87930000000005E+02,  1.00864273818656E+04,  5.35943077865011E+04
 1.96708333300000E+03, -6.63276572431060E-01,  4.57500000000000E-01, -1.32316081628878E-01,  1.88110000000005E+02,  7.94325785152745E+03,  4.99623701406472E+04
 1.96716666700000E+03, -1.22435472358925E+00, -8.75000000000000E-02,  1.15012903685971E-01,  1.88290000000005E+02,  5.93871615026703E+03,  4.43012975798726E+04
 1.96725000000000E+03, -1.45281487022441E+00, -7.27500000000000E-01,  1.15507096460384E-01,  1.88470000000005E+02,  4.36205359015661E+03,  3.82704100449321E+04
 1.96733333300000E+03, -1.34873899016698E+00, -1.72500000000000E+00,  1.16000180259176E-01,  1.88650000000005E+02,  3.33425711616912E+03,  3.34052537113263E+04
 1.96741666700000E+03, -1.22550011492888E+00, -2.44750000000000E+00,  1.16492153305253E-01,  1.88830000000005E+02,  2.81240384528219E+03,  3.07708921579282E+04
 1.96750000000000E+03, -1.12664527175746E+00, -2.31500000000000E+00,  1.16983013837877E-01,  1.89010000000005E+02,  2.63645900015611E+03,  3.07460642882907E+04
 1.96758333300000E+03, -1.08901182689887E+00, -1.74250000000000E+00,  1.17472760112633E-01,  1.89190000000005E+02,  2.60001369658902E+03,  3.29749668356625E+04
 1.96766666700000E+03, -1.14688564594917E+00, -1.24750000000000E+00,  1.17961390401383E-01,  1.89370000000005E+02,  2.52230357682546E+03,  3.64871525695218E+04
 1.96775000000000E+03, -1.29822790110671E+00, -1.43000000000000E+00,  1.18448902992227E-01,  1.89550000000005E+02,  2.30107762852575E+03,  3.99519499485813E+04
 1.96783333300000E+03, -1.45223503382821E+00, -1.90750000000000E+00,  1.18935296189467E-01,  1.89730000000005E+02,  1.93339792351616E+03,  4.20082678093681E+04
 1.96791666700000E+03, -1.54306036807387E+00, -2.07000000000000E+00,  1.19420568313563E-01,  1.89910000000005E+02,  1.50184709070962E+03,  4.15979586624573E+04
 1.96800000000000E+03, -1.57204213278930E+00, -2.21250000000000E+00,  1.19904717701091E-01,  1.90090000000005E+02,  1.13389725071307E+03,  3.82327158895195E+04
 1.96808333300000E+03, -1.70962686662878E+00, -2.23000000000000E+00,  1.20387742704709E-01,  1.90270000000005E+02,  9.49554730050977E+02,  3.21396614393742E+04
 1.96816666700000E+03, -1.97694725992976E+00, -2.03000000000000E+00,  1.38081968918726E-01,  1.90450000000005E+02,  1.01497037535781E+03,  2.42558848454125E+04
 1.96825000000000E+03, -2.07145414057889E+00, -1.71250000000000E+00,  1.38519522330132E-01,  1.90630000000005E+02,  1.31700675592211E+03,  1.60721935497729E+04
 1.96833333300000E+03, -1.98362442370350E+00, -1.76750000000000E+00,  1.38955897739135E-01,  1.90810000000005E+02,  1.76674775603226E+03,  9.35559937724379E+03
 1.96841666700000E+03, -1.87657438363941E+00, -2.30000000000000E+00,  1.39391094128303E-01,  1.90990000000005E+02,  2.23073903121530E+03,  5.80335453877542E+03
 1.96850000000000E+03, -1.79382822678190E+00, -2.44250000000000E+00,  1.39825110494527E-01,  1.91170000000005E+02,  2.58002616897999E+03,  6.69465773428260E+03
 1.96858333300000E+03, -1.77220151451379E+00, -2.12000000000000E+00,  1.40257945848972E-01,  1.91350000000005E+02,  2.74129975355298E+03,  1.26073042789482E+04
 1.96866666700000E+03, -1.84595931397745E+00, -1.67000000000000E+00,  1.40689599217038E-01,  1.91530000000005E+02,  2.73330608142912E+03,  2.32554904301386E+04
 1.96875000000000E+03, -2.01304299116261E+00, -1.31500000000000E+00,  1.41120069638317E-01,  1.91710000000005E+02,  2.67550244061157E+03,  3.74836906163413E+04
 1.96883333300000E+03, -2.18263015421783E+00, -1.24250000000000E+00,  1.41549356166553E-01,  1.91890000000005E+02,  2.76371812853237E+03,  5.34236881918601E+04
 1.96891666700000E+03, -2.28885624403181E+00, -1.16250000000000E+00,  1.41977457869594E-01,  1.92070000000005E+02,  3.21721640534224E+03,  6.87922260760224E+04
 1.96900000000000E+03, -2.33304253016963E+00, -4.72500000000000E-01,  1.42404373829355E-01,  1.92250000000005E+02,  4.21038601746356E+03,  8.12804556792484E+04
 1.96908333300000E+03, -1.87391242984394E+00,  7.77500000000000E-01,  1.42830103141774E-01,  1.92430000000005E+02,  5.80783291044520E+03,  8.89680257968091E+04
 1.96916666700000E+03, -9.22412228597105E-01,  1.56000000000000E+00, -2.38109914341983E-02,  1.92610000000005E+02,  7.92222924707672E+03,  9.06876624848201E+04
 1.96925000000000E+03, -3.89619199098555E-01,  1.18000000000000E+00, -2.31462049940572E-02,  1.92790000000005E+02,  1.03095264172612E+04,  8.62720232877850E+04
 1.96933333300000E+03, -2.76983298430065E-01,  3.87500000000000E-01, -2.24816040207716E-02,  1.92970000000005E+02,  1.26070805756223E+04,  7.66328951559580E+04
 1.96941666700000E+03, -1.46527326516241E-01,  2.92500000000000E-01, -2.18171948488967E-02,  1.93150000000005E+02,  1.44090783546052E+04,  6.36507274732064E+04
 1.96950000000000E+03, -4.18357026075557E-02,  1.77500000000000E-01, -2.11529837923241E-02,  1.93330000000005E+02,  1.53632261358770E+04,  4.98855356427924E+04
 1.96958333300000E+03,  2.21316058552093E-04, -6.47500000000000E-01, -2.04889771442645E-02,  1.93510000000005E+02,  1.52657383235240E+04,  3.81527437205058E+04
 1.96966666700000E+03, -5.46703562982560E-02, -1.36000000000000E+00, -1.98251811772304E-02,  1.93690000000005E+02,  1.41301999779313E+04,  3.10337244734607E+04
 1.96975000000000E+03, -2.04495288797948E-01, -1.61250000000000E+00, -1.91616021430200E-02,  1.93870000000005E+02,  1.22105455533556E+04,  3.04056336934348E+04
 1.96983333300000E+03, -3.58468360427115E-01, -1.27000000000000E+00, -1.84982462726996E-02,  1.94050000000005E+02,  9.96832722609798E+03,  3.70753909373470E+04
 1.96991666700000E+03, -4.50756257275297E-01, -6.00000000000000E-01, -1.78351197765892E-02,  1.94230000000005E+02,  7.98743038590187E+03,  5.05875766596402E+04
 1.97000000000000E+03, -4.82705397972368E-01, -3.57500000000000E-01, -1.71722288442461E-02,  1.94410000000005E+02,  6.85237258312354E+03,  6.92476127819755E+04
 1.97008333300000E+03, -5.51141006227871E-01, -3.27500000000000E-01, -1.65095796444505E-02,  1.94590000000005E+02,  7.01612069885542E+03,  9.03644536379701E+04
 1.97016666700000E+03, -6.64978567647736E-01, -8.50000000000000E-02,  3.36570033994276E-02,  1.94770000000005E+02,  8.68746060721355E+03,  1.10677580795332E+05
 1.97025000000000E+03, -6.56306906624710E-01, -7.75000000000000E-02,  3.42831705566533E-02,  1.94950000000005E+02,  1.17651228838605E+04,  1.26898561561681E+05
 1.97033333300000E+03, -5.27066033527795E-01, -7.45000000000000E-01,  3.49086725329338E-02,  1.95130000000005E+02,  1.58364971234971E+04,  1.36274410926425E+05
 1.97041666700000E+03, -3.78669169732657E-01, -1.63500000000000E+00,  3.55335048447754E-02,  1.95310000000005E+02,  2.02448177853812E+04,  1.37073227213955E+05
 1.97050000000000E+03, -2.54769620920054E-01, -1.91500000000000E+00,  3.61576630293597E-02,  1.95490000000005E+02,  2.42132824449981E+04,  1.28903906934307E+05
 1.97058333300000E+03, -1.92310264946386E-01, -1.65500000000000E+00,  3.67811426445298E-02,  1.95670000000005E+02,  2.70012114238542E+04,  1.12809662419252E+05
 1.97066666700000E+03, -2.25681327135666E-01, -1.64000000000000E+00,  3.74039392687734E-02,  1.95850000000005E+02,  2.80592296482590E+04,  9.11148190183754E+04
 1.97075000000000E+03, -3.52946809835744E-01, -2.03500000000000E+00,  3.80260485012085E-02,  1.96030000000005E+02,  2.71495640818545E+04,  6.70487812927235E+04
 1.97083333300000E+03, -4.83404083594748E-01, -2.32250000000000E+00,  3.86474659615656E-02,  1.96210000000005E+02,  2.44042901251396E+04,  4.42118437720218E+04
 1.97091666700000E+03, -5.51305141267164E-01, -2.37000000000000E+00,  3.92681872901732E-02,  1.96390000000005E+02,  2.03073659167202E+04,  2.59768772756691E+04
 1.97100000000000E+03, -5.58084272457397E-01, -2.59250000000000E+00,  3.98882081479401E-02,  1.96570000000005E+02,  1.56027403670833E+04,  1.49330773423408E+04
 1.97108333300000E+03, -8.49181171327646E-01, -2.96000000000000E+00,  4.05075242163381E-02,  1.96750000000005E+02,  1.11470528121733E+04,  1.24703765199309E+04
 1.97116666700000E+03, -1.44713763774977E+00, -3.42250000000000E+00,  2.11331362925059E-01,  1.96930000000005E+02,  7.73780065138017E+03,  1.85770616496899E+04
 1.97125000000000E+03, -1.70060118227158E+00, -3.76500000000000E+00,  2.11463426481452E-01,  1.97110000000005E+02,  5.95351298081612E+03,  3.18834906261972E+04
 1.97133333300000E+03, -1.59798741132701E+00, -3.68000000000000E+00,  2.11594407877543E-01,  1.97290000000005E+02,  6.04009795063739E+03,  4.99391658299186E+04
 1.97141666700000E+03, -1.47564341069820E+00, -3.61250000000000E+00,  2.11724308446813E-01,  1.97470000000005E+02,  7.86759805614495E+03,  6.96676071113277E+04
 1.97150000000000E+03, -1.37714471590534E+00, -3.85000000000000E+00,  2.11853129527120E-01,  1.97650000000005E+02,  1.09662677506217E+04,  8.79117490879238E+04
 1.97158333300000E+03, -1.33935874871253E+00, -4.07250000000000E+00,  2.11980872460668E-01,  1.97830000000005E+02,  1.46335807061826E+04,  1.01968029569493E+05
 1.97166666700000E+03, -1.39660282555097E+00, -3.61500000000000E+00,  2.12107538593971E-01,  1.98010000000005E+02,  1.80883348529506E+04,  1.10012562769325E+05
 1.97175000000000E+03, -1.54687080952549E+00, -2.80750000000000E+00,  2.12233129277830E-01,  1.98190000000005E+02,  2.06378920584095E+04,  1.11346458658209E+05
 1.97183333300000E+03, -1.69939291186143E+00, -2.68250000000000E+00,  2.12357645867299E-01,  1.98370000000005E+02,  2.18220138281216E+04,  1.06424434584578E+05
 1.97191666700000E+03, -1.78835714509174E+00, -3.05250000000000E+00,  2.12481089721658E-01,  1.98550000000005E+02,  2.15022842332263E+04,  9.66737143706248E+04
 1.97200000000000E+03, -1.81513718399486E+00, -3.42000000000000E+00,  2.12603462204380E-01,  1.98730000000005E+02,  1.98784771180504E+04,  8.41501362790212E+04
 1.97208333300000E+03, -1.93908813957187E+00, -3.90250000000000E+00,  2.12724764683103E-01,  1.98910000000005E+02,  1.74296299006023E+04,  7.11074748274155E+04
 1.97216666700000E+03, -2.18030880438970E+00, -4.07000000000000E+00,  2.17208121821238E-01,  1.99090000000005E+02,  1.47943426314189E+04,  5.95686979766731E+04
 1.97225000000000E+03, -2.25738940372514E+00, -4.01000000000000E+00,  2.17280257643942E-01,  1.99270000000005E+02,  1.26181824305691E+04,  5.09822101191255E+04
 1.97233333300000E+03, -2.16174595799643E+00, -4.49000000000000E+00,  2.17351394196449E-01,  1.99450000000005E+02,  1.14030787727201E+04,  4.60239120028255E+04
 1.97241666700000E+03, -2.04637985330596E+00, -4.66000000000000E+00,  2.17421533017138E-01,  1.99630000000005E+02,  1.13927281838246E+04,  4.45723744202668E+04
 1.97250000000000E+03, -1.95483555962571E+00, -4.16250000000000E+00,  2.17490675647159E-01,  1.99810000000005E+02,  1.25195468435824E+04,  4.58470188593801E+04
 1.97258333300000E+03, -1.92394947731131E+00, -3.72000000000000E+00,  2.17558823630407E-01,  1.99990000000005E+02,  1.44245788859891E+04,  4.86659495570028E+04
 1.97266666700000E+03, -1.98800804689639E+00, -3.29750000000000E+00,  2.17625978513497E-01,  2.00170000000005E+02,  1.65451986554137E+04,  5.17578617673518E+04
 1.97275000000000E+03, -2.14497450101531E+00, -2.99000000000000E+00,  2.17692141845738E-01,  2.00350000000005E+02,  1.82501671760603E+04,  5.40555377622260E+04
 1.97283333300000E+03, -2.30404876318908E+00, -3.08750000000000E+00,  2.17757315179108E-01,  2.00530000000005E+02,  1.89910254637384E+04,  5.49076599237017E+04
 1.97291666700000E+03, -2.39938899709954E+00, -3.49250000000000E+00,  2.17821500068228E-01,  2.00710000000005E+02,  1.84352577921131E+04,  5.41683054450767E+04
 1.97300000000000E+03, -2.43233956126036E+00, -3.84000000000000E+00,  2.17884698070341E-01,  2.00890000000005E+02,  1.65508738375966E+04,  5.21539762467305E+04
 1.97308333300000E+03, -2.55834731025562E+00, -3.87000000000000E+00,  2.17946910745280E-01,  2.01070000000005E+02,  1.36230384114269E+04,  4.94892476777715E+04
 1.97316666700000E+03, -2.79595521079704E+00, -3.47250000000000E+00,  1.57329136067957E-01,  2.01250000000005E+02,  1.01986233015786E+04,  4.68870411587100E+04
 1.97325000000000E+03, -2.86989261578192E+00, -2.71250000000000E+00,  1.57710544552402E-01,  2.01430000000005E+02,  6.97064586947141E+03,  4.49227185330595E+04
 1.97333333300000E+03, -2.77295373270200E+00, -2.05250000000000E+00,  1.58090742037446E-01,  2.01610000000005E+02,  4.62791915040818E+03,  4.38600376541392E+04
 1.97341666700000E+03, -2.65571760060950E+00, -1.66500000000000E+00,  1.58469728131748E-01,  2.01790000000005E+02,  3.70293608088150E+03,  4.35721985087398E+04
 1.97350000000000E+03, -2.56173040308666E+00, -1.39500000000000E+00,  1.58847502456291E-01,  2.01970000000005E+02,  4.45139698557193E+03,  4.35765356116941E+04
 1.97358333300000E+03, -2.52783096694158E+00, -1.36000000000000E+00,  1.59224064644341E-01,  2.02150000000005E+02,  6.78984568439171E+03,  4.31728344649911E+04
 1.97366666700000E+03, -2.58830885541499E+00, -1.63500000000000E+00,  1.59599414341401E-01,  2.02330000000005E+02,  1.03051979648199E+04,  4.16495063601418E+04
 1.97375000000000E+03, -2.74113110286510E+00, -2.03500000000000E+00,  1.59973551205173E-01,  2.02510000000005E+02,  1.43343561830090E+04,  3.85049231771710E+04
 1.97383333300000E+03, -2.89550209489955E+00, -2.28750000000000E+00,  1.60346474905511E-01,  2.02690000000005E+02,  1.80970314253186E+04,  3.36269608492016E+04
 1.97391666700000E+03, -2.98558509925341E+00, -2.51000000000000E+00,  1.60718185124382E-01,  2.02870000000005E+02,  2.08536024035462E+04,  2.73831382754915E+04
 1.97400000000000E+03, -3.01273020155618E+00, -2.78750000000000E+00,  1.61088681555822E-01,  2.03050000000005E+02,  2.20547171133020E+04,  2.05944513900808E+04
 1.97408333300000E+03, -2.92524210753692E+00, -3.21500000000000E+00,  1.61457963905893E-01,  2.03230000000005E+02,  2.14514006265195E+04,  1.43932828010963E+04
 1.97416666700000E+03, -2.73844930582440E+00, -4.13000000000000E+00,  1.75282497663833E-01,  2.03410000000005E+02,  1.91431113967080E+04,  9.99333197362582E+03
 1.97425000000000E+03, -2.58838602297211E+00, -4.97750000000000E+00,  1.75601699459930E-01,  2.03590000000005E+02,  1.55545143920052E+04,  8.42103131322566E+03
 1.97433333300000E+03, -2.47152062181524E+00, -5.03500000000000E+00,  1.75919685159895E-01,  2.03770000000005E+02,  1.13467804745809E+04,  1.02684441021304E+04
 1.97441666700000E+03, -2.33473838053870E+00, -4.88000000000000E+00,  1.76236454948798E-01,  2.03950000000005E+02,  7.28274442135718E+03,  1.55247191128870E+04
 1.97450000000000E+03, -2.22159768108874E+00, -4.96750000000000E+00,  1.76552009021892E-01,  2.04130000000005E+02,  4.07442785268045E+03,  2.35273603134820E+04
 1.97458333300000E+03, -2.16894886662831E+00, -5.00000000000000E+00,  1.76866347584570E-01,  2.04310000000005E+02,  2.24442699518550E+03,  3.30492900213337E+04
 1.97466666700000E+03, -2.21109233731225E+00, -5.08000000000000E+00,  1.77179470852322E-01,  2.04490000000005E+02,  2.02901183954236E+03,  4.25084672579040E+04
 1.97475000000000E+03, -2.34600528846455E+00, -4.98000000000000E+00,  1.77491379050698E-01,  2.04670000000005E+02,  3.34143964582297E+03,  5.02600580564464E+04
 1.97483333300000E+03, -2.48290159427865E+00, -4.41250000000000E+00,  1.77802072415264E-01,  2.04850000000005E+02,  5.80108335818251E+03,  5.49126806653885E+04
 1.97491666700000E+03, -2.55595334393002E+00, -3.66250000000000E+00,  1.78111551191563E-01,  2.05030000000005E+02,  8.82032749379024E+03,  5.56040852172687E+04
 1.97500000000000E+03, -2.56651878339515E+00, -3.22250000000000E+00,  1.78419815635071E-01,  2.05210000000005E+02,  1.17296634357354E+04,  5.21791163191619E+04
 1.97508333300000E+03, -2.53407856869198E+00, -3.25500000000000E+00,  1.78726866011162E-01,  2.05390000000005E+02,  1.39143435835455E+04,  4.52323503252890E+04
 1.97516666700000E+03, -2.47932280258908E+00, -3.36250000000000E+00,  2.18038018488297E-01,  2.05570000000005E+02,  1.49346276619318E+04,  3.60052379790386E+04
 1.97525000000000E+03, -2.40124352380929E+00, -3.57750000000000E+00,  2.17982286562447E-01,  2.05750000000005E+02,  1.46061168786432E+04,  2.61571225901853E+04
 1.97533333300000E+03, -2.29082394542701E+00, -3.65000000000000E+00,  2.17925796062724E-01,  2.05930000000005E+02,  1.30257530169507E+04,  1.74549716180002E+04
 1.97541666700000E+03, -2.16069154043538E+00, -3.23250000000000E+00,  2.17868548701985E-01,  2.06110000000005E+02,  1.05406788525583E+04,  1.14428202497711E+04
 1.97550000000000E+03, -2.05439578092033E+00, -2.66500000000000E+00,  2.17810546192971E-01,  2.06290000000005E+02,  7.66880113234620E+03,  9.15556731280399E+03
 1.97558333300000E+03, -2.00877797717548E+00, -2.55250000000000E+00,  2.17751790248285E-01,  2.06470000000005E+02,  4.98917306422195E+03,  1.09323293236111E+04
 1.97566666700000E+03, -2.05812938592574E+00, -3.13750000000000E+00,  2.17692282580383E-01,  2.06650000000005E+02,  3.02543953399961E+03,  1.63641998877747E+04
 1.97575000000000E+03, -2.20041796085437E+00, -3.57250000000000E+00,  2.17632024901556E-01,  2.06830000000005E+02,  2.14573986847217E+03,  2.43843246244248E+04
 1.97583333300000E+03, -2.34484824772814E+00, -3.50500000000000E+00,  2.17571018923919E-01,  2.07010000000005E+02,  2.49788985152744E+03,  3.34802654747960E+04
 1.97591666700000E+03, -2.42558293262057E+00, -3.53250000000000E+00,  2.17509266359394E-01,  2.07190000000005E+02,  3.99057781293390E+03,  4.19853192943186E+04
 1.97600000000000E+03, -2.44397079570114E+00, -3.93750000000000E+00,  2.17446768919695E-01,  2.07370000000005E+02,  6.32157019414043E+03,  4.83912929178237E+04
 1.97608333300000E+03, -2.44453332510908E+00, -4.50750000000000E+00,  2.17383528316318E-01,  2.07550000000005E+02,  9.04461242970041E+03,  5.16227477887097E+04
 1.97616666700000E+03, -2.44713291951663E+00, -4.74250000000000E+00,  2.18277453222652E-01,  2.07730000000005E+02,  1.16596861255684E+04,  5.12220083086852E+04
 1.97625000000000E+03, -2.39980894447582E+00, -4.69250000000000E+00,  2.18225127631445E-01,  2.07910000000005E+02,  1.37077997519071E+04,  4.74130223467848E+04
 1.97633333300000E+03, -2.29430590051249E+00, -4.82250000000000E+00,  2.18172035820946E-01,  2.08090000000005E+02,  1.48519862649078E+04,  4.10364137830017E+04
 1.97641666700000E+03, -2.16908960364456E+00, -4.51250000000000E+00,  2.18118179504368E-01,  2.08270000000005E+02,  1.49302479107969E+04,  3.33728147430461E+04
 1.97650000000000E+03, -2.06770489319164E+00, -3.31500000000000E+00,  2.18063560394871E-01,  2.08450000000005E+02,  1.39727193250299E+04,  2.58919774053156E+04
 1.97658333300000E+03, -2.02698851929618E+00, -2.28500000000000E+00,  2.18008180205545E-01,  2.08630000000005E+02,  1.21827976784209E+04,  1.99774932850368E+04
 1.97666666700000E+03, -2.08122725468141E+00, -2.27000000000000E+00,  2.17952040649399E-01,  2.08810000000005E+02,  9.88883568807962E+03,  1.66792116447929E+04
 1.97675000000000E+03, -2.22838464853376E+00, -3.09750000000000E+00,  2.17895143439340E-01,  2.08990000000005E+02,  7.47790619878110E+03,  1.65377298443525E+04
 1.97683333300000E+03, -2.37766092399317E+00, -4.00250000000000E+00,  2.17837490288166E-01,  2.09170000000005E+02,  5.32534245316562E+03,  1.95096365306410E+04
 1.97691666700000E+03, -2.46321452937834E+00, -4.28250000000000E+00,  2.17779082908545E-01,  2.09350000000005E+02,  3.73308650620849E+03,  2.50019539627408E+04
 1.97700000000000E+03, -2.48639009480439E+00, -3.96750000000000E+00,  2.17719923013002E-01,  2.09530000000005E+02,  2.88679095988808E+03,  3.20035459222822E+04
 1.97708333300000E+03, -2.44068122852847E+00, -3.20500000000000E+00,  2.17660012313909E-01,  2.09710000000005E+02,  2.83701061299878E+03,  3.92840631974294E+04
 1.97716666700000E+03, -2.34669206284243E+00, -2.40000000000000E+00,  2.15412107052945E-01,  2.09890000000005E+02,  3.50479062867987E+03,  4.56203096030969E+04
 1.97725000000000E+03, -2.25525993383265E+00, -2.07750000000000E+00,  2.15506099356145E-01,  2.10070000000005E+02,  4.70755545060969E+03,  5.00073227863266E+04
 1.97733333300000E+03, -2.15739773628292E+00, -1.77000000000000E+00,  2.15599060025415E-01,  2.10250000000005E+02,  6.19820922112282E+03,  5.18169421099027E+04
 1.97741666700000E+03, -2.03980916850487E+00, -1.33500000000000E+00,  2.15690990533222E-01,  2.10430000000005E+02,  7.70915423089316E+03,  5.08786409386638E+04
 1.97750000000000E+03, -1.94603887360125E+00, -1.27000000000000E+00,  2.15781892355372E-01,  2.10610000000005E+02,  8.99346990997675E+03,  4.74732838612533E+04
 1.97758333300000E+03, -1.91292342068747E+00, -1.68000000000000E+00,  2.15871766970980E-01,  2.10790000000005E+02,  9.85736362892819E+03,  4.22470462076333E+04
 1.97766666700000E+03, -1.97474941614756E+00, -2.19250000000000E+00,  2.15960615862450E-01,  2.10970000000005E+02,  1.01805832835026E+04,  3.60669097991297E+04
 1.97775000000000E+03, -2.12948025702122E+00, -2.16750000000000E+00,  2.16048440515440E-01,  2.11150000000005E+02,  9.92410538811945E+03,  2.98484807873469E+04
 1.97783333300000E+03, -2.28631602719189E+00, -1.89500000000000E+00,  2.16135242418841E-01,  2.11330000000005E+02,  9.12653354854482E+03,  2.43899630062371E+04
 1.97791666700000E+03, -2.37941504812966E+00, -1.75250000000000E+00,  2.16221023064745E-01,  2.11510000000006E+02,  7.89193919614446E+03,  2.02427843080829E+04
 1.97800000000000E+03, -2.41012183503320E+00, -1.51750000000000E+00,  2.16305783948422E-01,  2.11690000000006E+02,  6.37229202213670E+03,  1.76406010884277E+04
 1.97808333300000E+03, -2.42928025313299E+00, -1.50500000000000E+00,  2.16389526568293E-01,  2.11870000000006E+02,  4.74733495315447E+03,  1.64960980726768E+04
 1.97816666700000E+03, -2.45489426162289E+00, -1.75500000000000E+00,  2.19865419367383E-01,  2.12050000000006E+02,  3.20407354813908E+03,  1.64615795185583E+04
 1.97825000000000E+03, -2.42050612032788E+00, -1.99000000000000E+00,  2.19852615214412E-01,  2.12230000000006E+02,  1.91731714580098E+03,  1.70373094200528E+04
 1.97833333300000E+03, -2.31974040071208E+00, -2.44750000000000E+00,  2.19838961395358E-01,  2.12410000000006E+02,  1.03219674353374E+03,  1.77030372427592E+04
 1.97841666700000E+03, -2.19925714011084E+00, -2.97000000000000E+00,  2.19824459606449E-01,  2.12590000000006E+02,  6.49412714956776E+02,  1.80445710571821E+04
 1.97850000000000E+03, -2.10260111480460E+00, -2.88500000000000E+00,  2.19809111544675E-01,  2.12770000000006E+02,  8.14087825428097E+02,  1.78491411731336E+04
 1.97858333300000E+03, -2.06660901021547E+00, -2.40250000000000E+00,  2.19792918907767E-01,  2.12950000000006E+02,  1.50933832931851E+03,  1.71501687509121E+04
 1.97866666700000E+03, -2.12556753283336E+00, -2.13750000000000E+00,  2.19775883394181E-01,  2.13130000000006E+02,  2.65578862890983E+03,  1.62125759494799E+04
 1.97875000000000E+03, -2.27744016427052E+00, -1.91500000000000E+00,  2.19758006703078E-01,  2.13310000000006E+02,  4.11803158295859E+03,  1.54619722393852E+04
 1.97883333300000E+03, -2.43142705730217E+00, -1.67750000000000E+00,  2.19739290534305E-01,  2.13490000000006E+02,  5.71837157709067E+03,  1.53726527724833E+04
 1.97891666700000E+03, -2.52168658727167E+00, -1.79750000000000E+00,  2.19719736588379E-01,  2.13670000000006E+02,  7.25712608350537E+03,  1.63381643346055E+04
 1.97900000000000E+03, -2.54956330889173E+00, -1.90250000000000E+00,  2.19699346566468E-01,  2.13850000000006E+02,  8.53749852710040E+03,  1.85525132575689E+04
 1.97908333300000E+03, -2.34916416938506E+00, -1.91250000000000E+00,  2.19678122170375E-01,  2.14030000000006E+02,  9.39186914497099E+03,  2.19289656892756E+04
 1.97916666700000E+03, -1.93975893824335E+00, -2.21250000000000E+00,  1.92414212673229E-01,  2.14210000000006E+02,  9.70560408967101E+03,  2.60768520701311E+04
 1.97925000000000E+03, -1.68967428379884E+00, -2.15000000000000E+00,  1.92236037428863E-01,  2.14390000000006E+02,  9.43441399676332E+03,  3.03458696839413E+04
 1.97933333300000E+03, -1.59135844075693E+00, -1.38750000000000E+00,  1.92057441800062E-01,  2.14570000000006E+02,  8.61201774643131E+03,  3.39339845133308E+04
 1.97941666700000E+03, -1.47351347285795E+00, -8.42500000000000E-01,  1.91878427245213E-01,  2.14750000000006E+02,  7.34631763591509E+03,  3.60416393986479E+04
 1.97950000000000E+03, -1.37968418501791E+00, -9.67500000000000E-01,  1.91698995220756E-01,  2.14930000000006E+02,  5.80422141223186E+03,  3.60441949584535E+04
 1.97958333300000E+03, -1.34670723923967E+00, -1.18750000000000E+00,  1.91519147181173E-01,  2.15110000000006E+02,  4.18727776796223E+03,  3.36486359581933E+04
 1.97966666700000E+03, -1.40886926644610E+00, -1.15750000000000E+00,  1.91338884578995E-01,  2.15290000000006E+02,  2.70200278814591E+03,  2.90010419763690E+04
 1.97975000000000E+03, -1.56413362045165E+00, -1.02750000000000E+00,  1.91158208864786E-01,  2.15470000000006E+02,  1.52979568538854E+03,  2.27184794316859E+04
 1.97983333300000E+03, -1.72170027311754E+00, -8.95000000000000E-01,  1.90977121487150E-01,  2.15650000000006E+02,  8.01442942925180E+02,  1.58318661344051E+04
 1.97991666700000E+03, -1.81572736569532E+00, -6.17500000000000E-01,  1.90795623892719E-01,  2.15830000000006E+02,  5.80355855386686E+02,  9.64283895662161E+03
 1.98000000000000E+03, -1.84755916557811E+00, -4.55000000000000E-01,  1.90613717526155E-01,  2.16010000000006E+02,  8.57047827804055E+02,  5.51471349782305E+03
 1.98008333300000E+03, -1.81298894925171E+00, -8.42500000000000E-01,  1.90431403830144E-01,  2.16190000000006E+02,  1.55527268521334E+03,  4.63193592896602E+03
 1.98016666700000E+03, -1.72823128054798E+00, -9.92500000000000E-01,  2.08799871574481E-01,  2.16370000000006E+02,  2.54814311448441E+03,  7.77098887686719E+03
 1.98025000000000E+03, -1.63512124590832E+00, -1.30000000000000E-01,  2.08675802295265E-01,  2.16550000000006E+02,  3.68085376653967E+03,  1.51264710525962E+04
 1.98033333300000E+03, -1.52903586607332E+00,  8.15000000000000E-01,  2.08551145484029E-01,  2.16730000000006E+02,  4.79567254872938E+03,  2.62283958438427E+04
 1.98041666700000E+03, -1.40335649647680E+00,  8.92500000000000E-01,  2.08425902777524E-01,  2.16910000000006E+02,  5.75479471631019E+03,  3.99716630541847E+04
 1.98050000000000E+03, -1.30162919622151E+00,  4.80000000000000E-01,  2.08300075811211E-01,  2.17090000000006E+02,  6.45743939242835E+03,  5.47587054587042E+04
 1.98058333300000E+03, -1.26069192661317E+00,  1.20000000000000E-01,  2.08173666219254E-01,  2.17270000000006E+02,  6.84898896192004E+03,  6.87351630927514E+04
 1.98066666700000E+03, -1.31483266339490E+00, -2.35000000000000E-01,  2.08046675634509E-01,  2.17450000000006E+02,  6.92168716805412E+03,  8.00801840111035E+04
 1.98075000000000E+03, -1.46201615110121E+00, -9.17500000000000E-01,  2.07919105688517E-01,  2.17630000000006E+02,  6.70803993100863E+03,  8.73012954226455E+04
 1.98083333300000E+03, -1.61144379776255E+00, -1.86000000000000E+00,  2.07790958011498E-01,  2.17810000000006E+02,  6.26926951544446E+03,  8.94812778689082E+04
 1.98091666700000E+03, -1.69727522659065E+00, -2.28000000000000E+00,  2.07662234232336E-01,  2.17990000000006E+02,  5.68174317723828E+03,  8.64319200170150E+04
 1.98100000000000E+03, -1.72085623305079E+00, -2.04750000000000E+00,  2.07532935978579E-01,  2.18170000000006E+02,  5.02417790179523E+03,  7.87257773896322E+04
 1.98108333300000E+03, -1.77307626126697E+00, -1.40750000000000E+00,  2.07403064876423E-01,  2.18350000000006E+02,  4.36772091735487E+03,  6.75991469611543E+04
 1.98116666700000E+03, -1.87147184563834E+00, -7.35000000000000E-01,  2.12101887965400E-01,  2.18530000000006E+02,  3.76995329809406E+03,  5.47431891341287E+04
 1.98125000000000E+03, -1.86900423824301E+00, -7.32500000000000E-01,  2.11995376632674E-01,  2.18710000000006E+02,  3.27275307732453E+03,  4.20208441993308E+04
 1.98133333300000E+03, -1.75971805030999E+00, -8.62500000000000E-01,  2.11888230301718E-01,  2.18890000000006E+02,  2.90306194198224E+03,  3.11607892244059E+04
 1.98141666700000E+03, -1.63076263797060E+00, -8.07500000000000E-01,  2.11780450642376E-01,  2.19070000000006E+02,  2.67512149933771E+03,  2.34834338079092E+04
 1.98150000000000E+03, -1.52568406666003E+00, -9.67500000000000E-01,  2.11672039323471E-01,  2.19250000000006E+02,  2.59275323011984E+03,  1.97071017942451E+04
 1.98158333300000E+03, -1.48132032692157E+00, -9.52500000000000E-01,  2.11562998012798E-01,  2.19430000000006E+02,  2.65068953250727E+03,  1.98664883897628E+04
 1.98166666700000E+03, -1.53195944725615E+00, -9.85000000000000E-01,  2.11453328377111E-01,  2.19610000000006E+02,  2.83465240186592E+03,  2.33534985144835E+04
 1.98175000000000E+03, -1.67556624908565E+00, -1.41750000000000E+00,  2.11343032082115E-01,  2.19790000000006E+02,  3.12059447306486E+03,  2.90671484934323E+04
 1.98183333300000E+03, -1.82134224124901E+00, -1.22000000000000E+00,  2.11232110792454E-01,  2.19970000000006E+02,  3.47404303542667E+03,  3.56390983627929E+04
 1.98191666700000E+03, -1.90344717228634E+00, -6.30000000000000E-01,  2.11120566171704E-01,  2.20150000000006E+02,  3.85066407290191E+03,  4.16885830606494E+04
 1.98200000000000E+03, -1.92322698810355E+00, -6.70000000000000E-01,  2.11008399882358E-01,  2.20330000000006E+02,  4.19893721789812E+03,  4.60574435666242E+04
 1.98208333300000E+03, -2.12185389049260E+00, -8.50000000000000E-01,  2.10895613585821E-01,  2.20510000000006E+02,  4.46526592851811E+03,  4.79829444843388E+04
 1.98216666700000E+03, -2.52028640184739E+00, -1.11000000000000E+00,  1.64528797846208E-01,  2.20690000000006E+02,  4.60109875190361E+03,  4.71812825387825E+04
 1.98225000000000E+03, -2.67431228096318E+00, -1.64750000000000E+00,  1.64305603929515E-01,  2.20870000000006E+02,  4.57091844863645E+03,  4.38346049261363E+04
 1.98233333300000E+03, -2.57449312551666E+00, -1.93000000000000E+00,  1.64082170837218E-01,  2.21050000000006E+02,  4.35947335844705E+03,  3.84945174835054E+04
 1.98241666700000E+03, -2.45480665072734E+00, -2.02750000000000E+00,  1.63858499736311E-01,  2.21230000000006E+02,  3.97652834554444E+03,  3.19311060964490E+04
 1.98250000000000E+03, -2.35879608825950E+00, -2.43000000000000E+00,  1.63634591791590E-01,  2.21410000000006E+02,  3.45775185590850E+03,  2.49651136633649E+04
 1.98258333300000E+03, -2.32329665750477E+00, -2.93750000000000E+00,  1.63410448165653E-01,  2.21590000000006E+02,  2.86107035384939E+03,  1.83205819819419E+04
 1.98266666700000E+03, -2.38259368003795E+00, -3.29250000000000E+00,  1.63186070018898E-01,  2.21770000000006E+02,  2.25875398094780E+03,  1.25265443726721E+04
 1.98275000000000E+03, -2.53464933616356E+00, -3.72250000000000E+00,  1.62961458509523E-01,  2.21950000000006E+02,  1.72643185967787E+03,  7.88171576043997E+03
 1.98283333300000E+03, -2.68866256015763E+00, -4.01750000000000E+00,  1.62736614793527E-01,  2.22130000000006E+02,  1.33095118384061E+03,  4.47934438945164E+03
 1.98291666700000E+03, -2.77879059408553E+00, -3.74500000000000E+00,  1.62511540024713E-01,  2.22310000000006E+02,  1.11931918012601E+03,  2.27461851695585E+03
 1.98300000000000E+03, -2.80637694697496E+00, -2.75750000000000E+00,  1.62286235354680E-01,  2.22490000000006E+02,  1.11081971279349E+03,  1.16780434395643E+03
 1.98308333300000E+03, -2.60332921115025E+00, -1.11500000000000E+00,  1.62060701932833E-01,  2.22670000000006E+02,  1.29380474563068E+03,  1.07471384683234E+03
 1.98316666700000E+03, -2.18909855240876E+00,  2.42500000000000E-01,  1.22896482432432E-01,  2.22850000000006E+02,  1.62775491520351E+03,  1.96230297084777E+03
 1.98325000000000E+03, -1.93664067496417E+00,  3.25000000000000E-01,  1.22647324212752E-01,  2.23030000000006E+02,  2.05018283785663E+03,  3.83935774985472E+03
 1.98333333300000E+03, -1.83832199988903E+00, -2.85000000000000E-01,  1.22398097740211E-01,  2.23210000000006E+02,  2.48703914143823E+03,  6.70701002328955E+03
 1.98341666700000E+03, -1.72051293658389E+00, -4.87500000000000E-01,  1.22148803811211E-01,  2.23390000000006E+02,  2.86466624449253E+03,  1.04872328709040E+04
 1.98350000000000E+03, -1.62675615312515E+00, -6.65000000000000E-01,  1.21899443220170E-01,  2.23570000000006E+02,  3.12114696314856E+03,  1.49558238222882E+04
 1.98358333300000E+03, -1.59388612056783E+00, -1.42500000000000E+00,  1.21650016759529E-01,  2.23750000000006E+02,  3.21513472188291E+03,  1.97072770066943E+04
 1.98366666700000E+03, -1.65618722741110E+00, -2.01750000000000E+00,  1.21400525219746E-01,  2.23930000000006E+02,  3.13085201291939E+03,  2.41718547664914E+04
 1.98375000000000E+03, -1.81162053624628E+00, -1.96750000000000E+00,  1.21150969389309E-01,  2.24110000000006E+02,  2.87875124167859E+03,  2.76916481283591E+04
 1.98383333300000E+03, -1.96938367838074E+00, -1.34250000000000E+00,  1.20901350054726E-01,  2.24290000000006E+02,  2.49215940563305E+03,  2.96457558088480E+04
 1.98391666700000E+03, -2.06363240794334E+00, -7.30000000000000E-01,  1.20651668000540E-01,  2.24470000000006E+02,  2.02089834849257E+03,  2.95991699253628E+04
 1.98400000000000E+03, -2.09570856143840E+00, -8.15000000000000E-01,  1.20401924009319E-01,  2.24650000000006E+02,  1.52326075157774E+03,  2.74397192357589E+04
 1.98408333300000E+03, -2.08105139359622E+00, -1.07500000000000E+00,  1.20152118861667E-01,  2.24830000000006E+02,  1.05778152925705E+03,  2.34655504808052E+04
 1.98416666700000E+03, -2.03971769667312E+00, -1.29250000000000E+00,  1.78962240789349E-01,  2.25010000000006E+02,  6.76010591872617E+02,  1.83932522747943E+04
 1.98425000000000E+03, -1.97809549904751E+00, -1.56750000000000E+00,  1.78757983393368E-01,  2.25190000000006E+02,  4.17068218151661E+02,  1.32726659916162E+04
 1.98433333300000E+03, -1.88772917842292E+00, -2.08750000000000E+00,  1.78553403084333E-01,  2.25370000000006E+02,  3.04284901280321E+02,  9.31537935043369E+03
 1.98441666700000E+03, -1.77780695273314E+00, -2.75500000000000E+00,  1.78348501176179E-01,  2.25550000000006E+02,  3.43824774630292E+02,  7.66512952329052E+03
 1.98450000000000E+03, -1.69186969237367E+00, -2.75750000000000E+00,  1.78143278980695E-01,  2.25730000000006E+02,  5.24956221046647E+02,  9.15476773284357E+03
 1.98458333300000E+03, -1.66675009739320E+00, -2.36750000000000E+00,  1.77937737807529E-01,  2.25910000000006E+02,  8.21592575093819E+02,  1.41018165286484E+04
 1.98466666700000E+03, -1.73673081260525E+00, -2.52000000000000E+00,  1.77731878964182E-01,  2.26090000000006E+02,  1.19484081001411E+03,  2.21906377337379E+04
 1.98475000000000E+03, -1.89977118487283E+00, -3.35500000000000E+00,  1.77525703756009E-01,  2.26270000000006E+02,  1.59647681172808E+03,  3.24740122660778E+04
 1.98483333300000E+03, -2.06506715754608E+00, -3.83000000000000E+00,  1.77319213486216E-01,  2.26450000000006E+02,  1.97340219590839E+03,  4.35033083183566E+04
 1.98491666700000E+03, -2.16677282518527E+00, -3.59000000000000E+00,  1.77112409455857E-01,  2.26630000000006E+02,  2.27313622413746E+03,  5.35692500330295E+04
 1.98500000000000E+03, -2.20622839372351E+00, -3.44500000000000E+00,  1.76905292963837E-01,  2.26810000000006E+02,  2.45021304886873E+03,  6.10105012887487E+04
 1.98508333300000E+03, -2.36015111292645E+00, -3.48000000000000E+00,  1.76697865306904E-01,  2.26990000000006E+02,  2.47301311717389E+03,  6.45304830522383E+04
 1.98516666700000E+03, -2.64456156644959E+00, -3.66500000000000E+00,  1.58843003861066E-01,  2.27170000000006E+02,  2.33014909341579E+03,  6.34581195215388E+04
 1.98525000000000E+03, -2.73919251057747E+00, -3.79750000000000E+00,  1.58614141582990E-01,  2.27350000000006E+02,  2.03518794484380E+03,  5.78970920697071E+04
 1.98533333300000E+03, -2.63950276197573E+00, -3.06750000000000E+00,  1.58385068823885E-01,  2.27530000000006E+02,  1.62836747500757E+03,  4.87292408688615E+04
 1.98541666700000E+03, -2.51993676802858E+00, -1.92500000000000E+00,  1.58155786695442E-01,  2.27710000000006E+02,  1.17416844188439E+03,  3.74668304346594E+04
 1.98550000000000E+03, -2.42403854111819E+00, -1.84750000000000E+00,  1.57926296307156E-01,  2.27890000000006E+02,  7.54170033246333E+02,  2.59794472975819E+04
 1.98558333300000E+03, -2.38864408627446E+00, -2.46500000000000E+00,  1.57696598766332E-01,  2.28070000000006E+02,  4.55488529520023E+02,  1.61477015842863E+04
 1.98566666700000E+03, -2.44803951584138E+00, -2.61000000000000E+00,  1.57466695178076E-01,  2.28250000000006E+02,  3.56122863795082E+02,  9.51190250380609E+03
 1.98575000000000E+03, -2.60018780622616E+00, -2.64000000000000E+00,  1.57236586645304E-01,  2.28430000000006E+02,  5.09483676171903E+02,  6.98586468006819E+03
 1.98583333300000E+03, -2.75428869089791E+00, -2.99000000000000E+00,  1.57006274268738E-01,  2.28610000000006E+02,  9.31019385481912E+02,  8.69334924015299E+03
 1.98591666700000E+03, -2.84450021439377E+00, -3.34000000000000E+00,  1.56775759146905E-01,  2.28790000000006E+02,  1.58996485428451E+03,  1.39598761058174E+04
 1.98600000000000E+03, -2.87216669167401E+00, -3.30500000000000E+00,  1.56545042376144E-01,  2.28970000000006E+02,  2.40870856945177E+03,  2.14609230924294E+04
 1.98608333300000E+03, -2.55628112405782E+00, -3.02500000000000E+00,  1.56314125050598E-01,  2.29150000000006E+02,  3.27111815810446E+03,  2.94955445462482E+04
 1.98616666700000E+03, -1.91681924029017E+00, -3.02500000000000E+00,  2.93437133901753E-02,  2.29330000000006E+02,  4.03954186539065E+03,  3.63289694005439E+04
 1.98625000000000E+03, -1.55299741287315E+00, -2.99000000000000E+00,  2.91099316713665E-02,  2.29510000000006E+02,  4.57840137416243E+03,  4.05341551468356E+04
 1.98633333300000E+03, -1.45646917840067E+00, -2.67000000000000E+00,  2.88762640747165E-02,  2.29690000000006E+02,  4.78067063864253E+03,  4.12633973733559E+04
 1.98641666700000E+03, -1.34007029950052E+00, -2.56000000000000E+00,  2.86427108286074E-02,  2.29870000000006E+02,  4.59246144039904E+03,  3.83965726748770E+04
 1.98650000000000E+03, -1.24734224620902E+00, -2.64000000000000E+00,  2.84092721604092E-02,  2.30050000000006E+02,  4.03069864533393E+03,  3.25389969339874E+04
 1.98658333300000E+03, -1.21511850086298E+00, -2.59750000000000E+00,  2.81759482964814E-02,  2.30230000000006E+02,  3.18961071363147E+03,  2.48734712831266E+04
 1.98666666700000E+03, -1.27768267369015E+00, -2.64000000000000E+00,  2.79427394621758E-02,  2.30410000000006E+02,  2.23343841101143E+03,  1.69010820937843E+04
 1.98675000000000E+03, -1.43299526046560E+00, -3.20000000000000E+00,  2.77096458818388E-02,  2.30590000000006E+02,  1.37513464240091E+03,  1.01273803599690E+04
 1.98683333300000E+03, -1.59025353558866E+00, -3.77750000000000E+00,  2.74766677788135E-02,  2.30770000000006E+02,  8.43485568846023E+02,  5.76016711450714E+03
 1.98691666700000E+03, -1.68361310696330E+00, -3.61000000000000E+00,  2.72438053754425E-02,  2.30950000000006E+02,  8.43529424606967E+02,  4.48050379993246E+03
 1.98700000000000E+03, -1.71441587621043E+00, -2.92500000000000E+00,  2.70110588930700E-02,  2.31130000000006E+02,  1.51688762708158E+03,  6.33110170308975E+03
 1.98708333300000E+03, -1.28663096861170E+00, -1.92750000000000E+00,  2.67784285520439E-02,  2.31310000000006E+02,  2.90925690532149E+03,  1.07400204658088E+04
 1.98716666700000E+03, -4.17729011453400E-01, -6.97500000000000E-01, -1.29432019531308E-02,  2.31490000000006E+02,  4.95163213434892E+03,  1.66685100554830E+04
 1.98725000000000E+03,  6.54415272757401E-02,  1.70000000000000E-01, -1.31521360442667E-02,  2.31670000000006E+02,  7.45986832924058E+03,  2.28462093450725E+04
 1.98733333300000E+03,  1.68537006142220E-01,  8.52500000000000E-01, -1.33609282675669E-02,  2.31850000000006E+02,  1.01542264453658E+04,  2.80401678970340E+04
 1.98741666700000E+03,  2.91144690598808E-01,  1.81500000000000E+00, -1.35695785486091E-02,  2.32030000000006E+02,  1.26970695457705E+04,  3.12995791217134E+04
 1.98750000000000E+03,  3.89720406723784E-01,  2.53750000000000E+00, -1.37780868135913E-02,  2.32210000000006E+02,  1.47434978400538E+04,  3.21262249640949E+04
 1.98758333300000E+03,  4.27428116538233E-01,  2.51500000000000E+00, -1.39864529893304E-02,  2.32390000000006E+02,  1.59970625183135E+04,  3.05391555125453E+04
 1.98766666700000E+03,  3.69981802963391E-01,  1.71750000000000E+00, -1.41946770032599E-02,  2.32570000000006E+02,  1.62613052470247E+04,  2.70265759563598E+04
 1.98775000000000E+03,  2.19418712646059E-01,  4.75000000000000E-01, -1.44027587834283E-02,  2.32750000000006E+02,  1.54780517609081E+04,  2.24026670004832E+04
 1.98783333300000E+03,  6.65394641100935E-02, -1.95000000000000E-01, -1.46106982584980E-02,  2.32930000000006E+02,  1.37451881514361E+04,  1.76066585213275E+04
 1.98791666700000E+03, -2.28135067747868E-02, -1.35000000000000E-01, -1.48184953577422E-02,  2.33110000000006E+02,  1.13098173472284E+04,  1.34918175154294E+04
 1.98800000000000E+03, -4.99839067229919E-02, -4.62500000000000E-01, -1.50261500110447E-02,  2.33290000000006E+02,  8.53672284328521E+03,  1.06512465451599E+04
 1.98808333300000E+03, -2.82402619565011E-01, -7.82500000000000E-01, -1.52336621488973E-02,  2.33470000000006E+02,  5.85627541743029E+03,  9.31623399841071E+03
 1.98816666700000E+03, -7.34101400482153E-01, -2.90000000000000E-01,  7.09877296329056E-02,  2.33650000000006E+02,  3.69957035917009E+03,  9.34437550122349E+03
 1.98825000000000E+03, -9.01462658720243E-01,  4.92500000000000E-01,  7.07386888443713E-02,  2.33830000000006E+02,  2.43101903618949E+03,  1.02933486462541E+04
 1.98833333300000E+03, -7.82059394563210E-01,  1.14250000000000E+00,  7.04897057481971E-02,  2.34010000000006E+02,  2.28937884422152E+03,  1.15570535355340E+04
 1.98841666700000E+03, -6.43103386967561E-01,  1.35250000000000E+00,  7.02407807839614E-02,  2.34190000000006E+02,  3.34711400977390E+03,  1.25280873027790E+04
 1.98850000000000E+03, -5.28145589663872E-01,  8.45000000000000E-01,  6.99919143897906E-02,  2.34370000000006E+02,  5.49518228423204E+03,  1.27467892375965E+04
 1.98858333300000E+03, -4.74028806754635E-01, -1.02500000000000E-01,  6.97431070023611E-02,  2.34550000000006E+02,  8.45628627595756E+03,  1.20027670595050E+04
 1.98866666700000E+03, -5.15045804686269E-01, -1.02250000000000E+00,  6.94943590569026E-02,  2.34730000000006E+02,  1.18249862462175E+04,  1.03680952905145E+04
 1.98875000000000E+03, -6.49166066375093E-01, -1.56000000000000E+00,  6.92456709872010E-02,  2.34910000000006E+02,  1.51286272068321E+04,  8.15878394577383E+03
 1.98883333300000E+03, -7.85595679217480E-01, -1.67250000000000E+00,  6.89970432256003E-02,  2.35090000000006E+02,  1.78995446252374E+04,  5.83837138997308E+03
 1.98891666700000E+03, -8.58498886620905E-01, -1.84000000000000E+00,  6.87484762030062E-02,  2.35270000000006E+02,  1.97470789971154E+04,  3.89055480048564E+03
 1.98900000000000E+03, -8.69226044960615E-01, -2.00750000000000E+00,  6.84999703488878E-02,  2.35450000000006E+02,  2.04178856481345E+04,  2.69376194699485E+03
 1.98908333300000E+03, -8.08564702049640E-01, -2.07000000000000E+00,  6.82515260912814E-02,  2.35630000000006E+02,  1.98348860048412E+04,  2.42841133386945E+03
 1.98916666700000E+03, -6.98255976532673E-01, -2.48250000000000E+00,  4.75434274946113E-02,  2.35810000000006E+02,  1.81086596686982E+04,  3.03819909168700E+03
 1.98925000000000E+03, -5.95714427133279E-01, -2.55000000000000E+00,  4.73016760482138E-02,  2.35990000000006E+02,  1.55195426351434E+04,  4.25266210047214E+03
 1.98933333300000E+03, -4.90859158349160E-01, -1.33500000000000E+00,  4.70600180690355E-02,  2.36170000000006E+02,  1.24734269667421E+04,  5.66306583616330E+03
 1.98941666700000E+03, -3.66568232606418E-01,  4.25000000000000E-01,  4.68184538700885E-02,  2.36350000000006E+02,  9.43846309396230E+03,  6.83102792849508E+03
 1.98950000000000E+03, -2.66385206243510E-01,  1.29000000000000E+00,  4.65769837631846E-02,  2.36530000000006E+02,  6.87285549641552E+03,  7.40211928810074E+03
 1.98958333300000E+03, -2.27145443564588E-01,  6.65000000000000E-01,  4.63356080589371E-02,  2.36710000000006E+02,  5.15523626052728E+03,  7.19645978791713E+03
 1.98966666700000E+03, -2.83134232768799E-01, -6.05000000000000E-01,  4.60943270667641E-02,  2.36890000000006E+02,  4.52851041175019E+03,  6.25480192142086E+03
 1.98975000000000E+03, -4.32313544043166E-01, -1.33250000000000E+00,  4.58531410948911E-02,  2.37070000000006E+02,  5.06572159318342E+03,  4.82994523410127E+03
 1.98983333300000E+03, -5.83881920735323E-01, -1.54500000000000E+00,  4.56120504503524E-02,  2.37250000000006E+02,  6.66280633216975E+03,  3.32664032760366E+03
 1.98991666700000E+03, -6.71996034865696E-01, -1.99500000000000E+00,  4.53710554389958E-02,  2.37430000000006E+02,  9.05872256844853E+03,  2.20518361687396E+03
 1.99000000000000E+03, -6.97998648069003E-01, -2.39000000000000E+00,  4.51301563654826E-02,  2.37610000000006E+02,  1.18790874606762E+04,  1.87188949748617E+03
 1.99008333300000E+03, -5.44327755800821E-01, -2.10750000000000E+00,  4.48893535332922E-02,  2.37790000000007E+02,  1.46958501924596E+04,  2.58187309588389E+03
 1.99016666700000E+03, -2.28620560668751E-01, -1.69500000000000E+00, -8.02671201706020E-02,  2.37970000000007E+02,  1.70932239569727E+04,  4.37585094257361E+03
 1.99025000000000E+03, -2.08459094972843E-02, -1.28500000000000E+00, -8.04225641990263E-02,  2.38150000000007E+02,  1.87294403652100E+04,  7.06416320857083E+03
 1.99033333300000E+03,  8.50376953351102E-02, -8.32500000000000E-01, -8.05778688514407E-02,  2.38330000000007E+02,  1.93849205777304E+04,  1.02601949221438E+04
 1.99041666700000E+03,  2.10424901063215E-01, -5.90000000000000E-01, -8.07330341886059E-02,  2.38510000000007E+02,  1.89899517908940E+04,  1.34545345245982E+04
 1.99050000000000E+03,  3.11771434616081E-01, -2.27500000000000E-01, -8.08880602714532E-02,  2.38690000000007E+02,  1.76284551636235E+04,  1.61130359628505E+04
 1.99058333300000E+03,  3.52241170074598E-01,  4.67500000000000E-01, -8.10429471610850E-02,  2.38870000000007E+02,  1.55183260109508E+04,  1.77781072520309E+04
 1.99066666700000E+03,  2.97548012700118E-01,  1.04000000000000E+00, -8.11976949187730E-02,  2.39050000000007E+02,  1.29724742549863E+04,  1.81535296412107E+04
 1.99075000000000E+03,  1.49729140824462E-01,  6.87500000000000E-01, -8.13523036059582E-02,  2.39230000000007E+02,  1.03475172925054E+04,  1.71582124987008E+04
 1.99083333300000E+03, -4.14884502425751E-04, -1.87500000000000E-01, -8.15067732842495E-02,  2.39410000000007E+02,  7.98866435127236E+03,  1.49418779527261E+04
 1.99091666700000E+03, -8.70416749926286E-02, -9.12500000000000E-01, -8.16611040154235E-02,  2.39590000000007E+02,  6.17948818850486E+03,  1.18636802528357E+04
 1.99100000000000E+03, -1.11494976005803E-01, -1.46750000000000E+00, -8.18152958614235E-02,  2.39770000000007E+02,  5.10405530694434E+03,  8.44127011418587E+03
 1.99108333300000E+03, -1.98880061177939E-01, -1.35500000000000E+00, -8.19693488843585E-02,  2.39950000000007E+02,  4.82654884560790E+03,  5.28152011250655E+03
 1.99116666700000E+03, -3.66618472053250E-01, -1.08000000000000E+00, -1.10472163116054E-01,  2.40130000000007E+02,  5.29050208347236E+03,  3.00466219495107E+03
 1.99125000000000E+03, -3.99104659599139E-01, -1.33250000000000E+00, -1.10338129795803E-01,  2.40310000000007E+02,  6.33658211686757E+03,  2.17151612676056E+03
 1.99133333300000E+03, -2.90462543085826E-01, -1.53750000000000E+00, -1.10204035157486E-01,  2.40490000000007E+02,  7.73503479254818E+03,  3.22005062867519E+03
 1.99141666700000E+03, -1.62155624991848E-01, -1.41500000000000E+00, -1.10069879271844E-01,  2.40670000000007E+02,  9.22684822770784E+03,  6.41419629621968E+03
 1.99150000000000E+03, -5.77297498122799E-02, -1.25000000000000E+00, -1.09935662209691E-01,  2.40850000000007E+02,  1.05666884125966E+04,  1.18058423184892E+04
 1.99158333300000E+03, -1.40226632974278E-02, -1.02500000000000E+00, -1.09801384041914E-01,  2.41030000000007E+02,  1.15607982795366E+04,  1.92108602247127E+04
 1.99166666700000E+03, -6.53221279275373E-02, -1.23250000000000E+00, -1.09667044839473E-01,  2.41210000000007E+02,  1.20942379417429E+04,  2.82015255696644E+04
 1.99175000000000E+03, -2.09592680511117E-01, -2.17500000000000E+00, -1.09532644673401E-01,  2.41390000000007E+02,  1.21438281661603E+04,  3.81198139094522E+04
 1.99183333300000E+03, -3.56035521197415E-01, -2.61500000000000E+00, -1.09398183614804E-01,  2.41570000000007E+02,  1.17755847677496E+04,  4.81172767890920E+04
 1.99191666700000E+03, -4.38810068414532E-01, -2.32000000000000E+00, -1.09263661734859E-01,  2.41750000000007E+02,  1.11278986351994E+04,  5.72261893286400E+04
 1.99200000000000E+03, -4.59261919198595E-01, -1.84750000000000E+00, -1.09129079104819E-01,  2.41930000000007E+02,  1.03838462791638E+04,  6.44626382927208E+04
 1.99208333300000E+03, -5.94010978753039E-01, -1.30500000000000E+00, -1.08994435796006E-01,  2.42110000000007E+02,  9.73750833694810E+03,  6.89553989326385E+04
 1.99216666700000E+03, -8.62057749395571E-01, -1.28500000000000E+00, -5.73190484924808E-02,  2.42290000000007E+02,  9.35984417334479E+03,  7.00861222841508E+04
 1.99225000000000E+03, -9.46354575357492E-01, -1.83500000000000E+00, -5.74943326335255E-02,  2.42470000000007E+02,  9.36947017076318E+03,  6.76186759522405E+04
 1.99233333300000E+03, -8.39458683857511E-01, -2.07500000000000E+00, -5.76694710064656E-02,  2.42650000000007E+02,  9.81269952116847E+03,  6.17909547186694E+04
 1.99241666700000E+03, -7.12774462837132E-01, -1.98250000000000E+00, -5.78444636399715E-02,  2.42830000000007E+02,  1.06556136458940E+04,  5.33432686306908E+04
 1.99250000000000E+03, -6.09848179238264E-01, -2.55000000000000E+00, -5.80193105630107E-02,  2.43010000000007E+02,  1.17890147093809E+04,  4.34646658518564E+04
 1.99258333300000E+03, -5.67518027030364E-01, -3.50000000000000E+00, -5.81940118048474E-02,  2.43190000000007E+02,  1.30451507827775E+04,  3.36518739265010E+04
 1.99266666700000E+03, -6.20072242581569E-01, -3.67500000000000E+00, -5.83685673950415E-02,  2.43370000000007E+02,  1.42233932602570E+04,  2.54928955566036E+04
 1.99275000000000E+03, -7.65475862149700E-01, -3.38750000000000E+00, -5.85429773634469E-02,  2.43550000000007E+02,  1.51208128232478E+04,  2.04052332758880E+04
 1.99283333300000E+03, -9.12930609971739E-01, -3.26250000000000E+00, -5.87172417402111E-02,  2.43730000000007E+02,  1.55629994122099E+04,  1.93730908142225E+04
 1.99291666700000E+03, -9.96596453088697E-01, -2.99000000000000E+00, -5.88913605557737E-02,  2.43910000000007E+02,  1.54305622049030E+04,  2.27347912837012E+04
 1.99300000000000E+03, -1.01781956155828E+00, -2.51000000000000E+00, -5.90653338408657E-02,  2.44090000000007E+02,  1.46774886025410E+04,  3.00683791664932E+04
 1.99308333300000E+03, -9.72680348751794E-01, -2.27500000000000E+00, -5.92391616265081E-02,  2.44270000000007E+02,  1.33388096066184E+04,  4.02092858150369E+04
 1.99316666700000E+03, -8.79136914309297E-01, -2.25250000000000E+00, -6.64211061690387E-02,  2.44450000000007E+02,  1.15266177681105E+04,  5.14108168335497E+04
 1.99325000000000E+03, -7.80222098490034E-01, -2.02000000000000E+00, -6.65887003799935E-02,  2.44630000000007E+02,  9.41517839720862E+03,  6.16301206477907E+04
 1.99333333300000E+03, -6.69622228335444E-01, -1.84000000000000E+00, -6.67561507311555E-02,  2.44810000000007E+02,  7.21742295412571E+03,  6.88948444743167E+04
 1.99341666700000E+03, -5.39288045227799E-01, -2.14250000000000E+00, -6.69234572655651E-02,  2.44990000000007E+02,  5.15629918055683E+03,  7.16849248378001E+04
 1.99350000000000E+03, -4.32766543002371E-01, -2.54250000000000E+00, -6.70906200265073E-02,  2.45170000000007E+02,  3.43511429961790E+03,  6.92550260571814E+04
 1.99358333300000E+03, -3.86896624012693E-01, -2.38000000000000E+00, -6.72576390575096E-02,  2.45350000000007E+02,  2.21106131533020E+03,  6.18290065333734E+04
 1.99366666700000E+03, -4.35967214685280E-01, -2.13750000000000E+00, -6.74245144023423E-02,  2.45530000000007E+02,  1.57556855133406E+03,  5.06184351557777E+04
 1.99375000000000E+03, -5.77944023199976E-01, -2.56000000000000E+00, -6.75912461050166E-02,  2.45710000000007E+02,  1.54405135439796E+03,  3.76493527869164E+04
 1.99383333300000E+03, -7.22029426961134E-01, -3.07000000000000E+00, -6.77578342097841E-02,  2.45890000000007E+02,  2.05623871745932E+03,  2.54191969961558E+04
 1.99391666700000E+03, -8.02384027622874E-01, -3.14000000000000E+00, -6.79242787611357E-02,  2.46070000000007E+02,  2.98671183503397E+03,  1.64415010151136E+04
 1.99400000000000E+03, -8.20354611508041E-01, -3.12500000000000E+00, -6.80905798038009E-02,  2.46250000000007E+02,  4.16385763341310E+03,  1.27620157805378E+04
 1.99408333300000E+03, -7.21878118350206E-01, -3.12250000000000E+00, -6.82567373827467E-02,  2.46430000000007E+02,  5.39431931987651E+03,  1.55402753471981E+04
 1.99416666700000E+03, -5.28742891270605E-01, -2.80750000000000E+00, -1.34131131063768E-01,  2.46610000000007E+02,  6.48937572745996E+03,  2.47823217562476E+04
 1.99425000000000E+03, -3.88092263084308E-01, -2.35500000000000E+00, -1.34009570140557E-01,  2.46790000000007E+02,  7.28958124881861E+03,  3.92841192268966E+04
 1.99433333300000E+03, -2.89767013883388E-01, -2.23000000000000E+00, -1.33887936157814E-01,  2.46970000000007E+02,  7.68443813946492E+03,  5.68057227956638E+04
 1.99441666700000E+03, -1.71734777207662E-01, -2.34500000000000E+00, -1.33766229171488E-01,  2.47150000000007E+02,  7.62475656724713E+03,  7.44511158511715E+04
 1.99450000000000E+03, -7.75403664582916E-02, -2.44000000000000E+00, -1.33644449237612E-01,  2.47330000000007E+02,  7.12652149097831E+03,  8.91868755742595E+04
 1.99458333300000E+03, -4.40204983776238E-02, -2.27750000000000E+00, -1.33522596412303E-01,  2.47510000000007E+02,  6.26632928978271E+03,  9.84031588695928E+04
 1.99466666700000E+03, -1.05461909387166E-01, -1.64000000000000E+00, -1.33400670751767E-01,  2.47690000000007E+02,  5.16958127495228E+03,  1.00409376025332E+05
 1.99475000000000E+03, -2.59828114049841E-01, -8.70000000000000E-01, -1.33278672312293E-01,  2.47870000000007E+02,  3.99346188699718E+03,  9.47671167818081E+04
 1.99483333300000E+03, -4.16319292509395E-01, -6.17500000000000E-01, -1.33156601150255E-01,  2.48050000000007E+02,  2.90718600968373E+03,  8.23928435380948E+04
 1.99491666700000E+03, -5.09093846295193E-01, -8.02500000000000E-01, -1.33034457322115E-01,  2.48230000000007E+02,  2.07204935316474E+03,  6.54068778682423E+04
 1.99500000000000E+03, -5.39496359518972E-01, -7.82500000000000E-01, -1.32912240884417E-01,  2.48410000000007E+02,  1.62351047277713E+03,  4.67545800108464E+04
 1.99508333300000E+03, -4.43787713486870E-01, -4.57500000000000E-01, -1.32789951893793E-01,  2.48590000000007E+02,  1.65698261510601E+03,  2.96704205239320E+04
 1.99516666700000E+03, -2.42036638931486E-01,  2.75000000000000E-02, -1.37200388431203E-01,  2.48770000000007E+02,  2.21835708109154E+03,  1.70867558520905E+04
 1.99525000000000E+03, -9.90179692472673E-02,  9.52500000000000E-01, -1.37080705621107E-01,  2.48950000000007E+02,  3.29965169864915E+03,  1.11001648726326E+04
 1.99533333300000E+03, -6.29482595012455E-03,  2.31000000000000E+00, -1.36960948356429E-01,  2.49130000000007E+02,  4.83967846240078E+03,  1.25968832935110E+04
 1.99541666700000E+03,  1.06119413974965E-01,  3.13500000000000E+00, -1.36841116690924E-01,  2.49310000000007E+02,  6.72929941663467E+03,  2.11074666440734E+04
 1.99550000000000E+03,  1.94680821249670E-01,  2.78750000000000E+00, -1.36721210678433E-01,  2.49490000000007E+02,  8.82067631714801E+03,  3.49157102848247E+04
 1.99558333300000E+03,  2.22553564459169E-01,  1.68500000000000E+00, -1.36601230372883E-01,  2.49670000000007E+02,  1.09398562504069E+04,  5.13972225969914E+04
 1.99566666700000E+03,  1.55451793271590E-01,  8.32500000000000E-01, -1.36481175828288E-01,  2.49850000000007E+02,  1.29019867733197E+04,  6.75189128718045E+04
 1.99575000000000E+03, -4.58712046598278E-03,  8.12500000000000E-01, -1.36361047098749E-01,  2.50030000000007E+02,  1.45283413671038E+04,  8.04008205029070E+04
 1.99583333300000E+03, -1.66762469794374E-01,  8.45000000000000E-01, -1.36240844238453E-01,  2.50210000000007E+02,  1.56641160488781E+04,  8.78319404764133E+04
 1.99591666700000E+03, -2.65231768886762E-01,  3.52500000000000E-01, -1.36120567301675E-01,  2.50390000000007E+02,  1.61956434908428E+04,  8.86435616524095E+04
 1.99600000000000E+03, -3.01338714684668E-01, -1.75000000000000E-01, -1.36000216342773E-01,  2.50570000000007E+02,  1.60653344516266E+04,  8.28742467316091E+04
 1.99608333300000E+03, -3.66075367382027E-01, -4.80000000000000E-01, -1.35879791416194E-01,  2.50750000000007E+02,  1.52824163385779E+04,  7.17032942527776E+04
 1.99616666700000E+03, -4.75407520255668E-01, -4.97500000000000E-01, -1.13681137205254E-01,  2.50930000000007E+02,  1.39275305498807E+04,  5.71753752290737E+04
 1.99625000000000E+03, -4.80534498837123E-01, -4.12500000000000E-01, -1.13548601663925E-01,  2.51110000000007E+02,  1.21495870581037E+04,  4.17786838504065E+04
 1.99633333300000E+03, -3.77104249340275E-01, -7.62500000000000E-01, -1.13416003123319E-01,  2.51290000000007E+02,  1.01540089901145E+04,  2.79646038369833E+04
 1.99641666700000E+03, -2.53956555972751E-01, -1.19500000000000E+00, -1.13283341652392E-01,  2.51470000000007E+02,  8.18259536030460E+03,  1.77039306507088E+04
 1.99650000000000E+03, -1.54636620812999E-01, -1.00750000000000E+00, -1.13150617320171E-01,  2.51650000000007E+02,  6.48655210467427E+03,  1.21624708551558E+04
 1.99658333300000E+03, -1.15981554965560E-01, -4.62500000000000E-01, -1.13017830195761E-01,  2.51830000000007E+02,  5.29557174670221E+03,  1.15507241055171E+04
 1.99666666700000E+03, -1.72278495458856E-01, -5.45000000000000E-01, -1.12884980348342E-01,  2.52010000000007E+02,  4.78691522092944E+03,  1.51648386848060E+04
 1.99675000000000E+03, -3.21491364264695E-01, -1.31500000000000E+00, -1.12752067847168E-01,  2.52190000000007E+02,  5.05900718101285E+03,  2.15972607107335E+04
 1.99683333300000E+03, -4.72820754665831E-01, -1.77000000000000E+00, -1.12619092761568E-01,  2.52370000000007E+02,  6.11390603517409E+03,  2.90634710905795E+04
 1.99691666700000E+03, -5.60425487612127E-01, -1.59000000000000E+00, -1.12486055160945E-01,  2.52550000000007E+02,  7.85207691645332E+03,  3.57720997799913E+04
 1.99700000000000E+03, -5.85650573466256E-01, -1.08750000000000E+00, -1.12352955114778E-01,  2.52730000000007E+02,  1.00812534280506E+04,  4.02626575523138E+04
 1.99708333300000E+03, -6.31102705915296E-01, -5.47500000000000E-01, -1.12219792692620E-01,  2.52910000000007E+02,  1.25390465914274E+04,  4.16477126502061E+04
 1.99716666700000E+03, -7.15847515197345E-01, -1.97500000000000E-01, -1.23832964337548E-01,  2.53090000000007E+02,  1.49266914818707E+04,  3.97208740338092E+04
 1.99725000000000E+03, -7.10952934339445E-01, -5.00000000000000E-03, -1.23705556210985E-01,  2.53270000000007E+02,  1.69493193557492E+04,  3.49224404435948E+04
 1.99733333300000E+03, -6.08960112299184E-01,  8.25000000000000E-02, -1.23578079937915E-01,  2.53450000000007E+02,  1.83567957823724E+04,  2.81841807701322E+04
 1.99741666700000E+03, -4.87219146547708E-01,  1.37500000000000E-01, -1.23450535581187E-01,  2.53630000000007E+02,  1.89787681191672E+04,  2.06972388867425E+04
 1.99750000000000E+03, -3.89274953364912E-01,  2.07500000000000E-01, -1.23322923203728E-01,  2.53810000000007E+02,  1.87482522108440E+04,  1.36583894380821E+04
 1.99758333300000E+03, -3.51964361164986E-01,  3.47500000000000E-01, -1.23195242868548E-01,  2.53990000000007E+02,  1.77097939608115E+04,  8.04835976271809E+03
 1.99766666700000E+03, -4.09574227724833E-01,  8.07500000000000E-01, -1.23067494638738E-01,  2.54170000000007E+02,  1.60107050535925E+04,  4.48312450326058E+03
 1.99775000000000E+03, -5.60068199533814E-01,  1.00000000000000E+00, -1.22939678577468E-01,  2.54350000000007E+02,  1.38766765080859E+04,  3.15879528990070E+03
 1.99783333300000E+03, -7.12646597679251E-01,  8.07500000000000E-01, -1.22811794747991E-01,  2.54530000000007E+02,  1.15757205279915E+04,  3.88813991785836E+03
 1.99791666700000E+03, -8.01467974532762E-01,  9.55000000000000E-01, -1.22683843213639E-01,  2.54710000000007E+02,  9.37639441876310E+03,  6.20713069593708E+03
 1.99800000000000E+03, -8.27877075825470E-01,  1.55000000000000E+00, -1.22555824037824E-01,  2.54890000000007E+02,  7.50724148755001E+03,  9.51738032563273E+03
 1.99808333300000E+03, -4.56534072993652E-01,  2.43000000000000E+00, -1.22427737284040E-01,  2.55070000000007E+02,  6.12414761548376E+03,  1.32270327056133E+04
 1.99816666700000E+03,  2.92473236858018E-01,  2.91000000000000E+00, -1.52012616581051E-01,  2.55250000000007E+02,  5.29088864660363E+03,  1.68584594537285E+04
 1.99825000000000E+03,  7.11126036112674E-01,  3.06500000000000E+00, -1.51902968813647E-01,  2.55430000000007E+02,  4.97578631340924E+03,  2.01036802859700E+04
 1.99833333300000E+03,  8.07833495607796E-01,  3.71500000000000E+00, -1.51793240389971E-01,  2.55610000000007E+02,  5.06452989536021E+03,  2.28240738935322E+04
 1.99841666700000E+03,  9.24178348359272E-01,  4.47000000000000E+00, -1.51683431352331E-01,  2.55790000000007E+02,  5.38638376000284E+03,  2.50055516627323E+04
 1.99850000000000E+03,  1.01661605277802E+00,  4.78750000000000E+00, -1.51573541743128E-01,  2.55970000000007E+02,  5.74870873659497E+03,  2.66904117457087E+04
 1.99858333300000E+03,  1.04831016947637E+00,  4.65750000000000E+00, -1.51463571604851E-01,  2.56150000000007E+02,  5.97339378808997E+03,  2.79104787697811E+04
 1.99866666700000E+03,  9.84974243774169E-01,  4.14250000000000E+00, -1.51353520980077E-01,  2.56330000000007E+02,  5.92865457597878E+03,  2.86426057356394E+04
 1.99875000000000E+03,  8.28645046081553E-01,  3.57500000000000E+00, -1.51243389911475E-01,  2.56510000000007E+02,  5.55071040698148E+03,  2.87986870931058E+04
 1.99883333300000E+03,  6.70122686557179E-01,  3.07750000000000E+00, -1.51133178441804E-01,  2.56690000000007E+02,  4.85187839457696E+03,  2.82508018975761E+04
 1.99891666700000E+03,  5.75249058150814E-01,  2.15500000000000E+00, -1.51022886613911E-01,  2.56870000000007E+02,  3.91422211247617E+03,  2.68812582924907E+04
 1.99900000000000E+03,  5.42679874254838E-01,  9.37500000000000E-01, -1.50912514470734E-01,  2.57050000000007E+02,  2.87056192161073E+03,  2.46400482087059E+04
 1.99908333300000E+03,  4.11600248421192E-01,  4.30000000000000E-01, -1.50802062055301E-01,  2.57230000000007E+02,  1.87689594805463E+03,  2.15903352678311E+04
 1.99916666700000E+03,  1.63008190617126E-01,  4.60000000000000E-01, -1.32606978226948E-01,  2.57410000000007E+02,  1.08169089107274E+03,  1.79263578103118E+04
 1.99925000000000E+03,  8.23196346934559E-02,  6.77500000000000E-01, -1.32484508454522E-01,  2.57590000000007E+02,  5.97847649042504E+02,  1.39562767406092E+04
 1.99933333300000E+03,  1.76936021741571E-01,  1.23000000000000E+00, -1.32361966327771E-01,  2.57770000000007E+02,  4.82405004334824E+02,  1.00526462976404E+04
 1.99941666700000E+03,  2.91238556128762E-01,  1.64000000000000E+00, -1.32239351903709E-01,  2.57950000000007E+02,  7.27398471328379E+02,  6.58248596903826E+03
 1.99950000000000E+03,  3.81683089063654E-01,  2.04750000000000E+00, -1.32116665239433E-01,  2.58130000000007E+02,  1.26308696564040E+03,  3.83484282763653E+03
 1.99958333300000E+03,  4.11433570178823E-01,  2.33250000000000E+00, -1.31993906392128E-01,  2.58310000000007E+02,  1.97243287522082E+03,  1.96468840278390E+03
 1.99966666700000E+03,  3.46203929692857E-01,  1.57500000000000E+00, -1.31871075419061E-01,  2.58490000000007E+02,  2.71370927620486E+03,  9.67791853954384E+02
 1.99975000000000E+03,  1.88031318449157E-01,  2.65000000000000E-01, -1.31748172377585E-01,  2.58670000000007E+02,  3.34676797869591E+03,  6.93041895599081E+02
 1.99983333300000E+03,  2.77162230434621E-02, -3.25000000000000E-01, -1.31625197325139E-01,  2.58850000000007E+02,  3.75804568078151E+03,  8.88793840476251E+02
 1.99991666700000E+03, -6.88990914770604E-02, -4.17500000000000E-01, -1.31502150319245E-01,  2.59030000000007E+02,  3.87984817047618E+03,  1.27087410291079E+03
 2.00000000000000E+03, -1.03158544305645E-01, -6.37500000000000E-01, -1.31379031417511E-01,  2.59210000000007E+02,  3.70069733783189E+03,  1.59428219192136E+03
 2.00008333300000E+03, -2.26515506400401E-01, -3.00000000000000E-01, -1.31255840677627E-01,  2.59390000000007E+02,  3.26528041262061E+03,  1.70987479480431E+03
 2.00016666700000E+03, -4.57034153410562E-01,  3.70000000000000E-01, -1.27038016681753E-01,  2.59570000000007E+02,  2.66445773038793E+03,  1.59158077237295E+03
 2.00025000000000E+03, -5.27082909372492E-01,  5.72500000000000E-01, -1.26912355815671E-01,  2.59750000000007E+02,  2.01751151321806E+03,  1.32781868939607E+03
 2.00033333300000E+03, -4.30197282503571E-01,  4.25000000000000E-01, -1.26786625237978E-01,  2.59930000000007E+02,  1.45006065601909E+03,  1.08057833526231E+03
 2.00041666700000E+03, -3.13572242541906E-01,  1.92500000000000E-01, -1.26660825009452E-01,  2.60110000000007E+02,  1.07164076709956E+03,  1.02444681777141E+03
 2.00050000000000E+03, -2.20752070069118E-01,  4.12500000000000E-01, -1.26534955190952E-01,  2.60290000000007E+02,  9.56802397778228E+02,  1.28332576343098E+03
 2.00058333300000E+03, -1.88572953868744E-01,  7.90000000000000E-01, -1.26409015843418E-01,  2.60470000000007E+02,  1.13279057056017E+03,  1.88320644662293E+03
 2.00066666700000E+03, -2.51321109046926E-01,  5.07500000000000E-01, -1.26283007027875E-01,  2.60650000000007E+02,  1.57561572878457E+03,  2.73494345569618E+03
 2.00075000000000E+03, -4.06959537275311E-01, -2.37500000000000E-01, -1.26156928805428E-01,  2.60830000000007E+02,  2.21485203355744E+03,  3.65264819255626E+03
 2.00083333300000E+03, -5.64687911132107E-01, -8.42500000000000E-01, -1.26030781237266E-01,  2.61010000000007E+02,  2.94605955868172E+03,  4.40332416941727E+03
 2.00091666700000E+03, -6.58664131683265E-01, -1.24500000000000E+00, -1.25904564384660E-01,  2.61190000000007E+02,  3.64854869448546E+03,  4.77438233863317E+03
 2.00100000000000E+03, -6.90232291453361E-01, -1.18000000000000E+00, -1.25778278308961E-01,  2.61370000000007E+02,  4.20545184519081E+03,  4.64017368376928E+03
 2.00108333300000E+03, -3.41013932574057E-01, -5.77500000000000E-01, -1.25651923071606E-01,  2.61550000000007E+02,  4.52282306772123E+03,  4.00823628564476E+03
 2.00116666700000E+03,  3.70036256483359E-01, -1.87500000000000E-01, -1.51763487517937E-01,  2.61730000000007E+02,  4.54475201126075E+03,  3.03082829494829E+03
 2.00125000000000E+03,  7.69956607933312E-01, -2.07500000000000E-01, -1.51653656639315E-01,  2.61910000000007E+02,  4.26218363879682E+03,  1.97634014992978E+03
 2.00133333300000E+03,  8.66024331801889E-01,  2.60000000000000E-01, -1.51543745200637E-01,  2.62090000000007E+02,  3.71415538721305E+03,  1.16603969684903E+03
 2.00141666700000E+03,  9.81727899711065E-01,  1.14500000000000E+00, -1.51433753244414E-01,  2.62270000000007E+02,  2.98134252209775E+03,  8.91433906364885E+02
 2.00150000000000E+03,  1.07352285563481E+00,  1.45250000000000E+00, -1.51323680813251E-01,  2.62450000000007E+02,  2.17297392908321E+03,  1.33364617669181E+03
 2.00158333300000E+03,  1.10457284708750E+00,  1.77750000000000E+00, -1.51213527949839E-01,  2.62630000000007E+02,  1.40918615723795E+03,  2.50682250529700E+03
 2.00166666700000E+03,  1.04059150680713E+00,  2.34000000000000E+00, -1.51103294696962E-01,  2.62810000000007E+02,  8.01588487717727E+02,  4.24230306879216E+03
 2.00175000000000E+03,  8.83615692315334E-01,  2.20000000000000E+00, -1.50992981097491E-01,  2.62990000000007E+02,  4.35117589574858E+02,  6.22028188924069E+03
 2.00183333300000E+03,  7.24445602190976E-01,  1.78000000000000E+00, -1.50882587194389E-01,  2.63170000000007E+02,  3.54114990245723E+02,  8.04337414213971E+03
 2.00191666700000E+03,  6.28923218289639E-01,  1.74750000000000E+00, -1.50772113030708E-01,  2.63350000000007E+02,  5.54967127280586E+02,  9.33506610747974E+03
 2.00200000000000E+03,  5.95704342571882E-01,  1.69000000000000E+00, -1.50661558649588E-01,  2.63530000000007E+02,  9.86669210146855E+02,  9.83848992106778E+03
 2.00208333300000E+03,  8.14831253386497E-01,  1.47750000000000E+00, -1.50550924094261E-01,  2.63710000000007E+02,  1.55943323608945E+03,  9.48950565471437E+03
 2.00216666700000E+03,  1.26884018579799E+00,  1.04000000000000E+00, -1.61761117986371E-01,  2.63890000000007E+02,  2.16013122538081E+03,  8.44336189961574E+03
 2.00225000000000E+03,  1.54294876514297E+00,  2.12500000000000E-01, -1.61659068914060E-01,  2.64070000000007E+02,  2.67215382957191E+03,  7.04519756751042E+03
 2.00233333300000E+03,  1.64297540667623E+00, -6.30000000000000E-01, -1.61556935673336E-01,  2.64250000000008E+02,  2.99638313712459E+03,  5.74877466391612E+03
 2.00241666700000E+03,  1.76259731820408E+00, -1.03250000000000E+00, -1.61454718298248E-01,  2.64430000000008E+02,  3.06960688130795E+03,  5.00159982740953E+03
 2.00250000000000E+03,  1.85826958655720E+00, -5.17500000000000E-01, -1.61352416822934E-01,  2.64610000000008E+02,  2.87695123771923E+03,  5.12443391790102E+03
 2.00258333300000E+03,  1.89315540487177E+00,  4.02500000000000E-01, -1.61250031281620E-01,  2.64790000000008E+02,  2.45579355631060E+03,  6.21636939645290E+03
 2.00266666700000E+03,  1.83296795406340E+00,  7.77500000000000E-01, -1.61147561708622E-01,  2.64970000000008E+02,  1.89003110844056E+03,  8.11200460959652E+03
 2.00275000000000E+03,  1.67974364217732E+00,  6.40000000000000E-01, -1.61045008138345E-01,  2.65150000000008E+02,  1.29531146718091E+03,  1.04055228903009E+04
 2.00283333300000E+03,  1.52428222126495E+00,  2.22500000000000E-01, -1.60942370605285E-01,  2.65330000000008E+02,  7.97574352100508E+02,  1.25402793364962E+04
 2.00291666700000E+03,  1.43242522939381E+00,  3.25000000000000E-02, -1.60839649144025E-01,  2.65510000000008E+02,  5.08678769681143E+02,  1.39456557737671E+04
 2.00300000000000E+03,  1.40282802726612E+00,  6.75000000000000E-02, -1.60736843789238E-01,  2.65690000000008E+02,  5.03687237580966E+02,  1.41896665284753E+04
 2.00308333300000E+03,  1.02042602871052E+00,  1.80000000000000E-01, -1.60633954575687E-01,  2.65870000000008E+02,  8.04340047631078E+02,  1.31096103478788E+04
 2.00316666700000E+03,  2.67639146396593E-01,  5.65000000000000E-01, -1.19412029472407E-01,  2.66050000000008E+02,  1.37231516673675E+03,  1.08859108448005E+04
 2.00325000000000E+03, -6.01778917250406E-02,  8.92500000000000E-01, -1.19282314045165E-01,  2.66230000000008E+02,  2.11414916127398E+03,  8.03597654355232E+03
 2.00333333300000E+03,  4.29899921865076E-02,  1.30500000000000E+00, -1.19152532679114E-01,  2.66410000000008E+02,  2.89747801665808E+03,  5.32306124546528E+03
 2.00341666700000E+03,  1.65869802597273E-01,  1.93250000000000E+00, -1.19022685439846E-01,  2.66590000000008E+02,  3.57595746704784E+03,  3.59562982549083E+03
 2.00350000000000E+03,  2.64916448405301E-01,  2.77000000000000E+00, -1.18892772393033E-01,  2.66770000000008E+02,  4.01830541761463E+03,  3.59076121537204E+03
 2.00358333300000E+03,  3.03292931272353E-01,  3.73250000000000E+00, -1.18762793604422E-01,  2.66950000000008E+02,  4.13579677978412E+03,  5.74613891526481E+03
 2.00366666700000E+03,  2.46712226803863E-01,  4.19750000000000E+00, -1.18632749139842E-01,  2.67130000000008E+02,  3.90252052079728E+03,  1.00661496299204E+04
 2.00375000000000E+03,  9.72105236071638E-02,  3.65500000000000E+00, -1.18502639065197E-01,  2.67310000000008E+02,  3.36385943750900E+03,  1.60777602115263E+04
 2.00383333300000E+03, -5.44126593095353E-02,  2.58000000000000E+00, -1.18372463446472E-01,  2.67490000000008E+02,  2.63081408368629E+03,  2.28929520590825E+04
 2.00391666700000E+03, -1.42316030815980E-01,  2.04250000000000E+00, -1.18242222349728E-01,  2.67670000000008E+02,  1.86057826142168E+03,  2.93705771298796E+04
 2.00400000000000E+03, -1.67844491327861E-01,  1.97250000000000E+00, -1.18111915841106E-01,  2.67850000000008E+02,  1.22664133029236E+03,  3.43469523019490E+04
 2.00408333300000E+03, -2.96295394283752E-01,  1.80250000000000E+00, -1.17981543986824E-01,  2.68030000000008E+02,  8.84046118400942E+02,  3.68868742289581E+04
 2.00416666700000E+03, -5.46930544718800E-01,  1.41750000000000E+00, -1.24382911094704E-01,  2.68210000000008E+02,  9.36745184518678E+02,  3.64994113198858E+04
 2.00425000000000E+03, -6.25630042144992E-01,  7.85000000000000E-01, -1.24255798258092E-01,  2.68390000000008E+02,  1.41393516022103E+03,  3.32679820381751E+04
 2.00433333300000E+03, -5.24733684456088E-01,  5.77500000000000E-01, -1.24128617004242E-01,  2.68570000000008E+02,  2.26074320741237E+03,  2.78612089823909E+04
 2.00441666700000E+03, -4.04083420343882E-01,  1.30500000000000E+00, -1.24001367395650E-01,  2.68750000000008E+02,  3.34592774101548E+03,  2.14164253642696E+04
 2.00450000000000E+03, -3.07223983497478E-01,  2.20750000000000E+00, -1.23874049494894E-01,  2.68930000000008E+02,  4.48584316122635E+03,  1.53160112980946E+04
 2.00458333300000E+03, -2.70992018136473E-01,  2.58750000000000E+00, -1.23746663364634E-01,  2.69110000000008E+02,  5.48048729697602E+03,  1.09015891915063E+04
 2.00466666700000E+03, -3.29674198164896E-01,  2.43500000000000E+00, -1.23619209067611E-01,  2.69290000000008E+02,  6.15472249221843E+03,  9.18672054358927E+03
 2.00475000000000E+03, -4.81233988446721E-01,  2.20000000000000E+00, -1.23491686666646E-01,  2.69470000000008E+02,  6.39634655441423E+03,  1.06312551832381E+04
 2.00483333300000E+03, -6.34871526927103E-01,  2.01250000000000E+00, -1.23364096224643E-01,  2.69650000000008E+02,  6.18294986684489E+03,  1.50288931630522E+04
 2.00491666700000E+03, -7.24745183244211E-01,  1.60000000000000E+00, -1.23236437804584E-01,  2.69830000000008E+02,  5.59145415600077E+03,  2.15360141871989E+04
 2.00500000000000E+03, -7.52199522730277E-01,  1.17000000000000E+00, -1.23108711469534E-01,  2.70010000000008E+02,  4.78755241994763E+03,  2.88393622289507E+04
 2.00508333300000E+03, -3.22631043235173E-01,  1.45000000000000E+00, -1.22980917282638E-01,  2.70190000000008E+02,  3.99632032897476E+03,  3.54294067445381E+04
 2.00516666700000E+03,  5.45946824841882E-01,  2.30000000000000E+00, -1.69315650116953E-01,  2.70370000000008E+02,  3.45922768100522E+03,  3.99220361998369E+04
 2.00525000000000E+03,  1.02906572543333E+00,  2.73500000000000E+00, -1.69220133789206E-01,  2.70550000000008E+02,  3.38581021113838E+03,  4.13592502599948E+04
 2.00533333300000E+03,  1.13306680715285E+00,  2.84250000000000E+00, -1.69124530950793E-01,  2.70730000000008E+02,  3.90969515622364E+03,  3.94226637126318E+04
 2.00541666700000E+03,  1.25672483282067E+00,  3.31500000000000E+00, -1.69028841629020E-01,  2.70910000000008E+02,  5.05814742003319E+03,  3.45115382540434E+04
 2.00550000000000E+03,  1.35649471923265E+00,  3.98250000000000E+00, -1.68933065851282E-01,  2.71090000000008E+02,  6.74185526883531E+03,  2.76660188039113E+04
 2.00558333300000E+03,  1.39553948257910E+00,  4.19500000000000E+00, -1.68837203645060E-01,  2.71270000000008E+02,  8.76774917370852E+03,  2.03500233926361E+04
 2.00566666700000E+03,  1.33957211908533E+00,  3.62000000000000E+00, -1.68741255037922E-01,  2.71450000000008E+02,  1.08730143841390E+04,  1.41393883328715E+04
 2.00575000000000E+03,  1.19062884352987E+00,  2.41750000000000E+00, -1.68645220057523E-01,  2.71630000000008E+02,  1.27740604299518E+04,  1.03824354512405E+04
 2.00583333300000E+03,  1.03950920772813E+00,  1.66500000000000E+00, -1.68549098731605E-01,  2.71810000000008E+02,  1.42209721461202E+04,  9.90717030619267E+03
 2.00591666700000E+03,  9.52054541711738E-01,  1.57000000000000E+00, -1.68452891087996E-01,  2.71990000000008E+02,  1.50465943290055E+04,  1.28400695156114E+04
 2.00600000000000E+03,  9.26919989517730E-01,  1.17750000000000E+00, -1.68356597154613E-01,  2.72170000000008E+02,  1.52002317861331E+04,  1.85777026166550E+04
 2.00608333300000E+03,  1.00546314165283E+00,  6.65000000000000E-01, -1.68260216959458E-01,  2.72350000000008E+02,  1.47588619999401E+04,  2.59193247807746E+04
 2.00616666700000E+03,  1.16973959037963E+00,  8.12500000000000E-01, -1.79653083770250E-01,  2.72530000000008E+02,  1.39132029237318E+04,  3.33332768135003E+04
 2.00625000000000E+03,  1.30186599893412E+00,  1.74000000000000E+00, -1.79567609900480E-01,  2.72710000000008E+02,  1.29310641957053E+04,  3.93003013833659E+04
 2.00633333300000E+03,  1.40816346504823E+00,  2.69750000000000E+00, -1.79482046958278E-01,  2.72890000000008E+02,  1.21050929283944E+04,  4.26593306548414E+04
 2.00641666700000E+03,  1.53411644041332E+00,  3.20250000000000E+00, -1.79396394961396E-01,  2.73070000000008E+02,  1.16953239691445E+04,  4.28798874660046E+04
 2.00650000000000E+03,  1.63617977746752E+00,  3.54000000000000E+00, -1.79310653927663E-01,  2.73250000000008E+02,  1.18781477244340E+04,  4.02004077910677E+04
 2.00658333300000E+03,  1.67751642933525E+00,  3.68250000000000E+00, -1.79224823874991E-01,  2.73430000000008E+02,  1.27121296821808E+04,  3.56003301415369E+04
 2.00666666700000E+03,  1.62383933019998E+00,  3.48750000000000E+00, -1.79138904821368E-01,  2.73610000000008E+02,  1.41277610957369E+04,  3.06095499668803E+04
 2.00675000000000E+03,  1.47718463355417E+00,  3.13250000000000E+00, -1.79052896784866E-01,  2.73790000000008E+02,  1.59433548515022E+04,  2.69940426371742E+04
 2.00683333300000E+03,  1.32835183122793E+00,  2.53750000000000E+00, -1.78966799783636E-01,  2.73970000000008E+02,  1.79039158506015E+04,  2.63834564106372E+04
 2.00691666700000E+03,  1.24318219429974E+00,  1.83500000000000E+00, -1.78880613835907E-01,  2.74150000000008E+02,  1.97350264163598E+04,  2.99193886032783E+04
 2.00700000000000E+03,  1.22033080861626E+00,  1.65500000000000E+00, -1.78794338959991E-01,  2.74330000000008E+02,  2.12006007907811E+04,  3.79990751905248E+04
 2.00708333300000E+03,  1.02573240313416E+00,  1.66000000000000E+00, -1.78707975174280E-01,  2.74510000000008E+02,  2.21524637741693E+04,  5.01692152227132E+04
 2.00716666700000E+03,  6.38364318505740E-01,  1.40500000000000E+00, -1.38108682081672E-01,  2.74690000000008E+02,  2.25613124963128E+04,  6.51929610495326E+04
 2.00725000000000E+03,  4.88115844677236E-01,  1.22250000000000E+00, -1.37989567592867E-01,  2.74870000000008E+02,  2.25224217951501E+04,  8.12765890223304E+04
 2.00733333300000E+03,  5.84397000687878E-01,  1.00750000000000E+00, -1.37870378243278E-01,  2.75050000000008E+02,  2.22346839623438E+04,  9.64088815564652E+04
 2.00741666700000E+03,  7.00353573474499E-01,  8.72500000000000E-01, -1.37751114085997E-01,  2.75230000000008E+02,  2.19571561170288E+04,  1.08742945227926E+05
 2.00750000000000E+03,  7.92441335147443E-01,  8.32500000000000E-01, -1.37631775174206E-01,  2.75410000000008E+02,  2.19520606958467E+04,  1.16941947727662E+05
 2.00758333300000E+03,  8.23824159889845E-01,  6.72500000000000E-01, -1.37512361561170E-01,  2.75590000000008E+02,  2.24261403718327E+04,  1.20418671889435E+05
 2.00766666700000E+03,  7.60215903962566E-01,  8.52500000000000E-01, -1.37392873300244E-01,  2.75770000000008E+02,  2.34827703350737E+04,  1.19421851619301E+05
 2.00775000000000E+03,  6.03653643585617E-01,  1.30500000000000E+00, -1.37273310444869E-01,  2.75950000000008E+02,  2.50951457020570E+04,  1.14954850499961E+05
 2.00783333300000E+03,  4.44937794410588E-01,  1.38250000000000E+00, -1.37153673048573E-01,  2.76130000000008E+02,  2.71065950273212E+04,  1.08547285418358E+05
 2.00791666700000E+03,  3.49910552061867E-01,  9.00000000000000E-01, -1.37033961164969E-01,  2.76310000000008E+02,  2.92584859204478E+04,  1.01930201242450E+05
 2.00800000000000E+03,  3.17227927286584E-01,  5.77500000000000E-01, -1.36914174847759E-01,  2.76490000000008E+02,  3.12404317659517E+04,  9.66841064328336E+04
 2.00808333300000E+03,  3.11435415070422E-01,  9.42500000000000E-01, -1.36794314150732E-01,  2.76670000000008E+02,  3.27527726200518E+04,  9.39328687040819E+04
 2.00816666700000E+03,  3.13005093829935E-01,  1.05250000000000E+00, -1.39734178328335E-01,  2.76850000000008E+02,  3.35685815296875E+04,  9.41447227414398E+04
 2.00825000000000E+03,  3.56092172681742E-01,  8.72500000000000E-01, -1.39616095497056E-01,  2.77030000000008E+02,  3.35823255737633E+04,  9.70773458803276E+04
 2.00833333300000E+03,  4.48595353125399E-01,  1.43750000000000E+00, -1.39497937085874E-01,  2.77210000000008E+02,  3.28348434257652E+04,  1.01872607786725E+05
 2.00841666700000E+03,  5.60767770229993E-01,  2.05500000000000E+00, -1.39379703146685E-01,  2.77390000000008E+02,  3.15089966242863E+04,  1.07275051139177E+05
 2.00850000000000E+03,  6.49065498007982E-01,  1.93750000000000E+00, -1.39261393731473E-01,  2.77570000000008E+02,  2.98962699685858E+04,  1.11923115928152E+05
 2.00858333300000E+03,  6.76652714555906E-01,  1.71500000000000E+00, -1.39143008892309E-01,  2.77750000000008E+02,  2.83405392689931E+04,  1.14648696981795E+05
 2.00866666700000E+03,  6.09243581764247E-01,  1.51250000000000E+00, -1.39024548681353E-01,  2.77930000000008E+02,  2.71699795088159E+04,  1.14721300136219E+05
 2.00875000000000E+03,  4.48875482903625E-01,  8.37500000000000E-01, -1.38906013150851E-01,  2.78110000000008E+02,  2.66306739568113E+04,  1.11987224572552E+05
 2.00883333300000E+03,  2.86349142613738E-01,  1.35000000000000E-01, -1.38787402353136E-01,  2.78290000000008E+02,  2.68353591891623E+04,  1.06878375064685E+05
 2.00891666700000E+03,  1.87507067148221E-01, -2.25000000000000E-01, -1.38668716340630E-01,  2.78470000000008E+02,  2.77379026905145E+04,  1.00294005921575E+05
 2.00900000000000E+03,  1.51005579228288E-01, -8.30000000000000E-01, -1.38549955165840E-01,  2.78650000000008E+02,  2.91391067763183E+04,  9.33856522891237E+04
 2.00908333300000E+03,  3.44805260212690E-01, -1.53750000000000E+00, -1.38431118881363E-01,  2.78830000000008E+02,  3.07232515738786E+04,  8.72950437990629E+04
 2.00916666700000E+03,  7.52937228651155E-01, -1.70750000000000E+00, -1.80268320713384E-01,  2.79010000000008E+02,  3.21186581237115E+04,  8.29030368518111E+04
 2.00925000000000E+03,  1.00628687142560E+00, -1.38000000000000E+00, -1.80183491266036E-01,  2.79190000000008E+02,  3.29706927717928E+04,  8.06432112385119E+04
 2.00933333300000E+03,  1.10919555149391E+00, -5.05000000000000E-01, -1.80098572620308E-01,  2.79370000000008E+02,  3.30130191876264E+04,  8.04181561856774E+04
 2.00941666700000E+03,  1.23177256664278E+00,  8.50000000000000E-01, -1.80013564793377E-01,  2.79550000000008E+02,  3.21230649812955E+04,  8.16333505583826E+04
 2.00950000000000E+03,  1.33047312729695E+00,  1.65250000000000E+00, -1.79928467802496E-01,  2.79730000000008E+02,  3.03505888735271E+04,  8.33380927083888E+04
 2.00958333300000E+03,  1.36846054559454E+00,  1.30250000000000E+00, -1.79843281665001E-01,  2.79910000000008E+02,  2.79133514797770E+04,  8.44406116340949E+04
 2.00966666700000E+03,  1.31144811490767E+00,  9.05000000000000E-01, -1.79758006398303E-01,  2.80090000000008E+02,  2.51602165029987E+04,  8.39498646967722E+04
 2.00975000000000E+03,  1.16147234724008E+00,  9.65000000000000E-01, -1.79672642019897E-01,  2.80270000000008E+02,  2.25083126909269E+04,  8.11923626586502E+04
 2.00983333300000E+03,  1.00933309384124E+00,  7.90000000000000E-01, -1.79587188547354E-01,  2.80450000000008E+02,  2.03659488326148E+04,  7.59591186338478E+04
 2.00991666700000E+03,  9.20871985264242E-01,  5.10000000000000E-01, -1.79501645998328E-01,  2.80630000000008E+02,  1.90558157018242E+04,  6.85536577145925E+04
 2.01000000000000E+03,  8.94744466032876E-01,  6.72500000000000E-01, -1.79416014390549E-01,  2.80810000000008E+02,  1.87530823362273E+04,  5.97333112149931E+04
 2.01008333300000E+03,  9.07290929947038E-01,  1.53000000000000E+00, -1.79330293741831E-01,  2.80990000000008E+02,  1.94502847738158E+04,  5.05581583627383E+04
 2.01016666700000E+03,  9.40354873162305E-01,  2.77000000000000E+00, -1.89948351612395E-01,  2.81170000000008E+02,  2.09559304608764E+04,  4.21804120493715E+04
 2.01025000000000E+03,  1.00587829613310E+00,  3.82000000000000E+00, -1.89874515243347E-01,  2.81350000000008E+02,  2.29274461949160E+04,  3.56181874102361E+04
 2.01033333300000E+03,  1.11039986080973E+00,  4.30500000000000E+00, -1.89800588146964E-01,  2.81530000000008E+02,  2.49326709661240E+04,  3.15595036723381E+04
 2.01041666700000E+03,  1.23460162824216E+00,  4.33750000000000E+00, -1.89726570331444E-01,  2.81710000000008E+02,  2.65287431455941E+04,  3.02350590852241E+04
 2.01050000000000E+03,  1.33493871322471E+00,  4.51000000000000E+00, -1.89652461805053E-01,  2.81890000000008E+02,  2.73439491747653E+04,  3.13836271218001E+04
 2.01058333300000E+03,  1.37457433198928E+00,  4.70250000000000E+00, -1.89578262576126E-01,  2.82070000000008E+02,  2.71474889780170E+04,  3.43150495244965E+04
 2.01066666700000E+03,  1.31922168146840E+00,  4.19500000000000E+00, -1.89503972653064E-01,  2.82250000000008E+02,  2.58942717422452E+04,  3.80565954644265E+04
 2.01075000000000E+03,  1.17091717643520E+00,  3.15500000000000E+00, -1.89429592044334E-01,  2.82430000000008E+02,  2.37363725657957E+04,  4.15526234027851E+04
 2.01083333300000E+03,  1.02046057067320E+00,  2.33000000000000E+00, -1.89355120758474E-01,  2.82610000000008E+02,  2.09988157888215E+04,  4.38778898292741E+04
 2.01091666700000E+03,  9.33693396777045E-01,  1.81000000000000E+00, -1.89280558804086E-01,  2.82790000000008E+02,  1.81237973807341E+04,  4.44230379648234E+04
 2.01100000000000E+03,  9.09271000562373E-01,  1.33000000000000E+00, -1.89205906189842E-01,  2.82970000000008E+02,  1.55931483348914E+04,  4.30167894797824E+04
 2.01108333300000E+03,  1.05193951514910E+00,  8.60000000000000E-01, -1.89131162924481E-01,  2.83150000000008E+02,  1.38427567977720E+04,  3.99617536070617E+04
 2.01116666700000E+03,  1.34319767523785E+00,  6.00000000000000E-01, -1.68188635414321E-01,  2.83330000000008E+02,  1.31841232669733E+04,  3.59770913462922E+04
 2.01125000000000E+03,  1.53781709476850E+00,  8.00000000000000E-01, -1.68092105007840E-01,  2.83510000000008E+02,  1.37469827279104E+04,  3.20584956024981E+04
 2.01133333300000E+03,  1.64265306507900E+00,  1.25750000000000E+00, -1.67995488416821E-01,  2.83690000000008E+02,  1.54532329443081E+04,  2.92810326995221E+04
 2.01141666700000E+03,  1.76712398963354E+00,  1.32500000000000E+00, -1.67898785669595E-01,  2.83870000000008E+02,  1.80269303099658E+04,  2.85807974508917E+04
 2.01150000000000E+03,  1.86768473791190E+00,  1.09500000000000E+00, -1.67801996794578E-01,  2.84050000000008E+02,  2.10388265172070E+04,  3.05554004265242E+04
 2.01158333300000E+03,  1.90749828345663E+00,  1.14750000000000E+00, -1.67705121820274E-01,  2.84230000000008E+02,  2.39779198994432E+04,  3.53204546675488E+04
 2.01166666700000E+03,  1.85227758290435E+00,  1.07000000000000E+00, -1.67608160775273E-01,  2.84410000000008E+02,  2.63378176521723E+04,  4.24499972871147E+04
 2.01175000000000E+03,  1.70405881289408E+00,  3.22500000000000E-01, -1.67511113688255E-01,  2.84590000000008E+02,  2.77031404923167E+04,  5.10146927532466E+04
 2.01183333300000E+03,  1.55364149181767E+00, -4.82500000000000E-01, -1.67413980587985E-01,  2.84770000000008E+02,  2.78211696938575E+04,  5.97149769464820E+04
 2.01191666700000E+03,  1.46686691938850E+00, -7.37500000000000E-01, -1.67316761503317E-01,  2.84950000000008E+02,  2.66464233533784E+04,  6.70896729034547E+04
 2.01200000000000E+03,  1.44239021081972E+00, -6.05000000000000E-01, -1.67219456463191E-01,  2.85130000000008E+02,  2.43504163826642E+04,  7.17667263565911E+04
 2.01208333300000E+03,  1.50279179197674E+00, -2.57500000000000E-01, -1.67122065496638E-01,  2.85310000000008E+02,  2.12947270048923E+04,  7.27139089045994E+04
 2.01216666700000E+03,  1.62980475059413E+00,  1.60000000000000E-01, -1.69407334912629E-01,  2.85490000000008E+02,  1.79716742093996E+04,  6.94452643816487E+04
 2.01225000000000E+03,  1.74277466252392E+00,  6.95000000000000E-01, -1.69311901724732E-01,  2.85670000000008E+02,  1.49223767588343E+04,  6.21444094683940E+04
 2.01233333300000E+03,  1.84833934015024E+00,  1.59000000000000E+00, -1.69216382000015E-01,  2.85850000000008E+02,  1.26458125022817E+04,  5.16780888849728E+04
 2.01241666700000E+03,  1.97352563118340E+00,  2.66750000000000E+00, -1.69120775765701E-01,  2.86030000000008E+02,  1.15140951788929E+04,  3.94910156168902E+04
 2.01250000000000E+03,  2.07478828423650E+00,  3.52250000000000E+00, -1.69025083049102E-01,  2.86210000000008E+02,  1.17082718099809E+04,  2.73933706629448E+04
 2.01258333300000E+03,  2.11529015259916E+00,  4.03250000000000E+00, -1.68929303877615E-01,  2.86390000000008E+02,  1.31856617027629E+04,  1.72720795432660E+04
 2.01266666700000E+03,  2.06074407301119E+00,  3.96250000000000E+00, -1.68833438278725E-01,  2.86570000000008E+02,  1.56846338981900E+04,  1.07726072191300E+04
 2.01275000000000E+03,  1.91318610231361E+00,  3.00250000000000E+00, -1.68737486280002E-01,  2.86750000000008E+02,  1.87665758357844E+04,  9.00639252991528E+03
 2.01283333300000E+03,  1.76341563975474E+00,  1.82250000000000E+00, -1.68641447909106E-01,  2.86930000000008E+02,  2.18886306308837E+04,  1.23380494677563E+04
 2.01291666700000E+03,  1.67727386630192E+00,  1.25750000000000E+00, -1.68545323193782E-01,  2.87110000000008E+02,  2.44955734891207E+04,  2.02954751888732E+04
 2.01300000000000E+03,  1.65341577856255E+00,  1.10000000000000E+00, -1.68449112161862E-01,  2.87290000000008E+02,  2.61158139176329E+04,  3.16262045688213E+04
 2.01308333300000E+03,  1.53627578710790E+00,  1.11000000000000E+00, -1.68352814841265E-01,  2.87470000000008E+02,  2.64455238609075E+04,  4.44977033976544E+04
 2.01316666700000E+03,  1.30736610956116E+00,  1.23750000000000E+00, -1.86376090565774E-01,  2.87650000000008E+02,  2.54065038495249E+04,  5.68121730661679E+04
 2.01325000000000E+03,  1.24211817455817E+00,  1.14750000000000E+00, -1.86297995333561E-01,  2.87830000000008E+02,  2.31674006663387E+04,  6.65829317667686E+04
 2.01333333300000E+03,  1.34742037932131E+00,  7.80000000000000E-01, -1.86219809834359E-01,  2.88010000000008E+02,  2.01236868742683E+04,  7.23043962307804E+04
 2.01341666700000E+03,  1.47238951658233E+00,  7.77500000000000E-01, -1.86141534079647E-01,  2.88190000000008E+02,  1.68385106038973E+04,  7.32447434547349E+04
 2.01350000000000E+03,  1.57348058778295E+00,  1.37000000000000E+00, -1.86063168080977E-01,  2.88370000000008E+02,  1.39530620362053E+04,  6.96010291279721E+04
 2.01358333300000E+03,  1.61385669701902E+00,  1.90250000000000E+00, -1.85984711849972E-01,  2.88550000000008E+02,  1.20804155825302E+04,  6.24798209904243E+04
 2.01366666700000E+03,  1.55923092950387E+00,  2.44750000000000E+00, -1.85906165398330E-01,  2.88730000000008E+02,  1.16999928792645E+04,  5.36985813476874E+04
 2.01375000000000E+03,  1.41163958790833E+00,  2.51250000000000E+00, -1.85827528737821E-01,  2.88910000000008E+02,  1.30702638127055E+04,  4.54383014551143E+04
 2.01383333300000E+03,  1.26188231516872E+00,  1.41750000000000E+00, -1.85748801880286E-01,  2.89090000000008E+02,  1.61748920183369E+04,  3.98093518129339E+04
 2.01391666700000E+03,  1.17580053348764E+00,  1.65000000000000E-01, -1.85669984837641E-01,  2.89270000000008E+02,  2.07125307216066E+04,  3.84135091551184E+04
 2.01400000000000E+03,  1.15204947794411E+00, -5.07500000000000E-01, -1.85591077621875E-01,  2.89450000000008E+02,  2.61336106300955E+04,  4.19906450260422E+04
 2.01408333300000E+03,  1.13761657897618E+00, -7.52500000000000E-01, -1.85512080245047E-01,  2.89630000000008E+02,  3.17197934197055E+04,  5.02264307739037E+04
 2.01416666700000E+03,  1.11407684321863E+00, -9.27500000000000E-01, -1.83586038591020E-01,  2.89810000000008E+02,  3.66945264677682E+04,  6.17689475293846E+04
 2.01425000000000E+03,  1.15180997199676E+00, -8.57500000000000E-01, -1.83504787906383E-01,  2.89990000000008E+02,  4.03475409675783E+04,  7.44620866813434E+04
 2.01433333300000E+03,  1.25762409401625E+00, -2.70000000000000E-01, -1.83423447400790E-01,  2.90170000000008E+02,  4.21531790058944E+04,  8.57596071182704E+04
 2.01441666700000E+03,  1.38311736250755E+00,  6.77500000000000E-01, -1.83342017088315E-01,  2.90350000000008E+02,  4.18627118835433E+04,  9.32445272725547E+04
 2.01450000000000E+03,  1.48474480635891E+00,  1.91500000000000E+00, -1.83260496983109E-01,  2.90530000000008E+02,  3.95544042033714E+04,  9.51525722937532E+04
 2.01458333300000E+03,  1.52566955646243E+00,  2.81750000000000E+00, -1.83178887099399E-01,  2.90710000000009E+02,  3.56315168021742E+04,  9.07918236305726E+04
 2.01466666700000E+03,  1.47160472389694E+00,  2.93500000000000E+00, -1.83097187451487E-01,  2.90890000000009E+02,  3.07667592247782E+04,  8.07660036460871E+04
 2.01475000000000E+03,  1.32458663598801E+00,  2.21500000000000E+00, -1.83015398053751E-01,  2.91070000000009E+02,  2.58005745482614E+04,  6.69440249583447E+04
 2.01483333300000E+03,  1.17541495964817E+00,  1.01500000000000E+00, -1.82933518920647E-01,  2.91250000000009E+02,  2.16085926483031E+04,  5.21673329934742E+04
 2.01491666700000E+03,  1.08993114009729E+00,  2.47500000000000E-01, -1.82851550066705E-01,  2.91430000000009E+02,  1.89592448239103E+04,  3.97397704458899E+04
 2.01500000000000E+03,  1.06679043419254E+00, -9.00000000000000E-02, -1.82769491506533E-01,  2.91610000000009E+02,  1.83848509852107E+04,  3.27914130790940E+04
 2.01508333300000E+03,  1.17142900667302E+00, -5.45000000000000E-01, -1.82687343254816E-01,  2.91790000000009E+02,  2.00879572389004E+04,  3.36381035143918E+04
 2.01516666700000E+03,  1.38545343393225E+00, -1.01500000000000E+00, -1.73068537738915E-01,  2.91970000000009E+02,  2.38994432239101E+04,  4.32652295426977E+04
 2.01525000000000E+03,  1.54236718343521E+00, -7.52500000000000E-01, -1.72976506547299E-01,  2.92150000000009E+02,  2.92967055912567E+04,  6.10452015489643E+04
 2.01533333300000E+03,  1.64892604364503E+00, -7.00000000000000E-02, -1.72884387822462E-01,  2.92330000000009E+02,  3.54803634043768E+04,  8.47559003067322E+04
 2.01541666700000E+03,  1.77513480246037E+00,  3.97500000000000E-01, -1.72792181588273E-01,  2.92510000000009E+02,  4.14980594109791E+04,  1.10909816705202E+05
 2.01550000000000E+03,  1.87744827922610E+00,  9.90000000000000E-01, -1.72699887868688E-01,  2.92690000000009E+02,  4.63957410526060E+04,  1.35341895603454E+05
 2.01558333300000E+03,  1.91902939670225E+00,  1.78750000000000E+00, -1.72607506687749E-01,  2.92870000000009E+02,  4.93717520677250E+04,  1.53950701787518E+05
 2.01566666700000E+03,  1.86559105900365E+00,  2.57500000000000E+00, -1.72515038069581E-01,  2.93050000000009E+02,  4.99081038450540E+04,  1.63453628152979E+05
 2.01575000000000E+03,  1.71916938741675E+00,  2.65500000000000E+00, -1.72422482038395E-01,  2.93230000000009E+02,  4.78566940449072E+04,  1.62009976023705E+05
 2.01583333300000E+03,  1.57056384431028E+00,  2.13250000000000E+00, -1.72329838618486E-01,  2.93410000000009E+02,  4.34655126909708E+04,  1.49588017507129E+05
 2.01591666700000E+03,  1.48561567161310E+00,  2.00500000000000E+00, -1.72237107834235E-01,  2.93590000000009E+02,  3.73398459993824E+04,  1.27999811532822E+05
 2.01600000000000E+03,  1.46297992390150E+00,  1.93000000000000E+00, -1.72144289710109E-01,  2.93770000000009E+02,  3.03444765278068E+04,  1.00591482801347E+05
 2.01608333300000E+03,  1.44593187667415E+00,  1.63750000000000E+00, -1.72051384270658E-01,  2.93950000000009E+02,  2.34629884667211E+04,  7.16442309898020E+04
 2.01616666700000E+03,  1.41603647524468E+00,  1.58250000000000E+00, -1.80061787529451E-01,  2.94130000000009E+02,  1.76377379798849E+04,  4.55988670944413E+04
 2.01625000000000E+03,  1.45108758107279E+00,  2.02500000000000E+00, -1.79976741105364E-01,  2.94310000000009E+02,  1.36174955247162E+04,  2.62523504328509E+04
 2.01633333300000E+03,  1.55790357104237E+00,  2.99500000000000E+00, -1.79891605524821E-01,  2.94490000000009E+02,  1.18385517949660E+04,  1.60811133776521E+04
 2.01641666700000E+03,  1.68438060592746E+00,  3.79500000000000E+00, -1.79806380805190E-01,  2.94670000000009E+02,  1.23593619145841E+04,  1.58213410037383E+04
 2.01650000000000E+03,  1.78697354692602E+00,  4.13500000000000E+00, -1.79721066963920E-01,  2.94850000000009E+02,  1.48595496082229E+04,  2.43855918072021E+04
 2.01658333300000E+03,  1.82884535820074E+00,  4.32000000000000E+00, -1.79635664018537E-01,  2.95030000000009E+02,  1.87029147532730E+04,  3.91283944344485E+04
 2.01666666700000E+03,  1.77570898453862E+00,  4.19250000000000E+00, -1.79550171986649E-01,  2.95210000000009E+02,  2.30529575173014E+04,  5.64042710285989E+04
 2.01675000000000E+03,  1.62960058688768E+00,  3.83250000000000E+00, -1.79464590885943E-01,  2.95390000000009E+02,  2.70203335704835E+04,  7.23041089914012E+04
 2.01683333300000E+03,  1.48131966679992E+00,  3.55250000000000E+00, -1.79378920734186E-01,  2.95570000000009E+02,  2.98162198764786E+04,  8.34216388958520E+04
 2.01691666700000E+03,  1.39670750462878E+00,  3.02500000000000E+00, -1.79293161549223E-01,  2.95750000000009E+02,  3.08847786379374E+04,  8.74978601642381E+04
 2.01700000000000E+03,  1.37441919233616E+00,  2.34000000000000E+00, -1.79207313348982E-01,  2.95930000000009E+02,  2.99918991753055E+04,  8.38182050420100E+04
 2.01708333300000E+03,  1.35947657153099E+00,  1.92500000000000E+00, -1.79121376151468E-01,  2.96110000000009E+02,  2.72554442761232E+04,  7.32892730374580E+04
 2.01716666700000E+03,  1.33334185848336E+00,  1.92000000000000E+00, -1.80658476065389E-01,  2.96290000000009E+02,  2.31128575907416E+04,  5.81881639870837E+04
 2.01725000000000E+03,  1.37021243126226E+00,  2.42750000000000E+00, -1.80574058302213E-01,  2.96470000000009E+02,  1.82332572507123E+04,  4.16439953356912E+04
 2.01733333300000E+03,  1.47700808122457E+00,  2.85750000000000E+00, -1.80489551262455E-01,  2.96650000000009E+02,  1.33909886687458E+04,  2.69643681504642E+04
 2.01741666700000E+03,  1.60347361591575E+00,  2.89000000000000E+00, -1.80404954962924E-01,  2.96830000000009E+02,  9.32424497103123E+03,  1.69485431023252E+04
 2.01750000000000E+03,  1.70606394744100E+00,  2.86500000000000E+00, -1.80320269420511E-01,  2.97010000000009E+02,  6.60459732102712E+03,  1.33282791649468E+04
 2.01758333300000E+03,  1.74794209070467E+00,  2.99000000000000E+00, -1.80235494652183E-01,  2.97190000000009E+02,  5.54074417586155E+03,  1.64473617681490E+04
 2.01766666700000E+03,  1.69482104079072E+00,  3.41750000000000E+00, -1.80150630674989E-01,  2.97370000000009E+02,  6.13301374501822E+03,  2.52385826674632E+04
 2.01775000000000E+03,  1.54873700822030E+00,  3.73000000000000E+00, -1.80065677506054E-01,  2.97550000000009E+02,  8.08545185768480E+03,  3.74936898031356E+04
 2.01783333300000E+03,  1.40048954392885E+00,  3.56250000000000E+00, -1.79980635162585E-01,  2.97730000000009E+02,  1.08715491497855E+04,  5.03610717540587E+04
 2.01791666700000E+03,  1.31591997718457E+00,  2.94250000000000E+00, -1.79895503661867E-01,  2.97910000000009E+02,  1.38398407973886E+04,  6.09603710219045E+04
 2.01800000000000E+03,  1.29368344811578E+00,  1.74000000000000E+00, -1.79810283021265E-01,  2.98090000000009E+02,  1.63385775312103E+04,  6.69820673551989E+04
 2.01808333300000E+03,  1.38027373717799E+00,  8.82500000000000E-01, -1.79724973258224E-01,  2.98270000000009E+02,  1.78356945382877E+04,  6.71472092247348E+04
 2.01816666700000E+03,  1.55559176199740E+00,  7.85000000000000E-01, -1.55817029001044E-01,  2.98450000000009E+02,  1.80118798231235E+04,  6.14356854991302E+04
 2.01825000000000E+03,  1.68931253351275E+00,  4.57500000000000E-01, -1.55710243908823E-01,  2.98630000000009E+02,  1.68102742990040E+04,  5.10430154718964E+04
 2.01833333300000E+03,  1.78988271358715E+00, -6.25000000000000E-02, -1.55603376729549E-01,  2.98810000000009E+02,  1.44350406291574E+04,  3.80841592975849E+04
 2.01841666700000E+03,  1.91006325799291E+00, -2.05000000000000E-01, -1.55496427502371E-01,  2.98990000000009E+02,  1.13009833972352E+04,  2.51156800108058E+04
 2.01850000000000E+03,  2.00630933042795E+00,  1.47500000000000E-01, -1.55389396266530E-01,  2.99170000000009E+02,  7.94564890944490E+03,  1.45836304950211E+04
 2.01858333300000E+03,  2.04178420438130E+00,  8.17500000000000E-01, -1.55282283061354E-01,  2.99350000000009E+02,  4.92211194685661E+03,  8.31659097236899E+03
 2.01866666700000E+03,  1.98220114025712E+00,  1.25750000000000E+00, -1.55175087926264E-01,  2.99530000000009E+02,  2.69371871790036E+03,  7.16948694024910E+03
 2.01875000000000E+03,  1.82959662037513E+00,  6.27500000000000E-01, -1.55067810900767E-01,  2.99710000000009E+02,  1.55090289020390E+03,  1.08879263854146E+04
 2.01883333300000E+03,  1.67477047450287E+00, -5.87500000000000E-01, -1.54960452024464E-01,  2.99890000000009E+02,  1.56516538343975E+03,  1.82132125645109E+04
 2.01891666700000E+03,  1.58356431751581E+00, -8.30000000000000E-01, -1.54853011337043E-01,  3.00070000000009E+02,  2.58750377234012E+03,  2.71960238262904E+04
 2.01900000000000E+03,  1.55463358166612E+00, -2.15000000000000E-01, -1.54745488878284E-01,  3.00250000000009E+02,  4.28961147046864E+03,  3.56433327907299E+04
 2.01908333300000E+03,  1.56907162665436E+00,  4.75000000000000E-01, -1.54637884688053E-01,  3.00430000000009E+02,  6.23784775899648E+03,  4.15975409252921E+04
 2.01916666700000E+03,  1.60754307180130E+00,  9.22500000000000E-01, -1.52065122145689E-01,  3.00610000000009E+02,  7.98393871679922E+03,  4.37439463499105E+04
 2.01925000000000E+03,  1.67129801567869E+00,  9.47500000000000E-01, -1.51955513037076E-01,  3.00790000000009E+02,  9.15373806678711E+03,  4.16623484047917E+04
 2.01933333300000E+03,  1.76803990705163E+00,  9.90000000000000E-01, -1.51845823251952E-01,  3.00970000000009E+02,  9.51657119731733E+03,  3.58757192155703E+04
 2.01941666700000E+03,  1.88437580288051E+00,  1.77500000000000E+00, -1.51736052832582E-01,  3.01150000000009E+02,  9.02233655007145E+03,  2.76947025952836E+04
 2.01950000000000E+03,  1.97676113165549E+00,  2.84750000000000E+00, -1.51626201821324E-01,  3.01330000000009E+02,  7.80058740140484E+03,  1.89008991223163E+04
 2.01958333300000E+03,  2.00835943466912E+00,  2.99250000000000E+00, -1.51516270260622E-01,  3.01510000000009E+02,  6.12374797185901E+03,  1.13448592520770E+04
 2.01966666700000E+03,  1.94488424285600E+00,  2.27500000000000E+00, -1.51406258193012E-01,  3.01690000000009E+02,  4.34378027377197E+03,  6.54965634059669E+03
 2.01975000000000E+03,  1.78837231150870E+00,  1.48750000000000E+00, -1.51296165661120E-01,  3.01870000000009E+02,  2.81657051017976E+03,  5.40530021386288E+03
 2.01983333300000E+03,  1.62962374633709E+00,  1.16500000000000E+00, -1.51185992707662E-01,  3.02050000000009E+02,  1.83010647144118E+03,  8.01517856043070E+03
 2.01991666700000E+03,  1.53448044084274E+00,  1.14500000000000E+00, -1.51075739375441E-01,  3.02230000000009E+02,  1.55091488303347E+03,  1.37192935792537E+04
 2.02000000000000E+03,  1.50159810830176E+00,  1.59000000000000E+00, -1.50965405707353E-01,  3.02410000000009E+02,  1.99868445220448E+03,  2.12789193503057E+04
 2.02008333300000E+03,  1.55169251877253E+00,  2.75000000000000E+00, -1.50854991746382E-01,  3.02590000000009E+02,  3.05258410802767E+03,  2.91725543124676E+04
 2.02016666700000E+03,  1.66821077074383E+00,  3.46250000000000E+00, -1.71854613835748E-01,  3.02770000000009E+02,  4.48592619222665E+03,  3.59312216126633E+04
 2.02025000000000E+03,  1.77595220151836E+00,  3.24000000000000E+00, -1.71761436578662E-01,  3.02950000000009E+02,  6.01999957216211E+03,  4.04366021008759E+04
 2.02033333300000E+03,  1.87986018447108E+00,  2.74250000000000E+00, -1.71668172108175E-01,  3.03130000000009E+02,  7.38431812931215E+03,  4.21184205356179E+04
 2.02041666700000E+03,  2.00339242876068E+00,  2.74250000000000E+00, -1.71574820449274E-01,  3.03310000000009E+02,  8.36988478831261E+03,  4.10142127161610E+04
 2.02050000000000E+03,  2.10300387280876E+00,  3.42500000000000E+00, -1.71481381627033E-01,  3.03490000000009E+02,  8.86439160195942E+03,  3.76883575551911E+04
 2.02058333300000E+03,  2.14185756265562E+00,  3.75500000000000E+00, -1.71387855666609E-01,  3.03670000000009E+02,  8.86294466479122E+03,  3.30399925561029E+04
 2.02066666700000E+03,  2.08566652854921E+00,  3.30250000000000E+00, -1.71294242593249E-01,  3.03850000000009E+02,  8.45380110035132E+03,  2.80536198337571E+04
 2.02075000000000E+03,  1.93646701941113E+00,  2.50000000000000E+00, -1.71200542432283E-01,  3.04030000000009E+02,  7.78437216470005E+03,  2.35565860124458E+04
 2.02083333300000E+03,  1.78505862945988E+00,  1.72500000000000E+00, -1.71106755209126E-01,  3.04210000000009E+02,  7.01708094671792E+03,  2.00423122298153E+04
 2.02091666700000E+03,  1.69728273533707E+00,  1.44500000000000E+00, -1.71012880949279E-01,  3.04390000000009E+02,  6.28661356949122E+03,  1.75990078301229E+04
 2.02100000000000E+03,  1.67179452784278E+00,  1.42000000000000E+00, -1.70918919678332E-01,  3.04570000000009E+02,  5.66927394671714E+03,  1.59556453445307E+04
 2.02108333300000E+03,  1.72412471263974E+00,  1.32500000000000E+00, -1.70824871421957E-01,  3.04750000000009E+02,  5.17178716584428E+03,  1.46271400216587E+04
 2.02116666700000E+03,  1.83538972940762E+00,  1.08000000000000E+00, -1.58863229058737E-01,  3.04930000000009E+02,  4.74181641959206E+03,  1.31161432243219E+04
 2.02125000000000E+03,  1.93841545415913E+00,  7.67500000000000E-01, -1.58758829407759E-01,  3.05110000000009E+02,  4.29687280223632E+03,  1.11153670958559E+04
 2.02133333300000E+03,  2.04045125027098E+00,  8.75000000000000E-01, -1.58654346578579E-01,  3.05290000000009E+02,  3.76352937765632E+03,  8.65490804205775E+03
 2.02141666700000E+03,  2.16208844483723E+00,  1.43000000000000E+00, -1.58549780607755E-01,  3.05470000000009E+02,  3.11603688557006E+03,  6.15325049297488E+03
 2.02150000000000E+03,  2.25978202479602E+00,  2.04000000000000E+00, -1.58445131531939E-01,  3.05650000000009E+02,  2.40326856985781E+03,  4.35491518806276E+03
 2.02158333300000E+03,  2.29669508750041E+00,  2.78750000000000E+00, -1.58340399387868E-01,  3.05830000000009E+02,  1.75548042442646E+03,  4.16615974495903E+03
 2.02166666700000E+03,  2.23854071704846E+00,  3.84750000000000E+00, -1.58235584212370E-01,  3.06010000000009E+02,  1.36711443947061E+03,  6.42594145106606E+03
 2.02175000000000E+03,  2.08735521848995E+00,  4.53250000000000E+00, -1.58130686042366E-01,  3.06190000000009E+02,  1.45773534687979E+03,  1.16664130354996E+04
 2.02183333300000E+03,  1.93393824500346E+00,  4.08250000000000E+00, -1.58025704914861E-01,  3.06370000000009E+02,  2.21883291842310E+03,  1.99215449634946E+04
 2.02191666700000E+03,  1.84413123476308E+00,  2.85250000000000E+00, -1.57920640866954E-01,  3.06550000000009E+02,  3.75831530449470E+03,  3.06330481627071E+04
 2.02200000000000E+03,  1.81658944241411E+00,  1.88250000000000E+00, -1.57815493935833E-01,  3.06730000000009E+02,  6.05605267148782E+03,  4.26817812594390E+04
 2.02208333300000E+03,  1.62446316595391E+00,  1.16500000000000E+00, -1.57710264158773E-01,  3.06910000000009E+02,  8.94234188450041E+03,  5.45450688718521E+04
 2.02216666700000E+03,  1.24893622692664E+00,  6.87500000000000E-01, -9.26839172580714E-02,  3.07090000000009E+02,  1.21068547628408E+04,  6.45521299629365E+04
 2.02225000000000E+03,  1.10765953156080E+00,  1.10000000000000E+00, -9.28280296881301E-02,  3.07270000000009E+02,  1.51393440871744E+04,  7.11874594370327E+04
 2.02233333300000E+03,  1.20780879160005E+00,  1.79000000000000E+00, -9.29720082935162E-02,  3.07450000000009E+02,  1.75964211666880E+04,  7.33804782794503E+04
 2.02241666700000E+03,  1.32752489839040E+00,  1.86000000000000E+00, -9.31158531467847E-02,  3.07630000000009E+02,  1.90825889000003E+04,  7.07215536884954E+04
 2.02250000000000E+03,  1.42326369050043E+00,  2.11000000000000E+00, -9.32595643206058E-02,  3.07810000000009E+02,  2.08507055595896E+04,  6.74998444889238E+04
 2.02258333300000E+03,  1.47155191279529E+00,  3.62000000000000E+00, -9.34031418877636E-02,  3.07990000000009E+02,  1.96325616015245E+04,  5.50370633559963E+04
