 1.88000000000000E+03,  1.77415420006350E+00,  8.70000000000000E-01,  4.08297625178091E-01,  1.00000000000000E-02,  9.94419444189916E+04,  8.22729483233217E+04
 1.88008333300000E+03,  1.77421058081691E+00,  5.42500000000000E-01,  4.07857958707238E-01,  1.90000000000000E-01,  4.37522077307270E+05,  5.74685890948534E+05
 1.88016666700000E+03,  1.78895682755063E+00,  4.70000000000000E-01,  4.07415642120589E-01,  3.70000000000000E-01,  1.04056386539189E+06,  1.47760183814554E+06
 1.88025000000000E+03,  1.88309377218331E+00, -2.07500000000000E-01,  4.06970798971448E-01,  5.50000000000000E-01,  1.28211151674990E+06,  1.85414328812610E+06
 1.88033333300000E+03,  1.99492547840138E+00, -7.15000000000000E-01,  4.06523552581082E-01,  7.30000000000000E-01,  1.32163583814510E+06,  1.93867610655987E+06
 1.88041666700000E+03,  2.08712444840349E+00, -5.00000000000000E-03,  4.06074026017540E-01,  9.10000000000000E-01,  1.13386546969233E+06,  1.68398630156107E+06
 1.88050000000000E+03,  2.16687142588214E+00,  9.25000000000000E-01,  4.05622342074682E-01,  1.09000000000000E+00,  8.33664259314441E+05,  1.24822074541138E+06
 1.88058333300000E+03,  1.85813639875428E+00,  1.55000000000000E+00,  4.05168623251410E-01,  1.27000000000000E+00,  5.84380428331610E+05,  8.68200199921756E+05
 1.88066666700000E+03,  1.13119069944016E+00,  2.21000000000000E+00,  3.81878114255763E-01,  1.45000000000000E+00,  4.83144024013139E+05,  6.94662395893847E+05
 1.88075000000000E+03,  6.73507590636141E-01,  2.26250000000000E+00,  3.81475286676339E-01,  1.63000000000000E+00,  5.08056867476930E+05,  7.09818718268174E+05
 1.88083333300000E+03,  5.33403386939773E-01,  1.20750000000000E+00,  3.81076066934782E-01,  1.81000000000000E+00,  5.59210155606210E+05,  7.76724569648689E+05
 1.88091666700000E+03,  5.77226446791583E-01,  4.75000000000000E-01,  3.80680536717977E-01,  1.99000000000000E+00,  5.51804301584698E+05,  7.67507361562262E+05
 1.88100000000000E+03,  8.27291584705828E-01,  1.05000000000000E+00,  3.80288776630778E-01,  2.17000000000000E+00,  4.83339589956758E+05,  6.63442445925668E+05
 1.88108333300000E+03,  9.24458557107395E-01,  1.62250000000000E+00,  3.79900866188324E-01,  2.35000000000000E+00,  4.24106665537628E+05,  5.52574742298128E+05
 1.88116666700000E+03,  8.97689017855756E-01,  1.92000000000000E+00,  3.79516883808560E-01,  2.53000000000000E+00,  4.45990509864861E+05,  5.38762109037074E+05
 1.88125000000000E+03,  9.80812694318656E-01,  1.97500000000000E+00,  3.79136906804974E-01,  2.71000000000000E+00,  5.54323650099093E+05,  6.46419020903358E+05
 1.88133333300000E+03,  1.09013041467739E+00,  1.53250000000000E+00,  3.78761011379525E-01,  2.89000000000000E+00,  6.81641341225807E+05,  8.02474360330786E+05
 1.88141666700000E+03,  1.17501802231704E+00,  1.01500000000000E+00,  3.78389272615789E-01,  3.07000000000000E+00,  7.47528207977062E+05,  9.07086642832774E+05
 1.88150000000000E+03,  1.24526624630002E+00,  5.62500000000000E-01,  3.78021764472294E-01,  3.25000000000000E+00,  7.31751105950440E+05,  9.27790464566034E+05
 1.88158333300000E+03,  1.02840003037118E+00,  2.97500000000000E-01,  3.77658559776060E-01,  3.43000000000000E+00,  6.96007997191450E+05,  9.32099843416968E+05
 1.88166666700000E+03,  4.91264316227375E-01, -6.50000000000000E-02,  3.71402253600738E-01,  3.61000000000000E+00,  7.32592720919113E+05,  1.02673451434200E+06
 1.88175000000000E+03,  9.82654199375688E-02, -1.05500000000000E+00,  3.70714560488189E-01,  3.79000000000000E+00,  8.80452299962531E+05,  1.25266570886061E+06
 1.88183333300000E+03, -9.24266009377815E-02, -1.82500000000000E+00,  3.70026524203026E-01,  3.97000000000000E+00,  1.07891336772424E+06,  1.52620948526400E+06
 1.88191666700000E+03, -2.46829650297624E-01, -1.45500000000000E+00,  3.69338247572447E-01,  4.15000000000000E+00,  1.20143817529673E+06,  1.68236887670157E+06
 1.88200000000000E+03, -3.37701871530285E-01, -1.02750000000000E+00,  3.68649833431536E-01,  4.33000000000000E+00,  1.14780910122770E+06,  1.59405097402861E+06
 1.88208333300000E+03, -4.12833490249808E-01, -7.90000000000000E-01,  3.67961384605997E-01,  4.51000000000000E+00,  9.24462786980497E+05,  1.27635206372418E+06
 1.88216666700000E+03, -4.49233830263197E-01, -6.20000000000000E-01,  3.67273003894976E-01,  4.69000000000000E+00,  6.48966493462348E+05,  8.91762005052043E+05
 1.88225000000000E+03, -3.73052075176963E-01, -9.37500000000000E-01,  3.66584794053990E-01,  4.87000000000000E+00,  4.71887697575665E+05,  6.46264910293734E+05
 1.88233333300000E+03, -2.67970863929927E-01, -8.60000000000000E-01,  3.65896857777961E-01,  5.05000000000000E+00,  4.72953368196378E+05,  6.50321235451950E+05
 1.88241666700000E+03, -1.84607579363442E-01, -6.25000000000000E-02,  3.65209297684349E-01,  5.23000000000000E+00,  6.08574678368093E+05,  8.46766680761421E+05
 1.88250000000000E+03, -1.13174496274778E-01,  5.90000000000000E-01,  3.64522216296402E-01,  5.41000000000000E+00,  7.48814648997269E+05,  1.05773708581052E+06
 1.88258333300000E+03, -5.25571589688071E-03,  7.17500000000000E-01,  3.63835716026518E-01,  5.59000000000000E+00,  7.74250518964377E+05,  1.11367945020730E+06
 1.88266666700000E+03,  1.18742103490222E-01,  4.60000000000000E-01,  3.41708523481690E-01,  5.77000000000000E+00,  6.59320762585881E+05,  9.68031198844836E+05
 1.88275000000000E+03,  9.28241660644539E-02,  1.82500000000000E-01,  3.41074687843505E-01,  5.95000000000000E+00,  4.81699000378892E+05,  7.15843505631164E+05
 1.88283333300000E+03, -4.03377927813665E-02,  1.95000000000000E-01,  3.40445675563186E-01,  6.13000000000000E+00,  3.55436343622097E+05,  5.09953499898627E+05
 1.88291666700000E+03, -1.40069165715080E-01,  1.22500000000000E-01,  3.39821577715923E-01,  6.31000000000000E+00,  3.42989991074407E+05,  4.44673843504198E+05
 1.88300000000000E+03, -1.79248388518863E-01, -4.82500000000000E-01,  3.39202484344584E-01,  6.49000000000000E+00,  4.13958414177260E+05,  4.96249145522008E+05
 1.88308333300000E+03, -2.05771377327620E-01, -1.19750000000000E+00,  3.38588484452665E-01,  6.67000000000000E+00,  4.78621007602317E+05,  5.59731033109966E+05
 1.88316666700000E+03, -1.96738433209604E-01, -9.80000000000000E-01,  3.37979665997437E-01,  6.85000000000000E+00,  4.65237955584637E+05,  5.45194049853149E+05
 1.88325000000000E+03, -7.83749685737918E-02, -3.50000000000000E-02,  3.37376115883308E-01,  7.03000000000000E+00,  3.78045761014311E+05,  4.52960625451335E+05
 1.88333333300000E+03,  6.55748579108894E-02,  2.87500000000000E-01,  3.36777919955387E-01,  7.21000000000000E+00,  2.91378015486865E+05,  3.69301076031173E+05
 1.88341666700000E+03,  1.84446741721706E-01, -4.75000000000000E-02,  3.36185162993250E-01,  7.39000000000000E+00,  2.87462651625323E+05,  3.90319438659973E+05
 1.88350000000000E+03,  2.87995904140637E-01, -1.20000000000000E-01,  3.35597928704902E-01,  7.57000000000000E+00,  3.89037084597197E+05,  5.38277860636882E+05
 1.88358333300000E+03,  1.40287840655706E-01, -1.17500000000000E-01,  3.35016299720939E-01,  7.75000000000000E+00,  5.39578480773741E+05,  7.37720273497107E+05
 1.88366666700000E+03, -2.83436647541454E-01, -5.62500000000000E-01,  3.11949571381662E-01,  7.93000000000000E+00,  6.44593994595963E+05,  8.68787042680234E+05
 1.88375000000000E+03, -5.83864066715046E-01, -6.77500000000000E-01,  3.12005244673556E-01,  8.11000000000000E+00,  6.39806402674100E+05,  8.53955629037130E+05
 1.88383333300000E+03, -7.11989116726064E-01,  1.55000000000000E-01,  3.12069360343816E-01,  8.29000000000000E+00,  5.33534913698728E+05,  7.10514489302624E+05
 1.88391666700000E+03, -8.06115789361203E-01,  8.72500000000000E-01,  3.12141903358909E-01,  8.47000000000000E+00,  3.93652412725804E+05,  5.31013298187424E+05
 1.88400000000000E+03, -8.39101631368884E-01,  2.77500000000000E-01,  3.12222857571800E-01,  8.65000000000000E+00,  2.93627846097356E+05,  4.11293613419939E+05
 1.88408333300000E+03, -8.58823631501935E-01, -7.67500000000000E-01,  3.12312205724776E-01,  8.82999999999999E+00,  2.61756371322025E+05,  3.84177310526971E+05
 1.88416666700000E+03, -8.42365103052544E-01, -9.17500000000000E-01,  3.12409929452333E-01,  9.00999999999999E+00,  2.70947491648900E+05,  4.07816515687647E+05
 1.88425000000000E+03, -7.15936383002028E-01, -5.62500000000000E-01,  3.12516009284121E-01,  9.18999999999999E+00,  2.71533505389444E+05,  4.11512585379137E+05
 1.88433333300000E+03, -5.63268436149139E-01,  8.75000000000000E-02,  3.12630424647942E-01,  9.36999999999999E+00,  2.36081338161519E+05,  3.57301054489647E+05
 1.88441666700000E+03, -4.35014221075744E-01,  6.30000000000000E-01,  3.12753153872817E-01,  9.54999999999999E+00,  1.79300223765803E+05,  2.67488671233993E+05
 1.88450000000000E+03, -3.21408983616100E-01,  3.12500000000000E-01,  3.12884174192106E-01,  9.72999999999999E+00,  1.40061524313283E+05,  2.00062577807121E+05
 1.88458333300000E+03, -3.20621284671661E-01, -3.50000000000000E-01,  3.13023461746690E-01,  9.90999999999999E+00,  1.44561031882478E+05,  1.97080526614627E+05
 1.88466666700000E+03, -4.67531327430901E-01, -9.87500000000000E-01,  3.14734589427732E-01,  1.00900000000000E+01,  1.83259709479565E+05,  2.50435501229312E+05
 1.88475000000000E+03, -6.48524813658641E-01, -1.79750000000000E+00,  3.14516021065312E-01,  1.02700000000000E+01,  2.19895237782616E+05,  3.11253580143580E+05
 1.88483333300000E+03, -8.04574696306930E-01, -2.19250000000000E+00,  3.14305766211556E-01,  1.04500000000000E+01,  2.22545243111590E+05,  3.31315410700684E+05
 1.88491666700000E+03, -9.26122468411896E-01, -1.42750000000000E+00,  3.14103847043400E-01,  1.06300000000000E+01,  1.88926623600831E+05,  2.99702525074669E+05
 1.88500000000000E+03, -9.85979143052279E-01, -3.42500000000000E-01,  3.13910284562825E-01,  1.08100000000000E+01,  1.44981820754739E+05,  2.45097217317223E+05
 1.88508333300000E+03, -1.03197882200360E+00,  1.35000000000000E-01,  3.13725098597824E-01,  1.09900000000000E+01,  1.20019612818782E+05,  2.05483212909835E+05
 1.88516666700000E+03, -1.04116550306101E+00, -5.20000000000000E-01,  3.13548307803438E-01,  1.11700000000000E+01,  1.21725681671017E+05,  1.94568920931858E+05
 1.88525000000000E+03, -9.39713687415815E-01, -1.58250000000000E+00,  3.13379929662861E-01,  1.13500000000000E+01,  1.33256224011437E+05,  1.94954210379887E+05
 1.88533333300000E+03, -8.11321877044542E-01, -1.61250000000000E+00,  3.13219980488607E-01,  1.15300000000000E+01,  1.34086921592087E+05,  1.82586148915793E+05
 1.88541666700000E+03, -7.06613819661237E-01, -9.60000000000000E-01,  3.13068475423740E-01,  1.17100000000000E+01,  1.24642324667336E+05,  1.58355601128226E+05
 1.88550000000000E+03, -6.15798668573318E-01,  7.50000000000006E-03,  3.12925428443173E-01,  1.18900000000000E+01,  1.30916732603806E+05,  1.55838699810844E+05
 1.88558333300000E+03, -1.39995287999530E-01,  7.67500000000000E-01,  3.12790852355018E-01,  1.20700000000000E+01,  1.82716180974835E+05,  2.15061592278204E+05
 1.88566666700000E+03,  6.78583704584253E-01,  7.12500000000000E-01,  3.86485530136251E-01,  1.22500000000000E+01,  2.82916648981898E+05,  3.42799207940785E+05
 1.88575000000000E+03,  9.51633420349569E-01,  4.55000000000000E-01,  3.85832162557127E-01,  1.24300000000000E+01,  3.94775236724420E+05,  4.93943208461656E+05
 1.88583333300000E+03,  7.44518411183575E-01,  4.05000000000000E-01,  3.85176190408399E-01,  1.26100000000000E+01,  4.61085665650258E+05,  5.93373131555842E+05
 1.88591666700000E+03,  5.70754565956236E-01,  7.07500000000000E-01,  3.84517711665237E-01,  1.27900000000000E+01,  4.43207439993827E+05,  5.85341857362894E+05
 1.88600000000000E+03,  4.57673760759569E-01,  1.23750000000000E+00,  3.83856824714687E-01,  1.29700000000000E+01,  3.50729219048148E+05,  4.74006742848524E+05
 1.88608333300000E+03,  3.57588177703411E-01,  1.60250000000000E+00,  3.83193628337231E-01,  1.31500000000000E+01,  2.38150455958201E+05,  3.23677371093078E+05
 1.88616666700000E+03,  2.93602856475479E-01,  1.93750000000000E+00,  3.82528221688362E-01,  1.33300000000000E+01,  1.69495629743360E+05,  2.17143156711559E+05
 1.88625000000000E+03,  3.39694429031254E-01,  2.26750000000000E+00,  3.81860704280166E-01,  1.35100000000000E+01,  1.76066189351976E+05,  2.01818919662118E+05
 1.88633333300000E+03,  4.12316950724982E-01,  2.38500000000000E+00,  3.81191175962922E-01,  1.36900000000000E+01,  2.37667725868110E+05,  2.62101130314438E+05
 1.88641666700000E+03,  4.60999974682698E-01,  2.40250000000000E+00,  3.80519736906712E-01,  1.38700000000000E+01,  2.99891312618215E+05,  3.36095041192596E+05
 1.88650000000000E+03,  4.95687705591111E-01,  2.08250000000000E+00,  3.79846487583063E-01,  1.40500000000000E+01,  3.13430746595484E+05,  3.62018196082791E+05
 1.88658333300000E+03,  6.69256972911486E-01,  1.12750000000000E+00,  3.79171528746616E-01,  1.42300000000000E+01,  2.66352572975256E+05,  3.19352523034290E+05
 1.88666666700000E+03,  9.55931282693241E-01,  3.12500000000000E-01,  3.80462578641878E-01,  1.44100000000000E+01,  1.87402630864260E+05,  2.36553645658453E+05
 1.88675000000000E+03,  9.76245267057979E-01,  6.50000000000000E-02,  3.80072945954425E-01,  1.45900000000000E+01,  1.21097058060513E+05,  1.63882535564332E+05
 1.88683333300000E+03,  7.79552598624853E-01,  2.25000000000000E-02,  3.79687206581753E-01,  1.47700000000000E+01,  9.54944415911551E+04,  1.35146460953294E+05
 1.88691666700000E+03,  6.16995549567210E-01, -1.92500000000000E-01,  3.79305438329547E-01,  1.49500000000000E+01,  1.06404650000889E+05,  1.47200955941770E+05
 1.88700000000000E+03,  5.15823765405395E-01, -5.70000000000000E-01,  3.78927717895084E-01,  1.51300000000000E+01,  1.26876949293764E+05,  1.69275667112881E+05
 1.88708333300000E+03,  4.28263948445565E-01, -5.45000000000000E-01,  3.78554120860282E-01,  1.53100000000000E+01,  1.31139056619726E+05,  1.70573525074924E+05
 1.88716666700000E+03,  3.77332814646088E-01, -3.02500000000000E-01,  3.78184721684950E-01,  1.54900000000000E+01,  1.13064027617625E+05,  1.42777895701901E+05
 1.88725000000000E+03,  4.36916251417319E-01, -7.75000000000000E-02,  3.77819593700239E-01,  1.56700000000000E+01,  8.63553849000093E+04,  1.01580957991395E+05
 1.88733333300000E+03,  5.23375586885982E-01,  8.10000000000000E-01,  3.77458809102294E-01,  1.58500000000000E+01,  6.95085344500151E+04,  6.98573299654656E+04
 1.88741666700000E+03,  5.86146115471921E-01,  2.25750000000000E+00,  3.77102438946092E-01,  1.60300000000000E+01,  6.98574358642863E+04,  5.88201381872384E+04
 1.88750000000000E+03,  6.35076712948307E-01,  2.95250000000000E+00,  3.76750553139483E-01,  1.62100000000000E+01,  7.94779959815756E+04,  6.23232056720052E+04
 1.88758333300000E+03,  1.01942580966159E+00,  2.46250000000000E+00,  3.76403220437426E-01,  1.63900000000000E+01,  8.42974999125349E+04,  6.64051364953497E+04
 1.88766666700000E+03,  1.70898835712450E+00,  2.10000000000000E+00,  3.93833002345319E-01,  1.65700000000000E+01,  7.68759802456818E+04,  6.33648260930657E+04
 1.88775000000000E+03,  1.92632144449453E+00,  2.26250000000000E+00,  3.93149721644898E-01,  1.67500000000000E+01,  6.17013886254039E+04,  5.75391110053414E+04
 1.88783333300000E+03,  1.72386393984868E+00,  2.20000000000000E+00,  3.92462584056360E-01,  1.69300000000000E+01,  4.96148329899008E+04,  5.88951679279409E+04
 1.88791666700000E+03,  1.55299094864034E+00,  2.19750000000000E+00,  3.91771721028824E-01,  1.71100000000000E+01,  4.75550423337892E+04,  7.16847677025903E+04
 1.88800000000000E+03,  1.44101372678894E+00,  2.30250000000000E+00,  3.91077264134436E-01,  1.72900000000000E+01,  5.29715316943385E+04,  8.90139438608903E+04
 1.88808333300000E+03,  1.34023117576613E+00,  2.33000000000000E+00,  3.90379345044755E-01,  1.74700000000000E+01,  5.70973285401389E+04,  9.79575864116488E+04
 1.88816666700000E+03,  1.27374249757895E+00,  2.26750000000000E+00,  3.89678095507278E-01,  1.76500000000000E+01,  5.31440234267200E+04,  9.01388718976143E+04
 1.88825000000000E+03,  1.31552598904509E+00,  1.83750000000000E+00,  3.88973647322130E-01,  1.78300000000000E+01,  4.17112035106909E+04,  6.82594214839697E+04
 1.88833333300000E+03,  1.38204488709170E+00,  1.84750000000000E+00,  3.88266132318902E-01,  1.80100000000000E+01,  2.91048609657772E+04,  4.33215183716399E+04
 1.88841666700000E+03,  1.42284541255511E+00,  2.31250000000000E+00,  3.87555682333655E-01,  1.81900000000000E+01,  2.10990256928064E+04,  2.57737601603058E+04
 1.88850000000000E+03,  1.44789584780730E+00,  2.19250000000000E+00,  3.86842429186096E-01,  1.83700000000000E+01,  1.84949722715268E+04,  1.87160780266782E+04
 1.88858333300000E+03,  1.80669362256172E+00,  1.83750000000000E+00,  3.86126504656920E-01,  1.85500000000000E+01,  1.84060453674507E+04,  1.85605017326952E+04
 1.88866666700000E+03,  2.48869555125547E+00,  2.01500000000000E+00,  4.05801497083842E-01,  1.87300000000000E+01,  1.92252421084382E+04,  2.12127576880450E+04
 1.88875000000000E+03,  2.73603426532674E+00,  2.23250000000000E+00,  4.05265845046345E-01,  1.89100000000000E+01,  2.35731809222334E+04,  2.69226062618021E+04
 1.88883333300000E+03,  2.58194654866187E+00,  1.74250000000000E+00,  4.04722254789967E-01,  1.90900000000000E+01,  3.56633673864931E+04,  3.88730190080305E+04
 1.88891666700000E+03,  2.45842438427824E+00,  1.57500000000000E+00,  4.04170726493745E-01,  1.92700000000000E+01,  5.53783995676144E+04,  5.72483353734037E+04
 1.88900000000000E+03,  2.39259760194715E+00,  2.25500000000000E+00,  4.03611261788505E-01,  1.94500000000000E+01,  7.52472233147619E+04,  7.54348307577707E+04
 1.88908333300000E+03,  2.33658171578593E+00,  2.87000000000000E+00,  4.03043863760489E-01,  1.96300000000000E+01,  8.44699920120827E+04,  8.33398130462082E+04
 1.88916666700000E+03,  2.31329149382434E+00,  3.21500000000000E+00,  4.02468536954613E-01,  1.98100000000000E+01,  7.76633552426105E+04,  7.59297225924099E+04
 1.88925000000000E+03,  2.39652072528434E+00,  3.31000000000000E+00,  4.01885287377370E-01,  1.99900000000000E+01,  6.09146094623674E+04,  5.93706826991742E+04
 1.88933333300000E+03,  2.50254909299195E+00,  3.04750000000000E+00,  4.01294122499380E-01,  2.01700000000000E+01,  4.89929892817055E+04,  4.82228027898476E+04
 1.88941666700000E+03,  2.58074129432927E+00,  2.23500000000000E+00,  4.00695051257574E-01,  2.03500000000000E+01,  5.46644932650680E+04,  5.46022930180803E+04
 1.88950000000000E+03,  2.64088724033241E+00,  1.31250000000000E+00,  4.00088084057015E-01,  2.05300000000000E+01,  7.81514212710930E+04,  7.77469805780527E+04
 1.88958333300000E+03,  2.14237457198972E+00,  1.05250000000000E+00,  3.99473232772366E-01,  2.07100000000000E+01,  1.05586273384090E+05,  1.03151364193361E+05
 1.88966666700000E+03,  1.07520649837054E+00,  1.14000000000000E+00,  3.54907216816186E-01,  2.08900000000000E+01,  1.18616100287799E+05,  1.13128147464125E+05
 1.88975000000000E+03,  4.63645090680462E-01,  1.34500000000000E+00,  3.54198890530794E-01,  2.10700000000000E+01,  1.08295243513571E+05,  1.01066401322026E+05
 1.88983333300000E+03,  3.43470846057490E-01,  1.40000000000000E+00,  3.53493415117040E-01,  2.12500000000000E+01,  8.24926128099400E+04,  7.78903691754039E+04
 1.88991666700000E+03,  2.57589057510539E-01,  9.02500000000000E-01,  3.52790900068788E-01,  2.14300000000000E+01,  6.07112055088790E+04,  6.48353596607528E+04
 1.89000000000000E+03,  2.32987884071737E-01,  4.42500000000000E-01,  3.52091454030241E-01,  2.16100000000000E+01,  5.99542284091027E+04,  7.74492063770161E+04
 1.89008333300000E+03,  2.21633695414267E-01,  1.77500000000000E-01,  3.51395184784395E-01,  2.17900000000000E+01,  8.23159969478687E+04,  1.13017273104328E+05
 1.89016666700000E+03,  2.46285238153184E-01, -4.17500000000000E-01,  3.50702199241735E-01,  2.19700000000000E+01,  1.13653074236950E+05,  1.51347452373087E+05
 1.89025000000000E+03,  3.80573990802815E-01, -1.11000000000000E+00,  3.50012603429175E-01,  2.21500000000000E+01,  1.34065510276449E+05,  1.68663828930020E+05
 1.89033333300000E+03,  5.40611610784431E-01, -1.25000000000000E+00,  3.49326502479248E-01,  2.23300000000000E+01,  1.31911855227563E+05,  1.54288762697778E+05
 1.89041666700000E+03,  6.75589614183483E-01, -1.39000000000000E+00,  3.48644000619530E-01,  2.25100000000000E+01,  1.10808432692912E+05,  1.17786978274813E+05
 1.89050000000000E+03,  7.95120114609340E-01, -2.15500000000000E+00,  3.47965201162303E-01,  2.26900000000000E+01,  8.50761653675445E+04,  8.17421623942614E+04
 1.89058333300000E+03,  7.95363991127179E-01, -2.66250000000000E+00,  3.47290206494468E-01,  2.28700000000000E+01,  6.82752045613182E+04,  6.62296715115894E+04
 1.89066666700000E+03,  6.45928819746671E-01, -2.13000000000000E+00,  4.25086206931610E-01,  2.30500000000000E+01,  6.43603697119955E+04,  7.67571835947308E+04
 1.89075000000000E+03,  4.76264330553115E-01, -1.61500000000000E+00,  4.25092641100345E-01,  2.32300000000000E+01,  6.79426628985732E+04,  1.03834300751362E+05
 1.89083333300000E+03,  3.41243627300325E-01, -2.05750000000000E+00,  4.25098547997345E-01,  2.34100000000000E+01,  7.21107649726781E+04,  1.32813571476806E+05
 1.89091666700000E+03,  2.40482203448966E-01, -2.48000000000000E+00,  4.25103943725783E-01,  2.35900000000000E+01,  7.61249820770912E+04,  1.55076754054393E+05
 1.89100000000000E+03,  2.01096531449342E-01, -2.08250000000000E+00,  4.25108843186543E-01,  2.37700000000000E+01,  8.60171750890742E+04,  1.71795182195137E+05
 1.89108333300000E+03,  1.75181112469374E-01, -7.97500000000000E-01,  4.25113260078352E-01,  2.39500000000000E+01,  1.07754581721008E+05,  1.88560483049073E+05
 1.89116666700000E+03,  1.85621910652733E-01,  5.70000000000000E-01,  4.25117206898144E-01,  2.41300000000000E+01,  1.39297519543622E+05,  2.06856776572593E+05
 1.89125000000000E+03,  3.06175981195310E-01,  1.31750000000000E+00,  4.25120694941693E-01,  2.43100000000000E+01,  1.68922032409954E+05,  2.20328776966876E+05
 1.89133333300000E+03,  4.53078199131412E-01,  1.70750000000000E+00,  4.25123734304474E-01,  2.44900000000000E+01,  1.81840758269635E+05,  2.18954001617983E+05
 1.89141666700000E+03,  5.75640233897072E-01,  2.00250000000000E+00,  4.25126333882786E-01,  2.46700000000000E+01,  1.70096763535949E+05,  1.97156124041920E+05
 1.89150000000000E+03,  6.83590599355312E-01,  2.00750000000000E+00,  4.25128501375107E-01,  2.48500000000000E+01,  1.37918606400838E+05,  1.58728792512055E+05
 1.89158333300000E+03,  5.47793567289403E-01,  1.26250000000000E+00,  4.25130243283706E-01,  2.50300000000000E+01,  9.84644029996737E+04,  1.14588596110588E+05
 1.89166666700000E+03,  1.38533424987723E-01,  4.87500000000000E-01,  3.59747465047182E-01,  2.52100000000000E+01,  6.48711881647527E+04,  7.57270247135462E+04
 1.89175000000000E+03, -1.61891041899030E-01, -3.15000000000000E-01,  3.60948969759927E-01,  2.53900000000000E+01,  4.28584514209418E+04,  4.76049993503213E+04
 1.89183333300000E+03, -2.96348493765092E-01, -9.47500000000000E-01,  3.62141552202208E-01,  2.55700000000000E+01,  3.03106520853390E+04,  3.03912199297445E+04
 1.89191666700000E+03, -3.89737117840423E-01, -2.15000000000000E-01,  3.63325104513010E-01,  2.57500000000000E+01,  2.30598463184107E+04,  2.37832769997940E+04
 1.89200000000000E+03, -4.14886800049435E-01,  7.95000000000000E-01,  3.64499520260656E-01,  2.59300000000000E+01,  2.09130956422346E+04,  3.08677107521637E+04
 1.89208333300000E+03, -4.19726924996482E-01,  1.14000000000000E+00,  3.65664694465095E-01,  2.61100000000000E+01,  2.81879019489234E+04,  5.64404259749349E+04
 1.89216666700000E+03, -3.81469058534071E-01,  9.30000000000000E-01,  3.66820523619889E-01,  2.62900000000000E+01,  4.82822882359820E+04,  1.00584925594846E+05
 1.89225000000000E+03, -2.26522775749811E-01,  7.50000000000001E-02,  3.67966905713902E-01,  2.64700000000000E+01,  7.74424463157666E+04,  1.53310089424063E+05
 1.89233333300000E+03, -3.88838280008913E-02, -8.62500000000000E-01,  3.69103740252667E-01,  2.66500000000000E+01,  1.03961957489887E+05,  1.96122133662897E+05
 1.89241666700000E+03,  1.30470395527497E-01, -1.54750000000000E+00,  3.70230928279435E-01,  2.68300000000000E+01,  1.14567613792176E+05,  2.11170023310205E+05
 1.89250000000000E+03,  2.90926840568892E-01, -1.75500000000000E+00,  3.71348372395899E-01,  2.70100000000000E+01,  1.03501260304714E+05,  1.92245840695036E+05
 1.89258333300000E+03,  1.65219973864185E-01, -1.56000000000000E+00,  3.72455976782571E-01,  2.71900000000000E+01,  7.71177512440906E+04,  1.49709525484282E+05
 1.89266666700000E+03, -2.96531772199909E-01, -1.65500000000000E+00,  3.13107026720526E-01,  2.73700000000000E+01,  5.00480932650105E+04,  1.05318981081460E+05
 1.89275000000000E+03, -6.38745238563514E-01, -2.00500000000000E+00,  3.12961780881297E-01,  2.75500000000000E+01,  3.55473757069138E+04,  8.00528712414974E+04
 1.89283333300000E+03, -7.88922197210558E-01, -2.15250000000000E+00,  3.12825002718792E-01,  2.77300000000000E+01,  3.72077276371987E+04,  8.28853143328458E+04
 1.89291666700000E+03, -9.02105010440575E-01, -1.70250000000000E+00,  3.12696704178397E-01,  2.79100000000000E+01,  4.80827129561203E+04,  1.07528543536522E+05
 1.89300000000000E+03, -9.51113329312705E-01, -9.57500000000000E-01,  3.12576896041201E-01,  2.80900000000000E+01,  5.74209592483965E+04,  1.38376230537425E+05
 1.89308333300000E+03, -9.83817082584890E-01, -5.02500000000000E-01,  3.12465587925527E-01,  2.82700000000000E+01,  5.93978462492629E+04,  1.60770286729560E+05
 1.89316666700000E+03, -9.77321790966481E-01, -6.07500000000000E-01,  3.12362788288504E-01,  2.84500000000000E+01,  5.70459588769539E+04,  1.68631048240873E+05
 1.89325000000000E+03, -8.57887449413695E-01, -1.09000000000000E+00,  3.12268504427711E-01,  2.86300000000000E+01,  5.87421922983229E+04,  1.65369735608512E+05
 1.89333333300000E+03, -7.09320106200136E-01, -6.17500000000000E-01,  3.12182742482868E-01,  2.88100000000000E+01,  7.05581042081218E+04,  1.59065452613849E+05
 1.89341666700000E+03, -5.82371027823815E-01,  8.67500000000000E-01,  3.12105507437590E-01,  2.89900000000000E+01,  9.07427050475150E+04,  1.56239464736931E+05
 1.89350000000000E+03, -4.67394655922285E-01,  1.74000000000000E+00,  3.12036803121195E-01,  2.91700000000000E+01,  1.10471792138328E+05,  1.58272992228228E+05
 1.89358333300000E+03, -3.66869161325062E-01,  1.51250000000000E+00,  3.11976632210568E-01,  2.93500000000000E+01,  1.19840736959493E+05,  1.61714919841839E+05
 1.89366666700000E+03, -3.16812159270637E-01,  6.42500000000000E-01,  3.67994453754714E-01,  2.95300000000000E+01,  1.14206218218238E+05,  1.61077956088062E+05
 1.89375000000000E+03, -3.96969653860686E-01,  2.00000000000000E-02,  3.67829874073981E-01,  2.97100000000000E+01,  9.63071034801162E+04,  1.51989564877785E+05
 1.89383333300000E+03, -5.48575994466832E-01, -2.92500000000000E-01,  3.67671477125638E-01,  2.98900000000000E+01,  7.33976153925519E+04,  1.33430787336819E+05
 1.89391666700000E+03, -6.65880160692321E-01, -9.62500000000000E-01,  3.67519288667578E-01,  3.00700000000000E+01,  5.24658532975032E+04,  1.08745795460997E+05
 1.89400000000000E+03, -7.21720480534595E-01, -1.41500000000000E+00,  3.67373333207973E-01,  3.02500000000000E+01,  3.73957482004072E+04,  8.52112431966681E+04
 1.89408333300000E+03, -7.63956724621708E-01, -1.53500000000000E+00,  3.67233634005275E-01,  3.04300000000000E+01,  2.94471252812716E+04,  7.17307248919052E+04
 1.89416666700000E+03, -7.69656916094403E-01, -1.92250000000000E+00,  3.67100213068333E-01,  3.06100000000000E+01,  2.92452393067026E+04,  7.47776992095866E+04
 1.89425000000000E+03, -6.65017942733279E-01, -2.64500000000000E+00,  3.66973091156638E-01,  3.07900000000000E+01,  3.74826778158025E+04,  9.42209476537240E+04
 1.89433333300000E+03, -5.33759063765475E-01, -3.17500000000000E+00,  3.66852287780691E-01,  3.09700000000000E+01,  5.34081053211768E+04,  1.21823303074725E+05
 1.89441666700000E+03, -4.26523162872717E-01, -2.94500000000000E+00,  3.66737821202480E-01,  3.11500000000000E+01,  7.29060400205776E+04,  1.44383964214375E+05
 1.89450000000000E+03, -3.33536917263793E-01, -2.40000000000000E+00,  3.66629708436093E-01,  3.13300000000000E+01,  8.88430091121123E+04,  1.50567420224511E+05
 1.89458333300000E+03, -6.68168539632868E-01, -2.18500000000000E+00,  3.66527965248432E-01,  3.15100000000000E+01,  9.44533123823729E+04,  1.37409117433328E+05
 1.89466666700000E+03, -1.41320217943902E+00, -2.43000000000000E+00,  6.00332496954786E-02,  3.16900000000000E+01,  8.75753871081093E+04,  1.11978385941157E+05
 1.89475000000000E+03, -1.76897550823759E+00, -2.89000000000000E+00,  6.23666815017361E-02,  3.18700000000000E+01,  7.23025523064900E+04,  8.66809690427538E+04
 1.89483333300000E+03, -1.72281445839799E+00, -2.83500000000000E+00,  6.46966025338949E-02,  3.20500000000000E+01,  5.63879572710232E+04,  7.12642148250550E+04
 1.89491666700000E+03, -1.63301079409412E+00, -2.07250000000000E+00,  6.70228595305681E-02,  3.22300000000000E+01,  4.61545331204317E+04,  6.71914902496452E+04
 1.89500000000000E+03, -1.47794257351556E+00, -1.22000000000000E+00,  6.93452999653654E-02,  3.24100000000000E+01,  4.27884623483548E+04,  6.83891334206955E+04
 1.89508333300000E+03, -1.31105112850191E+00, -1.23000000000000E+00,  7.16637720769390E-02,  3.25900000000000E+01,  4.28356780415574E+04,  6.75013575067109E+04
 1.89516666700000E+03, -1.11483370701659E+00, -2.12000000000000E+00,  7.39781248987586E-02,  3.27700000000000E+01,  4.22806915718718E+04,  6.24983540317692E+04
 1.89525000000000E+03, -8.20578330224590E-01, -2.49750000000000E+00,  7.62882082885839E-02,  3.29500000000000E+01,  4.06363723364078E+04,  5.82670095783694E+04
 1.89533333300000E+03, -5.16586406922948E-01, -1.89250000000000E+00,  7.85938729576576E-02,  3.31300000000000E+01,  4.15098790157743E+04,  6.19429137664510E+04
 1.89541666700000E+03, -2.57423732708802E-01, -1.09500000000000E+00,  8.08949704995792E-02,  3.33100000000000E+01,  4.91218683457546E+04,  7.59100513462218E+04
 1.89550000000000E+03, -3.64559524459657E-02, -7.30000000000000E-01,  8.31913534188627E-02,  3.34900000000000E+01,  6.37206441634818E+04,  9.43670033260062E+04
 1.89558333300000E+03, -1.08862449829570E-01, -3.35000000000000E-01,  8.54828751591655E-02,  3.36700000000000E+01,  7.98475764708368E+04,  1.06483348574138E+05
 1.89566666700000E+03, -4.98830511135258E-01,  4.45000000000000E-01,  3.50667588272368E-01,  3.38500000000000E+01,  8.91335686280490E+04,  1.03795235559268E+05
 1.89575000000000E+03, -7.63565498612689E-01,  4.05000000000000E-01,  3.50767678420082E-01,  3.40300000000000E+01,  8.56409647046668E+04,  8.60455730107000E+04
 1.89583333300000E+03, -8.40295982310783E-01, -3.52500000000000E-01,  3.50860056447931E-01,  3.42100000000000E+01,  6.97306991513760E+04,  6.09872919440224E+04
 1.89591666700000E+03, -8.79540806521718E-01, -5.52500000000000E-01,  3.50944737458730E-01,  3.43900000000000E+01,  4.76414621897661E+04,  3.85956149385735E+04
 1.89600000000000E+03, -8.56113975805604E-01, -2.45000000000000E-01,  3.51021735803703E-01,  3.45700000000000E+01,  2.73305563343437E+04,  2.45407610516836E+04
 1.89608333300000E+03, -8.19865758547454E-01,  2.75000000000000E-02,  3.51091065081443E-01,  3.47500000000000E+01,  1.38560782592747E+04,  1.80226259008053E+04
 1.89616666700000E+03, -7.49800085180645E-01,  1.30000000000000E-01,  3.51152738137191E-01,  3.49300000000000E+01,  7.55241825532919E+03,  1.50900441045305E+04
 1.89625000000000E+03, -5.73928756986578E-01,  9.07500000000000E-01,  3.51206767062433E-01,  3.51100000000000E+01,  5.71491237413445E+03,  1.38603501087741E+04
 1.89633333300000E+03, -3.77603864396568E-01,  2.00500000000000E+00,  3.51253163194836E-01,  3.52900000000000E+01,  5.73597880144966E+03,  1.66633515948225E+04
 1.89641666700000E+03, -2.12865330144523E-01,  1.97000000000000E+00,  3.51291937118485E-01,  3.54700000000000E+01,  6.89721724135787E+03,  2.71690536933028E+04
 1.89650000000000E+03, -7.10565025110722E-02,  1.30750000000000E+00,  3.51323098664456E-01,  3.56500000000000E+01,  9.69438480358443E+03,  4.52729688155832E+04
 1.89658333300000E+03,  1.75767270098725E-01,  1.56500000000000E+00,  3.51346656911704E-01,  3.58300000000000E+01,  1.39577288839382E+04,  6.47146155517480E+04
 1.89666666700000E+03,  4.95660596960453E-01,  2.29000000000000E+00,  4.25082070500363E-01,  3.60100000000000E+01,  1.79700160764848E+04,  7.61212516144423E+04
 1.89675000000000E+03,  5.53920605305557E-01,  1.81250000000000E+00,  4.25088830480482E-01,  3.61900000000000E+01,  1.95705754556259E+04,  7.33777492977837E+04
 1.89683333300000E+03,  4.10700748638651E-01,  8.80000000000000E-01,  4.25095052911031E-01,  3.63700000000000E+01,  1.81433992639084E+04,  5.81356817582218E+04
 1.89691666700000E+03,  3.01335135767392E-01,  7.02500000000000E-01,  4.25100754619194E-01,  3.65500000000000E+01,  1.54331759018652E+04,  3.86498925328878E+04
 1.89700000000000E+03,  2.52993230004494E-01,  9.75000000000000E-01,  4.25105951229912E-01,  3.67300000000000E+01,  1.42029598505999E+04,  2.38371356600127E+04
 1.89708333300000E+03,  2.17823167635309E-01,  1.72500000000000E+00,  4.25110657165859E-01,  3.69100000000000E+01,  1.58186006482279E+04,  1.74205466107969E+04
 1.89716666700000E+03,  2.18764914637601E-01,  2.57250000000000E+00,  4.25114885647666E-01,  3.70900000000000E+01,  1.89558632875538E+04,  1.68002732783998E+04
 1.89725000000000E+03,  3.29629622983735E-01,  2.50750000000000E+00,  4.25118648694395E-01,  3.72700000000000E+01,  2.06959737307868E+04,  1.70827491015316E+04
 1.89733333300000E+03,  4.66706093159964E-01,  1.78250000000000E+00,  4.25121957124259E-01,  3.74500000000000E+01,  1.91152280184946E+04,  1.62336482681026E+04
 1.89741666700000E+03,  5.79359493281551E-01,  1.24500000000000E+00,  4.25124820555590E-01,  3.76300000000000E+01,  1.50630842196317E+04,  1.65656093868050E+04
 1.89750000000000E+03,  6.77371163987207E-01,  8.77500000000000E-01,  4.25127247408055E-01,  3.78100000000000E+01,  1.14983821665322E+04,  2.14035083667322E+04
 1.89758333300000E+03,  8.08464069496343E-01,  5.50000000000000E-01,  4.25129244904109E-01,  3.79900000000000E+01,  1.09573901633767E+04,  3.04850382598996E+04
 1.89766666700000E+03,  9.46724590239788E-01,  5.70000000000000E-01,  4.24406949488996E-01,  3.81700000000000E+01,  1.34665486738816E+04,  3.90619172947022E+04
 1.89775000000000E+03,  9.22822589456725E-01,  5.62500000000000E-01,  4.24365829208197E-01,  3.83500000000000E+01,  1.68510745283660E+04,  4.22646763419415E+04
 1.89783333300000E+03,  7.86523944081088E-01,  1.87500000000000E-01,  4.24323001330133E-01,  3.85300000000000E+01,  1.91762136963332E+04,  4.09981957500126E+04
 1.89791666700000E+03,  6.84147449332451E-01, -4.00000000000000E-02,  4.24278415954471E-01,  3.87100000000000E+01,  2.09773163091682E+04,  4.33689065788895E+04
 1.89800000000000E+03,  6.42870998330335E-01,  1.30000000000000E-01,  4.24232022438747E-01,  3.88900000000000E+01,  2.49623301336378E+04,  5.89416865878790E+04
 1.89808333300000E+03,  6.14851003717753E-01,  6.12500000000000E-01,  4.24183769412465E-01,  3.90700000000000E+01,  3.31401967483523E+04,  8.95907435533060E+04
 1.89816666700000E+03,  6.23035539144448E-01,  9.30000000000000E-01,  4.24133604791366E-01,  3.92500000000000E+01,  4.38916955339164E+04,  1.24746043848123E+05
 1.89825000000000E+03,  7.41243681118040E-01,  8.95000000000000E-01,  4.24081475791896E-01,  3.94299999999999E+01,  5.19679933534867E+04,  1.46395424427602E+05
 1.89833333300000E+03,  8.85771957490426E-01,  1.22000000000000E+00,  4.24027328945837E-01,  3.96099999999999E+01,  5.21040629575848E+04,  1.41565926832414E+05
 1.89841666700000E+03,  1.00599305354017E+00,  1.90750000000000E+00,  4.23971110115128E-01,  3.97899999999999E+01,  4.36642017343480E+04,  1.13197976100500E+05
 1.89850000000000E+03,  1.11169560447048E+00,  2.05000000000000E+00,  4.23912764506860E-01,  3.99699999999999E+01,  3.23484039068728E+04,  8.03147363781758E+04
 1.89858333300000E+03,  9.36865682233106E-01,  1.59750000000000E+00,  4.23852236688444E-01,  4.01499999999999E+01,  2.69388512471006E+04,  6.59536548566546E+04
 1.89866666700000E+03,  4.51843565608255E-01,  9.00000000000000E-01,  3.50524178703910E-01,  4.03299999999999E+01,  3.30174772747351E+04,  8.09414594240865E+04
 1.89875000000000E+03,  1.11038493361224E-01, -1.07500000000000E-01,  3.50634436271916E-01,  4.05099999999999E+01,  4.83489075348081E+04,  1.15568938634461E+05
 1.89883333300000E+03, -3.20321969549133E-02, -6.22500000000000E-01,  3.50736960714511E-01,  4.06899999999999E+01,  6.37615851560063E+04,  1.45932505518656E+05
 1.89891666700000E+03, -1.41047015420008E-01, -3.90000000000000E-01,  3.50831768120882E-01,  4.08699999999999E+01,  6.93066681732567E+04,  1.50816305535093E+05
 1.89900000000000E+03, -1.88835542870942E-01, -3.60000000000000E-01,  3.50918873830496E-01,  4.10499999999999E+01,  6.13329632173535E+04,  1.26833303243053E+05
 1.89908333300000E+03, -2.23248686536277E-01, -3.47500000000000E-01,  3.50998292431624E-01,  4.12299999999999E+01,  4.52148156899067E+04,  9.06136448993801E+04
 1.89916666700000E+03, -2.21345504452164E-01,  1.37500000000000E-01,  3.51070037760199E-01,  4.14099999999999E+01,  3.16374368922772E+04,  6.64979139501436E+04
 1.89925000000000E+03, -1.09313832415468E-01,  1.00500000000000E+00,  3.51134122898994E-01,  4.15899999999999E+01,  2.91688698681185E+04,  6.90606034035925E+04
 1.89933333300000E+03,  2.91361925861387E-02,  1.78500000000000E+00,  3.51190560177122E-01,  4.17699999999999E+01,  3.85739191928551E+04,  9.34610183887414E+04
 1.89941666700000E+03,  1.43370864162456E-01,  1.81250000000000E+00,  3.51239361169858E-01,  4.19499999999999E+01,  5.28624238966739E+04,  1.20344437390523E+05
 1.89950000000000E+03,  2.43172722126868E-01,  1.79000000000000E+00,  3.51280536698790E-01,  4.21299999999999E+01,  6.26477709837381E+04,  1.30839935141952E+05
 1.89958333300000E+03,  1.09054062153335E-01,  2.04250000000000E+00,  3.51314096832277E-01,  4.23099999999999E+01,  6.25400904893447E+04,  1.19888939796026E+05
 1.89966666700000E+03, -2.88441402510318E-01,  1.64500000000000E+00, -1.29606028191247E-01,  4.24899999999999E+01,  5.39453347370160E+04,  9.81840138638211E+04
 1.89975000000000E+03, -5.87960696345616E-01,  1.37500000000000E+00, -1.29460443298769E-01,  4.26699999999999E+01,  4.28145201746109E+04,  8.23609234595239E+04
 1.89983333300000E+03, -7.36588479504399E-01,  2.06750000000000E+00, -1.29302143997993E-01,  4.28499999999999E+01,  3.48241843571558E+04,  8.20591182760306E+04
 1.89991666700000E+03, -8.51869188483580E-01,  2.60750000000000E+00, -1.29131123172396E-01,  4.30299999999999E+01,  3.19996949100013E+04,  9.40284163445717E+04
 1.90000000000000E+03, -9.06620523447732E-01,  2.39250000000000E+00, -1.28947373848040E-01,  4.32099999999999E+01,  3.29483826859497E+04,  1.06887051630542E+05
 1.90008333300000E+03, -9.48679941820665E-01,  1.79000000000000E+00, -1.28750889196276E-01,  4.33899999999999E+01,  3.55373923214691E+04,  1.11294539824676E+05
 1.90016666700000E+03, -9.55091314514334E-01,  1.32750000000000E+00, -1.28541662536693E-01,  4.35699999999999E+01,  3.90049995228367E+04,  1.06554454625620E+05
 1.90025000000000E+03, -8.52025372177054E-01,  1.06750000000000E+00, -1.28319687340310E-01,  4.37499999999999E+01,  4.35862862783002E+04,  9.87269817079674E+04
 1.90033333300000E+03, -7.23173036522178E-01,  4.97500000000000E-01, -1.28084957233009E-01,  4.39299999999999E+01,  4.85166186745761E+04,  9.32269185193001E+04
 1.90041666700000E+03, -6.19146485341818E-01,  3.30000000000000E-01, -1.27837465999217E-01,  4.41099999999999E+01,  5.10296122458031E+04,  8.95599381635324E+04
 1.90050000000000E+03, -5.30139123992748E-01,  5.67500000000000E-01, -1.27577207585819E-01,  4.42899999999999E+01,  4.80041858176716E+04,  8.33260293262196E+04
 1.90058333300000E+03, -2.23294363879750E-01,  4.55000000000000E-01, -1.27304176106329E-01,  4.44699999999999E+01,  3.91303243371228E+04,  7.33583339410093E+04
 1.90066666700000E+03,  2.76317878745098E-01,  6.35000000000000E-01,  4.25132934616845E-01,  4.46499999999999E+01,  2.85279993577046E+04,  6.65447071869607E+04
 1.90075000000000E+03,  4.29979682047195E-01,  9.15000000000000E-01,  4.25132405035148E-01,  4.48299999999999E+01,  2.26744779266431E+04,  7.44908629508687E+04
 1.90083333300000E+03,  2.86624202124408E-01,  9.57500000000000E-01,  4.25131463155031E-01,  4.50099999999999E+01,  2.56948466876299E+04,  1.03571454519466E+05
 1.90091666700000E+03,  1.76848211584428E-01,  1.02000000000000E+00,  4.25130106600771E-01,  4.51899999999999E+01,  3.57588395947001E+04,  1.46630973644539E+05
 1.90100000000000E+03,  1.27828980303512E-01,  1.15500000000000E+00,  4.25128331823823E-01,  4.53699999999999E+01,  4.59210470927680E+04,  1.84429858509576E+05
 1.90108333300000E+03,  9.17229698496452E-02,  1.55750000000000E+00,  4.25126134106708E-01,  4.55499999999999E+01,  4.92525576887916E+04,  1.97418916254444E+05
 1.90116666700000E+03,  9.14790468451948E-02,  1.74750000000000E+00,  4.25123507567146E-01,  4.57299999999999E+01,  4.43506002581640E+04,  1.79559836720651E+05
 1.90125000000000E+03,  2.00917900709281E-01,  1.46500000000000E+00,  4.25120445162425E-01,  4.59099999999999E+01,  3.65973983697322E+04,  1.43278183771520E+05
 1.90133333300000E+03,  3.36338570850014E-01,  1.43750000000000E+00,  4.25116938693996E-01,  4.60899999999999E+01,  3.37885812349798E+04,  1.10964716920632E+05
 1.90141666700000E+03,  4.47117235866596E-01,  1.86250000000000E+00,  4.25112978812316E-01,  4.62699999999999E+01,  3.94840976193606E+04,  9.90114120076093E+04
 1.90150000000000E+03,  5.43047092286890E-01,  2.02750000000000E+00,  4.25108555021916E-01,  4.64499999999999E+01,  4.96755167522052E+04,  1.06635357546840E+05
 1.90158333300000E+03,  5.66093983343660E-01,  1.48000000000000E+00,  4.25103655686705E-01,  4.66299999999999E+01,  5.59766175626548E+04,  1.18329078957205E+05
 1.90166666700000E+03,  4.46098977967267E-01,  3.02500000000000E-01, -5.31862683916038E-02,  4.68099999999999E+01,  5.32000033691672E+04,  1.18073801846885E+05
 1.90175000000000E+03,  1.80347872640392E-01, -6.25000000000000E-01, -5.17937863496508E-02,  4.69899999999999E+01,  4.51936116232508E+04,  1.03927985727318E+05
 1.90183333300000E+03, -1.38097448755850E-01, -7.25000000000000E-01, -5.03897788026861E-02,  4.71699999999999E+01,  4.36507267003902E+04,  9.10243295380155E+04
 1.90191666700000E+03, -4.23935321763030E-01, -7.12500000000000E-01, -4.89742952811527E-02,  4.73499999999999E+01,  5.99376519183682E+04,  1.00073846233569E+05
 1.90200000000000E+03, -6.48391048610913E-01, -7.25000000000000E-01, -4.75473864609386E-02,  4.75299999999999E+01,  9.57180203220267E+04,  1.40093763879400E+05
 1.90208333300000E+03, -8.57666921653204E-01, -4.15000000000000E-01, -4.61091041727820E-02,  4.77099999999999E+01,  1.39639546338040E+05,  1.98975141191432E+05
 1.90216666700000E+03, -1.02714950183597E+00, -4.77500000000000E-01, -4.46595014114508E-02,  4.78899999999999E+01,  1.73158091152268E+05,  2.49686238988505E+05
 1.90225000000000E+03, -1.08135234523207E+00, -9.37500000000000E-01, -4.31986323446786E-02,  4.80699999999999E+01,  1.81785795543072E+05,  2.67893082041004E+05
 1.90233333300000E+03, -1.10233301316051E+00, -1.36000000000000E+00, -4.17265523218588E-02,  4.82499999999999E+01,  1.63908829227816E+05,  2.48015634433740E+05
 1.90241666700000E+03, -1.13911890479463E+00, -2.11500000000000E+00, -4.02433178824865E-02,  4.84299999999999E+01,  1.31078917099022E+05,  2.06047087895472E+05
 1.90250000000000E+03, -1.18039273084173E+00, -2.41500000000000E+00, -3.87489867643395E-02,  4.86099999999999E+01,  9.99858347116310E+04,  1.67647250191975E+05
 1.90258333300000E+03, -1.31959744427470E+00, -1.49000000000000E+00, -3.72436179113986E-02,  4.87899999999999E+01,  8.22638794590621E+04,  1.50947574590441E+05
 1.90266666700000E+03, -1.54666043266053E+00, -2.95000000000000E-01, -3.54148945487473E-02,  4.89699999999999E+01,  7.93327225530665E+04,  1.56712851414572E+05
 1.90275000000000E+03, -1.71098895071622E+00, -1.15000000000000E-01, -3.68350352679277E-02,  4.91499999999999E+01,  8.50377567346377E+04,  1.71914152952635E+05
 1.90283333300000E+03, -1.79906219714971E+00, -6.60000000000000E-01, -3.82465719819357E-02,  4.93299999999999E+01,  9.26887235074689E+04,  1.82102634360328E+05
 1.90291666700000E+03, -1.84308995426939E+00, -7.27500000000000E-01, -3.96494297195155E-02,  4.95099999999999E+01,  1.00166124240340E+05,  1.81872813869584E+05
 1.90300000000000E+03, -1.81645218584729E+00, -1.95000000000000E-01, -4.10435344362169E-02,  4.96899999999999E+01,  1.09213398499699E+05,  1.75658163818321E+05
 1.90308333300000E+03, -1.76762186303257E+00,  1.07500000000000E-01, -4.24288130144285E-02,  4.98699999999999E+01,  1.20515966003826E+05,  1.70018904934611E+05
 1.90316666700000E+03, -1.67434107329296E+00, -2.40000000000000E-01, -4.38051932631142E-02,  5.00499999999999E+01,  1.29916059702426E+05,  1.65670363755138E+05
 1.90325000000000E+03, -1.46353141956932E+00, -7.62500000000000E-01, -4.51726039172515E-02,  5.02299999999999E+01,  1.29956054345200E+05,  1.56914707829575E+05
 1.90333333300000E+03, -1.21967798234784E+00, -1.24750000000000E+00, -4.65309746369888E-02,  5.04099999999999E+01,  1.15954630372699E+05,  1.38787390973040E+05
 1.90341666700000E+03, -9.94221830842458E-01, -1.56250000000000E+00, -4.78802360065069E-02,  5.05899999999999E+01,  9.13739245127112E+04,  1.14791910794670E+05
 1.90350000000000E+03, -7.78212357159811E-01, -2.28250000000000E+00, -4.92203195326028E-02,  5.07699999999999E+01,  6.72874900158810E+04,  9.71962394935574E+04
 1.90358333300000E+03, -9.94685678376732E-01, -3.68750000000000E+00, -5.05511576429893E-02,  5.09499999999999E+01,  5.54595178763780E+04,  9.83753706578119E+04
 1.90366666700000E+03, -1.71816892698888E+00, -4.22500000000000E+00, -9.51633947229599E-03,  5.11299999999999E+01,  6.00391302313058E+04,  1.19979086092858E+05
 1.90375000000000E+03, -2.22545950494299E+00, -3.48750000000000E+00, -1.10727496537883E-02,  5.13099999999999E+01,  7.44793682579210E+04,  1.49459143058812E+05
 1.90383333300000E+03, -2.41667668974424E+00, -2.76000000000000E+00, -1.26220008055597E-02,  5.14899999999999E+01,  8.64456544051250E+04,  1.67981840147094E+05
 1.90391666700000E+03, -2.56552419429971E+00, -2.85750000000000E+00, -1.41640022133534E-02,  5.16699999999999E+01,  8.71452426225365E+04,  1.64311081374039E+05
 1.90400000000000E+03, -2.64354890621809E+00, -3.34500000000000E+00, -1.56986640399001E-02,  5.18499999999999E+01,  7.78298033469803E+04,  1.43756701649742E+05
 1.90408333300000E+03, -2.69745866885926E+00, -3.62000000000000E+00, -1.72258973303994E-02,  5.20299999999999E+01,  6.83076015671663E+04,  1.24595808251808E+05
 1.90416666700000E+03, -2.70332452191563E+00, -3.81250000000000E+00, -1.87456140176780E-02,  5.22099999999999E+01,  6.86084424436878E+04,  1.24138487943870E+05
 1.90425000000000E+03, -2.58651386986717E+00, -3.98000000000000E+00, -2.02577269270219E-02,  5.23899999999999E+01,  8.04467437856785E+04,  1.45028204621755E+05
 1.90433333300000E+03, -2.43009357568921E+00, -4.04250000000000E+00, -2.17621497806889E-02,  5.25699999999999E+01,  9.53599813498800E+04,  1.72526603545221E+05
 1.90441666700000E+03, -2.28423778305218E+00, -3.91000000000000E+00, -2.32587972020916E-02,  5.27499999999999E+01,  1.01103617953443E+05,  1.85102858334631E+05
 1.90450000000000E+03, -2.13889165215885E+00, -3.55750000000000E+00, -2.47475847196679E-02,  5.29299999999999E+01,  9.12703514985238E+04,  1.70260365948635E+05
 1.90458333300000E+03, -1.86805983416015E+00, -3.70750000000000E+00, -2.62284287704221E-02,  5.31099999999999E+01,  7.04814365211751E+04,  1.33468127819672E+05
 1.90466666700000E+03, -1.54567383887008E+00, -4.11500000000000E+00,  2.00552590024589E-03,  5.32899999999999E+01,  5.09961065396817E+04,  9.35583539969706E+04
 1.90475000000000E+03, -1.55118509759983E+00, -3.47250000000000E+00,  3.99875817977532E-04,  5.34699999999999E+01,  4.34132848614291E+04,  6.85832527108553E+04
 1.90483333300000E+03, -1.79777460229641E+00, -2.23500000000000E+00, -1.19930051525720E-03,  5.36499999999999E+01,  4.88304407283488E+04,  6.33936366058767E+04
 1.90491666700000E+03, -2.01705857163069E+00, -1.76000000000000E+00, -2.79190620436518E-03,  5.38299999999999E+01,  5.86272135793230E+04,  6.83964957196812E+04
 1.90500000000000E+03, -2.17963466921663E+00, -1.89750000000000E+00, -4.37784518162496E-03,  5.40099999999999E+01,  6.19315898230992E+04,  6.97038475243423E+04
 1.90508333300000E+03, -2.33105729138919E+00, -2.30750000000000E+00, -5.95702221453021E-03,  5.41899999999999E+01,  5.47067729502953E+04,  6.17740524817609E+04
 1.90516666700000E+03, -2.44606337985930E+00, -2.62000000000000E+00, -7.52934291330435E-03,  5.43699999999999E+01,  4.31513044567730E+04,  5.19915046521161E+04
 1.90525000000000E+03, -2.44853129430307E+00, -1.85500000000000E+00, -9.09471373809583E-03,  5.45499999999999E+01,  3.86924197888277E+04,  5.35976912904426E+04
 1.90533333300000E+03, -2.41991120570269E+00, -1.11500000000000E+00, -1.06530420058483E-02,  5.47299999999999E+01,  4.85737875918282E+04,  7.31414934824859E+04
 1.90541666700000E+03, -2.40866127358029E+00, -1.09250000000000E+00, -1.22042358968418E-02,  5.49099999999999E+01,  6.95326799918505E+04,  1.03156943837189E+05
 1.90550000000000E+03, -2.40294026104117E+00, -9.95000000000000E-01, -1.37482044609146E-02,  5.50899999999999E+01,  8.95933665473527E+04,  1.26454610126163E+05
 1.90558333300000E+03, -1.62067949385457E+00, -1.67500000000000E+00, -1.52848576233556E-02,  5.52699999999999E+01,  9.66019837775536E+04,  1.28839202652116E+05
 1.90566666700000E+03, -7.76992331554121E-02, -2.70500000000000E+00, -3.27144063615476E-01,  5.54499999999999E+01,  8.69002021166801E+04,  1.10091532873309E+05
 1.90575000000000E+03,  5.97027345450913E-01, -2.76000000000000E+00, -3.27064257582666E-01,  5.56299999999999E+01,  6.75636561387187E+04,  8.43493193392082E+04
 1.90583333300000E+03,  4.36746283690355E-01, -2.52250000000000E+00, -3.26975641395646E-01,  5.58099999999999E+01,  5.07669402133328E+04,  6.95047112637833E+04
 1.90591666700000E+03,  3.07917829639317E-01, -2.01500000000000E+00, -3.26878202258242E-01,  5.59899999999999E+01,  4.49161071352726E+04,  7.40117518488419E+04
 1.90600000000000E+03,  2.38288017021474E-01, -9.95000000000000E-01, -3.26771926719051E-01,  5.61699999999999E+01,  4.94273350091919E+04,  9.14881379421836E+04
 1.90608333300000E+03,  1.80617214731763E-01, -4.17500000000000E-01, -3.26656800672980E-01,  5.63499999999999E+01,  5.68179049082446E+04,  1.07154074561287E+05
 1.90616666700000E+03,  1.58482072726278E-01, -4.00000000000000E-01, -3.26532809363134E-01,  5.65299999999999E+01,  5.98540029070987E+04,  1.10641705616340E+05
 1.90625000000000E+03,  2.46343565375876E-01, -6.97500000000000E-01, -3.26399937383028E-01,  5.67099999999999E+01,  5.76514440161441E+04,  1.04683324540219E+05
 1.90633333300000E+03,  3.61142238279331E-01, -8.35000000000000E-01, -3.26258168679149E-01,  5.68899999999999E+01,  5.58160837768819E+04,  1.02621091136173E+05
 1.90641666700000E+03,  4.52886005742575E-01, -3.25000000000000E-01, -3.26107486553852E-01,  5.70699999999999E+01,  6.07952749363199E+04,  1.16745639566659E+05
 1.90650000000000E+03,  5.31979502213010E-01, -1.25000000000000E-01, -3.25947873668590E-01,  5.72499999999999E+01,  7.33798307495657E+04,  1.46884630305043E+05
 1.90658333300000E+03,  2.14115766504665E-02, -5.87500000000000E-01, -3.25779312047493E-01,  5.74299999999999E+01,  8.69237328599980E+04,  1.78549877733284E+05
 1.90666666700000E+03, -1.09812169034374E+00, -1.06250000000000E+00,  2.87908605326116E-01,  5.76099999999999E+01,  9.19358339807816E+04,  1.92474039286459E+05
 1.90675000000000E+03, -1.73792473101040E+00, -1.00000000000000E+00,  2.89041712538006E-01,  5.77899999999999E+01,  8.34852849563803E+04,  1.78478433147337E+05
 1.90683333300000E+03, -1.85239901196955E+00, -9.57500000000000E-01,  2.90163120720419E-01,  5.79699999999999E+01,  6.55474382151531E+04,  1.43254257422497E+05
 1.90691666700000E+03, -1.92594485983882E+00, -1.59000000000000E+00,  2.91272856721907E-01,  5.81499999999999E+01,  4.87892602524921E+04,  1.06289360089462E+05
 1.90700000000000E+03, -1.93175607467887E+00, -2.31750000000000E+00,  2.92370948322432E-01,  5.83299999999999E+01,  4.33868833313314E+04,  8.70555088910667E+04
 1.90708333300000E+03, -1.91808652120437E+00, -2.79750000000000E+00,  2.93457424211040E-01,  5.85099999999999E+01,  5.22300428325246E+04,  9.28021127669520E+04
 1.90716666700000E+03, -1.86243064679194E+00, -2.50250000000000E+00,  2.94532313963435E-01,  5.86899999999999E+01,  6.94193549710409E+04,  1.15325201680225E+05
 1.90725000000000E+03, -1.69143795693564E+00, -1.77250000000000E+00,  2.95595648019458E-01,  5.88699999999999E+01,  8.48128726114149E+04,  1.38053888407907E+05
 1.90733333300000E+03, -1.48930060533681E+00, -1.74250000000000E+00,  2.96647457660487E-01,  5.90499999999999E+01,  9.08899852387682E+04,  1.47387217305347E+05
 1.90741666700000E+03, -1.30714899358435E+00, -2.30500000000000E+00,  2.97687774986758E-01,  5.92299999999999E+01,  8.68305578387744E+04,  1.39971398202791E+05
 1.90750000000000E+03, -1.13570659728951E+00, -2.78750000000000E+00,  2.98716632894622E-01,  5.94099999999999E+01,  7.73007360045488E+04,  1.21712241666893E+05
 1.90758333300000E+03, -1.05783063431008E+00, -2.68250000000000E+00,  2.99734065053739E-01,  5.95899999999999E+01,  6.77042976013676E+04,  1.01003287281925E+05
 1.90766666700000E+03, -1.12176163188611E+00, -2.18750000000000E+00, -1.29385967860167E-01,  5.97699999999999E+01,  6.01471025409692E+04,  8.25161054300959E+04
 1.90775000000000E+03, -1.25899975384348E+00, -2.07250000000000E+00, -1.29221556750235E-01,  5.99499999999999E+01,  5.32472209104171E+04,  6.62651775348581E+04
 1.90783333300000E+03, -1.39834228713703E+00, -2.12250000000000E+00, -1.29044420746550E-01,  6.01299999999999E+01,  4.53654934708104E+04,  5.14542633437101E+04
 1.90791666700000E+03, -1.50192178953060E+00, -2.06250000000000E+00, -1.28854552944633E-01,  6.03099999999999E+01,  3.78897563214154E+04,  4.04600457793417E+04
 1.90800000000000E+03, -1.54268168468106E+00, -2.18000000000000E+00, -1.28651946586681E-01,  6.04899999999999E+01,  3.52839497683103E+04,  3.85950143614701E+04
 1.90808333300000E+03, -1.56859858000554E+00, -2.30750000000000E+00, -1.28436595064630E-01,  6.06699999999999E+01,  4.15415557792259E+04,  4.94767623648195E+04
 1.90816666700000E+03, -1.55686664510484E+00, -2.27250000000000E+00, -1.28208491923468E-01,  6.08499999999999E+01,  5.59490765525121E+04,  7.01273242583214E+04
 1.90825000000000E+03, -1.43381583613717E+00, -2.02250000000000E+00, -1.27967630864784E-01,  6.10299999999999E+01,  7.19248148955439E+04,  9.05915239918858E+04
 1.90833333300000E+03, -1.28330308564887E+00, -1.46500000000000E+00, -1.27714005750561E-01,  6.12099999999999E+01,  8.04080138578581E+04,  9.93091378476649E+04
 1.90841666700000E+03, -1.15611132013289E+00, -6.32500000000000E-01, -1.27447610607217E-01,  6.13899999999999E+01,  7.56585378142493E+04,  9.06660896225744E+04
 1.90850000000000E+03, -1.04260749623711E+00,  1.25000000000000E-02, -1.27168439629874E-01,  6.15699999999999E+01,  5.92783563323951E+04,  6.90766392418222E+04
 1.90858333300000E+03, -9.38388395579934E-01, -9.00000000000000E-02, -1.26876487186881E-01,  6.17499999999999E+01,  3.94235504087604E+04,  4.63451623547607E+04
 1.90866666700000E+03, -8.77181949958462E-01, -6.92500000000000E-01,  9.32644104404021E-03,  6.19299999999999E+01,  2.56568757356216E+04,  3.40386970984226E+04
 1.90875000000000E+03, -9.53482458108209E-01, -1.18250000000000E+00,  7.69281413710040E-03,  6.21099999999999E+01,  2.30296073519495E+04,  3.62604753364583E+04
 1.90883333300000E+03, -1.11721334165984E+00, -1.35000000000000E+00,  6.06521382813405E-03,  6.22899999999999E+01,  2.94319153075864E+04,  4.77704014455116E+04
 1.90891666700000E+03, -1.26080292162472E+00, -1.22500000000000E+00,  4.44374063837268E-03,  6.24699999999999E+01,  3.77719491632272E+04,  5.83402829547063E+04
 1.90900000000000E+03, -1.35626236394450E+00, -1.15500000000000E+00,  2.82849430104201E-03,  6.26499999999999E+01,  4.10934763329561E+04,  5.97901198619497E+04
 1.90908333300000E+03, -1.45039898504874E+00, -1.20250000000000E+00,  1.21957375207426E-03,  6.28299999999999E+01,  3.68913957631508E+04,  5.06521932617832E+04
 1.90916666700000E+03, -1.51902561850136E+00, -1.21000000000000E+00, -3.82922878860846E-04,  6.30099999999999E+01,  2.78518482311068E+04,  3.57065383898601E+04
 1.90925000000000E+03, -1.48690669782880E+00, -9.87500000000000E-01, -1.97889827700726E-03,  6.31899999999999E+01,  1.90744496783266E+04,  2.16349731241466E+04
 1.90933333300000E+03, -1.43617958464906E+00, -7.00000000000000E-01, -3.56825595085058E-03,  6.33699999999999E+01,  1.42814130869148E+04,  1.25707295000871E+04
 1.90941666700000E+03, -1.41578539542466E+00, -1.05000000000000E+00, -5.15090024012173E-03,  6.35499999999999E+01,  1.38354405431336E+04,  8.66345587066480E+03
 1.90950000000000E+03, -1.41415990472500E+00, -1.33500000000000E+00, -6.72673632348316E-03,  6.37299999999999E+01,  1.55985513856552E+04,  7.87923701815178E+03
 1.90958333300000E+03, -1.37870264317534E+00, -1.09000000000000E+00, -8.29567022588669E-03,  6.39099999999999E+01,  1.73741454260620E+04,  8.70006493736683E+03
 1.90966666700000E+03, -1.34132288321307E+00, -1.13000000000000E+00, -1.67919510483629E-01,  6.40899999999999E+01,  1.86912951019345E+04,  1.11742412994591E+04
 1.90975000000000E+03, -1.48590916582497E+00, -1.74250000000000E+00, -1.69314176622726E-01,  6.42699999999999E+01,  2.06066016886659E+04,  1.57479797317310E+04
 1.90983333300000E+03, -1.75805823016365E+00, -2.39250000000000E+00, -1.70714245436061E-01,  6.44499999999999E+01,  2.40523801317551E+04,  2.15127942702312E+04
 1.90991666700000E+03, -2.00147132387368E+00, -2.64000000000000E+00, -1.72119592600588E-01,  6.46299999999999E+01,  2.84426351765319E+04,  2.59607200595761E+04
 1.91000000000000E+03, -2.18742144476428E+00, -2.72500000000000E+00, -1.73530093179625E-01,  6.48099999999999E+01,  3.18522932103418E+04,  2.67565648598383E+04
 1.91008333300000E+03, -2.36210706238976E+00, -2.65250000000000E+00, -1.74945621637810E-01,  6.49900000000000E+01,  3.25794079623295E+04,  2.39548243482762E+04
 1.91016666700000E+03, -2.50086439557579E+00, -2.68250000000000E+00, -1.76366051856333E-01,  6.51700000000000E+01,  3.06441756096250E+04,  2.04578115541077E+04
 1.91025000000000E+03, -2.52811503396869E+00, -3.03250000000000E+00, -1.77791257148503E-01,  6.53500000000000E+01,  2.78415770391346E+04,  1.99560008403503E+04
 1.91033333300000E+03, -2.52578753340419E+00, -3.36250000000000E+00, -1.79221110275594E-01,  6.55300000000000E+01,  2.62487861683783E+04,  2.38672625847718E+04
 1.91041666700000E+03, -2.54274733760540E+00, -3.36000000000000E+00, -1.80655483463001E-01,  6.57100000000000E+01,  2.64595782789386E+04,  2.98713143985791E+04
 1.91050000000000E+03, -2.56748569996549E+00, -2.97500000000000E+00, -1.82094248416696E-01,  6.58900000000000E+01,  2.70894112139609E+04,  3.34789917737173E+04
 1.91058333300000E+03, -2.20650899722686E+00, -2.26250000000000E+00, -1.83537276339969E-01,  6.60700000000000E+01,  2.60281528843875E+04,  3.15650790491588E+04
 1.91066666700000E+03, -1.48398710706276E+00, -1.63250000000000E+00,  1.25488803551169E-02,  6.62500000000000E+01,  2.24120811112998E+04,  2.50305478703436E+04
 1.91075000000000E+03, -1.26367769096106E+00, -1.39000000000000E+00,  1.44701112696352E-02,  6.64300000000000E+01,  1.76208753530666E+04,  1.83046083868285E+04
 1.91083333300000E+03, -1.51008946636672E+00, -1.45000000000000E+00,  1.63821532716944E-02,  6.66100000000000E+01,  1.43663408872333E+04,  1.59170936991425E+04
 1.91091666700000E+03, -1.73874692175303E+00, -2.01750000000000E+00,  1.82849020796939E-02,  6.67900000000000E+01,  1.45276709977552E+04,  1.88504419741314E+04
 1.91100000000000E+03, -1.91993972093922E+00, -2.48250000000000E+00,  2.01782549128376E-02,  6.69700000000000E+01,  1.74971322136580E+04,  2.37382135099074E+04
 1.91108333300000E+03, -2.09867489844691E+00, -2.64750000000000E+00,  2.20621104946660E-02,  6.71500000000000E+01,  2.04844018572999E+04,  2.57964851610526E+04
 1.91116666700000E+03, -2.24893840720305E+00, -2.95250000000000E+00,  2.39363690560768E-02,  6.73300000000000E+01,  2.06873387216542E+04,  2.33113750280894E+04
 1.91125000000000E+03, -2.29369297345621E+00, -3.21000000000000E+00,  2.58009323378260E-02,  6.75100000000000E+01,  1.76825123897654E+04,  2.00185918755108E+04
 1.91133333300000E+03, -2.31334939546056E+00, -3.09750000000000E+00,  2.76557035925085E-02,  6.76900000000001E+01,  1.40866116042379E+04,  2.31004253556978E+04
 1.91141666700000E+03, -2.35524426183170E+00, -2.45500000000000E+00,  2.95005875860429E-02,  6.78700000000001E+01,  1.37934413999433E+04,  3.78492825279839E+04
 1.91150000000000E+03, -2.40637353759024E+00, -1.58250000000000E+00,  3.13354905986313E-02,  6.80500000000001E+01,  1.89726073512127E+04,  6.27885910377336E+04
 1.91158333300000E+03, -2.12464842749584E+00, -1.02750000000000E+00,  3.31603204252370E-02,  6.82300000000001E+01,  2.80687293492921E+04,  8.90388087029578E+04
 1.91166666700000E+03, -1.48880389993328E+00, -1.02500000000000E+00,  3.06532430780618E-01,  6.84100000000001E+01,  3.64107328274037E+04,  1.04846723237330E+05
 1.91175000000000E+03, -1.20972733379903E+00, -1.42500000000000E+00,  3.07459834319604E-01,  6.85900000000001E+01,  3.91560644437115E+04,  1.02512953715136E+05
 1.91183333300000E+03, -1.29188025182014E+00, -1.85250000000000E+00,  3.08376145867768E-01,  6.87700000000001E+01,  3.45526393453554E+04,  8.31524959332028E+04
 1.91191666700000E+03, -1.34704380351213E+00, -2.01500000000000E+00,  3.09281405562833E-01,  6.89500000000001E+01,  2.52118764300024E+04,  5.61281376933627E+04
 1.91200000000000E+03, -1.34761971435229E+00, -2.25000000000000E+00,  3.10175654063609E-01,  6.91300000000001E+01,  1.64762327713898E+04,  3.35834278612975E+04
 1.91208333300000E+03, -1.34089764190314E+00, -2.42500000000000E+00,  3.11058932527115E-01,  6.93100000000001E+01,  1.30101744654796E+04,  2.36968449898124E+04
 1.91216666700000E+03, -1.30326625886925E+00, -2.15000000000000E+00,  3.11931282585738E-01,  6.94900000000001E+01,  1.59494817681989E+04,  2.68785910549645E+04
 1.91225000000000E+03, -1.16015922575483E+00, -1.66250000000000E+00,  3.12792746324441E-01,  6.96700000000001E+01,  2.24658012936366E+04,  3.68809569739790E+04
 1.91233333300000E+03, -9.94474459342306E-01, -1.36000000000000E+00,  3.13643366258034E-01,  6.98500000000001E+01,  2.78543224204792E+04,  4.54603839901947E+04
 1.91241666700000E+03, -8.56000881482115E-01, -1.67000000000000E+00,  3.14483185308507E-01,  7.00300000000001E+01,  2.85489906692440E+04,  4.71954279986374E+04
 1.91250000000000E+03, -7.34103218811218E-01, -2.63750000000000E+00,  3.15312246782432E-01,  7.02100000000002E+01,  2.40171603507261E+04,  4.15626177342325E+04
 1.91258333300000E+03, -1.03218665070748E+00, -3.22000000000000E+00,  3.16130594348448E-01,  7.03900000000002E+01,  1.64953285877125E+04,  3.17057939228741E+04
 1.91266666700000E+03, -1.80118123316191E+00, -2.82750000000000E+00, -2.09028805769650E-01,  7.05700000000002E+01,  9.12902480117291E+03,  2.15910197713581E+04
 1.91275000000000E+03, -2.33100826688960E+00, -2.41000000000000E+00, -2.07382478887250E-01,  7.07500000000002E+01,  4.05346133312289E+03,  1.38369003907561E+04
 1.91283333300000E+03, -2.54397261958600E+00, -2.31750000000000E+00, -2.05724486553529E-01,  7.09300000000002E+01,  1.67418486004616E+03,  9.33670397685054E+03
 1.91291666700000E+03, -2.71772091411323E+00, -2.49000000000000E+00, -2.04054865692640E-01,  7.11100000000002E+01,  1.26845988130373E+03,  8.09167076231375E+03
 1.91300000000000E+03, -2.82313859043577E+00, -2.64250000000000E+00, -2.02373654861464E-01,  7.12900000000002E+01,  2.02837980321424E+03,  9.90498011679440E+03
 1.91308333300000E+03, -2.90618608364968E+00, -2.38000000000000E+00, -2.00680894258557E-01,  7.14700000000002E+01,  3.56692325072571E+03,  1.42032829372462E+04
 1.91316666700000E+03, -2.94212786637279E+00, -2.74750000000000E+00, -1.98976625732647E-01,  7.16500000000002E+01,  5.64383197670378E+03,  1.94641943776915E+04
 1.91325000000000E+03, -2.85549561995645E+00, -3.88000000000000E+00, -1.97260892790653E-01,  7.18300000000002E+01,  7.68316157899027E+03,  2.32979549493697E+04
 1.91333333300000E+03, -2.72852368823716E+00, -4.75500000000000E+00, -1.95533740605237E-01,  7.20100000000002E+01,  8.80218452927242E+03,  2.36138006273191E+04
 1.91341666700000E+03, -2.61059065047703E+00, -5.04500000000000E+00, -1.93795216021880E-01,  7.21900000000002E+01,  8.46528243130936E+03,  2.01077625840027E+04
 1.91350000000000E+03, -2.49091714856023E+00, -4.69000000000000E+00, -1.92045367565466E-01,  7.23700000000002E+01,  7.13523796412902E+03,  1.47250507716377E+04
 1.91358333300000E+03, -2.51241139238134E+00, -4.33500000000000E+00, -1.90284245446377E-01,  7.25500000000002E+01,  6.16051092978397E+03,  1.04365370584065E+04
 1.91366666700000E+03, -2.72340614233711E+00, -4.18000000000000E+00, -4.18424936087697E-01,  7.27300000000002E+01,  6.78837723451868E+03,  9.11538248602669E+03
 1.91375000000000E+03, -2.93708444724081E+00, -4.12000000000000E+00, -4.18079943013034E-01,  7.29100000000003E+01,  9.05979005017192E+03,  1.02277901452695E+04
 1.91383333300000E+03, -3.08836143676273E+00, -4.05000000000000E+00, -4.17725879117757E-01,  7.30900000000003E+01,  1.15999960909963E+04,  1.15353097726097E+04
 1.91391666700000E+03, -3.20272655459216E+00, -3.32750000000000E+00, -4.17362717973147E-01,  7.32700000000003E+01,  1.26459160707173E+04,  1.13471711397876E+04
 1.91400000000000E+03, -3.25225485075359E+00, -2.72750000000000E+00, -4.16990435075663E-01,  7.34500000000003E+01,  1.15630601148269E+04,  1.04256472605645E+04
 1.91408333300000E+03, -3.28406788014335E+00, -3.16750000000000E+00, -4.16609007858453E-01,  7.36300000000003E+01,  9.55620673326909E+03,  1.17408587932812E+04
 1.91416666700000E+03, -3.27453593662561E+00, -3.78750000000000E+00, -4.16218415702348E-01,  7.38100000000003E+01,  8.83375742228030E+03,  1.79778536749133E+04
 1.91425000000000E+03, -3.14921417944991E+00, -3.59250000000000E+00, -4.15818639946303E-01,  7.39900000000003E+01,  1.07730032966079E+04,  2.86956037750163E+04
 1.91433333300000E+03, -2.99125141508041E+00, -3.21750000000000E+00, -4.15409663897299E-01,  7.41700000000003E+01,  1.45863580208009E+04,  3.96178434829246E+04
 1.91441666700000E+03, -2.85080601670293E+00, -3.62250000000000E+00, -4.14991472839693E-01,  7.43500000000003E+01,  1.77270352977113E+04,  4.50461073292641E+04
 1.91450000000000E+03, -2.71771978719479E+00, -4.02750000000000E+00, -4.14564054044016E-01,  7.45300000000003E+01,  1.78956125491411E+04,  4.18777069146222E+04
 1.91458333300000E+03, -2.13338915455169E+00, -3.40250000000000E+00, -4.14127396775217E-01,  7.47100000000003E+01,  1.50992229265262E+04,  3.21954788535082E+04
 1.91466666700000E+03, -1.10317751175605E+00, -2.15500000000000E+00, -2.93389773844696E-01,  7.48900000000003E+01,  1.19895744717392E+04,  2.22263686511541E+04
 1.91475000000000E+03, -5.99712110689065E-01, -1.50500000000000E+00, -2.94500468689882E-01,  7.50700000000003E+01,  1.19779126530488E+04,  1.81598024212498E+04
 1.91483333300000E+03, -5.98863189097341E-01, -1.78000000000000E+00, -2.95616099184452E-01,  7.52500000000003E+01,  1.64566086660528E+04,  2.18224961797143E+04
 1.91491666700000E+03, -5.67216299925485E-01, -1.92500000000000E+00, -2.96736515759973E-01,  7.54300000000003E+01,  2.33515391028033E+04,  2.94879399301767E+04
 1.91500000000000E+03, -4.78382555959016E-01, -1.50750000000000E+00, -2.97861567686237E-01,  7.56100000000004E+01,  2.83512771595182E+04,  3.48038051562022E+04
 1.91508333300000E+03, -3.80981629090845E-01, -9.17500000000000E-01, -2.98991103088474E-01,  7.57900000000004E+01,  2.80873029216749E+04,  3.36582270106955E+04
 1.91516666700000E+03, -2.52821589272237E-01, -1.85000000000000E-01, -3.00124968965008E-01,  7.59700000000004E+01,  2.28880985185948E+04,  2.72591707617090E+04
 1.91525000000000E+03, -2.08125537501244E-02,  8.97500000000000E-01, -3.01263011205368E-01,  7.61500000000004E+01,  1.68809362517668E+04,  2.10495369358857E+04
 1.91533333300000E+03,  2.30646673649884E-01,  2.16500000000000E+00, -3.02405074608852E-01,  7.63300000000004E+01,  1.51646009036326E+04,  2.03230057871808E+04
 1.91541666700000E+03,  4.50274052683843E-01,  2.91000000000000E+00, -3.03551002903536E-01,  7.65100000000004E+01,  2.00588685452020E+04,  2.59968067928144E+04
 1.91550000000000E+03,  6.47250587091493E-01,  2.84750000000000E+00, -3.04700638765753E-01,  7.66900000000004E+01,  2.92452610684061E+04,  3.38631694459316E+04
 1.91558333300000E+03,  5.02624685260390E-01,  2.34250000000000E+00, -3.05853823840003E-01,  7.68700000000004E+01,  3.72498447039310E+04,  3.78652603026346E+04
 1.91566666700000E+03, -2.08508704599430E-02,  1.58000000000000E+00, -3.94806093291947E-01,  7.70500000000004E+01,  3.91973321341504E+04,  3.47415543860136E+04
 1.91575000000000E+03, -3.69512291508068E-01,  6.12500000000000E-01, -3.95128747811869E-01,  7.72300000000004E+01,  3.40480418604987E+04,  2.63364428268923E+04
 1.91583333300000E+03, -4.79089719392289E-01,  6.00000000000000E-02, -3.95454893025094E-01,  7.74100000000004E+01,  2.49687230790767E+04,  1.78320676323274E+04
 1.91591666700000E+03, -5.56848656935669E-01, -6.75000000000000E-02, -3.95784436312719E-01,  7.75900000000004E+01,  1.67336900946094E+04,  1.35133260021142E+04
 1.91600000000000E+03, -5.75904079794290E-01, -4.25000000000000E-01, -3.96117283653265E-01,  7.77700000000004E+01,  1.23149775361790E+04,  1.36674017159160E+04
 1.91608333300000E+03, -5.84386280534178E-01, -8.35000000000000E-01, -3.96453339634362E-01,  7.79500000000004E+01,  1.13083781136592E+04,  1.51833196607688E+04
 1.91616666700000E+03, -5.59625127923253E-01, -1.01750000000000E+00, -3.96792507464752E-01,  7.81300000000005E+01,  1.12119909136729E+04,  1.52051339767863E+04
 1.91625000000000E+03, -4.28068131808903E-01, -7.82500000000000E-01, -3.97134688986604E-01,  7.83100000000005E+01,  1.02019134897003E+04,  1.44992655059196E+04
 1.91633333300000E+03, -2.73671442298041E-01, -1.32500000000000E-01, -3.97479784688151E-01,  7.84900000000005E+01,  8.89749169758317E+03,  1.73410378085071E+04
 1.91641666700000E+03, -1.47298650775665E-01, -2.50000000000000E-03, -3.97827693716643E-01,  7.86700000000005E+01,  9.60263837381345E+03,  2.76830667825357E+04
 1.91650000000000E+03, -3.93785996639557E-02, -3.52500000000000E-01, -3.98178313891626E-01,  7.88500000000005E+01,  1.37761820372220E+04,  4.47134644489305E+04
 1.91658333300000E+03, -5.26065729638539E-01, -2.87500000000000E-01, -3.98531541718543E-01,  7.90300000000005E+01,  2.00809158504399E+04,  6.17808996191466E+04
 1.91666666700000E+03, -1.62952383839105E+00, -2.57500000000000E-01, -4.17017889830874E-01,  7.92100000000005E+01,  2.49096076556922E+04,  7.01583106430035E+04
 1.91675000000000E+03, -2.26680221153252E+00, -9.95000000000000E-01, -4.16714074666010E-01,  7.93900000000005E+01,  2.51444158177100E+04,  6.51504812370786E+04
 1.91683333300000E+03, -2.38988868256984E+00, -1.91750000000000E+00, -4.16406636574743E-01,  7.95700000000005E+01,  2.08880468442269E+04,  4.98671689715872E+04
 1.91691666700000E+03, -2.47898103024670E+00, -2.38500000000000E+00, -4.16095686581694E-01,  7.97500000000005E+01,  1.57630217951819E+04,  3.35051867253192E+04
 1.91700000000000E+03, -2.50691998670874E+00, -2.87500000000000E+00, -4.15781336125892E-01,  7.99300000000005E+01,  1.43053259852333E+04,  2.51534835436605E+04
 1.91708333300000E+03, -2.52156867397578E+00, -3.50000000000000E+00, -4.15463697033580E-01,  8.01100000000005E+01,  1.84131988541828E+04,  2.76755881027854E+04
 1.91716666700000E+03, -2.49999943048940E+00, -3.66000000000000E+00, -4.15142881491039E-01,  8.02900000000005E+01,  2.57046380738784E+04,  3.62530994797566E+04
 1.91725000000000E+03, -2.36841443318418E+00, -3.17750000000000E+00, -4.14819002017447E-01,  8.04700000000005E+01,  3.11834874857804E+04,  4.25848504041725E+04
 1.91733333300000E+03, -2.21053921488328E+00, -2.42000000000000E+00, -4.14492171437780E-01,  8.06500000000005E+01,  3.09612173387708E+04,  4.13520865084797E+04
 1.91741666700000E+03, -2.07702391414153E+00, -1.92500000000000E+00, -4.14162502855761E-01,  8.08300000000006E+01,  2.51079558477387E+04,  3.38868756478654E+04
 1.91750000000000E+03, -1.95810343482572E+00, -1.91500000000000E+00, -4.13830109626860E-01,  8.10100000000006E+01,  1.74111912562894E+04,  2.63559184919535E+04
 1.91758333300000E+03, -1.84233713712273E+00, -2.19750000000000E+00, -4.13495105331358E-01,  8.11900000000006E+01,  1.23366647413369E+04,  2.42464892955388E+04
 1.91766666700000E+03, -1.75661952388536E+00, -2.75250000000000E+00, -4.04452644963167E-01,  8.13700000000006E+01,  1.17300157518965E+04,  2.78551307358732E+04
 1.91775000000000E+03, -1.79864217986897E+00, -3.21750000000000E+00, -4.04286203449186E-01,  8.15500000000006E+01,  1.39066347288460E+04,  3.24653307733095E+04
 1.91783333300000E+03, -1.91751446436844E+00, -3.10500000000000E+00, -4.04114556450918E-01,  8.17300000000006E+01,  1.56818439396462E+04,  3.28472166204200E+04
 1.91791666700000E+03, -2.00214534391746E+00, -2.35500000000000E+00, -4.03937662509467E-01,  8.19100000000006E+01,  1.53910938780329E+04,  2.80419628085562E+04
 1.91800000000000E+03, -2.02537160911959E+00, -1.60000000000000E+00, -4.03755479200493E-01,  8.20900000000006E+01,  1.41863786674810E+04,  2.22105222604905E+04
 1.91808333300000E+03, -2.03505266880368E+00, -1.43000000000000E+00, -4.03567963154118E-01,  8.22700000000006E+01,  1.45255215766729E+04,  2.07969384957488E+04
 1.91816666700000E+03, -2.00825743720910E+00, -1.48000000000000E+00, -4.03375070075183E-01,  8.24500000000006E+01,  1.73688724670779E+04,  2.54258331412837E+04
 1.91825000000000E+03, -1.87118501982467E+00, -1.79500000000000E+00, -4.03176754763850E-01,  8.26300000000006E+01,  2.08542578778419E+04,  3.22043887460942E+04
 1.91833333300000E+03, -1.70755829784491E+00, -2.70000000000000E+00, -4.02972971136533E-01,  8.28100000000006E+01,  2.19470647466986E+04,  3.52355849236149E+04
 1.91841666700000E+03, -1.56802524755887E+00, -3.62000000000000E+00, -4.02763672247174E-01,  8.29900000000006E+01,  1.97854201549078E+04,  3.25058828541300E+04
 1.91850000000000E+03, -1.44281917207434E+00, -3.87000000000000E+00, -4.02548810308843E-01,  8.31700000000006E+01,  1.76029293559188E+04,  2.88793985767854E+04
 1.91858333300000E+03, -1.59115869816366E+00, -3.79500000000000E+00, -4.02328336715659E-01,  8.33500000000006E+01,  2.09858326336386E+04,  3.29976829405159E+04
 1.91866666700000E+03, -2.04226554373941E+00, -3.45750000000000E+00, -4.15346612726649E-01,  8.35300000000007E+01,  3.32929590918153E+04,  4.99751401049277E+04
 1.91875000000000E+03, -2.35502664912855E+00, -2.96000000000000E+00, -4.15163130693322E-01,  8.37100000000007E+01,  5.18161083121532E+04,  7.57165677422079E+04
 1.91883333300000E+03, -2.47660165749614E+00, -2.71000000000000E+00, -4.14981237506391E-01,  8.38900000000007E+01,  6.82106247713590E+04,  9.79905470470383E+04
 1.91891666700000E+03, -2.56442413393206E+00, -2.44250000000000E+00, -4.14801024094263E-01,  8.40700000000007E+01,  7.36053588594176E+04,  1.04286002499054E+05
 1.91900000000000E+03, -2.59133513888821E+00, -1.84750000000000E+00, -4.14622579857274E-01,  8.42500000000007E+01,  6.49482767152715E+04,  9.08990000862430E+04
 1.91908333300000E+03, -2.60519737993295E+00, -1.35250000000000E+00, -4.14445992654606E-01,  8.44300000000007E+01,  4.77292338891753E+04,  6.62259280671439E+04
 1.91916666700000E+03, -2.58308205857014E+00, -1.26250000000000E+00, -4.14271348791578E-01,  8.46100000000007E+01,  3.26362635264546E+04,  4.53394888483743E+04
 1.91925000000000E+03, -2.45118951770951E+00, -1.18500000000000E+00, -4.14098733007316E-01,  8.47900000000007E+01,  2.82737199197262E+04,  3.95814134364493E+04
 1.91933333300000E+03, -2.29324279014938E+00, -1.53250000000000E+00, -4.13928228462801E-01,  8.49700000000007E+01,  3.52515146741279E+04,  4.88982709706547E+04
 1.91941666700000E+03, -2.15988888383086E+00, -2.24500000000000E+00, -4.13759916729281E-01,  8.51500000000007E+01,  4.61220122264529E+04,  6.27005490097335E+04
 1.91950000000000E+03, -2.04135898164998E+00, -2.46000000000000E+00, -4.13593877777068E-01,  8.53300000000007E+01,  5.12762805647759E+04,  6.85219421165560E+04
 1.91958333300000E+03, -1.87583521144094E+00, -2.15250000000000E+00, -4.13430189964689E-01,  8.55100000000007E+01,  4.63393964531980E+04,  6.17430648140112E+04
 1.91966666700000E+03, -1.69439124841111E+00, -1.80500000000000E+00, -2.26620232122662E-01,  8.56900000000007E+01,  3.54180975297731E+04,  4.88645328119693E+04
 1.91975000000000E+03, -1.69968039752777E+00, -1.77250000000000E+00, -2.26564835688481E-01,  8.58700000000007E+01,  2.77438547614311E+04,  4.19106058919940E+04
 1.91983333300000E+03, -1.83669485358527E+00, -2.23000000000000E+00, -2.26522027060763E-01,  8.60500000000008E+01,  3.03641701122711E+04,  4.85045945129481E+04
 1.91991666700000E+03, -1.93981298167513E+00, -3.18500000000000E+00, -2.26491820367001E-01,  8.62300000000008E+01,  4.25681290332319E+04,  6.54891443702698E+04
 1.92000000000000E+03, -1.98186004150728E+00, -4.05250000000000E+00, -2.26474228330496E-01,  8.64100000000008E+01,  5.63177441594755E+04,  8.10702551100457E+04
 1.92008333300000E+03, -2.01068530373445E+00, -4.31250000000000E+00, -2.26469262267969E-01,  8.65900000000008E+01,  6.22382642488838E+04,  8.36993798532619E+04
 1.92016666700000E+03, -2.00334889697191E+00, -4.11750000000000E+00, -2.26476932087160E-01,  8.67700000000008E+01,  5.64416239276454E+04,  7.06717732348522E+04
 1.92025000000000E+03, -1.88604245674553E+00, -3.44500000000000E+00, -2.26497246284410E-01,  8.69500000000008E+01,  4.29667914102696E+04,  4.98176058262243E+04
 1.92033333300000E+03, -1.74248267709672E+00, -2.81000000000000E+00, -2.26530211942219E-01,  8.71300000000008E+01,  3.02127222723608E+04,  3.32513172951136E+04
 1.92041666700000E+03, -1.62331259992779E+00, -2.73500000000000E+00, -2.26575834726789E-01,  8.73100000000008E+01,  2.44641295851813E+04,  2.83625115428525E+04
 1.92050000000000E+03, -1.51876182005420E+00, -2.85000000000000E+00, -2.26634118885548E-01,  8.74900000000008E+01,  2.56921923638760E+04,  3.31309951586574E+04
 1.92058333300000E+03, -1.61871441389404E+00, -2.90500000000000E+00, -2.26705067244651E-01,  8.76700000000008E+01,  2.86962688658200E+04,  3.90713612958430E+04
 1.92066666700000E+03, -1.97035350378393E+00, -2.81500000000000E+00, -2.76307796759315E-01,  8.78500000000008E+01,  2.82020245011490E+04,  3.88912820781484E+04
 1.92075000000000E+03, -2.28755261127620E+00, -3.10250000000000E+00, -2.75352378877729E-01,  8.80300000000008E+01,  2.34338634520507E+04,  3.23735521543707E+04
 1.92083333300000E+03, -2.49620605967081E+00, -3.57000000000000E+00, -2.74403070817817E-01,  8.82100000000008E+01,  1.84008565221033E+04,  2.58398325473079E+04
 1.92091666700000E+03, -2.66475429889907E+00, -3.31750000000000E+00, -2.73459995840262E-01,  8.83900000000008E+01,  1.79337494206347E+04,  2.60936415411809E+04
 1.92100000000000E+03, -2.76598714086861E+00, -2.90250000000000E+00, -2.72523276333660E-01,  8.85700000000008E+01,  2.31249819070605E+04,  3.42805449918987E+04
 1.92108333300000E+03, -2.84775524503227E+00, -2.90000000000000E+00, -2.71593033799650E-01,  8.87500000000009E+01,  3.02280482708844E+04,  4.49287148358174E+04
 1.92116666700000E+03, -2.88715529924045E+00, -2.94500000000000E+00, -2.70669388838333E-01,  8.89300000000009E+01,  3.39915135783389E+04,  5.08429444993782E+04
 1.92125000000000E+03, -2.81044878503809E+00, -2.75250000000000E+00, -2.69752461133997E-01,  8.91100000000009E+01,  3.25028220494962E+04,  4.94896214563208E+04
 1.92133333300000E+03, -2.70145345614340E+00, -2.54500000000000E+00, -2.68842369441153E-01,  8.92900000000009E+01,  2.92363884013548E+04,  4.52835712564326E+04
 1.92141666700000E+03, -2.61094239277196E+00, -2.14750000000000E+00, -2.67939231570851E-01,  8.94700000000009E+01,  3.03331742550027E+04,  4.57471953303749E+04
 1.92150000000000E+03, -2.52930183847567E+00, -1.78750000000000E+00, -2.67043164377310E-01,  8.96500000000009E+01,  3.92283077490628E+04,  5.47881261573454E+04
 1.92158333300000E+03, -2.27908301479294E+00, -2.07750000000000E+00, -2.66154283744841E-01,  8.98300000000009E+01,  5.31259842105867E+04,  6.88462244173469E+04
 1.92166666700000E+03, -1.88843439196682E+00, -1.89000000000000E+00, -3.60108028109320E-03,  9.00100000000009E+01,  6.44408577619598E+04,  7.92790034497229E+04
 1.92175000000000E+03, -1.78980383971000E+00, -1.50250000000000E+00, -3.18369789034204E-03,  9.01900000000009E+01,  6.62755337814863E+04,  7.91076361242593E+04
 1.92183333300000E+03, -1.93363082635687E+00, -1.76000000000000E+00, -2.78109657875119E-03,  9.03700000000009E+01,  5.76337855534750E+04,  6.85650223456044E+04
 1.92191666700000E+03, -2.04271765379502E+00, -1.78250000000000E+00, -2.39330740805289E-03,  9.05500000000009E+01,  4.41957403606655E+04,  5.48713478841150E+04
 1.92200000000000E+03, -2.08985539939733E+00, -1.94250000000000E+00, -2.02036065876308E-03,  9.07300000000009E+01,  3.40328020234651E+04,  4.64727795739826E+04
 1.92208333300000E+03, -2.12286663497056E+00, -2.58500000000000E+00, -1.66228583560669E-03,  9.09100000000009E+01,  3.17024490075804E+04,  4.65607544202136E+04
 1.92216666700000E+03, -2.11879232415411E+00, -3.34500000000000E+00, -1.31911167276941E-03,  9.10900000000009E+01,  3.53964619799651E+04,  5.11978540802917E+04
 1.92225000000000E+03, -2.00381240509123E+00, -3.70750000000000E+00, -9.90866138971499E-04,  9.12700000000009E+01,  3.92292348146886E+04,  5.34154410883459E+04
 1.92233333300000E+03, -1.86163916921595E+00, -3.45250000000000E+00, -6.77576442359093E-04,  9.14500000000010E+01,  3.85204607314394E+04,  4.95939072299480E+04
 1.92241666700000E+03, -1.74291828013022E+00, -3.40250000000000E+00, -3.79269035203772E-04,  9.16300000000010E+01,  3.35685243529116E+04,  4.25748614957653E+04
 1.92250000000000E+03, -1.63788862181831E+00, -3.49500000000000E+00, -9.59696184033333E-05,  9.18100000000010E+01,  2.88535622142465E+04,  3.88531665310681E+04
 1.92258333300000E+03, -1.66005761778985E+00, -3.41750000000000E+00,  1.72296854206611E-04,  9.19900000000010E+01,  2.85849813141460E+04,  4.23723384150349E+04
 1.92266666700000E+03, -1.82741730290275E+00, -3.34000000000000E+00, -1.20250479315418E-02,  9.21700000000010E+01,  3.26330682746787E+04,  5.04640225260333E+04
 1.92275000000000E+03, -1.97943171056800E+00, -3.24250000000000E+00, -1.13811645555735E-02,  9.23500000000010E+01,  3.65089302510668E+04,  5.57079583977084E+04
 1.92283333300000E+03, -2.07527032234220E+00, -3.29500000000000E+00, -1.07514701609453E-02,  9.25300000000010E+01,  3.55026601773140E+04,  5.23843806596249E+04
 1.92291666700000E+03, -2.13834816612921E+00, -3.42250000000000E+00, -1.01360088425831E-02,  9.27100000000010E+01,  2.93869159693123E+04,  4.20726573858177E+04
 1.92300000000000E+03, -2.14162226317014E+00, -3.79500000000000E+00, -9.53482381174538E-03,  9.28900000000010E+01,  2.34322766185363E+04,  3.33876312553463E+04
 1.92308333300000E+03, -2.13305369389318E+00, -4.23500000000000E+00, -8.94795740329995E-03,  9.30700000000010E+01,  2.45054668061959E+04,  3.56034923620112E+04
 1.92316666700000E+03, -2.08979534111981E+00, -4.25750000000000E+00, -8.37545108293263E-03,  9.32500000000010E+01,  3.52441208723055E+04,  5.10844689093465E+04
 1.92325000000000E+03, -1.93811348265773E+00, -3.87250000000000E+00, -7.81734545428736E-03,  9.34300000000010E+01,  5.11537259065401E+04,  7.26739567824639E+04
 1.92333333300000E+03, -1.76178232153817E+00, -3.27500000000000E+00, -7.27368026602171E-03,  9.36100000000010E+01,  6.32971570529834E+04,  8.83549704146810E+04
 1.92341666700000E+03, -1.61148627489711E+00, -3.08750000000000E+00, -6.74449441877151E-03,  9.37900000000010E+01,  6.47345592470860E+04,  8.96684701760926E+04
 1.92350000000000E+03, -1.47748118946173E+00, -3.47000000000000E+00, -6.22982597203015E-03,  9.39700000000011E+01,  5.57117102812329E+04,  7.73448938709429E+04
 1.92358333300000E+03, -1.41088089026765E+00, -3.87000000000000E+00, -5.72971215090798E-03,  9.41500000000011E+01,  4.34417389157965E+04,  5.98832341021298E+04
 1.92366666700000E+03, -1.43937140597968E+00, -3.58750000000000E+00, -4.03689570895846E-01,  9.43300000000011E+01,  3.65738561721580E+04,  4.65372873910510E+04
 1.92375000000000E+03, -1.53600423473037E+00, -2.80000000000000E+00, -4.03500152475642E-01,  9.45100000000011E+01,  3.86818786544277E+04,  4.06191609322534E+04
 1.92383333300000E+03, -1.64843424579798E+00, -1.90500000000000E+00, -4.03305341090799E-01,  9.46900000000011E+01,  4.58894114550283E+04,  3.85387875781173E+04
 1.92391666700000E+03, -1.72702593258231E+00, -1.18500000000000E+00, -4.03105091225558E-01,  9.48700000000011E+01,  5.04231184714909E+04,  3.50062373163209E+04
 1.92400000000000E+03, -1.74466419750951E+00, -1.32250000000000E+00, -4.02899356487923E-01,  9.50500000000011E+01,  4.71360554242980E+04,  2.95266283568217E+04
 1.92408333300000E+03, -1.74925050527687E+00, -1.60250000000000E+00, -4.02688089631049E-01,  9.52300000000011E+01,  3.77103772394569E+04,  2.81802769181900E+04
 1.92416666700000E+03, -1.71789001302374E+00, -1.18000000000000E+00, -4.02471242574958E-01,  9.54100000000011E+01,  2.91999879736655E+04,  3.87072758021167E+04
 1.92425000000000E+03, -1.57681252323651E+00, -4.52500000000000E-01, -4.02248766428578E-01,  9.55900000000011E+01,  2.81924733101086E+04,  6.27788616228161E+04
 1.92433333300000E+03, -1.40976635647310E+00, -1.80000000000000E-01, -4.02020611512095E-01,  9.57700000000011E+01,  3.53932227018285E+04,  9.21115018734042E+04
 1.92441666700000E+03, -1.26741997199369E+00, -7.07500000000000E-01, -4.01786727379621E-01,  9.59500000000011E+01,  4.50284864846566E+04,  1.12325304227719E+05
 1.92450000000000E+03, -1.14002251150320E+00, -1.23500000000000E+00, -4.01547062842164E-01,  9.61300000000011E+01,  4.95108670145933E+04,  1.12277325180224E+05
 1.92458333300000E+03, -1.42553685336163E+00, -1.53000000000000E+00, -4.01301565990903E-01,  9.63100000000011E+01,  4.55565030787144E+04,  9.19925249549224E+04
 1.92466666700000E+03, -2.14563484089542E+00, -1.97250000000000E+00, -2.60782935626385E-01,  9.64900000000011E+01,  3.68233796682847E+04,  6.30642318922858E+04
 1.92475000000000E+03, -2.57077434178041E+00, -2.50000000000000E+00, -2.59195383091890E-01,  9.66700000000012E+01,  3.09965035430560E+04,  4.10053120686042E+04
 1.92483333300000E+03, -2.64920836385739E+00, -2.90750000000000E+00, -2.57601746421113E-01,  9.68500000000012E+01,  3.36996480295278E+04,  3.50999183463365E+04
 1.92491666700000E+03, -2.68236131633957E+00, -3.06000000000000E+00, -2.56002142855852E-01,  9.70300000000012E+01,  4.40623833340818E+04,  4.30784507096314E+04
 1.92500000000000E+03, -2.64467141358522E+00, -3.14500000000000E+00, -2.54396691020452E-01,  9.72100000000012E+01,  5.53257979684102E+04,  5.41111755219167E+04
 1.92508333300000E+03, -2.58575689575552E+00, -2.98750000000000E+00, -2.52785510898657E-01,  9.73900000000012E+01,  5.98227162386106E+04,  5.73126853881677E+04
 1.92516666700000E+03, -2.48457527719280E+00, -2.44250000000000E+00, -2.51168723810054E-01,  9.75700000000012E+01,  5.43390775671376E+04,  4.91288109405216E+04
 1.92525000000000E+03, -2.26931338091585E+00, -1.71250000000000E+00, -2.49546452386114E-01,  9.77500000000012E+01,  4.18473885606134E+04,  3.44417895801228E+04
 1.92533333300000E+03, -2.02574774110780E+00, -1.33500000000000E+00, -2.47918820545892E-01,  9.79300000000012E+01,  2.87109568669203E+04,  2.14906707887938E+04
 1.92541666700000E+03, -1.80661075389808E+00, -1.52750000000000E+00, -2.46285953471343E-01,  9.81100000000012E+01,  2.00055285770266E+04,  1.53732271398182E+04
 1.92550000000000E+03, -1.60421436443114E+00, -1.55000000000000E+00, -2.44647977582286E-01,  9.82900000000012E+01,  1.67270711219609E+04,  1.53457130411718E+04
 1.92558333300000E+03, -1.13298697388127E+00, -1.34250000000000E+00, -2.43005020511035E-01,  9.84700000000012E+01,  1.66523090220807E+04,  1.73784108278518E+04
 1.92566666700000E+03, -4.05181353381480E-01, -1.16750000000000E+00, -9.47778052703268E-02,  9.86500000000012E+01,  1.74084150955236E+04,  1.88847162175118E+04
 1.92575000000000E+03, -5.32480789837145E-02, -1.18750000000000E+00, -9.32764512405063E-02,  9.88300000000012E+01,  1.86740480494738E+04,  2.10523912061312E+04
 1.92583333300000E+03, -3.91209733570935E-02, -9.87500000000000E-01, -9.17831305976449E-02,  9.90100000000012E+01,  2.16370379931158E+04,  2.68050205715873E+04
 1.92591666700000E+03,  8.61108280331893E-03, -1.40000000000000E-01, -9.02979666098701E-02,  9.91900000000012E+01,  2.66165999107979E+04,  3.66210999937566E+04
 1.92600000000000E+03,  1.14934351057329E-01,  5.25000000000000E-01, -8.88210815149664E-02,  9.93700000000013E+01,  3.15380273245978E+04,  4.64809742825116E+04
 1.92608333300000E+03,  2.29844034960094E-01,  7.07500000000000E-01, -8.73525965106534E-02,  9.95500000000013E+01,  3.31198058536926E+04,  5.03250791046526E+04
 1.92616666700000E+03,  3.74186753614180E-01,  7.45000000000000E-01, -8.58926317452918E-02,  9.97300000000013E+01,  2.99678353277163E+04,  4.52763251640737E+04
 1.92625000000000E+03,  6.19767901364139E-01,  9.45000000000000E-01, -8.44413063090416E-02,  9.99100000000013E+01,  2.47171599432557E+04,  3.51441050428727E+04
 1.92633333300000E+03,  8.80984454926984E-01,  1.03750000000000E+00, -8.29987382254627E-02,  1.00090000000001E+02,  2.28696043028792E+04,  2.88314722963347E+04
 1.92641666700000E+03,  1.10544808995509E+00,  9.75000000000000E-01, -8.15650444435252E-02,  1.00270000000001E+02,  2.87465141107919E+04,  3.43663213470008E+04
 1.92650000000000E+03,  1.30134715169808E+00,  9.75000000000000E-01, -8.01403408300925E-02,  1.00450000000001E+02,  4.16581195781238E+04,  5.29597141372397E+04
 1.92658333300000E+03,  1.45261090356841E+00,  6.85000000000000E-01, -7.87247421627906E-02,  1.00630000000001E+02,  5.55853790890961E+04,  7.76689520668135E+04
 1.92666666700000E+03,  1.50514850649701E+00,  7.47500000000000E-01, -3.04619927020635E-01,  1.00810000000001E+02,  6.30284975171668E+04,  9.77339916422144E+04
 1.92675000000000E+03,  1.38757151625481E+00,  1.02250000000000E+00, -3.03258843564308E-01,  1.00990000000001E+02,  6.02851013139107E+04,  1.05325010377156E+05
 1.92683333300000E+03,  1.17827481042586E+00,  7.65000000000000E-01, -3.01888919402691E-01,  1.01170000000001E+02,  5.01020931891826E+04,  9.97719337862705E+04
 1.92691666700000E+03,  9.89209444723666E-01,  6.80000000000000E-01, -3.00510222471292E-01,  1.01350000000001E+02,  3.95833187528327E+04,  8.65699239449356E+04
 1.92700000000000E+03,  8.47805217213185E-01,  7.82500000000000E-01, -2.99122822552937E-01,  1.01530000000001E+02,  3.49355423751927E+04,  7.25994565248395E+04
 1.92708333300000E+03,  7.06646524590592E-01,  6.47500000000000E-01, -2.97726791270105E-01,  1.01710000000001E+02,  3.71141479517861E+04,  6.16427926867175E+04
 1.92716666700000E+03,  5.89286293454193E-01,  5.25000000000000E-01, -2.96322202076665E-01,  1.01890000000001E+02,  4.16687930381953E+04,  5.34274322727136E+04
 1.92725000000000E+03,  5.70322990368502E-01,  8.85000000000000E-01, -2.94909130249005E-01,  1.02070000000001E+02,  4.27099846282953E+04,  4.60931088584979E+04
 1.92733333300000E+03,  5.67001544204447E-01,  1.47750000000000E+00, -2.93487652876560E-01,  1.02250000000001E+02,  3.76768014939739E+04,  3.91649467076108E+04
 1.92741666700000E+03,  5.29803344084595E-01,  1.60000000000000E+00, -2.92057848851755E-01,  1.02430000000001E+02,  2.91012983115796E+04,  3.41640311839660E+04
 1.92750000000000E+03,  4.69774186081924E-01,  1.52000000000000E+00, -2.90619798859355E-01,  1.02610000000001E+02,  2.21636828340972E+04,  3.26061781994444E+04
 1.92758333300000E+03,  2.77018109793007E-01,  1.40250000000000E+00, -2.89173585365219E-01,  1.02790000000001E+02,  2.03084172309742E+04,  3.37827212832097E+04
 1.92766666700000E+03, -1.06910361996009E-02,  1.31250000000000E+00,  1.95256196079149E-01,  1.02970000000001E+02,  2.26635183165645E+04,  3.49193315570129E+04
 1.92775000000000E+03, -1.80363484910515E-01,  1.43000000000000E+00,  1.94253354553349E-01,  1.03150000000001E+02,  2.53140622273029E+04,  3.39030388585714E+04
 1.92783333300000E+03, -2.42195420514811E-01,  1.01750000000000E+00,  1.93236081232041E-01,  1.03330000000001E+02,  2.51258177730304E+04,  3.20230454011457E+04
 1.92791666700000E+03, -2.70264023693795E-01,  6.75000000000000E-02,  1.92204367718686E-01,  1.03510000000001E+02,  2.26619035379324E+04,  3.37402531101187E+04
 1.92800000000000E+03, -2.37572903525029E-01, -5.65000000000000E-01,  1.91158206346523E-01,  1.03690000000001E+02,  2.15933712897341E+04,  4.29880203755385E+04
 1.92808333300000E+03, -1.92159151447182E-01, -8.60000000000000E-01,  1.90097590204344E-01,  1.03870000000001E+02,  2.51108736222664E+04,  5.88238471492407E+04
 1.92816666700000E+03, -1.11282325457461E-01, -9.92500000000000E-01,  1.89022513162354E-01,  1.04050000000001E+02,  3.25243831599294E+04,  7.43793646597297E+04
 1.92825000000000E+03,  7.86527306473726E-02, -7.27500000000000E-01,  1.87932969898131E-01,  1.04230000000001E+02,  3.91756870985346E+04,  8.07225838765348E+04
 1.92833333300000E+03,  2.93700200993852E-01, -3.50000000000000E-02,  1.86828955922625E-01,  1.04410000000001E+02,  3.99948176772750E+04,  7.31814710254642E+04
 1.92841666700000E+03,  4.82969994388115E-01,  5.52500000000000E-01,  1.85710467606242E-01,  1.04590000000001E+02,  3.38505957222491E+04,  5.52794896888611E+04
 1.92850000000000E+03,  6.55965731478588E-01,  8.12500000000000E-01,  1.84577502204945E-01,  1.04770000000001E+02,  2.49908938457073E+04,  3.69057330388713E+04
 1.92858333300000E+03,  2.36269187107434E-01,  9.05000000000000E-01,  1.83430057886419E-01,  1.04950000000001E+02,  2.01345678265056E+04,  2.77242467298399E+04
 1.92866666700000E+03, -8.11587772841774E-01,  7.60000000000000E-01,  2.30311603657833E-01,  1.05130000000001E+02,  2.33443543772158E+04,  3.06487353471240E+04
 1.92875000000000E+03, -1.41792625078380E+00,  2.62500000000000E-01,  2.30227205927318E-01,  1.05310000000001E+02,  3.27332975031970E+04,  4.03062046881690E+04
 1.92883333300000E+03, -1.52224728659890E+00, -4.15000000000000E-01,  2.30129454439284E-01,  1.05490000000001E+02,  4.17066417100283E+04,  4.75871066976168E+04
 1.92891666700000E+03, -1.59214736021960E+00, -8.35000000000000E-01,  2.30018336726898E-01,  1.05670000000001E+02,  4.38662430060249E+04,  4.66472814025654E+04
 1.92900000000000E+03, -1.60062232909880E+00, -9.50000000000000E-01,  2.29893840006951E-01,  1.05850000000002E+02,  3.77879594598476E+04,  3.88966373462660E+04
 1.92908333300000E+03, -1.59571176381617E+00, -9.80000000000000E-01,  2.29755951181840E-01,  1.06030000000002E+02,  2.79815776880445E+04,  3.10542956619481E+04
 1.92916666700000E+03, -1.55468560547642E+00, -7.72500000000000E-01,  2.29604656842025E-01,  1.06210000000002E+02,  2.13667384113933E+04,  2.91766406445379E+04
 1.92925000000000E+03, -1.40396432671642E+00, -6.12500000000000E-01,  2.29439943268980E-01,  1.06390000000002E+02,  2.20978956435990E+04,  3.37235477454913E+04
 1.92933333300000E+03, -1.22751167363443E+00, -1.10750000000000E+00,  2.29261796438622E-01,  1.06570000000002E+02,  2.87517154715264E+04,  3.96663630545050E+04
 1.92941666700000E+03, -1.07623479363951E+00, -1.72250000000000E+00,  2.29070202025221E-01,  1.06750000000002E+02,  3.58771235413393E+04,  4.13061372308005E+04
 1.92950000000000E+03, -9.40642908168302E-01, -1.80000000000000E+00,  2.28865145405798E-01,  1.06930000000002E+02,  3.84119720036724E+04,  3.75093315754297E+04
 1.92958333300000E+03, -1.07970407822741E+00, -1.41750000000000E+00,  2.28646611665002E-01,  1.07110000000002E+02,  3.53356134307827E+04,  3.27858648068999E+04
 1.92966666700000E+03, -1.50622734856015E+00, -8.80000000000000E-01, -2.44431366108807E-01,  1.07290000000002E+02,  2.97957388020736E+04,  3.32406263780223E+04
 1.92975000000000E+03, -1.76481155588023E+00, -7.55000000000000E-01, -2.42787761049636E-01,  1.07470000000002E+02,  2.59691114126300E+04,  4.08693331222251E+04
 1.92983333300000E+03, -1.82209272892102E+00, -1.20750000000000E+00, -2.41139320720658E-01,  1.07650000000002E+02,  2.55279203874495E+04,  5.11817993048420E+04
 1.92991666700000E+03, -1.85412437600598E+00, -1.55750000000000E+00, -2.39486175253019E-01,  1.07830000000002E+02,  2.66744019654422E+04,  5.64075742464541E+04
 1.93000000000000E+03, -1.83541236857272E+00, -1.55500000000000E+00, -2.37828455908808E-01,  1.08010000000002E+02,  2.63329845194145E+04,  5.18213270260603E+04
 1.93008333300000E+03, -1.81529560315182E+00, -1.45750000000000E+00, -2.36166295054394E-01,  1.08190000000002E+02,  2.33503429740353E+04,  3.99704419878006E+04
 1.93016666700000E+03, -1.77210305953436E+00, -1.47250000000000E+00, -2.34499826133475E-01,  1.08370000000002E+02,  1.97736036996114E+04,  2.91519970520659E+04
 1.93025000000000E+03, -1.63304824483737E+00, -1.60250000000000E+00, -2.32829183639875E-01,  1.08550000000002E+02,  1.90532818268042E+04,  2.71461928682936E+04
 1.93033333300000E+03, -1.48260072815247E+00, -1.32000000000000E+00, -2.31154503090069E-01,  1.08730000000002E+02,  2.27653872843896E+04,  3.51479170956124E+04
 1.93041666700000E+03, -1.37187012491073E+00, -5.67500000000000E-01, -2.29475920995466E-01,  1.08910000000002E+02,  2.87859195952393E+04,  4.67819614770880E+04
 1.93050000000000E+03, -1.29125415820274E+00,  2.35000000000000E-01, -2.27793574834462E-01,  1.09090000000002E+02,  3.26351628733074E+04,  5.30391544939554E+04
 1.93058333300000E+03, -8.84487421904537E-01,  1.18000000000000E+00, -2.26107603024265E-01,  1.09270000000002E+02,  3.09852812982420E+04,  4.92141796425787E+04
 1.93066666700000E+03, -1.28515938235746E-01,  2.08000000000000E+00, -3.31552698037354E-01,  1.09450000000002E+02,  2.44245693245457E+04,  3.83392699409680E+04
 1.93075000000000E+03,  2.42012355889380E-01,  2.07250000000000E+00, -3.30393840853431E-01,  1.09630000000002E+02,  1.71274217776222E+04,  2.84791525353817E+04
 1.93083333300000E+03,  2.33132465111819E-01,  1.58750000000000E+00, -3.29225138523398E-01,  1.09810000000002E+02,  1.36409313097698E+04,  2.62246902109665E+04
 1.93091666700000E+03,  2.52389698963702E-01,  1.34500000000000E+00, -3.28046618715867E-01,  1.09990000000002E+02,  1.54154917875768E+04,  3.17336661243292E+04
 1.93100000000000E+03,  3.25438938612014E-01,  1.05750000000000E+00, -3.26858310962864E-01,  1.10170000000002E+02,  1.99376506658304E+04,  3.92816151434215E+04
 1.93108333300000E+03,  4.02961853576415E-01,  9.47500000000000E-01, -3.25660246665382E-01,  1.10350000000002E+02,  2.31575332384085E+04,  4.26788839808919E+04
 1.93116666700000E+03,  5.06499254388722E-01,  1.24250000000000E+00, -3.24452459098288E-01,  1.10530000000002E+02,  2.31411224614000E+04,  4.08859061591335E+04
 1.93125000000000E+03,  7.08549091010213E-01,  1.64750000000000E+00, -3.23234983414660E-01,  1.10710000000002E+02,  2.18304900704616E+04,  3.90214212538549E+04
 1.93133333300000E+03,  9.24190711989717E-01,  2.13250000000000E+00, -3.22007856649483E-01,  1.10890000000002E+02,  2.33550220875792E+04,  4.38121076855112E+04
 1.93141666700000E+03,  1.10170028494179E+00,  2.34750000000000E+00, -3.20771117722747E-01,  1.11070000000002E+02,  3.02283387350232E+04,  5.72091640422287E+04
 1.93150000000000E+03,  1.24990593995106E+00,  1.97750000000000E+00, -3.19524807441934E-01,  1.11250000000002E+02,  4.05967550611482E+04,  7.35553509482918E+04
 1.93158333300000E+03,  1.36563091767337E+00,  1.86000000000000E+00, -3.18268968503878E-01,  1.11430000000002E+02,  4.89428136909581E+04,  8.29384360304871E+04
 1.93166666700000E+03,  1.46114141726184E+00,  2.45500000000000E+00,  1.80207613026623E-01,  1.11610000000002E+02,  4.98843417452203E+04,  7.84019747152927E+04
 1.93175000000000E+03,  1.50820058400808E+00,  2.36250000000000E+00,  1.79005965936888E-01,  1.11790000000002E+02,  4.21811688954060E+04,  6.14858925106683E+04
 1.93183333300000E+03,  1.52224708468020E+00,  1.48000000000000E+00,  1.77789844459133E-01,  1.11970000000002E+02,  2.98204036308925E+04,  4.17088315981786E+04
 1.93191666700000E+03,  1.56213688782324E+00,  1.40250000000000E+00,  1.76559252504037E-01,  1.12150000000002E+02,  1.92995772105021E+04,  3.01985409747913E+04
 1.93200000000000E+03,  1.65368935667259E+00,  1.84250000000000E+00,  1.75314195070160E-01,  1.12330000000002E+02,  1.51666013570313E+04,  3.21262279627469E+04
 1.93208333300000E+03,  1.74771755982437E+00,  2.16750000000000E+00,  1.74054678269891E-01,  1.12510000000002E+02,  1.71745979697139E+04,  4.34662414161854E+04
 1.93216666700000E+03,  1.86585808186256E+00,  2.30000000000000E+00,  1.72780709355334E-01,  1.12690000000002E+02,  2.10775024591907E+04,  5.42897912802188E+04
 1.93225000000000E+03,  2.08066795313020E+00,  2.02250000000000E+00,  1.71492296744072E-01,  1.12870000000002E+02,  2.22412595839982E+04,  5.59448435981025E+04
 1.93233333300000E+03,  2.30724940279733E+00,  1.87000000000000E+00,  1.70189450044847E-01,  1.13050000000002E+02,  1.91528383143343E+04,  4.67911645675775E+04
 1.93241666700000E+03,  2.49386738282699E+00,  2.24250000000000E+00,  1.68872180083092E-01,  1.13230000000002E+02,  1.41760771848964E+04,  3.25505766664328E+04
 1.93250000000000E+03,  2.64930842312621E+00,  2.89250000000000E+00,  1.67540498926365E-01,  1.13410000000002E+02,  1.12098918451999E+04,  2.15190798405356E+04
 1.93258333300000E+03,  2.35946274613477E+00,  3.41250000000000E+00,  1.66194419909577E-01,  1.13590000000002E+02,  1.23393059511517E+04,  1.85661136132408E+04
 1.93266666700000E+03,  1.61354280988399E+00,  3.20250000000000E+00,  3.79901578175772E-01,  1.13770000000002E+02,  1.62125909600696E+04,  2.23280173264896E+04
 1.93275000000000E+03,  1.18350131868857E+00,  2.33250000000000E+00,  3.80206074602689E-01,  1.13950000000002E+02,  1.93223777855170E+04,  2.72078134741581E+04
 1.93283333300000E+03,  1.11095514877678E+00,  1.47750000000000E+00,  3.80502905307749E-01,  1.14130000000002E+02,  1.89731637761937E+04,  2.81064343149428E+04
 1.93291666700000E+03,  1.06908483985782E+00,  9.97500000000000E-01,  3.80792112011713E-01,  1.14310000000002E+02,  1.54365782916697E+04,  2.40650433447889E+04
 1.93300000000000E+03,  1.08467884025315E+00,  1.02750000000000E+00,  3.81073735689577E-01,  1.14490000000002E+02,  1.15911098087210E+04,  1.82887917844237E+04
 1.93308333300000E+03,  1.10951380190145E+00,  1.18500000000000E+00,  3.81347816546808E-01,  1.14670000000002E+02,  1.04659059778570E+04,  1.50426277167518E+04
 1.93316666700000E+03,  1.16617248588119E+00,  1.32750000000000E+00,  3.81614393995959E-01,  1.14850000000002E+02,  1.27845091725938E+04,  1.61886697836980E+04
 1.93325000000000E+03,  1.32812810458514E+00,  1.96750000000000E+00,  3.81873506633660E-01,  1.15030000000002E+02,  1.65070273217765E+04,  2.00408011587179E+04
 1.93333333300000E+03,  1.51135593620837E+00,  2.55000000000000E+00,  3.82125192218015E-01,  1.15210000000002E+02,  1.86602979709286E+04,  2.31045182415460E+04
 1.93341666700000E+03,  1.66493731504965E+00,  2.60000000000000E+00,  3.82369487646387E-01,  1.15390000000002E+02,  1.78738334604782E+04,  2.29967193213439E+04
 1.93350000000000E+03,  1.79840473600230E+00,  2.66500000000000E+00,  3.82606428933593E-01,  1.15570000000002E+02,  1.55179515378840E+04,  2.01508811598167E+04
 1.93358333300000E+03,  1.48566417502257E+00,  2.67000000000000E+00,  3.82836051190507E-01,  1.15750000000002E+02,  1.45338065118879E+04,  1.71344896622612E+04
 1.93366666700000E+03,  7.05029860410991E-01,  2.70500000000000E+00,  3.50580915941606E-01,  1.15930000000002E+02,  1.69321206606975E+04,  1.63696368430800E+04
 1.93375000000000E+03,  2.40463117626166E-01,  2.42000000000000E+00,  3.49731279124496E-01,  1.16110000000002E+02,  2.19898523421486E+04,  1.81744035900889E+04
 1.93383333300000E+03,  1.40813328157990E-01,  1.18750000000000E+00,  3.48869422285707E-01,  1.16290000000002E+02,  2.65904930070097E+04,  2.05935414668280E+04
 1.93391666700000E+03,  7.59936061484353E-02, -1.12500000000000E-01,  3.47995271140260E-01,  1.16470000000002E+02,  2.74543218565885E+04,  2.10032580325559E+04
 1.93400000000000E+03,  7.29134879220567E-02, -1.07000000000000E+00,  3.47108752079649E-01,  1.16650000000002E+02,  2.35546358189847E+04,  1.81832514776314E+04
 1.93408333300000E+03,  8.34345023832381E-02, -1.79750000000000E+00,  3.46209792210366E-01,  1.16830000000002E+02,  1.69165502902246E+04,  1.33475974652818E+04
 1.93416666700000E+03,  1.30183492658065E-01, -1.80500000000000E+00,  3.45298319392476E-01,  1.17010000000002E+02,  1.12524861818186E+04,  9.48816914332630E+03
 1.93425000000000E+03,  2.86632445967464E-01, -1.31750000000000E+00,  3.44374262278230E-01,  1.17190000000002E+02,  9.48213153320568E+03,  9.55226929372603E+03
 1.93433333300000E+03,  4.68705756463989E-01, -7.52500000000000E-01,  3.43437550350692E-01,  1.17370000000002E+02,  1.19154992245338E+04,  1.46405480670550E+04
 1.93441666700000E+03,  6.25380123685632E-01,  2.70000000000000E-01,  3.42488113962388E-01,  1.17550000000002E+02,  1.62819437666935E+04,  2.32660744393298E+04
 1.93450000000000E+03,  7.66025931560518E-01,  1.09000000000000E+00,  3.41525884373936E-01,  1.17730000000002E+02,  1.94141482432000E+04,  3.20176889075631E+04
 1.93458333300000E+03,  9.78355632173423E-01,  1.13500000000000E+00,  3.40550793792666E-01,  1.17910000000002E+02,  1.92986901348105E+04,  3.72093827925810E+04
 1.93466666700000E+03,  1.22659094603908E+00,  1.29250000000000E+00,  3.86004762355670E-01,  1.18090000000002E+02,  1.61195669291766E+04,  3.66427688514586E+04
 1.93475000000000E+03,  1.25140434528498E+00,  1.20750000000000E+00,  3.85920761728615E-01,  1.18270000000002E+02,  1.17743452046689E+04,  3.05958083876004E+04
 1.93483333300000E+03,  1.11304767637612E+00,  4.57500000000000E-01,  3.85829798776344E-01,  1.18450000000002E+02,  8.41555149506643E+03,  2.15431499913461E+04
 1.93491666700000E+03,  1.00821016964587E+00,  8.25000000000000E-02,  3.85731850121032E-01,  1.18630000000002E+02,  7.10438181295061E+03,  1.27673486453818E+04
 1.93500000000000E+03,  9.63968985743987E-01, -1.82500000000000E-01,  3.85626891024966E-01,  1.18810000000002E+02,  7.39868381302928E+03,  6.66135204900660E+03
 1.93508333300000E+03,  9.32369961477493E-01, -9.90000000000000E-01,  3.85514895394355E-01,  1.18990000000002E+02,  7.95764858511252E+03,  3.77335837362255E+03
 1.93516666700000E+03,  9.36240874820629E-01, -9.95000000000000E-01,  3.85395835783695E-01,  1.19170000000002E+02,  7.60365887219128E+03,  3.23228297831207E+03
 1.93525000000000E+03,  1.04927102373129E+00,  2.05000000000000E-01,  3.85269683400708E-01,  1.19350000000002E+02,  6.11787501853052E+03,  4.24154461920190E+03
 1.93533333300000E+03,  1.18761802408085E+00,  1.06750000000000E+00,  3.85136408111836E-01,  1.19530000000002E+02,  4.34614375280031E+03,  7.44513609374668E+03
 1.93541666700000E+03,  1.30050701144996E+00,  1.01000000000000E+00,  3.84995978448307E-01,  1.19710000000002E+02,  3.66234518167726E+03,  1.48868057307005E+04
 1.93550000000000E+03,  1.39757107382307E+00,  5.52500000000000E-01,  3.84848361612765E-01,  1.19890000000002E+02,  5.17054953307770E+03,  2.82555983089955E+04
 1.93558333300000E+03,  1.66452280582316E+00,  4.00000000000000E-02,  3.84693523486466E-01,  1.20070000000002E+02,  9.09079823723222E+03,  4.65527290510424E+04
 1.93566666700000E+03,  2.08406487984236E+00, -2.67500000000000E-01,  4.15681377923255E-01,  1.20250000000002E+02,  1.46124174881014E+04,  6.51014707746555E+04
 1.93575000000000E+03,  2.21947614065839E+00, -1.82500000000000E-01,  4.15241094073436E-01,  1.20430000000002E+02,  2.02415965028168E+04,  7.71515975030754E+04
 1.93583333300000E+03,  2.11216052310759E+00,  2.57500000000000E-01,  4.14788717081850E-01,  1.20610000000002E+02,  2.44385519294871E+04,  7.74844728336213E+04
 1.93591666700000E+03,  2.03794859203824E+00,  8.47500000000000E-01,  4.14324123804465E-01,  1.20790000000002E+02,  2.62219866728506E+04,  6.57272619208377E+04
 1.93600000000000E+03,  2.02387839915909E+00,  1.25000000000000E+00,  4.13847192725707E-01,  1.20970000000002E+02,  2.54628089990297E+04,  4.69474826367652E+04
 1.93608333300000E+03,  2.02195832533071E+00,  1.50250000000000E+00,  4.13357804004117E-01,  1.21150000000002E+02,  2.27780290181256E+04,  2.88469397626172E+04
 1.93616666700000E+03,  2.05498026344715E+00,  1.77250000000000E+00,  4.12855839517734E-01,  1.21330000000002E+02,  1.91650392157322E+04,  1.73287459168417E+04
 1.93625000000000E+03,  2.19659906688604E+00,  1.83250000000000E+00,  4.12341182909201E-01,  1.21510000000002E+02,  1.56350725269792E+04,  1.34934507230158E+04
 1.93633333300000E+03,  2.36293916544632E+00,  1.75750000000000E+00,  4.11813719630556E-01,  1.21690000000002E+02,  1.30244986377732E+04,  1.41282650043190E+04
 1.93641666700000E+03,  2.50319353166897E+00,  1.82000000000000E+00,  4.11273336987707E-01,  1.21870000000002E+02,  1.19520478460330E+04,  1.51355469859368E+04
 1.93650000000000E+03,  2.62696382249595E+00,  1.94250000000000E+00,  4.10719924184558E-01,  1.22050000000002E+02,  1.27429270648042E+04,  1.51043006980849E+04
 1.93658333300000E+03,  2.41355535343537E+00,  1.94000000000000E+00,  4.10153372366773E-01,  1.22230000000002E+02,  1.52134221267370E+04,  1.61658600224294E+04
 1.93666666700000E+03,  1.82858124223497E+00,  1.61000000000000E+00,  4.24153532106767E-01,  1.22410000000002E+02,  1.84566444930026E+04,  2.15097743178624E+04
 1.93675000000000E+03,  1.43170440699574E+00,  9.50000000000000E-01,  4.24334576478913E-01,  1.22590000000002E+02,  2.09476620283523E+04,  3.17162539297443E+04
 1.93683333300000E+03,  1.28283468872129E+00,  4.22500000000000E-01,  4.24501074689065E-01,  1.22770000000002E+02,  2.11583735438950E+04,  4.31215465768311E+04
 1.93691666700000E+03,  1.16928363921520E+00,  3.67500000000000E-01,  4.24652912868082E-01,  1.22950000000002E+02,  1.84584403134778E+04,  4.98401042140305E+04
 1.93700000000000E+03,  1.11820463175472E+00,  5.50000000000000E-01,  4.24789980145906E-01,  1.23130000000002E+02,  1.37016296198839E+04,  4.80482526751336E+04
 1.93708333300000E+03,  1.08172410302239E+00,  7.55000000000000E-01,  4.24912168689294E-01,  1.23310000000002E+02,  8.94184962232073E+03,  3.91402452638323E+04
 1.93716666700000E+03,  1.08275490726433E+00,  8.25000000000000E-01,  4.25019373738713E-01,  1.23490000000002E+02,  6.27722284393528E+03,  2.90912493298852E+04
 1.93725000000000E+03,  1.19507587648739E+00,  8.65000000000000E-01,  4.25111493644359E-01,  1.23670000000002E+02,  6.51949811477778E+03,  2.43083464389020E+04
 1.93733333300000E+03,  1.33493848138822E+00,  1.89750000000000E+00,  4.25188429901299E-01,  1.23850000000002E+02,  8.65189002786408E+03,  2.70775063690017E+04
 1.93741666700000E+03,  1.45166576957294E+00,  4.05250000000000E+00,  4.25250087183704E-01,  1.24030000000002E+02,  1.05601539867571E+04,  3.41114635510650E+04
 1.93750000000000E+03,  1.55499239871966E+00,  5.60750000000000E+00,  4.25296373378167E-01,  1.24210000000002E+02,  1.05802756910764E+04,  3.92965330494151E+04
 1.93758333300000E+03,  1.48891120528656E+00,  5.70000000000000E+00,  4.25327199616070E-01,  1.24390000000002E+02,  8.72304505012211E+03,  3.84356892537748E+04
 1.93766666700000E+03,  1.22065337496647E+00,  4.70250000000000E+00,  4.25128781121297E-01,  1.24570000000002E+02,  6.60994480663242E+03,  3.22523924430073E+04
 1.93775000000000E+03,  9.81385527925903E-01,  3.33500000000000E+00,  4.25171366116794E-01,  1.24750000000002E+02,  6.13055052005786E+03,  2.53908170418220E+04
 1.93783333300000E+03,  8.27620888402670E-01,  2.84500000000000E+00,  4.25208969224355E-01,  1.24930000000002E+02,  7.87016755418542E+03,  2.24080823254013E+04
 1.93791666700000E+03,  7.08775358773163E-01,  2.87250000000000E+00,  4.25241705389058E-01,  1.25110000000002E+02,  1.05952619508548E+04,  2.41287923021903E+04
 1.93800000000000E+03,  6.52018318636421E-01,  2.25750000000000E+00,  4.25269689736408E-01,  1.25290000000002E+02,  1.22622888129946E+04,  2.72956991857193E+04
 1.93808333300000E+03,  6.09496531758294E-01,  1.72750000000000E+00,  4.25293037534302E-01,  1.25470000000002E+02,  1.17511438807132E+04,  2.76177176783751E+04
 1.93816666700000E+03,  6.04147386302077E-01,  1.91250000000000E+00,  4.25311864155101E-01,  1.25650000000002E+02,  9.86234891082366E+03,  2.34888410914423E+04
 1.93825000000000E+03,  7.09778328054763E-01,  2.13250000000000E+00,  4.25326285037830E-01,  1.25830000000002E+02,  8.66798632726074E+03,  1.71983137948451E+04
 1.93833333300000E+03,  8.42673379731586E-01,  1.96750000000000E+00,  4.25336415650503E-01,  1.26010000000002E+02,  9.68637623124803E+03,  1.27177685068224E+04
 1.93841666700000E+03,  9.52191922073024E-01,  1.80000000000000E+00,  4.25342371452589E-01,  1.26190000000002E+02,  1.24292713030474E+04,  1.21642442538324E+04
 1.93850000000000E+03,  1.04810855243866E+00,  2.13000000000000E+00,  4.25344267857636E-01,  1.26370000000002E+02,  1.46832684500732E+04,  1.41871081296621E+04
 1.93858333300000E+03,  1.41855915485485E+00,  2.71500000000000E+00,  4.25342220196046E-01,  1.26550000000002E+02,  1.44809442220752E+04,  1.57932844296674E+04
 1.93866666700000E+03,  2.04426991410914E+00,  3.11750000000000E+00,  1.67702731194662E-01,  1.26730000000002E+02,  1.21974981053980E+04,  1.59830112391290E+04
 1.93875000000000E+03,  2.27206265659696E+00,  3.28500000000000E+00,  1.65506847613905E-01,  1.26910000000002E+02,  1.08831082692848E+04,  1.77601191096201E+04
 1.93883333300000E+03,  2.12604556369032E+00,  2.97000000000000E+00,  1.63312526061107E-01,  1.27090000000002E+02,  1.42180040033437E+04,  2.62759406737277E+04
 1.93891666700000E+03,  1.97775772338834E+00,  2.17000000000000E+00,  1.61119980540303E-01,  1.27270000000002E+02,  2.34376297672889E+04,  4.41804357866982E+04
 1.93900000000000E+03,  1.85642650595345E+00,  1.36000000000000E+00,  1.58929424330423E-01,  1.27450000000002E+02,  3.56347096036965E+04,  6.79181607274802E+04
 1.93908333300000E+03,  1.71708779932283E+00,  5.92500000000000E-01,  1.56741069942159E-01,  1.27630000000002E+02,  4.50277452539314E+04,  8.83675265852934E+04
 1.93916666700000E+03,  1.58630348569102E+00,  2.15000000000000E-01,  1.54555129075438E-01,  1.27810000000002E+02,  4.65868045355540E+04,  9.59675409957169E+04
 1.93925000000000E+03,  1.54212463707993E+00,  5.97500000000000E-01,  1.52371812577582E-01,  1.27990000000002E+02,  3.94958976632510E+04,  8.68577090405838E+04
 1.93933333300000E+03,  1.50556523339641E+00,  1.14500000000000E+00,  1.50191330402087E-01,  1.28170000000002E+02,  2.78625367841660E+04,  6.55355662875365E+04
 1.93941666700000E+03,  1.43105596421127E+00,  1.90000000000000E+00,  1.48013891568105E-01,  1.28350000000002E+02,  1.80299508604879E+04,  4.20335275338995E+04
 1.93950000000000E+03,  1.33363163344098E+00,  2.81500000000000E+00,  1.45839704120604E-01,  1.28530000000002E+02,  1.43779548076775E+04,  2.57052202849724E+04
 1.93958333300000E+03,  7.10480490503272E-01,  3.11750000000000E+00,  1.43668975091218E-01,  1.28710000000002E+02,  1.66595344394471E+04,  2.01537898631803E+04
 1.93966666700000E+03, -4.00121837317842E-01,  2.27250000000000E+00,  2.08692292888878E-01,  1.28890000000002E+02,  2.07708676050037E+04,  2.27197017310204E+04
 1.93975000000000E+03, -9.96772697385464E-01,  3.57500000000000E-01,  2.07719799031648E-01,  1.29070000000002E+02,  2.22466311238184E+04,  2.82468507618050E+04
 1.93983333300000E+03, -1.09487336828319E+00, -1.00000000000000E+00,  2.06759855294915E-01,  1.29250000000002E+02,  1.97238653944700E+04,  3.36046036442988E+04
 1.93991666700000E+03, -1.16650714439814E+00, -6.87500000000000E-01,  2.05812564999831E-01,  1.29430000000002E+02,  1.57231266189806E+04,  3.92504423215848E+04
 1.94000000000000E+03, -1.18411317033938E+00, -4.35000000000000E-01,  2.04878029522689E-01,  1.29610000000002E+02,  1.42631050959516E+04,  4.69865884746517E+04
 1.94008333300000E+03, -1.19487713151131E+00, -1.23500000000000E+00,  2.03956348297145E-01,  1.29790000000002E+02,  1.73339029288579E+04,  5.64647093962003E+04
 1.94016666700000E+03, -1.17494776328721E+00, -1.34500000000000E+00,  2.03047618816743E-01,  1.29970000000002E+02,  2.31176828328717E+04,  6.40110257396394E+04
 1.94025000000000E+03, -1.04939464199382E+00, -5.75000000000000E-01,  2.02151936637721E-01,  1.30150000000002E+02,  2.73923753194461E+04,  6.51461087025916E+04
 1.94033333300000E+03, -9.00645004103561E-01, -9.50000000000000E-02,  2.01269395382082E-01,  1.30330000000002E+02,  2.69639682191490E+04,  5.87028821278623E+04
 1.94041666700000E+03, -7.77932880103660E-01,  2.55000000000000E-01,  2.00400086740911E-01,  1.30510000000002E+02,  2.23282845220192E+04,  4.87608559644058E+04
 1.94050000000000E+03, -6.70010071643227E-01,  7.17500000000000E-01,  1.99544100477948E-01,  1.30690000000002E+02,  1.73796412893126E+04,  4.22650079075810E+04
 1.94058333300000E+03, -5.38738703016485E-01,  7.65000000000000E-01,  1.98701524433390E-01,  1.30870000000002E+02,  1.63585898573340E+04,  4.38665251064399E+04
 1.94066666700000E+03, -3.91085763504687E-01,  2.00000000000000E-01,  1.88157998287513E-01,  1.31050000000002E+02,  2.04542375845840E+04,  5.20960321946751E+04
 1.94075000000000E+03, -3.56775631485782E-01, -5.75000000000000E-01,  1.87530389956423E-01,  1.31230000000002E+02,  2.67691066152225E+04,  6.01745632312993E+04
 1.94083333300000E+03, -4.05417308075252E-01, -1.18750000000000E+00,  1.86917357270382E-01,  1.31410000000002E+02,  3.04898647839424E+04,  6.11061716097758E+04
 1.94091666700000E+03, -4.20512947094564E-01, -1.23500000000000E+00,  1.86318955547023E-01,  1.31590000000002E+02,  2.85797349920335E+04,  5.31460683095394E+04
 1.94100000000000E+03, -3.75111139173747E-01, -4.77500000000000E-01,  1.85735238277980E-01,  1.31770000000002E+02,  2.21231783328498E+04,  4.12743632150589E+04
 1.94108333300000E+03, -3.17272568890576E-01,  5.87500000000000E-01,  1.85166257135070E-01,  1.31950000000002E+02,  1.55262414629553E+04,  3.34123331577775E+04
 1.94116666700000E+03, -2.24256164751029E-01,  9.92500000000000E-01,  1.84612061976503E-01,  1.32130000000002E+02,  1.32263211805027E+04,  3.43273078707929E+04
 1.94125000000000E+03, -2.24391553228430E-02,  6.80000000000000E-01,  1.84072700853114E-01,  1.32310000000003E+02,  1.64509881224451E+04,  4.20554719783404E+04
 1.94133333300000E+03,  2.04289861331890E-01,  2.37500000000000E-01,  1.83548220014586E-01,  1.32490000000003E+02,  2.24415869908193E+04,  4.96623741321864E+04
 1.94141666700000E+03,  4.05130014231654E-01,  1.57500000000000E-01,  1.83038663915704E-01,  1.32670000000003E+02,  2.65954748049467E+04,  5.08676681705232E+04
 1.94150000000000E+03,  5.89708239426311E-01,  1.03000000000000E+00,  1.82544075222574E-01,  1.32850000000003E+02,  2.57751667026857E+04,  4.49708146025330E+04
 1.94158333300000E+03,  9.76916030362108E-01,  2.31500000000000E+00,  1.82064494818844E-01,  1.33030000000003E+02,  2.02894954438334E+04,  3.71393137355028E+04
 1.94166666700000E+03,  1.52456640383864E+00,  3.19500000000000E+00,  1.74982451080259E-01,  1.33210000000003E+02,  1.32475760462079E+04,  3.39343984015398E+04
 1.94175000000000E+03,  1.70441816221462E+00,  3.75500000000000E+00,  1.75068305955205E-01,  1.33390000000003E+02,  8.06223342653893E+03,  3.78214002304756E+04
 1.94183333300000E+03,  1.58222351867217E+00,  3.75250000000000E+00,  1.75169461518724E-01,  1.33570000000003E+02,  6.16687314864234E+03,  4.51826321720392E+04
 1.94191666700000E+03,  1.49164615637783E+00,  2.88750000000000E+00,  1.75285893549200E-01,  1.33750000000003E+02,  6.58449921167065E+03,  4.94182297257728E+04
 1.94200000000000E+03,  1.45979243798023E+00,  1.92500000000000E+00,  1.75417576225396E-01,  1.33930000000003E+02,  7.34783689167243E+03,  4.65198846620046E+04
 1.94208333300000E+03,  1.43874950937336E+00,  1.74750000000000E+00,  1.75564482128873E-01,  1.34110000000003E+02,  7.33141042767493E+03,  3.84869029753073E+04
 1.94216666700000E+03,  1.45139831487608E+00,  1.90500000000000E+00,  1.75726582246317E-01,  1.34290000000003E+02,  6.94626164763274E+03,  3.17558395823487E+04
 1.94225000000000E+03,  1.57149282051878E+00,  1.96250000000000E+00,  1.75903845971779E-01,  1.34470000000003E+02,  7.31406313974150E+03,  3.19243068463418E+04
 1.94233333300000E+03,  1.71526634387888E+00,  2.14500000000000E+00,  1.76096241108818E-01,  1.34650000000003E+02,  8.88596473300463E+03,  3.90824909178615E+04
 1.94241666700000E+03,  1.83203017495723E+00,  2.01250000000000E+00,  1.76303733872569E-01,  1.34830000000003E+02,  1.08513326009036E+04,  4.75549112867875E+04
 1.94250000000000E+03,  1.93151330838531E+00,  1.45250000000000E+00,  1.76526288891732E-01,  1.35010000000003E+02,  1.18500820173968E+04,  5.02558216947160E+04
 1.94258333300000E+03,  1.49775788630076E+00,  1.47500000000000E+00,  1.76763869210488E-01,  1.35190000000003E+02,  1.12696250374066E+04,  4.41416967967455E+04
 1.94266666700000E+03,  5.26909597255202E-01,  1.93000000000000E+00,  1.95027724705242E-01,  1.35370000000003E+02,  9.88212162155479E+03,  3.24231980317978E+04
 1.94275000000000E+03, -4.76692390739358E-04,  2.00500000000000E+00,  1.94261295063068E-01,  1.35550000000003E+02,  9.19772773377536E+03,  2.18871861560815E+04
 1.94283333300000E+03, -5.57323867333507E-02,  1.65750000000000E+00,  1.93508804860690E-01,  1.35730000000003E+02,  1.00915534652630E+04,  1.76266304475232E+04
 1.94291666700000E+03, -7.79660607725008E-02,  1.21250000000000E+00,  1.92770327530414E-01,  1.35910000000003E+02,  1.19431440197465E+04,  1.94624728644594E+04
 1.94300000000000E+03, -4.03093612132866E-02,  1.05500000000000E+00,  1.92045934621443E-01,  1.36090000000003E+02,  1.31030621846760E+04,  2.28160697074039E+04
 1.94308333300000E+03,  9.10347806856843E-03,  4.85000000000000E-01,  1.91335695805332E-01,  1.36270000000003E+02,  1.23427299657482E+04,  2.30905657339872E+04
 1.94316666700000E+03,  9.29492907438754E-02, -6.75000000000000E-01,  1.90639678881557E-01,  1.36450000000003E+02,  1.00611527538136E+04,  1.98055644137797E+04
 1.94325000000000E+03,  2.84795623488529E-01, -1.30750000000000E+00,  1.89957949783208E-01,  1.36630000000003E+02,  8.18377588327282E+03,  1.70533372109289E+04
 1.94333333300000E+03,  5.00707282828819E-01, -1.21000000000000E+00,  1.89290572582757E-01,  1.36810000000003E+02,  8.76312382732299E+03,  1.99467684208099E+04
 1.94341666700000E+03,  6.89844981805250E-01, -7.10000000000000E-01,  1.88637609497926E-01,  1.36990000000003E+02,  1.23699447684209E+04,  3.00133061038676E+04
 1.94350000000000E+03,  8.61804920263334E-01, -1.30000000000000E-01,  1.87999120897634E-01,  1.37170000000003E+02,  1.75447323125449E+04,  4.33004092988045E+04
 1.94358333300000E+03,  1.25074037341976E+00,  2.50000000000000E-01,  1.87375165308001E-01,  1.37350000000003E+02,  2.17268735719879E+04,  5.27292760399481E+04
 1.94366666700000E+03,  1.82400669184049E+00,  5.60000000000000E-01,  4.06931637680878E-01,  1.37530000000003E+02,  2.29181036106211E+04,  5.28597252830892E+04
 1.94375000000000E+03,  2.03246193967228E+00,  8.87500000000000E-01,  4.06353136723306E-01,  1.37710000000003E+02,  2.08225037244705E+04,  4.34350805599718E+04
 1.94383333300000E+03,  1.93250236682979E+00,  1.42500000000000E+00,  4.05767711554382E-01,  1.37890000000003E+02,  1.67155639450437E+04,  2.91909909612844E+04
 1.94391666700000E+03,  1.86353717879476E+00,  2.19000000000000E+00,  4.05175490594429E-01,  1.38070000000003E+02,  1.23442797179240E+04,  1.63817264734541E+04
 1.94400000000000E+03,  1.85254594516067E+00,  2.81000000000000E+00,  4.04576603919306E-01,  1.38250000000003E+02,  8.85053060846536E+03,  8.85127858660291E+03
 1.94408333300000E+03,  1.85150108931658E+00,  3.34000000000000E+00,  4.03971183223159E-01,  1.38430000000003E+02,  6.50854756830805E+03,  6.46169803473470E+03
 1.94416666700000E+03,  1.88318183659836E+00,  3.63750000000000E+00,  4.03359361780825E-01,  1.38610000000003E+02,  5.23584687603605E+03,  6.53826556741383E+03
 1.94425000000000E+03,  2.02125426747675E+00,  3.30250000000000E+00,  4.02741274409922E-01,  1.38790000000003E+02,  5.15772672753158E+03,  6.62664527010030E+03
 1.94433333300000E+03,  2.18187836870854E+00,  3.05500000000000E+00,  4.02117057432631E-01,  1.38970000000003E+02,  6.57012195075808E+03,  6.17932878612165E+03
 1.94441666700000E+03,  2.31430726374525E+00,  3.31000000000000E+00,  4.01486848637180E-01,  1.39150000000003E+02,  9.34316103116708E+03,  6.12259070438455E+03
 1.94450000000000E+03,  2.42822743799747E+00,  3.72750000000000E+00,  4.00850787239057E-01,  1.39330000000003E+02,  1.24518003456156E+04,  7.23400105595494E+03
 1.94458333300000E+03,  2.42107437077185E+00,  4.11000000000000E+00,  4.00209013841963E-01,  1.39510000000003E+02,  1.42860654579155E+04,  9.12822415728816E+03
 1.94466666700000E+03,  2.25820970829458E+00,  4.05750000000000E+00,  4.20113540871614E-01,  1.39690000000003E+02,  1.36894503561499E+04,  1.07860062766251E+04
 1.94475000000000E+03,  2.06291401923988E+00,  3.50000000000000E+00,  4.20384366848044E-01,  1.39870000000003E+02,  1.09353101041352E+04,  1.19221402725811E+04
 1.94483333300000E+03,  1.89538721091046E+00,  2.90250000000000E+00,  4.20646740891832E-01,  1.40050000000003E+02,  7.76972168423860E+03,  1.36446837220022E+04
 1.94491666700000E+03,  1.76128422984992E+00,  2.64000000000000E+00,  4.20900750141292E-01,  1.40230000000003E+02,  6.34738053301884E+03,  1.75621632732626E+04
 1.94500000000000E+03,  1.68776905267970E+00,  2.79750000000000E+00,  4.21146483166373E-01,  1.40410000000003E+02,  7.79286285707246E+03,  2.40443843203978E+04
 1.94508333300000E+03,  1.62698388935362E+00,  3.24750000000000E+00,  4.21384029933895E-01,  1.40590000000003E+02,  1.14587841168041E+04,  3.12654856577488E+04
 1.94516666700000E+03,  1.60186271615011E+00,  3.66750000000000E+00,  4.21613481772473E-01,  1.40770000000003E+02,  1.54235933869375E+04,  3.60728690911975E+04
 1.94525000000000E+03,  1.68621099970648E+00,  3.68750000000000E+00,  4.21834931337143E-01,  1.40950000000003E+02,  1.78115804707210E+04,  3.61340654316491E+04
 1.94533333300000E+03,  1.79631250115194E+00,  2.95750000000000E+00,  4.22048472573696E-01,  1.41130000000003E+02,  1.79234080162461E+04,  3.16400002956463E+04
 1.94541666700000E+03,  1.88152833868164E+00,  1.80250000000000E+00,  4.22254200682754E-01,  1.41310000000003E+02,  1.64075097041689E+04,  2.51508167912347E+04
 1.94550000000000E+03,  1.95163712030468E+00,  1.07250000000000E+00,  4.22452212083571E-01,  1.41490000000003E+02,  1.45300386503057E+04,  1.97092160610666E+04
 1.94558333300000E+03,  1.78991220434431E+00,  9.07500000000000E-01,  4.22642604377604E-01,  1.41670000000003E+02,  1.32813074047238E+04,  1.67764735348052E+04
 1.94566666700000E+03,  1.35709608541784E+00,  8.97500000000000E-01,  1.84656713791891E-01,  1.41850000000003E+02,  1.30300923139983E+04,  1.56292403287173E+04
 1.94575000000000E+03,  9.98959436323056E-01,  1.13250000000000E+00,  1.85199968425627E-01,  1.42030000000003E+02,  1.38004586126674E+04,  1.45457308499423E+04
 1.94583333300000E+03,  7.77724343991354E-01,  1.47000000000000E+00,  1.85757030076055E-01,  1.42210000000003E+02,  1.56375093694083E+04,  1.25821978540449E+04
 1.94591666700000E+03,  5.88207250097534E-01,  1.79250000000000E+00,  1.86327825620426E-01,  1.42390000000003E+02,  1.85269488316765E+04,  1.03342577756650E+04
 1.94600000000000E+03,  4.57668087979941E-01,  2.15750000000000E+00,  1.86912280390453E-01,  1.42570000000003E+02,  2.19171238208721E+04,  9.10847819477306E+03
 1.94608333300000E+03,  3.38359667900964E-01,  1.92500000000000E+00,  1.87510318174396E-01,  1.42750000000003E+02,  2.44598536315186E+04,  9.42532211372659E+03
 1.94616666700000E+03,  2.53341551629456E-01,  1.23750000000000E+00,  1.88121861219229E-01,  1.42930000000003E+02,  2.45256068739215E+04,  1.03646964346691E+04
 1.94625000000000E+03,  2.76560050834677E-01,  8.10000000000000E-01,  1.88746830232933E-01,  1.43110000000003E+02,  2.13373116902387E+04,  1.04236491621203E+04
 1.94633333300000E+03,  3.24455227337684E-01,  3.00000000000000E-01,  1.89385144386907E-01,  1.43290000000003E+02,  1.58415373067392E+04,  9.07548849135380E+03
 1.94641666700000E+03,  3.46560063060667E-01, -8.40000000000000E-01,  1.90036721318515E-01,  1.43470000000003E+02,  1.04318145876008E+04,  7.49026118346117E+03
 1.94650000000000E+03,  3.52840599626204E-01, -1.73500000000000E+00,  1.90701477133746E-01,  1.43650000000003E+02,  7.49043085321818E+03,  7.60840864443195E+03
 1.94658333300000E+03,  5.64264449074849E-01, -1.42500000000000E+00,  1.91379326410058E-01,  1.43830000000003E+02,  7.75691413421129E+03,  1.03110673790138E+04
 1.94666666700000E+03,  9.78699282878594E-01, -5.82500000000000E-01,  4.23658910518264E-01,  1.44010000000003E+02,  9.83110008459900E+03,  1.43662376032583E+04
 1.94675000000000E+03,  1.10479424594280E+00, -3.30000000000000E-01,  4.23416639089669E-01,  1.44190000000003E+02,  1.13080200797267E+04,  1.72285317026649E+04
 1.94683333300000E+03,  9.69466263706657E-01, -5.00000000000000E-01,  4.23157893846857E-01,  1.44370000000003E+02,  1.07126719256932E+04,  1.71060905493207E+04
 1.94691666700000E+03,  8.68828101576896E-01, -8.22500000000000E-01,  4.22882652351161E-01,  1.44550000000003E+02,  8.66988936148636E+03,  1.44801380104918E+04
 1.94700000000000E+03,  8.30034896563654E-01, -1.32500000000000E+00,  4.22590895835720E-01,  1.44730000000003E+02,  7.30054824625498E+03,  1.16544307484797E+04
 1.94708333300000E+03,  8.05218814332162E-01, -1.34750000000000E+00,  4.22282609214893E-01,  1.44910000000003E+02,  8.30059601779549E+03,  1.06709816752555E+04
 1.94716666700000E+03,  8.17301875412740E-01, -1.06500000000000E+00,  4.21957781092457E-01,  1.45090000000003E+02,  1.13280595229840E+04,  1.15039258544642E+04
 1.94725000000000E+03,  9.40074945118221E-01, -1.14750000000000E+00,  4.21616403768611E-01,  1.45270000000003E+02,  1.41556387130654E+04,  1.23323178110107E+04
 1.94733333300000E+03,  1.08980377884752E+00, -1.44250000000000E+00,  4.21258473245763E-01,  1.45450000000003E+02,  1.45903801795058E+04,  1.18391990077160E+04
 1.94741666700000E+03,  1.21582730613469E+00, -1.58500000000000E+00,  4.20883989233101E-01,  1.45630000000003E+02,  1.25909909597892E+04,  1.14564166325565E+04
 1.94750000000000E+03,  1.32789696885379E+00, -1.45750000000000E+00,  4.20492955149948E-01,  1.45810000000003E+02,  1.06891686152893E+04,  1.51674560726355E+04
 1.94758333300000E+03,  1.26841406301202E+00, -1.06000000000000E+00,  4.20085378127893E-01,  1.45990000000003E+02,  1.21267069026537E+04,  2.64084834946561E+04
 1.94766666700000E+03,  1.00987657573601E+00, -7.70000000000000E-01,  3.28934286759554E-01,  1.46170000000003E+02,  1.80582782157094E+04,  4.42940663342369E+04
 1.94775000000000E+03,  7.91808847130569E-01, -5.02500000000000E-01,  3.29253740211589E-01,  1.46350000000003E+02,  2.61237272831139E+04,  6.24942090066518E+04
 1.94783333300000E+03,  6.65218844314918E-01,  4.75000000000000E-02,  3.29583579904404E-01,  1.46530000000003E+02,  3.17671476825413E+04,  7.23933319576912E+04
 1.94791666700000E+03,  5.72494551473226E-01,  2.00000000000000E-01,  3.29923747926501E-01,  1.46710000000003E+02,  3.15092292264389E+04,  6.87793655370789E+04
 1.94800000000000E+03,  5.40741023743623E-01, -1.07500000000000E-01,  3.30274184148593E-01,  1.46890000000003E+02,  2.56945346782382E+04,  5.39374103800868E+04
 1.94808333300000E+03,  5.22039269325472E-01, -1.52500000000000E-01,  3.30634826225156E-01,  1.47070000000003E+02,  1.84727290429038E+04,  3.67714004697804E+04
 1.94816666700000E+03,  5.39259451500736E-01, -1.52500000000000E-01,  3.31005609596235E-01,  1.47250000000003E+02,  1.48569412266317E+04,  2.71386670158672E+04
 1.94825000000000E+03,  6.66140305314371E-01, -3.40000000000000E-01,  3.31386467489519E-01,  1.47430000000003E+02,  1.70288139542470E+04,  2.92937332073739E+04
 1.94833333300000E+03,  8.18895661143186E-01, -1.07500000000000E-01,  3.31777330922680E-01,  1.47610000000003E+02,  2.27473950112580E+04,  3.92300839907466E+04
 1.94841666700000E+03,  9.46813259525674E-01,  1.17500000000000E-01,  3.32178128705987E-01,  1.47790000000003E+02,  2.71453546540916E+04,  4.79238985734578E+04
 1.94850000000000E+03,  1.05959467217178E+00, -1.62500000000000E-01,  3.32588787445208E-01,  1.47970000000003E+02,  2.65535328353718E+04,  4.80724330639926E+04
 1.94858333300000E+03,  8.75114448779831E-01, -3.90000000000000E-01,  3.33009231544795E-01,  1.48150000000003E+02,  2.13762070828413E+04,  3.92934119714557E+04
 1.94866666700000E+03,  3.84805799276872E-01, -3.50000000000000E-01,  3.15965536431372E-01,  1.48330000000003E+02,  1.57605194459853E+04,  2.79797095270075E+04
 1.94875000000000E+03,  9.49227758132859E-02,  1.92500000000000E-01,  3.17134614489634E-01,  1.48510000000003E+02,  1.43201996092128E+04,  2.21333663607550E+04
 1.94883333300000E+03,  3.50577765550046E-02,  7.95000000000000E-01,  3.18292836145142E-01,  1.48690000000003E+02,  1.84927445998620E+04,  2.52940080384702E+04
 1.94891666700000E+03,  2.76466251678967E-03,  9.77500000000000E-01,  3.19440192223716E-01,  1.48870000000003E+02,  2.53820764282786E+04,  3.41828338925790E+04
 1.94900000000000E+03,  2.49328561969091E-02,  1.27000000000000E+00,  3.20576675320174E-01,  1.49050000000003E+02,  2.99542898349391E+04,  4.16005186115963E+04
 1.94908333300000E+03,  5.35005838976726E-02,  1.23000000000000E+00,  3.21702279780541E-01,  1.49230000000003E+02,  2.88116564945423E+04,  4.19901453486379E+04
 1.94916666700000E+03,  1.11265733171926E-01,  7.92500000000000E-01,  3.22817001683698E-01,  1.49410000000003E+02,  2.25838727293882E+04,  3.52028101645751E+04
 1.94925000000000E+03,  2.71962324516208E-01,  4.82500000000000E-01,  3.23920838822483E-01,  1.49590000000003E+02,  1.51639071207609E+04,  2.57632961651946E+04
 1.94933333300000E+03,  4.51863573370875E-01,  8.00000000000000E-02,  3.25013790684235E-01,  1.49770000000003E+02,  1.05704397736810E+04,  1.87255973122938E+04
 1.94941666700000E+03,  6.00376810444507E-01,  7.50000000000000E-02,  3.26095858430818E-01,  1.49950000000003E+02,  1.00487346265661E+04,  1.58480533495053E+04
 1.94950000000000E+03,  7.27379155689855E-01,  5.67500000000000E-01,  3.27167044878109E-01,  1.50130000000003E+02,  1.16721470478170E+04,  1.52005871318257E+04
 1.94958333300000E+03,  7.39615067811011E-01,  8.15000000000000E-01,  3.28227354474977E-01,  1.50310000000003E+02,  1.25368124102673E+04,  1.41258766120200E+04
 1.94966666700000E+03,  5.68578523570174E-01,  8.15000000000000E-01,  1.40815560664340E-01,  1.50490000000003E+02,  1.14976237355387E+04,  1.25328848182283E+04
 1.94975000000000E+03,  2.88842314647728E-01,  9.15000000000000E-01,  1.38653634826066E-01,  1.50670000000003E+02,  1.00542950128305E+04,  1.33313729282337E+04
 1.94983333300000E+03,  2.48597027691130E-03,  1.04500000000000E+00,  1.36495846409944E-01,  1.50850000000003E+02,  1.06977239618425E+04,  1.95087049261059E+04
 1.94991666700000E+03, -2.35622829493206E-01,  1.08750000000000E+00,  1.34342397641123E-01,  1.51030000000003E+02,  1.42829806366805E+04,  3.05096292165333E+04
 1.95000000000000E+03, -3.95256130801952E-01,  7.17500000000000E-01,  1.32193489535501E-01,  1.51210000000003E+02,  1.88642681051658E+04,  4.14013210144242E+04
 1.95008333300000E+03, -5.21903617243326E-01, -2.02500000000000E-01,  1.30049321865237E-01,  1.51390000000003E+02,  2.11566658318771E+04,  4.60026368626627E+04
 1.95016666700000E+03, -5.91009665321224E-01, -9.87500000000000E-01,  1.27910093125072E-01,  1.51570000000003E+02,  1.94585843807585E+04,  4.16627034972688E+04
 1.95025000000000E+03, -5.27920093318933E-01, -1.11000000000000E+00,  1.25776000499392E-01,  1.51750000000003E+02,  1.54837786647469E+04,  3.17151008046257E+04
 1.95033333300000E+03, -4.16277608295583E-01, -7.72500000000000E-01,  1.23647239830115E-01,  1.51930000000003E+02,  1.33465508974385E+04,  2.33345333096970E+04
 1.95041666700000E+03, -3.07401432932142E-01, -5.47500000000000E-01,  1.21524005585355E-01,  1.52110000000003E+02,  1.63133915560860E+04,  2.22588940757621E+04
 1.95050000000000E+03, -1.92903688544848E-01, -3.82500000000000E-01,  1.19406490828899E-01,  1.52290000000003E+02,  2.39079444842736E+04,  2.85039788974615E+04
 1.95058333300000E+03, -9.27352852200529E-02, -6.25000000000000E-02,  1.17294887190489E-01,  1.52470000000003E+02,  3.18345580939105E+04,  3.65083625654792E+04
 1.95066666700000E+03, -5.04555997063558E-02, -1.75000000000000E-01,  1.11995909499970E-01,  1.52650000000003E+02,  3.49835005937917E+04,  3.95988830747944E+04
 1.95075000000000E+03, -1.22067400875443E-01, -2.75000000000000E-01,  1.09906632411144E-01,  1.52830000000003E+02,  3.12600190540735E+04,  3.51707113194232E+04
 1.95083333300000E+03, -2.45579016024021E-01,  3.45000000000000E-01,  1.07824114411980E-01,  1.53010000000003E+02,  2.32201006887509E+04,  2.64359453708687E+04
 1.95091666700000E+03, -3.27967970342498E-01,  8.47500000000000E-01,  1.05748538714634E-01,  1.53190000000003E+02,  1.61736324956436E+04,  1.94701265582131E+04
 1.95100000000000E+03, -3.44840023819907E-01,  6.80000000000000E-01,  1.03680086923629E-01,  1.53370000000003E+02,  1.42130980419256E+04,  1.81791393015661E+04
 1.95108333300000E+03, -3.46923245952360E-01,  2.27500000000000E-01,  1.01618939012377E-01,  1.53550000000003E+02,  1.72838376131875E+04,  2.14598461725782E+04
 1.95116666700000E+03, -3.14167935035159E-01,  4.27500000000000E-01,  9.95652733005479E-02,  1.53730000000003E+02,  2.15727448478493E+04,  2.48568875860514E+04
 1.95125000000000E+03, -1.75582832662007E-01,  1.25500000000000E+00,  9.75192664322851E-02,  1.53910000000003E+02,  2.28229133174985E+04,  2.51054035702178E+04
 1.95133333300000E+03, -1.75490007098644E-02,  1.95500000000000E+00,  9.54810933552529E-02,  1.54090000000003E+02,  1.98436675005911E+04,  2.34359526706207E+04
 1.95141666700000E+03,  1.06851796716115E-01,  2.88000000000000E+00,  9.34509273005464E-02,  1.54270000000003E+02,  1.53755232091923E+04,  2.45810900130635E+04
 1.95150000000000E+03,  2.05241269142915E-01,  3.54000000000000E+00,  9.14289397634356E-02,  1.54450000000003E+02,  1.36688796135911E+04,  3.22021785169946E+04
 1.95158333300000E+03,  4.77256374632381E-01,  3.14250000000000E+00,  8.94153004849579E-02,  1.54630000000003E+02,  1.68391144222037E+04,  4.47315195087445E+04
 1.95166666700000E+03,  9.11227502509527E-01,  2.60000000000000E+00,  4.21454310779621E-01,  1.54810000000003E+02,  2.30536304984143E+04,  5.55251011523790E+04
 1.95175000000000E+03,  1.04946775191597E+00,  2.30500000000000E+00,  4.21471322129983E-01,  1.54990000000003E+02,  2.80753954403920E+04,  5.76861445947403E+04
 1.95183333300000E+03,  9.34056264963610E-01,  1.90750000000000E+00,  4.21490549529597E-01,  1.55170000000003E+02,  2.88901833450120E+04,  4.98414100773495E+04
 1.95191666700000E+03,  8.52602487580495E-01,  1.68500000000000E+00,  4.21511976997465E-01,  1.55350000000003E+02,  2.63822466944685E+04,  3.80076276075224E+04
 1.95200000000000E+03,  8.30884930324350E-01,  1.69500000000000E+00,  4.21535586460972E-01,  1.55530000000003E+02,  2.47573022835737E+04,  3.16049932609410E+04
 1.95208333300000E+03,  8.19716895221589E-01,  1.86250000000000E+00,  4.21561357755010E-01,  1.55710000000003E+02,  2.80647082471843E+04,  3.64050582560758E+04
 1.95216666700000E+03,  8.40797017632198E-01,  2.03250000000000E+00,  4.21589268621554E-01,  1.55890000000003E+02,  3.65885917347344E+04,  4.98795499037689E+04
 1.95225000000000E+03,  9.66822008608405E-01,  1.93000000000000E+00,  4.21619294709693E-01,  1.56070000000003E+02,  4.60800705572480E+04,  6.27453170912658E+04
 1.95233333300000E+03,  1.11312167058072E+00,  2.28250000000000E+00,  4.21651409576132E-01,  1.56250000000003E+02,  5.05941394531435E+04,  6.56959981675924E+04
 1.95241666700000E+03,  1.22828073574779E+00,  3.24000000000000E+00,  4.21685584686147E-01,  1.56430000000003E+02,  4.68291992996294E+04,  5.61932478151061E+04
 1.95250000000000E+03,  1.32149589481402E+00,  3.77250000000000E+00,  4.21721789415005E-01,  1.56610000000003E+02,  3.66358111885805E+04,  4.01009759034710E+04
 1.95258333300000E+03,  1.48441162629401E+00,  3.79750000000000E+00,  4.21759991049855E-01,  1.56790000000003E+02,  2.57512433516852E+04,  2.70059996110721E+04
 1.95266666700000E+03,  1.69618531438827E+00,  3.64750000000000E+00,  3.86470329908166E-01,  1.56970000000003E+02,  1.97264146491012E+04,  2.30376424834077E+04
 1.95275000000000E+03,  1.70583596044217E+00,  3.24750000000000E+00,  3.86457746619002E-01,  1.57150000000003E+02,  2.01453847543369E+04,  2.68833125232343E+04
 1.95283333300000E+03,  1.56136050138486E+00,  2.93500000000000E+00,  3.86438363124008E-01,  1.57330000000003E+02,  2.39391664055868E+04,  3.19932988353923E+04
 1.95291666700000E+03,  1.44986457176648E+00,  2.93750000000000E+00,  3.86412170288071E-01,  1.57510000000003E+02,  2.61495164506707E+04,  3.28920665064715E+04
 1.95300000000000E+03,  1.39851997373746E+00,  2.58750000000000E+00,  3.86379157609913E-01,  1.57690000000003E+02,  2.38634964693508E+04,  3.02012525608428E+04
 1.95308333300000E+03,  1.35947670957680E+00,  1.89000000000000E+00,  3.86339313220071E-01,  1.57870000000003E+02,  1.82653799768015E+04,  3.01191987114199E+04
 1.95316666700000E+03,  1.35567614642554E+00,  1.90000000000000E+00,  3.86292623879433E-01,  1.58050000000003E+02,  1.33654832097724E+04,  3.87443802258345E+04
 1.95325000000000E+03,  1.46093038424150E+00,  2.72250000000000E+00,  3.86239074978324E-01,  1.58230000000003E+02,  1.26080199243878E+04,  5.59681523957591E+04
 1.95333333300000E+03,  1.59152871593576E+00,  3.13000000000000E+00,  3.86178650536151E-01,  1.58410000000003E+02,  1.61281065103272E+04,  7.41377358374910E+04
 1.95341666700000E+03,  1.69683636546882E+00,  3.03750000000000E+00,  3.86111333201612E-01,  1.58590000000003E+02,  2.07552649479558E+04,  8.28939531310934E+04
 1.95350000000000E+03,  1.78663431543305E+00,  2.99750000000000E+00,  3.86037104253455E-01,  1.58770000000004E+02,  2.25936996099433E+04,  7.65885341241471E+04
 1.95358333300000E+03,  1.78280782336500E+00,  2.79500000000000E+00,  3.85955943601808E-01,  1.58950000000004E+02,  2.00121681566512E+04,  5.85295803268533E+04
 1.95366666700000E+03,  1.65899089815896E+00,  2.35750000000000E+00,  4.22259389548590E-01,  1.59130000000004E+02,  1.46987338368348E+04,  3.87331399909483E+04
 1.95375000000000E+03,  1.49713565929412E+00,  1.99000000000000E+00,  4.22317221933984E-01,  1.59310000000004E+02,  1.01063980461358E+04,  2.69161187441929E+04
 1.95383333300000E+03,  1.34758036104207E+00,  2.17500000000000E+00,  4.22376480359608E-01,  1.59490000000004E+02,  8.70146956516015E+03,  2.61023215947103E+04
 1.95391666700000E+03,  1.23131951120264E+00,  2.40750000000000E+00,  4.22437104778629E-01,  1.59670000000004E+02,  1.02527224767284E+04,  3.15699890754123E+04
 1.95400000000000E+03,  1.17553211930313E+00,  1.96000000000000E+00,  4.22499033134912E-01,  1.59850000000004E+02,  1.23963193185444E+04,  3.55534696113587E+04
 1.95408333300000E+03,  1.13237579531953E+00,  1.24000000000000E+00,  4.22562201372245E-01,  1.60030000000004E+02,  1.28043056158233E+04,  3.36460173888695E+04
 1.95416666700000E+03,  1.12479990931923E+00,  6.52500000000000E-01,  4.22626543444059E-01,  1.60210000000004E+02,  1.10626663574791E+04,  2.77816540637013E+04
 1.95425000000000E+03,  1.22662495239137E+00,  3.02500000000000E-01,  4.22691991323642E-01,  1.60390000000004E+02,  8.76389492769333E+03,  2.37224868522204E+04
 1.95433333300000E+03,  1.35414898746232E+00,  5.05000000000000E-01,  4.22758475014858E-01,  1.60570000000004E+02,  7.90349915519363E+03,  2.55343898520692E+04
 1.95441666700000E+03,  1.45674637635619E+00,  4.97500000000000E-01,  4.22825922563363E-01,  1.60750000000004E+02,  9.06741159722591E+03,  3.18588304335155E+04
 1.95450000000000E+03,  1.54420759425966E+00, -7.25000000000000E-02,  4.22894260068326E-01,  1.60930000000004E+02,  1.09704202720536E+04,  3.70739419829931E+04
 1.95458333300000E+03,  1.40965948155517E+00, -2.70000000000000E-01,  4.22963411694649E-01,  1.61110000000004E+02,  1.16707437252869E+04,  3.62251521878342E+04
 1.95466666700000E+03,  1.03776447464628E+00, -2.30000000000000E-01,  3.25528013791879E-01,  1.61290000000004E+02,  1.03399036215931E+04,  2.94410002276412E+04
 1.95475000000000E+03,  7.76819886082578E-01, -3.15000000000000E-01,  3.26811407344511E-01,  1.61470000000004E+02,  8.03040297138455E+03,  2.20325942765656E+04
 1.95483333300000E+03,  6.61739065123704E-01, -4.02500000000000E-01,  3.28090524866022E-01,  1.61650000000004E+02,  6.78371924778479E+03,  2.01426401738029E+04
 1.95491666700000E+03,  5.71613251655138E-01, -1.92500000000000E-01,  3.29365213682894E-01,  1.61830000000004E+02,  7.85637735410211E+03,  2.55721873866437E+04
 1.95500000000000E+03,  5.33819066812441E-01,  2.92500000000000E-01,  3.30635322350028E-01,  1.62010000000004E+02,  1.05895889875918E+04,  3.41375976599569E+04
 1.95508333300000E+03,  5.00803707465342E-01,  4.32500000000000E-01,  3.31900700686753E-01,  1.62190000000004E+02,  1.28946913188503E+04,  3.90034275181727E+04
 1.95516666700000E+03,  4.95892342981161E-01,  4.82500000000000E-01,  3.33161199812579E-01,  1.62370000000004E+02,  1.29600921447528E+04,  3.63091839064290E+04
 1.95525000000000E+03,  5.93360798910037E-01,  9.57500000000000E-01,  3.34416672182702E-01,  1.62550000000004E+02,  1.07598923913272E+04,  2.84680378963629E+04
 1.95533333300000E+03,  7.10034535378884E-01,  1.54000000000000E+00,  3.35666971623277E-01,  1.62730000000004E+02,  8.10802134168742E+03,  2.23673137291102E+04
 1.95541666700000E+03,  7.95879233869779E-01,  2.01500000000000E+00,  3.36911953366378E-01,  1.62910000000004E+02,  7.20364586069332E+03,  2.38399132136363E+04
 1.95550000000000E+03,  8.61331934815052E-01,  2.20000000000000E+00,  3.38151474084675E-01,  1.63090000000004E+02,  8.85112428632938E+03,  3.28340931504837E+04
 1.95558333300000E+03,  5.96280189295744E-01,  1.99250000000000E+00,  3.39385391925817E-01,  1.63270000000004E+02,  1.17981635584780E+04,  4.32014315650689E+04
 1.95566666700000E+03, -4.51240939714506E-03,  2.09000000000000E+00,  2.52814059971421E-01,  1.63450000000004E+02,  1.37231275018412E+04,  4.73550747560723E+04
 1.95575000000000E+03, -3.75139987300472E-01,  2.80750000000000E+00,  2.51465189629503E-01,  1.63630000000004E+02,  1.30757215146662E+04,  4.21692212013152E+04
 1.95583333300000E+03, -4.90274713320195E-01,  3.20750000000000E+00,  2.50123637631583E-01,  1.63810000000004E+02,  1.03084133403889E+04,  3.14936466223388E+04
 1.95591666700000E+03, -5.84375572208342E-01,  2.65000000000000E+00,  2.48789577666482E-01,  1.63990000000004E+02,  7.54367846233431E+03,  2.33139221018163E+04
 1.95600000000000E+03, -6.30099550632398E-01,  1.74500000000000E+00,  2.47463181710056E-01,  1.64170000000004E+02,  6.96643103421053E+03,  2.37632070572436E+04
 1.95608333300000E+03, -6.74971432484951E-01,  9.07500000000000E-01,  2.46144620008596E-01,  1.64350000000004E+02,  9.20586263778112E+03,  3.25891052531778E+04
 1.95616666700000E+03, -6.95579670170768E-01,  3.97500000000000E-01,  2.44834061062943E-01,  1.64530000000004E+02,  1.29250074905165E+04,  4.34690110789843E+04
 1.95625000000000E+03, -6.17507682527154E-01,  1.42500000000000E-01,  2.43531671613219E-01,  1.64710000000004E+02,  1.58556492531195E+04,  4.87855616009242E+04
 1.95633333300000E+03, -5.23739462021282E-01, -8.55000000000000E-01,  2.42237616624281E-01,  1.64890000000004E+02,  1.64133983019370E+04,  4.51231589970426E+04
 1.95641666700000E+03, -4.64074063387232E-01, -1.75750000000000E+00,  2.40952059271772E-01,  1.65070000000004E+02,  1.46621856528791E+04,  3.53834253571001E+04
 1.95650000000000E+03, -4.27799916874189E-01, -1.42500000000000E+00,  2.39675160928856E-01,  1.65250000000004E+02,  1.19972142424441E+04,  2.61797304219637E+04
 1.95658333300000E+03, -3.93529644155576E-01, -1.00750000000000E+00,  2.38407081153572E-01,  1.65430000000004E+02,  9.94059213177773E+03,  2.27805480787123E+04
 1.95666666700000E+03, -3.58723962037505E-01, -8.65000000000000E-01,  3.57384545993752E-01,  1.65610000000004E+02,  9.06517187465926E+03,  2.55236762814834E+04
 1.95675000000000E+03, -4.07353634858172E-01, -7.17500000000000E-01,  3.55993901139580E-01,  1.65790000000004E+02,  8.83521051304432E+03,  3.01910181259425E+04
 1.95683333300000E+03, -5.12012948964472E-01, -5.57500000000000E-01,  3.54588227367133E-01,  1.65970000000004E+02,  8.33808160710553E+03,  3.16402351880731E+04
 1.95691666700000E+03, -5.79206903675721E-01, -3.90000000000000E-01,  3.53167579626137E-01,  1.66150000000004E+02,  7.18103439313142E+03,  2.76228197559850E+04
 1.95700000000000E+03, -5.82568523482107E-01, -6.87500000000000E-01,  3.51732016127729E-01,  1.66330000000004E+02,  5.78792239248403E+03,  1.99276459059031E+04
 1.95708333300000E+03, -5.70853733138301E-01, -8.47500000000000E-01,  3.50281598337998E-01,  1.66510000000004E+02,  4.91966808069958E+03,  1.23787764396458E+04
 1.95716666700000E+03, -5.22123323119459E-01, -6.12500000000000E-01,  3.48816390970416E-01,  1.66690000000004E+02,  4.91941469308838E+03,  7.71414086444087E+03
 1.95725000000000E+03, -3.63655999022356E-01, -7.85000000000000E-01,  3.47336461977165E-01,  1.66870000000004E+02,  5.38078467858972E+03,  5.99249821084886E+03
 1.95733333300000E+03, -1.80331480657483E-01, -8.87500000000000E-01,  3.45841882539351E-01,  1.67050000000004E+02,  5.52532688578278E+03,  5.59452164475756E+03
 1.95741666700000E+03, -2.40183789143951E-02, -3.32500000000000E-01,  3.44332727056091E-01,  1.67230000000004E+02,  4.93803414105919E+03,  5.57480832943108E+03
 1.95750000000000E+03,  1.13781971232577E-01,  6.05000000000000E-01,  3.42809073132529E-01,  1.67410000000004E+02,  3.99825186638113E+03,  7.04561657238093E+03
 1.95758333300000E+03,  4.35535476238667E-01,  1.59250000000000E+00,  3.41271001566722E-01,  1.67590000000004E+02,  3.60913088636790E+03,  1.22519125718707E+04
 1.95766666700000E+03,  9.09351091126085E-01,  1.91500000000000E+00,  4.21412061854459E-01,  1.67770000000004E+02,  4.43162375197310E+03,  2.21081330860180E+04
 1.95775000000000E+03,  1.05068430730834E+00,  1.44250000000000E+00,  4.21421124441723E-01,  1.67950000000004E+02,  6.25641746084364E+03,  3.43884203054563E+04
 1.95783333300000E+03,  9.18648164514353E-01,  9.22500000000000E-01,  4.21432442889124E-01,  1.68130000000004E+02,  8.04667030983462E+03,  4.43089016424686E+04
 1.95791666700000E+03,  8.22612064435497E-01,  6.57500000000000E-01,  4.21446008612157E-01,  1.68310000000004E+02,  8.64573802776429E+03,  4.73102775972581E+04
 1.95800000000000E+03,  7.89449141771534E-01,  8.45000000000000E-01,  4.21461810941489E-01,  1.68490000000004E+02,  7.61067880970190E+03,  4.20405163538506E+04
 1.95808333300000E+03,  7.70959471862609E-01,  1.85750000000000E+00,  4.21479837120462E-01,  1.68670000000004E+02,  5.53160387692016E+03,  3.13133633552785E+04
 1.95816666700000E+03,  7.89685862112018E-01,  2.98750000000000E+00,  4.21500072303060E-01,  1.68850000000004E+02,  3.59934538667015E+03,  2.03322813587237E+04
 1.95825000000000E+03,  9.18996981369307E-01,  3.02250000000000E+00,  4.21522499552324E-01,  1.69030000000004E+02,  2.76097556659746E+03,  1.34931546454166E+04
 1.95833333300000E+03,  1.07469874315025E+00,  2.35250000000000E+00,  4.21547099839220E-01,  1.69210000000004E+02,  3.10171473959164E+03,  1.20345566530003E+04
 1.95841666700000E+03,  1.20563913656223E+00,  1.94750000000000E+00,  4.21573852041972E-01,  1.69390000000004E+02,  3.89418343564105E+03,  1.40217864624549E+04
 1.95850000000000E+03,  1.32105529342624E+00,  1.70500000000000E+00,  4.21602732945841E-01,  1.69570000000004E+02,  4.23499895758305E+03,  1.63412792378086E+04
 1.95858333300000E+03,  1.33938048053604E+00,  1.67500000000000E+00,  4.21633717243378E-01,  1.69750000000004E+02,  3.75560632041296E+03,  1.69950841880935E+04
 1.95866666700000E+03,  1.22877192598762E+00,  1.77250000000000E+00,  4.25208117422361E-01,  1.69930000000004E+02,  2.87087841056151E+03,  1.60285197291865E+04
 1.95875000000000E+03,  1.07228028227267E+00,  1.68250000000000E+00,  4.25240969972321E-01,  1.70110000000004E+02,  2.40906536746169E+03,  1.47126442748516E+04
 1.95883333300000E+03,  9.26309925792618E-01,  1.78250000000000E+00,  4.25269067917920E-01,  1.70290000000004E+02,  2.94081672031697E+03,  1.40024199981648E+04
 1.95891666700000E+03,  8.14510781603930E-01,  1.73750000000000E+00,  4.25292526524059E-01,  1.70470000000004E+02,  4.33292297232258E+03,  1.36923098627215E+04
 1.95900000000000E+03,  7.64042185897486E-01,  1.26250000000000E+00,  4.25311461161019E-01,  1.70650000000004E+02,  5.85548569048632E+03,  1.28873228377134E+04
 1.95908333300000E+03,  7.27041844611289E-01,  6.80000000000000E-01,  4.25325987266657E-01,  1.70830000000004E+02,  6.74054777320886E+03,  1.11830483078745E+04
 1.95916666700000E+03,  7.26439003710721E-01,  6.50000000000000E-02,  4.25336220308728E-01,  1.71010000000004E+02,  6.75871792216242E+03,  9.36099573099692E+03
 1.95925000000000E+03,  8.36033819063258E-01, -1.42500000000000E-01,  4.25342275747353E-01,  1.71190000000004E+02,  6.38620660906313E+03,  8.90248762184740E+03
 1.95933333300000E+03,  9.72103813049431E-01, -1.95000000000000E-01,  4.25344268997627E-01,  1.71370000000004E+02,  6.45324403307041E+03,  1.07153583392595E+04
 1.95941666700000E+03,  1.08400260754005E+00, -4.32500000000000E-01,  4.25342315392404E-01,  1.71550000000004E+02,  7.54467928779481E+03,  1.41890644150516E+04
 1.95950000000000E+03,  1.18149974291838E+00, -3.50000000000000E-01,  4.25336530145236E-01,  1.71730000000004E+02,  9.58526174620347E+03,  1.74359149620341E+04
 1.95958333300000E+03,  1.18769065323625E+00,  2.22500000000000E-01,  4.25327028313498E-01,  1.71910000000004E+02,  1.18832785681282E+04,  1.85776746490324E+04
 1.95966666700000E+03,  1.07369931272566E+00,  8.65000000000000E-01,  4.25112743728608E-01,  1.72090000000004E+02,  1.35641152483680E+04,  1.70552764665835E+04
 1.95975000000000E+03,  9.16503386560964E-01,  9.27500000000000E-01,  4.25150686700403E-01,  1.72270000000004E+02,  1.40614009522198E+04,  1.39172549808138E+04
 1.95983333300000E+03,  7.68890146399640E-01,  7.32500000000000E-01,  4.25185657053023E-01,  1.72450000000004E+02,  1.33343206795649E+04,  1.08910651899562E+04
 1.95991666700000E+03,  6.55554774804577E-01,  1.04000000000000E+00,  4.25217521427992E-01,  1.72630000000004E+02,  1.17234670973588E+04,  9.04494832856830E+03
 1.96000000000000E+03,  6.03682417150307E-01,  1.62250000000000E+00,  4.25246145361513E-01,  1.72810000000004E+02,  9.64024384314570E+03,  8.16773470067305E+03
 1.96008333300000E+03,  5.65436698309605E-01,  1.67000000000000E+00,  4.25271393316639E-01,  1.72990000000004E+02,  7.38230698442975E+03,  7.36397132655861E+03
 1.96016666700000E+03,  5.63772873470341E-01,  1.15000000000000E+00,  4.25293128715937E-01,  1.73170000000004E+02,  5.21012632035705E+03,  6.30614233817381E+03
 1.96025000000000E+03,  6.72517178885359E-01,  1.38500000000000E+00,  4.25311213974656E-01,  1.73350000000004E+02,  3.54667791643915E+03,  5.98716214866097E+03
 1.96033333300000E+03,  8.07973269229276E-01,  2.47500000000000E+00,  4.25325510534382E-01,  1.73530000000004E+02,  3.01278551400020E+03,  8.19193302309155E+03
 1.96041666700000E+03,  9.19520931665978E-01,  2.95000000000000E+00,  4.25335878897187E-01,  1.73710000000004E+02,  4.13068926373765E+03,  1.39787677519172E+04
 1.96050000000000E+03,  1.01695588582632E+00,  2.91000000000000E+00,  4.25342178660257E-01,  1.73890000000004E+02,  6.84138408112923E+03,  2.23678257241764E+04
 1.96058333300000E+03,  1.31469791223502E+00,  2.80000000000000E+00,  4.25344268551008E-01,  1.74070000000004E+02,  1.02308630053082E+04,  3.04125506726091E+04
 1.96066666700000E+03,  1.79421129687281E+00,  2.55250000000000E+00,  4.16016223755827E-01,  1.74250000000004E+02,  1.28071306949430E+04,  3.48365816724116E+04
 1.96075000000000E+03,  1.95997427188671E+00,  2.55250000000000E+00,  4.15585278730250E-01,  1.74430000000004E+02,  1.32969698018544E+04,  3.41855339297451E+04
 1.96083333300000E+03,  1.85396146988471E+00,  2.25500000000000E+00,  4.15142337639432E-01,  1.74610000000004E+02,  1.14926870345770E+04,  2.99304899090362E+04
 1.96091666700000E+03,  1.78151929002239E+00,  1.38750000000000E+00,  4.14687276101959E-01,  1.74790000000004E+02,  8.52854177751942E+03,  2.56135360255833E+04
 1.96100000000000E+03,  1.76969958929053E+00,  7.72500000000000E-01,  4.14219971329118E-01,  1.74970000000004E+02,  6.28121033517701E+03,  2.45130691674444E+04
 1.96108333300000E+03,  1.77052463333788E+00,  8.47500000000000E-01,  4.13740302170753E-01,  1.75150000000004E+02,  6.19617380411561E+03,  2.74182177729181E+04
 1.96116666700000E+03,  1.80680022026635E+00,  1.43000000000000E+00,  4.13248149160855E-01,  1.75330000000004E+02,  8.30925464461843E+03,  3.20964472067326E+04
 1.96125000000000E+03,  1.95219506300262E+00,  1.90750000000000E+00,  4.12743394562894E-01,  1.75510000000004E+02,  1.11774886364999E+04,  3.48792110939159E+04
 1.96133333300000E+03,  2.12284732395765E+00,  1.53250000000000E+00,  4.12225922414848E-01,  1.75690000000004E+02,  1.28356865073605E+04,  3.32911733855742E+04
 1.96141666700000E+03,  2.26796350038762E+00,  5.15000000000000E-01,  4.11695618573932E-01,  1.75870000000004E+02,  1.21544619960798E+04,  2.78891910631628E+04
 1.96150000000000E+03,  2.39715847728729E+00, -5.00000000000000E-03,  4.11152370760998E-01,  1.76050000000004E+02,  9.64285218302323E+03,  2.20153130461327E+04
 1.96158333300000E+03,  2.12681538909412E+00,  6.00000000000000E-02,  4.10596068604575E-01,  1.76230000000004E+02,  7.09805453526566E+03,  1.96259113271140E+04
 1.96166666700000E+03,  1.41125624126760E+00,  9.75000000000000E-02,  3.25888526381492E-01,  1.76410000000004E+02,  6.32878220795057E+03,  2.26949241770584E+04
 1.96175000000000E+03,  9.20343781305877E-01,  2.40000000000000E-01,  3.24204188856499E-01,  1.76590000000004E+02,  7.86706001553908E+03,  2.99545341352268E+04
 1.96183333300000E+03,  7.16617213779315E-01,  8.60000000000000E-01,  3.22506591693825E-01,  1.76770000000004E+02,  1.06068723632778E+04,  3.77639295746246E+04
 1.96191666700000E+03,  5.31684687245855E-01,  1.52500000000000E+00,  3.20795854177168E-01,  1.76950000000004E+02,  1.26265770494241E+04,  4.24115411321650E+04
 1.96200000000000E+03,  3.93320667907616E-01,  1.57500000000000E+00,  3.19072098500303E-01,  1.77130000000004E+02,  1.25693959520827E+04,  4.22323460317405E+04
 1.96208333300000E+03,  2.54596979019353E-01,  1.46000000000000E+00,  3.17335449738740E-01,  1.77310000000004E+02,  1.05477139261011E+04,  3.81888496147309E+04
 1.96216666700000E+03,  1.39692396727828E-01,  1.34000000000000E+00,  3.15586035820384E-01,  1.77490000000004E+02,  7.92226953022036E+03,  3.27572759384575E+04
 1.96225000000000E+03,  1.23960838874094E-01,  8.22500000000000E-01,  3.13823987495272E-01,  1.77670000000004E+02,  6.18760776916472E+03,  2.81476894890711E+04
 1.96233333300000E+03,  1.25518752278221E-01,  6.75000000000000E-02,  3.12049438304331E-01,  1.77850000000004E+02,  5.87616548988386E+03,  2.51946180364002E+04
 1.96241666700000E+03,  9.58167985649560E-02, -4.05000000000000E-01,  3.10262524547223E-01,  1.78030000000004E+02,  6.33513373059210E+03,  2.35302490660855E+04
 1.96250000000000E+03,  4.69447647770114E-02, -4.60000000000000E-01,  3.08463385249274E-01,  1.78210000000004E+02,  6.48681888149121E+03,  2.25520500965196E+04
 1.96258333300000E+03,  3.34811109438301E-01, -4.10000000000000E-01,  3.06652162127493E-01,  1.78390000000004E+02,  5.86821545219683E+03,  2.21373335359238E+04
 1.96266666700000E+03,  9.72813968414199E-01, -5.75000000000000E-02,  4.21767050006970E-01,  1.78570000000004E+02,  5.03566792423841E+03,  2.24660660274005E+04
 1.96275000000000E+03,  1.21692415869846E+00,  3.70000000000000E-01,  4.21524990020732E-01,  1.78750000000004E+02,  4.99330347469650E+03,  2.32825714616266E+04
 1.96283333300000E+03,  1.07689395462123E+00,  7.85000000000000E-01,  4.21273327090449E-01,  1.78930000000004E+02,  6.17644697740940E+03,  2.35610182086437E+04
 1.96291666700000E+03,  9.66133793688714E-01,  1.37250000000000E+00,  4.21011916509572E-01,  1.79110000000004E+02,  7.94104343344907E+03,  2.22220716456305E+04
 1.96300000000000E+03,  9.12026857444275E-01,  1.59000000000000E+00,  4.20740614337910E-01,  1.79290000000004E+02,  9.09027239798045E+03,  1.94990110771761E+04
 1.96308333300000E+03,  8.67046021295582E-01,  1.47000000000000E+00,  4.20459277448934E-01,  1.79470000000004E+02,  9.03914160248907E+03,  1.76916693597553E+04
 1.96316666700000E+03,  8.54565474370942E-01,  1.25500000000000E+00,  4.20167763577161E-01,  1.79650000000004E+02,  8.57477648975384E+03,  2.02383704649521E+04
 1.96325000000000E+03,  9.48935804620508E-01,  5.52500000000000E-01,  4.19865931365563E-01,  1.79830000000004E+02,  9.41521151603678E+03,  2.93062372821705E+04
 1.96333333300000E+03,  1.06708333475586E+00, -3.72500000000000E-01,  4.19553640413010E-01,  1.80010000000004E+02,  1.27685051031406E+04,  4.35082753730759E+04
 1.96341666700000E+03,  1.15909886873431E+00, -6.27500000000000E-01,  4.19230751321721E-01,  1.80190000000004E+02,  1.80373133107580E+04,  5.76840917537942E+04
 1.96350000000000E+03,  1.23556469968596E+00, -5.70000000000000E-01,  4.18897125744712E-01,  1.80370000000004E+02,  2.28631225875561E+04,  6.54444996273408E+04
 1.96358333300000E+03,  9.76997153567512E-01, -1.05000000000000E+00,  4.18552626433210E-01,  1.80550000000004E+02,  2.47132911123902E+04,  6.31349808577007E+04
 1.96366666700000E+03,  3.44543928166361E-01, -1.46000000000000E+00, -4.83978025908826E-02,  1.80730000000004E+02,  2.29167473022811E+04,  5.25502443411119E+04
 1.96375000000000E+03, -1.08868557893539E-01, -1.09250000000000E+00, -4.77637494200488E-02,  1.80910000000004E+02,  1.95188869040807E+04,  4.02806976870462E+04
 1.96383333300000E+03, -3.20809927251914E-01, -7.02500000000000E-01, -4.71144720781168E-02,  1.81090000000004E+02,  1.80844780120306E+04,  3.37907132898366E+04
 1.96391666700000E+03, -4.99766728292138E-01, -7.20000000000000E-01, -4.64500109121686E-02,  1.81270000000004E+02,  2.11346646228591E+04,  3.66923262056119E+04
 1.96400000000000E+03, -6.18349487767770E-01, -5.62500000000000E-01, -4.57704070900452E-02,  1.81450000000004E+02,  2.80661315104096E+04,  4.64160853457320E+04
 1.96408333300000E+03, -7.24172021228537E-01, -7.50000000000000E-02, -4.50757026119274E-02,  1.81630000000004E+02,  3.51988964507315E+04,  5.59343489466400E+04
 1.96416666700000E+03, -7.94038493858738E-01, -2.07500000000000E-01, -4.43659403220183E-02,  1.81810000000004E+02,  3.80928577770600E+04,  5.83918327874099E+04
 1.96425000000000E+03, -7.53864486635893E-01, -6.22500000000000E-01, -4.36411639203118E-02,  1.81990000000004E+02,  3.45629321708788E+04,  5.14620541072374E+04
 1.96433333300000E+03, -6.87071200615373E-01, -2.45000000000000E-01, -4.29014179744360E-02,  1.82170000000004E+02,  2.62275157119674E+04,  3.84853100514493E+04
 1.96441666700000E+03, -6.43987624239646E-01, -3.30000000000000E-01, -4.21467479315691E-02,  1.82350000000004E+02,  1.74472896679648E+04,  2.57928176913201E+04
 1.96450000000000E+03, -6.14511872225088E-01, -1.38500000000000E+00, -4.13772001303949E-02,  1.82530000000004E+02,  1.24122736663027E+04,  1.83418596001506E+04
 1.96458333300000E+03, -9.04147340491439E-01, -2.17000000000000E+00, -4.05928218131246E-02,  1.82710000000004E+02,  1.24806932216892E+04,  1.68632429976267E+04
 1.96466666700000E+03, -1.51351781935348E+00, -2.45500000000000E+00,  2.20104069322924E-01,  1.82890000000004E+02,  1.56413308976598E+04,  1.83979349217513E+04
 1.96475000000000E+03, -1.87723617851865E+00, -2.41500000000000E+00,  2.21862188270331E-01,  1.83070000000004E+02,  1.83501667570947E+04,  1.94470732530249E+04
 1.96483333300000E+03, -1.96622006514333E+00, -1.90250000000000E+00,  2.23614059108723E-01,  1.83250000000004E+02,  1.82368313680356E+04,  1.90398732121023E+04
 1.96491666700000E+03, -2.01210105954848E+00, -1.60750000000000E+00,  2.25359552289821E-01,  1.83430000000004E+02,  1.56255144178617E+04,  1.92827054324251E+04
 1.96500000000000E+03, -1.99018849825149E+00, -1.83000000000000E+00,  2.27098539781791E-01,  1.83610000000004E+02,  1.28481932367502E+04,  2.31071850738013E+04
 1.96508333300000E+03, -1.95084316741122E+00, -1.66750000000000E+00,  2.28830895093783E-01,  1.83790000000004E+02,  1.20867287283270E+04,  3.12262780737642E+04
 1.96516666700000E+03, -1.87361255689882E+00, -1.16500000000000E+00,  2.30556493299959E-01,  1.83970000000004E+02,  1.35679216409206E+04,  4.09099757467304E+04
 1.96525000000000E+03, -1.68710225221252E+00, -1.01750000000000E+00,  2.32275211062967E-01,  1.84150000000004E+02,  1.55303326630209E+04,  4.76612324969040E+04
 1.96533333300000E+03, -1.47732351020968E+00, -1.14500000000000E+00,  2.33986926656896E-01,  1.84330000000004E+02,  1.58706115549307E+04,  4.84778321762574E+04
 1.96541666700000E+03, -1.29705264434026E+00, -1.44250000000000E+00,  2.35691519989623E-01,  1.84510000000004E+02,  1.40132760476305E+04,  4.40729714716208E+04
 1.96550000000000E+03, -1.13845410572656E+00, -1.87500000000000E+00,  2.37388872624650E-01,  1.84690000000004E+02,  1.14234811093200E+04,  3.82514205855587E+04
 1.96558333300000E+03, -1.17206956200523E+00, -2.17000000000000E+00,  2.39078867802304E-01,  1.84870000000004E+02,  1.03557570575046E+04,  3.49226207188034E+04
 1.96566666700000E+03, -1.40036658339527E+00, -2.34750000000000E+00,  3.06001646334080E-01,  1.85050000000005E+02,  1.19085431489224E+04,  3.51271909149825E+04
 1.96575000000000E+03, -1.53179025892251E+00, -2.57750000000000E+00,  3.07258911966097E-01,  1.85230000000005E+02,  1.50194800896187E+04,  3.64335264284642E+04
 1.96583333300000E+03, -1.53453461905253E+00, -2.40500000000000E+00,  3.08505464617915E-01,  1.85410000000005E+02,  1.72460051168700E+04,  3.51509540785843E+04
 1.96591666700000E+03, -1.50121629746091E+00, -1.59250000000000E+00,  3.09741280059527E-01,  1.85590000000005E+02,  1.67010259683473E+04,  2.95490580384337E+04
 1.96600000000000E+03, -1.40640438217902E+00, -7.55000000000000E-01,  3.10966335953100E-01,  1.85770000000005E+02,  1.35704241458178E+04,  2.14800943419619E+04
 1.96608333300000E+03, -1.29964509566910E+00, -2.55000000000000E-01,  3.12180611840127E-01,  1.85950000000005E+02,  9.98759711448778E+03,  1.50951863942872E+04
 1.96616666700000E+03, -1.15962490401342E+00, -7.49999999999999E-03,  3.13384089127930E-01,  1.86130000000005E+02,  8.37529796213349E+03,  1.36727516530468E+04
 1.96625000000000E+03, -9.14069371170433E-01,  1.02500000000000E-01,  3.14576751075553E-01,  1.86310000000005E+02,  9.58823343934442E+03,  1.70742271498156E+04
 1.96633333300000E+03, -6.48117170532633E-01, -9.25000000000000E-02,  3.15758582779027E-01,  1.86490000000005E+02,  1.23187992148657E+04,  2.18303198938907E+04
 1.96641666700000E+03, -4.13704303703693E-01, -4.57500000000000E-01,  3.16929571156029E-01,  1.86670000000005E+02,  1.41888079936396E+04,  2.37772787211633E+04
 1.96650000000000E+03, -2.02209907243224E-01, -5.95000000000000E-01,  3.18089704929948E-01,  1.86850000000005E+02,  1.36099762783691E+04,  2.11785825688987E+04
 1.96658333300000E+03, -2.16113319345492E-01, -4.52500000000000E-01,  3.19238974613355E-01,  1.87030000000005E+02,  1.09346119571220E+04,  1.59360472833658E+04
 1.96666666700000E+03, -5.14085618819833E-01, -1.72500000000000E-01, -4.87607231431316E-02,  1.87210000000005E+02,  8.04879720229533E+03,  1.20264283558029E+04
 1.96675000000000E+03, -7.97231939692248E-01, -2.25000000000000E-02, -4.81355715847362E-02,  1.87390000000005E+02,  6.82472442823452E+03,  1.24407982361820E+04
 1.96683333300000E+03, -9.79478378024047E-01,  1.50000000000000E-01, -4.74951726873487E-02,  1.87570000000005E+02,  7.70893159667354E+03,  1.69754102856458E+04
 1.96691666700000E+03, -1.12957528237164E+00,  5.10000000000000E-01, -4.68395663244500E-02,  1.87750000000005E+02,  9.52123295053470E+03,  2.24551370485269E+04
 1.96700000000000E+03, -1.22043237426322E+00,  7.25000000000000E-01, -4.61687931835687E-02,  1.87930000000005E+02,  1.05071907976708E+04,  2.50602117326221E+04
 1.96708333300000E+03, -1.29994072519062E+00,  4.57500000000000E-01, -4.54828947778026E-02,  1.88110000000005E+02,  9.70749200935825E+03,  2.29084805748298E+04
 1.96716666700000E+03, -1.34515772595943E+00, -8.75000000000000E-02, -4.47819134574436E-02,  1.88290000000005E+02,  7.55774812877428E+03,  1.70402760028102E+04
 1.96725000000000E+03, -1.28222645341683E+00, -7.27500000000000E-01, -4.40658924216965E-02,  1.88470000000005E+02,  5.35901648850220E+03,  1.03250734488933E+04
 1.96733333300000E+03, -1.19476855693577E+00, -1.72500000000000E+00, -4.33348757304841E-02,  1.88650000000005E+02,  4.19332682808037E+03,  5.37274705441342E+03
 1.96741666700000E+03, -1.13328547183757E+00, -2.44750000000000E+00, -4.25889083163154E-02,  1.88830000000005E+02,  4.21860963268245E+03,  3.07588781254607E+03
 1.96750000000000E+03, -1.08781914972652E+00, -2.31500000000000E+00, -4.18280359962242E-02,  1.89010000000005E+02,  4.82812179656037E+03,  2.65275490923985E+03
 1.96758333300000E+03, -1.10662598948265E+00, -1.74250000000000E+00, -4.10523054837541E-02,  1.89190000000005E+02,  5.36555362529896E+03,  2.77783964579381E+03
 1.96766666700000E+03, -1.16846450920796E+00, -1.24750000000000E+00,  6.74527759288514E-02,  1.89370000000005E+02,  5.66408878914944E+03,  2.66855306081493E+03
 1.96775000000000E+03, -1.20348859648817E+00, -1.43000000000000E+00,  6.93281488201060E-02,  1.89550000000005E+02,  5.95644731618216E+03,  2.32337778896414E+03
 1.96783333300000E+03, -1.21011684097384E+00, -1.90750000000000E+00,  7.11967651106834E-02,  1.89730000000005E+02,  6.36590233744785E+03,  2.02641289077271E+03
 1.96791666700000E+03, -1.18752032146780E+00, -2.07000000000000E+00,  7.30584972011130E-02,  1.89910000000005E+02,  6.59135572408168E+03,  1.85346536323056E+03
 1.96800000000000E+03, -1.11114534485881E+00, -2.21250000000000E+00,  7.49132187153624E-02,  1.90090000000005E+02,  6.17127696518109E+03,  1.72673671943501E+03
 1.96808333300000E+03, -1.03123059344771E+00, -2.23000000000000E+00,  7.67608045176094E-02,  1.90270000000005E+02,  5.08650313459890E+03,  1.85591822506409E+03
 1.96816666700000E+03, -9.26944331909248E-01, -2.03000000000000E+00,  7.86011307284483E-02,  1.90450000000005E+02,  4.05514139740599E+03,  2.92573707546716E+03
 1.96825000000000E+03, -7.26263423651431E-01, -1.71250000000000E+00,  8.04340747405397E-02,  1.90630000000005E+02,  4.10221565691774E+03,  5.62784349245710E+03
 1.96833333300000E+03, -5.14333963165281E-01, -1.76750000000000E+00,  8.22595152337147E-02,  1.90810000000005E+02,  5.67323887853890E+03,  9.85186750012142E+03
 1.96841666700000E+03, -3.42848777492930E-01, -2.30000000000000E+00,  8.40773321894863E-02,  1.90990000000005E+02,  8.07274507624446E+03,  1.43248092653319E+04
 1.96850000000000E+03, -2.02693196774389E-01, -2.44250000000000E+00,  8.58874069050246E-02,  1.91170000000005E+02,  9.83160069679643E+03,  1.72064089716043E+04
 1.96858333300000E+03, -2.66085795825921E-01, -2.12000000000000E+00,  8.76896220065297E-02,  1.91350000000005E+02,  9.83209788289232E+03,  1.73107309006997E+04
 1.96866666700000E+03, -5.38165623076338E-01, -1.67000000000000E+00, -3.78104498967089E-01,  1.91530000000005E+02,  8.30252795890092E+03,  1.49868066018319E+04
 1.96875000000000E+03, -7.24460484206359E-01, -1.31500000000000E+00, -3.78789591943105E-01,  1.91710000000005E+02,  6.79339268285092E+03,  1.18785599455163E+04
 1.96883333300000E+03, -7.88953827098776E-01, -1.24250000000000E+00, -3.79463978277649E-01,  1.91890000000005E+02,  7.03466520149091E+03,  9.69549403138647E+03
 1.96891666700000E+03, -8.22915848693807E-01, -1.16250000000000E+00, -3.80127747955903E-01,  1.92070000000005E+02,  9.52296489816778E+03,  8.98518706953825E+03
 1.96900000000000E+03, -8.00166038218385E-01, -4.72500000000000E-01, -3.80780991337831E-01,  1.92250000000005E+02,  1.29875985407170E+04,  8.93049943934047E+03
 1.96908333300000E+03, -7.69454415244648E-01,  7.77500000000000E-01, -3.81423799121987E-01,  1.92430000000005E+02,  1.52344590781100E+04,  8.32804465274380E+03
 1.96916666700000E+03, -7.08631520553891E-01,  1.56000000000000E+00, -3.82056262309479E-01,  1.92610000000005E+02,  1.47637095345234E+04,  6.87210424614357E+03
 1.96925000000000E+03, -5.44555035578045E-01,  1.18000000000000E+00, -3.82678472168101E-01,  1.92790000000005E+02,  1.19052922527263E+04,  5.58113716110574E+03
 1.96933333300000E+03, -3.61472384676104E-01,  3.87500000000000E-01, -3.83290520196653E-01,  1.92970000000005E+02,  8.57259800316773E+03,  5.94333476588518E+03
 1.96941666700000E+03, -2.10414276841995E-01,  2.92500000000000E-01, -3.83892498089444E-01,  1.93150000000005E+02,  6.82722426389616E+03,  8.49905055372042E+03
 1.96950000000000E+03, -8.18504474384471E-02,  1.77500000000000E-01, -3.84484497701000E-01,  1.93330000000005E+02,  7.38691057687472E+03,  1.21175099510506E+04
 1.96958333300000E+03, -1.73856939402220E-01, -6.47500000000000E-01, -3.85066611010991E-01,  1.93510000000005E+02,  9.22544101955095E+03,  1.46628994081379E+04
 1.96966666700000E+03, -4.97838321655052E-01, -1.36000000000000E+00, -3.46380476549312E-01,  1.93690000000005E+02,  1.05050446562859E+04,  1.45473751819047E+04
 1.96975000000000E+03, -7.14063753546830E-01, -1.61250000000000E+00, -3.45357858140359E-01,  1.93870000000005E+02,  1.00146132997075E+04,  1.18828124205798E+04
 1.96983333300000E+03, -7.81033015585574E-01, -1.27000000000000E+00, -3.44325199045990E-01,  1.94050000000005E+02,  7.94627534696012E+03,  8.27808365848751E+03
 1.96991666700000E+03, -8.09640641321035E-01, -6.00000000000000E-01, -3.43282502352361E-01,  1.94230000000005E+02,  5.48343305033353E+03,  5.50874537153922E+03
 1.97000000000000E+03, -7.72946191184540E-01, -3.57500000000000E-01, -3.42229772875056E-01,  1.94410000000005E+02,  3.71108358120037E+03,  4.26777438161893E+03
 1.97008333300000E+03, -7.19083603613225E-01, -3.27500000000000E-01, -3.41167017172466E-01,  1.94590000000005E+02,  2.88446358616630E+03,  4.09542820640930E+03
 1.97016666700000E+03, -6.25449868498201E-01, -8.50000000000000E-02, -3.40094243558611E-01,  1.94770000000005E+02,  2.66398857020800E+03,  4.45778564838880E+03
 1.97025000000000E+03, -4.18626996820872E-01, -7.75000000000000E-02, -3.39011462115429E-01,  1.94950000000005E+02,  2.95608586744628E+03,  5.81458102533253E+03
 1.97033333300000E+03, -1.82776343789556E-01, -7.45000000000000E-01, -3.37918684704508E-01,  1.95130000000005E+02,  4.39156135192453E+03,  9.45978724337667E+03
 1.97041666700000E+03,  3.09599678531511E-02, -1.63500000000000E+00, -3.36815924978259E-01,  1.95310000000005E+02,  7.80819961757001E+03,  1.60692558193146E+04
 1.97050000000000E+03,  2.31799384030873E-01, -1.91500000000000E+00, -3.35703198390519E-01,  1.95490000000005E+02,  1.31066340823527E+04,  2.42530498837443E+04
 1.97058333300000E+03, -1.64611274300464E-01, -1.65500000000000E+00, -3.34580522206598E-01,  1.95670000000005E+02,  1.85995187964399E+04,  3.06903066108831E+04
 1.97066666700000E+03, -1.23445328406456E+00, -1.64000000000000E+00, -2.13640379794962E-01,  1.95850000000005E+02,  2.17200755890399E+04,  3.22027458215824E+04
 1.97075000000000E+03, -1.93409514678869E+00, -2.03500000000000E+00, -2.11929683684452E-01,  1.96030000000005E+02,  2.08131951616322E+04,  2.83360587130413E+04
 1.97083333300000E+03, -2.16345448853019E+00, -2.32250000000000E+00, -2.10216694368197E-01,  1.96210000000005E+02,  1.66514986341634E+04,  2.22463257847042E+04
 1.97091666700000E+03, -2.35623557604623E+00, -2.37000000000000E+00, -2.08501558274217E-01,  1.96390000000005E+02,  1.22988628958916E+04,  1.87887973828000E+04
 1.97100000000000E+03, -2.48305736590191E+00, -2.59250000000000E+00, -2.06784422438487E-01,  1.96570000000005E+02,  1.11413758172161E+04,  2.09599191374577E+04
 1.97108333300000E+03, -2.58961516544215E+00, -2.96000000000000E+00, -2.05065434475088E-01,  1.96750000000005E+02,  1.44198531322323E+04,  2.74192288506017E+04
 1.97116666700000E+03, -2.65091266243957E+00, -3.42250000000000E+00, -2.03344742546307E-01,  1.96930000000005E+02,  2.01644942406228E+04,  3.32632516950636E+04
 1.97125000000000E+03, -2.59122628644756E+00, -3.76500000000000E+00, -2.01622495332692E-01,  1.97110000000005E+02,  2.44825592774053E+04,  3.37676636945750E+04
 1.97133333300000E+03, -2.49254008286164E+00, -3.68000000000000E+00, -1.99898842003089E-01,  1.97290000000005E+02,  2.43485719914474E+04,  2.83334851387430E+04
 1.97141666700000E+03, -2.40398500619431E+00, -3.61250000000000E+00, -1.98173932184666E-01,  1.97470000000005E+02,  1.98146407537313E+04,  2.14425604010161E+04
 1.97150000000000E+03, -2.31453299045336E+00, -3.85000000000000E+00, -1.96447915932929E-01,  1.97650000000005E+02,  1.39318869962294E+04,  1.95839305455076E+04
 1.97158333300000E+03, -2.26754790027908E+00, -4.07250000000000E+00, -1.94720943701758E-01,  1.97830000000005E+02,  1.04236301574044E+04,  2.62864544434849E+04
 1.97166666700000E+03, -2.32968118458552E+00, -3.61500000000000E+00, -2.77024463405499E-01,  1.98010000000005E+02,  1.09148899287284E+04,  3.90653300901774E+04
 1.97175000000000E+03, -2.53024517564587E+00, -2.80750000000000E+00, -2.76064568260428E-01,  1.98190000000005E+02,  1.38812411535994E+04,  5.08123967822675E+04
 1.97183333300000E+03, -2.78380474659556E+00, -2.68250000000000E+00, -2.75110690423099E-01,  1.98370000000005E+02,  1.61160346892185E+04,  5.48018141214470E+04
 1.97191666700000E+03, -2.99703565593202E+00, -3.05250000000000E+00, -2.74162953794910E-01,  1.98550000000005E+02,  1.55019347578505E+04,  4.96342260571562E+04
 1.97200000000000E+03, -3.14188249984388E+00, -3.42000000000000E+00, -2.73221481416478E-01,  1.98730000000005E+02,  1.28284323751407E+04,  4.03827157947682E+04
 1.97208333300000E+03, -3.26536323056472E+00, -3.90250000000000E+00, -2.72286395452528E-01,  1.98910000000005E+02,  1.11737209115076E+04,  3.50483247922230E+04
 1.97216666700000E+03, -3.34377047030808E+00, -4.07000000000000E+00, -2.71357817177095E-01,  1.99090000000005E+02,  1.33482568959652E+04,  3.89860989566971E+04
 1.97225000000000E+03, -3.30260592781726E+00, -4.01000000000000E+00, -2.70435866959024E-01,  1.99270000000005E+02,  1.94773916389501E+04,  5.14414919154798E+04
 1.97233333300000E+03, -3.22498673450854E+00, -4.49000000000000E+00, -2.69520664247770E-01,  1.99450000000005E+02,  2.66964507199461E+04,  6.65995164279413E+04
 1.97241666700000E+03, -3.16105821691459E+00, -4.66000000000000E+00, -2.68612327559508E-01,  1.99630000000005E+02,  3.12252228550083E+04,  7.80174941370225E+04
 1.97250000000000E+03, -3.10066403585479E+00, -4.16250000000000E+00, -2.67710974463527E-01,  1.99810000000005E+02,  3.11674194607789E+04,  8.28210287770235E+04
 1.97258333300000E+03, -2.61645346534587E+00, -3.72000000000000E+00, -2.66816721568941E-01,  1.99990000000005E+02,  2.78067855606678E+04,  8.25364988916461E+04
 1.97266666700000E+03, -1.73046798159496E+00, -3.29750000000000E+00, -3.99708497824737E-01,  2.00170000000005E+02,  2.44055027461059E+04,  8.03960306338587E+04
 1.97275000000000E+03, -1.36973588856113E+00, -2.99000000000000E+00, -3.99027876451689E-01,  2.00350000000005E+02,  2.35352747467062E+04,  7.78612399605810E+04
 1.97283333300000E+03, -1.49372067594228E+00, -3.08750000000000E+00, -3.98338529840072E-01,  2.00530000000005E+02,  2.51296328943634E+04,  7.35518783856001E+04
 1.97291666700000E+03, -1.58330283379500E+00, -3.49250000000000E+00, -3.97640505614787E-01,  2.00710000000005E+02,  2.68015525309344E+04,  6.54348998588283E+04
 1.97300000000000E+03, -1.61145186038435E+00, -3.84000000000000E+00, -3.96933853376604E-01,  2.00890000000005E+02,  2.60741986683535E+04,  5.40863179049305E+04
 1.97308333300000E+03, -1.62617193666464E+00, -3.87000000000000E+00, -3.96218624692718E-01,  2.01070000000005E+02,  2.26008190235345E+04,  4.37516122237039E+04
 1.97316666700000E+03, -1.60468711077239E+00, -3.47250000000000E+00, -3.95494873086750E-01,  2.01250000000005E+02,  1.84985599746337E+04,  3.98010143685545E+04
 1.97325000000000E+03, -1.47336013295656E+00, -2.71250000000000E+00, -3.94762654028202E-01,  2.01430000000005E+02,  1.65355595105042E+04,  4.44450183071581E+04
 1.97333333300000E+03, -1.31608407346413E+00, -2.05250000000000E+00, -3.94022024921373E-01,  2.01610000000005E+02,  1.77351146257744E+04,  5.44031812688744E+04
 1.97341666700000E+03, -1.18368154143749E+00, -1.66500000000000E+00, -3.93273045093746E-01,  2.01790000000005E+02,  2.04658915304834E+04,  6.28946401516253E+04
 1.97350000000000E+03, -1.06656271728421E+00, -1.39500000000000E+00, -3.92515775783834E-01,  2.01970000000005E+02,  2.18427283306089E+04,  6.47817071315973E+04
 1.97358333300000E+03, -1.13717234216208E+00, -1.36000000000000E+00, -3.91750280128512E-01,  2.02150000000005E+02,  2.02988667888280E+04,  6.08544185885521E+04
 1.97366666700000E+03, -1.46524186855668E+00, -1.63500000000000E+00, -1.71409280464449E-01,  2.02330000000005E+02,  1.71484779213834E+04,  5.75813153525060E+04
 1.97375000000000E+03, -1.82264362102116E+00, -2.03500000000000E+00, -1.73337500090752E-01,  2.02510000000005E+02,  1.57294635835384E+04,  6.21091387854073E+04
 1.97383333300000E+03, -2.11269899982060E+00, -2.28750000000000E+00, -1.75269444807283E-01,  2.02690000000005E+02,  1.86958038270060E+04,  7.61882653962930E+04
 1.97391666700000E+03, -2.36185308210596E+00, -2.51000000000000E+00, -1.77204934249315E-01,  2.02870000000005E+02,  2.56010900727518E+04,  9.38416153127319E+04
 1.97400000000000E+03, -2.53995750916736E+00, -2.78750000000000E+00, -1.79143787113449E-01,  2.03050000000005E+02,  3.27765419571344E+04,  1.04903863807246E+05
 1.97408333300000E+03, -2.69209313434626E+00, -3.21500000000000E+00, -1.81085821186275E-01,  2.03230000000005E+02,  3.57369669128726E+04,  1.02035623715375E+05
 1.97416666700000E+03, -2.79282946563983E+00, -4.13000000000000E+00, -1.83030853373608E-01,  2.03410000000005E+02,  3.23521318893087E+04,  8.60161239942303E+04
 1.97425000000000E+03, -2.76621178047863E+00, -4.97750000000000E+00, -1.84978699730271E-01,  2.03590000000005E+02,  2.43932168052197E+04,  6.53083090420573E+04
 1.97433333300000E+03, -2.69421314823266E+00, -5.03500000000000E+00, -1.86929175490453E-01,  2.03770000000005E+02,  1.63014557821118E+04,  5.02060770572184E+04
 1.97441666700000E+03, -2.62618446338552E+00, -4.88000000000000E+00, -1.88882095098606E-01,  2.03950000000005E+02,  1.21387815366095E+04,  4.59595352311326E+04
 1.97450000000000E+03, -2.55155222296278E+00, -4.96750000000000E+00, -1.90837272240880E-01,  2.04130000000005E+02,  1.30034543420138E+04,  4.99437736462511E+04
 1.97458333300000E+03, -2.62234761339764E+00, -5.00000000000000E+00, -1.92794519877093E-01,  2.04310000000005E+02,  1.67267388887967E+04,  5.47071204833876E+04
 1.97466666700000E+03, -2.89273594851307E+00, -5.08000000000000E+00, -4.23728602562888E-01,  2.04490000000005E+02,  1.98489526528245E+04,  5.41985077894983E+04
 1.97475000000000E+03, -3.16517785596025E+00, -4.98000000000000E+00, -4.23849137206193E-01,  2.04670000000005E+02,  2.01844334557595E+04,  4.82065138086551E+04
 1.97483333300000E+03, -3.37129319412988E+00, -4.41250000000000E+00, -4.23965816863532E-01,  2.04850000000005E+02,  1.80268095914125E+04,  4.17457451046285E+04
 1.97491666700000E+03, -3.54069254061235E+00, -3.66250000000000E+00, -4.24078533783054E-01,  2.05030000000005E+02,  1.53137897751591E+04,  4.03061069136709E+04
 1.97500000000000E+03, -3.64512003958628E+00, -3.22250000000000E+00, -4.24187180515108E-01,  2.05210000000005E+02,  1.37405608985397E+04,  4.51157317402315E+04
 1.97508333300000E+03, -3.73141584459095E+00, -3.25500000000000E+00, -4.24291649941799E-01,  2.05390000000005E+02,  1.35128808242878E+04,  5.23039045033449E+04
 1.97516666700000E+03, -3.77572903344499E+00, -3.36250000000000E+00, -4.24391835306571E-01,  2.05570000000005E+02,  1.36762548958449E+04,  5.64370956327230E+04
 1.97525000000000E+03, -3.70346213943847E+00, -3.57750000000000E+00, -4.24487630243808E-01,  2.05750000000005E+02,  1.34897780637527E+04,  5.52386366736917E+04
 1.97533333300000E+03, -3.59768574331135E+00, -3.65000000000000E+00, -4.24578928808447E-01,  2.05930000000005E+02,  1.34258367583375E+04,  5.14147881645594E+04
 1.97541666700000E+03, -3.50855731855527E+00, -3.23250000000000E+00, -4.24665625505598E-01,  2.06110000000005E+02,  1.48025786358384E+04,  5.00652776485299E+04
 1.97550000000000E+03, -3.42599500209099E+00, -2.66500000000000E+00, -4.24747615320153E-01,  2.06290000000005E+02,  1.83691349140803E+04,  5.39594893240446E+04
 1.97558333300000E+03, -3.38815808612641E+00, -2.55250000000000E+00, -4.24824793746385E-01,  2.06470000000005E+02,  2.31803888091977E+04,  6.08054395536749E+04
 1.97566666700000E+03, -3.42278779807116E+00, -3.13750000000000E+00, -4.23972772101468E-01,  2.06650000000005E+02,  2.69113070845856E+04,  6.49778475610919E+04
 1.97575000000000E+03, -3.53091342006734E+00, -3.57250000000000E+00, -4.23770262372823E-01,  2.06830000000005E+02,  2.75186943701764E+04,  6.23855438242584E+04
 1.97583333300000E+03, -3.66465213581000E+00, -3.50500000000000E+00, -4.23554111194606E-01,  2.07010000000005E+02,  2.49322247518812E+04,  5.44079689870465E+04
 1.97591666700000E+03, -3.76369185895215E+00, -3.53250000000000E+00, -4.23324385628432E-01,  2.07190000000005E+02,  2.13212254007124E+04,  4.74391479152362E+04
 1.97600000000000E+03, -3.80081821180268E+00, -3.93750000000000E+00, -4.23081155282053E-01,  2.07370000000005E+02,  1.95948538298816E+04,  4.81079625884665E+04
 1.97608333300000E+03, -3.82383722350370E+00, -4.50750000000000E+00, -4.22824492288859E-01,  2.07550000000005E+02,  2.12460190948296E+04,  5.78421384869340E+04
 1.97616666700000E+03, -3.80976243352914E+00, -4.74250000000000E+00, -4.22554471286707E-01,  2.07730000000005E+02,  2.52322064851344E+04,  7.11624534167676E+04
 1.97625000000000E+03, -3.68473581436370E+00, -4.69250000000000E+00, -4.22271169396111E-01,  2.07910000000005E+02,  2.87960056161140E+04,  7.92902414309928E+04
 1.97633333300000E+03, -3.53242163207901E+00, -4.82250000000000E+00, -4.21974666197780E-01,  2.08090000000005E+02,  2.95936896706200E+04,  7.65137169421880E+04
 1.97641666700000E+03, -3.40340804476671E+00, -4.51250000000000E+00, -4.21665043709529E-01,  2.08270000000005E+02,  2.74653827817069E+04,  6.45501647143139E+04
 1.97650000000000E+03, -3.28786763466416E+00, -3.31500000000000E+00, -4.21342386362571E-01,  2.08450000000005E+02,  2.44795417202679E+04,  5.15964844178293E+04
 1.97658333300000E+03, -3.18114098118072E+00, -2.28500000000000E+00, -4.21006780977194E-01,  2.08630000000005E+02,  2.32634999771452E+04,  4.67328739672246E+04
 1.97666666700000E+03, -3.10672342597296E+00, -2.27000000000000E+00, -4.17969436214041E-01,  2.08810000000005E+02,  2.49690794150054E+04,  5.37552917809992E+04
 1.97675000000000E+03, -3.14522966686797E+00, -3.09750000000000E+00, -4.17524382999228E-01,  2.08990000000005E+02,  2.84544438349793E+04,  6.87979445978776E+04
 1.97683333300000E+03, -3.24907012731088E+00, -4.00250000000000E+00, -4.17067349987314E-01,  2.09170000000005E+02,  3.12437805991703E+04,  8.31828920507474E+04
 1.97691666700000E+03, -3.31730553581591E+00, -4.28250000000000E+00, -4.16598448028346E-01,  2.09350000000005E+02,  3.14158805878532E+04,  8.91503263664989E+04
 1.97700000000000E+03, -3.32274595050978E+00, -3.96750000000000E+00, -4.16117790033500E-01,  2.09530000000005E+02,  2.89094964540494E+04,  8.43334183754294E+04
 1.97708333300000E+03, -3.31322931449322E+00, -3.20500000000000E+00, -4.15625490944024E-01,  2.09710000000005E+02,  2.53033623760339E+04,  7.21900805087272E+04
 1.97716666700000E+03, -3.26580888062872E+00, -2.40000000000000E+00, -4.15121667699750E-01,  2.09890000000005E+02,  2.24019808135992E+04,  5.87812512605529E+04
 1.97725000000000E+03, -3.10667442561703E+00, -2.07750000000000E+00, -4.14606439207173E-01,  2.10070000000005E+02,  2.08678911305347E+04,  4.87394513805273E+04
 1.97733333300000E+03, -2.91954636695777E+00, -1.77000000000000E+00, -4.14079926307124E-01,  2.10250000000005E+02,  1.99790771726242E+04,  4.32843817204172E+04
 1.97741666700000E+03, -2.75507757652097E+00, -1.33500000000000E+00, -4.13542251742045E-01,  2.10430000000005E+02,  1.85665038003788E+04,  4.10683540862375E+04
 1.97750000000000E+03, -2.60351408117087E+00, -1.27000000000000E+00, -4.12993540122880E-01,  2.10610000000005E+02,  1.62062308809540E+04,  4.03879273614052E+04
 1.97758333300000E+03, -2.32711701602894E+00, -1.68000000000000E+00, -4.12433917895594E-01,  2.10790000000005E+02,  1.36152868292365E+04,  4.06546483686612E+04
 1.97766666700000E+03, -1.95238283512260E+00, -2.19250000000000E+00, -4.04205793838324E-01,  2.10970000000005E+02,  1.19776041512680E+04,  4.22046833268757E+04
 1.97775000000000E+03, -1.82971047402191E+00, -2.16750000000000E+00, -4.03587133443679E-01,  2.11150000000005E+02,  1.18869482075714E+04,  4.52293913652854E+04
 1.97783333300000E+03, -1.90962195900123E+00, -1.89500000000000E+00, -4.02959471454465E-01,  2.11330000000005E+02,  1.28975205900616E+04,  4.92574805771269E+04
 1.97791666700000E+03, -1.95570633472607E+00, -1.75250000000000E+00, -4.02322841510184E-01,  2.11510000000006E+02,  1.40804704676128E+04,  5.37705607072234E+04
 1.97800000000000E+03, -1.94093729829266E+00, -1.51750000000000E+00, -4.01677279276491E-01,  2.11690000000006E+02,  1.50438000333748E+04,  5.91564862329545E+04
 1.97808333300000E+03, -1.91331733631376E+00, -1.50500000000000E+00, -4.01022822439677E-01,  2.11870000000006E+02,  1.64264171485614E+04,  6.67017533491143E+04
 1.97816666700000E+03, -1.85006413664841E+00, -1.75500000000000E+00, -4.00359510700576E-01,  2.12050000000006E+02,  1.93261218465162E+04,  7.72175311230215E+04
 1.97825000000000E+03, -1.67753071661599E+00, -1.99000000000000E+00, -3.99687385767898E-01,  2.12230000000006E+02,  2.40823459817360E+04,  8.93539351299945E+04
 1.97833333300000E+03, -1.47959838419520E+00, -2.44750000000000E+00, -3.99006491351005E-01,  2.12410000000006E+02,  2.94713951628395E+04,  9.92718826177372E+04
 1.97841666700000E+03, -1.30707732880495E+00, -2.97000000000000E+00, -3.98316873152109E-01,  2.12590000000006E+02,  3.31150183971286E+04,  1.02419511275117E+05
 1.97850000000000E+03, -1.15036603688653E+00, -2.88500000000000E+00, -3.97618578857922E-01,  2.12770000000006E+02,  3.29382724616769E+04,  9.63956150324433E+04
 1.97858333300000E+03, -1.08663606229228E+00, -2.40250000000000E+00, -3.96911658130739E-01,  2.12950000000006E+02,  2.86292872500407E+04,  8.27888003150798E+04
 1.97866666700000E+03, -1.14604822084330E+00, -2.13750000000000E+00, -3.64501735043113E-01,  2.13130000000006E+02,  2.19852621810223E+04,  6.64749500010818E+04
 1.97875000000000E+03, -1.25188971437968E+00, -1.91500000000000E+00, -3.65354725301093E-01,  2.13310000000006E+02,  1.58449157117530E+04,  5.27442270618208E+04
 1.97883333300000E+03, -1.34881469073107E+00, -1.67750000000000E+00, -3.66205837057508E-01,  2.13490000000006E+02,  1.23602151876497E+04,  4.43003335502207E+04
 1.97891666700000E+03, -1.41057084801625E+00, -1.79750000000000E+00, -3.67054940443044E-01,  2.13670000000006E+02,  1.18226816458893E+04,  4.02578304965373E+04
 1.97900000000000E+03, -1.41030327969739E+00, -1.90250000000000E+00, -3.67901906032389E-01,  2.13850000000006E+02,  1.27955565944436E+04,  3.76843537290532E+04
 1.97908333300000E+03, -1.39618386385117E+00, -1.91250000000000E+00, -3.68746604871076E-01,  2.14030000000006E+02,  1.33166739195646E+04,  3.42842232922608E+04
 1.97916666700000E+03, -1.34559614734603E+00, -2.21250000000000E+00, -3.69588908502342E-01,  2.14210000000006E+02,  1.22141648145534E+04,  3.00726571981222E+04
 1.97925000000000E+03, -1.18505402428045E+00, -2.15000000000000E+00, -3.70428688994011E-01,  2.14390000000006E+02,  9.63938555571073E+03,  2.68940072844328E+04
 1.97933333300000E+03, -9.98593340853681E-01, -1.38750000000000E+00, -3.71265818965392E-01,  2.14570000000006E+02,  6.63144492333358E+03,  2.64837098321005E+04
 1.97941666700000E+03, -8.37171237036917E-01, -8.42500000000000E-01, -3.72100171614168E-01,  2.14750000000006E+02,  4.25585577963733E+03,  2.88935530519606E+04
 1.97950000000000E+03, -6.91324433863898E-01, -9.67500000000000E-01, -3.72931620743293E-01,  2.14930000000006E+02,  3.03756876216911E+03,  3.26016429623112E+04
 1.97958333300000E+03, -3.06035173846026E-01, -1.18750000000000E+00, -3.73760040787855E-01,  2.15110000000006E+02,  2.98510449168357E+03,  3.60291635862128E+04
 1.97966666700000E+03,  2.68161295383829E-01, -1.15750000000000E+00, -3.00390015373988E-01,  2.15290000000006E+02,  3.93112036854945E+03,  3.89283018756190E+04
 1.97975000000000E+03,  4.22559035041519E-01, -1.02750000000000E+00, -2.99809609095170E-01,  2.15470000000006E+02,  5.71509354825138E+03,  4.22910658715529E+04
 1.97983333300000E+03,  2.31942901953040E-01, -8.95000000000000E-01, -2.99238297888120E-01,  2.15650000000006E+02,  8.03264409279343E+03,  4.68645130030599E+04
 1.97991666700000E+03,  7.49853087641599E-02, -6.17500000000000E-01, -2.98676158180553E-01,  2.15830000000006E+02,  1.02268710585526E+04,  5.17363127384113E+04
 1.98000000000000E+03, -2.10737221436727E-02, -4.55000000000000E-01, -2.98123264826733E-01,  2.16010000000006E+02,  1.14283854599324E+04,  5.45044598735652E+04
 1.98008333300000E+03, -1.04023230549764E-01, -8.42500000000000E-01, -2.97579691105475E-01,  2.16190000000006E+02,  1.11141441656845E+04,  5.31593985986069E+04
 1.98016666700000E+03, -1.50867858191453E-01, -9.92500000000000E-01, -2.97045508718352E-01,  2.16370000000006E+02,  9.66665315822540E+03,  4.81673694319382E+04
 1.98025000000000E+03, -8.77481360025110E-02, -1.30000000000000E-01, -2.96520787788073E-01,  2.16550000000006E+02,  8.36410341797950E+03,  4.28206786771963E+04
 1.98033333300000E+03,  1.66635442300334E-03,  8.15000000000000E-01, -2.96005596857062E-01,  2.16730000000006E+02,  8.62283832146708E+03,  4.11938709866315E+04
 1.98041666700000E+03,  6.67761407154164E-02,  8.92500000000000E-01, -2.95500002886214E-01,  2.16910000000006E+02,  1.09539285541924E+04,  4.50419879203274E+04
 1.98050000000000E+03,  1.17392136740147E-01,  4.80000000000000E-01, -2.95004071253819E-01,  2.17090000000006E+02,  1.44305352126092E+04,  5.20418689864997E+04
 1.98058333300000E+03,  4.24746516555127E-02,  1.20000000000000E-01, -2.94517865754663E-01,  2.17270000000006E+02,  1.71577072702385E+04,  5.69446725502788E+04
 1.98066666700000E+03, -1.90626596921429E-01, -2.35000000000000E-01, -3.71649517770189E-01,  2.17450000000006E+02,  1.74888568036828E+04,  5.50395925572181E+04
 1.98075000000000E+03, -4.40510565360799E-01, -9.17500000000000E-01, -3.70455482941561E-01,  2.17630000000006E+02,  1.51330846954332E+04,  4.55030053462659E+04
 1.98083333300000E+03, -6.50634073304823E-01, -1.86000000000000E+00, -3.69249502901076E-01,  2.17810000000006E+02,  1.13429384018408E+04,  3.21809271661832E+04
 1.98091666700000E+03, -8.26155024431434E-01, -2.28000000000000E+00, -3.68031673525407E-01,  2.17990000000006E+02,  8.04871619943683E+03,  2.11874515929503E+04
 1.98100000000000E+03, -9.39007444055496E-01, -2.04750000000000E+00, -3.66802092916068E-01,  2.18170000000006E+02,  6.58678104251201E+03,  1.70070869130892E+04
 1.98108333300000E+03, -1.03612664015220E+00, -1.40750000000000E+00, -3.65560861376936E-01,  2.18350000000006E+02,  6.94345175106562E+03,  1.98211174838502E+04
 1.98116666700000E+03, -1.09364615114866E+00, -7.35000000000000E-01, -3.64308081391198E-01,  2.18530000000006E+02,  8.00213296897467E+03,  2.58019581012163E+04
 1.98125000000000E+03, -1.03682943515427E+00, -7.32500000000000E-01, -3.63043857597702E-01,  2.18710000000006E+02,  8.50485149562381E+03,  2.99433810333838E+04
 1.98133333300000E+03, -9.48475327055906E-01, -8.62500000000000E-01, -3.61768296766755E-01,  2.18890000000006E+02,  7.94147289085769E+03,  2.92846370351602E+04
 1.98141666700000E+03, -8.78331942715457E-01, -8.07500000000000E-01, -3.60481507775353E-01,  2.19070000000006E+02,  6.72797387778319E+03,  2.43500573638030E+04
 1.98150000000000E+03, -8.15770086413412E-01, -9.67500000000000E-01, -3.59183601581865E-01,  2.19250000000006E+02,  5.65971546516715E+03,  1.81280338670747E+04
 1.98158333300000E+03, -6.92076501714420E-01, -9.52500000000000E-01, -3.57874691200179E-01,  2.19430000000006E+02,  5.18871201717237E+03,  1.36922582036452E+04
 1.98166666700000E+03, -5.52666322640304E-01, -9.85000000000000E-01, -3.40922645305906E-01,  2.19610000000006E+02,  5.13082655537220E+03,  1.22994714088256E+04
 1.98175000000000E+03, -6.28731412133827E-01, -1.41750000000000E+00, -3.41775692795789E-01,  2.19790000000006E+02,  4.96670795533666E+03,  1.31074523178026E+04
 1.98183333300000E+03, -8.53480516952498E-01, -1.22000000000000E+00, -3.42630489643392E-01,  2.19970000000006E+02,  4.37871507675121E+03,  1.42887968235019E+04
 1.98191666700000E+03, -1.04152206079176E+00, -6.30000000000000E-01, -3.43486903926171E-01,  2.20150000000006E+02,  3.51413924014773E+03,  1.44083614346586E+04
 1.98200000000000E+03, -1.16515117349789E+00, -6.70000000000000E-01, -3.44344803469562E-01,  2.20330000000006E+02,  2.77690004953920E+03,  1.30723389049472E+04
 1.98208333300000E+03, -1.27169275954777E+00, -8.50000000000000E-01, -3.45204055870325E-01,  2.20510000000006E+02,  2.40771289283197E+03,  1.07021748398257E+04
 1.98216666700000E+03, -1.33769327279794E+00, -1.11000000000000E+00, -3.46064528520085E-01,  2.20690000000006E+02,  2.29068786414958E+03,  7.99409473901269E+03
 1.98225000000000E+03, -1.28884652072819E+00, -1.64750000000000E+00, -3.46926088629078E-01,  2.20870000000006E+02,  2.17334934113650E+03,  5.63696678424661E+03
 1.98233333300000E+03, -1.20839257402792E+00, -1.93000000000000E+00, -3.47788603250086E-01,  2.21050000000006E+02,  2.05887582711673E+03,  4.33865805054724E+03
 1.98241666700000E+03, -1.14652452555981E+00, -2.02750000000000E+00, -3.48651939302568E-01,  2.21230000000006E+02,  2.33696818981141E+03,  4.78128976579913E+03
 1.98250000000000E+03, -1.09305423704788E+00, -2.43000000000000E+00, -3.49515963596973E-01,  2.21410000000006E+02,  3.45540516009641E+03,  7.23708047140984E+03
 1.98258333300000E+03, -1.08182999172160E+00, -2.93750000000000E+00, -3.50380542859231E-01,  2.21590000000006E+02,  5.38952435797103E+03,  1.10787867890613E+04
 1.98266666700000E+03, -1.14793174933835E+00, -3.29250000000000E+00, -4.04598907224649E-01,  2.21770000000006E+02,  7.41668442432898E+03,  1.47431719475923E+04
 1.98275000000000E+03, -1.30781920905427E+00, -3.72250000000000E+00, -4.04979657216720E-01,  2.21950000000006E+02,  8.49146473294933E+03,  1.64459267934559E+04
 1.98283333300000E+03, -1.50561027430573E+00, -4.01750000000000E+00, -4.05360895256578E-01,  2.22130000000006E+02,  8.00076456426808E+03,  1.52788977773225E+04
 1.98291666700000E+03, -1.66908446027907E+00, -3.74500000000000E+00, -4.05742495522708E-01,  2.22310000000006E+02,  6.30193560039546E+03,  1.18639454579741E+04
 1.98300000000000E+03, -1.77095221110452E+00, -2.75750000000000E+00, -4.06124331230143E-01,  2.22490000000006E+02,  4.56121593199472E+03,  7.97484815298939E+03
 1.98308333300000E+03, -1.85895057949705E+00, -1.11500000000000E+00, -4.06506274651311E-01,  2.22670000000006E+02,  3.95190681240563E+03,  5.33844676501931E+03
 1.98316666700000E+03, -1.91003065374267E+00,  2.42500000000000E-01, -4.06888197137246E-01,  2.22850000000006E+02,  4.80352539380183E+03,  4.52033505560727E+03
 1.98325000000000E+03, -1.85027874653590E+00,  3.25000000000000E-01, -4.07269969139126E-01,  2.23030000000006E+02,  6.36441624162873E+03,  4.76422794487080E+03
 1.98333333300000E+03, -1.76331046195869E+00, -2.85000000000000E-01, -4.07651460230168E-01,  2.23210000000006E+02,  7.37406584761013E+03,  4.87798646145533E+03
 1.98341666700000E+03, -1.69967243199979E+00, -4.87500000000000E-01, -4.08032539127853E-01,  2.23390000000006E+02,  7.00804527974753E+03,  4.38764303542496E+03
 1.98350000000000E+03, -1.64950291708722E+00, -6.65000000000000E-01, -4.08413073716502E-01,  2.23570000000006E+02,  5.47149917674618E+03,  3.96502718933989E+03
 1.98358333300000E+03, -1.40535823374740E+00, -1.42500000000000E+00, -4.08792931070187E-01,  2.23750000000006E+02,  3.80583433778754E+03,  4.77189811921923E+03
 1.98366666700000E+03, -9.83372441249149E-01, -2.01750000000000E+00, -3.93901742048694E-01,  2.23930000000006E+02,  3.09485138524571E+03,  7.30948106452710E+03
 1.98375000000000E+03, -8.62991974015371E-01, -1.96750000000000E+00, -3.93602067473576E-01,  2.24110000000006E+02,  3.70361466795696E+03,  1.07958363129908E+04
 1.98383333300000E+03, -1.00530587203561E+00, -1.34250000000000E+00, -3.93305937132607E-01,  2.24290000000006E+02,  5.10839059914334E+03,  1.36345967781606E+04
 1.98391666700000E+03, -1.11462796714475E+00, -7.30000000000000E-01, -3.93013434850284E-01,  2.24470000000006E+02,  6.37170134334619E+03,  1.45877285109485E+04
 1.98400000000000E+03, -1.16376198318679E+00, -8.15000000000000E-01, -3.92724643347850E-01,  2.24650000000006E+02,  6.81959416076479E+03,  1.36565899221741E+04
 1.98408333300000E+03, -1.20053221978349E+00, -1.07500000000000E+00, -3.92439644228044E-01,  2.24830000000006E+02,  6.38883960325685E+03,  1.19434727204862E+04
 1.98416666700000E+03, -1.20197048500443E+00, -1.29250000000000E+00, -3.92158517960090E-01,  2.25010000000006E+02,  5.46119321475555E+03,  1.06674793823085E+04
 1.98425000000000E+03, -1.09423682887749E+00, -1.56750000000000E+00, -3.91881343864919E-01,  2.25190000000006E+02,  4.44961791454067E+03,  1.02364598275236E+04
 1.98433333300000E+03, -9.61013198219693E-01, -2.08750000000000E+00, -3.91608200100632E-01,  2.25370000000006E+02,  3.55225302348208E+03,  1.01783763728030E+04
 1.98441666700000E+03, -8.52904807084125E-01, -2.75500000000000E+00, -3.91339163648198E-01,  2.25550000000006E+02,  2.84340407767386E+03,  9.90548455526521E+03
 1.98450000000000E+03, -7.60100420754368E-01, -2.75750000000000E+00, -3.91074310297389E-01,  2.25730000000006E+02,  2.49456891831208E+03,  9.49142642315397E+03
 1.98458333300000E+03, -1.13560079403970E+00, -2.36750000000000E+00, -3.90813714632945E-01,  2.25910000000006E+02,  2.78771975097926E+03,  9.63644294745540E+03
 1.98466666700000E+03, -2.01202540897134E+00, -2.52000000000000E+00, -2.68198764297222E-01,  2.26090000000006E+02,  3.82652908909959E+03,  1.08148108033407E+04
 1.98475000000000E+03, -2.55802785380506E+00, -3.35500000000000E+00, -2.66353162327539E-01,  2.26270000000006E+02,  5.22761846252214E+03,  1.24906524801641E+04
 1.98483333300000E+03, -2.70550131680159E+00, -3.83000000000000E+00, -2.64497320419776E-01,  2.26450000000006E+02,  6.19442482109892E+03,  1.33726449934541E+04
 1.98491666700000E+03, -2.79688415415410E+00, -3.59000000000000E+00, -2.62631341505164E-01,  2.26630000000006E+02,  6.07546340145014E+03,  1.27660537683943E+04
 1.98500000000000E+03, -2.80614334334707E+00, -3.44500000000000E+00, -2.60755330431627E-01,  2.26810000000006E+02,  5.02389945701640E+03,  1.19207058877688E+04
 1.98508333300000E+03, -2.78272993453663E+00, -3.48000000000000E+00, -2.58869393944880E-01,  2.26990000000006E+02,  4.15757465253415E+03,  1.39531977428867E+04
 1.98516666700000E+03, -2.70574094124640E+00, -3.66500000000000E+00, -2.56973640668939E-01,  2.27170000000006E+02,  4.92774391936096E+03,  2.18983601205582E+04
 1.98525000000000E+03, -2.50380350725383E+00, -3.79750000000000E+00, -2.55068181086060E-01,  2.27350000000006E+02,  8.04488980723605E+03,  3.60512600074552E+04
 1.98533333300000E+03, -2.26342082139586E+00, -3.06750000000000E+00, -2.53153127516113E-01,  2.27530000000006E+02,  1.27571709818494E+04,  5.26657307928476E+04
 1.98541666700000E+03, -2.03831524785713E+00, -1.92500000000000E+00, -2.51228594095404E-01,  2.27710000000006E+02,  1.71135127149290E+04,  6.53787187844120E+04
 1.98550000000000E+03, -1.82202086933851E+00, -1.84750000000000E+00, -2.49294696754933E-01,  2.27890000000006E+02,  1.91348558619079E+04,  6.87894731237898E+04
 1.98558333300000E+03, -1.67993798973898E+00, -2.46500000000000E+00, -2.47351553198124E-01,  2.28070000000006E+02,  1.80987538598652E+04,  6.18787214958489E+04
 1.98566666700000E+03, -1.68184322786869E+00, -2.61000000000000E+00, -4.01777025732373E-01,  2.28250000000006E+02,  1.50000727136490E+04,  4.88244819120024E+04
 1.98575000000000E+03, -1.81766376445414E+00, -2.64000000000000E+00, -4.02150229876065E-01,  2.28430000000006E+02,  1.18332709936738E+04,  3.64911585544961E+04
 1.98583333300000E+03, -1.99209226040530E+00, -2.99000000000000E+00, -4.02524831190794E-01,  2.28610000000006E+02,  1.02170304379066E+04,  3.02218331838500E+04
 1.98591666700000E+03, -2.12526954957328E+00, -3.34000000000000E+00, -4.02900711693709E-01,  2.28790000000006E+02,  1.03680271006448E+04,  3.07863658793885E+04
 1.98600000000000E+03, -2.19040698298609E+00, -3.30500000000000E+00, -4.03277752293349E-01,  2.28970000000006E+02,  1.11444687628193E+04,  3.44908659873380E+04
 1.98608333300000E+03, -2.23590156898763E+00, -3.02500000000000E+00, -4.03655832807917E-01,  2.29150000000006E+02,  1.10513907763676E+04,  3.61724150041352E+04
 1.98616666700000E+03, -2.23951394874699E+00, -3.02500000000000E+00, -4.04034831983903E-01,  2.29330000000006E+02,  9.38699802532094E+03,  3.28087850165789E+04
 1.98625000000000E+03, -2.12827605734755E+00, -2.99000000000000E+00, -4.04414627515045E-01,  2.29510000000006E+02,  6.66572458062046E+03,  2.52315596138131E+04
 1.98633333300000E+03, -1.98686771709074E+00, -2.67000000000000E+00, -4.04795096061642E-01,  2.29690000000006E+02,  4.08258387530592E+03,  1.70237689236961E+04
 1.98641666700000E+03, -1.86699719699239E+00, -2.56000000000000E+00, -4.05176113270209E-01,  2.29870000000006E+02,  2.54922677265637E+03,  1.17920829002937E+04
 1.98650000000000E+03, -1.76003729422067E+00, -2.64000000000000E+00, -4.05557553793476E-01,  2.30050000000006E+02,  2.11268560617426E+03,  1.09991470751515E+04
 1.98658333300000E+03, -1.51985814401366E+00, -2.59750000000000E+00, -4.05939291310733E-01,  2.30230000000006E+02,  2.16718522113887E+03,  1.37737387108359E+04
 1.98666666700000E+03, -1.17204645546695E+00, -2.64000000000000E+00, -1.13708248255752E-01,  2.30410000000006E+02,  2.16416027585397E+03,  1.83675240780243E+04
 1.98675000000000E+03, -1.08264021404618E+00, -3.20000000000000E+00, -1.12623182242704E-01,  2.30590000000006E+02,  2.12863635754356E+03,  2.36929056478674E+04
 1.98683333300000E+03, -1.20002697320828E+00, -3.77750000000000E+00, -1.11550106434389E-01,  2.30770000000006E+02,  2.52456527406636E+03,  2.96059320817709E+04
 1.98691666700000E+03, -1.27814737240031E+00, -3.61000000000000E+00, -1.10489091056661E-01,  2.30950000000006E+02,  3.64353506821602E+03,  3.59491886350539E+04
 1.98700000000000E+03, -1.29012323538094E+00, -2.92500000000000E+00, -1.09440205034035E-01,  2.31130000000006E+02,  5.14463642545587E+03,  4.15728543516741E+04
 1.98708333300000E+03, -1.28413513659583E+00, -1.92750000000000E+00, -1.08403515995895E-01,  2.31310000000006E+02,  6.23841609722470E+03,  4.45394434203924E+04
 1.98716666700000E+03, -1.23760354150880E+00, -6.97500000000000E-01, -1.07379090282843E-01,  2.31490000000006E+02,  6.40168474388555E+03,  4.35366126407133E+04
 1.98725000000000E+03, -1.07710379804231E+00,  1.70000000000000E-01, -1.06366992953206E-01,  2.31670000000006E+02,  5.97650755918098E+03,  3.92664536506662E+04
 1.98733333300000E+03, -8.86754167071191E-01,  8.52500000000000E-01, -1.05367287789670E-01,  2.31850000000006E+02,  6.04141664448249E+03,  3.44143395309430E+04
 1.98741666700000E+03, -7.17611743387345E-01,  1.81500000000000E+00, -1.04380037306044E-01,  2.32030000000006E+02,  7.55062318186436E+03,  3.19333364447348E+04
 1.98750000000000E+03, -5.60327517383957E-01,  2.53750000000000E+00, -1.03405302754158E-01,  2.32210000000006E+02,  1.04097075056739E+04,  3.28644513793537E+04
 1.98758333300000E+03, -4.78576301189735E-01,  2.51500000000000E+00, -1.02443144130860E-01,  2.32390000000006E+02,  1.32988051308480E+04,  3.54524862581607E+04
 1.98766666700000E+03, -5.10280670923612E-01,  1.71750000000000E+00, -3.81372337565841E-01,  2.32570000000006E+02,  1.45007682324580E+04,  3.63857314482738E+04
 1.98775000000000E+03, -6.15220624296913E-01,  4.75000000000000E-01, -3.82115088374122E-01,  2.32750000000006E+02,  1.31688863220980E+04,  3.33030124508639E+04
 1.98783333300000E+03, -7.33143956458957E-01, -1.95000000000000E-01, -3.82849009352183E-01,  2.32930000000006E+02,  1.00563592575387E+04,  2.66543452060572E+04
 1.98791666700000E+03, -8.17688510147668E-01, -1.35000000000000E-01, -3.83574122684539E-01,  2.33110000000006E+02,  7.09455872079559E+03,  1.94631143654731E+04
 1.98800000000000E+03, -8.41803939869467E-01, -4.62500000000000E-01, -3.84290451934801E-01,  2.33290000000006E+02,  6.08420517447727E+03,  1.51679166160759E+04
 1.98808333300000E+03, -8.53461569109721E-01, -7.82500000000000E-01, -3.84998022029853E-01,  2.33470000000006E+02,  7.45895703816150E+03,  1.52101691322190E+04
 1.98816666700000E+03, -8.29840110365843E-01, -2.90000000000000E-01, -3.85696859243687E-01,  2.33650000000006E+02,  1.00347788593586E+04,  1.81880186235312E+04
 1.98825000000000E+03, -6.97245214621246E-01,  4.92500000000000E-01, -3.86386991180890E-01,  2.33830000000006E+02,  1.19042845545260E+04,  2.11215555333303E+04
 1.98833333300000E+03, -5.39501987588110E-01,  1.14250000000000E+00, -3.87068446759807E-01,  2.34010000000006E+02,  1.17735838829034E+04,  2.17281481722404E+04
 1.98841666700000E+03, -4.07355278182901E-01,  1.35250000000000E+00, -3.87741256195367E-01,  2.34190000000006E+02,  9.74750573288569E+03,  1.99136265448415E+04
 1.98850000000000E+03, -2.91128950174823E-01,  8.45000000000000E-01, -3.88405450981596E-01,  2.34370000000006E+02,  7.05377629329072E+03,  1.74458357852179E+04
 1.98858333300000E+03, -3.39831987009096E-01, -1.02500000000000E-01, -3.89061063873812E-01,  2.34550000000006E+02,  5.03825579580998E+03,  1.62917438180844E+04
 1.98866666700000E+03, -5.85643223916896E-01, -1.02250000000000E+00, -1.26792129457444E-01,  2.34730000000006E+02,  4.27601916117995E+03,  1.70935774400880E+04
 1.98875000000000E+03, -8.10784891894798E-01, -1.56000000000000E+00, -1.26483795254683E-01,  2.34910000000006E+02,  4.44257396081787E+03,  1.89638849906998E+04
 1.98883333300000E+03, -9.59169884690995E-01, -1.67250000000000E+00, -1.26162667414158E-01,  2.35090000000006E+02,  4.89419924372704E+03,  2.05437320557554E+04
 1.98891666700000E+03, -1.07483339232294E+00, -1.84000000000000E+00, -1.25828740907226E-01,  2.35270000000006E+02,  5.32932776110957E+03,  2.12098308186047E+04
 1.98900000000000E+03, -1.13055836272078E+00, -2.00750000000000E+00, -1.25482010900481E-01,  2.35450000000006E+02,  5.92171749589642E+03,  2.13317221941020E+04
 1.98908333300000E+03, -1.17413996941090E+00, -2.07000000000000E+00, -1.25122472761508E-01,  2.35630000000006E+02,  6.87437382990410E+03,  2.14817306900161E+04
 1.98916666700000E+03, -1.18257256730606E+00, -2.48250000000000E+00, -1.24750122064878E-01,  2.35810000000006E+02,  7.91704469505332E+03,  2.15298303161143E+04
 1.98925000000000E+03, -1.08197046492303E+00, -2.55000000000000E+00, -1.24364954598364E-01,  2.35990000000006E+02,  8.33515686685125E+03,  2.06556774156484E+04
 1.98933333300000E+03, -9.55961635872073E-01, -1.33500000000000E+00, -1.23966966369390E-01,  2.36170000000006E+02,  7.61004798062601E+03,  1.83844444411987E+04
 1.98941666700000E+03, -8.55089162097952E-01,  4.25000000000000E-01, -1.23556153611696E-01,  2.36350000000006E+02,  6.12359349505602E+03,  1.56570314450004E+04
 1.98950000000000E+03, -7.69471610279279E-01,  1.29000000000000E+00, -1.23132512792242E-01,  2.36530000000006E+02,  5.21305408602335E+03,  1.47257355636307E+04
 1.98958333300000E+03, -8.58499057034759E-01,  6.65000000000000E-01, -1.22696040618310E-01,  2.36710000000006E+02,  6.34701499673096E+03,  1.76135824717232E+04
 1.98966666700000E+03, -1.12641841542650E+00, -6.05000000000000E-01,  3.05848838672174E-01,  2.36890000000006E+02,  9.95288003952095E+03,  2.42212516240539E+04
 1.98975000000000E+03, -1.30658452131929E+00, -1.33250000000000E+00,  3.06784359197487E-01,  2.37070000000006E+02,  1.48162459897850E+04,  3.17140901918312E+04
 1.98983333300000E+03, -1.37105727788004E+00, -1.54500000000000E+00,  3.07708758792074E-01,  2.37250000000006E+02,  1.86248351776753E+04,  3.59880831310370E+04
 1.98991666700000E+03, -1.40265751491797E+00, -1.99500000000000E+00,  3.08622077199048E-01,  2.37430000000006E+02,  1.93782755600371E+04,  3.43781505930097E+04
 1.99000000000000E+03, -1.37453426136886E+00, -2.39000000000000E+00,  3.09524354699328E-01,  2.37610000000006E+02,  1.66935570874213E+04,  2.76524328815793E+04
 1.99008333300000E+03, -1.33482995321998E+00, -2.10750000000000E+00,  3.10415632088729E-01,  2.37790000000007E+02,  1.20644507810651E+04,  1.97076453136534E+04
 1.99016666700000E+03, -1.26086674042505E+00, -1.69500000000000E+00,  3.11295950655093E-01,  2.37970000000007E+02,  7.87995698088241E+03,  1.50402172860576E+04
 1.99025000000000E+03, -1.07906687309049E+00, -1.28500000000000E+00,  3.12165352155458E-01,  2.38150000000007E+02,  5.90343990967143E+03,  1.57531231244656E+04
 1.99033333300000E+03, -8.73346266575880E-01, -8.32500000000000E-01,  3.13023878793288E-01,  2.38330000000007E+02,  6.27681805302257E+03,  2.02440002384348E+04
 1.99041666700000E+03, -6.94516013150713E-01, -5.90000000000000E-01,  3.13871573195754E-01,  2.38510000000007E+02,  7.68385374242823E+03,  2.44862570194846E+04
 1.99050000000000E+03, -5.32943017364364E-01, -2.27500000000000E-01,  3.14708478391090E-01,  2.38690000000007E+02,  8.44055537379845E+03,  2.49098256327957E+04
 1.99058333300000E+03, -5.92531577455186E-01,  4.67500000000000E-01,  3.15534637786013E-01,  2.38870000000007E+02,  7.65167464555236E+03,  2.07728822211736E+04
 1.99066666700000E+03, -9.04708320789967E-01,  1.04000000000000E+00, -1.23849703018792E-01,  2.39050000000007E+02,  5.63069200774695E+03,  1.44065073384746E+04
 1.99075000000000E+03, -1.14058640313288E+00,  6.87500000000000E-01, -1.24245575308314E-01,  2.39230000000007E+02,  3.41889044633238E+03,  9.36228189877674E+03
 1.99083333300000E+03, -1.24368776525737E+00, -1.87500000000000E-01, -1.24629178935443E-01,  2.39410000000007E+02,  1.91514740419536E+03,  7.98586245351073E+03
 1.99091666700000E+03, -1.31324922813049E+00, -9.12500000000000E-01, -1.25000499762570E-01,  2.39590000000007E+02,  1.32418385266227E+03,  1.01692614469138E+04
 1.99100000000000E+03, -1.32228167007745E+00, -1.46750000000000E+00, -1.25359523900716E-01,  2.39770000000007E+02,  1.25854531613537E+03,  1.39483018823789E+04
 1.99108333300000E+03, -1.31880344139034E+00, -1.35500000000000E+00, -1.25706237702732E-01,  2.39950000000007E+02,  1.25789166572567E+03,  1.71762357397515E+04
 1.99116666700000E+03, -1.28002720783967E+00, -1.08000000000000E+00, -1.26040627756652E-01,  2.40130000000007E+02,  1.20265176613014E+03,  1.88599008263273E+04
 1.99125000000000E+03, -1.13228070612846E+00, -1.33250000000000E+00, -1.26362680879232E-01,  2.40310000000007E+02,  1.29108836376137E+03,  1.92833040622801E+04
 1.99133333300000E+03, -9.59400522821402E-01, -1.53750000000000E+00, -1.26672384109647E-01,  2.40490000000007E+02,  1.69211855575776E+03,  1.91680024456724E+04
 1.99141666700000E+03, -8.12133675587338E-01, -1.41500000000000E+00, -1.26969724703381E-01,  2.40670000000007E+02,  2.26670572375463E+03,  1.88318845458180E+04
 1.99150000000000E+03, -6.80798186098609E-01, -1.25000000000000E+00, -1.27254690126287E-01,  2.40850000000007E+02,  2.63927425215037E+03,  1.80784546676429E+04
 1.99158333300000E+03, -7.77858997523061E-01, -1.02500000000000E+00, -1.27527268048841E-01,  2.41030000000007E+02,  2.53657570779128E+03,  1.67167825938659E+04
 1.99166666700000E+03, -1.17638724343336E+00, -1.23250000000000E+00,  6.92453437165854E-02,  2.41210000000007E+02,  2.05066248892898E+03,  1.50081042304232E+04
 1.99175000000000E+03, -1.57174277972991E+00, -2.17500000000000E+00,  6.74696331210454E-02,  2.41390000000007E+02,  1.56406536859316E+03,  1.35006998032615E+04
 1.99183333300000E+03, -1.86467682077498E+00, -2.61500000000000E+00,  6.56960437998340E-02,  2.41570000000007E+02,  1.40915518649003E+03,  1.24304092825529E+04
 1.99191666700000E+03, -2.11916874493772E+00, -2.32000000000000E+00,  6.39246956767318E-02,  2.41750000000007E+02,  1.59559894264259E+03,  1.13888007409724E+04
 1.99200000000000E+03, -2.30568581899859E+00, -1.84750000000000E+00,  6.21557083896484E-02,  2.41930000000007E+02,  1.87675728587767E+03,  9.74685758671952E+03
 1.99208333300000E+03, -2.46985187980176E+00, -1.30500000000000E+00,  6.03892012721989E-02,  2.42110000000007E+02,  2.09256348751269E+03,  7.54324838575061E+03
 1.99216666700000E+03, -2.58667909025292E+00, -1.28500000000000E+00,  5.86252933354620E-02,  2.42290000000007E+02,  2.43745969759545E+03,  5.95364122536530E+03
 1.99225000000000E+03, -2.58052921026206E+00, -1.83500000000000E+00,  5.68641032499258E-02,  2.42470000000007E+02,  3.34245940340752E+03,  6.68337052962661E+03
 1.99233333300000E+03, -2.53354269658246E+00, -2.07500000000000E+00,  5.51057493276259E-02,  2.42650000000007E+02,  5.01685944110745E+03,  1.05659281845017E+04
 1.99241666700000E+03, -2.49506973745377E+00, -1.98250000000000E+00,  5.33503495044777E-02,  2.42830000000007E+02,  7.05287230035780E+03,  1.64980265854526E+04
 1.99250000000000E+03, -2.45435387795070E+00, -2.55000000000000E+00,  5.15980213228241E-02,  2.43010000000007E+02,  8.51399886137454E+03,  2.17792147970875E+04
 1.99258333300000E+03, -1.96796231624601E+00, -3.50000000000000E+00,  4.98488819141805E-02,  2.43190000000007E+02,  8.54955512942717E+03,  2.38725198757505E+04
 1.99266666700000E+03, -1.07530823546049E+00, -3.67500000000000E+00,  1.07779255021445E-01,  2.43370000000007E+02,  7.10421647766186E+03,  2.23690076833042E+04
 1.99275000000000E+03, -7.54046996200085E-01, -3.38750000000000E+00,  1.07710045801903E-01,  2.43550000000007E+02,  5.13565113098762E+03,  1.95795692148928E+04
 1.99283333300000E+03, -9.49298159508944E-01, -3.26250000000000E+00,  1.07653220197004E-01,  2.43730000000007E+02,  4.08332888609981E+03,  1.90957981478791E+04
 1.99291666700000E+03, -1.10967200112430E+00, -2.99000000000000E+00,  1.07608790278629E-01,  2.43910000000007E+02,  4.90942004267546E+03,  2.32129174793975E+04
 1.99300000000000E+03, -1.20714501262259E+00, -2.51000000000000E+00,  1.07576767340068E-01,  2.44090000000007E+02,  7.39614190069088E+03,  3.10711216024005E+04
 1.99308333300000E+03, -1.28876389257816E+00, -2.27500000000000E+00,  1.07557161895407E-01,  2.44270000000007E+02,  1.02263996233579E+04,  3.89373134528965E+04
 1.99316666700000E+03, -1.33084845714270E+00, -2.25250000000000E+00,  1.07549983678814E-01,  2.44450000000007E+02,  1.18049581738316E+04,  4.25013286182019E+04
 1.99325000000000E+03, -1.25892680388959E+00, -2.02000000000000E+00,  1.07555241643733E-01,  2.44630000000007E+02,  1.12381657402041E+04,  3.95806516735532E+04
 1.99333333300000E+03, -1.15614156353875E+00, -1.84000000000000E+00,  1.07572943961991E-01,  2.44810000000007E+02,  8.79904588672594E+03,  3.13576806818890E+04
 1.99341666700000E+03, -1.07266178439842E+00, -2.14250000000000E+00,  1.07603098022802E-01,  2.44990000000007E+02,  5.61689234478638E+03,  2.14028871405115E+04
 1.99350000000000E+03, -9.98351456123374E-01, -2.54250000000000E+00,  1.07645710431685E-01,  2.45170000000007E+02,  2.90342026212598E+03,  1.33587844180973E+04
 1.99358333300000E+03, -1.23505395673135E+00, -2.38000000000000E+00,  1.07700787009281E-01,  2.45350000000007E+02,  1.30994784388135E+03,  9.01382934690778E+03
 1.99366666700000E+03, -1.79557224968822E+00, -2.13750000000000E+00,  2.79518177756577E-01,  2.45530000000007E+02,  8.11768695652119E+02,  7.98339706653639E+03
 1.99375000000000E+03, -2.13622051197099E+00, -2.56000000000000E+00,  2.78188649852032E-01,  2.45710000000007E+02,  1.04658663994869E+03,  8.84932424439308E+03
 1.99383333300000E+03, -2.21964312652600E+00, -3.07000000000000E+00,  2.76857030579557E-01,  2.45890000000007E+02,  1.70438799754165E+03,  1.05456557770985E+04
 1.99391666700000E+03, -2.26252376025046E+00, -3.14000000000000E+00,  2.75523430885227E-01,  2.46070000000007E+02,  2.63115883735195E+03,  1.28381400684937E+04
 1.99400000000000E+03, -2.23852742084639E+00, -3.12500000000000E+00,  2.74187962185641E-01,  2.46250000000007E+02,  3.66118464937712E+03,  1.57576895943027E+04
 1.99408333300000E+03, -2.19641383470016E+00, -3.12250000000000E+00,  2.72850736348548E-01,  2.46430000000007E+02,  4.47947048700679E+03,  1.88483528357983E+04
 1.99416666700000E+03, -2.11421384113904E+00, -2.80750000000000E+00,  2.71511865673473E-01,  2.46610000000007E+02,  4.76598206229444E+03,  2.11840776462555E+04
 1.99425000000000E+03, -1.91913864253314E+00, -2.35500000000000E+00,  2.70171462872322E-01,  2.46790000000007E+02,  4.54280281133672E+03,  2.22501654567591E+04
 1.99433333300000E+03, -1.69596117462216E+00, -2.23000000000000E+00,  2.68829641049993E-01,  2.46970000000007E+02,  4.36283106914065E+03,  2.28012875998928E+04
 1.99441666700000E+03, -1.49640453931751E+00, -2.34500000000000E+00,  2.67486513684992E-01,  2.47150000000007E+02,  5.04175655022080E+03,  2.46520735011320E+04
 1.99450000000000E+03, -1.31178886674567E+00, -2.44000000000000E+00,  2.66142194610045E-01,  2.47330000000007E+02,  7.02673999179416E+03,  2.92468478031652E+04
 1.99458333300000E+03, -6.35789923996131E-01, -2.27750000000000E+00,  2.64796797992750E-01,  2.47510000000007E+02,  9.87933384176413E+03,  3.60485118928136E+04
 1.99466666700000E+03,  4.95265397836713E-01, -1.64000000000000E+00,  4.14411995471760E-01,  2.47690000000007E+02,  1.23594320580854E+04,  4.21988449527738E+04
 1.99475000000000E+03,  9.83877548086607E-01, -8.70000000000000E-01,  4.14026066778204E-01,  2.47870000000007E+02,  1.31673665823438E+04,  4.40582782794903E+04
 1.99483333300000E+03,  8.91519642607043E-01, -6.17500000000000E-01,  4.13635647161750E-01,  2.48050000000007E+02,  1.18562031638476E+04,  3.97272837243248E+04
 1.99491666700000E+03,  8.34644277912778E-01, -8.02500000000000E-01,  4.13240861010805E-01,  2.48230000000007E+02,  9.22342389050410E+03,  3.07059404712631E+04
 1.99500000000000E+03,  8.40063735531040E-01, -7.82500000000000E-01,  4.12841832816589E-01,  2.48410000000007E+02,  6.83509262256985E+03,  2.13094782190523E+04
 1.99508333300000E+03,  8.59543307357575E-01, -4.57500000000000E-01,  4.12438687149374E-01,  2.48590000000007E+02,  5.98579461854454E+03,  1.60633503255792E+04
 1.99516666700000E+03,  9.15618368425835E-01,  2.75000000000000E-02,  4.12031548634864E-01,  2.48770000000007E+02,  6.84507311764727E+03,  1.68411779453762E+04
 1.99525000000000E+03,  1.08167798756180E+00,  9.52500000000000E-01,  4.11620541930728E-01,  2.48950000000007E+02,  8.41830828577044E+03,  2.17709435911561E+04
 1.99533333300000E+03,  1.27357590054398E+00,  2.31000000000000E+00,  4.11205791703289E-01,  2.49130000000007E+02,  9.33817346868052E+03,  2.66790186433610E+04
 1.99541666700000E+03,  1.44023400213728E+00,  3.13500000000000E+00,  4.10787422604363E-01,  2.49310000000007E+02,  8.87691578036067E+03,  2.80070790303218E+04
 1.99550000000000E+03,  1.59098709521886E+00,  2.78750000000000E+00,  4.10365559248277E-01,  2.49490000000007E+02,  7.42006708713599E+03,  2.51107957735816E+04
 1.99558333300000E+03,  1.57617427149667E+00,  1.68500000000000E+00,  4.09940326189039E-01,  2.49670000000007E+02,  6.07997066385189E+03,  2.03833319192436E+04
 1.99566666700000E+03,  1.35886797844888E+00,  8.32500000000000E-01,  4.25097368977805E-01,  2.49850000000007E+02,  5.79731320724320E+03,  1.72883722119582E+04
 1.99575000000000E+03,  1.15326013323211E+00,  8.12500000000000E-01,  4.25102869146293E-01,  2.50030000000007E+02,  6.64939066840368E+03,  1.78646010039115E+04
 1.99583333300000E+03,  1.02066520783835E+00,  8.45000000000000E-01,  4.25107870064430E-01,  2.50210000000007E+02,  7.87684673257924E+03,  2.14948829171728E+04
 1.99591666700000E+03,  9.21560719498372E-01,  3.52500000000000E-01,  4.25112385679508E-01,  2.50390000000007E+02,  8.54687297316085E+03,  2.56454411698444E+04
 1.99600000000000E+03,  8.83096116684028E-01, -1.75000000000000E-01,  4.25116428736931E-01,  2.50570000000007E+02,  8.28124133222160E+03,  2.77983089482458E+04
 1.99608333300000E+03,  8.57399688445255E-01, -4.80000000000000E-01,  4.25120010780790E-01,  2.50750000000007E+02,  7.47584264854698E+03,  2.70637031411967E+04
 1.99616666700000E+03,  8.67391784921262E-01, -4.97500000000000E-01,  4.25123142154681E-01,  2.50930000000007E+02,  6.89492558553330E+03,  2.44267165204046E+04
 1.99625000000000E+03,  9.86864239043041E-01, -4.12500000000000E-01,  4.25125832002770E-01,  2.51110000000007E+02,  7.03740822836663E+03,  2.17431662010119E+04
 1.99633333300000E+03,  1.13208686445894E+00, -7.62500000000000E-01,  4.25128088271102E-01,  2.51290000000007E+02,  7.81876469619699E+03,  2.04704328387235E+04
 1.99641666700000E+03,  1.25240624226266E+00, -1.19500000000000E+00,  4.25129917709160E-01,  2.51470000000007E+02,  8.79260521905901E+03,  2.10757255549742E+04
 1.99650000000000E+03,  1.35758559409359E+00, -1.00750000000000E+00,  4.25131325871665E-01,  2.51650000000007E+02,  9.64922677056467E+03,  2.32979581843053E+04
 1.99658333300000E+03,  8.96924825541300E-01, -4.62500000000000E-01,  4.25132317120618E-01,  2.51830000000007E+02,  1.05012539006183E+04,  2.67050646729441E+04
 1.99666666700000E+03, -1.41330279965362E-01, -5.45000000000000E-01,  2.59954969650403E-01,  2.52010000000007E+02,  1.16877787541309E+04,  3.09074888534263E+04
 1.99675000000000E+03, -7.17105188524928E-01, -1.31500000000000E+00,  2.58606098452338E-01,  2.52190000000007E+02,  1.32922968282657E+04,  3.53297594806315E+04
 1.99683333300000E+03, -7.98148734350932E-01, -1.77000000000000E+00,  2.57256793584090E-01,  2.52370000000007E+02,  1.48590734739366E+04,  3.90105633951400E+04
 1.99691666700000E+03, -8.52851684191677E-01, -1.59000000000000E+00,  2.55907170938800E-01,  2.52550000000007E+02,  1.56415074254075E+04,  4.09191581683771E+04
 1.99700000000000E+03, -8.54713675537049E-01, -1.08750000000000E+00,  2.54557346598653E-01,  2.52730000000007E+02,  1.52421109662480E+04,  4.07174951542199E+04
 1.99708333300000E+03, -8.52151957145772E-01, -5.47500000000000E-01,  2.53207436815913E-01,  2.52910000000007E+02,  1.41125701679626E+04,  3.93090444700429E+04
 1.99716666700000E+03, -8.22680666786531E-01, -1.97500000000000E-01,  2.51857557994037E-01,  2.53090000000007E+02,  1.34254928049500E+04,  3.85061020859517E+04
 1.99725000000000E+03, -6.92825317081372E-01, -5.00000000000000E-03,  2.50507826668866E-01,  2.53270000000007E+02,  1.43026474416010E+04,  3.98162181031618E+04
 1.99733333300000E+03, -5.46511701650189E-01,  8.25000000000000E-02,  2.49158359489899E-01,  2.53450000000007E+02,  1.69200158553504E+04,  4.31602767227722E+04
 1.99741666700000E+03, -4.34464074092118E-01,  1.37500000000000E-01,  2.47809273201666E-01,  2.53630000000007E+02,  2.01710407787872E+04,  4.65659224704328E+04
 1.99750000000000E+03, -3.46863846105857E-01,  2.07500000000000E-01,  2.46460684625191E-01,  2.53810000000007E+02,  2.22054608539614E+04,  4.72522700614168E+04
 1.99758333300000E+03,  1.27543325070816E-01,  3.47500000000000E-01,  2.45112710639560E-01,  2.53990000000007E+02,  2.15339973773131E+04,  4.34753198388073E+04
 1.99766666700000E+03,  9.85202657270533E-01,  8.07500000000000E-01,  3.92648901319984E-01,  2.54170000000007E+02,  1.79699076939217E+04,  3.58617857551308E+04
 1.99775000000000E+03,  1.35377955986457E+00,  1.00000000000000E+00,  3.93087863038342E-01,  2.54350000000007E+02,  1.27804140408396E+04,  2.72576455541457E+04
 1.99783333300000E+03,  1.26375550635929E+00,  8.07500000000000E-01,  3.93527510662295E-01,  2.54530000000007E+02,  7.96286106328474E+03,  2.11562041147802E+04
 1.99791666700000E+03,  1.20389208643609E+00,  9.55000000000000E-01,  3.93967750497568E-01,  2.54710000000007E+02,  5.13985163695639E+03,  1.97635353987246E+04
 1.99800000000000E+03,  1.20107548573076E+00,  1.55000000000000E+00,  3.94408488566002E-01,  2.54890000000007E+02,  4.77601765406635E+03,  2.29628795796399E+04
 1.99808333300000E+03,  1.20720888007699E+00,  2.43000000000000E+00,  3.94849630621869E-01,  2.55070000000007E+02,  6.14269014069411E+03,  2.87363635877133E+04
 1.99816666700000E+03,  1.24502843206178E+00,  2.91000000000000E+00,  3.95291082168295E-01,  2.55250000000007E+02,  7.93516940117593E+03,  3.45705757919013E+04
 1.99825000000000E+03,  1.38818498043320E+00,  3.06500000000000E+00,  3.95732748473818E-01,  2.55430000000007E+02,  9.06470221531752E+03,  3.87989530401271E+04
 1.99833333300000E+03,  1.55285226530290E+00,  3.71500000000000E+00,  3.96174534589047E-01,  2.55610000000007E+02,  9.13837686789652E+03,  4.10857267877687E+04
 1.99841666700000E+03,  1.68832687912253E+00,  4.47000000000000E+00,  3.96616345363446E-01,  2.55790000000007E+02,  8.44216714022058E+03,  4.20266005386401E+04
 1.99850000000000E+03,  1.80436872447013E+00,  4.78750000000000E+00,  3.97058085462227E-01,  2.55970000000007E+02,  7.58725109447089E+03,  4.24564852506982E+04
 1.99858333300000E+03,  2.00510498030402E+00,  4.65750000000000E+00,  3.97499659383356E-01,  2.56150000000007E+02,  7.12502697793080E+03,  4.30559798303111E+04
 1.99866666700000E+03,  2.25305638189322E+00,  4.14250000000000E+00,  3.93513840779719E-01,  2.56330000000007E+02,  7.33805327771586E+03,  4.43512581664308E+04
 1.99875000000000E+03,  2.25498876593261E+00,  3.57500000000000E+00,  3.92828739408857E-01,  2.56510000000007E+02,  8.21760458707388E+03,  4.67423530527030E+04
 1.99883333300000E+03,  2.07318861554100E+00,  3.07750000000000E+00,  3.92139842627132E-01,  2.56690000000007E+02,  9.52311549665718E+03,  5.02211687453303E+04
 1.99891666700000E+03,  1.92248478160263E+00,  2.15500000000000E+00,  3.91447281944165E-01,  2.56870000000007E+02,  1.08465853933443E+04,  5.39081800181283E+04
 1.99900000000000E+03,  1.83016871988023E+00,  9.37500000000000E-01,  3.90751188981541E-01,  2.57050000000007E+02,  1.16958603474006E+04,  5.59566064448292E+04
 1.99908333300000E+03,  1.74852059168201E+00,  4.30000000000000E-01,  3.90051695449256E-01,  2.57230000000007E+02,  1.16439511325770E+04,  5.42670765759661E+04
 1.99916666700000E+03,  1.70062193750906E+00,  4.60000000000000E-01,  3.89348933122320E-01,  2.57410000000007E+02,  1.05271498350754E+04,  4.78157642659073E+04
 1.99925000000000E+03,  1.76043448723145E+00,  6.77500000000000E-01,  3.88643033817515E-01,  2.57590000000007E+02,  8.58365423185050E+03,  3.77364594645690E+04
 1.99933333300000E+03,  1.84440598366419E+00,  1.23000000000000E+00,  3.87934129370313E-01,  2.57770000000007E+02,  6.41142683180082E+03,  2.72282159797320E+04
 1.99941666700000E+03,  1.90206823734607E+00,  1.64000000000000E+00,  3.87222351611954E-01,  2.57950000000007E+02,  4.72318732303712E+03,  2.00655681248596E+04
 1.99950000000000E+03,  1.94337621299496E+00,  2.04750000000000E+00,  3.86507832346705E-01,  2.58130000000007E+02,  4.01710381837537E+03,  1.85085466480847E+04
 1.99958333300000E+03,  1.59497708380964E+00,  2.33250000000000E+00,  3.85790703329282E-01,  2.58310000000007E+02,  4.35117935651162E+03,  2.19684756411927E+04
 1.99966666700000E+03,  8.54854040844167E-01,  1.57500000000000E+00,  3.69306328383133E-01,  2.58490000000007E+02,  5.35051744291340E+03,  2.73957959171710E+04
 1.99975000000000E+03,  4.21510937893247E-01,  2.65000000000000E-01,  3.70431778417707E-01,  2.58670000000007E+02,  6.43351482456178E+03,  3.12279202605793E+04
 1.99983333300000E+03,  3.23886605311265E-01, -3.25000000000000E-01,  3.71547467264336E-01,  2.58850000000007E+02,  7.11869328471334E+03,  3.16513740729084E+04
 1.99991666700000E+03,  2.64486227159832E-01, -4.17500000000000E-01,  3.72653299388419E-01,  2.59030000000007E+02,  7.24591435781382E+03,  2.96783140135521E+04
 2.00000000000000E+03,  2.70045115081360E-01, -6.37500000000000E-01,  3.73749180857769E-01,  2.59210000000007E+02,  7.01383229635884E+03,  2.83165429976766E+04
 2.00008333300000E+03,  2.92249701789000E-01, -3.00000000000000E-01,  3.74835019362230E-01,  2.59390000000007E+02,  6.83897149352210E+03,  3.03919858681149E+04
 2.00016666700000E+03,  3.53557103999635E-01,  3.70000000000000E-01,  3.75910724232936E-01,  2.59570000000007E+02,  7.11857836107670E+03,  3.64799063636601E+04
 2.00025000000000E+03,  5.27280745847281E-01,  5.72500000000000E-01,  3.76976206461209E-01,  2.59750000000007E+02,  8.00693942172601E+03,  4.43114076795842E+04
 2.00033333300000E+03,  7.29202847229671E-01,  4.25000000000000E-01,  3.78031378717074E-01,  2.59930000000007E+02,  9.30370451697355E+03,  5.00310202372947E+04
 2.00041666700000E+03,  9.08178930812898E-01,  1.92500000000000E-01,  3.79076155367391E-01,  2.60110000000007E+02,  1.05142062404156E+04,  5.04779331676209E+04
 2.00050000000000E+03,  1.07348309083424E+00,  4.12500000000000E-01,  3.80110452493609E-01,  2.60290000000007E+02,  1.10748271562163E+04,  4.50422385154349E+04
 2.00058333300000E+03,  7.46033496467474E-01,  7.90000000000000E-01,  3.81134187909108E-01,  2.60470000000007E+02,  1.06492730237853E+04,  3.59752389500995E+04
 2.00066666700000E+03, -1.07750552080167E-01,  5.07500000000000E-01,  1.27215026256298E-01,  2.60650000000007E+02,  9.33608666968815E+03,  2.70411244238966E+04
 2.00075000000000E+03, -6.10765351392744E-01, -2.37500000000000E-01,  1.27911040609467E-01,  2.60830000000007E+02,  7.64486352773801E+03,  2.14082221302131E+04
 2.00083333300000E+03, -7.03476172894090E-01, -8.42500000000000E-01,  1.28618622591309E-01,  2.61010000000007E+02,  6.22226147652699E+03,  2.00691964742455E+04
 2.00091666700000E+03, -7.57381290514404E-01, -1.24500000000000E+00,  1.29337731043514E-01,  2.61190000000007E+02,  5.47910390802530E+03,  2.16644122917870E+04
 2.00100000000000E+03, -7.45389992483138E-01, -1.18000000000000E+00,  1.30068323833216E-01,  2.61370000000007E+02,  5.36414173704931E+03,  2.36792836971703E+04
 2.00108333300000E+03, -7.15457376099144E-01, -5.77500000000000E-01,  1.30810357848482E-01,  2.61550000000007E+02,  5.45476755209879E+03,  2.41746926211528E+04
 2.00116666700000E+03, -6.44770573023757E-01, -1.87500000000000E-01,  1.31563788993830E-01,  2.61730000000007E+02,  5.31708056739515E+03,  2.29625710085232E+04
 2.00125000000000E+03, -4.59668849678405E-01, -2.07500000000000E-01,  1.32328572185777E-01,  2.61910000000007E+02,  4.87844579737183E+03,  2.15579412592593E+04
 2.00133333300000E+03, -2.44036719790541E-01,  2.60000000000000E-01,  1.33104661348418E-01,  2.62090000000007E+02,  4.52410460248790E+03,  2.20280711488907E+04
 2.00141666700000E+03, -4.87048593220539E-02,  1.14500000000000E+00,  1.33892009409049E-01,  2.62270000000007E+02,  4.82155259374592E+03,  2.55256761543742E+04
 2.00150000000000E+03,  1.35889970853752E-01,  1.45250000000000E+00,  1.34690568293826E-01,  2.62450000000007E+02,  6.06043153786316E+03,  3.14429243081675E+04
 2.00158333300000E+03,  5.00152125992136E-01,  1.77750000000000E+00,  1.35500288923477E-01,  2.62630000000007E+02,  7.95221965942871E+03,  3.76892507939859E+04
 2.00166666700000E+03,  9.86903579088173E-01,  2.34000000000000E+00,  4.17805726342458E-01,  2.62810000000007E+02,  9.73018299924955E+03,  4.18697268631777E+04
 2.00175000000000E+03,  1.10921450159851E+00,  2.20000000000000E+00,  4.18105169590873E-01,  2.62990000000007E+02,  1.05954248019969E+04,  4.25888427736625E+04
 2.00183333300000E+03,  9.46707021059123E-01,  1.78000000000000E+00,  4.18399558820035E-01,  2.63170000000007E+02,  1.01956381461833E+04,  4.00749768911249E+04
 2.00191666700000E+03,  8.19131039621182E-01,  1.74750000000000E+00,  4.18688817112656E-01,  2.63350000000007E+02,  8.80309112045879E+03,  3.58146585084889E+04
 2.00200000000000E+03,  7.53732791102814E-01,  1.69000000000000E+00,  4.18972868398374E-01,  2.63530000000007E+02,  7.09133813535429E+03,  3.15518637609343E+04
 2.00208333300000E+03,  7.02731159290667E-01,  1.47750000000000E+00,  4.19251637470700E-01,  2.63710000000007E+02,  5.70668608207885E+03,  2.83806662575702E+04
 2.00216666700000E+03,  6.89130178053325E-01,  1.04000000000000E+00,  4.19525050003840E-01,  2.63890000000007E+02,  4.95416775252221E+03,  2.64907107627181E+04
 2.00225000000000E+03,  7.86797725380342E-01,  2.12500000000000E-01,  4.19793032569357E-01,  2.64070000000007E+02,  4.78206360563915E+03,  2.55680783797759E+04
 2.00233333300000E+03,  9.12071289832437E-01, -6.30000000000000E-01,  4.20055512652692E-01,  2.64250000000008E+02,  4.98613887146640E+03,  2.53551633783032E+04
 2.00241666700000E+03,  1.01435603173612E+00, -1.03250000000000E+00,  4.20312418669534E-01,  2.64430000000008E+02,  5.39687570368068E+03,  2.58268935586311E+04
 2.00250000000000E+03,  1.10346394136871E+00, -5.17500000000000E-01,  4.20563679982017E-01,  2.64610000000008E+02,  5.88755781927830E+03,  2.68711681606775E+04
 2.00258333300000E+03,  5.59054716115591E-01,  4.02500000000000E-01,  4.20809226914763E-01,  2.64790000000008E+02,  6.26048958675405E+03,  2.78891598644973E+04
 2.00266666700000E+03, -6.26757632498115E-01,  7.77500000000000E-01,  2.98246616063382E-01,  2.64970000000008E+02,  6.21320773052100E+03,  2.78753694005812E+04
 2.00275000000000E+03, -1.26814767214579E+00,  6.40000000000000E-01,  2.99461567211888E-01,  2.65150000000008E+02,  5.50899555203087E+03,  2.61273102220552E+04
 2.00283333300000E+03, -1.33159471855196E+00,  2.22500000000000E-01,  3.00677967599274E-01,  2.65330000000008E+02,  4.24352454621752E+03,  2.30882303303725E+04
 2.00291666700000E+03, -1.35641598752206E+00,  3.25000000000000E-02,  3.01895681240242E-01,  2.65510000000008E+02,  2.93977773078570E+03,  2.05192737798680E+04
 2.00300000000000E+03, -1.31613381729092E+00,  6.75000000000000E-02,  3.03114571651596E-01,  2.65690000000008E+02,  2.29558815727370E+03,  2.05821897711485E+04
 2.00308333300000E+03, -1.25933258690259E+00,  1.80000000000000E-01,  3.04334501870472E-01,  2.65870000000008E+02,  2.70390394810810E+03,  2.42761126708857E+04
 2.00316666700000E+03, -1.16383792464883E+00,  5.65000000000000E-01,  3.05555334472844E-01,  2.66050000000008E+02,  3.91110330756823E+03,  3.03407405547186E+04
 2.00325000000000E+03, -9.56629300999606E-01,  8.92500000000000E-01,  3.06776931592305E-01,  2.66230000000008E+02,  5.13077600905778E+03,  3.56025897805482E+04
 2.00333333300000E+03, -7.22225227817693E-01,  1.30500000000000E+00,  3.07999154939112E-01,  2.66410000000008E+02,  5.58720951699816E+03,  3.67800458118641E+04
 2.00341666700000E+03, -5.12075946400699E-01,  1.93250000000000E+00,  3.09221865819498E-01,  2.66590000000008E+02,  5.09280382407268E+03,  3.26388678459547E+04
 2.00350000000000E+03, -3.17214912095244E-01,  2.77000000000000E+00,  3.10444925155252E-01,  2.66770000000008E+02,  4.19176387340443E+03,  2.49807192124395E+04
 2.00358333300000E+03,  3.53196393155457E-02,  3.73250000000000E+00,  3.11668193503555E-01,  2.66950000000008E+02,  3.72412645142276E+03,  1.76541630251107E+04
 2.00366666700000E+03,  4.94851962016858E-01,  4.19750000000000E+00,  4.18364405944561E-01,  2.67130000000008E+02,  4.13834316326837E+03,  1.41568555879848E+04
 2.00375000000000E+03,  6.16636792817005E-01,  3.65500000000000E+00,  4.18654285669203E-01,  2.67310000000008E+02,  5.11201538218682E+03,  1.54459766376402E+04
 2.00383333300000E+03,  4.76627209328070E-01,  2.58000000000000E+00,  4.18938967494859E-01,  2.67490000000008E+02,  5.81264189098189E+03,  1.94800241249018E+04
 2.00391666700000E+03,  3.72231404982660E-01,  2.04250000000000E+00,  4.19218376110201E-01,  2.67670000000008E+02,  5.60733764875565E+03,  2.28030479754498E+04
 2.00400000000000E+03,  3.30407158948606E-01,  1.97250000000000E+00,  4.19492437082577E-01,  2.67850000000008E+02,  4.64052344355448E+03,  2.30268636700832E+04
 2.00408333300000E+03,  3.03075232094465E-01,  1.80250000000000E+00,  4.19761076874698E-01,  2.68030000000008E+02,  3.78102180201708E+03,  2.04436086459831E+04
 2.00416666700000E+03,  3.12935233121011E-01,  1.41750000000000E+00,  4.20024222861171E-01,  2.68210000000008E+02,  3.94863904290061E+03,  1.76667679203173E+04
 2.00425000000000E+03,  4.33547838057310E-01,  7.85000000000000E-01,  4.20281803344891E-01,  2.68390000000008E+02,  5.35299437919675E+03,  1.76414512970900E+04
 2.00433333300000E+03,  5.80944201858712E-01,  5.77500000000000E-01,  4.20533747573257E-01,  2.68570000000008E+02,  7.27177720659398E+03,  2.15026747275458E+04
 2.00441666700000E+03,  7.04227744199691E-01,  1.30500000000000E+00,  4.20779985754235E-01,  2.68750000000008E+02,  8.56657503747585E+03,  2.77757382985988E+04
 2.00450000000000E+03,  8.12917067682565E-01,  2.20750000000000E+00,  4.21020449072247E-01,  2.68930000000008E+02,  8.52862939293836E+03,  3.33614395930348E+04
 2.00458333300000E+03,  1.30610633563916E+00,  2.58750000000000E+00,  4.21255069703887E-01,  2.69110000000008E+02,  7.37169629272617E+03,  3.54761098200094E+04
 2.00466666700000E+03,  2.14873223092293E+00,  2.43500000000000E+00,  4.01706063767552E-01,  2.69290000000008E+02,  5.98324869807722E+03,  3.31672046206118E+04
 2.00475000000000E+03,  2.45871332433580E+00,  2.20000000000000E+00,  4.01187354386042E-01,  2.69470000000008E+02,  5.16641085485478E+03,  2.75170682876288E+04
 2.00483333300000E+03,  2.29382501700171E+00,  2.01250000000000E+00,  4.00661043419175E-01,  2.69650000000008E+02,  5.02650410053617E+03,  2.06829161054748E+04
 2.00491666700000E+03,  2.16047157220282E+00,  1.60000000000000E+00,  4.00127095784227E-01,  2.69830000000008E+02,  5.01466216992677E+03,  1.46545336106088E+04
 2.00500000000000E+03,  2.08578631314116E+00,  1.17000000000000E+00,  3.99585477476615E-01,  2.70010000000008E+02,  4.55589782283788E+03,  1.05513362919206E+04
 2.00508333300000E+03,  2.02188506714647E+00,  1.45000000000000E+00,  3.99036155584455E-01,  2.70190000000008E+02,  3.66961336216732E+03,  8.63800697714733E+03
 2.00516666700000E+03,  1.99167982071605E+00,  2.30000000000000E+00,  3.98479098302880E-01,  2.70370000000008E+02,  2.99919147924542E+03,  8.65953151593955E+03
 2.00525000000000E+03,  2.06895858975758E+00,  2.73500000000000E+00,  3.97914274948108E-01,  2.70550000000008E+02,  3.20881333876191E+03,  1.00572218278452E+04
 2.00533333300000E+03,  2.16999237518377E+00,  2.84250000000000E+00,  3.97341655971255E-01,  2.70730000000008E+02,  4.30614458887573E+03,  1.20323170366891E+04
 2.00541666700000E+03,  2.24413441977736E+00,  3.31500000000000E+00,  3.96761212971887E-01,  2.70910000000008E+02,  5.55988125494068E+03,  1.37576776989664E+04
 2.00550000000000E+03,  2.30116055838697E+00,  3.98250000000000E+00,  3.96172918711315E-01,  2.71090000000008E+02,  6.16733617488071E+03,  1.49001783692551E+04
 2.00558333300000E+03,  2.08730157680327E+00,  4.19500000000000E+00,  3.95576747125610E-01,  2.71270000000008E+02,  6.11643134333619E+03,  1.61309123668400E+04
 2.00566666700000E+03,  1.58717003605460E+00,  3.62000000000000E+00,  4.24758566710508E-01,  2.71450000000008E+02,  6.41955725316577E+03,  1.90106175607710E+04
 2.00575000000000E+03,  1.24534994061274E+00,  2.41750000000000E+00,  4.24733090742209E-01,  2.71630000000008E+02,  8.36651409505229E+03,  2.49705799905652E+04
 2.00583333300000E+03,  1.10188705772755E+00,  1.66500000000000E+00,  4.24706400830077E-01,  2.71810000000008E+02,  1.23032953469719E+04,  3.39059995587810E+04
 2.00591666700000E+03,  9.91473271145813E-01,  1.57000000000000E+00,  4.24678456059462E-01,  2.71990000000008E+02,  1.69615462097977E+04,  4.34750954280906E+04
 2.00600000000000E+03,  9.41267355880756E-01,  1.17750000000000E+00,  4.24649214631919E-01,  2.72170000000008E+02,  2.00391917744900E+04,  4.99271469600649E+04
 2.00608333300000E+03,  9.03408192614732E-01,  6.65000000000000E-01,  4.24618633877171E-01,  2.72350000000008E+02,  1.97555143212526E+04,  5.02099770523478E+04
 2.00616666700000E+03,  9.00828103800773E-01,  8.12500000000000E-01,  4.24586670265287E-01,  2.72530000000008E+02,  1.62473139917969E+04,  4.40164883498917E+04
 2.00625000000000E+03,  1.00733239484062E+00,  1.74000000000000E+00,  4.24553279419052E-01,  2.72710000000008E+02,  1.16747920409516E+04,  3.42504911875680E+04
 2.00633333300000E+03,  1.13920597168497E+00,  2.69750000000000E+00,  4.24518416126534E-01,  2.72890000000008E+02,  8.83724218331683E+03,  2.54024337307107E+04
 2.00641666700000E+03,  1.24581225312333E+00,  3.20250000000000E+00,  4.24482034353858E-01,  2.73070000000008E+02,  9.25853010231676E+03,  2.08395020712430E+04
 2.00650000000000E+03,  1.33693317143618E+00,  3.54000000000000E+00,  4.24444087258164E-01,  2.73250000000008E+02,  1.21594887511515E+04,  2.08679803583810E+04
 2.00658333300000E+03,  1.38696457351161E+00,  3.68250000000000E+00,  4.24404527200768E-01,  2.73430000000008E+02,  1.50898098650573E+04,  2.29073746135569E+04
 2.00666666700000E+03,  1.38055014154747E+00,  3.48750000000000E+00,  3.86495922925858E-01,  2.73610000000008E+02,  1.57302890720548E+04,  2.35783106259451E+04
 2.00675000000000E+03,  1.30571343843706E+00,  3.13250000000000E+00,  3.86915008433148E-01,  2.73790000000008E+02,  1.34944091608395E+04,  2.11252488737223E+04
 2.00683333300000E+03,  1.20192958960548E+00,  2.53750000000000E+00,  3.87336080444774E-01,  2.73970000000008E+02,  9.75882928381278E+03,  1.64388320332730E+04
 2.00691666700000E+03,  1.13173125072350E+00,  1.83500000000000E+00,  3.87759051039986E-01,  2.74150000000008E+02,  6.66296905926424E+03,  1.21051262224016E+04
 2.00700000000000E+03,  1.12224193443821E+00,  1.65500000000000E+00,  3.88183831795104E-01,  2.74330000000008E+02,  5.52728567915746E+03,  1.04310390004672E+04
 2.00708333300000E+03,  1.12556300121292E+00,  1.66000000000000E+00,  3.88610333797903E-01,  2.74510000000008E+02,  6.15009728624302E+03,  1.20546104677515E+04
 2.00716666700000E+03,  1.16458694532508E+00,  1.40500000000000E+00,  3.89038467662139E-01,  2.74690000000008E+02,  7.41520427470504E+03,  1.60690752563589E+04
 2.00725000000000E+03,  1.31307688565163E+00,  1.22250000000000E+00,  3.89468143542211E-01,  2.74870000000008E+02,  8.50867346785219E+03,  2.12208537465740E+04
 2.00733333300000E+03,  1.48727313261699E+00,  1.00750000000000E+00,  3.89899271147977E-01,  2.75050000000008E+02,  9.57960745923639E+03,  2.68889011515714E+04
 2.00741666700000E+03,  1.63649205063044E+00,  8.72500000000000E-01,  3.90331759759700E-01,  2.75230000000008E+02,  1.12707194063195E+04,  3.29329106367096E+04
 2.00750000000000E+03,  1.77046600988811E+00,  8.32500000000000E-01,  3.90765518243137E-01,  2.75410000000008E+02,  1.36475514894206E+04,  3.87195448167051E+04
 2.00758333300000E+03,  1.58434302242126E+00,  6.72500000000000E-01,  3.91200455064767E-01,  2.75590000000008E+02,  1.56675446360558E+04,  4.25463575541561E+04
 2.00766666700000E+03,  1.06653413430098E+00,  8.52500000000000E-01,  3.77709471659823E-01,  2.75770000000008E+02,  1.58690877502652E+04,  4.23947568013585E+04
 2.00775000000000E+03,  7.67638099308752E-01,  1.30500000000000E+00,  3.78701241294808E-01,  2.75950000000008E+02,  1.37991627763899E+04,  3.76527241662478E+04
 2.00783333300000E+03,  7.23988708636303E-01,  1.38250000000000E+00,  3.79685109129834E-01,  2.76130000000008E+02,  1.08739665241387E+04,  3.03121104573585E+04
 2.00791666700000E+03,  7.15166758035892E-01,  9.00000000000000E-01,  3.80660957699150E-01,  2.76310000000008E+02,  9.68526766054527E+03,  2.42836445166543E+04
 2.00800000000000E+03,  7.67848083927973E-01,  5.77500000000000E-01,  3.81628670678627E-01,  2.76490000000008E+02,  1.20574122403318E+04,  2.29376058349904E+04
 2.00808333300000E+03,  8.33693297018488E-01,  9.42500000000000E-01,  3.82588132910171E-01,  2.76670000000008E+02,  1.73587085572527E+04,  2.66082124961448E+04
 2.00816666700000E+03,  9.35164541254979E-01,  1.05250000000000E+00,  3.83539230425974E-01,  2.76850000000008E+02,  2.25871565685052E+04,  3.21462906647931E+04
 2.00825000000000E+03,  1.14560818886679E+00,  8.72500000000000E-01,  3.84481850472570E-01,  2.77030000000008E+02,  2.44327555076102E+04,  3.51888152254617E+04
 2.00833333300000E+03,  1.38086432436729E+00,  1.43750000000000E+00,  3.85415881534704E-01,  2.77210000000008E+02,  2.18660488326680E+04,  3.36398387340929E+04
 2.00841666700000E+03,  1.58986822365952E+00,  2.05500000000000E+00,  3.86341213358996E-01,  2.77390000000008E+02,  1.71960922082042E+04,  2.96832490019520E+04
 2.00850000000000E+03,  1.78199261223821E+00,  1.93750000000000E+00,  3.87257736977400E-01,  2.77570000000008E+02,  1.45905978548204E+04,  2.85534833699673E+04
 2.00858333300000E+03,  1.55426895962372E+00,  1.71500000000000E+00,  3.88165344730437E-01,  2.77750000000008E+02,  1.70200776297691E+04,  3.47160135891695E+04
 2.00866666700000E+03,  8.50984657713532E-01,  1.51250000000000E+00,  3.77986075843323E-01,  2.77930000000008E+02,  2.39197160963080E+04,  4.82055884565449E+04
 2.00875000000000E+03,  3.74968194550348E-01,  8.37500000000000E-01,  3.77306936512666E-01,  2.78110000000008E+02,  3.14280558081645E+04,  6.39385148472214E+04
 2.00883333300000E+03,  2.07815439903331E-01,  1.35000000000000E-01,  3.76626467778482E-01,  2.78290000000008E+02,  3.51179746349657E+04,  7.46977270584412E+04
 2.00891666700000E+03,  7.61903042189649E-02, -2.25000000000000E-01,  3.75944771491122E-01,  2.78470000000008E+02,  3.31835831392154E+04,  7.57590509609484E+04
 2.00900000000000E+03,  7.22859616694691E-03, -8.30000000000000E-01,  3.75261949679402E-01,  2.78650000000008E+02,  2.76530042302586E+04,  6.78823988418309E+04
 2.00908333300000E+03, -4.69589496978744E-02, -1.53750000000000E+00,  3.74578104532581E-01,  2.78830000000008E+02,  2.27167321976202E+04,  5.65996218122571E+04
 2.00916666700000E+03, -6.34728055268653E-02, -1.70750000000000E+00,  3.73893338382397E-01,  2.79010000000008E+02,  2.15130364328593E+04,  4.84533345901894E+04
 2.00925000000000E+03,  3.14553527242576E-02, -1.38000000000000E+00,  3.73207753685169E-01,  2.79190000000008E+02,  2.39018619588152E+04,  4.69793920060390E+04
 2.00933333300000E+03,  1.54069651596502E-01, -5.05000000000000E-01,  3.72521453003970E-01,  2.79370000000008E+02,  2.69278797700034E+04,  5.11862969900582E+04
 2.00941666700000E+03,  2.53689248957636E-01,  8.50000000000000E-01,  3.71834538990875E-01,  2.79550000000008E+02,  2.74903999884641E+04,  5.72197618705942E+04
 2.00950000000000E+03,  3.40048578453001E-01,  1.65250000000000E+00,  3.71147114369283E-01,  2.79730000000008E+02,  2.49724356061861E+04,  6.15265347098207E+04
 2.00958333300000E+03,  8.45908936907890E-01,  1.30250000000000E+00,  3.70459281916322E-01,  2.79910000000008E+02,  2.16676143406310E+04,  6.29993531538425E+04
 2.00966666700000E+03,  1.74253830701973E+00,  9.05000000000000E-01,  4.05980627244823E-01,  2.80090000000008E+02,  2.07029671528017E+04,  6.27924525012279E+04
 2.00975000000000E+03,  2.08686425111012E+00,  9.65000000000000E-01,  4.05464449543023E-01,  2.80270000000008E+02,  2.32506881855795E+04,  6.25634894098948E+04
 2.00983333300000E+03,  1.92987885552347E+00,  7.90000000000000E-01,  4.04942783265761E-01,  2.80450000000008E+02,  2.74157041202808E+04,  6.30330788714591E+04
 2.00991666700000E+03,  1.80498135240315E+00,  5.10000000000000E-01,  4.04415702717129E-01,  2.80630000000008E+02,  2.97776884028033E+04,  6.40912001918700E+04
 2.01000000000000E+03,  1.73933530960783E+00,  6.72500000000000E-01,  4.03883283190495E-01,  2.80810000000008E+02,  2.83186947201182E+04,  6.59699353242294E+04
 2.01008333300000E+03,  1.68508507298497E+00,  1.53000000000000E+00,  4.03345600952838E-01,  2.80990000000008E+02,  2.42574660201085E+04,  6.98899061870049E+04
 2.01016666700000E+03,  1.66516907132117E+00,  2.77000000000000E+00,  4.02802733228900E-01,  2.81170000000008E+02,  2.11738558155600E+04,  7.71272097290845E+04
 2.01025000000000E+03,  1.75339932569363E+00,  3.82000000000000E+00,  4.02254758185186E-01,  2.81350000000008E+02,  2.20586136575424E+04,  8.71471057544821E+04
 2.01033333300000E+03,  1.86606803312517E+00,  4.30500000000000E+00,  4.01701754913796E-01,  2.81530000000008E+02,  2.67048663532138E+04,  9.66960012324537E+04
 2.01041666700000E+03,  1.95254644514977E+00,  4.33750000000000E+00,  4.01143803416112E-01,  2.81710000000008E+02,  3.16614727859448E+04,  1.01244779824494E+05
 2.01050000000000E+03,  2.02262483351277E+00,  4.51000000000000E+00,  4.00580984586333E-01,  2.81890000000008E+02,  3.29054239623433E+04,  9.81824575795794E+04
 2.01058333300000E+03,  2.03627149455628E+00,  4.70250000000000E+00,  4.00013380194863E-01,  2.82070000000008E+02,  2.91291841976379E+04,  8.93451790045244E+04
 2.01066666700000E+03,  1.95809458017717E+00,  4.19500000000000E+00,  3.87453312780508E-01,  2.82250000000008E+02,  2.29522933140894E+04,  8.05346932146989E+04
 2.01075000000000E+03,  1.78462342595703E+00,  3.15500000000000E+00,  3.86696516842012E-01,  2.82430000000008E+02,  1.89842014566116E+04,  7.78389504588167E+04
 2.01083333300000E+03,  1.57478141352099E+00,  2.33000000000000E+00,  3.85932361513817E-01,  2.82610000000008E+02,  2.02094588467499E+04,  8.32060205852380E+04
 2.01091666700000E+03,  1.39656320096016E+00,  1.81000000000000E+00,  3.85160888529018E-01,  2.82790000000008E+02,  2.55717471854113E+04,  9.26525531353153E+04
 2.01100000000000E+03,  1.27734617373341E+00,  1.33000000000000E+00,  3.84382141034409E-01,  2.82970000000008E+02,  3.07301278531657E+04,  9.87620875819775E+04
 2.01108333300000E+03,  1.16950009166321E+00,  8.60000000000000E-01,  3.83596163583911E-01,  2.83150000000008E+02,  3.14453693218695E+04,  9.59277828519187E+04
 2.01116666700000E+03,  1.09619952520747E+00,  6.00000000000000E-01,  3.82803002131646E-01,  2.83330000000008E+02,  2.69414821916966E+04,  8.45850556525549E+04
 2.01125000000000E+03,  1.13150236040494E+00,  8.00000000000000E-01,  3.82002704024687E-01,  2.83510000000008E+02,  2.05835372435403E+04,  7.12639859641739E+04
 2.01133333300000E+03,  1.19195524182333E+00,  1.25750000000000E+00,  3.81195317995470E-01,  2.83690000000008E+02,  1.73286704214759E+04,  6.43195544847430E+04
 2.01141666700000E+03,  1.22719117575776E+00,  1.32500000000000E+00,  3.80380894153869E-01,  2.83870000000008E+02,  1.99481363470504E+04,  6.83823900970696E+04
 2.01150000000000E+03,  1.24726808794551E+00,  1.09500000000000E+00,  3.79559483978947E-01,  2.84050000000008E+02,  2.69564062566776E+04,  8.14711112259423E+04
 2.01158333300000E+03,  1.32256921466002E+00,  1.14750000000000E+00,  3.78731140310384E-01,  2.84230000000008E+02,  3.37939733938010E+04,  9.66536912404829E+04
 2.01166666700000E+03,  1.44160115666796E+00,  1.07000000000000E+00,  4.20223671784469E-01,  2.84410000000008E+02,  3.62410162361168E+04,  1.06770903600620E+05
 2.01175000000000E+03,  1.40430486588139E+00,  3.22500000000000E-01,  4.20142192841408E-01,  2.84590000000008E+02,  3.33565055005394E+04,  1.08654122743384E+05
 2.01183333300000E+03,  1.24575321315748E+00, -4.82500000000000E-01,  4.20062103667112E-01,  2.84770000000008E+02,  2.77470314226903E+04,  1.03998478631701E+05
 2.01191666700000E+03,  1.12023577529241E+00, -7.37500000000000E-01,  4.19983451999393E-01,  2.84950000000008E+02,  2.31815620116582E+04,  9.68458282409189E+04
 2.01200000000000E+03,  1.05500201101349E+00, -6.05000000000000E-01,  4.19906284362519E-01,  2.85130000000008E+02,  2.16422605302621E+04,  9.01650818171123E+04
 2.01208333300000E+03,  1.00228440929134E+00, -2.57500000000000E-01,  4.19830646062212E-01,  2.85310000000008E+02,  2.21792802931196E+04,  8.43168116045559E+04
 2.01216666700000E+03,  9.85111341364734E-01,  1.60000000000000E-01,  4.19756581180877E-01,  2.85490000000008E+02,  2.22870809346360E+04,  7.82124856651452E+04
 2.01225000000000E+03,  1.07738606699235E+00,  6.95000000000000E-01,  4.19684132573054E-01,  2.85670000000008E+02,  2.03921461048024E+04,  7.15551113445010E+04
 2.01233333300000E+03,  1.19549276505486E+00,  1.59000000000000E+00,  4.19613341861097E-01,  2.85850000000008E+02,  1.72221970347469E+04,  6.57712056213143E+04
 2.01241666700000E+03,  1.28889481176602E+00,  2.66750000000000E+00,  4.19544249431081E-01,  2.86030000000008E+02,  1.49416549277302E+04,  6.26942737267756E+04
 2.01250000000000E+03,  1.36747410003254E+00,  3.52250000000000E+00,  4.19476894428927E-01,  2.86210000000008E+02,  1.49636788890405E+04,  6.23524957184862E+04
 2.01258333300000E+03,  1.54295184715005E+00,  4.03250000000000E+00,  4.19411314756757E-01,  2.86390000000008E+02,  1.65141724350448E+04,  6.22347243023703E+04
 2.01266666700000E+03,  1.77963075916324E+00,  3.96250000000000E+00,  3.91503869167038E-01,  2.86570000000008E+02,  1.73264329027454E+04,  5.91746352126844E+04
 2.01275000000000E+03,  1.76986354371296E+00,  3.00250000000000E+00,  3.90788460647344E-01,  2.86750000000008E+02,  1.59036065932503E+04,  5.25320980110756E+04
 2.01283333300000E+03,  1.57192841501360E+00,  1.82250000000000E+00,  3.90065487738894E-01,  2.86930000000008E+02,  1.33011986925337E+04,  4.58502135811402E+04
 2.01291666700000E+03,  1.40530907866651E+00,  1.25750000000000E+00,  3.89334984253651E-01,  2.87110000000008E+02,  1.26798001224103E+04,  4.50844485337461E+04
 2.01300000000000E+03,  1.29732396447382E+00,  1.10000000000000E+00,  3.88596985447420E-01,  2.87290000000008E+02,  1.67621017433465E+04,  5.42523033837740E+04
 2.01308333300000E+03,  1.20028481710582E+00,  1.11000000000000E+00,  3.87851528015185E-01,  2.87470000000008E+02,  2.52184930272509E+04,  7.17087930419909E+04
 2.01316666700000E+03,  1.13730967063604E+00,  1.23750000000000E+00,  3.87098650086103E-01,  2.87650000000008E+02,  3.42609693819595E+04,  9.01632661896568E+04
 2.01325000000000E+03,  1.18240191370958E+00,  1.14750000000000E+00,  3.86338391218143E-01,  2.87830000000008E+02,  3.90413106471829E+04,  1.00889476218770E+05
 2.01333333300000E+03,  1.25205631007436E+00,  7.80000000000000E-01,  3.85570792392375E-01,  2.88010000000008E+02,  3.71547526383374E+04,  9.93407090045425E+04
 2.01341666700000E+03,  1.29585719351133E+00,  7.77500000000000E-01,  3.84795896006923E-01,  2.88190000000008E+02,  3.05339631718534E+04,  8.81319052335570E+04
 2.01350000000000E+03,  1.32381762582478E+00,  1.37000000000000E+00,  3.84013745870559E-01,  2.88370000000008E+02,  2.41686021722674E+04,  7.51595053401063E+04
 2.01358333300000E+03,  1.25014788093894E+00,  1.90250000000000E+00,  3.83224387195975E-01,  2.88550000000008E+02,  2.25332696527533E+04,  6.81719262537883E+04
 2.01366666700000E+03,  1.04282710939626E+00,  2.44750000000000E+00,  3.79160975967649E-01,  2.88730000000008E+02,  2.64068550155973E+04,  6.96797341944206E+04
 2.01375000000000E+03,  7.94009138895836E-01,  2.51250000000000E+00,  3.78329308724933E-01,  2.88910000000008E+02,  3.24735719075629E+04,  7.57533269135382E+04
 2.01383333300000E+03,  5.60246670775669E-01,  1.41750000000000E+00,  3.77490788787572E-01,  2.89090000000008E+02,  3.59383933069274E+04,  7.93142867317164E+04
 2.01391666700000E+03,  3.60855901243080E-01,  1.65000000000000E-01,  3.76645472333337E-01,  2.89270000000008E+02,  3.40839264245959E+04,  7.52807627743107E+04
 2.01400000000000E+03,  2.23356847776162E-01, -5.07500000000000E-01,  3.75793416868257E-01,  2.89450000000008E+02,  2.80571290805824E+04,  6.38156400418400E+04
 2.01408333300000E+03,  1.00250561209913E-01, -7.52500000000000E-01,  3.74934681216630E-01,  2.89630000000008E+02,  2.16600116972939E+04,  4.96399018666059E+04
 2.01416666700000E+03,  1.48301730073107E-02, -9.27500000000000E-01,  3.74069325510717E-01,  2.89810000000008E+02,  1.82885279157805E+04,  3.84121283931267E+04
 2.01425000000000E+03,  4.12580361171413E-02, -8.57500000000000E-01,  3.73197411180145E-01,  2.89990000000008E+02,  1.85156891968324E+04,  3.31410284295445E+04
 2.01433333300000E+03,  9.61698414917755E-02, -2.70000000000000E-01,  3.72319000941002E-01,  2.90170000000008E+02,  2.01277036262256E+04,  3.31207422468483E+04
 2.01441666700000E+03,  1.29270948604360E-01,  6.77500000000000E-01,  3.71434158784644E-01,  2.90350000000008E+02,  2.03464326560718E+04,  3.56044274927449E+04
 2.01450000000000E+03,  1.50673737860132E-01,  1.91500000000000E+00,  3.70542949966203E-01,  2.90530000000008E+02,  1.82440275145215E+04,  3.83423645862728E+04
 2.01458333300000E+03,  3.55607092796596E-01,  2.81750000000000E+00,  3.69645440992819E-01,  2.90710000000009E+02,  1.53512180717080E+04,  4.08261624786880E+04
 2.01466666700000E+03,  7.24269438712085E-01,  2.93500000000000E+00,  4.22707999982723E-01,  2.90890000000009E+02,  1.40901606995119E+04,  4.35851858079295E+04
 2.01475000000000E+03,  7.98079198980655E-01,  2.21500000000000E+00,  4.22800936419565E-01,  2.91070000000009E+02,  1.55044979140338E+04,  4.66895817220022E+04
 2.01483333300000E+03,  6.19282779710339E-01,  1.01500000000000E+00,  4.22893392359333E-01,  2.91250000000009E+02,  1.82790620786198E+04,  4.91414778563400E+04
 2.01491666700000E+03,  4.74755003986234E-01,  2.47500000000000E-01,  4.22985296786620E-01,  2.91430000000009E+02,  1.98624618649568E+04,  4.97521311007521E+04
 2.01500000000000E+03,  3.91783510097294E-01, -9.00000000000000E-02,  4.23076578123303E-01,  2.91610000000009E+02,  1.86792790507295E+04,  4.85274621587668E+04
 2.01508333300000E+03,  3.22633510989441E-01, -5.45000000000000E-01,  4.23167164244478E-01,  2.91790000000009E+02,  1.55032965341938E+04,  4.70166391137663E+04
 2.01516666700000E+03,  2.90360216671815E-01, -1.01500000000000E+00,  4.23256982494543E-01,  2.91970000000009E+02,  1.28084245538655E+04,  4.70433155409490E+04
 2.01525000000000E+03,  3.68887432996367E-01, -7.52500000000000E-01,  4.23345959703431E-01,  2.92150000000009E+02,  1.26545761500189E+04,  4.88386849206135E+04
 2.01533333300000E+03,  4.74613211271217E-01, -7.00000000000000E-02,  4.23434022202988E-01,  2.92330000000009E+02,  1.49130733457390E+04,  5.03332512712747E+04
 2.01541666700000E+03,  5.57007779238117E-01,  3.97500000000000E-01,  4.23521095843491E-01,  2.92510000000009E+02,  1.73439817369255E+04,  4.84972870825147E+04
 2.01550000000000E+03,  6.25952551420688E-01,  9.90000000000000E-01,  4.23607106010313E-01,  2.92690000000009E+02,  1.74705366632397E+04,  4.18425754997402E+04
 2.01558333300000E+03,  1.06789484620121E+00,  1.78750000000000E+00,  4.23691977640725E-01,  2.92870000000009E+02,  1.46835521947479E+04,  3.20558235188361E+04
 2.01566666700000E+03,  1.86443774324648E+00,  2.57500000000000E+00,  4.07519435396610E-01,  2.93050000000009E+02,  1.08164279014150E+04,  2.32783078237270E+04
 2.01575000000000E+03,  2.17546557929538E+00,  2.65500000000000E+00,  4.06952429759422E-01,  2.93230000000009E+02,  8.70473613980231E+03,  1.93982684096255E+04
 2.01583333300000E+03,  2.04127803748114E+00,  2.13250000000000E+00,  4.06378779026001E-01,  2.93410000000009E+02,  9.90847017786106E+03,  2.13650349701668E+04
 2.01591666700000E+03,  1.93830749814815E+00,  2.00500000000000E+00,  4.05798605865850E-01,  2.93590000000009E+02,  1.34501352795694E+04,  2.65869629031499E+04
 2.01600000000000E+03,  1.89364127414565E+00,  1.93000000000000E+00,  4.05212033611846E-01,  2.93770000000009E+02,  1.65719573216114E+04,  3.08678096219547E+04
 2.01608333300000E+03,  1.85935143301157E+00,  1.63750000000000E+00,  4.04619186234892E-01,  2.93950000000009E+02,  1.68705473931744E+04,  3.13726223964957E+04
 2.01616666700000E+03,  1.85830853007628E+00,  1.58250000000000E+00,  4.04020188318589E-01,  2.94130000000009E+02,  1.40881007623692E+04,  2.83821846365647E+04
 2.01625000000000E+03,  1.96426152929479E+00,  2.02500000000000E+00,  4.03415165033911E-01,  2.94310000000009E+02,  1.01800379207071E+04,  2.46455322589708E+04
 2.01633333300000E+03,  2.09344477653584E+00,  2.99500000000000E+00,  4.02804242113911E-01,  2.94490000000009E+02,  7.70549424200151E+03,  2.30556397170671E+04
 2.01641666700000E+03,  2.19517724650448E+00,  3.79500000000000E+00,  4.02187545828455E-01,  2.94670000000009E+02,  7.89727913534779E+03,  2.45730725316572E+04
 2.01650000000000E+03,  2.27920285049324E+00,  4.13500000000000E+00,  4.01565202958998E-01,  2.94850000000009E+02,  9.91517636837140E+03,  2.78966167209301E+04
 2.01658333300000E+03,  2.38040983523417E+00,  4.32000000000000E+00,  4.00937340773398E-01,  2.95030000000009E+02,  1.17291115468384E+04,  3.08140339790827E+04
 2.01666666700000E+03,  2.48464533955240E+00,  4.19250000000000E+00,  4.11232238504188E-01,  2.95210000000009E+02,  1.17593012385924E+04,  3.18573905541228E+04
 2.01675000000000E+03,  2.46019791446973E+00,  3.83250000000000E+00,  4.10784585936429E-01,  2.95390000000009E+02,  9.91044012573737E+03,  3.09062861253702E+04
 2.01683333300000E+03,  2.34548893155845E+00,  3.55250000000000E+00,  4.10329089844658E-01,  2.95570000000009E+02,  7.30235058614389E+03,  2.85686853710789E+04
 2.01691666700000E+03,  2.26238572918857E+00,  3.02500000000000E+00,  4.09865734587017E-01,  2.95750000000009E+02,  5.15873848918850E+03,  2.53391950527523E+04
 2.01700000000000E+03,  2.23793197503208E+00,  2.34000000000000E+00,  4.09394505909524E-01,  2.95930000000009E+02,  3.94342892207203E+03,  2.15889901697391E+04
 2.01708333300000E+03,  2.22415073246136E+00,  1.92500000000000E+00,  4.08915390953545E-01,  2.96110000000009E+02,  3.44011454424065E+03,  1.83728013641292E+04
 2.01716666700000E+03,  2.24385812689256E+00,  1.92000000000000E+00,  4.08428378262928E-01,  2.96290000000009E+02,  3.49515242105291E+03,  1.79330746304844E+04
 2.01725000000000E+03,  2.37074323651258E+00,  2.42750000000000E+00,  4.07933457790802E-01,  2.96470000000009E+02,  4.51470777449188E+03,  2.28077720842986E+04
 2.01733333300000E+03,  2.52097507496496E+00,  2.85750000000000E+00,  4.07430620906038E-01,  2.96650000000009E+02,  7.10037771993477E+03,  3.37348378821662E+04
 2.01741666700000E+03,  2.64380189083177E+00,  2.89000000000000E+00,  4.06919860399364E-01,  2.96830000000009E+02,  1.11266606303412E+04,  4.79784990294734E+04
 2.01750000000000E+03,  2.74889157364532E+00,  2.86500000000000E+00,  4.06401170489138E-01,  2.97010000000009E+02,  1.52260093564189E+04,  5.98682605203227E+04
 2.01758333300000E+03,  2.40160212137284E+00,  2.99000000000000E+00,  4.05874546826779E-01,  2.97190000000009E+02,  1.73912664330103E+04,  6.38295059738397E+04
 2.01766666700000E+03,  1.57929311389993E+00,  3.41750000000000E+00,  4.24693060921259E-01,  2.97370000000009E+02,  1.64077170713475E+04,  5.80807270775163E+04
 2.01775000000000E+03,  1.08121598878552E+00,  3.73000000000000E+00,  4.24627989459784E-01,  2.97550000000009E+02,  1.29703985170033E+04,  4.62492529284792E+04
 2.01783333300000E+03,  9.55257791369458E-01,  3.56250000000000E+00,  4.24560536789583E-01,  2.97730000000009E+02,  9.43984771701463E+03,  3.53815707701396E+04
 2.01791666700000E+03,  8.62833043291068E-01,  2.94250000000000E+00,  4.24490799767967E-01,  2.97910000000009E+02,  8.24396023182520E+03,  3.14389204594780E+04
 2.01800000000000E+03,  8.31066878857833E-01,  1.74000000000000E+00,  4.24418874600246E-01,  2.98090000000009E+02,  1.00907511206720E+04,  3.53827548836332E+04
 2.01808333300000E+03,  8.12062464837487E-01,  8.82500000000000E-01,  4.24344856822443E-01,  2.98270000000009E+02,  1.34153452482557E+04,  4.27089209531877E+04
 2.01816666700000E+03,  8.28714273611358E-01,  7.85000000000000E-01,  4.24268841284247E-01,  2.98450000000009E+02,  1.55642331009682E+04,  4.68395332802063E+04
 2.01825000000000E+03,  9.54787567265557E-01,  4.57500000000000E-01,  4.24190922132211E-01,  2.98630000000009E+02,  1.48355530979548E+04,  4.39370845051886E+04
 2.01833333300000E+03,  1.10652496114285E+00, -6.25000000000000E-02,  4.24111192793196E-01,  2.98810000000009E+02,  1.17821472865535E+04,  3.56449250887974E+04
 2.01841666700000E+03,  1.23324529371707E+00, -2.05000000000000E-01,  4.24029745958062E-01,  2.98990000000009E+02,  8.75194532941546E+03,  2.78110134006444E+04
 2.01850000000000E+03,  1.34468359373174E+00,  1.47500000000000E-01,  4.23946673565605E-01,  2.99170000000009E+02,  8.04348200735219E+03,  2.62313545576282E+04
 2.01858333300000E+03,  1.41345489402570E+00,  8.17500000000000E-01,  4.23862066786742E-01,  2.99350000000009E+02,  1.01519289531865E+04,  3.25840097118539E+04
 2.01866666700000E+03,  1.40991273467089E+00,  1.25750000000000E+00,  4.18406040509789E-01,  2.99530000000009E+02,  1.34792172423344E+04,  4.34368955049673E+04
 2.01875000000000E+03,  1.31123263126660E+00,  6.27500000000000E-01,  4.18408066011137E-01,  2.99710000000009E+02,  1.56765011943137E+04,  5.28234453485137E+04
 2.01883333300000E+03,  1.17106033105387E+00, -5.87500000000000E-01,  4.18412411498520E-01,  2.99890000000009E+02,  1.54797109507649E+04,  5.62906269801374E+04
 2.01891666700000E+03,  1.06443615963525E+00, -8.30000000000000E-01,  4.18419072831902E-01,  3.00070000000009E+02,  1.35574387641419E+04,  5.34743144188225E+04
 2.01900000000000E+03,  1.01852871258137E+00, -2.15000000000000E-01,  4.18428044630254E-01,  3.00250000000009E+02,  1.17637508249182E+04,  4.76304759844266E+04
 2.01908333300000E+03,  9.85485074572087E-01,  4.75000000000000E-01,  4.18439320275192E-01,  3.00430000000009E+02,  1.15159962754903E+04,  4.29032969805564E+04
 2.01916666700000E+03,  9.88243982434786E-01,  9.22500000000000E-01,  4.18452891914819E-01,  3.00610000000009E+02,  1.26860281640341E+04,  4.15769350100336E+04
 2.01925000000000E+03,  1.10061518919355E+00,  9.47500000000000E-01,  4.18468750467758E-01,  3.00790000000009E+02,  1.38761937340738E+04,  4.31568907028337E+04
 2.01933333300000E+03,  1.23888589718765E+00,  9.90000000000000E-01,  4.18486885627378E-01,  3.00970000000009E+02,  1.37351306966805E+04,  4.54435503439811E+04
 2.01941666700000E+03,  1.35241948766792E+00,  1.77500000000000E+00,  4.18507285866213E-01,  3.01150000000009E+02,  1.21116514021033E+04,  4.63006583821602E+04
 2.01950000000000E+03,  1.45099533748056E+00,  2.84750000000000E+00,  4.18529938440578E-01,  3.01330000000009E+02,  1.00630821651495E+04,  4.46888374614149E+04
 2.01958333300000E+03,  1.72410327460560E+00,  2.99250000000000E+00,  4.18554829395369E-01,  3.01510000000009E+02,  8.79584462568200E+03,  4.05728567765635E+04
 2.01966666700000E+03,  2.14819859250085E+00,  2.27500000000000E+00,  4.08593417319657E-01,  3.01690000000009E+02,  8.56447608343183E+03,  3.43976224851110E+04
 2.01975000000000E+03,  2.27243232918451E+00,  1.48750000000000E+00,  4.08155613331709E-01,  3.01870000000009E+02,  8.55474616698454E+03,  2.69671139696453E+04
 2.01983333300000E+03,  2.14348753668750E+00,  1.16500000000000E+00,  4.07715075545167E-01,  3.02050000000009E+02,  7.84243172466445E+03,  1.97711408659553E+04
 2.01991666700000E+03,  2.04669965164483E+00,  1.14500000000000E+00,  4.07271927658161E-01,  3.02230000000009E+02,  6.50001831362983E+03,  1.50173813480018E+04
 2.02000000000000E+03,  2.00920727057746E+00,  1.59000000000000E+00,  4.06826293151221E-01,  3.02410000000009E+02,  5.74935376135574E+03,  1.47370288545310E+04
 2.02008333300000E+03,  1.98313048195782E+00,  2.75000000000000E+00,  4.06378295265961E-01,  3.02590000000009E+02,  6.91228071593369E+03,  1.93117223821954E+04
 2.02016666700000E+03,  1.99138414240320E+00,  3.46250000000000E+00,  4.05928056983968E-01,  3.02770000000009E+02,  1.00502882670055E+04,  2.66583956385537E+04
 2.02025000000000E+03,  2.10775734320852E+00,  3.24000000000000E+00,  4.05475701005894E-01,  3.02950000000009E+02,  1.35767437190170E+04,  3.31192535125598E+04
 2.02033333300000E+03,  2.24851993433045E+00,  2.74250000000000E+00,  4.05021349730758E-01,  3.03130000000009E+02,  1.53628260798501E+04,  3.57992270444661E+04
 2.02041666700000E+03,  2.36302133329176E+00,  2.74250000000000E+00,  4.04565125235457E-01,  3.03310000000009E+02,  1.45461557630861E+04,  3.47268354291914E+04
 2.02050000000000E+03,  2.46103040879120E+00,  3.42500000000000E+00,  4.04107149254491E-01,  3.03490000000009E+02,  1.25208553501100E+04,  3.30512333282337E+04
 2.02058333300000E+03,  2.28012284534690E+00,  3.75500000000000E+00,  4.03647543159906E-01,  3.03670000000009E+02,  1.21293006067628E+04,  3.48531151458834E+04
 2.02066666700000E+03,  1.80399253418156E+00,  3.30250000000000E+00,  4.21527734021292E-01,  3.03850000000009E+02,  1.55141534104138E+04,  4.20367804210086E+04
 2.02075000000000E+03,  1.49368726279989E+00,  2.50000000000000E+00,  4.21235053055964E-01,  3.04030000000009E+02,  2.22560914803163E+04,  5.26282398852384E+04
 2.02083333300000E+03,  1.39032202793324E+00,  1.72500000000000E+00,  4.20932282069588E-01,  3.04210000000009E+02,  2.93184405672245E+04,  6.18368855444970E+04
 2.02091666700000E+03,  1.32089751837085E+00,  1.44500000000000E+00,  4.20619509162618E-01,  3.04390000000009E+02,  3.29662808900802E+04,  6.51458414624697E+04
 2.02100000000000E+03,  1.31251296522394E+00,  1.42000000000000E+00,  4.20296823872382E-01,  3.04570000000009E+02,  3.12837321101672E+04,  6.11467049736220E+04
 2.02108333300000E+03,  1.31724349539879E+00,  1.32500000000000E+00,  4.19964317151681E-01,  3.04750000000009E+02,  2.54230539464584E+04,  5.20891374922489E+04
 2.02116666700000E+03,  1.35795327511739E+00,  1.08000000000000E+00,  4.19622081347129E-01,  3.04930000000009E+02,  1.86889987342038E+04,  4.19592669253614E+04
 2.02125000000000E+03,  1.50837486644639E+00,  7.67500000000000E-01,  4.19270210177257E-01,  3.05110000000009E+02,  1.42184338609715E+04,  3.38037981600957E+04
 2.02133333300000E+03,  1.68471566554309E+00,  8.75000000000000E-01,  4.18908798710393E-01,  3.05290000000009E+02,  1.30362777891103E+04,  2.84182617885848E+04
 2.02141666700000E+03,  1.83625665256974E+00,  1.43000000000000E+00,  4.18537943342301E-01,  3.05470000000009E+02,  1.38639070363812E+04,  2.51470367777505E+04
 2.02150000000000E+03,  1.97269224451847E+00,  2.04000000000000E+00,  4.18157741773621E-01,  3.05650000000009E+02,  1.46028761938599E+04,  2.36433079726070E+04
 2.02158333300000E+03,  1.99966428583944E+00,  2.78750000000000E+00,  4.17768292987089E-01,  3.05830000000009E+02,  1.41272193467302E+04,  2.46867564154009E+04
 2.02166666700000E+03,  1.87480791637602E+00,  3.84750000000000E+00,  4.15082129911013E-01,  3.06010000000009E+02,  1.29231460890422E+04,  2.92012079591455E+04
 2.02175000000000E+03,  1.69650804113696E+00,  4.53250000000000E+00,  4.15493435694007E-01,  3.06190000000009E+02,  1.22217040425760E+04,  3.64878379513049E+04
 2.02183333300000E+03,  1.53120468471106E+00,  4.08250000000000E+00,  4.15894764229541E-01,  3.06370000000009E+02,  1.25865710912728E+04,  4.36483329730454E+04
 2.02191666700000E+03,  1.39979149295321E+00,  2.85250000000000E+00,  4.16286197780262E-01,  3.06550000000009E+02,  1.33187153304540E+04,  4.72448780031461E+04
 2.02200000000000E+03,  1.32950306241751E+00,  1.88250000000000E+00,  4.16667819722579E-01,  3.06730000000009E+02,  1.32170693159642E+04,  4.61483139771685E+04
 2.02208333300000E+03,  1.27254591002196E+00,  1.16500000000000E+00,  4.17039714522125E-01,  3.06910000000009E+02,  1.19477665599846E+04,  4.31196862526351E+04
 2.02216666700000E+03,  1.25191172597402E+00,  6.87500000000000E-01,  4.17401967709083E-01,  3.07090000000009E+02,  1.06750886023560E+04,  4.33500082869468E+04
 2.02225000000000E+03,  1.34145684893608E+00,  1.10000000000000E+00,  4.17754665853372E-01,  3.07270000000009E+02,  1.12375537136196E+04,  5.05937513959304E+04
 2.02233333300000E+03,  1.45750882857644E+00,  1.79000000000000E+00,  4.18097896539710E-01,  3.07450000000009E+02,  1.44729114302014E+04,  6.37390050385718E+04
 2.02241666700000E+03,  1.54946530302056E+00,  1.86000000000000E+00,  4.18431748342565E-01,  3.07630000000009E+02,  1.91457556995937E+04,  7.67139305656964E+04
 2.02250000000000E+03,  1.62713397924578E+00,  2.11000000000000E+00,  4.18756310800989E-01,  3.07810000000009E+02,  3.02194594714195E+04,  1.04563477058873E+05
 2.02258333300000E+03,  1.67038935064147E+00,  3.62000000000000E+00,  4.19071674393364E-01,  3.07990000000009E+02,  3.06452195762105E+04,  9.29763829768574E+04
