 1.88000000000000E+03,  1.04290612693417E+00,  8.70000000000000E-01, -2.81166311750417E-02,  1.00000000000000E-02,  5.92525496259747E+04,  8.12126932928960E+04
 1.88008333300000E+03,  9.36640767865375E-01,  5.42500000000000E-01, -2.83201283011722E-02,  1.90000000000000E-01,  1.51840444016198E+05,  2.25069660640818E+05
 1.88016666700000E+03,  7.31584438466033E-01,  4.70000000000000E-01, -1.01732967983784E-01,  3.70000000000000E-01,  5.03387179593558E+05,  7.68216360340472E+05
 1.88025000000000E+03,  6.61761678829199E-01, -2.07500000000000E-01, -1.01591473565134E-01,  5.50000000000000E-01,  8.02062571501656E+05,  1.22737246835246E+06
 1.88033333300000E+03,  7.28240622815075E-01, -7.15000000000000E-01, -1.01449914777336E-01,  7.30000000000000E-01,  1.14555915323639E+06,  1.75211569980187E+06
 1.88041666700000E+03,  8.07203168151856E-01, -5.00000000000000E-03, -1.01308291697908E-01,  9.10000000000000E-01,  1.47826271349265E+06,  2.25503005423140E+06
 1.88050000000000E+03,  8.70732673200086E-01,  9.25000000000000E-01, -1.01166604404451E-01,  1.09000000000000E+00,  1.74707283471845E+06,  2.65352401928325E+06
 1.88058333300000E+03,  8.95229939149561E-01,  1.55000000000000E+00, -1.01024852974659E-01,  1.27000000000000E+00,  1.91009772883298E+06,  2.88374611192907E+06
 1.88066666700000E+03,  8.59266476500067E-01,  2.21000000000000E+00, -1.00883037486311E-01,  1.45000000000000E+00,  1.94320190319713E+06,  2.91086985597776E+06
 1.88075000000000E+03,  7.64447920532343E-01,  2.26250000000000E+00, -1.00741158017275E-01,  1.63000000000000E+00,  1.84331387546530E+06,  2.73398631144336E+06
 1.88083333300000E+03,  6.67417753309407E-01,  1.20750000000000E+00, -1.00599214645505E-01,  1.81000000000000E+00,  1.62801694190450E+06,  2.38488117086202E+06
 1.88091666700000E+03,  7.25433593071107E-01,  4.75000000000000E-01, -1.00457207449042E-01,  1.99000000000000E+00,  1.33163381529877E+06,  1.92112406148044E+06
 1.88100000000000E+03,  9.38617880280415E-01,  1.05000000000000E+00, -1.00315136506017E-01,  2.17000000000000E+00,  9.98643649767479E+05,  1.41493622005483E+06
 1.88108333300000E+03,  9.95409665875007E-01,  1.62250000000000E+00, -1.00173001894646E-01,  2.35000000000000E+00,  6.75720355029435E+05,  9.40032218261539E+05
 1.88116666700000E+03,  8.89263472998338E-01,  1.92000000000000E+00, -1.04350355735743E-01,  2.53000000000000E+00,  4.03874549946952E+05,  5.58920394614817E+05
 1.88125000000000E+03,  8.82542985842309E-01,  1.97500000000000E+00, -1.04210071391873E-01,  2.71000000000000E+00,  2.12090599803438E+05,  3.12953527888206E+05
 1.88133333300000E+03,  9.79314498118522E-01,  1.53250000000000E+00, -1.04069721254574E-01,  2.89000000000000E+00,  1.13503535440265E+05,  2.16800327624139E+05
 1.88141666700000E+03,  1.09413421824313E+00,  1.01500000000000E+00, -1.03929305399714E-01,  3.07000000000000E+00,  1.04635418373475E+05,  2.58096023944276E+05
 1.88150000000000E+03,  1.18667386124464E+00,  5.62500000000000E-01, -1.03788823903250E-01,  3.25000000000000E+00,  1.67615628032112E+05,  4.02015664544547E+05
 1.88158333300000E+03,  1.22284208833950E+00,  2.97500000000000E-01, -1.03648276841228E-01,  3.43000000000000E+00,  2.74762206201183E+05,  5.99598571366121E+05
 1.88166666700000E+03,  1.17168334995375E+00, -6.50000000000000E-02, -1.03507664289783E-01,  3.61000000000000E+00,  3.94504601686578E+05,  7.98010760982915E+05
 1.88175000000000E+03,  1.03551703526841E+00, -1.05500000000000E+00, -1.03366986325141E-01,  3.79000000000000E+00,  4.97450148250916E+05,  9.50676256073874E+05
 1.88183333300000E+03,  8.96169834200721E-01, -1.82500000000000E+00, -1.03226243023615E-01,  3.97000000000000E+00,  5.61459058697737E+05,  1.02536859422069E+06
 1.88191666700000E+03,  8.13361639671745E-01, -1.45500000000000E+00, -1.03085434461609E-01,  4.15000000000000E+00,  5.74868693857594E+05,  1.00887652512042E+06
 1.88200000000000E+03,  7.86858811257092E-01, -1.02750000000000E+00, -1.02944560715615E-01,  4.33000000000000E+00,  5.37429710671898E+05,  9.07619170783263E+05
 1.88208333300000E+03,  5.94869382897984E-01, -7.90000000000000E-01, -1.02803621862214E-01,  4.51000000000000E+00,  4.58991815359324E+05,  7.44420665041727E+05
 1.88216666700000E+03,  2.22322064182583E-01, -6.20000000000000E-01, -6.82335067722528E-02,  4.69000000000000E+00,  3.56407793452391E+05,  5.52391496550804E+05
 1.88225000000000E+03,  8.35186846471228E-02, -9.37500000000000E-01, -6.84045578414419E-02,  4.87000000000000E+00,  2.49428968622391E+05,  3.67361774874352E+05
 1.88233333300000E+03,  1.83276676091543E-01, -8.60000000000000E-01, -6.85754592335001E-02,  5.05000000000000E+00,  1.56491950855399E+05,  2.20485516748338E+05
 1.88241666700000E+03,  3.01193105916848E-01, -6.25000000000000E-02, -6.87462109896844E-02,  5.23000000000000E+00,  9.12336951741891E+04,  1.32471047595671E+05
 1.88250000000000E+03,  3.96938719999713E-01,  5.90000000000000E-01, -6.89168131515256E-02,  5.41000000000000E+00,  6.03471265686767E+04,  1.10446989764606E+05
 1.88258333300000E+03,  4.36421201058771E-01,  7.17500000000000E-01, -6.90872657608260E-02,  5.59000000000000E+00,  6.30616057108740E+04,  1.47856686523541E+05
 1.88266666700000E+03,  3.88684011726101E-01,  4.60000000000000E-01, -6.92575688596590E-02,  5.77000000000000E+00,  9.21768277094383E+04,  2.27125088814167E+05
 1.88275000000000E+03,  2.56045544140302E-01,  1.82500000000000E-01, -6.94277224903684E-02,  5.95000000000000E+00,  1.36270778156647E+05,  3.24297415335067E+05
 1.88283333300000E+03,  1.20331482728913E-01,  1.95000000000000E-01, -6.95977266955667E-02,  6.13000000000000E+00,  1.82501650945303E+05,  4.14513669131694E+05
 1.88291666700000E+03,  4.12607065177438E-02,  1.22500000000000E-01, -6.97675815181345E-02,  6.31000000000000E+00,  2.19362442863940E+05,  4.77111559117218E+05
 1.88300000000000E+03,  1.85985528210908E-02, -4.82500000000000E-01, -6.99372870012195E-02,  6.49000000000000E+00,  2.38825513913150E+05,  4.99337356744976E+05
 1.88308333300000E+03,  9.42815890881364E-02, -1.19750000000000E+00, -7.01068431882349E-02,  6.67000000000000E+00,  2.37503317361414E+05,  4.78030121864241E+05
 1.88316666700000E+03,  2.52433864390999E-01, -9.80000000000000E-01, -8.38131459297245E-02,  6.85000000000000E+00,  2.16700288632948E+05,  4.19131873963369E+05
 1.88325000000000E+03,  3.79045881198840E-01, -3.50000000000000E-02, -8.39702043004414E-02,  7.03000000000000E+00,  1.81480562509960E+05,  3.35352426272833E+05
 1.88333333300000E+03,  4.79642986195348E-01,  2.87500000000000E-01, -8.41271179942260E-02,  7.21000000000000E+00,  1.39072769922988E+05,  2.42681169538419E+05
 1.88341666700000E+03,  5.98308073449608E-01, -4.75000000000000E-02, -8.42838870739890E-02,  7.39000000000000E+00,  9.70390351667368E+04,  1.56619508833200E+05
 1.88350000000000E+03,  6.94712482589497E-01, -1.20000000000000E-01, -8.44405116028265E-02,  7.57000000000000E+00,  6.16361570218747E+04,  8.89823110595994E+04
 1.88358333300000E+03,  7.34764510229595E-01, -1.17500000000000E-01, -8.45969916440194E-02,  7.75000000000000E+00,  3.67030791132531E+04,  4.59072508477986E+04
 1.88366666700000E+03,  6.87508252481801E-01, -5.62500000000000E-01, -8.47533272610325E-02,  7.93000000000000E+00,  2.32506237038005E+04,  2.73789350385278E+04
 1.88375000000000E+03,  5.55262753984378E-01, -6.77500000000000E-01, -8.49095185175135E-02,  8.11000000000000E+00,  1.97492319221616E+04,  2.82042716207368E+04
 1.88383333300000E+03,  4.19854370874259E-01,  1.55000000000000E-01, -8.50655654772927E-02,  8.29000000000000E+00,  2.29513970532574E+04,  4.00530329996229E+04
 1.88391666700000E+03,  3.41002672527733E-01,  8.72500000000000E-01, -8.52214682043818E-02,  8.47000000000000E+00,  2.89820040672951E+04,  5.39718895091140E+04
 1.88400000000000E+03,  3.18473704679066E-01,  2.77500000000000E-01, -8.53772267629728E-02,  8.65000000000000E+00,  3.44002567698389E+04,  6.27285839558544E+04
 1.88408333300000E+03,  3.52476464319880E-01, -7.67500000000000E-01, -8.55328412174380E-02,  8.82999999999999E+00,  3.69806793302125E+04,  6.24446521319253E+04
 1.88416666700000E+03,  4.26638327103577E-01, -9.17500000000000E-01, -1.12852116629113E-01,  9.00999999999999E+00,  3.60599887542440E+04,  5.31942907889005E+04
 1.88425000000000E+03,  5.09936154283384E-01, -5.62500000000000E-01, -1.12716022628276E-01,  9.18999999999999E+00,  3.24220440099951E+04,  3.85232862125800E+04
 1.88433333300000E+03,  6.08446242614307E-01,  8.75000000000000E-02, -1.12579858341691E-01,  9.36999999999999E+00,  2.78115822706850E+04,  2.41061537934335E+04
 1.88441666700000E+03,  7.25047551350817E-01,  6.30000000000000E-01, -1.12443623839558E-01,  9.54999999999999E+00,  2.42506906803611E+04,  1.59504546229900E+04
 1.88450000000000E+03,  8.19411849717424E-01,  3.12500000000000E-01, -1.12307319192174E-01,  9.72999999999999E+00,  2.33627280395528E+04,  1.86349571728555E+04
 1.88458333300000E+03,  8.57447850882144E-01, -3.50000000000000E-01, -1.12170944469926E-01,  9.90999999999999E+00,  2.58839909088631E+04,  3.40227554275807E+04
 1.88466666700000E+03,  8.08200054113588E-01, -9.87500000000000E-01, -1.12034499743300E-01,  1.00900000000000E+01,  3.14751363349589E+04,  6.07415041477526E+04
 1.88475000000000E+03,  6.73987893461451E-01, -1.79750000000000E+00, -1.11897985082872E-01,  1.02700000000000E+01,  3.88536966826378E+04,  9.45138070714551E+04
 1.88483333300000E+03,  5.36638101140972E-01, -2.19250000000000E+00, -1.11761400559316E-01,  1.04500000000000E+01,  4.61814008259179E+04,  1.29206266339194E+05
 1.88491666700000E+03,  4.55870608934886E-01, -1.42750000000000E+00, -1.11624746243397E-01,  1.06300000000000E+01,  5.15781154733456E+04,  1.58298226683922E+05
 1.88500000000000E+03,  4.31451810978327E-01, -3.42500000000000E-01, -1.11488022205974E-01,  1.08100000000000E+01,  5.36122800586279E+04,  1.76388452601715E+05
 1.88508333300000E+03,  5.01963697994117E-01,  1.35000000000000E-01, -1.11351228518004E-01,  1.09900000000000E+01,  5.16383900314215E+04,  1.80374428920922E+05
 1.88516666700000E+03,  6.50567229582607E-01, -5.20000000000000E-01, -9.35749034271336E-02,  1.11700000000000E+01,  4.59064835928241E+04,  1.70043999025279E+05
 1.88525000000000E+03,  7.69005985102129E-01, -1.58250000000000E+00, -9.37228375182634E-02,  1.13500000000000E+01,  3.74392634798848E+04,  1.47980813926304E+05
 1.88533333300000E+03,  8.63780425168891E-01, -1.61250000000000E+00, -9.38706312996020E-02,  1.15300000000000E+01,  2.77385806092191E+04,  1.18859613993148E+05
 1.88541666700000E+03,  9.76588260088231E-01, -9.60000000000000E-01, -9.40182848443750E-02,  1.17100000000000E+01,  1.84260552938897E+04,  8.83502203819302E+04
 1.88550000000000E+03,  1.06710235144259E+00,  7.50000000000006E-03, -9.41657982259458E-02,  1.18900000000000E+01,  1.09314900031625E+04,  6.19263866513578E+04
 1.88558333300000E+03,  1.10123251230180E+00,  7.67500000000000E-01, -9.43131715178144E-02,  1.20700000000000E+01,  6.31646328805019E+03,  4.38720226080955E+04
 1.88566666700000E+03,  1.04802434889512E+00,  7.12500000000000E-01, -9.44604047936170E-02,  1.22500000000000E+01,  5.26825500520181E+03,  3.66989322426874E+04
 1.88575000000000E+03,  9.09798408806739E-01,  4.55000000000000E-01, -9.46074981271253E-02,  1.24300000000000E+01,  8.23756978486038E+03,  4.10621998660101E+04
 1.88583333300000E+03,  7.68382544631681E-01,  4.05000000000000E-01, -9.47544515922454E-02,  1.26100000000000E+01,  1.56415402934319E+04,  5.61184356954429E+04
 1.88591666700000E+03,  6.83497814893078E-01,  7.07500000000000E-01, -9.49012652630178E-02,  1.27900000000000E+01,  2.80275165188264E+04,  8.01566279728433E+04
 1.88600000000000E+03,  6.54911746342376E-01,  1.23750000000000E+00, -9.50479392136164E-02,  1.29700000000000E+01,  4.61020038564916E+04,  1.11271310362849E+05
 1.88608333300000E+03,  6.66695655652146E-01,  1.60250000000000E+00, -9.51944735183473E-02,  1.31500000000000E+01,  7.05715030496623E+04,  1.47857119791463E+05
 1.88616666700000E+03,  7.03726573403675E-01,  1.93750000000000E+00, -8.62507009675015E-02,  1.33300000000000E+01,  1.01806633886311E+05,  1.88777346102086E+05
 1.88625000000000E+03,  7.68489088306359E-01,  2.26750000000000E+00, -8.64055060297301E-02,  1.35100000000000E+01,  1.39409375646218E+05,  2.33174132721058E+05
 1.88633333300000E+03,  8.65772136356435E-01,  2.38500000000000E+00, -8.65601674187899E-02,  1.36900000000000E+01,  1.81814898950679E+05,  2.80010913291853E+05
 1.88641666700000E+03,  9.81048053547147E-01,  2.40250000000000E+00, -8.67146852003986E-02,  1.38700000000000E+01,  2.26077119536444E+05,  3.27532916033021E+05
 1.88650000000000E+03,  1.07398940189422E+00,  2.08250000000000E+00, -8.68690594404464E-02,  1.40500000000000E+01,  2.67962001605910E+05,  3.72871269202957E+05
 1.88658333300000E+03,  1.11050570875126E+00,  1.12750000000000E+00, -8.70232902049962E-02,  1.42300000000000E+01,  3.02407302438745E+05,  4.11987715689013E+05
 1.88666666700000E+03,  1.05964230822456E+00,  3.12500000000000E-01, -8.71773775602820E-02,  1.44100000000000E+01,  3.24315717581855E+05,  4.40066208929893E+05
 1.88675000000000E+03,  9.23719489107514E-01,  6.50000000000000E-02, -8.73313215727091E-02,  1.45900000000000E+01,  3.29552426811012E+05,  4.52328050535128E+05
 1.88683333300000E+03,  7.84564859028662E-01,  2.25000000000000E-02, -8.74851223088518E-02,  1.47700000000000E+01,  3.15943045917906E+05,  4.45113461475038E+05
 1.88691666700000E+03,  7.01899245101088E-01, -1.92500000000000E-01, -8.76387798354545E-02,  1.49500000000000E+01,  2.84035797215007E+05,  4.16971672688541E+05
 1.88700000000000E+03,  6.75489955951269E-01, -5.70000000000000E-01, -8.77922942194292E-02,  1.51300000000000E+01,  2.37414958971883E+05,  3.69463538972077E+05
 1.88708333300000E+03,  6.53177392787119E-01, -5.45000000000000E-01, -8.79456655278559E-02,  1.53100000000000E+01,  1.82430950497657E+05,  3.07419686754223E+05
 1.88716666700000E+03,  6.19533340184138E-01, -3.02500000000000E-01, -1.06475819115921E-01,  1.54900000000000E+01,  1.27331588312302E+05,  2.38508024294515E+05
 1.88725000000000E+03,  6.49223479488543E-01, -7.75000000000000E-02, -1.06336544732408E-01,  1.56700000000000E+01,  8.09138098110505E+04,  1.72122841790062E+05
 1.88733333300000E+03,  7.47391296056865E-01,  8.10000000000000E-01, -1.06197203412673E-01,  1.58500000000000E+01,  5.09345987110833E+04,  1.17776064582705E+05
 1.88741666700000E+03,  8.63607770719406E-01,  2.25750000000000E+00, -1.06057795231212E-01,  1.60300000000000E+01,  4.25946266578739E+04,  8.33075226818899E+04
 1.88750000000000E+03,  9.57544706680798E-01,  2.95250000000000E+00, -1.05918320262610E-01,  1.62100000000000E+01,  5.74176266240159E+04,  7.32994903304366E+04
 1.88758333300000E+03,  9.95110857897249E-01,  2.46250000000000E+00, -1.05778778581545E-01,  1.63900000000000E+01,  9.27862092971706E+04,  8.80606486045219E+04
 1.88766666700000E+03,  9.45350770492859E-01,  2.10000000000000E+00, -1.05639170262783E-01,  1.65700000000000E+01,  1.42270547359827E+05,  1.23436391497950E+05
 1.88775000000000E+03,  8.10583930698751E-01,  2.26250000000000E+00, -1.05499495381183E-01,  1.67500000000000E+01,  1.96724736343568E+05,  1.71527961711291E+05
 1.88783333300000E+03,  6.72637129764295E-01,  2.20000000000000E+00, -1.05359754011692E-01,  1.69300000000000E+01,  2.45961099795711E+05,  2.22201110914360E+05
 1.88791666700000E+03,  5.91230364616508E-01,  2.19750000000000E+00, -1.05219946229351E-01,  1.71100000000000E+01,  2.80681849697516E+05,  2.65082671818384E+05
 1.88800000000000E+03,  5.66130099901859E-01,  2.30250000000000E+00, -1.05080072109288E-01,  1.72900000000000E+01,  2.94280821808842E+05,  2.91624348644659E+05
 1.88808333300000E+03,  6.05436559600718E-01,  2.33000000000000E+00, -1.04940131726722E-01,  1.74700000000000E+01,  2.84142644137747E+05,  2.96787199919151E+05
 1.88816666700000E+03,  6.92272894719747E-01,  2.26750000000000E+00, -9.57495512831635E-02,  1.76500000000000E+01,  2.52162168916939E+05,  2.79976435589200E+05
 1.88825000000000E+03,  7.79316312943982E-01,  1.83750000000000E+00, -9.58954167845556E-02,  1.78300000000000E+01,  2.04364732637714E+05,  2.45019099240620E+05
 1.88833333300000E+03,  8.73120756683656E-01,  1.84750000000000E+00, -9.60411430733926E-02,  1.80100000000000E+01,  1.49694863101784E+05,  1.99190911602174E+05
 1.88841666700000E+03,  9.84947849977101E-01,  2.31250000000000E+00, -9.61867302248651E-02,  1.81900000000000E+01,  9.82171828077447E+04,  1.51514203359633E+05
 1.88850000000000E+03,  1.07447058515223E+00,  2.19250000000000E+00, -9.63321783142913E-02,  1.83700000000000E+01,  5.90997965656082E+04,  1.10716190389357E+05
 1.88858333300000E+03,  1.10759890695970E+00,  1.83750000000000E+00, -9.64774874171160E-02,  1.85500000000000E+01,  3.87990016763771E+04,  8.33159744642795E+04
 1.88866666700000E+03,  1.05337855349577E+00,  2.01500000000000E+00, -9.66226576089103E-02,  1.87300000000000E+01,  3.98231203586706E+04,  7.22797396050787E+04
 1.88875000000000E+03,  9.14130203648798E-01,  2.23250000000000E+00, -9.67676889653709E-02,  1.89100000000000E+01,  6.03306556543247E+04,  7.65518730529202E+04
 1.88883333300000E+03,  7.71681842275116E-01,  1.74250000000000E+00, -9.69125815623191E-02,  1.90900000000000E+01,  9.46399247158759E+04,  9.15646446633290E+04
 1.88891666700000E+03,  6.85754660367895E-01,  1.57500000000000E+00, -9.70573354757007E-02,  1.92700000000000E+01,  1.34532386302255E+05,  1.10597816555566E+05
 1.88900000000000E+03,  6.56116316609171E-01,  2.25500000000000E+00, -9.72019507815850E-02,  1.94500000000000E+01,  1.71062575428470E+05,  1.26656195961916E+05
 1.88908333300000E+03,  5.32327049963865E-01,  2.87000000000000E+00, -9.73464275561638E-02,  1.96300000000000E+01,  1.96480933258317E+05,  1.34406021723148E+05
 1.88916666700000E+03,  2.95625164635604E-01,  3.21500000000000E+00, -4.53113530159172E-02,  1.98100000000000E+01,  2.05855172610044E+05,  1.31691326842619E+05
 1.88925000000000E+03,  2.13925527108404E-01,  3.31000000000000E+00, -4.55016173294403E-02,  1.99900000000000E+01,  1.98045473545713E+05,  1.20245404514289E+05
 1.88933333300000E+03,  2.95749853218566E-01,  3.04750000000000E+00, -4.56917293363638E-02,  2.01700000000000E+01,  1.75833122537408E+05,  1.05399928247407E+05
 1.88941666700000E+03,  3.95746690230938E-01,  2.23500000000000E+00, -4.58816890340084E-02,  2.03500000000000E+01,  1.45189079171022E+05,  9.48325424362874E+04
 1.88950000000000E+03,  4.73591155077960E-01,  1.31250000000000E+00, -4.60714964201209E-02,  2.05300000000000E+01,  1.13856965869624E+05,  9.66275912383055E+04
 1.88958333300000E+03,  4.95195273061044E-01,  1.05250000000000E+00, -4.62611514928721E-02,  2.07100000000000E+01,  8.95726782030951E+04,  1.17098910945510E+05
 1.88966666700000E+03,  4.29606818245869E-01,  1.14000000000000E+00, -4.64506542508559E-02,  2.08900000000000E+01,  7.83179602630258E+04,  1.58896067665089E+05
 1.88975000000000E+03,  2.79148460394891E-01,  1.34500000000000E+00, -4.66400046930878E-02,  2.10700000000000E+01,  8.29919881450663E+04,  2.19866892302952E+05
 1.88983333300000E+03,  1.25650130399420E-01,  1.40000000000000E+00, -4.68292028190037E-02,  2.12500000000000E+01,  1.02787158660714E+05,  2.92988305825934E+05
 1.88991666700000E+03,  2.88349199617480E-02,  9.02500000000000E-01, -4.70182486284578E-02,  2.14300000000000E+01,  1.33395569581695E+05,  3.67439154527284E+05
 1.89000000000000E+03, -1.15276573260552E-02,  4.42500000000000E-01, -4.72071421217225E-02,  2.16100000000000E+01,  1.67987323022647E+05,  4.30626563658105E+05
 1.89008333300000E+03, -1.53744423117468E-01,  1.77500000000000E-01, -4.73958832994857E-02,  2.17900000000000E+01,  1.98732307461122E+05,  4.70751116345270E+05
 1.89016666700000E+03, -4.12631618914480E-01, -4.17500000000000E-01, -5.85964656191690E-02,  2.19700000000000E+01,  2.18520977392925E+05,  4.79358663979744E+05
 1.89025000000000E+03, -5.00603249434740E-01, -1.11000000000000E+00, -5.87758020338444E-02,  2.21500000000000E+01,  2.22501892533601E+05,  4.53310994682902E+05
 1.89033333300000E+03, -4.13104587229065E-01, -1.25000000000000E+00, -5.89549869545003E-02,  2.23300000000000E+01,  2.09101546233601E+05,  3.95719811888442E+05
 1.89041666700000E+03, -3.07312823271058E-01, -1.39000000000000E+00, -5.91340204057098E-02,  2.25100000000000E+01,  1.80313182724078E+05,  3.15605381641218E+05
 1.89050000000000E+03, -2.23554951850590E-01, -2.15500000000000E+00, -5.93129024123802E-02,  2.26900000000000E+01,  1.41207480315272E+05,  2.26315620375427E+05
 1.89058333300000E+03, -1.95921072719194E-01, -2.66250000000000E+00, -5.94916329997511E-02,  2.28700000000000E+01,  9.87911352662034E+04,  1.43012584794489E+05
 1.89066666700000E+03, -2.55365550281807E-01, -2.13000000000000E+00, -5.96702121933943E-02,  2.30500000000000E+01,  6.04805910642553E+04,  7.97406714264935E+04
 1.89075000000000E+03, -3.99567866253743E-01, -1.61500000000000E+00, -5.98486400192114E-02,  2.32300000000000E+01,  3.25364074943558E+04,  4.66875503849828E+04
 1.89083333300000E+03, -5.46700253065063E-01, -2.05750000000000E+00, -6.00269165034336E-02,  2.34100000000000E+01,  1.88028446599285E+04,  4.82126495603238E+04
 1.89091666700000E+03, -6.37041793773879E-01, -2.48000000000000E+00, -6.02050416726199E-02,  2.35900000000000E+01,  2.00191633676495E+04,  8.20562037174864E+04
 1.89100000000000E+03, -6.70825160585771E-01, -2.08250000000000E+00, -6.03830155536564E-02,  2.37700000000000E+01,  3.38333664484231E+04,  1.39889887043370E+05
 1.89108333300000E+03, -4.45297764440962E-01, -7.97500000000000E-01, -6.05608381737547E-02,  2.39500000000000E+01,  5.54877628961250E+04,  2.09083407077162E+05
 1.89116666700000E+03,  2.38229972501024E-02,  5.70000000000000E-01, -9.91609628429453E-02,  2.41300000000000E+01,  7.89960790881988E+04,  2.75303373788633E+05
 1.89125000000000E+03,  3.01925945021993E-01,  1.31750000000000E+00, -9.93035574712943E-02,  2.43100000000000E+01,  9.85276182765582E+04,  3.25387958589266E+05
 1.89133333300000E+03,  3.94351140504119E-01,  1.70750000000000E+00, -9.91609726071924E-02,  2.44900000000000E+01,  1.09677765051231E+05,  3.49890778699327E+05
 1.89141666700000E+03,  5.04941990157442E-01,  2.00250000000000E+00, -9.93035672261345E-02,  2.46700000000000E+01,  1.10342400059728E+05,  3.44769982664969E+05
 1.89150000000000E+03,  5.93371014089393E-01,  2.00750000000000E+00, -9.91609823663485E-02,  2.48500000000000E+01,  1.01015695078993E+05,  3.11893955234365E+05
 1.89158333300000E+03,  6.25547661064014E-01,  1.26250000000000E+00, -9.93035769758887E-02,  2.50300000000000E+01,  8.44710217813666E+04,  2.58298705035305E+05
 1.89166666700000E+03,  5.70517148966277E-01,  4.87500000000000E-01, -9.91609921204164E-02,  2.52100000000000E+01,  6.49297519253113E+04,  1.94404417022648E+05
 1.89175000000000E+03,  4.30599611788423E-01, -3.15000000000000E-01, -9.93035867205595E-02,  2.53900000000000E+01,  4.69386347666132E+04,  1.31619190809434E+05
 1.89183333300000E+03,  2.87622466620878E-01, -9.47500000000000E-01, -9.91610018693984E-02,  2.55700000000000E+01,  3.42368536268883E+04,  7.98784444605809E+04
 1.89191666700000E+03,  2.01306313365585E-01, -2.15000000000000E-01, -9.93035964601496E-02,  2.57500000000000E+01,  2.88860021109601E+04,  4.56638245772461E+04
 1.89200000000000E+03,  1.71418195838608E-01,  7.95000000000000E-01, -9.91610116132977E-02,  2.59300000000000E+01,  3.08636077887766E+04,  3.09192702731774E+04
 1.89208333300000E+03,  5.15244941979234E-02,  1.14000000000000E+00, -9.93036061946616E-02,  2.61100000000000E+01,  3.82021882461147E+04,  3.30650702591296E+04
 1.89216666700000E+03, -1.73413115171093E-01,  9.30000000000000E-01, -6.35029438281250E-02,  2.62900000000000E+01,  4.76204044253037E+04,  4.60542872688706E+04
 1.89225000000000E+03, -2.40282656855550E-01,  7.50000000000001E-02, -6.36780984555829E-02,  2.64700000000000E+01,  5.54733956021818E+04,  6.21789276713884E+04
 1.89233333300000E+03, -1.44332266630321E-01, -8.62500000000000E-01, -6.38531023885167E-02,  2.66500000000000E+01,  5.87742319521106E+04,  7.41694179746110E+04
 1.89241666700000E+03, -3.01652927289177E-02, -1.54750000000000E+00, -6.40279556603134E-02,  2.68300000000000E+01,  5.60250057106959E+04,  7.70764236956962E+04
 1.89250000000000E+03,  6.18896858607726E-02, -1.75500000000000E+00, -6.42026583046623E-02,  2.70100000000000E+01,  4.76468168605922E+04,  6.94892938958439E+04
 1.89258333300000E+03,  9.77410148088039E-02, -1.56000000000000E+00, -6.43772103555541E-02,  2.71900000000000E+01,  3.58998185930530E+04,  5.38132310092141E+04
 1.89266666700000E+03,  4.64328049579437E-02, -1.65500000000000E+00, -6.45516118472794E-02,  2.73700000000000E+01,  2.43124440100766E+04,  3.55570826260630E+04
 1.89275000000000E+03, -8.97159206388646E-02, -2.00500000000000E+00, -6.47258628144280E-02,  2.75500000000000E+01,  1.67617489813260E+04,  2.18210858560698E+04
 1.89283333300000E+03, -2.28878858924352E-01, -2.15250000000000E+00, -6.48999632918877E-02,  2.77300000000000E+01,  1.64347040823658E+04,  1.93635479177889E+04
 1.89291666700000E+03, -3.11336527076169E-01, -1.70250000000000E+00, -6.50739133148428E-02,  2.79100000000000E+01,  2.49319878562221E+04,  3.27236203329876E+04
 1.89300000000000E+03, -3.37323001360778E-01, -9.57500000000000E-01, -6.52477129187739E-02,  2.80900000000000E+01,  4.17436536770772E+04,  6.28620033772302E+04
 1.89308333300000E+03, -4.27457524280100E-01, -5.02500000000000E-01, -6.54213621394558E-02,  2.82700000000000E+01,  6.42375828216175E+04,  1.06657139780812E+05
 1.89316666700000E+03, -5.99807131555889E-01, -6.07500000000000E-01,  2.99774980256994E-02,  2.84500000000000E+01,  8.81780104245924E+04,  1.57391015757151E+05
 1.89325000000000E+03, -6.45817315975553E-01, -1.09000000000000E+00,  2.97383171224460E-02,  2.86300000000000E+01,  1.08662188040040E+05,  2.06124026135474E+05
 1.89333333300000E+03, -5.57699490900376E-01, -6.17500000000000E-01,  2.94992498431370E-02,  2.88100000000000E+01,  1.21259422325256E+05,  2.43647342218042E+05
 1.89341666700000E+03, -4.51304027874479E-01,  8.67500000000000E-01,  2.92602964453525E-02,  2.89900000000000E+01,  1.23083369664526E+05,  2.62562901316040E+05
 1.89350000000000E+03, -3.66954659680154E-01,  1.74000000000000E+00,  2.90214571855744E-02,  2.91700000000000E+01,  1.13538757332694E+05,  2.59007476496046E+05
 1.89358333300000E+03, -3.38738246786819E-01,  1.51250000000000E+00,  2.87827323191886E-02,  2.93500000000000E+01,  9.45558038591713E+04,  2.33615890543679E+05
 1.89366666700000E+03, -3.97605939062343E-01,  6.42500000000000E-01,  2.85441221004874E-02,  2.95300000000000E+01,  7.02430538978072E+04,  1.91490964893374E+05
 1.89375000000000E+03, -5.41234030924288E-01,  2.00000000000000E-02,  2.83056267826722E-02,  2.97100000000000E+01,  4.60248593517804E+04,  1.41174330768309E+05
 1.89383333300000E+03, -6.87791594944057E-01, -2.92500000000000E-01,  2.80672466178555E-02,  2.98900000000000E+01,  2.74516394009880E+04,  9.28406056751734E+04
 1.89391666700000E+03, -7.77554584202840E-01, -9.62500000000000E-01,  2.78289818570638E-02,  3.00700000000000E+01,  1.89506418268982E+04,  5.61152772460939E+04
 1.89400000000000E+03, -8.10752573226178E-01, -1.41500000000000E+00,  2.75908327502401E-02,  3.02500000000000E+01,  2.28032282331839E+04,  3.80033641896246E+04
 1.89408333300000E+03, -7.43832219550473E-01, -1.53500000000000E+00,  2.73527995462458E-02,  3.04300000000000E+01,  3.85869161795650E+04,  4.13919810529171E+04
 1.89416666700000E+03, -5.90120910916053E-01, -1.92250000000000E+00,  9.88590744433950E-03,  3.06100000000000E+01,  6.32170699477913E+04,  6.44611042640814E+04
 1.89425000000000E+03, -4.64285374279497E-01, -2.64500000000000E+00,  9.65731013212868E-03,  3.07900000000000E+01,  9.15877076327347E+04,  1.01132752874837E+05
 1.89433333300000E+03, -3.63304634904371E-01, -3.17500000000000E+00,  9.42884479810223E-03,  3.09700000000000E+01,  1.17674374509830E+05,  1.42456008708292E+05
 1.89441666700000E+03, -2.44008600136553E-01, -2.94500000000000E+00,  9.20051161424387E-03,  3.11500000000000E+01,  1.35855776226990E+05,  1.78616553833867E+05
 1.89450000000000E+03, -1.46725926180345E-01, -2.40000000000000E+00,  8.97231075163984E-03,  3.13300000000000E+01,  1.42159355575101E+05,  2.01121610239613E+05
 1.89458333300000E+03, -1.05548414172576E-01, -2.18500000000000E+00,  8.74424238048155E-03,  3.15100000000000E+01,  1.35151205966181E+05,  2.04674820748648E+05
 1.89466666700000E+03, -1.51432169902325E-01, -2.43000000000000E+00,  8.51630667006735E-03,  3.16900000000000E+01,  1.16269352994772E+05,  1.88328045082740E+05
 1.89475000000000E+03, -2.82058456972920E-01, -2.89000000000000E+00,  8.28850378880500E-03,  3.18700000000000E+01,  8.95237177682500E+04,  1.55661022495182E+05
 1.89483333300000E+03, -4.15601327663343E-01, -2.83500000000000E+00,  8.06083390421383E-03,  3.20500000000000E+01,  6.06278198102073E+04,  1.13957736630285E+05
 1.89491666700000E+03, -4.92341723301422E-01, -2.07250000000000E+00,  7.83329718292692E-03,  3.22300000000000E+01,  3.57543724868947E+04,  7.25708129209012E+04
 1.89500000000000E+03, -5.12514213221298E-01, -1.22000000000000E+00,  7.60589379069319E-03,  3.24100000000000E+01,  2.01906732163669E+04,  4.08426831884024E+04
 1.89508333300000E+03, -5.65603195540153E-01, -1.23000000000000E+00,  7.37862389237980E-03,  3.25900000000000E+01,  1.71913366962009E+04,  2.60456464617782E+04
 1.89516666700000E+03, -6.68942301964933E-01, -2.12000000000000E+00, -5.95406525944576E-02,  3.27700000000000E+01,  2.72808608216264E+04,  3.17927823310986E+04
 1.89525000000000E+03, -6.75134909990534E-01, -2.49750000000000E+00, -5.97191902481485E-02,  3.29500000000000E+01,  4.81572650256041E+04,  5.72618156858865E+04
 1.89533333300000E+03, -5.77154557597823E-01, -1.89250000000000E+00, -5.98975765411785E-02,  3.31300000000000E+01,  7.52137316308960E+04,  9.73905368876786E+04
 1.89541666700000E+03, -4.60860460064764E-01, -1.09500000000000E+00, -6.00758114998692E-02,  3.33100000000000E+01,  1.02558214312706E+05,  1.43987220624535E+05
 1.89550000000000E+03, -3.66582144580454E-01, -7.30000000000000E-01, -6.02538951508695E-02,  3.34900000000000E+01,  1.24302070566947E+05,  1.87500851230684E+05
 1.89558333300000E+03, -3.28412250147386E-01, -3.35000000000000E-01, -6.04318275211547E-02,  3.36700000000000E+01,  1.35832002249624E+05,  2.19057358154222E+05
 1.89566666700000E+03, -3.77307687199998E-01,  4.45000000000000E-01, -6.06096086380259E-02,  3.38500000000000E+01,  1.34787013095081E+05,  2.32318694980144E+05
 1.89575000000000E+03, -5.10950490687368E-01,  4.05000000000000E-01, -6.07872385291081E-02,  3.40300000000000E+01,  1.21531188568656E+05,  2.24770170819807E+05
 1.89583333300000E+03, -6.47515450121415E-01, -3.52500000000000E-01, -6.09647172223497E-02,  3.42100000000000E+01,  9.90275240716146E+04,  1.98174747950852E+05
 1.89591666700000E+03, -7.27284209914649E-01, -5.52500000000000E-01, -6.11420447460208E-02,  3.43900000000000E+01,  7.21514977637827E+04,  1.58119433425965E+05
 1.89600000000000E+03, -7.50492008324021E-01, -2.45000000000000E-01, -6.13192211287125E-02,  3.45700000000000E+01,  4.66054906609429E+04,  1.12775951799301E+05
 1.89608333300000E+03, -4.34259217264384E-01,  2.75000000000000E-02, -6.14962463993355E-02,  3.47500000000000E+01,  2.76794093752521E+04,  7.11620730091774E+04
 1.89616666700000E+03,  2.01231840227647E-01,  1.30000000000000E-01, -2.93698038979029E-02,  3.49300000000000E+01,  1.91309601085382E+04,  4.12864491486469E+04
 1.89625000000000E+03,  5.55729612972440E-01,  9.07500000000000E-01, -2.95723731740443E-02,  3.51100000000000E+01,  2.24259253250867E+04,  2.85699236473758E+04
 1.89633333300000E+03,  6.38969071110174E-01,  2.00500000000000E+00, -2.97747919122172E-02,  3.52900000000000E+01,  3.64933234929789E+04,  3.48611364510680E+04
 1.89641666700000E+03,  7.40237084755954E-01,  1.97000000000000E+00, -2.99770600703336E-02,  3.54700000000000E+01,  5.80328631131567E+04,  5.82237984742291E+04
 1.89650000000000E+03,  8.19209054786430E-01,  1.30750000000000E+00, -3.01791776068537E-02,  3.56500000000000E+01,  8.22897038397562E+04,  9.35008353314116E+04
 1.89658333300000E+03,  8.41797337894147E-01,  1.56500000000000E+00, -3.03811444807837E-02,  3.58300000000000E+01,  1.04111691266142E+05,  1.33495877677709E+05
 1.89666666700000E+03,  7.77050084765680E-01,  2.29000000000000E+00, -3.05829606516740E-02,  3.60100000000000E+01,  1.19048601112278E+05,  1.70491045995543E+05
 1.89675000000000E+03,  6.27290384784567E-01,  1.81250000000000E+00, -3.07846260796181E-02,  3.61900000000000E+01,  1.24252600410579E+05,  1.97766070977376E+05
 1.89683333300000E+03,  4.74348634514780E-01,  8.80000000000000E-01, -3.09861407252503E-02,  3.63700000000000E+01,  1.18992389778943E+05,  2.10805634946276E+05
 1.89691666700000E+03,  3.77948435128892E-01,  7.02500000000000E-01, -3.11875045497450E-02,  3.65500000000000E+01,  1.04686558309143E+05,  2.07970177547763E+05
 1.89700000000000E+03,  3.37859851221241E-01,  9.75000000000000E-01, -3.13887175148140E-02,  3.67300000000000E+01,  8.44722162047809E+04,  1.90536625505988E+05
 1.89708333300000E+03,  2.93608693798536E-01,  1.72500000000000E+00, -3.15897795827060E-02,  3.69100000000000E+01,  6.24274045940946E+04,  1.62157627294414E+05
 1.89716666700000E+03,  2.32378786372941E-01,  2.57250000000000E+00,  5.79248661305550E-02,  3.70900000000000E+01,  4.26372683101212E+04,  1.27908385225676E+05
 1.89725000000000E+03,  2.48009681691090E-01,  2.50750000000000E+00,  5.76747146407924E-02,  3.72700000000000E+01,  2.83195255006688E+04,  9.31635026664115E+04
 1.89733333300000E+03,  3.42892062751773E-01,  1.78250000000000E+00,  5.74246395530451E-02,  3.74500000000000E+01,  2.12004257780477E+04,  6.25592793677869E+04
 1.89741666700000E+03,  4.55598495222592E-01,  1.24500000000000E+00,  5.71746412668977E-02,  3.76300000000000E+01,  2.12657807616039E+04,  3.92512567018830E+04
 1.89750000000000E+03,  5.45801350388016E-01,  8.77500000000000E-01,  5.69247201805410E-02,  3.78100000000000E+01,  2.69198238506848E+04,  2.45877308971264E+04
 1.89758333300000E+03,  5.79410067230027E-01,  5.50000000000000E-01,  5.66748766907750E-02,  3.79900000000000E+01,  3.54898089503308E+04,  1.82117538396426E+04
 1.89766666700000E+03,  5.25469991447367E-01,  5.70000000000000E-01,  5.64251111930111E-02,  3.81700000000000E+01,  4.39384125534865E+04,  1.85039762661970E+04
 1.89775000000000E+03,  3.86301520937258E-01,  5.62500000000000E-01,  5.61754240812756E-02,  3.83500000000000E+01,  4.96058892568567E+04,  2.32098404241005E+04
 1.89783333300000E+03,  2.43732475751835E-01,  1.87500000000000E-01,  5.59258157482117E-02,  3.85300000000000E+01,  5.08072723352259E+04,  3.00711178576765E+04
 1.89791666700000E+03,  1.57483996180138E-01, -4.00000000000000E-02,  5.56762865850822E-02,  3.87100000000000E+01,  4.71539494817155E+04,  3.73054980792877E+04
 1.89800000000000E+03,  1.27323802152166E-01,  1.30000000000000E-01,  5.54268369817727E-02,  3.88900000000000E+01,  3.95414698630262E+04,  4.38388639201203E+04
 1.89808333300000E+03,  3.41852175172213E-02,  6.12500000000000E-01,  5.51774673267936E-02,  3.90700000000000E+01,  2.98280195828417E+04,  4.92743237324353E+04
 1.89816666700000E+03, -1.38395942787042E-01,  9.30000000000000E-01,  4.26788485828708E-02,  3.92500000000000E+01,  2.03005747418984E+04,  5.36577752513653E+04
 1.89825000000000E+03, -1.82976058589010E-01,  8.95000000000000E-01,  4.24340963812212E-02,  3.94299999999999E+01,  1.30714373428277E+04,  5.71518466557239E+04
 1.89833333300000E+03, -9.33760954237958E-02,  1.22000000000000E+00,  4.21894426849586E-02,  3.96099999999999E+01,  9.55691685839482E+03,  5.97459371998112E+04
 1.89841666700000E+03,  1.41061478272853E-02,  1.90750000000000E+00,  4.19448878128119E-02,  3.97899999999999E+01,  1.01617652300269E+04,  6.11074932943939E+04
 1.89850000000000E+03,  9.91470649714408E-02,  2.05000000000000E+00,  4.17004320822791E-02,  3.99699999999999E+01,  1.42360330836885E+04,  6.06268245280849E+04
 1.89858333300000E+03,  1.27660097961794E-01,  1.59750000000000E+00,  4.14560758096296E-02,  4.01499999999999E+01,  2.03003726157464E+04,  5.76408698160296E+04
 1.89866666700000E+03,  6.86945734936681E-02,  9.00000000000000E-01,  4.12118193099074E-02,  4.03299999999999E+01,  2.64693234961094E+04,  5.17599800682656E+04
 1.89875000000000E+03, -7.54251539215558E-02, -1.07500000000000E-01,  4.09676628969324E-02,  4.05099999999999E+01,  3.09559735266813E+04,  4.31837033436468E+04
 1.89883333300000E+03, -2.22867333636094E-01, -6.22500000000000E-01,  4.07236068833044E-02,  4.06899999999999E+01,  3.25262096099538E+04,  3.28878115192533E+04
 1.89891666700000E+03, -3.13906923158708E-01, -3.90000000000000E-01,  4.04796515804047E-02,  4.08699999999999E+01,  3.07891894428244E+04,  2.25968880170108E+04
 1.89900000000000E+03, -3.48772331106996E-01, -3.60000000000000E-01,  4.02357972983992E-02,  4.10499999999999E+01,  2.62568835030929E+04,  1.45162395774128E+04
 1.89908333300000E+03, -6.66017720650137E-02, -3.47500000000000E-01,  3.99920443462406E-02,  4.12299999999999E+01,  2.01670336725898E+04,  1.08675301899648E+04
 1.89916666700000E+03,  5.19030239481796E-01,  1.37500000000000E-01, -1.29436231772263E-02,  4.14099999999999E+01,  1.41246730980021E+04,  1.33347771606695E+04
 1.89925000000000E+03,  8.58570526945949E-01,  1.00500000000000E+00, -1.31578698190108E-02,  4.15899999999999E+01,  9.66209329029269E+03,  2.25634193100436E+04
 1.89933333300000E+03,  9.55239915863046E-01,  1.78500000000000E+00, -1.33719711025588E-02,  4.17699999999999E+01,  7.83491357923377E+03,  3.78538876700537E+04
 1.89941666700000E+03,  1.06974077200606E+00,  1.81250000000000E+00, -1.35859269372522E-02,  4.19499999999999E+01,  8.95887352793529E+03,  5.71510248826701E+04
 1.89950000000000E+03,  1.16174636432120E+00,  1.79000000000000E+00, -1.37997372331592E-02,  4.21299999999999E+01,  1.25522059745947E+04,  7.73607031125844E+04
 1.89958333300000E+03,  1.19716700109409E+00,  2.04250000000000E+00, -1.40134019010317E-02,  4.23099999999999E+01,  1.74927663859986E+04,  9.49422552402251E+04
 1.89966666700000E+03,  1.14504886742100E+00,  1.64500000000000E+00, -1.42269208523043E-02,  4.24899999999999E+01,  2.23421897005592E+04,  1.06651051626519E+05
 1.89975000000000E+03,  1.00771316916858E+00,  1.37500000000000E+00, -1.44402939990917E-02,  4.26699999999999E+01,  2.57460126785669E+04,  1.10259531328614E+05
 1.89983333300000E+03,  8.66988502946918E-01,  2.06750000000000E+00, -1.46535212541870E-02,  4.28499999999999E+01,  2.68000555561714E+04,  1.05080475928243E+05
 1.89991666700000E+03,  7.82596752723086E-01,  2.60750000000000E+00, -1.48666025310602E-02,  4.30299999999999E+01,  2.52840322075799E+04,  9.21563501822341E+04
 1.90000000000000E+03,  7.54306347784635E-01,  2.39250000000000E+00, -1.50795377438559E-02,  4.32099999999999E+01,  2.17003495881634E+04,  7.40548725264788E+04
 1.90008333300000E+03,  4.97487911158390E-01,  1.79000000000000E+00, -1.52923268073915E-02,  4.33899999999999E+01,  1.71095249825811E+04,  5.43057886089029E+04
 1.90016666700000E+03, -2.31219202774477E-03,  1.32750000000000E+00,  1.76956122608641E-02,  4.35699999999999E+01,  1.28094540102429E+04,  3.66039033931817E+04
 1.90025000000000E+03, -2.04428510410926E-01,  1.06750000000000E+00,  1.74626580321580E-02,  4.37499999999999E+01,  9.94910013618093E+03,  2.39659042933784E+04
 1.90033333300000E+03, -1.04523504174199E-01,  4.97500000000000E-01,  1.72298294192059E-02,  4.39299999999999E+01,  9.18639883802410E+03,  1.80465997872639E+04
 1.90041666700000E+03,  1.36129563465739E-02,  3.30000000000000E-01,  1.69971266256723E-02,  4.41099999999999E+01,  1.04898191769350E+04,  1.87876439654498E+04
 1.90050000000000E+03,  1.09652494693630E-01,  5.67500000000000E-01,  1.67645498542477E-02,  4.42899999999999E+01,  1.31453189016777E+04,  2.44947993294166E+04
 1.90058333300000E+03,  1.49503614714981E-01,  4.55000000000000E-01,  1.65320993066509E-02,  4.44699999999999E+01,  1.59747973910134E+04,  3.23358148815100E+04
 1.90066666700000E+03,  1.02210539164847E-01,  6.35000000000000E-01,  1.62997751836312E-02,  4.46499999999999E+01,  1.77129324560756E+04,  3.91449303941841E+04
 1.90075000000000E+03, -2.99076451443896E-02,  9.15000000000000E-01,  1.60675776849709E-02,  4.48299999999999E+01,  1.74421332532055E+04,  4.23381735209773E+04
 1.90083333300000E+03, -1.65024615358224E-01,  9.57500000000000E-01,  1.58355070094876E-02,  4.50099999999999E+01,  1.49632181253017E+04,  4.07072974447547E+04
 1.90091666700000E+03, -2.43420914650961E-01,  1.02000000000000E+00,  1.56035633550365E-02,  4.51899999999999E+01,  1.09892136283890E+04,  3.48802792144234E+04
 1.90100000000000E+03, -2.65330692886875E-01,  1.15500000000000E+00,  1.53717469185123E-02,  4.53699999999999E+01,  7.09022671454030E+03,  2.73101524710841E+04
 1.90108333300000E+03, -3.40495591617182E-01,  1.55750000000000E+00,  1.51400578958524E-02,  4.55499999999999E+01,  5.37954022282214E+03,  2.17656568135281E+04
 1.90116666700000E+03, -4.84398398683842E-01,  1.74750000000000E+00,  6.03248023327373E-02,  4.57299999999999E+01,  7.99986467797539E+03,  2.24209221547671E+04
 1.90125000000000E+03, -5.07332718527690E-01,  1.46500000000000E+00,  6.00739395248990E-02,  4.59099999999999E+01,  1.65266557010491E+04,  3.27473745487122E+04
 1.90133333300000E+03, -4.04235223121659E-01,  1.43750000000000E+00,  5.98231492204126E-02,  4.60899999999999E+01,  3.14371418350024E+04,  5.44725749529790E+04
 1.90141666700000E+03, -2.83130108433554E-01,  1.86250000000000E+00,  5.95724318323478E-02,  4.62699999999999E+01,  5.17896630211782E+04,  8.68707950047206E+04
 1.90150000000000E+03, -1.84347596745486E-01,  2.02750000000000E+00,  5.93217877723552E-02,  4.64499999999999E+01,  7.52170562285241E+04,  1.26585937636389E+05
 1.90158333300000E+03, -1.41980905174574E-01,  1.48000000000000E+00,  5.90712174506684E-02,  4.66299999999999E+01,  9.82681985331939E+04,  1.68071400752835E+05
 1.90166666700000E+03, -1.86987406410708E-01,  3.02500000000000E-01,  5.88207212761074E-02,  4.68099999999999E+01,  1.17048965746886E+05,  2.04589037514958E+05
 1.90175000000000E+03, -3.17049482970334E-01, -6.25000000000000E-01,  5.85702996560807E-02,  4.69899999999999E+01,  1.28037305860117E+05,  2.29573185509876E+05
 1.90183333300000E+03, -4.50342153930445E-01, -7.25000000000000E-01,  5.83199529965882E-02,  4.71699999999999E+01,  1.28895780021127E+05,  2.38068339269302E+05
 1.90191666700000E+03, -5.27147176541774E-01, -7.12500000000000E-01,  5.80696817022237E-02,  4.73499999999999E+01,  1.19092514180742E+05,  2.27915075973487E+05
 1.90200000000000E+03, -5.47699786500385E-01, -7.25000000000000E-01,  5.78194861761782E-02,  4.75299999999999E+01,  1.00173062634706E+05,  2.00399018373969E+05
 1.90208333300000E+03, -5.49080694642414E-01, -4.15000000000000E-01,  5.75693668202416E-02,  4.77099999999999E+01,  7.55960108967116E+04,  1.60185711476378E+05
 1.90216666700000E+03, -5.50472571757651E-01, -4.77500000000000E-01,  3.52714119089458E-02,  4.78899999999999E+01,  5.01396579222397E+04,  1.14518045642346E+05
 1.90225000000000E+03, -5.11127150882413E-01, -9.37500000000000E-01,  3.50297970449641E-02,  4.80699999999999E+01,  2.89849497742589E+04,  7.18186478312388E+04
 1.90233333300000E+03, -4.22150012339757E-01, -1.36000000000000E+00,  3.47882898508766E-02,  4.82499999999999E+01,  1.66585101115709E+04,  3.99799122372245E+04
 1.90241666700000E+03, -3.15134073364723E-01, -2.11500000000000E+00,  3.45468906090756E-02,  4.84299999999999E+01,  1.60602291483182E+04,  2.47060882149495E+04
 1.90250000000000E+03, -2.30402805794603E-01, -2.41500000000000E+00,  3.43055996008000E-02,  4.86099999999999E+01,  2.77916184211204E+04,  2.82744462545525E+04
 1.90258333300000E+03, -2.02042708240601E-01, -1.49000000000000E+00,  3.40644171061378E-02,  4.87899999999999E+01,  4.99440340534770E+04,  4.90027587329062E+04
 1.90266666700000E+03, -2.61004470294738E-01, -2.95000000000000E-01,  3.38233434040288E-02,  4.89699999999999E+01,  7.84110834632850E+04,  8.15635260316939E+04
 1.90275000000000E+03, -4.04963830221644E-01, -1.15000000000000E-01,  3.35823787722672E-02,  4.91499999999999E+01,  1.07677124739916E+05,  1.18102508550169E+05
 1.90283333300000E+03, -5.52089204341835E-01, -6.60000000000000E-01,  3.33415234875037E-02,  4.93299999999999E+01,  1.31928361897939E+05,  1.49940108049169E+05
 1.90291666700000E+03, -6.42655792016413E-01, -7.27500000000000E-01,  3.31007778252485E-02,  4.95099999999999E+01,  1.46258320882354E+05,  1.69499043278298E+05
 1.90300000000000E+03, -6.76892319254987E-01, -1.95000000000000E-01,  3.28601420598733E-02,  4.96899999999999E+01,  1.47712837021822E+05,  1.72041779584083E+05
 1.90308333300000E+03, -7.36263072040918E-01,  1.07500000000000E-01,  3.26196164646143E-02,  4.98699999999999E+01,  1.35948111187370E+05,  1.56831437674961E+05
 1.90316666700000E+03, -8.37221233795795E-01, -2.40000000000000E-01,  2.52156753980713E-02,  5.00499999999999E+01,  1.13353785429736E+05,  1.27445806221917E+05
 1.90325000000000E+03, -8.47468763790228E-01, -7.62500000000000E-01,  2.49788147143527E-02,  5.02299999999999E+01,  8.46050477413973E+04,  9.11519229797031E+04
 1.90333333300000E+03, -7.60748751656873E-01, -1.24750000000000E+00,  2.47420726003552E-02,  5.04099999999999E+01,  5.57294867829049E+04,  5.74506570333240E+04
 1.90341666700000E+03, -6.55724542755051E-01, -1.56250000000000E+00,  2.45054492921548E-02,  5.05899999999999E+01,  3.28793083753237E+04,  3.60830652224369E+04
 1.90350000000000E+03, -5.72718571536921E-01, -2.28250000000000E+00,  2.42689450247775E-02,  5.07699999999999E+01,  2.10645230009194E+04,  3.49129081176506E+04
 1.90358333300000E+03, -5.45816424174001E-01, -3.68750000000000E+00,  2.40325600322025E-02,  5.09499999999999E+01,  2.31132937486866E+04,  5.81350360957225E+04
 1.90366666700000E+03, -6.05968003213823E-01, -4.22500000000000E+00,  2.37962945473635E-02,  5.11299999999999E+01,  3.90791015133673E+04,  1.05198565471865E+05
 1.90375000000000E+03, -7.50848385661086E-01, -3.48750000000000E+00,  2.35601488021522E-02,  5.13099999999999E+01,  6.62205322659507E+04,  1.70688856002141E+05
 1.90383333300000E+03, -8.98625451933762E-01, -2.76000000000000E+00,  2.33241230274200E-02,  5.14899999999999E+01,  9.95584876240430E+04,  2.45213615378151E+05
 1.90391666700000E+03, -9.89573991116798E-01, -2.85750000000000E+00,  2.30882174529804E-02,  5.16699999999999E+01,  1.32893583656692E+05,  3.17128150057575E+05
 1.90400000000000E+03, -1.02392244477905E+00, -3.34500000000000E+00,  2.28524323076122E-02,  5.18499999999999E+01,  1.60069759337438E+05,  3.74757689945412E+05
 1.90408333300000E+03, -1.19823203862559E+00, -3.62000000000000E+00,  2.26167678190609E-02,  5.20299999999999E+01,  1.76219414968295E+05,  4.08668621005933E+05
 1.90416666700000E+03, -1.52676317786952E+00, -3.81250000000000E+00,  8.63850454719690E-02,  5.22099999999999E+01,  1.78731385311751E+05,  4.13527920313939E+05
 1.90425000000000E+03, -1.64486953349069E+00, -3.98000000000000E+00,  8.61292136845161E-02,  5.23899999999999E+01,  1.67743983817286E+05,  3.89173598987791E+05
 1.90433333300000E+03, -1.54856535112062E+00, -4.04250000000000E+00,  8.58734039295738E-02,  5.25699999999999E+01,  1.46067588651589E+05,  3.40680519937907E+05
 1.90441666700000E+03, -1.43384592079848E+00, -3.91000000000000E+00,  8.56176167803429E-02,  5.27499999999999E+01,  1.18562326974538E+05,  2.77411095294986E+05
 1.90450000000000E+03, -1.34103836903079E+00, -3.55750000000000E+00,  8.53618528083277E-02,  5.29299999999999E+01,  9.11101051530153E+04,  2.11245698444658E+05
 1.90458333300000E+03, -1.30423304017870E+00, -3.70750000000000E+00,  8.51061125833389E-02,  5.31099999999999E+01,  6.94022796044237E+04,  1.54350266667513E+05
 1.90466666700000E+03, -1.35438465913813E+00, -4.11500000000000E+00,  8.48503966734958E-02,  5.32899999999999E+01,  5.77976851643411E+04,  1.16925325449121E+05
 1.90475000000000E+03, -1.48917318740732E+00, -3.47250000000000E+00,  8.45947056452296E-02,  5.34699999999999E+01,  5.84844141091980E+04,  1.05374965730447E+05
 1.90483333300000E+03, -1.62677144923754E+00, -2.23500000000000E+00,  8.43390400632855E-02,  5.36499999999999E+01,  7.11085413718958E+04,  1.21239434628833E+05
 1.90491666700000E+03, -1.70745923480376E+00, -1.76000000000000E+00,  8.40834004907259E-02,  5.38299999999999E+01,  9.29302510730804E+04,  1.61072961462556E+05
 1.90500000000000E+03, -1.73147004190467E+00, -1.89750000000000E+00,  8.38277874889325E-02,  5.40099999999999E+01,  1.19455512305287E+05,  2.17254797844416E+05
 1.90508333300000E+03, -1.81303541323175E+00, -2.30750000000000E+00,  8.35722016176093E-02,  5.41899999999999E+01,  1.45393999300402E+05,  2.79537358987469E+05
 1.90516666700000E+03, -1.96938179618753E+00, -2.62000000000000E+00,  9.14984502557569E-02,  5.43699999999999E+01,  1.65731820664606E+05,  3.36998592503154E+05
 1.90525000000000E+03, -2.00350990195350E+00, -1.85500000000000E+00,  9.12423010954521E-02,  5.45499999999999E+01,  1.76692941528898E+05,  3.80002693990895E+05
 1.90533333300000E+03, -1.90849952485962E+00, -1.11500000000000E+00,  9.09861621598605E-02,  5.47299999999999E+01,  1.76397317478355E+05,  4.01793834111381E+05
 1.90541666700000E+03, -1.79506227452911E+00, -1.09250000000000E+00,  9.07300340566184E-02,  5.49099999999999E+01,  1.65097354905548E+05,  3.99443353400935E+05
 1.90550000000000E+03, -1.70352437341688E+00, -9.95000000000000E-01,  9.04739173916124E-02,  5.50899999999999E+01,  1.44969718925060E+05,  3.74018023518892E+05
 1.90558333300000E+03, -1.66797527644793E+00, -1.67500000000000E+00,  9.02178127689833E-02,  5.52699999999999E+01,  1.19534984763462E+05,  3.30001807319380E+05
 1.90566666700000E+03, -1.71936883465094E+00, -2.70500000000000E+00,  8.99617207911277E-02,  5.54499999999999E+01,  9.28523189506780E+04,  2.74150383055065E+05
 1.90575000000000E+03, -1.85538415216675E+00, -2.76000000000000E+00,  8.97056420587012E-02,  5.56299999999999E+01,  6.86749343428952E+04,  2.14056661852037E+05
 1.90583333300000E+03, -1.99419321256994E+00, -2.52250000000000E+00,  8.94495771706206E-02,  5.58099999999999E+01,  4.97478586251724E+04,  1.56738807420736E+05
 1.90591666700000E+03, -2.07607498295235E+00, -2.01500000000000E+00,  8.91935267240671E-02,  5.59899999999999E+01,  3.73858094004346E+04,  1.07527379305899E+05
 1.90600000000000E+03, -2.10126215652204E+00, -9.95000000000000E-01,  8.89374913144883E-02,  5.61699999999999E+01,  3.13976067688464E+04,  6.94377274180726E+04
 1.90608333300000E+03, -1.77961478654685E+00, -4.17500000000000E-01,  8.86814715356012E-02,  5.63499999999999E+01,  3.03421308629468E+04,  4.30916371823578E+04
 1.90616666700000E+03, -1.12892852224722E+00, -4.00000000000000E-01,  4.87787154281592E-02,  5.65299999999999E+01,  3.20282862955098E+04,  2.71278237072269E+04
 1.90625000000000E+03, -7.61628602410700E-01, -6.97500000000000E-01,  4.85316260367866E-02,  5.67099999999999E+01,  3.41236997975491E+04,  1.89420244893883E+04
 1.90633333300000E+03, -6.70451639759722E-01, -8.35000000000000E-01,  4.82846268458519E-02,  5.68899999999999E+01,  3.47233535821280E+04,  1.55442123726241E+04
 1.90641666700000E+03, -5.61280850633427E-01, -3.25000000000000E-01,  4.80377182054443E-02,  5.70699999999999E+01,  3.27510490137862E+04,  1.43210446432762E+04
 1.90650000000000E+03, -4.74440390200432E-01, -1.25000000000000E-01,  4.77909004643574E-02,  5.72499999999999E+01,  2.81162690184326E+04,  1.35412573394584E+04
 1.90658333300000E+03, -4.44017422533301E-01, -5.87500000000000E-01,  4.75441739700916E-02,  5.74299999999999E+01,  2.16132701392969E+04,  1.25243922081534E+04
 1.90666666700000E+03, -5.00963285813605E-01, -1.06250000000000E+00,  4.72975390688566E-02,  5.76099999999999E+01,  1.46119739141468E+04,  1.14864299556112E+04
 1.90675000000000E+03, -6.42954351027945E-01, -1.00000000000000E+00,  4.70509961055743E-02,  5.77899999999999E+01,  8.63655319864671E+03,  1.11561241019513E+04
 1.90683333300000E+03, -7.88159649336320E-01, -9.57500000000000E-01,  4.68045454238812E-02,  5.79699999999999E+01,  4.94734988272018E+03,  1.23043978414247E+04
 1.90691666700000E+03, -8.76854978072312E-01, -1.59000000000000E+00,  4.65581873661314E-02,  5.81499999999999E+01,  4.23169033711167E+03,  1.53364294651610E+04
 1.90700000000000E+03, -9.09269645371585E-01, -2.31750000000000E+00,  4.63119222733988E-02,  5.83299999999999E+01,  6.47348057829842E+03,  2.00632499413616E+04
 1.90708333300000E+03, -1.05028837169139E+00, -2.79750000000000E+00,  4.60657504854799E-02,  5.85099999999999E+01,  1.10204496560799E+04,  2.57080586572994E+04
 1.90716666700000E+03, -1.31374989228570E+00, -2.50250000000000E+00,  8.41564368710600E-02,  5.86899999999999E+01,  1.68151758554717E+04,  3.11299890144407E+04
 1.90725000000000E+03, -1.39790766217921E+00, -1.77250000000000E+00,  8.39008162205177E-02,  5.88699999999999E+01,  2.27150261069392E+04,  3.51845706954333E+04
 1.90733333300000E+03, -1.29913301497157E+00, -1.74250000000000E+00,  8.36452225407031E-02,  5.90499999999999E+01,  2.78068245837840E+04,  3.71022660956109E+04
 1.90741666700000E+03, -1.18213436012385E+00, -2.30500000000000E+00,  8.33896563901233E-02,  5.92299999999999E+01,  3.16285408478414E+04,  3.67634873274753E+04
 1.90750000000000E+03, -1.08723994301283E+00, -2.78750000000000E+00,  8.31341183256126E-02,  5.94099999999999E+01,  3.42399358779585E+04,  3.47802198969062E+04
 1.90758333300000E+03, -1.04854113356423E+00, -2.68250000000000E+00,  8.28786089023344E-02,  5.95899999999999E+01,  3.61284357818009E+04,  3.23514030928832E+04
 1.90766666700000E+03, -1.09699358933260E+00, -2.18750000000000E+00,  8.26231286737846E-02,  5.97699999999999E+01,  3.79834416908572E+04,  3.09256126379403E+04
 1.90775000000000E+03, -1.23027811201516E+00, -2.07250000000000E+00,  8.23676781917937E-02,  5.99499999999999E+01,  4.04093115729590E+04,  3.17621266495761E+04
 1.90783333300000E+03, -1.36656827182608E+00, -2.12250000000000E+00,  8.21122580065298E-02,  6.01299999999999E+01,  4.36646079808386E+04,  3.55143682757438E+04
 1.90791666700000E+03, -1.44614451120492E+00, -2.06250000000000E+00,  8.18568686665012E-02,  6.03099999999999E+01,  4.75083639411455E+04,  4.19587937912692E+04
 1.90800000000000E+03, -1.46924088710167E+00, -2.18000000000000E+00,  8.16015107185591E-02,  6.04899999999999E+01,  5.12048927845817E+04,  4.99572449742857E+04
 1.90808333300000E+03, -1.54104728204927E+00, -2.30750000000000E+00,  8.13461847079001E-02,  6.06699999999999E+01,  5.36947268324977E+04,  5.76803325448206E+04
 1.90816666700000E+03, -1.68193095007274E+00, -2.27250000000000E+00,  1.76332106134266E-01,  6.08499999999999E+01,  5.38921683816512E+04,  6.30490871618832E+04
 1.90825000000000E+03, -1.71613088989990E+00, -2.02250000000000E+00,  1.76123971289950E-01,  6.10299999999999E+01,  5.10321613495617E+04,  6.42902840017366E+04
 1.90833333300000E+03, -1.63361281542130E+00, -1.46500000000000E+00,  1.75915510492481E-01,  6.12099999999999E+01,  4.49709720622284E+04,  6.04640594392875E+04
 1.90841666700000E+03, -1.53291774340380E+00, -6.32500000000000E-01,  1.75706725073971E-01,  6.13899999999999E+01,  3.63518387487820E+04,  5.18211443166860E+04
 1.90850000000000E+03, -1.45436992292453E+00,  1.25000000000000E-02,  1.75497616364409E-01,  6.15699999999999E+01,  2.65773343091052E+04,  3.98828356841078E+04
 1.90858333300000E+03, -1.43205667916747E+00, -9.00000000000000E-02,  1.75288185691658E-01,  6.17499999999999E+01,  1.75775501944657E+04,  2.72018979738600E+04
 1.90866666700000E+03, -1.49692957822766E+00, -6.92500000000000E-01,  1.75078434381457E-01,  6.19299999999999E+01,  1.14157558650166E+04,  1.68414731939678E+04
 1.90875000000000E+03, -1.64666528538907E+00, -1.18250000000000E+00,  1.74868363757417E-01,  6.21099999999999E+01,  9.81769861379273E+03,  1.16824162536310E+04
 1.90883333300000E+03, -1.79943319054517E+00, -1.35000000000000E+00,  1.74657975141017E-01,  6.22899999999999E+01,  1.37356166283588E+04,  1.37187057027372E+04
 1.90891666700000E+03, -1.89550951374852E+00, -1.22500000000000E+00,  1.74447269851607E-01,  6.24699999999999E+01,  2.30563493883820E+04,  2.35125952041727E+04
 1.90900000000000E+03, -1.93512404937430E+00, -1.15500000000000E+00,  1.74236249206402E-01,  6.26499999999999E+01,  3.65340554052914E+04,  3.99516339577159E+04
 1.90908333300000E+03, -2.03557475980173E+00, -1.20250000000000E+00,  1.74024914520480E-01,  6.28299999999999E+01,  5.19780944941036E+04,  6.03843010823271E+04
 1.90916666700000E+03, -2.21424740563372E+00, -1.21000000000000E+00,  1.65104650136670E-01,  6.30099999999999E+01,  6.66670548485799E+04,  8.11243449659243E+04
 1.90925000000000E+03, -2.26815039872651E+00, -9.87500000000000E-01,  1.64881283472918E-01,  6.31899999999999E+01,  7.79048309341651E+04,  9.82260992689671E+04
 1.90933333300000E+03, -2.19017422520074E+00, -7.00000000000000E-01,  1.64657657281485E-01,  6.33699999999999E+01,  8.35975132884163E+04,  1.08364971625699E+05
 1.90941666700000E+03, -2.09392256475859E+00, -1.05000000000000E+00,  1.64433772782095E-01,  6.35499999999999E+01,  8.27201009778869E+04,  1.09625690159549E+05
 1.90950000000000E+03, -2.01971771558608E+00, -1.33500000000000E+00,  1.64209631192284E-01,  6.37299999999999E+01,  7.55628337638804E+04,  1.02014217983754E+05
 1.90958333300000E+03, -2.00164507752114E+00, -1.09000000000000E+00,  1.63985233727399E-01,  6.39099999999999E+01,  6.36942007038660E+04,  8.75655768094815E+04
 1.90966666700000E+03, -2.07065431861609E+00, -1.13000000000000E+00,  1.63760581600594E-01,  6.40899999999999E+01,  4.96409745607414E+04,  7.00071155356036E+04
 1.90975000000000E+03, -2.22442023516808E+00, -1.74250000000000E+00,  1.63535676022831E-01,  6.42699999999999E+01,  3.63504915377791E+04,  5.40355467709841E+04
 1.90983333300000E+03, -2.38111037813001E+00, -2.39250000000000E+00,  1.63310518202882E-01,  6.44499999999999E+01,  2.65517243909852E+04,  4.43539120021809E+04
 1.90991666700000E+03, -2.48099916039860E+00, -2.64000000000000E+00,  1.63085109347324E-01,  6.46299999999999E+01,  2.21572567733139E+04,  4.46713077232896E+04
 1.91000000000000E+03, -2.52431460270705E+00, -2.72500000000000E+00,  1.62859450660543E-01,  6.48099999999999E+01,  2.38416418525759E+04,  5.68804299942907E+04
 1.91008333300000E+03, -2.42445877437188E+00, -2.65250000000000E+00,  1.62633543344730E-01,  6.49900000000000E+01,  3.08938003289404E+04,  8.05925498509259E+04
 1.91016666700000E+03, -2.19695104027913E+00, -2.68250000000000E+00,  1.03567600644571E-01,  6.51700000000000E+01,  4.13803272110213E+04,  1.13134042094334E+05
 1.91025000000000E+03, -2.04476361552573E+00, -3.03250000000000E+00,  1.03311691604548E-01,  6.53500000000000E+01,  5.25865050892129E+04,  1.50009805678042E+05
 1.91033333300000E+03, -1.96273369847330E+00, -3.36250000000000E+00,  1.03055762128032E-01,  6.55300000000000E+01,  6.16384404357915E+04,  1.85738872240474E+05
 1.91041666700000E+03, -1.86247558293385E+00, -3.36000000000000E+00,  1.02799812907978E-01,  6.57100000000000E+01,  6.61676437647694E+04,  2.14888468551786E+05
 1.91050000000000E+03, -1.78430974077684E+00, -2.97500000000000E+00,  1.02543844635473E-01,  6.58900000000000E+01,  6.48683881675323E+04,  2.33092186398714E+05
 1.91058333300000E+03, -1.76231974901398E+00, -2.26250000000000E+00,  1.02287857999737E-01,  6.60700000000000E+01,  5.78210545009617E+04,  2.37844323550529E+05
 1.91066666700000E+03, -1.82745345803836E+00, -1.63250000000000E+00,  1.02031853688127E-01,  6.62500000000000E+01,  4.65064100415476E+04,  2.28913807888111E+05
 1.91075000000000E+03, -1.97738385331531E+00, -1.39000000000000E+00,  1.01775832386138E-01,  6.64300000000000E+01,  3.35047475187164E+04,  2.08305230044411E+05
 1.91083333300000E+03, -2.13027668268010E+00, -1.45000000000000E+00,  1.01519794777406E-01,  6.66100000000000E+01,  2.19444352396599E+04,  1.79792045286280E+05
 1.91091666700000E+03, -2.22640456525081E+00, -2.01750000000000E+00,  1.01263741543713E-01,  6.67900000000000E+01,  1.48206986763913E+04,  1.48135989822365E+05
 1.91100000000000E+03, -2.26599373892694E+00, -2.48250000000000E+00,  1.01007673364984E-01,  6.69700000000000E+01,  1.43346393347478E+04,  1.18167668277307E+05
 1.91108333300000E+03, -2.32063463159283E+00, -2.64750000000000E+00,  1.00751590919293E-01,  6.71500000000000E+01,  2.13980471271637E+04,  9.39234680335787E+04
 1.91116666700000E+03, -2.40671846383499E+00, -2.95250000000000E+00,  1.63505735108687E-01,  6.73300000000000E+01,  3.54125891839679E+04,  7.80104390852014E+04
 1.91125000000000E+03, -2.41167741823422E+00, -3.21000000000000E+00,  1.63280543820935E-01,  6.75100000000000E+01,  5.43709503310688E+04,  7.13106341984842E+04
 1.91133333300000E+03, -2.32941090035615E+00, -3.09750000000000E+00,  1.63055101657935E-01,  6.76900000000001E+01,  7.52563466099658E+04,  7.30549031412174E+04
 1.91141666700000E+03, -2.22881887639172E+00, -2.45500000000000E+00,  1.62829409823779E-01,  6.78700000000001E+01,  9.46516124939477E+04,  8.12129352330860E+04
 1.91150000000000E+03, -2.15022348247921E+00, -1.58250000000000E+00,  1.62603469520368E-01,  6.80500000000001E+01,  1.09424356274689E+05,  9.30807523641218E+04
 1.91158333300000E+03, -2.12770999134407E+00, -1.02750000000000E+00,  1.62377281947407E-01,  6.82300000000001E+01,  1.17340255552111E+05,  1.05913272148650E+05
 1.91166666700000E+03, -2.19222797991824E+00, -1.02500000000000E+00,  1.62150848302404E-01,  6.84100000000001E+01,  1.17475205118678E+05,  1.17454207778417E+05
 1.91175000000000E+03, -2.34145219040178E+00, -1.42500000000000E+00,  1.61924169780676E-01,  6.85900000000001E+01,  1.10343974493097E+05,  1.26255240343449E+05
 1.91183333300000E+03, -2.49355015616588E+00, -1.85250000000000E+00,  1.61697247575342E-01,  6.87700000000001E+01,  9.77271785404593E+04,  1.31739511859302E+05
 1.91191666700000E+03, -2.58879631001878E+00, -2.01500000000000E+00,  1.61470082877324E-01,  6.89500000000001E+01,  8.22449014327289E+04,  1.34034154126191E+05
 1.91200000000000E+03, -2.62741873104936E+00, -2.25000000000000E+00,  1.61242676875350E-01,  6.91300000000001E+01,  6.67791795135578E+04,  1.33654887517802E+05
 1.91208333300000E+03, -2.50083145175817E+00, -2.42500000000000E+00,  1.61015030755949E-01,  6.93100000000001E+01,  5.38768909454259E+04,  1.31158245479275E+05
 1.91216666700000E+03, -2.22496852312925E+00, -2.15000000000000E+00,  2.15749937987260E-01,  6.94900000000001E+01,  4.52634437634552E+04,  1.26876249607685E+05
 1.91225000000000E+03, -2.04719697134250E+00, -1.66250000000000E+00,  2.15820867203910E-01,  6.96700000000001E+01,  4.15671595941655E+04,  1.20815670232262E+05
 1.91233333300000E+03, -1.96194861760806E+00, -1.36000000000000E+00,  2.15890792194149E-01,  6.98500000000001E+01,  4.23022965091927E+04,  1.12748950567781E+05
 1.91241666700000E+03, -1.85844309811791E+00, -1.67000000000000E+00,  2.15959714471024E-01,  7.00300000000001E+01,  4.60978654002565E+04,  1.02461808589998E+05
 1.91250000000000E+03, -1.77700641874742E+00, -2.63750000000000E+00,  2.16027635550530E-01,  7.02100000000002E+01,  5.11040968854308E+04,  9.00706110555842E+04
 1.91258333300000E+03, -1.75172768033867E+00, -3.22000000000000E+00,  2.16094556951589E-01,  7.03900000000002E+01,  5.54712571628149E+04,  7.62953513525938E+04
 1.91266666700000E+03, -1.81356024395534E+00, -2.82750000000000E+00,  2.16160480196021E-01,  7.05700000000002E+01,  5.77845349626843E+04,  6.25795528008018E+04
 1.91275000000000E+03, -1.96018258961046E+00, -2.41000000000000E+00,  2.16225406808523E-01,  7.07500000000002E+01,  5.73555838044866E+04,  5.09861614572877E+04
 1.91283333300000E+03, -2.10976593911171E+00, -2.31750000000000E+00,  2.16289338316637E-01,  7.09300000000002E+01,  5.43110304148927E+04,  4.38593714305350E+04
 1.91291666700000E+03, -2.20258836205905E+00, -2.49000000000000E+00,  2.16352276250731E-01,  7.11100000000002E+01,  4.94705801666432E+04,  4.33107778723977E+04
 1.91300000000000E+03, -2.23888152045422E+00, -2.64250000000000E+00,  2.16414222143970E-01,  7.12900000000002E+01,  4.40592608831460E+04,  5.06461136647680E+04
 1.91308333300000E+03, -2.16722516162679E+00, -2.38000000000000E+00,  2.16475177532291E-01,  7.14700000000002E+01,  3.93372834854290E+04,  6.58799213284410E+04
 1.91316666700000E+03, -2.00322118880205E+00, -2.74750000000000E+00,  2.17371976532008E-01,  7.16500000000002E+01,  3.62478477002119E+04,  8.74798662669989E+04
 1.91325000000000E+03, -1.87956900905720E+00, -3.88000000000000E+00,  2.17415135508095E-01,  7.18300000000002E+01,  3.51744527360198E+04,  1.12439004156800E+05
 1.91333333300000E+03, -1.79101686208421E+00, -4.75500000000000E+00,  2.17457334040186E-01,  7.20100000000002E+01,  3.58676959337976E+04,  1.36701748202685E+05
 1.91341666700000E+03, -1.68427302015702E+00, -5.04500000000000E+00,  2.17498573715058E-01,  7.21900000000002E+01,  3.75555214937267E+04,  1.55883945171758E+05
 1.91350000000000E+03, -1.59966483770907E+00, -4.69000000000000E+00,  2.17538856121745E-01,  7.23700000000002E+01,  3.92022154603566E+04,  1.66149849195328E+05
 1.91358333300000E+03, -1.57128272679611E+00, -4.33500000000000E+00,  2.17578182851512E-01,  7.25500000000002E+01,  3.98424339229606E+04,  1.65058565898554E+05
 1.91366666700000E+03, -1.63008132195348E+00, -4.18000000000000E+00,  2.17616555497835E-01,  7.27300000000002E+01,  3.88969760176162E+04,  1.52183752095436E+05
 1.91375000000000E+03, -1.77374033854010E+00, -4.12000000000000E+00,  2.17653975656374E-01,  7.29100000000003E+01,  3.63817349148393E+04,  1.29347702269123E+05
 1.91383333300000E+03, -1.92043219445802E+00, -4.05000000000000E+00,  2.17690444924954E-01,  7.30900000000003E+01,  3.29490512313977E+04,  1.00388274091505E+05
 1.91391666700000E+03, -2.01043611579520E+00, -3.32750000000000E+00,  2.17725964903538E-01,  7.32700000000003E+01,  2.97445533198269E+04,  7.04783924514254E+04
 1.91400000000000E+03, -2.04398488109554E+00, -2.72750000000000E+00,  2.17760537194207E-01,  7.34500000000003E+01,  2.81114520422295E+04,  4.51206647342745E+04
 1.91408333300000E+03, -1.80988037727514E+00, -3.16750000000000E+00,  2.17794163401134E-01,  7.36300000000003E+01,  2.92157927025287E+04,  2.90200777390552E+04
 1.91416666700000E+03, -1.32260182584029E+00, -3.78750000000000E+00,  1.99951723300163E-01,  7.38100000000003E+01,  3.36897061445098E+04,  2.50761190643202E+04
 1.91425000000000E+03, -1.03330650898549E+00, -3.59250000000000E+00,  1.99797602594353E-01,  7.39900000000003E+01,  4.13889600871513E+04,  3.37211800054017E+04
 1.91433333300000E+03, -9.37912964928147E-01, -3.21750000000000E+00,  1.99642967237749E-01,  7.41700000000003E+01,  5.13357575726960E+04,  5.27657126330426E+04
 1.91441666700000E+03, -8.24498425341441E-01, -3.62250000000000E+00,  1.99487818808037E-01,  7.43500000000003E+01,  6.18735285654615E+04,  7.78052364167284E+04
 1.91450000000000E+03, -7.33391855713951E-01, -4.02750000000000E+00,  1.99332158881318E-01,  7.45300000000003E+01,  7.10079437882399E+04,  1.03122206694153E+05
 1.91458333300000E+03, -6.98685264222032E-01, -3.40250000000000E+00,  1.99175989032101E-01,  7.47100000000003E+01,  7.68603352096341E+04,  1.22903837866174E+05
 1.91466666700000E+03, -7.51334866429677E-01, -2.15500000000000E+00,  1.99019310833297E-01,  7.48900000000003E+01,  7.81281010981972E+04,  1.32520687074759E+05
 1.91475000000000E+03, -8.89021943460382E-01, -1.50500000000000E+00,  1.98862125856213E-01,  7.50700000000003E+01,  7.44397308812838E+04,  1.29588396374696E+05
 1.91483333300000E+03, -1.02992046277385E+00, -1.78000000000000E+00,  1.98704435670541E-01,  7.52500000000003E+01,  6.65122386468852E+04,  1.14573164730761E+05
 1.91491666700000E+03, -1.11431118360797E+00, -1.92500000000000E+00,  1.98546241844359E-01,  7.54300000000003E+01,  5.60619951119418E+04,  9.07936222526798E+04
 1.91500000000000E+03, -1.14242840103404E+00, -1.50750000000000E+00,  1.98387545944120E-01,  7.56100000000004E+01,  4.54765203014695E+04,  6.37989654441779E+04
 1.91508333300000E+03, -1.27357899160985E+00, -9.17500000000000E-01,  1.98228349534643E-01,  7.57900000000004E+01,  3.73116485573275E+04,  4.02383854825700E+04
 1.91516666700000E+03, -1.52339586850082E+00, -1.85000000000000E-01,  2.18262092656037E-01,  7.59700000000004E+01,  3.37221423262959E+04,  2.64504889339957E+04
 1.91525000000000E+03, -1.60311507480441E+00,  8.97500000000000E-01,  2.18246876898354E-01,  7.61500000000004E+01,  3.59536627812459E+04,  2.70681875205710E+04
 1.91533333300000E+03, -1.50736791460923E+00,  2.16500000000000E+00,  2.18230806233972E-01,  7.63300000000004E+01,  4.40147258374666E+04,  4.39388395973630E+04
 1.91541666700000E+03, -1.39351458366407E+00,  2.91000000000000E+00,  2.18213882350111E-01,  7.65100000000004E+01,  5.66103018956827E+04,  7.55990856946991E+04
 1.91550000000000E+03, -1.30188305504739E+00,  2.84750000000000E+00,  2.18196106934899E-01,  7.66900000000004E+01,  7.13619487267391E+04,  1.17430745362169E+05
 1.91558333300000E+03, -1.26656434732795E+00,  2.34250000000000E+00,  2.18177481677344E-01,  7.68700000000004E+01,  8.52754218851305E+04,  1.62481906826458E+05
 1.91566666700000E+03, -1.31851369010164E+00,  1.58000000000000E+00,  2.18158008267319E-01,  7.70500000000004E+01,  9.53600773879422E+04,  2.02796160946222E+05
 1.91575000000000E+03, -1.45541138300386E+00,  6.12500000000000E-01,  2.18137688395545E-01,  7.72300000000004E+01,  9.92681036153568E+04,  2.30983138081725E+05
 1.91583333300000E+03, -1.59543041657399E+00,  6.00000000000000E-02,  2.18116523753572E-01,  7.74100000000004E+01,  9.58142578917450E+04,  2.41708945497296E+05
 1.91591666700000E+03, -1.67885057854558E+00, -6.75000000000000E-02,  2.18094516033756E-01,  7.75900000000004E+01,  8.52604211003424E+04,  2.32797909107548E+05
 1.91600000000000E+03, -1.70590519875259E+00, -4.25000000000000E-01,  2.18071666929249E-01,  7.77700000000004E+01,  6.92989909999831E+04,  2.05714933059890E+05
 1.91608333300000E+03, -1.93320961672836E+00, -8.35000000000000E-01,  2.18047978133972E-01,  7.79500000000004E+01,  5.07340429586379E+04,  1.65324580569078E+05
 1.91616666700000E+03, -2.38009940431242E+00, -1.01750000000000E+00,  1.48339189075922E-01,  7.81300000000005E+01,  3.29249262980241E+04,  1.18971941934455E+05
 1.91625000000000E+03, -2.56676939696108E+00, -7.82500000000000E-01,  1.48743030593589E-01,  7.83100000000005E+01,  1.91089100236612E+04,  7.50700479357277E+04
 1.91633333300000E+03, -2.48389332182064E+00, -1.32500000000000E-01,  1.49145680488024E-01,  7.84900000000005E+01,  1.17460699515252E+04,  4.14795945120673E+04
 1.91641666700000E+03, -2.38230253629204E+00, -2.50000000000000E-03,  1.49547138052923E-01,  7.86700000000005E+01,  1.20249128681783E+04,  2.40079827350710E+04
 1.91650000000000E+03, -2.30231308474365E+00, -3.52500000000000E-01,  1.49947402595128E-01,  7.88500000000005E+01,  1.96323457227228E+04,  2.53278599572066E+04
 1.91658333300000E+03, -2.27800493491189E+00, -2.87500000000000E-01,  1.50346473434577E-01,  7.90300000000005E+01,  3.28343289227816E+04,  4.45266640866912E+04
 1.91666666700000E+03, -2.34032314444687E+00, -2.57500000000000E-01,  1.50744349904272E-01,  7.92100000000005E+01,  4.88466533657298E+04,  7.73673373251277E+04
 1.91675000000000E+03, -2.48693871955028E+00, -9.95000000000000E-01,  1.51141031350233E-01,  7.93900000000005E+01,  6.44135493602849E+04,  1.17194386179958E+05
 1.91683333300000E+03, -2.63601623336245E+00, -1.91750000000000E+00,  1.51536517131457E-01,  7.95700000000005E+01,  7.64687832219707E+04,  1.56289525315842E+05
 1.91691666700000E+03, -2.72782792922352E+00, -2.38500000000000E+00,  1.51930806619879E-01,  7.97500000000005E+01,  8.27387323788614E+04,  1.87394088257246E+05
 1.91700000000000E+03, -2.76260046128344E+00, -2.87500000000000E+00,  1.52323899200334E-01,  7.99300000000005E+01,  8.21625441235767E+04,  2.05088536546125E+05
 1.91708333300000E+03, -2.81163941862428E+00, -3.50000000000000E+00,  1.52715794270508E-01,  8.01100000000005E+01,  7.50468872528719E+04,  2.06757042294778E+05
 1.91716666700000E+03, -2.88995317583413E+00, -3.66000000000000E+00,  1.58664984223153E-01,  8.02900000000005E+01,  6.29321248668338E+04,  1.92957867872139E+05
 1.91725000000000E+03, -2.88412321216294E+00, -3.17750000000000E+00,  1.59036952928489E-01,  8.04700000000005E+01,  4.82095207633668E+04,  1.67147341260775E+05
 1.91733333300000E+03, -2.78935685860852E+00, -2.42000000000000E+00,  1.59407715592535E-01,  8.06500000000005E+01,  3.35813986509742E+04,  1.34839138689219E+05
 1.91741666700000E+03, -2.67561945844533E+00, -1.92500000000000E+00,  1.59777271844377E-01,  8.08300000000006E+01,  2.14867093922509E+04,  1.02393152857056E+05
 1.91750000000000E+03, -2.58324227438753E+00, -1.91500000000000E+00,  1.60145621325161E-01,  8.10100000000006E+01,  1.36170682116215E+04,  7.56965771934134E+04
 1.91758333300000E+03, -2.54632054193192E+00, -2.19750000000000E+00,  1.60512763688046E-01,  8.11900000000006E+01,  1.06232528619135E+04,  5.90111397640295E+04
 1.91766666700000E+03, -2.59581461429527E+00, -2.75250000000000E+00,  1.60878698598169E-01,  8.13700000000006E+01,  1.20658622415659E+04,  5.42143108465529E+04
 1.91775000000000E+03, -2.72941079999429E+00, -3.21750000000000E+00,  1.61243425732604E-01,  8.15500000000006E+01,  1.66073754595213E+04,  6.05705836442926E+04
 1.91783333300000E+03, -2.86528895998872E+00, -3.10500000000000E+00,  1.61606944780315E-01,  8.17300000000006E+01,  2.23892515463566E+04,  7.50526371056535E+04
 1.91791666700000E+03, -2.94373659104128E+00, -2.35500000000000E+00,  1.61969255442124E-01,  8.19100000000006E+01,  2.74989617045390E+04,  9.31168268519455E+04
 1.91800000000000E+03, -2.96499554702925E+00, -1.60000000000000E+00,  1.62330357430664E-01,  8.20900000000006E+01,  3.04162012453575E+04,  1.09747347011791E+05
 1.91808333300000E+03, -2.61163811828751E+00, -1.43000000000000E+00,  1.62690250470341E-01,  8.22700000000006E+01,  3.03377165909221E+04,  1.20536566540115E+05
 1.91816666700000E+03, -1.90343794633325E+00, -1.48000000000000E+00,  2.03816429874339E-01,  8.24500000000006E+01,  2.73129382698163E+04,  1.22573521126248E+05
 1.91825000000000E+03, -1.50942987296291E+00, -1.79500000000000E+00,  2.03991756581845E-01,  8.26300000000006E+01,  2.21695906300666E+04,  1.14965090121309E+05
 1.91833333300000E+03, -1.42046405423802E+00, -2.70000000000000E+00,  2.04165950297205E-01,  8.28100000000006E+01,  1.62582972481446E+04,  9.89016043606694E+04
 1.91841666700000E+03, -1.31319971366438E+00, -3.62000000000000E+00,  2.04339012111356E-01,  8.29900000000006E+01,  1.10862577703029E+04,  7.72802504231342E+04
 1.91850000000000E+03, -1.22796433120687E+00, -3.87000000000000E+00,  2.04510943121051E-01,  8.31700000000006E+01,  7.93308364695056E+03,  5.39931853147485E+04
 1.91858333300000E+03, -1.19884872763916E+00, -3.79500000000000E+00,  2.04681744428826E-01,  8.33500000000006E+01,  7.54208373093026E+03,  3.30530172959472E+04
 1.91866666700000E+03, -1.25680822216674E+00, -3.45750000000000E+00,  2.04851417142962E-01,  8.35300000000007E+01,  9.95840058737771E+03,  1.77534031529111E+04
 1.91875000000000E+03, -1.39952348336767E+00, -2.96000000000000E+00,  2.05019962377457E-01,  8.37100000000007E+01,  1.45472929638912E+04,  1.00435035425019E+04
 1.91883333300000E+03, -1.54516813957761E+00, -2.71000000000000E+00,  2.05187381251991E-01,  8.38900000000007E+01,  2.01810685438022E+04,  1.02381998851865E+04
 1.91891666700000E+03, -1.63402287684865E+00, -2.44250000000000E+00,  2.05353674891896E-01,  8.40700000000007E+01,  2.55425426662833E+04,  1.71055245846807E+04
 1.91900000000000E+03, -1.66632217542355E+00, -1.84750000000000E+00,  2.05518844428118E-01,  8.42500000000007E+01,  2.94660145259386E+04,  2.82874051553859E+04
 1.91908333300000E+03, -1.84750557910854E+00, -1.35250000000000E+00,  2.05682890997190E-01,  8.44300000000007E+01,  3.12296956288370E+04,  4.09385042522428E+04
 1.91916666700000E+03, -2.19476451251105E+00, -1.26250000000000E+00,  1.53014309526309E-01,  8.46100000000007E+01,  3.07275219816923E+04,  5.24256560734163E+04
 1.91925000000000E+03, -2.32854283608949E+00, -1.18500000000000E+00,  1.53404091021044E-01,  8.47900000000007E+01,  2.84795144541438E+04,  6.09251214349007E+04
 1.91933333300000E+03, -2.24174079000665E+00, -1.53250000000000E+00,  1.53792673407371E-01,  8.49700000000007E+01,  2.54804677337103E+04,  6.57860985652043E+04
 1.91941666700000E+03, -2.13620369704789E+00, -2.24500000000000E+00,  1.54180056131002E-01,  8.51500000000007E+01,  2.29267979788024E+04,  6.75881242320017E+04
 1.91950000000000E+03, -2.05225596423236E+00, -2.46000000000000E+00,  1.54566238650310E-01,  8.53300000000007E+01,  2.18912159798315E+04,  6.78928768869698E+04
 1.91958333300000E+03, -2.02398587169533E+00, -2.15250000000000E+00,  1.54951220436287E-01,  8.55100000000007E+01,  2.30274565738618E+04,  6.87607327716781E+04
 1.91966666700000E+03, -2.08234672656280E+00, -1.80500000000000E+00,  1.55335000972508E-01,  8.56900000000007E+01,  2.63797475338756E+04,  7.21538588613716E+04
 1.91975000000000E+03, -2.22501770939455E+00, -1.77250000000000E+00,  1.55717579755085E-01,  8.58700000000007E+01,  3.13460354210168E+04,  7.93699418069866E+04
 1.91983333300000E+03, -2.37017147859339E+00, -2.23000000000000E+00,  1.56098956292630E-01,  8.60500000000008E+01,  3.68064883529516E+04,  9.06399477307501E+04
 1.91991666700000E+03, -2.45808826245162E+00, -3.18500000000000E+00,  1.56479130106211E-01,  8.62300000000008E+01,  4.13885032981935E+04,  1.04983069366613E+05
 1.92000000000000E+03, -2.48900258904847E+00, -4.05250000000000E+00,  1.56858100729316E-01,  8.64100000000008E+01,  4.38059784483924E+04,  1.20352065264293E+05
 1.92008333300000E+03, -2.32475368034344E+00, -4.31250000000000E+00,  1.57235867707806E-01,  8.65900000000008E+01,  4.31918990512226E+04,  1.34036304159565E+05
 1.92016666700000E+03, -1.98912481587731E+00, -4.11750000000000E+00,  6.94016988051726E-02,  8.67700000000008E+01,  3.93437219194719E+04,  1.43232585409071E+05
 1.92025000000000E+03, -1.79655341205004E+00, -3.44500000000000E+00,  6.99766496492678E-02,  8.69500000000008E+01,  3.28204969463487E+04,  1.45657437210421E+05
 1.92033333300000E+03, -1.73373434333498E+00, -2.81000000000000E+00,  7.05507176377335E-02,  8.71300000000008E+01,  2.48645541018751E+04,  1.40066416980217E+05
 1.92041666700000E+03, -1.65247659882905E+00, -2.73500000000000E+00,  7.11238994740337E-02,  8.73100000000008E+01,  1.71610015712722E+04,  1.26566984472840E+05
 1.92050000000000E+03, -1.59304523889334E+00, -2.85000000000000E+00,  7.16961918804970E-02,  8.74900000000008E+01,  1.14858584477296E+04,  1.06656548754415E+05
 1.92058333300000E+03, -1.58946953938039E+00, -2.90500000000000E+00,  7.22675915982890E-02,  8.76700000000008E+01,  9.31974491179367E+03,  8.29761402836889E+04
 1.92066666700000E+03, -1.67264430992567E+00, -2.81500000000000E+00,  7.28380953873869E-02,  8.78500000000008E+01,  1.15127450249709E+04,  5.88300660925404E+04
 1.92075000000000E+03, -1.84019090033019E+00, -3.10250000000000E+00,  7.34077000265530E-02,  8.80300000000008E+01,  1.80754476425595E+04,  3.75702802267010E+04
 1.92083333300000E+03, -2.01022495929835E+00, -3.57000000000000E+00,  7.39764023133068E-02,  8.82100000000008E+01,  2.81437740960316E+04,  2.19712434600243E+04
 1.92091666700000E+03, -2.12297067635765E+00, -3.31750000000000E+00,  7.45441990638995E-02,  8.83900000000008E+01,  4.01272979447393E+04,  1.37216689396588E+04
 1.92100000000000E+03, -2.17860765608508E+00, -2.90250000000000E+00,  7.51110871132855E-02,  8.85700000000008E+01,  5.20109084387789E+04,  1.31342490497045E+04
 1.92108333300000E+03, -2.02317188406383E+00, -2.90000000000000E+00,  7.56770633150957E-02,  8.87500000000009E+01,  6.17467197800347E+04,  1.91290017196425E+04
 1.92116666700000E+03, -1.67111829288717E+00, -2.94500000000000E+00,  1.22437338251139E-01,  8.89300000000009E+01,  6.76542359975795E+04,  2.94899399500425E+04
 1.92125000000000E+03, -1.45939476543116E+00, -2.75250000000000E+00,  1.22909737611945E-01,  8.91100000000009E+01,  6.87458337190407E+04,  4.13398574645312E+04
 1.92133333300000E+03, -1.38461808339598E+00, -2.54500000000000E+00,  1.23381011732946E-01,  8.92900000000009E+01,  6.49114589798370E+04,  5.17351032905430E+04
 1.92141666700000E+03, -1.29246944717837E+00, -2.14750000000000E+00,  1.23851159061265E-01,  8.94700000000009E+01,  5.69269851435743E+04,  5.82595760282375E+04
 1.92150000000000E+03, -1.22323892469310E+00, -1.78750000000000E+00,  1.24320178059522E-01,  8.96500000000009E+01,  4.62880026866850E+04,  5.94988839253130E+04
 1.92158333300000E+03, -1.21097860682692E+00, -2.07750000000000E+00,  1.24788067205792E-01,  8.98300000000009E+01,  3.49067148186379E+04,  5.53009119083181E+04
 1.92166666700000E+03, -1.28660388550940E+00, -1.89000000000000E+00,  1.25254824993571E-01,  9.00100000000009E+01,  2.47365034401384E+04,  4.67725823853754E+04
 1.92175000000000E+03, -1.44775442500189E+00, -1.50250000000000E+00,  1.25720449931735E-01,  9.01900000000009E+01,  1.74012585584036E+04,  3.60156643716438E+04
 1.92183333300000E+03, -1.61256188995153E+00, -1.76000000000000E+00,  1.26184940544499E-01,  9.03700000000009E+01,  1.39026969298206E+04,  2.56566872544655E+04
 1.92191666700000E+03, -1.72126416257525E+00, -1.78250000000000E+00,  1.26648295371384E-01,  9.05500000000009E+01,  1.44601995935116E+04,  1.82672848973648E+04
 1.92200000000000E+03, -1.77405219735569E+00, -1.94250000000000E+00,  1.27110512967171E-01,  9.07300000000009E+01,  1.85088148737604E+04,  1.57937432908990E+04
 1.92208333300000E+03, -1.88866193713211E+00, -2.58500000000000E+00,  1.27571591901869E-01,  9.09100000000009E+01,  2.48485408925726E+04,  1.91138462696647E+04
 1.92216666700000E+03, -2.08025946022862E+00, -3.34500000000000E+00,  1.39805771445088E-01,  9.10900000000009E+01,  3.19087238016307E+04,  2.78153256519832E+04
 1.92225000000000E+03, -2.14266823462229E+00, -3.70750000000000E+00,  1.40233845290979E-01,  9.12700000000009E+01,  3.80711420111131E+04,  4.02476251373271E+04
 1.92233333300000E+03, -2.07090137085247E+00, -3.45250000000000E+00,  1.40660744940685E-01,  9.14500000000010E+01,  4.19875459649392E+04,  5.38450855704130E+04
 1.92241666700000E+03, -1.98118006217638E+00, -3.40250000000000E+00,  1.41086469409770E-01,  9.16300000000010E+01,  4.28326745300649E+04,  6.56649830940848E+04
 1.92250000000000E+03, -1.91380080170710E+00, -3.49500000000000E+00,  1.41511017727770E-01,  9.18100000000010E+01,  4.04499104855202E+04,  7.30384171432038E+04
 1.92258333300000E+03, -1.90282303188729E+00, -3.41750000000000E+00,  1.41934388938156E-01,  9.19900000000010E+01,  3.53695739894911E+04,  7.42047332723930E+04
 1.92266666700000E+03, -1.97917036374255E+00, -3.34000000000000E+00,  1.42356582098286E-01,  9.21700000000010E+01,  2.87042594202721E+04,  6.87968156947497E+04
 1.92275000000000E+03, -2.14049148885172E+00, -3.24250000000000E+00,  1.42777596279372E-01,  9.23500000000010E+01,  2.19467426507976E+04,  5.80668621854056E+04
 1.92283333300000E+03, -2.30492784703705E+00, -3.29500000000000E+00,  1.43197430566437E-01,  9.25300000000010E+01,  1.67102459792718E+04,  4.47871936021373E+04
 1.92291666700000E+03, -2.41272778385910E+00, -3.42250000000000E+00,  1.43616084058271E-01,  9.27100000000010E+01,  1.44565475222847E+04,  3.28209689281918E+04
 1.92300000000000E+03, -2.46409334574228E+00, -3.79500000000000E+00,  1.44033555867397E-01,  9.28900000000010E+01,  1.62548306831049E+04,  2.64228526531503E+04
 1.92308333300000E+03, -2.21469618921318E+00, -4.23500000000000E+00,  1.44449845120027E-01,  9.30700000000010E+01,  2.26051456063991E+04,  2.93876603602300E+04
 1.92316666700000E+03, -1.68436385308016E+00, -4.25750000000000E+00,  1.02495779399491E-02,  9.32500000000010E+01,  3.33476445809075E+04,  4.42042942506382E+04
 1.92325000000000E+03, -1.39542323874115E+00, -3.87250000000000E+00,  1.08912911281675E-02,  9.34300000000010E+01,  4.76651899758685E+04,  7.13840763591888E+04
 1.92333333300000E+03, -1.33761925439049E+00, -3.27500000000000E+00,  1.15325323338589E-02,  9.36100000000010E+01,  6.41747573605810E+04,  1.09112617058678E+05
 1.92341666700000E+03, -1.26011862078268E+00, -3.08750000000000E+00,  1.21732963487489E-02,  9.37900000000010E+01,  8.10935294302546E+04,  1.53324007762137E+05
 1.92350000000000E+03, -1.20319209346087E+00, -3.47000000000000E+00,  1.28135779848268E-02,  9.39700000000011E+01,  9.64589542515731E+04,  1.98222645352346E+05
 1.92358333300000E+03, -1.20087904196530E+00, -3.87000000000000E+00,  1.34533720743455E-02,  9.41500000000011E+01,  1.08377868991507E+05,  2.37193602310632E+05
 1.92366666700000E+03, -1.28408870739175E+00, -3.58750000000000E+00,  1.40926734698198E-02,  9.43300000000011E+01,  1.15277381878271E+05,  2.63962444225770E+05
 1.92375000000000E+03, -1.45046113458227E+00, -2.80000000000000E+00,  1.47314770440264E-02,  9.45100000000011E+01,  1.16129127272159E+05,  2.73805472256829E+05
 1.92383333300000E+03, -1.61813484125321E+00, -1.90500000000000E+00,  1.53697776900018E-02,  9.46900000000011E+01,  1.10618889939577E+05,  2.64584671847717E+05
 1.92391666700000E+03, -1.72736095977534E+00, -1.18500000000000E+00,  1.60075703210403E-02,  9.48700000000011E+01,  9.92361462696274E+04,  2.37395998548758E+05
 1.92400000000000E+03, -1.77834999885341E+00, -1.32250000000000E+00,  1.66448498706926E-02,  9.50500000000011E+01,  8.32638003975339E+04,  1.96675557772682E+05
 1.92408333300000E+03, -1.40319472798021E+00, -1.60250000000000E+00,  1.72816112927625E-02,  9.52300000000011E+01,  6.46581000681559E+04,  1.49698267846906E+05
 1.92416666700000E+03, -6.27318029266878E-01, -1.18000000000000E+00, -2.26914439030422E-03,  9.54100000000011E+01,  4.58224276292489E+04,  1.05513064066610E+05
 1.92425000000000E+03, -2.26552826173339E-01, -4.52500000000000E-01, -1.61934313569538E-03,  9.55900000000011E+01,  2.92952165527500E+04,  7.34680253103091E+04
 1.92433333300000E+03, -1.86510620362832E-01, -1.80000000000000E-01, -9.69908957047070E-04,  9.57700000000011E+01,  1.73892011597619E+04,  6.15669509310091E+04
 1.92441666700000E+03, -1.27862378960551E-01, -7.07500000000000E-01, -3.20847454821629E-04,  9.59500000000011E+01,  1.18331547038724E+04,  7.49474242544893E+04
 1.92450000000000E+03, -9.08051992440342E-02, -1.23500000000000E+00,  3.27835790718838E-04,  9.61300000000011E+01,  1.34745244199566E+04,  1.14767213407972E+05
 1.92458333300000E+03, -1.09302414776688E-01, -1.53000000000000E+00,  9.76135219520474E-04,  9.63100000000011E+01,  2.20989129135506E+04,  1.77728167511737E+05
 1.92466666700000E+03, -2.14185133923983E-01, -1.97250000000000E+00,  1.62404529174305E-03,  9.64900000000011E+01,  3.64087741208850E+04,  2.56362194567351E+05
 1.92475000000000E+03, -4.03013457652864E-01, -2.50000000000000E+00,  2.27156048776620E-03,  9.66700000000012E+01,  5.41798737021355E+04,  3.40069711920759E+05
 1.92483333300000E+03, -5.93844437109302E-01, -2.90750000000000E+00,  2.91867530819504E-03,  9.68500000000012E+01,  7.25833855445619E+04,  4.16761219790929E+05
 1.92491666700000E+03, -7.26846507145049E-01, -3.06000000000000E+00,  3.56538427386527E-03,  9.70300000000012E+01,  8.86294198091272E+04,  4.74833907147873E+05
 1.92500000000000E+03, -8.02146541230127E-01, -3.14500000000000E+00,  4.21168192584785E-03,  9.72100000000012E+01,  9.96608603702220E+04,  5.05141342132079E+05
 1.92508333300000E+03, -9.58767718848109E-01, -2.98750000000000E+00,  4.85756282545328E-03,  9.73900000000012E+01,  1.03810892402387E+05,  5.02601661909831E+05
 1.92516666700000E+03, -1.20321753932583E+00, -2.44250000000000E+00,  1.05988550463001E-01,  9.75700000000012E+01,  1.00338003051126E+05,  4.67143405851375E+05
 1.92525000000000E+03, -1.27849124704032E+00, -1.71250000000000E+00,  1.06497607867399E-01,  9.77500000000012E+01,  8.97700056506145E+04,  4.03800616107866E+05
 1.92533333300000E+03, -1.18921305719296E+00, -1.33500000000000E+00,  1.07005601204969E-01,  9.79300000000012E+01,  7.38215785416680E+04,  3.21920613582075E+05
 1.92541666700000E+03, -1.08207792951566E+00, -1.52750000000000E+00,  1.07512528382401E-01,  9.81100000000012E+01,  5.50922214365443E+04,  2.33611032672888E+05
 1.92550000000000E+03, -9.97403982843804E-01, -1.55000000000000E+00,  1.08018387323127E-01,  9.82900000000012E+01,  3.65951817269481E+04,  1.51696119128130E+05
 1.92558333300000E+03, -9.69271830946294E-01, -1.34250000000000E+00,  1.08523175967290E-01,  9.84700000000012E+01,  2.12036671884041E+04,  8.75476855317482E+04
 1.92566666700000E+03, -1.02862582569333E+00, -1.16750000000000E+00,  1.09026892271705E-01,  9.86500000000012E+01,  1.11205011797982E+04,  4.91838275307527E+04
 1.92575000000000E+03, -1.17313499453442E+00, -1.18750000000000E+00,  1.09529534209825E-01,  9.88300000000012E+01,  7.47620311103572E+03,  3.99817143385873E+04
 1.92583333300000E+03, -1.32096073272148E+00, -9.87500000000000E-01,  1.10031099771701E-01,  9.90100000000012E+01,  1.01374718807028E+04,  5.82372332925144E+04
 1.92591666700000E+03, -1.41237098859915E+00, -1.40000000000000E-01,  1.10531586963951E-01,  9.91900000000012E+01,  1.77670969551949E+04,  9.76451342705041E+04
 1.92600000000000E+03, -1.44758708722245E+00,  5.25000000000000E-01,  1.11030993809720E-01,  9.93700000000013E+01,  2.81254014557895E+04,  1.48599172863533E+05
 1.92608333300000E+03, -1.47341992086839E+00,  7.07500000000000E-01,  1.11529318348646E-01,  9.95500000000013E+01,  3.85529490983969E+04,  2.00056643692522E+05
 1.92616666700000E+03, -1.50989065549164E+00,  7.45000000000000E-01,  6.91425039364451E-02,  9.97300000000013E+01,  4.65352599354703E+04,  2.41606318197036E+05
 1.92625000000000E+03, -1.49761074021864E+00,  9.45000000000000E-01,  6.97178512598124E-02,  9.99100000000013E+01,  5.02314515508131E+04,  2.65344205263954E+05
 1.92633333300000E+03, -1.42683162528859E+00,  1.03750000000000E+00,  7.02923172181879E-02,  1.00090000000001E+02,  4.88547325090085E+04,  2.67204734277504E+05
 1.92641666700000E+03, -1.33801341425946E+00,  9.75000000000000E-01,  7.08658985065322E-02,  1.00270000000001E+02,  4.28229176175249E+04,  2.47507268465378E+05
 1.92650000000000E+03, -1.27143910946224E+00,  9.75000000000000E-01,  7.14385918386825E-02,  1.00450000000001E+02,  3.36456656530576E+04,  2.10636611632167E+05
 1.92658333300000E+03, -1.26115509216534E+00,  6.85000000000000E-01,  7.20103939473250E-02,  1.00630000000001E+02,  2.35718191719338E+04,  1.63949203784214E+05
 1.92666666700000E+03, -1.33807241701706E+00,  7.47500000000000E-01,  7.25813015839692E-02,  1.00810000000001E+02,  1.50728374835875E+04,  1.16148910414202E+05
 1.92675000000000E+03, -1.49982779672004E+00,  1.02250000000000E+00,  7.31513115189215E-02,  1.00990000000001E+02,  1.02752211015315E+04,  7.54768947099609E+04
 1.92683333300000E+03, -1.66455133667656E+00,  7.65000000000000E-01,  7.37204205412582E-02,  1.01170000000001E+02,  1.04675742848078E+04,  4.80889078201792E+04
 1.92691666700000E+03, -1.77248075951396E+00,  6.80000000000000E-01,  7.42886254587986E-02,  1.01350000000001E+02,  1.57932329072096E+04,  3.69452088265667E+04
 1.92700000000000E+03, -1.82380826407853E+00,  7.82500000000000E-01,  7.48559230980781E-02,  1.01530000000001E+02,  2.51998987482425E+04,  4.14239832191344E+04
 1.92708333300000E+03, -1.56691906092245E+00,  6.47500000000000E-01,  7.54223103043210E-02,  1.01710000000001E+02,  3.66617184745387E+04,  5.77130417391412E+04
 1.92716666700000E+03, -1.01915653737017E+00,  5.25000000000000E-01, -1.30855710776683E-01,  1.01890000000001E+02,  4.76288114096583E+04,  7.98697992765260E+04
 1.92725000000000E+03, -7.15072439849966E-01,  8.85000000000000E-01, -1.30270998297873E-01,  1.02070000000001E+02,  5.56076942719613E+04,  1.01300708550459E+05
 1.92733333300000E+03, -6.47191665891274E-01,  1.47750000000000E+00, -1.29685164766044E-01,  1.02250000000001E+02,  5.87449668844555E+04,  1.16327397864760E+05
 1.92741666700000E+03, -5.60038122575584E-01,  1.60000000000000E+00, -1.29098219049379E-01,  1.02430000000001E+02,  5.62832725235552E+04,  1.21494867310679E+05
 1.92750000000000E+03, -4.93890535965637E-01,  1.52000000000000E+00, -1.28510170007306E-01,  1.02610000000001E+02,  4.87841648609681E+04,  1.16338968767425E+05
 1.92758333300000E+03, -4.82794340888669E-01,  1.40250000000000E+00, -1.27921026490376E-01,  1.02790000000001E+02,  3.80619292439694E+04,  1.03452073222151E+05
 1.92766666700000E+03, -5.57663013349642E-01,  1.31250000000000E+00, -1.27330797340145E-01,  1.02970000000001E+02,  2.68350887796023E+04,  8.78407139266805E+04
 1.92775000000000E+03, -7.16139084744806E-01,  1.43000000000000E+00, -1.26739491389061E-01,  1.03150000000001E+02,  1.81646449138820E+04,  7.57235910371288E+04
 1.92783333300000E+03, -8.76361896569597E-01,  1.01750000000000E+00, -1.26147117460347E-01,  1.03330000000001E+02,  1.47963118118169E+04,  7.30394485156769E+04
 1.92791666700000E+03, -9.78581836772909E-01,  6.75000000000000E-02, -1.25553684367886E-01,  1.03510000000001E+02,  1.85472919691866E+04,  8.39962238975529E+04
 1.92800000000000E+03, -1.02300720134177E+00, -5.65000000000000E-01, -1.24959200916106E-01,  1.03690000000001E+02,  2.98710629288488E+04,  1.09982668256726E+05
 1.92808333300000E+03, -8.02408893664017E-01, -8.60000000000000E-01, -1.24363675899869E-01,  1.03870000000001E+02,  4.76973904099696E+04,  1.49084066842136E+05
 1.92816666700000E+03, -3.29084915459102E-01, -9.92500000000000E-01, -1.00812233338916E-01,  1.04050000000001E+02,  6.95869748983712E+04,  1.96312387681423E+05
 1.92825000000000E+03, -4.44986917287631E-02, -7.27500000000000E-01, -1.00182570688081E-01,  1.04230000000001E+02,  9.21732038262804E+04,  2.44506773937807E+05
 1.92833333300000E+03,  5.23393795325159E-02, -3.50000000000000E-02, -9.95522123161475E-02,  1.04410000000001E+02,  1.11801939809178E+05,  2.85716158651301E+05
 1.92841666700000E+03,  1.66707675773790E-01,  5.52500000000000E-01, -9.89211665311995E-02,  1.04590000000001E+02,  1.25237546815686E+05,  3.12772825049932E+05
 1.92850000000000E+03,  2.58238177097358E-01,  8.12500000000000E-01, -9.82894416275614E-02,  1.04770000000001E+02,  1.30288794990187E+05,  3.20725751597867E+05
 1.92858333300000E+03,  2.92801995337005E-01,  9.05000000000000E-01, -9.76570458857131E-02,  1.04950000000001E+02,  1.26225104929721E+05,  3.07833621165614E+05
 1.92866666700000E+03,  2.39408361420793E-01,  7.60000000000000E-01, -9.70239875722062E-02,  1.05130000000001E+02,  1.13898147678130E+05,  2.75912144039489E+05
 1.92875000000000E+03,  1.00343912297733E-01,  2.62500000000000E-01, -9.63902749395814E-02,  1.05310000000001E+02,  9.55464023471388E+04,  2.29967927583166E+05
 1.92883333300000E+03, -4.25947817142888E-02, -4.15000000000000E-01, -9.57559162262842E-02,  1.05490000000001E+02,  7.43272676404343E+04,  1.77201634306464E+05
 1.92891666700000E+03, -1.29715192968836E-01, -8.35000000000000E-01, -9.51209196565833E-02,  1.05670000000001E+02,  5.36781970806087E+04,  1.25594293543298E+05
 1.92900000000000E+03, -1.61275459829982E-01, -9.50000000000000E-01, -9.44852934404895E-02,  1.05850000000002E+02,  3.66428447040100E+04,  8.23746298046518E+04
 1.92908333300000E+03, -3.27980418287183E-01, -9.80000000000000E-01, -9.38490457736746E-02,  1.06030000000002E+02,  2.53031082990166E+04,  5.26848959292718E+04
 1.92916666700000E+03, -6.50532773013317E-01, -7.72500000000000E-01,  6.68629935220569E-02,  1.06210000000002E+02,  2.04325222276415E+04,  3.87147707772817E+04
 1.92925000000000E+03, -7.82477480240240E-01, -6.12500000000000E-01,  6.74417870714533E-02,  1.06390000000002E+02,  2.14366101425694E+04,  3.94687645118845E+04
 1.92933333300000E+03, -7.13386136436680E-01, -1.10750000000000E+00,  6.80197124860628E-02,  1.06570000000002E+02,  2.65827663146770E+04,  5.11955028418099E+04
 1.92941666700000E+03, -6.26912880760983E-01, -1.72250000000000E+00,  6.85967663860904E-02,  1.06750000000002E+02,  3.34599489392238E+04,  6.83671302787978E+04
 1.92950000000000E+03, -5.63343976220620E-01, -1.80000000000000E+00,  6.91729454107177E-02,  1.06930000000002E+02,  3.95605299785177E+04,  8.49838749576262E+04
 1.92958333300000E+03, -5.56727175545720E-01, -1.41750000000000E+00,  6.97482462180782E-02,  1.07110000000002E+02,  4.28532776566301E+04,  9.59161740899963E+04
 1.92966666700000E+03, -6.37972976980953E-01, -8.80000000000000E-01,  7.03226654852314E-02,  1.07290000000002E+02,  4.22222902234838E+04,  9.79969444277781E+04
 1.92975000000000E+03, -8.04715575335019E-01, -7.55000000000000E-01,  7.08961999081372E-02,  1.07470000000002E+02,  3.76798645992914E+04,  9.06381075534386E+04
 1.92983333300000E+03, -9.75080565987763E-01, -1.20750000000000E+00,  7.14688462016293E-02,  1.07650000000002E+02,  3.03138755393233E+04,  7.58537075339563E+04
 1.92991666700000E+03, -1.08929914651794E+00, -1.55750000000000E+00,  7.20406010993901E-02,  1.07830000000002E+02,  2.19902120196684E+04,  5.77025531958944E+04
 1.93000000000000E+03, -1.14755495847490E+00, -1.55500000000000E+00,  7.26114613539237E-02,  1.08010000000002E+02,  1.48847204376937E+04,  4.12877242139089E+04
 1.93008333300000E+03, -8.39145971018347E-01, -1.45750000000000E+00,  7.31814237365292E-02,  1.08190000000002E+02,  1.09551143150427E+04,  3.15419908405787E+04
 1.93016666700000E+03, -1.81947147407745E-01, -1.47250000000000E+00, -1.17208317450177E-02,  1.08370000000002E+02,  1.14738330524479E+04,  3.20684192146262E+04
 1.93025000000000E+03,  1.70209223870438E-01, -1.60250000000000E+00, -1.10663532056047E-02,  1.08550000000002E+02,  1.67261176565201E+04,  4.42869445686841E+04
 1.93033333300000E+03,  2.24172880838875E-01, -1.32000000000000E+00, -1.04121583441368E-02,  1.08730000000002E+02,  2.59379868621030E+04,  6.70660807439569E+04
 1.93041666700000E+03,  2.94490696046345E-01, -5.67500000000000E-01, -9.75825305275188E-03,  1.08910000000002E+02,  3.74457232075561E+04,  9.69110232851809E+04
 1.93050000000000E+03,  3.40947091987259E-01,  2.35000000000000E-01, -9.10464320352751E-03,  1.09090000000002E+02,  4.90640989677566E+04,  1.28659299033812E+05
 1.93058333300000E+03,  3.29567458515679E-01,  1.18000000000000E+00, -8.45133464846829E-03,  1.09270000000002E+02,  5.85670777928076E+04,  1.56528778104857E+05
 1.93066666700000E+03,  2.29516610023865E-01,  2.08000000000000E+00, -7.79833321949378E-03,  1.09450000000002E+02,  6.41715805283386E+04,  1.75292460729148E+05
 1.93075000000000E+03,  4.32375398537892E-02,  2.07250000000000E+00, -7.14564472842733E-03,  1.09630000000002E+02,  6.49167707548507E+04,  1.81333713377412E+05
 1.93083333300000E+03, -1.47316583788906E-01,  1.58750000000000E+00, -6.49327496698416E-03,  1.09810000000002E+02,  6.08571362670745E+04,  1.73367202568470E+05
 1.93091666700000E+03, -2.82296925359079E-01,  1.34500000000000E+00, -5.84122970676115E-03,  1.09990000000002E+02,  5.30310077752926E+04,  1.52686071454536E+05
 1.93100000000000E+03, -3.61806133448957E-01,  1.05750000000000E+00, -5.18951469922688E-03,  1.10170000000002E+02,  4.32168878214229E+04,  1.22897387947849E+05
 1.93108333300000E+03,  4.77478442771903E-02,  9.47500000000000E-01, -4.53813567571012E-03,  1.10350000000002E+02,  3.35365085368903E+04,  8.92132176494363E+04
 1.93116666700000E+03,  9.38680786768090E-01,  1.24250000000000E+00, -2.15607794173504E-01,  1.10530000000002E+02,  2.59956124480924E+04,  5.74516862851269E+04
 1.93125000000000E+03,  1.42199853664586E+00,  1.64750000000000E+00, -2.15475491060558E-01,  1.10710000000002E+02,  2.20643272094509E+04,  3.29538702061444E+04
 1.93133333300000E+03,  1.49501399034354E+00,  2.13250000000000E+00, -2.15340207890545E-01,  1.10890000000002E+02,  2.23869264634221E+04,  1.96294390111124E+04
 1.93141666700000E+03,  1.58520439915722E+00,  2.34750000000000E+00, -2.15201951487029E-01,  1.11070000000002E+02,  2.66791985747208E+04,  1.93076501311313E+04
 1.93150000000000E+03,  1.65228095012854E+00,  1.97750000000000E+00, -2.15060728705918E-01,  1.11250000000002E+02,  3.38283193652461E+04,  3.15006130146356E+04
 1.93158333300000E+03,  1.66219371747420E+00,  1.86000000000000E+00, -2.14916546435219E-01,  1.11430000000002E+02,  4.21651619705235E+04,  5.35991367975395E+04
 1.93166666700000E+03,  1.58403036782897E+00,  2.45500000000000E+00, -2.14769411594787E-01,  1.11610000000002E+02,  4.98424993223727E+04,  8.14368483129398E+04
 1.93175000000000E+03,  1.42015516725712E+00,  2.36250000000000E+00, -2.14619331136077E-01,  1.11790000000002E+02,  5.52323893538197E+04,  1.10092758068584E+05
 1.93183333300000E+03,  1.25244123423542E+00,  1.48000000000000E+00, -2.14466312041896E-01,  1.11970000000002E+02,  5.72560117162357E+04,  1.34767884299971E+05
 1.93191666700000E+03,  1.14065629132713E+00,  1.40250000000000E+00, -2.14310361326160E-01,  1.12150000000002E+02,  5.55784601973550E+04,  1.51572278706841E+05
 1.93200000000000E+03,  1.08461577495593E+00,  1.84250000000000E+00, -2.14151486033639E-01,  1.12330000000002E+02,  5.06342666446711E+04,  1.58091382009566E+05
 1.93208333300000E+03,  1.16359947918114E+00,  2.16750000000000E+00, -2.13989693239718E-01,  1.12510000000002E+02,  4.34885572631692E+04,  1.53655227692391E+05
 1.93216666700000E+03,  1.36490595406827E+00,  2.30000000000000E+00, -2.12525409406168E-01,  1.12690000000002E+02,  3.55745796627116E+04,  1.39297095742189E+05
 1.93225000000000E+03,  1.50317999384196E+00,  2.02250000000000E+00, -2.12336679863566E-01,  1.12870000000002E+02,  2.83729386960218E+04,  1.17445938043806E+05
 1.93233333300000E+03,  1.58099240571092E+00,  1.87000000000000E+00, -2.12145107803857E-01,  1.13050000000002E+02,  2.31062684110287E+04,  9.14381591392285E+04
 1.93241666700000E+03,  1.67667731316316E+00,  2.24250000000000E+00, -2.11950700632754E-01,  1.13230000000002E+02,  2.05142709521057E+04,  6.49529941803848E+04
 1.93250000000000E+03,  1.74991307605597E+00,  2.89250000000000E+00, -2.11753465783562E-01,  1.13410000000002E+02,  2.07511328971519E+04,  4.14714075203709E+04
 1.93258333300000E+03,  1.76661531705935E+00,  3.41250000000000E+00, -2.11553410716941E-01,  1.13590000000002E+02,  2.34164722357537E+04,  2.38359242623637E+04
 1.93266666700000E+03,  1.69583575862902E+00,  3.20250000000000E+00, -2.11350542920664E-01,  1.13770000000002E+02,  2.76998741761479E+04,  1.39562560876718E+04
 1.93275000000000E+03,  1.53990136620389E+00,  2.33250000000000E+00, -2.11144869909372E-01,  1.13950000000002E+02,  3.25950500911736E+04,  1.26720965346352E+04
 1.93283333300000E+03,  1.38064674208187E+00,  1.47750000000000E+00, -2.10936399224340E-01,  1.14130000000002E+02,  3.71278936553474E+04,  1.97577074377258E+04
 1.93291666700000E+03,  1.27780002066352E+00,  9.97500000000000E-01, -2.10725138433231E-01,  1.14310000000002E+02,  4.05451467340895E+04,  3.40373737465402E+04
 1.93300000000000E+03,  1.23113612470085E+00,  1.02750000000000E+00, -2.10511095129861E-01,  1.14490000000002E+02,  4.24254008873784E+04,  5.35770347634865E+04
 1.93308333300000E+03,  1.02701624775088E+00,  1.18500000000000E+00, -2.10294276933956E-01,  1.14670000000002E+02,  4.26971449470118E+04,  7.59224866551553E+04
 1.93316666700000E+03,  6.50385503421993E-01,  1.32750000000000E+00, -9.13839135275074E-02,  1.14850000000002E+02,  4.15732289773393E+04,  9.83634533189334E+04
 1.93325000000000E+03,  4.98913643340465E-01,  1.96750000000000E+00, -9.07447586443825E-02,  1.15030000000002E+02,  3.94311137125312E+04,  1.18210238095747E+05
 1.93333333300000E+03,  5.76702130700912E-01,  2.55000000000000E+00, -9.01050300896289E-02,  1.15210000000002E+02,  3.66788311934601E+04,  1.33071829082105E+05
 1.93341666700000E+03,  6.71141971773268E-01,  2.60000000000000E+00, -8.94647359583379E-02,  1.15390000000002E+02,  3.36456135592298E+04,  1.41120213088402E+05
 1.93350000000000E+03,  7.41926987512887E-01,  2.66500000000000E+00, -8.88238843306474E-02,  1.15570000000002E+02,  3.05246841493334E+04,  1.41317267737785E+05
 1.93358333300000E+03,  7.54993211025145E-01,  2.67000000000000E+00, -8.81824832716666E-02,  1.15750000000002E+02,  2.73775006022907E+04,  1.33572283270193E+05
 1.93366666700000E+03,  6.79417687423854E-01,  2.70500000000000E+00, -8.75405408314001E-02,  1.15930000000002E+02,  2.41891840428652E+04,  1.18795088681780E+05
 1.93375000000000E+03,  5.17557561874644E-01,  2.42000000000000E+00, -8.68980650446756E-02,  1.16110000000002E+02,  2.09495114599289E+04,  9.88161057423762E+04
 1.93383333300000E+03,  3.51282401043323E-01,  1.18750000000000E+00, -8.62550639310687E-02,  1.16290000000002E+02,  1.77269121536580E+04,  7.61620054293867E+04
 1.93391666700000E+03,  2.40359997202379E-01, -1.12500000000000E-01, -8.56115454948313E-02,  1.16470000000002E+02,  1.47061785010043E+04,  5.37020477455601E+04
 1.93400000000000E+03,  1.84609515534583E-01, -1.07000000000000E+00, -8.49675177248181E-02,  1.16650000000002E+02,  1.21729746011878E+04,  3.42102837126294E+04
 1.93408333300000E+03,  2.92854663983401E-01, -1.79750000000000E+00, -8.43229885944159E-02,  1.16830000000002E+02,  1.04460384430696E+04,  1.99149676567113E+04
 1.93416666700000E+03,  5.51218553028985E-01, -1.80500000000000E+00, -1.55086959852297E-01,  1.17010000000002E+02,  9.77600233412934E+03,  1.21208496528202E+04
 1.93425000000000E+03,  7.13916130702627E-01, -1.31750000000000E+00, -1.54559740677009E-01,  1.17190000000002E+02,  1.02426504516270E+04,  1.09865275548431E+04
 1.93433333300000E+03,  7.84353819442094E-01, -7.52500000000000E-01, -1.54031007828907E-01,  1.17370000000002E+02,  1.16861814615761E+04,  1.55156654617868E+04
 1.93441666700000E+03,  8.71428352019493E-01,  2.70000000000000E-01, -1.53500770433205E-01,  1.17550000000002E+02,  1.37011108813451E+04,  2.37805193504150E+04
 1.93450000000000E+03,  9.34847678637573E-01,  1.09000000000000E+00, -1.52969037612153E-01,  1.17730000000002E+02,  1.57052551392806E+04,  3.33465231271911E+04
 1.93458333300000E+03,  9.40561295146509E-01,  1.13500000000000E+00, -1.52435818484891E-01,  1.17910000000002E+02,  1.70748756738399E+04,  4.18186665456463E+04
 1.93466666700000E+03,  8.57659021326461E-01,  1.29250000000000E+00, -1.51901122167295E-01,  1.18090000000002E+02,  1.73162662726206E+04,  4.73958630847237E+04
 1.93475000000000E+03,  6.88510070421792E-01,  1.20750000000000E+00, -1.51364957771840E-01,  1.18270000000002E+02,  1.62297442043459E+04,  4.93081969689115E+04
 1.93483333300000E+03,  5.14995355880175E-01,  4.57500000000000E-01, -1.50827334407444E-01,  1.18450000000002E+02,  1.40186425866357E+04,  4.80288565239576E+04
 1.93491666700000E+03,  3.96893283000843E-01,  8.25000000000000E-02, -1.50288261179330E-01,  1.18630000000002E+02,  1.13052996649164E+04,  4.51963001496109E+04
 1.93500000000000E+03,  3.34032886736022E-01, -1.82500000000000E-01, -1.49747747188880E-01,  1.18810000000002E+02,  9.03670078202385E+03,  4.32447382634888E+04
 1.93508333300000E+03,  3.66233078726226E-01, -9.90000000000000E-01, -1.49205801533487E-01,  1.18990000000002E+02,  8.28976746627469E+03,  4.48091227986478E+04
 1.93516666700000E+03,  4.83533547490582E-01, -9.95000000000000E-01, -1.89814824438077E-01,  1.19170000000002E+02,  1.00136631086658E+04,  5.20288815801787E+04
 1.93525000000000E+03,  5.82521959845665E-01,  2.05000000000000E-01, -1.90258216905091E-01,  1.19350000000002E+02,  1.47667962467263E+04,  6.59081619059081E+04
 1.93533333300000E+03,  6.63555486061911E-01,  1.06750000000000E+00, -1.90698154357284E-01,  1.19530000000002E+02,  2.25136855428923E+04,  8.58896236292322E+04
 1.93541666700000E+03,  7.63024704054828E-01,  1.01000000000000E+00, -1.91134634347207E-01,  1.19710000000002E+02,  3.25386140335226E+04,  1.09761484838468E+05
 1.93550000000000E+03,  8.40614350159718E-01,  5.52500000000000E-01, -1.91567654501323E-01,  1.19890000000002E+02,  4.35099155230480E+04,  1.33949634537902E+05
 1.93558333300000E+03,  8.62245551856276E-01,  4.00000000000000E-02, -1.91997212519820E-01,  1.20070000000002E+02,  5.36954272098003E+04,  1.54161788534054E+05
 1.93566666700000E+03,  7.96974707290556E-01, -2.67500000000000E-01, -1.92423306176406E-01,  1.20250000000002E+02,  6.12935446550279E+04,  1.66267300769209E+05
 1.93575000000000E+03,  6.47132669478797E-01, -1.82500000000000E-01, -1.92845933318119E-01,  1.20430000000002E+02,  6.48139949627383E+04,  1.67233590425559E+05
 1.93583333300000E+03,  4.94557181628874E-01,  2.57500000000000E-01, -1.93265091865124E-01,  1.20610000000002E+02,  6.34255679000643E+04,  1.55913838839702E+05
 1.93591666700000E+03,  3.98978809468166E-01,  8.47500000000000E-01, -1.93680779810517E-01,  1.20790000000002E+02,  5.71894748431997E+04,  1.33498867343692E+05
 1.93600000000000E+03,  3.60174232245013E-01,  1.25000000000000E+00, -1.94092995220121E-01,  1.20970000000002E+02,  4.71174927540173E+04,  1.03507444788858E+05
 1.93608333300000E+03,  3.61643557348342E-01,  1.50250000000000E+00, -1.94501736232289E-01,  1.21150000000002E+02,  3.50298623007804E+04,  7.12823532142479E+04
 1.93616666700000E+03,  3.91229935170913E-01,  1.77250000000000E+00, -1.98913971008089E-01,  1.21330000000002E+02,  2.32315163025790E+04,  4.30652723162313E+04
 1.93625000000000E+03,  4.55638193631513E-01,  1.83250000000000E+00, -1.99279516139979E-01,  1.21510000000002E+02,  1.40669089819347E+04,  2.48190615131432E+04
 1.93633333300000E+03,  5.56889841023894E-01,  1.75750000000000E+00, -1.99641568827130E-01,  1.21690000000002E+02,  9.44380766545517E+03,  2.10296836386937E+04
 1.93641666700000E+03,  6.77002099917458E-01,  1.82000000000000E+00, -2.00000128229085E-01,  1.21870000000002E+02,  1.04274947514118E+04,  3.37363426479979E+04
 1.93650000000000E+03,  7.75628533784160E-01,  1.94250000000000E+00, -2.00355193574692E-01,  1.22050000000002E+02,  1.69956066185924E+04,  6.20017903031330E+04
 1.93658333300000E+03,  8.18658811441142E-01,  1.94000000000000E+00, -2.00706764161880E-01,  1.22230000000002E+02,  2.80120145485909E+04,  1.01951083149148E+05
 1.93666666700000E+03,  7.75117613598747E-01,  1.61000000000000E+00, -2.01054839357445E-01,  1.22410000000002E+02,  4.14322152724042E+04,  1.47392817207281E+05
 1.93675000000000E+03,  6.47303844406306E-01,  9.50000000000000E-01, -2.01399418596827E-01,  1.22590000000002E+02,  5.47025577117099E+04,  1.90915776693367E+05
 1.93683333300000E+03,  5.17023095348932E-01,  4.22500000000000E-01, -2.01740501383896E-01,  1.22770000000002E+02,  6.52724452324503E+04,  2.25251967556186E+05
 1.93691666700000E+03,  4.43973606023251E-01,  3.67500000000000E-01, -2.02078087290728E-01,  1.22950000000002E+02,  7.11122944740999E+04,  2.44636665731874E+05
 1.93700000000000E+03,  4.27899584357064E-01,  5.50000000000000E-01, -2.02412175957383E-01,  1.23130000000002E+02,  7.11268031441972E+04,  2.45891371877660E+05
 1.93708333300000E+03,  5.79311693323848E-01,  7.55000000000000E-01, -2.02742767091684E-01,  1.23310000000002E+02,  6.53741852873644E+04,  2.29008607158022E+05
 1.93716666700000E+03,  8.76492444992900E-01,  8.25000000000000E-01, -2.11959866239467E-01,  1.23490000000002E+02,  5.50432023462362E+04,  1.97117960223497E+05
 1.93725000000000E+03,  1.06230590737140E+00,  8.65000000000000E-01, -2.11762763620349E-01,  1.23670000000002E+02,  4.21921733619160E+04,  1.55839870172206E+05
 1.93733333300000E+03,  1.14789326309912E+00,  1.89750000000000E+00, -2.11562840433875E-01,  1.23850000000002E+02,  2.93061429845755E+04,  1.12160387817434E+05
 1.93741666700000E+03,  1.25165265328025E+00,  4.05250000000000E+00, -2.11360104166553E-01,  1.24030000000002E+02,  1.87683937199892E+04,  7.30594202426017E+04
 1.93750000000000E+03,  1.33325407026671E+00,  5.60750000000000E+00, -2.11154562331774E-01,  1.24210000000002E+02,  1.23614396797725E+04,  4.41752529059702E+04
 1.93758333300000E+03,  1.35860465778353E+00,  5.70000000000000E+00, -2.10946222469569E-01,  1.24390000000002E+02,  1.09061149626374E+04,  2.87784526754645E+04
 1.93766666700000E+03,  1.29674756408194E+00,  4.70250000000000E+00, -2.10735092146372E-01,  1.24570000000002E+02,  1.41166598570982E+04,  2.72605543262122E+04
 1.93775000000000E+03,  1.15000110030712E+00,  3.33500000000000E+00, -2.10521178954779E-01,  1.24750000000002E+02,  2.07015729570189E+04,  3.72318247795111E+04
 1.93783333300000E+03,  1.00019115231111E+00,  2.84500000000000E+00, -2.10304490513310E-01,  1.24930000000002E+02,  2.86851813638108E+04,  5.41919747058910E+04
 1.93791666700000E+03,  9.07037089036298E-01,  2.87250000000000E+00, -2.10085034466168E-01,  1.25110000000002E+02,  3.58757015068242E+04,  7.26162612490843E+04
 1.93800000000000E+03,  8.70305030892918E-01,  2.25750000000000E+00, -2.09862818483001E-01,  1.25290000000002E+02,  4.03731199120915E+04,  8.72133132791802E+04
 1.93808333300000E+03,  1.01461029648121E+00,  1.72750000000000E+00, -2.09637850258668E-01,  1.25470000000002E+02,  4.10018678419009E+04,  9.40787242428884E+04
 1.93816666700000E+03,  1.32693982769855E+00,  1.91250000000000E+00, -2.14971772921504E-01,  1.25650000000002E+02,  3.75709069108036E+04,  9.14966250743404E+04
 1.93825000000000E+03,  1.53072445199074E+00,  2.13250000000000E+00, -2.15121854600941E-01,  1.25830000000002E+02,  3.09034965573712E+04,  8.02233671589590E+04
 1.93833333300000E+03,  1.62849512719983E+00,  1.96750000000000E+00, -2.15268514005374E-01,  1.26010000000002E+02,  2.26315793586730E+04,  6.32045959987682E+04
 1.93841666700000E+03,  1.74408629821279E+00,  1.80000000000000E+00, -2.15411754150789E-01,  1.26190000000002E+02,  1.48034229232923E+04,  4.48031958980466E+04
 1.93850000000000E+03,  1.83717273989029E+00,  2.13000000000000E+00, -2.15551578107765E-01,  1.26370000000002E+02,  9.39567369107200E+03,  2.97228310389720E+04
 1.93858333300000E+03,  1.87366645443846E+00,  2.71500000000000E+00, -2.15687989001230E-01,  1.26550000000002E+02,  7.84262437896491E+03,  2.18765141127114E+04
 1.93866666700000E+03,  1.82261549150793E+00,  3.11750000000000E+00, -2.15820990010200E-01,  1.26730000000002E+02,  1.06913446668485E+04,  2.34578655055048E+04
 1.93875000000000E+03,  1.68634307485586E+00,  3.28500000000000E+00, -2.15950584367534E-01,  1.26910000000002E+02,  1.74623333344931E+04,  3.44232513591137E+04
 1.93883333300000E+03,  1.54667998458808E+00,  2.97000000000000E+00, -2.16076775359677E-01,  1.27090000000002E+02,  2.67481524802665E+04,  5.24974715515252E+04
 1.93891666700000E+03,  1.46335043662012E+00,  2.17000000000000E+00, -2.16199566326408E-01,  1.27270000000002E+02,  3.65278940162409E+04,  7.36959714587911E+04
 1.93900000000000E+03,  1.43612532355695E+00,  1.36000000000000E+00, -2.16318960660586E-01,  1.27450000000002E+02,  4.46257915049469E+04,  9.32397638519235E+04
 1.93908333300000E+03,  1.10683668527434E+00,  5.92500000000000E-01, -2.16434961807896E-01,  1.27630000000002E+02,  4.92091492009375E+04,  1.06651568961567E+05
 1.93916666700000E+03,  4.66238708159770E-01,  2.15000000000000E-01, -1.32497841585162E-01,  1.27810000000002E+02,  4.92115838821558E+04,  1.10782542358155E+05
 1.93925000000000E+03,  2.07623559498726E-01,  5.97500000000000E-01, -1.33247094554886E-01,  1.27990000000002E+02,  4.45844495804246E+04,  1.04536707453126E+05
 1.93933333300000E+03,  3.30775177489880E-01,  1.14500000000000E+00, -1.33993487131137E-01,  1.28170000000002E+02,  3.63183710722835E+04,  8.91303133131954E+04
 1.93941666700000E+03,  4.73422657443516E-01,  1.90000000000000E+00, -1.34737009149338E-01,  1.28350000000002E+02,  2.62291162477012E+04,  6.78295221217349E+04
 1.93950000000000E+03,  5.95138321621833E-01,  2.81500000000000E+00, -1.35477650530655E-01,  1.28530000000002E+02,  1.65556450590123E+04,  4.52278371926292E+04
 1.93958333300000E+03,  6.61726641520012E-01,  3.11750000000000E+00, -1.36215401281965E-01,  1.28710000000002E+02,  9.46086288602330E+03,  2.62278154464625E+04
 1.93966666700000E+03,  6.42123693747296E-01,  2.27250000000000E+00, -1.36950251495808E-01,  1.28890000000002E+02,  6.54767629806471E+03,  1.49567774297836E+04
 1.93975000000000E+03,  5.38536924731624E-01,  3.57500000000000E-01, -1.37682191350351E-01,  1.29070000000002E+02,  8.49942495208015E+03,  1.38591285239371E+04
 1.93983333300000E+03,  4.32678170487914E-01, -1.00000000000000E+00, -1.38411211109340E-01,  1.29250000000002E+02,  1.49255192922248E+04,  2.31661642463846E+04
 1.93991666700000E+03,  3.84150168198748E-01, -6.87500000000000E-01, -1.39137301122056E-01,  1.29430000000002E+02,  2.44466516690055E+04,  4.08578277114340E+04
 1.94000000000000E+03,  3.92600421353204E-01, -4.35000000000000E-01, -1.39860451823264E-01,  1.29610000000002E+02,  3.49998894843867E+04,  6.31197637356970E+04
 1.94008333300000E+03,  3.25123204156694E-01, -1.23500000000000E+00, -1.40580653733163E-01,  1.29790000000002E+02,  4.42945998281280E+04,  8.51884695382957E+04
 1.94016666700000E+03,  1.59737284489623E-01, -1.34500000000000E+00, -1.95754296838968E-01,  1.29970000000002E+02,  5.03166546018111E+04,  1.02392245879945E+05
 1.94025000000000E+03,  1.26087633507938E-01, -5.75000000000000E-01, -1.96148708428716E-01,  1.30150000000002E+02,  5.17682067150459E+04,  1.11154823941820E+05
 1.94033333300000E+03,  2.36208008939744E-01, -9.50000000000000E-02, -1.96539637219449E-01,  1.30330000000002E+02,  4.83456386176609E+04,  1.09740563985952E+05
 1.94041666700000E+03,  3.65684213113167E-01,  2.55000000000000E-01, -1.96927081788872E-01,  1.30510000000002E+02,  4.07953901548769E+04,  9.85815203403220E+04
 1.94050000000000E+03,  4.74128527625649E-01,  7.17500000000000E-01, -1.97311040785753E-01,  1.30690000000002E+02,  3.07376830647391E+04,  8.01228612378483E+04
 1.94058333300000E+03,  5.27387406326770E-01,  7.65000000000000E-01, -1.97691512929715E-01,  1.30870000000002E+02,  2.03001687163836E+04,  5.82318834855816E+04
 1.94066666700000E+03,  4.94440647710017E-01,  2.00000000000000E-01, -1.98068497011021E-01,  1.31050000000002E+02,  1.16454626570808E+04,  3.73124283235458E+04
 1.94075000000000E+03,  3.77540873231342E-01, -5.75000000000000E-01, -1.98441991890369E-01,  1.31230000000002E+02,  6.49904213748241E+03,  2.13292922437450E+04
 1.94083333300000E+03,  2.58446260405083E-01, -1.18750000000000E+00, -1.98811996498677E-01,  1.31410000000002E+02,  5.78224200008609E+03,  1.29626493299084E+04
 1.94091666700000E+03,  1.96806767693739E-01, -1.23500000000000E+00, -1.99178509836866E-01,  1.31590000000002E+02,  9.42983023556106E+03,  1.30779498362938E+04
 1.94100000000000E+03,  1.92317715393194E-01, -4.77500000000000E-01, -1.99541530975653E-01,  1.31770000000002E+02,  1.64289458726469E+04,  2.06210212129355E+04
 1.94108333300000E+03,  4.59923750927639E-01,  5.87500000000000E-01, -1.99901059055328E-01,  1.31950000000002E+02,  2.50659788668037E+04,  3.29491735904953E+04
 1.94116666700000E+03,  9.79527990079319E-01,  9.92500000000000E-01, -2.15948996642581E-01,  1.32130000000002E+02,  3.33217513548736E+04,  4.65099592947424E+04
 1.94125000000000E+03,  1.28664657111599E+00,  6.80000000000000E-01, -2.16075229858683E-01,  1.32310000000003E+02,  3.93235092591207E+04,  5.77024444983524E+04
 1.94133333300000E+03,  1.39070862077926E+00,  2.37500000000000E-01, -2.16198063007591E-01,  1.32490000000003E+02,  4.17516843388068E+04,  6.37184841829711E+04
 1.94141666700000E+03,  1.51290831990885E+00,  1.57500000000000E-01, -2.16317499481507E-01,  1.32670000000003E+02,  4.01120888198010E+04,  6.31712769682081E+04
 1.94150000000000E+03,  1.61291169214112E+00,  1.03000000000000E+00, -2.16433542725464E-01,  1.32850000000003E+02,  3.48167673874648E+04,  5.63721979196661E+04
 1.94158333300000E+03,  1.65662153615787E+00,  2.31500000000000E+00, -2.16546196237070E-01,  1.33030000000003E+02,  2.70613009383568E+04,  4.52013350955196E+04
 1.94166666700000E+03,  1.61307627340325E+00,  3.19500000000000E+00, -2.16655463566256E-01,  1.33210000000003E+02,  1.85325046764532E+04,  3.26122609628809E+04
 1.94175000000000E+03,  1.48458910186957E+00,  3.75500000000000E+00, -2.16761348315021E-01,  1.33390000000003E+02,  1.10176349016347E+04,  2.18952522160417E+04
 1.94183333300000E+03,  1.35298040719468E+00,  3.75250000000000E+00, -2.16863854137176E-01,  1.33570000000003E+02,  6.00616410058627E+03,  1.58763820247691E+04
 1.94191666700000E+03,  1.27796366813416E+00,  2.88750000000000E+00, -2.16962984738094E-01,  1.33750000000003E+02,  4.37380936811356E+03,  1.62409847008937E+04
 1.94200000000000E+03,  1.25929872284443E+00,  1.92500000000000E+00, -2.17058743874450E-01,  1.33930000000003E+02,  6.21672055961864E+03,  2.31372151370420E+04
 1.94208333300000E+03,  1.21377624916654E+00,  1.74750000000000E+00, -2.17151135353969E-01,  1.34110000000003E+02,  1.08671497861736E+04,  3.51472364599126E+04
 1.94216666700000E+03,  1.12996926387219E+00,  1.90500000000000E+00, -1.53256325784212E-01,  1.34290000000003E+02,  1.70794043048292E+04,  4.96264385612812E+04
 1.94225000000000E+03,  1.14826656698621E+00,  1.96250000000000E+00, -1.53917747940948E-01,  1.34470000000003E+02,  2.33364343610633E+04,  6.33255596544557E+04
 1.94233333300000E+03,  1.26906183309311E+00,  2.14500000000000E+00, -1.54576046915391E-01,  1.34650000000003E+02,  2.82018033763889E+04,  7.31464385810571E+04
 1.94241666700000E+03,  1.40648102619621E+00,  2.01250000000000E+00, -1.55231215035049E-01,  1.34830000000003E+02,  3.06345606891921E+04,  7.68538266359590E+04
 1.94250000000000E+03,  1.52016036954027E+00,  1.45250000000000E+00, -1.55883244711194E-01,  1.35010000000003E+02,  3.01967574435954E+04,  7.35791115389715E+04
 1.94258333300000E+03,  1.57597900175172E+00,  1.47500000000000E+00, -1.56532128438762E-01,  1.35190000000003E+02,  2.71114876448098E+04,  6.40030410131443E+04
 1.94266666700000E+03,  1.54295775070671E+00,  1.93000000000000E+00, -1.57177858796256E-01,  1.35370000000003E+02,  2.21662256644378E+04,  5.01809654920320E+04
 1.94275000000000E+03,  1.42339819039103E+00,  2.00500000000000E+00, -1.57820428445642E-01,  1.35550000000003E+02,  1.64928406317183E+04,  3.50575234348046E+04
 1.94283333300000E+03,  1.29911493412384E+00,  1.65750000000000E+00, -1.58459830132250E-01,  1.35730000000003E+02,  1.12833065458732E+04,  2.17885719019084E+04
 1.94291666700000E+03,  1.22982140111727E+00,  1.21250000000000E+00, -1.59096056684662E-01,  1.35910000000003E+02,  7.51250462662837E+03,  1.30303096769192E+04
 1.94300000000000E+03,  1.21528292501991E+00,  1.05500000000000E+00, -1.59729101014614E-01,  1.36090000000003E+02,  5.73418724514520E+03,  1.03597378499291E+04
 1.94308333300000E+03,  8.88055387985235E-01,  4.85000000000000E-01, -1.60358956116880E-01,  1.36270000000003E+02,  5.99503523609774E+03,  1.39566502826609E+04
 1.94316666700000E+03,  2.38544420844484E-01, -6.75000000000000E-01, -1.32708497317899E-01,  1.36450000000003E+02,  7.88046491938779E+03,  2.26139239789403E+04
 1.94325000000000E+03, -2.15494432212562E-02, -1.30750000000000E+00, -1.33456948207147E-01,  1.36630000000003E+02,  1.06724168864008E+04,  3.40653539618787E+04
 1.94333333300000E+03,  1.08316496914739E-01, -1.21000000000000E+00, -1.34202535840356E-01,  1.36810000000003E+02,  1.35720966459556E+04,  4.55469854887218E+04
 1.94341666700000E+03,  2.57138412722216E-01, -7.10000000000000E-01, -1.34945250077029E-01,  1.36990000000003E+02,  1.59261330976304E+04,  5.44558047787315E+04
 1.94350000000000E+03,  3.84471127136033E-01, -1.30000000000000E-01, -1.35685080862400E-01,  1.37170000000003E+02,  1.73961686092301E+04,  5.89504184675633E+04
 1.94358333300000E+03,  4.56104351874337E-01,  2.50000000000000E-01, -1.36422018227401E-01,  1.37350000000003E+02,  1.80287323172912E+04,  5.83557198610456E+04
 1.94366666700000E+03,  4.40962125434351E-01,  5.60000000000000E-01, -1.37156052288620E-01,  1.37530000000003E+02,  1.82098086673058E+04,  5.32826139231407E+04
 1.94375000000000E+03,  3.41242548303416E-01,  8.87500000000000E-01, -1.37887173248254E-01,  1.37710000000003E+02,  1.85196065303231E+04,  4.54424587094902E+04
 1.94383333300000E+03,  2.38650765278627E-01,  1.42500000000000E+00, -1.38615371394071E-01,  1.37890000000003E+02,  1.95296666080792E+04,  3.72074994429558E+04
 1.94391666700000E+03,  1.92785426249374E-01,  2.19000000000000E+00, -1.39340637099358E-01,  1.38070000000003E+02,  2.15998196675423E+04,  3.10264184433194E+04
 1.94400000000000E+03,  2.03292490890761E-01,  2.81000000000000E+00, -1.40062960822872E-01,  1.38250000000003E+02,  2.47327182124083E+04,  2.88350232542080E+04
 1.94408333300000E+03,  4.42250489954387E-01,  3.34000000000000E+00, -1.40782333108790E-01,  1.38430000000003E+02,  2.85286595335793E+04,  3.15995112235175E+04
 1.94416666700000E+03,  8.87273873268573E-01,  3.63750000000000E+00, -2.18069137038090E-01,  1.38610000000003E+02,  3.22570134224491E+04,  3.90951686903108E+04
 1.94425000000000E+03,  1.15757993120666E+00,  3.30250000000000E+00, -2.18113279378549E-01,  1.38790000000003E+02,  3.50294893805069E+04,  4.99657530853018E+04
 1.94433333300000E+03,  1.26550123431588E+00,  3.05500000000000E+00, -2.18154119248153E-01,  1.38970000000003E+02,  3.60326848183466E+04,  6.20423125507093E+04
 1.94441666700000E+03,  1.39196925520266E+00,  3.31000000000000E+00, -2.18191661258262E-01,  1.39150000000003E+02,  3.47600480794604E+04,  7.28406728115072E+04
 1.94450000000000E+03,  1.49661241224587E+00,  3.72750000000000E+00, -2.18225910066815E-01,  1.39330000000003E+02,  3.11811976460722E+04,  8.01180287166083E+04
 1.94458333300000E+03,  1.54529395750612E+00,  4.11000000000000E+00, -2.18256870378067E-01,  1.39510000000003E+02,  2.58003338171805E+04,  8.23594849729766E+04
 1.94466666700000E+03,  1.50701108304213E+00,  4.05750000000000E+00, -2.18284546942338E-01,  1.39690000000003E+02,  1.95821132877574E+04,  7.90862994730356E+04
 1.94475000000000E+03,  1.38403433451405E+00,  3.50000000000000E+00, -2.18308944555753E-01,  1.39870000000003E+02,  1.37563933280676E+04,  7.09230206774626E+04
 1.94483333300000E+03,  1.25814028407166E+00,  2.90250000000000E+00, -2.18330068059984E-01,  1.40050000000003E+02,  9.54451942514764E+03,  5.94190641641933E+04
 1.94491666700000E+03,  1.18899769360664E+00,  2.64000000000000E+00, -2.18347922341997E-01,  1.40230000000003E+02,  7.87142627295687E+03,  4.66772344096338E+04
 1.94500000000000E+03,  1.17632103569759E+00,  2.79750000000000E+00, -2.18362512333789E-01,  1.40410000000003E+02,  9.13407865659227E+03,  3.48837819916467E+04
 1.94508333300000E+03,  1.33754495214487E+00,  3.24750000000000E+00, -2.18373843012138E-01,  1.40590000000003E+02,  1.30857049332009E+04,  2.58523611343190E+04
 1.94516666700000E+03,  1.65373207534947E+00,  3.66750000000000E+00, -2.17974837790650E-01,  1.40770000000003E+02,  1.88691192012577E+04,  2.06844962782765E+04
 1.94525000000000E+03,  1.85668241316865E+00,  3.68750000000000E+00, -2.18025350894697E-01,  1.40950000000003E+02,  2.51972065427365E+04,  1.96154577868904E+04
 1.94533333300000E+03,  1.95483273221968E+00,  2.95750000000000E+00, -2.18072552782144E-01,  1.41130000000003E+02,  3.06427469330900E+04,  2.20660741602741E+04
 1.94541666700000E+03,  2.07078412861584E+00,  1.80250000000000E+00, -2.18116447973960E-01,  1.41310000000003E+02,  3.39719331888317E+04,  2.68705021691694E+04
 1.94550000000000E+03,  2.16421063292066E+00,  1.07250000000000E+00, -2.18157041038184E-01,  1.41490000000003E+02,  3.44431922619954E+04,  3.26099049133787E+04
 1.94558333300000E+03,  2.20102318811493E+00,  9.07500000000000E-01, -2.18194336589670E-01,  1.41670000000003E+02,  3.19987449038888E+04,  3.79618195852414E+04
 1.94566666700000E+03,  2.15026847287184E+00,  8.97500000000000E-01, -2.18228339289829E-01,  1.41850000000003E+02,  2.72998149282343E+04,  4.19788148433097E+04
 1.94575000000000E+03,  2.01426803169109E+00,  1.13250000000000E+00, -2.18259053846371E-01,  1.42030000000003E+02,  2.15923177332846E+04,  4.42356608038737E+04
 1.94583333300000E+03,  1.87485066619873E+00,  1.47000000000000E+00, -2.18286485013051E-01,  1.42210000000003E+02,  1.64298928307645E+04,  4.48239441957656E+04
 1.94591666700000E+03,  1.79173831866232E+00,  1.79250000000000E+00, -2.18310637589407E-01,  1.42390000000003E+02,  1.33157963090521E+04,  4.42157292865873E+04
 1.94600000000000E+03,  1.76469931721337E+00,  2.15750000000000E+00, -2.18331516420510E-01,  1.42570000000003E+02,  1.33460208427960E+04,  4.30519255745543E+04
 1.94608333300000E+03,  1.34014863141089E+00,  1.92500000000000E+00, -2.18349126396701E-01,  1.42750000000003E+02,  1.69377723642097E+04,  4.19275186951913E+04
 1.94616666700000E+03,  4.99771815861852E-01,  1.23750000000000E+00, -1.19387090165674E-01,  1.42930000000003E+02,  2.37092650982203E+04,  4.12407429542123E+04
 1.94625000000000E+03,  1.18702589719058E-01,  8.10000000000000E-01, -1.20183150948410E-01,  1.43110000000003E+02,  3.25425985041780E+04,  4.11485922000897E+04
 1.94633333300000E+03,  2.05992904845251E-01,  3.00000000000000E-01, -1.20976536491465E-01,  1.43290000000003E+02,  4.18190438878813E+04,  4.16341796413438E+04
 1.94641666700000E+03,  3.13226228320317E-01, -8.40000000000000E-01, -1.21767235174803E-01,  1.43470000000003E+02,  4.97752974109739E+04,  4.26532027167515E+04
 1.94650000000000E+03,  4.00133337168944E-01, -1.73500000000000E+00, -1.22555235464433E-01,  1.43650000000003E+02,  5.48998429301692E+04,  4.42984902043035E+04
 1.94658333300000E+03,  4.32670442106608E-01, -1.42500000000000E+00, -1.23340525912406E-01,  1.43830000000003E+02,  5.62776885059645E+04,  4.69120470443623E+04
 1.94666666700000E+03,  3.79918020321238E-01, -5.82500000000000E-01, -1.24123095156814E-01,  1.44010000000003E+02,  5.38023057248154E+04,  5.10868286402379E+04
 1.94675000000000E+03,  2.44220019780655E-01, -3.30000000000000E-01, -1.24902931921786E-01,  1.44190000000003E+02,  4.82034936839745E+04,  5.75330692409028E+04
 1.94683333300000E+03,  1.07416387496966E-01, -5.00000000000000E-01, -1.25680025017484E-01,  1.44370000000003E+02,  4.08823796504274E+04,  6.68279558523612E+04
 1.94691666700000E+03,  2.92291483698832E-02, -8.22500000000000E-01, -1.26454363340093E-01,  1.44550000000003E+02,  3.35900293911656E+04,  7.91106103420455E+04
 1.94700000000000E+03,  9.41590168848835E-03, -1.32500000000000E+00, -1.27225935871811E-01,  1.44730000000003E+02,  2.80235217252940E+04,  9.38139112683689E+04
 1.94708333300000E+03,  1.44642123965203E-01, -1.34750000000000E+00, -1.27994731680833E-01,  1.44910000000003E+02,  2.54338742720741E+04,  1.09530661233402E+05
 1.94716666700000E+03,  4.12270323228492E-01, -1.06500000000000E+00, -1.67745977504107E-01,  1.45090000000003E+02,  2.63387486240751E+04,  1.24089696355673E+05
 1.94725000000000E+03,  5.81526181023354E-01, -1.14750000000000E+00, -1.68333328169288E-01,  1.45270000000003E+02,  3.04093767684982E+04,  1.34870708287611E+05
 1.94733333300000E+03,  6.63658564302115E-01, -1.44250000000000E+00, -1.68917399399687E-01,  1.45450000000003E+02,  3.65607999406845E+04,  1.39324777455436E+05
 1.94741666700000E+03,  7.63785002829643E-01, -1.58500000000000E+00, -1.69498185432490E-01,  1.45630000000003E+02,  4.32265305284608E+04,  1.35605793510169E+05
 1.94750000000000E+03,  8.41661555662849E-01, -1.45750000000000E+00, -1.70075680585930E-01,  1.45810000000003E+02,  4.87543372484346E+04,  1.23172401880592E+05
 1.94758333300000E+03,  8.63277381467439E-01, -1.06000000000000E+00, -1.70649879259156E-01,  1.45990000000003E+02,  5.18295784534824E+04,  1.03204563646088E+05
 1.94766666700000E+03,  7.97753325824230E-01, -7.70000000000000E-01, -1.71220775932087E-01,  1.46170000000003E+02,  5.18238038886588E+04,  7.87006262928193E+04
 1.94775000000000E+03,  6.47480849703932E-01, -5.02500000000000E-01, -1.71788365165279E-01,  1.46350000000003E+02,  4.89817176399908E+04,  5.41786741644502E+04
 1.94783333300000E+03,  4.94354254481073E-01,  4.75000000000000E-02, -1.72352641599775E-01,  1.46530000000003E+02,  4.43959454302885E+04,  3.49895163592634E+04
 1.94791666700000E+03,  3.98156430870862E-01,  2.00000000000000E-01, -1.72913599956966E-01,  1.46710000000003E+02,  3.97682977182456E+04,  2.63404203840781E+04
 1.94800000000000E+03,  3.58712001973832E-01, -1.07500000000000E-01, -1.73471235038444E-01,  1.46890000000003E+02,  3.70071020217887E+04,  3.22075462669072E+04
 1.94808333300000E+03,  3.93523097633072E-01, -1.52500000000000E-01, -1.74025541725856E-01,  1.47070000000003E+02,  3.77508133383324E+04,  5.43611917154034E+04
 1.94816666700000E+03,  4.89330518572380E-01, -1.52500000000000E-01, -1.90206565004841E-01,  1.47250000000003E+02,  4.29287573907180E+04,  9.17277057728400E+04
 1.94825000000000E+03,  5.83606374343372E-01, -3.40000000000000E-01, -1.89822077942449E-01,  1.47430000000003E+02,  5.24652128335888E+04,  1.40261264605031E+05
 1.94833333300000E+03,  6.79129199291426E-01, -1.07500000000000E-01, -1.89435383303270E-01,  1.47610000000003E+02,  6.52035383676732E+04,  1.93404931366305E+05
 1.94841666700000E+03,  7.92843876465520E-01,  1.17500000000000E-01, -1.89046489946569E-01,  1.47790000000003E+02,  7.90788908131184E+04,  2.43101197227502E+05
 1.94850000000000E+03,  8.84443070658234E-01, -1.62500000000000E-01, -1.88655406742026E-01,  1.47970000000003E+02,  9.15118769747264E+04,  2.81192130863210E+05
 1.94858333300000E+03,  9.19855949175346E-01, -3.90000000000000E-01, -1.88262142569534E-01,  1.48150000000003E+02,  9.99439143378262E+04,  3.00954734830596E+05
 1.94866666700000E+03,  8.68146884817458E-01, -3.50000000000000E-01, -1.87866706318999E-01,  1.48330000000003E+02,  1.02400015064436E+05,  2.98470436593746E+05
 1.94875000000000E+03,  7.31654469739983E-01,  1.92500000000000E-01, -1.87469106890141E-01,  1.48510000000003E+02,  9.79544953807305E+04,  2.73541868271763E+05
 1.94883333300000E+03,  5.92223797187883E-01,  7.95000000000000E-01, -1.87069353192299E-01,  1.48690000000003E+02,  8.69926054087482E+04,  2.29945610387819E+05
 1.94891666700000E+03,  5.09592238008151E-01,  9.77500000000000E-01, -1.86667454144227E-01,  1.48870000000003E+02,  7.12029184948321E+04,  1.74933467268462E+05
 1.94900000000000E+03,  4.83542584059815E-01,  1.27000000000000E+00, -1.86263418673905E-01,  1.49050000000003E+02,  5.32926238990876E+04,  1.18043116294923E+05
 1.94908333300000E+03,  4.77439850890379E-01,  1.23000000000000E+00, -1.85857255718333E-01,  1.49230000000003E+02,  3.64781435267587E+04,  6.94213686970689E+04
 1.94916666700000E+03,  4.72089001243899E-01,  7.92500000000000E-01, -2.03111655342890E-01,  1.49410000000003E+02,  2.38534238882052E+04,  3.79696088111378E+04
 1.94925000000000E+03,  5.07400785177680E-01,  4.82500000000000E-01, -2.02817641976883E-01,  1.49590000000003E+02,  1.77666696525629E+04,  2.96676676725792E+04
 1.94933333300000E+03,  5.92377332101712E-01,  8.00000000000000E-02, -2.02521093667800E-01,  1.49770000000003E+02,  1.93366810268565E+04,  4.64077660321178E+04
 1.94941666700000E+03,  6.95925214495682E-01,  7.50000000000000E-02, -2.02222018723561E-01,  1.49950000000003E+02,  2.82119770049455E+04,  8.55773110351045E+04
 1.94950000000000E+03,  7.77727981719476E-01,  5.67500000000000E-01, -2.01920425470578E-01,  1.50130000000003E+02,  4.26254315190762E+04,  1.40485792472313E+05
 1.94958333300000E+03,  8.03705689287368E-01,  8.15000000000000E-01, -2.01616322253532E-01,  1.50310000000003E+02,  5.97350899344118E+04,  2.01565381609403E+05
 1.94966666700000E+03,  7.42913696351982E-01,  8.15000000000000E-01, -2.01309717435152E-01,  1.50490000000003E+02,  7.61816079622468E+04,  2.58120838895086E+05
 1.94975000000000E+03,  5.97681769708433E-01,  9.15000000000000E-01, -2.01000619395990E-01,  1.50670000000003E+02,  8.87473985214980E+04,  3.00293820082887E+05
 1.94983333300000E+03,  4.49846451714748E-01,  1.04500000000000E+00, -2.00689036534203E-01,  1.50850000000003E+02,  9.49818371791071E+04,  3.20862775388296E+05
 1.94991666700000E+03,  3.59136917194319E-01,  1.08750000000000E+00, -2.00374977265329E-01,  1.51030000000003E+02,  9.36650967527153E+04,  3.16531822644917E+05
 1.95000000000000E+03,  3.25328191904888E-01,  7.17500000000000E-01, -2.00058450022069E-01,  1.51210000000003E+02,  8.50183473123687E+04,  2.88463913033134E+05
 1.95008333300000E+03,  3.19723281671475E-01, -2.02500000000000E-01, -1.99739463254069E-01,  1.51390000000003E+02,  7.06223096004358E+04,  2.41964433396493E+05
 1.95016666700000E+03,  3.34802940334247E-01, -9.87500000000000E-01, -1.44806750505029E-01,  1.51570000000003E+02,  5.30675643244677E+04,  1.85390072450761E+05
 1.95025000000000E+03,  4.06014170182451E-01, -1.11000000000000E+00, -1.45506193235420E-01,  1.51750000000003E+02,  3.54152800528914E+04,  1.28509668991857E+05
 1.95033333300000E+03,  5.30144992614827E-01, -7.72500000000000E-01, -1.46202614813140E-01,  1.51930000000003E+02,  2.05843670495343E+04,  8.06479038338388E+04
 1.95041666700000E+03,  6.72030548760518E-01, -5.47500000000000E-01, -1.46896006520702E-01,  1.52110000000003E+02,  1.07928511642002E+04,  4.89783416476561E+04
 1.95050000000000E+03,  7.91246404131176E-01, -3.82500000000000E-01, -1.47586359725429E-01,  1.52290000000003E+02,  7.16557865252781E+03,  3.72932213727249E+04
 1.95058333300000E+03,  8.53609260549593E-01, -6.25000000000000E-02, -1.48273665879384E-01,  1.52470000000003E+02,  9.58133724951997E+03,  4.54729504719674E+04
 1.95066666700000E+03,  8.28076088727759E-01, -1.75000000000000E-01, -1.48957916519296E-01,  1.52650000000003E+02,  1.67792385535647E+04,  6.97313746394111E+04
 1.95075000000000E+03,  7.16883535348463E-01, -2.75000000000000E-01, -1.49639103266478E-01,  1.52830000000003E+02,  2.66887451380426E+04,  1.03554899398873E+05
 1.95083333300000E+03,  6.01780562573703E-01,  3.45000000000000E-01, -1.50317217826750E-01,  1.53010000000003E+02,  3.69021729475241E+04,  1.39117411657576E+05
 1.95091666700000E+03,  5.42414543482243E-01,  8.47500000000000E-01, -1.50992251990357E-01,  1.53190000000003E+02,  4.51824241992192E+04,  1.68866283575136E+05
 1.95100000000000E+03,  5.38484686894582E-01,  6.80000000000000E-01, -1.51664197631887E-01,  1.53370000000003E+02,  4.98970558502451E+04,  1.86953997658322E+05
 1.95108333300000E+03,  5.64202872480760E-01,  2.27500000000000E-01, -1.52333046710183E-01,  1.53550000000003E+02,  5.02919209091683E+04,  1.90237186508406E+05
 1.95116666700000E+03,  5.97953250468578E-01,  4.27500000000000E-01, -1.76850151918984E-01,  1.53730000000003E+02,  4.65576174514683E+04,  1.78667746275097E+05
 1.95125000000000E+03,  6.55570304214718E-01,  1.25500000000000E+00, -1.77383737916790E-01,  1.53910000000003E+02,  3.96901522038072E+04,  1.55035358295587E+05
 1.95133333300000E+03,  7.48732264752308E-01,  1.95500000000000E+00, -1.77913961051111E-01,  1.54090000000003E+02,  3.11924216002662E+04,  1.24157469987712E+05
 1.95141666700000E+03,  8.59788142412952E-01,  2.88000000000000E+00, -1.78440816853726E-01,  1.54270000000003E+02,  2.26953035880975E+04,  9.17224116654877E+04
 1.95150000000000E+03,  9.48417597890184E-01,  3.54000000000000E+00, -1.78964300935047E-01,  1.54450000000003E+02,  1.55896772718637E+04,  6.30516517437716E+04
 1.95158333300000E+03,  9.80537454578931E-01,  3.14250000000000E+00, -1.79484408983958E-01,  1.54630000000003E+02,  1.07516604422244E+04,  4.20475294268402E+04
 1.95166666700000E+03,  9.25200568260140E-01,  2.60000000000000E+00, -1.80001136767655E-01,  1.54810000000003E+02,  8.41593389375455E+03,  3.05359163207056E+04
 1.95175000000000E+03,  7.84734999300301E-01,  2.30500000000000E+00, -1.80514480131474E-01,  1.54990000000003E+02,  8.21349340380007E+03,  2.81142806708077E+04
 1.95183333300000E+03,  6.40976445980205E-01,  1.90750000000000E+00, -1.81024434998732E-01,  1.55170000000003E+02,  9.35010927375016E+03,  3.24982804882866E+04
 1.95191666700000E+03,  5.53654160743066E-01,  1.68500000000000E+00, -1.81530997370556E-01,  1.55350000000003E+02,  1.08697172292499E+04,  4.02510358476688E+04
 1.95200000000000E+03,  5.22544223251195E-01,  1.69500000000000E+00, -1.82034163325715E-01,  1.55530000000003E+02,  1.19301688318274E+04,  4.77023327303593E+04
 1.95208333300000E+03,  5.47883752223966E-01,  1.86250000000000E+00, -1.82533929020451E-01,  1.55710000000003E+02,  1.20205646055889E+04,  5.18356879558489E+04
 1.95216666700000E+03,  6.15998715927929E-01,  2.03250000000000E+00, -1.81018273561327E-01,  1.55890000000003E+02,  1.10685167220275E+04,  5.09435869462192E+04
 1.95225000000000E+03,  6.98582613092866E-01,  1.93000000000000E+00, -1.80586190073798E-01,  1.56070000000003E+02,  9.41673040956524E+03,  4.49175691184817E+04
 1.95233333300000E+03,  7.99138003735691E-01,  2.28250000000000E+00, -1.80152100915514E-01,  1.56250000000003E+02,  7.68312223587046E+03,  3.51328154724664E+04
 1.95241666700000E+03,  9.17927341027011E-01,  3.24000000000000E+00, -1.79716015132922E-01,  1.56430000000003E+02,  6.54850076920093E+03,  2.39838173141211E+04
 1.95250000000000E+03,  1.01461820330648E+00,  3.77250000000000E+00, -1.79277941778522E-01,  1.56610000000003E+02,  6.53330007144133E+03,  1.42059922825397E+04
 1.95258333300000E+03,  1.05511360579258E+00,  3.79750000000000E+00, -1.78837889910687E-01,  1.56790000000003E+02,  7.82590509342760E+03,  8.16046944982250E+03
 1.95266666700000E+03,  1.00845082597968E+00,  3.64750000000000E+00, -1.78395868593476E-01,  1.56970000000003E+02,  1.02098507666289E+04,  7.25748818349649E+03
 1.95275000000000E+03,  8.76940543061762E-01,  3.24750000000000E+00, -1.77951886896445E-01,  1.57150000000003E+02,  1.31098092822055E+04,  1.16504146817160E+04
 1.95283333300000E+03,  7.42399250893764E-01,  2.93500000000000E+00, -1.77505953894472E-01,  1.57330000000003E+02,  1.57439862062492E+04,  2.02594586957315E+04
 1.95291666700000E+03,  6.64535164837685E-01,  2.93750000000000E+00, -1.77058078667566E-01,  1.57510000000003E+02,  1.73416780139937E+04,  3.11004709966351E+04
 1.95300000000000E+03,  6.43101497140548E-01,  2.58750000000000E+00, -1.76608270300692E-01,  1.57690000000003E+02,  1.73667322124760E+04,  4.18203037910515E+04
 1.95308333300000E+03,  5.70885295483838E-01,  1.89000000000000E+00, -1.76156537883583E-01,  1.57870000000003E+02,  1.56851559350470E+04,  5.02936431030490E+04
 1.95316666700000E+03,  4.32049066412074E-01,  1.90000000000000E+00, -1.92205749220670E-01,  1.58050000000003E+02,  1.26288687256719E+04,  5.51273430855707E+04
 1.95325000000000E+03,  4.11062353548827E-01,  2.72250000000000E+00, -1.91833101373936E-01,  1.58230000000003E+02,  8.93420173301832E+03,  5.59480354729902E+04
 1.95333333300000E+03,  5.13721516057035E-01,  3.13000000000000E+00, -1.91458199211092E-01,  1.58410000000003E+02,  5.56653271108514E+03,  5.34086563152720E+04
 1.95341666700000E+03,  6.35077296882109E-01,  3.03750000000000E+00, -1.91081051532885E-01,  1.58590000000003E+02,  3.47309535848821E+03,  4.89238752868741E+04
 1.95350000000000E+03,  7.34789039218037E-01,  2.99750000000000E+00, -1.90701667151543E-01,  1.58770000000004E+02,  3.32661112192950E+03,  4.42143658237332E+04
 1.95358333300000E+03,  7.78751786684620E-01,  2.79500000000000E+00, -1.90320054890580E-01,  1.58950000000004E+02,  5.32745105007049E+03,  4.07879850596302E+04
 1.95366666700000E+03,  7.35995104201323E-01,  2.35750000000000E+00, -1.89936223584586E-01,  1.59130000000004E+02,  9.11983001517988E+03,  3.95004692191755E+04
 1.95375000000000E+03,  6.08822207982234E-01,  1.99000000000000E+00, -1.89550182079028E-01,  1.59310000000004E+02,  1.38506362774098E+04,  4.03158852384271E+04
 1.95383333300000E+03,  4.79042365101235E-01,  2.17500000000000E+00, -1.89161939230047E-01,  1.59490000000004E+02,  1.83642072595088E+04,  4.23336943223295E+04
 1.95391666700000E+03,  4.06356781666032E-01,  2.40750000000000E+00, -1.88771503904258E-01,  1.59670000000004E+02,  2.14912340438550E+04,  4.40784405983035E+04
 1.95400000000000E+03,  3.90511855226803E-01,  1.96000000000000E+00, -1.88378884978549E-01,  1.59850000000004E+02,  2.23637739883375E+04,  4.39776625937353E+04
 1.95408333300000E+03,  4.38055438173108E-01,  1.24000000000000E+00, -1.87984091339879E-01,  1.60030000000004E+02,  2.06779021998066E+04,  4.09014516753366E+04
 1.95416666700000E+03,  5.25547887656085E-01,  6.52500000000000E-01, -1.78210266098295E-01,  1.60210000000004E+02,  1.68340250379093E+04,  3.46165307234002E+04
 1.95425000000000E+03,  6.02152196373227E-01,  3.02500000000000E-01, -1.78735228826234E-01,  1.60390000000004E+02,  1.19109907173677E+04,  2.60244572250267E+04
 1.95433333300000E+03,  6.80931996014181E-01,  5.05000000000000E-01, -1.79256817402042E-01,  1.60570000000004E+02,  7.46823356101724E+03,  1.71040802579304E+04
 1.95441666700000E+03,  7.78176502799011E-01,  4.97500000000000E-01, -1.79775027558602E-01,  1.60750000000004E+02,  5.21157719234287E+03,  1.05508465515608E+04
 1.95450000000000E+03,  8.53606498838534E-01, -7.25000000000000E-02, -1.80289855107017E-01,  1.60930000000004E+02,  6.59321828755756E+03,  9.18253652013237E+03
 1.95458333300000E+03,  8.73177441521980E-01, -2.70000000000000E-01, -1.80801295936438E-01,  1.61110000000004E+02,  1.24362539981392E+04,  1.52436854055294E+04
 1.95466666700000E+03,  8.05978206885282E-01, -2.30000000000000E-01, -1.81309346013903E-01,  1.61290000000004E+02,  2.26736145866991E+04,  2.97735888985882E+04
 1.95475000000000E+03,  6.54370149665097E-01, -3.15000000000000E-01, -1.81814001384163E-01,  1.61470000000004E+02,  3.62697352677200E+04,  5.21966181472652E+04
 1.95483333300000E+03,  5.00219440963829E-01, -4.02500000000000E-01, -1.82315258169520E-01,  1.61650000000004E+02,  5.13549505838399E+04,  8.02489170741041E+04
 1.95491666700000E+03,  4.03282900749544E-01, -1.92500000000000E-01, -1.82813112569648E-01,  1.61830000000004E+02,  6.55556562348049E+04,  1.10281949286843E+05
 1.95500000000000E+03,  3.63361201250957E-01,  2.92500000000000E-01, -1.83307560861428E-01,  1.62010000000004E+02,  7.64582178645984E+04,  1.37897389603244E+05
 1.95508333300000E+03,  3.62910048028378E-01,  4.32500000000000E-01, -1.83798599398769E-01,  1.62190000000004E+02,  8.21117432070987E+04,  1.58789360282966E+05
 1.95516666700000E+03,  3.87392925634312E-01,  4.82500000000000E-01, -1.95246583847876E-01,  1.62370000000004E+02,  8.14620006958775E+04,  1.69617485788996E+05
 1.95525000000000E+03,  4.43156203767841E-01,  9.57500000000000E-01, -1.95645432001493E-01,  1.62550000000004E+02,  7.46194515091966E+04,  1.68720482549535E+05
 1.95533333300000E+03,  5.34421321979248E-01,  1.54000000000000E+00, -1.96040799272103E-01,  1.62730000000004E+02,  6.28968327019505E+04,  1.56509068379229E+05
 1.95541666700000E+03,  6.44453029075367E-01,  2.01500000000000E+00, -1.96432684146541E-01,  1.62910000000004E+02,  4.85993342574182E+04,  1.35443134381298E+05
 1.95550000000000E+03,  7.32930513420784E-01,  2.20000000000000E+00, -1.96821085182967E-01,  1.63090000000004E+02,  3.46029930532564E+04,  1.09587052212157E+05
 1.95558333300000E+03,  7.65768388354245E-01,  1.99250000000000E+00, -1.97206001010667E-01,  1.63270000000004E+02,  2.38030388689334E+04,  8.38289896977439E+04
 1.95566666700000E+03,  7.12015550166573E-01,  2.09000000000000E+00, -1.97587430329834E-01,  1.63450000000004E+02,  1.85433814685492E+04,  6.29245499218377E+04
 1.95575000000000E+03,  5.73994345446880E-01,  2.80750000000000E+00, -1.97965371911366E-01,  1.63630000000004E+02,  2.01445648042557E+04,  5.05650731932194E+04
 1.95583333300000E+03,  4.33533009443278E-01,  3.20750000000000E+00, -1.98339824596649E-01,  1.63810000000004E+02,  2.86287140842743E+04,  4.86673094588686E+04
 1.95591666700000E+03,  3.50351591139989E-01,  2.65000000000000E+00, -1.98710787297347E-01,  1.63990000000004E+02,  4.27000747595338E+04,  5.70343921922021E+04
 1.95600000000000E+03,  3.24215241883774E-01,  1.74500000000000E+00, -1.99078258995191E-01,  1.64170000000004E+02,  5.99871198805137E+04,  7.34582997229695E+04
 1.95608333300000E+03,  3.15136203839263E-01,  9.07500000000000E-01, -1.99442238741759E-01,  1.64350000000004E+02,  7.74980969085905E+04,  9.42388393884339E+04
 1.95616666700000E+03,  3.04889794698412E-01,  3.97500000000000E-01, -1.97962454694583E-01,  1.64530000000004E+02,  9.21978405977048E+04,  1.15004634578644E+05
 1.95625000000000E+03,  3.40991695901693E-01,  1.42500000000000E-01, -1.97627839276291E-01,  1.64710000000004E+02,  1.01589048546333E+05,  1.31657355216540E+05
 1.95633333300000E+03,  4.31369985704519E-01, -8.55000000000000E-01, -1.97290827683432E-01,  1.64890000000004E+02,  1.04181134875727E+05,  1.41235535205361E+05
 1.95641666700000E+03,  5.40562934084414E-01, -1.75750000000000E+00, -1.96951428499930E-01,  1.65070000000004E+02,  9.97540703306816E+04,  1.42513989055724E+05
 1.95650000000000E+03,  6.28246801890861E-01, -1.42500000000000E+00, -1.96609650324606E-01,  1.65250000000004E+02,  8.93678830512461E+04,  1.36214383783333E+05
 1.95658333300000E+03,  6.60334062233789E-01, -1.00750000000000E+00, -1.96265501770964E-01,  1.65430000000004E+02,  7.51213342894695E+04,  1.24788463370337E+05
 1.95666666700000E+03,  6.05872222844432E-01, -8.65000000000000E-01, -1.95918991466979E-01,  1.65610000000004E+02,  5.97143888494661E+04,  1.11828585590856E+05
 1.95675000000000E+03,  4.67182954180620E-01, -7.17500000000000E-01, -1.95570128054887E-01,  1.65790000000004E+02,  4.59077301471804E+04,  1.01240076428548E+05
 1.95683333300000E+03,  3.26094485917542E-01, -5.57500000000000E-01, -1.95218920190968E-01,  1.65970000000004E+02,  3.59908648960527E+04,  9.63591253534182E+04
 1.95691666700000E+03,  2.42327486261140E-01, -3.90000000000000E-01, -1.94865376545338E-01,  1.66150000000004E+02,  3.13649859618709E+04,  9.92082599128443E+04
 1.95700000000000E+03,  2.15648301927061E-01, -6.87500000000000E-01, -1.94509505801738E-01,  1.66330000000004E+02,  3.23195202714622E+04,  1.10047785152064E+05
 1.95708333300000E+03,  3.92872406208145E-01, -8.47500000000000E-01, -1.94151316657322E-01,  1.66510000000004E+02,  3.80386124910525E+04,  1.27314174681670E+05
 1.95716666700000E+03,  7.53256590276809E-01, -6.12500000000000E-01, -2.11827101625497E-01,  1.66690000000004E+02,  4.68252214881932E+04,  1.47950761256101E+05
 1.95725000000000E+03,  9.68020999165837E-01, -7.85000000000000E-01, -2.11628093874246E-01,  1.66870000000004E+02,  5.64865200735321E+04,  1.68051385346919E+05
 1.95733333300000E+03,  1.04726930661747E+00, -8.87500000000000E-01, -2.11426270607212E-01,  1.67050000000004E+02,  6.47940161710796E+04,  1.83672442492066E+05
 1.95741666700000E+03,  1.14469317872181E+00, -3.32500000000000E-01, -2.11221639329080E-01,  1.67230000000004E+02,  6.99210868488625E+04,  1.91636770153749E+05
 1.95750000000000E+03,  1.21997585913998E+00,  6.05000000000000E-01, -2.11014207571253E-01,  1.67410000000004E+02,  7.07708207513085E+04,  1.90160060174568E+05
 1.95758333300000E+03,  1.23903761980718E+00,  1.59250000000000E+00, -2.10803982891615E-01,  1.67590000000004E+02,  6.71350066230422E+04,  1.79174146557389E+05
 1.95766666700000E+03,  1.17093457391196E+00,  1.91500000000000E+00, -2.10590972874289E-01,  1.67770000000004E+02,  5.96638992823824E+04,  1.60290801986503E+05
 1.95775000000000E+03,  1.01799779495623E+00,  1.44250000000000E+00, -2.10375185129400E-01,  1.67950000000004E+02,  4.96671283318326E+04,  1.36428465270996E+05
 1.95783333300000E+03,  8.62065705288958E-01,  9.22500000000000E-01, -2.10156627292834E-01,  1.68130000000004E+02,  3.87999059884541E+04,  1.11194960997890E+05
 1.95791666700000E+03,  7.62869947026803E-01,  6.57500000000000E-01, -2.09935307026000E-01,  1.68310000000004E+02,  2.87086459161144E+04,  8.81665786759025E+04
 1.95800000000000E+03,  7.20188613942086E-01,  8.45000000000000E-01, -2.09711232015592E-01,  1.68490000000004E+02,  2.07127554590219E+04,  7.02184643785767E+04
 1.95808333300000E+03,  6.93900929564291E-01,  1.85750000000000E+00, -2.09484409973353E-01,  1.68670000000004E+02,  1.55852639158687E+04,  5.90414527105175E+04
 1.95816666700000E+03,  6.72881065391516E-01,  2.98750000000000E+00, -2.00653725750651E-01,  1.68850000000004E+02,  1.34683437159904E+04,  5.49323203822404E+04
 1.95825000000000E+03,  7.12056414381691E-01,  3.02250000000000E+00, -2.01002330537169E-01,  1.69030000000004E+02,  1.39274482448975E+04,  5.68801493154727E+04
 1.95833333300000E+03,  8.12313762703319E-01,  2.35250000000000E+00, -2.01347439448632E-01,  1.69210000000004E+02,  1.61173657648835E+04,  6.29062797023717E+04
 1.95841666700000E+03,  9.30966651392421E-01,  1.94750000000000E+00, -2.01689051978557E-01,  1.69390000000004E+02,  1.90116760800997E+04,  7.05638871943843E+04
 1.95850000000000E+03,  1.02767099889551E+00,  1.70500000000000E+00, -2.02027167688700E-01,  1.69570000000004E+02,  2.16381784173750E+04,  7.74763051759501E+04
 1.95858333300000E+03,  1.06831986918965E+00,  1.67500000000000E+00, -2.02361786208836E-01,  1.69750000000004E+02,  2.32678495054313E+04,  8.17953933543194E+04
 1.95866666700000E+03,  1.02194233395766E+00,  1.77250000000000E+00, -2.02692907236537E-01,  1.69930000000004E+02,  2.35214926191846E+04,  8.24901108830725E+04
 1.95875000000000E+03,  8.90842638969205E-01,  1.68250000000000E+00, -2.03020530536948E-01,  1.70110000000004E+02,  2.23815813726557E+04,  7.94224933299128E+04
 1.95883333300000E+03,  7.56832638815910E-01,  1.78250000000000E+00, -2.03344655942565E-01,  1.70290000000004E+02,  2.01207546539352E+04,  7.32211868578154E+04
 1.95891666700000E+03,  6.79617711404131E-01,  1.73750000000000E+00, -2.03665283353009E-01,  1.70470000000004E+02,  1.71771342031334E+04,  6.50086093957840E+04
 1.95900000000000E+03,  6.58950031548938E-01,  1.26250000000000E+00, -2.03982412734802E-01,  1.70650000000004E+02,  1.40159520253785E+04,  5.60661909753517E+04
 1.95908333300000E+03,  8.31341598882035E-01,  6.80000000000000E-01, -2.04296044121141E-01,  1.70830000000004E+02,  1.10153375950532E+04,  4.75273672942221E+04
 1.95916666700000E+03,  1.17906045104557E+00,  6.50000000000000E-02, -2.17832288174862E-01,  1.71010000000004E+02,  8.40282030479397E+03,  4.01704440605804E+04
 1.95925000000000E+03,  1.39704135146664E+00, -1.42500000000000E-01, -2.17771335925893E-01,  1.71190000000004E+02,  6.25182148967640E+03,  3.43491326407432E+04
 1.95933333300000E+03,  1.49259522161546E+00, -1.95000000000000E-01, -2.17707254261598E-01,  1.71370000000004E+02,  4.52914212668904E+03,  3.00573872540659E+04
 1.95941666700000E+03,  1.60620461818732E+00, -4.32500000000000E-01, -2.17640049180056E-01,  1.71550000000004E+02,  3.17018632587425E+03,  2.70882969346206E+04
 1.95950000000000E+03,  1.69753344675753E+00, -3.50000000000000E-01, -2.17569726717566E-01,  1.71730000000004E+02,  2.15208769176579E+03,  2.52237134562683E+04
 1.95958333300000E+03,  1.73248260857442E+00,  2.22500000000000E-01, -2.17496292948391E-01,  1.71910000000004E+02,  1.53750171018467E+03,  2.43875289663180E+04
 1.95966666700000E+03,  1.68008884457714E+00,  8.65000000000000E-01, -2.17419753984505E-01,  1.72090000000004E+02,  1.47253273694548E+03,  2.47112441273368E+04
 1.95975000000000E+03,  1.54266388513537E+00,  9.27500000000000E-01, -2.17340115975336E-01,  1.72270000000004E+02,  2.13782496385439E+03,  2.64906569395960E+04
 1.95983333300000E+03,  1.40202687041298E+00,  7.32500000000000E-01, -2.17257385107518E-01,  1.72450000000004E+02,  3.66772063587312E+03,  3.00483273113393E+04
 1.95991666700000E+03,  1.31789025124138E+00,  1.04000000000000E+00, -2.17171567604631E-01,  1.72630000000004E+02,  6.06397556727549E+03,  3.55476990444245E+04
 1.96000000000000E+03,  1.29001305059385E+00,  1.62250000000000E+00, -2.17082669726953E-01,  1.72810000000004E+02,  9.13439935255855E+03,  4.28224784837341E+04
 1.96008333300000E+03,  1.21537857100033E+00,  1.67000000000000E+00, -2.16990697771203E-01,  1.72990000000004E+02,  1.24816347240309E+04,  5.12838626993201E+04
 1.96016666700000E+03,  1.08108483998161E+00,  1.15000000000000E+00, -1.79127524796749E-01,  1.73170000000004E+02,  1.55542617748716E+04,  5.99483684563553E+04
 1.96025000000000E+03,  1.06602875824275E+00,  1.38500000000000E+00, -1.78686797723311E-01,  1.73350000000004E+02,  1.77548650063368E+04,  6.75954086123848E+04
 1.96033333300000E+03,  1.17282006596132E+00,  2.47500000000000E+00, -1.78244104304590E-01,  1.73530000000004E+02,  1.85823398210431E+04,  7.30253745650053E+04
 1.96041666700000E+03,  1.29762873831232E+00,  2.95000000000000E+00, -1.77799453611988E-01,  1.73710000000004E+02,  1.77733744327750E+04,  7.53563823647048E+04
 1.96050000000000E+03,  1.40009573403469E+00,  2.91000000000000E+00, -1.77352854722157E-01,  1.73890000000004E+02,  1.54044087301081E+04,  7.42804124604384E+04
 1.96058333300000E+03,  1.44609839773989E+00,  2.80000000000000E+00, -1.76904316716824E-01,  1.74070000000004E+02,  1.19219714347771E+04,  7.02029930563891E+04
 1.96066666700000E+03,  1.40464934086983E+00,  2.55250000000000E+00, -1.76453848682607E-01,  1.74250000000004E+02,  8.08502410764545E+03,  6.42151788540418E+04
 1.96075000000000E+03,  1.27803563209465E+00,  2.55250000000000E+00, -1.76001459710831E-01,  1.74430000000004E+02,  4.82424032572479E+03,  5.78870631074785E+04
 1.96083333300000E+03,  1.14805126273544E+00,  2.25500000000000E+00, -1.75547158897352E-01,  1.74610000000004E+02,  3.04483681984599E+03,  5.29186559784143E+04
 1.96091666700000E+03,  1.07438309549828E+00,  1.38750000000000E+00, -1.75090955342371E-01,  1.74790000000004E+02,  3.41609781271471E+03,  5.07247578672228E+04
 1.96100000000000E+03,  1.05676417726757E+00,  7.72500000000000E-01, -1.74632858150263E-01,  1.74970000000004E+02,  6.19756882714638E+03,  5.20543898758092E+04
 1.96108333300000E+03,  1.08435560590989E+00,  8.47500000000000E-01, -1.74172876429390E-01,  1.75150000000004E+02,  1.11467301582678E+04,  5.67450769609342E+04
 1.96116666700000E+03,  1.13761279470257E+00,  1.43000000000000E+00, -2.13642097535365E-01,  1.75330000000004E+02,  1.75363699818585E+04,  6.36862530801937E+04
 1.96125000000000E+03,  1.20443532565060E+00,  1.90750000000000E+00, -2.13471333682768E-01,  1.75510000000004E+02,  2.42853091057738E+04,  7.10191741008909E+04
 1.96133333300000E+03,  1.29414139862144E+00,  1.53250000000000E+00, -2.13297681583063E-01,  1.75690000000004E+02,  3.01791698093765E+04,  7.65434411956233E+04
 1.96141666700000E+03,  1.40178377760543E+00,  5.15000000000000E-01, -2.13121148463648E-01,  1.75870000000004E+02,  3.41349731935240E+04,  7.82462361711463E+04
 1.96150000000000E+03,  1.48702469258159E+00, -5.00000000000000E-03, -2.12941741581039E-01,  1.76050000000004E+02,  3.54502539201593E+04,  7.48333193881098E+04
 1.96158333300000E+03,  1.51576329556403E+00,  6.00000000000000E-02, -2.12759468220627E-01,  1.76230000000004E+02,  3.39777481483285E+04,  6.61310166750247E+04
 1.96166666700000E+03,  1.45703451379598E+00,  9.75000000000000E-02, -2.12574335696430E-01,  1.76410000000004E+02,  3.01811104978027E+04,  5.32500047829749E+04
 1.96175000000000E+03,  1.31314821055145E+00,  2.40000000000000E-01, -2.12386351350853E-01,  1.76590000000004E+02,  2.50527802808457E+04,  3.84514420350084E+04
 1.96183333300000E+03,  1.16592161990641E+00,  8.60000000000000E-01, -2.12195522554445E-01,  1.76770000000004E+02,  1.99064708240633E+04,  2.47235986699316E+04
 1.96191666700000E+03,  1.07506526228038E+00,  1.52500000000000E+00, -2.12001856705655E-01,  1.76950000000004E+02,  1.60866389851583E+04,  1.51474286771397E+04
 1.96200000000000E+03,  1.04033622228476E+00,  1.57500000000000E+00, -2.11805361230590E-01,  1.77130000000004E+02,  1.46586021084434E+04,  1.21857917688257E+04
 1.96208333300000E+03,  1.18062771988338E+00,  1.46000000000000E+00, -2.11606043582774E-01,  1.77310000000004E+02,  1.61503424544594E+04,  1.70589883763280E+04
 1.96216666700000E+03,  1.47939709730071E+00,  1.34000000000000E+00, -2.17537551206604E-01,  1.77490000000004E+02,  2.04081751026719E+04,  2.93605496044885E+04
 1.96225000000000E+03,  1.66805557210261E+00,  8.22500000000000E-01, -2.17462739899320E-01,  1.77670000000004E+02,  2.66047667302096E+04,  4.70216714698149E+04
 1.96233333300000E+03,  1.75281573287491E+00,  6.75000000000000E-02, -2.17384826119252E-01,  1.77850000000004E+02,  3.34044001892716E+04,  6.66587920186416E+04
 1.96241666700000E+03,  1.85540096230134E+00, -4.05000000000000E-01, -2.17303816032357E-01,  1.78030000000004E+02,  3.92542829302676E+04,  8.42521583768595E+04
 1.96250000000000E+03,  1.93548547456462E+00, -4.60000000000000E-01, -2.17219715841681E-01,  1.78210000000004E+02,  4.27403365981384E+04,  9.60231902037400E+04
 1.96258333300000E+03,  1.95898056639425E+00, -4.10000000000000E-01, -2.17132531787105E-01,  1.78390000000004E+02,  4.29284814440377E+04,  9.93238692426140E+04
 1.96266666700000E+03,  1.89493344680081E+00, -5.75000000000000E-02, -2.17042270145097E-01,  1.78570000000004E+02,  3.96124101920046E+04,  9.33362290244076E+04
 1.96275000000000E+03,  1.74566637339209E+00,  3.70000000000000E-01, -2.16948937228452E-01,  1.78750000000004E+02,  3.34068561741054E+04,  7.94099147571226E+04
 1.96283333300000E+03,  1.59300906242601E+00,  7.85000000000000E-01, -2.16852539386043E-01,  1.78930000000004E+02,  2.56579251250563E+04,  6.09363725150392E+04
 1.96291666700000E+03,  1.49668457792898E+00,  1.37250000000000E+00, -2.16753083002570E-01,  1.79110000000004E+02,  1.81822817150988E+04,  4.27557135853361E+04
 1.96300000000000E+03,  1.45646258221792E+00,  1.59000000000000E+00, -2.16650574498303E-01,  1.79290000000004E+02,  1.28860166557064E+04,  3.01961707776951E+04
 1.96308333300000E+03,  1.09444590573444E+00,  1.47000000000000E+00, -2.16545020328832E-01,  1.79470000000004E+02,  1.13430323441707E+04,  2.79334304085481E+04
 1.96316666700000E+03,  3.99465904216867E-01,  1.25500000000000E+00, -1.19582260978246E-01,  1.79650000000004E+02,  1.44249461963967E+04,  3.89077632034009E+04
 1.96325000000000E+03,  1.02202062740608E-01,  5.52500000000000E-01, -1.18977786536493E-01,  1.79830000000004E+02,  2.20665896562292E+04,  6.35378543638525E+04
 1.96333333300000E+03,  2.04080164876743E-01, -3.72500000000000E-01, -1.18372357651611E-01,  1.80010000000004E+02,  3.32243548333064E+04,  9.94190563190184E+04
 1.96341666700000E+03,  3.24915535144351E-01, -6.27500000000000E-01, -1.17765983006266E-01,  1.80190000000004E+02,  4.60443325962843E+04,  1.41599347527417E+05
 1.96350000000000E+03,  4.24333355880046E-01, -5.70000000000000E-01, -1.17158671272253E-01,  1.80370000000004E+02,  5.82119445638190E+04,  1.83407293783578E+05
 1.96358333300000E+03,  4.68192619444116E-01, -1.05000000000000E+00, -1.16550431110390E-01,  1.80550000000004E+02,  6.74144324292833E+04,  2.17687544367088E+05
 1.96366666700000E+03,  4.25485084110695E-01, -1.46000000000000E+00, -1.15941271170411E-01,  1.80730000000004E+02,  7.18210958076669E+04,  2.38206458843417E+05
 1.96375000000000E+03,  2.98474548393796E-01, -1.09250000000000E+00, -1.15331200090868E-01,  1.80910000000004E+02,  7.04796584381325E+04,  2.40944241970073E+05
 1.96383333300000E+03,  1.68929411418495E-01, -7.02500000000000E-01, -1.14720226499023E-01,  1.81090000000004E+02,  6.35424240042374E+04,  2.25001969712715E+05
 1.96391666700000E+03,  9.65087228047181E-02, -7.20000000000000E-01, -1.14108359010750E-01,  1.81270000000004E+02,  5.22700587512635E+04,  1.92921490822836E+05
 1.96400000000000E+03,  8.09156047639824E-02, -5.62500000000000E-01, -1.13495606230432E-01,  1.81450000000004E+02,  3.88068501347256E+04,  1.50330439060561E+05
 1.96408333300000E+03, -1.33092102075282E-01, -7.50000000000000E-02, -1.12881976750859E-01,  1.81630000000004E+02,  2.57694126581694E+04,  1.04960697930293E+05
 1.96416666700000E+03, -5.71365054083765E-01, -2.07500000000000E-01, -7.54721421716147E-02,  1.81810000000004E+02,  1.57307420919376E+04,  6.52186284998241E+04
 1.96425000000000E+03, -7.63529724316950E-01, -6.22500000000000E-01, -7.48211679890705E-02,  1.81990000000004E+02,  1.07046160148305E+04,  3.85818588772499E+04
 1.96433333300000E+03, -6.93922369980102E-01, -2.45000000000000E-01, -7.41698152447522E-02,  1.82170000000004E+02,  1.17365093971604E+04,  3.01395692920591E+04
 1.96441666700000E+03, -6.05492058993309E-01, -3.30000000000000E-01, -7.35180916443380E-02,  1.82350000000004E+02,  1.86860193859518E+04,  4.15711224685171E+04
 1.96450000000000E+03, -5.38487537911601E-01, -1.38500000000000E+00, -7.28660048768710E-02,  1.82530000000004E+02,  3.02466394497826E+04,  7.07749831977761E+04
 1.96458333300000E+03, -5.26922174387210E-01, -2.17000000000000E+00, -7.22135626146981E-02,  1.82710000000004E+02,  4.41998134132032E+04,  1.12232282342411E+05
 1.96466666700000E+03, -6.01675418591896E-01, -2.45500000000000E+00, -7.15607725134103E-02,  1.82890000000004E+02,  5.78518516534807E+04,  1.58042761049253E+05
 1.96475000000000E+03, -7.60353953688166E-01, -2.41500000000000E+00, -7.09076422117832E-02,  1.83070000000004E+02,  6.85646981338641E+04,  1.99435078505811E+05
 1.96483333300000E+03, -9.21059565587698E-01, -1.90250000000000E+00, -7.02541793317185E-02,  1.83250000000004E+02,  7.42725821000065E+04,  2.28456518442415E+05
 1.96491666700000E+03, -1.02400352861076E+00, -1.60750000000000E+00, -6.96003914781849E-02,  1.83430000000004E+02,  7.38801679125861E+04,  2.39509126160802E+05
 1.96500000000000E+03, -1.06935362213129E+00, -1.83000000000000E+00, -6.89462862391613E-02,  1.83610000000004E+02,  6.74630272284339E+04,  2.30428360847389E+05
 1.96508333300000E+03, -7.94577390303523E-01, -1.66750000000000E+00, -6.82918711855796E-02,  1.83790000000004E+02,  5.62326248651030E+04,  2.02890810058074E+05
 1.96516666700000E+03, -2.12584320601365E-01, -1.16500000000000E+00, -1.83674358399089E-01,  1.83970000000004E+02,  4.22766961736412E+04,  1.62071117626866E+05
 1.96525000000000E+03,  1.24269218634360E-01, -1.01750000000000E+00, -1.83255022648297E-01,  1.84150000000004E+02,  2.81316197306381E+04,  1.15617905781790E+05
 1.96533333300000E+03,  2.18158304235795E-01, -1.14500000000000E+00, -1.82833624801604E-01,  1.84330000000004E+02,  1.62766391722708E+04,  7.21537653049715E+04
 1.96541666700000E+03,  3.30577326388505E-01, -1.44250000000000E+00, -1.82410173863334E-01,  1.84510000000004E+02,  8.65382555265096E+03,  3.95980010073621E+04
 1.96550000000000E+03,  4.21220407628185E-01, -1.87500000000000E+00, -1.81984678845046E-01,  1.84690000000004E+02,  6.30992866683332E+03,  2.36440381532194E+04
 1.96558333300000E+03,  4.56017565230156E-01, -2.17000000000000E+00, -1.81557148765338E-01,  1.84870000000004E+02,  9.22881636289067E+03,  2.66899204121493E+04
 1.96566666700000E+03,  4.04033405237758E-01, -2.34750000000000E+00, -1.81127592649659E-01,  1.85050000000005E+02,  1.63822316695845E+04,  4.74274745326061E+04
 1.96575000000000E+03,  2.67606125621753E-01, -2.57750000000000E+00, -1.80696019530126E-01,  1.85230000000005E+02,  2.59810074516120E+04,  8.11627804206208E+04
 1.96583333300000E+03,  1.28579798577478E-01, -2.40500000000000E+00, -1.80262438445328E-01,  1.85410000000005E+02,  3.58683254981413E+04,  1.20794775474450E+05
 1.96591666700000E+03,  4.66901333313444E-02, -1.59250000000000E+00, -1.79826858440146E-01,  1.85590000000005E+02,  4.39694364881648E+04,  1.58249600971065E+05
 1.96600000000000E+03,  2.17176046368747E-02, -7.55000000000000E-01, -1.79389288565564E-01,  1.85770000000005E+02,  4.87037585108615E+04,  1.86081343835143E+05
 1.96608333300000E+03,  3.94566899599968E-02, -2.55000000000000E-01, -1.78949737878481E-01,  1.85950000000005E+02,  4.92766344046433E+04,  1.98921864657210E+05
 1.96616666700000E+03,  7.72612449331807E-02, -7.49999999999999E-03, -1.40645486202243E-01,  1.86130000000005E+02,  4.57962048569555E+04,  1.94497960732339E+05
 1.96625000000000E+03,  1.26657435956443E-01,  1.02500000000000E-01, -1.40081263960099E-01,  1.86310000000005E+02,  3.91993367080051E+04,  1.74024835573206E+05
 1.96633333300000E+03,  1.99964541136290E-01, -9.25000000000000E-02, -1.39515768206773E-01,  1.86490000000005E+02,  3.10108616341726E+04,  1.41911455898043E+05
 1.96641666700000E+03,  2.91927032859015E-01, -4.57500000000000E-01, -1.38949007941032E-01,  1.86670000000005E+02,  2.29939659184965E+04,  1.04849822938761E+05
 1.96650000000000E+03,  3.62264217177846E-01, -5.95000000000000E-01, -1.38380992154997E-01,  1.86850000000005E+02,  1.67696068139977E+04,  7.04790778781649E+04
 1.96658333300000E+03,  3.76931119976727E-01, -4.52500000000000E-01, -1.37811729834014E-01,  1.87030000000005E+02,  1.34856355075152E+04,  4.58935439367792E+04
 1.96666666700000E+03,  3.05017147397060E-01, -1.72500000000000E-01, -1.37241229956522E-01,  1.87210000000005E+02,  1.36020155114081E+04,  3.62869143243051E+04
 1.96675000000000E+03,  1.48885054151352E-01, -2.25000000000000E-02, -1.36669501493929E-01,  1.87390000000005E+02,  1.68309134551715E+04,  4.39898937866410E+04
 1.96683333300000E+03, -9.59680951588097E-03,  1.50000000000000E-01, -1.36096553410482E-01,  1.87570000000005E+02,  2.22359680667042E+04,  6.80744322509840E+04
 1.96691666700000E+03, -1.10668772353403E-01,  5.10000000000000E-01, -1.35522394663141E-01,  1.87750000000005E+02,  2.84613610863884E+04,  1.04582526463014E+05
 1.96700000000000E+03, -1.54526752158463E-01,  7.25000000000000E-01, -1.34947034201456E-01,  1.87930000000005E+02,  3.40355585347913E+04,  1.47315216446735E+05
 1.96708333300000E+03, -4.57907929678501E-01,  4.57500000000000E-01, -1.34370480967435E-01,  1.88110000000005E+02,  3.76818699458316E+04,  1.89012225335307E+05
 1.96716666700000E+03, -1.03402578704899E+00, -8.75000000000000E-02,  1.12324821965979E-01,  1.88290000000005E+02,  3.85703499237853E+04,  2.22684681256071E+05
 1.96725000000000E+03, -1.27713604263638E+00, -7.27500000000000E-01,  1.12820322484386E-01,  1.88470000000005E+02,  3.64617501392535E+04,  2.42844318977252E+05
 1.96733333300000E+03, -1.18497233868527E+00, -1.72500000000000E+00,  1.13314733772946E-01,  1.88650000000005E+02,  3.17200128103280E+04,  2.46404066321914E+05
 1.96741666700000E+03, -1.07510838754859E+00, -2.44750000000000E+00,  1.13808053946697E-01,  1.88830000000005E+02,  2.51991083444336E+04,  2.33098462718961E+05
 1.96750000000000E+03, -9.87870037012091E-01, -2.31500000000000E+00,  1.14300281136966E-01,  1.89010000000005E+02,  1.80363416939806E+04,  2.05371491901051E+05
 1.96758333300000E+03, -9.57344946379654E-01, -1.74250000000000E+00,  1.14791413491328E-01,  1.89190000000005E+02,  1.14020648324894E+04,  1.67783431632153E+05
 1.96766666700000E+03, -1.01448381578489E+00, -1.24750000000000E+00,  1.15281449173569E-01,  1.89370000000005E+02,  6.26167493489165E+03,  1.26076614214759E+05
 1.96775000000000E+03, -1.15696131294676E+00, -1.43000000000000E+00,  1.15770386363648E-01,  1.89550000000005E+02,  3.19927154265024E+03,  8.60961457280356E+04
 1.96783333300000E+03, -1.30294372613974E+00, -1.90750000000000E+00,  1.16258223257664E-01,  1.89730000000005E+02,  2.33557671949144E+03,  5.27765108802939E+04
 1.96791666700000E+03, -1.39270314530429E+00, -2.07000000000000E+00,  1.16744958067814E-01,  1.89910000000005E+02,  3.35000627602246E+03,  2.93781518261737E+04
 1.96800000000000E+03, -1.42646428485786E+00, -2.21250000000000E+00,  1.17230589022355E-01,  1.90090000000005E+02,  5.59349041249342E+03,  1.70974011082448E+04
 1.96808333300000E+03, -1.62577391743982E+00, -2.23000000000000E+00,  1.17715114365572E-01,  1.90270000000005E+02,  8.25995358591578E+03,  1.50926510274072E+04
 1.96816666700000E+03, -2.00863871012470E+00, -2.03000000000000E+00,  1.35515357166350E-01,  1.90450000000005E+02,  1.05741089696443E+04,  2.08864699726506E+04
 1.96825000000000E+03, -2.16420478691287E+00, -1.71250000000000E+00,  1.35954971281037E-01,  1.90630000000005E+02,  1.19531115345933E+04,  3.10340649620600E+04
 1.96833333300000E+03, -2.08477987993177E+00, -1.76750000000000E+00,  1.36393421680545E-01,  1.90810000000005E+02,  1.21089696505222E+04,  4.19057169126017E+04
 1.96841666700000E+03, -1.98760977398071E+00, -2.30000000000000E+00,  1.36830707240293E-01,  1.90990000000005E+02,  1.10746703434962E+04,  5.04211163213582E+04
 1.96850000000000E+03, -1.91300293076046E+00, -2.44250000000000E+00,  1.37266826850066E-01,  1.91170000000005E+02,  9.15562041770995E+03,  5.45964004867166E+04
 1.96858333300000E+03, -1.89503025048694E+00, -2.12000000000000E+00,  1.37701779413981E-01,  1.91350000000005E+02,  6.82481393028863E+03,  5.38131895973162E+04
 1.96866666700000E+03, -1.96462628724519E+00, -1.67000000000000E+00,  1.38135563850443E-01,  1.91530000000005E+02,  4.59138691943859E+03,  4.87814929768089E+04
 1.96875000000000E+03, -2.11945015836605E+00, -1.31500000000000E+00,  1.38568179092105E-01,  1.91710000000005E+02,  2.87571915971824E+03,  4.12315185983107E+04
 1.96883333300000E+03, -2.27765317604648E+00, -1.24250000000000E+00,  1.38999624085828E-01,  1.91890000000005E+02,  1.91973821228555E+03,  3.34205851133488E+04
 1.96891666700000E+03, -2.37949300487141E+00, -1.16250000000000E+00,  1.39429897792645E-01,  1.92070000000005E+02,  1.75020573348118E+03,  2.75712844402255E+04
 1.96900000000000E+03, -2.42518045827426E+00, -4.72500000000000E-01,  1.39858999187713E-01,  1.92250000000005E+02,  2.19854287549728E+03,  2.53615033677146E+04
 1.96908333300000E+03, -1.89354726479657E+00,  7.77500000000000E-01,  1.40286927260279E-01,  1.92430000000005E+02,  2.96680061386437E+03,  2.75670285449005E+04
 1.96916666700000E+03, -7.92424150542078E-01,  1.56000000000000E+00, -2.67300791071456E-02,  1.92610000000005E+02,  3.71902709160891E+03,  3.39191236612064E+04
 1.96925000000000E+03, -1.86644158071868E-01,  1.18000000000000E+00, -2.60707710982815E-02,  1.92790000000005E+02,  4.17278264440589E+03,  4.31917539537843E+04
 1.96933333300000E+03, -7.96030608305051E-02,  3.87500000000000E-01, -2.54116067895082E-02,  1.92970000000005E+02,  4.16760839192773E+03,  5.34862180551040E+04
 1.96941666700000E+03,  4.34894381252534E-02,  2.92500000000000E-01, -2.47525925267387E-02,  1.93150000000005E+02,  3.69493414428742E+03,  6.26439909945466E+04
 1.96950000000000E+03,  1.42266523723636E-01,  1.77500000000000E-01, -2.40937346362234E-02,  1.93330000000005E+02,  2.88495952764034E+03,  6.86980012526812E+04
 1.96958333300000E+03,  1.82604377559803E-01, -6.47500000000000E-01, -2.34350394245297E-02,  1.93510000000005E+02,  1.95749523311494E+03,  7.02710101472634E+04
 1.96966666700000E+03,  1.33521113230960E-01, -1.36000000000000E+00, -2.27765131785184E-02,  1.93690000000005E+02,  1.15269957452663E+03,  6.68459446666761E+04
 1.96975000000000E+03, -2.68400214469555E-03, -1.61250000000000E+00, -2.21181621653238E-02,  1.93870000000005E+02,  6.61948400718068E+02,  5.88623518536716E+04
 1.96983333300000E+03, -1.44198068078557E-01, -1.27000000000000E+00, -2.14599926323320E-02,  1.94050000000005E+02,  5.77859419403726E+02,  4.76288951431297E+04
 1.96991666700000E+03, -2.31308618015617E-01, -6.00000000000000E-01, -2.08020108071607E-02,  1.94230000000005E+02,  8.76313892724736E+02,  3.50767120973507E+04
 1.97000000000000E+03, -2.64250346309812E-01, -3.57500000000000E-01, -2.01442228976390E-02,  1.94410000000005E+02,  1.43397859343689E+03,  2.34060805363453E+04
 1.97008333300000E+03, -3.78879782747333E-01, -3.27500000000000E-01, -1.94866350917881E-02,  1.94590000000005E+02,  2.07487492063945E+03,  1.46947764905146E+04
 1.97016666700000E+03, -5.81418035459102E-01, -8.50000000000000E-02,  3.06479523526880E-02,  1.94770000000005E+02,  2.63159923457913E+03,  1.05389429017454E+04
 1.97025000000000E+03, -6.20130154449068E-01, -7.75000000000000E-02,  3.12719559884139E-02,  1.94950000000005E+02,  3.00291453938931E+03,  1.17870595469521E+04
 1.97033333300000E+03, -4.98173738492652E-01, -7.45000000000000E-01,  3.18953301148367E-02,  1.95130000000005E+02,  3.19056648179819E+03,  1.84077254816973E+04
 1.97041666700000E+03, -3.58497257204745E-01, -1.63500000000000E+00,  3.25180701741917E-02,  1.95310000000005E+02,  3.30397400925121E+03,  2.95068076263417E+04
 1.97050000000000E+03, -2.41535368865684E-01, -1.91500000000000E+00,  3.31401716287979E-02,  1.95490000000005E+02,  3.53035375219864E+03,  4.34838484095908E+04
 1.97058333300000E+03, -1.81483588636050E-01, -1.65500000000000E+00,  3.37616299610473E-02,  1.95670000000005E+02,  4.07751055853132E+03,  5.82957509556332E+04
 1.97066666700000E+03, -2.09399138827761E-01, -1.64000000000000E+00,  3.43824406733939E-02,  1.95850000000005E+02,  5.10442482309939E+03,  7.17808109849764E+04
 1.97075000000000E+03, -3.23061504251459E-01, -2.03500000000000E+00,  3.50025992883422E-02,  1.96030000000005E+02,  6.65880014643156E+03,  8.19897757687879E+04
 1.97083333300000E+03, -4.40739720402202E-01, -2.32250000000000E+00,  3.56221013484359E-02,  1.96210000000005E+02,  8.63978804868918E+03,  8.74728802888965E+04
 1.97091666700000E+03, -5.02806202163038E-01, -2.37000000000000E+00,  3.62409424162454E-02,  1.96390000000005E+02,  1.07983227652423E+04,  8.74815279731932E+04
 1.97100000000000E+03, -5.09583225488398E-01, -2.59250000000000E+00,  3.68591180743564E-02,  1.96570000000005E+02,  1.27782479388266E+04,  8.20583193242128E+04
 1.97108333300000E+03, -7.44890471134977E-01, -2.96000000000000E+00,  3.74766239253567E-02,  1.96750000000005E+02,  1.41909609715087E+04,  7.20068895167738E+04
 1.97116666700000E+03, -1.22919024717654E+00, -3.42250000000000E+00,  2.09474706225990E-01,  1.96930000000005E+02,  1.47072425878194E+04,  5.87508471200969E+04
 1.97125000000000E+03, -1.42929141148036E+00, -3.76500000000000E+00,  2.09609552401579E-01,  1.97110000000005E+02,  1.41445834818344E+04,  4.41066386462627E+04
 1.97133333300000E+03, -1.33434938850069E+00, -3.68000000000000E+00,  2.09743308782249E-01,  1.97290000000005E+02,  1.25281056415182E+04,  3.00065239000750E+04
 1.97141666700000E+03, -1.22105264709695E+00, -3.61250000000000E+00,  2.09875976649765E-01,  1.97470000000005E+02,  1.01083155381702E+04,  1.82137860261941E+04
 1.97150000000000E+03, -1.12976401859896E+00, -3.85000000000000E+00,  2.10007557290552E-01,  1.97650000000005E+02,  7.32833936182335E+03,  1.00722516957954E+04
 1.97158333300000E+03, -1.09460965315122E+00, -4.07250000000000E+00,  2.10138051995667E-01,  1.97830000000005E+02,  4.74484693277511E+03,  6.32629360792712E+03
 1.97166666700000E+03, -1.14658007942194E+00, -3.61500000000000E+00,  2.10267462060761E-01,  1.98010000000005E+02,  2.91788701786139E+03,  7.03654471620264E+03
 1.97175000000000E+03, -1.28339095880494E+00, -2.80750000000000E+00,  2.10395788786058E-01,  1.98190000000005E+02,  2.29272497529287E+03,  1.16020158074073E+04
 1.97183333300000E+03, -1.42325056051009E+00, -2.68250000000000E+00,  2.10523033476319E-01,  1.98370000000005E+02,  3.09957827240017E+03,  1.88831380817847E+04
 1.97191666700000E+03, -1.50647376617172E+00, -3.05250000000000E+00,  2.10649197440813E-01,  1.98550000000005E+02,  5.29411876897302E+03,  2.74047427057000E+04
 1.97200000000000E+03, -1.53332871516565E+00, -3.42000000000000E+00,  2.10774281993290E-01,  1.98730000000005E+02,  8.55332260133951E+03,  3.56054880752799E+04
 1.97208333300000E+03, -1.63414553109739E+00, -3.90250000000000E+00,  2.10898288451946E-01,  1.98910000000005E+02,  1.23294854588171E+04,  4.20928146031985E+04
 1.97216666700000E+03, -1.82721727470637E+00, -4.07000000000000E+00,  2.15489621780982E-01,  1.99090000000005E+02,  1.59525829735612E+04,  4.58615583373711E+04
 1.97225000000000E+03, -1.88443339142752E+00, -4.01000000000000E+00,  2.15564133355978E-01,  1.99270000000005E+02,  1.87604653399990E+04,  4.64403359782209E+04
 1.97233333300000E+03, -1.79776842552390E+00, -4.49000000000000E+00,  2.15637635349774E-01,  1.99450000000005E+02,  2.02300351637551E+04,  4.39420193187059E+04
 1.97241666700000E+03, -1.69292535068097E+00, -4.66000000000000E+00,  2.15710129264717E-01,  1.99630000000005E+02,  2.00820062568428E+04,  3.90111935160779E+04
 1.97250000000000E+03, -1.61023056903882E+00, -4.16250000000000E+00,  2.15781616606194E-01,  1.99810000000005E+02,  1.83372282142072E+04,  3.26796717746185E+04
 1.97258333300000E+03, -1.58377355359363E+00, -3.72000000000000E+00,  2.15852098882613E-01,  1.99990000000005E+02,  1.53127173567743E+04,  2.61576777013232E+04
 1.97266666700000E+03, -1.64450802758925E+00, -3.29750000000000E+00,  2.15921577605368E-01,  2.00170000000005E+02,  1.15582373794203E+04,  2.06000810353187E+04
 1.97275000000000E+03, -1.79011283738812E+00, -2.99000000000000E+00,  2.15990054288823E-01,  2.00350000000005E+02,  7.74675126335042E+03,  1.68916979217562E+04
 1.97283333300000E+03, -1.93875954409318E+00, -3.08750000000000E+00,  2.16057530450276E-01,  2.00530000000005E+02,  4.54161855264775E+03,  1.54920254387726E+04
 1.97291666700000E+03, -2.03072654370380E+00, -3.49250000000000E+00,  2.16124007609944E-01,  2.00710000000005E+02,  2.46800545276293E+03,  1.63683264911633E+04
 1.97300000000000E+03, -2.06624582589284E+00, -3.84000000000000E+00,  2.16189487290929E-01,  2.00890000000005E+02,  1.81468377452237E+03,  1.90287424010631E+04
 1.97308333300000E+03, -2.27759120743669E+00, -3.87000000000000E+00,  2.16253971019195E-01,  2.01070000000005E+02,  2.58558778658627E+03,  2.26473543746279E+04
 1.97316666700000E+03, -2.67963797509937E+00, -3.47250000000000E+00,  1.54863637309402E-01,  2.01250000000005E+02,  4.50973605848280E+03,  2.62547368971061E+04
 1.97325000000000E+03, -2.83679952461107E+00, -2.71250000000000E+00,  1.55247691503579E-01,  2.01430000000005E+02,  7.10579468154644E+03,  2.89542891053558E+04
 1.97333333300000E+03, -2.74420789413990E+00, -2.05250000000000E+00,  1.55630544057783E-01,  2.01610000000005E+02,  9.78633075896235E+03,  3.01192989341847E+04
 1.97341666700000E+03, -2.63282165284268E+00, -1.66500000000000E+00,  1.56012194477784E-01,  2.01790000000005E+02,  1.19790476276331E+04,  2.95295340193147E+04
 1.97350000000000E+03, -2.54297054883558E+00, -1.39500000000000E+00,  1.56392642281815E-01,  2.01970000000005E+02,  1.32395592182135E+04,  2.74185342643897E+04
 1.97358333300000E+03, -2.50874810101708E+00, -1.36000000000000E+00,  1.56771887000540E-01,  2.02150000000005E+02,  1.33329743954675E+04,  2.44212776808539E+04
 1.97366666700000E+03, -2.56111276226131E+00, -1.63500000000000E+00,  1.57149928177004E-01,  2.02330000000005E+02,  1.22689598565737E+04,  2.14327445365900E+04
 1.97375000000000E+03, -2.69774877543317E+00, -2.03500000000000E+00,  1.57526765366599E-01,  2.02510000000005E+02,  1.02852862385841E+04,  1.94067873201927E+04
 1.97383333300000E+03, -2.83683374678630E+00, -2.28750000000000E+00,  1.57902398137020E-01,  2.02690000000005E+02,  7.78582135220857E+03,  1.91376365610303E+04
 1.97391666700000E+03, -2.91865274808561E+00, -2.51000000000000E+00,  1.58276826068227E-01,  2.02870000000005E+02,  5.24815666383497E+03,  2.10705410588297E+04
 1.97400000000000E+03, -2.94344505683013E+00, -2.78750000000000E+00,  1.58650048752399E-01,  2.03050000000005E+02,  3.12164763736539E+03,  2.51824733384366E+04
 1.97408333300000E+03, -2.85923346930808E+00, -3.21500000000000E+00,  1.59022065793898E-01,  2.03230000000005E+02,  1.73758609156916E+03,  3.09595945886304E+04
 1.97416666700000E+03, -2.67828429140245E+00, -4.13000000000000E+00,  1.72971879784161E-01,  2.03410000000005E+02,  1.24952255786210E+03,  3.74781845681791E+04
 1.97425000000000E+03, -2.53114679003203E+00, -4.97750000000000E+00,  1.73294041286920E-01,  2.03590000000005E+02,  1.61443561742941E+03,  4.35741643934015E+04
 1.97433333300000E+03, -2.41603378901555E+00, -5.03500000000000E+00,  1.73614991007631E-01,  2.03770000000005E+02,  2.61625053518430E+03,  4.80677055619205E+04
 1.97441666700000E+03, -2.28250111342363E+00, -4.88000000000000E+00,  1.73934729038014E-01,  2.03950000000005E+02,  3.92420350096158E+03,  4.99976610087514E+04
 1.97450000000000E+03, -2.17089121327958E+00, -4.96750000000000E+00,  1.74253255480184E-01,  2.04130000000005E+02,  5.17164357555382E+03,  4.88181655556782E+04
 1.97458333300000E+03, -2.11530968335185E+00, -5.00000000000000E+00,  1.74570570446607E-01,  2.04310000000005E+02,  6.03741772920593E+03,  4.45172470100789E+04
 1.97466666700000E+03, -2.14672642673437E+00, -5.08000000000000E+00,  1.74886674060067E-01,  2.04490000000005E+02,  6.31252888299171E+03,  3.76330882060432E+04
 1.97475000000000E+03, -2.26283651212064E+00, -4.98000000000000E+00,  1.75201566453620E-01,  2.04670000000005E+02,  5.93893477872836E+03,  2.91643563915810E+04
 1.97483333300000E+03, -2.38182774854709E+00, -4.41250000000000E+00,  1.75515247770556E-01,  2.04850000000005E+02,  5.01404775888411E+03,  2.03924073683918E+04
 1.97491666700000E+03, -2.44399479043078E+00, -3.66250000000000E+00,  1.75827718164362E-01,  2.05030000000005E+02,  3.76211210044260E+03,  1.26507185966489E+04
 1.97500000000000E+03, -2.44958588149148E+00, -3.22250000000000E+00,  1.76138977798679E-01,  2.05210000000005E+02,  2.48049172441886E+03,  7.08700467888275E+03
 1.97508333300000E+03, -2.38388566683643E+00, -3.25500000000000E+00,  1.76449026847263E-01,  2.05390000000005E+02,  1.47359099786895E+03,  4.46413272576045E+03
 1.97516666700000E+03, -2.26545630913584E+00, -3.36250000000000E+00,  2.16572015911795E-01,  2.05570000000005E+02,  9.88815301281188E+02,  5.03721602814320E+03
 1.97525000000000E+03, -2.15658182664053E+00, -3.57750000000000E+00,  2.16517326675397E-01,  2.05750000000005E+02,  1.16752537227705E+03,  8.52813592101974E+03
 1.97533333300000E+03, -2.04908279271919E+00, -3.65000000000000E+00,  2.16461865008669E-01,  2.05930000000005E+02,  2.01990416640610E+03,  1.41987536216591E+04
 1.97541666700000E+03, -1.92342197063470E+00, -3.23250000000000E+00,  2.16405632622342E-01,  2.06110000000005E+02,  3.42710148658945E+03,  2.10044863263538E+04
 1.97550000000000E+03, -1.81993291292572E+00, -2.66500000000000E+00,  2.16348631227227E-01,  2.06290000000005E+02,  5.16825036097173E+03,  2.77947959994608E+04
 1.97558333300000E+03, -1.77271211781244E+00, -2.55250000000000E+00,  2.16290862534194E-01,  2.06470000000005E+02,  6.96519161313222E+03,  3.35194701542004E+04
 1.97566666700000E+03, -1.81272020605523E+00, -3.13750000000000E+00,  2.16232328254163E-01,  2.06650000000005E+02,  8.53489774852160E+03,  3.74006752931483E+04
 1.97575000000000E+03, -1.93764279151739E+00, -3.57250000000000E+00,  2.16173030098086E-01,  2.06830000000005E+02,  9.63905317577323E+03,  3.90400343188974E+04
 1.97583333300000E+03, -2.06565806843289E+00, -3.50500000000000E+00,  2.16112969776932E-01,  2.07010000000005E+02,  1.01218855849643E+04,  3.84450937530291E+04
 1.97591666700000E+03, -2.13705092969766E+00, -3.53250000000000E+00,  2.16052149001671E-01,  2.07190000000005E+02,  9.93056210794502E+03,  3.59770187332904E+04
 1.97600000000000E+03, -2.15205972400004E+00, -3.93750000000000E+00,  2.15990569483260E-01,  2.07370000000005E+02,  9.11640208543614E+03,  3.22373380264979E+04
 1.97608333300000E+03, -2.15704677451243E+00, -4.50750000000000E+00,  2.15928232932631E-01,  2.07550000000005E+02,  7.81890771363667E+03,  2.79227089782344E+04
 1.97616666700000E+03, -2.16999298614996E+00, -4.74250000000000E+00,  2.16802514843090E-01,  2.07730000000005E+02,  6.23743029413026E+03,  2.36808495378372E+04
 1.97625000000000E+03, -2.13038628046891E+00, -4.69250000000000E+00,  2.16751230598453E-01,  2.07910000000005E+02,  4.59674094962928E+03,  1.99974958771287E+04
 1.97633333300000E+03, -2.03053035677934E+00, -4.82250000000000E+00,  2.16699166428299E-01,  2.08090000000005E+02,  3.11279646120922E+03,  1.71346755429574E+04
 1.97641666700000E+03, -1.91250013240185E+00, -4.51250000000000E+00,  2.16646324042836E-01,  2.08270000000005E+02,  1.96384816048884E+03,  1.51272680501054E+04
 1.97650000000000E+03, -1.81662290066477E+00, -3.31500000000000E+00,  2.16592705152416E-01,  2.08450000000005E+02,  1.27021322076897E+03,  1.38310038186305E+04
 1.97658333300000E+03, -1.77698899778723E+00, -2.28500000000000E+00,  2.16538311467524E-01,  2.08630000000005E+02,  1.08405247175718E+03,  1.30039215986382E+04
 1.97666666700000E+03, -1.82455298429790E+00, -2.27000000000000E+00,  2.16483144698757E-01,  2.08810000000005E+02,  1.38882931297589E+03,  1.23972736274856E+04
 1.97675000000000E+03, -1.95699451993164E+00, -3.09750000000000E+00,  2.16427206556812E-01,  2.08990000000005E+02,  2.10702245510833E+03,  1.18320375442559E+04
 1.97683333300000E+03, -2.09248595425013E+00, -4.00250000000000E+00,  2.16370498752472E-01,  2.09170000000005E+02,  3.11416710063102E+03,  1.12431514738742E+04
 1.97691666700000E+03, -2.17130644881915E+00, -4.28250000000000E+00,  2.16313022996584E-01,  2.09350000000005E+02,  4.25724969865002E+03,  1.06835604790519E+04
 1.97700000000000E+03, -2.19368873800418E+00, -3.96750000000000E+00,  2.16254781000054E-01,  2.09530000000005E+02,  5.37562307450940E+03,  1.02914830227103E+04
 1.97708333300000E+03, -2.14162270246015E+00, -3.20500000000000E+00,  2.16195774473820E-01,  2.09710000000005E+02,  6.32269310361256E+03,  1.02340818251652E+04
 1.97716666700000E+03, -2.03366120701947E+00, -2.40000000000000E+00,  2.13657594097508E-01,  2.09890000000005E+02,  6.98651414122222E+03,  1.06465358510080E+04
 1.97725000000000E+03, -1.93861437108157E+00, -2.07750000000000E+00,  2.13753986711018E-01,  2.10070000000005E+02,  7.30713925493238E+03,  1.15859892431870E+04
 1.97733333300000E+03, -1.84823700038945E+00, -1.77000000000000E+00,  2.13849338478856E-01,  2.10250000000005E+02,  7.28828077496137E+03,  1.30149909416345E+04
 1.97741666700000E+03, -1.73967430385695E+00, -1.33500000000000E+00,  2.13943650832174E-01,  2.10430000000005E+02,  7.00081759737659E+03,  1.48201719120299E+04
 1.97750000000000E+03, -1.65325310091414E+00, -1.27000000000000E+00,  2.14036925205734E-01,  2.10610000000005E+02,  6.57619935465402E+03,  1.68613759815201E+04
 1.97758333300000E+03, -1.62306327290011E+00, -1.68000000000000E+00,  2.14129163037886E-01,  2.10790000000005E+02,  6.18898627255491E+03,  1.90370309863922E+04
 1.97766666700000E+03, -1.68005894389771E+00, -2.19250000000000E+00,  2.14220365770537E-01,  2.10970000000005E+02,  6.02956874997771E+03,  2.13457308189622E+04
 1.97775000000000E+03, -1.82191935505198E+00, -2.16750000000000E+00,  2.14310534849127E-01,  2.11150000000005E+02,  6.27024724671376E+03,  2.39234346330865E+04
 1.97783333300000E+03, -1.96681645386175E+00, -1.89500000000000E+00,  2.14399671722600E-01,  2.11330000000005E+02,  7.02985208911579E+03,  2.70407305117637E+04
 1.97791666700000E+03, -2.05502901579060E+00, -1.75250000000000E+00,  2.14487777843376E-01,  2.11510000000006E+02,  8.34339745414665E+03,  3.10542176972913E+04
 1.97800000000000E+03, -2.08678940450230E+00, -1.51750000000000E+00,  2.14574854667325E-01,  2.11690000000006E+02,  1.01434129746388E+04,  3.63180236322634E+04
 1.97808333300000E+03, -2.11627543262200E+00, -1.50500000000000E+00,  2.14660903653738E-01,  2.11870000000006E+02,  1.22583095543742E+04,  4.30729115138369E+04
 1.97816666700000E+03, -2.15903054551755E+00, -1.75500000000000E+00,  2.18319751380964E-01,  2.12050000000006E+02,  1.44304587369242E+04,  5.13384743132910E+04
 1.97825000000000E+03, -2.13648357209903E+00, -1.99000000000000E+00,  2.18308388737167E-01,  2.12230000000006E+02,  1.63529933258556E+04,  6.08363592941371E+04
 1.97833333300000E+03, -2.04340760225352E+00, -2.44750000000000E+00,  2.18296163634721E-01,  2.12410000000006E+02,  1.77203639692080E+04,  7.09683515591060E+04
 1.97841666700000E+03, -1.93215000827207E+00, -2.97000000000000E+00,  2.18283077756571E-01,  2.12590000000006E+02,  1.82842674635678E+04,  8.08629851707980E+04
 1.97850000000000E+03, -1.84303784445108E+00, -2.88500000000000E+00,  2.18269132786652E-01,  2.12770000000006E+02,  1.79045262959782E+04,  8.94900904344755E+04
 1.97858333300000E+03, -1.81016120927881E+00, -2.40250000000000E+00,  2.18254330409864E-01,  2.12950000000006E+02,  1.65844471829804E+04,  9.58273062734247E+04
 1.97866666700000E+03, -1.86447442687326E+00, -2.13750000000000E+00,  2.18238672312058E-01,  2.13130000000006E+02,  1.44823308890781E+04,  9.90494711424328E+04
 1.97875000000000E+03, -2.00365692190212E+00, -1.91500000000000E+00,  2.18222160180013E-01,  2.13310000000006E+02,  1.18948848392092E+04,  9.87040039155363E+04
 1.97883333300000E+03, -2.14588080871894E+00, -1.67750000000000E+00,  2.18204795701422E-01,  2.13490000000006E+02,  9.21359062834100E+03,  9.48349290863918E+04
 1.97891666700000E+03, -2.23142501357298E+00, -1.79750000000000E+00,  2.18186580564870E-01,  2.13670000000006E+02,  6.86056345688613E+03,  8.80256237695548E+04
 1.97900000000000E+03, -2.26052203544185E+00, -1.90250000000000E+00,  2.18167516459814E-01,  2.13850000000006E+02,  5.21495988380432E+03,  7.93445402460818E+04
 1.97908333300000E+03, -2.03632848639150E+00, -1.91250000000000E+00,  2.18147605076570E-01,  2.14030000000006E+02,  4.54353022563520E+03,  7.01964833640627E+04
 1.97916666700000E+03, -1.57548649100088E+00, -2.21250000000000E+00,  1.91081385811383E-01,  2.14210000000006E+02,  4.94882618539471E+03,  6.21009198637065E+04
 1.97925000000000E+03, -1.30262094786942E+00, -2.15000000000000E+00,  1.90902052874211E-01,  2.14390000000006E+02,  6.34574473445823E+03,  5.64344347250728E+04
 1.97933333300000E+03, -1.21151604466146E+00, -1.38750000000000E+00,  1.90722286818410E-01,  2.14570000000006E+02,  8.47197594986168E+03,  5.41835268342221E+04
 1.97941666700000E+03, -1.10245427710880E+00, -8.42500000000000E-01,  1.90542089129167E-01,  2.14750000000006E+02,  1.09314878946918E+04,  5.57543724031452E+04
 1.97950000000000E+03, -1.01576297344701E+00, -9.67500000000000E-01,  1.90361461289790E-01,  2.14930000000006E+02,  1.32637016927669E+04,  6.08775715266085E+04
 1.97958333300000E+03, -9.85532446294021E-01, -1.18750000000000E+00,  1.90180404781700E-01,  2.15110000000006E+02,  1.50258108237340E+04,  6.86296130927130E+04
 1.97966666700000E+03, -1.04271717398207E+00, -1.15750000000000E+00,  1.89998921084430E-01,  2.15290000000006E+02,  1.58728752168079E+04,  7.75717770905228E+04
 1.97975000000000E+03, -1.18499667538119E+00, -1.02750000000000E+00,  1.89817011675618E-01,  2.15470000000006E+02,  1.56204986308484E+04,  8.59853675688337E+04
 1.97983333300000E+03, -1.33054309819255E+00, -8.95000000000000E-01,  1.89634678031004E-01,  2.15650000000006E+02,  1.42780921587494E+04,  9.21636990589904E+04
 1.97991666700000E+03, -1.41963534108203E+00, -6.17500000000000E-01,  1.89451921624425E-01,  2.15830000000006E+02,  1.20463294381961E+04,  9.47097378434722E+04
 1.98000000000000E+03, -1.45250581444756E+00, -4.55000000000000E-01,  1.89268743927811E-01,  2.16010000000006E+02,  9.27929973042721E+03,  9.27860460079733E+04
 1.98008333300000E+03, -1.39651069978122E+00, -8.42500000000000E-01,  1.89085146411181E-01,  2.16190000000006E+02,  6.41867915374966E+03,  8.62712758783570E+04
 1.98016666700000E+03, -1.26504697984993E+00, -9.92500000000000E-01,  2.07403634268162E-01,  2.16370000000006E+02,  3.91259809590988E+03,  7.57936404516393E+04
 1.98025000000000E+03, -1.15102526570515E+00, -1.30000000000000E-01,  2.07279386839434E-01,  2.16550000000006E+02,  2.13471406057902E+03,  6.26336376835846E+04
 1.98033333300000E+03, -1.05133547217557E+00,  8.15000000000000E-01,  2.07154538242337E-01,  2.16730000000006E+02,  1.31875511986692E+03,  4.85118410287869E+04
 1.98041666700000E+03, -9.33635995899457E-01,  8.92500000000000E-01,  2.07029090128359E-01,  2.16910000000006E+02,  1.52056257123864E+03,  3.52984531352760E+04
 1.98050000000000E+03, -8.38255501271073E-01,  4.80000000000000E-01,  2.06903044147830E-01,  2.17090000000006E+02,  2.61412315323952E+03,  2.46956920007353E+04
 1.98058333300000E+03, -7.99285680899777E-01,  1.20000000000000E-01,  2.06776401949914E-01,  2.17270000000006E+02,  4.32138890974887E+03,  1.79492676779709E+04
 1.98066666700000E+03, -8.47682437304226E-01, -2.35000000000000E-01,  2.06649165182595E-01,  2.17450000000006E+02,  6.26919621300931E+03,  1.56402274145632E+04
 1.98075000000000E+03, -9.81126758079439E-01, -9.17500000000000E-01,  2.06521335492673E-01,  2.17630000000006E+02,  8.06160156029241E+03,  1.75941789568492E+04
 1.98083333300000E+03, -1.11779230375775E+00, -1.86000000000000E+00,  2.06392914525751E-01,  2.17810000000006E+02,  9.35340138007354E+03,  2.29239271078110E+04
 1.98091666700000E+03, -1.19795953024628E+00, -2.28000000000000E+00,  2.06263903926228E-01,  2.17990000000006E+02,  9.91092418992554E+03,  3.01976809953345E+04
 1.98100000000000E+03, -1.22186244987799E+00, -2.04750000000000E+00,  2.06134305337288E-01,  2.18170000000006E+02,  9.64920888030631E+03,  3.77025344156338E+04
 1.98108333300000E+03, -1.29607085125769E+00, -1.40750000000000E+00,  2.06004120400896E-01,  2.18350000000006E+02,  8.63970463767738E+03,  4.37559454306959E+04
 1.98116666700000E+03, -1.43509085766220E+00, -7.35000000000000E-01,  2.10678031481211E-01,  2.18530000000006E+02,  7.08856257409548E+03,  4.70094942638714E+04
 1.98125000000000E+03, -1.45450192686711E+00, -7.32500000000000E-01,  2.10571574338260E-01,  2.18710000000006E+02,  5.29121522946194E+03,  4.66907752623344E+04
 1.98133333300000E+03, -1.35005503251385E+00, -8.62500000000000E-01,  2.10464468622303E-01,  2.18890000000006E+02,  3.57315571176086E+03,  4.27405557071666E+04
 1.98141666700000E+03, -1.22749717314870E+00, -8.07500000000000E-01,  2.10356716013662E-01,  2.19070000000006E+02,  2.22887160007234E+03,  3.58212379730320E+04
 1.98150000000000E+03, -1.12715711718655E+00, -9.67500000000000E-01,  2.10248318191788E-01,  2.19250000000006E+02,  1.47047824228436E+03,  2.71957532482542E+04
 1.98158333300000E+03, -1.08312669189038E+00, -9.52500000000000E-01,  2.10139276835249E-01,  2.19430000000006E+02,  1.39496283021402E+03,  1.84991203781324E+04
 1.98166666700000E+03, -1.12636196573499E+00, -9.85000000000000E-01,  2.10029593621720E-01,  2.19610000000006E+02,  1.97476201558130E+03,  1.14438712770576E+04
 1.98175000000000E+03, -1.25454412423594E+00, -1.41750000000000E+00,  2.09919270227970E-01,  2.19790000000006E+02,  3.07159189161522E+03,  7.51199723419485E+03
 1.98183333300000E+03, -1.38584705770890E+00, -1.22000000000000E+00,  2.09808308329853E-01,  2.19970000000006E+02,  4.46903129819184E+03,  7.68801061813391E+03
 1.98191666700000E+03, -1.46055148435366E+00, -6.30000000000000E-01,  2.09696709602299E-01,  2.20150000000006E+02,  5.91617906741220E+03,  1.22798792249167E+04
 1.98200000000000E+03, -1.47889171194328E+00, -6.70000000000000E-01,  2.09584475719301E-01,  2.20330000000006E+02,  7.17329841477935E+03,  2.08584809132427E+04
 1.98208333300000E+03, -1.74678983247510E+00, -8.50000000000000E-01,  2.09471608353904E-01,  2.20510000000006E+02,  8.05085834495018E+03,  3.23248340724445E+04
 1.98216666700000E+03, -2.28373937425054E+00, -1.11000000000000E+00,  1.63157273918914E-01,  2.20690000000006E+02,  8.43551313303881E+03,  4.50916049816964E+04
 1.98225000000000E+03, -2.51157731593164E+00, -1.64750000000000E+00,  1.62931695054416E-01,  2.20870000000006E+02,  8.29974477045535E+03,  5.73454044798219E+04
 1.98233333300000E+03, -2.42101501866858E+00, -1.93000000000000E+00,  1.62705867176389E-01,  2.21050000000006E+02,  7.69538358207203E+03,  6.73427426777291E+04
 1.98241666700000E+03, -2.31213572631125E+00, -2.02750000000000E+00,  1.62479791485532E-01,  2.21230000000006E+02,  6.73428001909706E+03,  7.36875886813257E+04
 1.98250000000000E+03, -2.22526447845365E+00, -2.43000000000000E+00,  1.62253469180349E-01,  2.21410000000006E+02,  5.56144970420477E+03,  7.55430292550273E+04
 1.98258333300000E+03, -2.19448943219555E+00, -2.93750000000000E+00,  1.62026901457151E-01,  2.21590000000006E+02,  4.32674796088525E+03,  7.27425291631149E+04
 1.98266666700000E+03, -2.25076304631291E+00, -3.29250000000000E+00,  1.61800089510050E-01,  2.21770000000006E+02,  3.16055230331970E+03,  6.57852102137500E+04
 1.98275000000000E+03, -2.39176295887338E+00, -3.72250000000000E+00,  1.61573034530966E-01,  2.21950000000006E+02,  2.15732212544039E+03,  5.57207737290228E+04
 1.98283333300000E+03, -2.53565957600414E+00, -4.01750000000000E+00,  1.61345737709620E-01,  2.22130000000006E+02,  1.36873239230637E+03,  4.39492148008816E+04
 1.98291666700000E+03, -2.62273019671890E+00, -3.74500000000000E+00,  1.61118200233537E-01,  2.22310000000006E+02,  8.05876359530006E+02,  3.19747291895867E+04
 1.98300000000000E+03, -2.65320577632722E+00, -2.75750000000000E+00,  1.60890423288047E-01,  2.22490000000006E+02,  4.48276043494072E+02,  2.11596752219247E+04
 1.98308333300000E+03, -2.51456503457414E+00, -1.11500000000000E+00,  1.60662408056280E-01,  2.22670000000006E+02,  2.56445503856506E+02,  1.25221384714095E+04
 1.98316666700000E+03, -2.22271157811831E+00,  2.42500000000000E-01,  1.21476373116063E-01,  2.22850000000006E+02,  1.84627817081895E+02,  6.61027368720473E+03
 1.98325000000000E+03, -2.03291914115272E+00,  3.25000000000000E-01,  1.21223756930289E-01,  2.23030000000006E+02,  1.90969258560212E+02,  3.47042112789937E+03
 1.98333333300000E+03, -1.93977649738706E+00, -2.85000000000000E-01,  1.20971066723054E-01,  2.23210000000006E+02,  2.43540382900621E+02,  2.70734013965085E+03
 1.98341666700000E+03, -1.82865962873683E+00, -4.87500000000000E-01,  1.20718303324616E-01,  2.23390000000006E+02,  3.21920166317229E+02,  3.61749757905492E+03
 1.98350000000000E+03, -1.73989406757028E+00, -6.65000000000000E-01,  1.20465467563201E-01,  2.23570000000006E+02,  4.15193315246500E+02,  5.36357088688003E+03
 1.98358333300000E+03, -1.70756828930782E+00, -1.42500000000000E+00,  1.20212560265014E-01,  2.23750000000006E+02,  5.17927411783461E+02,  7.15253548564951E+03
 1.98366666700000E+03, -1.76263489626538E+00, -2.01750000000000E+00,  1.19959582254234E-01,  2.23930000000006E+02,  6.25886564394830E+02,  8.38178727499302E+03
 1.98375000000000E+03, -1.90277149503181E+00, -1.96750000000000E+00,  1.19706534353020E-01,  2.24110000000006E+02,  7.32937446227110E+02,  8.72695695031408E+03
 1.98383333300000E+03, -2.04614828433262E+00, -1.34250000000000E+00,  1.19453417381513E-01,  2.24290000000006E+02,  8.29965569929440E+02,  8.15921036299451E+03
 1.98391666700000E+03, -2.13304217979913E+00, -7.30000000000000E-01,  1.19200232157837E-01,  2.24470000000006E+02,  9.05862412976678E+02,  6.89573911955827E+03
 1.98400000000000E+03, -2.16368357741049E+00, -8.15000000000000E-01,  1.18946979498098E-01,  2.24650000000006E+02,  9.49986831872179E+02,  5.30138209021349E+03
 1.98408333300000E+03, -2.07196668216859E+00, -1.07500000000000E+00,  1.18693660216392E-01,  2.24830000000006E+02,  9.55111159773791E+02,  3.76888234412951E+03
 1.98416666700000E+03, -1.87615632244196E+00, -1.29250000000000E+00,  1.77535343357310E-01,  2.25010000000006E+02,  9.19806426794767E+02,  2.60825662168342E+03
 1.98425000000000E+03, -1.74097377676757E+00, -1.56750000000000E+00,  1.77329129559929E-01,  2.25190000000006E+02,  8.49475756931613E+02,  1.97169607368033E+03
 1.98433333300000E+03, -1.65848209902575E+00, -2.08750000000000E+00,  1.77122582024745E-01,  2.25370000000006E+02,  7.55702746490156E+02,  1.83044430900915E+03
 1.98441666700000E+03, -1.55802829300738E+00, -2.75500000000000E+00,  1.76915702096166E-01,  2.25550000000006E+02,  6.54092090416755E+02,  2.00662397208568E+03
 1.98450000000000E+03, -1.47993563761328E+00, -2.75750000000000E+00,  1.76708491116485E-01,  2.25730000000006E+02,  5.61194843849591E+02,  2.24917021049727E+03
 1.98458333300000E+03, -1.45829035448111E+00, -2.36750000000000E+00,  1.76500950425887E-01,  2.25910000000006E+02,  4.91324816281643E+02,  2.33208577257587E+03
 1.98466666700000E+03, -1.52404279248566E+00, -2.52000000000000E+00,  1.76293081362439E-01,  2.26090000000006E+02,  4.54046819306476E+02,  2.14768955009190E+03
 1.98475000000000E+03, -1.67486830577418E+00, -3.35500000000000E+00,  1.76084885262094E-01,  2.26270000000006E+02,  4.52883417970285E+02,  1.76867319142333E+03
 1.98483333300000E+03, -1.82893484153257E+00, -3.83000000000000E+00,  1.75876363458685E-01,  2.26450000000006E+02,  4.85430384351459E+02,  1.46035316959670E+03
 1.98491666700000E+03, -1.92651706541494E+00, -3.59000000000000E+00,  1.75667517283926E-01,  2.26630000000006E+02,  5.44702767466336E+02,  1.63676169918211E+03
 1.98500000000000E+03, -1.96784312564779E+00, -3.44500000000000E+00,  1.75458348067405E-01,  2.26810000000006E+02,  6.21254836587681E+02,  2.76830824320027E+03
 1.98508333300000E+03, -2.16921494999132E+00, -3.48000000000000E+00,  1.75248857136590E-01,  2.26990000000006E+02,  7.05492634503210E+02,  5.26134963189848E+03
 1.98516666700000E+03, -2.54500832680529E+00, -3.66500000000000E+00,  1.57379045198900E-01,  2.27170000000006E+02,  7.89640512949825E+02,  9.33810707899938E+03
 1.98525000000000E+03, -2.69114649165829E+00, -3.79750000000000E+00,  1.57147532630904E-01,  2.27350000000006E+02,  8.68996243028218E+02,  1.49469279165974E+04
 1.98533333300000E+03, -2.60339992902811E+00, -3.06750000000000E+00,  1.56915800738663E-01,  2.27530000000006E+02,  9.42343395186573E+02,  2.17273481093544E+04
 1.98541666700000E+03, -2.49732417615462E+00, -1.92500000000000E+00,  1.56683850667288E-01,  2.27710000000006E+02,  1.01160682054657E+03,  2.90428398919212E+04
 1.98550000000000E+03, -2.41324449269885E+00, -1.84750000000000E+00,  1.56451683559691E-01,  2.27890000000006E+02,  1.08097656196994E+03,  3.60790195914277E+04
 1.98558333300000E+03, -2.38524925827490E+00, -2.46500000000000E+00,  1.56219300556586E-01,  2.28070000000006E+02,  1.15576164211517E+03,  4.19898188011022E+04
 1.98566666700000E+03, -2.44429115690632E+00, -2.61000000000000E+00,  1.55986702796485E-01,  2.28250000000006E+02,  1.24118215539215E+03,  4.60621947411623E+04
 1.98575000000000E+03, -2.58804805492169E+00, -2.64000000000000E+00,  1.55753891415703E-01,  2.28430000000006E+02,  1.34121141528490E+03,  4.78642160090493E+04
 1.98583333300000E+03, -2.73469058772815E+00, -2.99000000000000E+00,  1.55520867548354E-01,  2.28610000000006E+02,  1.45749714135855E+03,  4.73433243429069E+04
 1.98591666700000E+03, -2.82449628490788E+00, -3.34000000000000E+00,  1.55287632326354E-01,  2.28790000000006E+02,  1.58836845878348E+03,  4.48510547191162E+04
 1.98600000000000E+03, -2.85769633389216E+00, -3.30500000000000E+00,  1.55054186879418E-01,  2.28970000000006E+02,  1.72799055210175E+03,  4.10856061389343E+04
 1.98608333300000E+03, -2.61458630732855E+00, -3.02500000000000E+00,  1.54820532335065E-01,  2.29150000000006E+02,  1.86583954655929E+03,  3.69611885007099E+04
 1.98616666700000E+03, -2.11133212184293E+00, -3.02500000000000E+00,  2.78559670139072E-02,  2.29330000000006E+02,  1.98678208938561E+03,  3.34291963755258E+04
 1.98625000000000E+03, -1.81774071549686E+00, -2.99000000000000E+00,  2.76178047931234E-02,  2.29510000000006E+02,  2.07208802573970E+03,  3.12873687953413E+04
 1.98633333300000E+03, -1.72794669272039E+00, -2.67000000000000E+00,  2.73797584470319E-02,  2.29690000000006E+02,  2.10162236333030E+03,  3.10166107073191E+04
 1.98641666700000E+03, -1.61978321705805E+00, -2.56000000000000E+00,  2.71418282235373E-02,  2.29870000000006E+02,  2.05723221858314E+03,  3.26801338882183E+04
 1.98650000000000E+03, -1.53357389030651E+00, -2.64000000000000E+00,  2.69040143694679E-02,  2.30050000000006E+02,  1.92699524534023E+03,  3.59069540352803E+04
 1.98658333300000E+03, -1.50340546971760E+00, -2.59750000000000E+00,  2.66663171305777E-02,  2.30230000000006E+02,  1.70960995688780E+03,  3.99641874706527E+04
 1.98666666700000E+03, -1.56022905325455E+00, -2.64000000000000E+00,  2.64287367515487E-02,  2.30410000000006E+02,  1.41790232174504E+03,  4.39037984482411E+04
 1.98675000000000E+03, -1.70172095826204E+00, -3.20000000000000E+00,  2.61912734759938E-02,  2.30590000000006E+02,  1.08031795160176E+03,  4.67535491070781E+04
 1.98683333300000E+03, -1.84605030823316E+00, -3.77750000000000E+00,  2.59539275464587E-02,  2.30770000000006E+02,  7.39452427592857E+02,  4.77124048382873E+04
 1.98691666700000E+03, -1.93349315863002E+00, -3.61000000000000E+00,  2.57166992044250E-02,  2.30950000000006E+02,  4.47164305378074E+02,  4.63096804038543E+04
 1.98700000000000E+03, -1.96427926125634E+00, -2.92500000000000E+00,  2.54795886903120E-02,  2.31130000000006E+02,  2.56551221940621E+02,  4.24950445692359E+04
 1.98708333300000E+03, -1.41992603181782E+00, -1.92750000000000E+00,  2.52425962434792E-02,  2.31310000000006E+02,  2.11902609186784E+02,  3.66414582488054E+04
 1.98716666700000E+03, -3.15026168052018E-01, -6.97500000000000E-01, -1.43794827615779E-02,  2.31490000000006E+02,  3.38471685770485E+02,  2.94619403484172E+04
 1.98725000000000E+03,  2.84514297849390E-01,  1.70000000000000E-01, -1.45927516147402E-02,  2.31670000000006E+02,  6.34325589261777E+02,  2.18596003558848E+04
 1.98733333300000E+03,  3.82751556572431E-01,  8.52500000000000E-01, -1.48058745142785E-02,  2.31850000000006E+02,  1.06647377261864E+03,  1.47445544045289E+04
 1.98741666700000E+03,  4.98936532289006E-01,  1.81500000000000E+00, -1.50188513741455E-02,  2.32030000000006E+02,  1.57287593795835E+03,  8.85801742443427E+03
 1.98750000000000E+03,  5.92742559416369E-01,  2.53750000000000E+00, -1.52316821089669E-02,  2.32210000000006E+02,  2.07085377210481E+03,  4.64156873108813E+03
 1.98758333300000E+03,  6.30079976819800E-01,  2.51500000000000E+00, -1.54443666340402E-02,  2.32390000000006E+02,  2.47106562594918E+03,  2.17885568680531E+03
 1.98766666700000E+03,  5.79994943309464E-01,  1.71750000000000E+00, -1.56569048653324E-02,  2.32570000000006E+02,  2.69483635126210E+03,  1.22025617034451E+03
 1.98775000000000E+03,  4.44808559653410E-01,  4.75000000000000E-01, -1.58692967194787E-02,  2.32750000000006E+02,  2.69158860829854E+03,  1.28204682602874E+03
 1.98783333300000E+03,  3.06349283179271E-01, -1.95000000000000E-01, -1.60815421137801E-02,  2.32930000000006E+02,  2.45268126217887E+03,  1.79471049428088E+03
 1.98791666700000E+03,  2.24338802495361E-01, -1.35000000000000E-01, -1.62936409662018E-02,  2.33110000000006E+02,  2.01829735472796E+03,  2.26399553782290E+03
 1.98800000000000E+03,  1.98545273588338E-01, -4.62500000000000E-01, -1.65055931953713E-02,  2.33290000000006E+02,  1.47514637111947E+03,  2.40571902876204E+03
 1.98808333300000E+03, -1.65378394819539E-02, -7.82500000000000E-01, -1.67173987205764E-02,  2.33470000000006E+02,  9.44478783357871E+02,  2.22169306881537E+03
 1.98816666700000E+03, -4.33413626678762E-01, -2.90000000000000E-01,  6.93319438814144E-02,  2.33650000000006E+02,  5.61923419789629E+02,  1.99811135900843E+03
 1.98825000000000E+03, -5.87807335016038E-01,  4.92500000000000E-01,  6.90787735599474E-02,  2.33830000000006E+02,  4.52525286392064E+02,  2.22609412809209E+03
 1.98833333300000E+03, -4.77523561667673E-01,  1.14250000000000E+00,  6.88256600296314E-02,  2.34010000000006E+02,  7.05656500710388E+02,  3.46266586954892E+03
 1.98841666700000E+03, -3.49278340331874E-01,  1.35250000000000E+00,  6.85726037560221E-02,  2.34190000000006E+02,  1.35486602970352E+03,  6.16496847911049E+03
 1.98850000000000E+03, -2.43404543043420E-01,  8.45000000000000E-01,  6.83196052031589E-02,  2.34370000000006E+02,  2.36707403847912E+03,  1.05376201681777E+04
 1.98858333300000E+03, -1.93998017100139E-01, -1.02500000000000E-01,  6.80666648335682E-02,  2.34550000000006E+02,  3.64387812358147E+03,  1.64311077627436E+04
 1.98866666700000E+03, -2.32018766470216E-01, -1.02250000000000E+00,  6.78137831082658E-02,  2.34730000000006E+02,  5.03541778235342E+03,  2.33182969282505E+04
 1.98875000000000E+03, -3.55151826707193E-01, -1.56000000000000E+00,  6.75609604867596E-02,  2.34910000000006E+02,  6.36470396961327E+03,  3.03589064896642E+04
 1.98883333300000E+03, -4.81574846545075E-01, -1.67250000000000E+00,  6.73081974270520E-02,  2.35090000000006E+02,  7.45809820976631E+03,  3.65419420487273E+04
 1.98891666700000E+03, -5.51572210157607E-01, -1.84000000000000E+00,  6.70554943856435E-02,  2.35270000000006E+02,  8.17621136387217E+03,  4.08780676340877E+04
 1.98900000000000E+03, -5.65381798069905E-01, -2.00750000000000E+00,  6.68028518175346E-02,  2.35450000000006E+02,  8.43922021909398E+03,  4.26017857317782E+04
 1.98908333300000E+03, -6.20883453289945E-01, -2.07000000000000E+00,  6.65502701762286E-02,  2.35630000000006E+02,  8.24156777842190E+03,  4.13398782216770E+04
 1.98916666700000E+03, -7.36885999097190E-01, -2.48250000000000E+00,  4.58554847604937E-02,  2.35810000000006E+02,  7.65305040249138E+03,  3.72086949183521E+04
 1.98925000000000E+03, -7.50686960825311E-01, -2.55000000000000E+00,  4.56094868960939E-02,  2.35990000000006E+02,  6.80599371311424E+03,  3.08173030936823E+04
 1.98933333300000E+03, -6.53796289372860E-01, -1.33500000000000E+00,  4.53635832994337E-02,  2.36170000000006E+02,  5.87101719457959E+03,  2.31731257862386E+04
 1.98941666700000E+03, -5.38995125511027E-01,  4.25000000000000E-01,  4.51177743054107E-02,  2.36350000000006E+02,  5.02618928180118E+03,  1.55072379394419E+04
 1.98950000000000E+03, -4.46609516746831E-01,  1.29000000000000E+00,  4.48720602476573E-02,  2.36530000000006E+02,  4.42568310560861E+03,  9.05348746567616E+03
 1.98958333300000E+03, -4.10728451457679E-01,  6.65000000000000E-01,  4.46264414585439E-02,  2.36710000000006E+02,  4.17407096721672E+03,  4.82537594351115E+03
 1.98966666700000E+03, -4.62305043969346E-01, -6.05000000000000E-01,  4.43809182691817E-02,  2.36890000000006E+02,  4.31113327638366E+03,  3.43507982386223E+03
 1.98975000000000E+03, -5.99017413153323E-01, -1.33250000000000E+00,  4.41354910094246E-02,  2.37070000000006E+02,  4.80977823276802E+03,  4.99007648161510E+03
 1.98983333300000E+03, -7.39036266958468E-01, -1.54500000000000E+00,  4.38901600078727E-02,  2.37250000000006E+02,  5.58686991887663E+03,  9.08656234052651E+03
 1.98991666700000E+03, -8.22639028371013E-01, -1.99500000000000E+00,  4.36449255918739E-02,  2.37430000000006E+02,  6.52405803011313E+03,  1.48987967002035E+04
 1.99000000000000E+03, -8.50056600032919E-01, -2.39000000000000E+00,  4.33997880875274E-02,  2.37610000000006E+02,  7.49368422518289E+03,  2.13440315845036E+04
 1.99008333300000E+03, -7.29863586692239E-01, -2.10750000000000E+00,  4.31547478196858E-02,  2.37790000000007E+02,  8.38394579368793E+03,  2.72879524263419E+04
 1.99016666700000E+03, -4.76711783979166E-01, -1.69500000000000E+00, -8.14819286747834E-02,  2.37970000000007E+02,  9.11791156589641E+03,  3.17486004017915E+04
 1.99025000000000E+03, -3.02328917889071E-01, -1.28500000000000E+00, -8.16411261679471E-02,  2.38150000000007E+02,  9.66259714583931E+03,  3.40588523621701E+04
 1.99033333300000E+03, -2.02351328666706E-01, -8.32500000000000E-01, -8.18001780791749E-02,  2.38330000000007E+02,  1.00267359481506E+04,  3.39579634261973E+04
 1.99041666700000E+03, -8.44013512962923E-02, -5.90000000000000E-01, -8.19590844685476E-02,  2.38510000000007E+02,  1.02485651130647E+04,  3.15988907149579E+04
 1.99050000000000E+03,  1.11943723069675E-02, -2.27500000000000E-01, -8.21178453963437E-02,  2.38690000000007E+02,  1.03772626192515E+04,  2.74763791311277E+04
 1.99058333300000E+03,  5.03462213940536E-02,  4.67500000000000E-01, -8.22764609230388E-02,  2.38870000000007E+02,  1.04530923826645E+04,  2.22970352775644E+04
 1.99066666700000E+03,  2.10041095179919E-03,  1.04000000000000E+00, -8.24349311093048E-02,  2.39050000000007E+02,  1.04915153668824E+04,  1.68233662171277E+04
 1.99075000000000E+03, -1.31221887223457E-01,  6.87500000000000E-01, -8.25932560160083E-02,  2.39230000000007E+02,  1.04754672676133E+04,  1.17268919772874E+04
 1.99083333300000E+03, -2.67792128606985E-01, -1.87500000000000E-01, -8.27514357042107E-02,  2.39410000000007E+02,  1.03579396870216E+04,  7.48062267755448E+03
 1.99091666700000E+03, -3.47888522188027E-01, -9.12500000000000E-01, -8.29094702351670E-02,  2.39590000000007E+02,  1.00744181535338E+04,  4.30990194960072E+03
 1.99100000000000E+03, -3.71742795347408E-01, -1.46750000000000E+00, -8.30673596703247E-02,  2.39770000000007E+02,  9.56223473605590E+03,  2.20575190389314E+03
 1.99108333300000E+03, -3.46136455766451E-01, -1.35500000000000E+00, -8.32251040713234E-02,  2.39950000000007E+02,  8.78207449380580E+03,  9.90009720150650E+02
 1.99116666700000E+03, -2.86166281805688E-01, -1.08000000000000E+00, -1.11466262920896E-01,  2.40130000000007E+02,  7.73616785606292E+03,  4.10171033799666E+02
 1.99125000000000E+03, -2.07576636735727E-01, -1.33250000000000E+00, -1.11329458158037E-01,  2.40310000000007E+02,  6.47828397718072E+03,  2.36454033653097E+02
 1.99133333300000E+03, -1.05528325850424E-01, -1.53750000000000E+00, -1.11192583826991E-01,  2.40490000000007E+02,  5.11239442906196E+03,  3.35173546065518E+02
 1.99141666700000E+03,  1.46091122249585E-02, -1.41500000000000E+00, -1.11055639998914E-01,  2.40670000000007E+02,  3.77941245017473E+03,  7.00379688265576E+02
 1.99150000000000E+03,  1.12507262357074E-01, -1.25000000000000E+00, -1.10918626745055E-01,  2.40850000000007E+02,  2.63415801325188E+03,  1.43770714865135E+03
 1.99158333300000E+03,  1.54074681166274E-01, -1.02500000000000E+00, -1.10781544136759E-01,  2.41030000000007E+02,  1.81702864754646E+03,  2.70741356732142E+03
 1.99166666700000E+03,  1.08355712254977E-01, -1.23250000000000E+00, -1.10644392245464E-01,  2.41210000000007E+02,  1.42623562304550E+03,  4.64441277356243E+03
 1.99175000000000E+03, -2.23303920413163E-02, -2.17500000000000E+00, -1.10507171142701E-01,  2.41390000000007E+02,  1.49657144409639E+03,  7.27910542195112E+03
 1.99183333300000E+03, -1.56157053282738E-01, -2.61500000000000E+00, -1.10369880900093E-01,  2.41570000000007E+02,  1.98946861594617E+03,  1.04825880076735E+04
 1.99191666700000E+03, -2.33404492452991E-01, -2.32000000000000E+00, -1.10232521589360E-01,  2.41750000000007E+02,  2.79684502676825E+03,  1.39535395994589E+04
 1.99200000000000E+03, -2.54306494104996E-01, -1.84750000000000E+00, -1.10095093282311E-01,  2.41930000000007E+02,  3.75839663801699E+03,  1.72533807209704E+04
 1.99208333300000E+03, -4.34727099693301E-01, -1.30500000000000E+00, -1.09957596050851E-01,  2.42110000000007E+02,  4.68920687129516E+03,  1.98838649123667E+04
 1.99216666700000E+03, -7.91925851329881E-01, -1.28500000000000E+00, -5.86959887621381E-02,  2.42290000000007E+02,  5.41239521280547E+03,  2.13901842330037E+04
 1.99225000000000E+03, -9.25632021407659E-01, -1.83500000000000E+00, -5.88752411176605E-02,  2.42470000000007E+02,  5.79048130113977E+03,  2.14656670348592E+04
 1.99233333300000E+03, -8.28813352449636E-01, -2.07500000000000E+00, -5.90543419927564E-02,  2.42650000000007E+02,  5.74940798366165E+03,  2.00329265221294E+04
 1.99241666700000E+03, -7.13742608527977E-01, -1.98250000000000E+00, -5.92332914121845E-02,  2.42830000000007E+02,  5.29067446808643E+03,  1.72811742745003E+04
 1.99250000000000E+03, -6.20748078345342E-01, -2.55000000000000E+00, -5.94120894010367E-02,  2.43010000000007E+02,  4.48944143579781E+03,  1.36491684456399E+04
 1.99258333300000E+03, -5.83921114908052E-01, -3.50000000000000E+00, -5.95907359847370E-02,  2.43190000000007E+02,  3.47926182160197E+03,  9.75557871095442E+03
 1.99266666700000E+03, -6.34217320236277E-01, -3.67500000000000E+00, -5.97692311890403E-02,  2.43370000000007E+02,  2.42667546214454E+03,  6.29048624694920E+03
 1.99275000000000E+03, -7.69317423545172E-01, -3.38750000000000E+00, -5.99475750400312E-02,  2.43550000000007E+02,  1.50075741476454E+03,  3.89048584981021E+03
 1.99283333300000E+03, -9.07394863043828E-01, -3.26250000000000E+00, -6.01257675641229E-02,  2.43730000000007E+02,  8.43476891880910E+02,  3.02340180269417E+03
 1.99291666700000E+03, -9.88729911383852E-01, -2.99000000000000E+00, -6.03038087880562E-02,  2.43910000000007E+02,  5.46297571238973E+02,  3.90621822888017E+03
 1.99300000000000E+03, -1.01355643971969E+00, -2.51000000000000E+00, -6.04816987388977E-02,  2.44090000000007E+02,  6.36976847562881E+02,  6.47213268307582E+03
 1.99308333300000E+03, -1.04620057739839E+00, -2.27500000000000E+00, -6.06594374440396E-02,  2.44270000000007E+02,  1.07835875681571E+03,  1.03915811340820E+04
 1.99316666700000E+03, -1.10199626986543E+00, -2.25250000000000E+00, -6.77976243417433E-02,  2.44450000000007E+02,  1.77858294537517E+03,  1.51403205873103E+04
 1.99325000000000E+03, -1.08186615059302E+00, -2.02000000000000E+00, -6.79690564203870E-02,  2.44630000000007E+02,  2.61004257262237E+03,  2.00979563430271E+04
 1.99333333300000E+03, -9.80789828051544E-01, -1.84000000000000E+00, -6.81403387181669E-02,  2.44810000000007E+02,  3.43301556116594E+03,  2.46548548114925E+04
 1.99341666700000E+03, -8.61471415822609E-01, -2.14250000000000E+00, -6.83114712756408E-02,  2.44990000000007E+02,  4.11939122819863E+03,  2.83052889325836E+04
 1.99350000000000E+03, -7.64240150887907E-01, -2.54250000000000E+00, -6.84824541336421E-02,  2.45170000000007E+02,  4.57233521835620E+03,  3.07096879825797E+04
 1.99358333300000E+03, -7.23188321661855E-01, -2.38000000000000E+00, -6.86532873332789E-02,  2.45350000000007E+02,  4.73890317948509E+03,  3.17175321590379E+04
 1.99366666700000E+03, -7.69272452777564E-01, -2.13750000000000E+00, -6.88239709159332E-02,  2.45530000000007E+02,  4.61421368798165E+03,  3.13524261015941E+04
 1.99375000000000E+03, -9.00174183349333E-01, -2.56000000000000E+00, -6.89945049232594E-02,  2.45710000000007E+02,  4.23745435928389E+03,  2.97696422910160E+04
 1.99383333300000E+03, -1.03406784810191E+00, -3.07000000000000E+00, -6.91648893971837E-02,  2.45890000000007E+02,  3.68138466176583E+03,  2.72017913804120E+04
 1.99391666700000E+03, -1.11123460291141E+00, -3.14000000000000E+00, -6.93351243799026E-02,  2.46070000000007E+02,  3.03788026711296E+03,  2.39090459568896E+04
 1.99400000000000E+03, -1.13190918896375E+00, -3.12500000000000E+00, -6.95052099138827E-02,  2.46250000000007E+02,  2.40234430854682E+03,  2.01465502518382E+04
 1.99408333300000E+03, -9.68108567140391E-01, -3.12250000000000E+00, -6.96751460418588E-02,  2.46430000000007E+02,  1.85954104923228E+03,  1.61545346803396E+04
 1.99416666700000E+03, -6.38064726786083E-01, -2.80750000000000E+00, -1.34884909082386E-01,  2.46610000000007E+02,  1.47274681975698E+03,  1.21683342842375E+04
 1.99425000000000E+03, -4.30231110741396E-01, -2.35500000000000E+00, -1.34761685573006E-01,  2.46790000000007E+02,  1.27727445380233E+03,  8.43840155882899E+03
 1.99433333300000E+03, -3.36715760046153E-01, -2.23000000000000E+00, -1.34638381279636E-01,  2.46970000000007E+02,  1.27861510800106E+03,  5.24658164772599E+03
 1.99441666700000E+03, -2.25027172229294E-01, -2.34500000000000E+00, -1.34514996255597E-01,  2.47150000000007E+02,  1.45480085053114E+03,  2.90555291476782E+03
 1.99450000000000E+03, -1.35492811170949E-01, -2.44000000000000E+00, -1.34391530554314E-01,  2.47330000000007E+02,  1.76218340291072E+03,  1.73336665786604E+03
 1.99458333300000E+03, -1.02203179007079E-01, -2.27750000000000E+00, -1.34267984229316E-01,  2.47510000000007E+02,  2.14362743553487E+03,  2.00314140147054E+03
 1.99466666700000E+03, -1.56113001690091E-01, -1.64000000000000E+00, -1.34144357334232E-01,  2.47690000000007E+02,  2.53805515745176E+03,  3.87695043864919E+03
 1.99475000000000E+03, -2.94902108026422E-01, -8.70000000000000E-01, -1.34020649922798E-01,  2.47870000000007E+02,  2.89026487338987E+03,  7.34020368802742E+03
 1.99483333300000E+03, -4.36743010825365E-01, -6.17500000000000E-01, -1.33896862048850E-01,  2.48050000000007E+02,  3.15992157151180E+03,  1.21561140011233E+04
 1.99491666700000E+03, -5.21915033215986E-01, -8.02500000000000E-01, -1.33772993766326E-01,  2.48230000000007E+02,  3.32858088646204E+03,  1.78578523183043E+04
 1.99500000000000E+03, -5.50651073581540E-01, -7.82500000000000E-01, -1.33649045129271E-01,  2.48410000000007E+02,  3.40361698028104E+03,  2.37887820108045E+04
 1.99508333300000E+03, -4.38021194755573E-01, -4.57500000000000E-01, -1.33525016191829E-01,  2.48590000000007E+02,  3.41807510790527E+03,  2.91901776869822E+04
 1.99516666700000E+03, -2.01527312489285E-01,  2.75000000000000E-02, -1.37873115253631E-01,  2.48770000000007E+02,  3.42585175340909E+03,  3.33236459070611E+04
 1.99525000000000E+03, -4.27782632677431E-02,  9.52500000000000E-01, -1.37751883673146E-01,  2.48950000000007E+02,  3.49225898623312E+03,  3.56051530288801E+04
 1.99533333300000E+03,  4.54005982162076E-02,  2.31000000000000E+00, -1.37630570036794E-01,  2.49130000000007E+02,  3.68090730650455E+03,  3.57219557606554E+04
 1.99541666700000E+03,  1.51723476778171E-01,  3.13500000000000E+00, -1.37509174395370E-01,  2.49310000000007E+02,  4.03879551313090E+03,  3.37046614097663E+04
 1.99550000000000E+03,  2.35863955834386E-01,  2.78750000000000E+00, -1.37387696799772E-01,  2.49490000000007E+02,  4.58230071854090E+03,  2.99344409789173E+04
 1.99558333300000E+03,  2.63732583690621E-01,  1.68500000000000E+00, -1.37266137301002E-01,  2.49670000000007E+02,  5.28716213268525E+03,  2.50787134217586E+04
 1.99566666700000E+03,  2.04375687488417E-01,  8.32500000000000E-01, -1.37144495950164E-01,  2.49850000000007E+02,  6.08533674686669E+03,  1.99645946966024E+04
 1.99575000000000E+03,  6.01144936752594E-02,  8.12500000000000E-01, -1.37022772798469E-01,  2.50030000000007E+02,  6.87067609128951E+03,  1.54143965392148E+04
 1.99583333300000E+03, -8.72224528789797E-02,  8.45000000000000E-01, -1.36900967897227E-01,  2.50210000000007E+02,  7.51379998665833E+03,  1.20778041895037E+04
 1.99591666700000E+03, -1.77913415689227E-01,  3.52500000000000E-01, -1.36779081297856E-01,  2.50390000000007E+02,  7.88457601974866E+03,  1.02982875895471E+04
 1.99600000000000E+03, -2.12190232079353E-01, -1.75000000000000E-01, -1.36657113051875E-01,  2.50570000000007E+02,  7.87865114431734E+03,  1.00456438358135E+04
 1.99608333300000E+03, -2.23123886193038E-01, -4.80000000000000E-01, -1.36535063210906E-01,  2.50750000000007E+02,  7.44299372572632E+03,  1.09331416327644E+04
 1.99616666700000E+03, -2.24738482859002E-01, -4.97500000000000E-01, -1.14597312883526E-01,  2.50930000000007E+02,  6.59482219091760E+03,  1.23192373185192E+04
 1.99625000000000E+03, -1.79157170286318E-01, -4.12500000000000E-01, -1.14462129668500E-01,  2.51110000000007E+02,  5.42889994782659E+03,  1.34742933612949E+04
 1.99633333300000E+03, -8.26737312010589E-02, -7.62500000000000E-01, -1.14326875272723E-01,  2.51290000000007E+02,  4.11000180685477E+03,  1.37766442766570E+04
 1.99641666700000E+03,  3.19505906849747E-02, -1.19500000000000E+00, -1.14191549765172E-01,  2.51470000000007E+02,  2.85015543912874E+03,  1.28936321627669E+04
 1.99650000000000E+03,  1.24388186268413E-01, -1.00750000000000E+00, -1.14056153214921E-01,  2.51650000000007E+02,  1.87352032414050E+03,  1.09042639265593E+04
 1.99658333300000E+03,  1.60548408134358E-01, -4.62500000000000E-01, -1.13920685691140E-01,  2.51830000000007E+02,  1.37480121900457E+03,  8.33116906190094E+03
 1.99666666700000E+03,  1.09476384421163E-01, -5.45000000000000E-01, -1.13785147263093E-01,  2.52010000000007E+02,  1.47918766861048E+03,  6.06851100451026E+03
 1.99675000000000E+03, -2.65078607895189E-02, -1.31500000000000E+00, -1.13649538000141E-01,  2.52190000000007E+02,  2.21238383692768E+03,  5.21546202842773E+03
 1.99683333300000E+03, -1.65576987678469E-01, -1.77000000000000E+00, -1.13513857971737E-01,  2.52370000000007E+02,  3.48804674764064E+03,  6.84674819805960E+03
 1.99691666700000E+03, -2.48010467573094E-01, -1.59000000000000E+00, -1.13378107247431E-01,  2.52550000000007E+02,  5.11697134982781E+03,  1.17676009100671E+04
 1.99700000000000E+03, -2.74041348446993E-01, -1.08750000000000E+00, -1.13242285896868E-01,  2.52730000000007E+02,  6.83813403456478E+03,  2.03063916676452E+04
 1.99708333300000E+03, -3.16420788314115E-01, -5.47500000000000E-01, -1.13106393989788E-01,  2.52910000000007E+02,  8.36704629863249E+03,  3.21925488759763E+04
 1.99716666700000E+03, -3.91165035186995E-01, -1.97500000000000E-01, -1.24589311638752E-01,  2.53090000000007E+02,  9.45276340733061E+03,  4.65508895160396E+04
 1.99725000000000E+03, -3.83019782630663E-01, -5.00000000000000E-03, -1.24459692347203E-01,  2.53270000000007E+02,  9.93228957964046E+03,  6.20195260154565E+04
 1.99733333300000E+03, -2.86265423957768E-01,  8.25000000000000E-02, -1.24329996949044E-01,  2.53450000000007E+02,  9.77071925267962E+03,  7.69720960192851E+04
 1.99741666700000E+03, -1.71339806491490E-01,  1.37500000000000E-01, -1.24200225505873E-01,  2.53630000000007E+02,  9.07752224788087E+03,  8.98019724249312E+04
 1.99750000000000E+03, -7.85704677515675E-02,  2.07500000000000E-01, -1.24070378079391E-01,  2.53810000000007E+02,  8.09366626650757E+03,  9.92115266564108E+04
 1.99758333300000E+03, -4.20479876954028E-02,  3.47500000000000E-01, -1.23940454731396E-01,  2.53990000000007E+02,  7.15001615146363E+03,  1.04446869941710E+05
 1.99766666700000E+03, -9.27271751413163E-02,  8.07500000000000E-01, -1.23810455523786E-01,  2.54170000000007E+02,  6.60352635718147E+03,  1.05428655349149E+05
 1.99775000000000E+03, -2.28287947665873E-01,  1.00000000000000E+00, -1.23680380518560E-01,  2.54350000000007E+02,  6.76287226035852E+03,  1.02750548473529E+05
 1.99783333300000E+03, -3.66902911340835E-01,  8.07500000000000E-01, -1.23550229777815E-01,  2.54530000000007E+02,  7.81818929094318E+03,  9.75444945132662E+04
 1.99791666700000E+03, -4.48851487903980E-01,  9.55000000000000E-01, -1.23420003363750E-01,  2.54710000000007E+02,  9.78972887102549E+03,  9.12400449326120E+04
 1.99800000000000E+03, -4.74366680544386E-01,  1.55000000000000E+00, -1.23289701338661E-01,  2.54890000000007E+02,  1.25072908993624E+04,  8.52676503500245E+04
 1.99808333300000E+03, -2.19924948514050E-01,  2.43000000000000E+00, -1.23159323764945E-01,  2.55070000000007E+02,  1.56266960485246E+04,  8.07679895801434E+04
 1.99816666700000E+03,  2.96872090331162E-01,  2.91000000000000E+00, -1.52361655634340E-01,  2.55250000000007E+02,  1.86823465291544E+04,  7.83683356648374E+04
 1.99825000000000E+03,  5.97116681833058E-01,  3.06500000000000E+00, -1.52251043684973E-01,  2.55430000000007E+02,  2.11675159136914E+04,  7.80727742973457E+04
 1.99833333300000E+03,  6.88059273896381E-01,  3.71500000000000E+00, -1.52140344150980E-01,  2.55610000000007E+02,  2.26279414339104E+04,  7.92887742582541E+04
 1.99841666700000E+03,  7.97095182411404E-01,  4.47000000000000E+00, -1.52029557070151E-01,  2.55790000000007E+02,  2.27508876756491E+04,  8.09833842194145E+04
 1.99850000000000E+03,  8.83897493375129E-01,  4.78750000000000E+00, -1.51918682480377E-01,  2.55970000000007E+02,  2.14319283149202E+04,  8.19345162965833E+04
 1.99858333300000E+03,  9.14376262579553E-01,  4.65750000000000E+00, -1.51807720419654E-01,  2.56150000000007E+02,  1.88053764887238E+04,  8.10224096322205E+04
 1.99866666700000E+03,  8.57577328896450E-01,  4.14250000000000E+00, -1.51696670926082E-01,  2.56330000000007E+02,  1.52309616129920E+04,  7.74978696850866E+04
 1.99875000000000E+03,  7.15821434086139E-01,  3.57500000000000E+00, -1.51585534037865E-01,  2.56510000000007E+02,  1.12377371345953E+04,  7.11690857455375E+04
 1.99883333300000E+03,  5.70936643520941E-01,  3.07750000000000E+00, -1.51474309793310E-01,  2.56690000000007E+02,  7.43465089088081E+03,  6.24665838631317E+04
 1.99891666700000E+03,  4.82644218716620E-01,  2.15500000000000E+00, -1.51362998230829E-01,  2.56870000000007E+02,  4.40399992341677E+03,  5.23722839200698E+04
 1.99900000000000E+03,  4.50711851247104E-01,  9.37500000000000E-01, -1.51251599388936E-01,  2.57050000000007E+02,  2.59770626913500E+03,  4.22279336971282E+04
 1.99908333300000E+03,  3.69860595573530E-01,  4.30000000000000E-01, -1.51140113306251E-01,  2.57230000000007E+02,  2.25617271834960E+03,  3.34640240587882E+04
 1.99916666700000E+03,  2.23818204416837E-01,  4.60000000000000E-01, -1.33180366725745E-01,  2.57410000000007E+02,  3.36537488359614E+03,  2.73070809906458E+04
 1.99925000000000E+03,  1.92639566855321E-01,  6.77500000000000E-01, -1.33056035112550E-01,  2.57590000000007E+02,  5.66058934636535E+03,  2.45274293587976E+04
 1.99933333300000E+03,  2.82300854418079E-01,  1.23000000000000E+00, -1.32931623458951E-01,  2.57770000000007E+02,  8.67617388852707E+03,  2.52803535015630E+04
 1.99941666700000E+03,  3.90092813520612E-01,  1.64000000000000E+00, -1.32807131819685E-01,  2.57950000000007E+02,  1.18318990201143E+04,  2.90731840060407E+04
 1.99950000000000E+03,  4.75688814320793E-01,  2.04750000000000E+00, -1.32682560249596E-01,  2.58130000000007E+02,  1.45392733921317E+04,  3.48637774356475E+04
 1.99958333300000E+03,  5.04999193483160E-01,  2.33250000000000E+00, -1.32557908803626E-01,  2.58310000000007E+02,  1.63075303013830E+04,  4.12680707604528E+04
 1.99966666700000E+03,  4.47070067150440E-01,  1.57500000000000E+00, -1.32433177536822E-01,  2.58490000000007E+02,  1.68292018665479E+04,  4.68318904021815E+04
 1.99975000000000E+03,  3.04222450439005E-01,  2.65000000000000E-01, -1.32308366504332E-01,  2.58670000000007E+02,  1.60294308631105E+04,  5.03097250330437E+04
 1.99983333300000E+03,  1.58284678605828E-01, -3.25000000000000E-01, -1.32183475761409E-01,  2.58850000000007E+02,  1.40704783817213E+04,  5.08932014334812E+04
 1.99991666700000E+03,  6.89782792671563E-02, -4.17500000000000E-01, -1.32058505363407E-01,  2.59030000000007E+02,  1.13117755039050E+04,  4.83442267808001E+04
 2.00000000000000E+03,  3.60712060006292E-02, -6.37500000000000E-01, -1.31933455365781E-01,  2.59210000000007E+02,  8.23452732497977E+03,  4.30092201004537E+04
 2.00008333300000E+03, -6.73125528294138E-02, -3.00000000000000E-01, -1.31808325824090E-01,  2.59390000000007E+02,  5.34656503168579E+03,  3.57166508253516E+04
 2.00016666700000E+03, -2.56599284444734E-01,  3.70000000000000E-01, -1.27634533552017E-01,  2.59570000000007E+02,  3.08654270140596E+03,  2.75845196608128E+04
 2.00025000000000E+03, -3.07691768929037E-01,  5.72500000000000E-01, -1.27506733138897E-01,  2.59750000000007E+02,  1.74607233378410E+03,  1.97822100186755E+04
 2.00033333300000E+03, -2.15455957099822E-01,  4.25000000000000E-01, -1.27378855190630E-01,  2.59930000000007E+02,  1.42417913695702E+03,  1.32986756153648E+04
 2.00041666700000E+03, -1.05042510900104E-01,  1.92500000000000E-01, -1.27250899766437E-01,  2.60110000000007E+02,  2.02149353198875E+03,  8.76495248868305E+03
 2.00050000000000E+03, -1.67782864077478E-02,  4.12500000000000E-01, -1.27122866925640E-01,  2.60290000000007E+02,  3.27337582497871E+03,  6.36481300332701E+03
 2.00058333300000E+03,  1.52468200307892E-02,  7.90000000000000E-01, -1.26994756727662E-01,  2.60470000000007E+02,  4.81341345503988E+03,  5.84654118716273E+03
 2.00066666700000E+03, -3.99213154801339E-02,  5.07500000000000E-01, -1.26866569232028E-01,  2.60650000000007E+02,  6.25301430991503E+03,  6.62617382038933E+03
 2.00075000000000E+03, -1.79961925140809E-01, -2.37500000000000E-01, -1.26738304498363E-01,  2.60830000000007E+02,  7.26024743170534E+03,  7.95320017017280E+03
 2.00083333300000E+03, -3.23046927783355E-01, -8.42500000000000E-01, -1.26609962586392E-01,  2.61010000000007E+02,  7.62206953007771E+03,  9.09778724767635E+03
 2.00091666700000E+03, -4.09455056902189E-01, -1.24500000000000E+00, -1.26481543555941E-01,  2.61190000000007E+02,  7.27828011418558E+03,  9.51640342478749E+03
 2.00100000000000E+03, -4.39418627299718E-01, -1.18000000000000E+00, -1.26353047466939E-01,  2.61370000000007E+02,  6.32196606913242E+03,  8.96027073993841E+03
 2.00108333300000E+03, -1.86096147692108E-01, -5.77500000000000E-01, -1.26224474379412E-01,  2.61550000000007E+02,  4.96839626875555E+03,  7.50620245236720E+03
 2.00116666700000E+03,  3.33856842426340E-01, -1.87500000000000E-01, -1.52016203253168E-01,  2.61730000000007E+02,  3.50076630981581E+03,  5.50827637179720E+03
 2.00125000000000E+03,  6.35840769873324E-01, -2.07500000000000E-01, -1.51905318122656E-01,  2.61910000000007E+02,  2.20555228206436E+03,  3.48697047495268E+03
 2.00133333300000E+03,  7.26154486592686E-01,  2.60000000000000E-01, -1.51794345525780E-01,  2.62090000000007E+02,  1.31168546324540E+03,  1.98573116255292E+03
 2.00141666700000E+03,  8.34562053759784E-01,  1.14500000000000E+00, -1.51683285500653E-01,  2.62270000000007E+02,  9.46134888069207E+02,  1.43064444531599E+03
 2.00150000000000E+03,  9.20736657527004E-01,  1.45250000000000E+00, -1.51572138085491E-01,  2.62450000000007E+02,  1.11427460479948E+03,  2.02602080826761E+03
 2.00158333300000E+03,  9.50588454937734E-01,  1.77750000000000E+00, -1.51460903318613E-01,  2.62630000000007E+02,  1.70764213093523E+03,  3.70839639018394E+03
 2.00166666700000E+03,  8.93163386440983E-01,  2.34000000000000E+00, -1.51349581238443E-01,  2.62810000000007E+02,  2.53567852840797E+03,  6.16648637617832E+03
 2.00175000000000E+03,  7.50782294930007E-01,  2.20000000000000E+00, -1.51238171883510E-01,  2.62990000000007E+02,  3.37308572942812E+03,  8.91874340915407E+03
 2.00183333300000E+03,  6.05273347964103E-01,  1.78000000000000E+00, -1.51126675292444E-01,  2.63170000000007E+02,  4.01155954677687E+03,  1.14271475548580E+04
 2.00191666700000E+03,  5.16357909529584E-01,  1.74750000000000E+00, -1.51015091503980E-01,  2.63350000000007E+02,  4.30437401405166E+03,  1.32185975655805E+04
 2.00200000000000E+03,  4.83803773183928E-01,  1.69000000000000E+00, -1.50903420556960E-01,  2.63530000000007E+02,  4.19453094774854E+03,  1.39851869865450E+04
 2.00208333300000E+03,  6.83442847140352E-01,  1.47750000000000E+00, -1.50791662490324E-01,  2.63710000000007E+02,  3.72132709183133E+03,  1.36413582704634E+04
 2.00216666700000E+03,  1.09991931942590E+00,  1.04000000000000E+00, -1.61839521203641E-01,  2.63890000000007E+02,  3.00522323029265E+03,  1.23274543994757E+04
 2.00225000000000E+03,  1.35196151550766E+00,  2.12500000000000E-01, -1.61736832927315E-01,  2.64070000000007E+02,  2.21567259131590E+03,  1.03624973570361E+04
 2.00233333300000E+03,  1.44458623290192E+00, -6.30000000000000E-01, -1.61634054118912E-01,  2.64250000000008E+02,  1.53004278183389E+03,  8.16081115020429E+03
 2.00241666700000E+03,  1.55525679010557E+00, -1.03250000000000E+00, -1.61531184807107E-01,  2.64430000000008E+02,  1.09324942149025E+03,  6.13461323986615E+03
 2.00250000000000E+03,  1.64364606115218E+00, -5.17500000000000E-01, -1.61428225020675E-01,  2.64610000000008E+02,  9.86991906675390E+02,  4.60635527424314E+03
 2.00258333300000E+03,  1.67566389565454E+00,  4.02500000000000E-01, -1.61325174788493E-01,  2.64790000000008E+02,  1.21482694722136E+03,  3.75035833021288E+03
 2.00266666700000E+03,  1.62035593112410E+00,  7.77500000000000E-01, -1.61222034139539E-01,  2.64970000000008E+02,  1.70543264945895E+03,  3.57457847389150E+03
 2.00275000000000E+03,  1.48004271181353E+00,  6.40000000000000E-01, -1.61118803102890E-01,  2.65150000000008E+02,  2.33224044975795E+03,  3.94261445831332E+03
 2.00283333300000E+03,  1.33655211149851E+00,  2.22500000000000E-01, -1.61015481707727E-01,  2.65330000000008E+02,  2.94409359170561E+03,  4.62616293993325E+03
 2.00291666700000E+03,  1.24960520504234E+00,  3.25000000000000E-02, -1.60912069983330E-01,  2.65510000000008E+02,  3.39947779438012E+03,  5.37150681935906E+03
 2.00300000000000E+03,  1.21896950134319E+00,  6.75000000000000E-02, -1.60808567959082E-01,  2.65690000000008E+02,  3.59655177248101E+03,  5.96177832307898E+03
 2.00308333300000E+03,  9.55842888605396E-01,  1.80000000000000E-01, -1.60704975664466E-01,  2.65870000000008E+02,  3.49264393453025E+03,  6.25983539102450E+03
 2.00316666700000E+03,  4.45486205250959E-01,  5.65000000000000E-01, -1.19968372707695E-01,  2.66050000000008E+02,  3.10964311017083E+03,  6.22347892989719E+03
 2.00325000000000E+03,  2.36546555255058E-01,  8.92500000000000E-01, -1.19836104967955E-01,  2.66230000000008E+02,  2.52508770140520E+03,  5.89330947617068E+03
 2.00333333300000E+03,  3.33492784992864E-01,  1.30500000000000E+00, -1.19703763356035E-01,  2.66410000000008E+02,  1.85194514774953E+03,  5.36130038424921E+03
 2.00341666700000E+03,  4.48571786490235E-01,  1.93250000000000E+00, -1.19571347937028E-01,  2.66590000000008E+02,  1.21236208675240E+03,  4.73299223024853E+03
 2.00350000000000E+03,  5.41455975406209E-01,  2.77000000000000E+00, -1.19438858776122E-01,  2.66770000000008E+02,  7.11597250566518E+02,  4.09682995747675E+03
 2.00358333300000E+03,  5.78054730819234E-01,  3.73250000000000E+00, -1.19306295938608E-01,  2.66950000000008E+02,  4.17808754313841E+02,  3.51054170307063E+03
 2.00366666700000E+03,  5.27413207313916E-01,  4.19750000000000E+00, -1.19173659489871E-01,  2.67130000000008E+02,  3.51587685194541E+02,  3.00779284616460E+03
 2.00375000000000E+03,  3.91851453593061E-01,  3.65500000000000E+00, -1.19040949495396E-01,  2.67310000000008E+02,  4.86614678741088E+02,  2.62072070344033E+03
 2.00383333300000E+03,  2.53196835786821E-01,  2.58000000000000E+00, -1.18908166020765E-01,  2.67490000000008E+02,  7.60204411160943E+02,  2.40774106378077E+03
 2.00391666700000E+03,  1.71169908790291E-01,  2.04250000000000E+00, -1.18775309131657E-01,  2.67670000000008E+02,  1.09040861999310E+03,  2.47321493927371E+03
 2.00400000000000E+03,  1.45537648986112E-01,  1.97250000000000E+00, -1.18642378893849E-01,  2.67850000000008E+02,  1.39521609630781E+03,  2.96720891678789E+03
 2.00408333300000E+03,  1.27908559772142E-02,  1.80250000000000E+00, -1.18509375373216E-01,  2.68030000000008E+02,  1.60939881602250E+03,  4.05942206325469E+03
 2.00416666700000E+03, -2.43345399686940E-01,  1.41750000000000E+00, -1.24847025219171E-01,  2.68210000000008E+02,  1.69559894300677E+03,  5.88986431178633E+03
 2.00425000000000E+03, -3.26355016685296E-01,  7.85000000000000E-01, -1.24717557561376E-01,  2.68390000000008E+02,  1.64798225481961E+03,  8.50763954518819E+03
 2.00433333300000E+03, -2.30250940165429E-01,  5.77500000000000E-01, -1.24588013674687E-01,  2.68570000000008E+02,  1.48871229018181E+03,  1.18155409562820E+04
 2.00441666700000E+03, -1.15965914767507E-01,  1.30500000000000E+00, -1.24458393620505E-01,  2.68750000000008E+02,  1.25913265410842E+03,  1.55399240799296E+04
 2.00450000000000E+03, -2.38273258928837E-02,  2.20750000000000E+00, -1.24328697460330E-01,  2.68930000000008E+02,  1.00850750117863E+03,  1.92414370669726E+04
 2.00458333300000E+03,  1.20743993743305E-02,  2.58750000000000E+00, -1.24198925255761E-01,  2.69110000000008E+02,  7.83292818465691E+02,  2.23731219759026E+04
 2.00466666700000E+03, -3.92153959505377E-02,  2.43500000000000E+00, -1.24069077068498E-01,  2.69290000000008E+02,  6.19258535993109E+02,  2.43801175853755E+04
 2.00475000000000E+03, -1.75376480444688E-01,  2.20000000000000E+00, -1.23939152960342E-01,  2.69470000000008E+02,  5.37618618436905E+02,  2.48227377346903E+04
 2.00483333300000E+03, -3.14581310515539E-01,  2.01250000000000E+00, -1.23809152993192E-01,  2.69650000000008E+02,  5.45033024804970E+02,  2.34954605748795E+04
 2.00491666700000E+03, -3.97109159365816E-01,  1.60000000000000E+00, -1.23679077229047E-01,  2.69830000000008E+02,  6.36305025701775E+02,  2.05112029543498E+04
 2.00500000000000E+03, -4.23192884573287E-01,  1.17000000000000E+00, -1.23548925730006E-01,  2.70010000000008E+02,  7.98089214784312E+02,  1.63246975200047E+04
 2.00508333300000E+03, -1.01565199914895E-01,  1.45000000000000E+00, -1.23418698558268E-01,  2.70190000000008E+02,  1.01205100629764E+03,  1.16805213621337E+04
 2.00516666700000E+03,  5.51847230753553E-01,  2.30000000000000E+00, -1.69191921849282E-01,  2.70370000000008E+02,  1.25657917854353E+03,  7.48811258935603E+03
 2.00525000000000E+03,  9.24323411827450E-01,  2.73500000000000E+00, -1.69096011828557E-01,  2.70550000000008E+02,  1.50708687182503E+03,  4.64422328894997E+03
 2.00533333300000E+03,  1.02143696969106E+00,  2.84250000000000E+00, -1.69000009428805E-01,  2.70730000000008E+02,  1.73579962628749E+03,  3.83828821421519E+03
 2.00541666700000E+03,  1.13665065561318E+00,  3.31500000000000E+00, -1.68903914671372E-01,  2.70910000000008E+02,  1.91240204506373E+03,  5.38411421389095E+03
 2.00550000000000E+03,  1.22963702275136E+00,  3.98250000000000E+00, -1.68807727577704E-01,  2.71090000000008E+02,  2.00680159126203E+03,  9.11950814773029E+03
 2.00558333300000E+03,  1.26630559250236E+00,  4.19500000000000E+00, -1.68711448169343E-01,  2.71270000000008E+02,  1.99456128428907E+03,  1.44035239697079E+04
 2.00566666700000E+03,  1.21570166606395E+00,  3.62000000000000E+00, -1.68615076467927E-01,  2.71450000000008E+02,  1.86444430805333E+03,  2.02209270173778E+04
 2.00575000000000E+03,  1.08014544252138E+00,  2.41750000000000E+00, -1.68518612495192E-01,  2.71630000000008E+02,  1.62634613811427E+03,  2.53793799533137E+04
 2.00583333300000E+03,  9.41464443142774E-01,  1.66500000000000E+00, -1.68422056272971E-01,  2.71810000000008E+02,  1.31706404377102E+03,  2.87621645543456E+04
 2.00591666700000E+03,  8.59379382189557E-01,  1.57000000000000E+00, -1.68325407823193E-01,  2.71990000000008E+02,  1.00120966640270E+03,  2.95834444826141E+04
 2.00600000000000E+03,  8.33657399111117E-01,  1.17750000000000E+00, -1.68228667167884E-01,  2.72170000000008E+02,  7.65279339065219E+02,  2.75883792706221E+04
 2.00608333300000E+03,  9.16090071121765E-01,  6.65000000000000E-01, -1.68131834329169E-01,  2.72350000000008E+02,  7.04393947869481E+02,  2.31487163580891E+04
 2.00616666700000E+03,  1.09124496895705E+00,  8.12500000000000E-01, -1.79337273391630E-01,  2.72530000000008E+02,  9.03197424445139E+02,  1.72247787650709E+04
 2.00625000000000E+03,  1.22586499504656E+00,  1.74000000000000E+00, -1.79251813910285E-01,  2.72710000000008E+02,  1.41437019204839E+03,  1.11931217192296E+04
 2.00633333300000E+03,  1.32506601256609E+00,  2.69750000000000E+00, -1.79166260252668E-01,  2.72890000000008E+02,  2.23961536111052E+03,  6.56951727340877E+03
 2.00641666700000E+03,  1.44235902884235E+00,  3.20250000000000E+00, -1.79080612429823E-01,  2.73070000000008E+02,  3.31833528440980E+03,  4.68246936725913E+03
 2.00650000000000E+03,  1.53741654343341E+00,  3.54000000000000E+00, -1.78994870452883E-01,  2.73250000000008E+02,  4.52827559034655E+03,  6.36700865561375E+03
 2.00658333300000E+03,  1.57614802627215E+00,  3.68250000000000E+00, -1.78909034333065E-01,  2.73430000000008E+02,  5.70022442404818E+03,  1.17481004772799E+04
 2.00666666700000E+03,  1.52759872897969E+00,  3.48750000000000E+00, -1.78823104081677E-01,  2.73610000000008E+02,  6.64579829174193E+03,  2.01668781884638E+04
 2.00675000000000E+03,  1.39408880270308E+00,  3.13250000000000E+00, -1.78737079710110E-01,  2.73790000000008E+02,  7.19407229404203E+03,  3.02739081837273E+04
 2.00683333300000E+03,  1.25744572291808E+00,  2.53750000000000E+00, -1.78650961229846E-01,  2.73970000000008E+02,  7.23010234198507E+03,  4.02777157216728E+04
 2.00691666700000E+03,  1.17739015999013E+00,  1.83500000000000E+00, -1.78564748652453E-01,  2.74150000000008E+02,  6.72697001249889E+03,  4.83016518449691E+04
 2.00700000000000E+03,  1.15368921111863E+00,  1.65500000000000E+00, -1.78478441989584E-01,  2.74330000000008E+02,  5.76335083177560E+03,  5.27758497679284E+04
 2.00708333300000E+03,  9.76422039548964E-01,  1.66000000000000E+00, -1.78392041252985E-01,  2.74510000000008E+02,  4.52087882346975E+03,  5.27798639722494E+04
 2.00716666700000E+03,  6.27758260242752E-01,  1.40500000000000E+00, -1.38332340432907E-01,  2.74690000000008E+02,  3.25942741615400E+03,  4.82588140420179E+04
 2.00725000000000E+03,  4.95478062585362E-01,  1.22250000000000E+00, -1.38211420645897E-01,  2.74870000000008E+02,  2.27311980111269E+03,  4.00606542677368E+04
 2.00733333300000E+03,  5.87116383506624E-01,  1.00750000000000E+00, -1.38090418611240E-01,  2.75050000000008E+02,  1.83442636114791E+03,  2.97797382806916E+04
 2.00741666700000E+03,  6.96880845791220E-01,  8.72500000000000E-01, -1.37969334379337E-01,  2.75230000000008E+02,  2.13705507075833E+03,  1.94342444145965E+04
 2.00750000000000E+03,  7.84444730602814E-01,  8.32500000000000E-01, -1.37848168000692E-01,  2.75410000000008E+02,  3.24963061724221E+03,  1.10429555489621E+04
 2.00758333300000E+03,  8.15718288433724E-01,  6.72500000000000E-01, -1.37726919525916E-01,  2.75590000000008E+02,  5.09092561409735E+03,  6.19166509141413E+03
 2.00766666700000E+03,  7.59747550067188E-01,  8.52500000000000E-01, -1.37605589005719E-01,  2.75770000000008E+02,  7.43372230473883E+03,  5.68504565687550E+03
 2.00775000000000E+03,  6.18853444063402E-01,  1.30500000000000E+00, -1.37484176490919E-01,  2.75950000000008E+02,  9.93886992372011E+03,  9.36419006414222E+03
 2.00783333300000E+03,  4.74864221966824E-01,  1.38250000000000E+00, -1.37362682032433E-01,  2.76130000000008E+02,  1.22148364028015E+04,  1.61359164839960E+04
 2.00791666700000E+03,  3.87501328515056E-01,  9.00000000000000E-01, -1.37241105681287E-01,  2.76310000000008E+02,  1.38923465260835E+04,  2.42142636934287E+04
 2.00800000000000E+03,  3.56532633230874E-01,  5.77500000000000E-01, -1.37119447488606E-01,  2.76490000000008E+02,  1.46998247996669E+04,  3.15271652675274E+04
 2.00808333300000E+03,  3.28517295980798E-01,  9.42500000000000E-01, -1.36997707505620E-01,  2.76670000000008E+02,  1.45242681506368E+04,  3.62026023626974E+04
 2.00816666700000E+03,  2.86447684611307E-01,  1.05250000000000E+00, -1.39904662066020E-01,  2.76850000000008E+02,  1.34442572837458E+04,  3.70275279474663E+04
 2.00825000000000E+03,  3.05958075357172E-01,  8.72500000000000E-01, -1.39784821486037E-01,  2.77030000000008E+02,  1.17268050653704E+04,  3.37748334250059E+04
 2.00833333300000E+03,  3.93741659296201E-01,  1.43750000000000E+00, -1.39664898009412E-01,  2.77210000000008E+02,  9.78672421928262E+03,  2.73189622577338E+04
 2.00841666700000E+03,  4.99653544777826E-01,  2.05500000000000E+00, -1.39544891685192E-01,  2.77390000000008E+02,  8.11479217800696E+03,  1.95046636657210E+04
 2.00850000000000E+03,  5.83367366037523E-01,  1.93750000000000E+00, -1.39424802562524E-01,  2.77570000000008E+02,  7.18762385208527E+03,  1.27867550137610E+04
 2.00858333300000E+03,  6.10793727807183E-01,  1.71500000000000E+00, -1.39304630690663E-01,  2.77750000000008E+02,  7.37640019804273E+03,  9.71016853775812E+03
 2.00866666700000E+03,  5.50979015989057E-01,  1.51250000000000E+00, -1.39184376118964E-01,  2.77930000000008E+02,  8.87246397727696E+03,  1.23376149700146E+04
 2.00875000000000E+03,  4.06244514853279E-01,  8.37500000000000E-01, -1.39064038896888E-01,  2.78110000000008E+02,  1.16449876327444E+04,  2.17481089053138E+04
 2.00883333300000E+03,  2.58418832711935E-01,  1.35000000000000E-01, -1.38943619074000E-01,  2.78290000000008E+02,  1.54399124068276E+04,  3.77191696445256E+04
 2.00891666700000E+03,  1.67223771838460E-01, -2.25000000000000E-01, -1.38823116699968E-01,  2.78470000000008E+02,  1.98213124730695E+04,  5.86701810023270E+04
 2.00900000000000E+03,  1.32427559770257E-01, -8.30000000000000E-01, -1.38702531824563E-01,  2.78650000000008E+02,  2.42478730415648E+04,  8.18910833288378E+04
 2.00908333300000E+03,  3.03257734793144E-01, -1.53750000000000E+00, -1.38581864497663E-01,  2.78830000000008E+02,  2.81700335559926E+04,  1.04020300886386E+05
 2.00916666700000E+03,  6.65734069984040E-01, -1.70750000000000E+00, -1.79877995196352E-01,  2.79010000000008E+02,  3.11290400404485E+04,  1.21681395079000E+05
 2.00925000000000E+03,  8.93176948820176E-01, -1.38000000000000E+00, -1.79793134267070E-01,  2.79190000000008E+02,  3.28386108731778E+04,  1.32151246531194E+05
 2.00933333300000E+03,  9.89242077669949E-01, -5.05000000000000E-01, -1.79708179093371E-01,  2.79370000000008E+02,  3.32333078109810E+04,  1.33921928006328E+05
 2.00941666700000E+03,  1.10341979728584E+00,  8.50000000000000E-01, -1.79623129685750E-01,  2.79550000000008E+02,  3.24743564172736E+04,  1.27036735144005E+05
 2.00950000000000E+03,  1.19538297839720E+00,  1.65250000000000E+00, -1.79537986054789E-01,  2.79730000000008E+02,  3.09122215936008E+04,  1.13124838517197E+05
 2.00958333300000E+03,  1.23104146207889E+00,  1.30250000000000E+00, -1.79452748211154E-01,  2.79910000000008E+02,  2.90139460528948E+04,  9.51198898613191E+04
 2.00966666700000E+03,  1.17944087025962E+00,  9.05000000000000E-01, -1.79367416165602E-01,  2.80090000000008E+02,  2.72702925128598E+04,  7.67130780304573E+04
 2.00975000000000E+03,  1.04290172275444E+00,  9.65000000000000E-01, -1.79281989928972E-01,  2.80270000000008E+02,  2.61016277771872E+04,  6.16468885600155E+04
 2.00983333300000E+03,  9.03251863530505E-01,  7.90000000000000E-01, -1.79196469512192E-01,  2.80450000000008E+02,  2.57814401419406E+04,  5.29902778984196E+04
 2.00991666700000E+03,  8.20212330462476E-01,  5.10000000000000E-01, -1.79110854926275E-01,  2.80630000000008E+02,  2.63924154218374E+04,  5.25416004851056E+04
 2.01000000000000E+03,  7.93550586471322E-01,  6.72500000000000E-01, -1.79025146182324E-01,  2.80810000000008E+02,  2.78229668711690E+04,  6.04809184159637E+04
 2.01008333300000E+03,  8.06561458487768E-01,  1.53000000000000E+00, -1.78939343291527E-01,  2.80990000000008E+02,  2.98035255949571E+04,  7.53431756998364E+04
 2.01016666700000E+03,  8.43772704492476E-01,  2.77000000000000E+00, -1.89368568090810E-01,  2.81170000000008E+02,  3.19735838547524E+04,  9.43184391076947E+04
 2.01025000000000E+03,  9.08884807361057E-01,  3.82000000000000E+00, -1.89295060281688E-01,  2.81350000000008E+02,  3.39642115988836E+04,  1.13818557183482E+05
 2.01033333300000E+03,  1.00706055296140E+00,  4.30500000000000E+00, -1.89221457560403E-01,  2.81530000000008E+02,  3.54778584817006E+04,  1.30195121232721E+05
 2.01041666700000E+03,  1.12335749713332E+00,  4.33750000000000E+00, -1.89147759927978E-01,  2.81710000000008E+02,  3.63483012426165E+04,  1.40462912952598E+05
 2.01050000000000E+03,  1.21744835247197E+00,  4.51000000000000E+00, -1.89073967385506E-01,  2.81890000000008E+02,  3.65683342935585E+04,  1.42882493269173E+05
 2.01058333300000E+03,  1.25524280184872E+00,  4.70250000000000E+00, -1.89000079934152E-01,  2.82070000000008E+02,  3.62801664246571E+04,  1.37285282715766E+05
 2.01066666700000E+03,  1.20578630868904E+00,  4.19500000000000E+00, -1.88926097575153E-01,  2.82250000000008E+02,  3.57318496804900E+04,  1.25078112213903E+05
 2.01075000000000E+03,  1.07139923377452E+00,  3.15500000000000E+00, -1.88852020309817E-01,  2.82430000000008E+02,  3.52105883376836E+04,  1.08930487379470E+05
 2.01083333300000E+03,  9.33909262034745E-01,  2.33000000000000E+00, -1.88777848139524E-01,  2.82610000000008E+02,  3.49688081391068E+04,  9.22128159476367E+04
 2.01091666700000E+03,  8.53037272072624E-01,  1.81000000000000E+00, -1.88703581065725E-01,  2.82790000000008E+02,  3.51603109312447E+04,  7.83040567823850E+04
 2.01100000000000E+03,  8.28550567073126E-01,  1.33000000000000E+00, -1.88629219089944E-01,  2.82970000000008E+02,  3.58013907314876E+04,  6.99123336134253E+04
 2.01108333300000E+03,  9.47680037877242E-01,  8.60000000000000E-01, -1.88554762213777E-01,  2.83150000000008E+02,  3.67659952518172E+04,  6.85470615055464E+04
 2.01116666700000E+03,  1.19426292845908E+00,  6.00000000000000E-01, -1.67944960409421E-01,  2.83330000000008E+02,  3.78161712972699E+04,  7.42474739116520E+04
 2.01125000000000E+03,  1.36342461589311E+00,  8.00000000000000E-01, -1.67847857861665E-01,  2.83510000000008E+02,  3.86608788814972E+04,  8.56175347839430E+04
 2.01133333300000E+03,  1.46099379778516E+00,  1.25750000000000E+00, -1.67750663218327E-01,  2.83690000000008E+02,  3.90296172357928E+04,  1.00152865963652E+05
 2.01141666700000E+03,  1.57664232243344E+00,  1.32500000000000E+00, -1.67653376502010E-01,  2.83870000000008E+02,  3.87436708178252E+04,  1.14785130752255E+05
 2.01150000000000E+03,  1.67004276936333E+00,  1.09500000000000E+00, -1.67555997735415E-01,  2.84050000000008E+02,  3.77679947766672E+04,  1.26525825909368E+05
 2.01158333300000E+03,  1.70710469148756E+00,  1.14750000000000E+00, -1.67458526941340E-01,  2.84230000000008E+02,  3.62308141798450E+04,  1.33073466353959E+05
 2.01166666700000E+03,  1.65687342516403E+00,  1.07000000000000E+00, -1.67360964142682E-01,  2.84410000000008E+02,  3.44050591857300E+04,  1.33258995492098E+05
 2.01175000000000E+03,  1.52166920677782E+00,  3.22500000000000E-01, -1.67263309362434E-01,  2.84590000000008E+02,  3.26542810979216E+04,  1.27241084269113E+05
 2.01183333300000E+03,  1.38331960006880E+00, -4.82500000000000E-01, -1.67165562623687E-01,  2.84770000000008E+02,  3.13538320786537E+04,  1.16417533440267E+05
 2.01191666700000E+03,  1.30154536543637E+00, -7.37500000000000E-01, -1.67067723949632E-01,  2.84950000000008E+02,  3.08040448085836E+04,  1.03079427128851E+05
 2.01200000000000E+03,  1.27611369062795E+00, -6.05000000000000E-01, -1.66969793363555E-01,  2.85130000000008E+02,  3.11545697421244E+04,  8.98881571330870E+04
 2.01208333300000E+03,  1.34366497293660E+00, -2.57500000000000E-01, -1.66871770888842E-01,  2.85310000000008E+02,  3.23573165462011E+04,  7.92908350011942E+04
 2.01216666700000E+03,  1.48841146354078E+00,  1.60000000000000E-01, -1.69124487981027E-01,  2.85490000000008E+02,  3.41598867332280E+04,  7.29998691197104E+04
 2.01225000000000E+03,  1.60704054561947E+00,  6.95000000000000E-01, -1.69028512997548E-01,  2.85670000000008E+02,  3.61430920421803E+04,  7.16459993297191E+04
 2.01233333300000E+03,  1.70501816109353E+00,  1.59000000000000E+00, -1.68932445650042E-01,  2.85850000000008E+02,  3.77968444040129E+04,  7.46749194163890E+04
 2.01241666700000E+03,  1.82105678441882E+00,  2.66750000000000E+00, -1.68836285959927E-01,  2.86030000000008E+02,  3.86203358769270E+04,  8.05045315057875E+04
 2.01250000000000E+03,  1.91482888386373E+00,  3.52250000000000E+00, -1.68740033948714E-01,  2.86210000000008E+02,  3.82267863078603E+04,  8.69043459695086E+04
 2.01258333300000E+03,  1.95224390220912E+00,  4.03250000000000E+00, -1.68643689638015E-01,  2.86390000000008E+02,  3.64313581859210E+04,  9.15122845059174E+04
 2.01266666700000E+03,  1.90234706657041E+00,  3.96250000000000E+00, -1.68547253049535E-01,  2.86570000000008E+02,  3.33035444195343E+04,  9.23766453231652E+04
 2.01275000000000E+03,  1.76745850474398E+00,  3.00250000000000E+00, -1.68450724205078E-01,  2.86750000000008E+02,  2.91719414344527E+04,  8.84075589845093E+04
 2.01283333300000E+03,  1.62940567305558E+00,  1.82250000000000E+00, -1.68354103126546E-01,  2.86930000000008E+02,  2.45785328062090E+04,  7.96430403485019E+04
 2.01291666700000E+03,  1.54790922542970E+00,  1.25750000000000E+00, -1.68257389835935E-01,  2.87110000000008E+02,  2.01895881049550E+04,  6.72748113025076E+04
 2.01300000000000E+03,  1.52273624384239E+00,  1.10000000000000E+00, -1.68160584355341E-01,  2.87290000000008E+02,  1.66790203190548E+04,  5.34296405759484E+04
 2.01308333300000E+03,  1.41686176389901E+00,  1.11000000000000E+00, -1.68063686706956E-01,  2.87470000000008E+02,  1.46057784876856E+04,  4.07523102450696E+04
 2.01316666700000E+03,  1.21458095965933E+00,  1.23750000000000E+00, -1.85814513548009E-01,  2.87650000000008E+02,  1.43084168727727E+04,  3.18761340831501E+04
 2.01325000000000E+03,  1.16001038598409E+00,  1.14750000000000E+00, -1.85736551266984E-01,  2.87830000000008E+02,  1.58370497353891E+04,  2.88883850598899E+04
 2.01333333300000E+03,  1.25856438868382E+00,  7.80000000000000E-01, -1.85658494200850E-01,  2.88010000000008E+02,  1.89360390619379E+04,  3.28972369580132E+04
 2.01341666700000E+03,  1.37522298392206E+00,  7.77500000000000E-01, -1.85580342354120E-01,  2.88190000000008E+02,  2.30813136851860E+04,  4.37847517000455E+04
 2.01350000000000E+03,  1.46965879369539E+00,  1.37000000000000E+00, -1.85502095731387E-01,  2.88370000000008E+02,  2.75660232400858E+04,  6.01922120081182E+04
 2.01358333300000E+03,  1.50778141190263E+00,  1.90250000000000E+00, -1.85423754337318E-01,  2.88550000000008E+02,  3.16192572253630E+04,  7.97379290528710E+04
 2.01366666700000E+03,  1.45863621388084E+00,  2.44750000000000E+00, -1.85345318176662E-01,  2.88730000000008E+02,  3.45365123108963E+04,  9.94230097244509E+04
 2.01375000000000E+03,  1.32454347246498E+00,  2.51250000000000E+00, -1.85266787254242E-01,  2.88910000000008E+02,  3.57985804762934E+04,  1.16146170380726E+05
 2.01383333300000E+03,  1.18733078630615E+00,  1.41750000000000E+00, -1.85188161574962E-01,  2.89090000000008E+02,  3.51578691799039E+04,  1.27230787604974E+05
 2.01391666700000E+03,  1.10671894865463E+00,  1.65000000000000E-01, -1.85109441143804E-01,  2.89270000000008E+02,  3.26773261310735E+04,  1.30868642065888E+05
 2.01400000000000E+03,  1.08247517752641E+00, -5.07500000000000E-01, -1.85030625965825E-01,  2.89450000000008E+02,  2.87158854393898E+04,  1.26403981336540E+05
 2.01408333300000E+03,  1.05925396416702E+00, -7.52500000000000E-01, -1.84951716046165E-01,  2.89630000000008E+02,  2.38639869516215E+04,  1.14413921086095E+05
 2.01416666700000E+03,  1.02125386451917E+00, -9.27500000000000E-01, -1.83056075257506E-01,  2.89810000000008E+02,  1.88414429202590E+04,  9.65798771949993E+04
 2.01425000000000E+03,  1.04912849750517E+00, -8.57500000000000E-01, -1.82974829683138E-01,  2.89990000000008E+02,  1.43761695645876E+04,  7.53820022729413E+04
 2.01433333300000E+03,  1.14837371585720E+00, -2.70000000000000E-01, -1.82893489526261E-01,  2.90170000000008E+02,  1.10850245404819E+04,  5.36776567959932E+04
 2.01441666700000E+03,  1.26573798011920E+00,  6.77500000000000E-01, -1.82812054794153E-01,  2.90350000000008E+02,  9.37685176251940E+03,  3.42410567816094E+04
 2.01450000000000E+03,  1.36089392772274E+00,  1.91500000000000E+00, -1.82730525494171E-01,  2.90530000000008E+02,  9.39321685447226E+03,  1.93425333897836E+04
 2.01458333300000E+03,  1.39975116703735E+00,  2.81750000000000E+00, -1.82648901633759E-01,  2.90710000000009E+02,  1.09952198491047E+04,  1.04333859456308E+04
 2.01466666700000E+03,  1.35135508664410E+00,  2.93500000000000E+00, -1.82567183220439E-01,  2.90890000000009E+02,  1.37965893880402E+04,  7.97962036777634E+03
 2.01475000000000E+03,  1.21802597113329E+00,  2.21500000000000E+00, -1.82485370261817E-01,  2.91070000000009E+02,  1.72354964359675E+04,  1.14599546395559E+04
 2.01483333300000E+03,  1.08159142991660E+00,  1.01500000000000E+00, -1.82403462765581E-01,  2.91250000000009E+02,  2.06715016427384E+04,  1.95157290890567E+04
 2.01491666700000E+03,  1.00177226574787E+00,  2.47500000000000E-01, -1.82321460739502E-01,  2.91430000000009E+02,  2.34906893228774E+04,  3.02174765533003E+04
 2.01500000000000E+03,  9.78335704627695E-01, -9.00000000000000E-02, -1.82239364191434E-01,  2.91610000000009E+02,  2.52017218742213E+04,  4.13981030596804E+04
 2.01508333300000E+03,  1.07242376345997E+00, -5.45000000000000E-01, -1.82157173129311E-01,  2.91790000000009E+02,  2.55080877092410E+04,  5.09972654414735E+04
 2.01516666700000E+03,  1.26806820107617E+00, -1.01500000000000E+00, -1.72677083331979E-01,  2.91970000000009E+02,  2.43465523933947E+04,  5.73651659474409E+04
 2.01525000000000E+03,  1.41276980786202E+00, -7.52500000000000E-01, -1.72584607097889E-01,  2.92150000000009E+02,  2.18877840525607E+04,  5.94847690493085E+04
 2.01533333300000E+03,  1.51216921918918E+00, -7.00000000000000E-02, -1.72492037761855E-01,  2.92330000000009E+02,  1.85012315491841E+04,  5.70867347222128E+04
 2.01541666700000E+03,  1.62965811232148E+00,  3.97500000000000E-01, -1.72399375341700E-01,  2.92510000000009E+02,  1.46916035449208E+04,  5.06483403801387E+04
 2.01550000000000E+03,  1.72490897477159E+00,  9.90000000000000E-01, -1.72306619855341E-01,  2.92690000000009E+02,  1.10179969484543E+04,  4.12838622323507E+04
 2.01558333300000E+03,  1.76383126686132E+00,  1.78750000000000E+00, -1.72213771320785E-01,  2.92870000000009E+02,  8.00846500547869E+03,  3.05474866608974E+04
 2.01566666700000E+03,  1.71547023076882E+00,  2.57500000000000E+00, -1.72120829756139E-01,  2.93050000000009E+02,  6.08256490063249E+03,  2.01797218984277E+04
 2.01575000000000E+03,  1.58214600610006E+00,  2.65500000000000E+00, -1.72027795179598E-01,  2.93230000000009E+02,  5.49245197813086E+03,  1.18339821373780E+04
 2.01583333300000E+03,  1.44568605923128E+00,  2.13250000000000E+00, -1.71934667609457E-01,  2.93410000000009E+02,  6.28986868761180E+03,  6.82142266011493E+03
 2.01591666700000E+03,  1.36581105160393E+00,  2.00500000000000E+00, -1.71841447064100E-01,  2.93590000000009E+02,  8.32248039497457E+03,  5.90933033574229E+03
 2.01600000000000E+03,  1.34228806940310E+00,  1.93000000000000E+00, -1.71748133562009E-01,  2.93770000000009E+02,  1.12589967615770E+04,  9.20165468186598E+03
 2.01608333300000E+03,  1.33386983641604E+00,  1.63750000000000E+00, -1.71654727121759E-01,  2.93950000000009E+02,  1.46388626696934E+04,  1.61199942794973E+04
 2.01616666700000E+03,  1.32473517351022E+00,  1.58250000000000E+00, -1.79552234082511E-01,  2.94130000000009E+02,  1.79393631664409E+04,  2.54902203299004E+04
 2.01625000000000E+03,  1.36731991019294E+00,  2.02500000000000E+00, -1.79467011996521E-01,  2.94310000000009E+02,  2.06509966073678E+04,  3.57250690212006E+04
 2.01633333300000E+03,  1.46713671536335E+00,  2.99500000000000E+00, -1.79381695706808E-01,  2.94490000000009E+02,  2.23510589211014E+04,  4.50781574375679E+04
 2.01641666700000E+03,  1.58505054916850E+00,  3.79500000000000E+00, -1.79296285224197E-01,  2.94670000000009E+02,  2.27655988167444E+04,  5.19321370834766E+04
 2.01650000000000E+03,  1.68073390437507E+00,  4.13500000000000E+00, -1.79210780559603E-01,  2.94850000000009E+02,  2.18112318126128E+04,  5.50754563235288E+04
 2.01658333300000E+03,  1.72009624614842E+00,  4.32000000000000E+00, -1.79125181724025E-01,  2.95030000000009E+02,  1.96106551585945E+04,  5.39205646934061E+04
 2.01666666700000E+03,  1.67218282084238E+00,  4.19250000000000E+00, -1.79039488728548E-01,  2.95210000000009E+02,  1.64789161688682E+04,  4.86226665294492E+04
 2.01675000000000E+03,  1.53931377131351E+00,  3.83250000000000E+00, -1.78953701584348E-01,  2.95390000000009E+02,  1.28812765318792E+04,  4.00723350732596E+04
 2.01683333300000E+03,  1.40331656676230E+00,  3.55250000000000E+00, -1.78867820302684E-01,  2.95570000000009E+02,  9.36748956168693E+03,  2.97558631790177E+04
 2.01691666700000E+03,  1.32391187077058E+00,  3.02500000000000E+00, -1.78781844894904E-01,  2.95750000000009E+02,  6.49096552326657E+03,  1.95010334654653E+04
 2.01700000000000E+03,  1.30086677072277E+00,  2.34000000000000E+00, -1.78695775372442E-01,  2.95930000000009E+02,  4.72408428909451E+03,  1.11487811706669E+04
 2.01708333300000E+03,  1.28081734400218E+00,  1.92500000000000E+00, -1.78609611746823E-01,  2.96110000000009E+02,  4.38229232676879E+03,  6.20835607670461E+03
 2.01716666700000E+03,  1.24786160224337E+00,  1.92000000000000E+00, -1.80123069431556E-01,  2.96290000000009E+02,  5.56919119971159E+03,  5.56100697123129E+03
 2.01725000000000E+03,  1.27858851875237E+00,  2.42750000000000E+00, -1.80038481323849E-01,  2.96470000000009E+02,  8.15242432045707E+03,  9.27240703364483E+03
 2.01733333300000E+03,  1.37859289953474E+00,  2.85750000000000E+00, -1.79953798941835E-01,  2.96650000000009E+02,  1.17759537439529E+04,  1.65568002927145E+04
 2.01741666700000E+03,  1.49670455399490E+00,  2.89000000000000E+00, -1.79869022295760E-01,  2.96830000000009E+02,  1.59087938828546E+04,  2.59085726172525E+04
 2.01750000000000E+03,  1.59259601126682E+00,  2.86500000000000E+00, -1.79784151395955E-01,  2.97010000000009E+02,  1.99242471065335E+04,  3.53843916038049E+04
 2.01758333300000E+03,  1.63217677245766E+00,  2.99000000000000E+00, -1.79699186252839E-01,  2.97190000000009E+02,  2.31981759050421E+04,  4.29875335798697E+04
 2.01766666700000E+03,  1.58449211917705E+00,  3.41750000000000E+00, -1.79614126876917E-01,  2.97370000000009E+02,  2.52108805125621E+04,  4.70821671203270E+04
 2.01775000000000E+03,  1.45186222859073E+00,  3.73000000000000E+00, -1.79528973278779E-01,  2.97550000000009E+02,  2.56355859214642E+04,  4.67547475319787E+04
 2.01783333300000E+03,  1.31611460375773E+00,  3.56250000000000E+00, -1.79443725469101E-01,  2.97730000000009E+02,  2.43978682687747E+04,  4.20454674222280E+04
 2.01791666700000E+03,  1.23696994140736E+00,  2.94250000000000E+00, -1.79358383458648E-01,  2.97910000000009E+02,  2.16945558507616E+04,  3.39948180991296E+04
 2.01800000000000E+03,  1.21419536109950E+00,  1.74000000000000E+00, -1.79272947258269E-01,  2.98090000000009E+02,  1.79671639965300E+04,  2.44851798128582E+04
 2.01808333300000E+03,  1.26722227934414E+00,  8.82500000000000E-01, -1.79187416878902E-01,  2.98270000000009E+02,  1.38327179441433E+04,  1.58984616543071E+04
 2.01816666700000E+03,  1.37855394365303E+00,  7.85000000000000E-01, -1.55562304302599E-01,  2.98450000000009E+02,  9.98251557444704E+03,  1.06499048510257E+04
 2.01825000000000E+03,  1.47758028589773E+00,  4.57500000000000E-01, -1.55454273865596E-01,  2.98630000000009E+02,  7.06553999001543E+03,  1.06869324967579E+04
 2.01833333300000E+03,  1.57146369521440E+00, -6.25000000000000E-02, -1.55346154783124E-01,  2.98810000000009E+02,  5.57661385381409E+03,  1.70537821199177E+04
 2.01841666700000E+03,  1.68341069693060E+00, -2.05000000000000E-01, -1.55237947089942E-01,  2.98990000000009E+02,  5.76921998316985E+03,  2.96142361591079E+04
 2.01850000000000E+03,  1.77309418052965E+00,  1.47500000000000E-01, -1.55129650820911E-01,  2.99170000000009E+02,  7.60906646975580E+03,  4.69968339665515E+04
 2.01858333300000E+03,  1.80642401361409E+00,  8.17500000000000E-01, -1.55021266010996E-01,  2.99350000000009E+02,  1.07775241215224E+04,  6.67844351915670E+04
 2.01866666700000E+03,  1.75244585017905E+00,  1.25750000000000E+00, -1.54912792695267E-01,  2.99530000000009E+02,  1.47252089100300E+04,  8.59211390368241E+04
 2.01875000000000E+03,  1.61348024540929E+00,  6.27500000000000E-01, -1.54804230908895E-01,  2.99710000000009E+02,  1.87668377135255E+04,  1.01264267445922E+05
 2.01883333300000E+03,  1.47135508651542E+00, -5.87500000000000E-01, -1.54695580687153E-01,  2.99890000000009E+02,  2.22007802793682E+04,  1.10176957007947E+05
 2.01891666700000E+03,  1.38579146025303E+00, -8.30000000000000E-01, -1.54586842065421E-01,  3.00070000000009E+02,  2.44319672198304E+04,  1.11045031822536E+05
 2.01900000000000E+03,  1.35655688182448E+00, -2.15000000000000E-01, -1.54478015079179E-01,  3.00250000000009E+02,  2.50759660578692E+04,  1.03613390006006E+05
 2.01908333300000E+03,  1.36283873451656E+00,  4.75000000000000E-01, -1.54369099764012E-01,  3.00430000000009E+02,  2.40253395255979E+04,  8.90704551423735E+04
 2.01916666700000E+03,  1.38780812348167E+00,  9.22500000000000E-01, -1.51818199329194E-01,  3.00610000000009E+02,  2.14662834857754E+04,  6.98580349005722E+04
 2.01925000000000E+03,  1.44201846786410E+00,  9.47500000000000E-01, -1.51707158087930E-01,  3.00790000000009E+02,  1.78427286500099E+04,  4.92384954862034E+04
 2.01933333300000E+03,  1.53197860527575E+00,  9.90000000000000E-01, -1.51596029448410E-01,  3.00970000000009E+02,  1.37748356906498E+04,  3.07003584602609E+04
 2.01941666700000E+03,  1.63999026757123E+00,  1.77500000000000E+00, -1.51484813448931E-01,  3.01150000000009E+02,  9.94724472920677E+03,  1.73169872417046E+04
 2.01950000000000E+03,  1.72572665583368E+00,  2.84750000000000E+00, -1.51373510127896E-01,  3.01330000000009E+02,  6.98792882025113E+03,  1.11837513494518E+04
 2.01958333300000E+03,  1.75509795201541E+00,  2.99250000000000E+00, -1.51262119523808E-01,  3.01510000000009E+02,  5.35998949687900E+03,  1.30443814024601E+04
 2.01966666700000E+03,  1.69715012693793E+00,  2.27500000000000E+00, -1.51150641675277E-01,  3.01690000000009E+02,  5.28594960364776E+03,  2.21798688282130E+04
 2.01975000000000E+03,  1.55420405481523E+00,  1.48750000000000E+00, -1.51039076621018E-01,  3.01870000000009E+02,  6.71761687466797E+03,  3.65807076634073E+04
 2.01983333300000E+03,  1.40808794457152E+00,  1.16500000000000E+00, -1.50927424399845E-01,  3.02050000000009E+02,  9.35571264562253E+03,  5.33662648247748E+04
 2.01991666700000E+03,  1.31852320708532E+00,  1.14500000000000E+00, -1.50815685050681E-01,  3.02230000000009E+02,  1.27139513866630E+04,  6.93653667325001E+04
 2.02000000000000E+03,  1.28527768381627E+00,  1.59000000000000E+00, -1.50703858612551E-01,  3.02410000000009E+02,  1.62139934886689E+04,  8.17401186502427E+04
 2.02008333300000E+03,  1.34665975344613E+00,  2.75000000000000E+00, -1.50591945124582E-01,  3.02590000000009E+02,  1.92922783835824E+04,  8.85272000115994E+04
 2.02016666700000E+03,  1.48839547219047E+00,  3.46250000000000E+00, -1.71373563849206E-01,  3.02770000000009E+02,  2.14981848709636E+04,  8.89890017785401E+04
 2.02025000000000E+03,  1.60535786382237E+00,  3.24000000000000E+00, -1.71279785461075E-01,  3.02950000000009E+02,  2.25654743792524E+04,  8.37071564350480E+04
 2.02033333300000E+03,  1.70151324022634E+00,  2.74250000000000E+00, -1.71185914229160E-01,  3.03130000000009E+02,  2.24449387230422E+04,  7.44047919169326E+04
 2.02041666700000E+03,  1.81573506861894E+00,  2.74250000000000E+00, -1.71091950172603E-01,  3.03310000000009E+02,  2.12942973693457E+04,  6.35399118694543E+04
 2.02050000000000E+03,  1.90769604071924E+00,  3.42500000000000E+00, -1.70997893310644E-01,  3.03490000000009E+02,  1.94299636040265E+04,  5.37589214561271E+04
 2.02058333300000E+03,  1.94330582534610E+00,  3.75500000000000E+00, -1.70903743662617E-01,  3.03670000000009E+02,  1.72525713343509E+04,  4.73267924781379E+04
 2.02066666700000E+03,  1.89160987620002E+00,  3.30250000000000E+00, -1.70809501247950E-01,  3.03850000000009E+02,  1.51626905409735E+04,  4.56531148449909E+04
 2.02075000000000E+03,  1.75492854616885E+00,  2.50000000000000E+00, -1.70715166086168E-01,  3.04030000000009E+02,  1.34841364153460E+04,  4.90110107627527E+04
 2.02083333300000E+03,  1.61508951918517E+00,  1.72500000000000E+00, -1.70620738196890E-01,  3.04210000000009E+02,  1.24096401491129E+04,  5.65035984236864E+04
 2.02091666700000E+03,  1.53181367725456E+00,  1.44500000000000E+00, -1.70526217599831E-01,  3.04390000000009E+02,  1.19781030049688E+04,  6.62795883043311E+04
 2.02100000000000E+03,  1.50486832886706E+00,  1.42000000000000E+00, -1.70431604314802E-01,  3.04570000000009E+02,  1.20854936190706E+04,  7.59470782071573E+04
 2.02108333300000E+03,  1.54638298044703E+00,  1.32500000000000E+00, -1.70336898361709E-01,  3.04750000000009E+02,  1.25242613131405E+04,  8.30938177333823E+04
 2.02116666700000E+03,  1.64016443438419E+00,  1.08000000000000E+00, -1.58499054685887E-01,  3.04930000000009E+02,  1.30404609299848E+04,  8.58016232007751E+04
 2.02125000000000E+03,  1.73151673899291E+00,  7.67500000000000E-01, -1.58393475887978E-01,  3.05110000000009E+02,  1.33947678330273E+04,  8.30462826881440E+04
 2.02133333300000E+03,  1.82631174305536E+00,  8.75000000000000E-01, -1.58287807528780E-01,  3.05290000000009E+02,  1.34137320420764E+04,  7.49009849931588E+04
 2.02141666700000E+03,  1.93915680044127E+00,  1.43000000000000E+00, -1.58182049640229E-01,  3.05470000000009E+02,  1.30207848771981E+04,  6.25048991818067E+04
 2.02150000000000E+03,  2.02972465047924E+00,  2.04000000000000E+00, -1.58076202254361E-01,  3.05650000000009E+02,  1.22418217471802E+04,  4.78093568761744E+04
 2.02158333300000E+03,  2.06392501184679E+00,  2.78750000000000E+00, -1.57970265403315E-01,  3.05830000000009E+02,  1.11863463740398E+04,  3.31610938857902E+04
 2.02166666700000E+03,  2.01080339010889E+00,  3.84750000000000E+00, -1.57864239119334E-01,  3.06010000000009E+02,  1.00107376909056E+04,  2.08151652703942E+04
 2.02175000000000E+03,  1.87268019177996E+00,  4.53250000000000E+00, -1.57758123434760E-01,  3.06190000000009E+02,  8.87394000220541E+03,  1.24826176388991E+04
 2.02183333300000E+03,  1.73138315669413E+00,  4.08250000000000E+00, -1.57651918382041E-01,  3.06370000000009E+02,  7.89699461854670E+03,  9.00756065090025E+03
 2.02191666700000E+03,  1.64663322478963E+00,  2.85250000000000E+00, -1.57545623993725E-01,  3.06550000000009E+02,  7.13617538168864E+03,  1.02377217358110E+04
 2.02200000000000E+03,  1.61819776427627E+00,  1.88250000000000E+00, -1.57439240302463E-01,  3.06730000000009E+02,  6.57556230886782E+03,  1.51090071614129E+04
 2.02208333300000E+03,  1.45968266218193E+00,  1.16500000000000E+00, -1.57332767341009E-01,  3.06910000000009E+02,  6.13970918658110E+03,  2.19178240105540E+04
 2.02216666700000E+03,  1.15569441633500E+00,  6.87500000000000E-01, -9.26968367370424E-02,  3.07090000000009E+02,  5.72192524999577E+03,  2.87152219382089E+04
 2.02225000000000E+03,  1.04937660829979E+00,  1.10000000000000E+00, -9.28456024049194E-02,  3.07270000000009E+02,  5.21985160519018E+03,  3.37327908814819E+04
 2.02233333300000E+03,  1.14578654190957E+00,  1.79000000000000E+00, -9.29942273326437E-02,  3.07450000000009E+02,  4.56838650269997E+03,  3.57465865107538E+04
 2.02241666700000E+03,  1.26020101969535E+00,  1.86000000000000E+00, -9.31427115926138E-02,  3.07630000000009E+02,  3.76096453010571E+03,  3.43024152077198E+04
 2.02250000000000E+03,  1.35229315004790E+00,  2.11000000000000E+00, -9.32910552573696E-02,  3.07810000000009E+02,  2.86989477659954E+03,  3.21890188093622E+04
 2.02258333300000E+03,  1.40063145866212E+00,  3.62000000000000E+00, -9.34392583995921E-02,  3.07990000000009E+02,  1.80765683097470E+03,  2.38106942110810E+04
