 1.96200547580006E+03	-2.98446247843610E-02
 1.96200821370009E+03	-4.05138535292702E-02
 1.96201095160012E+03	-4.05857712564970E-02
 1.96201368950015E+03	-2.75982944002668E-02
 1.96201642740018E+03	 9.19162575421351E-03
 1.96201916530022E+03	 8.10453981136034E-02
 1.96202190320025E+03	 1.78605537026451E-01
 1.96202464110028E+03	 2.59746014768321E-01
 1.96202737900031E+03	 2.69537577205888E-01
 1.96203011690034E+03	 1.82110363431477E-01
 1.96203285480037E+03	 2.45555312846805E-02
 1.96203559270040E+03	-1.41991120175076E-01
 1.96203833060043E+03	-2.63924425154529E-01
 1.96204106850046E+03	-3.19231075972491E-01
 1.96204380640049E+03	-3.11063948407607E-01
 1.96204654430052E+03	-2.52743267455191E-01
 1.96204928220055E+03	-1.64282621955861E-01
 1.96205202010058E+03	-7.31934610801113E-02
 1.96205475800062E+03	-4.11132282549614E-03
 1.96205749590065E+03	 3.69824946983718E-02
 1.96206023380068E+03	 6.34463719823555E-02
 1.96206297170071E+03	 8.95967825189418E-02
 1.96206570960074E+03	 1.13773584398091E-01
 1.96206844750077E+03	 1.21251705481321E-01
 1.96207118540080E+03	 1.01084407086580E-01
 1.96207392330083E+03	 5.74965767863485E-02
 1.96207666120086E+03	 7.06423980328338E-03
 1.96207939910089E+03	-3.15041915605009E-02
 1.96208213700092E+03	-4.56939030477697E-02
 1.96208487490095E+03	-3.21097470808202E-02
 1.96208761280098E+03	 6.19792264037253E-03
 1.96209035070101E+03	 6.57439502379580E-02
 1.96209308860105E+03	 1.44709082174128E-01
 1.96209582650108E+03	 2.34794810065395E-01
 1.96209856440111E+03	 3.09677880796289E-01
 1.96210130230114E+03	 3.28119795309210E-01
 1.96210404020117E+03	 2.58894554398531E-01
 1.96210677810120E+03	 1.08464060846809E-01
 1.96210951600123E+03	-7.68210665696487E-02
 1.96211225390126E+03	-2.38346805881463E-01
 1.96211499180129E+03	-3.36527991433850E-01
 1.96211772970132E+03	-3.59671529007286E-01
 1.96212046760135E+03	-3.13424811822203E-01
 1.96212320550138E+03	-2.13061819144333E-01
 1.96212594340141E+03	-8.67517279372076E-02
 1.96212868130145E+03	 2.58289498084148E-02
 1.96213141920148E+03	 9.21906999243483E-02
 1.96213415710151E+03	 1.09036945708644E-01
 1.96213689500154E+03	 1.01889382865946E-01
 1.96213963290157E+03	 9.91612012466579E-02
 1.96214237080160E+03	 1.06615004147061E-01
 1.96214510870163E+03	 1.07137888267644E-01
 1.96214784660166E+03	 8.23510486273455E-02
 1.96215058450169E+03	 3.19513739008500E-02
 1.96215332240172E+03	-2.55559017937851E-02
 1.96215606030175E+03	-6.59396477265175E-02
 1.96215879820178E+03	-7.15918516866586E-02
 1.96216153610181E+03	-3.52693022511452E-02
 1.96216427400185E+03	 4.19053950990690E-02
 1.96216701190188E+03	 1.51283932921814E-01
 1.96216974980191E+03	 2.73453814503972E-01
 1.96217248770194E+03	 3.75492918114753E-01
 1.96217522560197E+03	 4.17162894528246E-01
 1.96217796350200E+03	 3.68727406835064E-01
 1.96218070140203E+03	 2.30490242793446E-01
 1.96218343930206E+03	 3.77213000795073E-02
 1.96218617720209E+03	-1.55644351560910E-01
 1.96218891510212E+03	-3.02601416990679E-01
 1.96219165300215E+03	-3.78188501026098E-01
 1.96219439090218E+03	-3.76853477499432E-01
 1.96219712880221E+03	-3.03974351226567E-01
 1.96219986670224E+03	-1.76271479361111E-01
 1.96220260460228E+03	-2.82873160657292E-02
 1.96220534250231E+03	 9.28415391582383E-02
 1.96220808040234E+03	 1.51634885464827E-01
 1.96221081830237E+03	 1.48544988133238E-01
 1.96221355620240E+03	 1.17379579303985E-01
 1.96221629410243E+03	 9.44243776542715E-02
 1.96221903200246E+03	 8.86791941693834E-02
 1.96222176990249E+03	 8.14283368478943E-02
 1.96222450780252E+03	 5.13696078264072E-02
 1.96222724570255E+03	-3.01150989021659E-03
 1.96222998360258E+03	-6.30472507523475E-02
 1.96223272150261E+03	-1.04120837969086E-01
 1.96223545940264E+03	-1.06320225440814E-01
 1.96223819730268E+03	-5.62836855620212E-02
 1.96224093520271E+03	 5.01783467334016E-02
 1.96224367310274E+03	 1.98636910031394E-01
 1.96224641100277E+03	 3.49186211610159E-01
 1.96224914890280E+03	 4.46520325145591E-01
 1.96225188680283E+03	 4.46610791403968E-01
 1.96225462470286E+03	 3.41336996572619E-01
 1.96225736260289E+03	 1.61950415214812E-01
 1.96226010050292E+03	-3.95608941714827E-02
 1.96226283840295E+03	-2.15048800017697E-01
 1.96226557630298E+03	-3.34279558695449E-01
 1.96226831420301E+03	-3.84579239897325E-01
 1.96227105210304E+03	-3.63775105936595E-01
 1.96227379000308E+03	-2.77101350333971E-01
 1.96227652790311E+03	-1.42353073424591E-01
 1.96227926580314E+03	 4.36968180606322E-03
 1.96228200370317E+03	 1.16501641065742E-01
 1.96228474160320E+03	 1.61611147652340E-01
 1.96228747950323E+03	 1.43910156698307E-01
 1.96229021740326E+03	 9.98835620656664E-02
 1.96229295530329E+03	 6.67707116839068E-02
 1.96229569320332E+03	 5.35943927220465E-02
 1.96229843110335E+03	 4.22776333744436E-02
 1.96230116900338E+03	 1.29619328471801E-02
 1.96230390690341E+03	-3.60127860266410E-02
 1.96230664480344E+03	-8.97716918791069E-02
 1.96230938270347E+03	-1.28287710819694E-01
 1.96231212060351E+03	-1.30670547001428E-01
 1.96231485850354E+03	-7.58670920409630E-02
 1.96231759640357E+03	 4.54614762194944E-02
 1.96232033430360E+03	 2.10582865359709E-01
 1.96232307220363E+03	 3.60513934299989E-01
 1.96232581010366E+03	 4.28098545420991E-01
 1.96232854800369E+03	 3.79964653141261E-01
 1.96233128590372E+03	 2.35572365471074E-01
 1.96233402380375E+03	 4.86234772519101E-02
 1.96233676170378E+03	-1.27570516612811E-01
 1.96233949960381E+03	-2.60506439003957E-01
 1.96234223750384E+03	-3.37129155427530E-01
 1.96234497540387E+03	-3.54309309952717E-01
 1.96234771330391E+03	-3.13733125735771E-01
 1.96235045120394E+03	-2.22953359308143E-01
 1.96235318910397E+03	-9.97419199475848E-02
 1.96235592700400E+03	 2.49106217464957E-02
 1.96235866490403E+03	 1.13371564325809E-01
 1.96236140280406E+03	 1.40733547866828E-01
 1.96236414070409E+03	 1.13123915154017E-01
 1.96236687860412E+03	 6.37261101601022E-02
 1.96236961650415E+03	 2.55703768758043E-02
 1.96237235440418E+03	 7.29016206212601E-03
 1.96237509230421E+03	-4.70934413480001E-03
 1.96237783020424E+03	-2.53432383313510E-02
 1.96238056810427E+03	-5.71591678996120E-02
 1.96238330600431E+03	-9.29517058889370E-02
 1.96238604390434E+03	-1.20121686493683E-01
 1.96238878180437E+03	-1.17511533433153E-01
 1.96239151970440E+03	-5.85501123713554E-02
 1.96239425760443E+03	 6.57264451608480E-02
 1.96239699550446E+03	 2.20921993117861E-01
 1.96239973340449E+03	 3.35786294354399E-01
 1.96240247130452E+03	 3.47491850162064E-01
 1.96240520920455E+03	 2.46794010506747E-01
 1.96240794710458E+03	 8.01170520062004E-02
 1.96241068500461E+03	-8.91304313368251E-02
 1.96241342290464E+03	-2.18529140042061E-01
 1.96241616080467E+03	-2.94084527818269E-01
 1.96241889870471E+03	-3.16615111562903E-01
 1.96242163660474E+03	-2.91396496027907E-01
 1.96242437450477E+03	-2.27409462867376E-01
 1.96242711240480E+03	-1.37572817423273E-01
 1.96242985030483E+03	-3.74761072878302E-02
 1.96243258820486E+03	 5.34153003470277E-02
 1.96243532610489E+03	 1.12118392377045E-01
 1.96243806400492E+03	 1.22341416862035E-01
 1.96244080190495E+03	 8.85448875567704E-02
 1.96244353980498E+03	 3.57333572272060E-02
 1.96244627770501E+03	-9.27121350086504E-03
 1.96244901560504E+03	-3.57975589592904E-02
 1.96245175350507E+03	-4.87200432790105E-02
 1.96245449140510E+03	-5.60212550210452E-02
 1.96245722930514E+03	-6.22599751483457E-02
 1.96245996720517E+03	-6.92452942896422E-02
 1.96246270510520E+03	-7.17304127962191E-02
 1.96246544300523E+03	-5.00081588654779E-02
 1.96246818090526E+03	 2.08219172941801E-02
 1.96247091880529E+03	 1.40227678622732E-01
 1.96247365670532E+03	 2.61030865572830E-01
 1.96247639460535E+03	 3.11576058747890E-01
 1.96247913250538E+03	 2.49931798963444E-01
 1.96248187040541E+03	 9.79013766065545E-02
 1.96248460830544E+03	-7.86833222420573E-02
 1.96248734620547E+03	-2.19140801846385E-01
 1.96249008410550E+03	-2.97041162262385E-01
 1.96249282200554E+03	-3.13156844816853E-01
 1.96249555990557E+03	-2.77772351817253E-01
 1.96249829780560E+03	-2.05642570332805E-01
 1.96250103570563E+03	-1.17240920740764E-01
 1.96250377360566E+03	-3.22631717144070E-02
 1.96250651150569E+03	 3.91046876193170E-02
 1.96250924940572E+03	 9.34887206138228E-02
 1.96251198730575E+03	 1.24422143074872E-01
 1.96251472520578E+03	 1.22197057264562E-01
 1.96251746310581E+03	 8.56171512192652E-02
 1.96252020100584E+03	 2.88559680721721E-02
 1.96252293890587E+03	-2.67194469569062E-02
 1.96252567680590E+03	-6.53381268027674E-02
 1.96252841470594E+03	-8.09803529655580E-02
 1.96253115260597E+03	-7.48133570718964E-02
 1.96253389050600E+03	-5.34859346987592E-02
 1.96253662840603E+03	-2.55032427457641E-02
 1.96253936630606E+03	 9.10830122739430E-03
 1.96254210420609E+03	 6.46817659506928E-02
 1.96254484210612E+03	 1.54175889298618E-01
 1.96254758000615E+03	 2.59923236182409E-01
 1.96255031790618E+03	 3.26590589779748E-01
 1.96255305580621E+03	 2.96855764562087E-01
 1.96255579370624E+03	 1.60852383355434E-01
 1.96255853160627E+03	-3.14418140438558E-02
 1.96256126950630E+03	-2.07301090510988E-01
 1.96256400740633E+03	-3.17556426629287E-01
 1.96256674530637E+03	-3.50049666281100E-01
 1.96256948320640E+03	-3.13667094507493E-01
 1.96257222110643E+03	-2.25225552595048E-01
 1.96257495900646E+03	-1.11081282436030E-01
 1.96257769690649E+03	-5.22290542959016E-03
 1.96258043480652E+03	 6.75838148960613E-02
 1.96258317270655E+03	 1.06271330083001E-01
 1.96258591060658E+03	 1.25477292767133E-01
 1.96258864850661E+03	 1.33816810287567E-01
 1.96259138640664E+03	 1.24844103207524E-01
 1.96259412430667E+03	 8.91860435177229E-02
 1.96259686220670E+03	 3.01926593189679E-02
 1.96259960010673E+03	-3.44616330117235E-02
 1.96260233800677E+03	-8.31575897267290E-02
 1.96260507590680E+03	-1.00779883902853E-01
 1.96260781380683E+03	-8.35975893592700E-02
 1.96261055170686E+03	-3.84347730829389E-02
 1.96261328960689E+03	 2.46508224341802E-02
 1.96261602750692E+03	 1.02243235089635E-01
 1.96261876540695E+03	 1.97167043904443E-01
 1.96262150330698E+03	 3.01327468975751E-01
 1.96262424120701E+03	 3.79065099707389E-01
 1.96262697910704E+03	 3.78242382394242E-01
 1.96262971700707E+03	 2.69344739295828E-01
 1.96263245490710E+03	 7.63095550502577E-02
 1.96263519280713E+03	-1.34547925863054E-01
 1.96263793070717E+03	-2.97134003322191E-01
 1.96264066860720E+03	-3.77560359794994E-01
 1.96264340650723E+03	-3.72719765780990E-01
 1.96264614440726E+03	-2.94240209399450E-01
 1.96264888230729E+03	-1.64744517159136E-01
 1.96265162020732E+03	-2.29363245143019E-02
 1.96265435810735E+03	 8.58561332175986E-02
 1.96265709600738E+03	 1.36242711505764E-01
 1.96265983390741E+03	 1.38938366319708E-01
 1.96266257180744E+03	 1.25299063049536E-01
 1.96266530970747E+03	 1.15403455834694E-01
 1.96266804760750E+03	 1.03415562296876E-01
 1.96267078550753E+03	 7.21097177446939E-02
 1.96267352340756E+03	 1.63885936490162E-02
 1.96267626130760E+03	-4.87244401924972E-02
 1.96267899920763E+03	-9.87305620516108E-02
 1.96268173710766E+03	-1.14645779871406E-01
 1.96268447500769E+03	-8.98615074625520E-02
 1.96268721290772E+03	-2.73526549272361E-02
 1.96268995080775E+03	 6.67259869940110E-02
 1.96269268870778E+03	 1.84929158277411E-01
 1.96269542660781E+03	 3.11627295492737E-01
 1.96269816450784E+03	 4.13982157867721E-01
 1.96270090240787E+03	 4.46267003508527E-01
 1.96270364030790E+03	 3.74340341044065E-01
 1.96270637820793E+03	 2.03746354728275E-01
 1.96270911610796E+03	-1.59975908829945E-02
 1.96271185400800E+03	-2.18289801940607E-01
 1.96271459190803E+03	-3.53672862341739E-01
 1.96271732980806E+03	-4.02737587055594E-01
 1.96272006770809E+03	-3.66513099331327E-01
 1.96272280560812E+03	-2.57363940414564E-01
 1.96272554350815E+03	-1.03696771434023E-01
 1.96272828140818E+03	 4.63225378590799E-02
 1.96273101930821E+03	 1.42310531636789E-01
 1.96273375720824E+03	 1.63210580858585E-01
 1.96273649510827E+03	 1.31092347817352E-01
 1.96273923300830E+03	 8.91423317612137E-02
 1.96274197090833E+03	 6.40624865007845E-02
 1.96274470880836E+03	 4.97540905397391E-02
 1.96274744670840E+03	 2.44972301878382E-02
 1.96275018460843E+03	-2.13986915109606E-02
 1.96275292250846E+03	-7.59702115905403E-02
 1.96275566040849E+03	-1.17388920183696E-01
 1.96275839830852E+03	-1.28567422528222E-01
 1.96276113620855E+03	-1.00162988658206E-01
 1.96276387410858E+03	-2.64541872065934E-02
 1.96276661200861E+03	 9.29350075804484E-02
 1.96276934990864E+03	 2.42462742570428E-01
 1.96277208780867E+03	 3.83020959536105E-01
 1.96277482570870E+03	 4.61195413694708E-01
 1.96277756360873E+03	 4.35414036694701E-01
 1.96278030150876E+03	 3.01639089620700E-01
 1.96278303940880E+03	 9.81890129345353E-02
 1.96278577730883E+03	-1.14662021467713E-01
 1.96278851520886E+03	-2.83922448594895E-01
 1.96279125310889E+03	-3.80365947548341E-01
 1.96279399100892E+03	-3.95708297781073E-01
 1.96279672890895E+03	-3.33077079337128E-01
 1.96279946680898E+03	-2.06388037186063E-01
 1.96280220470901E+03	-4.81815521147452E-02
 1.96280494260904E+03	 9.10080485466380E-02
 1.96280768050907E+03	 1.64040320301586E-01
 1.96281041840910E+03	 1.57068875232840E-01
 1.96281315630913E+03	 9.90311049204116E-02
 1.96281589420916E+03	 3.71886856708036E-02
 1.96281863210919E+03	-8.52992606114409E-05
 1.96282137000923E+03	-1.80377284497388E-02
 1.96282410790926E+03	-3.75761338954919E-02
 1.96282684580929E+03	-6.90351682186409E-02
 1.96282958370932E+03	-1.05137401324521E-01
 1.96283232160935E+03	-1.32220354814894E-01
 1.96283505950938E+03	-1.38377004843025E-01
 1.96283779740941E+03	-1.09555864218192E-01
 1.96284053530944E+03	-2.84927644660172E-02
 1.96284327320947E+03	 1.09322036166044E-01
 1.96284601110950E+03	 2.74428484896552E-01
 1.96284874900953E+03	 4.04659819818323E-01
 1.96285148690956E+03	 4.37988730442412E-01
 1.96285422480959E+03	 3.52202796598275E-01
 1.96285696270963E+03	 1.77376485713727E-01
 1.96285970060966E+03	-2.66795652012838E-02
 1.96286243850969E+03	-2.04536938779186E-01
 1.96286517640972E+03	-3.23880254754648E-01
 1.96286791430975E+03	-3.73424657832125E-01
 1.96287065220978E+03	-3.53162852295653E-01
 1.96287339010981E+03	-2.69967593089463E-01
 1.96287612800984E+03	-1.40985228142091E-01
 1.96287886590987E+03	 1.63863945769469E-03
 1.96288160380990E+03	 1.14679983299922E-01
 1.96288434170993E+03	 1.61724199915250E-01
 1.96288707960996E+03	 1.35780741363889E-01
 1.96288981750999E+03	 6.54695980135724E-02
 1.96289255541003E+03	-6.06156549135338E-03
 1.96289529331006E+03	-5.23013773590100E-02
 1.96289803121009E+03	-7.50182705273132E-02
 1.96290076911012E+03	-8.90596611908182E-02
 1.96290350701015E+03	-1.02918714821222E-01
 1.96290624491018E+03	-1.16121036198046E-01
 1.96290898281021E+03	-1.26260622967757E-01
 1.96291172071024E+03	-1.26491887707927E-01
 1.96291445861027E+03	-9.62809205417186E-02
 1.96291719651030E+03	-9.11832264767168E-03
 1.96291993441033E+03	 1.36468898116681E-01
 1.96292267231036E+03	 2.93470491715456E-01
 1.96292541021039E+03	 3.85237989160662E-01
 1.96292814811042E+03	 3.58229505299151E-01
 1.96293088601046E+03	 2.20307927188858E-01
 1.96293362391049E+03	 2.99219223972659E-02
 1.96293636181052E+03	-1.47424626782714E-01
 1.96293909971055E+03	-2.71975236892535E-01
 1.96294183761058E+03	-3.31568584637724E-01
 1.96294457551061E+03	-3.28237409476634E-01
 1.96294731341064E+03	-2.70507710014673E-01
 1.96295005131067E+03	-1.73289370685181E-01
 1.96295278921070E+03	-5.75402490642100E-02
 1.96295552711073E+03	 5.17011588265104E-02
 1.96295826501076E+03	 1.27721910900749E-01
 1.96296100291079E+03	 1.49303909921978E-01
 1.96296374081082E+03	 1.13536688177166E-01
 1.96296647871086E+03	 4.19254065027679E-02
 1.96296921661089E+03	-3.20200401024305E-02
 1.96297195451092E+03	-8.45650073779265E-02
 1.96297469241095E+03	-1.11034695039959E-01
 1.96297743031098E+03	-1.17204672324085E-01
 1.96298016821101E+03	-1.09604961217321E-01
 1.96298290611104E+03	-9.60103353441185E-02
 1.96298564401107E+03	-8.48009914873801E-02
 1.96298838191110E+03	-7.21295266045931E-02
 1.96299111981113E+03	-3.27463278466784E-02
 1.96299385771116E+03	 6.04704537507030E-02
 1.96299659561119E+03	 1.97164651607793E-01
 1.96299933351122E+03	 3.15402058101096E-01
 1.96300207141126E+03	 3.40336016952190E-01
 1.96300480931129E+03	 2.43991993945033E-01
 1.96300754721132E+03	 6.67931016612429E-02
 1.96301028511135E+03	-1.17358380490245E-01
 1.96301302301138E+03	-2.51451064213972E-01
 1.96301576091141E+03	-3.14651188444760E-01
 1.96301849881144E+03	-3.09678901485384E-01
 1.96302123671147E+03	-2.48826730849557E-01
 1.96302397461150E+03	-1.52644970146906E-01
 1.96302671251153E+03	-4.82514381807166E-02
 1.96302945041156E+03	 4.13545310257706E-02
 1.96303218831159E+03	 1.05016550627079E-01
 1.96303492621162E+03	 1.38158669103822E-01
 1.96303766411165E+03	 1.35236934259093E-01
 1.96304040201169E+03	 9.39126163015441E-02
 1.96304313991172E+03	 2.48396201405826E-02
 1.96304587781175E+03	-4.93001321939865E-02
 1.96304861571178E+03	-1.06179345957520E-01
 1.96305135361181E+03	-1.33138197695939E-01
 1.96305409151184E+03	-1.27380848748270E-01
 1.96305682941187E+03	-9.50189624305276E-02
 1.96305956731190E+03	-5.11564121328340E-02
 1.96306230521193E+03	-1.09177900842360E-02
 1.96306504311196E+03	 2.81714722148484E-02
 1.96306778101199E+03	 8.91151429963579E-02
 1.96307051891202E+03	 1.87086036087161E-01
 1.96307325681205E+03	 2.94298312875178E-01
 1.96307599471209E+03	 3.44158231391766E-01
 1.96307873261212E+03	 2.82725609666830E-01
 1.96308147051215E+03	 1.18150465110578E-01
 1.96308420841218E+03	-8.34376189221771E-02
 1.96308694631221E+03	-2.47809384948808E-01
 1.96308968421224E+03	-3.34372771440593E-01
 1.96309242211227E+03	-3.37749476914325E-01
 1.96309516001230E+03	-2.69587080987721E-01
 1.96309789791233E+03	-1.52310981545239E-01
 1.96310063581236E+03	-2.22232291246048E-02
 1.96310337371239E+03	 8.07490009490360E-02
 1.96310611161242E+03	 1.35851930709884E-01
 1.96310884951245E+03	 1.50223086596425E-01
 1.96311158741249E+03	 1.41592930351137E-01
 1.96311432531252E+03	 1.16771230110694E-01
 1.96311706321255E+03	 7.10214404730237E-02
 1.96311980111258E+03	 4.10426306261600E-03
 1.96312253901261E+03	-6.98691121729928E-02
 1.96312527691264E+03	-1.28336366585712E-01
 1.96312801481267E+03	-1.52111924240873E-01
 1.96313075271270E+03	-1.33368240111621E-01
 1.96313349061273E+03	-7.87807308959942E-02
 1.96313622851276E+03	-6.05786890118858E-03
 1.96313896641279E+03	 6.93604460700900E-02
 1.96314170431282E+03	 1.47944577721741E-01
 1.96314444221285E+03	 2.39905303307450E-01
 1.96314718011289E+03	 3.37462304213086E-01
 1.96314991801292E+03	 3.97060097837893E-01
 1.96315265591295E+03	 3.62675832121875E-01
 1.96315539381298E+03	 2.15568258047389E-01
 1.96315813171301E+03	-9.55861463049931E-04
 1.96316086961304E+03	-2.09249523740073E-01
 1.96316360751307E+03	-3.47121957001307E-01
 1.96316634541310E+03	-3.90964528004549E-01
 1.96316908331313E+03	-3.44262893534567E-01
 1.96317182121316E+03	-2.23816766630299E-01
 1.96317455911319E+03	-6.31730671031249E-02
 1.96317729701322E+03	 8.58636972375782E-02
 1.96318003491325E+03	 1.75508157781141E-01
 1.96318277281328E+03	 1.92782827245421E-01
 1.96318551071332E+03	 1.63413693273076E-01
 1.96318824861335E+03	 1.22221220857757E-01
 1.96319098651338E+03	 8.25966423634609E-02
 1.96319372441341E+03	 3.56623564961099E-02
 1.96319646231344E+03	-2.71508833767971E-02
 1.96319920021347E+03	-9.70803162682503E-02
 1.96320193811350E+03	-1.51712493890137E-01
 1.96320467601353E+03	-1.70067906525772E-01
 1.96320741391356E+03	-1.43784118891053E-01
 1.96321015181359E+03	-7.83529524992087E-02
 1.96321288971362E+03	 1.38880571354147E-02
 1.96321562761365E+03	 1.23244193319876E-01
 1.96321836551368E+03	 2.44586170001741E-01
 1.96322110341372E+03	 3.65430518912843E-01
 1.96322384131375E+03	 4.51552354941042E-01
 1.96322657921378E+03	 4.53679648846697E-01
 1.96322931711381E+03	 3.41077213421650E-01
 1.96323205501384E+03	 1.33514116943434E-01
 1.96323479291387E+03	-1.03235521683094E-01
 1.96323753081390E+03	-2.96623808816594E-01
 1.96324026871393E+03	-4.03012135323994E-01
 1.96324300661396E+03	-4.11488535696352E-01
 1.96324574451399E+03	-3.29033724433371E-01
 1.96324848241402E+03	-1.76649743946963E-01
 1.96325122031405E+03	 1.95798973442988E-03
 1.96325395821408E+03	 1.45898267511578E-01
 1.96325669611412E+03	 2.08752532070189E-01
 1.96325943401415E+03	 1.89561260335653E-01
 1.96326217191418E+03	 1.28388628910117E-01
 1.96326490981421E+03	 6.86513890492869E-02
 1.96326764771424E+03	 2.45389689873719E-02
 1.96327038561427E+03	-1.67763740958376E-02
 1.96327312351430E+03	-6.83807150667384E-02
 1.96327586141433E+03	-1.24795129713229E-01
 1.96327859931436E+03	-1.67014618177811E-01
 1.96328133721439E+03	-1.78722997428756E-01
 1.96328407511442E+03	-1.54020875201944E-01
 1.96328681301445E+03	-9.26561635692244E-02
 1.96328955091448E+03	 6.11187571756026E-03
 1.96329228881451E+03	 1.40228557071942E-01
 1.96329502671455E+03	 2.92971281514542E-01
 1.96329776461458E+03	 4.24686915410009E-01
 1.96330050251461E+03	 4.81995724418875E-01
 1.96330324041464E+03	 4.25722642506310E-01
 1.96330597831467E+03	 2.59209659600087E-01
 1.96330871621470E+03	 3.21001198211240E-02
 1.96331145411473E+03	-1.86252389919891E-01
 1.96331419201476E+03	-3.41404083367451E-01
 1.96331692991479E+03	-4.08700841772115E-01
 1.96331966781482E+03	-3.85250217019731E-01
 1.96332240571485E+03	-2.80353814150177E-01
 1.96332514361488E+03	-1.19874447536164E-01
 1.96332788151491E+03	 4.70820730174890E-02
 1.96333061941495E+03	 1.61529081124176E-01
 1.96333335731498E+03	 1.87781631432536E-01
 1.96333609521501E+03	 1.37302776371835E-01
 1.96333883311504E+03	 5.68788720759063E-02
 1.96334157101507E+03	-9.90754502288402E-03
 1.96334430891510E+03	-5.11525000251310E-02
 1.96334704681513E+03	-8.08524449337291E-02
 1.96334978471516E+03	-1.12446812893632E-01
 1.96335252261519E+03	-1.43520197659791E-01
 1.96335526051522E+03	-1.63409905340604E-01
 1.96335799841525E+03	-1.65912415653565E-01
 1.96336073631528E+03	-1.47718058096063E-01
 1.96336347421531E+03	-9.80067729789432E-02
 1.96336621211535E+03	-4.76168058740574E-04
 1.96336895001538E+03	 1.45649333394663E-01
 1.96337168791541E+03	 3.05893839658160E-01
 1.96337442581544E+03	 4.17592749201895E-01
 1.96337716371547E+03	 4.24889081122811E-01
 1.96337990161550E+03	 3.14669097296466E-01
 1.96338263951553E+03	 1.24264675859792E-01
 1.96338537741556E+03	-8.28151998145191E-02
 1.96338811531559E+03	-2.50404863942647E-01
 1.96339085321562E+03	-3.47467592500578E-01
 1.96339359111565E+03	-3.65202532461506E-01
 1.96339632901568E+03	-3.07524888646477E-01
 1.96339906691571E+03	-1.89149809776700E-01
 1.96340180481574E+03	-4.08146338646801E-02
 1.96340454271578E+03	 9.11883596397748E-02
 1.96340728061581E+03	 1.61158975923134E-01
 1.96341001851584E+03	 1.49312660064688E-01
 1.96341275641587E+03	 7.52451159289022E-02
 1.96341549431590E+03	-1.60945951942175E-02
 1.96341823221593E+03	-8.63889175913211E-02
 1.96342097011596E+03	-1.25102677469861E-01
 1.96342370801599E+03	-1.42544281388373E-01
 1.96342644591602E+03	-1.48951210104912E-01
 1.96342918381605E+03	-1.46146683427918E-01
 1.96343192171608E+03	-1.35943911897868E-01
 1.96343465961611E+03	-1.24132263055991E-01
 1.96343739751614E+03	-1.07628526860580E-01
 1.96344013541618E+03	-6.35487039004053E-02
 1.96344287331621E+03	 3.42906334665498E-02
 1.96344561121624E+03	 1.79371710004479E-01
 1.96344834911627E+03	 3.16973807115119E-01
 1.96345108701630E+03	 3.74405416463741E-01
 1.96345382491633E+03	 3.13501353803217E-01
 1.96345656281636E+03	 1.56818472151457E-01
 1.96345930071639E+03	-3.30214474170933E-02
 1.96346203861642E+03	-1.95006062132391E-01
 1.96346477651645E+03	-2.94586018359631E-01
 1.96346751441648E+03	-3.21913634442420E-01
 1.96347025231651E+03	-2.81117594720743E-01
 1.96347299021654E+03	-1.86167496849260E-01
 1.96347572811658E+03	-6.15669064833753E-02
 1.96347846601661E+03	 5.99883076557140E-02
 1.96348120391664E+03	 1.44784224208725E-01
 1.96348394181667E+03	 1.68173863909330E-01
 1.96348667971670E+03	 1.25426770005369E-01
 1.96348941761673E+03	 3.68762117231605E-02
 1.96349215551676E+03	-6.12534032907087E-02
 1.96349489341679E+03	-1.37371301745156E-01
 1.96349763131682E+03	-1.78724143813255E-01
 1.96350036921685E+03	-1.87384650456522E-01
 1.96350310711688E+03	-1.68836196962054E-01
 1.96350584501691E+03	-1.30741068309584E-01
 1.96350858291694E+03	-8.82606094907283E-02
 1.96351132081698E+03	-5.63904398110796E-02
 1.96351405871701E+03	-2.92673940841193E-02
 1.96351679661704E+03	 2.39620125956290E-02
 1.96351953451707E+03	 1.27146059345732E-01
 1.96352227241710E+03	 2.56654882959179E-01
 1.96352501031713E+03	 3.42483272650314E-01
 1.96352774821716E+03	 3.20356863722188E-01
 1.96353048611719E+03	 1.85402667729291E-01
 1.96353322401722E+03	-5.46878834720326E-03
 1.96353596191725E+03	-1.78659641968847E-01
 1.96353869981728E+03	-2.86762548776104E-01
 1.96354143771731E+03	-3.15991251753754E-01
 1.96354417561734E+03	-2.71905239559415E-01
 1.96354691351737E+03	-1.71447004497451E-01
 1.96354965141741E+03	-4.38114818815735E-02
 1.96355238931744E+03	 7.53732912264235E-02
 1.96355512721747E+03	 1.58222326946521E-01
 1.96355786511750E+03	 1.92292642330556E-01
 1.96356060301753E+03	 1.76184026229765E-01
 1.96356334091756E+03	 1.14755069028660E-01
 1.96356607881759E+03	 2.17276717678016E-02
 1.96356881671762E+03	-7.89330940620287E-02
 1.96357155461765E+03	-1.61114405390344E-01
 1.96357429251768E+03	-2.06842819650010E-01
 1.96357703041771E+03	-2.08777885225581E-01
 1.96357976831774E+03	-1.68996927449336E-01
 1.96358250621777E+03	-1.01627976280049E-01
 1.96358524411781E+03	-3.14062073189841E-02
 1.96358798201784E+03	 2.38287103371185E-02
 1.96359071991787E+03	 7.38124664470038E-02
 1.96359345781790E+03	 1.48030078311316E-01
 1.96359619571793E+03	 2.54819956123935E-01
 1.96359893361796E+03	 3.50634136259539E-01
 1.96360167151799E+03	 3.63500493475107E-01
 1.96360440941802E+03	 2.55286226110042E-01
 1.96360714731805E+03	 5.89117139007055E-02
 1.96360988521808E+03	-1.46694671115360E-01
 1.96361262311811E+03	-2.92121077710059E-01
 1.96361536101814E+03	-3.47279071532456E-01
 1.96361809891817E+03	-3.12748448299200E-01
 1.96362083681821E+03	-2.04801384605197E-01
 1.96362357471824E+03	-5.54870935479421E-02
 1.96362631261827E+03	 8.81739761094262E-02
 1.96362905051830E+03	 1.83856833395170E-01
 1.96363178841833E+03	 2.17381373450798E-01
 1.96363452631836E+03	 2.02305765093671E-01
 1.96363726421839E+03	 1.57219184044100E-01
 1.96364000211842E+03	 8.96381134266219E-02
 1.96364274001845E+03	 2.33204074968326E-03
 1.96364547791848E+03	-9.28786311446205E-02
 1.96364821581851E+03	-1.73623582680872E-01
 1.96365095371854E+03	-2.17132788004544E-01
 1.96365369161857E+03	-2.10178029961246E-01
 1.96365642951860E+03	-1.54688008918379E-01
 1.96365916741864E+03	-6.91984280713606E-02
 1.96366190531867E+03	 1.99554890677454E-02
 1.96366464321870E+03	 9.88613064176229E-02
 1.96366738111873E+03	 1.78034146373539E-01
 1.96367011901876E+03	 2.73702414461942E-01
 1.96367285691879E+03	 3.70890625661976E-01
 1.96367559481882E+03	 4.13724930659237E-01
 1.96367833271885E+03	 3.46227048475614E-01
 1.96368107061888E+03	 1.66745578910687E-01
 1.96368380851891E+03	-6.22962352287999E-02
 1.96368654641894E+03	-2.58310438164428E-01
 1.96368928431897E+03	-3.67090274212599E-01
 1.96369202221900E+03	-3.73430600919085E-01
 1.96369476011904E+03	-2.85584654119678E-01
 1.96369749801907E+03	-1.29091234276752E-01
 1.96370023591910E+03	 4.73576673688766E-02
 1.96370297381913E+03	 1.82406667196579E-01
 1.96370571171916E+03	 2.36224540149931E-01
 1.96370844961919E+03	 2.15200332655161E-01
 1.96371118751922E+03	 1.57280403226883E-01
 1.96371392541925E+03	 9.38066200955845E-02
 1.96371666331928E+03	 2.95561368184069E-02
 1.96371940121931E+03	-4.35327545115944E-02
 1.96372213911934E+03	-1.22827569594449E-01
 1.96372487701937E+03	-1.89106939598093E-01
 1.96372761491940E+03	-2.19148177243285E-01
 1.96373035281944E+03	-2.00395312287585E-01
 1.96373309071947E+03	-1.37015722464025E-01
 1.96373582861950E+03	-4.62147001699356E-02
 1.96373856651953E+03	 5.36126873787446E-02
 1.96374130441956E+03	 1.55659994001766E-01
 1.96374404231959E+03	 2.63348147392371E-01
 1.96374678021962E+03	 3.69365429943153E-01
 1.96374951811965E+03	 4.36909868070455E-01
 1.96375225601968E+03	 4.13591775130199E-01
 1.96375499391971E+03	 2.74976579213657E-01
 1.96375773181974E+03	 5.48380147134992E-02
 1.96376046971977E+03	-1.71928334088149E-01
 1.96376320761980E+03	-3.35793868871093E-01
 1.96376594551983E+03	-4.01709208268749E-01
 1.96376868341987E+03	-3.64298587955075E-01
 1.96377142131990E+03	-2.36210868237393E-01
 1.96377415921993E+03	-5.27795037779129E-02
 1.96377689711996E+03	 1.23587021409781E-01
 1.96377963501999E+03	 2.27035399986427E-01
 1.96378237292002E+03	 2.29958024174737E-01
 1.96378511082005E+03	 1.59985932392176E-01
 1.96378784872008E+03	 7.11681267505820E-02
 1.96379058662011E+03	-1.17025929828094E-03
 1.96379332452014E+03	-5.70436900390162E-02
 1.96379606242017E+03	-1.11167263613413E-01
 1.96379880032020E+03	-1.65793623478955E-01
 1.96380153822023E+03	-2.05907330972188E-01
 1.96380427612027E+03	-2.14318250480956E-01
 1.96380701402030E+03	-1.85254879119448E-01
 1.96380975192033E+03	-1.24139258877852E-01
 1.96381248982036E+03	-3.86395294877261E-02
 1.96381522772039E+03	 6.76881978131183E-02
 1.96381796562042E+03	 1.92112735354982E-01
 1.96382070352045E+03	 3.20735070380291E-01
 1.96382344142048E+03	 4.18691946663127E-01
 1.96382617932051E+03	 4.38333040499638E-01
 1.96382891722054E+03	 3.48405920003242E-01
 1.96383165512057E+03	 1.62532498928649E-01
 1.96383439302060E+03	-6.17674451012590E-02
 1.96383713092063E+03	-2.55399822090885E-01
 1.96383986882067E+03	-3.71047484696347E-01
 1.96384260672070E+03	-3.90754091130625E-01
 1.96384534462073E+03	-3.15607545643696E-01
 1.96384808252076E+03	-1.63580873385775E-01
 1.96385082042079E+03	 2.09069927569311E-02
 1.96385355832082E+03	 1.70773750896077E-01
 1.96385629622085E+03	 2.28709732007419E-01
 1.96385903412088E+03	 1.84982118769698E-01
 1.96386177202091E+03	 8.18305275196389E-02
 1.96386450992094E+03	-2.27243032432099E-02
 1.96386724782097E+03	-9.65943378323101E-02
 1.96386998572100E+03	-1.42915882398576E-01
 1.96387272362103E+03	-1.76776205011293E-01
 1.96387546152107E+03	-2.01574955637840E-01
 1.96387819942110E+03	-2.09024088553789E-01
 1.96388093732113E+03	-1.94031367630124E-01
 1.96388367522116E+03	-1.60403190168291E-01
 1.96388641312119E+03	-1.10453708395969E-01
 1.96388915102122E+03	-3.53712360954367E-02
 1.96389188892125E+03	 7.64931585906190E-02
 1.96389462682128E+03	 2.18027820533005E-01
 1.96389736472131E+03	 3.50750440789895E-01
 1.96390010262134E+03	 4.18113132676987E-01
 1.96390284052137E+03	 3.78816953430837E-01
 1.96390557842140E+03	 2.35157082664992E-01
 1.96390831632143E+03	 3.37246361997579E-02
 1.96391105422146E+03	-1.61308494853152E-01
 1.96391379212150E+03	-2.99318627973976E-01
 1.96391653002153E+03	-3.55889387945677E-01
 1.96391926792156E+03	-3.26608109820043E-01
 1.96392200582159E+03	-2.20325724059809E-01
 1.96392474372162E+03	-6.34614605838319E-02
 1.96392748162165E+03	 9.51773993804987E-02
 1.96393021952168E+03	 1.97336203693517E-01
 1.96393295742171E+03	 2.05721563529858E-01
 1.96393569532174E+03	 1.27833681744577E-01
 1.96393843322177E+03	 9.50406333366688E-03
 1.96394117112180E+03	-9.82908348489389E-02
 1.96394390902183E+03	-1.69817555826032E-01
 1.96394664692186E+03	-2.07057177987060E-01
 1.96394938482190E+03	-2.19882049283830E-01
 1.96395212272193E+03	-2.11428222262972E-01
 1.96395486062196E+03	-1.83439351884934E-01
 1.96395759852199E+03	-1.46359592590664E-01
 1.96396033642202E+03	-1.12220075557281E-01
 1.96396307432205E+03	-7.52155768041076E-02
 1.96396581222208E+03	-8.84266905375079E-03
 1.96396855012211E+03	 1.06354692287888E-01
 1.96397128802214E+03	 2.49338133816666E-01
 1.96397402592217E+03	 3.58315799048435E-01
 1.96397676382220E+03	 3.70916851843223E-01
 1.96397950172223E+03	 2.69752240787540E-01
 1.96398223962226E+03	 9.31692538939793E-02
 1.96398497752230E+03	-9.33011837803914E-02
 1.96398771542233E+03	-2.34355865167420E-01
 1.96399045332236E+03	-3.01911054330346E-01
 1.96399319122239E+03	-2.90463086608896E-01
 1.96399592912242E+03	-2.08751801558214E-01
 1.96399866702245E+03	-7.88411952300447E-02
 1.96400140492248E+03	 6.28258484797446E-02
 1.96400414282251E+03	 1.72263673842972E-01
 1.96400688072254E+03	 2.13627968059334E-01
 1.96400961862257E+03	 1.75349535476021E-01
 1.96401235652260E+03	 7.60994474564768E-02
 1.96401509442263E+03	-4.52028939864689E-02
 1.96401783232266E+03	-1.50398030148775E-01
 1.96402057022269E+03	-2.18709142645164E-01
 1.96402330812273E+03	-2.46487053068400E-01
 1.96402604602276E+03	-2.36011156065163E-01
 1.96402878392279E+03	-1.91596532679733E-01
 1.96403152182282E+03	-1.27484288086647E-01
 1.96403425972285E+03	-6.87817548107952E-02
 1.96403699762288E+03	-3.12100026049865E-02
 1.96403973552291E+03	 1.20151240355297E-03
 1.96404247342294E+03	 6.57820429624479E-02
 1.96404521132297E+03	 1.77270650707463E-01
 1.96404794922300E+03	 2.95707549418745E-01
 1.96405068712303E+03	 3.47767709740567E-01
 1.96405342502306E+03	 2.86069717588211E-01
 1.96405616292309E+03	 1.28173932935564E-01
 1.96405890082313E+03	-5.96137531495145E-02
 1.96406163872316E+03	-2.09600078087311E-01
 1.96406437662319E+03	-2.83900739105375E-01
 1.96406711452322E+03	-2.73876137168488E-01
 1.96406985242325E+03	-1.89229905106744E-01
 1.96407259032328E+03	-5.55552096107933E-02
 1.96407532822331E+03	 8.66743247714174E-02
 1.96407806612334E+03	 1.94464935645476E-01
 1.96408080402337E+03	 2.40143186999349E-01
 1.96408354192340E+03	 2.18760131723102E-01
 1.96408627982343E+03	 1.42369957845781E-01
 1.96408901772346E+03	 3.20432461956143E-02
 1.96409175562349E+03	-8.65243181871590E-02
 1.96409449352353E+03	-1.87729239026889E-01
 1.96409723142356E+03	-2.52071719204082E-01
 1.96409996932359E+03	-2.68363816327797E-01
 1.96410270722362E+03	-2.33077152304381E-01
 1.96410544512365E+03	-1.54496076218090E-01
 1.96410818302368E+03	-5.84559435182553E-02
 1.96411092092371E+03	 2.13318647211016E-02
 1.96411365882374E+03	 7.11807011897908E-02
 1.96411639672377E+03	 1.14025286890686E-01
 1.96411913462380E+03	 1.84703338010223E-01
 1.96412187252383E+03	 2.81223258552631E-01
 1.96412461042386E+03	 3.48022702540436E-01
 1.96412734832389E+03	 3.18824511268809E-01
 1.96413008622392E+03	 1.78235516118917E-01
 1.96413282412396E+03	-2.18086715240158E-02
 1.96413556202399E+03	-2.02436343130352E-01
 1.96413829992402E+03	-3.06830213031611E-01
 1.96414103782405E+03	-3.14677376056256E-01
 1.96414377572408E+03	-2.30690978026621E-01
 1.96414651362411E+03	-7.89037307168646E-02
 1.96414925152414E+03	 9.41102883591640E-02
 1.96415198942417E+03	 2.30201755338359E-01
 1.96415472732420E+03	 2.89233921529625E-01
 1.96415746522423E+03	 2.69390263554436E-01
 1.96416020312426E+03	 1.96435418941342E-01
 1.96416294102429E+03	 9.70481499028682E-02
 1.96416567892432E+03	-1.36710376642215E-02
 1.96416841682436E+03	-1.24449430507772E-01
 1.96417115472439E+03	-2.18391697070064E-01
 1.96417389262442E+03	-2.74760781580043E-01
 1.96417663052445E+03	-2.77127231530290E-01
 1.96417936842448E+03	-2.20910440235156E-01
 1.96418210632451E+03	-1.19637552311688E-01
 1.96418484422454E+03	-4.59442045664796E-03
 1.96418758212457E+03	 9.20230119877727E-02
 1.96419032002460E+03	 1.62776392800524E-01
 1.96419305792463E+03	 2.29256105775294E-01
 1.96419579582466E+03	 3.09272234484650E-01
 1.96419853372469E+03	 3.78739786265556E-01
 1.96420127162472E+03	 3.78055305087299E-01
 1.96420400952476E+03	 2.65784616837142E-01
 1.96420674742479E+03	 6.39243885863241E-02
 1.96420948532482E+03	-1.53641462463969E-01
 1.96421222322485E+03	-3.12222343846930E-01
 1.96421496112488E+03	-3.71515005683189E-01
 1.96421769902491E+03	-3.23485382945232E-01
 1.96422043692494E+03	-1.81556351418723E-01
 1.96422317482497E+03	 1.48981315457320E-02
 1.96422591272500E+03	 1.99110545683103E-01
 1.96422865062503E+03	 3.04648770312659E-01
 1.96423138852506E+03	 3.06528844389017E-01
 1.96423412642509E+03	 2.32088759303181E-01
 1.96423686432512E+03	 1.28946195271631E-01
 1.96423960222516E+03	 2.63508567745670E-02
 1.96424234012519E+03	-7.16929729410223E-02
 1.96424507802522E+03	-1.65498006057190E-01
 1.96424781592525E+03	-2.42846518404426E-01
 1.96425055382528E+03	-2.82791414814451E-01
 1.96425329172531E+03	-2.69683643606378E-01
 1.96425602962534E+03	-2.02972907068062E-01
 1.96425876752537E+03	-9.89959747326825E-02
 1.96426150542540E+03	 1.59228884251340E-02
 1.96426424332543E+03	 1.21279989448878E-01
 1.96426698122546E+03	 2.15675679704638E-01
 1.96426971912549E+03	 3.08424795557545E-01
 1.96427245702552E+03	 3.91133799078217E-01
 1.96427519492555E+03	 4.22690082683700E-01
 1.96427793282559E+03	 3.55554907691646E-01
 1.96428067072562E+03	 1.83023173314355E-01
 1.96428340862565E+03	-4.37090258929127E-02
 1.96428614652568E+03	-2.47609171304265E-01
 1.96428888442571E+03	-3.70321376546423E-01
 1.96429162232574E+03	-3.87059251852178E-01
 1.96429436022577E+03	-2.96869067399582E-01
 1.96429709812580E+03	-1.21245254699855E-01
 1.96429983602583E+03	 8.52122843529308E-02
 1.96430257392586E+03	 2.44126553758466E-01
 1.96430531182589E+03	 2.96153928977974E-01
 1.96430804972592E+03	 2.40901075178573E-01
 1.96431078762595E+03	 1.29883466044925E-01
 1.96431352552599E+03	 1.89171762469992E-02
 1.96431626342602E+03	-6.98832574649662E-02
 1.96431900132605E+03	-1.43492706979053E-01
 1.96432173922608E+03	-2.08641214719125E-01
 1.96432447712611E+03	-2.55800477754318E-01
 1.96432721502614E+03	-2.68402597361174E-01
 1.96432995292617E+03	-2.38955775727047E-01
 1.96433269082620E+03	-1.73740204895034E-01
 1.96433542872623E+03	-8.59668254946668E-02
 1.96433816662626E+03	 1.34028738903627E-02
 1.96434090452629E+03	 1.20299555011576E-01
 1.96434364242632E+03	 2.33223559649694E-01
 1.96434638032635E+03	 3.39829246708975E-01
 1.96434911822639E+03	 4.06623303565058E-01
 1.96435185612642E+03	 3.90287592845795E-01
 1.96435459402645E+03	 2.70290758428999E-01
 1.96435733192648E+03	 7.35950548759823E-02
 1.96436006982651E+03	-1.36295214096340E-01
 1.96436280772654E+03	-2.96029962964913E-01
 1.96436554562657E+03	-3.68219645133628E-01
 1.96436828352660E+03	-3.40341661880398E-01
 1.96437102142663E+03	-2.18133346664714E-01
 1.96437375932666E+03	-3.37925785146219E-02
 1.96437649722669E+03	 1.47136664917452E-01
 1.96437923512672E+03	 2.49490272687867E-01
 1.96438197302675E+03	 2.35699409139902E-01
 1.96438471092678E+03	 1.31467286742429E-01
 1.96438744882682E+03	 8.27015770927799E-04
 1.96439018672685E+03	-1.04793137274613E-01
 1.96439292462688E+03	-1.73578065813625E-01
 1.96439566252691E+03	-2.18117897234274E-01
 1.96439840042694E+03	-2.45990528309907E-01
 1.96440113832697E+03	-2.50971542654098E-01
 1.96440387622700E+03	-2.27051045711965E-01
 1.96440661412703E+03	-1.80509504735689E-01
 1.96440935202706E+03	-1.23570690205664E-01
 1.96441208992709E+03	-5.93903547783332E-02
 1.96441482782712E+03	 2.15455039759334E-02
 1.96441756572715E+03	 1.27474479117657E-01
 1.96442030362718E+03	 2.46611294697520E-01
 1.96442304152722E+03	 3.41721778931724E-01
 1.96442577942725E+03	 3.66316430549106E-01
 1.96442851732728E+03	 2.93927024254101E-01
 1.96443125522731E+03	 1.39102190877926E-01
 1.96443399312734E+03	-4.78060496877094E-02
 1.96443673102737E+03	-2.08201944887589E-01
 1.96443946892740E+03	-3.01034322150835E-01
 1.96444220682743E+03	-3.08536476040963E-01
 1.96444494472746E+03	-2.29884955940945E-01
 1.96444768262749E+03	-8.25323706408224E-02
 1.96445042052752E+03	 8.86998253102841E-02
 1.96445315842755E+03	 2.17296770677459E-01
 1.96445589632758E+03	 2.47489401530294E-01
 1.96445863422762E+03	 1.70936486798954E-01
 1.96446137212765E+03	 3.17488449983883E-02
 1.96446411002768E+03	-1.07397275999448E-01
 1.96446684792771E+03	-2.06402001311912E-01
 1.96446958582774E+03	-2.60009094055859E-01
 1.96447232372777E+03	-2.78620971880098E-01
 1.96447506162780E+03	-2.66933395295280E-01
 1.96447779952783E+03	-2.24675310486676E-01
 1.96448053742786E+03	-1.61350419400176E-01
 1.96448327532789E+03	-9.82549934459633E-02
 1.96448601322792E+03	-4.91670845460728E-02
 1.96448875112795E+03	-2.51123648603361E-03
 1.96449148902798E+03	 6.86039377255630E-02
 1.96449422692801E+03	 1.73266033750986E-01
 1.96449696482805E+03	 2.80568842109192E-01
 1.96449970272808E+03	 3.34317614540521E-01
 1.96450244062811E+03	 2.93749935921812E-01
 1.96450517852814E+03	 1.64149864878349E-01
 1.96450791642817E+03	-7.22227820880373E-03
 1.96451065432820E+03	-1.61299235515239E-01
 1.96451339222823E+03	-2.55109418012566E-01
 1.96451613012826E+03	-2.69539938135075E-01
 1.96451886802829E+03	-2.03682724717181E-01
 1.96452160592832E+03	-7.24983737555089E-02
 1.96452434382835E+03	 8.87081281026916E-02
 1.96452708172838E+03	 2.26251496616357E-01
 1.96452981962841E+03	 2.87227185947445E-01
 1.96453255752845E+03	 2.47161541688773E-01
 1.96453529542848E+03	 1.24298610508880E-01
 1.96453803332851E+03	-3.25017443330366E-02
 1.96454077122854E+03	-1.73036651407968E-01
 1.96454350912857E+03	-2.68882360139067E-01
 1.96454624702860E+03	-3.14410684640138E-01
 1.96454898492863E+03	-3.12111919248619E-01
 1.96455172282866E+03	-2.63700798076951E-01
 1.96455446072869E+03	-1.78119087399394E-01
 1.96455719862872E+03	-8.14755300041826E-02
 1.96455993652875E+03	-5.86525564803688E-03
 1.96456267442878E+03	 3.95016463595389E-02
 1.96456541232881E+03	 8.08497218511782E-02
 1.96456815022885E+03	 1.52222356656495E-01
 1.96457088812888E+03	 2.50829932983625E-01
 1.96457362602891E+03	 3.25261526569454E-01
 1.96457636392894E+03	 3.14716405955352E-01
 1.96457910182897E+03	 2.01646832720076E-01
 1.96458183972900E+03	 2.67048506622725E-02
 1.96458457762903E+03	-1.42396211676327E-01
 1.96458731552906E+03	-2.51314263354319E-01
 1.96459005342909E+03	-2.74752153712712E-01
 1.96459279132912E+03	-2.10382898704812E-01
 1.96459552922915E+03	-7.40052939745628E-02
 1.96459826712918E+03	 9.74862906137721E-02
 1.96460100502921E+03	 2.50092853302815E-01
 1.96460374292925E+03	 3.32858514680118E-01
 1.96460648082928E+03	 3.21438239316391E-01
 1.96460921872931E+03	 2.26041573348905E-01
 1.96461195662934E+03	 8.05213979924150E-02
 1.96461469452937E+03	-7.53716161186638E-02
 1.96461743242940E+03	-2.09093089387049E-01
 1.96462017032943E+03	-3.00095424893116E-01
 1.96462290822946E+03	-3.37398042602606E-01
 1.96462564612949E+03	-3.15296844069534E-01
 1.96462838402952E+03	-2.35900021404800E-01
 1.96463112192955E+03	-1.18944394837218E-01
 1.96463385982958E+03	-2.76451743669037E-03
 1.96463659772961E+03	 7.82419390878429E-02
 1.96463933562964E+03	 1.24136891033407E-01
 1.96464207352968E+03	 1.69834910144626E-01
 1.96464481142971E+03	 2.43332634560421E-01
 1.96464754932974E+03	 3.22934373800067E-01
 1.96465028722977E+03	 3.45574294437511E-01
 1.96465302512980E+03	 2.63661291456175E-01
 1.96465576302983E+03	 9.15859441336779E-02
 1.96465850092986E+03	-1.04015553342025E-01
 1.96466123882989E+03	-2.51946707190488E-01
 1.96466397672992E+03	-3.10395146423781E-01
 1.96466671462995E+03	-2.67590107606494E-01
 1.96466945252998E+03	-1.33623804755292E-01
 1.96467219043001E+03	 5.60157478363943E-02
 1.96467492833004E+03	 2.39767510150630E-01
 1.96467766623008E+03	 3.53249299993508E-01
 1.96468040413011E+03	 3.64384598198957E-01
 1.96468314203014E+03	 2.86401340299514E-01
 1.96468587993017E+03	 1.57670140234661E-01
 1.96468861783020E+03	 1.33180222372810E-02
 1.96469135573023E+03	-1.24695284923644E-01
 1.96469409363026E+03	-2.40300253317041E-01
 1.96469683153029E+03	-3.16497463486696E-01
 1.96469956943032E+03	-3.37093987100509E-01
 1.96470230733035E+03	-2.93277045405858E-01
 1.96470504523038E+03	-1.91796333172476E-01
 1.96470778313041E+03	-6.06855844003718E-02
 1.96471052103044E+03	 5.89618533525280E-02
 1.96471325893048E+03	 1.39717201209510E-01
 1.96471599683051E+03	 1.90690226636160E-01
 1.96471873473054E+03	 2.44379744682440E-01
 1.96472147263057E+03	 3.11720137999702E-01
 1.96472421053060E+03	 3.54754334474727E-01
 1.96472694843063E+03	 3.15175098476942E-01
 1.96472968633066E+03	 1.72728034892217E-01
 1.96473242423069E+03	-2.95781326459527E-02
 1.96473516213072E+03	-2.16599624375886E-01
 1.96473790003075E+03	-3.27936673446484E-01
 1.96474063793078E+03	-3.35173584049330E-01
 1.96474337583081E+03	-2.34731320520116E-01
 1.96474611373084E+03	-4.87842979092755E-02
 1.96474885163087E+03	 1.64726151197334E-01
 1.96475158953091E+03	 3.24983855679251E-01
 1.96475432743094E+03	 3.73004860892462E-01
 1.96475706533097E+03	 3.08828203215106E-01
 1.96475980323100E+03	 1.81256469852773E-01
 1.96476254113103E+03	 4.26877421340680E-02
 1.96476527903106E+03	-8.23204303159911E-02
 1.96476801693109E+03	-1.90396603110016E-01
 1.96477075483112E+03	-2.76337149456471E-01
 1.96477349273115E+03	-3.24553495138620E-01
 1.96477623063118E+03	-3.18705168851615E-01
 1.96477896853121E+03	-2.54182463095096E-01
 1.96478170643124E+03	-1.44058227693120E-01
 1.96478444433127E+03	-1.72540922661289E-02
 1.96478718223131E+03	 9.40310079252544E-02
 1.96478992013134E+03	 1.74880527967287E-01
 1.96479265803137E+03	 2.36610342239751E-01
 1.96479539593140E+03	 2.96345713904721E-01
 1.96479813383143E+03	 3.43641487396373E-01
 1.96480087173146E+03	 3.35910526160003E-01
 1.96480360963148E+03	 2.36778207640442E-01
 1.96480634753152E+03	 5.80291425393028E-02
 1.96480908543155E+03	-1.41592959986337E-01
 1.96481182333158E+03	-2.95566504979017E-01
 1.96481456123161E+03	-3.60816685798935E-01
 1.96481729913164E+03	-3.19071402134489E-01
 1.96482003703167E+03	-1.73236010828589E-01
 1.96482277493171E+03	 3.95385494016898E-02
 1.96482551283174E+03	 2.41263731257949E-01
 1.96482825073177E+03	 3.46297225471809E-01
 1.96483098863180E+03	 3.17989060147333E-01
 1.96483372653183E+03	 1.91854807565744E-01
 1.96483646443186E+03	 3.91000585342205E-02
 1.96483920233189E+03	-8.99301490537289E-02
 1.96484194023192E+03	-1.86211425493019E-01
 1.96484467813195E+03	-2.58748226802874E-01
 1.96484741603198E+03	-3.06553159963037E-01
 1.96485015393201E+03	-3.16659323521737E-01
 1.96485289183204E+03	-2.80116226056627E-01
 1.96485562973207E+03	-2.02294158882567E-01
 1.96485836763211E+03	-9.99137276655631E-02
 1.96486110553214E+03	 7.52183813480373E-03
 1.96486384343217E+03	 1.05931021111325E-01
 1.96486658133220E+03	 1.91680635405072E-01
 1.96486931923223E+03	 2.66998687541881E-01
 1.96487205713226E+03	 3.24512410212058E-01
 1.96487479503229E+03	 3.37379293779284E-01
 1.96487753293232E+03	 2.74424463280865E-01
 1.96488027083235E+03	 1.31845149000443E-01
 1.96488300873238E+03	-5.26694619348357E-02
 1.96488574663241E+03	-2.20624136871757E-01
 1.96488848453244E+03	-3.24205080625337E-01
 1.96489122243247E+03	-3.37053275670877E-01
 1.96489396033250E+03	-2.49226026444489E-01
 1.96489669823254E+03	-7.40016132635154E-02
 1.96489943613257E+03	 1.34475284580290E-01
 1.96490217403260E+03	 2.88986002128811E-01
 1.96490491193263E+03	 3.18699347775674E-01
 1.96490764983266E+03	 2.20179679314266E-01
 1.96491038773269E+03	 5.59839728230794E-02
 1.96491312563272E+03	-9.89891676039675E-02
 1.96491586353275E+03	-2.07809139216892E-01
 1.96491860143278E+03	-2.73976451948404E-01
 1.96492133933281E+03	-3.09551326055352E-01
 1.96492407723284E+03	-3.13602886073739E-01
 1.96492681513287E+03	-2.80076138311972E-01
 1.96492955303290E+03	-2.14450250559013E-01
 1.96493229093294E+03	-1.34015861488619E-01
 1.96493502883297E+03	-5.31164520963790E-02
 1.96493776673300E+03	 2.70773984074493E-02
 1.96494050463303E+03	 1.13197374498654E-01
 1.96494324253306E+03	 2.05300608564390E-01
 1.96494598043309E+03	 2.86488373839508E-01
 1.96494871833312E+03	 3.25198945571672E-01
 1.96495145623315E+03	 2.91661678473144E-01
 1.96495419413318E+03	 1.80104682355859E-01
 1.96495693203321E+03	 1.92034886262657E-02
 1.96495966993324E+03	-1.40913067496568E-01
 1.96496240783327E+03	-2.54261749429724E-01
 1.96496514573330E+03	-2.93357894695246E-01
 1.96496788363334E+03	-2.46134576357314E-01
 1.96497062153337E+03	-1.14912266867672E-01
 1.96497335943340E+03	 6.96909546454747E-02
 1.96497609733343E+03	 2.40303133517587E-01
 1.96497883523346E+03	 3.18704618573613E-01
 1.96498157313349E+03	 2.66681053313236E-01
 1.96498431103352E+03	 1.14345433340912E-01
 1.96498704893355E+03	-6.49783578813282E-02
 1.96498978683358E+03	-2.08736095207423E-01
 1.96499252473361E+03	-2.96007990876413E-01
 1.96499526263364E+03	-3.34602241308505E-01
 1.96499800053367E+03	-3.32197506632095E-01
 1.96500073843370E+03	-2.88247660502384E-01
 1.96500347633373E+03	-2.09193117282074E-01
 1.96500621423377E+03	-1.18733128582656E-01
 1.96500895213380E+03	-4.36433755700204E-02
 1.96501169003383E+03	 1.06052093716883E-02
 1.96501442793386E+03	 6.43429021662737E-02
 1.96501716583389E+03	 1.39324250108672E-01
 1.96501990373392E+03	 2.29134162941578E-01
 1.96502264163395E+03	 2.94977727872062E-01
 1.96502537953398E+03	 2.92440580688843E-01
 1.96502811743401E+03	 2.05652323345552E-01
 1.96503085533404E+03	 6.02565427876692E-02
 1.96503359323407E+03	-9.27010643038185E-02
 1.96503633113410E+03	-2.04882765312110E-01
 1.96503906903413E+03	-2.47383439045251E-01
 1.96504180693417E+03	-2.09639498990487E-01
 1.96504454483420E+03	-9.49788204394553E-02
 1.96504728273423E+03	 7.32279650063164E-02
 1.96505002063426E+03	 2.43175121805791E-01
 1.96505275853429E+03	 3.46309377670566E-01
 1.96505549643432E+03	 3.33361709789340E-01
 1.96505823433435E+03	 2.07321503144089E-01
 1.96506097223438E+03	 2.14384494495604E-02
 1.96506371013441E+03	-1.57421935423904E-01
 1.96506644803444E+03	-2.86590536873323E-01
 1.96506918593447E+03	-3.55907133200149E-01
 1.96507192383450E+03	-3.69240913108893E-01
 1.96507466173453E+03	-3.27798891875275E-01
 1.96507739963457E+03	-2.35369528282385E-01
 1.96508013753460E+03	-1.14502257206479E-01
 1.96508287543463E+03	-5.35787951385744E-03
 1.96508561333466E+03	 6.19362942278822E-02
 1.96508835123469E+03	 9.47182274803917E-02
 1.96509108913472E+03	 1.30120495153362E-01
 1.96509382703475E+03	 1.93284814346094E-01
 1.96509656493478E+03	 2.63731003748017E-01
 1.96509930283481E+03	 2.87695161239593E-01
 1.96510204073484E+03	 2.25741633738465E-01
 1.96510477863487E+03	 8.82092587140766E-02
 1.96510751653490E+03	-7.26313678652329E-02
 1.96511025443493E+03	-1.98374945652681E-01
 1.96511299233496E+03	-2.51223431418006E-01
 1.96511573023500E+03	-2.16566104634734E-01
 1.96511846813503E+03	-9.74059423285767E-02
 1.96512120603506E+03	 8.19682643192721E-02
 1.96512394393509E+03	 2.69882076506562E-01
 1.96512668183512E+03	 3.98762785414244E-01
 1.96512941973515E+03	 4.16957079503985E-01
 1.96513215763518E+03	 3.17655381320674E-01
 1.96513489553521E+03	 1.40120273969616E-01
 1.96513763343524E+03	-5.65862067472758E-02
 1.96514037133527E+03	-2.24220504681267E-01
 1.96514310923530E+03	-3.38454786605266E-01
 1.96514584713533E+03	-3.91777989103157E-01
 1.96514858503536E+03	-3.80541688010063E-01
 1.96515132293540E+03	-3.02908140245184E-01
 1.96515406083543E+03	-1.71168960916883E-01
 1.96515679873546E+03	-2.22201329542515E-02
 1.96515953663549E+03	 9.54221669789372E-02
 1.96516227453552E+03	 1.56203775833512E-01
 1.96516501243555E+03	 1.79566950986012E-01
 1.96516775033558E+03	 2.08087455380084E-01
 1.96517048823561E+03	 2.57396206064507E-01
 1.96517322613564E+03	 2.91967692755965E-01
 1.96517596403567E+03	 2.57078718456529E-01
 1.96517870193570E+03	 1.34091251273149E-01
 1.96518143983573E+03	-3.90184429767303E-02
 1.96518417773576E+03	-1.96887528778189E-01
 1.96518691563580E+03	-2.86820860355649E-01
 1.96518965353583E+03	-2.82310576632489E-01
 1.96519239143586E+03	-1.77169773812745E-01
 1.96519512933589E+03	 1.18408918581574E-02
 1.96519786723592E+03	 2.33520939782069E-01
 1.96520060513595E+03	 4.09805747684784E-01
 1.96520334303598E+03	 4.73520857032806E-01
 1.96520608093601E+03	 4.07315155310892E-01
 1.96520881883604E+03	 2.47498046921043E-01
 1.96521155673607E+03	 5.26706906384235E-02
 1.96521429463610E+03	-1.29941507456032E-01
 1.96521703253613E+03	-2.74777867033291E-01
 1.96521977043616E+03	-3.68971602041326E-01
 1.96522250833620E+03	-4.02356268315870E-01
 1.96522524623623E+03	-3.66582753811134E-01
 1.96522798413626E+03	-2.62909371960918E-01
 1.96523072203629E+03	-1.12822146944835E-01
 1.96523345993632E+03	 4.06971302880828E-02
 1.96523619783635E+03	 1.53010656690380E-01
 1.96523893573638E+03	 2.09477698815740E-01
 1.96524167363641E+03	 2.35639320452817E-01
 1.96524441153644E+03	 2.65704226627907E-01
 1.96524714943647E+03	 2.97778790339059E-01
 1.96524988733650E+03	 2.88324225913502E-01
 1.96525262523653E+03	 1.96925342899881E-01
 1.96525536313656E+03	 3.22438611065368E-02
 1.96525810103659E+03	-1.50198489437596E-01
 1.96526083893663E+03	-2.87925811424225E-01
 1.96526357683666E+03	-3.40268806691597E-01
 1.96526631473669E+03	-2.87583534246662E-01
 1.96526905263672E+03	-1.29089010634228E-01
 1.96527179053675E+03	 1.00749989001168E-01
 1.96527452843678E+03	 3.23473101616554E-01
 1.96527726633681E+03	 4.48966234193598E-01
 1.96528000423684E+03	 4.32131683505493E-01
 1.96528274213687E+03	 2.98760354605952E-01
 1.96528548003690E+03	 1.15390711010826E-01
 1.96528821793693E+03	-6.15341880617004E-02
 1.96529095583696E+03	-2.07573428823116E-01
 1.96529369373699E+03	-3.16008795001871E-01
 1.96529643163703E+03	-3.78300192963915E-01
 1.96529916953706E+03	-3.82250191554516E-01
 1.96530190743709E+03	-3.22286365845493E-01
 1.96530464533712E+03	-2.07865333518357E-01
 1.96530738323715E+03	-6.53861138887359E-02
 1.96531012113718E+03	 6.82454665752365E-02
 1.96531285903721E+03	 1.63456114766143E-01
 1.96531559693724E+03	 2.17487003606120E-01
 1.96531833483727E+03	 2.51956023473102E-01
 1.96532107273730E+03	 2.82183669856259E-01
 1.96532381063733E+03	 2.90106916907025E-01
 1.96532654853736E+03	 2.37369305504475E-01
 1.96532928643739E+03	 1.08534228644866E-01
 1.96533202433743E+03	-6.51447828073619E-02
 1.96533476223746E+03	-2.26520191635836E-01
 1.96533750013749E+03	-3.27352443760256E-01
 1.96534023803752E+03	-3.38566774985360E-01
 1.96534297593755E+03	-2.44229622997706E-01
 1.96534571383758E+03	-5.27279485522653E-02
 1.96534845173761E+03	 1.79328312260272E-01
 1.96535118963764E+03	 3.55442554931283E-01
 1.96535392753767E+03	 3.96420309563996E-01
 1.96535666543770E+03	 2.96916507616228E-01
 1.96535940333773E+03	 1.21560823707790E-01
 1.96536214123776E+03	-5.35048883605068E-02
 1.96536487913779E+03	-1.90261996501774E-01
 1.96536761703782E+03	-2.87148304067260E-01
 1.96537035493786E+03	-3.47559475928201E-01
 1.96537309283789E+03	-3.63758428323828E-01
 1.96537583073792E+03	-3.27569970563080E-01
 1.96537856863795E+03	-2.44514525630683E-01
 1.96538130653798E+03	-1.33613539178040E-01
 1.96538404443801E+03	-1.83154615218671E-02
 1.96538678233804E+03	 8.15574158573718E-02
 1.96538952023807E+03	 1.56194258039727E-01
 1.96539225813810E+03	 2.08659067446972E-01
 1.96539499603813E+03	 2.46156237642841E-01
 1.96539773393816E+03	 2.62769047429989E-01
 1.96540047183819E+03	 2.35287857175428E-01
 1.96540320973822E+03	 1.44933347519993E-01
 1.96540594763826E+03	 3.71682155529013E-03
 1.96540868553829E+03	-1.46572309154118E-01
 1.96541142343832E+03	-2.60603127323376E-01
 1.96541416133835E+03	-3.07538042093976E-01
 1.96541689923838E+03	-2.67289858276386E-01
 1.96541963713841E+03	-1.31226296391152E-01
 1.96542237503844E+03	 7.40259868073838E-02
 1.96542511293847E+03	 2.70302281916865E-01
 1.96542785083850E+03	 3.61534437228915E-01
 1.96543058873853E+03	 3.02085670247775E-01
 1.96543332663856E+03	 1.31539726126157E-01
 1.96543606453859E+03	-6.27182814184401E-02
 1.96543880243862E+03	-2.14249211487458E-01
 1.96544154033866E+03	-3.07967689324730E-01
 1.96544427823869E+03	-3.55812895761555E-01
 1.96544701613872E+03	-3.62554692782633E-01
 1.96544975403875E+03	-3.22825384661808E-01
 1.96545249193878E+03	-2.40724426768941E-01
 1.96545522983881E+03	-1.38025067716869E-01
 1.96545796773884E+03	-4.00852606556394E-02
 1.96546070563887E+03	 4.10760151623757E-02
 1.96546344353890E+03	 1.08114768711048E-01
 1.96546618143893E+03	 1.67009018058556E-01
 1.96546891933896E+03	 2.15992918411570E-01
 1.96547165723899E+03	 2.41739639082293E-01
 1.96547439513902E+03	 2.24348084956517E-01
 1.96547713303905E+03	 1.51197100998594E-01
 1.96547987093909E+03	 3.20753936907528E-02
 1.96548260883912E+03	-9.97126184129165E-02
 1.96548534673915E+03	-2.04580773256371E-01
 1.96548808463918E+03	-2.54257851888110E-01
 1.96549082253921E+03	-2.32229992570490E-01
 1.96549356043924E+03	-1.28283631845555E-01
 1.96549629833927E+03	 4.85803770216522E-02
 1.96549903623930E+03	 2.46201992284672E-01
 1.96550177413933E+03	 3.75321600111996E-01
 1.96550451203936E+03	 3.63148866541857E-01
 1.96550724993939E+03	 2.10450650339506E-01
 1.96550998783942E+03	-8.43957594154999E-03
 1.96551272573945E+03	-2.04763136387796E-01
 1.96551546363949E+03	-3.32589154013754E-01
 1.96551820153952E+03	-3.92974589154729E-01
 1.96552093943955E+03	-3.98958544808414E-01
 1.96552367733958E+03	-3.52577647038776E-01
 1.96552641523961E+03	-2.56280418224596E-01
 1.96552915313964E+03	-1.32586858519130E-01
 1.96553189103967E+03	-1.88610498570376E-02
 1.96553462893970E+03	 6.01228209268792E-02
 1.96553736683973E+03	 1.09911960449909E-01
 1.96554010473976E+03	 1.53770134452043E-01
 1.96554284263979E+03	 2.03274446137205E-01
 1.96554558053982E+03	 2.42294126873097E-01
 1.96554831843985E+03	 2.38894605691888E-01
 1.96555105633989E+03	 1.72772979789593E-01
 1.96555379423992E+03	 5.41727132779280E-02
 1.96555653213995E+03	-7.99243002612589E-02
 1.96555927003998E+03	-1.86727462507700E-01
 1.96556200794001E+03	-2.36462530524609E-01
 1.96556474584004E+03	-2.14818301185339E-01
 1.96556748374007E+03	-1.15929212303427E-01
 1.96557022164010E+03	 5.37052073261436E-02
 1.96557295954013E+03	 2.56625246977496E-01
 1.96557569744016E+03	 4.18034239506220E-01
 1.96557843534019E+03	 4.58101559878583E-01
 1.96558117324022E+03	 3.46546353697823E-01
 1.96558391114025E+03	 1.28094188648624E-01
 1.96558664904029E+03	-1.09573767710552E-01
 1.96558938694032E+03	-2.94782545590518E-01
 1.96559212484035E+03	-4.02457534084932E-01
 1.96559486274038E+03	-4.38128674543106E-01
 1.96559760064041E+03	-4.07974815641373E-01
 1.96560033854044E+03	-3.13494084797176E-01
 1.96560307644047E+03	-1.70726506275790E-01
 1.96560581434050E+03	-2.09891270199372E-02
 1.96560855224053E+03	 8.95622441872298E-02
 1.96561129014056E+03	 1.44791363531360E-01
 1.96561402804059E+03	 1.69229079626865E-01
 1.96561676594062E+03	 1.98746041883948E-01
 1.96561950384065E+03	 2.39473725491644E-01
 1.96562224174068E+03	 2.58154996424537E-01
 1.96562497964072E+03	 2.14280697641982E-01
 1.96562771754075E+03	 1.00498062700413E-01
 1.96563045544078E+03	-4.79645458112702E-02
 1.96563319334081E+03	-1.78448781383173E-01
 1.96563593124084E+03	-2.50506923382447E-01
 1.96563866914087E+03	-2.44219304852680E-01
 1.96564140704090E+03	-1.52566303862265E-01
 1.96564414494093E+03	 1.87121899773828E-02
 1.96564688284096E+03	 2.36427893637006E-01
 1.96564962074099E+03	 4.31940982699223E-01
 1.96565235864102E+03	 5.24327203084735E-01
 1.96565509654105E+03	 4.67199133560695E-01
 1.96565783444108E+03	 2.80214741409841E-01
 1.96566057234112E+03	 3.52003492492910E-02
 1.96566331024115E+03	-1.90475733366406E-01
 1.96566604814118E+03	-3.51514190051467E-01
 1.96566878604121E+03	-4.36666390332182E-01
 1.96567152394124E+03	-4.47083990450375E-01
 1.96567426184127E+03	-3.82311133660818E-01
 1.96567699974130E+03	-2.49248311370801E-01
 1.96567973764133E+03	-7.92393667832340E-02
 1.96568247554136E+03	 7.43963581047291E-02
 1.96568521344139E+03	 1.67181102907171E-01
 1.96568795134142E+03	 1.96987085844698E-01
 1.96569068924145E+03	 2.02458457509147E-01
 1.96569342714148E+03	 2.20728975138502E-01
 1.96569616504152E+03	 2.45800288569538E-01
 1.96569890294155E+03	 2.33541338402369E-01
 1.96570164084158E+03	 1.49008484336004E-01
 1.96570437874161E+03	 4.61034018639094E-03
 1.96570711664164E+03	-1.48434370001349E-01
 1.96570985454167E+03	-2.57368251787388E-01
 1.96571259244170E+03	-2.90262721783418E-01
 1.96571533034173E+03	-2.31503879032161E-01
 1.96571806824176E+03	-7.75870819917785E-02
 1.96572080614179E+03	 1.47386561638853E-01
 1.96572354404182E+03	 3.77102306153275E-01
 1.96572628194185E+03	 5.22376315356870E-01
 1.96572901984188E+03	 5.21317512414647E-01
 1.96573175774191E+03	 3.77638454221611E-01
 1.96573449564195E+03	 1.52339057567016E-01
 1.96573723354198E+03	-7.99209735394683E-02
 1.96573997144201E+03	-2.68475148568768E-01
 1.96574270934204E+03	-3.92724596216459E-01
 1.96574544724207E+03	-4.46403851800822E-01
 1.96574818514210E+03	-4.24767928462414E-01
 1.96575092304213E+03	-3.27453874841870E-01
 1.96575366094216E+03	-1.71429212500401E-01
 1.96575639884219E+03	 1.73801548001751E-03
 1.96575913674222E+03	 1.38876203978685E-01
 1.96576187464225E+03	 2.06869631451915E-01
 1.96576461254228E+03	 2.16808221237827E-01
 1.96576735044231E+03	 2.10618502093118E-01
 1.96577008834235E+03	 2.15790907585983E-01
 1.96577282624238E+03	 2.14804724933717E-01
 1.96577556414241E+03	 1.65580381846226E-01
 1.96577830204244E+03	 5.08271461594625E-02
 1.96578103994247E+03	-9.97233466126601E-02
 1.96578377784250E+03	-2.33693349468270E-01
 1.96578651574253E+03	-3.09665138025603E-01
 1.96578925364256E+03	-3.02875543374337E-01
 1.96579199154259E+03	-1.96563427134110E-01
 1.96579472944262E+03	 5.85814609306903E-03
 1.96579746734265E+03	 2.53386280442019E-01
 1.96580020524268E+03	 4.50463781467493E-01
 1.96580294314271E+03	 5.09833421273110E-01
 1.96580568104275E+03	 4.11576603362897E-01
 1.96580841894278E+03	 2.10089314419514E-01
 1.96581115684281E+03	-1.39879898627508E-02
 1.96581389474284E+03	-2.04674782737059E-01
 1.96581663264287E+03	-3.41505883486586E-01
 1.96581937054290E+03	-4.19144686771404E-01
 1.96582210844293E+03	-4.30961282261055E-01
 1.96582484634296E+03	-3.72071795309188E-01
 1.96582758424299E+03	-2.50503413269869E-01
 1.96583032214302E+03	-9.27525073361866E-02
 1.96583306004305E+03	 6.04051869675324E-02
 1.96583579794308E+03	 1.68989448173161E-01
 1.96583853584311E+03	 2.15880300870138E-01
 1.96584127374314E+03	 2.17744635181672E-01
 1.96584401164318E+03	 2.06532772611754E-01
 1.96584674954321E+03	 1.93964366705515E-01
 1.96584948744324E+03	 1.58803517221595E-01
 1.96585222534327E+03	 7.49799884614509E-02
 1.96585496324330E+03	-5.23731412696574E-02
 1.96585770114333E+03	-1.85902852047973E-01
 1.96586043904336E+03	-2.84871394221308E-01
 1.96586317694339E+03	-3.21877733315020E-01
 1.96586591484342E+03	-2.74406914987984E-01
 1.96586865274345E+03	-1.25636240268689E-01
 1.96587139064348E+03	 1.04240531402485E-01
 1.96587412854351E+03	 3.34268210325658E-01
 1.96587686644354E+03	 4.56777977232020E-01
 1.96587960434358E+03	 4.13075014528814E-01
 1.96588234224361E+03	 2.35552610409086E-01
 1.96588508014364E+03	 1.29658949123842E-02
 1.96588781804367E+03	-1.79764936949363E-01
 1.96589055594370E+03	-3.15606493992093E-01
 1.96589329384373E+03	-3.95857988766570E-01
 1.96589603174376E+03	-4.19855920472319E-01
 1.96589876964379E+03	-3.81798788974778E-01
 1.96590150754382E+03	-2.86312896191490E-01
 1.96590424544385E+03	-1.55006241132795E-01
 1.96590698334388E+03	-1.77367371935722E-02
 1.96590972124391E+03	 9.82993596133534E-02
 1.96591245914394E+03	 1.75232318132388E-01
 1.96591519704398E+03	 2.09781941593997E-01
 1.96591793494401E+03	 2.13011844896659E-01
 1.96592067284404E+03	 1.97284823552769E-01
 1.96592341074407E+03	 1.60508426123340E-01
 1.96592614864410E+03	 8.95967690181630E-02
 1.96592888654413E+03	-1.68193886809732E-02
 1.96593162444416E+03	-1.35512723931107E-01
 1.96593436234419E+03	-2.33146009097000E-01
 1.96593710024422E+03	-2.85761821486696E-01
 1.96593983814425E+03	-2.75845112711376E-01
 1.96594257604428E+03	-1.82028047315373E-01
 1.96594531394431E+03	 2.26001336017644E-03
 1.96594805184434E+03	 2.29833100773264E-01
 1.96595078974438E+03	 3.98575258286535E-01
 1.96595352764441E+03	 4.15655563222729E-01
 1.96595626554444E+03	 2.71413078301631E-01
 1.96595900344447E+03	 4.39359075309771E-02
 1.96596174134450E+03	-1.69252404340300E-01
 1.96596447924453E+03	-3.16973056332196E-01
 1.96596721714456E+03	-3.97697908277990E-01
 1.96596995504459E+03	-4.20850632733437E-01
 1.96597269294462E+03	-3.85166525305331E-01
 1.96597543084465E+03	-2.92831595340684E-01
 1.96597816874468E+03	-1.66649880413279E-01
 1.96598090664471E+03	-4.14499190766356E-02
 1.96598364454474E+03	 5.86494994205917E-02
 1.96598638244477E+03	 1.29400368518849E-01
 1.96598912034481E+03	 1.76577162172969E-01
 1.96599185824484E+03	 2.03324265138390E-01
 1.96599459614487E+03	 2.06034789324804E-01
 1.96599733404490E+03	 1.76720245311542E-01
 1.96600007194493E+03	 1.09211445739154E-01
 1.96600280984496E+03	 8.99552062812417E-03
 1.96600554774499E+03	-1.01221903691794E-01
 1.96600828564502E+03	-1.90799847756531E-01
 1.96601102354505E+03	-2.37958160276920E-01
 1.96601376144508E+03	-2.32305752084216E-01
 1.96601649934511E+03	-1.61742507970374E-01
 1.96601923724514E+03	-1.37510408562192E-02
 1.96602197514517E+03	 1.92661345019614E-01
 1.96602471304521E+03	 3.81335454490421E-01
 1.96602745094524E+03	 4.50530098049549E-01
 1.96603018884527E+03	 3.49464846204980E-01
 1.96603292674530E+03	 1.23095170925512E-01
 1.96603566464533E+03	-1.25278534041793E-01
 1.96603840254536E+03	-3.12912369466834E-01
 1.96604114044539E+03	-4.16694404970886E-01
 1.96604387834542E+03	-4.48052135211009E-01
 1.96604661624545E+03	-4.14070244110924E-01
 1.96604935414548E+03	-3.15363873254806E-01
 1.96605209204551E+03	-1.70822069770921E-01
 1.96605482994554E+03	-2.43492316539630E-02
 1.96605756784557E+03	 8.20268520403628E-02
 1.96606030574561E+03	 1.38197523263061E-01
 1.96606304364564E+03	 1.65133100467267E-01
 1.96606578154567E+03	 1.86091895748413E-01
 1.96606851944570E+03	 2.01577816254354E-01
 1.96607125734573E+03	 1.90872971515360E-01
 1.96607399524576E+03	 1.34277072041092E-01
 1.96607673314579E+03	 3.40334024577678E-02
 1.96607947104582E+03	-8.24969272266204E-02
 1.96608220894585E+03	-1.78082869674390E-01
 1.96608494684588E+03	-2.25525163694038E-01
 1.96608768474591E+03	-2.14192378027266E-01
 1.96609042264594E+03	-1.39565343130819E-01
 1.96609316054597E+03	 3.92526455062307E-03
 1.96609589844600E+03	 2.05420991329745E-01
 1.96609863634604E+03	 4.09790721660541E-01
 1.96610137424607E+03	 5.23927582096965E-01
 1.96610411214610E+03	 4.74139064519188E-01
 1.96610685004613E+03	 2.67207235377188E-01
 1.96610958794616E+03	-9.93898068820830E-03
 1.96611232584619E+03	-2.54842190189594E-01
 1.96611506374622E+03	-4.12373878190642E-01
 1.96611780164625E+03	-4.79494233576604E-01
 1.96612053954628E+03	-4.67475110950699E-01
 1.96612327744631E+03	-3.78855669231974E-01
 1.96612601534634E+03	-2.23293638600045E-01
 1.96612875324637E+03	-4.04074348426841E-02
 1.96613149114640E+03	 1.10383570368470E-01
 1.96613422904644E+03	 1.89636682498793E-01
 1.96613696694647E+03	 2.05548740586477E-01
 1.96613970484650E+03	 1.98637810648798E-01
 1.96614244274653E+03	 1.98348812007596E-01
 1.96614518064656E+03	 1.95737427589989E-01
 1.96614791854659E+03	 1.58092679441518E-01
 1.96615065644662E+03	 6.72591817281699E-02
 1.96615339434665E+03	-5.81678094568485E-02
 1.96615613224668E+03	-1.75307244748088E-01
 1.96615887014671E+03	-2.45813589065786E-01
 1.96616160804674E+03	-2.50694876983055E-01
 1.96616434594677E+03	-1.82827027620070E-01
 1.96616708384680E+03	-3.76104292154373E-02
 1.96616982174684E+03	 1.75867835173978E-01
 1.96617255964687E+03	 4.10454890958086E-01
 1.96617529754690E+03	 5.78681773991116E-01
 1.96617803544693E+03	 5.95059555047682E-01
 1.96618077334696E+03	 4.36168553693074E-01
 1.96618351124699E+03	 1.62085568647497E-01
 1.96618624914702E+03	-1.24838928752281E-01
 1.96618898704705E+03	-3.44848700303956E-01
 1.96619172494708E+03	-4.70202529578390E-01
 1.96619446284711E+03	-5.04942735542781E-01
 1.96619720074714E+03	-4.53894757334231E-01
 1.96619993864717E+03	-3.20468331584011E-01
 1.96620267654720E+03	-1.28961887112498E-01
 1.96620541444723E+03	 6.51511361133188E-02
 1.96620815234727E+03	 1.99839464002707E-01
 1.96621089024730E+03	 2.48062920640464E-01
 1.96621362814733E+03	 2.34807975711803E-01
 1.96621636604736E+03	 2.08614097766353E-01
 1.96621910394739E+03	 1.93308250696794E-01
 1.96622184184742E+03	 1.69003348424029E-01
 1.96622457974745E+03	 1.01215559396973E-01
 1.96622731764748E+03	-1.57992387394120E-02
 1.96623005554751E+03	-1.48559181050016E-01
 1.96623279344754E+03	-2.51864115038482E-01
 1.96623553134757E+03	-2.96406502779986E-01
 1.96623826924760E+03	-2.67901716060965E-01
 1.96624100714763E+03	-1.53722134713514E-01
 1.96624374504767E+03	 4.94277155290447E-02
 1.96624648294770E+03	 3.06430237287114E-01
 1.96624922084773E+03	 5.32193714931787E-01
 1.96625195874776E+03	 6.27850274462975E-01
 1.96625469664779E+03	 5.43639661992855E-01
 1.96625743454782E+03	 3.12890694315901E-01
 1.96626017244785E+03	 2.60903309538344E-02
 1.96626291034788E+03	-2.28416355729187E-01
 1.96626564824791E+03	-4.03765735202227E-01
 1.96626838614794E+03	-4.90135042504540E-01
 1.96627112404797E+03	-4.89183367661565E-01
 1.96627386194800E+03	-4.02335916704901E-01
 1.96627659984803E+03	-2.41973545596029E-01
 1.96627933774807E+03	-4.60931870585074E-02
 1.96628207564810E+03	 1.26865488116852E-01
 1.96628481354813E+03	 2.27119354717854E-01
 1.96628755144816E+03	 2.45326051448792E-01
 1.96629028934819E+03	 2.15872232639046E-01
 1.96629302724822E+03	 1.82292381519896E-01
 1.96629576514825E+03	 1.55760760263828E-01
 1.96629850304828E+03	 1.10673618188735E-01
 1.96630124094831E+03	 2.20029579103952E-02
 1.96630397884834E+03	-1.00088419099727E-01
 1.96630671674837E+03	-2.17206918119355E-01
 1.96630945464840E+03	-2.94926521473431E-01
 1.96631219254843E+03	-3.15071594814635E-01
 1.96631493044847E+03	-2.60312763267187E-01
 1.96631766834850E+03	-1.10370787266340E-01
 1.96632040624853E+03	 1.26355198811730E-01
 1.96632314414856E+03	 3.81084029608901E-01
 1.96632588204859E+03	 5.45343885350879E-01
 1.96632861994862E+03	 5.40449993979268E-01
 1.96633135784865E+03	 3.71927348172144E-01
 1.96633409574868E+03	 1.17581908961743E-01
 1.96633683364871E+03	-1.32570710877512E-01
 1.96633957154874E+03	-3.23824151158271E-01
 1.96634230944877E+03	-4.38720225333704E-01
 1.96634504734880E+03	-4.73960101202062E-01
 1.96634778524883E+03	-4.28126616259311E-01
 1.96635052314886E+03	-3.08777787278389E-01
 1.96635326104890E+03	-1.42324130311715E-01
 1.96635599894893E+03	 2.77450495515048E-02
 1.96635873684896E+03	 1.55414628820736E-01
 1.96636147474899E+03	 2.13167403234994E-01
 1.96636421264902E+03	 2.07110918614142E-01
 1.96636695054905E+03	 1.70000332584136E-01
 1.96636968844908E+03	 1.31028796428701E-01
 1.96637242634911E+03	 9.00278812766343E-02
 1.96637516424914E+03	 2.62524754178446E-02
 1.96637790214917E+03	-6.78947811852723E-02
 1.96638064004920E+03	-1.70919166410771E-01
 1.96638337794923E+03	-2.52042030858578E-01
 1.96638611584926E+03	-2.93724766281428E-01
 1.96638885374930E+03	-2.83684083068964E-01
 1.96639159164933E+03	-1.97486288258021E-01
 1.96639432954936E+03	-1.68831762714508E-02
 1.96639706744939E+03	 2.23267218004974E-01
 1.96639980534942E+03	 4.23681592266317E-01
 1.96640254324945E+03	 4.80396483606172E-01
 1.96640528114948E+03	 3.64213522144378E-01
 1.96640801904951E+03	 1.38060868962396E-01
 1.96641075694954E+03	-1.00926286236226E-01
 1.96641349484957E+03	-2.87943107736104E-01
 1.96641623274960E+03	-4.04519106566954E-01
 1.96641897064963E+03	-4.50071790959888E-01
 1.96642170854966E+03	-4.21650191138903E-01
 1.96642444644970E+03	-3.22650123642709E-01
 1.96642718434973E+03	-1.76670929233833E-01
 1.96642992224976E+03	-2.25796455682520E-02
 1.96643266014979E+03	 1.02968893739669E-01
 1.96643539804982E+03	 1.77822839388961E-01
 1.96643813594985E+03	 1.97770508692004E-01
 1.96644087384988E+03	 1.75316849222593E-01
 1.96644361174991E+03	 1.31131701217918E-01
 1.96644634964994E+03	 7.81619215678011E-02
 1.96644908754997E+03	 1.39324752072166E-02
 1.96645182545000E+03	-6.63065938867525E-02
 1.96645456335003E+03	-1.51419863915830E-01
 1.96645730125006E+03	-2.18052078561526E-01
 1.96646003915009E+03	-2.50929440657848E-01
 1.96646277705013E+03	-2.46052117174519E-01
 1.96646551495016E+03	-1.90259260063008E-01
 1.96646825285019E+03	-5.79030289430541E-02
 1.96647099075022E+03	 1.48784065483242E-01
 1.96647372865025E+03	 3.59266146912327E-01
 1.96647646655028E+03	 4.61184203319944E-01
 1.96647920445031E+03	 3.86551956162203E-01
 1.96648194235034E+03	 1.69761518752182E-01
 1.96648468025037E+03	-8.54250611937660E-02
 1.96648741815040E+03	-2.89490201051062E-01
 1.96649015605043E+03	-4.11957233537947E-01
 1.96649289395046E+03	-4.58529101015018E-01
 1.96649563185049E+03	-4.32824931351645E-01
 1.96649836975053E+03	-3.34714694471326E-01
 1.96650110765056E+03	-1.83734120373152E-01
 1.96650384555059E+03	-2.36003402503092E-02
 1.96650658345062E+03	 1.02831336295128E-01
 1.96650932135065E+03	 1.77574685161197E-01
 1.96651205925068E+03	 2.06073675837337E-01
 1.96651479715071E+03	 2.00224555622063E-01
 1.96651753505074E+03	 1.67532398267178E-01
 1.96652027295077E+03	 1.11145005125469E-01
 1.96652301085080E+03	 3.34715227807009E-02
 1.96652574875083E+03	-5.88211259380738E-02
 1.96652848665086E+03	-1.49278177777003E-01
 1.96653122455089E+03	-2.14450181797776E-01
 1.96653396245093E+03	-2.38185344622456E-01
 1.96653670035096E+03	-2.19650817459602E-01
 1.96653943825099E+03	-1.58959507466717E-01
 1.96654217615102E+03	-4.08215309359474E-02
 1.96654491405105E+03	 1.46106520802589E-01
 1.96654765195108E+03	 3.62520678811460E-01
 1.96655038985111E+03	 5.08212378114682E-01
 1.96655312775114E+03	 4.86189569022458E-01
 1.96655586565117E+03	 2.86875814288644E-01
 1.96655860355120E+03	 5.77598712968147E-04
 1.96656134145123E+03	-2.56506041577061E-01
 1.96656407935126E+03	-4.20860255403460E-01
 1.96656681725129E+03	-4.89650341251020E-01
 1.96656955515132E+03	-4.75920178266289E-01
 1.96657229305136E+03	-3.82404184033538E-01
 1.96657503095139E+03	-2.20640513113529E-01
 1.96657776885142E+03	-3.36915601677181E-02
 1.96658050675145E+03	 1.19647392450147E-01
 1.96658324465148E+03	 2.04887882801382E-01
 1.96658598255151E+03	 2.29902217201096E-01
 1.96658872045154E+03	 2.23614497450319E-01
 1.96659145835157E+03	 2.03001833083746E-01
 1.96659419625160E+03	 1.62471181492639E-01
 1.96659693415163E+03	 8.95573564218675E-02
 1.96659967205166E+03	-1.41839122816726E-02
 1.96660240995169E+03	-1.26254891436116E-01
 1.96660514785172E+03	-2.13757782137270E-01
 1.96660788575176E+03	-2.52105733095733E-01
 1.96661062365179E+03	-2.35732760089766E-01
 1.96661336155182E+03	-1.69005756301509E-01
 1.96661609945185E+03	-4.78824471756516E-02
 1.96661883735188E+03	 1.37047988801507E-01
 1.96662157525191E+03	 3.65047940006040E-01
 1.96662431315194E+03	 5.56885051226846E-01
 1.96662705105197E+03	 6.06218584525735E-01
 1.96662978895200E+03	 4.60558335788401E-01
 1.96663252685203E+03	 1.72219975139757E-01
 1.96663526475206E+03	-1.38954049747616E-01
 1.96663800265209E+03	-3.72820642130381E-01
 1.96664074055212E+03	-4.96540697533218E-01
 1.96664347845216E+03	-5.20027721815885E-01
 1.96664621635219E+03	-4.52624220546865E-01
 1.96664895425222E+03	-3.00338717993282E-01
 1.96665169215225E+03	-9.47634984489314E-02
 1.96665443005228E+03	 9.96984046995758E-02
 1.96665716795231E+03	 2.21862975406381E-01
 1.96665990585234E+03	 2.56514112016673E-01
 1.96666264375237E+03	 2.37062990034773E-01
 1.96666538165240E+03	 2.06119695640584E-01
 1.96666811955243E+03	 1.75975456619931E-01
 1.96667085745246E+03	 1.26916172734074E-01
 1.96667359535249E+03	 3.91101430195883E-02
 1.96667633325252E+03	-7.84638554807120E-02
 1.96667907115256E+03	-1.89978964313942E-01
 1.96668180905259E+03	-2.58911022918678E-01
 1.96668454695262E+03	-2.69002456196512E-01
 1.96668728485265E+03	-2.20359727266014E-01
 1.96669002275268E+03	-1.10797219847226E-01
 1.96669276065271E+03	 6.80235921839217E-02
 1.96669549855274E+03	 3.04534439956858E-01
 1.96669823645277E+03	 5.36249653167772E-01
 1.96670097435280E+03	 6.60263524397559E-01
 1.96670371225283E+03	 5.96968210824691E-01
 1.96670645015286E+03	 3.55071848640386E-01
 1.96670918805289E+03	 3.11713248022915E-02
 1.96671192595292E+03	-2.58940919672563E-01
 1.96671466385295E+03	-4.48601576805371E-01
 1.96671740175299E+03	-5.28116210627803E-01
 1.96672013965302E+03	-5.06991566940353E-01
 1.96672287755305E+03	-3.90570865592267E-01
 1.96672561545308E+03	-1.96543754486064E-01
 1.96672835335311E+03	 2.26898962329395E-02
 1.96673109125314E+03	 1.93744334032506E-01
 1.96673382915317E+03	 2.67700205599706E-01
 1.96673656705320E+03	 2.52619681925830E-01
 1.96673930495323E+03	 1.98896384155025E-01
 1.96674204285326E+03	 1.50636064237386E-01
 1.96674478075329E+03	 1.10555526406405E-01
 1.96674751865332E+03	 5.12139923477107E-02
 1.96675025655335E+03	-4.37994676476372E-02
 1.96675299445339E+03	-1.55417926268675E-01
 1.96675573235342E+03	-2.45032215753072E-01
 1.96675847025345E+03	-2.86126110573761E-01
 1.96676120815348E+03	-2.72438664935295E-01
 1.96676394605351E+03	-1.98995471736149E-01
 1.96676668395354E+03	-5.08510173605081E-02
 1.96676942185357E+03	 1.74142286571146E-01
 1.96677215975360E+03	 4.28890913866723E-01
 1.96677489765363E+03	 6.15410434057282E-01
 1.96677763555366E+03	 6.37823293369649E-01
 1.96678037345369E+03	 4.70709070732968E-01
 1.96678311135372E+03	 1.79667162283235E-01
 1.96678584925375E+03	-1.25682129598240E-01
 1.96678858715379E+03	-3.60069108587610E-01
 1.96679132505382E+03	-4.91517554672313E-01
 1.96679406295385E+03	-5.20632155834659E-01
 1.96679680085388E+03	-4.52194195862167E-01
 1.96679953875391E+03	-2.95742702009052E-01
 1.96680227665394E+03	-8.57133598945320E-02
 1.96680501455397E+03	 1.14416246912587E-01
 1.96680775245400E+03	 2.39933487654970E-01
 1.96681049035403E+03	 2.64019774458447E-01
 1.96681322825406E+03	 2.12672102317210E-01
 1.96681596615409E+03	 1.39073705413561E-01
 1.96681870405412E+03	 7.83427765475747E-02
 1.96682144195415E+03	 2.51283706035175E-02
 1.96682417985418E+03	-4.48276935738550E-02
 1.96682691775422E+03	-1.36099826411980E-01
 1.96682965565425E+03	-2.23651843085914E-01
 1.96683239355428E+03	-2.78961691413561E-01
 1.96683513145431E+03	-2.92250129924675E-01
 1.96683786935434E+03	-2.60274306287176E-01
 1.96684060725437E+03	-1.63872158765993E-01
 1.96684334515440E+03	 1.91936576000879E-02
 1.96684608305443E+03	 2.68054595019669E-01
 1.96684882095446E+03	 4.95954543448296E-01
 1.96685155885449E+03	 5.92800219867476E-01
 1.96685429675452E+03	 5.02780151190761E-01
 1.96685703465455E+03	 2.64009663421954E-01
 1.96685977255458E+03	-2.47647577911082E-02
 1.96686251045462E+03	-2.72092712406450E-01
 1.96686524835465E+03	-4.32843016503256E-01
 1.96686798625468E+03	-4.98252327544734E-01
 1.96687072415471E+03	-4.69948670977377E-01
 1.96687346205474E+03	-3.54061468168984E-01
 1.96687619995477E+03	-1.74364837598827E-01
 1.96687893785480E+03	 2.12099747820642E-02
 1.96688167575483E+03	 1.75093256133286E-01
 1.96688441365486E+03	 2.46693349998670E-01
 1.96688715155489E+03	 2.32334719768064E-01
 1.96688988945492E+03	 1.63727958752371E-01
 1.96689262735495E+03	 8.28354237328576E-02
 1.96689536525498E+03	 1.11568603564762E-02
 1.96689810315502E+03	-5.76197042240857E-02
 1.96690084105505E+03	-1.34119135838246E-01
 1.96690357895508E+03	-2.09062482041642E-01
 1.96690631685511E+03	-2.60244650421741E-01
 1.96690905475514E+03	-2.77693804222558E-01
 1.96691179265517E+03	-2.65146681393644E-01
 1.96691453055520E+03	-2.12608407141923E-01
 1.96691726845523E+03	-8.77638502162902E-02
 1.96692000635526E+03	 1.21946219623819E-01
 1.96692274425529E+03	 3.59318579925122E-01
 1.96692548215532E+03	 5.11065177509785E-01
 1.96692822005535E+03	 4.88894860432935E-01
 1.96693095795538E+03	 2.99022242860283E-01
 1.96693369585541E+03	 3.06749383087086E-02
 1.96693643375545E+03	-2.16297804286888E-01
 1.96693917165548E+03	-3.86962393822712E-01
 1.96694190955551E+03	-4.68852821431374E-01
 1.96694464745554E+03	-4.62188049382888E-01
 1.96694738535557E+03	-3.70053368740431E-01
 1.96695012325560E+03	-2.12190643715247E-01
 1.96695286115563E+03	-3.15743005654280E-02
 1.96695559905566E+03	 1.21711072135645E-01
 1.96695833695569E+03	 2.13077378111059E-01
 1.96696107485572E+03	 2.33225597166338E-01
 1.96696381275575E+03	 1.94560794638130E-01
 1.96696655065578E+03	 1.21497959161766E-01
 1.96696928855581E+03	 3.72385089886049E-02
 1.96697202645585E+03	-4.71331254692301E-02
 1.96697476435588E+03	-1.29576976382276E-01
 1.96697750225591E+03	-2.02301870216605E-01
 1.96698024015594E+03	-2.47714956327812E-01
 1.96698297805597E+03	-2.55301641372595E-01
 1.96698571595600E+03	-2.33321718189614E-01
 1.96698845385603E+03	-1.89041929802483E-01
 1.96699119175606E+03	-1.01903450447688E-01
 1.96699392965609E+03	 5.90094371583170E-02
 1.96699666755612E+03	 2.76016104355979E-01
 1.96699940545615E+03	 4.56055172181919E-01
 1.96700214335618E+03	 4.88540703108299E-01
 1.96700488125621E+03	 3.38684173291259E-01
 1.96700761915625E+03	 7.67262599779547E-02
 1.96701035705628E+03	-1.84692127883429E-01
 1.96701309495631E+03	-3.70690180905366E-01
 1.96701583285634E+03	-4.63186359380509E-01
 1.96701857075637E+03	-4.66282641614191E-01
 1.96702130865640E+03	-3.82041446746025E-01
 1.96702404655643E+03	-2.24572496304122E-01
 1.96702678445646E+03	-3.76298372444761E-02
 1.96702952235649E+03	 1.20801124414043E-01
 1.96703226025652E+03	 2.13393572747398E-01
 1.96703499815655E+03	 2.38634029127353E-01
 1.96703773605658E+03	 2.15360171027842E-01
 1.96704047395661E+03	 1.60961853395458E-01
 1.96704321185665E+03	 8.46228603354870E-02
 1.96704594975668E+03	-7.43574229483554E-03
 1.96704868765671E+03	-1.05726220369075E-01
 1.96705142555674E+03	-1.93582036082505E-01
 1.96705416345677E+03	-2.48638430113872E-01
 1.96705690135680E+03	-2.55100353493447E-01
 1.96705963925683E+03	-2.17516905334803E-01
 1.96706237715686E+03	-1.53010696146637E-01
 1.96706511505689E+03	-6.25719472165908E-02
 1.96706785295692E+03	 7.73693187441464E-02
 1.96707059085695E+03	 2.73649480844145E-01
 1.96707332875698E+03	 4.66354386180493E-01
 1.96707606665701E+03	 5.45018282459130E-01
 1.96707880455704E+03	 4.36450330370530E-01
 1.96708154245708E+03	 1.74914726011287E-01
 1.96708428035711E+03	-1.24171659334072E-01
 1.96708701825714E+03	-3.55343420266324E-01
 1.96708975615717E+03	-4.79152823619460E-01
 1.96709249405720E+03	-5.01087373678584E-01
 1.96709523195723E+03	-4.28320163036786E-01
 1.96709796985726E+03	-2.68121969182031E-01
 1.96710070775729E+03	-5.69075311951992E-02
 1.96710344565732E+03	 1.36927629006409E-01
 1.96710618355735E+03	 2.53309850016099E-01
 1.96710892145738E+03	 2.79978529785807E-01
 1.96711165935741E+03	 2.47849062460395E-01
 1.96711439725744E+03	 1.92517099430895E-01
 1.96711713515748E+03	 1.25961692070271E-01
 1.96711987305751E+03	 4.16960560414981E-02
 1.96712261095754E+03	-6.22771637036737E-02
 1.96712534885757E+03	-1.69393051929145E-01
 1.96712808675760E+03	-2.49597845485264E-01
 1.96713082465763E+03	-2.76981733915505E-01
 1.96713356255766E+03	-2.45968693269185E-01
 1.96713630045769E+03	-1.70431064938179E-01
 1.96713903835772E+03	-6.22021812709087E-02
 1.96714177625775E+03	 8.68770037222213E-02
 1.96714451415778E+03	 2.86301556913092E-01
 1.96714725205781E+03	 5.00094012183155E-01
 1.96714998995784E+03	 6.32184039890675E-01
 1.96715272785788E+03	 5.85622703605593E-01
 1.96715546575791E+03	 3.49147082810634E-01
 1.96715820365794E+03	 1.73473184343121E-02
 1.96716094155797E+03	-2.81239400053900E-01
 1.96716367945800E+03	-4.69803670617773E-01
 1.96716641735803E+03	-5.38514292324242E-01
 1.96716915525806E+03	-4.99922469001592E-01
 1.96717189315809E+03	-3.60581177702646E-01
 1.96717463105812E+03	-1.42232962796513E-01
 1.96717736895815E+03	 9.28826432342895E-02
 1.96718010685818E+03	 2.63789840929479E-01
 1.96718284475821E+03	 3.24909481007511E-01
 1.96718558265824E+03	 2.93584697496813E-01
 1.96718832055827E+03	 2.22523661209921E-01
 1.96719105845831E+03	 1.49429306158175E-01
 1.96719379635834E+03	 7.48082459489985E-02
 1.96719653425837E+03	-1.76896052414026E-02
 1.96719927215840E+03	-1.28143317458117E-01
 1.96720201005843E+03	-2.30139885276874E-01
 1.96720474795846E+03	-2.89579875696141E-01
 1.96720748585849E+03	-2.89483788475568E-01
 1.96721022375852E+03	-2.35280184773541E-01
 1.96721296165855E+03	-1.36839401764472E-01
 1.96721569955858E+03	 1.03710698073818E-02
 1.96721843745861E+03	 2.16207010690632E-01
 1.96722117535864E+03	 4.57713165018036E-01
 1.96722391325867E+03	 6.53356571320668E-01
 1.96722665115871E+03	 6.95957532030276E-01
 1.96722938905874E+03	 5.32609031166388E-01
 1.96723212695877E+03	 2.16487320879136E-01
 1.96723486485880E+03	-1.27356892290992E-01
 1.96723760275883E+03	-3.89219270881286E-01
 1.96724034065886E+03	-5.26909183903439E-01
 1.96724307855889E+03	-5.45529040975611E-01
 1.96724581645892E+03	-4.55128501490021E-01
 1.96724855435895E+03	-2.67663062030302E-01
 1.96725129225898E+03	-2.59309009299082E-02
 1.96725403015901E+03	 1.91163727351392E-01
 1.96725676805904E+03	 3.10249446688823E-01
 1.96725950595907E+03	 3.12780296451132E-01
 1.96726224385911E+03	 2.40367776380732E-01
 1.96726498175914E+03	 1.51573346280920E-01
 1.96726771965917E+03	 7.43304121900255E-02
 1.96727045755920E+03	-1.95425635697668E-03
 1.96727319545923E+03	-9.45051216966070E-02
 1.96727593335926E+03	-1.95197662130427E-01
 1.96727867125929E+03	-2.72963309231040E-01
 1.96728140915932E+03	-3.02816303887489E-01
 1.96728414705935E+03	-2.83673970466592E-01
 1.96728688495938E+03	-2.23863080080463E-01
 1.96728962285941E+03	-1.15866694046871E-01
 1.96729236075944E+03	 6.10580914925760E-02
 1.96729509865947E+03	 3.02542503416660E-01
 1.96729783655950E+03	 5.43889359794307E-01
 1.96730057445954E+03	 6.76319556635478E-01
 1.96730331235957E+03	 6.16686419939710E-01
 1.96730605025960E+03	 3.72955965497074E-01
 1.96730878815963E+03	 4.23244891959266E-02
 1.96731152605966E+03	-2.56923964914359E-01
 1.96731426395969E+03	-4.52961817129412E-01
 1.96731700185972E+03	-5.30289677594380E-01
 1.96731973975975E+03	-4.96180537128596E-01
 1.96732247765978E+03	-3.60248158803528E-01
 1.96732521555981E+03	-1.49522059949337E-01
 1.96732795345984E+03	 7.47762687473417E-02
 1.96733069135987E+03	 2.35977833589162E-01
 1.96733342925990E+03	 2.86948377115586E-01
 1.96733616715994E+03	 2.38384020488861E-01
 1.96733890505997E+03	 1.43019447156741E-01
 1.96734164296000E+03	 5.06982060618160E-02
 1.96734438086003E+03	-2.45931657178895E-02
 1.96734711876006E+03	-9.76717080114960E-02
 1.96734985666009E+03	-1.77902720008097E-01
 1.96735259456012E+03	-2.49013380970340E-01
 1.96735533246015E+03	-2.85743416292966E-01
 1.96735807036018E+03	-2.82286044025516E-01
 1.96736080826021E+03	-2.51003908185012E-01
 1.96736354616024E+03	-1.91164655375284E-01
 1.96736628406027E+03	-7.41781251838066E-02
 1.96736902196030E+03	 1.22369033394466E-01
 1.96737175986034E+03	 3.62915972658782E-01
 1.96737449776037E+03	 5.48248272751369E-01
 1.96737723566040E+03	 5.76564697710436E-01
 1.96737997356043E+03	 4.19447606250232E-01
 1.96738271146046E+03	 1.42005765856486E-01
 1.96738544936049E+03	-1.47478226628801E-01
 1.96738818726052E+03	-3.65247994655110E-01
 1.96739092516055E+03	-4.78039096954264E-01
 1.96739366306058E+03	-4.83640814881513E-01
 1.96739640096061E+03	-3.88840881227417E-01
 1.96739913886064E+03	-2.13735020248667E-01
 1.96740187676067E+03	-5.70904878097487E-03
 1.96740461466070E+03	 1.68391612650131E-01
 1.96740735256074E+03	 2.54328463598609E-01
 1.96741009046077E+03	 2.39514838463201E-01
 1.96741282836080E+03	 1.54710199199638E-01
 1.96741556626083E+03	 4.83539311885420E-02
 1.96741830416086E+03	-4.59676201951372E-02
 1.96742104206089E+03	-1.23406533402449E-01
 1.96742377996092E+03	-1.92567403089749E-01
 1.96742651786095E+03	-2.49991694556544E-01
 1.96742925576098E+03	-2.77176070046913E-01
 1.96743199366101E+03	-2.64759564237897E-01
 1.96743473156104E+03	-2.27462311603620E-01
 1.96743746946107E+03	-1.80811549882793E-01
 1.96744020736110E+03	-1.07645940494527E-01
 1.96744294526113E+03	 3.03867789346187E-02
 1.96744568316117E+03	 2.34192261970053E-01
 1.96744842106120E+03	 4.29537014281867E-01
 1.96745115896123E+03	 5.07015089730057E-01
 1.96745389686126E+03	 4.08529405556295E-01
 1.96745663476129E+03	 1.73315372671339E-01
 1.96745937266132E+03	-9.82693703688027E-02
 1.96746211056135E+03	-3.17097714307398E-01
 1.96746484846138E+03	-4.42106044232434E-01
 1.96746758636141E+03	-4.65775082928842E-01
 1.96747032426144E+03	-3.90570669183719E-01
 1.96747306216147E+03	-2.31336892410296E-01
 1.96747580006150E+03	-2.99714662788088E-02
 1.96747853796153E+03	 1.50623431461884E-01
 1.96748127586157E+03	 2.56587328012376E-01
 1.96748401376160E+03	 2.69124821562284E-01
 1.96748675166163E+03	 2.05437100440639E-01
 1.96748948956166E+03	 1.00604841936025E-01
 1.96749222746169E+03	-1.25953216840779E-02
 1.96749496536172E+03	-1.15489193896449E-01
 1.96749770326175E+03	-2.02174098823444E-01
 1.96750044116178E+03	-2.66761752865113E-01
 1.96750317906181E+03	-2.94638839849988E-01
 1.96750591696184E+03	-2.73966717183818E-01
 1.96750865486187E+03	-2.15287589026716E-01
 1.96751139276190E+03	-1.45216533281399E-01
 1.96751413066193E+03	-7.05733650323634E-02
 1.96751686856197E+03	 3.85699211028770E-02
 1.96751960646200E+03	 2.07753013123017E-01
 1.96752234436203E+03	 3.97532329824761E-01
 1.96752508226206E+03	 5.05040994630728E-01
 1.96752782016209E+03	 4.44435943851459E-01
 1.96753055806212E+03	 2.24848653356819E-01
 1.96753329596215E+03	-5.74509963439388E-02
 1.96753603386218E+03	-2.97105117765725E-01
 1.96753877176221E+03	-4.40136938670967E-01
 1.96754150966224E+03	-4.78319285771782E-01
 1.96754424756227E+03	-4.15024661881493E-01
 1.96754698546230E+03	-2.59305548016078E-01
 1.96754972336233E+03	-4.71558833170910E-02
 1.96755246126236E+03	 1.55252102704316E-01
 1.96755519916240E+03	 2.84780045769769E-01
 1.96755793706243E+03	 3.17747362360037E-01
 1.96756067496246E+03	 2.72255432176079E-01
 1.96756341286249E+03	 1.81353599700593E-01
 1.96756615076252E+03	 6.97689648693447E-02
 1.96756888866255E+03	-4.87801132953757E-02
 1.96757162656258E+03	-1.62992571982092E-01
 1.96757436446261E+03	-2.57067982109198E-01
 1.96757710236264E+03	-3.10078775178872E-01
 1.96757984026267E+03	-3.04692093130037E-01
 1.96758257816270E+03	-2.42873249255781E-01
 1.96758531606273E+03	-1.49739866269984E-01
 1.96758805396276E+03	-4.91314812009669E-02
 1.96759079186280E+03	 6.66789442155848E-02
 1.96759352976283E+03	 2.25251884834759E-01
 1.96759626766286E+03	 4.16788604804644E-01
 1.96759900556289E+03	 5.59701575732410E-01
 1.96760174346292E+03	 5.49595910825182E-01
 1.96760448136295E+03	 3.53810976822395E-01
 1.96760721926297E+03	 4.85524815254964E-02
 1.96760995716301E+03	-2.42218273748421E-01
 1.96761269506304E+03	-4.34274966475520E-01
 1.96761543296307E+03	-5.07614048579243E-01
 1.96761817086310E+03	-4.69484367370612E-01
 1.96762090876313E+03	-3.27416255130471E-01
 1.96762364666316E+03	-1.06969139302605E-01
 1.96762638456320E+03	 1.27398146681970E-01
 1.96762912246323E+03	 2.95952167960656E-01
 1.96763186036326E+03	 3.55129785785979E-01
 1.96763459826329E+03	 3.19997781710240E-01
 1.96763733616332E+03	 2.35997046006655E-01
 1.96764007406335E+03	 1.36085100728549E-01
 1.96764281196338E+03	 2.71515074191646E-02
 1.96764554986341E+03	-9.16010004851398E-02
 1.96764828776344E+03	-2.07739500392707E-01
 1.96765102566347E+03	-2.93810469434695E-01
 1.96765376356350E+03	-3.22451729927496E-01
 1.96765650146353E+03	-2.84644923948316E-01
 1.96765923936356E+03	-1.96479205307241E-01
 1.96766197726359E+03	-8.40504319441364E-02
 1.96766471516363E+03	 4.46101109410041E-02
 1.96766745306366E+03	 2.06447116128409E-01
 1.96767019096369E+03	 4.06045393233912E-01
 1.96767292886372E+03	 5.88237903467554E-01
 1.96767566676375E+03	 6.48703553089766E-01
 1.96767840466378E+03	 5.15168041176595E-01
 1.96768114256381E+03	 2.20367540264829E-01
 1.96768388046384E+03	-1.15964455379123E-01
 1.96768661836387E+03	-3.76855495037899E-01
 1.96768935626390E+03	-5.11661404973345E-01
 1.96769209416393E+03	-5.21504391893939E-01
 1.96769483206396E+03	-4.16198704461020E-01
 1.96769756996399E+03	-2.11350803208378E-01
 1.96770030786403E+03	 4.19363993139778E-02
 1.96770304576406E+03	 2.56613685389921E-01
 1.96770578366409E+03	 3.59629005049424E-01
 1.96770852156412E+03	 3.41772733470018E-01
 1.96771125946415E+03	 2.52543659216740E-01
 1.96771399736418E+03	 1.48414627598236E-01
 1.96771673526421E+03	 5.08163081725783E-02
 1.96771947316424E+03	-4.94388451845216E-02
 1.96772221106427E+03	-1.58414901457302E-01
 1.96772494896430E+03	-2.57721327419831E-01
 1.96772768686433E+03	-3.14883137743224E-01
 1.96773042476436E+03	-3.09576678936242E-01
 1.96773316266439E+03	-2.47901114829339E-01
 1.96773590056443E+03	-1.51288898228320E-01
 1.96773863846446E+03	-3.08760076357648E-02
 1.96774137636449E+03	 1.24527595617987E-01
 1.96774411426452E+03	 3.25035146519941E-01
 1.96774685216455E+03	 5.36035621730720E-01
 1.96774959006458E+03	 6.66314508719624E-01
 1.96775232796461E+03	 6.22105219694362E-01
 1.96775506586464E+03	 3.87983400360850E-01
 1.96775780376467E+03	 5.11110671532516E-02
 1.96776054166470E+03	-2.60969643310606E-01
 1.96776327956473E+03	-4.63186496510351E-01
 1.96776601746476E+03	-5.35118251769692E-01
 1.96776875536479E+03	-4.84632301716494E-01
 1.96777149326483E+03	-3.22346363657013E-01
 1.96777423116486E+03	-8.09476598319424E-02
 1.96777696906489E+03	 1.63834029433259E-01
 1.96777970696492E+03	 3.21107510458920E-01
 1.96778244486495E+03	 3.44634249581606E-01
 1.96778518276498E+03	 2.61512845749608E-01
 1.96778792066501E+03	 1.39723992014956E-01
 1.96779065856504E+03	 3.00975124692524E-02
 1.96779339646507E+03	-6.07655683415224E-02
 1.96779613436510E+03	-1.49154822417091E-01
 1.96779887226513E+03	-2.37028678472840E-01
 1.96780161016516E+03	-3.01038421430313E-01
 1.96780434806519E+03	-3.15343388085526E-01
 1.96780708596522E+03	-2.77661881965277E-01
 1.96780982386526E+03	-2.06875065728288E-01
 1.96781256176529E+03	-1.15194942004367E-01
 1.96781529966532E+03	 1.06529745615928E-02
 1.96781803756535E+03	 1.91051561822561E-01
 1.96782077546538E+03	 4.09598213357094E-01
 1.96782351336541E+03	 5.90306914971740E-01
 1.96782625126544E+03	 6.32714529237715E-01
 1.96782898916547E+03	 4.86195860569036E-01
 1.96783172706550E+03	 1.96404687029497E-01
 1.96783446496553E+03	-1.23947799004775E-01
 1.96783720286556E+03	-3.71265925610568E-01
 1.96783994076559E+03	-4.99024906603619E-01
 1.96784267866562E+03	-5.04359000892801E-01
 1.96784541656566E+03	-3.95514878403227E-01
 1.96784815446569E+03	-1.92207892033843E-01
 1.96785089236572E+03	 5.06956485087095E-02
 1.96785363026575E+03	 2.46932676580353E-01
 1.96785636816578E+03	 3.25591088393850E-01
 1.96785910606581E+03	 2.77615105937795E-01
 1.96786184396584E+03	 1.54533118360627E-01
 1.96786458186587E+03	 2.22698753505652E-02
 1.96786731976590E+03	-8.45326587313534E-02
 1.96787005766593E+03	-1.69133364423801E-01
 1.96787279556596E+03	-2.43463290839564E-01
 1.96787553346599E+03	-3.00174433276760E-01
 1.96787827136602E+03	-3.17298772849172E-01
 1.96788100926606E+03	-2.86718829412464E-01
 1.96788374716609E+03	-2.26951922102151E-01
 1.96788648506612E+03	-1.59049110720710E-01
 1.96788922296615E+03	-7.39703155654400E-02
 1.96789196086618E+03	 6.18754800089262E-02
 1.96789469876621E+03	 2.58165891551370E-01
 1.96789743666624E+03	 4.59944431303248E-01
 1.96790017456627E+03	 5.66560582465352E-01
 1.96790291246630E+03	 5.02961103182756E-01
 1.96790565036633E+03	 2.79599829215338E-01
 1.96790838826636E+03	-1.43168426479876E-02
 1.96791112616639E+03	-2.73800487855509E-01
 1.96791386406642E+03	-4.34789664559154E-01
 1.96791660196645E+03	-4.80252766711288E-01
 1.96791933986649E+03	-4.14158171097440E-01
 1.96792207776652E+03	-2.50722557143257E-01
 1.96792481566655E+03	-2.97745399998463E-02
 1.96792755356658E+03	 1.77007473347670E-01
 1.96793029146661E+03	 2.95571410677079E-01
 1.96793302936664E+03	 2.93298260458086E-01
 1.96793576726667E+03	 1.94827526118043E-01
 1.96793850516670E+03	 5.68230848370090E-02
 1.96794124306673E+03	-7.25494213915397E-02
 1.96794398096676E+03	-1.75476349619045E-01
 1.96794671886679E+03	-2.55095565904842E-01
 1.96794945676682E+03	-3.10658473295240E-01
 1.96795219466685E+03	-3.27091716196745E-01
 1.96795493256689E+03	-2.92816432047183E-01
 1.96795767046692E+03	-2.22757114851912E-01
 1.96796040836695E+03	-1.49472600765254E-01
 1.96796314626698E+03	-8.36471486062175E-02
 1.96796588416701E+03	 5.93195160228847E-03
 1.96796862206704E+03	 1.55164950330152E-01
 1.96797135996707E+03	 3.43467640412022E-01
 1.96797409786710E+03	 4.82406594220294E-01
 1.96797683576713E+03	 4.78547761591276E-01
 1.96797957366716E+03	 3.11130160693863E-01
 1.96798231156719E+03	 4.81507794362316E-02
 1.96798504946722E+03	-2.07757477704618E-01
 1.96798778736725E+03	-3.82759820591791E-01
 1.96799052526729E+03	-4.49518154142493E-01
 1.96799326316732E+03	-4.06570101238473E-01
 1.96799600106735E+03	-2.64424742547335E-01
 1.96799873896738E+03	-5.64601720138815E-02
 1.96800147686741E+03	 1.53071401065349E-01
 1.96800421476744E+03	 2.92019126887593E-01
 1.96800695266747E+03	 3.20357746216274E-01
 1.96800969056750E+03	 2.48817518129050E-01
 1.96801242846753E+03	 1.21240330109017E-01
 1.96801516636756E+03	-1.78359973627765E-02
 1.96801790426759E+03	-1.42605188260787E-01
 1.96802064216762E+03	-2.44109214034354E-01
 1.96802338006765E+03	-3.16026337103820E-01
 1.96802611796768E+03	-3.44071345927563E-01
 1.96802885586772E+03	-3.13290785995115E-01
 1.96803159376775E+03	-2.29670486390396E-01
 1.96803433166778E+03	-1.27459027545054E-01
 1.96803706956781E+03	-4.01655211879202E-02
 1.96803980746784E+03	 3.85612551259299E-02
 1.96804254536787E+03	 1.48840787341471E-01
 1.96804528326790E+03	 3.04746279185026E-01
 1.96804802116793E+03	 4.47760764645015E-01
 1.96805075906796E+03	 4.79312970558834E-01
 1.96805349696799E+03	 3.47713447065098E-01
 1.96805623486802E+03	 9.73258403331522E-02
 1.96805897276805E+03	-1.68633127878232E-01
 1.96806171066808E+03	-3.62837200780291E-01
 1.96806444856812E+03	-4.48584176752586E-01
 1.96806718646815E+03	-4.21435662841597E-01
 1.96806992436818E+03	-2.87804529449976E-01
 1.96807266226821E+03	-7.45095022674423E-02
 1.96807540016824E+03	 1.55756133540573E-01
 1.96807813806827E+03	 3.22995621349920E-01
 1.96808087596830E+03	 3.76096731545254E-01
 1.96808361386833E+03	 3.20329454176678E-01
 1.96808635176836E+03	 1.99962972535248E-01
 1.96808908966839E+03	 5.95994458515322E-02
 1.96809182756842E+03	-7.68776816199187E-02
 1.96809456546845E+03	-1.99893309536155E-01
 1.96809730336848E+03	-2.98654963759979E-01
 1.96810004126852E+03	-3.54220888340608E-01
 1.96810277916855E+03	-3.46161761041619E-01
 1.96810551706858E+03	-2.69539531513936E-01
 1.96810825496861E+03	-1.48193948119657E-01
 1.96811099286864E+03	-2.28593971757451E-02
 1.96811373076867E+03	 8.54874531251062E-02
 1.96811646866870E+03	 1.96318401958752E-01
 1.96811920656873E+03	 3.36211738731960E-01
 1.96812194446876E+03	 4.79519682484956E-01
 1.96812468236879E+03	 5.40112532765539E-01
 1.96812742026882E+03	 4.41621918467062E-01
 1.96813015816885E+03	 1.95308400362307E-01
 1.96813289606888E+03	-1.01646346366463E-01
 1.96813563396892E+03	-3.41495901463767E-01
 1.96813837186895E+03	-4.68104819279100E-01
 1.96814110976898E+03	-4.72529654432917E-01
 1.96814384766901E+03	-3.59753720825975E-01
 1.96814658556904E+03	-1.46787450448842E-01
 1.96814932346907E+03	 1.12302883449307E-01
 1.96815206136910E+03	 3.28590203630275E-01
 1.96815479926913E+03	 4.26948129783268E-01
 1.96815753716916E+03	 3.94603569485118E-01
 1.96816027506919E+03	 2.77849720999298E-01
 1.96816301296922E+03	 1.34563620626361E-01
 1.96816575086925E+03	-4.86688881625026E-03
 1.96816848876928E+03	-1.35790190458154E-01
 1.96817122666931E+03	-2.53784622031768E-01
 1.96817396456935E+03	-3.39706569400174E-01
 1.96817670246938E+03	-3.67350485460253E-01
 1.96817944036941E+03	-3.22194476512775E-01
 1.96818217826944E+03	-2.15111370707185E-01
 1.96818491616947E+03	-7.86032620792468E-02
 1.96818765406950E+03	 5.76678694584510E-02
 1.96819039196953E+03	 1.92405801719309E-01
 1.96819312986956E+03	 3.44349607278790E-01
 1.96819586776959E+03	 5.05718999787694E-01
 1.96819860566962E+03	 6.09937058470992E-01
 1.96820134356965E+03	 5.68571146996128E-01
 1.96820408146968E+03	 3.53876074016699E-01
 1.96820681936971E+03	 3.75206415948040E-02
 1.96820955726975E+03	-2.60379251115662E-01
 1.96821229516978E+03	-4.53393015458205E-01
 1.96821503306981E+03	-5.16070947106300E-01
 1.96821777096984E+03	-4.52113298471601E-01
 1.96822050886987E+03	-2.71358566918502E-01
 1.96822324676990E+03	-1.02754678641044E-02
 1.96822598466993E+03	 2.48466210745917E-01
 1.96822872256996E+03	 4.08470420671505E-01
 1.96823146046999E+03	 4.23268979781638E-01
 1.96823419837002E+03	 3.23230138719428E-01
 1.96823693627005E+03	 1.77960232796763E-01
 1.96823967417008E+03	 3.77955172199707E-02
 1.96824241207011E+03	-8.74029657603654E-02
 1.96824514997015E+03	-2.03864759737530E-01
 1.96824788787018E+03	-3.03080025439951E-01
 1.96825062577021E+03	-3.58968799578316E-01
 1.96825336367024E+03	-3.49622995884101E-01
 1.96825610157027E+03	-2.76892271367404E-01
 1.96825883947030E+03	-1.64827998924172E-01
 1.96826157737033E+03	-3.87644706549316E-02
 1.96826431527036E+03	 9.65135769981610E-02
 1.96826705317039E+03	 2.55239488932597E-01
 1.96826979107042E+03	 4.37371350357280E-01
 1.96827252897045E+03	 5.92779932618017E-01
 1.96827526687048E+03	 6.32369659111545E-01
 1.96827800477051E+03	 4.95223219959750E-01
 1.96828074267054E+03	 2.10738045442470E-01
 1.96828348057058E+03	-1.13572141229229E-01
 1.96828621847061E+03	-3.68049269166930E-01
 1.96828895637064E+03	-4.99039932919204E-01
 1.96829169427067E+03	-5.00379126639277E-01
 1.96829443217070E+03	-3.78840609170669E-01
 1.96829717007073E+03	-1.54989165641475E-01
 1.96829990797076E+03	 1.09040744019116E-01
 1.96830264587079E+03	 3.15131786785609E-01
 1.96830538377082E+03	 3.86276627539711E-01
 1.96830812167085E+03	 3.19800946928693E-01
 1.96831085957088E+03	 1.78911864103055E-01
 1.96831359747091E+03	 3.37033137871023E-02
 1.96831633537094E+03	-8.62181778606396E-02
 1.96831907327098E+03	-1.87555338289076E-01
 1.96832181117101E+03	-2.76790007155578E-01
 1.96832454907104E+03	-3.38070209163547E-01
 1.96832728697107E+03	-3.46738642644836E-01
 1.96833002487110E+03	-2.97322692818797E-01
 1.96833276277113E+03	-2.11432999826427E-01
 1.96833550067116E+03	-1.15803045489796E-01
 1.96833823857119E+03	-1.41139103129328E-02
 1.96834097647122E+03	 1.15165874440562E-01
 1.96834371437125E+03	 2.86379510838626E-01
 1.96834645227128E+03	 4.67236083702028E-01
 1.96834919017131E+03	 5.76078743053640E-01
 1.96835192807134E+03	 5.32888653771471E-01
 1.96835466597138E+03	 3.25949009794953E-01
 1.96835740387141E+03	 2.97757926753035E-02
 1.96836014177144E+03	-2.46002388817892E-01
 1.96836287967147E+03	-4.24292886122891E-01
 1.96836561757150E+03	-4.80396618087016E-01
 1.96836835547153E+03	-4.15988571923730E-01
 1.96837109337156E+03	-2.43273223454631E-01
 1.96837383127159E+03	-3.98498238227281E-03
 1.96837656917162E+03	 2.18106371274470E-01
 1.96837930707165E+03	 3.33212997970490E-01
 1.96838204497168E+03	 3.05723663712997E-01
 1.96838478287171E+03	 1.75460843574932E-01
 1.96838752077174E+03	 1.78468341677067E-02
 1.96839025867177E+03	-1.14193900780424E-01
 1.96839299657181E+03	-2.12060338698103E-01
 1.96839573447184E+03	-2.87531770779581E-01
 1.96839847237187E+03	-3.39110915643410E-01
 1.96840121027190E+03	-3.47029533831961E-01
 1.96840394817193E+03	-2.98973058466134E-01
 1.96840668607196E+03	-2.12664184169657E-01
 1.96840942397199E+03	-1.23860077192055E-01
 1.96841216187202E+03	-4.89132195509335E-02
 1.96841489977205E+03	 3.46656753597735E-02
 1.96841763767208E+03	 1.60939884329318E-01
 1.96842037557211E+03	 3.24521981480384E-01
 1.96842311347214E+03	 4.60222176394769E-01
 1.96842585137217E+03	 4.81893064693411E-01
 1.96842858927221E+03	 3.50099222279073E-01
 1.96843132717224E+03	 1.06831411617212E-01
 1.96843406507227E+03	-1.53814911892152E-01
 1.96843680297230E+03	-3.47078108109162E-01
 1.96843954087233E+03	-4.32350040241212E-01
 1.96844227877236E+03	-4.02591466624783E-01
 1.96844501667239E+03	-2.65176793523135E-01
 1.96844775457242E+03	-4.95260539222607E-02
 1.96845049247245E+03	 1.76339480329710E-01
 1.96845323037248E+03	 3.23521811221761E-01
 1.96845596827251E+03	 3.35092069716916E-01
 1.96845870617254E+03	 2.23671998830290E-01
 1.96846144407257E+03	 5.47247646547951E-02
 1.96846418197261E+03	-1.05550423914930E-01
 1.96846691987264E+03	-2.27216324611304E-01
 1.96846965777267E+03	-3.12108993432123E-01
 1.96847239567270E+03	-3.64622063620387E-01
 1.96847513357273E+03	-3.73235505320321E-01
 1.96847787147276E+03	-3.22429885737756E-01
 1.96848060937279E+03	-2.20353585596616E-01
 1.96848334727282E+03	-1.05669436071547E-01
 1.96848608517285E+03	-1.59844320660702E-02
 1.96848882307288E+03	 5.14432268992512E-02
 1.96849156097291E+03	 1.36144716565682E-01
 1.96849429887294E+03	 2.61775858006925E-01
 1.96849703677297E+03	 3.90197785872095E-01
 1.96849977467301E+03	 4.38752247065516E-01
 1.96850251257304E+03	 3.49267195181790E-01
 1.96850525047307E+03	 1.40168186715390E-01
 1.96850798837310E+03	-1.07096677008370E-01
 1.96851072627313E+03	-3.05920602412200E-01
 1.96851346417316E+03	-4.06791115296802E-01
 1.96851620207319E+03	-3.95554145973317E-01
 1.96851893997322E+03	-2.75013774896312E-01
 1.96852167787325E+03	-6.70840008257775E-02
 1.96852441577328E+03	 1.70459183359671E-01
 1.96852715367331E+03	 3.51533992635513E-01
 1.96852989157334E+03	 4.06566696511841E-01
 1.96853262947337E+03	 3.26432524716319E-01
 1.96853536737340E+03	 1.61405358592908E-01
 1.96853810527344E+03	-2.13033273305686E-02
 1.96854084317347E+03	-1.78126115244733E-01
 1.96854358107350E+03	-2.96343609326777E-01
 1.96854631897353E+03	-3.74638940850627E-01
 1.96854905687356E+03	-4.03879962314344E-01
 1.96855179477359E+03	-3.68034734943339E-01
 1.96855453267362E+03	-2.64875354054276E-01
 1.96855727057365E+03	-1.23929110871006E-01
 1.96856000847368E+03	 6.39561712587811E-03
 1.96856274637371E+03	 1.00133721374543E-01
 1.96856548427374E+03	 1.78499689774575E-01
 1.96856822217377E+03	 2.78922170933128E-01
 1.96857096007380E+03	 3.94691490111881E-01
 1.96857369797384E+03	 4.57856661560374E-01
 1.96857643587387E+03	 3.95079696187573E-01
 1.96857917377390E+03	 1.99722245773164E-01
 1.96858191167393E+03	-5.67632902795604E-02
 1.96858464957396E+03	-2.79724260434845E-01
 1.96858738747399E+03	-4.07772057086954E-01
 1.96859012537402E+03	-4.20832020341526E-01
 1.96859286327405E+03	-3.18400586922346E-01
 1.96859560117408E+03	-1.15233640416439E-01
 1.96859833907411E+03	 1.39616957139849E-01
 1.96860107697414E+03	 3.60636935443388E-01
 1.96860381487417E+03	 4.65656459661984E-01
 1.96860655277420E+03	 4.26949009706392E-01
 1.96860929067424E+03	 2.82370546926128E-01
 1.96861202857427E+03	 9.77354473239488E-02
 1.96861476647430E+03	-7.80543618142565E-02
 1.96861750437433E+03	-2.25633432635371E-01
 1.96862024227436E+03	-3.38119405801349E-01
 1.96862298017439E+03	-4.02993580123941E-01
 1.96862571807442E+03	-4.01435439164907E-01
 1.96862845597445E+03	-3.23351483787790E-01
 1.96863119387448E+03	-1.84735664822361E-01
 1.96863393177451E+03	-2.82984089280801E-02
 1.96863666967454E+03	 1.03874575017110E-01
 1.96863940757457E+03	 2.05504251590705E-01
 1.96864214547460E+03	 3.05342726887215E-01
 1.96864488337463E+03	 4.18313692147893E-01
 1.96864762127467E+03	 5.01415129682969E-01
 1.96865035917470E+03	 4.76586261329048E-01
 1.96865309707473E+03	 3.06502836982581E-01
 1.96865583497476E+03	 4.00868678354134E-02
 1.96865857287479E+03	-2.22155277519437E-01
 1.96866131077482E+03	-3.98414312602094E-01
 1.96866404867485E+03	-4.55786240574831E-01
 1.96866678657488E+03	-3.90145237706899E-01
 1.96866952447491E+03	-2.09154918366608E-01
 1.96867226237494E+03	 5.07303855510522E-02
 1.96867500027497E+03	 3.08207436828424E-01
 1.96867773817500E+03	 4.66791115541950E-01
 1.96868047607503E+03	 4.75116160509732E-01
 1.96868321397507E+03	 3.57058800283266E-01
 1.96868595187510E+03	 1.81209632117101E-01
 1.96868868977513E+03	 5.40887017402580E-03
 1.96869142767516E+03	-1.48344595609813E-01
 1.96869416557519E+03	-2.76690338703589E-01
 1.96869690347522E+03	-3.68917602554836E-01
 1.96869964137525E+03	-4.02966010637760E-01
 1.96870237927528E+03	-3.61792954674418E-01
 1.96870511717531E+03	-2.50680635788469E-01
 1.96870785507534E+03	-1.00625377071903E-01
 1.96871059297537E+03	 4.77873513939119E-02
 1.96871333087540E+03	 1.72715409765708E-01
 1.96871606877543E+03	 2.85127180080451E-01
 1.96871880667547E+03	 4.03684546994004E-01
 1.96872154457550E+03	 5.08608306544426E-01
 1.96872428247553E+03	 5.32445649041378E-01
 1.96872702037556E+03	 4.14842547890857E-01
 1.96872975827559E+03	 1.68707077025715E-01
 1.96873249617562E+03	-1.18032086596815E-01
 1.96873523407565E+03	-3.46461729790479E-01
 1.96873797197568E+03	-4.62115414342119E-01
 1.96874070987571E+03	-4.52022199580927E-01
 1.96874344777574E+03	-3.17691913785204E-01
 1.96874618567577E+03	-7.97273982484593E-02
 1.96874892357580E+03	 1.95380071628263E-01
 1.96875166147583E+03	 4.04091282099790E-01
 1.96875439937586E+03	 4.66117762473481E-01
 1.96875713727590E+03	 3.79329180246454E-01
 1.96875987517593E+03	 2.10491541703326E-01
 1.96876261307596E+03	 3.41709503664948E-02
 1.96876535097599E+03	-1.15150352812716E-01
 1.96876808887602E+03	-2.38000122034000E-01
 1.96877082677605E+03	-3.34862371423521E-01
 1.96877356467608E+03	-3.87979503300538E-01
 1.96877630257611E+03	-3.75374277229080E-01
 1.96877904047614E+03	-2.94337246493462E-01
 1.96878177837617E+03	-1.68133653925256E-01
 1.96878451627620E+03	-3.11854920810108E-02
 1.96878725417623E+03	 9.43508736939707E-02
 1.96878999207626E+03	 2.11565211578632E-01
 1.96879272997630E+03	 3.35455935578272E-01
 1.96879546787633E+03	 4.57922441257698E-01
 1.96879820577636E+03	 5.26777930484091E-01
 1.96880094367639E+03	 4.74689173082039E-01
 1.96880368157642E+03	 2.81753000704491E-01
 1.96880641947645E+03	 6.45963340315619E-03
 1.96880915737648E+03	-2.52394697615578E-01
 1.96881189527651E+03	-4.20205739454951E-01
 1.96881463317654E+03	-4.69053831452476E-01
 1.96881737107657E+03	-3.94560543420050E-01
 1.96882010897660E+03	-2.03968110809494E-01
 1.96882284687663E+03	 5.92826817277019E-02
 1.96882558477666E+03	 3.01249369813565E-01
 1.96882832267670E+03	 4.20275199952167E-01
 1.96883106057673E+03	 3.77390574523643E-01
 1.96883379847676E+03	 2.20097308596976E-01
 1.96883653637679E+03	 3.44894846244245E-02
 1.96883927427682E+03	-1.21371544861960E-01
 1.96884201217685E+03	-2.38522363260756E-01
 1.96884475007688E+03	-3.27040689627588E-01
 1.96884748797691E+03	-3.81645177895138E-01
 1.96885022587694E+03	-3.81628871896620E-01
 1.96885296377697E+03	-3.17366637060268E-01
 1.96885570167700E+03	-2.07727997806136E-01
 1.96885843957703E+03	-8.78589860089578E-02
 1.96886117747706E+03	 1.95176040972531E-02
 1.96886391537710E+03	 1.20074614122910E-01
 1.96886665327713E+03	 2.34137018081386E-01
 1.96886939117716E+03	 3.62753609859008E-01
 1.96887212907719E+03	 4.64515075428965E-01
 1.96887486697722E+03	 4.72278911187761E-01
 1.96887760487725E+03	 3.45395291694308E-01
 1.96888034277728E+03	 1.11697908594917E-01
 1.96888308067731E+03	-1.45236607943255E-01
 1.96888581857734E+03	-3.41867171079193E-01
 1.96888855647737E+03	-4.34622889848650E-01
 1.96889129437740E+03	-4.12163098995725E-01
 1.96889403227743E+03	-2.74788034318220E-01
 1.96889677017746E+03	-4.57200249359560E-02
 1.96889950807749E+03	 2.03229116774548E-01
 1.96890224597753E+03	 3.67953235501325E-01
 1.96890498387756E+03	 3.77627089916397E-01
 1.96890772177759E+03	 2.46025811738883E-01
 1.96891045967762E+03	 5.28475876026144E-02
 1.96891319757765E+03	-1.23415462738210E-01
 1.96891593547768E+03	-2.51927191985083E-01
 1.96891867337771E+03	-3.39500653565588E-01
 1.96892141127774E+03	-3.91952389950381E-01
 1.96892414917777E+03	-3.95822059453058E-01
 1.96892688707780E+03	-3.36569223257600E-01
 1.96892962497783E+03	-2.26184982054234E-01
 1.96893236287786E+03	-1.03977876703735E-01
 1.96893510077789E+03	-5.20665374197537E-03
 1.96893783867793E+03	 7.01571598555842E-02
 1.96894057657796E+03	 1.52668713320441E-01
 1.96894331447799E+03	 2.63087701113416E-01
 1.96894605237802E+03	 3.75792860698348E-01
 1.96894879027805E+03	 4.25526390910564E-01
 1.96895152817808E+03	 3.56804767510989E-01
 1.96895426607811E+03	 1.72826823471834E-01
 1.96895700397814E+03	-6.14568546085111E-02
 1.96895974187817E+03	-2.63324114693680E-01
 1.96896247977820E+03	-3.78032440625903E-01
 1.96896521767823E+03	-3.86180577082098E-01
 1.96896795557826E+03	-2.85150862135950E-01
 1.96897069347829E+03	-8.78621410172712E-02
 1.96897343137833E+03	 1.54064686697857E-01
 1.96897616927836E+03	 3.47345275429370E-01
 1.96897890717839E+03	 4.05056404534368E-01
 1.96898164507842E+03	 3.08347559353672E-01
 1.96898438297845E+03	 1.16718959689933E-01
 1.96898712087848E+03	-8.40275084491196E-02
 1.96898985877851E+03	-2.40837549690759E-01
 1.96899259667854E+03	-3.46121808214911E-01
 1.96899533457857E+03	-4.07786543487254E-01
 1.96899807247860E+03	-4.20156479456518E-01
 1.96900081037863E+03	-3.67258046970013E-01
 1.96900354827866E+03	-2.50393083174222E-01
 1.96900628617869E+03	-1.05226271816173E-01
 1.96900902407872E+03	 1.74456516203059E-02
 1.96901176197876E+03	 9.39562786401269E-02
 1.96901449987879E+03	 1.47952477114606E-01
 1.96901723777882E+03	 2.20002002573345E-01
 1.96901997567885E+03	 3.13810407266570E-01
 1.96902271357888E+03	 3.77814208286308E-01
 1.96902545147891E+03	 3.46241869135254E-01
 1.96902818937894E+03	 1.99781861239051E-01
 1.96903092727897E+03	-1.39668808536604E-02
 1.96903366517900E+03	-2.15357965242299E-01
 1.96903640307903E+03	-3.41969950914238E-01
 1.96903914097906E+03	-3.66342548111974E-01
 1.96904187887909E+03	-2.82439450857963E-01
 1.96904461677912E+03	-9.84894044153011E-02
 1.96904735467916E+03	 1.45504923192125E-01
 1.96905009257919E+03	 3.66344271235648E-01
 1.96905283047922E+03	 4.70117781654823E-01
 1.96905556837925E+03	 4.13308471730882E-01
 1.96905830627928E+03	 2.32599076376756E-01
 1.96906104417931E+03	 1.13715749130270E-02
 1.96906378207934E+03	-1.81298412044621E-01
 1.96906651997937E+03	-3.20450392897116E-01
 1.96906925787940E+03	-4.08190695743174E-01
 1.96907199577943E+03	-4.42752960165395E-01
 1.96907473367946E+03	-4.09698749283461E-01
 1.96907747157949E+03	-3.00767814110444E-01
 1.96908020947952E+03	-1.37941352618345E-01
 1.96908294737956E+03	 2.65920400167710E-02
 1.96908568527959E+03	 1.44179562477078E-01
 1.96908842317962E+03	 2.09106975632527E-01
 1.96909116107965E+03	 2.58122770875155E-01
 1.96909389897968E+03	 3.21497083646157E-01
 1.96909663687971E+03	 3.76713269255813E-01
 1.96909937477974E+03	 3.61373417035282E-01
 1.96910211267977E+03	 2.35857308278786E-01
 1.96910485057980E+03	 2.77825843865570E-02
 1.96910758847983E+03	-1.86643633681582E-01
 1.96911032637986E+03	-3.36178073522761E-01
 1.96911306427989E+03	-3.84388429061600E-01
 1.96911580217992E+03	-3.20251863111106E-01
 1.96911854007995E+03	-1.46042343314644E-01
 1.96912127797999E+03	 1.08356999487953E-01
 1.96912401588002E+03	 3.67031786959342E-01
 1.96912675378005E+03	 5.28774473470202E-01
 1.96912949168008E+03	 5.26920181636865E-01
 1.96913222958011E+03	 3.74239650069447E-01
 1.96913496748014E+03	 1.46791994123345E-01
 1.96913770538017E+03	-7.53646658303058E-02
 1.96914044328020E+03	-2.51236688294652E-01
 1.96914318118023E+03	-3.74191259985275E-01
 1.96914591908026E+03	-4.42455072958886E-01
 1.96914865698029E+03	-4.43550769597487E-01
 1.96915139488032E+03	-3.64675883185718E-01
 1.96915413278035E+03	-2.13789201560580E-01
 1.96915687068039E+03	-2.95501132444800E-02
 1.96915960858042E+03	 1.34358834577195E-01
 1.96916234648045E+03	 2.44821562680600E-01
 1.96916508438048E+03	 3.12202226501492E-01
 1.96916782228051E+03	 3.68755399755488E-01
 1.96917056018054E+03	 4.18219546394133E-01
 1.96917329808057E+03	 4.15921651614158E-01
 1.96917603598060E+03	 3.11048279895952E-01
 1.96917877388063E+03	 1.06813664352162E-01
 1.96918151178066E+03	-1.30584870767661E-01
 1.96918424968069E+03	-3.20449328092591E-01
 1.96918698758072E+03	-4.13437292710082E-01
 1.96918972548075E+03	-3.92045579147475E-01
 1.96919246338079E+03	-2.51525277193165E-01
 1.96919520128082E+03	-7.02320833865984E-03
 1.96919793918085E+03	 2.79530300216101E-01
 1.96920067708088E+03	 5.03657174773432E-01
 1.96920341498091E+03	 5.74198833340658E-01
 1.96920615288094E+03	 4.74252568084199E-01
 1.96920889078097E+03	 2.65813747792384E-01
 1.96921162868100E+03	 3.54562961696016E-02
 1.96921436658103E+03	-1.61614390394214E-01
 1.96921710448106E+03	-3.10616598020592E-01
 1.96921984238109E+03	-4.09298796394670E-01
 1.96922258028112E+03	-4.46296299874684E-01
 1.96922531818115E+03	-4.06923024406510E-01
 1.96922805608119E+03	-2.91809367784325E-01
 1.96923079398122E+03	-1.26524834728136E-01
 1.96923353188125E+03	 4.62007987593194E-02
 1.96923626978128E+03	 1.88590258198992E-01
 1.96923900768131E+03	 2.90393855853071E-01
 1.96924174558134E+03	 3.68220071099249E-01
 1.96924448348137E+03	 4.33023515370286E-01
 1.96924722138140E+03	 4.58003548097948E-01
 1.96924995928143E+03	 3.92312116593665E-01
 1.96925269718146E+03	 2.15775944282402E-01
 1.96925543508149E+03	-2.67836341890396E-02
 1.96925817298152E+03	-2.53251371950864E-01
 1.96926091088155E+03	-3.99065206907098E-01
 1.96926364878158E+03	-4.36790534743677E-01
 1.96926638668162E+03	-3.56530260698394E-01
 1.96926912458165E+03	-1.58856420495069E-01
 1.96927186248168E+03	 1.17555464737176E-01
 1.96927460038171E+03	 3.78947790885242E-01
 1.96927733828174E+03	 5.16963443688393E-01
 1.96928007618177E+03	 4.81181849370863E-01
 1.96928281408180E+03	 3.10584200565368E-01
 1.96928555198183E+03	 9.25408484574200E-02
 1.96928828988186E+03	-1.04227262741014E-01
 1.96929102778189E+03	-2.57117761041149E-01
 1.96929376568192E+03	-3.66309903825273E-01
 1.96929650358195E+03	-4.23993070138499E-01
 1.96929924148198E+03	-4.13539183548360E-01
 1.96930197938202E+03	-3.30809156890873E-01
 1.96930471728205E+03	-1.96675009376349E-01
 1.96930745518208E+03	-4.73519798811381E-02
 1.96931019308211E+03	 8.63033421418515E-02
 1.96931293098214E+03	 1.94114386855276E-01
 1.96931566888217E+03	 2.85664585366448E-01
 1.96931840678220E+03	 3.69750207987985E-01
 1.96932114468223E+03	 4.28128984993711E-01
 1.96932388258226E+03	 4.14586995509699E-01
 1.96932662048229E+03	 2.93254302883526E-01
 1.96932935838232E+03	 8.19573180962177E-02
 1.96933209628235E+03	-1.49986152559359E-01
 1.96933483418238E+03	-3.29234161477142E-01
 1.96933757208242E+03	-4.15666056149524E-01
 1.96934030998245E+03	-3.94888085667301E-01
 1.96934304788248E+03	-2.59718203462836E-01
 1.96934578578251E+03	-2.61647266101754E-02
 1.96934852368254E+03	 2.35395961322562E-01
 1.96935126158257E+03	 4.14857841263998E-01
 1.96935399948260E+03	 4.32498881375630E-01
 1.96935673738263E+03	 2.97198400062132E-01
 1.96935947528266E+03	 9.03881330713185E-02
 1.96936221318269E+03	-1.04310875727018E-01
 1.96936495108272E+03	-2.51308647009826E-01
 1.96936768898275E+03	-3.53139796238865E-01
 1.96937042688278E+03	-4.11351103419734E-01
 1.96937316478281E+03	-4.11048668738954E-01
 1.96937590268285E+03	-3.41262920022697E-01
 1.96937864058288E+03	-2.18552437490549E-01
 1.96938137848291E+03	-8.25895017800114E-02
 1.96938411638294E+03	 3.18080588890684E-02
 1.96938685428297E+03	 1.17370431296286E-01
 1.96938959218300E+03	 1.91327367218780E-01
 1.96939233008303E+03	 2.70188234610169E-01
 1.96939506798306E+03	 3.43193201699301E-01
 1.96939780588309E+03	 3.68573684397854E-01
 1.96940054378312E+03	 3.02665525331723E-01
 1.96940328168315E+03	 1.41493187028855E-01
 1.96940601958318E+03	-6.58169077515752E-02
 1.96940875748321E+03	-2.48537796580469E-01
 1.96941149538325E+03	-3.56798894034195E-01
 1.96941423328328E+03	-3.70375064527955E-01
 1.96941697118331E+03	-2.80103865863535E-01
 1.96941970908334E+03	-8.87192022149722E-02
 1.96942244698337E+03	 1.57953286675719E-01
 1.96942518488340E+03	 3.61176941843415E-01
 1.96942792278343E+03	 4.21693371267774E-01
 1.96943066068346E+03	 3.14176500345926E-01
 1.96943339858349E+03	 1.04200677868979E-01
 1.96943613648352E+03	-1.10834366807939E-01
 1.96943887438355E+03	-2.72205737015680E-01
 1.96944161228358E+03	-3.74730894561321E-01
 1.96944435018361E+03	-4.29661325974780E-01
 1.96944708808365E+03	-4.31325801715286E-01
 1.96944982598368E+03	-3.64386962121322E-01
 1.96945256388371E+03	-2.34796056170149E-01
 1.96945530178374E+03	-8.23153058293703E-02
 1.96945803968377E+03	 4.36151596229127E-02
 1.96946077758380E+03	 1.21321090362239E-01
 1.96946351548383E+03	 1.69224029768703E-01
 1.96946625338386E+03	 2.19778276388045E-01
 1.96946899128389E+03	 2.79982166834909E-01
 1.96947172918392E+03	 3.16742067120734E-01
 1.96947446708395E+03	 2.82374068383825E-01
 1.96947720498398E+03	 1.58303909244703E-01
 1.96947994288401E+03	-2.29802689603947E-02
 1.96948268078404E+03	-1.97942899491927E-01
 1.96948541868408E+03	-3.12150003734646E-01
 1.96948815658411E+03	-3.39342009558361E-01
 1.96949089448414E+03	-2.69380101107675E-01
 1.96949363238417E+03	-9.98762501725923E-02
 1.96949637028420E+03	 1.41137670775130E-01
 1.96949910818423E+03	 3.71498486185517E-01
 1.96950184608426E+03	 4.83110646901338E-01
 1.96950458398429E+03	 4.16418156208588E-01
 1.96950732188432E+03	 2.07870447996531E-01
 1.96951005978435E+03	-4.25661974367443E-02
 1.96951279768438E+03	-2.48911442590259E-01
 1.96951553558441E+03	-3.82994498149304E-01
 1.96951827348444E+03	-4.54587176052863E-01
 1.96952101138448E+03	-4.68900047169673E-01
 1.96952374928451E+03	-4.13848289282535E-01
 1.96952648718454E+03	-2.84333412308610E-01
 1.96952922508457E+03	-1.08834780231532E-01
 1.96953196298460E+03	 5.63620175163527E-02
 1.96953470088463E+03	 1.65112470438999E-01
 1.96953743878466E+03	 2.15634918930895E-01
 1.96954017668469E+03	 2.44028899750938E-01
 1.96954291458472E+03	 2.80116672766653E-01
 1.96954565248475E+03	 3.10503219027429E-01
 1.96954839038478E+03	 2.88766263778020E-01
 1.96955112828481E+03	 1.82934627130227E-01
 1.96955386618484E+03	 1.13136926986775E-02
 1.96955660408488E+03	-1.67461758515347E-01
 1.96955934198491E+03	-2.94471132799988E-01
 1.96956207988494E+03	-3.37115512169145E-01
 1.96956481778497E+03	-2.82980131511999E-01
 1.96956755568500E+03	-1.26974864824566E-01
 1.96957029358503E+03	 1.14952885666429E-01
 1.96957303148506E+03	 3.77442438305330E-01
 1.96957576938509E+03	 5.52944948426687E-01
 1.96957850728512E+03	 5.54089029849545E-01
 1.96958124518515E+03	 3.79333414308410E-01
 1.96958398308518E+03	 1.12798938828473E-01
 1.96958672098521E+03	-1.42640039931957E-01
 1.96958945888524E+03	-3.29651397783105E-01
 1.96959219678528E+03	-4.42223809338440E-01
 1.96959493468531E+03	-4.88247576866645E-01
 1.96959767258534E+03	-4.62309829183260E-01
 1.96960041048537E+03	-3.54975984003601E-01
 1.96960314838540E+03	-1.79862714946133E-01
 1.96960588628543E+03	 1.55702172957648E-02
 1.96960862418546E+03	 1.72180642712109E-01
 1.96961136208549E+03	 2.59105514909537E-01
 1.96961409998552E+03	 2.93497357650439E-01
 1.96961683788555E+03	 3.14745767257535E-01
 1.96961957578558E+03	 3.35385236551820E-01
 1.96962231368561E+03	 3.22622780811330E-01
 1.96962505158564E+03	 2.34071222132920E-01
 1.96962778948567E+03	 6.86906467185838E-02
 1.96963052738571E+03	-1.23168886437812E-01
 1.96963326528574E+03	-2.76619783071212E-01
 1.96963600318577E+03	-3.49764778150116E-01
 1.96963874108580E+03	-3.25728677544323E-01
 1.96964147898583E+03	-1.96124978730088E-01
 1.96964421688586E+03	 3.38586207696141E-02
 1.96964695478589E+03	 3.16046967691091E-01
 1.96964969268592E+03	 5.50595449401520E-01
 1.96965243058595E+03	 6.32663593959931E-01
 1.96965516848598E+03	 5.24152621066887E-01
 1.96965790638601E+03	 2.80503562074668E-01
 1.96966064428604E+03	 4.33191161893756E-03
 1.96966338218607E+03	-2.25536190345913E-01
 1.96966612008611E+03	-3.82592568093720E-01
 1.96966885798614E+03	-4.68470549725992E-01
 1.96967159588617E+03	-4.80849677805589E-01
 1.96967433378620E+03	-4.10602830955415E-01
 1.96967707168623E+03	-2.62037448027129E-01
 1.96967980958626E+03	-6.81947185895549E-02
 1.96968254748629E+03	 1.16766468216021E-01
 1.96968528538632E+03	 2.46254320745351E-01
 1.96968802328635E+03	 3.10403246906522E-01
 1.96969076118638E+03	 3.36341341317630E-01
 1.96969349908641E+03	 3.51702084854833E-01
 1.96969623698644E+03	 3.46886534700400E-01
 1.96969897488647E+03	 2.82335164762416E-01
 1.96970171278651E+03	 1.37179579487233E-01
 1.96970445068654E+03	-5.70165429694098E-02
 1.96970718858657E+03	-2.35926976355522E-01
 1.96970992648660E+03	-3.47100072354816E-01
 1.96971266438663E+03	-3.66479424884960E-01
 1.96971540228666E+03	-2.82048517005583E-01
 1.96971814018669E+03	-8.82292283714244E-02
 1.96972087808672E+03	 1.86654809536714E-01
 1.96972361598675E+03	 4.57125044397002E-01
 1.96972635388678E+03	 6.10189542072471E-01
 1.96972909178681E+03	 5.77537530913549E-01
 1.96973182968684E+03	 3.83142777813263E-01
 1.96973456758687E+03	 1.18514601526444E-01
 1.96973730548690E+03	-1.26768380728536E-01
 1.96974004338694E+03	-3.10101630681906E-01
 1.96974278128697E+03	-4.25478555147450E-01
 1.96974551918700E+03	-4.70576309530754E-01
 1.96974825708703E+03	-4.36195709665855E-01
 1.96975099498706E+03	-3.22150907939817E-01
 1.96975373288709E+03	-1.52233727333671E-01
 1.96975647078712E+03	 2.98767984628876E-02
 1.96975920868715E+03	 1.79799550983176E-01
 1.96976194658718E+03	 2.74244147646795E-01
 1.96976468448721E+03	 3.20728947080843E-01
 1.96976742238724E+03	 3.42215818446423E-01
 1.96977016028727E+03	 3.44706401166596E-01
 1.96977289818730E+03	 3.03102531143447E-01
 1.96977563608734E+03	 1.88928733156960E-01
 1.96977837398737E+03	 1.19253427792180E-02
 1.96978111188740E+03	-1.75495861539292E-01
 1.96978384978743E+03	-3.15820526070426E-01
 1.96978658768746E+03	-3.76996667081469E-01
 1.96978932558749E+03	-3.44344314910003E-01
 1.96979206348752E+03	-2.04680887928274E-01
 1.96979480138755E+03	 3.50144247241381E-02
 1.96979753928758E+03	 3.11954323892350E-01
 1.96980027718761E+03	 5.14759435508141E-01
 1.96980301508764E+03	 5.50217571740767E-01
 1.96980575298767E+03	 4.10189185718887E-01
 1.96980849088770E+03	 1.70768374945783E-01
 1.96981122878774E+03	-7.21883086861757E-02
 1.96981396668777E+03	-2.62941449910515E-01
 1.96981670458780E+03	-3.90164770631333E-01
 1.96981944248783E+03	-4.53423464578271E-01
 1.96982218038786E+03	-4.43517644857954E-01
 1.96982491828789E+03	-3.55735469368673E-01
 1.96982765618792E+03	-2.09159633110039E-01
 1.96983039408795E+03	-4.37260329354255E-02
 1.96983313198798E+03	 1.01069605605523E-01
 1.96983586988801E+03	 2.04435613881170E-01
 1.96983860778804E+03	 2.67931691778990E-01
 1.96984134568807E+03	 3.04897188281346E-01
 1.96984408358810E+03	 3.20921865851552E-01
 1.96984682148813E+03	 3.00154120204811E-01
 1.96984955938817E+03	 2.16812611050018E-01
 1.96985229728820E+03	 6.76961359540822E-02
 1.96985503518823E+03	-1.10326761950708E-01
 1.96985777308826E+03	-2.62293888757377E-01
 1.96986051098829E+03	-3.50208931696424E-01
 1.96986324888832E+03	-3.57910791273796E-01
 1.96986598678835E+03	-2.71293849520649E-01
 1.96986872468838E+03	-8.16106003973521E-02
 1.96987146258841E+03	 1.76359945602699E-01
 1.96987420048844E+03	 4.05846953809398E-01
 1.96987693838847E+03	 4.96825710578581E-01
 1.96987967628850E+03	 4.06813096405940E-01
 1.96988241418853E+03	 1.90445508604165E-01
 1.96988515208857E+03	-5.17837200414853E-02
 1.96988788998860E+03	-2.47723531242707E-01
 1.96989062788863E+03	-3.78439225960580E-01
 1.96989336578866E+03	-4.47969066476961E-01
 1.96989610368869E+03	-4.50997739040734E-01
 1.96989884158872E+03	-3.77872512932219E-01
 1.96990157948875E+03	-2.40835379036421E-01
 1.96990431738878E+03	-8.08258628453948E-02
 1.96990705528881E+03	 5.67088538268812E-02
 1.96990979318884E+03	 1.50505531172727E-01
 1.96991253108887E+03	 2.08647466344906E-01
 1.96991526898890E+03	 2.49691851529276E-01
 1.96991800688893E+03	 2.79258018634833E-01
 1.96992074478897E+03	 2.80472953778043E-01
 1.96992348268900E+03	 2.26138465095605E-01
 1.96992622058903E+03	 1.06004731643279E-01
 1.96992895848906E+03	-5.41980027216782E-02
 1.96993169638909E+03	-2.04326128115406E-01
 1.96993443428912E+03	-3.02257546213862E-01
 1.96993717218915E+03	-3.29532704743418E-01
 1.96993991008918E+03	-2.75862118909151E-01
 1.96994264798921E+03	-1.28240800579649E-01
 1.96994538588924E+03	 1.01433583815770E-01
 1.96994812378927E+03	 3.40576719299746E-01
 1.96995086168930E+03	 4.75857900618282E-01
 1.96995359958933E+03	 4.32316216658400E-01
 1.96995633748937E+03	 2.33926634428310E-01
 1.96995907538940E+03	-2.04842672667030E-02
 1.96996181328943E+03	-2.37670373916107E-01
 1.96996455118946E+03	-3.81749930358255E-01
 1.96996728908949E+03	-4.58069711963771E-01
 1.96997002698952E+03	-4.70028056084299E-01
 1.96997276488955E+03	-4.07070715595849E-01
 1.96997550278958E+03	-2.70642607494950E-01
 1.96997824068961E+03	-9.68463579341896E-02
 1.96998097858964E+03	 5.76181253206432E-02
 1.96998371648967E+03	 1.54431183336632E-01
 1.96998645438970E+03	 1.97544025450862E-01
 1.96998919228973E+03	 2.18669012618374E-01
 1.96999193018976E+03	 2.40299920065868E-01
 1.96999466808980E+03	 2.52182375469961E-01
 1.96999740598983E+03	 2.21758511091886E-01
 1.97000014388986E+03	 1.27507952597998E-01
 1.97000288178989E+03	-1.54532507968997E-02
 1.97000561968992E+03	-1.60978845938165E-01
 1.97000835758995E+03	-2.62539813876134E-01
 1.97001109548998E+03	-2.96332740373970E-01
 1.97001383339001E+03	-2.54167645291015E-01
 1.97001657129004E+03	-1.26227762576890E-01
 1.97001930919007E+03	 8.66945659057270E-02
 1.97002204709010E+03	 3.34949139788223E-01
 1.97002478499013E+03	 5.13364914480347E-01
 1.97002752289016E+03	 5.22428645637048E-01
 1.97003026079020E+03	 3.48065575419451E-01
 1.97003299869023E+03	 7.43106683432053E-02
 1.97003573659026E+03	-1.86276756613177E-01
 1.97003847449029E+03	-3.69164578138465E-01
 1.97004121239032E+03	-4.69248541089779E-01
 1.97004395029035E+03	-4.98103223980706E-01
 1.97004668819038E+03	-4.51663068469583E-01
 1.97004942609041E+03	-3.22934668243743E-01
 1.97005216399044E+03	-1.33894545540362E-01
 1.97005490189047E+03	 5.82836479758364E-02
 1.97005763979050E+03	 1.93439176002482E-01
 1.97006037769053E+03	 2.49731088084273E-01
 1.97006311559056E+03	 2.53538048067567E-01
 1.97006585349060E+03	 2.46935563467574E-01
 1.97006859139063E+03	 2.44200564608286E-01
 1.97007132929066E+03	 2.20656981081360E-01
 1.97007406719069E+03	 1.43737603607854E-01
 1.97007680509072E+03	 1.25582559309093E-02
 1.97007954299075E+03	-1.34175361716036E-01
 1.97008228089078E+03	-2.46085805989935E-01
 1.97008501879081E+03	-2.91480435622337E-01
 1.97008775669084E+03	-2.59253996359632E-01
 1.97009049459087E+03	-1.41287016501309E-01
 1.97009323249090E+03	 6.66890611897036E-02
 1.97009597039093E+03	 3.32304717275399E-01
 1.97009870829096E+03	 5.63392256437644E-01
 1.97010144619099E+03	 6.45312011446621E-01
 1.97010418409103E+03	 5.23412324659474E-01
 1.97010692199106E+03	 2.49961234502500E-01
 1.97010965989109E+03	-5.71387734679998E-02
 1.97011239779112E+03	-3.00887064620851E-01
 1.97011513569115E+03	-4.50013744984825E-01
 1.97011787359118E+03	-5.13840914916702E-01
 1.97012061149121E+03	-4.97860550912426E-01
 1.97012334939124E+03	-3.95387272346631E-01
 1.97012608729127E+03	-2.14147269993198E-01
 1.97012882519130E+03	 2.72929072582668E-03
 1.97013156309133E+03	 1.89610745689148E-01
 1.97013430099136E+03	 2.96983053617590E-01
 1.97013703889139E+03	 3.22381009542516E-01
 1.97013977679143E+03	 3.03630163068795E-01
 1.97014251469146E+03	 2.77496369069999E-01
 1.97014525259149E+03	 2.43855843483447E-01
 1.97014799049152E+03	 1.73444457210613E-01
 1.97015072839155E+03	 4.98591546183842E-02
 1.97015346629158E+03	-1.02534499708555E-01
 1.97015620419161E+03	-2.34180284420672E-01
 1.97015894209164E+03	-3.05761597248278E-01
 1.97016167999167E+03	-3.00729794300430E-01
 1.97016441789170E+03	-2.09285179647986E-01
 1.97016715579173E+03	-2.05195096805159E-02
 1.97016989369176E+03	 2.50891964627407E-01
 1.97017263159179E+03	 5.30919564206596E-01
 1.97017536949183E+03	 7.00601897620860E-01
 1.97017810739186E+03	 6.69309816453556E-01
 1.97018084529189E+03	 4.44474070775511E-01
 1.97018358319192E+03	 1.26139322854745E-01
 1.97018632109195E+03	-1.69072805040873E-01
 1.97018905899198E+03	-3.77158134424534E-01
 1.97019179689201E+03	-4.90387117286384E-01
 1.97019453479204E+03	-5.16806975190648E-01
 1.97019727269207E+03	-4.55329213728918E-01
 1.97020001059210E+03	-3.08262602905899E-01
 1.97020274849213E+03	-1.03471517994571E-01
 1.97020548639216E+03	 1.05012232922319E-01
 1.97020822429219E+03	 2.60962047907324E-01
 1.97021096219222E+03	 3.36187627192024E-01
 1.97021370009226E+03	 3.43369465133659E-01
 1.97021643799229E+03	 3.17296400702368E-01
 1.97021917589232E+03	 2.77824867421179E-01
 1.97022191379235E+03	 2.12522633210525E-01
 1.97022465169238E+03	 1.00496729810196E-01
 1.97022738959241E+03	-5.03266487808111E-02
 1.97023012749244E+03	-1.98516064040214E-01
 1.97023286539247E+03	-3.00422884330860E-01
 1.97023560329250E+03	-3.34311988208235E-01
 1.97023834119253E+03	-2.89915872866870E-01
 1.97024107909256E+03	-1.50995927598429E-01
 1.97024381699259E+03	 8.78170743277850E-02
 1.97024655489262E+03	 3.79573155700763E-01
 1.97024929279266E+03	 6.16218560465635E-01
 1.97025203069269E+03	 6.85167594050327E-01
 1.97025476859272E+03	 5.49252225180378E-01
 1.97025750649275E+03	 2.72978931539702E-01
 1.97026024439278E+03	-3.02455042967260E-02
 1.97026298229281E+03	-2.74353271735515E-01
 1.97026572019284E+03	-4.29549476788503E-01
 1.97026845809287E+03	-4.96406296093095E-01
 1.97027119599290E+03	-4.75460731268061E-01
 1.97027393389293E+03	-3.68686141118301E-01
 1.97027667179296E+03	-1.97510590474288E-01
 1.97027940969299E+03	-5.53515315486325E-03
 1.97028214759302E+03	 1.59145762179264E-01
 1.97028488549306E+03	 2.65038916892295E-01
 1.97028762339309E+03	 3.08036028908970E-01
 1.97029036129312E+03	 3.06300953060756E-01
 1.97029309919315E+03	 2.79575296559863E-01
 1.97029583709318E+03	 2.28284044205862E-01
 1.97029857499321E+03	 1.37114553230535E-01
 1.97030131289324E+03	 3.58737764165647E-03
 1.97030405079327E+03	-1.43374171935654E-01
 1.97030678869330E+03	-2.61051443128620E-01
 1.97030952659333E+03	-3.23113168217307E-01
 1.97031226449336E+03	-3.20937316355632E-01
 1.97031500239339E+03	-2.40778079469287E-01
 1.97031774029342E+03	-6.40293997908850E-02
 1.97032047819346E+03	 1.92647862015781E-01
 1.97032321609349E+03	 4.46425901322634E-01
 1.97032595399352E+03	 5.81346692153301E-01
 1.97032869189355E+03	 5.28472997958953E-01
 1.97033142979358E+03	 3.16150985930945E-01
 1.97033416769361E+03	 4.14750413781975E-02
 1.97033690559364E+03	-2.02920792794263E-01
 1.97033964349367E+03	-3.73341208773200E-01
 1.97034238139370E+03	-4.62439850853457E-01
 1.97034511929373E+03	-4.67902396235651E-01
 1.97034785719376E+03	-3.88007599453626E-01
 1.97035059509379E+03	-2.40418672226379E-01
 1.97035333299382E+03	-6.79535889951620E-02
 1.97035607089385E+03	 8.22585304986363E-02
 1.97035880879389E+03	 1.83414325797537E-01
 1.97036154669392E+03	 2.34590017681730E-01
 1.97036428459395E+03	 2.49266847023898E-01
 1.97036702249398E+03	 2.39900534949297E-01
 1.97036976039401E+03	 2.06751188265527E-01
 1.97037249829404E+03	 1.38574227346468E-01
 1.97037523619407E+03	 2.97387545069427E-02
 1.97037797409410E+03	-1.01019717843980E-01
 1.97038071199413E+03	-2.15769856668925E-01
 1.97038344989416E+03	-2.84504223618601E-01
 1.97038618779419E+03	-2.98446220428552E-01
 1.97038892569422E+03	-2.51722666722640E-01
 1.97039166359425E+03	-1.26038682700810E-01
 1.97039440149429E+03	 8.27819832494090E-02
 1.97039713939432E+03	 3.20880309055567E-01
 1.97039987729435E+03	 4.81616255559802E-01
 1.97040261519438E+03	 4.76568940576832E-01
 1.97040535309441E+03	 3.05341188300913E-01
 1.97040809099444E+03	 5.13436086106125E-02
 1.97041082889446E+03	-1.87632550306291E-01
 1.97041356679450E+03	-3.58687767093607E-01
 1.97041630469453E+03	-4.52904628150619E-01
 1.97041904259456E+03	-4.69764848934837E-01
 1.97042178049459E+03	-4.02791722951272E-01
 1.97042451839462E+03	-2.60126034138941E-01
 1.97042725629465E+03	-8.26799892133013E-02
 1.97042999419469E+03	 7.24981416253925E-02
 1.97043273209472E+03	 1.68901595021402E-01
 1.97043546999475E+03	 2.08142753626603E-01
 1.97043820789478E+03	 2.14218992947239E-01
 1.97044094579481E+03	 2.05710597196170E-01
 1.97044368369484E+03	 1.81664099337223E-01
 1.97044642159487E+03	 1.27882360770695E-01
 1.97044915949490E+03	 3.55243797283871E-02
 1.97045189739493E+03	-8.21683086204394E-02
 1.97045463529496E+03	-1.91076280502715E-01
 1.97045737319499E+03	-2.58159799336737E-01
 1.97046011109502E+03	-2.70786518164975E-01
 1.97046284899505E+03	-2.28256537158028E-01
 1.97046558689508E+03	-1.20268057058798E-01
 1.97046832479512E+03	 6.44624776427720E-02
 1.97047106269515E+03	 2.94851747940411E-01
 1.97047380059518E+03	 4.77639212991475E-01
 1.97047653849521E+03	 5.08957885936073E-01
 1.97047927639524E+03	 3.58191698139103E-01
 1.97048201429527E+03	 9.49866777765505E-02
 1.97048475219530E+03	-1.69764182708605E-01
 1.97048749009533E+03	-3.62741935522006E-01
 1.97049022799536E+03	-4.69322676901475E-01
 1.97049296589539E+03	-4.96903273615653E-01
 1.97049570379542E+03	-4.42379491192136E-01
 1.97049844169545E+03	-3.03412296465784E-01
 1.97050117959548E+03	-1.08859814639459E-01
 1.97050391749552E+03	 7.95909701785388E-02
 1.97050665539555E+03	 2.04289437775363E-01
 1.97050939329558E+03	 2.49605121857300E-01
 1.97051213119561E+03	 2.42594279847464E-01
 1.97051486909564E+03	 2.18918014969074E-01
 1.97051760699567E+03	 1.90166219363698E-01
 1.97052034489570E+03	 1.41518852760690E-01
 1.97052308279573E+03	 5.60920660353368E-02
 1.97052582069576E+03	-6.00003425058887E-02
 1.97052855859579E+03	-1.74640213095077E-01
 1.97053129649582E+03	-2.50515490046564E-01
 1.97053403439585E+03	-2.68295473274656E-01
 1.97053677229588E+03	-2.26556215203284E-01
 1.97053951019592E+03	-1.21109688093230E-01
 1.97054224809595E+03	 5.98126385790710E-02
 1.97054498599598E+03	 3.01509180938356E-01
 1.97054772389601E+03	 5.26742544043112E-01
 1.97055046179604E+03	 6.20198607472242E-01
 1.97055319969607E+03	 5.12907796808077E-01
 1.97055593759610E+03	 2.44127040663977E-01
 1.97055867549613E+03	-6.86264180806892E-02
 1.97056141339616E+03	-3.19237924704801E-01
 1.97056415129619E+03	-4.68622097450205E-01
 1.97056688919622E+03	-5.24718422389948E-01
 1.97056962709625E+03	-4.95036864673981E-01
 1.97057236499628E+03	-3.75707510492577E-01
 1.97057510289632E+03	-1.80182299560856E-01
 1.97057784079635E+03	 3.97545840716357E-02
 1.97058057869638E+03	 2.13998362791300E-01
 1.97058331659641E+03	 2.98772867989141E-01
 1.97058605449644E+03	 3.02205864820953E-01
 1.97058879239647E+03	 2.66397729745738E-01
 1.97059153029650E+03	 2.24612118625434E-01
 1.97059426819653E+03	 1.75630573865264E-01
 1.97059700609656E+03	 9.77903508059623E-02
 1.97059974399659E+03	-1.61614033017207E-02
 1.97060248189662E+03	-1.41456383029013E-01
 1.97060521979665E+03	-2.37324280010913E-01
 1.97060795769668E+03	-2.75948523327044E-01
 1.97061069559671E+03	-2.51285269145188E-01
 1.97061343349675E+03	-1.61063673178938E-01
 1.97061617139678E+03	 7.12016077913996E-03
 1.97061890929681E+03	 2.53227418570989E-01
 1.97062164719684E+03	 5.21764008315898E-01
 1.97062438509687E+03	 6.98670453129896E-01
 1.97062712299690E+03	 6.79308316693668E-01
 1.97062986089693E+03	 4.53532554131256E-01
 1.97063259879696E+03	 1.18805459945466E-01
 1.97063533669699E+03	-1.95149972539433E-01
 1.97063807459702E+03	-4.10753276046384E-01
 1.97064081249705E+03	-5.17469458376843E-01
 1.97064355039708E+03	-5.27994191379925E-01
 1.97064628829711E+03	-4.45161771563975E-01
 1.97064902619715E+03	-2.74361246369140E-01
 1.97065176409718E+03	-5.12328707592366E-02
 1.97065450199721E+03	 1.58783112783846E-01
 1.97065723989724E+03	 2.94337654922571E-01
 1.97065997779727E+03	 3.34808827150497E-01
 1.97066271569730E+03	 3.06803216243590E-01
 1.97066545359733E+03	 2.54188108621331E-01
 1.97066819149736E+03	 1.98692801233432E-01
 1.97067092939739E+03	 1.28933192563716E-01
 1.97067366729742E+03	 2.73621194108899E-02
 1.97067640519745E+03	-9.70524892824436E-02
 1.97067914309748E+03	-2.08114758229621E-01
 1.97068188099751E+03	-2.71367627954494E-01
 1.97068461889755E+03	-2.74629190378981E-01
 1.97068735679758E+03	-2.16257957798201E-01
 1.97069009469761E+03	-8.37232920061037E-02
 1.97069283259764E+03	 1.36640802328156E-01
 1.97069557049767E+03	 4.16384171245000E-01
 1.97069830839770E+03	 6.59487005984382E-01
 1.97070104629773E+03	 7.44071162252273E-01
 1.97070378419776E+03	 6.10181279612256E-01
 1.97070652209779E+03	 3.10492484893507E-01
 1.97070925999782E+03	-2.98743861865257E-02
 1.97071199789785E+03	-3.02647980075841E-01
 1.97071473579788E+03	-4.66165072196424E-01
 1.97071747369791E+03	-5.24272285129793E-01
 1.97072021159794E+03	-4.84857588222305E-01
 1.97072294949798E+03	-3.52987640200429E-01
 1.97072568739801E+03	-1.52998312226043E-01
 1.97072842529804E+03	 6.18619107639629E-02
 1.97073116319807E+03	 2.29910430484297E-01
 1.97073390109810E+03	 3.13001191964268E-01
 1.97073663899813E+03	 3.13740751539304E-01
 1.97073937689816E+03	 2.65580635345720E-01
 1.97074211479819E+03	 2.02444942335770E-01
 1.97074485269822E+03	 1.32862988878970E-01
 1.97074759059825E+03	 4.42763721702000E-02
 1.97075032849828E+03	-6.72670798943324E-02
 1.97075306639831E+03	-1.78637005372336E-01
 1.97075580429834E+03	-2.55817055275978E-01
 1.97075854219838E+03	-2.81444394988820E-01
 1.97076128009841E+03	-2.54956228302633E-01
 1.97076401799844E+03	-1.67933288068384E-01
 1.97076675589847E+03	 1.53150886149372E-03
 1.97076949379850E+03	 2.52018490284168E-01
 1.97077223169853E+03	 5.17256928947830E-01
 1.97077496959856E+03	 6.79961827212680E-01
 1.97077770749859E+03	 6.47641674096387E-01
 1.97078044539862E+03	 4.24181959950613E-01
 1.97078318329865E+03	 1.06481275815026E-01
 1.97078592119868E+03	-1.88779380193067E-01
 1.97078865909871E+03	-3.93252023574698E-01
 1.97079139699874E+03	-4.92970364502574E-01
 1.97079413489878E+03	-4.93153899858954E-01
 1.97079687279881E+03	-3.99202793528262E-01
 1.97079961069884E+03	-2.30087801327852E-01
 1.97080234859887E+03	-3.06302414891052E-02
 1.97080508649890E+03	 1.43009607012271E-01
 1.97080782439893E+03	 2.50728315107840E-01
 1.97081056229896E+03	 2.83211570007568E-01
 1.97081330019899E+03	 2.57426785540291E-01
 1.97081603809902E+03	 2.00162326395094E-01
 1.97081877599905E+03	 1.29027271268770E-01
 1.97082151389908E+03	 4.46117321195273E-02
 1.97082425179911E+03	-5.63446277276136E-02
 1.97082698969914E+03	-1.60815330808053E-01
 1.97082972759917E+03	-2.40588427954136E-01
 1.97083246549921E+03	-2.75793084116560E-01
 1.97083520339924E+03	-2.66557786304425E-01
 1.97083794129927E+03	-2.13088037641160E-01
 1.97084067919930E+03	-9.56856441188363E-02
 1.97084341709933E+03	 1.03437691150152E-01
 1.97084615499936E+03	 3.50859454957455E-01
 1.97084889289939E+03	 5.48867654986719E-01
 1.97085163079942E+03	 5.91975798101855E-01
 1.97085436869945E+03	 4.46727758266002E-01
 1.97085710659948E+03	 1.76616496441495E-01
 1.97085984449951E+03	-1.09733642303346E-01
 1.97086258239954E+03	-3.30524506199391E-01
 1.97086532029957E+03	-4.56241353264092E-01
 1.97086805819961E+03	-4.85293830609311E-01
 1.97087079609964E+03	-4.20015376877243E-01
 1.97087353399967E+03	-2.74159922110686E-01
 1.97087627189970E+03	-8.84498893029369E-02
 1.97087900979973E+03	 8.04943082698661E-02
 1.97088174769976E+03	 1.91587866058407E-01
 1.97088448559979E+03	 2.36736908502182E-01
 1.97088722349982E+03	 2.30864686913497E-01
 1.97088996139985E+03	 1.92350676207714E-01
 1.97089269929988E+03	 1.31975979691391E-01
 1.97089543719991E+03	 5.23778596714393E-02
 1.97089817509994E+03	-4.45455895968097E-02
 1.97090091299997E+03	-1.46188784885236E-01
 1.97090365090001E+03	-2.27048747724499E-01
 1.97090638880004E+03	-2.65007987567055E-01
 1.97090912670007E+03	-2.58172095595068E-01
 1.97091186460010E+03	-2.14969617080177E-01
 1.97091460250013E+03	-1.27512118490089E-01
 1.97091734040016E+03	 2.67561200416740E-02
 1.97092007830019E+03	 2.40813955129800E-01
 1.97092281620022E+03	 4.42862960113429E-01
 1.97092555410025E+03	 5.27565381147013E-01
 1.97092829200028E+03	 4.35990567383371E-01
 1.97093102990031E+03	 2.03945760573402E-01
 1.97093376780034E+03	-6.96088687885288E-02
 1.97093650570037E+03	-2.95515130819167E-01
 1.97093924360041E+03	-4.34530194973512E-01
 1.97094198150044E+03	-4.81344330246452E-01
 1.97094471940047E+03	-4.35384180510693E-01
 1.97094745730050E+03	-3.02366441289515E-01
 1.97095019520053E+03	-1.16061644680789E-01
 1.97095293310056E+03	 6.24354952671049E-02
 1.97095567100059E+03	 1.79551674471490E-01
 1.97095840890062E+03	 2.22115269605283E-01
 1.97096114680065E+03	 2.13277890561077E-01
 1.97096388470068E+03	 1.80919899260773E-01
 1.97096662260071E+03	 1.34558375078756E-01
 1.97096936050074E+03	 6.82924307241862E-02
 1.97097209840077E+03	-2.18131528857451E-02
 1.97097483630080E+03	-1.24012117294408E-01
 1.97097757420084E+03	-2.10900452066982E-01
 1.97098031210087E+03	-2.54907887644184E-01
 1.97098305000090E+03	-2.47402594920878E-01
 1.97098578790093E+03	-1.98467820192923E-01
 1.97098852580096E+03	-1.12895442585987E-01
 1.97099126370099E+03	 2.39711496513602E-02
 1.97099400160102E+03	 2.17913316235205E-01
 1.97099673950105E+03	 4.20581077897192E-01
 1.97099947740108E+03	 5.33042302966472E-01
 1.97100221530111E+03	 4.75991137393607E-01
 1.97100495320114E+03	 2.59371698505473E-01
 1.97100769110117E+03	-2.40170698135481E-02
 1.97101042900120E+03	-2.71457730581635E-01
 1.97101316690124E+03	-4.30238468474637E-01
 1.97101590480127E+03	-4.93925975609996E-01
 1.97101864270130E+03	-4.65161316101940E-01
 1.97102138060133E+03	-3.43742117481661E-01
 1.97102411850136E+03	-1.50360428151467E-01
 1.97102685640139E+03	 5.69391070875580E-02
 1.97102959430142E+03	 2.07684166677313E-01
 1.97103233220145E+03	 2.65494379758124E-01
 1.97103507010148E+03	 2.47449756710610E-01
 1.97103780800151E+03	 1.97416632683350E-01
 1.97104054590154E+03	 1.43985238610938E-01
 1.97104328380157E+03	 8.47171654391220E-02
 1.97104602170160E+03	 4.87795866691061E-03
 1.97104875960164E+03	-9.51058392238101E-02
 1.97105149750167E+03	-1.90744726189919E-01
 1.97105423540170E+03	-2.48716575014712E-01
 1.97105697330173E+03	-2.50399731557052E-01
 1.97105971120176E+03	-1.99932838622559E-01
 1.97106244910179E+03	-1.06954995646609E-01
 1.97106518700182E+03	 3.39847846675854E-02
 1.97106792490185E+03	 2.31374433721378E-01
 1.97107066280188E+03	 4.53546784980709E-01
 1.97107340070191E+03	 6.09780194462800E-01
 1.97107613860194E+03	 6.00908845862850E-01
 1.97107887650197E+03	 4.02764158163457E-01
 1.97108161440200E+03	 9.39547092764508E-02
 1.97108435230203E+03	-2.04481779553029E-01
 1.97108709020207E+03	-4.11644713857486E-01
 1.97108982810210E+03	-5.10127814620949E-01
 1.97109256600213E+03	-5.08941773908141E-01
 1.97109530390216E+03	-4.10901496111329E-01
 1.97109804180219E+03	-2.24642348984152E-01
 1.97110077970222E+03	 6.56352903628368E-03
 1.97110351760225E+03	 2.08231685167222E-01
 1.97110625550228E+03	 3.17027702146720E-01
 1.97110899340231E+03	 3.21404332030884E-01
 1.97111173130234E+03	 2.60390258169380E-01
 1.97111446920237E+03	 1.83310605612978E-01
 1.97111720710240E+03	 1.10895993386590E-01
 1.97111994500243E+03	 3.28223442276200E-02
 1.97112268290247E+03	-6.30409838289636E-02
 1.97112542080250E+03	-1.64820116874540E-01
 1.97112815870253E+03	-2.40496991902580E-01
 1.97113089660256E+03	-2.63420250670734E-01
 1.97113363450259E+03	-2.29291702509619E-01
 1.97113637240262E+03	-1.45866181497988E-01
 1.97113911030265E+03	-1.03572201616459E-02
 1.97114184820268E+03	 1.89577310254740E-01
 1.97114458610271E+03	 4.38404035144716E-01
 1.97114732400274E+03	 6.58419835407942E-01
 1.97115006190277E+03	 7.35271877431259E-01
 1.97115279980280E+03	 6.01162044211840E-01
 1.97115553770283E+03	 2.97600465223064E-01
 1.97115827560287E+03	-5.16219370957153E-02
 1.97116101350290E+03	-3.30409763788518E-01
 1.97116375140293E+03	-4.90659256132454E-01
 1.97116648930296E+03	-5.36736455551945E-01
 1.97116922720299E+03	-4.79722175189849E-01
 1.97117196510302E+03	-3.25985553173316E-01
 1.97117470300305E+03	-1.02474990701969E-01
 1.97117744090308E+03	 1.28695632037742E-01
 1.97118017880311E+03	 2.94688490493791E-01
 1.97118291670314E+03	 3.54553083287047E-01
 1.97118565460317E+03	 3.20155490926850E-01
 1.97118839250320E+03	 2.37794141303787E-01
 1.97119113040323E+03	 1.48357040711436E-01
 1.97119386830326E+03	 6.20106870936352E-02
 1.97119660620330E+03	-3.16183824057116E-02
 1.97119934410333E+03	-1.33436352859878E-01
 1.97120208200336E+03	-2.21098407458988E-01
 1.97120481990339E+03	-2.66219919670672E-01
 1.97120755780342E+03	-2.58438703032599E-01
 1.97121029570345E+03	-2.04157896836668E-01
 1.97121303360348E+03	-1.02171890192120E-01
 1.97121577150351E+03	 6.66510250786100E-02
 1.97121850940354E+03	 3.09066109354711E-01
 1.97122124730357E+03	 5.73470828094371E-01
 1.97122398520360E+03	 7.47746061404849E-01
 1.97122672310363E+03	 7.26549841327267E-01
 1.97122946100366E+03	 4.95567901093922E-01
 1.97123219890370E+03	 1.48566216159425E-01
 1.97123493680373E+03	-1.82143729999425E-01
 1.97123767470376E+03	-4.10053711775828E-01
 1.97124041260379E+03	-5.15848952668426E-01
 1.97124315050382E+03	-5.10448222384667E-01
 1.97124588840385E+03	-4.04465613464753E-01
 1.97124862630388E+03	-2.17445752790208E-01
 1.97125136420391E+03	 3.26458588347218E-03
 1.97125410210394E+03	 1.91985877542782E-01
 1.97125684000397E+03	 2.97820452193181E-01
 1.97125957790400E+03	 3.09541317399558E-01
 1.97126231580403E+03	 2.53151581226082E-01
 1.97126505370406E+03	 1.67527734203150E-01
 1.97126779160410E+03	 7.76116039641952E-02
 1.97127052950413E+03	-1.37743830330928E-02
 1.97127326740416E+03	-1.09458482190203E-01
 1.97127600530419E+03	-1.97274779911738E-01
 1.97127874320422E+03	-2.52677540291297E-01
 1.97128148110425E+03	-2.61931654239634E-01
 1.97128421900428E+03	-2.32223807805882E-01
 1.97128695690431E+03	-1.70444642332972E-01
 1.97128969480434E+03	-5.91343485094927E-02
 1.97129243270437E+03	 1.28392410023789E-01
 1.97129517060440E+03	 3.77514518092794E-01
 1.97129790850443E+03	 6.02923501327659E-01
 1.97130064640446E+03	 6.87945916428097E-01
 1.97130338430450E+03	 5.69491638011688E-01
 1.97130612220453E+03	 2.89837144768060E-01
 1.97130886010456E+03	-3.56281980997235E-02
 1.97131159800459E+03	-2.99623550089388E-01
 1.97131433590462E+03	-4.53318360527747E-01
 1.97131707380465E+03	-4.93774646504439E-01
 1.97131981170468E+03	-4.30898751205724E-01
 1.97132254960471E+03	-2.82366453585484E-01
 1.97132528750474E+03	-8.85165306517326E-02
 1.97132802540477E+03	 9.13167868560247E-02
 1.97133076330480E+03	 2.07553492460413E-01
 1.97133350120483E+03	 2.43955032463762E-01
 1.97133623910486E+03	 2.15345743152455E-01
 1.97133897700489E+03	 1.49044542919238E-01
 1.97134171490493E+03	 6.76149914748388E-02
 1.97134445280496E+03	-1.87490587871959E-02
 1.97134719070499E+03	-1.07189309360658E-01
 1.97134992860502E+03	-1.88622621349194E-01
 1.97135266650505E+03	-2.42733833173100E-01
 1.97135540440508E+03	-2.53274109928151E-01
 1.97135814230511E+03	-2.25580405537084E-01
 1.97136088020514E+03	-1.76715075281399E-01
 1.97136361810517E+03	-1.04544820555604E-01
 1.97136635600520E+03	 1.94411053527112E-02
 1.97136909390523E+03	 2.10040377902964E-01
 1.97137183180526E+03	 4.20844277406038E-01
 1.97137456970529E+03	 5.51671512673201E-01
 1.97137730760533E+03	 5.18064192416938E-01
 1.97138004550536E+03	 3.19080208201874E-01
 1.97138278340539E+03	 3.75611163584696E-02
 1.97138552130542E+03	-2.22533272841215E-01
 1.97138825920545E+03	-3.95915664403748E-01
 1.97139099710548E+03	-4.63885720381920E-01
 1.97139373500551E+03	-4.28662388477018E-01
 1.97139647290554E+03	-3.02532139378177E-01
 1.97139921080557E+03	-1.20929809554505E-01
 1.97140194870560E+03	 5.58780926574389E-02
 1.97140468660563E+03	 1.72163747000791E-01
 1.97140742450566E+03	 2.08987849793395E-01
 1.97141016240569E+03	 1.84371093059509E-01
 1.97141290030573E+03	 1.26883591330485E-01
 1.97141563820576E+03	 5.44167318409766E-02
 1.97141837610579E+03	-2.70102953573190E-02
 1.97142111400582E+03	-1.13656652463221E-01
 1.97142385190585E+03	-1.94836335969770E-01
 1.97142658980588E+03	-2.50303154877545E-01
 1.97142932770591E+03	-2.60379925702749E-01
 1.97143206560594E+03	-2.23749791724075E-01
 1.97143480350597E+03	-1.59772366038884E-01
 1.97143754140600E+03	-8.35208341030697E-02
 1.97144027930603E+03	 1.74570974483087E-02
 1.97144301720606E+03	 1.64953307993848E-01
 1.97144575510609E+03	 3.41333815101182E-01
 1.97144849300612E+03	 4.71245828978071E-01
 1.97145123090616E+03	 4.69297568178661E-01
 1.97145396880619E+03	 3.11741129354006E-01
 1.97145670670622E+03	 5.84247872911451E-02
 1.97145944460625E+03	-1.94112941928812E-01
 1.97146218250628E+03	-3.74886024006355E-01
 1.97146492040631E+03	-4.57793358457757E-01
 1.97146765830634E+03	-4.40019400306616E-01
 1.97147039620637E+03	-3.26164550317711E-01
 1.97147313410640E+03	-1.41275824663251E-01
 1.97147587200643E+03	 5.63193643206738E-02
 1.97147860990646E+03	 1.97374409286535E-01
 1.97148134780649E+03	 2.45709323551328E-01
 1.97148408570652E+03	 2.16464763853056E-01
 1.97148682360656E+03	 1.50105739672899E-01
 1.97148956150659E+03	 7.45482150224145E-02
 1.97149229940662E+03	-6.11430014796794E-03
 1.97149503730665E+03	-9.53525881677519E-02
 1.97149777520668E+03	-1.85743036185537E-01
 1.97150051310671E+03	-2.55407910053779E-01
 1.97150325100674E+03	-2.79325014852963E-01
 1.97150598890677E+03	-2.46963991544226E-01
 1.97150872680680E+03	-1.70841924283738E-01
 1.97151146470683E+03	-7.21520369520363E-02
 1.97151420260686E+03	 4.48512108765758E-02
 1.97151694050689E+03	 1.93398539405328E-01
 1.97151967840692E+03	 3.66694530221231E-01
 1.97152241630696E+03	 5.05567985722303E-01
 1.97152515420699E+03	 5.24218287226942E-01
 1.97152789210702E+03	 3.81225743694731E-01
 1.97153063000705E+03	 1.21888309018252E-01
 1.97153336790708E+03	-1.54270275988059E-01
 1.97153610580711E+03	-3.63053367000114E-01
 1.97153884370714E+03	-4.70674585347065E-01
 1.97154158160717E+03	-4.75303445655826E-01
 1.97154431950720E+03	-3.79961763932458E-01
 1.97154705740723E+03	-1.97955378737609E-01
 1.97154979530726E+03	 2.41967745798262E-02
 1.97155253320729E+03	 2.11324834279597E-01
 1.97155527110732E+03	 3.02398951330717E-01
 1.97155800900735E+03	 2.90488948907750E-01
 1.97156074690739E+03	 2.17139034192096E-01
 1.97156348480742E+03	 1.28963312924675E-01
 1.97156622270745E+03	 4.34756197955361E-02
 1.97156896060748E+03	-4.61280436979083E-02
 1.97157169850751E+03	-1.43179595480630E-01
 1.97157443640754E+03	-2.30809271273248E-01
 1.97157717430757E+03	-2.80140554028752E-01
 1.97157991220760E+03	-2.71382976901189E-01
 1.97158265010763E+03	-2.07212968000794E-01
 1.97158538800766E+03	-1.05146269439294E-01
 1.97158812590769E+03	 2.48224854588548E-02
 1.97159086380772E+03	 1.89400220794778E-01
 1.97159360170775E+03	 3.86288669661467E-01
 1.97159633960779E+03	 5.66472254620678E-01
 1.97159907750782E+03	 6.39276988144902E-01
 1.97160181540785E+03	 5.36589879446038E-01
 1.97160455330788E+03	 2.77343635943630E-01
 1.97160729120791E+03	-3.89861091274711E-02
 1.97161002910794E+03	-3.04183316496635E-01
 1.97161276700797E+03	-4.62105989962007E-01
 1.97161550490800E+03	-5.06683419327208E-01
 1.97161824280803E+03	-4.45489006303182E-01
 1.97162098070806E+03	-2.87185286300018E-01
 1.97162371860809E+03	-6.29662492412177E-02
 1.97162645650812E+03	 1.60184897671699E-01
 1.97162919440815E+03	 3.06625376136478E-01
 1.97163193230819E+03	 3.39460567352776E-01
 1.97163467020822E+03	 2.80612704046757E-01
 1.97163740810825E+03	 1.83597793652286E-01
 1.97164014600828E+03	 8.77889396829493E-02
 1.97164288390831E+03	-1.47393210073875E-03
 1.97164562180834E+03	-9.42625842880598E-02
 1.97164835970837E+03	-1.86791654412118E-01
 1.97165109760840E+03	-2.54733729979122E-01
 1.97165383550843E+03	-2.72591462062000E-01
 1.97165657340846E+03	-2.34562427170519E-01
 1.97165931130849E+03	-1.53406247004010E-01
 1.97166204920852E+03	-3.90201466214154E-02
 1.97166478710855E+03	 1.16472305238935E-01
 1.97166752500859E+03	 3.21091417854612E-01
 1.97167026290862E+03	 5.42361270589327E-01
 1.97167300080865E+03	 6.92415502373890E-01
 1.97167573870868E+03	 6.75601914576513E-01
 1.97167847660871E+03	 4.66803920472801E-01
 1.97168121450874E+03	 1.41438659472330E-01
 1.97168395240877E+03	-1.77667553218701E-01
 1.97168669030880E+03	-4.01020521427151E-01
 1.97168942820883E+03	-5.02307955666375E-01
 1.97169216610886E+03	-4.89076916701764E-01
 1.97169490400889E+03	-3.72182602865385E-01
 1.97169764190892E+03	-1.72985204166401E-01
 1.97170037980895E+03	 5.61693641800346E-02
 1.97170311770898E+03	 2.40885194358420E-01
 1.97170585560902E+03	 3.24604701175218E-01
 1.97170859350905E+03	 3.01641640732962E-01
 1.97171133140908E+03	 2.12369644111512E-01
 1.97171406930911E+03	 1.06909947476922E-01
 1.97171680720914E+03	 1.11533053403649E-02
 1.97171954510917E+03	-7.65451475028775E-02
 1.97172228300920E+03	-1.61326010165321E-01
 1.97172502090923E+03	-2.30913393850516E-01
 1.97172775880926E+03	-2.61830946177332E-01
 1.97173049670929E+03	-2.42874974456716E-01
 1.97173323460932E+03	-1.84433417431453E-01
 1.97173597250935E+03	-9.97985191732156E-02
 1.97173871040938E+03	 1.84985723285783E-02
 1.97174144830942E+03	 1.91948876065222E-01
 1.97174418620945E+03	 4.14748815397296E-01
 1.97174692410948E+03	 6.19757768809353E-01
 1.97174966200951E+03	 7.01007911482451E-01
 1.97175239990954E+03	 5.89127794009055E-01
 1.97175513780957E+03	 3.12329809379242E-01
 1.97175787570960E+03	-1.99631513655499E-02
 1.97176061360963E+03	-2.94502655305848E-01
 1.97176335150966E+03	-4.54108726095336E-01
 1.97176608940969E+03	-4.93464717449579E-01
 1.97176882730972E+03	-4.24116650141769E-01
 1.97177156520975E+03	-2.63974669920219E-01
 1.97177430310978E+03	-5.35832987138487E-02
 1.97177704100982E+03	 1.41397739888018E-01
 1.97177977890985E+03	 2.59266330215638E-01
 1.97178251680988E+03	 2.76044268312887E-01
 1.97178525470991E+03	 2.12179484409059E-01
 1.97178799260994E+03	 1.10448997866181E-01
 1.97179073050997E+03	 6.53952640721115E-03
 1.97179346841000E+03	-8.58088557340182E-02
 1.97179620631003E+03	-1.66892204001974E-01
 1.97179894421006E+03	-2.31861917652670E-01
 1.97180168211009E+03	-2.64012004728710E-01
 1.97180442001012E+03	-2.50471006857943E-01
 1.97180715791015E+03	-1.99512841034915E-01
 1.97180989581018E+03	-1.31598828650876E-01
 1.97181263371021E+03	-4.97686575313945E-02
 1.97181537161025E+03	 7.12048821316257E-02
 1.97181810951028E+03	 2.52084274145602E-01
 1.97182084741031E+03	 4.60866436301352E-01
 1.97182358531034E+03	 6.06181078715291E-01
 1.97182632321037E+03	 5.94464307649758E-01
 1.97182906111040E+03	 4.04747485737071E-01
 1.97183179901043E+03	 1.09287235202170E-01
 1.97183453691046E+03	-1.79373062574351E-01
 1.97183727481049E+03	-3.79409547256226E-01
 1.97184001271052E+03	-4.63872911510166E-01
 1.97184275061055E+03	-4.37271874218633E-01
 1.97184548851058E+03	-3.14887306606959E-01
 1.97184822641061E+03	-1.30094595105072E-01
 1.97185096431065E+03	 5.84949987854939E-02
 1.97185370221068E+03	 1.88962798602577E-01
 1.97185644011071E+03	 2.30240332197788E-01
 1.97185917801074E+03	 1.92541806272234E-01
 1.97186191591077E+03	 1.08434355816444E-01
 1.97186465381080E+03	 8.60638736940621E-03
 1.97186739171083E+03	-8.89761531481079E-02
 1.97187012961086E+03	-1.76174313422823E-01
 1.97187286751089E+03	-2.44943046159564E-01
 1.97187560541092E+03	-2.80640267774286E-01
 1.97187834331095E+03	-2.69273995466820E-01
 1.97188108121098E+03	-2.14644751077064E-01
 1.97188381911101E+03	-1.41143032798494E-01
 1.97188655701105E+03	-6.85367756964420E-02
 1.97188929491108E+03	 1.50055112409268E-02
 1.97189203281111E+03	 1.41022892154060E-01
 1.97189477071114E+03	 3.11834404007283E-01
 1.97189750861117E+03	 4.68070671390941E-01
 1.97190024651120E+03	 5.18103429277337E-01
 1.97190298441123E+03	 4.09453742638363E-01
 1.97190572231126E+03	 1.74001550622749E-01
 1.97190846021129E+03	-9.55419101186598E-02
 1.97191119811132E+03	-3.09557501290749E-01
 1.97191393601135E+03	-4.22643567186991E-01
 1.97191667391138E+03	-4.27112771076307E-01
 1.97191941181141E+03	-3.32156438745715E-01
 1.97192214971144E+03	-1.64539747705562E-01
 1.97192488761148E+03	 2.14983677360001E-02
 1.97192762551151E+03	 1.59870770382357E-01
 1.97193036341154E+03	 2.11091366013816E-01
 1.97193310131157E+03	 1.82480666135002E-01
 1.97193583921160E+03	 1.08829407620612E-01
 1.97193857711163E+03	 1.96189799512300E-02
 1.97194131501166E+03	-7.30174125363369E-02
 1.97194405291169E+03	-1.64085192547623E-01
 1.97194679081172E+03	-2.43244022995692E-01
 1.97194952871175E+03	-2.92013596840963E-01
 1.97195226661178E+03	-2.91456986390002E-01
 1.97195500451181E+03	-2.37196886763184E-01
 1.97195774241184E+03	-1.49026947138095E-01
 1.97196048031188E+03	-5.74299586309559E-02
 1.97196321821191E+03	 2.70974906571395E-02
 1.97196595611194E+03	 1.24886629068832E-01
 1.97196869401197E+03	 2.54505979970262E-01
 1.97197143191200E+03	 3.88362655352700E-01
 1.97197416981203E+03	 4.53430305733219E-01
 1.97197690771206E+03	 3.87300560604574E-01
 1.97197964561209E+03	 1.94684047746788E-01
 1.97198238351212E+03	-5.28196501060936E-02
 1.97198512141215E+03	-2.68400168203724E-01
 1.97198785931218E+03	-3.97389213790745E-01
 1.97199059721221E+03	-4.22568454730419E-01
 1.97199333511224E+03	-3.45826153740797E-01
 1.97199607301228E+03	-1.84899918053575E-01
 1.97199881091231E+03	 1.30760568374730E-02
 1.97200154881234E+03	 1.76477363529996E-01
 1.97200428671237E+03	 2.48012891624122E-01
 1.97200702461240E+03	 2.22321296285212E-01
 1.97200976251243E+03	 1.39887363181377E-01
 1.97201250041246E+03	 4.49495480398084E-02
 1.97201523831249E+03	-4.52581642920468E-02
 1.97201797621252E+03	-1.33722037650278E-01
 1.97202071411255E+03	-2.19105843472694E-01
 1.97202345201258E+03	-2.84153410049554E-01
 1.97202618991261E+03	-3.04176466046902E-01
 1.97202892781264E+03	-2.64453786467706E-01
 1.97203166571268E+03	-1.73335470001293E-01
 1.97203440361271E+03	-5.88162822503280E-02
 1.97203714151274E+03	 5.44149726501646E-02
 1.97203987941277E+03	 1.66119666970268E-01
 1.97204261731280E+03	 2.89360332683714E-01
 1.97204535521283E+03	 4.11872663216231E-01
 1.97204809311286E+03	 4.78105453232985E-01
 1.97205083101289E+03	 4.25574152533373E-01
 1.97205356891292E+03	 2.43882572854421E-01
 1.97205630681295E+03	-7.49819832960663E-03
 1.97205904471298E+03	-2.40707208937044E-01
 1.97206178261301E+03	-3.92968966273517E-01
 1.97206452051304E+03	-4.41636106865669E-01
 1.97206725841307E+03	-3.85464863812018E-01
 1.97206999631311E+03	-2.33974944061846E-01
 1.97207273421314E+03	-2.17353365445531E-02
 1.97207547211317E+03	 1.82369569421217E-01
 1.97207821001320E+03	 3.02788312366348E-01
 1.97208094791323E+03	 3.06025160198496E-01
 1.97208368581326E+03	 2.20406185496876E-01
 1.97208642371329E+03	 1.04395695517494E-01
 1.97208916161332E+03	-2.20476685186937E-03
 1.97209189951335E+03	-9.49825378593825E-02
 1.97209463741338E+03	-1.82396835963412E-01
 1.97209737531341E+03	-2.58585823717225E-01
 1.97210011321344E+03	-3.00656448655759E-01
 1.97210285111347E+03	-2.86722523559755E-01
 1.97210558901351E+03	-2.13620442881505E-01
 1.97210832691354E+03	-9.91461984758666E-02
 1.97211106481357E+03	 3.30579486945942E-02
 1.97211380271360E+03	 1.72652714778740E-01
 1.97211654061363E+03	 3.22306206454572E-01
 1.97211927851366E+03	 4.70379067050083E-01
 1.97212201641369E+03	 5.67060723414891E-01
 1.97212475431372E+03	 5.44598451554727E-01
 1.97212749221375E+03	 3.74791596196308E-01
 1.97213023011378E+03	 1.04738684610590E-01
 1.97213296801381E+03	-1.70894560591764E-01
 1.97213570591384E+03	-3.71538519439470E-01
 1.97213844381387E+03	-4.63288421732421E-01
 1.97214118171391E+03	-4.44062806523127E-01
 1.97214391961394E+03	-3.21043273454852E-01
 1.97214665751397E+03	-1.16273865775145E-01
 1.97214939541400E+03	 1.14903576574459E-01
 1.97215213331403E+03	 2.92756964342562E-01
 1.97215487121406E+03	 3.56628439044734E-01
 1.97215760911409E+03	 3.03968085841667E-01
 1.97216034701412E+03	 1.84796727712408E-01
 1.97216308491415E+03	 5.71511177408196E-02
 1.97216582281418E+03	-5.16676673477245E-02
 1.97216856071421E+03	-1.44411428414610E-01
 1.97217129861424E+03	-2.25491453281663E-01
 1.97217403651427E+03	-2.82032360003366E-01
 1.97217677441430E+03	-2.92522027739311E-01
 1.97217951231434E+03	-2.47528278932563E-01
 1.97218225021437E+03	-1.57503311030487E-01
 1.97218498811440E+03	-4.03164402487624E-02
 1.97218772601443E+03	 9.69907494229211E-02
 1.97219046391446E+03	 2.59766954383858E-01
 1.97219320181449E+03	 4.41760803511055E-01
 1.97219593971452E+03	 5.97156015134454E-01
 1.97219867761455E+03	 6.47882849296519E-01
 1.97220141551458E+03	 5.36875839085601E-01
 1.97220415341461E+03	 2.82167228127430E-01
 1.97220689131464E+03	-2.62471785686473E-02
 1.97220962921467E+03	-2.86526428971913E-01
 1.97221236711470E+03	-4.40408650191781E-01
 1.97221510501474E+03	-4.76685846426855E-01
 1.97221784291477E+03	-4.03093543934075E-01
 1.97222058081480E+03	-2.35752520719964E-01
 1.97222331871483E+03	-1.46686194464765E-02
 1.97222605661486E+03	 1.90724200854833E-01
 1.97222879451489E+03	 3.10108452800132E-01
 1.97223153241492E+03	 3.13509543448937E-01
 1.97223427031495E+03	 2.25542600386716E-01
 1.97223700821498E+03	 1.00053045513395E-01
 1.97223974611501E+03	-1.95878294199002E-02
 1.97224248401504E+03	-1.19314654854839E-01
 1.97224522191507E+03	-2.01490805321846E-01
 1.97224795981510E+03	-2.61810803060961E-01
 1.97225069771514E+03	-2.84359997865438E-01
 1.97225343561517E+03	-2.58239775366780E-01
 1.97225617351520E+03	-1.92029165481870E-01
 1.97225891141523E+03	-1.05211416736894E-01
 1.97226164931526E+03	-4.64953166037277E-03
 1.97226438721529E+03	 1.24646850915239E-01
 1.97226712511532E+03	 2.96523209656080E-01
 1.97226986301535E+03	 4.85687671488289E-01
 1.97227260091538E+03	 6.16909706521142E-01
 1.97227533881541E+03	 6.06490602823753E-01
 1.97227807671544E+03	 4.28191287420879E-01
 1.97228081461547E+03	 1.41391586193780E-01
 1.97228355251550E+03	-1.48421295960923E-01
 1.97228629041553E+03	-3.56642871084545E-01
 1.97228902831557E+03	-4.50385737983287E-01
 1.97229176621560E+03	-4.31272528945052E-01
 1.97229450411563E+03	-3.13538967035543E-01
 1.97229724201566E+03	-1.28184881287071E-01
 1.97229997991569E+03	 6.73672107332183E-02
 1.97230271781572E+03	 2.06046856270570E-01
 1.97230545571575E+03	 2.47224153498957E-01
 1.97230819361578E+03	 1.96763234224471E-01
 1.97231093151581E+03	 9.37191831133808E-02
 1.97231366941584E+03	-2.00369472038706E-02
 1.97231640731587E+03	-1.20813962593681E-01
 1.97231914521590E+03	-2.02367962441987E-01
 1.97232188311593E+03	-2.60789988623975E-01
 1.97232462101597E+03	-2.84268281291005E-01
 1.97232735891600E+03	-2.61332066591702E-01
 1.97233009681603E+03	-1.98291676251729E-01
 1.97233283471606E+03	-1.20442927744188E-01
 1.97233557261609E+03	-4.76797823440711E-02
 1.97233831051612E+03	 3.02236061668658E-02
 1.97234104841615E+03	 1.44417289063451E-01
 1.97234378631618E+03	 3.04081757259759E-01
 1.97234652421621E+03	 4.62253516896244E-01
 1.97234926211624E+03	 5.33014187161096E-01
 1.97235200001627E+03	 4.54091889021358E-01
 1.97235473791630E+03	 2.39404827627544E-01
 1.97235747581633E+03	-2.84332355386893E-02
 1.97236021371637E+03	-2.55621441038892E-01
 1.97236295161640E+03	-3.86634414148696E-01
 1.97236568951643E+03	-4.08121819025141E-01
 1.97236842741646E+03	-3.28751354885451E-01
 1.97237116531649E+03	-1.74117463700989E-01
 1.97237390321652E+03	 4.91125654557421E-03
 1.97237664111655E+03	 1.42662892054707E-01
 1.97237937901658E+03	 1.93513948227174E-01
 1.97238211691661E+03	 1.56927284401447E-01
 1.97238485481664E+03	 6.69042914433441E-02
 1.97238759271667E+03	-3.86135957891005E-02
 1.97239033061670E+03	-1.37173018013568E-01
 1.97239306851673E+03	-2.20071621142278E-01
 1.97239580641677E+03	-2.80760387945114E-01
 1.97239854431680E+03	-3.06954601150413E-01
 1.97240128221683E+03	-2.84657809780923E-01
 1.97240402011686E+03	-2.13476578732852E-01
 1.97240675801689E+03	-1.17316680331003E-01
 1.97240949591692E+03	-3.06145582956935E-02
 1.97241223381695E+03	 3.39785786647250E-02
 1.97241497171698E+03	 1.00134085334498E-01
 1.97241770961701E+03	 1.99307720330011E-01
 1.97242044751704E+03	 3.23370696126304E-01
 1.97242318541707E+03	 4.11564084612353E-01
 1.97242592331710E+03	 3.93162068849278E-01
 1.97242866121713E+03	 2.47705879648803E-01
 1.97243139911716E+03	 2.48302465726488E-02
 1.97243413701720E+03	-1.91862352983257E-01
 1.97243687491723E+03	-3.36311626311481E-01
 1.97243961281726E+03	-3.80358346171629E-01
 1.97244235071729E+03	-3.22696500266970E-01
 1.97244508861732E+03	-1.80950881665585E-01
 1.97244782651735E+03	 2.78736201149393E-04
 1.97245056441738E+03	 1.52548935163484E-01
 1.97245330231741E+03	 2.17460796967008E-01
 1.97245604021744E+03	 1.83977893979491E-01
 1.97245877811747E+03	 8.78448178614711E-02
 1.97246151601750E+03	-2.49220575213559E-02
 1.97246425391753E+03	-1.28943549151277E-01
 1.97246699181756E+03	-2.18776430631380E-01
 1.97246972971760E+03	-2.90685166802840E-01
 1.97247246761763E+03	-3.31763051661052E-01
 1.97247520551766E+03	-3.23986314313502E-01
 1.97247794341769E+03	-2.57885680705007E-01
 1.97248068131772E+03	-1.46495226174642E-01
 1.97248341921775E+03	-2.47662375274661E-02
 1.97248615711778E+03	 7.42383666695123E-02
 1.97248889501781E+03	 1.47506086388038E-01
 1.97249163291784E+03	 2.19535422811088E-01
 1.97249437081787E+03	 3.03864545115446E-01
 1.97249710871790E+03	 3.70544198423711E-01
 1.97249984661793E+03	 3.61876804768084E-01
 1.97250258451796E+03	 2.44945845500945E-01
 1.97250532241800E+03	 4.65614609702432E-02
 1.97250806031803E+03	-1.63386962005107E-01
 1.97251079821806E+03	-3.17654770481317E-01
 1.97251353611809E+03	-3.79812347411769E-01
 1.97251627401812E+03	-3.40316971795291E-01
 1.97251901191815E+03	-2.07260610202437E-01
 1.97252174981818E+03	-1.41393313946848E-02
 1.97252448771821E+03	 1.73091235836294E-01
 1.97252722561824E+03	 2.80483255416382E-01
 1.97252996351827E+03	 2.72983930295175E-01
 1.97253270141830E+03	 1.76052962173779E-01
 1.97253543931833E+03	 4.67235132806313E-02
 1.97253817721836E+03	-7.34212336756463E-02
 1.97254091511839E+03	-1.74873831436366E-01
 1.97254365301843E+03	-2.60546043664395E-01
 1.97254639091846E+03	-3.23026031171069E-01
 1.97254912881849E+03	-3.42973534381319E-01
 1.97255186671852E+03	-3.03424543707842E-01
 1.97255460461855E+03	-2.04749114835136E-01
 1.97255734251858E+03	-7.00046718022210E-02
 1.97256008041861E+03	 6.60940456302067E-02
 1.97256281831864E+03	 1.80803947247504E-01
 1.97256555621867E+03	 2.76503108157027E-01
 1.97256829411870E+03	 3.62870239109214E-01
 1.97257103201873E+03	 4.24645708115098E-01
 1.97257376991876E+03	 4.17659619065757E-01
 1.97257650781879E+03	 3.06849696315965E-01
 1.97257924571883E+03	 1.07150876391897E-01
 1.97258198361886E+03	-1.18334352021912E-01
 1.97258472151889E+03	-2.98965715450163E-01
 1.97258745941892E+03	-3.91394502815326E-01
 1.97259019731895E+03	-3.81303337909779E-01
 1.97259293521898E+03	-2.70616150578660E-01
 1.97259567311901E+03	-8.03488535126037E-02
 1.97259841101904E+03	 1.35347358150891E-01
 1.97260114891907E+03	 2.97498449553654E-01
 1.97260388681910E+03	 3.45003591630092E-01
 1.97260662471913E+03	 2.75902123635900E-01
 1.97260936261916E+03	 1.42627257402582E-01
 1.97261210051919E+03	 4.90001270236471E-03
 1.97261483841923E+03	-1.09993882248636E-01
 1.97261757631926E+03	-2.04085737167470E-01
 1.97262031421929E+03	-2.79649093741989E-01
 1.97262305211932E+03	-3.23246708756715E-01
 1.97262579001935E+03	-3.15449668195675E-01
 1.97262852791938E+03	-2.48528330683211E-01
 1.97263126581941E+03	-1.34032407784668E-01
 1.97263400371944E+03	 3.41546154145308E-03
 1.97263674161947E+03	 1.41047389741316E-01
 1.97263947951950E+03	 2.69854037743201E-01
 1.97264221741953E+03	 3.88456594416412E-01
 1.97264495531956E+03	 4.80552326521068E-01
 1.97264769321959E+03	 5.04400067737806E-01
 1.97265043111962E+03	 4.18504293054464E-01
 1.97265316901966E+03	 2.24210858423585E-01
 1.97265590691969E+03	-2.18922224361362E-02
 1.97265864481972E+03	-2.41736447016586E-01
 1.97266138271975E+03	-3.79343702128102E-01
 1.97266412061978E+03	-4.13317443156704E-01
 1.97266685851981E+03	-3.42557138704288E-01
 1.97266959641984E+03	-1.79694990810651E-01
 1.97267233431987E+03	 3.60913988934729E-02
 1.97267507221990E+03	 2.33968076636174E-01
 1.97267781011993E+03	 3.39710256270595E-01
 1.97268054801996E+03	 3.21476854846603E-01
 1.97268328591999E+03	 2.08927924140152E-01
 1.97268602382002E+03	 6.46483617784180E-02
 1.97268876172006E+03	-6.35745772351340E-02
 1.97269149962009E+03	-1.63537909206577E-01
 1.97269423752012E+03	-2.40647960687523E-01
 1.97269697542015E+03	-2.91703686786671E-01
 1.97269971332018E+03	-3.01579245850777E-01
 1.97270245122021E+03	-2.59978783687215E-01
 1.97270518912024E+03	-1.73782826885027E-01
 1.97270792702027E+03	-6.17248767578496E-02
 1.97271066492030E+03	 6.05939217784025E-02
 1.97271340282033E+03	 1.89541584315956E-01
 1.97271614072036E+03	 3.25928416112224E-01
 1.97271887862039E+03	 4.54562381204264E-01
 1.97272161652042E+03	 5.31702002957827E-01
 1.97272435442046E+03	 5.03448797714820E-01
 1.97272709232049E+03	 3.48913399484625E-01
 1.97272983022052E+03	 1.07491980204656E-01
 1.97273256812055E+03	-1.41198068096474E-01
 1.97273530602058E+03	-3.25453124464743E-01
 1.97273804392061E+03	-4.09995405742611E-01
 1.97274078182064E+03	-3.88471450824889E-01
 1.97274351972067E+03	-2.68997601879144E-01
 1.97274625762070E+03	-7.91831155423494E-02
 1.97274899552073E+03	 1.23355340604251E-01
 1.97275173342076E+03	 2.65311190101515E-01
 1.97275447132079E+03	 2.96950052631599E-01
 1.97275720922082E+03	 2.21968537383707E-01
 1.97275994712086E+03	 8.89714708198539E-02
 1.97276268502089E+03	-4.68193750786821E-02
 1.97276542292092E+03	-1.55761598992863E-01
 1.97276816082095E+03	-2.34510341266938E-01
 1.97277089872098E+03	-2.84406635755434E-01
 1.97277363662101E+03	-2.97285815946725E-01
 1.97277637452104E+03	-2.63901590871961E-01
 1.97277911242107E+03	-1.90077932842182E-01
 1.97278185032110E+03	-9.68891592306355E-02
 1.97278458822113E+03	-2.21761012353022E-03
 1.97278732612116E+03	 9.54749394531359E-02
 1.97279006402119E+03	 2.10877954672778E-01
 1.97279280192122E+03	 3.45106495680717E-01
 1.97279553982125E+03	 4.63279724288260E-01
 1.97279827772129E+03	 5.03611227661122E-01
 1.97280101562132E+03	 4.19601798984914E-01
 1.97280375352135E+03	 2.21256767506436E-01
 1.97280649142138E+03	-2.49946900876675E-02
 1.97280922932141E+03	-2.38558343455585E-01
 1.97281196722144E+03	-3.66787327452264E-01
 1.97281470512147E+03	-3.92313023911117E-01
 1.97281744302150E+03	-3.18251837161671E-01
 1.97282018092153E+03	-1.64538919194684E-01
 1.97282291882156E+03	 2.24063497460765E-02
 1.97282565672159E+03	 1.75202796381099E-01
 1.97282839462162E+03	 2.37725975961729E-01
 1.97283113252165E+03	 1.97446297111197E-01
 1.97283387042169E+03	 8.68718079116274E-02
 1.97283660832172E+03	-4.45890423971420E-02
 1.97283934622175E+03	-1.60647080398007E-01
 1.97284208412178E+03	-2.47317263741779E-01
 1.97284482202181E+03	-3.01565369867182E-01
 1.97284755992184E+03	-3.17237623606496E-01
 1.97285029782187E+03	-2.85590457341732E-01
 1.97285303572190E+03	-2.09707104577847E-01
 1.97285577362193E+03	-1.12927258524422E-01
 1.97285851152196E+03	-2.46649277453443E-02
 1.97286124942199E+03	 4.60420608972289E-02
 1.97286398732202E+03	 1.19129037650800E-01
 1.97286672522205E+03	 2.18845344759389E-01
 1.97286946312209E+03	 3.36686069955361E-01
 1.97287220102212E+03	 4.20795748388542E-01
 1.97287493892215E+03	 4.08748525378459E-01
 1.97287767682218E+03	 2.77988294602728E-01
 1.97288041472221E+03	 6.78676265618944E-02
 1.97288315262224E+03	-1.46373661470206E-01
 1.97288589052227E+03	-2.99602111692002E-01
 1.97288862842230E+03	-3.60046257601707E-01
 1.97289136632233E+03	-3.22425217273247E-01
 1.97289410422236E+03	-1.99715483675890E-01
 1.97289684212239E+03	-2.97881410950791E-02
 1.97289958002242E+03	 1.24232628880123E-01
 1.97290231792245E+03	 2.01363258729911E-01
 1.97290505582248E+03	 1.79484586189947E-01
 1.97290779372252E+03	 8.37353515617552E-02
 1.97291053162255E+03	-4.00729452576278E-02
 1.97291326952258E+03	-1.56706697891198E-01
 1.97291600742261E+03	-2.50643586424767E-01
 1.97291874532264E+03	-3.15667564883728E-01
 1.97292148322267E+03	-3.43060703649072E-01
 1.97292422112270E+03	-3.20905097772203E-01
 1.97292695902273E+03	-2.45559327080060E-01
 1.97292969692276E+03	-1.34855480685392E-01
 1.97293243482279E+03	-2.52469866474180E-02
 1.97293517272282E+03	 5.34633753560129E-02
 1.97293791062285E+03	 1.04317752558812E-01
 1.97294064852288E+03	 1.58423039953336E-01
 1.97294338642292E+03	 2.36936374162313E-01
 1.97294612432295E+03	 3.17544515231261E-01
 1.97294886222298E+03	 3.43790569750571E-01
 1.97295160012301E+03	 2.72036721915450E-01
 1.97295433802304E+03	 1.11175726591512E-01
 1.97295707592307E+03	-8.15597975161315E-02
 1.97295981382310E+03	-2.39403820316827E-01
 1.97296255172313E+03	-3.19002851336027E-01
 1.97296528962316E+03	-3.04691693772831E-01
 1.97296802752319E+03	-2.00983596164533E-01
 1.97297076542322E+03	-3.67761520169051E-02
 1.97297350332325E+03	 1.28574978439645E-01
 1.97297624122328E+03	 2.25466401362484E-01
 1.97297897912332E+03	 2.16752076417122E-01
 1.97298171702335E+03	 1.20978833719538E-01
 1.97298445492338E+03	-1.00177700501651E-02
 1.97298719282341E+03	-1.33281653176229E-01
 1.97298993072344E+03	-2.33242785712458E-01
 1.97299266862347E+03	-3.08355013653802E-01
 1.97299540652350E+03	-3.52107613982376E-01
 1.97299814442353E+03	-3.49682539412442E-01
 1.97300088232356E+03	-2.89119429472278E-01
 1.97300362022359E+03	-1.76086300623664E-01
 1.97300635812362E+03	-4.04195751767303E-02
 1.97300909602365E+03	 7.65998236871284E-02
 1.97301183392368E+03	 1.50951546236176E-01
 1.97301457182371E+03	 1.93892595639081E-01
 1.97301730972375E+03	 2.34523719152742E-01
 1.97302004762378E+03	 2.80428692444136E-01
 1.97302278552381E+03	 3.00220281640838E-01
 1.97302552342384E+03	 2.50689172829710E-01
 1.97302826132387E+03	 1.20949506813693E-01
 1.97303099922390E+03	-5.21221416669820E-02
 1.97303373712393E+03	-2.08698255124194E-01
 1.97303647502396E+03	-3.00430513534709E-01
 1.97303921292399E+03	-3.03318006505600E-01
 1.97304195082402E+03	-2.13073050829758E-01
 1.97304468872405E+03	-4.73815901474366E-02
 1.97304742662408E+03	 1.42918830466346E-01
 1.97305016452411E+03	 2.81717011532910E-01
 1.97305290242415E+03	 3.08818270588615E-01
 1.97305564032418E+03	 2.21942620578704E-01
 1.97305837822421E+03	 7.38470692847112E-02
 1.97306111612424E+03	-7.39886261517380E-02
 1.97306385402427E+03	-1.91543218567571E-01
 1.97306659192430E+03	-2.78552051521138E-01
 1.97306932982433E+03	-3.37409536735121E-01
 1.97307206772436E+03	-3.57704428704546E-01
 1.97307480562439E+03	-3.23650517658451E-01
 1.97307754352442E+03	-2.29894683568998E-01
 1.97308028142445E+03	-9.16882516698317E-02
 1.97308301932448E+03	 5.68170290766276E-02
 1.97308575722451E+03	 1.79139874117597E-01
 1.97308849512455E+03	 2.59205486015375E-01
 1.97309123302458E+03	 3.07058469656674E-01
 1.97309397092461E+03	 3.36353037861387E-01
 1.97309670882464E+03	 3.37590403808434E-01
 1.97309944672467E+03	 2.81870640222002E-01
 1.97310218462470E+03	 1.54420759991681E-01
 1.97310492252473E+03	-2.02903765495764E-02
 1.97310766042476E+03	-1.89387271185011E-01
 1.97311039832479E+03	-3.02858627941831E-01
 1.97311313622482E+03	-3.31681806929075E-01
 1.97311587412485E+03	-2.65302402342650E-01
 1.97311861202488E+03	-1.10276196466326E-01
 1.97312134992491E+03	 9.72814039236640E-02
 1.97312408782495E+03	 2.86109314269327E-01
 1.97312682572498E+03	 3.77880702813515E-01
 1.97312956362501E+03	 3.37252575989935E-01
 1.97313230152504E+03	 1.96216141952380E-01
 1.97313503942507E+03	 2.47927007353875E-02
 1.97313777732510E+03	-1.22275549489390E-01
 1.97314051522513E+03	-2.29767019626478E-01
 1.97314325312516E+03	-3.03419679372535E-01
 1.97314599102519E+03	-3.42499924996787E-01
 1.97314872892522E+03	-3.35215045323096E-01
 1.97315146682525E+03	-2.72611641570969E-01
 1.97315420472528E+03	-1.59982954247362E-01
 1.97315694262531E+03	-1.74336500140294E-02
 1.97315968052534E+03	 1.27339293306285E-01
 1.97316241842538E+03	 2.50850744163545E-01
 1.97316515632541E+03	 3.42984034472765E-01
 1.97316789422544E+03	 4.02077266904778E-01
 1.97317063212547E+03	 4.18740203248576E-01
 1.97317337002550E+03	 3.71132744831496E-01
 1.97317610792553E+03	 2.45238968110618E-01
 1.97317884582556E+03	 5.98390642137438E-02
 1.97318158372559E+03	-1.34851781723817E-01
 1.97318432162562E+03	-2.84736683908361E-01
 1.97318705952565E+03	-3.55139259879245E-01
 1.97318979742568E+03	-3.31510218031095E-01
 1.97319253532571E+03	-2.13092756750577E-01
 1.97319527322574E+03	-2.06123283739361E-02
 1.97319801112578E+03	 1.90663475821250E-01
 1.97320074902581E+03	 3.41723721962410E-01
 1.97320348692584E+03	 3.71866180921819E-01
 1.97320622482587E+03	 2.78816312959573E-01
 1.97320896272590E+03	 1.16700618981228E-01
 1.97321170062593E+03	-4.75386190695957E-02
 1.97321443852595E+03	-1.76087396422428E-01
 1.97321717642599E+03	-2.64132121657279E-01
 1.97321991432602E+03	-3.15272587154423E-01
 1.97322265222605E+03	-3.24792666877851E-01
 1.97322539012608E+03	-2.86189603220166E-01
 1.97322812802611E+03	-2.03819393620721E-01
 1.97323086592614E+03	-9.30683425158002E-02
 1.97323360382618E+03	 2.92596594245056E-02
 1.97323634172621E+03	 1.51854134138946E-01
 1.97323907962624E+03	 2.68030689552785E-01
 1.97324181752627E+03	 3.68788281598567E-01
 1.97324455542630E+03	 4.34300303311195E-01
 1.97324729332633E+03	 4.34065497193931E-01
 1.97325003122636E+03	 3.44552999805862E-01
 1.97325276912639E+03	 1.73928494979547E-01
 1.97325550702642E+03	-3.23637777834091E-02
 1.97325824492645E+03	-2.14943721200612E-01
 1.97326098282648E+03	-3.29721789724560E-01
 1.97326372072651E+03	-3.56294855757945E-01
 1.97326645862654E+03	-2.89921327784013E-01
 1.97326919652657E+03	-1.41380737795294E-01
 1.97327193442661E+03	 5.08675082486151E-02
 1.97327467232664E+03	 2.20171328546262E-01
 1.97327741022667E+03	 3.00133070564506E-01
 1.97328014812670E+03	 2.64239022236103E-01
 1.97328288602673E+03	 1.40511118575679E-01
 1.97328562392676E+03	-1.29072752996396E-02
 1.97328836182679E+03	-1.47486811177918E-01
 1.97329109972682E+03	-2.43734911352752E-01
 1.97329383762685E+03	-3.00298067278984E-01
 1.97329657552688E+03	-3.15248278451245E-01
 1.97329931342691E+03	-2.84215463734745E-01
 1.97330205132694E+03	-2.12743085957718E-01
 1.97330478922697E+03	-1.20754189574455E-01
 1.97330752712701E+03	-2.93049923683667E-02
 1.97331026502704E+03	 5.56872475666020E-02
 1.97331300292707E+03	 1.43650554231536E-01
 1.97331574082710E+03	 2.42116614615872E-01
 1.97331847872713E+03	 3.37747467429486E-01
 1.97332121662716E+03	 3.93544449453077E-01
 1.97332395452719E+03	 3.68950034314477E-01
 1.97332669242722E+03	 2.50739021770746E-01
 1.97332943032725E+03	 6.88215432393940E-02
 1.97333216822728E+03	-1.19108478024041E-01
 1.97333490612731E+03	-2.59762306034178E-01
 1.97333764402734E+03	-3.23171714722869E-01
 1.97334038192737E+03	-2.99555520517720E-01
 1.97334311982741E+03	-1.94332038666924E-01
 1.97334585772744E+03	-3.57384472584527E-02
 1.97334859562747E+03	 1.20605354704509E-01
 1.97335133352750E+03	 2.11727848572074E-01
 1.97335407142753E+03	 2.03213102310227E-01
 1.97335680932756E+03	 1.08353351535801E-01
 1.97335954722759E+03	-2.68153136548422E-02
 1.97336228512762E+03	-1.56115087712900E-01
 1.97336502302765E+03	-2.54219426806783E-01
 1.97336776092768E+03	-3.13826072490374E-01
 1.97337049882771E+03	-3.31176173671819E-01
 1.97337323672774E+03	-3.00349441663599E-01
 1.97337597462777E+03	-2.23174211507239E-01
 1.97337871252780E+03	-1.20405290034283E-01
 1.97338145042784E+03	-2.49248778677220E-02
 1.97338418832787E+03	 4.22123700969185E-02
 1.97338692622790E+03	 8.89270239095109E-02
 1.97338966412793E+03	 1.41524314226027E-01
 1.97339240202796E+03	 2.13637061210430E-01
 1.97339513992799E+03	 2.84384164136923E-01
 1.97339787782802E+03	 3.08300399509133E-01
 1.97340061572805E+03	 2.50406593418274E-01
 1.97340335362808E+03	 1.16119064854570E-01
 1.97340609152811E+03	-4.99399342167473E-02
 1.97340882942814E+03	-1.92337388087774E-01
 1.97341156732817E+03	-2.71676641809999E-01
 1.97341430522820E+03	-2.70247023064959E-01
 1.97341704312824E+03	-1.87485475596937E-01
 1.97341978102827E+03	-4.47259053010298E-02
 1.97342251892830E+03	 1.07403356453142E-01
 1.97342525682833E+03	 2.03674017370045E-01
 1.97342799472836E+03	 2.01837695375976E-01
 1.97343073262839E+03	 1.09265606780780E-01
 1.97343347052842E+03	-2.85216781517677E-02
 1.97343620842845E+03	-1.63425617514791E-01
 1.97343894632848E+03	-2.68914067729723E-01
 1.97344168422851E+03	-3.37411270499622E-01
 1.97344442212854E+03	-3.64934408366150E-01
 1.97344716002857E+03	-3.43251802841408E-01
 1.97344989792860E+03	-2.66959753638878E-01
 1.97345263582864E+03	-1.47811143710637E-01
 1.97345537372867E+03	-1.96939703777295E-02
 1.97345811162870E+03	 7.77995642474622E-02
 1.97346084952873E+03	 1.27951062302214E-01
 1.97346358742876E+03	 1.49354712668180E-01
 1.97346632532879E+03	 1.74784358455067E-01
 1.97346906322882E+03	 2.14489941993603E-01
 1.97347180112885E+03	 2.41516981568011E-01
 1.97347453902888E+03	 2.15157913578045E-01
 1.97347727692891E+03	 1.19371224494183E-01
 1.97348001482894E+03	-2.07028042423585E-02
 1.97348275272897E+03	-1.55973127242125E-01
 1.97348549062900E+03	-2.42230518692893E-01
 1.97348822852904E+03	-2.53767576176971E-01
 1.97349096642907E+03	-1.81882999193067E-01
 1.97349370432910E+03	-3.82909064442313E-02
 1.97349644222913E+03	 1.33267851000988E-01
 1.97349918012916E+03	 2.62033857261200E-01
 1.97350191802919E+03	 2.87302078144782E-01
 1.97350465592922E+03	 2.00079888375951E-01
 1.97350739382925E+03	 4.59851303701127E-02
 1.97351013172928E+03	-1.13890530294697E-01
 1.97351286962931E+03	-2.42213395096740E-01
 1.97351560752934E+03	-3.30395284487812E-01
 1.97351834542937E+03	-3.78511733578824E-01
 1.97352108332940E+03	-3.80111028513537E-01
 1.97352382122943E+03	-3.25183008712559E-01
 1.97352655912947E+03	-2.13693059150751E-01
 1.97352929702950E+03	-6.68740389600867E-02
 1.97353203492953E+03	 7.50149354919113E-02
 1.97353477282956E+03	 1.73419570326587E-01
 1.97353751072959E+03	 2.17611898111600E-01
 1.97354024862962E+03	 2.29310764277854E-01
 1.97354298652965E+03	 2.35936941067035E-01
 1.97354572442968E+03	 2.38725630808243E-01
 1.97354846232971E+03	 2.11153354295927E-01
 1.97355120022974E+03	 1.29578527604720E-01
 1.97355393812977E+03	 2.14188314252736E-03
 1.97355667602980E+03	-1.32834323000042E-01
 1.97355941392983E+03	-2.31319279551377E-01
 1.97356215182987E+03	-2.62382432506423E-01
 1.97356488972990E+03	-2.10062910190077E-01
 1.97356762762993E+03	-7.44364839785596E-02
 1.97357036552996E+03	 1.15099824055704E-01
 1.97357310342999E+03	 2.91892084305456E-01
 1.97357584133002E+03	 3.77362186709759E-01
 1.97357857923005E+03	 3.31656309827021E-01
 1.97358131713008E+03	 1.82123460625301E-01
 1.97358405503011E+03	-2.01242313708587E-03
 1.97358679293014E+03	-1.62158541912176E-01
 1.97358953083017E+03	-2.77206841137588E-01
 1.97359226873020E+03	-3.49092283414578E-01
 1.97359500663023E+03	-3.77704750250504E-01
 1.97359774453027E+03	-3.54699759457598E-01
 1.97360048243030E+03	-2.74192294866964E-01
 1.97360322033033E+03	-1.44195374303779E-01
 1.97360595823036E+03	 9.36455483623795E-03
 1.97360869613039E+03	 1.49116515200689E-01
 1.97361143403042E+03	 2.44317826945440E-01
 1.97361417193045E+03	 2.88915835888085E-01
 1.97361690983048E+03	 2.99133632400916E-01
 1.97361964773051E+03	 2.89139481148040E-01
 1.97362238563054E+03	 2.52257447845729E-01
 1.97362512353057E+03	 1.71403747072584E-01
 1.97362786143060E+03	 4.63064433895143E-02
 1.97363059933063E+03	-9.51571287422389E-02
 1.97363333723066E+03	-2.12126396157337E-01
 1.97363607513070E+03	-2.71258970771093E-01
 1.97363881303073E+03	-2.52439371879030E-01
 1.97364155093076E+03	-1.47117434515587E-01
 1.97364428883079E+03	 3.21110937534583E-02
 1.97364702673082E+03	 2.35482210379597E-01
 1.97364976463085E+03	 3.82927454359455E-01
 1.97365250253088E+03	 4.07098808548907E-01
 1.97365524043091E+03	 3.00493211185834E-01
 1.97365797833094E+03	 1.18858919660121E-01
 1.97366071623097E+03	-6.43324391475623E-02
 1.97366345413100E+03	-2.05440462813308E-01
 1.97366619203103E+03	-2.97459935641855E-01
 1.97366892993106E+03	-3.45006492763715E-01
 1.97367166783110E+03	-3.46036309446474E-01
 1.97367440573113E+03	-2.96037375524892E-01
 1.97367714363116E+03	-1.98825032743482E-01
 1.97367988153119E+03	-6.93050398906943E-02
 1.97368261943122E+03	 6.95688200040219E-02
 1.97368535733125E+03	 1.91997690282337E-01
 1.97368809523128E+03	 2.78510353588461E-01
 1.97369083313131E+03	 3.23773220429779E-01
 1.97369357103134E+03	 3.31811759079692E-01
 1.97369630893137E+03	 3.02216695534494E-01
 1.97369904683140E+03	 2.27060306793511E-01
 1.97370178473143E+03	 1.05934399843579E-01
 1.97370452263146E+03	-3.98660400950617E-02
 1.97370726053150E+03	-1.73326568742078E-01
 1.97370999843153E+03	-2.60173495093030E-01
 1.97371273633156E+03	-2.78351384931401E-01
 1.97371547423159E+03	-2.15673966729982E-01
 1.97371821213162E+03	-7.31337425439066E-02
 1.97372095003165E+03	 1.19453710091827E-01
 1.97372368793168E+03	 2.96576091390943E-01
 1.97372642583171E+03	 3.82573975886248E-01
 1.97372916373174E+03	 3.39007366846939E-01
 1.97373190163177E+03	 1.91485127060308E-01
 1.97373463953180E+03	 7.88023373959792E-03
 1.97373737743183E+03	-1.50802314522213E-01
 1.97374011533186E+03	-2.59356934443843E-01
 1.97374285323189E+03	-3.18197015008936E-01
 1.97374559113193E+03	-3.30142035203256E-01
 1.97374832903196E+03	-2.94792513433165E-01
 1.97375106693199E+03	-2.18041335447700E-01
 1.97375380483202E+03	-1.15352975728510E-01
 1.97375654273205E+03	-3.70729276994810E-03
 1.97375928063208E+03	 1.04755042638421E-01
 1.97376201853211E+03	 2.00944832827707E-01
 1.97376475643214E+03	 2.75598445870005E-01
 1.97376749433217E+03	 3.18809337041859E-01
 1.97377023223220E+03	 3.19676136404151E-01
 1.97377297013223E+03	 2.67881404158924E-01
 1.97377570803226E+03	 1.62370176639456E-01
 1.97377844593229E+03	 2.13230109813732E-02
 1.97378118383233E+03	-1.20501559345079E-01
 1.97378392173236E+03	-2.27558156014739E-01
 1.97378665963239E+03	-2.75769956098232E-01
 1.97378939753242E+03	-2.51865574482343E-01
 1.97379213543245E+03	-1.51954382621093E-01
 1.97379487333248E+03	 7.80123929261062E-03
 1.97379761123251E+03	 1.79512461093631E-01
 1.97380034913254E+03	 2.94889962901833E-01
 1.97380308703257E+03	 3.02346063739845E-01
 1.97380582493260E+03	 2.00747274366540E-01
 1.97380856283263E+03	 3.80778145442130E-02
 1.97381130073266E+03	-1.23887579765460E-01
 1.97381403863269E+03	-2.45306946140823E-01
 1.97381677653273E+03	-3.15063234867831E-01
 1.97381951443276E+03	-3.34084797306836E-01
 1.97382225233279E+03	-3.03359353567064E-01
 1.97382499023282E+03	-2.29537980280152E-01
 1.97382772813285E+03	-1.32364201150083E-01
 1.97383046603288E+03	-3.64798002086672E-02
 1.97383320393291E+03	 4.52491467264370E-02
 1.97383594183294E+03	 1.16430945861094E-01
 1.97383867973297E+03	 1.84659260196413E-01
 1.97384141763300E+03	 2.46296341465053E-01
 1.97384415553303E+03	 2.82928940163537E-01
 1.97384689343306E+03	 2.71194598282354E-01
 1.97384963133309E+03	 1.98924934491848E-01
 1.97385236923313E+03	 7.72356638521254E-02
 1.97385510713316E+03	-6.13395145973300E-02
 1.97385784503319E+03	-1.78655666613350E-01
 1.97386058293322E+03	-2.46547088496873E-01
 1.97386332083325E+03	-2.49632170364554E-01
 1.97386605873328E+03	-1.81998252201746E-01
 1.97386879663331E+03	-5.30348466017630E-02
 1.97387153453334E+03	 1.00719236214394E-01
 1.97387427243337E+03	 2.19703874215642E-01
 1.97387701033340E+03	 2.50802531401325E-01
 1.97387974823343E+03	 1.80417275995532E-01
 1.97388248613346E+03	 4.09031907631800E-02
 1.97388522403349E+03	-1.14279576755719E-01
 1.97388796193352E+03	-2.42329192516793E-01
 1.97389069983356E+03	-3.23880748214139E-01
 1.97389343773359E+03	-3.54157513476958E-01
 1.97389617563362E+03	-3.31110701801754E-01
 1.97389891353365E+03	-2.57145400347051E-01
 1.97390165143368E+03	-1.49744592377900E-01
 1.97390438933371E+03	-4.14679553883880E-02
 1.97390712723374E+03	 3.88358426240271E-02
 1.97390986513377E+03	 8.67325298735426E-02
 1.97391260303380E+03	 1.21502150715698E-01
 1.97391534093383E+03	 1.62761525620767E-01
 1.97391807883386E+03	 2.07413874282711E-01
 1.97392081673389E+03	 2.28983388984063E-01
 1.97392355463392E+03	 1.99154197029565E-01
 1.97392629253396E+03	 1.12024853695137E-01
 1.97392903043399E+03	-8.96437734652563E-03
 1.97393176833402E+03	-1.25140029929390E-01
 1.97393450623405E+03	-2.02698904086874E-01
 1.97393724413408E+03	-2.21300505014664E-01
 1.97393998203411E+03	-1.71689505949399E-01
 1.97394271993414E+03	-5.83065739238759E-02
 1.97394545783417E+03	 8.88013037666429E-02
 1.97394819573420E+03	 2.12600949316529E-01
 1.97395093363423E+03	 2.55224097214596E-01
 1.97395367153426E+03	 1.95198783368336E-01
 1.97395640943429E+03	 6.00389620419384E-02
 1.97395914733432E+03	-9.73997902513410E-02
 1.97396188523436E+03	-2.33165039525951E-01
 1.97396462313439E+03	-3.26660835413751E-01
 1.97396736103442E+03	-3.71906829007195E-01
 1.97397009893445E+03	-3.64476489850447E-01
 1.97397283683448E+03	-3.00567999155907E-01
 1.97397557473451E+03	-1.88036503329652E-01
 1.97397831263454E+03	-5.53087862813236E-02
 1.97398105053457E+03	 5.68427161971001E-02
 1.97398378843460E+03	 1.20097300817114E-01
 1.97398652633463E+03	 1.38698910788900E-01
 1.97398926423466E+03	 1.42402483125094E-01
 1.97399200213469E+03	 1.55823614645688E-01
 1.97399474003472E+03	 1.73914960587805E-01
 1.97399747793475E+03	 1.67934380408537E-01
 1.97400021583479E+03	 1.14670918851504E-01
 1.97400295373482E+03	 1.94877357942811E-02
 1.97400569163485E+03	-8.64930405531246E-02
 1.97400842953488E+03	-1.66816321505132E-01
 1.97401116743491E+03	-1.95082093596444E-01
 1.97401390533494E+03	-1.56334045687547E-01
 1.97401664323497E+03	-4.77883927372141E-02
 1.97401938113500E+03	 1.09068609283005E-01
 1.97402211903503E+03	 2.59090387078591E-01
 1.97402485693506E+03	 3.32548735023608E-01
 1.97402759483509E+03	 2.89236648233648E-01
 1.97403033273512E+03	 1.47506098436667E-01
 1.97403307063515E+03	-3.25249725446603E-02
 1.97403580853519E+03	-1.93411792890258E-01
 1.97403854643522E+03	-3.08021641825135E-01
 1.97404128433525E+03	-3.72601183441580E-01
 1.97404402223528E+03	-3.86529254039327E-01
 1.97404676013531E+03	-3.44644049964702E-01
 1.97404949803534E+03	-2.45730122980945E-01
 1.97405223593537E+03	-1.04968748642987E-01
 1.97405497383540E+03	 4.24878566292282E-02
 1.97405771173543E+03	 1.54270015595678E-01
 1.97406044963546E+03	 2.05520459259442E-01
 1.97406318753549E+03	 2.05368509672639E-01
 1.97406592543552E+03	 1.85631575485945E-01
 1.97406866333555E+03	 1.69234672605317E-01
 1.97407140123559E+03	 1.50345345743330E-01
 1.97407413913562E+03	 1.06626323667838E-01
 1.97407687703565E+03	 2.81312097134574E-02
 1.97407961493568E+03	-6.86487143089753E-02
 1.97408235283571E+03	-1.51876419745851E-01
 1.97408509073574E+03	-1.92389437849952E-01
 1.97408782863577E+03	-1.70024988818159E-01
 1.97409056653580E+03	-7.34019680437205E-02
 1.97409330443583E+03	 8.98906001548403E-02
 1.97409604233586E+03	 2.75969472671776E-01
 1.97409878023589E+03	 4.08578749213239E-01
 1.97410151813592E+03	 4.20027565330740E-01
 1.97410425603595E+03	 2.99789901190233E-01
 1.97410699393598E+03	 1.01915593180598E-01
 1.97410973183602E+03	-9.77410086562202E-02
 1.97411246973605E+03	-2.50193432121224E-01
 1.97411520763608E+03	-3.44141005686350E-01
 1.97411794553611E+03	-3.83919956206788E-01
 1.97412068343614E+03	-3.70066041312472E-01
 1.97412342133617E+03	-3.00199158011651E-01
 1.97412615923620E+03	-1.79736512171672E-01
 1.97412889713623E+03	-2.88783789718736E-02
 1.97413163503626E+03	 1.18333001417283E-01
 1.97413437293629E+03	 2.25102299385612E-01
 1.97413711083632E+03	 2.71106761046441E-01
 1.97413984873635E+03	 2.64441466582555E-01
 1.97414258663638E+03	 2.30411714570338E-01
 1.97414532453642E+03	 1.85951489540899E-01
 1.97414806243645E+03	 1.27935658582910E-01
 1.97415080033648E+03	 4.74390451677166E-02
 1.97415353823651E+03	-4.98820184424505E-02
 1.97415627613654E+03	-1.41325467997652E-01
 1.97415901403657E+03	-2.00345233793419E-01
 1.97416175193660E+03	-2.05699616477679E-01
 1.97416448983663E+03	-1.40909180275192E-01
 1.97416722773666E+03	 6.08517288799729E-04
 1.97416996563669E+03	 1.96294309810165E-01
 1.97417270353672E+03	 3.81763890940591E-01
 1.97417544143675E+03	 4.73821852289510E-01
 1.97417817933678E+03	 4.23564414381881E-01
 1.97418091723682E+03	 2.52842358652048E-01
 1.97418365513685E+03	 3.61404038588606E-02
 1.97418639303688E+03	-1.53980059810945E-01
 1.97418913093691E+03	-2.83863919250261E-01
 1.97419186883694E+03	-3.52210048373523E-01
 1.97419460673697E+03	-3.64935904646916E-01
 1.97419734463700E+03	-3.24851711942498E-01
 1.97420008253703E+03	-2.37509293939459E-01
 1.97420282043706E+03	-1.15873599602436E-01
 1.97420555833709E+03	 2.09591631092457E-02
 1.97420829623712E+03	 1.49094246782723E-01
 1.97421103413715E+03	 2.43314934715510E-01
 1.97421377203718E+03	 2.87519841796566E-01
 1.97421650993722E+03	 2.83284055734526E-01
 1.97421924783725E+03	 2.43759302880922E-01
 1.97422198573728E+03	 1.79072301199318E-01
 1.97422472363731E+03	 9.23844327457818E-02
 1.97422746153734E+03	-9.87658007748964E-03
 1.97423019943737E+03	-1.10532562008059E-01
 1.97423293733740E+03	-1.87433936524494E-01
 1.97423567523743E+03	-2.21986228381642E-01
 1.97423841313746E+03	-1.98885063940797E-01
 1.97424115103749E+03	-1.05247834495946E-01
 1.97424388893752E+03	 5.60667674154474E-02
 1.97424662683755E+03	 2.46152593569482E-01
 1.97424936473758E+03	 3.91622972000118E-01
 1.97425210263761E+03	 4.22733316812127E-01
 1.97425484053765E+03	 3.21534292968607E-01
 1.97425757843768E+03	 1.34507997500688E-01
 1.97426031633771E+03	-6.34691034596052E-02
 1.97426305423774E+03	-2.17396050188537E-01
 1.97426579213777E+03	-3.09091215619148E-01
 1.97426853003780E+03	-3.41022666202290E-01
 1.97427126793783E+03	-3.19173005521806E-01
 1.97427400583786E+03	-2.53072975648059E-01
 1.97427674373789E+03	-1.59639462390085E-01
 1.97427948163792E+03	-5.67971715880867E-02
 1.97428221953795E+03	 4.44514442214466E-02
 1.97428495743798E+03	 1.36980353007134E-01
 1.97428769533801E+03	 2.09995169213279E-01
 1.97429043323805E+03	 2.50279836460354E-01
 1.97429317113808E+03	 2.49971675369382E-01
 1.97429590903811E+03	 2.09430385025343E-01
 1.97429864693814E+03	 1.34680523434251E-01
 1.97430138483817E+03	 3.72416828935526E-02
 1.97430412273820E+03	-6.43773364849086E-02
 1.97430686063823E+03	-1.48785634714665E-01
 1.97430959853826E+03	-1.99127816509789E-01
 1.97431233643829E+03	-2.03962616336351E-01
 1.97431507433832E+03	-1.53026752404708E-01
 1.97431781223835E+03	-4.19283458742562E-02
 1.97432055013838E+03	 1.10841195695644E-01
 1.97432328803841E+03	 2.54334991030638E-01
 1.97432602593845E+03	 3.24226374439439E-01
 1.97432876383848E+03	 2.82922024389700E-01
 1.97433150173851E+03	 1.46174501120687E-01
 1.97433423963854E+03	-2.92908158698853E-02
 1.97433697753857E+03	-1.84615532862538E-01
 1.97433971543860E+03	-2.87319198881956E-01
 1.97434245333863E+03	-3.29973384542429E-01
 1.97434519123866E+03	-3.15217650405935E-01
 1.97434792913869E+03	-2.51677942950158E-01
 1.97435066703872E+03	-1.59748949198941E-01
 1.97435340493875E+03	-6.76381879369089E-02
 1.97435614283878E+03	 5.94903660352453E-03
 1.97435888073881E+03	 6.22948003616921E-02
 1.97436161863884E+03	 1.12350384015135E-01
 1.97436435653888E+03	 1.58319938332901E-01
 1.97436709443891E+03	 1.88026464808213E-01
 1.97436983233894E+03	 1.84914907077949E-01
 1.97437257023897E+03	 1.40983954937536E-01
 1.97437530813900E+03	 6.29978624441729E-02
 1.97437804603903E+03	-2.92807673998022E-02
 1.97438078393906E+03	-1.11235923459729E-01
 1.97438352183909E+03	-1.63248246263059E-01
 1.97438625973912E+03	-1.74269273638270E-01
 1.97438899763915E+03	-1.37922939833990E-01
 1.97439173553918E+03	-5.20584329856295E-02
 1.97439447343921E+03	 7.04814778832410E-02
 1.97439721133924E+03	 1.91665800124790E-01
 1.97439994923928E+03	 2.58523593115760E-01
 1.97440268713931E+03	 2.33762652272357E-01
 1.97440542503934E+03	 1.21377121938493E-01
 1.97440816293937E+03	-3.64959854712620E-02
 1.97441090083940E+03	-1.87559617934594E-01
 1.97441363873943E+03	-2.95990447588515E-01
 1.97441637663946E+03	-3.47798781423867E-01
 1.97441911453949E+03	-3.40343888181701E-01
 1.97442185243952E+03	-2.76363207137235E-01
 1.97442459033955E+03	-1.70757672753064E-01
 1.97442732823958E+03	-5.56223898421862E-02
 1.97443006613961E+03	 3.29741043333730E-02
 1.97443280403964E+03	 7.90076915266634E-02
 1.97443554193968E+03	 9.56080069012914E-02
 1.97443827983971E+03	 1.07599040836254E-01
 1.97444101773974E+03	 1.25455047703540E-01
 1.97444375563977E+03	 1.36714778362800E-01
 1.97444649353980E+03	 1.20249428152778E-01
 1.97444923143983E+03	 6.68717839068926E-02
 1.97445196933986E+03	-1.17154823650232E-02
 1.97445470723989E+03	-9.00257034935150E-02
 1.97445744513992E+03	-1.43027109377079E-01
 1.97446018303995E+03	-1.54781058689810E-01
 1.97446292093998E+03	-1.17236210989397E-01
 1.97446565884001E+03	-2.85667695333940E-02
 1.97446839674004E+03	 9.86151705513487E-02
 1.97447113464007E+03	 2.26661715366918E-01
 1.97447387254011E+03	 3.00593556433020E-01
 1.97447661044014E+03	 2.78868952843145E-01
 1.97447934834017E+03	 1.62396565129268E-01
 1.97448208624020E+03	-6.45173148081911E-03
 1.97448482414023E+03	-1.73000208481030E-01
 1.97448756204026E+03	-2.99056500313611E-01
 1.97449029994029E+03	-3.69340160553771E-01
 1.97449303784032E+03	-3.80209958754438E-01
 1.97449577574035E+03	-3.30360113922692E-01
 1.97449851364038E+03	-2.25084074240759E-01
 1.97450125154041E+03	-8.71296327207615E-02
 1.97450398944044E+03	 4.32518167911035E-02
 1.97450672734047E+03	 1.27569918326582E-01
 1.97450946524051E+03	 1.54110365495890E-01
 1.97451220314054E+03	 1.43708053267650E-01
 1.97451494104057E+03	 1.27888006663474E-01
 1.97451767894060E+03	 1.20044140357576E-01
 1.97452041684063E+03	 1.07760083823782E-01
 1.97452315474066E+03	 7.11603033197742E-02
 1.97452589264069E+03	 6.04864486169424E-03
 1.97452863054072E+03	-7.02006490344099E-02
 1.97453136844075E+03	-1.30936353401078E-01
 1.97453410634078E+03	-1.54249639577328E-01
 1.97453684424081E+03	-1.26155929664229E-01
 1.97453958214084E+03	-3.86448670989051E-02
 1.97454232004087E+03	 1.03051211898514E-01
 1.97454505794091E+03	 2.65164128150894E-01
 1.97454779584094E+03	 3.84923443215062E-01
 1.97455053374097E+03	 4.01208068860107E-01
 1.97455327164100E+03	 2.96661263599611E-01
 1.97455600954103E+03	 1.10836636227766E-01
 1.97455874744106E+03	-8.93172201376864E-02
 1.97456148534109E+03	-2.51297507103016E-01
 1.97456422324112E+03	-3.53815540984354E-01
 1.97456696114115E+03	-3.94732028113690E-01
 1.97456969904118E+03	-3.74519761900826E-01
 1.97457243694121E+03	-2.93945586175808E-01
 1.97457517484124E+03	-1.63555469217533E-01
 1.97457791274127E+03	-1.17016677409244E-02
 1.97458065064131E+03	 1.20142264023235E-01
 1.97458338854134E+03	 1.96729840719196E-01
 1.97458612644137E+03	 2.10490932233018E-01
 1.97458886434140E+03	 1.84416598799080E-01
 1.97459160224143E+03	 1.49896053325131E-01
 1.97459434014146E+03	 1.19872917886588E-01
 1.97459707804149E+03	 8.42608051593122E-02
 1.97459981594152E+03	 2.96195000754086E-02
 1.97460255384155E+03	-4.10431621861079E-02
 1.97460529174158E+03	-1.08138955067785E-01
 1.97460802964161E+03	-1.48909652206090E-01
 1.97461076754164E+03	-1.45468355412925E-01
 1.97461350544167E+03	-8.31312651253038E-02
 1.97461624334170E+03	 4.60607572473742E-02
 1.97461898124174E+03	 2.25336902117939E-01
 1.97462171914177E+03	 3.98523821621112E-01
 1.97462445704180E+03	 4.87552884174858E-01
 1.97462719494183E+03	 4.41212044338295E-01
 1.97462993284186E+03	 2.73428384054465E-01
 1.97463267074189E+03	 5.22200343874789E-02
 1.97463540864192E+03	-1.49279867190166E-01
 1.97463814654195E+03	-2.91168509629417E-01
 1.97464088444198E+03	-3.66355657167279E-01
 1.97464362234201E+03	-3.79086893517870E-01
 1.97464636024204E+03	-3.32799076830325E-01
 1.97464909814207E+03	-2.33757916153566E-01
 1.97465183604210E+03	-9.81708907399483E-02
 1.97465457394214E+03	 4.58576925799840E-02
 1.97465731184217E+03	 1.63533523960398E-01
 1.97466004974220E+03	 2.26953252935882E-01
 1.97466278764223E+03	 2.31013543565505E-01
 1.97466552554226E+03	 1.95675830764235E-01
 1.97466826344229E+03	 1.47685941512375E-01
 1.97467100134232E+03	 9.90745624820863E-02
 1.97467373924235E+03	 4.53833457730163E-02
 1.97467647714238E+03	-1.77304589045498E-02
 1.97467921504241E+03	-8.21341256824413E-02
 1.97468195294244E+03	-1.31406236677039E-01
 1.97468469084247E+03	-1.49850873263334E-01
 1.97468742874250E+03	-1.22585786897154E-01
 1.97469016664254E+03	-3.37145195277234E-02
 1.97469290454257E+03	 1.20698398856775E-01
 1.97469564244260E+03	 3.08897611892335E-01
 1.97469838034263E+03	 4.59043262133210E-01
 1.97470111824266E+03	 4.95139403615784E-01
 1.97470385614269E+03	 3.90428202763644E-01
 1.97470659404272E+03	 1.87964801076646E-01
 1.97470933194275E+03	-3.27171495678126E-02
 1.97471206984278E+03	-2.08321036754403E-01
 1.97471480774281E+03	-3.15062438588661E-01
 1.97471754564284E+03	-3.54850260598317E-01
 1.97472028354287E+03	-3.35362809532117E-01
 1.97472302144290E+03	-2.65891353194315E-01
 1.97472575934293E+03	-1.60956496684721E-01
 1.97472849724297E+03	-3.93275248488126E-02
 1.97473123514300E+03	 7.85810972821891E-02
 1.97473397304303E+03	 1.70780791313572E-01
 1.97473671094306E+03	 2.18023728522568E-01
 1.97473944884309E+03	 2.14793881091099E-01
 1.97474218674312E+03	 1.73988207251068E-01
 1.97474492464315E+03	 1.15831133898844E-01
 1.97474766254318E+03	 5.30158828196653E-02
 1.97475040044321E+03	-1.06623158970513E-02
 1.97475313834324E+03	-7.08607299384780E-02
 1.97475587624327E+03	-1.18453664153978E-01
 1.97475861414330E+03	-1.43859047403027E-01
 1.97476135204333E+03	-1.38290577455068E-01
 1.97476408994337E+03	-8.88442519640576E-02
 1.97476682784340E+03	 1.81221029808111E-02
 1.97476956574343E+03	 1.76324564875461E-01
 1.97477230364346E+03	 3.39972699821606E-01
 1.97477504154349E+03	 4.35527481559123E-01
 1.97477777944352E+03	 4.07425153685597E-01
 1.97478051734355E+03	 2.59866749226539E-01
 1.97478325524358E+03	 5.38327194367477E-02
 1.97478599314361E+03	-1.37201484818785E-01
 1.97478873104364E+03	-2.68532915934764E-01
 1.97479146894367E+03	-3.29826222347243E-01
 1.97479420684370E+03	-3.27367746820542E-01
 1.97479694474373E+03	-2.73108931638285E-01
 1.97479968264377E+03	-1.85749042137215E-01
 1.97480242054380E+03	-8.76971325232480E-02
 1.97480515844383E+03	 5.21840878386719E-03
 1.97480789634386E+03	 8.63894890875112E-02
 1.97481063424389E+03	 1.49202696491409E-01
 1.97481337214392E+03	 1.81721092565415E-01
 1.97481611004395E+03	 1.74922130825700E-01
 1.97481884794398E+03	 1.32418093070443E-01
 1.97482158584401E+03	 6.82117961222194E-02
 1.97482432374404E+03	-2.38523338117224E-03
 1.97482706164407E+03	-6.68543003058108E-02
 1.97482979954410E+03	-1.14908758132082E-01
 1.97483253744413E+03	-1.39681160258275E-01
 1.97483527534416E+03	-1.38280645373087E-01
 1.97483801324420E+03	-1.06510510313341E-01
 1.97484075114423E+03	-3.49503561472628E-02
 1.97484348904426E+03	 8.06297396355969E-02
 1.97484622694429E+03	 2.18894741210829E-01
 1.97484896484432E+03	 3.27303421213970E-01
 1.97485170274435E+03	 3.47974950055931E-01
 1.97485444064438E+03	 2.58469538256091E-01
 1.97485717854441E+03	 9.01457256403695E-02
 1.97485991644444E+03	-9.37697025433011E-02
 1.97486265434447E+03	-2.38139448749868E-01
 1.97486539224450E+03	-3.17387374394622E-01
 1.97486813014453E+03	-3.29160687719117E-01
 1.97487086804456E+03	-2.82151755446200E-01
 1.97487360594460E+03	-1.95261522715473E-01
 1.97487634384463E+03	-9.79722581753309E-02
 1.97487908174466E+03	-1.72613494830235E-02
 1.97488181964469E+03	 3.90270792620530E-02
 1.97488455754472E+03	 8.04971126284282E-02
 1.97488729544475E+03	 1.14850139629020E-01
 1.97489003334478E+03	 1.35044776252038E-01
 1.97489277124481E+03	 1.27051881513491E-01
 1.97489550914484E+03	 8.57274320446998E-02
 1.97489824704487E+03	 2.07889134369932E-02
 1.97490098494490E+03	-4.89620116904250E-02
 1.97490372284493E+03	-1.04506590689813E-01
 1.97490646074496E+03	-1.33216907810642E-01
 1.97490919864500E+03	-1.31136458183698E-01
 1.97491193654503E+03	-9.89618258350393E-02
 1.97491467444506E+03	-3.57416101616251E-02
 1.97491741234509E+03	 5.89475372342058E-02
 1.97492015024512E+03	 1.71715555623900E-01
 1.97492288814515E+03	 2.66282619120047E-01
 1.97492562604518E+03	 2.96135964313102E-01
 1.97492836394521E+03	 2.34434396682398E-01
 1.97493110184524E+03	 9.52082470977225E-02
 1.97493383974527E+03	-7.42345717876249E-02
 1.97493657764530E+03	-2.22041449419902E-01
 1.97493931554533E+03	-3.15367474040563E-01
 1.97494205344536E+03	-3.42893803949500E-01
 1.97494479134540E+03	-3.05963543607233E-01
 1.97494752924543E+03	-2.16613744045651E-01
 1.97495026714546E+03	-1.02696611276597E-01
 1.97495300504549E+03	-2.69905989781465E-03
 1.97495574294552E+03	 5.60135631538921E-02
 1.97495848084555E+03	 7.54570786198370E-02
 1.97496121874558E+03	 7.93934777432002E-02
 1.97496395664561E+03	 8.64143560912759E-02
 1.97496669454564E+03	 9.27936325757548E-02
 1.97496943244567E+03	 8.10047493965524E-02
 1.97497217034570E+03	 4.06853865448563E-02
 1.97497490824573E+03	-2.00582546392591E-02
 1.97497764614576E+03	-7.99777946012420E-02
 1.97498038404579E+03	-1.17767575251599E-01
 1.97498312194583E+03	-1.21281693012365E-01
 1.97498585984586E+03	-8.75535599235345E-02
 1.97498859774589E+03	-1.75031916812877E-02
 1.97499133564592E+03	 8.45232316915149E-02
 1.97499407354595E+03	 2.01882031166231E-01
 1.97499681144598E+03	 2.98507607443054E-01
 1.97499954934601E+03	 3.29743079277670E-01
 1.97500228724604E+03	 2.69401575234862E-01
 1.97500502514607E+03	 1.29840694389157E-01
 1.97500776304610E+03	-4.44870077069922E-02
 1.97501050094613E+03	-2.03428984342149E-01
 1.97501323884616E+03	-3.13372314041395E-01
 1.97501597674619E+03	-3.60477131032082E-01
 1.97501871464623E+03	-3.41907601753277E-01
 1.97502145254626E+03	-2.61713506040327E-01
 1.97502419044629E+03	-1.37269988165377E-01
 1.97502692834632E+03	-4.46356684117464E-03
 1.97502966624635E+03	 9.37201398342842E-02
 1.97503240414638E+03	 1.32567831560220E-01
 1.97503514204641E+03	 1.21820441209625E-01
 1.97503787994644E+03	 9.38762686436818E-02
 1.97504061784647E+03	 7.39124531092742E-02
 1.97504335574650E+03	 6.14982036528779E-02
 1.97504609364653E+03	 3.96873883632233E-02
 1.97504883154656E+03	-2.01073874842776E-03
 1.97505156944659E+03	-5.51941824095761E-02
 1.97505430734663E+03	-9.91309915166453E-02
 1.97505704524666E+03	-1.14707291728614E-01
 1.97505978314669E+03	-9.10141584855751E-02
 1.97506252104672E+03	-2.27931674519476E-02
 1.97506525894675E+03	 9.01860968046332E-02
 1.97506799684678E+03	 2.33448564896096E-01
 1.97507073474681E+03	 3.67092655288882E-01
 1.97507347264684E+03	 4.34277833387511E-01
 1.97507621054687E+03	 3.93324399844018E-01
 1.97507894844690E+03	 2.48397378521536E-01
 1.97508168634693E+03	 4.86292542931168E-02
 1.97508442424696E+03	-1.43898491297107E-01
 1.97508716214699E+03	-2.86494605141984E-01
 1.97508990004702E+03	-3.63359330627279E-01
 1.97509263794706E+03	-3.73204892679712E-01
 1.97509537584709E+03	-3.18438705394772E-01
 1.97509811374712E+03	-2.07302812407838E-01
 1.97510085164715E+03	-6.25998565049695E-02
 1.97510358954718E+03	 7.67408513578045E-02
 1.97510632744721E+03	 1.69406515591631E-01
 1.97510906534724E+03	 1.94588007236866E-01
 1.97511180324727E+03	 1.64870710084891E-01
 1.97511454114730E+03	 1.14310645653617E-01
 1.97511727904733E+03	 7.04501612013567E-02
 1.97512001694736E+03	 3.69227645894053E-02
 1.97512275484739E+03	 1.78648197386032E-03
 1.97512549274742E+03	-4.15889004515695E-02
 1.97512823064746E+03	-8.47302109399356E-02
 1.97513096854749E+03	-1.11340885639723E-01
 1.97513370644752E+03	-1.07338784843806E-01
 1.97513644434755E+03	-6.15886851796841E-02
 1.97513918224758E+03	 3.62189074079076E-02
 1.97514192014761E+03	 1.86235669530681E-01
 1.97514465804764E+03	 3.59612678553398E-01
 1.97514739594767E+03	 4.93844041326370E-01
 1.97515013384770E+03	 5.21304991714897E-01
 1.97515287174773E+03	 4.15188326096662E-01
 1.97515560964776E+03	 2.11088542726776E-01
 1.97515834754779E+03	-1.77541307929087E-02
 1.97516108544782E+03	-2.06891793584066E-01
 1.97516382334786E+03	-3.26468699102633E-01
 1.97516656124789E+03	-3.73767109695410E-01
 1.97516929914792E+03	-3.54817313688083E-01
 1.97517203704795E+03	-2.77370898860070E-01
 1.97517477494798E+03	-1.55233603022920E-01
 1.97517751284801E+03	-1.29673521538396E-02
 1.97518025074804E+03	 1.15597607835015E-01
 1.97518298864807E+03	 1.97087791554382E-01
 1.97518572654810E+03	 2.14492538265212E-01
 1.97518846444813E+03	 1.77914697217321E-01
 1.97519120234816E+03	 1.16820262245346E-01
 1.97519394024819E+03	 5.76314214977846E-02
 1.97519667814822E+03	 8.49039802688633E-03
 1.97519941604825E+03	-3.50269964988460E-02
 1.97520215394829E+03	-7.47169430493733E-02
 1.97520489184832E+03	-1.04374379869979E-01
 1.97520762974835E+03	-1.15327185159090E-01
 1.97521036764838E+03	-9.88557648966293E-02
 1.97521310554841E+03	-4.15627904551247E-02
 1.97521584344844E+03	 7.19033121802769E-02
 1.97521858134847E+03	 2.38450038769229E-01
 1.97522131924850E+03	 4.14818829174499E-01
 1.97522405714853E+03	 5.25574947736503E-01
 1.97522679504856E+03	 5.07793542964916E-01
 1.97522953294859E+03	 3.57368259584022E-01
 1.97523227084862E+03	 1.32777108853391E-01
 1.97523500874865E+03	-8.68521146818166E-02
 1.97523774664869E+03	-2.47586228215508E-01
 1.97524048454872E+03	-3.33041675187321E-01
 1.97524322244875E+03	-3.48514185425048E-01
 1.97524596034878E+03	-3.05663154137216E-01
 1.97524869824881E+03	-2.19555981987574E-01
 1.97525143614884E+03	-1.08813874361198E-01
 1.97525417404887E+03	 6.71597784750105E-03
 1.97525691194890E+03	 1.06483806425065E-01
 1.97525964984893E+03	 1.69438221295922E-01
 1.97526238774896E+03	 1.81535139592748E-01
 1.97526512564899E+03	 1.46657820964141E-01
 1.97526786354902E+03	 8.59356301385441E-02
 1.97527060144905E+03	 2.26797670916501E-02
 1.97527333934909E+03	-3.06216198091166E-02
 1.97527607724912E+03	-7.09388196469406E-02
 1.97527881514915E+03	-9.70148501606061E-02
 1.97528155304918E+03	-1.07643803409582E-01
 1.97528429094921E+03	-1.02687182723572E-01
 1.97528702884924E+03	-7.74911231754389E-02
 1.97528976674927E+03	-1.66855993678023E-02
 1.97529250464930E+03	 9.56629453170487E-02
 1.97529524254933E+03	 2.49418866965276E-01
 1.97529798044936E+03	 3.92614502771223E-01
 1.97530071834939E+03	 4.53312282775277E-01
 1.97530345624942E+03	 3.88933090962109E-01
 1.97530619414945E+03	 2.19193737559844E-01
 1.97530893204949E+03	 1.11904599412809E-02
 1.97531166994952E+03	-1.66680645168497E-01
 1.97531440784955E+03	-2.77738069231730E-01
 1.97531714574958E+03	-3.16557117354664E-01
 1.97531988364961E+03	-2.93663729607327E-01
 1.97532262154964E+03	-2.27743013238897E-01
 1.97532535944967E+03	-1.42771651756401E-01
 1.97532809734970E+03	-5.93014813239409E-02
 1.97533083524973E+03	 1.36009385901422E-02
 1.97533357314976E+03	 7.32378762455896E-02
 1.97533631104979E+03	 1.11863289008611E-01
 1.97533904894982E+03	 1.17313209082125E-01
 1.97534178684985E+03	 8.61385007866457E-02
 1.97534452474988E+03	 3.07126781705984E-02
 1.97534726264992E+03	-2.87450506412525E-02
 1.97535000054995E+03	-7.58151836121975E-02
 1.97535273844998E+03	-1.01806702309000E-01
 1.97535547635001E+03	-1.04959558344786E-01
 1.97535821425004E+03	-8.99130663499205E-02
 1.97536095215007E+03	-6.32571418323877E-02
 1.97536369005010E+03	-2.35326576132381E-02
 1.97536642795013E+03	 4.18922831080036E-02
 1.97536916585016E+03	 1.41148608470097E-01
 1.97537190375019E+03	 2.54502148812472E-01
 1.97537464165022E+03	 3.31588370368864E-01
 1.97537737955025E+03	 3.21499422993719E-01
 1.97538011745028E+03	 2.12185600658137E-01
 1.97538285535032E+03	 4.18513967121033E-02
 1.97538559325035E+03	-1.27729729635017E-01
 1.97538833115038E+03	-2.48166124860332E-01
 1.97539106905041E+03	-2.99818351157162E-01
 1.97539380695044E+03	-2.84761764422467E-01
 1.97539654485047E+03	-2.18643883052275E-01
 1.97539928275050E+03	-1.29276847444996E-01
 1.97540202065053E+03	-4.90569012603531E-02
 1.97540475855056E+03	 3.10748778514214E-03
 1.97540749645059E+03	 3.15610280992687E-02
 1.97541023435062E+03	 5.06713340101068E-02
 1.97541297225065E+03	 6.36625897629363E-02
 1.97541571015068E+03	 5.93966599383969E-02
 1.97541844805072E+03	 2.84985054373699E-02
 1.97542118595075E+03	-2.30824818858666E-02
 1.97542392385078E+03	-7.68011169611337E-02
 1.97542666175081E+03	-1.13067603819013E-01
 1.97542939965084E+03	-1.19965827193770E-01
 1.97543213755087E+03	-9.65464328500244E-02
 1.97543487545090E+03	-5.10869284965866E-02
 1.97543761335093E+03	 6.61476246477393E-03
 1.97544035125096E+03	 7.36198857792220E-02
 1.97544308915099E+03	 1.51505924323661E-01
 1.97544582705102E+03	 2.31869817692381E-01
 1.97544856495105E+03	 2.86334349378000E-01
 1.97545130285108E+03	 2.78176108376998E-01
 1.97545404075111E+03	 1.89938813825278E-01
 1.97545677865115E+03	 4.13677401713236E-02
 1.97545951655118E+03	-1.20233381425227E-01
 1.97546225445121E+03	-2.47438742390574E-01
 1.97546499235124E+03	-3.12571258599585E-01
 1.97546773025127E+03	-3.08488231096578E-01
 1.97547046815130E+03	-2.42355826382946E-01
 1.97547320605133E+03	-1.36057537191400E-01
 1.97547594395136E+03	-2.66299371821106E-02
 1.97547868185139E+03	 4.82422362379588E-02
 1.97548141975142E+03	 7.40696849395034E-02
 1.97548415765145E+03	 6.70318879755296E-02
 1.97548689555148E+03	 5.36383784547850E-02
 1.97548963345151E+03	 4.42044312848678E-02
 1.97549237135155E+03	 2.85397484286833E-02
 1.97549510925158E+03	-5.71800708570060E-03
 1.97549784715161E+03	-5.57955225913108E-02
 1.97550058505164E+03	-1.03818124036278E-01
 1.97550332295167E+03	-1.28967168738357E-01
 1.97550606085170E+03	-1.18639362075463E-01
 1.97550879875173E+03	-7.20054379597458E-02
 1.97551153665176E+03	 3.53802274565201E-03
 1.97551427455179E+03	 9.83553907236948E-02
 1.97551701245182E+03	 2.01840531976403E-01
 1.97551975035185E+03	 2.96424247095699E-01
 1.97552248825188E+03	 3.53169929016427E-01
 1.97552522615191E+03	 3.40924788309639E-01
 1.97552796405195E+03	 2.46831929991474E-01
 1.97553070195198E+03	 9.01125933773791E-02
 1.97553343985201E+03	-8.52877766816312E-02
 1.97553617775204E+03	-2.33207287754710E-01
 1.97553891565207E+03	-3.23518053061042E-01
 1.97554165355210E+03	-3.44619707384969E-01
 1.97554439145213E+03	-2.97121046966006E-01
 1.97554712935216E+03	-1.92675276206472E-01
 1.97554986725219E+03	-5.94971403820082E-02
 1.97555260515222E+03	 5.95949324954066E-02
 1.97555534305225E+03	 1.26679398668834E-01
 1.97555808095228E+03	 1.32875570804027E-01
 1.97556081885231E+03	 1.01807754875437E-01
 1.97556355675234E+03	 6.59764625863593E-02
 1.97556629465238E+03	 3.95429921154898E-02
 1.97556903255241E+03	 1.42322569603216E-02
 1.97557177045244E+03	-2.21462837965387E-02
 1.97557450835247E+03	-6.78464475051197E-02
 1.97557724625250E+03	-1.06743968834001E-01
 1.97557998415253E+03	-1.20359872232959E-01
 1.97558272205256E+03	-9.76563139874742E-02
 1.97558545995259E+03	-3.57298692576567E-02
 1.97558819785262E+03	 6.35720723017331E-02
 1.97559093575265E+03	 1.92251695091670E-01
 1.97559367365268E+03	 3.28299462932448E-01
 1.97559641155271E+03	 4.31665618892024E-01
 1.97559914945274E+03	 4.56861796320922E-01
 1.97560188735278E+03	 3.79595809782623E-01
 1.97560462525281E+03	 2.15981771485904E-01
 1.97560736315284E+03	 1.54278744323007E-02
 1.97561010105287E+03	-1.66980761816256E-01
 1.97561283895290E+03	-2.94378420914499E-01
 1.97561557685293E+03	-3.52444848334753E-01
 1.97561831475296E+03	-3.40330120108715E-01
 1.97562105265299E+03	-2.64195204776363E-01
 1.97562379055302E+03	-1.40390359924573E-01
 1.97562652845305E+03	-7.81386709299402E-04
 1.97562926635308E+03	 1.12546570891708E-01
 1.97563200425311E+03	 1.66616241674082E-01
 1.97563474215314E+03	 1.57460613177011E-01
 1.97563748005318E+03	 1.10855521125910E-01
 1.97564021795321E+03	 6.02436265287348E-02
 1.97564295585324E+03	 2.21022404912157E-02
 1.97564569375327E+03	-8.20926641742243E-03
 1.97564843165330E+03	-4.03131529497700E-02
 1.97565116955333E+03	-7.33100739509071E-02
 1.97565390745336E+03	-9.59241542431114E-02
 1.97565664535339E+03	-9.61205744877576E-02
 1.97565938325342E+03	-6.56686914358564E-02
 1.97566212115345E+03	 2.90255984638273E-03
 1.97566485905348E+03	 1.15708812560040E-01
 1.97566759695351E+03	 2.65207195449725E-01
 1.97567033485354E+03	 4.15945039594100E-01
 1.97567307275358E+03	 5.09237570017865E-01
 1.97567581065361E+03	 4.94031531734621E-01
 1.97567854855364E+03	 3.62408066255692E-01
 1.97568128645367E+03	 1.57381730698397E-01
 1.97568402435370E+03	-5.47208139241929E-02
 1.97568676225373E+03	-2.21056697061933E-01
 1.97568950015376E+03	-3.18184766155422E-01
 1.97569223805379E+03	-3.44190901301858E-01
 1.97569497595382E+03	-3.05942480320905E-01
 1.97569771385385E+03	-2.15372815515103E-01
 1.97570045175388E+03	-9.26192412006543E-02
 1.97570318965391E+03	 3.24512340294458E-02
 1.97570592755394E+03	 1.25856820277119E-01
 1.97570866545397E+03	 1.62826625817167E-01
 1.97571140335401E+03	 1.41757880925529E-01
 1.97571414125404E+03	 8.56112959227254E-02
 1.97571687915407E+03	 2.54772284607560E-02
 1.97571961705410E+03	-2.00474273497970E-02
 1.97572235495413E+03	-5.02349929524445E-02
 1.97572509285416E+03	-7.08497234985008E-02
 1.97572783075419E+03	-8.29670927308426E-02
 1.97573056865422E+03	-8.33803571297600E-02
 1.97573330655425E+03	-6.89952655606799E-02
 1.97573604445428E+03	-3.40771026605644E-02
 1.97573878235431E+03	 3.46744894697604E-02
 1.97574152025434E+03	 1.49987070709107E-01
 1.97574425815437E+03	 3.01634301677271E-01
 1.97574699605441E+03	 4.42164552920867E-01
 1.97574973395444E+03	 5.04508590823318E-01
 1.97575247185447E+03	 4.45484166639058E-01
 1.97575520975450E+03	 2.78411618671481E-01
 1.97575794765453E+03	 6.42845537288439E-02
 1.97576068555456E+03	-1.28721328167496E-01
 1.97576342345459E+03	-2.59221190161036E-01
 1.97576616135462E+03	-3.17044233227693E-01
 1.97576889925465E+03	-3.09473343890908E-01
 1.97577163715468E+03	-2.50692707458498E-01
 1.97577437505471E+03	-1.59048862970330E-01
 1.97577711295474E+03	-5.52682302411962E-02
 1.97577985085477E+03	 3.97548161954155E-02
 1.97578258875481E+03	 1.05694360656297E-01
 1.97578532665484E+03	 1.26314471649812E-01
 1.97578806455487E+03	 9.87538476134142E-02
 1.97579080245490E+03	 3.92681624270297E-02
 1.97579354035493E+03	-2.53138203567250E-02
 1.97579627825496E+03	-7.41729472625116E-02
 1.97579901615499E+03	-1.00279578419691E-01
 1.97580175405502E+03	-1.05296853172823E-01
 1.97580449195505E+03	-9.33792432398850E-02
 1.97580722985508E+03	-7.05836455354674E-02
 1.97580996775511E+03	-4.23016305643381E-02
 1.97581270565514E+03	-4.11089699932538E-03
 1.97581544355517E+03	 6.15941846007949E-02
 1.97581818145520E+03	 1.69135265685004E-01
 1.97582091935524E+03	 3.02590784618538E-01
 1.97582365725527E+03	 4.08393021535641E-01
 1.97582639515530E+03	 4.24748455901254E-01
 1.97582913305533E+03	 3.27076793620521E-01
 1.97583187095536E+03	 1.47927456835864E-01
 1.97583460885539E+03	-4.64815614569050E-02
 1.97583734675542E+03	-1.98155283456676E-01
 1.97584008465545E+03	-2.80424096130642E-01
 1.97584282255548E+03	-2.93587092858415E-01
 1.97584556045551E+03	-2.52401314416359E-01
 1.97584829835554E+03	-1.79317387636860E-01
 1.97585103625557E+03	-9.84254348871523E-02
 1.97585377415560E+03	-2.62902535080386E-02
 1.97585651205564E+03	 3.08010198212219E-02
 1.97585924995567E+03	 6.83000688781265E-02
 1.97586198785570E+03	 7.66949668127275E-02
 1.97586472575573E+03	 4.89187119492460E-02
 1.97586746365576E+03	-7.42046241033666E-03
 1.97587020155579E+03	-7.05806354322744E-02
 1.97587293945582E+03	-1.17898905374056E-01
 1.97587567735585E+03	-1.36510695530010E-01
 1.97587841525588E+03	-1.24680029468276E-01
 1.97588115315591E+03	-8.97955025436949E-02
 1.97588389105594E+03	-4.55461262066522E-02
 1.97588662895597E+03	-3.09821116884826E-03
 1.97588936685600E+03	 4.07896891869372E-02
 1.97589210475604E+03	 1.02889601354613E-01
 1.97589484265607E+03	 1.92246640773935E-01
 1.97589758055610E+03	 2.86894972866813E-01
 1.97590031845613E+03	 3.37135983925437E-01
 1.97590305635616E+03	 2.99822637418641E-01
 1.97590579425619E+03	 1.73915556513656E-01
 1.97590853215622E+03	 3.64362707974431E-03
 1.97591127005625E+03	-1.51660030809879E-01
 1.97591400795628E+03	-2.50422470978405E-01
 1.97591674585631E+03	-2.79280818498582E-01
 1.97591948375634E+03	-2.46108769846489E-01
 1.97592222165637E+03	-1.73136440674727E-01
 1.97592495955640E+03	-9.17542918594030E-02
 1.97592769745643E+03	-2.95505786183289E-02
 1.97593043535647E+03	 5.18801397769493E-03
 1.97593317325650E+03	 2.28268497807844E-02
 1.97593591115653E+03	 3.33520419606618E-02
 1.97593864905656E+03	 3.19586242764270E-02
 1.97594138695659E+03	 6.91213587944582E-03
 1.97594412485662E+03	-4.21202619349278E-02
 1.97594686275665E+03	-9.82945839561833E-02
 1.97594960065668E+03	-1.38278963584768E-01
 1.97595233855671E+03	-1.45444384587317E-01
 1.97595507645674E+03	-1.16096456723090E-01
 1.97595781435677E+03	-5.97627625373642E-02
 1.97596055225680E+03	 6.00862672878404E-03
 1.97596329015683E+03	 6.72249708644621E-02
 1.97596602805687E+03	 1.23377050365102E-01
 1.97596876595690E+03	 1.82535813879676E-01
 1.97597150385693E+03	 2.42611825795874E-01
 1.97597424175696E+03	 2.79319916185642E-01
 1.97597697965699E+03	 2.58669529788357E-01
 1.97597971755702E+03	 1.65672023108982E-01
 1.97598245545705E+03	 2.15355218216032E-02
 1.97598519335708E+03	-1.27300995293063E-01
 1.97598793125711E+03	-2.36147368465576E-01
 1.97599066915714E+03	-2.80388870880825E-01
 1.97599340705717E+03	-2.56763555125089E-01
 1.97599614495720E+03	-1.79327698522527E-01
 1.97599888285723E+03	-7.83207248442105E-02
 1.97600162075727E+03	 6.95363898899816E-03
 1.97600435865730E+03	 4.84191428034447E-02
 1.97600709655733E+03	 4.74763318876372E-02
 1.97600983445736E+03	 2.88483804160921E-02
 1.97601257235739E+03	 1.36005984134240E-02
 1.97601531025742E+03	 8.26850210280807E-04
 1.97601804815744E+03	-2.34756767429586E-02
 1.97602078605748E+03	-6.46318334307636E-02
 1.97602352395751E+03	-1.09918759971893E-01
 1.97602626185754E+03	-1.37399825539580E-01
 1.97602899975757E+03	-1.29990096584797E-01
 1.97603173765760E+03	-8.35531874086689E-02
 1.97603447555763E+03	-7.29863561012046E-03
 1.97603721345767E+03	 8.20930127962443E-02
 1.97603995135770E+03	 1.69442330599080E-01
 1.97604268925773E+03	 2.45565246300284E-01
 1.97604542715776E+03	 3.02095564178101E-01
 1.97604816505779E+03	 3.23609981174319E-01
 1.97605090295782E+03	 2.90387723249344E-01
 1.97605364085785E+03	 1.93783320468838E-01
 1.97605637875788E+03	 4.96945982537480E-02
 1.97605911665791E+03	-1.04681990541538E-01
 1.97606185455794E+03	-2.28632513033318E-01
 1.97606459245797E+03	-2.94312175061421E-01
 1.97606733035800E+03	-2.91078680951746E-01
 1.97607006825803E+03	-2.23059775992171E-01
 1.97607280615806E+03	-1.10060102291517E-01
 1.97607554405810E+03	 1.08434962833109E-02
 1.97607828195813E+03	 9.60894809009493E-02
 1.97608101985816E+03	 1.19961882729738E-01
 1.97608375775819E+03	 9.16068381280338E-02
 1.97608649565822E+03	 4.44036015083979E-02
 1.97608923355825E+03	 6.09230861727061E-03
 1.97609197145828E+03	-2.00597059775930E-02
 1.97609470935831E+03	-4.65870923959928E-02
 1.97609744725834E+03	-8.03172390396775E-02
 1.97610018515837E+03	-1.12237581496058E-01
 1.97610292305840E+03	-1.24687422257317E-01
 1.97610566095843E+03	-1.03727292758502E-01
 1.97610839885846E+03	-4.53671819680561E-02
 1.97611113675850E+03	 4.52425993620650E-02
 1.97611387465853E+03	 1.56892520662727E-01
 1.97611661255856E+03	 2.73438161726166E-01
 1.97611935045859E+03	 3.72264641486340E-01
 1.97612208835862E+03	 4.24685039731917E-01
 1.97612482625865E+03	 4.04617667487681E-01
 1.97612756415868E+03	 3.04037604692918E-01
 1.97613030205871E+03	 1.42928079658851E-01
 1.97613303995874E+03	-3.71936480274698E-02
 1.97613577785877E+03	-1.92277946435526E-01
 1.97613851575880E+03	-2.92050231351083E-01
 1.97614125365883E+03	-3.23586009040899E-01
 1.97614399155886E+03	-2.86484423143647E-01
 1.97614672945890E+03	-1.90671832424437E-01
 1.97614946735893E+03	-6.02894357065802E-02
 1.97615220525896E+03	 6.53503447819831E-02
 1.97615494315899E+03	 1.44516998788583E-01
 1.97615768105902E+03	 1.55927185275079E-01
 1.97616041895905E+03	 1.12160251024318E-01
 1.97616315685908E+03	 4.82104837592143E-02
 1.97616589475911E+03	-5.86922725756614E-03
 1.97616863265914E+03	-4.23428787443462E-02
 1.97617137055917E+03	-6.93613123379985E-02
 1.97617410845920E+03	-9.30704041537763E-02
 1.97617684635923E+03	-1.08880763706142E-01
 1.97617958425926E+03	-1.06624821419244E-01
 1.97618232215929E+03	-7.82630884599036E-02
 1.97618506005933E+03	-1.91341457979465E-02
 1.97618779795936E+03	 7.37080979175671E-02
 1.97619053585939E+03	 1.97752012040505E-01
 1.97619327375942E+03	 3.35456292833293E-01
 1.97619601165945E+03	 4.49284541484779E-01
 1.97619874955948E+03	 4.92828305044605E-01
 1.97620148745951E+03	 4.36224179869753E-01
 1.97620422535954E+03	 2.87438107628029E-01
 1.97620696325957E+03	 9.03540725269723E-02
 1.97620970115960E+03	-9.94333467146475E-02
 1.97621243905963E+03	-2.40424954107887E-01
 1.97621517695966E+03	-3.14385284409889E-01
 1.97621791485969E+03	-3.20022170929870E-01
 1.97622065275973E+03	-2.64754732714828E-01
 1.97622339065976E+03	-1.63282102551338E-01
 1.97622612855979E+03	-4.04216592991889E-02
 1.97622886645982E+03	 6.97819764443722E-02
 1.97623160435985E+03	 1.34181731561312E-01
 1.97623434225988E+03	 1.36816927085676E-01
 1.97623708015991E+03	 8.88786850989269E-02
 1.97623981805994E+03	 2.09481911786370E-02
 1.97624255595997E+03	-3.80179462592995E-02
 1.97624529386000E+03	-7.61155985184570E-02
 1.97624803176003E+03	-9.60673409859806E-02
 1.97625076966006E+03	-1.03046912957692E-01
 1.97625350756009E+03	-9.84579817975365E-02
 1.97625624546013E+03	-8.21941276538211E-02
 1.97625898336016E+03	-5.33108411663646E-02
 1.97626172126019E+03	-5.08060906764649E-03
 1.97626445916022E+03	 7.56559086185841E-02
 1.97626719706025E+03	 1.95352615422026E-01
 1.97626993496028E+03	 3.34637258448892E-01
 1.97627267286031E+03	 4.44530702821006E-01
 1.97627541076034E+03	 4.70000099717341E-01
 1.97627814866037E+03	 3.86298181153073E-01
 1.97628088656040E+03	 2.17418567650925E-01
 1.97628362446043E+03	 2.05603877731103E-02
 1.97628636236046E+03	-1.47955528859646E-01
 1.97628910026049E+03	-2.56192528740241E-01
 1.97629183816053E+03	-2.97499279872299E-01
 1.97629457606056E+03	-2.79954187726893E-01
 1.97629731396059E+03	-2.18347112746979E-01
 1.97630005186062E+03	-1.31014207791732E-01
 1.97630278976065E+03	-3.82522865009341E-02
 1.97630552766068E+03	 3.87065887052366E-02
 1.97630826556071E+03	 8.00660589357958E-02
 1.97631100346074E+03	 7.47039802543893E-02
 1.97631374136077E+03	 2.88559932631082E-02
 1.97631647926080E+03	-3.45961500300458E-02
 1.97631921716083E+03	-8.94756968377880E-02
 1.97632195506086E+03	-1.20296921198190E-01
 1.97632469296089E+03	-1.24702049723519E-01
 1.97632743086092E+03	-1.07631562895692E-01
 1.97633016876096E+03	-7.76628796865695E-02
 1.97633290666099E+03	-4.55200498816108E-02
 1.97633564456102E+03	-1.70232769530662E-02
 1.97633838246105E+03	 1.68363967198360E-02
 1.97634112036108E+03	 7.73514016649250E-02
 1.97634385826111E+03	 1.76311508989536E-01
 1.97634659616114E+03	 2.92452695161943E-01
 1.97634933406117E+03	 3.73266077605669E-01
 1.97635207196120E+03	 3.67909406293628E-01
 1.97635480986123E+03	 2.64775935089013E-01
 1.97635754776126E+03	 1.00268703248630E-01
 1.97636028566129E+03	-6.69195876631088E-02
 1.97636302356132E+03	-1.89942989422363E-01
 1.97636576146136E+03	-2.49417765297630E-01
 1.97636849936139E+03	-2.48983116378950E-01
 1.97637123726142E+03	-2.05687383882771E-01
 1.97637397516145E+03	-1.42420431932082E-01
 1.97637671306148E+03	-7.95847818171432E-02
 1.97637945096151E+03	-2.82889640504372E-02
 1.97638218886154E+03	 7.37510972810125E-03
 1.97638492676157E+03	 2.19219288376184E-02
 1.97638766466160E+03	 7.52271735983886E-03
 1.97639040256163E+03	-3.58977835134813E-02
 1.97639314046166E+03	-9.33405269277453E-02
 1.97639587836169E+03	-1.41351529682656E-01
 1.97639861626172E+03	-1.61365401039276E-01
 1.97640135416176E+03	-1.46800862622490E-01
 1.97640409206179E+03	-1.02894042621335E-01
 1.97640682996182E+03	-4.48594694083408E-02
 1.97640956786185E+03	 7.50869595913874E-03
 1.97641230576188E+03	 4.29449571433157E-02
 1.97641504366191E+03	 7.05236397819741E-02
 1.97641778156194E+03	 1.13055067463029E-01
 1.97642051946197E+03	 1.81239183499355E-01
 1.97642325736200E+03	 2.52820851935405E-01
 1.97642599526203E+03	 2.81843190586387E-01
 1.97642873316206E+03	 2.33790361597911E-01
 1.97643147106209E+03	 1.14609258131758E-01
 1.97643420896212E+03	-3.25893492833623E-02
 1.97643694686215E+03	-1.56559567014127E-01
 1.97643968476219E+03	-2.24364668442680E-01
 1.97644242266222E+03	-2.28453520019019E-01
 1.97644516056225E+03	-1.81484993813616E-01
 1.97644789846228E+03	-1.10019589307156E-01
 1.97645063636231E+03	-4.52086704194087E-02
 1.97645337426234E+03	-7.39576238505153E-03
 1.97645611216237E+03	 3.90760687858915E-03
 1.97645885006240E+03	 1.45163743939131E-03
 1.97646158796243E+03	-8.50742350684164E-03
 1.97646432586246E+03	-3.22078806746046E-02
 1.97646706376249E+03	-7.52603467522941E-02
 1.97646980166252E+03	-1.28759670038357E-01
 1.97647253956255E+03	-1.71312240222855E-01
 1.97647527746259E+03	-1.82171355571432E-01
 1.97647801536262E+03	-1.51745532197056E-01
 1.97648075326265E+03	-8.53215802610519E-02
 1.97648349116268E+03	-1.96992501673061E-03
 1.97648622906271E+03	 7.36078449741780E-02
 1.97648896696274E+03	 1.26400358185877E-01
 1.97649170486277E+03	 1.61261075283131E-01
 1.97649444276280E+03	 1.93819247264852E-01
 1.97649718066283E+03	 2.27653217719348E-01
 1.97649991856286E+03	 2.42186159867778E-01
 1.97650265646289E+03	 2.07356898336269E-01
 1.97650539436292E+03	 1.12311016327121E-01
 1.97650813226295E+03	-2.02779146296534E-02
 1.97651087016299E+03	-1.46940446474407E-01
 1.97651360806302E+03	-2.28418153702443E-01
 1.97651634596305E+03	-2.45159302127804E-01
 1.97651908386308E+03	-1.98905730603867E-01
 1.97652182176311E+03	-1.10250304148809E-01
 1.97652455966314E+03	-1.48488246253273E-02
 1.97652729756317E+03	 4.99148510953503E-02
 1.97653003546320E+03	 6.63429042251392E-02
 1.97653277336323E+03	 4.62183629725827E-02
 1.97653551126326E+03	 1.52166145636620E-02
 1.97653824916329E+03	-1.27539526185907E-02
 1.97654098706332E+03	-4.31740507314628E-02
 1.97654372496335E+03	-8.51225408400299E-02
 1.97654646286338E+03	-1.33840577023373E-01
 1.97654920076342E+03	-1.70329090611945E-01
 1.97655193866345E+03	-1.73915618988309E-01
 1.97655467656348E+03	-1.33956921057776E-01
 1.97655741446351E+03	-5.49056683960375E-02
 1.97656015236354E+03	 4.48430441248946E-02
 1.97656289026357E+03	 1.41159629589952E-01
 1.97656562816360E+03	 2.16804223152646E-01
 1.97656836606363E+03	 2.67731685408340E-01
 1.97657110396366E+03	 2.95473630709305E-01
 1.97657384186369E+03	 2.94217767761427E-01
 1.97657657976372E+03	 2.49650884970548E-01
 1.97657931766375E+03	 1.53624835198630E-01
 1.97658205556378E+03	 1.93763825018533E-02
 1.97658479346382E+03	-1.19422086696888E-01
 1.97658753136385E+03	-2.24820577560659E-01
 1.97659026926388E+03	-2.70574102995036E-01
 1.97659300716391E+03	-2.47855474612419E-01
 1.97659574506394E+03	-1.65277733257140E-01
 1.97659848296397E+03	-4.98600011668355E-02
 1.97660122086400E+03	 5.65942603654029E-02
 1.97660395876403E+03	 1.14984227891764E-01
 1.97660669666406E+03	 1.12630991741356E-01
 1.97660943456409E+03	 7.00190347444512E-02
 1.97661217246412E+03	 2.03318863579252E-02
 1.97661491036415E+03	-1.83551557018504E-02
 1.97661764826418E+03	-5.02509936247477E-02
 1.97662038616422E+03	-8.55251363679226E-02
 1.97662312406425E+03	-1.22676153518238E-01
 1.97662586196428E+03	-1.47138781164927E-01
 1.97662859986431E+03	-1.42080859635032E-01
 1.97663133776434E+03	-9.83843607041411E-02
 1.97663407566437E+03	-1.83566135260870E-02
 1.97663681356440E+03	 8.53638993895934E-02
 1.97663955146443E+03	 1.94255712582726E-01
 1.97664228936446E+03	 2.89598292377387E-01
 1.97664502726449E+03	 3.55147931871057E-01
 1.97664776516452E+03	 3.76048875844734E-01
 1.97665050306455E+03	 3.39794449619167E-01
 1.97665324096458E+03	 2.43523090675123E-01
 1.97665597886462E+03	 1.02107356481908E-01
 1.97665871676465E+03	-5.29052255773087E-02
 1.97666145466468E+03	-1.85072452995984E-01
 1.97666419256471E+03	-2.66294534915391E-01
 1.97666693046474E+03	-2.82552308315988E-01
 1.97666966836477E+03	-2.33421166065798E-01
 1.97667240626480E+03	-1.32720985714648E-01
 1.97667514416483E+03	-1.10329145561331E-02
 1.97667788206486E+03	 8.93335471029753E-02
 1.97668061996489E+03	 1.33136503737734E-01
 1.97668335786492E+03	 1.13633041278519E-01
 1.97668609576495E+03	 5.57006991312209E-02
 1.97668883366498E+03	-5.22625666801793E-03
 1.97669157156501E+03	-4.88738405435659E-02
 1.97669430946505E+03	-7.66647854945042E-02
 1.97669704736508E+03	-9.77866841573817E-02
 1.97669978526511E+03	-1.14111267145574E-01
 1.97670252316514E+03	-1.18419520151774E-01
 1.97670526106517E+03	-1.01745461649356E-01
 1.97670799896520E+03	-5.86632765000018E-02
 1.97671073686523E+03	 1.23198976061416E-02
 1.97671347476526E+03	 1.08457696718088E-01
 1.97671621266529E+03	 2.19670686670786E-01
 1.97671895056532E+03	 3.25385240251549E-01
 1.97672168846535E+03	 3.96311147116634E-01
 1.97672442636538E+03	 4.04016507350210E-01
 1.97672716426541E+03	 3.35327256811867E-01
 1.97672990216545E+03	 2.02269017113982E-01
 1.97673264006548E+03	 3.88130844483401E-02
 1.97673537796551E+03	-1.14282298556768E-01
 1.97673811586554E+03	-2.25265688319031E-01
 1.97674085376557E+03	-2.77881156251906E-01
 1.97674359166560E+03	-2.69078190301505E-01
 1.97674632956563E+03	-2.05719273667799E-01
 1.97674906746566E+03	-1.05268860425525E-01
 1.97675180536569E+03	 2.79731049431945E-03
 1.97675454326572E+03	 8.26202675041307E-02
 1.97675728116575E+03	 1.07248703942657E-01
 1.97676001906578E+03	 7.44510362787024E-02
 1.97676275696581E+03	 8.23179297204389E-03
 1.97676549486585E+03	-5.80446630146431E-02
 1.97676823276588E+03	-1.02704021209444E-01
 1.97677097066591E+03	-1.22742449149348E-01
 1.97677370856594E+03	-1.24826996992267E-01
 1.97677644646597E+03	-1.14490766359081E-01
 1.97677918436600E+03	-9.40524923276382E-02
 1.97678192226603E+03	-6.49373473726564E-02
 1.97678466016606E+03	-2.61273966025888E-02
 1.97678739806609E+03	 2.92520525438049E-02
 1.97679013596612E+03	 1.10101431992513E-01
 1.97679287386615E+03	 2.14528413224430E-01
 1.97679561176618E+03	 3.19103895116015E-01
 1.97679834966621E+03	 3.83652077636205E-01
 1.97680108756624E+03	 3.72720396868121E-01
 1.97680382546628E+03	 2.78799828511385E-01
 1.97680656336631E+03	 1.28599389128405E-01
 1.97680930126634E+03	-3.23487176880077E-02
 1.97681203916637E+03	-1.63048305158847E-01
 1.97681477706640E+03	-2.40879315915221E-01
 1.97681751496643E+03	-2.61296568476222E-01
 1.97682025286646E+03	-2.31342401868135E-01
 1.97682299076649E+03	-1.64876837266080E-01
 1.97682572866652E+03	-8.07046251136653E-02
 1.97682846656655E+03	-1.37006484222964E-03
 1.97683120446658E+03	 4.98990779905314E-02
 1.97683394236661E+03	 5.63275828401823E-02
 1.97683668026664E+03	 1.69902846851595E-02
 1.97683941816668E+03	-4.98283971036124E-02
 1.97684215606671E+03	-1.15806848307014E-01
 1.97684489396674E+03	-1.58278474553653E-01
 1.97684763186677E+03	-1.68932956525041E-01
 1.97685036976680E+03	-1.51073266289165E-01
 1.97685310766683E+03	-1.13745300736109E-01
 1.97685584556686E+03	-6.92288020903379E-02
 1.97685858346689E+03	-2.94786253409193E-02
 1.97686132136692E+03	 2.79616180804049E-03
 1.97686405926695E+03	 4.02663233682859E-02
 1.97686679716698E+03	 1.01909424649793E-01
 1.97686953506701E+03	 1.91189290023434E-01
 1.97687227296704E+03	 2.81659865273647E-01
 1.97687501086708E+03	 3.27738116148702E-01
 1.97687774876711E+03	 2.95324622546680E-01
 1.97688048666714E+03	 1.86816154115270E-01
 1.97688322456717E+03	 3.96368029084205E-02
 1.97688596246720E+03	-9.78361113018085E-02
 1.97688870036723E+03	-1.90821739800912E-01
 1.97689143826726E+03	-2.27112341279723E-01
 1.97689417616729E+03	-2.12899310890608E-01
 1.97689691406732E+03	-1.65266458118176E-01
 1.97689965196735E+03	-1.04880465651362E-01
 1.97690238986738E+03	-4.88045040409932E-02
 1.97690512776741E+03	-7.30859217088027E-03
 1.97690786566744E+03	 1.26771883745267E-02
 1.97691060356747E+03	 4.08593153543524E-03
 1.97691334146751E+03	-3.57612186315084E-02
 1.97691607936754E+03	-9.70044592776922E-02
 1.97691881726757E+03	-1.57645708201189E-01
 1.97692155516760E+03	-1.94597272101718E-01
 1.97692429306763E+03	-1.94664833633579E-01
 1.97692703096766E+03	-1.57854964092095E-01
 1.97692976886769E+03	-9.61071815600257E-02
 1.97693250676772E+03	-3.02379035446730E-02
 1.97693524466775E+03	 1.91611801547341E-02
 1.97693798256778E+03	 4.65959098260778E-02
 1.97694072046781E+03	 6.85349713467042E-02
 1.97694345836784E+03	 1.09167073055524E-01
 1.97694619626787E+03	 1.73507460088215E-01
 1.97694893416791E+03	 2.34269955722577E-01
 1.97695167206794E+03	 2.48791064476039E-01
 1.97695440996797E+03	 1.92566187944507E-01
 1.97695714786800E+03	 7.91600257970569E-02
 1.97695988576803E+03	-4.93999887178046E-02
 1.97696262366806E+03	-1.49280118026221E-01
 1.97696536156809E+03	-1.95123765261743E-01
 1.97696809946812E+03	-1.84607234889162E-01
 1.97697083736815E+03	-1.34069476420000E-01
 1.97697357526818E+03	-7.10692401720409E-02
 1.97697631316821E+03	-2.23195192946146E-02
 1.97697905106824E+03	-1.15740027164526E-04
 1.97698178896827E+03	 5.04871783431529E-04
 1.97698452686831E+03	-1.07676379681023E-02
 1.97698726476834E+03	-3.29618906976963E-02
 1.97699000266837E+03	-7.16111388385083E-02
 1.97699274056840E+03	-1.24939577947262E-01
 1.97699547846843E+03	-1.76960487971992E-01
 1.97699821636846E+03	-2.05187702999100E-01
 1.97700095426849E+03	-1.93342020102098E-01
 1.97700369216852E+03	-1.39087517717604E-01
 1.97700643006855E+03	-5.61740548487476E-02
 1.97700916796858E+03	 2.90823725871033E-02
 1.97701190586861E+03	 9.05973121520344E-02
 1.97701464376864E+03	 1.20203841042337E-01
 1.97701738166867E+03	 1.33459788975844E-01
 1.97702011956871E+03	 1.52840846782063E-01
 1.97702285746874E+03	 1.81852667497146E-01
 1.97702559536877E+03	 1.96984877948348E-01
 1.97702833326880E+03	 1.67616114637762E-01
 1.97703107116883E+03	 8.48231688545322E-02
 1.97703380906886E+03	-2.81906168915521E-02
 1.97703654696889E+03	-1.30849755315425E-01
 1.97703928486892E+03	-1.88318227019349E-01
 1.97704202276895E+03	-1.85141716045134E-01
 1.97704476066898E+03	-1.27780956551441E-01
 1.97704749856901E+03	-4.23488608795604E-02
 1.97705023646904E+03	 3.36097060710573E-02
 1.97705297436907E+03	 6.92695548747667E-02
 1.97705571226910E+03	 5.90279224530748E-02
 1.97705845016914E+03	 2.24177269153341E-02
 1.97706118806917E+03	-1.71898196638214E-02
 1.97706392596920E+03	-5.27433375417020E-02
 1.97706666386923E+03	-9.15241913590720E-02
 1.97706940176926E+03	-1.37241236348074E-01
 1.97707213966929E+03	-1.78898394429457E-01
 1.97707487756932E+03	-1.96300729235803E-01
 1.97707761546935E+03	-1.72902637297239E-01
 1.97708035336938E+03	-1.05330581768662E-01
 1.97708309126941E+03	-7.18256075073339E-03
 1.97708582916944E+03	 9.43574115032205E-02
 1.97708856706947E+03	 1.71647790360980E-01
 1.97709130496950E+03	 2.13050297220497E-01
 1.97709404286954E+03	 2.27076692701100E-01
 1.97709678076957E+03	 2.27703880091539E-01
 1.97709951866960E+03	 2.15614548111966E-01
 1.97710225656963E+03	 1.76398784574088E-01
 1.97710499446966E+03	 9.80917464701471E-02
 1.97710773236969E+03	-1.09263939264990E-02
 1.97711047026972E+03	-1.21548748535871E-01
 1.97711320816975E+03	-1.99145219806526E-01
 1.97711594606978E+03	-2.19235323928430E-01
 1.97711868396981E+03	-1.75057522539694E-01
 1.97712142186984E+03	-8.03703312880960E-02
 1.97712415976987E+03	 3.06408043171517E-02
 1.97712689766990E+03	 1.13588231363344E-01
 1.97712963556994E+03	 1.36936117141492E-01
 1.97713237346997E+03	 1.01983054912246E-01
 1.97713511137000E+03	 3.86221887962509E-02
 1.97713784927003E+03	-2.13973921455972E-02
 1.97714058717006E+03	-6.69350578578657E-02
 1.97714332507009E+03	-1.04966192828056E-01
 1.97714606297012E+03	-1.41745096075255E-01
 1.97714880087015E+03	-1.70755531067731E-01
 1.97715153877018E+03	-1.76538310564059E-01
 1.97715427667021E+03	-1.45498760512574E-01
 1.97715701457024E+03	-7.41279371902290E-02
 1.97715975247027E+03	 2.73286457629771E-02
 1.97716249037030E+03	 1.36734960622009E-01
 1.97716522827033E+03	 2.29214853177301E-01
 1.97716796617037E+03	 2.88726966265118E-01
 1.97717070407040E+03	 3.11571342488473E-01
 1.97717344197043E+03	 2.99021755672487E-01
 1.97717617987046E+03	 2.49573750784014E-01
 1.97717891777049E+03	 1.61577516369013E-01
 1.97718165567052E+03	 4.31330620150159E-02
 1.97718439357055E+03	-8.33695812866754E-02
 1.97718713147058E+03	-1.88002725394464E-01
 1.97718986937061E+03	-2.44725261283907E-01
 1.97719260727064E+03	-2.38868567929484E-01
 1.97719534517067E+03	-1.70647618780042E-01
 1.97719808307070E+03	-5.88358299679104E-02
 1.97720082097073E+03	 5.86884598140677E-02
 1.97720355887077E+03	 1.37001587767650E-01
 1.97720629677080E+03	 1.48197233589347E-01
 1.97720903467083E+03	 9.89975933542565E-02
 1.97721177257086E+03	 2.33588293920584E-02
 1.97721451047089E+03	-4.46098049745592E-02
 1.97721724837092E+03	-9.15448375171041E-02
 1.97721998627095E+03	-1.22470845468610E-01
 1.97722272417098E+03	-1.44406418850871E-01
 1.97722546207101E+03	-1.55907470565150E-01
 1.97722819997104E+03	-1.49146384590668E-01
 1.97723093787107E+03	-1.16451883940536E-01
 1.97723367577110E+03	-5.43762431177954E-02
 1.97723641367113E+03	 3.39834681503644E-02
 1.97723915157117E+03	 1.37264248080961E-01
 1.97724188947120E+03	 2.37023537123830E-01
 1.97724462737123E+03	 3.12515773440940E-01
 1.97724736527126E+03	 3.45898824689778E-01
 1.97725010317129E+03	 3.25868143798734E-01
 1.97725284107132E+03	 2.51081586766950E-01
 1.97725557897135E+03	 1.33358918811572E-01
 1.97725831687138E+03	-3.11496444338394E-03
 1.97726105477141E+03	-1.28805367276970E-01
 1.97726379267144E+03	-2.18137972071807E-01
 1.97726653057147E+03	-2.55070276904949E-01
 1.97726926847150E+03	-2.34104816914805E-01
 1.97727200637153E+03	-1.61282278483681E-01
 1.97727474427156E+03	-5.72868931719721E-02
 1.97727748217160E+03	 4.29803274383870E-02
 1.97728022007163E+03	 1.01916634966345E-01
 1.97728295797166E+03	 9.90929649274394E-02
 1.97728569587169E+03	 4.40338730605963E-02
 1.97728843377172E+03	-3.13933725572806E-02
 1.97729117167175E+03	-9.54750526831826E-02
 1.97729390957178E+03	-1.33829455985926E-01
 1.97729664747181E+03	-1.48617849281845E-01
 1.97729938537184E+03	-1.47086852683316E-01
 1.97730212327187E+03	-1.34050688061062E-01
 1.97730486117190E+03	-1.11866567722920E-01
 1.97730759907193E+03	-8.09810219157543E-02
 1.97731033697196E+03	-3.79107257139663E-02
 1.97731307487200E+03	 2.40269557682238E-02
 1.97731581277203E+03	 1.07350455846444E-01
 1.97731855067206E+03	 2.01545803357312E-01
 1.97732128857209E+03	 2.81721062520322E-01
 1.97732402647212E+03	 3.18192280958290E-01
 1.97732676437215E+03	 2.91725079546474E-01
 1.97732950227218E+03	 2.04631790474111E-01
 1.97733224017221E+03	 8.03689736137652E-02
 1.97733497807224E+03	-4.77282402149904E-02
 1.97733771597227E+03	-1.50345702613210E-01
 1.97734045387230E+03	-2.10163165953966E-01
 1.97734319177233E+03	-2.22118287921502E-01
 1.97734592967236E+03	-1.90412276864114E-01
 1.97734866757240E+03	-1.26793490406650E-01
 1.97735140547243E+03	-5.05086313982248E-02
 1.97735414337246E+03	 1.34114442634374E-02
 1.97735688127249E+03	 4.11769556135360E-02
 1.97735961917252E+03	 2.16289205812748E-02
 1.97736235707255E+03	-3.58713033620750E-02
 1.97736509497258E+03	-1.05649619137166E-01
 1.97736783287261E+03	-1.60567948185574E-01
 1.97737057077264E+03	-1.85299304251969E-01
 1.97737330867267E+03	-1.78535197657951E-01
 1.97737604657270E+03	-1.47594677938858E-01
 1.97737878447273E+03	-1.04199159039218E-01
 1.97738152237276E+03	-6.20664642316830E-02
 1.97738426027280E+03	-3.06969020600067E-02
 1.97738699817283E+03	-6.79787233313276E-03
 1.97738973607286E+03	 2.58573224627560E-02
 1.97739247397289E+03	 8.23819279876015E-02
 1.97739521187292E+03	 1.58730447079724E-01
 1.97739794977295E+03	 2.27223455742722E-01
 1.97740068767298E+03	 2.52190061051491E-01
 1.97740342557301E+03	 2.13932681701835E-01
 1.97740616347304E+03	 1.21878872359584E-01
 1.97740890137307E+03	 7.93377984658588E-03
 1.97741163927310E+03	-9.21190211987512E-02
 1.97741437717313E+03	-1.54252351504987E-01
 1.97741711507316E+03	-1.71242315406523E-01
 1.97741985297319E+03	-1.49919984603655E-01
 1.97742259087323E+03	-1.05695378912811E-01
 1.97742532877326E+03	-5.63060401794181E-02
 1.97742806667329E+03	-1.65211977950826E-02
 1.97743080457332E+03	 3.36106285574421E-03
 1.97743354247335E+03	-3.80916136753287E-03
 1.97743628037338E+03	-4.07956139104216E-02
 1.97743901827341E+03	-1.00925286520727E-01
 1.97744175617344E+03	-1.66156950953320E-01
 1.97744449407347E+03	-2.13774342850248E-01
 1.97744723197350E+03	-2.26884057664797E-01
 1.97744996987353E+03	-2.00305837928749E-01
 1.97745270777356E+03	-1.41011846468093E-01
 1.97745544567359E+03	-6.68744691897749E-02
 1.97745818357363E+03	-1.94091298951698E-03
 1.97746092147366E+03	 3.60081113057137E-02
 1.97746365937369E+03	 4.93790866292313E-02
 1.97746639727372E+03	 6.05582351491844E-02
 1.97746913517375E+03	 9.19737257573383E-02
 1.97747187307378E+03	 1.42602362977333E-01
 1.97747461097381E+03	 1.84226654562945E-01
 1.97747734887384E+03	 1.82657943846251E-01
 1.97748008677387E+03	 1.25001315602286E-01
 1.97748282467390E+03	 2.95279827123274E-02
 1.97748556257393E+03	-6.71726747522957E-02
 1.97748830047396E+03	-1.31469116422836E-01
 1.97749103837399E+03	-1.46490330334964E-01
 1.97749377627403E+03	-1.15078765386345E-01
 1.97749651417406E+03	-5.64617099535222E-02
 1.97749925207409E+03	 1.82800170654581E-03
 1.97750198997412E+03	 3.68379852909112E-02
 1.97750472787415E+03	 4.08942188133484E-02
 1.97750746577418E+03	 2.01631965078789E-02
 1.97751020367421E+03	-1.70687914731290E-02
 1.97751294157424E+03	-6.79469163935403E-02
 1.97751567947427E+03	-1.30016184724977E-01
 1.97751841737430E+03	-1.92401525838735E-01
 1.97752115527433E+03	-2.35932015852476E-01
 1.97752389317436E+03	-2.42169758977955E-01
 1.97752663107439E+03	-2.02469334453402E-01
 1.97752936897442E+03	-1.22864043680182E-01
 1.97753210687446E+03	-2.50540724836394E-02
 1.97753484477449E+03	 6.00462160912374E-02
 1.97753758267452E+03	 1.08984286463423E-01
 1.97754032057455E+03	 1.22427958221426E-01
 1.97754305847458E+03	 1.23670249723959E-01
 1.97754579637461E+03	 1.35634874199634E-01
 1.97754853427464E+03	 1.57169715034780E-01
 1.97755127217467E+03	 1.62816432033713E-01
 1.97755401007470E+03	 1.26641075378746E-01
 1.97755674797473E+03	 4.67558349420493E-02
 1.97755948587476E+03	-5.10328061811194E-02
 1.97756222377479E+03	-1.29581131522316E-01
 1.97756496167482E+03	-1.59912537368133E-01
 1.97756769957486E+03	-1.32003990454581E-01
 1.97757043747489E+03	-5.76470056301055E-02
 1.97757317537492E+03	 3.22689859174014E-02
 1.97757591327495E+03	 9.95928927362208E-02
 1.97757865117498E+03	 1.19036328897716E-01
 1.97758138907501E+03	 9.20923646337016E-02
 1.97758412697504E+03	 4.01028115297297E-02
 1.97758686487507E+03	-1.71230433107085E-02
 1.97758960277510E+03	-7.42168034668329E-02
 1.97759234067513E+03	-1.33230685602733E-01
 1.97759507857516E+03	-1.89358862336620E-01
 1.97759781647519E+03	-2.27034691676133E-01
 1.97760055437522E+03	-2.28051129145793E-01
 1.97760329227526E+03	-1.82053404841950E-01
 1.97760603017529E+03	-9.36863413452887E-02
 1.97760876807532E+03	 1.50593115164819E-02
 1.97761150597535E+03	 1.11715339302649E-01
 1.97761424387538E+03	 1.70955491448237E-01
 1.97761698177541E+03	 1.90830001849887E-01
 1.97761971967544E+03	 1.90154007291705E-01
 1.97762245757547E+03	 1.86798259952673E-01
 1.97762519547550E+03	 1.78584116876591E-01
 1.97762793337553E+03	 1.46861039528779E-01
 1.97763067127556E+03	 7.82570341857407E-02
 1.97763340917559E+03	-1.81493290541941E-02
 1.97763614707562E+03	-1.13150657913744E-01
 1.97763888497565E+03	-1.73217479519504E-01
 1.97764162287569E+03	-1.75366395225445E-01
 1.97764436077572E+03	-1.15554920698485E-01
 1.97764709867575E+03	-1.29143879840402E-02
 1.97764983657578E+03	 9.27532828753609E-02
 1.97765257447581E+03	 1.57267416053254E-01
 1.97765531237584E+03	 1.57466741135268E-01
 1.97765805027587E+03	 1.04786213011797E-01
 1.97766078817590E+03	 3.20114939703971E-02
 1.97766352607593E+03	-3.43587050908581E-02
 1.97766626397596E+03	-8.85067638733805E-02
 1.97766900187599E+03	-1.36072344585034E-01
 1.97767173977602E+03	-1.77370635130235E-01
 1.97767447767605E+03	-2.01859971313540E-01
 1.97767721557609E+03	-1.94895868838320E-01
 1.97767995347612E+03	-1.47127933244928E-01
 1.97768269137615E+03	-6.13978368586090E-02
 1.97768542927618E+03	 4.42270576132041E-02
 1.97768816717621E+03	 1.41607085305152E-01
 1.97769090507624E+03	 2.07126963912632E-01
 1.97769364297627E+03	 2.34967511414256E-01
 1.97769638087630E+03	 2.35116704058035E-01
 1.97769911877633E+03	 2.17663294713144E-01
 1.97770185667636E+03	 1.81065344547400E-01
 1.97770459457639E+03	 1.17247288827260E-01
 1.97770733247642E+03	 2.65333513167236E-02
 1.97771007037645E+03	-7.43805025850573E-02
 1.97771280827649E+03	-1.58062093409903E-01
 1.97771554617652E+03	-1.98065500314262E-01
 1.97771828407655E+03	-1.78379214405505E-01
 1.97772102197658E+03	-1.00457518121599E-01
 1.97772375987661E+03	 1.13772012377938E-02
 1.97772649777664E+03	 1.13409105943285E-01
 1.97772923567667E+03	 1.62109360985605E-01
 1.97773197357670E+03	 1.40567594808868E-01
 1.97773471147673E+03	 6.85779496678219E-02
 1.97773744937676E+03	-1.51176942860197E-02
 1.97774018727679E+03	-8.17630277301573E-02
 1.97774292517682E+03	-1.25607808166652E-01
 1.97774566307685E+03	-1.54043069896720E-01
 1.97774840097689E+03	-1.71725087877220E-01
 1.97775113887692E+03	-1.75080051383936E-01
 1.97775387677695E+03	-1.56581798514434E-01
 1.97775661467698E+03	-1.10408238302817E-01
 1.97775935257701E+03	-3.68110391131158E-02
 1.97776209047704E+03	 5.42685621686212E-02
 1.97776482837707E+03	 1.43916992194302E-01
 1.97776756627710E+03	 2.12228602941959E-01
 1.97777030417713E+03	 2.47696824295501E-01
 1.97777304207716E+03	 2.48824643367095E-01
 1.97777577997719E+03	 2.18061869241334E-01
 1.97777851787722E+03	 1.57465771448544E-01
 1.97778125577725E+03	 7.16502010342546E-02
 1.97778399367728E+03	-2.70867021290328E-02
 1.97778673157732E+03	-1.18997363582505E-01
 1.97778946947735E+03	-1.82606851419886E-01
 1.97779220737738E+03	-2.00816071470370E-01
 1.97779494527741E+03	-1.65652481142286E-01
 1.97779768317744E+03	-8.39573764263671E-02
 1.97780042107747E+03	 1.78889023513017E-02
 1.97780315897750E+03	 9.89933589858173E-02
 1.97780589687753E+03	 1.23329501642662E-01
 1.97780863477756E+03	 8.21810147154342E-02
 1.97781137267759E+03	-4.23093672107667E-04
 1.97781411057762E+03	-8.59349788543388E-02
 1.97781684847765E+03	-1.46648960054196E-01
 1.97781958637768E+03	-1.76207838362205E-01
 1.97782232427772E+03	-1.81586655948106E-01
 1.97782506217775E+03	-1.70966127883812E-01
 1.97782780007778E+03	-1.49152005702989E-01
 1.97783053797781E+03	-1.18225941494619E-01
 1.97783327587784E+03	-7.73379139510904E-02
 1.97783601377787E+03	-2.29857910524550E-02
 1.97783875167790E+03	 4.62293167023202E-02
 1.97784148957793E+03	 1.23288749574109E-01
 1.97784422747796E+03	 1.92051608632763E-01
 1.97784696537799E+03	 2.33737473869598E-01
 1.97784970327802E+03	 2.35144792838588E-01
 1.97785244117805E+03	 1.93459717905183E-01
 1.97785517907808E+03	 1.16922381218134E-01
 1.97785791697812E+03	 2.24006666671113E-02
 1.97786065487815E+03	-6.94558409378869E-02
 1.97786339277818E+03	-1.39862026881438E-01
 1.97786613067821E+03	-1.75684663957977E-01
 1.97786886857824E+03	-1.70627619177408E-01
 1.97787160647827E+03	-1.26202608380574E-01
 1.97787434437830E+03	-5.44186815845600E-02
 1.97787708227833E+03	 2.05938721324990E-02
 1.97787982017836E+03	 6.80541640245208E-02
 1.97788255807839E+03	 6.47273400454439E-02
 1.97788529597842E+03	 9.46533524495048E-03
 1.97788803387845E+03	-7.47365777860271E-02
 1.97789077177848E+03	-1.54712958721695E-01
 1.97789350967851E+03	-2.05669922008935E-01
 1.97789624757855E+03	-2.19591002345564E-01
 1.97789898547858E+03	-2.01305738737176E-01
 1.97790172337861E+03	-1.61729886954044E-01
 1.97790446127864E+03	-1.14494093294998E-01
 1.97790719917867E+03	-7.22656171514375E-02
 1.97790993707870E+03	-3.95287295425247E-02
 1.97791267497873E+03	-8.22595192234195E-03
 1.97791541287876E+03	 3.54423605898906E-02
 1.97791815077879E+03	 9.62517249554720E-02
 1.97792088867882E+03	 1.60792625268584E-01
 1.97792362657885E+03	 2.03247912590789E-01
 1.97792636447888E+03	 2.01663727195097E-01
 1.97792910237891E+03	 1.51808902576879E-01
 1.97793184027895E+03	 6.92465981964596E-02
 1.97793457817898E+03	-1.97355064877426E-02
 1.97793731607901E+03	-9.04387614377535E-02
 1.97794005397904E+03	-1.27786104190920E-01
 1.97794279187907E+03	-1.28163685506191E-01
 1.97794552977910E+03	-9.76036873303437E-02
 1.97794826767913E+03	-4.88679623611461E-02
 1.97795100557916E+03	 1.68819904138822E-03
 1.97795374347919E+03	 3.71115827884250E-02
 1.97795648137922E+03	 4.28939313123543E-02
 1.97795921927925E+03	 1.13012045460383E-02
 1.97796195717928E+03	-5.34293685025997E-02
 1.97796469507931E+03	-1.33553967567950E-01
 1.97796743297935E+03	-2.04077012848931E-01
 1.97797017087938E+03	-2.43618252197255E-01
 1.97797290877941E+03	-2.41888944798332E-01
 1.97797564667944E+03	-2.00860979126645E-01
 1.97797838457947E+03	-1.33559777458608E-01
 1.97798112247950E+03	-6.18661589618426E-02
 1.97798386037953E+03	-8.55033830942559E-03
 1.97798659827956E+03	 1.68101576598234E-02
 1.97798933617959E+03	 2.62859218902171E-02
 1.97799207407962E+03	 4.41269569571782E-02
 1.97799481197965E+03	 8.42207009859730E-02
 1.97799754987968E+03	 1.34999511071951E-01
 1.97800028777971E+03	 1.66691500547081E-01
 1.97800302567974E+03	 1.54427868257341E-01
 1.97800576357978E+03	 9.68182723230384E-02
 1.97800850147981E+03	 1.61926161762193E-02
 1.97801123937984E+03	-5.58708185776506E-02
 1.97801397727987E+03	-9.43884046934510E-02
 1.97801671517990E+03	-8.94663127942163E-02
 1.97801945307993E+03	-4.77636599704730E-02
 1.97802219097996E+03	 1.06967092583814E-02
 1.97802492887999E+03	 6.07169653867493E-02
 1.97802766678002E+03	 8.33798457362655E-02
 1.97803040468005E+03	 7.31836805080408E-02
 1.97803314258008E+03	 3.50866429639878E-02
 1.97803588048011E+03	-2.34835371684611E-02
 1.97803861838014E+03	-9.54278162364068E-02
 1.97804135628018E+03	-1.70049587235661E-01
 1.97804409418021E+03	-2.30677200866251E-01
 1.97804683208024E+03	-2.59120698785370E-01
 1.97804956998027E+03	-2.43167735128390E-01
 1.97805230788030E+03	-1.82244784449714E-01
 1.97805504578033E+03	-9.07239027157165E-02
 1.97805778368036E+03	 3.21668926955885E-03
 1.97806052158039E+03	 6.88452530580568E-02
 1.97806325948042E+03	 9.21562092602599E-02
 1.97806599738045E+03	 8.69598829713309E-02
 1.97806873528048E+03	 8.30498017093488E-02
 1.97807147318051E+03	 9.89295110825556E-02
 1.97807421108054E+03	 1.24748382801268E-01
 1.97807694898058E+03	 1.31979784441435E-01
 1.97807968688061E+03	 9.95991778937491E-02
 1.97808242478064E+03	 3.21756047522946E-02
 1.97808516268067E+03	-4.32433446768728E-02
 1.97808790058070E+03	-9.38460873317046E-02
 1.97809063848073E+03	-9.67349986611496E-02
 1.97809337638076E+03	-4.75372710238197E-02
 1.97809611428079E+03	 3.66277415537247E-02
 1.97809885218082E+03	 1.21337508573697E-01
 1.97810159008085E+03	 1.69994633556594E-01
 1.97810432798088E+03	 1.64008534895089E-01
 1.97810706588091E+03	 1.11512934778623E-01
 1.97810980378094E+03	 3.58549615922180E-02
 1.97811254168098E+03	-4.37634574278365E-02
 1.97811527958101E+03	-1.19708446525841E-01
 1.97811801748104E+03	-1.87983883647046E-01
 1.97812075538107E+03	-2.38925175954686E-01
 1.97812349328110E+03	-2.57576063332403E-01
 1.97812623118113E+03	-2.31241612013045E-01
 1.97812896908116E+03	-1.57627393921988E-01
 1.97813170698119E+03	-5.08708915316656E-02
 1.97813444488122E+03	 5.84733130554150E-02
 1.97813718278125E+03	 1.35877167832019E-01
 1.97813992068128E+03	 1.64211560926254E-01
 1.97814265858131E+03	 1.55571069704209E-01
 1.97814539648134E+03	 1.38678129493163E-01
 1.97814813438137E+03	 1.31630014233667E-01
 1.97815087228141E+03	 1.26812082020082E-01
 1.97815361018144E+03	 1.02145792907937E-01
 1.97815634808147E+03	 4.53451024616181E-02
 1.97815908598150E+03	-3.25297820127507E-02
 1.97816182388153E+03	-1.02878331403572E-01
 1.97816456178156E+03	-1.34838108677615E-01
 1.97816729968159E+03	-1.08588889128250E-01
 1.97817003758162E+03	-2.47284326073232E-02
 1.97817277548165E+03	 9.04173498576476E-02
 1.97817551338168E+03	 1.90769866216865E-01
 1.97817825128171E+03	 2.32856629654088E-01
 1.97818098918174E+03	 2.02086794488876E-01
 1.97818372708177E+03	 1.19475038102931E-01
 1.97818646498181E+03	 2.15147334344590E-02
 1.97818920288184E+03	-6.63982565043891E-02
 1.97819194078187E+03	-1.38099685708837E-01
 1.97819467868190E+03	-1.95026728250383E-01
 1.97819741658193E+03	-2.33323379168342E-01
 1.97820015448196E+03	-2.42341453215786E-01
 1.97820289238199E+03	-2.11246500328190E-01
 1.97820563028202E+03	-1.36853732392125E-01
 1.97820836818205E+03	-3.03913618287676E-02
 1.97821110608208E+03	 8.09497872094318E-02
 1.97821384398211E+03	 1.64615285176815E-01
 1.97821658188214E+03	 2.02248957498858E-01
 1.97821931978217E+03	 2.00697327401233E-01
 1.97822205768221E+03	 1.81420224268057E-01
 1.97822479558224E+03	 1.58263118946052E-01
 1.97822753348227E+03	 1.26801303500907E-01
 1.97823027138230E+03	 7.47210217695270E-02
 1.97823300928233E+03	-2.37320218623424E-04
 1.97823574718236E+03	-8.28523265116773E-02
 1.97823848508239E+03	-1.46717276515734E-01
 1.97824122298242E+03	-1.65396303346922E-01
 1.97824396088245E+03	-1.22823298787199E-01
 1.97824669878248E+03	-2.37837651592927E-02
 1.97824943668251E+03	 9.93889099946551E-02
 1.97825217458254E+03	 1.95517340509914E-01
 1.97825491248257E+03	 2.21850601836532E-01
 1.97825765038260E+03	 1.71306542942114E-01
 1.97826038828264E+03	 7.43215120486903E-02
 1.97826312618267E+03	-2.70115032752792E-02
 1.97826586408270E+03	-1.06939169017457E-01
 1.97826860198273E+03	-1.62016955261827E-01
 1.97827133988276E+03	-1.97794311935379E-01
 1.97827407778279E+03	-2.15952195588919E-01
 1.97827681568282E+03	-2.12262761567699E-01
 1.97827955358285E+03	-1.80592671558656E-01
 1.97828229148288E+03	-1.17635857679171E-01
 1.97828502938291E+03	-2.86762915505181E-02
 1.97828776728294E+03	 6.84646593318738E-02
 1.97829050518297E+03	 1.48828887204791E-01
 1.97829324308300E+03	 1.94564702957271E-01
 1.97829598098304E+03	 2.04693815244547E-01
 1.97829871888307E+03	 1.89790560668849E-01
 1.97830145678310E+03	 1.58342319530646E-01
 1.97830419468313E+03	 1.10605282574303E-01
 1.97830693258316E+03	 4.50242045863027E-02
 1.97830967048319E+03	-3.25039772701436E-02
 1.97831240838322E+03	-1.06490765820817E-01
 1.97831514628325E+03	-1.56370777592906E-01
 1.97831788418328E+03	-1.62718203942269E-01
 1.97832062208331E+03	-1.15009959966012E-01
 1.97832335998334E+03	-2.20095292012912E-02
 1.97832609788337E+03	 8.26143773612073E-02
 1.97832883578340E+03	 1.51545683529888E-01
 1.97833157368344E+03	 1.51111051606356E-01
 1.97833431158347E+03	 8.37636477793169E-02
 1.97833704948350E+03	-1.56280439158591E-02
 1.97833978738353E+03	-1.06420788354379E-01
 1.97834252528356E+03	-1.66349127425036E-01
 1.97834526318359E+03	-1.94490054401565E-01
 1.97834800108362E+03	-1.99172570526950E-01
 1.97835073898365E+03	-1.87951642622875E-01
 1.97835347688368E+03	-1.65389244353747E-01
 1.97835621478371E+03	-1.32780311890616E-01
 1.97835895268374E+03	-8.75917772767816E-02
 1.97836169058377E+03	-2.70858788461110E-02
 1.97836442848380E+03	 4.42906369041143E-02
 1.97836716638383E+03	 1.12401889457140E-01
 1.97836990428387E+03	 1.60491896876695E-01
 1.97837264218390E+03	 1.78747303193598E-01
 1.97837538008393E+03	 1.66920479589050E-01
 1.97837811798396E+03	 1.30199570242814E-01
 1.97838085588399E+03	 7.54913301349934E-02
 1.97838359378402E+03	 1.14052973057359E-02
 1.97838633168405E+03	-5.10442223191868E-02
 1.97838906958408E+03	-9.95395203492803E-02
 1.97839180748411E+03	-1.22277034758376E-01
 1.97839454538414E+03	-1.10105194959540E-01
 1.97839728328417E+03	-6.14037967209975E-02
 1.97840002118420E+03	 1.06749042777668E-02
 1.97840275908423E+03	 7.63310662939530E-02
 1.97840549698427E+03	 1.00803508965559E-01
 1.97840823488430E+03	 6.56071218879569E-02
 1.97841097278433E+03	-1.77575004045240E-02
 1.97841371068436E+03	-1.15081901652238E-01
 1.97841644858439E+03	-1.91602698494406E-01
 1.97841918648442E+03	-2.29320770706731E-01
 1.97842192438445E+03	-2.28111011642142E-01
 1.97842466228448E+03	-1.97557564508374E-01
 1.97842740018451E+03	-1.51206230293008E-01
 1.97843013808454E+03	-1.03908651829021E-01
 1.97843287598457E+03	-6.61623529758506E-02
 1.97843561388460E+03	-3.71130728116072E-02
 1.97843835178463E+03	-5.70464281141618E-03
 1.97844108968467E+03	 3.75621895269293E-02
 1.97844382758470E+03	 8.90689620457009E-02
 1.97844656548473E+03	 1.32400883760450E-01
 1.97844930338476E+03	 1.49665763058696E-01
 1.97845204128479E+03	 1.33039888764327E-01
 1.97845477918482E+03	 8.83017691521684E-02
 1.97845751708485E+03	 3.05811999737312E-02
 1.97846025498488E+03	-2.27869477291377E-02
 1.97846299288491E+03	-5.80527539903594E-02
 1.97846573078494E+03	-6.77144566979914E-02
 1.97846846868497E+03	-5.06030256890481E-02
 1.97847120658500E+03	-1.13809968304719E-02
 1.97847394448503E+03	 3.90701114076264E-02
 1.97847668238507E+03	 8.33892028459519E-02
 1.97847942028510E+03	 1.00740025170815E-01
 1.97848215818513E+03	 7.49523133889111E-02
 1.97848489608516E+03	 4.56683559268446E-03
 1.97848763398519E+03	-9.29865950761900E-02
 1.97849037188522E+03	-1.88355179884359E-01
 1.97849310978525E+03	-2.54169463058212E-01
 1.97849584768528E+03	-2.75320967403585E-01
 1.97849858558531E+03	-2.50311909518366E-01
 1.97850132348534E+03	-1.88509436357780E-01
 1.97850406138537E+03	-1.08750718183193E-01
 1.97850679928540E+03	-3.58785893629309E-02
 1.97850953718543E+03	 1.04429104169501E-02
 1.97851227508546E+03	 2.90043655426342E-02
 1.97851501298550E+03	 3.78790653874621E-02
 1.97851775088553E+03	 5.79082166596063E-02
 1.97852048878556E+03	 9.29569208377142E-02
 1.97852322668559E+03	 1.25810979365261E-01
 1.97852596458562E+03	 1.32924941551257E-01
 1.97852870248565E+03	 1.03533962461973E-01
 1.97853144038568E+03	 4.72557513090159E-02
 1.97853417828571E+03	-1.27870276165438E-02
 1.97853691618574E+03	-5.26696433989245E-02
 1.97853965408577E+03	-5.70963671630739E-02
 1.97854239198580E+03	-2.33229112744566E-02
 1.97854512988583E+03	 3.83303637809736E-02
 1.97854786778586E+03	 1.06921657254630E-01
 1.97855060568590E+03	 1.57683693288168E-01
 1.97855334358593E+03	 1.71424728531945E-01
 1.97855608148596E+03	 1.40856090142563E-01
 1.97855881938599E+03	 7.05542833494371E-02
 1.97856155728602E+03	-2.64962239752223E-02
 1.97856429518605E+03	-1.31698117874588E-01
 1.97856703308608E+03	-2.23431984833798E-01
 1.97856977098611E+03	-2.81551885310674E-01
 1.97857250888614E+03	-2.92416344684745E-01
 1.97857524678617E+03	-2.52090026030898E-01
 1.97857798468620E+03	-1.68788289015264E-01
 1.97858072258623E+03	-6.49418960350997E-02
 1.97858346048626E+03	 2.70898315221371E-02
 1.97858619838630E+03	 8.06806057010646E-02
 1.97858893628633E+03	 9.30133574219522E-02
 1.97859167418636E+03	 8.68707521149565E-02
 1.97859441208639E+03	 9.00155228388801E-02
 1.97859714998642E+03	 1.10035255904117E-01
 1.97859988788645E+03	 1.28836571986042E-01
 1.97860262578648E+03	 1.20943854092383E-01
 1.97860536368651E+03	 7.66937602882785E-02
 1.97860810158654E+03	 1.02054295371219E-02
 1.97861083948657E+03	-5.01324586201133E-02
 1.97861357738660E+03	-7.66343814975510E-02
 1.97861631528663E+03	-5.30303836315152E-02
 1.97861905318666E+03	 1.93379436924838E-02
 1.97862179108669E+03	 1.18681999246996E-01
 1.97862452898673E+03	 2.07897447594550E-01
 1.97862726688676E+03	 2.50956026314271E-01
 1.97863000478679E+03	 2.31739730622160E-01
 1.97863274268682E+03	 1.59709506097399E-01
 1.97863548058685E+03	 5.83228670775338E-02
 1.97863821848688E+03	-5.05172740391327E-02
 1.97864095638691E+03	-1.51737744923324E-01
 1.97864369428694E+03	-2.32857132082423E-01
 1.97864643218697E+03	-2.80527322491868E-01
 1.97864917008700E+03	-2.82690654975227E-01
 1.97865190798703E+03	-2.33751395253122E-01
 1.97865464588706E+03	-1.40433100824381E-01
 1.97865738378709E+03	-2.60586866685828E-02
 1.97866012168713E+03	 7.38719404691410E-02
 1.97866285958716E+03	 1.29571230046434E-01
 1.97866559748719E+03	 1.37368891281040E-01
 1.97866833538722E+03	 1.21606455851774E-01
 1.97867107328725E+03	 1.12014330964950E-01
 1.97867381118728E+03	 1.17152119772571E-01
 1.97867654908731E+03	 1.19833502056307E-01
 1.97867928698734E+03	 9.69839970954721E-02
 1.97868202488737E+03	 4.23779879999339E-02
 1.97868476278740E+03	-2.73867728412091E-02
 1.97868750068743E+03	-8.30068786104362E-02
 1.97869023858746E+03	-9.61554665509051E-02
 1.97869297648749E+03	-5.03911597294486E-02
 1.97869571438753E+03	 4.90835154315657E-02
 1.97869845228756E+03	 1.70002417339623E-01
 1.97870119018759E+03	 2.62614083221731E-01
 1.97870392808762E+03	 2.86045954374543E-01
 1.97870666598765E+03	 2.32947877251882E-01
 1.97870940388768E+03	 1.29869742046167E-01
 1.97871214178771E+03	 1.38640361966679E-02
 1.97871487968774E+03	-9.05294040902802E-02
 1.97871761758777E+03	-1.74708246684118E-01
 1.97872035548780E+03	-2.35170126175712E-01
 1.97872309338783E+03	-2.65307732063416E-01
 1.97872583128786E+03	-2.56393459497238E-01
 1.97872856918789E+03	-2.03209624057140E-01
 1.97873130708792E+03	-1.10702301880938E-01
 1.97873404498796E+03	 5.37865682192254E-04
 1.97873678288799E+03	 9.73216023567257E-02
 1.97873952078802E+03	 1.50788652561502E-01
 1.97874225868805E+03	 1.56356277560309E-01
 1.97874499658808E+03	 1.35779575562083E-01
 1.97874773448811E+03	 1.16051309660328E-01
 1.97875047238814E+03	 1.05609324632919E-01
 1.97875321028817E+03	 9.14001435188593E-02
 1.97875594818820E+03	 5.67153436619633E-02
 1.97875868608823E+03	-6.08189124041842E-04
 1.97876142398826E+03	-6.46758531227823E-02
 1.97876416188829E+03	-1.09457681042564E-01
 1.97876689978832E+03	-1.08889984843054E-01
 1.97876963768836E+03	-4.80070417055711E-02
 1.97877237558839E+03	 6.36345517266026E-02
 1.97877511348842E+03	 1.85753338039268E-01
 1.97877785138845E+03	 2.62709778468338E-01
 1.97878058928848E+03	 2.56986371744552E-01
 1.97878332718851E+03	 1.73759234645905E-01
 1.97878606508854E+03	 5.30906051851831E-02
 1.97878880298857E+03	-6.17521614110138E-02
 1.97879154088860E+03	-1.48639480447054E-01
 1.97879427878863E+03	-2.05804907611921E-01
 1.97879701668866E+03	-2.37205662684278E-01
 1.97879975458869E+03	-2.43219467863709E-01
 1.97880249248872E+03	-2.20911367353533E-01
 1.97880523038876E+03	-1.67608138098419E-01
 1.97880796828879E+03	-8.57278167587043E-02
 1.97881070618882E+03	 1.10146121862444E-02
 1.97881344408885E+03	 9.71357417652347E-02
 1.97881618198888E+03	 1.47824763277542E-01
 1.97881891988891E+03	 1.56172211890327E-01
 1.97882165778893E+03	 1.36714741796064E-01
 1.97882439568897E+03	 1.10014486398794E-01
 1.97882713358900E+03	 8.47272732456036E-02
 1.97882987148903E+03	 5.52689339828225E-02
 1.97883260938906E+03	 1.38670897089656E-02
 1.97883534728909E+03	-3.80882086687484E-02
 1.97883808518912E+03	-8.80525147615611E-02
 1.97884082308916E+03	-1.16181551028261E-01
 1.97884356098919E+03	-1.01518414105087E-01
 1.97884629888922E+03	-3.33720880800561E-02
 1.97884903678925E+03	 7.37335832215641E-02
 1.97885177468928E+03	 1.76103791660457E-01
 1.97885451258931E+03	 2.21268001697207E-01
 1.97885725048934E+03	 1.82589112456118E-01
 1.97885998838937E+03	 7.78553889060036E-02
 1.97886272628940E+03	-4.62126006371357E-02
 1.97886546418943E+03	-1.47574383287088E-01
 1.97886820208946E+03	-2.09134308439573E-01
 1.97887093998949E+03	-2.34135281784841E-01
 1.97887367788952E+03	-2.31866360927259E-01
 1.97887641578955E+03	-2.10118978965517E-01
 1.97887915368959E+03	-1.74082370235694E-01
 1.97888189158962E+03	-1.25275274862471E-01
 1.97888462948965E+03	-6.25310264227352E-02
 1.97888736738968E+03	 1.10463696692973E-02
 1.97889010528971E+03	 8.18589512395390E-02
 1.97889284318974E+03	 1.30788788826278E-01
 1.97889558108977E+03	 1.46618877396636E-01
 1.97889831898980E+03	 1.33195758550220E-01
 1.97890105688983E+03	 1.03019361230658E-01
 1.97890379478986E+03	 6.62040770865310E-02
 1.97890653268989E+03	 2.66885050613439E-02
 1.97890927058992E+03	-1.38260403297451E-02
 1.97891200848995E+03	-5.14275843496633E-02
 1.97891474638999E+03	-7.83604537836618E-02
 1.97891748429002E+03	-8.29773914544300E-02
 1.97892022219005E+03	-5.30217311701579E-02
 1.97892296009008E+03	 1.41296444386505E-02
 1.97892569799011E+03	 9.92912610940791E-02
 1.97892843589014E+03	 1.62257257443182E-01
 1.97893117379017E+03	 1.63446866534785E-01
 1.97893391169020E+03	 9.21227577239320E-02
 1.97893664959023E+03	-2.46412759662844E-02
 1.97893938749026E+03	-1.41244183607055E-01
 1.97894212539029E+03	-2.22251995180893E-01
 1.97894486329032E+03	-2.55689765433996E-01
 1.97894760119035E+03	-2.47085410863155E-01
 1.97895033909039E+03	-2.09297870626392E-01
 1.97895307699042E+03	-1.58085657254917E-01
 1.97895581489045E+03	-1.08496968271647E-01
 1.97895855279048E+03	-6.73502930594867E-02
 1.97896129069051E+03	-2.92674775218859E-02
 1.97896402859054E+03	 1.53501093494810E-02
 1.97896676649057E+03	 6.67663968512379E-02
 1.97896950439060E+03	 1.11900072351914E-01
 1.97897224229063E+03	 1.34224015259392E-01
 1.97897498019066E+03	 1.26416165420063E-01
 1.97897771809069E+03	 9.40224317656605E-02
 1.97898045599072E+03	 5.00895759301618E-02
 1.97898319389075E+03	 8.09721248964012E-03
 1.97898593179078E+03	-2.20787117244397E-02
 1.97898866969082E+03	-3.49749602644534E-02
 1.97899140759085E+03	-2.81160970478280E-02
 1.97899414549088E+03	-1.86211530093441E-04
 1.97899688339091E+03	 4.77074676790551E-02
 1.97899962129094E+03	 1.06360239375769E-01
 1.97900235919097E+03	 1.54029167296945E-01
 1.97900509709100E+03	 1.62142994968092E-01
 1.97900783499103E+03	 1.12012615914614E-01
 1.97901057289106E+03	 1.02197672466118E-02
 1.97901331079109E+03	-1.12048454653398E-01
 1.97901604869112E+03	-2.16390576776337E-01
 1.97901878659115E+03	-2.76152521980593E-01
 1.97902152449118E+03	-2.82900699738914E-01
 1.97902426239122E+03	-2.42165899513359E-01
 1.97902700029125E+03	-1.69373013062968E-01
 1.97902973819128E+03	-8.84045442744857E-02
 1.97903247609131E+03	-2.47033223987686E-02
 1.97903521399134E+03	 9.11634528016103E-03
 1.97903795189137E+03	 2.22399212455929E-02
 1.97904068979140E+03	 3.64380735572538E-02
 1.97904342769143E+03	 6.49737075814107E-02
 1.97904616559146E+03	 1.00162863054607E-01
 1.97904890349149E+03	 1.21080691522764E-01
 1.97905164139152E+03	 1.12174411290584E-01
 1.97905437929155E+03	 7.52242980275643E-02
 1.97905711719158E+03	 2.70290970927293E-02
 1.97905985509162E+03	-1.12894510539531E-02
 1.97906259299165E+03	-2.37845257336090E-02
 1.97906533089168E+03	-3.73039783889642E-03
 1.97906806879171E+03	 4.61459529866477E-02
 1.97907080669174E+03	 1.14391218067908E-01
 1.97907354459177E+03	 1.82112449604248E-01
 1.97907628249180E+03	 2.26497258097321E-01
 1.97907902039183E+03	 2.27353338116521E-01
 1.97908175829186E+03	 1.74804601629135E-01
 1.97908449619189E+03	 7.46172746746216E-02
 1.97908723409192E+03	-5.20255592942870E-02
 1.97908997199195E+03	-1.75289441801708E-01
 1.97909270989198E+03	-2.67063004558601E-01
 1.97909544779201E+03	-3.08918954905017E-01
 1.97909818569205E+03	-2.94114889147549E-01
 1.97910092359208E+03	-2.26994677671433E-01
 1.97910366149211E+03	-1.24717481710149E-01
 1.97910639939214E+03	-1.79095958969871E-02
 1.97910913729217E+03	 5.92204580269118E-02
 1.97911187519220E+03	 8.88749424887389E-02
 1.97911461309223E+03	 8.26337062275919E-02
 1.97911735099226E+03	 7.11019460146401E-02
 1.97912008889229E+03	 7.68708262191091E-02
 1.97912282679232E+03	 9.62486743167523E-02
 1.97912556469235E+03	 1.06382684307406E-01
 1.97912830259238E+03	 8.83290522998266E-02
 1.97913104049241E+03	 4.34087545563998E-02
 1.97913377839245E+03	-8.53810239235449E-03
 1.97913651629248E+03	-4.18157292717095E-02
 1.97913925419251E+03	-3.61518361802155E-02
 1.97914199209254E+03	 1.70862747934649E-02
 1.97914472999257E+03	 1.10459614450601E-01
 1.97914746789260E+03	 2.18138651163693E-01
 1.97915020579263E+03	 3.01921376580103E-01
 1.97915294369266E+03	 3.27593586137839E-01
 1.97915568159269E+03	 2.81918980655027E-01
 1.97915841949272E+03	 1.77080273601439E-01
 1.97916115739275E+03	 4.06809295655983E-02
 1.97916389529278E+03	-9.79455798011008E-02
 1.97916663319281E+03	-2.15076038068679E-01
 1.97916937109285E+03	-2.93389829282703E-01
 1.97917210899288E+03	-3.21093142422224E-01
 1.97917484689291E+03	-2.92299744724330E-01
 1.97917758479294E+03	-2.09977911482660E-01
 1.97918032269297E+03	-9.14127168969307E-02
 1.97918306059300E+03	 2.98499407103086E-02
 1.97918579849303E+03	 1.15182491809511E-01
 1.97918853639306E+03	 1.43683501445892E-01
 1.97919127429309E+03	 1.27350042012396E-01
 1.97919401219312E+03	 1.00278139570035E-01
 1.97919675009315E+03	 8.89681272175056E-02
 1.97919948799318E+03	 9.20446366339537E-02
 1.97920222589321E+03	 8.77414307079694E-02
 1.97920496379325E+03	 5.81853773022696E-02
 1.97920770169328E+03	 5.73716809896705E-03
 1.97921043959331E+03	-4.92019763105315E-02
 1.97921317749334E+03	-7.97267479137920E-02
 1.97921591539337E+03	-6.23581135585947E-02
 1.97921865329340E+03	 1.42198483827683E-02
 1.97922139119343E+03	 1.38429822467981E-01
 1.97922412909346E+03	 2.70786483927458E-01
 1.97922686699349E+03	 3.57416462377140E-01
 1.97922960489352E+03	 3.59548054005094E-01
 1.97923234279355E+03	 2.76145940646866E-01
 1.97923508069358E+03	 1.39739528030723E-01
 1.97923781859361E+03	-8.33089481432882E-03
 1.97924055649364E+03	-1.38803223796758E-01
 1.97924329439368E+03	-2.37310076906053E-01
 1.97924603229371E+03	-2.96437893363741E-01
 1.97924877019374E+03	-3.10134570295171E-01
 1.97925150809377E+03	-2.74220250726408E-01
 1.97925424599380E+03	-1.90761706244548E-01
 1.97925698389383E+03	-7.45357334637697E-02
 1.97925972179386E+03	 4.38083155220704E-02
 1.97926245969389E+03	 1.27423322074681E-01
 1.97926519759392E+03	 1.55268235182605E-01
 1.97926793549395E+03	 1.37580502023879E-01
 1.97927067339398E+03	 1.06135090322213E-01
 1.97927341129401E+03	 8.61713470707587E-02
 1.97927614919404E+03	 7.77322120551083E-02
 1.97927888709408E+03	 6.30632350224048E-02
 1.97928162499411E+03	 2.80808412803479E-02
 1.97928436289414E+03	-2.45536192020223E-02
 1.97928710079417E+03	-7.73237300775291E-02
 1.97928983869420E+03	-1.05244931009998E-01
 1.97929257659423E+03	-8.31493631904339E-02
 1.97929531449426E+03	 2.09614411094036E-03
 1.97929805239429E+03	 1.34771177825579E-01
 1.97930079029432E+03	 2.65454077886880E-01
 1.97930352819435E+03	 3.33541927507444E-01
 1.97930626609438E+03	 3.05606347673274E-01
 1.97930900399441E+03	 1.96178217062860E-01
 1.97931174189444E+03	 5.20663076752245E-02
 1.97931447979448E+03	-8.19577848058528E-02
 1.97931721769451E+03	-1.83533311589968E-01
 1.97931995559454E+03	-2.48570525148113E-01
 1.97932269349457E+03	-2.78295482541960E-01
 1.97932543139460E+03	-2.73020411984194E-01
 1.97932816929463E+03	-2.32640542343047E-01
 1.97933090719466E+03	-1.59226485497767E-01
 1.97933364509469E+03	-6.21631953439035E-02
 1.97933638299472E+03	 3.67451799636407E-02
 1.97933912089475E+03	 1.08308240424681E-01
 1.97934185879478E+03	 1.33750491311908E-01
 1.97934459669481E+03	 1.19301688708343E-01
 1.97934733459484E+03	 8.98037524835109E-02
 1.97935007249487E+03	 6.63287072750247E-02
 1.97935281039491E+03	 5.11957147907678E-02
 1.97935554829494E+03	 3.33820903198161E-02
 1.97935828619497E+03	 3.69132318654589E-03
 1.97936102409500E+03	-3.66288115078199E-02
 1.97936376199503E+03	-7.58774020011359E-02
 1.97936649989506E+03	-9.38418823092011E-02
 1.97936923779509E+03	-6.70721792174745E-02
 1.97937197569512E+03	 1.55179951507882E-02
 1.97937471359515E+03	 1.33266489470341E-01
 1.97937745149518E+03	 2.33160160169843E-01
 1.97938018939521E+03	 2.59825779127750E-01
 1.97938292729524E+03	 1.94748030391343E-01
 1.97938566519527E+03	 6.81109410341461E-02
 1.97938840309531E+03	-6.71340469367018E-02
 1.97939114099534E+03	-1.71219032008619E-01
 1.97939387889537E+03	-2.31484192662710E-01
 1.97939661679540E+03	-2.52472971472043E-01
 1.97939935469543E+03	-2.42892543034697E-01
 1.97940209259546E+03	-2.11192774605385E-01
 1.97940483049549E+03	-1.64278750945902E-01
 1.97940756839552E+03	-1.05274733854482E-01
 1.97941030629555E+03	-3.60668038758985E-02
 1.97941304419558E+03	 3.44716831315408E-02
 1.97941578209561E+03	 8.82672367796299E-02
 1.97941851999564E+03	 1.09438031821481E-01
 1.97942125789567E+03	 9.80764608169176E-02
 1.97942399579571E+03	 6.97645936611790E-02
 1.97942673369574E+03	 4.14858302518148E-02
 1.97942947159577E+03	 2.01979650105262E-02
 1.97943220949580E+03	 3.78590885351078E-03
 1.97943494739583E+03	-1.17536613723834E-02
 1.97943768529586E+03	-2.74724227312066E-02
 1.97944042319589E+03	-3.86979777950855E-02
 1.97944316109592E+03	-3.27760526329356E-02
 1.97944589899595E+03	 6.28041695352599E-03
 1.97944863689598E+03	 8.14032292723356E-02
 1.97945137479601E+03	 1.66563386448307E-01
 1.97945411269604E+03	 2.13264207260712E-01
 1.97945685059607E+03	 1.82756472953409E-01
 1.97945958849610E+03	 7.70206505364702E-02
 1.97946232639614E+03	-6.18777624450105E-02
 1.97946506429617E+03	-1.82629559697737E-01
 1.97946780219620E+03	-2.54594465257897E-01
 1.97947054009623E+03	-2.73254978507836E-01
 1.97947327799626E+03	-2.48513585222948E-01
 1.97947601589629E+03	-1.95676656453139E-01
 1.97947875379632E+03	-1.33094506528634E-01
 1.97948149169635E+03	-7.67723929791925E-02
 1.97948422959638E+03	-3.14943708332088E-02
 1.97948696749641E+03	 9.31716260480818E-03
 1.97948970539644E+03	 5.11149334164445E-02
 1.97949244329647E+03	 8.73442877381004E-02
 1.97949518119650E+03	 1.03900553707507E-01
 1.97949791909654E+03	 9.32698752150676E-02
 1.97950065699657E+03	 6.18262373486914E-02
 1.97950339489660E+03	 2.43880191295789E-02
 1.97950613279663E+03	-5.38112081877188E-03
 1.97950887069666E+03	-1.99833346326724E-02
 1.97951160859669E+03	-1.81311620404026E-02
 1.97951434649672E+03	-2.25417877269795E-03
 1.97951708439675E+03	 2.59164902514286E-02
 1.97951982229678E+03	 6.86256734860454E-02
 1.97952256019681E+03	 1.27725435064942E-01
 1.97952529809684E+03	 1.92711801933835E-01
 1.97952803599687E+03	 2.34311965297149E-01
 1.97953077389690E+03	 2.17327092783137E-01
 1.97953351179694E+03	 1.27119400745275E-01
 1.97953624969697E+03	-1.44316739161296E-02
 1.97953898759700E+03	-1.60404391395342E-01
 1.97954172549703E+03	-2.67070491022140E-01
 1.97954446339706E+03	-3.13012045814432E-01
 1.97954720129709E+03	-2.98039799509917E-01
 1.97954993919712E+03	-2.34242014124823E-01
 1.97955267709715E+03	-1.42805754889532E-01
 1.97955541499718E+03	-5.23841748124715E-02
 1.97955815289721E+03	 1.19094430845916E-02
 1.97956089079724E+03	 4.40497947587022E-02
 1.97956362869727E+03	 5.91258518567400E-02
 1.97956636659730E+03	 7.59924054763751E-02
 1.97956910449734E+03	 9.78209391355891E-02
 1.97957184239737E+03	 1.10665529791014E-01
 1.97957458029740E+03	 9.93729294136741E-02
 1.97957731819743E+03	 6.28252813876298E-02
 1.97958005609746E+03	 1.53140346648276E-02
 1.97958279399749E+03	-2.31034399443515E-02
 1.97958553189752E+03	-3.68147566782259E-02
 1.97958826979755E+03	-1.91745497768898E-02
 1.97959100769758E+03	 2.83737579486381E-02
 1.97959374559761E+03	 9.91320482673928E-02
 1.97959648349764E+03	 1.82165297378160E-01
 1.97959922139767E+03	 2.60221414973562E-01
 1.97960195929770E+03	 3.08421760201759E-01
 1.97960469719773E+03	 3.00218933196432E-01
 1.97960743509777E+03	 2.21471973499157E-01
 1.97961017299780E+03	 8.31994898499816E-02
 1.97961291089783E+03	-7.93051766532912E-02
 1.97961564879786E+03	-2.22651900468622E-01
 1.97961838669789E+03	-3.14248262962109E-01
 1.97962112459792E+03	-3.40013564148222E-01
 1.97962386249795E+03	-3.00826267511231E-01
 1.97962660039798E+03	-2.09140651878750E-01
 1.97962933829801E+03	-9.09269200762886E-02
 1.97963207619804E+03	 1.67760194314309E-02
 1.97963481409807E+03	 8.21791477426102E-02
 1.97963755199810E+03	 9.93155335564544E-02
 1.97964028989813E+03	 9.08774664974852E-02
 1.97964302779817E+03	 8.64520562702164E-02
 1.97964576569820E+03	 9.62581397422687E-02
 1.97964850359823E+03	 1.05860216427812E-01
 1.97965124149826E+03	 9.44034646320518E-02
 1.97965397939829E+03	 5.57293700863998E-02
 1.97965671729832E+03	 3.47937663216527E-03
 1.97965945519835E+03	-3.91327988285501E-02
 1.97966219309838E+03	-5.15636819304907E-02
 1.97966493099841E+03	-2.16806331823835E-02
 1.97966766889844E+03	 5.25381445037341E-02
 1.97967040679847E+03	 1.60196902521679E-01
 1.97967314469850E+03	 2.74986767838276E-01
 1.97967588259853E+03	 3.59647808853107E-01
 1.97967862049857E+03	 3.79833813840178E-01
 1.97968135839860E+03	 3.20252453704933E-01
 1.97968409629863E+03	 1.92138182194689E-01
 1.97968683419866E+03	 2.75298977226753E-02
 1.97968957209869E+03	-1.34609081378170E-01
 1.97969230999872E+03	-2.61495202181610E-01
 1.97969504789875E+03	-3.32810991234798E-01
 1.97969778579878E+03	-3.39999785116260E-01
 1.97970052369881E+03	-2.83889856426352E-01
 1.97970326159884E+03	-1.76725087115737E-01
 1.97970599949887E+03	-4.69584463820664E-02
 1.97970873739890E+03	 6.43709912022708E-02
 1.97971147529893E+03	 1.22889861056371E-01
 1.97971421319896E+03	 1.23799556464342E-01
 1.97971695109900E+03	 9.48858928476199E-02
 1.97971968899903E+03	 7.22367184396466E-02
 1.97972242689906E+03	 7.04175017255373E-02
 1.97972516479909E+03	 7.55576372375962E-02
 1.97972790269912E+03	 6.48397368586938E-02
 1.97973064059915E+03	 2.95491798382417E-02
 1.97973337849918E+03	-1.90844092395157E-02
 1.97973611639921E+03	-5.93202731350808E-02
 1.97973885429924E+03	-6.89293704941408E-02
 1.97974159219927E+03	-3.01828076070121E-02
 1.97974433009930E+03	 6.34132317726864E-02
 1.97974706799933E+03	 1.95963922701285E-01
 1.97974980589936E+03	 3.25145418239299E-01
 1.97975254379940E+03	 3.97912526699892E-01
 1.97975528169943E+03	 3.79751118990995E-01
 1.97975801959946E+03	 2.74162787416285E-01
 1.97976075749949E+03	 1.16487868338186E-01
 1.97976349539952E+03	-4.93860195720387E-02
 1.97976623329955E+03	-1.90098681338464E-01
 1.97976897119958E+03	-2.86989837003139E-01
 1.97977170909961E+03	-3.31147755319855E-01
 1.97977444699964E+03	-3.18918653457646E-01
 1.97977718489967E+03	-2.51983628668169E-01
 1.97977992279970E+03	-1.41986954365648E-01
 1.97978266069973E+03	-1.58908046036721E-02
 1.97978539859976E+03	 8.73529441278911E-02
 1.97978813649980E+03	 1.35129760270780E-01
 1.97979087439983E+03	 1.23570354880577E-01
 1.97979361229986E+03	 8.10449430437431E-02
 1.97979635019989E+03	 4.46926433625532E-02
 1.97979908809992E+03	 3.11553964068611E-02
 1.97980182599995E+03	 2.96007164908985E-02
 1.97980456389998E+03	 1.97720473820733E-02
 1.97980730180001E+03	-7.56207570501625E-03
 1.97981003970004E+03	-4.57438076566447E-02
 1.97981277760007E+03	-7.82397772345740E-02
 1.97981551550010E+03	-8.32149893131332E-02
 1.97981825340013E+03	-3.80363630256153E-02
 1.97982099130016E+03	 6.66074707843718E-02
 1.97982372920019E+03	 2.07894152381623E-01
 1.97982646710023E+03	 3.29866837956900E-01
 1.97982920500026E+03	 3.72708243516833E-01
 1.97983194290029E+03	 3.12138893301733E-01
 1.97983468080032E+03	 1.73445980240747E-01
 1.97983741870035E+03	 8.96085245681891E-03
 1.97984015660038E+03	-1.36184362264609E-01
 1.97984289450041E+03	-2.39950646749680E-01
 1.97984563240044E+03	-2.97240962471655E-01
 1.97984837030047E+03	-3.08779315000075E-01
 1.97985110820050E+03	-2.76736850144624E-01
 1.97985384610053E+03	-2.05614177009610E-01
 1.97985658400056E+03	-1.05440085929437E-01
 1.97985932190059E+03	 3.46604970832514E-03
 1.97986205980063E+03	 9.06231404075791E-02
 1.97986479770066E+03	 1.28621238490365E-01
 1.97986753560069E+03	 1.12825318081429E-01
 1.97987027350072E+03	 6.66379368295047E-02
 1.97987301140075E+03	 2.28684398258121E-02
 1.97987574930078E+03	-1.15951988351084E-03
 1.97987848720081E+03	-1.03435451459831E-02
 1.97988122510084E+03	-1.86033566292514E-02
 1.97988396300087E+03	-3.44648744326826E-02
 1.97988670090090E+03	-5.71724685889183E-02
 1.97988943880093E+03	-7.70145173053775E-02
 1.97989217670096E+03	-7.39111808410359E-02
 1.97989491460099E+03	-2.32805314980451E-02
 1.97989765250103E+03	 8.25212145210021E-02
 1.97990039040106E+03	 2.12469807167899E-01
 1.97990312830109E+03	 3.03726865448302E-01
 1.97990586620112E+03	 3.01967459176971E-01
 1.97990860410115E+03	 2.01343187752227E-01
 1.97991134200118E+03	 4.60294054897627E-02
 1.97991407990121E+03	-1.05298058993304E-01
 1.97991681780124E+03	-2.14849757759421E-01
 1.97991955570127E+03	-2.72955251486208E-01
 1.97992229360130E+03	-2.84934436806732E-01
 1.97992503150133E+03	-2.59995722414006E-01
 1.97992776940136E+03	-2.08430401784745E-01
 1.97993050730139E+03	-1.39673398161438E-01
 1.97993324520143E+03	-6.05985597564680E-02
 1.97993598310146E+03	 2.00280064057153E-02
 1.97993872100149E+03	 8.53105039036020E-02
 1.97994145890152E+03	 1.15138243418486E-01
 1.97994419680155E+03	 1.02071830537397E-01
 1.97994693470158E+03	 6.01134417666057E-02
 1.97994967260161E+03	 1.43213455315900E-02
 1.97995241050164E+03	-1.74990081046952E-02
 1.97995514840167E+03	-3.22337403100830E-02
 1.97995788630170E+03	-3.57269775599167E-02
 1.97996062420173E+03	-3.54101565560203E-02
 1.97996336210176E+03	-3.62705751715072E-02
 1.97996610000179E+03	-3.52991145228446E-02
 1.97996883790182E+03	-1.64971800448009E-02
 1.97997157580186E+03	 4.04626354539334E-02
 1.97997431370189E+03	 1.35556444794272E-01
 1.97997705160192E+03	 2.31091105853201E-01
 1.97997978950195E+03	 2.68371840334686E-01
 1.97998252740198E+03	 2.11230001467449E-01
 1.97998526530201E+03	 7.59053647262513E-02
 1.97998800320204E+03	-8.20389095069315E-02
 1.97999074110207E+03	-2.07967994533855E-01
 1.97999347900210E+03	-2.75662088795152E-01
 1.97999621690213E+03	-2.85203790504165E-01
 1.97999895480216E+03	-2.48918863595805E-01
 1.98000169270219E+03	-1.84754832315750E-01
 1.98000443060222E+03	-1.13813049526285E-01
 1.98000716850226E+03	-5.19056343693718E-02
 1.98000990640229E+03	-1.34923404710129E-03
 1.98001264430232E+03	 4.36673437669735E-02
 1.98001538220235E+03	 8.23687354586868E-02
 1.98001812010238E+03	 1.02630046283243E-01
 1.98002085800241E+03	 9.31108310438484E-02
 1.98002359590244E+03	 5.69325692683420E-02
 1.98002633380247E+03	 1.10104619601570E-02
 1.98002907170250E+03	-2.57643279951453E-02
 1.98003180960253E+03	-4.20552448679608E-02
 1.98003454750256E+03	-3.61725107837707E-02
 1.98003728540259E+03	-1.41596756176957E-02
 1.98004002330262E+03	 1.51814369054354E-02
 1.98004276120266E+03	 4.89068135864420E-02
 1.98004549910269E+03	 9.45270579009889E-02
 1.98004823700272E+03	 1.59650841583550E-01
 1.98005097490275E+03	 2.31732338704687E-01
 1.98005371280278E+03	 2.71842668599369E-01
 1.98005645070281E+03	 2.38150711052040E-01
 1.98005918860284E+03	 1.21682703715161E-01
 1.98006192650287E+03	-4.13313233939188E-02
 1.98006466440290E+03	-1.93378454308393E-01
 1.98006740230293E+03	-2.90804787566101E-01
 1.98007014020296E+03	-3.18571853819032E-01
 1.98007287810299E+03	-2.82404151484891E-01
 1.98007561600302E+03	-1.99392299973468E-01
 1.98007835390305E+03	-9.69721396589076E-02
 1.98008109180309E+03	-8.22258235460635E-03
 1.98008382970312E+03	 4.48200519207017E-02
 1.98008656760315E+03	 6.51497377703106E-02
 1.98008930550318E+03	 7.32200283525138E-02
 1.98009204340321E+03	 8.35943098716615E-02
 1.98009478130324E+03	 9.13506629000551E-02
 1.98009751920327E+03	 8.14810981390722E-02
 1.98010025710330E+03	 4.78183380381043E-02
 1.98010299500333E+03	 1.00505991139918E-03
 1.98010573290336E+03	-3.88114368372780E-02
 1.98010847080339E+03	-5.41254877759011E-02
 1.98011120870342E+03	-3.75225822980265E-02
 1.98011394660345E+03	 7.76119594453428E-03
 1.98011668450349E+03	 7.27210692570035E-02
 1.98011942240352E+03	 1.49013461444920E-01
 1.98012216030355E+03	 2.29978237264642E-01
 1.98012489820358E+03	 3.03044362166539E-01
 1.98012763610361E+03	 3.42407433016209E-01
 1.98013037400364E+03	 3.16355843497289E-01
 1.98013311190367E+03	 2.09855085310365E-01
 1.98013584980370E+03	 4.27307989461336E-02
 1.98013858770373E+03	-1.36492327634644E-01
 1.98014132560376E+03	-2.77120707968278E-01
 1.98014406350379E+03	-3.48898663045087E-01
 1.98014680140382E+03	-3.44712663458470E-01
 1.98014953930385E+03	-2.72390777894796E-01
 1.98015227720389E+03	-1.52521324591172E-01
 1.98015501510392E+03	-2.11637689096048E-02
 1.98015775300395E+03	 7.88864815415739E-02
 1.98016049090398E+03	 1.21719352287513E-01
 1.98016322880401E+03	 1.15578156469939E-01
 1.98016596670404E+03	 9.25714822804570E-02
 1.98016870460407E+03	 7.86894932570003E-02
 1.98017144250410E+03	 7.41160024368687E-02
 1.98017418040413E+03	 6.13234805410643E-02
 1.98017691830416E+03	 2.81122015517416E-02
 1.98017965620419E+03	-1.90298240820761E-02
 1.98018239410422E+03	-6.02214070601744E-02
 1.98018513200425E+03	-7.55685770572479E-02
 1.98018786990428E+03	-5.34924484228529E-02
 1.98019060780432E+03	 8.60486550179610E-03
 1.98019334570435E+03	 1.05737909662872E-01
 1.98019608360438E+03	 2.24064551780026E-01
 1.98019882150441E+03	 3.38188046357921E-01
 1.98020155940444E+03	 4.12947176024653E-01
 1.98020429730447E+03	 4.14397686246881E-01
 1.98020703520450E+03	 3.26970396136193E-01
 1.98020977310453E+03	 1.65538370520949E-01
 1.98021251100456E+03	-2.83244423655473E-02
 1.98021524890459E+03	-2.04979940469230E-01
 1.98021798680462E+03	-3.26765166710940E-01
 1.98022072470465E+03	-3.75803754437427E-01
 1.98022346260468E+03	-3.49495150581253E-01
 1.98022620050472E+03	-2.56024602924723E-01
 1.98022893840475E+03	-1.18106986673997E-01
 1.98023167630478E+03	 2.35548150290353E-02
 1.98023441420481E+03	 1.22434510573006E-01
 1.98023715210484E+03	 1.52751008864622E-01
 1.98023989000487E+03	 1.27002579053421E-01
 1.98024262790490E+03	 8.37600412488929E-02
 1.98024536580493E+03	 5.47481432848554E-02
 1.98024810370496E+03	 4.27850801905625E-02
 1.98025084160499E+03	 2.96010088221488E-02
 1.98025357950502E+03	 3.36692254286867E-04
 1.98025631740505E+03	-4.19206069449794E-02
 1.98025905530508E+03	-8.09074376305250E-02
 1.98026179320512E+03	-9.85288610442381E-02
 1.98026453110515E+03	-7.95725069222322E-02
 1.98026726900518E+03	-1.23750481661412E-02
 1.98027000690521E+03	 1.04546759868976E-01
 1.98027274480524E+03	 2.50728217418117E-01
 1.98027548270527E+03	 3.81095752857191E-01
 1.98027822060530E+03	 4.43040616474519E-01
 1.98028095850533E+03	 4.04768775194610E-01
 1.98028369640536E+03	 2.73281055258507E-01
 1.98028643430539E+03	 8.85394838824895E-02
 1.98028917220542E+03	-9.90429731581256E-02
 1.98029191010545E+03	-2.49472995029752E-01
 1.98029464800548E+03	-3.40775837672818E-01
 1.98029738590552E+03	-3.65226772086685E-01
 1.98030012380555E+03	-3.23470527406622E-01
 1.98030286170558E+03	-2.24309946722797E-01
 1.98030559960561E+03	-9.03860624114372E-02
 1.98030833750564E+03	 3.95496001106675E-02
 1.98031107540567E+03	 1.22994261696987E-01
 1.98031381330570E+03	 1.38161877832862E-01
 1.98031655120573E+03	 9.96733992011079E-02
 1.98031928910576E+03	 4.66153605637210E-02
 1.98032202700579E+03	 1.11291984832560E-02
 1.98032476490582E+03	-2.59263531915756E-03
 1.98032750280585E+03	-1.09472899159417E-02
 1.98033024070588E+03	-2.86686457358628E-02
 1.98033297860591E+03	-5.67706958153091E-02
 1.98033571650595E+03	-8.64346228340531E-02
 1.98033845440598E+03	-1.04475459658620E-01
 1.98034119230601E+03	-9.21598218227354E-02
 1.98034393020604E+03	-2.81918234091687E-02
 1.98034666810607E+03	 9.35463778840602E-02
 1.98034940600610E+03	 2.43914050951438E-01
 1.98035214390613E+03	 3.62251151118739E-01
 1.98035488180616E+03	 3.90580216154517E-01
 1.98035761970619E+03	 3.11490142071956E-01
 1.98036035760622E+03	 1.56308873307746E-01
 1.98036309550625E+03	-2.02659938919585E-02
 1.98036583340628E+03	-1.72158037742130E-01
 1.98036857130631E+03	-2.75378242202815E-01
 1.98037130920635E+03	-3.22899914683056E-01
 1.98037404710638E+03	-3.15816568688972E-01
 1.98037678500641E+03	-2.59676440301047E-01
 1.98037952290644E+03	-1.65432780265202E-01
 1.98038226080647E+03	-5.26734281504214E-02
 1.98038499870650E+03	 4.88950066236288E-02
 1.98038773660653E+03	 1.07317397356259E-01
 1.98039047450656E+03	 1.06618850806668E-01
 1.98039321240659E+03	 6.03148849485613E-02
 1.98039595030662E+03	 2.83038640477691E-03
 1.98039868820665E+03	-3.63896213648274E-02
 1.98040142610668E+03	-5.08380890272034E-02
 1.98040416400671E+03	-5.16885455095337E-02
 1.98040690190675E+03	-5.14675902634242E-02
 1.98040963980678E+03	-5.62800679447221E-02
 1.98041237770681E+03	-6.69798446819525E-02
 1.98041511560684E+03	-7.64136906838379E-02
 1.98041785350687E+03	-6.34905905887606E-02
 1.98042059140690E+03	-1.61821873914159E-03
 1.98042332930693E+03	 1.13478000269838E-01
 1.98042606720696E+03	 2.42423085389641E-01
 1.98042880510699E+03	 3.18025879634496E-01
 1.98043154300702E+03	 2.92271436989209E-01
 1.98043428090705E+03	 1.71632053005643E-01
 1.98043701880708E+03	 8.03584489600092E-03
 1.98043975670711E+03	-1.40788485218556E-01
 1.98044249460714E+03	-2.41459356072013E-01
 1.98044523250718E+03	-2.86280564506851E-01
 1.98044797040721E+03	-2.80455369032486E-01
 1.98045070830724E+03	-2.34455672570435E-01
 1.98045344620727E+03	-1.62187831725054E-01
 1.98045618410730E+03	-7.80641324242641E-02
 1.98045892200733E+03	 4.77040436815885E-03
 1.98046165990736E+03	 7.11370662657844E-02
 1.98046439780739E+03	 1.02900963235457E-01
 1.98046713570742E+03	 8.90344773451606E-02
 1.98046987360745E+03	 3.82894435261160E-02
 1.98047261150748E+03	-2.29547926198398E-02
 1.98047534940751E+03	-6.85264606722305E-02
 1.98047808730754E+03	-8.72956602756052E-02
 1.98048082520758E+03	-8.23844116051594E-02
 1.98048356310761E+03	-6.29191639898898E-02
 1.98048630100764E+03	-3.99792727685106E-02
 1.98048903890767E+03	-2.32083443984349E-02
 1.98049177680770E+03	-1.07323902953074E-02
 1.98049451470773E+03	 1.75414592780044E-02
 1.98049725260776E+03	 8.47179446892712E-02
 1.98049999050779E+03	 1.85131938087102E-01
 1.98050272840782E+03	 2.70771300201089E-01
 1.98050546630785E+03	 2.80417899192141E-01
 1.98050820420788E+03	 1.89328571611541E-01
 1.98051094210791E+03	 3.04747609119359E-02
 1.98051368000794E+03	-1.32169337780031E-01
 1.98051641790798E+03	-2.47312260204090E-01
 1.98051915580801E+03	-2.96028252620126E-01
 1.98052189370804E+03	-2.82717407045563E-01
 1.98052463160807E+03	-2.22113838768606E-01
 1.98052736950810E+03	-1.35951240562717E-01
 1.98053010740813E+03	-4.92937318143914E-02
 1.98053284530816E+03	 2.04886388669001E-02
 1.98053558320819E+03	 7.01178140317856E-02
 1.98053832110822E+03	 1.01800407665512E-01
 1.98054105900825E+03	 1.11159494846583E-01
 1.98054379690828E+03	 8.95915157835355E-02
 1.98054653480831E+03	 3.81859107624316E-02
 1.98054927270834E+03	-2.60624522784333E-02
 1.98055201060837E+03	-7.95844214079249E-02
 1.98055474850841E+03	-1.05297003971677E-01
 1.98055748640844E+03	-9.78251652752821E-02
 1.98056022430847E+03	-6.27483230052370E-02
 1.98056296220850E+03	-1.40248706009728E-02
 1.98056570010853E+03	 3.39274692390615E-02
 1.98056843800856E+03	 7.91537837976596E-02
 1.98057117590859E+03	 1.35163396369387E-01
 1.98057391380862E+03	 2.11624962016554E-01
 1.98057665170865E+03	 2.88185422727931E-01
 1.98057938960868E+03	 3.15037441186434E-01
 1.98058212750871E+03	 2.49935710146057E-01
 1.98058486540874E+03	 9.79715159234588E-02
 1.98058760330877E+03	-8.72142167813202E-02
 1.98059034120881E+03	-2.40818853369068E-01
 1.98059307910884E+03	-3.23464140644732E-01
 1.98059581700887E+03	-3.27594988179605E-01
 1.98059855490890E+03	-2.64456554241911E-01
 1.98060129280893E+03	-1.56847872730705E-01
 1.98060403070896E+03	-3.90955637485697E-02
 1.98060676860899E+03	 5.27764681423115E-02
 1.98060950650902E+03	 1.01282492082581E-01
 1.98061224440905E+03	 1.15703972806854E-01
 1.98061498230908E+03	 1.15658893568558E-01
 1.98061772020911E+03	 1.08273856777533E-01
 1.98062045810914E+03	 8.49570979068579E-02
 1.98062319600917E+03	 3.81620277219234E-02
 1.98062593390921E+03	-2.41093584832569E-02
 1.98062867180924E+03	-8.07256900393275E-02
 1.98063140970927E+03	-1.10286710488088E-01
 1.98063414760930E+03	-1.01588926284718E-01
 1.98063688550933E+03	-5.70015370384624E-02
 1.98063962340936E+03	 1.08112466814475E-02
 1.98064236130939E+03	 8.81809560708921E-02
 1.98064509920942E+03	 1.69677993614008E-01
 1.98064783710945E+03	 2.55468644420671E-01
 1.98065057500948E+03	 3.34917493313043E-01
 1.98065331290951E+03	 3.75238187849899E-01
 1.98065605080954E+03	 3.36199308836318E-01
 1.98065878870957E+03	 2.04074336929261E-01
 1.98066152660961E+03	 1.13936927399080E-02
 1.98066426450964E+03	-1.79709893199735E-01
 1.98066700240967E+03	-3.14137785454916E-01
 1.98066974030970E+03	-3.65829885923211E-01
 1.98067247820973E+03	-3.34002157548621E-01
 1.98067521610976E+03	-2.33201176088332E-01
 1.98067795400979E+03	-9.35772536109130E-02
 1.98068069190982E+03	 3.93139877448645E-02
 1.98068342980985E+03	 1.22452190432374E-01
 1.98068616770988E+03	 1.42179812227768E-01
 1.98068890560991E+03	 1.20847003573617E-01
 1.98069164350994E+03	 9.25765896697612E-02
 1.98069438140997E+03	 7.27028805960723E-02
 1.98069711931000E+03	 5.16839667737113E-02
 1.98069985721004E+03	 1.48587239945283E-02
 1.98070259511007E+03	-3.71322534740310E-02
 1.98070533301010E+03	-8.67990111753267E-02
 1.98070807091013E+03	-1.12959803775048E-01
 1.98071080881016E+03	-1.02940489338952E-01
 1.98071354671019E+03	-5.54400179533706E-02
 1.98071628461022E+03	 2.35575450918695E-02
 1.98071902251025E+03	 1.25507779903180E-01
 1.98072176041028E+03	 2.39341472866738E-01
 1.98072449831031E+03	 3.45830976223022E-01
 1.98072723621034E+03	 4.13301315543003E-01
 1.98072997411037E+03	 4.05742666923973E-01
 1.98073271201040E+03	 3.04432958393575E-01
 1.98073544991044E+03	 1.26717601725753E-01
 1.98073818781047E+03	-7.75179905471254E-02
 1.98074092571050E+03	-2.51276156328269E-01
 1.98074366361053E+03	-3.55743880803941E-01
 1.98074640151056E+03	-3.76624110365878E-01
 1.98074913941059E+03	-3.16605626434862E-01
 1.98075187731062E+03	-1.92323153275864E-01
 1.98075461521065E+03	-3.96045608424629E-02
 1.98075735311068E+03	 8.99200893363401E-02
 1.98076009101071E+03	 1.52712573621419E-01
 1.98076282891074E+03	 1.41659566756331E-01
 1.98076556681077E+03	 8.91592086211965E-02
 1.98076830471080E+03	 3.81609797054485E-02
 1.98077104261084E+03	 8.64734340912093E-03
 1.98077378051087E+03	-8.98616800297761E-03
 1.98077651841090E+03	-3.28319862672289E-02
 1.98077925631093E+03	-6.73128875902910E-02
 1.98078199421096E+03	-1.00798400354713E-01
 1.98078473211099E+03	-1.17743652680193E-01
 1.98078747001102E+03	-1.07458792428952E-01
 1.98079020791105E+03	-6.29565871173509E-02
 1.98079294581108E+03	 2.10513360595982E-02
 1.98079568371111E+03	 1.41900627135782E-01
 1.98079842161114E+03	 2.78403618080714E-01
 1.98080115951117E+03	 3.89176662676468E-01
 1.98080389741120E+03	 4.27808889252113E-01
 1.98080663531123E+03	 3.67731395705068E-01
 1.98080937321127E+03	 2.19100941850578E-01
 1.98081211111130E+03	 2.46623262426592E-02
 1.98081484901133E+03	-1.61966285603138E-01
 1.98081758691136E+03	-2.98890342813072E-01
 1.98082032481139E+03	-3.64910827714340E-01
 1.98082306271142E+03	-3.55043428839325E-01
 1.98082580061145E+03	-2.74854174829507E-01
 1.98082853851148E+03	-1.43065393152917E-01
 1.98083127641151E+03	 2.91303166441672E-03
 1.98083401431154E+03	 1.13619625087611E-01
 1.98083675221157E+03	 1.51628909679635E-01
 1.98083949011160E+03	 1.16202034772997E-01
 1.98084222801163E+03	 4.34563411210126E-02
 1.98084496591167E+03	-2.20416392624323E-02
 1.98084770381170E+03	-5.86922424907667E-02
 1.98085044171173E+03	-7.38214653404263E-02
 1.98085317961176E+03	-8.43473187772479E-02
 1.98085591751179E+03	-9.76100737311189E-02
 1.98085865541182E+03	-1.10174976275299E-01
 1.98086139331185E+03	-1.16066655742245E-01
 1.98086413121188E+03	-1.07503959997251E-01
 1.98086686911191E+03	-6.93185284607486E-02
 1.98086960701194E+03	 1.61451622454304E-02
 1.98087234491197E+03	 1.48354248654513E-01
 1.98087508281200E+03	 2.91650307729213E-01
 1.98087782071203E+03	 3.85766561364575E-01
 1.98088055861207E+03	 3.81741507221856E-01
 1.98088329651210E+03	 2.73794600548474E-01
 1.98088603441213E+03	 1.00518047582947E-01
 1.98088877231216E+03	-8.17653444523151E-02
 1.98089151021219E+03	-2.27807751945702E-01
 1.98089424811222E+03	-3.14527893218912E-01
 1.98089698601225E+03	-3.36020272274985E-01
 1.98089972391228E+03	-2.95692183137153E-01
 1.98090246181231E+03	-2.04046785644279E-01
 1.98090519971234E+03	-8.15569156759476E-02
 1.98090793761237E+03	 3.92804159781591E-02
 1.98091067551240E+03	 1.20267178596668E-01
 1.98091341341243E+03	 1.34804512311920E-01
 1.98091615131246E+03	 8.57344419947484E-02
 1.98091888921250E+03	 5.53445413173929E-03
 1.98092162711253E+03	-6.59765750373231E-02
 1.98092436501256E+03	-1.07207990038625E-01
 1.98092710291259E+03	-1.20362706822077E-01
 1.98092984081262E+03	-1.17426824354642E-01
 1.98093257871265E+03	-1.07545346552477E-01
 1.98093531661268E+03	-9.70579180621260E-02
 1.98093805451271E+03	-9.06555381752789E-02
 1.98094079241274E+03	-8.23671603795179E-02
 1.98094353031277E+03	-4.85437192674684E-02
 1.98094626821280E+03	 3.64470429484254E-02
 1.98094900611283E+03	 1.67451372036020E-01
 1.98095174401286E+03	 2.93792884933469E-01
 1.98095448191290E+03	 3.46961197832077E-01
 1.98095721981293E+03	 2.90427306638346E-01
 1.98095995771296E+03	 1.45307851940635E-01
 1.98096269561299E+03	-2.93272750686946E-02
 1.98096543351302E+03	-1.77001800387406E-01
 1.98096817141305E+03	-2.67733534198552E-01
 1.98097090931308E+03	-2.95545588728735E-01
 1.98097364721311E+03	-2.67127571731972E-01
 1.98097638511314E+03	-1.96188847566313E-01
 1.98097912301317E+03	-1.01435596862736E-01
 1.98098186091320E+03	-3.37061390588688E-03
 1.98098459881323E+03	 7.76956940206260E-02
 1.98098733671326E+03	 1.21975860071413E-01
 1.98099007461330E+03	 1.15474134136504E-01
 1.98099281251333E+03	 6.09137573137754E-02
 1.98099555041336E+03	-1.82918623734880E-02
 1.98099828831339E+03	-9.04323507628064E-02
 1.98100102621342E+03	-1.33883864835788E-01
 1.98100376411345E+03	-1.43712793875583E-01
 1.98100650201348E+03	-1.25549980127961E-01
 1.98100923991351E+03	-9.04251953999075E-02
 1.98101197781354E+03	-5.42692502846951E-02
 1.98101471571357E+03	-3.04937721039881E-02
 1.98101745361360E+03	-1.37212036573554E-02
 1.98102019151363E+03	 2.39416996465155E-02
 1.98102292941366E+03	 1.06611245306151E-01
 1.98102566731370E+03	 2.18173325778392E-01
 1.98102840521373E+03	 2.98732910450890E-01
 1.98103114311376E+03	 2.87552090997314E-01
 1.98103388101379E+03	 1.73496981678869E-01
 1.98103661891382E+03	 3.39514128325644E-03
 1.98103935681385E+03	-1.55412838068886E-01
 1.98104209471388E+03	-2.56558829760080E-01
 1.98104483261391E+03	-2.86031889582130E-01
 1.98104757051394E+03	-2.50755020964810E-01
 1.98105030841397E+03	-1.69203335563780E-01
 1.98105304631400E+03	-6.88910915997518E-02
 1.98105578421403E+03	 2.13592989621363E-02
 1.98105852211406E+03	 8.43682349183297E-02
 1.98106126001409E+03	 1.17677625592908E-01
 1.98106399791413E+03	 1.22823641080029E-01
 1.98106673581416E+03	 9.71558340745501E-02
 1.98106947371419E+03	 4.02984555493054E-02
 1.98107221161422E+03	-3.52900879854703E-02
 1.98107494951425E+03	-1.06013121680173E-01
 1.98107768741428E+03	-1.49468414855468E-01
 1.98108042531431E+03	-1.53720482132697E-01
 1.98108316321434E+03	-1.19241667718210E-01
 1.98108590111437E+03	-5.90487507244742E-02
 1.98108863901440E+03	 4.49757977188823E-03
 1.98109137691443E+03	 5.37273529013129E-02
 1.98109411481446E+03	 9.30326735931681E-02
 1.98109685271449E+03	 1.45795564242939E-01
 1.98109959061453E+03	 2.23342968088987E-01
 1.98110232851456E+03	 2.96390183124009E-01
 1.98110506641459E+03	 3.07321645000581E-01
 1.98110780431462E+03	 2.19007619535920E-01
 1.98111054221465E+03	 5.14090540662173E-02
 1.98111328011468E+03	-1.31265293839063E-01
 1.98111601801471E+03	-2.65551894476159E-01
 1.98111875591474E+03	-3.19566480998136E-01
 1.98112149381477E+03	-2.91436672628834E-01
 1.98112423171480E+03	-1.97039832662834E-01
 1.98112696961483E+03	-6.72300193461699E-02
 1.98112970751486E+03	 5.49961271331396E-02
 1.98113244541489E+03	 1.32583966410768E-01
 1.98113518331493E+03	 1.55999629641465E-01
 1.98113792121496E+03	 1.42628861195173E-01
 1.98114065911499E+03	 1.13095628073462E-01
 1.98114339701502E+03	 7.23861625977626E-02
 1.98114613491505E+03	 1.53930693025073E-02
 1.98114887281508E+03	-5.52446440236816E-02
 1.98115161071511E+03	-1.22300659215995E-01
 1.98115434861514E+03	-1.62889720242187E-01
 1.98115708651517E+03	-1.60944956277671E-01
 1.98115982441520E+03	-1.14413801691415E-01
 1.98116256231523E+03	-3.65548485892507E-02
 1.98116530021526E+03	 5.04483113666750E-02
 1.98116803811529E+03	 1.30262961711444E-01
 1.98117077601532E+03	 2.03620560771136E-01
 1.98117351391536E+03	 2.78946652173882E-01
 1.98117625181539E+03	 3.46794690307659E-01
 1.98117898971542E+03	 3.68833613175641E-01
 1.98118172761545E+03	 3.03113831738274E-01
 1.98118446551548E+03	 1.45204400504049E-01
 1.98118720341551E+03	-5.83691516193657E-02
 1.98118994131554E+03	-2.38966577771959E-01
 1.98119267921557E+03	-3.45639704868662E-01
 1.98119541711560E+03	-3.59869948080009E-01
 1.98119815501563E+03	-2.86740140793038E-01
 1.98120089291566E+03	-1.48627755110147E-01
 1.98120363081569E+03	 1.17399551399493E-02
 1.98120636871572E+03	 1.39179106975314E-01
 1.98120910661576E+03	 1.94583830399607E-01
 1.98121184451579E+03	 1.79765263834774E-01
 1.98121458241582E+03	 1.29389412801592E-01
 1.98121732031585E+03	 7.67481821223333E-02
 1.98122005821588E+03	 2.97075444228695E-02
 1.98122279611591E+03	-2.17632564497317E-02
 1.98122553401594E+03	-8.22104626487858E-02
 1.98122827191597E+03	-1.39405612132188E-01
 1.98123100981600E+03	-1.72521776121189E-01
 1.98123374771603E+03	-1.66291681255916E-01
 1.98123648561606E+03	-1.18329030840336E-01
 1.98123922351609E+03	-3.77138277213174E-02
 1.98124196141612E+03	 6.18719860553411E-02
 1.98124469931616E+03	 1.69594817236417E-01
 1.98124743721619E+03	 2.77894894745784E-01
 1.98125017511622E+03	 3.72436572906981E-01
 1.98125291301625E+03	 4.22737466161228E-01
 1.98125565091628E+03	 3.91515742719203E-01
 1.98125838881631E+03	 2.62912943101090E-01
 1.98126112671634E+03	 6.38698990375762E-02
 1.98126386461637E+03	-1.45646628381749E-01
 1.98126660251640E+03	-3.05752046608012E-01
 1.98126934041643E+03	-3.81734709362797E-01
 1.98127207831646E+03	-3.64812447274361E-01
 1.98127481621649E+03	-2.63681051950782E-01
 1.98127755411652E+03	-1.06002380664391E-01
 1.98128029201655E+03	 5.74186690395396E-02
 1.98128302991659E+03	 1.67771295470599E-01
 1.98128576781662E+03	 1.92064444656867E-01
 1.98128850571665E+03	 1.44539674252214E-01
 1.98129124361668E+03	 7.07524251304438E-02
 1.98129398151671E+03	 8.71840649390107E-03
 1.98129671941674E+03	-3.44550463913848E-02
 1.98129945731677E+03	-7.21764840879007E-02
 1.98130219521680E+03	-1.13173622036538E-01
 1.98130493311683E+03	-1.50296627008491E-01
 1.98130767101686E+03	-1.69227794625860E-01
 1.98131040891689E+03	-1.60702830095816E-01
 1.98131314681692E+03	-1.22433043377573E-01
 1.98131588471695E+03	-5.37021727396100E-02
 1.98131862261699E+03	 4.63661190337243E-02
 1.98132136051702E+03	 1.72239748578470E-01
 1.98132409841705E+03	 3.02714448929836E-01
 1.98132683631708E+03	 3.99349652831042E-01
 1.98132957421711E+03	 4.19559946393870E-01
 1.98133231211714E+03	 3.40214909739765E-01
 1.98133505001717E+03	 1.75580027483511E-01
 1.98133778791720E+03	-2.63794301872319E-02
 1.98134052581723E+03	-2.08127946243517E-01
 1.98134326371726E+03	-3.27529651211265E-01
 1.98134600161729E+03	-3.65854262779015E-01
 1.98134873951732E+03	-3.21672276799774E-01
 1.98135147741735E+03	-2.07428299402525E-01
 1.98135421531739E+03	-5.49547416451679E-02
 1.98135695321742E+03	 8.41790125622169E-02
 1.98135969111745E+03	 1.58412817704939E-01
 1.98136242901748E+03	 1.47137426722120E-01
 1.98136516691751E+03	 7.42630515477046E-02
 1.98136790481754E+03	-1.18858834317284E-02
 1.98137064271757E+03	-7.48884252081990E-02
 1.98137338061760E+03	-1.09017172885204E-01
 1.98137611851763E+03	-1.27602470732454E-01
 1.98137885641766E+03	-1.40689377284019E-01
 1.98138159431769E+03	-1.47461000771488E-01
 1.98138433221772E+03	-1.44701612559761E-01
 1.98138707011775E+03	-1.32499494214607E-01
 1.98138980801779E+03	-1.07303488732763E-01
 1.98139254591782E+03	-5.49394205658200E-02
 1.98139528381785E+03	 3.98282550309183E-02
 1.98139802171788E+03	 1.71142038485193E-01
 1.98140075961791E+03	 3.00392197338126E-01
 1.98140349751794E+03	 3.71809880428360E-01
 1.98140623541797E+03	 3.46233232275768E-01
 1.98140897331800E+03	 2.26057305418696E-01
 1.98141171121803E+03	 5.24092817730741E-02
 1.98141444911806E+03	-1.19862272381061E-01
 1.98141718701809E+03	-2.47607901481067E-01
 1.98141992491812E+03	-3.09140751912850E-01
 1.98142266281815E+03	-3.00053204823884E-01
 1.98142540071818E+03	-2.27387945974680E-01
 1.98142813861822E+03	-1.10010460948105E-01
 1.98143087651825E+03	 1.86137682773339E-02
 1.98143361441828E+03	 1.15408006362161E-01
 1.98143635231831E+03	 1.45115097431186E-01
 1.98143909021834E+03	 1.00960687945503E-01
 1.98144182811837E+03	 1.04230931437279E-02
 1.98144456601840E+03	-8.27365134347749E-02
 1.98144730391843E+03	-1.46509958940070E-01
 1.98145004181846E+03	-1.74074172159112E-01
 1.98145277971849E+03	-1.74323114562556E-01
 1.98145551761852E+03	-1.56487383346478E-01
 1.98145825551855E+03	-1.27533396873003E-01
 1.98146099341858E+03	-9.78275403635754E-02
 1.98146373131862E+03	-7.67814549428164E-02
 1.98146646921865E+03	-5.75004724994663E-02
 1.98146920711868E+03	-1.33777058518887E-02
 1.98147194501871E+03	 7.77613522182736E-02
 1.98147468291874E+03	 2.01220390476205E-01
 1.98147742081877E+03	 3.01825531127686E-01
 1.98148015871880E+03	 3.20028917951941E-01
 1.98148289661883E+03	 2.36269916340747E-01
 1.98148563451886E+03	 8.32572553031935E-02
 1.98148837241889E+03	-8.02436005055813E-02
 1.98149111031892E+03	-2.04748536096935E-01
 1.98149384821895E+03	-2.65914696741600E-01
 1.98149658611898E+03	-2.60230498551963E-01
 1.98149932401902E+03	-1.97094341024943E-01
 1.98150206191905E+03	-9.59264336903829E-02
 1.98150479981908E+03	 1.59314914971620E-02
 1.98150753771911E+03	 1.08570541076555E-01
 1.98151027561914E+03	 1.56309724367753E-01
 1.98151301351917E+03	 1.44561814508998E-01
 1.98151575141920E+03	 7.68375609361081E-02
 1.98151848931923E+03	-2.30887630480467E-02
 1.98152122721926E+03	-1.20779874400472E-01
 1.98152396511929E+03	-1.88378310601308E-01
 1.98152670301932E+03	-2.14601523163285E-01
 1.98152944091935E+03	-2.00961130957543E-01
 1.98153217881938E+03	-1.55290279344974E-01
 1.98153491671941E+03	-9.28648898808704E-02
 1.98153765461945E+03	-3.62999749676684E-02
 1.98154039251948E+03	-7.62215006510950E-04
 1.98154313041951E+03	 2.51789691440169E-02
 1.98154586831954E+03	 7.42553371139734E-02
 1.98154860621957E+03	 1.64100948249130E-01
 1.98155134411960E+03	 2.65095850715870E-01
 1.98155408201963E+03	 3.13018057543898E-01
 1.98155681991966E+03	 2.60669974829922E-01
 1.98155955781969E+03	 1.18178962986903E-01
 1.98156229571972E+03	-5.59326123928646E-02
 1.98156503361975E+03	-1.97551237607907E-01
 1.98156777151978E+03	-2.69518729539242E-01
 1.98157050941981E+03	-2.64058682969972E-01
 1.98157324731985E+03	-1.92020901310320E-01
 1.98157598521988E+03	-7.79810135991521E-02
 1.98157872311991E+03	 4.28645260126621E-02
 1.98158146101994E+03	 1.36552482227808E-01
 1.98158419891997E+03	 1.84318816107053E-01
 1.98158693682000E+03	 1.84070174048335E-01
 1.98158967472003E+03	 1.40961577615629E-01
 1.98159241262006E+03	 6.24994345110191E-02
 1.98159515052009E+03	-3.69855909780880E-02
 1.98159788842012E+03	-1.34079653715317E-01
 1.98160062632015E+03	-2.03791617520831E-01
 1.98160336422018E+03	-2.29147204655996E-01
 1.98160610212021E+03	-2.04806502578312E-01
 1.98160884002025E+03	-1.38268591776503E-01
 1.98161157792028E+03	-5.15494204208632E-02
 1.98161431582031E+03	 2.60086585074310E-02
 1.98161705372034E+03	 7.89922365867321E-02
 1.98161979162037E+03	 1.21973970328463E-01
 1.98162252952040E+03	 1.83881400905752E-01
 1.98162526742042E+03	 2.67738796056810E-01
 1.98162800532046E+03	 3.30119812914697E-01
 1.98163074322049E+03	 3.11080257220633E-01
 1.98163348112052E+03	 1.88831628701372E-01
 1.98163621902055E+03	 2.96703143107806E-03
 1.98163895692058E+03	-1.74652628401508E-01
 1.98164169482061E+03	-2.86131394440525E-01
 1.98164443272064E+03	-3.07914556472001E-01
 1.98164717062068E+03	-2.43646561776703E-01
 1.98164990852071E+03	-1.16049559166541E-01
 1.98165264642074E+03	 3.35379271764357E-02
 1.98165538432077E+03	 1.54920316783404E-01
 1.98165812222080E+03	 2.14130333379155E-01
 1.98166086012083E+03	 2.10980944190157E-01
 1.98166359802086E+03	 1.68293801142526E-01
 1.98166633592089E+03	 1.05834644616777E-01
 1.98166907382092E+03	 2.91428320237380E-02
 1.98167181172095E+03	-5.91453846469371E-02
 1.98167454962098E+03	-1.45793227605058E-01
 1.98167728752101E+03	-2.08338271928487E-01
 1.98168002542104E+03	-2.26590251707496E-01
 1.98168276332108E+03	-1.92328838785657E-01
 1.98168550122111E+03	-1.14031655889309E-01
 1.98168823912114E+03	-1.58690968048605E-02
 1.98169097702117E+03	 7.43946061549076E-02
 1.98169371492120E+03	 1.45535306029048E-01
 1.98169645282123E+03	 2.10120813246612E-01
 1.98169919072126E+03	 2.82741701537136E-01
 1.98170192862129E+03	 3.47836362102953E-01
 1.98170466652132E+03	 3.57497288715034E-01
 1.98170740442135E+03	 2.70898295656615E-01
 1.98171014232138E+03	 9.68988389955324E-02
 1.98171288022141E+03	-1.05445760474653E-01
 1.98171561812144E+03	-2.66261224232953E-01
 1.98171835602148E+03	-3.41251693843096E-01
 1.98172109392151E+03	-3.17943814912528E-01
 1.98172383182154E+03	-2.07167143592048E-01
 1.98172656972157E+03	-4.27494236660959E-02
 1.98172930762160E+03	 1.18401614967589E-01
 1.98173204552163E+03	 2.17605469072323E-01
 1.98173478342166E+03	 2.29712307516969E-01
 1.98173752132169E+03	 1.76472079464944E-01
 1.98174025922172E+03	 1.00909491245268E-01
 1.98174299712175E+03	 3.00599890156755E-02
 1.98174573502178E+03	-3.58000939991958E-02
 1.98174847292181E+03	-1.03991527194516E-01
 1.98175121082184E+03	-1.69028338824947E-01
 1.98175394872188E+03	-2.12296217927597E-01
 1.98175668662191E+03	-2.15748034296280E-01
 1.98175942452194E+03	-1.73403813007921E-01
 1.98176216242197E+03	-9.41557753701304E-02
 1.98176490032200E+03	 3.01452409797840E-03
 1.98176763822203E+03	 9.99726452656804E-02
 1.98177037612206E+03	 1.90043872121591E-01
 1.98177311402209E+03	 2.75399366890114E-01
 1.98177585192212E+03	 3.48760181949913E-01
 1.98177858982215E+03	 3.79986480073561E-01
 1.98178132772218E+03	 3.30816717882270E-01
 1.98178406562221E+03	 1.90062431398260E-01
 1.98178680352224E+03	-6.97845189704735E-03
 1.98178954142227E+03	-1.96741390708023E-01
 1.98179227932231E+03	-3.23410998937937E-01
 1.98179501722234E+03	-3.58243571222478E-01
 1.98179775512237E+03	-2.96653324099504E-01
 1.98180049302240E+03	-1.55255277427628E-01
 1.98180323092243E+03	 2.19775628095305E-02
 1.98180596882246E+03	 1.68798305767637E-01
 1.98180870672249E+03	 2.28751676419409E-01
 1.98181144462252E+03	 1.92213198333259E-01
 1.98181418252255E+03	 9.95215521684034E-02
 1.98181692042258E+03	 4.21104029770020E-03
 1.98181965832261E+03	-6.64708109235404E-02
 1.98182239622264E+03	-1.17204005672326E-01
 1.98182513412267E+03	-1.60564420572087E-01
 1.98182787202271E+03	-1.96016629316501E-01
 1.98183060992274E+03	-2.11419123253783E-01
 1.98183334782277E+03	-1.96865485423376E-01
 1.98183608572280E+03	-1.52096085972278E-01
 1.98183882362283E+03	-8.30202838688247E-02
 1.98184156152286E+03	 4.45031063841435E-03
 1.98184429942289E+03	 1.06037502200716E-01
 1.98184703732292E+03	 2.14910363945062E-01
 1.98184977522295E+03	 3.14316454983106E-01
 1.98185251312298E+03	 3.74133274992244E-01
 1.98185525102301E+03	 3.60514836525456E-01
 1.98185798892304E+03	 2.58035671639400E-01
 1.98186072682307E+03	 8.70927860273971E-02
 1.98186346472311E+03	-1.01999455222022E-01
 1.98186620262314E+03	-2.54828936951995E-01
 1.98186894052317E+03	-3.35081583110228E-01
 1.98187167842320E+03	-3.28128641834365E-01
 1.98187441632323E+03	-2.36501837178763E-01
 1.98187715422326E+03	-8.36017779572300E-02
 1.98187989212329E+03	 8.01384904319094E-02
 1.98188263002332E+03	 1.90293526765595E-01
 1.98188536792335E+03	 2.03857074524693E-01
 1.98188810582338E+03	 1.28165595057658E-01
 1.98189084372341E+03	 1.29531019756004E-02
 1.98189358162344E+03	-8.88344247773914E-02
 1.98189631952347E+03	-1.54083654065380E-01
 1.98189905742350E+03	-1.89075626177232E-01
 1.98190179532354E+03	-2.06132415528879E-01
 1.98190453322357E+03	-2.07854135611532E-01
 1.98190727112360E+03	-1.91805233965856E-01
 1.98191000902363E+03	-1.60719025755703E-01
 1.98191274692366E+03	-1.20478486423159E-01
 1.98191548482369E+03	-6.91582362129720E-02
 1.98191822272372E+03	 5.16459847111776E-03
 1.98192096062375E+03	 1.10157269577969E-01
 1.98192369852378E+03	 2.31210351762880E-01
 1.98192643642381E+03	 3.28884861718641E-01
 1.98192917432384E+03	 3.57918211571160E-01
 1.98193191222387E+03	 2.94999943522437E-01
 1.98193465012390E+03	 1.54661542869819E-01
 1.98193738802394E+03	-1.81787962289899E-02
 1.98194012592397E+03	-1.71908410314913E-01
 1.98194286382400E+03	-2.69295246681935E-01
 1.98194560172403E+03	-2.93339338440959E-01
 1.98194833962406E+03	-2.42663175245194E-01
 1.98195107752409E+03	-1.29863579821279E-01
 1.98195381542412E+03	 1.37535305383604E-02
 1.98195655332415E+03	 1.38978399194059E-01
 1.98195929122418E+03	 1.96503911514822E-01
 1.98196202912421E+03	 1.64544700117960E-01
 1.98196476702424E+03	 6.32784129093778E-02
 1.98196750492427E+03	-5.92163736475677E-02
 1.98197024282430E+03	-1.58726188957244E-01
 1.98197298072434E+03	-2.16686969440748E-01
 1.98197571862437E+03	-2.36413878594345E-01
 1.98197845652440E+03	-2.26102465499892E-01
 1.98198119442443E+03	-1.91578736890523E-01
 1.98198393232446E+03	-1.42952675859716E-01
 1.98198667022449E+03	-9.71219152459652E-02
 1.98198940812452E+03	-6.38201773321387E-02
 1.98199214602455E+03	-2.99516469658115E-02
 1.98199488392458E+03	 3.27201667937931E-02
 1.98199762182461E+03	 1.36143092531964E-01
 1.98200035972464E+03	 2.51732966863441E-01
 1.98200309762467E+03	 3.22150008800883E-01
 1.98200583552470E+03	 3.02026500426355E-01
 1.98200857342474E+03	 1.91132777950529E-01
 1.98201131132477E+03	 3.25143643379726E-02
 1.98201404922480E+03	-1.17051296527481E-01
 1.98201678712483E+03	-2.15430957866633E-01
 1.98201952502486E+03	-2.44110307896582E-01
 1.98202226292489E+03	-2.03274673403923E-01
 1.98202500082492E+03	-1.07073432133537E-01
 1.98202773872495E+03	 1.70770344594174E-02
 1.98203047662498E+03	 1.31669497102598E-01
 1.98203321452501E+03	 1.99359683498736E-01
 1.98203595242504E+03	 1.96896672217271E-01
 1.98203869032507E+03	 1.25303218425191E-01
 1.98204142822510E+03	 9.98033448303368E-03
 1.98204416612513E+03	-1.11167481001808E-01
 1.98204690402517E+03	-2.05418860151143E-01
 1.98204964192520E+03	-2.56182022904607E-01
 1.98205237982523E+03	-2.60492383378950E-01
 1.98205511772526E+03	-2.21721997545278E-01
 1.98205785562529E+03	-1.50458776445518E-01
 1.98206059352532E+03	-7.00666565957006E-02
 1.98206333142535E+03	-9.14452979716399E-03
 1.98206606932538E+03	 2.24224668394997E-02
 1.98206880722541E+03	 4.80869353210776E-02
 1.98207154512544E+03	 1.03967214677423E-01
 1.98207428302547E+03	 1.96057544030706E-01
 1.98207702092550E+03	 2.81032953933759E-01
 1.98207975882553E+03	 2.96628986077209E-01
 1.98208249672557E+03	 2.14190317499833E-01
 1.98208523462560E+03	 6.22304360901384E-02
 1.98208797252563E+03	-9.68998843990872E-02
 1.98209071042566E+03	-2.07471417017125E-01
 1.98209344832569E+03	-2.41440540685363E-01
 1.98209618622572E+03	-1.96101881392078E-01
 1.98209892412575E+03	-8.78000383472630E-02
 1.98210166202578E+03	 4.96670940410672E-02
 1.98210439992581E+03	 1.71994697434119E-01
 1.98210713782584E+03	 2.41842822141381E-01
 1.98210987572587E+03	 2.44105822925517E-01
 1.98211261362590E+03	 1.85864219408341E-01
 1.98211535152593E+03	 8.57367632876467E-02
 1.98211808942597E+03	-3.39659344709846E-02
 1.98212082732600E+03	-1.49281932044285E-01
 1.98212356522603E+03	-2.37187514826911E-01
 1.98212630312606E+03	-2.80189879676375E-01
 1.98212904102609E+03	-2.68936236850882E-01
 1.98213177892612E+03	-2.04225410545834E-01
 1.98213451682615E+03	-1.02387208979308E-01
 1.98213725472618E+03	 3.40622732909929E-03
 1.98213999262621E+03	 7.94847855339779E-02
 1.98214273052624E+03	 1.19270303311070E-01
 1.98214546842627E+03	 1.50819706722411E-01
 1.98214820632630E+03	 2.05496354587282E-01
 1.98215094422633E+03	 2.75254116685227E-01
 1.98215368212636E+03	 3.08130026565215E-01
 1.98215642002640E+03	 2.53177223173815E-01
 1.98215915792643E+03	 1.09591581581046E-01
 1.98216189582646E+03	-6.94849151783758E-02
 1.98216463372649E+03	-2.15765565481541E-01
 1.98216737162652E+03	-2.83169997279183E-01
 1.98217010952655E+03	-2.56339299327466E-01
 1.98217284742658E+03	-1.44299660891188E-01
 1.98217558532661E+03	 2.00312639815840E-02
 1.98217832322664E+03	 1.81593433001383E-01
 1.98218106112667E+03	 2.83873615973986E-01
 1.98218379902670E+03	 2.99815377251853E-01
 1.98218653692673E+03	 2.42555607139603E-01
 1.98218927482676E+03	 1.45175101501486E-01
 1.98219201272680E+03	 3.38462020661448E-02
 1.98219475062683E+03	-7.86671469869749E-02
 1.98219748852686E+03	-1.81713952883176E-01
 1.98220022642689E+03	-2.58576309491040E-01
 1.98220296432692E+03	-2.90412500288026E-01
 1.98220570222695E+03	-2.64992090618842E-01
 1.98220844012698E+03	-1.83957576264151E-01
 1.98221117802701E+03	-6.75762643061867E-02
 1.98221391592704E+03	 4.93295543981959E-02
 1.98221665382707E+03	 1.37040685020064E-01
 1.98221939172710E+03	 1.93576416124033E-01
 1.98222212962713E+03	 2.42284066698826E-01
 1.98222486752716E+03	 2.98037036391556E-01
 1.98222760542720E+03	 3.37107589916270E-01
 1.98223034332723E+03	 3.10257817654160E-01
 1.98223308122726E+03	 1.90698924262932E-01
 1.98223581912729E+03	 5.94275018972931E-03
 1.98223855702732E+03	-1.78655430822393E-01
 1.98224129492735E+03	-3.01518817058360E-01
 1.98224403282738E+03	-3.28993507480719E-01
 1.98224677072741E+03	-2.54334936444951E-01
 1.98224950862744E+03	-9.59164140133329E-02
 1.98225224652747E+03	 9.68607165022386E-02
 1.98225498442750E+03	 2.52534032719189E-01
 1.98225772232753E+03	 3.14116564456580E-01
 1.98226046022756E+03	 2.74829615436500E-01
 1.98226319812759E+03	 1.74795892998537E-01
 1.98226593602763E+03	 6.19493314676833E-02
 1.98226867392766E+03	-4.06068504700011E-02
 1.98227141182769E+03	-1.32202386319133E-01
 1.98227414972772E+03	-2.12059640540969E-01
 1.98227688762775E+03	-2.67548449030559E-01
 1.98227962552778E+03	-2.81513464084054E-01
 1.98228236342781E+03	-2.44666770753812E-01
 1.98228510132784E+03	-1.61935434403669E-01
 1.98228783922787E+03	-5.23413688472923E-02
 1.98229057712790E+03	 5.81343177323471E-02
 1.98229331502793E+03	 1.51149008809927E-01
 1.98229605292796E+03	 2.26697021693049E-01
 1.98229879082799E+03	 2.93591298107501E-01
 1.98230152872803E+03	 3.44732480002841E-01
 1.98230426662806E+03	 3.47462035794284E-01
 1.98230700452809E+03	 2.68231862508076E-01
 1.98230974242812E+03	 1.09245658575616E-01
 1.98231248032815E+03	-8.32731024008736E-02
 1.98231521822818E+03	-2.46952946124838E-01
 1.98231795612821E+03	-3.34995753244496E-01
 1.98232069402824E+03	-3.25217401948805E-01
 1.98232343192827E+03	-2.17314366213291E-01
 1.98232616982830E+03	-3.93800950227405E-02
 1.98232890772833E+03	 1.45774148429294E-01
 1.98233164562836E+03	 2.62115440643977E-01
 1.98233438352839E+03	 2.66694400934156E-01
 1.98233712142843E+03	 1.77979461905517E-01
 1.98233985932846E+03	 5.46092373095657E-02
 1.98234259722849E+03	-5.36696570913348E-02
 1.98234533512852E+03	-1.33248854436133E-01
 1.98234807302855E+03	-1.93183047605597E-01
 1.98235081092858E+03	-2.38020649635335E-01
 1.98235354882861E+03	-2.59345342866630E-01
 1.98235628672864E+03	-2.47180639633965E-01
 1.98235902462867E+03	-2.00966729229670E-01
 1.98236176252870E+03	-1.29028815155816E-01
 1.98236450042873E+03	-4.22750946802004E-02
 1.98236723832876E+03	 5.04002158511095E-02
 1.98236997622879E+03	 1.43606694196432E-01
 1.98237271412883E+03	 2.32623655807124E-01
 1.98237545202886E+03	 3.05239219811919E-01
 1.98237818992889E+03	 3.36228042670699E-01
 1.98238092782892E+03	 2.97384878668864E-01
 1.98238366572895E+03	 1.81040545089611E-01
 1.98238640362898E+03	 1.46149868301436E-02
 1.98238914152901E+03	-1.51098655510597E-01
 1.98239187942904E+03	-2.68292736833577E-01
 1.98239461732907E+03	-3.07589352420277E-01
 1.98239735522910E+03	-2.57641709880387E-01
 1.98240009312913E+03	-1.26978991804463E-01
 1.98240283102916E+03	 4.50882895002928E-02
 1.98240556892919E+03	 1.89999541936212E-01
 1.98240830682922E+03	 2.42605030858515E-01
 1.98241104472926E+03	 1.84872012184987E-01
 1.98241378262929E+03	 5.74485064664530E-02
 1.98241652052932E+03	-7.50747764667511E-02
 1.98241925842935E+03	-1.70691074978852E-01
 1.98242199632938E+03	-2.24976775876184E-01
 1.98242473422941E+03	-2.50490147681545E-01
 1.98242747212944E+03	-2.53120727920498E-01
 1.98243021002947E+03	-2.30805666296399E-01
 1.98243294792950E+03	-1.86357213797377E-01
 1.98243568582953E+03	-1.31279884209889E-01
 1.98243842372956E+03	-7.48726864365194E-02
 1.98244116162959E+03	-1.42397986160664E-02
 1.98244389952962E+03	 6.08153733812942E-02
 1.98244663742966E+03	 1.52161583098116E-01
 1.98244937532969E+03	 2.42247210950808E-01
 1.98245211322972E+03	 2.97983016850045E-01
 1.98245485112975E+03	 2.88176745227687E-01
 1.98245758902978E+03	 2.03673733734151E-01
 1.98246032692981E+03	 6.62422957367553E-02
 1.98246306482984E+03	-8.11461499589554E-02
 1.98246580272987E+03	-1.95114295631870E-01
 1.98246854062990E+03	-2.46922688472414E-01
 1.98247127852993E+03	-2.24139515818431E-01
 1.98247401642996E+03	-1.28935311557416E-01
 1.98247675432999E+03	 1.58724443013702E-02
 1.98247949223002E+03	 1.60971755961971E-01
 1.98248223013006E+03	 2.44236515981665E-01
 1.98248496803009E+03	 2.25236608409083E-01
 1.98248770593012E+03	 1.13319454580634E-01
 1.98249044383015E+03	-3.90653851638452E-02
 1.98249318173018E+03	-1.73500911905957E-01
 1.98249591963021E+03	-2.58998574079286E-01
 1.98249865753024E+03	-2.94741978011156E-01
 1.98250139543027E+03	-2.90025654490758E-01
 1.98250413333030E+03	-2.50263352757853E-01
 1.98250687123033E+03	-1.82695126044345E-01
 1.98250960913036E+03	-1.06066187628552E-01
 1.98251234703039E+03	-4.31782226412482E-02
 1.98251508493042E+03	-1.16069225248911E-04
 1.98251782283045E+03	 4.19329033999515E-02
 1.98252056073049E+03	 1.07098991812483E-01
 1.98252329863052E+03	 1.94469950769755E-01
 1.98252603653055E+03	 2.68831718149859E-01
 1.98252877443058E+03	 2.84081861125489E-01
 1.98253151233061E+03	 2.18434832333303E-01
 1.98253425023064E+03	 9.07131701322486E-02
 1.98253698813067E+03	-5.27682794827197E-02
 1.98253972603070E+03	-1.64841369586334E-01
 1.98254246393073E+03	-2.15298893465211E-01
 1.98254520183076E+03	-1.92975777834363E-01
 1.98254793973079E+03	-1.02261207710251E-01
 1.98255067763082E+03	 3.56394361302989E-02
 1.98255341553085E+03	 1.80152582766816E-01
 1.98255615343089E+03	 2.79393745487102E-01
 1.98255889133092E+03	 2.92026962788090E-01
 1.98256162923095E+03	 2.09820533314694E-01
 1.98256436713098E+03	 6.27791920332714E-02
 1.98256710503101E+03	-9.84762153977601E-02
 1.98256984293104E+03	-2.29685728894185E-01
 1.98257258083107E+03	-3.08844880457283E-01
 1.98257531873110E+03	-3.32370672232133E-01
 1.98257805663113E+03	-3.02792014148393E-01
 1.98258079453116E+03	-2.26076411136149E-01
 1.98258353243119E+03	-1.20748700875393E-01
 1.98258627033122E+03	-2.02176802377595E-02
 1.98258900823125E+03	 4.64385408061007E-02
 1.98259174613129E+03	 8.05546791141026E-02
 1.98259448403132E+03	 1.14195263541879E-01
 1.98259722193135E+03	 1.75495281328288E-01
 1.98259995983138E+03	 2.52020210085340E-01
 1.98260269773141E+03	 2.93361079280127E-01
 1.98260543563144E+03	 2.53743075298579E-01
 1.98260817353147E+03	 1.32534578539049E-01
 1.98261091143150E+03	-2.47777129908405E-02
 1.98261364933153E+03	-1.58994964794219E-01
 1.98261638723156E+03	-2.27754462183738E-01
 1.98261912513159E+03	-2.13518477155052E-01
 1.98262186303162E+03	-1.19251704302734E-01
 1.98262460093165E+03	 3.17605625321659E-02
 1.98262733883168E+03	 1.94778034296674E-01
 1.98263007673172E+03	 3.15037017616213E-01
 1.98263281463175E+03	 3.51590528488318E-01
 1.98263555253178E+03	 2.95718412535863E-01
 1.98263829043181E+03	 1.69894011896140E-01
 1.98264102833184E+03	 1.20561225489185E-02
 1.98264376623187E+03	-1.40603556874259E-01
 1.98264650413190E+03	-2.60294416584918E-01
 1.98264924203193E+03	-3.29936455191654E-01
 1.98265197993196E+03	-3.40327259300164E-01
 1.98265471783199E+03	-2.88712529049330E-01
 1.98265745573202E+03	-1.84282268359312E-01
 1.98266019363205E+03	-5.58267075106517E-02
 1.98266293153208E+03	 5.47900010721413E-02
 1.98266566943212E+03	 1.19627380733707E-01
 1.98266840733215E+03	 1.49051679726885E-01
 1.98267114523218E+03	 1.80902593608396E-01
 1.98267388313221E+03	 2.36667062706492E-01
 1.98267662103224E+03	 2.89892386802565E-01
 1.98267935893227E+03	 2.85252246477680E-01
 1.98268209683230E+03	 1.91148897919882E-01
 1.98268483473233E+03	 3.12285146483756E-02
 1.98268757263236E+03	-1.33206760987518E-01
 1.98269031053239E+03	-2.43478619338149E-01
 1.98269304843242E+03	-2.66158415039491E-01
 1.98269578633245E+03	-1.92712870385997E-01
 1.98269852423248E+03	-3.86811337604567E-02
 1.98270126213252E+03	 1.50751627374156E-01
 1.98270400003255E+03	 3.08550632646144E-01
 1.98270673793258E+03	 3.77505800596548E-01
 1.98270947583261E+03	 3.42248476231967E-01
 1.98271221373264E+03	 2.30562316341464E-01
 1.98271495163267E+03	 8.56046604766804E-02
 1.98271768953270E+03	-6.01061640725447E-02
 1.98272042743273E+03	-1.88285321857566E-01
 1.98272316533276E+03	-2.84967723080980E-01
 1.98272590323279E+03	-3.35107042572374E-01
 1.98272864113282E+03	-3.26081341522211E-01
 1.98273137903285E+03	-2.54855686961626E-01
 1.98273411693288E+03	-1.35473099646410E-01
 1.98273685483292E+03	-1.65981358272506E-03
 1.98273959273295E+03	 1.05918071291351E-01
 1.98274233063298E+03	 1.66807972838495E-01
 1.98274506853301E+03	 1.97055833042292E-01
 1.98274780643304E+03	 2.29407341258874E-01
 1.98275054433307E+03	 2.71309853358403E-01
 1.98275328223310E+03	 2.87696526162649E-01
 1.98275602013313E+03	 2.32758870806634E-01
 1.98275875803316E+03	 9.80054159106587E-02
 1.98276149593319E+03	-7.47317328856396E-02
 1.98276423383322E+03	-2.23119515237292E-01
 1.98276697173325E+03	-2.98527114274211E-01
 1.98276970963328E+03	-2.76017877901582E-01
 1.98277244753331E+03	-1.53401855868028E-01
 1.98277518543335E+03	 3.97441645209726E-02
 1.98277792333338E+03	 2.36102495883567E-01
 1.98278066123341E+03	 3.55852083413635E-01
 1.98278339913344E+03	 3.55366293169447E-01
 1.98278613703347E+03	 2.53463751352396E-01
 1.98278887493350E+03	 1.07526863039796E-01
 1.98279161283353E+03	-3.33952872819031E-02
 1.98279435073356E+03	-1.50980022117319E-01
 1.98279708863359E+03	-2.43970498347234E-01
 1.98279982653362E+03	-3.06976263257720E-01
 1.98280256443365E+03	-3.26971034265667E-01
 1.98280530233368E+03	-2.93768186969228E-01
 1.98280804023371E+03	-2.09333078630168E-01
 1.98281077813375E+03	-9.09088837891243E-02
 1.98281351603378E+03	 3.18195678979929E-02
 1.98281625393381E+03	 1.29170478803030E-01
 1.98281899183384E+03	 1.90122138009795E-01
 1.98282172973387E+03	 2.27980281216699E-01
 1.98282446763390E+03	 2.59623199300480E-01
 1.98282720553393E+03	 2.77307285000131E-01
 1.98282994343396E+03	 2.48619561963841E-01
 1.98283268133399E+03	 1.49932107996162E-01
 1.98283541923402E+03	-3.38701804507657E-03
 1.98283815713405E+03	-1.62943475376782E-01
 1.98284089503408E+03	-2.77336823119475E-01
 1.98284363293411E+03	-3.11250761661231E-01
 1.98284637083415E+03	-2.46634112807325E-01
 1.98284910873418E+03	-8.90001723169698E-02
 1.98285184663421E+03	 1.15718836329005E-01
 1.98285458453424E+03	 2.84414907068471E-01
 1.98285732243427E+03	 3.40917306003713E-01
 1.98286006033430E+03	 2.68904192281006E-01
 1.98286279823433E+03	 1.19266947138982E-01
 1.98286553613436E+03	-3.64621992066436E-02
 1.98286827403439E+03	-1.56974089453571E-01
 1.98287101193442E+03	-2.39440253554748E-01
 1.98287374983445E+03	-2.92451677929970E-01
 1.98287648773448E+03	-3.14456899679684E-01
 1.98287922563451E+03	-2.97520939158938E-01
 1.98288196353454E+03	-2.40736582944825E-01
 1.98288470143458E+03	-1.53971128240638E-01
 1.98288743933461E+03	-5.26510041727403E-02
 1.98289017723464E+03	 4.72812658939946E-02
 1.98289291513467E+03	 1.33235484427513E-01
 1.98289565303470E+03	 2.00022488630096E-01
 1.98289839093473E+03	 2.48063386330179E-01
 1.98290112883476E+03	 2.72672484978308E-01
 1.98290386673479E+03	 2.57137228901631E-01
 1.98290660463482E+03	 1.84323727090933E-01
 1.98290934253485E+03	 5.85017558828159E-02
 1.98291208043488E+03	-8.80983047919181E-02
 1.98291481833491E+03	-2.12136105976932E-01
 1.98291755623494E+03	-2.78581130460840E-01
 1.98292029413498E+03	-2.64872669179944E-01
 1.98292303203501E+03	-1.61549715050057E-01
 1.98292576993504E+03	 1.28475273102822E-02
 1.98292850783507E+03	 1.96984581584918E-01
 1.98293124573510E+03	 3.06144607226523E-01
 1.98293398363513E+03	 2.86252256345005E-01
 1.98293672153516E+03	 1.54059482356596E-01
 1.98293945943519E+03	-1.95457580402497E-02
 1.98294219733522E+03	-1.66245306476401E-01
 1.98294493523525E+03	-2.59609247689853E-01
 1.98294767313528E+03	-3.06815788248763E-01
 1.98295041103531E+03	-3.18107237799647E-01
 1.98295314893534E+03	-2.94161581907032E-01
 1.98295588683538E+03	-2.37240320641265E-01
 1.98295862473541E+03	-1.60990167876969E-01
 1.98296136263544E+03	-8.27654208068904E-02
 1.98296410053547E+03	-9.89685776893101E-03
 1.98296683843550E+03	 6.18795874817749E-02
 1.98296957633553E+03	 1.36977811127710E-01
 1.98297231423556E+03	 2.08792806583052E-01
 1.98297505213559E+03	 2.58377768572253E-01
 1.98297779003562E+03	 2.62657008538247E-01
 1.98298052793565E+03	 2.07688391962385E-01
 1.98298326583568E+03	 1.00412283234075E-01
 1.98298600373571E+03	-3.01918202432652E-02
 1.98298874163574E+03	-1.45943903756316E-01
 1.98299147953577E+03	-2.15631105123682E-01
 1.98299421743581E+03	-2.20353711227765E-01
 1.98299695533584E+03	-1.50778214339865E-01
 1.98299969323587E+03	-1.28847805106762E-02
 1.98300243113590E+03	 1.56253311608057E-01
 1.98300516903593E+03	 2.87633297716070E-01
 1.98300790693596E+03	 3.14026784726237E-01
 1.98301064483599E+03	 2.17144312619018E-01
 1.98301338273602E+03	 4.23354972721137E-02
 1.98301612063605E+03	-1.36236311877363E-01
 1.98301885853608E+03	-2.65646561271288E-01
 1.98302159643611E+03	-3.33230209034752E-01
 1.98302433433614E+03	-3.47775652823779E-01
 1.98302707223617E+03	-3.16177292221854E-01
 1.98302981013621E+03	-2.43415823566340E-01
 1.98303254803624E+03	-1.46695908447360E-01
 1.98303528593627E+03	-5.57492410174514E-02
 1.98303802383630E+03	 7.96969113654808E-03
 1.98304076173633E+03	 4.99161460726252E-02
 1.98304349963636E+03	 9.47606839376858E-02
 1.98304623753639E+03	 1.57608403798638E-01
 1.98304897543642E+03	 2.23310716722884E-01
 1.98305171333645E+03	 2.54748595148162E-01
 1.98305445123648E+03	 2.21973592777064E-01
 1.98305718913651E+03	 1.25975721431976E-01
 1.98305992703654E+03	-1.14824303041705E-03
 1.98306266493657E+03	-1.15705298794075E-01
 1.98306540283661E+03	-1.83023702052551E-01
 1.98306814073664E+03	-1.84846828643616E-01
 1.98307087863667E+03	-1.16153193383676E-01
 1.98307361653670E+03	 1.47818999546062E-02
 1.98307635443673E+03	 1.77769364822456E-01
 1.98307909233676E+03	 3.17279374913569E-01
 1.98308183023679E+03	 3.71385572105605E-01
 1.98308456813682E+03	 3.07690605330244E-01
 1.98308730603685E+03	 1.46682319954138E-01
 1.98309004393688E+03	-5.09026953890394E-02
 1.98309278183691E+03	-2.22572118208836E-01
 1.98309551973694E+03	-3.34302722892389E-01
 1.98309825763697E+03	-3.80543205979958E-01
 1.98310099553701E+03	-3.65283258338685E-01
 1.98310373343704E+03	-2.92082446753334E-01
 1.98310647133707E+03	-1.73830727541323E-01
 1.98310920923710E+03	-4.37945029579939E-02
 1.98311194713713E+03	 5.59415791977197E-02
 1.98311468503716E+03	 1.05150885267354E-01
 1.98311742293719E+03	 1.23000190480262E-01
 1.98312016083722E+03	 1.47883798151115E-01
 1.98312289873725E+03	 1.95606397040578E-01
 1.98312563663728E+03	 2.39076323019208E-01
 1.98312837453731E+03	 2.31864812133567E-01
 1.98313111243734E+03	 1.51609139296572E-01
 1.98313385033737E+03	 2.05866655922444E-02
 1.98313658823740E+03	-1.11263910356014E-01
 1.98313932613744E+03	-1.97304529927538E-01
 1.98314206403747E+03	-2.10296922328575E-01
 1.98314480193750E+03	-1.41175725416771E-01
 1.98314753983753E+03	 1.90573237328906E-03
 1.98315027773756E+03	 1.86435279645712E-01
 1.98315301563759E+03	 3.54163445246914E-01
 1.98315575353762E+03	 4.40736000230049E-01
 1.98315849143765E+03	 4.08877641639846E-01
 1.98316122933768E+03	 2.69122634478126E-01
 1.98316396723771E+03	 7.09237068971182E-02
 1.98316670513774E+03	-1.26896516971168E-01
 1.98316944303777E+03	-2.82197547040471E-01
 1.98317218093780E+03	-3.76063615371060E-01
 1.98317491883784E+03	-4.03109668609564E-01
 1.98317765673787E+03	-3.61338634569715E-01
 1.98318039463790E+03	-2.54674569336413E-01
 1.98318313253793E+03	-1.05490031316823E-01
 1.98318587043796E+03	 4.17445047201476E-02
 1.98318860833799E+03	 1.41304454856194E-01
 1.98319134623802E+03	 1.79593811974829E-01
 1.98319408413805E+03	 1.85748101073085E-01
 1.98319682203808E+03	 2.00512779662396E-01
 1.98319955993811E+03	 2.31049466371494E-01
 1.98320229783814E+03	 2.40672435483785E-01
 1.98320503573817E+03	 1.86358353447797E-01
 1.98320777363820E+03	 6.35751819216351E-02
 1.98321051153824E+03	-8.71378639739321E-02
 1.98321324943827E+03	-2.10447300899704E-01
 1.98321598733830E+03	-2.65101390867566E-01
 1.98321872523833E+03	-2.29445388935175E-01
 1.98322146313836E+03	-9.95239687518058E-02
 1.98322420103839E+03	 1.00999187690849E-01
 1.98322693893842E+03	 3.11514465286956E-01
 1.98322967683845E+03	 4.52531457722087E-01
 1.98323241473848E+03	 4.68861069997333E-01
 1.98323515263851E+03	 3.61271525703383E-01
 1.98323789053854E+03	 1.78011025756938E-01
 1.98324062843857E+03	-2.14401814352613E-02
 1.98324336633860E+03	-1.95138805792000E-01
 1.98324610423863E+03	-3.22252637219723E-01
 1.98324884213867E+03	-3.92253418043911E-01
 1.98325158003870E+03	-3.97180173204246E-01
 1.98325431793873E+03	-3.33207106368340E-01
 1.98325705583876E+03	-2.08869759992051E-01
 1.98325979373879E+03	-5.31321336501211E-02
 1.98326253163882E+03	 8.85186569325627E-02
 1.98326526953885E+03	 1.77351044441519E-01
 1.98326800743888E+03	 2.09139640084594E-01
 1.98327074533891E+03	 2.15131133956510E-01
 1.98327348323894E+03	 2.26725875706325E-01
 1.98327622113897E+03	 2.38356328838934E-01
 1.98327895903900E+03	 2.11788073774956E-01
 1.98328169693903E+03	 1.18863242294983E-01
 1.98328443483907E+03	-2.55274118518444E-02
 1.98328717273910E+03	-1.73324563962667E-01
 1.98328991063913E+03	-2.75687360401296E-01
 1.98329264853916E+03	-2.99354509250122E-01
 1.98329538643919E+03	-2.24703492579381E-01
 1.98329812433922E+03	-5.31711308187403E-02
 1.98330086223925E+03	 1.71920205839697E-01
 1.98330360013928E+03	 3.65662346178809E-01
 1.98330633803931E+03	 4.45158995902925E-01
 1.98330907593934E+03	 3.84092908583041E-01
 1.98331181383937E+03	 2.24338464933559E-01
 1.98331455173940E+03	 3.54514780430751E-02
 1.98331728963943E+03	-1.32730323273316E-01
 1.98332002753947E+03	-2.61980188778022E-01
 1.98332276543950E+03	-3.47388400423450E-01
 1.98332550333953E+03	-3.81690851666059E-01
 1.98332824123956E+03	-3.57331322665115E-01
 1.98333097913959E+03	-2.75641586591589E-01
 1.98333371703962E+03	-1.51739528837306E-01
 1.98333645493965E+03	-1.41905570574299E-02
 1.98333919283968E+03	 1.02169935231258E-01
 1.98334193073971E+03	 1.73306540216209E-01
 1.98334466863974E+03	 2.02094371658707E-01
 1.98334740653977E+03	 2.12131259201256E-01
 1.98335014443980E+03	 2.18388582888356E-01
 1.98335288233983E+03	 2.06462217298745E-01
 1.98335562023986E+03	 1.47998108206215E-01
 1.98335835813990E+03	 3.59711642076797E-02
 1.98336109603993E+03	-1.01768740659490E-01
 1.98336383393996E+03	-2.22167472753977E-01
 1.98336657183999E+03	-2.89422196495033E-01
 1.98336930974002E+03	-2.77135420496428E-01
 1.98337204764005E+03	-1.68207560627981E-01
 1.98337478554008E+03	 2.41479217766940E-02
 1.98337752344011E+03	 2.34694989412226E-01
 1.98338026134014E+03	 3.67485935375788E-01
 1.98338299924017E+03	 3.59204166673549E-01
 1.98338573714020E+03	 2.25063039287718E-01
 1.98338847504023E+03	 3.89451147696182E-02
 1.98339121294026E+03	-1.28496246140837E-01
 1.98339395084030E+03	-2.48780823756589E-01
 1.98339668874033E+03	-3.24018531420119E-01
 1.98339942664036E+03	-3.57102661924536E-01
 1.98340216454039E+03	-3.43216311050900E-01
 1.98340490244042E+03	-2.82217101212588E-01
 1.98340764034045E+03	-1.86810059062089E-01
 1.98341037824048E+03	-7.71099710251040E-02
 1.98341311614051E+03	 2.72230342659558E-02
 1.98341585404054E+03	 1.10373844170598E-01
 1.98341859194057E+03	 1.64049172956892E-01
 1.98342132984060E+03	 1.91007835495965E-01
 1.98342406774063E+03	 1.99145449161537E-01
 1.98342680564066E+03	 1.87726242202031E-01
 1.98342954354070E+03	 1.44153580762251E-01
 1.98343228144073E+03	 6.03173343418083E-02
 1.98343501934076E+03	-5.02805482467935E-02
 1.98343775724079E+03	-1.56839702299970E-01
 1.98344049514082E+03	-2.29305149154672E-01
 1.98344323304085E+03	-2.45160204526309E-01
 1.98344597094088E+03	-1.84692172885438E-01
 1.98344870884091E+03	-4.07853336273450E-02
 1.98345144674094E+03	 1.52641434287590E-01
 1.98345418464097E+03	 3.12890292407015E-01
 1.98345692254100E+03	 3.53313034609343E-01
 1.98345966044103E+03	 2.49175948940441E-01
 1.98346239834106E+03	 5.66585149027493E-02
 1.98346513624110E+03	-1.36176768394866E-01
 1.98346787414113E+03	-2.73224011453419E-01
 1.98347061204116E+03	-3.47255258588845E-01
 1.98347334994119E+03	-3.70359056171402E-01
 1.98347608784122E+03	-3.46924660961294E-01
 1.98347882574125E+03	-2.78208298065719E-01
 1.98348156364128E+03	-1.78806622007211E-01
 1.98348430154131E+03	-7.51067004085954E-02
 1.98348703944134E+03	 1.26661790581649E-02
 1.98348977734137E+03	 8.08342916976802E-02
 1.98349251524140E+03	 1.34781506900297E-01
 1.98349525314143E+03	 1.76240608088260E-01
 1.98349799104146E+03	 1.98952683032503E-01
 1.98350072894149E+03	 1.92399803688700E-01
 1.98350346684153E+03	 1.48164847182372E-01
 1.98350620474156E+03	 6.74543360558684E-02
 1.98350894264159E+03	-3.34184048897707E-02
 1.98351168054162E+03	-1.27098621635002E-01
 1.98351441844165E+03	-1.87966775417738E-01
 1.98351715634168E+03	-1.99569869570531E-01
 1.98351989424171E+03	-1.49825714092220E-01
 1.98352263214174E+03	-3.02298730980813E-02
 1.98352537004177E+03	 1.44756240783857E-01
 1.98352810794180E+03	 3.16626688332114E-01
 1.98353084584183E+03	 3.99339926941176E-01
 1.98353358374186E+03	 3.36935322848751E-01
 1.98353632164189E+03	 1.50348253364708E-01
 1.98353905954193E+03	-7.74323480483539E-02
 1.98354179744196E+03	-2.63907101585613E-01
 1.98354453534199E+03	-3.73735848213861E-01
 1.98354727324202E+03	-4.11939932494181E-01
 1.98355001114205E+03	-3.90025221467470E-01
 1.98355274904208E+03	-3.12581515497430E-01
 1.98355548694211E+03	-1.92607021007262E-01
 1.98355822484214E+03	-6.30480168649119E-02
 1.98356096274217E+03	 3.91366595573569E-02
 1.98356370064220E+03	 1.00296115218052E-01
 1.98356643854223E+03	 1.36220773079247E-01
 1.98356917644226E+03	 1.69503157921508E-01
 1.98357191434229E+03	 2.02880862277427E-01
 1.98357465224233E+03	 2.15361505170859E-01
 1.98357739014236E+03	 1.82303113983435E-01
 1.98358012804239E+03	 9.86807717074890E-02
 1.98358286594242E+03	-1.39785354717863E-02
 1.98358560384245E+03	-1.19697098051648E-01
 1.98358834174248E+03	-1.86730952178438E-01
 1.98359107964251E+03	-1.97258572527437E-01
 1.98359381754254E+03	-1.43529231757182E-01
 1.98359655544257E+03	-2.28544747130708E-02
 1.98359929334260E+03	 1.52994007458340E-01
 1.98360203124263E+03	 3.39618370687305E-01
 1.98360476914266E+03	 4.61667691939526E-01
 1.98360750704269E+03	 4.51353532635921E-01
 1.98361024494272E+03	 2.97978009094391E-01
 1.98361298284276E+03	 6.01929224927074E-02
 1.98361572074279E+03	-1.74327061243146E-01
 1.98361845864282E+03	-3.43299259108555E-01
 1.98362119654285E+03	-4.29300561550563E-01
 1.98362393444288E+03	-4.38787110809994E-01
 1.98362667234291E+03	-3.77824488614894E-01
 1.98362941024294E+03	-2.54659820521742E-01
 1.98363214814297E+03	-9.77412969197476E-02
 1.98363488604300E+03	 4.43417221539351E-02
 1.98363762394303E+03	 1.31691318306899E-01
 1.98364036184306E+03	 1.63021974987895E-01
 1.98364309974309E+03	 1.72068909089105E-01
 1.98364583764312E+03	 1.90445897197177E-01
 1.98364857554316E+03	 2.14282493908892E-01
 1.98365131344319E+03	 2.08910119213580E-01
 1.98365405134322E+03	 1.45344870673447E-01
 1.98365678924325E+03	 3.03655087187142E-02
 1.98365952714328E+03	-9.70558959338425E-02
 1.98366226504331E+03	-1.92827572469174E-01
 1.98366500294334E+03	-2.28264207990887E-01
 1.98366774084337E+03	-1.90111271877249E-01
 1.98367047874340E+03	-7.40102830474213E-02
 1.98367321664343E+03	 1.09387971499370E-01
 1.98367595454346E+03	 3.18837986209008E-01
 1.98367869244349E+03	 4.82070363200630E-01
 1.98368143034352E+03	 5.26503527423356E-01
 1.98368416824356E+03	 4.23705237165991E-01
 1.98368690614359E+03	 2.09488094986638E-01
 1.98368964404362E+03	-3.96198223786671E-02
 1.98369238194365E+03	-2.52360572872252E-01
 1.98369511984368E+03	-3.91892681390742E-01
 1.98369785774371E+03	-4.50971812694597E-01
 1.98370059564374E+03	-4.31317302821455E-01
 1.98370333354377E+03	-3.35844781895384E-01
 1.98370607144380E+03	-1.80997399631925E-01
 1.98370880934383E+03	-8.82665941940586E-03
 1.98371154724386E+03	 1.25294415522327E-01
 1.98371428514389E+03	 1.87439102994984E-01
 1.98371702304392E+03	 1.90311338814736E-01
 1.98371976094395E+03	 1.78488981077948E-01
 1.98372249884399E+03	 1.82964686063026E-01
 1.98372523674402E+03	 1.90587357365914E-01
 1.98372797464405E+03	 1.61083128245614E-01
 1.98373071254408E+03	 7.22958049355361E-02
 1.98373345044411E+03	-5.54036496143737E-02
 1.98373618834414E+03	-1.76220286768231E-01
 1.98373892624417E+03	-2.49997542545476E-01
 1.98374166414420E+03	-2.52875712250498E-01
 1.98374440204423E+03	-1.70377777990157E-01
 1.98374713994426E+03	-1.00581093365470E-03
 1.98374987784429E+03	 2.23249386155230E-01
 1.98375261574432E+03	 4.28759739130377E-01
 1.98375535364435E+03	 5.30255393210193E-01
 1.98375809154439E+03	 4.82169896655665E-01
 1.98376082944442E+03	 3.06078347162333E-01
 1.98376356734445E+03	 7.07397992693918E-02
 1.98376630524448E+03	-1.52938934415404E-01
 1.98376904314451E+03	-3.22057519648336E-01
 1.98377178104454E+03	-4.20998634129933E-01
 1.98377451894457E+03	-4.45421923490866E-01
 1.98377725684460E+03	-3.93380361576704E-01
 1.98377999474463E+03	-2.71016559239826E-01
 1.98378273264466E+03	-1.04131452515552E-01
 1.98378547054469E+03	 5.99674355817682E-02
 1.98378820844472E+03	 1.71071942516805E-01
 1.98379094634475E+03	 2.07296008629984E-01
 1.98379368424479E+03	 1.90772832480796E-01
 1.98379642214482E+03	 1.65615976286818E-01
 1.98379916004485E+03	 1.54292346333347E-01
 1.98380189794488E+03	 1.37832930873706E-01
 1.98380463584491E+03	 8.22392521240429E-02
 1.98380737374494E+03	-2.00309654623116E-02
 1.98381011164497E+03	-1.40141904593658E-01
 1.98381284954500E+03	-2.37897500263105E-01
 1.98381558744503E+03	-2.83461111803956E-01
 1.98381832534506E+03	-2.54421160344768E-01
 1.98382106324509E+03	-1.32364313547309E-01
 1.98382380114512E+03	 7.49777659398867E-02
 1.98382653904515E+03	 3.07327757605180E-01
 1.98382927694519E+03	 4.67108803559277E-01
 1.98383201484522E+03	 4.79801677910587E-01
 1.98383475274525E+03	 3.45082781898150E-01
 1.98383749064528E+03	 1.28954810743694E-01
 1.98384022854531E+03	-8.99254893134749E-02
 1.98384296644534E+03	-2.63810836222131E-01
 1.98384570434537E+03	-3.77602202628103E-01
 1.98384844224540E+03	-4.27550507594245E-01
 1.98385118014543E+03	-4.09700638092339E-01
 1.98385391804546E+03	-3.25338529388676E-01
 1.98385665594549E+03	-1.89622276294961E-01
 1.98385939384552E+03	-3.33827030369567E-02
 1.98386213174555E+03	 1.03132087670942E-01
 1.98386486964558E+03	 1.85404901441363E-01
 1.98386760754562E+03	 2.04157969540323E-01
 1.98387034544565E+03	 1.81407369653562E-01
 1.98387308334568E+03	 1.49384711991194E-01
 1.98387582124571E+03	 1.19125957170057E-01
 1.98387855914574E+03	 7.41467244892660E-02
 1.98388129704577E+03	-2.71711730452723E-03
 1.98388403494580E+03	-1.03226958881035E-01
 1.98388677284583E+03	-1.99025685648239E-01
 1.98388951074586E+03	-2.63513264316052E-01
 1.98389224864589E+03	-2.76321693734954E-01
 1.98389498654592E+03	-2.13157524039440E-01
 1.98389772444595E+03	-5.67815901756538E-02
 1.98390046234598E+03	 1.65361800489262E-01
 1.98390320024602E+03	 3.65654178754611E-01
 1.98390593814605E+03	 4.43002194124247E-01
 1.98390867604608E+03	 3.57885469243419E-01
 1.98391141394611E+03	 1.59454600473082E-01
 1.98391415184614E+03	-6.14045778542146E-02
 1.98391688974617E+03	-2.38728505592877E-01
 1.98391962764620E+03	-3.53246117657418E-01
 1.98392236554623E+03	-4.07650436884090E-01
 1.98392510344626E+03	-4.02044387145388E-01
 1.98392784134629E+03	-3.36703179283222E-01
 1.98393057924632E+03	-2.25020384179679E-01
 1.98393331714635E+03	-9.29932354441908E-02
 1.98393605504638E+03	 3.19755690342583E-02
 1.98393879294642E+03	 1.28282944361687E-01
 1.98394153084645E+03	 1.82439355311854E-01
 1.98394426874648E+03	 1.93105608727363E-01
 1.98394700664651E+03	 1.72018987688776E-01
 1.98394974454654E+03	 1.33327863827920E-01
 1.98395248244657E+03	 8.04511663015312E-02
 1.98395522034660E+03	 8.98094534089529E-03
 1.98395795824663E+03	-7.69458087643716E-02
 1.98396069614666E+03	-1.58843154740737E-01
 1.98396343404669E+03	-2.16805717082058E-01
 1.98396617194672E+03	-2.38457825945355E-01
 1.98396890984675E+03	-2.08665862430997E-01
 1.98397164774678E+03	-1.04234723922747E-01
 1.98397438564681E+03	 7.79581229895332E-02
 1.98397712354685E+03	 2.83099830072579E-01
 1.98397986144688E+03	 4.09470966537959E-01
 1.98398259934691E+03	 3.79559363490018E-01
 1.98398533724694E+03	 2.04208156396882E-01
 1.98398807514697E+03	-2.92436699953880E-02
 1.98399081304700E+03	-2.29640733595471E-01
 1.98399355094703E+03	-3.56658043035846E-01
 1.98399628884706E+03	-4.12801196984050E-01
 1.98399902674709E+03	-4.06453413829064E-01
 1.98400176464712E+03	-3.39776914557709E-01
 1.98400450254715E+03	-2.25375147320920E-01
 1.98400724044718E+03	-9.49311642479255E-02
 1.98400997834721E+03	 1.79151772896960E-02
 1.98401271624725E+03	 9.82637234610551E-02
 1.98401545414728E+03	 1.49576574422773E-01
 1.98401819204731E+03	 1.78010087474695E-01
 1.98402092994734E+03	 1.82904534040757E-01
 1.98402366784737E+03	 1.59895339524600E-01
 1.98402640574740E+03	 1.07195256120455E-01
 1.98402914364743E+03	 2.93658911379084E-02
 1.98403188154746E+03	-5.98582340880705E-02
 1.98403461944749E+03	-1.38732091743283E-01
 1.98403735734752E+03	-1.87279999445585E-01
 1.98404009524755E+03	-1.96683409561337E-01
 1.98404283314758E+03	-1.63372331130221E-01
 1.98404557104761E+03	-7.58013646908644E-02
 1.98404830894765E+03	 7.67426805327049E-02
 1.98405104684768E+03	 2.68738340317899E-01
 1.98405378474771E+03	 4.20598024691555E-01
 1.98405652264774E+03	 4.40264956727661E-01
 1.98405926054777E+03	 2.97310412249628E-01
 1.98406199844780E+03	 5.26670002043025E-02
 1.98406473634783E+03	-1.90124058963623E-01
 1.98406747424786E+03	-3.59128063750735E-01
 1.98407021214789E+03	-4.39492018422875E-01
 1.98407295004792E+03	-4.42834909336334E-01
 1.98407568794795E+03	-3.76083097270379E-01
 1.98407842584798E+03	-2.48005126899381E-01
 1.98408116374801E+03	-9.05577256238903E-02
 1.98408390164804E+03	 4.67140043093127E-02
 1.98408663954808E+03	 1.29798000474045E-01
 1.98408937744811E+03	 1.62413849130460E-01
 1.98409211534814E+03	 1.72053828271378E-01
 1.98409485324817E+03	 1.77347006512088E-01
 1.98409759114820E+03	 1.71728443841421E-01
 1.98410032904823E+03	 1.35724576758277E-01
 1.98410306694826E+03	 6.05712333271491E-02
 1.98410580484829E+03	-3.95039284581215E-02
 1.98410854274832E+03	-1.33892047030809E-01
 1.98411128064835E+03	-1.93044570463484E-01
 1.98411401854838E+03	-2.01936274772623E-01
 1.98411675644841E+03	-1.58350308097592E-01
 1.98411949434844E+03	-6.04680469646573E-02
 1.98412223224848E+03	 9.50501849205563E-02
 1.98412497014851E+03	 2.91273797907601E-01
 1.98412770804854E+03	 4.67577588957407E-01
 1.98413044594857E+03	 5.35508408671162E-01
 1.98413318384860E+03	 4.38494204453370E-01
 1.98413592174863E+03	 2.02305175740185E-01
 1.98413865964866E+03	-7.89440427981004E-02
 1.98414139754869E+03	-3.09726473731683E-01
 1.98414413544872E+03	-4.45438087712730E-01
 1.98414687334875E+03	-4.86922231904805E-01
 1.98414961124878E+03	-4.44270629806473E-01
 1.98415234914881E+03	-3.23446401165688E-01
 1.98415508704884E+03	-1.46080471156080E-01
 1.98415782494888E+03	 3.62546880280727E-02
 1.98416056284891E+03	 1.64415614593078E-01
 1.98416330074894E+03	 2.12792342640750E-01
 1.98416603864897E+03	 2.04554485208185E-01
 1.98416877654900E+03	 1.83238011815556E-01
 1.98417151444903E+03	 1.69885945577582E-01
 1.98417425234906E+03	 1.48716130624579E-01
 1.98417699024909E+03	 9.19643628079492E-02
 1.98417972814912E+03	-5.64843025357062E-03
 1.98418246604915E+03	-1.17515226352715E-01
 1.98418520394918E+03	-2.04952124837912E-01
 1.98418794184921E+03	-2.41104424973134E-01
 1.98419067974924E+03	-2.15764603167830E-01
 1.98419341764928E+03	-1.24243435816211E-01
 1.98419615554931E+03	 3.67588582337674E-02
 1.98419889344934E+03	 2.52392337705343E-01
 1.98420163134937E+03	 4.68148276632147E-01
 1.98420436924940E+03	 5.97089878126046E-01
 1.98420710714943E+03	 5.67053214962647E-01
 1.98420984504946E+03	 3.73625672221965E-01
 1.98421258294949E+03	 8.83360153616362E-02
 1.98421532084952E+03	-1.88816407044914E-01
 1.98421805874955E+03	-3.88072355226189E-01
 1.98422079664958E+03	-4.88769569444890E-01
 1.98422353454961E+03	-4.95735370397278E-01
 1.98422627244964E+03	-4.14371598850703E-01
 1.98422901034967E+03	-2.55373089096748E-01
 1.98423174824971E+03	-5.53020929467684E-02
 1.98423448614974E+03	 1.23345732584333E-01
 1.98423722404977E+03	 2.25077830003970E-01
 1.98423996194980E+03	 2.39236323381975E-01
 1.98424269984983E+03	 2.03372505843550E-01
 1.98424543774986E+03	 1.65164528934259E-01
 1.98424817564989E+03	 1.39317631947472E-01
 1.98425091354992E+03	 1.02412203843293E-01
 1.98425365144995E+03	 2.78992939816377E-02
 1.98425638934998E+03	-7.96039978464392E-02
 1.98425912725001E+03	-1.86333475682995E-01
 1.98426186515004E+03	-2.57678568061732E-01
 1.98426460305007E+03	-2.75004240700891E-01
 1.98426734095011E+03	-2.26624852033644E-01
 1.98427007885014E+03	-9.82997777378732E-02
 1.98427281675017E+03	 1.10178970376140E-01
 1.98427555465020E+03	 3.55325018168468E-01
 1.98427829255023E+03	 5.48322694284247E-01
 1.98428103045026E+03	 5.99739547337093E-01
 1.98428376835029E+03	 4.78354094480092E-01
 1.98428650625032E+03	 2.31810006088425E-01
 1.98428924415035E+03	-4.82677345157261E-02
 1.98429198205038E+03	-2.82214530833610E-01
 1.98429471995041E+03	-4.31783233240705E-01
 1.98429745785044E+03	-4.90376933296245E-01
 1.98430019575047E+03	-4.60482215832401E-01
 1.98430293365051E+03	-3.47692991486921E-01
 1.98430567155054E+03	-1.73208151738044E-01
 1.98430840945057E+03	 1.66276702750928E-02
 1.98431114735060E+03	 1.62953261366556E-01
 1.98431388525063E+03	 2.26187191660215E-01
 1.98431662315066E+03	 2.11492541159055E-01
 1.98431936105069E+03	 1.61201883427890E-01
 1.98432209895072E+03	 1.15943762837114E-01
 1.98432483685075E+03	 8.07855280739047E-02
 1.98432757475078E+03	 3.13828686491259E-02
 1.98433031265081E+03	-4.89506422146602E-02
 1.98433305055084E+03	-1.45989374097429E-01
 1.98433578845087E+03	-2.29126719285595E-01
 1.98433852635090E+03	-2.76986162622935E-01
 1.98434126425094E+03	-2.77497794855402E-01
 1.98434400215097E+03	-2.10640108044399E-01
 1.98434674005100E+03	-5.46258887370449E-02
 1.98434947795103E+03	 1.75610363838830E-01
 1.98435221585106E+03	 4.03735230257970E-01
 1.98435495375109E+03	 5.25317165473557E-01
 1.98435769165112E+03	 4.78921918394459E-01
 1.98436042955115E+03	 2.87870557668296E-01
 1.98436316745118E+03	 3.52821844326120E-02
 1.98436590535121E+03	-1.96046278088436E-01
 1.98436864325124E+03	-3.60981151133516E-01
 1.98437138115127E+03	-4.46683306007051E-01
 1.98437411905130E+03	-4.51474076322242E-01
 1.98437685695134E+03	-3.77922814984212E-01
 1.98437959485137E+03	-2.40857618915265E-01
 1.98438233275140E+03	-7.32777313890191E-02
 1.98438507065143E+03	 7.97002659811573E-02
 1.98438780855146E+03	 1.76929302659358E-01
 1.98439054645149E+03	 2.00354640129522E-01
 1.98439328435152E+03	 1.65100273483620E-01
 1.98439602225155E+03	 1.07404819273139E-01
 1.98439876015158E+03	 5.47792884483659E-02
 1.98440149805161E+03	 6.65819317965735E-03
 1.98440423595164E+03	-5.25311942835997E-02
 1.98440697385167E+03	-1.24946301546584E-01
 1.98440971175170E+03	-1.92688924727226E-01
 1.98441244965174E+03	-2.37770410137991E-01
 1.98441518755177E+03	-2.53605961302408E-01
 1.98441792545180E+03	-2.28654243983399E-01
 1.98442066335183E+03	-1.34392651063113E-01
 1.98442340125186E+03	 4.52357421636301E-02
 1.98442613915189E+03	 2.66791676031049E-01
 1.98442887705191E+03	 4.28710251043871E-01
 1.98443161495195E+03	 4.39935901179912E-01
 1.98443435285198E+03	 2.91565403271128E-01
 1.98443709075201E+03	 5.78934966001871E-02
 1.98443982865204E+03	-1.67848426979958E-01
 1.98444256655207E+03	-3.31222058084767E-01
 1.98444530445210E+03	-4.19675845970631E-01
 1.98444804235213E+03	-4.33808361497637E-01
 1.98445078025217E+03	-3.74238075427943E-01
 1.98445351815220E+03	-2.52829372647803E-01
 1.98445625605223E+03	-1.00823321535410E-01
 1.98445899395226E+03	 4.21403812076759E-02
 1.98446173185229E+03	 1.44898062311691E-01
 1.98446446975232E+03	 1.92119961124159E-01
 1.98446720765235E+03	 1.84368440485505E-01
 1.98446994555238E+03	 1.36604614812169E-01
 1.98447268345241E+03	 7.08912456023887E-02
 1.98447542135244E+03	 2.65163053690122E-03
 1.98447815925247E+03	-6.52827223513032E-02
 1.98448089715250E+03	-1.31795930041011E-01
 1.98448363505253E+03	-1.85910561184638E-01
 1.98448637295257E+03	-2.13973039958207E-01
 1.98448911085260E+03	-2.13753287487450E-01
 1.98449184875263E+03	-1.87356049208705E-01
 1.98449458665266E+03	-1.19344774834449E-01
 1.98449732455269E+03	 1.72002140887139E-02
 1.98450006245272E+03	 2.13850268707824E-01
 1.98450280035275E+03	 3.93777182203745E-01
 1.98450553825278E+03	 4.50875086425978E-01
 1.98450827615281E+03	 3.36161546522561E-01
 1.98451101405284E+03	 1.00969209353873E-01
 1.98451375195287E+03	-1.49009599066595E-01
 1.98451648985290E+03	-3.34029849896222E-01
 1.98451922775293E+03	-4.31886947091277E-01
 1.98452196565297E+03	-4.49377163501221E-01
 1.98452470355300E+03	-3.91075413859506E-01
 1.98452744145303E+03	-2.65072121596320E-01
 1.98453017935306E+03	-1.02428894269223E-01
 1.98453291725309E+03	 4.90113629466726E-02
 1.98453565515312E+03	 1.53441162751446E-01
 1.98453839305315E+03	 2.03631170448976E-01
 1.98454113095318E+03	 2.10220546055587E-01
 1.98454386885321E+03	 1.83541965022526E-01
 1.98454660675324E+03	 1.28789300270623E-01
 1.98454934465327E+03	 5.15539506579168E-02
 1.98455208255330E+03	-3.83680558049422E-02
 1.98455482045333E+03	-1.26439215617050E-01
 1.98455755835337E+03	-1.93849374312150E-01
 1.98456029625340E+03	-2.23612477472183E-01
 1.98456303415343E+03	-2.11556571661677E-01
 1.98456577205346E+03	-1.66009701904167E-01
 1.98456850995349E+03	-8.85964954404517E-02
 1.98457124785352E+03	 3.74528482824969E-02
 1.98457398575355E+03	 2.20228842757918E-01
 1.98457672365358E+03	 4.13813832585603E-01
 1.98457946155361E+03	 5.18967053961961E-01
 1.98458219945364E+03	 4.53419125353255E-01
 1.98458493735367E+03	 2.26936782493161E-01
 1.98458767525370E+03	-6.18157197525704E-02
 1.98459041315373E+03	-3.03425927293350E-01
 1.98459315105376E+03	-4.45230945118416E-01
 1.98459588895380E+03	-4.88004973221466E-01
 1.98459862685383E+03	-4.43397436882814E-01
 1.98460136475386E+03	-3.18434056030730E-01
 1.98460410265389E+03	-1.37488959090437E-01
 1.98460684055392E+03	 4.55179953670885E-02
 1.98460957845395E+03	 1.74423635400767E-01
 1.98461231635398E+03	 2.29074003921586E-01
 1.98461505425401E+03	 2.30020950621562E-01
 1.98461779215404E+03	 2.07343934274354E-01
 1.98462053005407E+03	 1.71189929476936E-01
 1.98462326795410E+03	 1.12331714470446E-01
 1.98462600585413E+03	 2.38442814420843E-02
 1.98462874375416E+03	-8.25159192702002E-02
 1.98463148165420E+03	-1.78613286905842E-01
 1.98463421955423E+03	-2.35520136203005E-01
 1.98463695745426E+03	-2.39287240151152E-01
 1.98463969535429E+03	-1.94003738223259E-01
 1.98464243325432E+03	-1.07590207892594E-01
 1.98464517115435E+03	 2.42647391274339E-02
 1.98464790905438E+03	 2.08721799526440E-01
 1.98465064695441E+03	 4.19140444712612E-01
 1.98465338485444E+03	 5.74598385398416E-01
 1.98465612275447E+03	 5.79311446473780E-01
 1.98465886065450E+03	 3.99858051585752E-01
 1.98466159855453E+03	 1.01921906716364E-01
 1.98466433645456E+03	-1.96587617405923E-01
 1.98466707435460E+03	-4.07144939601267E-01
 1.98466981225463E+03	-5.04934617579560E-01
 1.98467255015466E+03	-4.99618336429234E-01
 1.98467528805469E+03	-4.00404448111397E-01
 1.98467802595472E+03	-2.22266870473674E-01
 1.98468076385475E+03	-1.11386274517995E-02
 1.98468350175478E+03	 1.62551000234320E-01
 1.98468623965481E+03	 2.47773785732254E-01
 1.98468897755484E+03	 2.47718009584241E-01
 1.98469171545487E+03	 2.06655682985549E-01
 1.98469445335490E+03	 1.63740361816996E-01
 1.98469719125493E+03	 1.22125935935172E-01
 1.98469992915496E+03	 6.03960910181468E-02
 1.98470266705499E+03	-3.28148132443345E-02
 1.98470540495503E+03	-1.39441673562228E-01
 1.98470814285506E+03	-2.24078815020252E-01
 1.98471088075509E+03	-2.60030851865011E-01
 1.98471361865512E+03	-2.41478599342587E-01
 1.98471635655515E+03	-1.72513922943911E-01
 1.98471909445518E+03	-5.02430372683001E-02
 1.98472183235521E+03	 1.32079511388184E-01
 1.98472457025524E+03	 3.56573995119383E-01
 1.98472730815527E+03	 5.56529296274311E-01
 1.98473004605530E+03	 6.35995647819480E-01
 1.98473278395533E+03	 5.33237976706982E-01
 1.98473552185536E+03	 2.73789341376546E-01
 1.98473825975539E+03	-4.22400103578303E-02
 1.98474099765543E+03	-3.08711521881776E-01
 1.98474373555546E+03	-4.70301081070908E-01
 1.98474647345549E+03	-5.21075893870719E-01
 1.98474921135552E+03	-4.69453016268262E-01
 1.98475194925555E+03	-3.24429258174041E-01
 1.98475468715558E+03	-1.15399633924103E-01
 1.98475742505561E+03	 9.40045189715144E-02
 1.98476016295564E+03	 2.31490216148051E-01
 1.98476290085567E+03	 2.63357895551084E-01
 1.98476563875570E+03	 2.15367750428075E-01
 1.98476837665573E+03	 1.44258240785749E-01
 1.98477111455576E+03	 8.74890729690225E-02
 1.98477385245579E+03	 3.98550425778882E-02
 1.98477659035583E+03	-2.42394018809910E-02
 1.98477932825586E+03	-1.12080183093046E-01
 1.98478206615589E+03	-2.00419829758811E-01
 1.98478480405592E+03	-2.57968549198121E-01
 1.98478754195595E+03	-2.70283197651032E-01
 1.98479027985598E+03	-2.36971294322444E-01
 1.98479301775601E+03	-1.51054305580557E-01
 1.98479575565604E+03	 3.79324967557521E-03
 1.98479849355607E+03	 2.24009567563728E-01
 1.98480123145610E+03	 4.54823693821321E-01
 1.98480396935613E+03	 6.00138910418618E-01
 1.98480670725616E+03	 5.79490543260040E-01
 1.98480944515619E+03	 3.86643607499402E-01
 1.98481218305622E+03	 9.60091856762351E-02
 1.98481492095626E+03	-1.88655648866608E-01
 1.98481765885629E+03	-3.94054204302884E-01
 1.98482039675632E+03	-4.95567641414026E-01
 1.98482313465635E+03	-4.94815890503853E-01
 1.98482587255638E+03	-3.97980323381440E-01
 1.98482861045641E+03	-2.21859957836015E-01
 1.98483134835644E+03	-1.11470617350094E-02
 1.98483408625647E+03	 1.66214614862316E-01
 1.98483682415650E+03	 2.52842366069608E-01
 1.98483956205653E+03	 2.37547316807522E-01
 1.98484229995656E+03	 1.59166261282871E-01
 1.98484503785659E+03	 7.24172118384280E-02
 1.98484777575662E+03	 5.61504952758975E-03
 1.98485051365666E+03	-5.05572133560416E-02
 1.98485325155669E+03	-1.15600490792292E-01
 1.98485598945672E+03	-1.87606819201711E-01
 1.98485872735675E+03	-2.44211837462932E-01
 1.98486146525678E+03	-2.68801123624743E-01
 1.98486420315681E+03	-2.61358698652116E-01
 1.98486694105684E+03	-2.18191525026515E-01
 1.98486967895687E+03	-1.15128052659382E-01
 1.98487241685690E+03	 6.84591022465340E-02
 1.98487515475693E+03	 3.02717224321116E-01
 1.98487789265696E+03	 4.96533361266705E-01
 1.98488063055699E+03	 5.50095207578805E-01
 1.98488336845702E+03	 4.27369973184670E-01
 1.98488610635706E+03	 1.80320848263043E-01
 1.98488884425709E+03	-9.35143010244464E-02
 1.98489158215712E+03	-3.13536928855317E-01
 1.98489432005715E+03	-4.43719188160362E-01
 1.98489705795718E+03	-4.78369296136471E-01
 1.98489979585721E+03	-4.20967570024131E-01
 1.98490253375724E+03	-2.83368974213570E-01
 1.98490527165727E+03	-9.74363996554268E-02
 1.98490800955730E+03	 8.43904358474370E-02
 1.98491074745733E+03	 2.07767541908129E-01
 1.98491348535736E+03	 2.42122717861634E-01
 1.98491622325739E+03	 1.95236219822691E-01
 1.98491896115742E+03	 1.05270308696850E-01
 1.98492169905746E+03	 1.32828774491038E-02
 1.98492443695749E+03	-6.27822681917492E-02
 1.98492717485752E+03	-1.28469267627491E-01
 1.98492991275755E+03	-1.89342026554490E-01
 1.98493265065758E+03	-2.35138590657580E-01
 1.98493538855761E+03	-2.52515994499569E-01
 1.98493812645764E+03	-2.44001158313455E-01
 1.98494086435767E+03	-2.17956680349184E-01
 1.98494360225770E+03	-1.59548320700181E-01
 1.98494634015773E+03	-3.29229205689566E-02
 1.98494907805776E+03	 1.68654272419325E-01
 1.98495181595779E+03	 3.79759344143362E-01
 1.98495455385782E+03	 4.90449264501567E-01
 1.98495729175785E+03	 4.29854373576623E-01
 1.98496002965789E+03	 2.22202316846093E-01
 1.98496276755792E+03	-3.88664801534869E-02
 1.98496550545795E+03	-2.62261442738015E-01
 1.98496824335798E+03	-4.03209386031144E-01
 1.98497098125801E+03	-4.53316108827568E-01
 1.98497371915804E+03	-4.14654929796936E-01
 1.98497645705807E+03	-2.96492402543690E-01
 1.98497919495810E+03	-1.27780805738073E-01
 1.98498193285813E+03	 4.37426142747012E-02
 1.98498467075816E+03	 1.71723690940262E-01
 1.98498740865819E+03	 2.30463167420529E-01
 1.98499014655822E+03	 2.18940227524339E-01
 1.98499288445825E+03	 1.54343678863692E-01
 1.98499562235829E+03	 6.26628965784786E-02
 1.98499836025832E+03	-3.26275736237569E-02
 1.98500109815835E+03	-1.18845742529575E-01
 1.98500383605838E+03	-1.90212654892900E-01
 1.98500657395841E+03	-2.36976293244508E-01
 1.98500931185844E+03	-2.47000586716490E-01
 1.98501204975847E+03	-2.21758985641456E-01
 1.98501478765850E+03	-1.78859954432937E-01
 1.98501752555853E+03	-1.25287390002883E-01
 1.98502026345856E+03	-3.55014076673758E-02
 1.98502300135859E+03	 1.20470838095560E-01
 1.98502573925862E+03	 3.17341774979322E-01
 1.98502847715865E+03	 4.59841586608767E-01
 1.98503121505869E+03	 4.49806755944487E-01
 1.98503395295872E+03	 2.72207478452443E-01
 1.98503669085875E+03	 7.88970783370369E-03
 1.98503942875878E+03	-2.35543380698500E-01
 1.98504216665881E+03	-3.94337844211381E-01
 1.98504490455884E+03	-4.55992690740623E-01
 1.98504764245887E+03	-4.25269414962030E-01
 1.98505038035890E+03	-3.09035508985260E-01
 1.98505311825893E+03	-1.32856656127208E-01
 1.98505585615896E+03	 5.03755106684225E-02
 1.98505859405899E+03	 1.85024464920708E-01
 1.98506133195902E+03	 2.45447595292789E-01
 1.98506406985905E+03	 2.40763982295452E-01
 1.98506680775908E+03	 1.92912703979542E-01
 1.98506954565912E+03	 1.17631643097484E-01
 1.98507228355915E+03	 2.39906778050601E-02
 1.98507502145918E+03	-7.77915611025027E-02
 1.98507775935921E+03	-1.72434565519438E-01
 1.98508049725924E+03	-2.40202339865240E-01
 1.98508323515927E+03	-2.62238328616735E-01
 1.98508597305930E+03	-2.32780598894101E-01
 1.98508871095933E+03	-1.67118635909431E-01
 1.98509144885936E+03	-8.66243475550136E-02
 1.98509418675939E+03	 1.01445798869327E-02
 1.98509692465942E+03	 1.48078631161597E-01
 1.98509966255945E+03	 3.29162925626897E-01
 1.98510240045948E+03	 4.89071610930173E-01
 1.98510513835952E+03	 5.24444413244410E-01
 1.98510787625955E+03	 3.80458297234955E-01
 1.98511061415958E+03	 1.06809825720277E-01
 1.98511335205961E+03	-1.80802000575199E-01
 1.98511608995964E+03	-3.87877182219071E-01
 1.98511882785967E+03	-4.83482359787944E-01
 1.98512156575970E+03	-4.73689922711544E-01
 1.98512430365973E+03	-3.66670446595890E-01
 1.98512704155976E+03	-1.79690892208772E-01
 1.98512977945979E+03	 3.67813706328123E-02
 1.98513251735982E+03	 2.10031560122052E-01
 1.98513525525985E+03	 2.91056298959307E-01
 1.98513799315988E+03	 2.84254371771221E-01
 1.98514073105992E+03	 2.28747401126977E-01
 1.98514346895995E+03	 1.56804511653980E-01
 1.98514620685998E+03	 7.46534391864790E-02
 1.98514894476001E+03	-2.31042256641295E-02
 1.98515168266004E+03	-1.30830505721516E-01
 1.98515442056007E+03	-2.25493983934165E-01
 1.98515715846010E+03	-2.78246012056707E-01
 1.98515989636013E+03	-2.71898317675953E-01
 1.98516263426016E+03	-2.11272800066914E-01
 1.98516537216019E+03	-1.15950428372325E-01
 1.98516811006022E+03	 2.42806845986892E-03
 1.98517084796025E+03	 1.52969817311892E-01
 1.98517358586028E+03	 3.41747908422929E-01
 1.98517632376031E+03	 5.28007086597601E-01
 1.98517906166035E+03	 6.19111868434342E-01
 1.98518179956038E+03	 5.33591803810862E-01
 1.98518453746041E+03	 2.77933990550764E-01
 1.98518727536044E+03	-4.76048157890076E-02
 1.98519001326047E+03	-3.23478770034010E-01
 1.98519275116050E+03	-4.84688133244014E-01
 1.98519548906053E+03	-5.24911083699588E-01
 1.98519822696056E+03	-4.54934124637502E-01
 1.98520096486059E+03	-2.85823982705902E-01
 1.98520370276062E+03	-5.31815214368274E-02
 1.98520644066065E+03	 1.69102617159997E-01
 1.98520917856068E+03	 3.03865339367492E-01
 1.98521191646071E+03	 3.23614542148732E-01
 1.98521465436075E+03	 2.62739526958568E-01
 1.98521739226078E+03	 1.76963241835231E-01
 1.98522013016081E+03	 9.55341650665413E-02
 1.98522286806084E+03	 1.23994679465425E-02
 1.98522560596087E+03	-8.51839472604138E-02
 1.98522834386090E+03	-1.88553553004367E-01
 1.98523108176093E+03	-2.68319343314942E-01
 1.98523381966096E+03	-2.97339336706122E-01
 1.98523655756099E+03	-2.69502006143913E-01
 1.98523929546102E+03	-1.96454618676693E-01
 1.98524203336105E+03	-8.76054714118705E-02
 1.98524477126108E+03	 6.31275664103640E-02
 1.98524750916111E+03	 2.62413652004205E-01
 1.98525024706115E+03	 4.81344959318593E-01
 1.98525298496118E+03	 6.38816630533617E-01
 1.98525572286121E+03	 6.40450521710954E-01
 1.98525846076124E+03	 4.52195157914179E-01
 1.98526119866127E+03	 1.37746730083269E-01
 1.98526393656130E+03	-1.83212785397998E-01
 1.98526667446133E+03	-4.14680347501390E-01
 1.98526941236136E+03	-5.22968150613246E-01
 1.98527215026139E+03	-5.12744781429762E-01
 1.98527488816142E+03	-3.93760871032865E-01
 1.98527762606145E+03	-1.86622139995347E-01
 1.98528036396148E+03	 5.23284512025485E-02
 1.98528310186151E+03	 2.39366315059558E-01
 1.98528583976155E+03	 3.12823390597253E-01
 1.98528857766158E+03	 2.74634855497123E-01
 1.98529131556161E+03	 1.79524737868277E-01
 1.98529405346164E+03	 8.36971707584712E-02
 1.98529679136167E+03	 4.88317907488054E-03
 1.98529952926170E+03	-7.18300324784567E-02
 1.98530226716173E+03	-1.58046442791859E-01
 1.98530500506176E+03	-2.39272111641288E-01
 1.98530774296179E+03	-2.87523062198594E-01
 1.98531048086182E+03	-2.89013544590383E-01
 1.98531321876185E+03	-2.51376090075948E-01
 1.98531595666188E+03	-1.82648444313521E-01
 1.98531869456191E+03	-7.10336629233586E-02
 1.98532143246194E+03	 1.03140213103370E-01
 1.98532417036198E+03	 3.28012274096223E-01
 1.98532690826201E+03	 5.34783037912773E-01
 1.98532964616204E+03	 6.23688641115245E-01
 1.98533238406207E+03	 5.31048400105741E-01
 1.98533512196210E+03	 2.80517737143877E-01
 1.98533785986213E+03	-3.05254197670192E-02
 1.98534059776216E+03	-2.96537278786620E-01
 1.98534333566219E+03	-4.58362561181030E-01
 1.98534607356222E+03	-5.04502250716777E-01
 1.98534881146225E+03	-4.41503427829379E-01
 1.98535154936228E+03	-2.82843597807648E-01
 1.98535428726231E+03	-6.59848283517730E-02
 1.98535702516234E+03	 1.39388994816563E-01
 1.98535976306238E+03	 2.60043183700342E-01
 1.98536250096241E+03	 2.64557714908271E-01
 1.98536523886244E+03	 1.81016530367011E-01
 1.98536797676247E+03	 6.91950783673141E-02
 1.98537071466250E+03	-2.63132974689292E-02
 1.98537345256253E+03	-9.94377084090607E-02
 1.98537619046256E+03	-1.65496262683205E-01
 1.98537892836259E+03	-2.28203160474985E-01
 1.98538166626262E+03	-2.70057877679899E-01
 1.98538440416265E+03	-2.74750930693934E-01
 1.98538714206268E+03	-2.48312889690563E-01
 1.98538987996271E+03	-2.06510086409824E-01
 1.98539261786274E+03	-1.43014949507963E-01
 1.98539535576278E+03	-2.55932071361390E-02
 1.98539809366281E+03	 1.62170553926357E-01
 1.98540083156284E+03	 3.75818437305126E-01
 1.98540356946287E+03	 5.18281416622366E-01
 1.98540630736290E+03	 5.04958472244164E-01
 1.98540904526293E+03	 3.27664849388130E-01
 1.98541178316296E+03	 5.90588046901934E-02
 1.98541452106299E+03	-2.00984545192698E-01
 1.98541725896302E+03	-3.82430208540366E-01
 1.98541999686305E+03	-4.59908000529174E-01
 1.98542273476308E+03	-4.32971746390513E-01
 1.98542547266311E+03	-3.11402927222567E-01
 1.98542821056314E+03	-1.23176769351622E-01
 1.98543094846317E+03	 7.64669473488603E-02
 1.98543368636321E+03	 2.20459960531771E-01
 1.98543642426324E+03	 2.64174337618438E-01
 1.98543916216327E+03	 2.09252999996162E-01
 1.98544190006330E+03	 9.69763736323762E-02
 1.98544463796333E+03	-2.23838264312623E-02
 1.98544737586336E+03	-1.19605115499142E-01
 1.98545011376339E+03	-1.92830341845182E-01
 1.98545285166342E+03	-2.48172787494658E-01
 1.98545558956345E+03	-2.79249107989282E-01
 1.98545832746348E+03	-2.72415363696303E-01
 1.98546106536351E+03	-2.30434773665528E-01
 1.98546380326354E+03	-1.76742467253635E-01
 1.98546654116357E+03	-1.24566995189196E-01
 1.98546927906361E+03	-4.96675817708153E-02
 1.98547201696364E+03	 8.57744473418402E-02
 1.98547475486367E+03	 2.73169718815626E-01
 1.98547749276370E+03	 4.32978337922839E-01
 1.98548023066373E+03	 4.66244150946576E-01
 1.98548296856376E+03	 3.35783583136372E-01
 1.98548570646379E+03	 9.51989606643725E-02
 1.98548844436382E+03	-1.57165347532673E-01
 1.98549118226385E+03	-3.44075914735163E-01
 1.98549392016388E+03	-4.33799784338663E-01
 1.98549665806391E+03	-4.22141053785331E-01
 1.98549939596394E+03	-3.15263229226963E-01
 1.98550213386397E+03	-1.36495492651365E-01
 1.98550487176401E+03	 6.37402345069573E-02
 1.98550760966404E+03	 2.21800035024801E-01
 1.98551034756407E+03	 2.92167093899253E-01
 1.98551308546410E+03	 2.67539080062683E-01
 1.98551582336413E+03	 1.73406969579368E-01
 1.98551856126416E+03	 4.79378325243099E-02
 1.98552129916419E+03	-7.64543902748510E-02
 1.98552403706422E+03	-1.81664559721889E-01
 1.98552677496425E+03	-2.60153268143092E-01
 1.98552951286428E+03	-3.03593375742269E-01
 1.98553225076431E+03	-2.99461891784614E-01
 1.98553498866434E+03	-2.45487068164994E-01
 1.98553772656437E+03	-1.63583975600295E-01
 1.98554046446440E+03	-8.38881328691142E-02
 1.98554320236444E+03	-7.63026603379253E-03
 1.98554594026447E+03	 9.96707034150184E-02
 1.98554867816450E+03	 2.58744642987021E-01
 1.98555141606453E+03	 4.22113890874047E-01
 1.98555415396456E+03	 4.89693528727638E-01
 1.98555689186459E+03	 3.92548648894793E-01
 1.98555962976462E+03	 1.57552309130063E-01
 1.98556236766465E+03	-1.15070381285397E-01
 1.98556510556468E+03	-3.29213330785915E-01
 1.98556784346471E+03	-4.40829030855212E-01
 1.98557058136474E+03	-4.45001717195692E-01
 1.98557331926477E+03	-3.47370144754509E-01
 1.98557605716480E+03	-1.65796694041165E-01
 1.98557879506484E+03	 5.16977325997863E-02
 1.98558153296487E+03	 2.34941093104691E-01
 1.98558427086490E+03	 3.29712426910561E-01
 1.98558700876493E+03	 3.26590885933023E-01
 1.98558974666496E+03	 2.52450999787675E-01
 1.98559248456499E+03	 1.40954710455662E-01
 1.98559522246502E+03	 1.47871652325479E-02
 1.98559796036505E+03	-1.11635789542071E-01
 1.98560069826508E+03	-2.23351288790150E-01
 1.98560343616511E+03	-3.01359307616506E-01
 1.98560617406514E+03	-3.25888186706265E-01
 1.98560891196517E+03	-2.86974156260326E-01
 1.98561164986520E+03	-1.97373298036908E-01
 1.98561438776524E+03	-8.93587154401440E-02
 1.98561712566527E+03	 1.43132288075439E-02
 1.98561986356530E+03	 1.26343646494094E-01
 1.98562260146533E+03	 2.74394223662792E-01
 1.98562533936536E+03	 4.43139692711468E-01
 1.98562807726539E+03	 5.50148077175864E-01
 1.98563081516542E+03	 5.02983806289764E-01
 1.98563355306545E+03	 2.86887306092815E-01
 1.98563629096548E+03	-1.35925548532714E-02
 1.98563902886551E+03	-2.81349666754702E-01
 1.98564176676554E+03	-4.43891016881785E-01
 1.98564450466557E+03	-4.85968599948040E-01
 1.98564724256560E+03	-4.14379303592815E-01
 1.98564998046564E+03	-2.41924541156019E-01
 1.98565271836567E+03	-7.91419255764981E-03
 1.98565545626570E+03	 2.12535416233870E-01
 1.98565819416573E+03	 3.44406734721561E-01
 1.98566093206576E+03	 3.61659373244719E-01
 1.98566366996579E+03	 2.94763650913048E-01
 1.98566640786582E+03	 1.91947552262128E-01
 1.98566914576585E+03	 8.02712722465338E-02
 1.98567188366588E+03	-3.69420321467363E-02
 1.98567462156591E+03	-1.56931639230461E-01
 1.98567735946594E+03	-2.61451145646155E-01
 1.98568009736597E+03	-3.22228810309614E-01
 1.98568283526600E+03	-3.18356537317986E-01
 1.98568557316603E+03	-2.50901442017472E-01
 1.98568831106607E+03	-1.43645148519099E-01
 1.98569104896610E+03	-2.42394191259895E-02
 1.98569378686613E+03	 1.01919967091732E-01
 1.98569652476616E+03	 2.52652149280211E-01
 1.98569926266619E+03	 4.29275239637963E-01
 1.98570200056622E+03	 5.75490522712153E-01
 1.98570473846625E+03	 5.96291539578255E-01
 1.98570747636628E+03	 4.37021412218089E-01
 1.98571021426631E+03	 1.42649744266679E-01
 1.98571295216634E+03	-1.70626282558778E-01
 1.98571569006637E+03	-3.99540783721143E-01
 1.98571842796640E+03	-5.02754143784365E-01
 1.98572116586643E+03	-4.81121388204532E-01
 1.98572390376647E+03	-3.44362199069047E-01
 1.98572664166650E+03	-1.18103267235021E-01
 1.98572937956653E+03	 1.31601379019994E-01
 1.98573211746656E+03	 3.13598831380443E-01
 1.98573485536659E+03	 3.68936000521437E-01
 1.98573759326662E+03	 3.09924554248896E-01
 1.98574033116665E+03	 1.97579045984199E-01
 1.98574306906668E+03	 8.43744720065872E-02
 1.98574580696671E+03	-1.74440263726033E-02
 1.98574854486674E+03	-1.18996019264218E-01
 1.98575128276677E+03	-2.20253086061329E-01
 1.98575402066680E+03	-2.98174858556641E-01
 1.98575675856683E+03	-3.24418595372979E-01
 1.98575949646687E+03	-2.89053616975314E-01
 1.98576223436690E+03	-2.06569511417349E-01
 1.98576497226693E+03	-9.99568637808672E-02
 1.98576771016696E+03	 2.21414356185165E-02
 1.98577044806699E+03	 1.71047716363383E-01
 1.98577318596702E+03	 3.52428035558063E-01
 1.98577592386705E+03	 5.28596340864197E-01
 1.98577866176708E+03	 6.15409217678819E-01
 1.98578139966711E+03	 5.36874495364704E-01
 1.98578413756714E+03	 2.94281321781407E-01
 1.98578687546717E+03	-2.30980177709359E-02
 1.98578961336720E+03	-3.00599878379705E-01
 1.98579235126723E+03	-4.67511250481564E-01
 1.98579508916726E+03	-5.07707800273675E-01
 1.98579782706730E+03	-4.26842097666066E-01
 1.98580056496733E+03	-2.39149857416783E-01
 1.98580330286736E+03	 9.67981107463925E-03
 1.98580604076739E+03	 2.33098981034614E-01
 1.98580877866742E+03	 3.45229614517759E-01
 1.98581151656745E+03	 3.19868362435429E-01
 1.98581425446748E+03	 2.03572400682985E-01
 1.98581699236751E+03	 6.89958441876122E-02
 1.98581973026754E+03	-4.17672512601292E-02
 1.98582246816757E+03	-1.30687173300894E-01
 1.98582520606760E+03	-2.12889432725483E-01
 1.98582794396763E+03	-2.83846192045552E-01
 1.98583068186766E+03	-3.19689724838787E-01
 1.98583341976770E+03	-3.03706231143640E-01
 1.98583615766773E+03	-2.44336150965426E-01
 1.98583889556776E+03	-1.63322204710373E-01
 1.98584163346779E+03	-6.83451588115248E-02
 1.98584437136782E+03	 5.66320265933544E-02
 1.98584710926785E+03	 2.26886664766492E-01
 1.98584984716788E+03	 4.18336937037587E-01
 1.98585258506791E+03	 5.56565611697323E-01
 1.98585532296794E+03	 5.56887520098620E-01
 1.98585806086797E+03	 3.89308771385264E-01
 1.98586079876800E+03	 1.09071674640784E-01
 1.98586353666803E+03	-1.79086132579859E-01
 1.98586627456806E+03	-3.87749686071987E-01
 1.98586901246810E+03	-4.80475852742831E-01
 1.98587175036813E+03	-4.54892608379994E-01
 1.98587448826816E+03	-3.19344408248132E-01
 1.98587722616819E+03	-1.01529298931786E-01
 1.98587996406822E+03	 1.32138400440747E-01
 1.98588270196825E+03	 2.92872148331813E-01
 1.98588543986828E+03	 3.22520549105005E-01
 1.98588817776831E+03	 2.32197159075589E-01
 1.98589091566834E+03	 8.63241018486099E-02
 1.98589365356837E+03	-5.07508267632776E-02
 1.98589639146840E+03	-1.53812635447169E-01
 1.98589912936843E+03	-2.31123255253015E-01
 1.98590186726846E+03	-2.91135021149567E-01
 1.98590460516849E+03	-3.22631158824142E-01
 1.98590734306853E+03	-3.08706674468231E-01
 1.98591008096856E+03	-2.53184006300743E-01
 1.98591281886859E+03	-1.81883181104259E-01
 1.98591555676862E+03	-1.12137093047802E-01
 1.98591829466865E+03	-2.74589756495938E-02
 1.98592103256868E+03	 1.05016463214767E-01
 1.98592377046871E+03	 2.85221582884316E-01
 1.98592650836874E+03	 4.52107739427362E-01
 1.98592924626877E+03	 5.14359970901822E-01
 1.98593198416880E+03	 4.18108528350661E-01
 1.98593472206883E+03	 1.90430423558332E-01
 1.98593745996886E+03	-7.98403263658450E-02
 1.98594019786889E+03	-3.01483105461702E-01
 1.98594293576893E+03	-4.23797215911199E-01
 1.98594567366896E+03	-4.34593156942740E-01
 1.98594841156899E+03	-3.38735096193952E-01
 1.98595114946902E+03	-1.55754353500892E-01
 1.98595388736905E+03	 6.48458178433367E-02
 1.98595662526908E+03	 2.46292303127476E-01
 1.98595936316911E+03	 3.21307097840935E-01
 1.98596210106914E+03	 2.73250778884088E-01
 1.98596483896917E+03	 1.41712368298528E-01
 1.98596757686920E+03	-1.13213947416187E-02
 1.98597031476923E+03	-1.41951169155467E-01
 1.98597305266926E+03	-2.38504463113763E-01
 1.98597579056929E+03	-3.04945011043433E-01
 1.98597852846933E+03	-3.37378360149727E-01
 1.98598126636936E+03	-3.21973850301466E-01
 1.98598400426939E+03	-2.57083439328956E-01
 1.98598674216942E+03	-1.69070382605976E-01
 1.98598948006945E+03	-9.23649476365442E-02
 1.98599221796948E+03	-2.95350201889455E-02
 1.98599495586951E+03	 5.66486263110542E-02
 1.98599769376954E+03	 1.96666102523085E-01
 1.98600043166957E+03	 3.59693674954389E-01
 1.98600316956960E+03	 4.57875440650149E-01
 1.98600590746963E+03	 4.14526542008188E-01
 1.98600864536966E+03	 2.29334585411690E-01
 1.98601138326969E+03	-2.22762050682049E-02
 1.98601412116973E+03	-2.46408605548605E-01
 1.98601685906976E+03	-3.82714857815865E-01
 1.98601959696979E+03	-4.11305754962633E-01
 1.98602233486982E+03	-3.33346111284425E-01
 1.98602507276985E+03	-1.64924019025964E-01
 1.98602781066988E+03	 5.06839742344067E-02
 1.98603054856991E+03	 2.42907154820343E-01
 1.98603328646994E+03	 3.44175184630046E-01
 1.98603602436997E+03	 3.27919240873808E-01
 1.98603876227000E+03	 2.18429657719158E-01
 1.98604150017003E+03	 6.64499318835325E-02
 1.98604423807006E+03	-8.35122758732049E-02
 1.98604697597009E+03	-2.08428694796449E-01
 1.98604971387012E+03	-3.00501820521447E-01
 1.98605245177016E+03	-3.52108741323403E-01
 1.98605518967019E+03	-3.49240094376101E-01
 1.98605792757022E+03	-2.83768784681760E-01
 1.98606066547025E+03	-1.73556065046270E-01
 1.98606340337028E+03	-6.06243437923479E-02
 1.98606614127031E+03	 2.46076441539353E-02
 1.98606887917034E+03	 9.69948073542573E-02
 1.98607161707037E+03	 1.98405882575921E-01
 1.98607435497040E+03	 3.35224106373982E-01
 1.98607709287043E+03	 4.43811448802453E-01
 1.98607983077046E+03	 4.35005551239684E-01
 1.98608256867049E+03	 2.76686476892015E-01
 1.98608530657052E+03	 2.62112922422332E-02
 1.98608804447056E+03	-2.16457176261934E-01
 1.98609078237059E+03	-3.76240039678980E-01
 1.98609352027062E+03	-4.24866039480115E-01
 1.98609625817065E+03	-3.60371655049465E-01
 1.98609899607068E+03	-1.94021373583625E-01
 1.98610173397071E+03	 3.59429076736174E-02
 1.98610447187074E+03	 2.56792666995816E-01
 1.98610720977077E+03	 3.90604355476853E-01
 1.98610994767080E+03	 4.00274493049134E-01
 1.98611268557083E+03	 3.06022109856107E-01
 1.98611542347086E+03	 1.58737641132290E-01
 1.98611816137089E+03	 2.14282422413951E-03
 1.98612089927092E+03	-1.41671808265133E-01
 1.98612363717096E+03	-2.62072117700295E-01
 1.98612637507099E+03	-3.45881824398180E-01
 1.98612911297102E+03	-3.74207812635744E-01
 1.98613185087105E+03	-3.31919411729972E-01
 1.98613458877108E+03	-2.24165700327986E-01
 1.98613732667111E+03	-8.44416660808586E-02
 1.98614006457114E+03	 4.40829292847524E-02
 1.98614280247117E+03	 1.45825207843283E-01
 1.98614554037120E+03	 2.45447927101866E-01
 1.98614827827123E+03	 3.67358435816910E-01
 1.98615101617126E+03	 4.80869186922244E-01
 1.98615375407129E+03	 5.03756845844450E-01
 1.98615649197132E+03	 3.75392478017489E-01
 1.98615922987135E+03	 1.22298621418818E-01
 1.98616196777139E+03	-1.57124897095759E-01
 1.98616470567142E+03	-3.66385758292872E-01
 1.98616744357145E+03	-4.59575155584965E-01
 1.98617018147148E+03	-4.29762541322509E-01
 1.98617291937151E+03	-2.83114439272968E-01
 1.98617565727154E+03	-4.63810316177854E-02
 1.98617839517157E+03	 2.12199331950821E-01
 1.98618113307160E+03	 3.99541015326879E-01
 1.98618387097163E+03	 4.53169701457203E-01
 1.98618660887166E+03	 3.79796771958048E-01
 1.98618934677169E+03	 2.36550597343280E-01
 1.98619208467172E+03	 7.92927494832015E-02
 1.98619482257175E+03	-6.74936442596081E-02
 1.98619756047179E+03	-1.99668438257959E-01
 1.98620029837182E+03	-3.08354704001588E-01
 1.98620303627185E+03	-3.71981472447479E-01
 1.98620577417188E+03	-3.68527816215207E-01
 1.98620851207191E+03	-2.92687828761767E-01
 1.98621124997194E+03	-1.64375484134453E-01
 1.98621398787197E+03	-2.01443083004783E-02
 1.98621672577200E+03	 1.12329064431186E-01
 1.98621946367203E+03	 2.35611423496059E-01
 1.98622220157206E+03	 3.68665132451767E-01
 1.98622493947209E+03	 5.00975386660601E-01
 1.98622767737212E+03	 5.68395442393706E-01
 1.98623041527215E+03	 4.95405796072205E-01
 1.98623315317219E+03	 2.70273698736737E-01
 1.98623589107222E+03	-3.03781708890712E-02
 1.98623862897225E+03	-2.96626870740152E-01
 1.98624136687228E+03	-4.55826150520442E-01
 1.98624410477231E+03	-4.87289135723903E-01
 1.98624684267234E+03	-3.92696801999492E-01
 1.98624958057237E+03	-1.85754060601247E-01
 1.98625231847240E+03	 8.32732959471303E-02
 1.98625505637243E+03	 3.20444103639007E-01
 1.98625779427246E+03	 4.35148754256207E-01
 1.98626053217249E+03	 4.01910186358548E-01
 1.98626327007252E+03	 2.70022234776043E-01
 1.98626600797255E+03	 1.12295982969702E-01
 1.98626874587258E+03	-2.97872243909248E-02
 1.98627148377262E+03	-1.53291038179859E-01
 1.98627422167265E+03	-2.62263478529236E-01
 1.98627695957268E+03	-3.42870764590476E-01
 1.98627969747271E+03	-3.70043522531527E-01
 1.98628243537274E+03	-3.30682245075330E-01
 1.98628517327277E+03	-2.36369529317056E-01
 1.98628791117280E+03	-1.15065337977156E-01
 1.98629064907283E+03	 1.00243367532292E-02
 1.98629338697286E+03	 1.37029189228279E-01
 1.98629612487289E+03	 2.79165412303136E-01
 1.98629886277292E+03	 4.32830373218965E-01
 1.98630160067295E+03	 5.49243019604471E-01
 1.98630433857298E+03	 5.51360037185432E-01
 1.98630707647302E+03	 3.96179614273225E-01
 1.98630981437305E+03	 1.23026241714618E-01
 1.98631255227308E+03	-1.67466387921989E-01
 1.98631529017311E+03	-3.82254058668254E-01
 1.98631802807314E+03	-4.78588237320350E-01
 1.98632076597317E+03	-4.49969309100778E-01
 1.98632350387320E+03	-3.01742239298753E-01
 1.98632624177323E+03	-6.29421924432961E-02
 1.98632897967326E+03	 1.90358547336979E-01
 1.98633171757329E+03	 3.56700434056841E-01
 1.98633445547332E+03	 3.74507419224491E-01
 1.98633719337335E+03	 2.64645406879242E-01
 1.98633993127338E+03	 1.03414006398744E-01
 1.98634266917342E+03	-4.33263283330669E-02
 1.98634540707345E+03	-1.57216732899483E-01
 1.98634814497348E+03	-2.49335541914427E-01
 1.98635088287351E+03	-3.21840063892791E-01
 1.98635362077354E+03	-3.55864393397957E-01
 1.98635635867357E+03	-3.32956015694678E-01
 1.98635909657360E+03	-2.59092158391803E-01
 1.98636183447363E+03	-1.62201543827382E-01
 1.98636457237366E+03	-6.61058878751906E-02
 1.98636731027369E+03	 3.11495534596846E-02
 1.98637004817372E+03	 1.50660228643172E-01
 1.98637278607375E+03	 2.99956805080403E-01
 1.98637552397378E+03	 4.43063136194529E-01
 1.98637826187382E+03	 5.07276603566991E-01
 1.98638099977385E+03	 4.32359199486937E-01
 1.98638373767388E+03	 2.23343987832162E-01
 1.98638647557391E+03	-4.48730218111454E-02
 1.98638921347394E+03	-2.77708195715358E-01
 1.98639195137397E+03	-4.14242439483165E-01
 1.98639468927400E+03	-4.35377219430032E-01
 1.98639742717403E+03	-3.41184301233205E-01
 1.98640016507406E+03	-1.47094240493977E-01
 1.98640290297409E+03	 9.35850663401018E-02
 1.98640564087412E+03	 2.88165937501820E-01
 1.98640837877415E+03	 3.53321947981557E-01
 1.98641111667418E+03	 2.74014637559183E-01
 1.98641385457421E+03	 1.09670411856244E-01
 1.98641659247425E+03	-5.91230432543327E-02
 1.98641933037428E+03	-1.87570066963232E-01
 1.98642206827431E+03	-2.75922457152596E-01
 1.98642480617434E+03	-3.36381615395245E-01
 1.98642754407437E+03	-3.63268861033713E-01
 1.98643028197440E+03	-3.38591807392643E-01
 1.98643301987443E+03	-2.60834888057832E-01
 1.98643575777446E+03	-1.58437562335469E-01
 1.98643849567449E+03	-6.75147348800969E-02
 1.98644123357452E+03	 3.91373583908817E-03
 1.98644397147455E+03	 8.32804786661415E-02
 1.98644670937458E+03	 1.98596902247930E-01
 1.98644944727461E+03	 3.34490926500761E-01
 1.98645218517465E+03	 4.26454795778717E-01
 1.98645492307468E+03	 4.05155884589041E-01
 1.98645766097471E+03	 2.53056851601834E-01
 1.98646039887474E+03	 2.19756856764455E-02
 1.98646313677477E+03	-2.02403157446089E-01
 1.98646587467480E+03	-3.51954706259436E-01
 1.98646861257483E+03	-3.96867914427296E-01
 1.98647135047486E+03	-3.32099963826744E-01
 1.98647408837489E+03	-1.66947939220493E-01
 1.98647682627492E+03	 6.05456712152473E-02
 1.98647956417495E+03	 2.72366031027619E-01
 1.98648230207498E+03	 3.79819647501558E-01
 1.98648503997501E+03	 3.40223444900140E-01
 1.98648777787505E+03	 1.85518791666888E-01
 1.98649051577508E+03	-7.36474463919535E-03
 1.98649325367511E+03	-1.73382239220681E-01
 1.98649599157514E+03	-2.89960517040311E-01
 1.98649872947517E+03	-3.62864730147971E-01
 1.98650146737520E+03	-3.94508079520806E-01
 1.98650420527523E+03	-3.72367870461662E-01
 1.98650694317526E+03	-2.88199591170432E-01
 1.98650968107529E+03	-1.62907202848545E-01
 1.98651241897532E+03	-4.19231067232739E-02
 1.98651515687535E+03	 4.28383531768969E-02
 1.98651789477538E+03	 1.04419073779935E-01
 1.98652063267541E+03	 1.83567254065216E-01
 1.98652337057544E+03	 2.93864733519596E-01
 1.98652610847548E+03	 3.89248396889072E-01
 1.98652884637551E+03	 3.94930474354060E-01
 1.98653158427554E+03	 2.73557626481240E-01
 1.98653432217557E+03	 6.03112436614983E-02
 1.98653706007560E+03	-1.63471747147197E-01
 1.98653979797563E+03	-3.24222123649509E-01
 1.98654253587566E+03	-3.84751979895179E-01
 1.98654527377569E+03	-3.35664250489234E-01
 1.98654801167572E+03	-1.82473649170094E-01
 1.98655074957575E+03	 4.49737099377146E-02
 1.98655348747578E+03	 2.78462064779749E-01
 1.98655622537581E+03	 4.29250509642437E-01
 1.98655896327584E+03	 4.38106324856427E-01
 1.98656170117588E+03	 3.12931367700078E-01
 1.98656443907591E+03	 1.16606213613253E-01
 1.98656717697594E+03	-8.08229565190775E-02
 1.98656991487597E+03	-2.39428638346893E-01
 1.98657265277600E+03	-3.49946447465463E-01
 1.98657539067603E+03	-4.10975299455022E-01
 1.98657812857606E+03	-4.12500453207426E-01
 1.98658086647609E+03	-3.42690543250048E-01
 1.98658360437612E+03	-2.10381934500987E-01
 1.98658634227615E+03	-5.61425676174738E-02
 1.98658908017618E+03	 7.04280129608620E-02
 1.98659181807621E+03	 1.52730423759340E-01
 1.98659455597624E+03	 2.20550842553211E-01
 1.98659729387628E+03	 3.08710950637727E-01
 1.98660003177631E+03	 4.01249497093463E-01
 1.98660276967634E+03	 4.29358128298497E-01
 1.98660550757637E+03	 3.33871336461601E-01
 1.98660824547640E+03	 1.26265845658707E-01
 1.98661098337643E+03	-1.16082613158491E-01
 1.98661372127646E+03	-3.07513708066529E-01
 1.98661645917649E+03	-3.98828291848951E-01
 1.98661919707652E+03	-3.75390028897551E-01
 1.98662193497655E+03	-2.38598879057043E-01
 1.98662467287658E+03	-1.04349431125816E-02
 1.98662741077661E+03	 2.47843481152527E-01
 1.98663014867664E+03	 4.44640192749825E-01
 1.98663288657667E+03	 5.06067065568304E-01
 1.98663562447671E+03	 4.21838906565409E-01
 1.98663836237674E+03	 2.43579813633340E-01
 1.98664110027677E+03	 4.04618181479237E-02
 1.98664383817680E+03	-1.41690220714334E-01
 1.98664657607683E+03	-2.85839597757800E-01
 1.98664931397686E+03	-3.84387157078710E-01
 1.98665205187689E+03	-4.24062614591861E-01
 1.98665478977692E+03	-3.89336709181190E-01
 1.98665752767695E+03	-2.78909807926595E-01
 1.98666026557698E+03	-1.19814950444110E-01
 1.98666300347701E+03	 3.90641670078340E-02
 1.98666574137704E+03	 1.59157042696862E-01
 1.98666847927707E+03	 2.43240098069854E-01
 1.98667121717711E+03	 3.24563933239487E-01
 1.98667395507714E+03	 4.14370542830384E-01
 1.98667669297717E+03	 4.66645591504679E-01
 1.98667943087720E+03	 4.11320808400236E-01
 1.98668216877723E+03	 2.26883817205874E-01
 1.98668490667726E+03	-2.87837836445267E-02
 1.98668764457729E+03	-2.61343562667416E-01
 1.98669038247732E+03	-4.02136739032676E-01
 1.98669312037735E+03	-4.25283275690404E-01
 1.98669585827738E+03	-3.26620118575355E-01
 1.98669859617741E+03	-1.17371830430609E-01
 1.98670133407744E+03	 1.53634841616059E-01
 1.98670407197747E+03	 3.93816301588795E-01
 1.98670680987751E+03	 5.10196196142514E-01
 1.98670954777754E+03	 4.69671716273522E-01
 1.98671228567757E+03	 3.14523743356777E-01
 1.98671502357760E+03	 1.19199766381443E-01
 1.98671776147763E+03	-6.33034728162540E-02
 1.98672049937766E+03	-2.15737043421315E-01
 1.98672323727769E+03	-3.33736979027381E-01
 1.98672597517772E+03	-4.03929070046299E-01
 1.98672871307775E+03	-4.06349794096203E-01
 1.98673145097778E+03	-3.32009117108543E-01
 1.98673418887781E+03	-1.96176931345989E-01
 1.98673692677784E+03	-3.65631221638319E-02
 1.98673966467787E+03	 1.05939751447316E-01
 1.98674240257791E+03	 2.14410307663650E-01
 1.98674514047794E+03	 3.04595332157572E-01
 1.98674787837797E+03	 3.95586416603705E-01
 1.98675061627800E+03	 4.66973710266526E-01
 1.98675335417803E+03	 4.57600267679043E-01
 1.98675609207806E+03	 3.21354353621026E-01
 1.98675882997809E+03	 8.23820305642101E-02
 1.98676156787812E+03	-1.74483357134165E-01
 1.98676430577815E+03	-3.64754104361051E-01
 1.98676704367818E+03	-4.45312172505945E-01
 1.98676978157821E+03	-4.03936580563313E-01
 1.98677251947824E+03	-2.40816559888108E-01
 1.98677525737827E+03	 1.52874175620127E-02
 1.98677799527830E+03	 2.83499643000748E-01
 1.98678073317834E+03	 4.55773157239186E-01
 1.98678347107837E+03	 4.66177491731760E-01
 1.98678620897840E+03	 3.35477341514798E-01
 1.98678894687843E+03	 1.43422475309189E-01
 1.98679168477846E+03	-3.86696466851455E-02
 1.98679442267849E+03	-1.85438052706971E-01
 1.98679716057852E+03	-3.00100121144045E-01
 1.98679989847855E+03	-3.79239832388922E-01
 1.98680263637858E+03	-4.03800209154485E-01
 1.98680537427861E+03	-3.58572567656265E-01
 1.98680811217864E+03	-2.51447827221281E-01
 1.98681085007867E+03	-1.12367541600539E-01
 1.98681358797870E+03	 2.44170192751872E-02
 1.98681632587874E+03	 1.40431552087222E-01
 1.98681906377877E+03	 2.40822322953817E-01
 1.98682180167880E+03	 3.39173572086413E-01
 1.98682453957883E+03	 4.26327439956475E-01
 1.98682727747886E+03	 4.56113072834985E-01
 1.98683001537889E+03	 3.75987396460100E-01
 1.98683275327892E+03	 1.80864272840263E-01
 1.98683549117895E+03	-6.86650756019939E-02
 1.98683822907898E+03	-2.86879342914916E-01
 1.98684096697901E+03	-4.15181792284404E-01
 1.98684370487904E+03	-4.31412160631502E-01
 1.98684644277907E+03	-3.28430011780054E-01
 1.98684918067910E+03	-1.15448121890286E-01
 1.98685191857914E+03	 1.51787947224382E-01
 1.98685465647917E+03	 3.68342873326690E-01
 1.98685739437920E+03	 4.38278687488590E-01
 1.98686013227923E+03	 3.44477728441173E-01
 1.98686287017926E+03	 1.55025407390911E-01
 1.98686560807929E+03	-3.98119433820433E-02
 1.98686834597932E+03	-1.91520012667005E-01
 1.98687108387935E+03	-2.99664654610064E-01
 1.98687382177938E+03	-3.73409998524254E-01
 1.98687655967941E+03	-4.03242371620237E-01
 1.98687929757944E+03	-3.71418303112626E-01
 1.98688203547947E+03	-2.79294937321937E-01
 1.98688477337950E+03	-1.55237532322218E-01
 1.98688751127953E+03	-3.45298622504421E-02
 1.98689024917957E+03	 6.66154316393289E-02
 1.98689298707960E+03	 1.57738442725521E-01
 1.98689572497963E+03	 2.55497524096552E-01
 1.98689846287966E+03	 3.54858762886943E-01
 1.98690120077969E+03	 4.16062184078478E-01
 1.98690393867972E+03	 3.85922546946034E-01
 1.98690667657975E+03	 2.42656626579029E-01
 1.98690941447978E+03	 2.35234764569262E-02
 1.98691215237981E+03	-1.95602345283192E-01
 1.98691489027984E+03	-3.48480779717717E-01
 1.98691762817987E+03	-4.03418065357338E-01
 1.98692036607990E+03	-3.49821021523049E-01
 1.98692310397993E+03	-1.86811005677508E-01
 1.98692584187997E+03	 5.48827234245368E-02
 1.98692857978000E+03	 2.90907085094708E-01
 1.98693131768003E+03	 4.14592489123760E-01
 1.98693405558006E+03	 3.70438949148552E-01
 1.98693679348009E+03	 1.95386063019341E-01
 1.98693953138012E+03	-1.76677325731054E-02
 1.98694226928015E+03	-1.93793080153564E-01
 1.98694500718018E+03	-3.12831546694021E-01
 1.98694774508021E+03	-3.86177741786878E-01
 1.98695048298024E+03	-4.16452246467876E-01
 1.98695322088027E+03	-3.89075603534106E-01
 1.98695595878030E+03	-2.97975294451150E-01
 1.98695869668033E+03	-1.67988366327642E-01
 1.98696143458037E+03	-4.35277317651605E-02
 1.98696417248040E+03	 4.70181210569031E-02
 1.98696691038043E+03	 1.13337618271018E-01
 1.98696964828046E+03	 1.86521398507894E-01
 1.98697238618049E+03	 2.78343873898756E-01
 1.98697512408052E+03	 3.56892803255590E-01
 1.98697786198055E+03	 3.64786603625197E-01
 1.98698059988058E+03	 2.66236965542858E-01
 1.98698333778061E+03	 8.10442118605167E-02
 1.98698607568064E+03	-1.25362212465107E-01
 1.98698881358067E+03	-2.84352752916779E-01
 1.98699155148070E+03	-3.56312551201951E-01
 1.98699428938073E+03	-3.27681910883972E-01
 1.98699702728076E+03	-1.95797591104688E-01
 1.98699976518080E+03	 2.18859720378315E-02
 1.98700250308083E+03	 2.62541361793252E-01
 1.98700524098086E+03	 4.25760110165651E-01
 1.98700797888089E+03	 4.32599665049169E-01
 1.98701071678092E+03	 2.84621446022695E-01
 1.98701345468095E+03	 5.95764519302852E-02
 1.98701619258098E+03	-1.52184034551026E-01
 1.98701893048101E+03	-3.04599540151422E-01
 1.98702166838104E+03	-3.97352362023698E-01
 1.98702440628107E+03	-4.38801689860962E-01
 1.98702714418110E+03	-4.21107134001329E-01
 1.98702988208113E+03	-3.32707551215405E-01
 1.98703261998116E+03	-1.87634674164449E-01
 1.98703535788120E+03	-3.28609459446271E-02
 1.98703809578123E+03	 8.17729654977922E-02
 1.98704083368126E+03	 1.44272750966830E-01
 1.98704357158129E+03	 1.87128401050356E-01
 1.98704630948132E+03	 2.46945332719546E-01
 1.98704904738135E+03	 3.16768585489372E-01
 1.98705178528138E+03	 3.43428228865099E-01
 1.98705452318141E+03	 2.75549909824747E-01
 1.98705726108144E+03	 1.13705415240541E-01
 1.98705999898147E+03	-8.59365581994622E-02
 1.98706273688150E+03	-2.51848242107230E-01
 1.98706547478153E+03	-3.36325345630854E-01
 1.98706821268156E+03	-3.20752665586184E-01
 1.98707095058160E+03	-2.01048428459595E-01
 1.98707368848163E+03	 1.07132669508217E-02
 1.98707642638166E+03	 2.64145836013288E-01
 1.98707916428169E+03	 4.66585988103311E-01
 1.98708190218172E+03	 5.26909161647719E-01
 1.98708464008175E+03	 4.17929242207892E-01
 1.98708737798178E+03	 1.95169774967426E-01
 1.98709011588181E+03	-4.85853418725653E-02
 1.98709285378184E+03	-2.46143874886404E-01
 1.98709559168187E+03	-3.78293607710266E-01
 1.98709832958190E+03	-4.49495077484092E-01
 1.98710106748193E+03	-4.57048622838671E-01
 1.98710380538196E+03	-3.88546621362348E-01
 1.98710654328200E+03	-2.45377181320402E-01
 1.98710928118203E+03	-6.29095854970529E-02
 1.98711201908206E+03	 1.00106087646597E-01
 1.98711475698209E+03	 2.01501742980894E-01
 1.98711749488212E+03	 2.48307297727301E-01
 1.98712023278215E+03	 2.82576125662384E-01
 1.98712297068218E+03	 3.27977237256920E-01
 1.98712570858221E+03	 3.54626755721177E-01
 1.98712844648224E+03	 3.05577835100702E-01
 1.98713118438227E+03	 1.58265221164699E-01
 1.98713392228230E+03	-4.64179465782810E-02
 1.98713666018233E+03	-2.34380488556610E-01
 1.98713939808236E+03	-3.47094429305231E-01
 1.98714213598239E+03	-3.58080626995019E-01
 1.98714487388243E+03	-2.58588362822073E-01
 1.98714761178246E+03	-5.31585538996844E-02
 1.98715034968249E+03	 2.18741495643714E-01
 1.98715308758252E+03	 4.69377667437239E-01
 1.98715582548255E+03	 5.96026505527054E-01
 1.98715856338258E+03	 5.45383949521563E-01
 1.98716130128261E+03	 3.49027148529779E-01
 1.98716403918264E+03	 9.42476709818773E-02
 1.98716677708267E+03	-1.38744410630528E-01
 1.98716951498270E+03	-3.13281068954577E-01
 1.98717225288273E+03	-4.24627287983429E-01
 1.98717499078276E+03	-4.70297789691544E-01
 1.98717772868279E+03	-4.39177419019533E-01
 1.98718046658283E+03	-3.25596377168872E-01
 1.98718320448286E+03	-1.49128356551779E-01
 1.98718594238289E+03	 4.19581225366630E-02
 1.98718868028292E+03	 1.93581493536019E-01
 1.98719141818295E+03	 2.81869059273893E-01
 1.98719415608298E+03	 3.27236880209471E-01
 1.98719689398301E+03	 3.63425836217499E-01
 1.98719963188304E+03	 3.88918803550437E-01
 1.98720236978307E+03	 3.58749323985721E-01
 1.98720510768310E+03	 2.33086358795920E-01
 1.98720784558313E+03	 2.85800328986672E-02
 1.98721058348316E+03	-1.86582993051045E-01
 1.98721332138319E+03	-3.42689105563909E-01
 1.98721605928323E+03	-4.02066605189910E-01
 1.98721879718326E+03	-3.49994927514839E-01
 1.98722153508329E+03	-1.80693775111199E-01
 1.98722427298332E+03	 8.45478687456767E-02
 1.98722701088335E+03	 3.70706744411969E-01
 1.98722974878338E+03	 5.66592142475349E-01
 1.98723248668340E+03	 5.90842578101437E-01
 1.98723522458344E+03	 4.46579747373693E-01
 1.98723796248347E+03	 2.10196231524328E-01
 1.98724070038350E+03	-3.07942101291693E-02
 1.98724343828353E+03	-2.27217308744929E-01
 1.98724617618356E+03	-3.67251384851704E-01
 1.98724891408359E+03	-4.46996830248946E-01
 1.98725165198362E+03	-4.54971602676582E-01
 1.98725438988366E+03	-3.82467456151615E-01
 1.98725712778369E+03	-2.40318878075255E-01
 1.98725986568372E+03	-6.30019133872046E-02
 1.98726260358375E+03	 1.03839016020290E-01
 1.98726534148378E+03	 2.26672964952459E-01
 1.98726807938381E+03	 3.03035824919720E-01
 1.98727081728384E+03	 3.54561824340422E-01
 1.98727355518387E+03	 3.92108889679536E-01
 1.98727629308390E+03	 3.89226906827693E-01
 1.98727903098393E+03	 3.02706769855610E-01
 1.98728176888396E+03	 1.24407055259924E-01
 1.98728450678399E+03	-9.63086833490971E-02
 1.98728724468402E+03	-2.86595851651706E-01
 1.98728998258406E+03	-3.96361676307007E-01
 1.98729272048409E+03	-4.04522025225568E-01
 1.98729545838412E+03	-2.98616773155750E-01
 1.98729819628415E+03	-7.98327472941002E-02
 1.98730093418418E+03	 2.02242877364718E-01
 1.98730367208421E+03	 4.42336465754005E-01
 1.98730640998424E+03	 5.35470624257510E-01
 1.98730914788427E+03	 4.50821971406095E-01
 1.98731188578430E+03	 2.47417830969762E-01
 1.98731462368433E+03	 1.81260959926850E-02
 1.98731736158436E+03	-1.75776293304540E-01
 1.98732009948439E+03	-3.18900638406275E-01
 1.98732283738442E+03	-4.11005770683922E-01
 1.98732557528446E+03	-4.41692685785812E-01
 1.98732831318449E+03	-3.98147957949616E-01
 1.98733105108452E+03	-2.86574111171520E-01
 1.98733378898455E+03	-1.37209529065712E-01
 1.98733652688458E+03	 1.12320393486607E-02
 1.98733926478461E+03	 1.31462576031757E-01
 1.98734200268464E+03	 2.18207205274786E-01
 1.98734474058467E+03	 2.83553268468010E-01
 1.98734747848470E+03	 3.36506885301771E-01
 1.98735021638473E+03	 3.60880286730548E-01
 1.98735295428476E+03	 3.18888828472527E-01
 1.98735569218479E+03	 1.87755129675565E-01
 1.98735843008482E+03	-6.71808949552027E-03
 1.98736116798486E+03	-2.01053198696883E-01
 1.98736390588489E+03	-3.37747643282032E-01
 1.98736664378492E+03	-3.88654863094250E-01
 1.98736938168495E+03	-3.39877777193565E-01
 1.98737211958498E+03	-1.81333962591629E-01
 1.98737485748501E+03	 6.49820395642271E-02
 1.98737759538504E+03	 3.15549508121402E-01
 1.98738033328507E+03	 4.55716593500413E-01
 1.98738307118510E+03	 4.20046800971285E-01
 1.98738580908513E+03	 2.41171453752305E-01
 1.98738854698516E+03	 1.45370486537161E-02
 1.98739128488519E+03	-1.79687002638366E-01
 1.98739402278522E+03	-3.16504295501682E-01
 1.98739676068525E+03	-4.02554451044320E-01
 1.98739949858529E+03	-4.36280928370445E-01
 1.98740223648532E+03	-4.02788782233179E-01
 1.98740497438535E+03	-3.00296037155372E-01
 1.98740771228538E+03	-1.57481813426784E-01
 1.98741045018541E+03	-1.86320063131365E-02
 1.98741318808544E+03	 8.64648560901702E-02
 1.98741592598547E+03	 1.57599065587177E-01
 1.98741866388550E+03	 2.13294115964180E-01
 1.98742140178553E+03	 2.66000245355749E-01
 1.98742413968556E+03	 3.03195796682533E-01
 1.98742687758559E+03	 2.90624592088438E-01
 1.98742961548562E+03	 2.00222742489455E-01
 1.98743235338565E+03	 4.15608180023177E-02
 1.98743509128569E+03	-1.35776410268604E-01
 1.98743782918572E+03	-2.74472063665493E-01
 1.98744056708575E+03	-3.40376345617227E-01
 1.98744330498578E+03	-3.19432089732852E-01
 1.98744604288581E+03	-2.00468615903376E-01
 1.98744878078584E+03	 1.19459144637699E-02
 1.98745151868587E+03	 2.60732625072229E-01
 1.98745425658590E+03	 4.36947377732223E-01
 1.98745699448593E+03	 4.46938913596724E-01
 1.98745973238596E+03	 2.86893199198391E-01
 1.98746247028599E+03	 4.33195954616535E-02
 1.98746520818602E+03	-1.81161044462107E-01
 1.98746794608605E+03	-3.36427329017403E-01
 1.98747068398609E+03	-4.25658327140688E-01
 1.98747342188612E+03	-4.59899802959421E-01
 1.98747615978615E+03	-4.30778276882220E-01
 1.98747889768618E+03	-3.28288491141294E-01
 1.98748163558621E+03	-1.71849330278961E-01
 1.98748437348624E+03	-1.13848101482698E-02
 1.98748711138627E+03	 1.06140647036719E-01
 1.98748984928630E+03	 1.70060935505181E-01
 1.98749258718633E+03	 2.05509505229192E-01
 1.98749532508636E+03	 2.40629498112583E-01
 1.98749806298639E+03	 2.74015534966693E-01
 1.98750080088642E+03	 2.72887621358727E-01
 1.98750353878645E+03	 2.03283949502726E-01
 1.98750627668648E+03	 6.48389119525439E-02
 1.98750901458652E+03	-1.01589813912429E-01
 1.98751175248655E+03	-2.39967331918805E-01
 1.98751449038658E+03	-3.11360018045060E-01
 1.98751722828661E+03	-2.99909378086504E-01
 1.98751996618664E+03	-1.96674899035149E-01
 1.98752270408667E+03	 3.34956624505437E-04
 1.98752544198670E+03	 2.54779236681884E-01
 1.98752817988673E+03	 4.72468764565997E-01
 1.98753091778676E+03	 5.43450121852756E-01
 1.98753365568679E+03	 4.23268799739872E-01
 1.98753639358682E+03	 1.70628929427644E-01
 1.98753913148685E+03	-1.01597684797527E-01
 1.98754186938688E+03	-3.09804712192945E-01
 1.98754460728692E+03	-4.34535167912820E-01
 1.98754734518695E+03	-4.89150520371118E-01
 1.98755008308698E+03	-4.76678963325593E-01
 1.98755282098701E+03	-3.86368856316870E-01
 1.98755555888704E+03	-2.24158428072038E-01
 1.98755829678707E+03	-3.29732811554835E-02
 1.98756103468710E+03	 1.26037431978188E-01
 1.98756377258713E+03	 2.16196464800683E-01
 1.98756651048716E+03	 2.49446922461364E-01
 1.98756924838719E+03	 2.65586132722335E-01
 1.98757198628722E+03	 2.85891542212183E-01
 1.98757472418725E+03	 2.88801746298908E-01
 1.98757746208728E+03	 2.33136459922883E-01
 1.98758019998732E+03	 1.04013352684665E-01
 1.98758293788735E+03	-6.59765883223041E-02
 1.98758567578738E+03	-2.18699197056235E-01
 1.98758841368741E+03	-3.07848938487416E-01
 1.98759115158744E+03	-3.12835113385198E-01
 1.98759388948747E+03	-2.24858062068853E-01
 1.98759662738750E+03	-3.89669557967976E-02
 1.98759936528753E+03	 2.22870053016360E-01
 1.98760210318756E+03	 4.83469794952396E-01
 1.98760484108759E+03	 6.29072664687217E-01
 1.98760757898762E+03	 5.81336621595267E-01
 1.98761031688765E+03	 3.58668106599256E-01
 1.98761305478768E+03	 6.16146099479792E-02
 1.98761579268771E+03	-2.03603384149626E-01
 1.98761853058775E+03	-3.85730600340990E-01
 1.98762126848778E+03	-4.84051230685659E-01
 1.98762400638781E+03	-5.06446549295287E-01
 1.98762674428784E+03	-4.47313105572445E-01
 1.98762948218787E+03	-3.04284514834065E-01
 1.98763222008790E+03	-1.05056749198392E-01
 1.98763495798793E+03	 9.16771924973222E-02
 1.98763769588796E+03	 2.28619973416594E-01
 1.98764043378799E+03	 2.88716545893423E-01
 1.98764317168802E+03	 3.01831138769707E-01
 1.98764590958805E+03	 3.07530372891540E-01
 1.98764864748808E+03	 3.09406333670735E-01
 1.98765138538811E+03	 2.71131885315841E-01
 1.98765412328815E+03	 1.60301277891276E-01
 1.98765686118818E+03	-9.08664986351525E-03
 1.98765959908821E+03	-1.81656786502368E-01
 1.98766233698824E+03	-3.01581765116741E-01
 1.98766507488827E+03	-3.39626467380396E-01
 1.98766781278830E+03	-2.84107462437828E-01
 1.98767055068833E+03	-1.25862208563291E-01
 1.98767328858836E+03	 1.26540963356215E-01
 1.98767602648839E+03	 4.13837129886000E-01
 1.98767876438842E+03	 6.26908283692255E-01
 1.98768150228845E+03	 6.65297257042009E-01
 1.98768424018848E+03	 5.08518894611751E-01
 1.98768697808851E+03	 2.29910840996556E-01
 1.98768971598855E+03	-6.12598036664169E-02
 1.98769245388858E+03	-2.90030911171350E-01
 1.98769519178861E+03	-4.35274355191757E-01
 1.98769792968864E+03	-4.99868230447400E-01
 1.98770066758867E+03	-4.81354817695847E-01
 1.98770340548870E+03	-3.75190347045936E-01
 1.98770614338873E+03	-1.96824060133058E-01
 1.98770888128876E+03	 8.28136479031326E-03
 1.98771161918879E+03	 1.81041588847112E-01
 1.98771435708882E+03	 2.81967567793013E-01
 1.98771709498885E+03	 3.14923733930363E-01
 1.98771983288888E+03	 3.15838859713000E-01
 1.98772257078891E+03	 3.10594248038836E-01
 1.98772530868895E+03	 2.84534393617132E-01
 1.98772804658898E+03	 2.01108756288449E-01
 1.98773078448901E+03	 5.08908724795892E-02
 1.98773352238904E+03	-1.26877819496698E-01
 1.98773626028907E+03	-2.73435445445576E-01
 1.98773899818910E+03	-3.49613607649276E-01
 1.98774173608913E+03	-3.39181437435389E-01
 1.98774447398916E+03	-2.28857354517370E-01
 1.98774721188919E+03	-1.24756843589554E-02
 1.98774994978922E+03	 2.72980148550892E-01
 1.98775268768925E+03	 5.30048016206264E-01
 1.98775542558928E+03	 6.44796945930389E-01
 1.98775816348931E+03	 5.63982748586645E-01
 1.98776090138934E+03	 3.31443546873962E-01
 1.98776363928938E+03	 4.85736925678836E-02
 1.98776637718941E+03	-1.97872226417408E-01
 1.98776911508944E+03	-3.71606665048665E-01
 1.98777185298947E+03	-4.68516317380815E-01
 1.98777459088950E+03	-4.85558871685254E-01
 1.98777732878953E+03	-4.16740255105112E-01
 1.98778006668956E+03	-2.71110532286118E-01
 1.98778280458959E+03	-8.33695073007365E-02
 1.98778554248962E+03	 9.64633203958452E-02
 1.98778828038965E+03	 2.25745361561639E-01
 1.98779101828968E+03	 2.89645244687390E-01
 1.98779375618971E+03	 3.04963827421360E-01
 1.98779649408974E+03	 2.98760673101903E-01
 1.98779923198978E+03	 2.76378994777802E-01
 1.98780196988981E+03	 2.14367822717202E-01
 1.98780470778984E+03	 9.24103953393933E-02
 1.98780744568987E+03	-7.15221513803170E-02
 1.98781018358990E+03	-2.27219621435491E-01
 1.98781292148993E+03	-3.30077497025972E-01
 1.98781565938996E+03	-3.59675325328026E-01
 1.98781839728999E+03	-3.02406304520521E-01
 1.98782113519002E+03	-1.41256154600528E-01
 1.98782387309005E+03	 1.13054045516186E-01
 1.98782661099008E+03	 3.85393297612614E-01
 1.98782934889011E+03	 5.57294733306033E-01
 1.98783208679014E+03	 5.45488237623810E-01
 1.98783482469018E+03	 3.62992197798905E-01
 1.98783756259021E+03	 1.00966954797151E-01
 1.98784030049024E+03	-1.44929648387427E-01
 1.98784303839027E+03	-3.27123142655719E-01
 1.98784577629030E+03	-4.38473981086520E-01
 1.98784851419033E+03	-4.77095855644359E-01
 1.98785125209036E+03	-4.34686698289371E-01
 1.98785398999039E+03	-3.14815132679328E-01
 1.98785672789042E+03	-1.47658598052716E-01
 1.98785946579045E+03	 2.08585121053153E-02
 1.98786220369048E+03	 1.52932384961691E-01
 1.98786494159051E+03	 2.33613576124723E-01
 1.98786767949054E+03	 2.69795351457173E-01
 1.98787041739057E+03	 2.77518602350440E-01
 1.98787315529061E+03	 2.63694332216249E-01
 1.98787589319064E+03	 2.16161167075897E-01
 1.98787863109067E+03	 1.17633150905694E-01
 1.98788136899070E+03	-2.57263092756144E-02
 1.98788410689073E+03	-1.75767199871848E-01
 1.98788684479076E+03	-2.88206404144149E-01
 1.98788958269079E+03	-3.39500518447700E-01
 1.98789232059082E+03	-3.19550795007378E-01
 1.98789505849085E+03	-2.10924333314558E-01
 1.98789779639088E+03	-3.81495135136339E-03
 1.98790053429091E+03	 2.57722836611314E-01
 1.98790327219094E+03	 4.65656352336052E-01
 1.98790601009097E+03	 5.12425053130369E-01
 1.98790874799101E+03	 3.74567419803233E-01
 1.98791148589104E+03	 1.27240535948284E-01
 1.98791422379107E+03	-1.22950370846529E-01
 1.98791696169110E+03	-3.11551253696123E-01
 1.98791969959113E+03	-4.27634572230677E-01
 1.98792243749116E+03	-4.75368557675037E-01
 1.98792517539119E+03	-4.47601787332432E-01
 1.98792791329122E+03	-3.40476036480592E-01
 1.98793065119125E+03	-1.78858300472758E-01
 1.98793338909128E+03	-1.26551184769948E-02
 1.98793612699131E+03	 1.14490300025518E-01
 1.98793886489134E+03	 1.89812719625156E-01
 1.98794160279137E+03	 2.27320747233235E-01
 1.98794434069141E+03	 2.45026129817913E-01
 1.98794707859144E+03	 2.45904940125492E-01
 1.98794981649147E+03	 2.15352529539372E-01
 1.98795255439150E+03	 1.35954197465114E-01
 1.98795529229153E+03	 9.94639654466371E-03
 1.98795803019156E+03	-1.31101303378069E-01
 1.98796076809159E+03	-2.43727371051105E-01
 1.98796350599162E+03	-3.00438235832373E-01
 1.98796624389165E+03	-2.93514960813491E-01
 1.98796898179168E+03	-2.13269428552238E-01
 1.98797171969171E+03	-4.41407028081352E-02
 1.98797445759174E+03	 1.96731632470038E-01
 1.98797719549177E+03	 4.24798897331095E-01
 1.98797993339180E+03	 5.22264611213189E-01
 1.98798267129184E+03	 4.27313452812504E-01
 1.98798540919187E+03	 1.86683826183342E-01
 1.98798814709190E+03	-8.66152940243681E-02
 1.98799088499193E+03	-3.01865681177774E-01
 1.98799362289196E+03	-4.33089119361682E-01
 1.98799636079199E+03	-4.89760545737919E-01
 1.98799909869202E+03	-4.72967648431964E-01
 1.98800183659205E+03	-3.73922372818928E-01
 1.98800457449208E+03	-2.05847548367384E-01
 1.98800731239211E+03	-1.87717235518133E-02
 1.98801005029214E+03	 1.27311532153281E-01
 1.98801278819217E+03	 2.03772674461657E-01
 1.98801552609220E+03	 2.26415489002739E-01
 1.98801826399224E+03	 2.29568619721431E-01
 1.98802100189227E+03	 2.29539294954137E-01
 1.98802373979230E+03	 2.11809379836418E-01
 1.98802647769233E+03	 1.50206987507500E-01
 1.98802921559236E+03	 3.77691863670973E-02
 1.98803195349239E+03	-9.89384610146293E-02
 1.98803469139242E+03	-2.14846532454740E-01
 1.98803742929245E+03	-2.75755908852696E-01
 1.98804016719248E+03	-2.70821717031238E-01
 1.98804290509251E+03	-1.96476122524375E-01
 1.98804564299254E+03	-4.15339605685103E-02
 1.98804838089257E+03	 1.90436691259783E-01
 1.98805111879260E+03	 4.39024635647479E-01
 1.98805385669264E+03	 5.90111682380878E-01
 1.98805659459267E+03	 5.50066417464396E-01
 1.98805933249270E+03	 3.25221970248849E-01
 1.98806207039273E+03	 1.93662542757713E-02
 1.98806480829276E+03	-2.49670086663651E-01
 1.98806754619279E+03	-4.24780190099699E-01
 1.98807028409282E+03	-5.08215961068303E-01
 1.98807302199285E+03	-5.11666682815962E-01
 1.98807575989288E+03	-4.30094533865144E-01
 1.98807849779291E+03	-2.64236177704963E-01
 1.98808123569294E+03	-5.16608868344921E-02
 1.98808397359297E+03	 1.39530756977597E-01
 1.98808671149300E+03	 2.53352658603980E-01
 1.98808944939304E+03	 2.83109575091713E-01
 1.98809218729307E+03	 2.66441791259465E-01
 1.98809492519310E+03	 2.43453625728436E-01
 1.98809766309313E+03	 2.19396915788212E-01
 1.98810040099316E+03	 1.67606896113184E-01
 1.98810313889319E+03	 6.63800012041815E-02
 1.98810587679322E+03	-7.02705684635111E-02
 1.98810861469325E+03	-1.98317249499158E-01
 1.98811135259328E+03	-2.75693959957862E-01
 1.98811409049331E+03	-2.83884656667736E-01
 1.98811682839334E+03	-2.18749247433696E-01
 1.98811956629337E+03	-7.17325514247811E-02
 1.98812230419340E+03	 1.60443970102433E-01
 1.98812504209343E+03	 4.36393342222881E-01
 1.98812777999347E+03	 6.52674316155208E-01
 1.98813051789350E+03	 6.94177287073056E-01
 1.98813325579353E+03	 5.21557939499482E-01
 1.98813599369356E+03	 2.07934415174138E-01
 1.98813873159359E+03	-1.17474127931764E-01
 1.98814146949362E+03	-3.60233080421882E-01
 1.98814420739365E+03	-4.96706695170633E-01
 1.98814694529368E+03	-5.39205747980212E-01
 1.98814968319371E+03	-4.92227721183585E-01
 1.98815242109374E+03	-3.52685483231304E-01
 1.98815515899377E+03	-1.40944253341654E-01
 1.98815789689380E+03	 8.51465097217516E-02
 1.98816063479383E+03	 2.55630083043460E-01
 1.98816337269387E+03	 3.31795255131936E-01
 1.98816611059390E+03	 3.27791167055196E-01
 1.98816884849393E+03	 2.89267642727958E-01
 1.98817158639396E+03	 2.47637524724993E-01
 1.98817432429399E+03	 1.94760991210917E-01
 1.98817706219402E+03	 1.03627432501983E-01
 1.98817980009405E+03	-2.97219800818647E-02
 1.98818253799408E+03	-1.71218708246311E-01
 1.98818527589411E+03	-2.74679631586007E-01
 1.98818801379414E+03	-3.13210997262898E-01
 1.98819075169417E+03	-2.79203321641689E-01
 1.98819348959420E+03	-1.62761861751904E-01
 1.98819622749423E+03	 4.88688202711572E-02
 1.98819896539427E+03	 3.35098742876305E-01
 1.98820170329430E+03	 6.10026533570485E-01
 1.98820444119433E+03	 7.49391770374127E-01
 1.98820717909436E+03	 6.72595546986778E-01
 1.98820991699439E+03	 4.06513713094905E-01
 1.98821265489442E+03	 6.54428228293510E-02
 1.98821539279445E+03	-2.32809235801557E-01
 1.98821813069448E+03	-4.30801948586777E-01
 1.98822086859451E+03	-5.25374907983669E-01
 1.98822360649454E+03	-5.24704996544523E-01
 1.98822634439457E+03	-4.29328822841980E-01
 1.98822908229460E+03	-2.50249027969477E-01
 1.98823182019463E+03	-2.87696859615105E-02
 1.98823455809466E+03	 1.72012922492284E-01
 1.98823729599470E+03	 2.99000483316179E-01
 1.98824003389473E+03	 3.37907330614089E-01
 1.98824277179476E+03	 3.15358676423905E-01
 1.98824550969479E+03	 2.69820161054509E-01
 1.98824824759482E+03	 2.15525174809120E-01
 1.98825098549485E+03	 1.36297368033887E-01
 1.98825372339488E+03	 1.70823539784369E-02
 1.98825646129491E+03	-1.24670102610256E-01
 1.98825919919494E+03	-2.46682265822905E-01
 1.98826193709497E+03	-3.15954445149230E-01
 1.98826467499500E+03	-3.22277946596278E-01
 1.98826741289503E+03	-2.57425458489515E-01
 1.98827015079506E+03	-1.00828655940485E-01
 1.98827288869510E+03	 1.51823122614399E-01
 1.98827562659513E+03	 4.43308289108276E-01
 1.98827836449516E+03	 6.56662612868567E-01
 1.98828110239519E+03	 6.84334943361364E-01
 1.98828384029522E+03	 5.07039895398341E-01
 1.98828657819525E+03	 2.05894504180633E-01
 1.98828931609528E+03	-1.01726803524009E-01
 1.98829205399531E+03	-3.35927079057755E-01
 1.98829479189534E+03	-4.72857760341374E-01
 1.98829752979537E+03	-5.14096003885708E-01
 1.98830026769540E+03	-4.60979163435235E-01
 1.98830300559543E+03	-3.21978494836462E-01
 1.98830574349546E+03	-1.29774676360536E-01
 1.98830848139550E+03	 6.27752731291369E-02
 1.98831121929553E+03	 2.06469968108330E-01
 1.98831395719556E+03	 2.77774319201799E-01
 1.98831669509559E+03	 2.84663721063126E-01
 1.98831943299562E+03	 2.53914630219364E-01
 1.98832217089565E+03	 2.06470445145618E-01
 1.98832490879568E+03	 1.40580420575766E-01
 1.98832764669571E+03	 4.28758497691251E-02
 1.98833038459574E+03	-8.23698204902356E-02
 1.98833312249577E+03	-2.03292448188522E-01
 1.98833586039580E+03	-2.85033845259813E-01
 1.98833859829583E+03	-3.14575117235411E-01
 1.98834133619586E+03	-2.89831540817041E-01
 1.98834407409589E+03	-1.93554922949072E-01
 1.98834681199593E+03	-3.83996123056964E-03
 1.98834954989596E+03	 2.56136832912263E-01
 1.98835228779599E+03	 4.92516092522348E-01
 1.98835502569602E+03	 5.88653137349392E-01
 1.98835776359605E+03	 4.90916538194550E-01
 1.98836050149608E+03	 2.47441835616172E-01
 1.98836323939611E+03	-3.60088803264815E-02
 1.98836597729614E+03	-2.71797356612686E-01
 1.98836871519617E+03	-4.24268820570057E-01
 1.98837145309620E+03	-4.88492725073052E-01
 1.98837419099623E+03	-4.61932975448913E-01
 1.98837692889626E+03	-3.47835789737226E-01
 1.98837966679629E+03	-1.74771612980608E-01
 1.98838240469633E+03	 4.96819583886711E-03
 1.98838514259636E+03	 1.42668564769505E-01
 1.98838788049639E+03	 2.17250372335781E-01
 1.98839061839642E+03	 2.35845520765368E-01
 1.98839335629645E+03	 2.18188133031782E-01
 1.98839609419648E+03	 1.80001994629297E-01
 1.98839883209651E+03	 1.23483458206618E-01
 1.98840156999654E+03	 4.11658941265036E-02
 1.98840430789657E+03	-6.61456856322794E-02
 1.98840704579660E+03	-1.75536135904244E-01
 1.98840978369663E+03	-2.53842897658122E-01
 1.98841252159666E+03	-2.83915257825437E-01
 1.98841525949669E+03	-2.67741298245403E-01
 1.98841799739673E+03	-2.00102708339731E-01
 1.98842073529676E+03	-5.82247836597223E-02
 1.98842347319679E+03	 1.59832613429544E-01
 1.98842621109682E+03	 3.89391651216536E-01
 1.98842894899685E+03	 5.17236100748998E-01
 1.98843168689688E+03	 4.64663441379198E-01
 1.98843442479691E+03	 2.52423083230384E-01
 1.98843716269694E+03	-2.07194533705079E-02
 1.98843990059697E+03	-2.57333387537923E-01
 1.98844263849700E+03	-4.13534952854285E-01
 1.98844537639703E+03	-4.85510273340506E-01
 1.98844811429706E+03	-4.72076270344396E-01
 1.98845085219709E+03	-3.69151662359478E-01
 1.98845359009713E+03	-1.95531874315033E-01
 1.98845632799716E+03	-4.35473323148344E-03
 1.98845906589719E+03	 1.43902075971009E-01
 1.98846180379722E+03	 2.19583504809571E-01
 1.98846454169725E+03	 2.33370105874476E-01
 1.98846727959728E+03	 2.13161315451953E-01
 1.98847001749731E+03	 1.76824755903847E-01
 1.98847275539734E+03	 1.23819959181054E-01
 1.98847549329737E+03	 4.55207923703363E-02
 1.98847823119740E+03	-5.75299626509345E-02
 1.98848096909743E+03	-1.64834612263629E-01
 1.98848370699746E+03	-2.43572791634123E-01
 1.98848644489749E+03	-2.71391510352858E-01
 1.98848918279752E+03	-2.48232606936258E-01
 1.98849192069756E+03	-1.78511296864961E-01
 1.98849465859759E+03	-4.92851703656431E-02
 1.98849739649762E+03	 1.51297816025421E-01
 1.98850013439765E+03	 3.83707176303449E-01
 1.98850287229768E+03	 5.44434888458153E-01
 1.98850561019771E+03	 5.31904601947778E-01
 1.98850834809774E+03	 3.33576383364552E-01
 1.98851108599777E+03	 3.93234899496122E-02
 1.98851382389780E+03	-2.33050333240528E-01
 1.98851656179783E+03	-4.16931424301214E-01
 1.98851929969786E+03	-5.05459200850788E-01
 1.98852203759789E+03	-5.06826876502826E-01
 1.98852477549792E+03	-4.17554356387901E-01
 1.98852751339796E+03	-2.43312431570415E-01
 1.98853025129799E+03	-2.77508835918311E-02
 1.98853298919802E+03	 1.58371904242432E-01
 1.98853572709805E+03	 2.62507416662405E-01
 1.98853846499808E+03	 2.82432874712357E-01
 1.98854120289811E+03	 2.53725629464219E-01
 1.98854394079814E+03	 2.10050524856051E-01
 1.98854667869817E+03	 1.57356934005107E-01
 1.98854941659820E+03	 8.17856284825411E-02
 1.98855215449823E+03	-2.36463581209227E-02
 1.98855489239826E+03	-1.41352321424733E-01
 1.98855763029829E+03	-2.35756136720593E-01
 1.98856036819832E+03	-2.77178784232280E-01
 1.98856310609836E+03	-2.58871418620239E-01
 1.98856584399839E+03	-1.87284764746281E-01
 1.98856858189842E+03	-5.80063686165618E-02
 1.98857131979845E+03	 1.42350906329343E-01
 1.98857405769848E+03	 3.93570734435827E-01
 1.98857679559851E+03	 6.07632148285748E-01
 1.98857953349854E+03	 6.65638275463381E-01
 1.98858227139857E+03	 5.10820102744311E-01
 1.98858500929860E+03	 2.03231081335189E-01
 1.98858774719863E+03	-1.26430845696356E-01
 1.98859048509866E+03	-3.73860816544890E-01
 1.98859322299869E+03	-5.08555713490596E-01
 1.98859596089872E+03	-5.42220194777320E-01
 1.98859869879875E+03	-4.81157306869798E-01
 1.98860143669879E+03	-3.25208025919936E-01
 1.98860417459882E+03	-1.01435962617339E-01
 1.98860691249885E+03	 1.23646389778586E-01
 1.98860965039888E+03	 2.77830963398456E-01
 1.98861238829891E+03	 3.30541794913871E-01
 1.98861512619894E+03	 3.06148519091266E-01
 1.98861786409897E+03	 2.51966518193071E-01
 1.98862060199900E+03	 1.94498560236760E-01
 1.98862333989903E+03	 1.25742723647400E-01
 1.98862607779906E+03	 2.78311599899633E-02
 1.98862881569909E+03	-9.44166282881945E-02
 1.98863155359912E+03	-2.07736019048288E-01
 1.98863429149915E+03	-2.74745358936711E-01
 1.98863702939919E+03	-2.79478180269980E-01
 1.98863976729922E+03	-2.25610576967548E-01
 1.98864250519925E+03	-1.12307506249434E-01
 1.98864524309928E+03	 7.51977764016021E-02
 1.98864798099931E+03	 3.33952600184236E-01
 1.98865071889934E+03	 5.98657566821661E-01
 1.98865345679937E+03	 7.48320032600942E-01
 1.98865619469940E+03	 6.84997358012507E-01
 1.98865893259943E+03	 4.17174160969886E-01
 1.98866167049946E+03	 5.89737525979834E-02
 1.98866440839949E+03	-2.56584924765562E-01
 1.98866714629952E+03	-4.59278104261449E-01
 1.98866988419955E+03	-5.45129768632256E-01
 1.98867262209959E+03	-5.27239409162223E-01
 1.98867535999962E+03	-4.09063344857552E-01
 1.98867809789965E+03	-2.05194215817184E-01
 1.98868083579968E+03	 3.30097805262799E-02
 1.98868357369971E+03	 2.30289671724196E-01
 1.98868631159974E+03	 3.31287844738278E-01
 1.98868904949977E+03	 3.33193191684393E-01
 1.98869178739980E+03	 2.77388864708598E-01
 1.98869452529983E+03	 2.08763127988534E-01
 1.98869726319986E+03	 1.40559564742719E-01
 1.98870000109989E+03	 5.69701738850025E-02
 1.98870273899992E+03	-5.29366983252436E-02
 1.98870547689995E+03	-1.69882235386464E-01
 1.98870821479998E+03	-2.56061107551796E-01
 1.98871095270002E+03	-2.86812337507983E-01
 1.98871369060005E+03	-2.61556893059397E-01
 1.98871642850008E+03	-1.82104561431349E-01
 1.98871916640011E+03	-3.25175255890663E-02
 1.98872190430014E+03	 2.01140441090070E-01
 1.98872464220017E+03	 4.82225919027944E-01
 1.98872738010020E+03	 7.05353327943712E-01
 1.98873011800023E+03	 7.50468627800519E-01
 1.98873285590026E+03	 5.73364871157973E-01
 1.98873559380029E+03	 2.45173267504717E-01
 1.98873833170032E+03	-1.01323819318372E-01
 1.98874106960035E+03	-3.62870623762797E-01
 1.98874380750038E+03	-5.05910370953242E-01
 1.98874654540042E+03	-5.37248563389386E-01
 1.98874928330045E+03	-4.64812830518634E-01
 1.98875202120048E+03	-2.98765823474014E-01
 1.98875475910051E+03	-7.60040359326433E-02
 1.98875749700054E+03	 1.37680858725314E-01
 1.98876023490057E+03	 2.78628454136813E-01
 1.98876297280060E+03	 3.20401564655602E-01
 1.98876571070063E+03	 2.82804024933754E-01
 1.98876844860066E+03	 2.09386355775906E-01
 1.98877118650069E+03	 1.32077087567431E-01
 1.98877392440072E+03	 5.27289286323838E-02
 1.98877666230075E+03	-4.15523918612433E-02
 1.98877940020078E+03	-1.47428305365883E-01
 1.98878213810082E+03	-2.36911315345781E-01
 1.98878487600085E+03	-2.82021799014416E-01
 1.98878761390088E+03	-2.77889631379277E-01
 1.98879035180091E+03	-2.30858097062389E-01
 1.98879308970094E+03	-1.29511529313296E-01
 1.98879582760097E+03	 5.21955609275116E-02
 1.98879856550100E+03	 3.08141252593610E-01
 1.98880130340103E+03	 5.61222455021596E-01
 1.98880404130106E+03	 6.90539443787206E-01
 1.98880677920109E+03	 6.15239425071005E-01
 1.98880951710112E+03	 3.58561316971774E-01
 1.98881225500115E+03	 2.93464635630650E-02
 1.98881499290118E+03	-2.57627028695653E-01
 1.98881773080122E+03	-4.42523943824740E-01
 1.98882046870125E+03	-5.16498056350085E-01
 1.98882320660128E+03	-4.85536187163253E-01
 1.98882594450131E+03	-3.58188506101264E-01
 1.98882868240134E+03	-1.62891727951410E-01
 1.98883142030137E+03	 4.41890925906565E-02
 1.98883415820140E+03	 2.01845876905763E-01
 1.98883689610143E+03	 2.75351193916170E-01
 1.98883963400146E+03	 2.68044336350604E-01
 1.98884237190149E+03	 2.08939075630081E-01
 1.98884510980152E+03	 1.29626280201453E-01
 1.98884784770155E+03	 4.55597788977725E-02
 1.98885058560158E+03	-4.48684644415761E-02
 1.98885332350161E+03	-1.41769357267451E-01
 1.98885606140165E+03	-2.27308218504511E-01
 1.98885879930168E+03	-2.75620821044996E-01
 1.98886153720171E+03	-2.78022318908541E-01
 1.98886427510174E+03	-2.45130947997937E-01
 1.98886701300177E+03	-1.77638224799727E-01
 1.98886975090180E+03	-4.97917748886958E-02
 1.98887248880183E+03	 1.56679647198801E-01
 1.98887522670186E+03	 3.99043135059603E-01
 1.98887796460189E+03	 5.71199663000494E-01
 1.98888070250192E+03	 5.73240985887806E-01
 1.98888344040195E+03	 3.90052187893446E-01
 1.98888617830198E+03	 1.01393571994215E-01
 1.98888891620201E+03	-1.81558224504950E-01
 1.98889165410205E+03	-3.84848849043978E-01
 1.98889439200208E+03	-4.85889949505736E-01
 1.98889712990211E+03	-4.84700657195023E-01
 1.98889986780214E+03	-3.85778752333753E-01
 1.98890260570217E+03	-2.11178374255702E-01
 1.98890534360220E+03	-1.26401858021666E-02
 1.98890808150223E+03	 1.47803560152106E-01
 1.98891081940226E+03	 2.32866390671189E-01
 1.98891355730229E+03	 2.43727487423073E-01
 1.98891629520232E+03	 2.04149826313594E-01
 1.98891903310235E+03	 1.37683765825894E-01
 1.98892177100238E+03	 5.68406093704454E-02
 1.98892450890241E+03	-3.48172531230882E-02
 1.98892724680245E+03	-1.32483285145609E-01
 1.98892998470248E+03	-2.19540769543352E-01
 1.98893272260251E+03	-2.70868397901290E-01
 1.98893546050254E+03	-2.72994619871646E-01
 1.98893819840257E+03	-2.36086698940995E-01
 1.98894093630260E+03	-1.74031943345569E-01
 1.98894367420263E+03	-7.50575743246806E-02
 1.98894641210266E+03	 8.74341123029794E-02
 1.98894915000269E+03	 3.01297993583223E-01
 1.98895188790272E+03	 4.84717425395372E-01
 1.98895462580275E+03	 5.31577179246119E-01
 1.98895736370278E+03	 3.97559604324163E-01
 1.98896010160281E+03	 1.37774785360562E-01
 1.98896283950284E+03	-1.40350200050461E-01
 1.98896557740288E+03	-3.52927777294297E-01
 1.98896831530291E+03	-4.69164784783292E-01
 1.98897105320294E+03	-4.86685591498389E-01
 1.98897379110297E+03	-4.05834083603456E-01
 1.98897652900300E+03	-2.39425267120221E-01
 1.98897926690303E+03	-3.38994887762185E-02
 1.98898200480306E+03	 1.41449746058191E-01
 1.98898474270309E+03	 2.36391687694425E-01
 1.98898748060312E+03	 2.48485646830976E-01
 1.98899021850315E+03	 2.09503225416045E-01
 1.98899295640318E+03	 1.49734831131624E-01
 1.98899569430321E+03	 7.84766152100922E-02
 1.98899843220324E+03	-7.97420280749053E-03
 1.98900117010328E+03	-1.07850028587526E-01
 1.98900390800331E+03	-2.03377303389607E-01
 1.98900664590334E+03	-2.65779681098691E-01
 1.98900938380337E+03	-2.73928006659085E-01
 1.98901212170340E+03	-2.30831365443379E-01
 1.98901485960343E+03	-1.55399236910818E-01
 1.98901759750346E+03	-5.28037830949211E-02
 1.98902033540349E+03	 9.54624004805331E-02
 1.98902307330352E+03	 2.93609949647430E-01
 1.98902581120355E+03	 4.84544451234318E-01
 1.98902854910358E+03	 5.64185785192726E-01
 1.98903128700361E+03	 4.62389870656916E-01
 1.98903402490364E+03	 2.08594017304564E-01
 1.98903676280368E+03	-9.01351172274781E-02
 1.98903950070371E+03	-3.31440402867242E-01
 1.98904223860374E+03	-4.71239847281523E-01
 1.98904497650377E+03	-5.08248020443229E-01
 1.98904771440380E+03	-4.45310299159877E-01
 1.98905045230383E+03	-2.86435655467705E-01
 1.98905319020386E+03	-6.52552429100524E-02
 1.98905592810389E+03	 1.46912964855837E-01
 1.98905866600392E+03	 2.78365981398800E-01
 1.98906140390395E+03	 3.04722501208219E-01
 1.98906414180398E+03	 2.56688448584192E-01
 1.98906687970401E+03	 1.82478071741123E-01
 1.98906961760404E+03	 1.06876999902552E-01
 1.98907235550407E+03	 2.50840635049072E-02
 1.98907509340411E+03	-7.24810721214754E-02
 1.98907783130414E+03	-1.76086340161282E-01
 1.98908056920417E+03	-2.56006285027658E-01
 1.98908330710420E+03	-2.82779707251483E-01
 1.98908604500423E+03	-2.48504165920154E-01
 1.98908878290426E+03	-1.67396192571153E-01
 1.98909152080429E+03	-5.23352246313636E-02
 1.98909425870432E+03	 1.04333790624927E-01
 1.98909699660435E+03	 3.10931089774370E-01
 1.98909973450438E+03	 5.28789635885396E-01
 1.98910247240441E+03	 6.59870530201436E-01
 1.98910521030444E+03	 6.08815103092698E-01
 1.98910794820447E+03	 3.68267717667218E-01
 1.98911068610451E+03	 3.45364504862862E-02
 1.98911342400454E+03	-2.65983329128852E-01
 1.98911616190457E+03	-4.59117074729041E-01
 1.98911889980460E+03	-5.34844335032917E-01
 1.98912163770463E+03	-5.03378140792297E-01
 1.98912437560466E+03	-3.68498731093125E-01
 1.98912711350469E+03	-1.48508066589384E-01
 1.98912985140472E+03	 9.73922439494646E-02
 1.98913258930475E+03	 2.85999144174876E-01
 1.98913532720478E+03	 3.61691311979127E-01
 1.98913806510481E+03	 3.30611955165516E-01
 1.98914080300484E+03	 2.43905683182819E-01
 1.98914354090487E+03	 1.49570886385463E-01
 1.98914627880491E+03	 6.07115791046853E-02
 1.98914901670494E+03	-3.44903263959401E-02
 1.98915175460497E+03	-1.40112036180680E-01
 1.98915449250500E+03	-2.34998665983652E-01
 1.98915723040503E+03	-2.86543621675824E-01
 1.98915996830506E+03	-2.77275572910460E-01
 1.98916270620509E+03	-2.13904388367262E-01
 1.98916544410512E+03	-1.08821814861419E-01
 1.98916818200515E+03	 4.27190851794097E-02
 1.98917091990518E+03	 2.54272910610794E-01
 1.98917365780521E+03	 5.04796557138425E-01
 1.98917639570524E+03	 7.08096926043266E-01
 1.98917913360527E+03	 7.49234893816837E-01
 1.98918187150531E+03	 5.73275686393640E-01
 1.98918460940534E+03	 2.40101751284422E-01
 1.98918734730537E+03	-1.16659878773111E-01
 1.98919008520540E+03	-3.84592557956780E-01
 1.98919282310543E+03	-5.24334281761169E-01
 1.98919556100546E+03	-5.43978182172146E-01
 1.98919829890549E+03	-4.54229799721213E-01
 1.98920103680552E+03	-2.66289444125401E-01
 1.98920377470555E+03	-2.08935317222465E-02
 1.98920651260558E+03	 2.06182676382528E-01
 1.98920925050561E+03	 3.41679970796560E-01
 1.98921198840564E+03	 3.59808937309865E-01
 1.98921472630567E+03	 2.91073144648737E-01
 1.98921746420570E+03	 1.89335324144364E-01
 1.98922020210574E+03	 8.96618337502061E-02
 1.98922294000577E+03	-5.85507112043970E-03
 1.98922567790580E+03	-1.06700002480173E-01
 1.98922841580583E+03	-2.05145965055721E-01
 1.98923115370586E+03	-2.73671707284354E-01
 1.98923389160589E+03	-2.89607442636991E-01
 1.98923662950592E+03	-2.54379202830178E-01
 1.98923936740595E+03	-1.81386512716996E-01
 1.98924210530598E+03	-6.74865987293725E-02
 1.98924484320601E+03	 1.10503556451038E-01
 1.98924758110604E+03	 3.56619670358763E-01
 1.98925031900607E+03	 6.10357810317529E-01
 1.98925305690610E+03	 7.55133401075399E-01
 1.98925579480614E+03	 6.94357594978897E-01
 1.98925853270617E+03	 4.31594445161577E-01
 1.98926127060620E+03	 7.38465697207870E-02
 1.98926400850623E+03	-2.46895646372798E-01
 1.98926674640626E+03	-4.53250032539753E-01
 1.98926948430629E+03	-5.32704752612498E-01
 1.98927222220632E+03	-4.96968955287081E-01
 1.98927496010635E+03	-3.58296085683503E-01
 1.98927769800638E+03	-1.45605179723722E-01
 1.98928043590641E+03	 8.00399161351973E-02
 1.98928317380644E+03	 2.46283753700268E-01
 1.98928591170647E+03	 3.10164422348814E-01
 1.98928864960650E+03	 2.78442007946785E-01
 1.98929138750654E+03	 1.92108139710245E-01
 1.98929412540657E+03	 9.25658666234458E-02
 1.98929686330660E+03	-2.33825595629241E-03
 1.98929960120663E+03	-9.52068114370601E-02
 1.98930233910666E+03	-1.85837861368267E-01
 1.98930507700669E+03	-2.55968649202405E-01
 1.98930781490672E+03	-2.82345742601052E-01
 1.98931055280675E+03	-2.61830643953188E-01
 1.98931329070678E+03	-2.11922206532238E-01
 1.98931602860681E+03	-1.40273643826389E-01
 1.98931876650684E+03	-2.33591907379819E-02
 1.98932150440687E+03	 1.67294573924675E-01
 1.98932424230690E+03	 4.09681278220460E-01
 1.98932698020693E+03	 6.10478190340913E-01
 1.98932971810697E+03	 6.56758993573696E-01
 1.98933245600700E+03	 5.02024233980581E-01
 1.98933519390703E+03	 2.05392895625564E-01
 1.98933793180706E+03	-1.13429585822774E-01
 1.98934066970709E+03	-3.55100963110480E-01
 1.98934340760712E+03	-4.80156100988408E-01
 1.98934614550715E+03	-4.89051891188016E-01
 1.98934888340718E+03	-3.92744573835294E-01
 1.98935162130721E+03	-2.15132077851126E-01
 1.98935435920724E+03	-8.16695602420585E-03
 1.98935709710727E+03	 1.60070105952243E-01
 1.98935983500730E+03	 2.42033631968231E-01
 1.98936257290733E+03	 2.34065015800261E-01
 1.98936531080737E+03	 1.66186472598745E-01
 1.98936804870740E+03	 7.45989818151154E-02
 1.98937078660743E+03	-1.85135844333434E-02
 1.98937352450746E+03	-1.07540858689249E-01
 1.98937626240749E+03	-1.90841666798828E-01
 1.98937900030752E+03	-2.55892618149600E-01
 1.98938173820755E+03	-2.81247646379634E-01
 1.98938447610758E+03	-2.58049233138860E-01
 1.98938721400761E+03	-2.03500927407043E-01
 1.98938995190764E+03	-1.40290110678336E-01
 1.98939268980767E+03	-6.19127739912234E-02
 1.98939542770770E+03	 6.56933282581647E-02
 1.98939816560773E+03	 2.53913464935286E-01
 1.98940090350777E+03	 4.46638063828313E-01
 1.98940364140780E+03	 5.41239939181587E-01
 1.98940637930783E+03	 4.65921811817214E-01
 1.98940911720786E+03	 2.39195329330514E-01
 1.98941185510789E+03	-4.54578600958924E-02
 1.98941459300792E+03	-2.88036300855723E-01
 1.98941733090795E+03	-4.33353101658018E-01
 1.98942006880798E+03	-4.68632158012027E-01
 1.98942280670801E+03	-3.97863927121610E-01
 1.98942554460804E+03	-2.38307002897733E-01
 1.98942828250807E+03	-3.60100865570160E-02
 1.98943102040810E+03	 1.39332371277068E-01
 1.98943375830813E+03	 2.31654001340254E-01
 1.98943649620816E+03	 2.30994316241305E-01
 1.98943923410820E+03	 1.67204322415816E-01
 1.98944197200823E+03	 7.73468759929670E-02
 1.98944470990826E+03	-1.73480284325951E-02
 1.98944744780829E+03	-1.10736501887263E-01
 1.98945018570832E+03	-1.98806063783027E-01
 1.98945292360835E+03	-2.68768822395010E-01
 1.98945566150838E+03	-2.99140645063866E-01
 1.98945839940841E+03	-2.74886433768590E-01
 1.98946113730844E+03	-2.05444202798121E-01
 1.98946387520847E+03	-1.19418869551163E-01
 1.98946661310850E+03	-3.21040287940699E-02
 1.98946935100853E+03	 7.48332085432184E-02
 1.98947208890856E+03	 2.24333581270456E-01
 1.98947482680860E+03	 3.90887615523720E-01
 1.98947756470863E+03	 4.91906888995768E-01
 1.98948030260866E+03	 4.47931906342526E-01
 1.98948304050869E+03	 2.53433761893727E-01
 1.98948577840872E+03	-1.57163036663854E-02
 1.98948851630875E+03	-2.60778274288541E-01
 1.98949125420878E+03	-4.19056269758888E-01
 1.98949399210881E+03	-4.71844350018727E-01
 1.98949673000884E+03	-4.18745676538234E-01
 1.98949946790887E+03	-2.68261768147820E-01
 1.98950220580890E+03	-5.59873949715611E-02
 1.98950494370893E+03	 1.48105986147863E-01
 1.98950768160896E+03	 2.72244868341051E-01
 1.98951041950900E+03	 2.88997634843362E-01
 1.98951315740903E+03	 2.25410993944945E-01
 1.98951589530906E+03	 1.28646820636633E-01
 1.98951863320909E+03	 2.77321321538293E-02
 1.98952137110912E+03	-7.26758458296660E-02
 1.98952410900915E+03	-1.72814444813088E-01
 1.98952684690918E+03	-2.60642183095901E-01
 1.98952958480921E+03	-3.11953287512145E-01
 1.98953232270924E+03	-3.04996868351096E-01
 1.98953506060927E+03	-2.38385025555725E-01
 1.98953779850930E+03	-1.34856207687889E-01
 1.98954053640933E+03	-1.98563000611425E-02
 1.98954327430936E+03	 1.05588452533276E-01
 1.98954601220940E+03	 2.58146493486346E-01
 1.98954875010943E+03	 4.27127177748304E-01
 1.98955148800946E+03	 5.45454068781773E-01
 1.98955422590949E+03	 5.27354432929891E-01
 1.98955696380952E+03	 3.44919140479177E-01
 1.98955970170955E+03	 6.10954263329709E-02
 1.98956243960958E+03	-2.16898527536178E-01
 1.98956517750961E+03	-4.09884528314200E-01
 1.98956791540964E+03	-4.92044526108729E-01
 1.98957065330967E+03	-4.64572748575053E-01
 1.98957339120970E+03	-3.32482988388374E-01
 1.98957612910973E+03	-1.18089355601600E-01
 1.98957886700976E+03	 1.17826883749808E-01
 1.98958160490979E+03	 2.92574503066553E-01
 1.98958434280983E+03	 3.52270187394917E-01
 1.98958708070986E+03	 3.05459362654603E-01
 1.98958981860989E+03	 2.04076892089376E-01
 1.98959255650992E+03	 9.45711525545197E-02
 1.98959529440995E+03	-9.60454092499849E-03
 1.98959803230998E+03	-1.14369156741668E-01
 1.98960077021001E+03	-2.16408600284636E-01
 1.98960350811004E+03	-2.92987814182662E-01
 1.98960624601007E+03	-3.16253634071029E-01
 1.98960898391010E+03	-2.74653234697822E-01
 1.98961172181013E+03	-1.81263128251739E-01
 1.98961445971016E+03	-5.97531538777754E-02
 1.98961719761019E+03	 8.04865284465572E-02
 1.98961993551023E+03	 2.49287765235039E-01
 1.98962267341026E+03	 4.43161847500986E-01
 1.98962541131029E+03	 6.07089809855650E-01
 1.98962814921032E+03	 6.48068972988158E-01
 1.98963088711035E+03	 5.07140602070095E-01
 1.98963362501038E+03	 2.19817893882175E-01
 1.98963636291041E+03	-1.03486061660236E-01
 1.98963910081044E+03	-3.56506816930663E-01
 1.98964183871047E+03	-4.91569781085964E-01
 1.98964457661050E+03	-5.07232756756026E-01
 1.98964731451053E+03	-4.11503590182168E-01
 1.98965005241056E+03	-2.18260514489951E-01
 1.98965279031059E+03	 2.73498492403203E-02
 1.98965552821063E+03	 2.45126944379548E-01
 1.98965826611066E+03	 3.60267257782184E-01
 1.98966100401069E+03	 3.51851864600974E-01
 1.98966374191072E+03	 2.59376445570659E-01
 1.98966647981075E+03	 1.41954274911618E-01
 1.98966921771078E+03	 3.29988892297314E-02
 1.98967195561081E+03	-6.78795248873333E-02
 1.98967469351084E+03	-1.67775925118860E-01
 1.98967743141087E+03	-2.54840172996753E-01
 1.98968016931090E+03	-3.01485784755777E-01
 1.98968290721093E+03	-2.88420404464351E-01
 1.98968564511096E+03	-2.20832086840078E-01
 1.98968838301099E+03	-1.19013932019128E-01
 1.98969112091102E+03	 6.70947320847644E-03
 1.98969385881106E+03	 1.67112766140409E-01
 1.98969659671109E+03	 3.69810731193744E-01
 1.98969933461112E+03	 5.77073945878888E-01
 1.98970207251115E+03	 6.97642085243151E-01
 1.98970481041118E+03	 6.42531029795479E-01
 1.98970754831121E+03	 4.02390355364656E-01
 1.98971028621124E+03	 6.60890581519613E-02
 1.98971302411127E+03	-2.42482151777697E-01
 1.98971576201130E+03	-4.42646470034091E-01
 1.98971849991133E+03	-5.15666392231394E-01
 1.98972123781136E+03	-4.70176978759895E-01
 1.98972397571139E+03	-3.18377834497586E-01
 1.98972671361142E+03	-9.15803679847931E-02
 1.98972945151146E+03	 1.42598094953855E-01
 1.98973218941149E+03	 3.02733013426989E-01
 1.98973492731152E+03	 3.42313656369667E-01
 1.98973766521155E+03	 2.76034945704517E-01
 1.98974040311158E+03	 1.58895529437961E-01
 1.98974314101161E+03	 4.08368268715537E-02
 1.98974587891164E+03	-6.09829796684398E-02
 1.98974861681167E+03	-1.52515214464656E-01
 1.98975135471170E+03	-2.34013098316510E-01
 1.98975409261173E+03	-2.86787298132883E-01
 1.98975683051176E+03	-2.89232306507547E-01
 1.98975956841179E+03	-2.40498667878044E-01
 1.98976230631182E+03	-1.60725823705055E-01
 1.98976504421186E+03	-6.48563442029984E-02
 1.98976778211189E+03	 5.87521938823575E-02
 1.98977052001192E+03	 2.33021221426679E-01
 1.98977325791195E+03	 4.46694398037029E-01
 1.98977599581198E+03	 6.26385709173513E-01
 1.98977873371201E+03	 6.69329040241231E-01
 1.98978147161204E+03	 5.21117042135140E-01
 1.98978420951207E+03	 2.26646330768782E-01
 1.98978694741210E+03	-9.90588204626670E-02
 1.98978968531213E+03	-3.50253972984961E-01
 1.98979242321216E+03	-4.80286039900785E-01
 1.98979516111219E+03	-4.87992282598820E-01
 1.98979789901222E+03	-3.84932047360370E-01
 1.98980063691225E+03	-1.94181336979758E-01
 1.98980337481229E+03	 3.07892825771674E-02
 1.98980611271232E+03	 2.12977727467624E-01
 1.98980885061235E+03	 2.92580611198524E-01
 1.98981158851238E+03	 2.61746000876187E-01
 1.98981432641241E+03	 1.59785616473600E-01
 1.98981706431244E+03	 3.80298115307193E-02
 1.98981980221247E+03	-7.20791594892214E-02
 1.98982254011250E+03	-1.64648535451549E-01
 1.98982527801253E+03	-2.41343058541544E-01
 1.98982801591256E+03	-2.92326260175847E-01
 1.98983075381259E+03	-2.98813320214813E-01
 1.98983349171262E+03	-2.55103033053096E-01
 1.98983622961265E+03	-1.80836349895911E-01
 1.98983896751269E+03	-1.01464694650731E-01
 1.98984170541272E+03	-1.56551631188235E-02
 1.98984444331275E+03	 1.07146528238388E-01
 1.98984718121278E+03	 2.84801288221334E-01
 1.98984991911281E+03	 4.76356842527892E-01
 1.98985265701284E+03	 5.87540652853077E-01
 1.98985539491287E+03	 5.35956801769532E-01
 1.98985813281290E+03	 3.19528883989738E-01
 1.98986087071293E+03	 2.22546965254843E-02
 1.98986360861296E+03	-2.46472815625133E-01
 1.98986634651299E+03	-4.16192686511200E-01
 1.98986908441302E+03	-4.67808664096547E-01
 1.98987182231305E+03	-4.07369294697620E-01
 1.98987456021309E+03	-2.52794805351439E-01
 1.98987729811312E+03	-4.69950770769115E-02
 1.98988003601315E+03	 1.39780633417158E-01
 1.98988277391318E+03	 2.42408967206114E-01
 1.98988551181321E+03	 2.39650076063859E-01
 1.98988824971324E+03	 1.58480292584575E-01
 1.98989098761327E+03	 4.43239381330419E-02
 1.98989372551330E+03	-6.94080111853281E-02
 1.98989646341333E+03	-1.69464077239458E-01
 1.98989920131336E+03	-2.51916455407249E-01
 1.98990193921339E+03	-3.07707553283967E-01
 1.98990467711342E+03	-3.19669980823088E-01
 1.98990741501345E+03	-2.77309617727583E-01
 1.98991015291349E+03	-1.94960627671060E-01
 1.98991289081352E+03	-1.06006053371372E-01
 1.98991562871355E+03	-2.93912662100674E-02
 1.98991836661358E+03	 5.42168820601839E-02
 1.98992110451361E+03	 1.79030870288078E-01
 1.98992384241364E+03	 3.40105632759421E-01
 1.98992658031367E+03	 4.69910668857824E-01
 1.98992931821370E+03	 4.80830056810063E-01
 1.98993205611373E+03	 3.37532031199564E-01
 1.98993479401376E+03	 8.88165374951643E-02
 1.98993753191379E+03	-1.69008141624687E-01
 1.98994026981382E+03	-3.55230551453904E-01
 1.98994300771385E+03	-4.34486445031159E-01
 1.98994574561388E+03	-4.03192782410713E-01
 1.98994848351392E+03	-2.73021082974048E-01
 1.98995122141395E+03	-7.85827163027991E-02
 1.98995395931398E+03	 1.14479249127383E-01
 1.98995669721401E+03	 2.34559486798132E-01
 1.98995943511404E+03	 2.48333022369327E-01
 1.98996217301407E+03	 1.76802340760925E-01
 1.98996491091410E+03	 6.70464522952360E-02
 1.98996764881413E+03	-4.58133244642549E-02
 1.98997038671416E+03	-1.49724155038968E-01
 1.98997312461419E+03	-2.41389950027379E-01
 1.98997586251422E+03	-3.10527279573911E-01
 1.98997860041425E+03	-3.37570357684999E-01
 1.98998133831428E+03	-3.05619178072177E-01
 1.98998407621432E+03	-2.18592508835195E-01
 1.98998681411435E+03	-1.07038509989066E-01
 1.98998955201438E+03	-5.99929973607488E-03
 1.98999228991441E+03	 7.88605914351761E-02
 1.98999502781444E+03	 1.74320406457620E-01
 1.98999776571447E+03	 2.97187818302524E-01
 1.99000050361450E+03	 4.11464628297676E-01
 1.99000324151453E+03	 4.41628260481706E-01
 1.99000597941456E+03	 3.36819647073837E-01
 1.99000871731459E+03	 1.20012007365160E-01
 1.99001145521462E+03	-1.27184442287832E-01
 1.99001419311465E+03	-3.21933039297324E-01
 1.99001693101468E+03	-4.19364595245700E-01
 1.99001966891472E+03	-4.08150359429840E-01
 1.99002240681475E+03	-2.92930120280445E-01
 1.99002514471478E+03	-9.85226610375409E-02
 1.99002788261481E+03	 1.15558095183141E-01
 1.99003062051484E+03	 2.69208052319730E-01
 1.99003335841487E+03	 3.08971601874787E-01
 1.99003609631489E+03	 2.42788349613368E-01
 1.99003883421493E+03	 1.23442184071643E-01
 1.99004157211496E+03	 1.89539709905009E-04
 1.99004431001499E+03	-1.09503632185094E-01
 1.99004704791502E+03	-2.07919152072800E-01
 1.99004978581505E+03	-2.91088912167805E-01
 1.99005252371508E+03	-3.39672078419308E-01
 1.99005526161511E+03	-3.30644742684133E-01
 1.99005799951515E+03	-2.56242986772898E-01
 1.99006073741518E+03	-1.35085699173159E-01
 1.99006347531521E+03	-2.89063158939297E-03
 1.99006621321524E+03	 1.15606572053562E-01
 1.99006895111527E+03	 2.25573907135549E-01
 1.99007168901530E+03	 3.42466563296347E-01
 1.99007442691533E+03	 4.49291064874764E-01
 1.99007716481536E+03	 4.85795432380380E-01
 1.99007990271539E+03	 3.95215297575029E-01
 1.99008264061542E+03	 1.82894457251993E-01
 1.99008537851545E+03	-7.82820824929696E-02
 1.99008811641548E+03	-2.99430639677902E-01
 1.99009085431551E+03	-4.25797942764964E-01
 1.99009359221555E+03	-4.41405591653105E-01
 1.99009633011558E+03	-3.47357870258137E-01
 1.99009906801561E+03	-1.58268471516668E-01
 1.99010180591564E+03	 7.87609419998391E-02
 1.99010454381567E+03	 2.82196838549841E-01
 1.99010728171570E+03	 3.75841009038365E-01
 1.99011001961573E+03	 3.39417166615635E-01
 1.99011275751576E+03	 2.16980797301601E-01
 1.99011549541579E+03	 7.36504901125977E-02
 1.99011823331582E+03	-5.29260172355975E-02
 1.99012097121585E+03	-1.60375352106445E-01
 1.99012370911588E+03	-2.53726391424991E-01
 1.99012644701591E+03	-3.21705326533110E-01
 1.99012918491595E+03	-3.40573409834368E-01
 1.99013192281598E+03	-2.94494221581930E-01
 1.99013466071601E+03	-1.90162197106938E-01
 1.99013739861604E+03	-5.36425008900453E-02
 1.99014013651607E+03	 8.88125242577161E-02
 1.99014287441610E+03	 2.29513736104059E-01
 1.99014561231613E+03	 3.73831226480166E-01
 1.99014835021616E+03	 5.08253414862126E-01
 1.99015108811619E+03	 5.79248940108724E-01
 1.99015382601622E+03	 5.21835549674518E-01
 1.99015656391625E+03	 3.20247211541567E-01
 1.99015930181628E+03	 3.54892463379154E-02
 1.99016203971631E+03	-2.33566944751646E-01
 1.99016477761634E+03	-4.12819663960962E-01
 1.99016751551638E+03	-4.76036108694504E-01
 1.99017025341641E+03	-4.23439935814361E-01
 1.99017299131644E+03	-2.64086904120057E-01
 1.99017572921647E+03	-2.96778083704839E-02
 1.99017846711650E+03	 2.09438737241917E-01
 1.99018120501653E+03	 3.66369921982248E-01
 1.99018394291656E+03	 3.89956654739816E-01
 1.99018668081659E+03	 2.96785866582497E-01
 1.99018941871662E+03	 1.49849001862892E-01
 1.99019215661665E+03	 6.52981526471516E-03
 1.99019489451668E+03	-1.12725771153223E-01
 1.99019763241671E+03	-2.12225890671932E-01
 1.99020037031674E+03	-2.90686943317430E-01
 1.99020310821678E+03	-3.30349355570763E-01
 1.99020584611681E+03	-3.12857768745526E-01
 1.99020858401684E+03	-2.38544561327714E-01
 1.99021132191687E+03	-1.26926897681780E-01
 1.99021405981690E+03	 1.12624702004581E-03
 1.99021679771693E+03	 1.40797007539896E-01
 1.99021953561696E+03	 2.99688213488688E-01
 1.99022227351699E+03	 4.69854163341841E-01
 1.99022501141702E+03	 6.01918903881721E-01
 1.99022774931705E+03	 6.19453319455602E-01
 1.99023048721708E+03	 4.76270891442985E-01
 1.99023322511711E+03	 2.04744486636580E-01
 1.99023596301714E+03	-9.85589558941466E-02
 1.99023870091718E+03	-3.37254979143973E-01
 1.99024143881721E+03	-4.62842478380834E-01
 1.99024417671724E+03	-4.68501335270284E-01
 1.99024691461727E+03	-3.61850648953669E-01
 1.99024965251730E+03	-1.63830971193961E-01
 1.99025239041733E+03	 7.21359575915013E-02
 1.99025512831736E+03	 2.64385158735261E-01
 1.99025786621739E+03	 3.44872963322492E-01
 1.99026060411742E+03	 3.01409050365186E-01
 1.99026334201745E+03	 1.78128230651115E-01
 1.99026607991748E+03	 3.57245061028745E-02
 1.99026881781751E+03	-8.88525338857891E-02
 1.99027155571754E+03	-1.89417338210994E-01
 1.99027429361758E+03	-2.67994147729372E-01
 1.99027703151761E+03	-3.14459600615932E-01
 1.99027976941764E+03	-3.11659051411745E-01
 1.99028250731767E+03	-2.56503501615590E-01
 1.99028524521770E+03	-1.68341035513739E-01
 1.99028798311773E+03	-7.14095731543313E-02
 1.99029072101776E+03	 3.04349298737632E-02
 1.99029345891779E+03	 1.56409251708174E-01
 1.99029619681782E+03	 3.19139143997398E-01
 1.99029893471785E+03	 4.87888497587312E-01
 1.99030167261788E+03	 5.86188684773914E-01
 1.99030441051791E+03	 5.39787458845464E-01
 1.99030714841794E+03	 3.38627434846048E-01
 1.99030988631797E+03	 5.28684065760046E-02
 1.99031262421801E+03	-2.14709515636258E-01
 1.99031536211804E+03	-3.90931953218476E-01
 1.99031810001807E+03	-4.51408230460986E-01
 1.99032083791810E+03	-3.98956089689105E-01
 1.99032357581813E+03	-2.49116345659080E-01
 1.99032631371816E+03	-4.22769077113569E-02
 1.99032905161819E+03	 1.50530425634758E-01
 1.99033178951822E+03	 2.57457471532339E-01
 1.99033452741825E+03	 2.49456299735674E-01
 1.99033726531828E+03	 1.53176934145373E-01
 1.99034000321831E+03	 2.25619445667658E-02
 1.99034274111834E+03	-9.98775293571579E-02
 1.99034547901837E+03	-1.98743739667168E-01
 1.99034821691841E+03	-2.73407856168418E-01
 1.99035095481844E+03	-3.17984375344254E-01
 1.99035369271847E+03	-3.17294807806542E-01
 1.99035643061850E+03	-2.63732555233278E-01
 1.99035916851853E+03	-1.74438033375810E-01
 1.99036190641856E+03	-8.31590088723412E-02
 1.99036464431859E+03	-8.69516031203589E-03
 1.99036738221862E+03	 6.59857060471660E-02
 1.99037012011865E+03	 1.74371030556871E-01
 1.99037285801868E+03	 3.19673663213588E-01
 1.99037559591871E+03	 4.48632215181507E-01
 1.99037833381874E+03	 4.79845829364072E-01
 1.99038107171877E+03	 3.67423651887875E-01
 1.99038380961881E+03	 1.41791476759278E-01
 1.99038654751884E+03	-1.10652556948983E-01
 1.99038928541887E+03	-3.05695352296636E-01
 1.99039202331890E+03	-3.99662514010210E-01
 1.99039476121893E+03	-3.84158978113258E-01
 1.99039749911896E+03	-2.68820899665079E-01
 1.99040023701899E+03	-8.52667883112185E-02
 1.99040297491902E+03	 1.03184485897385E-01
 1.99040571281905E+03	 2.21852769328455E-01
 1.99040845071908E+03	 2.29656393316807E-01
 1.99041118861911E+03	 1.42920558474800E-01
 1.99041392651914E+03	 1.33685427946766E-02
 1.99041666441917E+03	-1.13056766376570E-01
 1.99041940231920E+03	-2.16618494291591E-01
 1.99042214021924E+03	-2.94657998181405E-01
 1.99042487811927E+03	-3.42671905955651E-01
 1.99042761601930E+03	-3.46560791417385E-01
 1.99043035391933E+03	-2.93358606231976E-01
 1.99043309181936E+03	-1.91012253993080E-01
 1.99043582971939E+03	-7.43127484875087E-02
 1.99043856761942E+03	 1.85053965440097E-02
 1.99044130551945E+03	 8.07156838067606E-02
 1.99044404341948E+03	 1.42901556660359E-01
 1.99044678131951E+03	 2.34530848819057E-01
 1.99044951921954E+03	 3.38524261976805E-01
 1.99045225711957E+03	 3.90944347374419E-01
 1.99045499501960E+03	 3.32296395568108E-01
 1.99045773291964E+03	 1.61255759018409E-01
 1.99046047081967E+03	-6.08095052575775E-02
 1.99046320871970E+03	-2.53676783185639E-01
 1.99046594661973E+03	-3.62835440895035E-01
 1.99046868451976E+03	-3.68303483345347E-01
 1.99047142241979E+03	-2.71386464082595E-01
 1.99047416031982E+03	-9.42653321932341E-02
 1.99047689821985E+03	 1.07388062395349E-01
 1.99047963611988E+03	 2.54087387366211E-01
 1.99048237401991E+03	 2.87008173200503E-01
 1.99048511191994E+03	 2.07370663644020E-01
 1.99048784981997E+03	 6.72714933607806E-02
 1.99049058772000E+03	-7.66822075238251E-02
 1.99049332562004E+03	-1.96954321480411E-01
 1.99049606352007E+03	-2.90362076563688E-01
 1.99049880142010E+03	-3.54905638584681E-01
 1.99050153932013E+03	-3.77509989835732E-01
 1.99050427722016E+03	-3.41020592790601E-01
 1.99050701512019E+03	-2.41891581548261E-01
 1.99050975302022E+03	-1.03605757264322E-01
 1.99051249092025E+03	 3.09057744485124E-02
 1.99051522882028E+03	 1.29839322650851E-01
 1.99051796672031E+03	 1.98140317436982E-01
 1.99052070462034E+03	 2.64412781542453E-01
 1.99052344252037E+03	 3.36653503233816E-01
 1.99052618042040E+03	 3.77252646435983E-01
 1.99052891832043E+03	 3.31423574903808E-01
 1.99053165622047E+03	 1.81743441256435E-01
 1.99053439412050E+03	-2.90206611801881E-02
 1.99053713202053E+03	-2.27182188893303E-01
 1.99053986992056E+03	-3.53376022811863E-01
 1.99054260782059E+03	-3.80159828676711E-01
 1.99054534572062E+03	-3.01952383185634E-01
 1.99054808362065E+03	-1.30626724599996E-01
 1.99055082152068E+03	 9.02968411499299E-02
 1.99055355942071E+03	 2.82224311425918E-01
 1.99055629732074E+03	 3.67060821072720E-01
 1.99055903522077E+03	 3.19167322431697E-01
 1.99056177312080E+03	 1.79663947879863E-01
 1.99056451102083E+03	 1.64383421085707E-02
 1.99056724892087E+03	-1.26202153662643E-01
 1.99056998682090E+03	-2.39373316677424E-01
 1.99057272472093E+03	-3.25292720026882E-01
 1.99057546262096E+03	-3.74921307023171E-01
 1.99057820052099E+03	-3.69597866242447E-01
 1.99058093842102E+03	-2.97627353751319E-01
 1.99058367632105E+03	-1.68692746360391E-01
 1.99058641422108E+03	-1.51229570884491E-02
 1.99058915212111E+03	 1.25042201346736E-01
 1.99059189002114E+03	 2.33713865661765E-01
 1.99059462792117E+03	 3.20061315430096E-01
 1.99059736582120E+03	 3.94431349116965E-01
 1.99060010372123E+03	 4.36099584505382E-01
 1.99060284162127E+03	 3.98980839409912E-01
 1.99060557952130E+03	 2.57062930726331E-01
 1.99060831742133E+03	 3.99595695491331E-02
 1.99061105532136E+03	-1.81448001721798E-01
 1.99061379322139E+03	-3.40504813450247E-01
 1.99061653112142E+03	-4.02244318400056E-01
 1.99061926902145E+03	-3.56812317522006E-01
 1.99062200692148E+03	-2.08552339489357E-01
 1.99062474482151E+03	 1.34424211226753E-02
 1.99062748272154E+03	 2.41258990750530E-01
 1.99063022062157E+03	 3.87448733693927E-01
 1.99063295852160E+03	 3.97190749461025E-01
 1.99063569642163E+03	 2.85325840264971E-01
 1.99063843432167E+03	 1.18015682923339E-01
 1.99064117222170E+03	-4.20735098777147E-02
 1.99064391012173E+03	-1.70637292780342E-01
 1.99064664802176E+03	-2.70006853902890E-01
 1.99064938592179E+03	-3.38749621594247E-01
 1.99065212382182E+03	-3.61420842926833E-01
 1.99065486172185E+03	-3.22792708366145E-01
 1.99065759962188E+03	-2.24307499528859E-01
 1.99066033752191E+03	-8.69171588952053E-02
 1.99066307542194E+03	 5.96295732820251E-02
 1.99066581332197E+03	 1.93622054620223E-01
 1.99066855122200E+03	 3.10951153332815E-01
 1.99067128912203E+03	 4.13529890823656E-01
 1.99067402702206E+03	 4.83978086580866E-01
 1.99067676492210E+03	 4.79531496303219E-01
 1.99067950282213E+03	 3.64529626804757E-01
 1.99068224072216E+03	 1.52260994276289E-01
 1.99068497862219E+03	-9.21202943129170E-02
 1.99068771652222E+03	-2.92508590616659E-01
 1.99069045442225E+03	-4.01321168270641E-01
 1.99069319232228E+03	-4.02667465576934E-01
 1.99069593022231E+03	-2.96544248093539E-01
 1.99069866812234E+03	-1.00179862087235E-01
 1.99070140602237E+03	 1.34493040792384E-01
 1.99070414392240E+03	 3.23884026297878E-01
 1.99070688182243E+03	 3.94300975929430E-01
 1.99070961972246E+03	 3.29967156641206E-01
 1.99071235762250E+03	 1.79358997081434E-01
 1.99071509552253E+03	 1.26354520308532E-02
 1.99071783342256E+03	-1.26639406785699E-01
 1.99072057132259E+03	-2.31397285203901E-01
 1.99072330922262E+03	-3.05375444898699E-01
 1.99072604712265E+03	-3.40641750361593E-01
 1.99072878502268E+03	-3.22740461632830E-01
 1.99073152292271E+03	-2.49672501875974E-01
 1.99073426082274E+03	-1.38573210752299E-01
 1.99073699872277E+03	-1.38930397936487E-02
 1.99073973662280E+03	 1.09066179301125E-01
 1.99074247452283E+03	 2.29772896771163E-01
 1.99074521242286E+03	 3.50823082330691E-01
 1.99074795032290E+03	 4.56304574471766E-01
 1.99075068822293E+03	 5.02680940489604E-01
 1.99075342612296E+03	 4.42212989914710E-01
 1.99075616402299E+03	 2.65984213187103E-01
 1.99075890192302E+03	 2.32940769904639E-02
 1.99076163982305E+03	-2.06571127733778E-01
 1.99076437772308E+03	-3.61015176033992E-01
 1.99076711562311E+03	-4.12905878084390E-01
 1.99076985352314E+03	-3.57550660354284E-01
 1.99077259142317E+03	-2.04151372995980E-01
 1.99077532932320E+03	 1.06214218029616E-02
 1.99077806722323E+03	 2.14664440413823E-01
 1.99078080512326E+03	 3.28252881990932E-01
 1.99078354302329E+03	 3.12478625592507E-01
 1.99078628092333E+03	 1.92220613717323E-01
 1.99078901882336E+03	 3.11641230657215E-02
 1.99079175672339E+03	-1.15305170542857E-01
 1.99079449462342E+03	-2.25658543471649E-01
 1.99079723252345E+03	-3.00641703198425E-01
 1.99079997042348E+03	-3.38302359002545E-01
 1.99080270832351E+03	-3.27518534946550E-01
 1.99080544622354E+03	-2.64000072378702E-01
 1.99080818412357E+03	-1.64263408340677E-01
 1.99081092202360E+03	-5.70287669374601E-02
 1.99081365992363E+03	 4.01447305999523E-02
 1.99081639782366E+03	 1.33383182455330E-01
 1.99081913572369E+03	 2.39176817277316E-01
 1.99082187362373E+03	 3.55463418137815E-01
 1.99082461152376E+03	 4.44384922534771E-01
 1.99082734942379E+03	 4.48658126118853E-01
 1.99083008732382E+03	 3.34941979723072E-01
 1.99083282522385E+03	 1.27017493780286E-01
 1.99083556312388E+03	-1.04841827243476E-01
 1.99083830102391E+03	-2.88199690273113E-01
 1.99084103892394E+03	-3.81614418760733E-01
 1.99084377682397E+03	-3.72542401082222E-01
 1.99084651472400E+03	-2.64060693703544E-01
 1.99084925262403E+03	-8.07983885022617E-02
 1.99085199052406E+03	 1.17971156630378E-01
 1.99085472842409E+03	 2.53614049575028E-01
 1.99085746632413E+03	 2.73170701818294E-01
 1.99086020422416E+03	 1.82375657183733E-01
 1.99086294212419E+03	 3.38143219598916E-02
 1.99086568002422E+03	-1.15008978748614E-01
 1.99086841792425E+03	-2.32849298070553E-01
 1.99087115582428E+03	-3.13576629262583E-01
 1.99087389372431E+03	-3.55761723206314E-01
 1.99087663162434E+03	-3.50321294408001E-01
 1.99087936952437E+03	-2.89666256187830E-01
 1.99088210742440E+03	-1.85836643237723E-01
 1.99088484532443E+03	-7.24403812276775E-02
 1.99088758322446E+03	 1.86679438932148E-02
 1.99089032112449E+03	 8.45434267234796E-02
 1.99089305902452E+03	 1.51042007866185E-01
 1.99089579692456E+03	 2.40427348494534E-01
 1.99089853482459E+03	 3.36992924677147E-01
 1.99090127272462E+03	 3.87098952009792E-01
 1.99090401062465E+03	 3.38703264716043E-01
 1.99090674852468E+03	 1.86346407197990E-01
 1.99090948642471E+03	-1.99402257802065E-02
 1.99091222432474E+03	-2.08273820471215E-01
 1.99091496222477E+03	-3.25417091410872E-01
 1.99091770012480E+03	-3.48448598975270E-01
 1.99092043802483E+03	-2.73988897966085E-01
 1.99092317592486E+03	-1.17318503738249E-01
 1.99092591382489E+03	 7.37766525277648E-02
 1.99092865172492E+03	 2.23199912929749E-01
 1.99093138962496E+03	 2.66597043453321E-01
 1.99093412752499E+03	 1.94215627074052E-01
 1.99093686542502E+03	 5.14215788025026E-02
 1.99093960332505E+03	-1.01747439133222E-01
 1.99094234122508E+03	-2.28409586051814E-01
 1.99094507912511E+03	-3.19080559379951E-01
 1.99094781702514E+03	-3.72242062501105E-01
 1.99095055492517E+03	-3.79155677544709E-01
 1.99095329282520E+03	-3.27906720827241E-01
 1.99095603072523E+03	-2.20979326319900E-01
 1.99095876862526E+03	-8.72799016154096E-02
 1.99096150652529E+03	 2.94627345740632E-02
 1.99096424442532E+03	 1.02583653362352E-01
 1.99096698232536E+03	 1.44407693986143E-01
 1.99096972022539E+03	 1.90220133429596E-01
 1.99097245812542E+03	 2.55322259440241E-01
 1.99097519602545E+03	 3.09648877044336E-01
 1.99097793392548E+03	 2.99466552760436E-01
 1.99098067182551E+03	 1.96351913716176E-01
 1.99098340972554E+03	 2.53910651710783E-02
 1.99098614762557E+03	-1.51906370375979E-01
 1.99098888552560E+03	-2.77271000003773E-01
 1.99099162342563E+03	-3.18197819805438E-01
 1.99099436132566E+03	-2.63973747665587E-01
 1.99099709922569E+03	-1.21370140372518E-01
 1.99099983712572E+03	 7.29254909121510E-02
 1.99100257502576E+03	 2.46349450158809E-01
 1.99100531292579E+03	 3.21404138237161E-01
 1.99100805082582E+03	 2.67522312980344E-01
 1.99101078872585E+03	 1.20917815865680E-01
 1.99101352662588E+03	-5.00610613742805E-02
 1.99101626452591E+03	-1.95661409252800E-01
 1.99101900242594E+03	-3.01874388561088E-01
 1.99102174032597E+03	-3.70555712261674E-01
 1.99102447822600E+03	-3.96520396059807E-01
 1.99102721612603E+03	-3.65775295350351E-01
 1.99102995402606E+03	-2.70944905810228E-01
 1.99103269192609E+03	-1.27546534690648E-01
 1.99103542982612E+03	 2.42674260972514E-02
 1.99103816772615E+03	 1.40397078089198E-01
 1.99104090562619E+03	 2.03841817437583E-01
 1.99104364352622E+03	 2.34942706337009E-01
 1.99104638142625E+03	 2.63762728751532E-01
 1.99104911932628E+03	 2.90636940475391E-01
 1.99105185722631E+03	 2.79971891537006E-01
 1.99105459512634E+03	 1.96743722758981E-01
 1.99105733302637E+03	 4.62198031074122E-02
 1.99106007092640E+03	-1.24229063522342E-01
 1.99106280882643E+03	-2.57334266511108E-01
 1.99106554672646E+03	-3.14377104024437E-01
 1.99106828462649E+03	-2.78046028810968E-01
 1.99107102252652E+03	-1.46732400797054E-01
 1.99107376042655E+03	 5.57274391365315E-02
 1.99107649832659E+03	 2.65569392250250E-01
 1.99107923622662E+03	 3.95272651335627E-01
 1.99108197412665E+03	 3.86048023374059E-01
 1.99108471202668E+03	 2.50424483968032E-01
 1.99108744992671E+03	 5.82592598003305E-02
 1.99109018782674E+03	-1.19961902852550E-01
 1.99109292572677E+03	-2.53473362354102E-01
 1.99109566362680E+03	-3.43246261371037E-01
 1.99109840152683E+03	-3.91396248055313E-01
 1.99110113942686E+03	-3.87729468444688E-01
 1.99110387732689E+03	-3.20532880746751E-01
 1.99110661522692E+03	-1.93118670616049E-01
 1.99110935312695E+03	-3.11366507466520E-02
 1.99111209102699E+03	 1.24608639525341E-01
 1.99111482892702E+03	 2.39213431173567E-01
 1.99111756682705E+03	 3.04643199595809E-01
 1.99112030472708E+03	 3.37274598941947E-01
 1.99112304262711E+03	 3.49361940220018E-01
 1.99112578052714E+03	 3.26497719793384E-01
 1.99112851842717E+03	 2.41485851703731E-01
 1.99113125632720E+03	 9.08133623831689E-02
 1.99113399422723E+03	-8.92181981814480E-02
 1.99113673212726E+03	-2.43612677873588E-01
 1.99113947002729E+03	-3.29339190830896E-01
 1.99114220792732E+03	-3.24315082795787E-01
 1.99114494582735E+03	-2.20399713466497E-01
 1.99114768372738E+03	-2.78060698559879E-02
 1.99115042162742E+03	 2.06200804765900E-01
 1.99115315952745E+03	 3.96553162648721E-01
 1.99115589742748E+03	 4.61095795784063E-01
 1.99115863532751E+03	 3.76106866180220E-01
 1.99116137322754E+03	 1.91660005384405E-01
 1.99116411112757E+03	-1.10760755956869E-02
 1.99116684902760E+03	-1.76598935844956E-01
 1.99116958692763E+03	-2.92021419772782E-01
 1.99117232482766E+03	-3.62111186308067E-01
 1.99117506272769E+03	-3.83880775017780E-01
 1.99117780062772E+03	-3.47709611025954E-01
 1.99118053852775E+03	-2.52663205245565E-01
 1.99118327642778E+03	-1.14051763316516E-01
 1.99118601432782E+03	 4.08682233434578E-02
 1.99118875222785E+03	 1.83000138222899E-01
 1.99119149012788E+03	 2.93078304823658E-01
 1.99119422802791E+03	 3.67069697938809E-01
 1.99119696592794E+03	 4.06175789656206E-01
 1.99119970382797E+03	 3.99933999953658E-01
 1.99120244172800E+03	 3.27064535539516E-01
 1.99120517962803E+03	 1.80591009547066E-01
 1.99120791752806E+03	-1.08990863739861E-02
 1.99121065542809E+03	-1.93602104722415E-01
 1.99121339332812E+03	-3.18894343179946E-01
 1.99121613122815E+03	-3.59621457138714E-01
 1.99121886912818E+03	-3.03896532749772E-01
 1.99122160702822E+03	-1.51831900856117E-01
 1.99122434492825E+03	 6.84688069795107E-02
 1.99122708282828E+03	 2.87855103728626E-01
 1.99122982072831E+03	 4.18632980671226E-01
 1.99123255862834E+03	 4.07130268405424E-01
 1.99123529652837E+03	 2.69791621243828E-01
 1.99123803442840E+03	 7.61735321771768E-02
 1.99124077232843E+03	-1.04120010810493E-01
 1.99124351022846E+03	-2.38441802374341E-01
 1.99124624812849E+03	-3.24376169766634E-01
 1.99124898602852E+03	-3.62672015952713E-01
 1.99125172392855E+03	-3.47412685204462E-01
 1.99125446182858E+03	-2.78155112026336E-01
 1.99125719972861E+03	-1.69696799533106E-01
 1.99125993762865E+03	-4.51193608912936E-02
 1.99126267552868E+03	 7.73804785187334E-02
 1.99126541342871E+03	 1.89575859682354E-01
 1.99126815132874E+03	 2.88589256530620E-01
 1.99127088922877E+03	 3.67491522711542E-01
 1.99127362712880E+03	 4.07136708607287E-01
 1.99127636502883E+03	 3.79497432283392E-01
 1.99127910292886E+03	 2.68175741181717E-01
 1.99128184082889E+03	 9.07228157498869E-02
 1.99128457872892E+03	-1.03132078026461E-01
 1.99128731662895E+03	-2.59036936203577E-01
 1.99129005452898E+03	-3.42179575710947E-01
 1.99129279242901E+03	-3.37107383659745E-01
 1.99129553032905E+03	-2.39060620744155E-01
 1.99129826822908E+03	-6.21560304339582E-02
 1.99130100612911E+03	 1.43506366173232E-01
 1.99130374402914E+03	 2.99226981361985E-01
 1.99130648192917E+03	 3.39572034247415E-01
 1.99130921982920E+03	 2.54823958035241E-01
 1.99131195772923E+03	 9.31433618794218E-02
 1.99131469562926E+03	-7.85951552613825E-02
 1.99131743352929E+03	-2.16341650399545E-01
 1.99132017142932E+03	-3.07623098656026E-01
 1.99132290932935E+03	-3.51794479887614E-01
 1.99132564722938E+03	-3.44145624441180E-01
 1.99132838512941E+03	-2.82719841654486E-01
 1.99133112302945E+03	-1.82830927561770E-01
 1.99133386092948E+03	-7.43315808944091E-02
 1.99133659882951E+03	 1.91727885055248E-02
 1.99133933672954E+03	 9.61244472878960E-02
 1.99134207462957E+03	 1.70632291812131E-01
 1.99134481252960E+03	 2.50581063398570E-01
 1.99134755042963E+03	 3.20482622840103E-01
 1.99135028832966E+03	 3.44495361765757E-01
 1.99135302622969E+03	 2.90230876289961E-01
 1.99135576412972E+03	 1.56693049235792E-01
 1.99135850202975E+03	-1.83061326781807E-02
 1.99136123992978E+03	-1.79770160134408E-01
 1.99136397782981E+03	-2.84764717546109E-01
 1.99136671572985E+03	-3.11839263120909E-01
 1.99136945362988E+03	-2.53108351751074E-01
 1.99137219152991E+03	-1.15179189408204E-01
 1.99137492942994E+03	 6.50850178097890E-02
 1.99137766732997E+03	 2.18536983445288E-01
 1.99138040523000E+03	 2.76747356813765E-01
 1.99138314313003E+03	 2.16704868201569E-01
 1.99138588103006E+03	 7.33773558129312E-02
 1.99138861893009E+03	-9.11004388095760E-02
 1.99139135683012E+03	-2.28979440332644E-01
 1.99139409473015E+03	-3.22435593966115E-01
 1.99139683263018E+03	-3.69450261742556E-01
 1.99139957053021E+03	-3.65576710966446E-01
 1.99140230843024E+03	-3.04682379692391E-01
 1.99140504633028E+03	-1.95548019466837E-01
 1.99140778423031E+03	-7.03715640763212E-02
 1.99141052213034E+03	 3.14891569685087E-02
 1.99141326003037E+03	 9.24281319262835E-02
 1.99141599793040E+03	 1.28262456415887E-01
 1.99141873583043E+03	 1.68250527008054E-01
 1.99142147373046E+03	 2.21641732623446E-01
 1.99142421163049E+03	 2.63112690066327E-01
 1.99142694953052E+03	 2.51522497415838E-01
 1.99142968743055E+03	 1.65485669211194E-01
 1.99143242533058E+03	 2.40580676429389E-02
 1.99143516323061E+03	-1.24767290267263E-01
 1.99143790113064E+03	-2.33645734340560E-01
 1.99144063903068E+03	-2.73962912007408E-01
 1.99144337693071E+03	-2.33084413714323E-01
 1.99144611483074E+03	-1.11644345563487E-01
 1.99144885273077E+03	 6.29594209851681E-02
 1.99145159063080E+03	 2.26742828738313E-01
 1.99145432853083E+03	 3.03747799889218E-01
 1.99145706643086E+03	 2.55720091644020E-01
 1.99145980433089E+03	 1.08696423907713E-01
 1.99146254223092E+03	-7.15121697111513E-02
 1.99146528013095E+03	-2.27646495875978E-01
 1.99146801803098E+03	-3.36088098865230E-01
 1.99147075593101E+03	-3.95524295840392E-01
 1.99147349383104E+03	-4.04384947264687E-01
 1.99147623173108E+03	-3.54485853279322E-01
 1.99147896963111E+03	-2.44610059058191E-01
 1.99148170753114E+03	-9.69562837723845E-02
 1.99148444543117E+03	 4.43836822285217E-02
 1.99148718333120E+03	 1.38582422390061E-01
 1.99148992123123E+03	 1.77238266673897E-01
 1.99149265913126E+03	 1.87424817402673E-01
 1.99149539703129E+03	 2.01365530475653E-01
 1.99149813493132E+03	 2.21606104823664E-01
 1.99150087283135E+03	 2.17660711303250E-01
 1.99150361073138E+03	 1.57421106302466E-01
 1.99150634863141E+03	 4.07798116796227E-02
 1.99150908653144E+03	-9.66353966359357E-02
 1.99151182443147E+03	-2.08011780848941E-01
 1.99151456233151E+03	-2.59107505709169E-01
 1.99151730023154E+03	-2.31652422209786E-01
 1.99152003813157E+03	-1.19095552022246E-01
 1.99152277603160E+03	 6.28621189596576E-02
 1.99152551393163E+03	 2.58749044069151E-01
 1.99152825183166E+03	 3.84054053576360E-01
 1.99153098973169E+03	 3.75103677283254E-01
 1.99153372763172E+03	 2.35950076756384E-01
 1.99153646553175E+03	 3.24533646231800E-02
 1.99153920343178E+03	-1.60333291850796E-01
 1.99154194133181E+03	-3.02506809423209E-01
 1.99154467923184E+03	-3.89135652502102E-01
 1.99154741713187E+03	-4.23297526870469E-01
 1.99155015503191E+03	-3.99729263003690E-01
 1.99155289293194E+03	-3.11751990276401E-01
 1.99155563083197E+03	-1.67945049238925E-01
 1.99155836873200E+03	-8.17800832966875E-04
 1.99156110663203E+03	 1.43004447242131E-01
 1.99156384453206E+03	 2.28978966731527E-01
 1.99156658243209E+03	 2.57117663308052E-01
 1.99156932033212E+03	 2.55961815320823E-01
 1.99157205823215E+03	 2.49545693163525E-01
 1.99157479613218E+03	 2.31495365554991E-01
 1.99157753403221E+03	 1.75362796718245E-01
 1.99158027193224E+03	 6.89437301797623E-02
 1.99158300983227E+03	-6.61222984200616E-02
 1.99158574773231E+03	-1.87569190756813E-01
 1.99158848563234E+03	-2.58005623651488E-01
 1.99159122353237E+03	-2.54692326141762E-01
 1.99159396143240E+03	-1.64846330749724E-01
 1.99159669933243E+03	 9.28763240224154E-03
 1.99159943723246E+03	 2.29416828617391E-01
 1.99160217513249E+03	 4.14561550238909E-01
 1.99160491303252E+03	 4.78072762695847E-01
 1.99160765093255E+03	 3.87426136821927E-01
 1.99161038883258E+03	 1.88229376212919E-01
 1.99161312673261E+03	-3.43515688492437E-02
 1.99161586463264E+03	-2.16012710699044E-01
 1.99161860253267E+03	-3.37023453867156E-01
 1.99162134043270E+03	-4.01076978210317E-01
 1.99162407833274E+03	-4.08657312394234E-01
 1.99162681623277E+03	-3.54258460733900E-01
 1.99162955413280E+03	-2.39653876137551E-01
 1.99163229203283E+03	-8.36610753996780E-02
 1.99163502993286E+03	 7.89886077211971E-02
 1.99163776783289E+03	 2.09595106102572E-01
 1.99164050573292E+03	 2.84793715768029E-01
 1.99164324363295E+03	 3.08750212506231E-01
 1.99164598153298E+03	 3.02007731472591E-01
 1.99164871943301E+03	 2.75016458511441E-01
 1.99165145733304E+03	 2.17111643804062E-01
 1.99165419523307E+03	 1.15496688855926E-01
 1.99165693313310E+03	-1.93199426147975E-02
 1.99165967103314E+03	-1.52547189364100E-01
 1.99166240893317E+03	-2.46360893451911E-01
 1.99166514683320E+03	-2.75247522286445E-01
 1.99166788473323E+03	-2.23357511548864E-01
 1.99167062263326E+03	-8.30380727986877E-02
 1.99167336053329E+03	 1.27706782187966E-01
 1.99167609843332E+03	 3.46216894159995E-01
 1.99167883633335E+03	 4.81048086039859E-01
 1.99168157423338E+03	 4.66939406498952E-01
 1.99168431213341E+03	 3.12380185500787E-01
 1.99168705003344E+03	 9.07189199618390E-02
 1.99168978793347E+03	-1.16718848823633E-01
 1.99169252583350E+03	-2.67502306368421E-01
 1.99169526373354E+03	-3.56742917306508E-01
 1.99169800163357E+03	-3.88458571795014E-01
 1.99170073953360E+03	-3.61366150451321E-01
 1.99170347743363E+03	-2.77358483440127E-01
 1.99170621533366E+03	-1.50737326374186E-01
 1.99170895323369E+03	-5.66331504502086E-03
 1.99171169113372E+03	 1.31110797661555E-01
 1.99171442903375E+03	 2.36662771426031E-01
 1.99171716693378E+03	 2.99035664825556E-01
 1.99171990483381E+03	 3.20065223326506E-01
 1.99172264273384E+03	 3.06181900788211E-01
 1.99172538063387E+03	 2.55881665931808E-01
 1.99172811853390E+03	 1.62704404018292E-01
 1.99173085643394E+03	 3.29238747172978E-02
 1.99173359433397E+03	-1.05818841956881E-01
 1.99173633223400E+03	-2.17554928982259E-01
 1.99173907013403E+03	-2.75301732919802E-01
 1.99174180803406E+03	-2.62666495636030E-01
 1.99174454593409E+03	-1.68214663274444E-01
 1.99174728383412E+03	 4.93014830929919E-03
 1.99175002173415E+03	 2.16979018980871E-01
 1.99175275963418E+03	 3.89359497034436E-01
 1.99175549753421E+03	 4.43207029203442E-01
 1.99175823543424E+03	 3.52751135299922E-01
 1.99176097333427E+03	 1.63053067762850E-01
 1.99176371123430E+03	-4.63458040272343E-02
 1.99176644913433E+03	-2.14977145899257E-01
 1.99176918703437E+03	-3.22318057249176E-01
 1.99177192493440E+03	-3.69527210598621E-01
 1.99177466283443E+03	-3.58031333484726E-01
 1.99177740073446E+03	-2.90893948774041E-01
 1.99178013863449E+03	-1.83735224253762E-01
 1.99178287653452E+03	-6.19576440784552E-02
 1.99178561443455E+03	 5.32351748055326E-02
 1.99178835233458E+03	 1.51484996028942E-01
 1.99179109023461E+03	 2.28199203565916E-01
 1.99179382813464E+03	 2.78484917593380E-01
 1.99179656603467E+03	 2.95489043220841E-01
 1.99179930393470E+03	 2.70564627245905E-01
 1.99180204183473E+03	 1.97040835585619E-01
 1.99180477973477E+03	 8.01936011297895E-02
 1.99180751763480E+03	-5.59195217380187E-02
 1.99181025553483E+03	-1.76735393099995E-01
 1.99181299343486E+03	-2.53765875090944E-01
 1.99181573133489E+03	-2.70381168736877E-01
 1.99181846923492E+03	-2.15432303799975E-01
 1.99182120713495E+03	-8.51909065667367E-02
 1.99182394503498E+03	 9.78093379834539E-02
 1.99182668293501E+03	 2.72813770467207E-01
 1.99182942083504E+03	 3.63437009842800E-01
 1.99183215873507E+03	 3.25479870879520E-01
 1.99183489663510E+03	 1.77376763421083E-01
 1.99183763453513E+03	-1.60321021277135E-02
 1.99184037243517E+03	-1.89425900870909E-01
 1.99184311033520E+03	-3.08941331420131E-01
 1.99184584823523E+03	-3.68040121219555E-01
 1.99184858613526E+03	-3.66990909358942E-01
 1.99185132403529E+03	-3.07192015868730E-01
 1.99185406193532E+03	-2.02694038017230E-01
 1.99185679983535E+03	-8.42082631656652E-02
 1.99185953773538E+03	 1.76820771764823E-02
 1.99186227563541E+03	 9.24739389201320E-02
 1.99186501353544E+03	 1.49554452041697E-01
 1.99186775143547E+03	 1.99550287836404E-01
 1.99187048933550E+03	 2.38322694844881E-01
 1.99187322723553E+03	 2.47445509219400E-01
 1.99187596513556E+03	 2.07956016758843E-01
 1.99187870303560E+03	 1.16488122164329E-01
 1.99188144093563E+03	-7.26789556252495E-03
 1.99188417883566E+03	-1.28630586469798E-01
 1.99188691673569E+03	-2.15649314045174E-01
 1.99188965463572E+03	-2.49292751555858E-01
 1.99189239253575E+03	-2.18930958324460E-01
 1.99189513043578E+03	-1.18931720395589E-01
 1.99189786833581E+03	 3.78293190064311E-02
 1.99190060623584E+03	 2.03617731446540E-01
 1.99190334413587E+03	 3.07356907881014E-01
 1.99190608203590E+03	 2.96908238174200E-01
 1.99190881993593E+03	 1.75282093150624E-01
 1.99191155783596E+03	-4.46397134231846E-03
 1.99191429573600E+03	-1.78542635156456E-01
 1.99191703363603E+03	-3.07123631679403E-01
 1.99191977153606E+03	-3.77967488420647E-01
 1.99192250943609E+03	-3.88974842564378E-01
 1.99192524733612E+03	-3.37937564765998E-01
 1.99192798523615E+03	-2.31723691811340E-01
 1.99193072313618E+03	-9.85903851383273E-02
 1.99193346103621E+03	 1.94683979327379E-02
 1.99193619893624E+03	 9.35853543538413E-02
 1.99193893683627E+03	 1.27387716920503E-01
 1.99194167473630E+03	 1.47132310016998E-01
 1.99194441263633E+03	 1.71985676628617E-01
 1.99194715053636E+03	 1.94180841140394E-01
 1.99194988843640E+03	 1.86829091796715E-01
 1.99195262633643E+03	 1.29755856643941E-01
 1.99195536423646E+03	 2.93166449453096E-02
 1.99195810213649E+03	-8.37413792876117E-02
 1.99196084003652E+03	-1.73583627680178E-01
 1.99196357793655E+03	-2.15773140440319E-01
 1.99196631583658E+03	-1.97437124757361E-01
 1.99196905373661E+03	-1.11337363229150E-01
 1.99197179163664E+03	 3.59438339278279E-02
 1.99197452953667E+03	 2.05166972521497E-01
 1.99197726743670E+03	 3.25968833136479E-01
 1.99198000533673E+03	 3.35278610344265E-01
 1.99198274323676E+03	 2.22739466114149E-01
 1.99198548113679E+03	 3.71090799472980E-02
 1.99198821903683E+03	-1.52190057853498E-01
 1.99199095693686E+03	-2.97872763492148E-01
 1.99199369483689E+03	-3.84948149190678E-01
 1.99199643273692E+03	-4.12567745268682E-01
 1.99199917063695E+03	-3.77796333326210E-01
 1.99200190853698E+03	-2.79684681714012E-01
 1.99200464643701E+03	-1.35118899554980E-01
 1.99200738433704E+03	 1.55774208489759E-02
 1.99201012223707E+03	 1.26120197579542E-01
 1.99201286013710E+03	 1.73963258364603E-01
 1.99201559803713E+03	 1.74520947639597E-01
 1.99201833593716E+03	 1.63149332510842E-01
 1.99202107383719E+03	 1.60469761674120E-01
 1.99202381173723E+03	 1.55195111013866E-01
 1.99202654963726E+03	 1.20388197927866E-01
 1.99202928753729E+03	 4.42944096062353E-02
 1.99203202543732E+03	-5.55099048350639E-02
 1.99203476333735E+03	-1.44810615386818E-01
 1.99203750123738E+03	-1.93987338867137E-01
 1.99204023913741E+03	-1.85413917388352E-01
 1.99204297703744E+03	-1.08071385423856E-01
 1.99204571493747E+03	 3.92256565280825E-02
 1.99204845283750E+03	 2.27930037877370E-01
 1.99205119073753E+03	 3.89139737140653E-01
 1.99205392863756E+03	 4.42707383909476E-01
 1.99205666653759E+03	 3.52712532488012E-01
 1.99205940443763E+03	 1.55921554993586E-01
 1.99206214233766E+03	-6.77230005140493E-02
 1.99206488023769E+03	-2.51327678222908E-01
 1.99206761813772E+03	-3.69158631052830E-01
 1.99207035603775E+03	-4.22107531161583E-01
 1.99207309393778E+03	-4.12218959374935E-01
 1.99207583183781E+03	-3.36947096702706E-01
 1.99207856973784E+03	-2.02204550594452E-01
 1.99208130763787E+03	-3.48641697597289E-02
 1.99208404553790E+03	 1.20117000470805E-01
 1.99208678343793E+03	 2.20028117235093E-01
 1.99208952133796E+03	 2.49753878800565E-01
 1.99209225923799E+03	 2.29697553962069E-01
 1.99209499713803E+03	 1.94632515467812E-01
 1.99209773503806E+03	 1.61655357702215E-01
 1.99210047293809E+03	 1.20073386713518E-01
 1.99210321083812E+03	 5.24208992839209E-02
 1.99210594873815E+03	-3.92435789102707E-02
 1.99210868663818E+03	-1.30217403667155E-01
 1.99211142453821E+03	-1.90847366718494E-01
 1.99211416243824E+03	-2.00027603503876E-01
 1.99211690033827E+03	-1.42816445791832E-01
 1.99211963823830E+03	-8.82374006935349E-03
 1.99212237613833E+03	 1.90353577130219E-01
 1.99212511403836E+03	 3.98770814165538E-01
 1.99212785193839E+03	 5.26480488898316E-01
 1.99213058983842E+03	 5.03229053171036E-01
 1.99213332773846E+03	 3.31797723333398E-01
 1.99213606563849E+03	 8.61697682944551E-02
 1.99213880353852E+03	-1.44584727223193E-01
 1.99214154143855E+03	-3.09238536684758E-01
 1.99214427933858E+03	-3.99463067456099E-01
 1.99214701723861E+03	-4.21843366805521E-01
 1.99214975513864E+03	-3.78983487842199E-01
 1.99215249303867E+03	-2.74260285653509E-01
 1.99215523093870E+03	-1.23366833973849E-01
 1.99215796883873E+03	 4.28143091380307E-02
 1.99216070673876E+03	 1.85315893079557E-01
 1.99216344463879E+03	 2.71733547999879E-01
 1.99216618253882E+03	 2.92638038746467E-01
 1.99216892043886E+03	 2.65190032393986E-01
 1.99217165833889E+03	 2.15392909285889E-01
 1.99217439623892E+03	 1.55100109459676E-01
 1.99217713413895E+03	 7.95624439620472E-02
 1.99217987203898E+03	-1.36116663124526E-02
 1.99218260993901E+03	-1.10040364238133E-01
 1.99218534783904E+03	-1.85288917709437E-01
 1.99218808573907E+03	-2.18924408477913E-01
 1.99219082363910E+03	-1.95880743726524E-01
 1.99219356153913E+03	-1.00702085510067E-01
 1.99219629943916E+03	 7.26156829275280E-02
 1.99219903733919E+03	 2.93603945639540E-01
 1.99220177523922E+03	 4.84127913054972E-01
 1.99220451313926E+03	 5.53239283148504E-01
 1.99220725103929E+03	 4.59546715632301E-01
 1.99220998893932E+03	 2.43136200694388E-01
 1.99221272683935E+03	-6.18808176249371E-03
 1.99221546473938E+03	-2.11483414217373E-01
 1.99221820263941E+03	-3.41732163773399E-01
 1.99222094053944E+03	-3.97819563643575E-01
 1.99222367843947E+03	-3.86485969430410E-01
 1.99222641633950E+03	-3.14565297588127E-01
 1.99222915423953E+03	-1.96716293053575E-01
 1.99223189213956E+03	-5.62060636043764E-02
 1.99223463003959E+03	 8.17960539387140E-02
 1.99223736793962E+03	 1.94213635163739E-01
 1.99224010583965E+03	 2.62705435264653E-01
 1.99224284373969E+03	 2.80252177564724E-01
 1.99224558163972E+03	 2.54350810249555E-01
 1.99224831953975E+03	 1.98358169433376E-01
 1.99225105743978E+03	 1.20490979275342E-01
 1.99225379533981E+03	 2.57068159403506E-02
 1.99225653323984E+03	-7.40390823696354E-02
 1.99225927113987E+03	-1.58874827657497E-01
 1.99226200903990E+03	-2.11046937726995E-01
 1.99226474693993E+03	-2.19040498165715E-01
 1.99226748483996E+03	-1.70252464856777E-01
 1.99227022273999E+03	-5.08107384759570E-02
 1.99227296064002E+03	 1.33125846283357E-01
 1.99227569854005E+03	 3.31643391358859E-01
 1.99227843644009E+03	 4.61045210531825E-01
 1.99228117434012E+03	 4.53874163676960E-01
 1.99228391224015E+03	 3.08071549361309E-01
 1.99228665014018E+03	 8.75680659357546E-02
 1.99228938804021E+03	-1.25660875626889E-01
 1.99229212594024E+03	-2.79580435803331E-01
 1.99229486384027E+03	-3.60165532430684E-01
 1.99229760174030E+03	-3.70674298413202E-01
 1.99230033964033E+03	-3.18817000243975E-01
 1.99230307754036E+03	-2.21607739103689E-01
 1.99230581544039E+03	-1.06582275013972E-01
 1.99230855334042E+03	 1.53828728579563E-03
 1.99231129124045E+03	 9.20012813367765E-02
 1.99231402914049E+03	 1.62626754099728E-01
 1.99231676704052E+03	 2.08668805003182E-01
 1.99231950494055E+03	 2.22070918968925E-01
 1.99232224284058E+03	 1.98402799353684E-01
 1.99232498074061E+03	 1.40095311962778E-01
 1.99232771864064E+03	 5.57688685587242E-02
 1.99233045654067E+03	-3.91475893612528E-02
 1.99233319444070E+03	-1.24009298964170E-01
 1.99233593234073E+03	-1.80949881173310E-01
 1.99233867024076E+03	-2.00734048732806E-01
 1.99234140814079E+03	-1.77188475048852E-01
 1.99234414604082E+03	-1.00288282372174E-01
 1.99234688394085E+03	 3.34539791761791E-02
 1.99234962184088E+03	 1.97676550869100E-01
 1.99235235974092E+03	 3.30359545755044E-01
 1.99235509764095E+03	 3.64845641550726E-01
 1.99235783554098E+03	 2.76196763370478E-01
 1.99236057344101E+03	 9.96993514002345E-02
 1.99236331134104E+03	-9.58666768027002E-02
 1.99236604924107E+03	-2.52464478653578E-01
 1.99236878714110E+03	-3.43984843160802E-01
 1.99237152504113E+03	-3.66165278516444E-01
 1.99237426294116E+03	-3.22261364456619E-01
 1.99237700084119E+03	-2.25735761485957E-01
 1.99237973874122E+03	-1.07501768591647E-01
 1.99238247664125E+03	-4.90208417096208E-03
 1.99238521454128E+03	 6.24214558439441E-02
 1.99238795244132E+03	 1.01587369376501E-01
 1.99239069034135E+03	 1.29470590127851E-01
 1.99239342824138E+03	 1.50651425913091E-01
 1.99239616614141E+03	 1.53788562933756E-01
 1.99239890404144E+03	 1.25106149752866E-01
 1.99240164194147E+03	 6.23063943878392E-02
 1.99240437984150E+03	-2.12279348836031E-02
 1.99240711774153E+03	-1.01977048430873E-01
 1.99240985564156E+03	-1.57611191967609E-01
 1.99241259354159E+03	-1.75954629850559E-01
 1.99241533144162E+03	-1.53095445976284E-01
 1.99241806934165E+03	-8.51921411887561E-02
 1.99242080724168E+03	 2.90654600675322E-02
 1.99242354514172E+03	 1.70850548194457E-01
 1.99242628304175E+03	 2.90735928371484E-01
 1.99242902094178E+03	 3.28887402007467E-01
 1.99243175884181E+03	 2.55615970846396E-01
 1.99243449674184E+03	 9.44236159996239E-02
 1.99243723464187E+03	-9.49198113612481E-02
 1.99243997254190E+03	-2.55173152455989E-01
 1.99244271044193E+03	-3.55984922458084E-01
 1.99244544834196E+03	-3.89328980658971E-01
 1.99244818624199E+03	-3.54460021752529E-01
 1.99245092414202E+03	-2.56800223611210E-01
 1.99245366204205E+03	-1.20009426838897E-01
 1.99245639994208E+03	 1.24668556334205E-02
 1.99245913784212E+03	 9.97742633775752E-02
 1.99246187574215E+03	 1.31272554636274E-01
 1.99246461364218E+03	 1.29169716304752E-01
 1.99246735154221E+03	 1.22302964836142E-01
 1.99247008944224E+03	 1.18881645022815E-01
 1.99247282734227E+03	 1.04380671005727E-01
 1.99247556524230E+03	 6.17607394597664E-02
 1.99247830314233E+03	-8.81565240392045E-03
 1.99248104104236E+03	-8.74462130742130E-02
 1.99248377894239E+03	-1.47455760911484E-01
 1.99248651684242E+03	-1.69893393966046E-01
 1.99248925474245E+03	-1.46742828540146E-01
 1.99249199264248E+03	-7.41365988066747E-02
 1.99249473054251E+03	 4.85884890102656E-02
 1.99249746844255E+03	 2.04240344655678E-01
 1.99250020634258E+03	 3.43968746153833E-01
 1.99250294424261E+03	 4.01940574380894E-01
 1.99250568214264E+03	 3.37690825360884E-01
 1.99250842004267E+03	 1.68138004733286E-01
 1.99251115794270E+03	-4.37462294703000E-02
 1.99251389584273E+03	-2.31641130512556E-01
 1.99251663374276E+03	-3.58309370964838E-01
 1.99251937164279E+03	-4.14739280216248E-01
 1.99252210954282E+03	-4.01307284230959E-01
 1.99252484744285E+03	-3.19140472635103E-01
 1.99252758534288E+03	-1.80029771281394E-01
 1.99253032324291E+03	-1.81917210376714E-02
 1.99253306114295E+03	 1.16992801243113E-01
 1.99253579904298E+03	 1.88211459970203E-01
 1.99253853694301E+03	 1.94149080160802E-01
 1.99254127484304E+03	 1.65334967731506E-01
 1.99254401274307E+03	 1.34122714646016E-01
 1.99254675064310E+03	 1.08223528987182E-01
 1.99254948854313E+03	 7.26359889642874E-02
 1.99255222644316E+03	 1.37538405912462E-02
 1.99255496434319E+03	-6.17163234975881E-02
 1.99255770224322E+03	-1.30089257594530E-01
 1.99256044014325E+03	-1.67533728944121E-01
 1.99256317804328E+03	-1.59977086451861E-01
 1.99256591594331E+03	-9.89001426465174E-02
 1.99256865384335E+03	 2.25929136563249E-02
 1.99257139174338E+03	 1.96848817150114E-01
 1.99257412964341E+03	 3.80674636600069E-01
 1.99257686754344E+03	 4.98320727079867E-01
 1.99257960544347E+03	 4.83560144814912E-01
 1.99258234334350E+03	 3.29223490177356E-01
 1.99258508124353E+03	 9.47141289149511E-02
 1.99258781914356E+03	-1.36959667080375E-01
 1.99259055704359E+03	-3.08946138083194E-01
 1.99259329494362E+03	-4.03957209272297E-01
 1.99259603284365E+03	-4.24587186105245E-01
 1.99259877074368E+03	-3.74402858457683E-01
 1.99260150864371E+03	-2.59355662947910E-01
 1.99260424654374E+03	-1.00085022990651E-01
 1.99260698444378E+03	 6.38022960930110E-02
 1.99260972234381E+03	 1.86473180779098E-01
 1.99261246024384E+03	 2.39478389685948E-01
 1.99261519814387E+03	 2.28107182664123E-01
 1.99261793604390E+03	 1.83656892786565E-01
 1.99262067394393E+03	 1.35685105023897E-01
 1.99262341184396E+03	 9.05608767077082E-02
 1.99262614974399E+03	 3.70857267185772E-02
 1.99262888764402E+03	-3.05534777633950E-02
 1.99263162554405E+03	-1.00184114477190E-01
 1.99263436344408E+03	-1.50506968411765E-01
 1.99263710134411E+03	-1.65077936608963E-01
 1.99263983924414E+03	-1.32868189746526E-01
 1.99264257714418E+03	-4.09828034513049E-02
 1.99264531504421E+03	 1.18500699619472E-01
 1.99264805294424E+03	 3.22952591134509E-01
 1.99265079084427E+03	 5.03739190381200E-01
 1.99265352874430E+03	 5.73350162387840E-01
 1.99265626664433E+03	 4.84635123711205E-01
 1.99265900454436E+03	 2.68368157404987E-01
 1.99266174244439E+03	 1.03915435683129E-02
 1.99266448034442E+03	-2.07980965024561E-01
 1.99266721824445E+03	-3.48309552916545E-01
 1.99266995614448E+03	-4.07713131508987E-01
 1.99267269404451E+03	-3.93527428927124E-01
 1.99267543194454E+03	-3.13497541195868E-01
 1.99267816984458E+03	-1.82481533264256E-01
 1.99268090774461E+03	-2.78354484389692E-02
 1.99268364564464E+03	 1.14651276740648E-01
 1.99268638354467E+03	 2.11390086093282E-01
 1.99268912144470E+03	 2.44544010909816E-01
 1.99269185934473E+03	 2.21267464370023E-01
 1.99269459724476E+03	 1.67429849362256E-01
 1.99269733514479E+03	 1.06959038016867E-01
 1.99270007304482E+03	 4.69155361471617E-02
 1.99270281094485E+03	-1.61395107429366E-02
 1.99270554884488E+03	-7.96530920101892E-02
 1.99270828674491E+03	-1.30863313810317E-01
 1.99271102464494E+03	-1.56680291336229E-01
 1.99271376254497E+03	-1.48819986406836E-01
 1.99271650044501E+03	-9.60961055696407E-02
 1.99271923834504E+03	 1.83097201828791E-02
 1.99272197624507E+03	 1.96560439968704E-01
 1.99272471414510E+03	 3.97333247336108E-01
 1.99272745204513E+03	 5.37311372999190E-01
 1.99273018994516E+03	 5.39028134682949E-01
 1.99273292784519E+03	 3.88595179598113E-01
 1.99273566574522E+03	 1.47373392815679E-01
 1.99273840364525E+03	-9.40125699849151E-02
 1.99274114154528E+03	-2.71948485796628E-01
 1.99274387944531E+03	-3.66839007331233E-01
 1.99274661734534E+03	-3.83511867417653E-01
 1.99274935524537E+03	-3.32617856263506E-01
 1.99275209314541E+03	-2.30412387579690E-01
 1.99275483104544E+03	-1.01750223408067E-01
 1.99275756894547E+03	 2.61277773669351E-02
 1.99276030684550E+03	 1.30839329864785E-01
 1.99276304474553E+03	 1.95747791319519E-01
 1.99276578264556E+03	 2.11448179987093E-01
 1.99276852054559E+03	 1.81559309932515E-01
 1.99277125844562E+03	 1.22657012302343E-01
 1.99277399634565E+03	 5.31976959077132E-02
 1.99277673424568E+03	-1.60069944982460E-02
 1.99277947214571E+03	-7.88135484065814E-02
 1.99278221004574E+03	-1.26976980106629E-01
 1.99278494794577E+03	-1.52227846541370E-01
 1.99278768584581E+03	-1.51444307586201E-01
 1.99279042374584E+03	-1.21526476829009E-01
 1.99279316164587E+03	-4.98254278030454E-02
 1.99279589954590E+03	 7.82357062113529E-02
 1.99279863744593E+03	 2.50926595242577E-01
 1.99280137534596E+03	 4.11374627836708E-01
 1.99280411324599E+03	 4.80077144532544E-01
 1.99280685114602E+03	 4.09469333410994E-01
 1.99280958904605E+03	 2.21544525507191E-01
 1.99281232694608E+03	-8.39852240599719E-03
 1.99281506484611E+03	-2.04122921302604E-01
 1.99281780274614E+03	-3.25676809453187E-01
 1.99282054064617E+03	-3.66819169959775E-01
 1.99282327854621E+03	-3.35894983787543E-01
 1.99282601644624E+03	-2.49705890800830E-01
 1.99282875434627E+03	-1.36358728165955E-01
 1.99283149224630E+03	-2.71912563482493E-02
 1.99283423014633E+03	 5.92103828471749E-02
 1.99283696804636E+03	 1.19928186772778E-01
 1.99283970594638E+03	 1.54916911154372E-01
 1.99284244384642E+03	 1.58766970458209E-01
 1.99284518174645E+03	 1.27545680247181E-01
 1.99284791964648E+03	 6.76533573862863E-02
 1.99285065754651E+03	-5.90816575981357E-03
 1.99285339544654E+03	-7.65583217931570E-02
 1.99285613334657E+03	-1.29829429403217E-01
 1.99285887124660E+03	-1.55890317701942E-01
 1.99286160914664E+03	-1.53067750900450E-01
 1.99286434704667E+03	-1.25159397091299E-01
 1.99286708494670E+03	-7.06031559108985E-02
 1.99286982284673E+03	 2.11055381631191E-02
 1.99287256074676E+03	 1.52133176437450E-01
 1.99287529864679E+03	 2.92338457009849E-01
 1.99287803654682E+03	 3.80621353678259E-01
 1.99288077444685E+03	 3.61814120414548E-01
 1.99288351234688E+03	 2.29064267111421E-01
 1.99288625024691E+03	 3.11372033804215E-02
 1.99288898814694E+03	-1.61551033380691E-01
 1.99289172604697E+03	-2.97643837664162E-01
 1.99289446394700E+03	-3.57744095780261E-01
 1.99289720184704E+03	-3.42506406428784E-01
 1.99289993974707E+03	-2.63754396934686E-01
 1.99290267764710E+03	-1.48372707441168E-01
 1.99290541554713E+03	-3.59275265813151E-02
 1.99290815344716E+03	 4.21115699402273E-02
 1.99291089134719E+03	 8.18263157275036E-02
 1.99291362924722E+03	 1.00129975303078E-01
 1.99291636714725E+03	 1.09528205568693E-01
 1.99291910504728E+03	 1.04845753384981E-01
 1.99292184294731E+03	 7.40988958309387E-02
 1.99292458084734E+03	 1.59496331472131E-02
 1.99292731874737E+03	-5.54261692462517E-02
 1.99293005664740E+03	-1.18131052302158E-01
 1.99293279454744E+03	-1.53410412563990E-01
 1.99293553244747E+03	-1.53299747861674E-01
 1.99293827034750E+03	-1.20855317804980E-01
 1.99294100824753E+03	-6.15228922022424E-02
 1.99294374614756E+03	 2.50046607358260E-02
 1.99294648404759E+03	 1.38201322210607E-01
 1.99294922194762E+03	 2.58173571616498E-01
 1.99295195984765E+03	 3.39339213039980E-01
 1.99295469774768E+03	 3.33314240458790E-01
 1.99295743564771E+03	 2.24987126508999E-01
 1.99296017354774E+03	 4.72264918803496E-02
 1.99296291144777E+03	-1.39974007724363E-01
 1.99296564934780E+03	-2.84543527630757E-01
 1.99296838724783E+03	-3.60334484684899E-01
 1.99297112514787E+03	-3.61255219160035E-01
 1.99297386304790E+03	-2.91664197345815E-01
 1.99297660094793E+03	-1.69813714945704E-01
 1.99297933884796E+03	-3.42448135155655E-02
 1.99298207674799E+03	 6.84135324313579E-02
 1.99298481464802E+03	 1.12401628145988E-01
 1.99298755254805E+03	 1.09098165215354E-01
 1.99299029044808E+03	 9.03286512963277E-02
 1.99299302834811E+03	 7.59657983689482E-02
 1.99299576624814E+03	 6.01634737940587E-02
 1.99299850414817E+03	 2.64825860628805E-02
 1.99300124204820E+03	-2.93335609614563E-02
 1.99300397994823E+03	-9.21723411529993E-02
 1.99300671784827E+03	-1.38095956350826E-01
 1.99300945574830E+03	-1.49287394054831E-01
 1.99301219364833E+03	-1.20744083754818E-01
 1.99301493154836E+03	-5.55354781016588E-02
 1.99301766944839E+03	 4.31189647716039E-02
 1.99302040734842E+03	 1.69597201666169E-01
 1.99302314524845E+03	 3.01819904735801E-01
 1.99302588314848E+03	 3.94148925233036E-01
 1.99302862104851E+03	 3.96369522649083E-01
 1.99303135894854E+03	 2.89229523989062E-01
 1.99303409684857E+03	 1.02841529093422E-01
 1.99303683474860E+03	-1.01416384705653E-01
 1.99303957264863E+03	-2.67388740581959E-01
 1.99304231054867E+03	-3.65658924439351E-01
 1.99304504844870E+03	-3.88795274682424E-01
 1.99304778634873E+03	-3.38079717840827E-01
 1.99305052424876E+03	-2.22521739110059E-01
 1.99305326214879E+03	-6.91954175647452E-02
 1.99305600004882E+03	 7.49605438817970E-02
 1.99305873794885E+03	 1.63265976202706E-01
 1.99306147584888E+03	 1.78532463590138E-01
 1.99306421374891E+03	 1.42661933491888E-01
 1.99306695164894E+03	 9.44452020983971E-02
 1.99306968954897E+03	 5.67035880200879E-02
 1.99307242744900E+03	 2.47731584527331E-02
 1.99307516534903E+03	-1.64375200105745E-02
 1.99307790324907E+03	-6.93850717544894E-02
 1.99308064114910E+03	-1.18522310467686E-01
 1.99308337904913E+03	-1.43010683697111E-01
 1.99308611694916E+03	-1.30013561130003E-01
 1.99308885484919E+03	-7.54945349862257E-02
 1.99309159274922E+03	 2.27472283426621E-02
 1.99309433064925E+03	 1.64063815228182E-01
 1.99309706854928E+03	 3.29713389005590E-01
 1.99309980644931E+03	 4.70126051089004E-01
 1.99310254434934E+03	 5.19660825397025E-01
 1.99310528224937E+03	 4.38283532958173E-01
 1.99310802014940E+03	 2.44558866283147E-01
 1.99311075804943E+03	 6.01285249432102E-03
 1.99311349594946E+03	-2.04421045452203E-01
 1.99311623384950E+03	-3.44187439776388E-01
 1.99311897174953E+03	-4.03000655924714E-01
 1.99312170964956E+03	-3.84427607358787E-01
 1.99312444754959E+03	-2.95324170065146E-01
 1.99312718544962E+03	-1.51808092272086E-01
 1.99312992334965E+03	 1.20952778413031E-02
 1.99313266124968E+03	 1.49384726340254E-01
 1.99313539914971E+03	 2.20805218854959E-01
 1.99313813704974E+03	 2.17126544584173E-01
 1.99314087494977E+03	 1.62989953700141E-01
 1.99314361284980E+03	 9.59875338949448E-02
 1.99314635074983E+03	 3.88831778892405E-02
 1.99314908864986E+03	-9.08264751675927E-03
 1.99315182654990E+03	-5.68262228727240E-02
 1.99315456444993E+03	-1.03001657057940E-01
 1.99315730234996E+03	-1.34682467988524E-01
 1.99316004024999E+03	-1.39040797635862E-01
 1.99316277815002E+03	-1.09213133331599E-01
 1.99316551605005E+03	-3.80970645569269E-02
 1.99316825395008E+03	 8.48662101634901E-02
 1.99317099185011E+03	 2.58509368868718E-01
 1.99317372975014E+03	 4.46120428847655E-01
 1.99317646765017E+03	 5.74404699858309E-01
 1.99317920555020E+03	 5.72167191696228E-01
 1.99318194345023E+03	 4.22249918440937E-01
 1.99318468135026E+03	 1.77710908164865E-01
 1.99318741925030E+03	-7.46688081402918E-02
 1.99319015715033E+03	-2.67300394906112E-01
 1.99319289505036E+03	-3.74331566482307E-01
 1.99319563295039E+03	-3.97842342602077E-01
 1.99319837085042E+03	-3.47929491596796E-01
 1.99320110875045E+03	-2.38652510095005E-01
 1.99320384665048E+03	-9.36019165885167E-02
 1.99320658455051E+03	 5.33661746008660E-02
 1.99320932245054E+03	 1.65897289434139E-01
 1.99321206035057E+03	 2.17693099200045E-01
 1.99321479825060E+03	 2.04421981385625E-01
 1.99321753615063E+03	 1.45948477014943E-01
 1.99322027405066E+03	 7.27169975910304E-02
 1.99322301195069E+03	 5.90400710656511E-03
 1.99322574985073E+03	-4.95425686626084E-02
 1.99322848775076E+03	-9.46775245224790E-02
 1.99323122565079E+03	-1.25843222283111E-01
 1.99323396355082E+03	-1.36828924657405E-01
 1.99323670145085E+03	-1.25240501067496E-01
 1.99323943935088E+03	-8.81913482854210E-02
 1.99324217725091E+03	-1.25202024836002E-02
 1.99324491515094E+03	 1.19013288761576E-01
 1.99324765305097E+03	 2.99775759858575E-01
 1.99325039095100E+03	 4.76597962216750E-01
 1.99325312885103E+03	 5.66613099974813E-01
 1.99325586675106E+03	 5.11378278268976E-01
 1.99325860465109E+03	 3.22137183654060E-01
 1.99326134255113E+03	 7.25586683181216E-02
 1.99326408045116E+03	-1.52618508371375E-01
 1.99326681835119E+03	-3.02675534946167E-01
 1.99326955625122E+03	-3.66394252610668E-01
 1.99327229415125E+03	-3.52878623618429E-01
 1.99327503205128E+03	-2.78825560704625E-01
 1.99327776995131E+03	-1.67796890285200E-01
 1.99328050785134E+03	-4.75020702258125E-02
 1.99328324575137E+03	 5.79120809755510E-02
 1.99328598365140E+03	 1.31203550335059E-01
 1.99328872155143E+03	 1.60691799891522E-01
 1.99329145945146E+03	 1.43068517877666E-01
 1.99329419735149E+03	 8.88499826162779E-02
 1.99329693525153E+03	 1.91196112656052E-02
 1.99329967315156E+03	-4.64820356250525E-02
 1.99330241105159E+03	-9.69114803876557E-02
 1.99330514895162E+03	-1.26755800024469E-01
 1.99330788685165E+03	-1.33412821865014E-01
 1.99331062475168E+03	-1.19899467530292E-01
 1.99331336265171E+03	-9.30984511574439E-02
 1.99331610055174E+03	-5.13647904413929E-02
 1.99331883845177E+03	 2.28694061771466E-02
 1.99332157635180E+03	 1.46170266085016E-01
 1.99332431425183E+03	 3.01967016191286E-01
 1.99332705215186E+03	 4.29448416786937E-01
 1.99332979005189E+03	 4.56303484886037E-01
 1.99333252795192E+03	 3.52288319761568E-01
 1.99333526585196E+03	 1.53894994520733E-01
 1.99333800375199E+03	-6.26400461694531E-02
 1.99334074165202E+03	-2.30759326369213E-01
 1.99334347955205E+03	-3.20079517129946E-01
 1.99334621745208E+03	-3.29753801379584E-01
 1.99334895535211E+03	-2.74346335941376E-01
 1.99335169325214E+03	-1.79910534068041E-01
 1.99335443115217E+03	-7.97917662235549E-02
 1.99335716905220E+03	 1.51558257432673E-05
 1.99335990695223E+03	 5.23163833121307E-02
 1.99336264485226E+03	 8.14366383719964E-02
 1.99336538275229E+03	 8.77755105289654E-02
 1.99336812065232E+03	 6.59674899063873E-02
 1.99337085855236E+03	 1.66996782493227E-02
 1.99337359645239E+03	-4.67099539517519E-02
 1.99337633435242E+03	-1.04800149378594E-01
 1.99337907225245E+03	-1.41215369779594E-01
 1.99338181015248E+03	-1.47054545787399E-01
 1.99338454805251E+03	-1.23353671871765E-01
 1.99338728595254E+03	-8.12640641063212E-02
 1.99339002385257E+03	-3.29879508454432E-02
 1.99339276175260E+03	 2.24314347734692E-02
 1.99339549965263E+03	 9.93241628756142E-02
 1.99339823755266E+03	 2.02891172576170E-01
 1.99340097545269E+03	 3.05350112302834E-01
 1.99340371335272E+03	 3.52075456446551E-01
 1.99340645125276E+03	 3.00089329532181E-01
 1.99340918915279E+03	 1.54378190800755E-01
 1.99341192705282E+03	-3.30343257122837E-02
 1.99341466495285E+03	-1.98193855121695E-01
 1.99341740285288E+03	-2.98930943816569E-01
 1.99342014075291E+03	-3.21915515693385E-01
 1.99342287865294E+03	-2.73244238462375E-01
 1.99342561655297E+03	-1.74521132549154E-01
 1.99342835445300E+03	-6.31438210328612E-02
 1.99343109235303E+03	 2.07859164345279E-02
 1.99343383025306E+03	 5.86414503269515E-02
 1.99343656815309E+03	 6.18737267998627E-02
 1.99343930605312E+03	 5.23668456711084E-02
 1.99344204395316E+03	 3.76093198187014E-02
 1.99344478185319E+03	 9.05907127116143E-03
 1.99344751975322E+03	-3.94818913638287E-02
 1.99345025765325E+03	-9.87209171921705E-02
 1.99345299555328E+03	-1.48069920698976E-01
 1.99345573345331E+03	-1.67917947058422E-01
 1.99345847135334E+03	-1.48996782624866E-01
 1.99346120925337E+03	-9.59323560730468E-02
 1.99346394715340E+03	-2.32417150312851E-02
 1.99346668505343E+03	 5.61483196374732E-02
 1.99346942295346E+03	 1.39475999632853E-01
 1.99347216085349E+03	 2.26885944074180E-01
 1.99347489875352E+03	 3.03560077825202E-01
 1.99347763665355E+03	 3.34646688417811E-01
 1.99348037455359E+03	 2.86226617675248E-01
 1.99348311245362E+03	 1.55266777123532E-01
 1.99348585035365E+03	-2.15453149495301E-02
 1.99348858825368E+03	-1.88936525386225E-01
 1.99349132615371E+03	-3.02683131591704E-01
 1.99349406405374E+03	-3.42303091552984E-01
 1.99349680195377E+03	-3.05817052282945E-01
 1.99349953985380E+03	-2.05301467290280E-01
 1.99350227775383E+03	-7.13292352611431E-02
 1.99350501565386E+03	 4.91369780448251E-02
 1.99350775355389E+03	 1.15126330349851E-01
 1.99351049145392E+03	 1.18671443227058E-01
 1.99351322935395E+03	 8.60305545587104E-02
 1.99351596725399E+03	 4.90497931430484E-02
 1.99351870515402E+03	 1.76784526533180E-02
 1.99352144305405E+03	-1.86463776795630E-02
 1.99352418095408E+03	-6.86286554559033E-02
 1.99352691885411E+03	-1.23803958804334E-01
 1.99352965675414E+03	-1.63131179006731E-01
 1.99353239465417E+03	-1.67409082047490E-01
 1.99353513255420E+03	-1.29397457691642E-01
 1.99353787045423E+03	-5.44590800941127E-02
 1.99354060835426E+03	 4.60179934215718E-02
 1.99354334625429E+03	 1.61277672240865E-01
 1.99354608415432E+03	 2.79351117241860E-01
 1.99354882205435E+03	 3.77483920393808E-01
 1.99355155995439E+03	 4.19669483482243E-01
 1.99355429785442E+03	 3.73558102940436E-01
 1.99355703575445E+03	 2.36317745573125E-01
 1.99355977365448E+03	 4.38644780315713E-02
 1.99356251155451E+03	-1.47520895384219E-01
 1.99356524945454E+03	-2.90180388781155E-01
 1.99356798735457E+03	-3.59900164883815E-01
 1.99357072525460E+03	-3.51335588739856E-01
 1.99357346315463E+03	-2.69990798922748E-01
 1.99357620105466E+03	-1.34736530637803E-01
 1.99357893895469E+03	 1.57826652458568E-02
 1.99358167685472E+03	 1.31404699903371E-01
 1.99358441475475E+03	 1.77043120128850E-01
 1.99358715265478E+03	 1.55337610035061E-01
 1.99358989055482E+03	 1.00377721236457E-01
 1.99359262845485E+03	 4.66137489946532E-02
 1.99359536635488E+03	 4.24338450525988E-03
 1.99359810425491E+03	-3.65552767700707E-02
 1.99360084215494E+03	-8.33227542475196E-02
 1.99360358005497E+03	-1.27792064967105E-01
 1.99360631795500E+03	-1.51925408321779E-01
 1.99360905585503E+03	-1.41593966438231E-01
 1.99361179375506E+03	-9.25751488763725E-02
 1.99361453165509E+03	-6.54004138705426E-03
 1.99361726955512E+03	 1.13518454935408E-01
 1.99362000745515E+03	 2.58797910835584E-01
 1.99362274535518E+03	 4.02995696630743E-01
 1.99362548325522E+03	 4.98919710231567E-01
 1.99362822115525E+03	 4.97462783133806E-01
 1.99363095905528E+03	 3.80518420695739E-01
 1.99363369695531E+03	 1.78818461014869E-01
 1.99363643485534E+03	-4.42183793548895E-02
 1.99363917275537E+03	-2.28252736414168E-01
 1.99364191065540E+03	-3.39882915832172E-01
 1.99364464855543E+03	-3.71047058763743E-01
 1.99364738645546E+03	-3.26211127459097E-01
 1.99365012435549E+03	-2.17712975550235E-01
 1.99365286225552E+03	-7.13235584019078E-02
 1.99365560015555E+03	 7.15625412872179E-02
 1.99365833805558E+03	 1.66600071708633E-01
 1.99366107595562E+03	 1.89408556475495E-01
 1.99366381385565E+03	 1.49846007871682E-01
 1.99366655175568E+03	 8.23795047137314E-02
 1.99366928965571E+03	 1.92702527526551E-02
 1.99367202755574E+03	-2.86481151920729E-02
 1.99367476545577E+03	-6.73440159915771E-02
 1.99367750335580E+03	-1.01391110782537E-01
 1.99368024125583E+03	-1.24670510295388E-01
 1.99368297915586E+03	-1.26953372061476E-01
 1.99368571705589E+03	-1.02854591758871E-01
 1.99368845495592E+03	-5.02430161599600E-02
 1.99369119285595E+03	 3.68733062558149E-02
 1.99369393075598E+03	 1.65351709446970E-01
 1.99369666865601E+03	 3.25157450143733E-01
 1.99369940655605E+03	 4.73797125087448E-01
 1.99370214445608E+03	 5.46745659959708E-01
 1.99370488235611E+03	 4.95876618714577E-01
 1.99370762025614E+03	 3.25939731663595E-01
 1.99371035815617E+03	 9.46763764751360E-02
 1.99371309605620E+03	-1.23902988678440E-01
 1.99371583395623E+03	-2.78429181388581E-01
 1.99371857185626E+03	-3.51218543771533E-01
 1.99372130975629E+03	-3.45784379198954E-01
 1.99372404765632E+03	-2.74496010170483E-01
 1.99372678555635E+03	-1.57353904851707E-01
 1.99372952345638E+03	-2.40824321902360E-02
 1.99373226135641E+03	 8.98446815113726E-02
 1.99373499925645E+03	 1.53952197038249E-01
 1.99373773715648E+03	 1.55333015932495E-01
 1.99374047505651E+03	 1.05293153569619E-01
 1.99374321295654E+03	 3.25493996843994E-02
 1.99374595085657E+03	-3.48396146192564E-02
 1.99374868875660E+03	-8.37129160417596E-02
 1.99375142665663E+03	-1.13933163597694E-01
 1.99375416455666E+03	-1.27085028113389E-01
 1.99375690245669E+03	-1.22003044040604E-01
 1.99375964035672E+03	-9.96569355933217E-02
 1.99376237825675E+03	-6.40684444346320E-02
 1.99376511615678E+03	-1.28313613953628E-02
 1.99376785405681E+03	 6.89480235901063E-02
 1.99377059195685E+03	 1.94616913211309E-01
 1.99377332985688E+03	 3.48613556980539E-01
 1.99377606775691E+03	 4.75578056595440E-01
 1.99377880565694E+03	 5.07124303963340E-01
 1.99378154355697E+03	 4.10070369489805E-01
 1.99378428145700E+03	 2.13323088126825E-01
 1.99378701935703E+03	-1.16286197641586E-02
 1.99378975725706E+03	-1.96186235605216E-01
 1.99379249515709E+03	-3.04632349821283E-01
 1.99379523305712E+03	-3.32535893544796E-01
 1.99379797095715E+03	-2.92074487217096E-01
 1.99380070885718E+03	-2.04249316739013E-01
 1.99380344675721E+03	-9.63279537264915E-02
 1.99380618465725E+03	 4.24616998256658E-03
 1.99380892255728E+03	 7.67213630507533E-02
 1.99381166045731E+03	 1.08496130612061E-01
 1.99381439835734E+03	 9.49294127358810E-02
 1.99381713625737E+03	 4.27422965018251E-02
 1.99381987415740E+03	-2.87540167729720E-02
 1.99382261205743E+03	-9.58102144817876E-02
 1.99382534995746E+03	-1.41547932012389E-01
 1.99382808785749E+03	-1.59130585953955E-01
 1.99383082575752E+03	-1.48240927888097E-01
 1.99383356365755E+03	-1.14380055800732E-01
 1.99383630155758E+03	-6.97142449752274E-02
 1.99383903945761E+03	-2.51566290736642E-02
 1.99384177735764E+03	 2.38144894893112E-02
 1.99384451525768E+03	 9.78123872382379E-02
 1.99384725315771E+03	 2.09717005467649E-01
 1.99384999105774E+03	 3.36057491389962E-01
 1.99385272895777E+03	 4.17549433670999E-01
 1.99385546685780E+03	 3.97504556381922E-01
 1.99385820475783E+03	 2.66302278412795E-01
 1.99386094265786E+03	 7.05566049442232E-02
 1.99386368055789E+03	-1.19546102646014E-01
 1.99386641845792E+03	-2.51120630838119E-01
 1.99386915635795E+03	-3.04375772383544E-01
 1.99387189425798E+03	-2.84626253661116E-01
 1.99387463215801E+03	-2.12343073630368E-01
 1.99387737005804E+03	-1.18366404103137E-01
 1.99388010795808E+03	-3.42870563581993E-02
 1.99388284585811E+03	 2.19964109820841E-02
 1.99388558375814E+03	 4.98515343006084E-02
 1.99388832165817E+03	 5.36967540249224E-02
 1.99389105955820E+03	 3.24018606542110E-02
 1.99389379745823E+03	-1.54599386980453E-02
 1.99389653535826E+03	-8.04389435747412E-02
 1.99389927325829E+03	-1.42226374603033E-01
 1.99390201115832E+03	-1.80229284745097E-01
 1.99390474905835E+03	-1.82299026165522E-01
 1.99390748695838E+03	-1.47787914897587E-01
 1.99391022485841E+03	-8.84898869897339E-02
 1.99391296275844E+03	-2.44131280187410E-02
 1.99391570065848E+03	 3.03552333253130E-02
 1.99391843855851E+03	 8.13222909281230E-02
 1.99392117645854E+03	 1.47246762749155E-01
 1.99392391435857E+03	 2.33073542546850E-01
 1.99392665225860E+03	 3.09592550991082E-01
 1.99392939015863E+03	 3.26613723734353E-01
 1.99393212805866E+03	 2.52294650295940E-01
 1.99393486595869E+03	 1.01789972838230E-01
 1.99393760385872E+03	-7.14730113309184E-02
 1.99394034175875E+03	-2.10307197934910E-01
 1.99394307965878E+03	-2.80767731916667E-01
 1.99394581755881E+03	-2.75833851885418E-01
 1.99394855545884E+03	-2.08664556046760E-01
 1.99395129335887E+03	-1.09293497562581E-01
 1.99395403125891E+03	-1.79999933070848E-02
 1.99395676915894E+03	 3.40763494187597E-02
 1.99395950705897E+03	 4.35653368641994E-02
 1.99396224495900E+03	 2.99318161619647E-02
 1.99396498285903E+03	 1.03558393845532E-02
 1.99396772075906E+03	-1.60621362461067E-02
 1.99397045865909E+03	-5.82875275850393E-02
 1.99397319655912E+03	-1.14196099180697E-01
 1.99397593445915E+03	-1.65922256380661E-01
 1.99397867235918E+03	-1.90974583294534E-01
 1.99398141025921E+03	-1.75009492667465E-01
 1.99398414815924E+03	-1.18464072801584E-01
 1.99398688605927E+03	-3.68491038695769E-02
 1.99398962395931E+03	 4.72411184378787E-02
 1.99399236185934E+03	 1.19006374674581E-01
 1.99399509975937E+03	 1.79944939017442E-01
 1.99399783765940E+03	 2.37378255677147E-01
 1.99400057555943E+03	 2.83843906703937E-01
 1.99400331345946E+03	 2.91456524276870E-01
 1.99400605135949E+03	 2.32371560139673E-01
 1.99400878925952E+03	 1.06560797936576E-01
 1.99401152715955E+03	-5.12975834624720E-02
 1.99401426505958E+03	-1.91630998612606E-01
 1.99401700295961E+03	-2.75688958035055E-01
 1.99401974085964E+03	-2.86444043240565E-01
 1.99402247875967E+03	-2.26462767055331E-01
 1.99402521665971E+03	-1.16824331141961E-01
 1.99402795455974E+03	 2.48001641479712E-03
 1.99403069245977E+03	 8.50550104192771E-02
 1.99403343035980E+03	 1.04995097524650E-01
 1.99403616825983E+03	 7.38278589923283E-02
 1.99403890615986E+03	 2.59129101459844E-02
 1.99404164405989E+03	-1.42291934755255E-02
 1.99404438195992E+03	-4.76818820484151E-02
 1.99404711985995E+03	-8.68834930906085E-02
 1.99404985775998E+03	-1.33111924325283E-01
 1.99405259566001E+03	-1.70758426829473E-01
 1.99405533356004E+03	-1.78878247095860E-01
 1.99405807146007E+03	-1.44810450721846E-01
 1.99406080936010E+03	-7.04061019914905E-02
 1.99406354726014E+03	 2.96430445914509E-02
 1.99406628516017E+03	 1.35715613685410E-01
 1.99406902306020E+03	 2.32456582408632E-01
 1.99407176096023E+03	 3.10338332836396E-01
 1.99407449886026E+03	 3.57685738770835E-01
 1.99407723676029E+03	 3.55288608109737E-01
 1.99407997466032E+03	 2.85853747856804E-01
 1.99408271256035E+03	 1.52210462255054E-01
 1.99408545046038E+03	-1.53093712833847E-02
 1.99408818836041E+03	-1.71687745095268E-01
 1.99409092626044E+03	-2.78295706907993E-01
 1.99409366416047E+03	-3.14339583845576E-01
 1.99409640206050E+03	-2.75679856755802E-01
 1.99409913996054E+03	-1.72773464098164E-01
 1.99410187786057E+03	-3.45117758535408E-02
 1.99410461576060E+03	 9.24080316770630E-02
 1.99410735366063E+03	 1.61777929807728E-01
 1.99411009156066E+03	 1.56022637013251E-01
 1.99411282946069E+03	 9.71696892292311E-02
 1.99411556736072E+03	 2.61629468405138E-02
 1.99411830526075E+03	-3.00464583191328E-02
 1.99412104316078E+03	-7.11529728571790E-02
 1.99412378106081E+03	-1.08213854539998E-01
 1.99412651896084E+03	-1.42895201013164E-01
 1.99412925686087E+03	-1.63171755029241E-01
 1.99413199476090E+03	-1.53923717038264E-01
 1.99413473266094E+03	-1.07366014986646E-01
 1.99413747056097E+03	-2.52339876354221E-02
 1.99414020846100E+03	 8.42976297251263E-02
 1.99414294636103E+03	 2.09114035963997E-01
 1.99414568426106E+03	 3.31887663088967E-01
 1.99414842216109E+03	 4.26738212759028E-01
 1.99415116006112E+03	 4.61244747382795E-01
 1.99415389796115E+03	 4.10052600161731E-01
 1.99415663586118E+03	 2.73663646737241E-01
 1.99415937376121E+03	 8.51695046577510E-02
 1.99416211166124E+03	-1.04182413172307E-01
 1.99416484956127E+03	-2.49135117121273E-01
 1.99416758746130E+03	-3.24677752663061E-01
 1.99417032536134E+03	-3.24347704641889E-01
 1.99417306326137E+03	-2.53620322309477E-01
 1.99417580116140E+03	-1.29980664341727E-01
 1.99417853906143E+03	 1.28047649929483E-02
 1.99418127696146E+03	 1.29059837787289E-01
 1.99418401486149E+03	 1.80434498464734E-01
 1.99418675276152E+03	 1.58179964142685E-01
 1.99418949066155E+03	 8.75776006330234E-02
 1.99419222856158E+03	 7.69217107943825E-03
 1.99419496646161E+03	-5.55992464759534E-02
 1.99419770436164E+03	-9.88184121278799E-02
 1.99420044226167E+03	-1.28538013664536E-01
 1.99420318016170E+03	-1.46125138315406E-01
 1.99420591806173E+03	-1.45769138995135E-01
 1.99420865596177E+03	-1.22000892349551E-01
 1.99421139386180E+03	-7.32956596724888E-02
 1.99421413176183E+03	 1.68734159257526E-03
 1.99421686966186E+03	 1.06153102951708E-01
 1.99421960756189E+03	 2.37607639445258E-01
 1.99422234546192E+03	 3.75195315129102E-01
 1.99422508336195E+03	 4.76401671721246E-01
 1.99422782126198E+03	 4.93714024806121E-01
 1.99423055916201E+03	 4.04054656780836E-01
 1.99423329706204E+03	 2.27723641882255E-01
 1.99423603496207E+03	 1.90488394554232E-02
 1.99423877286210E+03	-1.63613071861613E-01
 1.99424151076213E+03	-2.82952329345874E-01
 1.99424424866217E+03	-3.27060122296084E-01
 1.99424698656220E+03	-3.00358603559927E-01
 1.99424972446223E+03	-2.16674167855916E-01
 1.99425246236226E+03	-9.91086419387112E-02
 1.99425520026229E+03	 2.00490692279960E-02
 1.99425793816232E+03	 1.06025568529555E-01
 1.99426067606235E+03	 1.34486145451095E-01
 1.99426341396238E+03	 1.03440316437636E-01
 1.99426615186241E+03	 3.42666430048451E-02
 1.99426888976244E+03	-4.16992067494613E-02
 1.99427162766247E+03	-1.01242165080095E-01
 1.99427436556250E+03	-1.36709968295713E-01
 1.99427710346253E+03	-1.49556273689559E-01
 1.99427984136257E+03	-1.42098505623416E-01
 1.99428257926260E+03	-1.17392924858992E-01
 1.99428531716263E+03	-8.16617141256804E-02
 1.99428805506266E+03	-3.91437314731852E-02
 1.99429079296269E+03	 1.69991925579646E-02
 1.99429353086272E+03	 1.02542251426836E-01
 1.99429626876275E+03	 2.23072131847487E-01
 1.99429900666278E+03	 3.53640825817903E-01
 1.99430174456281E+03	 4.40980049117760E-01
 1.99430448246284E+03	 4.34060772139128E-01
 1.99430722036287E+03	 3.20388200070462E-01
 1.99430995826290E+03	 1.36595666580051E-01
 1.99431269616293E+03	-5.51601560322018E-02
 1.99431543406296E+03	-2.02179818189165E-01
 1.99431817196300E+03	-2.79508667553384E-01
 1.99432090986303E+03	-2.86670620471387E-01
 1.99432364776306E+03	-2.37754902306431E-01
 1.99432638566309E+03	-1.55272924919386E-01
 1.99432912356312E+03	-6.52556727280576E-02
 1.99433186146315E+03	 9.13731444413558E-03
 1.99433459936318E+03	 5.18327440843788E-02
 1.99433733726321E+03	 5.45727512072319E-02
 1.99434007516324E+03	 1.84549078721410E-02
 1.99434281306327E+03	-4.35454784011568E-02
 1.99434555096330E+03	-1.09576560394952E-01
 1.99434828886333E+03	-1.58697817510446E-01
 1.99435102676336E+03	-1.78840522449122E-01
 1.99435376466340E+03	-1.67281549952143E-01
 1.99435650256343E+03	-1.28881119134294E-01
 1.99435924046346E+03	-7.65668348849344E-02
 1.99436197836349E+03	-2.76700953653657E-02
 1.99436471626352E+03	 9.29616639665928E-03
 1.99436745416355E+03	 4.62535984913926E-02
 1.99437019206358E+03	 1.07272847981133E-01
 1.99437292996361E+03	 2.00951893894856E-01
 1.99437566786364E+03	 2.99365276745379E-01
 1.99437840576367E+03	 3.48972796152227E-01
 1.99438114366370E+03	 3.08715691637405E-01
 1.99438388156373E+03	 1.82132406762603E-01
 1.99438661946376E+03	 1.53351594900087E-02
 1.99438935736380E+03	-1.33865141083797E-01
 1.99439209526383E+03	-2.25942709882532E-01
 1.99439483316386E+03	-2.48826323650600E-01
 1.99439757106389E+03	-2.12272675306506E-01
 1.99440030896392E+03	-1.40853559957171E-01
 1.99440304686395E+03	-6.60251394516049E-02
 1.99440578476398E+03	-1.29547405365505E-02
 1.99440852266401E+03	 1.01285596111014E-02
 1.99441126056404E+03	 8.26014763133314E-03
 1.99441399846407E+03	-1.33243255839984E-02
 1.99441673636410E+03	-5.41173481374838E-02
 1.99441947426413E+03	-1.10328733884843E-01
 1.99442221216416E+03	-1.67791955172586E-01
 1.99442495006419E+03	-2.06398763021841E-01
 1.99442768796423E+03	-2.10150686585414E-01
 1.99443042586426E+03	-1.73625669374284E-01
 1.99443316376429E+03	-1.04747271066897E-01
 1.99443590166432E+03	-2.45908899534590E-02
 1.99443863956435E+03	 4.16473698631667E-02
 1.99444137746438E+03	 8.26176695848988E-02
 1.99444411536441E+03	 1.11311917147757E-01
 1.99444685326444E+03	 1.51473989209644E-01
 1.99444959116447E+03	 2.08441500299819E-01
 1.99445232906450E+03	 2.54548862026558E-01
 1.99445506696453E+03	 2.47690728755252E-01
 1.99445780486456E+03	 1.67297948689998E-01
 1.99446054276459E+03	 3.36775797616826E-02
 1.99446328066463E+03	-1.05244422174568E-01
 1.99446601856466E+03	-2.03345449653389E-01
 1.99446875646469E+03	-2.35776580650778E-01
 1.99447149436472E+03	-2.01591543508343E-01
 1.99447423226475E+03	-1.20445159377945E-01
 1.99447697016478E+03	-2.81215343189218E-02
 1.99447970806481E+03	 3.67825187705896E-02
 1.99448244596484E+03	 5.41996324667475E-02
 1.99448518386487E+03	 3.27434000300176E-02
 1.99448792176490E+03	-4.75839219956189E-03
 1.99449065966493E+03	-4.49457577933111E-02
 1.99449339756496E+03	-9.00531281516292E-02
 1.99449613546499E+03	-1.43285379622637E-01
 1.99449887336503E+03	-1.95050373443422E-01
 1.99450161126506E+03	-2.25377598932126E-01
 1.99450434916509E+03	-2.16096527813709E-01
 1.99450708706512E+03	-1.60788099555997E-01
 1.99450982496515E+03	-6.94240879937484E-02
 1.99451256286518E+03	 3.31869484692780E-02
 1.99451530076521E+03	 1.19098942276092E-01
 1.99451803866524E+03	 1.74930108785964E-01
 1.99452077656527E+03	 2.08586754713383E-01
 1.99452351446530E+03	 2.34345977005872E-01
 1.99452625236533E+03	 2.50353994785473E-01
 1.99452899026536E+03	 2.34459752450359E-01
 1.99453172816539E+03	 1.65159049853711E-01
 1.99453446606543E+03	 4.62866284341006E-02
 1.99453720396546E+03	-8.93793591645215E-02
 1.99453994186549E+03	-1.98785356647142E-01
 1.99454267976552E+03	-2.49797334967020E-01
 1.99454541766555E+03	-2.30111507116361E-01
 1.99454815556558E+03	-1.47875387692923E-01
 1.99455089346561E+03	-3.22157517277321E-02
 1.99455363136564E+03	 7.17622220318069E-02
 1.99455636926567E+03	 1.23114567396482E-01
 1.99455910716570E+03	 1.10531032052456E-01
 1.99456184506573E+03	 5.72954625983730E-02
 1.99456458296576E+03	-2.72761058378797E-03
 1.99456732086579E+03	-5.33030601610277E-02
 1.99457005876582E+03	-9.93148397703337E-02
 1.99457279666586E+03	-1.47610217616526E-01
 1.99457553456589E+03	-1.91175687337695E-01
 1.99457827246592E+03	-2.11690999011619E-01
 1.99458101036595E+03	-1.92228980789222E-01
 1.99458374826598E+03	-1.27256100385311E-01
 1.99458648616601E+03	-2.64897376264672E-02
 1.99458922406604E+03	 8.75526916735347E-02
 1.99459196196607E+03	 1.89651061315570E-01
 1.99459469986610E+03	 2.64375322447709E-01
 1.99459743776613E+03	 3.08829352807639E-01
 1.99460017566616E+03	 3.22319947135335E-01
 1.99460291356619E+03	 2.96579431831473E-01
 1.99460565146622E+03	 2.20999690783741E-01
 1.99460838936626E+03	 9.85450001306557E-02
 1.99461112726629E+03	-4.59959270905928E-02
 1.99461386516632E+03	-1.75040262507087E-01
 1.99461660306635E+03	-2.55149680800707E-01
 1.99461934096638E+03	-2.67438857513763E-01
 1.99462207886641E+03	-2.09530569102058E-01
 1.99462481676644E+03	-9.72662839154047E-02
 1.99462755466647E+03	 3.28789513272548E-02
 1.99463029256650E+03	 1.32109170436567E-01
 1.99463303046653E+03	 1.63779198852096E-01
 1.99463576836656E+03	 1.26979990189407E-01
 1.99463850626659E+03	 5.43799049164310E-02
 1.99464124416662E+03	-1.63632742318230E-02
 1.99464398206666E+03	-6.91987912696921E-02
 1.99464671996669E+03	-1.09689986825906E-01
 1.99464945786672E+03	-1.45427507735951E-01
 1.99465219576675E+03	-1.72089003048732E-01
 1.99465493366678E+03	-1.76538855723832E-01
 1.99465767156681E+03	-1.47386122343191E-01
 1.99466040946684E+03	-8.15049897306369E-02
 1.99466314736687E+03	 1.47481875912294E-02
 1.99466588526690E+03	 1.27043045557276E-01
 1.99466862316693E+03	 2.36873578366004E-01
 1.99467136106696E+03	 3.25867742951738E-01
 1.99467409896699E+03	 3.77134430332787E-01
 1.99467683686702E+03	 3.75128245732812E-01
 1.99467957476705E+03	 3.10149002421768E-01
 1.99468231266709E+03	 1.87649121916667E-01
 1.99468505056712E+03	 3.28332375307318E-02
 1.99468778846715E+03	-1.17039669730401E-01
 1.99469052636718E+03	-2.27515381164011E-01
 1.99469326426721E+03	-2.77114366133838E-01
 1.99469600216724E+03	-2.58637684695233E-01
 1.99469874006727E+03	-1.78232030006099E-01
 1.99470147796730E+03	-5.80122130631840E-02
 1.99470421586733E+03	 6.30752519631193E-02
 1.99470695376736E+03	 1.40734742020446E-01
 1.99470969166739E+03	 1.48372899801125E-01
 1.99471242956742E+03	 9.38537737023433E-02
 1.99471516746745E+03	 1.22416850883400E-02
 1.99471790536749E+03	-6.07348879625142E-02
 1.99472064326752E+03	-1.09755867349681E-01
 1.99472338116755E+03	-1.38314381575867E-01
 1.99472611906758E+03	-1.52960662747561E-01
 1.99472885696761E+03	-1.53507207121857E-01
 1.99473159486764E+03	-1.35802606659597E-01
 1.99473433276767E+03	-9.74007945062308E-02
 1.99473707066770E+03	-3.79064726551152E-02
 1.99473980856773E+03	 4.28727737349825E-02
 1.99474254646776E+03	 1.42684088366563E-01
 1.99474528436779E+03	 2.50856082510815E-01
 1.99474802226782E+03	 3.44635750364634E-01
 1.99475076016785E+03	 3.93437684440494E-01
 1.99475349806789E+03	 3.71846724720606E-01
 1.99475623596792E+03	 2.75060639315073E-01
 1.99475897386795E+03	 1.25434907702621E-01
 1.99476171176798E+03	-3.65847674101941E-02
 1.99476444966801E+03	-1.70858716387976E-01
 1.99476718756804E+03	-2.51439358982344E-01
 1.99476992546807E+03	-2.68998254017378E-01
 1.99477266336810E+03	-2.27008025415917E-01
 1.99477540126813E+03	-1.39758991792089E-01
 1.99477813916816E+03	-3.29401993253633E-02
 1.99478087706819E+03	 5.92549983892099E-02
 1.99478361496822E+03	 1.05041456809754E-01
 1.99478635286825E+03	 9.02625963711339E-02
 1.99478909076828E+03	 2.67857214706096E-02
 1.99479182866832E+03	-5.48434268507775E-02
 1.99479456656835E+03	-1.24238920374233E-01
 1.99479730446838E+03	-1.65848861843113E-01
 1.99480004236841E+03	-1.78807202850593E-01
 1.99480278026844E+03	-1.67869403647460E-01
 1.99480551816847E+03	-1.38318721674483E-01
 1.99480825606850E+03	-9.71655301496218E-02
 1.99481099396853E+03	-5.20393613345207E-02
 1.99481373186856E+03	-4.25380955824966E-03
 1.99481646976859E+03	 5.50030147222678E-02
 1.99481920766862E+03	 1.36061648090036E-01
 1.99482194556865E+03	 2.34318490436701E-01
 1.99482468346868E+03	 3.21846562141650E-01
 1.99482742136872E+03	 3.58392588134375E-01
 1.99483015926875E+03	 3.16278043371438E-01
 1.99483289716878E+03	 2.00187919927732E-01
 1.99483563506881E+03	 4.59003798791197E-02
 1.99483837296884E+03	-9.99611786701044E-02
 1.99484111086887E+03	-2.01789225795485E-01
 1.99484384876890E+03	-2.44131032521701E-01
 1.99484658666893E+03	-2.29046773315397E-01
 1.99484932456896E+03	-1.70691403655293E-01
 1.99485206246899E+03	-9.10353021886865E-02
 1.99485480036902E+03	-1.48750265393256E-02
 1.99485753826905E+03	 3.60426318498749E-02
 1.99486027616908E+03	 4.76380765419252E-02
 1.99486301406912E+03	 1.67703628947466E-02
 1.99486575196915E+03	-4.65176276337783E-02
 1.99486848986918E+03	-1.20987847950630E-01
 1.99487122776921E+03	-1.82686246932671E-01
 1.99487396566924E+03	-2.14723780401998E-01
 1.99487670356927E+03	-2.10985802887543E-01
 1.99487944146930E+03	-1.74491365381394E-01
 1.99488217936933E+03	-1.16359065955751E-01
 1.99488491726936E+03	-5.45637240896385E-02
 1.99488765516939E+03	-5.64484910714713E-03
 1.99489039306942E+03	 2.87145418234173E-02
 1.99489313096945E+03	 6.54810898552738E-02
 1.99489586886948E+03	 1.24398912982107E-01
 1.99489860676952E+03	 2.03764935440468E-01
 1.99490134466955E+03	 2.72033149642867E-01
 1.99490408256958E+03	 2.86693650337892E-01
 1.99490682046961E+03	 2.25710027634890E-01
 1.99490955836964E+03	 1.04542331061058E-01
 1.99491229626967E+03	-3.40901289305939E-02
 1.99491503416970E+03	-1.45655467397841E-01
 1.99491777206973E+03	-2.03079175825378E-01
 1.99492050996976E+03	-2.01268433744724E-01
 1.99492324786979E+03	-1.53400576368351E-01
 1.99492598576982E+03	-8.49858959837390E-02
 1.99492872366985E+03	-2.41749492033406E-02
 1.99493146156988E+03	 1.04613778961427E-02
 1.99493419946991E+03	 1.52446414757758E-02
 1.99493693736995E+03	-5.11091893401883E-03
 1.99493967526998E+03	-4.63124429816827E-02
 1.99494241317001E+03	-1.04121491999678E-01
 1.99494515107004E+03	-1.67806720790670E-01
 1.99494788897007E+03	-2.19139001557219E-01
 1.99495062687010E+03	-2.39689944003172E-01
 1.99495336477013E+03	-2.18988076504265E-01
 1.99495610267016E+03	-1.59009407644447E-01
 1.99495884057019E+03	-7.59412809936155E-02
 1.99496157847022E+03	 3.58033401520777E-03
 1.99496431637025E+03	 5.65978188738985E-02
 1.99496705427028E+03	 8.12761815605659E-02
 1.99496979217031E+03	 9.89737921806483E-02
 1.99497253007035E+03	 1.32988537741525E-01
 1.99497526797038E+03	 1.81967964453030E-01
 1.99497800587041E+03	 2.15454040801272E-01
 1.99498074377044E+03	 1.97980667702906E-01
 1.99498348167047E+03	 1.19367690194184E-01
 1.99498621957050E+03	 4.03602445276448E-03
 1.99498895747053E+03	-1.05377437557495E-01
 1.99499169537056E+03	-1.71962697186412E-01
 1.99499443327059E+03	-1.78341808547949E-01
 1.99499717117062E+03	-1.29257263294789E-01
 1.99499990907065E+03	-4.94762710860153E-02
 1.99500264697068E+03	 2.41191222619859E-02
 1.99500538487071E+03	 6.01279415725998E-02
 1.99500812277075E+03	 5.05763876332280E-02
 1.99501086067078E+03	 1.13015484956646E-02
 1.99501359857081E+03	-3.70478924021262E-02
 1.99501633647084E+03	-8.63441403699104E-02
 1.99501907437087E+03	-1.38640037319794E-01
 1.99502181227090E+03	-1.91540155537393E-01
 1.99502455017093E+03	-2.31129814590997E-01
 1.99502728807096E+03	-2.38640560157030E-01
 1.99503002597099E+03	-2.01615567225750E-01
 1.99503276387102E+03	-1.21856860481238E-01
 1.99503550177105E+03	-1.85795826873654E-02
 1.99503823967108E+03	 7.69584882004919E-02
 1.99504097757111E+03	 1.38359726090558E-01
 1.99504371547114E+03	 1.62129313089233E-01
 1.99504645337118E+03	 1.67654223669773E-01
 1.99504919127121E+03	 1.75140443477129E-01
 1.99505192917124E+03	 1.82855314470636E-01
 1.99505466707127E+03	 1.67998091284459E-01
 1.99505740497130E+03	 1.10383144558623E-01
 1.99506014287133E+03	 1.45054525791513E-02
 1.99506288077136E+03	-9.00636828532587E-02
 1.99506561867139E+03	-1.66165098324736E-01
 1.99506835657142E+03	-1.86781262902476E-01
 1.99507109447145E+03	-1.43760448482140E-01
 1.99507383237148E+03	-5.12349603110177E-02
 1.99507657027151E+03	 5.48030061319129E-02
 1.99507930817154E+03	 1.28583419012788E-01
 1.99508204607158E+03	 1.39622055867976E-01
 1.99508478397161E+03	 9.22308630000125E-02
 1.99508752187164E+03	 1.82864804121758E-02
 1.99509025977167E+03	-5.13300933805812E-02
 1.99509299767170E+03	-1.07149433455853E-01
 1.99509573557173E+03	-1.55191544679160E-01
 1.99509847347176E+03	-1.97796625209196E-01
 1.99510121137179E+03	-2.24595849949715E-01
 1.99510394927182E+03	-2.19016887650339E-01
 1.99510668717185E+03	-1.69616662468099E-01
 1.99510942507188E+03	-7.82766438498065E-02
 1.99511216297191E+03	 3.63973734634857E-02
 1.99511490087194E+03	 1.44089816037378E-01
 1.99511763877198E+03	 2.18154838334023E-01
 1.99512037667201E+03	 2.50917336748265E-01
 1.99512311457204E+03	 2.52976812863156E-01
 1.99512585247207E+03	 2.36185654640977E-01
 1.99512859037210E+03	 1.99397484105832E-01
 1.99513132827213E+03	 1.33017199835744E-01
 1.99513406617216E+03	 3.60541791242905E-02
 1.99513680407219E+03	-7.38493961193829E-02
 1.99513954197222E+03	-1.66578369119274E-01
 1.99514227987225E+03	-2.13384129364314E-01
 1.99514501777228E+03	-1.97022332051843E-01
 1.99514775567231E+03	-1.17448489485125E-01
 1.99515049357234E+03	 3.10742949271674E-03
 1.99515323147237E+03	 1.20834248037168E-01
 1.99515596937241E+03	 1.87099399054291E-01
 1.99515870727244E+03	 1.76915012894681E-01
 1.99516144517247E+03	 1.05180255291230E-01
 1.99516418307250E+03	 1.24865551804958E-02
 1.99516692097253E+03	-6.68888737704302E-02
 1.99516965887256E+03	-1.23513531951291E-01
 1.99517239677259E+03	-1.64304163936972E-01
 1.99517513467262E+03	-1.93582247424362E-01
 1.99517787257265E+03	-2.05221982777813E-01
 1.99518061047268E+03	-1.88157721758496E-01
 1.99518334837271E+03	-1.34657094485058E-01
 1.99518608627274E+03	-4.58269676811223E-02
 1.99518882417277E+03	 6.52858883035243E-02
 1.99519156207281E+03	 1.75578194514836E-01
 1.99519429997284E+03	 2.61274320274155E-01
 1.99519703787287E+03	 3.08381873851614E-01
 1.99519977577290E+03	 3.14129794862326E-01
 1.99520251367293E+03	 2.79934331677402E-01
 1.99520525157296E+03	 2.07088613221341E-01
 1.99520798947299E+03	 1.01274412600181E-01
 1.99521072737302E+03	-2.11636697228736E-02
 1.99521346527305E+03	-1.34669874876307E-01
 1.99521620317308E+03	-2.12978014315824E-01
 1.99521894107311E+03	-2.36856915399010E-01
 1.99522167897314E+03	-1.98079697622135E-01
 1.99522441687317E+03	-1.03613752845940E-01
 1.99522715477321E+03	 1.93182745908989E-02
 1.99522989267324E+03	 1.26219168150533E-01
 1.99523263057327E+03	 1.74125640889576E-01
 1.99523536847330E+03	 1.47169261711698E-01
 1.99523810637333E+03	 6.64145681985453E-02
 1.99524084427336E+03	-2.73655517776527E-02
 1.99524358217339E+03	-1.02370849324956E-01
 1.99524632007342E+03	-1.49670320314891E-01
 1.99524905797345E+03	-1.74852613081941E-01
 1.99525179587348E+03	-1.83324349846241E-01
 1.99525453377351E+03	-1.75076907312525E-01
 1.99525727167354E+03	-1.47753498908469E-01
 1.99526000957357E+03	-9.92122600207440E-02
 1.99526274747361E+03	-2.82900393921121E-02
 1.99526548537364E+03	 6.21995068410094E-02
 1.99526822327367E+03	 1.61370595907891E-01
 1.99527096117370E+03	 2.50518540955533E-01
 1.99527369907373E+03	 3.08692128089772E-01
 1.99527643697376E+03	 3.19359212283453E-01
 1.99527917487379E+03	 2.75424807987340E-01
 1.99528191277382E+03	 1.82696441117059E-01
 1.99528465067385E+03	 6.03746813731598E-02
 1.99528738857388E+03	-6.40095105434503E-02
 1.99529012647391E+03	-1.63617344464094E-01
 1.99529286437394E+03	-2.19451692712146E-01
 1.99529560227397E+03	-2.22462545833526E-01
 1.99529834017400E+03	-1.73697858150784E-01
 1.99530107807404E+03	-8.64547044334427E-02
 1.99530381597407E+03	 1.17966748859468E-02
 1.99530655387410E+03	 8.49083070324809E-02
 1.99530929177413E+03	 1.03664204350828E-01
 1.99531202967416E+03	 6.26192618804054E-02
 1.99531476757419E+03	-1.64483798087091E-02
 1.99531750547422E+03	-9.92717040524015E-02
 1.99532024337425E+03	-1.59631040939214E-01
 1.99532298127428E+03	-1.88602029164197E-01
 1.99532571917431E+03	-1.89313321247087E-01
 1.99532845707434E+03	-1.68612738969463E-01
 1.99533119497437E+03	-1.34459004193224E-01
 1.99533393287440E+03	-9.53469808050127E-02
 1.99533667077444E+03	-5.57195224824901E-02
 1.99533940867447E+03	-1.11875212320067E-02
 1.99534214657450E+03	 4.78000763244072E-02
 1.99534488447453E+03	 1.24058953339587E-01
 1.99534762237456E+03	 2.04300862667995E-01
 1.99535036027459E+03	 2.61849936813499E-01
 1.99535309817462E+03	 2.70500275638707E-01
 1.99535583607465E+03	 2.19910752512453E-01
 1.99535857397468E+03	 1.22244104142423E-01
 1.99536131187471E+03	 6.18291873122858E-03
 1.99536404977474E+03	-9.66568125330715E-02
 1.99536678767477E+03	-1.63461526934294E-01
 1.99536952557480E+03	-1.84586539098119E-01
 1.99537226347484E+03	-1.62397690392730E-01
 1.99537500137487E+03	-1.08874803848177E-01
 1.99537773927490E+03	-4.31555229981446E-02
 1.99538047717493E+03	 1.22829775574864E-02
 1.99538321507496E+03	 3.73557599549349E-02
 1.99538595297499E+03	 2.10709120057190E-02
 1.99538869087502E+03	-3.31466421874816E-02
 1.99539142877505E+03	-1.07423860827592E-01
 1.99539416667508E+03	-1.76972078543055E-01
 1.99539690457511E+03	-2.21059690039983E-01
 1.99539964247514E+03	-2.29540434855980E-01
 1.99540238037517E+03	-2.02606151705519E-01
 1.99540511827520E+03	-1.48922244431026E-01
 1.99540785617523E+03	-8.49409466795031E-02
 1.99541059407527E+03	-3.02907648912404E-02
 1.99541333197530E+03	 3.92023842737588E-03
 1.99541606987533E+03	 2.48680947997443E-02
 1.99541880777536E+03	 5.27566635054311E-02
 1.99542154567539E+03	 1.01267518614161E-01
 1.99542428357542E+03	 1.61039640939720E-01
 1.99542702147545E+03	 2.02579063669589E-01
 1.99542975937548E+03	 1.97013034227024E-01
 1.99543249727551E+03	 1.37132598864099E-01
 1.99543523517554E+03	 4.23442573643781E-02
 1.99543797307557E+03	-5.36617052834465E-02
 1.99544071097560E+03	-1.20421748554613E-01
 1.99544344887563E+03	-1.41682660355841E-01
 1.99544618677567E+03	-1.18012143371630E-01
 1.99544892467570E+03	-6.48234061546231E-02
 1.99545166257573E+03	-6.70890623862822E-03
 1.99545440047576E+03	 3.26569751171867E-02
 1.99545713837579E+03	 4.03664277817032E-02
 1.99545987627582E+03	 1.62415437096073E-02
 1.99546261417585E+03	-3.30087938828915E-02
 1.99546535207588E+03	-9.87799691807215E-02
 1.99546808997591E+03	-1.69734170422470E-01
 1.99547082787594E+03	-2.30085501082464E-01
 1.99547356577597E+03	-2.62724865626261E-01
 1.99547630367600E+03	-2.55335107250020E-01
 1.99547904157603E+03	-2.05227376017027E-01
 1.99548177947607E+03	-1.22550792315510E-01
 1.99548451737610E+03	-3.07647175864057E-02
 1.99548725527613E+03	 4.14016440792165E-02
 1.99548999317616E+03	 7.72189007660063E-02
 1.99549273107619E+03	 8.49742833169011E-02
 1.99549546897622E+03	 9.06576233197715E-02
 1.99549820687625E+03	 1.13165785550560E-01
 1.99550094477628E+03	 1.45068881448977E-01
 1.99550368267631E+03	 1.58109851617159E-01
 1.99550642057634E+03	 1.28009665233436E-01
 1.99550915847637E+03	 5.52985969489344E-02
 1.99551189637640E+03	-3.43816311367099E-02
 1.99551463427643E+03	-1.06347374895839E-01
 1.99551737217646E+03	-1.33913910319438E-01
 1.99552011007650E+03	-1.07601722747889E-01
 1.99552284797653E+03	-3.81825668364009E-02
 1.99552558587656E+03	 4.51705017865272E-02
 1.99552832377659E+03	 1.05836570945240E-01
 1.99553106167662E+03	 1.18795454534297E-01
 1.99553379957665E+03	 8.38842431590627E-02
 1.99553653747668E+03	 2.01139475407536E-02
 1.99553927537671E+03	-5.26781296835675E-02
 1.99554201327674E+03	-1.24907751646597E-01
 1.99554475117677E+03	-1.92287607158760E-01
 1.99554748907680E+03	-2.45983394316597E-01
 1.99555022697683E+03	-2.71177887593028E-01
 1.99555296487686E+03	-2.53990143026136E-01
 1.99555570277690E+03	-1.89702711255336E-01
 1.99555844067693E+03	-8.88944981758876E-02
 1.99556117857696E+03	 2.13783668793798E-02
 1.99556391647699E+03	 1.07482908533245E-01
 1.99556665437702E+03	 1.49248725103878E-01
 1.99556939227705E+03	 1.53906655284703E-01
 1.99557213017708E+03	 1.47252431792555E-01
 1.99557486807711E+03	 1.47731637990887E-01
 1.99557760597714E+03	 1.49060414179495E-01
 1.99558034387717E+03	 1.28651760646390E-01
 1.99558308177720E+03	 7.18710491399867E-02
 1.99558581967723E+03	-1.20915171640118E-02
 1.99558855757726E+03	-9.45753538008380E-02
 1.99559129547730E+03	-1.43371027304564E-01
 1.99559403337733E+03	-1.36574103064812E-01
 1.99559677127736E+03	-7.08674520697509E-02
 1.99559950917739E+03	 3.34945014234520E-02
 1.99560224707742E+03	 1.35334605365808E-01
 1.99560498497745E+03	 1.90275305641204E-01
 1.99560772287748E+03	 1.76873842647041E-01
 1.99561046077751E+03	 1.08813985919677E-01
 1.99561319867754E+03	 1.98599583368491E-02
 1.99561593657757E+03	-6.32930645393255E-02
 1.99561867447760E+03	-1.33125572440312E-01
 1.99562141237763E+03	-1.91350094078564E-01
 1.99562415027766E+03	-2.34354921544033E-01
 1.99562688817770E+03	-2.50257414516737E-01
 1.99562962607773E+03	-2.26138481571832E-01
 1.99563236397776E+03	-1.56841911619824E-01
 1.99563510187779E+03	-5.18079944078125E-02
 1.99563783977782E+03	 6.30017529116378E-02
 1.99564057767785E+03	 1.54472749827211E-01
 1.99564331557787E+03	 2.01605990136641E-01
 1.99564605347791E+03	 2.08344521863965E-01
 1.99564879137794E+03	 1.95080372380787E-01
 1.99565152927797E+03	 1.76318346785605E-01
 1.99565426717800E+03	 1.48103351297129E-01
 1.99565700507803E+03	 9.73367319028430E-02
 1.99565974297806E+03	 2.07301506089885E-02
 1.99566248087809E+03	-6.64181305722244E-02
 1.99566521877813E+03	-1.36848821304488E-01
 1.99566795667816E+03	-1.63717464683842E-01
 1.99567069457819E+03	-1.30619820716392E-01
 1.99567343247822E+03	-4.01044002045514E-02
 1.99567617037825E+03	 7.98182756409412E-02
 1.99567890827828E+03	 1.80893308959402E-01
 1.99568164617831E+03	 2.18254252242435E-01
 1.99568438407834E+03	 1.78834591074707E-01
 1.99568712197837E+03	 8.83960606489493E-02
 1.99568985987840E+03	-1.12132684347111E-02
 1.99569259777843E+03	-9.21123413033442E-02
 1.99569533567846E+03	-1.49815265809742E-01
 1.99569807357849E+03	-1.90094159512182E-01
 1.99570081147853E+03	-2.13860601953866E-01
 1.99570354937856E+03	-2.14429633575115E-01
 1.99570628727859E+03	-1.83284693131213E-01
 1.99570902517862E+03	-1.16450364999410E-01
 1.99571176307865E+03	-2.02334978013314E-02
 1.99571450097868E+03	 8.55247768345079E-02
 1.99571723887871E+03	 1.73370928134766E-01
 1.99571997677874E+03	 2.23308712059965E-01
 1.99572271467877E+03	 2.33665823731099E-01
 1.99572545257880E+03	 2.15925818230520E-01
 1.99572819047883E+03	 1.79873055254279E-01
 1.99573092837886E+03	 1.26308309060466E-01
 1.99573366627889E+03	 5.38175866872404E-02
 1.99573640417893E+03	-3.07790221259247E-02
 1.99573914207896E+03	-1.10141783734332E-01
 1.99574187997899E+03	-1.62294487593601E-01
 1.99574461787902E+03	-1.67944253472298E-01
 1.99574735577905E+03	-1.17378885618555E-01
 1.99575009367908E+03	-1.90861894248210E-02
 1.99575283157911E+03	 9.44422654693838E-02
 1.99575556947914E+03	 1.75371825382181E-01
 1.99575830737917E+03	 1.86205087579667E-01
 1.99576104527920E+03	 1.24537335225423E-01
 1.99576378317923E+03	 2.33456204389629E-02
 1.99576652107926E+03	-7.46836142508712E-02
 1.99576925897929E+03	-1.44204615411268E-01
 1.99577199687932E+03	-1.82788005547337E-01
 1.99577473477936E+03	-1.98031782296996E-01
 1.99577747267939E+03	-1.95314764840909E-01
 1.99578021057942E+03	-1.75594734953760E-01
 1.99578294847945E+03	-1.37609852189532E-01
 1.99578568637948E+03	-7.94446112858898E-02
 1.99578842427951E+03	-2.06252170891418E-03
 1.99579116217954E+03	 8.50846339435850E-02
 1.99579390007957E+03	 1.63679714736071E-01
 1.99579663797960E+03	 2.15057173673923E-01
 1.99579937587963E+03	 2.29806769639903E-01
 1.99580211377966E+03	 2.09094262965780E-01
 1.99580485167969E+03	 1.59201161528674E-01
 1.99580758957972E+03	 8.78260255592215E-02
 1.99581032747976E+03	 5.17747427032750E-03
 1.99581306537979E+03	-7.47241051841474E-02
 1.99581580327982E+03	-1.36004422528859E-01
 1.99581854117985E+03	-1.64287155049410E-01
 1.99582127907988E+03	-1.49566502840277E-01
 1.99582401697991E+03	-9.05939781130803E-02
 1.99582675487994E+03	-1.50939832972149E-03
 1.99582949277997E+03	 8.58070253328165E-02
 1.99583223068000E+03	 1.32433601277336E-01
 1.99583496858003E+03	 1.14181505029071E-01
 1.99583770648006E+03	 3.80365000905467E-02
 1.99584044438009E+03	-6.25313127888445E-02
 1.99584318228012E+03	-1.50078423166943E-01
 1.99584592018016E+03	-2.03274432104767E-01
 1.99584865808019E+03	-2.19790932642981E-01
 1.99585139598022E+03	-2.07132020282722E-01
 1.99585413388025E+03	-1.75161587678743E-01
 1.99585687178028E+03	-1.33967484316297E-01
 1.99585960968031E+03	-9.10054372336378E-02
 1.99586234758034E+03	-4.64961015575970E-02
 1.99586508548037E+03	 5.68560676881371E-03
 1.99586782338040E+03	 6.89226884458430E-02
 1.99587056128043E+03	 1.35228690282107E-01
 1.99587329918046E+03	 1.86620331783923E-01
 1.99587603708049E+03	 2.05205040952868E-01
 1.99587877498052E+03	 1.82920622573757E-01
 1.99588151288055E+03	 1.24781354702603E-01
 1.99588425078059E+03	 4.60232716063118E-02
 1.99588698868062E+03	-3.37672678645620E-02
 1.99588972658065E+03	-9.66909182157351E-02
 1.99589246448068E+03	-1.30448399689113E-01
 1.99589520238071E+03	-1.29457787293188E-01
 1.99589794028074E+03	-9.49707047419109E-02
 1.99590067818077E+03	-3.62167442495784E-02
 1.99590341608080E+03	 2.84251888846731E-02
 1.99590615398083E+03	 7.40651567492297E-02
 1.99590889188086E+03	 7.82089978354728E-02
 1.99591162978089E+03	 3.26781568236740E-02
 1.99591436768092E+03	-4.99251851904151E-02
 1.99591710558095E+03	-1.41757985058401E-01
 1.99591984348099E+03	-2.14093959775845E-01
 1.99592258138102E+03	-2.49373403828454E-01
 1.99592531928105E+03	-2.43677796904678E-01
 1.99592805718108E+03	-2.03349872832973E-01
 1.99593079508111E+03	-1.42579415572601E-01
 1.99593353298114E+03	-8.08060857154790E-02
 1.99593627088117E+03	-3.43906188149312E-02
 1.99593900878120E+03	-5.58323596255606E-03
 1.99594174668123E+03	 1.91195676834213E-02
 1.99594448458126E+03	 5.57615596625126E-02
 1.99594722248129E+03	 1.05825224842237E-01
 1.99594996038132E+03	 1.51717242537720E-01
 1.99595269828135E+03	 1.68998468310775E-01
 1.99595543618139E+03	 1.44058614692180E-01
 1.99595817408142E+03	 8.30841497132044E-02
 1.99596091198145E+03	 7.70556192240891E-03
 1.99596364988148E+03	-5.66901092001759E-02
 1.99596638778151E+03	-9.11904061877207E-02
 1.99596912568154E+03	-8.81292459982391E-02
 1.99597186358157E+03	-5.18532733549257E-02
 1.99597460148160E+03	 2.70128405910497E-03
 1.99597733938163E+03	 5.44138332961216E-02
 1.99598007728166E+03	 8.34574162658276E-02
 1.99598281518169E+03	 7.80897855771188E-02
 1.99598555308172E+03	 3.68178140141407E-02
 1.99598829098175E+03	-3.31551584930164E-02
 1.99599102888179E+03	-1.17796766111904E-01
 1.99599376678182E+03	-1.98238841889738E-01
 1.99599650468185E+03	-2.54939717366956E-01
 1.99599924258188E+03	-2.73142453563217E-01
 1.99600198048191E+03	-2.46786113880557E-01
 1.99600471838194E+03	-1.80917657827933E-01
 1.99600745628197E+03	-9.34602115808761E-02
 1.99601019418200E+03	-1.20839541817994E-02
 1.99601293208203E+03	 3.88122176702961E-02
 1.99601566998206E+03	 5.47112863003748E-02
 1.99601840788209E+03	 5.46626844150700E-02
 1.99602114578212E+03	 6.43377335950266E-02
 1.99602388368215E+03	 9.23679410251670E-02
 1.99602662158218E+03	 1.22474733030005E-01
 1.99602935948222E+03	 1.28285892193700E-01
 1.99603209738225E+03	 9.58791248512783E-02
 1.99603483528228E+03	 3.44371646187626E-02
 1.99603757318231E+03	-3.04307726854979E-02
 1.99604031108234E+03	-7.11743783582049E-02
 1.99604304898237E+03	-6.97537727728039E-02
 1.99604578688240E+03	-2.36592141758990E-02
 1.99604852478243E+03	 5.15942061863068E-02
 1.99605126268246E+03	 1.25665282340392E-01
 1.99605400058249E+03	 1.66074833560660E-01
 1.99605673848252E+03	 1.55328272323301E-01
 1.99605947638255E+03	 9.87044534659177E-02
 1.99606221428258E+03	 1.57971703185106E-02
 1.99606495218262E+03	-7.42857741626690E-02
 1.99606769008265E+03	-1.59214877712019E-01
 1.99607042798268E+03	-2.29243976160758E-01
 1.99607316588271E+03	-2.72478812166217E-01
 1.99607590378274E+03	-2.76375611726482E-01
 1.99607864168277E+03	-2.33461299446158E-01
 1.99608137958280E+03	-1.47715723798343E-01
 1.99608411748283E+03	-3.91659705578916E-02
 1.99608685538286E+03	 5.91643414416239E-02
 1.99608959328289E+03	 1.17026910789094E-01
 1.99609233118292E+03	 1.27191848682243E-01
 1.99609506908295E+03	 1.10502787990007E-01
 1.99609780698298E+03	 9.69375180370760E-02
 1.99610054488302E+03	 9.91217062957080E-02
 1.99610328278305E+03	 1.03892476040079E-01
 1.99610602068308E+03	 8.84534159030505E-02
 1.99610875858311E+03	 4.32122833188996E-02
 1.99611149648314E+03	-1.92888226722137E-02
 1.99611423438317E+03	-7.23917638538579E-02
 1.99611697228320E+03	-8.91000496677789E-02
 1.99611971018323E+03	-5.30578551022810E-02
 1.99612244808326E+03	 3.30341009329705E-02
 1.99612518598329E+03	 1.42327678333251E-01
 1.99612792388332E+03	 2.30239139183372E-01
 1.99613066178335E+03	 2.56615511120985E-01
 1.99613339968338E+03	 2.10191016870967E-01
 1.99613613758341E+03	 1.13225304603158E-01
 1.99613887548345E+03	 1.59677299260879E-03
 1.99614161338348E+03	-9.91904830397604E-02
 1.99614435128351E+03	-1.80345289753318E-01
 1.99614708918354E+03	-2.39488492340350E-01
 1.99614982708357E+03	-2.70610373937969E-01
 1.99615256498360E+03	-2.63926871843808E-01
 1.99615530288363E+03	-2.12138296453672E-01
 1.99615804078366E+03	-1.17998759728118E-01
 1.99616077868369E+03	-4.79003394186016E-04
 1.99616351658372E+03	 1.06958676892036E-01
 1.99616625448375E+03	 1.72003397013495E-01
 1.99616899238378E+03	 1.84576501265666E-01
 1.99617173028381E+03	 1.62722079230899E-01
 1.99617446818385E+03	 1.34583414698861E-01
 1.99617720608388E+03	 1.13579653039550E-01
 1.99617994398391E+03	 9.13712237086229E-02
 1.99618268188394E+03	 5.27886536122860E-02
 1.99618541978397E+03	-5.36039014759889E-03
 1.99618815768400E+03	-6.86501744531846E-02
 1.99619089558403E+03	-1.12268572660905E-01
 1.99619363348406E+03	-1.11556794149263E-01
 1.99619637138409E+03	-5.22233792103248E-02
 1.99619910928412E+03	 5.82859584486633E-02
 1.99620184718415E+03	 1.84119972811726E-01
 1.99620458508418E+03	 2.72004588626650E-01
 1.99620732298421E+03	 2.80958309110514E-01
 1.99621006088425E+03	 2.08896361819961E-01
 1.99621279878428E+03	 9.09345900241030E-02
 1.99621553668431E+03	-2.90104666295217E-02
 1.99621827458434E+03	-1.25106283350988E-01
 1.99622101248437E+03	-1.92901703750169E-01
 1.99622375038440E+03	-2.35406355716912E-01
 1.99622648828443E+03	-2.51851277195595E-01
 1.99622922618446E+03	-2.36993175330329E-01
 1.99623196408449E+03	-1.85635876784678E-01
 1.99623470198452E+03	-9.86080060676616E-02
 1.99623743988455E+03	 1.03921188799912E-02
 1.99624017778458E+03	 1.13595116504532E-01
 1.99624291568461E+03	 1.81357826602880E-01
 1.99624565358464E+03	 2.01128942200767E-01
 1.99624839148468E+03	 1.84169859652970E-01
 1.99625112938471E+03	 1.51853526261332E-01
 1.99625386728474E+03	 1.16265049532372E-01
 1.99625660518477E+03	 7.49924637034765E-02
 1.99625934308480E+03	 2.19147549438851E-02
 1.99626208098483E+03	-4.06115075759748E-02
 1.99626481888486E+03	-9.90145736273115E-02
 1.99626755678489E+03	-1.33000248345536E-01
 1.99627029468492E+03	-1.22087352206858E-01
 1.99627303258495E+03	-5.52613124035648E-02
 1.99627577048498E+03	 5.59609481484771E-02
 1.99627850838501E+03	 1.71804460516388E-01
 1.99628124628504E+03	 2.39581976354419E-01
 1.99628398418508E+03	 2.25753128165706E-01
 1.99628672208511E+03	 1.38525670843986E-01
 1.99628945998514E+03	 1.92123931746899E-02
 1.99629219788517E+03	-8.88924960066701E-02
 1.99629493578520E+03	-1.64212304762651E-01
 1.99629767368523E+03	-2.06391321612314E-01
 1.99630041158526E+03	-2.22433220430124E-01
 1.99630314948529E+03	-2.17417073429434E-01
 1.99630588738532E+03	-1.93083868244834E-01
 1.99630862528535E+03	-1.48310910572219E-01
 1.99631136318538E+03	-8.13849219014155E-02
 1.99631410108541E+03	 3.00328854938868E-03
 1.99631683898544E+03	 8.81101565869940E-02
 1.99631957688548E+03	 1.50960121162466E-01
 1.99632231478551E+03	 1.77058899446098E-01
 1.99632505268554E+03	 1.68694403019672E-01
 1.99632779058557E+03	 1.38437457618669E-01
 1.99633052848560E+03	 9.69448007961374E-02
 1.99633326638563E+03	 4.84447533860039E-02
 1.99633600428566E+03	-4.77152087405869E-03
 1.99633874218569E+03	-5.71272884466009E-02
 1.99634148008572E+03	-9.85904927315536E-02
 1.99634421798575E+03	-1.15871695079673E-01
 1.99634695588578E+03	-9.56856189854744E-02
 1.99634969378581E+03	-3.32254999045434E-02
 1.99635243168584E+03	 5.64462837331306E-02
 1.99635516958588E+03	 1.36319597558804E-01
 1.99635790748591E+03	 1.64546339446669E-01
 1.99636064538594E+03	 1.21878810130446E-01
 1.99636338328597E+03	 2.56473855735088E-02
 1.99636612118600E+03	-8.34296410166063E-02
 1.99636885908603E+03	-1.68693398502670E-01
 1.99637159698606E+03	-2.14370804829905E-01
 1.99637433488609E+03	-2.22789187680961E-01
 1.99637707278612E+03	-2.03977134376723E-01
 1.99637981068615E+03	-1.69841541381255E-01
 1.99638254858618E+03	-1.31230244139310E-01
 1.99638528648621E+03	-9.28222977547925E-02
 1.99638802438624E+03	-5.05158276688431E-02
 1.99639076228627E+03	 1.71489595066658E-03
 1.99639350018631E+03	 6.06996169930226E-02
 1.99639623808634E+03	 1.11816642588612E-01
 1.99639897598637E+03	 1.38869923328840E-01
 1.99640171388640E+03	 1.35234642706046E-01
 1.99640445178643E+03	 1.05911993528768E-01
 1.99640718968646E+03	 6.19254711433657E-02
 1.99640992758649E+03	 1.46296532344979E-02
 1.99641266548652E+03	-2.66486827701600E-02
 1.99641540338655E+03	-5.49787541730416E-02
 1.99641814128658E+03	-6.53336027932403E-02
 1.99642087918661E+03	-5.37284293917594E-02
 1.99642361708664E+03	-1.83265516097547E-02
 1.99642635498667E+03	 3.55153016181694E-02
 1.99642909288671E+03	 8.99534089396087E-02
 1.99643183078674E+03	 1.17438977623006E-01
 1.99643456868677E+03	 9.49049516118289E-02
 1.99643730658680E+03	 2.03456740698088E-02
 1.99644004448683E+03	-8.30809824837901E-02
 1.99644278238686E+03	-1.80311528234699E-01
 1.99644552028689E+03	-2.43419921942169E-01
 1.99644825818692E+03	-2.61110467480708E-01
 1.99645099608695E+03	-2.36277046892161E-01
 1.99645373398698E+03	-1.81040134213595E-01
 1.99645647188701E+03	-1.14391115607073E-01
 1.99645920978704E+03	-5.70665908819553E-02
 1.99646194768707E+03	-2.04883642363588E-02
 1.99646468558711E+03	 9.61213997009560E-04
 1.99646742348714E+03	 2.33078825638197E-02
 1.99647016138717E+03	 5.61466607316181E-02
 1.99647289928720E+03	 9.23294905148398E-02
 1.99647563718723E+03	 1.13989175790838E-01
 1.99647837508726E+03	 1.07566456663566E-01
 1.99648111298729E+03	 7.37055286072510E-02
 1.99648385088732E+03	 2.59287835965459E-02
 1.99648658878735E+03	-1.75462204580915E-02
 1.99648932668738E+03	-4.16978464300052E-02
 1.99649206458741E+03	-3.86925487923562E-02
 1.99649480248744E+03	-8.51534927839049E-03
 1.99649754038747E+03	 4.16287168795909E-02
 1.99650027828750E+03	 9.81068843276394E-02
 1.99650301618754E+03	 1.42748657541437E-01
 1.99650575408757E+03	 1.57079189066976E-01
 1.99650849198760E+03	 1.28500326078087E-01
 1.99651122988763E+03	 5.61749115498708E-02
 1.99651396778766E+03	-4.64743128271626E-02
 1.99651670568769E+03	-1.55125239344604E-01
 1.99651944358772E+03	-2.43164963327171E-01
 1.99652218148775E+03	-2.90631061622584E-01
 1.99652491938778E+03	-2.88376536899957E-01
 1.99652765728781E+03	-2.38150635262099E-01
 1.99653039518784E+03	-1.53148891956845E-01
 1.99653313308787E+03	-5.82996981649759E-02
 1.99653587098790E+03	 1.69989958381702E-02
 1.99653860888794E+03	 5.50558954382325E-02
 1.99654134678797E+03	 6.20773207435641E-02
 1.99654408468800E+03	 6.16971927379224E-02
 1.99654682258803E+03	 7.31179012594219E-02
 1.99654956048806E+03	 9.44202009425288E-02
 1.99655229838809E+03	 1.06524603127694E-01
 1.99655503628812E+03	 9.20142117606852E-02
 1.99655777418815E+03	 5.02962878106945E-02
 1.99656051208818E+03	-2.07120246274484E-03
 1.99656324998821E+03	-4.17643578581324E-02
 1.99656598788824E+03	-4.94168222815338E-02
 1.99656872578827E+03	-1.57780522601031E-02
 1.99657146368830E+03	 5.48898822875169E-02
 1.99657420158834E+03	 1.43152816848329E-01
 1.99657693948837E+03	 2.18298408459782E-01
 1.99657967738840E+03	 2.50419200216553E-01
 1.99658241528843E+03	 2.24652184354726E-01
 1.99658515318846E+03	 1.46749622677938E-01
 1.99658789108849E+03	 3.66025952382883E-02
 1.99659062898852E+03	-8.24522727182956E-02
 1.99659336688855E+03	-1.89709257125324E-01
 1.99659610478858E+03	-2.67997612451820E-01
 1.99659884268861E+03	-3.03829175809386E-01
 1.99660158058864E+03	-2.88992979002227E-01
 1.99660431848867E+03	-2.23683438830888E-01
 1.99660705638870E+03	-1.21059215452207E-01
 1.99660979428873E+03	-9.30932905946114E-03
 1.99661253218877E+03	 7.67539970687021E-02
 1.99661527008880E+03	 1.15143785881971E-01
 1.99661800798883E+03	 1.12029155467209E-01
 1.99662074588886E+03	 9.54464737159802E-02
 1.99662348378889E+03	 9.02009236395988E-02
 1.99662622168892E+03	 9.76121991940763E-02
 1.99662895958895E+03	 9.89126508622147E-02
 1.99663169748898E+03	 7.61584826278506E-02
 1.99663443538901E+03	 2.91091905551991E-02
 1.99663717328904E+03	-2.44246779651982E-02
 1.99663991118907E+03	-5.91847069894013E-02
 1.99664264908910E+03	-5.30745220513081E-02
 1.99664538698913E+03	 4.89913779198068E-03
 1.99664812488917E+03	 1.06689437236019E-01
 1.99665086278920E+03	 2.20931724966563E-01
 1.99665360068923E+03	 3.02117926645560E-01
 1.99665633858926E+03	 3.14002126911591E-01
 1.99665907648929E+03	 2.50678038766139E-01
 1.99666181438932E+03	 1.36615735497720E-01
 1.99666455228935E+03	 6.92337254261648E-03
 1.99666729018938E+03	-1.12049743942979E-01
 1.99667002808941E+03	-2.06681171982581E-01
 1.99667276598944E+03	-2.69030931209141E-01
 1.99667550388947E+03	-2.91392445415628E-01
 1.99667824178950E+03	-2.67210969367392E-01
 1.99668097968953E+03	-1.95903027509518E-01
 1.99668371758957E+03	-8.91878464632249E-02
 1.99668645548960E+03	 2.53932064587605E-02
 1.99668919338963E+03	 1.12184330241060E-01
 1.99669193128966E+03	 1.47596247285633E-01
 1.99669466918969E+03	 1.36945797218621E-01
 1.99669740708972E+03	 1.08888379615737E-01
 1.99670014498975E+03	 8.99491086460696E-02
 1.99670288288978E+03	 8.38608709978366E-02
 1.99670562078981E+03	 7.47719916411391E-02
 1.99670835868984E+03	 4.71951152590862E-02
 1.99671109658987E+03	 1.27278242373637E-03
 1.99671383448990E+03	-4.69826028085984E-02
 1.99671657238993E+03	-7.38447215309890E-02
 1.99671931028997E+03	-5.64201362864258E-02
 1.99672204819000E+03	 1.72057218478728E-02
 1.99672478609003E+03	 1.35005123669670E-01
 1.99672752399006E+03	 2.55800845318290E-01
 1.99673026189009E+03	 3.25456633576985E-01
 1.99673299979012E+03	 3.09346368273711E-01
 1.99673573769015E+03	 2.14507991025690E-01
 1.99673847559018E+03	 8.07330784783006E-02
 1.99674121349021E+03	-4.93981254020237E-02
 1.99674395139024E+03	-1.52369746404229E-01
 1.99674668929027E+03	-2.22775638320052E-01
 1.99674942719030E+03	-2.60853153323294E-01
 1.99675216509033E+03	-2.65000955020247E-01
 1.99675490299036E+03	-2.32299692372226E-01
 1.99675764089040E+03	-1.62466614268693E-01
 1.99676037879043E+03	-6.38767508135872E-02
 1.99676311669046E+03	 4.11126142058755E-02
 1.99676585459049E+03	 1.20819636952004E-01
 1.99676859249052E+03	 1.52332819349933E-01
 1.99677133039055E+03	 1.38417623081981E-01
 1.99677406829058E+03	 1.04047013535560E-01
 1.99677680619061E+03	 7.41196682201173E-02
 1.99677954409064E+03	 5.50275732621372E-02
 1.99678228199067E+03	 3.67591711772193E-02
 1.99678501989070E+03	 8.51054680087024E-03
 1.99678775779073E+03	-2.97954489817615E-02
 1.99679049569076E+03	-6.64932219788091E-02
 1.99679323359080E+03	-8.20402393389564E-02
 1.99679597149083E+03	-5.51377675900148E-02
 1.99679870939086E+03	 2.47360627005526E-02
 1.99680144729089E+03	 1.41138256181932E-01
 1.99680418519092E+03	 2.47462901895415E-01
 1.99680692309095E+03	 2.89768934104786E-01
 1.99680966099098E+03	 2.42717326490475E-01
 1.99681239889101E+03	 1.26741490354780E-01
 1.99681513679104E+03	-9.80926716765974E-03
 1.99681787469107E+03	-1.24698317414550E-01
 1.99682061259110E+03	-2.00463169068742E-01
 1.99682335049113E+03	-2.38703616249619E-01
 1.99682608839116E+03	-2.46335431307428E-01
 1.99682882629120E+03	-2.28736548310798E-01
 1.99683156419123E+03	-1.88763387206730E-01
 1.99683430209126E+03	-1.27139415043353E-01
 1.99683703999129E+03	-4.67250273701410E-02
 1.99683977789132E+03	 3.96140690514601E-02
 1.99684251579135E+03	 1.08267494736651E-01
 1.99684525369138E+03	 1.38299139195815E-01
 1.99684799159141E+03	 1.27562809542346E-01
 1.99685072949144E+03	 9.33337011562315E-02
 1.99685346739147E+03	 5.65140482259902E-02
 1.99685620529150E+03	 2.68424959399694E-02
 1.99685894319153E+03	 2.26142485195310E-03
 1.99686168109156E+03	-2.22022259592160E-02
 1.99686441899159E+03	-4.72275008365036E-02
 1.99686715689163E+03	-6.66106551783401E-02
 1.99686989479166E+03	-6.68752982452485E-02
 1.99687263269169E+03	-3.16867855281830E-02
 1.99687537059172E+03	 4.45744960354932E-02
 1.99687810849175E+03	 1.41443023698290E-01
 1.99688084639178E+03	 2.13681336488812E-01
 1.99688358429181E+03	 2.17250459520720E-01
 1.99688632219184E+03	 1.41254356890754E-01
 1.99688906009187E+03	 1.61620856820843E-02
 1.99689179799190E+03	-1.09288198748903E-01
 1.99689453589193E+03	-1.99062134607110E-01
 1.99689727379196E+03	-2.42114559797246E-01
 1.99690001169199E+03	-2.44553432984041E-01
 1.99690274959203E+03	-2.18652305925273E-01
 1.99690548749206E+03	-1.77779929587675E-01
 1.99690822539209E+03	-1.32272030039511E-01
 1.99691096329212E+03	-8.42832994675502E-02
 1.99691370119215E+03	-2.95218362507866E-02
 1.99691643909218E+03	 3.17158972027567E-02
 1.99691917699221E+03	 8.66482699268822E-02
 1.99692191489224E+03	 1.16934223587882E-01
 1.99692465279227E+03	 1.13821773536983E-01
 1.99692739069230E+03	 8.46984509752255E-02
 1.99693012859233E+03	 4.56447838783924E-02
 1.99693286649236E+03	 1.02273511667246E-02
 1.99693560439239E+03	-1.51926347461430E-02
 1.99693834229243E+03	-2.97633605885867E-02
 1.99694108019246E+03	-3.46216880402680E-02
 1.99694381809249E+03	-2.90761094396242E-02
 1.99694655599252E+03	-7.84855965418490E-03
 1.99694929389255E+03	 3.57155688361931E-02
 1.99695203179258E+03	 9.85724800526869E-02
 1.99695476969261E+03	 1.58413655015713E-01
 1.99695750759264E+03	 1.79827145738219E-01
 1.99696024549267E+03	 1.37208552240275E-01
 1.99696298339270E+03	 3.58119601001594E-02
 1.99696572129273E+03	-8.94202842003070E-02
 1.99696845919276E+03	-1.96261318041991E-01
 1.99697119709279E+03	-2.57598427038132E-01
 1.99697393499282E+03	-2.67224404315777E-01
 1.99697667289286E+03	-2.33363103592926E-01
 1.99697941079289E+03	-1.72897486305566E-01
 1.99698214869292E+03	-1.07909782482377E-01
 1.99698488659295E+03	-5.72349640951623E-02
 1.99698762449298E+03	-2.50151391196787E-02
 1.99699036239301E+03	 4.23242012832323E-04
 1.99699310029304E+03	 3.22853477676092E-02
 1.99699583819307E+03	 6.96205390533364E-02
 1.99699857609310E+03	 9.71779398737476E-02
 1.99700131399313E+03	 9.98780453838434E-02
 1.99700405189316E+03	 7.59180723742992E-02
 1.99700678979319E+03	 3.73444327033240E-02
 1.99700952769322E+03	 1.33508701272460E-03
 1.99701226559326E+03	-1.85730976195917E-02
 1.99701500349329E+03	-1.63953965369399E-02
 1.99701774139332E+03	 6.99510385278301E-03
 1.99702047929335E+03	 4.69961050451117E-02
 1.99702321719338E+03	 9.77159777163390E-02
 1.99702595509341E+03	 1.50878173698671E-01
 1.99702869299344E+03	 1.92301422885086E-01
 1.99703143089347E+03	 2.01939021330498E-01
 1.99703416879350E+03	 1.62252141260504E-01
 1.99703690669353E+03	 7.10928322953499E-02
 1.99703964459356E+03	-5.19854082005872E-02
 1.99704238249359E+03	-1.73262284250343E-01
 1.99704512039362E+03	-2.60844594778353E-01
 1.99704785829366E+03	-2.96306572943402E-01
 1.99705059619369E+03	-2.76139630127071E-01
 1.99705333409372E+03	-2.09155866436062E-01
 1.99705607199375E+03	-1.16222419358348E-01
 1.99705880989378E+03	-2.76919121256834E-02
 1.99706154779381E+03	 2.92937181454987E-02
 1.99706428569384E+03	 4.79590682761763E-02
 1.99706702359387E+03	 4.58552523951591E-02
 1.99706976149390E+03	 4.79687738165245E-02
 1.99707249939393E+03	 6.40994954463946E-02
 1.99707523729396E+03	 8.25206153278978E-02
 1.99707797519399E+03	 8.41291281125999E-02
 1.99708071309402E+03	 6.09769859386015E-02
 1.99708345099406E+03	 2.25591462167912E-02
 1.99708618889409E+03	-1.15713021343033E-02
 1.99708892679412E+03	-2.29545514893792E-02
 1.99709166469415E+03	-9.90069576628825E-04
 1.99709440259418E+03	 5.50598977703789E-02
 1.99709714049421E+03	 1.35516953774581E-01
 1.99709987839424E+03	 2.20415416691195E-01
 1.99710261629427E+03	 2.83052908105579E-01
 1.99710535419430E+03	 2.98608962569388E-01
 1.99710809209433E+03	 2.54411435009541E-01
 1.99711082999436E+03	 1.55590923569669E-01
 1.99711356789439E+03	 2.29576939071983E-02
 1.99711630579442E+03	-1.14712705411821E-01
 1.99711904369445E+03	-2.29478079126696E-01
 1.99712178159449E+03	-3.00499155344918E-01
 1.99712451949452E+03	-3.16247475280917E-01
 1.99712725739455E+03	-2.74383253358753E-01
 1.99712999529458E+03	-1.83452945939744E-01
 1.99713273319461E+03	-6.67105818047132E-02
 1.99713547109464E+03	 3.98980742901949E-02
 1.99713820899467E+03	 1.03079876496839E-01
 1.99714094689470E+03	 1.13258746536984E-01
 1.99714368479473E+03	 9.10345364424619E-02
 1.99714642269476E+03	 6.90326895207509E-02
 1.99714916059479E+03	 6.47176301073357E-02
 1.99715189849482E+03	 6.99364294827748E-02
 1.99715463639485E+03	 6.47253489241421E-02
 1.99715737429489E+03	 3.85411903971668E-02
 1.99716011219492E+03	-9.03692485563712E-04
 1.99716285009495E+03	-3.39568146675162E-02
 1.99716558799498E+03	-3.95976603807579E-02
 1.99716832589501E+03	-2.50777576616639E-03
 1.99717106379504E+03	 8.12736665000141E-02
 1.99717380169507E+03	 1.97399678262824E-01
 1.99717653959510E+03	 3.10927327297020E-01
 1.99717927749513E+03	 3.77637999231797E-01
 1.99718201539516E+03	 3.66488960543174E-01
 1.99718475329519E+03	 2.76755041512159E-01
 1.99718749119522E+03	 1.35710811605042E-01
 1.99719022909525E+03	-1.92296372263760E-02
 1.99719296699529E+03	-1.57254617081225E-01
 1.99719570489532E+03	-2.59210569819739E-01
 1.99719844279535E+03	-3.14258133055867E-01
 1.99720118069538E+03	-3.16210153761581E-01
 1.99720391859541E+03	-2.63606202416726E-01
 1.99720665649544E+03	-1.64001892617228E-01
 1.99720939439547E+03	-3.98166505065361E-02
 1.99721213229550E+03	 7.25280580032167E-02
 1.99721487019553E+03	 1.37787893068189E-01
 1.99721760809556E+03	 1.44283575087420E-01
 1.99722034599559E+03	 1.12316252695108E-01
 1.99722308389562E+03	 7.66938525714871E-02
 1.99722582179565E+03	 5.84212806735207E-02
 1.99722855969568E+03	 5.26430755466803E-02
 1.99723129759572E+03	 4.13508803892374E-02
 1.99723403549575E+03	 1.38088035143781E-02
 1.99723677339578E+03	-2.47375562085982E-02
 1.99723951129581E+03	-5.73939081696938E-02
 1.99724224919584E+03	-6.26383899895381E-02
 1.99724498709587E+03	-2.04673571211775E-02
 1.99724772499590E+03	 7.69347536731665E-02
 1.99725046289593E+03	 2.11112660164444E-01
 1.99725320079596E+03	 3.34715675877398E-01
 1.99725593869599E+03	 3.92518952180198E-01
 1.99725867659602E+03	 3.54982819030880E-01
 1.99726141449605E+03	 2.35939638573628E-01
 1.99726415239608E+03	 7.91005532162777E-02
 1.99726689029612E+03	-7.14811002701295E-02
 1.99726962819615E+03	-1.90013880046207E-01
 1.99727236609618E+03	-2.67439446446594E-01
 1.99727510399621E+03	-3.01589526310781E-01
 1.99727784189624E+03	-2.91512405521435E-01
 1.99728057979627E+03	-2.37671053620677E-01
 1.99728331769630E+03	-1.45898571203780E-01
 1.99728605559633E+03	-3.35832376378862E-02
 1.99728879349636E+03	 6.86035894790431E-02
 1.99729153139639E+03	 1.28506725819700E-01
 1.99729426929642E+03	 1.33522546000743E-01
 1.99729700719645E+03	 1.00533646824926E-01
 1.99729974509648E+03	 6.14291941136974E-02
 1.99730248299652E+03	 3.73006843404103E-02
 1.99730522089655E+03	 2.67060621631444E-02
 1.99730795879658E+03	 1.57283704909118E-02
 1.99731069669661E+03	-5.59752556391684E-03
 1.99731343459664E+03	-3.60178491972787E-02
 1.99731617249667E+03	-6.39744522540482E-02
 1.99731891039670E+03	-6.95085781274377E-02
 1.99732164829673E+03	-2.97737644333761E-02
 1.99732438619676E+03	 6.49692377709837E-02
 1.99732712409679E+03	 1.92521918581314E-01
 1.99732986199682E+03	 2.99176048308371E-01
 1.99733259989685E+03	 3.29522201900166E-01
 1.99733533779688E+03	 2.64275904225921E-01
 1.99733807569691E+03	 1.31693842244278E-01
 1.99734081359695E+03	-1.66042201310029E-02
 1.99734355149698E+03	-1.39514160491691E-01
 1.99734628939701E+03	-2.20595658818075E-01
 1.99734902729704E+03	-2.60366105096757E-01
 1.99735176519707E+03	-2.64541465140503E-01
 1.99735450309710E+03	-2.38854856716151E-01
 1.99735724099713E+03	-1.87662910169384E-01
 1.99735997889716E+03	-1.14654406824173E-01
 1.99736271679719E+03	-2.85573495858107E-02
 1.99736545469722E+03	 5.08656745519766E-02
 1.99736819259725E+03	 9.85391692504222E-02
 1.99737093049728E+03	 1.01715120627047E-01
 1.99737366839731E+03	 7.14345098471405E-02
 1.99737640629735E+03	 3.33610654117933E-02
 1.99737914419738E+03	 7.25631454949133E-03
 1.99738188209741E+03	-3.83002786642865E-03
 1.99738461999744E+03	-8.03848672391308E-03
 1.99738735789747E+03	-1.41709392257663E-02
 1.99739009579750E+03	-2.58492497422854E-02
 1.99739283369753E+03	-3.82947716876119E-02
 1.99739557159756E+03	-3.57632902140915E-02
 1.99739830949759E+03	 2.63291887011871E-03
 1.99740104739762E+03	 8.37163891450979E-02
 1.99740378529765E+03	 1.81866211903469E-01
 1.99740652319768E+03	 2.45326026766103E-01
 1.99740926109771E+03	 2.30355571335492E-01
 1.99741199899775E+03	 1.34551770206199E-01
 1.99741473689778E+03	-2.39975533346307E-03
 1.99741747479781E+03	-1.29267739232606E-01
 1.99742021269784E+03	-2.13716002680863E-01
 1.99742295059787E+03	-2.48938878489181E-01
 1.99742568849790E+03	-2.42997807549005E-01
 1.99742842639793E+03	-2.09276802796279E-01
 1.99743116429796E+03	-1.62261534640977E-01
 1.99743390219799E+03	-1.12197662640534E-01
 1.99743664009802E+03	-6.06655937346894E-02
 1.99743937799805E+03	-5.82295236613637E-03
 1.99744211589808E+03	 4.60681803244920E-02
 1.99744485379811E+03	 7.87202404651724E-02
 1.99744759169815E+03	 7.90949649888785E-02
 1.99745032959818E+03	 5.09062997770968E-02
 1.99745306749821E+03	 1.25078722191457E-02
 1.99745580539824E+03	-1.71777452677491E-02
 1.99745854329827E+03	-2.91613828117614E-02
 1.99746128119830E+03	-2.46630673485004E-02
 1.99746401909833E+03	-1.05594964035442E-02
 1.99746675699836E+03	 5.58537301113476E-03
 1.99746949489839E+03	 2.18017112190118E-02
 1.99747223279842E+03	 4.62115790507415E-02
 1.99747497069845E+03	 9.07449896619762E-02
 1.99747770859848E+03	 1.53528847156378E-01
 1.99748044649851E+03	 2.06995021814500E-01
 1.99748318439854E+03	 2.10253650964975E-01
 1.99748592229858E+03	 1.40373701457414E-01
 1.99748866019861E+03	 1.36810156366995E-02
 1.99749139809864E+03	-1.24166780622242E-01
 1.99749413599867E+03	-2.28391740258842E-01
 1.99749687389870E+03	-2.76622033337625E-01
 1.99749961179873E+03	-2.68846137249258E-01
 1.99750234969876E+03	-2.18077587818882E-01
 1.99750508759879E+03	-1.45246766372382E-01
 1.99750782549882E+03	-7.48354102406914E-02
 1.99751056339885E+03	-2.38610546427900E-02
 1.99751330129888E+03	 8.07548336965069E-03
 1.99751603919891E+03	 3.35462730626090E-02
 1.99751877709894E+03	 5.97992275636296E-02
 1.99752151499898E+03	 7.89341663151694E-02
 1.99752425289901E+03	 7.69021288644648E-02
 1.99752699079904E+03	 4.96947685311461E-02
 1.99752972869907E+03	 8.81099920621646E-03
 1.99753246659910E+03	-2.68673014709392E-02
 1.99753520449913E+03	-4.21810980389995E-02
 1.99753794239916E+03	-3.13823665432307E-02
 1.99754068029919E+03	 1.98602557093951E-03
 1.99754341819922E+03	 4.91835113652658E-02
 1.99754615609925E+03	 1.02554311880846E-01
 1.99754889399928E+03	 1.58940617136796E-01
 1.99755163189931E+03	 2.14724406690268E-01
 1.99755436979934E+03	 2.56057719607122E-01
 1.99755710769938E+03	 2.57472855233178E-01
 1.99755984559941E+03	 1.96753614713276E-01
 1.99756258349944E+03	 7.55095659848054E-02
 1.99756532139947E+03	-7.50044592415087E-02
 1.99756805929950E+03	-2.10083853535292E-01
 1.99757079719953E+03	-2.94822948158424E-01
 1.99757353509956E+03	-3.15027750362786E-01
 1.99757627299959E+03	-2.73906034761132E-01
 1.99757901089962E+03	-1.87286424980961E-01
 1.99758174879965E+03	-8.28917150743426E-02
 1.99758448669968E+03	 5.59285481573917E-03
 1.99758722459971E+03	 5.53347206899967E-02
 1.99758996249974E+03	 6.88681373131532E-02
 1.99759270039977E+03	 6.84272746194305E-02
 1.99759543829981E+03	 7.30534488236913E-02
 1.99759817619984E+03	 8.18109820727864E-02
 1.99760091409987E+03	 7.92921094788412E-02
 1.99760365199990E+03	 5.45996019917321E-02
 1.99760638989993E+03	 1.33008568178264E-02
 1.99760912779996E+03	-2.63449514497249E-02
 1.99761186569999E+03	-4.51177715187045E-02
 1.99761460360002E+03	-3.15678461082299E-02
 1.99761734150005E+03	 1.58656082629457E-02
 1.99762007940008E+03	 9.07212439200392E-02
 1.99762281730011E+03	 1.80711135131214E-01
 1.99762555520014E+03	 2.68376785532633E-01
 1.99762829310017E+03	 3.31280691700528E-01
 1.99763103100021E+03	 3.45366817657086E-01
 1.99763376890024E+03	 2.93849252036855E-01
 1.99763650680027E+03	 1.78046689527928E-01
 1.99763924470030E+03	 2.16402445543149E-02
 1.99764198260033E+03	-1.37191456234901E-01
 1.99764472050036E+03	-2.61394291406674E-01
 1.99764745840039E+03	-3.27188828143805E-01
 1.99765019630042E+03	-3.26204707016217E-01
 1.99765293420045E+03	-2.62582470319459E-01
 1.99765567210048E+03	-1.53529798308324E-01
 1.99765841000051E+03	-3.14330230680735E-02
 1.99766114790054E+03	 6.40229608932152E-02
 1.99766388580057E+03	 1.06717503581878E-01
 1.99766662370061E+03	 1.01430510695432E-01
 1.99766936160064E+03	 7.78585816932752E-02
 1.99767209950067E+03	 6.40132659309071E-02
 1.99767483740070E+03	 6.44455490210753E-02
 1.99767757530073E+03	 6.32130958828338E-02
 1.99768031320076E+03	 4.46339553371049E-02
 1.99768305110079E+03	 9.12311870015377E-03
 1.99768578900082E+03	-2.79671169205978E-02
 1.99768852690085E+03	-4.72196431936317E-02
 1.99769126480088E+03	-3.33532829910016E-02
 1.99769400270091E+03	 2.19191902200156E-02
 1.99769674060094E+03	 1.16906583044585E-01
 1.99769947850097E+03	 2.34735457059920E-01
 1.99770221640100E+03	 3.42193934396755E-01
 1.99770495430104E+03	 3.99678594041837E-01
 1.99770769220107E+03	 3.79574760568068E-01
 1.99771043010110E+03	 2.80654718802685E-01
 1.99771316800113E+03	 1.27997276575491E-01
 1.99771590590116E+03	-4.01010734147243E-02
 1.99771864380119E+03	-1.87615910470794E-01
 1.99772138170122E+03	-2.89658664160749E-01
 1.99772411960125E+03	-3.33280347342569E-01
 1.99772685750128E+03	-3.14598345005033E-01
 1.99772959540131E+03	-2.38183400991230E-01
 1.99773233330134E+03	-1.21253252670165E-01
 1.99773507120137E+03	 3.02770168122898E-03
 1.99773780910140E+03	 9.39806493277247E-02
 1.99774054700144E+03	 1.25171847092578E-01
 1.99774328490147E+03	 1.02791121712454E-01
 1.99774602280150E+03	 6.02949374108504E-02
 1.99774876070153E+03	 3.08710963070451E-02
 1.99775149860156E+03	 2.33856632589741E-02
 1.99775423650159E+03	 2.34596403460090E-02
 1.99775697440162E+03	 1.37132063712732E-02
 1.99775971230165E+03	-9.92774700077255E-03
 1.99776245020168E+03	-3.78363249228039E-02
 1.99776518810171E+03	-5.41205150085813E-02
 1.99776792600174E+03	-4.11213004449377E-02
 1.99777066390177E+03	 1.68900215804254E-02
 1.99777340180180E+03	 1.23138123954458E-01
 1.99777613970184E+03	 2.55059918288694E-01
 1.99777887760187E+03	 3.64799888993895E-01
 1.99778161550190E+03	 4.02046167170756E-01
 1.99778435340193E+03	 3.44547847529199E-01
 1.99778709130196E+03	 2.10574473940153E-01
 1.99778982920199E+03	 4.39476817721263E-02
 1.99779256710202E+03	-1.12173508510968E-01
 1.99779530500205E+03	-2.30802598282865E-01
 1.99779804290208E+03	-3.00416020812914E-01
 1.99780078080211E+03	-3.17772710027126E-01
 1.99780351870214E+03	-2.83619388032190E-01
 1.99780625660217E+03	-2.03559864044616E-01
 1.99780899450220E+03	-9.27994067691789E-02
 1.99781173240224E+03	 1.99954692146067E-02
 1.99781447030227E+03	 9.87507049950034E-02
 1.99781720820230E+03	 1.19052667307308E-01
 1.99781994610233E+03	 8.62893127794816E-02
 1.99782268400236E+03	 3.26349138170843E-02
 1.99782542190239E+03	-7.94156995707457E-03
 1.99782815980242E+03	-2.31043499582155E-02
 1.99783089770245E+03	-2.29491811058935E-02
 1.99783363560248E+03	-2.32745372399388E-02
 1.99783637350251E+03	-3.19000171173111E-02
 1.99783911140254E+03	-4.67724972444703E-02
 1.99784184930257E+03	-5.75542147334414E-02
 1.99784458720260E+03	-4.51679589126640E-02
 1.99784732510263E+03	 1.22242320093219E-02
 1.99785006300267E+03	 1.20094340004418E-01
 1.99785280090270E+03	 2.49064137521768E-01
 1.99785553880273E+03	 3.41367970707590E-01
 1.99785827670276E+03	 3.45948903585106E-01
 1.99786101460279E+03	 2.53867286098008E-01
 1.99786375250282E+03	 1.01845682949341E-01
 1.99786649040285E+03	-5.64996886907132E-02
 1.99786922830288E+03	-1.82042734543674E-01
 1.99787196620291E+03	-2.59720159555285E-01
 1.99787470410294E+03	-2.89789228203997E-01
 1.99787744200297E+03	-2.77805960242904E-01
 1.99788017990300E+03	-2.30619914571000E-01
 1.99788291780303E+03	-1.55775442585099E-01
 1.99788565570307E+03	-6.38264114185538E-02
 1.99788839360310E+03	 2.65615511505522E-02
 1.99789113150313E+03	 8.88763704656239E-02
 1.99789386940316E+03	 1.02121246471521E-01
 1.99789660730319E+03	 6.80964128350995E-02
 1.99789934520322E+03	 1.26942640855902E-02
 1.99790208310325E+03	-3.32331594930650E-02
 1.99790482100328E+03	-5.43893160891705E-02
 1.99790755890331E+03	-5.43161746659170E-02
 1.99791029680334E+03	-4.48192220452955E-02
 1.99791303470337E+03	-3.66063516913930E-02
 1.99791577260340E+03	-3.53081193008681E-02
 1.99791851050343E+03	-3.64435982944946E-02
 1.99792124840347E+03	-2.12117505807811E-02
 1.99792398630350E+03	 3.39172988848031E-02
 1.99792672420353E+03	 1.31962951485983E-01
 1.99792946210356E+03	 2.37487016369065E-01
 1.99793220000359E+03	 2.91624899610992E-01
 1.99793493790362E+03	 2.53978614238647E-01
 1.99793767580365E+03	 1.33553210724031E-01
 1.99794041370368E+03	-2.01385103443307E-02
 1.99794315160371E+03	-1.53612806564039E-01
 1.99794588950374E+03	-2.37379900779290E-01
 1.99794862740377E+03	-2.67447224109599E-01
 1.99795136530380E+03	-2.53281333647028E-01
 1.99795410320383E+03	-2.09415322400276E-01
 1.99795684110386E+03	-1.51055527715341E-01
 1.99795957900390E+03	-8.84583433547515E-02
 1.99796231690393E+03	-2.51029409880790E-02
 1.99796505480396E+03	 3.45286451023132E-02
 1.99796779270399E+03	 7.68452400190788E-02
 1.99797053060402E+03	 8.50747287833701E-02
 1.99797326850405E+03	 5.55664745906824E-02
 1.99797600640408E+03	 4.86002063767580E-03
 1.99797874430411E+03	-4.14938028641621E-02
 1.99798148220414E+03	-6.55325968408770E-02
 1.99798422010417E+03	-6.34139021779604E-02
 1.99798695800420E+03	-4.20487557212684E-02
 1.99798969590423E+03	-1.39009621371624E-02
 1.99799243380426E+03	 9.35593531411158E-03
 1.99799517170430E+03	 2.66936050110102E-02
 1.99799790960433E+03	 5.28333518683501E-02
 1.99800064750436E+03	 1.05649823369672E-01
 1.99800338540439E+03	 1.80891754388190E-01
 1.99800612330442E+03	 2.41069629485805E-01
 1.99800886120445E+03	 2.37791326637921E-01
 1.99801159910448E+03	 1.51242000942218E-01
 1.99801433700451E+03	 8.56725411114522E-03
 1.99801707490454E+03	-1.36022891659802E-01
 1.99801981280457E+03	-2.36932430965789E-01
 1.99802255070460E+03	-2.75750079864923E-01
 1.99802528860463E+03	-2.56593859615634E-01
 1.99802802650466E+03	-1.96143911960064E-01
 1.99803076440470E+03	-1.18902065251094E-01
 1.99803350230473E+03	-5.02364516542776E-02
 1.99803624020476E+03	-3.38810040217146E-03
 1.99803897810479E+03	 2.65019967979357E-02
 1.99804171600482E+03	 5.06977892147640E-02
 1.99804445390485E+03	 6.96001865277568E-02
 1.99804719180488E+03	 7.10917207205518E-02
 1.99804992970491E+03	 4.59964111565665E-02
 1.99805266760494E+03	 1.25173571044529E-03
 1.99805540550497E+03	-4.31514729333670E-02
 1.99805814340500E+03	-6.71942757731757E-02
 1.99806088130503E+03	-6.06923734257177E-02
 1.99806361920506E+03	-2.59050890005773E-02
 1.99806635710509E+03	 2.49878010365402E-02
 1.99806909500513E+03	 7.74371826287205E-02
 1.99807183290516E+03	 1.24967621017041E-01
 1.99807457080519E+03	 1.72383180787242E-01
 1.99807730870522E+03	 2.23722605224979E-01
 1.99808004660525E+03	 2.64903020071219E-01
 1.99808278450528E+03	 2.63318149059955E-01
 1.99808552240531E+03	 1.91907473966713E-01
 1.99808826030534E+03	 5.64426939356234E-02
 1.99809099820537E+03	-1.02216409537618E-01
 1.99809373610540E+03	-2.33186439620695E-01
 1.99809647400543E+03	-3.02579711685433E-01
 1.99809921190546E+03	-3.01175489138621E-01
 1.99810194980549E+03	-2.37882556811642E-01
 1.99810468770553E+03	-1.35299696658211E-01
 1.99810742560556E+03	-2.80007973969034E-02
 1.99811016350559E+03	 4.88505655724917E-02
 1.99811290140562E+03	 7.97374057968293E-02
 1.99811563930565E+03	 7.75242731276273E-02
 1.99811837720568E+03	 6.76284313112193E-02
 1.99812111510571E+03	 6.28925952838381E-02
 1.99812385300574E+03	 5.56540663853958E-02
 1.99812659090577E+03	 3.25426961615849E-02
 1.99812932880580E+03	-7.29050481322561E-03
 1.99813206670583E+03	-4.88405130175682E-02
 1.99813480460586E+03	-7.17056982391531E-02
 1.99813754250589E+03	-6.19238269164995E-02
 1.99814028040593E+03	-1.73484638509630E-02
 1.99814301830596E+03	 5.36730746004377E-02
 1.99814575620599E+03	 1.37906887307513E-01
 1.99814849410602E+03	 2.23020340017670E-01
 1.99815123200605E+03	 2.97991707800586E-01
 1.99815396990608E+03	 3.47510335163775E-01
 1.99815670780611E+03	 3.49196210767655E-01
 1.99815944570614E+03	 2.83129690246586E-01
 1.99816218360617E+03	 1.49520599849638E-01
 1.99816492150620E+03	-2.26027205995874E-02
 1.99816765940623E+03	-1.86824783209764E-01
 1.99817039730626E+03	-3.01793863195263E-01
 1.99817313520629E+03	-3.45491991794424E-01
 1.99817587310633E+03	-3.14653167954728E-01
 1.99817861100636E+03	-2.20388471160417E-01
 1.99818134890639E+03	-8.95668841095025E-02
 1.99818408680642E+03	 3.58527531422853E-02
 1.99818682470645E+03	 1.14530233242774E-01
 1.99818956260648E+03	 1.30526192352203E-01
 1.99819230050651E+03	 1.02908076372144E-01
 1.99819503840654E+03	 6.69633426344905E-02
 1.99819777630657E+03	 4.42285068586859E-02
 1.99820051420660E+03	 3.05533381168447E-02
 1.99820325210663E+03	 1.02127829069561E-02
 1.99820599000666E+03	-2.30902152773366E-02
 1.99820872790669E+03	-5.93602524515055E-02
 1.99821146580672E+03	-8.08494957629533E-02
 1.99821420370676E+03	-7.29594421847836E-02
 1.99821694160679E+03	-2.85459043695543E-02
 1.99821967950682E+03	 5.23204151150320E-02
 1.99822241740685E+03	 1.61535597281091E-01
 1.99822515530688E+03	 2.80183355414075E-01
 1.99822789320691E+03	 3.78194025561675E-01
 1.99823063110694E+03	 4.21249380159711E-01
 1.99823336900697E+03	 3.84710919922513E-01
 1.99823610690700E+03	 2.67395831178467E-01
 1.99823884480703E+03	 9.53918687540861E-02
 1.99824158270706E+03	-8.81452313823183E-02
 1.99824432060709E+03	-2.40813198549515E-01
 1.99824705850712E+03	-3.34371227646403E-01
 1.99824979640716E+03	-3.56962718961063E-01
 1.99825253430719E+03	-3.08895841009066E-01
 1.99825527220722E+03	-2.02048665782767E-01
 1.99825801010725E+03	-6.46574675784212E-02
 1.99826074800728E+03	 5.97768472903941E-02
 1.99826348590731E+03	 1.29885544083318E-01
 1.99826622380734E+03	 1.31616526122740E-01
 1.99826896170737E+03	 8.73600967379434E-02
 1.99827169960740E+03	 3.66382126706491E-02
 1.99827443750743E+03	 5.15824455403928E-03
 1.99827717540746E+03	-8.69415646661194E-03
 1.99827991330749E+03	-2.09980596428628E-02
 1.99828265120752E+03	-4.16148781577318E-02
 1.99828538910756E+03	-6.66832552173438E-02
 1.99828812700759E+03	-8.48222895499588E-02
 1.99829086490762E+03	-8.34877029512902E-02
 1.99829360280765E+03	-4.95211820241738E-02
 1.99829634070768E+03	 2.83180412938829E-02
 1.99829907860771E+03	 1.48253689787564E-01
 1.99830181650774E+03	 2.83828412487732E-01
 1.99830455440777E+03	 3.87383088197170E-01
 1.99830729230780E+03	 4.12848403209355E-01
 1.99831003020783E+03	 3.42429825776449E-01
 1.99831276810786E+03	 1.96125036283573E-01
 1.99831550600789E+03	 1.81421571330777E-02
 1.99831824390792E+03	-1.46339209732995E-01
 1.99832098180795E+03	-2.66660422130283E-01
 1.99832371970799E+03	-3.28641346374710E-01
 1.99832645760802E+03	-3.29142106497208E-01
 1.99832919550805E+03	-2.71945160139082E-01
 1.99833193340808E+03	-1.69360721838294E-01
 1.99833467130811E+03	-4.69970992405926E-02
 1.99833740920814E+03	 5.74245466630144E-02
 1.99834014710817E+03	 1.08830836705887E-01
 1.99834288500820E+03	 9.65185976533108E-02
 1.99834562290823E+03	 4.27099734363674E-02
 1.99834836080826E+03	-1.41546845566168E-02
 1.99835109870829E+03	-4.76575328208219E-02
 1.99835383660832E+03	-5.67454520633129E-02
 1.99835657450835E+03	-5.54675790255118E-02
 1.99835931240839E+03	-5.58227293074210E-02
 1.99836205030842E+03	-6.15219075317294E-02
 1.99836478820845E+03	-7.04411975227573E-02
 1.99836752610848E+03	-7.36735425748316E-02
 1.99837026400851E+03	-5.20968107058616E-02
 1.99837300190854E+03	 1.57343973655985E-02
 1.99837573980857E+03	 1.31366026570996E-01
 1.99837847770860E+03	 2.60021993364354E-01
 1.99838121560863E+03	 3.42976265741011E-01
 1.99838395350866E+03	 3.34712773754733E-01
 1.99838669140869E+03	 2.33392652889028E-01
 1.99838942930872E+03	 7.84379778265634E-02
 1.99839216720875E+03	-7.83732127849288E-02
 1.99839490510879E+03	-1.99871005936329E-01
 1.99839764300882E+03	-2.70515464853909E-01
 1.99840038090885E+03	-2.89240653828328E-01
 1.99840311880888E+03	-2.61777963489070E-01
 1.99840585670891E+03	-1.97473174569866E-01
 1.99840859460894E+03	-1.09255218956679E-01
 1.99841133250897E+03	-1.59008564391444E-02
 1.99841407040900E+03	 5.69790478973366E-02
 1.99841680830903E+03	 8.47118265183629E-02
 1.99841954620906E+03	 5.96266495060924E-02
 1.99842228410909E+03	 2.31642910457284E-04
 1.99842502200912E+03	-5.98884109940618E-02
 1.99842775990915E+03	-9.50017096366948E-02
 1.99843049780918E+03	-9.98761658557451E-02
 1.99843323570922E+03	-8.39486273153829E-02
 1.99843597360925E+03	-6.00590262226632E-02
 1.99843871150928E+03	-3.98647578502539E-02
 1.99844144940931E+03	-3.10510383270086E-02
 1.99844418730934E+03	-2.87173316856922E-02
 1.99844692520936E+03	-1.02585396309204E-02
 1.99844966310940E+03	 4.97892976602212E-02
 1.99845240100943E+03	 1.49999780208697E-01
 1.99845513890946E+03	 2.48010440354702E-01
 1.99845787680949E+03	 2.84416565861122E-01
 1.99846061470952E+03	 2.27443477213041E-01
 1.99846335260955E+03	 9.66401682597330E-02
 1.99846609050958E+03	-5.47288165047891E-02
 1.99846882840962E+03	-1.76838943728869E-01
 1.99847156630965E+03	-2.45240052894407E-01
 1.99847430420968E+03	-2.58309885928483E-01
 1.99847704210971E+03	-2.26477225759270E-01
 1.99847978000974E+03	-1.65983058814238E-01
 1.99848251790977E+03	-9.43699358464368E-02
 1.99848525580980E+03	-2.48242908355701E-02
 1.99848799370983E+03	 3.43698168006092E-02
 1.99849073160986E+03	 7.34531134139327E-02
 1.99849346950989E+03	 7.91580325830999E-02
 1.99849620740992E+03	 4.49837309136766E-02
 1.99849894530995E+03	-1.72141706759044E-02
 1.99850168320998E+03	-8.06850232726304E-02
 1.99850442111002E+03	-1.20338692184379E-01
 1.99850715901005E+03	-1.25199794135064E-01
 1.99850989691008E+03	-9.84236561066928E-02
 1.99851263481011E+03	-5.24596459146156E-02
 1.99851537271014E+03	-5.18836118905151E-03
 1.99851811061017E+03	 2.83154407384750E-02
 1.99852084851020E+03	 4.93404736913371E-02
 1.99852358641023E+03	 7.88945122402778E-02
 1.99852632431026E+03	 1.37195336954522E-01
 1.99852906221029E+03	 2.13833819047200E-01
 1.99853180011032E+03	 2.62889588277577E-01
 1.99853453801035E+03	 2.36122046319709E-01
 1.99853727591038E+03	 1.24827503127519E-01
 1.99854001381042E+03	-3.10136936774032E-02
 1.99854275171045E+03	-1.72613891625497E-01
 1.99854548961048E+03	-2.58408958820379E-01
 1.99854822751051E+03	-2.76105963109261E-01
 1.99855096541054E+03	-2.34245162159429E-01
 1.99855370331057E+03	-1.53459105641858E-01
 1.99855644121060E+03	-6.21531768719274E-02
 1.99855917911063E+03	 1.30061334442773E-02
 1.99856191701066E+03	 6.03689876397851E-02
 1.99856465491069E+03	 8.48124695735299E-02
 1.99856739281072E+03	 9.33306218842729E-02
 1.99857013071075E+03	 8.27359138589354E-02
 1.99857286861078E+03	 4.55132550318604E-02
 1.99857560651081E+03	-1.48070782928988E-02
 1.99857834441085E+03	-7.90156128284849E-02
 1.99858108231088E+03	-1.22838359678731E-01
 1.99858382021091E+03	-1.29934027547739E-01
 1.99858655811094E+03	-9.75897962615134E-02
 1.99858929601097E+03	-3.66686144479702E-02
 1.99859203391100E+03	 3.27494234229548E-02
 1.99859477181103E+03	 9.28439957109906E-02
 1.99859750971106E+03	 1.41483041886084E-01
 1.99860024761109E+03	 1.91462201832007E-01
 1.99860298551112E+03	 2.49289117244638E-01
 1.99860572341115E+03	 2.93918650403972E-01
 1.99860846131118E+03	 2.83811751743223E-01
 1.99861119921121E+03	 1.92023502424110E-01
 1.99861393711125E+03	 3.51115601342383E-02
 1.99861667501128E+03	-1.34002238839179E-01
 1.99861941291131E+03	-2.60153581588769E-01
 1.99862215081134E+03	-3.12794882265868E-01
 1.99862488871137E+03	-2.88390101939948E-01
 1.99862762661140E+03	-2.01903157879022E-01
 1.99863036451143E+03	-8.32103473759184E-02
 1.99863310241146E+03	 2.74107298998165E-02
 1.99863584031149E+03	 9.63073453093524E-02
 1.99863857821152E+03	 1.16293540086818E-01
 1.99864131611155E+03	 1.06387276797482E-01
 1.99864405401158E+03	 8.87384075064630E-02
 1.99864679191161E+03	 6.79268949988568E-02
 1.99864952981165E+03	 3.42509487816166E-02
 1.99865226771168E+03	-1.70132957122413E-02
 1.99865500561171E+03	-7.42327115059300E-02
 1.99865774351174E+03	-1.15556145098315E-01
 1.99866048141177E+03	-1.22442065543367E-01
 1.99866321931180E+03	-8.86575395693766E-02
 1.99866595721183E+03	-2.18727634946845E-02
 1.99866869511186E+03	 6.12531361758010E-02
 1.99867143301189E+03	 1.45043115052554E-01
 1.99867417091192E+03	 2.22751258526961E-01
 1.99867690881195E+03	 2.92473592048902E-01
 1.99867964671198E+03	 3.42848248867825E-01
 1.99868238461201E+03	 3.46686013616689E-01
 1.99868512251204E+03	 2.76819009456544E-01
 1.99868786041208E+03	 1.32907518336624E-01
 1.99869059831211E+03	-4.85720739117545E-02
 1.99869333621214E+03	-2.12939251778547E-01
 1.99869607411217E+03	-3.16110504195017E-01
 1.99869881201220E+03	-3.38522412364772E-01
 1.99870154991223E+03	-2.81907645718035E-01
 1.99870428781226E+03	-1.65264558936285E-01
 1.99870702571229E+03	-2.60195281313991E-02
 1.99870976361232E+03	 8.72004267837903E-02
 1.99871250151235E+03	 1.38478145107672E-01
 1.99871523941238E+03	 1.27477408842398E-01
 1.99871797731241E+03	 8.55914884824854E-02
 1.99872071521244E+03	 4.63093289545052E-02
 1.99872345311248E+03	 1.96075152431751E-02
 1.99872619101251E+03	-5.88055065394639E-03
 1.99872892891254E+03	-4.12166212592420E-02
 1.99873166681257E+03	-8.19317711084323E-02
 1.99873440471260E+03	-1.11483376387625E-01
 1.99873714261263E+03	-1.13945971276275E-01
 1.99873988051266E+03	-8.21987109340216E-02
 1.99874261841269E+03	-1.81575322964889E-02
 1.99874535631272E+03	 7.05798617958123E-02
 1.99874809421275E+03	 1.73242785337770E-01
 1.99875083211278E+03	 2.75346539688233E-01
 1.99875357001281E+03	 3.55813559711179E-01
 1.99875630791284E+03	 3.87168373094597E-01
 1.99875904581288E+03	 3.45142368874047E-01
 1.99876178371291E+03	 2.25172980184800E-01
 1.99876452161294E+03	 5.21874268238701E-02
 1.99876725951297E+03	-1.27748231890719E-01
 1.99876999741300E+03	-2.68669225287160E-01
 1.99877273531303E+03	-3.41378485475693E-01
 1.99877547321306E+03	-3.35818647754799E-01
 1.99877821111309E+03	-2.57102652257859E-01
 1.99878094901312E+03	-1.26889535604008E-01
 1.99878368691315E+03	 1.35468977831199E-02
 1.99878642481318E+03	 1.13817871329436E-01
 1.99878916271321E+03	 1.41144917333187E-01
 1.99879190061324E+03	 1.02037734942318E-01
 1.99879463851328E+03	 3.52925442381692E-02
 1.99879737641331E+03	-1.97637276439156E-02
 1.99880011431334E+03	-4.97399278000091E-02
 1.99880285221337E+03	-6.56063356797910E-02
 1.99880559011340E+03	-8.14923773016444E-02
 1.99880832801343E+03	-9.93105850990419E-02
 1.99881106591346E+03	-1.10889837005545E-01
 1.99881380381349E+03	-1.07216082406239E-01
 1.99881654171352E+03	-8.14558236500600E-02
 1.99881927961355E+03	-2.66347377346313E-02
 1.99882201751358E+03	 6.21691794150966E-02
 1.99882475541361E+03	 1.78228131390945E-01
 1.99882749331364E+03	 2.95330708760585E-01
 1.99883023121367E+03	 3.72875997923313E-01
 1.99883296911371E+03	 3.74613333017885E-01
 1.99883570701374E+03	 2.89144791284393E-01
 1.99883844491377E+03	 1.37413158180987E-01
 1.99884118281380E+03	-3.78849079497795E-02
 1.99884392071383E+03	-1.92302793288765E-01
 1.99884665861386E+03	-2.94914591458011E-01
 1.99884939651389E+03	-3.31560965238706E-01
 1.99885213441392E+03	-3.00531037895474E-01
 1.99885487231395E+03	-2.10469885488703E-01
 1.99885761021398E+03	-8.42205546445378E-02
 1.99886034811401E+03	 3.91766110112068E-02
 1.99886308601404E+03	 1.15680058976903E-01
 1.99886582391407E+03	 1.19784297405060E-01
 1.99886856181411E+03	 6.20452943054990E-02
 1.99887129971414E+03	-1.83123429628225E-02
 1.99887403761417E+03	-8.19380085811826E-02
 1.99887677551420E+03	-1.13281275278642E-01
 1.99887951341423E+03	-1.20108963353766E-01
 1.99888225131426E+03	-1.16125723989703E-01
 1.99888498921429E+03	-1.08804051626814E-01
 1.99888772711432E+03	-1.00519268630696E-01
 1.99889046501435E+03	-9.13434550357006E-02
 1.99889320291438E+03	-7.41885168929033E-02
 1.99889594081441E+03	-3.12911347514591E-02
 1.99889867871444E+03	 5.40242620641902E-02
 1.99890141661447E+03	 1.74942816869853E-01
 1.99890415451451E+03	 2.91397430486734E-01
 1.99890689241454E+03	 3.48843859721771E-01
 1.99890963031457E+03	 3.13408629080778E-01
 1.99891236821460E+03	 1.93723426438045E-01
 1.99891510611463E+03	 3.25516197045840E-02
 1.99891784401466E+03	-1.20496524003596E-01
 1.99892058191469E+03	-2.30991185196048E-01
 1.99892331981472E+03	-2.84486865434935E-01
 1.99892605771475E+03	-2.80410597587988E-01
 1.99892879561478E+03	-2.26100580512489E-01
 1.99893153351481E+03	-1.35352235658776E-01
 1.99893427141484E+03	-2.97823614203226E-02
 1.99893700931487E+03	 6.12087792742322E-02
 1.99893974721490E+03	 1.07324677001079E-01
 1.99894248511494E+03	 9.22469075516243E-02
 1.99894522301497E+03	 2.64026597623531E-02
 1.99894796091500E+03	-5.69555585680564E-02
 1.99895069881503E+03	-1.22729994627818E-01
 1.99895343671506E+03	-1.53542743390949E-01
 1.99895617461509E+03	-1.51547858812744E-01
 1.99895891251512E+03	-1.27657601928106E-01
 1.99896165041515E+03	-9.44096681878460E-02
 1.99896438831518E+03	-6.53039227789571E-02
 1.99896712621521E+03	-4.91769639021835E-02
 1.99896986411524E+03	-3.77776115348280E-02
 1.99897260201527E+03	-4.21536862377050E-03
 1.99897533991530E+03	 7.42533304189399E-02
 1.99897807781534E+03	 1.85532286714774E-01
 1.99898081571537E+03	 2.78270920017028E-01
 1.99898355361540E+03	 2.95489272643144E-01
 1.99898629151543E+03	 2.17602091005547E-01
 1.99898902941546E+03	 7.53188761257833E-02
 1.99899176731549E+03	-7.54634707579407E-02
 1.99899450521552E+03	-1.88541622158491E-01
 1.99899724311555E+03	-2.43215523469882E-01
 1.99899998101558E+03	-2.39748560817758E-01
 1.99900271891561E+03	-1.90447660230373E-01
 1.99900545681564E+03	-1.14311542482478E-01
 1.99900819471567E+03	-3.18960678364264E-02
 1.99901093261570E+03	 3.98412498006384E-02
 1.99901367051574E+03	 8.77655514238263E-02
 1.99901640841577E+03	 9.98725262417331E-02
 1.99901914631580E+03	 6.87290121777503E-02
 1.99902188421583E+03	 1.07490075082121E-03
 1.99902462211586E+03	-7.94044068742312E-02
 1.99902736001589E+03	-1.43550490523912E-01
 1.99903009791592E+03	-1.71954937096741E-01
 1.99903283581595E+03	-1.60277558495378E-01
 1.99903557371598E+03	-1.16118362544538E-01
 1.99903831161601E+03	-5.65569591476238E-02
 1.99904104951604E+03	-4.46274625468865E-03
 1.99904378741607E+03	 2.50149559161384E-02
 1.99904652531610E+03	 4.08797273639548E-02
 1.99904926321613E+03	 7.28733612376665E-02
 1.99905200111617E+03	 1.40699210496985E-01
 1.99905473901620E+03	 2.23650244435655E-01
 1.99905747691623E+03	 2.67138331634026E-01
 1.99906021481626E+03	 2.26081356237925E-01
 1.99906295271629E+03	 1.03760025777181E-01
 1.99906569061632E+03	-5.07640811042795E-02
 1.99906842851635E+03	-1.78869835139254E-01
 1.99907116641638E+03	-2.44344173015479E-01
 1.99907390431641E+03	-2.39467767515111E-01
 1.99907664221644E+03	-1.76466900311825E-01
 1.99907938011647E+03	-8.10735305011018E-02
 1.99908211801650E+03	 1.36453764833989E-02
 1.99908485591653E+03	 8.07197082510990E-02
 1.99908759381657E+03	 1.11705828242785E-01
 1.99909033171660E+03	 1.13338742080574E-01
 1.99909306961663E+03	 9.22118301815766E-02
 1.99909580751666E+03	 4.76398450563282E-02
 1.99909854541669E+03	-1.92150739164079E-02
 1.99910128331672E+03	-9.46354601657571E-02
 1.99910402121675E+03	-1.55108319166048E-01
 1.99910675911678E+03	-1.79529444707033E-01
 1.99910949701681E+03	-1.58344603151421E-01
 1.99911223491684E+03	-9.66841062006086E-02
 1.99911497281687E+03	-1.43437818653673E-02
 1.99911771071690E+03	 6.12307404960212E-02
 1.99912044861693E+03	 1.12489595244650E-01
 1.99912318651697E+03	 1.46695197430244E-01
 1.99912592441700E+03	 1.86924466863664E-01
 1.99912866231703E+03	 2.40783059676091E-01
 1.99913140021706E+03	 2.79694371534502E-01
 1.99913413811709E+03	 2.57092927567527E-01
 1.99913687601712E+03	 1.51491496878776E-01
 1.99913961391715E+03	-9.45042245270774E-03
 1.99914235181718E+03	-1.66846969671278E-01
 1.99914508971721E+03	-2.68232557676676E-01
 1.99914782761724E+03	-2.89128023952877E-01
 1.99915056551727E+03	-2.31350847176389E-01
 1.99915330341730E+03	-1.16613430887176E-01
 1.99915604131733E+03	 1.58870700329495E-02
 1.99915877921737E+03	 1.19902435021343E-01
 1.99916151711740E+03	 1.65599528387609E-01
 1.99916425501743E+03	 1.56196880735337E-01
 1.99916699291746E+03	 1.17513154936318E-01
 1.99916973081749E+03	 7.07608399984193E-02
 1.99917246871752E+03	 1.86676156321565E-02
 1.99917520661755E+03	-4.35130464478667E-02
 1.99917794451758E+03	-1.10505125505156E-01
 1.99918068241761E+03	-1.63872322677100E-01
 1.99918342031764E+03	-1.82780722929759E-01
 1.99918615821767E+03	-1.55669367753398E-01
 1.99918889611770E+03	-8.60565634601977E-02
 1.99919163401773E+03	 7.78879733719922E-03
 1.99919437191776E+03	 1.01267487771386E-01
 1.99919710981780E+03	 1.78522967295791E-01
 1.99919984771783E+03	 2.40877572425191E-01
 1.99920258561786E+03	 2.95407716944671E-01
 1.99920532351789E+03	 3.32731595675065E-01
 1.99920806141792E+03	 3.21803659225369E-01
 1.99921079931795E+03	 2.34490769749108E-01
 1.99921353721798E+03	 7.71011010095692E-02
 1.99921627511801E+03	-1.04976844078538E-01
 1.99921901301804E+03	-2.53831053156793E-01
 1.99922175091807E+03	-3.28605016739088E-01
 1.99922448881810E+03	-3.14819362866438E-01
 1.99922722671813E+03	-2.20137717696719E-01
 1.99922996461816E+03	-7.35979699288288E-02
 1.99923270251820E+03	 7.49279746573695E-02
 1.99923544041823E+03	 1.71828368417072E-01
 1.99923817831826E+03	 1.90470393361076E-01
 1.99924091621829E+03	 1.46813246520610E-01
 1.99924365411832E+03	 8.07728752831337E-02
 1.99924639201835E+03	 2.15614198863511E-02
 1.99924912991838E+03	-2.79577366852895E-02
 1.99925186781841E+03	-7.75307171917035E-02
 1.99925460571844E+03	-1.28334237244933E-01
 1.99925734361847E+03	-1.67521120022905E-01
 1.99926008151850E+03	-1.78327667317249E-01
 1.99926281941853E+03	-1.51258425742667E-01
 1.99926555731856E+03	-8.79693976781217E-02
 1.99926829521860E+03	 8.93685996333370E-04
 1.99927103311863E+03	 1.01130601071174E-01
 1.99927377101866E+03	 2.00750211087677E-01
 1.99927650891869E+03	 2.90305365494767E-01
 1.99927924681872E+03	 3.55618119814620E-01
 1.99928198471875E+03	 3.72486866295381E-01
 1.99928472261878E+03	 3.16290922142800E-01
 1.99928746051881E+03	 1.83377243484940E-01
 1.99929019841884E+03	 3.32179298672545E-03
 1.99929293631887E+03	-1.72791619864626E-01
 1.99929567421890E+03	-2.97685864780723E-01
 1.99929841211893E+03	-3.44129185706515E-01
 1.99930115001896E+03	-3.05364436622763E-01
 1.99930388791899E+03	-1.93047908517221E-01
 1.99930662581903E+03	-4.11944861436330E-02
 1.99930936371906E+03	 9.60907847361579E-02
 1.99931210161909E+03	 1.67216010997890E-01
 1.99931483951912E+03	 1.54685143024709E-01
 1.99931757741915E+03	 8.52175597069578E-02
 1.99932031531918E+03	 5.40302181096076E-03
 1.99932305321921E+03	-5.39909400083940E-02
 1.99932579111924E+03	-9.14709260160379E-02
 1.99932852901927E+03	-1.19561044191783E-01
 1.99933126691930E+03	-1.44070561097849E-01
 1.99933400481933E+03	-1.59426731625564E-01
 1.99933674271936E+03	-1.57533842295734E-01
 1.99933948061939E+03	-1.34439617751754E-01
 1.99934221851943E+03	-8.85107105994110E-02
 1.99934495641946E+03	-1.73507061660758E-02
 1.99934769431949E+03	 7.91177176444784E-02
 1.99935043221952E+03	 1.91116113485077E-01
 1.99935317011955E+03	 2.94498763805456E-01
 1.99935590801958E+03	 3.55287980006004E-01
 1.99935864591961E+03	 3.43759062387779E-01
 1.99936138381964E+03	 2.51439716271815E-01
 1.99936412171967E+03	 9.94152000859979E-02
 1.99936685961970E+03	-6.97716892365056E-02
 1.99936959751973E+03	-2.11455954704378E-01
 1.99937233541976E+03	-2.94779527107218E-01
 1.99937507331979E+03	-3.06251930088342E-01
 1.99937781121983E+03	-2.46691802646624E-01
 1.99938054911986E+03	-1.32299401799164E-01
 1.99938328701989E+03	 1.10341758939572E-03
 1.99938602491992E+03	 1.04027933643914E-01
 1.99938876281995E+03	 1.36277234150179E-01
 1.99939150071998E+03	 9.23071846508250E-02
 1.99939423862001E+03	 4.63883173182565E-03
 1.99939697652004E+03	-8.08255101351624E-02
 1.99939971442007E+03	-1.35558524394304E-01
 1.99940245232010E+03	-1.58180213264776E-01
 1.99940519022013E+03	-1.60591947554710E-01
 1.99940792812016E+03	-1.51648130230130E-01
 1.99941066602019E+03	-1.34979794692259E-01
 1.99941340392022E+03	-1.14727026938656E-01
 1.99941614182026E+03	-9.40358470470075E-02
 1.99941887972029E+03	-6.62457923104488E-02
 1.99942161762032E+03	-1.41535054947554E-02
 1.99942435552035E+03	 7.42075143781643E-02
 1.99942709342038E+03	 1.85951887288221E-01
 1.99942983132041E+03	 2.81169686165507E-01
 1.99943256922044E+03	 3.14423769011385E-01
 1.99943530712047E+03	 2.63635762387460E-01
 1.99943804502050E+03	 1.43434424858123E-01
 1.99944078292053E+03	-5.33150974299973E-03
 1.99944352082056E+03	-1.38321793978896E-01
 1.99944625872059E+03	-2.24859738438830E-01
 1.99944899662062E+03	-2.51821792243331E-01
 1.99945173452066E+03	-2.19652798569720E-01
 1.99945447242069E+03	-1.39333545122747E-01
 1.99945721032072E+03	-3.30128928332059E-02
 1.99945994822075E+03	 6.63539864753775E-02
 1.99946268612078E+03	 1.22857587527884E-01
 1.99946542402081E+03	 1.13617541787730E-01
 1.99946816192084E+03	 4.33590473022564E-02
 1.99947089982087E+03	-5.61845188861005E-02
 1.99947363772090E+03	-1.45130947886251E-01
 1.99947637562093E+03	-1.97766330439392E-01
 1.99947911352096E+03	-2.09723893818040E-01
 1.99948185142099E+03	-1.88889955665540E-01
 1.99948458932102E+03	-1.46022423688308E-01
 1.99948732722106E+03	-9.49377603279583E-02
 1.99949006512109E+03	-5.27700864531106E-02
 1.99949280302112E+03	-2.86828756268078E-02
 1.99949554092115E+03	-1.00629636119623E-02
 1.99949827882118E+03	 3.17874898889258E-02
 1.99950101672121E+03	 1.12833413666791E-01
 1.99950375462124E+03	 2.11104891044037E-01
 1.99950649252127E+03	 2.74569353403218E-01
 1.99950923042130E+03	 2.59041761570681E-01
 1.99951196832133E+03	 1.61681758210693E-01
 1.99951470622136E+03	 2.11024279904288E-02
 1.99951744412139E+03	-1.10585778230235E-01
 1.99952018202142E+03	-1.95377663501663E-01
 1.99952291992146E+03	-2.18195593141782E-01
 1.99952565782149E+03	-1.82141303903840E-01
 1.99952839572152E+03	-1.02874901421043E-01
 1.99953113362155E+03	-4.85862059259562E-03
 1.99953387152158E+03	 8.43711624247146E-02
 1.99953660942161E+03	 1.41153477306144E-01
 1.99953934732164E+03	 1.50035623718401E-01
 1.99954208522167E+03	 1.06414003866520E-01
 1.99954482312170E+03	 2.01143574576751E-02
 1.99954756102173E+03	-8.40747753466302E-02
 1.99955029892176E+03	-1.74965114895218E-01
 1.99955303682179E+03	-2.28541251353499E-01
 1.99955577472182E+03	-2.35019137139227E-01
 1.99955851262185E+03	-1.96750707295394E-01
 1.99956125052189E+03	-1.25989505178755E-01
 1.99956398842192E+03	-4.57562904023506E-02
 1.99956672632195E+03	 1.68044795818947E-02
 1.99956946422198E+03	 4.98467863653911E-02
 1.99957220212201E+03	 7.10605640415137E-02
 1.99957494002204E+03	 1.13105626924126E-01
 1.99957767792207E+03	 1.86429358798025E-01
 1.99958041582210E+03	 2.57650506961726E-01
 1.99958315372213E+03	 2.71403719589006E-01
 1.99958589162216E+03	 1.97469322721990E-01
 1.99958862952219E+03	 5.72008562432051E-02
 1.99959136742222E+03	-9.31445805666878E-02
 1.99959410532225E+03	-1.99861694288648E-01
 1.99959684322229E+03	-2.34944045437274E-01
 1.99959958112232E+03	-1.96402213376510E-01
 1.99960231902235E+03	-1.01588142674785E-01
 1.99960505692238E+03	 1.70304910896280E-02
 1.99960779482241E+03	 1.20724676795364E-01
 1.99961053272244E+03	 1.80996297015383E-01
 1.99961327062247E+03	 1.90507783335523E-01
 1.99961600852250E+03	 1.57310827654239E-01
 1.99961874642253E+03	 9.16551933239309E-02
 1.99962148432256E+03	 2.37970946446311E-03
 1.99962422222259E+03	-9.65169664654624E-02
 1.99962696012262E+03	-1.83051619747304E-01
 1.99962969802265E+03	-2.34336025471664E-01
 1.99963243592269E+03	-2.35651772016892E-01
 1.99963517382272E+03	-1.85157083943129E-01
 1.99963791172275E+03	-9.65278898330030E-02
 1.99964064962278E+03	 1.65369974444842E-03
 1.99964338752281E+03	 7.84794441307057E-02
 1.99964612542284E+03	 1.23276369373069E-01
 1.99964886332287E+03	 1.55305013428353E-01
 1.99965160122290E+03	 2.01782360368461E-01
 1.99965433912293E+03	 2.61086104678014E-01
 1.99965707702296E+03	 2.92455726008796E-01
 1.99965981492299E+03	 2.49130791539157E-01
 1.99966255282302E+03	 1.23099659194849E-01
 1.99966529072305E+03	-4.37293034047881E-02
 1.99966802862308E+03	-1.88826447915633E-01
 1.99967076652312E+03	-2.65037399192471E-01
 1.99967350442315E+03	-2.54292108765375E-01
 1.99967624232318E+03	-1.64170224716414E-01
 1.99967898022321E+03	-2.50261404537678E-02
 1.99968171812324E+03	 1.14099447524693E-01
 1.99968445602327E+03	 2.04175064369921E-01
 1.99968719392330E+03	 2.23144550122641E-01
 1.99968993182333E+03	 1.84795940808992E-01
 1.99969266972336E+03	 1.18731573645064E-01
 1.99969540762339E+03	 4.40255024045753E-02
 1.99969814552342E+03	-3.58617634013288E-02
 1.99970088342345E+03	-1.18250585351695E-01
 1.99970362132348E+03	-1.89552939973468E-01
 1.99970635922352E+03	-2.29215171220851E-01
 1.99970909712355E+03	-2.21261816589812E-01
 1.99971183502358E+03	-1.62906746554004E-01
 1.99971457292361E+03	-6.82345663325310E-02
 1.99971731082364E+03	 3.49321752258778E-02
 1.99972004872367E+03	 1.19423201631865E-01
 1.99972278662370E+03	 1.77579780597036E-01
 1.99972552452373E+03	 2.23834450501029E-01
 1.99972826242376E+03	 2.71470827660697E-01
 1.99973100032379E+03	 3.06064471977769E-01
 1.99973373822382E+03	 2.89085492364304E-01
 1.99973647612385E+03	 1.93425504557745E-01
 1.99973921402388E+03	 3.44083026632835E-02
 1.99974195192392E+03	-1.35606162846614E-01
 1.99974468982395E+03	-2.59594166367935E-01
 1.99974742772398E+03	-3.01561840732216E-01
 1.99975016562401E+03	-2.51571120227539E-01
 1.99975290352404E+03	-1.24519633409313E-01
 1.99975564142407E+03	 3.74837137036965E-02
 1.99975837932410E+03	 1.73002182794211E-01
 1.99976111722413E+03	 2.31043135269415E-01
 1.99976385512416E+03	 2.02968072870597E-01
 1.99976659302419E+03	 1.23230875629429E-01
 1.99976933092422E+03	 3.61084189973648E-02
 1.99977206882425E+03	-3.69452158807017E-02
 1.99977480672428E+03	-9.89996510455014E-02
 1.99977754462431E+03	-1.56086221301601E-01
 1.99978028252435E+03	-2.01625516832598E-01
 1.99978302042438E+03	-2.20165644880287E-01
 1.99978575832441E+03	-1.99721222461185E-01
 1.99978849622444E+03	-1.39527842466801E-01
 1.99979123412447E+03	-5.10155751009399E-02
 1.99979397202450E+03	 4.64984033407691E-02
 1.99979670992453E+03	 1.35433854233054E-01
 1.99979944782456E+03	 2.09166825034969E-01
 1.99980218572459E+03	 2.69320180143830E-01
 1.99980492362462E+03	 3.10470998909960E-01
 1.99980766152465E+03	 3.10746210684600E-01
 1.99981039942468E+03	 2.45268252708046E-01
 1.99981313732471E+03	 1.12561139639530E-01
 1.99981587522475E+03	-5.44515651969364E-02
 1.99981861312478E+03	-2.04820462892652E-01
 1.99982135102481E+03	-2.95029839195120E-01
 1.99982408892484E+03	-3.01381055534450E-01
 1.99982682682487E+03	-2.20908582311105E-01
 1.99982956472490E+03	-7.53241742395917E-02
 1.99983230262493E+03	 8.46390591189244E-02
 1.99983504052496E+03	 1.93931503438877E-01
 1.99983777842499E+03	 2.09645378168317E-01
 1.99984051632502E+03	 1.39537879323293E-01
 1.99984325422505E+03	 3.21604024394693E-02
 1.99984599212508E+03	-6.32470688831692E-02
 1.99984873002511E+03	-1.27578807975725E-01
 1.99985146792515E+03	-1.68284417884818E-01
 1.99985420582518E+03	-1.95695450528721E-01
 1.99985694372521E+03	-2.09043132219716E-01
 1.99985968162524E+03	-2.01408988321609E-01
 1.99986241952527E+03	-1.69529352881543E-01
 1.99986515742530E+03	-1.15666169298819E-01
 1.99986789532533E+03	-4.38857768153732E-02
 1.99987063322536E+03	 4.15722936364830E-02
 1.99987337112539E+03	 1.34436651361169E-01
 1.99987610902542E+03	 2.23803213037623E-01
 1.99987884692545E+03	 2.92268941529334E-01
 1.99988158482548E+03	 3.17078207159633E-01
 1.99988432272551E+03	 2.78506180625397E-01
 1.99988706062555E+03	 1.73995243184672E-01
 1.99988979852558E+03	 2.64750806696446E-02
 1.99989253642561E+03	-1.23320575154901E-01
 1.99989527432564E+03	-2.35056422336478E-01
 1.99989801222567E+03	-2.81816662145083E-01
 1.99990075012570E+03	-2.52229860089227E-01
 1.99990348802573E+03	-1.51547071666427E-01
 1.99990622592576E+03	-8.37661912576401E-03
 1.99990896382579E+03	 1.24433442832680E-01
 1.99991170172582E+03	 1.90135497346852E-01
 1.99991443962585E+03	 1.62221713244063E-01
 1.99991717752588E+03	 6.24713230839782E-02
 1.99991991542591E+03	-5.67245392529168E-02
 1.99992265332594E+03	-1.50095198276193E-01
 1.99992539122598E+03	-2.02466855529905E-01
 1.99992812912601E+03	-2.21521115949437E-01
 1.99993086702604E+03	-2.17708180308256E-01
 1.99993360492607E+03	-1.95828891655529E-01
 1.99993634282610E+03	-1.60697657365542E-01
 1.99993908072613E+03	-1.20566689805184E-01
 1.99994181862616E+03	-7.96354455541455E-02
 1.99994455652619E+03	-3.03684833439420E-02
 1.99994729442622E+03	 4.04923273470586E-02
 1.99995003232625E+03	 1.34803914200544E-01
 1.99995277022628E+03	 2.31634063674707E-01
 1.99995550812631E+03	 2.94096934361086E-01
 1.99995824602634E+03	 2.90417286186303E-01
 1.99996098392638E+03	 2.13611855687411E-01
 1.99996372182641E+03	 8.61532927062755E-02
 1.99996645972644E+03	-5.21001341995626E-02
 1.99996919762647E+03	-1.62485658672830E-01
 1.99997193552650E+03	-2.19775385531678E-01
 1.99997467342653E+03	-2.13827239094880E-01
 1.99997741132656E+03	-1.47297923495773E-01
 1.99998014922659E+03	-3.71131377810436E-02
 1.99998288712662E+03	 8.25954116134426E-02
 1.99998562502665E+03	 1.66559531936497E-01
 1.99998836292668E+03	 1.78026598383512E-01
 1.99999110082671E+03	 1.10716426587680E-01
 1.99999383872674E+03	-5.99697138147971E-03
 1.99999657662678E+03	-1.25621507752155E-01
 1.99999931452681E+03	-2.11860493766292E-01
 2.00000205242684E+03	-2.51992272807836E-01
 2.00000479032687E+03	-2.49906125436588E-01
 2.00000752822690E+03	-2.13977049803122E-01
 2.00001026612693E+03	-1.55406608001436E-01
 2.00001300402696E+03	-9.25900799048686E-02
 2.00001574192699E+03	-4.53415602595433E-02
 2.00001847982702E+03	-1.76094534840341E-02
 2.00002121772705E+03	 1.09183066375628E-02
 2.00002395562708E+03	 6.74939363790184E-02
 2.00002669352711E+03	 1.55414226007067E-01
 2.00002943142714E+03	 2.41140736381143E-01
 2.00003216932717E+03	 2.75446775177815E-01
 2.00003490722721E+03	 2.30432866513288E-01
 2.00003764512724E+03	 1.19475690463174E-01
 2.00004038302727E+03	-1.39121589409946E-02
 2.00004312092730E+03	-1.23205352535289E-01
 2.00004585882733E+03	-1.78362806642683E-01
 2.00004859672736E+03	-1.69524527203253E-01
 2.00005133462739E+03	-1.03312515020621E-01
 2.00005407252742E+03	-2.20403657750939E-04
 2.00005681042745E+03	 1.08177185940346E-01
 2.00005954832748E+03	 1.86821559119830E-01
 2.00006228622751E+03	 2.08608197519807E-01
 2.00006502412754E+03	 1.64134861912612E-01
 2.00006776202757E+03	 6.53625218428555E-02
 2.00007049992761E+03	-5.86475506314242E-02
 2.00007323782764E+03	-1.73273445642336E-01
 2.00007597572767E+03	-2.51562428251978E-01
 2.00007871362770E+03	-2.80477545954198E-01
 2.00008145152773E+03	-2.58210580031321E-01
 2.00008418942776E+03	-1.91313454127585E-01
 2.00008692732779E+03	-9.81151332909023E-02
 2.00008966522782E+03	-9.45738108584666E-03
 2.00009240312785E+03	 4.65059623464216E-02
 2.00009514102788E+03	 6.81731662983297E-02
 2.00009787892791E+03	 8.52768447520667E-02
 2.00010061682794E+03	 1.30270163676429E-01
 2.00010335472797E+03	 2.00653631605788E-01
 2.00010609262801E+03	 2.52945946633588E-01
 2.00010883052804E+03	 2.38146623884593E-01
 2.00011156842807E+03	 1.44370648596128E-01
 2.00011430632810E+03	 6.58700039596557E-03
 2.00011704422813E+03	-1.19622296484123E-01
 2.00011978212816E+03	-1.89977566817838E-01
 2.00012252002819E+03	-1.84803081911131E-01
 2.00012525792822E+03	-1.07528240024436E-01
 2.00012799582825E+03	 1.76655078737635E-02
 2.00013073372828E+03	 1.49348563009908E-01
 2.00013347162831E+03	 2.42631280721329E-01
 2.00013620952834E+03	 2.69506517909387E-01
 2.00013894742837E+03	 2.28850879183843E-01
 2.00014168532840E+03	 1.38550888017993E-01
 2.00014442322844E+03	 2.15403712516153E-02
 2.00014716112847E+03	-1.00420741314779E-01
 2.00014989902850E+03	-2.06071262192546E-01
 2.00015263692853E+03	-2.75445158560522E-01
 2.00015537482856E+03	-2.93635251438755E-01
 2.00015811272859E+03	-2.54272424576514E-01
 2.00016085062862E+03	-1.63715543505696E-01
 2.00016358852865E+03	-4.60768503817585E-02
 2.00016632642868E+03	 6.07613823091536E-02
 2.00016906432871E+03	 1.26483056009137E-01
 2.00017180222874E+03	 1.52761175405708E-01
 2.00017454012877E+03	 1.71322930770769E-01
 2.00017727802880E+03	 2.08865879214285E-01
 2.00018001592884E+03	 2.52716925555987E-01
 2.00018275382887E+03	 2.56915115742208E-01
 2.00018549172890E+03	 1.85489371684055E-01
 2.00018822962893E+03	 4.83469999610442E-02
 2.00019096752896E+03	-1.04097076999163E-01
 2.00019370542899E+03	-2.14798954929847E-01
 2.00019644332902E+03	-2.46663154378743E-01
 2.00019918122905E+03	-1.88483293900956E-01
 2.00020191912908E+03	-5.46993415569307E-02
 2.00020465702911E+03	 1.12587534264914E-01
 2.00020739492914E+03	 2.52686881829661E-01
 2.00021013282917E+03	 3.15141571417806E-01
 2.00021287072920E+03	 2.88167433881255E-01
 2.00021560862924E+03	 1.98386209789376E-01
 2.00021834652927E+03	 8.32931285457588E-02
 2.00022108442930E+03	-3.30909162971477E-02
 2.00022382232933E+03	-1.40565180666687E-01
 2.00022656022936E+03	-2.29485733601323E-01
 2.00022929812939E+03	-2.84620497390579E-01
 2.00023203602942E+03	-2.90542306565377E-01
 2.00023477392945E+03	-2.39995310908434E-01
 2.00023751182948E+03	-1.40439220383683E-01
 2.00024024972951E+03	-1.72161988043064E-02
 2.00024298762954E+03	 9.37395405627558E-02
 2.00024572552957E+03	 1.67014731620921E-01
 2.00024846342960E+03	 2.06251927440821E-01
 2.00025120132964E+03	 2.35875459787667E-01
 2.00025393922967E+03	 2.68226457871693E-01
 2.00025667712970E+03	 2.81571977095454E-01
 2.00025941502973E+03	 2.37431489933030E-01
 2.00026215292976E+03	 1.20871001069169E-01
 2.00026489082979E+03	-3.93366569630835E-02
 2.00026762872982E+03	-1.88390314849279E-01
 2.00027036662985E+03	-2.76585211496552E-01
 2.00027310452988E+03	-2.75222170228908E-01
 2.00027584242991E+03	-1.79280188478958E-01
 2.00027858032994E+03	-1.32391355016795E-02
 2.00028131822997E+03	 1.65056001330155E-01
 2.00028405613000E+03	 2.84173584081527E-01
 2.00028679403003E+03	 3.00542294100048E-01
 2.00028953193007E+03	 2.25142967772512E-01
 2.00029226983010E+03	 1.06995002007236E-01
 2.00029500773013E+03	-8.79941668826545E-03
 2.00029774563016E+03	-1.05444281456657E-01
 2.00030048353019E+03	-1.84591156271244E-01
 2.00030322143022E+03	-2.44956148863446E-01
 2.00030595933025E+03	-2.75737941607070E-01
 2.00030869723028E+03	-2.65195874998651E-01
 2.00031143513031E+03	-2.09865058917697E-01
 2.00031417303034E+03	-1.18105499465657E-01
 2.00031691093037E+03	-9.65629953473087E-03
 2.00031964883040E+03	 9.08395615392714E-02
 2.00032238673043E+03	 1.67340888307306E-01
 2.00032512463047E+03	 2.21289701153548E-01
 2.00032786253050E+03	 2.61822520748296E-01
 2.00033060043053E+03	 2.84663081239190E-01
 2.00033333833056E+03	 2.66242282281296E-01
 2.00033607623059E+03	 1.85023598006144E-01
 2.00033881413062E+03	 4.81532018167184E-02
 2.00034155203065E+03	-1.06026459514073E-01
 2.00034428993068E+03	-2.29523899463226E-01
 2.00034702783071E+03	-2.85112223068179E-01
 2.00034976573074E+03	-2.52692673993789E-01
 2.00035250363077E+03	-1.34016629174932E-01
 2.00035524153080E+03	 3.60600310368631E-02
 2.00035797943083E+03	 1.90104498195415E-01
 2.00036071733087E+03	 2.59674730273075E-01
 2.00036345523090E+03	 2.20261960730480E-01
 2.00036619313093E+03	 1.06100827063876E-01
 2.00036893103096E+03	-2.19393504372751E-02
 2.00037166893099E+03	-1.22227795678521E-01
 2.00037440683102E+03	-1.88242992352674E-01
 2.00037714473105E+03	-2.29721323536642E-01
 2.00037988263108E+03	-2.50393071770026E-01
 2.00038262053111E+03	-2.45711233416719E-01
 2.00038535843114E+03	-2.13072751720767E-01
 2.00038809633117E+03	-1.56618889005574E-01
 2.00039083423120E+03	-8.37749298729646E-02
 2.00039357213123E+03	-2.11295706790309E-03
 2.00039631003126E+03	 8.05861448213740E-02
 2.00039904793130E+03	 1.56765335101874E-01
 2.00040178583133E+03	 2.19472801014958E-01
 2.00040452373136E+03	 2.59009133217676E-01
 2.00040726163139E+03	 2.59945080842023E-01
 2.00040999953142E+03	 2.07890602422482E-01
 2.00041273743145E+03	 1.04269418495564E-01
 2.00041547533148E+03	-2.65401163250305E-02
 2.00041821323151E+03	-1.47113345750850E-01
 2.00042095113154E+03	-2.23384332285405E-01
 2.00042368903157E+03	-2.32636717504960E-01
 2.00042642693160E+03	-1.65590105791126E-01
 2.00042916483163E+03	-3.48663607083882E-02
 2.00043190273166E+03	 1.14716974512178E-01
 2.00043464063170E+03	 2.16410748921110E-01
 2.00043737853173E+03	 2.19267905844745E-01
 2.00044011643176E+03	 1.24322000086571E-01
 2.00044285433179E+03	-1.75019152505279E-02
 2.00044559223182E+03	-1.45365454657631E-01
 2.00044833013185E+03	-2.27098260826037E-01
 2.00045106803188E+03	-2.63469051651252E-01
 2.00045380593191E+03	-2.66255827339595E-01
 2.00045654383194E+03	-2.41952249001153E-01
 2.00045928173197E+03	-1.95185567818139E-01
 2.00046201963200E+03	-1.36864091458775E-01
 2.00046475753203E+03	-8.00624433048758E-02
 2.00046749543206E+03	-2.83266139888926E-02
 2.00047023333210E+03	 2.67234124884721E-02
 2.00047297123213E+03	 9.35895032173819E-02
 2.00047570913216E+03	 1.67199009186663E-01
 2.00047844703219E+03	 2.26749782798982E-01
 2.00048118493222E+03	 2.46395478399508E-01
 2.00048392283225E+03	 2.10430667994463E-01
 2.00048666073228E+03	 1.23564586007600E-01
 2.00048939863231E+03	 1.04571716913602E-02
 2.00049213653234E+03	-9.51277645947014E-02
 2.00049487443237E+03	-1.63753615704920E-01
 2.00049761233240E+03	-1.77106424606080E-01
 2.00050035023243E+03	-1.28100743124545E-01
 2.00050308813246E+03	-2.33006610696433E-02
 2.00050582603249E+03	 1.09254990324073E-01
 2.00050856393253E+03	 2.19160277931277E-01
 2.00051130183256E+03	 2.53348919254028E-01
 2.00051403973259E+03	 1.88709697808259E-01
 2.00051677763262E+03	 4.97439268164565E-02
 2.00051951553265E+03	-1.07469460355686E-01
 2.00052225343268E+03	-2.31547480167871E-01
 2.00052499133271E+03	-2.99888839536039E-01
 2.00052772923274E+03	-3.14352483099077E-01
 2.00053046713277E+03	-2.83642023201743E-01
 2.00053320503280E+03	-2.16641933836453E-01
 2.00053594293283E+03	-1.29567455934635E-01
 2.00053868083286E+03	-4.80150214267602E-02
 2.00054141873289E+03	 8.02202598720252E-03
 2.00054415663293E+03	 4.20372439623861E-02
 2.00054689453296E+03	 7.80857628769406E-02
 2.00054963243299E+03	 1.34933392589615E-01
 2.00055237033302E+03	 2.02361829659073E-01
 2.00055510823305E+03	 2.44497221417801E-01
 2.00055784613308E+03	 2.27700505331040E-01
 2.00056058403311E+03	 1.47149246055984E-01
 2.00056332193314E+03	 3.03477877356612E-02
 2.00056605983317E+03	-8.07760924322458E-02
 2.00056879773320E+03	-1.50759748287678E-01
 2.00057153563323E+03	-1.60119464261727E-01
 2.00057427353326E+03	-1.04827139828366E-01
 2.00057701143329E+03	 4.45017977036270E-03
 2.00057974933333E+03	 1.39851655571310E-01
 2.00058248723336E+03	 2.57837676742282E-01
 2.00058522513339E+03	 3.12505137434316E-01
 2.00058796303342E+03	 2.77036447579459E-01
 2.00059070093345E+03	 1.58878384678676E-01
 2.00059343883348E+03	-3.63512542158340E-03
 2.00059617673351E+03	-1.61614957912124E-01
 2.00059891463354E+03	-2.77968752698856E-01
 2.00060165253357E+03	-3.36292532630960E-01
 2.00060439043360E+03	-3.34540287872321E-01
 2.00060712833363E+03	-2.76788008715972E-01
 2.00060986623366E+03	-1.75488668340201E-01
 2.00061260413369E+03	-5.85833248948685E-02
 2.00061534203373E+03	 3.67875642499316E-02
 2.00061807993376E+03	 8.85219512076565E-02
 2.00062081783379E+03	 1.09064918791592E-01
 2.00062355573382E+03	 1.33686283304510E-01
 2.00062629363385E+03	 1.82897382397925E-01
 2.00062903153388E+03	 2.36630965526279E-01
 2.00063176943391E+03	 2.48958068414434E-01
 2.00063450733394E+03	 1.89466859302422E-01
 2.00063724523397E+03	 7.04384166142073E-02
 2.00063998313400E+03	-6.25104441611631E-02
 2.00064272103403E+03	-1.60115138626452E-01
 2.00064545893406E+03	-1.90285804449120E-01
 2.00064819683409E+03	-1.41730047918920E-01
 2.00065093473412E+03	-2.32116468709731E-02
 2.00065367263416E+03	 1.33765380269007E-01
 2.00065641053419E+03	 2.78304144261222E-01
 2.00065914843422E+03	 3.58796713904705E-01
 2.00066188633425E+03	 3.47518624952009E-01
 2.00066462423428E+03	 2.51512858419584E-01
 2.00066736213431E+03	 1.03009480000181E-01
 2.00067010003434E+03	-5.89153421074131E-02
 2.00067283793437E+03	-2.01341417292597E-01
 2.00067557583440E+03	-3.01581334418139E-01
 2.00067831373443E+03	-3.45984760384762E-01
 2.00068105163446E+03	-3.27793717834987E-01
 2.00068378953449E+03	-2.48653952318059E-01
 2.00068652743452E+03	-1.25590480688739E-01
 2.00068926533456E+03	 5.24184415500071E-03
 2.00069200323459E+03	 1.02129232699778E-01
 2.00069474113462E+03	 1.46276946989848E-01
 2.00069747903465E+03	 1.57793046472703E-01
 2.00070021693468E+03	 1.75168002271846E-01
 2.00070295483471E+03	 2.13021579373633E-01
 2.00070569273474E+03	 2.42558700479352E-01
 2.00070843063477E+03	 2.18001988716805E-01
 2.00071116853480E+03	 1.21673171508013E-01
 2.00071390643483E+03	-1.81903548270202E-02
 2.00071664433486E+03	-1.48502807649850E-01
 2.00071938223489E+03	-2.22227602050623E-01
 2.00072212013492E+03	-2.12206266702225E-01
 2.00072485803496E+03	-1.12934084088264E-01
 2.00072759593499E+03	 5.34829426975501E-02
 2.00073033383502E+03	 2.32939935878968E-01
 2.00073307173505E+03	 3.56714369451039E-01
 2.00073580963508E+03	 3.78694365324051E-01
 2.00073854753511E+03	 3.00854585819503E-01
 2.00074128543514E+03	 1.62856230863739E-01
 2.00074402333517E+03	 9.54554904398462E-03
 2.00074676123520E+03	-1.30552330798774E-01
 2.00074949913523E+03	-2.42976519634009E-01
 2.00075223703526E+03	-3.16248975823023E-01
 2.00075497493529E+03	-3.38299338940940E-01
 2.00075771283532E+03	-3.01079843366665E-01
 2.00076045073535E+03	-2.07571578794032E-01
 2.00076318863539E+03	-7.80938656511385E-02
 2.00076592653542E+03	 5.02403507894433E-02
 2.00076866443545E+03	 1.39750265265877E-01
 2.00077140233548E+03	 1.78023193404817E-01
 2.00077414023551E+03	 1.87134775358996E-01
 2.00077687813554E+03	 1.99027768643199E-01
 2.00077961603557E+03	 2.18372165485908E-01
 2.00078235393560E+03	 2.14482047889542E-01
 2.00078509183563E+03	 1.53344634792583E-01
 2.00078782973566E+03	 3.45520832812235E-02
 2.00079056763569E+03	-1.04820521375546E-01
 2.00079330553572E+03	-2.15484659418265E-01
 2.00079604343575E+03	-2.58251874811891E-01
 2.00079878133579E+03	-2.10371862702765E-01
 2.00080151923582E+03	-7.20841951963405E-02
 2.00080425713585E+03	 1.19106017460649E-01
 2.00080699503588E+03	 2.89384500256691E-01
 2.00080973293591E+03	 3.64700323388105E-01
 2.00081247083594E+03	 3.18945525424838E-01
 2.00081520873597E+03	 1.87248145888959E-01
 2.00081794663600E+03	 3.12780091423522E-02
 2.00082068453603E+03	-1.05416791413802E-01
 2.00082342243606E+03	-2.10230131037613E-01
 2.00082616033609E+03	-2.83456701455710E-01
 2.00082889823612E+03	-3.20690452961587E-01
 2.00083163613615E+03	-3.13239257524288E-01
 2.00083437403619E+03	-2.57384077128563E-01
 2.00083711193622E+03	-1.60127072523972E-01
 2.00083984983625E+03	-4.07088983555100E-02
 2.00084258773628E+03	 7.20468989796782E-02
 2.00084532563631E+03	 1.51665492978784E-01
 2.00084806353634E+03	 1.90972989825283E-01
 2.00085080143637E+03	 2.05149842852073E-01
 2.00085353933640E+03	 2.11392373209047E-01
 2.00085627723643E+03	 2.05565578201370E-01
 2.00085901513646E+03	 1.64944677480809E-01
 2.00086175303649E+03	 7.56726567516679E-02
 2.00086449093652E+03	-4.70519217183134E-02
 2.00086722883655E+03	-1.66508993812913E-01
 2.00086996673658E+03	-2.44537383054520E-01
 2.00087270463662E+03	-2.51360904891877E-01
 2.00087544253665E+03	-1.69368107610377E-01
 2.00087818043668E+03	-8.08581798644042E-03
 2.00088091833671E+03	 1.78922516463956E-01
 2.00088365623674E+03	 3.08034195839671E-01
 2.00088639413677E+03	 3.16709413187343E-01
 2.00088913203680E+03	 2.08377886381157E-01
 2.00089186993683E+03	 4.45772215390591E-02
 2.00089460783686E+03	-1.06947689988304E-01
 2.00089734573689E+03	-2.14195760665977E-01
 2.00090008363692E+03	-2.78705199365314E-01
 2.00090282153695E+03	-3.08489257465868E-01
 2.00090555943698E+03	-3.03690335457270E-01
 2.00090829733702E+03	-2.63217293377984E-01
 2.00091103523705E+03	-1.93100186275132E-01
 2.00091377313708E+03	-1.04631648846649E-01
 2.00091651103711E+03	-9.76677187988649E-03
 2.00091924893714E+03	 7.90746545653165E-02
 2.00092198683717E+03	 1.49800978140703E-01
 2.00092472473720E+03	 1.95675151876540E-01
 2.00092746263723E+03	 2.16857086287681E-01
 2.00093020053726E+03	 2.13120767329538E-01
 2.00093293843729E+03	 1.77848043869004E-01
 2.00093567633732E+03	 1.05163552771049E-01
 2.00093841423735E+03	 3.33307022974147E-03
 2.00094115213738E+03	-1.03235886798646E-01
 2.00094389003742E+03	-1.85404742581458E-01
 2.00094662793745E+03	-2.18437068747991E-01
 2.00094936583748E+03	-1.82746374491347E-01
 2.00095210373751E+03	-7.07152436460870E-02
 2.00095484163754E+03	 9.34075625757974E-02
 2.00095757953757E+03	 2.44290568792500E-01
 2.00096031743760E+03	 3.04810906550409E-01
 2.00096305533763E+03	 2.39808555147133E-01
 2.00096579323766E+03	 8.31030538914498E-02
 2.00096853113769E+03	-9.14178266943306E-02
 2.00097126903772E+03	-2.24568865892447E-01
 2.00097400693775E+03	-2.98982885431365E-01
 2.00097674483778E+03	-3.23591435258051E-01
 2.00097948273782E+03	-3.07837438020951E-01
 2.00098222063785E+03	-2.56969816262317E-01
 2.00098495853788E+03	-1.82525549567205E-01
 2.00098769643791E+03	-1.03552470663606E-01
 2.00099043433794E+03	-3.36597086046779E-02
 2.00099317223797E+03	 2.79690789222098E-02
 2.00099591013800E+03	 8.91708707758801E-02
 2.00099864803803E+03	 1.50440380609288E-01
 2.00100138593806E+03	 1.99657726153155E-01
 2.00100412383809E+03	 2.18966039219909E-01
 2.00100686173812E+03	 1.95529922881588E-01
 2.00100959963815E+03	 1.29307636640893E-01
 2.00101233753818E+03	 3.54571181350157E-02
 2.00101507543821E+03	-6.03300257553550E-02
 2.00101781333825E+03	-1.32037957069077E-01
 2.00102055123828E+03	-1.60960934737581E-01
 2.00102328913831E+03	-1.35167569797016E-01
 2.00102602703834E+03	-4.87665833373112E-02
 2.00102876493837E+03	 8.74281274198322E-02
 2.00103150283840E+03	 2.31418473043238E-01
 2.00103424073843E+03	 3.17098080905324E-01
 2.00103697863846E+03	 2.92139513529351E-01
 2.00103971653849E+03	 1.57680856369367E-01
 2.00104245443852E+03	-3.02554695890026E-02
 2.00104519233855E+03	-2.01049686949729E-01
 2.00104793023858E+03	-3.12090066602614E-01
 2.00105066813861E+03	-3.56895321326231E-01
 2.00105340603865E+03	-3.44317030898131E-01
 2.00105614393868E+03	-2.82608982180217E-01
 2.00105888183871E+03	-1.84941486287553E-01
 2.00106161973874E+03	-7.86323833291308E-02
 2.00106435763877E+03	 4.67942075880812E-03
 2.00106709553880E+03	 5.24375591925289E-02
 2.00106983343883E+03	 8.06246523969510E-02
 2.00107257133886E+03	 1.15210310708945E-01
 2.00107530923889E+03	 1.63379047012259E-01
 2.00107804713892E+03	 2.03805661823422E-01
 2.00108078503895E+03	 2.04630222824971E-01
 2.00108352293898E+03	 1.50623222351624E-01
 2.00108626083901E+03	 5.56318266094451E-02
 2.00108899873905E+03	-4.66307828507867E-02
 2.00109173663908E+03	-1.21570400762486E-01
 2.00109447453911E+03	-1.46440557186093E-01
 2.00109721243914E+03	-1.11395644878403E-01
 2.00109995033917E+03	-1.68094976184806E-02
 2.00110268823920E+03	 1.22929043606261E-01
 2.00110542613923E+03	 2.71297507992858E-01
 2.00110816403926E+03	 3.72515017983443E-01
 2.00111090193929E+03	 3.75501851931642E-01
 2.00111363983932E+03	 2.66049043400136E-01
 2.00111637773935E+03	 7.93149201484685E-02
 2.00111911563938E+03	-1.21007954254276E-01
 2.00112185353941E+03	-2.79423557916132E-01
 2.00112459143944E+03	-3.70058453170521E-01
 2.00112732933948E+03	-3.90494652328236E-01
 2.00113006723951E+03	-3.45238650772987E-01
 2.00113280513954E+03	-2.42552441584203E-01
 2.00113554303957E+03	-1.05681982814926E-01
 2.00113828093960E+03	 2.38072140527721E-02
 2.00114101883963E+03	 1.06535715091250E-01
 2.00114375673966E+03	 1.34682061586666E-01
 2.00114649463969E+03	 1.37488687724576E-01
 2.00114923253972E+03	 1.51446480796205E-01
 2.00115197043975E+03	 1.82862721625953E-01
 2.00115470833978E+03	 2.01287001848348E-01
 2.00115744623981E+03	 1.70054717426575E-01
 2.00116018413984E+03	 8.18143854971015E-02
 2.00116292203988E+03	-3.43693816427207E-02
 2.00116565993991E+03	-1.34401371806064E-01
 2.00116839783994E+03	-1.82766981390263E-01
 2.00117113573997E+03	-1.60127119670499E-01
 2.00117387364000E+03	-6.18241259025517E-02
 2.00117661154003E+03	 9.79747692347806E-02
 2.00117934944006E+03	 2.78428249801741E-01
 2.00118208734009E+03	 4.17456136898291E-01
 2.00118482524012E+03	 4.58068159388276E-01
 2.00118756314015E+03	 3.79456109979336E-01
 2.00119030104018E+03	 2.07817532544061E-01
 2.00119303894021E+03	-1.08906579566709E-03
 2.00119577684024E+03	-1.91844095596184E-01
 2.00119851474028E+03	-3.29323352561420E-01
 2.00120125264031E+03	-3.99443040739998E-01
 2.00120399054034E+03	-3.98711766295634E-01
 2.00120672844037E+03	-3.27874271518799E-01
 2.00120946634040E+03	-1.97968930659651E-01
 2.00121220424043E+03	-4.08122381088893E-02
 2.00121494214046E+03	 9.49891426156844E-02
 2.00121768004049E+03	 1.70432698206527E-01
 2.00122041794052E+03	 1.84888084566779E-01
 2.00122315584055E+03	 1.74827829910928E-01
 2.00122589374058E+03	 1.76881702817304E-01
 2.00122863164061E+03	 1.90646635994565E-01
 2.00123136954064E+03	 1.80973266127421E-01
 2.00123410744067E+03	 1.16713018883403E-01
 2.00123684534071E+03	 3.52286592999954E-03
 2.00123958324074E+03	-1.20071239337000E-01
 2.00124232114077E+03	-2.09781138570476E-01
 2.00124505904080E+03	-2.33353014477236E-01
 2.00124779694083E+03	-1.71840122577683E-01
 2.00125053484085E+03	-2.38662176483564E-02
 2.00125327274089E+03	 1.79234705001922E-01
 2.00125601064092E+03	 3.69383908091895E-01
 2.00125874854095E+03	 4.69950159697871E-01
 2.00126148644098E+03	 4.40663543171930E-01
 2.00126422434101E+03	 2.99368538549516E-01
 2.00126696224104E+03	 1.02512829070466E-01
 2.00126970014107E+03	-9.27385433462912E-02
 2.00127243804111E+03	-2.50807961458202E-01
 2.00127517594114E+03	-3.55520554797272E-01
 2.00127791384117E+03	-3.98922575159520E-01
 2.00128065174120E+03	-3.76088290591084E-01
 2.00128338964123E+03	-2.88407719881345E-01
 2.00128612754126E+03	-1.51309440706147E-01
 2.00128886544129E+03	 7.71374743226968E-04
 2.00129160334132E+03	 1.22908364478263E-01
 2.00129434124135E+03	 1.84515901575977E-01
 2.00129707914138E+03	 1.91566966597381E-01
 2.00129981704141E+03	 1.79139748610295E-01
 2.00130255494144E+03	 1.74982650562085E-01
 2.00130529284147E+03	 1.71120916903371E-01
 2.00130803074151E+03	 1.35618864773655E-01
 2.00131076864154E+03	 5.04691306033569E-02
 2.00131350654157E+03	-6.74805038960903E-02
 2.00131624444160E+03	-1.80039301848055E-01
 2.00131898234163E+03	-2.50519453336180E-01
 2.00132172024166E+03	-2.50283180920491E-01
 2.00132445814169E+03	-1.59194808998577E-01
 2.00132719604172E+03	 1.77674473902701E-02
 2.00132993394175E+03	 2.28918069296895E-01
 2.00133267184178E+03	 3.86814700511181E-01
 2.00133540974181E+03	 4.19961369944611E-01
 2.00133814764184E+03	 3.21074672836153E-01
 2.00134088554187E+03	 1.44326205225298E-01
 2.00134362344191E+03	-4.16756689694728E-02
 2.00134636134194E+03	-1.94851053277339E-01
 2.00134909924197E+03	-3.02452065331181E-01
 2.00135183714200E+03	-3.61399028385943E-01
 2.00135457504203E+03	-3.67115777766529E-01
 2.00135731294206E+03	-3.17780619359480E-01
 2.00136005084209E+03	-2.20970028658671E-01
 2.00136278874212E+03	-9.54323275538055E-02
 2.00136552664215E+03	 3.02538878279401E-02
 2.00136826454218E+03	 1.24748481729894E-01
 2.00137100244221E+03	 1.69940848203112E-01
 2.00137374034224E+03	 1.73881863196103E-01
 2.00137647824227E+03	 1.61728894322843E-01
 2.00137921614230E+03	 1.48525880985076E-01
 2.00138195404234E+03	 1.24051368073291E-01
 2.00138469194237E+03	 6.86661725926663E-02
 2.00138742984240E+03	-1.96863870621838E-02
 2.00139016774243E+03	-1.19526599174160E-01
 2.00139290564246E+03	-2.01575530848282E-01
 2.00139564354249E+03	-2.39668886799408E-01
 2.00139838144252E+03	-2.08450351954698E-01
 2.00140111934255E+03	-9.07640029207320E-02
 2.00140385724258E+03	 9.43215680537034E-02
 2.00140659514261E+03	 2.75393722567896E-01
 2.00140933304264E+03	 3.61883567639541E-01
 2.00141207094267E+03	 3.08727155928373E-01
 2.00141480884270E+03	 1.48945459876610E-01
 2.00141754674274E+03	-3.93535715331869E-02
 2.00142028464277E+03	-1.93500640073224E-01
 2.00142302254280E+03	-2.93471040662216E-01
 2.00142576044283E+03	-3.43654133302266E-01
 2.00142849834286E+03	-3.47504158910654E-01
 2.00143123624289E+03	-3.05401062555171E-01
 2.00143397414292E+03	-2.25560572904404E-01
 2.00143671204295E+03	-1.25429222109122E-01
 2.00143944994298E+03	-2.32921587601534E-02
 2.00144218784301E+03	 6.60640441740992E-02
 2.00144492574304E+03	 1.30182052811633E-01
 2.00144766364307E+03	 1.61630174746955E-01
 2.00145040154310E+03	 1.63370502719597E-01
 2.00145313944314E+03	 1.45308803053567E-01
 2.00145587734317E+03	 1.12606381381874E-01
 2.00145861524320E+03	 6.19861384315277E-02
 2.00146135314323E+03	-7.34603131706542E-03
 2.00146409104326E+03	-8.37658348985555E-02
 2.00146682894329E+03	-1.48160390793775E-01
 2.00146956684332E+03	-1.83440695589107E-01
 2.00147230474335E+03	-1.72931290333754E-01
 2.00147504264338E+03	-9.73762369944869E-02
 2.00147778054341E+03	 4.72466187809610E-02
 2.00148051844344E+03	 2.20392490023471E-01
 2.00148325634347E+03	 3.39031722018451E-01
 2.00148599424350E+03	 3.30082964167277E-01
 2.00148873214353E+03	 1.89278720934170E-01
 2.00149147004357E+03	-1.54958746578900E-02
 2.00149420794360E+03	-2.00023079723603E-01
 2.00149694584363E+03	-3.18893161838319E-01
 2.00149968374366E+03	-3.70431999221519E-01
 2.00150242164369E+03	-3.66221362788633E-01
 2.00150515954372E+03	-3.12637491209565E-01
 2.00150789744375E+03	-2.19782087125634E-01
 2.00151063534378E+03	-1.11442656541349E-01
 2.00151337324381E+03	-1.46043406020177E-02
 2.00151611114384E+03	 5.84345980640495E-02
 2.00151884904387E+03	 1.11700017675863E-01
 2.00152158694390E+03	 1.51100931662291E-01
 2.00152432484393E+03	 1.73674437375994E-01
 2.00152706274397E+03	 1.70805725302400E-01
 2.00152980064400E+03	 1.37135078500003E-01
 2.00153253854403E+03	 7.53867114568589E-02
 2.00153527644406E+03	-2.95162188271234E-03
 2.00153801434409E+03	-7.93941840685581E-02
 2.00154075224412E+03	-1.34495946646667E-01
 2.00154349014415E+03	-1.55113403176652E-01
 2.00154622804418E+03	-1.33814101513432E-01
 2.00154896594421E+03	-6.19067215453292E-02
 2.00155170384424E+03	 6.62911695312608E-02
 2.00155444174427E+03	 2.30497139085616E-01
 2.00155717964430E+03	 3.68807950975361E-01
 2.00155991754433E+03	 4.03106029301866E-01
 2.00156265544437E+03	 2.96197784125024E-01
 2.00156539334440E+03	 8.60153967650757E-02
 2.00156813124443E+03	-1.41261175867351E-01
 2.00157086914446E+03	-3.12234872635243E-01
 2.00157360704449E+03	-4.00902481451220E-01
 2.00157634494452E+03	-4.14198467631367E-01
 2.00157908284455E+03	-3.62897173100604E-01
 2.00158182074458E+03	-2.57118354542094E-01
 2.00158455864461E+03	-1.21422600898894E-01
 2.00158729654464E+03	 4.04144480424897E-03
 2.00159003444467E+03	 8.74855175866286E-02
 2.00159277234470E+03	 1.28104324939939E-01
 2.00159551024473E+03	 1.49602513464813E-01
 2.00159824814476E+03	 1.71171739071791E-01
 2.00160098604480E+03	 1.87353435853061E-01
 2.00160372394483E+03	 1.75698139490300E-01
 2.00160646184486E+03	 1.20842453720639E-01
 2.00160919974489E+03	 3.07059115025051E-02
 2.00161193764492E+03	-6.70158617659718E-02
 2.00161467554495E+03	-1.41040281026775E-01
 2.00161741344498E+03	-1.70434365301109E-01
 2.00162015134501E+03	-1.46605400260691E-01
 2.00162288924504E+03	-6.65228890192730E-02
 2.00162562714507E+03	 6.88703586983507E-02
 2.00162836504510E+03	 2.41824072277626E-01
 2.00163110294513E+03	 4.02911773404070E-01
 2.00163384084516E+03	 4.80637166579380E-01
 2.00163657874520E+03	 4.22595999987995E-01
 2.00163931664523E+03	 2.36629821069550E-01
 2.00164205454526E+03	-9.45453778864023E-03
 2.00164479244529E+03	-2.32423887830365E-01
 2.00164753034532E+03	-3.80303280076145E-01
 2.00165026824535E+03	-4.41604521950888E-01
 2.00165300614538E+03	-4.22885600804901E-01
 2.00165574404541E+03	-3.31951817432277E-01
 2.00165848194544E+03	-1.86090081130187E-01
 2.00166121984547E+03	-2.52276782270617E-02
 2.00166395774550E+03	 9.93398344576258E-02
 2.00166669564553E+03	 1.58275231758665E-01
 2.00166943354556E+03	 1.65224940023300E-01
 2.00167217144560E+03	 1.59707225419679E-01
 2.00167490934563E+03	 1.66799398555854E-01
 2.00167764724566E+03	 1.74428135934880E-01
 2.00168038514569E+03	 1.49990324486985E-01
 2.00168312304572E+03	 7.63699606428691E-02
 2.00168586094575E+03	-2.96891286551957E-02
 2.00168859884578E+03	-1.30479338171144E-01
 2.00169133674581E+03	-1.91963172841654E-01
 2.00169407464584E+03	-1.94926406052211E-01
 2.00169681254587E+03	-1.30213162808994E-01
 2.00169955044590E+03	 4.02825099701623E-03
 2.00170228834593E+03	 1.91189557503159E-01
 2.00170502624596E+03	 3.82926515757131E-01
 2.00170776414600E+03	 5.07216169475833E-01
 2.00171050204603E+03	 5.03780302763545E-01
 2.00171323994606E+03	 3.62603231301884E-01
 2.00171597784609E+03	 1.32107190876117E-01
 2.00171871574612E+03	-1.11075914221439E-01
 2.00172145364615E+03	-3.04175749173771E-01
 2.00172419154618E+03	-4.18399222056410E-01
 2.00172692944621E+03	-4.49420988688539E-01
 2.00172966734624E+03	-3.99941868756144E-01
 2.00173240524627E+03	-2.77960047558722E-01
 2.00173514314630E+03	-1.09996372140477E-01
 2.00173788104633E+03	 5.38324124863917E-02
 2.00174061894636E+03	 1.60705816217219E-01
 2.00174335684639E+03	 1.90004872412971E-01
 2.00174609474643E+03	 1.67825112488570E-01
 2.00174883264646E+03	 1.41166065874514E-01
 2.00175157054649E+03	 1.33640849107605E-01
 2.00175430844652E+03	 1.27208149002639E-01
 2.00175704634655E+03	 8.76421795959574E-02
 2.00175978424658E+03	 3.83012004444541E-03
 2.00176252214661E+03	-1.00658733853208E-01
 2.00176526004664E+03	-1.88547431006535E-01
 2.00176799794667E+03	-2.31030727471671E-01
 2.00177073584670E+03	-2.09110860462447E-01
 2.00177347374673E+03	-1.08271211305699E-01
 2.00177621164676E+03	 6.97230797246617E-02
 2.00177894954679E+03	 2.84673577573769E-01
 2.00178168744683E+03	 4.58645451518470E-01
 2.00178442534686E+03	 5.14647340154104E-01
 2.00178716324689E+03	 4.25050945661894E-01
 2.00178990114692E+03	 2.26645378569186E-01
 2.00179263904695E+03	-8.46627221572333E-03
 2.00179537694698E+03	-2.15928734658707E-01
 2.00179811484701E+03	-3.60910611298539E-01
 2.00180085274704E+03	-4.32177701154244E-01
 2.00180359064707E+03	-4.27445214966525E-01
 2.00180632854710E+03	-3.48449162366664E-01
 2.00180906644713E+03	-2.08221754819371E-01
 2.00181180434716E+03	-4.00093752585221E-02
 2.00181454224719E+03	 1.06339930647756E-01
 2.00181728014723E+03	 1.86833216909562E-01
 2.00182001804726E+03	 1.91693053401202E-01
 2.00182275594729E+03	 1.52066415762626E-01
 2.00182549384732E+03	 1.11761267902439E-01
 2.00182823174735E+03	 8.80636369467073E-02
 2.00183096964738E+03	 6.22128221530084E-02
 2.00183370754741E+03	 8.33539851001180E-03
 2.00183644544744E+03	-7.46155903980267E-02
 2.00183918334747E+03	-1.62448953824412E-01
 2.00184192124750E+03	-2.27431592796186E-01
 2.00184465914753E+03	-2.48190078445732E-01
 2.00184739704756E+03	-2.02157673036058E-01
 2.00185013494759E+03	-6.99147262710021E-02
 2.00185287284762E+03	 1.34987125815918E-01
 2.00185561074766E+03	 3.44483537805093E-01
 2.00185834864769E+03	 4.63373680339976E-01
 2.00186108654772E+03	 4.32907918301737E-01
 2.00186382444775E+03	 2.70796313999902E-01
 2.00186656234778E+03	 5.01190765909082E-02
 2.00186930024781E+03	-1.55774315248780E-01
 2.00187203814784E+03	-3.07721441792294E-01
 2.00187477604787E+03	-3.95237621003746E-01
 2.00187751394790E+03	-4.16528892459708E-01
 2.00188025184793E+03	-3.71544953349514E-01
 2.00188298974796E+03	-2.68026266780901E-01
 2.00188572764799E+03	-1.26755394054819E-01
 2.00188846554802E+03	 1.96299625432302E-02
 2.00189120344806E+03	 1.33704739913865E-01
 2.00189394134809E+03	 1.87575356646617E-01
 2.00189667924812E+03	 1.79473722109934E-01
 2.00189941714815E+03	 1.35507452765618E-01
 2.00190215504818E+03	 8.73977828992527E-02
 2.00190489294821E+03	 4.58166251265876E-02
 2.00190763084824E+03	-9.39160046651843E-04
 2.00191036874827E+03	-6.32444220326725E-02
 2.00191310664830E+03	-1.33256723830279E-01
 2.00191584454833E+03	-1.93204098117646E-01
 2.00191858244836E+03	-2.28552355175655E-01
 2.00192132034839E+03	-2.22723327867885E-01
 2.00192405824842E+03	-1.48946793162292E-01
 2.00192679614846E+03	 8.69934850788912E-03
 2.00192953404849E+03	 2.15284089684157E-01
 2.00193227194852E+03	 3.80055382834803E-01
 2.00193500984855E+03	 4.12834621688588E-01
 2.00193774774858E+03	 2.93651762144710E-01
 2.00194048564861E+03	 8.42361089879635E-02
 2.00194322354864E+03	-1.26863128060752E-01
 2.00194596144867E+03	-2.83651909715817E-01
 2.00194869934870E+03	-3.73180932595728E-01
 2.00195143724873E+03	-3.99216108583654E-01
 2.00195417514876E+03	-3.64490806041080E-01
 2.00195691304879E+03	-2.76856022993071E-01
 2.00195965094882E+03	-1.57204069521427E-01
 2.00196238884885E+03	-3.27262026755756E-02
 2.00196512674889E+03	 7.40500208249645E-02
 2.00196786464892E+03	 1.47483578409721E-01
 2.00197060254895E+03	 1.77771871206259E-01
 2.00197334044898E+03	 1.65217686207790E-01
 2.00197607834901E+03	 1.22726069289221E-01
 2.00197881624904E+03	 6.68759798772419E-02
 2.00198155414907E+03	 6.28378256329395E-03
 2.00198429204910E+03	-5.69146647656457E-02
 2.00198702994913E+03	-1.16486639739805E-01
 2.00198976784916E+03	-1.61045048019748E-01
 2.00199250574919E+03	-1.83332572056767E-01
 2.00199524364922E+03	-1.79546146759540E-01
 2.00199798154925E+03	-1.35071113543880E-01
 2.00200071944929E+03	-2.58302115561387E-02
 2.00200345734932E+03	 1.46624975145360E-01
 2.00200619524935E+03	 3.21870475837771E-01
 2.00200893314938E+03	 4.03235425194391E-01
 2.00201167104941E+03	 3.31099666887173E-01
 2.00201440894944E+03	 1.34177797493321E-01
 2.00201714684947E+03	-9.62504541786220E-02
 2.00201988474950E+03	-2.78224275772087E-01
 2.00202262264953E+03	-3.81070690344436E-01
 2.00202536054956E+03	-4.09564725661823E-01
 2.00202809844959E+03	-3.72173747229621E-01
 2.00203083634962E+03	-2.77324981628186E-01
 2.00203357424965E+03	-1.48539364286279E-01
 2.00203631214969E+03	-2.30794809092508E-02
 2.00203905004972E+03	 7.06779636295486E-02
 2.00204178794975E+03	 1.28225370028636E-01
 2.00204452584978E+03	 1.58965309280982E-01
 2.00204726374981E+03	 1.67814189219996E-01
 2.00205000164984E+03	 1.51074611364021E-01
 2.00205273954987E+03	 1.05814687051249E-01
 2.00205547744990E+03	 3.73367032872624E-02
 2.00205821534993E+03	-4.10735951348166E-02
 2.00206095324996E+03	-1.11385726865790E-01
 2.00206369114999E+03	-1.56024165781333E-01
 2.00206642905002E+03	-1.65913817346355E-01
 2.00206916695005E+03	-1.42747429150371E-01
 2.00207190485009E+03	-8.73694076969800E-02
 2.00207464275012E+03	 1.12802970880795E-02
 2.00207738065015E+03	 1.60868688274444E-01
 2.00208011855018E+03	 3.30137006764303E-01
 2.00208285645021E+03	 4.40068788941431E-01
 2.00208559435024E+03	 4.12249507229094E-01
 2.00208833225027E+03	 2.36167758375885E-01
 2.00209107015030E+03	-1.61817643254668E-02
 2.00209380805033E+03	-2.45788831013803E-01
 2.00209654595036E+03	-3.92172585014141E-01
 2.00209928385039E+03	-4.46460169432220E-01
 2.00210202175042E+03	-4.19683554251460E-01
 2.00210475965045E+03	-3.21067915504104E-01
 2.00210749755048E+03	-1.69989833110692E-01
 2.00211023545052E+03	-9.92879438919234E-03
 2.00211297335055E+03	 1.08940013517420E-01
 2.00211571125058E+03	 1.64409351010005E-01
 2.00211844915061E+03	 1.73302577578213E-01
 2.00212118705064E+03	 1.66266707404339E-01
 2.00212392495067E+03	 1.55805568603862E-01
 2.00212666285070E+03	 1.30381720369509E-01
 2.00212940075073E+03	 7.46081759712875E-02
 2.00213213865076E+03	-9.62160240092084E-03
 2.00213487655079E+03	-1.00047597933283E-01
 2.00213761445082E+03	-1.67271094757117E-01
 2.00214035235085E+03	-1.90895807139756E-01
 2.00214309025088E+03	-1.66083501318255E-01
 2.00214582815092E+03	-9.62441350387692E-02
 2.00214856605095E+03	 1.85622809428634E-02
 2.00215130395098E+03	 1.78464650830505E-01
 2.00215404185101E+03	 3.60547203968070E-01
 2.00215677975104E+03	 5.01868128992167E-01
 2.00215951765107E+03	 5.23070859626482E-01
 2.00216225555110E+03	 3.86164446057751E-01
 2.00216499345113E+03	 1.32420635664723E-01
 2.00216773135116E+03	-1.42458772500539E-01
 2.00217046925119E+03	-3.52887215549113E-01
 2.00217320715122E+03	-4.63765014407678E-01
 2.00217594505125E+03	-4.77850628813815E-01
 2.00217868295128E+03	-4.04668306504552E-01
 2.00218142085132E+03	-2.56281479286245E-01
 2.00218415875135E+03	-6.70240085783106E-02
 2.00218689665138E+03	 1.03258894150275E-01
 2.00218963455141E+03	 2.01243422071186E-01
 2.00219237245144E+03	 2.17517772782742E-01
 2.00219511035147E+03	 1.87643094692115E-01
 2.00219784825150E+03	 1.54235067716486E-01
 2.00220058615153E+03	 1.29312086141452E-01
 2.00220332405156E+03	 9.31686969007345E-02
 2.00220606195159E+03	 2.51237101957491E-02
 2.00220879985162E+03	-6.93843053602984E-02
 2.00221153775165E+03	-1.60727042885696E-01
 2.00221427565168E+03	-2.17623250380184E-01
 2.00221701355171E+03	-2.23646776420982E-01
 2.00221975145175E+03	-1.74128200317890E-01
 2.00222248935178E+03	-6.51424513783073E-02
 2.00222522725181E+03	 1.04439772169733E-01
 2.00222796515184E+03	 3.13295834035982E-01
 2.00223070305187E+03	 5.01860485277994E-01
 2.00223344095190E+03	 5.88295133121228E-01
 2.00223617885193E+03	 5.16656917616377E-01
 2.00223891675196E+03	 2.99792788635600E-01
 2.00224165465199E+03	 1.55268848082403E-02
 2.00224439255202E+03	-2.42907357550453E-01
 2.00224713045205E+03	-4.16642720347751E-01
 2.00224986835208E+03	-4.90577856005243E-01
 2.00225260625211E+03	-4.69579162515421E-01
 2.00225534415215E+03	-3.61045815907261E-01
 2.00225808205218E+03	-1.84504567255007E-01
 2.00226081995221E+03	 1.26610805462541E-02
 2.00226355785224E+03	 1.65676989389271E-01
 2.00226629575227E+03	 2.30105705604812E-01
 2.00226903365230E+03	 2.12041399107475E-01
 2.00227177155233E+03	 1.57961217129840E-01
 2.00227450945236E+03	 1.11329919673994E-01
 2.00227724735239E+03	 7.81892850664603E-02
 2.00227998525242E+03	 3.43660566301646E-02
 2.00228272315245E+03	-3.82662168241393E-02
 2.00228546105248E+03	-1.28372122136385E-01
 2.00228819895251E+03	-2.06294175353962E-01
 2.00229093685255E+03	-2.48692651357444E-01
 2.00229367475258E+03	-2.44475391804096E-01
 2.00229641265261E+03	-1.81689737616818E-01
 2.00229915055264E+03	-4.48169919071555E-02
 2.00230188845267E+03	 1.61497877236734E-01
 2.00230462635270E+03	 3.86149710064579E-01
 2.00230736425273E+03	 5.40771063008932E-01
 2.00231010215276E+03	 5.49446384921628E-01
 2.00231284005279E+03	 3.99512917140385E-01
 2.00231557795282E+03	 1.48817115128440E-01
 2.00231831585285E+03	-1.14536342600955E-01
 2.00232105375288E+03	-3.21571150974529E-01
 2.00232379165291E+03	-4.42111877467224E-01
 2.00232652955294E+03	-4.72024554136329E-01
 2.00232926745298E+03	-4.15176919747061E-01
 2.00233200535301E+03	-2.82421492438618E-01
 2.00233474325304E+03	-1.03381576926475E-01
 2.00233748115307E+03	 7.01749403820942E-02
 2.00234021905310E+03	 1.83103235120463E-01
 2.00234295695313E+03	 2.08421617151881E-01
 2.00234569485316E+03	 1.64576008294478E-01
 2.00234843275319E+03	 9.84605402757219E-02
 2.00235117065322E+03	 4.58453187533710E-02
 2.00235390855325E+03	 6.77689379998726E-03
 2.00235664645328E+03	-4.02213030432338E-02
 2.00235938435331E+03	-1.04844466322102E-01
 2.00236212225334E+03	-1.72734548371325E-01
 2.00236486015338E+03	-2.23408877013757E-01
 2.00236759805341E+03	-2.46632284826103E-01
 2.00237033595344E+03	-2.32733780738790E-01
 2.00237307385347E+03	-1.57890218581630E-01
 2.00237581175350E+03	-8.48226335558130E-04
 2.00237854965353E+03	 2.15695411491355E-01
 2.00238128755356E+03	 4.10575322109597E-01
 2.00238402545359E+03	 4.88071985601383E-01
 2.00238676335362E+03	 4.05818930530049E-01
 2.00238950125365E+03	 2.02048217475537E-01
 2.00239223915368E+03	-3.94108474207464E-02
 2.00239497705371E+03	-2.45403051120527E-01
 2.00239771495374E+03	-3.80087389693348E-01
 2.00240045285378E+03	-4.34656043529219E-01
 2.00240319075381E+03	-4.09779500099052E-01
 2.00240592865384E+03	-3.13101197864856E-01
 2.00240866655387E+03	-1.66337088786344E-01
 2.00241140445390E+03	-6.78432994189151E-03
 2.00241414235393E+03	 1.21856286368695E-01
 2.00241688025396E+03	 1.85503239819920E-01
 2.00241961815399E+03	 1.75834530380515E-01
 2.00242235605402E+03	 1.15413693915564E-01
 2.00242509395405E+03	 4.20303570497864E-02
 2.00242783185408E+03	-1.90389783354681E-02
 2.00243056975411E+03	-6.80821922150278E-02
 2.00243330765414E+03	-1.15825828982163E-01
 2.00243604555418E+03	-1.61630020359605E-01
 2.00243878345421E+03	-1.94072276931057E-01
 2.00244152135424E+03	-2.07724692449972E-01
 2.00244425925427E+03	-2.03582278117320E-01
 2.00244699715430E+03	-1.68170890927495E-01
 2.00244973505433E+03	-6.97264820776391E-02
 2.00245247295436E+03	 1.03370349295298E-01
 2.00245521085439E+03	 2.99795848469725E-01
 2.00245794875442E+03	 4.19907395581222E-01
 2.00246068665445E+03	 3.88917928530585E-01
 2.00246342455448E+03	 2.16869016863855E-01
 2.00246616245451E+03	-1.52285096738574E-02
 2.00246890035454E+03	-2.21323009504326E-01
 2.00247163825457E+03	-3.57156619284575E-01
 2.00247437615461E+03	-4.14874462526212E-01
 2.00247711405464E+03	-3.96931588964158E-01
 2.00247985195467E+03	-3.09489536516374E-01
 2.00248258985470E+03	-1.73192461782924E-01
 2.00248532775473E+03	-2.43998115712533E-02
 2.00248806565476E+03	 9.98700733507164E-02
 2.00249080355479E+03	 1.75755681885248E-01
 2.00249354145482E+03	 1.94588441151334E-01
 2.00249627935485E+03	 1.60809654329223E-01
 2.00249901725488E+03	 9.12606535979487E-02
 2.00250175515491E+03	 9.31003800124239E-03
 2.00250449305494E+03	-6.71959377015443E-02
 2.00250723095497E+03	-1.31006165415290E-01
 2.00250996885501E+03	-1.77466389936967E-01
 2.00251270675504E+03	-1.98574329383316E-01
 2.00251544465507E+03	-1.91281678539877E-01
 2.00251818255510E+03	-1.64187141160207E-01
 2.00252092045513E+03	-1.22292493641074E-01
 2.00252365835516E+03	-4.70353643555799E-02
 2.00252639625519E+03	 8.81038272015637E-02
 2.00252913415522E+03	 2.67910265077684E-01
 2.00253187205525E+03	 4.12316101199566E-01
 2.00253460995528E+03	 4.25696199693942E-01
 2.00253734785531E+03	 2.78619216664131E-01
 2.00254008575534E+03	 3.51570280371304E-02
 2.00254282365537E+03	-2.01800443655388E-01
 2.00254556155541E+03	-3.63321651935015E-01
 2.00254829945544E+03	-4.33656105673360E-01
 2.00255103735547E+03	-4.20156220666244E-01
 2.00255377525550E+03	-3.30632455785833E-01
 2.00255651315553E+03	-1.83391965714966E-01
 2.00255925105556E+03	-1.93234665679662E-02
 2.00256198895559E+03	 1.14103893023413E-01
 2.00256472685562E+03	 1.91362469673632E-01
 2.00256746475565E+03	 2.15679162258864E-01
 2.00257020265568E+03	 2.00825539140374E-01
 2.00257294055571E+03	 1.54765512844606E-01
 2.00257567845574E+03	 8.14929462313769E-02
 2.00257841635577E+03	-9.82966535553917E-03
 2.00258115425580E+03	-1.02851369434928E-01
 2.00258389215584E+03	-1.78105841514747E-01
 2.00258663005587E+03	-2.17825514500937E-01
 2.00258936795590E+03	-2.13111685094395E-01
 2.00259210585593E+03	-1.70517232013762E-01
 2.00259484375596E+03	-1.04663776694807E-01
 2.00259758165599E+03	-1.69630382882405E-02
 2.00260031955602E+03	 1.10220939212592E-01
 2.00260305745605E+03	 2.80943315165961E-01
 2.00260579535608E+03	 4.44736512969811E-01
 2.00260853325611E+03	 5.07720627595410E-01
 2.00261127115614E+03	 4.04734522947399E-01
 2.00261400905617E+03	 1.62139088793353E-01
 2.00261674695620E+03	-1.18673445730453E-01
 2.00261948485624E+03	-3.38370548684005E-01
 2.00262222275627E+03	-4.54147008198898E-01
 2.00262496065630E+03	-4.68453136825180E-01
 2.00262769855633E+03	-3.92532693236619E-01
 2.00263043645636E+03	-2.40702021420018E-01
 2.00263317435639E+03	-5.06600197199372E-02
 2.00263591225642E+03	 1.16931609234401E-01
 2.00263865015645E+03	 2.13918412778843E-01
 2.00264138805648E+03	 2.36218446936190E-01
 2.00264412595651E+03	 2.14452528140804E-01
 2.00264686385654E+03	 1.76839818138876E-01
 2.00264960175657E+03	 1.26859403812364E-01
 2.00265233965660E+03	 5.41683744735519E-02
 2.00265507755664E+03	-4.14974285531163E-02
 2.00265781545667E+03	-1.40606159359086E-01
 2.00266055335670E+03	-2.13714030857094E-01
 2.00266329125673E+03	-2.38652241248044E-01
 2.00266602915676E+03	-2.11523050532769E-01
 2.00266876705679E+03	-1.43355107426060E-01
 2.00267150495682E+03	-4.36250636286676E-02
 2.00267424285685E+03	 9.20307862618672E-02
 2.00267698075688E+03	 2.67620549124362E-01
 2.00267971865691E+03	 4.51935120580035E-01
 2.00268245655694E+03	 5.66529931588969E-01
 2.00268519445697E+03	 5.29893215198239E-01
 2.00268793235700E+03	 3.26946503661673E-01
 2.00269067025703E+03	 3.16019005088497E-02
 2.00269340815707E+03	-2.45264682030942E-01
 2.00269614605710E+03	-4.27825904592278E-01
 2.00269888395713E+03	-4.97263519256261E-01
 2.00270162185716E+03	-4.62090277310648E-01
 2.00270435975719E+03	-3.33533709462269E-01
 2.00270709765722E+03	-1.37734614684935E-01
 2.00270983555725E+03	 6.69206562053686E-02
 2.00271257345728E+03	 2.09702424548965E-01
 2.00271531135731E+03	 2.54364176011186E-01
 2.00271804925734E+03	 2.21919509502415E-01
 2.00272078715737E+03	 1.63169663633096E-01
 2.00272352505740E+03	 1.10919132958030E-01
 2.00272626295743E+03	 6.05282746227839E-02
 2.00272900085747E+03	-8.16699139349476E-03
 2.00273173875750E+03	-9.80412776301460E-02
 2.00273447665753E+03	-1.85798188602851E-01
 2.00273721455756E+03	-2.40607934096877E-01
 2.00273995245759E+03	-2.46235002931830E-01
 2.00274269035762E+03	-2.04501025463622E-01
 2.00274542825765E+03	-1.20721805507660E-01
 2.00274816615768E+03	 8.75507732522361E-03
 2.00275090405771E+03	 1.87480642286597E-01
 2.00275364195774E+03	 3.91416027812885E-01
 2.00275637985777E+03	 5.53173615567134E-01
 2.00275911775780E+03	 5.88275492880844E-01
 2.00276185565783E+03	 4.54060025552932E-01
 2.00276459355787E+03	 1.89202458283298E-01
 2.00276733145790E+03	-1.08239955922451E-01
 2.00277006935793E+03	-3.44784320788027E-01
 2.00277280725796E+03	-4.75643483152866E-01
 2.00277554515799E+03	-4.96895590659057E-01
 2.00277828305802E+03	-4.16314694471645E-01
 2.00278102095805E+03	-2.48686110183539E-01
 2.00278375885808E+03	-3.53373098840389E-02
 2.00278649675811E+03	 1.52765332722538E-01
 2.00278923465814E+03	 2.50094762299663E-01
 2.00279197255817E+03	 2.40736802883257E-01
 2.00279471045820E+03	 1.65471388095338E-01
 2.00279744835823E+03	 8.26106569217597E-02
 2.00280018625827E+03	 2.10781877851563E-02
 2.00280292415830E+03	-3.01508074181745E-02
 2.00280566205833E+03	-9.25905681078849E-02
 2.00280839995836E+03	-1.65924879455071E-01
 2.00281113785839E+03	-2.27016191423539E-01
 2.00281387575842E+03	-2.54308772202099E-01
 2.00281661365845E+03	-2.43434015588398E-01
 2.00281935155848E+03	-1.96039676638529E-01
 2.00282208945851E+03	-1.01832466300108E-01
 2.00282482735854E+03	 5.49321895281814E-02
 2.00282756525857E+03	 2.63352293468279E-01
 2.00283030315860E+03	 4.63075150688947E-01
 2.00283304105863E+03	 5.64646290646401E-01
 2.00283577895866E+03	 5.05925871244428E-01
 2.00283851685870E+03	 2.97952875407748E-01
 2.00284125475873E+03	 1.88755002571409E-02
 2.00284399265876E+03	-2.37392957669357E-01
 2.00284673055879E+03	-4.10093837100619E-01
 2.00284946845882E+03	-4.80596329934044E-01
 2.00285220635885E+03	-4.51091051405305E-01
 2.00285494425888E+03	-3.30384392434926E-01
 2.00285768215891E+03	-1.43363838592742E-01
 2.00286042005894E+03	 5.69649561586526E-02
 2.00286315795897E+03	 2.02710403995463E-01
 2.00286589585900E+03	 2.47823105189535E-01
 2.00286863375903E+03	 1.96999738306352E-01
 2.00287137165906E+03	 9.84044273503266E-02
 2.00287410955910E+03	 4.53677827142930E-03
 2.00287684745913E+03	-6.36803412233350E-02
 2.00287958535916E+03	-1.17574634398044E-01
 2.00288232325919E+03	-1.71255624583920E-01
 2.00288506115922E+03	-2.19102829388312E-01
 2.00288779905925E+03	-2.44894760193132E-01
 2.00289053695928E+03	-2.43871331553181E-01
 2.00289327485931E+03	-2.22017175053713E-01
 2.00289601275934E+03	-1.72041473940679E-01
 2.00289875065937E+03	-6.55835531919887E-02
 2.00290148855940E+03	 1.13531069758857E-01
 2.00290422645943E+03	 3.26332544150944E-01
 2.00290696435946E+03	 4.81337712352513E-01
 2.00290970225950E+03	 4.93301135173066E-01
 2.00291244015953E+03	 3.46050540635426E-01
 2.00291517805956E+03	 1.01238445527519E-01
 2.00291791595959E+03	-1.49187094885352E-01
 2.00292065385962E+03	-3.36893318166798E-01
 2.00292339175965E+03	-4.34124678143857E-01
 2.00292612965968E+03	-4.37882525784128E-01
 2.00292886755971E+03	-3.54524114743751E-01
 2.00293160545974E+03	-2.02431381630532E-01
 2.00293434335977E+03	-2.02689520539234E-02
 2.00293708125980E+03	 1.38331073352310E-01
 2.00293981915983E+03	 2.25731625149784E-01
 2.00294255705986E+03	 2.22931120960424E-01
 2.00294529495989E+03	 1.47982171216235E-01
 2.00294803285993E+03	 4.27677037629809E-02
 2.00295077075996E+03	-5.44633204538017E-02
 2.00295350865999E+03	-1.29158622832820E-01
 2.00295624656002E+03	-1.85357588196789E-01
 2.00295898446005E+03	-2.24779055791582E-01
 2.00296172236008E+03	-2.39270472284666E-01
 2.00296446026011E+03	-2.26027195315455E-01
 2.00296719816014E+03	-1.97906379344929E-01
 2.00296993606017E+03	-1.63972584994395E-01
 2.00297267396020E+03	-1.03253366673751E-01
 2.00297541186023E+03	 2.13566531759545E-02
 2.00297814976026E+03	 2.08845157303036E-01
 2.00298088766029E+03	 3.87736138120643E-01
 2.00298362556033E+03	 4.56114477646745E-01
 2.00298636346036E+03	 3.62617053730855E-01
 2.00298910136039E+03	 1.46644198903030E-01
 2.00299183926042E+03	-9.84330176324509E-02
 2.00299457716045E+03	-2.92482703583733E-01
 2.00299731506048E+03	-4.00187848440647E-01
 2.00300005296051E+03	-4.16663859077476E-01
 2.00300279086054E+03	-3.47217173432201E-01
 2.00300552876057E+03	-2.08822210379479E-01
 2.00300826666060E+03	-3.86720918702619E-02
 2.00301100456063E+03	 1.14129140104265E-01
 2.00301374246066E+03	 2.10252954621142E-01
 2.00301648036069E+03	 2.34116676289106E-01
 2.00301921826073E+03	 1.92320603558587E-01
 2.00302195616076E+03	 1.05574458919423E-01
 2.00302469406079E+03	 5.13915191889180E-04
 2.00302743196082E+03	-9.94708666679162E-02
 2.00303016986085E+03	-1.80356780541821E-01
 2.00303290776088E+03	-2.33788310759794E-01
 2.00303564566091E+03	-2.50490506627522E-01
 2.00303838356094E+03	-2.25945132506200E-01
 2.00304112146097E+03	-1.73134283309906E-01
 2.00304385936100E+03	-1.15863261116049E-01
 2.00304659726103E+03	-5.81616023799993E-02
 2.00304933516106E+03	 3.00035921048977E-02
 2.00305207306109E+03	 1.75585488752259E-01
 2.00305481096112E+03	 3.46104877123927E-01
 2.00305754886116E+03	 4.47986505792750E-01
 2.00306028676119E+03	 3.98903451055493E-01
 2.00306302466122E+03	 2.02386779137405E-01
 2.00306576256125E+03	-5.48862100742223E-02
 2.00306850046128E+03	-2.73853003375440E-01
 2.00307123836131E+03	-4.01630442874467E-01
 2.00307397626134E+03	-4.29856310055719E-01
 2.00307671416137E+03	-3.64817082366287E-01
 2.00307945206140E+03	-2.20728447694124E-01
 2.00308218996143E+03	-3.49894481272410E-02
 2.00308492786146E+03	 1.33876161204543E-01
 2.00308766576149E+03	 2.37154929582976E-01
 2.00309040366152E+03	 2.62687032823761E-01
 2.00309314156156E+03	 2.28798336533002E-01
 2.00309587946159E+03	 1.58613045784752E-01
 2.00309861736162E+03	 6.59609808592481E-02
 2.00310135526165E+03	-3.93763259749367E-02
 2.00310409316168E+03	-1.43169091790167E-01
 2.00310683106171E+03	-2.26073865799774E-01
 2.00310956896174E+03	-2.68092854328189E-01
 2.00311230686177E+03	-2.56153607561056E-01
 2.00311504476180E+03	-1.94700514127583E-01
 2.00311778266183E+03	-1.07582763306093E-01
 2.00312052056186E+03	-1.77156307399878E-02
 2.00312325846189E+03	 7.95834102732045E-02
 2.00312599636192E+03	 2.09392052034812E-01
 2.00312873426196E+03	 3.68645544774814E-01
 2.00313147216199E+03	 4.91491852069581E-01
 2.00313421006202E+03	 4.85551397336095E-01
 2.00313694796205E+03	 3.14780739892490E-01
 2.00313968586208E+03	 4.00333310454329E-02
 2.00314242376211E+03	-2.27720281184433E-01
 2.00314516166214E+03	-4.06271771808582E-01
 2.00314789956217E+03	-4.71331550339990E-01
 2.00315063746220E+03	-4.28771614376489E-01
 2.00315337536223E+03	-2.90034518319458E-01
 2.00315611326226E+03	-8.45316970847450E-02
 2.00315885116229E+03	 1.25286415818576E-01
 2.00316158906232E+03	 2.67997213186466E-01
 2.00316432696236E+03	 3.09815461919379E-01
 2.00316706486239E+03	 2.71088055132057E-01
 2.00316980276242E+03	 1.95558220781864E-01
 2.00317254066245E+03	 1.10188740948675E-01
 2.00317527856248E+03	 1.66296875538858E-02
 2.00317801646251E+03	-8.77202793238222E-02
 2.00318075436254E+03	-1.90427622001869E-01
 2.00318349226257E+03	-2.65375713180445E-01
 2.00318623016260E+03	-2.88136546481680E-01
 2.00318896806263E+03	-2.50861487625016E-01
 2.00319170596266E+03	-1.66742415623175E-01
 2.00319444386269E+03	-5.84512992640037E-02
 2.00319718176272E+03	 6.35876846512322E-02
 2.00319991966275E+03	 2.08685655913835E-01
 2.00320265756279E+03	 3.79200986678859E-01
 2.00320539546282E+03	 5.31975674125821E-01
 2.00320813336285E+03	 5.81917992932956E-01
 2.00321087126288E+03	 4.64933679989907E-01
 2.00321360916291E+03	 2.02255280588898E-01
 2.00321634706294E+03	-1.05945656503732E-01
 2.00321908496297E+03	-3.52639730476046E-01
 2.00322182286300E+03	-4.83841514143301E-01
 2.00322456076303E+03	-4.94662469041625E-01
 2.00322729866306E+03	-3.94689640339951E-01
 2.00323003656309E+03	-2.02156065407305E-01
 2.00323277446312E+03	 3.32050682233103E-02
 2.00323551236315E+03	 2.30412502843586E-01
 2.00323825026319E+03	 3.22255343233815E-01
 2.00324098816322E+03	 3.01483974827042E-01
 2.00324372606325E+03	 2.16254986137086E-01
 2.00324646396328E+03	 1.20793746093614E-01
 2.00324920186331E+03	 3.48782731781884E-02
 2.00325193976334E+03	-5.17464577176749E-02
 2.00325467766337E+03	-1.46720885061609E-01
 2.00325741556340E+03	-2.34887584967511E-01
 2.00326015346343E+03	-2.88062384542744E-01
 2.00326289136346E+03	-2.88091093397544E-01
 2.00326562926349E+03	-2.37950325003285E-01
 2.00326836716352E+03	-1.52207225331814E-01
 2.00327110506355E+03	-3.83638666949635E-02
 2.00327384296359E+03	 1.10044387120218E-01
 2.00327658086362E+03	 2.95251316744173E-01
 2.00327931876365E+03	 4.84005692633007E-01
 2.00328205666368E+03	 5.99960681046324E-01
 2.00328479456371E+03	 5.64964415336635E-01
 2.00328753246374E+03	 3.62740268064712E-01
 2.00329027036377E+03	 6.23286050852928E-02
 2.00329300826380E+03	-2.26940650380164E-01
 2.00329574616383E+03	-4.23913044106212E-01
 2.00329848406386E+03	-5.01550723156740E-01
 2.00330122196389E+03	-4.63085024467528E-01
 2.00330395986392E+03	-3.19625635185059E-01
 2.00330669776395E+03	-1.02100862916735E-01
 2.00330943566398E+03	 1.21719510719656E-01
 2.00331217356402E+03	 2.69069216513988E-01
 2.00331491146405E+03	 2.94758398683622E-01
 2.00331764936408E+03	 2.20706456025066E-01
 2.00332038726411E+03	 1.09945416983240E-01
 2.00332312516414E+03	 1.23714607117051E-02
 2.00332586306417E+03	-6.40918553713306E-02
 2.00332860096420E+03	-1.35926471378088E-01
 2.00333133886423E+03	-2.08696116127811E-01
 2.00333407676426E+03	-2.64908245679762E-01
 2.00333681466429E+03	-2.83288389301553E-01
 2.00333955256432E+03	-2.61033758907803E-01
 2.00334229046435E+03	-2.10783228244800E-01
 2.00334502836438E+03	-1.37340152270074E-01
 2.00334776626442E+03	-2.54102171748960E-02
 2.00335050416445E+03	 1.40883415431017E-01
 2.00335324206448E+03	 3.41816085295408E-01
 2.00335597996451E+03	 5.08148956875760E-01
 2.00335871786454E+03	 5.53807521940329E-01
 2.00336145576457E+03	 4.35714894595910E-01
 2.00336419366460E+03	 1.89574610696414E-01
 2.00336693156463E+03	-9.22323073990960E-02
 2.00336966946466E+03	-3.19496758102870E-01
 2.00337240736469E+03	-4.44970450656595E-01
 2.00337514526472E+03	-4.59781337464266E-01
 2.00337788316475E+03	-3.70306705828083E-01
 2.00338062106478E+03	-1.95566451921833E-01
 2.00338335896482E+03	 1.68628013059609E-02
 2.00338609686485E+03	 1.92713699145931E-01
 2.00338883476488E+03	 2.67350410540221E-01
 2.00339157266491E+03	 2.27321746056574E-01
 2.00339431056494E+03	 1.15593304193573E-01
 2.00339704846497E+03	-5.68278589931030E-03
 2.00339978636500E+03	-9.95411966419065E-02
 2.00340252426503E+03	-1.66459288913788E-01
 2.00340526216506E+03	-2.20228275387520E-01
 2.00340800006509E+03	-2.59957304666871E-01
 2.00341073796512E+03	-2.70558612647038E-01
 2.00341347586515E+03	-2.46593488628685E-01
 2.00341621376518E+03	-2.03450407682839E-01
 2.00341895166521E+03	-1.56020597054656E-01
 2.00342168956525E+03	-9.11130258877128E-02
 2.00342442746528E+03	 2.44100338147699E-02
 2.00342716536531E+03	 1.98322191518919E-01
 2.00342990326534E+03	 3.78833952397879E-01
 2.00343264116537E+03	 4.75825470566825E-01
 2.00343537906540E+03	 4.25000219678198E-01
 2.00343811696543E+03	 2.36628134384483E-01
 2.00344085486546E+03	-1.38246913762871E-02
 2.00344359276549E+03	-2.38231343664333E-01
 2.00344633066552E+03	-3.80367580750570E-01
 2.00344906856555E+03	-4.21594780962409E-01
 2.00345180646558E+03	-3.63428450622132E-01
 2.00345454436561E+03	-2.20087194882819E-01
 2.00345728226565E+03	-2.76966019380961E-02
 2.00346002016568E+03	 1.53186066094027E-01
 2.00346275806571E+03	 2.59510360831704E-01
 2.00346549596574E+03	 2.59338698236488E-01
 2.00346823386577E+03	 1.68363412167502E-01
 2.00347097176580E+03	 3.53980068983777E-02
 2.00347370966583E+03	-9.05890404457364E-02
 2.00347644756586E+03	-1.85575112095298E-01
 2.00347918546589E+03	-2.49540262098853E-01
 2.00348192336592E+03	-2.85761423175112E-01
 2.00348466126595E+03	-2.87173510132158E-01
 2.00348739916598E+03	-2.47831600073929E-01
 2.00349013706601E+03	-1.82372813807966E-01
 2.00349287496605E+03	-1.19138998024687E-01
 2.00349561286608E+03	-6.56560986724011E-02
 2.00349835076611E+03	 8.76422860875850E-03
 2.00350108866614E+03	 1.38237745568210E-01
 2.00350382656617E+03	 3.03865624881575E-01
 2.00350656446620E+03	 4.24314756280797E-01
 2.00350930236623E+03	 4.15285997700927E-01
 2.00351204026626E+03	 2.60624115085788E-01
 2.00351477816629E+03	 2.41605202005262E-02
 2.00351751606632E+03	-2.01889973403858E-01
 2.00352025396635E+03	-3.53034024765483E-01
 2.00352299186638E+03	-4.05687128353747E-01
 2.00352572976641E+03	-3.58937464578991E-01
 2.00352846766645E+03	-2.24294947660562E-01
 2.00353120556648E+03	-3.43324941387720E-02
 2.00353394346651E+03	 1.54182176236517E-01
 2.00353668136654E+03	 2.80865049137601E-01
 2.00353941926657E+03	 3.11525062684425E-01
 2.00354215716660E+03	 2.50745161209874E-01
 2.00354489506663E+03	 1.30738721016444E-01
 2.00354763296666E+03	-9.20213967814302E-03
 2.00355037086669E+03	-1.38227006354615E-01
 2.00355310876672E+03	-2.39077282275034E-01
 2.00355584666675E+03	-3.02858819531360E-01
 2.00355858456678E+03	-3.20299573620176E-01
 2.00356132246681E+03	-2.83406582751072E-01
 2.00356406036684E+03	-2.00583206521389E-01
 2.00356679826688E+03	-1.03055348972923E-01
 2.00356953616691E+03	-2.07457652811090E-02
 2.00357227406694E+03	 5.23979072055448E-02
 2.00357501196697E+03	 1.53790224300481E-01
 2.00357774986700E+03	 2.97601335457960E-01
 2.00358048776703E+03	 4.30053566724099E-01
 2.00358322566706E+03	 4.58006489385526E-01
 2.00358596356709E+03	 3.31210267728447E-01
 2.00358870146712E+03	 9.11747960006205E-02
 2.00359143936715E+03	-1.62878105969782E-01
 2.00359417726718E+03	-3.46286064789196E-01
 2.00359691516721E+03	-4.23847650678312E-01
 2.00359965306724E+03	-3.93119390244775E-01
 2.00360239096728E+03	-2.63597832801696E-01
 2.00360512886731E+03	-6.37358490129835E-02
 2.00360786676734E+03	 1.47898172969722E-01
 2.00361060466737E+03	 3.01680251440349E-01
 2.00361334256740E+03	 3.56173708704973E-01
 2.00361608046743E+03	 3.16641635578181E-01
 2.00361881836746E+03	 2.16750369063730E-01
 2.00362155626749E+03	 8.91676380870146E-02
 2.00362429416752E+03	-4.56269074193126E-02
 2.00362703206755E+03	-1.72393493657448E-01
 2.00362976996758E+03	-2.73443260818360E-01
 2.00363250786761E+03	-3.28700100426443E-01
 2.00363524576764E+03	-3.21925348648947E-01
 2.00363798366768E+03	-2.51768432561049E-01
 2.00364072156771E+03	-1.40800437952397E-01
 2.00364345946774E+03	-2.56780405135782E-02
 2.00364619736777E+03	 7.42623903832452E-02
 2.00364893526780E+03	 1.76725058505002E-01
 2.00365167316783E+03	 3.08295258278861E-01
 2.00365441106786E+03	 4.48843432039449E-01
 2.00365714896789E+03	 5.18546350059900E-01
 2.00365988686792E+03	 4.39736992504267E-01
 2.00366262476795E+03	 2.13966318675657E-01
 2.00366536266798E+03	-7.09939868414785E-02
 2.00366810056801E+03	-3.08773350146293E-01
 2.00367083846804E+03	-4.38463154618891E-01
 2.00367357636807E+03	-4.47822023211524E-01
 2.00367631426811E+03	-3.43706859844794E-01
 2.00367905216814E+03	-1.46655861096567E-01
 2.00368179006817E+03	 9.00307460313460E-02
 2.00368452796820E+03	 2.84801302113140E-01
 2.00368726586823E+03	 3.72896880919442E-01
 2.00369000376826E+03	 3.47727697177917E-01
 2.00369274166829E+03	 2.52595895043480E-01
 2.00369547956832E+03	 1.35215675634670E-01
 2.00369821746835E+03	 1.61904537237874E-02
 2.00370095536838E+03	-1.03230023882478E-01
 2.00370369326841E+03	-2.16374185412420E-01
 2.00370643116844E+03	-3.01454384552532E-01
 2.00370916906847E+03	-3.32630008567759E-01
 2.00371190696851E+03	-2.97090896505005E-01
 2.00371464486854E+03	-2.05036397970415E-01
 2.00371738276857E+03	-8.54724402462513E-02
 2.00372012066860E+03	 3.43737707688749E-02
 2.00372285856863E+03	 1.51968984207385E-01
 2.00372559646866E+03	 2.85217741060942E-01
 2.00372833436869E+03	 4.32649920182083E-01
 2.00373107226872E+03	 5.39778267198111E-01
 2.00373381016875E+03	 5.24217207408522E-01
 2.00373654806878E+03	 3.48849559453472E-01
 2.00373928596881E+03	 6.65076858874119E-02
 2.00374202386884E+03	-2.15176346315716E-01
 2.00374476176887E+03	-4.08127100922478E-01
 2.00374749966891E+03	-4.78477292328962E-01
 2.00375023756894E+03	-4.25716694119652E-01
 2.00375297546897E+03	-2.61306562334520E-01
 2.00375571336900E+03	-2.27881648491497E-02
 2.00375845126903E+03	 2.11099769974590E-01
 2.00376118916906E+03	 3.51140709785382E-01
 2.00376392706909E+03	 3.57030502600226E-01
 2.00376666496912E+03	 2.61553511354268E-01
 2.00376940286915E+03	 1.32432537076918E-01
 2.00377214076918E+03	 1.49669027349700E-02
 2.00377487866921E+03	-8.68089938970538E-02
 2.00377761656924E+03	-1.83629396917463E-01
 2.00378035446927E+03	-2.69797740581592E-01
 2.00378309236930E+03	-3.21086277244288E-01
 2.00378583026934E+03	-3.16288072536138E-01
 2.00378856816937E+03	-2.55464715577597E-01
 2.00379130606940E+03	-1.58436457851600E-01
 2.00379404396943E+03	-4.72120834068306E-02
 2.00379678186946E+03	 7.20242736141508E-02
 2.00379951976949E+03	 2.09145350745729E-01
 2.00380225766952E+03	 3.65094949833789E-01
 2.00380499556955E+03	 5.01748460840647E-01
 2.00380773346958E+03	 5.45898332908619E-01
 2.00381047136961E+03	 4.40682434878419E-01
 2.00381320926964E+03	 2.00979995352783E-01
 2.00381594716967E+03	-8.71377967019356E-02
 2.00381868506970E+03	-3.24962680399526E-01
 2.00382142296974E+03	-4.55267141118329E-01
 2.00382416086977E+03	-4.64183369288804E-01
 2.00382689876980E+03	-3.55480781270032E-01
 2.00382963666983E+03	-1.49247402303145E-01
 2.00383237456986E+03	 9.57752822622290E-02
 2.00383511246989E+03	 2.86716315280888E-01
 2.00383785036992E+03	 3.48747166532322E-01
 2.00384058826995E+03	 2.77783761128756E-01
 2.00384332616998E+03	 1.36197560141328E-01
 2.00384606407001E+03	-4.02512285709988E-03
 2.00384880197004E+03	-1.11357806605482E-01
 2.00385153987007E+03	-1.94136281293450E-01
 2.00385427777010E+03	-2.64340208090788E-01
 2.00385701567014E+03	-3.12692542432083E-01
 2.00385975357017E+03	-3.18696160131772E-01
 2.00386249147020E+03	-2.76281636505423E-01
 2.00386522937023E+03	-2.01894357315517E-01
 2.00386796727026E+03	-1.16154320102792E-01
 2.00387070517029E+03	-2.10992308274626E-02
 2.00387344307032E+03	 9.98185387043538E-02
 2.00387618097035E+03	 2.54688410959774E-01
 2.00387891887038E+03	 4.13208062854951E-01
 2.00388165677041E+03	 5.06856538987550E-01
 2.00388439467044E+03	 4.69798705152059E-01
 2.00388713257047E+03	 2.91227985611512E-01
 2.00388987047050E+03	 3.10489722590084E-02
 2.00389260837054E+03	-2.18168088692411E-01
 2.00389534627057E+03	-3.85727700314958E-01
 2.00389808417060E+03	-4.43408432314284E-01
 2.00390082207063E+03	-3.88552696974156E-01
 2.00390355997066E+03	-2.31147619054009E-01
 2.00390629787069E+03	-8.13490071992675E-03
 2.00390903577072E+03	 2.04786949262750E-01
 2.00391177367075E+03	 3.21704486680890E-01
 2.00391451157078E+03	 3.01517182340042E-01
 2.00391724947081E+03	 1.74915256548001E-01
 2.00391998737084E+03	 1.45402106253633E-02
 2.00392272527087E+03	-1.20972664395051E-01
 2.00392546317090E+03	-2.15988827403592E-01
 2.00392820107093E+03	-2.81374483509945E-01
 2.00393093897097E+03	-3.21484585153424E-01
 2.00393367687100E+03	-3.24153515505135E-01
 2.00393641477103E+03	-2.80829639608511E-01
 2.00393915267106E+03	-2.06717458547400E-01
 2.00394189057109E+03	-1.30681877781143E-01
 2.00394462847112E+03	-6.29589821280918E-02
 2.00394736637115E+03	 1.94166238510062E-02
 2.00395010427118E+03	 1.45170412309251E-01
 2.00395284217121E+03	 3.03564080995851E-01
 2.00395558007124E+03	 4.30981688843171E-01
 2.00395831797127E+03	 4.50024591388979E-01
 2.00396105587130E+03	 3.28808318108537E-01
 2.00396379377133E+03	 1.07165091285669E-01
 2.00396653167137E+03	-1.31264693813349E-01
 2.00396926957140E+03	-3.10886603514724E-01
 2.00397200747143E+03	-3.93213831841009E-01
 2.00397474537146E+03	-3.69802961347704E-01
 2.00397748327149E+03	-2.47350096310117E-01
 2.00398022117152E+03	-5.21949563353031E-02
 2.00398295907155E+03	 1.57373488704912E-01
 2.00398569697158E+03	 3.03489192627424E-01
 2.00398843487161E+03	 3.30179076111048E-01
 2.00399117277164E+03	 2.38401417086670E-01
 2.00399391067167E+03	 8.03828979390467E-02
 2.00399664857170E+03	-8.04866937506154E-02
 2.00399938647173E+03	-2.06706831163356E-01
 2.00400212437177E+03	-2.92000364027921E-01
 2.00400486227180E+03	-3.39846722415101E-01
 2.00400760017183E+03	-3.44304237201501E-01
 2.00401033807186E+03	-2.96035506656248E-01
 2.00401307597189E+03	-2.05047590871633E-01
 2.00401581387192E+03	-1.06680210438494E-01
 2.00401855177195E+03	-3.27269499659975E-02
 2.00402128967198E+03	 2.41375982890243E-02
 2.00402402757201E+03	 1.04704143775600E-01
 2.00402676547204E+03	 2.31193931481476E-01
 2.00402950337207E+03	 3.63746722056651E-01
 2.00403224127210E+03	 4.19663061679617E-01
 2.00403497917213E+03	 3.41900807271915E-01
 2.00403771707216E+03	 1.48475397749265E-01
 2.00404045497220E+03	-8.27035876624030E-02
 2.00404319287223E+03	-2.69541032133695E-01
 2.00404593077226E+03	-3.64755752326978E-01
 2.00404866867229E+03	-3.54624191535091E-01
 2.00405140657232E+03	-2.43528878877508E-01
 2.00405414447234E+03	-5.48119717488495E-02
 2.00405688237238E+03	 1.58589584140530E-01
 2.00405962027241E+03	 3.23103180363992E-01
 2.00406235817244E+03	 3.79979482453367E-01
 2.00406509607247E+03	 3.18238510376312E-01
 2.00406783397250E+03	 1.74790830469846E-01
 2.00407057187253E+03	 4.71244642237444E-03
 2.00407330977256E+03	-1.49618708074558E-01
 2.00407604767260E+03	-2.68539858682550E-01
 2.00407878557263E+03	-3.45130762233511E-01
 2.00408152347266E+03	-3.70983029603275E-01
 2.00408426137269E+03	-3.34522839322592E-01
 2.00408699927272E+03	-2.36725124883746E-01
 2.00408973717275E+03	-1.06968391250086E-01
 2.00409247507278E+03	 8.46484485403295E-03
 2.00409521297281E+03	 8.57752864765216E-02
 2.00409795087284E+03	 1.48451193255063E-01
 2.00410068877287E+03	 2.37605935062297E-01
 2.00410342667290E+03	 3.51059222423088E-01
 2.00410616457293E+03	 4.22997087884185E-01
 2.00410890247296E+03	 3.77332423618624E-01
 2.00411164037300E+03	 2.01255432820411E-01
 2.00411437827303E+03	-3.93355689285279E-02
 2.00411711617306E+03	-2.51973836339573E-01
 2.00411985407309E+03	-3.74404084878591E-01
 2.00412259197312E+03	-3.85155221795833E-01
 2.00412532987315E+03	-2.84562935835064E-01
 2.00412806777318E+03	-9.05734537505790E-02
 2.00413080567321E+03	 1.46527074911990E-01
 2.00413354357324E+03	 3.46951513616995E-01
 2.00413628147327E+03	 4.39582303280788E-01
 2.00413901937330E+03	 4.03922306761734E-01
 2.00414175727333E+03	 2.74171136285159E-01
 2.00414449517336E+03	 1.05349981552907E-01
 2.00414723307340E+03	-6.12242528243494E-02
 2.00414997097343E+03	-2.05493122815693E-01
 2.00415270887346E+03	-3.16002476303159E-01
 2.00415544677349E+03	-3.78390837293357E-01
 2.00415818467352E+03	-3.75814908170330E-01
 2.00416092257355E+03	-3.00244115799016E-01
 2.00416366047358E+03	-1.67141453472792E-01
 2.00416639837361E+03	-1.75732093455233E-02
 2.00416913627364E+03	 1.06068646550631E-01
 2.00417187417367E+03	 1.95367826208006E-01
 2.00417461207370E+03	 2.79434146839424E-01
 2.00417734997373E+03	 3.79409110123501E-01
 2.00418008787376E+03	 4.60942856046503E-01
 2.00418282577379E+03	 4.48884850673345E-01
 2.00418556367383E+03	 2.99317819024849E-01
 2.00418830157386E+03	 5.05823114502207E-02
 2.00419103947389E+03	-2.02750385585647E-01
 2.00419377737392E+03	-3.77534733033729E-01
 2.00419651527395E+03	-4.36601365841044E-01
 2.00419925317398E+03	-3.73641804944613E-01
 2.00420199107401E+03	-1.97274487593136E-01
 2.00420472897404E+03	 5.43312795802664E-02
 2.00420746687407E+03	 3.00596798726091E-01
 2.00421020477410E+03	 4.49548992407144E-01
 2.00421294267413E+03	 4.55568337618929E-01
 2.00421568057416E+03	 3.44430401806599E-01
 2.00421841847419E+03	 1.80529897777007E-01
 2.00422115637423E+03	 1.51933495997746E-02
 2.00422389427426E+03	-1.32747278320890E-01
 2.00422663217429E+03	-2.58762158666695E-01
 2.00422937007432E+03	-3.50529098258803E-01
 2.00423210797435E+03	-3.86797341677995E-01
 2.00423484587438E+03	-3.51971044190951E-01
 2.00423758377441E+03	-2.50023469939278E-01
 2.00424032167444E+03	-1.07971074134383E-01
 2.00424305957447E+03	 3.60940076758300E-02
 2.00424579747450E+03	 1.58011211061796E-01
 2.00424853537453E+03	 2.64189877713919E-01
 2.00425127327456E+03	 3.73392866292170E-01
 2.00425401117459E+03	 4.73468052984976E-01
 2.00425674907463E+03	 5.05442999964279E-01
 2.00425948697466E+03	 4.08355604653323E-01
 2.00426222487469E+03	 1.84249683104366E-01
 2.00426496277472E+03	-9.03723492457685E-02
 2.00426770067475E+03	-3.19373391047620E-01
 2.00427043857478E+03	-4.43446343319712E-01
 2.00427317647481E+03	-4.44489364712384E-01
 2.00427591437484E+03	-3.22138018793578E-01
 2.00427865227487E+03	-9.60590817903595E-02
 2.00428139017490E+03	 1.69582281101277E-01
 2.00428412807493E+03	 3.73985803228977E-01
 2.00428686597496E+03	 4.38178606044306E-01
 2.00428960387499E+03	 3.59508601680622E-01
 2.00429234177502E+03	 2.02676587266762E-01
 2.00429507967506E+03	 3.90890430441334E-02
 2.00429781757509E+03	-9.97700325263319E-02
 2.00430055547512E+03	-2.15929498962477E-01
 2.00430329337515E+03	-3.10277827907231E-01
 2.00430603127518E+03	-3.65967663426416E-01
 2.00430876917521E+03	-3.62422668848201E-01
 2.00431150707524E+03	-2.96411711833162E-01
 2.00431424497527E+03	-1.87029614597824E-01
 2.00431698287530E+03	-6.30367510918950E-02
 2.00431972077533E+03	 5.58012136027878E-02
 2.00432245867536E+03	 1.69714943825089E-01
 2.00432519657539E+03	 2.89938726592283E-01
 2.00432793447542E+03	 4.10337611481721E-01
 2.00433067237546E+03	 4.86540903002267E-01
 2.00433341027549E+03	 4.56092942350107E-01
 2.00433614817552E+03	 2.92966631559011E-01
 2.00433888607555E+03	 4.19558245371767E-02
 2.00434162397558E+03	-2.07646311864130E-01
 2.00434436187561E+03	-3.80364872702015E-01
 2.00434709977564E+03	-4.42311465015289E-01
 2.00434983767567E+03	-3.85381797878743E-01
 2.00435257557570E+03	-2.15018526929270E-01
 2.00435531347573E+03	 2.96062053974575E-02
 2.00435805137576E+03	 2.60689006352323E-01
 2.00436078927579E+03	 3.79274714916124E-01
 2.00436352717582E+03	 3.43653998377148E-01
 2.00436626507586E+03	 1.97004260056930E-01
 2.00436900297589E+03	 2.33995257217816E-02
 2.00437174087592E+03	-1.19351475156999E-01
 2.00437447877595E+03	-2.23351045830418E-01
 2.00437721667598E+03	-3.01318321852156E-01
 2.00437995457601E+03	-3.51063358364514E-01
 2.00438269247604E+03	-3.54159639488516E-01
 2.00438543037607E+03	-3.01386571691206E-01
 2.00438816827610E+03	-2.09172965212361E-01
 2.00439090617613E+03	-1.07766030231899E-01
 2.00439364407616E+03	-1.52988634777090E-02
 2.00439638197619E+03	 7.49570113910027E-02
 2.00439911987622E+03	 1.81095287401269E-01
 2.00440185777625E+03	 3.03370919337267E-01
 2.00440459567629E+03	 4.05107730786485E-01
 2.00440733357632E+03	 4.26371933629661E-01
 2.00441007147635E+03	 3.27442067307108E-01
 2.00441280937638E+03	 1.26599786963975E-01
 2.00441554727641E+03	-1.05733251739908E-01
 2.00441828517644E+03	-2.92232097572666E-01
 2.00442102307647E+03	-3.86817421060494E-01
 2.00442376097650E+03	-3.74050708393394E-01
 2.00442649887653E+03	-2.52879023113551E-01
 2.00442923677656E+03	-4.40498161858153E-02
 2.00443197467659E+03	 1.87653586908020E-01
 2.00443471257662E+03	 3.44868491707928E-01
 2.00443745047665E+03	 3.56236872751968E-01
 2.00444018837669E+03	 2.29073875391731E-01
 2.00444292627672E+03	 3.88629959261284E-02
 2.00444566417675E+03	-1.33843771478383E-01
 2.00444840207678E+03	-2.54325288496476E-01
 2.00445113997681E+03	-3.29639346826653E-01
 2.00445387787684E+03	-3.70322967779954E-01
 2.00445661577687E+03	-3.68022348218216E-01
 2.00445935367690E+03	-3.10364368518960E-01
 2.00446209157693E+03	-2.08145739938822E-01
 2.00446482947696E+03	-9.74312502731288E-02
 2.00446756737699E+03	-1.00788307654044E-02
 2.00447030527702E+03	 5.55485913414552E-02
 2.00447304317705E+03	 1.29079356789100E-01
 2.00447578107709E+03	 2.29744166440242E-01
 2.00447851897712E+03	 3.33444074709073E-01
 2.00448125687715E+03	 3.80719208526645E-01
 2.00448399477718E+03	 3.21831003130440E-01
 2.00448673267721E+03	 1.59147411729785E-01
 2.00448947057724E+03	-5.07094990755085E-02
 2.00449220847727E+03	-2.33995073866737E-01
 2.00449494637730E+03	-3.38929666482009E-01
 2.00449768427733E+03	-3.44393016203613E-01
 2.00450042217736E+03	-2.46851332213342E-01
 2.00450316007739E+03	-5.92158781017363E-02
 2.00450589797742E+03	 1.70902505463758E-01
 2.00450863587745E+03	 3.58029240174399E-01
 2.00451137377749E+03	 4.18702638626133E-01
 2.00451411167752E+03	 3.28006213531290E-01
 2.00451684957755E+03	 1.36285032633405E-01
 2.00451958747758E+03	-7.23022596605734E-02
 2.00452232537761E+03	-2.37473231392138E-01
 2.00452506327764E+03	-3.44283771558391E-01
 2.00452780117767E+03	-4.00590059770295E-01
 2.00453053907770E+03	-4.06486626266618E-01
 2.00453327697773E+03	-3.51177976954526E-01
 2.00453601487776E+03	-2.36782396388207E-01
 2.00453875277779E+03	-9.63975438498398E-02
 2.00454149067782E+03	 2.22195526996977E-02
 2.00454422857785E+03	 9.68337428109924E-02
 2.00454696647788E+03	 1.50421703961425E-01
 2.00454970437792E+03	 2.21611242588038E-01
 2.00455244227795E+03	 3.12609547829493E-01
 2.00455518017798E+03	 3.72521643642201E-01
 2.00455791807801E+03	 3.38580514342837E-01
 2.00456065597804E+03	 1.94449006954102E-01
 2.00456339387807E+03	-1.23882636804132E-02
 2.00456613177810E+03	-2.05565826280193E-01
 2.00456886967813E+03	-3.25791709863532E-01
 2.00457160757816E+03	-3.46374022183332E-01
 2.00457434547819E+03	-2.61412678192768E-01
 2.00457708337822E+03	-8.02188716470978E-02
 2.00457982127825E+03	 1.58145667133400E-01
 2.00458255917828E+03	 3.76584286286357E-01
 2.00458529707832E+03	 4.88055602176783E-01
 2.00458803497835E+03	 4.47609457390122E-01
 2.00459077287838E+03	 2.80771549085750E-01
 2.00459351077841E+03	 6.04003906315726E-02
 2.00459624867844E+03	-1.43915461332917E-01
 2.00459898657847E+03	-2.97487276495000E-01
 2.00460172447850E+03	-3.94218319716958E-01
 2.00460446237853E+03	-4.32273744929380E-01
 2.00460720027856E+03	-4.02174734026743E-01
 2.00460993817859E+03	-2.99031985514174E-01
 2.00461267607862E+03	-1.43995557392449E-01
 2.00461541397865E+03	 1.37459888612319E-02
 2.00461815187868E+03	 1.27931299211514E-01
 2.00462088977872E+03	 1.93801780566791E-01
 2.00462362767875E+03	 2.48245839407406E-01
 2.00462636557878E+03	 3.21023089539869E-01
 2.00462910347881E+03	 3.87648660601370E-01
 2.00463184137884E+03	 3.82182333046054E-01
 2.00463457927887E+03	 2.61730439863636E-01
 2.00463731717890E+03	 5.31003864555287E-02
 2.00464005507893E+03	-1.65785677522868E-01
 2.00464279297896E+03	-3.21258735935028E-01
 2.00464553087899E+03	-3.75316057558820E-01
 2.00464826877902E+03	-3.16876120074847E-01
 2.00465100667905E+03	-1.49598134340805E-01
 2.00465374457908E+03	 9.57648663811870E-02
 2.00465648247911E+03	 3.46514810530522E-01
 2.00465922037915E+03	 5.09054205534816E-01
 2.00466195827918E+03	 5.22124712916180E-01
 2.00466469617921E+03	 3.94024107931219E-01
 2.00466743407924E+03	 1.87968200246736E-01
 2.00467017197927E+03	-2.63219178940416E-02
 2.00467290987930E+03	-2.07452692003180E-01
 2.00467564777933E+03	-3.40879516335684E-01
 2.00467838567936E+03	-4.18683583435633E-01
 2.00468112357939E+03	-4.28270456521005E-01
 2.00468386147942E+03	-3.59429495156272E-01
 2.00468659937945E+03	-2.20913350679183E-01
 2.00468933727948E+03	-4.98333262204980E-02
 2.00469207517951E+03	 1.01951256173849E-01
 2.00469481307955E+03	 2.02624230676265E-01
 2.00469755097958E+03	 2.64760255979251E-01
 2.00470028887961E+03	 3.24600782808644E-01
 2.00470302677964E+03	 3.89042150352562E-01
 2.00470576467967E+03	 4.11148952766554E-01
 2.00470850257970E+03	 3.31376990781869E-01
 2.00471124047973E+03	 1.43075847874103E-01
 2.00471397837976E+03	-9.15766672912000E-02
 2.00471671627979E+03	-2.88595438728223E-01
 2.00471945417982E+03	-3.92726279958403E-01
 2.00472219207985E+03	-3.82914637183391E-01
 2.00472492997988E+03	-2.54266908358218E-01
 2.00472766787991E+03	-2.31611544688423E-02
 2.00473040577995E+03	 2.48767487929250E-01
 2.00473314367998E+03	 4.61083307319187E-01
 2.00473588158001E+03	 5.29467843366948E-01
 2.00473861948004E+03	 4.41292941701048E-01
 2.00474135738007E+03	 2.54968866215180E-01
 2.00474409528010E+03	 4.71263052693567E-02
 2.00474683318013E+03	-1.35585522480226E-01
 2.00474957108016E+03	-2.80013797548587E-01
 2.00475230898019E+03	-3.80624611777470E-01
 2.00475504688022E+03	-4.23151535466469E-01
 2.00475778478025E+03	-3.92177735400232E-01
 2.00476052268028E+03	-2.87827908450113E-01
 2.00476326058031E+03	-1.34285271852379E-01
 2.00476599848034E+03	 2.64783491856868E-02
 2.00476873638038E+03	 1.55670869606291E-01
 2.00477147428041E+03	 2.42390277362469E-01
 2.00477421218044E+03	 3.06799234539656E-01
 2.00477695008047E+03	 3.68036166509637E-01
 2.00477968798050E+03	 4.06235495870729E-01
 2.00478242588053E+03	 3.68544960871483E-01
 2.00478516378056E+03	 2.23045720681982E-01
 2.00478790168059E+03	 1.55916652107694E-03
 2.00479063958062E+03	-2.18690886637848E-01
 2.00479337748065E+03	-3.69135290340232E-01
 2.00479611538068E+03	-4.16031809333549E-01
 2.00479885328071E+03	-3.46075153068713E-01
 2.00480159118074E+03	-1.59085649650078E-01
 2.00480432908078E+03	 1.06408435272768E-01
 2.00480706698081E+03	 3.56949965634940E-01
 2.00480980488084E+03	 4.85328767893368E-01
 2.00481254278087E+03	 4.44117573236242E-01
 2.00481528068090E+03	 2.75882483900398E-01
 2.00481801858093E+03	 6.85987944710572E-02
 2.00482075648096E+03	-1.12968609979131E-01
 2.00482349438099E+03	-2.51994891196324E-01
 2.00482623228102E+03	-3.52561188646425E-01
 2.00482897018105E+03	-4.07989809779627E-01
 2.00483170808108E+03	-4.01017227635299E-01
 2.00483444598111E+03	-3.25427671052807E-01
 2.00483718388114E+03	-1.98726562101453E-01
 2.00483992178118E+03	-5.44295299855297E-02
 2.00484265968121E+03	 7.58307546801871E-02
 2.00484539758124E+03	 1.77636568773239E-01
 2.00484813548127E+03	 2.57363723530890E-01
 2.00485087338130E+03	 3.27026579862153E-01
 2.00485361128133E+03	 3.77940207978183E-01
 2.00485634918136E+03	 3.72179347806334E-01
 2.00485908708139E+03	 2.72446012099785E-01
 2.00486182498142E+03	 8.55975470891537E-02
 2.00486456288145E+03	-1.30259238829634E-01
 2.00486730078148E+03	-3.05048602344930E-01
 2.00487003868151E+03	-3.94981217906788E-01
 2.00487277658154E+03	-3.81142711194054E-01
 2.00487551448158E+03	-2.53422007874293E-01
 2.00487825238161E+03	-2.49875947416475E-02
 2.00488099028164E+03	 2.35918943792015E-01
 2.00488372818167E+03	 4.17521978172257E-01
 2.00488646608170E+03	 4.35209756634009E-01
 2.00488920398173E+03	 2.95312277308477E-01
 2.00489194188176E+03	 8.25137785638082E-02
 2.00489467978179E+03	-1.14013614893041E-01
 2.00489741768182E+03	-2.56781159298512E-01
 2.00490015558185E+03	-3.51572618444036E-01
 2.00490289348188E+03	-4.05033291505512E-01
 2.00490563138191E+03	-4.05549891064089E-01
 2.00490836928194E+03	-3.42051897255114E-01
 2.00491110718197E+03	-2.27734847275796E-01
 2.00491384508201E+03	-9.72748713271131E-02
 2.00491658298204E+03	 1.78491912714429E-02
 2.00491932088207E+03	 1.08969365555962E-01
 2.00492205878210E+03	 1.87642844727611E-01
 2.00492479668213E+03	 2.65343082888856E-01
 2.00492753458216E+03	 3.32302462963792E-01
 2.00493027248219E+03	 3.53722982007860E-01
 2.00493301038222E+03	 2.92262037087564E-01
 2.00493574828225E+03	 1.43017779080264E-01
 2.00493848618228E+03	-5.20819254277710E-02
 2.00494122408231E+03	-2.28593393360247E-01
 2.00494396198234E+03	-3.37557445418415E-01
 2.00494669988237E+03	-3.56643094521273E-01
 2.00494943778241E+03	-2.74709923447507E-01
 2.00495217568244E+03	-9.11942330520549E-02
 2.00495491358247E+03	 1.54133182941310E-01
 2.00495765148250E+03	 3.66526092466299E-01
 2.00496038938253E+03	 4.42241122181308E-01
 2.00496312728256E+03	 3.45180509451756E-01
 2.00496586518259E+03	 1.34133024848425E-01
 2.00496860308262E+03	-9.00756758250666E-02
 2.00497134098265E+03	-2.60012282897284E-01
 2.00497407888268E+03	-3.65636599674853E-01
 2.00497681678271E+03	-4.20238661037463E-01
 2.00497955468274E+03	-4.23092777822500E-01
 2.00498229258277E+03	-3.61961047697090E-01
 2.00498503048281E+03	-2.42409372181683E-01
 2.00498776838284E+03	-1.00925507269953E-01
 2.00499050628287E+03	 1.77042291733924E-02
 2.00499324418290E+03	 9.53990711095856E-02
 2.00499598208293E+03	 1.50562747388804E-01
 2.00499871998296E+03	 2.11675994655242E-01
 2.00500145788299E+03	 2.80812440625463E-01
 2.00500419578302E+03	 3.22996120445847E-01
 2.00500693368305E+03	 2.92543921037942E-01
 2.00500967158308E+03	 1.73396061929948E-01
 2.00501240948311E+03	-2.38808089338595E-03
 2.00501514738314E+03	-1.73857103114757E-01
 2.00501788528317E+03	-2.88027724246937E-01
 2.00502062318320E+03	-3.18431782944587E-01
 2.00502336108324E+03	-2.55283410005502E-01
 2.00502609898327E+03	-9.64416777136484E-02
 2.00502883688330E+03	 1.34204729036691E-01
 2.00503157478333E+03	 3.63097477588534E-01
 2.00503431268336E+03	 4.86964945989292E-01
 2.00503705058339E+03	 4.39852497918507E-01
 2.00503978848342E+03	 2.45043522463363E-01
 2.00504252638345E+03	-4.90118766728030E-03
 2.00504526428348E+03	-2.19826151346838E-01
 2.00504800218351E+03	-3.62518651538441E-01
 2.00505074008354E+03	-4.38376268678117E-01
 2.00505347798357E+03	-4.54660679698658E-01
 2.00505621588360E+03	-4.02975155251547E-01
 2.00505895378364E+03	-2.79858453417342E-01
 2.00506169168367E+03	-1.13506930339856E-01
 2.00506442958370E+03	 4.10455217554497E-02
 2.00506716748373E+03	 1.40074935226978E-01
 2.00506990538376E+03	 1.85286098628598E-01
 2.00507264328379E+03	 2.15533873205093E-01
 2.00507538118382E+03	 2.60454706445483E-01
 2.00507811908385E+03	 3.03323631400271E-01
 2.00508085698388E+03	 2.93524683418391E-01
 2.00508359488391E+03	 1.96529683789171E-01
 2.00508633278394E+03	 3.01663558867128E-02
 2.00508907068397E+03	-1.46360664844920E-01
 2.00509180858400E+03	-2.73045978288580E-01
 2.00509454648404E+03	-3.16008289235948E-01
 2.00509728438407E+03	-2.62923997296907E-01
 2.00510002228410E+03	-1.11122995773019E-01
 2.00510276018413E+03	 1.21879793028486E-01
 2.00510549808416E+03	 3.74872727324602E-01
 2.00510823598419E+03	 5.48794140086972E-01
 2.00511097388422E+03	 5.60167102503407E-01
 2.00511371178425E+03	 4.00769630329928E-01
 2.00511644968428E+03	 1.43332534694993E-01
 2.00511918758431E+03	-1.14025299026771E-01
 2.00512192548434E+03	-3.08993150627956E-01
 2.00512466338437E+03	-4.28364327685763E-01
 2.00512740128440E+03	-4.77895574577083E-01
 2.00513013918443E+03	-4.54248156638526E-01
 2.00513287708447E+03	-3.49531545158237E-01
 2.00513561498450E+03	-1.77184618479470E-01
 2.00513835288453E+03	 1.49206816123295E-02
 2.00514109078456E+03	 1.65927139609729E-01
 2.00514382868459E+03	 2.44491583948448E-01
 2.00514656658462E+03	 2.70785334884311E-01
 2.00514930448465E+03	 2.89256790028664E-01
 2.00515204238468E+03	 3.15252060163848E-01
 2.00515478028471E+03	 3.13693117576199E-01
 2.00515751818474E+03	 2.36438582009289E-01
 2.00516025608477E+03	 7.76820728357308E-02
 2.00516299398480E+03	-1.13145570976655E-01
 2.00516573188483E+03	-2.68909446900237E-01
 2.00516846978487E+03	-3.44571830058001E-01
 2.00517120768490E+03	-3.21107358908820E-01
 2.00517394558493E+03	-1.90344314213927E-01
 2.00517668348496E+03	 3.99802559300892E-02
 2.00517942138499E+03	 3.19837702412416E-01
 2.00518215928502E+03	 5.51852268606781E-01
 2.00518489718505E+03	 6.36488722916774E-01
 2.00518763508508E+03	 5.37118602732000E-01
 2.00519037298511E+03	 3.03385212382907E-01
 2.00519311088514E+03	 3.03007455116412E-02
 2.00519584878517E+03	-2.04815892985423E-01
 2.00519858668520E+03	-3.70572593237408E-01
 2.00520132458523E+03	-4.63956356845933E-01
 2.00520406248527E+03	-4.82216954231485E-01
 2.00520680038530E+03	-4.17262345920798E-01
 2.00520953828533E+03	-2.72381551318299E-01
 2.00521227618536E+03	-7.88736343737676E-02
 2.00521501408539E+03	 1.08046287043623E-01
 2.00521775198542E+03	 2.38036651747418E-01
 2.00522048988545E+03	 2.99019815008014E-01
 2.00522322778548E+03	 3.20724475595885E-01
 2.00522596568551E+03	 3.36277410639183E-01
 2.00522870358554E+03	 3.38844042711588E-01
 2.00523144148557E+03	 2.85457396598885E-01
 2.00523417938560E+03	 1.48334544761691E-01
 2.00523691728563E+03	-4.54427867944399E-02
 2.00523965518567E+03	-2.30758173068427E-01
 2.00524239308570E+03	-3.51327524867707E-01
 2.00524513098573E+03	-3.79471837292738E-01
 2.00524786888576E+03	-3.00735745607342E-01
 2.00525060678579E+03	-1.08319272856731E-01
 2.00525334468582E+03	 1.68924907110056E-01
 2.00525608258585E+03	 4.43907915433278E-01
 2.00525882048588E+03	 6.03217664578514E-01
 2.00526155838591E+03	 5.79600745416290E-01
 2.00526429628594E+03	 3.96367225925250E-01
 2.00526703418597E+03	 1.40721077819669E-01
 2.00526977208600E+03	-1.02361646138211E-01
 2.00527250998603E+03	-2.90613203880863E-01
 2.00527524788606E+03	-4.14665289321505E-01
 2.00527798578610E+03	-4.69532970792250E-01
 2.00528072368613E+03	-4.45635095751386E-01
 2.00528346158616E+03	-3.41987293048229E-01
 2.00528619948619E+03	-1.79521141400125E-01
 2.00528893738622E+03	 4.30396410842880E-04
 2.00529167528625E+03	 1.52233646948585E-01
 2.00529441318628E+03	 2.48915303337384E-01
 2.00529715108631E+03	 2.96384616878578E-01
 2.00529988898634E+03	 3.20502434109497E-01
 2.00530262688637E+03	 3.31632184879358E-01
 2.00530536478640E+03	 3.04780983998200E-01
 2.00530810268643E+03	 2.05429275070974E-01
 2.00531084058646E+03	 3.57987774846186E-02
 2.00531357848650E+03	-1.54505288783425E-01
 2.00531631638653E+03	-3.05257930041946E-01
 2.00531905428656E+03	-3.80349026877912E-01
 2.00532179218659E+03	-3.62315129135728E-01
 2.00532453008662E+03	-2.35108184089071E-01
 2.00532726798665E+03	-2.04814762196340E-03
 2.00533000588668E+03	 2.75841762338613E-01
 2.00533274378671E+03	 4.85205311492854E-01
 2.00533548168674E+03	 5.29684559089184E-01
 2.00533821958677E+03	 4.00008256711201E-01
 2.00534095748680E+03	 1.72106806621323E-01
 2.00534369538683E+03	-6.02818605424824E-02
 2.00534643328686E+03	-2.44998298233210E-01
 2.00534917118690E+03	-3.72535887143797E-01
 2.00535190908693E+03	-4.41502230988807E-01
 2.00535464698696E+03	-4.40916253588378E-01
 2.00535738488699E+03	-3.64605327633165E-01
 2.00536012278702E+03	-2.29586943858463E-01
 2.00536286068705E+03	-7.30423844128440E-02
 2.00536559858708E+03	 6.68943176669523E-02
 2.00536833648711E+03	 1.68061495069135E-01
 2.00537107438714E+03	 2.29951008900730E-01
 2.00537381228717E+03	 2.66630501647407E-01
 2.00537655018720E+03	 2.87685604931464E-01
 2.00537928808723E+03	 2.80395171516268E-01
 2.00538202598726E+03	 2.16490882200535E-01
 2.00538476388729E+03	 8.51069594474258E-02
 2.00538750178733E+03	-8.36959215224026E-02
 2.00539023968736E+03	-2.35963885793824E-01
 2.00539297758739E+03	-3.30577643231684E-01
 2.00539571548742E+03	-3.48897265288191E-01
 2.00539845338745E+03	-2.75552415468017E-01
 2.00540119128748E+03	-9.85057743588818E-02
 2.00540392918751E+03	 1.52531896163590E-01
 2.00540666708754E+03	 3.82444297906040E-01
 2.00540940498757E+03	 4.77149377199240E-01
 2.00541214288760E+03	 3.89524969103317E-01
 2.00541488078763E+03	 1.74672444851281E-01
 2.00541761868766E+03	-6.31159171764464E-02
 2.00542035658769E+03	-2.50782005767370E-01
 2.00542309448773E+03	-3.73195799602859E-01
 2.00542583238776E+03	-4.38734444185688E-01
 2.00542857028779E+03	-4.43107231984433E-01
 2.00543130818782E+03	-3.74810282760810E-01
 2.00543404608785E+03	-2.43663533923948E-01
 2.00543678398788E+03	-8.88016203528652E-02
 2.00543952188791E+03	 4.50845848321280E-02
 2.00544225978794E+03	 1.35925017003505E-01
 2.00544499768797E+03	 1.89930184709121E-01
 2.00544773558800E+03	 2.24979731627292E-01
 2.00545047348803E+03	 2.49277730815540E-01
 2.00545321138806E+03	 2.50743056457599E-01
 2.00545594928809E+03	 2.04953339927443E-01
 2.00545868718813E+03	 9.90711592177928E-02
 2.00546142508816E+03	-4.74069285431266E-02
 2.00546416298819E+03	-1.88784053658387E-01
 2.00546690088822E+03	-2.82800573986875E-01
 2.00546963878825E+03	-3.09126065742272E-01
 2.00547237668828E+03	-2.57221388781396E-01
 2.00547511458831E+03	-1.13766526105307E-01
 2.00547785248834E+03	 1.12894778125709E-01
 2.00548059038837E+03	 3.54257360578016E-01
 2.00548332828840E+03	 4.95087616964133E-01
 2.00548606618843E+03	 4.52564971140425E-01
 2.00548880408846E+03	 2.45741014919271E-01
 2.00549154198849E+03	-2.19620049820198E-02
 2.00549427988852E+03	-2.48000726712899E-01
 2.00549701778856E+03	-3.92452669735592E-01
 2.00549975568859E+03	-4.64592097748317E-01
 2.00550249358862E+03	-4.73552201472278E-01
 2.00550523148865E+03	-4.10364036427598E-01
 2.00550796938868E+03	-2.74214944229409E-01
 2.00551070728871E+03	-9.87703618471198E-02
 2.00551344518874E+03	 5.97819921889963E-02
 2.00551618308877E+03	 1.61841285750440E-01
 2.00551892098880E+03	 2.09018752109256E-01
 2.00552165888883E+03	 2.30593812028566E-01
 2.00552439678886E+03	 2.48079835543984E-01
 2.00552713468889E+03	 2.52927879337951E-01
 2.00552987258892E+03	 2.16254003066517E-01
 2.00553261048896E+03	 1.19455759467908E-01
 2.00553534838899E+03	-2.24092950024585E-02
 2.00553808628902E+03	-1.65347966324546E-01
 2.00554082418905E+03	-2.64171695388773E-01
 2.00554356208908E+03	-2.94662109276749E-01
 2.00554629998911E+03	-2.48438465500948E-01
 2.00554903788914E+03	-1.16447943568857E-01
 2.00555177578917E+03	 1.01545489272150E-01
 2.00555451368920E+03	 3.59805234118945E-01
 2.00555725158923E+03	 5.54598587678325E-01
 2.00555998948926E+03	 5.79383138093305E-01
 2.00556272738929E+03	 4.08277651323571E-01
 2.00556546528932E+03	 1.20513682061707E-01
 2.00556820318936E+03	-1.63392115021048E-01
 2.00557094108939E+03	-3.66087736544553E-01
 2.00557367898942E+03	-4.76581495945006E-01
 2.00557641688945E+03	-5.09639829215596E-01
 2.00557915478948E+03	-4.66170267829941E-01
 2.00558189268951E+03	-3.40033642633876E-01
 2.00558463058954E+03	-1.51077886208351E-01
 2.00558736848957E+03	 4.48725951852735E-02
 2.00559010638960E+03	 1.87179451023369E-01
 2.00559284428963E+03	 2.52911414268013E-01
 2.00559558218966E+03	 2.67223979856449E-01
 2.00559832008969E+03	 2.70124675857236E-01
 2.00560105798972E+03	 2.72924542366142E-01
 2.00560379588976E+03	 2.48641417540988E-01
 2.00560653378979E+03	 1.64869089470174E-01
 2.00560927168982E+03	 2.33594703529609E-02
 2.00561200958985E+03	-1.33953273414477E-01
 2.00561474748988E+03	-2.54550985868926E-01
 2.00561748538991E+03	-3.05829623189226E-01
 2.00562022328994E+03	-2.76631544278555E-01
 2.00562296118997E+03	-1.59455883468331E-01
 2.00562569909000E+03	 5.00450540040409E-02
 2.00562843699003E+03	 3.22444964942367E-01
 2.00563117489006E+03	 5.69991183492067E-01
 2.00563391279009E+03	 6.77382448184698E-01
 2.00563665069012E+03	 5.79860831402186E-01
 2.00563938859015E+03	 3.16171387230918E-01
 2.00564212649019E+03	-6.90175588064907E-04
 2.00564486439022E+03	-2.65828419570525E-01
 2.00564760229025E+03	-4.35889728196241E-01
 2.00565034019028E+03	-5.14466990772988E-01
 2.00565307809031E+03	-5.08618608187482E-01
 2.00565581599034E+03	-4.14196588845493E-01
 2.00565855389037E+03	-2.38845243093009E-01
 2.00566129179040E+03	-2.50137874464649E-02
 2.00566402969043E+03	 1.60930925978143E-01
 2.00566676759046E+03	 2.68953567213001E-01
 2.00566950549049E+03	 2.98425097688490E-01
 2.00567224339052E+03	 2.89956690205622E-01
 2.00567498129055E+03	 2.80052183482448E-01
 2.00567771919059E+03	 2.63323011628647E-01
 2.00568045709062E+03	 2.03116243523485E-01
 2.00568319499065E+03	 7.89038358338156E-02
 2.00568593289068E+03	-8.31445914585357E-02
 2.00568867079071E+03	-2.28185704236083E-01
 2.00569140869074E+03	-3.12550331097339E-01
 2.00569414659077E+03	-3.18204038231466E-01
 2.00569688449080E+03	-2.35659490706854E-01
 2.00569962239083E+03	-5.43273328302903E-02
 2.00570236029086E+03	 2.12347736944012E-01
 2.00570509819089E+03	 4.94065108924601E-01
 2.00570783609092E+03	 6.76162058044077E-01
 2.00571057399095E+03	 6.67504261294098E-01
 2.00571331189099E+03	 4.67018392268463E-01
 2.00571604979102E+03	 1.63225357793763E-01
 2.00571878769105E+03	-1.32401524890407E-01
 2.00572152559108E+03	-3.51426194122774E-01
 2.00572426349111E+03	-4.78239588118047E-01
 2.00572700139114E+03	-5.16512348897030E-01
 2.00572973929117E+03	-4.64498760382609E-01
 2.00573247719120E+03	-3.24211175766866E-01
 2.00573521509123E+03	-1.23333940783955E-01
 2.00573795299126E+03	 8.19498059094470E-02
 2.00574069089129E+03	 2.31862214219885E-01
 2.00574342879132E+03	 2.97942600132125E-01
 2.00574616669135E+03	 2.98418341295689E-01
 2.00574890459138E+03	 2.75558389616196E-01
 2.00575164249142E+03	 2.51426745371914E-01
 2.00575438039145E+03	 2.07274563378091E-01
 2.00575711829148E+03	 1.11791033033362E-01
 2.00575985619151E+03	-3.35825264428290E-02
 2.00576259409154E+03	-1.86214040327502E-01
 2.00576533199157E+03	-2.97053428789512E-01
 2.00576806989160E+03	-3.40318726800165E-01
 2.00577080779163E+03	-3.04576240794165E-01
 2.00577354569166E+03	-1.73378222777529E-01
 2.00577628359169E+03	 5.89772662002378E-02
 2.00577902149172E+03	 3.45762165619191E-01
 2.00578175939175E+03	 5.79911291431963E-01
 2.00578449729178E+03	 6.51491771569182E-01
 2.00578723519182E+03	 5.25285097898835E-01
 2.00578997309185E+03	 2.63238125834499E-01
 2.00579271099188E+03	-2.77463873475627E-02
 2.00579544889191E+03	-2.66712191965247E-01
 2.00579818679194E+03	-4.23959696417492E-01
 2.00580092469197E+03	-4.96867916275151E-01
 2.00580366259200E+03	-4.82623810818254E-01
 2.00580640049203E+03	-3.80283682773101E-01
 2.00580913839206E+03	-2.08942071974662E-01
 2.00581187629209E+03	-1.28418617453988E-02
 2.00581461419212E+03	 1.54703575842593E-01
 2.00581735209215E+03	 2.55965459317338E-01
 2.00582008999218E+03	 2.86172791405600E-01
 2.00582282789222E+03	 2.70758894684954E-01
 2.00582556579225E+03	 2.39230842729499E-01
 2.00582830369228E+03	 1.95773923250613E-01
 2.00583104159231E+03	 1.19576420283761E-01
 2.00583377949234E+03	-1.38507283644409E-03
 2.00583651739237E+03	-1.43650676557397E-01
 2.00583925529240E+03	-2.63207541248063E-01
 2.00584199319243E+03	-3.29774977914310E-01
 2.00584473109246E+03	-3.32258140310616E-01
 2.00584746899249E+03	-2.55335153032980E-01
 2.00585020689252E+03	-7.82110821727307E-02
 2.00585294479255E+03	 1.82943551256436E-01
 2.00585568269258E+03	 4.41399611704453E-01
 2.00585842059261E+03	 5.76012517027073E-01
 2.00586115849265E+03	 5.17665763754099E-01
 2.00586389639268E+03	 3.00184866247628E-01
 2.00586663429271E+03	 2.53855236710937E-02
 2.00586937219274E+03	-2.15171899059549E-01
 2.00587211009277E+03	-3.82518465164170E-01
 2.00587484799280E+03	-4.72456557958806E-01
 2.00587758589283E+03	-4.82095234733780E-01
 2.00588032379286E+03	-4.06494311692438E-01
 2.00588306169289E+03	-2.59137996290443E-01
 2.00588579959292E+03	-7.99708162383800E-02
 2.00588853749295E+03	 8.23921521723840E-02
 2.00589127539298E+03	 1.94596919925289E-01
 2.00589401329301E+03	 2.48459920772555E-01
 2.00589675119305E+03	 2.55822329150549E-01
 2.00589948909308E+03	 2.34921118709249E-01
 2.00590222699311E+03	 1.94156200770997E-01
 2.00590496489314E+03	 1.25713030977608E-01
 2.00590770279317E+03	 2.06376963709591E-02
 2.00591044069320E+03	-1.07832834101125E-01
 2.00591317859323E+03	-2.23961941475515E-01
 2.00591591649326E+03	-2.96347129846401E-01
 2.00591865439329E+03	-3.14637096192983E-01
 2.00592139229332E+03	-2.71833510773908E-01
 2.00592413019335E+03	-1.46139603907185E-01
 2.00592686809338E+03	 7.17414727119580E-02
 2.00592960599341E+03	 3.27797558512440E-01
 2.00593234389345E+03	 5.05956047465771E-01
 2.00593508179348E+03	 5.06214174382005E-01
 2.00593781969351E+03	 3.25922511249580E-01
 2.00594055759354E+03	 5.72380547792892E-02
 2.00594329549357E+03	-1.92232288548543E-01
 2.00594603339360E+03	-3.67552088624683E-01
 2.00594877129363E+03	-4.64105214992038E-01
 2.00595150919366E+03	-4.85070489973498E-01
 2.00595424709369E+03	-4.23607107113715E-01
 2.00595698499372E+03	-2.84844371521102E-01
 2.00595972289375E+03	-1.06416351482196E-01
 2.00596246079378E+03	 5.64260926778883E-02
 2.00596519869381E+03	 1.65840378640719E-01
 2.00596793659385E+03	 2.18663308016732E-01
 2.00597067449388E+03	 2.33388271488056E-01
 2.00597341239391E+03	 2.26331521443921E-01
 2.00597615029394E+03	 1.98735634427977E-01
 2.00597888819397E+03	 1.40242394304484E-01
 2.00598162609400E+03	 4.38285895091206E-02
 2.00598436399403E+03	-7.80126730053982E-02
 2.00598710189406E+03	-1.91962099877874E-01
 2.00598983979409E+03	-2.64301717919139E-01
 2.00599257769412E+03	-2.81922714146253E-01
 2.00599531559415E+03	-2.45133419433725E-01
 2.00599805349418E+03	-1.42989531278682E-01
 2.00600079139421E+03	 4.17217244752807E-02
 2.00600352929424E+03	 2.85151869256559E-01
 2.00600626719428E+03	 4.92512119802221E-01
 2.00600900509431E+03	 5.46587577683413E-01
 2.00601174299434E+03	 4.02560311429959E-01
 2.00601448089437E+03	 1.28487047228166E-01
 2.00601721879440E+03	-1.53817565084678E-01
 2.00601995669443E+03	-3.60115662968851E-01
 2.00602269459446E+03	-4.73836993257784E-01
 2.00602543249449E+03	-5.06260432611955E-01
 2.00602817039452E+03	-4.56533812009549E-01
 2.00603090829455E+03	-3.21173468266822E-01
 2.00603364619458E+03	-1.27638304897215E-01
 2.00603638409461E+03	 6.23446666073101E-02
 2.00603912199464E+03	 1.90775727865862E-01
 2.00604185989468E+03	 2.42068323377313E-01
 2.00604459779471E+03	 2.42778391415790E-01
 2.00604733569474E+03	 2.26877091888690E-01
 2.00605007359477E+03	 2.03861679196652E-01
 2.00605281149480E+03	 1.57554287269762E-01
 2.00605554939483E+03	 7.07878501360028E-02
 2.00605828729486E+03	-4.97098179026683E-02
 2.00606102519489E+03	-1.70284528745243E-01
 2.00606376309492E+03	-2.51371199457994E-01
 2.00606650099495E+03	-2.72189446253553E-01
 2.00606923889498E+03	-2.32538838987725E-01
 2.00607197679501E+03	-1.30918574899330E-01
 2.00607471469504E+03	 4.52340627677603E-02
 2.00607745259508E+03	 2.87970328144331E-01
 2.00608019049511E+03	 5.26569095233519E-01
 2.00608292839514E+03	 6.42212586388710E-01
 2.00608566629517E+03	 5.52170672724283E-01
 2.00608840419520E+03	 2.84110086691380E-01
 2.00609114209523E+03	-4.27247327039570E-02
 2.00609387999526E+03	-3.10670430218528E-01
 2.00609661789529E+03	-4.71924389473456E-01
 2.00609935579532E+03	-5.34291225756889E-01
 2.00610209369535E+03	-5.08200183504531E-01
 2.00610483159538E+03	-3.89703226768400E-01
 2.00610756949541E+03	-1.90801392810630E-01
 2.00611030739544E+03	 3.50245494060469E-02
 2.00611304529547E+03	 2.13304825832192E-01
 2.00611578319551E+03	 2.97919384584016E-01
 2.00611852109554E+03	 2.99022849048491E-01
 2.00612125899557E+03	 2.62537982830618E-01
 2.00612399689560E+03	 2.23314591115667E-01
 2.00612673479563E+03	 1.78141149507128E-01
 2.00612947269566E+03	 1.01822394351904E-01
 2.00613221059569E+03	-1.48614695917782E-02
 2.00613494849572E+03	-1.46052514596478E-01
 2.00613768639575E+03	-2.47808037681864E-01
 2.00614042429578E+03	-2.89374553725554E-01
 2.00614316219581E+03	-2.64033286932254E-01
 2.00614590009584E+03	-1.71450447752175E-01
 2.00614863799587E+03	-1.48823779831833E-03
 2.00615137589591E+03	 2.46809502159088E-01
 2.00615411379594E+03	 5.22521773541288E-01
 2.00615685169597E+03	 7.14099456466464E-01
 2.00615958959600E+03	 7.11316796289424E-01
 2.00616232749603E+03	 4.92966945251041E-01
 2.00616506539606E+03	 1.50512344065742E-01
 2.00616780329609E+03	-1.81120324099787E-01
 2.00617054119612E+03	-4.13984946535339E-01
 2.00617327909615E+03	-5.32094243379749E-01
 2.00617601699618E+03	-5.49107185868441E-01
 2.00617875489621E+03	-4.68805906891360E-01
 2.00618149279624E+03	-2.94420846415510E-01
 2.00618423069627E+03	-6.08593381486215E-02
 2.00618696859631E+03	 1.61563608338830E-01
 2.00618970649634E+03	 3.04279916246551E-01
 2.00619244439637E+03	 3.43966988605683E-01
 2.00619518229640E+03	 3.11094107207710E-01
 2.00619792019643E+03	 2.55269841565582E-01
 2.00620065809646E+03	 2.00049733631344E-01
 2.00620339599649E+03	 1.30869238225900E-01
 2.00620613389652E+03	 2.59206595701458E-02
 2.00620887179655E+03	-1.06763602506352E-01
 2.00621160969658E+03	-2.28062862381651E-01
 2.00621434759661E+03	-2.99775671707038E-01
 2.00621708549664E+03	-3.07814525509949E-01
 2.00621982339667E+03	-2.50361614758021E-01
 2.00622256129670E+03	-1.15022222165563E-01
 2.00622529919674E+03	 1.12127290674256E-01
 2.00622803709677E+03	 4.03199890878922E-01
 2.00623077499680E+03	 6.62188911800021E-01
 2.00623351289683E+03	 7.64628451587885E-01
 2.00623625079686E+03	 6.44185579181063E-01
 2.00623898869689E+03	 3.46598574809807E-01
 2.00624172659692E+03	-4.39322092285906E-03
 2.00624446449695E+03	-2.94604938211017E-01
 2.00624720239698E+03	-4.74796809350116E-01
 2.00624994029701E+03	-5.45571686849969E-01
 2.00625267819704E+03	-5.14877925971375E-01
 2.00625541609707E+03	-3.86378364085913E-01
 2.00625815399710E+03	-1.81596122978010E-01
 2.00626089189714E+03	 4.52907529190320E-02
 2.00626362979717E+03	 2.26025495035092E-01
 2.00626636769720E+03	 3.15651999996796E-01
 2.00626910559723E+03	 3.16189794935983E-01
 2.00627184349726E+03	 2.66433557030622E-01
 2.00627458139729E+03	 2.05086193910892E-01
 2.00627731929732E+03	 1.39619977558498E-01
 2.00628005719735E+03	 5.19700260790240E-02
 2.00628279509738E+03	-6.57709929807570E-02
 2.00628553299741E+03	-1.89083532139288E-01
 2.00628827089744E+03	-2.79501255856795E-01
 2.00629100879747E+03	-3.16885010013769E-01
 2.00629374669750E+03	-3.00422738946522E-01
 2.00629648459754E+03	-2.20642190739772E-01
 2.00629922249757E+03	-5.21759106098129E-02
 2.00630196039760E+03	 2.06349303039409E-01
 2.00630469829763E+03	 4.87393999791809E-01
 2.00630743619766E+03	 6.69088183245780E-01
 2.00631017409769E+03	 6.53996698850786E-01
 2.00631291199772E+03	 4.42033809594212E-01
 2.00631564989775E+03	 1.27362948350588E-01
 2.00631838779778E+03	-1.73556543366779E-01
 2.00632112569781E+03	-3.89378245627765E-01
 2.00632386359784E+03	-5.01959904296228E-01
 2.00632660149787E+03	-5.13619695556884E-01
 2.00632933939790E+03	-4.27715728534729E-01
 2.00633207729794E+03	-2.60735145004433E-01
 2.00633481519797E+03	-5.63591329318833E-02
 2.00633755309800E+03	 1.25954916532106E-01
 2.00634029099803E+03	 2.39687767180655E-01
 2.00634302889806E+03	 2.72033389853699E-01
 2.00634576679809E+03	 2.43250654586195E-01
 2.00634850469812E+03	 1.86735476747867E-01
 2.00635124259815E+03	 1.22721093249915E-01
 2.00635398049818E+03	 4.73317546893766E-02
 2.00635671839821E+03	-4.98092213957788E-02
 2.00635945629824E+03	-1.58476908626966E-01
 2.00636219419827E+03	-2.47282839158187E-01
 2.00636493209830E+03	-2.92245673456941E-01
 2.00636766999833E+03	-2.93045196372239E-01
 2.00637040789837E+03	-2.50858018556503E-01
 2.00637314579840E+03	-1.43123253493819E-01
 2.00637588369843E+03	 5.39345029602089E-02
 2.00637862159846E+03	 3.09062078891003E-01
 2.00638135949849E+03	 5.19514794970510E-01
 2.00638409739852E+03	 5.72976790977552E-01
 2.00638683529855E+03	 4.34102554968611E-01
 2.00638957319858E+03	 1.68718257136119E-01
 2.00639231109861E+03	-1.13546938254500E-01
 2.00639504899864E+03	-3.32965523819469E-01
 2.00639778689867E+03	-4.61657889494963E-01
 2.00640052479870E+03	-4.96406256396922E-01
 2.00640326269873E+03	-4.35742973291890E-01
 2.00640600059877E+03	-2.90034466341280E-01
 2.00640873849880E+03	-9.89054910457840E-02
 2.00641147639883E+03	 7.85438918900532E-02
 2.00641421429886E+03	 1.95506625129520E-01
 2.00641695219889E+03	 2.38693928581193E-01
 2.00641969009892E+03	 2.23417205475871E-01
 2.00642242799895E+03	 1.74746741527234E-01
 2.00642516589898E+03	 1.10848659259506E-01
 2.00642790379901E+03	 3.57573434604043E-02
 2.00643064169904E+03	-5.39600325687495E-02
 2.00643337959907E+03	-1.51819103832132E-01
 2.00643611749910E+03	-2.33329364067830E-01
 2.00643885539913E+03	-2.73073289877117E-01
 2.00644159329917E+03	-2.67295249724748E-01
 2.00644433119920E+03	-2.26225043332814E-01
 2.00644706909923E+03	-1.42649820491296E-01
 2.00644980699926E+03	 1.04862778140391E-02
 2.00645254489929E+03	 2.30991309127746E-01
 2.00645528279932E+03	 4.43821089794386E-01
 2.00645802069935E+03	 5.33355910054239E-01
 2.00646075859938E+03	 4.34749773558335E-01
 2.00646349649941E+03	 1.89472062578239E-01
 2.00646623439944E+03	-9.29877434823805E-02
 2.00646897229947E+03	-3.19607126021120E-01
 2.00647171019950E+03	-4.55737868288171E-01
 2.00647444809953E+03	-5.01014388618224E-01
 2.00647718599956E+03	-4.53993261932199E-01
 2.00647992389960E+03	-3.15856732819856E-01
 2.00648266179963E+03	-1.17767128401418E-01
 2.00648539969966E+03	 7.71342501521351E-02
 2.00648813759969E+03	 2.09451896612301E-01
 2.00649087549972E+03	 2.59252795446347E-01
 2.00649361339975E+03	 2.45895075348314E-01
 2.00649635129978E+03	 1.99437908715332E-01
 2.00649908919981E+03	 1.36491312389674E-01
 2.00650182709984E+03	 5.79531449015914E-02
 2.00650456499987E+03	-3.82974656211857E-02
 2.00650730289990E+03	-1.43222414882932E-01
 2.00651004079993E+03	-2.32006951073423E-01
 2.00651277869996E+03	-2.76485927375868E-01
 2.00651551660000E+03	-2.66329030157213E-01
 2.00651825450003E+03	-2.12378549722126E-01
 2.00652099240006E+03	-1.21380654665141E-01
 2.00652373030009E+03	 2.31494248521465E-02
 2.00652646820012E+03	 2.32321056007313E-01
 2.00652920610015E+03	 4.57809419687004E-01
 2.00653194400018E+03	 5.89110606130436E-01
 2.00653468190021E+03	 5.31778522246463E-01
 2.00653741980024E+03	 2.92818302925875E-01
 2.00654015770027E+03	-2.15098526681047E-02
 2.00654289560030E+03	-2.91931335051460E-01
 2.00654563350033E+03	-4.60581610996925E-01
 2.00654837140036E+03	-5.26648853479440E-01
 2.00655110930040E+03	-4.97868884330801E-01
 2.00655384720043E+03	-3.72562073426396E-01
 2.00655658510046E+03	-1.67715879016216E-01
 2.00655932300049E+03	 5.84393961651462E-02
 2.00656206090052E+03	 2.30782018846164E-01
 2.00656479880055E+03	 3.06952695547718E-01
 2.00656753670058E+03	 2.99226406661769E-01
 2.00657027460061E+03	 2.49076111012334E-01
 2.00657301250064E+03	 1.85884111240764E-01
 2.00657575040067E+03	 1.10772524457976E-01
 2.00657848830070E+03	 1.32952937883891E-02
 2.00658122620073E+03	-1.03074503949801E-01
 2.00658396410076E+03	-2.12171161259307E-01
 2.00658670200079E+03	-2.79375493277861E-01
 2.00658943990083E+03	-2.85210636066150E-01
 2.00659217780086E+03	-2.34626081021845E-01
 2.00659491570089E+03	-1.39194310900279E-01
 2.00659765360092E+03	 7.26748411689281E-03
 2.00660039150095E+03	 2.18983521658619E-01
 2.00660312940098E+03	 4.69493397233593E-01
 2.00660586730101E+03	 6.62460119186730E-01
 2.00660860520104E+03	 6.80608481052741E-01
 2.00661134310107E+03	 4.82800916435689E-01
 2.00661408100110E+03	 1.47822503991291E-01
 2.00661681890113E+03	-1.86386585217358E-01
 2.00661955680116E+03	-4.21768720347508E-01
 2.00662229470119E+03	-5.36309479515043E-01
 2.00662503260123E+03	-5.43351642093933E-01
 2.00662777050126E+03	-4.48268745648663E-01
 2.00663050840129E+03	-2.57852840167528E-01
 2.00663324630132E+03	-1.48213671797585E-02
 2.00663598420135E+03	 2.02454221562691E-01
 2.00663872210138E+03	 3.25861571037241E-01
 2.00664146000141E+03	 3.42112953841275E-01
 2.00664419790144E+03	 2.90601042057843E-01
 2.00664693580147E+03	 2.19874011897746E-01
 2.00664967370150E+03	 1.47979449418919E-01
 2.00665241160153E+03	 6.23307830355045E-02
 2.00665514950156E+03	-4.84769166086294E-02
 2.00665788740159E+03	-1.68526728613867E-01
 2.00666062530163E+03	-2.60651172668000E-01
 2.00666336320166E+03	-2.95083014239129E-01
 2.00666610110169E+03	-2.68120505047321E-01
 2.00666883900172E+03	-1.90402508731573E-01
 2.00667157690175E+03	-6.02013194406862E-02
 2.00667431480178E+03	 1.39226672619182E-01
 2.00667705270181E+03	 4.00611309710581E-01
 2.00667979060184E+03	 6.50106897717617E-01
 2.00668252850187E+03	 7.64722736672466E-01
 2.00668526640190E+03	 6.58217081773672E-01
 2.00668800430193E+03	 3.58032201559796E-01
 2.00669074220196E+03	-1.00173482399261E-02
 2.00669348010199E+03	-3.15525955490129E-01
 2.00669621800203E+03	-4.97886227104686E-01
 2.00669895590206E+03	-5.58276341664837E-01
 2.00670169380209E+03	-5.09003665825013E-01
 2.00670443170212E+03	-3.55840386114025E-01
 2.00670716960215E+03	-1.25309188461840E-01
 2.00670990750218E+03	 1.15937163921779E-01
 2.00671264540221E+03	 2.87771459530381E-01
 2.00671538330224E+03	 3.46744784618371E-01
 2.00671812120227E+03	 3.09735412944635E-01
 2.00672085910230E+03	 2.29716685359946E-01
 2.00672359700233E+03	 1.48462009119115E-01
 2.00672633490236E+03	 7.01926266886565E-02
 2.00672907280239E+03	-2.25122933209250E-02
 2.00673181070242E+03	-1.32349302221605E-01
 2.00673454860246E+03	-2.32446664003542E-01
 2.00673728650249E+03	-2.88305007345718E-01
 2.00674002440252E+03	-2.87348853436605E-01
 2.00674276230255E+03	-2.38500754521249E-01
 2.00674550020258E+03	-1.43664546575780E-01
 2.00674823810261E+03	 1.71672610386967E-02
 2.00675097600264E+03	 2.56270641397078E-01
 2.00675371390267E+03	 5.28234018630078E-01
 2.00675645180270E+03	 7.21905130079565E-01
 2.00675918970273E+03	 7.24705300245847E-01
 2.00676192760276E+03	 5.10763922144910E-01
 2.00676466550279E+03	 1.66634024111353E-01
 2.00676740340282E+03	-1.73161763489162E-01
 2.00677014130286E+03	-4.14310482221904E-01
 2.00677287920289E+03	-5.31434556070097E-01
 2.00677561710292E+03	-5.32930633558890E-01
 2.00677835500295E+03	-4.27078011637827E-01
 2.00678109290298E+03	-2.31150376490442E-01
 2.00678383080301E+03	 4.60562381126931E-03
 2.00678656870304E+03	 2.04682563091083E-01
 2.00678930660307E+03	 3.08807942608230E-01
 2.00679204450310E+03	 3.06225626254606E-01
 2.00679478240313E+03	 2.33442842245047E-01
 2.00679752030316E+03	 1.40177999292794E-01
 2.00680025820319E+03	 5.32423258530112E-02
 2.00680299610322E+03	-3.16650378832400E-02
 2.00680573400326E+03	-1.25470293030703E-01
 2.00680847190329E+03	-2.17688296572004E-01
 2.00681120980332E+03	-2.79186935191638E-01
 2.00681394770335E+03	-2.91633394149031E-01
 2.00681668560338E+03	-2.62229203285009E-01
 2.00681942350341E+03	-2.00596410947206E-01
 2.00682216140344E+03	-8.99915265680738E-02
 2.00682489930347E+03	 9.84512268506326E-02
 2.00682763720350E+03	 3.51772846779788E-01
 2.00683037510353E+03	 5.83440521752111E-01
 2.00683311300356E+03	 6.74045043331053E-01
 2.00683585090359E+03	 5.58569581144677E-01
 2.00683858880362E+03	 2.78736923250990E-01
 2.00684132670365E+03	-4.96946516139887E-02
 2.00684406460369E+03	-3.18445562802486E-01
 2.00684680250372E+03	-4.77382014788975E-01
 2.00684954040375E+03	-5.21849607140583E-01
 2.00685227830378E+03	-4.58515900485197E-01
 2.00685501620381E+03	-3.00537205340457E-01
 2.00685775410383E+03	-8.67529536800428E-02
 2.00686049200387E+03	 1.16982550024057E-01
 2.00686322990390E+03	 2.48393641252681E-01
 2.00686596780393E+03	 2.82055523779551E-01
 2.00686870570396E+03	 2.35321835099324E-01
 2.00687144360399E+03	 1.47427695602165E-01
 2.00687418150402E+03	 5.16922244372641E-02
 2.00687691940405E+03	-4.00661070104165E-02
 2.00687965730409E+03	-1.30804875769628E-01
 2.00688239520412E+03	-2.16703920888265E-01
 2.00688513310415E+03	-2.76962992146284E-01
 2.00688787100418E+03	-2.91537768268582E-01
 2.00689060890421E+03	-2.64245794297755E-01
 2.00689334680424E+03	-2.13673083108856E-01
 2.00689608470427E+03	-1.37606544025926E-01
 2.00689882260430E+03	-3.91242876335642E-03
 2.00690156050433E+03	 2.03818423871308E-01
 2.00690429840436E+03	 4.32895929605733E-01
 2.00690703630439E+03	 5.72439133649196E-01
 2.00690977420442E+03	 5.33042825642560E-01
 2.00691251210445E+03	 3.19092073810685E-01
 2.00691525000449E+03	 2.28353211036552E-02
 2.00691798790452E+03	-2.46844504279734E-01
 2.00692072580455E+03	-4.25743638951208E-01
 2.00692346370458E+03	-4.97447765262823E-01
 2.00692620160461E+03	-4.63338219182591E-01
 2.00692893950464E+03	-3.31693052264083E-01
 2.00693167740467E+03	-1.34283122617685E-01
 2.00693441530470E+03	 6.73603899303201E-02
 2.00693715320473E+03	 2.09353117151568E-01
 2.00693989110476E+03	 2.61616265002423E-01
 2.00694262900479E+03	 2.35959314252040E-01
 2.00694536690482E+03	 1.64298638788871E-01
 2.00694810480485E+03	 7.38147997752210E-02
 2.00695084270488E+03	-2.23854305197738E-02
 2.00695358060492E+03	-1.19994927224675E-01
 2.00695631850495E+03	-2.11259891419764E-01
 2.00695905640498E+03	-2.76785809220187E-01
 2.00696179430501E+03	-2.94562981235074E-01
 2.00696453220504E+03	-2.61824009359996E-01
 2.00696727010507E+03	-1.99845598037844E-01
 2.00697000800510E+03	-1.24851970929344E-01
 2.00697274590513E+03	-1.94304313134302E-02
 2.00697548380516E+03	 1.45773719923310E-01
 2.00697822170519E+03	 3.51943457121159E-01
 2.00698095960522E+03	 5.09164247472893E-01
 2.00698369750525E+03	 5.15304815096737E-01
 2.00698643540528E+03	 3.43459192822046E-01
 2.00698917330532E+03	 6.57174179926315E-02
 2.00699191120535E+03	-2.07068920026561E-01
 2.00699464910538E+03	-3.99182946442600E-01
 2.00699738700541E+03	-4.87662911213308E-01
 2.00700012490544E+03	-4.72085722907508E-01
 2.00700286280547E+03	-3.55204828604634E-01
 2.00700560070550E+03	-1.59436894214549E-01
 2.00700833860553E+03	 5.62741338360039E-02
 2.00701107650556E+03	 2.18160088440686E-01
 2.00701381440559E+03	 2.83525643751859E-01
 2.00701655230562E+03	 2.62078894409789E-01
 2.00701929020565E+03	 1.92947608790367E-01
 2.00702202810568E+03	 1.07374648814395E-01
 2.00702476600572E+03	 1.43816795772713E-02
 2.00702750390575E+03	-8.68212684934719E-02
 2.00703024180578E+03	-1.88844167713836E-01
 2.00703297970581E+03	-2.69609705822581E-01
 2.00703571760584E+03	-3.01829015018546E-01
 2.00703845550587E+03	-2.73110533540579E-01
 2.00704119340590E+03	-1.98060664090791E-01
 2.00704393130593E+03	-1.02078087614484E-01
 2.00704666920596E+03	 1.15110524391877E-02
 2.00704940710599E+03	 1.64975062941177E-01
 2.00705214500602E+03	 3.59632019697604E-01
 2.00705488290605E+03	 5.30514800446103E-01
 2.00705762080608E+03	 5.72548849378781E-01
 2.00706035870612E+03	 4.28635500088929E-01
 2.00706309660615E+03	 1.46976804297003E-01
 2.00706583450618E+03	-1.56092854994975E-01
 2.00706857240621E+03	-3.83000584414268E-01
 2.00707131030624E+03	-4.98658275459950E-01
 2.00707404820627E+03	-5.05114163232738E-01
 2.00707678610630E+03	-4.05653452076683E-01
 2.00707952400633E+03	-2.11425395364708E-01
 2.00708226190636E+03	 2.93025009361579E-02
 2.00708499980639E+03	 2.34773346560230E-01
 2.00708773770642E+03	 3.37589877194483E-01
 2.00709047560645E+03	 3.28657542178365E-01
 2.00709321350648E+03	 2.51084778630160E-01
 2.00709595140651E+03	 1.54370543294281E-01
 2.00709868930655E+03	 5.84958256233518E-02
 2.00710142720658E+03	-4.20710083119238E-02
 2.00710416510661E+03	-1.50310977941004E-01
 2.00710690300664E+03	-2.48463381414126E-01
 2.00710964090667E+03	-3.05131953291174E-01
 2.00711237880670E+03	-2.97910351391740E-01
 2.00711511670673E+03	-2.30175008588091E-01
 2.00711785460676E+03	-1.24204062699165E-01
 2.00712059250679E+03	 6.24174079494106E-03
 2.00712333040682E+03	 1.71522548112483E-01
 2.00712606830685E+03	 3.78805900781904E-01
 2.00712880620688E+03	 5.82826215935522E-01
 2.00713154410691E+03	 6.81890758360552E-01
 2.00713428200695E+03	 5.89109199290384E-01
 2.00713701990698E+03	 3.14944897414971E-01
 2.00713975780701E+03	-3.09030811818008E-02
 2.00714249570704E+03	-3.22574213013606E-01
 2.00714523360707E+03	-4.95069832642611E-01
 2.00714797150710E+03	-5.44209089165597E-01
 2.00715070940713E+03	-4.79965691543396E-01
 2.00715344730716E+03	-3.08871942270814E-01
 2.00715618520719E+03	-6.18305814310527E-02
 2.00715892310722E+03	 1.86647698284879E-01
 2.00716166100725E+03	 3.49991532179117E-01
 2.00716439890728E+03	 3.86057519598562E-01
 2.00716713680731E+03	 3.19811741628469E-01
 2.00716987470735E+03	 2.10942585476208E-01
 2.00717261260738E+03	 1.02530750760806E-01
 2.00717535050741E+03	 2.19292857961935E-04
 2.00717808840744E+03	-1.06666817933383E-01
 2.00718082630747E+03	-2.13326689464262E-01
 2.00718356420750E+03	-2.92315187474436E-01
 2.00718630210753E+03	-3.14820795613882E-01
 2.00718904000756E+03	-2.74448688303759E-01
 2.00719177790759E+03	-1.87178847988360E-01
 2.00719451580762E+03	-6.71165211064059E-02
 2.00719725370765E+03	 9.34628812820999E-02
 2.00719999160768E+03	 3.08165747739977E-01
 2.00720272950771E+03	 5.49999677464062E-01
 2.00720546740774E+03	 7.27282211747397E-01
 2.00720820530778E+03	 7.29791434595165E-01
 2.00721094320781E+03	 5.18458844737799E-01
 2.00721368110784E+03	 1.68919870834424E-01
 2.00721641900787E+03	-1.81697420403752E-01
 2.00721915690790E+03	-4.29374678662949E-01
 2.00722189480793E+03	-5.43635945806124E-01
 2.00722463270796E+03	-5.34216273407047E-01
 2.00722737060799E+03	-4.11357935937095E-01
 2.00723010850802E+03	-1.93626816402849E-01
 2.00723284640805E+03	 6.30917066237860E-02
 2.00723558430808E+03	 2.72615505300313E-01
 2.00723832220811E+03	 3.67637926472704E-01
 2.00724106010814E+03	 3.41721971226993E-01
 2.00724379800818E+03	 2.42606028247371E-01
 2.00724653590821E+03	 1.26951801806472E-01
 2.00724927380824E+03	 2.11548739996421E-02
 2.00725201170827E+03	-7.93798292090932E-02
 2.00725474960830E+03	-1.80657569205415E-01
 2.00725748750833E+03	-2.66926369780765E-01
 2.00726022540836E+03	-3.09627623819140E-01
 2.00726296330839E+03	-2.95407977413890E-01
 2.00726570120842E+03	-2.37027287359031E-01
 2.00726843910845E+03	-1.51470519004955E-01
 2.00727117700848E+03	-3.14325133855017E-02
 2.00727391490851E+03	 1.49253308873912E-01
 2.00727665280854E+03	 3.89980381239600E-01
 2.00727939070858E+03	 6.22615648896113E-01
 2.00728212860861E+03	 7.31230248540957E-01
 2.00728486650864E+03	 6.32885334790390E-01
 2.00728760440867E+03	 3.48984195592318E-01
 2.00729034230870E+03	-5.46373602527331E-03
 2.00729308020873E+03	-3.04699928901638E-01
 2.00729581810876E+03	-4.82674335177660E-01
 2.00729855600879E+03	-5.32343771149657E-01
 2.00730129390882E+03	-4.65013576457867E-01
 2.00730403180885E+03	-2.95842407144493E-01
 2.00730676970888E+03	-6.50420514174702E-02
 2.00730950760891E+03	 1.53611712805973E-01
 2.00731224550894E+03	 2.85903754267382E-01
 2.00731498340897E+03	 3.02163586392342E-01
 2.00731772130901E+03	 2.28706754797840E-01
 2.00732045920904E+03	 1.18353819064696E-01
 2.00732319710907E+03	 1.06584606040504E-02
 2.00732593500910E+03	-8.49697455921561E-02
 2.00732867290913E+03	-1.74541429710805E-01
 2.00733141080916E+03	-2.53264129542898E-01
 2.00733414870919E+03	-2.98829637992946E-01
 2.00733688660922E+03	-2.93332010954241E-01
 2.00733962450925E+03	-2.45785266513894E-01
 2.00734236240928E+03	-1.81331556475089E-01
 2.00734510030931E+03	-1.04801228624667E-01
 2.00734783820934E+03	 1.37054620362718E-02
 2.00735057610937E+03	 2.01737652380957E-01
 2.00735331400941E+03	 4.28648826832269E-01
 2.00735605190944E+03	 5.96440820207581E-01
 2.00735878980947E+03	 6.01575502027718E-01
 2.00736152770950E+03	 4.16704616961518E-01
 2.00736426560953E+03	 1.14756772985875E-01
 2.00736700350956E+03	-1.85926493477152E-01
 2.00736974140959E+03	-3.97439272367083E-01
 2.00737247930962E+03	-4.89500445573448E-01
 2.00737521720965E+03	-4.64715434088939E-01
 2.00737795510968E+03	-3.35550422936261E-01
 2.00738069300971E+03	-1.33789569502226E-01
 2.00738343090974E+03	 7.69367475394266E-02
 2.00738616880977E+03	 2.22865938999585E-01
 2.00738890670981E+03	 2.63077407368378E-01
 2.00739164460984E+03	 2.09365151578719E-01
 2.00739438250987E+03	 1.06170675022682E-01
 2.00739712040990E+03	-4.76048414678807E-03
 2.00739985830993E+03	-1.04368152702586E-01
 2.00740259620996E+03	-1.91624492078336E-01
 2.00740533410999E+03	-2.64550185917151E-01
 2.00740807201002E+03	-3.07274557055438E-01
 2.00741080991005E+03	-3.00074151202242E-01
 2.00741354781008E+03	-2.44245786741606E-01
 2.00741628571011E+03	-1.68076878157818E-01
 2.00741902361014E+03	-9.61718787834867E-02
 2.00742176151017E+03	-1.53269370334902E-02
 2.00742449941021E+03	 1.12497751074505E-01
 2.00742723731024E+03	 2.92523135033545E-01
 2.00742997521027E+03	 4.59646964490043E-01
 2.00743271311030E+03	 5.13484832657066E-01
 2.00743545101033E+03	 3.99003044364392E-01
 2.00743818891036E+03	 1.53388376805986E-01
 2.00744092681039E+03	-1.23989341760146E-01
 2.00744366471042E+03	-3.41159051218676E-01
 2.00744640261045E+03	-4.53645619962864E-01
 2.00744914051048E+03	-4.53468824859818E-01
 2.00745187841051E+03	-3.46598092879307E-01
 2.00745461631054E+03	-1.56973339464536E-01
 2.00745735421057E+03	 5.81874544837025E-02
 2.00746009211060E+03	 2.22127706402420E-01
 2.00746283001064E+03	 2.82401907401965E-01
 2.00746556791067E+03	 2.40800643290403E-01
 2.00746830581070E+03	 1.39146855478540E-01
 2.00747104371073E+03	 2.11975896569024E-02
 2.00747378161076E+03	-9.04991744041366E-02
 2.00747651951079E+03	-1.90559066406131E-01
 2.00747925741082E+03	-2.74426483248605E-01
 2.00748199531085E+03	-3.27228752625044E-01
 2.00748473321088E+03	-3.27953942595947E-01
 2.00748747111091E+03	-2.68827751075208E-01
 2.00749020901094E+03	-1.70825846637687E-01
 2.00749294691097E+03	-6.93826513148340E-02
 2.00749568481100E+03	 2.32467242331364E-02
 2.00749842271104E+03	 1.31850750372303E-01
 2.00750116061107E+03	 2.78417999006636E-01
 2.00750389851110E+03	 4.28671286271491E-01
 2.00750663641113E+03	 4.95765292390984E-01
 2.00750937431116E+03	 4.10542338481449E-01
 2.00751211221119E+03	 1.86580143636977E-01
 2.00751485011122E+03	-8.80521449008960E-02
 2.00751758801125E+03	-3.17085671595697E-01
 2.00752032591128E+03	-4.47588658433554E-01
 2.00752306381131E+03	-4.67023503498677E-01
 2.00752580171134E+03	-3.77058054227368E-01
 2.00752853961137E+03	-1.91997563370782E-01
 2.00753127751140E+03	 4.05203028712054E-02
 2.00753401541144E+03	 2.40728712378947E-01
 2.00753675331147E+03	 3.38692083904221E-01
 2.00753949121150E+03	 3.19013250105400E-01
 2.00754222911153E+03	 2.20763509743566E-01
 2.00754496701156E+03	 9.60258802692780E-02
 2.00754770491159E+03	-2.63611231136722E-02
 2.00755044281162E+03	-1.41265265682157E-01
 2.00755318071165E+03	-2.45553356799529E-01
 2.00755591861168E+03	-3.23347140611959E-01
 2.00755865651171E+03	-3.50104376050195E-01
 2.00756139441174E+03	-3.09778390042485E-01
 2.00756413231177E+03	-2.11389094530212E-01
 2.00756687021180E+03	-8.67480968990481E-02
 2.00756960811183E+03	 3.71890851540051E-02
 2.00757234601187E+03	 1.64371748371687E-01
 2.00757508391190E+03	 3.14341610905643E-01
 2.00757782181193E+03	 4.71700199547445E-01
 2.00758055971196E+03	 5.63393433124671E-01
 2.00758329761199E+03	 5.07810531922773E-01
 2.00758603551202E+03	 2.92644600862255E-01
 2.00758877341205E+03	-4.33783548703190E-03
 2.00759151131208E+03	-2.73601998108923E-01
 2.00759424921211E+03	-4.44001338529643E-01
 2.00759698711214E+03	-4.96841027206940E-01
 2.00759972501217E+03	-4.34950310532013E-01
 2.00760246291220E+03	-2.66612471650945E-01
 2.00760520081223E+03	-2.56700111210499E-02
 2.00760793871227E+03	 2.13232405948831E-01
 2.00761067661230E+03	 3.64386136174571E-01
 2.00761341451233E+03	 3.85985215317386E-01
 2.00761615241236E+03	 3.03221138473503E-01
 2.00761889031239E+03	 1.75952128480814E-01
 2.00762162821242E+03	 4.80553951804118E-02
 2.00762436611245E+03	-7.09331779813737E-02
 2.00762710401248E+03	-1.84634936861246E-01
 2.00762984191251E+03	-2.83206972417570E-01
 2.00763257981254E+03	-3.40565052104474E-01
 2.00763531771257E+03	-3.33107902142621E-01
 2.00763805561260E+03	-2.59190325039642E-01
 2.00764079351263E+03	-1.41495700813502E-01
 2.00764353141267E+03	-7.59003131626642E-03
 2.00764626931270E+03	 1.35435671736068E-01
 2.00764900721273E+03	 3.00529723047208E-01
 2.00765174511276E+03	 4.82560124563214E-01
 2.00765448301279E+03	 6.22139232254683E-01
 2.00765722091282E+03	 6.28038976425109E-01
 2.00765995881285E+03	 4.53696391838439E-01
 2.00766269671288E+03	 1.49814455830834E-01
 2.00766543461291E+03	-1.67750646049071E-01
 2.00766817251294E+03	-3.99518615845578E-01
 2.00767091041297E+03	-5.06867910850751E-01
 2.00767364831300E+03	-4.90986976032174E-01
 2.00767638621303E+03	-3.60045297305532E-01
 2.00767912411306E+03	-1.35609053451149E-01
 2.00768186201310E+03	 1.21758592891681E-01
 2.00768459991313E+03	 3.21744976659616E-01
 2.00768733781316E+03	 3.96428942376143E-01
 2.00769007571319E+03	 3.44501575298214E-01
 2.00769281361322E+03	 2.21382383346993E-01
 2.00769555151325E+03	 8.76325281014149E-02
 2.00769828941328E+03	-3.11144830943648E-02
 2.00770102731331E+03	-1.39294780787827E-01
 2.00770376521334E+03	-2.39163685694401E-01
 2.00770650311337E+03	-3.12100018365093E-01
 2.00770924101340E+03	-3.31118101584282E-01
 2.00771197891343E+03	-2.86058674561773E-01
 2.00771471681346E+03	-1.92738451851754E-01
 2.00771745471350E+03	-7.63547558633732E-02
 2.00772019261353E+03	 5.43375075905325E-02
 2.00772293051356E+03	 2.12767381763952E-01
 2.00772566841359E+03	 4.05008752309620E-01
 2.00772840631362E+03	 5.88957924579206E-01
 2.00773114421365E+03	 6.73952816147847E-01
 2.00773388211368E+03	 5.82100766527567E-01
 2.00773662001371E+03	 3.20375515528703E-01
 2.00773935791374E+03	-1.34431000915010E-02
 2.00774209581377E+03	-3.00368700647762E-01
 2.00774483371380E+03	-4.71134343035934E-01
 2.00774757161383E+03	-5.13131834034045E-01
 2.00775030951386E+03	-4.34392418949535E-01
 2.00775304741390E+03	-2.49638389964371E-01
 2.00775578531393E+03	-2.50174211485288E-03
 2.00775852321396E+03	 2.24916219990024E-01
 2.00776126111399E+03	 3.49376749250602E-01
 2.00776399901402E+03	 3.40063096839351E-01
 2.00776673691405E+03	 2.33089952186000E-01
 2.00776947481408E+03	 9.41056765427654E-02
 2.00777221271411E+03	-3.14952906700191E-02
 2.00777495061414E+03	-1.35767598384308E-01
 2.00777768851417E+03	-2.26371548222515E-01
 2.00778042641420E+03	-2.97459798264719E-01
 2.00778316431423E+03	-3.26571173153946E-01
 2.00778590221426E+03	-2.98022385003254E-01
 2.00778864011430E+03	-2.22527686178413E-01
 2.00779137801433E+03	-1.27348078117647E-01
 2.00779411591436E+03	-2.58136773171433E-02
 2.00779685381439E+03	 9.83239492761084E-02
 2.00779959171442E+03	 2.67316307353135E-01
 2.00780232961445E+03	 4.63467764546621E-01
 2.00780506751448E+03	 6.10018397429269E-01
 2.00780780541451E+03	 6.12552016854506E-01
 2.00781054331454E+03	 4.34366625907025E-01
 2.00781328121457E+03	 1.34419477943823E-01
 2.00781601911460E+03	-1.72595200936601E-01
 2.00781875701463E+03	-3.92693225079054E-01
 2.00782149491466E+03	-4.89733861186946E-01
 2.00782423281469E+03	-4.64652625756286E-01
 2.00782697071473E+03	-3.28734886531105E-01
 2.00782970861476E+03	-1.12214230454471E-01
 2.00783244651479E+03	 1.17601296593512E-01
 2.00783518441482E+03	 2.75463532159624E-01
 2.00783792231485E+03	 3.09146933568169E-01
 2.00784066021488E+03	 2.30509257946261E-01
 2.00784339811491E+03	 9.61929087113484E-02
 2.00784613601494E+03	-3.86626098771903E-02
 2.00784887391497E+03	-1.50027788008961E-01
 2.00785161181500E+03	-2.38998118694390E-01
 2.00785434971503E+03	-3.06166436304279E-01
 2.00785708761506E+03	-3.36880348245964E-01
 2.00785982551509E+03	-3.13754182438861E-01
 2.00786256341513E+03	-2.41272772732161E-01
 2.00786530131516E+03	-1.49411276420649E-01
 2.00786803921519E+03	-6.46488741823012E-02
 2.00787077711522E+03	 2.10932075586769E-02
 2.00787351501525E+03	 1.42121854315029E-01
 2.00787625291528E+03	 3.10602974577739E-01
 2.00787899081531E+03	 4.77146218204284E-01
 2.00788172871534E+03	 5.49178236814630E-01
 2.00788446661537E+03	 4.60002267339608E-01
 2.00788720451540E+03	 2.26297559887561E-01
 2.00788994241543E+03	-6.10196899802591E-02
 2.00789268031546E+03	-3.00811063689879E-01
 2.00789541821549E+03	-4.35493677694580E-01
 2.00789815611553E+03	-4.52318649134055E-01
 2.00790089401556E+03	-3.57854669236100E-01
 2.00790363191559E+03	-1.73907023762381E-01
 2.00790636981562E+03	 4.55729159473173E-02
 2.00790910771565E+03	 2.19999267436609E-01
 2.00791184561568E+03	 2.85414553938482E-01
 2.00791458351571E+03	 2.34754077763698E-01
 2.00791732141574E+03	 1.12703857335436E-01
 2.00792005931577E+03	-2.52960261850322E-02
 2.00792279721580E+03	-1.46853243951109E-01
 2.00792553511583E+03	-2.44789588135760E-01
 2.00792827301586E+03	-3.18026529724191E-01
 2.00793101091589E+03	-3.55313392398205E-01
 2.00793374881592E+03	-3.38614922068474E-01
 2.00793648671596E+03	-2.64309710519258E-01
 2.00793922461599E+03	-1.58462215928888E-01
 2.00794196251602E+03	-6.06614607516101E-02
 2.00794470041605E+03	 1.48009257766319E-02
 2.00794743831608E+03	 9.53639068215283E-02
 2.00795017621611E+03	 2.15137405880231E-01
 2.00795291411614E+03	 3.60113776881346E-01
 2.00795565201617E+03	 4.57204753448331E-01
 2.00795838991620E+03	 4.27829468326309E-01
 2.00796112781623E+03	 2.56008607214608E-01
 2.00796386571626E+03	 4.45727370943389E-03
 2.00796660361629E+03	-2.32105516705999E-01
 2.00796934151632E+03	-3.84612816270126E-01
 2.00797207941636E+03	-4.27017722342344E-01
 2.00797481731639E+03	-3.58616515332228E-01
 2.00797755521642E+03	-1.94358186601023E-01
 2.00798029311645E+03	 2.15874489647041E-02
 2.00798303101648E+03	 2.12527410849760E-01
 2.00798576891651E+03	 3.04661632280040E-01
 2.00798850681654E+03	 2.74847544734832E-01
 2.00799124471657E+03	 1.59610146678968E-01
 2.00799398261660E+03	 1.72170806695541E-02
 2.00799672051663E+03	-1.14064951119091E-01
 2.00799945841666E+03	-2.24026720284364E-01
 2.00800219631669E+03	-3.11171690142690E-01
 2.00800493421672E+03	-3.64688265001488E-01
 2.00800767211676E+03	-3.64578399145613E-01
 2.00801041001679E+03	-2.98442750909893E-01
 2.00801314791682E+03	-1.80695743171516E-01
 2.00801588581685E+03	-5.18789145374307E-02
 2.00801862371688E+03	 5.18506008338171E-02
 2.00802136161691E+03	 1.32232542067045E-01
 2.00802409951694E+03	 2.21621517234219E-01
 2.00802683741697E+03	 3.32717330335856E-01
 2.00802957531700E+03	 4.21506788836361E-01
 2.00803231321703E+03	 4.13931880727379E-01
 2.00803505111706E+03	 2.74157547403840E-01
 2.00803778901709E+03	 4.23213715733451E-02
 2.00804052691712E+03	-1.94714276899636E-01
 2.00804326481715E+03	-3.61849240442817E-01
 2.00804600271719E+03	-4.24117805290087E-01
 2.00804874061722E+03	-3.74598647698917E-01
 2.00805147851725E+03	-2.20957209770809E-01
 2.00805421641728E+03	 2.94944192619256E-03
 2.00805695431731E+03	 2.24787387699963E-01
 2.00805969221734E+03	 3.58872497633382E-01
 2.00806243011737E+03	 3.59769899450231E-01
 2.00806516801740E+03	 2.50812033620933E-01
 2.00806790591743E+03	 9.62084060427665E-02
 2.00807064381746E+03	-5.16784231904885E-02
 2.00807338171749E+03	-1.76160269027522E-01
 2.00807611961752E+03	-2.78838849080431E-01
 2.00807885751755E+03	-3.53254760387463E-01
 2.00808159541759E+03	-3.79108798983272E-01
 2.00808433331762E+03	-3.37130569141260E-01
 2.00808707121765E+03	-2.28506507810064E-01
 2.00808980911768E+03	-8.23723997960735E-02
 2.00809254701771E+03	 5.99859546684523E-02
 2.00809528491774E+03	 1.76669757436158E-01
 2.00809802281777E+03	 2.79250210880642E-01
 2.00810076071780E+03	 3.84433576359246E-01
 2.00810349861783E+03	 4.70062179341243E-01
 2.00810623651786E+03	 4.73685240706912E-01
 2.00810897441789E+03	 3.47759078113328E-01
 2.00811171231792E+03	 1.13639113089675E-01
 2.00811445021795E+03	-1.46459965621125E-01
 2.00811718811799E+03	-3.47361877426675E-01
 2.00811992601802E+03	-4.43654109352369E-01
 2.00812266391805E+03	-4.24397251859158E-01
 2.00812540181808E+03	-2.92271632269517E-01
 2.00812813971811E+03	-6.87335668971218E-02
 2.00813087761814E+03	 1.85109044178631E-01
 2.00813361551817E+03	 3.77211570375118E-01
 2.00813635341820E+03	 4.35598452642337E-01
 2.00813909131823E+03	 3.56523625143273E-01
 2.00814182921826E+03	 1.99016256086141E-01
 2.00814456711829E+03	 3.20022484218190E-02
 2.00814730501832E+03	-1.10462762161033E-01
 2.00815004291835E+03	-2.27325232953144E-01
 2.00815278081839E+03	-3.19526636639104E-01
 2.00815551871842E+03	-3.71707969933116E-01
 2.00815825661845E+03	-3.62069741584750E-01
 2.00816099451848E+03	-2.83077876509750E-01
 2.00816373241851E+03	-1.51565493294770E-01
 2.00816647031854E+03	-1.92943342528018E-04
 2.00816920821857E+03	 1.44523790403382E-01
 2.00817194611860E+03	 2.78908896381893E-01
 2.00817468401863E+03	 4.10927576331870E-01
 2.00817742191866E+03	 5.25170614012973E-01
 2.00818015981869E+03	 5.66369459385163E-01
 2.00818289771872E+03	 4.75622809228380E-01
 2.00818563561875E+03	 2.50783409939511E-01
 2.00818837351878E+03	-3.64639012258282E-02
 2.00819111141882E+03	-2.88451087620032E-01
 2.00819384931885E+03	-4.40526374394193E-01
 2.00819658721888E+03	-4.73117166192357E-01
 2.00819932511891E+03	-3.86889955549926E-01
 2.00820206301894E+03	-1.93459784589544E-01
 2.00820480091897E+03	 6.36529928199420E-02
 2.00820753881900E+03	 2.99608332506529E-01
 2.00821027671903E+03	 4.25031389355278E-01
 2.00821301461906E+03	 4.03414179958064E-01
 2.00821575251909E+03	 2.71419054827905E-01
 2.00821849041912E+03	 1.01606195481223E-01
 2.00822122831915E+03	-5.27075569969375E-02
 2.00822396621918E+03	-1.77995390614163E-01
 2.00822670411922E+03	-2.78181192461759E-01
 2.00822944201925E+03	-3.46088100919811E-01
 2.00823217991928E+03	-3.61910267062706E-01
 2.00823491781931E+03	-3.13869497358600E-01
 2.00823765571934E+03	-2.13026915243022E-01
 2.00824039361937E+03	-8.60851707215127E-02
 2.00824313151940E+03	 4.56637065487536E-02
 2.00824586941943E+03	 1.80736770239054E-01
 2.00824860731946E+03	 3.28501874779438E-01
 2.00825134521949E+03	 4.79095202223882E-01
 2.00825408311952E+03	 5.81539171200605E-01
 2.00825682101955E+03	 5.64764558113034E-01
 2.00825955891958E+03	 3.95822687140406E-01
 2.00826229681962E+03	 1.19503186945515E-01
 2.00826503471965E+03	-1.66424160150434E-01
 2.00826777261968E+03	-3.75527672379347E-01
 2.00827051051971E+03	-4.69489674926991E-01
 2.00827324841974E+03	-4.43715744519835E-01
 2.00827598631977E+03	-3.04990565481980E-01
 2.00827872421980E+03	-8.09887390360830E-02
 2.00828146211983E+03	 1.60235825925088E-01
 2.00828420001986E+03	 3.27742939017625E-01
 2.00828693791989E+03	 3.61590559835267E-01
 2.00828967581992E+03	 2.70926915726284E-01
 2.00829241371995E+03	 1.17554610362169E-01
 2.00829515161998E+03	-3.57210018743923E-02
 2.00829788952001E+03	-1.60866889898412E-01
 2.00830062742005E+03	-2.58079598982716E-01
 2.00830336532008E+03	-3.26840343256690E-01
 2.00830610322011E+03	-3.52183049805417E-01
 2.00830884112014E+03	-3.19524434882349E-01
 2.00831157902017E+03	-2.36269597260449E-01
 2.00831431692020E+03	-1.31389408295366E-01
 2.00831705482023E+03	-3.04698369174287E-02
 2.00831979272026E+03	 6.76041339991260E-02
 2.00832253062029E+03	 1.85281725366984E-01
 2.00832526852032E+03	 3.32215137842853E-01
 2.00832800642035E+03	 4.72995531126073E-01
 2.00833074432038E+03	 5.33815085505861E-01
 2.00833348222041E+03	 4.53800716005003E-01
 2.00833622012045E+03	 2.39154688587318E-01
 2.00833895802048E+03	-3.35688405510161E-02
 2.00834169592051E+03	-2.69563035221999E-01
 2.00834443382054E+03	-4.09090884988880E-01
 2.00834717172057E+03	-4.34687846524732E-01
 2.00834990962060E+03	-3.48697495800429E-01
 2.00835264752063E+03	-1.68936160847215E-01
 2.00835538542066E+03	 5.27424676897597E-02
 2.00835812332069E+03	 2.32396400171801E-01
 2.00836086122072E+03	 2.98045165892462E-01
 2.00836359912075E+03	 2.37297870646607E-01
 2.00836633702078E+03	 9.85329578882046E-02
 2.00836907492081E+03	-5.31494740437921E-02
 2.00837181282085E+03	-1.78909958267980E-01
 2.00837455072088E+03	-2.72418766350719E-01
 2.00837728862091E+03	-3.36296963713894E-01
 2.00838002652094E+03	-3.61303578928815E-01
 2.00838276442097E+03	-3.31166101919312E-01
 2.00838550232100E+03	-2.45921624082878E-01
 2.00838824022103E+03	-1.34474105145535E-01
 2.00839097812106E+03	-3.59234544342389E-02
 2.00839371602109E+03	 3.56800378521898E-02
 2.00839645392112E+03	 1.04451170148168E-01
 2.00839919182115E+03	 2.03446368619512E-01
 2.00840192972118E+03	 3.28255720061864E-01
 2.00840466762121E+03	 4.21786370885217E-01
 2.00840740552124E+03	 4.11967223894322E-01
 2.00841014342128E+03	 2.71697385987357E-01
 2.00841288132131E+03	 4.53328251152974E-02
 2.00841561922134E+03	-1.82183194551135E-01
 2.00841835712137E+03	-3.39523939842616E-01
 2.00842109502140E+03	-3.94308656664958E-01
 2.00842383292143E+03	-3.41113769337304E-01
 2.00842657082146E+03	-1.90505829547416E-01
 2.00842930872149E+03	 1.78875013697589E-02
 2.00843204662152E+03	 2.07489906216048E-01
 2.00843478452155E+03	 2.97390992891786E-01
 2.00843752242158E+03	 2.55900209146118E-01
 2.00844026032161E+03	 1.19108279828229E-01
 2.00844299822164E+03	-4.49097445633782E-02
 2.00844573612168E+03	-1.86150148700845E-01
 2.00844847402171E+03	-2.90246428190962E-01
 2.00845121192174E+03	-3.59990661159158E-01
 2.00845394982177E+03	-3.91005730568640E-01
 2.00845668772180E+03	-3.67594556344400E-01
 2.00845942562183E+03	-2.80899225827547E-01
 2.00846216352186E+03	-1.49914986368670E-01
 2.00846490142189E+03	-1.92112264908597E-02
 2.00846763932192E+03	 7.33207104187955E-02
 2.00847037722195E+03	 1.29632178706990E-01
 2.00847311512198E+03	 1.85829397687633E-01
 2.00847585302201E+03	 2.66269707979914E-01
 2.00847859092204E+03	 3.44749508506120E-01
 2.00848132882208E+03	 3.58057780719984E-01
 2.00848406672211E+03	 2.61939140935535E-01
 2.00848680462214E+03	 7.38457639353701E-02
 2.00848954252217E+03	-1.37670738942279E-01
 2.00849228042220E+03	-3.00111745862351E-01
 2.00849501832223E+03	-3.71211050609760E-01
 2.00849775622226E+03	-3.37301974698425E-01
 2.00850049412229E+03	-2.01451385485810E-01
 2.00850323202232E+03	 8.12805907822247E-03
 2.00850596992235E+03	 2.23288361387490E-01
 2.00850870782238E+03	 3.54998025571461E-01
 2.00851144572241E+03	 3.48063221082769E-01
 2.00851418362244E+03	 2.19420700920156E-01
 2.00851692152248E+03	 3.78341304951513E-02
 2.00851965942251E+03	-1.31934937949151E-01
 2.00852239732254E+03	-2.62886004855863E-01
 2.00852513522257E+03	-3.54997555619150E-01
 2.00852787312260E+03	-4.07285691768529E-01
 2.00853061102263E+03	-4.06204523170830E-01
 2.00853334892266E+03	-3.37226779370899E-01
 2.00853608682269E+03	-2.05581988604386E-01
 2.00853882472272E+03	-4.61062035796532E-02
 2.00854156262275E+03	 9.29677261740658E-02
 2.00854430052278E+03	 1.85083472611245E-01
 2.00854703842281E+03	 2.44498191481905E-01
 2.00854977632284E+03	 3.01872184910476E-01
 2.00855251422287E+03	 3.57805141399914E-01
 2.00855525212291E+03	 3.68794952199976E-01
 2.00855799002294E+03	 2.86986724216265E-01
 2.00856072792297E+03	 1.11979232812835E-01
 2.00856346582300E+03	-1.00741849133092E-01
 2.00856620372303E+03	-2.78696948406672E-01
 2.00856894162306E+03	-3.72627279732833E-01
 2.00857167952309E+03	-3.62786699396051E-01
 2.00857441742312E+03	-2.46037244503073E-01
 2.00857715532315E+03	-3.88500702573880E-02
 2.00857989322318E+03	 2.03554068448055E-01
 2.00858263112321E+03	 3.90667937074820E-01
 2.00858536902324E+03	 4.43942504636609E-01
 2.00858810692327E+03	 3.50896022372653E-01
 2.00859084482331E+03	 1.69235985443942E-01
 2.00859358272334E+03	-2.40044664486957E-02
 2.00859632062337E+03	-1.83845674863909E-01
 2.00859905852340E+03	-3.02881397119200E-01
 2.00860179642343E+03	-3.82658854043617E-01
 2.00860453432346E+03	-4.12930303948503E-01
 2.00860727222349E+03	-3.77261442525100E-01
 2.00861001012352E+03	-2.71491476067663E-01
 2.00861274802355E+03	-1.16049559385717E-01
 2.00861548592358E+03	 4.84635042980305E-02
 2.00861822382361E+03	 1.83855191577290E-01
 2.00862096172364E+03	 2.79482268133104E-01
 2.00862369962367E+03	 3.51486227653559E-01
 2.00862643752371E+03	 4.09483924721273E-01
 2.00862917542374E+03	 4.27528302123485E-01
 2.00863191332377E+03	 3.60489186601031E-01
 2.00863465122380E+03	 1.93766810825210E-01
 2.00863738912383E+03	-3.00173121325717E-02
 2.00864012702386E+03	-2.37095350228815E-01
 2.00864286492389E+03	-3.68472514865330E-01
 2.00864560282392E+03	-3.97369620344532E-01
 2.00864834072395E+03	-3.16451359308486E-01
 2.00865107862398E+03	-1.32372173231005E-01
 2.00865381652401E+03	 1.15919116429041E-01
 2.00865655442404E+03	 3.46509401265136E-01
 2.00865929232407E+03	 4.66797916995996E-01
 2.00866203022410E+03	 4.32734298897667E-01
 2.00866476812414E+03	 2.77667728925997E-01
 2.00866750602417E+03	 7.96527711846058E-02
 2.00867024392420E+03	-9.82041774128407E-02
 2.00867298182423E+03	-2.35207828536710E-01
 2.00867571972426E+03	-3.33344525113234E-01
 2.00867845762429E+03	-3.87786942943958E-01
 2.00868119552432E+03	-3.83139853616397E-01
 2.00868393342435E+03	-3.10890392815669E-01
 2.00868667132438E+03	-1.82928401425997E-01
 2.00868940922441E+03	-2.89319742072205E-02
 2.00869214712444E+03	 1.18394686466225E-01
 2.00869488502447E+03	 2.40726852597307E-01
 2.00869762292450E+03	 3.39930885471681E-01
 2.00870036082454E+03	 4.20990412541029E-01
 2.00870309872457E+03	 4.65653184584100E-01
 2.00870583662460E+03	 4.32125301734850E-01
 2.00870857452463E+03	 2.92914930216480E-01
 2.00871131242466E+03	 7.27572447054302E-02
 2.00871405032469E+03	-1.58758758941882E-01
 2.00871678822472E+03	-3.31998964524387E-01
 2.00871952612475E+03	-4.08934529501721E-01
 2.00872226402478E+03	-3.77308637530929E-01
 2.00872500192481E+03	-2.36998729279367E-01
 2.00872773982484E+03	-1.11732604648872E-02
 2.00873047772487E+03	 2.34133197883363E-01
 2.00873321562490E+03	 4.04713196941696E-01
 2.00873595352494E+03	 4.32391409944742E-01
 2.00873869142497E+03	 3.20792503512935E-01
 2.00874142932500E+03	 1.35965549336077E-01
 2.00874416722503E+03	-4.80666977056765E-02
 2.00874690512506E+03	-1.93854006192168E-01
 2.00874964302509E+03	-2.98370971949189E-01
 2.00875238092512E+03	-3.62477189849896E-01
 2.00875511882515E+03	-3.74936613689448E-01
 2.00875785672518E+03	-3.25225394118826E-01
 2.00876059462521E+03	-2.21698254605501E-01
 2.00876333252524E+03	-9.09693799860923E-02
 2.00876607042527E+03	 3.92615913596240E-02
 2.00876880832530E+03	 1.55983902431048E-01
 2.00877154622533E+03	 2.62245981320975E-01
 2.00877428412537E+03	 3.62090768306191E-01
 2.00877702202540E+03	 4.39309005002135E-01
 2.00877975992543E+03	 4.52634231198999E-01
 2.00878249782546E+03	 3.63022710437864E-01
 2.00878523572549E+03	 1.73854935902203E-01
 2.00878797362552E+03	-5.89386105686107E-02
 2.00879071152555E+03	-2.61160312213651E-01
 2.00879344942558E+03	-3.81711993156422E-01
 2.00879618732561E+03	-4.00372739965189E-01
 2.00879892522564E+03	-3.12073392511265E-01
 2.00880166312567E+03	-1.27442882632957E-01
 2.00880440102570E+03	 1.05857202647278E-01
 2.00880713892573E+03	 3.01576473249116E-01
 2.00880987682577E+03	 3.77844446682565E-01
 2.00881261472580E+03	 3.11477632384681E-01
 2.00881535262583E+03	 1.49366025157949E-01
 2.00881809052586E+03	-3.34351377385877E-02
 2.00882082842589E+03	-1.85314001679113E-01
 2.00882356632592E+03	-2.93164381377652E-01
 2.00882630422595E+03	-3.59554651286023E-01
 2.00882904212598E+03	-3.78572127319194E-01
 2.00883178002601E+03	-3.38896887091121E-01
 2.00883451792604E+03	-2.44669487385828E-01
 2.00883725582607E+03	-1.23557686578780E-01
 2.00883999372610E+03	-9.05993876189180E-03
 2.00884273162613E+03	 8.46558576259054E-02
 2.00884546952617E+03	 1.68846417224315E-01
 2.00884820742620E+03	 2.60350937009962E-01
 2.00885094532623E+03	 3.53270861372844E-01
 2.00885368322626E+03	 4.08725552890853E-01
 2.00885642112629E+03	 3.77324018935973E-01
 2.00885915902632E+03	 2.40504074134976E-01
 2.00886189692635E+03	 3.35665163003969E-02
 2.00886463482638E+03	-1.74136162003769E-01
 2.00886737272641E+03	-3.21791546533354E-01
 2.00887011062644E+03	-3.78962445137719E-01
 2.00887284852647E+03	-3.35693004169775E-01
 2.00887558642650E+03	-1.94298355083022E-01
 2.00887832432653E+03	 1.41611145274459E-02
 2.00888106222657E+03	 2.16370089755821E-01
 2.00888380012660E+03	 3.24963380602788E-01
 2.00888653802663E+03	 2.95325929282366E-01
 2.00888927592666E+03	 1.54688341803252E-01
 2.00889201382669E+03	-2.60139880035258E-02
 2.00889475172672E+03	-1.85772248294366E-01
 2.00889748962675E+03	-3.01042686372314E-01
 2.00890022752678E+03	-3.72292702187480E-01
 2.00890296542681E+03	-3.97433286618320E-01
 2.00890570332684E+03	-3.65147587013274E-01
 2.00890844122687E+03	-2.72661624993114E-01
 2.00891117912690E+03	-1.43581144743368E-01
 2.00891391702693E+03	-2.02372871676634E-02
 2.00891665492696E+03	 6.71759522732686E-02
 2.00891939282700E+03	 1.24133233321021E-01
 2.00892213072703E+03	 1.81057683876666E-01
 2.00892486862706E+03	 2.55791706913694E-01
 2.00892760652709E+03	 3.25753740503370E-01
 2.00893034442712E+03	 3.39142798128739E-01
 2.00893308232715E+03	 2.57754406716390E-01
 2.00893582022718E+03	 9.27854932648857E-02
 2.00893855812721E+03	-9.93786681880774E-02
 2.00894129602724E+03	-2.54685167060262E-01
 2.00894403392727E+03	-3.32912422448632E-01
 2.00894677182730E+03	-3.18093662138048E-01
 2.00894950972733E+03	-2.07243416385754E-01
 2.00895224762736E+03	-1.90246900959869E-02
 2.00895498552740E+03	 1.86919067326361E-01
 2.00895772342743E+03	 3.22214677405052E-01
 2.00896046132746E+03	 3.23314976103632E-01
 2.00896319922749E+03	 1.97290515195746E-01
 2.00896593712752E+03	 1.05631382717243E-02
 2.00896867502755E+03	-1.65801926247846E-01
 2.00897141292758E+03	-2.97050451353425E-01
 2.00897415082761E+03	-3.80610293751894E-01
 2.00897688872764E+03	-4.17859822482872E-01
 2.00897962662767E+03	-3.99005189523355E-01
 2.00898236452770E+03	-3.14285426615717E-01
 2.00898510242773E+03	-1.75886761186186E-01
 2.00898784032776E+03	-2.46974087499309E-02
 2.00899057822780E+03	 9.15140158197715E-02
 2.00899331612783E+03	 1.53381342428624E-01
 2.00899605402786E+03	 1.83350515320990E-01
 2.00899879192789E+03	 2.18235271027092E-01
 2.00900152982792E+03	 2.65465500192484E-01
 2.00900426772795E+03	 2.89182554243467E-01
 2.00900700562798E+03	 2.42703661143214E-01
 2.00900974352801E+03	 1.14750141523466E-01
 2.00901248142804E+03	-5.62791319981870E-02
 2.00901521932807E+03	-2.09662293388500E-01
 2.00901795722810E+03	-2.98325454115685E-01
 2.00902069512813E+03	-2.99527073135373E-01
 2.00902343302816E+03	-2.05446440689046E-01
 2.00902617092819E+03	-2.52615953442210E-02
 2.00902890882823E+03	 1.94572983646060E-01
 2.00903164672826E+03	 3.67746813016448E-01
 2.00903438462829E+03	 4.11724312562047E-01
 2.00903712252832E+03	 3.06926024070208E-01
 2.00903986042835E+03	 1.09564742360369E-01
 2.00904259832838E+03	-9.68250997059410E-02
 2.00904533622841E+03	-2.58887378590120E-01
 2.00904807412844E+03	-3.66242454919011E-01
 2.00905081202847E+03	-4.23916941463481E-01
 2.00905354992850E+03	-4.27088988502766E-01
 2.00905628782853E+03	-3.63314443730346E-01
 2.00905902572856E+03	-2.32587068074953E-01
 2.00906176362859E+03	-6.25609055528640E-02
 2.00906450152863E+03	 9.73957916923777E-02
 2.00906723942866E+03	 2.04452016432157E-01
 2.00906997732869E+03	 2.51886855349938E-01
 2.00907271522872E+03	 2.68593761169169E-01
 2.00907545312875E+03	 2.82874747290013E-01
 2.00907819102878E+03	 2.87220298921756E-01
 2.00908092892881E+03	 2.44906143535104E-01
 2.00908366682884E+03	 1.32417167807646E-01
 2.00908640472887E+03	-2.95505095286275E-02
 2.00908914262890E+03	-1.87777588721006E-01
 2.00909188052893E+03	-2.91724818542251E-01
 2.00909461842896E+03	-3.12610186355819E-01
 2.00909735632899E+03	-2.37584013374423E-01
 2.00910009422903E+03	-6.67177596475277E-02
 2.00910283212906E+03	 1.68582268346742E-01
 2.00910557002909E+03	 3.90461722964551E-01
 2.00910830792912E+03	 5.01860055897068E-01
 2.00911104582915E+03	 4.49480836918899E-01
 2.00911378372918E+03	 2.63534857105376E-01
 2.00911652162921E+03	 3.05824772568148E-02
 2.00911925952924E+03	-1.72343739419232E-01
 2.00912199742927E+03	-3.15746218002285E-01
 2.00912473532930E+03	-4.02346003279774E-01
 2.00912747322933E+03	-4.33895865311622E-01
 2.00913021112936E+03	-4.01138083037456E-01
 2.00913294902939E+03	-2.98372827300349E-01
 2.00913568692942E+03	-1.39630454095578E-01
 2.00913842482946E+03	 3.88424752040125E-02
 2.00914116272949E+03	 1.92198974575620E-01
 2.00914390062952E+03	 2.90899362470108E-01
 2.00914663852955E+03	 3.36824667796204E-01
 2.00914937642958E+03	 3.51558398547782E-01
 2.00915211432961E+03	 3.44321083002293E-01
 2.00915485222964E+03	 2.96694498535230E-01
 2.00915759012967E+03	 1.86001049050143E-01
 2.00916032802970E+03	 2.08420210873931E-02
 2.00916306592973E+03	-1.53934304835713E-01
 2.00916580382976E+03	-2.86032810142490E-01
 2.00916854172979E+03	-3.41412105673583E-01
 2.00917127962982E+03	-3.03303895300187E-01
 2.00917401752986E+03	-1.64024247034596E-01
 2.00917675542989E+03	 6.21121241255774E-02
 2.00917949332992E+03	 3.15283789965463E-01
 2.00918223122995E+03	 4.97642705917939E-01
 2.00918496912998E+03	 5.27159007071982E-01
 2.00918770703001E+03	 3.95286194949309E-01
 2.00919044493004E+03	 1.70282997778615E-01
 2.00919318283007E+03	-5.81303041649470E-02
 2.00919592073010E+03	-2.35880956236051E-01
 2.00919865863013E+03	-3.52728518041000E-01
 2.00920139653016E+03	-4.12271245328252E-01
 2.00920413443019E+03	-4.10326115766423E-01
 2.00920687233022E+03	-3.41666615714219E-01
 2.00920961023026E+03	-2.15237337397727E-01
 2.00921234813029E+03	-5.65659003625184E-02
 2.00921508603032E+03	 1.01660428557324E-01
 2.00921782393035E+03	 2.31791412474381E-01
 2.00922056183038E+03	 3.21158529526651E-01
 2.00922329973041E+03	 3.72416732002137E-01
 2.00922603763044E+03	 3.88955605873540E-01
 2.00922877553047E+03	 3.59288794547401E-01
 2.00923151343050E+03	 2.64311786931864E-01
 2.00923425133053E+03	 1.05239551963102E-01
 2.00923698923056E+03	-8.14660866239261E-02
 2.00923972713059E+03	-2.42852745908892E-01
 2.00924246503062E+03	-3.39000479925723E-01
 2.00924520293066E+03	-3.49859593652154E-01
 2.00924794083069E+03	-2.63978992372964E-01
 2.00925067873072E+03	-8.17788488250756E-02
 2.00925341663075E+03	 1.59867056774948E-01
 2.00925615453078E+03	 3.77859863779812E-01
 2.00925889243081E+03	 4.79238444124361E-01
 2.00926163033084E+03	 4.21893379603458E-01
 2.00926436823087E+03	 2.42379656095980E-01
 2.00926710613090E+03	 2.30277840310397E-02
 2.00926984403093E+03	-1.67208305888379E-01
 2.00927258193096E+03	-3.01574111224057E-01
 2.00927531983099E+03	-3.78917414291701E-01
 2.00927805773102E+03	-3.97241775555732E-01
 2.00928079563105E+03	-3.51902111799850E-01
 2.00928353353109E+03	-2.51242114497156E-01
 2.00928627143112E+03	-1.20991904651918E-01
 2.00928900933115E+03	 9.95697134138550E-03
 2.00929174723118E+03	 1.24524948559745E-01
 2.00929448513121E+03	 2.19173314521951E-01
 2.00929722303124E+03	 2.95290435831196E-01
 2.00929996093127E+03	 3.48084124946503E-01
 2.00930269883130E+03	 3.59761977980606E-01
 2.00930543673133E+03	 3.06312593080994E-01
 2.00930817463136E+03	 1.79610932225838E-01
 2.00931091253139E+03	 5.37896847121436E-03
 2.00931365043142E+03	-1.66120921209312E-01
 2.00931638833145E+03	-2.89219942474588E-01
 2.00931912623149E+03	-3.39065191683526E-01
 2.00932186413152E+03	-3.03235276240142E-01
 2.00932460203155E+03	-1.75651275995962E-01
 2.00932733993158E+03	 2.51429038428632E-02
 2.00933007783161E+03	 2.36176422359670E-01
 2.00933281573164E+03	 3.68679049619640E-01
 2.00933555363167E+03	 3.62983355452584E-01
 2.00933829153170E+03	 2.29483722585005E-01
 2.00934102943173E+03	 3.51231710633556E-02
 2.00934376733176E+03	-1.48657287285660E-01
 2.00934650523179E+03	-2.84673976519220E-01
 2.00934924313182E+03	-3.66389332230351E-01
 2.00935198103185E+03	-3.92237150662902E-01
 2.00935471893189E+03	-3.55928737755630E-01
 2.00935745683192E+03	-2.61356386003483E-01
 2.00936019473195E+03	-1.35598617583812E-01
 2.00936293263198E+03	-1.68991001031304E-02
 2.00936567053201E+03	 7.18775910505902E-02
 2.00936840843204E+03	 1.35411086625814E-01
 2.00937114633207E+03	 1.92026305411570E-01
 2.00937388423210E+03	 2.48970150961795E-01
 2.00937662213213E+03	 2.89213054508653E-01
 2.00937936003216E+03	 2.80412874474962E-01
 2.00938209793219E+03	 2.00440983608694E-01
 2.00938483583222E+03	 6.00729696522274E-02
 2.00938757373225E+03	-9.83383424685833E-02
 2.00939031163228E+03	-2.26437348125536E-01
 2.00939304953232E+03	-2.93149163766942E-01
 2.00939578743235E+03	-2.84056585106887E-01
 2.00939852533238E+03	-1.91324347527985E-01
 2.00940126323241E+03	-2.31798342580868E-02
 2.00940400113244E+03	 1.73017768717857E-01
 2.00940673903247E+03	 3.14773348281233E-01
 2.00940947693250E+03	 3.32022795681462E-01
 2.00941221483253E+03	 2.17741893789382E-01
 2.00941495273256E+03	 2.95277799510020E-02
 2.00941769063259E+03	-1.57812874455116E-01
 2.00942042853262E+03	-2.98928709201652E-01
 2.00942316643265E+03	-3.84124088282842E-01
 2.00942590433268E+03	-4.14533569261862E-01
 2.00942864223272E+03	-3.84141585157439E-01
 2.00943138013275E+03	-2.89143576152523E-01
 2.00943411803278E+03	-1.48732168683803E-01
 2.00943685593281E+03	-6.85351010931469E-03
 2.00943959383284E+03	 9.40945034189406E-02
 2.00944233173287E+03	 1.43545453558403E-01
 2.00944506963290E+03	 1.65557167480957E-01
 2.00944780753293E+03	 1.90098102784918E-01
 2.00945054543296E+03	 2.20810092111163E-01
 2.00945328333299E+03	 2.29893335043565E-01
 2.00945602123302E+03	 1.83972022047226E-01
 2.00945875913305E+03	 7.65016556232337E-02
 2.00946149703308E+03	-6.24776137612595E-02
 2.00946423493312E+03	-1.86126045460166E-01
 2.00946697283315E+03	-2.57859870970363E-01
 2.00946971073318E+03	-2.59040229839136E-01
 2.00947244863321E+03	-1.79842761721505E-01
 2.00947518653324E+03	-2.15628228426602E-02
 2.00947792443327E+03	 1.80642548849399E-01
 2.00948066233330E+03	 3.48380169889889E-01
 2.00948340023333E+03	 3.97267649083202E-01
 2.00948613813336E+03	 2.97657726089064E-01
 2.00948887603339E+03	 9.71284976073313E-02
 2.00949161393342E+03	-1.19691658125621E-01
 2.00949435183345E+03	-2.90463344819642E-01
 2.00949708973348E+03	-3.97070999058175E-01
 2.00949982763351E+03	-4.43716327730383E-01
 2.00950256553355E+03	-4.29471904265425E-01
 2.00950530343358E+03	-3.46882927667564E-01
 2.00950804133361E+03	-2.02249846346626E-01
 2.00951077923364E+03	-3.05910703345810E-02
 2.00951351713367E+03	 1.15543164281328E-01
 2.00951625503370E+03	 1.98659529368032E-01
 2.00951899293373E+03	 2.21575024542171E-01
 2.00952173083376E+03	 2.18622358449492E-01
 2.00952446873379E+03	 2.18575354203460E-01
 2.00952720663382E+03	 2.15995148449440E-01
 2.00952994453385E+03	 1.80119538079693E-01
 2.00953268243388E+03	 9.06349920764730E-02
 2.00953542033391E+03	-3.74165134539386E-02
 2.00953815823395E+03	-1.62462693280916E-01
 2.00954089613398E+03	-2.44232562001520E-01
 2.00954363403401E+03	-2.59083941393711E-01
 2.00954637193404E+03	-1.93960478961785E-01
 2.00954910983407E+03	-4.28869937173882E-02
 2.00955184773410E+03	 1.73518842407814E-01
 2.00955458563413E+03	 3.86551572936533E-01
 2.00955732353416E+03	 4.99035703004476E-01
 2.00956006143419E+03	 4.48349175262637E-01
 2.00956279933422E+03	 2.55394468494860E-01
 2.00956553723425E+03	 6.63319620934916E-03
 2.00956827513428E+03	-2.11932689148369E-01
 2.00957101303431E+03	-3.61176882348148E-01
 2.00957375093435E+03	-4.40855736038443E-01
 2.00957648883438E+03	-4.56108843621291E-01
 2.00957922673441E+03	-4.02554689667645E-01
 2.00958196463444E+03	-2.78878873789368E-01
 2.00958470253447E+03	-1.05192228895873E-01
 2.00958744043450E+03	 7.42626109324985E-02
 2.00959017833453E+03	 2.09891876417434E-01
 2.00959291623456E+03	 2.75741797379071E-01
 2.00959565413459E+03	 2.84191113979292E-01
 2.00959839203462E+03	 2.68459005841030E-01
 2.00960112993465E+03	 2.46843600415309E-01
 2.00960386783468E+03	 2.06413698642123E-01
 2.00960660573471E+03	 1.24314857434807E-01
 2.00960934363475E+03	 1.28705882695291E-03
 2.00961208153478E+03	-1.30599193918244E-01
 2.00961481943481E+03	-2.30273457157259E-01
 2.00961755733484E+03	-2.69599084130399E-01
 2.00962029523487E+03	-2.32717518341983E-01
 2.00962303313490E+03	-1.07717651452587E-01
 2.00962577103493E+03	 1.01118075053887E-01
 2.00962850893496E+03	 3.45118002703069E-01
 2.00963124683499E+03	 5.29141353137546E-01
 2.00963398473502E+03	 5.61807959865729E-01
 2.00963672263505E+03	 4.22110592317244E-01
 2.00963946053508E+03	 1.75440131656997E-01
 2.00964219843511E+03	-7.90622644521206E-02
 2.00964493633514E+03	-2.74535278480217E-01
 2.00964767423518E+03	-3.94427457071637E-01
 2.00965041213521E+03	-4.44316367256203E-01
 2.00965315003524E+03	-4.25276025392580E-01
 2.00965588793527E+03	-3.35889954208777E-01
 2.00965862583530E+03	-1.87799272651413E-01
 2.00966136373532E+03	-1.18876075430288E-02
 2.00966410163536E+03	 1.49835411132888E-01
 2.00966683953539E+03	 2.61281547691442E-01
 2.00966957743542E+03	 3.09923829912349E-01
 2.00967231533545E+03	 3.10446946189158E-01
 2.00967505323548E+03	 2.85567288195986E-01
 2.00967779113551E+03	 2.40904468137342E-01
 2.00968052903554E+03	 1.63625366295309E-01
 2.00968326693558E+03	 4.75962030573067E-02
 2.00968600483561E+03	-8.67776170004813E-02
 2.00968874273564E+03	-2.02185503111324E-01
 2.00969148063567E+03	-2.67836708183794E-01
 2.00969421853570E+03	-2.66300060131554E-01
 2.00969695643573E+03	-1.83635698193353E-01
 2.00969969433576E+03	-1.18250227743040E-02
 2.00970243223579E+03	 2.24656121783911E-01
 2.00970517013582E+03	 4.49557513312620E-01
 2.00970790803585E+03	 5.62465692082865E-01
 2.00971064593588E+03	 5.04555514342433E-01
 2.00971338383591E+03	 3.02777870378448E-01
 2.00971612173594E+03	 4.67752097932587E-02
 2.00971885963598E+03	-1.77397408617645E-01
 2.00972159753601E+03	-3.30482902560217E-01
 2.00972433543604E+03	-4.09954229990651E-01
 2.00972707333607E+03	-4.19441502650555E-01
 2.00972981123610E+03	-3.59817645881363E-01
 2.00973254913613E+03	-2.41319639767824E-01
 2.00973528703616E+03	-8.97175037766674E-02
 2.00973802493619E+03	 6.24843300360794E-02
 2.00974076283622E+03	 1.87370302565409E-01
 2.00974350073625E+03	 2.67977819091565E-01
 2.00974623863628E+03	 3.01574738000652E-01
 2.00974897653631E+03	 2.96703786449119E-01
 2.00975171443634E+03	 2.60947698159498E-01
 2.00975445233637E+03	 1.91827772045093E-01
 2.00975719023641E+03	 8.58388182027766E-02
 2.00975992813644E+03	-4.38214064057209E-02
 2.00976266603647E+03	-1.66002416749939E-01
 2.00976540393650E+03	-2.49839698039103E-01
 2.00976814183653E+03	-2.77276969432458E-01
 2.00977087973656E+03	-2.35914342779624E-01
 2.00977361763659E+03	-1.13012165337572E-01
 2.00977635553662E+03	 8.59562099192890E-02
 2.00977909343665E+03	 3.09993194549790E-01
 2.00978183133668E+03	 4.68582231762725E-01
 2.00978456923671E+03	 4.83707229978635E-01
 2.00978730713674E+03	 3.45786706780198E-01
 2.00979004503677E+03	 1.18970869470137E-01
 2.00979278293681E+03	-1.08909181199023E-01
 2.00979552083684E+03	-2.80584467084322E-01
 2.00979825873687E+03	-3.80330508450619E-01
 2.00980099663690E+03	-4.09476223438538E-01
 2.00980373453693E+03	-3.69206783808935E-01
 2.00980647243696E+03	-2.68546554239018E-01
 2.00980921033699E+03	-1.34242996889538E-01
 2.00981194823702E+03	-5.83545194562946E-04
 2.00981468613705E+03	 1.09557210988701E-01
 2.00981742403708E+03	 1.89934724728263E-01
 2.00982016193711E+03	 2.41682234080643E-01
 2.00982289983714E+03	 2.64491677171530E-01
 2.00982563773717E+03	 2.54385645684050E-01
 2.00982837563721E+03	 2.05192186645658E-01
 2.00983111353724E+03	 1.14641198923999E-01
 2.00983385143727E+03	-5.56922319425515E-03
 2.00983658933730E+03	-1.27502280579691E-01
 2.00983932723733E+03	-2.20297678184144E-01
 2.00984206513736E+03	-2.64830199139759E-01
 2.00984480303739E+03	-2.51212011615561E-01
 2.00984754093742E+03	-1.68237850388900E-01
 2.00985027883745E+03	-1.16853680731050E-02
 2.00985301673748E+03	 1.88326213457734E-01
 2.00985575463751E+03	 3.58049125488632E-01
 2.00985849253754E+03	 4.16137060816266E-01
 2.00986123043757E+03	 3.30107422741426E-01
 2.00986396833761E+03	 1.39252678863584E-01
 2.00986670623764E+03	-7.76739823586080E-02
 2.00986944413767E+03	-2.55624603611953E-01
 2.00987218203770E+03	-3.67727195816898E-01
 2.00987491993773E+03	-4.10664851512394E-01
 2.00987765783776E+03	-3.83793321406235E-01
 2.00988039573779E+03	-2.91370572615554E-01
 2.00988313363782E+03	-1.57599938406260E-01
 2.00988587153785E+03	-2.40412792298354E-02
 2.00988860943788E+03	 7.57619425776867E-02
 2.00989134733791E+03	 1.36645081653462E-01
 2.00989408523794E+03	 1.74603735418800E-01
 2.00989682313797E+03	 2.02603114318680E-01
 2.00989956103800E+03	 2.15751163259328E-01
 2.00990229893804E+03	 1.96718372185693E-01
 2.00990503683807E+03	 1.32545470057831E-01
 2.00990777473810E+03	 2.90565067804003E-02
 2.00991051263813E+03	-8.73837691655000E-02
 2.00991325053816E+03	-1.83423788452619E-01
 2.00991598843819E+03	-2.36040652578379E-01
 2.00991872633822E+03	-2.35416868873013E-01
 2.00992146423825E+03	-1.73778050883260E-01
 2.00992420213828E+03	-4.45820252560365E-02
 2.00992694003831E+03	 1.34937527207703E-01
 2.00992967793834E+03	 3.04889704700719E-01
 2.00993241583837E+03	 3.84543998781945E-01
 2.00993515373840E+03	 3.27143990119885E-01
 2.00993789163844E+03	 1.55395448157044E-01
 2.00994062953847E+03	-5.82514635879277E-02
 2.00994336743850E+03	-2.43895274847994E-01
 2.00994610533853E+03	-3.67426783840589E-01
 2.00994884323856E+03	-4.23010743798593E-01
 2.00995158113859E+03	-4.09590518104226E-01
 2.00995431903862E+03	-3.25776861478177E-01
 2.00995705693865E+03	-1.86243747338909E-01
 2.00995979483868E+03	-3.19232095698456E-02
 2.00996253273871E+03	 8.78329615977007E-02
 2.00996527063874E+03	 1.48264403998987E-01
 2.00996800853877E+03	 1.63245717870684E-01
 2.00997074643880E+03	 1.64931022147105E-01
 2.00997348433884E+03	 1.70210121415517E-01
 2.00997622223887E+03	 1.67072180432348E-01
 2.00997896013890E+03	 1.30875432629049E-01
 2.00998169803893E+03	 5.16523098931681E-02
 2.00998443593896E+03	-5.30132190115198E-02
 2.00998717383899E+03	-1.48832295547298E-01
 2.00998991173902E+03	-2.06473472102655E-01
 2.00999264963905E+03	-2.11828002373657E-01
 2.00999538753908E+03	-1.57866387847450E-01
 2.00999812543911E+03	-3.77288609113252E-02
 2.01000086333914E+03	 1.39477041089804E-01
 2.01000360123917E+03	 3.23951459396018E-01
 2.01000633913920E+03	 4.32638285007966E-01
 2.01000907703923E+03	 4.01016014295370E-01
 2.01001181493927E+03	 2.34013197586238E-01
 2.01001455283930E+03	 2.38877398693237E-03
 2.01001729073933E+03	-2.11151976016541E-01
 2.01002002863936E+03	-3.59951268613589E-01
 2.01002276653939E+03	-4.35727739364093E-01
 2.01002550443942E+03	-4.41272762057494E-01
 2.01002824233945E+03	-3.74474305355200E-01
 2.01003098023948E+03	-2.39501855699839E-01
 2.01003371813951E+03	-6.53950358515074E-02
 2.01003645603954E+03	 9.55513801715191E-02
 2.01003919393957E+03	 1.95381964644148E-01
 2.01004193183960E+03	 2.21553401334809E-01
 2.01004466973963E+03	 2.01355698787710E-01
 2.01004740763967E+03	 1.73185574132280E-01
 2.01005014553970E+03	 1.51799645933208E-01
 2.01005288343973E+03	 1.21292888560678E-01
 2.01005562133976E+03	 5.99792615690952E-02
 2.01005835923979E+03	-3.12873910651214E-02
 2.01006109713982E+03	-1.25700612807418E-01
 2.01006383503985E+03	-1.90663531520542E-01
 2.01006657293988E+03	-2.05891617313635E-01
 2.01006931083991E+03	-1.61505240742671E-01
 2.01007204873994E+03	-4.81871412545486E-02
 2.01007478663997E+03	 1.34141857232756E-01
 2.01007752454000E+03	 3.48563868979475E-01
 2.01008026244003E+03	 5.12114505108907E-01
 2.01008300034007E+03	 5.37021385384379E-01
 2.01008573824010E+03	 3.96062772132255E-01
 2.01008847614013E+03	 1.46709197542642E-01
 2.01009121404016E+03	-1.13070265820848E-01
 2.01009395194019E+03	-3.10948463431961E-01
 2.01009668984022E+03	-4.25277520093540E-01
 2.01009942774025E+03	-4.61511817475312E-01
 2.01010216564028E+03	-4.23376750306106E-01
 2.01010490354031E+03	-3.11719941737858E-01
 2.01010764144034E+03	-1.42225272597717E-01
 2.01011037934037E+03	 4.49246475166017E-02
 2.01011311724040E+03	 1.97039086562579E-01
 2.01011585514043E+03	 2.75831682065011E-01
 2.01011859304046E+03	 2.79293076296264E-01
 2.01012133094050E+03	 2.38303322780912E-01
 2.01012406884053E+03	 1.87471406093050E-01
 2.01012680674056E+03	 1.36942838120668E-01
 2.01012954464059E+03	 7.36148003054132E-02
 2.01013228254062E+03	-1.22289733421914E-02
 2.01013502044065E+03	-1.07293628664195E-01
 2.01013775834068E+03	-1.83157568788418E-01
 2.01014049624071E+03	-2.16554235979921E-01
 2.01014323414074E+03	-1.94919939008260E-01
 2.01014597204077E+03	-1.06147384441115E-01
 2.01014870994080E+03	 6.08678801771702E-02
 2.01015144784083E+03	 2.89871623245706E-01
 2.01015418574086E+03	 5.11965276638252E-01
 2.01015692364090E+03	 6.25305422293640E-01
 2.01015966154093E+03	 5.61325829344858E-01
 2.01016239944096E+03	 3.39381323434821E-01
 2.01016513734099E+03	 5.28671301315957E-02
 2.01016787524102E+03	-1.99450752011816E-01
 2.01017061314105E+03	-3.67465915629354E-01
 2.01017335104108E+03	-4.46995305823269E-01
 2.01017608894111E+03	-4.46600685843134E-01
 2.01017882684114E+03	-3.71254618493924E-01
 2.01018156474117E+03	-2.31771950456933E-01
 2.01018430264120E+03	-5.58214241353799E-02
 2.01018704054123E+03	 1.15576444121051E-01
 2.01018977844126E+03	 2.42062627091963E-01
 2.01019251634130E+03	 3.00028194522980E-01
 2.01019525424133E+03	 2.92830688143497E-01
 2.01019799214136E+03	 2.44970438417668E-01
 2.01020073004139E+03	 1.80472672633864E-01
 2.01020346794142E+03	 1.05960383933502E-01
 2.01020620584145E+03	 1.74098888218252E-02
 2.01020894374148E+03	-7.98476432864106E-02
 2.01021168164151E+03	-1.65366845006556E-01
 2.01021441954154E+03	-2.17636846287456E-01
 2.01021715744157E+03	-2.24717964348112E-01
 2.01021989534160E+03	-1.76283627237057E-01
 2.01022263324163E+03	-5.53933023374104E-02
 2.01022537114166E+03	 1.43815599592404E-01
 2.01022810904170E+03	 3.81891132491641E-01
 2.01023084694173E+03	 5.67625411516987E-01
 2.01023358484176E+03	 6.06064834418266E-01
 2.01023632274179E+03	 4.67407062842272E-01
 2.01023906064182E+03	 2.10709675420483E-01
 2.01024179854185E+03	-6.18580691736420E-02
 2.01024453644188E+03	-2.72609726415943E-01
 2.01024727434191E+03	-3.94885055528024E-01
 2.01025001224194E+03	-4.31898429077303E-01
 2.01025275014197E+03	-3.91677341311718E-01
 2.01025548804200E+03	-2.86582285520021E-01
 2.01025822594203E+03	-1.41807996279127E-01
 2.01026096384206E+03	 9.23756999731507E-03
 2.01026370174209E+03	 1.37597707643043E-01
 2.01026643964213E+03	 2.24551565095020E-01
 2.01026917754216E+03	 2.61489132033601E-01
 2.01027191544219E+03	 2.50934968116187E-01
 2.01027465334222E+03	 2.04629731229670E-01
 2.01027739124225E+03	 1.34640497402652E-01
 2.01028012914228E+03	 4.77626192208985E-02
 2.01028286704231E+03	-4.79741291063786E-02
 2.01028560494234E+03	-1.35903121900552E-01
 2.01028834284237E+03	-1.96982071233495E-01
 2.01029108074240E+03	-2.21149792171503E-01
 2.01029381864243E+03	-2.04071855825884E-01
 2.01029655654246E+03	-1.33524740950142E-01
 2.01029929444249E+03	 6.75726536473207E-03
 2.01030203234253E+03	 2.06522546474239E-01
 2.01030477024256E+03	 4.04390218452648E-01
 2.01030750814259E+03	 5.08950093695565E-01
 2.01031024604262E+03	 4.59489457573593E-01
 2.01031298394265E+03	 2.72085129687778E-01
 2.01031572184268E+03	 2.61199533495894E-02
 2.01031845974271E+03	-1.93219377143401E-01
 2.01032119764274E+03	-3.39071346485745E-01
 2.01032393554277E+03	-4.01541825487569E-01
 2.01032667344280E+03	-3.84744904899201E-01
 2.01032941134283E+03	-2.99760768518878E-01
 2.01033214924286E+03	-1.72997569302943E-01
 2.01033488714289E+03	-4.26761417222405E-02
 2.01033762504293E+03	 6.17680683311723E-02
 2.01034036294296E+03	 1.32624819139734E-01
 2.01034310084299E+03	 1.74750006910589E-01
 2.01034583874302E+03	 1.90313016455941E-01
 2.01034857664305E+03	 1.76204221052978E-01
 2.01035131454308E+03	 1.30795903536823E-01
 2.01035405244311E+03	 5.84303763026237E-02
 2.01035679034314E+03	-2.93256834708427E-02
 2.01035952824317E+03	-1.13586590069065E-01
 2.01036226614320E+03	-1.73892134005844E-01
 2.01036500404323E+03	-1.98899173201082E-01
 2.01036774194326E+03	-1.88085809149796E-01
 2.01037047984329E+03	-1.39013792055672E-01
 2.01037321774332E+03	-4.00486277902799E-02
 2.01037595564336E+03	 1.11258584554214E-01
 2.01037869354339E+03	 2.79591520581835E-01
 2.01038143144342E+03	 3.92931217876416E-01
 2.01038416934345E+03	 3.86224749892556E-01
 2.01038690724348E+03	 2.50685391189934E-01
 2.01038964514351E+03	 4.06804545899585E-02
 2.01039238304354E+03	-1.66712824843695E-01
 2.01039512094357E+03	-3.17394220182658E-01
 2.01039785884360E+03	-3.91806594683182E-01
 2.01040059674363E+03	-3.87955244838487E-01
 2.01040333464366E+03	-3.10658800573417E-01
 2.01040607254369E+03	-1.80795133622149E-01
 2.01040881044372E+03	-4.09987915867770E-02
 2.01041154834376E+03	 6.41479577662462E-02
 2.01041428624379E+03	 1.17384551295331E-01
 2.01041702414382E+03	 1.33648901568090E-01
 2.01041976204385E+03	 1.35709151460811E-01
 2.01042249994388E+03	 1.29938032107873E-01
 2.01042523784391E+03	 1.06043032781059E-01
 2.01042797574394E+03	 5.39399727928575E-02
 2.01043071364397E+03	-2.23916780693077E-02
 2.01043345154400E+03	-1.03704736219443E-01
 2.01043618944403E+03	-1.65032834640427E-01
 2.01043892734406E+03	-1.89164971539513E-01
 2.01044166524409E+03	-1.72824490732264E-01
 2.01044440314412E+03	-1.18347260917051E-01
 2.01044714104416E+03	-2.25504575559309E-02
 2.01044987894419E+03	 1.15602029541752E-01
 2.01045261684422E+03	 2.70361677024444E-01
 2.01045535474425E+03	 3.80948092962074E-01
 2.01045809264428E+03	 3.83571753678117E-01
 2.01046083054431E+03	 2.60135241932185E-01
 2.01046356844434E+03	 5.48360966220587E-02
 2.01046630634437E+03	-1.57855354972853E-01
 2.01046904424440E+03	-3.19787423103760E-01
 2.01047178214443E+03	-4.07478260713239E-01
 2.01047452004446E+03	-4.17654984710150E-01
 2.01047725794449E+03	-3.50997179522808E-01
 2.01047999584452E+03	-2.17804254904385E-01
 2.01048273374455E+03	-5.31062100452015E-02
 2.01048547164459E+03	 8.87981540580718E-02
 2.01048820954462E+03	 1.66034554501748E-01
 2.01049094744465E+03	 1.76870315489705E-01
 2.01049368534468E+03	 1.52966817157749E-01
 2.01049642324471E+03	 1.25328097651644E-01
 2.01049916114474E+03	 9.89659061364789E-02
 2.01050189904477E+03	 5.86986338480058E-02
 2.01050463694480E+03	-6.33693510374217E-03
 2.01050737484483E+03	-8.64513290971907E-02
 2.01051011274486E+03	-1.56068999591777E-01
 2.01051285064489E+03	-1.90940407923511E-01
 2.01051558854492E+03	-1.80411302746894E-01
 2.01051832644495E+03	-1.24007153347173E-01
 2.01052106434499E+03	-2.01889488235103E-02
 2.01052380224502E+03	 1.31625083209097E-01
 2.01052654014505E+03	 3.09174479923348E-01
 2.01052927804508E+03	 4.52134067233859E-01
 2.01053201594511E+03	 4.85981620153886E-01
 2.01053475384514E+03	 3.75378606162934E-01
 2.01053749174517E+03	 1.55768147757390E-01
 2.01054022964520E+03	-9.08882789939798E-02
 2.01054296754523E+03	-2.90949682733828E-01
 2.01054570544526E+03	-4.11209781339939E-01
 2.01054844334529E+03	-4.48764324636547E-01
 2.01055118124532E+03	-4.06704497311369E-01
 2.01055391914535E+03	-2.89372806290295E-01
 2.01055665704539E+03	-1.17914793565955E-01
 2.01055939494542E+03	 6.05480378698072E-02
 2.01056213284545E+03	 1.90118512767059E-01
 2.01056487074548E+03	 2.39527212286136E-01
 2.01056760864551E+03	 2.20572845545913E-01
 2.01057034654554E+03	 1.72123665210069E-01
 2.01057308444557E+03	 1.24592332193913E-01
 2.01057582234560E+03	 7.96723617137140E-02
 2.01057856024563E+03	 2.23377044026724E-02
 2.01058129814566E+03	-5.25526593122436E-02
 2.01058403604569E+03	-1.28616877631176E-01
 2.01058677394572E+03	-1.79997383218697E-01
 2.01058951184575E+03	-1.89392323734367E-01
 2.01059224974579E+03	-1.51244904441886E-01
 2.01059498764582E+03	-6.07081038776785E-02
 2.01059772554585E+03	 8.96141666050864E-02
 2.01060046344588E+03	 2.89526332423963E-01
 2.01060320134591E+03	 4.85884266380423E-01
 2.01060593924594E+03	 5.91556462577756E-01
 2.01060867714597E+03	 5.39274137804958E-01
 2.01061141504600E+03	 3.35693218791640E-01
 2.01061415294603E+03	 5.99986066393979E-02
 2.01061689084606E+03	-1.92560770158844E-01
 2.01061962874609E+03	-3.65032957708327E-01
 2.01062236664612E+03	-4.45703745162155E-01
 2.01062510454615E+03	-4.41078477435560E-01
 2.01062784244618E+03	-3.57459592324421E-01
 2.01063058034622E+03	-2.07803336311768E-01
 2.01063331824625E+03	-2.51088229065383E-02
 2.01063605614628E+03	 1.40353902999105E-01
 2.01063879404631E+03	 2.42648756593991E-01
 2.01064153194634E+03	 2.64851225690857E-01
 2.01064426984637E+03	 2.26307358852528E-01
 2.01064700774640E+03	 1.63968545631924E-01
 2.01064974564643E+03	 1.02821540060663E-01
 2.01065248354646E+03	 4.32469423588592E-02
 2.01065522144649E+03	-2.41325268307631E-02
 2.01065795934652E+03	-9.63347871379833E-02
 2.01066069724655E+03	-1.54885659547349E-01
 2.01066343514658E+03	-1.81435299619455E-01
 2.01066617304662E+03	-1.68257635476286E-01
 2.01066891094665E+03	-1.10014699041852E-01
 2.01067164884668E+03	 6.67341389500780E-03
 2.01067438674671E+03	 1.90223707612044E-01
 2.01067712464674E+03	 4.11237974861680E-01
 2.01067986254677E+03	 5.89168064364034E-01
 2.01068260044680E+03	 6.30663936414919E-01
 2.01068533834683E+03	 4.97152428496564E-01
 2.01068807624686E+03	 2.37844088872790E-01
 2.01069081414689E+03	-4.63097922466563E-02
 2.01069355204692E+03	-2.70371905863253E-01
 2.01069628994695E+03	-4.00283247486760E-01
 2.01069902784698E+03	-4.37666818335365E-01
 2.01070176574702E+03	-3.92479052157745E-01
 2.01070450364705E+03	-2.77563885858070E-01
 2.01070724154708E+03	-1.18172405311659E-01
 2.01070997944711E+03	 4.66590384747994E-02
 2.01071271734714E+03	 1.75993681944066E-01
 2.01071545524717E+03	 2.42089036354626E-01
 2.01071819314720E+03	 2.40564361960974E-01
 2.01072093104723E+03	 1.90413690942486E-01
 2.01072366894726E+03	 1.20305442636534E-01
 2.01072640684729E+03	 4.93324438655091E-02
 2.01072914474732E+03	-1.92174229072887E-02
 2.01073188264735E+03	-8.54924286928405E-02
 2.01073462054738E+03	-1.40492754231395E-01
 2.01073735844741E+03	-1.70633238582327E-01
 2.01074009634745E+03	-1.69871386515805E-01
 2.01074283424748E+03	-1.37614278195294E-01
 2.01074557214751E+03	-6.39192902719505E-02
 2.01074831004754E+03	 7.06411228731934E-02
 2.01075104794757E+03	 2.65778315494372E-01
 2.01075378584760E+03	 4.69860368904554E-01
 2.01075652374763E+03	 5.90293910748603E-01
 2.01075926164766E+03	 5.52748534205174E-01
 2.01076199954769E+03	 3.59328680839360E-01
 2.01076473744772E+03	 8.84923299893632E-02
 2.01076747534775E+03	-1.62275366973862E-01
 2.01077021324778E+03	-3.32647372218043E-01
 2.01077295114781E+03	-4.08324327013654E-01
 2.01077568904785E+03	-3.96898964469486E-01
 2.01077842694788E+03	-3.12532340570611E-01
 2.01078116484791E+03	-1.79798292476454E-01
 2.01078390274794E+03	-3.44887699740497E-02
 2.01078664064797E+03	 8.92011569843247E-02
 2.01078937854800E+03	 1.70357705856937E-01
 2.01079211644803E+03	 2.01272648257434E-01
 2.01079485434806E+03	 1.83892659785538E-01
 2.01079759224809E+03	 1.29614171094571E-01
 2.01080033014812E+03	 5.61529532101989E-02
 2.01080306804815E+03	-2.08218282598794E-02
 2.01080580594818E+03	-9.12697189132437E-02
 2.01080854384821E+03	-1.45882246009562E-01
 2.01081128174825E+03	-1.74400941822693E-01
 2.01081401964828E+03	-1.72988739344148E-01
 2.01081675754831E+03	-1.46762160718281E-01
 2.01081949544834E+03	-9.67423159443400E-02
 2.01082223334837E+03	-8.00496434204485E-03
 2.01082497124840E+03	 1.35404645486737E-01
 2.01082770914843E+03	 3.15102702882237E-01
 2.01083044704846E+03	 4.63589959401078E-01
 2.01083318494849E+03	 4.99035768869882E-01
 2.01083592284852E+03	 3.85923262793053E-01
 2.01083866074855E+03	 1.64552865062901E-01
 2.01084139864858E+03	-7.88941976816345E-02
 2.01084413654861E+03	-2.69414544607139E-01
 2.01084687444864E+03	-3.73422212572480E-01
 2.01084961234868E+03	-3.88601509485566E-01
 2.01085235024871E+03	-3.25780725173069E-01
 2.01085508814874E+03	-2.08189089909305E-01
 2.01085782604877E+03	-7.42739692858826E-02
 2.01086056394880E+03	 3.69527203470596E-02
 2.01086330184883E+03	 1.07063869504057E-01
 2.01086603974886E+03	 1.39714714076375E-01
 2.01086877764889E+03	 1.43044913871478E-01
 2.01087151554892E+03	 1.18208362422012E-01
 2.01087425344895E+03	 6.52484171051516E-02
 2.01087699134898E+03	-7.83445869653910E-03
 2.01087972924901E+03	-8.53250545086082E-02
 2.01088246714904E+03	-1.49165351098037E-01
 2.01088520504908E+03	-1.83842540688376E-01
 2.01088794294911E+03	-1.82542609441070E-01
 2.01089068084914E+03	-1.51111304583909E-01
 2.01089341874917E+03	-9.98443899694973E-02
 2.01089615664920E+03	-2.75641474136855E-02
 2.01089889454923E+03	 7.88243838705651E-02
 2.01090163244926E+03	 2.18848116880030E-01
 2.01090437034929E+03	 3.53031589576299E-01
 2.01090710824932E+03	 4.13916138206957E-01
 2.01090984614935E+03	 3.53129028072677E-01
 2.01091258404938E+03	 1.81475170226092E-01
 2.01091532194941E+03	-3.70425480231933E-02
 2.01091805984944E+03	-2.29003095840117E-01
 2.01092079774948E+03	-3.49196005553007E-01
 2.01092353564951E+03	-3.84162859927009E-01
 2.01092627354954E+03	-3.37314259328894E-01
 2.01092901144957E+03	-2.25219843704732E-01
 2.01093174934960E+03	-8.46878778703535E-02
 2.01093448724963E+03	 3.50936214380883E-02
 2.01093722514966E+03	 1.01204527886471E-01
 2.01093996304969E+03	 1.16776652076006E-01
 2.01094270094972E+03	 1.07232665442691E-01
 2.01094543884975E+03	 8.95494258082648E-02
 2.01094817674978E+03	 6.00226503037012E-02
 2.01095091464981E+03	 8.84767113735891E-03
 2.01095365254984E+03	-6.12952413019520E-02
 2.01095639044988E+03	-1.32114150774616E-01
 2.01095912834991E+03	-1.79935154248889E-01
 2.01096186624994E+03	-1.88529508117186E-01
 2.01096460414997E+03	-1.56803364110112E-01
 2.01096734205000E+03	-9.54200886277521E-02
 2.01097007995003E+03	-1.31861040389251E-02
 2.01097281785006E+03	 9.12610735123215E-02
 2.01097555575009E+03	 2.16690557487385E-01
 2.01097829365012E+03	 3.36195940400472E-01
 2.01098103155015E+03	 3.96098769880503E-01
 2.01098376945018E+03	 3.49694735069763E-01
 2.01098650735021E+03	 1.96653258814700E-01
 2.01098924525024E+03	-1.20019201383202E-02
 2.01099198315027E+03	-2.07538739384900E-01
 2.01099472105031E+03	-3.41090372157741E-01
 2.01099745895034E+03	-3.93595568136610E-01
 2.01100019685037E+03	-3.63170007591977E-01
 2.01100293475040E+03	-2.57881206476450E-01
 2.01100567265043E+03	-1.04702804441835E-01
 2.01100841055046E+03	 4.60164099708316E-02
 2.01101114845049E+03	 1.41954290190880E-01
 2.01101388635052E+03	 1.63097707329091E-01
 2.01101662425055E+03	 1.32352297098868E-01
 2.01101936215058E+03	 8.87269773697551E-02
 2.01102210005061E+03	 5.17973889242615E-02
 2.01102483795064E+03	 1.37525633379277E-02
 2.01102757585067E+03	-3.91720173505243E-02
 2.01103031375071E+03	-1.04302181163707E-01
 2.01103305165074E+03	-1.60868592120868E-01
 2.01103578955077E+03	-1.85161522137236E-01
 2.01103852745080E+03	-1.65531297296511E-01
 2.01104126535083E+03	-1.05039018224154E-01
 2.01104400325086E+03	-1.18060554407704E-02
 2.01104674115089E+03	 1.10192858479451E-01
 2.01104947905092E+03	 2.54636075262077E-01
 2.01105221695095E+03	 3.93769495479170E-01
 2.01105495485098E+03	 4.73237328497863E-01
 2.01105769275101E+03	 4.40374501194439E-01
 2.01106043065104E+03	 2.86415640177531E-01
 2.01106316855107E+03	 5.98651820491515E-02
 2.01106590645111E+03	-1.64260333361569E-01
 2.01106864435114E+03	-3.28149627101842E-01
 2.01107138225117E+03	-4.08402105077274E-01
 2.01107412015120E+03	-4.03084985443487E-01
 2.01107685805123E+03	-3.17016255989476E-01
 2.01107959595126E+03	-1.65954903326248E-01
 2.01108233385129E+03	 1.10636211492530E-02
 2.01108507175132E+03	 1.56842809169972E-01
 2.01108780965135E+03	 2.25309956532778E-01
 2.01109054755138E+03	 2.10972018481195E-01
 2.01109328545141E+03	 1.48351683853871E-01
 2.01109602335144E+03	 8.00030975176792E-02
 2.01109876125147E+03	 2.44860316736025E-02
 2.01110149915150E+03	-2.59851612752009E-02
 2.01110423705154E+03	-8.22557543273006E-02
 2.01110697495157E+03	-1.38448515171582E-01
 2.01110971285160E+03	-1.74720406447344E-01
 2.01111245075163E+03	-1.73939012468283E-01
 2.01111518865166E+03	-1.31433720288629E-01
 2.01111792655169E+03	-4.92281495456415E-02
 2.01112066445172E+03	 7.36688318292959E-02
 2.01112340235175E+03	 2.36580318005843E-01
 2.01112614025178E+03	 4.16219887966053E-01
 2.01112887815181E+03	 5.53853188143427E-01
 2.01113161605184E+03	 5.77900309751783E-01
 2.01113435395187E+03	 4.54014373343318E-01
 2.01113709185190E+03	 2.17042883586752E-01
 2.01113982975194E+03	-4.94081789045234E-02
 2.01114256765197E+03	-2.66338306772640E-01
 2.01114530555200E+03	-3.94768022578307E-01
 2.01114804345203E+03	-4.30183810747252E-01
 2.01115078135206E+03	-3.79931639352805E-01
 2.01115351925209E+03	-2.55779639798017E-01
 2.01115625715212E+03	-8.38251525171001E-02
 2.01115899505215E+03	 8.99258034442412E-02
 2.01116173295218E+03	 2.13381030735807E-01
 2.01116447085221E+03	 2.54521107244166E-01
 2.01116720875224E+03	 2.18786858137932E-01
 2.01116994665227E+03	 1.41522091118146E-01
 2.01117268455230E+03	 6.03174482789787E-02
 2.01117542245234E+03	-8.32315279394115E-03
 2.01117816035237E+03	-6.77000103271488E-02
 2.01118089825240E+03	-1.21520560719853E-01
 2.01118363615243E+03	-1.61447449035042E-01
 2.01118637405246E+03	-1.74075653929300E-01
 2.01118911195249E+03	-1.53504372542257E-01
 2.01119184985252E+03	-1.00289832221956E-01
 2.01119458775255E+03	-9.15969885871619E-03
 2.01119732565258E+03	 1.32347107867505E-01
 2.01120006355261E+03	 3.21505889893469E-01
 2.01120280145264E+03	 5.13402481593818E-01
 2.01120553935267E+03	 6.26064918495791E-01
 2.01120827725270E+03	 5.89124789468509E-01
 2.01121101515273E+03	 3.98433718966258E-01
 2.01121375305277E+03	 1.23708024236366E-01
 2.01121649095280E+03	-1.39227635995646E-01
 2.01121922885283E+03	-3.24238872534903E-01
 2.01122196675286E+03	-4.11254671996171E-01
 2.01122470465289E+03	-4.06586559551600E-01
 2.01122744255292E+03	-3.24088666667073E-01
 2.01123018045295E+03	-1.85391215437152E-01
 2.01123291835298E+03	-2.51453743629984E-02
 2.01123565625301E+03	 1.14796987460008E-01
 2.01123839415304E+03	 1.99880982984766E-01
 2.01124113205307E+03	 2.15483392344520E-01
 2.01124386995310E+03	 1.71292361672350E-01
 2.01124660785313E+03	 9.43556074786210E-02
 2.01124934575317E+03	 1.27014762048008E-02
 2.01125208365320E+03	-5.84095073810467E-02
 2.01125482155323E+03	-1.15222548457251E-01
 2.01125755945326E+03	-1.54255062432717E-01
 2.01126029735329E+03	-1.68639104234992E-01
 2.01126303525332E+03	-1.56191116344261E-01
 2.01126577315335E+03	-1.22745440381045E-01
 2.01126851105338E+03	-6.96864394932180E-02
 2.01127124895341E+03	 1.84682867716305E-02
 2.01127398685344E+03	 1.61383640197472E-01
 2.01127672475347E+03	 3.47784188378077E-01
 2.01127946265350E+03	 5.15048408138567E-01
 2.01128220055353E+03	 5.76596627102120E-01
 2.01128493845357E+03	 4.83036785502083E-01
 2.01128767635360E+03	 2.62255747715178E-01
 2.01129041425363E+03	-1.36859280780724E-04
 2.01129315215366E+03	-2.18713512435111E-01
 2.01129589005369E+03	-3.48905725590659E-01
 2.01129862795372E+03	-3.84901188856487E-01
 2.01130136585375E+03	-3.39252943237507E-01
 2.01130410375378E+03	-2.34461544426771E-01
 2.01130684165381E+03	-1.03787238050313E-01
 2.01130957955384E+03	 1.63387318525179E-02
 2.01131231745387E+03	 1.00346820153183E-01
 2.01131505535390E+03	 1.38443660289994E-01
 2.01131779325393E+03	 1.31164565633404E-01
 2.01132053115397E+03	 8.56716878248310E-02
 2.01132326905400E+03	 1.64026498135057E-02
 2.01132600695403E+03	-5.79931871059491E-02
 2.01132874485406E+03	-1.21515785788893E-01
 2.01133148275409E+03	-1.63149221828106E-01
 2.01133422065412E+03	-1.75277675032126E-01
 2.01133695855415E+03	-1.56787438069654E-01
 2.01133969645418E+03	-1.17867490595771E-01
 2.01134243435421E+03	-7.24275630220597E-02
 2.01134517225424E+03	-1.92781139490699E-02
 2.01134791015427E+03	 6.31408993409764E-02
 2.01135064805430E+03	 1.91269194749894E-01
 2.01135338595433E+03	 3.40986861678290E-01
 2.01135612385436E+03	 4.44429870731192E-01
 2.01135886175440E+03	 4.33359973077971E-01
 2.01136159965443E+03	 2.93012597485303E-01
 2.01136433755446E+03	 7.53841759906254E-02
 2.01136707545449E+03	-1.38534414381796E-01
 2.01136981335452E+03	-2.87601157909272E-01
 2.01137255125455E+03	-3.48551523354982E-01
 2.01137528915458E+03	-3.24760189561268E-01
 2.01137802705461E+03	-2.35472069846622E-01
 2.01138076495464E+03	-1.15495333863237E-01
 2.01138350285467E+03	-7.65901110951794E-03
 2.01138624075470E+03	 5.87407294239440E-02
 2.01138897865473E+03	 8.16724688043143E-02
 2.01139171655476E+03	 7.50763273363366E-02
 2.01139445445480E+03	 4.83034581072605E-02
 2.01139719235483E+03	 1.82553041885128E-03
 2.01139993025486E+03	-6.12902257840458E-02
 2.01140266815489E+03	-1.27911581682276E-01
 2.01140540605492E+03	-1.79245380369242E-01
 2.01140814395495E+03	-1.98839357605766E-01
 2.01141088185498E+03	-1.78960448918690E-01
 2.01141361975501E+03	-1.25971517461324E-01
 2.01141635765504E+03	-5.87643346733449E-02
 2.01141909555507E+03	 6.34853132496187E-03
 2.01142183345510E+03	 7.22724961768713E-02
 2.01142457135513E+03	 1.55622869562154E-01
 2.01142730925516E+03	 2.57444082577672E-01
 2.01143004715520E+03	 3.41892503836861E-01
 2.01143278505523E+03	 3.53098948102172E-01
 2.01143552295526E+03	 2.59764286952468E-01
 2.01143826085529E+03	 8.44806629213923E-02
 2.01144099875532E+03	-1.10239046386707E-01
 2.01144373665535E+03	-2.62197179721312E-01
 2.01144647455538E+03	-3.36849082209630E-01
 2.01144921245541E+03	-3.26617345333761E-01
 2.01145195035544E+03	-2.41832944884749E-01
 2.01145468825547E+03	-1.11756548318740E-01
 2.01145742615550E+03	 1.56781417779489E-02
 2.01146016405553E+03	 9.43924259057856E-02
 2.01146290195556E+03	 1.09421125810707E-01
 2.01146563985559E+03	 8.17791745007340E-02
 2.01146837775563E+03	 4.13168056464333E-02
 2.01147111565566E+03	-8.21279993199290E-04
 2.01147385355569E+03	-5.11099463974682E-02
 2.01147659145572E+03	-1.12866457385086E-01
 2.01147932935575E+03	-1.73844460509529E-01
 2.01148206725578E+03	-2.12163476796946E-01
 2.01148480515581E+03	-2.09590304719413E-01
 2.01148754305584E+03	-1.61481786949740E-01
 2.01149028095587E+03	-7.95011009436930E-02
 2.01149301885590E+03	 1.60141399813946E-02
 2.01149575675593E+03	 1.11043157975031E-01
 2.01149849465596E+03	 2.04598337323817E-01
 2.01150123255599E+03	 2.95294306355060E-01
 2.01150397045603E+03	 3.61582447396367E-01
 2.01150670835606E+03	 3.63886297323208E-01
 2.01150944625609E+03	 2.74437899490257E-01
 2.01151218415612E+03	 1.06253391585121E-01
 2.01151492205615E+03	-8.92866360406991E-02
 2.01151765995618E+03	-2.53138950044998E-01
 2.01152039785621E+03	-3.46680362841721E-01
 2.01152313575624E+03	-3.56222685782752E-01
 2.01152587365627E+03	-2.84329792438167E-01
 2.01152861155630E+03	-1.49355603552791E-01
 2.01153134945633E+03	 7.50727200863267E-03
 2.01153408735636E+03	 1.30011823329710E-01
 2.01153682525639E+03	 1.77557492074495E-01
 2.01153956315643E+03	 1.52299456834207E-01
 2.01154230105646E+03	 9.13183129975497E-02
 2.01154503895649E+03	 3.03264297193348E-02
 2.01154777685652E+03	-2.21002181802721E-02
 2.01155051475655E+03	-7.62978608313077E-02
 2.01155325265658E+03	-1.36463664368152E-01
 2.01155599055661E+03	-1.89045949002927E-01
 2.01155872845664E+03	-2.12018285666213E-01
 2.01156146635667E+03	-1.90360791604622E-01
 2.01156420425670E+03	-1.23822430551763E-01
 2.01156694215673E+03	-2.39321603620110E-02
 2.01156968005676E+03	 9.53381180324202E-02
 2.01157241795679E+03	 2.23678289537272E-01
 2.01157515585682E+03	 3.48425647708524E-01
 2.01157789375686E+03	 4.41949701417860E-01
 2.01158063165689E+03	 4.62770427012767E-01
 2.01158336955692E+03	 3.80467191548214E-01
 2.01158610745695E+03	 2.04479563711300E-01
 2.01158884535698E+03	-1.38668437244849E-02
 2.01159158325701E+03	-2.10222150937105E-01
 2.01159432115704E+03	-3.39119504931729E-01
 2.01159705905707E+03	-3.82855520193974E-01
 2.01159979695710E+03	-3.41224948655520E-01
 2.01160253485713E+03	-2.24906913312758E-01
 2.01160527275716E+03	-6.20945399444452E-02
 2.01160801065719E+03	 9.72487743444925E-02
 2.01161074855722E+03	 1.98423509486255E-01
 2.01161348645726E+03	 2.13991197465686E-01
 2.01161622435729E+03	 1.60750175548050E-01
 2.01161896225732E+03	 8.19674641009765E-02
 2.01162170015735E+03	 1.13842302440827E-02
 2.01162443805738E+03	-4.53466866274884E-02
 2.01162717595741E+03	-9.78949095570826E-02
 2.01162991385744E+03	-1.48010578780055E-01
 2.01163265175747E+03	-1.82486166995929E-01
 2.01163538965750E+03	-1.84785884100285E-01
 2.01163812755753E+03	-1.47777558532629E-01
 2.01164086545756E+03	-7.43723870187468E-02
 2.01164360335759E+03	 3.05888924581284E-02
 2.01164634125762E+03	 1.64397126816784E-01
 2.01164907915766E+03	 3.17922293036046E-01
 2.01165181705769E+03	 4.60815323453789E-01
 2.01165455495772E+03	 5.40383493970462E-01
 2.01165729285775E+03	 5.07335663250591E-01
 2.01166003075778E+03	 3.52891407107672E-01
 2.01166276865781E+03	 1.22301183773089E-01
 2.01166550655784E+03	-1.10872874784728E-01
 2.01166824445787E+03	-2.85754247790234E-01
 2.01167098235790E+03	-3.74545022352866E-01
 2.01167372025793E+03	-3.74737346808114E-01
 2.01167645815796E+03	-2.95365882017299E-01
 2.01167919605799E+03	-1.56197159603143E-01
 2.01168193395802E+03	 5.85190125985281E-03
 2.01168467185806E+03	 1.40923011281046E-01
 2.01168740975809E+03	 2.06929969825657E-01
 2.01169014765812E+03	 1.92693312764382E-01
 2.01169288555815E+03	 1.22703308207238E-01
 2.01169562345818E+03	 3.71400982640798E-02
 2.01169836135821E+03	-3.58536273536030E-02
 2.01170109925824E+03	-9.08879536268595E-02
 2.01170383715827E+03	-1.33048746018754E-01
 2.01170657505830E+03	-1.61287386535389E-01
 2.01170931295833E+03	-1.66943215765815E-01
 2.01171205085836E+03	-1.44550572814057E-01
 2.01171478875839E+03	-9.68652717889629E-02
 2.01171752665842E+03	-2.64475736194939E-02
 2.01172026455845E+03	 7.32982611424585E-02
 2.01172300245849E+03	 2.10520066152687E-01
 2.01172574035852E+03	 3.72075191604419E-01
 2.01172847825855E+03	 5.09027854612017E-01
 2.01173121615858E+03	 5.54233288400888E-01
 2.01173395405861E+03	 4.66653541555286E-01
 2.01173669195864E+03	 2.65298624830136E-01
 2.01173942985867E+03	 1.99016167394070E-02
 2.01174216775870E+03	-1.92885048620923E-01
 2.01174490565873E+03	-3.26715542413627E-01
 2.01174764355876E+03	-3.70037953945018E-01
 2.01175038145879E+03	-3.30773619358062E-01
 2.01175311935882E+03	-2.26995300950884E-01
 2.01175585725885E+03	-8.82860074804421E-02
 2.01175859515889E+03	 4.57654804076115E-02
 2.01176133305892E+03	 1.37058987779997E-01
 2.01176407095895E+03	 1.63561313117614E-01
 2.01176680885898E+03	 1.27358527432757E-01
 2.01176954675901E+03	 5.15753503114669E-02
 2.01177228465904E+03	-3.30314511468947E-02
 2.01177502255907E+03	-1.03828701289424E-01
 2.01177776045910E+03	-1.52235593339565E-01
 2.01178049835913E+03	-1.76776482666863E-01
 2.01178323625916E+03	-1.75327322504434E-01
 2.01178597415919E+03	-1.47759818196098E-01
 2.01178871205922E+03	-1.02120599160125E-01
 2.01179144995925E+03	-4.92142181449623E-02
 2.01179418785929E+03	 1.27265847335602E-02
 2.01179692575932E+03	 1.01927572807690E-01
 2.01179966365935E+03	 2.31630797211781E-01
 2.01180240155938E+03	 3.79881974759749E-01
 2.01180513945941E+03	 4.85049999418306E-01
 2.01180787735944E+03	 4.81708140164744E-01
 2.01181061525947E+03	 3.50047486387871E-01
 2.01181335315950E+03	 1.33740261129238E-01
 2.01181609105953E+03	-8.96947201046703E-02
 2.01181882895956E+03	-2.55646622906883E-01
 2.01182156685959E+03	-3.35608017105829E-01
 2.01182430475962E+03	-3.30231142410792E-01
 2.01182704265965E+03	-2.56277074821900E-01
 2.01182978055968E+03	-1.42601551936466E-01
 2.01183251845972E+03	-2.61716827288435E-02
 2.01183525635975E+03	 6.04218816029842E-02
 2.01183799425978E+03	 1.00497772652787E-01
 2.01184073215981E+03	 9.30888307207055E-02
 2.01184347005984E+03	 4.63228200891794E-02
 2.01184620795987E+03	-2.56435347583398E-02
 2.01184894585990E+03	-1.03694902186602E-01
 2.01185168375993E+03	-1.68577928993905E-01
 2.01185442165996E+03	-2.06365256184540E-01
 2.01185715955999E+03	-2.09457190944148E-01
 2.01185989746002E+03	-1.77057468557953E-01
 2.01186263536005E+03	-1.19112583304880E-01
 2.01186537326008E+03	-5.52780192686970E-02
 2.01186811116012E+03	-7.07223850491658E-05
 2.01187084906015E+03	 5.40465592757247E-02
 2.01187358696018E+03	 1.31342186170398E-01
 2.01187632486021E+03	 2.41671376107536E-01
 2.01187906276024E+03	 3.53544112299500E-01
 2.01188180066027E+03	 4.04854064944150E-01
 2.01188453856030E+03	 3.48245641667790E-01
 2.01188727646033E+03	 1.90426541989211E-01
 2.01189001436036E+03	-1.09253558298327E-02
 2.01189275226039E+03	-1.86242150349638E-01
 2.01189549016042E+03	-2.90253877669233E-01
 2.01189822806045E+03	-3.09914818892436E-01
 2.01190096596048E+03	-2.55113044941804E-01
 2.01190370386052E+03	-1.52917718297120E-01
 2.01190644176055E+03	-4.36682725715125E-02
 2.01190917966058E+03	 3.43043287288510E-02
 2.01191191756061E+03	 6.47598666187579E-02
 2.01191465546064E+03	 5.62264478955358E-02
 2.01191739336067E+03	 2.40875103626880E-02
 2.01192013126070E+03	-2.47173660098250E-02
 2.01192286916073E+03	-8.79128118902599E-02
 2.01192560706076E+03	-1.56163625167443E-01
 2.01192834496079E+03	-2.11236656685240E-01
 2.01193108286082E+03	-2.34230863569684E-01
 2.01193382076085E+03	-2.14073912363467E-01
 2.01193655866088E+03	-1.53268662683726E-01
 2.01193929656091E+03	-7.01928140241068E-02
 2.01194203446095E+03	 9.03533179965753E-03
 2.01194477236098E+03	 7.00314724534558E-02
 2.01194751026101E+03	 1.22738794548967E-01
 2.01195024816104E+03	 1.87508192154687E-01
 2.01195298606107E+03	 2.63812884117211E-01
 2.01195572396110E+03	 3.16112234752338E-01
 2.01195846186113E+03	 2.97312866154990E-01
 2.01196119976116E+03	 1.89696680129850E-01
 2.01196393766119E+03	 2.34863963228167E-02
 2.01196667556122E+03	-1.42785289423713E-01
 2.01196941346125E+03	-2.57324610974448E-01
 2.01197215136128E+03	-2.94234512473829E-01
 2.01197488926131E+03	-2.52170641400515E-01
 2.01197762716135E+03	-1.50255972360218E-01
 2.01198036506138E+03	-2.79522371760375E-02
 2.01198310296141E+03	 6.55125154319816E-02
 2.01198584086144E+03	 9.80042000175824E-02
 2.01198857876147E+03	 7.44619562380628E-02
 2.01199131666150E+03	 2.53679714820963E-02
 2.01199405456153E+03	-2.48875784335009E-02
 2.01199679246156E+03	-7.41105020041409E-02
 2.01199953036159E+03	-1.29291871737634E-01
 2.01200226826162E+03	-1.86514394972470E-01
 2.01200500616165E+03	-2.27526262456055E-01
 2.01200774406168E+03	-2.31527376491785E-01
 2.01201048196171E+03	-1.87924232974137E-01
 2.01201321986175E+03	-1.03095806690685E-01
 2.01201595776178E+03	 7.03053074264574E-04
 2.01201869566181E+03	 9.71800286765589E-02
 2.01202143356184E+03	 1.73104645872414E-01
 2.01202417146187E+03	 2.33100460630936E-01
 2.01202690936190E+03	 2.83149737719826E-01
 2.01202964726193E+03	 3.10348864334218E-01
 2.01203238516196E+03	 2.85467297120632E-01
 2.01203512306199E+03	 1.89787442934665E-01
 2.01203786096202E+03	 3.85355168320983E-02
 2.01204059886205E+03	-1.23391179980426E-01
 2.01204333676208E+03	-2.47101902372756E-01
 2.01204607466211E+03	-3.01023530420386E-01
 2.01204881256215E+03	-2.74838682322594E-01
 2.01205155046218E+03	-1.76862674741995E-01
 2.01205428836221E+03	-3.69210552472262E-02
 2.01205702626224E+03	 9.41141450139947E-02
 2.01205976416227E+03	 1.64646737018739E-01
 2.01206250206230E+03	 1.54819880163740E-01
 2.01206523996233E+03	 8.88550738757017E-02
 2.01206797786236E+03	 1.04985802818544E-02
 2.01207071576239E+03	-5.36730152866398E-02
 2.01207345366242E+03	-1.05339841863181E-01
 2.01207619156245E+03	-1.54872623194872E-01
 2.01207892946248E+03	-1.99615969079852E-01
 2.01208166736251E+03	-2.22544727347829E-01
 2.01208440526254E+03	-2.05851615518963E-01
 2.01208714316258E+03	-1.43070862698197E-01
 2.01208988106261E+03	-4.27285386719673E-02
 2.01209261896264E+03	 7.57147215740228E-02
 2.01209535686267E+03	 1.91415785690240E-01
 2.01209809476270E+03	 2.90361606775401E-01
 2.01210083266273E+03	 3.63176166029900E-01
 2.01210357056276E+03	 3.95192081169305E-01
 2.01210630846279E+03	 3.65060070815438E-01
 2.01210904636282E+03	 2.60520126249617E-01
 2.01211178426285E+03	 9.68189670488948E-02
 2.01211452216288E+03	-8.37856572575822E-02
 2.01211726006291E+03	-2.32697529153916E-01
 2.01211999796294E+03	-3.15817563781402E-01
 2.01212273586298E+03	-3.18907486104564E-01
 2.01212547376301E+03	-2.43321990671124E-01
 2.01212821166304E+03	-1.06773140492892E-01
 2.01213094956307E+03	 5.09789736148931E-02
 2.01213368746310E+03	 1.74236310087566E-01
 2.01213642536313E+03	 2.18047713495226E-01
 2.01213916326316E+03	 1.77053521580499E-01
 2.01214190116319E+03	 8.69238355026332E-02
 2.01214463906322E+03	-6.10055564990141E-03
 2.01214737696325E+03	-7.78008671486836E-02
 2.01215011486328E+03	-1.30408380394730E-01
 2.01215285276331E+03	-1.72206611531792E-01
 2.01215559066334E+03	-2.00170576503252E-01
 2.01215832856338E+03	-2.01898398464913E-01
 2.01216106646341E+03	-1.67605920427292E-01
 2.01216380436344E+03	-9.66814832192817E-02
 2.01216654226347E+03	 4.31738970072205E-03
 2.01216928016350E+03	 1.25831188621115E-01
 2.01217201806353E+03	 2.56039377363078E-01
 2.01217475596356E+03	 3.76946549706680E-01
 2.01217749386359E+03	 4.60084261241185E-01
 2.01218023176362E+03	 4.71203663896540E-01
 2.01218296966365E+03	 3.88506667533819E-01
 2.01218570756368E+03	 2.22585942897975E-01
 2.01218844546371E+03	 1.78588021874310E-02
 2.01219118336374E+03	-1.69111306516171E-01
 2.01219392126377E+03	-2.95599879483970E-01
 2.01219665916381E+03	-3.42524032134796E-01
 2.01219939706384E+03	-3.08619430419986E-01
 2.01220213496387E+03	-2.05013683543388E-01
 2.01220487286390E+03	-5.82866944548698E-02
 2.01220761076393E+03	 8.75246637525306E-02
 2.01221034866396E+03	 1.83176124993366E-01
 2.01221308656399E+03	 1.98658256016544E-01
 2.01221582446402E+03	 1.40726303350353E-01
 2.01221856236405E+03	 4.60194823598046E-02
 2.01222130026408E+03	-4.57968594941308E-02
 2.01222403816411E+03	-1.14647123362513E-01
 2.01222677606414E+03	-1.60059153084903E-01
 2.01222951396417E+03	-1.85672208672733E-01
 2.01223225186421E+03	-1.89415546708390E-01
 2.01223498976424E+03	-1.67666202299169E-01
 2.01223772766427E+03	-1.22042818724738E-01
 2.01224046556430E+03	-5.70463061019057E-02
 2.01224320346433E+03	 2.75569160876740E-02
 2.01224594136436E+03	 1.36767643214404E-01
 2.01224867926439E+03	 2.68098375151228E-01
 2.01225141716442E+03	 3.97214903952964E-01
 2.01225415506445E+03	 4.78206595764586E-01
 2.01225689296448E+03	 4.65840732832131E-01
 2.01225963086451E+03	 3.46651666939532E-01
 2.01226236876454E+03	 1.52812817925678E-01
 2.01226510666457E+03	-5.48635813183389E-02
 2.01226784456461E+03	-2.19848744058114E-01
 2.01227058246464E+03	-3.11090154087599E-01
 2.01227332036467E+03	-3.22329958236684E-01
 2.01227605826470E+03	-2.62831855140138E-01
 2.01227879616473E+03	-1.53657401314195E-01
 2.01228153406476E+03	-2.75845500187505E-02
 2.01228427196479E+03	 7.67810303453802E-02
 2.01228700986482E+03	 1.28230616006526E-01
 2.01228974776485E+03	 1.15771999168191E-01
 2.01229248566488E+03	 5.24522976569641E-02
 2.01229522356491E+03	-3.30382853663929E-02
 2.01229796146494E+03	-1.12124177298541E-01
 2.01230069936497E+03	-1.68105906950746E-01
 2.01230343726500E+03	-1.95917345784724E-01
 2.01230617516504E+03	-1.94958058581910E-01
 2.01230891306507E+03	-1.66856083611682E-01
 2.01231165096510E+03	-1.19653015320879E-01
 2.01231438886513E+03	-6.69831932177195E-02
 2.01231712676516E+03	-1.62215675929914E-02
 2.01231986466519E+03	 4.21990357966819E-02
 2.01232260256522E+03	 1.27135550638455E-01
 2.01232534046525E+03	 2.42017557675801E-01
 2.01232807836528E+03	 3.56178824903135E-01
 2.01233081626531E+03	 4.14845962207028E-01
 2.01233355416534E+03	 3.74983585122036E-01
 2.01233629206537E+03	 2.37915789324638E-01
 2.01233902996540E+03	 5.03481413928850E-02
 2.01234176786544E+03	-1.25256103828576E-01
 2.01234450576547E+03	-2.42945242729756E-01
 2.01234724366550E+03	-2.84933223716697E-01
 2.01234998156553E+03	-2.55976451458326E-01
 2.01235271946556E+03	-1.76452032652693E-01
 2.01235545736559E+03	-7.79715388565740E-02
 2.01235819526562E+03	 5.62275216258637E-03
 2.01236093316565E+03	 5.10949156036902E-02
 2.01236367106568E+03	 5.19649767843555E-02
 2.01236640896571E+03	 1.44197230191278E-02
 2.01236914686574E+03	-4.89174560523599E-02
 2.01237188476577E+03	-1.21563254002298E-01
 2.01237462266580E+03	-1.85310182408861E-01
 2.01237736056584E+03	-2.24447744428433E-01
 2.01238009846587E+03	-2.28948557679867E-01
 2.01238283636590E+03	-1.95887574928654E-01
 2.01238557426593E+03	-1.32594124269527E-01
 2.01238831216596E+03	-5.87649109411204E-02
 2.01239105006599E+03	 2.21510372363367E-03
 2.01239378796602E+03	 4.21411994023147E-02
 2.01239652586605E+03	 7.79111888978838E-02
 2.01239926376608E+03	 1.35505742916602E-01
 2.01240200166611E+03	 2.18498543277351E-01
 2.01240473956614E+03	 2.92964846934501E-01
 2.01240747746617E+03	 3.07985274933360E-01
 2.01241021536620E+03	 2.35571159389300E-01
 2.01241295326624E+03	 9.39039752239775E-02
 2.01241569116627E+03	-6.51093067272586E-02
 2.01241842906630E+03	-1.88299897509818E-01
 2.01242116696633E+03	-2.44452447110607E-01
 2.01242390486636E+03	-2.27941095849062E-01
 2.01242664276639E+03	-1.54508011130351E-01
 2.01242938066642E+03	-5.75686017353327E-02
 2.01243211856645E+03	 2.19979527264843E-02
 2.01243485646648E+03	 5.58215397683701E-02
 2.01243759436651E+03	 4.21228766582007E-02
 2.01244033226654E+03	-1.68311620087371E-03
 2.01244307016657E+03	-5.87069762701688E-02
 2.01244580806660E+03	-1.21640197458250E-01
 2.01244854596663E+03	-1.85280544336861E-01
 2.01245128386667E+03	-2.37764166606784E-01
 2.01245402176670E+03	-2.62219375493440E-01
 2.01245675966673E+03	-2.44855652836878E-01
 2.01245949756676E+03	-1.82529955630159E-01
 2.01246223546679E+03	-8.81497016130702E-02
 2.01246497336681E+03	 1.03417845072510E-02
 2.01246771126685E+03	 8.42419016404851E-02
 2.01247044916688E+03	 1.25210337777924E-01
 2.01247318706691E+03	 1.51224844922121E-01
 2.01247592496694E+03	 1.85406931827172E-01
 2.01247866286697E+03	 2.26519112986831E-01
 2.01248140076700E+03	 2.43303294845456E-01
 2.01248413866703E+03	 2.01047558383831E-01
 2.01248687656707E+03	 9.44706061299482E-02
 2.01248961446710E+03	-4.43714683096777E-02
 2.01249235236713E+03	-1.66800908699874E-01
 2.01249509026716E+03	-2.33756614584188E-01
 2.01249782816719E+03	-2.27830372624281E-01
 2.01250056606722E+03	-1.54016661976989E-01
 2.01250330396725E+03	-4.00214827548328E-02
 2.01250604186728E+03	 6.77764701131812E-02
 2.01250877976731E+03	 1.24100910852170E-01
 2.01251151766734E+03	 1.12246337186207E-01
 2.01251425556737E+03	 5.21173476743141E-02
 2.01251699346740E+03	-2.21004303317838E-02
 2.01251973136743E+03	-9.05182432518491E-02
 2.01252246926747E+03	-1.52645332840474E-01
 2.01252520716750E+03	-2.10442943523955E-01
 2.01252794506753E+03	-2.54461567741204E-01
 2.01253068296756E+03	-2.66800504349610E-01
 2.01253342086759E+03	-2.32822767192975E-01
 2.01253615876762E+03	-1.50866538072482E-01
 2.01253889666765E+03	-3.69656593718608E-02
 2.01254163456768E+03	 7.87698819177390E-02
 2.01254437246771E+03	 1.67651447478392E-01
 2.01254711036774E+03	 2.20400834094767E-01
 2.01254984826777E+03	 2.48286223718870E-01
 2.01255258616780E+03	 2.63107194169896E-01
 2.01255532406783E+03	 2.57805792735598E-01
 2.01255806196786E+03	 2.11156224967507E-01
 2.01256079986790E+03	 1.12348704314675E-01
 2.01256353776793E+03	-2.12984339978198E-02
 2.01256627566796E+03	-1.50816293766531E-01
 2.01256901356799E+03	-2.36602745265937E-01
 2.01257175146802E+03	-2.53732349045537E-01
 2.01257448936805E+03	-1.96019915105582E-01
 2.01257722726808E+03	-7.83929941078945E-02
 2.01257996516811E+03	 5.98415764473729E-02
 2.01258270306814E+03	 1.64025548745464E-01
 2.01258544096817E+03	 1.92481251467040E-01
 2.01258817886820E+03	 1.43970814392659E-01
 2.01259091676823E+03	 5.48939414649966E-02
 2.01259365466826E+03	-3.34885152572172E-02
 2.01259639256830E+03	-1.03826662391211E-01
 2.01259913046833E+03	-1.60722443661931E-01
 2.01260186836836E+03	-2.08896058642791E-01
 2.01260460626839E+03	-2.40080648531214E-01
 2.01260734416842E+03	-2.38472314903750E-01
 2.01261008206845E+03	-1.92719276337306E-01
 2.01261281996848E+03	-1.03543331708877E-01
 2.01261555786851E+03	 1.40814294766900E-02
 2.01261829576854E+03	 1.34936468901498E-01
 2.01262103366857E+03	 2.34908664768497E-01
 2.01262377156860E+03	 3.01886840070014E-01
 2.01262650946863E+03	 3.34328324368774E-01
 2.01262924736866E+03	 3.29496302813261E-01
 2.01263198526870E+03	 2.78245594320817E-01
 2.01263472316873E+03	 1.75686951165328E-01
 2.01263746106876E+03	 3.56673307243042E-02
 2.01264019896879E+03	-1.08794034971048E-01
 2.01264293686882E+03	-2.20034061251000E-01
 2.01264567476885E+03	-2.70398584579008E-01
 2.01264841266888E+03	-2.47278849531984E-01
 2.01265115056891E+03	-1.54197573133751E-01
 2.01265388846894E+03	-1.55763828443076E-02
 2.01265662636897E+03	 1.21599244777108E-01
 2.01265936426900E+03	 2.03523453509125E-01
 2.01266210216903E+03	 2.00290197375390E-01
 2.01266484006906E+03	 1.25673415126625E-01
 2.01266757796909E+03	 2.39198808543332E-02
 2.01267031586913E+03	-6.51689548813727E-02
 2.01267305376916E+03	-1.28563731728697E-01
 2.01267579166919E+03	-1.72426669206630E-01
 2.01267852956922E+03	-2.01488519825267E-01
 2.01268126746925E+03	-2.10346031768984E-01
 2.01268400536928E+03	-1.90027464256674E-01
 2.01268674326931E+03	-1.36266802339143E-01
 2.01268948116934E+03	-5.17614029760142E-02
 2.01269221906937E+03	 5.44384828198274E-02
 2.01269495696940E+03	 1.67855098970185E-01
 2.01269769486943E+03	 2.71120113450423E-01
 2.01270043276946E+03	 3.46865190936174E-01
 2.01270317066949E+03	 3.78360791432207E-01
 2.01270590856953E+03	 3.51039298495768E-01
 2.01270864646956E+03	 2.59995446237900E-01
 2.01271138436959E+03	 1.19326097155063E-01
 2.01271412226962E+03	-3.80604315482929E-02
 2.01271686016965E+03	-1.73286923578739E-01
 2.01271959806968E+03	-2.56312828442687E-01
 2.01272233596971E+03	-2.71835760969599E-01
 2.01272507386974E+03	-2.18268626696272E-01
 2.01272781176977E+03	-1.08824811633937E-01
 2.01273054966980E+03	 2.45700309258183E-02
 2.01273328756983E+03	 1.35165650291695E-01
 2.01273602546986E+03	 1.80558105222348E-01
 2.01273876336989E+03	 1.47181653685844E-01
 2.01274150126993E+03	 5.85372721665911E-02
 2.01274423916996E+03	-4.27776613434536E-02
 2.01274697706999E+03	-1.23630172405291E-01
 2.01274971497002E+03	-1.73884869113025E-01
 2.01275245287005E+03	-1.97672393038684E-01
 2.01275519077008E+03	-1.98937182388401E-01
 2.01275792867011E+03	-1.77973099478899E-01
 2.01276066657014E+03	-1.36522669752213E-01
 2.01276340447017E+03	-7.91940590183539E-02
 2.01276614237020E+03	-8.83634511639899E-03
 2.01276888027023E+03	 7.54867909150576E-02
 2.01277161817026E+03	 1.72740600866156E-01
 2.01277435607029E+03	 2.71436886899329E-01
 2.01277709397033E+03	 3.47010203645739E-01
 2.01277983187036E+03	 3.69484736504705E-01
 2.01278256977039E+03	 3.19095781832155E-01
 2.01278530767042E+03	 2.00601425873638E-01
 2.01278804557045E+03	 4.48276183466620E-02
 2.01279078347048E+03	-1.05336960524195E-01
 2.01279352137051E+03	-2.13659285046003E-01
 2.01279625927054E+03	-2.60493344034775E-01
 2.01279899717057E+03	-2.42164198251041E-01
 2.01280173507060E+03	-1.68286744439129E-01
 2.01280447297063E+03	-6.18619020768536E-02
 2.01280721087066E+03	 4.25560529734710E-02
 2.01280994877069E+03	 1.08525750878525E-01
 2.01281268667072E+03	 1.13041224611294E-01
 2.01281542457076E+03	 5.78719514399563E-02
 2.01281816247079E+03	-3.20785628650136E-02
 2.01282090037082E+03	-1.23423227206445E-01
 2.01282363827085E+03	-1.91177495379351E-01
 2.01282637617088E+03	-2.25309706718724E-01
 2.01282911407091E+03	-2.25656416803998E-01
 2.01283185197094E+03	-1.95858053651596E-01
 2.01283458987097E+03	-1.43929505633368E-01
 2.01283732777100E+03	-8.36596505672187E-02
 2.01284006567103E+03	-2.78270427698359E-02
 2.01284280357106E+03	 2.28627679409987E-02
 2.01284554147109E+03	 8.09127995631824E-02
 2.01284827937112E+03	 1.57456423730471E-01
 2.01285101727116E+03	 2.44044062305654E-01
 2.01285375517119E+03	 3.09134963487631E-01
 2.01285649307122E+03	 3.15446798137773E-01
 2.01285923097125E+03	 2.45711262230242E-01
 2.01286196887128E+03	 1.16332720125145E-01
 2.01286470677131E+03	-3.14312628320836E-02
 2.01286744467134E+03	-1.53786498265022E-01
 2.01287018257137E+03	-2.22018330357378E-01
 2.01287292047140E+03	-2.26972787418408E-01
 2.01287565837143E+03	-1.76477353658987E-01
 2.01287839627146E+03	-9.26191530300843E-02
 2.01288113417149E+03	-6.71322009499379E-03
 2.01288387207152E+03	 5.14137920481959E-02
 2.01288660997156E+03	 6.46291553727821E-02
 2.01288934787159E+03	 3.21767782007243E-02
 2.01289208577162E+03	-3.42023405586808E-02
 2.01289482367165E+03	-1.15887812190694E-01
 2.01289756157168E+03	-1.92135830352178E-01
 2.01290029947171E+03	-2.44760914302250E-01
 2.01290303737174E+03	-2.61685642037089E-01
 2.01290577527177E+03	-2.38243962443607E-01
 2.01290851317180E+03	-1.78793760240026E-01
 2.01291125107183E+03	-9.93569056986503E-02
 2.01291398897186E+03	-2.44294470215800E-02
 2.01291672687189E+03	 2.72751911070188E-02
 2.01291946477192E+03	 5.82853755640695E-02
 2.01292220267195E+03	 9.05943379279261E-02
 2.01292494057199E+03	 1.42951047335254E-01
 2.01292767847202E+03	 2.07386847032128E-01
 2.01293041637205E+03	 2.49212668467909E-01
 2.01293315427208E+03	 2.32595055627072E-01
 2.01293589217211E+03	 1.49107303150739E-01
 2.01293863007214E+03	 2.49472782373715E-02
 2.01294136797217E+03	-9.60383637310228E-02
 2.01294410587220E+03	-1.75692331163478E-01
 2.01294684377223E+03	-1.94401185231507E-01
 2.01294958167226E+03	-1.53163067224193E-01
 2.01295231957229E+03	-7.25725207355784E-02
 2.01295505747232E+03	 1.19356815869044E-02
 2.01295779537235E+03	 6.45874331800109E-02
 2.01296053327239E+03	 6.79252598634756E-02
 2.01296327117242E+03	 2.88670593002419E-02
 2.01296600907245E+03	-3.36418841428157E-02
 2.01296874697248E+03	-1.04356522466206E-01
 2.01297148487251E+03	-1.74646080648208E-01
 2.01297422277254E+03	-2.35248223702276E-01
 2.01297696067257E+03	-2.72297820876994E-01
 2.01297969857260E+03	-2.71481616936231E-01
 2.01298243647263E+03	-2.25366436911756E-01
 2.01298517437266E+03	-1.39937781367629E-01
 2.01298791227269E+03	-3.76389883100600E-02
 2.01299065017272E+03	 4.96431955551949E-02
 2.01299338807275E+03	 9.97048476346107E-02
 2.01299612597279E+03	 1.16989548757328E-01
 2.01299886387282E+03	 1.27379572200554E-01
 2.01300160177285E+03	 1.51234662181163E-01
 2.01300433967288E+03	 1.80640507461586E-01
 2.01300707757291E+03	 1.84808514955673E-01
 2.01300981547294E+03	 1.38459976271059E-01
 2.01301255337297E+03	 4.53575871406699E-02
 2.01301529127300E+03	-6.28778889189693E-02
 2.01301802917303E+03	-1.46451099248944E-01
 2.01302076707306E+03	-1.75995618200088E-01
 2.01302350497309E+03	-1.40947098471207E-01
 2.01302624287312E+03	-5.29489073704685E-02
 2.01302898077315E+03	 5.33046192383195E-02
 2.01303171867318E+03	 1.30656979577805E-01
 2.01303445657322E+03	 1.44680730863599E-01
 2.01303719447325E+03	 9.52790130700529E-02
 2.01303993237328E+03	 1.20363733455208E-02
 2.01304267027331E+03	-7.28773697084802E-02
 2.01304540817334E+03	-1.45464048309681E-01
 2.01304814607337E+03	-2.06025932421626E-01
 2.01305088397340E+03	-2.52758264942427E-01
 2.01305362187343E+03	-2.74387594397430E-01
 2.01305635977346E+03	-2.56362439546197E-01
 2.01305909767349E+03	-1.91213446313177E-01
 2.01306183557352E+03	-8.65453692336826E-02
 2.01306457347355E+03	 3.23185491885015E-02
 2.01306731137358E+03	 1.30889271438505E-01
 2.01307004927362E+03	 1.85531191203422E-01
 2.01307278717365E+03	 1.99107515249193E-01
 2.01307552507368E+03	 1.93933972164054E-01
 2.01307826297371E+03	 1.86584630407106E-01
 2.01308100087374E+03	 1.71022370745732E-01
 2.01308373877377E+03	 1.27901314992224E-01
 2.01308647667380E+03	 4.86088876026129E-02
 2.01308921457383E+03	-5.13969565381549E-02
 2.01309195247386E+03	-1.40109489024186E-01
 2.01309469037389E+03	-1.85607272150151E-01
 2.01309742827392E+03	-1.67750688624761E-01
 2.01310016617395E+03	-8.46523735240959E-02
 2.01310290407398E+03	 4.09834667706125E-02
 2.01310564197402E+03	 1.61839396404579E-01
 2.01310837987405E+03	 2.24718352266329E-01
 2.01311111777408E+03	 2.02809304079339E-01
 2.01311385567411E+03	 1.13538093637536E-01
 2.01311659357414E+03	 1.88765065365293E-03
 2.01311933147417E+03	-9.49496458642460E-02
 2.01312206937420E+03	-1.66350646090669E-01
 2.01312480727423E+03	-2.17686195267190E-01
 2.01312754517426E+03	-2.50611327049254E-01
 2.01313028307429E+03	-2.56685040496580E-01
 2.01313302097432E+03	-2.24523257956227E-01
 2.01313575887435E+03	-1.49032726652957E-01
 2.01313849677438E+03	-3.78274116352916E-02
 2.01314123467442E+03	 8.62944881525410E-02
 2.01314397257445E+03	 1.92073732524067E-01
 2.01314671047448E+03	 2.56217223580072E-01
 2.01314944837451E+03	 2.75880065845057E-01
 2.01315218627454E+03	 2.63152025734196E-01
 2.01315492417457E+03	 2.27648795533254E-01
 2.01315766207460E+03	 1.67909856090384E-01
 2.01316039997463E+03	 8.05728484788072E-02
 2.01316313787466E+03	-2.56531749426144E-02
 2.01316587577469E+03	-1.27604818850893E-01
 2.01316861367472E+03	-1.97160853292723E-01
 2.01317135157475E+03	-2.11466419910545E-01
 2.01317408947478E+03	-1.58983666360580E-01
 2.01317682737481E+03	-4.62094658608922E-02
 2.01317956527485E+03	 9.47889345248599E-02
 2.01318230317488E+03	 2.10469744725905E-01
 2.01318504107491E+03	 2.50889552820582E-01
 2.01318777897494E+03	 2.01579636854571E-01
 2.01319051687497E+03	 9.25934058526188E-02
 2.01319325477500E+03	-2.63276687769734E-02
 2.01319599267503E+03	-1.20491448294182E-01
 2.01319873057506E+03	-1.82703231755445E-01
 2.01320146847509E+03	-2.19526152061575E-01
 2.01320420637512E+03	-2.34213614762504E-01
 2.01320694427515E+03	-2.23295461810468E-01
 2.01320968217518E+03	-1.82110579008027E-01
 2.01321242007521E+03	-1.09198688853981E-01
 2.01321515797525E+03	-9.22808337917074E-03
 2.01321789587528E+03	 1.03657277820531E-01
 2.01322063377531E+03	 2.07099220077966E-01
 2.01322337167534E+03	 2.79643011905510E-01
 2.01322610957537E+03	 3.09870511108195E-01
 2.01322884747540E+03	 2.96349276939089E-01
 2.01323158537543E+03	 2.41694350298387E-01
 2.01323432327546E+03	 1.51126252992995E-01
 2.01323706117549E+03	 3.70111584444716E-02
 2.01323979907552E+03	-7.91999127013833E-02
 2.01324253697555E+03	-1.72377400239796E-01
 2.01324527487558E+03	-2.21186963932980E-01
 2.01324801277561E+03	-2.12042608722584E-01
 2.01325075067565E+03	-1.42165382563139E-01
 2.01325348857568E+03	-2.60965663611062E-02
 2.01325622647571E+03	 9.96223593409394E-02
 2.01325896437574E+03	 1.85775469360403E-01
 2.01326170227577E+03	 1.95733926479682E-01
 2.01326444017580E+03	 1.28861797631241E-01
 2.01326717807583E+03	 1.98518577194665E-02
 2.01326991597586E+03	-8.68609969410534E-02
 2.01327265387589E+03	-1.63735800670334E-01
 2.01327539177592E+03	-2.05770240563094E-01
 2.01327812967595E+03	-2.18434428227946E-01
 2.01328086757598E+03	-2.06993768182362E-01
 2.01328360547601E+03	-1.75738707583942E-01
 2.01328634337604E+03	-1.29337320148243E-01
 2.01328908127608E+03	-7.01776710919307E-02
 2.01329181917611E+03	 2.85055120176296E-03
 2.01329455707614E+03	 8.87782659300551E-02
 2.01329729497617E+03	 1.77613083599605E-01
 2.01330003287620E+03	 2.50536996935879E-01
 2.01330277077623E+03	 2.87245511395202E-01
 2.01330550867626E+03	 2.74207005690646E-01
 2.01330824657629E+03	 2.10097180272458E-01
 2.01331098447632E+03	 1.07734959026731E-01
 2.01331372237635E+03	-8.86402596339908E-03
 2.01331646027638E+03	-1.12450879599525E-01
 2.01331919817641E+03	-1.81012884945954E-01
 2.01332193607644E+03	-2.01724353659997E-01
 2.01332467397648E+03	-1.71322867568366E-01
 2.01332741187651E+03	-9.76439695099600E-02
 2.01333014977654E+03	-2.52963143502941E-03
 2.01333288767657E+03	 8.02159183041396E-02
 2.01333562557660E+03	 1.16832124677057E-01
 2.01333836347663E+03	 9.09448849568988E-02
 2.01334110137666E+03	 1.34842624135011E-02
 2.01334383927669E+03	-8.41333318987245E-02
 2.01334657717672E+03	-1.68764069918111E-01
 2.01334931507675E+03	-2.20702818459160E-01
 2.01335205297678E+03	-2.35217169633227E-01
 2.01335479087681E+03	-2.15966284497668E-01
 2.01335752877684E+03	-1.71520657314595E-01
 2.01336026667688E+03	-1.15751565845485E-01
 2.01336300457691E+03	-6.36627345926590E-02
 2.01336574247694E+03	-2.12977872893448E-02
 2.01336848037697E+03	 1.92256171338242E-02
 2.01337121827700E+03	 7.08298147619088E-02
 2.01337395617703E+03	 1.35567432257014E-01
 2.01337669407706E+03	 1.97080482281105E-01
 2.01337943197709E+03	 2.28670642355224E-01
 2.01338216987712E+03	 2.10254699862243E-01
 2.01338490777715E+03	 1.41453026347091E-01
 2.01338764567718E+03	 4.24292558985150E-02
 2.01339038357721E+03	-5.65182089870726E-02
 2.01339312147724E+03	-1.28194211009600E-01
 2.01339585937727E+03	-1.56496683484864E-01
 2.01339859727731E+03	-1.38262053535687E-01
 2.01340133517734E+03	-8.30339043476829E-02
 2.01340407307737E+03	-1.18729676337827E-02
 2.01340681097740E+03	 4.79450412832579E-02
 2.01340954887743E+03	 7.28275129710323E-02
 2.01341228677746E+03	 5.20055785033664E-02
 2.01341502467749E+03	-9.47682712993813E-03
 2.01341776257752E+03	-9.41784378799624E-02
 2.01342050047755E+03	-1.79146753560946E-01
 2.01342323837758E+03	-2.43294266292424E-01
 2.01342597627761E+03	-2.72357612255131E-01
 2.01342871417764E+03	-2.60103294271060E-01
 2.01343145207767E+03	-2.08547292008274E-01
 2.01343418997771E+03	-1.30177753590346E-01
 2.01343692787774E+03	-4.81488551666351E-02
 2.01343966577777E+03	 1.31005264941268E-02
 2.01344240367780E+03	 4.41615443011390E-02
 2.01344514157783E+03	 5.82349399271791E-02
 2.01344787947786E+03	 7.86704105631523E-02
 2.01345061737789E+03	 1.15790850099481E-01
 2.01345335527792E+03	 1.55060402888465E-01
 2.01345609317795E+03	 1.67956341505493E-01
 2.01345883107798E+03	 1.35095469071517E-01
 2.01346156897801E+03	 6.13830861377387E-02
 2.01346430687804E+03	-2.71913397082920E-02
 2.01346704477807E+03	-9.86543619052799E-02
 2.01346978267811E+03	-1.28871287446948E-01
 2.01347252057814E+03	-1.08213917467716E-01
 2.01347525847817E+03	-4.42062492973471E-02
 2.01347799637820E+03	 3.82321045688476E-02
 2.01348073427823E+03	 1.04001889154048E-01
 2.01348347217826E+03	 1.24265770211865E-01
 2.01348621007829E+03	 9.14074837664837E-02
 2.01348894797832E+03	 1.91839881535753E-02
 2.01349168587835E+03	-7.05211861727245E-02
 2.01349442377838E+03	-1.59617625444288E-01
 2.01349716167841E+03	-2.35195720762091E-01
 2.01349989957844E+03	-2.85460649000503E-01
 2.01350263747847E+03	-2.98673186558363E-01
 2.01350537537851E+03	-2.66627487150491E-01
 2.01350811327854E+03	-1.90295950924991E-01
 2.01351085117857E+03	-8.52546975630317E-02
 2.01351358907860E+03	 1.87664893646917E-02
 2.01351632697863E+03	 9.07370507806646E-02
 2.01351906487866E+03	 1.18497988317056E-01
 2.01352180277869E+03	 1.17480140277208E-01
 2.01352454067872E+03	 1.15543578558116E-01
 2.01352727857875E+03	 1.26263548445897E-01
 2.01353001647878E+03	 1.36927570690795E-01
 2.01353275437881E+03	 1.22462110810361E-01
 2.01353549227884E+03	 7.00796056912497E-02
 2.01353823017887E+03	-8.50895623855195E-03
 2.01354096807890E+03	-8.44381088771464E-02
 2.01354370597894E+03	-1.27312004750256E-01
 2.01354644387897E+03	-1.16795203533421E-01
 2.01354918177900E+03	-4.93958949668293E-02
 2.01355191967903E+03	 5.59815220624951E-02
 2.01355465757906E+03	 1.58830958917623E-01
 2.01355739547909E+03	 2.13397751794398E-01
 2.01356013337912E+03	 1.95198787225269E-01
 2.01356287127915E+03	 1.15278607619976E-01
 2.01356560917918E+03	 7.61340286653514E-03
 2.01356834707921E+03	-9.69701961690231E-02
 2.01357108497924E+03	-1.84352871033803E-01
 2.01357382287927E+03	-2.50483949078643E-01
 2.01357656077930E+03	-2.89574346360418E-01
 2.01357929867934E+03	-2.91443251254378E-01
 2.01358203657937E+03	-2.47392392115168E-01
 2.01358477447940E+03	-1.58124963671227E-01
 2.01358751237943E+03	-4.00841104318613E-02
 2.01359025027946E+03	 7.50325337495670E-02
 2.01359298817949E+03	 1.53920394934721E-01
 2.01359572607952E+03	 1.82720826161601E-01
 2.01359846397955E+03	 1.75607409762325E-01
 2.01360120187958E+03	 1.59032628005999E-01
 2.01360393977961E+03	 1.46073337046506E-01
 2.01360667767964E+03	 1.27218741293696E-01
 2.01360941557967E+03	 8.53170789656406E-02
 2.01361215347970E+03	 1.66902946430651E-02
 2.01361489137974E+03	-6.20693591330594E-02
 2.01361762927977E+03	-1.23126846898887E-01
 2.01362036717980E+03	-1.39908432902720E-01
 2.01362310507983E+03	-9.60913968120471E-02
 2.01362584297986E+03	 5.63474028229771E-03
 2.01362858087989E+03	 1.35474779267211E-01
 2.01363131877992E+03	 2.41304059240682E-01
 2.01363405667995E+03	 2.74480050253071E-01
 2.01363679457998E+03	 2.21123311071608E-01
 2.01363953248001E+03	 1.09665776011493E-01
 2.01364227038004E+03	-1.38546961015131E-02
 2.01364500828007E+03	-1.17619190497104E-01
 2.01364774618010E+03	-1.93559255236151E-01
 2.01365048408013E+03	-2.44034235941023E-01
 2.01365322198017E+03	-2.67561924456321E-01
 2.01365595988020E+03	-2.57144755583692E-01
 2.01365869778023E+03	-2.06406270208095E-01
 2.01366143568026E+03	-1.16289851776033E-01
 2.01366417358029E+03	-9.38127212678363E-04
 2.01366691148032E+03	 1.11426223100381E-01
 2.01366964938035E+03	 1.89869353286412E-01
 2.01367238728038E+03	 2.19749813118795E-01
 2.01367512518041E+03	 2.10742197804622E-01
 2.01367786308044E+03	 1.83590885857028E-01
 2.01368060098047E+03	 1.49578032332636E-01
 2.01368333888050E+03	 1.04799944608245E-01
 2.01368607678053E+03	 4.25911138400239E-02
 2.01368881468057E+03	-3.24951437249117E-02
 2.01369155258060E+03	-1.02854832465122E-01
 2.01369429048063E+03	-1.45278391877224E-01
 2.01369702838066E+03	-1.38748044814703E-01
 2.01369976628069E+03	-7.20087280836479E-02
 2.01370250418072E+03	 4.54483036009691E-02
 2.01370524208075E+03	 1.75622715296174E-01
 2.01370797998078E+03	 2.62819390012202E-01
 2.01371071788081E+03	 2.65141013001062E-01
 2.01371345578084E+03	 1.83009595090723E-01
 2.01371619368087E+03	 5.68502064081965E-02
 2.01371893158090E+03	-6.45773671767435E-02
 2.01372166948093E+03	-1.53948611169425E-01
 2.01372440738097E+03	-2.08619722159401E-01
 2.01372714528100E+03	-2.34814340711093E-01
 2.01372988318103E+03	-2.35443481378546E-01
 2.01373262108106E+03	-2.09585864619981E-01
 2.01373535898109E+03	-1.55831814583703E-01
 2.01373809688112E+03	-7.51311879896214E-02
 2.01374083478115E+03	 2.41540510826659E-02
 2.01374357268118E+03	 1.22257465187824E-01
 2.01374631058121E+03	 1.94184069946636E-01
 2.01374904848124E+03	 2.24507037172288E-01
 2.01375178638127E+03	 2.15609251448680E-01
 2.01375452428130E+03	 1.80308964539774E-01
 2.01375726218133E+03	 1.28806007366649E-01
 2.01376000008136E+03	 6.49880025915981E-02
 2.01376273798140E+03	-7.07064879995765E-03
 2.01376547588143E+03	-7.73061054420468E-02
 2.01376821378146E+03	-1.30563382345660E-01
 2.01377095168149E+03	-1.50477983218276E-01
 2.01377368958152E+03	-1.23319598777925E-01
 2.01377642748155E+03	-4.50935380832983E-02
 2.01377916538158E+03	 6.76399581214188E-02
 2.01378190328161E+03	 1.74097020842935E-01
 2.01378464118164E+03	 2.25205821997355E-01
 2.01378737908167E+03	 1.93699655999112E-01
 2.01379011698170E+03	 9.34043000258885E-02
 2.01379285488173E+03	-3.15502948792726E-02
 2.01379559278176E+03	-1.37656294990735E-01
 2.01379833068180E+03	-2.04156949954504E-01
 2.01380106858183E+03	-2.31416235498415E-01
 2.01380380648186E+03	-2.27524064819318E-01
 2.01380654438189E+03	-2.00651853363785E-01
 2.01380928228192E+03	-1.58304007545878E-01
 2.01381202018195E+03	-1.05397891058039E-01
 2.01381475808198E+03	-4.19783410459460E-02
 2.01381749598201E+03	 3.23045651482000E-02
 2.01382023388204E+03	 1.09523989327962E-01
 2.01382297178207E+03	 1.72310473826628E-01
 2.01382570968210E+03	 2.03594061158935E-01
 2.01382844758213E+03	 1.96749543820581E-01
 2.01383118548216E+03	 1.56538246161267E-01
 2.01383392338220E+03	 9.35957366062784E-02
 2.01383666128223E+03	 2.02904788451258E-02
 2.01383939918226E+03	-5.03330755110384E-02
 2.01384213708229E+03	-1.05525055304072E-01
 2.01384487498232E+03	-1.34315063533275E-01
 2.01384761288235E+03	-1.28266012504020E-01
 2.01385035078238E+03	-8.32915263670641E-02
 2.01385308868241E+03	-5.36732854035384E-03
 2.01385582658244E+03	 8.32178714787577E-02
 2.01385856448247E+03	 1.46626061876017E-01
 2.01386130238250E+03	 1.52042059739175E-01
 2.01386404028253E+03	 9.05184866532615E-02
 2.01386677818256E+03	-1.57393551130812E-02
 2.01386951608260E+03	-1.27365801343140E-01
 2.01387225398263E+03	-2.10863380967363E-01
 2.01387499188266E+03	-2.51303863005184E-01
 2.01387772978269E+03	-2.49390354641019E-01
 2.01388046768272E+03	-2.13975744164657E-01
 2.01388320558275E+03	-1.59169565144268E-01
 2.01388594348278E+03	-1.01803785198506E-01
 2.01388868138281E+03	-5.32411003808948E-02
 2.01389141928284E+03	-1.18184158053249E-02
 2.01389415718287E+03	 3.29135914776030E-02
 2.01389689508290E+03	 8.59790039009800E-02
 2.01389963298293E+03	 1.37669228923863E-01
 2.01390237088296E+03	 1.68761381337523E-01
 2.01390510878299E+03	 1.64154934129093E-01
 2.01390784668303E+03	 1.22470871947216E-01
 2.01391058458306E+03	 5.60780686155485E-02
 2.01391332248309E+03	-1.54727512222969E-02
 2.01391606038312E+03	-7.31627775772409E-02
 2.01391879828315E+03	-1.03558539667959E-01
 2.01392153618318E+03	-1.00293835792008E-01
 2.01392427408321E+03	-6.40736131484892E-02
 2.01392701198324E+03	-3.69759555111720E-03
 2.01392974988327E+03	 6.28401692692828E-02
 2.01393248778330E+03	 1.11101912927289E-01
 2.01393522568333E+03	 1.18617915562634E-01
 2.01393796358336E+03	 7.54087239872136E-02
 2.01394070148339E+03	-9.97794873105881E-03
 2.01394343938343E+03	-1.13472231228999E-01
 2.01394617728346E+03	-2.06157669380423E-01
 2.01394891518349E+03	-2.65526477031932E-01
 2.01395165308352E+03	-2.80477267577933E-01
 2.01395439098355E+03	-2.50498885952927E-01
 2.01395712888358E+03	-1.85000074264447E-01
 2.01395986678361E+03	-1.03971508974157E-01
 2.01396260468364E+03	-3.30356624420099E-02
 2.01396534258367E+03	 1.04541136446701E-02
 2.01396808048370E+03	 2.96685630873838E-02
 2.01397081838373E+03	 4.42496301397028E-02
 2.01397355628376E+03	 7.08464229874972E-02
 2.01397629418379E+03	 1.06577247240441E-01
 2.01397903208383E+03	 1.31178040733282E-01
 2.01398176998386E+03	 1.24461967167158E-01
 2.01398450788389E+03	 8.23713390132812E-02
 2.01398724578392E+03	 1.95070387094694E-02
 2.01398998368395E+03	-4.01894738949049E-02
 2.01399272158398E+03	-7.48601347109805E-02
 2.01399545948401E+03	-7.14436207815112E-02
 2.01399819738404E+03	-2.84068686184650E-02
 2.01400093528407E+03	 4.23425393045273E-02
 2.01400367318410E+03	 1.15975801031438E-01
 2.01400641108413E+03	 1.62517994376823E-01
 2.01400914898416E+03	 1.60673371389221E-01
 2.01401188688419E+03	 1.07889731843276E-01
 2.01401462478422E+03	 1.87224422797207E-02
 2.01401736268426E+03	-8.50151900860640E-02
 2.01402010058429E+03	-1.82611081900665E-01
 2.01402283848432E+03	-2.57083735805627E-01
 2.01402557638435E+03	-2.95107206120724E-01
 2.01402831428438E+03	-2.87781691258492E-01
 2.01403105218441E+03	-2.33389991471825E-01
 2.01403379008444E+03	-1.41973819229792E-01
 2.01403652798447E+03	-3.80986649840877E-02
 2.01403926588450E+03	 4.57741621791495E-02
 2.01404200378453E+03	 8.70910815750449E-02
 2.01404474168456E+03	 8.91222626456901E-02
 2.01404747958459E+03	 7.74193131484152E-02
 2.01405021748462E+03	 7.67500669701365E-02
 2.01405295538466E+03	 8.98690796556281E-02
 2.01405569328469E+03	 9.82143954265126E-02
 2.01405843118472E+03	 8.16973101854726E-02
 2.01406116908475E+03	 3.72000222523234E-02
 2.01406390698478E+03	-1.90182646633737E-02
 2.01406664488481E+03	-6.18373228990263E-02
 2.01406938278484E+03	-6.88504976134071E-02
 2.01407212068487E+03	-2.76934018191688E-02
 2.01407485858490E+03	 5.78321564454984E-02
 2.01407759648493E+03	 1.62748830025238E-01
 2.01408033438496E+03	 2.45463846317006E-01
 2.01408307228499E+03	 2.67284453120760E-01
 2.01408581018502E+03	 2.15504162390393E-01
 2.01408854808506E+03	 1.09570082200878E-01
 2.01409128598509E+03	-1.53749763327939E-02
 2.01409402388512E+03	-1.30447447606275E-01
 2.01409676178515E+03	-2.21013962147206E-01
 2.01409949968518E+03	-2.80205552684643E-01
 2.01410223758521E+03	-3.01296307052167E-01
 2.01410497548524E+03	-2.77328782198782E-01
 2.01410771338527E+03	-2.06369991976120E-01
 2.01411045128530E+03	-9.84453419967015E-02
 2.01411318918533E+03	 2.04131980962568E-02
 2.01411592708536E+03	 1.14557116679445E-01
 2.01411866498539E+03	 1.57799634273226E-01
 2.01412140288542E+03	 1.51529718350689E-01
 2.01412414078545E+03	 1.22312572136044E-01
 2.01412687868549E+03	 9.80873094517233E-02
 2.01412961658552E+03	 8.57672647314935E-02
 2.01413235448555E+03	 7.15353325724139E-02
 2.01413509238558E+03	 4.00412830677011E-02
 2.01413783028561E+03	-8.83725069343668E-03
 2.01414056818564E+03	-5.88168633518382E-02
 2.01414330608567E+03	-8.62963173626198E-02
 2.01414604398570E+03	-6.95089632798473E-02
 2.01414878188573E+03	 3.14379931815750E-03
 2.01415151978576E+03	 1.22193333064537E-01
 2.01415425768579E+03	 2.50107726391021E-01
 2.01415699558582E+03	 3.32470555716869E-01
 2.01415973348585E+03	 3.28441440423594E-01
 2.01416247138589E+03	 2.37649086366825E-01
 2.01416520928592E+03	 9.79545207628276E-02
 2.01416794718595E+03	-4.35636541537404E-02
 2.01417068508598E+03	-1.57631526301996E-01
 2.01417342298601E+03	-2.36300307258384E-01
 2.01417616088604E+03	-2.79906467473465E-01
 2.01417889878607E+03	-2.86819796977500E-01
 2.01418163668610E+03	-2.53209727082796E-01
 2.01418437458613E+03	-1.77989311609873E-01
 2.01418711248616E+03	-6.92727477910664E-02
 2.01418985038619E+03	 5.02314634932801E-02
 2.01419258828622E+03	 1.46900038508329E-01
 2.01419532618625E+03	 1.93566994094878E-01
 2.01419806408629E+03	 1.88083931155887E-01
 2.01420080198632E+03	 1.52947123037155E-01
 2.01420353988635E+03	 1.14239214595005E-01
 2.01420627778638E+03	 8.14647293500816E-02
 2.01420901568641E+03	 4.74889467935176E-02
 2.01421175358644E+03	 3.90247588335516E-03
 2.01421449148647E+03	-4.67169484860170E-02
 2.01421722938650E+03	-9.03155062873641E-02
 2.01421996728653E+03	-1.06770203418099E-01
 2.01422270518656E+03	-7.59191490320899E-02
 2.01422544308659E+03	 1.23380427082003E-02
 2.01422818098662E+03	 1.43225413459244E-01
 2.01423091888665E+03	 2.71026160205231E-01
 2.01423365678669E+03	 3.37460006155260E-01
 2.01423639468672E+03	 3.07946482897608E-01
 2.01423913258675E+03	 1.95253286610123E-01
 2.01424187048678E+03	 4.75968105487340E-02
 2.01424460838681E+03	-8.64611508817953E-02
 2.01424734628684E+03	-1.82686887707002E-01
 2.01425008418687E+03	-2.39141574827582E-01
 2.01425282208690E+03	-2.61207778097214E-01
 2.01425555998693E+03	-2.52603272176608E-01
 2.01425829788696E+03	-2.14662699550427E-01
 2.01426103578699E+03	-1.47872888233482E-01
 2.01426377368702E+03	-5.59670778436394E-02
 2.01426651158705E+03	 4.67735631287670E-02
 2.01426924948708E+03	 1.34242124399532E-01
 2.01427198738712E+03	 1.81430458355861E-01
 2.01427472528715E+03	 1.81833151435830E-01
 2.01427746318718E+03	 1.50191423042141E-01
 2.01428020108721E+03	 1.07325251955750E-01
 2.01428293898724E+03	 6.43461603833248E-02
 2.01428567688727E+03	 2.13147569962124E-02
 2.01428841478730E+03	-2.35614265728055E-02
 2.01429115268733E+03	-6.68209939310884E-02
 2.01429389058736E+03	-9.87099771242737E-02
 2.01429662848739E+03	-1.04319662532857E-01
 2.01429936638742E+03	-6.73612062638263E-02
 2.01430210428745E+03	 1.83935417917205E-02
 2.01430484218748E+03	 1.33934529473350E-01
 2.01430758008752E+03	 2.33061993957172E-01
 2.01431031798755E+03	 2.65296475378686E-01
 2.01431305588758E+03	 2.09906787478494E-01
 2.01431579378761E+03	 9.05628018869326E-02
 2.01431853168764E+03	-4.35437075809489E-02
 2.01432126958767E+03	-1.50823850362400E-01
 2.01432400748770E+03	-2.14643568676588E-01
 2.01432674538773E+03	-2.37609457861412E-01
 2.01432948328776E+03	-2.29217653838044E-01
 2.01433222118779E+03	-1.99897274904283E-01
 2.01433495908782E+03	-1.58194090287134E-01
 2.01433769698785E+03	-1.06779885717580E-01
 2.01434043488788E+03	-4.33871026037182E-02
 2.01434317278792E+03	 2.95405791916991E-02
 2.01434591068795E+03	 9.72297923602958E-02
 2.01434864858798E+03	 1.39193013800040E-01
 2.01435138648801E+03	 1.44576781275049E-01
 2.01435412438804E+03	 1.19125584351357E-01
 2.01435686228807E+03	 7.77258214026132E-02
 2.01435960018810E+03	 3.32581501882554E-02
 2.01436233808813E+03	-7.34429266244955E-03
 2.01436507598816E+03	-4.06951131113094E-02
 2.01436781388819E+03	-6.40200969701286E-02
 2.01437055178822E+03	-7.30155541916998E-02
 2.01437328968825E+03	-6.01717889938107E-02
 2.01437602758828E+03	-1.74512170547420E-02
 2.01437876548831E+03	 5.35713527088620E-02
 2.01438150338835E+03	 1.31361271249426E-01
 2.01438424128838E+03	 1.78141400299301E-01
 2.01438697918841E+03	 1.61721990802241E-01
 2.01438971708844E+03	 7.93145097936230E-02
 2.01439245498847E+03	-3.89201441773698E-02
 2.01439519288850E+03	-1.50224127493778E-01
 2.01439793078853E+03	-2.23863405542892E-01
 2.01440066868856E+03	-2.50054527086744E-01
 2.01440340658859E+03	-2.34030004818209E-01
 2.01440614448862E+03	-1.89116888514762E-01
 2.01440888238865E+03	-1.33597682209373E-01
 2.01441162028868E+03	-8.44398813881256E-02
 2.01441435818871E+03	-4.71997807685823E-02
 2.01441709608875E+03	-1.37461442700607E-02
 2.01441983398878E+03	 2.58216981580642E-02
 2.01442257188881E+03	 6.89616878510679E-02
 2.01442530978884E+03	 1.00443031512256E-01
 2.01442804768887E+03	 1.05689287485535E-01
 2.01443078558890E+03	 8.26357724507256E-02
 2.01443352348893E+03	 4.19045513748990E-02
 2.01443626138896E+03	-1.00004233601139E-03
 2.01443899928899E+03	-3.29902678937637E-02
 2.01444173718902E+03	-4.66076454686000E-02
 2.01444447508905E+03	-3.98201998309222E-02
 2.01444721298908E+03	-1.38125247613452E-02
 2.01444995088911E+03	 2.88103914600692E-02
 2.01445268878915E+03	 8.24147095142298E-02
 2.01445542668918E+03	 1.34006901938620E-01
 2.01445816458921E+03	 1.62280560855193E-01
 2.01446090248924E+03	 1.45602305812562E-01
 2.01446364038927E+03	 7.59599936710942E-02
 2.01446637828930E+03	-3.23223682421925E-02
 2.01446911618933E+03	-1.47938853374812E-01
 2.01447185408936E+03	-2.38399433156201E-01
 2.01447459198939E+03	-2.83282031237227E-01
 2.01447732988942E+03	-2.76942634275415E-01
 2.01448006778945E+03	-2.25457153928733E-01
 2.01448280568948E+03	-1.45546146777983E-01
 2.01448554358951E+03	-6.30768743694047E-02
 2.01448828148954E+03	-3.13147970828643E-03
 2.01449101938958E+03	 2.53781400959234E-02
 2.01449375728961E+03	 3.49021195594566E-02
 2.01449649518964E+03	 4.56671572798097E-02
 2.01449923308967E+03	 6.56595758796107E-02
 2.01450197098970E+03	 8.42822774429903E-02
 2.01450470888973E+03	 8.43774769244036E-02
 2.01450744678976E+03	 5.86731018629634E-02
 2.01451018468979E+03	 1.57601170142816E-02
 2.01451292258982E+03	-2.60972211672718E-02
 2.01451566048985E+03	-4.89744067730537E-02
 2.01451839838988E+03	-4.17040782718664E-02
 2.01452113628991E+03	-1.65212319329883E-03
 2.01452387418994E+03	 6.51240165236963E-02
 2.01452661208998E+03	 1.43422262878068E-01
 2.01452934999001E+03	 2.10123443272191E-01
 2.01453208789004E+03	 2.40290109361575E-01
 2.01453482579007E+03	 2.17154400079841E-01
 2.01453756369010E+03	 1.40032863157608E-01
 2.01454030159013E+03	 2.48958417464314E-02
 2.01454303949016E+03	-1.02093190572832E-01
 2.01454577739019E+03	-2.13580327491314E-01
 2.01454851529022E+03	-2.88076296669440E-01
 2.01455125319025E+03	-3.12882257442000E-01
 2.01455399109028E+03	-2.84093929576992E-01
 2.01455672899031E+03	-2.07610949625809E-01
 2.01455946689034E+03	-1.02412207868395E-01
 2.01456220479038E+03	 2.50223250831960E-04
 2.01456494269041E+03	 6.92657354793870E-02
 2.01456768059044E+03	 9.26386625157747E-02
 2.01457041849047E+03	 8.51798936958465E-02
 2.01457315639050E+03	 7.41870803921636E-02
 2.01457589429053E+03	 7.52435753911064E-02
 2.01457863219056E+03	 8.14725194019188E-02
 2.01458137009059E+03	 7.48364153326527E-02
 2.01458410799062E+03	 4.55716438832542E-02
 2.01458684589065E+03	 1.21965934007270E-03
 2.01458958379068E+03	-3.88670415348470E-02
 2.01459232169071E+03	-5.40915068604464E-02
 2.01459505959074E+03	-2.96825186225166E-02
 2.01459779749078E+03	 3.91162087314093E-02
 2.01460053539081E+03	 1.41892411684915E-01
 2.01460327329084E+03	 2.49775452470179E-01
 2.01460601119087E+03	 3.22483340003689E-01
 2.01460874909090E+03	 3.27273481080771E-01
 2.01461148699093E+03	 2.57256305739122E-01
 2.01461422489096E+03	 1.33576542862906E-01
 2.01461696279099E+03	-9.37736235086466E-03
 2.01461970069102E+03	-1.41179898911282E-01
 2.01462243859105E+03	-2.42227719519124E-01
 2.01462517649108E+03	-3.01121359739872E-01
 2.01462791439111E+03	-3.10825621234570E-01
 2.01463065229114E+03	-2.68591949814202E-01
 2.01463339019117E+03	-1.79923598156665E-01
 2.01463612809121E+03	-6.39798178937178E-02
 2.01463886599124E+03	 4.64776469201378E-02
 2.01464160389127E+03	 1.17757317484136E-01
 2.01464434179130E+03	 1.35759968926662E-01
 2.01464707969133E+03	 1.15751643285467E-01
 2.01464981759136E+03	 8.85282065128647E-02
 2.01465255549139E+03	 7.43315962715874E-02
 2.01465529339142E+03	 6.97394526862078E-02
 2.01465803129145E+03	 5.80766125053217E-02
 2.01466076919148E+03	 2.91422243986408E-02
 2.01466350709151E+03	-1.12959240133251E-02
 2.01466624499154E+03	-4.58576448886258E-02
 2.01466898289157E+03	-5.38547481360526E-02
 2.01467172079161E+03	-1.74275724490580E-02
 2.01467445869164E+03	 7.06372676888292E-02
 2.01467719659167E+03	 1.95535282286823E-01
 2.01467993449170E+03	 3.16015597806223E-01
 2.01468267239173E+03	 3.79847614892586E-01
 2.01468541029176E+03	 3.54215854281151E-01
 2.01468814819179E+03	 2.46446814065875E-01
 2.01469088609182E+03	 9.60776442659820E-02
 2.01469362399185E+03	-5.27790237411298E-02
 2.01469636189188E+03	-1.72514138446586E-01
 2.01469909979191E+03	-2.52952841831550E-01
 2.01470183769194E+03	-2.91392081822999E-01
 2.01470457559197E+03	-2.86031484134826E-01
 2.01470731349201E+03	-2.36345264226971E-01
 2.01471005139204E+03	-1.47370167710992E-01
 2.01471278929207E+03	-3.54747338598530E-02
 2.01471552719210E+03	 6.97935148880041E-02
 2.01471826509213E+03	 1.36004031654258E-01
 2.01472100299216E+03	 1.47928561246525E-01
 2.01472374089219E+03	 1.19095189654549E-01
 2.01472647879222E+03	 8.00545631133137E-02
 2.01472921669225E+03	 5.32110420227905E-02
 2.01473195459228E+03	 3.91467521656090E-02
 2.01473469249231E+03	 2.50201187771414E-02
 2.01473743039234E+03	 1.54688725705926E-03
 2.01474016829237E+03	-2.86735923147129E-02
 2.01474290619240E+03	-5.30516510702211E-02
 2.01474564409244E+03	-5.29978127349730E-02
 2.01474838199247E+03	-9.00990068939016E-03
 2.01475111989250E+03	 8.70478978166607E-02
 2.01475385779253E+03	 2.15666636220989E-01
 2.01475659569256E+03	 3.27301803806775E-01
 2.01475933359259E+03	 3.66607889675972E-01
 2.01476207149262E+03	 3.08946321105475E-01
 2.01476480939265E+03	 1.76804986631983E-01
 2.01476754729268E+03	 2.09456096077613E-02
 2.01477028519271E+03	-1.13822348049306E-01
 2.01477302309274E+03	-2.07088197534926E-01
 2.01477576099277E+03	-2.57464844466415E-01
 2.01477849889280E+03	-2.69608180730579E-01
 2.01478123679284E+03	-2.47764017598359E-01
 2.01478397469287E+03	-1.95182889247527E-01
 2.01478671259290E+03	-1.15894554389824E-01
 2.01478945049293E+03	-2.00951682080274E-02
 2.01479218839296E+03	 7.04306543897160E-02
 2.01479492629299E+03	 1.27823465608227E-01
 2.01479766419302E+03	 1.36077967689355E-01
 2.01480040209305E+03	 1.04282561465151E-01
 2.01480313999308E+03	 5.89577427871022E-02
 2.01480587789311E+03	 2.26324453489501E-02
 2.01480861579314E+03	 7.26204098212813E-04
 2.01481135369317E+03	-1.37158098472096E-02
 2.01481409159320E+03	-2.81467288229441E-02
 2.01481682949324E+03	-4.38368358275802E-02
 2.01481956739327E+03	-5.42584173261117E-02
 2.01482230529330E+03	-4.45630261220904E-02
 2.01482504319333E+03	 3.53882323971212E-03
 2.01482778109336E+03	 9.59599577656578E-02
 2.01483051899339E+03	 2.08906940002525E-01
 2.01483325689342E+03	 2.91384343359332E-01
 2.01483599479345E+03	 2.95100705088106E-01
 2.01483873269348E+03	 2.09362419305296E-01
 2.01484147059351E+03	 6.84745195526590E-02
 2.01484420849354E+03	-7.45810134300594E-02
 2.01484694639357E+03	-1.81227166911115E-01
 2.01484968429360E+03	-2.39259280725009E-01
 2.01485242219363E+03	-2.53881725519958E-01
 2.01485516009367E+03	-2.36140734049638E-01
 2.01485789799370E+03	-1.97551206149434E-01
 2.01486063589373E+03	-1.46309864921980E-01
 2.01486337379376E+03	-8.45747082047664E-02
 2.01486611169379E+03	-1.35087067938322E-02
 2.01486884959382E+03	 5.63580327375783E-02
 2.01487158749385E+03	 1.04146484539734E-01
 2.01487432539388E+03	 1.13042634643394E-01
 2.01487706329391E+03	 8.52616395959876E-02
 2.01487980119394E+03	 4.02970062777178E-02
 2.01488253909397E+03	-6.64458740206050E-04
 2.01488527699400E+03	-2.69933910874107E-02
 2.01488801489403E+03	-3.88383183956119E-02
 2.01489075279407E+03	-4.12086346756982E-02
 2.01489349069410E+03	-3.86954912564584E-02
 2.01489622859413E+03	-3.06922390508439E-02
 2.01489896649416E+03	-8.05723407036250E-03
 2.01490170439419E+03	 4.17294989284064E-02
 2.01490444229422E+03	 1.18657914725097E-01
 2.01490718019425E+03	 1.96935951490816E-01
 2.01490991809428E+03	 2.33024033381986E-01
 2.01491265599431E+03	 1.94894956191305E-01
 2.01491539389434E+03	 8.77274211734573E-02
 2.01491813179437E+03	-4.86408658066985E-02
 2.01492086969440E+03	-1.67117097620206E-01
 2.01492360759443E+03	-2.38849616234308E-01
 2.01492634549447E+03	-2.58349999643035E-01
 2.01492908339450E+03	-2.35028653485579E-01
 2.01493182129453E+03	-1.85926336732609E-01
 2.01493455919456E+03	-1.30852489909301E-01
 2.01493729709459E+03	-8.36292308516992E-02
 2.01494003499462E+03	-4.41463752135690E-02
 2.01494277289465E+03	-3.22991634282237E-03
 2.01494551079468E+03	 4.16602923568334E-02
 2.01494824869471E+03	 7.81954437537124E-02
 2.01495098659474E+03	 8.91718760018854E-02
 2.01495372449477E+03	 6.91370078051950E-02
 2.01495646239480E+03	 2.94640534672447E-02
 2.01495920029483E+03	-1.07381218758072E-02
 2.01496193819487E+03	-3.62334274518541E-02
 2.01496467609490E+03	-4.08689908021857E-02
 2.01496741399493E+03	-2.67809285464736E-02
 2.01497015189496E+03	-3.70460383276732E-04
 2.01497288979499E+03	 3.34891391782902E-02
 2.01497562769502E+03	 7.50305709058598E-02
 2.01497836559505E+03	 1.25302741859442E-01
 2.01498110349508E+03	 1.75621628943639E-01
 2.01498384139511E+03	 2.02692004128438E-01
 2.01498657929514E+03	 1.79616701955278E-01
 2.01498931719517E+03	 9.67999746135064E-02
 2.01499205509520E+03	-2.64121518474200E-02
 2.01499479299523E+03	-1.51330710345765E-01
 2.01499753089526E+03	-2.41723850038996E-01
 2.01500026879530E+03	-2.78612072467102E-01
 2.01500300669533E+03	-2.60834028592047E-01
 2.01500574459536E+03	-2.00395025471933E-01
 2.01500848249539E+03	-1.20147537275453E-01
 2.01501122039542E+03	-4.83943564055343E-02
 2.01501395829545E+03	-4.82333448468628E-03
 2.01501669619548E+03	 1.22815587260824E-02
 2.01501943409551E+03	 2.15698070521246E-02
 2.01502217199554E+03	 3.83843251024400E-02
 2.01502490989557E+03	 5.96018468166004E-02
 2.01502764779560E+03	 6.89066060705651E-02
 2.01503038569563E+03	 5.46573636438417E-02
 2.01503312359566E+03	 2.11750545496545E-02
 2.01503586149570E+03	-1.47526636935874E-02
 2.01503859939573E+03	-3.49588577062177E-02
 2.01504133729576E+03	-2.84654860427695E-02
 2.01504407519579E+03	 6.10181922951575E-03
 2.01504681309582E+03	 6.25661908952115E-02
 2.01504955099585E+03	 1.30575036963469E-01
 2.01505228889588E+03	 1.97445731908038E-01
 2.01505502679591E+03	 2.47799246923429E-01
 2.01505776469594E+03	 2.63927048547681E-01
 2.01506050259597E+03	 2.30731152774073E-01
 2.01506324049600E+03	 1.44573103182108E-01
 2.01506597839603E+03	 1.95609795767546E-02
 2.01506871629606E+03	-1.15310634474977E-01
 2.01507145419610E+03	-2.27588532139248E-01
 2.01507419209613E+03	-2.93163478233254E-01
 2.01507692999616E+03	-3.01009384594683E-01
 2.01507966789619E+03	-2.52289990812460E-01
 2.01508240579622E+03	-1.60614086758707E-01
 2.01508514369625E+03	-5.35597247728026E-02
 2.01508788159628E+03	 3.36103989899842E-02
 2.01509061949631E+03	 7.59330792736825E-02
 2.01509335739634E+03	 7.52405277341734E-02
 2.01509609529637E+03	 5.67775173012045E-02
 2.01509883319640E+03	 4.62043589081653E-02
 2.01510157109643E+03	 4.89527336295970E-02
 2.01510430899646E+03	 5.11925349478103E-02
 2.01510704689649E+03	 3.80315705027703E-02
 2.01510978479653E+03	 8.89380170335743E-03
 2.01511252269656E+03	-2.22074699529639E-02
 2.01511526059659E+03	-3.66189081246654E-02
 2.01511799849662E+03	-2.00738542398171E-02
 2.01512073639665E+03	 3.35535940943446E-02
 2.01512347429668E+03	 1.20539845210829E-01
 2.01512621219671E+03	 2.24882932029141E-01
 2.01512895009674E+03	 3.18175670908112E-01
 2.01513168799677E+03	 3.67066956094339E-01
 2.01513442589680E+03	 3.47691059190340E-01
 2.01513716379683E+03	 2.58079589552702E-01
 2.01513990169686E+03	 1.19161309428131E-01
 2.01514263959689E+03	-3.57671895213938E-02
 2.01514537749693E+03	-1.74410231048686E-01
 2.01514811539696E+03	-2.73447747842548E-01
 2.01515085329699E+03	-3.19611921888846E-01
 2.01515359119702E+03	-3.07607090233637E-01
 2.01515632909705E+03	-2.39825320899856E-01
 2.01515906699708E+03	-1.30226977782674E-01
 2.01516180489711E+03	-8.04760653146670E-03
 2.01516454279714E+03	 8.83666739567872E-02
 2.01516728069717E+03	 1.30723419883792E-01
 2.01517001859720E+03	 1.19459341980278E-01
 2.01517275649723E+03	 8.23411640013354E-02
 2.01517549439726E+03	 5.10845762890558E-02
 2.01517823229729E+03	 3.75966070866640E-02
 2.01518097019733E+03	 3.16220749304953E-02
 2.01518370809736E+03	 1.78964038333443E-02
 2.01518644599739E+03	-7.35700784074561E-03
 2.01518918389742E+03	-3.41305156878317E-02
 2.01519192179745E+03	-4.59412715207636E-02
 2.01519465969748E+03	-2.62702544292043E-02
 2.01519739759751E+03	 3.71901993369406E-02
 2.01520013549754E+03	 1.44889219674028E-01
 2.01520287339757E+03	 2.75490808663232E-01
 2.01520561129760E+03	 3.85519164480847E-01
 2.01520834919763E+03	 4.27457228110520E-01
 2.01521108709766E+03	 3.77090248700478E-01
 2.01521382499769E+03	 2.47945170111297E-01
 2.01521656289772E+03	 8.06934589725635E-02
 2.01521930079776E+03	-8.12925567296757E-02
 2.01522203869779E+03	-2.09125444358363E-01
 2.01522477659782E+03	-2.89681287438558E-01
 2.01522751449785E+03	-3.18607551735869E-01
 2.01523025239788E+03	-2.95245195035020E-01
 2.01523299029791E+03	-2.23020859410097E-01
 2.01523572819794E+03	-1.14251437685477E-01
 2.01523846609797E+03	 5.06371393382467E-03
 2.01524120399800E+03	 9.91102131049055E-02
 2.01524394189803E+03	 1.39398574583537E-01
 2.01524667979806E+03	 1.24057524989621E-01
 2.01524941769809E+03	 7.92396643995774E-02
 2.01525215559812E+03	 3.78838360214402E-02
 2.01525489349816E+03	 1.56467340888426E-02
 2.01525763139819E+03	 6.30947358110326E-03
 2.01526036929822E+03	-3.82866501941427E-03
 2.01526310719825E+03	-2.11969556295185E-02
 2.01526584509828E+03	-4.15583209544037E-02
 2.01526858299830E+03	-5.28828606045989E-02
 2.01527132089834E+03	-3.73241614653639E-02
 2.01527405879837E+03	 2.36594420381202E-02
 2.01527679669840E+03	 1.34589843724157E-01
 2.01527953459843E+03	 2.69786133318869E-01
 2.01528227249846E+03	 3.75743084266217E-01
 2.01528501039849E+03	 3.99748576491678E-01
 2.01528774829852E+03	 3.24512232750952E-01
 2.01529048619856E+03	 1.78211099646405E-01
 2.01529322409859E+03	 1.22405379716818E-02
 2.01529596199862E+03	-1.30280227306566E-01
 2.01529869989865E+03	-2.28941997365841E-01
 2.01530143779868E+03	-2.80544057319255E-01
 2.01530417569871E+03	-2.88502487713508E-01
 2.01530691359874E+03	-2.57375172510425E-01
 2.01530965149877E+03	-1.92184673016053E-01
 2.01531238939880E+03	-1.01387014988747E-01
 2.01531512729883E+03	-2.65188616848991E-03
 2.01531786519886E+03	 7.62428807826301E-02
 2.01532060309889E+03	 1.09840606361348E-01
 2.01532334099892E+03	 9.36496081974585E-02
 2.01532607889896E+03	 4.89852104528229E-02
 2.01532881679899E+03	 6.15067096817548E-03
 2.01533155469902E+03	-1.74527565277078E-02
 2.01533429259905E+03	-2.35523132974976E-02
 2.01533703049908E+03	-2.30908769483386E-02
 2.01533976839911E+03	-2.51377581943064E-02
 2.01534250629914E+03	-3.24573835887255E-02
 2.01534524419917E+03	-3.89551124230689E-02
 2.01534798209920E+03	-2.73046674625329E-02
 2.01535071999923E+03	 2.42069540926432E-02
 2.01535345789926E+03	 1.21259475131251E-01
 2.01535619579929E+03	 2.35288189441533E-01
 2.01535893369932E+03	 3.11212790872263E-01
 2.01536167159935E+03	 3.02730110427253E-01
 2.01536440949939E+03	 2.05887226002424E-01
 2.01536714739942E+03	 5.99938333602196E-02
 2.01536988529945E+03	-8.24377859067590E-02
 2.01537262319948E+03	-1.86185659202997E-01
 2.01537536109951E+03	-2.41135936286076E-01
 2.01537809899954E+03	-2.52781982066068E-01
 2.01538083689957E+03	-2.32288271728925E-01
 2.01538357479960E+03	-1.91177316346711E-01
 2.01538631269963E+03	-1.37080837684161E-01
 2.01538905059966E+03	-7.31098270699540E-02
 2.01539178849969E+03	-5.22997603774230E-03
 2.01539452639972E+03	 5.03202491933463E-02
 2.01539726429975E+03	 7.32106286433614E-02
 2.01540000219979E+03	 5.62369489163508E-02
 2.01540274009982E+03	 1.40335076883994E-02
 2.01540547799985E+03	-2.76893639722052E-02
 2.01540821589988E+03	-5.03430621341195E-02
 2.01541095379991E+03	-5.03737048470113E-02
 2.01541369169994E+03	-3.49773547930262E-02
 2.01541642959997E+03	-1.52254329533814E-02
 2.01541916750000E+03	-4.24948459285043E-04
 2.01542190540003E+03	 9.06873267944924E-03
 2.01542464330006E+03	 2.66350231755631E-02
 2.01542738120009E+03	 7.07840542001972E-02
 2.01543011910012E+03	 1.43364205321057E-01
 2.01543285700015E+03	 2.15038013372628E-01
 2.01543559490019E+03	 2.38867821111142E-01
 2.01543833280022E+03	 1.85402980606875E-01
 2.01544107070025E+03	 6.71714438784962E-02
 2.01544380860028E+03	-7.05764554764693E-02
 2.01544654650031E+03	-1.81369743692438E-01
 2.01544928440034E+03	-2.40763208624539E-01
 2.01545202230037E+03	-2.47454951725060E-01
 2.01545476020040E+03	-2.13893161708894E-01
 2.01545749810043E+03	-1.59482520087813E-01
 2.01546023600046E+03	-1.04338188145615E-01
 2.01546297390049E+03	-5.95269544082461E-02
 2.01546571180052E+03	-2.24579792953812E-02
 2.01546844970055E+03	 1.34757854288033E-02
 2.01547118760058E+03	 4.44457852364019E-02
 2.01547392550062E+03	 5.57935747637704E-02
 2.01547666340065E+03	 3.75054239357581E-02
 2.01547940130068E+03	-3.04230081980723E-03
 2.01548213920071E+03	-4.51145962000554E-02
 2.01548487710074E+03	-6.87881947069094E-02
 2.01548761500077E+03	-6.48003185805647E-02
 2.01549035290080E+03	-3.57723764126861E-02
 2.01549309080083E+03	 7.14212849056189E-03
 2.01549582870086E+03	 5.06196900389145E-02
 2.01549856660089E+03	 8.81654232984350E-02
 2.01550130450092E+03	 1.24676471194336E-01
 2.01550404240095E+03	 1.67886781094639E-01
 2.01550678030098E+03	 2.11462104037948E-01
 2.01550951820102E+03	 2.28798596154093E-01
 2.01551225610105E+03	 1.89752279437340E-01
 2.01551499400108E+03	 8.76214671879996E-02
 2.01551773190111E+03	-5.01842392331658E-02
 2.01552046980114E+03	-1.78440621727327E-01
 2.01552320770117E+03	-2.60437312077406E-01
 2.01552594560120E+03	-2.81358517487710E-01
 2.01552868350123E+03	-2.45541257681033E-01
 2.01553142140126E+03	-1.70628351640320E-01
 2.01553415930129E+03	-8.41913173428183E-02
 2.01553689720132E+03	-1.50502330059086E-02
 2.01553963510135E+03	 2.24004019141279E-02
 2.01554237300138E+03	 3.60454320314661E-02
 2.01554511090142E+03	 4.39799710280538E-02
 2.01554784880145E+03	 5.37534973288767E-02
 2.01555058670148E+03	 5.59511417749090E-02
 2.01555332460151E+03	 3.78452776863347E-02
 2.01555606250154E+03	-1.58210934889412E-04
 2.01555880040157E+03	-4.22842656975756E-02
 2.01556153830160E+03	-6.80060274561233E-02
 2.01556427620163E+03	-6.34210813081937E-02
 2.01556701410166E+03	-2.62531181082344E-02
 2.01556975200169E+03	 3.52288357897946E-02
 2.01557248990172E+03	 1.07523246672626E-01
 2.01557522780175E+03	 1.78642807002842E-01
 2.01557796570178E+03	 2.40718474453934E-01
 2.01558070360182E+03	 2.85250121649554E-01
 2.01558344150185E+03	 2.97026187079031E-01
 2.01558617940188E+03	 2.57432321082459E-01
 2.01558891730191E+03	 1.58736892890362E-01
 2.01559165520194E+03	 1.67127410332347E-02
 2.01559439310197E+03	-1.32362834133222E-01
 2.01559713100200E+03	-2.49119229590859E-01
 2.01559986890203E+03	-3.07640732291665E-01
 2.01560260680206E+03	-3.00005713683123E-01
 2.01560534470209E+03	-2.33329879242846E-01
 2.01560808260212E+03	-1.28813102184778E-01
 2.01561082050215E+03	-2.05794749849151E-02
 2.01561355840218E+03	 5.59519875273909E-02
 2.01561629630221E+03	 8.42941026502668E-02
 2.01561903420225E+03	 7.68078455534711E-02
 2.01562177210228E+03	 6.08770989780508E-02
 2.01562451000231E+03	 5.35321240139173E-02
 2.01562724790234E+03	 5.00757731761971E-02
 2.01562998580237E+03	 3.57967955674408E-02
 2.01563272370240E+03	 5.01534837317543E-03
 2.01563546160243E+03	-3.19419853810345E-02
 2.01563819950246E+03	-5.64053681541303E-02
 2.01564093740249E+03	-5.26163131111488E-02
 2.01564367530252E+03	-1.36096617837011E-02
 2.01564641320255E+03	 5.84138396573224E-02
 2.01564915110258E+03	 1.53371684691895E-01
 2.01565188900261E+03	 2.54073717867740E-01
 2.01565462690265E+03	 3.37256164670878E-01
 2.01565736480268E+03	 3.77304899949216E-01
 2.01566010270271E+03	 3.54173872922665E-01
 2.01566284060274E+03	 2.63104148230003E-01
 2.01566557850277E+03	 1.19971528865091E-01
 2.01566831640280E+03	-4.27850214318988E-02
 2.01567105430283E+03	-1.88231249296345E-01
 2.01567379220286E+03	-2.87352931366339E-01
 2.01567653010289E+03	-3.24596545784778E-01
 2.01567926800292E+03	-2.96773698669357E-01
 2.01568200590295E+03	-2.12204295396073E-01
 2.01568474380298E+03	-9.37184226489578E-02
 2.01568748170301E+03	 2.15712030487143E-02
 2.01569021960305E+03	 9.55706162935434E-02
 2.01569295750308E+03	 1.11368731295283E-01
 2.01569569540311E+03	 8.43017463384525E-02
 2.01569843330314E+03	 4.79374205276356E-02
 2.01570117120317E+03	 2.64483525529051E-02
 2.01570390910320E+03	 1.96842353570171E-02
 2.01570664700323E+03	 1.25966557221819E-02
 2.01570938490326E+03	-5.09778599002100E-03
 2.01571212280329E+03	-2.94215857419178E-02
 2.01571486070332E+03	-4.69943155660560E-02
 2.01571759860335E+03	-4.34991715951860E-02
 2.01572033650338E+03	-7.57340214130451E-03
 2.01572307440341E+03	 6.70012331784535E-02
 2.01572581230344E+03	 1.75329047598755E-01
 2.01572855020348E+03	 2.94547408098130E-01
 2.01573128810351E+03	 3.85979536482522E-01
 2.01573402600354E+03	 4.11014962042053E-01
 2.01573676390357E+03	 3.51923086122952E-01
 2.01573950180360E+03	 2.21822655765494E-01
 2.01574223970363E+03	 5.65098106646985E-02
 2.01574497760366E+03	-1.03815080347596E-01
 2.01574771550369E+03	-2.28890260464762E-01
 2.01575045340372E+03	-3.02160318283561E-01
 2.01575319130375E+03	-3.17445449988240E-01
 2.01575592920378E+03	-2.75550228057081E-01
 2.01575866710381E+03	-1.85389758160572E-01
 2.01576140500384E+03	-6.86498158176560E-02
 2.01576414290388E+03	 3.96967412315291E-02
 2.01576688080391E+03	 1.03459624032719E-01
 2.01576961870394E+03	 1.06393466893509E-01
 2.01577235660397E+03	 6.41706578308819E-02
 2.01577509450400E+03	 1.24085337620330E-02
 2.01577783240403E+03	-2.04030257444522E-02
 2.01578057030406E+03	-2.97739312100068E-02
 2.01578330820409E+03	-2.87311362162277E-02
 2.01578604610412E+03	-3.01327610081754E-02
 2.01578878400415E+03	-3.69290514163443E-02
 2.01579152190418E+03	-4.37649166048254E-02
 2.01579425980421E+03	-3.99969728135215E-02
 2.01579699770424E+03	-1.00583322285049E-02
 2.01579973560428E+03	 6.10810658819636E-02
 2.01580247350431E+03	 1.72826738411122E-01
 2.01580521140434E+03	 2.95922192597400E-01
 2.01580794930437E+03	 3.79524503519991E-01
 2.01581068720440E+03	 3.79907236061758E-01
 2.01581342510443E+03	 2.88854176839941E-01
 2.01581616300446E+03	 1.37348068234338E-01
 2.01581890090449E+03	-2.65288822664766E-02
 2.01582163880452E+03	-1.63718672346838E-01
 2.01582437670455E+03	-2.54792830272614E-01
 2.01582711460458E+03	-2.95263306617035E-01
 2.01582985250461E+03	-2.87508979627214E-01
 2.01583259040464E+03	-2.36873248324924E-01
 2.01583532830467E+03	-1.52480970833140E-01
 2.01583806620471E+03	-5.12544601826772E-02
 2.01584080410474E+03	 3.96031147757039E-02
 2.01584354200477E+03	 8.99080880907650E-02
 2.01584627990480E+03	 8.42494007280042E-02
 2.01584901780483E+03	 3.52123007442967E-02
 2.01585175570486E+03	-2.41922182975886E-02
 2.01585449360489E+03	-6.42401192897954E-02
 2.01585723150492E+03	-7.57481307743116E-02
 2.01585996940495E+03	-6.73770403680645E-02
 2.01586270730498E+03	-5.24282027403521E-02
 2.01586544520501E+03	-4.04954195527074E-02
 2.01586818310504E+03	-3.51159687686022E-02
 2.01587092100507E+03	-2.99816548193808E-02
 2.01587365890511E+03	-6.20575731159370E-03
 2.01587639680514E+03	 5.75200473279218E-02
 2.01587913470517E+03	 1.61757829781445E-01
 2.01588187260520E+03	 2.71352081974709E-01
 2.01588461050523E+03	 3.30212191206250E-01
 2.01588734840526E+03	 2.99242506202360E-01
 2.01589008630529E+03	 1.84448078530731E-01
 2.01589282420532E+03	 3.02654039507022E-02
 2.01589556210535E+03	-1.12212985225100E-01
 2.01589830000538E+03	-2.11476251343637E-01
 2.01590103790541E+03	-2.59521255048007E-01
 2.01590377580544E+03	-2.62217743417346E-01
 2.01590651370547E+03	-2.30544622798727E-01
 2.01590925160551E+03	-1.75767236223268E-01
 2.01591198950554E+03	-1.06749511915061E-01
 2.01591472740557E+03	-3.20298910833373E-02
 2.01591746530560E+03	 3.37301049037820E-02
 2.01592020320563E+03	 6.93845994994538E-02
 2.01592294110566E+03	 6.02201793945192E-02
 2.01592567900569E+03	 1.28776861193818E-02
 2.01592841690572E+03	-4.60587332320436E-02
 2.01593115480575E+03	-8.82559001195184E-02
 2.01593389270578E+03	-1.00105682472054E-01
 2.01593663060581E+03	-8.44932978413002E-02
 2.01593936850584E+03	-5.35610894290456E-02
 2.01594210640587E+03	-2.23076635303318E-02
 2.01594484430591E+03	-2.08619850675339E-03
 2.01594758220594E+03	 9.12409146229126E-03
 2.01595032010597E+03	 3.06232507407184E-02
 2.01595305800600E+03	 8.43311004641165E-02
 2.01595579590603E+03	 1.68041711454902E-01
 2.01595853380606E+03	 2.43906496306717E-01
 2.01596127170609E+03	 2.60636799249476E-01
 2.01596400960612E+03	 1.93198266634147E-01
 2.01596674750615E+03	 6.29177494338742E-02
 2.01596948540618E+03	-7.94786871440321E-02
 2.01597222330621E+03	-1.87984102844834E-01
 2.01597496120624E+03	-2.41421892018137E-01
 2.01597769910627E+03	-2.41443311478513E-01
 2.01598043700630E+03	-2.02745903869004E-01
 2.01598317490634E+03	-1.45888734491891E-01
 2.01598591280637E+03	-8.95841542060591E-02
 2.01598865070640E+03	-4.20102755796572E-02
 2.01599138860643E+03	-9.41249429189870E-04
 2.01599412650646E+03	 3.41892049538063E-02
 2.01599686440649E+03	 5.29927173303838E-02
 2.01599960230652E+03	 4.17895986860547E-02
 2.01600234020655E+03	 2.84828692994193E-04
 2.01600507810658E+03	-5.31263832887465E-02
 2.01600781600661E+03	-9.31088005630610E-02
 2.01601055390664E+03	-1.02503857715335E-01
 2.01601329180667E+03	-7.85143265542587E-02
 2.01601602970670E+03	-3.11954903495654E-02
 2.01601876760674E+03	 2.13524592831214E-02
 2.01602150550677E+03	 6.24975513156900E-02
 2.01602424340680E+03	 8.95831915325392E-02
 2.01602698130683E+03	 1.16883381757230E-01
 2.01602971920686E+03	 1.59337915010057E-01
 2.01603245710689E+03	 2.09164542163000E-01
 2.01603519500692E+03	 2.31909200325651E-01
 2.01603793290695E+03	 1.91924903918382E-01
 2.01604067080698E+03	 8.47586605337514E-02
 2.01604340870701E+03	-5.54755694085952E-02
 2.01604614660704E+03	-1.79237007506156E-01
 2.01604888450707E+03	-2.50463585674135E-01
 2.01605162240710E+03	-2.57799556845468E-01
 2.01605436030714E+03	-2.09965390041375E-01
 2.01605709820717E+03	-1.29567348947309E-01
 2.01605983610720E+03	-4.75229557500918E-02
 2.01606257400723E+03	 9.48808389645836E-03
 2.01606531190726E+03	 3.42852685826659E-02
 2.01606804980729E+03	 4.01063229352365E-02
 2.01607078770732E+03	 4.25940101138828E-02
 2.01607352560735E+03	 4.22503199369133E-02
 2.01607626350738E+03	 2.72454700391663E-02
 2.01607900140741E+03	-8.68298587858273E-03
 2.01608173930744E+03	-5.50365702173355E-02
 2.01608447720747E+03	-9.03336716841695E-02
 2.01608721510750E+03	-9.56552733022795E-02
 2.01608995300753E+03	-6.39460725535363E-02
 2.01609269090757E+03	-2.25819434581025E-03
 2.01609542880760E+03	 7.19309705982186E-02
 2.01609816670763E+03	 1.40268863562967E-01
 2.01610090460766E+03	 1.94287620776659E-01
 2.01610364250769E+03	 2.36549775114294E-01
 2.01610638040772E+03	 2.68125130595456E-01
 2.01610911830775E+03	 2.75466873146477E-01
 2.01611185620778E+03	 2.34800396252464E-01
 2.01611459410781E+03	 1.33975285640254E-01
 2.01611733200784E+03	-9.77045432876844E-03
 2.01612006990787E+03	-1.55149722246510E-01
 2.01612280780790E+03	-2.59728300939032E-01
 2.01612554570793E+03	-2.98607408243661E-01
 2.01612828360797E+03	-2.67753733265202E-01
 2.01613102150800E+03	-1.80439363369731E-01
 2.01613375940803E+03	-6.58927914455554E-02
 2.01613649730806E+03	 3.59354883105431E-02
 2.01613923520809E+03	 9.20701546452493E-02
 2.01614197310812E+03	 9.66948900542940E-02
 2.01614471100815E+03	 7.20770366159998E-02
 2.01614744890818E+03	 4.59585827029124E-02
 2.01615018680821E+03	 2.80816833562301E-02
 2.01615292470824E+03	 9.09095510863524E-03
 2.01615566260827E+03	-2.13546726203129E-02
 2.01615840050830E+03	-5.94633547175514E-02
 2.01616113840833E+03	-8.86078527262154E-02
 2.01616387630837E+03	-9.09271470372330E-02
 2.01616661420840E+03	-5.70943615638431E-02
 2.01616935210843E+03	 1.05622499663314E-02
 2.01617209000846E+03	 1.00220943191978E-01
 2.01617482790849E+03	 1.95736425380144E-01
 2.01617756580852E+03	 2.81506434639782E-01
 2.01618030370855E+03	 3.43119839068240E-01
 2.01618304160858E+03	 3.64667464294773E-01
 2.01618577950861E+03	 3.29854478848555E-01
 2.01618851740864E+03	 2.31455850716760E-01
 2.01619125530867E+03	 8.24709073481269E-02
 2.01619399320870E+03	-8.33833671654569E-02
 2.01619673110873E+03	-2.25114416398919E-01
 2.01619946900876E+03	-3.11041484998378E-01
 2.01620220690880E+03	-3.26235440156357E-01
 2.01620494480883E+03	-2.71237839922406E-01
 2.01620768270886E+03	-1.61631402569834E-01
 2.01621042060889E+03	-3.03562506870093E-02
 2.01621315850892E+03	 7.81436907667926E-02
 2.01621589640895E+03	 1.28664598872747E-01
 2.01621863430898E+03	 1.17217842636128E-01
 2.01622137220901E+03	 7.15249767142508E-02
 2.01622411010904E+03	 2.65580645071578E-02
 2.01622684800907E+03	-1.66806535094422E-03
 2.01622958590910E+03	-1.99508110729307E-02
 2.01623232380913E+03	-4.08969124641959E-02
 2.01623506170916E+03	-6.64896317661587E-02
 2.01623779960920E+03	-8.67055964875422E-02
 2.01624053750923E+03	-8.81998043588525E-02
 2.01624327540926E+03	-6.11332774632890E-02
 2.01624601330929E+03	-7.32755192848310E-04
 2.01624875120932E+03	 9.16517177084053E-02
 2.01625148910935E+03	 2.04956647684030E-01
 2.01625422700938E+03	 3.15572694039779E-01
 2.01625696490941E+03	 3.90855894220042E-01
 2.01625970280944E+03	 4.00621367105675E-01
 2.01626244070947E+03	 3.31551159401789E-01
 2.01626517860950E+03	 1.95497117463782E-01
 2.01626791650953E+03	 2.55725062497953E-02
 2.01627065440956E+03	-1.37672894829016E-01
 2.01627339230960E+03	-2.60811837404915E-01
 2.01627613020963E+03	-3.24485562731511E-01
 2.01627886810966E+03	-3.22152612849786E-01
 2.01628160600969E+03	-2.57471163247295E-01
 2.01628434390972E+03	-1.46443631759442E-01
 2.01628708180975E+03	-2.10446783102301E-02
 2.01628981970978E+03	 7.66655458342003E-02
 2.01629255760981E+03	 1.14385318607129E-01
 2.01629529550984E+03	 9.01318820357587E-02
 2.01629803340987E+03	 3.29075623824689E-02
 2.01630077130990E+03	-2.02385560958935E-02
 2.01630350920993E+03	-5.00045074936130E-02
 2.01630624710996E+03	-6.05277301998192E-02
 2.01630898501000E+03	-6.50470502316166E-02
 2.01631172291003E+03	-7.08612678559767E-02
 2.01631446081006E+03	-7.66645672406757E-02
 2.01631719871009E+03	-7.67753099995033E-02
 2.01631993661012E+03	-6.20463835099510E-02
 2.01632267451015E+03	-1.90199110682081E-02
 2.01632541241018E+03	 6.33653375904011E-02
 2.01632815031021E+03	 1.79171542420348E-01
 2.01633088821024E+03	 2.96683932200281E-01
 2.01633362611027E+03	 3.68912779418021E-01
 2.01633636401030E+03	 3.59701006361790E-01
 2.01633910191033E+03	 2.65579191836337E-01
 2.01634183981036E+03	 1.16278952194688E-01
 2.01634457771039E+03	-4.40888571112879E-02
 2.01634731561043E+03	-1.78176252379039E-01
 2.01635005351046E+03	-2.64960126723197E-01
 2.01635279141049E+03	-2.97566470964206E-01
 2.01635552931052E+03	-2.77519418950585E-01
 2.01635826721055E+03	-2.12077947066786E-01
 2.01636100511058E+03	-1.16220921973456E-01
 2.01636374301061E+03	-1.56720880060709E-02
 2.01636648091064E+03	 5.67099386719508E-02
 2.01636921881067E+03	 7.56031335166340E-02
 2.01637195671070E+03	 4.03859431573594E-02
 2.01637469461073E+03	-2.24956489615733E-02
 2.01637743251076E+03	-7.78515359010426E-02
 2.01638017041079E+03	-1.04791825233679E-01
 2.01638290831083E+03	-1.03908804262239E-01
 2.01638564621086E+03	-8.72547156255385E-02
 2.01638838411089E+03	-6.68880406764171E-02
 2.01639112201092E+03	-5.15057242144692E-02
 2.01639385991095E+03	-4.47329610948358E-02
 2.01639659781098E+03	-3.88770618819286E-02
 2.01639933571101E+03	-1.27694463890940E-02
 2.01640207361104E+03	 5.41422483649834E-02
 2.01640481151107E+03	 1.57670406533618E-01
 2.01640754941110E+03	 2.59067820777017E-01
 2.01641028731113E+03	 3.05317489344015E-01
 2.01641302521116E+03	 2.65535382849895E-01
 2.01641576311119E+03	 1.51693494030647E-01
 2.01641850101123E+03	 7.21776306350141E-03
 2.01642123891126E+03	-1.22105042242489E-01
 2.01642397681129E+03	-2.08728178138639E-01
 2.01642671471132E+03	-2.45287542230370E-01
 2.01642945261135E+03	-2.36944793345077E-01
 2.01643219051138E+03	-1.94583266057485E-01
 2.01643492841141E+03	-1.30781913244915E-01
 2.01643766631144E+03	-5.82841387069830E-02
 2.01644040421147E+03	 7.91172479044202E-03
 2.01644314211150E+03	 4.87021415265970E-02
 2.01644588001153E+03	 4.73598999366100E-02
 2.01644861791156E+03	 3.05258950723553E-03
 2.01645135581159E+03	-6.32464706894611E-02
 2.01645409371162E+03	-1.20388082807167E-01
 2.01645683161166E+03	-1.46172852790095E-01
 2.01645956951169E+03	-1.36222579943970E-01
 2.01646230741172E+03	-9.95605035255306E-02
 2.01646504531175E+03	-5.18079402366033E-02
 2.01646778321178E+03	-1.09143811862443E-02
 2.01647052111181E+03	 1.09202739420803E-02
 2.01647325901184E+03	 1.93628658267920E-02
 2.01647599691187E+03	 3.91188453201865E-02
 2.01647873481190E+03	 9.29705538631382E-02
 2.01648147271193E+03	 1.73447527059941E-01
 2.01648421061196E+03	 2.37832127143648E-01
 2.01648694851199E+03	 2.37662197985043E-01
 2.01648968641202E+03	 1.57398768628075E-01
 2.01649242431206E+03	 2.61989828843390E-02
 2.01649516221209E+03	-1.04998400112088E-01
 2.01649790011212E+03	-1.95475742672045E-01
 2.01650063801215E+03	-2.29250688842613E-01
 2.01650337591218E+03	-2.10924455738216E-01
 2.01650611381221E+03	-1.57183581931280E-01
 2.01650885171224E+03	-9.00694623189818E-02
 2.01651158961227E+03	-2.86690776195441E-02
 2.01651432751230E+03	 1.80727373248809E-02
 2.01651706541233E+03	 4.87905378621567E-02
 2.01651980331236E+03	 5.96837487742923E-02
 2.01652254121239E+03	 4.19138554035756E-02
 2.01652527911242E+03	-7.47354043615374E-03
 2.01652801701246E+03	-7.47811781576395E-02
 2.01653075491249E+03	-1.33915202350780E-01
 2.01653349281252E+03	-1.61471764599312E-01
 2.01653623071255E+03	-1.47552229809582E-01
 2.01653896861258E+03	-9.71244451171622E-02
 2.01654170651261E+03	-2.74144726994125E-02
 2.01654444441264E+03	 3.76679181090290E-02
 2.01654718231267E+03	 8.04422457283834E-02
 2.01654992021270E+03	 1.03872556410150E-01
 2.01655265811273E+03	 1.29791180728307E-01
 2.01655539601276E+03	 1.74649310673034E-01
 2.01655813391279E+03	 2.24375112965816E-01
 2.01656087181282E+03	 2.38001771628810E-01
 2.01656360971285E+03	 1.81589410777645E-01
 2.01656634761289E+03	 6.00844102249876E-02
 2.01656908551292E+03	-8.36803609017380E-02
 2.01657182341295E+03	-1.98404894181058E-01
 2.01657456131298E+03	-2.51894879941548E-01
 2.01657729921301E+03	-2.37930507435767E-01
 2.01658003711304E+03	-1.70198613653771E-01
 2.01658277501307E+03	-7.62735337299119E-02
 2.01658551291310E+03	 1.01973892675337E-02
 2.01658825081313E+03	 6.45822587246441E-02
 2.01659098871316E+03	 8.38919121123533E-02
 2.01659372661319E+03	 8.14919137978212E-02
 2.01659646451322E+03	 6.79417974396678E-02
 2.01659920241325E+03	 4.04833140940480E-02
 2.01660194031329E+03	-7.25539859431516E-03
 2.01660467821332E+03	-6.95366514489757E-02
 2.01660741611335E+03	-1.26123656657843E-01
 2.01661015401338E+03	-1.53824539742322E-01
 2.01661289191341E+03	-1.38853126409000E-01
 2.01661562981344E+03	-8.24635758386899E-02
 2.01661836771347E+03	-8.04043541009726E-04
 2.01662110561350E+03	 8.16251243472375E-02
 2.01662384351353E+03	 1.45957728027980E-01
 2.01662658141356E+03	 1.91172652952678E-01
 2.01662931931359E+03	 2.29413500187985E-01
 2.01663205721362E+03	 2.64626604831868E-01
 2.01663479511365E+03	 2.77211983844724E-01
 2.01663753301369E+03	 2.35728703917437E-01
 2.01664027091372E+03	 1.27343602357017E-01
 2.01664300881375E+03	-2.39486794624683E-02
 2.01664574671378E+03	-1.69502469749538E-01
 2.01664848461381E+03	-2.64394123536695E-01
 2.01665122251384E+03	-2.85819384168868E-01
 2.01665396041387E+03	-2.34347623520497E-01
 2.01665669831390E+03	-1.30130186144262E-01
 2.01665943621393E+03	-1.01209041089932E-02
 2.01666217411396E+03	 8.27372053265654E-02
 2.01666491201399E+03	 1.21576548446956E-01
 2.01666764991402E+03	 1.11272835055557E-01
 2.01667038781405E+03	 7.88353422348301E-02
 2.01667312571409E+03	 4.65055545044145E-02
 2.01667586361412E+03	 1.58892303737667E-02
 2.01667860151415E+03	-2.27396442829452E-02
 2.01668133941418E+03	-7.11255115812912E-02
 2.01668407731421E+03	-1.15876573570796E-01
 2.01668681521424E+03	-1.37087368211010E-01
 2.01668955311427E+03	-1.20720289565245E-01
 2.01669229101430E+03	-6.54349232457113E-02
 2.01669502891433E+03	 1.71371686968320E-02
 2.01669776681436E+03	 1.08004905780825E-01
 2.01670050471439E+03	 1.90654571159911E-01
 2.01670324261442E+03	 2.57650971108976E-01
 2.01670598051445E+03	 3.06000630387283E-01
 2.01670871841448E+03	 3.25646095191630E-01
 2.01671145631452E+03	 2.97022358836436E-01
 2.01671419421455E+03	 2.05751572371712E-01
 2.01671693211458E+03	 6.14979410141543E-02
 2.01671967001461E+03	-9.95594342388798E-02
 2.01672240791464E+03	-2.32164774205251E-01
 2.01672514581467E+03	-3.02503516381492E-01
 2.01672788371470E+03	-2.96570155245591E-01
 2.01673062161473E+03	-2.19398612865966E-01
 2.01673335951476E+03	-9.54671205594548E-02
 2.01673609741479E+03	 3.22308370676767E-02
 2.01673883531482E+03	 1.16627014195470E-01
 2.01674157321485E+03	 1.32858088315088E-01
 2.01674431111488E+03	 9.37451590960877E-02
 2.01674704901492E+03	 3.62276998900895E-02
 2.01674978691495E+03	-9.66956825365514E-03
 2.01675252481498E+03	-3.90582065358129E-02
 2.01675526271501E+03	-6.34497100771283E-02
 2.01675800061504E+03	-9.04391077936693E-02
 2.01676073851507E+03	-1.14349325146175E-01
 2.01676347641510E+03	-1.22290163874872E-01
 2.01676621431513E+03	-1.03986801650419E-01
 2.01676895221516E+03	-5.61030718441105E-02
 2.01677169011519E+03	 1.81515955720601E-02
 2.01677442801522E+03	 1.10219558070764E-01
 2.01677716591525E+03	 2.06975656914309E-01
 2.01677990381528E+03	 2.91190358236786E-01
 2.01678264171532E+03	 3.42189498942462E-01
 2.01678537961535E+03	 3.39345850961559E-01
 2.01678811751538E+03	 2.70796032935961E-01
 2.01679085541541E+03	 1.43565084825732E-01
 2.01679359331544E+03	-1.41688753066879E-02
 2.01679633121547E+03	-1.63220037618354E-01
 2.01679906911550E+03	-2.68896127800470E-01
 2.01680180701553E+03	-3.10431941644228E-01
 2.01680454491556E+03	-2.81779985928408E-01
 2.01680728281559E+03	-1.91420674044212E-01
 2.01681002071562E+03	-6.58049078023919E-02
 2.01681275861565E+03	 5.16249629486923E-02
 2.01681549651568E+03	 1.16527531872044E-01
 2.01681823441571E+03	 1.09327388104583E-01
 2.01682097231575E+03	 4.81401649675863E-02
 2.01682371021578E+03	-2.61051581863746E-02
 2.01682644811581E+03	-8.00690648678039E-02
 2.01682918601584E+03	-1.05997740919279E-01
 2.01683192391587E+03	-1.14619369359787E-01
 2.01683466181590E+03	-1.16986016075064E-01
 2.01683739971593E+03	-1.15515069773951E-01
 2.01684013761596E+03	-1.07344764712569E-01
 2.01684287551599E+03	-8.86439415529903E-02
 2.01684561341602E+03	-5.35076579985324E-02
 2.01684835131605E+03	 6.46714567409432E-03
 2.01685108921608E+03	 9.50287812870038E-02
 2.01685382711611E+03	 2.00568765754453E-01
 2.01685656501615E+03	 2.93345562769705E-01
 2.01685930291618E+03	 3.36831840011174E-01
 2.01686204081621E+03	 3.07058091694280E-01
 2.01686477871624E+03	 2.06451642313793E-01
 2.01686751661627E+03	 6.27028048085893E-02
 2.01687025451630E+03	-8.52743696674955E-02
 2.01687299241633E+03	-2.03456368100587E-01
 2.01687573031636E+03	-2.71176398812235E-01
 2.01687846821639E+03	-2.80708520071116E-01
 2.01688120611642E+03	-2.34077421968420E-01
 2.01688394401645E+03	-1.43297573523451E-01
 2.01688668191648E+03	-3.35486953114085E-02
 2.01688941981651E+03	 5.84707679192044E-02
 2.01689215771655E+03	 9.79006467148542E-02
 2.01689489561658E+03	 7.17826865385237E-02
 2.01689763351661E+03	-1.01616466933982E-03
 2.01690037141664E+03	-8.19974476999534E-02
 2.01690310931667E+03	-1.38442457173239E-01
 2.01690584721670E+03	-1.59645155238337E-01
 2.01690858511673E+03	-1.52944425109592E-01
 2.01691132301676E+03	-1.30561436644145E-01
 2.01691406091679E+03	-1.02914663041094E-01
 2.01691679881682E+03	-7.86284057696078E-02
 2.01691953671685E+03	-6.10203414590244E-02
 2.01692227461688E+03	-4.06434909176196E-02
 2.01692501251691E+03	 3.08305020506773E-03
 2.01692775041694E+03	 8.39763713510058E-02
 2.01693048831698E+03	 1.88470715526458E-01
 2.01693322621701E+03	 2.74759965134637E-01
 2.01693596411704E+03	 2.97487399210911E-01
 2.01693870201707E+03	 2.38436993922536E-01
 2.01694143991710E+03	 1.17515559385850E-01
 2.01694417781713E+03	-2.24433336638590E-02
 2.01694691571716E+03	-1.40614800698379E-01
 2.01694965361719E+03	-2.13215208337911E-01
 2.01695239151722E+03	-2.33956468776555E-01
 2.01695512941725E+03	-2.08032827895258E-01
 2.01695786731728E+03	-1.47188820300968E-01
 2.01696060521731E+03	-6.74358711680428E-02
 2.01696334311734E+03	 1.14197977798603E-02
 2.01696608101738E+03	 6.65339400520132E-02
 2.01696881891741E+03	 7.74712712866373E-02
 2.01697155681744E+03	 3.74673360286270E-02
 2.01697429471747E+03	-3.82435431044994E-02
 2.01697703261750E+03	-1.18260991443389E-01
 2.01697977051753E+03	-1.72855079967636E-01
 2.01698250841756E+03	-1.88113869618173E-01
 2.01698524631759E+03	-1.66383348161326E-01
 2.01698798421762E+03	-1.19688508756671E-01
 2.01699072211765E+03	-6.58928390704017E-02
 2.01699346001768E+03	-2.45987995117697E-02
 2.01699619791771E+03	-5.33256838760673E-03
 2.01699893581774E+03	 4.71047673442400E-03
 2.01700167371778E+03	 3.47235152094139E-02
 2.01700441161781E+03	 1.02651385210779E-01
 2.01700714951784E+03	 1.90137052368928E-01
 2.01700988741787E+03	 2.48512647722158E-01
 2.01701262531790E+03	 2.34683164050000E-01
 2.01701536321793E+03	 1.44492312212891E-01
 2.01701810111796E+03	 1.42244463682359E-02
 2.01702083901799E+03	-1.06275927617192E-01
 2.01702357691802E+03	-1.81326220070543E-01
 2.01702631481805E+03	-1.98906506805609E-01
 2.01702905271808E+03	-1.66018723908138E-01
 2.01703179061811E+03	-1.01571921057661E-01
 2.01703452851814E+03	-2.92812604881868E-02
 2.01703726641818E+03	 3.11245726123380E-02
 2.01704000431821E+03	 6.94033989421742E-02
 2.01704274221824E+03	 8.14415143951466E-02
 2.01704548011827E+03	 6.30633245290013E-02
 2.01704821801830E+03	 1.21708844647679E-02
 2.01705095591833E+03	-6.22262810301113E-02
 2.01705369381836E+03	-1.37605830268954E-01
 2.01705643171839E+03	-1.87953316684200E-01
 2.01705916961842E+03	-1.96367748096461E-01
 2.01706190751845E+03	-1.60243737902297E-01
 2.01706464541848E+03	-9.09827369826503E-02
 2.01706738331851E+03	-1.22295021742699E-02
 2.01707012121854E+03	 4.83815755398646E-02
 2.01707285911857E+03	 7.71687837990595E-02
 2.01707559701861E+03	 8.79384505896991E-02
 2.01707833491864E+03	 1.10975080199981E-01
 2.01708107281867E+03	 1.60685308708068E-01
 2.01708381071870E+03	 2.13585997902248E-01
 2.01708654861873E+03	 2.23191803412629E-01
 2.01708928651876E+03	 1.60186559547880E-01
 2.01709202441879E+03	 3.89070834573380E-02
 2.01709476231882E+03	-9.30359785983796E-02
 2.01709750021885E+03	-1.86758406053378E-01
 2.01710023811888E+03	-2.15262594821824E-01
 2.01710297601891E+03	-1.76994108858771E-01
 2.01710571391894E+03	-9.07770113205867E-02
 2.01710845181897E+03	 1.00513130841185E-02
 2.01711118971901E+03	 8.92945373412412E-02
 2.01711392761904E+03	 1.25593541224940E-01
 2.01711666551907E+03	 1.21393715552994E-01
 2.01711940341910E+03	 9.22255705431846E-02
 2.01712214131913E+03	 4.83344335064181E-02
 2.01712487921916E+03	-9.90402626861658E-03
 2.01712761711919E+03	-8.03092381421344E-02
 2.01713035501922E+03	-1.48767422369008E-01
 2.01713309291925E+03	-1.93119615815482E-01
 2.01713583081928E+03	-1.94913003877192E-01
 2.01713856871931E+03	-1.48216880764291E-01
 2.01714130661934E+03	-6.34261227434603E-02
 2.01714404451937E+03	 3.38400558035835E-02
 2.01714678241941E+03	 1.13530446266226E-01
 2.01714952031944E+03	 1.60460347556231E-01
 2.01715225821947E+03	 1.85156242554223E-01
 2.01715499611950E+03	 2.09751284012102E-01
 2.01715773401953E+03	 2.38719166223502E-01
 2.01716047191956E+03	 2.46268713793972E-01
 2.01716320981959E+03	 1.97793624676156E-01
 2.01716594771962E+03	 8.50455450027473E-02
 2.01716868561965E+03	-6.07628168969428E-02
 2.01717142351968E+03	-1.88369040772692E-01
 2.01717416141971E+03	-2.55653257263599E-01
 2.01717689931974E+03	-2.44421165544804E-01
 2.01717963721977E+03	-1.60863392315740E-01
 2.01718237511980E+03	-3.37054969869131E-02
 2.01718511301984E+03	 9.08877318270812E-02
 2.01718785091987E+03	 1.67620821570656E-01
 2.01719058881990E+03	 1.77539665926043E-01
 2.01719332671993E+03	 1.36731226704463E-01
 2.01719606461996E+03	 7.69028131416841E-02
 2.01719880251999E+03	 1.78621911678528E-02
 2.01720154042002E+03	-3.99435475643845E-02
 2.01720427832005E+03	-1.00497372445343E-01
 2.01720701622008E+03	-1.56900269108896E-01
 2.01720975412011E+03	-1.91704340063908E-01
 2.01721249202014E+03	-1.87909382687547E-01
 2.01721522992017E+03	-1.38802782676359E-01
 2.01721796782020E+03	-5.24649760170294E-02
 2.01722070572024E+03	 4.95914365115541E-02
 2.01722344362027E+03	 1.42094311995838E-01
 2.01722618152030E+03	 2.10650353011313E-01
 2.01722891942033E+03	 2.57497676975301E-01
 2.01723165732036E+03	 2.89104039412035E-01
 2.01723439522039E+03	 2.97825696836332E-01
 2.01723713312042E+03	 2.61032749634486E-01
 2.01723987102045E+03	 1.62862657155085E-01
 2.01724260892048E+03	 1.63516487136181E-02
 2.01724534682051E+03	-1.37720746198194E-01
 2.01724808472054E+03	-2.52659486003541E-01
 2.01725082262057E+03	-2.96261349180563E-01
 2.01725356052060E+03	-2.57654854269350E-01
 2.01725629842064E+03	-1.48266996378789E-01
 2.01725903632067E+03	-3.84866247216448E-03
 2.01726177422070E+03	 1.21946214209918E-01
 2.01726451212073E+03	 1.82043506504719E-01
 2.01726725002076E+03	 1.64542358191709E-01
 2.01726998792079E+03	 9.73417337942468E-02
 2.01727272582082E+03	 2.17615130786238E-02
 2.01727546372085E+03	-3.86805804226577E-02
 2.01727820162088E+03	-8.50977865501038E-02
 2.01728093952091E+03	-1.26185446310068E-01
 2.01728367742094E+03	-1.61355623181896E-01
 2.01728641532097E+03	-1.79914869790023E-01
 2.01728915322100E+03	-1.70419924177837E-01
 2.01729189112103E+03	-1.27947851531116E-01
 2.01729462902107E+03	-5.59732239844088E-02
 2.01729736692110E+03	 3.47162009280130E-02
 2.01730010482113E+03	 1.29615334917319E-01
 2.01730284272116E+03	 2.15595237984263E-01
 2.01730558062119E+03	 2.82367763184303E-01
 2.01730831852122E+03	 3.18076858573091E-01
 2.01731105642125E+03	 3.06555960281053E-01
 2.01731379432128E+03	 2.35162823674891E-01
 2.01731653222131E+03	 1.08992919355265E-01
 2.01731927012134E+03	-4.37254376957755E-02
 2.01732200802137E+03	-1.82503681369960E-01
 2.01732474592140E+03	-2.71793101817597E-01
 2.01732748382143E+03	-2.90743763325367E-01
 2.01733022172147E+03	-2.35179091241133E-01
 2.01733295962150E+03	-1.20644818723534E-01
 2.01733569752153E+03	 1.41029179366183E-02
 2.01733843542156E+03	 1.16299719100447E-01
 2.01734117332159E+03	 1.45878131876532E-01
 2.01734391122162E+03	 1.00992372458318E-01
 2.01734664912165E+03	 1.69555110393495E-02
 2.01734938702168E+03	-6.25195228687830E-02
 2.01735212492171E+03	-1.14515045063817E-01
 2.01735486282174E+03	-1.41412418779439E-01
 2.01735760072177E+03	-1.54359144648894E-01
 2.01736033862180E+03	-1.58497690051082E-01
 2.01736307652183E+03	-1.52466288212477E-01
 2.01736581442187E+03	-1.34341507502935E-01
 2.01736855232190E+03	-1.02781867733928E-01
 2.01737129022193E+03	-5.43405275496336E-02
 2.01737402812196E+03	 1.51527821475086E-02
 2.01737676602199E+03	 1.03652367045396E-01
 2.01737950392202E+03	 1.97032943490750E-01
 2.01738224182205E+03	 2.70469572054539E-01
 2.01738497972208E+03	 2.97345941095237E-01
 2.01738771762211E+03	 2.61470717475852E-01
 2.01739045552214E+03	 1.66403762334717E-01
 2.01739319342217E+03	 3.59900391815331E-02
 2.01739593132220E+03	-9.51748567534147E-02
 2.01739866922223E+03	-1.95167440774966E-01
 2.01740140712227E+03	-2.43246645790325E-01
 2.01740414502230E+03	-2.31131614563279E-01
 2.01740688292233E+03	-1.62933232366521E-01
 2.01740962082236E+03	-5.84200072067314E-02
 2.01741235872239E+03	 4.57127116672102E-02
 2.01741509662242E+03	 1.06701105936780E-01
 2.01741783452245E+03	 9.82813512447270E-02
 2.01742057242248E+03	 2.82694226803805E-02
 2.01742331032251E+03	-6.65103972252136E-02
 2.01742604822254E+03	-1.45552817412590E-01
 2.01742878612257E+03	-1.87873500533317E-01
 2.01743152402260E+03	-1.94765615865895E-01
 2.01743426192263E+03	-1.77009728654024E-01
 2.01743699982266E+03	-1.44878142574722E-01
 2.01743973772270E+03	-1.08208524785524E-01
 2.01744247562273E+03	-7.68572294266057E-02
 2.01744521352276E+03	-5.34528944927856E-02
 2.01744795142279E+03	-2.64661192120533E-02
 2.01745068932282E+03	 2.29048432223678E-02
 2.01745342722285E+03	 1.01376643127312E-01
 2.01745616512288E+03	 1.89783474515064E-01
 2.01745890302291E+03	 2.50226177351525E-01
 2.01746164092294E+03	 2.50018472222206E-01
 2.01746437882297E+03	 1.82931944901172E-01
 2.01746711672300E+03	 7.18818040806230E-02
 2.01746985462303E+03	-4.58540692001088E-02
 2.01747259252306E+03	-1.37020923838888E-01
 2.01747533042310E+03	-1.82343180416754E-01
 2.01747806832313E+03	-1.76860874702856E-01
 2.01748080622316E+03	-1.26737140424559E-01
 2.01748354412319E+03	-4.73138159784339E-02
 2.01748628202322E+03	 3.78181991660189E-02
 2.01748901992325E+03	 1.00013914092597E-01
 2.01749175782328E+03	 1.13898817571884E-01
 2.01749449572331E+03	 6.94994671579219E-02
 2.01749723362334E+03	-1.95564082643594E-02
 2.01749997152337E+03	-1.20821340108226E-01
 2.01750270942340E+03	-2.00051317082111E-01
 2.01750544732343E+03	-2.37233253427308E-01
 2.01750818522346E+03	-2.29674676915822E-01
 2.01751092312350E+03	-1.85474626736903E-01
 2.01751366102353E+03	-1.19292188317348E-01
 2.01751639892356E+03	-5.21699588850374E-02
 2.01751913682359E+03	-5.06868400595994E-03
 2.01752187472362E+03	 1.66672492441805E-02
 2.01752461262365E+03	 3.19725639399533E-02
 2.01752735052368E+03	 6.93660744940256E-02
 2.01753008842371E+03	 1.37198018521263E-01
 2.01753282632374E+03	 2.08230575717100E-01
 2.01753556422377E+03	 2.36982926902763E-01
 2.01753830212380E+03	 1.95336227521230E-01
 2.01754104002383E+03	 9.39728649343920E-02
 2.01754377792386E+03	-2.67078733549988E-02
 2.01754651582389E+03	-1.22901299734311E-01
 2.01754925372393E+03	-1.67227890614073E-01
 2.01755199162396E+03	-1.53071767571306E-01
 2.01755472952399E+03	-9.08111002020189E-02
 2.01755746742402E+03	-3.09620986857116E-03
 2.01756020532405E+03	 8.18456811383415E-02
 2.01756294322408E+03	 1.39554782076024E-01
 2.01756568112411E+03	 1.55826383688276E-01
 2.01756841902414E+03	 1.26661001323045E-01
 2.01757115692417E+03	 5.63630387834274E-02
 2.01757389482420E+03	-4.12800586370461E-02
 2.01757663272423E+03	-1.42642443351783E-01
 2.01757937062426E+03	-2.20766118375675E-01
 2.01758210852429E+03	-2.55489857732406E-01
 2.01758484642433E+03	-2.38945883615154E-01
 2.01758758432436E+03	-1.75933265516861E-01
 2.01759032222439E+03	-8.45255576572066E-02
 2.01759306012442E+03	 5.59202505017627E-03
 2.01759579802445E+03	 6.62171566070912E-02
 2.01759853592448E+03	 9.15993955332039E-02
 2.01760127382451E+03	 1.05311993321639E-01
 2.01760401172454E+03	 1.37921958226930E-01
 2.01760674962457E+03	 1.92635621529869E-01
 2.01760948752460E+03	 2.35020308571374E-01
 2.01761222542463E+03	 2.20715649370343E-01
 2.01761496332466E+03	 1.34867983380619E-01
 2.01761770122469E+03	 5.77645541009572E-03
 2.01762043912473E+03	-1.15570184523413E-01
 2.01762317702476E+03	-1.85736416693900E-01
 2.01762591492479E+03	-1.84623268619255E-01
 2.01762865282482E+03	-1.16231835986835E-01
 2.01763139072485E+03	-5.51194669180907E-03
 2.01763412862488E+03	 1.07842343040301E-01
 2.01763686652491E+03	 1.84838910905799E-01
 2.01763960442494E+03	 2.06037434984698E-01
 2.01764234232497E+03	 1.76831269330532E-01
 2.01764508022500E+03	 1.14306695813980E-01
 2.01764781812503E+03	 3.20185168143603E-02
 2.01765055602506E+03	-6.11479660710625E-02
 2.01765329392509E+03	-1.52437795257096E-01
 2.01765603182512E+03	-2.22230500752781E-01
 2.01765876972516E+03	-2.50755654941292E-01
 2.01766150762519E+03	-2.26673945986005E-01
 2.01766424552522E+03	-1.52651533241776E-01
 2.01766698342525E+03	-4.84571004351272E-02
 2.01766972132528E+03	 5.27848721142643E-02
 2.01767245922531E+03	 1.21572278908443E-01
 2.01767519712534E+03	 1.53517753729213E-01
 2.01767793502537E+03	 1.71853762653015E-01
 2.01768067292540E+03	 2.01191547037733E-01
 2.01768341082543E+03	 2.36412163853932E-01
 2.01768614872546E+03	 2.41568675841006E-01
 2.01768888662549E+03	 1.82948647720446E-01
 2.01769162452552E+03	 6.28573338385467E-02
 2.01769436242556E+03	-7.83476193908070E-02
 2.01769710032559E+03	-1.88487618305499E-01
 2.01769983822562E+03	-2.29785295669632E-01
 2.01770257612565E+03	-1.88982692229722E-01
 2.01770531402568E+03	-7.87013145066328E-02
 2.01770805192571E+03	 6.26756721786316E-02
 2.01771078982574E+03	 1.81137704952614E-01
 2.01771352772577E+03	 2.33281770642147E-01
 2.01771626562580E+03	 2.11339196637463E-01
 2.01771900352583E+03	 1.41733416648576E-01
 2.01772174142586E+03	 5.79987069763871E-02
 2.01772447932589E+03	-2.29663377832235E-02
 2.01772721722592E+03	-9.97096829015747E-02
 2.01772995512596E+03	-1.69725600394404E-01
 2.01773269302599E+03	-2.20522574234742E-01
 2.01773543092602E+03	-2.35209857089380E-01
 2.01773816882605E+03	-2.02845171768454E-01
 2.01774090672608E+03	-1.25633503792861E-01
 2.01774364462611E+03	-2.18340351320623E-02
 2.01774638252614E+03	 7.90253464005661E-02
 2.01774912042617E+03	 1.51964020499426E-01
 2.01775185832620E+03	 1.93354261623380E-01
 2.01775459622623E+03	 2.19290016320665E-01
 2.01775733412626E+03	 2.42279712045697E-01
 2.01776007202629E+03	 2.50478282969491E-01
 2.01776280992632E+03	 2.15092394213668E-01
 2.01776554782636E+03	 1.20264943567355E-01
 2.01776828572639E+03	-1.61681872215836E-02
 2.01777102362642E+03	-1.50667763160123E-01
 2.01777376152645E+03	-2.38157642857874E-01
 2.01777649942648E+03	-2.49405208762246E-01
 2.01777923732651E+03	-1.77368577323505E-01
 2.01778197522654E+03	-4.22301588160327E-02
 2.01778471312657E+03	 1.06863747972961E-01
 2.01778745102660E+03	 2.08422671836175E-01
 2.01779018892663E+03	 2.23327650048431E-01
 2.01779292682666E+03	 1.59488885353503E-01
 2.01779566472669E+03	 6.03816283163404E-02
 2.01779840262672E+03	-3.18389426182702E-02
 2.01780114052675E+03	-1.01693622242351E-01
 2.01780387842679E+03	-1.54450567352965E-01
 2.01780661632682E+03	-1.95117192513224E-01
 2.01780935422685E+03	-2.18177002689303E-01
 2.01781209212688E+03	-2.13149520734692E-01
 2.01781483002691E+03	-1.73716538652663E-01
 2.01781756792694E+03	-1.02262077091725E-01
 2.01782030582697E+03	-1.08152881815683E-02
 2.01782304372700E+03	 8.17604181051995E-02
 2.01782578162703E+03	 1.58421389320935E-01
 2.01782851952706E+03	 2.12757033722580E-01
 2.01783125742709E+03	 2.46898605680381E-01
 2.01783399532712E+03	 2.58888546927984E-01
 2.01783673322715E+03	 2.35711756298490E-01
 2.01783947112719E+03	 1.63957789465074E-01
 2.01784220902722E+03	 4.80528147736874E-02
 2.01784494692725E+03	-8.43943964328769E-02
 2.01784768482728E+03	-1.95057032945781E-01
 2.01785042272731E+03	-2.50932176466562E-01
 2.01785316062734E+03	-2.32686998427127E-01
 2.01785589852737E+03	-1.40126055516298E-01
 2.01785863642740E+03	-3.54150255011114E-04
 2.01786137432743E+03	 1.32258589506945E-01
 2.01786411222746E+03	 1.98944395971062E-01
 2.01786685012749E+03	 1.72910877828936E-01
 2.01786958802752E+03	 7.69202616615987E-02
 2.01787232592755E+03	-3.70426936048122E-02
 2.01787506382759E+03	-1.26658470734753E-01
 2.01787780172762E+03	-1.80079660029736E-01
 2.01788053962765E+03	-2.06038653438765E-01
 2.01788327752768E+03	-2.13565016880574E-01
 2.01788601542771E+03	-2.04325747399907E-01
 2.01788875332774E+03	-1.77754325434463E-01
 2.01789149122777E+03	-1.35266669582169E-01
 2.01789422912780E+03	-7.85510988974558E-02
 2.01789696702783E+03	-8.49423176440866E-03
 2.01789970492786E+03	 7.14362166230217E-02
 2.01790244282789E+03	 1.51954804190289E-01
 2.01790518072792E+03	 2.18989408797407E-01
 2.01790791862795E+03	 2.57013272748694E-01
 2.01791065652798E+03	 2.52411175593335E-01
 2.01791339442802E+03	 1.98468904659921E-01
 2.01791613232805E+03	 1.01785379777797E-01
 2.01791887022808E+03	-1.58359172363256E-02
 2.01792160812811E+03	-1.24312225310917E-01
 2.01792434602814E+03	-1.96016816683812E-01
 2.01792708392817E+03	-2.12149570081020E-01
 2.01792982182820E+03	-1.65149912672594E-01
 2.01793255972823E+03	-6.40265344397187E-02
 2.01793529762826E+03	 5.87772777569158E-02
 2.01793803552829E+03	 1.52387821849742E-01
 2.01794077342832E+03	 1.72019528238580E-01
 2.01794351132835E+03	 1.08022341380916E-01
 2.01794624922838E+03	-7.24294432372402E-03
 2.01794898712842E+03	-1.23107494812486E-01
 2.01795172502845E+03	-2.03200219901284E-01
 2.01795446292848E+03	-2.38667964572460E-01
 2.01795720082851E+03	-2.37640569736870E-01
 2.01795993872854E+03	-2.10528659935992E-01
 2.01796267662857E+03	-1.66958212193935E-01
 2.01796541452860E+03	-1.18888572003470E-01
 2.01796815242863E+03	-7.68002358952485E-02
 2.01797089032866E+03	-4.00527398647747E-02
 2.01797362822869E+03	 4.49333336802857E-03
 2.01797636612872E+03	 6.91781059427243E-02
 2.01797910402875E+03	 1.49141535851689E-01
 2.01798184192878E+03	 2.19402375104312E-01
 2.01798457982882E+03	 2.48957546528269E-01
 2.01798731772885E+03	 2.20249738038031E-01
 2.01799005562888E+03	 1.39597317776292E-01
 2.01799279352891E+03	 3.31093433807478E-02
 2.01799553142894E+03	-6.66365240626483E-02
 2.01799826932897E+03	-1.33243656582234E-01
 2.01800100722900E+03	-1.52031539147684E-01
 2.01800374512903E+03	-1.19731413720694E-01
 2.01800648302906E+03	-4.41632739604459E-02
 2.01800922092909E+03	 5.36335243253011E-02
 2.01801195882912E+03	 1.39759075026374E-01
 2.01801469672915E+03	 1.77250041781909E-01
 2.01801743462918E+03	 1.44244450070177E-01
 2.01802017252921E+03	 4.83927313768366E-02
 2.01802291042925E+03	-7.57471609709331E-02
 2.01802564832928E+03	-1.86296826971791E-01
 2.01802838622931E+03	-2.54966599304704E-01
 2.01803112412934E+03	-2.73478808125076E-01
 2.01803386202937E+03	-2.46395924480480E-01
 2.01803659992940E+03	-1.84580958495564E-01
 2.01803933782943E+03	-1.06398421655683E-01
 2.01804207572946E+03	-3.69582443187852E-02
 2.01804481362949E+03	 4.97828119016326E-03
 2.01804755152952E+03	 2.36286880198237E-02
 2.01805028942955E+03	 4.51663122625420E-02
 2.01805302732958E+03	 9.32383003100827E-02
 2.01805576522961E+03	 1.62612695986822E-01
 2.01805850312965E+03	 2.18107001269905E-01
 2.01806124102968E+03	 2.21341409695152E-01
 2.01806397892971E+03	 1.60616932223776E-01
 2.01806671682974E+03	 5.85620462106688E-02
 2.01806945472977E+03	-4.43223016425527E-02
 2.01807219262979E+03	-1.11987290098651E-01
 2.01807493052983E+03	-1.24905157384300E-01
 2.01807766842986E+03	-8.13099868735669E-02
 2.01808040632989E+03	 4.76293848484062E-03
 2.01808314422992E+03	 1.06123889354441E-01
 2.01808588212995E+03	 1.89187362165133E-01
 2.01808862002998E+03	 2.25169460990824E-01
 2.01809135793001E+03	 2.00020144799895E-01
 2.01809409583005E+03	 1.18087370864349E-01
 2.01809683373008E+03	-3.37145214978339E-04
 2.01809957163011E+03	-1.25597655529522E-01
 2.01810230953014E+03	-2.27953296749137E-01
 2.01810504743017E+03	-2.86053404088019E-01
 2.01810778533020E+03	-2.89987838161263E-01
 2.01811052323023E+03	-2.40053042722993E-01
 2.01811326113026E+03	-1.47852572501412E-01
 2.01811599903029E+03	-3.97506789933844E-02
 2.01811873693032E+03	 4.86964206264420E-02
 2.01812147483035E+03	 9.35658461724421E-02
 2.01812421273038E+03	 1.02737582940932E-01
 2.01812695063041E+03	 1.10174866904869E-01
 2.01812968853045E+03	 1.42740250418360E-01
 2.01813242643048E+03	 1.90741086274908E-01
 2.01813516433051E+03	 2.13690506180216E-01
 2.01813790223054E+03	 1.76604705454355E-01
 2.01814064013057E+03	 8.10354637330831E-02
 2.01814337803060E+03	-3.60005744435542E-02
 2.01814611593063E+03	-1.27274662749662E-01
 2.01814885383066E+03	-1.58532109467218E-01
 2.01815159173069E+03	-1.17084457664982E-01
 2.01815432963072E+03	-1.30099145732174E-02
 2.01815706753075E+03	 1.20924378624220E-01
 2.01815980543078E+03	 2.37240361711840E-01
 2.01816254333081E+03	 2.94189205743753E-01
 2.01816528123084E+03	 2.76126027467414E-01
 2.01816801913088E+03	 1.96079915126650E-01
 2.01817075703091E+03	 8.06090932366128E-02
 2.01817349493094E+03	-4.54965098305336E-02
 2.01817623283097E+03	-1.62604426853966E-01
 2.01817897073100E+03	-2.52890870986879E-01
 2.01818170863103E+03	-2.99867026506293E-01
 2.01818444653106E+03	-2.91824125417552E-01
 2.01818718443109E+03	-2.26342262973686E-01
 2.01818992233112E+03	-1.15887390395327E-01
 2.01819266023115E+03	 8.87270500702378E-03
 2.01819539813118E+03	 1.08429157655940E-01
 2.01819813603121E+03	 1.58573045327580E-01
 2.01820087393124E+03	 1.69368543787549E-01
 2.01820361183128E+03	 1.74439458483279E-01
 2.01820634973131E+03	 1.95203589448381E-01
 2.01820908763134E+03	 2.16176518630490E-01
 2.01821182553137E+03	 1.99029360245060E-01
 2.01821456343140E+03	 1.21045239513598E-01
 2.01821730133143E+03	-1.50388715800804E-03
 2.01822003923146E+03	-1.23936742119715E-01
 2.01822277713149E+03	-1.99912354549984E-01
 2.01822551503152E+03	-1.99321063854901E-01
 2.01822825293155E+03	-1.14749855443587E-01
 2.01823099083158E+03	 3.29450815433665E-02
 2.01823372873161E+03	 1.93187262630181E-01
 2.01823646663164E+03	 3.03342472665494E-01
 2.01823920453168E+03	 3.22976155414937E-01
 2.01824194243171E+03	 2.56348007296700E-01
 2.01824468033174E+03	 1.41010549798235E-01
 2.01824741823177E+03	 1.58997697964999E-02
 2.01825015613180E+03	-9.83628963328932E-02
 2.01825289403183E+03	-1.94288179995739E-01
 2.01825563193186E+03	-2.63878858857575E-01
 2.01825836983189E+03	-2.94733210822580E-01
 2.01826110773192E+03	-2.75887979435623E-01
 2.01826384563195E+03	-2.05087696885239E-01
 2.01826658353198E+03	-9.45489742227801E-02
 2.01826932143201E+03	 2.72668606414685E-02
 2.01827205933204E+03	 1.25525563102852E-01
 2.01827479723207E+03	 1.80373956655147E-01
 2.01827753513211E+03	 2.00802680993664E-01
 2.01828027303214E+03	 2.11696922365653E-01
 2.01828301093217E+03	 2.23481832927313E-01
 2.01828574883220E+03	 2.17661033733474E-01
 2.01828848673223E+03	 1.65860815853990E-01
 2.01829122463226E+03	 6.15372028098260E-02
 2.01829396253229E+03	-6.89663504056583E-02
 2.01829670043232E+03	-1.82141069268661E-01
 2.01829943833235E+03	-2.38251356486293E-01
 2.01830217623238E+03	-2.12249933530002E-01
 2.01830491413241E+03	-1.01662868350847E-01
 2.01830765203244E+03	 6.24110342819069E-02
 2.01831038993247E+03	 2.16403624311434E-01
 2.01831312783251E+03	 2.93755900460445E-01
 2.01831586573254E+03	 2.66901927267485E-01
 2.01831860363257E+03	 1.62534976978305E-01
 2.01832134153260E+03	 3.43298366521791E-02
 2.01832407943263E+03	-7.77926358662647E-02
 2.01832681733266E+03	-1.62894726384384E-01
 2.01832955523269E+03	-2.24271799879931E-01
 2.01833229313272E+03	-2.61307082879843E-01
 2.01833503103275E+03	-2.67062734641699E-01
 2.01833776893278E+03	-2.35806006064499E-01
 2.01834050683281E+03	-1.68426229900377E-01
 2.01834324473284E+03	-7.45468695238635E-02
 2.01834598263287E+03	 2.68315344008193E-02
 2.01834872053291E+03	 1.12883296126343E-01
 2.01835145843294E+03	 1.69899631997960E-01
 2.01835419633297E+03	 2.01046293454725E-01
 2.01835693423300E+03	 2.16726322568660E-01
 2.01835967213303E+03	 2.16570317779146E-01
 2.01836241003306E+03	 1.85752273479161E-01
 2.01836514793309E+03	 1.11989148753660E-01
 2.01836788583312E+03	 3.66329913124576E-03
 2.01837062373315E+03	-1.10473294356429E-01
 2.01837336163318E+03	-1.95521972925907E-01
 2.01837609953321E+03	-2.21911920323285E-01
 2.01837883743324E+03	-1.71751473651794E-01
 2.01838157533327E+03	-5.01789674324792E-02
 2.01838431323330E+03	 1.02088697075459E-01
 2.01838705113334E+03	 2.17365736151199E-01
 2.01838978903337E+03	 2.39264765059779E-01
 2.01839252693340E+03	 1.61892911935214E-01
 2.01839526483343E+03	 3.10057662420601E-02
 2.01839800273346E+03	-9.46300949148037E-02
 2.01840074063349E+03	-1.82273280704365E-01
 2.01840347853352E+03	-2.30734054940387E-01
 2.01840621643355E+03	-2.49863049802163E-01
 2.01840895433358E+03	-2.44571564392929E-01
 2.01841169223361E+03	-2.16276795466701E-01
 2.01841443013364E+03	-1.69130026754469E-01
 2.01841716803367E+03	-1.09063730982513E-01
 2.01841990593370E+03	-4.02720238841723E-02
 2.01842264383374E+03	 3.30144336266885E-02
 2.01842538173377E+03	 1.02900341864062E-01
 2.01842811963380E+03	 1.59449571261396E-01
 2.01843085753383E+03	 1.95113967496751E-01
 2.01843359543386E+03	 2.04830553541243E-01
 2.01843633333389E+03	 1.83333602994888E-01
 2.01843907123392E+03	 1.27597402003815E-01
 2.01844180913395E+03	 4.42251767654778E-02
 2.01844454703398E+03	-4.79570602410690E-02
 2.01844728493401E+03	-1.24365720233027E-01
 2.01845002283404E+03	-1.62552921059044E-01
 2.01845276073407E+03	-1.45650486387592E-01
 2.01845549863410E+03	-6.76504038789312E-02
 2.01845823653414E+03	 5.41456664045120E-02
 2.01846097443417E+03	 1.72137744356267E-01
 2.01846371233420E+03	 2.26279764212320E-01
 2.01846645023423E+03	 1.82525942663573E-01
 2.01846918813426E+03	 5.87279902181590E-02
 2.01847192603429E+03	-8.89578594692555E-02
 2.01847466393432E+03	-2.06583978921875E-01
 2.01847740183435E+03	-2.71070945620076E-01
 2.01848013973438E+03	-2.86395758097746E-01
 2.01848287763441E+03	-2.63910229194301E-01
 2.01848561553444E+03	-2.13322450630432E-01
 2.01848835343447E+03	-1.47313224682717E-01
 2.01849109133450E+03	-8.27042976715274E-02
 2.01849382923454E+03	-3.03463646836404E-02
 2.01849656713457E+03	 1.35714891995793E-02
 2.01849930503460E+03	 6.12854051184173E-02
 2.01850204293463E+03	 1.17552757139167E-01
 2.01850478083466E+03	 1.71003957162801E-01
 2.01850751873469E+03	 2.00649785471353E-01
 2.01851025663472E+03	 1.90055822043573E-01
 2.01851299453475E+03	 1.37582738898428E-01
 2.01851573243478E+03	 5.75418357347244E-02
 2.01851847033481E+03	-2.62364555839282E-02
 2.01852120823484E+03	-8.97672196346139E-02
 2.01852394613487E+03	-1.15609528095158E-01
 2.01852668403490E+03	-9.42832091081205E-02
 2.01852942193493E+03	-2.45061834285103E-02
 2.01853215983497E+03	 8.17413216932193E-02
 2.01853489773500E+03	 1.92449596382108E-01
 2.01853763563503E+03	 2.60173412936785E-01
 2.01854037353506E+03	 2.44815045883799E-01
 2.01854311143509E+03	 1.40806689955664E-01
 2.01854584933512E+03	-1.59670138332951E-02
 2.01854858723515E+03	-1.70205059475312E-01
 2.01855132513518E+03	-2.79088312157713E-01
 2.01855406303521E+03	-3.27026224336220E-01
 2.01855680093524E+03	-3.17413123076201E-01
 2.01855953883527E+03	-2.59783455778489E-01
 2.01856227673530E+03	-1.68969922950896E-01
 2.01856501463533E+03	-7.01293994081232E-02
 2.01856775253537E+03	 7.83722194912174E-03
 2.01857049043540E+03	 5.15748636151960E-02
 2.01857322833543E+03	 7.45287680509609E-02
 2.01857596623546E+03	 1.03284552167478E-01
 2.01857870413549E+03	 1.49518629445688E-01
 2.01858144203552E+03	 1.95677111516840E-01
 2.01858417993555E+03	 2.08831008795981E-01
 2.01858691783558E+03	 1.68640578061559E-01
 2.01858965573561E+03	 8.37372072233485E-02
 2.01859239363564E+03	-1.45854607168139E-02
 2.01859513153567E+03	-9.10242907282659E-02
 2.01859786943570E+03	-1.20582499972503E-01
 2.01860060733573E+03	-9.24446432815793E-02
 2.01860334523577E+03	-9.39817554323085E-03
 2.01860608313580E+03	 1.10732933766159E-01
 2.01860882103583E+03	 2.33971128856633E-01
 2.01861155893586E+03	 3.17004306198967E-01
 2.01861429683589E+03	 3.23876681485187E-01
 2.01861703473592E+03	 2.43877310976248E-01
 2.01861977263595E+03	 9.80864267238377E-02
 2.01862251053598E+03	-7.07668816646973E-02
 2.01862524843601E+03	-2.18390090158656E-01
 2.01862798633604E+03	-3.15204266233046E-01
 2.01863072423607E+03	-3.49433224206350E-01
 2.01863346213610E+03	-3.20634628581803E-01
 2.01863620003613E+03	-2.36227177178313E-01
 2.01863893793616E+03	-1.16546774338582E-01
 2.01864167583620E+03	 2.65077466319142E-03
 2.01864441373623E+03	 8.46227037393845E-02
 2.01864715163626E+03	 1.17219976737667E-01
 2.01864988953629E+03	 1.23135243981739E-01
 2.01865262743632E+03	 1.37958768779733E-01
 2.01865536533635E+03	 1.73915287075429E-01
 2.01865810323638E+03	 2.06100942255507E-01
 2.01866084113641E+03	 1.95780110829447E-01
 2.01866357903644E+03	 1.26581713704157E-01
 2.01866631693647E+03	 1.89265472074507E-02
 2.01866905483650E+03	-8.52885909807633E-02
 2.01867179273653E+03	-1.46764649391637E-01
 2.01867453063656E+03	-1.41481374263410E-01
 2.01867726853660E+03	-6.33144142301530E-02
 2.01868000643663E+03	 7.24526341324608E-02
 2.01868274433666E+03	 2.26077720237098E-01
 2.01868548223669E+03	 3.43171158876660E-01
 2.01868822013672E+03	 3.79275412557545E-01
 2.01869095803675E+03	 3.22011495816898E-01
 2.01869369593678E+03	 1.92919888091121E-01
 2.01869643383681E+03	 3.07401387407349E-02
 2.01869917173684E+03	-1.27120268725776E-01
 2.01870190963687E+03	-2.53187572875109E-01
 2.01870464753690E+03	-3.29877625468159E-01
 2.01870738543693E+03	-3.46961129156247E-01
 2.01871012333696E+03	-3.00878811994312E-01
 2.01871286123700E+03	-1.98736446558653E-01
 2.01871559913703E+03	-6.51561196918889E-02
 2.01871833703706E+03	 5.89381053642589E-02
 2.01872107493709E+03	 1.35556835141563E-01
 2.01872381283712E+03	 1.56607166549169E-01
 2.01872655073715E+03	 1.50366399318352E-01
 2.01872928863718E+03	 1.53819905475827E-01
 2.01873202653721E+03	 1.75141690784837E-01
 2.01873476443724E+03	 1.85643201368209E-01
 2.01873750233727E+03	 1.49738753785651E-01
 2.01874024023730E+03	 6.04451109360613E-02
 2.01874297813733E+03	-5.38317795665230E-02
 2.01874571603736E+03	-1.49713101863894E-01
 2.01874845393739E+03	-1.89901693723931E-01
 2.01875119183743E+03	-1.51546781106746E-01
 2.01875392973746E+03	-3.24613495195609E-02
 2.01875666763749E+03	 1.37892768638071E-01
 2.01875940553752E+03	 2.98271397197430E-01
 2.01876214343755E+03	 3.82437929037826E-01
 2.01876488133758E+03	 3.58375744802260E-01
 2.01876761923761E+03	 2.44563406535461E-01
 2.01877035713764E+03	 8.90747228718816E-02
 2.01877309503767E+03	-6.44724167836898E-02
 2.01877583293770E+03	-1.92488590411510E-01
 2.01877857083773E+03	-2.84377734041853E-01
 2.01878130873776E+03	-3.31618271371136E-01
 2.01878404663779E+03	-3.25982249061945E-01
 2.01878678453783E+03	-2.64462354429325E-01
 2.01878952243786E+03	-1.55574724370346E-01
 2.01879226033789E+03	-2.43072205689980E-02
 2.01879499823792E+03	 9.12762294239155E-02
 2.01879773613795E+03	 1.58539801990878E-01
 2.01880047403798E+03	 1.73380301685233E-01
 2.01880321193801E+03	 1.62597157240432E-01
 2.01880594983804E+03	 1.56508343570421E-01
 2.01880868773807E+03	 1.57903311368393E-01
 2.01881142563810E+03	 1.41374630890845E-01
 2.01881416353813E+03	 8.29834514329635E-02
 2.01881690143816E+03	-1.35159834882441E-02
 2.01881963933819E+03	-1.18370734472184E-01
 2.01882237723823E+03	-1.94302259135045E-01
 2.01882511513826E+03	-2.08963514862098E-01
 2.01882785303829E+03	-1.41071475013309E-01
 2.01883059093832E+03	 5.52202879019620E-03
 2.01883332883835E+03	 1.85706577533483E-01
 2.01883606673838E+03	 3.22853582500458E-01
 2.01883880463841E+03	 3.52936706123397E-01
 2.01884154253844E+03	 2.67930465846671E-01
 2.01884428043847E+03	 1.15656756511003E-01
 2.01884701833850E+03	-4.20053242598654E-02
 2.01884975623853E+03	-1.68311381331529E-01
 2.01885249413856E+03	-2.55599078887440E-01
 2.01885523203859E+03	-3.05621122948327E-01
 2.01885796993863E+03	-3.16377750528460E-01
 2.01886070783866E+03	-2.84688516838661E-01
 2.01886344573869E+03	-2.12629921346750E-01
 2.01886618363872E+03	-1.10167350911348E-01
 2.01886892153875E+03	 3.46142752914494E-03
 2.01887165943878E+03	 1.01422512876230E-01
 2.01887439733881E+03	 1.60767800822316E-01
 2.01887713523884E+03	 1.78049090190009E-01
 2.01887987313887E+03	 1.70317307717802E-01
 2.01888261103890E+03	 1.55616255438145E-01
 2.01888534893893E+03	 1.33811177107830E-01
 2.01888808683896E+03	 9.05377802308792E-02
 2.01889082473899E+03	 1.83307418344525E-02
 2.01889356263902E+03	-7.09049696402164E-02
 2.01889630053906E+03	-1.52255314291887E-01
 2.01889903843909E+03	-1.98320425208221E-01
 2.01890177633912E+03	-1.83064420310101E-01
 2.01890451423915E+03	-9.00311551594752E-02
 2.01890725213918E+03	 6.63068855428687E-02
 2.01890999003921E+03	 2.26964234503519E-01
 2.01891272793924E+03	 3.12574899466523E-01
 2.01891546583927E+03	 2.77037935066966E-01
 2.01891820373930E+03	 1.41299142783829E-01
 2.01892094163933E+03	-2.75057435350509E-02
 2.01892367953936E+03	-1.68452132365642E-01
 2.01892641743939E+03	-2.58172203158190E-01
 2.01892915533942E+03	-3.01047431602252E-01
 2.01893189323946E+03	-3.05243892623891E-01
 2.01893463113949E+03	-2.74891521993205E-01
 2.01893736903952E+03	-2.16431434869539E-01
 2.01894010693955E+03	-1.40620108149774E-01
 2.01894284483958E+03	-5.71336547522988E-02
 2.01894558273961E+03	 2.68013030858089E-02
 2.01894832063964E+03	 1.01575614326801E-01
 2.01895105853967E+03	 1.54811284843569E-01
 2.01895379643970E+03	 1.78874681320801E-01
 2.01895653433973E+03	 1.75403678876241E-01
 2.01895927223976E+03	 1.49751037538080E-01
 2.01896201013979E+03	 1.04282100475880E-01
 2.01896474803982E+03	 4.09771024450205E-02
 2.01896748593986E+03	-3.15705888024300E-02
 2.01897022383989E+03	-9.80282301305036E-02
 2.01897296173992E+03	-1.41703939324249E-01
 2.01897569963995E+03	-1.45827933048018E-01
 2.01897843753998E+03	-9.35684772916807E-02
 2.01898117544001E+03	 1.95631132163225E-02
 2.01898391334004E+03	 1.64165132205224E-01
 2.01898665124007E+03	 2.74870289400409E-01
 2.01898938914010E+03	 2.86544959127988E-01
 2.01899212704013E+03	 1.83294404427809E-01
 2.01899486494016E+03	 1.16951779288192E-02
 2.01899760284019E+03	-1.56157084266542E-01
 2.01900034074022E+03	-2.71352658835913E-01
 2.01900307864025E+03	-3.23636288591112E-01
 2.01900581654029E+03	-3.22633549939514E-01
 2.01900855444032E+03	-2.78885811568824E-01
 2.01901129234035E+03	-2.04652115882225E-01
 2.01901403024038E+03	-1.20150944733040E-01
 2.01901676814041E+03	-4.61890380167169E-02
 2.01901950604044E+03	 1.04593230856217E-02
 2.01902224394047E+03	 5.85334680884880E-02
 2.01902498184050E+03	 1.07177256303673E-01
 2.01902771974053E+03	 1.52141796310740E-01
 2.01903045764056E+03	 1.77883173173362E-01
