  1.88000000000000E+03,   8.81170314324834E-01,   8.70000000000000E-01,   9.34377731862547E-01,   1.00000000000000E-02,   2.17919015317612E+12,   1.06493206847459E+06
  1.88008333300000E+03,   3.40274704624104E-01,   5.42500000000000E-01,   9.58633544578865E-01,   1.90000000000000E-01,   7.37546639902252E+10,   4.40191173286667E+04
  1.88016666700000E+03,   2.44010949609049E-02,   4.70000000000000E-01,   9.82997167499162E-01,   3.70000000000000E-01,   4.90955327000653E+11,   2.64953281579754E+05
  1.88025000000000E+03,   9.49595113854473E-03,  -2.07500000000000E-01,   1.00746770135451E+00,   5.50000000000000E-01,   8.29912940771029E+10,   5.34170650899535E+04
  1.88033333300000E+03,   2.12662071001431E-01,  -7.15000000000000E-01,   1.03204420956957E+00,   7.30000000000000E-01,   7.36465318597747E+10,   5.87528201375375E+04
  1.88041666700000E+03,   4.82042185970660E-01,  -5.00000000000000E-03,   1.05672571832924E+00,   9.10000000000000E-01,   7.28465275523344E+10,   5.41019837182177E+04
  1.88050000000000E+03,   7.21023226281042E-01,   9.25000000000000E-01,   1.08151121665153E+00,   1.09000000000000E+00,   6.09131812062098E+10,   5.53276845742708E+04
  1.88058333300000E+03,   1.08996275157785E+00,   1.55000000000000E+00,   1.10639965646691E+00,   1.27000000000000E+00,   5.32048907768099E+10,   3.86623301791150E+04
  1.88066666700000E+03,   1.53529557888273E+00,   2.21000000000000E+00,  -7.33518261046274E-01,   1.45000000000000E+00,   2.55832816051399E+10,   3.92644630459236E+04
  1.88075000000000E+03,   1.69772904226858E+00,   2.26250000000000E+00,  -7.17898169189120E-01,   1.63000000000000E+00,   3.10366408292493E+10,   2.93899317697050E+04
  1.88083333300000E+03,   1.68536898505334E+00,   1.20750000000000E+00,  -7.02223839692562E-01,   1.81000000000000E+00,   3.47313290054532E+10,   1.99203685732720E+04
  1.88091666700000E+03,   1.67240263339679E+00,   4.75000000000000E-01,  -6.86493398127014E-01,   1.99000000000000E+00,   2.53200831588426E+10,   1.65134836843507E+04
  1.88100000000000E+03,   1.58279021472133E+00,   1.05000000000000E+00,  -6.70704990862667E-01,   2.17000000000000E+00,   1.87228884449526E+10,   2.25505886825813E+04
  1.88108333300000E+03,   1.44321358187761E+00,   1.62250000000000E+00,  -6.54856785477030E-01,   2.35000000000000E+00,   2.25017922143553E+10,   2.08154210657641E+04
  1.88116666700000E+03,   1.34155021913112E+00,   1.92000000000000E+00,  -6.38946971158782E-01,   2.53000000000000E+00,   1.57022761408081E+10,   1.87407253865831E+04
  1.88125000000000E+03,   1.31596289898826E+00,   1.97500000000000E+00,  -6.22973759107865E-01,   2.71000000000000E+00,   1.42887261809525E+10,   1.77440886265886E+04
  1.88133333300000E+03,   1.29225192953370E+00,   1.53250000000000E+00,  -6.06935382931758E-01,   2.89000000000000E+00,   1.75715293250532E+10,   1.40464993390353E+04
  1.88141666700000E+03,   1.13952721605400E+00,   1.01500000000000E+00,  -5.90830099037867E-01,   3.07000000000000E+00,   1.73698658743427E+10,   6.01102600529548E+03
  1.88150000000000E+03,   7.94623599827297E-01,   5.62500000000000E-01,  -5.74656187021970E-01,   3.25000000000000E+00,   1.80657255057476E+10,   6.27081832229379E+03
  1.88158333300000E+03,   3.75547876562366E-01,   2.97500000000000E-01,  -5.58411950052646E-01,   3.43000000000000E+00,   1.55504877638331E+10,   4.08720034106751E+03
  1.88166666700000E+03,  -2.17981009297838E-01,  -6.50000000000000E-02,  -2.26768588073677E+00,   3.61000000000000E+00,   1.26150783172518E+10,   3.13830734476093E+03
  1.88175000000000E+03,  -1.04007572917866E+00,  -1.05500000000000E+00,  -2.32280503337831E+00,   3.79000000000000E+00,   1.10108953713736E+10,   2.49052296338663E+03
  1.88183333300000E+03,  -1.52541243022122E+00,  -1.82500000000000E+00,  -2.37783280484632E+00,   3.97000000000000E+00,   1.18036467892102E+10,   3.15052263939031E+03
  1.88191666700000E+03,  -1.43993686255241E+00,  -1.45500000000000E+00,  -2.43276433960307E+00,   4.15000000000000E+00,   8.99567429359590E+09,   2.86582029641191E+03
  1.88200000000000E+03,  -1.12452991143415E+00,  -1.02750000000000E+00,  -2.48759478991611E+00,   4.33000000000000E+00,   8.31773017134404E+09,   6.81859276198940E+03
  1.88208333300000E+03,  -8.45981436295365E-01,  -7.90000000000000E-01,  -2.54231931642967E+00,   4.51000000000000E+00,   8.14389863200068E+09,   6.68389658291964E+03
  1.88216666700000E+03,  -7.04794227212395E-01,  -6.20000000000000E-01,  -2.59693308873510E+00,   4.69000000000000E+00,   7.55513634326973E+09,   7.43247458089497E+03
  1.88225000000000E+03,  -6.58613955351437E-01,  -9.37500000000000E-01,  -2.65143128594012E+00,   4.87000000000000E+00,   6.57558220420166E+09,   1.05543542883564E+04
  1.88233333300000E+03,  -5.88371943442448E-01,  -8.60000000000000E-01,  -2.70580909723696E+00,   5.05000000000000E+00,   4.96373700992617E+09,   1.33724143374897E+04
  1.88241666700000E+03,  -3.39282610986090E-01,  -6.25000000000000E-02,  -2.76006172246910E+00,   5.23000000000000E+00,   4.53583448437490E+09,   1.22229956391210E+04
  1.88250000000000E+03,   2.55907842666306E-01,   5.90000000000000E-01,  -2.81418437269679E+00,   5.41000000000000E+00,   4.50756460299219E+09,   1.50108779840369E+04
  1.88258333300000E+03,   7.86946209821331E-01,   7.17500000000000E-01,  -2.86817227076099E+00,   5.59000000000000E+00,   3.56024549722686E+09,   1.44036596317290E+04
  1.88266666700000E+03,   6.58707297825098E-01,   4.60000000000000E-01,   4.00801358150158E+00,   5.77000000000000E+00,   5.64053687478174E+09,   1.01932108749806E+04
  1.88275000000000E+03,   2.28577214852344E-01,   1.82500000000000E-01,   3.99079751813897E+00,   5.95000000000000E+00,   6.72919166717207E+09,   7.69515792457243E+03
  1.88283333300000E+03,  -5.01108872910631E-02,   1.95000000000000E-01,   3.97367087016414E+00,   6.13000000000000E+00,   6.34804298221738E+09,   5.47452297084616E+03
  1.88291666700000E+03,  -2.41339901796986E-01,   1.22500000000000E-01,   3.95663226215690E+00,   6.31000000000000E+00,   6.15723899246094E+09,   2.89990080151539E+03
  1.88300000000000E+03,  -4.17314415871350E-01,  -4.82500000000000E-01,   3.93968029115080E+00,   6.49000000000000E+00,   5.54126035515596E+09,   6.57671975829997E+03
  1.88308333300000E+03,  -5.50882649977287E-01,  -1.19750000000000E+00,   3.92281352696805E+00,   6.67000000000000E+00,   4.22718117748809E+09,   6.18366795891547E+03
  1.88316666700000E+03,  -5.57135990277760E-01,  -9.80000000000000E-01,   3.90603051255891E+00,   6.85000000000000E+00,   3.68543031042188E+09,   5.83576951426179E+03
  1.88325000000000E+03,  -4.04243802789257E-01,  -3.50000000000000E-02,   3.88932976434561E+00,   7.03000000000000E+00,   3.88868702401973E+09,   5.62379572802228E+03
  1.88333333300000E+03,  -1.75881402966371E-01,   2.87500000000000E-01,   3.87270977257066E+00,   7.21000000000000E+00,   3.00139489994648E+09,   8.59401507053790E+03
  1.88341666700000E+03,  -1.52105177122429E-02,  -4.75000000000000E-02,   3.85616900164953E+00,   7.39000000000000E+00,   3.95014053112910E+09,   5.21751090384084E+03
  1.88350000000000E+03,  -2.91205753746512E-06,  -1.20000000000000E-01,   3.83970589052761E+00,   7.57000000000000E+00,   3.29253182151523E+09,   5.91748256680826E+03
  1.88358333300000E+03,  -2.57206925469124E-02,  -1.17500000000000E-01,   3.82331885304151E+00,   7.75000000000000E+00,   2.79053791574687E+09,   7.18567091534231E+03
  1.88366666700000E+03,  -4.24010825328656E-02,  -5.62500000000000E-01,  -7.20368937195515E+00,   7.93000000000000E+00,   4.29543004350234E+09,   7.37387357226787E+03
  1.88375000000000E+03,  -1.31018467259757E-01,  -6.77500000000000E-01,  -7.19377214115756E+00,   8.11000000000000E+00,   4.15097160595869E+09,   7.95149479114199E+03
  1.88383333300000E+03,  -2.14383635751775E-01,   1.55000000000000E-01,  -7.18336964384844E+00,   8.29000000000000E+00,   3.35309049919609E+09,   7.49598199905143E+03
  1.88391666700000E+03,  -2.53473151401126E-01,   8.72500000000000E-01,  -7.17248210775624E+00,   8.47000000000000E+00,   3.12805981899932E+09,   7.87410936678234E+03
  1.88400000000000E+03,  -3.19467323517500E-01,   2.77500000000000E-01,  -7.16110981068698E+00,   8.65000000000000E+00,   4.06519521283936E+09,   6.39697367515163E+03
  1.88408333300000E+03,  -3.82232586635815E-01,  -7.67500000000000E-01,  -7.14925308055127E+00,   8.83000000000000E+00,   2.37817249691406E+09,   7.94736543652150E+03
  1.88416666700000E+03,  -3.52179131748504E-01,  -9.17500000000000E-01,  -7.13691229538479E+00,   9.01000000000000E+00,   2.73747599189365E+09,   4.24954479805050E+03
  1.88425000000000E+03,  -1.91472050399237E-01,  -5.62500000000000E-01,  -7.12408788336209E+00,   9.19000000000000E+00,   2.80058009924238E+09,   6.91649388342267E+03
  1.88433333300000E+03,   2.30723501445895E-02,   8.75000000000000E-02,  -7.11078032280386E+00,   9.37000000000000E+00,   2.56683211160928E+09,   5.97027583693382E+03
  1.88441666700000E+03,   1.55475563220261E-01,   6.30000000000000E-01,  -7.09699014217754E+00,   9.55000000000000E+00,   2.41985620778701E+09,   8.43657050927416E+03
  1.88450000000000E+03,   1.34919713050731E-01,   3.12500000000000E-01,  -7.08271792009136E+00,   9.73000000000000E+00,   2.44100008686104E+09,   1.05114370567374E+04
  1.88458333300000E+03,  -2.82641036281435E-01,  -3.50000000000000E-01,  -7.06796428528175E+00,   9.91000000000000E+00,   2.47364681403262E+09,   1.11952405223858E+04
  1.88466666700000E+03,  -1.10915233516826E+00,  -9.87500000000000E-01,  -5.56913927309000E+00,   1.00900000000000E+01,   2.18508200645322E+09,   8.70386840033885E+03
  1.88475000000000E+03,  -1.69713562464289E+00,  -1.79750000000000E+00,  -5.60374802376001E+00,   1.02700000000000E+01,   2.39472220771387E+09,   1.29232052927882E+04
  1.88483333300000E+03,  -1.71096114277465E+00,  -2.19250000000000E+00,  -5.63810808169442E+00,   1.04500000000000E+01,   1.75518623229082E+09,   1.24126282269035E+04
  1.88491666700000E+03,  -1.25106161094293E+00,  -1.42750000000000E+00,  -5.67221566812536E+00,   1.06300000000000E+01,   1.72790576303076E+09,   9.76032552359006E+03
  1.88500000000000E+03,  -3.29907172120010E-01,  -3.42500000000000E-01,  -5.70606701766184E+00,   1.08100000000000E+01,   1.07062319753203E+09,   9.94139259274053E+03
  1.88508333300000E+03,   1.09271457949094E+00,   1.35000000000000E-01,  -5.73965837882100E+00,   1.09900000000000E+01,   1.68105463386182E+09,   9.47568996651415E+03
  1.88516666700000E+03,   3.06390610743203E+00,  -5.20000000000000E-01,  -5.77298601455813E+00,   1.11700000000000E+01,   2.57727277232402E+09,   4.96676045885389E+03
  1.88525000000000E+03,   5.53024466967343E+00,  -1.58250000000000E+00,  -5.80604620279540E+00,   1.13500000000000E+01,   2.23171593072256E+09,   3.45245717038978E+03
  1.88533333300000E+03,   8.28553955704480E+00,  -1.61250000000000E+00,  -5.83883523694922E+00,   1.15300000000000E+01,   2.70028527992647E+09,   2.57340057527456E+03
  1.88541666700000E+03,   1.10418721419341E+01,  -9.60000000000000E-01,  -5.87134942645606E+00,   1.17100000000000E+01,   3.90902118957598E+09,   1.74899849391105E+03
  1.88550000000000E+03,   1.35717586717870E+01,   7.50000000000006E-03,  -5.90358509729686E+00,   1.18900000000000E+01,   3.32348165759951E+09,   1.53543667081664E+03
  1.88558333300000E+03,   1.17835785793779E+01,   7.67500000000000E-01,  -5.93553859251975E+00,   1.20700000000000E+01,   2.20106096782461E+09,   2.00298174892962E+03
  1.88566666700000E+03,   5.80747752828499E+00,   7.12500000000000E-01,  -5.73954580764935E+00,   1.22500000000000E+01,   3.01131873907217E+09,   2.10556483903830E+03
  1.88575000000000E+03,   4.02544692642383E+00,   4.55000000000000E-01,  -5.77659047260225E+00,   1.24300000000000E+01,   2.69090481245059E+09,   2.24451828101687E+03
  1.88583333300000E+03,   6.69817613968995E+00,   4.05000000000000E-01,  -5.81324520115870E+00,   1.26100000000000E+01,   1.43790277666221E+09,   4.07812606961401E+03
  1.88591666700000E+03,   9.68421003074163E+00,   7.07500000000000E-01,  -5.84950703323771E+00,   1.27900000000000E+01,   1.67901633787275E+09,   5.69921250665197E+03
  1.88600000000000E+03,   1.26987311818633E+01,   1.23750000000000E+00,  -5.88537305076449E+00,   1.29700000000000E+01,   1.87232659184434E+09,   5.54646877077380E+03
  1.88608333300000E+03,   1.55596191124210E+01,   1.60250000000000E+00,  -5.92084037798515E+00,   1.31500000000000E+01,   1.04434738444248E+09,   5.47813435483389E+03
  1.88616666700000E+03,   1.81724185205792E+01,   1.93750000000000E+00,  -5.95590618177571E+00,   1.33300000000000E+01,   1.01443340008496E+09,   6.48262843316365E+03
  1.88625000000000E+03,   2.04388858949901E+01,   2.26750000000000E+00,  -5.99056767194540E+00,   1.35100000000000E+01,   1.38771219627559E+09,   8.31540641471832E+03
  1.88633333300000E+03,   2.22044072763136E+01,   2.38500000000000E+00,  -6.02482210153430E+00,   1.36900000000000E+01,   1.24281392054697E+09,   7.11307508002017E+03
  1.88641666700000E+03,   2.33140086833877E+01,   2.40250000000000E+00,  -6.05866676710509E+00,   1.38700000000000E+01,   1.69390053715215E+09,   7.28768713325146E+03
  1.88650000000000E+03,   2.37288440487448E+01,   2.08250000000000E+00,  -6.09209900902902E+00,   1.40500000000000E+01,   1.68755943828203E+09,   6.80736290068910E+03
  1.88658333300000E+03,   2.42733762265305E+01,   1.12750000000000E+00,  -6.12511621176610E+00,   1.42300000000000E+01,   2.24887743667920E+09,   5.74016524185105E+03
  1.88666666700000E+03,   2.54546303154854E+01,   3.12500000000000E-01,   4.93299010954404E+00,   1.44100000000000E+01,   2.36819095043896E+09,   1.93260269747819E+03
  1.88675000000000E+03,   2.64120246504142E+01,   6.50000000000000E-02,   4.92715551703942E+00,   1.45900000000000E+01,   2.34080616844092E+09,   1.59287983190753E+03
  1.88683333300000E+03,   2.70280758038838E+01,   2.25000000000000E-02,   4.92090478953067E+00,   1.47700000000000E+01,   1.82200514359805E+09,   1.20684488238893E+03
  1.88691666700000E+03,   2.76916467930391E+01,  -1.92500000000000E-01,   4.91423684539192E+00,   1.49500000000000E+01,   2.06636689693750E+09,   2.83990962040131E+03
  1.88700000000000E+03,   2.83257004650996E+01,  -5.70000000000000E-01,   4.90715064631293E+00,   1.51300000000000E+01,   1.59142946799814E+09,   2.34033174742097E+03
  1.88708333300000E+03,   2.89543887811620E+01,  -5.45000000000000E-01,   4.89964519754813E+00,   1.53100000000000E+01,   1.01486041062217E+09,   3.17111886684308E+03
  1.88716666700000E+03,   2.96613535719843E+01,  -3.02500000000000E-01,   4.89171954815983E+00,   1.54900000000000E+01,   2.14246636088633E+09,   5.44607805382474E+03
  1.88725000000000E+03,   3.04786901549908E+01,  -7.75000000000000E-02,   4.88337279125564E+00,   1.56700000000000E+01,   2.49495521287686E+09,   5.84565629868824E+03
  1.88733333300000E+03,   3.13242352564484E+01,   8.10000000000000E-01,   4.87460406421991E+00,   1.58500000000000E+01,   2.21719562148320E+09,   6.37930474577444E+03
  1.88741666700000E+03,   3.20572291997924E+01,   2.25750000000000E+00,   4.86541254893937E+00,   1.60300000000000E+01,   2.06274070795840E+09,   7.69147751229969E+03
  1.88750000000000E+03,   3.26027871781687E+01,   2.95250000000000E+00,   4.85579747202268E+00,   1.62100000000000E+01,   2.67287904132227E+09,   9.16452972330032E+03
  1.88758333300000E+03,   2.69066637891348E+01,   2.46250000000000E+00,   4.84575810501410E+00,   1.63900000000000E+01,   1.60961368425000E+09,   8.32743230579672E+03
  1.88766666700000E+03,   1.58061229008187E+01,   2.10000000000000E+00,  -1.45265403898894E+00,   1.65700000000000E+01,   1.18010426461357E+09,   8.47601453896379E+03
  1.88775000000000E+03,   1.23665431119599E+01,   2.26250000000000E+00,  -1.49292874690145E+00,   1.67500000000000E+01,   1.60315592750039E+09,   8.81921273089498E+03
  1.88783333300000E+03,   1.58765817736506E+01,   2.20000000000000E+00,  -1.53331432080984E+00,   1.69300000000000E+01,   1.53182823609590E+09,   7.92658428536504E+03
  1.88791666700000E+03,   1.92408147563002E+01,   2.19750000000000E+00,  -1.57380824753349E+00,   1.71100000000000E+01,   2.44950611645977E+09,   7.77132205079608E+03
  1.88800000000000E+03,   2.21198615282352E+01,   2.30250000000000E+00,  -1.61440798051619E+00,   1.72900000000000E+01,   4.84494148756426E+09,   7.53408651992725E+03
  1.88808333300000E+03,   2.43454959812692E+01,   2.33000000000000E+00,  -1.65511094010240E+00,   1.74700000000000E+01,   6.95128519758652E+09,   7.77576518015517E+03
  1.88816666700000E+03,   2.59043065647220E+01,   2.26750000000000E+00,  -1.69591451381900E+00,   1.76500000000000E+01,   6.85807504495947E+09,   6.79626632090351E+03
  1.88825000000000E+03,   2.68313083582893E+01,   1.83750000000000E+00,  -1.73681605666250E+00,   1.78300000000000E+01,   1.54834379026850E+10,   7.12055852661664E+03
  1.88833333300000E+03,   2.71312841554032E+01,   1.84750000000000E+00,  -1.77781289139171E+00,   1.80100000000000E+01,   1.48966725432123E+10,   7.57304363771444E+03
  1.88841666700000E+03,   2.68031442690917E+01,   2.31250000000000E+00,  -1.81890230882578E+00,   1.81900000000000E+01,   1.38626191626614E+10,   8.29646129267188E+03
  1.88850000000000E+03,   2.59266822295132E+01,   2.19250000000000E+00,  -1.86008156814765E+00,   1.83700000000000E+01,   1.36466198714503E+10,   9.59845426967498E+03
  1.88858333300000E+03,   2.30994047028194E+01,   1.83750000000000E+00,  -1.90134789721270E+00,   1.85500000000000E+01,   1.47728765309284E+10,   2.05986091039179E+04
  1.88866666700000E+03,   1.86341159769259E+01,   2.01500000000000E+00,   5.69650136901981E+00,   1.87300000000000E+01,   6.32297370475410E+09,   2.27940287723857E+04
  1.88875000000000E+03,   1.58911454977682E+01,   2.23250000000000E+00,   5.74723243821792E+00,   1.89100000000000E+01,   9.49370950515391E+09,   2.27392149754397E+04
  1.88883333300000E+03,   1.47668034701035E+01,   1.74250000000000E+00,   5.79773114087912E+00,   1.90900000000000E+01,   8.81528997928721E+09,   2.11547132953631E+04
  1.88891666700000E+03,   1.37092401210630E+01,   1.57500000000000E+00,   5.84799335236628E+00,   1.92700000000000E+01,   7.84504456252676E+09,   1.94264937552992E+04
  1.88900000000000E+03,   1.29546698480529E+01,   2.25500000000000E+00,   5.89801498008083E+00,   1.94500000000000E+01,   6.60282157208066E+09,   7.73606338952240E+03
  1.88908333300000E+03,   1.26881597479578E+01,   2.87000000000000E+00,   5.94779196392117E+00,   1.96300000000000E+01,   7.53536290674951E+09,   5.31847530459985E+03
  1.88916666700000E+03,   1.29721069109341E+01,   3.21500000000000E+00,   5.99732027673632E+00,   1.98100000000000E+01,   3.80789160369043E+09,   4.09494111474464E+03
  1.88925000000000E+03,   1.36726444930399E+01,   3.31000000000000E+00,   6.04659592477477E+00,   1.99900000000000E+01,   3.63984418345674E+09,   4.47596552610146E+03
  1.88933333300000E+03,   1.44818567637297E+01,   3.04750000000000E+00,   6.09561494812837E+00,   2.01700000000000E+01,   2.67432038546738E+09,   4.23350850424794E+03
  1.88941666700000E+03,   1.50706158074679E+01,   2.23500000000000E+00,   6.14437342117122E+00,   2.03500000000000E+01,   2.41993932986816E+09,   4.19830873128753E+03
  1.88950000000000E+03,   1.52861861968567E+01,   1.31250000000000E+00,   6.19286745299362E+00,   2.05300000000000E+01,   2.73227501043730E+09,   5.51932245715139E+03
  1.88958333300000E+03,   1.55305468365399E+01,   1.05250000000000E+00,   6.24109318783089E+00,   2.07100000000000E+01,   3.73452951511406E+09,   5.31580449151956E+03
  1.88966666700000E+03,   1.60662781917935E+01,   1.14000000000000E+00,  -7.29228203971736E+00,   2.08900000000000E+01,   3.52875500404746E+09,   4.66478238650486E+03
  1.88975000000000E+03,   1.64831350819066E+01,   1.34500000000000E+00,  -7.28927643410532E+00,   2.10700000000000E+01,   4.65284826189414E+09,   7.75214702624083E+03
  1.88983333300000E+03,   1.67461324290075E+01,   1.40000000000000E+00,  -7.28578772674746E+00,   2.12500000000000E+01,   5.97955030204531E+09,   8.45322368455911E+03
  1.88991666700000E+03,   1.70212969532717E+01,   9.02500000000000E-01,  -7.28181543844462E+00,   2.14300000000000E+01,   6.13708704074678E+09,   6.52012245667400E+03
  1.89000000000000E+03,   1.72334023511387E+01,   4.42500000000000E-01,  -7.27735913897849E+00,   2.16100000000000E+01,   5.78381339046025E+09,   6.63703127135932E+03
  1.89008333300000E+03,   1.74089539199892E+01,   1.77500000000000E-01,  -7.27241844723148E+00,   2.17900000000000E+01,   6.75830056766240E+09,   6.91307798251742E+03
  1.89016666700000E+03,   1.76345936465974E+01,  -4.17500000000000E-01,  -7.26699303130026E+00,   2.19700000000000E+01,   8.23068768830205E+09,   3.57119483768195E+03
  1.89025000000000E+03,   1.79461741654539E+01,  -1.11000000000000E+00,  -7.26108260860286E+00,   2.21500000000000E+01,   7.14081984607109E+09,   3.96193553974414E+03
  1.89033333300000E+03,   1.82661631137577E+01,  -1.25000000000000E+00,  -7.25468694597924E+00,   2.23300000000000E+01,   9.05002793252559E+09,   4.93185510553885E+03
  1.89041666700000E+03,   1.84594165525894E+01,  -1.39000000000000E+00,  -7.24780585978545E+00,   2.25100000000000E+01,   8.44186908842607E+09,   4.40052185437325E+03
  1.89050000000000E+03,   1.84577537433980E+01,  -2.15500000000000E+00,  -7.24043921598128E+00,   2.26900000000000E+01,   8.74878928132920E+09,   5.14177349119754E+03
  1.89058333300000E+03,   2.28179934887719E+01,  -2.66250000000000E+00,  -7.23258693021139E+00,   2.28700000000000E+01,   7.24786341287949E+09,   5.24529089617655E+03
  1.89066666700000E+03,   3.18256982337652E+01,  -2.13000000000000E+00,   5.91098136140016E-01,   2.30500000000000E+01,   1.10747684378314E+10,   4.15225694337189E+03
  1.89075000000000E+03,   3.67569827895293E+01,  -1.61500000000000E+00,   5.86632505789733E-01,   2.32300000000000E+01,   7.65071328671631E+09,   3.49013706512293E+03
  1.89083333300000E+03,   3.74809841937766E+01,  -2.05750000000000E+00,   5.81742587001621E-01,   2.34100000000000E+01,   7.59200532763896E+09,   2.83416862527905E+03
  1.89091666700000E+03,   3.82575615920217E+01,  -2.48000000000000E+00,   5.76427095233829E-01,   2.35900000000000E+01,   7.32492781552481E+09,   1.66782472521579E+03
  1.89100000000000E+03,   3.90105251312194E+01,  -2.08250000000000E+00,   5.70684790910750E-01,   2.37700000000000E+01,   6.28017606640938E+09,   2.97201737474641E+03
  1.89108333300000E+03,   3.97650288364796E+01,  -7.97500000000000E-01,   5.64514479712184E-01,   2.39500000000000E+01,   2.74304285733789E+09,   2.56847550742375E+03
  1.89116666700000E+03,   4.06058866371725E+01,   5.70000000000000E-01,   5.57915012856309E-01,   2.41300000000000E+01,   3.03056730615244E+09,   2.27019164109146E+03
  1.89125000000000E+03,   4.15665496020699E+01,   1.31750000000000E+00,   5.50885287376415E-01,   2.43100000000000E+01,   4.42453868233184E+09,   3.17863319113739E+03
  1.89133333300000E+03,   4.25664088426977E+01,   1.70750000000000E+00,   5.43424246391391E-01,   2.44900000000000E+01,   4.06092473819180E+09,   3.67152124854950E+03
  1.89141666700000E+03,   4.34664631336607E+01,   2.00250000000000E+00,   5.35530879369836E-01,   2.46700000000000E+01,   6.81558689396963E+09,   4.20798462329330E+03
  1.89150000000000E+03,   4.41937882841358E+01,   2.00750000000000E+00,   5.27204222387854E-01,   2.48500000000000E+01,   8.61388401744131E+09,   7.19411714263745E+03
  1.89158333300000E+03,   4.59009226994288E+01,   1.26250000000000E+00,   5.18443358380407E-01,   2.50300000000000E+01,   8.33032665007725E+09,   7.21013551367037E+03
  1.89166666700000E+03,   4.85431626532741E+01,   4.87500000000000E-01,   4.79622366548054E+00,   2.52100000000000E+01,   7.74947037568057E+09,   8.22175798015157E+03
  1.89175000000000E+03,   4.98486377475385E+01,  -3.15000000000000E-01,   4.80717779868019E+00,   2.53900000000000E+01,   6.87923542925400E+09,   1.00010035397338E+04
  1.89183333300000E+03,   4.99779384615043E+01,  -9.47500000000000E-01,   4.81780278449037E+00,   2.55700000000000E+01,   4.07721763187207E+09,   9.87875268241558E+03
  1.89191666700000E+03,   5.01054875004437E+01,  -2.15000000000000E-01,   4.82809594919477E+00,   2.57500000000000E+01,   1.71248874195645E+09,   6.94487161383042E+03
  1.89200000000000E+03,   5.01623775361750E+01,   7.95000000000000E-01,   4.83805464620248E+00,   2.59300000000000E+01,   2.14165068088936E+09,   7.44577827016208E+03
  1.89208333300000E+03,   5.01807466323810E+01,   1.14000000000000E+00,   4.84767625650391E+00,   2.61100000000000E+01,   1.27515327622090E+09,   6.02888418404041E+03
  1.89216666700000E+03,   5.02521142963190E+01,   9.30000000000000E-01,   4.85695818912347E+00,   2.62900000000000E+01,   1.69408393472813E+09,   5.80229947398538E+03
  1.89225000000000E+03,   5.04164040931702E+01,   7.50000000000001E-02,   4.86589788156872E+00,   2.64700000000000E+01,   1.90047901998447E+09,   5.56419107919624E+03
  1.89233333300000E+03,   5.05993147474458E+01,  -8.62500000000000E-01,   4.87449280027616E+00,   2.66500000000000E+01,   2.19166698136699E+09,   5.98910081871357E+03
  1.89241666700000E+03,   5.06680727566344E+01,  -1.54750000000000E+00,   4.88274044105343E+00,   2.68300000000000E+01,   2.34475053777812E+09,   8.21737910493277E+03
  1.89250000000000E+03,   5.05560007876044E+01,  -1.75500000000000E+00,   4.89063832951792E+00,   2.70100000000000E+01,   3.13055867179590E+09,   1.05249103731398E+04
  1.89258333300000E+03,   4.80987074763950E+01,  -1.56000000000000E+00,   4.89818402153172E+00,   2.71900000000000E+01,   4.08429398241992E+09,   9.30712945800498E+03
  1.89266666700000E+03,   4.31879580996987E+01,  -1.65500000000000E+00,  -1.92131322017243E+00,   2.73700000000000E+01,   5.59040187524961E+09,   8.48967387684677E+03
  1.89275000000000E+03,   4.01180932676644E+01,  -2.00500000000000E+00,  -1.96270351010297E+00,   2.75500000000000E+01,   7.41526027156855E+09,   1.00195640607239E+04
  1.89283333300000E+03,   3.90876072454438E+01,  -2.15250000000000E+00,  -2.00417385288756E+00,   2.77300000000000E+01,   7.58275862082471E+09,   1.18220377980653E+04
  1.89291666700000E+03,   3.79934916555378E+01,  -1.70250000000000E+00,  -2.04572136975045E+00,   2.79100000000000E+01,   7.20318096770166E+09,   9.22130544327907E+03
  1.89300000000000E+03,   3.67635618268219E+01,  -9.57500000000000E-01,  -2.08734315203648E+00,   2.80900000000000E+01,   6.93434872515723E+09,   8.44269020285010E+03
  1.89308333300000E+03,   3.54526944521148E+01,  -5.02500000000000E-01,  -2.12903626154818E+00,   2.82700000000000E+01,   7.88286052374600E+09,   9.36096296901638E+03
  1.89316666700000E+03,   3.42137755625676E+01,  -6.07500000000000E-01,  -2.17079773088786E+00,   2.84500000000000E+01,   7.39113228180381E+09,   7.70732834861409E+03
  1.89325000000000E+03,   3.31835801442977E+01,  -1.09000000000000E+00,  -2.21262456380463E+00,   2.86300000000000E+01,   1.12143678264476E+10,   4.30843364007026E+03
  1.89333333300000E+03,   3.24014083848036E+01,  -6.17500000000000E-01,  -2.25451373554637E+00,   2.88100000000000E+01,   1.19300614446226E+10,   4.71147180767302E+03
  1.89341666700000E+03,   3.18358985205213E+01,   8.67500000000000E-01,  -2.29646219321663E+00,   2.89900000000000E+01,   1.22776205763128E+10,   4.92792316930173E+03
  1.89350000000000E+03,   3.14795156543197E+01,   1.74000000000000E+00,  -2.33846685613625E+00,   2.91700000000000E+01,   1.28481062378005E+10,   3.21256649949476E+03
  1.89358333300000E+03,   3.16050416206332E+01,   1.51250000000000E+00,  -2.38052461620985E+00,   2.93500000000000E+01,   1.26291979958767E+10,   2.83896235703053E+03
  1.89366666700000E+03,   3.22188670843670E+01,   6.42500000000000E-01,  -2.56853806560225E+00,   2.95300000000000E+01,   9.01786321108477E+09,   2.63517797042578E+03
  1.89375000000000E+03,   3.27948277958275E+01,   2.00000000000000E-02,  -2.54601407388505E+00,   2.97100000000000E+01,   9.07778918568145E+09,   2.57768202982014E+03
  1.89383333300000E+03,   3.32382250604455E+01,  -2.92500000000000E-01,  -2.52366032397680E+00,   2.98900000000000E+01,   7.45493421565225E+09,   3.16744271859033E+03
  1.89391666700000E+03,   3.36753495995704E+01,  -9.62500000000000E-01,  -2.50147545053328E+00,   3.00700000000000E+01,   4.34298270304033E+09,   3.85694750090903E+03
  1.89400000000000E+03,   3.40464276551826E+01,  -1.41500000000000E+00,  -2.47945805930540E+00,   3.02500000000000E+01,   2.99169953737598E+09,   3.82150782316318E+03
  1.89408333300000E+03,   3.43966624853282E+01,  -1.53500000000000E+00,  -2.45760672750367E+00,   3.04300000000000E+01,   2.27365307112793E+09,   6.54341532593686E+03
  1.89416666700000E+03,   3.48328615722544E+01,  -1.92250000000000E+00,  -2.43592000416694E+00,   3.06100000000000E+01,   1.11923709293125E+09,   6.65501381038521E+03
  1.89425000000000E+03,   3.54107460911608E+01,  -2.64500000000000E+00,  -2.41439641053557E+00,   3.07900000000000E+01,   7.84381674140078E+09,   1.04706768960781E+04
  1.89433333300000E+03,   3.60707441739073E+01,  -3.17500000000000E+00,  -2.39303444042865E+00,   3.09700000000000E+01,   7.84071803560986E+09,   1.04647863685804E+04
  1.89441666700000E+03,   3.66924068418226E+01,  -2.94500000000000E+00,  -2.37183256062553E+00,   3.11500000000000E+01,   8.27981258822568E+09,   1.05793455876022E+04
  1.89450000000000E+03,   3.72179611459412E+01,  -2.40000000000000E+00,  -2.35078921125141E+00,   3.13300000000000E+01,   8.98134728608486E+09,   7.28136074163672E+03
  1.89458333300000E+03,   3.69975136644822E+01,  -2.18500000000000E+00,  -2.32990280616691E+00,   3.15100000000000E+01,   1.09634394849958E+10,   6.64587284492850E+03
  1.89466666700000E+03,   3.60540213655238E+01,  -2.43000000000000E+00,  -9.26397195818896E+00,   3.16900000000000E+01,   6.44365623033135E+09,   5.55411555011803E+03
  1.89475000000000E+03,   3.57981480505535E+01,  -2.89000000000000E+00,  -9.24711879301152E+00,   3.18700000000000E+01,   6.39019353101748E+09,   5.72532253242191E+03
  1.89483333300000E+03,   3.63141751058189E+01,  -2.83500000000000E+00,  -9.23018623657002E+00,   3.20500000000000E+01,   5.91574783567236E+09,   8.45494988634707E+03
  1.89491666700000E+03,   3.68957152072823E+01,  -2.07250000000000E+00,  -9.21317253962034E+00,   3.22300000000000E+01,   6.28227496840576E+09,   9.06345541976858E+03
  1.89500000000000E+03,   3.74762677552015E+01,  -1.22000000000000E+00,  -9.19607598138978E+00,   3.24100000000000E+01,   3.95329374372061E+09,   9.09838745678309E+03
  1.89508333300000E+03,   3.80897676596173E+01,  -1.23000000000000E+00,  -9.17889486999294E+00,   3.25900000000000E+01,   2.47636403000059E+09,   6.09339878576566E+03
  1.89516666700000E+03,   3.88285329535432E+01,  -2.12000000000000E+00,  -9.16162754284251E+00,   3.27700000000000E+01,   2.80790526528701E+09,   5.29184375049891E+03
  1.89525000000000E+03,   3.97319281283363E+01,  -2.49750000000000E+00,  -9.14427236705457E+00,   3.29500000000000E+01,   3.61300443799844E+09,   4.21973108555740E+03
  1.89533333300000E+03,   4.07234351520990E+01,  -1.89250000000000E+00,  -9.12682773984862E+00,   3.31300000000000E+01,   2.38495876643945E+09,   4.37941748596923E+03
  1.89541666700000E+03,   4.16661831544912E+01,  -1.09500000000000E+00,  -9.10929208894211E+00,   3.33100000000000E+01,   2.74549484728203E+09,   4.57530612493260E+03
  1.89550000000000E+03,   4.24873958156291E+01,  -7.30000000000000E-01,  -9.09166387293942E+00,   3.34900000000000E+01,   2.16648533695762E+09,   5.81867461252874E+03
  1.89558333300000E+03,   4.63148687912912E+01,  -3.35000000000000E-01,  -9.07394158171531E+00,   3.36700000000000E+01,   2.52799665480400E+09,   6.61466676258752E+03
  1.89566666700000E+03,   5.30504604334575E+01,   4.45000000000000E-01,  -4.43229562687155E+00,   3.38500000000000E+01,   2.67381466975283E+09,   6.23092918844474E+03
  1.89575000000000E+03,   5.64113548489767E+01,   4.05000000000000E-01,  -4.45739262540658E+00,   3.40300000000000E+01,   2.63577311759902E+09,   6.24809292546380E+03
  1.89583333300000E+03,   5.65894192006794E+01,  -3.52500000000000E-01,  -4.48293548025891E+00,   3.42100000000000E+01,   3.23433319040039E+09,   8.04447587434594E+03
  1.89591666700000E+03,   5.67534999727200E+01,  -5.52500000000000E-01,  -4.50892314634860E+00,   3.43900000000000E+01,   5.77654405771631E+09,   6.77090242294362E+03
  1.89600000000000E+03,   5.68021476433634E+01,  -2.45000000000000E-01,  -4.53535452423567E+00,   3.45700000000000E+01,   6.02780692549746E+09,   6.06242603604607E+03
  1.89608333300000E+03,   5.67464973024050E+01,   2.75000000000000E-02,  -4.56222846015329E+00,   3.47500000000000E+01,   5.66874355593320E+09,   1.34051109388042E+04
  1.89616666700000E+03,   5.66717024736107E+01,   1.30000000000000E-01,  -4.58954374604873E+00,   3.49300000000000E+01,   8.32109297262666E+09,   1.22488424828982E+04
  1.89625000000000E+03,   5.66274925799332E+01,   9.07500000000000E-01,  -4.61729911963251E+00,   3.51100000000000E+01,   7.61515196163955E+09,   1.26072809408974E+04
  1.89633333300000E+03,   5.65650768152333E+01,   2.00500000000000E+00,  -4.64549326443514E+00,   3.52900000000000E+01,   7.92082293133896E+09,   1.76494477894489E+04
  1.89641666700000E+03,   5.63902012005012E+01,   1.97000000000000E+00,  -4.67412480987211E+00,   3.54700000000000E+01,   7.71393807893936E+09,   1.77884009772540E+04
  1.89650000000000E+03,   5.60828899691883E+01,   1.30750000000000E+00,  -4.70319233131653E+00,   3.56500000000000E+01,   1.38268307173244E+10,   9.80148294908525E+03
  1.89658333300000E+03,   6.13519466114754E+01,   1.56500000000000E+00,  -4.73269435017982E+00,   3.58300000000000E+01,   1.45822855442153E+10,   1.45744261373134E+04
  1.89666666700000E+03,   7.23173019880309E+01,   2.29000000000000E+00,   3.05319448886423E-01,   3.60100000000000E+01,   1.49185169311171E+10,   1.72155494248510E+04
  1.89675000000000E+03,   7.77810248039777E+01,   1.81250000000000E+00,   2.88718981701717E-01,   3.61900000000000E+01,   1.18838272948329E+10,   1.66580385913612E+04
  1.89683333300000E+03,   7.76572042720161E+01,   8.80000000000000E-01,   2.71676066749238E-01,   3.63700000000000E+01,   1.39299457927472E+10,   1.95923714630020E+04
  1.89691666700000E+03,   7.74370075611580E+01,   7.02500000000000E-01,   2.54190757794030E-01,   3.65500000000000E+01,   7.26893270620020E+09,   1.85919673012759E+04
  1.89700000000000E+03,   7.70561310188452E+01,   9.75000000000000E-01,   2.36263159174695E-01,   3.67300000000000E+01,   3.84955215685703E+09,   1.45799907540772E+04
  1.89708333300000E+03,   7.65565076696076E+01,   1.72500000000000E+00,   2.17893425906250E-01,   3.69100000000000E+01,   8.99548279930840E+09,   1.08607422701415E+04
  1.89716666700000E+03,   7.60444834128470E+01,   2.57250000000000E+00,   1.99081763775916E-01,   3.70900000000000E+01,   9.47199614309394E+09,   1.12381980093931E+04
  1.89725000000000E+03,   7.55793315173416E+01,   2.50750000000000E+00,   1.79828429431742E-01,   3.72700000000000E+01,   1.05141885990255E+10,   9.49849214684358E+03
  1.89733333300000E+03,   7.51097456205872E+01,   1.78250000000000E+00,   1.60133730464105E-01,   3.74500000000000E+01,   1.60554080763839E+10,   1.20296384472232E+04
  1.89741666700000E+03,   7.45283317136179E+01,   1.24500000000000E+00,   1.39998025480039E-01,   3.76300000000000E+01,   1.60626478049841E+10,   1.56821489241889E+04
  1.89750000000000E+03,   7.37945717358547E+01,   8.77500000000000E-01,   1.19421724170404E-01,   3.78100000000000E+01,   1.06814302594664E+10,   1.43859529219955E+04
  1.89758333300000E+03,   7.03272251516954E+01,   5.50000000000000E-01,   9.84052873698409E-02,   3.79900000000000E+01,   1.03846860932971E+10,   9.48657210003547E+03
  1.89766666700000E+03,   6.47088643548635E+01,   5.70000000000000E-01,  -3.36875586464056E-01,   3.81700000000000E+01,   1.03262020686324E+10,   8.03717234783499E+03
  1.89775000000000E+03,   6.28074473076521E+01,   5.62500000000000E-01,  -3.13989794509153E-01,   3.83500000000000E+01,   7.76342618930645E+09,   5.62322235522969E+03
  1.89783333300000E+03,   6.41652923101377E+01,   1.87500000000000E-01,  -2.91300098116359E-01,   3.85300000000000E+01,   1.20298033506166E+10,   1.29287233663648E+03
  1.89791666700000E+03,   6.55602514272245E+01,  -4.00000000000000E-02,  -2.68810029153562E-01,   3.87100000000000E+01,   1.21250041184189E+10,   1.82415020015072E+03
  1.89800000000000E+03,   6.68938748912356E+01,   1.30000000000000E-01,  -2.46523114568410E-01,   3.88900000000000E+01,   1.52955703794131E+10,   2.07096527591953E+03
  1.89808333300000E+03,   6.81733898919119E+01,   6.12500000000000E-01,  -2.24442875819820E-01,   3.90700000000000E+01,   1.16104019229393E+10,   2.53954284595419E+03
  1.89816666700000E+03,   6.94714261442364E+01,   9.30000000000000E-01,  -2.02572828309335E-01,   3.92500000000000E+01,   9.62488612988672E+09,   3.44453868736541E+03
  1.89825000000000E+03,   7.08158696959194E+01,   8.95000000000000E-01,  -1.80916480812539E-01,   3.94300000000000E+01,   8.22947485182930E+09,   4.33809535171837E+03
  1.89833333300000E+03,   7.21274850108062E+01,   1.22000000000000E+00,  -1.59477334910555E-01,   3.96100000000000E+01,   1.24508977029855E+10,   3.79599555069562E+03
  1.89841666700000E+03,   7.32753483834024E+01,   1.90750000000000E+00,  -1.38258884421735E-01,   3.97900000000000E+01,   1.20365506799749E+10,   2.89888328347513E+03
  1.89850000000000E+03,   7.42006023041334E+01,   2.05000000000000E+00,  -1.17264614833670E-01,   3.99700000000000E+01,   1.63288861333964E+10,   2.99485893862145E+03
  1.89858333300000E+03,   8.05149858189552E+01,   1.59750000000000E+00,  -9.64980027354941E-02,   4.01500000000000E+01,   1.70039619841782E+10,   3.25770131960250E+03
  1.89866666700000E+03,   9.22467298489229E+01,   9.00000000000000E-01,  -3.94735262486166E+00,   4.03300000000000E+01,   1.85099863178979E+10,   2.53985021719327E+03
  1.89875000000000E+03,   9.83032468061645E+01,  -1.07500000000000E-01,  -3.93533299767622E+00,   4.05100000000000E+01,   1.53935583215397E+10,   3.49751523292428E+03
  1.89883333300000E+03,   9.87835717404359E+01,  -6.22500000000000E-01,  -3.92365581849632E+00,   4.06900000000000E+01,   1.40650988986774E+10,   3.61655144592514E+03
  1.89891666700000E+03,   9.92442136057056E+01,  -3.90000000000000E-01,  -3.91232406771407E+00,   4.08700000000000E+01,   1.04166217944101E+10,   5.09667728050919E+03
  1.89900000000000E+03,   9.96178778142798E+01,  -3.60000000000000E-01,  -3.90134069639434E+00,   4.10500000000000E+01,   9.17087272372881E+09,   4.68870210672412E+03
  1.89908333300000E+03,   9.99384048047997E+01,  -3.47500000000000E-01,  -3.89070862573945E+00,   4.12300000000000E+01,   6.28294187195166E+09,   5.71870240214998E+03
  1.89916666700000E+03,   1.00299038258547E+02,   1.37500000000000E-01,  -3.88043074655769E+00,   4.14100000000000E+01,   4.85641377868877E+09,   4.91318802765952E+03
  1.89925000000000E+03,   1.00741392926345E+02,   1.00500000000000E+00,  -3.87050991873562E+00,   4.15900000000000E+01,   3.83092197480889E+09,   5.11590398172373E+03
  1.89933333300000E+03,   1.01192791163633E+02,   1.78500000000000E+00,  -3.86094897071440E+00,   4.17700000000000E+01,   3.91395962404502E+09,   3.96007338836379E+03
  1.89941666700000E+03,   1.01521984257514E+02,   1.81250000000000E+00,  -3.85175069897018E+00,   4.19500000000000E+01,   3.74406189956885E+09,   3.86352799363723E+03
  1.89950000000000E+03,   1.01663699298918E+02,   1.79000000000000E+00,  -3.84291786749847E+00,   4.21300000000000E+01,   2.14143106064941E+09,   3.58934802021962E+03
  1.89958333300000E+03,   8.93190500890403E+01,   2.04250000000000E+00,  -3.83445320730290E+00,   4.23100000000000E+01,   2.17533945967900E+09,   4.88883558119033E+03
  1.89966666700000E+03,   6.48751153172440E+01,   1.64500000000000E+00,  -1.48498308602178E+01,   4.24900000000000E+01,   4.53594387749951E+09,   7.88979518934553E+03
  1.89975000000000E+03,   5.33227192550005E+01,   1.37500000000000E+00,  -1.48189549526993E+01,   4.26700000000000E+01,   6.33278383217783E+09,   8.82395932611479E+03
  1.89983333300000E+03,   5.42120128468581E+01,   2.06750000000000E+00,  -1.47877586579129E+01,   4.28500000000000E+01,   6.53558745495547E+09,   8.20711683212789E+03
  1.89991666700000E+03,   5.47022103737054E+01,   2.60750000000000E+00,  -1.47562458291655E+01,   4.30300000000000E+01,   8.30748940781201E+09,   8.28980392624512E+03
  1.90000000000000E+03,   5.46812928393039E+01,   2.39250000000000E+00,  -1.47244203416575E+01,   4.32100000000000E+01,   8.12612335032471E+09,   7.02468302976219E+03
  1.90008333300000E+03,   5.41731462043479E+01,   1.79000000000000E+00,  -1.46922860918944E+01,   4.33900000000000E+01,   5.93739129507871E+09,   3.81353760696892E+03
  1.90016666700000E+03,   5.33032359721023E+01,   1.32750000000000E+00,  -1.46598469970960E+01,   4.35700000000000E+01,   3.96665341145000E+09,   2.34585197253292E+03
  1.90025000000000E+03,   5.21900495909606E+01,   1.06750000000000E+00,  -1.46271069946041E+01,   4.37500000000000E+01,   3.88114863721377E+09,   3.11646130693043E+03
  1.90033333300000E+03,   5.08787972627519E+01,   4.97500000000000E-01,  -1.45940700412870E+01,   4.39300000000000E+01,   2.41000362922734E+09,   2.37271658891719E+03
  1.90041666700000E+03,   4.93871078792489E+01,   3.30000000000000E-01,  -1.45607401129440E+01,   4.41100000000000E+01,   4.87424633706543E+09,   2.52579430673560E+03
  1.90050000000000E+03,   4.78139793368572E+01,   5.67500000000000E-01,  -1.45271212037059E+01,   4.42900000000000E+01,   4.50706972535488E+09,   2.64744584729690E+03
  1.90058333300000E+03,   5.74307822460373E+01,   4.55000000000000E-01,  -1.44932173254354E+01,   4.44700000000000E+01,   4.41791017896123E+09,   5.91036157235084E+03
  1.90066666700000E+03,   7.83263098532685E+01,   6.35000000000000E-01,  -2.17329108406174E+00,   4.46500000000000E+01,   4.27576308404199E+09,   5.50835804396607E+03
  1.90075000000000E+03,   8.83624868173427E+01,   9.15000000000000E-01,  -2.21996982273345E+00,   4.48300000000000E+01,   5.61902765720400E+09,   5.60478779606996E+03
  1.90083333300000E+03,   8.76852405393341E+01,   9.57500000000000E-01,  -2.26694279859402E+00,   4.50100000000000E+01,   4.84039822533027E+09,   6.05028459833870E+03
  1.90091666700000E+03,   8.74752535385886E+01,   1.02000000000000E+00,  -2.31420630370621E+00,   4.51900000000000E+01,   5.87058453842529E+09,   9.44432877530390E+03
  1.90100000000000E+03,   8.77191866483429E+01,   1.15500000000000E+00,  -2.36175659212551E+00,   4.53700000000000E+01,   5.62071991795176E+09,   6.15669538111379E+03
  1.90108333300000E+03,   8.83980183005525E+01,   1.55750000000000E+00,  -2.40958988031713E+00,   4.55500000000000E+01,   6.47283129612207E+09,   6.72320930160005E+03
  1.90116666700000E+03,   8.94506944769130E+01,   1.74750000000000E+00,  -2.45770234757868E+00,   4.57300000000000E+01,   5.59599432889414E+09,   7.78042346782861E+03
  1.90125000000000E+03,   9.07080491185172E+01,   1.46500000000000E+00,  -2.50609013646814E+00,   4.59100000000000E+01,   7.17669631953721E+09,   7.08139722721875E+03
  1.90133333300000E+03,   9.19019480046686E+01,   1.43750000000000E+00,  -2.55474935323711E+00,   4.60900000000000E+01,   7.97259921892412E+09,   5.85357903783601E+03
  1.90141666700000E+03,   9.27941387048278E+01,   1.86250000000000E+00,  -2.60367606826954E+00,   4.62700000000000E+01,   9.68365661987490E+09,   5.94823378412006E+03
  1.90150000000000E+03,   9.33458335133192E+01,   2.02750000000000E+00,  -2.65286631652539E+00,   4.64500000000000E+01,   9.17502985470254E+09,   5.98045965681244E+03
  1.90158333300000E+03,   9.37273458790332E+01,   1.48000000000000E+00,  -2.70231609798969E+00,   4.66300000000000E+01,   8.74754701531660E+09,   5.83143241880983E+03
  1.90166666700000E+03,   9.42281034243461E+01,   3.02500000000000E-01,  -7.01285503812973E+00,   4.68100000000000E+01,   7.50665286078232E+09,   5.96455076946346E+03
  1.90175000000000E+03,   9.50347810015534E+01,  -6.25000000000000E-01,  -6.98934781961470E+00,   4.69900000000000E+01,   8.54787508129600E+09,   4.23048292765915E+03
  1.90183333300000E+03,   9.60296585833050E+01,  -7.25000000000000E-01,  -6.96602080621514E+00,   4.71700000000000E+01,   8.70735592461670E+09,   3.88861316393996E+03
  1.90191666700000E+03,   9.70105543256161E+01,  -7.12500000000000E-01,  -6.94287268681939E+00,   4.73500000000000E+01,   9.18109601415703E+09,   3.38415533148525E+03
  1.90200000000000E+03,   9.78937533200063E+01,  -7.25000000000000E-01,  -6.91990211829317E+00,   4.75300000000000E+01,   1.16024326981742E+10,   3.61145971024549E+03
  1.90208333300000E+03,   9.87049591914870E+01,  -4.15000000000000E-01,  -6.89710772585360E+00,   4.77100000000000E+01,   9.70177206928242E+09,   4.55788149491474E+03
  1.90216666700000E+03,   9.95371384740687E+01,  -4.77500000000000E-01,  -6.87448810344826E+00,   4.78900000000000E+01,   1.04000803786230E+10,   4.81555128703369E+03
  1.90225000000000E+03,   1.00438448127991E+02,  -9.37500000000000E-01,  -6.85204181413913E+00,   4.80700000000000E+01,   8.84952752308027E+09,   6.03366538382163E+03
  1.90233333300000E+03,   1.01348076035477E+02,  -1.36000000000000E+00,  -6.82976739049144E+00,   4.82500000000000E+01,   7.84758620290352E+09,   6.19027616880257E+03
  1.90241666700000E+03,   1.02150180505468E+02,  -2.11500000000000E+00,  -6.80766333496723E+00,   4.84300000000000E+01,   7.23539976540488E+09,   5.11009153336389E+03
  1.90250000000000E+03,   1.02796551732332E+02,  -2.41500000000000E+00,  -6.78572812032372E+00,   4.86100000000000E+01,   7.70735366981641E+09,   3.99414863363421E+03
  1.90258333300000E+03,   1.07271159532860E+02,  -1.49000000000000E+00,  -6.76396019001627E+00,   4.87900000000000E+01,   5.55008751174824E+09,   3.57360600329777E+03
  1.90266666700000E+03,   1.16544948877449E+02,  -2.95000000000000E-01,  -8.05792495831637E+00,   4.89700000000000E+01,   5.50575219012871E+09,   2.50701287316177E+03
  1.90275000000000E+03,   1.23702789969838E+02,  -1.15000000000000E-01,  -8.11250144000929E+00,   4.91500000000000E+01,   7.04501920175879E+09,   1.70761268729996E+03
  1.90283333300000E+03,   1.27762606018516E+02,  -6.60000000000000E-01,  -8.16724990486938E+00,   4.93300000000000E+01,   6.23159259863184E+09,   1.43335198092582E+03
  1.90291666700000E+03,   1.31411049114628E+02,  -7.27500000000000E-01,  -8.22216549441676E+00,   4.95100000000000E+01,   6.24562300416465E+09,   2.80106775038801E+03
  1.90300000000000E+03,   1.34181111698145E+02,  -1.95000000000000E-01,  -8.27724332555668E+00,   4.96900000000000E+01,   5.33347192403516E+09,   3.11571032342035E+03
  1.90308333300000E+03,   1.35719247159339E+02,   1.07500000000000E-01,  -8.33247849117391E+00,   4.98700000000000E+01,   5.35182901491641E+09,   2.99967250057030E+03
  1.90316666700000E+03,   1.35886499833269E+02,  -2.40000000000000E-01,  -8.38786606073079E+00,   5.00500000000000E+01,   3.73178102609531E+09,   5.32129988337569E+03
  1.90325000000000E+03,   1.34766291825899E+02,  -7.62500000000000E-01,  -8.44340108086880E+00,   5.02300000000000E+01,   2.78938112741680E+09,   7.37050248473967E+03
  1.90333333300000E+03,   1.32632873485873E+02,  -1.24750000000000E+00,  -8.49907857601362E+00,   5.04100000000000E+01,   2.49310402848652E+09,   8.47900834034076E+03
  1.90341666700000E+03,   1.29921552073144E+02,  -1.56250000000000E+00,  -8.55489354898359E+00,   5.05900000000000E+01,   3.44262836075684E+09,   9.00524477690011E+03
  1.90350000000000E+03,   1.27175376396219E+02,  -2.28250000000000E+00,  -8.61084098160149E+00,   5.07700000000000E+01,   3.87096329360625E+09,   1.16749241970032E+04
  1.90358333300000E+03,   1.09754252804532E+02,  -3.68750000000000E+00,  -8.66691583530939E+00,   5.09500000000000E+01,   3.93639768043105E+09,   9.48290208606971E+03
  1.90366666700000E+03,   7.83643907006585E+01,  -4.22500000000000E+00,  -1.59672330788436E+01,   5.11300000000000E+01,   3.56940244244414E+09,   8.12866115977531E+03
  1.90375000000000E+03,   6.36161866369965E+01,  -3.48750000000000E+00,  -1.59741982279112E+01,   5.13100000000000E+01,   3.36227541431523E+09,   7.53095664332211E+03
  1.90383333300000E+03,   6.47170946834525E+01,  -2.76000000000000E+00,  -1.59806492077707E+01,   5.14900000000000E+01,   2.02082325067832E+09,   6.77886616806211E+03
  1.90391666700000E+03,   6.58376461889289E+01,  -2.85750000000000E+00,  -1.59865862772187E+01,   5.16700000000000E+01,   1.37199205448613E+09,   4.16135651530679E+03
  1.90400000000000E+03,   6.69011911051527E+01,  -3.34500000000000E+00,  -1.59920097504924E+01,   5.18500000000000E+01,   2.88684532461230E+09,   7.99990113308858E+03
  1.90408333300000E+03,   6.79329720990761E+01,  -3.62000000000000E+00,  -1.59969199971430E+01,   5.20300000000000E+01,   3.41553873839023E+09,   7.30305288777761E+03
  1.90416666700000E+03,   6.90184277860906E+01,  -3.81250000000000E+00,  -1.60013174419017E+01,   5.22100000000000E+01,   4.01107131572207E+09,   6.59706224149819E+03
  1.90425000000000E+03,   7.01921636284711E+01,  -3.98000000000000E+00,  -1.60052025645368E+01,   5.23900000000000E+01,   4.05456968268711E+09,   7.39613693450745E+03
  1.90433333300000E+03,   7.13752718463597E+01,  -4.04250000000000E+00,  -1.60085758997053E+01,   5.25700000000000E+01,   4.71310279622871E+09,   7.49637918423098E+03
  1.90441666700000E+03,   7.24310114185015E+01,  -3.91000000000000E+00,  -1.60114380367945E+01,   5.27500000000000E+01,   4.09931777786895E+09,   4.54789590189978E+03
  1.90450000000000E+03,   7.32893003060877E+01,  -3.55750000000000E+00,  -1.60137896197582E+01,   5.29300000000000E+01,   3.69791791395410E+09,   4.21463810013868E+03
  1.90458333300000E+03,   8.53565731110835E+01,  -3.70750000000000E+00,  -1.60156313469443E+01,   5.31100000000000E+01,   4.96443749957773E+09,   8.13865972143467E+03
  1.90466666700000E+03,   1.09557742555774E+02,  -4.11500000000000E+00,  -1.29275945057858E+01,   5.32900000000000E+01,   5.51350917837344E+09,   8.55629955806769E+03
  1.90475000000000E+03,   1.24085329028440E+02,  -3.47250000000000E+00,  -1.28855362582584E+01,   5.34700000000000E+01,   7.00661092861211E+09,   8.89423017245289E+03
  1.90483333300000E+03,   1.28051116465894E+02,  -2.23500000000000E+00,  -1.28433718121244E+01,   5.36500000000000E+01,   6.70185852330957E+09,   7.88401624717861E+03
  1.90491666700000E+03,   1.31686718391733E+02,  -1.76000000000000E+00,  -1.28011053597295E+01,   5.38300000000000E+01,   9.25826475131973E+09,   8.62328301750952E+03
  1.90500000000000E+03,   1.34657142266658E+02,  -1.89750000000000E+00,  -1.27587410841248E+01,   5.40100000000000E+01,   1.54882989423504E+10,   3.86387160293795E+03
  1.90508333300000E+03,   1.36804687508529E+02,  -2.30750000000000E+00,  -1.27162831584862E+01,   5.41900000000000E+01,   1.50790125470406E+10,   2.05691358111445E+03
  1.90516666700000E+03,   1.38137317419154E+02,  -2.62000000000000E+00,  -1.26737357455371E+01,   5.43700000000000E+01,   1.25992722440156E+10,   1.61712198448740E+03
  1.90525000000000E+03,   1.38722931494596E+02,  -1.85500000000000E+00,  -1.26311029969734E+01,   5.45500000000000E+01,   1.25572383653246E+10,   1.80954284228040E+03
  1.90533333300000E+03,   1.38607527608225E+02,  -1.11500000000000E+00,  -1.25883890528910E+01,   5.47300000000000E+01,   1.08688897330469E+10,   2.43916307959110E+03
  1.90541666700000E+03,   1.37834280564185E+02,  -1.09250000000000E+00,  -1.25455980412165E+01,   5.49100000000000E+01,   3.03336995455859E+09,   3.49396705954513E+03
  1.90550000000000E+03,   1.36525509166831E+02,  -9.95000000000000E-01,  -1.25027340771405E+01,   5.50900000000000E+01,   7.23584768814375E+09,   3.99683784415284E+03
  1.90558333300000E+03,   1.26388376626729E+02,  -1.67500000000000E+00,  -1.24598012625542E+01,   5.52700000000000E+01,   9.00744442324336E+09,   7.88230661131209E+03
  1.90566666700000E+03,   1.08226781695855E+02,  -2.70500000000000E+00,  -1.70352075915394E+01,   5.54500000000000E+01,   8.35940532803359E+09,   8.98657433475321E+03
  1.90575000000000E+03,   9.96063717750398E+01,  -2.76000000000000E+00,  -1.69919653959244E+01,   5.56300000000000E+01,   9.26865944566055E+09,   1.11415213260409E+04
  1.90583333300000E+03,   9.96563945973646E+01,  -2.52250000000000E+00,  -1.69486394496622E+01,   5.58100000000000E+01,   1.01049814393266E+10,   9.70214164049979E+03
  1.90591666700000E+03,   9.91708927169867E+01,  -2.01500000000000E+00,  -1.69052340620108E+01,   5.59900000000000E+01,   7.86675237960820E+09,   9.56928151725642E+03
  1.90600000000000E+03,   9.82749749835978E+01,  -9.95000000000000E-01,  -1.68617535287663E+01,   5.61700000000000E+01,   7.64785584236660E+09,   1.12790206287052E+04
  1.90608333300000E+03,   9.71711969062623E+01,  -4.17500000000000E-01,  -1.68182021316575E+01,   5.63500000000000E+01,   7.88791403955488E+09,   1.59637901405551E+04
  1.90616666700000E+03,   9.60764025151405E+01,  -4.00000000000000E-01,  -1.67745841377438E+01,   5.65300000000000E+01,   5.98315721531094E+09,   1.49391605268470E+04
  1.90625000000000E+03,   9.51108021255914E+01,  -6.97500000000000E-01,  -1.67309037988164E+01,   5.67100000000000E+01,   7.06856503788105E+09,   1.57960595839864E+04
  1.90633333300000E+03,   9.42535759228269E+01,  -8.35000000000000E-01,  -1.66871653508034E+01,   5.68900000000000E+01,   7.43687063442656E+09,   1.54902367948049E+04
  1.90641666700000E+03,   9.34253156505164E+01,  -3.25000000000000E-01,  -1.66433730131780E+01,   5.70700000000000E+01,   1.30925775133592E+10,   9.74490228132336E+03
  1.90650000000000E+03,   9.26352072257790E+01,  -1.25000000000000E-01,  -1.65995309883709E+01,   5.72500000000000E+01,   1.97918487690727E+10,   8.71786887829322E+03
  1.90658333300000E+03,   1.06528634257524E+02,  -5.87500000000000E-01,  -1.65556434611860E+01,   5.74300000000000E+01,   2.10535650243975E+10,   1.28300622868702E+04
  1.90666666700000E+03,   1.35455773043251E+02,  -1.06250000000000E+00,  -6.91567094945626E+00,   5.76100000000000E+01,   2.23657799055039E+10,   1.27640346749760E+04
  1.90675000000000E+03,   1.50594798351431E+02,  -1.00000000000000E+00,  -6.88769520345722E+00,   5.77900000000000E+01,   2.52502260403877E+10,   1.50033794238716E+04
  1.90683333300000E+03,   1.51574421219800E+02,  -9.57500000000000E-01,  -6.85965828823331E+00,   5.79700000000000E+01,   1.79825282810695E+10,   1.60223197485765E+04
  1.90691666700000E+03,   1.52552334168542E+02,  -1.59000000000000E+00,  -6.83156247515816E+00,   5.81500000000000E+01,   1.37728149516498E+10,   1.33227819942102E+04
  1.90700000000000E+03,   1.53492800335427E+02,  -2.31750000000000E+00,  -6.80341007116660E+00,   5.83300000000000E+01,   1.52793902588100E+10,   7.19448349672966E+03
  1.90708333300000E+03,   1.54467565490437E+02,  -2.79750000000000E+00,  -6.77520341844295E+00,   5.85100000000000E+01,   1.23521419307656E+10,   6.57992766721873E+03
  1.90716666700000E+03,   1.55608516620928E+02,  -2.50250000000000E+00,  -6.74694489410274E+00,   5.86900000000000E+01,   9.28673433975332E+09,   5.03447790763415E+03
  1.90725000000000E+03,   1.56991055234340E+02,  -1.77250000000000E+00,  -6.71863690986787E+00,   5.88700000000000E+01,   1.16336773563691E+10,   5.73949160397751E+03
  1.90733333300000E+03,   1.58566615424743E+02,  -1.74250000000000E+00,  -6.69028191173531E+00,   5.90500000000000E+01,   1.03157585275547E+10,   4.18229027496781E+03
  1.90741666700000E+03,   1.60214961264654E+02,  -2.30500000000000E+00,  -6.66188237963949E+00,   5.92300000000000E+01,   9.30704791081465E+09,   3.92757756996956E+03
  1.90750000000000E+03,   1.61867145078774E+02,  -2.78750000000000E+00,  -6.63344082710817E+00,   5.94100000000000E+01,   8.81988712769863E+09,   5.37461484846184E+03
  1.90758333300000E+03,   1.49434681963900E+02,  -2.68250000000000E+00,  -6.60495980091207E+00,   5.95900000000000E+01,   6.77014950865000E+09,   6.01030239501055E+03
  1.90766666700000E+03,   1.22791983130023E+02,  -2.18750000000000E+00,  -1.58135184345261E+01,   5.97700000000000E+01,   8.61778460711953E+09,   4.93724123443505E+03
  1.90775000000000E+03,   1.10037585051936E+02,  -2.07250000000000E+00,  -1.57993088879734E+01,   5.99500000000000E+01,   8.28428437250371E+09,   6.93321619320577E+03
  1.90783333300000E+03,   1.11358461580930E+02,  -2.12250000000000E+00,  -1.57846436794370E+01,   6.01300000000000E+01,   6.78207019830645E+09,   6.99891679659011E+03
  1.90791666700000E+03,   1.12737496277370E+02,  -2.06250000000000E+00,  -1.57695252433911E+01,   6.03100000000000E+01,   6.88595874466328E+09,   5.41460557470089E+03
  1.90800000000000E+03,   1.14093502549918E+02,  -2.18000000000000E+00,  -1.57539560578887E+01,   6.04900000000000E+01,   6.04979493599824E+09,   4.44220039309384E+03
  1.90808333300000E+03,   1.15445453334960E+02,  -2.30750000000000E+00,  -1.57379386441435E+01,   6.06700000000000E+01,   1.98913182168770E+09,   4.07332446496971E+03
  1.90816666700000E+03,   1.16871133307236E+02,  -2.27250000000000E+00,  -1.57214755661049E+01,   6.08500000000000E+01,   1.46160421176797E+09,   1.25407005946217E+03
  1.90825000000000E+03,   1.18396602910603E+02,  -2.02250000000000E+00,  -1.57045694300291E+01,   6.10300000000000E+01,   1.78973577204668E+09,   9.26557731168717E+02
  1.90833333300000E+03,   1.19934153849940E+02,  -1.46500000000000E+00,  -1.56872228840438E+01,   6.12100000000000E+01,   1.74395710965645E+09,   1.22374657331659E+03
  1.90841666700000E+03,   1.21338738466188E+02,  -6.32500000000000E-01,  -1.56694386177074E+01,   6.13900000000000E+01,   3.93828646023281E+09,   1.40061532042585E+03
  1.90850000000000E+03,   1.22533294579495E+02,   1.25000000000000E-02,  -1.56512193615633E+01,   6.15700000000000E+01,   1.12486748078453E+10,   3.69676149565568E+03
  1.90858333300000E+03,   1.40133968298859E+02,  -9.00000000000000E-02,  -1.56325678866886E+01,   6.17500000000000E+01,   1.17950050417990E+10,   4.40388971966188E+03
  1.90866666700000E+03,   1.75089803858961E+02,  -6.92500000000000E-01,  -8.06596138883868E+00,   6.19300000000000E+01,   1.25526190143309E+10,   5.78045866507534E+03
  1.90875000000000E+03,   1.95176085838238E+02,  -1.18250000000000E+00,  -8.12056353425557E+00,   6.21100000000000E+01,   1.30407824459049E+10,   6.60973486539060E+03
  1.90883333300000E+03,   1.99443548044987E+02,  -1.35000000000000E+00,  -8.17533694801567E+00,   6.22900000000000E+01,   1.39833242198824E+10,   7.01385696390904E+03
  1.90891666700000E+03,   2.03245878727022E+02,  -1.22500000000000E+00,  -8.23027676797234E+00,   6.24700000000000E+01,   1.49244371368240E+10,   4.80794114231365E+03
  1.90900000000000E+03,   2.06109855596365E+02,  -1.15500000000000E+00,  -8.28537810745154E+00,   6.26500000000000E+01,   1.46600543288502E+10,   4.73942663633348E+03
  1.90908333300000E+03,   2.07695542095838E+02,  -1.20250000000000E+00,  -8.34063605584668E+00,   6.28300000000000E+01,   1.34195343934824E+10,   3.41760339652579E+03
  1.90916666700000E+03,   2.07898334134593E+02,  -1.21000000000000E+00,  -8.39604567921721E+00,   6.30100000000000E+01,   1.28341658244176E+10,   2.70918289116481E+03
  1.90925000000000E+03,   2.06847316694497E+02,  -9.87500000000000E-01,  -8.45160202089071E+00,   6.31900000000000E+01,   1.19788830643303E+10,   2.82079439996146E+03
  1.90933333300000E+03,   2.04857163939376E+02,  -7.00000000000000E-01,  -8.50730010206849E+00,   6.33700000000000E+01,   4.79727231040488E+09,   6.64033796254862E+03
  1.90941666700000E+03,   2.02381908452442E+02,  -1.05000000000000E+00,  -8.56313492243448E+00,   6.35500000000000E+01,   4.05172065493828E+09,   6.98775100344596E+03
  1.90950000000000E+03,   1.99953151073308E+02,  -1.33500000000000E+00,  -8.61910146076759E+00,   6.37300000000000E+01,   4.60208960393145E+09,   7.66759299792685E+03
  1.90958333300000E+03,   1.81682870046020E+02,  -1.09000000000000E+00,  -8.67519467555698E+00,   6.39100000000000E+01,   7.36166397824766E+09,   7.22852026866991E+03
  1.90966666700000E+03,   1.48552179482963E+02,  -1.13000000000000E+00,  -1.65311236816338E+01,   6.40900000000000E+01,   5.71232558023711E+09,   7.57776984923976E+03
  1.90975000000000E+03,   1.34043000275205E+02,  -1.74250000000000E+00,  -1.65864049176323E+01,   6.42700000000000E+01,   7.59053692574434E+09,   3.47994364794223E+03
  1.90983333300000E+03,   1.37297669184962E+02,  -2.39250000000000E+00,  -1.66418909374182E+01,   6.44500000000000E+01,   9.14487931996601E+09,   3.19586129141655E+03
  1.90991666700000E+03,   1.40965851236164E+02,  -2.64000000000000E+00,  -1.66975765808551E+01,   6.46300000000000E+01,   9.16131613788457E+09,   4.93398176740436E+03
  1.91000000000000E+03,   1.44815629643696E+02,  -2.72500000000000E+00,  -1.67534566573126E+01,   6.48100000000000E+01,   7.50440916608965E+09,   5.65138285427168E+03
  1.91008333300000E+03,   1.48749172557338E+02,  -2.65250000000000E+00,  -1.68095259463308E+01,   6.49900000000000E+01,   8.00284844501230E+09,   8.03753843508530E+03
  1.91016666700000E+03,   1.52684831687336E+02,  -2.68250000000000E+00,  -1.68657791982893E+01,   6.51700000000000E+01,   1.20941600925791E+10,   1.04656962048152E+04
  1.91025000000000E+03,   1.56376015493884E+02,  -3.03250000000000E+00,  -1.69222111350819E+01,   6.53500000000000E+01,   1.18186616137521E+10,   9.80255357018821E+03
  1.91033333300000E+03,   1.59344299719176E+02,  -3.36250000000000E+00,  -1.69788164507941E+01,   6.55300000000000E+01,   1.22959108027871E+10,   7.43265682540210E+03
  1.91041666700000E+03,   1.61023487554145E+02,  -3.36000000000000E+00,  -1.70355898123873E+01,   6.57100000000000E+01,   1.34577788397219E+10,   8.10445785953617E+03
  1.91050000000000E+03,   1.61038963489349E+02,  -2.97500000000000E+00,  -1.70925258603850E+01,   6.58900000000000E+01,   1.26642944585891E+10,   4.29322873113016E+03
  1.91058333300000E+03,   1.66595440285391E+02,  -2.26250000000000E+00,  -1.71496192095654E+01,   6.60700000000000E+01,   7.90534578485879E+09,   4.54014189468632E+03
  1.91066666700000E+03,   1.78906037033005E+02,  -1.63250000000000E+00,  -1.31846679751307E+01,   6.62500000000000E+01,   8.85547058238203E+09,   5.66438802915392E+03
  1.91075000000000E+03,   1.84976761005962E+02,  -1.39000000000000E+00,  -1.32419937653058E+01,   6.64300000000000E+01,   1.37277693505896E+10,   5.89760048409663E+03
  1.91083333300000E+03,   1.84369269586544E+02,  -1.45000000000000E+00,  -1.32994253277353E+01,   6.66100000000000E+01,   1.17482151278227E+10,   5.75948258586135E+03
  1.91091666700000E+03,   1.83569956436099E+02,  -2.01750000000000E+00,  -1.33569572928638E+01,   6.67900000000000E+01,   1.18124978637053E+10,   6.76779121131431E+03
  1.91100000000000E+03,   1.82758428178809E+02,  -2.48250000000000E+00,  -1.34145842740973E+01,   6.69700000000000E+01,   9.53371998357598E+09,   4.69740229984736E+03
  1.91108333300000E+03,   1.82295398809449E+02,  -2.64750000000000E+00,  -1.34723008684872E+01,   6.71500000000000E+01,   1.65210500753848E+10,   3.66693330881158E+03
  1.91116666700000E+03,   1.82500919671688E+02,  -2.95250000000000E+00,  -1.35301016574168E+01,   6.73300000000000E+01,   1.19169368770031E+10,   3.45390912886355E+03
  1.91125000000000E+03,   1.83422460520649E+02,  -3.21000000000000E+00,  -1.35879812072908E+01,   6.75100000000000E+01,   1.17038319419355E+10,   4.40279828559691E+03
  1.91133333300000E+03,   1.84769541365757E+02,  -3.09750000000000E+00,  -1.36459340702263E+01,   6.76900000000000E+01,   1.13512993202301E+10,   4.74364411644293E+03
  1.91141666700000E+03,   1.86078875215590E+02,  -2.45500000000000E+00,  -1.37039547847468E+01,   6.78700000000000E+01,   1.15318659721922E+10,   4.58445938323271E+03
  1.91150000000000E+03,   1.86994872869500E+02,  -1.58250000000000E+00,  -1.37620378764783E+01,   6.80500000000000E+01,   2.63998301656699E+09,   4.91957024617065E+03
  1.91158333300000E+03,   1.96338871742333E+02,  -1.02750000000000E+00,  -1.38201778588476E+01,   6.82300000000000E+01,   1.64342070838418E+09,   6.00494678446436E+03
  1.91166666700000E+03,   2.14277436710315E+02,  -1.02500000000000E+00,  -7.89248298596864E+00,   6.84100000000000E+01,   3.48827427652656E+09,   1.00722145591433E+04
  1.91175000000000E+03,   2.23293321510740E+02,  -1.42500000000000E+00,  -7.86802874898834E+00,   6.85900000000000E+01,   3.99075842569141E+09,   8.70992674618959E+03
  1.91183333300000E+03,   2.23579967558638E+02,  -1.85250000000000E+00,  -7.84345645480559E+00,   6.87700000000000E+01,   4.38644561251191E+09,   9.53157031631386E+03
  1.91191666700000E+03,   2.24030738934683E+02,  -2.01500000000000E+00,  -7.81876690006445E+00,   6.89500000000000E+01,   4.05572818389844E+09,   1.25474679244197E+04
  1.91200000000000E+03,   2.24595479209512E+02,  -2.25000000000000E+00,  -7.79396092354393E+00,   6.91300000000000E+01,   4.42163880628398E+09,   1.16620041260502E+04
  1.91208333300000E+03,   2.25323116589923E+02,  -2.42500000000000E+00,  -7.76903940611411E+00,   6.93100000000000E+01,   5.24591620382637E+09,   5.33329504321571E+03
  1.91216666700000E+03,   2.26317288923514E+02,  -2.15000000000000E+00,  -7.74400327068473E+00,   6.94900000000000E+01,   5.34464676648516E+09,   5.42690017475821E+03
  1.91225000000000E+03,   2.27622658470642E+02,  -1.66250000000000E+00,  -7.71885348214614E+00,   6.96700000000000E+01,   4.70401589056758E+09,   4.14098827508874E+03
  1.91233333300000E+03,   2.29159930318417E+02,  -1.36000000000000E+00,  -7.69359104730264E+00,   6.98500000000000E+01,   6.05578937496406E+09,   1.47075050882464E+03
  1.91241666700000E+03,   2.30779887901677E+02,  -1.67000000000000E+00,  -7.66821701479841E+00,   7.00300000000000E+01,   6.02248990262969E+09,   2.53646737876330E+03
  1.91250000000000E+03,   2.32387185815479E+02,  -2.63750000000000E+00,  -7.64273247503575E+00,   7.02100000000000E+01,   3.83149032501797E+09,   3.04720309916753E+03
  1.91258333300000E+03,   2.04018804025886E+02,  -3.22000000000000E+00,  -7.61713856008581E+00,   7.03900000000000E+01,   4.62813616451270E+09,   3.67288917290680E+03
  1.91266666700000E+03,   1.45589282497720E+02,  -2.82750000000000E+00,  -2.03748877941745E+01,   7.05700000000000E+01,   6.00758227704922E+09,   5.74957785406290E+03
  1.91275000000000E+03,   1.16954836820366E+02,  -2.41000000000000E+00,  -2.03731292359525E+01,   7.07500000000000E+01,   5.01937533235352E+09,   5.29985521808779E+03
  1.91283333300000E+03,   1.18256238045862E+02,  -2.31750000000000E+00,  -2.03708538800240E+01,   7.09300000000000E+01,   4.35530887263926E+09,   5.90916181152612E+03
  1.91291666700000E+03,   1.19577112414604E+02,  -2.49000000000000E+00,  -2.03680629606646E+01,   7.11100000000000E+01,   3.91677841582227E+09,   8.06046608248632E+03
  1.91300000000000E+03,   1.20841998150482E+02,  -2.64250000000000E+00,  -2.03647577674677E+01,   7.12900000000000E+01,   3.52356720913516E+09,   7.75752062294353E+03
  1.91308333300000E+03,   1.22077082033802E+02,  -2.38000000000000E+00,  -2.03609396450730E+01,   7.14700000000000E+01,   3.71714401532539E+09,   6.08779381301980E+03
  1.91316666700000E+03,   1.23368592031022E+02,  -2.74750000000000E+00,  -2.03566099928876E+01,   7.16500000000000E+01,   3.82113189425977E+09,   6.35928843058012E+03
  1.91325000000000E+03,   1.24751861937516E+02,  -3.88000000000000E+00,  -2.03517702647987E+01,   7.18300000000000E+01,   4.65391539104922E+09,   4.43256473043617E+03
  1.91333333300000E+03,   1.26148756194685E+02,  -4.75500000000000E+00,  -2.03464219688796E+01,   7.20100000000000E+01,   6.39154353474980E+09,   1.82529278451949E+03
  1.91341666700000E+03,   1.27423442449920E+02,  -5.04500000000000E+00,  -2.03405666670875E+01,   7.21900000000000E+01,   8.00756417658145E+09,   7.81629665180482E+03
  1.91350000000000E+03,   1.28506970919006E+02,  -4.69000000000000E+00,  -2.03342059749537E+01,   7.23700000000000E+01,   8.78444430808418E+09,   7.50902282283921E+03
  1.91358333300000E+03,   7.91504158927520E+01,  -4.33500000000000E+00,  -2.03273415612676E+01,   7.25500000000000E+01,   8.95388458470859E+09,   6.94511687085219E+03
  1.91366666700000E+03,  -2.03867935933193E+01,  -4.18000000000000E+00,  -3.00318598524064E+01,   7.27300000000000E+01,   8.53881630131992E+09,   8.69318802887891E+03
  1.91375000000000E+03,  -6.95784612820736E+01,  -4.12000000000000E+00,  -3.00865407282208E+01,   7.29100000000000E+01,   1.09490593756150E+10,   8.73645987891965E+03
  1.91383333300000E+03,  -6.92360951590644E+01,  -4.05000000000000E+00,  -3.01409453492215E+01,   7.30900000000000E+01,   1.03128344360287E+10,   3.05815897087082E+03
  1.91391666700000E+03,  -7.02533568350632E+01,  -3.32750000000000E+00,  -3.01950680785748E+01,   7.32700000000000E+01,   8.32956410181270E+09,   3.63978759230673E+03
  1.91400000000000E+03,  -7.25656094934841E+01,  -2.72750000000000E+00,  -3.02489033137219E+01,   7.34500000000000E+01,   1.22240228074982E+10,   3.60010907237921E+03
  1.91408333300000E+03,  -7.57502328155108E+01,  -3.16750000000000E+00,  -3.03024454871510E+01,   7.36300000000000E+01,   1.53589916826656E+10,   2.86186215639468E+03
  1.91416666700000E+03,  -7.91759093419945E+01,  -3.78750000000000E+00,  -3.03556890671652E+01,   7.38100000000000E+01,   1.10618870997988E+10,   4.88525557902679E+03
  1.91425000000000E+03,  -8.22752410135416E+01,  -3.59250000000000E+00,  -3.04086285586437E+01,   7.39900000000000E+01,   9.53551031774551E+09,   5.86221094402485E+03
  1.91433333300000E+03,  -8.47601469197416E+01,  -3.21750000000000E+00,  -3.04612585037979E+01,   7.41700000000000E+01,   1.24776003564441E+10,   6.31094344175998E+03
  1.91441666700000E+03,  -8.66522845362146E+01,  -3.62250000000000E+00,  -3.05135734829211E+01,   7.43500000000000E+01,   8.06414380922422E+09,   7.02728658376392E+03
  1.91450000000000E+03,  -8.81495336610670E+01,  -4.02750000000000E+00,  -3.05655681151328E+01,   7.45300000000000E+01,   4.60275740857480E+09,   7.10375414487533E+03
  1.91458333300000E+03,  -4.29178458572340E+01,  -3.40250000000000E+00,  -3.06172370591161E+01,   7.47100000000000E+01,   7.89101039191484E+09,   5.67852512895130E+03
  1.91466666700000E+03,   4.97629799775634E+01,  -2.15500000000000E+00,  -2.36295406193599E+01,   7.48900000000000E+01,   8.91594495984863E+09,   4.86518211049940E+03
  1.91475000000000E+03,   9.76290218019898E+01,  -1.50500000000000E+00,  -2.36109507190177E+01,   7.50700000000000E+01,   6.26965228702637E+09,   7.70389099635370E+03
  1.91483333300000E+03,   9.98236574096329E+01,  -1.78000000000000E+00,  -2.35924797142217E+01,   7.52500000000000E+01,   6.60235165213574E+09,   7.28655285709836E+03
  1.91491666700000E+03,   1.01953923882423E+02,  -1.92500000000000E+00,  -2.35741249287216E+01,   7.54300000000000E+01,   6.73737442516484E+09,   6.15532643064596E+03
  1.91500000000000E+03,   1.03931534097187E+02,  -1.50750000000000E+00,  -2.35558836690928E+01,   7.56100000000000E+01,   4.98108982088652E+09,   6.17147902076039E+03
  1.91508333300000E+03,   1.05770576825960E+02,  -9.17500000000000E-01,  -2.35377532254207E+01,   7.57900000000000E+01,   4.93936862317383E+09,   6.37557374486942E+03
  1.91516666700000E+03,   1.07546527277277E+02,  -1.85000000000000E-01,  -2.35197308719871E+01,   7.59700000000000E+01,   4.58910024485352E+09,   3.01674680907503E+03
  1.91525000000000E+03,   1.09285875771681E+02,   8.97500000000000E-01,  -2.35018138679597E+01,   7.61500000000000E+01,   4.75290722721055E+09,   4.28770230120420E+03
  1.91533333300000E+03,   1.10904035063610E+02,   2.16500000000000E+00,  -2.34839994580837E+01,   7.63300000000000E+01,   4.44436504183945E+09,   6.19134978809636E+03
  1.91541666700000E+03,   1.12261485566999E+02,   2.91000000000000E+00,  -2.34662848733755E+01,   7.65100000000000E+01,   4.57837827364414E+09,   7.53152611971088E+03
  1.91550000000000E+03,   1.13288603027374E+02,   2.84750000000000E+00,  -2.34486673318187E+01,   7.66900000000000E+01,   3.24427878751582E+09,   1.15698490543013E+04
  1.91558333300000E+03,   1.11764634794237E+02,   2.34250000000000E+00,  -2.34311440390621E+01,   7.68700000000000E+01,   7.06522287383359E+09,   1.21587578346247E+04
  1.91566666700000E+03,   1.08481334577284E+02,   1.58000000000000E+00,  -2.29953414221589E+01,   7.70500000000000E+01,   6.55356926825137E+09,   1.06561300432220E+04
  1.91575000000000E+03,   1.08815179674326E+02,   6.12500000000000E-01,  -2.29533128079520E+01,   7.72300000000000E+01,   1.08524852684664E+10,   9.54187148337550E+03
  1.91583333300000E+03,   1.12168265121788E+02,   6.00000000000000E-02,  -2.29114341567638E+01,   7.74100000000000E+01,   9.18113711014648E+09,   7.71310295875352E+03
  1.91591666700000E+03,   1.15460317741440E+02,  -6.75000000000000E-02,  -2.28697081115321E+01,   7.75900000000000E+01,   1.12818442202021E+10,   2.68994801201113E+03
  1.91600000000000E+03,   1.18540656533753E+02,  -4.25000000000000E-01,  -2.28281372681511E+01,   7.77700000000000E+01,   6.97933153727129E+09,   5.44559877278749E+03
  1.91608333300000E+03,   1.21429030098024E+02,  -8.35000000000000E-01,  -2.27867241751937E+01,   7.79500000000000E+01,   7.83421468167832E+09,   5.95135298725590E+03
  1.91616666700000E+03,   1.24251167123130E+02,  -1.01750000000000E+00,  -2.27454713336442E+01,   7.81300000000000E+01,   4.83970677368926E+09,   8.33001388689689E+03
  1.91625000000000E+03,   1.27096923044731E+02,  -7.82500000000000E-01,  -2.27043811966377E+01,   7.83100000000000E+01,   4.79803255725078E+09,   8.26028265152760E+03
  1.91633333300000E+03,   1.29928945805585E+02,  -1.32500000000000E-01,  -2.26634561692108E+01,   7.84900000000000E+01,   4.12906674030391E+09,   1.12335475552082E+04
  1.91641666700000E+03,   1.32620277506776E+02,  -2.50000000000000E-03,  -2.26226986080593E+01,   7.86700000000000E+01,   5.58224461381504E+09,   8.64241869704723E+03
  1.91650000000000E+03,   1.35075775258941E+02,  -3.52500000000000E-01,  -2.25821108213061E+01,   7.88500000000000E+01,   6.32662810362363E+09,   9.28686114331372E+03
  1.91658333300000E+03,   1.00604380374578E+02,  -2.87500000000000E-01,  -2.25416950682778E+01,   7.90300000000000E+01,   5.28120562239629E+09,   6.37294335712921E+03
  1.91666666700000E+03,   2.88855842054420E+01,  -2.57500000000000E-01,  -2.84828789325763E+01,   7.92100000000000E+01,   6.25302336806660E+09,   6.77529226676375E+03
  1.91675000000000E+03,  -6.91513014703828E+00,  -9.95000000000000E-01,  -2.85085305011359E+01,   7.93900000000000E+01,   4.81821352716543E+09,   3.85642653393392E+03
  1.91683333300000E+03,  -6.22911986548119E+00,  -1.91750000000000E+00,  -2.85336508378621E+01,   7.95700000000000E+01,   3.49341684400957E+09,   3.45822746794689E+03
  1.91691666700000E+03,  -5.38065186264897E+00,  -2.38500000000000E+00,  -2.85582380262072E+01,   7.97500000000000E+01,   3.60641051874355E+09,   2.55730163201485E+03
  1.91700000000000E+03,  -4.47598482276815E+00,  -2.87500000000000E+00,  -2.85822902147341E+01,   7.99300000000000E+01,   3.36540870944336E+09,   3.26081578899231E+03
  1.91708333300000E+03,  -3.52092524941202E+00,  -3.50000000000000E+00,  -2.86058056172946E+01,   8.01100000000000E+01,   3.19122451125020E+09,   3.06502808550838E+03
  1.91716666700000E+03,  -2.45958147829583E+00,  -3.66000000000000E+00,  -2.86287825131986E+01,   8.02900000000000E+01,   4.02835281083340E+09,   3.73547979231756E+03
  1.91725000000000E+03,  -1.28303061510427E+00,  -3.17750000000000E+00,  -2.86512192473726E+01,   8.04700000000000E+01,   3.90691028266094E+09,   3.66718426733650E+03
  1.91733333300000E+03,  -9.03593087161235E-02,  -2.42000000000000E+00,  -2.86731142305086E+01,   8.06500000000000E+01,   3.54219077076875E+09,   3.77365537214186E+03
  1.91741666700000E+03,   9.67861370469525E-01,  -1.92500000000000E+00,  -2.86944659392028E+01,   8.08300000000000E+01,   4.94065550989238E+09,   4.12728826578483E+03
  1.91750000000000E+03,   1.81418698162162E+00,  -1.91500000000000E+00,  -2.87152729160843E+01,   8.10100000000000E+01,   4.15678237671406E+09,   4.39235389184914E+03
  1.91758333300000E+03,   2.89496756957792E+01,  -2.19750000000000E+00,  -2.87355337699337E+01,   8.11900000000000E+01,   4.29670770975215E+09,   3.81384783797190E+03
  1.91766666700000E+03,   8.27323843786113E+01,  -2.75250000000000E+00,  -2.56618878563464E+01,   8.13700000000000E+01,   4.38173613043613E+09,   3.16606362400949E+03
  1.91775000000000E+03,   1.10606182915380E+02,  -3.21750000000000E+00,  -2.56732254794102E+01,   8.15500000000000E+01,   3.60410977522930E+09,   3.33758203843590E+03
  1.91783333300000E+03,   1.12346038857407E+02,  -3.10500000000000E+00,  -2.56850807216856E+01,   8.17300000000000E+01,   3.03430796960449E+09,   2.11386773407795E+03
  1.91791666700000E+03,   1.14069750207914E+02,  -2.35500000000000E+00,  -2.56974544011834E+01,   8.19100000000000E+01,   3.18333607521309E+09,   2.06807965849601E+03
  1.91800000000000E+03,   1.15690071879767E+02,  -1.60000000000000E+00,  -2.57103472682895E+01,   8.20900000000000E+01,   4.71838194987969E+09,   1.87420768685006E+03
  1.91808333300000E+03,   1.17220155976372E+02,  -1.43000000000000E+00,  -2.57237600054621E+01,   8.22700000000000E+01,   7.99961491687227E+09,   1.83490031036250E+03
  1.91816666700000E+03,   1.18732078022428E+02,  -1.48000000000000E+00,  -2.57376932269405E+01,   8.24500000000000E+01,   8.05587285971367E+09,   1.45443156651631E+03
  1.91825000000000E+03,   1.20246136765098E+02,  -1.79500000000000E+00,  -2.57521474784651E+01,   8.26300000000000E+01,   8.08577762254512E+09,   2.66414535541404E+03
  1.91833333300000E+03,   1.21668637529461E+02,  -2.70000000000000E+00,  -2.57671232370083E+01,   8.28100000000000E+01,   8.09818707685137E+09,   2.21987062368132E+03
  1.91841666700000E+03,   1.22848146956690E+02,  -3.62000000000000E+00,  -2.57826209105168E+01,   8.29900000000000E+01,   5.65227585527871E+09,   3.53466483058631E+03
  1.91850000000000E+03,   1.23700687843379E+02,  -3.87000000000000E+00,  -2.57986408376659E+01,   8.31700000000000E+01,   3.46576532285703E+09,   3.90935066273641E+03
  1.91858333300000E+03,   1.43732377376364E+02,  -3.79500000000000E+00,  -2.58151832876237E+01,   8.33500000000000E+01,   2.66578132899609E+09,   4.45750799573436E+03
  1.91866666700000E+03,   1.83700363412707E+02,  -3.45750000000000E+00,  -2.17134075852424E+01,   8.35300000000000E+01,   4.85577889260312E+09,   3.40055879662670E+03
  1.91875000000000E+03,   2.05482214913369E+02,  -2.96000000000000E+00,  -2.16938165367600E+01,   8.37100000000000E+01,   5.64207218707598E+09,   4.13040659970846E+03
  1.91883333300000E+03,   2.08562180446352E+02,  -2.71000000000000E+00,  -2.16745310938929E+01,   8.38900000000000E+01,   5.63821983607617E+09,   3.32527544320133E+03
  1.91891666700000E+03,   2.11718377684055E+02,  -2.44250000000000E+00,  -2.16555553563729E+01,   8.40700000000000E+01,   4.84971005756094E+09,   3.00671632872894E+03
  1.91900000000000E+03,   2.14853590391990E+02,  -1.84750000000000E+00,  -2.16368934023429E+01,   8.42500000000000E+01,   7.96055246472715E+09,   2.31248192502074E+03
  1.91908333300000E+03,   2.17970566692627E+02,  -1.35250000000000E+00,  -2.16185492875723E+01,   8.44300000000000E+01,   7.48369571694551E+09,   2.97823700847961E+03
  1.91916666700000E+03,   2.21131608723517E+02,  -1.26250000000000E+00,  -2.16005270446744E+01,   8.46100000000000E+01,   8.72437894362266E+09,   3.53921933378875E+03
  1.91925000000000E+03,   2.24348724224889E+02,  -1.18500000000000E+00,  -2.15828306823275E+01,   8.47900000000000E+01,   1.14127817183889E+10,   4.14099222361371E+03
  1.91933333300000E+03,   2.27521979524342E+02,  -1.53250000000000E+00,  -2.15654641844984E+01,   8.49700000000000E+01,   1.12104700792344E+10,   4.56925641122200E+03
  1.91941666700000E+03,   2.30495992657192E+02,  -2.24500000000000E+00,  -2.15484315096689E+01,   8.51500000000000E+01,   1.37997923066350E+10,   5.14285808996651E+03
  1.91950000000000E+03,   2.33185016720988E+02,  -2.46000000000000E+00,  -2.15317365900650E+01,   8.53300000000000E+01,   1.33446904803629E+10,   5.13900087341405E+03
  1.91958333300000E+03,   2.02833988412568E+02,  -2.15250000000000E+00,  -2.15153833308908E+01,   8.55100000000000E+01,   1.35113589933469E+10,   4.93440546578504E+03
  1.91966666700000E+03,   1.39873053055213E+02,  -1.80500000000000E+00,  -2.64059184196299E+01,   8.56900000000000E+01,   1.56221129691904E+10,   3.91802370525729E+03
  1.91975000000000E+03,   1.10309067590067E+02,  -1.77250000000000E+00,  -2.63675247325717E+01,   8.58700000000000E+01,   1.59939043129492E+10,   7.88593296920955E+03
  1.91983333300000E+03,   1.13824346442553E+02,  -2.23000000000000E+00,  -2.63293359986018E+01,   8.60500000000000E+01,   1.15048955309068E+10,   7.68300451314803E+03
  1.91991666700000E+03,   1.17219010449956E+02,  -3.18500000000000E+00,  -2.62913537533950E+01,   8.62300000000000E+01,   9.71720113425957E+09,   7.98729654694777E+03
  1.92000000000000E+03,   1.20463474213389E+02,  -4.05250000000000E+00,  -2.62535794785732E+01,   8.64100000000000E+01,   7.46732458165820E+09,   7.76080244540703E+03
  1.92008333300000E+03,   1.23676559713655E+02,  -4.31250000000000E+00,  -2.62160146016415E+01,   8.65900000000000E+01,   3.67573652750684E+09,   1.06281973516611E+04
  1.92016666700000E+03,   1.27062361569347E+02,  -4.11750000000000E+00,  -2.61786604959329E+01,   8.67700000000000E+01,   5.24289008686191E+09,   7.31570777657907E+03
  1.92025000000000E+03,   1.30771695889323E+02,  -3.44500000000000E+00,  -2.61415184805643E+01,   8.69500000000000E+01,   5.61813870847188E+09,   8.24316777687613E+03
  1.92033333300000E+03,   1.34811913979982E+02,  -2.81000000000000E+00,  -2.61045898204018E+01,   8.71300000000000E+01,   7.34485773448418E+09,   7.20445108074788E+03
  1.92041666700000E+03,   1.39080873784798E+02,  -2.73500000000000E+00,  -2.60678757260368E+01,   8.73100000000000E+01,   9.19919941960938E+09,   8.10533768201750E+03
  1.92050000000000E+03,   1.43479853266305E+02,  -2.85000000000000E+00,  -2.60313773537722E+01,   8.74900000000000E+01,   9.12391492804922E+09,   5.64532738610059E+03
  1.92058333300000E+03,   9.33629505259251E+01,  -2.90500000000000E+00,  -2.59950958056175E+01,   8.76700000000000E+01,   7.69630959329785E+09,   4.28732049198821E+03
  1.92066666700000E+03,  -1.20642630595445E+01,  -2.81500000000000E+00,  -3.34133141675039E+01,   8.78500000000000E+01,   6.55917855502734E+09,   4.22563994115200E+03
  1.92075000000000E+03,  -6.43549850671807E+01,  -3.10250000000000E+00,  -3.34063294273433E+01,   8.80300000000000E+01,   4.64187306673125E+09,   4.51358128514979E+03
  1.92083333300000E+03,  -6.27171614442832E+01,  -3.57000000000000E+00,  -3.33987985135548E+01,   8.82100000000000E+01,   4.33592046807695E+09,   2.95780424959045E+03
  1.92091666700000E+03,  -6.10461472768639E+01,  -3.31750000000000E+00,  -3.33907234186146E+01,   8.83900000000000E+01,   3.97001093573008E+09,   2.73450210101511E+03
  1.92100000000000E+03,  -5.94143712804408E+01,  -2.90250000000000E+00,  -3.33821061968459E+01,   8.85700000000000E+01,   4.50771000921836E+09,   3.18794190995470E+03
  1.92108333300000E+03,  -5.77921688707120E+01,  -2.90000000000000E+00,  -3.33729489639955E+01,   8.87500000000000E+01,   7.50496992469785E+09,   7.33451528830119E+03
  1.92116666700000E+03,  -5.60894597672648E+01,  -2.94500000000000E+00,  -3.33632538968008E+01,   8.89300000000000E+01,   7.47504259487422E+09,   7.66803562075365E+03
  1.92125000000000E+03,  -5.42667925314712E+01,  -2.75250000000000E+00,  -3.33530232325480E+01,   8.91100000000000E+01,   5.76711277279258E+09,   7.67524268876426E+03
  1.92133333300000E+03,  -5.23980629257643E+01,  -2.54500000000000E+00,  -3.33422592686209E+01,   8.92900000000000E+01,   5.14560360232910E+09,   1.08372072091263E+04
  1.92141666700000E+03,  -5.06149388411756E+01,  -2.14750000000000E+00,  -3.33309643620414E+01,   8.94700000000000E+01,   5.77194593570059E+09,   1.03501505198959E+04
  1.92150000000000E+03,  -4.89825233025427E+01,  -1.78750000000000E+00,  -3.33191409290001E+01,   8.96500000000000E+01,   3.24664649335137E+09,   1.00836116105545E+04
  1.92158333300000E+03,  -5.09049045890904E+01,  -2.07750000000000E+00,  -3.33067914443791E+01,   8.98300000000000E+01,   4.55480407717285E+09,   1.09457980007818E+04
  1.92166666700000E+03,  -5.63980839908196E+01,  -1.89000000000000E+00,  -3.38956380472428E+01,   9.00100000000000E+01,   5.38711714369824E+09,   1.12016601730864E+04
  1.92175000000000E+03,  -5.83355855004667E+01,  -1.50250000000000E+00,  -3.39532835821260E+01,   9.01900000000000E+01,   6.88941096184062E+09,   8.18373458921351E+03
  1.92183333300000E+03,  -5.61649099226169E+01,  -1.76000000000000E+00,  -3.40106979108312E+01,   9.03700000000000E+01,   5.10291708275605E+09,   8.32883526147455E+03
  1.92191666700000E+03,  -5.32732261013171E+01,  -1.78250000000000E+00,  -3.40678748844177E+01,   9.05500000000000E+01,   4.29571578397109E+09,   4.20518626968358E+03
  1.92200000000000E+03,  -4.99912592105073E+01,  -1.94250000000000E+00,  -3.41248083826817E+01,   9.07300000000000E+01,   2.82092044692871E+09,   4.41430892706104E+03
  1.92208333300000E+03,  -4.64804529541073E+01,  -2.58500000000000E+00,  -3.41814923150294E+01,   9.09100000000000E+01,   2.86944297175625E+09,   4.06533204463851E+03
  1.92216666700000E+03,  -4.27905986197517E+01,  -3.34500000000000E+00,  -3.42379206213447E+01,   9.10900000000000E+01,   3.15212701106523E+09,   3.92361620076224E+03
  1.92225000000000E+03,  -3.90468643841238E+01,  -3.70750000000000E+00,  -3.42940872728526E+01,   9.12700000000000E+01,   4.69067206787031E+09,   4.01132552448194E+03
  1.92233333300000E+03,  -3.55851530803478E+01,  -3.45250000000000E+00,  -3.43499862729776E+01,   9.14500000000000E+01,   8.67673783888359E+09,   7.93797205626257E+03
  1.92241666700000E+03,  -3.29057980971140E+01,  -3.40250000000000E+00,  -3.44056116581959E+01,   9.16300000000000E+01,   1.12305140231279E+10,   6.68512335018106E+03
  1.92250000000000E+03,  -3.14728475638338E+01,  -3.49500000000000E+00,  -3.44609574988845E+01,   9.18100000000000E+01,   1.43110579268502E+10,   8.68437158981636E+03
  1.92258333300000E+03,  -2.76710328224895E+01,  -3.41750000000000E+00,  -3.45160179001619E+01,   9.19900000000000E+01,   1.35774872708697E+10,   1.17495163421964E+04
  1.92266666700000E+03,  -2.00960834359669E+01,  -3.34000000000000E+00,  -3.29785141589580E+01,   9.21700000000000E+01,   1.36774958455676E+10,   1.21560195161579E+04
  1.92275000000000E+03,  -1.45237349270593E+01,  -3.24250000000000E+00,  -3.29322492575236E+01,   9.23500000000000E+01,   1.27035685463016E+10,   8.98606144375876E+03
  1.92283333300000E+03,  -1.14236085603844E+01,  -3.29500000000000E+00,  -3.28860423839121E+01,   9.25300000000000E+01,   1.21298761026119E+10,   9.04342518740892E+03
  1.92291666700000E+03,  -7.89240573130421E+00,  -3.42250000000000E+00,  -3.28398977083349E+01,   9.27100000000000E+01,   1.00594276928869E+10,   7.10668709447850E+03
  1.92300000000000E+03,  -3.93339207123420E+00,  -3.79500000000000E+00,  -3.27938193614753E+01,   9.28900000000000E+01,   9.56665641774082E+09,   4.65363556740377E+03
  1.92308333300000E+03,   4.53833695701756E-01,  -4.23500000000000E+00,  -3.27478114339032E+01,   9.30700000000000E+01,   9.07563968032852E+09,   4.87117165557444E+03
  1.92316666700000E+03,   5.24753072486128E+00,  -4.25750000000000E+00,  -3.27018779754992E+01,   9.32500000000000E+01,   8.21584340648125E+09,   3.21791937194858E+03
  1.92325000000000E+03,   1.03328100876789E+01,  -3.87250000000000E+00,  -3.26560229948860E+01,   9.34300000000000E+01,   6.37965381873535E+09,   3.97930692071561E+03
  1.92333333300000E+03,   1.54864151560774E+01,  -3.27500000000000E+00,  -3.26102504588692E+01,   9.36100000000000E+01,   5.03165047883750E+09,   5.42846248967703E+03
  1.92341666700000E+03,   2.04689409369270E+01,  -3.08750000000000E+00,  -3.25645642918872E+01,   9.37900000000000E+01,   4.83225138203750E+09,   6.78010088133570E+03
  1.92350000000000E+03,   2.51618348542463E+01,  -3.47000000000000E+00,  -3.25189683754688E+01,   9.39700000000000E+01,   4.44105793720918E+09,   5.97303564911541E+03
  1.92358333300000E+03,   4.86605996346172E+01,  -3.87000000000000E+00,  -3.24734665477006E+01,   9.41500000000000E+01,   2.82971367633887E+09,   7.29185658332761E+03
  1.92366666700000E+03,   9.08448537640942E+01,  -3.58750000000000E+00,  -2.99504312445450E+01,   9.43300000000000E+01,   3.09496656668926E+09,   6.24208364512883E+03
  1.92375000000000E+03,   1.13282061927273E+02,  -2.80000000000000E+00,  -3.00092510564243E+01,   9.45100000000000E+01,   3.16409719387949E+09,   5.22688323688786E+03
  1.92383333300000E+03,   1.15714518539279E+02,  -1.90500000000000E+00,  -3.00682580361166E+01,   9.46900000000000E+01,   3.03177875536797E+09,   3.09566437336393E+03
  1.92391666700000E+03,   1.16816060539781E+02,  -1.18500000000000E+00,  -3.01274461477692E+01,   9.48700000000000E+01,   7.40308605151055E+09,   3.78885799816176E+03
  1.92400000000000E+03,   1.16234788594295E+02,  -1.32250000000000E+00,  -3.01868093245460E+01,   9.50500000000000E+01,   7.92293318188301E+09,   2.94345307717137E+03
  1.92408333300000E+03,   1.14073983439412E+02,  -1.60250000000000E+00,  -3.02463414694777E+01,   9.52300000000000E+01,   8.55507524674629E+09,   5.53814584874976E+03
  1.92416666700000E+03,   1.10885304640762E+02,  -1.18000000000000E+00,  -3.03060364563164E+01,   9.54100000000000E+01,   1.91447473827967E+10,   5.19487024054266E+03
  1.92425000000000E+03,   1.07422246452793E+02,  -4.52500000000000E-01,  -3.03658881303963E+01,   9.55900000000000E+01,   1.88297678066293E+10,   5.90280509409588E+03
  1.92433333300000E+03,   1.04319260620976E+02,  -1.80000000000000E-01,  -3.04258903094990E+01,   9.57700000000000E+01,   1.74772696287721E+10,   9.67375012940634E+03
  1.92441666700000E+03,   1.01885011481405E+02,  -7.07500000000000E-01,  -3.04860367847231E+01,   9.59500000000000E+01,   1.72258204151402E+10,   9.38670266835317E+03
  1.92450000000000E+03,   1.00089115903432E+02,  -1.23500000000000E+00,  -3.05463213213597E+01,   9.61300000000000E+01,   1.98255309336383E+10,   9.53572902229186E+03
  1.92458333300000E+03,   7.63091065630124E+01,  -1.53000000000000E+00,  -3.06067376597713E+01,   9.63100000000000E+01,   1.33101638310283E+10,   9.41690122476909E+03
  1.92466666700000E+03,   3.15286541428594E+01,  -1.97250000000000E+00,  -3.42154705821313E+01,   9.64900000000000E+01,   1.52470373067754E+10,   8.63276803831328E+03
  1.92475000000000E+03,   1.16262340149738E+01,  -2.50000000000000E+00,  -3.42717421974579E+01,   9.66700000000000E+01,   1.48953497742531E+10,   4.28384206575658E+03
  1.92483333300000E+03,   1.52277407285825E+01,  -2.90750000000000E+00,  -3.43277485465261E+01,   9.68500000000000E+01,   1.39713826578168E+10,   4.68760364013761E+03
  1.92491666700000E+03,   1.83452327648543E+01,  -3.06000000000000E+00,  -3.43834836525428E+01,   9.70300000000000E+01,   1.18269138540598E+10,   3.11831985957790E+03
  1.92500000000000E+03,   2.05073835329120E+01,  -3.14500000000000E+00,  -3.44389415722773E+01,   9.72100000000000E+01,   7.48713328548203E+09,   3.20268353767656E+03
  1.92508333300000E+03,   2.13914255688654E+01,  -2.98750000000000E+00,  -3.44941163969065E+01,   9.73900000000000E+01,   7.89269651500293E+09,   3.08944324682504E+03
  1.92516666700000E+03,   2.09209025102152E+01,  -2.44250000000000E+00,  -3.45490022528534E+01,   9.75700000000000E+01,   4.89485947908984E+09,   3.01284794380274E+03
  1.92525000000000E+03,   1.92474776327825E+01,  -1.71250000000000E+00,  -3.46035933026202E+01,   9.77500000000000E+01,   5.49983030082246E+09,   2.94382561601922E+03
  1.92533333300000E+03,   1.66843701138445E+01,  -1.33500000000000E+00,  -3.46578837456155E+01,   9.79300000000000E+01,   7.93294945855645E+09,   4.25403921822626E+03
  1.92541666700000E+03,   1.36549708919500E+01,  -1.52750000000000E+00,  -3.47118678189760E+01,   9.81100000000000E+01,   1.05760239418455E+10,   5.94637333251312E+03
  1.92550000000000E+03,   1.06474033249942E+01,  -1.55000000000000E+00,  -3.47655397983812E+01,   9.82900000000000E+01,   9.46913812004414E+09,   5.97411995798070E+03
  1.92558333300000E+03,  -1.36322413745166E+01,  -1.34250000000000E+00,  -3.48188939988629E+01,   9.84700000000000E+01,   9.49004164461191E+09,   8.26463369420394E+03
  1.92566666700000E+03,  -5.81965726608301E+01,  -1.16750000000000E+00,  -3.76784559742501E+01,   9.86500000000000E+01,   1.07751348757969E+10,   8.79792403612826E+03
  1.92575000000000E+03,  -7.89184917263086E+01,  -1.18750000000000E+00,  -3.76659512620236E+01,   9.88300000000000E+01,   6.88985762067754E+09,   7.71077824863195E+03
  1.92583333300000E+03,  -7.68553701208404E+01,  -9.87500000000000E-01,  -3.76529086524901E+01,   9.90100000000000E+01,   4.49802378752188E+09,   6.52867573277839E+03
  1.92591666700000E+03,  -7.47160841636648E+01,  -1.40000000000000E-01,  -3.76393308426353E+01,   9.91900000000000E+01,   3.72151281608535E+09,   6.94778576651532E+03
  1.92600000000000E+03,  -7.25736648407214E+01,   5.25000000000000E-01,  -3.76252205898313E+01,   9.93700000000000E+01,   4.51727121148965E+09,   4.95399709897134E+03
  1.92608333300000E+03,  -7.04010809862381E+01,   7.07500000000000E-01,  -3.76105807112900E+01,   9.95500000000000E+01,   3.55332707787617E+09,   4.40762905743830E+03
  1.92616666700000E+03,  -6.81131786162362E+01,   7.45000000000000E-01,  -3.75954140835055E+01,   9.97300000000000E+01,   4.19556852219004E+09,   2.60870372151677E+03
  1.92625000000000E+03,  -6.56778786758629E+01,   9.45000000000000E-01,  -3.75797236416895E+01,   9.99100000000000E+01,   3.56072325223594E+09,   3.15500975756217E+03
  1.92633333300000E+03,  -6.31788913980461E+01,   1.03750000000000E+00,  -3.75635123791963E+01,   1.00090000000000E+02,   3.80969508016309E+09,   5.94511750240121E+03
  1.92641666700000E+03,  -6.07599496420877E+01,   9.75000000000000E-01,  -3.75467833469401E+01,   1.00270000000000E+02,   2.93069089963027E+09,   5.66127872295920E+03
  1.92650000000000E+03,  -5.85000517321306E+01,   9.75000000000000E-01,  -3.75295396528029E+01,   1.00450000000000E+02,   2.02625622055332E+09,   7.11047847267557E+03
  1.92658333300000E+03,  -1.65854457626243E+01,   6.85000000000000E-01,  -3.75117844610349E+01,   1.00630000000000E+02,   1.78017116807500E+09,   7.90305993158389E+03
  1.92666666700000E+03,   6.41833835373757E+01,   7.47500000000000E-01,  -3.16327254388384E+01,   1.00810000000000E+02,   1.82697360527461E+09,   6.89441764159258E+03
  1.92675000000000E+03,   1.03547573655063E+02,   1.02250000000000E+00,  -3.16944174797037E+01,   1.00990000000000E+02,   1.04865401913320E+09,   3.92814183632079E+03
  1.92683333300000E+03,   1.02800005559003E+02,   7.65000000000000E-01,  -3.17561204560724E+01,   1.01170000000000E+02,   1.43318436766230E+09,   3.76744081222415E+03
  1.92691666700000E+03,   1.03133273907196E+02,   6.80000000000000E-01,  -3.18178278016191E+01,   1.01350000000000E+02,   2.63255276820645E+09,   2.81305709136892E+03
  1.92700000000000E+03,   1.04960508137353E+02,   7.82500000000000E-01,  -3.18795329441115E+01,   1.01530000000000E+02,   2.59094699980430E+09,   2.15125477479957E+03
  1.92708333300000E+03,   1.08373340795497E+02,   6.47500000000000E-01,  -3.19412293063507E+01,   1.01710000000000E+02,   2.63292822577910E+09,   3.06177110196315E+03
  1.92716666700000E+03,   1.12995759649053E+02,   5.25000000000000E-01,  -3.20029103071135E+01,   1.01890000000000E+02,   2.69522920668066E+09,   4.80873875279631E+03
  1.92725000000000E+03,   1.18003147162308E+02,   8.85000000000000E-01,  -3.20645693620948E+01,   1.02070000000000E+02,   2.13888090572363E+09,   7.06410481914766E+03
  1.92733333300000E+03,   1.22368570036778E+02,   1.47750000000000E+00,  -3.21261998848515E+01,   1.02250000000000E+02,   1.81715909956641E+09,   6.46338323335424E+03
  1.92741666700000E+03,   1.25255785245271E+02,   1.60000000000000E+00,  -3.21877952877458E+01,   1.02430000000000E+02,   1.56423131356562E+09,   6.70031754615083E+03
  1.92750000000000E+03,   1.26347777128407E+02,   1.52000000000000E+00,  -3.22493489828904E+01,   1.02610000000000E+02,   2.19433197720059E+09,   6.39949295453392E+03
  1.92758333300000E+03,   6.29005255065708E+01,   1.40250000000000E+00,  -3.23108543830931E+01,   1.02790000000000E+02,   2.83057249517539E+09,   6.31149713797309E+03
  1.92766666700000E+03,  -6.31779329840616E+01,   1.31250000000000E+00,  -4.14761828513094E+01,   1.02970000000000E+02,   3.32025394857559E+09,   4.20426396498214E+03
  1.92775000000000E+03,  -1.23926488584349E+02,   1.43000000000000E+00,  -4.14491625163384E+01,   1.03150000000000E+02,   2.68678346418223E+09,   4.21876232968029E+03
  1.92783333300000E+03,  -1.20252204609040E+02,   1.01750000000000E+00,  -4.14216916607012E+01,   1.03330000000000E+02,   3.42986832484355E+09,   4.46822680739798E+03
  1.92791666700000E+03,  -1.16447954404390E+02,   6.75000000000000E-02,  -4.13937746375790E+01,   1.03510000000000E+02,   3.56149020806680E+09,   5.47109809778333E+03
  1.92800000000000E+03,  -1.12622546033182E+02,  -5.65000000000000E-01,  -4.13654158438997E+01,   1.03690000000000E+02,   2.89111407561855E+09,   5.61929153952729E+03
  1.92808333300000E+03,  -1.08781648868190E+02,  -8.60000000000000E-01,  -4.13366197195241E+01,   1.03870000000000E+02,   3.77249229107188E+09,   6.58616215470396E+03
  1.92816666700000E+03,  -1.04865699836519E+02,  -9.92500000000000E-01,  -4.13073907464260E+01,   1.04050000000000E+02,   4.08313350243477E+09,   7.47132710901424E+03
  1.92825000000000E+03,  -1.00858297144500E+02,  -7.27500000000000E-01,  -4.12777334478661E+01,   1.04230000000000E+02,   4.25351350124785E+09,   8.60657384204883E+03
  1.92833333300000E+03,  -9.68480944191943E+01,  -3.50000000000000E-02,  -4.12476523875609E+01,   1.04410000000000E+02,   3.39128624753516E+09,   8.35330847263429E+03
  1.92841666700000E+03,  -9.29747098255249E+01,   5.52500000000000E-01,  -4.12171521688455E+01,   1.04590000000000E+02,   3.61504408713496E+09,   7.27025789446756E+03
  1.92850000000000E+03,  -8.93082351461859E+01,   8.12500000000000E-01,  -4.11862374338309E+01,   1.04770000000000E+02,   2.14920416879785E+09,   6.14457309504189E+03
  1.92858333300000E+03,  -9.48620765136543E+01,   9.05000000000000E-01,  -4.11549128625564E+01,   1.04950000000000E+02,   2.45546687471641E+09,   5.68466174640339E+03
  1.92866666700000E+03,  -1.09931469026248E+02,   7.60000000000000E-01,  -4.20675480460404E+01,   1.05130000000000E+02,   3.27415764208906E+09,   5.75072846224140E+03
  1.92875000000000E+03,  -1.16678403976075E+02,   2.62500000000000E-01,  -4.20563102677552E+01,   1.05310000000000E+02,   3.57371118571172E+09,   5.78635539343525E+03
  1.92883333300000E+03,  -1.14642226022843E+02,  -4.15000000000000E-01,  -4.20445131507295E+01,   1.05490000000000E+02,   5.62284533491699E+09,   1.15314506655751E+04
  1.92891666700000E+03,  -1.12542030801891E+02,  -8.35000000000000E-01,  -4.20321593358842E+01,   1.05670000000000E+02,   6.99648398061836E+09,   1.25978989467615E+04
  1.92900000000000E+03,  -1.10448257769651E+02,  -9.50000000000000E-01,  -4.20192515292860E+01,   1.05850000000000E+02,   6.22618230544922E+09,   1.22633778565733E+04
  1.92908333300000E+03,  -1.08330469684292E+02,  -9.80000000000000E-01,  -4.20057925015873E+01,   1.06030000000000E+02,   4.73220606672188E+09,   1.11719612167457E+04
  1.92916666700000E+03,  -1.06099358946230E+02,  -7.72500000000000E-01,  -4.19917850874567E+01,   1.06210000000000E+02,   4.55922031678535E+09,   1.39863137901230E+04
  1.92925000000000E+03,  -1.03718091002437E+02,  -6.12500000000000E-01,  -4.19772321849989E+01,   1.06390000000000E+02,   3.71270208106855E+09,   7.90821644297298E+03
  1.92933333300000E+03,  -1.01265248505720E+02,  -1.10750000000000E+00,  -4.19621367551656E+01,   1.06570000000000E+02,   3.07648054801797E+09,   1.13188863420077E+04
  1.92941666700000E+03,  -9.88793878590174E+01,  -1.72250000000000E+00,  -4.19465018211559E+01,   1.06750000000000E+02,   3.29073404354473E+09,   1.08671608661214E+04
  1.92950000000000E+03,  -9.66346889531287E+01,  -1.80000000000000E+00,  -4.19303304678075E+01,   1.06930000000000E+02,   2.97882669564512E+09,   1.31682394362049E+04
  1.92958333300000E+03,  -5.37401877302115E+01,  -1.41750000000000E+00,  -4.19136258409779E+01,   1.07110000000000E+02,   4.22328736436602E+09,   1.17134652124068E+04
  1.92966666700000E+03,   3.00474649502425E+01,  -8.80000000000000E-01,  -3.55488850481231E+01,   1.07290000000000E+02,   5.26864140299980E+09,   1.35570950338911E+04
  1.92975000000000E+03,   7.34301340803658E+01,  -7.55000000000000E-01,  -3.55070987888867E+01,   1.07470000000000E+02,   5.27395747054805E+09,   9.61455468887296E+03
  1.92983333300000E+03,   7.62348879700620E+01,  -1.20750000000000E+00,  -3.54650914753043E+01,   1.07650000000000E+02,   4.99347768769863E+09,   1.12052955895837E+04
  1.92991666700000E+03,   7.90365392389866E+01,  -1.55750000000000E+00,  -3.54228683449118E+01,   1.07830000000000E+02,   6.55411132987070E+09,   1.11479214703547E+04
  1.93000000000000E+03,   8.18957332737108E+01,  -1.55500000000000E+00,  -3.53804346390352E+01,   1.08010000000000E+02,   6.27324755045078E+09,   9.04472883754838E+03
  1.93008333300000E+03,   8.49779520787604E+01,  -1.45750000000000E+00,  -3.53377956019233E+01,   1.08190000000000E+02,   3.96232932241211E+09,   7.07852410809007E+03
  1.93016666700000E+03,   8.84738085771063E+01,  -1.47250000000000E+00,  -3.52949564798813E+01,   1.08370000000000E+02,   4.45939361084375E+09,   8.49817367989291E+03
  1.93025000000000E+03,   9.24562863333838E+01,  -1.60250000000000E+00,  -3.52519225204063E+01,   1.08550000000000E+02,   5.06809524683770E+09,   1.05117910410566E+04
  1.93033333300000E+03,   9.68036555647822E+01,  -1.32000000000000E+00,  -3.52086989713234E+01,   1.08730000000000E+02,   9.91353442771797E+09,   1.04179440661414E+04
  1.93041666700000E+03,   1.01264555895190E+02,  -5.67500000000000E-01,  -3.51652910799234E+01,   1.08910000000000E+02,   8.85451270719687E+09,   1.14437445809634E+04
  1.93050000000000E+03,   1.05615152079396E+02,   2.35000000000000E-01,  -3.51217040921035E+01,   1.09090000000000E+02,   1.17384336701596E+10,   1.12824395685816E+04
  1.93058333300000E+03,   1.35288536438433E+02,   1.18000000000000E+00,  -3.50779432515076E+01,   1.09270000000000E+02,   1.15912637687143E+10,   1.00411594789183E+04
  1.93066666700000E+03,   1.89513545262399E+02,   2.08000000000000E+00,  -3.11364871385271E+01,   1.09450000000000E+02,   1.13716801734141E+10,   6.93602975639310E+03
  1.93075000000000E+03,   2.16458899236526E+02,   2.07250000000000E+00,  -3.11978521127285E+01,   1.09630000000000E+02,   6.69266766117441E+09,   5.11654946533237E+03
  1.93083333300000E+03,   2.16844631474119E+02,   1.58750000000000E+00,  -3.12592806378499E+01,   1.09810000000000E+02,   7.48613118067852E+09,   3.31282778433599E+03
  1.93091666700000E+03,   2.16943669780456E+02,   1.34500000000000E+00,  -3.13207662293916E+01,   1.09990000000000E+02,   7.19444711983906E+09,   2.95876762143467E+03
  1.93100000000000E+03,   2.16828382662507E+02,   1.05750000000000E+00,  -3.13823023894187E+01,   1.10170000000000E+02,   6.16191498117930E+09,   3.32257007981204E+03
  1.93108333300000E+03,   2.16615511445227E+02,   9.47500000000000E-01,  -3.14438826074871E+01,   1.10350000000000E+02,   6.54033106561348E+09,   2.66813912372869E+03
  1.93116666700000E+03,   2.16340317426988E+02,   1.24250000000000E+00,  -3.15055003615731E+01,   1.10530000000000E+02,   1.01733790582809E+10,   2.41020696297437E+03
  1.93125000000000E+03,   2.15901434398350E+02,   1.64750000000000E+00,  -3.15671491190040E+01,   1.10710000000000E+02,   1.09955990211430E+10,   2.07708183072396E+03
  1.93133333300000E+03,   2.15166529174382E+02,   2.13250000000000E+00,  -3.16288223373912E+01,   1.10890000000000E+02,   8.31660413362676E+09,   3.08021384002026E+03
  1.93141666700000E+03,   2.14197007600857E+02,   2.34750000000000E+00,  -3.16905134655654E+01,   1.11070000000000E+02,   9.68058185068906E+09,   3.33839866726920E+03
  1.93150000000000E+03,   2.13414704474953E+02,   1.97750000000000E+00,  -3.17522159445127E+01,   1.11250000000000E+02,   1.02634846356611E+10,   3.52031122771632E+03
  1.93158333300000E+03,   1.57293019960060E+02,   1.86000000000000E+00,  -3.18139232083133E+01,   1.11430000000000E+02,   5.30215263676582E+09,   2.79929613632187E+03
  1.93166666700000E+03,   4.65813026902441E+01,   2.45500000000000E+00,  -4.03844575772137E+01,   1.11610000000000E+02,   7.32798550758613E+09,   6.48944044063948E+03
  1.93175000000000E+03,  -6.29935035413720E+00,   2.36250000000000E+00,  -4.03451656087577E+01,   1.11790000000000E+02,   7.83755013260059E+09,   6.58288223213870E+03
  1.93183333300000E+03,  -2.35938050008413E+00,   1.48000000000000E+00,  -4.03055835251100E+01,   1.11970000000000E+02,   6.37668569099766E+09,   5.28875958147999E+03
  1.93191666700000E+03,   1.47845995276383E+00,   1.40250000000000E+00,  -4.02657166620033E+01,   1.12150000000000E+02,   6.25441753921758E+09,   5.09751531802509E+03
  1.93200000000000E+03,   5.12886275102981E+00,   1.84250000000000E+00,  -4.02255703700263E+01,   1.12330000000000E+02,   9.26544668369687E+09,   8.69521604617722E+03
  1.93208333300000E+03,   8.64925957273854E+00,   2.16750000000000E+00,  -4.01851500136952E+01,   1.12510000000000E+02,   8.65244812301973E+09,   6.63313837961480E+03
  1.93216666700000E+03,   1.21745404640439E+01,   2.30000000000000E+00,  -4.01444609705241E+01,   1.12690000000000E+02,   1.21219807718848E+10,   8.86185176631101E+03
  1.93225000000000E+03,   1.57800473129119E+01,   2.02250000000000E+00,  -4.01035086300948E+01,   1.12870000000000E+02,   1.24530491999477E+10,   1.08909519432519E+04
  1.93233333300000E+03,   1.93988589706297E+01,   1.87000000000000E+00,  -4.00622983931259E+01,   1.13050000000000E+02,   1.43016338605672E+10,   1.11878927612996E+04
  1.93241666700000E+03,   2.28700002489550E+01,   2.24250000000000E+00,  -4.00208356705428E+01,   1.13230000000000E+02,   1.32054465968016E+10,   7.70719998876564E+03
  1.93250000000000E+03,   2.60709389557831E+01,   2.89250000000000E+00,  -3.99791258825458E+01,   1.13410000000000E+02,   1.22397038295197E+10,   1.04422935926430E+04
  1.93258333300000E+03,  -4.02424393393241E+00,   3.41250000000000E+00,  -3.99371744576799E+01,   1.13590000000000E+02,   8.98602137953672E+09,   8.21582406341862E+03
  1.93266666700000E+03,  -6.75379833848204E+01,   3.20250000000000E+00,  -4.60611517014993E+01,   1.13770000000000E+02,   1.11182738253523E+10,   9.18479232490584E+03
  1.93275000000000E+03,  -9.84918695443585E+01,   2.33250000000000E+00,  -4.60848941545267E+01,   1.13950000000000E+02,   1.13452636990383E+10,   1.00952169177895E+04
  1.93283333300000E+03,  -9.65766498789255E+01,   1.47750000000000E+00,  -4.61080337157668E+01,   1.14130000000000E+02,   9.87044370327559E+09,   1.11988065655299E+04
  1.93291666700000E+03,  -9.46583224324585E+01,   9.97500000000000E-01,  -4.61305685893176E+01,   1.14310000000000E+02,   1.18620781039002E+10,   7.61563488430064E+03
  1.93300000000000E+03,  -9.28211854897764E+01,   1.02750000000000E+00,  -4.61524970610913E+01,   1.14490000000000E+02,   1.15718904784797E+10,   7.10996588899512E+03
  1.93308333300000E+03,  -9.10405127536515E+01,   1.18500000000000E+00,  -4.61738174989698E+01,   1.14670000000000E+02,   1.38539149588990E+10,   4.33974174592793E+03
  1.93316666700000E+03,  -8.92254657891537E+01,   1.32750000000000E+00,  -4.61945283529466E+01,   1.14850000000000E+02,   1.10126190070277E+10,   3.31905143967774E+03
  1.93325000000000E+03,  -8.73316901574288E+01,   1.96750000000000E+00,  -4.62146281552551E+01,   1.15030000000000E+02,   1.33114993421979E+10,   2.26225546662714E+03
  1.93333333300000E+03,  -8.54256501509293E+01,   2.55000000000000E+00,  -4.62341155204821E+01,   1.15210000000000E+02,   1.27843568619871E+10,   6.06062667102125E+03
  1.93341666700000E+03,  -8.36305645047508E+01,   2.60000000000000E+00,  -4.62529891456681E+01,   1.15390000000000E+02,   1.30745402502254E+10,   6.29565340235848E+03
  1.93350000000000E+03,  -8.20033178222062E+01,   2.66500000000000E+00,  -4.62712478103932E+01,   1.15570000000000E+02,   8.22167430324629E+09,   6.42385097683687E+03
  1.93358333300000E+03,  -4.37217609797940E+01,   2.67000000000000E+00,  -4.62888903768491E+01,   1.15750000000000E+02,   1.40092203695994E+10,   7.90002935621366E+03
  1.93366666700000E+03,   3.19957646238435E+01,   2.70500000000000E+00,  -3.95236372499302E+01,   1.15930000000000E+02,   1.47242160508766E+10,   9.00033676729556E+03
  1.93375000000000E+03,   7.23674009608232E+01,   2.42000000000000E+00,  -3.94834537333485E+01,   1.16110000000000E+02,   1.29015107894830E+10,   8.69579005879052E+03
  1.93383333300000E+03,   7.66761375553497E+01,   1.18750000000000E+00,  -3.94434904969103E+01,   1.16290000000000E+02,   1.71440815447992E+10,   7.84880204736087E+03
  1.93391666700000E+03,   8.08677430474871E+01,  -1.12500000000000E-01,  -3.94037493336161E+01,   1.16470000000000E+02,   1.71559721593813E+10,   1.03724663703339E+04
  1.93400000000000E+03,   8.48567527544177E+01,  -1.07000000000000E+00,  -3.93642319731073E+01,   1.16650000000000E+02,   1.22397104224787E+10,   1.01730592498604E+04
  1.93408333300000E+03,   8.87256448737216E+01,  -1.79750000000000E+00,  -3.93249400815745E+01,   1.16830000000000E+02,   9.46488193732129E+09,   9.57229740542136E+03
  1.93416666700000E+03,   9.26692424382908E+01,  -1.80500000000000E+00,  -3.92858752616794E+01,   1.17010000000000E+02,   8.08602079015781E+09,   8.34583940700460E+03
  1.93425000000000E+03,   9.68564185149781E+01,  -1.31750000000000E+00,  -3.92470390524889E+01,   1.17190000000000E+02,   5.06453573538262E+09,   9.16433197510168E+03
  1.93433333300000E+03,   1.01333571487203E+02,  -7.52500000000000E-01,  -3.92084329294231E+01,   1.17370000000000E+02,   5.15636976235840E+09,   9.79733101689201E+03
  1.93441666700000E+03,   1.06047850573941E+02,   2.70000000000000E-01,  -3.91700583042148E+01,   1.17550000000000E+02,   4.68643887461543E+09,   9.22022216747105E+03
  1.93450000000000E+03,   1.10947957657381E+02,   1.09000000000000E+00,  -3.91319165248833E+01,   1.17730000000000E+02,   8.06750261121328E+09,   1.16065762382755E+04
  1.93458333300000E+03,   1.05589480210358E+02,   1.13500000000000E+00,  -3.90940088757201E+01,   1.17910000000000E+02,   1.16766038306396E+10,   9.99401930786185E+03
  1.93466666700000E+03,   8.94809843908069E+01,   1.29250000000000E+00,  -4.00439817234419E+01,   1.18090000000000E+02,   1.10629004364578E+10,   1.13842125255005E+04
  1.93475000000000E+03,   8.29641681978507E+01,   1.20750000000000E+00,  -4.00012203002483E+01,   1.18270000000000E+02,   1.16078051697322E+10,   7.96759226382207E+03
  1.93483333300000E+03,   8.64064217633578E+01,   4.57500000000000E-01,  -3.99586514383479E+01,   1.18450000000000E+02,   1.11643325405992E+10,   1.24321195171099E+04
  1.93491666700000E+03,   8.96955995733356E+01,   8.25000000000000E-02,  -3.99162777102162E+01,   1.18630000000000E+02,   8.11748408217188E+09,   1.26187118515691E+04
  1.93500000000000E+03,   9.27427831046676E+01,  -1.82500000000000E-01,  -3.98741016271941E+01,   1.18810000000000E+02,   4.63795869009609E+09,   1.62250453340262E+04
  1.93508333300000E+03,   9.56143692123182E+01,  -9.90000000000000E-01,  -3.98321256392368E+01,   1.18990000000000E+02,   4.08900187394766E+09,   1.43353686510962E+04
  1.93516666700000E+03,   9.84893819068789E+01,  -9.95000000000000E-01,  -3.97903521346751E+01,   1.19170000000000E+02,   5.07644076435840E+09,   1.55361125451133E+04
  1.93525000000000E+03,   1.01529897493721E+02,   2.05000000000000E-01,  -3.97487834399894E+01,   1.19350000000000E+02,   5.00398506628828E+09,   1.20972271670412E+04
  1.93533333300000E+03,   1.04787830300091E+02,   1.06750000000000E+00,  -3.97074218195966E+01,   1.19530000000000E+02,   8.29735733307539E+09,   1.04689283437246E+04
  1.93541666700000E+03,   1.08227212844567E+02,   1.01000000000000E+00,  -3.96662694756500E+01,   1.19710000000000E+02,   1.08657215199910E+10,   6.39709443541002E+03
  1.93550000000000E+03,   1.11822393470571E+02,   5.52500000000000E-01,  -3.96253285478512E+01,   1.19890000000000E+02,   1.31462181189295E+10,   7.96939941065554E+03
  1.93558333300000E+03,   1.07985165439518E+02,   4.00000000000000E-02,  -3.95846011132755E+01,   1.20070000000000E+02,   1.74798510293684E+10,   7.73254652944598E+03
  1.93566666700000E+03,   9.63957865272646E+01,  -2.67500000000000E-01,  -4.04753335340319E+01,   1.20250000000000E+02,   1.84821558128361E+10,   6.42121933014914E+03
  1.93575000000000E+03,   9.19428465233082E+01,  -1.82500000000000E-01,  -4.04583464139216E+01,   1.20430000000000E+02,   1.58826176201910E+10,   4.85082546367068E+03
  1.93583333300000E+03,   9.49410171790808E+01,   2.57500000000000E-01,  -4.04413824877921E+01,   1.20610000000000E+02,   1.33723465403305E+10,   5.05639559897073E+03
  1.93591666700000E+03,   9.80199046390355E+01,   8.47500000000000E-01,  -4.04244383974967E+01,   1.20790000000000E+02,   1.07512476989791E+10,   4.77221532026231E+03
  1.93600000000000E+03,   1.01088564654184E+02,   1.25000000000000E+00,  -4.04075107937789E+01,   1.20970000000000E+02,   5.43741214268535E+09,   4.85453611050118E+03
  1.93608333300000E+03,   1.04158510693008E+02,   1.50250000000000E+00,  -4.03905963371843E+01,   1.21150000000000E+02,   5.05969543932754E+09,   6.41381562493220E+03
  1.93616666700000E+03,   1.07302489230179E+02,   1.77250000000000E+00,  -4.03736916989692E+01,   1.21330000000000E+02,   3.70627795800645E+09,   6.66310217058323E+03
  1.93625000000000E+03,   1.10543841894346E+02,   1.83250000000000E+00,  -4.03567935620070E+01,   1.21510000000000E+02,   8.25962025495078E+09,   7.81218522025775E+03
  1.93633333300000E+03,   1.13794159927176E+02,   1.75750000000000E+00,  -4.03398986216914E+01,   1.21690000000000E+02,   1.07823128935477E+10,   6.97958709401227E+03
  1.93641666700000E+03,   1.16909162206671E+02,   1.82000000000000E+00,  -4.03230035868365E+01,   1.21870000000000E+02,   1.02413506838662E+10,   8.73521737052631E+03
  1.93650000000000E+03,   1.19813281815405E+02,   1.94250000000000E+00,  -4.03061051805735E+01,   1.22050000000000E+02,   9.56504978256426E+09,   1.05757412702793E+04
  1.93658333300000E+03,   9.39746664096967E+01,   1.94000000000000E+00,  -4.02892001412436E+01,   1.22230000000000E+02,   1.01816313945336E+10,   1.14651845616559E+04
  1.93666666700000E+03,   3.95246218413394E+01,   1.61000000000000E+00,  -4.75881534929935E+01,   1.22410000000000E+02,   6.08700008507773E+09,   9.22311320644859E+03
  1.93675000000000E+03,   1.35867679468239E+01,   9.50000000000000E-01,  -4.75509780235522E+01,   1.22590000000000E+02,   4.23558258259629E+09,   1.20650952598575E+04
  1.93683333300000E+03,   1.58712512929783E+01,   4.22500000000000E-01,  -4.75140575523815E+01,   1.22770000000000E+02,   5.94801687514590E+09,   1.03176783199893E+04
  1.93691666700000E+03,   1.76178888642581E+01,   3.67500000000000E-01,  -4.74773928443591E+01,   1.22950000000000E+02,   7.71471336354395E+09,   6.46565396582205E+03
  1.93700000000000E+03,   1.88717849038085E+01,   5.50000000000000E-01,  -4.74409845943293E+01,   1.23130000000000E+02,   6.30727705064883E+09,   5.68559398943558E+03
  1.93708333300000E+03,   1.97898836383703E+01,   7.55000000000000E-01,  -4.74048334272473E+01,   1.23310000000000E+02,   1.25946405520633E+10,   6.67548797473609E+03
  1.93716666700000E+03,   2.05799863629528E+01,   8.25000000000000E-01,  -4.73689398983395E+01,   1.23490000000000E+02,   1.27678338489717E+10,   3.78245649366733E+03
  1.93725000000000E+03,   2.13768524973929E+01,   8.65000000000000E-01,  -4.73333044932770E+01,   1.23670000000000E+02,   1.50152296914230E+10,   2.93620544160027E+03
  1.93733333300000E+03,   2.21745335277819E+01,   1.89750000000000E+00,  -4.72979276283652E+01,   1.23850000000000E+02,   1.40149536797975E+10,   2.75067887533475E+03
  1.93741666700000E+03,   2.28843925287747E+01,   4.05250000000000E+00,  -4.72628096507467E+01,   1.24030000000000E+02,   1.64154700770611E+10,   2.57372820606139E+03
  1.93750000000000E+03,   2.34672696527844E+01,   5.60750000000000E+00,  -4.72279508386192E+01,   1.24210000000000E+02,   1.73869709496148E+10,   4.06108933699448E+03
  1.93758333300000E+03,   1.40751394005471E+01,   5.70000000000000E+00,  -4.71933514014680E+01,   1.24390000000000E+02,   1.68270724894430E+10,   6.53121039833520E+03
  1.93766666700000E+03,  -5.23297918613333E+00,   4.70250000000000E+00,  -5.00471948135243E+01,   1.24570000000000E+02,   1.41896434805771E+10,   6.94891408985984E+03
  1.93775000000000E+03,  -1.45900714244609E+01,   3.33500000000000E+00,  -5.00791685968503E+01,   1.24750000000000E+02,   1.41952748180320E+10,   7.77280278893653E+03
  1.93783333300000E+03,  -1.39241578237260E+01,   2.84500000000000E+00,  -5.01105560877666E+01,   1.24930000000000E+02,   1.24389750531734E+10,   1.15657798365759E+04
  1.93791666700000E+03,  -1.31513035573107E+01,   2.87250000000000E+00,  -5.01413543093910E+01,   1.25110000000000E+02,   6.38276521188164E+09,   1.16186087611767E+04
  1.93800000000000E+03,  -1.23032322060469E+01,   2.25750000000000E+00,  -5.01715603674429E+01,   1.25290000000000E+02,   1.25143552758068E+10,   1.01578025573630E+04
  1.93808333300000E+03,  -1.13145274757084E+01,   1.72750000000000E+00,  -5.02011714506047E+01,   1.25470000000000E+02,   1.33819320547023E+10,   1.20460852817945E+04
  1.93816666700000E+03,  -1.00699997815680E+01,   1.91250000000000E+00,  -5.02301848308673E+01,   1.25650000000000E+02,   1.38127660606469E+10,   1.14450172849832E+04
  1.93825000000000E+03,  -8.51952139400572E+00,   2.13250000000000E+00,  -5.02585978638630E+01,   1.25830000000000E+02,   1.50553590525785E+10,   1.21468488431599E+04
  1.93833333300000E+03,  -6.74213730523192E+00,   1.96750000000000E+00,  -5.02864079891814E+01,   1.26010000000000E+02,   1.36316918442100E+10,   9.83784121675044E+03
  1.93841666700000E+03,  -4.88954693770253E+00,   1.80000000000000E+00,  -5.03136127306729E+01,   1.26190000000000E+02,   8.75902994879375E+09,   9.21327741585690E+03
  1.93850000000000E+03,  -3.05888645558708E+00,   2.13000000000000E+00,  -5.03402096967356E+01,   1.26370000000000E+02,   6.80925652681270E+09,   7.17990830377378E+03
  1.93858333300000E+03,   5.82632074934538E+01,   2.71500000000000E+00,  -5.03661965805888E+01,   1.26550000000000E+02,   8.57109165006211E+09,   7.08287394448780E+03
  1.93866666700000E+03,   1.79593286007612E+02,   3.11750000000000E+00,  -3.80978399405318E+01,   1.26730000000000E+02,   1.01091676304572E+10,   3.02306965405736E+03
  1.93875000000000E+03,   2.42427197045685E+02,   3.28500000000000E+00,  -3.80694195380049E+01,   1.26910000000000E+02,   1.02191995698115E+10,   4.11362589410804E+03
  1.93883333300000E+03,   2.46265580751386E+02,   2.97000000000000E+00,  -3.80408717244365E+01,   1.27090000000000E+02,   9.31738818600586E+09,   3.71010300025288E+03
  1.93891666700000E+03,   2.50001503408046E+02,   2.17000000000000E+00,  -3.80121982472801E+01,   1.27270000000000E+02,   1.01079425746965E+10,   5.69160830727015E+03
  1.93900000000000E+03,   2.53494654459793E+02,   1.36000000000000E+00,  -3.79834009140779E+01,   1.27450000000000E+02,   7.89899639685019E+09,   6.28283280640524E+03
  1.93908333300000E+03,   2.56724540797111E+02,   5.92500000000000E-01,  -3.79544815922393E+01,   1.27630000000000E+02,   5.47522446857773E+09,   5.79220263992567E+03
  1.93916666700000E+03,   2.59754186958190E+02,   2.15000000000000E-01,  -3.79254422088076E+01,   1.27810000000000E+02,   7.50682644119297E+09,   4.78360349915866E+03
  1.93925000000000E+03,   2.62622046313771E+02,   5.97500000000000E-01,  -3.78962847502120E+01,   1.27990000000000E+02,   6.55895609193535E+09,   5.20039280492440E+03
  1.93933333300000E+03,   2.65279328938450E+02,   1.14500000000000E+00,  -3.78670112620072E+01,   1.28170000000000E+02,   6.56166457971777E+09,   3.68687146127783E+03
  1.93941666700000E+03,   2.67642531011435E+02,   1.90000000000000E+00,  -3.78376238486007E+01,   1.28350000000000E+02,   6.27182667961582E+09,   4.73656189164538E+03
  1.93950000000000E+03,   2.69711924359853E+02,   2.81500000000000E+00,  -3.78081246729659E+01,   1.28530000000000E+02,   7.11661436120195E+09,   4.50726437475700E+03
  1.93958333300000E+03,   2.71644453572096E+02,   3.11750000000000E+00,  -3.77785159563430E+01,   1.28710000000000E+02,   1.00432122283805E+10,   6.11291431913991E+03
  1.93966666700000E+03,   2.73640421118765E+02,   2.27250000000000E+00,  -3.87530363888220E+01,   1.28890000000000E+02,   9.87092757238711E+09,   5.31755694282241E+03
  1.93975000000000E+03,   2.75777990249447E+02,   3.57500000000000E-01,  -3.87419625726707E+01,   1.29070000000000E+02,   1.01271737143773E+10,   7.20907032079175E+03
  1.93983333300000E+03,   2.78018724672284E+02,  -1.00000000000000E+00,  -3.87313356888153E+01,   1.29250000000000E+02,   1.31777216696031E+10,   1.02887117216695E+04
  1.93991666700000E+03,   2.80268739763990E+02,  -6.87500000000000E-01,  -3.87211596063468E+01,   1.29430000000000E+02,   1.32869904025828E+10,   1.10144954114931E+04
  1.94000000000000E+03,   2.82458995154263E+02,  -4.35000000000000E-01,  -3.87114381442043E+01,   1.29610000000000E+02,   7.50262842236133E+09,   9.87507686064131E+03
  1.94008333300000E+03,   2.84621158446622E+02,  -1.23500000000000E+00,  -3.87021750702967E+01,   1.29790000000000E+02,   8.97388714651621E+09,   1.22887322283130E+04
  1.94016666700000E+03,   2.86846010972223E+02,  -1.34500000000000E+00,  -3.86933741006327E+01,   1.29970000000000E+02,   7.93458685460703E+09,   1.08431225783221E+04
  1.94025000000000E+03,   2.89172531799946E+02,  -5.75000000000000E-01,  -3.86850388984594E+01,   1.30150000000000E+02,   5.72127258243789E+09,   7.61728704093099E+03
  1.94033333300000E+03,   2.91525374192202E+02,  -9.50000000000000E-02,  -3.86771730734089E+01,   1.30330000000000E+02,   4.08787892090527E+09,   8.68149619744327E+03
  1.94041666700000E+03,   2.93770658408057E+02,   2.55000000000000E-01,  -3.86697801806544E+01,   1.30510000000000E+02,   4.27973971569785E+09,   1.70335073974200E+04
  1.94050000000000E+03,   2.95840569229739E+02,   7.17500000000000E-01,  -3.86628637200744E+01,   1.30690000000000E+02,   2.98194702672637E+09,   1.63351335853221E+04
  1.94058333300000E+03,   2.56174764135412E+02,   7.65000000000000E-01,  -3.86564271354272E+01,   1.30870000000000E+02,   2.78754572934141E+09,   1.58531500159021E+04
  1.94066666700000E+03,   1.75307701863251E+02,   2.00000000000000E-01,  -4.56840897758516E+01,   1.31050000000000E+02,   3.54714810940391E+09,   1.81354741271038E+04
  1.94075000000000E+03,   1.36979368593930E+02,  -5.75000000000000E-01,  -4.56622860474229E+01,   1.31230000000000E+02,   3.30276416919551E+09,   1.74698519200843E+04
  1.94083333300000E+03,   1.40771163765530E+02,  -1.18750000000000E+00,  -4.56406561726103E+01,   1.31410000000000E+02,   3.99632177720000E+09,   9.57572842834275E+03
  1.94091666700000E+03,   1.44557223213223E+02,  -1.23500000000000E+00,  -4.56191972421989E+01,   1.31590000000000E+02,   6.29760572408301E+09,   7.90102464210968E+03
  1.94100000000000E+03,   1.48262132178159E+02,  -4.77500000000000E-01,  -4.55979063132595E+01,   1.31770000000000E+02,   8.87835869583984E+09,   8.95542267272938E+03
  1.94108333300000E+03,   1.51913457222874E+02,   5.87500000000000E-01,  -4.55767804100361E+01,   1.31950000000000E+02,   6.45446063164082E+09,   7.60831956517585E+03
  1.94116666700000E+03,   1.55599055555170E+02,   9.92500000000000E-01,  -4.55558165248398E+01,   1.32130000000000E+02,   6.74377940864981E+09,   8.42235491446015E+03
  1.94125000000000E+03,   1.59355086766186E+02,   6.80000000000000E-01,  -4.55350116189485E+01,   1.32310000000000E+02,   6.08831866483242E+09,   1.08033940723162E+04
  1.94133333300000E+03,   1.63102536224387E+02,   2.37500000000000E-01,  -4.55143626235126E+01,   1.32490000000000E+02,   6.30284316455684E+09,   1.36845191051280E+04
  1.94141666700000E+03,   1.66702246635347E+02,   1.57500000000000E-01,  -4.54938664404667E+01,   1.32670000000000E+02,   4.54601608518887E+09,   1.16093972831132E+04
  1.94150000000000E+03,   1.70078999620068E+02,   1.03000000000000E+00,  -4.54735199434463E+01,   1.32850000000000E+02,   5.35683172681797E+09,   1.63499185985271E+04
  1.94158333300000E+03,   2.11296249027124E+02,   2.31500000000000E+00,  -4.54533199787108E+01,   1.33030000000000E+02,   7.55168088339473E+09,   1.73603173762729E+04
  1.94166666700000E+03,   2.90257134775239E+02,   3.19500000000000E+00,  -3.86264126254778E+01,   1.33210000000000E+02,   8.22952247468320E+09,   1.45327517789854E+04
  1.94175000000000E+03,   3.30838685560527E+02,   3.75500000000000E+00,  -3.86236963212196E+01,   1.33390000000000E+02,   6.01526110990547E+09,   1.30436720952444E+04
  1.94183333300000E+03,   3.33305678692342E+02,   3.75250000000000E+00,  -3.86214868855189E+01,   1.33570000000000E+02,   5.13533663449531E+09,   1.39843484778654E+04
  1.94191666700000E+03,   3.35819741928136E+02,   2.88750000000000E+00,  -3.86197871874252E+01,   1.33750000000000E+02,   6.15270786862930E+09,   9.04293820019979E+03
  1.94200000000000E+03,   3.38305589834847E+02,   1.92500000000000E+00,  -3.86186000317572E+01,   1.33930000000000E+02,   3.69527756697773E+09,   8.20517218870912E+03
  1.94208333300000E+03,   3.40789483918612E+02,   1.74750000000000E+00,  -3.86179281583924E+01,   1.34110000000000E+02,   5.34822778185176E+09,   1.11266578533320E+04
  1.94216666700000E+03,   3.43357579896346E+02,   1.90500000000000E+00,  -3.86177742415689E+01,   1.34290000000000E+02,   5.21409981308145E+09,   9.70735749656726E+03
  1.94225000000000E+03,   3.46044939780490E+02,   1.96250000000000E+00,  -3.86181408891976E+01,   1.34470000000000E+02,   5.57041166636895E+09,   9.37883123571277E+03
  1.94233333300000E+03,   3.48772930904555E+02,   2.14500000000000E+00,  -3.86190306421859E+01,   1.34650000000000E+02,   5.05443489940586E+09,   1.00512717752839E+04
  1.94241666700000E+03,   3.51404935596019E+02,   2.01250000000000E+00,  -3.86204459737734E+01,   1.34830000000000E+02,   5.07720035671016E+09,   9.27470749270041E+03
  1.94250000000000E+03,   3.53870865174694E+02,   1.45250000000000E+00,  -3.86223892888781E+01,   1.35010000000000E+02,   2.89889281777793E+09,   7.52386321132369E+03
  1.94258333300000E+03,   3.56242902514259E+02,   1.47500000000000E+00,  -3.86248629234558E+01,   1.35190000000000E+02,   2.86719574821602E+09,   8.19770956771150E+03
  1.94266666700000E+03,   3.58675744294302E+02,   1.93000000000000E+00,  -3.86282596987374E+01,   1.35370000000000E+02,   2.51030173874492E+09,   8.09329688933175E+03
  1.94275000000000E+03,   3.61273103113878E+02,   2.00500000000000E+00,  -3.86318640413787E+01,   1.35550000000000E+02,   1.60411455038008E+09,   6.43922623304110E+03
  1.94283333300000E+03,   3.64018250444628E+02,   1.65750000000000E+00,  -3.86360055378071E+01,   1.35730000000000E+02,   1.85305002238535E+09,   6.98622389871720E+03
  1.94291666700000E+03,   3.66810389712573E+02,   1.21250000000000E+00,  -3.86406862334762E+01,   1.35910000000000E+02,   1.48747517744551E+09,   6.39591795472410E+03
  1.94300000000000E+03,   3.69573539655292E+02,   1.05500000000000E+00,  -3.86459081017831E+01,   1.36090000000000E+02,   2.76382635862715E+09,   7.29325810527373E+03
  1.94308333300000E+03,   3.72333095744975E+02,   4.85000000000000E-01,  -3.86516730435015E+01,   1.36270000000000E+02,   3.93835730551074E+09,   6.97078216348514E+03
  1.94316666700000E+03,   3.75174116694669E+02,  -6.75000000000000E-01,  -3.86579828862281E+01,   1.36450000000000E+02,   6.15147648293164E+09,   5.82625062097888E+03
  1.94325000000000E+03,   3.78130267489972E+02,  -1.30750000000000E+00,  -3.86648393838404E+01,   1.36630000000000E+02,   6.28660198399121E+09,   5.99050294666849E+03
  1.94333333300000E+03,   3.81121140966837E+02,  -1.21000000000000E+00,  -3.86722442159690E+01,   1.36810000000000E+02,   6.56614685479336E+09,   4.76516083317772E+03
  1.94341666700000E+03,   3.84007878562761E+02,  -7.10000000000000E-01,  -3.86801989874818E+01,   1.36990000000000E+02,   5.14494205426797E+09,   2.97866921448670E+03
  1.94350000000000E+03,   3.86717584879769E+02,  -1.30000000000000E-01,  -3.86887052279815E+01,   1.37170000000000E+02,   4.13495180377148E+09,   3.33173809474669E+03
  1.94358333300000E+03,   3.19997657586141E+02,   2.50000000000000E-01,  -3.86977643913166E+01,   1.37350000000000E+02,   1.87121598197031E+09,   4.44339740067702E+03
  1.94366666700000E+03,   1.83964320427154E+02,   5.60000000000000E-01,  -5.47149634206386E+01,   1.37530000000000E+02,   1.51393047873672E+09,   2.43043431395292E+03
  1.94375000000000E+03,   1.17358703257764E+02,   8.87500000000000E-01,  -5.46899611257002E+01,   1.37710000000000E+02,   1.15862444546602E+09,   2.84836027918570E+03
  1.94383333300000E+03,   1.20269584562783E+02,   1.42500000000000E+00,  -5.46644430360627E+01,   1.37890000000000E+02,   1.67993206974570E+09,   3.16278600919992E+03
  1.94391666700000E+03,   1.23361643410536E+02,   2.19000000000000E+00,  -5.46384137111262E+01,   1.38070000000000E+02,   1.60328007617715E+09,   3.76679597468954E+03
  1.94400000000000E+03,   1.26579514519479E+02,   2.81000000000000E+00,  -5.46118777672639E+01,   1.38250000000000E+02,   2.10404982629238E+09,   3.28127784374040E+03
  1.94408333300000E+03,   1.29958783814407E+02,   3.34000000000000E+00,  -5.45848398768844E+01,   1.38430000000000E+02,   3.47462206717812E+09,   4.00315706066247E+03
  1.94416666700000E+03,   1.33582678983412E+02,   3.63750000000000E+00,  -5.45573047674845E+01,   1.38610000000000E+02,   4.25295686012461E+09,   3.78124188851863E+03
  1.94425000000000E+03,   1.37470918053302E+02,   3.30250000000000E+00,  -5.45292772206936E+01,   1.38790000000000E+02,   3.75381780836035E+09,   3.52300810990613E+03
  1.94433333300000E+03,   1.41518646729129E+02,   3.05500000000000E+00,  -5.45007620713098E+01,   1.38970000000000E+02,   4.59282141896562E+09,   3.27916362319402E+03
  1.94441666700000E+03,   1.45555317397100E+02,   3.31000000000000E+00,  -5.44717642063272E+01,   1.39150000000000E+02,   4.45581996124434E+09,   3.84918742677551E+03
  1.94450000000000E+03,   1.49473617459820E+02,   3.72750000000000E+00,  -5.44422885639564E+01,   1.39330000000000E+02,   3.85207599335840E+09,   4.49472675043698E+03
  1.94458333300000E+03,   1.64306162920110E+02,   4.11000000000000E+00,  -5.44123401326354E+01,   1.39510000000000E+02,   3.74580262958945E+09,   5.34213771199435E+03
  1.94466666700000E+03,   1.90425359765249E+02,   4.05750000000000E+00,  -4.94959044201345E+01,   1.39690000000000E+02,   3.77809760838164E+09,   7.39926410065405E+03
  1.94475000000000E+03,   2.06038256022776E+02,   3.50000000000000E+00,  -4.95363073962151E+01,   1.39870000000000E+02,   2.93432003513535E+09,   6.84197818507459E+03
  1.94483333300000E+03,   2.10574988022582E+02,   2.90250000000000E+00,  -4.95761787285626E+01,   1.40050000000000E+02,   3.43180716605371E+09,   6.04431551341489E+03
  1.94491666700000E+03,   2.14476928704987E+02,   2.64000000000000E+00,  -4.96155142476108E+01,   1.40230000000000E+02,   2.76276094250566E+09,   6.34793031796049E+03
  1.94500000000000E+03,   2.17636298982595E+02,   2.79750000000000E+00,  -4.96543098592310E+01,   1.40410000000000E+02,   2.59871732803691E+09,   7.40781744078249E+03
  1.94508333300000E+03,   2.20130896054556E+02,   3.24750000000000E+00,  -4.96925615453029E+01,   1.40590000000000E+02,   3.52242480269004E+09,   6.70037438430078E+03
  1.94516666700000E+03,   2.22155216347916E+02,   3.66750000000000E+00,  -4.97302653642738E+01,   1.40770000000000E+02,   4.07131368326328E+09,   8.40392961342242E+03
  1.94525000000000E+03,   2.23877891304202E+02,   3.68750000000000E+00,  -4.97674174517030E+01,   1.40950000000000E+02,   3.49863793555645E+09,   1.03261078459660E+04
  1.94533333300000E+03,   2.25350622210209E+02,   2.95750000000000E+00,  -4.98040140207934E+01,   1.41130000000000E+02,   5.97091445828574E+09,   8.82586052517202E+03
  1.94541666700000E+03,   2.26543736348218E+02,   1.80250000000000E+00,  -4.98400513629093E+01,   1.41310000000000E+02,   8.42428680376758E+09,   7.27629380241912E+03
  1.94550000000000E+03,   2.27461108159377E+02,   1.07250000000000E+00,  -4.98755258480803E+01,   1.41490000000000E+02,   1.29293625176105E+10,   6.34848957027048E+03
  1.94558333300000E+03,   2.84867092934171E+02,   9.07500000000000E-01,  -4.99104339254911E+01,   1.41670000000000E+02,   1.30684885314688E+10,   4.79681147751138E+03
  1.94566666700000E+03,   3.99306416113481E+02,   8.97500000000000E-01,  -3.87480484817003E+01,   1.41850000000000E+02,   1.43544633519715E+10,   4.36075396058336E+03
  1.94575000000000E+03,   4.57959720682914E+02,   1.13250000000000E+00,  -3.87371732754701E+01,   1.42030000000000E+02,   1.52117789450682E+10,   6.79316139475349E+03
  1.94583333300000E+03,   4.60441881760887E+02,   1.47000000000000E+00,  -3.87267467312033E+01,   1.42210000000000E+02,   1.22456955717623E+10,   6.86800922464524E+03
  1.94591666700000E+03,   4.62936298753168E+02,   1.79250000000000E+00,  -3.87167726957593E+01,   1.42390000000000E+02,   7.07828904638711E+09,   6.96937113492880E+03
  1.94600000000000E+03,   4.65373535315024E+02,   2.15750000000000E+00,  -3.87072549654532E+01,   1.42570000000000E+02,   7.62127631248906E+09,   7.67702405287586E+03
  1.94608333300000E+03,   4.67784892006504E+02,   1.92500000000000E+00,  -3.86981972851813E+01,   1.42750000000000E+02,   6.25730332625996E+09,   5.50931984951850E+03
  1.94616666700000E+03,   4.70260815305056E+02,   1.23750000000000E+00,  -3.86896033475551E+01,   1.42930000000000E+02,   4.50960086680449E+09,   6.16625313900802E+03
  1.94625000000000E+03,   4.72839982205697E+02,   8.10000000000000E-01,  -3.86814767920430E+01,   1.43110000000000E+02,   6.31709908745508E+09,   5.53702637276705E+03
  1.94633333300000E+03,   4.75446781932439E+02,   3.00000000000000E-01,  -3.86738212041215E+01,   1.43290000000000E+02,   9.96043056965742E+09,   7.27039653223883E+03
  1.94641666700000E+03,   4.77947105656459E+02,  -8.40000000000000E-01,  -3.86666401144349E+01,   1.43470000000000E+02,   9.53619681708945E+09,   7.78158417180665E+03
  1.94650000000000E+03,   4.80272939831814E+02,  -1.73500000000000E+00,  -3.86599369979638E+01,   1.43650000000000E+02,   1.24570322605996E+10,   8.87155009925868E+03
  1.94658333300000E+03,   4.29602433935752E+02,  -1.42500000000000E+00,  -3.86537152732032E+01,   1.43830000000000E+02,   1.21791466919121E+10,   6.30173568015378E+03
  1.94666666700000E+03,   3.26564649325639E+02,  -5.82500000000000E-01,  -4.82990933280718E+01,   1.44010000000000E+02,   1.25694910424496E+10,   6.79116709863134E+03
  1.94675000000000E+03,   2.77551330657121E+02,  -3.30000000000000E-01,  -4.82575419005842E+01,   1.44190000000000E+02,   1.09229457999777E+10,   5.29268758350052E+03
  1.94683333300000E+03,   2.82082113135815E+02,  -5.00000000000000E-01,  -4.82162196777432E+01,   1.44370000000000E+02,   1.59442296819926E+10,   4.32848894907907E+03
  1.94691666700000E+03,   2.86611160616740E+02,  -8.22500000000000E-01,  -4.81751286919743E+01,   1.44550000000000E+02,   1.44546855073668E+10,   6.36097426837068E+03
  1.94700000000000E+03,   2.90964231463005E+02,  -1.32500000000000E+00,  -4.81342709056070E+01,   1.44730000000000E+02,   1.54969635989180E+10,   8.36848837237787E+03
  1.94708333300000E+03,   2.95132863763784E+02,  -1.34750000000000E+00,  -4.80936482107512E+01,   1.44910000000000E+02,   1.48253189136291E+10,   8.68003365553804E+03
  1.94716666700000E+03,   2.99242703292301E+02,  -1.06500000000000E+00,  -4.80532624291877E+01,   1.45090000000000E+02,   1.26081716553633E+10,   7.85056138287801E+03
  1.94725000000000E+03,   3.03432395735102E+02,  -1.14750000000000E+00,  -4.80131153122742E+01,   1.45270000000000E+02,   6.79473711471523E+09,   8.11947126913872E+03
  1.94733333300000E+03,   3.07763677382625E+02,  -1.44250000000000E+00,  -4.79732085408671E+01,   1.45450000000000E+02,   6.48879091809395E+09,   5.82224922400545E+03
  1.94741666700000E+03,   3.12239770204005E+02,  -1.58500000000000E+00,  -4.79335437252567E+01,   1.45630000000000E+02,   4.91657148964746E+09,   4.00577376824412E+03
  1.94750000000000E+03,   3.16891980924014E+02,  -1.45750000000000E+00,  -4.78941224051194E+01,   1.45810000000000E+02,   6.88469235146973E+09,   3.24221592503134E+03
  1.94758333300000E+03,   3.01583329142621E+02,  -1.06000000000000E+00,  -4.78549460494828E+01,   1.45990000000000E+02,   6.68624825498477E+09,   3.39783042854462E+03
  1.94766666700000E+03,   2.65966695245407E+02,  -7.70000000000000E-01,  -5.45355043430031E+01,   1.46170000000000E+02,   9.69903333386758E+09,   3.67551584138367E+03
  1.94775000000000E+03,   2.50069100237398E+02,  -5.02500000000000E-01,  -5.45070963776843E+01,   1.46350000000000E+02,   9.65553809487637E+09,   3.07956041717827E+03
  1.94783333300000E+03,   2.54223970079286E+02,   4.75000000000000E-02,  -5.44782046138832E+01,   1.46530000000000E+02,   1.03912101998770E+10,   2.55388646677528E+03
  1.94791666700000E+03,   2.58482590245864E+02,   2.00000000000000E-01,  -5.44488339785925E+01,   1.46710000000000E+02,   9.34273289106504E+09,   2.42722875217944E+03
  1.94800000000000E+03,   2.62733138533555E+02,  -1.07500000000000E-01,  -5.44189894492518E+01,   1.46890000000000E+02,   1.28551329251518E+10,   2.32810839892309E+03
  1.94808333300000E+03,   2.66970620168668E+02,  -1.52500000000000E-01,  -5.43886760527530E+01,   1.47070000000000E+02,   9.81184749429531E+09,   5.74170133293644E+03
  1.94816666700000E+03,   2.71258696585977E+02,  -1.52500000000000E-01,  -5.43578988644391E+01,   1.47250000000000E+02,   9.87171519880762E+09,   9.01140993497688E+03
  1.94825000000000E+03,   2.75619980910564E+02,  -3.40000000000000E-01,  -5.43266630070950E+01,   1.47430000000000E+02,   8.85170604912226E+09,   1.02369911391372E+04
  1.94833333300000E+03,   2.79971849611807E+02,  -1.07500000000000E-01,  -5.42949736499321E+01,   1.47610000000000E+02,   6.44177385519785E+09,   1.02519799667967E+04
  1.94841666700000E+03,   2.84177524451714E+02,   1.17500000000000E-01,  -5.42628360075645E+01,   1.47790000000000E+02,   4.14870427704277E+09,   1.52180360659609E+04
  1.94850000000000E+03,   2.88163457546117E+02,  -1.62500000000000E-01,  -5.42302553389805E+01,   1.47970000000000E+02,   3.94758008541836E+09,   1.25413775091060E+04
  1.94858333300000E+03,   3.19819925953915E+02,  -3.90000000000000E-01,  -5.41972369465061E+01,   1.48150000000000E+02,   3.07073957187363E+09,   9.37831413173415E+03
  1.94866666700000E+03,   3.79146102948229E+02,  -3.50000000000000E-01,  -4.41174553694639E+01,   1.48330000000000E+02,   2.76494422275215E+09,   1.26519214411641E+04
  1.94875000000000E+03,   4.10540522886678E+02,   1.92500000000000E-01,  -4.40737626815727E+01,   1.48510000000000E+02,   3.82818621380605E+09,   1.30675430673841E+04
  1.94883333300000E+03,   4.14352830337564E+02,   7.95000000000000E-01,  -4.40298566586367E+01,   1.48690000000000E+02,   3.24628006938105E+09,   9.92030738951434E+03
  1.94891666700000E+03,   4.18593848502327E+02,   9.77500000000000E-01,  -4.39857429817241E+01,   1.48870000000000E+02,   4.54567701296777E+09,   8.31563290105239E+03
  1.94900000000000E+03,   4.23175493190937E+02,   1.27000000000000E+00,  -4.39414273326611E+01,   1.49050000000000E+02,   3.76316675535742E+09,   8.04472235235292E+03
  1.94908333300000E+03,   4.28025130154995E+02,   1.23000000000000E+00,  -4.38969153930478E+01,   1.49230000000000E+02,   6.96879357488672E+09,   6.63866784710996E+03
  1.94916666700000E+03,   4.33072186949030E+02,   7.92500000000000E-01,  -4.38522128432745E+01,   1.49410000000000E+02,   8.53154176671367E+09,   6.87085265601221E+03
  1.94925000000000E+03,   4.38187071506306E+02,   4.82500000000000E-01,  -4.38073253615416E+01,   1.49590000000000E+02,   7.87178840568301E+09,   5.41334643943217E+03
  1.94933333300000E+03,   4.43175280989951E+02,   8.00000000000000E-02,  -4.37622586228804E+01,   1.49770000000000E+02,   7.14765312320566E+09,   7.23396062404048E+03
  1.94941666700000E+03,   4.47877918578454E+02,   7.50000000000000E-02,  -4.37170182981779E+01,   1.49950000000000E+02,   7.44772964090664E+09,   7.77500288182441E+03
  1.94950000000000E+03,   4.52312641864791E+02,   5.67500000000000E-01,  -4.36716100532027E+01,   1.50130000000000E+02,   6.15664939113105E+09,   1.06680182043325E+04
  1.94958333300000E+03,   4.74833198055919E+02,   8.15000000000000E-01,  -4.36260395476351E+01,   1.50310000000000E+02,   4.84372246284355E+09,   9.90572392226327E+03
  1.94966666700000E+03,   5.15256497764281E+02,   8.15000000000000E-01,  -3.99427181429265E+01,   1.50490000000000E+02,   4.92076383453066E+09,   1.12879921207208E+04
  1.94975000000000E+03,   5.36945740288370E+02,   9.15000000000000E-01,  -3.99249479322485E+01,   1.50670000000000E+02,   5.37167934709062E+09,   1.05433550133966E+04
  1.94983333300000E+03,   5.40209997002674E+02,   1.04500000000000E+00,  -3.99071046067101E+01,   1.50850000000000E+02,   5.06448034188984E+09,   1.05932346864052E+04
  1.94991666700000E+03,   5.43467441398780E+02,   1.08750000000000E+00,  -3.98891854943419E+01,   1.51030000000000E+02,   3.03865521340234E+09,   5.16583378979713E+03
  1.95000000000000E+03,   5.46644793292409E+02,   7.17500000000000E-01,  -3.98711879583834E+01,   1.51210000000000E+02,   3.77781514089238E+09,   6.19191388333887E+03
  1.95008333300000E+03,   5.49772517707631E+02,  -2.02500000000000E-01,  -3.98531093980293E+01,   1.51390000000000E+02,   3.90723911758125E+09,   6.52465836273562E+03
  1.95016666700000E+03,   5.52943180797273E+02,  -9.87500000000000E-01,  -3.98349472491685E+01,   1.51570000000000E+02,   5.55093262725859E+09,   6.78157141855899E+03
  1.95025000000000E+03,   5.56200343406661E+02,  -1.11000000000000E+00,  -3.98166989851141E+01,   1.51750000000000E+02,   6.88223386332305E+09,   1.22004597020902E+04
  1.95033333300000E+03,   5.59475719397935E+02,  -7.72500000000000E-01,  -3.97983621173255E+01,   1.51930000000000E+02,   6.92522155165703E+09,   1.15091930610668E+04
  1.95041666700000E+03,   5.62644508073835E+02,  -5.47500000000000E-01,  -3.97799341961223E+01,   1.52110000000000E+02,   5.37101116554062E+09,   1.53811045985028E+04
  1.95050000000000E+03,   5.65649415312659E+02,  -3.82500000000000E-01,  -3.97614128113891E+01,   1.52290000000000E+02,   5.77360956297773E+09,   1.35462891911294E+04
  1.95058333300000E+03,   5.65051866673076E+02,  -6.25000000000000E-02,  -3.97427955932718E+01,   1.52470000000000E+02,   4.21602615619688E+09,   1.17681828875199E+04
  1.95066666700000E+03,   5.61078845862742E+02,  -1.75000000000000E-01,  -4.02626546234277E+01,   1.52650000000000E+02,   4.16855428904063E+09,   7.00475097561665E+03
  1.95075000000000E+03,   5.60929198511338E+02,  -2.75000000000000E-01,  -4.02457177055365E+01,   1.52830000000000E+02,   4.21226842244766E+09,   7.87057621083576E+03
  1.95083333300000E+03,   5.64487963698464E+02,   3.45000000000000E-01,  -4.02287626510861E+01,   1.53010000000000E+02,   3.86499498897969E+09,   4.69995795940645E+03
  1.95091666700000E+03,   5.68052844863690E+02,   8.47500000000000E-01,  -4.02117862791673E+01,   1.53190000000000E+02,   5.19435700976172E+09,   9.33718339350168E+03
  1.95100000000000E+03,   5.71552645448096E+02,   6.80000000000000E-01,  -4.01947854289820E+01,   1.53370000000000E+02,   6.06114518131523E+09,   9.46094089340176E+03
  1.95108333300000E+03,   5.75017962043957E+02,   2.27500000000000E-01,  -4.01777569607078E+01,   1.53550000000000E+02,   4.94766242233242E+09,   1.12091090169124E+04
  1.95116666700000E+03,   5.78539144548034E+02,   4.27500000000000E-01,  -4.01606977563587E+01,   1.53730000000000E+02,   6.04847141441133E+09,   1.14698616389195E+04
  1.95125000000000E+03,   5.82154954047233E+02,   1.25500000000000E+00,  -4.01436047206404E+01,   1.53910000000000E+02,   8.51949540932305E+09,   1.07475476117484E+04
  1.95133333300000E+03,   5.85789668202694E+02,   1.95500000000000E+00,  -4.01264747818002E+01,   1.54090000000000E+02,   8.90464641946680E+09,   5.98438189247046E+03
  1.95141666700000E+03,   5.89308553061524E+02,   2.88000000000000E+00,  -4.01093048924717E+01,   1.54270000000000E+02,   9.98234709241328E+09,   5.91293395445924E+03
  1.95150000000000E+03,   5.92642217972215E+02,   3.54000000000000E+00,  -4.00920920305138E+01,   1.54450000000000E+02,   1.13265079916277E+10,   2.86022057380527E+03
  1.95158333300000E+03,   5.55253315311125E+02,   3.14250000000000E+00,  -4.00748331998437E+01,   1.54630000000000E+02,   9.82458679157500E+09,   2.47181566888038E+03
  1.95166666700000E+03,   4.77246136981539E+02,   2.60000000000000E+00,  -4.86391681056790E+01,   1.54810000000000E+02,   7.76992260285312E+09,   2.88674368686117E+03
  1.95175000000000E+03,   4.39847996134214E+02,   2.30500000000000E+00,  -4.85957693767876E+01,   1.54990000000000E+02,   7.59030947461953E+09,   3.40972561818417E+03
  1.95183333300000E+03,   4.43028036311582E+02,   1.90750000000000E+00,  -4.85521297998276E+01,   1.55170000000000E+02,   4.54056273010312E+09,   3.88624556205347E+03
  1.95191666700000E+03,   4.46171557882938E+02,   1.68500000000000E+00,  -4.85082552694008E+01,   1.55350000000000E+02,   3.69240016584492E+09,   5.64235506290793E+03
  1.95200000000000E+03,   4.49349125490726E+02,   1.69500000000000E+00,  -4.84641516848147E+01,   1.55530000000000E+02,   3.63589718415352E+09,   4.86236685884465E+03
  1.95208333300000E+03,   4.52745015955806E+02,   1.86250000000000E+00,  -4.84198249490252E+01,   1.55710000000000E+02,   7.38008039203125E+09,   3.86376880977843E+03
  1.95216666700000E+03,   4.56569945389444E+02,   2.03250000000000E+00,  -4.83752809675810E+01,   1.55890000000000E+02,   6.08929331935742E+09,   3.91718011423144E+03
  1.95225000000000E+03,   4.60909934509174E+02,   1.93000000000000E+00,  -4.83305256475700E+01,   1.56070000000000E+02,   7.06284144986641E+09,   4.01477669662926E+03
  1.95233333300000E+03,   4.65643801308004E+02,   2.28250000000000E+00,  -4.82855648965666E+01,   1.56250000000000E+02,   6.78341372626367E+09,   5.38357048825845E+03
  1.95241666700000E+03,   4.70508427319556E+02,   3.24000000000000E+00,  -4.82404046215816E+01,   1.56430000000000E+02,   6.99810865636172E+09,   6.60609436686076E+03
  1.95250000000000E+03,   4.75262128547198E+02,   3.77250000000000E+00,  -4.81950507280142E+01,   1.56610000000000E+02,   4.86057098116797E+09,   9.53015995932594E+03
  1.95258333300000E+03,   4.92791723510124E+02,   3.79750000000000E+00,  -4.81495091186058E+01,   1.56790000000000E+02,   4.53267529835977E+09,   9.23013260825817E+03
  1.95266666700000E+03,   5.23079252523419E+02,   3.64750000000000E+00,  -4.45380120396256E+01,   1.56970000000000E+02,   5.38842301233008E+09,   1.16100204779426E+04
  1.95275000000000E+03,   5.40225639225100E+02,   3.24750000000000E+00,  -4.44967418296291E+01,   1.57150000000000E+02,   5.82027923682500E+09,   8.58578277296387E+03
  1.95283333300000E+03,   5.44393012238513E+02,   2.93500000000000E+00,  -4.44552021960131E+01,   1.57330000000000E+02,   9.66543195970781E+09,   7.34587189018913E+03
  1.95291666700000E+03,   5.48577793932619E+02,   2.93750000000000E+00,  -4.44133987587180E+01,   1.57510000000000E+02,   7.79191458123945E+09,   4.27142134387661E+03
  1.95300000000000E+03,   5.52672948728464E+02,   2.58750000000000E+00,  -4.43713371482753E+01,   1.57690000000000E+02,   7.67796518281719E+09,   4.44638320829924E+03
  1.95308333300000E+03,   5.56646879514784E+02,   1.89000000000000E+00,  -4.43290230048138E+01,   1.57870000000000E+02,   6.95482565827188E+09,   3.41047711130939E+03
  1.95316666700000E+03,   5.60526556487955E+02,   1.90000000000000E+00,  -4.42864619770650E+01,   1.58050000000000E+02,   7.18168518004414E+09,   3.42386301483363E+03
  1.95325000000000E+03,   5.64316472983222E+02,   2.72250000000000E+00,  -4.42436597213698E+01,   1.58230000000000E+02,   3.31700050071133E+09,   3.72994965372086E+03
  1.95333333300000E+03,   5.67960423041088E+02,   3.13000000000000E+00,  -4.42006219006849E+01,   1.58410000000000E+02,   4.50034809106953E+09,   6.73470108605754E+03
  1.95341666700000E+03,   5.71406190887376E+02,   3.03750000000000E+00,  -4.41573541835906E+01,   1.58590000000000E+02,   7.03459149296133E+09,   6.29949366886318E+03
  1.95350000000000E+03,   5.74718272715478E+02,   2.99750000000000E+00,  -4.41138622432987E+01,   1.58770000000000E+02,   7.35172839355000E+09,   6.14106187214125E+03
  1.95358333300000E+03,   5.52555664299331E+02,   2.79500000000000E+00,  -4.40701517566621E+01,   1.58950000000000E+02,   9.71442223808633E+09,   8.11477454789020E+03
  1.95366666700000E+03,   5.04810227140816E+02,   2.35750000000000E+00,  -5.07985595675948E+01,   1.59130000000000E+02,   1.06855897898820E+10,   9.69719757891409E+03
  1.95375000000000E+03,   4.82296208026633E+02,   1.99000000000000E+00,  -5.07877303974991E+01,   1.59310000000000E+02,   9.84169799849961E+09,   8.14495858383868E+03
  1.95383333300000E+03,   4.85206062110112E+02,   2.17500000000000E+00,  -5.07763086067569E+01,   1.59490000000000E+02,   8.19297846897930E+09,   1.00289460752524E+04
  1.95391666700000E+03,   4.88168198000175E+02,   2.40750000000000E+00,  -5.07642969658103E+01,   1.59670000000000E+02,   7.26151745202539E+09,   8.31582161564250E+03
  1.95400000000000E+03,   4.91113050597239E+02,   1.96000000000000E+00,  -5.07516983181506E+01,   1.59850000000000E+02,   3.95531702747773E+09,   7.40432008053511E+03
  1.95408333300000E+03,   4.94072279095148E+02,   1.24000000000000E+00,  -5.07385155796941E+01,   1.60030000000000E+02,   3.18961032137617E+09,   7.05897743008472E+03
  1.95416666700000E+03,   4.97136738586258E+02,   6.52500000000000E-01,  -5.07247517381463E+01,   1.60210000000000E+02,   2.81382689544414E+09,   7.00173522746470E+03
  1.95425000000000E+03,   5.00345085757849E+02,   3.02500000000000E-01,  -5.07104098523543E+01,   1.60390000000000E+02,   1.50861441414883E+09,   6.59023033630289E+03
  1.95433333300000E+03,   5.03620779509387E+02,   5.05000000000000E-01,  -5.06954930516476E+01,   1.60570000000000E+02,   3.98091697072031E+09,   7.58277043524440E+03
  1.95441666700000E+03,   5.06827407107908E+02,   4.97500000000000E-01,  -5.06800045351672E+01,   1.60750000000000E+02,   4.12788811436992E+09,   7.42536229254436E+03
  1.95450000000000E+03,   5.09892885127404E+02,  -7.25000000000000E-02,  -5.06639475711832E+01,   1.60930000000000E+02,   3.89423919522227E+09,   7.32591040567141E+03
  1.95458333300000E+03,   5.29900172094373E+02,  -2.70000000000000E-01,  -5.06473254964012E+01,   1.61110000000000E+02,   3.99290444746680E+09,   9.29350475942008E+03
  1.95466666700000E+03,   5.67112241134918E+02,  -2.30000000000000E-01,  -4.74791763032869E+01,   1.61290000000000E+02,   5.65014224896719E+09,   8.73994257512316E+03
  1.95475000000000E+03,   5.87324330398833E+02,  -3.15000000000000E-01,  -4.75367563801016E+01,   1.61470000000000E+02,   4.66695316866172E+09,   8.53123649148159E+03
  1.95483333300000E+03,   5.89607786964016E+02,  -4.02500000000000E-01,  -4.75940277814742E+01,   1.61650000000000E+02,   5.74558689907305E+09,   7.75295783591513E+03
  1.95491666700000E+03,   5.90406339853715E+02,  -1.92500000000000E-01,  -4.76509839129068E+01,   1.61830000000000E+02,   6.22053442932305E+09,   8.21133108260594E+03
  1.95500000000000E+03,   5.89917952363535E+02,   2.92500000000000E-01,  -4.77076182225203E+01,   1.62010000000000E+02,   6.23815671083828E+09,   4.81039914034680E+03
  1.95508333300000E+03,   5.88716161519907E+02,   4.32500000000000E-01,  -4.77639242020588E+01,   1.62190000000000E+02,   5.30099572307695E+09,   5.25670525959041E+03
  1.95516666700000E+03,   5.87535045418410E+02,   4.82500000000000E-01,  -4.78198953878865E+01,   1.62370000000000E+02,   3.65222903516953E+09,   6.98341869265717E+03
  1.95525000000000E+03,   5.86946814287077E+02,   9.57500000000000E-01,  -4.78755253619764E+01,   1.62550000000000E+02,   2.71053319996289E+09,   7.57440485894904E+03
  1.95533333300000E+03,   5.87139985043684E+02,   1.54000000000000E+00,  -4.79308077528916E+01,   1.62730000000000E+02,   2.10626218181992E+09,   7.21991152323298E+03
  1.95541666700000E+03,   5.87931804404084E+02,   2.01500000000000E+00,  -4.79857362367579E+01,   1.62910000000000E+02,   2.59602208889023E+09,   8.23122417239845E+03
  1.95550000000000E+03,   5.88974755909260E+02,   2.20000000000000E+00,  -4.80403045382281E+01,   1.63090000000000E+02,   2.12006033464062E+09,   7.78943296725024E+03
  1.95558333300000E+03,   6.26270119201861E+02,   1.99250000000000E+00,  -4.80945064314383E+01,   1.63270000000000E+02,   3.14999480395156E+09,   5.53437126843501E+03
  1.95566666700000E+03,   7.00474721589045E+02,   2.09000000000000E+00,  -4.09939614049929E+01,   1.63450000000000E+02,   5.47364535402344E+09,   4.86737055250369E+03
  1.95575000000000E+03,   7.39760803874820E+02,   2.80750000000000E+00,  -4.09619590880120E+01,   1.63630000000000E+02,   5.45560979379453E+09,   3.14984600500427E+03
  1.95583333300000E+03,   7.43262233998233E+02,   3.20750000000000E+00,  -4.09299747590917E+01,   1.63810000000000E+02,   5.19938617077383E+09,   3.22686973151676E+03
  1.95591666700000E+03,   7.46339626960326E+02,   2.65000000000000E+00,  -4.08980127462125E+01,   1.63990000000000E+02,   5.29137000701016E+09,   4.69515142353140E+03
  1.95600000000000E+03,   7.48905824775989E+02,   1.74500000000000E+00,  -4.08660774151704E+01,   1.64170000000000E+02,   5.10936739027031E+09,   6.05455290788878E+03
  1.95608333300000E+03,   7.51013110689410E+02,   9.07500000000000E-01,  -4.08341731687618E+01,   1.64350000000000E+02,   6.08091810163789E+09,   6.27665731775425E+03
  1.95616666700000E+03,   7.52813278574044E+02,   3.97500000000000E-01,  -4.08023044459614E+01,   1.64530000000000E+02,   7.78070344926133E+09,   1.18204089536736E+04
  1.95625000000000E+03,   7.54443073307822E+02,   1.42500000000000E-01,  -4.07704757210898E+01,   1.64710000000000E+02,   8.35714380694609E+09,   1.25210385057624E+04
  1.95633333300000E+03,   7.55953017887384E+02,  -8.55000000000000E-01,  -4.07386915029726E+01,   1.64890000000000E+02,   9.00596192517891E+09,   1.08364942541439E+04
  1.95641666700000E+03,   7.57350595161409E+02,  -1.75750000000000E+00,  -4.07069563340905E+01,   1.65070000000000E+02,   9.39128296088047E+09,   9.10429618535154E+03
  1.95650000000000E+03,   7.58709996791517E+02,  -1.42500000000000E+00,  -4.06752747897213E+01,   1.65250000000000E+02,   5.75021034892813E+09,   1.13189314299373E+04
  1.95658333300000E+03,   7.52705077774028E+02,  -1.00750000000000E+00,  -4.06436514770734E+01,   1.65430000000000E+02,   4.26836205794609E+09,   6.22012282363176E+03
  1.95666666700000E+03,   7.39634111840159E+02,  -8.65000000000000E-01,  -4.21791423322753E+01,   1.65610000000000E+02,   3.09706137986680E+09,   4.56791859326027E+03
  1.95675000000000E+03,   7.34648955432477E+02,  -7.17500000000000E-01,  -4.21504371275033E+01,   1.65790000000000E+02,   2.28063881750391E+09,   3.54763765393347E+03
  1.95683333300000E+03,   7.37507541629517E+02,  -5.57500000000000E-01,  -4.21219721823768E+01,   1.65970000000000E+02,   7.01533791720312E+08,   6.05967344573084E+03
  1.95691666700000E+03,   7.40477110384862E+02,  -3.90000000000000E-01,  -4.20937462373843E+01,   1.66150000000000E+02,   2.23635606388242E+09,   5.56826358523406E+03
  1.95700000000000E+03,   7.43531410037824E+02,  -6.87500000000000E-01,  -4.20657579772649E+01,   1.66330000000000E+02,   3.43494578655430E+09,   7.90900977877546E+03
  1.95708333300000E+03,   7.46726486055963E+02,  -8.47500000000000E-01,  -4.20380060315451E+01,   1.66510000000000E+02,   3.65088640777031E+09,   8.67429402693547E+03
  1.95716666700000E+03,   7.50157967660837E+02,  -6.12500000000000E-01,  -4.20104889750867E+01,   1.66690000000000E+02,   6.00460491381641E+09,   9.73584761708006E+03
  1.95725000000000E+03,   7.53851432144920E+02,  -7.85000000000000E-01,  -4.19832053286452E+01,   1.66870000000000E+02,   6.88800392276484E+09,   9.98738756675012E+03
  1.95733333300000E+03,   7.57703168732389E+02,  -8.87500000000000E-01,  -4.19561535594392E+01,   1.67050000000000E+02,   6.77074675215000E+09,   1.40062702348005E+04
  1.95741666700000E+03,   7.61540630094728E+02,  -3.32500000000000E-01,  -4.19293320817306E+01,   1.67230000000000E+02,   5.61384824259688E+09,   1.12074677341318E+04
  1.95750000000000E+03,   7.65252390229134E+02,   6.05000000000000E-01,  -4.19027392574145E+01,   1.67410000000000E+02,   6.30992028475859E+09,   1.07813882124802E+04
  1.95758333300000E+03,   7.37650408154461E+02,   1.59250000000000E+00,  -4.18763733966207E+01,   1.67590000000000E+02,   3.68708401127266E+09,   1.16355281305183E+04
  1.95766666700000E+03,   6.79390631285241E+02,   1.91500000000000E+00,  -4.94470768053360E+01,   1.67770000000000E+02,   3.43196669432461E+09,   1.06230784108726E+04
  1.95775000000000E+03,   6.53473240351526E+02,   1.44250000000000E+00,  -4.94881076779034E+01,   1.67950000000000E+02,   2.00949724869648E+09,   4.83956520507876E+03
  1.95783333300000E+03,   6.59163547908670E+02,   9.22500000000000E-01,  -4.95286119723748E+01,   1.68130000000000E+02,   3.45762651139102E+09,   6.20330081858169E+03
  1.95791666700000E+03,   6.64386447747642E+02,   6.57500000000000E-01,  -4.95685854300672E+01,   1.68310000000000E+02,   7.23103877076211E+09,   7.07445828388203E+03
  1.95800000000000E+03,   6.68916371108327E+02,   8.45000000000000E-01,  -4.96080238670362E+01,   1.68490000000000E+02,   7.35330740958828E+09,   6.16310600068327E+03
  1.95808333300000E+03,   6.72728844425408E+02,   1.85750000000000E+00,  -4.96469231746633E+01,   1.68670000000000E+02,   7.39593009893359E+09,   7.60596888578832E+03
  1.95816666700000E+03,   6.75947336047598E+02,   2.98750000000000E+00,  -4.96852793202305E+01,   1.68850000000000E+02,   1.08135501919957E+10,   7.83484789896011E+03
  1.95825000000000E+03,   6.78706818060181E+02,   3.02250000000000E+00,  -4.97230883474809E+01,   1.69030000000000E+02,   1.06609151621531E+10,   9.17780698855892E+03
  1.95833333300000E+03,   6.81059813590343E+02,   2.35250000000000E+00,  -4.97603463771669E+01,   1.69210000000000E+02,   7.09955427304062E+09,   9.84161528205778E+03
  1.95841666700000E+03,   6.83002554485350E+02,   1.94750000000000E+00,  -4.97970496075835E+01,   1.69390000000000E+02,   7.41022644850430E+09,   9.93954176387098E+03
  1.95850000000000E+03,   6.84577480886654E+02,   1.70500000000000E+00,  -4.98331943150890E+01,   1.69570000000000E+02,   9.38459347838867E+09,   6.87698032825701E+03
  1.95858333300000E+03,   6.87780665444584E+02,   1.67500000000000E+00,  -4.98687768546116E+01,   1.69750000000000E+02,   6.00195921911641E+09,   6.79501714499295E+03
  1.95866666700000E+03,   6.93346549216109E+02,   1.77250000000000E+00,  -4.96173500354503E+01,   1.69930000000000E+02,   5.44448818680898E+09,   4.33784188781977E+03
  1.95875000000000E+03,   6.98088967492127E+02,   1.68250000000000E+00,  -4.96561201681995E+01,   1.70110000000000E+02,   7.82751286020898E+09,   4.83290589470956E+03
  1.95883333300000E+03,   7.01181177007856E+02,   1.78250000000000E+00,  -4.96943461884008E+01,   1.70290000000000E+02,   9.37289685729922E+09,   6.33727694829032E+03
  1.95891666700000E+03,   7.03772405455104E+02,   1.73750000000000E+00,  -4.97320241581141E+01,   1.70470000000000E+02,   7.45492034014531E+09,   8.56584663250819E+03
  1.95900000000000E+03,   7.05921288209570E+02,   1.26250000000000E+00,  -4.97691502165368E+01,   1.70650000000000E+02,   8.47523624010625E+09,   9.15362461190950E+03
  1.95908333300000E+03,   7.07783624266527E+02,   6.80000000000000E-01,  -4.98057205805343E+01,   1.70830000000000E+02,   1.37917806317184E+10,   9.64108687838595E+03
  1.95916666700000E+03,   7.09551026039283E+02,   6.50000000000000E-02,  -4.98417315451577E+01,   1.71010000000000E+02,   1.17290632054207E+10,   1.06649013711348E+04
  1.95925000000000E+03,   7.11330826702270E+02,  -1.42500000000000E-01,  -4.98771794841464E+01,   1.71190000000000E+02,   1.09553401258398E+10,   1.06814186723534E+04
  1.95933333300000E+03,   7.13084299351401E+02,  -1.95000000000000E-01,  -4.99120608504180E+01,   1.71370000000000E+02,   1.03658557801961E+10,   9.15048500874285E+03
  1.95941666700000E+03,   7.14690375133492E+02,  -4.32500000000000E-01,  -4.99463721765437E+01,   1.71550000000000E+02,   9.74397993330234E+09,   8.82060975661054E+03
  1.95950000000000E+03,   7.16081722172655E+02,  -3.50000000000000E-01,  -4.99801100752100E+01,   1.71730000000000E+02,   3.89614663116016E+09,   8.49713929736670E+03
  1.95958333300000E+03,   7.18921075272589E+02,   2.22500000000000E-01,  -5.00132712396661E+01,   1.71910000000000E+02,   2.98321677366875E+09,   5.33729502763301E+03
  1.95966666700000E+03,   7.23389581270725E+02,   8.65000000000000E-01,  -4.99229392195451E+01,   1.72090000000000E+02,   3.25810068013477E+09,   3.77441122408044E+03
  1.95975000000000E+03,   7.26435694812507E+02,   9.27500000000000E-01,  -4.99570701338816E+01,   1.72270000000000E+02,   5.24522845782969E+09,   8.89114363157488E+03
  1.95983333300000E+03,   7.28016676463817E+02,   7.32500000000000E-01,  -4.99906265695858E+01,   1.72450000000000E+02,   5.74266867468359E+09,   9.98474975347649E+03
  1.95991666700000E+03,   7.29600051064209E+02,   1.04000000000000E+00,  -5.00236052453950E+01,   1.72630000000000E+02,   5.28553209456328E+09,   9.89661001470238E+03
  1.96000000000000E+03,   7.31122875730808E+02,   1.62250000000000E+00,  -5.00560029611760E+01,   1.72810000000000E+02,   4.84128688430273E+09,   9.95053368863463E+03
  1.96008333300000E+03,   7.32636268817494E+02,   1.67000000000000E+00,  -5.00878165983398E+01,   1.72990000000000E+02,   3.54845746363242E+09,   9.32862949707415E+03
  1.96016666700000E+03,   7.34262469111545E+02,   1.15000000000000E+00,  -5.01190431202422E+01,   1.73170000000000E+02,   3.80118407511172E+09,   6.95682048383392E+03
  1.96025000000000E+03,   7.36079275515245E+02,   1.38500000000000E+00,  -5.01496795725693E+01,   1.73350000000000E+02,   8.89540210838906E+09,   5.84878073652461E+03
  1.96033333300000E+03,   7.38051146065907E+02,   2.47500000000000E+00,  -5.01797230837092E+01,   1.73530000000000E+02,   1.11493717952305E+10,   7.62552586488351E+03
  1.96041666700000E+03,   7.40078441467715E+02,   2.95000000000000E+00,  -5.02091708651089E+01,   1.73710000000000E+02,   1.15129603272223E+10,   8.63612520098910E+03
  1.96050000000000E+03,   7.42116660331188E+02,   2.91000000000000E+00,  -5.02380202116166E+01,   1.73890000000000E+02,   1.16774065515953E+10,   1.18072064048970E+04
  1.96058333300000E+03,   7.91136954730432E+02,   2.80000000000000E+00,  -5.02662685018097E+01,   1.74070000000000E+02,   9.44099995398984E+09,   9.11221702054534E+03
  1.96066666700000E+03,   8.87549437287586E+02,   2.55250000000000E+00,  -4.00238984425167E+01,   1.74250000000000E+02,   4.51256523653320E+09,   9.44980793783907E+03
  1.96075000000000E+03,   9.37879521789013E+02,   2.55250000000000E+00,  -4.00064302075513E+01,   1.74430000000000E+02,   2.68079427308906E+09,   7.50357439192440E+03
  1.96083333300000E+03,   9.41741921588152E+02,   2.25500000000000E+00,  -3.99889016298079E+01,   1.74610000000000E+02,   4.67308961810898E+09,   5.91294743537139E+03
  1.96091666700000E+03,   9.45609162254576E+02,   1.38750000000000E+00,  -3.99713098846480E+01,   1.74790000000000E+02,   6.42875278990391E+09,   4.54100610945541E+03
  1.96100000000000E+03,   9.49401135194629E+02,   7.72500000000000E-01,  -3.99536521790958E+01,   1.74970000000000E+02,   7.30127622482578E+09,   5.66655839257985E+03
  1.96108333300000E+03,   9.53140148516837E+02,   8.47500000000000E-01,  -3.99359257526204E+01,   1.75150000000000E+02,   6.16392594383477E+09,   5.22872564906348E+03
  1.96116666700000E+03,   9.56909665360268E+02,   1.43000000000000E+00,  -3.99181278779089E+01,   1.75330000000000E+02,   6.91535106262891E+09,   6.75282554152086E+03
  1.96125000000000E+03,   9.60743666728788E+02,   1.90750000000000E+00,  -3.99002558616340E+01,   1.75510000000000E+02,   4.60494589825430E+09,   6.71767342853341E+03
  1.96133333300000E+03,   9.64564357588343E+02,   1.53250000000000E+00,  -3.98823070452121E+01,   1.75690000000000E+02,   6.41937235987383E+09,   5.07554475500174E+03
  1.96141666700000E+03,   9.68238074462404E+02,   5.15000000000000E-01,  -3.98642788055557E+01,   1.75870000000000E+02,   8.36393810949844E+09,   5.18376843588762E+03
  1.96150000000000E+03,   9.71699890624574E+02,  -5.00000000000000E-03,  -3.98461685558159E+01,   1.76050000000000E+02,   8.97420352279492E+09,   9.10984354998190E+03
  1.96158333300000E+03,   9.61423951628650E+02,   6.00000000000000E-02,  -3.98279737461183E+01,   1.76230000000000E+02,   1.73674548022320E+10,   8.93902611969672E+03
  1.96166666700000E+03,   9.37512347846290E+02,   9.75000000000000E-02,  -4.20749512440081E+01,   1.76410000000000E+02,   1.73426641496195E+10,   1.24925715454094E+04
  1.96175000000000E+03,   9.27269252053820E+02,   2.40000000000000E-01,  -4.20471216101988E+01,   1.76590000000000E+02,   1.34978916691988E+10,   1.19888108084993E+04
  1.96183333300000E+03,   9.30829169642881E+02,   8.60000000000000E-01,  -4.20195273411001E+01,   1.76770000000000E+02,   1.08566310496762E+10,   1.06325635034712E+04
  1.96191666700000E+03,   9.34584459686380E+02,   1.52500000000000E+00,  -4.19921669752281E+01,   1.76950000000000E+02,   1.14955727634445E+10,   7.19417981686108E+03
  1.96200000000000E+03,   9.38439325586844E+02,   1.57500000000000E+00,  -4.19650389973729E+01,   1.77130000000000E+02,   2.60748795996016E+09,   6.99589803744666E+03
  1.96208333300000E+03,   9.42387006047845E+02,   1.46000000000000E+00,  -4.19381418391761E+01,   1.77310000000000E+02,   3.88582701431445E+09,   6.68258265314437E+03
  1.96216666700000E+03,   9.46473400757217E+02,   1.34000000000000E+00,  -4.19114738797165E+01,   1.77490000000000E+02,   4.39592580966797E+09,   8.03275407981873E+03
  1.96225000000000E+03,   9.50691594637187E+02,   8.22500000000000E-01,  -4.18850334461087E+01,   1.77670000000000E+02,   1.05075701581227E+10,   8.10923461804390E+03
  1.96233333300000E+03,   9.54924382754245E+02,   6.75000000000000E-02,  -4.18588188141099E+01,   1.77850000000000E+02,   1.31017506792250E+10,   7.61800638427660E+03
  1.96241666700000E+03,   9.59004155946468E+02,  -4.05000000000000E-01,  -4.18328282087381E+01,   1.78030000000000E+02,   1.28123916070676E+10,   9.68969715092666E+03
  1.96250000000000E+03,   9.62840311578647E+02,  -4.60000000000000E-01,  -4.18070598048997E+01,   1.78210000000000E+02,   1.37527749561355E+10,   7.70014999017641E+03
  1.96258333300000E+03,   9.44033059068555E+02,  -4.10000000000000E-01,  -4.17815117280272E+01,   1.78390000000000E+02,   1.33101382905262E+10,   7.61304513087980E+03
  1.96266666700000E+03,   9.02567449943236E+02,  -5.75000000000000E-02,  -4.64439260796293E+01,   1.78570000000000E+02,   1.16138886026273E+10,   7.38489656523168E+03
  1.96275000000000E+03,   8.83456423906612E+02,   3.70000000000000E-01,  -4.63954670423411E+01,   1.78750000000000E+02,   7.93402119300781E+09,   8.18006516309231E+03
  1.96283333300000E+03,   8.87136602533440E+02,   7.85000000000000E-01,  -4.63470316468104E+01,   1.78930000000000E+02,   1.03610256197707E+10,   5.97253227581941E+03
  1.96291666700000E+03,   8.91278664085284E+02,   1.37250000000000E+00,  -4.62986249310030E+01,   1.79110000000000E+02,   8.60085726059805E+09,   5.73256134735420E+03
  1.96300000000000E+03,   8.95629099948324E+02,   1.59000000000000E+00,  -4.62502518926433E+01,   1.79290000000000E+02,   9.70434000139102E+09,   5.62369874363951E+03
  1.96308333300000E+03,   8.99997239425716E+02,   1.47000000000000E+00,  -4.62019174884208E+01,   1.79470000000000E+02,   5.38140880972227E+09,   6.90892952241711E+03
  1.96316666700000E+03,   9.04300973355090E+02,   1.25500000000000E+00,  -4.61536266332071E+01,   1.79650000000000E+02,   7.80892521425820E+09,   6.98664396098144E+03
  1.96325000000000E+03,   9.08519317254266E+02,   5.52500000000000E-01,  -4.61053841992809E+01,   1.79830000000000E+02,   6.70344634744023E+09,   5.78791586858407E+03
  1.96333333300000E+03,   9.12648203391045E+02,  -3.72500000000000E-01,  -4.60571950155654E+01,   1.80010000000000E+02,   7.50165331481406E+09,   6.23622707374245E+03
  1.96341666700000E+03,   9.16725544134311E+02,  -6.27500000000000E-01,  -4.60090638668731E+01,   1.80190000000000E+02,   7.31420035471406E+09,   7.29148416846320E+03
  1.96350000000000E+03,   9.20890300014492E+02,  -5.70000000000000E-01,  -4.59609954931627E+01,   1.80370000000000E+02,   7.24929553755820E+09,   1.04674842383958E+04
  1.96358333300000E+03,   9.98309476970645E+02,  -1.05000000000000E+00,  -4.59129945888056E+01,   1.80550000000000E+02,   5.04611751190117E+09,   9.64320013304837E+03
  1.96366666700000E+03,   1.14861936962156E+03,  -1.46000000000000E+00,  -3.42588901994984E+01,   1.80730000000000E+02,   3.39028902701289E+09,   1.16284286733869E+04
  1.96375000000000E+03,   1.22535613379904E+03,  -1.09250000000000E+00,  -3.42588732457607E+01,   1.80910000000000E+02,   2.42321263515430E+09,   1.07418131391194E+04
  1.96383333300000E+03,   1.22884238816487E+03,  -7.02500000000000E-01,  -3.42593642226535E+01,   1.81090000000000E+02,   2.48356884667227E+09,   9.68370540345721E+03
  1.96391666700000E+03,   1.23237475460245E+03,  -7.20000000000000E-01,  -3.42603655579914E+01,   1.81270000000000E+02,   2.89735311185195E+09,   5.05174286981896E+03
  1.96400000000000E+03,   1.23587780115670E+03,  -5.62500000000000E-01,  -3.42618796151737E+01,   1.81450000000000E+02,   3.57399681605742E+09,   5.20785944046527E+03
  1.96408333300000E+03,   1.23937765261923E+03,  -7.50000000000000E-02,  -3.42639086925741E+01,   1.81630000000000E+02,   6.50161548454180E+09,   3.43535880300887E+03
  1.96416666700000E+03,   1.24296031458051E+03,  -2.07500000000000E-01,  -3.42664550229431E+01,   1.81810000000000E+02,   6.10356233922500E+09,   4.54105521037355E+03
  1.96425000000000E+03,   1.24666066150614E+03,  -6.22500000000000E-01,  -3.42695207728193E+01,   1.81990000000000E+02,   5.16406634412578E+09,   4.77062507208586E+03
  1.96433333300000E+03,   1.25039983515279E+03,  -2.45000000000000E-01,  -3.42731080419537E+01,   1.82170000000000E+02,   5.81519258636758E+09,   5.62064478352517E+03
  1.96441666700000E+03,   1.25404092674826E+03,  -3.30000000000000E-01,  -3.42772188627439E+01,   1.82350000000000E+02,   6.03385175842891E+09,   8.62049603043571E+03
  1.96450000000000E+03,   1.25751346074452E+03,  -1.38500000000000E+00,  -3.42818551996808E+01,   1.82530000000000E+02,   3.24911090693125E+09,   1.37557264811456E+04
  1.96458333300000E+03,   1.18534511687502E+03,  -2.17000000000000E+00,  -3.42870189488055E+01,   1.82710000000000E+02,   3.25463094774727E+09,   1.21629653881453E+04
  1.96466666700000E+03,   1.03766853177264E+03,  -2.45500000000000E+00,  -4.64544722578326E+01,   1.82890000000000E+02,   3.86929309869844E+09,   1.10910870298792E+04
  1.96475000000000E+03,   9.65650650144203E+02,  -2.41500000000000E+00,  -4.64638980377096E+01,   1.83070000000000E+02,   2.59434375653086E+09,   1.54471740630556E+04
  1.96483333300000E+03,   9.69289470838807E+02,  -1.90250000000000E+00,  -4.64727004868950E+01,   1.83250000000000E+02,   2.89291771349492E+09,   1.17775746082719E+04
  1.96491666700000E+03,   9.72956331033557E+02,  -1.60750000000000E+00,  -4.64808797245005E+01,   1.83430000000000E+02,   4.33066886097070E+09,   6.77174409386776E+03
  1.96500000000000E+03,   9.76572508581102E+02,  -1.83000000000000E+00,  -4.64884359514667E+01,   1.83610000000000E+02,   4.50538669071484E+09,   6.97594431479536E+03
  1.96508333300000E+03,   9.80161531226606E+02,  -1.66750000000000E+00,  -4.64953694503954E+01,   1.83790000000000E+02,   3.71213815861484E+09,   6.98650994386636E+03
  1.96516666700000E+03,   9.83807452286939E+02,  -1.16500000000000E+00,  -4.65016805853690E+01,   1.83970000000000E+02,   8.34693336434766E+09,   3.85735861153118E+03
  1.96525000000000E+03,   9.87543777691093E+02,  -1.01750000000000E+00,  -4.65073698017549E+01,   1.84150000000000E+02,   7.40547293806641E+09,   7.88774842523970E+03
  1.96533333300000E+03,   9.91290799933189E+02,  -1.14500000000000E+00,  -4.65124376259975E+01,   1.84330000000000E+02,   6.18103782392266E+09,   7.84763856472634E+03
  1.96541666700000E+03,   9.94911216949810E+02,  -1.44250000000000E+00,  -4.65168846653961E+01,   1.84510000000000E+02,   1.06697308052770E+10,   7.78057891456746E+03
  1.96550000000000E+03,   9.98334560485297E+02,  -1.87500000000000E+00,  -4.65207116078694E+01,   1.84690000000000E+02,   1.07624403492145E+10,   7.94277498191893E+03
  1.96558333300000E+03,   1.06479864229466E+03,  -2.17000000000000E+00,  -4.65239192217067E+01,   1.84870000000000E+02,   7.97740602674922E+09,   8.34818020890653E+03
  1.96566666700000E+03,   1.19421044312973E+03,  -2.34750000000000E+00,  -3.53237382314918E+01,   1.85050000000000E+02,   8.50787309061289E+09,   4.67765225359313E+03
  1.96575000000000E+03,   1.26014578535132E+03,  -2.57750000000000E+00,  -3.53579223211232E+01,   1.85230000000000E+02,   9.60982667973125E+09,   6.57552115648538E+03
  1.96583333300000E+03,   1.26292273602538E+03,  -2.40500000000000E+00,  -3.53926231435876E+01,   1.85410000000000E+02,   7.83068365169570E+09,   6.98848445305750E+03
  1.96591666700000E+03,   1.26585360241101E+03,  -1.59250000000000E+00,  -3.54278383219932E+01,   1.85590000000000E+02,   1.10539494699000E+10,   7.17374736046568E+03
  1.96600000000000E+03,   1.26878417186053E+03,  -7.55000000000000E-01,  -3.54635654014681E+01,   1.85770000000000E+02,   9.18492064134219E+09,   4.69894299335144E+03
  1.96608333300000E+03,   1.27165769385019E+03,  -2.55000000000000E-01,  -3.54998018493886E+01,   1.85950000000000E+02,   1.04224862464773E+10,   4.48588822697625E+03
  1.96616666700000E+03,   1.27448909275858E+03,  -7.49999999999999E-03,  -3.55365450556212E+01,   1.86130000000000E+02,   1.20187769619676E+10,   6.54595909774974E+03
  1.96625000000000E+03,   1.27726741416418E+03,   1.02500000000000E-01,  -3.55737923327785E+01,   1.86310000000000E+02,   9.09278750344375E+09,   1.36376036933009E+04
  1.96633333300000E+03,   1.27990057761603E+03,  -9.25000000000000E-02,  -3.56115409164887E+01,   1.86490000000000E+02,   9.16891989971445E+09,   1.40834194905970E+04
  1.96641666700000E+03,   1.28226982543577E+03,  -4.57500000000000E-01,  -3.56497879656789E+01,   1.86670000000000E+02,   9.85943639202734E+09,   1.95277377798602E+04
  1.96650000000000E+03,   1.28434405545705E+03,  -5.95000000000000E-01,  -3.56885305628725E+01,   1.86850000000000E+02,   7.85602798203320E+09,   1.97736853614297E+04
  1.96658333300000E+03,   1.27353266386287E+03,  -4.52500000000000E-01,  -3.57277657144992E+01,   1.87030000000000E+02,   5.92341566990312E+09,   1.57180893113971E+04
  1.96666666700000E+03,   1.25061475501696E+03,  -1.72500000000000E-01,  -3.75670328235157E+01,   1.87210000000000E+02,   1.53160370683488E+10,   8.47519419909194E+03
  1.96675000000000E+03,   1.24172251653735E+03,  -2.25000000000000E-02,  -3.75366306894092E+01,   1.87390000000000E+02,   1.27078924471996E+10,   8.77402739838622E+03
  1.96683333300000E+03,   1.24625432514264E+03,   1.50000000000000E-01,  -3.75061416948067E+01,   1.87570000000000E+02,   1.21022850073582E+10,   4.53519408369772E+03
  1.96691666700000E+03,   1.25078316552984E+03,   5.10000000000000E-01,  -3.74755686267829E+01,   1.87750000000000E+02,   1.46447492616273E+10,   4.34350862967446E+03
  1.96700000000000E+03,   1.25519638823014E+03,   7.25000000000000E-01,  -3.74449143265331E+01,   1.87930000000000E+02,   1.78488353153457E+10,   4.18309643744156E+03
  1.96708333300000E+03,   1.25950377231607E+03,   4.57500000000000E-01,  -3.74141816889227E+01,   1.88110000000000E+02,   1.77660795397219E+10,   5.09443813736476E+03
  1.96716666700000E+03,   1.26379858399951E+03,  -8.75000000000000E-02,  -3.73833736620258E+01,   1.88290000000000E+02,   1.88515647593367E+10,   4.75632676711530E+03
  1.96725000000000E+03,   1.26814561156015E+03,  -7.27500000000000E-01,  -3.73524932466513E+01,   1.88470000000000E+02,   1.86437452848992E+10,   4.15796491886601E+03
  1.96733333300000E+03,   1.27251410061071E+03,  -1.72500000000000E+00,  -3.73215434958573E+01,   1.88650000000000E+02,   1.70099750237250E+10,   7.02866321531981E+03
  1.96741666700000E+03,   1.27682618798520E+03,  -2.44750000000000E+00,  -3.72905275144536E+01,   1.88830000000000E+02,   1.31096709143852E+10,   8.20748104309440E+03
  1.96750000000000E+03,   1.28107253112475E+03,  -2.31500000000000E+00,  -3.72594484584927E+01,   1.89010000000000E+02,   4.65705741741797E+09,   9.29008197606541E+03
  1.96758333300000E+03,   1.25596455780027E+03,  -1.74250000000000E+00,  -3.72283095347490E+01,   1.89190000000000E+02,   3.36345488206797E+09,   8.22969084051177E+03
  1.96766666700000E+03,   1.20135408738028E+03,  -1.24750000000000E+00,  -4.20879486802878E+01,   1.89370000000000E+02,   5.08873586946523E+09,   8.12495126877800E+03
  1.96775000000000E+03,   1.17579512461996E+03,  -1.43000000000000E+00,  -4.20977228548906E+01,   1.89550000000000E+02,   4.00591102090469E+09,   8.95164686924853E+03
  1.96783333300000E+03,   1.17950339017651E+03,  -1.90750000000000E+00,  -4.21068898316559E+01,   1.89730000000000E+02,   3.73201721519258E+09,   1.13593997736696E+04
  1.96791666700000E+03,   1.18324604681589E+03,  -2.07000000000000E+00,  -4.21154496640179E+01,   1.89910000000000E+02,   4.63841140578477E+09,   8.80767825834081E+03
  1.96800000000000E+03,   1.18694397253441E+03,  -2.21250000000000E+00,  -4.21234024831655E+01,   1.90090000000000E+02,   4.26682965792266E+09,   1.03699867451217E+04
  1.96808333300000E+03,   1.19062028849216E+03,  -2.23000000000000E+00,  -4.21307484978949E+01,   1.90270000000000E+02,   4.92693736489297E+09,   1.03469465107340E+04
  1.96816666700000E+03,   1.19435865531879E+03,  -2.03000000000000E+00,  -4.21374879944504E+01,   1.90450000000000E+02,   7.05873867718867E+09,   6.60949488711543E+03
  1.96825000000000E+03,   1.19819221546942E+03,  -1.71250000000000E+00,  -4.21436213363517E+01,   1.90630000000000E+02,   1.16342938709934E+10,   3.57662890693545E+03
  1.96833333300000E+03,   1.20204094090567E+03,  -1.76750000000000E+00,  -4.21491489642099E+01,   1.90810000000000E+02,   1.44474868268090E+10,   3.92851843750998E+03
  1.96841666700000E+03,   1.20576725787901E+03,  -2.30000000000000E+00,  -4.21540713955295E+01,   1.90990000000000E+02,   1.68609141609535E+10,   2.25662704694048E+03
  1.96850000000000E+03,   1.20930047738864E+03,  -2.44250000000000E+00,  -4.21583892244989E+01,   1.91170000000000E+02,   1.73578534944672E+10,   4.37555040349886E+03
  1.96858333300000E+03,   1.30085983444676E+03,  -2.12000000000000E+00,  -4.21621031217682E+01,   1.91350000000000E+02,   1.75629790697414E+10,   6.31842511593103E+03
  1.96866666700000E+03,   1.48085832471953E+03,  -1.67000000000000E+00,  -2.85235193277897E+01,   1.91530000000000E+02,   1.63554004656234E+10,   6.88943358001001E+03
  1.96875000000000E+03,   1.57341996024861E+03,  -1.31500000000000E+00,  -2.84931568740793E+01,   1.91710000000000E+02,   1.56008888916063E+10,   6.96365183019005E+03
  1.96883333300000E+03,   1.57838448327794E+03,  -1.24250000000000E+00,  -2.84627424516506E+01,   1.91890000000000E+02,   1.76625024465781E+10,   1.21523940516125E+04
  1.96891666700000E+03,   1.58359644605025E+03,  -1.16250000000000E+00,  -2.84322791409466E+01,   1.92070000000000E+02,   1.51534767280172E+10,   9.81547949539684E+03
  1.96900000000000E+03,   1.58896674042416E+03,  -4.72500000000000E-01,  -2.84017700663266E+01,   1.92250000000000E+02,   1.28524932360867E+10,   1.17331084184241E+04
  1.96908333300000E+03,   1.59449090609540E+03,   7.77500000000000E-01,  -2.83712183955648E+01,   1.92430000000000E+02,   9.77331308308086E+09,   1.16919877326164E+04
  1.96916666700000E+03,   1.60021260016261E+03,   1.56000000000000E+00,  -2.83406273393395E+01,   1.92610000000000E+02,   6.06188085735625E+09,   1.16168032461524E+04
  1.96925000000000E+03,   1.60611912134471E+03,   1.18000000000000E+00,  -2.83100001507132E+01,   1.92790000000000E+02,   4.55723354431211E+09,   8.95486307736598E+03
  1.96933333300000E+03,   1.61208556966426E+03,   3.87500000000000E-01,  -2.82793401246032E+01,   1.92970000000000E+02,   8.96796298146016E+09,   1.06270121864766E+04
  1.96941666700000E+03,   1.61793630941419E+03,   2.92500000000000E-01,  -2.82486505972434E+01,   1.93150000000000E+02,   1.23696504452168E+10,   7.28589860791042E+03
  1.96950000000000E+03,   1.62357324805230E+03,   1.77500000000000E-01,  -2.82179349456366E+01,   1.93330000000000E+02,   1.26264992898145E+10,   6.50818410393111E+03
  1.96958333300000E+03,   1.62083853578379E+03,  -6.47500000000000E-01,  -2.81871965869987E+01,   1.93510000000000E+02,   1.34565245343660E+10,   6.83455726724602E+03
  1.96966666700000E+03,   1.60947612620055E+03,  -1.36000000000000E+00,  -2.90759292939992E+01,   1.93690000000000E+02,   1.26790409123848E+10,   4.46864876476452E+03
  1.96975000000000E+03,   1.60550239943193E+03,  -1.61250000000000E+00,  -2.91311470773353E+01,   1.93870000000000E+02,   1.26947631546039E+10,   2.15882729443386E+03
  1.96983333300000E+03,   1.60898446222087E+03,  -1.27000000000000E+00,  -2.91866401314219E+01,   1.94050000000000E+02,   1.08263176995758E+10,   1.84751560086571E+03
  1.96991666700000E+03,   1.61167330764235E+03,  -6.00000000000000E-01,  -2.92424029978491E+01,   1.94230000000000E+02,   1.04133998096777E+10,   2.13911762060747E+03
  1.97000000000000E+03,   1.61340219983462E+03,  -3.57500000000000E-01,  -2.92984301749511E+01,   1.94410000000000E+02,   9.86657036049805E+09,   3.08095318914242E+03
  1.97008333300000E+03,   1.61443004213781E+03,  -3.27500000000000E-01,  -2.93547161185565E+01,   1.94590000000000E+02,   9.11566578263437E+09,   3.26710037121028E+03
  1.97016666700000E+03,   1.61532539046296E+03,  -8.50000000000000E-02,  -2.94112552427483E+01,   1.94770000000000E+02,   6.73617089123984E+09,   5.16194149143472E+03
  1.97025000000000E+03,   1.61668425687307E+03,  -7.75000000000000E-02,  -2.94680419206296E+01,   1.94950000000000E+02,   6.46885278250703E+09,   6.22808428926095E+03
  1.97033333300000E+03,   1.61887609615515E+03,  -7.45000000000000E-01,  -2.95250704850971E+01,   1.95130000000000E+02,   6.37126726340078E+09,   6.62768076637238E+03
  1.97041666700000E+03,   1.62197174724360E+03,  -1.63500000000000E+00,  -2.95823352296210E+01,   1.95310000000000E+02,   6.08754024134180E+09,   6.45663880426139E+03
  1.97050000000000E+03,   1.62585311797564E+03,  -1.91500000000000E+00,  -2.96398304090327E+01,   1.95490000000000E+02,   4.49131269769492E+09,   7.21930764280520E+03
  1.97058333300000E+03,   1.60239468765988E+03,  -1.65500000000000E+00,  -2.96975502403179E+01,   1.95670000000000E+02,   2.49134661683359E+09,   7.47638362088576E+03
  1.97066666700000E+03,   1.55125236411595E+03,  -1.64000000000000E+00,  -3.43569612446185E+01,   1.95850000000000E+02,   3.84575655556016E+09,   7.95127363828532E+03
  1.97075000000000E+03,   1.52772439502204E+03,  -2.03500000000000E+00,  -3.44125519769351E+01,   1.96030000000000E+02,   5.57519203387930E+09,   1.17292210192099E+04
  1.97083333300000E+03,   1.53120426286461E+03,  -2.32250000000000E+00,  -3.44678624252328E+01,   1.96210000000000E+02,   7.13201969058828E+09,   1.16347779887497E+04
  1.97091666700000E+03,   1.53333934346361E+03,  -2.37000000000000E+00,  -3.45228866990361E+01,   1.96390000000000E+02,   8.38723399731719E+09,   1.06053416765131E+04
  1.97100000000000E+03,   1.53403165890420E+03,  -2.59250000000000E+00,  -3.45776189435529E+01,   1.96570000000000E+02,   8.88599539923438E+09,   8.57789422353543E+03
  1.97108333300000E+03,   1.53357558810600E+03,  -2.96000000000000E+00,  -3.46320533405037E+01,   1.96750000000000E+02,   7.04066232712305E+09,   9.62157374470867E+03
  1.97116666700000E+03,   1.53255586463114E+03,  -3.42250000000000E+00,  -3.46861841089465E+01,   1.96930000000000E+02,   5.24750684578984E+09,   6.56615792170428E+03
  1.97125000000000E+03,   1.53158913777122E+03,  -3.76500000000000E+00,  -3.47400055060947E+01,   1.97110000000000E+02,   3.73296186140078E+09,   8.96349586539157E+03
  1.97133333300000E+03,   1.53108500746993E+03,  -3.68000000000000E+00,  -3.47935118281292E+01,   1.97290000000000E+02,   2.92118412898750E+09,   1.01079990736213E+04
  1.97141666700000E+03,   1.53116632334721E+03,  -3.61250000000000E+00,  -3.48466974110037E+01,   1.97470000000000E+02,   3.09611416839687E+09,   1.05699796563257E+04
  1.97150000000000E+03,   1.53174982310234E+03,  -3.85000000000000E+00,  -3.48995566312445E+01,   1.97650000000000E+02,   2.51068385185313E+09,   8.68561399419270E+03
  1.97158333300000E+03,   1.60113938044865E+03,  -4.07250000000000E+00,  -3.49520839067425E+01,   1.97830000000000E+02,   2.43565781825195E+09,   7.40792661391683E+03
  1.97166666700000E+03,   1.73957604100446E+03,  -3.61500000000000E+00,  -2.42169970110829E+01,   1.98010000000000E+02,   2.30528444556797E+09,   7.18534421671294E+03
  1.97175000000000E+03,   1.81045791835082E+03,  -2.80750000000000E+00,  -2.42686950951031E+01,   1.98190000000000E+02,   1.91988017842891E+09,   6.15153085924536E+03
  1.97183333300000E+03,   1.81332876967957E+03,  -2.68250000000000E+00,  -2.43207085209601E+01,   1.98370000000000E+02,   3.33587308246562E+09,   6.25278509574570E+03
  1.97191666700000E+03,   1.81606338552944E+03,  -3.05250000000000E+00,  -2.43730324671951E+01,   1.98550000000000E+02,   3.78060108744063E+09,   6.32652474478036E+03
  1.97200000000000E+03,   1.81853237364265E+03,  -3.42000000000000E+00,  -2.44256620650723E+01,   1.98730000000000E+02,   4.87175737084766E+09,   7.72796662844941E+03
  1.97208333300000E+03,   1.82088539029689E+03,  -3.90250000000000E+00,  -2.44785923992114E+01,   1.98910000000000E+02,   6.72819714973633E+09,   4.87200652059130E+03
  1.97216666700000E+03,   1.82346286412700E+03,  -4.07000000000000E+00,  -2.45318185082288E+01,   1.99090000000000E+02,   7.96929313663672E+09,   4.83044884640276E+03
  1.97225000000000E+03,   1.82657003078201E+03,  -4.01000000000000E+00,  -2.45853353853863E+01,   1.99270000000000E+02,   5.70628028183984E+09,   4.44243775259815E+03
  1.97233333300000E+03,   1.83027634023665E+03,  -4.49000000000000E+00,  -2.46391379792468E+01,   1.99450000000000E+02,   6.27179987424414E+09,   3.54354552751109E+03
  1.97241666700000E+03,   1.83437156627198E+03,  -4.66000000000000E+00,  -2.46932211943386E+01,   1.99630000000000E+02,   5.31649099746250E+09,   4.08035481961332E+03
  1.97250000000000E+03,   1.83847967088339E+03,  -4.16250000000000E+00,  -2.47475798918260E+01,   1.99810000000000E+02,   3.63205699932383E+09,   4.51273566337228E+03
  1.97258333300000E+03,   1.84606396608807E+03,  -3.72000000000000E+00,  -2.48022088901879E+01,   1.99990000000000E+02,   2.49311773519805E+09,   4.54729830090515E+03
  1.97266666700000E+03,   1.85648674547928E+03,  -3.29750000000000E+00,  -2.40121989475068E+01,   2.00170000000000E+02,   2.49715358624570E+09,   4.65836559039690E+03
  1.97275000000000E+03,   1.86193619860719E+03,  -2.99000000000000E+00,  -2.40625800147062E+01,   2.00350000000000E+02,   1.09849178129258E+09,   5.18874163962863E+03
  1.97283333300000E+03,   1.86347168469321E+03,  -3.08750000000000E+00,  -2.41132953392936E+01,   2.00530000000000E+02,   2.03525570464141E+09,   6.24604615278840E+03
  1.97291666700000E+03,   1.86559594386826E+03,  -3.49250000000000E+00,  -2.41643402963399E+01,   2.00710000000000E+02,   4.53182566568281E+09,   5.20835445349477E+03
  1.97300000000000E+03,   1.86816103392739E+03,  -3.84000000000000E+00,  -2.42157102111714E+01,   2.00890000000000E+02,   6.48459075490703E+09,   5.04905707200728E+03
  1.97308333300000E+03,   1.87099536687276E+03,  -3.87000000000000E+00,  -2.42674003599709E+01,   2.01070000000000E+02,   6.76053622350352E+09,   5.57540288697928E+03
  1.97316666700000E+03,   1.87393403659183E+03,  -3.47250000000000E+00,  -2.43194059703863E+01,   2.01250000000000E+02,   1.06484566362824E+10,   7.35100433590375E+03
  1.97325000000000E+03,   1.87681157036955E+03,  -2.71250000000000E+00,  -2.43717222221474E+01,   2.01430000000000E+02,   9.81042768369375E+09,   6.05535383637771E+03
  1.97333333300000E+03,   1.87949102998355E+03,  -2.05250000000000E+00,  -2.44243442476911E+01,   2.01610000000000E+02,   8.47254692362656E+09,   6.39777240978852E+03
  1.97341666700000E+03,   1.88195508317564E+03,  -1.66500000000000E+00,  -2.44772671327941E+01,   2.01790000000000E+02,   1.05594489401309E+10,   6.65506995908096E+03
  1.97350000000000E+03,   1.88438591906632E+03,  -1.39500000000000E+00,  -2.45304859172137E+01,   2.01970000000000E+02,   1.01819983453441E+10,   6.36767075381130E+03
  1.97358333300000E+03,   1.87180061514870E+03,  -1.36000000000000E+00,  -2.45839955953360E+01,   2.02150000000000E+02,   6.95697966664141E+09,   4.97240950295478E+03
  1.97366666700000E+03,   1.84457993271274E+03,  -1.63500000000000E+00,  -2.71665861355857E+01,   2.02330000000000E+02,   8.84310286818476E+09,   3.03756172216497E+03
  1.97375000000000E+03,   1.83341948202940E+03,  -2.03500000000000E+00,  -2.71502876900617E+01,   2.02510000000000E+02,   8.03240224430156E+09,   3.22769632361792E+03
  1.97383333300000E+03,   1.83791693716611E+03,  -2.28750000000000E+00,  -2.71339692775941E+01,   2.02690000000000E+02,   4.93210297977539E+09,   5.47483772723861E+03
  1.97391666700000E+03,   1.84242593841808E+03,  -2.51000000000000E+00,  -2.71176280931519E+01,   2.02870000000000E+02,   5.25137896925156E+09,   7.15350601251833E+03
  1.97400000000000E+03,   1.84687500378291E+03,  -2.78750000000000E+00,  -2.71012613496570E+01,   2.03050000000000E+02,   6.45672860538867E+09,   5.95235862295404E+03
  1.97408333300000E+03,   1.85129409270511E+03,  -3.21500000000000E+00,  -2.70848662786890E+01,   2.03230000000000E+02,   4.72339656972891E+09,   5.84166830119714E+03
  1.97416666700000E+03,   1.85577264965583E+03,  -4.13000000000000E+00,  -2.70684401311875E+01,   2.03410000000000E+02,   4.99162208422148E+09,   5.62729066737853E+03
  1.97425000000000E+03,   1.86034835269944E+03,  -4.97750000000000E+00,  -2.70519801781488E+01,   2.03590000000000E+02,   5.38107218337187E+09,   5.80947880476080E+03
  1.97433333300000E+03,   1.86494433702730E+03,  -5.03500000000000E+00,  -2.70354837113190E+01,   2.03770000000000E+02,   5.42280398083789E+09,   3.70899253935255E+03
  1.97441666700000E+03,   1.86942475484519E+03,  -4.88000000000000E+00,  -2.70189480438827E+01,   2.03950000000000E+02,   5.50063085831836E+09,   4.76019610543996E+03
  1.97450000000000E+03,   1.87371920890283E+03,  -4.96750000000000E+00,  -2.70023705111470E+01,   2.04130000000000E+02,   5.11134355558203E+09,   5.46122831969559E+03
  1.97458333300000E+03,   1.91594327186680E+03,  -5.00000000000000E+00,  -2.69857484712210E+01,   2.04310000000000E+02,   4.32245380880977E+09,   5.31782700451501E+03
  1.97466666700000E+03,   1.99615107278369E+03,  -5.08000000000000E+00,  -2.13374182760883E+01,   2.04490000000000E+02,   2.94090774806953E+09,   2.82361753192469E+03
  1.97475000000000E+03,   2.03824242730502E+03,  -4.98000000000000E+00,  -2.13500912335934E+01,   2.04670000000000E+02,   3.29534216061875E+09,   9.43978666418716E+03
  1.97483333300000E+03,   2.04226686202026E+03,  -4.41250000000000E+00,  -2.13632702049701E+01,   2.04850000000000E+02,   3.69375098853242E+09,   9.81187486007139E+03
  1.97491666700000E+03,   2.04624268297751E+03,  -3.66250000000000E+00,  -2.13769557868840E+01,   2.05030000000000E+02,   3.89676384330977E+09,   1.14004147493642E+04
  1.97500000000000E+03,   2.05008038220672E+03,  -3.22250000000000E+00,  -2.13911485111164E+01,   2.05210000000000E+02,   5.79346955752891E+09,   1.14688025746427E+04
  1.97508333300000E+03,   2.05379169035102E+03,  -3.25500000000000E+00,  -2.14058488443120E+01,   2.05390000000000E+02,   5.77200681884375E+09,   1.16836853089154E+04
  1.97516666700000E+03,   2.05744838784034E+03,  -3.36250000000000E+00,  -2.14210571877362E+01,   2.05570000000000E+02,   4.98223347790938E+09,   7.44083252917491E+03
  1.97525000000000E+03,   2.06107190659919E+03,  -3.57750000000000E+00,  -2.14367738770440E+01,   2.05750000000000E+02,   4.34158364129766E+09,   7.24029853237160E+03
  1.97533333300000E+03,   2.06457147486159E+03,  -3.65000000000000E+00,  -2.14529991820585E+01,   2.05930000000000E+02,   4.03469310401328E+09,   6.96119337148927E+03
  1.97541666700000E+03,   2.06780063518177E+03,  -3.23250000000000E+00,  -2.14697333065605E+01,   2.06110000000000E+02,   2.61872662536641E+09,   6.89573527920656E+03
  1.97550000000000E+03,   2.07068263242932E+03,  -2.66500000000000E+00,  -2.14869763880883E+01,   2.06290000000000E+02,   4.58596568700820E+09,   6.92428578126058E+03
  1.97558333300000E+03,   2.02278073765656E+03,  -2.55250000000000E+00,  -2.15047284977484E+01,   2.06470000000000E+02,   6.27981037021289E+09,   6.42900202274732E+03
  1.97566666700000E+03,   1.92475988731326E+03,  -3.13750000000000E+00,  -2.89646340537083E+01,   2.06650000000000E+02,   4.90853349145039E+09,   5.61697723104618E+03
  1.97575000000000E+03,   1.87839642874238E+03,  -3.57250000000000E+00,  -2.89186978488183E+01,   2.06830000000000E+02,   4.92722957082773E+09,   4.33430665204376E+03
  1.97583333300000E+03,   1.88342383989025E+03,  -3.50500000000000E+00,  -2.88727867764155E+01,   2.07010000000000E+02,   4.64235175888125E+09,   4.95583612813093E+03
  1.97591666700000E+03,   1.88874515732969E+03,  -3.53250000000000E+00,  -2.88269051051069E+01,   2.07190000000000E+02,   4.15650870320742E+09,   6.61507647708617E+03
  1.97600000000000E+03,   1.89409773626626E+03,  -3.93750000000000E+00,  -2.87810570704226E+01,   2.07370000000000E+02,   3.09014443596250E+09,   6.32772921669260E+03
  1.97608333300000E+03,   1.89934318581271E+03,  -4.50750000000000E+00,  -2.87352468742129E+01,   2.07550000000000E+02,   2.87985926990273E+09,   6.29140901797414E+03
  1.97616666700000E+03,   1.90448271231491E+03,  -4.74250000000000E+00,  -2.86894786840531E+01,   2.07730000000000E+02,   3.39487214163555E+09,   5.49208693728447E+03
  1.97625000000000E+03,   1.90957323949517E+03,  -4.69250000000000E+00,  -2.86437566326551E+01,   2.07910000000000E+02,   3.20225649800977E+09,   5.23949235392138E+03
  1.97633333300000E+03,   1.91465496994002E+03,  -4.82250000000000E+00,  -2.85980848172861E+01,   2.08090000000000E+02,   2.81655230422227E+09,   4.64504723676965E+03
  1.97641666700000E+03,   1.91976566253252E+03,  -4.51250000000000E+00,  -2.85524672991955E+01,   2.08270000000000E+02,   2.34878772635352E+09,   5.02283651446179E+03
  1.97650000000000E+03,   1.92500768179405E+03,  -3.31500000000000E+00,  -2.85069081030483E+01,   2.08450000000000E+02,   2.48847458270469E+09,   4.65728100243583E+03
  1.97658333300000E+03,   1.96198070757278E+03,  -2.28500000000000E+00,  -2.84614112163665E+01,   2.08630000000000E+02,   2.64002549074805E+09,   5.06390123777613E+03
  1.97666666700000E+03,   2.03046523719105E+03,  -2.27000000000000E+00,  -2.37663492911075E+01,   2.08810000000000E+02,   5.07920586024492E+09,   4.70127386109643E+03
  1.97675000000000E+03,   2.06720243707076E+03,  -3.09750000000000E+00,  -2.37468316229093E+01,   2.08990000000000E+02,   4.41150651990312E+09,   3.29233775156029E+03
  1.97683333300000E+03,   2.07233874466724E+03,  -4.00250000000000E+00,  -2.37274514497765E+01,   2.09170000000000E+02,   4.85108696114766E+09,   1.22518232011423E+03
  1.97691666700000E+03,   2.07747466099943E+03,  -4.28250000000000E+00,  -2.37082062381475E+01,   2.09350000000000E+02,   4.59090241260195E+09,   1.58983714856394E+03
  1.97700000000000E+03,   2.08253147756229E+03,  -3.96750000000000E+00,  -2.36890934324759E+01,   2.09530000000000E+02,   4.27701451250820E+09,   1.09719909456484E+03
  1.97708333300000E+03,   2.08752995569717E+03,  -3.20500000000000E+00,  -2.36701104558917E+01,   2.09710000000000E+02,   3.47603619273750E+09,   1.96610684288479E+03
  1.97716666700000E+03,   2.09254863684950E+03,  -2.40000000000000E+00,  -2.36512547108674E+01,   2.09890000000000E+02,   3.43256501378359E+09,   7.09748287744373E+03
  1.97725000000000E+03,   2.09761300076153E+03,  -2.07750000000000E+00,  -2.36325235798856E+01,   2.10070000000000E+02,   4.45767923926328E+09,   1.11583305084355E+04
  1.97733333300000E+03,   2.10263321705138E+03,  -1.77000000000000E+00,  -2.36139144261116E+01,   2.10250000000000E+02,   7.99528429813867E+09,   1.19479863392156E+04
  1.97741666700000E+03,   2.10746030956513E+03,  -1.33500000000000E+00,  -2.35954245940684E+01,   2.10430000000000E+02,   7.89093400898711E+09,   1.41650340160057E+04
  1.97750000000000E+03,   2.11201123442087E+03,  -1.27000000000000E+00,  -2.35770514103145E+01,   2.10610000000000E+02,   1.20946675497359E+10,   1.35321723485760E+04
  1.97758333300000E+03,   2.10570717390396E+03,  -1.68000000000000E+00,  -2.35587921841248E+01,   2.10790000000000E+02,   1.26370721035047E+10,   8.71391138230153E+03
  1.97766666700000E+03,   2.08900811438072E+03,  -2.19250000000000E+00,  -2.56071348168888E+01,   2.10970000000000E+02,   1.26580698082902E+10,   8.33997399942800E+03
  1.97775000000000E+03,   2.08338508008624E+03,  -2.16750000000000E+00,  -2.56652165338465E+01,   2.11150000000000E+02,   1.04474561414797E+10,   7.30858116709031E+03
  1.97783333300000E+03,   2.08794662370311E+03,  -1.89500000000000E+00,  -2.57234789513042E+01,   2.11330000000000E+02,   1.09969434251738E+10,   6.51777123698294E+03
  1.97791666700000E+03,   2.09112131012593E+03,  -1.75250000000000E+00,  -2.57819162648403E+01,   2.11510000000000E+02,   5.56257791858398E+09,   6.19750637227744E+03
  1.97800000000000E+03,   2.09263490741249E+03,  -1.51750000000000E+00,  -2.58405226408734E+01,   2.11690000000000E+02,   6.57537620525469E+09,   7.00966730224453E+03
  1.97808333300000E+03,   2.09267227657988E+03,  -1.50500000000000E+00,  -2.58992922174582E+01,   2.11870000000000E+02,   4.93080987390391E+09,   3.21993112441488E+03
  1.97816666700000E+03,   2.09183417200645E+03,  -1.75500000000000E+00,  -2.59582191050861E+01,   2.12050000000000E+02,   3.93901873040977E+09,   3.35311073362119E+03
  1.97825000000000E+03,   2.09086865976818E+03,  -1.99000000000000E+00,  -2.60172973874904E+01,   2.12230000000000E+02,   5.37975746158008E+09,   3.48011890701316E+03
  1.97833333300000E+03,   2.09035490819633E+03,  -2.44750000000000E+00,  -2.60765211224561E+01,   2.12410000000000E+02,   5.14002524240312E+09,   3.51898038030639E+03
  1.97841666700000E+03,   2.09052485675827E+03,  -2.97000000000000E+00,  -2.61358843426348E+01,   2.12590000000000E+02,   3.52995072215117E+09,   2.62860255715065E+03
  1.97850000000000E+03,   2.09128612895071E+03,  -2.88500000000000E+00,  -2.61953810563622E+01,   2.12770000000000E+02,   3.55735251662969E+09,   2.88566353927031E+03
  1.97858333300000E+03,   2.12984493918590E+03,  -2.40250000000000E+00,  -2.62550052484820E+01,   2.12950000000000E+02,   3.76839164183281E+09,   3.57344638606831E+03
  1.97866666700000E+03,   2.20693733110537E+03,  -2.13750000000000E+00,  -1.85480375598931E+01,   2.13130000000000E+02,   2.63112175019766E+09,   3.98084000771120E+03
  1.97875000000000E+03,   2.24852232842836E+03,  -1.91500000000000E+00,  -1.85192912655951E+01,   2.13310000000000E+02,   5.35500712236367E+09,   6.67939041893072E+03
  1.97883333300000E+03,   2.25362445874674E+03,  -1.67750000000000E+00,  -1.84906444926324E+01,   2.13490000000000E+02,   6.37182346085664E+09,   6.38372093158849E+03
  1.97891666700000E+03,   2.25866598388318E+03,  -1.79750000000000E+00,  -1.84621012831103E+01,   2.13670000000000E+02,   6.39874347369297E+09,   6.95078126485683E+03
  1.97900000000000E+03,   2.26357727086339E+03,  -1.90250000000000E+00,  -1.84336656940639E+01,   2.13850000000000E+02,   7.73654109320547E+09,   5.90949184298776E+03
  1.97908333300000E+03,   2.26839972512258E+03,  -1.91250000000000E+00,  -1.84053417967620E+01,   2.14030000000000E+02,   1.11626130810219E+10,   4.24823984453678E+03
  1.97916666700000E+03,   2.27323889849086E+03,  -2.21250000000000E+00,  -1.83771336760085E+01,   2.14210000000000E+02,   9.03244561494687E+09,   2.02302809545845E+03
  1.97925000000000E+03,   2.27814846745991E+03,  -2.15000000000000E+00,  -1.83490454294386E+01,   2.14390000000000E+02,   8.98608491872969E+09,   2.14090107638687E+03
  1.97933333300000E+03,   2.28306356732583E+03,  -1.38750000000000E+00,  -1.83210811668133E+01,   2.14570000000000E+02,   1.30805158745164E+10,   1.48818224565014E+03
  1.97941666700000E+03,   2.28785384454906E+03,  -8.42500000000000E-01,  -1.82932450093088E+01,   2.14750000000000E+02,   1.15798045517676E+10,   6.13144442012906E+03
  1.97950000000000E+03,   2.29244702762111E+03,  -9.67500000000000E-01,  -1.82655410888038E+01,   2.14930000000000E+02,   7.52200928495859E+09,   6.32122125573605E+03
  1.97958333300000E+03,   2.29326512579473E+03,  -1.18750000000000E+00,  -1.82379735471629E+01,   2.15110000000000E+02,   8.35592891272695E+09,   5.97741303840689E+03
  1.97966666700000E+03,   2.29017818426211E+03,  -1.15750000000000E+00,  -1.88028639345598E+01,   2.15290000000000E+02,   7.85702564968281E+09,   6.72112351521216E+03
  1.97975000000000E+03,   2.29040499215955E+03,  -1.02750000000000E+00,  -1.87734173832933E+01,   2.15470000000000E+02,   5.66182262132344E+09,   6.79901705733538E+03
  1.97983333300000E+03,   2.29442074042437E+03,  -8.95000000000000E-01,  -1.87440357707391E+01,   2.15650000000000E+02,   7.34936898549414E+09,   2.39685715163536E+03
  1.97991666700000E+03,   2.29884356492568E+03,  -6.17500000000000E-01,  -1.87147229795706E+01,   2.15830000000000E+02,   8.25403100962109E+09,   2.09963707973696E+03
  1.98000000000000E+03,   2.30354621660460E+03,  -4.55000000000000E-01,  -1.86854829132906E+01,   2.16010000000000E+02,   7.55145537393242E+09,   3.85864700255692E+03
  1.98008333300000E+03,   2.30848546812034E+03,  -8.42500000000000E-01,  -1.86563194955739E+01,   2.16190000000000E+02,   7.66773366610078E+09,   3.24337453399040E+03
  1.98016666700000E+03,   2.31366923096667E+03,  -9.92500000000000E-01,  -1.86272366696048E+01,   2.16370000000000E+02,   6.14254753589531E+09,   3.64415951868556E+03
  1.98025000000000E+03,   2.31905441474036E+03,  -1.30000000000000E-01,  -1.85982383974099E+01,   2.16550000000000E+02,   4.77618943802773E+09,   4.39162393371463E+03
  1.98033333300000E+03,   2.32449219981522E+03,   8.15000000000000E-01,  -1.85693286591865E+01,   2.16730000000000E+02,   3.40226026667695E+09,   5.83664666687138E+03
  1.98041666700000E+03,   2.32978968003328E+03,   8.92500000000000E-01,  -1.85405114526266E+01,   2.16910000000000E+02,   3.88141274024687E+09,   4.59572035851814E+03
  1.98050000000000E+03,   2.33483784954370E+03,   4.80000000000000E-01,  -1.85117907922359E+01,   2.17090000000000E+02,   2.87137432205234E+09,   4.69247465702370E+03
  1.98058333300000E+03,   2.33071580185810E+03,   1.20000000000000E-01,  -1.84831707086501E+01,   2.17270000000000E+02,   4.94991278401172E+09,   4.45401420124546E+03
  1.98066666700000E+03,   2.31711060898236E+03,  -2.35000000000000E-01,  -2.09975475846541E+01,   2.17450000000000E+02,   5.81619408517383E+09,   5.44842574544586E+03
  1.98075000000000E+03,   2.31167272322660E+03,  -9.17500000000000E-01,  -2.09661232114397E+01,   2.17630000000000E+02,   7.09941692324375E+09,   6.29538580725715E+03
  1.98083333300000E+03,   2.31498471659717E+03,  -1.86000000000000E+00,  -2.09349202164494E+01,   2.17810000000000E+02,   7.48361639434102E+09,   6.84714748562127E+03
  1.98091666700000E+03,   2.31853069169869E+03,  -2.28000000000000E+00,  -2.09039385435367E+01,   2.17990000000000E+02,   7.95147895707539E+09,   6.64205675588734E+03
  1.98100000000000E+03,   2.32227633969342E+03,  -2.04750000000000E+00,  -2.08731780876153E+01,   2.18170000000000E+02,   7.92172375314805E+09,   9.43207402382307E+03
  1.98108333300000E+03,   2.32628183002022E+03,  -1.40750000000000E+00,  -2.08426386948732E+01,   2.18350000000000E+02,   7.44394972945000E+09,   8.55977419272289E+03
  1.98116666700000E+03,   2.33065361601736E+03,  -7.35000000000000E-01,  -2.08123201629954E+01,   2.18530000000000E+02,   6.27147923790703E+09,   7.01755104251467E+03
  1.98125000000000E+03,   2.33542812353088E+03,  -7.32500000000000E-01,  -2.07822222413950E+01,   2.18710000000000E+02,   4.95675050217617E+09,   7.31786357416324E+03
  1.98133333300000E+03,   2.34050607782186E+03,  -8.62500000000000E-01,  -2.07523446314529E+01,   2.18890000000000E+02,   5.16638238818984E+09,   9.90119995073490E+03
  1.98141666700000E+03,   2.34570789959523E+03,  -8.07500000000000E-01,  -2.07226869867663E+01,   2.19070000000000E+02,   4.84066342831289E+09,   9.02695866211466E+03
  1.98150000000000E+03,   2.35090083848747E+03,  -9.67500000000000E-01,  -2.06932489134049E+01,   2.19250000000000E+02,   3.67678042381563E+09,   9.34798266206719E+03
  1.98158333300000E+03,   2.37638843451545E+03,  -9.52500000000000E-01,  -2.06640299701762E+01,   2.19430000000000E+02,   4.39532201627617E+09,   9.39721746101491E+03
  1.98166666700000E+03,   2.42198211127778E+03,  -9.85000000000000E-01,  -1.69856996284061E+01,   2.19610000000000E+02,   4.21748658411289E+09,   8.06083226702102E+03
  1.98175000000000E+03,   2.44684663362154E+03,  -1.41750000000000E+00,  -1.69984847060699E+01,   2.19790000000000E+02,   4.52603878662578E+09,   7.78364300181568E+03
  1.98183333300000E+03,   2.45120210112089E+03,  -1.22000000000000E+00,  -1.70117625255701E+01,   2.19970000000000E+02,   2.95217790674961E+09,   5.56163717666306E+03
  1.98191666700000E+03,   2.45550655662431E+03,  -6.30000000000000E-01,  -1.70255336248625E+01,   2.20150000000000E+02,   7.47428506829453E+09,   4.14389122819267E+03
  1.98200000000000E+03,   2.45967081484059E+03,  -6.70000000000000E-01,  -1.70397984803271E+01,   2.20330000000000E+02,   6.86449938088477E+09,   3.59659204930067E+03
  1.98208333300000E+03,   2.46370717826923E+03,  -8.50000000000000E-01,  -1.70545575065384E+01,   2.20510000000000E+02,   7.63227903739805E+09,   3.40090368459746E+03
  1.98216666700000E+03,   2.46768827474800E+03,  -1.11000000000000E+00,  -1.70698110560437E+01,   2.20690000000000E+02,   8.35489709752266E+09,   9.66841361562535E+02
  1.98225000000000E+03,   2.47163667407282E+03,  -1.64750000000000E+00,  -1.70855594191523E+01,   2.20870000000000E+02,   8.52461906720586E+09,   9.98006930678710E+02
  1.98233333300000E+03,   2.47546303927070E+03,  -1.93000000000000E+00,  -1.71018028237340E+01,   2.21050000000000E+02,   4.84103640066133E+09,   1.74699536269940E+03
  1.98241666700000E+03,   2.47902262200908E+03,  -2.02750000000000E+00,  -1.71185414350270E+01,   2.21230000000000E+02,   7.50680513111094E+09,   2.01435826290436E+03
  1.98250000000000E+03,   2.48224060265819E+03,  -2.43000000000000E+00,  -1.71357753554561E+01,   2.21410000000000E+02,   6.43372916207852E+09,   2.33876786949746E+03
  1.98258333300000E+03,   2.45433813145605E+03,  -2.93750000000000E+00,  -1.71535046244605E+01,   2.21590000000000E+02,   5.31072848320508E+09,   3.21324107018597E+03
  1.98266666700000E+03,   2.39614105521922E+03,  -3.29250000000000E+00,  -2.28045454024317E+01,   2.21770000000000E+02,   6.07281704409531E+09,   4.46661639585048E+03
  1.98275000000000E+03,   2.37013817545819E+03,  -3.72250000000000E+00,  -2.27632232211222E+01,   2.21950000000000E+02,   6.22699060356914E+09,   4.46720499945134E+03
  1.98283333300000E+03,   2.37568535723243E+03,  -4.01750000000000E+00,  -2.27220626934297E+01,   2.22130000000000E+02,   5.96565837312656E+09,   4.33494357702583E+03
  1.98291666700000E+03,   2.38121121549072E+03,  -3.74500000000000E+00,  -2.26810662451417E+01,   2.22310000000000E+02,   6.30868818846406E+09,   3.97117525036223E+03
  1.98300000000000E+03,   2.38666492676916E+03,  -2.75750000000000E+00,  -2.26402362538083E+01,   2.22490000000000E+02,   5.89412226926484E+09,   5.90382645112239E+03
  1.98308333300000E+03,   2.39206192556361E+03,  -1.11500000000000E+00,  -2.25995750485053E+01,   2.22670000000000E+02,   6.46625920693398E+09,   7.04204466804452E+03
  1.98316666700000E+03,   2.39744775425587E+03,   2.42500000000000E-01,  -2.25590849096077E+01,   2.22850000000000E+02,   6.44814927151875E+09,   6.79852643590793E+03
  1.98325000000000E+03,   2.40280478570686E+03,   3.25000000000000E-01,  -2.25187680685708E+01,   2.23030000000000E+02,   5.14729151158516E+09,   8.15681075667292E+03
  1.98333333300000E+03,   2.40801299356964E+03,  -2.85000000000000E-01,  -2.24786267077212E+01,   2.23210000000000E+02,   4.79938869291797E+09,   9.25730068538599E+03
  1.98341666700000E+03,   2.41292670501197E+03,  -4.87500000000000E-01,  -2.24386629600569E+01,   2.23390000000000E+02,   5.66915842602578E+09,   8.23379100212380E+03
  1.98350000000000E+03,   2.41751104338672E+03,  -6.65000000000000E-01,  -2.23988789090564E+01,   2.23570000000000E+02,   6.04489731977500E+09,   6.58031284884736E+03
  1.98358333300000E+03,   2.38150540083734E+03,  -1.42500000000000E+00,  -2.23592765884967E+01,   2.23750000000000E+02,   9.87940063128984E+09,   6.59603040856123E+03
  1.98366666700000E+03,   2.30503343795951E+03,  -2.01750000000000E+00,  -2.90271910492746E+01,   2.23930000000000E+02,   1.04719152035199E+10,   4.97909387998320E+03
  1.98375000000000E+03,   2.26893267665145E+03,  -1.96750000000000E+00,  -2.90356090117485E+01,   2.24110000000000E+02,   1.07932160476359E+10,   4.01101919138990E+03
  1.98383333300000E+03,   2.27327709061979E+03,  -1.34250000000000E+00,  -2.90434671281374E+01,   2.24290000000000E+02,   1.13853235136680E+10,   3.94141993613951E+03
  1.98391666700000E+03,   2.27765287484735E+03,  -7.30000000000000E-01,  -2.90507655582705E+01,   2.24470000000000E+02,   1.02313678362043E+10,   3.17359177255593E+03
  1.98400000000000E+03,   2.28198224500024E+03,  -8.15000000000000E-01,  -2.90575045278977E+01,   2.24650000000000E+02,   5.44244374498633E+09,   4.20401884855628E+03
  1.98408333300000E+03,   2.28628951140134E+03,  -1.07500000000000E+00,  -2.90636843285533E+01,   2.24830000000000E+02,   4.07282983156406E+09,   6.53414008383229E+03
  1.98416666700000E+03,   2.29065935113544E+03,  -1.29250000000000E+00,  -2.90693053174095E+01,   2.25010000000000E+02,   4.52373742719375E+09,   7.23111357097551E+03
  1.98425000000000E+03,   2.29512573991912E+03,  -1.56750000000000E+00,  -2.90743679171195E+01,   2.25190000000000E+02,   4.36831864880625E+09,   5.44238520864919E+03
  1.98433333300000E+03,   2.29960931771655E+03,  -2.08750000000000E+00,  -2.90788726156519E+01,   2.25370000000000E+02,   3.42549165011875E+09,   6.28691757012233E+03
  1.98441666700000E+03,   2.30397302075252E+03,  -2.75500000000000E+00,  -2.90828199661143E+01,   2.25550000000000E+02,   7.41374520041602E+09,   6.76855226004235E+03
  1.98450000000000E+03,   2.30814652393302E+03,  -2.75750000000000E+00,  -2.90862105865673E+01,   2.25730000000000E+02,   6.96338722618359E+09,   5.86208525898196E+03
  1.98458333300000E+03,   2.36524190226189E+03,  -2.36750000000000E+00,  -2.90890451598298E+01,   2.25910000000000E+02,   8.64357087062812E+09,   5.25306923182011E+03
  1.98466666700000E+03,   2.47605102199474E+03,  -2.52000000000000E+00,  -1.96494052637120E+01,   2.26090000000000E+02,   1.01045773341684E+10,   5.88202378545702E+03
  1.98475000000000E+03,   2.53526309323034E+03,  -3.35500000000000E+00,  -1.96053570522777E+01,   2.26270000000000E+02,   1.08109012180996E+10,   5.50138016186021E+03
  1.98483333300000E+03,   2.54225020168304E+03,  -3.83000000000000E+00,  -1.95613827160427E+01,   2.26450000000000E+02,   9.32925561298203E+09,   3.96277721064501E+03
  1.98491666700000E+03,   2.54926330783032E+03,  -3.59000000000000E+00,  -1.95174857457217E+01,   2.26630000000000E+02,   9.69332434780586E+09,   3.31239705991335E+03
  1.98500000000000E+03,   2.55615386525921E+03,  -3.44500000000000E+00,  -1.94736695959008E+01,   2.26810000000000E+02,   7.40848305502344E+09,   3.11667101337314E+03
  1.98508333300000E+03,   2.56291983935805E+03,  -3.48000000000000E+00,  -1.94299376845991E+01,   2.26990000000000E+02,   5.33786649439727E+09,   2.77331926719025E+03
  1.98516666700000E+03,   2.56964526428555E+03,  -3.66500000000000E+00,  -1.93862933928375E+01,   2.27170000000000E+02,   4.27614622931094E+09,   3.68261781748980E+03
  1.98525000000000E+03,   2.57635798871392E+03,  -3.79750000000000E+00,  -1.93427400642148E+01,   2.27350000000000E+02,   6.76373202219180E+09,   3.41040477006435E+03
  1.98533333300000E+03,   2.58293598414562E+03,  -3.06750000000000E+00,  -1.92992810044906E+01,   2.27530000000000E+02,   6.62130177775703E+09,   3.35466543745920E+03
  1.98541666700000E+03,   2.58914485161093E+03,  -1.92500000000000E+00,  -1.92559194811755E+01,   2.27710000000000E+02,   7.14340766172070E+09,   4.82689277595431E+03
  1.98550000000000E+03,   2.59476571927111E+03,  -1.84750000000000E+00,  -1.92126587231281E+01,   2.27890000000000E+02,   7.60272389288672E+09,   6.07776740752161E+03
  1.98558333300000E+03,   2.54640746300860E+03,  -2.46500000000000E+00,  -1.91695019201603E+01,   2.28070000000000E+02,   7.71340767673125E+09,   6.72415192350000E+03
  1.98566666700000E+03,   2.44472718620065E+03,  -2.61000000000000E+00,  -2.82976561609067E+01,   2.28250000000000E+02,   2.90937928844453E+09,   1.15423302409254E+04
  1.98575000000000E+03,   2.39719003241123E+03,  -2.64000000000000E+00,  -2.82701455006782E+01,   2.28430000000000E+02,   7.27804251659883E+09,   1.20690463904526E+04
  1.98583333300000E+03,   2.40352383322752E+03,  -2.99000000000000E+00,  -2.82422342293439E+01,   2.28610000000000E+02,   8.01697472933516E+09,   1.19163033297017E+04
  1.98591666700000E+03,   2.40988375250826E+03,  -3.34000000000000E+00,  -2.82139263391879E+01,   2.28790000000000E+02,   7.67897039318594E+09,   1.05209688964874E+04
  1.98600000000000E+03,   2.41618231457221E+03,  -3.30500000000000E+00,  -2.81852258571627E+01,   2.28970000000000E+02,   1.07686938026223E+10,   9.25771140996143E+03
  1.98608333300000E+03,   2.42244052023222E+03,  -3.02500000000000E+00,  -2.81561368442073E+01,   2.29150000000000E+02,   1.20729843495566E+10,   4.76546106996275E+03
  1.98616666700000E+03,   2.42874375207328E+03,  -3.02500000000000E+00,  -2.81266633945616E+01,   2.29330000000000E+02,   7.66784231883555E+09,   5.75013033105135E+03
  1.98625000000000E+03,   2.43512657503699E+03,  -2.99000000000000E+00,  -2.80968096350754E+01,   2.29510000000000E+02,   6.65096508339609E+09,   4.53130455396026E+03
  1.98633333300000E+03,   2.44150475387383E+03,  -2.67000000000000E+00,  -2.80665797245145E+01,   2.29690000000000E+02,   6.21141112304883E+09,   8.31778568059616E+03
  1.98641666700000E+03,   2.44772523740751E+03,  -2.56000000000000E+00,  -2.80359778528624E+01,   2.29870000000000E+02,   3.32793956808437E+09,   9.46996152897738E+03
  1.98650000000000E+03,   2.45368585318040E+03,  -2.64000000000000E+00,  -2.80050082406177E+01,   2.30050000000000E+02,   2.78302595572305E+09,   9.27872923669815E+03
  1.98658333300000E+03,   2.52034915411663E+03,  -2.59750000000000E+00,  -2.79736751380888E+01,   2.30230000000000E+02,   3.14862887329297E+09,   8.17750223078281E+03
  1.98666666700000E+03,   2.64751233352114E+03,  -2.64000000000000E+00,  -1.36168928865392E+01,   2.30410000000000E+02,   5.36484471364297E+09,   8.52357220655046E+03
  1.98675000000000E+03,   2.71313768352363E+03,  -3.20000000000000E+00,  -1.35914171678048E+01,   2.30590000000000E+02,   4.95937448807031E+09,   5.06404049278535E+03
  1.98683333300000E+03,   2.71766041977997E+03,  -3.77750000000000E+00,  -1.35661221074723E+01,   2.30770000000000E+02,   4.98685050732891E+09,   5.83348085815571E+03
  1.98691666700000E+03,   2.72231550876357E+03,  -3.61000000000000E+00,  -1.35410117402369E+01,   2.30950000000000E+02,   4.27244145381797E+09,   7.55823719481789E+03
  1.98700000000000E+03,   2.72704403734794E+03,  -2.92500000000000E+00,  -1.35160901006623E+01,   2.31130000000000E+02,   3.57308839331523E+09,   7.65538899974450E+03
  1.98708333300000E+03,   2.73187925752737E+03,  -1.92750000000000E+00,  -1.34913612224824E+01,   2.31310000000000E+02,   2.63733056987344E+09,   7.25830628079958E+03
  1.98716666700000E+03,   2.73690445682369E+03,  -6.97500000000000E-01,  -1.34668291379020E+01,   2.31490000000000E+02,   3.20623405474961E+09,   6.87210390748605E+03
  1.98725000000000E+03,   2.74214251415731E+03,   1.70000000000000E-01,  -1.34424978768964E+01,   2.31670000000000E+02,   5.52576216636992E+09,   6.61401899984442E+03
  1.98733333300000E+03,   2.74749480653795E+03,   8.52500000000000E-01,  -1.34183714665106E+01,   2.31850000000000E+02,   5.57406385573398E+09,   6.49374395316616E+03
  1.98741666700000E+03,   2.75279908927034E+03,   1.81500000000000E+00,  -1.33944539301575E+01,   2.32030000000000E+02,   5.93687917426719E+09,   5.73035378503464E+03
  1.98750000000000E+03,   2.75795663237803E+03,   2.53750000000000E+00,  -1.33707492869151E+01,   2.32210000000000E+02,   6.34743123141055E+09,   9.45175334237702E+03
  1.98758333300000E+03,   2.73868949021751E+03,   2.51500000000000E+00,  -1.33472615508242E+01,   2.32390000000000E+02,   5.98391377154414E+09,   1.01963532673337E+04
  1.98766666700000E+03,   2.69429499698076E+03,   1.71750000000000E+00,  -2.06084773989950E+01,   2.32570000000000E+02,   5.04449319768281E+09,   1.09332008533366E+04
  1.98775000000000E+03,   2.67270626469831E+03,   4.75000000000000E-01,  -2.06645650858825E+01,   2.32750000000000E+02,   5.08200719866172E+09,   9.04029772408344E+03
  1.98783333300000E+03,   2.67493956895225E+03,  -1.95000000000000E-01,  -2.07204606591266E+01,   2.32930000000000E+02,   7.56373156656055E+09,   9.03139335831106E+03
  1.98791666700000E+03,   2.67779380508408E+03,  -1.35000000000000E-01,  -2.07761585947789E+01,   2.33110000000000E+02,   5.67301653611875E+09,   7.18738010078967E+03
  1.98800000000000E+03,   2.68150507824036E+03,  -4.62500000000000E-01,  -2.08316533905295E+01,   2.33290000000000E+02,   6.32861424260977E+09,   6.54473049692251E+03
  1.98808333300000E+03,   2.68616286545603E+03,  -7.82500000000000E-01,  -2.08869395664314E+01,   2.33470000000000E+02,   5.44498810489062E+09,   3.85643639636636E+03
  1.98816666700000E+03,   2.69171440016739E+03,  -2.90000000000000E-01,  -2.09420116656218E+01,   2.33650000000000E+02,   8.13319733200625E+09,   7.33973032036275E+03
  1.98825000000000E+03,   2.69796143128188E+03,   4.92500000000000E-01,  -2.09968642550393E+01,   2.33830000000000E+02,   8.42210887887070E+09,   7.24619177752621E+03
  1.98833333300000E+03,   2.70460324076293E+03,   1.14250000000000E+00,  -2.10514919261384E+01,   2.34010000000000E+02,   1.14809688667566E+10,   6.22128476679437E+03
  1.98841666700000E+03,   2.71134334007426E+03,   1.35250000000000E+00,  -2.11058892956000E+01,   2.34190000000000E+02,   1.09027514949766E+10,   6.47986580621339E+03
  1.98850000000000E+03,   2.71799445106892E+03,   8.45000000000000E-01,  -2.11600510060380E+01,   2.34370000000000E+02,   1.03802860455137E+10,   6.36963182890788E+03
  1.98858333300000E+03,   2.75389679490116E+03,  -1.02500000000000E-01,  -2.12139717267024E+01,   2.34550000000000E+02,   9.45516580724844E+09,   4.02230856004544E+03
  1.98866666700000E+03,   2.81877682160921E+03,  -1.02250000000000E+00,  -8.83810034611890E+00,   2.34730000000000E+02,   6.33600341968477E+09,   4.27650722484998E+03
  1.98875000000000E+03,   2.85364745519036E+03,  -1.56000000000000E+00,  -8.80247165706766E+00,   2.34910000000000E+02,   3.76353046708945E+09,   4.38675686192438E+03
  1.98883333300000E+03,   2.85894302935416E+03,  -1.67250000000000E+00,  -8.76703068665133E+00,   2.35090000000000E+02,   5.89361375937461E+09,   4.02557755723819E+03
  1.98891666700000E+03,   2.86440569577318E+03,  -1.84000000000000E+00,  -8.73177857772668E+00,   2.35270000000000E+02,   6.99890986788164E+09,   3.56925134991705E+03
  1.98900000000000E+03,   2.87005305390085E+03,  -2.00750000000000E+00,  -8.69671642981094E+00,   2.35450000000000E+02,   5.14653701243516E+09,   3.00504536944367E+03
  1.98908333300000E+03,   2.87597437215023E+03,  -2.07000000000000E+00,  -8.66184529905873E+00,   2.35630000000000E+02,   5.17818025898945E+09,   3.43212991777919E+03
  1.98916666700000E+03,   2.88227415710320E+03,  -2.48250000000000E+00,  -8.62716619824610E+00,   2.35810000000000E+02,   4.82740620568555E+09,   3.09199322903678E+03
  1.98925000000000E+03,   2.88895423972330E+03,  -2.55000000000000E+00,  -8.59268009676200E+00,   2.35990000000000E+02,   3.41426353540312E+09,   3.02555766623802E+03
  1.98933333300000E+03,   2.89585313130386E+03,  -1.33500000000000E+00,  -8.55838792060677E+00,   2.36170000000000E+02,   2.68416964199609E+09,   4.35900312869661E+03
  1.98941666700000E+03,   2.90271179337155E+03,   4.25000000000000E-01,  -8.52429055239803E+00,   2.36350000000000E+02,   2.84224498098086E+09,   4.02477258852981E+03
  1.98950000000000E+03,   2.90931428925415E+03,   1.29000000000000E+00,  -8.49038883138358E+00,   2.36530000000000E+02,   3.82138466895234E+09,   3.26157610877380E+03
  1.98958333300000E+03,   2.90929728576525E+03,   6.65000000000000E-01,  -8.45668355346171E+00,   2.36710000000000E+02,   6.96338268380547E+09,   3.81085531984940E+03
  1.98966666700000E+03,   2.90239323641027E+03,  -6.05000000000000E-01,  -6.96406813440561E+00,   2.36890000000000E+02,   8.96460567685234E+09,   3.98022535144724E+03
  1.98975000000000E+03,   2.90099984631023E+03,  -1.33250000000000E+00,  -6.93620382607909E+00,   2.37070000000000E+02,   9.53321030070352E+09,   5.30287003729120E+03
  1.98983333300000E+03,   2.90555832572676E+03,  -1.54500000000000E+00,  -6.90827449210076E+00,   2.37250000000000E+02,   1.19231640183758E+10,   6.18430488486178E+03
  1.98991666700000E+03,   2.91007420882406E+03,  -1.99500000000000E+00,  -6.88028234141120E+00,   2.37430000000000E+02,   1.09795162596629E+10,   1.26138626354374E+04
  1.99000000000000E+03,   2.91449042153112E+03,  -2.39000000000000E+00,  -6.85222961903743E+00,   2.37610000000000E+02,   1.16003912654133E+10,   1.19936827233333E+04
  1.99008333300000E+03,   2.91886520413841E+03,  -2.10750000000000E+00,  -6.82411860579272E+00,   2.37790000000000E+02,   1.14524350925375E+10,   1.41938426224358E+04
  1.99016666700000E+03,   2.92332640845523E+03,  -1.69500000000000E+00,  -6.79595161796975E+00,   2.37970000000000E+02,   1.24674700001668E+10,   1.20224246925209E+04
  1.99025000000000E+03,   2.92795524597777E+03,  -1.28500000000000E+00,  -6.76773100702702E+00,   2.38150000000000E+02,   1.37155513863664E+10,   1.14733967052940E+04
  1.99033333300000E+03,   2.93271796391497E+03,  -8.32500000000000E-01,  -6.73945915926898E+00,   2.38330000000000E+02,   1.98462179837313E+10,   6.62193314867280E+03
  1.99041666700000E+03,   2.93751603094046E+03,  -5.90000000000000E-01,  -6.71113849551939E+00,   2.38510000000000E+02,   1.82273074221844E+10,   1.22653787165932E+04
  1.99050000000000E+03,   2.94230610728755E+03,  -2.27500000000000E-01,  -6.68277147078838E+00,   2.38690000000000E+02,   1.60798766503062E+10,   1.23912252023537E+04
  1.99058333300000E+03,   2.95354020191576E+03,   4.67500000000000E-01,  -6.65436057393310E+00,   2.38870000000000E+02,   1.56181404752285E+10,   1.56880254560571E+04
  1.99066666700000E+03,   2.97076234673662E+03,   1.04000000000000E+00,  -8.35764042771532E+00,   2.39050000000000E+02,   1.85104695208887E+10,   1.56618620349206E+04
  1.99075000000000E+03,   2.98034580300820E+03,   6.87500000000000E-01,  -8.41309564730371E+00,   2.39230000000000E+02,   1.25989213180246E+10,   1.99549387142658E+04
  1.99083333300000E+03,   2.98224754720702E+03,  -1.87500000000000E-01,  -8.46869605817403E+00,   2.39410000000000E+02,   1.62053555952523E+10,   1.49687310978785E+04
  1.99091666700000E+03,   2.98338523861328E+03,  -9.12500000000000E-01,  -8.52443667485310E+00,   2.39590000000000E+02,   1.86492007823262E+10,   1.55243327116325E+04
  1.99100000000000E+03,   2.98429947269672E+03,  -1.46750000000000E+00,  -8.58031249053815E+00,   2.39770000000000E+02,   1.81818317643449E+10,   1.51295962439924E+04
  1.99108333300000E+03,   2.98558019909672E+03,  -1.35500000000000E+00,  -8.63631847770996E+00,   2.39950000000000E+02,   1.15913330749832E+10,   1.48458260719128E+04
  1.99116666700000E+03,   2.98764385702337E+03,  -1.08000000000000E+00,  -8.69244958874935E+00,   2.40130000000000E+02,   2.38471396996297E+10,   8.77162503056042E+03
  1.99125000000000E+03,   2.99053721701885E+03,  -1.33250000000000E+00,  -8.74870075655654E+00,   2.40310000000000E+02,   1.99134559374027E+10,   8.53334031647705E+03
  1.99133333300000E+03,   2.99392312861265E+03,  -1.53750000000000E+00,  -8.80506689517385E+00,   2.40490000000000E+02,   1.81631935150996E+10,   8.43140263324715E+03
  1.99141666700000E+03,   2.99729447569631E+03,  -1.41500000000000E+00,  -8.86154290041071E+00,   2.40670000000000E+02,   2.18235463742609E+10,   7.70636106922366E+03
  1.99150000000000E+03,   3.00029223946274E+03,  -1.25000000000000E+00,  -8.91812365047217E+00,   2.40850000000000E+02,   2.18670903855699E+10,   8.09289709772356E+03
  1.99158333300000E+03,   3.00276838057327E+03,  -1.02500000000000E+00,  -8.97480400658960E+00,   2.41030000000000E+02,   9.45610752576172E+09,   7.94612270039059E+03
  1.99166666700000E+03,   3.00563899138727E+03,  -1.23250000000000E+00,  -7.13646564816000E+00,   2.41210000000000E+02,   7.88261636743086E+09,   7.44646826849394E+03
  1.99175000000000E+03,   3.01021202216803E+03,  -2.17500000000000E+00,  -7.18727910604320E+00,   2.41390000000000E+02,   7.25212708920938E+09,   1.06267262723085E+04
  1.99183333300000E+03,   3.01608172631597E+03,  -2.61500000000000E+00,  -7.23834491208188E+00,   2.41570000000000E+02,   2.20355067952187E+09,   9.46312894394323E+03
  1.99191666700000E+03,   3.02228630306558E+03,  -2.32000000000000E+00,  -7.28965872990615E+00,   2.41750000000000E+02,   2.31893477151328E+09,   8.79112081919201E+03
  1.99200000000000E+03,   3.02839887549849E+03,  -1.84750000000000E+00,  -7.34121618881826E+00,   2.41930000000000E+02,   2.28790776952773E+09,   8.96361176298521E+03
  1.99208333300000E+03,   3.03405575902696E+03,  -1.30500000000000E+00,  -7.39301288430961E+00,   2.42110000000000E+02,   1.84750428571367E+09,   8.82953507821672E+03
  1.99216666700000E+03,   3.03905222953514E+03,  -1.28500000000000E+00,  -7.44504437858277E+00,   2.42290000000000E+02,   5.97099198485039E+09,   2.72885741478391E+03
  1.99225000000000E+03,   3.04334297794063E+03,  -1.83500000000000E+00,  -7.49730620107867E+00,   2.42470000000000E+02,   6.47038333826680E+09,   4.35170292173326E+03
  1.99233333300000E+03,   3.04702069770784E+03,  -2.07500000000000E+00,  -7.54979384900865E+00,   2.42650000000000E+02,   6.18054087851406E+09,   6.12305858961903E+03
  1.99241666700000E+03,   3.05032500573995E+03,  -1.98250000000000E+00,  -7.60250278789123E+00,   2.42830000000000E+02,   6.25917739662344E+09,   5.92631804517359E+03
  1.99250000000000E+03,   3.05364974981076E+03,  -2.55000000000000E+00,  -7.65542845209385E+00,   2.43010000000000E+02,   8.52622110563945E+09,   6.20279755601212E+03
  1.99258333300000E+03,   3.05801248399641E+03,  -3.50000000000000E+00,  -7.70856624537921E+00,   2.43190000000000E+02,   4.39041514129609E+09,   8.01296113276370E+03
  1.99266666700000E+03,   3.06314935277618E+03,  -3.67500000000000E+00,  -7.84108279833396E+00,   2.43370000000000E+02,   4.49902374927773E+09,   7.42449384245202E+03
  1.99275000000000E+03,   3.06740680575666E+03,  -3.38750000000000E+00,  -7.79840465995709E+00,   2.43550000000000E+02,   4.80554365733242E+09,   6.95269035783075E+03
  1.99283333300000E+03,   3.07125443603055E+03,  -3.26250000000000E+00,  -7.75569102549106E+00,   2.43730000000000E+02,   5.18637846484258E+09,   7.23678780748509E+03
  1.99291666700000E+03,   3.07572267536122E+03,  -2.99000000000000E+00,  -7.71294568379414E+00,   2.43910000000000E+02,   3.07065096363281E+09,   6.67946110987142E+03
  1.99300000000000E+03,   3.08072261423669E+03,  -2.51000000000000E+00,  -7.67017240602751E+00,   2.44090000000000E+02,   2.79364106075469E+09,   4.83213295704685E+03
  1.99308333300000E+03,   3.08617510289852E+03,  -2.27500000000000E+00,  -7.62737494516661E+00,   2.44270000000000E+02,   3.81600763133047E+09,   3.93544921335541E+03
  1.99316666700000E+03,   3.09197483461842E+03,  -2.25250000000000E+00,  -7.58455703551619E+00,   2.44450000000000E+02,   4.72113121805273E+09,   3.84736487896033E+03
  1.99325000000000E+03,   3.09790894260203E+03,  -2.02000000000000E+00,  -7.54172239222906E+00,   2.44630000000000E+02,   4.19298551363867E+09,   4.15955022945143E+03
  1.99333333300000E+03,   3.10364217143784E+03,  -1.84000000000000E+00,  -7.49887471082856E+00,   2.44810000000000E+02,   4.24122341708320E+09,   6.97706675229892E+03
  1.99341666700000E+03,   3.10882683104264E+03,  -2.14250000000000E+00,  -7.45601766673490E+00,   2.44990000000000E+02,   3.61511187935000E+09,   7.33391215635277E+03
  1.99350000000000E+03,   3.11327379848314E+03,  -2.54250000000000E+00,  -7.41315491479538E+00,   2.45170000000000E+02,   3.33429037615000E+09,   5.85642332093976E+03
  1.99358333300000E+03,   3.12006809875008E+03,  -2.38000000000000E+00,  -7.37029008881857E+00,   2.45350000000000E+02,   2.94225464925039E+09,   5.00759915682673E+03
  1.99366666700000E+03,   3.12922947307696E+03,  -2.13750000000000E+00,  -4.27696535507689E+00,   2.45530000000000E+02,   3.13612885420742E+09,   5.04369854873307E+03
  1.99375000000000E+03,   3.13498084837690E+03,  -2.56000000000000E+00,  -4.33229017052088E+00,   2.45710000000000E+02,   3.29612854984023E+09,   2.52702844333574E+03
  1.99383333300000E+03,   3.13805570324539E+03,  -3.07000000000000E+00,  -4.38773172098535E+00,   2.45890000000000E+02,   4.74703250425742E+09,   2.53546373261325E+03
  1.99391666700000E+03,   3.14163196266855E+03,  -3.14000000000000E+00,  -4.44328513653357E+00,   2.46070000000000E+02,   3.40505408268516E+09,   3.97964559482299E+03
  1.99400000000000E+03,   3.14527798487232E+03,  -3.12500000000000E+00,  -4.49894553000397E+00,   2.46250000000000E+02,   2.32863828753281E+09,   4.52191344657727E+03
  1.99408333300000E+03,   3.14873270841213E+03,  -3.12250000000000E+00,  -4.55470799759445E+00,   2.46430000000000E+02,   3.94404653549062E+09,   4.36862389637493E+03
  1.99416666700000E+03,   3.15199855342681E+03,  -2.80750000000000E+00,  -4.61056761944923E+00,   2.46610000000000E+02,   4.52980071516641E+09,   4.15058137576692E+03
  1.99425000000000E+03,   3.15525869346490E+03,  -2.35500000000000E+00,  -4.66651946024810E+00,   2.46790000000000E+02,   3.62053827754766E+09,   5.48931601150520E+03
  1.99433333300000E+03,   3.15872863100339E+03,  -2.23000000000000E+00,  -4.72255856979798E+00,   2.46970000000000E+02,   5.75981880662461E+09,   3.77695810712092E+03
  1.99441666700000E+03,   3.16255850131173E+03,  -2.34500000000000E+00,  -4.77867998362674E+00,   2.47150000000000E+02,   6.89686702095547E+09,   2.78489132815599E+03
  1.99450000000000E+03,   3.16681402592648E+03,  -2.44000000000000E+00,  -4.83487872357916E+00,   2.47330000000000E+02,   6.06350767624492E+09,   2.82093867857940E+03
  1.99458333300000E+03,   3.17124260817680E+03,  -2.27750000000000E+00,  -4.89114979841500E+00,   2.47510000000000E+02,   7.55370564361133E+09,   2.80580845460482E+03
  1.99466666700000E+03,   3.17540285286595E+03,  -1.64000000000000E+00,  -2.90523765505755E+00,   2.47690000000000E+02,   7.67244766920508E+09,   2.26518374860920E+03
  1.99475000000000E+03,   3.17933697589401E+03,  -8.70000000000000E-01,  -2.88018317723479E+00,   2.47870000000000E+02,   8.82908833634258E+09,   2.60766548607051E+03
  1.99483333300000E+03,   3.18336315239337E+03,  -6.17500000000000E-01,  -2.85531492858700E+00,   2.48050000000000E+02,   9.86109469165195E+09,   2.65622087670974E+03
  1.99491666700000E+03,   3.18753327801241E+03,  -8.02500000000000E-01,  -2.83063198787315E+00,   2.48230000000000E+02,   8.99081411418242E+09,   2.06323195615485E+03
  1.99500000000000E+03,   3.19178940259693E+03,  -7.82500000000000E-01,  -2.80613340030207E+00,   2.48410000000000E+02,   6.54563653083125E+09,   3.02682778852694E+03
  1.99508333300000E+03,   3.19616268539758E+03,  -4.57500000000000E-01,  -2.78181817782935E+00,   2.48590000000000E+02,   6.49152492012109E+09,   2.13610270622782E+03
  1.99516666700000E+03,   3.20073260278188E+03,   2.75000000000000E-02,  -2.75768529945933E+00,   2.48770000000000E+02,   3.45614802858555E+09,   3.09688345741369E+03
  1.99525000000000E+03,   3.20551776892451E+03,   9.52500000000000E-01,  -2.73373371155224E+00,   2.48950000000000E+02,   2.05921180340469E+09,   3.28355003770888E+03
  1.99533333300000E+03,   3.21041589394554E+03,   2.31000000000000E+00,  -2.70996232813632E+00,   2.49130000000000E+02,   2.76774993693242E+09,   4.23909822422937E+03
  1.99541666700000E+03,   3.21526239050195E+03,   3.13500000000000E+00,  -2.68637003122500E+00,   2.49310000000000E+02,   3.73627706931328E+09,   3.05572451996431E+03
  1.99550000000000E+03,   3.21995788463093E+03,   2.78750000000000E+00,  -2.66295567113892E+00,   2.49490000000000E+02,   3.97021429669375E+09,   2.96965813101195E+03
  1.99558333300000E+03,   3.22691269691411E+03,   1.68500000000000E+00,  -2.63971806683296E+00,   2.49670000000000E+02,   3.97630696517695E+09,   3.49006968757585E+03
  1.99566666700000E+03,   3.23637655649607E+03,   8.32500000000000E-01,  -1.49305431496105E-02,   2.49850000000000E+02,   6.77093241715469E+09,   3.46676769612655E+03
  1.99575000000000E+03,   3.24385476589905E+03,   8.12500000000000E-01,   4.63537803552844E-03,   2.50030000000000E+02,   6.44043045757305E+09,   2.40844739267603E+03
  1.99583333300000E+03,   3.24926837833269E+03,   8.45000000000000E-01,   2.39528543944163E-02,   2.50210000000000E+02,   6.43352564660703E+09,   6.15342525864206E+03
  1.99591666700000E+03,   3.25479728173233E+03,   3.52500000000000E-01,   4.30184880369823E-02,   2.50390000000000E+02,   5.59320795476523E+09,   6.64366253253892E+03
  1.99600000000000E+03,   3.26036751992514E+03,  -1.75000000000000E-01,   6.18288945130984E-02,   2.50570000000000E+02,   6.70705358914961E+09,   5.21891335144676E+03
  1.99608333300000E+03,   3.26600193936582E+03,  -4.80000000000000E-01,   8.03807033728517E-02,   2.50750000000000E+02,   3.68176242102539E+09,   5.88383620225340E+03
  1.99616666700000E+03,   3.27177882721236E+03,  -4.97500000000000E-01,   9.86705587256516E-02,   2.50930000000000E+02,   4.34506120169766E+09,   1.28450232049949E+04
  1.99625000000000E+03,   3.27772145367895E+03,  -4.12500000000000E-01,   1.16695119797964E-01,   2.51110000000000E+02,   8.88553260166680E+09,   9.71906250978038E+03
  1.99633333300000E+03,   3.28373624221473E+03,  -7.62500000000000E-01,   1.34451061489597E-01,   2.51290000000000E+02,   9.99235181720547E+09,   9.71251351509653E+03
  1.99641666700000E+03,   3.28966930589756E+03,  -1.19500000000000E+00,   1.51935074928506E-01,   2.51470000000000E+02,   1.23889649192750E+10,   1.02050043033317E+04
  1.99650000000000E+03,   3.29543184216723E+03,  -1.00750000000000E+00,   1.69143868024009E-01,   2.51650000000000E+02,   1.34512641698813E+10,   1.02646980552003E+04
  1.99658333300000E+03,   3.29504092222055E+03,  -4.62500000000000E-01,   1.86074166018283E-01,   2.51830000000000E+02,   1.30074446045195E+10,   3.34790806914121E+03
  1.99666666700000E+03,   3.28823634238817E+03,  -5.45000000000000E-01,  -9.57487911482493E+00,   2.52010000000000E+02,   1.09250091095645E+10,   3.89590990356877E+03
  1.99675000000000E+03,   3.28679150080631E+03,  -1.31500000000000E+00,  -9.61738709351729E+00,   2.52190000000000E+02,   1.03532748276496E+10,   4.73506185242683E+03
  1.99683333300000E+03,   3.29108650443878E+03,  -1.77000000000000E+00,  -9.65953756956908E+00,   2.52370000000000E+02,   7.83302415418047E+09,   4.58386815901808E+03
  1.99691666700000E+03,   3.29535324497928E+03,  -1.59000000000000E+00,  -9.70132690486959E+00,   2.52550000000000E+02,   6.61425270105234E+09,   3.84227629715055E+03
  1.99700000000000E+03,   3.29946360077006E+03,  -1.08750000000000E+00,  -9.74275150091920E+00,   2.52730000000000E+02,   9.53075013264180E+09,   6.89759956388138E+03
  1.99708333300000E+03,   3.30340257223832E+03,  -5.47500000000000E-01,  -9.78380779924371E+00,   2.52910000000000E+02,   9.74915975520977E+09,   6.13099107202589E+03
  1.99716666700000E+03,   3.30725499914097E+03,  -1.97500000000000E-01,  -9.82449228180332E+00,   2.53090000000000E+02,   1.10225603415445E+10,   5.12514623327255E+03
  1.99725000000000E+03,   3.31111283822601E+03,  -5.00000000000000E-03,  -9.86480147139587E+00,   2.53270000000000E+02,   1.05507171864438E+10,   6.22383159856163E+03
  1.99733333300000E+03,   3.31501472790341E+03,   8.25000000000000E-02,  -9.90473193205455E+00,   2.53450000000000E+02,   1.29647787949641E+10,   6.88072398231439E+03
  1.99741666700000E+03,   3.31898647537491E+03,   1.37500000000000E-01,  -9.94428026943988E+00,   2.53630000000000E+02,   1.37318396502480E+10,   3.85834519526176E+03
  1.99750000000000E+03,   3.32313671070505E+03,   2.07500000000000E-01,  -9.98344313122595E+00,   2.53810000000000E+02,   1.42540464292500E+10,   4.02559056667201E+03
  1.99758333300000E+03,   3.33021001804430E+03,   3.47500000000000E-01,  -1.00222172074809E+01,   2.53990000000000E+02,   1.24455357065574E+10,   5.88739136487320E+03
  1.99766666700000E+03,   3.33995572750916E+03,   8.07500000000000E-01,   1.48283064798360E+00,   2.54170000000000E+02,   1.29735994125691E+10,   4.83152864019461E+03
  1.99775000000000E+03,   3.34684697098796E+03,   1.00000000000000E+00,   1.50916793131341E+00,   2.54350000000000E+02,   1.04024927520078E+10,   4.62401399485022E+03
  1.99783333300000E+03,   3.35111844351523E+03,   8.07500000000000E-01,   1.53558530718992E+00,   2.54530000000000E+02,   6.14220162684375E+09,   5.42514448661171E+03
  1.99791666700000E+03,   3.35557008789126E+03,   9.55000000000000E-01,   1.56208109172240E+00,   2.54710000000000E+02,   4.67787276306914E+09,   5.27429552777559E+03
  1.99800000000000E+03,   3.36013259893815E+03,   1.55000000000000E+00,   1.58865356655997E+00,   2.54890000000000E+02,   7.89541548782969E+09,   3.15532666114829E+03
  1.99808333300000E+03,   3.36482260344943E+03,   2.43000000000000E+00,   1.61530097909235E+00,   2.55070000000000E+02,   7.27583522178125E+09,   5.35601288363785E+03
  1.99816666700000E+03,   3.36970282610736E+03,   2.91000000000000E+00,   1.64202154265645E+00,   2.55250000000000E+02,   9.04186126540625E+09,   6.78968126464747E+03
  1.99825000000000E+03,   3.37477443774748E+03,   3.06500000000000E+00,   1.66881343674894E+00,   2.55430000000000E+02,   1.09094185035504E+10,   6.44021904917881E+03
  1.99833333300000E+03,   3.37991899518829E+03,   3.71500000000000E+00,   1.69567480724465E+00,   2.55610000000000E+02,   9.70254067531758E+09,   8.66206949838363E+03
  1.99841666700000E+03,   3.38495925586367E+03,   4.47000000000000E+00,   1.72260376662083E+00,   2.55790000000000E+02,   6.59384397776406E+09,   8.81696979954950E+03
  1.99850000000000E+03,   3.38978882999281E+03,   4.78750000000000E+00,   1.74959839418724E+00,   2.55970000000000E+02,   6.17231397842031E+09,   6.25119601286165E+03
  1.99858333300000E+03,   3.39849399186670E+03,   4.65750000000000E+00,   1.77665673632193E+00,   2.56150000000000E+02,   4.59006288923281E+09,   5.17597781334035E+03
  1.99866666700000E+03,   3.41188116847759E+03,   4.14250000000000E+00,  -3.62379218279297E+00,   2.56330000000000E+02,   7.44241720537969E+09,   4.71587183142826E+03
  1.99875000000000E+03,   3.42266928629168E+03,   3.57500000000000E+00,  -3.66585834267430E+00,   2.56510000000000E+02,   7.71037276945742E+09,   2.92991403990313E+03
  1.99883333300000E+03,   3.43023389205786E+03,   3.07750000000000E+00,  -3.70786848072560E+00,   2.56690000000000E+02,   9.38649677887070E+09,   3.59194909969158E+03
  1.99891666700000E+03,   3.43784051290315E+03,   2.15500000000000E+00,  -3.74981882585220E+00,   2.56870000000000E+02,   1.04920468908137E+10,   7.71024629472308E+03
  1.99900000000000E+03,   3.44533037307558E+03,   9.37500000000000E-01,  -3.79170559412114E+00,   2.57050000000000E+02,   1.45159972835902E+10,   7.50357890024409E+03
  1.99908333300000E+03,   3.45260532045141E+03,   4.30000000000000E-01,  -3.83352498925594E+00,   2.57230000000000E+02,   9.96115538892266E+09,   7.83700866093226E+03
  1.99916666700000E+03,   3.45958913095534E+03,   4.60000000000000E-01,  -3.87527320313400E+00,   2.57410000000000E+02,   8.90590620298047E+09,   7.57715552596897E+03
  1.99925000000000E+03,   3.46613668400877E+03,   6.77500000000000E-01,  -3.91694641628634E+00,   2.57590000000000E+02,   8.51659057295859E+09,   9.31379087215699E+03
  1.99933333300000E+03,   3.47200474473269E+03,   1.23000000000000E+00,  -3.95854079839993E+00,   2.57770000000000E+02,   8.60556842138125E+09,   7.50723138764799E+03
  1.99941666700000E+03,   3.47694554801582E+03,   1.64000000000000E+00,  -4.00005250882232E+00,   2.57950000000000E+02,   4.37162158109570E+09,   6.99741072643735E+03
  1.99950000000000E+03,   3.48086308750567E+03,   2.04750000000000E+00,  -4.04147769706851E+00,   2.58130000000000E+02,   5.77953387532070E+09,   7.70321815796532E+03
  1.99958333300000E+03,   3.47928213412940E+03,   2.33250000000000E+00,  -4.08281250333008E+00,   2.58310000000000E+02,   5.86566543273047E+09,   9.45454655577503E+03
  1.99966666700000E+03,   3.47309262821168E+03,   1.57500000000000E+00,  -3.05768568964627E+00,   2.58490000000000E+02,   4.72944347127422E+09,   6.73179214308001E+03
  1.99975000000000E+03,   3.47241881994682E+03,   2.65000000000000E-01,  -3.03150978207445E+00,   2.58670000000000E+02,   7.57798388397656E+09,   4.03513771393374E+03
  1.99983333300000E+03,   3.47683409381739E+03,  -3.25000000000000E-01,  -3.00552486184792E+00,   2.58850000000000E+02,   7.66143369964648E+09,   3.77842619173750E+03
  1.99991666700000E+03,   3.48112400895053E+03,  -4.17500000000000E-01,  -2.97973021249540E+00,   2.59030000000000E+02,   8.37201183750000E+09,   4.57839677837044E+03
  2.00000000000000E+03,   3.48526131514094E+03,  -6.37500000000000E-01,  -2.95412508234352E+00,   2.59210000000000E+02,   8.32188212833086E+09,   3.45618113794066E+03
  2.00008333300000E+03,   3.48932508180926E+03,  -3.00000000000000E-01,  -2.92870868478218E+00,   2.59390000000000E+02,   8.56811943776680E+09,   5.93269798395745E+03
  2.00016666700000E+03,   3.49345413544554E+03,   3.70000000000000E-01,  -2.90348019853529E+00,   2.59570000000000E+02,   4.61865614847695E+09,   6.80530241206065E+03
  2.00025000000000E+03,   3.49773157842228E+03,   5.72500000000000E-01,  -2.87843876793691E+00,   2.59750000000000E+02,   4.92205050578438E+09,   7.71796438132487E+03
  2.00033333300000E+03,   3.50211855990496E+03,   4.25000000000000E-01,  -2.85358350321278E+00,   2.59930000000000E+02,   4.41385925827227E+09,   5.99928295751736E+03
  2.00041666700000E+03,   3.50650736293161E+03,   1.92500000000000E-01,  -2.82891348076703E+00,   2.60110000000000E+02,   3.84745661332344E+09,   6.65468819807246E+03
  2.00050000000000E+03,   3.51084451035866E+03,   4.12500000000000E-01,  -2.80442774347429E+00,   2.60290000000000E+02,   4.88852082848008E+09,   5.88578217040151E+03
  2.00058333300000E+03,   3.51624525844349E+03,   7.90000000000000E-01,  -2.78012530097688E+00,   2.60470000000000E+02,   6.47297181300703E+09,   5.06812784607522E+03
  2.00066666700000E+03,   3.52312572182193E+03,   5.07500000000000E-01,  -8.90330960926384E+00,   2.60650000000000E+02,   6.98859682365117E+09,   6.95643172875307E+03
  2.00075000000000E+03,   3.52970773796252E+03,  -2.37500000000000E-01,  -8.86285348599647E+00,   2.60830000000000E+02,   5.02649294032930E+09,   1.20935506216593E+04
  2.00083333300000E+03,   3.53560522639847E+03,  -8.42500000000000E-01,  -8.82226105791870E+00,   2.61010000000000E+02,   5.31078002264531E+09,   1.60622398499377E+04
  2.00091666700000E+03,   3.54152118573099E+03,  -1.24500000000000E+00,  -8.78153639026045E+00,   2.61190000000000E+02,   5.62843872964961E+09,   1.47353688152358E+04
  2.00100000000000E+03,   3.54752890654287E+03,  -1.18000000000000E+00,  -8.74068354398387E+00,   2.61370000000000E+02,   5.23675443198516E+09,   1.68308477959041E+04
  2.00108333300000E+03,   3.55380856625627E+03,  -5.77500000000000E-01,  -8.69970657522739E+00,   2.61550000000000E+02,   7.23744324978711E+09,   1.40422226809207E+04
  2.00116666700000E+03,   3.56056153632751E+03,  -1.87500000000000E-01,  -8.65860953475159E+00,   2.61730000000000E+02,   8.91932172530469E+09,   9.39820281392485E+03
  2.00125000000000E+03,   3.56786084279376E+03,  -2.07500000000000E-01,  -8.61739646738673E+00,   2.61910000000000E+02,   8.80105217173828E+09,   4.38103522825688E+03
  2.00133333300000E+03,   3.57556585693646E+03,   2.60000000000000E-01,  -8.57607141148223E+00,   2.62090000000000E+02,   1.41783971035660E+10,   1.02347587299265E+04
  2.00141666700000E+03,   3.58337768634197E+03,   1.14500000000000E+00,  -8.53463839835797E+00,   2.62270000000000E+02,   1.51758262856609E+10,   8.41109347843789E+03
  2.00150000000000E+03,   3.59098694238329E+03,   1.45250000000000E+00,  -8.49310145175776E+00,   2.62450000000000E+02,   1.24470669083848E+10,   9.05129203364775E+03
  2.00158333300000E+03,   3.59350617036702E+03,   1.77750000000000E+00,  -8.45146458730471E+00,   2.62630000000000E+02,   1.08070840205805E+10,   1.22007954822604E+04
  2.00166666700000E+03,   3.59005043707136E+03,   2.34000000000000E+00,   2.30504184519638E+00,   2.62810000000000E+02,   1.06334608208434E+10,   1.95501132687170E+04
  2.00175000000000E+03,   3.58931766652675E+03,   2.20000000000000E+00,   2.25981061960388E+00,   2.62990000000000E+02,   5.24842822922188E+09,   1.33731396321025E+04
  2.00183333300000E+03,   3.59239677762247E+03,   1.78000000000000E+00,   2.21428446253022E+00,   2.63170000000000E+02,   3.17948213163047E+09,   1.45405243769735E+04
  2.00191666700000E+03,   3.59554970690850E+03,   1.74750000000000E+00,   2.16846682601949E+00,   2.63350000000000E+02,   3.83409081375273E+09,   1.42629230267271E+04
  2.00200000000000E+03,   3.59884776317865E+03,   1.69000000000000E+00,   2.12236119896170E+00,   2.63530000000000E+02,   4.40075983535430E+09,   1.13748889679089E+04
  2.00208333300000E+03,   3.60247135811242E+03,   1.47750000000000E+00,   2.07597110671854E+00,   2.63710000000000E+02,   4.18832614740703E+09,   5.48180144647844E+03
  2.00216666700000E+03,   3.60661912801079E+03,   1.04000000000000E+00,   2.02930011074402E+00,   2.63890000000000E+02,   3.24681196799258E+09,   5.44035783106983E+03
  2.00225000000000E+03,   3.61135339344429E+03,   2.12500000000000E-01,   1.98235180820012E+00,   2.64070000000000E+02,   3.89881472285469E+09,   4.19976932624504E+03
  2.00233333300000E+03,   3.61651862706804E+03,  -6.30000000000000E-01,   1.93512983156725E+00,   2.64250000000000E+02,   3.25748285625508E+09,   8.83159346200079E+03
  2.00241666700000E+03,   3.62181416178490E+03,  -1.03250000000000E+00,   1.88763784824988E+00,   2.64430000000000E+02,   2.70772911974062E+09,   1.00338323439267E+04
  2.00250000000000E+03,   3.62697012804302E+03,  -5.17500000000000E-01,   1.83987956017716E+00,   2.64610000000000E+02,   3.64956668254805E+09,   1.05469835191954E+04
  2.00258333300000E+03,   3.63358327363196E+03,   4.02500000000000E-01,   1.79185870339869E+00,   2.64790000000000E+02,   3.35350760507969E+09,   1.05135244636212E+04
  2.00266666700000E+03,   3.64165778534100E+03,   7.77500000000000E-01,   4.08296148146544E+00,   2.64970000000000E+02,   2.48945837858555E+09,   1.32013665208925E+04
  2.00275000000000E+03,   3.64789080015400E+03,   6.40000000000000E-01,   4.06534664570230E+00,   2.65150000000000E+02,   5.33120503526445E+09,   8.44413244565725E+03
  2.00283333300000E+03,   3.65245295118854E+03,   2.22500000000000E-01,   4.04782680869240E+00,   2.65330000000000E+02,   7.66458729280898E+09,   8.22825016728826E+03
  2.00291666700000E+03,   3.65706747288281E+03,   3.25000000000000E-02,   4.03040071695265E+00,   2.65510000000000E+02,   8.80795947298594E+09,   6.54026500027292E+03
  2.00300000000000E+03,   3.66166940266922E+03,   6.75000000000000E-02,   4.01306708806896E+00,   2.65690000000000E+02,   1.02927136169742E+10,   8.55013740543984E+03
  2.00308333300000E+03,   3.66629425655922E+03,   1.80000000000000E-01,   3.99582461101110E+00,   2.65870000000000E+02,   1.09864987417195E+10,   7.71454767793641E+03
  2.00316666700000E+03,   3.67103592053086E+03,   5.65000000000000E-01,   3.97867194645223E+00,   2.66050000000000E+02,   9.27688891446016E+09,   7.49279987914898E+03
  2.00325000000000E+03,   3.67593531181423E+03,   8.92500000000000E-01,   3.96160772709319E+00,   2.66230000000000E+02,   8.10667434779766E+09,   5.75637623091377E+03
  2.00333333300000E+03,   3.68091760894713E+03,   1.30500000000000E+00,   3.94463055799152E+00,   2.66410000000000E+02,   1.10697254742125E+10,   7.08641236347333E+03
  2.00341666700000E+03,   3.68584783877424E+03,   1.93250000000000E+00,   3.92773901689492E+00,   2.66590000000000E+02,   8.92658088610352E+09,   7.54050174137689E+03
  2.00350000000000E+03,   3.69065537952127E+03,   2.77000000000000E+00,   3.91093165457943E+00,   2.66770000000000E+02,   8.11193677114844E+09,   5.58092593751848E+03
  2.00358333300000E+03,   3.70195394440538E+03,   3.73250000000000E+00,   3.89420699519196E+00,   2.66950000000000E+02,   7.51348470114570E+09,   6.46157727934718E+03
  2.00366666700000E+03,   3.71999463025239E+03,   4.19750000000000E+00,   4.85219799925960E+00,   2.67130000000000E+02,   7.17668584130117E+09,   6.54706933629438E+03
  2.00375000000000E+03,   3.73187313311098E+03,   3.65500000000000E+00,   4.84200426159614E+00,   2.67310000000000E+02,   3.85087520541094E+09,   5.90258196971230E+03
  2.00383333300000E+03,   3.73743565363874E+03,   2.58000000000000E+00,   4.83138531341711E+00,   2.67490000000000E+02,   4.46002855822344E+09,   4.50297445126884E+03
  2.00391666700000E+03,   3.74300262986798E+03,   2.04250000000000E+00,   4.82034053328293E+00,   2.67670000000000E+02,   5.14898243873750E+09,   4.54319959390871E+03
  2.00400000000000E+03,   3.74849017399061E+03,   1.97250000000000E+00,   4.80886934536370E+00,   2.67850000000000E+02,   5.88527157419492E+09,   4.60308453704193E+03
  2.00408333300000E+03,   3.75391517329494E+03,   1.80250000000000E+00,   4.79697121962622E+00,   2.68030000000000E+02,   5.88146324905664E+09,   5.42676380037926E+03
  2.00416666700000E+03,   3.75935368863160E+03,   1.41750000000000E+00,   4.78464567201494E+00,   2.68210000000000E+02,   9.32913842446601E+09,   4.65334307412617E+03
  2.00425000000000E+03,   3.76483007454067E+03,   7.85000000000000E-01,   4.77189226462668E+00,   2.68390000000000E+02,   9.76659947614961E+09,   4.09858944180608E+03
  2.00433333300000E+03,   3.77025462153978E+03,   5.77500000000000E-01,   4.75871060587906E+00,   2.68570000000000E+02,   9.95999377679648E+09,   3.88142689189725E+03
  2.00441666700000E+03,   3.77547951140832E+03,   1.30500000000000E+00,   4.74510035067277E+00,   2.68750000000000E+02,   1.11924588293039E+10,   4.63568040338941E+03
  2.00450000000000E+03,   3.78042365350157E+03,   2.20750000000000E+00,   4.73106120054746E+00,   2.68930000000000E+02,   1.22063928449332E+10,   5.04061376142688E+03
  2.00458333300000E+03,   3.78293324897345E+03,   2.58750000000000E+00,   4.71659290383143E+00,   2.69110000000000E+02,   1.13680477048434E+10,   4.91371941366270E+03
  2.00466666700000E+03,   3.78317568687256E+03,   2.43500000000000E+00,   5.82883837407580E-01,   2.69290000000000E+02,   1.09570805955699E+10,   4.43881132299639E+03
  2.00475000000000E+03,   3.78573812455768E+03,   2.20000000000000E+00,   5.87523627807608E-01,   2.69470000000000E+02,   1.03031612053574E+10,   4.52579509193935E+03
  2.00483333300000E+03,   3.79065314975311E+03,   2.01250000000000E+00,   5.91779163018121E-01,   2.69650000000000E+02,   1.00550207644996E+10,   3.18954432600364E+03
  2.00491666700000E+03,   3.79561957100203E+03,   1.60000000000000E+00,   5.95648236702672E-01,   2.69830000000000E+02,   9.08264587186289E+09,   1.93317126576640E+03
  2.00500000000000E+03,   3.80056236775597E+03,   1.17000000000000E+00,   5.99128679471041E-01,   2.70010000000000E+02,   5.35902977247656E+09,   1.53783685626872E+03
  2.00508333300000E+03,   3.80550804544541E+03,   1.45000000000000E+00,   6.02218359293347E-01,   2.70190000000000E+02,   7.14102400160508E+09,   3.51262197576128E+03
  2.00516666700000E+03,   3.81054296736373E+03,   2.30000000000000E+00,   6.04915181909246E-01,   2.70370000000000E+02,   7.01206280368477E+09,   5.98591273185872E+03
  2.00525000000000E+03,   3.81570235185812E+03,   2.73500000000000E+00,   6.07217091232137E-01,   2.70550000000000E+02,   5.85753412273984E+09,   7.12330751292221E+03
  2.00533333300000E+03,   3.82090772820269E+03,   2.84250000000000E+00,   6.09122069748335E-01,   2.70730000000000E+02,   5.73259029936875E+09,   8.02647467023395E+03
  2.00541666700000E+03,   3.82602263302711E+03,   3.31500000000000E+00,   6.10628138911114E-01,   2.70910000000000E+02,   5.94681870218398E+09,   7.76537050367109E+03
  2.00550000000000E+03,   3.83097711240243E+03,   3.98250000000000E+00,   6.11733359529599E-01,   2.71090000000000E+02,   8.80355053631524E+09,   6.80546481206752E+03
  2.00558333300000E+03,   3.83600134608044E+03,   4.19500000000000E+00,   6.12435832152400E-01,   2.71270000000000E+02,   8.63033995159375E+09,   7.48041571208686E+03
  2.00566666700000E+03,   3.84123542087712E+03,   3.62000000000000E+00,  -1.72696929217758E+00,   2.71450000000000E+02,   7.29545948919258E+09,   6.00295542991124E+03
  2.00575000000000E+03,   3.84629159972743E+03,   2.41750000000000E+00,  -1.77053700321398E+00,   2.71630000000000E+02,   6.58806398677617E+09,   5.25927304221354E+03
  2.00583333300000E+03,   3.85089231309019E+03,   1.66500000000000E+00,  -1.81443358791397E+00,   2.71810000000000E+02,   1.56283845133109E+10,   6.73497799616344E+03
  2.00591666700000E+03,   3.85508295950581E+03,   1.57000000000000E+00,  -1.85865573673005E+00,   2.71990000000000E+02,   1.13627965142105E+10,   6.98809737245403E+03
  2.00600000000000E+03,   3.85894480489327E+03,   1.17750000000000E+00,  -1.90320009827719E+00,   2.72170000000000E+02,   1.12740363384066E+10,   4.32052201476730E+03
  2.00608333300000E+03,   3.86261120872788E+03,   6.65000000000000E-01,  -1.94806327969290E+00,   2.72350000000000E+02,   1.12808343638617E+10,   4.43225341419466E+03
  2.00616666700000E+03,   3.86621715058931E+03,   8.12500000000000E-01,  -1.99324184700317E+00,   2.72530000000000E+02,   1.37911566602477E+10,   5.09100882113166E+03
  2.00625000000000E+03,   3.86980543955565E+03,   1.74000000000000E+00,  -2.03873232549443E+00,   2.72710000000000E+02,   4.06610969355039E+09,   5.83966107359119E+03
  2.00633333300000E+03,   3.87329932165483E+03,   2.69750000000000E+00,  -2.08453120009139E+00,   2.72890000000000E+02,   5.78079410864570E+09,   5.16440855728276E+03
  2.00641666700000E+03,   3.87659605966644E+03,   3.20250000000000E+00,  -2.13063491574070E+00,   2.73070000000000E+02,   7.54706451867031E+09,   4.62771804227643E+03
  2.00650000000000E+03,   3.87971505551487E+03,   3.54000000000000E+00,  -2.17703987780044E+00,   2.73250000000000E+02,   8.30890881721836E+09,   4.82075297673270E+03
  2.00658333300000E+03,   3.88982694548778E+03,   3.68250000000000E+00,  -2.22374245243526E+00,   2.73430000000000E+02,   6.29698573656484E+09,   4.95894756137542E+03
  2.00666666700000E+03,   3.90749683513018E+03,   3.48750000000000E+00,   4.74168888323199E+00,   2.73610000000000E+02,   6.08040598278281E+09,   2.40812586321048E+03
  2.00675000000000E+03,   3.91913725253738E+03,   3.13250000000000E+00,   4.72754425778158E+00,   2.73790000000000E+02,   7.37964618524727E+09,   4.99428507587351E+03
  2.00683333300000E+03,   3.92423097552580E+03,   2.53750000000000E+00,   4.71297043105349E+00,   2.73970000000000E+02,   6.84876603120039E+09,   5.37985442069694E+03
  2.00691666700000E+03,   3.92923617882114E+03,   1.83500000000000E+00,   4.69796720986640E+00,   2.74150000000000E+02,   6.97953343884922E+09,   5.10381647631973E+03
  2.00700000000000E+03,   3.93407023229626E+03,   1.65500000000000E+00,   4.68253444814055E+00,   2.74330000000000E+02,   8.39614313038789E+09,   5.15514192600921E+03
  2.00708333300000E+03,   3.93875446279838E+03,   1.66000000000000E+00,   4.66667204702670E+00,   2.74510000000000E+02,   1.03604104578711E+10,   6.91877923302911E+03
  2.00716666700000E+03,   3.94337305669615E+03,   1.40500000000000E+00,   4.65037995502873E+00,   2.74690000000000E+02,   6.91160827891797E+09,   6.03179740966633E+03
  2.00725000000000E+03,   3.94796259281348E+03,   1.22250000000000E+00,   4.63365816811975E+00,   2.74870000000000E+02,   6.95997808098477E+09,   1.17919028039858E+04
  2.00733333300000E+03,   3.95244995421359E+03,   1.00750000000000E+00,   4.61650672985184E+00,   2.75050000000000E+02,   6.59602525331641E+09,   1.29697177415650E+04
  2.00741666700000E+03,   3.95670834300933E+03,   8.72500000000000E-01,   4.59892573145924E+00,   2.75230000000000E+02,   4.96295761256914E+09,   1.17667458331075E+04
  2.00750000000000E+03,   3.96068190954626E+03,   8.32500000000000E-01,   4.58091531195506E+00,   2.75410000000000E+02,   4.33593023355898E+09,   1.29313761307124E+04
  2.00758333300000E+03,   3.96290973897851E+03,   6.72500000000000E-01,   4.56247565822155E+00,   2.75590000000000E+02,   3.88508290823828E+09,   1.19512529045757E+04
  2.00766666700000E+03,   3.96358034495092E+03,   8.52500000000000E-01,   6.67127074776448E+00,   2.75770000000000E+02,   5.07156791959414E+09,   6.29324759644903E+03
  2.00775000000000E+03,   3.96593040956064E+03,   1.30500000000000E+00,   6.64336264725334E+00,   2.75950000000000E+02,   6.03759558842773E+09,   8.60784095750935E+03
  2.00783333300000E+03,   3.96994132591646E+03,   1.38250000000000E+00,   6.61547497918487E+00,   2.76130000000000E+02,   8.82973681184023E+09,   9.64794256309532E+03
  2.00791666700000E+03,   3.97396209665942E+03,   9.00000000000000E-01,   6.58761029256306E+00,   2.76310000000000E+02,   8.43557587258945E+09,   6.71222109168395E+03
  2.00800000000000E+03,   3.97793995130631E+03,   5.77500000000000E-01,   6.55977110853558E+00,   2.76490000000000E+02,   9.42032454778125E+09,   6.00151469920129E+03
  2.00808333300000E+03,   3.98193104957688E+03,   9.42500000000000E-01,   6.53195992005887E+00,   2.76670000000000E+02,   8.82065892746680E+09,   6.07010652631335E+03
  2.00816666700000E+03,   3.98605628113598E+03,   1.05250000000000E+00,   6.50417919156832E+00,   2.76850000000000E+02,   9.42159634810664E+09,   2.66606253769025E+03
  2.00825000000000E+03,   3.99038662810884E+03,   8.72500000000000E-01,   6.47643135865368E+00,   2.77030000000000E+02,   6.65354835523711E+09,   2.62022403511368E+03
  2.00833333300000E+03,   3.99487641311766E+03,   1.43750000000000E+00,   6.44871882773973E+00,   2.77210000000000E+02,   8.04798233887461E+09,   4.00173773513250E+03
  2.00841666700000E+03,   3.99941482280906E+03,   2.05500000000000E+00,   6.42104397577219E+00,   2.77390000000000E+02,   6.93410349753281E+09,   3.63420129732788E+03
  2.00850000000000E+03,   4.00394689104386E+03,   1.93750000000000E+00,   6.39340914990901E+00,   2.77570000000000E+02,   5.77028311812734E+09,   3.11345330405459E+03
  2.00858333300000E+03,   4.00979529562064E+03,   1.71500000000000E+00,   6.36581666721699E+00,   2.77750000000000E+02,   6.16968255384727E+09,   3.24658317023702E+03
  2.00866666700000E+03,   4.01678683163219E+03,   1.51250000000000E+00,  -4.62629991065378E+00,   2.77930000000000E+02,   9.86598033837812E+09,   3.91234497736543E+03
  2.00875000000000E+03,   4.02220110645265E+03,   8.37500000000000E-01,  -4.67246753234272E+00,   2.78110000000000E+02,   7.64545580207031E+09,   2.53396000256129E+03
  2.00883333300000E+03,   4.02638457938968E+03,   1.35000000000000E-01,  -4.71833780248703E+00,   2.78290000000000E+02,   8.79505576424648E+09,   3.19759769438505E+03
  2.00891666700000E+03,   4.03091840335525E+03,  -2.25000000000000E-01,  -4.76390678044194E+00,   2.78470000000000E+02,   8.98245007108398E+09,   3.36038271253929E+03
  2.00900000000000E+03,   4.03581661034568E+03,  -8.30000000000000E-01,  -4.80917055731959E+00,   2.78650000000000E+02,   8.33772822985352E+09,   3.39981723681204E+03
  2.00908333300000E+03,   4.04109645385855E+03,  -1.53750000000000E+00,  -4.85412525643632E+00,   2.78830000000000E+02,   6.64737912281406E+09,   1.75202390793897E+03
  2.00916666700000E+03,   4.04674501230049E+03,  -1.70750000000000E+00,  -4.89876703375572E+00,   2.79010000000000E+02,   7.14712651376406E+09,   2.36551195354462E+03
  2.00925000000000E+03,   4.05264346182384E+03,  -1.38000000000000E+00,  -4.94309207832731E+00,   2.79190000000000E+02,   6.04838001244414E+09,   2.82013108859323E+03
  2.00933333300000E+03,   4.05855226269546E+03,  -5.05000000000000E-01,  -4.98709661272078E+00,   2.79370000000000E+02,   6.00015074573672E+09,   5.06401207519025E+03
  2.00941666700000E+03,   4.06421027856133E+03,   8.50000000000000E-01,  -5.03077689345573E+00,   2.79550000000000E+02,   4.34638756071250E+09,   4.95691575959586E+03
  2.00950000000000E+03,   4.06948515988622E+03,   1.65250000000000E+00,  -5.07412921142686E+00,   2.79730000000000E+02,   3.20655849207344E+09,   5.79813158977330E+03
  2.00958333300000E+03,   4.08039890888441E+03,   1.30250000000000E+00,  -5.11714989232465E+00,   2.79910000000000E+02,   3.52319072601055E+09,   5.35582518712655E+03
  2.00966666700000E+03,   4.09730079247606E+03,   9.05000000000000E-01,   4.78780066123437E+00,   2.80090000000000E+02,   5.00965339356875E+09,   3.97560523917265E+03
  2.00975000000000E+03,   4.10859833768578E+03,   9.65000000000000E-01,   4.77515541077340E+00,   2.80270000000000E+02,   6.37594230109062E+09,   2.59985945476666E+03
  2.00983333300000E+03,   4.11414830217040E+03,   7.90000000000000E-01,   4.76208200352142E+00,   2.80450000000000E+02,   6.73551454666914E+09,   6.32923354244158E+03
  2.00991666700000E+03,   4.11964518601772E+03,   5.10000000000000E-01,   4.74858008261809E+00,   2.80630000000000E+02,   5.82593507520273E+09,   5.42337882956304E+03
  2.01000000000000E+03,   4.12500245916624E+03,   6.72500000000000E-01,   4.73464933780325E+00,   2.80810000000000E+02,   6.68030450599805E+09,   6.15693251378611E+03
  2.01008333300000E+03,   4.13023569062957E+03,   1.53000000000000E+00,   4.72028950556816E+00,   2.80990000000000E+02,   6.64974657760938E+09,   7.78555292865895E+03
  2.01016666700000E+03,   4.13542133079173E+03,   2.77000000000000E+00,   4.70550036930038E+00,   2.81170000000000E+02,   7.72176022024570E+09,   7.18081311171390E+03
  2.01025000000000E+03,   4.14058622234928E+03,   3.82000000000000E+00,   4.69028175942233E+00,   2.81350000000000E+02,   8.89056032807891E+09,   3.36370934192240E+03
  2.01033333300000E+03,   4.14564562133154E+03,   4.30500000000000E+00,   4.67463355352348E+00,   2.81530000000000E+02,   9.66138196602109E+09,   5.23021517230384E+03
  2.01041666700000E+03,   4.15045947279195E+03,   4.33750000000000E+00,   4.65855567648609E+00,   2.81710000000000E+02,   8.29650897052812E+09,   4.41560864141285E+03
  2.01050000000000E+03,   4.15495747709543E+03,   4.51000000000000E+00,   4.64204810060458E+00,   2.81890000000000E+02,   6.85164734587109E+09,   3.60663151665293E+03
  2.01058333300000E+03,   4.15770133004816E+03,   4.70250000000000E+00,   4.62511084569843E+00,   2.82070000000000E+02,   3.58006811220742E+09,   4.58759159828313E+03
  2.01066666700000E+03,   4.15935680791174E+03,   4.19500000000000E+00,   8.46626430550901E+00,   2.82250000000000E+02,   2.13299345363828E+09,   7.91332265826575E+03
  2.01075000000000E+03,   4.16357517072119E+03,   3.15500000000000E+00,   8.49332599020013E+00,   2.82430000000000E+02,   1.74209480320000E+09,   1.00893852893647E+04
  2.01083333300000E+03,   4.16985300955306E+03,   2.33000000000000E+00,   8.51996522718704E+00,   2.82610000000000E+02,   2.24988324486172E+09,   1.00318347896107E+04
  2.01091666700000E+03,   4.17607611870186E+03,   1.81000000000000E+00,   8.54618088007011E+00,   2.82790000000000E+02,   2.63716153837813E+09,   9.45929589884244E+03
  2.01100000000000E+03,   4.18217243362586E+03,   1.33000000000000E+00,   8.57197186237803E+00,   2.82970000000000E+02,   8.11775787320898E+09,   9.95279464096464E+03
  2.01108333300000E+03,   4.18818403380488E+03,   8.60000000000000E-01,   8.59733713759638E+00,   2.83150000000000E+02,   7.94933798687109E+09,   9.21142040357329E+03
  2.01116666700000E+03,   4.19422250448958E+03,   6.00000000000000E-01,   8.62227571918918E+00,   2.83330000000000E+02,   7.58638151485625E+09,   6.88639761933237E+03
  2.01125000000000E+03,   4.20035419911192E+03,   8.00000000000000E-01,   8.64678667061352E+00,   2.83510000000000E+02,   7.51278968604961E+09,   8.86755612843484E+03
  2.01133333300000E+03,   4.20653372058382E+03,   1.25750000000000E+00,   8.67086910532720E+00,   2.83690000000000E+02,   1.10935335326094E+10,   8.94565221316814E+03
  2.01141666700000E+03,   4.21265585499810E+03,   1.32500000000000E+00,   8.69452218678944E+00,   2.83870000000000E+02,   8.71616272636016E+09,   7.23709362803288E+03
  2.01150000000000E+03,   4.21867689611501E+03,   1.09500000000000E+00,   8.71774512845456E+00,   2.84050000000000E+02,   9.72012525385664E+09,   5.26002777366862E+03
  2.01158333300000E+03,   4.22191672146269E+03,   1.14750000000000E+00,   8.74053719375881E+00,   2.84230000000000E+02,   1.30017014611070E+10,   1.01435152580351E+04
  2.01166666700000E+03,   4.22177477626187E+03,   1.07000000000000E+00,   4.48038624710810E+00,   2.84410000000000E+02,   1.62309603509813E+10,   9.47142283228412E+03
  2.01175000000000E+03,   4.22318020699080E+03,   3.22500000000000E-01,   4.44612137605407E+00,   2.84590000000000E+02,   1.44630727987703E+10,   1.06234242131129E+04
  2.01183333300000E+03,   4.22697946038457E+03,  -4.82500000000000E-01,   4.41166727848996E+00,   2.84770000000000E+02,   1.14409046158887E+10,   1.05449397933573E+04
  2.01191666700000E+03,   4.23111912659843E+03,  -7.37500000000000E-01,   4.37702492383497E+00,   2.84950000000000E+02,   1.55851751883957E+10,   1.06485998966079E+04
  2.01200000000000E+03,   4.23550116882110E+03,  -6.05000000000000E-01,   4.34219532351704E+00,   2.85130000000000E+02,   1.57970187570332E+10,   4.45183620057739E+03
  2.01208333300000E+03,   4.24008667352993E+03,  -2.57500000000000E-01,   4.30717953095203E+00,   2.85310000000000E+02,   1.17045189343633E+10,   3.84284810023345E+03
  2.01216666700000E+03,   4.24486897955504E+03,   1.60000000000000E-01,   4.27197864151574E+00,   2.85490000000000E+02,   1.72555761598387E+10,   4.33538907671235E+03
  2.01225000000000E+03,   4.24978229173102E+03,   6.95000000000000E-01,   4.23659379250927E+00,   2.85670000000000E+02,   1.75371469942219E+10,   4.45511202535518E+03
  2.01233333300000E+03,   4.25465996753328E+03,   1.59000000000000E+00,   4.20102616311719E+00,   2.85850000000000E+02,   1.46428639072691E+10,   5.84577366877235E+03
  2.01241666700000E+03,   4.25930823298904E+03,   2.66750000000000E+00,   4.16527697435905E+00,   2.86030000000000E+02,   1.09392180905895E+10,   6.32805253792778E+03
  2.01250000000000E+03,   4.26364229260481E+03,   3.52250000000000E+00,   4.12934748903381E+00,   2.86210000000000E+02,   1.24228712995004E+10,   5.84527670390159E+03
  2.01258333300000E+03,   4.27004487147638E+03,   4.03250000000000E+00,   4.09323901165743E+00,   2.86390000000000E+02,   5.43267128095430E+09,   4.35932055596933E+03
  2.01266666700000E+03,   4.27969461912831E+03,   3.96250000000000E+00,   4.40583579391167E+00,   2.86570000000000E+02,   5.01998053648398E+09,   4.64541149154864E+03
  2.01275000000000E+03,   4.28931609631837E+03,   3.00250000000000E+00,   4.46086391082719E+00,   2.86750000000000E+02,   6.98098998759258E+09,   3.55885604744814E+03
  2.01283333300000E+03,   4.29816985851007E+03,   1.82250000000000E+00,   4.51576825987452E+00,   2.86930000000000E+02,   6.82936087097891E+09,   4.30410888858363E+03
  2.01291666700000E+03,   4.30726358867814E+03,   1.25750000000000E+00,   4.57054409114787E+00,   2.87110000000000E+02,   7.69206114182539E+09,   5.45924581844956E+03
  2.01300000000000E+03,   4.31594841919878E+03,   1.10000000000000E+00,   4.62518667436672E+00,   2.87290000000000E+02,   6.95075635680273E+09,   5.22184362902194E+03
  2.01308333300000E+03,   4.32369098173072E+03,   1.11000000000000E+00,   4.67969129942963E+00,   2.87470000000000E+02,   7.43194804298789E+09,   6.57004676606357E+03
  2.01316666700000E+03,   4.33020188020382E+03,   1.23750000000000E+00,   4.73405327696504E+00,   2.87650000000000E+02,   3.26943691510273E+09,   6.60258750167489E+03
  2.01325000000000E+03,   4.33541883297703E+03,   1.14750000000000E+00,   4.78826793887883E+00,   2.87830000000000E+02,   6.02929735512109E+09,   5.05317755105831E+03
  2.01333333300000E+03,   4.33943355598914E+03,   7.80000000000000E-01,   4.84233063889864E+00,   2.88010000000000E+02,   6.39267376392734E+09,   3.65950572258383E+03
  2.01341666700000E+03,   4.34245013719295E+03,   7.77500000000000E-01,   4.89623675311497E+00,   2.88190000000000E+02,   6.71904346592813E+09,   5.52665747586228E+03
  2.01350000000000E+03,   4.34477790493011E+03,   1.37000000000000E+00,   4.94998168051871E+00,   2.88370000000000E+02,   7.36814691999141E+09,   4.82751538899019E+03
  2.01358333300000E+03,   4.35373920706258E+03,   1.90250000000000E+00,   5.00356084353543E+00,   2.88550000000000E+02,   7.05454898748633E+09,   5.57943202705346E+03
  2.01366666700000E+03,   4.37036346169152E+03,   2.44750000000000E+00,   9.23712259257795E+00,   2.88730000000000E+02,   9.92500233132500E+09,   6.30237513973564E+03
  2.01375000000000E+03,   4.38161660804670E+03,   2.51250000000000E+00,   9.24577362135674E+00,   2.88910000000000E+02,   8.37011512169102E+09,   1.10338032395825E+04
  2.01383333300000E+03,   4.38677194033687E+03,   1.41750000000000E+00,   9.25399756211601E+00,   2.89090000000000E+02,   8.19242510502188E+09,   9.91400205292702E+03
  2.01391666700000E+03,   4.39196549715940E+03,   1.65000000000000E-01,   9.26179534868210E+00,   2.89270000000000E+02,   8.33461092316953E+09,   8.70986811338924E+03
  2.01400000000000E+03,   4.39712450164329E+03,  -5.07500000000000E-01,   9.26916795999821E+00,   2.89450000000000E+02,   1.06657640456812E+10,   8.48048144568168E+03
  2.01408333300000E+03,   4.40227730333516E+03,  -7.52500000000000E-01,   9.27611641987022E+00,   2.89630000000000E+02,   9.20525901676758E+09,   9.26896708639152E+03
  2.01416666700000E+03,   4.40751175851746E+03,  -9.27500000000000E-01,   9.28264179670664E+00,   2.89810000000000E+02,   9.13259640001914E+09,   6.76481675443314E+03
  2.01425000000000E+03,   4.41286427276264E+03,  -8.57500000000000E-01,   9.28874520325256E+00,   2.89990000000000E+02,   9.57486945554219E+09,   6.90874029666781E+03
  2.01433333300000E+03,   4.41825730838609E+03,  -2.70000000000000E-01,   9.29442779631775E+00,   2.90170000000000E+02,   1.13663977653910E+10,   9.64065407580584E+03
  2.01441666700000E+03,   4.42355511795506E+03,   6.77500000000000E-01,   9.29969077649887E+00,   2.90350000000000E+02,   1.09768542278621E+10,   7.97247043627687E+03
  2.01450000000000E+03,   4.42868827902884E+03,   1.91500000000000E+00,   9.30453538789593E+00,   2.90530000000000E+02,   1.47873978773332E+10,   8.48549927235805E+03
  2.01458333300000E+03,   4.42424505555476E+03,   2.81750000000000E+00,   9.30896291782293E+00,   2.90710000000000E+02,   1.86589254606465E+10,   7.70860692437366E+03
  2.01466666700000E+03,   4.41043222716213E+03,   2.93500000000000E+00,  -2.56942791664622E+00,   2.90890000000000E+02,   1.92351280231008E+10,   8.61968815388978E+03
  2.01475000000000E+03,   4.40636119662859E+03,   2.21500000000000E+00,  -2.58753893990433E+00,   2.91070000000000E+02,   1.68852777849707E+10,   6.14510611168928E+03
  2.01483333300000E+03,   4.41193904069765E+03,   1.01500000000000E+00,  -2.60522593421447E+00,   2.91250000000000E+02,   1.71628883829258E+10,   9.70534863663949E+03
  2.01491666700000E+03,   4.41752112393937E+03,   2.47500000000000E-01,  -2.62248629432299E+00,   2.91430000000000E+02,   9.37023208090195E+09,   1.03391603050712E+04
  2.01500000000000E+03,   4.42303964386777E+03,  -9.00000000000000E-02,  -2.63931745428024E+00,   2.91610000000000E+02,   4.74623416825859E+09,   9.44578918175921E+03
  2.01508333300000E+03,   4.42852921705560E+03,  -5.45000000000000E-01,  -2.65571688784986E+00,   2.91790000000000E+02,   4.09443684202852E+09,   8.57676879494898E+03
  2.01516666700000E+03,   4.43408450074703E+03,  -1.01500000000000E+00,  -2.67168210891285E+00,   2.91970000000000E+02,   4.06276595388281E+09,   9.04110796605721E+03
  2.01525000000000E+03,   4.43974858741340E+03,  -7.52500000000000E-01,  -2.68721067186646E+00,   2.92150000000000E+02,   2.27393799623516E+09,   1.15830889222976E+04
  2.01533333300000E+03,   4.44544999766835E+03,  -7.00000000000000E-02,  -2.70230017201793E+00,   2.92330000000000E+02,   5.49396664070625E+09,   8.91783453423940E+03
  2.01541666700000E+03,   4.45105803833188E+03,   3.97500000000000E-01,  -2.71694824597292E+00,   2.92510000000000E+02,   1.13983510556359E+10,   9.60608291883618E+03
  2.01550000000000E+03,   4.45650709845004E+03,   9.90000000000000E-01,  -2.73115257201852E+00,   2.92690000000000E+02,   1.11867150749316E+10,   1.05640408238642E+04
  2.01558333300000E+03,   4.46201789451950E+03,   1.78750000000000E+00,  -2.74491087050097E+00,   2.92870000000000E+02,   1.50119248335570E+10,   1.09058185154591E+04
  2.01566666700000E+03,   4.46776189677424E+03,   2.57500000000000E+00,   3.79078873642755E+00,   2.93050000000000E+02,   1.59940183691621E+10,   5.45355788788982E+03
  2.01575000000000E+03,   4.47355876389027E+03,   2.65500000000000E+00,   3.77462006090516E+00,   2.93230000000000E+02,   1.26312174303215E+10,   7.14652438278496E+03
  2.01583333300000E+03,   4.47935749710951E+03,   2.13250000000000E+00,   3.75852087296870E+00,   2.93410000000000E+02,   8.80322231666133E+09,   9.55701525933147E+03
  2.01591666700000E+03,   4.48517398495142E+03,   2.00500000000000E+00,   3.74248946650507E+00,   2.93590000000000E+02,   8.60551059292383E+09,   1.09485658698045E+04
  2.01600000000000E+03,   4.49092649993113E+03,   1.93000000000000E+00,   3.72652411254503E+00,   2.93770000000000E+02,   5.58995850095195E+09,   1.05078247622516E+04
  2.01608333300000E+03,   4.49663613801423E+03,   1.63750000000000E+00,   3.71062305965240E+00,   2.93950000000000E+02,   4.37624830120742E+09,   1.04745287562400E+04
  2.01616666700000E+03,   4.50238521975549E+03,   1.58250000000000E+00,   3.69478453431713E+00,   2.94130000000000E+02,   5.53663510185273E+09,   1.09373855666537E+04
  2.01625000000000E+03,   4.50820629640563E+03,   2.02500000000000E+00,   3.67900674135195E+00,   2.94310000000000E+02,   3.36096428758867E+09,   7.85234196227528E+03
  2.01633333300000E+03,   4.51401956966008E+03,   2.99500000000000E+00,   3.66328786429275E+00,   2.94490000000000E+02,   5.05611941645781E+09,   4.54038446703665E+03
  2.01641666700000E+03,   4.51968848733028E+03,   3.79500000000000E+00,   3.64762606580244E+00,   2.94670000000000E+02,   6.40956946358672E+09,   5.45539830025807E+03
  2.01650000000000E+03,   4.52514409961193E+03,   4.13500000000000E+00,   3.63201948807838E+00,   2.94850000000000E+02,   7.06036256145586E+09,   5.14583931504674E+03
  2.01658333300000E+03,   4.53336346973969E+03,   4.32000000000000E+00,   3.61646625326313E+00,   2.95030000000000E+02,   6.92444094806719E+09,   4.25084599590115E+03
  2.01666666700000E+03,   4.54460094252405E+03,   4.19250000000000E+00,   7.95469852555507E+00,   2.95210000000000E+02,   8.58276233659414E+09,   4.17016014578417E+03
  2.01675000000000E+03,   4.55322892047965E+03,   3.83250000000000E+00,   7.98858368837232E+00,   2.95390000000000E+02,   7.21054105608750E+09,   6.12602093757167E+03
  2.01683333300000E+03,   4.55908245080052E+03,   3.55250000000000E+00,   8.02207261375985E+00,   2.95570000000000E+02,   6.70323215972930E+09,   8.57215085126609E+03
  2.01691666700000E+03,   4.56484023875558E+03,   3.02500000000000E+00,   8.05516334431712E+00,   2.95750000000000E+02,   6.23101799637930E+09,   8.94712837513126E+03
  2.01700000000000E+03,   4.57043898045625E+03,   2.34000000000000E+00,   8.08785397107355E+00,   2.95930000000000E+02,   5.17851544792773E+09,   9.95767859584540E+03
  2.01708333300000E+03,   4.57593771606466E+03,   1.92500000000000E+00,   8.12014263363259E+00,   2.96110000000000E+02,   1.26182447783367E+10,   1.03000504247360E+04
  2.01716666700000E+03,   4.58147187960559E+03,   1.92000000000000E+00,   8.15202752030902E+00,   2.96290000000000E+02,   1.34920257150762E+10,   8.51859876143858E+03
  2.01725000000000E+03,   4.58713484218543E+03,   2.42750000000000E+00,   8.18350686825929E+00,   2.96470000000000E+02,   1.35192471063336E+10,   6.60333959687501E+03
  2.01733333300000E+03,   4.59290640250570E+03,   2.85750000000000E+00,   8.21457896360500E+00,   2.96650000000000E+02,   1.41411737864516E+10,   6.95585091570951E+03
  2.01741666700000E+03,   4.59869973445065E+03,   2.89000000000000E+00,   8.24524214154949E+00,   2.96830000000000E+02,   1.46752592152363E+10,   4.86400400851853E+03
  2.01750000000000E+03,   4.60447888983438E+03,   2.86500000000000E+00,   8.27549478648755E+00,   2.97010000000000E+02,   7.63208135012344E+09,   4.58901917509697E+03
  2.01758333300000E+03,   4.60619621037568E+03,   2.99000000000000E+00,   8.30533533210804E+00,   2.97190000000000E+02,   7.62891056529961E+09,   5.63444205847047E+03
  2.01766666700000E+03,   4.60359232754734E+03,   3.41750000000000E+00,  -1.14392137194348E+00,   2.97370000000000E+02,   5.37353008634023E+09,   7.07762274501398E+03
  2.01775000000000E+03,   4.60460618611506E+03,   3.73000000000000E+00,  -1.17950711572197E+00,   2.97550000000000E+02,   8.11254026895820E+09,   8.78983085125536E+03
  2.01783333300000E+03,   4.60963454559583E+03,   3.56250000000000E+00,  -1.21484413024352E+00,   2.97730000000000E+02,   7.99763455595859E+09,   9.55067288945951E+03
  2.01791666700000E+03,   4.61493928090620E+03,   2.94250000000000E+00,  -1.24992844203281E+00,   2.97910000000000E+02,   5.84870042521406E+09,   1.03045619907137E+04
  2.01800000000000E+03,   4.62056943127980E+03,   1.74000000000000E+00,  -1.28475609073969E+00,   2.98090000000000E+02,   5.57435105682695E+09,   9.32662505519688E+03
  2.01808333300000E+03,   4.62665082071412E+03,   8.82500000000000E-01,  -1.31932312971307E+00,   2.98270000000000E+02,   5.60422310444219E+09,   9.59157957746536E+03
  2.01816666700000E+03,   4.63332708475857E+03,   7.85000000000000E-01,  -1.35362562657365E+00,   2.98450000000000E+02,   3.34583018826133E+09,   8.55739090879597E+03
  2.01825000000000E+03,   4.64063765212205E+03,   4.57500000000000E-01,  -1.38765966378541E+00,   2.98630000000000E+02,   4.73944653030391E+09,   8.14973678694740E+03
  2.01833333300000E+03,   4.64845227833314E+03,  -6.25000000000000E-02,  -1.42142133922569E+00,   2.98810000000000E+02,   4.84906230340273E+09,   7.28224220614843E+03
  2.01841666700000E+03,   4.65653213060388E+03,  -2.05000000000000E-01,  -1.45490676675389E+00,   2.98990000000000E+02,   5.27246736577969E+09,   9.98548070694096E+03
  2.01850000000000E+03,   4.66466678288130E+03,   1.47500000000000E-01,  -1.48811207677855E+00,   2.99170000000000E+02,   5.32445363493789E+09,   6.51574139780588E+03
  2.01858333300000E+03,   4.67651584224432E+03,   8.17500000000000E-01,  -1.52103341682297E+00,   2.99350000000000E+02,   6.90518532316797E+09,   6.83766980447769E+03
  2.01866666700000E+03,   4.69188392601547E+03,   1.25750000000000E+00,   2.89109548051861E-01,   2.99530000000000E+02,   5.50629991810352E+09,   9.02878011139035E+03
  2.01875000000000E+03,   4.70282535162437E+03,   6.27500000000000E-01,   3.39286735689431E-01,   2.99710000000000E+02,   8.16165988142227E+09,   1.20137727653809E+04
  2.01883333300000E+03,   4.70897123572777E+03,  -5.87500000000000E-01,   3.89709170086979E-01,   2.99890000000000E+02,   6.88232855821250E+09,   8.89701210433058E+03
  2.01891666700000E+03,   4.71394317755479E+03,  -8.30000000000000E-01,   4.40372316771736E-01,   3.00070000000000E+02,   8.05810741084766E+09,   1.05384076630469E+04
  2.01900000000000E+03,   4.71782985936121E+03,  -2.15000000000000E-01,   4.91271616592451E-01,   3.00250000000000E+02,   9.23044565650820E+09,   9.21792718740888E+03
  2.01908333300000E+03,   4.72094248957418E+03,   4.75000000000000E-01,   5.42402486268152E-01,   3.00430000000000E+02,   1.06076793119430E+10,   8.86792793451250E+03
  2.01916666700000E+03,   4.72367840658644E+03,   9.22500000000000E-01,   5.93760318940038E-01,   3.00610000000000E+02,   8.48882246523945E+09,   5.84996920210756E+03
  2.01925000000000E+03,   4.72633183840714E+03,   9.47500000000000E-01,   6.45340484726468E-01,   3.00790000000000E+02,   8.61647635612656E+09,   7.91776450038664E+03
  2.01933333300000E+03,   4.72899929513237E+03,   9.90000000000000E-01,   6.97138331280977E-01,   3.00970000000000E+02,   8.50275802534023E+09,   8.41090326219127E+03
  2.01941666700000E+03,   4.73165596908417E+03,   1.77500000000000E+00,   7.49149184353155E-01,   3.01150000000000E+02,   4.34297924787539E+09,   1.05384817855734E+04
  2.01950000000000E+03,   4.73433422192889E+03,   2.84750000000000E+00,   8.01368348352433E-01,   3.01330000000000E+02,   3.09018889958984E+09,   9.70632745342068E+03
  2.01958333300000E+03,   4.73654913335770E+03,   2.99250000000000E+00,   8.53791106914570E-01,   3.01510000000000E+02,   3.58199200659062E+09,   1.22113737751607E+04
  2.01966666700000E+03,   4.73907313035191E+03,   2.27500000000000E+00,   3.34020585491413E+00,   3.01690000000000E+02,   4.86628021615352E+09,   1.02042239446729E+04
  2.01975000000000E+03,   4.74379356304497E+03,   1.48750000000000E+00,   3.36667052218805E+00,   3.01870000000000E+02,   4.96221959437031E+09,   9.93326760236621E+03
  2.01983333300000E+03,   4.74992186950688E+03,   1.16500000000000E+00,   3.39303754482688E+00,   3.02050000000000E+02,   5.52578579286016E+09,   7.90124272455424E+03
  2.01991666700000E+03,   4.75604176695489E+03,   1.14500000000000E+00,   3.41930361956385E+00,   3.02230000000000E+02,   5.10179010787383E+09,   6.28614643242173E+03
  2.02000000000000E+03,   4.76209285273792E+03,   1.59000000000000E+00,   3.44546543355825E+00,   3.02410000000000E+02,   4.10592469456953E+09,   3.37120001465119E+03
  2.02008333300000E+03,   4.76811243724086E+03,   2.75000000000000E+00,   3.47151966489127E+00,   3.02590000000000E+02,   3.05028615086875E+09,   3.60091368038394E+03
  2.02016666700000E+03,   4.77419201934551E+03,   3.46250000000000E+00,   3.49746298306402E+00,   3.02770000000000E+02,   1.74092434171602E+09,   4.52851620340385E+03
  2.02025000000000E+03,   4.78036555903004E+03,   3.24000000000000E+00,   3.52329204949774E+00,   3.02950000000000E+02,   1.35514148706523E+09,   3.64706524561942E+03
  2.02033333300000E+03,   4.78654735746814E+03,   2.74250000000000E+00,   3.54900351803598E+00,   3.03130000000000E+02,   2.71655325440820E+09,   3.70224408702888E+03
  2.02041666700000E+03,   4.79258914772408E+03,   2.74250000000000E+00,   3.57459403544886E+00,   3.03310000000000E+02,   4.75821584616484E+09,   6.58804479763173E+03
  2.02050000000000E+03,   4.79840671709449E+03,   3.42500000000000E+00,   3.60006024193914E+00,   3.03490000000000E+02,   4.87320496922969E+09,   7.68534792748950E+03
  2.02058333300000E+03,   4.81074838419892E+03,   3.75500000000000E+00,   3.62539877165017E+00,   3.03670000000000E+02,   5.14045223122070E+09,   6.14894176368639E+03
  2.02066666700000E+03,   4.82986580347807E+03,   3.30250000000000E+00,   4.79417942664949E+00,   3.03850000000000E+02,   5.43036390416133E+09,   7.41258375155591E+03
  2.02075000000000E+03,   4.84254769400157E+03,   2.50000000000000E+00,   4.77254465528285E+00,   3.04030000000000E+02,   4.95038030692266E+09,   8.00860839682259E+03
  2.02083333300000E+03,   4.84859199652411E+03,   1.72500000000000E+00,   4.75102851360576E+00,   3.04210000000000E+02,   3.07081932869258E+09,   5.42357947625108E+03
  2.02091666700000E+03,   4.85443850191174E+03,   1.44500000000000E+00,   4.72963096513178E+00,   3.04390000000000E+02,   2.83678233806094E+09,   1.01631186816636E+04
  2.02100000000000E+03,   4.86000990962479E+03,   1.42000000000000E+00,   4.70835193663573E+00,   3.04570000000000E+02,   3.41488014296953E+09,   8.60683624468446E+03
  2.02108333300000E+03,   4.86533790102805E+03,   1.32500000000000E+00,   4.68719131826677E+00,   3.04750000000000E+02,   2.94990957476758E+09,   9.32715098041669E+03
  2.02116666700000E+03,   4.87052139326554E+03,   1.08000000000000E+00,   4.66614896366753E+00,   3.04930000000000E+02,   2.89538443151367E+09,   1.82663210689329E+04
  2.02125000000000E+03,   4.87561502970848E+03,   7.67500000000000E-01,   4.64522469009952E+00,   3.05110000000000E+02,   3.46030609683398E+09,   2.10438665279299E+04
  2.02133333300000E+03,   4.88056575562822E+03,   8.75000000000000E-01,   4.62441827857449E+00,   3.05290000000000E+02,   3.71051355266563E+09,   1.75303675220504E+04
  2.02141666700000E+03,   4.88526728865982E+03,   1.43000000000000E+00,   4.60372947399194E+00,   3.05470000000000E+02,   3.33477937257969E+09,   2.02853353024676E+04
  2.02150000000000E+03,   4.88968315135090E+03,   2.04000000000000E+00,   4.58315798528261E+00,   3.05650000000000E+02,   7.49021627500352E+09,   2.28351436918411E+04
  2.02158333300000E+03,   4.89237477860328E+03,   2.78750000000000E+00,   4.56270348555807E+00,   3.05830000000000E+02,   6.73316934547617E+09,   1.33754879113667E+04
  2.02166666700000E+03,   4.89433658076850E+03,   3.84750000000000E+00,   5.06228536098220E+00,   3.06010000000000E+02,   5.77467330895625E+09,   1.25629995711867E+04
  2.02175000000000E+03,   4.89960404284005E+03,   4.53250000000000E+00,   5.03153371239273E+00,   3.06190000000000E+02,   8.15037179714844E+09,   1.28050222506329E+04
  2.02183333300000E+03,   4.90737774477860E+03,   4.08250000000000E+00,   5.00058256453630E+00,   3.06370000000000E+02,   7.92396098423945E+09,   1.02144680207700E+04
  2.02191666700000E+03,   4.91519650138411E+03,   2.85250000000000E+00,   4.96943213717706E+00,   3.06550000000000E+02,   4.01061145779453E+09,   6.05646899877824E+03
  2.02200000000000E+03,   4.92294969203365E+03,   1.88250000000000E+00,   4.93808269129391E+00,   3.06730000000000E+02,   4.41266965523750E+09,   1.19515607505921E+04
  2.02208333300000E+03,   4.93061280694777E+03,   1.16500000000000E+00,   4.90653452918251E+00,   3.06910000000000E+02,   4.37105044035859E+09,   1.00862177965939E+04
  2.02216666700000E+03,   4.93820467960348E+03,   6.87500000000000E-01,   4.87478799455062E+00,   3.07090000000000E+02,   1.54722189069180E+09,   7.24070403418429E+03
  2.02225000000000E+03,   4.94567888018315E+03,   1.10000000000000E+00,   4.84284347260652E+00,   3.07270000000000E+02,   1.32740369924375E+09,   7.72145768129863E+03
  2.02233333300000E+03,   4.95286733432141E+03,   1.79000000000000E+00,   4.81070139014084E+00,   3.07450000000000E+02,   1.95885637929648E+09,   7.78676371978149E+03
  2.02241666700000E+03,   4.95954546665952E+03,   1.86000000000000E+00,   4.77836221560149E+00,   3.07630000000000E+02,   4.64625147407617E+09,   5.27736710691601E+03
  2.02250000000000E+03,   4.96556830147970E+03,   2.11000000000000E+00,   4.74582645916181E+00,   3.07810000000000E+02,   4.80836929386360E+09,   2.26768805885867E+03
  2.02258333300000E+03,   4.97107780849950E+03,   3.62000000000000E+00,   4.71309467278186E+00,   3.07990000000000E+02,   1.65003405336320E+10,   1.78397870385204E+04
