1950.0,0.37848895202780297
1950.002737850787,0.5133894880261449
1950.0054757015744,0.513035437196917
1950.0082135523614,0.3865429052971479
1950.0109514031485,0.18480339635926193
1950.0136892539356,-0.02460989280209604
1950.0164271047229,-0.18722836656772499
1950.01916495551,-0.278702164143942
1950.021902806297,-0.3007576912270403
1950.024640657084,-0.2639533090924391
1950.0273785078714,-0.17490890468064524
1950.0301163586585,-0.03974133866077877
1950.0328542094455,0.12169162240815415
1950.0355920602328,0.26850530442256443
1950.03832991102,0.35125977673065767
1950.041067761807,0.3383602147143781
1950.043805612594,0.23570307926707296
1950.0465434633813,0.08253919923448019
1950.0492813141684,-0.07384667013250927
1950.0520191649555,-0.20424872588134366
1950.0547570157426,-0.3043060909241092
1950.0574948665299,-0.37943340004234066
1950.060232717317,-0.42412076465087023
1950.062970568104,-0.4152776765567707
1950.065708418891,-0.3259744571263451
1950.0684462696784,-0.14875901821419532
1950.0711841204654,0.0890693529015106
1950.0739219712525,0.32898554255080903
1950.0766598220398,0.5017237810907762
1950.0793976728269,0.5541891799978554
1950.082135523614,0.4707808931821845
1950.084873374401,0.2803785895968608
1950.0876112251883,0.04560113198675753
1950.0903490759754,-0.162032598862123
1950.0930869267625,-0.2899507233273233
1950.0958247775495,-0.3210834747883534
1950.0985626283368,-0.27066404831958907
1950.101300479124,-0.16790300024418459
1950.104038329911,-0.03774989190396788
1950.1067761806983,0.10373908448439825
1950.1095140314853,0.24037963057024783
1950.1122518822724,0.3463579532804818
1950.1149897330595,0.38968312764268614
1950.1177275838468,0.3487252872196656
1950.1204654346338,0.22797483438683375
1950.123203285421,0.05840608340659989
1950.125941136208,-0.1186615450633055
1950.1286789869953,-0.27066636527179344
1950.1314168377824,-0.3807482620670005
1950.1341546885694,-0.44003606958704783
1950.1368925393565,-0.4368856316216934
1950.1396303901438,-0.3566557687676287
1950.1423682409309,-0.19429442986889767
1950.145106091718,0.03104262797294576
1950.1478439425052,0.27276022858373955
1950.1505817932923,0.46942707291444286
1950.1533196440794,0.5663785240903273
1950.1560574948664,0.5352396299811267
1950.1587953456537,0.3839121875692395
1950.1615331964408,0.1550602364487998
1950.1642710472279,-0.08606667798972455
1950.167008898015,-0.27214775794626844
1950.1697467488023,-0.3568676540247342
1950.1724845995893,-0.33061260642904394
1950.1752224503764,-0.21970444830080327
1950.1779603011637,-0.06898346324426173
1950.1806981519508,0.08099826795507707
1950.1834360027378,0.20713218941431996
1950.186173853525,0.300688871484718
1950.1889117043122,0.35524566826087
1950.1916495550993,0.35936747063900293
1950.1943874058863,0.3013364947411639
1950.1971252566734,0.1806252684885735
1950.1998631074607,0.014578133121765048
1950.2026009582478,-0.1656958854135465
1950.2053388090349,-0.32570588803130374
1950.208076659822,-0.435443772472079
1950.2108145106092,-0.4714699730468121
1950.2135523613963,-0.4179694587979025
1950.2162902121834,-0.27241257484169773
1950.2190280629707,-0.05415293036424183
1950.2217659137577,0.19267793207191009
1950.2245037645448,0.408801447702208
1950.2272416153319,0.5392214049122397
1950.2299794661192,0.5518633897566907
1950.2327173169062,0.4461589127920771
1950.2354551676933,0.25052556204214177
1950.2381930184804,0.013874312746641127
1950.2409308692677,-0.20488324876803837
1950.2436687200548,-0.349921064970955
1950.2464065708418,-0.38493418047040895
1950.2491444216291,-0.30771867840525796
1950.2518822724162,-0.15281236913336238
1950.2546201232033,0.023581077368133134
1950.2573579739903,0.16977451510267644
1950.2600958247776,0.2596045784245367
1950.2628336755647,0.29499461490754997
1950.2655715263518,0.29098919192169515
1950.2683093771388,0.2572819889709212
1950.2710472279261,0.19102022090866277
1950.2737850787132,0.08449217969403955
1950.2765229295003,-0.06089300973597482
1950.2792607802876,-0.22594012425779528
1950.2819986310747,-0.37553981649921514
1950.2847364818617,-0.4685175238698491
1950.2874743326488,-0.4703642565911894
1950.290212183436,-0.36550778830862724
1950.2929500342232,-0.16660383403231147
1950.2956878850102,0.0834684955659781
1950.2984257357973,0.3214534952264511
1950.3011635865846,0.48454258957684593
1950.3039014373717,0.532987820212607
1950.3066392881587,0.46220999805318574
1950.3093771389458,0.29884254640113905
1950.3121149897331,0.08656254167447713
1950.3148528405202,-0.12702289974021413
1950.3175906913073,-0.2967491832703008
1950.3203285420946,-0.38387931353235666
1950.3230663928816,-0.3650126395466866
1950.3258042436687,-0.2451779738587646
1950.3285420944558,-0.06401500406073687
1950.331279945243,0.1160783450517443
1950.3340177960301,0.23785479264504658
1950.3367556468172,0.27621328109631843
1950.3394934976043,0.24522119865292552
1950.3422313483916,0.18042321840994127
1950.3449691991786,0.11059123893087835
1950.3477070499657,0.04032230229331254
1950.350444900753,-0.045077966696547386
1950.35318275154,-0.15873377950067433
1950.3559206023272,-0.29241225654946645
1950.3586584531142,-0.41179728240801783
1950.3613963039015,-0.4691674527119315
1950.3641341546886,-0.42561754908125127
1950.3668720054757,-0.2715733281744177
1950.3696098562627,-0.036384042875769546
1950.37234770705,0.21794406372860559
1950.375085557837,0.4180408846881511
1950.3778234086242,0.5074126156740275
1950.3805612594113,0.4680629435603394
1950.3832991101985,0.3238149110110459
1950.3860369609856,0.1244439269605361
1950.3887748117727,-0.07757677680926758
1950.39151266256,-0.24224159691341235
1950.394250513347,-0.34300210986475793
1950.3969883641341,-0.36152906944915786
1950.3997262149212,-0.2890344840513029
1950.4024640657085,-0.13723528414011907
1950.4052019164956,0.05258535239092464
1950.4079397672826,0.21767605906633947
1950.4106776180697,0.30123007728113127
1950.413415468857,0.28248055838582425
1950.416153319644,0.18658854725603766
1950.4188911704312,0.06526467656023012
1950.4216290212185,-0.03807807135341554
1950.4243668720055,-0.11272668559275927
1950.4271047227926,-0.17761970979041744
1950.4298425735797,-0.25565267961542903
1950.432580424367,-0.3465539281926156
1950.435318275154,-0.41856738150435385
1950.438056125941,-0.4240760711214093
1950.4407939767282,-0.3281871438949937
1950.4435318275155,-0.13279979335316872
1950.4462696783025,0.11700155914059263
1950.4490075290896,0.34760960012350517
1950.4517453798767,0.48617670020387366
1950.454483230664,0.49117574471844466
1950.457221081451,0.36924020221355003
1950.4599589322381,0.1692541404097516
1950.4626967830254,-0.04272616261467073
1950.4654346338125,-0.2121343826109508
1950.4681724845996,-0.31087836725338613
1950.4709103353866,-0.33301494665338915
1950.473648186174,-0.28150521302183074
1950.476386036961,-0.16244837880108332
1950.479123887748,0.007014879689126192
1950.4818617385351,0.18795621018289965
1950.4845995893224,0.3235528611908237
1950.4873374401095,0.36324004835667223
1950.4900752908966,0.29238045977253396
1950.4928131416839,0.1434629944550027
1950.495550992471,-0.022914955771395757
1950.498288843258,-0.15487320459238763
1950.501026694045,-0.23660382420859802
1950.5037645448324,-0.2866278227920512
1950.5065023956195,-0.33076366362201265
1950.5092402464065,-0.37282433618136984
1950.5119780971936,-0.385961390229405
1950.514715947981,-0.33029017365387203
1950.517453798768,-0.1832133321567218
1950.520191649555,0.03834150855974476
1950.5229295003423,0.2774691233920367
1950.5256673511294,0.45871371650663034
1950.5284052019165,0.5203126937592834
1950.5311430527036,0.4416732070376793
1950.5338809034909,0.2527976912490261
1950.536618754278,0.020579859916812854
1950.539356605065,-0.18128095796069793
1950.542094455852,-0.3022823884808998
1950.5448323066394,-0.32838960851394167
1950.5475701574264,-0.27362345678670985
1950.5503080082135,-0.16091960439917807
1950.5530458590006,-0.010056991365075277
1950.5557837097879,0.1585878849925689
1950.558521560575,0.31297318866161516
1950.561259411362,0.4085188369805204
1950.5639972621493,0.4059425241192452
1950.5667351129364,0.2968919168850689
1950.5694729637235,0.11531997084922382
1950.5722108145105,-0.07831235975374938
1950.5749486652978,-0.23053717485188674
1950.577686516085,-0.32110962206830046
1950.580424366872,-0.36272313270084056
1950.583162217659,-0.3769967694176693
1950.5859000684463,-0.3684387147719761
1950.5886379192334,-0.3180839091143591
1950.5913757700205,-0.2010782078726656
1950.5941136208078,-0.013454311435337294
1950.5968514715948,0.2123750999403542
1950.599589322382,0.4143684110157749
1950.602327173169,0.5258320157944926
1950.6050650239563,0.5049490825087837
1950.6078028747434,0.35448098631735225
1950.6105407255304,0.12275573808975071
1950.6132785763175,-0.11485972844089819
1950.6160164271048,-0.2861781341634784
1950.6187542778919,-0.34978310313614813
1950.621492128679,-0.30588644487257044
1950.624229979466,-0.1858079423534921
1950.6269678302533,-0.029423063024038607
1950.6297056810404,0.13232931005401855
1950.6324435318274,0.27884179667687164
1950.6351813826147,0.3896327625140156
1950.6379192334018,0.43802543423807894
1950.640657084189,0.3997874267467003
1950.643394934976,0.271640386378963
1950.6461327857633,0.08229973323195201
1950.6488706365503,-0.11694844304664258
1950.6516084873374,-0.27742633096063435
1950.6543463381245,-0.37485137830223586
1950.6570841889118,-0.4113353100291528
1950.6598220396988,-0.3987365082241738
1950.662559890486,-0.3404623414325245
1950.6652977412732,-0.22875880680766772
1950.6680355920603,-0.05941211957286266
1950.6707734428473,0.1499360900759591
1950.6735112936344,0.35444489469875134
1950.6762491444217,0.4954798849586766
1950.6789869952088,0.5249204364268473
1950.6817248459959,0.42672013058020347
1950.684462696783,0.22569044875278527
1950.6872005475702,-0.019287134256243253
1950.6899383983573,-0.23477974931949563
1950.6926762491444,-0.35851664752100554
1950.6954140999314,-0.36167404050074553
1950.6981519507187,-0.2573577426200893
1950.7008898015058,-0.09019080506243582
1950.7036276522929,0.08723683104020664
1950.7063655030802,0.23633017195051229
1950.7091033538672,0.33964464177129106
1950.7118412046543,0.39231585915893885
1950.7145790554414,0.38968954471774747
1950.7173169062287,0.32465731351991445
1950.7200547570158,0.19702639207081504
1950.7227926078028,0.02430505326243749
1950.72553045859,-0.15862548273823307
1950.7282683093772,-0.31267713972609334
1950.7310061601643,-0.409922025976089
1950.7337440109513,-0.43909602455851177
1950.7364818617386,-0.3996938304598556
1950.7392197125257,-0.29434710072563014
1950.7419575633128,-0.12957035387032373
1950.7446954140999,0.07547150273707479
1950.7474332648871,0.282636050843886
1950.7501711156742,0.44080720287761604
1950.7529089664613,0.5037125426951868
1950.7556468172484,0.4491820394210706
1950.7583846680357,0.2889005220881823
1950.7611225188227,0.06516487842770524
1950.7638603696098,-0.16162934347175037
1950.766598220397,-0.3296192176209518
1950.7693360711842,-0.3930602016793602
1950.7720739219712,-0.33754966522433205
1950.7748117727583,-0.18664717423343657
1950.7775496235456,0.006455099885568412
1950.7802874743327,0.18141088436081476
1950.7830253251198,0.29603303570236306
1950.7857631759068,0.3391643283361662
1950.7885010266941,0.32405006049224255
1950.7912388774812,0.26975352044664447
1950.7939767282683,0.18643121530067755
1950.7967145790553,0.07495528896898448
1950.7994524298426,-0.06212603811197411
1950.8021902806297,-0.2102906983369241
1950.8049281314168,-0.342586146269324
1950.807665982204,-0.4281792938091188
1950.8104038329911,-0.44250897057748667
1950.8131416837782,-0.3737079565533638
1950.8158795345653,-0.2259113847982888
1950.8186173853526,-0.02186051652900315
1950.8213552361397,0.19678732529304305
1950.8240930869267,0.37649648192893076
1950.8268309377138,0.4679891511540951
1950.829568788501,0.4450635135310381
1950.8323066392882,0.31518104139756364
1950.8350444900752,0.11568564872302801
1950.8377823408625,-0.10048404120296917
1950.8405201916496,-0.2801590133335676
1950.8432580424367,-0.38053678627951965
1950.8459958932237,-0.3765353607136494
1950.848733744011,-0.26834815224389297
1950.851471594798,-0.08684696782950159
1950.8542094455852,0.11126862839993598
1950.8569472963723,0.26322510405752975
1950.8596851471596,0.3273878976233409
1950.8624229979466,0.3009981862309658
1950.8651608487337,0.21545057523386973
1950.8678986995208,0.11215849263203986
1950.870636550308,0.016756191624645585
1950.8733744010951,-0.07016469849310783
1950.8761122518822,-0.16152638023100988
1950.8788501026695,-0.26308475502074835
1950.8815879534566,-0.360178149973866
1950.8843258042436,-0.42049695983925334
1950.8870636550307,-0.4094197600200006
1950.889801505818,-0.3080718822640869
1950.892539356605,-0.12552945411897556
1950.8952772073922,0.09918849693476267
1950.8980150581792,0.30656275779111225
1950.9007529089665,0.43586517529706686
1950.9034907597536,0.4481158194507384
1950.9062286105407,0.34212595802490847
1950.908966461328,0.15432426481784528
1950.911704312115,-0.05789599076351162
1950.914442162902,-0.23879081986972817
1950.9171800136892,-0.34947337001612006
1950.9199178644765,-0.37063351945812534
1950.9226557152635,-0.2992350947510923
1950.9253935660506,-0.1487288888798819
1950.9281314168377,0.04629243662230924
1950.930869267625,0.23078519854747387
1950.933607118412,0.3449629314941604
1950.9363449691991,0.35148943432640106
1950.9390828199862,0.25645793031555825
1950.9418206707735,0.10643504613462013
1950.9445585215606,-0.039442884894410724
1950.9472963723476,-0.14353089293383917
1950.950034223135,-0.20573099274320422
1950.952772073922,-0.2514324391278415
1950.955509924709,-0.3026990828171409
1950.9582477754961,-0.35532967227715223
1950.9609856262834,-0.37784124081560955
1950.9637234770705,-0.3314817489081631
1950.9664613278576,-0.19696085252143392
1950.9691991786447,0.008337222752128573
1950.971937029432,0.23154400561602825
1950.974674880219,0.40308568261581157
1950.977412731006,0.4647983198993608
1950.9801505817934,0.3950564426204636
1950.9828884325805,0.2187817887733084
1950.9856262833675,-0.0035813541580782624
1950.9883641341546,-0.20273423006887145
1950.991101984942,-0.3276576538128045
1950.993839835729,-0.3581676924271072
1950.996577686516,-0.2994791608170927
1950.9993155373031,-0.16933191414329576
1951.0020533880904,0.008212536835993451
1951.0047912388775,0.19876004651371176
1951.0075290896646,0.35408781773913817
1951.0102669404519,0.4226616727418188
1951.013004791239,0.3744087995616803
1951.015742642026,0.2227523004555759
1951.018480492813,0.023446855398133487
1951.0212183436004,-0.1541526506306841
1951.0239561943874,-0.2650848333517951
1951.0266940451745,-0.3087767193438912
1951.0294318959616,-0.31718811047596307
1951.0321697467489,-0.32189592232492537
1951.034907597536,-0.3261894880885851
1951.037645448323,-0.30254016364455827
1951.04038329911,-0.21554650929800748
1951.0431211498974,-0.05260628237935396
1951.0458590006845,0.1586480278253495
1951.0485968514715,0.3565848664168365
1951.0513347022588,0.47142485772790615
1951.054072553046,0.4570709102530918
1951.056810403833,0.3134299590904097
1951.05954825462,0.08839177789603081
1951.0622861054073,-0.14208470573513474
1951.0650239561944,-0.30619676485246544
1951.0677618069815,-0.36383900546118997
1951.0704996577686,-0.3149734813404434
1951.0732375085558,-0.18723700536273494
1951.075975359343,-0.0156764758861321
1951.07871321013,0.16869528445685222
1951.0814510609173,0.3358264511386115
1951.0841889117044,0.4493751625777768
1951.0869267624914,0.4709462570233919
1951.0896646132785,0.37972745210364345
1951.0924024640658,0.19317238191986752
1951.0951403148529,-0.03201177126818971
1951.09787816564,-0.22560719488205805
1951.100616016427,-0.3406268624411358
1951.1033538672143,-0.3742383132553537
1951.1060917180014,-0.35758334230342725
1951.1088295687885,-0.32389235212633954
1951.1115674195755,-0.28093067780146896
1951.1143052703628,-0.20879877503208416
1951.11704312115,-0.08294521264770523
1951.119780971937,0.09680837139048808
1951.1225188227243,0.2931593425739341
1951.1252566735113,0.44312754330046406
1951.1279945242984,0.48713458824493694
1951.1307323750855,0.3987283532460201
1951.1334702258728,0.1998137159120998
1951.1362080766598,-0.045700630329117586
1951.138945927447,-0.2570709787348797
1951.141683778234,-0.36930404543291345
1951.1444216290213,-0.35742468343015527
1951.1471594798084,-0.24026526155051772
1951.1498973305954,-0.06341807882991851
1951.1526351813827,0.12568295498982354
1951.1553730321698,0.2932930679975543
1951.1581108829569,0.4178081548691265
1951.160848733744,0.47942526924588164
1951.1635865845312,0.4570802157612449
1951.1663244353183,0.34026768868982116
1951.1690622861054,0.1461443461873991
1951.1718001368924,-0.07664347931121594
1951.1745379876797,-0.2666342039361738
1951.1772758384668,-0.3799198601571694
1951.1800136892539,-0.4094294269442055
1951.1827515400412,-0.3784124658605056
1951.1854893908283,-0.3148303212417655
1951.1882272416153,-0.2289112111110695
1951.1909650924024,-0.11214827607910659
1951.1937029431897,0.04317977488016258
1951.1964407939768,0.22196754716113887
1951.1991786447638,0.38077826852442187
1951.201916495551,0.4641192349152673
1951.2046543463382,0.43196584706048086
1951.2073921971253,0.28194779985693386
1951.2101300479123,0.054713889927652276
1951.2128678986994,-0.17934091355061704
1951.2156057494867,-0.3459219669286925
1951.2183436002738,-0.39479516806835385
1951.2210814510609,-0.3180963794754933
1951.2238193018482,-0.15018655035625583
1951.2265571526352,0.05119077577697688
1951.2292950034223,0.23169666644351486
1951.2320328542094,0.35901470504667476
1951.2347707049967,0.42351491912054945
1951.2375085557837,0.4255719592966168
1951.2402464065708,0.3644524447425036
1951.2429842573579,0.2401709869478227
1951.2457221081452,0.0653334864008684
1951.2484599589322,-0.127378575078804
1951.2511978097193,-0.2932919649891129
1951.2539356605066,-0.3956627078435617
1951.2566735112937,-0.4216527028690553
1951.2594113620808,-0.38155306847067044
1951.2621492128678,-0.29373817088595783
1951.2648870636551,-0.17053262944056297
1951.2676249144422,-0.018060214677347218
1951.2703627652293,0.15131976477721668
1951.2731006160163,0.3079740599002374
1951.2758384668036,0.4083973518062135
1951.2785763175907,0.4134084797223434
1951.2813141683778,0.3092983765719534
1951.2840520191648,0.11844890993893198
1951.2867898699521,-0.1059775510771787
1951.2895277207392,-0.2974739100075828
1951.2922655715263,-0.3981002556351372
1951.2950034223136,-0.37789216846200346
1951.2977412731007,-0.24582378580493866
1951.3004791238877,-0.04711575646390864
1951.3032169746748,0.15453602141335812
1951.305954825462,0.3031415952212759
1951.3086926762492,0.37125075928680773
1951.3114305270362,0.363400226733968
1951.3141683778233,0.3018790927514793
1951.3169062286106,0.20742551282421362
1951.3196440793977,0.09003382089093513
1951.3223819301847,-0.04532577106028206
1951.325119780972,-0.18695518722418014
1951.3278576317591,-0.31178933361086913
1951.3305954825462,-0.3926449341714571
1951.3333333333333,-0.41034039630192787
1951.3360711841206,-0.3602787532225617
1951.3388090349076,-0.2503841498334384
1951.3415468856947,-0.09633136888575128
1951.3442847364818,0.07916510281324862
1951.347022587269,0.24384783097239612
1951.3497604380561,0.3577783960019132
1951.3524982888432,0.38476407129115986
1951.3552361396303,0.30903324677396077
1951.3579739904176,0.14612238031192737
1951.3607118412046,-0.059961269383433304
1951.3634496919917,-0.2515320050828375
1951.366187542779,-0.37536584325823796
1951.368925393566,-0.3969066285841254
1951.3716632443532,-0.3088273873732875
1951.3744010951402,-0.1345644587140122
1951.3771389459275,0.07520232414227183
1951.3798767967146,0.25681123788956706
1951.3826146475017,0.35717230896693997
1951.3853524982887,0.3559161842693046
1951.388090349076,0.2718864972781791
1951.390828199863,0.14825237760681964
1951.3935660506502,0.0258585856114968
1951.3963039014375,-0.07661682523177135
1951.3990417522245,-0.16300976195827646
1951.4017796030116,-0.24360938585279618
1951.4045174537987,-0.3176684507678772
1951.407255304586,-0.36802712305220736
1951.409993155373,-0.3698476298272227
1951.4127310061601,-0.30519001449595085
1951.4154688569472,-0.17395645584363864
1951.4182067077345,0.0026841124973560615
1951.4209445585216,0.1855385582227802
1951.4236824093086,0.32620718362840145
1951.426420260096,0.3812416763281136
1951.429158110883,0.3288186203217319
1951.43189596167,0.18037644180210766
1951.4346338124572,-0.020885618106677533
1951.4373716632444,-0.21573723443977844
1951.4401095140315,-0.3503533107848208
1951.4428473648186,-0.3917472290872397
1951.4455852156057,-0.3319904874192056
1951.448323066393,-0.18546163197843343
1951.45106091718,0.014081902597607499
1951.453798767967,0.21621986232768653
1951.4565366187542,0.36286286829128833
1951.4592744695415,0.40756575148353374
1951.4620123203285,0.33785306760773776
1951.4647501711156,0.18458741189757694
1951.467488021903,0.007543756315419991
1951.47022587269,-0.1365105678968072
1951.472963723477,-0.22226333845651952
1951.4757015742641,-0.2613867450904911
1951.4784394250514,-0.2829813517124929
1951.4811772758385,-0.3053335640076019
1951.4839151266256,-0.32015120843159517
1951.4866529774126,-0.29902740142999645
1951.4893908282,-0.21526740141879813
1951.492128678987,-0.06543762046521662
1951.494866529774,0.12194245963258157
1951.4976043805614,0.29399816457266914
1951.5003422313484,0.3930828218969357
1951.5030800821355,0.3802432136750229
1951.5058179329226,0.2531606178672995
1951.5085557837099,0.05000469982976345
1951.511293634497,-0.1643522591196609
1951.514031485284,-0.3241161205414865
1951.516769336071,-0.38682666704967605
1951.5195071868584,-0.34340700529246626
1951.5222450376455,-0.2119108654276725
1951.5249828884325,-0.024644066797891696
1951.5277207392196,0.17964514563572329
1951.530458590007,0.3564866641882811
1951.533196440794,0.45841402060936126
1951.535934291581,0.4486975533496214
1951.5386721423683,0.32232324512848376
1951.5414099931554,0.11761692542928903
1951.5441478439425,-0.09632505094459773
1951.5468856947296,-0.2535311685177726
1951.5496235455169,-0.32471146131979084
1951.552361396304,-0.3265330672243507
1951.555099247091,-0.3003490967655764
1951.557837097878,-0.2772733078851086
1951.5605749486654,-0.2558877646096645
1951.5633127994524,-0.20764336307746406
1951.5660506502395,-0.10369135925475913
1951.5687885010268,0.05732698871565342
1951.5715263518139,0.23916607382647057
1951.574264202601,0.38089864042590993
1951.577002053388,0.42466579147327427
1951.5797399041753,0.34367495384006275
1951.5824777549624,0.15715696015714026
1951.5852156057495,-0.07485999816772262
1951.5879534565365,-0.27527677379122784
1951.5906913073238,-0.3812524073464945
1951.593429158111,-0.36727816393972734
1951.596167008898,-0.24839337307222945
1951.598904859685,-0.06470755737705822
1951.6016427104723,0.13923086296843623
1951.6043805612594,0.32541527706267676
1951.6071184120465,0.46057639953887086
1951.6098562628338,0.512351257407306
1951.6125941136208,0.4562614664013942
1951.615331964408,0.2934479110792021
1951.618069815195,0.06357448759487802
1951.6208076659823,-0.16424769463031763
1951.6235455167694,-0.323154768008105
1951.6262833675564,-0.3827910365476178
1951.6290212183435,-0.3607382556019967
1951.6317590691308,-0.3021595466060772
1951.6344969199179,-0.2435446008054555
1951.637234770705,-0.18846744261164441
1951.6399726214922,-0.11267388350127332
1951.6427104722793,0.007630809122075274
1951.6454483230664,0.16720123721423036
1951.6481861738534,0.32396614977592453
1951.6509240246407,0.4168945531368848
1951.6536618754278,0.39761293792088565
1951.6563997262149,0.25733353184327556
1951.659137577002,0.03525816410420887
1951.6618754277893,-0.19522956866474414
1951.6646132785763,-0.3560929885035894
1951.6673511293634,-0.39626713238929256
1951.6700889801507,-0.3101565065501849
1951.6728268309378,-0.13401080705180085
1951.6755646817248,0.0761628891801598
1951.678302532512,0.2700075229874725
1951.6810403832992,0.4155259527649719
1951.6837782340863,0.4949422888565411
1951.6865160848733,0.4946319882425953
1951.6892539356604,0.4043456893708102
1951.6919917864477,0.22963673298682755
1951.6947296372348,0.004897103087356719
1951.6974674880219,-0.21051412455350882
1951.700205338809,-0.35733369878230786
1951.7029431895962,-0.4068286691235111
1951.7056810403833,-0.3730289240823589
1951.7084188911704,-0.29640736006552326
1951.7111567419577,-0.21194223035246704
1951.7138945927447,-0.12719863501185585
1951.7166324435318,-0.027017668703842045
1951.7193702943189,0.10105485110438822
1951.7221081451062,0.24282803282378362
1951.7248459958932,0.35473030860478394
1951.7275838466803,0.38474264918825174
1951.7303216974674,0.30261853573210257
1951.7330595482547,0.12043270622121076
1951.7357973990418,-0.10768373351723395
1951.7385352498288,-0.30569067158085805
1951.7412731006161,-0.4058312386570036
1951.7440109514032,-0.37554485900700707
1951.7467488021903,-0.22918941430839773
1951.7494866529773,-0.018927024869095452
1951.7522245037646,0.1905451761693403
1951.7549623545517,0.3491569574255646
1951.7577002053388,0.4349461951071341
1951.7604380561258,0.4483943666438408
1951.7631759069131,0.39693146119110995
1951.7659137577002,0.285737534628527
1951.7686516084873,0.12300545921802356
1951.7713894592744,-0.06799038867942381
1951.7741273100617,-0.24607177105574546
1951.7768651608487,-0.36670346220848526
1951.7796030116358,-0.40479128375655066
1951.782340862423,-0.3668944686000498
1951.7850787132102,-0.28199843365468097
1951.7878165639972,-0.17874821730207846
1951.7905544147843,-0.068926496335847
1951.7932922655716,0.04926482264079469
1951.7960301163587,0.17293622213254572
1951.7987679671457,0.2795256428198696
1951.8015058179328,0.33016101218691873
1951.8042436687201,0.2905472205182322
1951.8069815195072,0.15453945616976797
1951.8097193702943,-0.045665431056945066
1951.8124572210816,-0.24870185458206365
1951.8151950718686,-0.38696944433975183
1951.8179329226557,-0.4123141456027085
1951.8206707734428,-0.3143344854854323
1951.82340862423,-0.12460382614050526
1951.8261464750171,0.09557899481092327
1951.8288843258042,0.2800118380030078
1951.8316221765913,0.38384851716019797
1951.8343600273786,0.3973805675864925
1951.8370978781657,0.3400525648009962
1951.8398357289527,0.24077569801655405
1951.8425735797398,0.12023886778076547
1951.845311430527,-0.012208446901453729
1951.8480492813142,-0.14832311866008752
1951.8507871321012,-0.2705558128304544
1951.8535249828885,-0.3535451405732728
1951.8562628336756,-0.3769016139779945
1951.8590006844627,-0.3371921131572369
1951.8617385352497,-0.2481495737775565
1951.864476386037,-0.1301916987364656
1951.867214236824,-0.0006028850174037044
1951.8699520876112,0.12628996378906784
1951.8726899383983,0.23143356109350113
1951.8754277891856,0.2873647792649439
1951.8781656399726,0.26683983306220954
1951.8809034907597,0.15993496315886138
1951.883641341547,-0.013243824235422957
1951.886379192334,-0.2046313784294932
1951.8891170431211,-0.3546567174877195
1951.8918548939082,-0.41381840953825977
1951.8945927446955,-0.35957990219527736
1951.8973305954826,-0.20386266340908124
1951.9000684462696,0.009540101390239197
1951.9028062970567,0.2175130847336575
1951.905544147844,0.35871403171116734
1951.908281998631,0.396843393042267
1951.9110198494182,0.33457116026569794
1951.9137577002055,0.20856617749019843
1951.9164955509925,0.0672402447574839
1951.9192334017796,-0.05460508255266659
1951.9219712525667,-0.14746739601143932
1951.924709103354,-0.21928775678815612
1951.927446954141,-0.27750688720509403
1951.930184804928,-0.3169287679570042
1951.9329226557152,-0.3219531584540837
1951.9356605065025,-0.2786105155795208
1951.9383983572895,-0.18525052020778085
1951.9411362080766,-0.055127630791312957
1951.9438740588637,0.08727691183422846
1951.946611909651,0.21106666100609908
1951.949349760438,0.28362136643163915
1951.9520876112251,0.27816860975161994
1951.9548254620124,0.18524006550919073
1951.9575633127995,0.022446698155721777
1951.9603011635866,-0.16601781252466924
1951.9630390143736,-0.3232388626437983
1951.965776865161,-0.4002377428534184
1951.968514715948,-0.37229229809866465
1951.971252566735,-0.2443966019520712
1951.9739904175221,-0.04762466613731979
1951.9767282683094,0.16850369257422917
1951.9794661190965,0.3461295173321221
1951.9822039698836,0.43388287332313946
1951.9849418206709,0.40565476976489223
1951.987679671458,0.27456213414202135
1951.990417522245,0.09020175502408823
1951.993155373032,-0.08417921167414509
1951.9958932238194,-0.20277224021068732
1951.9986310746065,-0.25642794370652344
1952.0013689253935,-0.2674026052432352
1952.0041067761806,-0.26513776691215496
1952.006844626968,-0.26212646284605146
1952.009582477755,-0.24689833451019363
1952.012320328542,-0.19656060269492565
1952.0150581793291,-0.09732072002362671
1952.0177960301164,0.041511315521652284
1952.0205338809035,0.1871272237701092
1952.0232717316906,0.29443378935160475
1952.0260095824779,0.3227991662432223
1952.028747433265,0.2525271270133895
1952.031485284052,0.09575975204227753
1952.034223134839,-0.10356181958048082
1952.0369609856264,-0.2833791997409262
1952.0396988364134,-0.38649971650818155
1952.0424366872005,-0.38163729553858766
1952.0451745379876,-0.2716045001315206
1952.0479123887749,-0.08669005981610886
1952.050650239562,0.1287086976076579
1952.053388090349,0.32646416657892735
1952.0561259411363,0.4602300407315542
1952.0588637919234,0.49239802679467354
1952.0616016427105,0.40731453299346043
1952.0643394934975,0.22496062791070753
1952.0670773442848,0.001324557083292361
1952.069815195072,-0.19268319593699595
1952.072553045859,-0.30501661327234736
1952.075290896646,-0.32701945657509035
1952.0780287474333,-0.29078160175519674
1952.0807665982204,-0.24111377145059215
1952.0835044490075,-0.20305850330643319
1952.0862422997945,-0.16835837138779516
1952.0889801505818,-0.10873512891066744
1952.091718001369,-0.0038431151945966437
1952.094455852156,0.13697785669303467
1952.0971937029433,0.27306615069306533
1952.0999315537304,0.35037918923224526
1952.1026694045174,0.3277794202814182
1952.1054072553045,0.19831064512191804
1952.1081451060918,-0.0038934860700514523
1952.1108829568789,-0.21424360806671416
1952.113620807666,-0.3621485441675797
1952.116358658453,-0.3988471907967777
1952.1190965092403,-0.31509307909907786
1952.1218343600274,-0.13990359580687206
1952.1245722108144,0.07681093841357449
1952.1273100616017,0.28471227687649353
1952.1300479123888,0.4438868455137666
1952.132785763176,0.5245468993130006
1952.135523613963,0.5054686627900967
1952.1382614647503,0.38088040852056415
1952.1409993155373,0.17314736374564246
1952.1437371663244,-0.06327681325209787
1952.1464750171115,-0.25869895759259137
1952.1492128678988,-0.36079293203355645
1952.1519507186858,-0.3613424110351795
1952.154688569473,-0.29615101207859007
1952.1574264202602,-0.21665775676384297
1952.1601642710473,-0.15410365770109297
1952.1629021218343,-0.10290734224243714
1952.1656399726214,-0.03431720908077643
1952.1683778234087,0.07208902705771754
1952.1711156741958,0.20375816458273055
1952.1738535249829,0.314989324891927
1952.17659137577,0.35043377568752065
1952.1793292265572,0.27656283636874024
1952.1820670773443,0.10279282295538411
1952.1848049281314,-0.11823212148876672
1952.1875427789184,-0.31064669381193477
1952.1902806297057,-0.4062345758810645
1952.1930184804928,-0.37211843524130905
1952.1957563312799,-0.2221845890962248
1952.1984941820672,-0.006838029881541065
1952.2012320328543,0.21218848322689748
1952.2039698836413,0.38617409707036326
1952.2067077344284,0.4890000296103461
1952.2094455852157,0.5109182789163005
1952.2121834360028,0.44869582345585546
1952.2149212867898,0.30558572804878303
1952.217659137577,0.10191234498081275
1952.2203969883642,-0.11740867080307278
1952.2231348391513,-0.29309155069218057
1952.2258726899383,-0.3787347615204534
1952.2286105407256,-0.36639147392209903
1952.2313483915127,-0.2890712332005406
1952.2340862422998,-0.1959323195501652
1952.2368240930869,-0.1185398738512784
1952.2395619438742,-0.05440723944671276
1952.2422997946612,0.020159402676803266
1952.2450376454483,0.11978765770240296
1952.2477754962354,0.22750951074845022
1952.2505133470227,0.2978228494439668
1952.2532511978097,0.28304414467266215
1952.2559890485968,0.164505100125583
1952.2587268993839,-0.031239335249749037
1952.2614647501712,-0.23992354801836682
1952.2642026009582,-0.38587478857601065
1952.2669404517453,-0.41383812554901706
1952.2696783025326,-0.3118001491999532
1952.2724161533197,-0.11463339824284231
1952.2751540041068,0.11307400311972267
1952.2778918548938,0.3061305352996107
1952.2806297056811,0.42379039403897156
1952.2833675564682,0.45719219161729674
1952.2861054072553,0.41813366158344367
1952.2888432580423,0.3218977642206028
1952.2915811088296,0.17994217422297573
1952.2943189596167,0.007063347889075112
1952.2970568104038,-0.16795869218613746
1952.299794661191,-0.30403060809852683
1952.3025325119781,-0.3659063966456159
1952.3052703627652,-0.3455566197092829
1952.3080082135523,-0.26749359966816433
1952.3107460643396,-0.17132843284370255
1952.3134839151267,-0.08494996553536008
1952.3162217659137,-0.010569634147632321
1952.3189596167008,0.06519520006984603
1952.321697467488,0.1471171227810902
1952.3244353182752,0.21508603191311942
1952.3271731690622,0.23073129241485607
1952.3299110198493,0.16275763582645936
1952.3326488706366,0.012334791927165143
1952.3353867214237,-0.1792121895584517
1952.3381245722107,-0.34511826683130997
1952.340862422998,-0.42140642490451513
1952.3436002737851,-0.37414189871013387
1952.3463381245722,-0.213811093815139
1952.3490759753593,0.008714539813614693
1952.3518138261466,0.2230134672038389
1952.3545516769336,0.36797936267545783
1952.3572895277207,0.4149632001685809
1952.3600273785078,0.3730823473234911
1952.362765229295,0.27479919781512424
1952.3655030800821,0.15304311577882895
1952.3682409308692,0.0266540050694574
1952.3709787816565,-0.09709131931555183
1952.3737166324436,-0.20949231863668621
1952.3764544832306,-0.29247765969383366
1952.3791923340177,-0.3250939518587629
1952.381930184805,-0.29859813441784594
1952.384668035592,-0.225016713027283
1952.3874058863792,-0.1300286882517741
1952.3901437371662,-0.03640083404854587
1952.3928815879535,0.04649548272185404
1952.3956194387406,0.11774866223113573
1952.3983572895277,0.17078635848689985
1952.401095140315,0.18583029505452955
1952.403832991102,0.13887132500592017
1952.406570841889,0.021680611380451385
1952.4093086926762,-0.14315023045195796
1952.4120465434635,-0.3047551362083494
1952.4147843942505,-0.40365680700712187
1952.4175222450376,-0.39707976658272065
1952.4202600958247,-0.2770591111375418
1952.422997946612,-0.07453157013770181
1952.425735797399,0.15077353844134972
1952.4284736481861,0.3309944152770259
1952.4312114989732,0.41494726991035547
1952.4339493497605,0.3875375099522782
1952.4366872005476,0.27368207875133316
1952.4394250513346,0.12302010284157613
1952.442162902122,-0.016522361380857612
1952.444900752909,-0.1198584382701176
1952.447638603696,-0.18760030719531195
1952.4503764544831,-0.2317357306250805
1952.4531143052704,-0.25816788393923473
1952.4558521560575,-0.26066917802773376
1952.4585900068446,-0.2289284074588928
1952.4613278576317,-0.16076914518365606
1952.464065708419,-0.06690104401295854
1952.466803559206,0.034103228934553656
1952.469541409993,0.12325757534396958
1952.4722792607804,0.1836115998111805
1952.4750171115675,0.19859196671021648
1952.4777549623545,0.15356268634260412
1952.4804928131416,0.04473555431569285
1952.483230663929,-0.10998258001531788
1952.485968514716,-0.2689451375832618
1952.488706365503,-0.3790748682872379
1952.4914442162901,-0.39702623057982167
1952.4941820670774,-0.3071950584513906
1952.4969199178645,-0.12783376076146985
1952.4996577686516,0.09506707204730304
1952.5023956194386,0.3012758102322852
1952.505133470226,0.4330702442788168
1952.507871321013,0.4530107419748905
1952.5106091718,0.3585832636965123
1952.5133470225874,0.1858272522200575
1952.5160848733744,-0.004359792903241663
1952.5188227241615,-0.15365764114542604
1952.5215605749486,-0.2325146154658755
1952.5242984257359,-0.24839764468823097
1952.527036276523,-0.23126370848096153
1952.52977412731,-0.20801946740004787
1952.532511978097,-0.1850180513407335
1952.5352498288844,-0.14961694630801167
1952.5379876796715,-0.08620627170871922
1952.5407255304585,0.007436269748814665
1952.5434633812458,0.11451292195914274
1952.546201232033,0.20510874656546255
1952.54893908282,0.2474364409879128
1952.551676933607,0.21884629387818488
1952.5544147843943,0.11480708968909034
1952.5571526351814,-0.04523015163966116
1952.5598904859685,-0.21864980053774535
1952.5626283367556,-0.350846123726028
1952.5653661875428,-0.3947922851018674
1952.56810403833,-0.3297925514477596
1952.570841889117,-0.16907199562442143
1952.573579739904,0.046824404953568946
1952.5763175906914,0.26458526273265376
1952.5790554414784,0.43190283402605223
1952.5817932922655,0.5073201672309894
1952.5845311430528,0.46907662088710295
1952.5872689938399,0.3245517931327527
1952.590006844627,0.11461176223569482
1952.592744695414,-0.09628342005838589
1952.5954825462013,-0.24571620560959392
1952.5982203969884,-0.3022067055179188
1952.6009582477755,-0.2780243537469981
1952.6036960985625,-0.21566106434110152
1952.6064339493498,-0.1569219739403856
1952.609171800137,-0.1168210174007057
1952.611909650924,-0.08021487507265179
1952.6146475017113,-0.021188438047167905
1952.6173853524983,0.07114615735033764
1952.6201232032854,0.17909521002431952
1952.6228610540725,0.2626398308218373
1952.6255989048598,0.2794805696061168
1952.6283367556468,0.2066270500681505
1952.631074606434,0.0535225567274161
1952.633812457221,-0.13788161935672932
1952.6365503080083,-0.30614517133892133
1952.6392881587954,-0.3925004040358105
1952.6420260095824,-0.3637382147180453
1952.6447638603697,-0.225019726199695
1952.6475017111568,-0.015771478460092143
1952.6502395619439,0.20824698382330092
1952.652977412731,0.3950037884702393
1952.6557152635182,0.5073985552648713
1952.6584531143053,0.5244358616313266
1952.6611909650924,0.4404239506994642
1952.6639288158794,0.26915220556951497
1952.6666666666667,0.049534450014874915
1952.6694045174538,-0.15883115870513195
1952.6721423682409,-0.2966870913124454
1952.674880219028,-0.33368471204605415
1952.6776180698153,-0.2842335716378507
1952.6803559206023,-0.196243569252341
1952.6830937713894,-0.11855794255577244
1952.6858316221767,-0.07035840636485034
1952.6885694729638,-0.03490193633176736
1952.6913073237508,0.019040529528322258
1952.694045174538,0.10573063265287513
1952.6967830253252,0.20487733807044373
1952.6995208761123,0.2698297990975777
1952.7022587268993,0.2547096400085681
1952.7049965776864,0.14253527196293592
1952.7077344284737,-0.041573876211662995
1952.7104722792608,-0.23784566421223524
1952.7132101300479,-0.3754091085890645
1952.7159479808352,-0.4012114689591706
1952.7186858316222,-0.3017107073456732
1952.7214236824093,-0.10735440839653018
1952.7241615331964,0.12243387132206783
1952.7268993839837,0.32541480594771766
1952.7296372347707,0.45871915599093327
1952.7323750855578,0.5055205817332381
1952.7351129363449,0.46723688329699103
1952.7378507871322,0.3534607734777711
1952.7405886379192,0.1809644637125243
1952.7433264887063,-0.019401946531966786
1952.7460643394934,-0.20079380028286803
1952.7488021902807,-0.31424444976939536
1952.7515400410678,-0.33360103406402525
1952.7542778918548,-0.27251559427285227
1952.7570157426421,-0.17676557486388586
1952.7597535934292,-0.09425043649171742
1952.7624914442163,-0.04449568111392018
1952.7652292950033,-0.011357242019272039
1952.7679671457906,0.03569653295333004
1952.7707049965777,0.1092990383230805
1952.7734428473648,0.18671571697367825
1952.7761806981518,0.22061103666722906
1952.7789185489391,0.16991068635129267
1952.7816563997262,0.02920650687395835
1952.7843942505133,-0.16185671342775296
1952.7871321013006,-0.33372706106869127
1952.7898699520877,-0.41737449676176336
1952.7926078028747,-0.3745694158766952
1952.7953456536618,-0.2142522885320336
1952.798083504449,0.012065900517833376
1952.8008213552362,0.23354837345025842
1952.8035592060232,0.3902455567539365
1952.8062970568103,0.4542540302499624
1952.8090349075976,0.43112836826511985
1952.8117727583847,0.344268422928603
1952.8145106091717,0.21688444574416282
1952.8172484599588,0.06598691766767557
1952.8199863107461,-0.09010905849680328
1952.8227241615332,-0.22341248696609406
1952.8254620123203,-0.30103132170161345
1952.8281998631076,-0.30342916484467297
1952.8309377138946,-0.240707267836552
1952.8336755646817,-0.1497859691526685
1952.8364134154688,-0.07105884625808342
1952.839151266256,-0.022196754951802435
1952.8418891170431,0.009005228936602347
1952.8446269678302,0.046417519145838276
1952.8473648186173,0.09748113286028595
1952.8501026694046,0.13934664699085506
1952.8528405201916,0.13155361548149255
1952.8555783709787,0.04608940172029219
1952.858316221766,-0.10738425261717774
1952.861054072553,-0.2788079536692193
1952.8637919233402,-0.39899648277357647
1952.8665297741272,-0.4119158898719324
1952.8692676249145,-0.30080616259244464
1952.8720054757016,-0.0962969171634934
1952.8747433264887,0.13622203617577158
1952.8774811772757,0.3240183408448509
1952.880219028063,0.41679917729799393
1952.88295687885,0.40444637546015033
1952.8856947296372,0.31373377726990603
1952.8884325804245,0.18726384105814253
1952.8911704312115,0.0594719215168739
1952.8939082819986,-0.05414590191885886
1952.8966461327857,-0.14999061787161996
1952.899383983573,-0.22220280463060504
1952.90212183436,-0.2573107220163838
1952.9048596851471,-0.2435809189680908
1952.9075975359342,-0.18517744540790462
1952.9103353867215,-0.1053140119310421
1952.9130732375086,-0.032854763110053975
1952.9158110882956,0.016536013790000845
1952.9185489390827,0.04720552267689702
1952.92128678987,0.07154191020350244
1952.924024640657,0.09039039341910918
1952.9267624914442,0.08493028430717682
1952.9295003422314,0.02933162502514844
1952.9322381930185,-0.08490211768624926
1952.9349760438056,-0.2324925532336373
1952.9377138945927,-0.3595023526902819
1952.94045174538,-0.4076411524604597
1952.943189596167,-0.3429173751636441
1952.945927446954,-0.17299427191998756
1952.9486652977412,0.05415833104405494
1952.9514031485285,0.26831251170854636
1952.9541409993155,0.4038761200416772
1952.9568788501026,0.425175156068076
1952.95961670089,0.3393992124739689
1952.962354551677,0.19026158543407898
1952.965092402464,0.034633540311228
1952.9678302532511,-0.08492773189965706
1952.9705681040384,-0.15523529392287286
1952.9733059548255,-0.1870839034129253
1952.9760438056126,-0.19662776358491893
1952.9787816563996,-0.1900419447117093
1952.981519507187,-0.16301106056631576
1952.984257357974,-0.11204511762781998
1952.986995208761,-0.044320512091442055
1952.9897330595481,0.023871727159272996
1952.9924709103354,0.0772342111670156
1952.9952087611225,0.10866932141835067
1952.9979466119096,0.11633756592154539
1953.0006844626969,0.0954026334644
1953.003422313484,0.036053838882799845
1953.006160164271,-0.06665685880262257
1953.008898015058,-0.19851360163803405
1953.0116358658454,-0.32133732316347485
1953.0143737166325,-0.38521494017101265
1953.0171115674195,-0.3518152009682227
1953.0198494182066,-0.21452023432076725
1953.022587268994,-0.004127831076723246
1953.025325119781,0.2213110435252313
1953.028062970568,0.39633471250689234
1953.0308008213553,0.4699228412003066
1953.0335386721424,0.42317960210865174
1953.0362765229295,0.27715483840190414
1953.0390143737166,0.08571057642908397
1953.0417522245039,-0.08671780272340658
1953.044490075291,-0.19331368485287737
1953.047227926078,-0.22335217812297847
1953.049965776865,-0.1994661969965768
1953.0527036276524,-0.15637381898158167
1953.0554414784394,-0.11697225844322427
1953.0581793292265,-0.08249591082160784
1953.0609171800138,-0.04100070349995779
1953.0636550308009,0.016037738390108417
1953.066392881588,0.0832829029689821
1953.069130732375,0.14326807741677736
1953.0718685831623,0.17530198782203701
1953.0746064339494,0.16328104148999548
1953.0773442847365,0.09954396070574281
1953.0800821355235,-0.01222102417867368
1953.0828199863108,-0.15292097619028652
1953.085557837098,-0.2866094704567182
1953.088295687885,-0.36788298081424553
1953.091033538672,-0.35878490087680653
1953.0937713894593,-0.2469865310680312
1953.0965092402464,-0.05399193009063513
1953.0992470910335,0.17153168531306412
1953.1019849418208,0.37047694193564773
1953.1047227926078,0.49103524055956954
1953.107460643395,0.5019076089552241
1953.110198494182,0.4005684623789345
1953.1129363449693,0.2164252120409218
1953.1156741957564,0.005226471788646806
1953.1184120465434,-0.1688484653266184
1953.1211498973305,-0.25927987578447675
1953.1238877481178,-0.2577350609966026
1953.1266255989049,-0.19456242217736633
1953.129363449692,-0.11699300875421846
1953.1321013004792,-0.059276962507186046
1953.1348391512663,-0.02543385037878687
1953.1375770020534,0.004547827725368207
1953.1403148528404,0.05217737341806564
1953.1430527036277,0.119710856523044
1953.1457905544148,0.18534955096435712
1953.148528405202,0.21513198658219776
1953.151266255989,0.18158664179625786
1953.1540041067763,0.07827843841034426
1953.1567419575633,-0.07489985679593225
1953.1594798083504,-0.23578455048870067
1953.1622176591375,-0.35197592263120187
1953.1649555099248,-0.3785902126251332
1953.1676933607118,-0.2962462934180849
1953.170431211499,-0.12069936778503265
1953.1731690622862,0.10219017809471774
1953.1759069130733,0.3140478971874271
1953.1786447638603,0.4639895365948083
1953.1813826146474,0.5208716990693811
1953.1841204654347,0.47572723021091257
1953.1868583162218,0.34013029128216105
1953.1895961670089,0.1455881089041444
1953.192334017796,-0.05863792500393251
1953.1950718685832,-0.21658388121163008
1953.1978097193703,-0.2869113513953897
1953.2005475701574,-0.26366619441705746
1953.2032854209447,-0.180058460558872
1953.2060232717317,-0.08839063812749753
1953.2087611225188,-0.027740445003504897
1953.2114989733059,-0.0022198101260585447
1953.2142368240932,0.014406182398365271
1953.2169746748802,0.05211079781314755
1953.2197125256673,0.11681591890913591
1953.2224503764544,0.18180416851588088
1953.2251882272417,0.20323687039916757
1953.2279260780288,0.14780087625283747
1953.2306639288158,0.01459089963115823
1953.233401779603,-0.1602668986606671
1953.2361396303902,-0.3167917656854241
1953.2388774811773,-0.3948840683448226
1953.2416153319643,-0.358600652415417
1953.2443531827516,-0.21128416164180489
1953.2470910335387,0.005313236001740395
1953.2498288843258,0.22830999935577476
1953.2525667351129,0.39900350302577614
1953.2553045859001,0.4826082316245458
1953.2580424366872,0.4728191925927965
1953.2607802874743,0.3830874714809212
1953.2635181382614,0.23581507084225856
1953.2662559890487,0.05893563081334209
1953.2689938398357,-0.11183534085652697
1953.2717316906228,-0.23564953963755053
1953.27446954141,-0.2808475247909996
1953.2772073921972,-0.24387056057814951
1953.2799452429842,-0.15595114001651658
1953.2826830937713,-0.06697938217245404
1953.2854209445586,-0.014666691572747664
1953.2881587953457,-0.001619655546238909
1953.2908966461328,0.001188518786317102
1953.2936344969198,0.026602492262715577
1953.2963723477071,0.08079404082757798
1953.2991101984942,0.13380926235813784
1953.3018480492813,0.13823197905463766
1953.3045859000686,0.06215359162246639
1953.3073237508556,-0.08625097264978332
1953.3100616016427,-0.25757851705085266
1953.3127994524298,-0.38276730967793876
1953.315537303217,-0.4045999647547379
1953.3182751540041,-0.3034868897048565
1953.3210130047912,-0.10633061908282805
1953.3237508555783,0.12493270079083309
1953.3264887063656,0.31980112390074605
1953.3292265571527,0.4279757155651198
1953.3319644079397,0.43576726185296377
1953.3347022587268,0.36238126170037105
1953.337440109514,0.24139675068589006
1953.3401779603012,0.10247564340158877
1953.3429158110882,-0.034103544339023996
1953.3456536618755,-0.15076395711597496
1953.3483915126626,-0.22646638960895799
1953.3511293634497,-0.24245242937444417
1953.3538672142367,-0.19731487828655198
1953.356605065024,-0.11599650517329335
1953.359342915811,-0.03960132146440587
1953.3620807665982,0.00014971238160090689
1953.3648186173853,0.001989591178748973
1953.3675564681726,-0.007056829084449967
1953.3702943189596,0.0029107132761023273
1953.3730321697467,0.03615405153257035
1953.375770020534,0.06337695596073814
1953.378507871321,0.041769062990526934
1953.3812457221081,-0.05165961239499138
1953.3839835728952,-0.19780805228096499
1953.3867214236825,-0.33966200198806856
1953.3894592744696,-0.40975732591601677
1953.3921971252566,-0.36407035075685523
1953.3949349760437,-0.2041446921295465
1953.397672826831,0.02242697408284334
1953.400410677618,0.24215059976461545
1953.4031485284052,0.38672541038649016
1953.4058863791922,0.420776984831683
1953.4086242299795,0.3529131832929607
1953.4113620807666,0.22482667024130043
1953.4140999315537,0.0858098405770516
1953.416837782341,-0.03068415927946858
1953.419575633128,-0.11407295122987704
1953.422313483915,-0.16645265246349294
1953.4250513347022,-0.1883110012828053
1953.4277891854895,-0.17500267511203704
1953.4305270362765,-0.1264427172291256
1953.4332648870636,-0.0578156397101844
1953.4360027378507,0.003049716577800527
1953.438740588638,0.0328028062361613
1953.441478439425,0.029564258571148177
1953.4442162902121,0.012922258803049678
1953.4469541409994,0.004740337509093549
1953.4496919917865,0.00682333483731664
1953.4524298425736,-0.004118653922613413
1953.4551676933606,-0.057892652823967966
1953.457905544148,-0.16249306673055983
1953.460643394935,-0.28847524037571726
1953.463381245722,-0.3788318853665129
1953.4661190965091,-0.3784295013428288
1953.4688569472964,-0.2644514315663321
1953.4715947980835,-0.06057791570221234
1953.4743326488706,0.17128322026738804
1953.4770704996577,0.35629082978429
1953.479808350445,0.43714088648137994
1953.482546201232,0.39678185507983627
1953.485284052019,0.26340981079696574
1953.4880219028064,0.09489372819894694
1953.4907597535935,-0.0498719154697658
1953.4934976043805,-0.13687825518600838
1953.4962354551676,-0.16533842030238025
1953.498973305955,-0.1555470799852996
1953.501711156742,-0.1280844280093419
1953.504449007529,-0.0913381734765304
1953.5071868583161,-0.045043316497511
1953.5099247091034,0.007739398288524005
1953.5126625598905,0.05467559293353931
1953.5154004106776,0.08088879033561538
1953.5181382614649,0.08079979705025163
1953.520876112252,0.06163142091869403
1953.523613963039,0.03379204559962308
1953.526351813826,-0.002306546185026787
1953.5290896646134,-0.05834449009148318
1953.5318275154004,-0.14438231725662534
1953.5345653661875,-0.2502880310218366
1953.5373032169746,-0.3395543724041652
1953.5400410677619,-0.3636287534728132
1953.542778918549,-0.28865714301365486
1953.545516769336,-0.11726197710866074
1953.5482546201233,0.10784475401858198
1953.5509924709104,0.319445990840454
1953.5537303216975,0.4517236940435346
1953.5564681724845,0.4650627772545133
1953.5592060232718,0.3608518620108324
1953.561943874059,0.18095631284615926
1953.564681724846,-0.00917983912931046
1953.567419575633,-0.14820426228895384
1953.5701574264203,-0.2045204984106101
1953.5728952772074,-0.1857440750513246
1953.5756331279945,-0.12644994620857153
1953.5783709787815,-0.06314517249979358
1953.5811088295688,-0.014160837684486912
1953.583846680356,0.02284000093549687
1953.586584531143,0.0578896403392133
1953.5893223819303,0.09403803918673682
1953.5920602327174,0.12320451328756794
1953.5947980835044,0.13298627870791863
1953.5975359342915,0.11510021001260523
1953.6002737850788,0.06749986045299872
1953.6030116358659,-0.00845172012742154
1953.605749486653,-0.10829120581702119
1953.60848733744,-0.21882536362187915
1953.6112251882273,-0.3124960458888723
1953.6139630390144,-0.351357369111824
1953.6167008898015,-0.3032311420592318
1953.6194387405887,-0.16122206251531673
1953.6221765913758,0.046825011105383965
1953.624914442163,0.26581096899229534
1953.62765229295,0.43339115832676794
1953.6303901437373,0.5018246849107533
1953.6331279945243,0.45311260903435435
1953.6358658453114,0.3043924701172205
1953.6386036960985,0.1033548626032462
1953.6413415468858,-0.08647737568711608
1953.6440793976728,-0.20860673532707644
1953.64681724846,-0.2364741821198754
1953.649555099247,-0.18377152478531483
1953.6522929500343,-0.09384161399185391
1953.6550308008214,-0.01308227096558131
1953.6577686516084,0.03457917944728762
1953.6605065023957,0.05524647831319918
1953.6632443531828,0.07133098314862686
1953.6659822039699,0.09904752032317096
1953.668720054757,0.13447290341792936
1953.6714579055442,0.15641990500638564
1953.6741957563313,0.14078110783524866
1953.6769336071184,0.07477220521371611
1953.6796714579054,-0.036300375615621466
1953.6824093086927,-0.16953977216474012
1953.6851471594798,-0.2891625968797765
1953.6878850102669,-0.3547413441449674
1953.6906228610542,-0.33388098636500124
1953.6933607118413,-0.21676946420341203
1953.6960985626283,-0.024955583733375787
1953.6988364134154,0.1929629145401143
1953.7015742642027,0.3783816621567897
1953.7043121149898,0.4834316459536224
1953.7070499657768,0.4848763273425012
1953.709787816564,0.38725397867716127
1953.7125256673512,0.2188331004184165
1953.7152635181383,0.02489441466119255
1953.7180013689253,-0.14184579358694505
1953.7207392197124,-0.23628566386175195
1953.7234770704997,-0.23901529930843812
1953.7262149212868,-0.1670446775604204
1953.7289527720739,-0.06630255007959604
1953.7316906228612,0.013743313025313123
1953.7344284736482,0.04816695330143311
1953.7371663244353,0.04764837750294226
1953.7399041752224,0.04443114354911788
1953.7426420260097,0.0640458166060207
1953.7453798767967,0.10406802300549295
1953.7481177275838,0.13468911685371335
1953.7508555783709,0.11895081590005213
1953.7535934291582,0.03747508450790165
1953.7563312799452,-0.09769486900664287
1953.7590691307323,-0.24598090723658034
1953.7618069815196,-0.353952018740725
1953.7645448323067,-0.37589982504276687
1953.7672826830938,-0.2919428351049475
1953.7700205338808,-0.11752408407255512
1953.7727583846681,0.10029866589843389
1953.7754962354552,0.2999483961505297
1953.7782340862423,0.42872056755394583
1953.7809719370293,0.4605651362104795
1953.7837097878166,0.3996365000473037
1953.7864476386037,0.2710924095039885
1953.7891854893908,0.1088510473792336
1953.791923340178,-0.051377840283038205
1953.7946611909651,-0.17461406900317716
1953.7973990417522,-0.23205066290310042
1953.8001368925393,-0.2127780507569387
1953.8028747433266,-0.1343000945379996
1953.8056125941137,-0.03913617635385307
1953.8083504449007,0.0266709123008856
1953.8110882956878,0.041024411132449874
1953.813826146475,0.01854174759864375
1953.8165639972622,-0.0029701090728422768
1953.8193018480492,0.006544976752340115
1953.8220396988363,0.04432777561036351
1953.8247775496236,0.07469548690627648
1953.8275154004107,0.05384749833387494
1953.8302532511977,-0.038463877190500415
1953.832991101985,-0.18174165317189428
1953.8357289527721,-0.321758969519085
1953.8384668035592,-0.3959128680967172
1953.8412046543463,-0.3623503691078783
1953.8439425051336,-0.21915168094895698
1953.8466803559206,-0.006114121265109146
1953.8494182067077,0.21103589827477232
1953.8521560574948,0.3673287282349205
1953.854893908282,0.424121457274973
1953.8576317590691,0.3809849004757042
1953.8603696098562,0.2684434411402964
1953.8631074606435,0.12802789497473013
1953.8658453114306,-0.006007713857420037
1953.8685831622176,-0.11246707021366575
1953.8713210130047,-0.17809852418255395
1953.874058863792,-0.19297233295885186
1953.876796714579,-0.15499695927254545
1953.8795345653662,-0.07949331389650775
1953.8822724161532,-0.0004531474242063828
1953.8850102669405,0.04472397040867121
1953.8877481177276,0.03902836515241062
1953.8904859685147,-0.0013164509843760566
1953.8932238193017,-0.038501420938053504
1953.895961670089,-0.042888273569222736
1953.898699520876,-0.0180355945058518
1953.9014373716632,-0.00037289606105841283
1953.9041752224505,-0.03248448978990086
1953.9069130732375,-0.12942031960005665
1953.9096509240246,-0.26227649899766414
1953.9123887748117,-0.3700613547005048
1953.915126625599,-0.39152158992037306
1953.917864476386,-0.2974932964608424
1953.9206023271731,-0.10668089676601808
1953.9233401779602,0.12150401592239449
1953.9260780287475,0.31225532612194523
1953.9288158795346,0.40687349272568607
1953.9315537303216,0.38621158669742917
1953.934291581109,0.2750550567841477
1953.937029431896,0.12557175887633715
1953.939767282683,-0.010193819334854786
1953.9425051334701,-0.10200361439078803
1953.9452429842574,-0.1452634706853265
1953.9479808350445,-0.14903442059813896
1953.9507186858316,-0.12216256681781942
1953.9534565366187,-0.07044602473776074
1953.956194387406,-0.004584896238250435
1953.958932238193,0.05374124368550191
1953.96167008898,0.07909740737435891
1953.9644079397672,0.05988051116251911
1953.9671457905545,0.010116877266256027
1953.9698836413415,-0.03848641635542813
1953.9726214921286,-0.061044932216280115
1953.975359342916,-0.06091147215027129
1953.978097193703,-0.06864862485246265
1953.98083504449,-0.11708462344850902
1953.9835728952771,-0.21105073373993297
1953.9863107460644,-0.3153811083984366
1953.9890485968515,-0.37100803129866783
1953.9917864476386,-0.3286391269213152
1953.9945242984256,-0.17847379806263583
1953.997262149213,0.04108910360683311
1954.0,0.2590182073305446
1954.002737850787,0.40221773249708037
1954.0054757015744,0.42637375800194577
1954.0082135523614,0.3336320886136244
1954.0109514031485,0.16943888459695752
1954.0136892539356,-0.0001188809998051571
1954.0164271047229,-0.1191848337490693
1954.01916495551,-0.1645139935482258
1954.021902806297,-0.14733049856296962
1954.024640657084,-0.09631668163057831
1954.0273785078714,-0.03636829064403307
1954.0301163586585,0.0210199615918835
1954.0328542094455,0.07190531412204645
1954.0355920602328,0.1091547339352937
1954.03832991102,0.12053918719790098
1954.041067761807,0.09843949576642981
1954.043805612594,0.05015877109910615
1954.0465434633813,-0.004315988123702554
1954.0492813141684,-0.04793158969958691
1954.0520191649555,-0.0817028648565344
1954.0547570157426,-0.12364116498127192
1954.0574948665299,-0.18965289218789305
1954.060232717317,-0.271650082130956
1954.062970568104,-0.33236878879804144
1954.065708418891,-0.3237205380831795
1954.0684462696784,-0.21707081025476313
1954.0711841204654,-0.025040658641448096
1954.0739219712525,0.19895209190209176
1954.0766598220398,0.3823914835111648
1954.0793976728269,0.46425612442934
1954.082135523614,0.4200119272916429
1954.084873374401,0.27112243869822417
1954.0876112251883,0.07580427719788047
1954.0903490759754,-0.09552821640892764
1954.0930869267625,-0.19000246402354748
1954.0958247775495,-0.19294473995996056
1954.0985626283368,-0.1282971380307134
1954.101300479124,-0.039119880218546885
1954.104038329911,0.03843821415700887
1954.1067761806983,0.09033001914380906
1954.1095140314853,0.12103382834347326
1954.1122518822724,0.13859030118301255
1954.1149897330595,0.14336259949913688
1954.1177275838468,0.12927322164332206
1954.1204654346338,0.09283506537359928
1954.123203285421,0.03836649486022598
1954.125941136208,-0.026229771263307684
1954.1286789869953,-0.09700408301270452
1954.1314168377824,-0.17423861083478653
1954.1341546885694,-0.25283185904195477
1954.1368925393565,-0.31225719869594903
1954.1396303901438,-0.31884965197425785
1954.1423682409309,-0.2434083652926201
1954.145106091718,-0.08314975343713155
1954.1478439425052,0.12812528654032782
1954.1505817932923,0.32978351975078957
1954.1533196440794,0.45859566282392206
1954.1560574948664,0.47409811418082454
1954.1587953456537,0.3736712467313316
1954.1615331964408,0.19301551304834796
1954.1642710472279,-0.006648580845771544
1954.167008898015,-0.16058794373533453
1954.1697467488023,-0.2250634947340318
1954.1724845995893,-0.19436061979607586
1954.1752224503764,-0.10062947471356576
1954.1779603011637,0.0053555215569631096
1954.1806981519508,0.08208092780386375
1954.1834360027378,0.11636231659459312
1954.186173853525,0.12191648441913522
1954.1889117043122,0.12095878009531207
1954.1916495550993,0.12444122418601988
1954.1943874058863,0.1253700094482447
1954.1971252566734,0.1071700078376348
1954.1998631074607,0.05729168622659264
1954.2026009582478,-0.02479257143523652
1954.2053388090349,-0.1277584001141649
1954.208076659822,-0.23178889927595667
1954.2108145106092,-0.31085352171701264
1954.2135523613963,-0.33581377255337236
1954.2162902121834,-0.2829664850911792
1954.2190280629707,-0.14744604088417224
1954.2217659137577,0.04683344871171452
1954.2245037645448,0.2501529845599071
1954.2272416153319,0.40423495774899465
1954.2299794661192,0.46481800424076936
1954.2327173169062,0.4174576978479157
1954.2354551676933,0.2803947329655879
1954.2381930184804,0.09663610701312172
1954.2409308692677,-0.07940730999442075
1954.2436687200548,-0.19752431968156509
1954.2464065708418,-0.2278640427638222
1954.2491444216291,-0.17308991031215157
1954.2518822724162,-0.06856885250977067
1954.2546201232033,0.0340793520047045
1954.2573579739903,0.0938031433802972
1954.2600958247776,0.1010754524215818
1954.2628336755647,0.07831003915421274
1954.2655715263518,0.05923975971266805
1954.2683093771388,0.06251561988634281
1954.2710472279261,0.0786787916252368
1954.2737850787132,0.07853812541111158
1954.2765229295003,0.03484106271476164
1954.2792607802876,-0.05867900973346267
1954.2819986310747,-0.18176690790915437
1954.2847364818617,-0.29563549169588615
1954.2874743326488,-0.3577057711356721
1954.290212183436,-0.3367179708302918
1954.2929500342232,-0.22477135063744233
1954.2956878850102,-0.04337108011606518
1954.2984257357973,0.1603759852309373
1954.3011635865846,0.3289651637883072
1954.3039014373717,0.4159601999056766
1954.3066392881587,0.4029645579281603
1954.3093771389458,0.30324427670866533
1954.3121149897331,0.15215861341933642
1954.3148528405202,-0.0072940516587844135
1954.3175906913073,-0.1356004140163557
1954.3203285420946,-0.20332607989961718
1954.3230663928816,-0.19719294428418804
1954.3258042436687,-0.12679907844447655
1954.3285420944558,-0.025939408610784954
1954.331279945243,0.0590217550035018
1954.3340177960301,0.09226503329427238
1954.3367556468172,0.06930281202825057
1954.3394934976043,0.018930569263867186
1954.3422313483916,-0.01786874979490585
1954.3449691991786,-0.01808914424682139
1954.3477070499657,0.006255732990632952
1954.350444900753,0.016911369557030854
1954.35318275154,-0.022709379508736943
1954.3559206023272,-0.1204960285020782
1954.3586584531142,-0.24707550233050324
1954.3613963039015,-0.34928198677435385
1954.3641341546886,-0.3758192308922377
1954.3668720054757,-0.30102965228372
1954.3696098562627,-0.13679555382185954
1954.37234770705,0.07088353722457875
1954.375085557837,0.25885792342736424
1954.3778234086242,0.3711725213805285
1954.3805612594113,0.3807361674721437
1954.3832991101985,0.29781586478862776
1954.3860369609856,0.1610483357052953
1954.3887748117727,0.017219711924788828
1954.39151266256,-0.09709507357046623
1954.394250513347,-0.16235523095804133
1954.3969883641341,-0.17266020109872354
1954.3997262149212,-0.13150846956386728
1954.4024640657085,-0.05316729992091963
1954.4052019164956,0.034353113132799984
1954.4079397672826,0.0947096780979568
1954.4106776180697,0.10044703637690322
1954.413415468857,0.05170224329438853
1954.416153319644,-0.020460995332795228
1954.4188911704312,-0.07337311606861438
1954.4216290212185,-0.08308124593389736
1954.4243668720055,-0.06271288420364647
1954.4271047227926,-0.05346905638530031
1954.4298425735797,-0.09371144916764837
1954.432580424367,-0.18842792093327032
1954.435318275154,-0.30068217665814645
1954.438056125941,-0.3703072029043212
1954.4407939767282,-0.3469852590714902
1954.4435318275155,-0.2178009646370755
1954.4462696783025,-0.015363888923832978
1954.4490075290896,0.19558228685158055
1954.4517453798767,0.3454338692258713
1954.454483230664,0.38857733285323653
1954.457221081451,0.32133482884929365
1954.4599589322381,0.18075029598970255
1954.4626967830254,0.02479216068066983
1954.4654346338125,-0.09510861563735686
1954.4681724845996,-0.1534454020525306
1954.4709103353866,-0.15216380895430043
1954.473648186174,-0.10796937181695956
1954.476386036961,-0.03889822411724206
1954.479123887748,0.03906640022538714
1954.4818617385351,0.10714908996289856
1954.4845995893224,0.142249403010452
1954.4873374401095,0.12665458453764358
1954.4900752908966,0.06307999805203104
1954.4928131416839,-0.020522231440708985
1954.495550992471,-0.08594663268751764
1954.498288843258,-0.11133876831149235
1954.501026694045,-0.10829230444892336
1954.5037645448324,-0.1134663536238438
1954.5065023956195,-0.15887856004717446
1954.5092402464065,-0.2429436466656143
1954.5119780971936,-0.3246123414970541
1954.514715947981,-0.34573856767849553
1954.517453798768,-0.26663416460574646
1954.520191649555,-0.09197407938438183
1954.5229295003423,0.1276474476911675
1954.5256673511294,0.31770395498523335
1954.5284052019165,0.4126588746909633
1954.5311430527036,0.3840182934419445
1954.5338809034909,0.25147067680888346
1954.536618754278,0.07258940914929861
1954.539356605065,-0.08411101079803014
1954.542094455852,-0.16949794637103147
1954.5448323066394,-0.17159646912226315
1954.5475701574264,-0.11198163674587093
1954.5503080082135,-0.025881158015630772
1954.5530458590006,0.05828390247133287
1954.5557837097879,0.12610416799365295
1954.558521560575,0.1705522427015922
1954.561259411362,0.18343004891430412
1954.5639972621493,0.1566280098802043
1954.5667351129364,0.09240119733358315
1954.5694729637235,0.009967857993166504
1954.5722108145105,-0.06262156174335201
1954.5749486652978,-0.1078233735008643
1954.577686516085,-0.13241186065885194
1954.580424366872,-0.16118189124640447
1954.583162217659,-0.21294637556142051
1954.5859000684463,-0.277861173268212
1954.5886379192334,-0.31591180706166183
1954.5913757700205,-0.28021472051577073
1954.5941136208078,-0.14949107312566184
1954.5968514715948,0.05260931458406268
1954.599589322382,0.2638079567518657
1954.602327173169,0.4106824121069114
1954.6050650239563,0.44159126066516347
1954.6078028747434,0.3489284368836541
1954.6105407255304,0.17175793014051774
1954.6132785763175,-0.021262178198994886
1954.6160164271048,-0.16116526330128292
1954.6187542778919,-0.20729087659665363
1954.621492128679,-0.16144966881662884
1954.624229979466,-0.060352368107133736
1954.6269678302533,0.04846289188739221
1954.6297056810404,0.13137245208121925
1954.6324435318274,0.1786129285697466
1954.6351813826147,0.1962348857882929
1954.6379192334018,0.19107718962349207
1954.640657084189,0.16339028403036185
1954.643394934976,0.11183667171524564
1954.6461327857633,0.04229425018213765
1954.6488706365503,-0.03142810094410503
1954.6516084873374,-0.09707307786928301
1954.6543463381245,-0.1533634521692089
1954.6570841889118,-0.20760046589918704
1954.6598220396988,-0.26133157720836875
1954.662559890486,-0.2974043468464502
1954.6652977412732,-0.2830452400303546
1954.6680355920603,-0.19057102125182163
1954.6707734428473,-0.021592112138767355
1954.6735112936344,0.1837437089944557
1954.6762491444217,0.3604010972908568
1954.6789869952088,0.44713856144533926
1954.6817248459959,0.413818611413061
1954.684462696783,0.27404546537420427
1954.6872005475702,0.07921538403487657
1954.6899383983573,-0.10185507907228437
1954.6926762491444,-0.2095078012803756
1954.6954140999314,-0.21615006690998728
1954.6981519507187,-0.1356813818567495
1954.7008898015058,-0.013838211804901222
1954.7036276522929,0.09663888418680316
1954.7063655030802,0.16212883349703938
1954.7091033538672,0.17974118591202579
1954.7118412046543,0.1684717479983556
1954.7145790554414,0.1488592066778084
1954.7173169062287,0.12763256659479266
1954.7200547570158,0.0975539153083746
1954.7227926078028,0.04873704361756326
1954.72553045859,-0.02080136200554369
1954.7282683093772,-0.10364751026449882
1954.7310061601643,-0.18801889512954298
1954.7337440109513,-0.2610085237715591
1954.7364818617386,-0.30656809397843543
1954.7392197125257,-0.30380301245102764
1954.7419575633128,-0.23341947631651566
1954.7446954140999,-0.0921793227183581
1954.7474332648871,0.09504335578554014
1954.7501711156742,0.27752709831349104
1954.7529089664613,0.39750181487424324
1954.7556468172484,0.41531864299968774
1954.7583846680357,0.3265652025509792
1954.7611225188227,0.16308217536253106
1954.7638603696098,-0.020118922259136085
1954.766598220397,-0.16457301304253727
1954.7693360711842,-0.22783454896152758
1954.7720739219712,-0.19783990907765067
1954.7748117727583,-0.09738992789865464
1954.7775496235456,0.02540070956659023
1954.7802874743327,0.11942000785612158
1954.7830253251198,0.15536750539915448
1954.7857631759068,0.13806480836228097
1954.7885010266941,0.09764702388820927
1954.7912388774812,0.06564575517199667
1954.7939767282683,0.053188629830837886
1954.7967145790553,0.046385164189772024
1954.7994524298426,0.020129448166553092
1954.8021902806297,-0.041906769221643804
1954.8049281314168,-0.13542911372968866
1954.807665982204,-0.23712672853017322
1954.8104038329911,-0.3147743677123185
1954.8131416837782,-0.3382656062173071
1954.8158795345653,-0.2884571878784263
1954.8186173853526,-0.1645943878880065
1954.8213552361397,0.010554445642667543
1954.8240930869267,0.19262598883945642
1954.8268309377138,0.3285771336552504
1954.829568788501,0.3772074088537543
1954.8323066392882,0.32660060245315814
1954.8350444900752,0.19831099746842912
1954.8377823408625,0.03683797812155834
1954.8405201916496,-0.10798476213552918
1954.8432580424367,-0.19640259597490178
1954.8459958932237,-0.2080803761593185
1954.848733744011,-0.14658092778468038
1954.851471594798,-0.03949273105389779
1954.8542094455852,0.06892343569094676
1954.8569472963723,0.13481287832307204
1954.8596851471596,0.13597262505816982
1954.8624229979466,0.08405961465513809
1954.8651608487337,0.016826375499522952
1954.8678986995208,-0.027090544308999813
1954.870636550308,-0.03409303686185197
1954.8733744010951,-0.023546974823930075
1954.8761122518822,-0.03207446798969548
1954.8788501026695,-0.08605710008268919
1954.8815879534566,-0.18176834484142013
1954.8843258042436,-0.28521929758347686
1954.8870636550307,-0.3493608194664013
1954.889801505818,-0.33673875399153386
1954.892539356605,-0.2361679800134981
1954.8952772073922,-0.06817048391177823
1954.8980150581792,0.12098241409540404
1954.9007529089665,0.27462873570102536
1954.9034907597536,0.34637687757421454
1954.9062286105407,0.3184351425149754
1954.908966461328,0.20842013916351854
1954.911704312115,0.06018269544478219
1954.914442162902,-0.07621931621485087
1954.9171800136892,-0.16347961300664124
1954.9199178644765,-0.18547903663730125
1954.9226557152635,-0.14526931977730487
1954.9253935660506,-0.059872157287440594
1954.9281314168377,0.042812631709092594
1954.930869267625,0.1275078888708217
1954.933607118412,0.16149414554150077
1954.9363449691991,0.13061619618805612
1954.9390828199862,0.050766061456717096
1954.9418206707735,-0.037711865809286906
1954.9445585215606,-0.0938384479535243
1954.9472963723476,-0.10311468989808198
1954.950034223135,-0.08737927087442685
1954.952772073922,-0.08842595888808633
1954.955509924709,-0.13635372745418317
1954.9582477754961,-0.2253222721699539
1954.9609856262834,-0.31351029311620066
1954.9637234770705,-0.3464162638721986
1954.9664613278576,-0.28770582532163697
1954.9691991786447,-0.13956494137883393
1954.971937029432,0.05663986315637948
1954.974674880219,0.23740954132128175
1954.977412731006,0.34304307980459736
1954.9801505817934,0.34172836752883223
1954.9828884325805,0.24210548062837897
1954.9856262833675,0.08842420662123937
1954.9883641341546,-0.06008806172325133
1954.991101984942,-0.15521894692283464
1954.993839835729,-0.1769595670680242
1954.996577686516,-0.13371463585084373
1954.9993155373031,-0.04959033188647948
1955.0020533880904,0.04895603224614263
1955.0047912388775,0.13805540010951728
1955.0075290896646,0.19508371246806017
1955.0102669404519,0.2004665530375625
1955.013004791239,0.14736913026760354
1955.015742642026,0.05199335579901518
1955.018480492813,-0.048702507480110534
1955.0212183436004,-0.11656124607890674
1955.0239561943874,-0.13732867072285146
1955.0266940451745,-0.13107799478046464
1955.0294318959616,-0.13698053460533197
1955.0321697467489,-0.1818202651273924
1955.034907597536,-0.25566195186566326
1955.037645448323,-0.31347207708931357
1955.04038329911,-0.3022354128608935
1955.0431211498974,-0.19512012403232676
1955.0458590006845,-0.010821233537447978
1955.0485968514715,0.192431109820115
1955.0513347022588,0.34306837391916584
1955.054072553046,0.3880297226974326
1955.056810403833,0.31543736230866687
1955.05954825462,0.15891247849711332
1955.0622861054073,-0.017838445330438473
1955.0650239561944,-0.14926900982107988
1955.0677618069815,-0.19561619123583204
1955.0704996577686,-0.15583153346561449
1955.0732375085558,-0.059892438291017557
1955.075975359343,0.052319714142705795
1955.07871321013,0.15008108882651391
1955.0814510609173,0.21731219850726707
1955.0841889117044,0.2461637140732458
1955.0869267624914,0.2305964956916431
1955.0896646132785,0.1692419570757018
1955.0924024640658,0.0741772867884599
1955.0951403148529,-0.02702909471462234
1955.09787816564,-0.10392131939624279
1955.100616016427,-0.14320604180869131
1955.1033538672143,-0.15863839924049203
1955.1060917180014,-0.17914999903008008
1955.1088295687885,-0.22211411974379883
1955.1115674195755,-0.2730215246172602
1955.1143052703628,-0.28951612491694684
1955.11704312115,-0.2289879343651473
1955.119780971937,-0.08058191695448227
1955.1225188227243,0.12070517832997649
1955.1252566735113,0.30707361721005705
1955.1279945242984,0.40959219275976
1955.1307323750855,0.39033345831868593
1955.1334702258728,0.2591989777301022
1955.1362080766598,0.06909678004709978
1955.138945927447,-0.1070728997112302
1955.141683778234,-0.20722524253809313
1955.1444216290213,-0.20500479321673198
1955.1471594798084,-0.11699839672578383
1955.1498973305954,0.011112551767230874
1955.1526351813827,0.13069418595239485
1955.1553730321698,0.21210567175442738
1955.1581108829569,0.24976353241724542
1955.160848733744,0.25118919687614427
1955.1635865845312,0.22306934747701387
1955.1663244353183,0.1672937662720407
1955.1690622861054,0.087957257863897
1955.1718001368924,-0.0015936400086453383
1955.1745379876797,-0.08232821085129866
1955.1772758384668,-0.14215377570665258
1955.1800136892539,-0.18461888403094237
1955.182751540041,-0.22262411611671123
1955.1854893908283,-0.26047724732590966
1955.1882272416153,-0.2806561371580526
1955.1909650924024,-0.2499192657059594
1955.1937029431897,-0.1434438522991358
1955.1964407939768,0.030430439005135423
1955.1991786447638,0.22427094913743398
1955.201916495551,0.3703761648832572
1955.2046543463382,0.41308467088059464
1955.2073921971253,0.3356030521868548
1955.2101300479123,0.16777284795826689
1955.2128678986994,-0.027044145871139347
1955.2156057494867,-0.17830178972975716
1955.2183436002738,-0.236322396276371
1955.2210814510609,-0.19090297074554574
1955.2238193018482,-0.07254703475203148
1955.2265571526352,0.06479281685852914
1955.2292950034223,0.1710357422534425
1955.2320328542094,0.2220908526801957
1955.2347707049967,0.22402566635978866
1955.2375085557837,0.1987856838519408
1955.2402464065708,0.16413088284906777
1955.2429842573579,0.12336082591543023
1955.2457221081452,0.07035580166321347
1955.2484599589322,0.0017554292993603518
1955.2511978097193,-0.0765407685943585
1955.2539356605066,-0.15330601539065578
1955.2566735112937,-0.21943283217425735
1955.2594113620808,-0.26905578609097297
1955.2621492128678,-0.2931323457608003
1955.2648870636551,-0.27474677449670737
1955.2676249144422,-0.19584746893582783
1955.2703627652293,-0.054048720048687056
1955.2731006160163,0.1237333351158293
1955.2758384668036,0.2845612406665773
1955.2785763175907,0.37129037444856045
1955.2813141683778,0.3503576905219843
1955.2840520191648,0.2287328500659413
1955.2867898699521,0.05119625271781283
1955.2895277207392,-0.1186959545986959
1955.2922655715263,-0.2235122842491313
1955.2950034223136,-0.232618834348374
1955.2977412731007,-0.15219024594538885
1955.3004791238877,-0.021338626002130223
1955.3032169746748,0.10533094475108949
1955.305954825462,0.18255732063898236
1955.3086926762492,0.19450030980929212
1955.3114305270362,0.15807650144743549
1955.3141683778233,0.10709656268270142
1955.3169062286106,0.06806140775601267
1955.3196440793977,0.04459881647812692
1955.3223819301847,0.020429705694264184
1955.325119780972,-0.023890692077675302
1955.3278576317591,-0.09474701262561985
1955.3305954825462,-0.18084016534218794
1955.3333333333333,-0.2598459139328159
1955.3360711841206,-0.30797769547978204
1955.3388090349076,-0.30599137836617524
1955.3415468856947,-0.24260871451858546
1955.3442847364818,-0.11962119458764878
1955.347022587269,0.041758586747146845
1955.3497604380561,0.200267312137889
1955.3524982888432,0.306102895214468
1955.3552361396303,0.321984889425513
1955.3579739904176,0.24190118201803185
1955.3607118412046,0.09545319726121484
1955.3634496919917,-0.0648049939569103
1955.366187542779,-0.18492625921370617
1955.368925393566,-0.2286931251966478
1955.3716632443532,-0.1877593776378544
1955.3744010951402,-0.08237715198394518
1955.3771389459275,0.045818865797272186
1955.3798767967146,0.14830379558783596
1955.3826146475017,0.18902196573308397
1955.3853524982887,0.16089689683716105
1955.388090349076,0.08883639662887134
1955.390828199863,0.014368765296295327
1955.3935660506502,-0.03024895119800375
1955.3963039014375,-0.041342436997685875
1955.3990417522245,-0.04294394446972161
1955.4017796030116,-0.06680792102022375
1955.4045174537987,-0.12827871378766598
1955.407255304586,-0.21465075680528922
1955.409993155373,-0.29186150473867395
1955.4127310061601,-0.3224012329855491
1955.4154688569472,-0.28260061735846126
1955.4182067077345,-0.17204305770930584
1955.4209445585216,-0.014518134514404295
1955.4236824093086,0.14776338074015544
1955.426420260096,0.2661645187762244
1955.429158110883,0.30262601797396205
1955.43189596167,0.2460465114290832
1955.4346338124572,0.11896731989840222
1955.4373716632444,-0.031106950656728166
1955.4401095140315,-0.151948223981326
1955.4428473648186,-0.20694443325388956
1955.4455852156057,-0.18528812997869268
1955.448323066393,-0.10036276016109197
1955.45106091718,0.017945316356660447
1955.453798767967,0.13158486023799498
1955.4565366187542,0.2033147196194867
1955.4592744695415,0.20855438548150246
1955.4620123203285,0.14748728598777053
1955.4647501711156,0.048465315784772395
1955.467488021903,-0.04469239219699654
1955.47022587269,-0.0975316537200455
1955.472963723477,-0.10603437957567366
1955.4757015742641,-0.09773945494939434
1955.4784394250514,-0.1105072721537321
1955.4811772758385,-0.16359901824843315
1955.4839151266256,-0.2416760665445752
1955.4866529774126,-0.3023782959702584
1955.4893908282,-0.30119505587635276
1955.492128678987,-0.21702385572713978
1955.494866529774,-0.06426617262421078
1955.4976043805614,0.11246120909441289
1955.5003422313484,0.2560499278326491
1955.5030800821355,0.31892809666472577
1955.5058179329226,0.28166372606999945
1955.5085557837099,0.16138206005811334
1955.511293634497,0.005456567748790445
1955.514031485284,-0.1282746837355519
1955.516769336071,-0.19566571931083548
1955.5195071868584,-0.18200382303113663
1955.5222450376455,-0.10180268636822243
1955.5249828884325,0.013803115926481261
1955.5277207392196,0.13107928765656238
1955.530458590007,0.2209587305010687
1955.533196440794,0.2608749236697968
1955.535934291581,0.2381365118234255
1955.5386721423683,0.15733492428105483
1955.5414099931554,0.044846894389496496
1955.5441478439425,-0.05924201890162266
1955.5468856947296,-0.12212159745193926
1955.5496235455169,-0.13883181172888343
1955.552361396304,-0.13521197887043362
1955.555099247091,-0.14788010082432737
1955.557837097878,-0.19450120972616375
1955.5605749486654,-0.2566543347777699
1955.5633127994524,-0.2887951448361441
1955.5660506502395,-0.24744262360030062
1955.5687885010268,-0.12063701576256412
1955.5715263518139,0.06098644458576817
1955.574264202601,0.23676099048634866
1955.577002053388,0.3434433722249021
1955.5797399041753,0.3429499657315023
1955.5824777549624,0.23833630925993776
1955.5852156057495,0.07231270599374369
1955.5879534565365,-0.0907205761770161
1955.5906913073238,-0.1917194536451763
1955.593429158111,-0.20084929317541111
1955.596167008898,-0.12624232252142437
1955.598904859685,-0.003806508621662253
1955.6016427104723,0.12392482996739443
1955.6043805612594,0.2253982219423897
1955.6071184120465,0.28454246173955045
1955.6098562628338,0.2949849962093458
1955.6125941136208,0.25500137965097325
1955.615331964408,0.17030569997055905
1955.618069815195,0.06008551649032876
1955.6208076659823,-0.04496499147349354
1955.6235455167694,-0.11727685184547648
1955.6262833675564,-0.15025149186645703
1955.6290212183435,-0.16286651015943907
1955.6317590691308,-0.18351084091324088
1955.6344969199179,-0.22364926789012707
1955.637234770705,-0.2626845329159893
1955.6399726214922,-0.2581274793296483
1955.6427104722793,-0.17546496020736774
1955.6454483230664,-0.016551451369884288
1955.6481861738534,0.17360160816917342
1955.6509240246407,0.326214225459407
1955.6536618754278,0.38196815861912436
1955.6563997262149,0.319195969135845
1955.659137577002,0.16355700099549658
1955.6618754277893,-0.023510978719156167
1955.6646132785763,-0.17105634950485415
1955.6673511293634,-0.22792800866245722
1955.6700889801507,-0.1823713591343989
1955.6728268309378,-0.06283189018387912
1955.6755646817248,0.08009546279803534
1955.678302532512,0.19979694817034044
1955.6810403832992,0.2720169419117235
1955.6837782340863,0.2957478684198424
1955.6865160848733,0.28053262680389646
1955.6892539356604,0.2339149243270897
1955.6919917864477,0.15990234270101206
1955.6947296372348,0.06655853752646454
1955.6974674880219,-0.029072884507072325
1955.700205338809,-0.10738173361572668
1955.7029431895962,-0.1594457106260266
1955.7056810403833,-0.19319962376964775
1955.7084188911704,-0.22357505503219516
1955.7111567419577,-0.253289281608901
1955.7138945927447,-0.26207509556441483
1955.7166324435318,-0.21704505994541945
1955.7193702943189,-0.09911279014379215
1955.7221081451062,0.07435320661431116
1955.7248459958932,0.24910972815563978
1955.7275838466803,0.3582166684465872
1955.7303216974674,0.35595600403373123
1955.7330595482547,0.24126686558544083
1955.7357973990418,0.05873406529014985
1955.7385352498288,-0.12132935552203672
1955.7412731006161,-0.23269879956635728
1955.7440109514032,-0.23962600782080745
1955.7467488021903,-0.14922191651801436
1955.7494866529773,-0.00488992646974235
1955.7522245037646,0.13619190693947886
1955.7549623545517,0.23018946297779505
1955.7577002053388,0.2634083491791303
1955.7604380561258,0.24971513776025742
1955.7631759069131,0.21266375296238635
1955.7659137577002,0.16705431110250038
1955.7686516084873,0.11348240497427242
1955.7713894592744,0.0470699430224984
1955.7741273100617,-0.03078931880740101
1955.7768651608487,-0.10971867101409723
1955.7796030116358,-0.17786421805675046
1955.782340862423,-0.22966000125813282
1955.7850787132102,-0.26413658518302696
1955.7878165639972,-0.2754265015057938
1955.7905544147843,-0.247490361518314
1955.7932922655716,-0.16289177500349947
1955.7960301163587,-0.02180194070873058
1955.7987679671457,0.14461896152598433
1955.8015058179328,0.2806113636688338
1955.8042436687201,0.3314180694932482
1955.8069815195072,0.2725394483770621
1955.8097193702943,0.12421573392424909
1955.8124572210816,-0.05688550856496343
1955.8151950718686,-0.20269595309370894
1955.8179329226557,-0.2618511593001562
1955.8206707734428,-0.21869949741638436
1955.82340862423,-0.09700547175514221
1955.8261464750171,0.052021058578559154
1955.8288843258042,0.17268951215778167
1955.8316221765913,0.22919027133896708
1955.8343600273786,0.2192561023124379
1955.8370978781657,0.169175284285877
1955.8398357289527,0.11323139297450865
1955.8425735797398,0.07145171614645518
1955.845311430527,0.04076759160315732
1955.8480492813142,0.004091615660247733
1955.8507871321012,-0.05208115141631853
1955.8535249828885,-0.1261140306097647
1955.8562628336756,-0.20275974183469886
1955.8590006844627,-0.262659995525482
1955.8617385352497,-0.289748691756746
1955.864476386037,-0.2724549216144068
1955.867214236824,-0.20359967411355115
1955.8699520876112,-0.08533057493373888
1955.8726899383983,0.06241019063796366
1955.8754277891856,0.19954417675485545
1955.8781656399726,0.27775214235065543
1955.8809034907597,0.2633835732906664
1955.883641341547,0.15737985563809995
1955.886379192334,-0.0016318777189824954
1955.8891170431211,-0.1536939657716654
1955.8918548939082,-0.24343932402656854
1955.8945927446955,-0.24166079714182107
1955.8973305954826,-0.15398766556421828
1955.9000684462696,-0.01609909624280659
1955.9028062970567,0.12073901941511153
1955.905544147844,0.20914571419403258
1955.908281998631,0.2242731732854077
1955.9110198494182,0.1736909971023717
1955.9137577002055,0.09170053603336584
1955.9164955509925,0.018959404831268647
1955.9192334017796,-0.021225979149785794
1955.9219712525667,-0.03445115423915768
1955.924709103354,-0.046809931960086135
1955.927446954141,-0.0832334972002427
1955.930184804928,-0.14860043354757205
1955.9329226557152,-0.22405630024592277
1955.9356605065025,-0.278394817664853
1955.9383983572895,-0.28429591902471246
1955.9411362080766,-0.2294104260193288
1955.9438740588637,-0.11977472821189131
1955.946611909651,0.021320027609436094
1955.949349760438,0.15706340815178754
1955.9520876112251,0.24552952371549205
1955.9548254620124,0.2543271774912036
1955.9575633127995,0.17674494487381007
1955.9603011635866,0.03921557177189866
1955.9630390143736,-0.10723930717988688
1955.965776865161,-0.20855779577157374
1955.968514715948,-0.23008845331867406
1955.971252566735,-0.16809905992260835
1955.9739904175221,-0.04710552852116015
1955.9767282683094,0.09172894626910952
1955.9794661190965,0.20429828144656667
1955.9822039698836,0.25631818556584973
1955.9849418206709,0.2344178399431852
1955.987679671458,0.1524018265289547
1955.990417522245,0.04682611996305098
1955.993155373032,-0.04033945791489424
1955.9958932238194,-0.08443547971619568
1955.9986310746065,-0.09148989926269177
1956.0013689253935,-0.09155155757840724
1956.0041067761806,-0.11540839000658715
1956.006844626968,-0.17097218478712176
1956.009582477755,-0.23598484938917957
1956.012320328542,-0.2712714233560753
1956.0150581793291,-0.24428636229782585
1956.0177960301164,-0.14762145574759467
1956.0205338809035,-0.003407688230943863
1956.0232717316906,0.1454933842042857
1956.0260095824779,0.25124584187104054
1956.028747433265,0.2779274435210753
1956.031485284052,0.2153556774239355
1956.034223134839,0.08528531092573065
1956.0369609856264,-0.0645747825814455
1956.0396988364134,-0.17885160526209348
1956.0424366872005,-0.21740109416731515
1956.0451745379876,-0.17060167489510963
1956.0479123887749,-0.059166449009406985
1956.050650239562,0.07890048493644783
1956.053388090349,0.2040123567467488
1956.0561259411363,0.2850054899238914
1956.0588637919234,0.3031834566478861
1956.0616016427105,0.2552051300425539
1956.0643394934975,0.15639505188826566
1956.0670773442848,0.03934767519773975
1956.069815195072,-0.05792181519446044
1956.072553045859,-0.11138929926118155
1956.075290896646,-0.12512106776028528
1956.0780287474333,-0.12727605866253536
1956.0807665982204,-0.14798960629508995
1956.0835044490075,-0.19435666197767865
1956.0862422997945,-0.24159812116830762
1956.0889801505818,-0.2478175636248362
1956.091718001369,-0.1821734458754916
1956.094455852156,-0.04717773808461602
1956.0971937029433,0.11865379368234655
1956.0999315537304,0.2577399543269529
1956.1026694045174,0.3190786283104102
1956.1054072553045,0.27984597441856246
1956.1081451060918,0.15479072163299776
1956.1108829568789,-0.009104966519081343
1956.113620807666,-0.1507001498610766
1956.116358658453,-0.21903743650042812
1956.1190965092403,-0.19350466860740734
1956.1218343600274,-0.08964567598268951
1956.1245722108144,0.052254620383986414
1956.1273100616017,0.1879495469132862
1956.1300479123888,0.28594462946817834
1956.132785763176,0.33175111586421524
1956.135523613963,0.3226420041648371
1956.1382614647503,0.2627598042428405
1956.1409993155373,0.16430676071700687
1956.1437371663244,0.05034889573393206
1956.1464750171115,-0.049828063943485074
1956.1492128678988,-0.11481759984515902
1956.1519507186858,-0.14466787201582781
1956.154688569473,-0.1602289864331053
1956.1574264202602,-0.18497293498645717
1956.1601642710473,-0.22208066480020164
1956.1629021218343,-0.24612077744161953
1956.1656399726214,-0.21840306461415945
1956.1683778234087,-0.11623724619320058
1956.1711156741958,0.04509973912604046
1956.1738535249829,0.21368490123344935
1956.17659137577,0.324952753815664
1956.1793292265572,0.3333895392677373
1956.1820670773443,0.2342863406918316
1956.1848049281314,0.06586342288448627
1956.1875427789184,-0.10720191862929024
1956.1902806297057,-0.2204808452346274
1956.1930184804928,-0.23547579103128213
1956.1957563312799,-0.15355045790768013
1956.1984941820672,-0.011703673362500045
1956.2012320328543,0.1376794710057296
1956.2039698836413,0.2516624023116259
1956.2067077344284,0.31165767044567183
1956.2094455852157,0.3211581010720938
1956.2121834360028,0.29209182438017783
1956.2149212867898,0.23338988197109825
1956.217659137577,0.15073291422149812
1956.2203969883642,0.053863119586802885
1956.2231348391513,-0.04010858487948479
1956.2258726899383,-0.114056382629912
1956.2286105407256,-0.162678929048656
1956.2313483915127,-0.19556769835379545
1956.2340862422998,-0.22534582546217738
1956.2368240930869,-0.24994821265595102
1956.2395619438742,-0.24633394575447481
1956.2422997946612,-0.18490849821019617
1956.2450376454483,-0.05593049975188677
1956.2477754962354,0.11270195058095203
1956.2505133470227,0.2618437221751031
1956.2532511978097,0.3295486965707396
1956.2559890485968,0.28384914786445375
1956.2587268993839,0.14019157651656106
1956.2614647501712,-0.04514477634829309
1956.2642026009582,-0.20025632143140884
1956.2669404517453,-0.2680350923675557
1956.2696783025326,-0.228377770741822
1956.2724161533197,-0.10363848769497355
1956.2751540041068,0.05434264239266497
1956.2778918548938,0.18951998404683526
1956.2806297056811,0.2665632589294421
1956.2833675564682,0.2819734652497709
1956.2861054072553,0.2559490434576975
1956.2888432580423,0.2124796610041866
1956.2915811088296,0.16313860832274465
1956.2943189596167,0.10572669545989602
1956.2970568104038,0.03546605107422874
1956.299794661191,-0.04406791055591562
1956.3025325119781,-0.12091118421299572
1956.3052703627652,-0.18387096948204673
1956.3080082135523,-0.22941271062252291
1956.3107460643396,-0.25778921638361163
1956.3134839151267,-0.26265537663539174
1956.3162217659137,-0.22742372139991407
1956.3189596167008,-0.1366954565276955
1956.321697467488,0.0039518746295994535
1956.3244353182752,0.157238533420582
1956.3271731690622,0.2652953160944133
1956.3299110198493,0.2786939530115912
1956.3326488706366,0.1850582061240837
1956.3353867214237,0.018655903632212326
1956.3381245722107,-0.15457497416107555
1956.340862422998,-0.26697729185404534
1956.3436002737851,-0.2778604044435048
1956.3463381245722,-0.1882440548813051
1956.3490759753593,-0.037265010835439254
1956.3518138261466,0.11666718379380084
1956.3545516769336,0.22169265113753006
1956.3572895277207,0.2539636819339654
1956.3600273785078,0.2241718704961161
1956.362765229295,0.1654879109052098
1956.3655030800821,0.11041537313436184
1956.3682409308692,0.07183064543380016
1956.3709787816565,0.040521000347853706
1956.3737166324436,-0.001159023856432309
1956.3764544832306,-0.062071644697733616
1956.3791923340177,-0.13515308464626657
1956.381930184805,-0.20342981798795834
1956.384668035592,-0.25058663923812174
1956.3874058863792,-0.2658090755132641
1956.3901437371662,-0.2415715013353547
1956.3928815879535,-0.17219289623395181
1956.3956194387406,-0.05997966206677127
1956.3983572895277,0.07458921582467132
1956.401095140315,0.19059273791853154
1956.403832991102,0.24070976993964846
1956.406570841889,0.19637981478721322
1956.4093086926762,0.06764586503051659
1956.4120465434635,-0.09699524877728233
1956.4147843942505,-0.2319004362954739
1956.4175222450376,-0.28409080719437796
1956.4202600958247,-0.23522445471490946
1956.422997946612,-0.10643381862167685
1956.425735797399,0.053135370328309145
1956.4284736481861,0.18714255689942966
1956.4312114989732,0.25402644727134427
1956.4339493497605,0.24242064742580913
1956.4366872005476,0.17346314367004687
1956.4394250513346,0.08761280842788893
1956.442162902122,0.021679569685600343
1956.444900752909,-0.010826171863791563
1956.447638603696,-0.023472719147792417
1956.4503764544831,-0.042695912242203204
1956.4531143052704,-0.08644528670367096
1956.4558521560575,-0.15114178018243507
1956.4585900068446,-0.21466708726633485
1956.4613278576317,-0.2502515245734483
1956.464065708419,-0.23967196192937348
1956.466803559206,-0.1786352617686509
1956.469541409993,-0.07618112019174644
1956.4722792607804,0.04653323962353725
1956.4750171115675,0.1572964646073052
1956.4777549623545,0.21870260662703953
1956.4804928131416,0.2022346029625653
1956.483230663929,0.10533056568484282
1956.485968514716,-0.04063409969202836
1956.488706365503,-0.18014189457642596
1956.4914442162901,-0.25773077843619047
1956.4941820670774,-0.24277176100714928
1956.4969199178645,-0.14110187327437143
1956.4996577686516,0.010556974912585948
1956.5023956194386,0.16130316077878837
1956.505133470226,0.26467388752817445
1956.507871321013,0.2931998871370575
1956.5106091718,0.24641547218361426
1956.5133470225874,0.1502164387336457
1956.5160848733744,0.04562001865827174
1956.5188227241615,-0.03074733676880427
1956.5215605749486,-0.06506474720800337
1956.5242984257359,-0.07163215504638745
1956.527036276523,-0.08012556205037681
1956.52977412731,-0.11274225267156714
1956.532511978097,-0.16723648569782215
1956.5352498288844,-0.21752199378364784
1956.5379876796715,-0.23024937168251525
1956.5407255304585,-0.18490611546257357
1956.5434633812458,-0.08494303014429495
1956.546201232033,0.04384949242144155
1956.54893908282,0.16322473551093586
1956.551676933607,0.2347237710641135
1956.5544147843943,0.23169719752580767
1956.5571526351814,0.15005031048416062
1956.5598904859685,0.01405505350663209
1956.5626283367556,-0.12853077110167707
1956.5653661875428,-0.22385272811772097
1956.56810403833,-0.2348763048687333
1956.570841889117,-0.15712192130016198
1956.573579739904,-0.018283265741988887
1956.5763175906914,0.1363829656742642
1956.5790554414784,0.262546496733559
1956.5817932922655,0.32958142256652584
1956.5845311430528,0.3254960827057163
1956.5872689938399,0.2574218889727502
1956.590006844627,0.14971381891779514
1956.592744695414,0.03733689099272494
1956.5954825462013,-0.04753076864737025
1956.5982203969884,-0.09102799893323378
1956.6009582477755,-0.10450799844151688
1956.6036960985625,-0.11504843960642872
1956.6064339493498,-0.14386538534975288
1956.609171800137,-0.18787975907172397
1956.611909650924,-0.21888750968691498
1956.6146475017113,-0.20184283584004198
1956.6173853524983,-0.11943075292816639
1956.6201232032854,0.013816757428996126
1956.6228610540725,0.15602229201493967
1956.6255989048598,0.2565980761989157
1956.6283367556468,0.2777922306198075
1956.631074606434,0.20967267986801125
1956.633812457221,0.07440613981332402
1956.6365503080083,-0.08060548087442955
1956.6392881587954,-0.19919094591905304
1956.6420260095824,-0.23782429423820686
1956.6447638603697,-0.18319140655702873
1956.6475017111568,-0.05649534458261683
1956.6502395619439,0.0984364752946877
1956.652977412731,0.23589918573509314
1956.6557152635182,0.3250585192199592
1956.6584531143053,0.35448759598302737
1956.6611909650924,0.32692602208050053
1956.6639288158794,0.2531754974543952
1956.6666666666667,0.15055137641428726
1956.6694045174538,0.04264949506895317
1956.6721423682409,-0.04626539455680122
1956.674880219028,-0.10264755424480855
1956.6776180698153,-0.13192529093272665
1956.6803559206023,-0.15357490307132696
1956.6830937713894,-0.18335863091038537
1956.6858316221767,-0.21596477023873215
1956.6885694729638,-0.22370811183644357
1956.6913073237508,-0.1751104748489733
1956.694045174538,-0.06080584450299529
1956.6967830253252,0.09246538384297218
1956.6995208761123,0.23049467776011273
1956.7022587268993,0.29757930459570137
1956.7049965776864,0.26391437680565105
1956.7077344284737,0.13976514109164584
1956.7104722792608,-0.02886283096134664
1956.7132101300479,-0.17907430395691568
1956.7159479808352,-0.255817094928349
1956.7186858316222,-0.2329770876282479
1956.7214236824093,-0.12245489458508696
1956.7241615331964,0.03327807276490545
1956.7268993839837,0.18207353627057984
1956.7296372347707,0.28525075985682036
1956.7323750855578,0.3297620919030565
1956.7351129363449,0.32378378389786716
1956.7378507871322,0.2824199343354527
1956.7405886379192,0.21663947693326727
1956.7433264887063,0.1331731483262667
1956.7460643394934,0.041156002295538285
1956.7488021902807,-0.04520191953815728
1956.7515400410678,-0.11308267086956718
1956.7542778918548,-0.16018670295192644
1956.7570157426421,-0.19507952575367057
1956.7597535934292,-0.22529522160730145
1956.7624914442163,-0.2432689353359224
1956.7652292950033,-0.22521524670680476
1956.7679671457906,-0.1481735395915184
1956.7707049965777,-0.013796066227727687
1956.7734428473648,0.14063440154375068
1956.7761806981518,0.2551839722076636
1956.7789185489391,0.2776846942477784
1956.7816563997262,0.1924789748788658
1956.7843942505133,0.030215718740545933
1956.7871321013006,-0.1456843853656248
1956.7898699520877,-0.2670875792601433
1956.7926078028747,-0.28940916228875474
1956.7953456536618,-0.20814994013057403
1956.798083504449,-0.05791640663967262
1956.8008213552362,0.10496913621338665
1956.8035592060232,0.2283723176823634
1956.8062970568103,0.2860661973219868
1956.8090349075976,0.2837203881802835
1956.8117727583847,0.24664745178203198
1956.8145106091717,0.19895211729884166
1956.817248459959,0.1494631804226627
1956.8199863107461,0.09340783145270919
1956.8227241615332,0.025108747283218068
1956.8254620123203,-0.05173339603217014
1956.8281998631076,-0.12534558520225372
1956.8309377138946,-0.1852362936503874
1956.8336755646817,-0.2279197708019631
1956.8364134154688,-0.25218434647548305
1956.839151266256,-0.24984002411146597
1956.8418891170431,-0.2048566888408633
1956.8446269678302,-0.10673564730440352
1956.8473648186173,0.03108845487937694
1956.8501026694046,0.1652365901237613
1956.8528405201916,0.23862218637344146
1956.8555783709787,0.21126527226380828
1956.858316221766,0.08561999020136019
1956.861054072553,-0.09061608241646225
1956.8637919233402,-0.24603631631814124
1956.8665297741272,-0.3183491159966366
1956.8692676249145,-0.2808992092707101
1956.8720054757016,-0.15135417781799382
1956.8747433264887,0.019002954478594018
1956.8774811772757,0.1690341235877179
1956.880219028063,0.2539588544463706
1956.88295687885,0.26245479046858766
1956.8856947296372,0.2163840939872659
1956.8884325804245,0.1533529346735794
1956.8911704312115,0.10270286794532396
1956.8939082819986,0.07035740928907026
1956.8966461327857,0.04181991320696428
1956.899383983573,-0.0010057601219957794
1956.90212183436,-0.0635824203920059
1956.9048596851471,-0.13520624120446897
1956.9075975359342,-0.19794766558243496
1956.9103353867215,-0.2373339185486168
1956.9130732375086,-0.2452005478411986
1956.9158110882956,-0.21582657343205697
1956.9185489390827,-0.14475116259291196
1956.92128678987,-0.03627959731570975
1956.924024640657,0.0860814789460842
1956.9267624914442,0.17942398294529735
1956.9295003422314,0.19863414687259287
1956.9322381930185,0.12302838675844534
1956.9349760438056,-0.025932066021969298
1956.9377138945927,-0.18992155364534358
1956.94045174538,-0.30039828811544145
1956.943189596167,-0.3108555920475762
1956.945927446954,-0.21678418344507272
1956.9486652977412,-0.05479978270363785
1956.9514031485285,0.11563295594699911
1956.9541409993155,0.23767058138383937
1956.9568788501026,0.2790647268743145
1956.95961670089,0.24259777866308843
1956.962354551677,0.16088099651303478
1956.965092402464,0.0773886278414689
1956.9678302532511,0.02298744249772276
1956.9705681040384,0.0013316349274250378
1956.9733059548255,-0.007864134093981071
1956.9760438056126,-0.030508336694905408
1956.9787816563996,-0.07829715121550201
1956.981519507187,-0.14120031163160113
1956.984257357974,-0.19550779037521668
1956.986995208761,-0.21864330217695507
1956.9897330595481,-0.1991014683350491
1956.9924709103354,-0.1375187945877242
1956.9952087611225,-0.0440325011282974
1956.9979466119096,0.06194976260228119
1957.0006844626969,0.15072883839057963
1957.003422313484,0.18735353471593394
1957.006160164271,0.14664925225049644
1957.008898015058,0.031380617386673776
1957.0116358658454,-0.12048764039349305
1957.0143737166325,-0.2485025009894941
1957.0171115674195,-0.2973978770467874
1957.0198494182066,-0.2435024122266605
1957.022587268994,-0.10466723453018309
1957.025325119781,0.06998891353283822
1957.028062970568,0.2223729615567952
1957.0308008213553,0.30773525383987393
1957.0335386721424,0.3087951718726624
1957.0362765229295,0.23884762774628854
1957.0390143737166,0.13398241988174986
1957.0417522245039,0.03651895665287947
1957.044490075291,-0.02452911221185063
1957.047227926078,-0.0462895948808799
1957.049965776865,-0.049786289072244326
1957.0527036276524,-0.06292891067121313
1957.0554414784394,-0.09972793407837499
1957.0581793292265,-0.15009087117168454
1957.0609171800138,-0.18673700765454096
1957.0636550308009,-0.18301057813339836
1957.066392881588,-0.12855756753231237
1957.069130732375,-0.03398900053688677
1957.0718685831623,0.0745960899782859
1957.0746064339494,0.16468711081532342
1957.0773442847365,0.20576634895407622
1957.0800821355235,0.17776943118932909
1957.0828199863108,0.08061955860257919
1957.085557837098,-0.0592590245919588
1957.088295687885,-0.19306213532758001
1957.091033538672,-0.26742900956228843
1957.0937713894593,-0.24859858895301395
1957.0965092402464,-0.13873452680977524
1957.0992470910335,0.025698967731720243
1957.1019849418208,0.19160312350287667
1957.1047227926078,0.3113348295760384
1957.107460643395,0.3577195668809233
1957.110198494182,0.32822322135134036
1957.1129363449693,0.24136970815402436
1957.1156741957564,0.1291204180540727
1957.1184120465434,0.026118604081494492
1957.1211498973305,-0.04332044052797902
1957.1238877481178,-0.07548701362181906
1957.1266255989049,-0.08723473906838344
1957.129363449692,-0.102741125304191
1957.1321013004792,-0.13433676788915835
1957.1348391512663,-0.17114975312281358
1957.1375770020534,-0.18486324474396787
1957.1403148528404,-0.14914987650396572
1957.1430527036277,-0.0590497250492962
1957.1457905544148,0.06269661039648215
1957.148528405202,0.17513079420561206
1957.151266255989,0.23694215853659498
1957.1540041067763,0.22278008802882893
1957.1567419575633,0.13244947372662738
1957.1594798083504,-0.007851170851697408
1957.1622176591375,-0.1520418865464456
1957.1649555099248,-0.24847587332996363
1957.1676933607118,-0.25933648444536006
1957.170431211499,-0.17713063690062192
1957.1731690622862,-0.02849480717764683
1957.1759069130733,0.13832174338844497
1957.1786447638603,0.2752318705345109
1957.1813826146474,0.352176195696988
1957.1841204654347,0.3621598375335651
1957.1868583162218,0.31513424785571326
1957.1895961670089,0.22933898121854576
1957.192334017796,0.12627832192512697
1957.1950718685832,0.02800111788604148
1957.1978097193703,-0.04794718804334071
1957.2005475701574,-0.09584666857711681
1957.2032854209447,-0.1247065589807011
1957.2060232717317,-0.15053760201836516
1957.2087611225188,-0.18093236402600194
1957.2114989733059,-0.20409318280763605
1957.2142368240932,-0.193478228081612
1957.2169746748802,-0.1272440425516397
1957.2197125256673,-0.008819338394555214
1957.2224503764544,0.12717025055757683
1957.2251882272417,0.22888792871298091
1957.2279260780288,0.25246702522188647
1957.2306639288158,0.18335334595931194
1957.233401779603,0.04324489114804883
1957.2361396303902,-0.1185761045894917
1957.2388774811773,-0.24399815857776602
1957.2416153319643,-0.28749718472411634
1957.2443531827516,-0.23306489908137762
1957.2470910335387,-0.10011359673526987
1957.2498288843258,0.06543405301355526
1957.2525667351129,0.21192572830975212
1957.2553045859001,0.3039588775793051
1957.2580424366872,0.3330303989788781
1957.2607802874743,0.31189788958079856
1957.2635181382614,0.25955346536445045
1957.2662559890487,0.18960301219241402
1957.2689938398357,0.10939440095699815
1957.2717316906228,0.02596533901992702
1957.27446954141,-0.050900994575901054
1957.2772073921972,-0.11297588836002102
1957.2799452429842,-0.15959617372066695
1957.2826830937713,-0.19628258776655785
1957.2854209445586,-0.22455302303805993
1957.2881587953457,-0.23260852333900098
1957.2908966461328,-0.19879057122719118
1957.2936344969198,-0.10919670707293194
1957.2963723477071,0.023237439490042328
1957.2991101984942,0.15500916868111972
1957.3018480492813,0.2300177113126309
1957.3045859000686,0.20918958836225807
1957.3073237508556,0.09305430969070888
1957.3100616016427,-0.076217669875726
1957.3127994524298,-0.2333435582860498
1957.315537303217,-0.31803434027598376
1957.3182751540041,-0.2991205345612725
1957.3210130047912,-0.18531153775024795
1957.3237508555783,-0.019417167809204387
1957.3264887063656,0.14121078954189464
1957.3292265571527,0.249691700154959
1957.3319644079397,0.2881112335715847
1957.3347022587268,0.2696019091390426
1957.337440109514,0.223415193459881
1957.3401779603012,0.17375407202542004
1957.3429158110882,0.12732094017035261
1957.3456536618755,0.07694276279185873
1957.3483915126626,0.015162407125641642
1957.3511293634497,-0.05566859165150242
1957.3538672142367,-0.12487061339574833
1957.356605065024,-0.18216080997283723
1957.359342915811,-0.22256935740375153
1957.3620807665982,-0.2422171865839521
1957.3648186173853,-0.23146508901382826
1957.3675564681726,-0.1768237978710073
1957.3702943189596,-0.07476385026397664
1957.3730321697467,0.05322619148723993
1957.375770020534,0.16021567172100643
1957.378507871321,0.19412620177978723
1957.3812457221081,0.1278602014836414
1957.3839835728952,-0.020941603099014213
1957.3867214236825,-0.19444768314694338
1957.3894592744696,-0.3211623633219615
1957.3921971252566,-0.348840005968291
1957.3949349760437,-0.26648998738487584
1957.397672826831,-0.10640382044275909
1957.400410677618,0.07229390991356818
1957.4031485284052,0.20990514638747543
1957.4058863791922,0.2707624305255276
1957.4086242299795,0.2554815501752566
1957.4113620807666,0.19499687661830642
1957.4140999315537,0.1295186444793252
1957.416837782341,0.08483000239261357
1957.419575633128,0.060763789746039173
1957.422313483915,0.03845535867031105
1957.4250513347022,-0.0008169433843752717
1957.4277891854895,-0.060485978812739746
1957.4305270362765,-0.1277653354326529
1957.4332648870636,-0.18429375493159833
1957.4360027378507,-0.216592764802448
1957.438740588638,-0.21780732878873166
1957.441478439425,-0.18353860305857114
1957.4442162902121,-0.11152031733265272
1957.4469541409994,-0.009691591905087019
1957.4496919917865,0.0947742451150606
1957.4524298425736,0.1585187345424795
1957.4551676933606,0.14196818745015438
1957.457905544148,0.03555925133789837
1957.460643394935,-0.12686271570090885
1957.463381245722,-0.2794432958254225
1957.4661190965091,-0.3553517095716867
1957.4688569472964,-0.31908728857921453
1957.4715947980835,-0.18203895654819394
1957.4743326488706,0.005084964008894324
1957.4770704996577,0.17639739594684514
1957.479808350445,0.2787014125453123
1957.482546201232,0.2912948032314144
1957.485284052019,0.2306135323146755
1957.4880219028064,0.13843508635324764
1957.4907597535935,0.05902524106675569
1957.4934976043805,0.016683262976073907
1957.4962354551676,0.006299263916721667
1957.498973305955,0.0024376672698928955
1957.501711156742,-0.019785262347532143
1957.504449007529,-0.06697992170014462
1957.5071868583161,-0.1246842749011505
1957.5099247091034,-0.16893926154927544
1957.5126625598905,-0.18105532389783163
1957.5154004106776,-0.15466762193680822
1957.5181382614649,-0.09388393257621243
1957.520876112252,-0.009812128626398707
1957.523613963039,0.07868571708998201
1957.526351813826,0.14312032344450915
1957.5290896646134,0.15103973800358422
1957.5318275154004,0.0824311952643056
1957.5345653661875,-0.05206200341712215
1957.5373032169746,-0.20642723838303553
1957.5400410677619,-0.3162094092514902
1957.542778918549,-0.32945569951638015
1957.545516769336,-0.23308380917319924
1957.5482546201233,-0.05900223825408381
1957.5509924709104,0.13202982653180023
1957.5537303216975,0.2778421134352549
1957.5564681724845,0.33905170102420135
1957.5592060232718,0.31070352231102755
1957.561943874059,0.21946205562399776
1957.564681724846,0.1093236775764235
1957.567419575633,0.021505971491498153
1957.5701574264203,-0.023453871683465414
1957.5728952772074,-0.03258989253124324
1957.5756331279945,-0.03184038126054535
1957.5783709787815,-0.046495707706972964
1957.5811088295688,-0.08341538817599639
1957.583846680356,-0.12696186120313396
1957.586584531143,-0.15050980664784772
1957.5893223819303,-0.13402406251192872
1957.5920602327174,-0.07525184590931407
1957.5947980835044,0.010667809015541709
1957.5975359342915,0.0987366070082821
1957.6002737850788,0.16153735616277606
1957.6030116358659,0.17450796416797368
1957.605749486653,0.12246490535412939
1957.60848733744,0.009185526697658585
1957.6112251882273,-0.1354136580074083
1957.6139630390144,-0.25987546542949225
1957.6167008898015,-0.31090955030965955
1957.6194387405887,-0.2593443030149173
1957.6221765913758,-0.1162764989904503
1957.624914442163,0.07135899950239395
1957.62765229295,0.2427917585208597
1957.6303901437373,0.3492090649556553
1957.6331279945243,0.36981706640819884
1957.6358658453114,0.3135355880565545
1957.6386036960985,0.21022976285414624
1957.6413415468858,0.09761001268828444
1957.6440793976728,0.007755672338277651
1957.64681724846,-0.043934982944626194
1957.649555099247,-0.06321500031693296
1957.6522929500343,-0.0709006495565866
1957.6550308008214,-0.08753531616697516
1957.6577686516084,-0.11770699427444989
1957.6605065023957,-0.1453041297549497
1957.6632443531828,-0.1440729542156965
1957.6659822039699,-0.09639189500366498
1957.668720054757,-0.007028605401794338
1957.6714579055442,0.09692773199475689
1957.6741957563313,0.17824970144842725
1957.6769336071184,0.20505564745534405
1957.6796714579054,0.16200635403666755
1957.6824093086927,0.05537138539906236
1957.6851471594798,-0.08679770339193621
1957.6878850102669,-0.21985355223705846
1957.6906228610542,-0.29523607101805727
1957.6933607118413,-0.27929085351850624
1957.6960985626283,-0.16992447039913822
1957.6988364134154,-9.69516970701495e-05
1957.7015742642027,0.1762096299743622
1957.7043121149898,0.30803193837088005
1957.7070499657768,0.3670602686348535
1957.709787816564,0.35275256866353544
1957.7125256673512,0.28412912795940815
1957.7152635181383,0.18742722673927592
1957.7180013689253,0.08737653675611684
1957.7207392197124,0.0028466914445212863
1957.7234770704997,-0.05636125622533538
1957.7262149212868,-0.09210948092729593
1957.7289527720739,-0.11602655211910214
1957.7316906228612,-0.14035603516104864
1957.7344284736482,-0.16592576345986193
1957.7371663244353,-0.17723781352222914
1957.7399041752224,-0.15133575087668402
1957.7426420260097,-0.07612554777457768
1957.7453798767967,0.0351127556931676
1957.7481177275838,0.14462196994252632
1957.7508555783709,0.20694644976499524
1957.7535934291582,0.19109163989407202
1957.7563312799452,0.09534665630312589
1957.7590691307323,-0.05148069697678465
1957.7618069815196,-0.2006071000772678
1957.7645448323067,-0.3001004046520803
1957.7672826830938,-0.31278146285206243
1957.7700205338808,-0.23028910459940924
1957.7727583846681,-0.07758386968170265
1957.7754962354552,0.09635493450130075
1957.7782340862423,0.23937428261474067
1957.7809719370293,0.3180717223728443
1957.7837097878166,0.32808947857094456
1957.7864476386037,0.28764047264495435
1957.7891854893908,0.22116907207321318
1957.791923340178,0.14611861959408104
1957.7946611909651,0.0705972867432178
1957.7973990417522,-0.0011856785372384084
1957.8001368925393,-0.06463970753354548
1957.8028747433266,-0.11622990293482956
1957.8056125941137,-0.1565341212031518
1957.8083504449007,-0.18811212356590112
1957.8110882956878,-0.20796012170745418
1957.813826146475,-0.20280888667594615
1957.8165639972622,-0.1556743531512155
1957.8193018480492,-0.06208252704570833
1957.8220396988363,0.05652612686261981
1957.8247775496236,0.15538954833212776
1957.8275154004107,0.18685077119329305
1957.8302532511977,0.12662395284088304
1957.832991101985,-0.010761052525777148
1957.8357289527721,-0.17642237311585016
1957.8384668035592,-0.307982987786353
1957.8412046543463,-0.3552919502137075
1957.8439425051336,-0.2995922618005066
1957.8466803559206,-0.15958085710101888
1957.8494182067077,0.017045989859937265
1957.8521560574948,0.17350526507949918
1957.854893908282,0.2675386042107202
1957.8576317590691,0.2875748875637504
1957.8603696098562,0.252447662127967
1957.8631074606435,0.19493828622703296
1957.8658453114306,0.14036661048130805
1957.8685831622176,0.09487599029548344
1957.8713210130047,0.04993870778938687
1957.874058863792,-0.003614044691321306
1957.876796714579,-0.06530455151848254
1957.8795345653662,-0.12595292549287812
1957.8822724161532,-0.1755178417952049
1957.8850102669405,-0.20772526498070248
1957.8877481177276,-0.21715186302014322
1957.8904859685147,-0.19491307355441007
1957.8932238193017,-0.1323093161655777
1957.895961670089,-0.033363337311581046
1957.898699520876,0.07458287845128565
1957.9014373716632,0.14547605992943713
1957.9041752224505,0.1367086150715172
1957.9069130732375,0.03598731161996121
1957.9096509240246,-0.12577268649521137
1957.9123887748117,-0.28546465109053976
1957.915126625599,-0.3767293486688761
1957.917864476386,-0.3602281554342853
1957.9206023271731,-0.23982699228194315
1957.9233401779602,-0.058730521735614764
1957.9260780287475,0.12047138475720034
1957.9288158795346,0.24223949464479438
1957.9315537303216,0.2799705675151406
1957.934291581109,0.24398020768248602
1957.937029431896,0.17156428680628938
1957.939767282683,0.1040454923431267
1957.9425051334701,0.06401818384187466
1957.9452429842574,0.04680327439949425
1957.9479808350445,0.030648343278582582
1957.9507186858316,-0.0033639280434085914
1957.9534565366187,-0.057237908513562
1957.956194387406,-0.11697102193367072
1957.958932238193,-0.16420395183845699
1957.96167008898,-0.1864868825262281
1957.9644079397672,-0.1785730014353562
1957.9671457905545,-0.13845486168910676
1957.9698836413415,-0.0675047831668089
1957.9726214921286,0.022126805517614784
1957.975359342916,0.10103319063876172
1957.978097193703,0.12878615167751584
1957.98083504449,0.07508540158771969
1957.9835728952771,-0.056699855192332546
1957.9863107460644,-0.22190525047675505
1957.9890485968515,-0.35164950217149815
1957.9917864476386,-0.3860377857183073
1957.9945242984256,-0.30380735016879684
1957.997262149213,-0.1318539714998773
1958.0,0.06867423492911921
1958.002737850787,0.2303207819088012
1958.0054757015744,0.307078827109427
1958.0082135523614,0.29049186116337633
1958.0109514031485,0.20870716534659312
1958.0136892539356,0.10971812267731994
1958.0164271047229,0.03655700973574072
1958.01916495551,0.006867208857199429
1958.021902806297,0.008184032715160149
1958.024640657084,0.011422464248785532
1958.0273785078714,-0.006946324442987036
1958.0301163586585,-0.04949902726918166
1958.0328542094455,-0.09890312306311752
1958.0355920602328,-0.131878563563466
1958.03832991102,-0.1334644265170638
1958.041067761807,-0.10172103318768815
1958.043805612594,-0.04386295486422993
1958.0465434633813,0.027696751454734703
1958.0492813141684,0.09423212185001292
1958.0520191649555,0.12904828146585234
1958.0547570157426,0.10423497271084847
1958.0574948665299,0.007633938306358832
1958.060232717317,-0.14062315548355772
1958.062970568104,-0.2874309777168298
1958.065708418891,-0.3679339150001924
1958.0684462696784,-0.3381643595720899
1958.0711841204654,-0.19899378102405996
1958.0739219712525,0.0033231525944825402
1958.0766598220398,0.19928413463881037
1958.0793976728269,0.32713689896054154
1958.082135523614,0.3566345764513263
1958.084873374401,0.29648512465449206
1958.0876112251883,0.18546300425120513
1958.0903490759754,0.07294192222991511
1958.0930869267625,-0.002903242319752636
1958.0958247775495,-0.030220761333421914
1958.0985626283368,-0.024703304044277945
1958.101300479124,-0.015881560755763278
1958.104038329911,-0.02642032938080833
1958.1067761806983,-0.05766102523909804
1958.1095140314853,-0.09070741084801269
1958.1122518822724,-0.10100902112115125
1958.1149897330595,-0.07482313877453116
1958.1177275838468,-0.016320712910951805
1958.1204654346338,0.0565765397883687
1958.123203285421,0.12069860381328787
1958.125941136208,0.1533962035918315
1958.1286789869953,0.1356266645777682
1958.1314168377824,0.05754556121615842
1958.1341546885694,-0.0717654406571098
1958.1368925393565,-0.21747227264961044
1958.1396303901438,-0.32545425334297506
1958.1423682409309,-0.3445480780115264
1958.145106091718,-0.2535877069849161
1958.1478439425052,-0.07565052765810851
1958.1505817932923,0.13086140280556186
1958.1533196440794,0.2991350848053816
1958.1560574948664,0.38255104746592705
1958.1587953456537,0.36999267680838643
1958.1615331964408,0.2834596394420988
1958.1642710472279,0.16365171712774687
1958.167008898015,0.052263707634068186
1958.1697467488023,-0.022682365501407422
1958.1724845995893,-0.054848684596649426
1958.1752224503764,-0.058386261098076334
1958.1779603011637,-0.05703141544340687
1958.1806981519508,-0.06801879654633533
1958.1834360027378,-0.09023534805151645
1958.186173853525,-0.1050462123858414
1958.1889117043122,-0.08990313651387727
1958.1916495550993,-0.03528338062472579
1958.1943874058863,0.04687325882212881
1958.1971252566734,0.12804265991263533
1958.1998631074607,0.17626740938141533
1958.2026009582478,0.1686080213130087
1958.2053388090349,0.0980249939598665
1958.208076659822,-0.024154043123892556
1958.2108145106092,-0.16807546119875644
1958.2135523613963,-0.2893986374701956
1958.2162902121834,-0.34151886782330854
1958.2190280629707,-0.2950003653724836
1958.2217659137577,-0.15467721024540446
1958.2245037645448,0.038010160167145
1958.2272416153319,0.22192797689099097
1958.2299794661192,0.3435004367033447
1958.2327173169062,0.37800991655231414
1958.2354551676933,0.3337309273455753
1958.2381930184804,0.24034794967918066
1958.2409308692677,0.1322494781801325
1958.2436687200548,0.036446532296533836
1958.2464065708418,-0.03237575328706239
1958.2491444216291,-0.0723350554982371
1958.2518822724162,-0.09221155328971072
1958.2546201232033,-0.10568359618211311
1958.2573579739903,-0.12188242645249896
1958.2600958247776,-0.13705349085519195
1958.2628336755647,-0.13470031286573556
1958.2655715263518,-0.09689114321061211
1958.2683093771388,-0.020163936480345913
1958.2710472279261,0.0757695392062696
1958.2737850787132,0.15392976902347663
1958.2765229295003,0.17740159760251098
1958.2792607802876,0.1272885692806094
1958.2819986310747,0.011651624022521106
1958.2847364818617,-0.1369952874660434
1958.2874743326488,-0.27215754519454316
1958.290212183436,-0.3475540569347306
1958.2929500342232,-0.3323226354963777
1958.2956878850102,-0.22381989918668466
1958.2984257357973,-0.051959437847667385
1958.3011635865846,0.1303503449307865
1958.3039014373717,0.26900010829638255
1958.3066392881587,0.3317212682727645
1958.3093771389458,0.3186705767802849
1958.3121149897331,0.25487619234182907
1958.3148528405202,0.17171942391347567
1958.3175906913073,0.09126515514942515
1958.3203285420946,0.022247533465428872
1958.3230663928816,-0.0345517918809114
1958.3258042436687,-0.08015485756101157
1958.3285420944558,-0.11576758694118257
1958.331279945243,-0.1433845025474819
1958.3340177960301,-0.16367370480116816
1958.3367556468172,-0.17127373626190437
1958.3394934976043,-0.15381609896577453
1958.3422313483916,-0.09993740255142664
1958.3449691991786,-0.012857813335658008
1958.3477070499657,0.08166243588302705
1958.350444900753,0.14233347265481752
1958.35318275154,0.13266220822971203
1958.3559206023272,0.04224997072039177
1958.3586584531142,-0.10448328463331322
1958.3613963039015,-0.2570577171736646
1958.3641341546886,-0.35947860740393345
1958.3668720054757,-0.3720613843157251
1958.3696098562627,-0.2860082636987061
1958.37234770705,-0.12656157005858154
1958.375085557837,0.05613723077351501
1958.3778234086242,0.20628484282645984
1958.3805612594113,0.28496897438987984
1958.3832991101985,0.28526175152175054
1958.3860369609856,0.23084618296295895
1958.3887748117727,0.15854747435997268
1958.39151266256,0.09625953568341211
1958.394250513347,0.05103179243500182
1958.3969883641341,0.013689715944238935
1958.3997262149212,-0.026848144299303878
1958.4024640657085,-0.07271784483517067
1958.4052019164956,-0.11712238722281137
1958.4079397672826,-0.15129118571501515
1958.4106776180697,-0.16914595309547176
1958.413415468857,-0.16577526216832197
1958.416153319644,-0.13498021634979726
1958.4188911704312,-0.07332026257777752
1958.4216290212185,0.009739837540263606
1958.4243668720055,0.08553534565466572
1958.4271047227926,0.11404831975348062
1958.4298425735797,0.06530742811721545
1958.432580424367,-0.058889003069325374
1958.435318275154,-0.2188286717598188
1958.438056125941,-0.3521991264357342
1958.4407939767282,-0.402440449986442
1958.4435318275155,-0.34427227675541844
1958.4462696783025,-0.19395459443892102
1958.4490075290896,-0.0012942131533935676
1958.4517453798767,0.17136210504064656
1958.454483230664,0.2740238644519086
1958.457221081451,0.28806416696222503
1958.4599589322381,0.2311721590806039
1958.4626967830254,0.14516389959372808
1958.4654346338125,0.07226717437317574
1958.4681724845996,0.03330749289033491
1958.4709103353866,0.0211573594119061
1958.473648186174,0.012663668409865214
1958.476386036961,-0.011067778875222145
1958.479123887748,-0.051551426221698324
1958.4818617385351,-0.0950850410004165
1958.4845995893224,-0.12493646368355027
1958.4873374401095,-0.1313359969793752
1958.4900752908966,-0.11235634013752274
1958.4928131416839,-0.06978760760909897
1958.495550992471,-0.008824538115821089
1958.498288843258,0.05613519103837279
1958.501026694045,0.0975737646005212
1958.5037645448324,0.08285218426129327
1958.5065023956195,-0.005821760409866821
1958.5092402464065,-0.15248778387326992
1958.5119780971936,-0.30579754929842284
1958.514715947981,-0.39991858362590066
1958.517453798768,-0.3869492614204044
1958.520191649555,-0.2615121317784272
1958.5229295003423,-0.06374215279625925
1958.5256673511294,0.13940639772620603
1958.5284052019165,0.2833138341781799
1958.5311430527036,0.33120934875398417
1958.5338809034909,0.2859931029905427
1958.536618754278,0.18480073206780454
1958.539356605065,0.07923510290390917
1958.542094455852,0.01019207197759519
1958.5448323066394,-0.010188709625436608
1958.5475701574264,0.0005465465965750948
1958.5503080082135,0.011569216820087245
1958.5530458590006,0.0011826472846489546
1958.5557837097879,-0.0301754520889659
1958.558521560575,-0.06407947008433888
1958.561259411362,-0.07961620727342358
1958.5639972621493,-0.06678288018726286
1958.5667351129364,-0.028947958401889524
1958.5694729637235,0.0229421127118271
1958.5722108145105,0.07517695479438652
1958.5749486652978,0.11049141678717743
1958.577686516085,0.10689905395333141
1958.580424366872,0.04473514151653812
1958.583162217659,-0.07758604647211886
1958.5859000684463,-0.23048257915182155
1958.5886379192334,-0.3570724807018259
1958.5913757700205,-0.3973872205858878
1958.5941136208078,-0.3201556188653012
1958.5968514715948,-0.14198095036337197
1958.599589322382,0.07849552748782122
1958.602327173169,0.26754801203507694
1958.6050650239563,0.3684979126083187
1958.6078028747434,0.36276038627380625
1958.6105407255304,0.2722115413071845
1958.6132785763175,0.14505144627539407
1958.6160164271048,0.03305871911695686
1958.6187542778919,-0.0301297126507943
1958.621492128679,-0.040756134246202294
1958.624229979466,-0.02127246996811586
1958.6269678302533,-0.0031083138495975535
1958.6297056810404,-0.005996399807355536
1958.6324435318274,-0.026946225017133302
1958.6351813826147,-0.04558759885809466
1958.6379192334018,-0.040709476729698955
1958.640657084189,-0.005093517458067142
1958.643394934976,0.05114263287052874
1958.6461327857633,0.10782066499491859
1958.6488706365503,0.1439046392914837
1958.6516084873374,0.14198177671638024
1958.6543463381245,0.0897311341364844
1958.6570841889118,-0.015431277025489035
1958.6598220396988,-0.15742076402461094
1958.662559890486,-0.29637860676628885
1958.6652977412732,-0.377768107617374
1958.6680355920603,-0.35654252004605624
1958.6707734428473,-0.2234266288754303
1958.6735112936344,-0.01521109687496085
1958.6762491444217,0.1996597919385924
1958.6789869952088,0.3522443478459291
1958.6817248459959,0.4025619211849693
1958.684462696783,0.35204015182303594
1958.6872005475702,0.23595448049521808
1958.6899383983573,0.10380232916702024
1958.6926762491444,-0.0014474956292104789
1958.6954140999314,-0.057571595995473096
1958.6981519507187,-0.06734825382568876
1958.7008898015058,-0.05225439737164263
1958.7036276522929,-0.038060541700464176
1958.7063655030802,-0.03904461531375561
1958.7091033538672,-0.04997725701749892
1958.7118412046543,-0.051464139572616405
1958.7145790554414,-0.02530996108993411
1958.7173169062287,0.03092611565421747
1958.7200547570158,0.10021024393135841
1958.7227926078028,0.1544606413666698
1958.72553045859,0.1677242789781197
1958.7282683093772,0.1256371914494134
1958.7310061601643,0.028838598144115636
1958.7337440109513,-0.1063490990711053
1958.7364818617386,-0.24776620002701796
1958.7392197125257,-0.35113832872531736
1958.7419575633128,-0.3727821639351978
1958.7446954140999,-0.2898154293125148
1958.7474332648871,-0.11676098365287135
1958.7501711156742,0.0947985928848669
1958.7529089664613,0.2771301270669016
1958.7556468172484,0.376756588540522
1958.7583846680357,0.37619284933085234
1958.7611225188227,0.29542599105088024
1958.7638603696098,0.1758118830754383
1958.766598220397,0.05899178282982409
1958.7693360711842,-0.027561838890900636
1958.7720739219712,-0.07484233347519177
1958.7748117727583,-0.08939642359487526
1958.7775496235456,-0.08677488669259191
1958.7802874743327,-0.08286619155503609
1958.7830253251198,-0.08490933814662108
1958.7857631759068,-0.08664855141880383
1958.7885010266941,-0.07235456152448787
1958.7912388774812,-0.029196974640017234
1958.7939767282683,0.039783624256064035
1958.7967145790553,0.11191793069532553
1958.7994524298426,0.1540479077767936
1958.8021902806297,0.1388803278379663
1958.8049281314168,0.05845215344830017
1958.807665982204,-0.07174332782876855
1958.8104038329911,-0.21742193913035446
1958.8131416837782,-0.33495869949400253
1958.8158795345653,-0.38319289630480824
1958.8186173853526,-0.3370074918144697
1958.8213552361397,-0.19981910157527152
1958.8240930869267,-0.007827617966535251
1958.8268309377138,0.18064492962632145
1958.829568788501,0.3090097089190211
1958.8323066392882,0.3471528776910543
1958.8350444900752,0.3019738967447428
1958.8377823408625,0.20774180247628532
1958.8405201916496,0.10437225515092019
1958.8432580424367,0.018880502308573972
1958.8459958932237,-0.04000992923297955
1958.848733744011,-0.07585666625245105
1958.851471594798,-0.09599724361055949
1958.8542094455852,-0.10697782529454561
1958.8569472963723,-0.11325506620204376
1958.8596851471596,-0.11548603542131064
1958.8624229979466,-0.10829314745683254
1958.8651608487337,-0.08182017169211016
1958.8678986995208,-0.02988344994643267
1958.870636550308,0.03953131493420488
1958.8733744010951,0.10072434150191392
1958.8761122518822,0.11960341899485602
1958.8788501026695,0.07196519440153781
1958.8815879534566,-0.04071431547797585
1958.8843258042436,-0.18804287475575382
1958.8870636550307,-0.32155497119340576
1958.889801505818,-0.3931537316196011
1958.892539356605,-0.372700608028739
1958.8952772073922,-0.25912366602742887
1958.8980150581792,-0.08233757954560787
1958.9007529089665,0.10548242735438905
1958.9034907597536,0.24851536150843892
1958.9062286105407,0.3097586377162826
1958.908966461328,0.2861788448773454
1958.911704312115,0.20681339298807624
1958.914442162902,0.114048994409849
1958.9171800136892,0.04011544058382596
1958.9199178644765,-0.005787555709282022
1958.9226557152635,-0.03309908764377614
1958.9253935660506,-0.05517601967359542
1958.9281314168377,-0.07758665570895955
1958.930869267625,-0.09707039504571469
1958.933607118412,-0.10773127273430319
1958.9363449691991,-0.10578404147155154
1958.9390828199862,-0.08896287967747124
1958.9418206707735,-0.054877436450723155
1958.9445585215606,-0.004337068319139013
1958.9472963723476,0.051200133331633396
1958.950034223135,0.08653313126343738
1958.952772073922,0.07158857842153789
1958.955509924709,-0.010078862994993007
1958.9582477754961,-0.14541975105818988
1958.9609856262834,-0.2911955962949498
1958.9637234770705,-0.39095165835886986
1958.9664613278576,-0.40033066217886576
1958.9691991786447,-0.3069685922795776
1958.971937029432,-0.1358841976391595
1958.974674880219,0.06044863039027276
1958.977412731006,0.2221801662615594
1958.9801505817934,0.30471159018954475
1958.9828884325805,0.29551724552510505
1958.9856262833675,0.21754226658322928
1958.9883641341546,0.11607618077286627
1958.991101984942,0.03475166843249844
1958.993839835729,-0.005784262507597197
1958.996577686516,-0.013390022911232088
1958.9993155373031,-0.011638699953860236
1959.0020533880904,-0.019515798951688465
1959.0047912388775,-0.03910276749158543
1959.0075290896646,-0.05862799069516626
1959.0102669404519,-0.06488395743540162
1959.013004791239,-0.052702622369918434
1959.015742642026,-0.024997816502842683
1959.018480492813,0.01227417064002207
1959.0212183436004,0.05167809007011666
1959.0239561943874,0.08026582553984918
1959.0266940451745,0.077183619782183
1959.0294318959616,0.02134410493498784
1959.0321697467489,-0.09191624839608442
1959.034907597536,-0.23739427912840372
1959.037645448323,-0.36316227879344853
1959.04038329911,-0.4125238887099435
1959.0431211498974,-0.3527927040262808
1959.0458590006845,-0.1934863557972386
1959.0485968514715,0.01639352274298219
1959.0513347022588,0.20943254666825284
1959.054072553046,0.3276038300660689
1959.056810403833,0.3441661193086078
1959.05954825462,0.27155040103865646
1959.0622861054073,0.15302917548173084
1959.0650239561944,0.041732596087332846
1959.0677618069815,-0.023878802339557914
1959.0704996577686,-0.03585663995507668
1959.0732375085558,-0.014963777801688368
1959.075975359343,0.007431307252546035
1959.07871321013,0.011325094269370678
1959.0814510609173,-0.0012152229568702794
1959.0841889117044,-0.012683772359197855
1959.0869267624914,-0.006507688456323034
1959.0896646132785,0.020857442518278813
1959.0924024640658,0.05998811709727423
1959.0951403148529,0.09656881149304805
1959.09787816564,0.11748478943375619
1959.100616016427,0.11042239568207138
1959.1033538672143,0.06238936640999771
1959.1060917180014,-0.03467503013477654
1959.1088295687885,-0.1712641954286167
1959.1115674195755,-0.3115755961442311
1959.1143052703628,-0.4010033888823789
1959.11704312115,-0.39079516423133565
1959.119780971937,-0.26609140919255264
1959.1225188227243,-0.058680260740312955
1959.1252566735113,0.1647314296539259
1959.1279945242984,0.3320056531817916
1959.1307323750855,0.39608111376472127
1959.1334702258728,0.35154620151187665
1959.1362080766598,0.23192655265213266
1959.138945927447,0.09180480342856254
1959.141683778234,-0.017221713525330643
1959.1444216290213,-0.06686164317230119
1959.1471594798084,-0.06043349359030427
1959.1498973305954,-0.02535558076672474
1959.1526351813827,0.00624054776007529
1959.1553730321698,0.017317945082621647
1959.1581108829569,0.013633746986672161
1959.160848733744,0.014949653916650662
1959.1635865845312,0.03743675037397736
1959.1663244353183,0.0809522605163858
1959.1690622861054,0.12948294512972952
1959.1718001368924,0.1614326043435617
1959.1745379876797,0.15957823934469473
1959.1772758384668,0.11433260681409721
1959.1800136892539,0.023224069307498745
1959.182751540041,-0.10650362129922887
1959.1854893908283,-0.25123678770566343
1959.1882272416153,-0.36855274116166614
1959.1909650924024,-0.40848697211656204
1959.1937029431897,-0.337669059891051
1959.1964407939768,-0.16230408829804477
1959.1991786447638,0.06720567739458615
1959.201916495551,0.2760652172443908
1959.2046543463382,0.39861761389144523
1959.2073921971253,0.4060881514619308
1959.2101300479123,0.31429785575111197
1959.2128678986994,0.1706511588497926
1959.2156057494867,0.030552057731765593
1959.2183436002738,-0.06449901926920494
1959.2210814510609,-0.09926425053908873
1959.2238193018482,-0.0850588386278789
1959.2265571526352,-0.049257013499029445
1959.2292950034223,-0.018697178106478717
1959.2320328542094,-0.005010690142387662
1959.2347707049967,-0.0002801239614190834
1959.2375085557837,0.014010671357778401
1959.2402464065708,0.05080845013482913
1959.2429842573579,0.10567149866145129
1959.2457221081452,0.1574174243362072
1959.2484599589322,0.17950038717573288
1959.2511978097193,0.15292634014985404
1959.2539356605066,0.07289138565470905
1959.2566735112937,-0.05104448576370187
1959.2594113620808,-0.1963197037894706
1959.2621492128678,-0.32806749397170887
1959.2648870636551,-0.4034109661970137
1959.2676249144422,-0.3847569818562997
1959.2703627652293,-0.2596916763824259
1959.2731006160163,-0.05523145844559689
1959.2758384668036,0.1667577979657445
1959.2785763175907,0.334728526347101
1959.2813141683778,0.3997611346659426
1959.2840520191648,0.35566461451998216
1959.2867898699521,0.23607335057161685
1959.2895277207392,0.09332697618561848
1959.2922655715263,-0.026131421853649917
1959.2950034223136,-0.09702076905184741
1959.2977412731007,-0.11757420476357149
1959.3004791238877,-0.10290249787962553
1959.3032169746748,-0.074684851039777
1959.305954825462,-0.050630457701843434
1959.3086926762492,-0.03655752529770497
1959.3114305270362,-0.024778835782332694
1959.3141683778233,-0.0010868178522720185
1959.3169062286106,0.04264533611877587
1959.3196440793977,0.0984952628469809
1959.3223819301847,0.1428727203985563
1959.325119780972,0.1477784404814632
1959.3278576317591,0.0955699369739148
1959.3305954825462,-0.01175761755255075
1959.3333333333333,-0.15236530211391547
1959.3360711841206,-0.2906974884033161
1959.3388090349076,-0.38597972423436416
1959.3415468856947,-0.402357558834763
1959.3442847364818,-0.3215138936091476
1959.347022587269,-0.15474924020657913
1959.3497604380561,0.05381735340248123
1959.3524982888432,0.24021120197490786
1959.3552361396303,0.3470946649691795
1959.3579739904176,0.34968629599016926
1959.3607118412046,0.2648933485935322
1959.3634496919917,0.13817717620096243
1959.366187542779,0.017964037370021512
1959.368925393566,-0.0654239051628745
1959.3716632443532,-0.10551128403708017
1959.3744010951402,-0.11202351265597427
1959.3771389459275,-0.09962627617488617
1959.3798767967146,-0.08069255213791389
1959.3826146475017,-0.06268001746657706
1959.3853524982887,-0.04708350130441481
1959.388090349076,-0.029256137010785846
1959.390828199863,-0.0016359853319284356
1959.3935660506502,0.038591482758947276
1959.3963039014375,0.08180730478848297
1959.3990417522245,0.10556689558497448
1959.4017796030116,0.08464490713542422
1959.4045174537987,0.006363098546795752
1959.407255304586,-0.11871944349201367
1959.409993155373,-0.2575689260927259
1959.4127310061601,-0.36599817793660794
1959.4154688569472,-0.4042808861344991
1959.4182067077345,-0.35098465130063916
1959.4209445585216,-0.21175532166726968
1959.4236824093086,-0.02088205172716214
1959.4264202600957,0.16701003795279395
1959.429158110883,0.2957031093052491
1959.43189596167,0.3305967063904246
1959.4346338124572,0.27416687661915884
1959.4373716632444,0.16302242216808252
1959.4401095140315,0.04699641158872153
1959.4428473648186,-0.03655481994446246
1959.4455852156057,-0.07677801505885304
1959.448323066393,-0.08479829821375698
1959.45106091718,-0.07801726921918149
1959.453798767967,-0.0671500760006252
1959.4565366187542,-0.05405804338399649
1959.4592744695415,-0.03725024792573478
1959.4620123203285,-0.016573549221285372
1959.4647501711156,0.007003020795653046
1959.467488021903,0.03299877141824012
1959.47022587269,0.059223668021947395
1959.472963723477,0.07647345061257091
1959.4757015742641,0.06705766046054969
1959.4784394250514,0.012778273734890072
1959.4811772758385,-0.09060925869118933
1959.4839151266256,-0.2229418513538543
1959.4866529774126,-0.342497199829921
1959.4893908282,-0.4023072609634149
1959.492128678987,-0.37102279373401464
1959.494866529774,-0.24739079168888276
1959.4976043805614,-0.06228330797401488
1959.5003422313484,0.131424782718055
1959.5030800821355,0.27708388266631584
1959.5058179329226,0.33488484405340635
1959.5085557837099,0.2975134757313293
1959.511293634497,0.19297773886308112
1959.514031485284,0.07089647845985358
1959.516769336071,-0.022161056195039035
1959.5195071868584,-0.06427781170688646
1959.5222450376455,-0.06335610904559641
1959.5249828884325,-0.04376110906431154
1959.5277207392196,-0.02589704302794416
1959.530458590007,-0.01436755840920268
1959.533196440794,-0.0015524547013809082
1959.535934291581,0.020095717435677382
1959.5386721423683,0.04953621281176382
1959.5414099931554,0.07855345693972825
1959.5441478439425,0.09834842832557104
1959.5468856947296,0.10256314390762934
1959.5496235455169,0.08431497010270429
1959.552361396304,0.033660978328386264
1959.555099247091,-0.057067064083102914
1959.557837097878,-0.18116310713640585
1959.5605749486654,-0.30914661537338994
1959.5633127994524,-0.39458150055798563
1959.5660506502395,-0.3943329628799478
1959.5687885010268,-0.2918042493992252
1959.5715263518139,-0.10869099758797887
1959.574264202601,0.10171766729994386
1959.577002053388,0.27558814344603216
1959.5797399041753,0.36327371743024917
1959.5824777549624,0.34735139281580923
1959.5852156057495,0.24764788840695648
1959.5879534565365,0.11157735741810544
1959.5906913073238,-0.006923491300611201
1959.593429158111,-0.07106645833955737
1959.596167008898,-0.07548070458109135
1959.598904859685,-0.04267531587574203
1959.6016427104723,-0.004040678140694823
1959.6043805612594,0.0213843104352354
1959.6071184120465,0.03555395623475902
1959.6098562628338,0.05284145863369917
1959.6125941136208,0.08340782410076983
1959.615331964408,0.12297695248197366
1959.618069815195,0.15594033634918342
1959.6208076659823,0.16613096701641053
1959.6235455167694,0.1442414026530018
1959.6262833675564,0.08713732705600105
1959.6290212183435,-0.0054352944353631485
1959.6317590691308,-0.12851736314203038
1959.6344969199179,-0.26363330829429565
1959.637234770705,-0.3740812264744504
1959.6399726214922,-0.4139984238645856
1959.6427104722793,-0.35058958397573614
1959.6454483230664,-0.18623889874151628
1959.6481861738534,0.03544313054814882
1959.6509240246407,0.2454918031955306
1959.6536618754278,0.37883632172829873
1959.6563997262149,0.40089117018913834
1959.659137577002,0.3189348211577316
1959.6618754277893,0.1752846195542376
1959.6646132785763,0.027551499331764852
1959.6673511293634,-0.07501085410812082
1959.6700889801505,-0.10972063434839441
1959.6728268309378,-0.0857551570076968
1959.6755646817248,-0.03389342845222239
1959.678302532512,0.013949022636883242
1959.6810403832992,0.043142451148175616
1959.6837782340863,0.06089441980257135
1959.6865160848733,0.08464707704675478
1959.6892539356604,0.12412010644593621
1959.6919917864477,0.17119136883307898
1959.6947296372348,0.20439414450559806
1959.6974674880219,0.2023333040938733
1959.700205338809,0.15431067121977096
1959.7029431895962,0.061856762882743284
1959.7056810403833,-0.06488497784262291
1959.7084188911704,-0.20805913978243268
1959.7111567419577,-0.3387823342707173
1959.7138945927447,-0.41718382458382547
1959.7166324435318,-0.40409765823149185
1959.7193702943189,-0.2824998724566647
1959.7221081451062,-0.07495637750422975
1959.7248459958932,0.15796074225656867
1959.7275838466803,0.34134396137619655
1959.7303216974674,0.4190759117855875
1959.7330595482547,0.37729564358819906
1959.7357973990418,0.24627892957187253
1959.7385352498288,0.08268186037495201
1959.7412731006161,-0.05612258852199367
1959.7440109514032,-0.13317946404541317
1959.7467488021903,-0.14143268127449113
1959.7494866529773,-0.10022924588862075
1959.7522245037646,-0.041634970352555215
1959.7549623545517,0.007261406951600832
1959.7577002053388,0.03735671541045126
1959.7604380561258,0.05838971820329768
1959.7631759069131,0.08703165840783808
1959.7659137577002,0.13053723975123713
1959.7686516084873,0.17792287513950356
1959.7713894592744,0.20488904188162366
1959.7741273100617,0.18794104087450916
1959.7768651608487,0.11688886028374643
1959.7796030116358,-0.0015480820055369044
1959.782340862423,-0.1473400203587475
1959.7850787132102,-0.29145177196640887
1959.7878165639972,-0.3982341582134703
1959.7905544147843,-0.4303591745260754
1959.7932922655716,-0.3615260026660017
1959.7960301163587,-0.19391386968081228
1959.7987679671457,0.031958149611384025
1959.8015058179328,0.24680418526542586
1959.8042436687201,0.38092729511616813
1959.8069815195072,0.3960341003213842
1959.8097193702943,0.3012308099918597
1959.8124572210816,0.14443374683966484
1959.8151950718686,-0.013399421414915774
1959.8179329226557,-0.1247870339612234
1959.8206707734428,-0.16997064735007666
1959.82340862423,-0.15620683204766797
1959.8261464750171,-0.10738119400181097
1959.8288843258042,-0.050714751779700064
1959.8316221765913,-0.005256374892918221
1959.8343600273786,0.0245443305007702
1959.8370978781657,0.04744784649815092
1959.8398357289527,0.07605908737780932
1959.8425735797398,0.11442008729932215
1959.845311430527,0.150968880913022
1959.8480492813142,0.1625694273688124
1959.8507871321012,0.12739497730123922
1959.8535249828885,0.03797256957204385
1959.8562628336756,-0.09350630406860265
1959.8590006844627,-0.23871723768304054
1959.8617385352497,-0.3610143692873387
1959.864476386037,-0.4235548442300498
1959.867214236824,-0.39817367860284175
1959.8699520876112,-0.2766564385925779
1959.8726899383983,-0.08112324229697196
1959.8754277891856,0.1354048857982773
1959.8781656399726,0.30516921180499806
1959.8809034907597,0.37433449539294644
1959.883641341547,0.32838675999071054
1959.886379192334,0.19782680428019908
1959.8891170431211,0.0402509686346973
1959.8918548939082,-0.0890749003809699
1959.8945927446955,-0.1596594139445399
1959.8973305954826,-0.17038727517194868
1959.9000684462696,-0.13920786178884934
1959.9028062970567,-0.08892631890267555
1959.905544147844,-0.037774276251596864
1959.908281998631,0.003949411502837844
1959.9110198494182,0.0340376177762757
1959.9137577002055,0.056750222214351324
1959.9164955509925,0.07834296664593215
1959.9192334017796,0.10000835851817015
1959.9219712525667,0.11252536683732388
1959.924709103354,0.09814108787998796
1959.927446954141,0.040617718080807955
1959.930184804928,-0.0624267391978662
1959.9329226557152,-0.19320948073738697
1959.9356605065025,-0.3175686593525855
1959.9383983572895,-0.3962275625580429
1959.9411362080766,-0.39783348769728344
1959.9438740588637,-0.3097760259038537
1959.946611909651,-0.14516601289619308
1959.949349760438,0.05619996940582059
1959.9520876112251,0.23664487055803748
1959.9548254620124,0.3403919001814864
1959.9575633127995,0.3376799438175556
1959.9603011635866,0.23970708316928024
1959.9630390143736,0.09328106992437084
1959.965776865161,-0.04338029216932546
1959.968514715948,-0.12880725869624934
1959.971252566735,-0.1528506327274794
1959.9739904175221,-0.13101133582420568
1959.9767282683094,-0.08692447503084486
1959.9794661190965,-0.03781235486703511
1959.9822039698836,0.00870560571449975
1959.9849418206709,0.0496025344488949
1959.987679671458,0.08181904349461679
1959.990417522245,0.10235269887469874
1959.993155373032,0.11003768616637043
1959.9958932238194,0.10422557624822794
1959.9986310746065,0.08074455694877192
1960.0013689253935,0.030821794482350597
1960.0041067761806,-0.05272991079373659
1960.006844626968,-0.16500813761227787
1960.009582477755,-0.28277990002084985
1960.012320328542,-0.3691358766338348
1960.0150581793291,-0.38784665867782375
1960.0177960301164,-0.3196428003695686
1960.0205338809035,-0.17226693043163718
1960.0232717316906,0.019491386937643844
1960.0260095824779,0.20328613194840478
1960.028747433265,0.3257292498075916
1960.031485284052,0.351785652836005
1960.034223134839,0.2799769510673098
1960.0369609856264,0.14471468856790246
1960.0396988364134,0.0014160755967371264
1960.0424366872005,-0.09962160389503084
1960.0451745379876,-0.13559429572421772
1960.0479123887749,-0.11595270590663236
1960.050650239562,-0.06800718528018886
1960.053388090349,-0.01580609576439053
1960.0561259411363,0.031662567965345
1960.0588637919234,0.07662505471263834
1960.0616016427105,0.1205405547855638
1960.0643394934975,0.1567879972657752
1960.0670773442848,0.17377200237184395
1960.069815195072,0.16305042349868606
1960.072553045859,0.123253502970536
1960.075290896646,0.0569866560236119
1960.0780287474333,-0.03333369448433203
1960.0807665982204,-0.1435220614515774
1960.0835044490075,-0.25994338727853206
1960.0862422997945,-0.3546294808069766
1960.0889801505818,-0.39146051757783745
1960.091718001369,-0.3427802703566391
1960.094455852156,-0.206552582634797
1960.0971937029433,-0.012776459372880637
1960.0999315537304,0.1851709712230109
1960.1026694045174,0.32980483016319595
1960.1054072553045,0.38057932207996614
1960.1081451060918,0.328656299151691
1960.1108829568789,0.20022469445921454
1960.113620807666,0.04639833706307607
1960.116358658453,-0.07775795655022973
1960.1190965092403,-0.13650163375741872
1960.1218343600274,-0.12676980737147972
1960.1245722108144,-0.07335709852337949
1960.1273100616017,-0.009082982934603936
1960.1300479123888,0.04598757541879056
1960.132785763176,0.09159691475101309
1960.135523613963,0.1373085219366406
1960.1382614647503,0.18612274724382982
1960.1409993155373,0.2265434066520928
1960.1437371663244,0.23895373451241994
1960.1464750171115,0.20893502601094166
1960.1492128678988,0.13528263745111987
1960.1519507186858,0.02771235940990538
1960.154688569473,-0.09981529656587514
1960.1574264202602,-0.23115135822317998
1960.1601642710473,-0.343885484625955
1960.1629021218343,-0.4070478857265679
1960.1656399726214,-0.38916703163220595
1960.1683778234087,-0.27572449828984985
1960.1711156741958,-0.08446038460392105
1960.1738535249829,0.134223461711451
1960.17659137577,0.3148747389381815
1960.1793292265572,0.4035729453537256
1960.1820670773443,0.3793662721072449
1960.1848049281314,0.2608154735611655
1960.1875427789184,0.09649915446903598
1960.1902806297057,-0.05504999284243618
1960.1930184804928,-0.14775756035401627
1960.1957563312799,-0.16420318882122337
1960.1984941820672,-0.11861108359323815
1960.2012320328543,-0.044671727000163544
1960.2039698836413,0.025497027055979542
1960.2067077344284,0.07837453304136399
1960.2094455852157,0.12085072188148846
1960.2121834360028,0.16643912391945243
1960.2149212867898,0.2175883981133807
1960.217659137577,0.25863538891062643
1960.2203969883642,0.2645517277973366
1960.2231348391513,0.21730663461130786
1960.2258726899383,0.11649427544649851
1960.2286105407256,-0.02202966570976719
1960.2313483915127,-0.17426725435190915
1960.2340862422998,-0.31354365144360624
1960.2368240930869,-0.4105365372978282
1960.2395619438742,-0.43437040525425297
1960.2422997946612,-0.3622477787013979
1960.2450376454483,-0.19575175865776678
1960.2477754962354,0.028338508413729535
1960.2505133470227,0.244928332183631
1960.2532511978097,0.38564938918389446
1960.2559890485968,0.40879542159780013
1960.2587268993839,0.3168297561240264
1960.2614647501712,0.15253509532194376
1960.2642026009582,-0.021939821819100973
1960.2669404517453,-0.15085084078373864
1960.2696783025326,-0.2038504555257866
1960.2724161533197,-0.18230096391131503
1960.2751540041068,-0.11262173777009837
1960.2778918548938,-0.030401745033528025
1960.2806297056811,0.037622982105945904
1960.2833675564682,0.0846616280003506
1960.2861054072553,0.12148938651817753
1960.2888432580423,0.16209614712324116
1960.2915811088296,0.2076663505901
1960.2943189596167,0.2410812964228512
1960.2970568104038,0.23621284691810254
1960.299794661191,0.1746555267768452
1960.3025325119781,0.05740738807711984
1960.3052703627652,-0.09529643454517776
1960.3080082135523,-0.2523472557012327
1960.3107460643396,-0.379879789770495
1960.3134839151267,-0.4455068136233119
1960.3162217659137,-0.42286928464416335
1960.3189596167008,-0.30169582807131096
1960.321697467488,-0.10058862517256643
1960.3244353182752,0.1286966675181469
1960.3271731690622,0.31517344742161396
1960.3299110198495,0.39787682405622726
1960.3326488706366,0.3543697477419368
1960.3353867214237,0.21070792315138334
1960.3381245722107,0.026983379715418317
1960.340862422998,-0.13166507958713294
1960.3436002737851,-0.22138258291734184
1960.3463381245722,-0.23114375868406534
1960.3490759753593,-0.17835967736983852
1960.3518138261466,-0.09513805130236358
1960.3545516769336,-0.012903446005867824
1960.3572895277207,0.04927207266129189
1960.3600273785078,0.08922889178329983
1960.362765229295,0.11738125529075996
1960.3655030800821,0.14521347987666366
1960.3682409308692,0.17324124140712532
1960.3709787816565,0.186903610075416
1960.3737166324436,0.16415555792172756
1960.3764544832306,0.08992403164957999
1960.3791923340177,-0.03257947911591357
1960.381930184805,-0.1806416334676515
1960.384668035592,-0.3197047580572658
1960.3874058863792,-0.41342116652539274
1960.3901437371662,-0.4317083497275017
1960.3928815879535,-0.35790097454238884
1960.3956194387406,-0.19731289944739694
1960.3983572895277,0.01583720859469397
1960.401095140315,0.2216669938214949
1960.403832991102,0.3537283657382755
1960.406570841889,0.3680426740569305
1960.4093086926762,0.2654733751617061
1960.4120465434635,0.09202889215669025
1960.4147843942505,-0.08430853040603443
1960.4175222450376,-0.20575624281615856
1960.4202600958247,-0.24664124741893284
1960.422997946612,-0.2151438496573332
1960.425735797399,-0.13947504765157392
1960.4284736481861,-0.05080733008717683
1960.4312114989732,0.027740961715483268
1960.4339493497605,0.0845799868552046
1960.4366872005476,0.11856948462779628
1960.4394250513346,0.13547702314184845
1960.442162902122,0.14216089682053018
1960.444900752909,0.13984414974373224
1960.447638603696,0.12069026692908053
1960.4503764544831,0.0716431912225248
1960.4531143052704,-0.015487630530289382
1960.4558521560575,-0.13424009888734922
1960.4585900068446,-0.2610012654823986
1960.4613278576317,-0.3615167641349524
1960.464065708419,-0.40229051792551773
1960.466803559206,-0.3615260473833618
1960.469541409993,-0.23715411547439144
1960.4722792607804,-0.05152873989901338
1960.4750171115675,0.149311342544378
1960.4777549623545,0.30600924177572464
1960.4804928131416,0.36690431282287084
1960.483230663929,0.3120085099887001
1960.485968514716,0.16556262558358734
1960.488706365503,-0.013448936093435561
1960.4914442162901,-0.15948170519598467
1960.4941820670774,-0.23043831268189935
1960.4969199178645,-0.2213405161454876
1960.4996577686516,-0.15603151346032304
1960.5023956194386,-0.06694290458943694
1960.505133470226,0.021233265619421203
1960.507871321013,0.09552074837972664
1960.5106091718,0.14982683862863794
1960.5133470225874,0.18015655815710696
1960.5160848733744,0.18434755732207625
1960.5188227241615,0.1635915474703531
1960.5215605749486,0.1212872036130551
1960.5242984257359,0.059453790305096246
1960.527036276523,-0.02247809711924177
1960.52977412731,-0.12313925153691554
1960.532511978097,-0.23180401831760017
1960.5352498288844,-0.325111524427775
1960.5379876796715,-0.37254170073112386
1960.5407255304585,-0.34863287426619793
1960.5434633812458,-0.2453320370594354
1960.546201232033,-0.07857947449045893
1960.54893908282,0.11312473799739875
1960.551676933607,0.2778732638573593
1960.5544147843943,0.36599543661802075
1960.5571526351814,0.34889406211855484
1960.5598904859685,0.2336508200385092
1960.5626283367556,0.0638679724006538
1960.5653661875428,-0.09766141118832827
1960.56810403833,-0.19733315670867602
1960.570841889117,-0.21376983762990187
1960.5735797399043,-0.1613323893095378
1960.5763175906914,-0.07362380955297436
1960.5790554414784,0.019136763000189835
1960.5817932922655,0.1022633035146934
1960.5845311430528,0.17259235186204508
1960.5872689938399,0.22681452850472222
1960.590006844627,0.2552824182572288
1960.592744695414,0.24650740518346181
1960.5954825462013,0.19614070921206522
1960.5982203969884,0.11074112897095516
1960.6009582477755,0.0034343180304459795
1960.6036960985625,-0.11255428275800866
1960.6064339493498,-0.22509106199030418
1960.609171800137,-0.3186296797378608
1960.611909650924,-0.37100487469465937
1960.6146475017113,-0.358374736598794
1960.6173853524983,-0.2676428176576825
1960.6201232032854,-0.10831304927367605
1960.6228610540725,0.08480356972038547
1960.6255989048598,0.2606832294573396
1960.6283367556468,0.3689932966607715
1960.631074606434,0.37795374520026287
1960.633812457221,0.28686211896406744
1960.6365503080083,0.12844069649599016
1960.6392881587954,-0.041737621344213924
1960.6420260095824,-0.16679055148755312
1960.6447638603697,-0.21213633436886012
1960.6475017111568,-0.17824865628511993
1960.6502395619439,-0.09430287582313988
1960.652977412731,0.00307485497500095
1960.6557152635182,0.0907484618200525
1960.6584531143053,0.16501551834161637
1960.6611909650924,0.23055068909629833
1960.6639288158794,0.2844927910181188
1960.6666666666667,0.31083042828371893
1960.6694045174538,0.2897097105183581
1960.6721423682409,0.21246910961447418
1960.674880219028,0.08902063516772601
1960.6776180698153,-0.057325801830899165
1960.6803559206023,-0.20067983543398338
1960.6830937713894,-0.31874215539399725
1960.6858316221767,-0.39149520497575785
1960.6885694729638,-0.39907605693344483
1960.6913073237508,-0.32674213868732155
1960.694045174538,-0.17664286851953748
1960.6967830253252,0.022903756338073178
1960.6995208761123,0.220548385089698
1960.7022587268993,0.35891618660088614
1960.7049965776864,0.3971062232966942
1960.7077344284737,0.32703861970224846
1960.7104722792608,0.17637287477875907
1960.7132101300479,-0.0022100068463526586
1960.7159479808352,-0.15053739379679754
1960.7186858316222,-0.2261308122200541
1960.7214236824093,-0.21694844100089242
1960.7241615331964,-0.1426654178801609
1960.7268993839837,-0.04081918244499227
1960.7296372347707,0.054949174853894237
1960.7323750855578,0.13090822763583082
1960.7351129363449,0.19277469461102328
1960.7378507871322,0.2501816661021223
1960.7405886379192,0.2995891487362844
1960.7433264887063,0.32039777239595724
1960.7460643394934,0.2876276132929505
1960.7488021902807,0.1904138176817995
1960.7515400410678,0.041423360841434304
1960.7542778918548,-0.12867101999345387
1960.7570157426421,-0.2846027520730387
1960.7597535934292,-0.396324176934877
1960.7624914442163,-0.44093225299787825
1960.7652292950033,-0.40246976232050946
1960.7679671457906,-0.27715772966961727
1960.7707049965777,-0.08334916972885294
1960.7734428473648,0.1336688813848829
1960.7761806981518,0.3115869943271908
1960.7789185489391,0.39464356844770004
1960.7816563997262,0.35832169810453596
1960.7843942505133,0.2205206956565647
1960.7871321013006,0.033182528707060496
1960.7898699520877,-0.13995942545582302
1960.7926078028747,-0.24773017880399711
1960.7953456536618,-0.2678065355721879
1960.798083504449,-0.21020066478101024
1960.8008213552362,-0.10817086313422848
1960.8035592060232,-0.0007163547742126007
1960.8062970568103,0.08556673385082039
1960.8090349075976,0.145804413971246
1960.8117727583847,0.19156432606681312
1960.8145106091717,0.23443714752470884
1960.817248459959,0.27064294313362997
1960.8199863107461,0.2789646148261219
1960.8227241615332,0.23421118944639638
1960.8254620123203,0.12597321964349742
1960.8281998631076,-0.031447861973928154
1960.8309377138946,-0.20402615227101453
1960.8336755646817,-0.3518866840898591
1960.8364134154688,-0.4411910699048219
1960.839151266256,-0.449072888287299
1960.8418891170431,-0.36572259521949474
1960.8446269678302,-0.19952709386514958
1960.8473648186173,0.016200236630008837
1960.8501026694046,0.2241848669325031
1960.8528405201916,0.3593713500931086
1960.8555783709787,0.37613699337948825
1960.858316221766,0.27110913998693803
1960.861054072553,0.08635797376061534
1960.8637919233402,-0.10987134321651175
1960.8665297741272,-0.25329522539571236
1960.8692676249145,-0.30779478589506015
1960.8720054757016,-0.2732714510175654
1960.8747433264887,-0.17765309079358216
1960.8774811772757,-0.0605117666113501
1960.880219028063,0.04364431570781124
1960.88295687885,0.11674931677917241
1960.8856947296372,0.15975845404836747
1960.8884325804245,0.18543816834764631
1960.8911704312115,0.20484916013282106
1960.8939082819986,0.21578266678999303
1960.8966461327857,0.20165671324943552
1960.899383983573,0.1426718015375626
1960.90212183436,0.03168989975987944
1960.9048596851471,-0.11656493821460906
1960.9075975359342,-0.2689731941245173
1960.9103353867215,-0.3863932525692733
1960.9130732375086,-0.4361555302627318
1960.9158110882956,-0.39946241150507167
1960.9185489390827,-0.275366795236642
1960.92128678987,-0.084762001766609
1960.924024640657,0.1275240784712726
1960.9267624914442,0.29978217668088714
1960.9295003422314,0.37382066500435435
1960.9322381930185,0.3217359805611174
1960.9349760438056,0.16287155316448937
1960.9377138945927,-0.04225416846387732
1960.94045174538,-0.21957899430234687
1960.943189596167,-0.3144309610785799
1960.945927446954,-0.3108186087535087
1960.9486652977412,-0.22904499125957783
1960.9514031485285,-0.1081853591083056
1960.9541409993155,0.01328780928945857
1960.9568788501026,0.10936064750324184
1960.95961670089,0.1694919265148807
1960.962354551677,0.19593398598770814
1960.965092402464,0.19799045812989022
1960.9678302532511,0.18455882204973068
1960.9705681040384,0.157492258999505
1960.9733059548255,0.11005104545138793
1960.9760438056126,0.03292929737883704
1960.9787816563996,-0.07520079441945748
1960.981519507187,-0.2000818173609131
1960.984257357974,-0.3131094757786775
1960.986995208761,-0.3808576193251712
1960.9897330595481,-0.37703743485483854
1960.9924709103354,-0.29145085948747884
1960.9952087611225,-0.1346658766793747
1960.9979466119096,0.06073270165811167
1961.0006844626969,0.24374943398142462
1961.003422313484,0.3572472585416022
1961.006160164271,0.3592199998442034
1961.008898015058,0.24460371698025224
1961.0116358658454,0.053331682350033806
1961.0143737166325,-0.14439550342224092
1961.0171115674195,-0.27984107494728305
1961.0198494182066,-0.3159291760312236
1961.022587268994,-0.25804739641742264
1961.025325119781,-0.1417274944726364
1961.028062970568,-0.00923761149154697
1961.0308008213553,0.1082567875443902
1961.0335386721424,0.19490076518469437
1961.0362765229295,0.24494562145425414
1961.0390143737166,0.2572579067976947
1961.0417522245039,0.23403307003140655
1961.044490075291,0.18126291694321423
1961.047227926078,0.10705973598558542
1961.049965776865,0.018261118871060265
1961.0527036276524,-0.08050963878349734
1961.0554414784394,-0.18298729124990668
1961.0581793292265,-0.27575438363514326
1961.0609171800138,-0.33709071184542794
1961.0636550308009,-0.343159157864597
1961.066392881588,-0.2786669928307394
1961.069130732375,-0.14610559710769028
1961.0718685831623,0.030695705566158776
1961.0746064339494,0.20976838440256632
1961.0773442847365,0.3406351823013106
1961.0800821355235,0.37973339281227925
1961.0828199863108,0.30849776868845175
1961.085557837098,0.146182705981545
1961.088295687885,-0.052399817688702284
1961.091033538672,-0.21777807721015705
1961.0937713894593,-0.2964350127033367
1961.0965092402464,-0.2733815423009832
1961.0992470910335,-0.17281196817688013
1961.1019849418208,-0.038173923584373895
1961.1047227926078,0.09262420477663925
1961.107460643395,0.1997787084083162
1961.110198494182,0.27717128752265857
1961.1129363449693,0.3206244697945869
1961.1156741957564,0.3222264206961685
1961.1184120465434,0.2752662332551803
1961.1211498973305,0.18283656726315953
1961.1238877481178,0.06031292915850203
1961.1266255989049,-0.07074715110789005
1961.129363449692,-0.1908996735063
1961.1321013004792,-0.28573217474920265
1961.1348391512663,-0.34266892568122315
1961.1375770020534,-0.3479049012623164
1961.1403148528404,-0.28956986433657855
1961.1430527036277,-0.16661851180843937
1961.1457905544148,0.003169058259439344
1961.148528405202,0.18278322560980298
1961.151266255989,0.32490599751541843
1961.1540041067763,0.3868368478198942
1961.1567419575633,0.34607975256008044
1961.1594798083504,0.21125146334336306
1961.1622176591375,0.02325148026495762
1961.1649555099248,-0.15671690588531384
1961.1676933607118,-0.27026405446960056
1961.170431211499,-0.2861480465018969
1961.1731690622862,-0.21194236247348877
1961.1759069130733,-0.08509492740207414
1961.1786447638603,0.05082160514438219
1961.1813826146474,0.16793959087156535
1961.1841204654347,0.2592607913975273
1961.1868583162218,0.32659250794467964
1961.1895961670089,0.36494101105356963
1961.192334017796,0.35868272909651344
1961.1950718685832,0.29275427592701103
1961.1978097193703,0.16794387735951943
1961.2005475701574,0.0062267376531407945
1961.2032854209447,-0.15801276869917916
1961.2060232717317,-0.2924852748517843
1961.2087611225188,-0.37563172113571586
1961.2114989733059,-0.39576616683140464
1961.2142368240932,-0.34706238887553875
1961.2169746748802,-0.23051931110346913
1961.2197125256673,-0.060714612332160516
1961.2224503764544,0.12902408539702384
1961.2251882272417,0.29106203712357315
1961.2279260780288,0.37839670039903217
1961.2306639288158,0.36299181146491444
1961.233401779603,0.24811307386348896
1961.2361396303902,0.06900549306307455
1961.2388774811773,-0.11824940853917418
1961.2416153319643,-0.25587063375868696
1961.2443531827516,-0.30508440484039756
1961.2470910335387,-0.2600976161735151
1961.2498288843258,-0.147803846327425
1961.2525667351129,-0.011817652668758064
1961.2553045859001,0.110692527839054
1961.2580424366872,0.20462362513560461
1961.2607802874743,0.27462155180498915
1961.2635181382614,0.3280415104893998
1961.2662559890487,0.35847183349622047
1961.2689938398357,0.3446287299446527
1961.2717316906228,0.26603302951478436
1961.27446954141,0.12223641942107552
1961.2772073921972,-0.060400628483022
1961.2799452429842,-0.23919755748332283
1961.2826830937713,-0.37348833973977213
1961.2854209445586,-0.4371349086176662
1961.2881587953457,-0.41989863107113673
1961.2908966461328,-0.32362504392485414
1961.2936344969198,-0.16189877826699003
1961.2963723477071,0.03577123803227732
1961.2991101984942,0.22298744928506561
1961.3018480492813,0.3465868117452593
1961.3045859000686,0.36657167181808814
1961.3073237508556,0.27499533647770497
1961.3100616016427,0.1018853774712764
1961.3127994524298,-0.09571031104337277
1961.315537303217,-0.2556013281210426
1961.3182751540041,-0.3327295821101325
1961.3210130047912,-0.3131230363338275
1961.3237508555783,-0.21534624238814792
1961.3264887063656,-0.07957146264848035
1961.3292265571527,0.05143166699295738
1961.3319644079397,0.15081974969197856
1961.3347022587268,0.21558562664353498
1961.337440109514,0.2586787226017967
1961.3401779603012,0.2907234610367172
1961.3429158110882,0.3053212838887126
1961.3456536618755,0.28021199689032816
1961.3483915126626,0.19426981064502674
1961.3511293634497,0.04722141967235935
1961.3538672142367,-0.13334834614622545
1961.356605065024,-0.3025396313474067
1961.359342915811,-0.41729723422852727
1961.3620807665982,-0.4506669497737632
1961.3648186173853,-0.39517721502782077
1961.3675564681726,-0.26015581380876707
1961.3702943189596,-0.07061298403637992
1961.3730321697467,0.13170567407712924
1961.375770020534,0.2924022125736933
1961.378507871321,0.359812894834521
1961.3812457221081,0.30755513562191333
1961.3839835728952,0.15062401328170488
1961.3867214236825,-0.057279582706555185
1961.3894592744696,-0.2456374905108549
1961.3921971252566,-0.35613670062738345
1961.3949349760437,-0.36343198269317306
1961.397672826831,-0.279233400441727
1961.400410677618,-0.14143345569614849
1961.4031485284052,0.004089955627609769
1961.4058863791922,0.12102712117506866
1961.4086242299795,0.19361293907564506
1961.4113620807666,0.22726584310106843
1961.4140999315537,0.23852302702067593
1961.416837782341,0.2394863762102285
1961.419575633128,0.22672154030997752
1961.422313483915,0.18312451776409938
1961.4250513347022,0.09244202771432346
1961.4277891854895,-0.04390592951924901
1961.4305270362765,-0.20041676579514564
1961.4332648870636,-0.33620755465025337
1961.4360027378507,-0.4120842975737059
1961.438740588638,-0.40457553920236966
1961.441478439425,-0.3109670643708554
1961.4442162902121,-0.14813520093735402
1961.4469541409994,0.049393560120714136
1961.4496919917865,0.23211734662896555
1961.4524298425736,0.34468347728784793
1961.4551676933606,0.34473868972571575
1961.457905544148,0.2246953848937933
1961.460643394935,0.02190326739003252
1961.463381245722,-0.19322349046613643
1961.4661190965091,-0.3472007553048001
1961.4688569472964,-0.39468960351204985
1961.4715947980835,-0.33344461522524943
1961.4743326488706,-0.19733411125424802
1961.4770704996577,-0.03563879784076028
1961.479808350445,0.1077858458288927
1961.482546201232,0.20655261664900249
1961.485284052019,0.25392488846487915
1961.4880219028064,0.2582496268432111
1961.4907597535935,0.23464665232258677
1961.4934976043805,0.1955265062886283
1961.4962354551676,0.14385019351535017
1961.498973305955,0.07358670577073634
1961.501711156742,-0.021729538750403246
1961.504449007529,-0.137711516463987
1961.5071868583161,-0.2536928728851811
1961.5099247091034,-0.33796778887633516
1961.5126625598905,-0.36056966922397415
1961.5154004106776,-0.3056031582792371
1961.5181382614649,-0.17736970201947752
1961.520876112252,-0.0003701836746448049
1961.523613963039,0.1840883020849935
1961.526351813826,0.32467338783185057
1961.5290896646134,0.373137564822705
1961.5318275154004,0.3036304172697296
1961.5345653661875,0.12989074717910884
1961.5373032169746,-0.09271211205630606
1961.5400410677619,-0.2869765398162118
1961.542778918549,-0.3874264165169218
1961.545516769336,-0.3683608658970659
1961.5482546201233,-0.249940724407252
1961.5509924709104,-0.0811139785796278
1961.5537303216975,0.08670010084826744
1961.5564681724845,0.218254316258761
1961.5592060232718,0.2982499053957228
1961.561943874059,0.3252322198988246
1961.564681724846,0.3048038322242217
1961.567419575633,0.24652997922423586
1961.5701574264203,0.16254586642370977
1961.5728952772074,0.0649332223602464
1961.5756331279945,-0.0371995097098094
1961.5783709787815,-0.13745370090905618
1961.5811088295688,-0.22780733028672542
1961.583846680356,-0.2942076635089826
1961.586584531143,-0.31742829875481576
1961.5893223819303,-0.280448074815092
1961.5920602327174,-0.17819476162864628
1961.5947980835044,-0.02393091916317603
1961.5975359342915,0.1506188112831049
1961.6002737850788,0.3010606793734052
1961.6030116358659,0.38107265780211763
1961.605749486653,0.3573893869901627
1961.60848733744,0.22586630936811045
1961.6112251882273,0.020700039206229464
1961.6139630390144,-0.19235734535617216
1961.6167008898015,-0.3406638893037038
1961.6194387405887,-0.3763688863327788
1961.6221765913758,-0.29660222565032957
1961.624914442163,-0.13954824475732067
1961.62765229295,0.03979414474801912
1961.6303901437373,0.19656228137779985
1961.6331279945243,0.3085288069409987
1961.6358658453114,0.3707080650044697
1961.6386036960985,0.3829366420914532
1961.6413415468858,0.34387589715965095
1961.6440793976728,0.25520890700513316
1961.64681724846,0.12864250938843064
1961.649555099247,-0.01357228529662343
1961.6522929500343,-0.14611380277441766
1961.6550308008214,-0.24924906206904196
1961.6577686516084,-0.31149596370314764
1961.6605065023957,-0.32610079343364173
1961.6632443531828,-0.28752225275941967
1961.6659822039699,-0.19344742624231875
1961.668720054757,-0.051564189171349695
1961.6714579055442,0.11489270857693569
1961.6741957563313,0.26836949114171454
1961.6769336071184,0.36602351287640067
1961.6796714579054,0.3735079966019562
1961.6824093086927,0.27892014264513243
1961.6851471594798,0.10193092876312718
1961.6878850102669,-0.10718115336147102
1961.6906228610542,-0.28205119917969806
1961.6933607118413,-0.36543129395861534
1961.6960985626283,-0.3337143240482796
1961.6988364134154,-0.2061872847873749
1961.7015742642027,-0.03207840444528434
1961.7043121149898,0.13659619959524702
1961.7070499657768,0.2679729335272487
1961.709787816564,0.3545029339846633
1961.7125256673512,0.3994809350539491
1961.7152635181383,0.4011637701325534
1961.7180013689253,0.3497488392466278
1961.7207392197124,0.23900007057894945
1961.7234770704997,0.08025018127270446
1961.7262149212868,-0.09522110773171416
1961.7289527720739,-0.24817939382640747
1961.7316906228612,-0.3478241057764021
1961.7344284736482,-0.38027744322764945
1961.7371663244353,-0.3458330975943959
1961.7399041752224,-0.25197925780493247
1961.7426420260097,-0.11099122489573143
1961.7453798767967,0.05634879508812159
1961.7481177275838,0.21730376761060224
1961.7508555783709,0.3312384603867224
1961.7535934291582,0.36215024219072084
1961.7563312799452,0.29373999252169647
1961.7590691307323,0.13911244968625486
1961.7618069815196,-0.05986586604269571
1961.7645448323067,-0.24415687970612296
1961.7672826830938,-0.357032506326687
1961.7700205338808,-0.36504173830261
1961.7727583846681,-0.27132015324382586
1961.7754962354552,-0.11307483737044674
1961.7782340862423,0.05749079649840865
1961.7809719370293,0.19857156417581734
1961.7837097878166,0.2943616106769547
1961.7864476386037,0.35088972955109027
1961.7891854893908,0.37726190924171926
1961.791923340178,0.3693317964625088
1961.7946611909651,0.3104394933768583
1961.7973990417522,0.18860507346124386
1961.8001368925393,0.014824949208524224
1961.8028747433266,-0.1738619481440844
1961.8056125941137,-0.3295554828376459
1961.8083504449007,-0.4149091434983592
1961.8110882956878,-0.4154760632208719
1961.813826146475,-0.3377637143806951
1961.8165639972622,-0.20033269735932627
1961.8193018480492,-0.02836454408904146
1961.8220396988363,0.14566327252743883
1961.8247775496236,0.2818106116837544
1961.8275154004107,0.34051526217321965
1961.8302532511977,0.2979598362303439
1961.832991101985,0.15999502882493077
1961.8357289527721,-0.03525606733327863
1961.8384668035592,-0.22907572154891087
1961.8412046543463,-0.3627838424769137
1961.8439425051336,-0.3982147964820216
1961.8466803559206,-0.3301987615311643
1961.8494182067077,-0.18665286193356947
1961.8521560574948,-0.015849342629384477
1961.854893908282,0.13459323357545738
1961.8576317590691,0.2372178497968116
1961.8603696098562,0.2916164184014645
1961.8631074606435,0.31406740123371657
1961.8658453114306,0.3173232465287972
1961.8685831622176,0.29632873964784395
1961.8713210130047,0.23193085162367608
1961.874058863792,0.11021254459585264
1961.876796714579,-0.058284885573946045
1961.8795345653662,-0.23554170937738875
1961.8822724161532,-0.3720794820203483
1961.8850102669405,-0.42984007559308207
1961.8877481177276,-0.39613782189638136
1961.8904859685147,-0.28271595861725446
1961.8932238193017,-0.1166352354519463
1961.895961670089,0.06682398933830544
1961.898699520876,0.22656572149477727
1961.9014373716632,0.3195866693076436
1961.9041752224505,0.31260037379960026
1961.9069130732375,0.198535282651344
1961.9096509240246,0.006606405333468818
1961.9123887748117,-0.20398141669599734
1961.915126625599,-0.3659980525012816
1961.917864476386,-0.43046166170193384
1961.9206023271731,-0.3837518704086582
1961.9233401779602,-0.24878385337512876
1961.9260780287475,-0.07233467877957457
1961.9288158795346,0.09434952498781776
1961.9315537303216,0.2139331627950334
1961.934291581109,0.2738397015713449
1961.937029431896,0.28515949546319014
1961.939767282683,0.26975666901028034
1961.9425051334701,0.2426167140316923
1961.9452429842574,0.20111887564167932
1961.9479808350445,0.12962847134498434
1961.9507186858316,0.016792286683355293
1961.9534565366187,-0.12759967498749292
1961.956194387406,-0.2698105582200456
1961.958932238193,-0.36620187977929725
1961.96167008898,-0.3839675023542489
1961.9644079397672,-0.3146499772039552
1961.9671457905545,-0.1744539704588139
1961.9698836413415,0.00366701704812979
1961.9726214921286,0.17784969525033054
1961.975359342916,0.30287342672221146
1961.978097193703,0.3382356714131285
1961.98083504449,0.2623824972979251
1961.9835728952771,0.08779510265115661
1961.9863107460644,-0.1351832673892793
1961.9890485968515,-0.3337663633170163
1961.9917864476386,-0.44218664532087026
1961.9945242984256,-0.4290143580586986
1961.997262149213,-0.307088359358585
1962.0,-0.12262410746007815
1962.002737850787,0.06742633870082329
1962.0054757015744,0.21668109377296563
1962.0082135523614,0.30111808596533085
1962.0109514031485,0.32032069942864627
1962.0136892539356,0.2908923824377923
1962.0164271047229,0.23530271555018098
1962.01916495551,0.17014436737241795
1962.021902806297,0.09931581053475154
1962.024640657084,0.01675250636122268
1962.0273785078714,-0.08225091429178367
1962.0301163586585,-0.1890797496079023
1962.0328542094455,-0.2788969176423032
1962.0355920602328,-0.3201257742395476
1962.03832991102,-0.2901463501702846
1962.041067761807,-0.18688702445584784
1962.043805612594,-0.030539348122558967
1962.0465434633813,0.14242319934346104
1962.0492813141684,0.28750293615233824
1962.0520191649555,0.3608322451358762
1962.0547570157426,0.3305878494992726
1962.0574948665299,0.1915557522089291
1962.060232717317,-0.024075347278922122
1962.062970568104,-0.25058723556171336
1962.065708418891,-0.41165213151591057
1962.0684462696784,-0.45287404708010426
1962.0711841204654,-0.3652797816822882
1962.0739219712525,-0.1856442865552278
1962.0766598220398,0.02495233600522856
1962.0793976728269,0.20919953497339489
1962.082135523614,0.33189925592703484
1962.084873374401,0.3826261112545993
1962.0876112251883,0.36829033796859184
1962.0903490759754,0.3045240728624226
1962.0930869267625,0.21007214443459896
1962.0958247775495,0.10298275905021063
1962.0985626283368,-0.0029310341131492373
1962.101300479124,-0.09978408401466601
1962.104038329911,-0.1830290257944249
1962.1067761806983,-0.24574609323071292
1962.1095140314853,-0.27507483974287644
1962.1122518822724,-0.255393861991819
1962.1149897330595,-0.17732480985242868
1962.1177275838468,-0.046591104398188504
1962.1204654346338,0.1130041865891676
1962.123203285421,0.26371069638280364
1962.125941136208,0.36268104065867524
1962.1286789869953,0.3733202816891419
1962.1314168377824,0.2782468886668862
1962.1341546885694,0.09121440509591372
1962.1368925393565,-0.13892867423276364
1962.1396303901438,-0.3398265247442778
1962.1423682409309,-0.44269090241759446
1962.145106091718,-0.4126620836604044
1962.1478439425052,-0.2643258245402962
1962.1505817932923,-0.05197276923094393
1962.1533196440794,0.15888665793476
1962.1560574948664,0.31975143344181234
1962.1587953456537,0.41057514115956917
1962.1615331964408,0.4326649863926826
1962.1642710472279,0.3949540281017045
1962.167008898015,0.3068104084125907
1962.1697467488023,0.1803645196073519
1962.1724845995893,0.03499424951110711
1962.1752224503764,-0.10415245394914627
1962.1779603011637,-0.21386536248111618
1962.1806981519508,-0.2799611032004503
1962.1834360027378,-0.297846541872244
1962.186173853525,-0.2677655425672072
1962.1889117043122,-0.19116977845397243
1962.1916495550993,-0.07277431058122144
1962.1943874058863,0.07353826129752346
1962.1971252566734,0.22100627928396277
1962.1998631074607,0.33305399943468894
1962.2026009582478,0.3730794701599983
1962.2053388090349,0.3175015246325822
1962.208076659822,0.1676955494332037
1962.2108145106092,-0.04379153734095444
1962.2135523613963,-0.257632837052159
1962.2162902121834,-0.40538074672530033
1962.2190280629707,-0.43614421671528336
1962.2217659137577,-0.33967600915728646
1962.2245037645448,-0.15136693912921056
1962.2272416153319,0.0659202237690296
1962.2299794661192,0.25259687227463035
1962.2327173169062,0.37584652816256414
1962.2354551676933,0.43203722662830485
1962.2381930184804,0.43120169682329273
1962.2409308692677,0.3801896719084147
1962.2436687200548,0.2793889936273655
1962.2464065708418,0.13336452708589286
1962.2491444216291,-0.03762864732021879
1962.2518822724162,-0.19836240001338015
1962.2546201232033,-0.31245548716223415
1962.2573579739903,-0.3580969157565718
1962.2600958247776,-0.3337634916569075
1962.2628336755647,-0.2520852774124026
1962.2655715263518,-0.1301989594437703
1962.2683093771388,0.01420978288878692
1962.2710472279261,0.1598396120227314
1962.2737850787132,0.2782424507379251
1962.2765229295003,0.3369662122113074
1962.2792607802876,0.31038610107928893
1962.2819986310747,0.19276833807316351
1962.2847364818617,0.006250875561039142
1962.2874743326488,-0.20107837890908276
1962.290212183436,-0.3679227621384331
1962.2929500342232,-0.4403780620603113
1962.2956878850102,-0.3932977862131319
1962.2984257357973,-0.2422103597961047
1962.3011635865846,-0.03738357785223463
1962.3039014373717,0.15934677208538828
1962.3066392881587,0.3025267646818809
1962.3093771389458,0.3783969449727332
1962.3121149897331,0.3983803767628496
1962.3148528405202,0.37811360139425915
1962.3175906913073,0.3206318483466571
1962.3203285420946,0.21787772477532397
1962.3230663928816,0.06790887190609288
1962.3258042436687,-0.10906704884505798
1962.3285420944558,-0.2715749831074303
1962.331279945243,-0.3752931345522362
1962.3340177960301,-0.39468123228304325
1962.3367556468172,-0.3320278597248199
1962.3394934976043,-0.21023148594143967
1962.3422313483916,-0.05897109240225265
1962.3449691991786,0.09360483825020977
1962.3477070499657,0.22047379911938722
1962.350444900753,0.29353770332254664
1962.35318275154,0.2879028106409723
1962.3559206023272,0.19328629043845627
1962.3586584531142,0.024874059389322415
1962.3613963039015,-0.17533262033080885
1962.3641341546886,-0.3497131928937669
1962.3668720054757,-0.44442247620858216
1962.3696098562627,-0.4288674774982996
1962.37234770705,-0.307487334608126
1962.375085557837,-0.1186265271051108
1962.3778234086242,0.0804980736916504
1962.3805612594113,0.237475045764614
1962.3832991101985,0.32554822912743536
1962.3860369609856,0.34939987802552247
1962.3887748117727,0.33199256571532926
1962.39151266256,0.2920770519895851
1962.394250513347,0.2298489758179028
1962.3969883641341,0.1323243457247787
1962.3997262149212,-0.006318464085512034
1962.4024640657085,-0.16728697560289912
1962.4052019164956,-0.3084745273707469
1962.4079397672826,-0.3846708464164188
1962.4106776180697,-0.37137240149473993
1962.413415468857,-0.27517969963076455
1962.416153319644,-0.12629828488743336
1962.4188911704312,0.037075317969340466
1962.4216290212185,0.17958634719990862
1962.4243668720055,0.2709291461225683
1962.4271047227926,0.28607324299943565
1962.4298425735797,0.21121508703621894
1962.432580424367,0.05458658605478121
1962.435318275154,-0.1472677992395471
1962.438056125941,-0.3365308526503805
1962.4407939767282,-0.45398826727697816
1962.4435318275155,-0.4618939782087708
1962.4462696783025,-0.3581369944955594
1962.4490075290896,-0.1757324300038044
1962.4517453798767,0.030780730420540095
1962.454483230664,0.2057802574953508
1962.457221081451,0.3120903698025292
1962.4599589322381,0.34200122740819283
1962.4626967830254,0.31444153585600404
1962.4654346338125,0.25903750975232387
1962.4681724845996,0.19613491615795825
1962.4709103353866,0.12621227322163148
1962.473648186174,0.03672348636064253
1962.476386036961,-0.07870936048191254
1962.479123887748,-0.20439976473207994
1962.4818617385351,-0.30381960534562613
1962.4845995893224,-0.3381233818850075
1962.4873374401095,-0.2882915681522829
1962.4900752908966,-0.165234176793332
1962.4928131416839,-0.0031643027678408594
1962.495550992471,0.1554097150920357
1962.498288843258,0.2714993978326717
1962.501026694045,0.31453461269915595
1962.5037645448324,0.2656989989326119
1962.5065023956195,0.12525585620528787
1962.5092402464065,-0.07898942043729867
1962.5119780971936,-0.29196151018480426
1962.514715947981,-0.4469946134402274
1962.517453798768,-0.49197148164892474
1962.520191649555,-0.41155578385383884
1962.5229295003423,-0.23264401257267245
1962.5256673511294,-0.01105961772410495
1962.5284052019165,0.19161963857976566
1962.5311430527036,0.3291590967149144
1962.5338809034909,0.3821864726763787
1962.536618754278,0.35865710985627913
1962.539356605065,0.2851977044284344
1962.542094455852,0.19287140674841902
1962.5448323066394,0.1030285678141343
1962.5475701574264,0.020504885221195715
1962.5503080082135,-0.06123425661998696
1962.5530458590006,-0.14615228393400304
1962.5557837097879,-0.22350595549107696
1962.558521560575,-0.2679180068335122
1962.561259411362,-0.25286003367894194
1962.5639972621493,-0.16796157397045738
1962.5667351129364,-0.02780569225806611
1962.5694729637235,0.13262624934694173
1962.5722108145105,0.270489899933424
1962.5749486652978,0.34688296998637075
1962.577686516085,0.3344702216008361
1962.580424366872,0.2238540735312311
1962.583162217659,0.03106620664878136
1962.5859000684463,-0.19826708014787578
1962.5886379192334,-0.39672827730288407
1962.5913757700205,-0.497886563927672
1962.5941136208078,-0.4647874916780907
1962.5968514715948,-0.30734813783538967
1962.599589322382,-0.07724825455940423
1962.602327173169,0.15631938157102745
1962.6050650239563,0.33477675146394414
1962.6078028747434,0.4271483825438182
1962.6105407255304,0.43127638806218016
1962.6132785763175,0.3649859979028656
1962.6160164271048,0.2554108431888923
1962.6187542778919,0.1304837066897136
1962.621492128679,0.012573602096183393
1962.624229979466,-0.08552874279840209
1962.6269678302533,-0.16018989392597202
1962.6297056810404,-0.21121494952871211
1962.6324435318274,-0.23453428095829992
1962.6351813826147,-0.2198381141242957
1962.6379192334018,-0.15652957489802258
1962.640657084189,-0.04427047363471808
1962.643394934976,0.09988148721889023
1962.6461327857633,0.24307349399068134
1962.6488706365503,0.34571871249992303
1962.6516084873374,0.37284917837933856
1962.6543463381245,0.30418638800778536
1962.6570841889118,0.14252814712046707
1962.6598220396988,-0.08051384263774373
1962.662559890486,-0.306272766859869
1962.6652977412732,-0.4639210193550798
1962.6680355920603,-0.49710736989421656
1962.6707734428473,-0.3900925839945656
1962.6735112936344,-0.17690761633700286
1962.6762491444217,0.07412376048505068
1962.6789869952088,0.2917026697205626
1962.6817248459959,0.4293187165235941
1962.684462696783,0.47440486423167216
1962.6872005475702,0.4389620794517205
1962.6899383983573,0.34420369555496316
1962.6926762491444,0.21165940772151104
1962.6954140999314,0.06298416634112193
1962.6981519507187,-0.07830889926000878
1962.7008898015058,-0.18961332908901823
1962.7036276522929,-0.2555549174071853
1962.7063655030802,-0.2717008741208716
1962.7091033538672,-0.24194597602670562
1962.7118412046543,-0.1726666205641255
1962.7145790554414,-0.07005216147252985
1962.7173169062287,0.056603405876366156
1962.7200547570158,0.18930129869029216
1962.7227926078028,0.29972153203191193
1962.72553045859,0.354755570006218
1962.7282683093772,0.3273027993632992
1962.7310061601643,0.20793954149794372
1962.7337440109513,0.01341609029206438
1962.7364818617386,-0.21153673563939895
1962.7392197125257,-0.402647163105628
1962.7419575633128,-0.496071539310798
1962.7446954140999,-0.45445797789141024
1962.7474332648871,-0.2861739718681277
1962.7501711156742,-0.04441508362262294
1962.7529089664613,0.19634970445058714
1962.7556468172484,0.37363359019901293
1962.7583846680357,0.4594565591035118
1962.7611225188227,0.4598079547539057
1962.7638603696098,0.3964078515635218
1962.766598220397,0.28837684620406073
1962.7693360711842,0.14791745758795163
1962.7720739219712,-0.010981408601412702
1962.7748117727583,-0.16394853239561455
1962.7775496235456,-0.2792207742716244
1962.7802874743327,-0.33113558933715426
1962.7830253251198,-0.3125208092819319
1962.7857631759068,-0.2357450259719161
1962.7885010266941,-0.12301545588590727
1962.7912388774812,0.004412320157303069
1962.7939767282683,0.1294105354557219
1962.7967145790553,0.23463994037711156
1962.7994524298426,0.2982147174088513
1962.8021902806297,0.2964140621482215
1962.8049281314168,0.2138251739593255
1962.807665982204,0.05508821136033263
1962.8104038329911,-0.14895895367314613
1962.8131416837782,-0.3452348589920304
1962.8158795345653,-0.4730128991489982
1962.8186173853526,-0.4855791431145609
1962.8213552361397,-0.37092006730027155
1962.8240930869267,-0.16060582479004704
1962.8268309377138,0.08091210420739986
1962.829568788501,0.28393294501913724
1962.8323066392882,0.4033449848939715
1962.8350444900752,0.4325037629011379
1962.8377823408625,0.39339484598145585
1962.8405201916496,0.3128468095925466
1962.8432580424367,0.20467184679269237
1962.8459958932237,0.07103521644614563
1962.848733744011,-0.08147232101268062
1962.851471594798,-0.22870054002199272
1962.8542094455852,-0.33302031368694
1962.8569472963723,-0.3626078505312569
1962.8596851471596,-0.3100952415859394
1962.8624229979466,-0.19581193133789654
1962.8651608487337,-0.054769197530200056
1962.8678986995208,0.08033577140431203
1962.870636550308,0.18713732505670028
1962.8733744010951,0.2504035594406678
1962.8761122518822,0.25616129472864146
1962.8788501026695,0.19266827532133934
1962.8815879534566,0.059498708865750496
1962.8843258042436,-0.12272074477306974
1962.8870636550307,-0.31098900043207717
1962.889801505818,-0.45053356524530946
1962.892539356605,-0.4936389159570018
1962.8952772073922,-0.41879999997583794
1962.8980150581792,-0.2418375238270988
1962.9007529089665,-0.01288114687378015
1962.9034907597536,0.20183742624982381
1962.9062286105407,0.346758387917567
1962.908966461328,0.39890046780523675
1962.911704312115,0.3718176152405405
1962.914442162902,0.2989761846103074
1962.9171800136892,0.20857416693890626
1962.9199178644765,0.10872809174237034
1962.9226557152635,-0.006278718857543192
1962.9253935660506,-0.13577739328032706
1962.9281314168377,-0.25780248318735766
1962.930869267625,-0.3341798283512955
1962.933607118412,-0.3326943185098431
1962.9363449691991,-0.24855894824969368
1962.9390828199862,-0.10845949874655654
1962.9418206707735,0.044312034205219286
1962.9445585215606,0.17021484422602434
1962.9472963723476,0.24441142832616422
1962.950034223135,0.2549371466055982
1962.952772073922,0.19685290324017318
1962.955509924709,0.07247439428089142
1962.9582477754961,-0.10147390001290163
1962.9609856262834,-0.28842422180581007
1962.9637234770705,-0.4372995351590208
1962.9664613278576,-0.4992980382837025
1962.9691991786447,-0.44784361005197204
1962.971937029432,-0.29106182281335496
1962.974674880219,-0.070648328457111
1962.977412731006,0.1523456186019553
1962.9801505817934,0.31929810814787446
1962.9828884325805,0.39505164501332957
1962.9856262833675,0.3790782782651446
1962.9883641341546,0.300532504076411
1962.991101984942,0.19887033450914704
1962.993839835729,0.10138487781732163
1962.996577686516,0.012664788166659082
1962.9993155373031,-0.07673070321773451
1963.0020533880904,-0.1700243120630724
1963.0047912388775,-0.25004572015627174
1963.0075290896646,-0.2842643629980909
1963.0102669404519,-0.24604697232716943
1963.013004791239,-0.13531848292396564
1963.015742642026,0.01747363624169731
1963.018480492813,0.16595043564701528
1963.0212183436004,0.2684039054219932
1963.0239561943874,0.30000322360407117
1963.0266940451745,0.2528906069003998
1963.0294318959616,0.1318893417551625
1963.0321697467489,-0.04548367587873124
1963.034907597536,-0.24506526084054506
1963.037645448323,-0.41687098835102404
1963.04038329911,-0.5076945010691666
1963.0431211498974,-0.48214151849687126
1963.0458590006845,-0.33997837730850344
1963.0485968514715,-0.11869319877871914
1963.0513347022588,0.12039035787324309
1963.054072553046,0.3146684509863105
1963.056810403833,0.4208905022657834
1963.05954825462,0.426611597894221
1963.0622861054073,0.3499761140828909
1963.0650239561944,0.22880061046012554
1963.0677618069815,0.10303575621543035
1963.0704996577686,-0.0017284003110757187
1963.0732375085558,-0.08074166624645124
1963.075975359343,-0.1423773768843431
1963.07871321013,-0.19188622620059625
1963.0814510609173,-0.21968025108673628
1963.0841889117044,-0.2045435909127578
1963.0869267624914,-0.13015929605719784
1963.0896646132785,-0.0019516827552687223
1963.0924024640658,0.14921107242416967
1963.0951403148529,0.2789889901916367
1963.09787816564,0.3476733677925391
1963.100616016427,0.332495028657573
1963.1033538672143,0.23031404926291799
1963.1060917180014,0.05591485329917095
1963.1088295687885,-0.15833720561597192
1963.1115674195755,-0.3630964658219952
1963.1143052703628,-0.5001448371648972
1963.11704312115,-0.5212725586335558
1963.119780971937,-0.4104111283817261
1963.1225188227243,-0.1948168454590749
1963.1252566735113,0.06380055280029934
1963.1279945242984,0.2940549108193624
1963.1307323750855,0.4413465981912969
1963.1334702258728,0.48281812943176805
1963.1362080766598,0.4271686654776864
1963.138945927447,0.3045494688852113
1963.141683778234,0.1537049552176635
1963.1444216290213,0.010397623027664364
1963.1471594798084,-0.10128559660868255
1963.1498973305954,-0.17268795426308292
1963.1526351813827,-0.207195347466201
1963.1553730321698,-0.21101134041225902
1963.1581108829569,-0.18455716071281553
1963.160848733744,-0.12188793513606158
1963.1635865845312,-0.019484952203306708
1963.1663244353183,0.11255914265656071
1963.1690622861054,0.24665549698017553
1963.1718001368924,0.34504177687985516
1963.1745379876797,0.37348896227811335
1963.1772758384668,0.31311779429025366
1963.1800136892539,0.16608851172841954
1963.182751540041,-0.043339750794563175
1963.1854893908283,-0.27026713225467064
1963.1882272416153,-0.4552789707669178
1963.1909650924024,-0.5394440125990719
1963.1937029431897,-0.48687462555163913
1963.1964407939768,-0.30415800485738415
1963.1991786447638,-0.0427813830439159
1963.201916495551,0.22052257463778988
1963.2046543463382,0.41551875536577665
1963.2073921971253,0.5037704609483588
1963.2101300479123,0.4845714655125611
1963.2128678986994,0.38321747237030174
1963.2156057494867,0.23412842515390836
1963.2183436002738,0.07010888034087605
1963.2210814510609,-0.0805505525256207
1963.2238193018482,-0.1947681453117683
1963.2265571526352,-0.2575829799529878
1963.2292950034223,-0.26552146700044216
1963.2320328542094,-0.22577427097497915
1963.2347707049967,-0.15035233854637867
1963.2375085557837,-0.05011904882201275
1963.2402464065708,0.06572002095710983
1963.2429842573579,0.1845719256082185
1963.2457221081452,0.28564141564282636
1963.2484599589322,0.3413727219965391
1963.2511978097193,0.3259255604850749
1963.2539356605066,0.22625774275534688
1963.2566735112937,0.05057931724343498
1963.2594113620808,-0.16864772540086437
1963.2621492128678,-0.37838951931795245
1963.2648870636551,-0.5168216573618666
1963.2676249144422,-0.5332191303761097
1963.2703627652293,-0.4103529691824882
1963.2731006160163,-0.17755325570229205
1963.2758384668036,0.09659816280875819
1963.2785763175907,0.3319022671499765
1963.2813141683778,0.47004079347439287
1963.2840520191648,0.4941078834748075
1963.2867898699521,0.42408915446975287
1963.2895277207392,0.2957447509227272
1963.2922655715263,0.14085772503236543
1963.2950034223136,-0.018320796452875595
1963.2977412731007,-0.16256478839935082
1963.3004791238877,-0.2696387632398029
1963.3032169746748,-0.3181060237768095
1963.305954825462,-0.2982668826788318
1963.3086926762492,-0.21929607541238275
1963.3114305270362,-0.10512584589624255
1963.3141683778233,0.017582978798031376
1963.3169062286106,0.1291221446175623
1963.3196440793977,0.21715031842415633
1963.3223819301847,0.2703480400401574
1963.325119780972,0.2738640715125337
1963.3278576317591,0.21273015158852973
1963.3305954825462,0.08199624300337795
1963.3333333333333,-0.10315726266538086
1963.3360711841206,-0.30416573765175986
1963.3388090349076,-0.46601293202255134
1963.3415468856947,-0.5336482903074883
1963.3442847364818,-0.4733663659320813
1963.347022587269,-0.290690150357397
1963.3497604380561,-0.03436741511007773
1963.3524982888432,0.21968978955348353
1963.3552361396303,0.39954307498121716
1963.3579739904176,0.46704603316381954
1963.3607118412046,0.4284621502405787
1963.3634496919917,0.3203030365755284
1963.366187542779,0.18253293828541678
1963.368925393566,0.03968674002228282
1963.3716632443532,-0.09816139392626319
1963.3744010951402,-0.22083176881328653
1963.3771389459275,-0.30752177254178115
1963.3798767967146,-0.3325000970205188
1963.3826146475017,-0.2825913377237288
1963.3853524982887,-0.17029572626617198
1963.388090349076,-0.03023655194124481
1963.390828199863,0.09835661216055169
1963.3935660506502,0.1887891222823297
1963.3963039014375,0.2313883275911162
1963.3990417522245,0.22558922914790902
1963.4017796030116,0.17044483809270575
1963.4045174537987,0.06387268933990194
1963.407255304586,-0.08863241261031496
1963.409993155373,-0.26415920668773524
1963.4127310061601,-0.42099577067507726
1963.4154688569472,-0.5093024677390697
1963.4182067077345,-0.4899545135842365
1963.4209445585216,-0.3531913216637194
1963.4236824093086,-0.12806790147396266
1963.4264202600957,0.12366177031488872
1963.429158110883,0.3294989166871577
1963.43189596167,0.43553556272379607
1963.4346338124572,0.4280326209982065
1963.4373716632444,0.33409590143753554
1963.4401095140315,0.2007551858712055
1963.4428473648186,0.06695530973201894
1963.4455852156057,-0.051680682058264926
1963.448323066393,-0.15600308385526612
1963.45106091718,-0.24371854412337807
1963.453798767967,-0.2969331451484337
1963.4565366187542,-0.2895968861838153
1963.4592744695415,-0.20889351765339895
1963.4620123203285,-0.07146668005408484
1963.4647501711156,0.08031801307901057
1963.467488021903,0.19950460649617355
1963.47022587269,0.25629904391071445
1963.472963723477,0.24507949687619268
1963.4757015742641,0.1756460866354983
1963.4784394250514,0.060787826704811324
1963.4811772758385,-0.08743086540119024
1963.4839151266256,-0.2512506257943322
1963.4866529774126,-0.4000537020243542
1963.4893908282,-0.4927930660160502
1963.492128678987,-0.4919779350165504
1963.494866529774,-0.3818079521062611
1963.4976043805614,-0.17990692110980094
1963.5003422313484,0.06423133345456007
1963.5030800821355,0.2845189869751961
1963.5058179329226,0.4218747632043642
1963.5085557837099,0.44665040291881225
1963.511293634497,0.3691583927275344
1963.514031485284,0.23163841324190595
1963.516769336071,0.08488615373202801
1963.5195071868584,-0.03666804526670764
1963.5222450376455,-0.1252495596268727
1963.5249828884325,-0.18937555819445015
1963.5277207392196,-0.23306727607720557
1963.530458590007,-0.243605134027652
1963.533196440794,-0.1994086501302865
1963.535934291581,-0.09168043199391421
1963.5386721423683,0.05925003320949914
1963.5414099931554,0.20781345914452015
1963.5441478439425,0.3050491460412233
1963.5468856947296,0.3216182931017816
1963.5496235455169,0.25607833057906243
1963.552361396304,0.12672015262249567
1963.555099247091,-0.04137414809243885
1963.557837097878,-0.22189834318866833
1963.5605749486654,-0.3843784457953302
1963.5633127994524,-0.49197417771098534
1963.5660506502395,-0.5088438992880806
1963.5687885010268,-0.4159497378917571
1963.5715263518139,-0.22497648793351532
1963.574264202601,0.02007739351427864
1963.577002053388,0.25603205769280707
1963.5797399041753,0.4221135289310027
1963.5824777549624,0.4803976477129094
1963.5852156057495,0.42741687686399665
1963.5879534565365,0.2930439892815479
1963.5906913073238,0.12684856203896155
1963.593429158111,-0.022952895791750496
1963.596167008898,-0.12802887246740324
1963.598904859685,-0.18555395952321635
1963.6016427104723,-0.20773086032346877
1963.6043805612594,-0.20363658675507518
1963.6071184120465,-0.16844515206276292
1963.6098562628338,-0.08953690476600189
1963.6125941136208,0.03544441347854203
1963.615331964408,0.18452807456719578
1963.618069815195,0.31456086646942794
1963.6208076659823,0.380403480661762
1963.6235455167694,0.3560320140123667
1963.6262833675564,0.24334603327491097
1963.6290212183435,0.06634291567565098
1963.6317590691308,-0.14007128033689292
1963.6344969199179,-0.33680284751265815
1963.637234770705,-0.48230564171445567
1963.6399726214922,-0.5368608606888732
1963.6427104722793,-0.4747067670910309
1963.6454483230664,-0.29926026677066914
1963.6481861738534,-0.049671888020065176
1963.6509240246407,0.20921040536351532
1963.6536618754278,0.4098957609747908
1963.6563997262149,0.5059654342700518
1963.659137577002,0.485004022276555
1963.6618754277893,0.36743024377232403
1963.6646132785763,0.19532931539381201
1963.6673511293634,0.017348009096858026
1963.6700889801505,-0.12585039644766108
1963.6728268309378,-0.21198682252264708
1963.6755646817248,-0.23967434626280218
1963.678302532512,-0.2213515238280387
1963.6810403832992,-0.17064343608863108
1963.6837782340863,-0.09323022665255623
1963.6865160848733,0.011343729149060351
1963.6892539356604,0.1383967509989772
1963.6919917864477,0.2676885799395686
1963.6947296372348,0.36433429633607783
1963.6974674880219,0.392217327479349
1963.700205338809,0.3307464322013306
1963.7029431895962,0.18397693642788254
1963.7056810403833,-0.021337655504937263
1963.7084188911704,-0.24365305700471168
1963.7111567419577,-0.43431881467501177
1963.7138945927447,-0.544789056812937
1963.7166324435318,-0.5375643928853896
1963.7193702943189,-0.4014701184970508
1963.7221081451062,-0.16343680960162763
1963.7248459958932,0.1143441482423586
1963.7275838466803,0.35536955322117253
1963.7303216974674,0.4981819191525118
1963.7330595482547,0.5175841723035371
1963.7357973990418,0.4270948528532715
1963.7385352498288,0.2653540714346858
1963.7412731006161,0.07818459529587021
1963.7440109514032,-0.09380813437885338
1963.7467488021903,-0.22056124055059156
1963.7494866529773,-0.28480437358537625
1963.7522245037646,-0.2836755421989461
1963.7549623545517,-0.22780598957872242
1963.7577002053388,-0.13561032539175172
1963.7604380561258,-0.025082607193483722
1963.7631759069131,0.09083993371014658
1963.7659137577002,0.2016852484647504
1963.7686516084873,0.29289614424577837
1963.7713894592744,0.34293533301526974
1963.7741273100617,0.3287049372072885
1963.7768651608487,0.23659286417213535
1963.7796030116358,0.07195570527926673
1963.782340862423,-0.13816282991017823
1963.7850787132102,-0.349212517165415
1963.7878165639972,-0.5079770090610312
1963.7905544147843,-0.5652137300762239
1963.7932922655716,-0.4918328568218128
1963.7960301163587,-0.2944953674224632
1963.7987679671457,-0.02129869619984881
1963.8015058179328,0.2507998409249473
1963.8042436687201,0.44492827360718273
1963.8069815195072,0.5150832946605279
1963.8097193702943,0.4607846683892622
1963.8124572210816,0.31814651914167846
1963.8151950718686,0.13638508308540376
1963.8179329226557,-0.042764919737349597
1963.8206707734428,-0.1915531454875391
1963.82340862423,-0.2915793879279541
1963.8261464750171,-0.32933964053349113
1963.8288843258042,-0.2990735989554689
1963.8316221765913,-0.20927151594398255
1963.8343600273786,-0.08371424074085476
1963.8370978781657,0.04694798883207232
1963.8398357289527,0.15737632179675473
1963.8425735797398,0.23389916426473129
1963.845311430527,0.2711649094911432
1963.8480492813142,0.2643645926583145
1963.8507871321012,0.20585390126020955
1963.8535249828885,0.09022553438975908
1963.8562628336756,-0.07588608378145449
1963.8590006844627,-0.26675580016829
1963.8617385352497,-0.4387010878619223
1963.864476386037,-0.5403500655174477
1963.867214236824,-0.5295221662894803
1963.8699520876112,-0.39171368619007385
1963.8726899383983,-0.15255535420304955
1963.8754277891856,0.12435445625386578
1963.8781656399726,0.3581320235916591
1963.8809034907597,0.48290983248181535
1963.883641341547,0.47490497729921205
1963.886379192334,0.35791733932050696
1963.8891170431211,0.1843837994787867
1963.8918548939082,0.0061043266216686855
1963.8945927446955,-0.14499229223921462
1963.8973305954826,-0.2559574828632727
1963.9000684462696,-0.31949748723351623
1963.9028062970567,-0.3251474702485075
1963.905544147844,-0.26467322494434103
1963.908281998631,-0.14550110149104467
1963.9110198494182,0.00297789096524035
1963.9137577002055,0.1390137376969903
1963.9164955509925,0.22783938290954447
1963.9192334017796,0.2556623964470895
1963.9219712525667,0.22842511810725957
1963.924709103354,0.1590769305562286
1963.927446954141,0.05616720998320531
1963.930184804928,-0.07643959328497958
1963.9329226557152,-0.22989399506038208
1963.9356605065025,-0.38052073969833716
1963.9383983572895,-0.4894319265184684
1963.9411362080766,-0.5142091377511427
1963.9438740588637,-0.42766347028969987
1963.946611909651,-0.23469774918419953
1963.949349760438,0.021665812852183143
1963.9520876112251,0.2706208818451833
1963.9548254620124,0.43895101587687263
1963.9575633127995,0.4812009062851599
1963.9603011635866,0.3986882917207768
1963.9630390143736,0.23528468877310904
1963.965776865161,0.051819489817604925
1963.968514715948,-0.10416384592548487
1963.971252566735,-0.21331132750136916
1963.9739904175221,-0.2766582073644579
1963.9767282683094,-0.29646441488475267
1963.9794661190965,-0.26549998507890493
1963.9822039698836,-0.175066384616437
1963.9849418206709,-0.033229318978835284
1963.987679671458,0.1258129461487636
1963.990417522245,0.25275867077614106
1963.993155373032,0.30774867849182747
1963.9958932238194,0.27950141892642316
1963.9986310746065,0.18519071274180873
1964.0013689253935,0.0539504140639188
1964.0041067761806,-0.09040906953804986
1964.006844626968,-0.23392429805544304
1964.009582477755,-0.3639732055003956
1964.012320328542,-0.45910488512957875
1964.0150581793291,-0.48898563211507723
1964.0177960301164,-0.4269021836663139
1964.0205338809035,-0.26716551034780145
1964.0232717316906,-0.03624333575451262
1964.0260095824779,0.20992401645109762
1964.028747433265,0.4030552148806346
1964.031485284052,0.4879775274334612
1964.034223134839,0.4454197507938671
1964.0369609856264,0.30031059741806354
1964.0396988364134,0.10942498680673719
1964.0424366872005,-0.06619786587626052
1964.0451745379876,-0.18794862779247434
1964.0479123887749,-0.24882173268172664
1964.050650239562,-0.2609622566306678
1964.053388090349,-0.23433890327892326
1964.0561259411363,-0.16608849714799284
1964.0588637919234,-0.04987502607291893
1964.0616016427105,0.10427651574772326
1964.0643394934975,0.2597479154383716
1964.0670773442848,0.36496547133267127
1964.069815195072,0.3799004725848115
1964.072553045859,0.2972840531306292
1964.075290896646,0.1431321791898441
1964.0780287474333,-0.04119293815478364
1964.0807665982204,-0.21910043199255214
1964.0835044490075,-0.36631347266067216
1964.0862422997945,-0.46502743189063095
1964.0889801505818,-0.4962030631620363
1964.091718001369,-0.4413975936840041
1964.094455852156,-0.29480155365380145
1964.0971937029433,-0.07576869750873828
1964.0999315537304,0.16910885719131233
1964.1026694045174,0.37801309306032016
1964.1054072553045,0.49490388541533264
1964.1081451060918,0.49010899117866924
1964.1108829568789,0.3717760940261618
1964.113620807666,0.18298175574881856
1964.116358658453,-0.015414778282439572
1964.1190965092403,-0.16935121701877037
1964.1218343600274,-0.2513332815684257
1964.1245722108144,-0.2641967439412513
1964.1273100616017,-0.22738996499117603
1964.1300479123888,-0.1570913399894197
1964.132785763176,-0.056560513271190174
1964.135523613963,0.07550446636776015
1964.1382614647503,0.2270449654905881
1964.1409993155373,0.36312832941380746
1964.1437371663244,0.4363395520978731
1964.1464750171115,0.41128701444634386
1964.1492128678988,0.28491062157469
1964.1519507186858,0.08785502069123952
1964.154688569473,-0.13191366740772073
1964.1574264202602,-0.32881105244591396
1964.1601642710473,-0.46918404250447654
1964.1629021218343,-0.5297454861291384
1964.1656399726214,-0.49469273277261483
1964.1683778234087,-0.36011686720450753
1964.1711156741958,-0.14371177072954863
1964.1738535249829,0.11061258692419776
1964.17659137577,0.34141419844212334
1964.1793292265572,0.48971883670417027
1964.1820670773443,0.519940091914431
1964.1848049281314,0.4313506872371941
1964.1875427789184,0.2562879947123662
1964.1902806297057,0.047769654907686844
1964.1930184804928,-0.13814048831466647
1964.1957563312799,-0.2596250241875371
1964.1984941820672,-0.3002741492110816
1964.2012320328543,-0.26916544593437325
1964.2039698836413,-0.18951287507602746
1964.2067077344284,-0.08296827271993458
1964.2094455852157,0.039199694018515724
1964.2121834360028,0.17156064785457537
1964.2149212867898,0.30154725213488015
1964.217659137577,0.4012868854197743
1964.2203969883642,0.4342326197073239
1964.2231348391513,0.37380200041414563
1964.2258726899383,0.22039855445127055
1964.2286105407256,0.0043501497756976894
1964.2313483915127,-0.22596528538160685
1964.2340862422998,-0.4206623888938765
1964.2368240930869,-0.5392428803636865
1964.2395619438742,-0.5545247507004297
1964.2422997946612,-0.4558019096716644
1964.2450376454483,-0.2553478918756533
1964.2477754962354,0.0062853117479521915
1964.2505133470227,0.26539698226351494
1964.2532511978097,0.45414216979894634
1964.2559890485968,0.5253977260841698
1964.2587268993839,0.4694240449278182
1964.2614647501712,0.31353199409663624
1964.2642026009582,0.10752605428578574
1964.2669404517453,-0.09480452503708253
1964.2696783025326,-0.24955592741330712
1964.2724161533197,-0.32998603554172395
1964.2751540041068,-0.3291941936435485
1964.2778918548938,-0.25902546042429214
1964.2806297056811,-0.1440623489331341
1964.2833675564682,-0.011489571832844703
1964.2861054072553,0.11796109214737388
1964.2888432580423,0.23182223643858751
1964.2915811088296,0.31981200456948916
1964.2943189596167,0.36671128062915126
1964.2970568104038,0.35272535107322006
1964.299794661191,0.26325211126247616
1964.3025325119781,0.1011536163540407
1964.3052703627652,-0.10790225779854846
1964.3080082135523,-0.3206709793416124
1964.3107460643396,-0.48802391300869435
1964.3134839151267,-0.5668354521235408
1964.3162217659137,-0.5297295871379565
1964.3189596167008,-0.37389923336722664
1964.321697467488,-0.1280822739099594
1964.3244353182752,0.14833383942426404
1964.3271731690622,0.3802492070245644
1964.3299110198495,0.5035550181104459
1964.3326488706366,0.49058880309462866
1964.3353867214237,0.35907506106916154
1964.3381245722107,0.15947888513869474
1964.340862422998,-0.049602492692016394
1964.3436002737851,-0.2218791614496052
1964.3463381245722,-0.33025563323827906
1964.3490759753593,-0.36339518894538275
1964.3518138261466,-0.3215710236450829
1964.3545516769336,-0.2168941516353197
1964.3572895277207,-0.0742975240646474
1964.3600273785078,0.0730875713634513
1964.362765229295,0.19461664940173867
1964.3655030800821,0.27186456332770165
1964.3682409308692,0.3000041036265432
1964.3709787816565,0.2808651848236054
1964.3737166324436,0.21529722612174693
1964.3764544832306,0.10255852745975602
1964.3791923340177,-0.052650838823117975
1964.381930184805,-0.23196667843822594
1964.384668035592,-0.40122076724533073
1964.3874058863792,-0.5169030146524783
1964.3901437371662,-0.5388032252211641
1964.3928815879535,-0.44466995968224776
1964.3956194387406,-0.24267258189543892
1964.3983572895277,0.023503200199083706
1964.401095140315,0.2826665644966434
1964.403832991102,0.45895907774899386
1964.406570841889,0.5019023244233641
1964.4093086926762,0.4079317128310318
1964.4120465434635,0.21968472636890723
1964.4147843942505,0.0028738636078383256
1964.4175222450376,-0.18404613447224263
1964.4202600958247,-0.30820652051566244
1964.422997946612,-0.3607401891241801
1964.425735797399,-0.3439667687041334
1964.4284736481861,-0.26296612036547706
1964.4312114989732,-0.1288838598903232
1964.4339493497605,0.03306683893504768
1964.4366872005476,0.1838603047070695
1964.4394250513346,0.28400900247816063
1964.442162902122,0.31128405084259597
1964.444900752909,0.2687596473601486
1964.447638603696,0.17717274953465692
1964.4503764544831,0.05898209110483094
1964.4531143052704,-0.07232652742300631
1964.4558521560575,-0.21012692031108504
1964.4585900068446,-0.3438268077173784
1964.4613278576317,-0.4502778835908129
1964.464065708419,-0.49582104217619655
1964.466803559206,-0.4492836037991842
1964.469541409993,-0.29936862132309366
1964.4722792607804,-0.06751022176289051
1964.4750171115675,0.19132209543117246
1964.4777549623545,0.4033617409077134
1964.4804928131416,0.5031069243977855
1964.483230663929,0.46146633596698017
1964.485968514716,0.2996165354061412
1964.488706365503,0.078730443397863
1964.4914442162901,-0.12978790988945338
1964.4941820670774,-0.2753360677689375
1964.4969199178645,-0.341314560188439
1964.4996577686516,-0.3355692871132267
1964.5023956194386,-0.2710845393672495
1964.505133470226,-0.15593141449037595
1964.507871321013,-0.00014206738221615028
1964.5106091718,0.1707569660218811
1964.5133470225874,0.3132566896397691
1964.5160848733744,0.3819341469168408
1964.5188227241615,0.3535405276056414
1964.5215605749486,0.23989283803180003
1964.5242984257359,0.07916509518289565
1964.527036276523,-0.0869223213832109
1964.52977412731,-0.2318787561718612
1964.532511978097,-0.3464409079124326
1964.5352498288844,-0.42634187004824947
1964.5379876796715,-0.4596239913547225
1964.5407255304585,-0.42583697975114226
1964.5434633812458,-0.30858275861834567
1964.546201232033,-0.1124583637527466
1964.54893908282,0.1274258389748119
1964.551676933607,0.3506560773961284
1964.5544147843943,0.491104942712797
1964.5571526351814,0.5033803174063014
1964.5598904859685,0.38398562594402497
1964.5626283367556,0.1753166679494654
1964.5653661875428,-0.05202542721765939
1964.56810403833,-0.2305560317668056
1964.570841889117,-0.32294570267496897
1964.5735797399043,-0.328686821872452
1964.5763175906914,-0.2688247413675574
1964.5790554414784,-0.16380338350419876
1964.5817932922655,-0.023790303303707898
1964.5845311430528,0.14182938008555004
1964.5872689938399,0.3079313330018848
1964.590006844627,0.4298630044279632
1964.592744695414,0.46095820889639894
1964.5954825462013,0.37989079596435726
1964.5982203969884,0.20607664172263898
1964.6009582477755,-0.009626079103722405
1964.6036960985625,-0.21156394589464889
1964.6064339493498,-0.3629112325965632
1964.609171800137,-0.450843664437611
1964.611909650924,-0.4748908067566174
1964.6146475017113,-0.433342707149407
1964.6173853524983,-0.32131350731249897
1964.6201232032854,-0.1415126936907828
1964.6228610540725,0.08284874837872035
1964.6255989048598,0.3051710435504811
1964.6283367556468,0.4671228686014129
1964.631074606434,0.5199107303818318
1964.633812457221,0.44502970874879444
1964.6365503080083,0.2645565972529284
1964.6392881587954,0.03512550158007731
1964.6420260095824,-0.173428656708848
1964.6447638603697,-0.30566586035203486
1964.6475017111568,-0.3401293557917442
1964.6502395619439,-0.2898508337825315
1964.652977412731,-0.18478190245022652
1964.6557152635182,-0.050302887217142725
1964.6584531143053,0.10122393935540024
1964.6611909650924,0.26052214999012163
1964.6639288158794,0.4048357314169539
1964.6666666666667,0.49358941151336916
1964.6694045174538,0.48482396817467566
1964.6721423682409,0.3618010634585303
1964.674880219028,0.14861343690006013
1964.6776180698153,-0.09835481560290651
1964.6803559206023,-0.31684970454384803
1964.6830937713894,-0.4634805275344799
1964.6858316221767,-0.5213003797092117
1964.6885694729638,-0.4911084148795147
1964.6913073237508,-0.38015690359308735
1964.694045174538,-0.200340465654634
1964.6967830253252,0.02452464533727106
1964.6995208761123,0.25306165631039007
1964.7022587268993,0.4320731097516372
1964.7049965776864,0.5135041344368454
1964.7077344284737,0.47347411264072536
1964.7104722792608,0.3230301257226424
1964.7132101300479,0.10569085358819721
1964.7159479808352,-0.11674340240177578
1964.7186858316222,-0.2846849977882138
1964.7214236824093,-0.3602050904577721
1964.7241615331964,-0.3375331858848148
1964.7268993839837,-0.23929846264360477
1964.7296372347707,-0.10038896967663664
1964.7323750855578,0.0502461121629587
1964.7351129363449,0.19722202966947602
1964.7378507871322,0.3312163743266172
1964.7405886379192,0.4350222093107033
1964.7433264887063,0.47851260576542864
1964.7460643394934,0.4307053044683302
1964.7488021902807,0.28149444348360037
1964.7515400410678,0.05565752862961295
1964.7542778918548,-0.19299750674617203
1964.7570157426421,-0.4036012653583156
1964.7597535934292,-0.5306169977116806
1964.7624914442163,-0.5533520090652072
1964.7652292950033,-0.47235225964537964
1964.7679671457906,-0.30279869712778945
1964.7707049965777,-0.07323046388149015
1964.7734428473648,0.17244182428316412
1964.7761806981518,0.37864237566782905
1964.7789185489391,0.49260575296170805
1964.7816563997262,0.48405130811544944
1964.7843942505133,0.3581131552159802
1964.7871321013006,0.15350397262871862
1964.7898699520877,-0.07219899163129442
1964.7926078028747,-0.26149734499670996
1964.7953456536618,-0.3722728175986171
1964.798083504449,-0.3863540020076225
1964.8008213552362,-0.31123280976464585
1964.8035592060232,-0.17485144447362058
1964.8062970568103,-0.014088557383823124
1964.8090349075976,0.13881544690903427
1964.8117727583847,0.26442361138763065
1964.8145106091717,0.35384021055461873
1964.817248459959,0.3992201329300679
1964.8199863107461,0.3871496283376398
1964.8227241615332,0.30306915503628035
1964.8254620123203,0.14473871268447477
1964.8281998631076,-0.06642979465039218
1964.8309377138946,-0.2865812204791653
1964.8336755646817,-0.4634814227696982
1964.8364134154688,-0.5540608856023896
1964.839151266256,-0.5356077688160831
1964.8418891170431,-0.40853770627205677
1964.8446269678302,-0.19542516627861717
1964.8473648186173,0.06027425754525025
1964.8501026694046,0.2988184646904375
1964.8528405201916,0.45754443671639755
1964.8555783709787,0.4921404198661402
1964.858316221766,0.3954946637068275
1964.861054072553,0.20157488806027324
1964.8637919233402,-0.029295325465891676
1964.8665297741272,-0.23468332406699202
1964.8692676249145,-0.369579843413547
1964.8720054757016,-0.4133056083111547
1964.8747433264887,-0.3665883741462689
1964.8774811772757,-0.24641041392253077
1964.880219028063,-0.08225620821556998
1964.88295687885,0.08875830141950884
1964.8856947296372,0.23082245184406947
1964.8884325804245,0.31983165448761225
1964.8911704312115,0.3483636948153323
1964.8939082819986,0.32138200928720884
1964.8966461327857,0.24685647897371893
1964.899383983573,0.1301750166671869
1964.90212183436,-0.02264164387602478
1964.9048596851471,-0.19661310770665286
1964.9075975359342,-0.36301443286146784
1964.9103353867215,-0.48363561649805653
1964.9130732375086,-0.5222651118997226
1964.9158110882956,-0.4573228482039025
1964.9185489390827,-0.2909441195911666
1964.92128678987,-0.052902874574993944
1964.924024640657,0.20190628839092623
1964.9267624914442,0.40508218809557134
1964.9295003422314,0.4960366612652734
1964.9322381930185,0.4464077109744209
1964.9349760438056,0.274393968837647
1964.9377138945927,0.03826931419221165
1964.94045174538,-0.18911841785032163
1964.943189596167,-0.34978732761489123
1964.945927446954,-0.4167835357067677
1964.9486652977412,-0.39128059362960893
1964.9514031485285,-0.28961771075606885
1964.9541409993155,-0.13411387043699727
1964.9568788501026,0.0469935691859662
1964.95961670089,0.21726334214650547
1964.962354551677,0.3372874367823849
1964.965092402464,0.3786096199192366
1964.9678302532511,0.3365615037819939
1964.9705681040384,0.23083591021416444
1964.9733059548255,0.09249632567907262
1964.9760438056126,-0.05234733344568705
1964.9787816563996,-0.1897863033317598
1964.981519507187,-0.31259192118120366
1964.984257357974,-0.4092341070241122
1964.986995208761,-0.458401197840163
1964.9897330595481,-0.4345267475632102
1964.9924709103354,-0.32135575841369035
1964.9952087611225,-0.1257647075002571
1964.9979466119096,0.11564286649578599
1965.0006844626969,0.3417377309191961
1965.003422313484,0.48462045916105395
1965.006160164271,0.4953614265774702
1965.008898015058,0.36694098686089743
1965.0116358658454,0.141109461602022
1965.0143737166325,-0.10774424281715121
1965.0171115674195,-0.3047449305784233
1965.0198494182066,-0.40415508497094144
1965.022587268994,-0.3992899400117092
1965.025325119781,-0.3104296421484954
1965.028062970568,-0.1648273288189644
1965.0308008213553,0.013598396380907072
1965.0335386721424,0.1996641200116974
1965.0362765229295,0.3583993683030602
1965.0390143737166,0.44786937170370467
1965.0417522245039,0.43681688595755824
1965.044490075291,0.32435899517928635
1965.047227926078,0.14435002175025266
1965.049965776865,-0.0511764520391877
1965.0527036276524,-0.2177512556973492
1965.0554414784394,-0.3346426662632543
1965.0581793292265,-0.40172963218756064
1965.0609171800138,-0.42352381856950816
1965.0636550308009,-0.39591304406190564
1965.066392881588,-0.30683033093005013
1965.069130732375,-0.14976977354955381
1965.0718685831623,0.060533643500490585
1965.0746064339494,0.281907207384692
1965.0773442847365,0.45365459802380864
1965.0800821355235,0.5181874197106263
1965.0828199863108,0.4464403220959937
1965.085557837098,0.2547727353056062
1965.088295687885,0.0028672307289254375
1965.091033538672,-0.2293306110049082
1965.0937713894593,-0.37508102014231537
1965.0965092402464,-0.40602358569742825
1965.0992470910335,-0.3346376620383724
1965.1019849418208,-0.1953962285165714
1965.1047227926078,-0.021501250749538087
1965.107460643395,0.1643429744500208
1965.110198494182,0.3411894282800677
1965.1129363449693,0.4770356728654473
1965.1156741957564,0.5302116495354967
1965.1184120465434,0.46949363612806805
1965.1211498973305,0.2981747201881521
1965.1238877481178,0.06082666328840647
1965.1266255989049,-0.1755599451308626
1965.129363449692,-0.3534650840819476
1965.1321013004792,-0.447045909948815
1965.1348391512663,-0.46108732447319234
1965.1375770020534,-0.41250416783082167
1965.1403148528404,-0.312632563271845
1965.1430527036277,-0.1645972444505319
1965.1457905544148,0.02474074930590519
1965.148528405202,0.23084105445203754
1965.151266255989,0.40873696321559744
1965.1540041067763,0.5057356908646031
1965.1567419575633,0.4835050743577134
1965.1594798083504,0.3381251789747807
1965.1622176591375,0.10744431842105497
1965.1649555099248,-0.1395907352341945
1965.1676933607118,-0.3286952759219178
1965.170431211499,-0.4095444164131212
1965.1731690622862,-0.3731414552241306
1965.1759069130733,-0.24745014137018956
1965.1786447638603,-0.07540633558720224
1965.1813826146474,0.10801767941016835
1965.1841204654347,0.2829977552541437
1965.1868583162218,0.43383422544756195
1965.1895961670089,0.5342263147373373
1965.192334017796,0.5474165726782401
1965.1950718685832,0.4461029573843118
1965.1978097193703,0.23738038428402028
1965.2005475701574,-0.029361959515462173
1965.2032854209447,-0.28116782339245516
1965.2060232717317,-0.45489495469851915
1965.2087611225188,-0.5218736658396939
1965.2114989733059,-0.48890602553711493
1965.2142368240932,-0.3805037781018741
1965.2169746748802,-0.220549153826426
1965.2197125256673,-0.027782979146979914
1965.2224503764544,0.17572039317736682
1965.2251882272417,0.3558587704502328
1965.2279260780288,0.4693599990380307
1965.2306639288158,0.47910356649412084
1965.233401779603,0.3726435293258802
1965.2361396303902,0.1725929691109669
1965.2388774811773,-0.06724214259729094
1965.2416153319643,-0.27887105102434945
1965.2443531827516,-0.4036882815771451
1965.2470910335387,-0.4130340244543996
1965.2498288843258,-0.3162581955103226
1965.2525667351129,-0.15171588990117563
1965.2553045859001,0.03440613924281282
1965.2580424366872,0.20801503784037612
1965.2607802874743,0.35268286614282257
1965.2635181382614,0.45906089714309445
1965.2662559890487,0.5104514614594494
1965.2689938398357,0.4809681205314103
1965.2717316906228,0.3516257811145027
1965.27446954141,0.13234155377077747
1965.2772073921972,-0.12986659299544454
1965.2799452429842,-0.36631820770561985
1965.2826830937713,-0.5164550198989756
1965.2854209445586,-0.5514523461244804
1965.2881587953457,-0.4775512037955673
1965.2908966461328,-0.3223250271524631
1965.2936344969198,-0.119078263223275
1965.2963723477071,0.09871080039403066
1965.2991101984942,0.29432860535046884
1965.3018480492813,0.42696738492450753
1965.3045859000686,0.4608072130538606
1965.3073237508556,0.38064903768155123
1965.3100616016427,0.20305067675580482
1965.3127994524298,-0.025602883294709375
1965.315537303217,-0.24367019448486463
1965.3182751540041,-0.3940199892103486
1965.3210130047912,-0.44087569657343884
1965.3237508555783,-0.37885103371220913
1965.3264887063656,-0.2322023355302572
1965.3292265571527,-0.04433303037425273
1965.3319644079397,0.1391103722106821
1965.3347022587268,0.28581940370591674
1965.337440109514,0.38232555921723566
1965.3401779603012,0.42676193073734836
1965.3429158110882,0.41633572842359284
1965.3456536618755,0.34208016928720486
1965.3483915126626,0.1973805055165988
1965.3511293634497,-0.006304512614321675
1965.3538672142367,-0.23124654631974542
1965.356605065024,-0.42244758087389195
1965.359342915811,-0.5293842530093429
1965.3620807665982,-0.5258383405440711
1965.3648186173853,-0.41600781592740305
1965.3675564681726,-0.22734217773161972
1965.3702943189596,0.0001817829042380717
1965.3730321697467,0.22059053525469394
1965.375770020534,0.385748702385995
1965.378507871321,0.45331888558488503
1965.3812457221081,0.4009151303429217
1965.3839835728952,0.23905996648653405
1965.3867214236825,0.012166928335000951
1965.3894592744696,-0.21608185901257262
1965.3921971252566,-0.38541741276500263
1965.3949349760437,-0.45738053418511027
1965.397672826831,-0.4222036280276732
1965.400410677618,-0.2957580474518239
1965.4031485284052,-0.1121598909816665
1965.4058863791922,0.08490585389166519
1965.4086242299795,0.25250009757155933
1965.4113620807666,0.3596687573143502
1965.4140999315537,0.3949103005293333
1965.416837782341,0.3646649543309603
1965.419575633128,0.2834941143602781
1965.422313483915,0.1638822655312922
1965.4250513347022,0.014297892371898952
1965.4277891854895,-0.15355454968460475
1965.4305270362765,-0.31641919425327514
1965.4332648870636,-0.4397140920801635
1965.4360027378507,-0.48836324235238426
1965.438740588638,-0.44129676605976226
1965.441478439425,-0.30066137899990425
1965.4442162902121,-0.09237396605071499
1965.4469541409994,0.13921564043758022
1965.4496919917865,0.3393608438876146
1965.4524298425736,0.45415446891318934
1965.4551676933606,0.4463359390807703
1965.457905544148,0.31181305859695585
1965.460643394935,0.08700003003587525
1965.463381245722,-0.16135110989549373
1965.4661190965091,-0.36142374585976184
1965.4688569472964,-0.4630262479916907
1965.4715947980835,-0.45085784194414397
1965.4743326488706,-0.34012718009318843
1965.4770704996577,-0.1630049489351673
1965.479808350445,0.04226893100454479
1965.482546201232,0.2355507081422639
1965.485284052019,0.37762860217394334
1965.4880219028064,0.4380502369917565
1965.4907597535935,0.40627839909319713
1965.4934976043805,0.29716673061007576
1965.4962354551676,0.1439242409844418
1965.498973305955,-0.01799552910556261
1965.501711156742,-0.1645226109633751
1965.504449007529,-0.28482664190551804
1965.5071868583161,-0.37259575257209143
1965.5099247091034,-0.41662725332085976
1965.5126625598905,-0.3999874978199369
1965.5154004106776,-0.3088774952500444
1965.5181382614649,-0.14479986602132602
1965.520876112252,0.06773203909587777
1965.523613963039,0.2822053208331274
1965.526351813826,0.44036336776885804
1965.5290896646134,0.4899803328404965
1965.5318275154004,0.4056649931935673
1965.5345653661875,0.2041172889140347
1965.5373032169746,-0.05627224624838024
1965.5400410677619,-0.2956058997788672
1965.542778918549,-0.4443049428453584
1965.545516769336,-0.4690825319411054
1965.5482546201233,-0.3785043909193985
1965.5509924709104,-0.20817441489000899
1965.5537303216975,0.00010269686038047281
1965.5564681724845,0.20946836823615972
1965.5592060232718,0.38620225164847244
1965.561943874059,0.4955534946932374
1965.564681724846,0.5073676541409795
1965.567419575633,0.4115996414814955
1965.5701574264203,0.23059030086570478
1965.5728952772074,0.014435470732892947
1965.5756331279945,-0.18082020765130777
1965.5783709787815,-0.31757897864358214
1965.5811088295688,-0.3867095285089472
1965.583846680356,-0.39830055968150063
1965.586584531143,-0.363570900245585
1965.5893223819303,-0.2837391135519473
1965.5920602327174,-0.1539179000286137
1965.5947980835044,0.022639034734485124
1965.5975359342915,0.2218667892715369
1965.6002737850788,0.3977307909880452
1965.6030116358659,0.4950680488596425
1965.605749486653,0.47155746295620626
1965.60848733744,0.3193057571593105
1965.6112251882273,0.07514311765229367
1965.6139630390144,-0.188186024825772
1965.6167008898015,-0.38904975947677545
1965.6194387405887,-0.46996891267064345
1965.6221765913758,-0.4185398845625031
1965.624914442163,-0.26444347598164714
1965.62765229295,-0.05688807830332769
1965.6303901437373,0.15956448757548944
1965.6331279945243,0.35391155874094293
1965.6358658453114,0.5009944708284304
1965.6386036960985,0.5718054448686667
1965.6413415468858,0.5377447502035997
1965.6440793976728,0.389653762499749
1965.64681724846,0.15529040336698502
1965.649555099247,-0.10337058561267196
1965.6522929500343,-0.31593115588931303
1965.6550308008214,-0.4357052070982776
1965.6577686516084,-0.4557095012647701
1965.6605065023957,-0.3992279436105069
1965.6632443531828,-0.2957259742395598
1965.6659822039699,-0.16249049207667574
1965.668720054757,-0.004691419929321049
1965.6714579055442,0.1699852062550485
1965.6741957563313,0.3370514214157059
1965.6769336071184,0.45439420591623814
1965.6796714579054,0.47727027183557963
1965.6824093086927,0.3809032648223899
1965.6851471594798,0.17813753902981916
1965.6878850102669,-0.078074247249629
1965.6906228610542,-0.3108032246422903
1965.6933607118413,-0.4483649957389491
1965.6960985626283,-0.45307740241526145
1965.6988364134154,-0.33409432079804224
1965.7015742642027,-0.13689385859949818
1965.7043121149898,0.08311327821944281
1965.7070499657768,0.28433390721472573
1965.709787816564,0.44453267907047217
1965.7125256673512,0.5487360499785414
1965.7152635181383,0.5759773638405774
1965.7180013689253,0.5021726449070261
1965.7207392197124,0.3203120870524575
1965.7234770704997,0.06048518797407769
1965.7262149212868,-0.21111540539901977
1965.7289527720739,-0.41886950980987064
1965.7316906228612,-0.5130144974861942
1965.7344284736482,-0.48876070271609423
1965.7371663244353,-0.3775945702497457
1965.7399041752224,-0.22111201539480835
1965.7426420260097,-0.049351458637850384
1965.7453798767967,0.12189392407903353
1965.7481177275838,0.2783903401058136
1965.7508555783709,0.39527631049562784
1965.7535934291582,0.43861717285867363
1965.7563312799452,0.38111413113377984
1965.7590691307323,0.22113489993697624
1965.7618069815196,-0.00775185929032849
1965.7645448323067,-0.24336471658493258
1965.7672826830938,-0.4156246611268157
1965.7700205338808,-0.4727380695285481
1965.7727583846681,-0.40111607029032115
1965.7754962354552,-0.2289559970620654
1965.7782340862423,-0.010848513500547058
1965.7809719370293,0.19817110651378625
1965.7837097878166,0.363156443957557
1965.7864476386037,0.47181612793738353
1965.7891854893908,0.5206127610220087
1965.791923340178,0.49985743728388976
1965.7946611909651,0.39423012428559895
1965.7973990417522,0.2006768382865581
1965.8001368925393,-0.0521056813929902
1965.8028747433266,-0.3027500739327668
1965.8056125941137,-0.48077713339380324
1965.8083504449007,-0.5397981590348353
1965.8110882956878,-0.4769295989388958
1965.813826146475,-0.32626796859547513
1965.8165639972622,-0.13497355764066662
1965.8193018480492,0.057870180968213336
1965.8220396988363,0.22606093790119527
1965.8247775496236,0.34808055617366107
1965.8275154004107,0.40018941624093374
1965.8302532511977,0.3612829304614063
1965.832991101985,0.22698618334972076
1965.8357289527721,0.021133771100383548
1965.8384668035592,-0.20552661976080924
1965.8412046543463,-0.39032230306354654
1965.8439425051336,-0.48006419440833364
1965.8466803559206,-0.4494141487916491
1965.8494182067077,-0.30921167269874067
1965.8521560574948,-0.10164171456773863
1965.854893908282,0.11641326909055395
1965.8576317590691,0.2950795590249055
1965.8603696098562,0.4074148351599082
1965.8631074606435,0.45067765766323586
1965.8658453114306,0.43360834885281957
1965.8685831622176,0.3613349121643829
1965.8713210130047,0.23186414100265484
1965.874058863792,0.04791934999834198
1965.876796714579,-0.16696851806595145
1965.8795345653662,-0.36499554755392893
1965.8822724161532,-0.4904449890689914
1965.8850102669405,-0.5060016308822974
1965.8877481177276,-0.41023978254957927
1965.8904859685147,-0.23489649110375072
1965.8932238193017,-0.027018534327883342
1965.895961670089,0.16875193471246056
1965.898699520876,0.31706058436064044
1965.9014373716632,0.3902885304805089
1965.9041752224505,0.36878512410359016
1965.9069130732375,0.24851582178247306
1965.9096509240246,0.05076780968961089
1965.9123887748117,-0.17681579828714789
1965.915126625599,-0.37295632028041814
1965.917864476386,-0.48360956925183884
1965.9206023271731,-0.4798318514764571
1965.9233401779602,-0.36495655283055983
1965.9260780287475,-0.17081491063019988
1965.9288158795346,0.05301178781109126
1965.9315537303216,0.25330367613317306
1965.934291581109,0.38800246952909
1965.937029431896,0.4375321697481386
1965.939767282683,0.4071157372414463
1965.9425051334701,0.317940789643464
1965.9452429842574,0.1927279264603739
1965.9479808350445,0.04639590054625413
1965.9507186858316,-0.11131069865591527
1965.9534565366187,-0.26516250620290793
1965.956194387406,-0.38762976862802223
1965.958932238193,-0.4448045500567508
1965.96167008898,-0.41241260926401596
1965.9644079397672,-0.29008783128117677
1965.9671457905545,-0.10380687282426246
1965.9698836413415,0.1034308157501306
1965.9726214921286,0.2844488622269528
1965.975359342916,0.39726790465445483
1965.978097193703,0.4113593708480645
1965.98083504449,0.3150643696448706
1965.9835728952771,0.12419982542004963
1965.9863107460644,-0.11517147207967332
1965.9890485968515,-0.33723627017099517
1965.9917864476386,-0.478865118229131
1965.9945242984256,-0.5025490493867294
1965.997262149213,-0.40705962784871
1966.0,-0.2221158938120552
1966.002737850787,0.005835229257423002
1966.0054757015744,0.22683265033472577
1966.0082135523614,0.3958386715011756
1966.0109514031485,0.4794343717998503
1966.0136892539356,0.4635608258814497
1966.0164271047229,0.35909868620471064
1966.01916495551,0.1987569979818724
1966.021902806297,0.023639979525510176
1966.024640657084,-0.13310551424391912
1966.0273785078714,-0.25457014368360203
1966.0301163586585,-0.33573545980857805
1966.0328542094455,-0.372710122602866
1966.0355920602328,-0.35661770438960133
1966.03832991102,-0.27790515894415463
1966.041067761807,-0.13708959507616947
1966.043805612594,0.04701946813538835
1966.0465434633813,0.23748492067084073
1966.0492813141684,0.38731687248403623
1966.0520191649555,0.4518128848121698
1966.0547570157426,0.4023247086141481
1966.0574948665299,0.23905210160526902
1966.060232717317,-0.002037852423439608
1966.062970568104,-0.25496250114819136
1966.065708418891,-0.4446390507723942
1966.0684462696784,-0.5153352998252019
1966.0711841204654,-0.45140993106176425
1966.0739219712525,-0.2784874314019236
1966.0766598220398,-0.04656418425694751
1966.0793976728269,0.19133556311526362
1966.082135523614,0.391326584799658
1966.084873374401,0.5195717259548873
1966.0876112251883,0.551092317663961
1966.0903490759754,0.47531740422489244
1966.0930869267625,0.30625094578152506
1966.0958247775495,0.08571793841841091
1966.0985626283368,-0.12896281808518376
1966.101300479124,-0.28827995497303444
1966.104038329911,-0.3694356613947616
1966.1067761806983,-0.3779900783580412
1966.1095140314853,-0.3331538246222014
1966.1122518822724,-0.25014319658187917
1966.1149897330595,-0.1335309701020079
1966.1177275838468,0.015132009139336893
1966.1204654346338,0.1837694001075691
1966.123203285421,0.3420750305284962
1966.125941136208,0.4460990043994046
1966.1286789869953,0.45359808845714245
1966.1314168377824,0.3433921150751467
1966.1341546885694,0.13025880165241183
1966.1368925393565,-0.1325296482987483
1966.1396303901438,-0.36752487111303267
1966.1423682409309,-0.501206987501846
1966.145106091718,-0.49351403955599227
1966.1478439425052,-0.352620949314533
1966.1505817932923,-0.12623963868895102
1966.1533196440794,0.1238943331891813
1966.1560574948664,0.3463801996255506
1966.1587953456537,0.5085510455346814
1966.1615331964408,0.5895943540514924
1966.1642710472279,0.572754684868077
1966.167008898015,0.4497432396140066
1966.1697467488023,0.23540111357700647
1966.1724845995893,-0.023309346184959483
1966.1752224503764,-0.2582997871533423
1966.1779603011637,-0.4089109629042186
1966.1806981519508,-0.4491213516552493
1966.1834360027378,-0.39391151752702963
1966.186173853525,-0.281496527066004
1966.1889117043122,-0.14672855027108384
1966.1916495550993,-0.006007416445341217
1966.1943874058863,0.13755201225402078
1966.1971252566734,0.2769174428666804
1966.1998631074607,0.38837351898964767
1966.2026009582478,0.4344303045493857
1966.2053388090349,0.3813722722792915
1966.208076659822,0.22084431605375932
1966.2108145106092,-0.01714032621388251
1966.2135523613963,-0.2679960606604147
1966.2162902121834,-0.4537075069140435
1966.2190280629707,-0.5133174748460275
1966.2217659137577,-0.42837491533265815
1966.2245037645448,-0.22930716823953895
1966.2272416153319,0.02157068056316308
1966.2299794661192,0.2599384500123164
1966.2327173169062,0.44290747872830377
1966.2354551676933,0.5523450149607013
1966.2381930184804,0.5814963449797127
1966.2409308692677,0.5223848146793694
1966.2436687200548,0.3692734386080629
1966.2464065708418,0.13618006190894788
1966.2491444216291,-0.13000223850979598
1966.2518822724162,-0.3585571820101818
1966.2546201232033,-0.4855021450029913
1966.2573579739903,-0.48517199741427053
1966.2600958247776,-0.3795500073679064
1966.2628336755647,-0.2192649067638445
1966.2655715263518,-0.052203815023102396
1966.2683093771388,0.09648693888515018
1966.2710472279261,0.2212286425299174
1966.2737850787132,0.31785644979680006
1966.2765229295003,0.36939798144612646
1966.2792607802876,0.34890468601077507
1966.2819986310747,0.23735647981118393
1966.2847364818617,0.04324793204563688
1966.2874743326488,-0.19005979954678814
1966.290212183436,-0.39505335766250366
1966.2929500342232,-0.5046908267170204
1966.2956878850102,-0.4798141574637749
1966.2984257357973,-0.32619985591437417
1966.3011635865846,-0.0919148281711818
1966.3039014373717,0.15474757890327592
1966.3066392881587,0.35486982936367323
1966.3093771389458,0.4784959371631219
1966.3121149897331,0.5232330590449746
1966.3148528405202,0.49685520237135145
1966.3175906913073,0.4017122306492955
1966.3203285420946,0.23639795763861693
1966.3230663928816,0.01322737771735143
1966.3258042436687,-0.2266812093300832
1966.3285420944558,-0.41943375389118315
1966.331279945243,-0.5066252655637459
1966.3340177960301,-0.4665997114892074
1966.3367556468172,-0.32505486882090845
1966.3394934976043,-0.137376529224375
1966.3422313483916,0.042637176504559816
1966.3449691991786,0.1840543052984311
1966.3477070499657,0.2777140938153613
1966.350444900753,0.3203928387561202
1966.35318275154,0.3026487175035679
1966.3559206023272,0.2123698812567921
1966.3586584531142,0.05033663657293924
1966.3613963039015,-0.1564401260494179
1966.3641341546886,-0.355664861122159
1966.3668720054757,-0.4863300885784019
1966.3696098562627,-0.5024695989396935
1966.37234770705,-0.39247815664154023
1966.375085557837,-0.18516728446984876
1966.3778234086242,0.06056984539524131
1966.3805612594113,0.27871406184597797
1966.3832991101985,0.4212948407523164
1966.3860369609856,0.4726915832220954
1966.3887748117727,0.4453306348336022
1966.39151266256,0.3613635185450364
1966.394250513347,0.23553611313037143
1966.3969883641341,0.07341307834771894
1966.3997262149212,-0.11463827832723891
1966.4024640657085,-0.29858013947179324
1966.4052019164956,-0.4302907127470476
1966.4079397672826,-0.4650432367648329
1966.4106776180697,-0.3879748997298506
1966.413415468857,-0.2247843294827918
1966.416153319644,-0.028291615659891925
1966.4188911704312,0.1480751400159409
1966.4216290212185,0.2699182480858991
1966.4243668720055,0.32353609503202446
1966.4271047227926,0.3055635916063937
1966.4298425735797,0.21548919644268363
1966.432580424367,0.05961894569479352
1966.435318275154,-0.13874032662950908
1966.438056125941,-0.3355046816402125
1966.4407939767282,-0.47589841796335397
1966.4435318275155,-0.5143043399712263
1966.4462696783025,-0.43264942452384
1966.4490075290896,-0.24806608294125485
1966.4517453798767,-0.007547568001714569
1966.454483230664,0.22715816308300804
1966.457221081451,0.3990912620230311
1966.4599589322381,0.47386848785057634
1966.4626967830254,0.4487969996791034
1966.4654346338125,0.3483730832240242
1966.4681724845996,0.20808221600038584
1966.4709103353866,0.05668234871273842
1966.473648186174,-0.09090268408022269
1966.476386036961,-0.22624463971747466
1966.479123887748,-0.33445769829934346
1966.4818617385351,-0.3899205941040288
1966.4845995893224,-0.3672314120946535
1966.4873374401095,-0.25955814692714585
1966.4900752908966,-0.08897273145072396
1966.4928131416839,0.10015337312010136
1966.495550992471,0.259405255059657
1966.498288843258,0.3526190020349392
1966.501026694045,0.36133253972714596
1966.5037645448324,0.282185206794521
1966.5065023956195,0.1252037763987815
1966.5092402464065,-0.0831269342725798
1966.5119780971936,-0.29770433178534866
1966.514715947981,-0.4621560672998449
1966.517453798768,-0.5268380033729836
1966.520191649555,-0.46837053479496404
1966.5229295003423,-0.2989467725997182
1966.5256673511294,-0.06090954138468213
1966.5284052019165,0.18824372196919878
1966.5311430527036,0.3919302532639174
1966.5338809034909,0.5070193142097197
1966.536618754278,0.5128072731481963
1966.539356605065,0.4161821656820011
1966.542094455852,0.24971297433450151
1966.5448323066394,0.059982554267566005
1966.5475701574264,-0.11016588771161823
1966.5503080082135,-0.2354688657946342
1966.5530458590006,-0.3095850161177709
1966.5557837097879,-0.33499077549100087
1966.558521560575,-0.3118535420440104
1966.561259411362,-0.23631126829904647
1966.5639972621493,-0.10909925365915245
1966.5667351129364,0.05429663139637377
1966.5694729637235,0.22170949116653857
1966.5722108145105,0.35257607680333547
1966.5749486652978,0.4104995350071913
1966.577686516085,0.37336659942366457
1966.580424366872,0.23928785051956095
1966.583162217659,0.03002675431518098
1966.5859000684463,-0.2087166566998574
1966.5886379192334,-0.4146757810665643
1966.5913757700205,-0.5268330520996632
1966.5941136208078,-0.5082535789729271
1966.5968514715948,-0.36149084364877593
1966.599589322382,-0.12668803248899466
1966.602327173169,0.1359954602671789
1966.6050650239563,0.3676492974406294
1966.6078028747434,0.5238552598733167
1966.6105407255304,0.5779980796788075
1966.6132785763175,0.5215031621388038
1966.6160164271048,0.36676860752788454
1966.6187542778919,0.14990930489000337
1966.621492128679,-0.0749917322007399
1966.624229979466,-0.25327112401474033
1966.6269678302533,-0.35052159963700047
1966.6297056810404,-0.36300407378055055
1966.6324435318274,-0.31053866455362167
1966.6351813826147,-0.21843221483371886
1966.6379192334018,-0.10302818357103617
1966.640657084189,0.029140594463412696
1966.643394934976,0.17090167598640676
1966.6461327857633,0.30369615481974627
1966.6488706365503,0.3961731746175974
1966.6516084873374,0.4136654873470023
1966.6543463381245,0.333162868273702
1966.6570841889118,0.1567457556908461
1966.6598220396988,-0.0819690511910853
1966.662559890486,-0.3221668479769553
1966.6652977412732,-0.4925463842203776
1966.6680355920603,-0.536745454038637
1966.6707734428473,-0.4367464870136355
1966.6735112936344,-0.22099106591863346
1966.6762491444217,0.04879440535823862
1966.6789869952088,0.3043048054750407
1966.6817248459959,0.494042437435341
1966.684462696783,0.5908463569167112
1966.6872005475702,0.5854809964887749
1966.6899383983573,0.47937922803124805
1966.6926762491444,0.2868168373681413
1966.6954140999314,0.0430647955533832
1966.6981519507187,-0.19518915760278174
1966.7008898015058,-0.366287413407931
1966.7036276522929,-0.4301688275195694
1966.7063655030802,-0.38648233561095613
1966.7091033538672,-0.2700653661550537
1966.7118412046543,-0.12703685654818136
1966.7145790554414,0.010276075107053804
1966.7173169062287,0.131866796076997
1966.7200547570158,0.23899645505043696
1966.7227926078028,0.32599727015692165
1966.72553045859,0.3712169853539813
1966.7282683093772,0.34453373177860147
1966.7310061601643,0.22626423495381306
1966.7337440109513,0.02531089251252732
1966.7364818617386,-0.21439568542910203
1966.7392197125257,-0.42395130831756805
1966.7419575633128,-0.533442161960371
1966.7446954140999,-0.5004345554109845
1966.7474332648871,-0.32945090194971116
1966.7501711156742,-0.07105106349084392
1966.7529089664613,0.20056694487899704
1966.7556468172484,0.4189868020588518
1966.7583846680357,0.5471303497556289
1966.7611225188227,0.5777286444398172
1966.7638603696098,0.5184026092551033
1966.766598220397,0.3787994827504995
1966.7693360711842,0.17267868614077111
1966.7720739219712,-0.06929994935731035
1966.7748117727583,-0.2936960089300653
1966.7775496235456,-0.4387910214457467
1966.7802874743327,-0.4640877871001731
1966.7830253251198,-0.37332690733994983
1966.7857631759068,-0.21197792760616113
1966.7885010266941,-0.03988795640505323
1966.7912388774812,0.1005480747001022
1966.7939767282683,0.19790367114762455
1966.7967145790553,0.26035128626982235
1966.7994524298426,0.2928906326086805
1966.8021902806297,0.2838220591607936
1966.8049281314168,0.2112744770131879
1966.807665982204,0.06387999237863722
1966.8104038329911,-0.14035468257843373
1966.8131416837782,-0.3506859490368757
1966.8158795345653,-0.4992304435539757
1966.8186173853526,-0.5284177555191467
1966.8213552361397,-0.4172071896576322
1966.8240930869267,-0.19289608642127076
1966.8268309377138,0.07870605591802855
1966.829568788501,0.32111199120542694
1966.8323066392882,0.4783910962055388
1966.8350444900752,0.5319777627687305
1966.8377823408625,0.4945307904379021
1966.8405201916496,0.38907055531155327
1966.8432580424367,0.2324925815238729
1966.8459958932237,0.037174542291729014
1966.848733744011,-0.1736995989399832
1966.851471594798,-0.35611043176077706
1966.8542094455852,-0.4562484513936006
1966.8569472963723,-0.4390321671652957
1966.8596851471596,-0.3124623466848407
1966.8624229979466,-0.12678048687753876
1966.8651608487337,0.05290054523193438
1966.8678986995208,0.18033299709437875
1966.870636550308,0.24382242567339413
1966.8733744010951,0.25563351436847176
1966.8761122518822,0.22851986284762726
1966.8788501026695,0.16120435358090027
1966.8815879534566,0.044223010623686075
1966.8843258042436,-0.1208192392082718
1966.8870636550307,-0.3060069783887311
1966.889801505818,-0.4591193710363604
1966.892539356605,-0.5231226031964464
1966.8952772073922,-0.46231048032434713
1966.8980150581792,-0.2812044049212202
1966.9007529089665,-0.02653404016641655
1966.9034907597536,0.22948165988832767
1966.9062286105407,0.4176128335358138
1966.908966461328,0.4982334120603592
1966.911704312115,0.47200450485231293
1966.914442162902,0.3691722934171185
1966.9171800136892,0.22608180607590306
1966.9199178644765,0.06672172327634367
1966.9226557152635,-0.09747343745298662
1966.9253935660506,-0.25264971967576233
1966.9281314168377,-0.3698326946839103
1966.930869267625,-0.41064977536843794
1966.933607118412,-0.3505795883837425
1966.9363449691991,-0.20113240052817483
1966.9390828199862,-0.010822946432904008
1966.9418206707735,0.15829062303840433
1966.9445585215606,0.2613885113222443
1966.9472963723476,0.28650948142262683
1966.950034223135,0.24654773177322703
1966.952772073922,0.15918950522713907
1966.955509924709,0.0343363501571074
1966.9582477754961,-0.12133822738328297
1966.9609856262834,-0.2901737902766367
1966.9637234770705,-0.43565308514982887
1966.9664613278576,-0.5106301230796382
1966.9691991786447,-0.4777922153600346
1966.971937029432,-0.3295795752306524
1966.974674880219,-0.09605243096475649
1966.977412731006,0.16309494099657917
1966.9801505817934,0.3786575132977539
1966.9828884325805,0.49617659641138084
1966.9856262833675,0.4947254639146085
1966.9883641341546,0.39171637308114415
1966.991101984942,0.23073321148664952
1966.993839835729,0.05882610773276151
1966.996577686516,-0.09278185002799177
1966.9993155373031,-0.21249693879495105
1967.0020533880904,-0.2966712518508759
1967.0047912388775,-0.33551038587869403
1967.0075290896646,-0.3116309059368438
1967.0102669404519,-0.21427838601752788
1967.013004791239,-0.056634743188777086
1967.015742642026,0.12072036722300138
1967.018480492813,0.265660960785119
1967.0212183436004,0.3383990803615418
1967.0239561943874,0.32579699150748004
1967.0266940451745,0.23810360708286177
1967.0294318959616,0.09576316811328409
1967.0321697467489,-0.07945856332898554
1967.034907597536,-0.2625868504044756
1967.037645448323,-0.41950801114381303
1967.04038329911,-0.5087136966698914
1967.0431211498974,-0.49489770188048854
1967.0458590006845,-0.3667451139611506
1967.0485968514715,-0.146628291448948
1967.0513347022588,0.11419430952180132
1967.054072553046,0.3516710739484183
1967.056810403833,0.508267281609683
1967.05954825462,0.5489675370735825
1967.0622861054073,0.47066334230043716
1967.0650239561944,0.30262192568583446
1967.0677618069815,0.09621633024105308
1967.0704996577686,-0.09410266447594394
1967.0732375085558,-0.2302669922493
1967.075975359343,-0.2996080189266576
1967.07871321013,-0.30872673236572695
1967.0814510609173,-0.2688926127547352
1967.0841889117044,-0.18612210212330454
1967.0869267624914,-0.06395087829621944
1967.0896646132785,0.08552312389553103
1967.0924024640658,0.2347098024271832
1967.0951403148529,0.34604581576494436
1967.09787816564,0.3866293868059024
1967.100616016427,0.3410287417107557
1967.1033538672143,0.21462299523229458
1967.1060917180014,0.029338738103013042
1967.1088295687885,-0.18122139477492147
1967.1115674195755,-0.3742697109779239
1967.1143052703628,-0.5022058286565697
1967.11704312115,-0.5241342531639516
1967.119780971937,-0.42241466877877487
1967.1225188227243,-0.21421125095832091
1967.1252566735113,0.051272221663445625
1967.1279945242984,0.30951789755030684
1967.1307323750855,0.5015117971942681
1967.1334702258728,0.5881998544085061
1967.1362080766598,0.5557267964023598
1967.138945927447,0.4155060634932564
1967.141683778234,0.20253326161263754
1967.1444216290213,-0.030167428920404186
1967.1471594798084,-0.22490378045515566
1967.1498973305954,-0.3384744645079979
1967.1526351813827,-0.3571588604161601
1967.1553730321698,-0.2972004906765574
1967.1581108829569,-0.19018513480180896
1967.160848733744,-0.06434353921991318
1967.1635865845312,0.06465507909620213
1967.1663244353183,0.18890154041807472
1967.1690622861054,0.29699117705896294
1967.1718001368924,0.3680781335730533
1967.1745379876797,0.37677315791587795
1967.1772758384668,0.3049779436844907
1967.1800136892539,0.15273617486569643
1967.182751540041,-0.05694295724902081
1967.1854893908283,-0.28000600748382964
1967.1882272416153,-0.45962796828574704
1967.1909650924024,-0.5410274754574537
1967.1937029431897,-0.4907089444387127
1967.1964407939768,-0.3125326987249282
1967.1991786447638,-0.05036226278984918
1967.201916495551,0.22713485867833638
1967.2046543463382,0.4522353536723359
1967.2073921971253,0.5796136770887387
1967.2101300479123,0.5929455663377189
1967.2128678986994,0.49875316572151457
1967.2156057494867,0.31854054792521547
1967.2183436002738,0.08701980701491677
1967.2210814510609,-0.1470960192578973
1967.2238193018482,-0.3278524767156743
1967.2265571526352,-0.41031824316507437
1967.2292950034223,-0.38100676104712783
1967.2320328542094,-0.2646443736397876
1967.2347707049967,-0.10981474497109113
1967.2375085557837,0.03745774326477688
1967.2402464065708,0.15343474501939142
1967.2429842573579,0.23695968429911027
1967.2457221081452,0.2936551961554894
1967.2484599589322,0.31929845172661037
1967.2511978097193,0.29620769048956586
1967.2539356605066,0.2048106896995137
1967.2566735112937,0.0414292666375449
1967.2594113620808,-0.1696211906417143
1967.2621492128678,-0.3769533110003909
1967.2648870636551,-0.5166413759021297
1967.2676249144422,-0.5354906359232878
1967.2703627652293,-0.414136736279725
1967.2731006160163,-0.1789974470161565
1967.2758384668036,0.10506943293643417
1967.2785763175907,0.36008279575606517
1967.2813141683778,0.5253250120920282
1967.2840520191648,0.5755872991917429
1967.2867898699521,0.5186007817443695
1967.2895277207392,0.3787136885170745
1967.2922655715263,0.18321884399178093
1967.2950034223136,-0.03820320616142202
1967.2977412731007,-0.24622569517688753
1967.3004791238877,-0.39206394925496346
1967.3032169746748,-0.43386835483776326
1967.305954825462,-0.36064642513926953
1967.3086926762492,-0.20380316820014538
1967.3114305270362,-0.023446147187657765
1967.3141683778233,0.12326173648551211
1967.3169062286106,0.20922594061588753
1967.3196440793977,0.2411208947015834
1967.3223819301847,0.23987862076471184
1967.325119780972,0.21603808532379565
1967.3278576317591,0.16005716161354205
1967.3305954825462,0.05393065325707038
1967.3333333333333,-0.10632932430789764
1967.3360711841206,-0.2947110106859806
1967.3388090349076,-0.457299166214188
1967.3415468856947,-0.5322083866704378
1967.3442847364818,-0.4774297557312669
1967.347022587269,-0.29292985002022853
1967.3497604380561,-0.025535585375865238
1967.3524982888432,0.24755551265871278
1967.3552361396303,0.4500406138780222
1967.3579739904176,0.536618012087512
1967.3607118412046,0.505275776140965
1967.3634496919917,0.38617273245857187
1967.366187542779,0.2178693292041348
1967.368925393566,0.030122043532343656
1967.3716632443532,-0.15526864393205872
1967.3744010951402,-0.31205257159325256
1967.3771389459275,-0.4038587577069669
1967.3798767967146,-0.39726215304009377
1967.3826146475017,-0.286185132809357
1967.3853524982887,-0.10602728952956264
1967.388090349076,0.07856758976744002
1967.390828199863,0.20689450439548226
1967.3935660506502,0.2525844289433714
1967.3963039014375,0.22912114335439412
1967.3990417522245,0.16868098767642678
1967.4017796030116,0.09352764875436465
1967.4045174537987,0.0031880143824713873
1967.407255304586,-0.11435545438634756
1967.409993155373,-0.25911883280864717
1967.4127310061601,-0.4034453736003986
1967.4154688569472,-0.4969502342969046
1967.4182067077345,-0.4895635396322896
1967.4209445585216,-0.3588865876001741
1967.4236824093086,-0.12651351962200305
1967.4264202600957,0.1456572628989027
1967.429158110883,0.37834227007915794
1967.43189596167,0.5068596939631012
1967.4346338124572,0.5064813960858064
1967.4373716632444,0.3976436163947985
1967.4401095140315,0.22867014990439882
1967.4428473648186,0.048174037407176504
1967.4455852156057,-0.11373125525076291
1967.448323066393,-0.24408015548602352
1967.45106091718,-0.33182700320232755
1967.453798767967,-0.35734126480668044
1967.4565366187542,-0.30033394544708775
1967.4592744695415,-0.16123305194636145
1967.4620123203285,0.02430386940455005
1967.4647501711156,0.19480124369639637
1967.467488021903,0.29330231526539385
1967.47022587269,0.2967483690646222
1967.472963723477,0.22234244913748585
1967.4757015742641,0.10781440259912828
1967.4784394250514,-0.016428590638800714
1967.4811772758385,-0.14056233992207912
1967.4839151266256,-0.26593836527263964
1967.4866529774126,-0.3848121028385544
1967.4893908282,-0.46898004675732624
1967.492128678987,-0.4781630339048633
1967.494866529774,-0.3827248507766986
1967.4976043805614,-0.1852768443087774
1967.5003422313484,0.07242235722381633
1967.5030800821355,0.32138229979786515
1967.5058179329226,0.4906030985073315
1967.5085557837099,0.5344750163076682
1967.511293634497,0.45013587719928333
1967.514031485284,0.27620282818822767
1967.516769336071,0.07293353765123697
1967.5195071868584,-0.10539148344020997
1967.5222450376455,-0.22947306093755032
1967.5249828884325,-0.29475729839972736
1967.5277207392196,-0.306072015511431
1967.530458590007,-0.2632991995248018
1967.533196440794,-0.16230393931994666
1967.535934291581,-0.01003798449591286
1967.5386721423683,0.162226418841196
1967.5414099931554,0.303669261318094
1967.5441478439425,0.36707998242064
1967.5468856947296,0.33356625546835905
1967.5496235455169,0.2196400581681654
1967.552361396304,0.0624259511298451
1967.555099247091,-0.10303483248194949
1967.557837097878,-0.2556162423448753
1967.5605749486654,-0.3824837414963923
1967.5633127994524,-0.46620305941470713
1967.5660506502395,-0.4805241386302766
1967.5687885010268,-0.40142982767987434
1967.5715263518139,-0.22556639654270003
1967.574264202601,0.01828320745197852
1967.577002053388,0.27345418632820045
1967.5797399041753,0.4733861614436977
1967.5824777549624,0.5644141609726703
1967.5852156057495,0.5241526779847105
1967.5879534565365,0.36929974459548687
1967.5906913073238,0.14987005316347454
1967.593429158111,-0.06922080382370162
1967.596167008898,-0.2324421206834916
1967.598904859685,-0.31209514075968514
1967.6016427104723,-0.31095101247094664
1967.6043805612594,-0.2491415330311369
1967.6071184120465,-0.14682681176264226
1967.6098562628338,-0.01667846029770297
1967.6125941136208,0.12958226859916935
1967.615331964408,0.27002324601668926
1967.618069815195,0.37073182028383295
1967.6208076659823,0.3983197304875403
1967.6235455167694,0.3375559542788414
1967.6262833675564,0.1997777041153833
1967.6290212183435,0.016198320678494527
1967.6317590691308,-0.17645305075026502
1967.6344969199179,-0.34561846809260555
1967.637234770705,-0.4631845986129666
1967.6399726214922,-0.5028760498918132
1967.6427104722793,-0.4441817558241309
1967.6454483230664,-0.28404729322789524
1967.6481861738534,-0.04734706593636537
1967.6509240246407,0.21435534622698246
1967.6536618754278,0.43770145113375175
1967.6563997262149,0.5681174239624804
1967.659137577002,0.5757909152002432
1967.6618754277893,0.4622499830465022
1967.6646132785763,0.25878649623284744
1967.6673511293634,0.01890439353803862
1967.6700889801505,-0.19515180672210308
1967.6728268309378,-0.3309196020315904
1967.6755646817248,-0.36323726903116
1967.678302532512,-0.30104571356102844
1967.6810403832992,-0.1781397042365266
1967.6837782340863,-0.0334832286166864
1967.6865160848733,0.10531146435852573
1967.6892539356604,0.22487700101964958
1967.6919917864477,0.31693099182928547
1967.6947296372348,0.36853233435857186
1967.6974674880219,0.362030876738551
1967.700205338809,0.28475120054731057
1967.7029431895962,0.13964912095169957
1967.7056810403833,-0.05131666519374917
1967.7084188911704,-0.2518767799366625
1967.7111567419577,-0.4193846654602529
1967.7138945927447,-0.5125479966474924
1967.7166324435318,-0.5000533357478416
1967.7193702943189,-0.37155398133694834
1967.7221081451062,-0.14722285093699422
1967.7248459958932,0.12226427005435159
1967.7275838466803,0.36990458961964556
1967.7303216974674,0.5353045245859092
1967.7330595482547,0.5838562183896384
1967.7357973990418,0.5127704364653154
1967.7385352498288,0.3451085516535787
1967.7412731006161,0.12041754912790811
1967.7440109514032,-0.11192589402773218
1967.7467488021903,-0.29886911400543403
1967.7494866529773,-0.39512128894668097
1967.7522245037646,-0.3794596295705585
1967.7549623545517,-0.2660523497189042
1967.7577002053388,-0.09969263781363087
1967.7604380561258,0.06554643963776505
1967.7631759069131,0.19112846534103736
1967.7659137577002,0.2656678212393223
1967.7686516084873,0.2971356255027302
1967.7713894592744,0.294766662917261
1967.7741273100617,0.25654985760878507
1967.7768651608487,0.1715385397876605
1967.7796030116358,0.03342515876810306
1967.782340862423,-0.14587997146633222
1967.7850787132102,-0.33199738954823127
1967.7878165639972,-0.47539045537836666
1967.7905544147843,-0.5269353546539749
1967.7932922655716,-0.4564192140133293
1967.7960301163587,-0.26769952824128485
1967.7987679671457,-0.0033050652016747674
1967.8015058179328,0.2667990768238872
1967.8042436687201,0.4701100927701862
1967.8069815195072,0.5584935618416307
1967.8097193702943,0.5223534467056554
1967.8124572210816,0.38547807381297094
1967.8151950718686,0.18782231767569554
1967.8179329226557,-0.029197545599908076
1967.8206707734428,-0.22650141359812873
1967.82340862423,-0.3653245074823591
1967.8261464750171,-0.41127683087506
1967.8288843258042,-0.34892492778729844
1967.8316221765913,-0.1968642778353257
1967.8343600273786,-0.007180108653951559
1967.8370978781657,0.1565440802432159
1967.8398357289527,0.25021569967536816
1967.84257357974,0.2674906406190897
1967.845311430527,0.23263165327052207
1967.8480492813142,0.17517285612545266
1967.8507871321012,0.10707886638735184
1967.8535249828885,0.01929973748586742
1967.8562628336756,-0.10185123857710078
1967.8590006844627,-0.25283157527526623
1967.8617385352497,-0.40219064321603054
1967.864476386037,-0.498559807738586
1967.867214236824,-0.49286238591248044
1967.8699520876112,-0.3631866839684656
1967.8726899383983,-0.13011813304774553
1967.8754277891856,0.14567277432178063
1967.8781656399726,0.3845091892992371
1967.8809034907597,0.5191034324201589
1967.883641341547,0.5207839353294893
1967.886379192334,0.40624836515935897
1967.8891170431211,0.22209464092340991
1967.8918548939082,0.019292891837607705
1967.8945927446955,-0.16421102491173906
1967.8973305954826,-0.3036300000373512
1967.9000684462696,-0.3778014435769777
1967.9028062970567,-0.36632617098516757
1967.905544147844,-0.26149298140624533
1967.908281998631,-0.08532230891975998
1967.9110198494182,0.10753738967910928
1967.9137577002052,0.2508817599308582
1967.9164955509925,0.30073334560038
1967.9192334017796,0.2573038583718924
1967.9219712525667,0.1582186351204699
1967.924709103354,0.048641753107598065
1967.927446954141,-0.04812157802791187
1967.930184804928,-0.13776144537577967
1967.9329226557152,-0.23701395853980906
1967.9356605065025,-0.3472515035951198
1967.9383983572895,-0.44101129638843595
1967.9411362080766,-0.4715290125560481
1967.9438740588637,-0.3987829325640454
1967.946611909651,-0.21576572173681294
1967.949349760438,0.040154205188511566
1967.9520876112251,0.2973403608899334
1967.9548254620124,0.47747812251364763
1967.9575633127995,0.5280617053785981
1967.9603011635866,0.4436907286655104
1967.9630390143736,0.2646935819563349
1967.965776865161,0.05411728674723027
1967.968514715948,-0.13219302580734754
1967.971252566735,-0.26340710126314576
1967.9739904175221,-0.3306329454625045
1967.9767282683094,-0.3317211054805066
1967.9794661190965,-0.2623397888308437
1967.9822039698836,-0.1238980022053858
1967.9849418206709,0.05982007509614623
1967.987679671458,0.23720247283267845
1967.990417522245,0.3467865066396878
1967.993155373032,0.3496594430227879
1967.9958932238194,0.25198920101802164
1967.9986310746065,0.09910045153147189
1968.0013689253935,-0.05492134527425451
1968.0041067761806,-0.17848816264302653
1968.006844626968,-0.271438571332577
1968.009582477755,-0.34784833328136067
1968.012320328542,-0.4099406569539829
1968.0150581793291,-0.43566003250997654
1968.0177960301164,-0.38972529347491114
1968.0205338809035,-0.24948387835186556
1968.0232717316906,-0.02715538290034165
1968.0260095824779,0.22606620521216045
1968.028747433265,0.4368088680773333
1968.031485284052,0.5389042420031597
1968.034223134839,0.5014312862148766
1968.0369609856264,0.34205409190172537
1968.0396988364134,0.11859715889600517
1968.0424366872005,-0.09742094208712093
1968.0451745379876,-0.25096697636975257
1968.0479123887749,-0.3201784789375385
1968.050650239562,-0.3115382265589112
1968.053388090349,-0.24151656414977088
1968.0561259411363,-0.12252944023619139
1968.0588637919234,0.034672648664602214
1968.0616016427105,0.20719663556480075
1968.0643394934975,0.3525745723040968
1968.0670773442848,0.4210434959370544
1968.069815195072,0.3822678265259624
1968.072553045859,0.24574475019439102
1968.075290896646,0.057035914492272695
1968.0780287474333,-0.1284785555069874
1968.0807665982204,-0.2740141811528437
1968.0835044490075,-0.3708311206214204
1968.0862422997948,-0.42483948579915615
1968.0889801505818,-0.435787296416979
1968.091718001369,-0.38897572530996916
1968.094455852156,-0.26673816184963806
1968.0971937029433,-0.06959725527304221
1968.0999315537304,0.1702412263068104
1968.1026694045174,0.39368603406789565
1968.1054072553045,0.5356407548219037
1968.1081451060918,0.550947026536058
1968.1108829568789,0.43335311334875765
1968.113620807666,0.21957868706099576
1968.116358658453,-0.02360760200554797
1968.1190965092403,-0.2247438862082115
1968.1218343600274,-0.33445672221920364
1968.1245722108144,-0.3402852129207604
1968.1273100616017,-0.26207712647783765
1968.1300479123888,-0.1330157609135997
1968.132785763176,0.01867962218775919
1968.135523613963,0.1742448884335922
1968.1382614647503,0.3152844545173666
1968.1409993155373,0.41444300720585575
1968.1437371663244,0.43938959206208805
1968.1464750171115,0.3702012392012509
1968.1492128678988,0.21584528719095764
1968.1519507186858,0.01438963698053893
1968.154688569473,-0.18469621698711067
1968.15742642026,-0.3423054313611164
1968.1601642710473,-0.4392185719721999
1968.1629021218343,-0.4695524208559756
1968.1656399726214,-0.42916656854652147
1968.1683778234087,-0.31313250469195675
1968.1711156741958,-0.1256255054097108
1968.1738535249829,0.10768996663857332
1968.17659137577,0.3379200582172106
1968.1793292265572,0.5062442713300456
1968.1820670773443,0.5651684674860799
1968.1848049281314,0.4962881096858872
1968.1875427789184,0.317252920673486
1968.1902806297057,0.07702656584301087
1968.1930184804928,-0.15817427851628346
1968.1957563312799,-0.32496110529063216
1968.1984941820672,-0.3834741665310792
1968.2012320328543,-0.33025440701928305
1968.2039698836413,-0.19574557939605552
1968.2067077344284,-0.026807553867183226
1968.2094455852157,0.13507019598042308
1968.2121834360028,0.2658771140561878
1968.2149212867898,0.35569927864575734
1968.217659137577,0.39717484048005314
1968.2203969883642,0.3791933847886583
1968.2231348391513,0.2925968406412028
1968.2258726899383,0.14200954488271728
1968.2286105407256,-0.048204946908515525
1968.2313483915127,-0.23995449499318208
1968.2340862422998,-0.39432959084670927
1968.2368240930869,-0.4815051770355331
1968.2395619438742,-0.4832943229470648
1968.2422997946612,-0.39278240589271673
1968.2450376454483,-0.2173286327037201
1968.2477754962354,0.015607438572757993
1968.2505133470227,0.2576051544115778
1968.2532511978097,0.4499499222270292
1968.2559890485968,0.543121771972356
1968.2587268993839,0.5143935749304365
1968.2614647501712,0.3740812470864989
1968.2642026009582,0.1597039476948515
1968.2669404517453,-0.07563814367454659
1968.2696783025326,-0.27511245698138326
1968.2724161533197,-0.3899460803741239
1968.2751540041068,-0.39256552629302427
1968.2778918548938,-0.287750484501114
1968.2806297056811,-0.11353373374635786
1968.2833675564682,0.07339650420609344
1968.2861054072553,0.22212474198192692
1968.2888432580423,0.30700985482543414
1968.2915811088296,0.3299527006028276
1968.2943189596167,0.30625332623279317
1968.2970568104038,0.2472850820225648
1968.299794661191,0.15394734542264119
1968.3025325119781,0.024067628097058653
1968.3052703627652,-0.13485735453444186
1968.3080082135523,-0.2988801147174467
1968.3107460643396,-0.4313953096568017
1968.3134839151267,-0.49413694176699907
1968.3162217659137,-0.4596158875081609
1968.3189596167008,-0.3215773172748471
1968.321697467488,-0.10161578393073117
1968.3244353182752,0.15134701141711468
1968.3271731690622,0.3724955795844091
1968.3299110198495,0.5023774687198659
1968.3326488706366,0.5089027999226429
1968.3353867214237,0.3978488018124041
1968.3381245722107,0.20632333499093222
1968.340862422998,-0.014552462017996766
1968.3436002737851,-0.21536578661220696
1968.3463381245722,-0.35546453195322236
1968.3490759753593,-0.40504317814801877
1968.3518138261466,-0.3503990890802018
1968.3545516769336,-0.20357747117531041
1968.3572895277207,-0.00708627708625678
1968.3600273785078,0.17708395819528874
1968.362765229295,0.29335044798416243
1968.3655030800821,0.3180576347555324
1968.3682409308692,0.2664500411493171
1968.3709787816565,0.17595607830140017
1968.3737166324436,0.07882723335145597
1968.3764544832306,-0.015311720899180852
1968.3791923340177,-0.11564660215947359
1968.381930184805,-0.23090164922384684
1968.384668035592,-0.3510554541303635
1968.3874058863792,-0.44356856389826765
1968.3901437371662,-0.4661356637127337
1968.3928815879535,-0.3879036872146022
1968.3956194387406,-0.20801191260601748
1968.3983572895277,0.03720977714127168
1968.401095140315,0.2824983188771177
1968.403832991102,0.45588503844835443
1968.406570841889,0.5066490880641642
1968.4093086926762,0.42566249935277606
1968.4120465434635,0.24674300532839397
1968.4147843942505,0.028357987496860932
1968.4175222450376,-0.17210962380602235
1968.4202600958247,-0.315232284880782
1968.422997946612,-0.38048878087167015
1968.425735797399,-0.35889108386233376
1968.4284736481861,-0.2509179970583419
1968.4312114989732,-0.07455986846880897
1968.4339493497605,0.126617956970639
1968.4366872005476,0.29053870688713535
1968.4394250513346,0.3622158900552571
1968.442162902122,0.32280341974795806
1968.444900752909,0.19978586461379602
1968.447638603696,0.04853023798745408
1968.4503764544831,-0.08224262985178898
1968.4531143052704,-0.1758014862085529
1968.4558521560575,-0.24616118850087226
1968.4585900068446,-0.31408405763312686
1968.4613278576317,-0.38078695254631895
1968.464065708419,-0.41942814650524524
1968.466803559206,-0.38972841457267815
1968.469541409993,-0.2649939962625611
1968.4722792607804,-0.05427602135749424
1968.4750171115675,0.1931185518012877
1968.4777549623545,0.4035581190914103
1968.4804928131416,0.5085072764006001
1968.483230663929,0.47401592891442473
1968.485968514716,0.3156874449177294
1968.488706365503,0.09067904102992541
1968.4914442162901,-0.12925148550173118
1968.4941820670774,-0.28778515729261267
1968.4969199178645,-0.35956549729185583
1968.4996577686516,-0.34518507917733826
1968.5023956194386,-0.25597367214842087
1968.505133470226,-0.10565612906562737
1968.507871321013,0.08372578744381584
1968.5106091718,0.27152802374607177
1968.5133470225874,0.4014554623262558
1968.5160848733744,0.4244729567716819
1968.5188227241615,0.32807660151944246
1968.5215605749486,0.14810275936177533
1968.5242984257359,-0.049614895678130315
1968.527036276523,-0.20649237851924637
1968.52977412731,-0.30035577999450347
1968.532511978097,-0.34601591228162965
1968.5352498288844,-0.36976065017876797
1968.5379876796715,-0.3800427877312745
1968.5407255304585,-0.35749520268972373
1968.5434633812458,-0.27064171191967495
1968.546201232033,-0.10431781930629999
1968.54893908282,0.11973900184632032
1968.551676933607,0.3436594979047762
1968.5544147843943,0.49530972695117836
1968.5571526351814,0.5198141232993817
1968.5598904859685,0.4051893249307026
1968.5626283367556,0.1894359874857152
1968.5653661875428,-0.05511208684311745
1968.56810403833,-0.25286160843524474
1968.570841889117,-0.35496054038500013
1968.5735797399043,-0.3518569402447144
1968.5763175906914,-0.26371854623722557
1968.5790554414784,-0.11984928756119831
1968.5817932922655,0.054781151320486506
1968.5845311430528,0.23664216238156494
1968.5872689938399,0.392564663735011
1968.590006844627,0.4782385931191513
1968.592744695414,0.45555394153728296
1968.5954825462013,0.318469365693127
1968.5982203969884,0.10512587443487445
1968.6009582477755,-0.11770677856347914
1968.6036960985625,-0.28927964624848046
1968.6064339493498,-0.3835154496615622
1968.609171800137,-0.4111986944406277
1968.611909650924,-0.39705829741079124
1968.6146475017113,-0.3528605366974526
1968.6173853524983,-0.2687835665089063
1968.6201232032854,-0.1284648656939856
1968.6228610540725,0.06621844960129522
1968.6255989048598,0.280893614561241
1968.6283367556468,0.4559398886730787
1968.631074606434,0.5310619826289903
1968.633812457221,0.4732783214887736
1968.6365503080083,0.29412911326723545
1968.6392881587954,0.048077684660364425
1968.6420260095824,-0.1875729072258673
1968.6447638603697,-0.3428045828840647
1968.6475017111568,-0.3810429339110321
1968.6502395619439,-0.30817427844819323
1968.652977412731,-0.16061897265376557
1968.6557152635182,0.017898251436173764
1968.6584531143053,0.1939477586661155
1968.6611909650924,0.34558997092377036
1968.6639288158794,0.4518654804749178
1968.6666666666667,0.4862951158643046
1968.6694045174538,0.4257349846842363
1968.6721423682409,0.2695360852185326
1968.674880219028,0.05118724286802326
1968.6776180698153,-0.17139205253901946
1968.6803559206023,-0.3427152726676386
1968.6830937713894,-0.4341413860853373
1968.6858316221767,-0.4480960893037496
1968.6885694729638,-0.4019072330229153
1968.6913073237508,-0.30799798806451084
1968.694045174538,-0.16831059628693834
1968.6967830253252,0.013793482772643183
1968.6995208761123,0.21706049086869256
1968.7022587268993,0.3977229256602024
1968.7049965776864,0.5026754962994119
1968.7077344284737,0.492608421581592
1968.7104722792608,0.3613610126123887
1968.7132101300479,0.1418011556595426
1968.7159479808352,-0.10352745876486923
1968.7186858316222,-0.3028886874377611
1968.7214236824093,-0.3998774637243667
1968.7241615331964,-0.373038179711677
1968.7268993839837,-0.24169493052757182
1968.7296372347707,-0.05416613299532434
1968.7323750855578,0.13561485968726478
1968.7351129363449,0.2890206446902367
1968.7378507871322,0.38890296433219856
1968.7405886379192,0.4306565961584653
1968.7433264887063,0.41014745511475326
1968.7460643394934,0.32175085787101526
1968.7488021902807,0.16842690868663132
1968.7515400410678,-0.02729662912913173
1968.7542778918548,-0.22445374852550815
1968.7570157426421,-0.37870127954042615
1968.7597535934292,-0.4600353560934736
1968.7624914442163,-0.4598880081967644
1968.7652292950033,-0.3850143449572226
1968.7679671457906,-0.24775608303822796
1968.7707049965777,-0.06371419907888479
1968.7734428473648,0.14218428267809505
1968.7761806981518,0.33082701722666974
1968.7789185489391,0.4550602623040626
1968.7816563997262,0.4765984009093355
1968.7843942505133,0.38348924663819217
1968.7871321013006,0.19725656011202275
1968.7898699520877,-0.03331157621243005
1968.7926078028747,-0.24690444305600395
1968.7953456536618,-0.38657414488999026
1968.798083504449,-0.41521119540973256
1968.8008213552362,-0.3272839079919979
1968.8035592060232,-0.15244577513907
1968.8062970568103,0.053886100841272315
1968.8090349075976,0.23207443850610787
1968.8117727583847,0.34173916979223884
1968.8145106091717,0.3732712474550614
1968.817248459959,0.34100026632540426
1968.8199863107461,0.26529675850411044
1968.8227241615332,0.15869390276134257
1968.8254620123203,0.02588065885322856
1968.8281998631076,-0.1257465028694382
1968.8309377138946,-0.276983616210729
1968.8336755646817,-0.39808054524126785
1968.8364134154688,-0.45891869064372753
1968.839151266256,-0.4398598374627916
1968.8418891170431,-0.33730521524218177
1968.8446269678302,-0.16467681647671556
1968.8473648186173,0.04787167452365438
1968.8501026694046,0.2554242959276441
1968.8528405201916,0.4062573289700589
1968.8555783709787,0.45749705853614414
1968.858316221766,0.39243779921544686
1968.861054072553,0.22893167671163217
1968.8637919233402,0.012943037173248184
1968.8665297741272,-0.19836247783754468
1968.8692676249145,-0.3535689933283232
1968.8720054757016,-0.4171355692678122
1968.8747433264887,-0.3740597149902342
1968.8774811772757,-0.23369071484941506
1968.880219028063,-0.03225757840899665
1968.88295687885,0.1726182183815366
1968.8856947296372,0.3202037815289469
1968.8884325804245,0.37170836300021753
1968.8911704312115,0.32671885941244216
1968.8939082819986,0.21858538919203613
1968.8966461327857,0.09118224261720143
1968.899383983573,-0.02626657672087024
1968.90212183436,-0.12872845609894032
1968.9048596851471,-0.22491837481479438
1968.9075975359342,-0.31800388256174955
1968.9103353867215,-0.3935309897481244
1968.9130732375086,-0.4227835916478826
1968.9158110882956,-0.37781155369095437
1968.9185489390827,-0.2481100556604373
1968.92128678987,-0.050584114313518946
1968.924024640657,0.17084869150501117
1968.9267624914442,0.3563188680929971
1968.9295003422314,0.4495426679322568
1968.9322381930185,0.4196806869135118
1968.9349760438056,0.27540931414366937
1968.9377138945927,0.06240865474695967
1968.94045174538,-0.1556193313921582
1968.943189596167,-0.32143302161870946
1968.945927446954,-0.40016573575811404
1968.9486652977412,-0.3809459429205024
1968.9514031485285,-0.27076910095941037
1968.9541409993155,-0.09130962541360876
1968.9568788501026,0.11871475591540746
1968.95961670089,0.30434711342108844
1968.962354551677,0.40840264331334897
1968.965092402464,0.396654183759769
1968.9678302532511,0.27791121918643763
1968.9705681040384,0.10152521012775576
1968.9733059548255,-0.06963550820592553
1968.9760438056126,-0.19313867638161542
1968.9787816563996,-0.26411689919793024
1968.981519507187,-0.304880256124006
1968.984257357974,-0.33741868032667505
1968.986995208761,-0.36083329857355256
1968.9897330595481,-0.3497445643964639
1968.9924709103354,-0.2730586329251835
1968.9952087611225,-0.1190168083512092
1968.9979466119096,0.08947909539121751
1969.0006844626969,0.29771653856834046
1969.003422313484,0.43876344456971567
1969.006160164271,0.4611060498989251
1969.008898015058,0.3521016524172342
1969.0116358658454,0.14570406504650127
1969.0143737166325,-0.09075048152565793
1969.0171115674195,-0.2848291087129426
1969.0198494182066,-0.38691623504445477
1969.022587268994,-0.3824752312133412
1969.025325119781,-0.2850848637719654
1969.028062970568,-0.12107353563770831
1969.0308008213553,0.0792247708159666
1969.0335386721424,0.2788581560128243
1969.0362765229295,0.43039847739513165
1969.0390143737166,0.4848656405085431
1969.0417522245039,0.4150142429291287
1969.044490075291,0.23704675551221135
1969.047227926078,0.01018077654952856
1969.049965776865,-0.19143842469143887
1969.0527036276524,-0.31728169118188293
1969.0554414784394,-0.36223587735958496
1969.0581793292265,-0.3567703519828814
1969.0609171800138,-0.3350095840029405
1969.0636550308009,-0.3062738685353308
1969.066392881588,-0.250884154518017
1969.069130732375,-0.14113861752003615
1969.0718685831623,0.02974843735157362
1969.0746064339494,0.2315453927283909
1969.0773442847365,0.4040459496670068
1969.0800821355235,0.4828767071343568
1969.0828199863108,0.43014315295447303
1969.085557837098,0.25459732105466926
1969.088295687885,0.011220709454295822
1969.091033538672,-0.2204453071958139
1969.0937713894593,-0.3691347705351742
1969.0965092402464,-0.3989019727982229
1969.0992470910335,-0.3162263218328262
1969.1019849418208,-0.15593318167337386
1969.1047227926078,0.040828710640943955
1969.107460643395,0.23937194952313592
1969.110198494182,0.4087941896822544
1969.1129363449693,0.5140386587572794
1969.1156741957564,0.5189138698150664
1969.1184120465434,0.4049509552359676
1969.1211498973305,0.1923171570652702
1969.1238877481178,-0.05838288931100233
1969.1266255989049,-0.27160235007667966
1969.129363449692,-0.3947625455136159
1969.1321013004792,-0.4214515478544336
1969.1348391512663,-0.38327914318581296
1969.1375770020534,-0.3184464938307598
1969.1403148528404,-0.2427522364838638
1969.1430527036277,-0.1448848749136809
1969.1457905544148,-0.007056098833985336
1969.148528405202,0.16751608195484474
1969.151266255989,0.34215654895483344
1969.1540041067763,0.45846379924774555
1969.1567419575633,0.46452397564066666
1969.1594798083504,0.34283545204514865
1969.1622176591375,0.12307077606757055
1969.1649555099248,-0.12655479660774416
1969.1676933607118,-0.32553469017103115
1969.170431211499,-0.4131031097672398
1969.1731690622862,-0.3707391884194184
1969.1759069130733,-0.22390668494055074
1969.1786447638603,-0.023450085229833734
1969.1813826146474,0.18009112956334358
1969.1841204654347,0.35205746973068264
1969.1868583162218,0.4716191204619939
1969.1895961670089,0.5206391214488245
1969.192334017796,0.47993489660187627
1969.1950718685832,0.3410030608545481
1969.1978097193703,0.12369299604055244
1969.2005475701574,-0.1193146322069156
1969.2032854209447,-0.3214020276342813
1969.2060232717317,-0.43396491148275984
1969.2087611225188,-0.44804519778096386
1969.2114989733059,-0.38950500814671685
1969.2142368240932,-0.29322749762230454
1969.2169746748802,-0.17852926608310177
1969.2197125256673,-0.045164120505850086
1969.2224503764544,0.10960670441619647
1969.2251882272417,0.27012584516497895
1969.2279260780288,0.39677034584276394
1969.2306639288158,0.44132843759429785
1969.233401779603,0.372947469512011
1969.2361396303902,0.19807284032103561
1969.2388774811773,-0.036741312682689584
1969.2416153319643,-0.2600232752131322
1969.2443531827516,-0.4014855745724722
1969.2470910335387,-0.4182973536039445
1969.2498288843258,-0.3105864886237171
1969.2525667351129,-0.11878259828296948
1969.2553045859001,0.09639002687293649
1969.2580424366872,0.28040829761228825
1969.2607802874743,0.4024710035761659
1969.2635181382614,0.4550448079247375
1969.2662559890487,0.4405131519855672
1969.2689938398357,0.359964896425055
1969.2717316906228,0.2154359545277986
1969.27446954141,0.022338308166774914
1969.2772073921972,-0.18280103991450197
1969.2799452429842,-0.35107559798876614
1969.2826830937713,-0.4427956349789358
1969.2854209445586,-0.4454561453189779
1969.2881587953457,-0.3740104486476133
1969.2908966461328,-0.2549956530787676
1969.2936344969198,-0.10984348299506119
1969.2963723477071,0.04835494962744945
1969.2991101984942,0.2046229578965713
1969.3018480492813,0.33169175505122617
1969.3045859000686,0.3926423167577958
1969.3073237508556,0.3574969260998301
1969.3100616016427,0.22226145674024492
1969.3127994524298,0.01709492641286432
1969.315537303217,-0.20135540675354072
1969.3182751540041,-0.36872001997738196
1969.3210130047912,-0.43420929291793176
1969.3237508555783,-0.37742215488914077
1969.3264887063656,-0.21587022749647028
1969.3292265571527,0.00028264550858573753
1969.3319644079397,0.20657384734400022
1969.3347022587268,0.34919343127301194
1969.337440109514,0.4039334070926236
1969.3401779603012,0.37828496923770955
1969.3429158110882,0.29686364705858453
1969.3456536618755,0.18249952628862973
1969.3483915126626,0.04760329748162172
1969.3511293634497,-0.09984927674788688
1969.3538672142367,-0.24485806802290128
1969.356605065024,-0.36170358947060716
1969.359342915811,-0.42260485174694046
1969.3620807665982,-0.411100750745725
1969.3648186173853,-0.32887628669909863
1969.3675564681726,-0.1923618759100913
1969.3702943189596,-0.025337510929699044
1969.3730321697467,0.14457787883971676
1969.375770020534,0.2851493163582638
1969.378507871321,0.3614381764383776
1969.3812457221081,0.3458559152092583
1969.3839835728952,0.2327000102027598
1969.3867214236825,0.04664858178632881
1969.3894592744696,-0.16241965378561254
1969.3921971252566,-0.33605936385355006
1969.3949349760437,-0.4259593330025763
1969.397672826831,-0.40676306110027505
1969.400410677618,-0.2815032237278397
1969.4031485284052,-0.08159502108034666
1969.4058863791922,0.1388929594922543
1969.4086242299795,0.31741221844426043
1969.4113620807666,0.4045900638478445
1969.4140999315537,0.3841645998994768
1969.416837782341,0.2782783201891052
1969.419575633128,0.1326927616390156
1969.422313483915,-0.009153025259604937
1969.4250513347022,-0.1255732747353164
1969.4277891854895,-0.21728655840106142
1969.4305270362765,-0.29221399711656754
1969.4332648870636,-0.3490064264497039
1969.4360027378507,-0.3724861443091525
1969.438740588638,-0.3426767750030505
1969.441478439425,-0.24880596037600197
1969.4442162902121,-0.09862916290801849
1969.4469541409994,0.08049631928314073
1969.4496919917865,0.24706409234278998
1969.4524298425736,0.35531762456026206
1969.4551676933606,0.36887652102797847
1969.457905544148,0.2755444956102972
1969.460643394935,0.09647985932174238
1969.463381245722,-0.11769840265228187
1969.4661190965091,-0.3045387333509929
1969.4688569472964,-0.4122273355565152
1969.4715947980835,-0.41471173560660424
1969.4743326488706,-0.31396524953582156
1969.4770704996577,-0.13405999688895848
1969.479808350445,0.08485899044513029
1969.482546201232,0.2907998589944909
1969.485284052019,0.4281911993661499
1969.4880219028064,0.4549857348455676
1969.4907597535935,0.36289293467028083
1969.4934976043805,0.18598439993332638
1969.4962354551676,-0.013193339790400046
1969.498973305955,-0.17474165047566179
1969.501711156742,-0.26984218444553293
1969.504449007529,-0.30724859067658544
1969.5071868583161,-0.31502963233295744
1969.5099247091034,-0.31316016580276
1969.5126625598905,-0.2977573832867138
1969.5154004106776,-0.24681042678040666
1969.5181382614649,-0.14075496389753717
1969.520876112252,0.0176087383145994
1969.523613963039,0.1962081072626987
1969.526351813826,0.34270928001035467
1969.5290896646134,0.4044598041941928
1969.5318275154004,0.3508873078868663
1969.5345653661875,0.18922896209568096
1969.5373032169746,-0.034176908086966065
1969.5400410677619,-0.2497698489325617
1969.542778918549,-0.39168717450095
1969.545516769336,-0.4220296312466256
1969.5482546201233,-0.3397425140818227
1969.5509924709104,-0.17213288187265335
1969.5537303216975,0.040749745462443344
1969.5564681724845,0.25612613096507214
1969.5592060232718,0.4298262524183178
1969.561943874059,0.5177997774637096
1969.564681724846,0.4876979199121094
1969.567419575633,0.33822590913651573
1969.5701574264203,0.1105615039090919
1969.5728952772074,-0.12336577028405987
1969.5756331279945,-0.2941065453662688
1969.5783709787815,-0.3687477991480832
1969.5811088295688,-0.36171973586984035
1969.583846680356,-0.31502244054933165
1969.586584531143,-0.2637156150995063
1969.5893223819303,-0.2127251103002426
1969.5920602327174,-0.14058938552371816
1969.5947980835044,-0.024601388188754642
1969.5975359342915,0.13277762757984293
1969.6002737850788,0.29482020995339514
1969.6030116358659,0.40397137511188685
1969.605749486653,0.4092357963047777
1969.60848733744,0.2926615249557159
1969.6112251882273,0.08190964337483261
1969.6139630390144,-0.15738663665604397
1969.6167008898015,-0.34686376479744335
1969.6194387405887,-0.4269048388699974
1969.6221765913758,-0.37861818572907435
1969.624914442163,-0.22516810305872534
1969.62765229295,-0.014133565553877514
1969.6303901437373,0.20502501317251334
1969.6331279945243,0.39298293087509323
1969.6358658453114,0.518468063842907
1969.6386036960985,0.5529676353914831
1969.6413415468858,0.47592924527882147
1969.6440793976728,0.29151466136865917
1969.64681724846,0.041797180121987666
1969.649555099247,-0.20136794176256728
1969.6522929500343,-0.3676762862101816
1969.6550308008214,-0.4236118199223955
1969.6577686516084,-0.38573218618043476
1969.6605065023957,-0.30171232931667596
1969.6632443531828,-0.21392769459445085
1969.6659822039699,-0.13348087189763896
1969.668720054757,-0.042964295569468375
1969.6714579055442,0.07708987126569562
1969.6741957563313,0.22053835933201513
1969.6769336071184,0.3479954985720943
1969.6796714579054,0.4043184159854731
1969.6824093086927,0.3492046280653206
1969.6851471594798,0.18228600215106477
1969.6878850102669,-0.05083422962585827
1969.6906228610542,-0.27441353880321506
1969.6933607118413,-0.4128175891235389
1969.6960985626283,-0.4212036378161619
1969.6988364134154,-0.30190719532648796
1969.7015742642027,-0.09848080984202606
1969.7043121149898,0.12815362365059935
1969.7070499657768,0.32592041610454126
1969.709787816564,0.46412142316794186
1969.7125256673512,0.5282972511344091
1969.7152635181383,0.5087329629481079
1969.7180013689253,0.3984873523958603
1969.7207392197124,0.20548026858425542
1969.7234770704997,-0.033883405358712246
1969.7262149212868,-0.2577817945861895
1969.7289527720739,-0.4040531318640981
1969.7316906228612,-0.4419037417424389
1969.7344284736482,-0.3859841810043961
1969.7371663244353,-0.28109219226598214
1969.7399041752224,-0.1694527355061274
1969.7426420260097,-0.06644997330023054
1969.7453798767967,0.03734669403412591
1969.7481177275838,0.15246143083804803
1969.7508555783709,0.26688638514984764
1969.7535934291582,0.34264736782095295
1969.7563312799452,0.33554180367507536
1969.7590691307323,0.22380255513936717
1969.7618069815196,0.026659751855627092
1969.7645448323067,-0.19804936649923902
1969.7672826830938,-0.3754369566506033
1969.7700205338808,-0.44355446266005705
1969.7727583846681,-0.3783414146719053
1969.7754962354552,-0.20248237163541238
1969.7782340862423,0.026144486060222863
1969.7809719370293,0.24081613101993213
1969.7837097878166,0.3927736152707335
1969.7864476386037,0.46347960450563086
1969.7891854893908,0.45754010250776067
1969.791923340178,0.38609150887202603
1969.7946611909651,0.2570632711328787
1969.7973990417522,0.08057920468146561
1969.8001368925393,-0.11837524229988616
1969.8028747433266,-0.2966731603949562
1969.8056125941137,-0.4079463398625265
1969.8083504449007,-0.42667652881232937
1969.8110882956878,-0.361890337684407
1969.813826146475,-0.24838314823474017
1969.8165639972622,-0.12263459313179369
1969.8193018480492,-0.003627315696700449
1969.8220396988363,0.10652271360077914
1969.8247775496236,0.20565501331093095
1969.8275154004107,0.27626547329279094
1969.8302532511977,0.2874119189243483
1969.832991101985,0.21373567665613366
1969.8357289527721,0.05710769217800075
1969.8384668035592,-0.145116469171361
1969.8412046543463,-0.33092143762752324
1969.8439425051336,-0.4371824137368532
1969.8466803559206,-0.42421980635425427
1969.8494182067077,-0.29135121771981415
1969.8521560574948,-0.07789154200366329
1969.854893908282,0.15125609213258082
1969.8576317590691,0.3306541439092345
1969.8603696098562,0.4191995508659097
1969.8631074606435,0.41197473737047285
1969.8658453114306,0.3327989219901538
1969.8685831622176,0.21392659521582585
1969.8713210130047,0.07841441550456676
1969.874058863792,-0.06263614535969446
1969.876796714579,-0.19951510884636806
1969.8795345653662,-0.31349198755472213
1969.8822724161532,-0.37886510339936386
1969.8850102669405,-0.3767519701934568
1969.8877481177276,-0.30791615955046225
1969.8904859685147,-0.19279054410955043
1969.8932238193017,-0.05934056025657976
1969.895961670089,0.06937364337152281
1969.898699520876,0.17735096099135533
1969.9014373716632,0.24883830468419507
1969.9041752224505,0.2637566229944554
1969.9069130732375,0.20427461787309423
1969.9096509240246,0.06956435532468337
1969.9123887748117,-0.11358361361116835
1969.915126625599,-0.29448944130821886
1969.917864476386,-0.41600017872472467
1969.9206023271731,-0.4357913574711979
1969.9233401779602,-0.3413441271713916
1969.9260780287475,-0.1542653317636298
1969.9288158795346,0.0754109024939671
1969.9315537303216,0.28332131376476344
1969.934291581109,0.4112247768313667
1969.937029431896,0.4281261677417716
1969.939767282683,0.3419891229832382
1969.9425051334701,0.1935844831686878
1969.9452429842574,0.03420727138010022
1969.9479808350445,-0.09918992074247752
1969.9507186858316,-0.1953776561449654
1969.9534565366187,-0.26112475552635867
1969.956194387406,-0.3037029234453094
1969.958932238193,-0.3193030034622893
1969.96167008898,-0.29572251043648295
1969.9644079397672,-0.2244539810676813
1969.9671457905545,-0.1106255051582779
1969.9698836413415,0.026131221681705657
1969.9726214921286,0.15760459847044067
1969.975359342916,0.25359048003053775
1969.978097193703,0.2869274496121138
1969.98083504449,0.23972159318090938
1969.9835728952771,0.11235335667105073
1969.9863107460644,-0.06934438022252423
1969.9890485968515,-0.2566099320262767
1969.9917864476386,-0.39276430782052335
1969.9945242984256,-0.4339772879189244
1969.997262149213,-0.36443488104149685
1970.0,-0.19934862180398122
1970.002737850787,0.0218193082344848
1970.0054757015744,0.24553868019617922
1970.0082135523614,0.41502945290557947
1970.0109514031485,0.483686751725942
1970.0136892539356,0.43132865983695556
1970.0164271047229,0.27607702442277854
1970.01916495551,0.07094177527047092
1970.021902806297,-0.11848700617725272
1970.024640657084,-0.24442725981761157
1970.0273785078714,-0.2960794173107994
1970.0301163586585,-0.2950191272403623
1970.0328542094455,-0.2717406376654996
1970.0355920602328,-0.24184842957382877
1970.03832991102,-0.1987791452885054
1970.041067761807,-0.1256129140030743
1970.043805612594,-0.014482153364045238
1970.0465434633813,0.1209036960518642
1970.0492813141684,0.24645804630823795
1970.0520191649555,0.32001032503821
1970.0547570157426,0.30789350834089246
1970.0574948665299,0.19977464625417407
1970.060232717317,0.016945154948937016
1970.062970568104,-0.19031148172472184
1970.065708418891,-0.35810845266461055
1970.0684462696784,-0.4323741342308748
1970.0711841204654,-0.38907030560004274
1970.0739219712525,-0.2404834355135093
1970.0766598220398,-0.025972264462344002
1970.0793976728269,0.2040460101685148
1970.082135523614,0.4001033608917972
1970.084873374401,0.5189939221591099
1970.0876112251883,0.5288052392522524
1970.0903490759754,0.4196265503213138
1970.0930869267625,0.21558953566027309
1970.0958247775495,-0.024842725982475503
1970.0985626283368,-0.22904145335595788
1970.101300479124,-0.34329829785943494
1970.104038329911,-0.3576621758314123
1970.1067761806983,-0.3043583769996086
1970.1095140314853,-0.23061984833604246
1970.1122518822724,-0.16610166661260076
1970.1149897330595,-0.10832765990533978
1970.1177275838468,-0.03460097657479555
1970.1204654346338,0.07125985610900551
1970.123203285421,0.19813434752240094
1970.125941136208,0.3067215072690273
1970.1286789869953,0.3478052075257995
1970.1314168377824,0.28794710562746734
1970.1341546885694,0.1289930106106882
1970.1368925393565,-0.08755438776971225
1970.1396303901438,-0.2934893026305245
1970.1423682409309,-0.41949999444030744
1970.145106091718,-0.42258043403710555
1970.1478439425052,-0.3019971716756158
1970.1505817932923,-0.09563537444782812
1970.1533196440794,0.13979142556687246
1970.1560574948664,0.3509811243618926
1970.1587953456537,0.49941721235471176
1970.1615331964408,0.5600567971243959
1970.1642710472279,0.5176355005826154
1970.167008898015,0.37140065261271826
1970.1697467488023,0.14676224960037446
1970.1724845995893,-0.10033947334579284
1970.1752224503764,-0.2991919940940876
1970.1779603011637,-0.396383054410808
1970.1806981519508,-0.38317780580069244
1970.1834360027378,-0.2966887588146766
1970.186173853525,-0.1921875329413666
1970.1889117043122,-0.10663496082737733
1970.1916495550993,-0.04036356069364219
1970.1943874058863,0.03104320669317441
1970.1971252566734,0.12631173565424192
1970.1998631074607,0.23409916844984832
1970.2026009582478,0.31265839158408515
1970.2053388090349,0.31291618397659804
1970.208076659822,0.20899951979633752
1970.2108145106092,0.017626355976191988
1970.2135523613963,-0.20383853715134065
1970.2162902121834,-0.3791786081044425
1970.2190280629707,-0.4445792801374521
1970.2217659137577,-0.375003879135239
1970.2245037645448,-0.1931731196917231
1970.2272416153319,0.043254731811498685
1970.2299794661192,0.2687200800594341
1970.2327173169062,0.43477351947381393
1970.2354551676933,0.5190930184045414
1970.2381930184804,0.5176716615812276
1970.2409308692677,0.43295818074474995
1970.2436687200548,0.27225676504099794
1970.2464065708418,0.05787775444179019
1970.2491444216291,-0.16463816132106093
1970.2518822724162,-0.33572385860576165
1970.2546201232033,-0.40875994471780347
1970.2573579739903,-0.37645948324999107
1970.2600958247776,-0.2745530556774258
1970.2628336755647,-0.15730617927472207
1970.2655715263518,-0.06259437982001556
1970.2683093771388,0.00672698891710367
1970.2710472279261,0.07189003177932654
1970.2737850787132,0.1486478685175314
1970.2765229295003,0.22424388110885846
1970.2792607802876,0.2594156530129463
1970.2819986310747,0.21364556884244365
1970.2847364818617,0.07515992371807825
1970.2874743326488,-0.12441419557138322
1970.290212183436,-0.31926847450605345
1970.2929500342232,-0.4367580937171933
1970.2956878850102,-0.4287436103843996
1970.2984257357973,-0.29230119809690924
1970.3011635865846,-0.07048638347810779
1970.3039014373717,0.1672108977236537
1970.3066392881587,0.3549720792236603
1970.3093771389458,0.4552206112527963
1970.3121149897331,0.46459722405601134
1970.3148528405202,0.4009315281934827
1970.3175906913073,0.28449609254509284
1970.3203285420946,0.12980822546202433
1970.3230663928816,-0.04718001477010448
1970.3258042436687,-0.21771098577039008
1970.3285420944558,-0.34114968200561513
1970.331279945243,-0.3831119470626151
1970.3340177960301,-0.33762251843921903
1970.3367556468172,-0.2332977878664262
1970.3394934976043,-0.11575098177595172
1970.3422313483916,-0.019161092954263326
1970.3449691991786,0.050066292874687515
1970.3477070499657,0.10502278984932464
1970.350444900753,0.1543511447528612
1970.35318275154,0.18476029821057754
1970.3559206023272,0.1658199263715018
1970.3586584531142,0.07362894793889127
1970.3613963039015,-0.08514531045360557
1970.3641341546886,-0.2668087321298838
1970.3668720054757,-0.4063644747106932
1970.3696098562627,-0.4458917081146185
1970.37234770705,-0.36046262243849564
1970.375085557837,-0.1698397212763148
1970.3778234086242,0.06849459882394389
1970.3805612594113,0.28199144116242814
1970.3832991101985,0.4118939922782173
1970.3860369609856,0.43488422548426287
1970.3887748117727,0.3663779379446167
1970.39151266256,0.24444509052340893
1970.394250513347,0.10600440319995946
1970.3969883641341,-0.027962816620885733
1970.3997262149212,-0.1496103554918494
1970.4024640657085,-0.25073075885540297
1970.4052019164956,-0.3144448337418821
1970.4079397672826,-0.3218099638214112
1970.4106776180697,-0.2674612499725662
1970.413415468857,-0.16854075386036063
1970.416153319644,-0.05698408174264069
1970.4188911704312,0.038848913180087125
1970.4216290212185,0.10695583547355446
1970.4243668720055,0.14826946065251176
1970.4271047227926,0.16235563164002287
1970.4298425735797,0.13810801778147094
1970.432580424367,0.06032701247207844
1970.435318275154,-0.072342539337051
1970.438056125941,-0.23375247467370258
1970.4407939767282,-0.3735813461189805
1970.4435318275155,-0.4371782448124872
1970.4462696783025,-0.390091487731982
1970.4490075290896,-0.23412864067626418
1970.4517453798767,-0.008538269229427466
1970.454483230664,0.2226769262569676
1970.457221081451,0.39240600994079927
1970.4599589322381,0.45423719681490815
1970.4626967830254,0.3996331361360681
1970.4654346338125,0.2596810323376358
1970.4681724845996,0.08859401393293906
1970.4709103353866,-0.06292182043086357
1970.473648186174,-0.16849205854386962
1970.476386036961,-0.22862162153946336
1970.479123887748,-0.2562214216219019
1970.4818617385351,-0.2591415499409562
1970.4845995893224,-0.2342341583722398
1970.4873374401095,-0.1755329453006588
1970.4900752908966,-0.08631209875646943
1970.4928131416839,0.017041314331593515
1970.495550992471,0.11174608720451482
1970.498288843258,0.17800246384419055
1970.501026694045,0.202539654432852
1970.5037645448324,0.17642610423283986
1970.5065023956195,0.09455088276922059
1970.5092402464065,-0.03818106061887253
1970.5119780971936,-0.19828394700215346
1970.514715947981,-0.34291336754867396
1970.517453798768,-0.4223962729994771
1970.520191649555,-0.4006857843242866
1970.5229295003423,-0.27172394574071035
1970.5256673511294,-0.06305704061014446
1970.5284052019165,0.173024621022868
1970.5311430527036,0.37484356446728556
1970.5338809034909,0.4880982724901834
1970.536618754278,0.48179404863620484
1970.539356605065,0.36027013744220154
1970.542094455852,0.1648559315409685
1970.5448323066394,-0.040409292867753105
1970.5475701574264,-0.19573570051823688
1970.5503080082135,-0.27113130458793405
1970.5530458590006,-0.2744648835244919
1970.5557837097879,-0.2371627002783844
1970.558521560575,-0.18888226190016227
1970.561259411362,-0.13991925999250251
1970.5639972621493,-0.08237820307807277
1970.5667351129364,-0.005586727540604285
1970.5694729637235,0.08846457742392609
1970.5722108145105,0.18076304750498137
1970.5749486652978,0.24249368866440113
1970.577686516085,0.24691060465897766
1970.580424366872,0.17959953788160515
1970.583162217659,0.04531122182917322
1970.5859000684463,-0.1289388597007809
1970.5886379192334,-0.2969526748349137
1970.5913757700205,-0.4055144693866399
1970.5941136208078,-0.4135339082246543
1970.5968514715948,-0.3092363245800754
1970.599589322382,-0.11543882096165468
1970.602327173169,0.11965637198852622
1970.6050650239563,0.33920776641505884
1970.6078028747434,0.4924040990106871
1970.6105407255304,0.5433801469310372
1970.6132785763175,0.47766730041025
1970.6160164271048,0.3090200999121346
1970.6187542778919,0.08224909091255901
1970.621492128679,-0.13661449444422338
1970.624229979466,-0.2849823298940704
1970.6269678302533,-0.3318265471036068
1970.6297056810404,-0.2905058026225486
1970.6324435318274,-0.2057352546515736
1970.6351813826147,-0.12290795577362043
1970.6379192334018,-0.06153860697500757
1970.640657084189,-0.010979094157691782
1970.643394934976,0.05110417786828725
1970.6461327857633,0.13361770961509303
1970.6488706365503,0.21907774693404078
1970.6516084873374,0.27041675890635886
1970.6543463381245,0.2511763298758617
1970.6570841889118,0.14627054593023722
1970.6598220396988,-0.02687102550363539
1970.662559890486,-0.22077234560329698
1970.6652977412732,-0.3729329289252811
1970.6680355920603,-0.42854082265311444
1970.6707734428473,-0.3622578099460875
1970.6735112936344,-0.18875860685827708
1970.6762491444217,0.044048089959889875
1970.6789869952088,0.27528246017005314
1970.6817248459959,0.4524940201307224
1970.684462696783,0.5427275211460206
1970.6872005475702,0.5320175965759232
1970.6899383983573,0.42200728635517787
1970.6926762491444,0.2318406988843029
1970.6954140999314,0.0028729831921616017
1970.6981519507187,-0.205197096191032
1970.7008898015058,-0.33413079212527286
1970.7036276522929,-0.3549826643061312
1970.7063655030802,-0.2841506678533071
1970.7091033538672,-0.1727059475378639
1970.7118412046543,-0.07386623051928265
1970.7145790554414,-0.011497232376699414
1970.7173169062287,0.02752054259304638
1970.7200547570158,0.07285800064531273
1970.7227926078028,0.13952582294019034
1970.72553045859,0.21004216478059298
1970.7282683093772,0.24234330639319332
1970.7310061601643,0.19661081332267133
1970.7337440109513,0.06260264412483302
1970.7364818617386,-0.1287636826702882
1970.7392197125257,-0.31493088244760314
1970.7419575633128,-0.4267555100791763
1970.7446954140999,-0.41740016809665464
1970.7474332648871,-0.28229893675343
1970.7501711156742,-0.06090498046579185
1970.7529089664613,0.18097848895494756
1970.7556468172484,0.3790566161605933
1970.7583846680357,0.4930425043797192
1970.7611225188227,0.5122524789283839
1970.7638603696098,0.4457047835210931
1970.766598220397,0.30966728710104285
1970.7693360711842,0.12495008120545427
1970.7720739219712,-0.0765640497746905
1970.7748117727583,-0.2491367986847864
1970.7775496235456,-0.34583266991064576
1970.7802874743327,-0.34287417229865813
1970.7830253251198,-0.25693067671852904
1970.7857631759068,-0.13791999087793433
1970.7885010266941,-0.03871142193795613
1970.7912388774812,0.01671154785054016
1970.7939767282683,0.04221635794203733
1970.7967145790553,0.06915881384510006
1970.7994524298426,0.11378016450230198
1970.8021902806297,0.15862776405846396
1970.8049281314168,0.16223318733345232
1970.807665982204,0.08925689149601834
1970.8104038329911,-0.0607959995948332
1970.8131416837782,-0.24530733989800224
1970.8158795345653,-0.39507656453462664
1970.8186173853526,-0.4455358432700448
1970.8213552361397,-0.36634666193598925
1970.8240930869267,-0.17555297565728187
1970.8268309377138,0.06787516775591443
1970.829568788501,0.28952914564674637
1970.8323066392882,0.43056999651926064
1970.8350444900752,0.4681593045950082
1970.8377823408625,0.4151000015333076
1970.8405201916496,0.3020806094135213
1970.8432580424367,0.1577826146801432
1970.8459958932237,0.0018494467050782087
1970.848733744011,-0.14753293464683284
1970.851471594798,-0.2643549798299625
1970.8542094455852,-0.3185520969336005
1970.8569472963723,-0.2938639190432957
1970.8596851471596,-0.20438251732539475
1970.8624229979466,-0.09195638938380954
1970.8651608487337,-0.0021846719012678147
1970.8678986995208,0.04343194519326016
1970.870636550308,0.05641936367970807
1970.8733744010951,0.06382893851727955
1970.8761122518822,0.0792808310650068
1970.8788501026695,0.08724088004725766
1970.8815879534566,0.053912298512985776
1970.8843258042436,-0.043783390796671706
1970.8870636550307,-0.19353230748689065
1970.889801505818,-0.3454338813681388
1970.892539356605,-0.4338138137598412
1970.8952772073922,-0.40943263245993955
1970.8980150581792,-0.26427601586182814
1970.9007529089665,-0.03718672884073971
1970.9034907597536,0.20137788038857066
1970.9062286105407,0.37825375866055494
1970.908966461328,0.4471107492767429
1970.911704312115,0.4045593715463905
1970.914442162902,0.28474352624778443
1970.9171800136892,0.13645803014657593
1970.9199178644765,-0.001961329703207889
1970.9226557152635,-0.11374484086502078
1970.9253935660506,-0.19630368931146885
1970.9281314168377,-0.2463279677771296
1970.930869267625,-0.25373840641732054
1970.933607118412,-0.21077252879924926
1970.9363449691991,-0.12625348562638533
1970.9390828199862,-0.02864666383568827
1970.9418206707735,0.04826774777368461
1970.9445585215606,0.08598880366597762
1970.9472963723476,0.08978373864849436
1970.950034223135,0.07716905147076125
1970.952772073922,0.057057328357231415
1970.955509924709,0.019244060673115626
1970.9582477754961,-0.05524477171180233
1970.9609856262834,-0.17117717963756798
1970.9637234770705,-0.3030774016513022
1970.9664613278576,-0.40024481076426327
1970.9691991786447,-0.4106801030562789
1970.971937029432,-0.30877866052229164
1970.974674880219,-0.11081921802705345
1970.977412731006,0.12884746930924473
1970.9801505817934,0.33786848075684733
1970.9828884325805,0.45329618314424863
1970.9856262833675,0.44562169216999176
1970.9883641341546,0.3294604347337847
1970.991101984942,0.1550963669392301
1970.993839835729,-0.01610439420579662
1970.996577686516,-0.13945911883217435
1970.9993155373031,-0.20177901497197517
1971.0020533880904,-0.21554681543963525
1971.0047912388775,-0.19983013092706428
1971.0075290896646,-0.16454197769275467
1971.0102669404519,-0.10969012985242398
1971.013004791239,-0.036560110022889496
1971.015742642026,0.04280681127164953
1971.018480492813,0.10814860499916734
1971.0212183436004,0.1426443015726179
1971.0239561943874,0.14151210987404617
1971.0266940451745,0.10928444965037491
1971.0294318959616,0.05009896962041702
1971.0321697467489,-0.03689879646063764
1971.034907597536,-0.15031672236202281
1971.037645448323,-0.27376628132069714
1971.04038329911,-0.371301584356147
1971.0431211498974,-0.39893100094652656
1971.0458590006845,-0.32665145810599966
1971.0485968514715,-0.15682502611007487
1971.0513347022588,0.07229781067625377
1971.054072553046,0.2988671847170914
1971.056810403833,0.45843794609529587
1971.05954825462,0.505292508141177
1971.0622861054073,0.4280544869796714
1971.0650239561944,0.254960005343361
1971.0677618069815,0.044929093606376494
1971.0704996577686,-0.13516095174237544
1971.0732375085558,-0.23820673642074378
1971.075975359343,-0.2546930987492317
1971.07871321013,-0.20956151123539726
1971.0814510609173,-0.14075067750608225
1971.0841889117044,-0.07506668144143284
1971.0869267624914,-0.01799258569061621
1971.0896646132785,0.03823143988399259
1971.0924024640658,0.09849773178298887
1971.0951403148529,0.1551490611229621
1971.09787816564,0.19078188921070904
1971.100616016427,0.18810310085748994
1971.1033538672143,0.13778607415201727
1971.1060917180014,0.040936486727969214
1971.1088295687885,-0.0905291458374443
1971.1115674195755,-0.23244952174142433
1971.1143052703628,-0.34855650744216937
1971.11704312115,-0.3979053464056323
1971.119780971937,-0.35048275825373854
1971.1225188227243,-0.20332675115971915
1971.1252566735113,0.013598572738777681
1971.1279945242984,0.2462595195817534
1971.1307323750855,0.4347744385781957
1971.1334702258728,0.5313163173667202
1971.1362080766598,0.5118577600821507
1971.138945927447,0.38185454237013966
1971.141683778234,0.17691489625601675
1971.1444216290213,-0.04406227383476387
1971.1471594798084,-0.21657693724299623
1971.1498973305954,-0.29558840910063033
1971.1526351813827,-0.27515969801311735
1971.1553730321698,-0.18864547098061202
1971.1581108829569,-0.08687930126019686
1971.160848733744,-0.00808262641294933
1971.1635865845312,0.03996751427421558
1971.1663244353183,0.07438903767984506
1971.1690622861054,0.11508851343052177
1971.1718001368924,0.16427282633690862
1971.1745379876797,0.2019953400778185
1971.1772758384668,0.1984451026959593
1971.1800136892539,0.13253446484636303
1971.182751540041,0.005338029109741856
1971.1854893908283,-0.1567626209998006
1971.1882272416153,-0.3085053375641532
1971.1909650924024,-0.39921628885211813
1971.1937029431897,-0.39032941648448266
1971.1964407939768,-0.27157999917710585
1971.1991786447638,-0.06801905510035684
1971.201916495551,0.16759906822312934
1971.2046543463382,0.3742687228017407
1971.2073921971253,0.5033967603867469
1971.2101300479123,0.5302404212332738
1971.2128678986994,0.45420249675831353
1971.2156057494867,0.2944845535562712
1971.2183436002738,0.08734698411034703
1971.2210814510609,-0.11674447696483617
1971.2238193018482,-0.26340378214118526
1971.2265571526352,-0.3143128883844504
1971.2292950034223,-0.2670473650402037
1971.2320328542094,-0.15863188478052653
1971.2347707049967,-0.045467885574521194
1971.2375085557837,0.02939506611714702
1971.2402464065708,0.0588968706060786
1971.2429842573579,0.06818005591131773
1971.2457221081452,0.08818123799108443
1971.2484599589322,0.12741844815938733
1971.2511978097193,0.1628819177018235
1971.2539356605066,0.15533400395697686
1971.2566735112937,0.07681962100589695
1971.2594113620808,-0.06813893349568989
1971.2621492128678,-0.23946080994079547
1971.2648870636551,-0.3765461819681565
1971.2676249144422,-0.423088426616454
1971.2703627652293,-0.35078568928312537
1971.2731006160163,-0.17230896085986339
1971.2758384668036,0.0624466880548528
1971.2785763175907,0.28609400155702597
1971.2813141683778,0.4402924677362195
1971.2840520191648,0.4952188174214022
1971.2867898699521,0.45252173350321395
1971.2895277207392,0.33415535267761876
1971.2922655715263,0.16911574353414724
1971.2950034223136,-0.011541901518886136
1971.2977412731007,-0.17258495555459516
1971.3004791238877,-0.2761882962232277
1971.3032169746748,-0.29487716211271786
1971.305954825462,-0.22958967522217472
1971.3086926762492,-0.11617705566385136
1971.3114305270362,-0.009137770220491882
1971.3141683778233,0.049926543113760415
1971.3169062286106,0.05645155508280977
1971.3196440793977,0.04036981086432832
1971.3223819301847,0.03817419793257306
1971.325119780972,0.061268408195349705
1971.3278576317591,0.08511381022407193
1971.3305954825462,0.06705813282631129
1971.3333333333333,-0.020900027292161363
1971.3360711841206,-0.16775557446472142
1971.3388090349076,-0.3231541237597519
1971.3415468856947,-0.42010793110234934
1971.3442847364818,-0.407030636703031
1971.347022587269,-0.27258851598438344
1971.3497604380561,-0.05221904373044839
1971.3524982888432,0.18609556844018957
1971.3552361396303,0.3702392714279764
1971.3579739904176,0.45311175374203194
1971.3607118412046,0.42789168365937574
1971.3634496919917,0.32222022380077586
1971.366187542779,0.17734798999164367
1971.368925393566,0.027967619853460888
1971.3716632443532,-0.104144234535467
1971.3744010951402,-0.203168806510232
1971.3771389459275,-0.25197777979597513
1971.3798767967146,-0.23667730129429737
1971.3826146475017,-0.1609879585864366
1971.3853524982887,-0.05503556833603025
1971.388090349076,0.03517339378993025
1971.390828199863,0.07429429632018507
1971.3935660506502,0.060158269061948065
1971.3963039014375,0.022552031747084447
1971.3990417522245,-0.002636377902079181
1971.4017796030116,-0.0037192829468803944
1971.4045174537987,-0.003278183349267067
1971.407255304586,-0.03950977776962638
1971.409993155373,-0.1331885694103775
1971.4127310061601,-0.26518043594182295
1971.4154688569472,-0.38062996882696243
1971.4182067077345,-0.41671048112686815
1971.4209445585216,-0.3363700916587668
1971.4236824093086,-0.1491777029035252
1971.4264202600957,0.09049355205390104
1971.429158110883,0.30591391035912674
1971.43189596167,0.43021248994528094
1971.4346338124572,0.4335467183992123
1971.4373716632444,0.3323169191284563
1971.4401095140315,0.17603540227791867
1971.4428473648186,0.019988694891106294
1971.4455852156057,-0.09927998170352244
1971.448323066393,-0.17122207675020723
1971.45106091718,-0.20056880653312548
1971.453798767967,-0.19209808064536538
1971.4565366187542,-0.14620666584334951
1971.4592744695415,-0.06808007578577202
1971.4620123203285,0.021854699065265496
1971.4647501711156,0.09106059036069893
1971.467488021903,0.11316304352142562
1971.47022587269,0.08643765303639313
1971.472963723477,0.034675439732642144
1971.4757015742641,-0.012667671606827743
1971.4784394250514,-0.04498146721658384
1971.4811772758385,-0.07818951673944845
1971.4839151266256,-0.1379963217555606
1971.4866529774126,-0.23197291539633452
1971.4893908282,-0.33335795628103226
1971.492128678987,-0.3901720519330272
1971.494866529774,-0.3540236425647872
1971.4976043805614,-0.20968973867139326
1971.5003422313484,0.012239882369515407
1971.5030800821355,0.24562641871764576
1971.5058179329226,0.4155980433759515
1971.5085557837099,0.4691308447396698
1971.511293634497,0.39630723372119564
1971.514031485284,0.2330399148861714
1971.516769336071,0.043474646386222934
1971.5195071868584,-0.10977888773202397
1971.5222450376455,-0.1917684118488232
1971.5249828884325,-0.20317141839935643
1971.5277207392196,-0.16752824544176026
1971.530458590007,-0.10974614533648133
1971.533196440794,-0.043007802977653296
1971.535934291581,0.028099028056213907
1971.5386721423683,0.09590680860161344
1971.5414099931554,0.14426464407792147
1971.5441478439425,0.15632684210659162
1971.5468856947296,0.12770362493551976
1971.5496235455169,0.07068698230962563
1971.552361396304,0.0039121632317083805
1971.555099247091,-0.06307035005300025
1971.557837097878,-0.13472811675940474
1971.5605749486654,-0.21792521563711031
1971.5633127994524,-0.3038882707674602
1971.5660506502395,-0.36118942302958246
1971.5687885010268,-0.34862366184057814
1971.5715263518139,-0.24044889242337808
1971.574264202601,-0.046654841528876605
1971.577002053388,0.18504698136418318
1971.5797399041753,0.3862548116631299
1971.5824777549624,0.49432569302003987
1971.5852156057495,0.4762592340513662
1971.5879534565365,0.34134217860554944
1971.5906913073238,0.13823077442408663
1971.593429158111,-0.06349870936063137
1971.596167008898,-0.2013213573622744
1971.598904859685,-0.24485171486588003
1971.6016427104723,-0.204503218473315
1971.6043805612594,-0.11860023419519294
1971.6071184120465,-0.027871893212216937
1971.6098562628338,0.04509158653266028
1971.6125941136208,0.09872198285879233
1971.615331964408,0.13982149280441106
1971.618069815195,0.16927458796644967
1971.6208076659823,0.1785727847953767
1971.6235455167694,0.1575040298803025
1971.6262833675564,0.10310491887157724
1971.6290212183435,0.021163449630104286
1971.6317590691308,-0.07859248072537844
1971.6344969199179,-0.18549225609205242
1971.637234770705,-0.28444179156257254
1971.6399726214922,-0.35091473161883474
1971.6427104722793,-0.35391715837289545
1971.6454483230664,-0.27013273210611655
1971.6481861738534,-0.10121543476437879
1971.6509240246407,0.11871783401667453
1971.6536618754278,0.33205917097073556
1971.6563997262149,0.478428428958091
1971.659137577002,0.5160442344446258
1971.6618754277893,0.4350699886849456
1971.6646132785763,0.2604617926048268
1971.6673511293634,0.04517769542025758
1971.6700889801505,-0.1454838779411567
1971.6728268309378,-0.2562975889790705
1971.6755646817248,-0.2638684010047788
1971.678302532512,-0.18589729114743642
1971.6810403832992,-0.069978679384913
1971.6837782340863,0.03336268718941613
1971.6865160848733,0.09662403536550322
1971.6892539356604,0.12336057649474137
1971.6919917864477,0.13475422494164405
1971.6947296372348,0.14714858972813355
1971.6974674880219,0.15813353017015253
1971.700205338809,0.14966091375380175
1971.7029431895962,0.10263706856965667
1971.7056810403833,0.010799121109464386
1971.7084188911704,-0.11396225757785518
1971.7111567419577,-0.24433354673289892
1971.7138945927447,-0.34426147394196865
1971.7166324435318,-0.3778208487925385
1971.7193702943189,-0.32075855816415977
1971.7221081451062,-0.17265324106733232
1971.7248459958932,0.03698835860204132
1971.7275838466803,0.2551711262471454
1971.7303216974674,0.42355581041097107
1971.7330595482547,0.49907298931474675
1971.7357973990418,0.46643452401517643
1971.7385352498288,0.3389220183982224
1971.7412731006161,0.1517765524596525
1971.7440109514032,-0.04629220832931501
1971.7467488021903,-0.20300031724414833
1971.7494866529773,-0.27655470118961845
1971.7522245037646,-0.2522713189899066
1971.7549623545517,-0.1521869115208577
1971.7577002053388,-0.026988639319583292
1971.7604380561258,0.06976009905854502
1971.7631759069131,0.11028180204199414
1971.7659137577002,0.10428859024002653
1971.7686516084873,0.08515886309462194
1971.7713894592744,0.08121141173452959
1971.7741273100617,0.09367649482170945
1971.7768651608487,0.09674157091535644
1971.7796030116358,0.057731791004505706
1971.782340862423,-0.038209034174791816
1971.7850787132102,-0.1750055003706955
1971.7878165639972,-0.3100676550557261
1971.7905544147843,-0.391551301693884
1971.7932922655716,-0.3794257981055294
1971.7960301163587,-0.26235882378697944
1971.7987679671457,-0.06465542481398154
1971.8015058179328,0.1602544672598352
1971.8042436687201,0.3488531312120365
1971.8069815195072,0.4514219744223171
1971.8097193702943,0.44886667498287247
1971.8124572210816,0.3542296746975794
1971.8151950718686,0.20097458768007045
1971.8179329226557,0.028525536514287086
1971.8206707734428,-0.12587375735805603
1971.82340862423,-0.2294685477475724
1971.8261464750171,-0.25818108284426206
1971.8288843258042,-0.2068525028989863
1971.8316221765913,-0.0987228857010947
1971.8343600273786,0.018517713316744414
1971.8370978781657,0.09475158130371461
1971.8398357289527,0.10573614740548727
1971.84257357974,0.06670618680834298
1971.845311430527,0.01897188435924365
1971.8480492813142,-0.0019923113128866004
1971.8507871321012,0.006767285525736397
1971.8535249828885,0.014264346727614173
1971.8562628336756,-0.020007819765579915
1971.8590006844627,-0.11415033458314786
1971.8617385352497,-0.24662370693798666
1971.864476386037,-0.3639413292958455
1971.867214236824,-0.40699380617524533
1971.8699520876112,-0.34038503066922265
1971.8726899383983,-0.1703334651362952
1971.8754277891856,0.056033579844150375
1971.8781656399726,0.2690208520785936
1971.8809034907597,0.40446469665714657
1971.883641341547,0.4290434617187783
1971.886379192334,0.3505029718560675
1971.8891170431211,0.2080531344606624
1971.8918548939082,0.05015802413006987
1971.8945927446955,-0.08532035030172277
1971.8973305954826,-0.17740819371753494
1971.9000684462696,-0.2163210765485169
1971.9028062970567,-0.1975782036283659
1971.905544147844,-0.125237599084769
1971.908281998631,-0.02061563706595513
1971.9110198494182,0.07699095675601735
1971.9137577002052,0.12626140984130388
1971.9164955509925,0.10872449473257383
1971.9192334017796,0.04259753473235267
1971.9219712525667,-0.028825538259566113
1971.924709103354,-0.06832922565186975
1971.927446954141,-0.0721149822095511
1971.930184804928,-0.07147436209418548
1971.9329226557152,-0.10680045760406195
1971.9356605065025,-0.19342719291252303
1971.9383983572895,-0.3044564656281567
1971.9411362080766,-0.38239797665647307
1971.9438740588637,-0.3712082849099376
1971.946611909651,-0.24844595190778992
1971.949349760438,-0.03974712433130295
1971.9520876112251,0.1905107728411319
1971.9548254620124,0.3664767764038318
1971.9575633127995,0.43294740671238885
1971.9603011635866,0.37776504153129226
1971.9630390143736,0.23405534138514011
1971.965776865161,0.06139956978160532
1971.968514715948,-0.08333763291445265
1971.971252566735,-0.16844253476175283
1971.9739904175221,-0.19105835465523113
1971.9767282683094,-0.1644083129068825
1971.9794661190965,-0.10284861678568373
1971.9822039698836,-0.01808051267573295
1971.9849418206709,0.07352699092538934
1971.987679671458,0.14535244233988642
1971.990417522245,0.16852309523395534
1971.993155373032,0.1306905938969921
1971.9958932238194,0.04888850401632428
1971.9986310746065,-0.03842788785649631
1972.0013689253935,-0.09750519362082449
1972.0041067761806,-0.12342787347363446
1972.006844626968,-0.14157298454241554
1972.009582477755,-0.18371099028677387
1972.012320328542,-0.25718215810048844
1972.0150581793291,-0.33157725662152326
1972.0177960301164,-0.35374339760945844
1972.0205338809035,-0.280853034601131
1972.0232717316906,-0.10946433379204008
1972.0260095824779,0.11701559601085103
1972.028747433265,0.32552464302999723
1972.031485284052,0.4450017458465088
1972.034223134839,0.43692475884905524
1972.0369609856264,0.31125067315355665
1972.0396988364134,0.12092082223624002
1972.0424366872005,-0.06268285050674575
1972.0451745379876,-0.18146497329278982
1972.0479123887749,-0.212893689045787
1972.050650239562,-0.17119570345710694
1972.053388090349,-0.08949397371598228
1972.0561259411363,0.0022450403793370685
1972.0588637919234,0.08744612158466045
1972.0616016427105,0.15748278880647867
1972.0643394934975,0.20131923695764484
1972.0670773442848,0.204288983390874
1972.069815195072,0.15887079238692595
1972.072553045859,0.07597472309878071
1972.075290896646,-0.01730195379024966
1972.0780287474333,-0.09486178551678785
1972.0807665982204,-0.14950187661679254
1972.0835044490075,-0.19452631350627256
1972.0862422997948,-0.24593658247962163
1972.0889801505818,-0.30001206850739237
1972.091718001369,-0.3264251359783197
1972.094455852156,-0.2847605771736301
1972.0971937029433,-0.15340669375865848
1972.0999315537304,0.04971525608270698
1972.1026694045174,0.26866855646297955
1972.1054072553045,0.432085126646852
1972.1081451060918,0.48383486747183935
1972.1108829568789,0.4068083604602855
1972.113620807666,0.2302174822823438
1972.116358658453,0.018124268216609663
1972.1190965092403,-0.15637907194635747
1972.1218343600274,-0.2409052918392045
1972.1245722108144,-0.22357770167695046
1972.1273100616017,-0.13240588134746817
1972.1300479123888,-0.014954328999402581
1972.132785763176,0.08826058862665517
1972.135523613963,0.1593442260259646
1972.1382614647503,0.19968564955439635
1972.1409993155373,0.2151861454971688
1972.1437371663244,0.20538216627070655
1972.1464750171115,0.16535370199055086
1972.1492128678988,0.09546291294923677
1972.1519507186858,0.006611397575328231
1972.154688569473,-0.0852277379605256
1972.15742642026,-0.16896599674628884
1972.1601642710473,-0.24125105521402707
1972.1629021218343,-0.2982696429168787
1972.1656399726214,-0.32528186636259243
1972.1683778234087,-0.29699785275491136
1972.1711156741958,-0.19278615276174135
1972.1738535249829,-0.016611162998846844
1972.17659137577,0.1941407758478146
1972.1793292265572,0.3791281053249353
1972.1820670773443,0.4793147818523782
1972.1848049281314,0.46140803626539617
1972.1875427789184,0.3310127731819441
1972.1902806297057,0.13072777241621691
1972.1930184804928,-0.07450697278763721
1972.1957563312799,-0.2199733699462318
1972.1984941820672,-0.2649325037745403
1972.2012320328543,-0.20827696821761887
1972.2039698836413,-0.08712503724848361
1972.2067077344284,0.04321284530251398
1972.2094455852157,0.13757967748528807
1972.2121834360028,0.18035144973314426
1972.2149212867898,0.184163832810306
1972.217659137577,0.1714372745321754
1972.2203969883642,0.15444378121846494
1972.2231348391513,0.12863965516220316
1972.2258726899383,0.08129903615340062
1972.2286105407256,0.005221803801268658
1972.2313483915127,-0.0939881763920871
1972.2340862422998,-0.1998519342678318
1972.2368240930869,-0.29054107486529307
1972.2395619438742,-0.3425403617196871
1972.2422997946612,-0.3334461572490243
1972.2450376454483,-0.24854211376244037
1972.2477754962354,-0.0914703641210452
1972.2505133470227,0.10822222585223205
1972.2532511978097,0.2994394993574368
1972.2559890485968,0.4269957138691661
1972.2587268993839,0.4533384888494912
1972.2614647501712,0.37259530070209296
1972.2642026009582,0.21112252602113402
1972.2669404517453,0.01737202358716964
1972.2696783025326,-0.15276014350629447
1972.2724161533197,-0.25143151253341994
1972.2751540041068,-0.2537620480415928
1972.2778918548938,-0.16837084636091426
1972.2806297056811,-0.03628837219558075
1972.2833675564682,0.0862564512170174
1972.2861054072553,0.15515316037530727
1972.2888432580423,0.15977994605385998
1972.2915811088296,0.12358633159417054
1972.2943189596167,0.08310889825634037
1972.2970568104038,0.06073842041429972
1972.299794661191,0.05088778344406585
1972.3025325119781,0.0280746383221248
1972.3052703627652,-0.031274843453165196
1972.3080082135523,-0.12986949543954052
1972.3107460643396,-0.24491394412537715
1972.3134839151267,-0.33761983365604775
1972.3162217659137,-0.3691130362458927
1972.3189596167008,-0.3153070429946793
1972.321697467488,-0.17703682132845153
1972.3244353182752,0.01670396039123865
1972.3271731690622,0.2150241895191411
1972.3299110198495,0.3614879867337689
1972.3326488706366,0.4151768940925853
1972.3353867214237,0.36603583284804825
1972.3381245722107,0.23621549150721025
1972.340862422998,0.06818098877222001
1972.3436002737851,-0.0914778158811547
1972.3463381245722,-0.20379892087783846
1972.3490759753593,-0.24342565392514015
1972.3518138261466,-0.20323219079551053
1972.3545516769336,-0.09948033661951665
1972.3572895277207,0.028010493639869453
1972.3600273785078,0.12822897951461254
1972.362765229295,0.1627251307511068
1972.3655030800821,0.1270335761503736
1972.3682409308692,0.05288329128053716
1972.3709787816565,-0.013514591163925511
1972.3737166324436,-0.043116686771406884
1972.3764544832306,-0.04273177313794804
1972.3791923340177,-0.04714706429815474
1972.381930184805,-0.09111242570769112
1972.384668035592,-0.18179355498267658
1972.3874058863792,-0.2901734179556195
1972.3901437371662,-0.36524064370736214
1972.3928815879535,-0.3604252953177997
1972.3956194387406,-0.2571182059088557
1972.3983572895277,-0.07482834680625679
1972.401095140315,0.13484983527770317
1972.403832991102,0.30737247431906284
1972.406570841889,0.3902475855820427
1972.4093086926762,0.3636413344042839
1972.4120465434635,0.2466845901791779
1972.4147843942505,0.08605871369634917
1972.4175222450376,-0.06615918614538815
1972.4202600958247,-0.17187444905923155
1972.422997946612,-0.2137611311728849
1972.425735797399,-0.19093936057960487
1972.4284736481861,-0.1133648358956208
1972.4312114989732,-0.0019264594399142423
1972.4339493497605,0.10948066819677661
1972.4366872005476,0.1800537853561973
1972.4394250513346,0.18009917205814427
1972.442162902122,0.11061474866354826
1972.444900752909,0.007014948405302347
1972.447638603696,-0.0809636243126234
1972.4503764544831,-0.12157336447011116
1972.4531143052704,-0.12175940201890906
1972.4558521560575,-0.11962162903505419
1972.4585900068446,-0.1534898881280512
1972.4613278576317,-0.23038459848065834
1972.464065708419,-0.316557841834203
1972.466803559206,-0.35603219580716794
1972.469541409993,-0.3039164039241464
1972.4722792607804,-0.15361457196871545
1972.4750171115675,0.05653613579144746
1972.4777549623545,0.2587906284445998
1972.4804928131416,0.38482586094949656
1972.483230663929,0.3945618511099749
1972.485968514716,0.2924401779676937
1972.488706365503,0.12374624623247626
1972.4914442162901,-0.04737653103551409
1972.4941820670774,-0.16662677114747237
1972.4969199178645,-0.20910998063199626
1972.4996577686516,-0.18023876428438806
1972.5023956194386,-0.10198785881161343
1972.505133470226,0.001627775199927274
1972.507871321013,0.10878542958924788
1972.5106091718,0.19558668134501747
1972.5133470225874,0.23509499502609915
1972.5160848733744,0.2079039860586734
1972.5188227241615,0.1181997427807387
1972.5215605749486,-0.0009210848954958198
1972.5242984257359,-0.10322713491729324
1972.527036276523,-0.15818240586511062
1972.52977412731,-0.1708106374140188
1972.532511978097,-0.17521305418613844
1972.5352498288844,-0.20500797148940117
1972.5379876796715,-0.26305637880745025
1972.5407255304585,-0.313964806425688
1972.5434633812458,-0.30544050584665655
1972.546201232033,-0.20346146616647925
1972.54893908282,-0.017696515735799095
1972.551676933607,0.1980615909151108
1972.5544147843943,0.36930007383205377
1972.5571526351814,0.4344093242606856
1972.5598904859685,0.3719442555967837
1972.5626283367556,0.20965007008957862
1972.5653661875428,0.011739738496814995
1972.56810403833,-0.1496912812243684
1972.570841889117,-0.22536566169075117
1972.5735797399043,-0.20595739008838984
1972.5763175906914,-0.11739884482345547
1972.5790554414784,5.527329203739925e-05
1972.5817932922655,0.1130339248891962
1972.5845311430528,0.20267294772806885
1972.5872689938399,0.2582210012450127
1972.590006844627,0.2688393446603047
1972.592744695414,0.22558697898678898
1972.5954825462013,0.1326694586220019
1972.5982203969884,0.01460047091162196
1972.6009582477755,-0.09259141622302433
1972.6036960985625,-0.16283780823459937
1972.6064339493498,-0.19668655036466687
1972.609171800137,-0.2171399495358498
1972.611909650924,-0.24599199669401886
1972.6146475017113,-0.2797275321048793
1972.6173853524983,-0.28584710696804533
1972.6201232032854,-0.22439564077057159
1972.6228610540725,-0.07943573885974665
1972.6255989048598,0.12223843543617945
1972.6283367556468,0.318053261105075
1972.631074606434,0.43766813237953794
1972.633812457221,0.43563887027657605
1972.6365503080083,0.3121882663766007
1972.6392881587954,0.11352586672476632
1972.6420260095824,-0.08731884172854305
1972.6447638603697,-0.22069268388109695
1972.6475017111568,-0.24845997586200166
1972.6502395619439,-0.17685907560851497
1972.652977412731,-0.04755950713231602
1972.6557152635182,0.08736384938191093
1972.6584531143053,0.1906257434397106
1972.6611909650924,0.24976660524172556
1972.6639288158794,0.26903808784834526
1972.6666666666667,0.2544066057891289
1972.6694045174538,0.20654277328337867
1972.6721423682409,0.1265045259751687
1972.674880219028,0.02505489377011783
1972.6776180698153,-0.07702775132985121
1972.6803559206023,-0.16015838205770505
1972.6830937713894,-0.21793271684869953
1972.6858316221767,-0.2568646994010309
1972.6885694729638,-0.28257659523610507
1972.6913073237508,-0.2854814027764544
1972.694045174538,-0.24139398370744133
1972.6967830253252,-0.1298797110793567
1972.6995208761123,0.04305167223381319
1972.7022587268993,0.2363455165655926
1972.7049965776864,0.38762806806212313
1972.7077344284737,0.4414554471466585
1972.7104722792608,0.37545164617036086
1972.7132101300479,0.21098421223346414
1972.7159479808352,0.0050006240116794165
1972.7186858316222,-0.1718658651689122
1972.7214236824093,-0.2620179710891094
1972.7241615331964,-0.24264602446899333
1972.7268993839837,-0.1334382949238954
1972.7296372347707,0.014548238991836913
1972.7323750855578,0.1445742157378344
1972.7351129363449,0.22063665016923256
1972.7378507871322,0.23901492455375678
1972.7405886379192,0.21913589120842936
1972.7433264887063,0.1828592178320995
1972.7460643394934,0.1389241493898438
1972.7488021902807,0.0829568128282065
1972.7515400410678,0.009136974799957322
1972.7542778918548,-0.07932435727734635
1972.7570157426421,-0.16975637002343072
1972.7597535934292,-0.2470143762007449
1972.7624914442163,-0.29862929746166894
1972.7652292950033,-0.313430801443657
1972.7679671457906,-0.27863363458233376
1972.7707049965777,-0.18372233233728058
1972.7734428473648,-0.032185042748359254
1972.7761806981518,0.1482439064032096
1972.7789185489391,0.30836865160945404
1972.7816563997262,0.395750848361146
1972.7843942505133,0.3785337822416992
1972.7871321013006,0.2606802341518586
1972.7898699520877,0.08087000350393828
1972.7926078028747,-0.10238720784151731
1972.7953456536618,-0.23127994122366266
1972.798083504449,-0.2676408865206436
1972.8008213552362,-0.20575253274519362
1972.8035592060232,-0.07501137595694535
1972.8062970568103,0.07102271476537847
1972.8090349075976,0.17771470219776356
1972.8117727583847,0.21446139256569616
1972.8145106091717,0.18696939016841796
1972.817248459959,0.12804215536133512
1972.8199863107461,0.07287370589396133
1972.8227241615332,0.036358451635743694
1972.8254620123203,0.007965480051460947
1972.8281998631076,-0.03438670344598947
1972.8309377138946,-0.10407510953571636
1972.8336755646817,-0.1941981489767287
1972.8364134154688,-0.28031812723252403
1972.839151266256,-0.3320204532584969
1972.8418891170431,-0.3245907982794377
1972.8446269678302,-0.24685493849467796
1972.8473648186173,-0.10613549280089872
1972.8501026694046,0.06941779453879346
1972.8528405201916,0.2345999082310874
1972.8555783709787,0.34027638600899746
1972.858316221766,0.3526452989706369
1972.861054072553,0.2685860743805169
1972.8637919233402,0.11758402689834509
1972.8665297741272,-0.050706739530408856
1972.8692676249145,-0.18521179658062006
1972.8720054757016,-0.24891130864647687
1972.8747433264887,-0.22717626219326648
1972.8774811772757,-0.13061023761689966
1972.880219028063,0.006448449357831627
1972.88295687885,0.13445545208063514
1972.8856947296372,0.20644507603099158
1972.8884325804245,0.19970211890905573
1972.8911704312115,0.12812026372397473
1972.8939082819986,0.03403689712412864
1972.8966461327857,-0.03812274016618292
1972.899383983573,-0.06934025108779457
1972.90212183436,-0.07516310008471372
1972.9048596851471,-0.09028023872739357
1972.9075975359342,-0.14049623008236384
1972.9103353867215,-0.22233964396010517
1972.9130732375086,-0.30312443303834374
1972.9158110882956,-0.3389947343596563
1972.9185489390827,-0.2980881535089413
1972.92128678987,-0.17639940411128507
1972.924024640657,-0.0010097665950727364
1972.9267624914442,0.17846310599768556
1972.9295003422314,0.3067977262102147
1972.9322381930185,0.34356711929326095
1972.9349760438056,0.27958456602198883
1972.9377138945927,0.14114109041949982
1972.94045174538,-0.021437733552928606
1972.943189596167,-0.15518972328881847
1972.945927446954,-0.22378515799644744
1972.9486652977412,-0.21533728347735542
1972.9514031485285,-0.13913936721675882
1972.9541409993155,-0.019036353469647715
1972.9568788501026,0.11087012807304006
1972.95961670089,0.21055780161332865
1972.962354551677,0.2446442217822597
1972.965092402464,0.19898830164867515
1972.9678302532511,0.09257770988209495
1972.9705681040384,-0.028356688965729203
1972.9733059548255,-0.11551278494913972
1972.9760438056126,-0.1477383402974633
1972.9787816563996,-0.14275974146239687
1972.981519507187,-0.14146811284552174
1972.984257357974,-0.17559472327636474
1972.986995208761,-0.24226688497779425
1972.9897330595481,-0.3032800145259262
1972.9924709103354,-0.30852603620248875
1972.9952087611225,-0.22708067658799003
1972.9979466119096,-0.06691160212626719
1973.0006844626969,0.12625650344275552
1973.003422313484,0.28808223191694166
1973.006160164271,0.3625710513901375
1973.008898015058,0.32533792717309407
1973.0116358658454,0.1938179344355005
1973.0143737166325,0.019711054653235548
1973.0171115674195,-0.13356309408437703
1973.0198494182066,-0.21745167087891537
1973.022587268994,-0.21490679417945485
1973.025325119781,-0.13942475007119426
1973.028062970568,-0.02106268032817268
1973.0308008213553,0.10793376969091721
1973.0335386721424,0.21872350503653337
1973.0362765229295,0.2849477395010884
1973.0390143737166,0.2850159050149237
1973.0417522245039,0.21249318081117097
1973.044490075291,0.08702822697411809
1973.047227926078,-0.04803175186280804
1973.049965776865,-0.14655891136211877
1973.0527036276524,-0.18711959129916517
1973.0554414784394,-0.18570576501250027
1973.0581793292265,-0.1815295216864402
1973.0609171800138,-0.20485776447873597
1973.0636550308009,-0.2510019949841885
1973.066392881588,-0.2804633926607962
1973.069130732375,-0.2454349810730802
1973.0718685831623,-0.12384838520123663
1973.0746064339494,0.06177434964839699
1973.0773442847365,0.25154645015736427
1973.0800821355235,0.37575452272866877
1973.0828199863108,0.3870051656254232
1973.085557837098,0.2815213121076951
1973.088295687885,0.10088021525066984
1973.091033538672,-0.08590235858671699
1973.0937713894593,-0.21189206402974234
1973.0965092402464,-0.23958416727587367
1973.0992470910335,-0.17252112094320374
1973.1019849418208,-0.04607282505406196
1973.1047227926078,0.09482564390417686
1973.107460643395,0.21528518297481306
1973.110198494182,0.29604594693640895
1973.1129363449693,0.32704293551024916
1973.1156741957564,0.30121924993306187
1973.1184120465434,0.21802528721693887
1973.1211498973305,0.09292874956327231
1973.1238877481178,-0.04042944562959453
1973.1266255989049,-0.1439858705611699
1973.129363449692,-0.19761318112478354
1973.1321013004792,-0.21146953574422475
1973.1348391512663,-0.21541717368587154
1973.1375770020534,-0.23172497616341547
1973.1403148528404,-0.2528089183452785
1973.1430527036277,-0.2431719113151009
1973.1457905544148,-0.16568605640487308
1973.148528405202,-0.013102466381005238
1973.151266255989,0.17816284770673707
1973.1540041067763,0.3416141911658129
1973.1567419575633,0.41276027348687333
1973.1594798083504,0.3607444597625761
1973.1622176591375,0.2033734926433682
1973.1649555099248,-0.0002063904335872259
1973.1676933607118,-0.17450447615726353
1973.170431211499,-0.25897856506868905
1973.1731690622862,-0.23187534763690118
1973.1759069130733,-0.11557752703566627
1973.1786447638603,0.038936299562269155
1973.1813826146474,0.1791724227793217
1973.1841204654347,0.2732084040399429
1973.1868583162218,0.31440165734002784
1973.1895961670089,0.31000187168391397
1973.192334017796,0.26708280231091386
1973.1950718685832,0.18894864343534792
1973.1978097193703,0.08279076132529578
1973.2005475701574,-0.03296451652272549
1973.2032854209447,-0.13297060035143066
1973.2060232717317,-0.19950388140343786
1973.2087611225188,-0.2334862166259465
1973.2114989733059,-0.2496217223863336
1973.2142368240932,-0.25808333512632686
1973.2169746748802,-0.24928477624639575
1973.2197125256673,-0.19747053456162553
1973.2224503764544,-0.08296110407477648
1973.2251882272417,0.08392638526235796
1973.2279260780288,0.2570088019052524
1973.2306639288158,0.3727964368070788
1973.233401779603,0.3822158324162665
1973.2361396303902,0.2761944582235988
1973.2388774811773,0.09145150526862743
1973.2416153319643,-0.10472697172802384
1973.2443531827516,-0.24206395711774936
1973.2470910335387,-0.27504466738262645
1973.2498288843258,-0.19986882428356115
1973.2525667351129,-0.053555044258310355
1973.2553045859001,0.10498089932519858
1973.2580424366872,0.2229879628378785
1973.2607802874743,0.2758899466041001
1973.2635181382614,0.2708325887863958
1973.2662559890487,0.23163459514507745
1973.2689938398357,0.17815314393200143
1973.2717316906228,0.11590997253230344
1973.27446954141,0.0415119335825021
1973.2772073921972,-0.044748648135238246
1973.2799452429842,-0.13262760415727487
1973.2826830937713,-0.20714328132545717
1973.2854209445586,-0.25793131921283674
1973.2881587953457,-0.2817757274722866
1973.2908966461328,-0.27603474594301136
1973.2936344969198,-0.23205422112621577
1973.2963723477071,-0.13916289707042664
1973.2991101984942,0.0008228173898405728
1973.3018480492813,0.16097740022855678
1973.3045859000686,0.2922638402129379
1973.3073237508556,0.34424099752500936
1973.3100616016427,0.2913302538046927
1973.3127994524298,0.14798947114463737
1973.315537303217,-0.035858733040528695
1973.3182751540041,-0.19530295479253396
1973.3210130047912,-0.2757428829002842
1973.3237508555783,-0.2526227972002142
1973.3264887063656,-0.13952651160923343
1973.3292265571527,0.017759950158813903
1973.3319644079397,0.16016118427787981
1973.3347022587268,0.24073743146629342
1973.337440109514,0.24459969544577026
1973.3401779603012,0.19157710031703915
1973.3429158110882,0.11938050110949285
1973.3456536618755,0.058375602345809414
1973.3483915126626,0.015332485723126123
1973.3511293634497,-0.023657588119229474
1973.3538672142367,-0.07599498843805624
1973.356605065024,-0.14604555366445146
1973.359342915811,-0.22101882617711247
1973.3620807665982,-0.2789276219443722
1973.3648186173853,-0.2993867051762136
1973.3675564681726,-0.26964168951760625
1973.3702943189596,-0.1863091854480024
1973.3730321697467,-0.05772471728522488
1973.375770020534,0.09217153376801969
1973.378507871321,0.22421982992778916
1973.3812457221081,0.29483508749452186
1973.3839835728952,0.27516639317818126
1973.3867214236825,0.16758328275178905
1973.3894592744696,0.008018395642483352
1973.3921971252566,-0.14809745604450758
1973.3949349760437,-0.24796931525407773
1973.397672826831,-0.2601415684594129
1973.400410677618,-0.18329923646212046
1973.4031485284052,-0.045164170081360644
1973.4058863791922,0.10642551867239589
1973.4086242299795,0.2191409319430901
1973.4113620807666,0.25599960498727475
1973.4140999315537,0.21182349520552038
1973.416837782341,0.11572359864221407
1973.419575633128,0.014712859897877864
1973.422313483915,-0.05358112753753817
1973.4250513347022,-0.08150731692786946
1973.4277891854895,-0.09106675283642263
1973.4305270362765,-0.1135585364650432
1973.4332648870636,-0.16467890199361793
1973.4360027378507,-0.2325825998307844
1973.438740588638,-0.2851575592311207
1973.441478439425,-0.28885580727718796
1973.4442162902121,-0.22611009462287301
1973.4469541409994,-0.10333939644121928
1973.4496919917865,0.050653559711587096
1973.4524298425736,0.1928240094328376
1973.4551676933606,0.27867734040308534
1973.457905544148,0.27806742474659146
1973.460643394935,0.18903153111054308
1973.463381245722,0.041783352914735256
1973.4661190965091,-0.11184089794660891
1973.4688569472964,-0.21931292083527357
1973.4715947980835,-0.24737655474283962
1973.4743326488706,-0.191122119124505
1973.4770704996577,-0.07089913799222212
1973.479808350445,0.07681899885516828
1973.482546201232,0.20889114736317377
1973.485284052019,0.28517787299493214
1973.4880219028064,0.2807672833233752
1973.4907597535935,0.19821821856328248
1973.4934976043805,0.07071983892664235
1973.4962354551676,-0.05152520637281211
1973.498973305955,-0.12773916333207455
1973.501711156742,-0.14939566419952952
1973.504449007529,-0.1423748242226628
1973.5071868583161,-0.14552130549077474
1973.5099247091034,-0.18062033035537917
1973.5126625598905,-0.23537960409878222
1973.5154004106776,-0.2708367723524946
1973.5181382614649,-0.24671795285133982
1973.520876112252,-0.14713868589472376
1973.523613963039,0.008380154381216521
1973.526351813826,0.17233873669004798
1973.5290896646134,0.28893956409097127
1973.5318275154004,0.316495429967726
1973.5345653661875,0.24435701964194498
1973.5373032169746,0.09838740232575151
1973.5400410677619,-0.06810244724759816
1973.542778918549,-0.19555824547473796
1973.545516769336,-0.24216098956726748
1973.5482546201233,-0.1982923605505002
1973.5509924709104,-0.08471253412559088
1973.5537303216975,0.06141799117053188
1973.5564681724845,0.2014353967545498
1973.5592060232718,0.30285820035381616
1973.561943874059,0.34141694626367325
1973.564681724846,0.30466256176758905
1973.567419575633,0.19968685672307943
1973.5701574264203,0.057694776046877644
1973.5728952772074,-0.07474482410513615
1973.5756331279945,-0.15828385330678668
1973.5783709787815,-0.18338775967267304
1973.5811088295688,-0.17469992236487172
1973.583846680356,-0.17103929967867743
1973.586584531143,-0.19440142919222209
1973.5893223819303,-0.23124151737721485
1973.5920602327174,-0.24054455081942486
1973.5947980835044,-0.1829826857900772
1973.5975359342915,-0.050447169426473856
1973.6002737850788,0.1235805397083755
1973.6030116358659,0.278100191908244
1973.605749486653,0.3533443662379138
1973.60848733744,0.31834376065827874
1973.6112251882273,0.1848718428371247
1973.6139630390144,0.0029419070397585234
1973.6167008898015,-0.15960814192673556
1973.6194387405887,-0.2448982433658469
1973.6221765913758,-0.22780938230647135
1973.624914442163,-0.12274358565276751
1973.62765229295,0.02845424858862766
1973.6303901437373,0.17876015095112585
1973.6331279945243,0.29383227209870294
1973.6358658453114,0.35624492750657805
1973.6386036960985,0.35939311602220436
1973.6413415468858,0.3024585493866339
1973.6440793976728,0.1935797314619305
1973.64681724846,0.05622653502295391
1973.649555099247,-0.07310128409774455
1973.6522929500343,-0.16087012822422592
1973.6550308008214,-0.19637478684859272
1973.6577686516084,-0.19798380130742
1973.6605065023957,-0.1972468230633991
1973.6632443531828,-0.21130064007077382
1973.6659822039699,-0.22576602422064526
1973.668720054757,-0.203383658131191
1973.6714579055442,-0.11330258022299987
1973.6741957563313,0.04056634574162815
1973.6769336071184,0.21302378840910757
1973.6796714579054,0.3376638589970627
1973.6824093086927,0.3605507732759125
1973.6851471594798,0.2676576743285609
1973.6878850102669,0.09235682210267837
1973.6906228610542,-0.09886413022035831
1973.6933607118413,-0.2344996940014092
1973.6960985626283,-0.2672983544820192
1973.6988364134154,-0.19209094528078902
1973.7015742642027,-0.04415727377498595
1973.7043121149898,0.1207516823196079
1973.7070499657768,0.25333135324214345
1973.709787816564,0.3288202787935835
1973.7125256673512,0.34705720184817507
1973.7152635181383,0.319004221140505
1973.7180013689253,0.25390990645683753
1973.7207392197124,0.15806272025218807
1973.7234770704997,0.042887114996806794
1973.7262149212868,-0.07008499591696349
1973.7289527720739,-0.15655431681578935
1973.7316906228612,-0.20446346378202354
1973.7344284736482,-0.22184995408670274
1973.7371663244353,-0.2275036501395317
1973.7399041752224,-0.23064883351969923
1973.7426420260097,-0.21801137906074167
1973.7453798767967,-0.16212445209900872
1973.7481177275838,-0.046649850447724336
1973.7508555783709,0.1111061207372059
1973.7535934291582,0.25952132833038133
1973.7563312799452,0.3365840835871876
1973.7590691307323,0.3033281523511307
1973.7618069815196,0.1660298912078622
1973.7645448323067,-0.024857757840521688
1973.7672826830938,-0.1967299204855197
1973.7700205338808,-0.2856519537925951
1973.7727583846681,-0.2619789129163627
1973.7754962354552,-0.14053504683563564
1973.7782340862423,0.02849049696489386
1973.7809719370293,0.18382264727618305
1973.7837097878166,0.2806933943147376
1973.7864476386037,0.3069993229849297
1973.7891854893908,0.27952469070267805
1973.791923340178,0.22490992121987102
1973.7946611909651,0.16055519855480738
1973.7973990417522,0.08921318890340438
1973.8001368925393,0.008253276210598497
1973.8028747433266,-0.07817535504158808
1973.8056125941137,-0.1567885342519543
1973.8083504449007,-0.21395385179150606
1973.8110882956878,-0.2450092250538881
1973.813826146475,-0.25328771132346994
1973.8165639972622,-0.2397578490598053
1973.8193018480492,-0.1955506226173277
1973.8220396988363,-0.10829981543823908
1973.8247775496236,0.02037488904981986
1973.8275154004107,0.16165447676309672
1973.8302532511977,0.26507589019372013
1973.832991101985,0.28289191194234353
1973.8357289527721,0.19796212925877912
1973.8384668035592,0.036709373018785546
1973.8412046543463,-0.14080722496876572
1973.8439425051336,-0.2671228595558397
1973.8466803559206,-0.2955698176637694
1973.8494182067077,-0.2179715839262467
1973.8521560574948,-0.06605939947809794
1973.854893908282,0.10279647033605693
1973.8576317590691,0.22998422500401108
1973.8603696098562,0.2802405381391694
1973.8631074606435,0.25453475392767844
1973.8658453114306,0.18375151384478547
1973.8685831622176,0.10672541550943038
1973.8713210130047,0.046956213256147426
1973.874058863792,0.0034530058876893477
1973.876796714579,-0.039757130134472796
1973.8795345653662,-0.0953070425131674
1973.8822724161532,-0.16067438197115155
1973.8850102669405,-0.22039005937793293
1973.8877481177276,-0.2568138129192091
1973.8904859685147,-0.25837070857820077
1973.8932238193017,-0.22016253587959927
1973.895961670089,-0.14176179603136146
1973.898699520876,-0.029514822309361977
1973.9014373716632,0.09676876744554988
1973.9041752224505,0.2015623954105409
1973.9069130732375,0.24406924397939117
1973.9096509240246,0.1989676531094551
1973.9123887748117,0.074271577324954
1973.915126625599,-0.08711805857327394
1973.917864476386,-0.22466727193078717
1973.9206023271731,-0.2862745850976307
1973.9233401779602,-0.2490863873347476
1973.9260780287475,-0.1265735525019042
1973.9288158795346,0.03827080359106037
1973.9315537303216,0.18916296025561213
1973.934291581109,0.2769926538768547
1973.937029431896,0.27853440171296734
1973.939767282683,0.2056190093183559
1973.9425051334701,0.09820972316650894
1973.9452429842574,0.00253915367722583
1973.9479808350445,-0.05394416842904565
1973.9507186858316,-0.07483672200193087
1973.9534565366187,-0.08614803378526407
1973.956194387406,-0.11372515102241948
1973.958932238193,-0.1635485101643618
1973.96167008898,-0.2180869824711114
1973.9644079397672,-0.24856827096617648
1973.9671457905545,-0.23206243572563717
1973.9698836413415,-0.16223400900465632
1973.9726214921286,-0.050866894633774834
1973.975359342916,0.0758821971556768
1973.978097193703,0.18303779619846003
1973.98083504449,0.23509790031418734
1973.9835728952771,0.2086600330243941
1973.9863107460644,0.10567634782519447
1973.9890485968515,-0.04155033594449954
1973.9917864476386,-0.1801900767029849
1973.9945242984256,-0.25843188602600453
1973.997262149213,-0.24700916466256295
1974.0,-0.14927263135668092
1974.002737850787,0.0030812601771009317
1974.0054757015744,0.1630646936727486
1974.0082135523614,0.28314106224918584
1974.0109514031485,0.3284762294424171
1974.0136892539356,0.2879866749804615
1974.0164271047229,0.1800942450318016
1974.01916495551,0.04733684219403176
1974.021902806297,-0.06235720963879553
1974.024640657084,-0.11991116569266036
1974.0273785078714,-0.12952655594610207
1974.0301163586585,-0.12204631703289995
1974.0328542094455,-0.1306976726296376
1974.0355920602328,-0.16623290272660038
1974.03832991102,-0.2090673583718081
1974.041067761807,-0.22296164279833386
1974.043805612594,-0.17931082216045843
1974.0465434633813,-0.07554127610294696
1974.0492813141684,0.06204565759462789
1974.0520191649555,0.18943545189108152
1974.0547570157426,0.26226892240277905
1974.0574948665299,0.252323454236211
1974.060232717317,0.1588716642210547
1974.062970568104,0.011578508735845802
1974.065708418891,-0.13799519306580973
1974.0684462696784,-0.23542385155353968
1974.0711841204654,-0.24535150877410236
1974.0739219712525,-0.16492680420467418
1974.0766598220398,-0.0217418459624504
1974.0793976728269,0.14056545950042165
1974.082135523614,0.27873426050208744
1974.084873374401,0.36010507467831854
1974.0876112251883,0.36661967257238515
1974.0903490759754,0.2975726678020408
1974.0930869267625,0.17267307465295684
1974.0958247775495,0.030068247258983924
1974.0985626283368,-0.0866186097570833
1974.101300479124,-0.14919619418718483
1974.104038329911,-0.1602661597519172
1974.1067761806983,-0.14952004061199942
1974.1095140314853,-0.15072127775662247
1974.1122518822724,-0.1751826726658119
1974.1149897330595,-0.2018454359690485
1974.1177275838468,-0.19195816277203687
1974.1204654346338,-0.1177785376281206
1974.123203285421,0.015054944695127177
1974.125941136208,0.16596694045614405
1974.1286789869953,0.27820707058362454
1974.1314168377824,0.3056577266015649
1974.1341546885694,0.23368942917376523
1974.1368925393565,0.08587025665640582
1974.1396303901438,-0.08468742154316929
1974.1423682409309,-0.21559227920224566
1974.145106091718,-0.2595684185791421
1974.1478439425052,-0.20279555234048308
1974.1505817932923,-0.06818610835208921
1974.1533196440794,0.09807180578054014
1974.1560574948664,0.24823904726037
1974.1587953456537,0.34967912901333226
1974.1615331964408,0.3885385735299645
1974.1642710472279,0.3639406315027056
1974.167008898015,0.28283263726000013
1974.1697467488023,0.1611519276022035
1974.1724845995893,0.026470190131363324
1974.1752224503764,-0.08734732478380336
1974.1779603011637,-0.15550959648363205
1974.1806981519508,-0.1771851868038326
1974.1834360027378,-0.17538150094637955
1974.186173853525,-0.17805407507737897
1974.1889117043122,-0.19359755779174861
1974.1916495550993,-0.201018431259866
1974.1943874058863,-0.16467569602511634
1974.1971252566734,-0.0637625619071898
1974.1998631074607,0.08549065872646888
1974.2026009582478,0.2316272363379589
1974.2053388090349,0.313006532800404
1974.208076659822,0.29001545293763975
1974.2108145106092,0.1657735351330555
1974.2135523613963,-0.01434734792416079
1974.2162902121834,-0.18210413916251317
1974.2190280629707,-0.27464792090805995
1974.2217659137577,-0.2595362042218773
1974.2245037645448,-0.14621170993857605
1974.2272416153319,0.021093759708568388
1974.2299794661192,0.18557014245207976
1974.2327173169062,0.3031445973731068
1974.2354551676933,0.3566481908574991
1974.2381930184804,0.3523158613803353
1974.2409308692677,0.30511430754508867
1974.2436687200548,0.22687200640656327
1974.2464065708418,0.1261334112119796
1974.2491444216291,0.015700776573773532
1974.2518822724162,-0.08425165632742296
1974.2546201232033,-0.1544004328851952
1974.2573579739903,-0.18931301864589803
1974.2600958247776,-0.201241240495584
1974.2628336755647,-0.20782977438379974
1974.2655715263518,-0.2128585952446482
1974.2683093771388,-0.19812920333683118
1974.2710472279261,-0.13673327751244943
1974.2737850787132,-0.019316824438865926
1974.2765229295003,0.12773561629569744
1974.2792607802876,0.24845233812959244
1974.2819986310747,0.28578003981105504
1974.2847364818617,0.21412701860476294
1974.2874743326488,0.055562356585995294
1974.290212183436,-0.12895982803341205
1974.2929500342232,-0.26693841245149047
1974.2956878850102,-0.3054794732621119
1974.2984257357973,-0.2322173143009461
1974.3011635865846,-0.07802518053200906
1974.3039014373717,0.0987927147408567
1974.3066392881587,0.23946216561162
1974.3093771389458,0.3097161667436739
1974.3121149897331,0.3097064325262563
1974.3148528405202,0.2641914738216464
1974.3175906913073,0.20123467638706927
1974.3203285420946,0.13534023144064378
1974.3230663928816,0.06622691511293542
1974.3258042436687,-0.009433722714156408
1974.3285420944558,-0.0867516913384778
1974.331279945243,-0.1529439910992362
1974.3340177960301,-0.1974670277321275
1974.3367556468172,-0.21977399687042862
1974.3394934976043,-0.22534772575648174
1974.3422313483916,-0.2139502712076269
1974.3449691991786,-0.17392954758606377
1974.3477070499657,-0.09199024669952677
1974.350444900753,0.027533044807198377
1974.35318275154,0.1513710578096774
1974.3559206023272,0.22738299415297816
1974.3586584531142,0.21258076942970902
1974.3613963039015,0.10076537214579284
1974.3641341546886,-0.0691178062030836
1974.3668720054757,-0.22942422261561465
1974.3696098562627,-0.3148406418983178
1974.37234770705,-0.2909257660406251
1974.375085557837,-0.16716979590392467
1974.3778234086242,0.009244227559367754
1974.3805612594113,0.17473819816686126
1974.3832991101985,0.2764182258995019
1974.3860369609856,0.2932708726148376
1974.3887748117727,0.2412651239853921
1974.39151266256,0.15941525191180067
1974.394250513347,0.08500611302665761
1974.3969883641341,0.03375678010888377
1974.3997262149212,-0.0025766483498861487
1974.4024640657085,-0.041780195467596995
1974.4052019164956,-0.09314504779886496
1974.4079397672826,-0.15014577921257827
1974.4106776180697,-0.19713093014082797
1974.413415468857,-0.22085514770058629
1974.416153319644,-0.21557120152308987
1974.4188911704312,-0.17970435837761448
1974.4216290212185,-0.1122465526079385
1974.4243668720055,-0.016828994839781446
1974.4271047227926,0.08891843107650003
1974.4298425735797,0.17030945640587905
1974.432580424367,0.1877875110086369
1974.435318275154,0.12007105146783219
1974.438056125941,-0.01757188820258941
1974.4407939767282,-0.17447928561671885
1974.4435318275155,-0.2864099627814698
1974.4462696783025,-0.3052568402607597
1974.4490075290896,-0.22007968716300666
1974.4517453798767,-0.060148307150431624
1974.454483230664,0.11870019015452699
1974.457221081451,0.2566690689166769
1974.4599589322381,0.312726211035418
1974.4626967830254,0.27955124387692026
1974.4654346338125,0.18443729639091244
1974.4681724845996,0.07427449604407116
1974.4709103353866,-0.00911753465550123
1974.473648186174,-0.04968380280201591
1974.476386036961,-0.06095807690552464
1974.479123887748,-0.07096495921665484
1974.4818617385351,-0.09965099474967684
1974.4845995893224,-0.14516253501958354
1974.4873374401095,-0.18718083295920496
1974.4900752908966,-0.20180189917907565
1974.4928131416839,-0.17529443450234874
1974.495550992471,-0.10867051494768604
1974.498288843258,-0.014952600989474216
1974.501026694045,0.08434851434143566
1974.5037645448324,0.16130530118532044
1974.5065023956195,0.18641416200523164
1974.5092402464065,0.14012250277317173
1974.5119780971936,0.027077835655103535
1974.514715947981,-0.11779875353345749
1974.517453798768,-0.23965805363131576
1974.520191649555,-0.28734267888860454
1974.5229295003423,-0.23692688063895584
1974.5256673511294,-0.10180815502584355
1974.5284052019165,0.07448938381385509
1974.5311430527036,0.23645811917891216
1974.5338809034909,0.33617379853607116
1974.536618754278,0.34806495938551235
1974.539356605065,0.2763557802327008
1974.542094455852,0.15321751829281957
1974.5448323066394,0.025944515600897555
1974.5475701574264,-0.0641503676432265
1974.5503080082135,-0.1012611086200248
1974.5530458590006,-0.10056056640252799
1974.5557837097879,-0.09454357518729234
1974.558521560575,-0.10869884949317198
1974.561259411362,-0.14345552551259338
1974.5639972621493,-0.17479342250599605
1974.5667351129364,-0.1717487402899985
1974.5694729637235,-0.1173024852581397
1974.5722108145105,-0.019025241420383858
1974.5749486652978,0.09448148968448786
1974.577686516085,0.18576476104922823
1974.580424366872,0.2217759443939295
1974.583162217659,0.1846510029604272
1974.5859000684463,0.07941593913051663
1974.5886379192334,-0.06348110849532448
1974.5913757700205,-0.19498448665561513
1974.5941136208078,-0.26474912977323756
1974.5968514715948,-0.24242695986848475
1974.599589322382,-0.1312156496306205
1974.602327173169,0.03440563204860204
1974.6050650239563,0.20448999229332962
1974.6078028747434,0.3326577945374095
1974.6105407255304,0.3889273491824481
1974.6132785763175,0.3643419948365015
1974.6160164271048,0.27086104439805797
1974.6187542778919,0.1385659161165613
1974.621492128679,0.007862960104385976
1974.624229979466,-0.08523264406815935
1974.6269678302533,-0.12567659879517792
1974.6297056810404,-0.12653707222690777
1974.6324435318274,-0.11866594578669508
1974.6351813826147,-0.12754564307468697
1974.6379192334018,-0.15347826988060603
1974.640657084189,-0.1704192424300566
1974.643394934976,-0.14500538819055717
1974.6461327857633,-0.06202704793415678
1974.6488706365503,0.06158430379029957
1974.6516084873374,0.18278403625543857
1974.6543463381245,0.2530394484611934
1974.6570841889118,0.24069613555285285
1974.6598220396988,0.14455598003035605
1974.662559890486,-0.005049105626081747
1974.6652977412732,-0.1564373468013891
1974.6680355920603,-0.25468331496045
1974.6707734428473,-0.2622760634396382
1974.6735112936344,-0.17419345876795994
1974.6762491444217,-0.019389114745615922
1974.6789869952088,0.1530455627758614
1974.6817248459959,0.2952794166510981
1974.684462696783,0.377138864041663
1974.6872005475702,0.38986299242842987
1974.6899383983573,0.34009728345556767
1974.6926762491444,0.24319119654867047
1974.6954140999314,0.12110902799759998
1974.6981519507187,0.0015084220798964355
1974.7008898015058,-0.08877261622001469
1974.7036276522929,-0.13596303974893767
1974.7063655030802,-0.1479150966912519
1974.7091033538672,-0.14851442754141475
1974.7118412046543,-0.15843210905178004
1974.7145790554414,-0.17622691212724154
1974.7173169062287,-0.17635220918142186
1974.7200547570158,-0.1281614412066059
1974.7227926078028,-0.022692591974579495
1974.72553045859,0.11309032656260526
1974.7282683093772,0.22583272807001745
1974.7310061601643,0.2631459271561163
1974.7337440109513,0.20145804787086052
1974.7364818617386,0.05873428701849469
1974.7392197125257,-0.11283971373637361
1974.7419575633128,-0.24861269313037185
1974.7446954140999,-0.2972830879181922
1974.7474332648871,-0.24060953513779657
1974.7501711156742,-0.09945473712960293
1974.7529089664613,0.07672164358390296
1974.7556468172484,0.23251222698011445
1974.7583846680357,0.32977073732674317
1974.7611225188227,0.35865465540059693
1974.7638603696098,0.331752164876815
1974.766598220397,0.2686401067811442
1974.7693360711842,0.18422641388995525
1974.7720739219712,0.0884496920347605
1974.7748117727583,-0.00722774019258602
1974.7775496235456,-0.08752760570168866
1974.7802874743327,-0.14038755144757387
1974.7830253251198,-0.1664265751212258
1974.7857631759068,-0.1789024127838679
1974.7885010266941,-0.1905740165882115
1974.7912388774812,-0.1980514235199725
1974.7939767282683,-0.17960714276102485
1974.7967145790553,-0.11219701513009815
1974.7994524298426,0.0040129764880791775
1974.8021902806297,0.13398213038022277
1974.8049281314168,0.22084317156503053
1974.807665982204,0.2168413063124956
1974.8104038329911,0.11207012555266727
1974.8131416837782,-0.0570595253772864
1974.8158795345653,-0.22372833685098117
1974.8186173853526,-0.320860241485254
1974.8213552361397,-0.30974682400453324
1974.8240930869267,-0.1947429733725647
1974.8268309377138,-0.019112737503899406
1974.829568788501,0.15527383833402145
1974.8323066392882,0.2752187934631497
1974.8350444900752,0.3174558126366702
1974.8377823408625,0.2929590157037356
1974.8405201916496,0.23275312278696275
1974.8432580424367,0.1656379933955239
1974.8459958932237,0.10352385251214566
1974.848733744011,0.04321124572481478
1974.851471594798,-0.020524807610464005
1974.8542094455852,-0.08445616260650265
1974.8569472963723,-0.13841830465001653
1974.8596851471596,-0.1750401463333992
1974.8624229979466,-0.19543866737774043
1974.8651608487337,-0.2036228786155637
1974.8678986995208,-0.19570948913424244
1974.870636550308,-0.15761632497278258
1974.8733744010951,-0.07786916186470096
1974.8761122518822,0.03348527062383448
1974.8788501026695,0.13780724014482787
1974.8815879534566,0.18320958926972433
1974.8843258042436,0.13488437403918385
1974.8870636550307,-6.073589408013558e-05
1974.889801505818,-0.1707971288785567
1974.892539356605,-0.3057333598814508
1974.8952772073922,-0.346342034672893
1974.8980150581792,-0.2732905074711509
1974.9007529089665,-0.11308706300294671
1974.9034907597536,0.07553196982196728
1974.9062286105407,0.22778361887057613
1974.908966461328,0.299932565853175
1974.911704312115,0.28553965363314765
1974.914442162902,0.21320955116360535
1974.9171800136892,0.12697624934008706
1974.9199178644765,0.06071007300173681
1974.9226557152635,0.022369634299141537
1974.9253935660506,-0.0026423697651863053
1974.9281314168377,-0.033778314719712446
1974.930869267625,-0.07835286868231968
1974.933607118412,-0.12786105898515618
1974.9363449691991,-0.16734408100387807
1974.9390828199862,-0.18645505482896246
1974.9418206707735,-0.18190829264051803
1974.9445585215606,-0.15221277650652282
1974.9472963723476,-0.09470076028567594
1974.950034223135,-0.01191068451326929
1974.952772073922,0.07773207482413172
1974.955509924709,0.1382539604461728
1974.9582477754961,0.13146034105760837
1974.9609856262834,0.042074682235649946
1974.9637234770705,-0.10543380874431973
1974.9664613278576,-0.2526204342638884
1974.9691991786447,-0.3339676931372745
1974.971937029432,-0.30893841804842004
1974.974674880219,-0.180894647364221
1974.977412731006,0.005718445428096911
1974.9801505817934,0.1859274441801549
1974.9828884325805,0.3013820294171638
1974.9856262833675,0.32268438219239143
1974.9883641341546,0.25874556518794367
1974.991101984942,0.14956444863025065
1974.993839835729,0.045082053952297016
1974.996577686516,-0.019898741377407367
1974.9993155373031,-0.04088420272208651
1975.0020533880904,-0.03985602795432876
1975.0047912388775,-0.045662463014779484
1975.0075290896646,-0.07293089810104524
1975.0102669404519,-0.11408413552874298
1975.013004791239,-0.14786794002657566
1975.015742642026,-0.1549626183225018
1975.018480492813,-0.1280117188846635
1975.0212183436004,-0.07149880499372588
1975.0239561943874,0.0029225231351192992
1975.0266940451745,0.07825830870574592
1975.0294318959616,0.13115444250072422
1975.0321697467489,0.13513532214777793
1975.034907597536,0.07291455603778597
1975.037645448323,-0.04777873089602175
1975.04038329911,-0.18804319959155963
1975.0431211498974,-0.2903472990457178
1975.0458590006845,-0.3052304039845404
1975.0485968514715,-0.21638403507728882
1975.0513347022588,-0.04909031888093224
1975.054072553046,0.14159787081295117
1975.056810403833,0.2945480622585332
1975.05954825462,0.3656752667067776
1975.0622861054073,0.3419253280178476
1975.0650239561944,0.24323417247835755
1975.0677618069815,0.11290770922378324
1975.0704996577686,-0.0009207115309202863
1975.0732375085558,-0.06631787682143199
1975.075975359343,-0.08087493114014103
1975.07871321013,-0.06874721878191317
1975.0814510609173,-0.06205536592639597
1975.0841889117044,-0.07847784367641336
1975.0869267624914,-0.11031854535096675
1975.0896646132785,-0.13193485822441414
1975.0924024640658,-0.11869671951470377
1975.0951403148529,-0.06322525414701365
1975.09787816564,0.020842785666553426
1975.100616016427,0.10641360006551888
1975.1033538672143,0.16389662112360193
1975.1060917180014,0.16978452668950714
1975.1088295687885,0.113089932614162
1975.1115674195755,0.0015883414496774325
1975.1143052703628,-0.13452175417527595
1975.11704312115,-0.247823878360041
1975.119780971937,-0.29061094546563465
1975.1225188227243,-0.2369520187260691
1975.1252566735113,-0.09679634611392396
1975.1279945242984,0.08732037482248037
1975.1307323750855,0.2589123786141671
1975.1334702258728,0.37003152003884376
1975.1362080766598,0.39620185180494855
1975.138945927447,0.34001976895421093
1975.141683778234,0.2264827825353518
1975.1444216290213,0.09387059242765916
1975.1471594798084,-0.018614895983733254
1975.1498973305954,-0.08509537974811382
1975.1526351813827,-0.1036495871585825
1975.1553730321698,-0.09546215663921605
1975.1581108829569,-0.08984969336134921
1975.160848733744,-0.10325297490595092
1975.1635865845312,-0.12695357692180367
1975.1663244353183,-0.13330237254223118
1975.1690622861054,-0.09650355403185892
1975.1718001368924,-0.012948683435916007
1975.1745379876797,0.09295259197551409
1975.1772758384668,0.18012406838052156
1975.1800136892539,0.2105733612957014
1975.182751540041,0.16594478537140445
1975.1854893908283,0.05463874039101583
1975.1882272416153,-0.09042221188179121
1975.1909650924024,-0.2212531846188476
1975.1937029431897,-0.289940788793298
1975.1964407939768,-0.26645502535994353
1975.1991786447638,-0.15220649306947762
1975.201916495551,0.018916387875478884
1975.2046543463382,0.19464631498705534
1975.2073921971253,0.3263756565135006
1975.2101300479123,0.38644221414742835
1975.2128678986994,0.3722861990376042
1975.2156057494867,0.2994216686335995
1975.2183436002738,0.19183213587499895
1975.2210814510609,0.07589031982086283
1975.2238193018482,-0.023466825568677255
1975.2265571526352,-0.08864852708862714
1975.2292950034223,-0.11691634536795745
1975.2320328542094,-0.12247156654924134
1975.2347707049967,-0.12703147875788398
1975.2375085557837,-0.14253188979643103
1975.2402464065708,-0.15907100045101744
1975.2429842573579,-0.14985542845667316
1975.2457221081452,-0.09198592693019446
1975.2484599589322,0.011738128526077394
1975.2511978097193,0.1268970031339972
1975.2539356605066,0.2027871027579511
1975.2566735112937,0.19916270702781322
1975.2594113620808,0.10776811952327589
1975.2621492128678,-0.042639024265366726
1975.2648870636551,-0.19815696798289692
1975.2676249144422,-0.3010911428985543
1975.2703627652293,-0.3117314854469303
1975.2731006160163,-0.22315599467862937
1975.2758384668036,-0.06373657924412932
1975.2785763175907,0.114691223906015
1975.2813141683778,0.2588823022836431
1975.2840520191648,0.33572263340717085
1975.2867898699521,0.34146922823461534
1975.2895277207392,0.29459340117424626
1975.2922655715263,0.21960779229816157
1975.2950034223136,0.1346925589834898
1975.2977412731007,0.05026114770701669
1975.3004791238877,-0.02561205536519687
1975.3032169746748,-0.08454253486019496
1975.305954825462,-0.12214309946162955
1975.3086926762492,-0.14333166087706803
1975.3114305270362,-0.15950008421480028
1975.3141683778233,-0.17658748520732442
1975.3169062286106,-0.18455228908898189
1975.3196440793977,-0.160800378436747
1975.3223819301847,-0.08889586951464207
1975.325119780972,0.02099662788605472
1975.3278576317591,0.1278035628133191
1975.3305954825462,0.17805932039975614
1975.3333333333333,0.1364686958104746
1975.3360711841206,0.008536985868996181
1975.3388090349076,-0.15891669911843345
1975.3415468856947,-0.2987793498638379
1975.3442847364818,-0.35360843013281607
1975.347022587269,-0.2995621993716093
1975.3497604380561,-0.15474254184901934
1975.3524982888432,0.03000467384880732
1975.3552361396303,0.19333619289406376
1975.3579739904176,0.2892434191207389
1975.3607118412046,0.3045122231823375
1975.3634496919917,0.25879605742863226
1975.366187542779,0.18773910655221518
1975.368925393566,0.1205332587129487
1975.3716632443532,0.06693811661056914
1975.3744010951402,0.020861536338358785
1975.3771389459275,-0.025936250371719313
1975.3798767967146,-0.07365894777955487
1975.3826146475017,-0.11581782193250946
1975.3853524982887,-0.1475071547975162
1975.388090349076,-0.16932581515522716
1975.390828199863,-0.1817217894111795
1975.3935660506502,-0.1768225176110201
1975.3963039014375,-0.13984465483847136
1975.3990417522245,-0.06353140302314629
1975.4017796030116,0.03544407116523478
1975.4045174537987,0.114853105684688
1975.407255304586,0.1267519067810399
1975.409993155373,0.04772174346193303
1975.4127310061601,-0.10147791699389944
1975.4154688569472,-0.2613670323676691
1975.4182067077345,-0.3616976920606406
1975.4209445585216,-0.35522828074866775
1975.4236824093086,-0.23899631851765737
1975.4264202600957,-0.05394662139944414
1975.429158110883,0.13453294297310836
1975.43189596167,0.265012117440223
1975.4346338124572,0.30492654565405725
1975.4373716632444,0.2613712915792713
1975.4401095140315,0.17279786273302733
1975.4428473648186,0.08580871489734537
1975.4455852156057,0.030156422140650643
1975.448323066393,0.006942326413328589
1975.45106091718,-0.0036541415922827815
1975.453798767967,-0.022777288283109768
1975.4565366187542,-0.05716111931202226
1975.4592744695415,-0.0979721162375754
1975.4620123203285,-0.13138647706598344
1975.4647501711156,-0.14867841138430352
1975.467488021903,-0.1469759557112171
1975.47022587269,-0.1237139348323559
1975.472963723477,-0.07526523306801433
1975.4757015742641,-0.005031969479714427
1975.4784394250514,0.06631331659997047
1975.4811772758385,0.10207797734307072
1975.4839151266256,0.06800399263458716
1975.4866529774126,-0.04227529543603205
1975.4893908282,-0.19405051154953118
1975.492128678987,-0.32305497720088566
1975.494866529774,-0.3666471260728501
1975.4976043805614,-0.295886440007776
1975.5003422313484,-0.1299526568365467
1975.5030800821355,0.07348950289800374
1975.5058179329226,0.24469077816270615
1975.5085557837099,0.33107287766916527
1975.511293634497,0.31684165915932744
1975.514031485284,0.22594789701339088
1975.516769336071,0.10787849308598096
1975.5195071868584,0.012626875168285635
1975.5222450376455,-0.032983505061012705
1975.5249828884325,-0.034753514210038125
1975.5277207392196,-0.021049706959412162
1975.530458590007,-0.02055769647509501
1975.533196440794,-0.04351501581788904
1975.535934291581,-0.07864914740872905
1975.5386721423683,-0.10514121462672918
1975.5414099931554,-0.10773937105469783
1975.5441478439425,-0.08337371927560518
1975.5468856947296,-0.037942486798969895
1975.5496235455169,0.018714212604441036
1975.552361396304,0.0726731253002
1975.555099247091,0.10304955781755552
1975.557837097878,0.08536909127998941
1975.5605749486654,0.005503540862454571
1975.5633127994524,-0.12365084989368604
1975.5660506502395,-0.2576730227052501
1975.5687885010268,-0.3367802026631732
1975.5715263518139,-0.3156183594514459
1975.574264202601,-0.18839528868114705
1975.577002053388,0.00634026902935568
1975.5797399041753,0.2033022475662221
1975.5824777549624,0.33919035043693
1975.5852156057495,0.37743925682680807
1975.5879534565365,0.3192547826036002
1975.5906913073238,0.19909482489058034
1975.593429158111,0.06811624873879564
1975.596167008898,-0.027955060418604065
1975.598904859685,-0.06778623804467061
1975.6016427104723,-0.0610743995571015
1975.6043805612594,-0.038470895260892944
1975.6071184120465,-0.030141975374381628
1975.6098562628338,-0.04656096916526754
1975.6125941136208,-0.07417268428405714
1975.615331964408,-0.0877291535855975
1975.618069815195,-0.06891087823154107
1975.6208076659823,-0.017661464339047833
1975.6235455167694,0.04942475457762529
1975.6262833675564,0.10853443896420624
1975.6290212183435,0.13720938430485102
1975.6317590691308,0.11885128775612
1975.6344969199179,0.0466452549433648
1975.637234770705,-0.0699948848343856
1975.6399726214922,-0.2002969125284114
1975.6427104722793,-0.29680023979080566
1975.6454483230664,-0.31343906088374507
1975.6481861738534,-0.22920012484455615
1975.6509240246407,-0.06227476432207604
1975.6536618754278,0.13567107326515407
1975.6563997262149,0.3021848932035483
1975.659137577002,0.3900563374784806
1975.6618754277893,0.38313096030612037
1975.6646132785763,0.2971114424186925
1975.6673511293634,0.16922145883506873
1975.6700889801505,0.04316367746133578
1975.6728268309378,-0.04607641350207212
1975.6755646817248,-0.08411010575246938
1975.678302532512,-0.08112660750758073
1975.6810403832992,-0.06408702471593675
1975.6837782340863,-0.05914633610484772
1975.6865160848733,-0.07427931067827429
1975.6892539356604,-0.09425149341742257
1975.6919917864477,-0.092317932793239
1975.6947296372348,-0.05059886793782717
1975.6974674880219,0.025460219998035785
1975.700205338809,0.10807802866363984
1975.7029431895962,0.16128805118213338
1975.7056810403833,0.15785297683389124
1975.7084188911704,0.08992349872306106
1975.7111567419577,-0.028540753117565973
1975.7138945927447,-0.16499091935313895
1975.7166324435318,-0.27567200294064825
1975.7193702943189,-0.3181043782540928
1975.7221081451062,-0.2675627390550893
1975.7248459958932,-0.13062628106160518
1975.7275838466803,0.05374105467883865
1975.7303216974674,0.22925023541928388
1975.7330595482547,0.3461719230502983
1975.7357973990418,0.38022548139088214
1975.7385352498288,0.33677532582263087
1975.7412731006161,0.2415816625745731
1975.7440109514032,0.1271678739794141
1975.7467488021903,0.022616044405907306
1975.7494866529773,-0.05208443012843303
1975.7522245037646,-0.08979091961397469
1975.7549623545517,-0.0981453262305712
1975.7577002053388,-0.09583927543334408
1975.7604380561258,-0.10109563624700482
1975.7631759069131,-0.11781784833728302
1975.7659137577002,-0.13032971185214656
1975.7686516084873,-0.11348118220880547
1975.7713894592744,-0.05288941349681605
1975.7741273100617,0.03936082615421615
1975.7768651608487,0.12605557716763002
1975.7796030116358,0.16331720050921325
1975.782340862423,0.1241981550038059
1975.7850787132102,0.01317706524624909
1975.7878165639972,-0.13498757597436684
1975.7905544147843,-0.2689632782428801
1975.7932922655716,-0.33962239048072335
1975.7960301163587,-0.3173845818727391
1975.7987679671457,-0.2034812448516355
1975.8015058179328,-0.03097776493897558
1975.8042436687201,0.14697219473050774
1975.8069815195072,0.2785545516387871
1975.8097193702943,0.33427077539091604
1975.8124572210816,0.3156767420872132
1975.8151950718686,0.24749848891125764
1975.8179329226557,0.16022907967628028
1975.8206707734428,0.0759912613797808
1975.82340862423,0.005294000174097887
1975.8261464750171,-0.048304680973000474
1975.8288843258042,-0.08414401302874827
1975.8316221765913,-0.1051768931757784
1975.8343600273786,-0.11931018639856766
1975.8370978781657,-0.13505647221953057
1975.8398357289527,-0.152191540804417
1975.84257357974,-0.15655851313084246
1975.845311430527,-0.12767918381201457
1975.8480492813142,-0.05691910789781383
1975.8507871321012,0.037548145832245236
1975.8535249828885,0.1131279540980968
1975.8562628336756,0.12428483348914132
1975.8590006844627,0.049948931561691265
1975.8617385352497,-0.09117097441047792
1975.864476386037,-0.24685427742603655
1975.867214236824,-0.3546859656687675
1975.8699520876112,-0.369140895972352
1975.8726899383983,-0.27982681320926545
1975.8754277891856,-0.1146101035134873
1975.8781656399726,0.0722324804919417
1975.8809034907597,0.22205157021605051
1975.883641341547,0.29548679664679867
1975.886379192334,0.28703336180799643
1975.8891170431211,0.22262851008578058
1975.8918548939082,0.14148136235596784
1975.8945927446955,0.07368604837346847
1975.8973305954826,0.02805230314223738
1975.9000684462696,-0.003646283981716864
1975.9028062970567,-0.03280583414886647
1975.905544147844,-0.06359912690942078
1975.908281998631,-0.09326486310115285
1975.9110198494182,-0.1186151940545487
1975.9137577002052,-0.13888126417555063
1975.9164955509925,-0.15117348642072992
1975.9192334017796,-0.14545168860306215
1975.9219712525667,-0.1087806770481776
1975.924709103354,-0.039525350726524286
1975.927446954141,0.040260975127327445
1975.930184804928,0.08847950525566357
1975.9329226557152,0.06528551920016179
1975.9356605065025,-0.03942939643437711
1975.9383983572895,-0.19307766815256117
1975.9411362080766,-0.33234964737360434
1975.9438740588637,-0.3935407292874299
1975.946611909651,-0.3433743302214785
1975.949349760438,-0.193979111581766
1975.9520876112251,0.0036908705249648517
1975.9548254620124,0.18269711534063113
1975.9575633127995,0.28810475235789196
1975.9603011635866,0.29839595983419925
1975.9630390143736,0.23141924178257756
1975.965776865161,0.13199793554038644
1975.968514715948,0.04713521163621759
1975.971252566735,0.002444430544426314
1975.9739904175221,-0.0063632393331560285
1975.9767282683094,-0.002833503838387399
1975.9794661190965,-0.009361314727594482
1975.9822039698836,-0.0326859275418543
1975.9849418206709,-0.06433784971231703
1975.987679671458,-0.09157659652314547
1975.990417522245,-0.10655807170901332
1975.993155373032,-0.10631895298427928
1975.9958932238194,-0.0878266188582088
1975.9986310746065,-0.048074158004251494
1976.0013689253935,0.007390939973887829
1976.0041067761806,0.05611456976854041
1976.006844626968,0.0632311932233913
1976.009582477755,0.001714771672003873
1976.012320328542,-0.12410353425540145
1976.0150581793291,-0.2706182612130208
1976.0177960301164,-0.37196360894163544
1976.0205338809035,-0.3733315362868499
1976.0232717316906,-0.26029432348555037
1976.0260095824779,-0.06700998121311375
1976.028747433265,0.13984864280021533
1976.031485284052,0.29110492227941254
1976.034223134839,0.3436830504835301
1976.0369609856264,0.29581093849095447
1976.0396988364134,0.1838417778851427
1976.0424366872005,0.0629623365962752
1976.0451745379876,-0.01943706668131431
1976.0479123887749,-0.044793376650574646
1976.050650239562,-0.02756612975887806
1976.053388090349,-0.0005962236250202312
1976.0561259411363,0.008239029299456982
1976.0588637919234,-0.007859614973347653
1976.0616016427105,-0.03549115760750016
1976.0643394934975,-0.05508202152108558
1976.0670773442848,-0.05490794321199803
1976.069815195072,-0.034921255134699375
1976.072553045859,-0.0016559615603067698
1976.075290896646,0.036499389969746096
1976.0780287474333,0.06771893693871849
1976.0807665982204,0.0732692607569336
1976.0835044490075,0.031854556781186025
1976.0862422997948,-0.06529469318852266
1976.0889801505818,-0.1985032543816212
1976.091718001369,-0.31839979494940884
1976.094455852156,-0.366004242175567
1976.0971937029433,-0.3042088769330851
1976.0999315537304,-0.14064275520845707
1976.1026694045174,0.07299927176828233
1976.1054072553045,0.264451295990193
1976.1081451060918,0.37294575697887944
1976.1108829568789,0.3731005350709754
1976.113620807666,0.28119865741373795
1976.116358658453,0.14410324953238013
1976.1190965092403,0.01738286753284298
1976.1218343600274,-0.05817386934113114
1976.1245722108144,-0.07205198389488365
1976.1273100616017,-0.04425382431258362
1976.1300479123888,-0.009789332193005259
1976.132785763176,0.003809786848110692
1976.135523613963,-0.0080855523459941
1976.1382614647503,-0.02844652454905674
1976.1409993155373,-0.03404302725483768
1976.1437371663244,-0.012565476489890318
1976.1464750171115,0.030619456660851092
1976.1492128678988,0.0779825924916085
1976.1519507186858,0.10973648665556232
1976.154688569473,0.109792810921724
1976.15742642026,0.06721673874097636
1976.1601642710473,-0.021031208602839763
1976.1629021218343,-0.14297379082296055
1976.1656399726214,-0.2658217544936516
1976.1683778234087,-0.341542969360343
1976.1711156741958,-0.3269877308056774
1976.1738535249829,-0.20869626927659837
1976.17659137577,-0.015539279529098029
1976.1793292265572,0.1910847978922115
1976.1820670773443,0.3445717556141885
1976.1848049281314,0.40176508442752074
1976.1875427789184,0.35777531130451645
1976.1902806297057,0.24232974548736183
1976.1930184804928,0.10339825483352452
1976.1957563312799,-0.01262356952139556
1976.1984941820672,-0.0770420411971786
1976.2012320328543,-0.08701646336323055
1976.2039698836413,-0.06302483172050011
1976.2067077344284,-0.035650950153691116
1976.2094455852157,-0.02723339326289599
1976.2121834360028,-0.03885482502747854
1976.2149212867898,-0.05159103559792616
1976.217659137577,-0.04167254238684508
1976.2203969883642,0.001101621640420103
1976.2231348391513,0.06470332165964826
1976.2258726899383,0.12102420562038722
1976.2286105407256,0.14080419985157258
1976.2313483915127,0.1067885072076234
1976.2340862422998,0.019259348102923467
1976.2368240930869,-0.104464218941235
1976.2395619438742,-0.23280138524008373
1976.2422997946612,-0.3251130983584152
1976.2450376454483,-0.3426745059730703
1976.2477754962354,-0.2652306734750378
1976.2505133470227,-0.10514112423634447
1976.2532511978097,0.09208789580106824
1976.2559890485968,0.2650892330807736
1976.2587268993839,0.3633273469064595
1976.2614647501712,0.36752888656772253
1976.2642026009582,0.29286594758606793
1976.2669404517453,0.17618937926162404
1976.2696783025326,0.05776789898800712
1976.2724161533197,-0.0324710731481177
1976.2751540041068,-0.08104457857806249
1976.2778918548938,-0.09132997703769966
1976.2806297056811,-0.07988081344708356
1976.2833675564682,-0.06808699921025715
1976.2861054072553,-0.07019491496093624
1976.2888432580423,-0.08366459132448903
1976.2915811088296,-0.08985419295002105
1976.2943189596167,-0.06728634721067663
1976.2970568104038,-0.00962176771349324
1976.299794661191,0.06484014500127915
1976.3025325119781,0.1200047887857182
1976.3052703627652,0.12110514670908891
1976.3080082135523,0.05364838304998895
1976.3107460643396,-0.06863592186305771
1976.3134839151267,-0.2090080306124474
1976.3162217659137,-0.32097943125327555
1976.3189596167008,-0.36350429904186804
1976.321697467488,-0.3146147439726189
1976.3244353182752,-0.1809193954300168
1976.3271731690622,0.0012976020357205811
1976.3299110198495,0.17731350278917762
1976.3326488706366,0.2955248782221464
1976.3353867214237,0.32906998581783475
1976.3381245722107,0.28482331883257006
1976.340862422998,0.19461902860935384
1976.3436002737851,0.09577473534780198
1976.3463381245722,0.014398013417869738
1976.3490759753593,-0.03974999952456339
1976.3518138261466,-0.06865102147457518
1976.3545516769336,-0.07966690306732135
1976.3572895277207,-0.08238445928376056
1976.3600273785078,-0.08670133711663534
1976.362765229295,-0.09818516281174415
1976.3655030800821,-0.11199696209192396
1976.3682409308692,-0.1123700958242003
1976.3709787816565,-0.08261926830568786
1976.3737166324436,-0.021068804313158343
1976.3764544832306,0.04967293758093613
1976.3791923340177,0.09007746303467118
1976.381930184805,0.06543777716459269
1976.384668035592,-0.03181209250179076
1976.3874058863792,-0.1739343043176865
1976.3901437371662,-0.3087185357438733
1976.3928815879535,-0.38221564160611915
1976.3956194387406,-0.3611427549103682
1976.3983572895277,-0.24568057789181963
1976.401095140315,-0.06930176140295555
1976.403832991102,0.11343684379474542
1976.406570841889,0.24740319257879528
1976.4093086926762,0.29859941293561104
1976.4120465434635,0.2671747322592701
1976.4147843942505,0.18398421923816555
1976.4175222450376,0.09180281955049172
1976.4202600958247,0.022627853453672478
1976.422997946612,-0.014632156039087794
1976.425735797399,-0.029991328824541703
1976.4284736481861,-0.03838593765435237
1976.4312114989732,-0.04850998217112526
1976.4339493497605,-0.06154145406545712
1976.4366872005476,-0.07600186696010776
1976.4394250513346,-0.09021765124317743
1976.442162902122,-0.09943693669725182
1976.444900752909,-0.09354238528940284
1976.447638603696,-0.0627457509342763
1976.4503764544831,-0.010025934767090851
1976.4531143052704,0.04083135221773078
1976.4558521560575,0.052658116203045724
1976.4585900068446,-0.002982119452658742
1976.4613278576317,-0.12323416386874703
1976.464065708419,-0.2678733116007258
1976.466803559206,-0.3757399044621492
1976.469541409993,-0.3943260256881307
1976.4722792607804,-0.3053231985039403
1976.4750171115675,-0.13307685889647283
1976.4777549623545,0.06634941266500236
1976.4804928131416,0.22868178077678977
1976.483230663929,0.30702829349946414
1976.485968514716,0.2895314623134648
1976.488706365503,0.2018298679864805
1976.4914442162901,0.09256284262423019
1976.4941820670774,0.008379140277244724
1976.4969199178645,-0.028110187087529305
1976.4996577686516,-0.02459693162110311
1976.5023956194386,-0.006841687284881627
1976.505133470226,0.0018257425302646742
1976.507871321013,-0.006010244723529209
1976.5106091718,-0.023198929636161388
1976.5133470225874,-0.03886358879171073
1976.5160848733744,-0.04680403485153413
1976.5188227241615,-0.04513170335710831
1976.5215605749486,-0.03187032731761331
1976.5242984257359,-0.005629645612492442
1976.527036276523,0.02666213070835824
1976.52977412731,0.043794267832399765
1976.532511978097,0.016990454366581982
1976.5352498288844,-0.07029846862778087
1976.5379876796715,-0.20295752202784173
1976.5407255304585,-0.3320860124319379
1976.5434633812458,-0.3958677491306609
1976.546201232033,-0.3520771596261752
1976.54893908282,-0.20212914208228233
1976.551676933607,0.007537442946377964
1976.5544147843943,0.20636340891896948
1976.5571526351814,0.3304874722370402
1976.5598904859685,0.3483327599900152
1976.5626283367556,0.2707355689231854
1976.5653661875428,0.14287179967747776
1976.56810403833,0.02214809594305262
1976.570841889117,-0.04812624768026991
1976.5735797399043,-0.05662916062084901
1976.5763175906914,-0.023980543884153552
1976.5790554414784,0.014776194716685969
1976.5817932922655,0.03338254015854132
1976.5845311430528,0.027749060382107168
1976.5872689938399,0.012001791396618822
1976.590006844627,0.0033409370899033473
1976.592744695414,0.009400548921069663
1976.5954825462013,0.026817277201885432
1976.5982203969884,0.0477928310262097
1976.6009582477755,0.06475545664323493
1976.6036960985625,0.06819369698968729
1976.6064339493498,0.043287600467564066
1976.609171800137,-0.025133939390114216
1976.611909650924,-0.13790582147172392
1976.6146475017113,-0.2682181785938132
1976.6173853524983,-0.3644127281164652
1976.6201232032854,-0.3729607683051825
1976.6228610540725,-0.2692065483450658
1976.6255989048598,-0.07556782001064263
1976.6283367556468,0.14546748375862628
1976.631074606434,0.31953319789430334
1976.633812457221,0.39322782374936877
1976.6365503080083,0.35468330695062816
1976.6392881587954,0.23412148310822342
1976.6420260095824,0.08717984475834353
1976.6447638603697,-0.03004849800870419
1976.6475017111568,-0.08373296130902086
1976.6502395619439,-0.07354251033131748
1976.652977412731,-0.027376257010775656
1976.6557152635182,0.01775824310282554
1976.6584531143053,0.03778552821023416
1976.6611909650924,0.03297844468621675
1976.6639288158794,0.022144112476381057
1976.6666666666667,0.025381117019883267
1976.6694045174538,0.049073382146691186
1976.6721423682409,0.08326201302575244
1976.674880219028,0.11011336031733172
1976.6776180698153,0.11379406223143895
1976.6803559206023,0.08421317656295955
1976.6830937713894,0.016295284849463146
1976.6858316221767,-0.08805853169222144
1976.6885694729638,-0.21282043663948325
1976.6913073237508,-0.32272124701925503
1976.694045174538,-0.37070328966810695
1976.6967830253252,-0.31977532987857554
1976.6995208761123,-0.16732660968603813
1976.7022587268993,0.04575353605529052
1976.7049965776864,0.2500153440302549
1976.7077344284737,0.3787675122484354
1976.7104722792608,0.39732832826915654
1976.7132101300479,0.31461068033710915
1976.7159479808352,0.17386912202888735
1976.7186858316222,0.030856018056497486
1976.7214236824093,-0.06888997110423463
1976.7241615331964,-0.1050946817858646
1976.7268993839837,-0.0862567762504081
1976.7296372347707,-0.04126713645573056
1976.7323750855578,-0.002481328274607484
1976.7351129363449,0.011921469060319392
1976.7378507871322,0.006358917747231794
1976.7405886379192,0.0014583955831778007
1976.7433264887063,0.017035133107104448
1976.7460643394934,0.05647413720351372
1976.7488021902807,0.10332159620837825
1976.7515400410678,0.13113305490417526
1976.7542778918548,0.11795844203589037
1976.7570157426421,0.05565773851278792
1976.7597535934292,-0.048700167687338945
1976.7624914442163,-0.17510587862586344
1976.7652292950033,-0.2926119040880283
1976.7679671457906,-0.3630864649959846
1976.7707049965777,-0.351781587839309
1976.7734428473648,-0.2444335927359937
1976.7761806981518,-0.061324920866221724
1976.7789185489391,0.1441519128904757
1976.7816563997262,0.30616353537680413
1976.7843942505133,0.37596385216017053
1976.7871321013006,0.34265601471171386
1976.7898699520877,0.23363504896620732
1976.7926078028747,0.09712549457962721
1976.7953456536618,-0.020618324212245104
1976.798083504449,-0.09136029880773144
1976.8008213552362,-0.10984253451137584
1976.8035592060232,-0.0899990232783616
1976.8062970568103,-0.05608052446005154
1976.8090349075976,-0.031089887198876613
1976.8117727583847,-0.025615772513331123
1976.8145106091717,-0.03254229954893412
1976.817248459959,-0.03247736505743227
1976.8199863107461,-0.008455193380136143
1976.8227241615332,0.03930806319935084
1976.8254620123203,0.08949325881146934
1976.8281998631076,0.11018057237858762
1976.8309377138946,0.07682368738966913
1976.8336755646817,-0.013968795059690902
1976.8364134154688,-0.14196423915866677
1976.839151266256,-0.27077033958564606
1976.8418891170431,-0.3593980016783711
1976.8446269678302,-0.37395425371383717
1976.8473648186173,-0.29874087926673987
1976.8501026694046,-0.145232464203917
1976.8528405201916,0.04636602418583744
1976.8555783709787,0.21852534968088075
1976.858316221766,0.3192146618874701
1976.861054072553,0.3248768633982057
1976.8637919233402,0.2494453499368252
1976.8665297741272,0.1336880366903958
1976.8692676249145,0.022624054357410436
1976.8720054757016,-0.05409392141356212
1976.8747433264887,-0.08868501137080274
1976.8774811772757,-0.08969834687167032
1976.880219028063,-0.0726458859053525
1976.88295687885,-0.05315171461290885
1976.8856947296372,-0.04273137513344487
1976.8884325804245,-0.044810492437205786
1976.8911704312115,-0.051973455017645886
1976.8939082819986,-0.04898863931458759
1976.8966461327857,-0.02355777048201693
1976.899383983573,0.02094731611544556
1976.90212183436,0.06125806373487898
1976.9048596851471,0.06451106926862964
1976.9075975359342,0.008078755536177668
1976.9103353867215,-0.10403827970642518
1976.9130732375086,-0.23910250669059524
1976.9158110882956,-0.34870920107857933
1976.9185489390827,-0.3888880202593585
1976.92128678987,-0.33730153265659046
1976.924024640657,-0.20175282598648955
1976.9267624914442,-0.018636677316774857
1976.9295003422314,0.15821518497241177
1976.9322381930185,0.2763689153099224
1976.9349760438056,0.30551604446366637
1976.9377138945927,0.2502089187400786
1976.94045174538,0.14612732520155905
1976.943189596167,0.0405226073935953
1976.945927446954,-0.03155325367317334
1976.9486652977412,-0.060442559207965464
1976.9514031485285,-0.05801115620646949
1976.9541409993155,-0.04315898077050069
1976.9568788501026,-0.029386348168553345
1976.95961670089,-0.021844933382272242
1976.962354551677,-0.020984483867507737
1976.965092402464,-0.025204045626834592
1976.9678302532511,-0.02964509342781629
1976.9705681040384,-0.025751032494044444
1976.9733059548255,-0.007009925111035277
1976.9760438056126,0.021208197350206588
1976.9787816563996,0.03735309163690375
1976.981519507187,0.01287823189814629
1976.984257357974,-0.06813117672100785
1976.986995208761,-0.19236424813496866
1976.9897330595481,-0.3170406485185165
1976.9924709103354,-0.3881819210761025
1976.9952087611225,-0.3668209439709867
1976.9979466119096,-0.24818953102555008
1977.0006844626969,-0.06466621088654033
1977.003422313484,0.12714663160377887
1977.006160164271,0.26833900043473025
1977.008898015058,0.31995626511677694
1977.0116358658454,0.27757346801699945
1977.0143737166325,0.17191266918430545
1977.0171115674195,0.05377805676575455
1977.0198494182066,-0.03051845504092813
1977.022587268994,-0.060131061074850174
1977.025325119781,-0.04471534608636573
1977.028062970568,-0.011462204914937248
1977.0308008213553,0.015265026405584544
1977.0335386721424,0.02672628804494366
1977.0362765229295,0.02798962463529099
1977.0390143737166,0.02730369995111542
1977.0417522245039,0.028277417225884623
1977.044490075291,0.030560358761682074
1977.047227926078,0.034226009180158765
1977.049965776865,0.039493592019314495
1977.0527036276524,0.0404504077907354
1977.0554414784394,0.02097920064108389
1977.0581793292265,-0.038099819792194685
1977.0609171800138,-0.14189794628050126
1977.0636550308009,-0.2672619214048391
1977.066392881588,-0.3655791545899688
1977.069130732375,-0.3848774329139111
1977.0718685831623,-0.29858648458013376
1977.0746064339494,-0.12278711829414587
1977.0773442847365,0.08849003631000418
1977.0800821355235,0.2665029604867009
1977.0828199863108,0.35664737591376694
1977.085557837098,0.3394748973095065
1977.088295687885,0.23608604527842872
1977.091033538672,0.09694265272218204
1977.0937713894593,-0.02099571500082794
1977.0965092402464,-0.07909821147780902
1977.0992470910335,-0.07197621708676796
1977.1019849418208,-0.02439127476605075
1977.1047227926078,0.02778756608209146
1977.107460643395,0.05995788194272611
1977.110198494182,0.06965220920275943
1977.1129363449693,0.07025057839774199
1977.1156741957564,0.0753542292239208
1977.1184120465434,0.08769302037657575
1977.1211498973305,0.09998924515464137
1977.1238877481178,0.10308995688905767
1977.1266255989049,0.09105636338430559
1977.129363449692,0.05888911570249272
1977.1321013004792,-0.0010074579351456378
1977.1348391512663,-0.0946089015357538
1977.1375770020534,-0.21387679711905233
1977.1403148528404,-0.3272674432104553
1977.1430527036277,-0.386048677470066
1977.1457905544148,-0.3478880743672841
1977.148528405202,-0.2039987106119517
1977.151266255989,0.009104750145499618
1977.1540041067763,0.2225786983436164
1977.1567419575633,0.3658465927287275
1977.1594798083504,0.39732021796243633
1977.1622176591375,0.3197477415384923
1977.1649555099248,0.17505750410006865
1977.1676933607118,0.023804546772362673
1977.170431211499,-0.08058325863619101
1977.1731690622862,-0.11219573014475791
1977.1759069130733,-0.0795503476873924
1977.1786447638603,-0.016058667564573737
1977.1813826146474,0.04105447772634026
1977.1841204654347,0.07133072010736982
1977.1868583162218,0.07861327489754569
1977.1895961670089,0.08163213303316363
1977.192334017796,0.0959843735456535
1977.1950718685832,0.1216416628878636
1977.1978097193703,0.14420985081617047
1977.2005475701574,0.1459905431692428
1977.2032854209447,0.11584507151821452
1977.2060232717317,0.0510740231943795
1977.2087611225188,-0.0453853319357886
1977.2114989733059,-0.16446818033768973
1977.2142368240932,-0.28516896449484574
1977.2169746748802,-0.3712753447160162
1977.2197125256673,-0.38064964932268663
1977.2224503764544,-0.2872059124595299
1977.2251882272417,-0.10232382997724923
1977.2279260780288,0.12134228989783243
1977.2306639288158,0.30997318040127964
1977.233401779603,0.4020859395915237
1977.2361396303902,0.3757455606268801
1977.2388774811773,0.2549421068358784
1977.2416153319643,0.09446726882873294
1977.2443531827516,-0.04594439468742422
1977.2470910335387,-0.12499328607342478
1977.2498288843258,-0.1320935641830011
1977.2525667351129,-0.08596975037941576
1977.2553045859001,-0.021574501307291098
1977.2580424366872,0.028850211113429364
1977.2607802874743,0.05156296702107796
1977.2635181382614,0.05522804739952865
1977.2662559890487,0.06046337122372643
1977.2689938398357,0.08215170199946636
1977.2717316906228,0.11707697945286032
1977.27446954141,0.14529858712262506
1977.2772073921972,0.14286006853098127
1977.2799452429842,0.09540379828623248
1977.2826830937713,0.003939436589231184
1977.2854209445586,-0.11729763866782718
1977.2881587953457,-0.2447380496727813
1977.2908966461328,-0.3473602635987973
1977.2936344969198,-0.3900085541464712
1977.2963723477071,-0.34401975842543014
1977.2991101984942,-0.20415426168765863
1977.3018480492813,-0.0009251514755728328
1977.3045859000686,0.2043739254305514
1977.3073237508556,0.34411946229007445
1977.3100616016427,0.37557356354060284
1977.3127994524298,0.29989664657124837
1977.315537303217,0.15804307045767846
1977.3182751540041,0.008099824527482872
1977.3210130047912,-0.1010238120495164
1977.3237508555783,-0.14604724636112126
1977.3264887063656,-0.1315261206533823
1977.3292265571527,-0.08143001922248508
1977.3319644079397,-0.025948225090735105
1977.3347022587268,0.01181528946953199
1977.337440109514,0.025145097367943427
1977.3401779603012,0.024731321215169223
1977.3429158110882,0.029564555967320764
1977.3456536618755,0.051984007902036174
1977.3483915126626,0.08650053075789434
1977.3511293634497,0.11069093809080673
1977.3538672142367,0.09805528383110618
1977.356605065024,0.034006003544266854
1977.359342915811,-0.07525998119691198
1977.3620807665982,-0.20467549840688762
1977.3648186173853,-0.3189893860921896
1977.3675564681726,-0.3824690241845501
1977.3702943189596,-0.3678469603754136
1977.3730321697467,-0.26582449781166195
1977.375770020534,-0.0937859883417216
1977.378507871321,0.10290972998844215
1977.3812457221081,0.26368921383700067
1977.3839835728952,0.3375694939578456
1977.3867214236825,0.30711772343751825
1977.3894592744696,0.19617985852289732
1977.3921971252566,0.055891868990332425
1977.3949349760437,-0.06171056169181936
1977.397672826831,-0.12577375448947353
1977.400410677618,-0.13320395945947178
1977.4031485284052,-0.10087724497137551
1977.4058863791922,-0.05273054308771138
1977.4086242299795,-0.009697483434244742
1977.4113620807666,0.015769723365391272
1977.4140999315537,0.022250600731469727
1977.416837782341,0.01892378564405889
1977.419575633128,0.019980691901661463
1977.422313483915,0.034186982748291544
1977.4250513347022,0.055519537799362015
1977.4277891854895,0.06294668592927903
1977.4305270362765,0.03198154954437726
1977.4332648870636,-0.04858137207372784
1977.4360027378507,-0.1660032569680762
1977.438740588638,-0.28604172167496933
1977.441478439425,-0.3664424735699112
1977.4442162902121,-0.37346314238099293
1977.4469541409994,-0.2943004931013152
1977.4496919917865,-0.14263991183391894
1977.4524298425736,0.04308758225605748
1977.4551676933606,0.20957018972720856
1977.457905544148,0.3064938187522519
1977.460643394935,0.3072739516664441
1977.463381245722,0.22196849037556393
1977.4661190965091,0.09284594911057367
1977.4688569472964,-0.026892630574222715
1977.4715947980835,-0.09878601157346036
1977.4743326488706,-0.11336014504269647
1977.4770704996577,-0.08600638926147205
1977.479808350445,-0.04116285336451485
1977.482546201232,0.001939318400487184
1977.485284052019,0.03383272549928715
1977.4880219028064,0.05186423354033032
1977.4907597535935,0.0569471300265872
1977.4934976043805,0.05330593462360509
1977.4962354551676,0.04791095354963727
1977.498973305955,0.045536529795035544
1977.501711156742,0.04154166300242534
1977.504449007529,0.020118158610548532
1977.5071868583161,-0.03665896220689373
1977.5099247091034,-0.13309891501934557
1977.5126625598905,-0.24915099762904505
1977.5154004106776,-0.3442481880149438
1977.5181382614649,-0.37503017599738403
1977.520876112252,-0.3165922949450509
1977.523613963039,-0.1754356013635947
1977.526351813826,0.011482498099307127
1977.5290896646134,0.18968178224365612
1977.5318275154004,0.3063464435940323
1977.5345653661875,0.32947295141449473
1977.5373032169746,0.26053570969672496
1977.5400410677619,0.13448657178988813
1977.542778918549,0.00464994164933377
1977.545516769336,-0.08178220505786567
1977.5482546201233,-0.10449242058452683
1977.5509924709104,-0.07457886444403641
1977.5537303216975,-0.021076652095127484
1977.5564681724845,0.029567594222107627
1977.5592060232718,0.06608885656402001
1977.561943874059,0.09041508340661945
1977.564681724846,0.10724104792132902
1977.567419575633,0.1167126876224163
1977.5701574264203,0.11564500320319684
1977.5728952772074,0.10250547439192026
1977.5756331279945,0.07814144794896359
1977.5783709787815,0.04087823369206858
1977.5811088295688,-0.016823337845184156
1977.583846680356,-0.10265972275254717
1977.586584531143,-0.21148317554670268
1977.5893223819303,-0.3163176090309643
1977.5920602327174,-0.37429226128432447
1977.5947980835044,-0.34729192611799586
1977.5975359342915,-0.22495874910290617
1977.6002737850788,-0.03497843118624491
1977.6030116358659,0.16596476804390028
1977.605749486653,0.31520402852862456
1977.60848733744,0.3690724880501451
1977.6112251882273,0.3190514437853145
1977.6139630390144,0.1936371289583157
1977.6167008898015,0.04585867607603448
1977.6194387405887,-0.06898146868941761
1977.6221765913758,-0.11635487303941755
1977.624914442163,-0.0951696398833698
1977.62765229295,-0.03276312911531695
1977.6303901437373,0.034816318712215966
1977.6331279945243,0.08416472171522257
1977.6358658453114,0.11326854841730347
1977.6386036960985,0.13345569367289734
1977.6413415468858,0.15366722680999792
1977.6440793976728,0.17104675551502757
1977.64681724846,0.17421399441922927
1977.649555099247,0.15326760472226938
1977.6522929500343,0.1056461628483139
1977.6550308008214,0.03364856559805603
1977.6577686516084,-0.060207128645049734
1977.6605065023957,-0.1712996411275824
1977.6632443531828,-0.28416470992972387
1977.6659822039699,-0.3668878874218896
1977.668720054757,-0.37929103732292013
1977.6714579055442,-0.29444899283299936
1977.6741957563313,-0.12000893195772001
1977.6769336071184,0.09693020407737174
1977.6796714579054,0.28708848915008134
1977.6824093086927,0.3891690799154459
1977.6851471594798,0.3760303018075733
1977.6878850102669,0.2640270425602014
1977.6906228610542,0.10321183849064035
1977.6933607118413,-0.044974594312262264
1977.6960985626283,-0.13231333347322463
1977.6988364134154,-0.14106203028716482
1977.7015742642027,-0.08705595209146583
1977.7043121149898,-0.0072213508757749435
1977.7070499657768,0.06221989317407556
1977.709787816564,0.10435236487574684
1977.7125256673512,0.12554892330171838
1977.7152635181383,0.14322389667675184
1977.7180013689253,0.16767918279697186
1977.7207392197124,0.19233712246806178
1977.7234770704997,0.19879265016044131
1977.7262149212868,0.17039575431765447
1977.7289527720739,0.10218313393823923
1977.7316906228612,0.0008595913834008873
1977.7344284736482,-0.12064199868153806
1977.7371663244353,-0.24528203471843782
1977.7399041752224,-0.3485767185136256
1977.7426420260097,-0.3973855405703824
1977.7453798767967,-0.35973504795345324
1977.7481177275838,-0.2245354534878483
1977.7508555783709,-0.01787718508626359
1977.7535934291582,0.19916559414060206
1977.7563312799452,0.35445183577849704
1977.7590691307323,0.397717337721498
1977.7618069815196,0.3231111793283648
1977.7645448323067,0.1692022694875056
1977.7672826830938,-0.001238355980799629
1977.7700205338808,-0.12901308420708124
1977.7727583846681,-0.18036155078073307
1977.7754962354552,-0.1553169892002823
1977.7782340862423,-0.08167445878495326
1977.7809719370293,0.0015010991597552018
1977.7837097878166,0.06343343614120214
1977.7864476386037,0.09489767053019976
1977.7891854893908,0.1079039429226632
1977.791923340178,0.12205436383705835
1977.7946611909651,0.14694938261160917
1977.7973990417522,0.1732549575883256
1977.8001368925393,0.17850680000388153
1977.8028747433266,0.1422475714268361
1977.8056125941137,0.05864283933069444
1977.8083504449007,-0.06117946743202637
1977.8110882956878,-0.19487375787652195
1977.813826146475,-0.31496078428596636
1977.8165639972622,-0.39144411311370664
1977.8193018480492,-0.39510627254813446
1977.8220396988363,-0.3074963279110003
1977.8247775496236,-0.13591409141648297
1977.8275154004107,0.0779554317064033
1977.8302532511977,0.26746708770206706
1977.832991101985,0.3684045539790492
1977.8357289527721,0.34961758434805196
1977.8384668035592,0.22780982728789614
1977.8412046543463,0.05753026096185217
1977.8439425051336,-0.09628423762476337
1977.8466803559206,-0.18633999259631345
1977.8494182067077,-0.19774837484146227
1977.8521560574948,-0.14620234864013715
1977.854893908282,-0.06497849426010632
1977.8576317590691,0.011464313847301635
1977.8603696098562,0.06120714005131388
1977.8631074606435,0.08161614400368773
1977.8658453114306,0.08634294354212362
1977.8685831622176,0.09340008441028433
1977.8713210130047,0.1106890596999884
1977.874058863792,0.1284487641838723
1977.876796714579,0.12435546676127246
1977.8795345653662,0.07801871964201991
1977.8822724161532,-0.015245478133579887
1977.8850102669405,-0.14007588639699955
1977.8877481177276,-0.2668292791564813
1977.8904859685147,-0.3613976442851713
1977.8932238193017,-0.39357770973087086
1977.895961670089,-0.3439444129222986
1977.898699520876,-0.21182526498726023
1977.9014373716632,-0.022843361092660813
1977.9041752224505,0.17151798875985358
1977.9069130732375,0.3090679793444648
1977.9096509240246,0.34348810272748986
1977.9123887748117,0.2677755011981229
1977.915126625599,0.1186955708745539
1977.917864476386,-0.04188526338695637
1977.9206023271731,-0.15717416143316548
1977.9233401779602,-0.19870947595746719
1977.9260780287475,-0.17126460691763468
1977.9288158795346,-0.10157899389160883
1977.9315537303216,-0.021755732885220702
1977.934291581109,0.043217719892894114
1977.937029431896,0.08112636802848795
1977.939767282683,0.09303373290370828
1977.9425051334701,0.08985133296090834
1977.9452429842574,0.08489294913521528
1977.9479808350445,0.08428880662319904
1977.9507186858316,0.08083079909414159
1977.9534565366187,0.056913073998892894
1977.956194387406,-0.0035746394448304963
1977.958932238193,-0.10184005275442226
1977.96167008898,-0.21855170394391588
1977.9644079397672,-0.3196524033037522
1977.9671457905545,-0.36947550356784087
1977.9698836413415,-0.3438389063268832
1977.9726214921286,-0.23861103195136307
1977.975359342916,-0.07318768706055828
1977.978097193703,0.1113344120744891
1977.98083504449,0.26150151477674244
1977.9835728952771,0.32945032098076726
1977.9863107460644,0.2940725471112279
1977.9890485968515,0.1735159480585125
1977.9917864476386,0.0187690975086811
1977.9945242984256,-0.11050678322123175
1977.997262149213,-0.17387922518046633
1978.0,-0.16476759505183333
1978.002737850787,-0.1048391224291497
1978.0054757015744,-0.025800230654196156
1978.0082135523614,0.047037097648015086
1978.0109514031485,0.10054052354126246
1978.0136892539356,0.13080854211325352
1978.0164271047229,0.13887433907355828
1978.01916495551,0.12907957267215078
1978.021902806297,0.10794590688267733
1978.024640657084,0.08028060226033905
1978.0273785078714,0.04415249586672697
1978.0301163586585,-0.009362737367079937
1978.0328542094455,-0.08830342120940432
1978.0355920602328,-0.18818598452160462
1978.03832991102,-0.28610410003917225
1978.041067761807,-0.3469003159223934
1978.043805612594,-0.33887076055466814
1978.0465434633813,-0.24978337583505775
1978.0492813141684,-0.09463900044467705
1978.0520191649555,0.08756279111404312
1978.0547570157426,0.2456569630063247
1978.0574948665299,0.3327730922714353
1978.060232717317,0.3232601719139735
1978.062970568104,0.22442526157881507
1978.065708418891,0.07624547683861313
1978.0684462696784,-0.06427082311771787
1978.0711841204654,-0.1484076494873178
1978.0739219712525,-0.15688553001408878
1978.0766598220398,-0.10388529016244677
1978.0793976728269,-0.022439443751926424
1978.082135523614,0.057056833630748253
1978.084873374401,0.11977513006517995
1978.0876112251883,0.1643711614879721
1978.0903490759754,0.19251831880217182
1978.0930869267625,0.2018617008229041
1978.0958247775495,0.18777968732476902
1978.0985626283368,0.14913170908948448
1978.101300479124,0.08993523941879558
1978.104038329911,0.015200606743391474
1978.1067761806983,-0.0728546592918877
1978.1095140314853,-0.17163694764352475
1978.1122518822724,-0.26949586829140304
1978.1149897330595,-0.34077512327120935
1978.1177275838468,-0.3527250945190683
1978.1204654346338,-0.2827109381952815
1978.123203285421,-0.13478415574920552
1978.125941136208,0.055938195523642466
1978.1286789869953,0.23453117674632928
1978.1314168377824,0.34711535003715044
1978.1341546885694,0.36125826802569433
1978.1368925393565,0.277939140421511
1978.1396303901438,0.131298397398974
1978.1423682409309,-0.023980535508040694
1978.145106091718,-0.13403834858772487
1978.1478439425052,-0.1676555822601846
1978.1505817932923,-0.12752870135550298
1978.1533196440794,-0.04394229437295569
1978.1560574948664,0.04560283109738994
1978.1587953456537,0.11719506554518143
1978.1615331964408,0.16776885592117396
1978.1642710472279,0.20576535712230956
1978.167008898015,0.2354802448032195
1978.1697467488023,0.24931287549089778
1978.1724845995893,0.23339613214010393
1978.1752224503764,0.17941463414402514
1978.1779603011637,0.09098301362109018
1978.1806981519508,-0.019748540498222895
1978.1834360027378,-0.13898721098440187
1978.186173853525,-0.25282720068561587
1978.1889117043122,-0.3423904852213481
1978.1916495550993,-0.380954952217407
1978.1943874058863,-0.34176041748527874
1978.1971252566734,-0.21519132557765955
1978.1998631074607,-0.02328943914003497
1978.2026009582478,0.1812983825538457
1978.2053388090349,0.3345005449236381
1978.208076659822,0.3880468415056408
1978.2108145106092,0.3297953347761882
1978.2135523613963,0.18750703835988988
1978.2162902121834,0.01607954906511258
1978.2190280629707,-0.12470114711946136
1978.2217659137577,-0.1926337282917696
1978.2245037645448,-0.1773806207644436
1978.2272416153319,-0.10072204508580385
1978.2299794661192,-0.002188165108327509
1978.2327173169062,0.08286234932737169
1978.2354551676933,0.13997162102211802
1978.2381930184804,0.17661325825448448
1978.2409308692677,0.20780731416064088
1978.2436687200548,0.23827686871647197
1978.2464065708418,0.255508268240908
1978.2491444216291,0.2384818306265302
1978.2518822724162,0.17358902416543334
1978.2546201232033,0.06434254122779727
1978.2573579739903,-0.07111219986856068
1978.2600958247776,-0.20899030759587658
1978.2628336755647,-0.3255353008633778
1978.2655715263518,-0.39644359810444385
1978.2683093771388,-0.3967821357667553
1978.2710472279261,-0.3093141033610037
1978.2737850787132,-0.1397140193088759
1978.2765229295003,0.07341341543083792
1978.2792607802876,0.2660001416566308
1978.2819986310747,0.3738670116309726
1978.2847364818617,0.362338732873192
1978.2874743326488,0.2423958918501923
1978.290212183436,0.06446244404861907
1978.2929500342232,-0.10517539644780867
1978.2956878850102,-0.21183561690411798
1978.2984257357973,-0.23124365033477634
1978.3011635865846,-0.1737145588562658
1978.3039014373717,-0.07437203272101182
1978.3066392881587,0.02544508592234024
1978.3093771389458,0.097389589303931
1978.3121149897331,0.1366252815802403
1978.3148528405202,0.15775005654809832
1978.3175906913073,0.17866899546821358
1978.3203285420946,0.20358862050290952
1978.3230663928816,0.21759229342417916
1978.3258042436687,0.19666110010199347
1978.3285420944558,0.12499196532498535
1978.331279945243,0.006441872217389601
1978.3340177960301,-0.1368002119522386
1978.3367556468172,-0.2740557393305393
1978.3394934976043,-0.3750957281334419
1978.3422313483916,-0.4138415048059854
1978.3449691991786,-0.37109956964372637
1978.3477070499657,-0.24234821743306156
1978.350444900753,-0.048817479864058794
1978.35318275154,0.1587923823709806
1978.3559206023272,0.3137644357226237
1978.3586584531142,0.36161861366950965
1978.3613963039015,0.28745309540446495
1978.3641341546886,0.1245716442367309
1978.3668720054757,-0.06161029025994759
1978.3696098562627,-0.20428347966792812
1978.37234770705,-0.2626876620847986
1978.375085557837,-0.2333199370688472
1978.3778234086242,-0.14345307780130714
1978.3805612594113,-0.03419009190603785
1978.3832991101985,0.05787853466152705
1978.3860369609856,0.11371212393077768
1978.3887748117727,0.13558594502673676
1978.39151266256,0.14034161663569525
1978.394250513347,0.14519101287601488
1978.3969883641341,0.15406662778024754
1978.3997262149212,0.1536089588293089
1978.4024640657085,0.12211769023709994
1978.4052019164956,0.04542363233052799
1978.4079397672826,-0.07150936825019966
1978.4106776180697,-0.20456066116712973
1978.413415468857,-0.320021906805144
1978.416153319644,-0.38586246995666407
1978.4188911704312,-0.3791898626353032
1978.4216290212185,-0.291016787928476
1978.4243668720055,-0.13183237171319684
1978.4271047227926,0.06349141872340844
1978.4298425735797,0.23905338846591132
1978.432580424367,0.33545972527698664
1978.435318275154,0.3166824722393437
1978.438056125941,0.1906541156850436
1978.4407939767282,0.00850169003483258
1978.4435318275155,-0.1593198347904594
1978.4462696783025,-0.25587963510278083
1978.4490075290896,-0.26015833241802083
1978.4517453798767,-0.18839020919587807
1978.454483230664,-0.07842803549806723
1978.457221081451,0.0302683600241017
1978.4599589322381,0.11053158102090935
1978.4626967830254,0.15232632626979745
1978.4654346338125,0.16072251044008057
1978.4681724845996,0.14953843324579377
1978.4709103353866,0.1323249668422363
1978.473648186174,0.11370703751974057
1978.476386036961,0.08611842990258037
1978.479123887748,0.03540881085003501
1978.4818617385351,-0.04715227077378114
1978.4845995893224,-0.15447752167891776
1978.4873374401095,-0.2623309782691727
1978.4900752908966,-0.33790374133375095
1978.4928131416839,-0.3525163175378636
1978.495550992471,-0.29180883450751316
1978.498288843258,-0.16100953374221919
1978.501026694045,0.013693516730418255
1978.5037645448324,0.18787005384523886
1978.5065023956195,0.308744386848251
1978.5092402464065,0.3336860920349666
1978.5119780971936,0.25111973181145947
1978.514715947981,0.09097631578946898
1978.517453798768,-0.08540584792487682
1978.520191649555,-0.21313118062372055
1978.5229295003423,-0.2533406324640121
1978.5256673511294,-0.20670501232887134
1978.5284052019165,-0.1047078411020424
1978.5311430527036,0.01193857808642076
1978.5338809034909,0.11196675764868937
1978.536618754278,0.17996445231126568
1978.539356605065,0.2126865480200764
1978.542094455852,0.2132501715931025
1978.5448323066394,0.18802798913588256
1978.5475701574264,0.1449499197434264
1978.5503080082135,0.09043044276441405
1978.5530458590006,0.02600128233571348
1978.5557837097879,-0.05102598421034736
1978.558521560575,-0.14098951435612989
1978.561259411362,-0.23371511244692622
1978.5639972621493,-0.306249089726893
1978.5667351129364,-0.33021149200046523
1978.5694729637235,-0.28511046565901627
1978.5722108145105,-0.16976998906022275
1978.5749486652978,-0.0060930415059223956
1978.577686516085,0.1655692107152644
1978.580424366872,0.297177270944987
1978.583162217659,0.3475805749051017
1978.5859000684463,0.2981528757885336
1978.5886379192334,0.16383429457535248
1978.5913757700205,-0.008171559770089947
1978.5941136208078,-0.1557995240526943
1978.5968514715948,-0.2291907221148587
1978.599589322382,-0.2122852933448489
1978.602327173169,-0.12550565461293603
1978.6050650239563,-0.008832097218256653
1978.6078028747434,0.1015858877985242
1978.6105407255304,0.18704057101051583
1978.6132785763175,0.24389548781561404
1978.6160164271048,0.27264235232122436
1978.6187542778919,0.2707270721099567
1978.621492128679,0.23457375273116343
1978.624229979466,0.1657980283651482
1978.6269678302533,0.07333560064817532
1978.6297056810404,-0.030684571144781594
1978.6324435318274,-0.135765333819164
1978.6351813826147,-0.232419448535557
1978.6379192334018,-0.30690788545326697
1978.640657084189,-0.33869977454490374
1978.643394934976,-0.3067545430158565
1978.6461327857633,-0.20260266661707763
1978.6488706365503,-0.04119217475768289
1978.6516084873374,0.13890139487367836
1978.6543463381245,0.2871794187624605
1978.6570841889118,0.3591124089547996
1978.6598220396988,0.33245384808659995
1978.662559890486,0.2162848655547157
1978.6652977412732,0.049739139542935476
1978.6680355920603,-0.1105112309055169
1978.6707734428473,-0.21134636583690047
1978.6735112936344,-0.22469027061264701
1978.6762491444217,-0.15794012388829543
1978.6789869952088,-0.04617747111605336
1978.6817248459959,0.06952738931221404
1978.684462696783,0.16316244508172387
1978.6872005475702,0.23009078245974027
1978.6899383983573,0.27658568008865336
1978.6926762491444,0.30409999279342076
1978.6954140999314,0.3028419072585549
1978.6981519507187,0.2593339508509828
1978.7008898015058,0.16950987770455886
1978.7036276522929,0.044918486975471926
1978.7063655030802,-0.09236167379238625
1978.7091033538672,-0.21943243826878447
1978.7118412046543,-0.31742512549244656
1978.7145790554414,-0.36945152193205055
1978.7173169062287,-0.35858454428967246
1978.7200547570158,-0.2733431442844624
1978.7227926078028,-0.11956615663995826
1978.72553045859,0.07122866510897732
1978.7282683093772,0.24675593453127692
1978.7310061601643,0.3526088894618905
1978.7337440109513,0.3550051733560961
1978.7364818617386,0.25533197855893025
1978.7392197125257,0.08975577437041732
1978.7419575633128,-0.08475571293006395
1978.7446954140999,-0.21152027941289292
1978.7474332648871,-0.25445910588881887
1978.7501711156742,-0.21017265038765126
1978.7529089664613,-0.10624021107930037
1978.7556468172484,0.01458263616165385
1978.7583846680357,0.11658324345948913
1978.7611225188227,0.18653901652269878
1978.7638603696098,0.23245113570898812
1978.766598220397,0.26744492163683975
1978.7693360711842,0.2923030950753894
1978.7720739219712,0.291088682557326
1978.7748117727583,0.24305652350256296
1978.7775496235456,0.14025982557473607
1978.7802874743327,-0.0037011629372683237
1978.7830253251198,-0.15937919723335164
1978.7857631759068,-0.29453340097423675
1978.7885010266941,-0.38323667096520825
1978.7912388774812,-0.40702747289630825
1978.7939767282683,-0.354079313230259
1978.7967145790553,-0.22397365613895603
1978.7994524298426,-0.03721495116638861
1978.8021902806297,0.16056541806841204
1978.8049281314168,0.3092388148145844
1978.807665982204,0.3581784766141155
1978.8104038329911,0.29047363015712085
1978.8131416837782,0.13233432988955804
1978.8158795345653,-0.057990101021985506
1978.8186173853526,-0.21500967104854768
1978.8213552361397,-0.2914101672319961
1978.8240930869267,-0.27321785221762324
1978.8268309377138,-0.18036907643909927
1978.829568788501,-0.05426561408846953
1978.8323066392882,0.06203576834654604
1978.8350444900752,0.14241419660285734
1978.8377823408625,0.18580027115502207
1978.8405201916496,0.20896225576319719
1978.8432580424367,0.22842264703538478
1978.8459958932237,0.2442262661733385
1978.848733744011,0.23783265360148975
1978.851471594798,0.18590507863704456
1978.8542094455852,0.07925533675287648
1978.8569472963723,-0.067455881799749
1978.8596851471596,-0.2212614777113498
1978.8624229979466,-0.3452314118237141
1978.8651608487337,-0.41025144117675433
1978.8678986995208,-0.39905432113992656
1978.870636550308,-0.3068431420751306
1978.8733744010951,-0.14499821564608092
1978.8761122518822,0.05303622441543006
1978.8788501026695,0.23277572052122947
1978.8815879534566,0.334341036085247
1978.8843258042436,0.31882817184312146
1978.8870636550307,0.19004570635118337
1978.889801505818,-0.0037314383966300033
1978.892539356605,-0.19079839920907823
1978.8952772073922,-0.3077492085972387
1978.8980150581792,-0.3242135652206043
1978.9007529089665,-0.24949300947489714
1978.9034907597536,-0.12171102511915524
1978.9062286105407,0.01198232784517643
1978.908966461328,0.11456211256581263
1978.911704312115,0.17087627439483682
1978.914442162902,0.18847317342331632
1978.9171800136892,0.18752822512713002
1978.9199178644765,0.184801291003921
1978.9226557152635,0.18096595276095967
1978.9253935660506,0.15999334427130382
1978.9281314168377,0.10166823377248874
1978.930869267625,-0.001415318994101307
1978.933607118412,-0.13458951974079839
1978.9363449691991,-0.2655650116857767
1978.9390828199862,-0.35802167311458477
1978.9418206707735,-0.3844571341873787
1978.9445585215606,-0.3324677980151474
1978.9472963723476,-0.20648575930337632
1978.950034223135,-0.029540756569684856
1978.952772073922,0.15567539834368233
1978.955509924709,0.2932325949583439
1978.9582477754961,0.33256429351603933
1978.9609856262834,0.2532505163802261
1978.9637234770705,0.0805158864747884
1978.9664613278576,-0.12171582708032869
1978.9691991786447,-0.2790804883906436
1978.971937029432,-0.3402274001833412
1978.974674880219,-0.296117221399442
1978.977412731006,-0.1764793372989763
1978.9801505817934,-0.029773194238850158
1978.9828884325805,0.09932213446719969
1978.9856262833675,0.1840756470862906
1978.9883641341546,0.21892209841846774
1978.991101984942,0.21463281804494533
1978.993839835729,0.18911486221766582
1978.996577686516,0.15694224705577248
1978.9993155373031,0.12158148549000544
1979.0020533880904,0.07485436150987453
1979.0047912388775,0.0051380013164425194
1979.0075290896646,-0.09033179450381863
1979.0102669404519,-0.19765778930452696
1979.013004791239,-0.28887441608019143
1979.015742642026,-0.33321814277233686
1979.018480492813,-0.3096976731072328
1979.0212183436004,-0.2146971300273299
1979.0239561943874,-0.06384379046485003
1979.0266940451745,0.1094362609799971
1979.0294318959616,0.2584924073557102
1979.0321697467489,0.33437287570889085
1979.034907597536,0.30422983782162
1979.037645448323,0.17029379950212425
1979.04038329911,-0.023658198751756145
1979.0431211498974,-0.20719707856046343
1979.0458590006845,-0.3144125470498901
1979.0485968514715,-0.31355940801861415
1979.0513347022588,-0.2173810055755614
1979.054072553046,-0.06981469912543327
1979.056810403833,0.07935222925913202
1979.05954825462,0.19484846709865827
1979.0622861054073,0.26201407961565276
1979.0650239561944,0.281546518574251
1979.0677618069815,0.2616680692796982
1979.0704996577686,0.213219778634315
1979.0732375085558,0.14707973739499816
1979.075975359343,0.07154657870069746
1979.07871321013,-0.009629008082943306
1979.0814510609173,-0.09554616056922498
1979.0841889117044,-0.1822425407268713
1979.0869267624914,-0.25696983683699337
1979.0896646132785,-0.29858450668756553
1979.0924024640658,-0.2856790017211038
1979.0951403148529,-0.20789739050162104
1979.09787816564,-0.07368023435945839
1979.100616016427,0.08919019615243101
1979.1033538672143,0.2395246232702039
1979.1060917180014,0.3330388364182543
1979.1088295687885,0.33582403447843534
1979.1115674195755,0.23885744458049932
1979.1143052703628,0.06754291686785223
1979.11704312115,-0.1220180082251262
1979.119780971937,-0.2633494764322902
1979.1225188227243,-0.3085652098724463
1979.1252566735113,-0.2494207130406239
1979.1279945242984,-0.11706042117643971
1979.1307323750855,0.03862861022631889
1979.1334702258728,0.17497890425826357
1979.1362080766598,0.27073133262416765
1979.138945927447,0.3228100603036923
1979.141683778234,0.33422052289426313
1979.1444216290213,0.3060980025831935
1979.1471594798084,0.23933445895897945
1979.1498973305954,0.1405301832582576
1979.1526351813827,0.023877720542984364
1979.1553730321698,-0.09330981219718808
1979.1581108829569,-0.19620952373187525
1979.160848733744,-0.2733879335858209
1979.1635865845312,-0.31339672843088895
1979.1663244353183,-0.30314727063597635
1979.1690622861054,-0.23284477057227457
1979.1718001368924,-0.1054051236196322
1979.1745379876797,0.056993648605438735
1979.1772758384668,0.21525663441058474
1979.1800136892539,0.3246208996253558
1979.182751540041,0.3498201444469826
1979.1854893908283,0.27834340683654873
1979.1882272416153,0.1275410023779749
1979.1909650924024,-0.05748922859991348
1979.1937029431897,-0.21703332188743762
1979.1964407939768,-0.29864555364999973
1979.1991786447638,-0.27895515016316336
1979.201916495551,-0.17301660187795903
1979.2046543463382,-0.02410299375493309
1979.2073921971253,0.1204586018637643
1979.2101300479123,0.23139659095173606
1979.2128678986994,0.30315994651219946
1979.2156057494867,0.34216440699086664
1979.2183436002738,0.3505326683687016
1979.2210814510609,0.32034071143592663
1979.2238193018482,0.24225109156912292
1979.2265571526352,0.11889477053083011
1979.2292950034223,-0.030010100827944745
1979.2320328542094,-0.17489700123039081
1979.2347707049967,-0.2885408095850554
1979.2375085557837,-0.35296845343703437
1979.2402464065708,-0.35832543068936984
1979.2429842573579,-0.2998641905148743
1979.2457221081452,-0.18015360838042122
1979.2484599589322,-0.016136998704851423
1979.2511978097193,0.1568409170271264
1979.2539356605066,0.2914981624840848
1979.2566735112937,0.34508780309642484
1979.2594113620808,0.2974714520999795
1979.2621492128678,0.16106664667168608
1979.2648870636551,-0.022005492608576614
1979.2676249144422,-0.1939415819764122
1979.2703627652293,-0.30111422176765895
1979.2731006160163,-0.3130574080919383
1979.2758384668036,-0.23332753977452958
1979.2785763175907,-0.09632385203265967
1979.2813141683778,0.05020731339867706
1979.2840520191648,0.16843141086787544
1979.2867898699521,0.24538235293436086
1979.2895277207392,0.2899196291285013
1979.2922655715263,0.3150501584716296
1979.2950034223136,0.3206006467899283
1979.2977412731007,0.29082246394879346
1979.3004791238877,0.20860511584967834
1979.3032169746748,0.07372836344688471
1979.305954825462,-0.0902844052834567
1979.3086926762492,-0.24552612487464692
1979.3114305270362,-0.35644415594994316
1979.3141683778233,-0.4010738275914493
1979.3169062286106,-0.3719331326500929
1979.3196440793977,-0.272462249393233
1979.3223819301847,-0.11714359125776926
1979.325119780972,0.06423552100810197
1979.3278576317591,0.2261892866651627
1979.3305954825462,0.3185690791472032
1979.3333333333333,0.30698367490786477
1979.3360711841206,0.19097841464012807
1979.3388090349076,0.007854757553118668
1979.3415468856947,-0.18108991704307156
1979.3442847364818,-0.3145967178873541
1979.347022587269,-0.35397554049802843
1979.3497604380561,-0.29507483435474224
1979.3524982888432,-0.16636557168840208
1979.3552361396303,-0.014826303777035775
1979.3579739904176,0.11473465410673067
1979.3607118412046,0.19795487539553494
1979.3634496919917,0.23724645607970266
1979.366187542779,0.25199978511105464
1979.368925393566,0.2588013457122643
1979.3716632443532,0.25586195233267234
1979.3744010951402,0.22376061057144192
1979.3771389459275,0.1422613204619237
1979.3798767967146,0.010018155343872924
1979.3826146475017,-0.14822268930527085
1979.3853524982887,-0.29172216608146445
1979.388090349076,-0.38224587887251443
1979.390828199863,-0.3975234143359275
1979.3935660506502,-0.3338155103404969
1979.3963039014375,-0.20254573009677296
1979.3990417522245,-0.028772346005197683
1979.4017796030116,0.14782983030887153
1979.4045174537987,0.27683669794501625
1979.407255304586,0.3120526198853911
1979.409993155373,0.2334369987105966
1979.4127310061601,0.06219772120908823
1979.4154688569472,-0.1433857121374102
1979.4182067077345,-0.3115983635401779
1979.4209445585216,-0.3875504602001889
1979.4236824093086,-0.35376224949488894
1979.4264202600957,-0.23224385617695043
1979.429158110883,-0.0703349489054705
1979.43189596167,0.08068503799508618
1979.4346338124572,0.18478956037916
1979.4373716632444,0.23157612656159773
1979.4401095140315,0.234509445102898
1979.4428473648186,0.2179363937119158
1979.4455852156057,0.19939648577794988
1979.448323066393,0.17784114631428832
1979.45106091718,0.13609447531372112
1979.453798767967,0.05648612207935907
1979.4565366187542,-0.06150381688530723
1979.4592744695415,-0.19470964874312643
1979.4620123203285,-0.30537726396091486
1979.4647501711156,-0.35855006783988075
1979.467488021903,-0.3357323388636718
1979.47022587269,-0.23869379720585668
1979.472963723477,-0.08666524377706522
1979.4757015742641,0.08680632508243272
1979.4784394250514,0.23661752008171616
1979.4811772758385,0.31412943645044433
1979.4839151266256,0.2842889466074385
1979.4866529774126,0.14578647958807303
1979.4893908282,-0.05986446031048753
1979.492128678987,-0.2608773772890002
1979.494866529774,-0.38569651683104433
1979.4976043805614,-0.3944612052305201
1979.5003422313484,-0.293417217162813
1979.5030800821355,-0.12612106650471222
1979.5058179329226,0.050164626494538456
1979.5085557837099,0.18820600093276238
1979.511293634497,0.2642581758596535
1979.514031485284,0.27927760044264444
1979.516769336071,0.2513359395427559
1979.5195071868584,0.2037076146025947
1979.5222450376455,0.1529437388255763
1979.5249828884325,0.10184288478861302
1979.5277207392196,0.04150755282767864
1979.530458590007,-0.03787525057500609
1979.533196440794,-0.13432253485232992
1979.535934291581,-0.22871575639055397
1979.5386721423683,-0.29125353474261684
1979.5414099931554,-0.29539013114941653
1979.5441478439425,-0.23010892081852707
1979.5468856947296,-0.10443125528051031
1979.5496235455169,0.05498042040845324
1979.552361396304,0.2089664463723882
1979.555099247091,0.31260104287887924
1979.557837097878,0.32635660138236383
1979.5605749486654,0.23258473579718209
1979.5633127994524,0.05038850805692172
1979.5660506502395,-0.16330043515943177
1979.5687885010268,-0.3332646474585805
1979.5715263518139,-0.39881788622405007
1979.574264202601,-0.3411585431059694
1979.577002053388,-0.18865279565855256
1979.5797399041753,0.0016945820716586417
1979.5824777549624,0.1728176173148366
1979.5852156057495,0.2885465103046863
1979.5879534565365,0.33838686622045666
1979.5906913073238,0.3301089217568216
1979.593429158111,0.2795990320896007
1979.596167008898,0.20390699184093097
1979.598904859685,0.11746425924369219
1979.6016427104723,0.029677789218193036
1979.6043805612594,-0.05556588414120723
1979.6071184120465,-0.13664908482222748
1979.6098562628338,-0.2081463034330898
1979.6125941136208,-0.2567577828062968
1979.615331964408,-0.2639887479297967
1979.618069815195,-0.2152455455054136
1979.6208076659823,-0.10970318405645488
1979.6235455167694,0.035156017059632894
1979.6262833675564,0.18620634185823784
1979.6290212183435,0.3024111464277267
1979.6317590691308,0.3452625561927202
1979.6344969199179,0.29117851615062956
1979.637234770705,0.14403072779278203
1979.6399726214922,-0.058292849339665664
1979.6427104722793,-0.2513293210456619
1979.6454483230664,-0.3675508432867327
1979.6481861738534,-0.3661968474087474
1979.6509240246407,-0.2519566299092798
1979.6536618754278,-0.07007156615399417
1979.6563997262149,0.11887795654992686
1979.659137577002,0.26734138851870837
1979.6618754277893,0.3547799402012829
1979.6646132785763,0.38270834596514536
1979.6673511293634,0.36072356569790137
1979.6700889801505,0.29716495485778016
1979.6728268309378,0.1996741396587348
1979.6755646817248,0.08019575155046502
1979.678302532512,-0.04378768772748095
1979.6810403832992,-0.15382363525424697
1979.6837782340863,-0.23585107180586243
1979.6865160848733,-0.28107178373046093
1979.6892539356604,-0.28294057402819295
1979.6919917864477,-0.2357187315654258
1979.6947296372348,-0.1383924323516857
1979.6974674880219,-0.0016508487704476535
1979.700205338809,0.14837604984426886
1979.7029431895962,0.2740447969553555
1979.7056810403833,0.33696599728465915
1979.7084188911704,0.311189612456035
1979.7111567419577,0.19425204975429342
1979.7138945927447,0.012571728265564245
1979.7166324435318,-0.182112142948068
1979.7193702943189,-0.32749434923851506
1979.7221081451062,-0.37400614984286945
1979.7248459958932,-0.3066394676161586
1979.7275838466803,-0.15208094538107186
1979.7303216974674,0.035281679886795383
1979.7330595482547,0.2009253042642858
1979.7357973990418,0.3135630377131986
1979.7385352498288,0.369776417023126
1979.7412731006161,0.38033401777606796
1979.7440109514032,0.3526806703879302
1979.7467488021903,0.2850051473789358
1979.7494866529773,0.17491521139443716
1979.7522245037646,0.032069923516168844
1979.7549623545517,-0.11837431835376497
1979.7577002053388,-0.24482524344982173
1979.7604380561258,-0.32252234785301637
1979.7631759069131,-0.3403977206628102
1979.7659137577002,-0.2988203877705747
1979.7686516084873,-0.2044942877513611
1979.7713894592744,-0.06976032164813797
1979.7741273100617,0.08343923733927211
1979.7768651608487,0.22154604075834733
1979.7796030116358,0.3055471784452363
1979.782340862423,0.30469736499183725
1979.7850787132102,0.2107308841216697
1979.7878165639972,0.044750221551402625
1979.7905544147843,-0.1468205984609111
1979.7932922655716,-0.30599777333385614
1979.7960301163587,-0.38249719719342623
1979.7987679671457,-0.3522953391770716
1979.8015058179328,-0.2277106434629539
1979.8042436687201,-0.0523881885706052
1979.8069815195072,0.1187847865248835
1979.8097193702943,0.24487631545518088
1979.8124572210816,0.313875845734437
1979.8151950718686,0.3378975799396705
1979.8179329226557,0.33358834334674675
1979.8206707734428,0.30432639236685344
1979.82340862423,0.2388901392939437
1979.8261464750171,0.12676871564824052
1979.8288843258042,-0.024165408667604145
1979.8316221765913,-0.18342144744489766
1979.8343600273786,-0.31060368047958187
1979.8370978781657,-0.3743154789817802
1979.8398357289527,-0.3631595328952364
1979.84257357974,-0.2840248212488446
1979.845311430527,-0.1544410809049948
1979.8480492813142,0.0016430715211771928
1979.8507871321012,0.1528812984458523
1979.8535249828885,0.26109003158716304
1979.8562628336756,0.29018012182428593
1979.8590006844627,0.22194052744772808
1979.8617385352497,0.06896089760337193
1979.864476386037,-0.12508367829977765
1979.867214236824,-0.29972765870798823
1979.8699520876112,-0.39983043524628736
1979.8726899383983,-0.3954175551706043
1979.8754277891856,-0.2915306053010184
1979.8781656399726,-0.12490004050472456
1979.8809034907597,0.051426991577623746
1979.883641341547,0.18997117953956397
1979.886379192334,0.2675018400138368
1979.8891170431211,0.29022169575299495
1979.8918548939082,0.2816977819546947
1979.8945927446955,0.26131672964175207
1979.8973305954826,0.2289568447935445
1979.9000684462696,0.167805775920901
1979.9028062970567,0.06311460388985547
1979.905544147844,-0.07848226337658558
1979.908281998631,-0.2249802319166645
1979.9110198494182,-0.3334432109924109
1979.9137577002052,-0.3712888172558579
1979.9164955509925,-0.32920522531844976
1979.9192334017796,-0.21994581607633285
1979.9219712525667,-0.06954468934940254
1979.924709103354,0.08924489548794015
1979.927446954141,0.21892548622922603
1979.930184804928,0.2809398155455708
1979.9329226557152,0.24712661118801818
1979.9356605065025,0.11579154923254312
1979.9383983572895,-0.07919163274632436
1979.9411362080766,-0.27617409649758634
1979.9438740588637,-0.4092106826421636
1979.946611909651,-0.434991398725491
1979.949349760438,-0.34900882458020144
1979.9520876112251,-0.1841550181286396
1979.9548254620124,0.005241569246832976
1979.9575633127995,0.16535382164362755
1979.9603011635866,0.26187643584803694
1979.9630390143736,0.2894328439071376
1979.965776865161,0.2678076753725549
1979.968514715948,0.22642983013866944
1979.971252566735,0.1851078711606751
1979.9739904175221,0.14292874766633717
1979.9767282683094,0.08333263392044589
1979.9794661190965,-0.007819537729389058
1979.9822039698836,-0.12470875520825199
1979.9849418206709,-0.2382654389601603
1979.987679671458,-0.3097908104450463
1979.990417522245,-0.3111488183161691
1979.993155373032,-0.23752014181262637
1979.9958932238194,-0.10682262956561589
1979.9986310746065,0.048919502599784614
1980.0013689253935,0.19156586124331146
1980.0041067761806,0.28177855263861795
1980.006844626968,0.28582999307997986
1980.009582477755,0.18838939582963724
1980.012320328542,0.006438841648467416
1980.0150581793291,-0.20764940797374237
1980.0177960301164,-0.3819986751958528
1980.0205338809035,-0.45496493347722944
1980.0232717316906,-0.4022842384941894
1980.0260095824779,-0.24588929852237706
1980.028747433265,-0.04074461173993349
1980.031485284052,0.15067291171996047
1980.034223134839,0.2819074606517201
1980.0369609856264,0.3346267296797979
1980.0396988364134,0.317877326576322
1980.0424366872005,0.25805711747835414
1980.0451745379876,0.1845034537667471
1980.0479123887749,0.11612764898767373
1980.050650239562,0.055061645147740985
1980.053388090349,-0.008749439258874043
1980.0561259411363,-0.08424648373586847
1980.0588637919234,-0.1662548354802057
1980.0616016427105,-0.2327402739941207
1980.0643394934975,-0.2550777850528353
1980.0670773442848,-0.21420778900656692
1980.069815195072,-0.1116751715458503
1980.072553045859,0.03016385775900544
1980.075290896646,0.17576872617882514
1980.0780287474333,0.2853672700300185
1980.0807665982204,0.3227129571230665
1980.0835044490075,0.2642813466570969
1980.0862422997948,0.11133341816380335
1980.0889801505818,-0.10096051096980882
1980.091718001369,-0.3077512829409604
1980.094455852156,-0.4368120883941592
1980.0971937029433,-0.44015875065093224
1980.0999315537304,-0.31664522382112
1980.1026694045174,-0.11115976126702443
1980.1054072553045,0.10858321122934443
1980.1081451060918,0.2823511420846442
1980.1108829568789,0.37744217620689674
1980.113620807666,0.3912592932843654
1980.116358658453,0.34146733879186514
1980.1190965092403,0.2534881566416834
1980.1218343600274,0.15137885340261764
1980.1245722108144,0.0526560100856127
1980.1273100616017,-0.03391502492110489
1980.1300479123888,-0.1069848807601474
1980.132785763176,-0.16715830602078313
1980.135523613963,-0.21009999850595648
1980.1382614647503,-0.22377592784277503
1980.1409993155373,-0.193442205955509
1980.1437371663244,-0.11189803194183753
1980.1464750171115,0.01204884902712277
1980.1492128678988,0.15253748690499816
1980.1519507186858,0.2730281398776334
1980.154688569473,0.33613001757463323
1980.15742642026,0.3137814737719523
1980.1601642710473,0.19731319840362396
1980.1629021218343,0.006216328853931037
1980.1656399726214,-0.2097362397510931
1980.1683778234087,-0.3819265575483432
1980.1711156741958,-0.44835377769921525
1980.1738535249829,-0.3820658021048018
1980.17659137577,-0.20523452123986258
1980.1793292265572,0.021587125609752622
1980.1820670773443,0.2290578714299797
1980.1848049281314,0.368677432019845
1980.1875427789184,0.4252476617280826
1980.1902806297057,0.40926070848397034
1980.1930184804928,0.34056198679349775
1980.1957563312799,0.23723211633042043
1980.1984941820672,0.11457247471686499
1980.2012320328543,-0.011317193113814274
1980.2039698836413,-0.12297140426740344
1980.2067077344284,-0.20548697543366692
1980.2094455852157,-0.2502764421697305
1980.2121834360028,-0.2544809398190335
1980.2149212867898,-0.21750085098102634
1980.217659137577,-0.13980437078817942
1980.2203969883642,-0.026695648624750448
1980.2231348391513,0.10602685478672252
1980.2258726899383,0.23038269562263436
1980.2286105407256,0.3116361752241576
1980.2313483915127,0.31903237654482725
1980.2340862422998,0.23746108446827752
1980.2368240930869,0.07621475942305758
1980.2395619438742,-0.12809399650967707
1980.2422997946612,-0.31759048429459136
1980.2450376454483,-0.43010399292593726
1980.2477754962354,-0.4234522797995932
1980.2505133470227,-0.2958761382526192
1980.2532511978097,-0.0892558788149008
1980.2559890485968,0.12981428878479584
1980.2587268993839,0.301125068934622
1980.2614647501712,0.39478339130870077
1980.2642026009582,0.4138359941262983
1980.2669404517453,0.3778558214725603
1980.2696783025326,0.30357362502581337
1980.2724161533197,0.19810554044379422
1980.2751540041068,0.0668325883228616
1980.2778918548938,-0.07544097494505186
1980.2806297056811,-0.2027589370204172
1980.2833675564682,-0.28786357508241356
1980.2861054072553,-0.31459461253452187
1980.2888432580423,-0.28259049941111564
1980.2915811088296,-0.2025894090498149
1980.2943189596167,-0.08932933101052529
1980.2970568104038,0.04059786302588204
1980.299794661191,0.16574357975312176
1980.3025325119781,0.2579764890012064
1980.3052703627652,0.28759359171950827
1980.3080082135523,0.23478869248416334
1980.3107460643396,0.1012491543408968
1980.3134839151267,-0.08486253923352242
1980.3162217659137,-0.27376125369031273
1980.3189596167008,-0.4079927176777958
1980.321697467488,-0.44185657306480525
1980.3244353182752,-0.359894924246493
1980.3271731690622,-0.1857627652608817
1980.3299110198495,0.025608948388641046
1980.3326488706366,0.21161371839378235
1980.3353867214237,0.3294662410381364
1980.3381245722107,0.3709089847456347
1980.340862422998,0.3550674964764059
1980.3436002737851,0.30632705447555775
1980.3463381245722,0.23543539433824434
1980.3490759753593,0.1384217789896753
1980.3518138261466,0.011964958014260146
1980.3545516769336,-0.13040468651933845
1980.3572895277207,-0.25677481244967554
1980.3600273785078,-0.33172756637905654
1980.362765229295,-0.33509896386655963
1980.3655030800821,-0.2701647770022646
1980.3682409308692,-0.15762025337061605
1980.3709787816565,-0.023878925576109215
1980.3737166324436,0.1056507804136864
1980.3764544832306,0.20597017312462676
1980.3791923340177,0.2512823415726088
1980.381930184805,0.22041403651479116
1980.384668035592,0.10836736188750094
1980.3874058863792,-0.06418471375052416
1980.3901437371662,-0.2519339170827217
1980.3928815879535,-0.39827325934112906
1980.3956194387406,-0.4552750448870931
1980.3983572895277,-0.4016418019754311
1980.401095140315,-0.25145520738978255
1980.403832991102,-0.04993597287729475
1980.406570841889,0.14341859909827465
1980.4093086926762,0.27854821216425535
1980.4120465434635,0.33441233654616276
1980.4147843942505,0.32312677010646945
1980.4175222450376,0.2753794649129057
1980.4202600958247,0.21671720206183076
1980.422997946612,0.15191613220950134
1980.425735797399,0.06906923609719287
1980.4284736481861,-0.040777550582301134
1980.4312114989732,-0.16562228839274473
1980.4339493497605,-0.2718888410792839
1980.4366872005476,-0.32206962038117715
1980.4394250513346,-0.2964625725150529
1980.442162902122,-0.20282085991294124
1980.444900752909,-0.06946222819271912
1980.447638603696,0.06904963629314946
1980.4503764544831,0.1815883171225528
1980.4531143052704,0.2421373954591807
1980.4558521560575,0.23001201815267022
1980.4585900068446,0.13586782388659163
1980.4613278576317,-0.027877065486861488
1980.464065708419,-0.22180631110128504
1980.466803559206,-0.3879655868595593
1980.469541409993,-0.4708173087363126
1980.4722792607804,-0.4400117591965315
1980.4750171115675,-0.3028693019995877
1980.4777549623545,-0.10100189984604774
1980.4804928131416,0.10617845724883933
1980.483230663929,0.2634909016593908
1980.485968514716,0.33911967423745804
1980.488706365503,0.3335932720268143
1980.4914442162901,0.274354254754122
1980.4941820670774,0.1977415988332172
1980.4969199178645,0.12795573878167485
1980.4996577686516,0.06627627645123638
1980.5023956194386,-0.0018348299460241094
1980.505133470226,-0.08705545539426855
1980.507871321013,-0.17957297572761963
1980.5106091718,-0.24926686560871394
1980.5133470225874,-0.26301587160545653
1980.5160848733744,-0.20574508027514904
1980.5188227241615,-0.08982600000081678
1980.5215605749486,0.051756577513556085
1980.5242984257359,0.18015817630151207
1980.527036276523,0.26184658860842974
1980.52977412731,0.2725486250547678
1980.532511978097,0.1994698199358259
1980.5352498288844,0.047560304668900474
1980.5379876796715,-0.15283743787323228
1980.5407255304585,-0.3467806572742565
1980.5434633812458,-0.47066881803865346
1980.546201232033,-0.4783120080395532
1980.54893908282,-0.36246139502130703
1980.551676933607,-0.15862436318726922
1980.5544147843943,0.07068290067598429
1980.5571526351814,0.26154006776245586
1980.5598904859685,0.3709404017241857
1980.5626283367556,0.38747811236004837
1980.5653661875428,0.32910721002372695
1980.56810403833,0.23111199438765379
1980.570841889117,0.12937029199936237
1980.5735797399043,0.04552967553540796
1980.5763175906914,-0.018746387205798652
1980.5790554414784,-0.07479424508196415
1980.5817932922655,-0.13144407769686817
1980.5845311430528,-0.18217693036763716
1980.5872689938399,-0.20524573131223658
1980.590006844627,-0.1774113086205342
1980.592744695414,-0.09113437962199658
1980.5954825462013,0.03734781523547652
1980.5982203969884,0.17363166130363628
1980.6009582477755,0.2784311258866729
1980.6036960985625,0.3191727386945515
1980.6064339493498,0.27623005980663295
1980.609171800137,0.1471604974064842
1980.611909650924,-0.04778608120231551
1980.6146475017113,-0.2625313961215377
1980.6173853524983,-0.4328303869739453
1980.6201232032854,-0.4981350153616085
1980.6228610540725,-0.4289542909717066
1980.6255989048598,-0.24310111275611285
1980.6283367556468,0.0008105546092016074
1980.631074606434,0.22942796179191413
1980.633812457221,0.38458969404043186
1980.6365503080083,0.4410724548285957
1980.6392881587954,0.4065820336009459
1980.6420260095824,0.3097423417736502
1980.6447638603697,0.18557400583866157
1980.6475017111568,0.06434455052455854
1980.6502395619439,-0.03493339374024314
1980.652977412731,-0.10627294635895787
1980.6557152635182,-0.1530893573038714
1980.6584531143053,-0.18010059077725366
1980.6611909650924,-0.1854968833913856
1980.6639288158794,-0.15969536483111324
1980.6666666666667,-0.09285880217525513
1980.6694045174538,0.013855129600018827
1980.6721423682409,0.141904679862896
1980.674880219028,0.258691706016134
1980.6776180698153,0.3281073083620155
1980.6803559206023,0.3219331801534626
1980.6830937713894,0.2281419242666325
1980.6858316221767,0.05642228206413396
1980.6885694729638,-0.15861467634928822
1980.6913073237508,-0.3601709673495145
1980.694045174538,-0.4833043375232161
1980.6967830253252,-0.4796226005472507
1980.6995208761123,-0.3414636780966651
1980.7022587268993,-0.10967334899335739
1980.7049965776864,0.14285922204710605
1980.7077344284737,0.3435653775106187
1980.7104722792608,0.4490132283867344
1980.7132101300479,0.4543103957579692
1980.7159479808352,0.38221879762661104
1980.7186858316222,0.26444875895685727
1980.7214236824093,0.12884270845625023
1980.7241615331964,-0.003280326885195979
1980.7268993839837,-0.11494754367686602
1980.7296372347707,-0.1931264434796807
1980.7323750855578,-0.23093148547415698
1980.7351129363449,-0.22850574490523567
1980.7378507871322,-0.19015756392146302
1980.7405886379192,-0.12045865141732834
1980.7433264887063,-0.024058244974903942
1980.7460643394934,0.08976792358873127
1980.7488021902807,0.20223955227351867
1980.7515400410678,0.2854997043651808
1980.7542778918548,0.30994173355179155
1980.7570157426421,0.255098901243857
1980.7597535934292,0.1193136516828843
1980.7624914442163,-0.07491849153353242
1980.7652292950033,-0.2817492963466341
1980.7679671457906,-0.44108353175075177
1980.7707049965777,-0.4970417378005419
1980.7734428473648,-0.4213294183511417
1980.7761806981518,-0.22999977167856667
1980.7789185489391,0.01882572449601702
1980.7816563997262,0.24896985530451785
1980.7843942505133,0.39965005428533446
1980.7871321013006,0.4482273483576742
1980.7898699520877,0.4093973471535521
1980.7926078028747,0.31532774331897856
1980.7953456536618,0.19418841130865902
1980.798083504449,0.062305706139862777
1980.8008213552362,-0.069121795454919
1980.8035592060232,-0.18447763111088042
1980.8062970568103,-0.26308077352086234
1980.8090349075976,-0.28825066202671873
1980.8117727583847,-0.2568307823424429
1980.8145106091717,-0.1802300462854475
1980.817248459959,-0.07706016349521577
1980.8199863107461,0.03479793982837276
1980.8227241615332,0.1398637878527359
1980.8254620123203,0.22129031769424795
1980.8281998631076,0.2584328638409654
1980.8309377138946,0.23118331651178264
1980.8336755646817,0.13006383417457806
1980.8364134154688,-0.03402956917317692
1980.839151266256,-0.22662786945697902
1980.8418891170431,-0.39585460109000026
1980.8446269678302,-0.48719092482223386
1980.8473648186173,-0.4631229111383554
1980.8501026694046,-0.3207310096818528
1980.8528405201916,-0.097933765996015
1980.8555783709787,0.1384143756689124
1980.858316221766,0.32000963913792213
1980.861054072553,0.40624065215536054
1980.8637919233402,0.3974225488464474
1980.8665297741272,0.32420402515627617
1980.8692676249145,0.2222680221954257
1980.8720054757016,0.1119738869190626
1980.8747433264887,-0.00293638107476071
1980.8774811772757,-0.12054279265119208
1980.880219028063,-0.2263536499866238
1980.88295687885,-0.2938618043084679
1980.8856947296372,-0.29975646769329733
1980.8884325804245,-0.24004300580032728
1980.8911704312115,-0.1333948057966427
1980.8939082819986,-0.010356645336268283
1980.8966461327857,0.10099215926349843
1980.899383983573,0.1815722514804377
1980.90212183436,0.2183618648387754
1980.9048596851471,0.19982846823689637
1980.9075975359342,0.11793021047051852
1980.9103353867215,-0.023095732786077166
1980.9130732375086,-0.19872950387451047
1980.9158110882956,-0.36511897058487497
1980.9185489390827,-0.47112512115748595
1980.92128678987,-0.4767395487114971
1980.924024640657,-0.36994601671935284
1980.9267624914442,-0.17469301261284922
1980.9295003422314,0.05463892182791233
1980.9322381930185,0.2523145680662567
1980.9349760438056,0.3672473828646181
1980.9377138945927,0.3833255497978431
1980.94045174538,0.32186492529775956
1980.943189596167,0.22382945300070506
1980.945927446954,0.12350234568693744
1980.9486652977412,0.03222695958308476
1980.9514031485285,-0.056748345919608464
1980.9541409993155,-0.14848557426386438
1980.9568788501026,-0.2301536142380328
1980.95961670089,-0.27329521255156625
1980.962354551677,-0.25287596284436215
1980.965092402464,-0.16683692993253307
1980.9678302532511,-0.04019348797438267
1980.9705681040384,0.08821875425990892
1980.9733059548255,0.18411601745481662
1980.9760438056126,0.22744633278813442
1980.9787816563996,0.21033196328277076
1980.981519507187,0.13158264632327527
1980.984257357974,-0.002901615140294113
1980.986995208761,-0.17351362073504023
1980.9897330595481,-0.3427002637712503
1980.9924709103354,-0.46154840640966915
1980.9952087611225,-0.4870343791219519
1980.9979466119096,-0.4010349363683963
1981.0006844626969,-0.22049373360491278
1981.003422313484,0.00657333540757935
1981.006160164271,0.21745413944494615
1981.008898015058,0.3569892293678251
1981.0116358658454,0.3972441566472119
1981.0143737166325,0.346277082095223
1981.0171115674195,0.24090475199235942
1981.0198494182066,0.12589577559568596
1981.022587268994,0.030961703302981487
1981.025325119781,-0.039864867107404285
1981.028062970568,-0.09945455115086053
1981.0308008213553,-0.1569200533214856
1981.0335386721424,-0.20241450470615974
1981.0362765229295,-0.2105295580287551
1981.0390143737166,-0.15980950698989382
1981.0417522245039,-0.052255897503804626
1981.044490075291,0.08288251184979006
1981.047227926078,0.20303505052446763
1981.049965776865,0.2718804822840687
1981.0527036276524,0.27056521113518694
1981.0554414784394,0.19697433156534008
1981.0581793292265,0.06069722134312832
1981.0609171800138,-0.11768648429671456
1981.0636550308009,-0.3033088327755995
1981.066392881588,-0.4482804028297026
1981.069130732375,-0.5043467834345011
1981.0718685831623,-0.44339205321232994
1981.0746064339494,-0.2734801026534005
1981.0773442847365,-0.0393574375401154
1981.0800821355235,0.193756357573252
1981.0828199863108,0.36437591814598114
1981.085557837098,0.4354228803456468
1981.088295687885,0.40381246575889174
1981.091033538672,0.2971656231790838
1981.0937713894593,0.15998323649286947
1981.0965092402464,0.03458541245832582
1981.0992470910335,-0.05514862158314337
1981.1019849418208,-0.1088350013201293
1981.1047227926078,-0.1402293523702965
1981.107460643395,-0.15983806134988518
1981.110198494182,-0.162688160821833
1981.1129363449693,-0.1313581380373473
1981.1156741957564,-0.05230162269511668
1981.1184120465434,0.06770332040740498
1981.1211498973305,0.19836503301261582
1981.1238877481178,0.2982441625683806
1981.1266255989049,0.33281238352950876
1981.129363449692,0.28601809577417786
1981.1321013004792,0.1615291239342372
1981.1348391512663,-0.020745741056935125
1981.1375770020534,-0.22645094474481414
1981.1403148528404,-0.40795307174613227
1981.1430527036277,-0.512009537936071
1981.1457905544148,-0.49752727160723814
1981.148528405202,-0.35632255247013295
1981.151266255989,-0.12286176657199088
1981.1540041067763,0.13617894678710496
1981.1567419575633,0.3482905561308088
1981.1594798083504,0.4626482804794824
1981.1622176591375,0.46471180272274315
1981.1649555099248,0.3738183991850126
1981.1676933607118,0.22956569948791022
1981.170431211499,0.07567499193571087
1981.1731690622862,-0.0530126424023841
1981.1759069130733,-0.138155400791014
1981.1786447638603,-0.1788262235815746
1981.1813826146474,-0.18514752238767104
1981.1841204654347,-0.16741183309024768
1981.1868583162218,-0.12761071694511705
1981.1895961670089,-0.06011447303465768
1981.192334017796,0.03831881356087024
1981.1950718685832,0.15710935116244312
1981.1978097193703,0.2688314178749209
1981.2005475701574,0.3378493582416416
1981.2032854209447,0.3347611615685528
1981.2060232717317,0.24760042249938516
1981.2087611225188,0.08554461396401937
1981.2114989733059,-0.12254613953276124
1981.2142368240932,-0.3314188787283846
1981.2169746748802,-0.4858086887989985
1981.2197125256673,-0.5341082206662835
1981.2224503764544,-0.44881335404769385
1981.2251882272417,-0.24401179918843469
1981.2279260780288,0.023519044564275445
1981.2306639288158,0.27486672553543695
1981.233401779603,0.441494890622761
1981.2361396303902,0.4909647857591334
1981.2388774811773,0.4321857060620034
1981.2416153319643,0.3013180189132248
1981.2443531827516,0.14126843107337847
1981.2470910335387,-0.012362654388085146
1981.2498288843258,-0.1353356212884712
1981.2525667351129,-0.2136424980660276
1981.2553045859001,-0.24250443863906798
1981.2580424366872,-0.2258427419671522
1981.2607802874743,-0.17356403454879304
1981.2635181382614,-0.0964656072259663
1981.2662559890487,-0.0026797536903906127
1981.2689938398357,0.1005722380050626
1981.2717316906228,0.2012478174977027
1981.27446954141,0.27876942397471255
1981.2772073921972,0.30734382107322855
1981.2799452429842,0.26558277433947913
1981.2826830937713,0.146959430307903
1981.2854209445586,-0.03405256096868442
1981.2881587953457,-0.24181246055238773
1981.2908966461328,-0.42498409775626916
1981.2936344969198,-0.528075641537986
1981.2963723477071,-0.5092310638712904
1981.2991101984942,-0.35983359026657025
1981.3018480492813,-0.11538483177994865
1981.3045859000686,0.15279274016256644
1981.3073237508556,0.36531494046183005
1981.3100616016427,0.4681271728046847
1981.3127994524298,0.4518251698749982
1981.315537303217,0.3462270984121177
1981.3182751540041,0.19700750469931708
1981.3210130047912,0.04261174223221357
1981.3237508555783,-0.09426118199594095
1981.3264887063656,-0.20089763252248016
1981.3292265571527,-0.2662088003235029
1981.3319644079397,-0.28010277689342516
1981.3347022587268,-0.24018874613757726
1981.337440109514,-0.15706784590164888
1981.3401779603012,-0.051412810200693576
1981.3429158110882,0.05501452288073681
1981.3456536618755,0.1462663328402065
1981.3483915126626,0.2117238785864129
1981.3511293634497,0.24088953421049908
1981.3538672142367,0.22079398530573133
1981.356605065024,0.1405321927712727
1981.359342915811,0.0006614912577440693
1981.3620807665982,-0.17904166257388768
1981.3648186173853,-0.35897699301851316
1981.3675564681726,-0.4880061386604071
1981.3702943189596,-0.5190467956073922
1981.3730321697467,-0.4278182551808458
1981.375770020534,-0.2276338580354246
1981.378507871321,0.028707460848921763
1981.3812457221081,0.26547607369287035
1981.3839835728952,0.41446577479125857
1981.3867214236825,0.4438386345550743
1981.3894592744696,0.36792964683188517
1981.3921971252566,0.23207877372701824
1981.3949349760437,0.08401183191301398
1981.397672826831,-0.047633762301387994
1981.400410677618,-0.15456191509058362
1981.4031485284052,-0.23451497073443098
1981.4058863791922,-0.2783000442721654
1981.4086242299795,-0.2712051167232478
1981.4113620807666,-0.20654842580305177
1981.4140999315537,-0.09723681726369404
1981.416837782341,0.026427270025843223
1981.419575633128,0.13120052430938195
1981.422313483915,0.19531626287029294
1981.4250513347022,0.21204728602921216
1981.4277891854895,0.18270194209711302
1981.4305270362765,0.10868647102051215
1981.4332648870636,-0.008523951975701419
1981.4360027378507,-0.15953094909270454
1981.438740588638,-0.31922613085625734
1981.441478439425,-0.44740941855839883
1981.4442162902121,-0.5000860812382584
1981.4469541409994,-0.4469440414936531
1981.4496919917865,-0.2871467091616357
1981.4524298425736,-0.055779277735743954
1981.4551676933606,0.1840319959450679
1981.457905544148,0.3629940671526108
1981.460643394935,0.43352463753467096
1981.463381245722,0.3895396590167471
1981.4661190965091,0.26576640678741376
1981.4688569472964,0.11585715737180188
1981.4715947980835,-0.016711015213663603
1981.4743326488706,-0.11530112304763115
1981.4770704996577,-0.18441840467335144
1981.479808350445,-0.22987928289891196
1981.482546201232,-0.2441962867801743
1981.485284052019,-0.21058139562145572
1981.4880219028064,-0.12127344425573688
1981.4907597535935,0.007358123394454439
1981.4934976043805,0.13735928099600178
1981.4962354551676,0.22783104617248975
1981.498973305955,0.2544864895906927
1981.501711156742,0.21581440467736684
1981.504449007529,0.12474802853253503
1981.5071868583161,-0.003016493722736765
1981.5099247091034,-0.15262935864673297
1981.5126625598905,-0.30455254299147133
1981.5154004106776,-0.4288102257626699
1981.5181382614649,-0.4884306663098293
1981.520876112252,-0.4531985663534888
1981.523613963039,-0.31604100801366775
1981.526351813826,-0.10202292475113287
1981.5290896646134,0.1357971246127507
1981.5318275154004,0.3328955631598878
1981.5345653661875,0.43623622121853306
1981.5373032169746,0.4245608341311157
1981.5400410677619,0.3164035055445074
1981.542778918549,0.1602264604018451
1981.545516769336,0.010262489812075174
1981.5482546201233,-0.09851395234470314
1981.5509924709104,-0.16062970767582244
1981.5537303216975,-0.18962739577509014
1981.5564681724845,-0.1966701078876204
1981.5592060232718,-0.17683661315060253
1981.561943874059,-0.11493938277762547
1981.564681724846,-0.005376624564929454
1981.567419575633,0.13216472199179535
1981.5701574264203,0.2558742956512232
1981.5728952772074,0.3221729373594991
1981.5756331279945,0.30734297061391175
1981.5783709787815,0.21503614898687867
1981.5811088295688,0.06783372057902057
1981.583846680356,-0.10595053974171093
1981.586584531143,-0.27838096512904725
1981.5893223819303,-0.4196873299367921
1981.5920602327174,-0.4965783965603794
1981.5947980835044,-0.4794658179984475
1981.5975359342915,-0.35722950857818625
1981.6002737850788,-0.14925336924097607
1981.6030116358659,0.0952850806550443
1981.605749486653,0.31248365634163294
1981.60848733744,0.4459731249603508
1981.6112251882273,0.46622945075092537
1981.6139630390144,0.3795261159898284
1981.6167008898015,0.22373647320689988
1981.6194387405887,0.05251639002556929
1981.6221765913758,-0.08623327561409774
1981.624914442163,-0.1678863399578938
1981.62765229295,-0.19507136664210056
1981.6303901437373,-0.18578372039964594
1981.6331279945243,-0.1543815635594347
1981.6358658453114,-0.10033567870161564
1981.6386036960985,-0.013951130006343411
1981.6413415468858,0.10595003310015537
1981.6440793976728,0.23819001444441035
1981.64681724846,0.34233221734292557
1981.649555099247,0.37756834417029345
1981.6522929500343,0.32329989738613535
1981.6550308008214,0.1871831733388221
1981.6577686516084,-0.00175839172108367
1981.6605065023957,-0.20556145535142345
1981.6632443531828,-0.3850712593466996
1981.6659822039699,-0.5020347668672468
1981.668720054757,-0.52285326925619
1981.6714579055442,-0.42945451624291764
1981.6741957563313,-0.23287578251327826
1981.6769336071184,0.021908706547250942
1981.6796714579054,0.26763068735991474
1981.6824093086927,0.4389284671957741
1981.6851471594798,0.49616594970459954
1981.6878850102669,0.43689696028703406
1981.6906228610542,0.291748042629242
1981.6933607118413,0.10983466890441171
1981.6960985626283,-0.05868059787946895
1981.6988364134154,-0.17723669370122713
1981.7015742642027,-0.23116878224020068
1981.7043121149898,-0.22710960850921602
1981.7070499657768,-0.18341648880633032
1981.709787816564,-0.11663025154624984
1981.7125256673512,-0.032971904042263245
1981.7152635181383,0.06857317667216122
1981.7180013689253,0.18405911194538482
1981.7207392197124,0.2941086167652796
1981.7234770704997,0.36550761898848794
1981.7262149212868,0.3654093701791652
1981.7289527720739,0.27826930587764354
1981.7316906228612,0.11409618701579677
1981.7344284736482,-0.09528030546672528
1981.7371663244353,-0.306095132479339
1981.7399041752224,-0.4715390906908111
1981.7426420260097,-0.548756860281284
1981.7453798767967,-0.5082397819618023
1981.7481177275838,-0.34694839223226487
1981.7508555783709,-0.09816698587003359
1981.7535934291582,0.17263245716397949
1981.7563312799452,0.38947721659277257
1981.7590691307323,0.49555855989672143
1981.7618069815196,0.4740576805745253
1981.7645448323067,0.3489888864782163
1981.7672826830938,0.16865084105757308
1981.7700205338808,-0.015745089354357415
1981.7727583846681,-0.16473915701906572
1981.7754962354552,-0.2556317227494508
1981.7782340862423,-0.281742424377812
1981.7809719370293,-0.24983415743128093
1981.7837097878166,-0.17597369534297022
1981.7864476386037,-0.07905777736470213
1981.7891854893908,0.025753861418751155
1981.791923340178,0.12905031563020974
1981.7946611909651,0.22270216735192838
1981.7973990417522,0.29315255713653204
1981.8001368925393,0.319814810651055
1981.8028747433266,0.2820612577487701
1981.8056125941137,0.17083148602705409
1981.8083504449007,-0.002949557923985054
1981.8110882956878,-0.20794224639615597
1981.813826146475,-0.39888467547872497
1981.8165639972622,-0.5264562961346761
1981.8193018480492,-0.5490157354092593
1981.8220396988363,-0.4463792659287689
1981.8247775496236,-0.23270974485343773
1981.8275154004107,0.039669134693189265
1981.8302532511977,0.2934848843041216
1981.832991101985,0.4552490931244417
1981.8357289527721,0.48552704238599725
1981.8384668035592,0.3928099263422318
1981.8412046543463,0.22303639343558304
1981.8439425051336,0.033470707414413034
1981.8466803559206,-0.13094445188494191
1981.8494182067077,-0.2460128830660578
1981.8521560574948,-0.30294042713576336
1981.854893908282,-0.3003846061701739
1981.8576317590691,-0.24261071003387433
1981.8603696098562,-0.1425568072849707
1981.8631074606435,-0.022392087605422852
1981.8658453114306,0.09254772185362148
1981.8685831622176,0.18251500840440296
1981.8713210130047,0.23735783792564974
1981.874058863792,0.2530398309919052
1981.876796714579,0.2254996004761565
1981.8795345653662,0.14914545265310203
1981.8822724161532,0.022510086493582035
1981.8850102669405,-0.1432202441370204
1981.8877481177276,-0.3196126634255559
1981.8904859685147,-0.4642902541119546
1981.8932238193017,-0.5317153349966268
1981.895961670089,-0.488481176118776
1981.898699520876,-0.32884115300060224
1981.9014373716632,-0.08430151072019224
1981.9041752224505,0.18006101920941647
1981.9069130732375,0.3861383004261342
1981.9096509240246,0.4739402620231514
1981.9123887748117,0.42739249813117053
1981.915126625599,0.2787617133958231
1981.917864476386,0.0884252771034532
1981.9206023271731,-0.086361149944714
1981.9233401779602,-0.2129831539599038
1981.9260780287475,-0.28389402095059557
1981.9288158795346,-0.3022840154281796
1981.9315537303216,-0.2697547147909417
1981.934291581109,-0.1872276112253985
1981.937029431896,-0.06524354426287549
1981.939767282683,0.06986979125454436
1981.9425051334701,0.18296153493876094
1981.9452429842574,0.24583758918294768
1981.9479808350445,0.24893254990169056
1981.9507186858316,0.20002484787051802
1981.9534565366187,0.11312768619872242
1981.956194387406,-0.0012504818649070153
1981.958932238193,-0.1360951278168063
1981.96167008898,-0.2796172514665006
1981.9644079397672,-0.4076358164050006
1981.9671457905545,-0.48477666041241374
1981.9698836413415,-0.47595843637002305
1981.9726214921286,-0.36301767278739616
1981.975359342916,-0.15843265335596857
1981.978097193703,0.0912894729461935
1981.98083504449,0.3169001754895461
1981.9835728952771,0.4508536993722748
1981.9863107460644,0.45548191265588783
1981.9890485968515,0.34007715183091
1981.9917864476386,0.15540841613702133
1981.9945242984256,-0.03271334958082248
1981.997262149213,-0.1746495010519976
1982.0,-0.2529758024744085
1982.002737850787,-0.27519169895805107
1982.0054757015744,-0.25342094897993434
1982.0082135523614,-0.1907409383048254
1982.0109514031485,-0.08559585368413347
1982.0136892539356,0.0523336604038979
1982.0164271047229,0.19258802227087307
1982.01916495551,0.29252333420783216
1982.021902806297,0.3188015818659356
1982.024640657084,0.26464362999545504
1982.0273785078714,0.14972024033940717
1982.0301163586585,0.004880582681374527
1982.0328542094455,-0.14408856291628735
1982.0355920602328,-0.2811418933783407
1982.03832991102,-0.39281097616718075
1982.041067761807,-0.4596361750919328
1982.043805612594,-0.45679957105062563
1982.0465434633813,-0.36568708800250277
1982.0492813141684,-0.18887580307026397
1982.0520191649555,0.041657344392838865
1982.0547570157426,0.26932803778204584
1982.0574948665299,0.4303742919055534
1982.060232717317,0.47769039990023937
1982.062970568104,0.4009473903120632
1982.065708418891,0.23243693114183475
1982.0684462696784,0.03335931330465136
1982.0711841204654,-0.134009050964414
1982.0739219712525,-0.23275648798699164
1982.0766598220398,-0.2602466068220816
1982.0793976728269,-0.23527023166463862
1982.082135523614,-0.17566537527274828
1982.084873374401,-0.08574233693666976
1982.0876112251883,0.03653577505726387
1982.0903490759754,0.1810205623413214
1982.0930869267625,0.3147840465762539
1982.0958247775495,0.39197813150674354
1982.0985626283368,0.37826936770200553
1982.101300479124,0.2708403789669314
1982.104038329911,0.09887274856632418
1982.1067761806983,-0.09387039666681644
1982.1095140314853,-0.2689807164601431
1982.1122518822724,-0.4015349113948675
1982.1149897330595,-0.47527550116856515
1982.1177275838468,-0.4755788287465833
1982.1204654346338,-0.3909392379340276
1982.123203285421,-0.22345891095456383
1982.125941136208,0.0009776727292749865
1982.1286789869953,0.2329762166325431
1982.1314168377824,0.4130169687339922
1982.1341546885694,0.4921239654640639
1982.1368925393565,0.4503405848973155
1982.1396303901438,0.30506057373303164
1982.1423682409309,0.1053290986324236
1982.145106091718,-0.08665133809243968
1982.1478439425052,-0.2196777833910471
1982.1505817932923,-0.2717408949429525
1982.1533196440794,-0.2520462464084579
1982.1560574948664,-0.1860400050707341
1982.1587953456537,-0.09477498530731662
1982.1615331964408,0.015280917256420064
1982.1642710472279,0.1443436182738935
1982.167008898015,0.2815536838585525
1982.1697467488023,0.39509437845215206
1982.1724845995893,0.441772654609587
1982.1752224503764,0.39068113113957514
1982.1779603011637,0.2429776012170984
1982.1806981519508,0.032996923670653155
1982.1834360027378,-0.18848572858826274
1982.186173853525,-0.3746485060910684
1982.1889117043122,-0.49300272192695216
1982.1916495550993,-0.5242613109385452
1982.1943874058863,-0.4590378951208068
1982.1971252566734,-0.3009342872585292
1982.1998631074607,-0.07436840104476884
1982.2026009582478,0.17275165509563767
1982.2053388090349,0.37920584627561027
1982.208076659822,0.49100678099487255
1982.2108145106092,0.4814627744639384
1982.2135523613963,0.3602801378430451
1982.2162902121834,0.16847461521783094
1982.2190280629707,-0.03695639239911612
1982.2217659137577,-0.20189098795493704
1982.2245037645448,-0.2912720375834745
1982.2272416153319,-0.2974492219691556
1982.2299794661192,-0.23718944767068495
1982.2327173169062,-0.13839684272807798
1982.2354551676933,-0.024149324407413252
1982.2381930184804,0.09517675287899756
1982.2409308692677,0.21611513578086386
1982.2436687200548,0.32830923013329816
1982.2464065708418,0.4061641536422531
1982.2491444216291,0.4157474578235459
1982.2518822724162,0.33375603469473447
1982.2546201232033,0.16451841611505894
1982.2573579739903,-0.05770657089999307
1982.2600958247776,-0.28182942548390283
1982.2628336755647,-0.4578323344477429
1982.2655715263518,-0.5484407033936971
1982.2683093771388,-0.5326871065560643
1982.2710472279261,-0.4075641638789283
1982.2737850787132,-0.19246003828904631
1982.2765229295003,0.06741972107489268
1982.2792607802876,0.30740342571681434
1982.2819986310747,0.46283801080395987
1982.2847364818617,0.493685941330127
1982.2874743326488,0.39997459190678325
1982.290212183436,0.2191133648813321
1982.2929500342232,0.008183918551463719
1982.2956878850102,-0.17738100304680113
1982.2984257357973,-0.2986434076959732
1982.3011635865846,-0.33873838672569123
1982.3039014373717,-0.30177616475583224
1982.3066392881587,-0.20772708611309396
1982.3093771389458,-0.08412757526118805
1982.3121149897331,0.0437235566187444
1982.3148528405202,0.15953185074949383
1982.3175906913073,0.2551947831266633
1982.3203285420946,0.3232413915770392
1982.3230663928816,0.3498755714818967
1982.3258042436687,0.31658460412340217
1982.3285420944558,0.21111404401420808
1982.331279945243,0.03993830639799556
1982.3340177960301,-0.1675068544124792
1982.3367556468172,-0.3659675566707575
1982.3394934976043,-0.5077385823071212
1982.3422313483916,-0.5549618680893648
1982.3449691991786,-0.48812416798225655
1982.3477070499657,-0.3124677821152245
1982.350444900753,-0.062496962901729194
1982.35318275154,0.2004578642877519
1982.3559206023272,0.40348391433688074
1982.3586584531142,0.48822050460266936
1982.3613963039015,0.4353240284376171
1982.3641341546886,0.2720309217724164
1982.3668720054757,0.05745942630725582
1982.3696098562627,-0.14467078204140815
1982.37234770705,-0.2888534555624677
1982.375085557837,-0.35528979344864203
1982.3778234086242,-0.34434204574336474
1982.3805612594115,-0.26811500385307385
1982.3832991101985,-0.14627893162768107
1982.3860369609856,-0.004798641376742897
1982.3887748117727,0.1277557875209837
1982.39151266256,0.22764256548496054
1982.394250513347,0.2822346764071963
1982.3969883641341,0.2896839477940995
1982.3997262149212,0.2525604375858633
1982.4024640657085,0.1721453700810096
1982.4052019164956,0.049460629419047594
1982.4079397672826,-0.10758474289985283
1982.4106776180697,-0.2775216160317882
1982.413415468857,-0.4254489585020396
1982.416153319644,-0.5110653927757709
1982.4188911704312,-0.5011169650556127
1982.4216290212185,-0.38200160773986674
1982.4243668720055,-0.1692546719397393
1982.4271047227926,0.08983423098486444
1982.4298425735797,0.32517285707549154
1982.432580424367,0.4660284438569112
1982.435318275154,0.46953356244303884
1982.438056125941,0.3406489372625947
1982.4407939767282,0.13009125993812437
1982.4435318275155,-0.09028894188509562
1982.4462696783025,-0.259691488547944
1982.4490075290896,-0.3483175214669463
1982.4517453798767,-0.3559228000841761
1982.454483230664,-0.29674201820064366
1982.457221081451,-0.18688843024280738
1982.4599589322381,-0.043525240065708105
1982.4626967830254,0.1089757310541049
1982.4654346338125,0.23786334082428168
1982.4681724845996,0.31168562818867623
1982.4709103353866,0.3144021723063273
1982.473648186174,0.2518846299116073
1982.476386036961,0.145216700216458
1982.479123887748,0.016945624433198244
1982.4818617385351,-0.11801913159341942
1982.4845995893224,-0.2504825853177869
1982.4873374401095,-0.3679573524277797
1982.4900752908966,-0.4482703573355678
1982.4928131416839,-0.46268378509815317
1982.495550992471,-0.3879910434405347
1982.498288843258,-0.22128472886974576
1982.501026694045,0.010309642792601643
1982.5037645448324,0.25095044389126564
1982.5065023956195,0.43100859822192145
1982.5092402464065,0.492536537679289
1982.5119780971936,0.4150633387984325
1982.514715947981,0.22746072105221857
1982.517453798768,-0.003519037940487509
1982.520191649555,-0.20373446783481539
1982.5229295003423,-0.32342217194971656
1982.5256673511294,-0.3509938611899816
1982.5284052019165,-0.30309538100836125
1982.5311430527036,-0.20320297213522157
1982.5338809034909,-0.06810754918571064
1982.536618754278,0.08844865433905699
1982.539356605065,0.24338108281670745
1982.542094455852,0.36008094242956573
1982.5448323066394,0.4009961812201782
1982.5475701574264,0.3485735371102012
1982.5503080082135,0.21706078319319
1982.5530458590006,0.04491816158760152
1982.5557837097879,-0.12600190628390087
1982.558521560575,-0.26808642812758365
1982.561259411362,-0.3705211308549878
1982.5639972621493,-0.4288560078387064
1982.5667351129364,-0.43401026819523936
1982.5694729637235,-0.3717778975846558
1982.5722108145105,-0.23382829259382512
1982.5749486652978,-0.03182032086407889
1982.577686516085,0.1959092665555261
1982.580424366872,0.39103995743378916
1982.583162217659,0.4942807243434846
1982.5859000684463,0.46948899306285
1982.5886379192334,0.32189812723517963
1982.5913757700205,0.09986818326828686
1982.5941136208078,-0.12370874611796637
1982.5968514715948,-0.28254830347485815
1982.599589322382,-0.34343141766907126
1982.602327173169,-0.3122697674332657
1982.6050650239563,-0.21795937735018248
1982.6078028747434,-0.088618378540095
1982.6105407255304,0.060309402879528226
1982.6132785763175,0.21842989972713772
1982.6160164271048,0.36419044832822955
1982.6187542778919,0.4594349021916373
1982.621492128679,0.46417236235352416
1982.6242299794662,0.36171184505522924
1982.6269678302533,0.17353267253577312
1982.6297056810404,-0.04898773011283997
1982.6324435318274,-0.24984361745227135
1982.6351813826147,-0.3915667419044537
1982.6379192334018,-0.4612341800456889
1982.640657084189,-0.4602409758583574
1982.643394934976,-0.39154210230174696
1982.6461327857633,-0.25715075146142485
1982.6488706365503,-0.06694186152018412
1982.6516084873374,0.15106192571937854
1982.6543463381245,0.3499612657528458
1982.6570841889118,0.4763293971224952
1982.6598220396988,0.49024730073420236
1982.662559890486,0.3832560491247003
1982.6652977412732,0.18540549327364236
1982.6680355920603,-0.04309911364930294
1982.6707734428473,-0.23380196237789633
1982.6735112936344,-0.33645713054384946
1982.6762491444217,-0.3366705572407789
1982.6789869952088,-0.25459913088688296
1982.6817248459959,-0.12613403566812792
1982.684462696783,0.019420996987736874
1982.6872005475702,0.16842059740025106
1982.6899383983573,0.31322133011348097
1982.6926762491444,0.4351620508955433
1982.6954140999314,0.4989410263995993
1982.6981519507187,0.4674548707555033
1982.7008898015058,0.32733681277039417
1982.7036276522929,0.10450873580570727
1982.7063655030802,-0.14372373369143446
1982.7091033538672,-0.3546004597394266
1982.7118412046543,-0.4849024017863603
1982.7145790554414,-0.5194029940377929
1982.7173169062287,-0.46287854604650414
1982.7200547570158,-0.3285947896383701
1982.7227926078028,-0.13513962992345155
1982.72553045859,0.08836072620296465
1982.7282683093772,0.2986152173057402
1982.7310061601643,0.4451247510300783
1982.7337440109513,0.4870199778897245
1982.7364818617386,0.41040523282243463
1982.7392197125257,0.23616603482145224
1982.7419575633128,0.014257161784918267
1982.7446954140999,-0.1927134098965435
1982.7474332648871,-0.33012014724189875
1982.7501711156742,-0.3687400493489107
1982.7529089664613,-0.3120748478613212
1982.7556468172484,-0.18976463535046456
1982.7583846680357,-0.04004278603173465
1982.7611225188227,0.10831378362479896
1982.7638603696098,0.24252920347733414
1982.766598220397,0.35707001914529884
1982.7693360711842,0.4387080523204888
1982.7720739219712,0.4608674680208455
1982.7748117727583,0.3954280215129445
1982.7775496235456,0.23450505181365844
1982.7802874743327,0.004643514929327918
1982.7830253251198,-0.23904077807749388
1982.7857631759068,-0.43529935892457167
1982.7885010266941,-0.539961524649716
1982.7912388774812,-0.5360497466627567
1982.7939767282683,-0.429933391578196
1982.7967145790553,-0.24344165833445697
1982.7994524298426,-0.010680164139470864
1982.8021902806297,0.22174901684397413
1982.8049281314168,0.3995448343369637
1982.807665982204,0.47532646402322065
1982.8104038329911,0.42744880453074324
1982.8131416837782,0.2710449613288682
1982.8158795345653,0.053430982619512214
1982.8186173853526,-0.1635602960050604
1982.8213552361397,-0.32444305092932496
1982.8240930869267,-0.3950909283672864
1982.8268309377138,-0.3685617477939322
1982.829568788501,-0.2627301747812958
1982.8323066392882,-0.11159049109242845
1982.8350444900752,0.04754718914968762
1982.8377823408625,0.18643736632341673
1982.8405201916496,0.29144423498210786
1982.8432580424367,0.35881931798883415
1982.8459958932237,0.38402320291836195
1982.848733744011,0.35533608296091856
1982.851471594798,0.2592880972766183
1982.8542094455852,0.0950230201096005
1982.8569472963723,-0.11422855588282704
1982.8596851471596,-0.32312842551592347
1982.8624229979466,-0.4795936792404949
1982.8651608487337,-0.5434031526631605
1982.867898699521,-0.4974441911890762
1982.870636550308,-0.3492174212603448
1982.8733744010951,-0.12770571563365316
1982.8761122518822,0.1200199999647695
1982.8788501026695,0.33459496736850264
1982.8815879534566,0.45772114796431684
1982.8843258042436,0.45251959278909226
1982.8870636550307,0.3209461812776376
1982.889801505818,0.1058414590954212
1982.892539356605,-0.126052491853066
1982.8952772073922,-0.3106772937008574
1982.8980150581792,-0.4075960508100966
1982.9007529089665,-0.4061880994763195
1982.9034907597536,-0.3195504220479523
1982.9062286105407,-0.17484316217520712
1982.908966461328,-0.005893117682948531
1982.911704312115,0.15258274087620774
1982.914442162902,0.27176983550513
1982.9171800136892,0.3354145694646654
1982.9199178644765,0.3416589909002815
1982.9226557152635,0.2977162909766058
1982.9253935660506,0.21158844888698267
1982.9281314168377,0.08845945912739137
1982.930869267625,-0.06474786274759052
1982.933607118412,-0.2312092411608699
1982.9363449691991,-0.3809039338235456
1982.9390828199862,-0.4766946542611512
1982.9418206707735,-0.48675945986396046
1982.9445585215606,-0.3965506556864509
1982.9472963723476,-0.21570713624462468
1982.950034223135,0.02072568235435385
1982.952772073922,0.25677554953459875
1982.955509924709,0.4275472527856795
1982.9582477754961,0.4794295105837464
1982.9609856262834,0.3926608571787533
1982.9637234770705,0.19385622090565838
1982.9664613278576,-0.05202307323756808
1982.9691991786447,-0.2686667562178539
1982.971937029432,-0.39930032380841723
1982.974674880219,-0.42354656867406254
1982.977412731006,-0.35344064650634227
1982.9801505817934,-0.21723036490331246
1982.9828884325805,-0.04586254417207937
1982.9856262833675,0.13033743666082187
1982.9883641341546,0.2796963968764651
1982.991101984942,0.37159928185309643
1982.993839835729,0.38613978850324654
1982.996577686516,0.3237350253996295
1982.9993155373031,0.2051138279379923
1983.0020533880904,0.06013136072530117
1983.0047912388775,-0.08605289550749572
1983.0075290896646,-0.21887195122005032
1983.0102669404519,-0.3294393556225668
1983.013004791239,-0.4055537827834769
1983.015742642026,-0.4281462128877351
1983.018480492813,-0.3773209549049452
1983.0212183436004,-0.244507226292213
1983.0239561943874,-0.04350213778507178
1983.0266940451745,0.1857482857077859
1983.0294318959616,0.38383811229487597
1983.0321697467489,0.48916499010519965
1983.034907597536,0.46159538467466954
1983.037645448323,0.3028617290865352
1983.04038329911,0.061449193262610065
1983.0431211498974,-0.1846180135830817
1983.0458590006845,-0.36046593536463717
1983.0485968514715,-0.42432648289205877
1983.0513347022588,-0.3773084691687874
1983.054072553046,-0.24995910798141505
1983.056810403833,-0.07939450084021281
1983.05954825462,0.10455263849703239
1983.0622861054073,0.27711431415787147
1983.0650239561944,0.40970649621630834
1983.0677618069815,0.4696321273313073
1983.0704996577686,0.43359608089402296
1983.0732375085558,0.3046530172162288
1983.075975359343,0.11656134334940238
1983.07871321013,-0.08057756175682786
1983.0814510609173,-0.24355348111405248
1983.0841889117044,-0.3512137048640767
1983.0869267624914,-0.4023592629935157
1983.0896646132785,-0.4018818485164986
1983.0924024640658,-0.34910639131195276
1983.0951403148529,-0.23833777835216433
1983.09787816564,-0.07038807116873548
1983.100616016427,0.13469278224048004
1983.1033538672143,0.3339008192228048
1983.1060917180014,0.4709834296449256
1983.1088295687885,0.4967711026975963
1983.1115674195757,0.3918237870652856
1983.1143052703628,0.180382339655168
1983.11704312115,-0.07367296595840483
1983.119780971937,-0.29038339219878495
1983.1225188227243,-0.40664665300257863
1983.1252566735113,-0.4004845867669069
1983.1279945242984,-0.29246867424197615
1983.1307323750855,-0.12542203891828202
1983.1334702258728,0.06094455472602012
1983.1362080766598,0.24149926218853068
1983.138945927447,0.39810833931871165
1983.141683778234,0.505857585012972
1983.1444216290213,0.5315059882266437
1983.1471594798084,0.45022809094525285
1983.1498973305954,0.26779714932309234
1983.1526351813827,0.02786081151671777
1983.1553730321698,-0.20474729597187313
1983.1581108829569,-0.37384887030865027
1983.160848733744,-0.45365757661479733
1983.1635865845312,-0.4489643431596374
1983.1663244353183,-0.3784432462020833
1983.1690622861054,-0.25784656011823964
1983.1718001368924,-0.09656863995065579
1983.1745379876797,0.09265731645678171
1983.1772758384668,0.28245490565541354
1983.1800136892539,0.4298215381477187
1983.182751540041,0.4888261813354257
1983.1854893908283,0.4307825280398058
1983.1882272416153,0.2611782477360925
1983.1909650924024,0.02398076986787096
1983.1937029431897,-0.21076388089064288
1983.1964407939768,-0.3725527001039181
1983.1991786447638,-0.41810783777902677
1983.201916495551,-0.3466083949347165
1983.2046543463382,-0.19347094715981517
1983.2073921971253,-0.007022554100239876
1983.2101300479123,0.17540920459578938
1983.2128678986994,0.3352786923350011
1983.2156057494867,0.4616183190348033
1983.2183436002738,0.5349600546246465
1983.2210814510609,0.5252029431085757
1983.2238193018482,0.40936210982400495
1983.2265571526352,0.1956419250305205
1983.2292950034223,-0.06785594807840818
1983.2320328542094,-0.31015111792703765
1983.2347707049967,-0.4695152999443262
1983.2375085557837,-0.5182022908949536
1983.2402464065708,-0.4645736837254891
1983.2429842573579,-0.33641441413109957
1983.2457221081452,-0.16257679738696007
1983.2484599589322,0.03290117095526066
1983.2511978097193,0.22444745461494292
1983.2539356605066,0.3781536259224705
1983.2566735112937,0.45542358059273824
1983.2594113620808,0.4275309657604354
1983.2621492128678,0.29188728222669075
1983.2648870636551,0.07931302430489319
1983.2676249144422,-0.15268111273694665
1983.2703627652293,-0.33827823423560516
1983.2731006160163,-0.42614987906815466
1983.2758384668036,-0.3974247605654242
1983.2785763175907,-0.270551351787493
1983.2813141683778,-0.08983501951930108
1983.2840520191648,0.09672089608408146
1983.2867898699521,0.25697625130594387
1983.2895277207392,0.3790961856321539
1983.2922655715263,0.4595772981801542
1983.2950034223136,0.48741421113554423
1983.2977412731007,0.44102626390784105
1983.3004791238877,0.3036140632563364
1983.3032169746748,0.08522905499870727
1983.305954825462,-0.16825260834398542
1983.3086926762492,-0.38968358284805327
1983.3114305270362,-0.5201244152359998
1983.3141683778233,-0.5329075844175728
1983.3169062286106,-0.4376414080297528
1983.3196440793977,-0.26653905046013654
1983.3223819301847,-0.057843974841925494
1983.325119780972,0.15142091808294883
1983.3278576317591,0.32401661823509936
1983.3305954825462,0.4224666659260437
1983.3333333333333,0.4178629627248078
1983.3360711841206,0.30411712812829056
1983.3388090349076,0.10680536083426255
1983.3415468856947,-0.12152076803348959
1983.3442847364818,-0.3182888075339068
1983.347022587269,-0.4315724147650459
1983.3497604380561,-0.4355869046733704
1983.3524982888432,-0.33638588149602144
1983.3552361396305,-0.1671776778779191
1983.3579739904176,0.024901123533708595
1983.3607118412046,0.19609365145426427
1983.3634496919917,0.31986569611487764
1983.366187542779,0.3897386057749136
1983.368925393566,0.4098059160499
1983.3716632443532,0.3811225879771958
1983.3744010951402,0.2964928615552286
1983.3771389459275,0.14965783862564505
1983.3798767967146,-0.04824637042664395
1983.3826146475017,-0.2600912904238759
1983.3853524982887,-0.43189207163584387
1983.388090349076,-0.5151287900661741
1983.390828199863,-0.48714656424897895
1983.3935660506502,-0.3572104878362555
1983.3963039014375,-0.1582999612845796
1983.3990417522245,0.06538315988485696
1983.4017796030116,0.26664711520568685
1983.4045174537987,0.3999756820230799
1983.407255304586,0.4291416596784592
1983.409993155373,0.3400870503157812
1983.4127310061601,0.1521015689761644
1983.4154688569472,-0.08322812231268836
1983.4182067077345,-0.2987481646511127
1983.4209445585216,-0.4360987384000869
1983.4236824093086,-0.4644419725004115
1983.4264202600957,-0.38554063099983066
1983.429158110883,-0.22696052315309195
1983.43189596167,-0.030473586783644438
1983.4346338124572,0.1592107330608446
1983.4373716632444,0.3044154453725175
1983.4401095140315,0.38278664051391953
1983.4428473648186,0.39097658382458683
1983.4455852156057,0.340517365955882
1983.448323066393,0.24755775131442853
1983.45106091718,0.12398327419053037
1983.453798767967,-0.022731695740221436
1983.4565366187542,-0.18123273616061228
1983.4592744695415,-0.32818224452274375
1983.4620123203285,-0.42961868117815777
1983.4647501711156,-0.45299913235081213
1983.467488021903,-0.38209652645837955
1983.47022587269,-0.2253054014230616
1983.472963723477,-0.014193107815223923
1983.4757015742641,0.2040739451256511
1983.4784394250514,0.37615471647022947
1983.4811772758385,0.4536514715206489
1983.4839151266256,0.40744495087018634
1983.4866529774126,0.24214964998545868
1983.4893908282,0.0015286665446406222
1983.492128678987,-0.2432032283592099
1983.494866529774,-0.4198768527504592
1983.4976043805614,-0.4828458095338194
1983.5003422313484,-0.42595556766929576
1983.5030800821355,-0.27607709522795676
1983.5058179329226,-0.07583271471525521
1983.5085557837099,0.13122342346649313
1983.511293634497,0.30681377888596356
1983.514031485284,0.4196254280869224
1983.516769336071,0.449332418974563
1983.5195071868584,0.3934371879366162
1983.5222450376455,0.27026880437240247
1983.5249828884325,0.11231881819693136
1983.5277207392196,-0.04748654219494061
1983.530458590007,-0.1869266454223957
1983.533196440794,-0.29535987174035816
1983.535934291581,-0.36589277990246905
1983.5386721423683,-0.3878536478058042
1983.5414099931554,-0.3474212107373311
1983.5441478439425,-0.23647790166864122
1983.5468856947296,-0.063093904447938
1983.5496235455169,0.14338186985468238
1983.552361396304,0.33561906662602087
1983.555099247091,0.45937336094876696
1983.557837097878,0.47020006271541176
1983.5605749486654,0.3518816038298333
1983.5633127994524,0.12911397823842294
1983.5660506502395,-0.13471981606399525
1983.5687885010268,-0.3585812575863279
1983.5715263518139,-0.4757953486258457
1983.574264202601,-0.4597990813334975
1983.577002053388,-0.3287718235994598
1983.5797399041753,-0.12867635536105426
1983.5824777549624,0.0908260669957366
1983.5852156057495,0.29064020348111463
1983.5879534565365,0.44159751319639806
1983.5906913073238,0.5184354066601492
1983.593429158111,0.5012677213052
1983.596167008898,0.38689677596042094
1983.5989048596853,0.19917002600652656
1983.6016427104723,-0.014494041550724554
1983.6043805612594,-0.2018817515355531
1983.6071184120465,-0.327704612912375
1983.6098562628338,-0.38295739709910237
1983.6125941136208,-0.3771029983385239
1983.615331964408,-0.32219042015003857
1983.618069815195,-0.22303835904182365
1983.6208076659823,-0.08058515078907884
1983.6235455167694,0.096072540482345
1983.6262833675564,0.27976614949426165
1983.6290212183435,0.42600682509385734
1983.6317590691308,0.48590853184984756
1983.6344969199179,0.4263137019315975
1983.637234770705,0.24843478033726202
1983.6399726214922,-0.004598931130197718
1983.6427104722793,-0.2580763004235008
1983.6454483230664,-0.4328051060306807
1983.6481861738534,-0.47726116667430096
1983.6509240246407,-0.3872462899204465
1983.6536618754278,-0.20140476491326212
1983.6563997262149,0.023273138466982937
1983.659137577002,0.2379524758272033
1983.6618754277893,0.4127404565069995
1983.6646132785763,0.5291015637195843
1983.6673511293634,0.5678692823371103
1983.6700889801505,0.5095832882032781
1983.6728268309378,0.3500264256433371
1983.6755646817248,0.11658489528002822
1983.678302532512,-0.13274254900839083
1983.6810403832992,-0.3320016663833797
1983.6837782340863,-0.43703827631213144
1983.6865160848733,-0.44126246431933414
1983.6892539356604,-0.3678763909825006
1983.6919917864477,-0.24781769237614895
1983.6947296372348,-0.10220253939840734
1983.6974674880219,0.058666165306312995
1983.700205338809,0.2230147678272566
1983.7029431895962,0.36569716543337
1983.7056810403833,0.44855687054357674
1983.7084188911704,0.4347538486693121
1983.7111567419577,0.3090087553140946
1983.7138945927447,0.0921362869361719
1983.7166324435318,-0.1590774296517335
1983.7193702943189,-0.36908053725369094
1983.7221081451062,-0.47206084295539724
1983.7248459958932,-0.438776542128772
1983.7275838466803,-0.2871687136760883
1983.7303216974674,-0.06995833712847907
1983.7330595482547,0.15319307888624437
1983.7357973990418,0.340480843991777
1983.7385352498288,0.473868836851123
1983.7412731006161,0.5461218718159562
1983.7440109514032,0.5452037955906875
1983.7467488021903,0.4540472512305669
1983.7494866529773,0.2683952562310029
1983.7522245037646,0.016552984941000035
1983.7549623545517,-0.23973456362656126
1983.7577002053388,-0.42927211838165513
1983.7604380561258,-0.5049791539259392
1983.7631759069131,-0.46316227474695915
1983.7659137577002,-0.33630915564944985
1983.7686516084873,-0.16830294686051842
1983.7713894592744,0.007172294609623499
1983.7741273100617,0.17071842478294094
1983.7768651608487,0.3065929332257139
1983.7796030116358,0.39209041822395024
1983.782340862423,0.3993457841104856
1983.7850787132102,0.3097318104647214
1983.7878165639972,0.13036545696122512
1983.7905544147843,-0.09926674101145931
1983.7932922655716,-0.3160909543538463
1983.7960301163587,-0.45468305541526216
1983.7987679671457,-0.472001904619292
1983.8015058179328,-0.36449533990949984
1983.8042436687201,-0.16870851002594672
1983.8069815195072,0.05614968868663587
1983.8097193702943,0.2548387630014128
1983.8124572210816,0.39617057404054234
1983.8151950718686,0.4744074638997428
1983.8179329226557,0.4937186575833186
1983.8206707734428,0.451326649131691
1983.82340862423,0.3362012426420687
1983.8261464750171,0.14597566798976522
1983.8288843258042,-0.09315973166047667
1983.8316221765913,-0.3239473558210856
1983.8343600273786,-0.479842264315659
1983.8370978781657,-0.5173362007503878
1983.8398357289527,-0.43572737057529687
1983.84257357974,-0.27151465907279504
1983.845311430527,-0.07488700195119982
1983.8480492813142,0.11211543909383452
1983.8507871321012,0.26188849494864097
1983.8535249828885,0.354438390981064
1983.8562628336756,0.3709387814799806
1983.8590006844627,0.29785480773832496
1983.8617385352497,0.13928466817488766
1983.864476386037,-0.07391785220987612
1983.867214236824,-0.2878052810072199
1983.8699520876112,-0.4418866246719271
1983.8726899383983,-0.4904579448693415
1983.8754277891856,-0.4189043323291072
1983.8781656399726,-0.24857476230045011
1983.8809034907597,-0.02854072397666651
1983.883641341547,0.18293648321664588
1983.886379192334,0.3398249802315422
1983.8891170431211,0.4222740307011767
1983.8918548939082,0.4353730190689108
1983.8945927446955,0.39439506554641424
1983.8973305954826,0.3085696159941657
1983.9000684462696,0.17729324096081653
1983.9028062970567,0.002334163513480321
1983.905544147844,-0.1952823267359414
1983.908281998631,-0.37090059252187696
1983.9110198494182,-0.47198572261603844
1983.9137577002052,-0.46438240931619607
1983.9164955509925,-0.35010200293037835
1983.9192334017796,-0.1646558138545144
1983.9219712525667,0.04147771519724321
1983.924709103354,0.2218935873733018
1983.927446954141,0.34241366500512943
1983.930184804928,0.3799578526884533
1983.9329226557152,0.3220477238444307
1983.9356605065025,0.17286090246430072
1983.9383983572895,-0.03900225058844747
1983.9411362080766,-0.26138421515412724
1983.9438740588637,-0.4328682012163044
1983.946611909651,-0.5044359846904535
1983.949349760438,-0.4566612053868425
1983.9520876112251,-0.3043860532116623
1983.9548254620124,-0.08918847311585557
1983.9575633127995,0.13481247970950838
1983.9603011635866,0.31648559518119157
1983.9630390143736,0.421143938820693
1983.965776865161,0.4385650097069501
1983.968514715948,0.3818543391056941
1983.971252566735,0.2766178450434523
1983.9739904175221,0.1464975730982512
1983.9767282683094,0.005116499892299311
1983.9794661190965,-0.13981946991202834
1983.9822039698836,-0.2750268784935903
1983.9849418206709,-0.374849110616084
1983.987679671458,-0.4077541152369841
1983.990417522245,-0.3529193166834619
1983.993155373032,-0.214508154723338
1983.9958932238194,-0.023209679964623642
1983.9986310746065,0.17471132299950265
1984.0013689253935,0.33192480680529945
1984.0041067761806,0.4102029096137758
1984.006844626968,0.38606456256727867
1984.009582477755,0.25639965302169243
1984.012320328542,0.044874598979732186
1984.0150581793291,-0.19715507293154097
1984.0177960301164,-0.4023691436865894
1984.0205338809035,-0.510561382916135
1984.0232717316906,-0.49152438621083827
1984.0260095824779,-0.3545040912700161
1984.028747433265,-0.14017439630011286
1984.031485284052,0.09723299176352779
1984.034223134839,0.30619369142575714
1984.0369609856264,0.4470218352974848
1984.0396988364134,0.4962391912081134
1984.0424366872005,0.45008279260608675
1984.0451745379876,0.32622096484855057
1984.0479123887749,0.15909471878148332
1984.050650239562,-0.012365957839357605
1984.053388090349,-0.15849985956659943
1984.0561259411363,-0.2650061942815574
1984.0588637919234,-0.3280132978828335
1984.0616016427105,-0.3442854439808967
1984.0643394934975,-0.3066363167625882
1984.0670773442848,-0.2091292890263289
1984.069815195072,-0.05737522051711562
1984.072553045859,0.12496588625394403
1984.075290896646,0.29857570401316674
1984.0780287474333,0.4181825577161576
1984.0807665982204,0.4450403499137881
1984.0835044490075,0.35915518636088795
1984.0862422997948,0.1695202012858368
1984.0889801505818,-0.08143753437317898
1984.091718001369,-0.32514233943397214
1984.094455852156,-0.48821746520175363
1984.0971937029433,-0.5205966369109618
1984.0999315537304,-0.41538252853085583
1984.1026694045174,-0.20840418965741161
1984.1054072553045,0.041267935535381474
1984.1081451060918,0.2757791824513042
1984.1108829568789,0.45290959668092406
1984.113620807666,0.5468105896813774
1984.116358658453,0.5437564535433209
1984.1190965092403,0.4430782306853808
1984.1218343600274,0.26362400975118344
1984.1245722108144,0.04617581233265061
1984.1273100616017,-0.15670480352226998
1984.1300479123888,-0.3005297845567664
1984.132785763176,-0.3653443378658598
1984.135523613963,-0.3572005684220057
1984.1382614647503,-0.29515516739116565
1984.1409993155373,-0.19566941594023404
1984.1437371663244,-0.06682376214418846
1984.1464750171115,0.08498395687332475
1984.1492128678988,0.2437069589603991
1984.1519507186858,0.37827326939113803
1984.154688569473,0.4483916081341114
1984.15742642026,0.4193241066347891
1984.1601642710473,0.27902677673833337
1984.1629021218343,0.050127137547459
1984.1656399726214,-0.20993019288619763
1984.1683778234087,-0.4242223929018335
1984.1711156741958,-0.5240468502202711
1984.1738535249829,-0.47716177360312123
1984.17659137577,-0.300935867515045
1984.1793292265572,-0.051797731221257165
1984.1820670773443,0.20244418774582365
1984.1848049281314,0.4091264983462458
1984.1875427789184,0.5402781541216122
1984.1902806297057,0.5847196932537959
1984.1930184804928,0.5368829854074045
1984.1957563312799,0.3968494593812386
1984.1984941820672,0.18196364911803345
1984.2012320328543,-0.06420607374899107
1984.2039698836413,-0.2800490639682505
1984.2067077344284,-0.4107617371803693
1984.2094455852157,-0.4332799040325725
1984.2121834360028,-0.3628843995380769
1984.2149212867898,-0.23746603121519277
1984.217659137577,-0.09296302036580047
1984.2203969883642,0.05119551870444493
1984.2231348391513,0.1882067514051125
1984.2258726899383,0.308948877465796
1984.2286105407256,0.39112437451868015
1984.2313483915127,0.4026798476030893
1984.2340862422998,0.31812309939545647
1984.2368240930869,0.1375660566484713
1984.2395619438742,-0.10311408466485933
1984.2422997946612,-0.33806789522642405
1984.2450376454483,-0.49300636931600095
1984.2477754962354,-0.5144805217555892
1984.2505133470227,-0.3932018002203567
1984.2532511978097,-0.16819330827449744
1984.2559890485968,0.09205488342252865
1984.2587268993839,0.32089240667351693
1984.2614647501712,0.47784316549692346
1984.2642026009582,0.5518293526583595
1984.2669404517453,0.5461150104491719
1984.2696783025326,0.4625148568212386
1984.2724161533197,0.3013328153715906
1984.2751540041068,0.07683640572593495
1984.2778918548938,-0.1689781132677574
1984.2806297056811,-0.3725176540252379
1984.2833675564682,-0.47580468030932943
1984.2861054072553,-0.4562790196009586
1984.2888432580423,-0.3366305875946146
1984.2915811088296,-0.16765910076948237
1984.2943189596167,0.0015907019160571459
1984.2970568104038,0.1438157198906289
1984.299794661191,0.25170585248826244
1984.3025325119781,0.3216171841617009
1984.3052703627652,0.34040965073533186
1984.3080082135523,0.28792544833104966
1984.3107460643396,0.15317918061650881
1984.3134839151267,-0.04855142608090611
1984.3162217659137,-0.2707708433974346
1984.3189596167008,-0.4478521203255052
1984.321697467488,-0.5193803712438001
1984.3244353182752,-0.4556603256833316
1984.3271731690622,-0.2719847565718783
1984.3299110198495,-0.023405325725629686
1984.3326488706366,0.2189239124467136
1984.3353867214237,0.3977597225252451
1984.3381245722107,0.4888063399982432
1984.340862422998,0.4980148674447325
1984.3436002737851,0.44219147376547896
1984.3463381245722,0.3309465790487615
1984.3490759753593,0.16617410481198808
1984.3518138261466,-0.04134669821409264
1984.3545516769336,-0.2558327084108023
1984.3572895277207,-0.4200684267681954
1984.3600273785078,-0.48120913310943647
1984.362765229295,-0.4209248000112501
1984.3655030800821,-0.26652238489101415
1984.3682409308692,-0.07451281363270418
1984.3709787816565,0.10001037797009163
1984.3737166324436,0.22519007550225997
1984.3764544832306,0.29259722540206834
1984.3791923340177,0.30240969213677926
1984.381930184805,0.2512184442847726
1984.384668035592,0.13437561421483674
1984.3874058863792,-0.040391294927713164
1984.3901437371662,-0.24174842088054674
1984.3928815879535,-0.41736780581242283
1984.3956194387406,-0.5111148217603929
1984.3983572895277,-0.4858839392360158
1984.4010951403147,-0.3404831373612007
1984.403832991102,-0.1125042068088928
1984.406570841889,0.13467316024963855
1984.4093086926762,0.3358993746865859
1984.4120465434635,0.44865277256482283
1984.4147843942505,0.46534760059434804
1984.4175222450376,0.4067582802614583
1984.4202600958247,0.30180640014576327
1984.422997946612,0.16916095971763298
1984.425735797399,0.01489305715027944
1984.4284736481861,-0.1532952056260871
1984.4312114989732,-0.31013417307206015
1984.4339493497605,-0.41285503645659277
1984.4366872005476,-0.42140953007925824
1984.4394250513346,-0.32449198621962205
1984.442162902122,-0.15050833956589943
1984.444900752909,0.045566494023220036
1984.447638603696,0.2090398256855851
1984.4503764544831,0.30610221409368155
1984.4531143052704,0.3263685990371249
1984.4558521560575,0.2725005177277568
1984.4585900068446,0.15156589244765453
1984.4613278576317,-0.022863320912873797
1984.464065708419,-0.2224278307764126
1984.466803559206,-0.4016633057900843
1984.469541409993,-0.5088593260278343
1984.4722792607804,-0.5057322513100379
1984.4750171115675,-0.3843513897600622
1984.4777549623545,-0.1720515625993315
1984.4804928131416,0.07719433042178746
1984.483230663929,0.3002985002289465
1984.485968514716,0.44490813367288146
1984.488706365503,0.4851973385315599
1984.4914442162901,0.4277413580164756
1984.4941820670774,0.30414343758509893
1984.4969199178645,0.15345470373432807
1984.4996577686516,0.004655503022555093
1984.5023956194386,-0.12937216518388567
1984.505133470226,-0.2433571611126716
1984.507871321013,-0.32592017374641086
1984.5106091718,-0.35497949940948564
1984.5133470225874,-0.30870405151293867
1984.5160848733744,-0.1839390756508029
1984.5188227241615,-0.006363465889836638
1984.5215605749486,0.17682845298957145
1984.5242984257359,0.31638071983684585
1984.527036276523,0.37839468733482856
1984.52977412731,0.3500350027711236
1984.532511978097,0.23586683846659234
1984.5352498288844,0.054063326802130815
1984.5379876796715,-0.1627569930027574
1984.5407255304585,-0.3669566761732697
1984.5434633812458,-0.5038819512069713
1984.546201232033,-0.5296997702601932
1984.54893908282,-0.43001642410314916
1984.551676933607,-0.2273328071719262
1984.5544147843943,0.02718161775840984
1984.5571526351814,0.27172656880328505
1984.5598904859685,0.45180763407506197
1984.5626283367556,0.5321996747567147
1984.5653661875428,0.502852792630951
1984.56810403833,0.37995061869746005
1984.570841889117,0.2009708878397673
1984.5735797399043,0.012444613886471376
1984.5763175906914,-0.14611426267183447
1984.5790554414784,-0.25355774521746416
1984.5817932922655,-0.30672453206544736
1984.5845311430528,-0.3100962262497172
1984.5872689938399,-0.265547604017534
1984.590006844627,-0.17167138869521384
1984.592744695414,-0.03275578302203188
1984.5954825462013,0.1317725936394521
1984.5982203969884,0.2869724826900555
1984.6009582477755,0.3923811784773107
1984.6036960985625,0.4155411262835685
1984.6064339493498,0.3416532110389672
1984.609171800137,0.17759575792962293
1984.611909650924,-0.047283729763773694
1984.6146475017113,-0.28313041701664576
1984.6173853524983,-0.46801478505544686
1984.6201232032854,-0.5455540528661156
1984.6228610540725,-0.48671382255620826
1984.6255989048598,-0.3036812410588373
1984.6283367556468,-0.04591730925567657
1984.631074606434,0.2199822619279291
1984.633812457221,0.43401603788681326
1984.6365503080083,0.5570965219807102
1984.6392881587954,0.572927304456031
1984.6420260095824,0.4844362995043699
1984.6447638603695,0.31225380713852857
1984.6475017111568,0.09470547319682837
1984.6502395619439,-0.11759122202582835
1984.652977412731,-0.2762078254610253
1984.6557152635182,-0.35230021674897893
1984.6584531143053,-0.345098934390289
1984.6611909650924,-0.27514548214110757
1984.6639288158794,-0.16801519947223154
1984.6666666666667,-0.04154424572506153
1984.6694045174538,0.09466475032263504
1984.6721423682409,0.2299767848036675
1984.674880219028,0.3439974762947171
1984.6776180698153,0.40691033678409727
1984.6803559206023,0.3894512829443592
1984.6830937713894,0.27673306700263783
1984.6858316221767,0.07923645683142812
1984.6885694729638,-0.16349201852637302
1984.6913073237508,-0.3890929086270029
1984.694045174538,-0.529512835575156
1984.6967830253252,-0.5354386280160932
1984.6995208761123,-0.3979441325155254
1984.7022587268993,-0.15464277083890612
1984.7049965776864,0.12549139518673882
1984.7077344284737,0.3708490005410539
1984.7104722792608,0.5321526526228654
1984.7132101300479,0.5901398748206802
1984.7159479808352,0.5470473331692798
1984.7186858316222,0.4153135620283849
1984.7214236824093,0.2155398523443378
1984.7241615331964,-0.017477996958236715
1984.7268993839837,-0.23316204642087524
1984.7296372347707,-0.3779675521333555
1984.7323750855578,-0.4181577915781086
1984.7351129363449,-0.3561332313089128
1984.7378507871322,-0.22672332357610953
1984.7405886379192,-0.07552052301684746
1984.7433264887063,0.06439631064991402
1984.7460643394934,0.18086084706382247
1984.7488021902807,0.27302880575092675
1984.7515400410678,0.33517696106893974
1984.7542778918548,0.34893608399404863
1984.7570157426421,0.2906267373123139
1984.7597535934292,0.14849229828560698
1984.7624914442163,-0.06170118210774377
1984.7652292950033,-0.29263640729684315
1984.7679671457906,-0.4768051573179122
1984.7707049965777,-0.5501771121636104
1984.7734428473648,-0.4790224614789785
1984.7761806981518,-0.2770994576280141
1984.7789185489391,-0.002573050062274336
1984.7816563997262,0.26607558518912705
1984.7843942505133,0.46264366419698316
1984.7871321013006,0.555233644048263
1984.7898699520877,0.5459590046131754
1984.7926078028747,0.4535894940268555
1984.7953456536618,0.2970037451166783
1984.798083504449,0.09386812624564608
1984.8008213552362,-0.12784953467311283
1984.8035592060232,-0.32229916946226705
1984.8062970568103,-0.4365341872952816
1984.8090349075976,-0.4364884653749085
1984.8117727583847,-0.3285844675731817
1984.8145106091717,-0.158248962611622
1984.817248459959,0.015306389796244749
1984.8199863107461,0.14948262401837203
1984.8227241615332,0.23202263004883697
1984.8254620123203,0.27109283522135436
1984.8281998631076,0.27399330509955433
1984.8309377138946,0.23407902680529238
1984.8336755646817,0.13635746447326635
1984.8364134154688,-0.023789008846767296
1984.839151266256,-0.22397321996955744
1984.8418891170431,-0.4131598473126018
1984.8446269678302,-0.5277859680830095
1984.8473648186173,-0.5182460356752481
1984.8501026694046,-0.37293141897194343
1984.8528405201916,-0.12744601582793938
1984.8555783709787,0.1473318986002011
1984.858316221766,0.3741935499859706
1984.861054072553,0.5009207348442313
1984.8637919233402,0.5163420041900847
1984.8665297741272,0.44265313942496715
1984.8692676249145,0.31222389517691085
1984.8720054757016,0.14836886723975856
1984.8747433264887,-0.03519671182343853
1984.8774811772757,-0.21941194882894796
1984.880219028063,-0.3680142412492222
1984.88295687885,-0.4354315607660733
1984.8856947296372,-0.39256688529223005
1984.8884325804243,-0.250224544407227
1984.8911704312115,-0.059178636881452217
1984.8939082819986,0.11567641356931925
1984.8966461327857,0.22833738104116416
1984.899383983573,0.26792287060673725
1984.90212183436,0.24920631391097642
1984.9048596851471,0.18973804529529786
1984.9075975359342,0.09473720705826494
1984.9103353867215,-0.038662453211008294
1984.9130732375086,-0.20409624292076955
1984.9158110882956,-0.3723330960824471
1984.9185489390827,-0.49408278851023574
1984.92128678987,-0.5191780450751546
1984.924024640657,-0.42117356761290914
1984.9267624914442,-0.21375146795992198
1984.9295003422314,0.049957662314506754
1984.9322381930185,0.29590572867714676
1984.9349760438056,0.4579072906081812
1984.9377138945927,0.5031155085534929
1984.94045174538,0.44076780912659363
1984.943189596167,0.3094374799509643
1984.945927446954,0.15177272077236853
1984.9486652977412,-0.005293691224691685
1984.9514031485285,-0.1513834442958437
1984.9541409993155,-0.2772929437535063
1984.9568788501026,-0.36077268559284176
1984.95961670089,-0.37018325343749886
1984.962354551677,-0.2861232689623535
1984.965092402464,-0.12313204196757595
1984.9678302532511,0.06884646350673171
1984.9705681040384,0.22734677924955604
1984.9733059548255,0.3082698061039263
1984.9760438056126,0.3022366664435962
1984.9787816563996,0.2271265046399631
1984.981519507187,0.10754013695847331
1984.984257357974,-0.039363482110924344
1984.986995208761,-0.20135116040321518
1984.9897330595481,-0.3585471634236588
1984.9924709103354,-0.47633258643936327
1984.9952087611225,-0.513397159887826
1984.9979466119096,-0.4411248670720912
1985.0006844626969,-0.2615558595302293
1985.003422313484,-0.012655560622285907
1985.006160164271,0.24215721690446537
1985.008898015058,0.4354227036235819
1985.0116358658454,0.5192535651026378
1985.0143737166325,0.48177146585318603
1985.0171115674195,0.3489894803584363
1985.0198494182066,0.17043344733183166
1985.022587268994,-0.004410071102584216
1985.025325119781,-0.14506275693842713
1985.028062970568,-0.24297236313727938
1985.0308008213553,-0.2988669389347321
1985.0335386721424,-0.30780357552588433
1985.0362765229295,-0.25703249181848603
1985.0390143737166,-0.13978082029780134
1985.0417522245039,0.02760242597236454
1985.044490075291,0.2023099535612056
1985.047227926078,0.33136938716619563
1985.049965776865,0.37634590137612045
1985.0527036276524,0.32835212537155367
1985.0554414784394,0.20458726349478024
1985.0581793292265,0.0336667449347385
1985.0609171800138,-0.15557681379063953
1985.0636550308009,-0.33436642831284397
1985.066392881588,-0.46917562297689774
1985.069130732375,-0.5233444015926737
1985.0718685831623,-0.4696053683421152
1985.0746064339494,-0.30619564118536724
1985.0773442847365,-0.06438451687936596
1985.0800821355235,0.1987959813288012
1985.0828199863108,0.4187210222584462
1985.085557837098,0.5430819997523106
1985.088295687885,0.5462909173625308
1985.091033538672,0.4355027677888141
1985.0937713894593,0.24751723246888196
1985.0965092402464,0.036486909889316556
1985.0992470910335,-0.14482124122184067
1985.1019849418208,-0.26252669417858765
1985.1047227926078,-0.3084645608540777
1985.107460643395,-0.2928228944623586
1985.110198494182,-0.2295283818519542
1985.1129363449693,-0.1269935994035052
1985.1156741957564,0.008531370697467136
1985.1184120465434,0.16195186625442118
1985.1211498973305,0.3031752032537479
1985.1238877481178,0.39390120860900096
1985.1266255989049,0.4034616310978152
1985.129363449692,0.3220311670620378
1985.132101300479,0.1630218081979019
1985.1348391512663,-0.043394347016826776
1985.1375770020534,-0.2578023071421369
1985.1403148528404,-0.4359592533456334
1985.1430527036277,-0.5336197018923764
1985.1457905544148,-0.5170910363102011
1985.148528405202,-0.3780092815254824
1985.151266255989,-0.1428404639363525
1985.1540041067763,0.13202418121626663
1985.1567419575633,0.37908575560479185
1985.1594798083504,0.5420093273302912
1985.1622176591375,0.5899063582726359
1985.1649555099248,0.5201676686139663
1985.1676933607118,0.35452257905006945
1985.170431211499,0.1335886608788528
1985.1731690622862,-0.09021773746647896
1985.1759069130733,-0.2646305903319159
1985.1786447638603,-0.3534095546633199
1985.1813826146474,-0.3482580944613555
1985.1841204654347,-0.268077907433821
1985.1868583162218,-0.1451511634160873
1985.1895961670089,-0.008174530202690638
1985.192334017796,0.12572243646806697
1985.1950718685832,0.24627218272555074
1985.1978097193703,0.34010500870671573
1985.2005475701574,0.3865014572204845
1985.2032854209447,0.3634371118888796
1985.2060232717317,0.2592996349011841
1985.2087611225188,0.0821729879853505
1985.2114989733059,-0.13787408716491112
1985.2142368240932,-0.35319713932005414
1985.2169746748802,-0.5082182733562599
1985.2197125256673,-0.5539650622182712
1985.2224503764544,-0.46567240286065825
1985.2251882272417,-0.25662448501145996
1985.2279260780288,0.02135539968018891
1985.2306639288158,0.29496005647486084
1985.233401779603,0.4966175002595593
1985.2361396303902,0.5866057358225082
1985.2388774811773,0.5587377706628214
1985.2416153319643,0.431297998619272
1985.2443531827516,0.2350328992312103
1985.2470910335387,0.007900163621260503
1985.2498288843258,-0.20500692158565093
1985.2525667351129,-0.35593372817430996
1985.2553045859001,-0.40867309179958755
1985.2580424366872,-0.3555685509885976
1985.2607802874743,-0.22326633057056333
1985.2635181382614,-0.05975061006572265
1985.2662559890487,0.08978940666998442
1985.2689938398357,0.20128012603951045
1985.2717316906228,0.2723488202444977
1985.27446954141,0.3080538896383606
1985.2772073921972,0.30587606445927557
1985.2799452429842,0.25275208567977536
1985.2826830937713,0.13587798070623397
1985.2854209445586,-0.04145186646079549
1985.2881587953457,-0.25013986910937874
1985.2908966461328,-0.43810042429449425
1985.2936344969198,-0.5453873911488468
1985.2963723477071,-0.5264946314506596
1985.2991101984942,-0.3713470696588941
1985.3018480492813,-0.1148392349072467
1985.3045859000686,0.1725092742542569
1985.3073237508556,0.41119009028674114
1985.3100616016427,0.5437235931069568
1985.3127994524298,0.5526762353969293
1985.315537303217,0.45657644093304556
1985.3182751540041,0.29061515123565285
1985.3210130047912,0.08927972755138758
1985.3237508555783,-0.11694503196557018
1985.3264887063656,-0.2944822904772859
1985.3292265571527,-0.40412950723337
1985.3319644079397,-0.41331335929414786
1985.3347022587268,-0.31680183485006175
1985.337440109514,-0.14755173879338115
1985.3401779603012,0.03537698858679282
1985.3429158110882,0.17622275873998972
1985.3456536618755,0.2484984317989844
1985.3483915126626,0.2592145097162857
1985.3511293634497,0.23079807715603798
1985.3538672142367,0.17749224597801805
1985.356605065024,0.09549247747458589
1985.359342915811,-0.02683772018468009
1985.3620807665982,-0.18850137460862235
1985.3648186173853,-0.36172314033058056
1985.3675564681726,-0.4950328913932143
1985.3702943189596,-0.5329268798702247
1985.3730321697467,-0.4421701689460357
1985.3757700205338,-0.23155027012634383
1985.378507871321,0.04557912300178851
1985.3812457221081,0.3093891822274011
1985.3839835728952,0.48539908355606487
1985.3867214236825,0.5342100901711079
1985.3894592744696,0.4626742185133487
1985.3921971252566,0.3109176269849787
1985.3949349760437,0.1260272410623307
1985.397672826831,-0.05783152316127352
1985.400410677618,-0.22023111120381228
1985.4031485284052,-0.341636823661112
1985.4058863791922,-0.3951093517129396
1985.4086242299795,-0.3558396533892549
1985.4113620807666,-0.2230147182734544
1985.4140999315537,-0.0335803457279434
1985.416837782341,0.14857330408461852
1985.419575633128,0.2641099029084163
1985.422313483915,0.28805790503627077
1985.4250513347022,0.23601379287428162
1985.4277891854895,0.14397418684627536
1985.4305270362765,0.03987360863174745
1985.4332648870636,-0.07035876968711775
1985.4360027378507,-0.1934886155952826
1985.438740588638,-0.3271940862087967
1985.441478439425,-0.4453753022521673
1985.4442162902121,-0.5030384821045182
1985.4469541409994,-0.45824538282923444
1985.4496919917865,-0.29752426662050807
1985.4524298425736,-0.049834725908832374
1985.4551676933606,0.21916452228244826
1985.457905544148,0.43102891449966535
1985.460643394935,0.5261447094204641
1985.463381245722,0.48763373412496025
1985.4661190965091,0.3446538469797882
1985.4688569472964,0.1532409412185652
1985.4715947980835,-0.032928520090363456
1985.4743326488706,-0.18254571474135944
1985.4770704996577,-0.28572416971033665
1985.479808350445,-0.3379349927114075
1985.482546201232,-0.3274795819004175
1985.485284052019,-0.2410331443732609
1985.4880219028064,-0.08344535963404882
1985.4907597535935,0.10788058887792434
1985.4934976043805,0.27151968105040525
1985.4962354551676,0.3515694953769258
1985.498973305955,0.3270978888950335
1985.501711156742,0.2191914643847748
1985.504449007529,0.07152218796994737
1985.5071868583161,-0.07838906602387263
1985.5099247091034,-0.21438573409898773
1985.5126625598905,-0.3343546484495526
1985.5154004106776,-0.43119016783475655
1985.5181382614649,-0.48141651216043724
1985.520876112252,-0.45249808115260964
1985.523613963039,-0.3238023746094014
1985.526351813826,-0.10606521212001822
1985.5290896646134,0.1538743050699729
1985.5318275154004,0.38655510510410934
1985.5345653661875,0.5253622648100883
1985.5373032169746,0.5325609479864387
1985.5400410677619,0.4141853054432559
1985.542778918549,0.21627297877596272
1985.545516769336,0.0034454968506917056
1985.5482546201233,-0.16909994160039213
1985.5509924709104,-0.27413692266709977
1985.5537303216975,-0.31133902888004866
1985.5564681724845,-0.2909401625856304
1985.5592060232718,-0.2183591105880084
1985.561943874059,-0.09418004987479447
1985.564681724846,0.07129936079802482
1985.567419575633,0.2448883221406787
1985.5701574264203,0.3751395742956311
1985.5728952772074,0.4156764996918729
1985.5756331279945,0.3504955812895312
1985.5783709787815,0.20151578325510172
1985.5811088295688,0.013283139656207723
1985.583846680356,-0.17152434330823252
1985.586584531143,-0.3264039917852327
1985.5893223819303,-0.43736084377596424
1985.5920602327174,-0.4905396280413216
1985.5947980835044,-0.46702822605597827
1985.5975359342915,-0.35200960277864146
1985.6002737850788,-0.1510162562767311
1985.6030116358659,0.10070975569767818
1985.605749486653,0.3442676787510704
1985.60848733744,0.5160452472414332
1985.6112251882273,0.5699564458077172
1985.6139630390144,0.4935333040638412
1985.6167008898015,0.31244367057143313
1985.6194387405885,0.08192845823423571
1985.6221765913758,-0.13262818387452868
1985.624914442163,-0.2789949905854858
1985.62765229295,-0.3344649912050351
1985.6303901437373,-0.3066313259376235
1985.6331279945243,-0.21941504616588167
1985.6358658453114,-0.09581417551518898
1985.6386036960985,0.049148973516808
1985.6413415468858,0.20158960457637806
1985.6440793976728,0.3377419416322777
1985.64681724846,0.4228138375395144
1985.649555099247,0.4244302309530664
1985.6522929500343,0.33107930610676667
1985.6550308008214,0.16055202757444484
1985.6577686516084,-0.04800851995109548
1985.6605065023957,-0.25085247407442923
1985.6632443531828,-0.4118682858534898
1985.6659822039699,-0.5043556979894249
1985.668720054757,-0.5081607853634587
1985.6714579055442,-0.4118312006419484
1985.6741957563313,-0.22188253148522166
1985.6769336071184,0.029038331919292608
1985.6796714579054,0.2852572183133075
1985.6824093086927,0.48424116551103474
1985.6851471594798,0.5774630095080936
1985.6878850102669,0.545084472872634
1985.6906228610542,0.39954285105218107
1985.6933607118413,0.18022464713137443
1985.6960985626283,-0.05683859175499435
1985.6988364134154,-0.2527319474686223
1985.7015742642027,-0.36193091512672787
1985.7043121149898,-0.36646659204125637
1985.7070499657768,-0.28020871170176653
1985.709787816564,-0.13906001569063242
1985.7125256673512,0.01760684191564341
1985.7152635181383,0.16190051202555786
1985.7180013689253,0.2794750972675231
1985.7207392197124,0.3607305526030555
1985.7234770704997,0.3922803257959121
1985.7262149212868,0.35821254042278045
1985.7289527720739,0.2504155595639741
1985.7316906228612,0.07868293934487756
1985.7344284736482,-0.12772223418869072
1985.7371663244353,-0.32727155728828444
1985.7399041752224,-0.4762737979493257
1985.7426420260097,-0.5373938519369861
1985.7453798767967,-0.48728442419895424
1985.7481177275838,-0.325283190077107
1985.7508555783709,-0.08035265890368673
1985.7535934291582,0.19108062829090613
1985.7563312799452,0.4207007331919536
1985.7590691307323,0.5518580715529451
1985.7618069815196,0.5583409485394961
1985.7645448323067,0.44854510651385204
1985.7672826830938,0.25618850946668553
1985.7700205338808,0.0272052390760872
1985.7727583846681,-0.189270351666792
1985.7754962354552,-0.3466066933458773
1985.7782340862423,-0.4089657315881406
1985.7809719370293,-0.3635392262163595
1985.7837097878166,-0.2291499162421161
1985.7864476386037,-0.051327904482215386
1985.7891854893908,0.11717844553544185
1985.791923340178,0.23904942861673786
1985.7946611909651,0.3030443834584563
1985.7973990417522,0.31683326547231
1985.8001368925393,0.29038224518446165
1985.8028747433266,0.2246387539463028
1985.8056125941137,0.11394422544225831
1985.8083504449007,-0.041555102363733144
1985.8110882956878,-0.22436739862259136
1985.813826146475,-0.3975540222602276
1985.8165639972622,-0.5134169529123302
1985.8193018480492,-0.5290036013865552
1985.8220396988363,-0.4230180863781806
1985.8247775496236,-0.2084781103717015
1985.8275154004107,0.0651523667528776
1985.8302532511977,0.32490397694409784
1985.832991101985,0.49993634756623756
1985.8357289527721,0.5483024136933388
1985.8384668035592,0.47006799013530964
1985.8412046543463,0.29999305370406304
1985.8439425051336,0.08715046028271387
1985.8466803559206,-0.12298891571321982
1985.8494182067077,-0.29402162434491536
1985.8521560574948,-0.39552741520479723
1985.854893908282,-0.40361966644198255
1985.8576317590691,-0.31141636295997566
1985.8603696098562,-0.14163290519669627
1985.8631074606435,0.05373867453183484
1985.8658453114306,0.21327785901699223
1985.8685831622176,0.2949322857713586
1985.8713210130047,0.29353325212863945
1985.874058863792,0.2344925098390367
1985.876796714579,0.14982503339242978
1985.8795345653662,0.05592964777698105
1985.8822724161532,-0.05053626565811255
1985.8850102669405,-0.17795644204258776
1985.8877481177276,-0.3197952016652838
1985.8904859685147,-0.44529199299963196
1985.8932238193017,-0.5077769339648096
1985.895961670089,-0.46595830944217376
1985.898699520876,-0.30681783246281047
1985.9014373716632,-0.058519717653708225
1985.9041752224505,0.214048276384044
1985.9069130732375,0.4314015974383317
1985.9096509240246,0.530771386016308
1985.9123887748117,0.4913670440855738
1985.915126625599,0.3395401885229223
1985.917864476386,0.13118271314607582
1985.9206023271731,-0.07630276951583348
1985.9233401779602,-0.24359359753448323
1985.9260780287475,-0.35036118891604123
1985.9288158795346,-0.38430983968447396
1985.9315537303216,-0.33505331401035854
1985.934291581109,-0.20254447051078697
1985.937029431896,-0.012231351509514167
1985.939767282683,0.1815796471138035
1985.9425051334701,0.3148469441923063
1985.9452429842574,0.345869962089262
1985.9479808350445,0.2769597806132099
1985.9507186858316,0.14857056704673452
1985.9534565366187,0.010301614015589506
1985.956194387406,-0.10875667639100817
1985.958932238193,-0.208671492893008
1985.96167008898,-0.30269063962633813
1985.9644079397672,-0.3922694474310998
1985.9671457905545,-0.453936949021607
1985.9698836413415,-0.4480410556009081
1985.9726214921286,-0.34314139252894904
1985.975359342916,-0.14014539839318244
1985.978097193703,0.11843292997228763
1985.98083504449,0.3600097490253621
1985.9835728952771,0.5097676672378924
1985.9863107460644,0.5221549923926301
1985.9890485968515,0.40040630239005953
1985.9917864476386,0.1932073910970296
1985.9945242984256,-0.030065839039422955
1985.997262149213,-0.2106599627265872
1986.0,-0.3190817925477037
1986.002737850787,-0.35185739170178537
1986.0054757015744,-0.31486469243397824
1986.0082135523614,-0.21195184688008076
1986.0109514031485,-0.05048989764489981
1986.0136892539356,0.14309739983461037
1986.0164271047229,0.3173596328487789
1986.01916495551,0.4124447465064061
1986.021902806297,0.39160101062230207
1986.024640657084,0.26391265412718057
1986.0273785078714,0.07914789963359593
1986.0301163586585,-0.10248954898879267
1986.0328542094455,-0.2428294626805797
1986.0355920602328,-0.3368425608506993
1986.03832991102,-0.3974167657253175
1986.041067761807,-0.429985790607612
1986.043805612594,-0.41934012350042743
1986.0465434633813,-0.3389068273535189
1986.0492813141684,-0.17445840915073946
1986.0520191649555,0.05570130949590806
1986.0547570157426,0.29823968991334243
1986.0574948665299,0.4822919360712817
1986.060232717317,0.5482339956143859
1986.062970568104,0.4738459368199824
1986.065708418891,0.28516924348917705
1986.0684462696784,0.04597714306264004
1986.0711841204654,-0.16975189687305683
1986.0739219712525,-0.3079993055832278
1986.0766598220398,-0.35069780192390587
1986.0793976728269,-0.30989231492501623
1986.082135523614,-0.20818562777688449
1986.084873374401,-0.06343836422141674
1986.0876112251883,0.10982640922710234
1986.0903490759754,0.2869324353799294
1986.0930869267625,0.425249628532151
1986.0958247775495,0.47595023835527517
1986.0985626283368,0.4107063090969248
1986.101300479124,0.24265301174271786
1986.104038329911,0.023041175355094028
1986.1067761806983,-0.18567111698283306
1986.1095140314853,-0.3402290079567133
1986.1122518822724,-0.4285267326693067
1986.1149897330595,-0.45784472588678937
1986.1177275838468,-0.43391209446634665
1986.1204654346338,-0.35088215151948754
1986.123203285421,-0.2003345982836707
1986.125941136208,0.009909615112769101
1986.1286789869953,0.2440569943086768
1986.1314168377824,0.44413065805769053
1986.1341546885694,0.5507917728162398
1986.1368925393565,0.5278647310203269
1986.1396303901438,0.3786640680178404
1986.1423682409309,0.14708814326762204
1986.145106091718,-0.0973025291564736
1986.1478439425052,-0.284803933617956
1986.1505817932923,-0.37085493611490167
1986.1533196440794,-0.3487445569207875
1986.1560574948664,-0.24337300492020833
1986.1587953456537,-0.09160748852314338
1986.1615331964408,0.07593061237909116
1986.1642710472279,0.23898598232188178
1986.167008898015,0.3782824898250635
1986.1697467488023,0.4661486313793036
1986.1724845995893,0.47082101073057236
1986.1752224503764,0.37448553691873465
1986.1779603011637,0.19038203442173993
1986.1806981519508,-0.037092031921045134
1986.1834360027378,-0.25145246653721365
1986.186173853525,-0.4083064906420729
1986.1889117043122,-0.487244760936431
1986.1916495550993,-0.4863013663929404
1986.1943874058863,-0.40940258415516423
1986.1971252566734,-0.2613888340071367
1986.1998631074607,-0.05509392512597392
1986.2026009582478,0.17849818295442008
1986.2053388090349,0.389798002817069
1986.208076659822,0.5242310428018098
1986.2108145106092,0.542715460002177
1986.2135523613963,0.4373481886352194
1986.2162902121834,0.23522510906429664
1986.2190280629707,-0.009448351300503515
1986.2217659137577,-0.23106464764725
1986.2245037645448,-0.37190582859000615
1986.2272416153319,-0.4000502318985122
1986.2299794661192,-0.3190426351947047
1986.2327173169062,-0.16345864403830518
1986.2354551676933,0.01859763608893228
1986.2381930184804,0.18597450315191705
1986.2409308692677,0.31515716431520485
1986.2436687200548,0.39625899054951186
1986.2464065708418,0.42184276665041004
1986.2491444216291,0.38159128882399446
1986.2518822724162,0.26896738870859405
1986.2546201232033,0.09338335764031926
1986.2573579739903,-0.11456401659176539
1986.2600958247776,-0.3109309391183405
1986.2628336755647,-0.4536931512664449
1986.2655715263518,-0.5144411532054705
1986.2683093771388,-0.48113864005904555
1986.2710472279261,-0.3561051706979478
1986.2737850787132,-0.15621701792571807
1986.2765229295003,0.0840296405423785
1986.2792607802876,0.31349201667133997
1986.2819986310747,0.4757156089219788
1986.2847364818617,0.5280532623421776
1986.2874743326488,0.45788118533317207
1986.290212183436,0.2863647424421173
1986.2929500342232,0.05934594285266157
1986.2956878850102,-0.16722347932095666
1986.2984257357973,-0.34022019658063396
1986.3011635865846,-0.4195171254857527
1986.3039014373717,-0.3874531551323669
1986.3066392881587,-0.25622676239870035
1986.3093771389458,-0.06690702379230305
1986.3121149897331,0.1245370987593245
1986.3148528405202,0.2694988039363254
1986.3175906913073,0.3442450078261011
1986.3203285420946,0.3515620821932251
1986.3230663928816,0.3073788534329892
1986.3258042436687,0.22472636267761725
1986.3285420944558,0.10799551754271386
1986.331279945243,-0.03990491056424564
1986.3340177960301,-0.20610945872265388
1986.3367556468172,-0.36294240651676607
1986.3394934976043,-0.4735321644099457
1986.3422313483916,-0.503686239486628
1986.3449691991786,-0.43368023460904404
1986.3477070499657,-0.266606542619161
1986.350444900753,-0.03220895614943285
1986.35318275154,0.21600883685408956
1986.3559206023272,0.4134320955856216
1986.3586584531142,0.5055492057009683
1986.3613963039015,0.4689218009919901
1986.3641341546886,0.31986871135825157
1986.3668720054757,0.105373025293385
1986.3696098562627,-0.11718315484970925
1986.37234770705,-0.29807796114495466
1986.375085557837,-0.4027058039958534
1986.3778234086242,-0.41147877733307847
1986.3805612594115,-0.3211272782130434
1986.3832991101985,-0.15064382575439836
1986.3860369609856,0.05552578231191892
1986.3887748117727,0.23733884119568502
1986.39151266256,0.3425178942573715
1986.394250513347,0.3500573333821162
1986.3969883641341,0.2768557194016682
1986.3997262149212,0.16204799848693258
1986.4024640657085,0.04084998944716092
1986.4052019164956,-0.07264322761664906
1986.4079397672826,-0.1826299315135974
1986.4106776180697,-0.29404644954480597
1986.413415468857,-0.39593008781032263
1986.416153319644,-0.45855883826805255
1986.4188911704312,-0.44599362771768514
1986.4216290212185,-0.3358920444359674
1986.4243668720055,-0.13577244801017616
1986.4271047227926,0.11221154965107608
1986.4298425735797,0.3412384663286725
1986.432580424367,0.4824914474946612
1986.435318275154,0.49231326581877555
1986.438056125941,0.37092777300129914
1986.4407939767282,0.16174728615805328
1986.4435318275155,-0.0691727361248396
1986.4462696783025,-0.26102545950697514
1986.4490075290896,-0.37649759613960726
1986.4517453798767,-0.4024081049856598
1986.454483230664,-0.33997103764055936
1986.457221081451,-0.19913209358800574
1986.4599589322381,-0.00355520098617039
1986.4626967830254,0.20225643983006092
1986.4654346338125,0.3586470207956654
1986.4681724845996,0.4140397530460974
1986.4709103353866,0.35241456170479557
1986.473648186174,0.2035840111827407
1986.476386036961,0.02587244085196247
1986.479123887748,-0.1276451448494287
1986.4818617385351,-0.2350387480940517
1986.4845995893224,-0.3059827063327867
1986.4873374401095,-0.3596161488574661
1986.4900752908966,-0.3992796314523664
1986.4928131416839,-0.40379888176715656
1986.495550992471,-0.34083012044476874
1986.498288843258,-0.19193834079646593
1986.501026694045,0.027393087579878142
1986.5037645448324,0.2650615897170006
1986.5065023956195,0.44916305999724776
1986.5092402464065,0.5170158419443122
1986.5119780971936,0.4431056437751562
1986.514715947981,0.251943118988017
1986.517453798768,0.008032612148375806
1986.520191649555,-0.21265818291152103
1986.5229295003423,-0.3537131543737301
1986.5256673511294,-0.3939641264170963
1986.5284052019165,-0.341529006860951
1986.5311430527036,-0.21647113736136037
1986.5338809034909,-0.039787736694562245
1986.536618754278,0.16265293405838588
1986.539356605065,0.3501174468850882
1986.542094455852,0.46861911822478897
1986.5448323066394,0.4720450065755455
1986.5475701574264,0.35057215204903863
1986.5503080082135,0.14296277650983077
1986.5530458590006,-0.08082128636678591
1986.5557837097879,-0.2567753182324308
1986.558521560575,-0.3573905182044239
1986.561259411362,-0.3944242895017632
1986.5639972621493,-0.395069208293071
1986.5667351129364,-0.37282692402407047
1986.5694729637235,-0.3162000035694002
1986.5722108145105,-0.2022601166717385
1986.5749486652978,-0.022871399673275505
1986.577686516085,0.19648940545812496
1986.580424366872,0.39854447679963045
1986.583162217659,0.5160886723920971
1986.5859000684463,0.5022912806839767
1986.5886379192334,0.35412068672805913
1986.5913757700205,0.11699550437814206
1986.5941136208078,-0.13264386247153265
1986.5968514715948,-0.31902818815305456
1986.599589322382,-0.39662099661782574
1986.602327173169,-0.36159109723948213
1986.6050650239563,-0.24083233065270432
1986.6078028747434,-0.06985802432412719
1986.6105407255304,0.1220287818484916
1986.6132785763175,0.30955880583415024
1986.6160164271048,0.46014777865397644
1986.6187542778919,0.5313707777470945
1986.621492128679,0.48735672142152675
1986.6242299794662,0.3245589007452628
1986.6269678302533,0.08457116393320864
1986.6297056810404,-0.16087518464706163
1986.6324435318274,-0.3452172713188941
1986.6351813826147,-0.4377202440863252
1986.6379192334018,-0.4479943596574354
1986.640657084189,-0.40426404986771103
1986.643394934976,-0.32572955333940345
1986.6461327857633,-0.21168443479514745
1986.6488706365503,-0.05388163983999039
1986.6516084873374,0.14082782739659816
1986.6543463381245,0.3374424633216836
1986.6570841889118,0.4802777900707483
1986.6598220396988,0.5167119228275702
1986.662559890486,0.423239884686204
1986.6652977412732,0.21997578142196783
1986.6680355920603,-0.03350346640260272
1986.6707734428473,-0.25954790491316676
1986.6735112936344,-0.3920713374099108
1986.6762491444217,-0.400844754406236
1986.6789869952088,-0.29831955674592564
1986.6817248459959,-0.12611384282537455
1986.684462696783,0.0688718435561601
1986.6872005475702,0.2519759322153926
1986.6899383983573,0.40149571326524225
1986.6926762491444,0.497562548223707
1986.6954140999314,0.5151434490290175
1986.6981519507187,0.4328222086577532
1986.7008898015058,0.2524320241024351
1986.7036276522929,0.011331999331872539
1986.7063655030802,-0.22732168646978906
1986.7091033538672,-0.402727723116716
1986.7118412046543,-0.4831223300653065
1986.7145790554414,-0.4720397633848944
1986.7173169062287,-0.3926185440135225
1986.7200547570158,-0.26623366440910284
1986.7227926078028,-0.1040618596691805
1986.72553045859,0.08384674521408278
1986.7282683093772,0.2738975464941111
1986.7310061601643,0.42485463343126406
1986.7337440109513,0.49044798523303423
1986.7364818617386,0.4409752586278125
1986.7392197125257,0.28021378603544017
1986.7419575633128,0.04835913256264178
1986.7446954140999,-0.18973797870913248
1986.7474332648871,-0.3657224309059624
1986.7501711156742,-0.43068529774595515
1986.7529089664613,-0.3717201347045618
1986.7556468172484,-0.21479667436161387
1986.7583846680357,-0.01149890285751869
1986.7611225188227,0.18403855595837013
1986.7638603696098,0.3346769012308065
1986.766598220397,0.4250799436176086
1986.7693360711842,0.4521060738022662
1986.7720739219712,0.41285607534836993
1986.7748117727583,0.30333897088763273
1986.7775496235456,0.1292472442394457
1986.7802874743327,-0.08279769417002356
1986.7830253251198,-0.28701718163673134
1986.7857631759068,-0.43518572605207184
1986.7885010266941,-0.4964239663646416
1986.7912388774812,-0.4656641455574984
1986.7939767282683,-0.35719472887370257
1986.7967145790553,-0.19275854915110113
1986.7994524298426,0.003826868223521436
1986.8021902806297,0.20319302134212652
1986.8049281314168,0.36679862882889175
1986.807665982204,0.4528763940107776
1986.8104038329911,0.43207985411308114
1986.8131416837782,0.3029091572348185
1986.8158795345653,0.09618965207434482
1986.8186173853526,-0.13397542084651842
1986.8213552361397,-0.3269193197180491
1986.8240930869267,-0.43223416496708866
1986.8268309377138,-0.4227897980251348
1986.829568788501,-0.3026548819445131
1986.8323066392882,-0.10746322350093622
1986.8350444900752,0.10610158261276484
1986.8377823408625,0.2806364542143938
1986.8405201916496,0.3791923585779803
1986.8432580424367,0.3949780122924109
1986.8459958932237,0.34407521392014
1986.848733744011,0.24823752784731806
1986.851471594798,0.12202006282571305
1986.8542094455852,-0.026700294854901878
1986.8569472963723,-0.18651232562779255
1986.8596851471596,-0.3345465997306152
1986.8624229979466,-0.4393827532541577
1986.8651608487337,-0.47267368252701913
1986.867898699521,-0.4204302115192734
1986.870636550308,-0.2874720946851821
1986.8733744010951,-0.09595409627526777
1986.8761122518822,0.11776249515217539
1986.8788501026695,0.30711301267803087
1986.8815879534566,0.4238125414428755
1986.8843258042436,0.43261236123214153
1986.8870636550307,0.32679804578555877
1986.889801505818,0.13427194247525048
1986.892539356605,-0.09143859944334241
1986.8952772073922,-0.2904420572618336
1986.8980150581792,-0.41469603011644923
1986.9007529089665,-0.43734666493022833
1986.9034907597536,-0.3544083612194093
1986.9062286105407,-0.1845815877350467
1986.908966461328,0.031223892167819452
1986.911704312115,0.23589734601216816
1986.914442162902,0.37253030640859075
1986.9171800136892,0.40674189194676563
1986.9199178644765,0.3413402352705655
1986.9226557152635,0.21166891673367388
1986.9253935660506,0.06347547237689719
1986.9281314168377,-0.07125620961746856
1986.930869267625,-0.18383390804956434
1986.933607118412,-0.2794436533336772
1986.9363449691991,-0.35935519716633124
1986.9390828199862,-0.41011426488456443
1986.9418206707735,-0.4073976480021074
1986.9445585215606,-0.3304564651108684
1986.9472963723476,-0.17710468430234375
1986.950034223135,0.028715174548324125
1986.952772073922,0.2396133856479688
1986.955509924709,0.39707597620596197
1986.9582477754961,0.45076603333659376
1986.9609856262834,0.3788471404730587
1986.9637234770705,0.19984525603739603
1986.9664613278576,-0.0321715461370339
1986.9691991786447,-0.2486454792522954
1986.971937029432,-0.39251087807515267
1986.974674880219,-0.43445712991997
1986.977412731006,-0.3731582557362352
1986.9801505817934,-0.22609203721746526
1986.9828884325805,-0.022793062176932274
1986.9856262833675,0.19508934480928866
1986.9883641341546,0.3744762371781377
1986.991101984942,0.46267117127807633
1986.993839835729,0.42992191045490225
1986.996577686516,0.2881579093814093
1986.9993155373031,0.08892896809201774
1987.0020533880904,-0.10235185674165347
1987.0047912388775,-0.23969885061456456
1987.0075290896646,-0.3143710568500492
1987.0102669404519,-0.34611963703938425
1987.013004791239,-0.35722207170776205
1987.015742642026,-0.3504915601070516
1987.018480492813,-0.30708962999711203
1987.0212183436004,-0.20378795703376804
1987.0239561943874,-0.036025382185107
1987.0266940451745,0.16878563849265316
1987.0294318959616,0.3555983171758687
1987.0321697467489,0.4617144689627129
1987.034907597536,0.4434482949264158
1987.037645448323,0.2975277431977988
1987.04038329911,0.06641436910536666
1987.0431211498974,-0.17694580837974375
1987.0458590006845,-0.35867431277951256
1987.0485968514715,-0.43223978329698814
1987.0513347022588,-0.3900670863574381
1987.054072553046,-0.2547962397591261
1987.056810403833,-0.06127655826677442
1987.05954825462,0.15476614669319025
1987.0622861054073,0.35541342027989004
1987.0650239561944,0.49600671877825897
1987.0677618069815,0.5319339985817455
1987.0704996577686,0.4398350974217377
1987.0732375085558,0.23862864240383963
1987.075975359343,-0.01010736674485515
1987.07871321013,-0.22907492020259512
1987.0814510609173,-0.36370412171745675
1987.0841889117044,-0.4053261975562866
1987.0869267624914,-0.38332683541316515
1987.0896646132785,-0.33446328873384124
1987.0924024640658,-0.27411286165304033
1987.0951403148529,-0.19044987808374192
1987.09787816564,-0.06325659125499704
1987.100616016427,0.1091077199772123
1987.1033538672143,0.29498792749991765
1987.1060917180014,0.43704816915881667
1987.1088295687885,0.47760740623979103
1987.1115674195757,0.3876720161966045
1987.1143052703628,0.18469682621201433
1987.11704312115,-0.07021914699285949
1987.119780971937,-0.29550914627214364
1987.1225188227243,-0.4221904355050143
1987.1252566735113,-0.41999947583648933
1987.1279945242984,-0.302903581278867
1987.1307323750855,-0.11314484659101068
1987.1334702258728,0.10259298889400412
1987.1362080766598,0.30723721378158636
1987.138945927447,0.4708353308103941
1987.141683778234,0.5615502076283855
1987.1444216290213,0.5469508116402492
1987.1471594798084,0.4115920524270273
1987.1498973305954,0.17790341350432143
1987.1526351813827,-0.09103923795052099
1987.1553730321698,-0.3162310588676088
1987.1581108829569,-0.4411746422331821
1987.160848733744,-0.4569203783952972
1987.1635865845312,-0.39589921817952817
1987.1663244353183,-0.30117235809567144
1987.1690622861054,-0.19625006650305735
1987.1718001368924,-0.07795598820907357
1987.1745379876797,0.06541399589094479
1987.1772758384668,0.228250802043548
1987.1800136892539,0.3757673234501591
1987.182751540041,0.4553742638969377
1987.1854893908283,0.423652285597579
1987.1882272416153,0.2721813221601918
1987.1909650924024,0.03774205299607127
1987.1937029431897,-0.20845897572919236
1987.1964407939768,-0.38781630081178015
1987.1991786447638,-0.4454146988389962
1987.201916495551,-0.37039542829571626
1987.2046543463382,-0.19537610688278045
1987.2073921971253,0.023817871580121927
1987.2101300479123,0.2345449594015836
1987.2128678986994,0.4027676135549494
1987.2156057494867,0.5102034811687736
1987.2183436002738,0.5420254212162686
1987.2210814510609,0.48205217673981393
1987.2238193018482,0.32404697467739185
1987.2265571526352,0.08983459130148963
1987.2292950034223,-0.16538701035336745
1987.2320328542094,-0.37170023296929433
1987.2347707049967,-0.4774515949096412
1987.2375085557837,-0.47283985034866116
1987.2402464065708,-0.38667712297299783
1987.2429842573579,-0.26053269868173534
1987.2457221081452,-0.12219689954396117
1987.2484599589322,0.02119464648383164
1987.2511978097193,0.16850406051715194
1987.2539356605066,0.3047845371529807
1987.2566735112937,0.3954502523366184
1987.2594113620808,0.40045744926643867
1987.2621492128678,0.2984034294986381
1987.2648870636551,0.10409734891977296
1987.2676249144422,-0.131105080613841
1987.2703627652293,-0.33617159752466474
1987.2731006160163,-0.44642166089047364
1987.2758384668036,-0.42775977707289015
1987.2785763175907,-0.2890622403738098
1987.2813141683778,-0.07681925205990284
1987.2840520191648,0.1460397559103371
1987.2867898699521,0.32615727889130913
1987.2895277207392,0.43584743738179943
1987.2922655715263,0.47117627095541825
1987.2950034223136,0.4376523182731527
1987.2977412731007,0.3387156003541529
1987.3004791238877,0.1782561458953735
1987.3032169746748,-0.026365710525133056
1987.305954825462,-0.23616796666984077
1987.3086926762492,-0.39962331184791267
1987.3114305270362,-0.47554597483543337
1987.3141683778233,-0.4527261014908427
1987.3169062286106,-0.35109185214699257
1987.3196440793977,-0.2050164519773159
1987.3223819301847,-0.044186352314239175
1987.325119780972,0.1125678533040969
1987.3278576317591,0.24907558786570824
1987.3305954825462,0.3418121660577166
1987.3333333333333,0.36148670513377557
1987.3360711841206,0.2877596494697267
1987.3388090349076,0.12604574351474296
1987.3415468856947,-0.08670289385772292
1987.3442847364818,-0.29178678834795446
1987.347022587269,-0.4285436951697584
1987.3497604380561,-0.4547200183961156
1987.3524982888432,-0.3603875695879761
1987.3552361396305,-0.17180286715740162
1987.3579739904176,0.056511408130677086
1987.3607118412046,0.26058110143928415
1987.3634496919917,0.3903679011972428
1987.366187542779,0.4263984143300566
1987.368925393566,0.38015116360609685
1987.3716632443532,0.2789837082919373
1987.3744010951402,0.14765940187152304
1987.3771389459275,0.000411036893616986
1987.3798767967146,-0.1526807718434106
1987.3826146475017,-0.29442410371228384
1987.3853524982887,-0.39764839542524855
1987.388090349076,-0.4350853595102054
1987.390828199863,-0.3937725404940976
1987.3935660506502,-0.2819071726941913
1987.3963039014375,-0.12399964380536782
1987.3990417522245,0.049105823006022675
1987.4017796030116,0.2063502009669489
1987.4045174537987,0.31709867087714183
1987.407255304586,0.3527324952297207
1987.409993155373,0.2949898671234252
1987.4127310061601,0.14816349649618155
1987.4154688569472,-0.05477925796395308
1987.4182067077345,-0.25949445131616733
1987.4209445585216,-0.4083968799710435
1987.4236824093086,-0.4595746410211502
1987.4264202600957,-0.3979324188094078
1987.429158110883,-0.23727424249203674
1987.43189596167,-0.01661816821829594
1987.4346338124572,0.20772427034957658
1987.4373716632444,0.3759833853276535
1987.4401095140315,0.44422279749301696
1987.4428473648186,0.4015401642691099
1987.4455852156057,0.27382585745994165
1987.448323066393,0.10908251847336463
1987.45106091718,-0.047512684605560504
1987.453798767967,-0.17225342289120948
1987.4565366187542,-0.2636267671867625
1987.4592744695415,-0.32794801860879463
1987.4620123203285,-0.3639833290265655
1987.4647501711156,-0.3592171022730644
1987.467488021903,-0.2990274359610672
1987.47022587269,-0.1798698544178718
1987.472963723477,-0.01679164772240521
1987.4757015742641,0.15784093467897045
1987.4784394250514,0.30176887504198796
1987.4811772758385,0.37341694371322814
1987.4839151266256,0.344551851253423
1987.4866529774126,0.21290423348713458
1987.4893908282,0.008777733821533466
1987.492128678987,-0.21108067848365308
1987.494866529774,-0.38266678204173377
1987.4976043805614,-0.4578258203247303
1987.5003422313484,-0.4187220478802491
1987.5030800821355,-0.2779009057958669
1987.5058179329226,-0.06903094029131454
1987.5085557837099,0.16227047614290993
1987.511293634497,0.3640517928528301
1987.514031485284,0.4852055896510765
1987.516769336071,0.4897992808715457
1987.5195071868584,0.37465371250301693
1987.5222450376455,0.1769037263739638
1987.5249828884325,-0.0391914518124398
1987.5277207392196,-0.21206468142734186
1987.530458590007,-0.3106991629348518
1987.533196440794,-0.34177600582072787
1987.535934291581,-0.33275794286240845
1987.5386721423683,-0.3055466936375574
1987.5414099931554,-0.2608825219231492
1987.5441478439425,-0.1832754571193211
1987.5468856947296,-0.06009117756136951
1987.5496235455169,0.1003689105583103
1987.552361396304,0.26373328845156513
1987.555099247091,0.3797059754984535
1987.557837097878,0.40192739821972473
1987.5605749486654,0.3088854967737671
1987.5633127994524,0.11719735251012325
1987.5660506502395,-0.11963476577661898
1987.5687885010268,-0.328931415516838
1987.5715263518139,-0.4464985318536312
1987.574264202601,-0.4405046955135169
1987.577002053388,-0.3188874826244214
1987.5797399041753,-0.11845257321284544
1987.5824777549624,0.11356848480871488
1987.5852156057495,0.3317006809330429
1987.5879534565365,0.49397491187045905
1987.5906913073238,0.5617897637661279
1987.593429158111,0.5087441083774116
1987.596167008898,0.33782019043147804
1987.5989048596853,0.09238968033251208
1987.6016427104723,-0.15437964947684246
1987.6043805612594,-0.33144947630357247
1987.6071184120465,-0.40380183749146814
1987.6098562628338,-0.3844292799652705
1987.6125941136208,-0.3161334850820454
1987.615331964408,-0.237747231032152
1987.618069815195,-0.1602984788082597
1987.6208076659823,-0.06911709842327343
1987.6235455167694,0.052891120967483204
1987.6262833675564,0.20036190523687447
1987.6290212183435,0.3373310713569985
1987.6317590691308,0.4108846577835038
1987.6344969199179,0.3777707245748142
1987.637234770705,0.22904329633721954
1987.6399726214922,0.00014303290868791438
1987.6427104722793,-0.23901040821938704
1987.6454483230664,-0.410447229632842
1987.6481861738534,-0.45937880922553204
1987.6509240246407,-0.3747315911620357
1987.6536618754278,-0.1883549170195674
1987.6563997262149,0.04489562727644028
1987.659137577002,0.27159298355232403
1987.6618754277893,0.45267696445099226
1987.6646132785763,0.5608260554521586
1987.6673511293634,0.5732592534900406
1987.6700889801505,0.4746099523528322
1987.6728268309378,0.27224047345966573
1987.6755646817248,0.009611666174537386
1987.678302532512,-0.24056250743395302
1987.6810403832992,-0.40661443270686354
1987.6837782340863,-0.4534599763957324
1987.6865160848733,-0.39738167739161806
1987.6892539356604,-0.28853707789331334
1987.6919917864477,-0.1747009873211234
1987.6947296372348,-0.07385327966899449
1987.6974674880219,0.025296089956961254
1987.700205338809,0.13876799299475734
1987.7029431895962,0.26059654210909516
1987.7056810403833,0.3552175349658802
1987.7084188911704,0.3742699628955541
1987.7111567419577,0.2858539074005743
1987.7138945927447,0.0976209883843828
1987.7166324435318,-0.13949658653558952
1987.7193702943189,-0.3488900978764276
1987.7221081451062,-0.45889219578372686
1987.7248459958932,-0.43217493570343013
1987.7275838466803,-0.2797598794091408
1987.7303216974674,-0.052574273655538774
1987.7330595482547,0.18417299321980288
1987.7357973990418,0.3779166798481938
1987.7385352498288,0.5008920549228737
1987.7412731006161,0.5437058659391211
1987.7440109514032,0.5020382260222256
1987.7467488021903,0.37306380506171716
1987.7494866529773,0.16688804593517254
1987.7522245037646,-0.07927733046693682
1987.7549623545517,-0.30305298765469524
1987.7577002053388,-0.44139121596761544
1987.7604380561258,-0.4629575646465336
1987.7631759069131,-0.3837087401466368
1987.7659137577002,-0.2526334995173024
1987.7686516084873,-0.11850461933065906
1987.7713894592744,-0.003536353756304289
1987.7741273100617,0.09709623444250072
1987.7768651608487,0.1931783711119343
1987.7796030116358,0.27604557953209047
1987.782340862423,0.31424081028549194
1987.7850787132102,0.27179190296665057
1987.7878165639972,0.13513996914640775
1987.7905544147843,-0.07026897800882884
1987.7932922655716,-0.28428471987863596
1987.7960301163587,-0.4346933539507107
1987.7987679671457,-0.4666736988613483
1987.8015058179328,-0.3655150212167637
1987.8042436687201,-0.1624433546435561
1987.8069815195072,0.0794068830488035
1987.8097193702943,0.29232463684208865
1987.8124572210816,0.430266185272688
1987.8151950718686,0.4796155979403156
1987.8179329226557,0.45041562585169737
1987.8206707734428,0.35838917286318406
1987.82340862423,0.2144617552083914
1987.8261464750171,0.030184697101289456
1987.8288843258042,-0.168960442725826
1987.8316221765913,-0.3395762286438907
1987.8343600273786,-0.4351800060909762
1987.8370978781657,-0.43113519823722757
1987.8398357289527,-0.339523172220185
1987.84257357974,-0.2007569233810634
1987.845311430527,-0.058322216937733026
1987.8480492813142,0.06283408001984776
1987.8507871321012,0.158101970879725
1987.8535249828885,0.22744220419538225
1987.8562628336756,0.25953403062468655
1987.8590006844627,0.23196594068950815
1987.8617385352497,0.12820204966041931
1987.864476386037,-0.04271365667221913
1987.867214236824,-0.23964294867533728
1987.8699520876112,-0.4014931489491999
1987.8726899383983,-0.4710262025124874
1987.8754277891856,-0.4180003198754412
1987.8781656399726,-0.25178686302378467
1987.8809034907597,-0.01908247084091343
1987.883641341547,0.21259092997655732
1987.886379192334,0.37995268787963443
1987.8891170431211,0.4471095386592757
1987.8918548939082,0.4151345625241224
1987.8945927446955,0.3129238281973405
1987.8973305954826,0.17621357159028295
1987.9000684462696,0.030060198333278228
1987.9028062970567,-0.1134587977508125
1987.905544147844,-0.2442522227794059
1987.908281998631,-0.3436776061210108
1987.9110198494182,-0.3869449679113708
1987.9137577002052,-0.35764583514352966
1987.9164955509925,-0.2611678669428272
1987.9192334017796,-0.1243907515264405
1987.9219712525667,0.018079724832600938
1987.924709103354,0.13878949225355933
1987.927446954141,0.2216350420432148
1987.930184804928,0.25558671151150636
1987.9329226557152,0.22888669255086733
1987.9356605065025,0.1333108759874369
1987.9383983572895,-0.023501980743459366
1987.9411362080766,-0.20938321705141633
1987.9438740588637,-0.3726867427862506
1987.946611909651,-0.4602636384449779
1987.949349760438,-0.43814283461998565
1987.9520876112251,-0.30436540430305853
1987.9548254620124,-0.09003211672088554
1987.9575633127995,0.14948547999362585
1987.9603011635866,0.350023174821492
1987.9630390143736,0.45809592189482895
1987.965776865161,0.44943313918302213
1987.968514715948,0.33808752190827757
1987.971252566735,0.16894278719029765
1987.9739904175221,-0.004462204723963935
1987.9767282683094,-0.14399284652396221
1987.9794661190965,-0.23768743329728662
1987.9822039698836,-0.29202140842864066
1987.9849418206709,-0.31486973092860426
1987.987679671458,-0.3045032749264569
1987.990417522245,-0.2526527918980924
1987.993155373032,-0.15645802059883618
1987.9958932238194,-0.027463489190491675
1987.9986310746065,0.109291706537988
1988.0013689253935,0.22329302683488023
1988.0041067761806,0.2865782022863337
1988.006844626968,0.2786985395217705
1988.009582477755,0.1912297291734219
1988.012320328542,0.034134096967295253
1988.0150581793291,-0.15961060936876786
1988.0177960301164,-0.3382822451283919
1988.0205338809035,-0.4471616035897298
1988.0232717316906,-0.4489988152956123
1988.0260095824779,-0.3377308358943992
1988.028747433265,-0.13888709633797114
1988.031485284052,0.10035289094071698
1988.034223134839,0.3237995187290644
1988.0369609856264,0.4775348444239109
1988.0396988364134,0.5215079033356642
1988.0424366872005,0.4427375773271199
1988.0451745379876,0.2647005244945612
1988.0479123887749,0.043167513985081965
1988.050650239562,-0.15526715875927732
1988.053388090349,-0.2823304508023755
1988.0561259411363,-0.32672983156436797
1988.0588637919234,-0.31002096757575565
1988.0616016427105,-0.2640387467074556
1988.0643394934975,-0.2076304668548373
1988.0670773442848,-0.13919757459137186
1988.069815195072,-0.04765523888434343
1988.072553045859,0.06947990915462195
1988.075290896646,0.19513388909016136
1988.0780287474333,0.2953189955160674
1988.0807665982204,0.332139232880908
1988.0835044490075,0.27978685580319657
1988.0862422997948,0.1374122011494178
1988.0889801505818,-0.06527822524074982
1988.091718001369,-0.2730672825309472
1988.094455852156,-0.42195611496523616
1988.0971937029433,-0.46259403609535116
1988.0999315537304,-0.3793195431933857
1988.1026694045174,-0.19433582688922904
1988.1054072553045,0.044248302916553586
1988.1081451060918,0.28104705006270503
1988.1108829568789,0.46689322298522373
1988.113620807666,0.5636565008564636
1988.116358658453,0.5468794298612256
1988.1190965092403,0.41343370475419733
1988.1218343600274,0.19153252876773078
1988.1245722108144,-0.05906599057263164
1988.1273100616017,-0.2658637182369714
1988.1300479123888,-0.37532589107411396
1988.132785763176,-0.37745956412830256
1988.135523613963,-0.3051046094435711
1988.1382614647503,-0.20781177134597537
1988.1409993155373,-0.11949277325851192
1988.1437371663244,-0.0430414470331491
1988.1464750171115,0.03916887837853224
1988.1492128678988,0.1399290066225117
1988.1519507186858,0.2474311666890121
1988.154688569473,0.32496683926949127
1988.15742642026,0.32914600982343467
1988.1601642710473,0.23462097816618258
1988.1629021218343,0.05162761532175497
1988.1656399726214,-0.17210793527746132
1988.1683778234087,-0.3663486630411116
1988.1711156741958,-0.4646881694359588
1988.1738535249829,-0.4311697781012769
1988.17659137577,-0.27428051820910954
1988.1793292265572,-0.04078177830773998
1988.1820670773443,0.20649583278454142
1988.1848049281314,0.4125799092320387
1988.1875427789184,0.5420776439665143
1988.1902806297057,0.5765469774090505
1988.1930184804928,0.5082212814736793
1988.1957563312799,0.3420941208350995
1988.1984941820672,0.10620968812568699
1988.2012320328543,-0.1434977912047805
1988.2039698836413,-0.33738558994657436
1988.2067077344284,-0.42292746096952166
1988.2094455852157,-0.39213236459759593
1988.2121834360028,-0.28377076403309887
1988.2149212867898,-0.15657825471748604
1988.217659137577,-0.05251228977855692
1988.2203969883642,0.023003250458920314
1988.2231348391513,0.09093289140593733
1988.2258726899383,0.16931708211777521
1988.2286105407256,0.24913229602649944
1988.2313483915127,0.29357087329314585
1988.2340862422998,0.2603626389489766
1988.2368240930869,0.13110307486547293
1988.2395619438742,-0.07111547991024217
1988.2422997946612,-0.2856502822508725
1988.2450376454483,-0.4375191769177429
1988.2477754962354,-0.46866062147641696
1988.2505133470227,-0.3627206021744169
1988.2532511978097,-0.15145673481560942
1988.2559890485968,0.10065494162798048
1988.2587268993839,0.325209533147795
1988.2614647501712,0.4754109938485183
1988.2642026009582,0.5343223644103561
1988.2669404517453,0.5052056648959011
1988.2696783025326,0.3973093585210016
1988.2724161533197,0.22233233811360736
1988.2751540041068,0.0039179274136792105
1988.2778918548938,-0.21333043673805457
1988.2806297056811,-0.37159650904350267
1988.2833675564682,-0.42591175058915587
1988.2861054072553,-0.37081500808384793
1988.2888432580423,-0.2450106023510475
1988.2915811088296,-0.10735513250333636
1988.2943189596167,-0.0010690943611543502
1988.2970568104038,0.0667945718546552
1988.299794661191,0.11620246572412628
1988.3025325119781,0.16521755030745733
1988.3052703627652,0.2063298379171657
1988.3080082135523,0.2071522446704233
1988.3107460643396,0.13431399410876782
1988.3134839151267,-0.017830058739324237
1988.3162217659137,-0.21393476536625164
1988.3189596167008,-0.3882359556714752
1988.321697467488,-0.4725325738878012
1988.3244353182752,-0.4267328064827929
1988.3271731690622,-0.25729599653636964
1988.3299110198495,-0.015115216586822081
1988.3326488706366,0.22628610454909634
1988.3353867214237,0.4016669516842699
1988.3381245722107,0.47794881234273895
1988.340862422998,0.45852276314186097
1988.3436002737851,0.3682283796851672
1988.3463381245722,0.2328519772692378
1988.3490759753593,0.06987383510524256
1988.3518138261466,-0.10440102371824055
1988.3545516769336,-0.26265358261146693
1988.3572895277207,-0.36642122382489273
1988.3600273785078,-0.3837310259392061
1988.362765229295,-0.3116206473732664
1988.3655030800821,-0.18296687309745324
1988.3682409308692,-0.04879437306340177
1988.3709787816565,0.0515355560240205
1988.3737166324436,0.1087871897779025
1988.3764544832306,0.1371632509537289
1988.3791923340177,0.15041483373617479
1988.381930184805,0.14290822180297288
1988.384668035592,0.09234858227098838
1988.3874058863792,-0.0183534349014562
1988.3901437371662,-0.17830353363619333
1988.3928815879535,-0.3430750772060834
1988.3956194387406,-0.4510049675397212
1988.3983572895277,-0.4513374065179467
1988.4010951403147,-0.3285820290810256
1988.403832991102,-0.11149359017999724
1988.406570841889,0.13671817406239595
1988.4093086926762,0.34263935704122633
1988.4120465434635,0.4512200126864616
1988.4147843942505,0.44564048577135684
1988.4175222450376,0.3483826157549639
1988.4202600958247,0.2034074195287079
1988.422997946612,0.05144852797766171
1988.425735797399,-0.08493189170443038
1988.4284736481861,-0.19819779313876162
1988.4312114989732,-0.2817568639089994
1988.4339493497605,-0.3211423137740889
1988.4366872005476,-0.3005009899674645
1988.4394250513346,-0.21850346279979171
1988.442162902122,-0.09743641549220323
1988.444900752909,0.02515077444742277
1988.447638603696,0.1164899064860806
1988.4503764544831,0.16342528178685384
1988.4531143052704,0.17020006937533363
1988.4558521560575,0.14365310642580148
1988.4585900068446,0.08186172466356263
1988.4613278576317,-0.021862149741577956
1988.464065708419,-0.16309367226694435
1988.466803559206,-0.31376009841863783
1988.469541409993,-0.425821264823179
1988.4722792607804,-0.4508393733884385
1988.4750171115675,-0.3634001893724013
1988.4777549623545,-0.17500258150681924
1988.4804928131416,0.06760647955751484
1988.483230663929,0.29749672337703204
1988.485968514716,0.4498823995236726
1988.488706365503,0.4845555413301532
1988.4914442162901,0.40047152376638856
1988.4941820670774,0.2351181146295552
1988.4969199178645,0.04683783198802362
1988.4996577686516,-0.11175851261727647
1988.5023956194386,-0.21400369565961566
1988.505133470226,-0.2611978497524295
1988.507871321013,-0.2679363811660832
1988.5106091718,-0.2446734713664204
1988.5133470225874,-0.19188175973547555
1988.5160848733744,-0.10823380877342663
1988.5188227241615,-0.002308586307723952
1988.5215605749486,0.10453898650606008
1988.5242984257359,0.18653905231939807
1988.527036276523,0.22455937858122504
1988.52977412731,0.21037557088036044
1988.532511978097,0.1435615543205969
1988.5352498288844,0.02860918026776082
1988.5379876796715,-0.1216712695124359
1988.5407255304585,-0.2796982770946236
1988.5434633812458,-0.4032251535114812
1988.546201232033,-0.4476181683197732
1988.54893908282,-0.38519878368574445
1988.551676933607,-0.21973383241494923
1988.5544147843943,0.012474970904069717
1988.5571526351814,0.25406209672124647
1988.5598904859685,0.4435674094897153
1988.5626283367556,0.5318595588669186
1988.5653661875428,0.495794854809332
1988.56810403833,0.34722791727559443
1988.570841889117,0.13249802980418346
1988.5735797399043,-0.08230191968178428
1988.5763175906914,-0.23737935950614591
1988.5790554414784,-0.303639253511294
1988.5817932922655,-0.290234231270349
1988.5845311430528,-0.2304667002679814
1988.5872689938399,-0.1568670150031926
1988.590006844627,-0.08368799144872488
1988.592744695414,-0.007686742124061037
1988.5954825462013,0.07724048665994196
1988.5982203969884,0.1656952061189727
1988.6009582477755,0.23766874548763284
1988.6036960985625,0.26681340589031655
1988.6064339493498,0.23252409288406517
1988.609171800137,0.12906298274190414
1988.611909650924,-0.02995671919828041
1988.6146475017113,-0.2111690225312601
1988.6173853524983,-0.36649122592825994
1988.6201232032854,-0.44583197353445125
1988.6228610540725,-0.41537343965975726
1988.6255989048598,-0.2729030618992886
1988.6283367556468,-0.05067081714581831
1988.631074606434,0.19636317656702285
1988.633812457221,0.4092966929795114
1988.6365503080083,0.5405972537629952
1988.6392881587954,0.5617296529455889
1988.6420260095824,0.46677166237796663
1988.6447638603695,0.2762178087730036
1988.6475017111568,0.038126274083370784
1988.6502395619439,-0.18145024621984102
1988.652977412731,-0.32160905283020763
1988.6557152635182,-0.3533102122481959
1988.6584531143053,-0.29182459467879307
1988.6611909650924,-0.18420078218368668
1988.6639288158794,-0.07910380824209941
1988.6666666666667,-0.00010735889944536378
1988.6694045174538,0.059415502166842236
1988.6721423682409,0.11884192881984582
1988.674880219028,0.18601668145829842
1988.6776180698153,0.24483779866570754
1988.6803559206023,0.2623222687291933
1988.6830937713894,0.20853384670763836
1988.6858316221767,0.07620126495849687
1988.6885694729638,-0.11018027269930639
1988.6913073237508,-0.29913425505345426
1988.694045174538,-0.4288132454909201
1988.6967830253252,-0.4498195286489256
1988.6995208761123,-0.34555764425588226
1988.7022587268993,-0.14035283548513042
1988.7049965776864,0.10997683141963756
1988.7077344284737,0.34057771389891084
1988.7104722792608,0.5001115773904831
1988.7132101300479,0.5614479913949056
1988.7159479808352,0.5191668667973379
1988.7186858316222,0.383209392658599
1988.7214236824093,0.17813208729576258
1988.7241615331964,-0.05324559689724892
1988.7268993839837,-0.2528937408520452
1988.7296372347707,-0.3655822019577954
1988.7323750855578,-0.3653306062154301
1988.7351129363449,-0.2712535060466903
1988.7378507871322,-0.1374806512095105
1988.7405886379192,-0.02098236165287423
1988.7433264887063,0.05048676656517323
1988.7460643394934,0.08723705564427559
1988.7488021902807,0.11826423323560825
1988.7515400410678,0.16035058677842873
1988.7542778918548,0.19988287217835796
1988.7570157426421,0.20017124605069234
1988.7597535934292,0.12761286472147634
1988.7624914442163,-0.021954170956574738
1988.7652292950033,-0.21317143579976205
1988.7679671457906,-0.3823765746222583
1988.7707049965777,-0.46368979064128424
1988.7734428473648,-0.4175012429227535
1988.7761806981518,-0.24852243756205492
1988.7789185489391,-0.004816848044356475
1988.7816563997262,0.24237211994509048
1988.7843942505133,0.42797291807129645
1988.7871321013006,0.5156996690208987
1988.7898699520877,0.502377042800896
1988.7926078028747,0.4057126475380076
1988.7953456536618,0.24919295157268562
1988.798083504449,0.05742111648022032
1988.8008213552362,-0.13778974830294521
1988.8035592060232,-0.293539346348753
1988.8062970568103,-0.3667820263198952
1988.8090349075976,-0.3375293178310219
1988.8117727583847,-0.2260662890062286
1988.8145106091717,-0.08621873340692353
1988.817248459959,0.024969821670303868
1988.8199863107461,0.08009303488111653
1988.8227241615332,0.09182809477286313
1988.8254620123203,0.0934513566392716
1988.8281998631076,0.10587858706624415
1988.8309377138946,0.11779777582361332
1988.8336755646817,0.0939567385625051
1988.8364134154688,0.004338332151363677
1988.839151266256,-0.14782202854787016
1988.8418891170431,-0.3185930998802284
1988.8446269678302,-0.4407835693800036
1988.8473648186173,-0.45548360063293397
1988.8501026694046,-0.3407071092999856
1988.8528405201916,-0.12329879297850252
1988.8555783709787,0.13121365165461443
1988.858316221766,0.34608597875073543
1988.861054072553,0.4648933232471752
1988.8637919233402,0.4710234521434351
1988.8665297741272,0.38540804189589717
1988.8692676249145,0.24652634050639477
1988.8720054757016,0.08856094050125299
1988.8747433264887,-0.06673688059301765
1988.8774811772757,-0.20239035043657655
1988.880219028063,-0.29583642169780205
1988.88295687885,-0.3213368586600581
1988.8856947296372,-0.26702202732268243
1988.8884325804243,-0.1514059725864022
1988.8911704312115,-0.020960734470459316
1988.8939082819986,0.07437594625687417
1988.8966461327857,0.11044478100246427
1988.899383983573,0.09935772008855241
1988.90212183436,0.07256055627450975
1988.9048596851471,0.05085332826938911
1988.9075975359342,0.026568495925009348
1988.9103353867215,-0.027575241402653265
1988.9130732375086,-0.13067288744476624
1988.9158110882956,-0.2693375708873569
1988.9185489390827,-0.3956034255633826
1988.92128678987,-0.4487607271614802
1988.924024640657,-0.3871011322551663
1988.9267624914442,-0.211233976993999
1988.9295003422314,0.03265231901457624
1988.9322381930185,0.27036185378527117
1988.9349760438056,0.42974012864694167
1988.9377138945927,0.4696512038471764
1988.94045174538,0.3942342527870473
1988.943189596167,0.24529139186889504
1988.945927446954,0.07763587724557089
1988.9486652977412,-0.06701797895387847
1988.9514031485285,-0.1713932963076846
1988.9541409993155,-0.23485331576033325
1988.9568788501026,-0.2576754936531686
1988.95961670089,-0.23415717795545588
1988.962354551677,-0.16121674765306956
1988.965092402464,-0.052560807677770834
1988.9678302532511,0.0584534011013362
1988.9705681040384,0.1340139735530627
1988.9733059548255,0.15401056778098438
1988.9760438056126,0.1259657760466341
1988.9787816563996,0.07371761473580683
1988.981519507187,0.015034981803698503
1988.984257357974,-0.05153457074825762
1988.986995208761,-0.13877306821853966
1988.9897330595481,-0.24911297645459202
1988.9924709103354,-0.35866986724694133
1988.9952087611225,-0.4216598616173369
1988.9979466119096,-0.3934628472922913
1989.0006844626969,-0.2570752604436053
1989.003422313484,-0.03672272813437863
1989.006160164271,0.20819230853113685
1989.008898015058,0.40482472842266115
1989.0116358658454,0.4944073804030924
1989.0143737166325,0.4546742236164865
1989.0171115674195,0.3080533801760391
1989.0198494182066,0.11107167598637673
1989.022587268994,-0.0712554822254526
1989.025325119781,-0.19316134676017432
1989.028062970568,-0.24240784598866744
1989.0308008213553,-0.23390175105412028
1989.0335386721424,-0.19016783361218445
1989.0362765229295,-0.1252695820332435
1989.0390143737166,-0.0437984312301
1989.0417522245039,0.048200758765991794
1989.044490075291,0.13425688158376495
1989.047227926078,0.19103163252331434
1989.049965776865,0.201410069805958
1989.0527036276524,0.16422047944607382
1989.0554414784394,0.09138653280559456
1989.0581793292265,-0.0035513214190707196
1989.0609171800138,-0.11285105632670005
1989.0636550308009,-0.22992564356260142
1989.066392881588,-0.3378993877185488
1989.069130732375,-0.40484344678832257
1989.0718685831623,-0.3940719978731658
1989.0746064339494,-0.28451712312380034
1989.0773442847365,-0.08721146392579661
1989.0800821355235,0.15325779741572138
1989.0828199863108,0.3728775784080978
1989.085557837098,0.5099945741097275
1989.088295687885,0.5256978413229182
1989.091033538672,0.41698769001125946
1989.0937713894593,0.2192641820452843
1989.0965092402464,-0.004370100110303579
1989.0992470910335,-0.18600476615020195
1989.1019849418208,-0.27970024722139214
1989.1047227926078,-0.2782150117599323
1989.107460643395,-0.20931029967238865
1989.110198494182,-0.11422311294547285
1989.1129363449693,-0.023552274228389427
1989.1156741957564,0.053137132673483835
1989.1184120465434,0.11969183829259808
1989.1211498973305,0.17791768155826823
1989.1238877481178,0.21875842570954335
1989.1266255989049,0.22606512991951117
1989.129363449692,0.18708880909104492
1989.132101300479,0.09998406715744612
1989.1348391512663,-0.02541965166565527
1989.1375770020534,-0.16985318964953616
1989.1403148528404,-0.3056157846213471
1989.1430527036277,-0.39790637795442635
1989.1457905544148,-0.41180502511224176
1989.148528405202,-0.3261702988846337
1989.151266255989,-0.14747714780625343
1989.1540041067763,0.086623792349856
1989.1567419575633,0.31814701327384926
1989.1594798083504,0.4881847887875122
1989.1622176591375,0.5546185665060593
1989.1649555099248,0.5020216792217489
1989.1676933607118,0.3444118748874338
1989.170431211499,0.12321853060971347
1989.1731690622862,-0.10078157419910228
1989.1759069130733,-0.264536959488264
1989.1786447638603,-0.3261626147404793
1989.1813826146474,-0.2831948038569161
1989.1841204654347,-0.1722943846355747
1989.1868583162218,-0.04760631728710883
1989.1895961670089,0.04920403540124836
1989.192334017796,0.10711906565815978
1989.1950718685832,0.14087485928275367
1989.1978097193703,0.16945312789027306
1989.2005475701574,0.1959657468973851
1989.2032854209447,0.20342077335382713
1989.2060232717317,0.1670518810324794
1989.2087611225188,0.07243606004113104
1989.2114989733059,-0.07240493071475004
1989.2142368240932,-0.23593390734151268
1989.2169746748802,-0.371542596500017
1989.2197125256673,-0.43196438580508895
1989.2224503764544,-0.38611065516820103
1989.2251882272417,-0.23319988491666252
1989.2279260780288,-0.007115377813704634
1989.2306639288158,0.23362845335070814
1989.233401779603,0.42693236429713133
1989.2361396303902,0.5281438110283599
1989.2388774811773,0.5203932816348722
1989.2416153319643,0.4124548537507153
1989.2443531827516,0.23140981248212436
1989.2470910335387,0.017615396233862723
1989.2498288843258,-0.17872549369099416
1989.2525667351129,-0.3066726046424209
1989.2553045859001,-0.33260233117758925
1989.2580424366872,-0.2585961451139337
1989.2607802874743,-0.12560675764074536
1989.2635181382614,0.0064004260954539285
1989.2662559890487,0.09119517897025183
1989.2689938398357,0.11953319018379793
1989.2717316906228,0.11617578760044961
1989.27446954141,0.11382113550878777
1989.2772073921972,0.12453692576019017
1989.2799452429842,0.12995598744973438
1989.2826830937713,0.09598304344739976
1989.2854209445586,-0.00018622617426631693
1989.2881587953457,-0.14965696893407618
1989.2908966461328,-0.31005115313318843
1989.2936344969198,-0.421922070245031
1989.2963723477071,-0.43412410213159525
1989.2991101984942,-0.3266067421582531
1989.3018480492813,-0.1211279671986478
1989.3045859000686,0.12522189273652057
1989.3073237508556,0.3419203461622433
1989.3100616016427,0.4724771038662706
1989.3127994524298,0.49338442781109193
1989.315537303217,0.415269926612068
1989.3182751540041,0.2691194545522267
1989.3210130047912,0.0904019536691246
1989.3237508555783,-0.08755036026252068
1989.3264887063656,-0.231439333453097
1989.3292265571527,-0.30816293119990446
1989.3319644079397,-0.29587443776841255
1989.3347022587268,-0.20077104608367902
1989.337440109514,-0.06327202046124497
1989.3401779603012,0.058180567764103366
1989.3429158110882,0.11901705204223059
1989.3456536618755,0.11362886342369577
1989.3483915126626,0.0737081364993532
1989.3511293634497,0.040264404140981674
1989.3538672142367,0.03080761486286379
1989.356605065024,0.026875782157434656
1989.359342915811,-0.00932033176917062
1989.3620807665982,-0.10258377230043875
1989.3648186173853,-0.24053142467499375
1989.3675564681726,-0.3736541995616491
1989.3702943189596,-0.43861779043058785
1989.3730321697467,-0.39035367207834415
1989.3757700205338,-0.22576674932915436
1989.378507871321,0.012003318421629949
1989.3812457221081,0.2502745124235055
1989.3839835728952,0.41680039048424894
1989.3867214236825,0.4689759508029463
1989.3894592744696,0.4077540792924868
1989.3921971252566,0.2696454756628155
1989.3949349760437,0.10352346354512378
1989.397672826831,-0.05140699261950555
1989.400410677618,-0.1728195040054139
1989.4031485284052,-0.2479101896844912
1989.4058863791922,-0.2647766812903002
1989.4086242299795,-0.21542453280366905
1989.4113620807666,-0.1091676357499187
1989.4140999315537,0.018880703092348277
1989.416837782341,0.1185241985428467
1989.419575633128,0.15175625325792902
1989.422313483915,0.11649702278406132
1989.4250513347022,0.0462296039199205
1989.4277891854895,-0.0163116703145956
1989.4305270362765,-0.051327934532812286
1989.4332648870636,-0.07440992991227821
1989.4360027378507,-0.11954082325197662
1989.438740588638,-0.20644433244971835
1989.441478439425,-0.3176509561405106
1989.4442162902121,-0.40219235593979086
1989.4469541409994,-0.40308062108209625
1989.4496919917865,-0.2905409545595113
1989.4524298425736,-0.08152706512192005
1989.4551676933606,0.1641480860000723
1989.457905544148,0.3681459102264993
1989.460643394935,0.46650658605103973
1989.463381245722,0.4359259699242775
1989.4661190965091,0.30097448842839253
1989.4688569472964,0.11876324552033238
1989.4715947980835,-0.05008511665099996
1989.4743326488706,-0.16683300267870413
1989.4770704996577,-0.22193739094938147
1989.479808350445,-0.22370113643266365
1989.482546201232,-0.18199133360162467
1989.485284052019,-0.10277971724811358
1989.4880219028064,0.0033409666655174683
1989.4907597535935,0.11102004901123577
1989.4934976043805,0.18372598471953205
1989.4962354551676,0.19301389103019503
1989.498973305955,0.1383356184323864
1989.501711156742,0.048634904216913064
1989.504449007529,-0.03828967874963468
1989.5071868583161,-0.1026427364360333
1989.5099247091034,-0.15317746237379798
1989.5126625598905,-0.21239619773018634
1989.5154004106776,-0.28895731374151673
1989.5181382614649,-0.3605341027135799
1989.520876112252,-0.3816333432337567
1989.523613963039,-0.31129585723521686
1989.526351813826,-0.14159693263863712
1989.5290896646134,0.09114049068851934
1989.5318275154004,0.31824797275766575
1989.5345653661875,0.4665803420790143
1989.5373032169746,0.48876003383114763
1989.5400410677619,0.3826608098669321
1989.542778918549,0.19175199657695544
1989.545516769336,-0.014388526955033763
1989.5482546201233,-0.1706427172374113
1989.5509924709104,-0.24230937219755172
1989.5537303216975,-0.23244366324452911
1989.5564681724845,-0.16838134585662265
1989.5592060232718,-0.07960352811479603
1989.561943874059,0.01588323079235958
1989.564681724846,0.10880894722126444
1989.567419575633,0.18731475456780422
1989.5701574264203,0.2321285858095553
1989.5728952772074,0.2253635550410059
1989.5756331279945,0.1648346982670867
1989.5783709787815,0.06879499620951868
1989.5811088295688,-0.035356530588840994
1989.583846680356,-0.12895471871773978
1989.586584531143,-0.2099578032212369
1989.5893223819303,-0.2833656376947654
1989.5920602327174,-0.34345298608029157
1989.5947980835044,-0.36546574189638026
1989.5975359342915,-0.31656182344046124
1989.6002737850788,-0.17922152062653732
1989.6030116358659,0.030038052689368197
1989.605749486653,0.2600642641025022
1989.60848733744,0.44313815873222234
1989.6112251882273,0.5215040308994789
1989.6139630390144,0.46991407836557786
1989.6167008898015,0.30583119171153256
1989.6194387405885,0.08405786909038396
1989.6221765913758,-0.12304823393382329
1989.624914442163,-0.2533976968538682
1989.62765229295,-0.27917520655221056
1989.6303901437373,-0.2143649025353078
1989.6331279945243,-0.10119136856990343
1989.6358658453114,0.01565250850339269
1989.6386036960985,0.10971957199440886
1989.6413415468858,0.17595327849422518
1989.6440793976728,0.21840959067511476
1989.64681724846,0.23648139857280018
1989.649555099247,0.22212740469967104
1989.6522929500343,0.16829356060804707
1989.6550308008214,0.07808573558060962
1989.6577686516084,-0.03464795557197251
1989.6605065023957,-0.15230083191024862
1989.6632443531828,-0.25917463168915567
1989.6659822039699,-0.33990437237461085
1989.668720054757,-0.3746616071499451
1989.6714579055442,-0.3406424512016943
1989.6741957563313,-0.22384186743369622
1989.6769336071184,-0.0339898116850309
1989.6796714579054,0.18979590702289492
1989.6824093086927,0.3891475666536547
1989.6851471594798,0.5074688726100104
1989.6878850102669,0.5104214443766106
1989.6906228610542,0.39713096822803123
1989.6933607118413,0.20026289380904116
1989.6960985626283,-0.02298690867617998
1989.6988364134154,-0.207218947359464
1989.7015742642027,-0.30027900885821646
1989.7043121149898,-0.28329092705084746
1989.7070499657768,-0.17852371219262803
1989.709787816564,-0.03760969690916045
1989.7125256673512,0.08545542398938587
1989.7152635181383,0.16030739307112774
1989.7180013689253,0.18853636133078047
1989.7207392197124,0.19062090225726658
1989.7234770704997,0.18368675274186852
1989.7262149212868,0.16768322340584868
1989.7289527720739,0.12856186381421073
1989.7316906228612,0.05276090954292446
1989.7344284736482,-0.05961863629248713
1989.7371663244353,-0.19104951406047851
1989.7399041752224,-0.31135631757222304
1989.7426420260097,-0.3859602923099441
1989.7453798767967,-0.38487560756653616
1989.7481177275838,-0.29271678000934265
1989.7508555783709,-0.11828177393996468
1989.7535934291582,0.10196285543044971
1989.7563312799452,0.312176981334755
1989.7590691307323,0.4560264023631122
1989.7618069815196,0.49680767759164385
1989.7645448323067,0.4282677119839519
1989.7672826830938,0.27280130470698377
1989.7700205338808,0.07214132121923879
1989.7727583846681,-0.12285570889384018
1989.7754962354552,-0.26211655733764855
1989.7782340862423,-0.30890834668256995
1989.7809719370293,-0.2544493533660979
1989.7837097878166,-0.12609541810397126
1989.7864476386037,0.0212156737791401
1989.7891854893908,0.130738644281971
1989.791923340178,0.17273498520983793
1989.7946611909651,0.1566187670496285
1989.7973990417522,0.11744649623940014
1989.8001368925393,0.086947912217332
1989.8028747433266,0.07076688573965678
1989.8056125941137,0.04776306128752224
1989.8083504449007,-0.010249972283019451
1989.8110882956878,-0.11417428795902801
1989.813826146475,-0.24524043186989894
1989.8165639972622,-0.36061033706970697
1989.8193018480492,-0.41167566392575955
1989.8220396988363,-0.36511199221290824
1989.8247775496236,-0.21826002124478827
1989.8275154004107,-0.0035159166650105197
1989.8302532511977,0.22072710630190256
1989.832991101985,0.39067559549256614
1989.8357289527721,0.4611424106633661
1989.8384668035592,0.4211300097323774
1989.8412046543463,0.29312690577538275
1989.8439425051336,0.11878302241483861
1989.8466803559206,-0.05778122097850671
1989.8494182067077,-0.19917076580749205
1989.8521560574948,-0.2765116530406291
1989.854893908282,-0.27193012503971115
1989.8576317590691,-0.1868660315030316
1989.8603696098562,-0.05029785448378907
1989.8631074606435,0.0856252696265613
1989.8658453114306,0.16774026170221173
1989.8685831622176,0.1706032404353944
1989.8713210130047,0.1107549517177562
1989.874058863792,0.03354089013299791
1989.876796714579,-0.019588085186819305
1989.8795345653662,-0.03936450236813539
1989.8822724161532,-0.05168010160918264
1989.8850102669405,-0.09391748272524839
1989.8877481177276,-0.1829803099706625
1989.8904859685147,-0.29787570411152325
1989.8932238193017,-0.3876165712048206
1989.895961670089,-0.39793022836607966
1989.898699520876,-0.3003654958975905
1989.9014373716632,-0.10878594601492252
1989.9041752224505,0.12363081394795547
1989.9069130732375,0.3248868655692461
1989.9096509240246,0.4332325309113448
1989.9123887748117,0.42186370829021885
1989.915126625599,0.307292714504722
1989.917864476386,0.13736442445481759
1989.9206023271731,-0.03314787864625405
1989.9233401779602,-0.163842909016948
1989.9260780287475,-0.23529873087594189
1989.9288158795346,-0.24252922467620808
1989.9315537303216,-0.18751770242391086
1989.934291581109,-0.08089062490702244
1989.937029431896,0.050319657029404025
1989.939767282683,0.1623348307692156
1989.9425051334701,0.21094231758576232
1989.9452429842574,0.17712086370023153
1989.9479808350445,0.0817437511160582
1989.9507186858316,-0.025922271746596892
1989.9534565366187,-0.10065148950379417
1989.956194387406,-0.13094308246594227
1989.958932238193,-0.14292730883471924
1989.96167008898,-0.17538179239783727
1989.9644079397672,-0.24517318836513485
1989.9671457905545,-0.3290621680169271
1989.9698836413415,-0.37458660990139403
1989.9726214921286,-0.3317690621419672
1989.975359342916,-0.1847687173571394
1989.978097193703,0.0349021609982324
1989.98083504449,0.2595472204566318
1989.9835728952771,0.41402338802709593
1989.9863107460644,0.44802223599356483
1989.9890485968515,0.3571125165817634
1989.9917864476386,0.18273870340412984
1989.9945242984256,-0.008779248375378862
1989.997262149213,-0.1568477263471625
1990.0,-0.22951174466123983
1990.002737850787,-0.22679146850286047
1990.0054757015744,-0.1669348905447271
1990.0082135523614,-0.07025877629462036
1990.0109514031485,0.04567451034469766
1990.0136892539356,0.15934644059452457
1990.0164271047229,0.2400481298219086
1990.01916495551,0.2564248149667029
1990.021902806297,0.19622098572690153
1990.024640657084,0.08009428823198915
1990.0273785078714,-0.046341282774863754
1990.0301163586585,-0.14022960890156747
1990.0328542094455,-0.1883991573691043
1990.0355920602328,-0.21146911253703657
1990.03832991102,-0.24112350215305292
1990.041067761807,-0.28863765422180665
1990.043805612594,-0.3298749733936762
1990.0465434633813,-0.31869084623353183
1990.0492813141684,-0.21897216308239512
1990.0520191649555,-0.032908389558101867
1990.0547570157426,0.1925882506550512
1990.0574948665299,0.3842668923298841
1990.060232717317,0.4747730693661255
1990.062970568104,0.432447299397402
1990.065708418891,0.275281615294784
1990.0684462696784,0.06308661579124306
1990.0711841204654,-0.12870006346204177
1990.0739219712525,-0.24120587503087543
1990.0766598220398,-0.253898160295658
1990.0793976728269,-0.18485086597787334
1990.082135523614,-0.07195443466253683
1990.084873374401,0.04987800298149775
1990.0876112251883,0.15944812131626163
1990.0903490759754,0.2441301592694009
1990.0930869267625,0.28980380634506886
1990.0958247775495,0.2802134426209854
1990.0985626283368,0.20869798950021975
1990.101300479124,0.09034649806149793
1990.104038329911,-0.04032895290404678
1990.1067761806983,-0.14821702116897528
1990.1095140314853,-0.21833789600837072
1990.1122518822724,-0.2601907545444609
1990.1149897330595,-0.2911746206792575
1990.1177275838468,-0.31339033846026043
1990.1204654346338,-0.3046444793881533
1990.123203285421,-0.2327183867808906
1990.125941136208,-0.08263289856438989
1990.1286789869953,0.12364046155799756
1990.1314168377824,0.3294314598989828
1990.1341546885694,0.46636931586858954
1990.1368925393565,0.4846535968546489
1990.1396303901438,0.3752617825122727
1990.1423682409309,0.17486933906511087
1990.145106091718,-0.047763905032066206
1990.1478439425052,-0.2185338020400664
1990.1505817932923,-0.2872140598440094
1990.1533196440794,-0.2459301892652372
1990.1560574948664,-0.12723874151268028
1990.1587953456537,0.01699039297477232
1990.1615331964408,0.1424926415507941
1990.1642710472279,0.22828635362646113
1990.167008898015,0.2734198871605109
1990.1697467488023,0.28237848879058364
1990.1724845995893,0.2545993377871776
1990.1752224503764,0.18701505908679078
1990.1779603011637,0.08436410270810055
1990.1806981519508,-0.035695226143998504
1990.1834360027378,-0.14944982392371522
1990.186173853525,-0.23955028841368067
1990.1889117043122,-0.30033135282149304
1990.1916495550993,-0.3307743111788477
1990.1943874058863,-0.3232435034201053
1990.1971252566734,-0.2615646647260237
1990.1998631074607,-0.133574770406256
1990.2026009582478,0.050986032316398894
1990.2053388090349,0.25276488993521495
1990.208076659822,0.4135785290163067
1990.2108145106092,0.48024947358272296
1990.2135523613963,0.4277262939039759
1990.2162902121834,0.2700456070157361
1990.2190280629707,0.055965071294153665
1990.2217659137577,-0.14737990268028806
1990.2245037645448,-0.27717606606127376
1990.2272416153319,-0.29737005292799595
1990.2299794661192,-0.21244302732209835
1990.2327173169062,-0.06455716175492207
1990.2354551676933,0.08709668061102825
1990.2381930184804,0.19469452428585673
1990.2409308692677,0.24108874896223106
1990.2436687200548,0.23853826989189325
1990.2464065708418,0.2102440983147494
1990.2491444216291,0.1703889002390815
1990.2518822724162,0.11749607393178421
1990.2546201232033,0.043145620407416076
1990.2573579739903,-0.05450024128035607
1990.2600958247776,-0.1643356148852999
1990.2628336755647,-0.2659754569391165
1990.2655715263518,-0.33717992737728775
1990.2683093771388,-0.35847557856791806
1990.2710472279261,-0.31520823457189573
1990.2737850787132,-0.20184440019784064
1990.2765229295003,-0.029834697072419175
1990.2792607802876,0.1670634935929973
1990.2819986310747,0.3381666480242044
1990.2847364818617,0.4331164023441078
1990.2874743326488,0.4223708456301203
1990.290212183436,0.30922030304807974
1990.2929500342232,0.12787045094892707
1990.2956878850102,-0.06888907683745023
1990.2984257357973,-0.2253951811042802
1990.3011635865846,-0.29805260405178424
1990.3039014373717,-0.2684282611599874
1990.3066392881587,-0.1517223640621417
1990.3093771389458,0.005705967746478613
1990.3121149897331,0.1440273904935366
1990.3148528405202,0.21725045566644827
1990.3175906913073,0.21458896721540963
1990.3203285420946,0.16110043441555102
1990.3230663928816,0.09651137198170924
1990.3258042436687,0.04737602315462698
1990.3285420944558,0.012468946346129143
1990.331279945243,-0.02966087978071827
1990.3340177960301,-0.0990951550776327
1990.3367556468172,-0.19587856132606316
1990.3394934976043,-0.2961625254456953
1990.3422313483916,-0.3628307752384432
1990.3449691991786,-0.36204734103330727
1990.3477070499657,-0.27746446892694715
1990.350444900753,-0.11827473792301486
1990.35318275154,0.08024634763523972
1990.3559206023272,0.26512019047563845
1990.3586584531142,0.3827330814525106
1990.3613963039015,0.3990964503830335
1990.3641341546886,0.3132888993757925
1990.3668720054757,0.15638068991124673
1990.3696098562627,-0.02278637196118759
1990.37234770705,-0.1753979598813468
1990.375085557837,-0.26476472983806854
1990.3778234086242,-0.27124839973881537
1990.3805612594115,-0.1949519180828331
1990.3832991101985,-0.05898026016842474
1990.3860369609856,0.09153633135455129
1990.3887748117727,0.20218129543305724
1990.39151266256,0.2331132777839568
1990.394250513347,0.1807337108435056
1990.3969883641341,0.08010061942104711
1990.3997262149212,-0.017169469917962026
1990.4024640657085,-0.07578010656912759
1990.4052019164956,-0.09705369404026797
1990.4079397672826,-0.11221413705949201
1990.4106776180697,-0.15460121873572252
1990.413415468857,-0.23175082873288386
1990.416153319644,-0.316553587037256
1990.4188911704312,-0.3616683959318178
1990.4216290212185,-0.3261899277772392
1990.4243668720055,-0.19857514514182006
1990.4271047227926,-0.005039886453322789
1990.4298425735797,0.1988016219067991
1990.432580424367,0.34879280275006175
1990.435318275154,0.3974364624043119
1990.438056125941,0.3330998630699704
1990.4407939767282,0.183972369765347
1990.4435318275155,0.004235721282203814
1990.4462696783025,-0.14988363793352247
1990.4490075290896,-0.24027330835105695
1990.4517453798767,-0.2533682590628355
1990.454483230664,-0.1945297727286829
1990.457221081451,-0.08072421849662142
1990.4599589322381,0.06082497230328336
1990.4626967830254,0.19135095424440124
1990.4654346338125,0.2669381553044674
1990.4681724845996,0.25684678471627814
1990.4709103353866,0.1636476893550653
1990.473648186174,0.02732973484505295
1990.476386036961,-0.09532877438746058
1990.479123887748,-0.16481755240921706
1990.4818617385351,-0.18191663186823354
1990.4845995893224,-0.181847600068463
1990.4873374401095,-0.20359928710010786
1990.4900752908966,-0.25742822092764056
1990.4928131416839,-0.3142025264968233
1990.495550992471,-0.3232787338755046
1990.498288843258,-0.2455850031707321
1990.501026694045,-0.08028650199243954
1990.5037645448324,0.12991819085180498
1990.5065023956195,0.3160541582771365
1990.5092402464065,0.41276081364315287
1990.5119780971936,0.3866556964869185
1990.514715947981,0.25069119489107755
1990.517453798768,0.05797248306705377
1990.520191649555,-0.12226243719291902
1990.5229295003423,-0.2342961163284396
1990.5256673511294,-0.2553400946427746
1990.5284052019165,-0.19548979261681015
1990.5311430527036,-0.08267030586258416
1990.5338809034909,0.05313243956401715
1990.536618754278,0.1849520324146639
1990.539356605065,0.284954800867124
1990.542094455852,0.3236898461033117
1990.5448323066394,0.2811258859098153
1990.5475701574264,0.16349616893744348
1990.5503080082135,0.00913364334473321
1990.5530458590006,-0.12790611441378177
1990.5557837097879,-0.2087122214507385
1990.558521560575,-0.2321245930182038
1990.561259411362,-0.2302860291774883
1990.5639972621493,-0.2393529187838732
1990.5667351129364,-0.267829877156724
1990.5694729637235,-0.2871046432804669
1990.5722108145105,-0.2513475222902992
1990.5749486652978,-0.1319772974470575
1990.577686516085,0.05742850446327364
1990.580424366872,0.26154260459180256
1990.583162217659,0.4076454746357671
1990.5859000684463,0.4394708728266947
1990.5886379192334,0.3433168670373488
1990.5913757700205,0.15480022542949928
1990.5941136208078,-0.05621562003801269
1990.5968514715948,-0.21556245669965762
1990.599589322382,-0.27543791425958203
1990.602327173169,-0.23049476070153452
1990.6050650239563,-0.11178462362216722
1990.6078028747434,0.03531994050903766
1990.6105407255304,0.17302455541262188
1990.6132785763175,0.27899290822033584
1990.6160164271048,0.3399594052732456
1990.6187542778919,0.34361844420954235
1990.621492128679,0.28109099880946675
1990.6242299794662,0.15899244678397756
1990.6269678302533,0.007141612268494562
1990.6297056810404,-0.13079998593423658
1990.6324435318274,-0.22082709530125313
1990.6351813826147,-0.2580418130521702
1990.6379192334018,-0.2646274692671299
1990.640657084189,-0.26647437955135406
1990.643394934976,-0.26745637337878714
1990.6461327857633,-0.24326808774150338
1990.6488706365503,-0.1608690464010157
1990.6516084873374,-0.008833227351758833
1990.6543463381245,0.1843950547873137
1990.6570841889118,0.35772818093035696
1990.6598220396988,0.4455113135241915
1990.662559890486,0.4095137396454688
1990.6652977412732,0.25795527007521385
1990.6680355920603,0.04345824970872868
1990.6707734428473,-0.15802762541775547
1990.6735112936344,-0.2779390951130947
1990.6762491444217,-0.28227175394524423
1990.6789869952088,-0.18270551522942427
1990.6817248459959,-0.02609524191035426
1990.684462696783,0.13143219955300497
1990.6872005475702,0.2498708279759865
1990.6899383983573,0.31517845979871884
1990.6926762491444,0.33088710309928593
1990.6954140999314,0.303014341024521
1990.6981519507187,0.23333446735411276
1990.7008898015058,0.1256607893385474
1990.7036276522929,-0.004394438432636375
1990.7063655030802,-0.12954320812516962
1990.7091033538672,-0.22372170102305639
1990.7118412046543,-0.27653961818266887
1990.7145790554414,-0.29499710531150275
1990.7173169062287,-0.28996729353288886
1990.7200547570158,-0.2602227617550725
1990.7227926078028,-0.19031210115583624
1990.72553045859,-0.06641048209450005
1990.7282683093772,0.10241141371474734
1990.7310061601643,0.27592811386884725
1990.7337440109513,0.3961382422562065
1990.7364818617386,0.4146667457332738
1990.7392197125257,0.3174240293889454
1990.7419575633128,0.1331750745224065
1990.7446954140999,-0.07678449475628964
1990.7474332648871,-0.2417684820576521
1990.7501711156742,-0.30809430647047104
1990.7529089664613,-0.25914456554178356
1990.7556468172484,-0.12096994123454205
1990.7583846680357,0.050387625930467556
1990.7611225188227,0.19517604212650783
1990.7638603696098,0.27622308963244435
1990.766598220397,0.29006502653558774
1990.7693360711842,0.2573832432590778
1990.7720739219712,0.20195998661440015
1990.7748117727583,0.13499285652673426
1990.7775496235456,0.05523182814841491
1990.7802874743327,-0.0391502502007101
1990.7830253251198,-0.14030118170939038
1990.7857631759068,-0.23135013966203705
1990.7885010266941,-0.29519050580984824
1990.7912388774812,-0.32122080383768664
1990.7939767282683,-0.30423431233376985
1990.7967145790553,-0.2399773896971016
1990.7994524298426,-0.1263085284114575
1990.8021902806297,0.027734174961667045
1990.8049281314168,0.19323671408961113
1990.807665982204,0.3243110680867223
1990.8104038329911,0.3753169819445591
1990.8131416837782,0.3230121996173692
1990.8158795345653,0.17972863033435332
1990.8186173853526,-0.009871656639792701
1990.8213552361397,-0.1853319548266584
1990.8240930869267,-0.2913884590993571
1990.8268309377138,-0.2958815985089187
1990.829568788501,-0.20048751118119612
1990.8323066392882,-0.0412568015208193
1990.8350444900752,0.12366788289080206
1990.8377823408625,0.23749346729116774
1990.8405201916496,0.2696438763947552
1990.8432580424367,0.22763998353877365
1990.8459958932237,0.14744074393155546
1990.848733744011,0.06814313859586733
1990.851471594798,0.008595527713951591
1990.8542094455852,-0.03824401422012798
1990.8569472963723,-0.09156695970286473
1990.8596851471596,-0.1624300855707866
1990.8624229979466,-0.24250186568209375
1990.8651608487337,-0.30771458459349504
1990.867898699521,-0.3308521388052583
1990.870636550308,-0.293421666367068
1990.8733744010951,-0.1921984628326842
1990.8761122518822,-0.04168304573126522
1990.8788501026695,0.12614696319808325
1990.8815879534566,0.2670552335437328
1990.8843258042436,0.33744157266710306
1990.8870636550307,0.3119765977977357
1990.889801505818,0.19663750115272413
1990.892539356605,0.02831413980354957
1990.8952772073922,-0.1394424978850433
1990.8980150581792,-0.25605760369638964
1990.9007529089665,-0.28907047695647836
1990.9034907597536,-0.23097242425347608
1990.9062286105407,-0.09997129915625252
1990.908966461328,0.063314178089777
1990.911704312115,0.2053513885576492
1990.914442162902,0.2776561062870181
1990.9171800136892,0.2583068972830895
1990.9199178644765,0.1641217169725837
1990.9226557152635,0.04214676425546422
1990.9253935660506,-0.05753262511223407
1990.9281314168377,-0.1105822877750439
1990.930869267625,-0.12879321333266375
1990.933607118412,-0.14517109386192562
1990.9363449691991,-0.18564109871467302
1990.9390828199862,-0.24817050212402236
1990.9418206707735,-0.30276793301645855
1990.9445585215606,-0.30989470909281286
1990.9472963723476,-0.24369737246806555
1990.950034223135,-0.10686146687348269
1990.952772073922,0.06825804093597859
1990.955509924709,0.2304263528210138
1990.9582477754961,0.32757808217863
1990.9609856262834,0.3265341728824719
1990.9637234770705,0.2272830183120533
1990.9664613278576,0.06454456772324883
1990.9691991786447,-0.10587433724520753
1990.971937029432,-0.22964028114244356
1990.974674880219,-0.2731501496071781
1990.977412731006,-0.23030889396454385
1990.9801505817934,-0.11759505241395099
1990.9828884325805,0.03430454916094281
1990.9856262833675,0.18602878205839965
1990.9883641341546,0.2943970383224019
1990.991101984942,0.32302515775795687
1990.993839835729,0.2589623114961367
1990.996577686516,0.12471304227284163
1990.9993155373031,-0.027815316038562368
1991.0020533880904,-0.1434727485837415
1991.0047912388775,-0.19487984898714938
1991.0075290896646,-0.1959811358884154
1991.0102669404519,-0.18719866996234824
1991.013004791239,-0.20265017578797537
1991.015742642026,-0.24349928240670698
1991.018480492813,-0.2762430559041325
1991.0212183436004,-0.2558248718606414
1991.0239561943874,-0.15662016415465607
1991.0266940451745,0.008561649259541528
1991.0294318959616,0.19116910446612817
1991.0321697467489,0.32771864696959274
1991.034907597536,0.3673437066163286
1991.037645448323,0.2938846482098874
1991.04038329911,0.13357462155221717
1991.0431211498974,-0.05521158348391463
1991.0458590006845,-0.20623190738871064
1991.0485968514715,-0.2722520377686211
1991.0513347022588,-0.24076438416392235
1991.054072553046,-0.13148558132918256
1991.056810403833,0.019198098968214634
1991.05954825462,0.17376420556065247
1991.0622861054073,0.29969343451130737
1991.0650239561944,0.36859549465103625
1991.0677618069815,0.3584440412453581
1991.0704996577686,0.26418773887203945
1991.0732375085558,0.10910907258595402
1991.075975359343,-0.05752096349043034
1991.07871321013,-0.18236999953005384
1991.0814510609173,-0.23758315209840924
1991.0841889117044,-0.23573246487584584
1991.0869267624914,-0.2167418675516667
1991.0896646132785,-0.21515436140943944
1991.0924024640658,-0.23237362010778553
1991.0951403148529,-0.2350541806673634
1991.09787816564,-0.1806548366722367
1991.100616016427,-0.05118983304524167
1991.1033538672143,0.1283122731934232
1991.1060917180014,0.2979314619577051
1991.1088295687885,0.39130266324992713
1991.1115674195757,0.36768150921865284
1991.1143052703628,0.23162537469471536
1991.11704312115,0.03209977415584311
1991.119780971937,-0.15780820705400816
1991.1225188227243,-0.2713958699768598
1991.1252566735113,-0.2750373534385127
1991.1279945242984,-0.17810904523600218
1991.1307323750855,-0.02195476264333996
1991.1334702258728,0.14364584502695651
1991.1362080766598,0.28058884517870386
1991.138945927447,0.367903080598294
1991.141683778234,0.394933861367405
1991.1444216290213,0.35497156467987945
1991.1471594798084,0.24904705998737342
1991.1498973305954,0.09603834399252012
1991.1526351813827,-0.06495320547032561
1991.1553730321698,-0.18922831074445826
1991.1581108829569,-0.2508864214184726
1991.160848733744,-0.25749162703881495
1991.1635865845312,-0.24075008137836074
1991.1663244353183,-0.22861866206123188
1991.1690622861054,-0.2209770022781633
1991.1718001368924,-0.18925314777089555
1991.1745379876797,-0.10122419617931169
1991.1772758384668,0.04795379183413266
1991.1800136892539,0.22202172042963997
1991.182751540041,0.3573465396424054
1991.1854893908283,0.3950255582540496
1991.1882272416153,0.3117331261567788
1991.1909650924024,0.13283925174903166
1991.1937029431897,-0.07735227151656804
1991.1964407939768,-0.24234344544229022
1991.1991786447638,-0.30484478922337116
1991.201916495551,-0.24911603283835845
1991.2046543463382,-0.10410294004633847
1991.2073921971253,0.07394565732219367
1991.2101300479123,0.22942560224317715
1991.2128678986994,0.32937355310279887
1991.2156057494867,0.3675277092193235
1991.2183436002738,0.35222316219488015
1991.2210814510609,0.29195252746083206
1991.2238193018482,0.19195598916046996
1991.2265571526352,0.06243959037909236
1991.2292950034223,-0.07374439567373856
1991.2320328542094,-0.18600921535848294
1991.2347707049967,-0.2522841067331333
1991.2375085557837,-0.2721428591990292
1991.2402464065708,-0.263179307245015
1991.2429842573579,-0.2421483463908253
1991.2457221081452,-0.2075736342580702
1991.2484599589322,-0.14069504996915627
1991.2511978097193,-0.025836808777574008
1991.2539356605066,0.12628773033352328
1991.2566735112937,0.27240658208174723
1991.2594113620808,0.354584518619233
1991.2621492128678,0.3310456439175441
1991.2648870636551,0.20035493046851047
1991.2676249144422,0.005240530739251972
1991.2703627652293,-0.18457056885185077
1991.2731006160163,-0.30084218724972894
1991.2758384668036,-0.3038443386446203
1991.2785763175907,-0.19721805660764277
1991.2813141683778,-0.024687039642042753
1991.2840520191648,0.1505105667719332
1991.2867898699521,0.2741465604878453
1991.2895277207392,0.3225202730357681
1991.2922655715263,0.3050747927066258
1991.2950034223136,0.24843013397327102
1991.2977412731007,0.17514358247635464
1991.3004791238877,0.09321538825352858
1991.3032169746748,0.001826268732859333
1991.305954825462,-0.09570576568906747
1991.3086926762492,-0.18587570837045628
1991.3114305270362,-0.2513327250778161
1991.3141683778233,-0.28186803585788456
1991.3169062286106,-0.27803067307597634
1991.3196440793977,-0.2441124086936318
1991.3223819301847,-0.1794983259255224
1991.325119780972,-0.07991827991702398
1991.3278576317591,0.05015349002624219
1991.3305954825462,0.18553992055483945
1991.3333333333333,0.282660216945788
1991.3360711841206,0.29877125891920703
1991.3388090349076,0.21649783084274726
1991.3415468856947,0.0571867951717964
1991.3442847364818,-0.1253979745764346
1991.347022587269,-0.2667302123409
1991.3497604380561,-0.3168253787409375
1991.3524982888432,-0.2585667056176202
1991.3552361396305,-0.11348589733571764
1991.3579739904176,0.06638901278358417
1991.3607118412046,0.2187160772769602
1991.3634496919917,0.29638878182633216
1991.366187542779,0.28679695093216745
1991.368925393566,0.213543786999701
1991.3716632443532,0.1186423781219427
1991.3744010951402,0.036437467423791184
1991.3771389459275,-0.023203876306465362
1991.3798767967146,-0.07206136398324908
1991.3826146475017,-0.12607613277091567
1991.3853524982887,-0.1886149889404814
1991.388090349076,-0.24674207703530765
1991.390828199863,-0.28016138764082155
1991.3935660506502,-0.27284383237759735
1991.3963039014375,-0.21875215147310745
1991.3990417522245,-0.12177620370929476
1991.4017796030116,0.004549548608523742
1991.4045174537987,0.13529782704145898
1991.407255304586,0.23512010248024165
1991.409993155373,0.26791754520836625
1991.4127310061601,0.21381848730670036
1991.4154688569472,0.08329643291160119
1991.4182067077345,-0.08242821464139234
1991.4209445585216,-0.22665120580961087
1991.4236824093086,-0.2995606552195679
1991.4264202600957,-0.27608692275252017
1991.429158110883,-0.1629066822325787
1991.43189596167,0.004813265484041214
1991.4346338124572,0.17405276121303445
1991.4373716632444,0.29033451567557567
1991.4401095140315,0.3174404065301732
1991.4428473648186,0.2532730633128585
1991.4455852156057,0.1315943423829651
1991.448323066393,0.0047644759723456664
1991.45106091718,-0.08460201666478973
1991.453798767967,-0.12525952017754216
1991.4565366187542,-0.13756241655372212
1991.4592744695415,-0.15292839494036212
1991.4620123203285,-0.18831665462506333
1991.4647501711156,-0.233908107951387
1991.467488021903,-0.2606329662435314
1991.47022587269,-0.23950611463258556
1991.472963723477,-0.15888272719261404
1991.4757015742641,-0.0310310212808785
1991.4784394250514,0.11178520062920215
1991.4811772758385,0.22740009189265706
1991.4839151266256,0.2769057371675126
1991.4866529774126,0.2389080647460315
1991.4893908282,0.12063827508297886
1991.492128678987,-0.04075148908992429
1991.494866529774,-0.19046930420572072
1991.4976043805614,-0.2774322726549286
1991.5003422313484,-0.2734826546627809
1991.5030800821355,-0.1809153073990377
1991.5058179329226,-0.027518856891963588
1991.5085557837099,0.14421710021330078
1991.511293634497,0.28755353052212224
1991.514031485284,0.36138913443293874
1991.516769336071,0.34220256033741137
1991.5195071868584,0.2358982444845253
1991.5222450376455,0.08056013528345557
1991.5249828884325,-0.06783382007597444
1991.5277207392196,-0.1630171294108621
1991.530458590007,-0.19268958438220307
1991.533196440794,-0.1816625723807114
1991.535934291581,-0.17037649140680253
1991.5386721423683,-0.18391552205276962
1991.5414099931554,-0.21389617052668705
1991.5441478439425,-0.22540549151114622
1991.5468856947296,-0.18250177013755164
1991.5496235455169,-0.07388006060330003
1991.552361396304,0.07709392183956637
1991.555099247091,0.22162075346877072
1991.557837097878,0.3066908279320083
1991.5605749486654,0.29751014988704416
1991.5633127994524,0.19252746074478272
1991.5660506502395,0.025902717216859376
1991.5687885010268,-0.14422544510095284
1991.5715263518139,-0.25815093283053764
1991.574264202601,-0.2780874116423806
1991.577002053388,-0.20098217388620943
1991.5797399041753,-0.05469910242651626
1991.5824777549624,0.11762026573607036
1991.5852156057495,0.27340491425585794
1991.5879534565365,0.37852879484299523
1991.5906913073238,0.40902012183494074
1991.593429158111,0.3542732406154803
1991.596167008898,0.2246075129379957
1991.5989048596853,0.05580433424950168
1991.6016427104723,-0.10003610534652146
1991.6043805612594,-0.19821969155435382
1991.6071184120465,-0.22570510391412335
1991.6098562628338,-0.20677334380181647
1991.6125941136208,-0.18312798158214752
1991.615331964408,-0.18170911466702347
1991.618069815195,-0.19431275015385618
1991.6208076659823,-0.18454388989556375
1991.6235455167694,-0.11673936758847532
1991.6262833675564,0.014440566024372437
1991.6290212183435,0.17411795676893754
1991.6317590691308,0.30240422785623594
1991.6344969199179,0.3440825446728555
1991.637234770705,0.27575660568001165
1991.6399726214922,0.11767133140058081
1991.6427104722793,-0.07375529015505596
1991.6454483230664,-0.22862662083768925
1991.6481861738534,-0.29181954027445756
1991.6509240246407,-0.2444090655243122
1991.6536618754278,-0.1080957947116257
1991.6563997262149,0.06902937467038481
1991.659137577002,0.23599355753652404
1991.6618754277893,0.35699053683825077
1991.6646132785763,0.41505391730031216
1991.6673511293634,0.40517885276018906
1991.6700889801505,0.3287904793782372
1991.6728268309378,0.1969268178491197
1991.6755646817248,0.03688461152727841
1991.678302532512,-0.11017437816502532
1991.6810403832992,-0.2061758541563091
1991.6837782340863,-0.23764823137696123
1991.6865160848733,-0.22341745397824228
1991.6892539356604,-0.19894594772725044
1991.6919917864477,-0.1874650132651078
1991.6947296372348,-0.18082591981766202
1991.6974674880219,-0.14648807813819612
1991.700205338809,-0.05620503528493342
1991.7029431895962,0.08549526730678317
1991.7056810403833,0.2347144970709283
1991.7084188911704,0.3285868500637257
1991.7111567419577,0.3191282573403649
1991.7138945927447,0.1998179408265097
1991.7166324435318,0.010951239045969844
1991.7193702943189,-0.1772166909483716
1991.7221081451062,-0.2941539256456023
1991.7248459958932,-0.29797330172620484
1991.7275838466803,-0.19117451862436477
1991.7303216974674,-0.016322950211404074
1991.7330595482547,0.165965016748512
1991.7357973990418,0.30466697700213846
1991.7385352498288,0.375965560824601
1991.7412731006161,0.3821704421580217
1991.7440109514032,0.3371161428894789
1991.7467488021903,0.2527095958677381
1991.7494866529773,0.13774363241095092
1991.7522245037646,0.006444029519153915
1991.7549623545517,-0.11635859405067035
1991.7577002053388,-0.20319322874390958
1991.7604380561258,-0.24037547888843677
1991.7631759069131,-0.2372720416705937
1991.7659137577002,-0.21729725231335223
1991.7686516084873,-0.19637566132036813
1991.7713894592744,-0.16778205596469736
1991.7741273100617,-0.10840830962435088
1991.7768651608487,-0.0031497684076989213
1991.7796030116358,0.1323958879274771
1991.782340862423,0.25061125628351566
1991.7850787132102,0.2952028678734628
1991.7878165639972,0.23399012471759617
1991.7905544147843,0.07989096191886022
1991.7932922655716,-0.11203009956237076
1991.7960301163587,-0.2684363383714671
1991.7987679671457,-0.32923126710239986
1991.8015058179328,-0.2720719161718893
1991.8042436687201,-0.12006015267693716
1991.8069815195072,0.07002963722728216
1991.8097193702943,0.2337067314947843
1991.8124572210816,0.3265707803390556
1991.8151950718686,0.3395117775710241
1991.8179329226557,0.2934727045460742
1991.8206707734428,0.21909463687306008
1991.82340862423,0.13686181592897934
1991.8261464750171,0.05165485584112779
1991.8288843258042,-0.03750325764042159
1991.8316221765913,-0.12482840365987828
1991.8343600273786,-0.1956017692428498
1991.8370978781657,-0.23594334722432955
1991.8398357289527,-0.24334494529829753
1991.84257357974,-0.2261177214780976
1991.845311430527,-0.19198829202360665
1991.8480492813142,-0.13840396702058338
1991.8507871321012,-0.05659364325519449
1991.8535249828885,0.05214957320751861
1991.8562628336756,0.16300335752196382
1991.8590006844627,0.2319382724512003
1991.8617385352497,0.21857940728196185
1991.864476386037,0.11268118884253873
1991.867214236824,-0.0543083521370398
1991.8699520876112,-0.22053131300262802
1991.8726899383983,-0.3208249795823787
1991.8754277891856,-0.3146546148595903
1991.8781656399726,-0.20214145750731233
1991.8809034907597,-0.022964239378702043
1991.883641341547,0.16019627653854857
1991.886379192334,0.287204558934495
1991.8891170431211,0.3248453633807567
1991.8918548939082,0.27853357422554276
1991.8945927446955,0.184480201934561
1991.8973305954826,0.08635765964634494
1991.9000684462696,0.011105858136639404
1991.9028062970567,-0.04048106498176141
1991.905544147844,-0.08386536106065222
1991.908281998631,-0.1317899288527145
1991.9110198494182,-0.18215130790464668
1991.9137577002052,-0.22064091552902876
1991.9164955509925,-0.2324251195233863
1991.9192334017796,-0.21086346826696312
1991.9219712525667,-0.15733992210797723
1991.924709103354,-0.07700208157827469
1991.927446954141,0.02129520665335188
1991.930184804928,0.11966321870271165
1991.9329226557152,0.18857392981368973
1991.9356605065025,0.19551644186756373
1991.9383983572895,0.12341941487434693
1991.9411362080766,-0.013508753940294006
1991.9438740588637,-0.1695667038024854
1991.946611909651,-0.2854035292458026
1991.949349760438,-0.3138569482786476
1991.9520876112251,-0.2396194634255455
1991.9548254620124,-0.08437602825200921
1991.9575633127995,0.1021654077067797
1991.9603011635866,0.2601202298957941
1991.9630390143736,0.3404289037140993
1991.965776865161,0.32305311319790136
1991.968514715948,0.22500294491847753
1991.971252566735,0.09207980427228842
1991.9739904175221,-0.02425619964914468
1991.9767282683094,-0.09296789486737482
1991.9794661190965,-0.11623017189969582
1991.9822039698836,-0.120604010983163
1991.9849418206709,-0.133677830970528
1991.987679671458,-0.16357525949851826
1991.990417522245,-0.19515096569486792
1991.993155373032,-0.20279478653706062
1991.9958932238194,-0.16802887208598932
1991.9986310746065,-0.08979773779200531
1992.0013689253935,0.015754943868518327
1992.0041067761806,0.12129433022338694
1992.006844626968,0.19523232588055572
1992.009582477755,0.2095289767798954
1992.012320328542,0.1500631353001738
1992.0150581793291,0.026947844586709943
1992.0177960301164,-0.12282649006392234
1992.0205338809035,-0.24624449495742856
1992.0232717316906,-0.2954853321203658
1992.0260095824779,-0.24814489790913488
1992.028747433265,-0.11548869976280171
1992.031485284052,0.06371223855175888
1992.034223134839,0.23774924132459696
1992.0369609856264,0.35748274008017145
1992.0396988364134,0.3895130107274621
1992.0424366872005,0.32654227274628145
1992.0451745379876,0.19220002426254254
1992.0479123887749,0.03467545370215867
1992.050650239562,-0.09305047468648148
1992.053388090349,-0.1585156351084247
1992.0561259411363,-0.1649747315268389
1992.0588637919234,-0.14478293289815347
1992.0616016427105,-0.13429811132084146
1992.0643394934975,-0.14783481000661183
1992.0670773442848,-0.1690870978633909
1992.069815195072,-0.16495354612912116
1992.072553045859,-0.1103367729843844
1992.075290896646,-0.006419666135721658
1992.0780287474333,0.1178044661940214
1992.0807665982204,0.21865479428976498
1992.0835044490075,0.256362481480525
1992.0862422997948,0.2108912561131747
1992.0889801505818,0.09074137226054255
1992.091718001369,-0.06739379221136357
1992.094455852156,-0.20946864923914854
1992.0971937029433,-0.28361022484879345
1992.0999315537304,-0.2607867198410141
1992.1026694045174,-0.14604028545611314
1992.1054072553045,0.025772689303294218
1992.1081451060918,0.20593873091676715
1992.1108829568789,0.34898746507264894
1992.113620807666,0.42278468033814515
1992.116358658453,0.4118918974330566
1992.1190965092403,0.3195584004914074
1992.1218343600274,0.17015946346423524
1992.1245722108144,0.006680215241608205
1992.1273100616017,-0.12296431086589633
1992.1300479123888,-0.18783044284242129
1992.132785763176,-0.1902254041117983
1992.135523613963,-0.1622175814828606
1992.1382614647503,-0.141792213169791
1992.1409993155373,-0.14486258270300115
1992.1437371663244,-0.15416194995943366
1992.1464750171115,-0.13367401983395158
1992.1492128678988,-0.0577917433262697
1992.1519507186858,0.06609228530112106
1992.154688569473,0.1967871985939613
1992.15742642026,0.27950681773163966
1992.1601642710473,0.273567764079927
1992.1629021218343,0.17240873217139147
1992.1656399726214,0.007680790105055353
1992.1683778234087,-0.16255947541471036
1992.1711156741958,-0.27609804586739856
1992.1738535249829,-0.29077069607937095
1992.17659137577,-0.20071682838191454
1992.1793292265572,-0.036855818578423516
1992.1820670773443,0.14882667613185135
1992.1848049281314,0.3060304600678552
1992.1875427789184,0.4026057585110642
1992.1902806297057,0.42729476626782814
1992.1930184804928,0.38283203035414887
1992.1957563312799,0.2800112309144689
1992.1984941820672,0.13852976476404916
1992.2012320328543,-0.010471573724299583
1992.2039698836413,-0.1300821638934147
1992.2067077344284,-0.19377993770772406
1992.2094455852157,-0.20125135412309145
1992.2121834360028,-0.1786299500516304
1992.2149212867898,-0.15886690152944433
1992.217659137577,-0.15561712832223323
1992.2203969883642,-0.15185774753179643
1992.2231348391513,-0.11399129690889205
1992.2258726899383,-0.021665220495945915
1992.2286105407256,0.10949059881857817
1992.2313483915127,0.22976798861708767
1992.2340862422998,0.28113324436536286
1992.2368240930869,0.22982059655293863
1992.2395619438742,0.08606199613946479
1992.2422997946612,-0.09879382460649748
1992.2450376454483,-0.25432655804560533
1992.2477754962354,-0.32063097987036293
1992.2505133470227,-0.27243465386765
1992.2532511978097,-0.12792292222962595
1992.2559890485968,0.061378380664218274
1992.2587268993839,0.23483267538390712
1992.2614647501712,0.3484197012123275
1992.2642026009582,0.3879652863970257
1992.2669404517453,0.3640924328439174
1992.2696783025326,0.29614250228653083
1992.2724161533197,0.19951969446368376
1992.2751540041068,0.08545320758595193
1992.2778918548938,-0.031195857278925126
1992.2806297056811,-0.1287468647488317
1992.2833675564682,-0.18739767057750326
1992.2861054072553,-0.20308832557696338
1992.2888432580423,-0.1917550372458049
1992.2915811088296,-0.17646526996452688
1992.2943189596167,-0.16656339776728604
1992.2970568104038,-0.14774503505947434
1992.299794661191,-0.09430255632935915
1992.3025325119781,0.0044640040403889055
1992.3052703627652,0.12525183876733925
1992.3080082135523,0.2162605571315062
1992.3107460643396,0.22551683169418513
1992.3134839151267,0.13318626889536955
1992.3162217659137,-0.033251966116354136
1992.3189596167008,-0.2096657595725514
1992.321697467488,-0.32442904985704024
1992.3244353182752,-0.3300461495384169
1992.3271731690622,-0.22257785733573976
1992.3299110198495,-0.04148426776436152
1992.3326488706366,0.14902504818480583
1992.3353867214237,0.28850099171321414
1992.3381245722107,0.34505833962643984
1992.340862422998,0.32382959031410324
1992.3436002737851,0.25525836620170383
1992.3463381245722,0.17223393994933922
1992.3490759753593,0.09243711855053692
1992.3518138261466,0.017151688315191566
1992.3545516769336,-0.05645699716584213
1992.3572895277207,-0.12360706189678479
1992.3600273785078,-0.17230885897623802
1992.362765229295,-0.19411512450368865
1992.3655030800821,-0.19241379218081522
1992.3682409308692,-0.1781320307147276
1992.3709787816565,-0.1565384773063927
1992.3737166324436,-0.1195928245085441
1992.3764544832306,-0.0543277940997141
1992.3791923340177,0.03797718759651021
1992.381930184805,0.12945329020144536
1992.384668035592,0.17429922335653014
1992.3874058863792,0.13566814099341637
1992.3901437371662,0.01245323899791153
1992.3928815879535,-0.15328760945708905
1992.3956194387406,-0.29387685444428807
1992.3983572895277,-0.34777866554482284
1992.4010951403147,-0.28771087737708273
1992.403832991102,-0.1318321891244555
1992.406570841889,0.06518289253149712
1992.4093086926762,0.23574289350535546
1992.4120465434635,0.32735113369951824
1992.4147843942505,0.3231572784762365
1992.4175222450376,0.24535809681043286
1992.4202600958247,0.13929794534069329
1992.422997946612,0.04712951464863756
1992.425735797399,-0.012811450237374811
1992.4284736481861,-0.04832384639090562
1992.4312114989732,-0.07819763685554951
1992.4339493497605,-0.11334612142754796
1992.4366872005476,-0.14914378485362242
1992.4394250513346,-0.17247603304535186
1992.442162902122,-0.17387130962465702
1992.444900752909,-0.15257668990230597
1992.447638603696,-0.11206071942629475
1992.4503764544831,-0.05442824412546818
1992.4531143052704,0.017200735068468385
1992.4558521560575,0.08969016731098631
1992.4585900068446,0.13561791835721512
1992.4613278576317,0.12335101811672172
1992.464065708419,0.03815927383687277
1992.466803559206,-0.1008716122140746
1992.469541409993,-0.24265552056886447
1992.4722792607804,-0.3260407020027199
1992.4750171115675,-0.30906529338560107
1992.4777549623545,-0.18875982405449868
1992.4804928131416,-0.0022331497046309615
1992.483230663929,0.18910838775369107
1992.485968514716,0.3236603689476124
1992.488706365503,0.3626069904852951
1992.4914442162901,0.303910709068005
1992.4941820670774,0.18153453193987448
1992.4969199178645,0.04863875340863348
1992.4996577686516,-0.04851315699707723
1992.5023956194386,-0.09201351232280164
1992.505133470226,-0.09606745475697546
1992.507871321013,-0.09106679663717997
1992.5106091718,-0.0998838478329528
1992.5133470225874,-0.12339830073430086
1992.5160848733744,-0.14391492093673575
1992.5188227241615,-0.14069603208565523
1992.5215605749486,-0.10405201135260204
1992.5242984257359,-0.03911851922896871
1992.527036276523,0.038736570057542954
1992.52977412731,0.10931149376720826
1992.532511978097,0.15021358745491362
1992.5352498288844,0.14036826636809033
1992.5379876796715,0.06887499902482885
1992.5407255304585,-0.05347001242696607
1992.5434633812458,-0.1897601976200985
1992.546201232033,-0.2875391286059698
1992.54893908282,-0.30148396569548586
1992.551676933607,-0.21536824442245117
1992.5544147843943,-0.050340042440578256
1992.5571526351814,0.14401488595102319
1992.5598904859685,0.30913450682968363
1992.5626283367556,0.3975925004913739
1992.5653661875428,0.38749429655662093
1992.56810403833,0.288812944232426
1992.570841889117,0.14009049897024334
1992.5735797399043,-0.005819425887514606
1992.5763175906914,-0.10403299199712066
1992.5790554414784,-0.13786011582517338
1992.5817932922655,-0.1242404567132302
1992.5845311430528,-0.09921602446934974
1992.5872689938399,-0.09223752814273453
1992.590006844627,-0.10700226223835294
1992.592744695414,-0.1218715457481438
1992.5954825462013,-0.10804699672745538
1992.5982203969884,-0.051128500840438365
1992.6009582477755,0.03858495688490019
1992.6036960985625,0.13123139495285377
1992.6064339493498,0.19143549755270828
1992.609171800137,0.19224427368643734
1992.611909650924,0.12452029743755641
1992.6146475017113,0.0016513100643443246
1992.6173853524983,-0.14101646962183131
1992.6201232032854,-0.2546711806297864
1992.6228610540725,-0.293996467736009
1992.6255989048598,-0.23653451832388267
1992.6283367556468,-0.09376902380949673
1992.631074606434,0.09323876880803474
1992.633812457221,0.27093334112349704
1992.6365503080083,0.39266591782066873
1992.6392881587954,0.43112988486056747
1992.6420260095824,0.3820836406616999
1992.6447638603695,0.26312551295259357
1992.6475017111568,0.10980820689877835
1992.6502395619439,-0.033134620265433776
1992.652977412731,-0.12734849376599106
1992.6557152635182,-0.15801459047372912
1992.6584531143053,-0.14098160052280712
1992.6611909650924,-0.111586623377117
1992.6639288158794,-0.10001367781118638
1992.6666666666667,-0.11010105358792548
1992.6694045174538,-0.11771151264807833
1992.6721423682409,-0.09037777424515085
1992.674880219028,-0.013714074901581219
1992.6776180698153,0.09445202641677836
1992.6803559206023,0.19122285753633803
1992.6830937713894,0.23087945931592396
1992.6858316221767,0.18789288609856003
1992.6885694729638,0.06914280118034571
1992.6913073237508,-0.08801613789501381
1992.694045174538,-0.22900023477049533
1992.6967830253252,-0.3015031062250436
1992.6995208761123,-0.27518167992267745
1992.7022587268993,-0.15403797697907448
1992.7049965776864,0.025092520562487446
1992.7077344284737,0.2084425956773353
1992.7104722792608,0.3473467896990181
1992.7132101300479,0.41407106389019366
1992.7159479808352,0.4043653215611553
1992.7186858316222,0.3301717674227207
1992.7214236824093,0.21189943396760336
1992.7241615331964,0.07565361739650626
1992.7268993839837,-0.048164789429262264
1992.7296372347707,-0.13182651069644605
1992.7323750855578,-0.16291726680025884
1992.7351129363449,-0.15290052538574972
1992.7378507871322,-0.13077131508137146
1992.7405886379192,-0.12232895631769453
1992.7433264887063,-0.12972964052599167
1992.7460643394934,-0.12875837148166538
1992.7488021902807,-0.08829159123294972
1992.7515400410678,0.0018235978346991984
1992.7542778918548,0.1158884967933405
1992.7570157426421,0.20236230892953985
1992.7597535934292,0.21233724642900045
1992.7624914442163,0.127848795669695
1992.7652292950033,-0.026627966528056837
1992.7679671457906,-0.19415594157921198
1992.7707049965777,-0.3096959183286624
1992.7734428473648,-0.32678779667542707
1992.7761806981518,-0.23573460423571369
1992.7789185489391,-0.06652163624091355
1992.7816563997262,0.124800359259631
1992.7843942505133,0.28050028771306423
1992.7871321013006,0.36432500695379827
1992.7898699520877,0.37119150218585123
1992.7926078028747,0.319525779427777
1992.7953456536618,0.2343197129433659
1992.798083504449,0.13460352581637583
1992.8008213552362,0.032865879777117045
1992.8035592060232,-0.05844138065764671
1992.8062970568103,-0.12464118192309333
1992.8090349075976,-0.15602931357586497
1992.8117727583847,-0.15736243014366053
1992.8145106091717,-0.14724328894213498
1992.817248459959,-0.14366193075476813
1992.8199863107461,-0.1467424407484634
1992.8227241615332,-0.13554166115812008
1992.8254620123203,-0.08524026867262098
1992.8281998631076,0.007223582956449736
1992.8309377138946,0.11037861477947912
1992.8336755646817,0.17095231833271046
1992.8364134154688,0.1451948981499029
1992.839151266256,0.027768342568719226
1992.8418891170431,-0.1407443582760395
1992.8446269678302,-0.2917110527373715
1992.8473648186173,-0.3603695001799762
1992.8501026694046,-0.3146195076456523
1992.8528405201916,-0.16780141377418445
1992.8555783709787,0.02861176946188452
1992.858316221766,0.20812261648141933
1992.861054072553,0.31768038883886274
1992.8637919233402,0.33826232688071106
1992.8665297741272,0.2872923387915448
1992.8692676249145,0.2023412821596825
1992.8720054757016,0.11729184991215051
1992.8747433264887,0.04698252939093496
1992.8774811772757,-0.010934797428489797
1992.880219028063,-0.06244266840648731
1992.88295687885,-0.10627431208113079
1992.8856947296372,-0.13533914384688692
1992.8884325804243,-0.1465093346384214
1992.8911704312115,-0.14602618940844198
1992.8939082819986,-0.1428916019349074
1992.8966461327857,-0.13654291421343884
1992.899383983573,-0.11325744359965771
1992.90212183436,-0.05872636454234729
1992.9048596851471,0.02205904295267401
1992.9075975359342,0.09620956335400746
1992.9103353867215,0.11709638278477974
1992.9130732375086,0.0541852176732611
1992.9158110882956,-0.08233618515763799
1992.9185489390827,-0.2403119247411194
1992.92128678987,-0.34955572970841237
1992.924024640657,-0.35635143013673587
1992.9267624914442,-0.24901760541053525
1992.9295003422314,-0.062490886885770966
1992.9322381930185,0.13806496575617866
1992.9349760438056,0.28559710505469543
1992.9377138945927,0.3387978615615819
1992.94045174538,0.2971936181907991
1992.943189596167,0.19674780632785557
1992.945927446954,0.0880763130384946
1992.9486652977412,0.009371328462430249
1992.9514031485285,-0.02985389973174524
1992.9541409993155,-0.0450326965568444
1992.9568788501026,-0.057970062049475204
1992.95961670089,-0.07902325460963315
1992.962354551677,-0.10307063977490513
1992.965092402464,-0.11899982471400106
1992.9678302532511,-0.12086059308662121
1992.9705681040384,-0.10974399007067953
1992.9733059548255,-0.08715232427336836
1992.9760438056126,-0.05049560899203364
1992.9787816563996,0.0012283419876440264
1992.981519507187,0.05603260764727604
1992.984257357974,0.08543313776419498
1992.986995208761,0.05774306422251029
1992.9897330595481,-0.03816874156693356
1992.9924709103354,-0.17658840924996705
1992.9952087611225,-0.3007629870076614
1992.9979466119096,-0.34963303044173594
1993.0006844626969,-0.28937978404683695
1993.003422313484,-0.1311466509552306
1993.006160164271,0.07369815351382164
1993.008898015058,0.25617565312490975
1993.0116358658454,0.358130340542991
1993.0143737166325,0.35444412070636094
1993.0171115674195,0.2609487670594181
1993.0198494182066,0.12508195300929403
1993.022587268994,0.002736989380971
1993.025325119781,-0.0681164974119843
1993.028062970568,-0.08292748083023249
1993.0308008213553,-0.06611104233711472
1993.0335386721424,-0.05022061408846007
1993.0362765229295,-0.05365256940886503
1993.0390143737166,-0.07207757711331778
1993.0417522245039,-0.08718240793925613
1993.044490075291,-0.08280009763430812
1993.047227926078,-0.05490636287163368
1993.049965776865,-0.010425900178578104
1993.0527036276524,0.03912231936127434
1993.0554414784394,0.08060704457703316
1993.0581793292265,0.09786309989485069
1993.0609171800138,0.07289265516610989
1993.0636550308009,-0.004548219765188688
1993.066392881588,-0.1232452890191408
1993.069130732375,-0.24511288336612558
1993.0718685831623,-0.3171617779294068
1993.0746064339494,-0.2968668723571603
1993.0773442847365,-0.1756623731817311
1993.0800821355235,0.014229967113339825
1993.0828199863108,0.2131217416705785
1993.085557837098,0.35865859626477664
1993.088295687885,0.40927099259373584
1993.091033538672,0.3574739033181035
1993.0937713894593,0.2303029220685766
1993.0965092402464,0.0778198398845373
1993.0992470910335,-0.04710012012305486
1993.1019849418208,-0.11083147711944219
1993.1047227926078,-0.11246432578966833
1993.107460643395,-0.08003732801316893
1993.110198494182,-0.05045175437864542
1993.1129363449693,-0.04554230801197518
1993.1156741957564,-0.060356893960502755
1993.1184120465434,-0.07088606383682522
1993.1211498973305,-0.05396199549344151
1993.1238877481178,-0.004039681799625532
1993.1266255989049,0.0637017381010555
1993.129363449692,0.12259141141388873
1993.132101300479,0.1469002416033116
1993.1348391512663,0.12033497610061047
1993.1375770020534,0.040407516601038425
1993.1403148528404,-0.07845826901291711
1993.1430527036277,-0.203837219213716
1993.1457905544148,-0.2912629855067155
1993.148528405202,-0.2999469179589457
1993.151266255989,-0.21249545888798274
1993.1540041067763,-0.04661073769525409
1993.1567419575633,0.149939950285546
1993.1594798083504,0.3188243668479965
1993.1622176591375,0.41370622329686574
1993.1649555099248,0.41459552907548597
1993.1676933607118,0.3303440389443525
1993.170431211499,0.1925496952952294
1993.1731690622862,0.04496698001579872
1993.1759069130733,-0.07008271335274695
1993.1786447638603,-0.12667756222743798
1993.1813826146474,-0.1258938062863422
1993.1841204654347,-0.09402362654886823
1993.1868583162218,-0.0659505493338372
1993.1895961670089,-0.06240349403231552
1993.192334017796,-0.07671399879185692
1993.1950718685832,-0.0813758207409517
1993.1978097193703,-0.05009251702354121
1993.2005475701574,0.020808535105264737
1993.2032854209447,0.10669823863057593
1993.2060232717317,0.16743262303111858
1993.2087611225188,0.16866886378049242
1993.2114989733059,0.09857998301803542
1993.2142368240932,-0.026943310740234743
1993.2169746748802,-0.16970200345967143
1993.2197125256673,-0.28127738195103535
1993.2224503764544,-0.3187156449724322
1993.2251882272417,-0.2605557667415721
1993.2279260780288,-0.11731274318776938
1993.2306639288158,0.07033088259976997
1993.233401779603,0.24719364646875777
1993.2361396303902,0.36574609043972717
1993.2388774811773,0.40249628433678636
1993.2416153319643,0.3608191110504322
1993.2443531827516,0.2625777437516452
1993.2470910335387,0.13732636873062617
1993.2498288843258,0.015246508770693242
1993.2525667351129,-0.0774143910065088
1993.2553045859001,-0.12463239757538844
1993.2580424366872,-0.1279219630670246
1993.2607802874743,-0.10745869679854003
1993.2635181382614,-0.09098683951217187
1993.2662559890487,-0.0946973485435683
1993.2689938398357,-0.1100671138627124
1993.2717316906228,-0.10905317140911193
1993.27446954141,-0.06628086165302469
1993.2772073921972,0.017648944937639813
1993.2799452429842,0.109806211472361
1993.2826830937713,0.16120801377131425
1993.2854209445586,0.1349315942264677
1993.2881587953457,0.02794752376999366
1993.2908966461328,-0.125438118143051
1993.2936344969198,-0.2682548438171882
1993.2963723477071,-0.3444897096628515
1993.2991101984942,-0.321029037053279
1993.3018480492813,-0.20025529576259618
1993.3045859000686,-0.019149719739178835
1993.3073237508556,0.16540469317352663
1993.3100616016427,0.29983401092464035
1993.3127994524298,0.3547800352748682
1993.315537303217,0.3326562102404028
1993.3182751540041,0.25865770621420636
1993.3210130047912,0.16316983823884598
1993.3237508555783,0.06851854930353375
1993.3264887063656,-0.012929468646151266
1993.3292265571527,-0.07356384042784712
1993.3319644079397,-0.10790964671304107
1993.3347022587268,-0.11662710867860536
1993.337440109514,-0.11094562574329063
1993.3401779603012,-0.10833377963580462
1993.3429158110882,-0.11882406682169595
1993.3456536618755,-0.1332639082918267
1993.3483915126626,-0.12676369301581322
1993.3511293634497,-0.0787067220875433
1993.3538672142367,0.005059039972663364
1993.356605065024,0.0868676980602523
1993.359342915811,0.1159629681353645
1993.3620807665982,0.05995692005911199
1993.3648186173853,-0.07220967677521295
1993.3675564681726,-0.23081898496736458
1993.3702943189596,-0.34843453075376746
1993.3730321697467,-0.37141537596399754
1993.3757700205338,-0.2835249788824999
1993.378507871321,-0.11188260483122867
1993.3812457221081,0.0855279611696933
1993.3839835728952,0.24459507641506556
1993.3867214236825,0.32149585344007525
1993.3894592744696,0.30888901555846304
1993.3921971252566,0.23378998151593844
1993.3949349760437,0.1386180141593344
1993.397672826831,0.05742007093943914
1993.400410677618,0.0023784419882673657
1993.4031485284052,-0.03255646620906801
1993.4058863791922,-0.057671157344741014
1993.4086242299795,-0.07698274394383378
1993.4113620807666,-0.089212240789808
1993.4140999315537,-0.09542321072622936
1993.416837782341,-0.10182626910522181
1993.419575633128,-0.11263371910522307
1993.422313483915,-0.1205973163600947
1993.4250513347022,-0.10807377370898325
1993.4277891854895,-0.062411740910998666
1993.4305270362765,0.005853148463245431
1993.4332648870636,0.05974544404303062
1993.4360027378507,0.05501754855218612
1993.438740588638,-0.029395284836979518
1993.441478439425,-0.17143560561305526
1993.4442162902121,-0.3117749869817468
1993.4469541409994,-0.382738432262563
1993.4496919917865,-0.34266566042044666
1993.4524298425736,-0.19638648369225453
1993.4551676933606,0.007436201983309389
1993.457905544148,0.19853387328386485
1993.460643394935,0.31523488204582983
1993.463381245722,0.329330802971435
1993.4661190965091,0.2551602855325392
1993.4688569472964,0.13888754494770275
1993.4715947980835,0.033218544539262596
1993.4743326488706,-0.028733639418991114
1993.4770704996577,-0.04538581256934386
1993.479808350445,-0.038401859452203244
1993.482546201232,-0.032291186807761454
1993.485284052019,-0.03800467685871163
1993.4880219028064,-0.05139770145734926
1993.4907597535935,-0.06354327846847604
1993.4934976043805,-0.07028135579124825
1993.4962354551676,-0.0719229376957436
1993.498973305955,-0.06641140524437529
1993.501711156742,-0.047166871543904046
1993.504449007529,-0.011588002899430171
1993.5071868583161,0.027066882031276607
1993.5099247091034,0.03881484134376739
1993.5126625598905,-0.00618275576609515
1993.5154004106776,-0.11270927570429704
1993.5181382614649,-0.2470796510261761
1993.520876112252,-0.34827489638472714
1993.523613963039,-0.35886640385366353
1993.526351813826,-0.2566395235087104
1993.5290896646134,-0.06785837244483632
1993.5318275154004,0.1442525908300063
1993.5345653661875,0.307818202849354
1993.5373032169746,0.3725015947868766
1993.5400410677619,0.32849915173043664
1993.542778918549,0.20757695768404247
1993.545516769336,0.06649128319564494
1993.5482546201233,-0.039935584223793986
1993.5509924709104,-0.0833617538858954
1993.5537303216975,-0.0711563234762449
1993.5564681724845,-0.03532168698279901
1993.5592060232718,-0.008949953967099047
1993.561943874059,-0.00644932621043443
1993.564681724846,-0.020128230403691796
1993.567419575633,-0.03235279163283837
1993.5701574264203,-0.03083175113440268
1993.5728952772074,-0.014763237023132442
1993.5756331279945,0.009565249164050637
1993.5783709787815,0.03501582900526353
1993.5811088295688,0.05367054242265962
1993.583846680356,0.05261507994215893
1993.586584531143,0.014865455559351981
1993.5893223819303,-0.06907531001012249
1993.5920602327174,-0.18577206681475242
1993.5947980835044,-0.29413911911214824
1993.5975359342915,-0.3404102953357984
1993.6002737850788,-0.28645386401904793
1993.6030116358659,-0.13351562053987323
1993.605749486653,0.07430911682484585
1993.60848733744,0.2689110862825955
1993.6112251882273,0.38775977674169615
1993.6139630390144,0.3986876410600035
1993.6167008898015,0.30986914324320447
1993.6194387405885,0.1633929585967906
1993.6221765913758,0.016600115813419962
1993.624914442163,-0.08163476257119703
1993.62765229295,-0.11045328258259782
1993.6303901437373,-0.0831160351657218
1993.6331279945243,-0.03551098062550627
1993.6358658453114,-0.0029794471842384436
1993.6386036960985,0.00020536868880813644
1993.6413415468858,-0.014503185602495264
1993.6440793976728,-0.022912869880943803
1993.64681724846,-0.007623797329973623
1993.649555099247,0.03043822419002991
1993.6522929500343,0.07458195888198521
1993.6550308008214,0.10329172657989255
1993.6577686516084,0.09958776851596476
1993.6605065023957,0.05458395839123623
1993.6632443531828,-0.031147696826141862
1993.6659822039699,-0.14403685542416064
1993.668720054757,-0.2540875698412258
1993.6714579055442,-0.31925102959044516
1993.6741957563313,-0.3015718310584575
1993.6769336071184,-0.18834634394008398
1993.6796714579054,-0.004207142499315662
1993.6824093086927,0.19581885917588202
1993.6851471594798,0.34941793928728176
1993.6878850102669,0.41282088700748965
1993.6906228610542,0.3758601748769243
1993.6933607118413,0.2614679867526964
1993.6960985626283,0.11365192929011987
1993.6988364134154,-0.019240841712687952
1993.7015742642027,-0.10093382275495193
1993.7043121149898,-0.11942113274552088
1993.7070499657768,-0.09018431947090014
1993.709787816564,-0.046691203867772355
1993.7125256673512,-0.020759141740379905
1993.7152635181383,-0.023619676200062067
1993.7180013689253,-0.04056892147089866
1993.7207392197124,-0.04367522770886713
1993.7234770704997,-0.013706854246830293
1993.7262149212868,0.044537547121471545
1993.7289527720739,0.1037785144345101
1993.7316906228612,0.12997936022120743
1993.7344284736482,0.10044962240754356
1993.7371663244353,0.013974518097757798
1993.7399041752224,-0.10917858462156432
1993.7426420260097,-0.23352630325708626
1993.7453798767967,-0.31760129382678853
1993.7481177275838,-0.32595682520712105
1993.7508555783709,-0.24313133719817692
1993.7535934291582,-0.08402137512354475
1993.7563312799452,0.10741762108167797
1993.7590691307323,0.2741069882836479
1993.7618069815196,0.36928683366532544
1993.7645448323067,0.37425747618572797
1993.7672826830938,0.3012314778169474
1993.7700205338808,0.18274317318744704
1993.7727583846681,0.056709814328134586
1993.7754962354552,-0.044952341477963786
1993.7782340862423,-0.10278095470454816
1993.7809719370293,-0.1136048014190854
1993.7837097878166,-0.09159499908114813
1993.7864476386037,-0.06272917717887252
1993.7891854893908,-0.05107093492488605
1993.791923340178,-0.0632065377457743
1993.7946611909651,-0.08260845372687946
1993.7973990417522,-0.08091196587774054
1993.8001368925393,-0.04013635760167624
1993.8028747433266,0.030148390873807246
1993.8056125941137,0.09418684416869619
1993.8083504449007,0.10984051391466587
1993.8110882956878,0.05351350756756289
1993.813826146475,-0.0654858654210073
1993.8165639972622,-0.20808631079227424
1993.8193018480492,-0.321905299238861
1993.8220396988363,-0.36166186466263495
1993.8247775496236,-0.3057890177900265
1993.8275154004107,-0.16486099432373463
1993.8302532511977,0.020799875168022765
1993.832991101985,0.19516284415991236
1993.8357289527721,0.30827437845234634
1993.8384668035592,0.33599514784460216
1993.8412046543463,0.286863956073537
1993.8439425051336,0.1925288302838334
1993.8466803559206,0.08914902140222612
1993.8494182067077,0.0024413859634296615
1993.8521560574948,-0.056168154453550986
1993.854893908282,-0.08524412612467142
1993.8576317590691,-0.08916470962357273
1993.8603696098562,-0.07795667346160598
1993.8631074606435,-0.06695028168792772
1993.8658453114306,-0.07032469084885686
1993.8685831622176,-0.09003234653407266
1993.8713210130047,-0.11009935064405788
1993.874058863792,-0.10531254452733799
1993.876796714579,-0.06149536333335187
1993.8795345653662,0.007612074799361893
1993.8822724161532,0.062120408426488916
1993.8850102669405,0.05826527669683609
1993.8877481177276,-0.02300004646529538
1993.8904859685147,-0.16048208279378753
1993.8932238193017,-0.3003334559510877
1993.895961670089,-0.3813947537629756
1993.898699520876,-0.3633764240139305
1993.9014373716632,-0.2441070249131112
1993.9041752224505,-0.059813367505327175
1993.9069130732375,0.129922875958161
1993.9096509240246,0.26606002701755604
1993.9123887748117,0.31351237259807213
1993.915126625599,0.27384937197143
1993.917864476386,0.18055938652238834
1993.9206023271731,0.07909419774049853
1993.9233401779602,0.003566591890300265
1993.9260780287475,-0.0356916108179317
1993.9288158795346,-0.04787969342398117
1993.9315537303216,-0.04775794570369965
1993.934291581109,-0.044948683616561534
1993.937029431896,-0.04348163567676641
1993.939767282683,-0.04697642043120043
1993.9425051334701,-0.059747867397426005
1993.9452429842574,-0.08066929163706664
1993.9479808350445,-0.09745038078591842
1993.9507186858316,-0.09160861434111184
1993.9534565366187,-0.05457971370748946
1993.956194387406,-0.0022754570809714013
1993.958932238193,0.02724552631106937
1993.96167008898,-0.003913065084165106
1993.9644079397672,-0.10520902562805723
1993.9671457905545,-0.24420205379503537
1993.9698836413415,-0.35897289404952193
1993.9726214921286,-0.3894328595062807
1993.975359342916,-0.3084995024949132
1993.978097193703,-0.13588660261749227
1993.98083504449,0.07099564422812107
1993.9835728952771,0.24245296780774683
1993.9863107460644,0.32567149400703077
1993.9890485968515,0.30531020495269917
1993.9917864476386,0.20719390070409638
1993.9945242984256,0.08343805548110947
1993.997262149213,-0.014037487268901574
1994.0,-0.05764478470434124
1994.002737850787,-0.0523647792682406
1994.0054757015744,-0.024483710329844508
1994.0082135523614,-0.0005893196999231954
1994.0109514031485,0.007410534127283248
1994.0136892539356,0.002331033158079355
1994.0164271047229,-0.008489273941949363
1994.01916495551,-0.021241238280421453
1994.021902806297,-0.03433612545869001
1994.024640657084,-0.04255494213462939
1994.0273785078714,-0.037292567086047744
1994.0301163586585,-0.01651862827243395
1994.0328542094455,0.004663595553219533
1994.0355920602328,-0.0034517923209785835
1994.03832991102,-0.06580795693589704
1994.041067761807,-0.17880699794475138
1994.043805612594,-0.3016378654335007
1994.0465434633813,-0.3727514761597618
1994.0492813141684,-0.34295951615441556
1994.0520191649555,-0.20431460853451427
1994.0547570157426,0.002909020081202738
1994.0574948665299,0.2081729779287551
1994.060232717317,0.3423436938252356
1994.062970568104,0.36668905870528734
1994.065708418891,0.2868157768072132
1994.0684462696784,0.14711612825718715
1994.0711841204654,0.009085211420830035
1994.0739219712525,-0.07677602334038602
1994.0766598220398,-0.09220168530038941
1994.0793976728269,-0.054573163066884624
1994.082135523614,-0.0010606861912866583
1994.084873374401,0.035824555721781656
1994.0876112251883,0.0449906016806263
1994.0903490759754,0.03605103073271645
1994.0930869267625,0.02529160560987144
1994.0958247775495,0.021940160827185404
1994.0985626283368,0.025171014659842575
1994.101300479124,0.030261773466369372
1994.104038329911,0.033826582233657976
1994.1067761806983,0.03147084982874996
1994.1095140314853,0.012281651683599149
1994.1122518822724,-0.03929559908612346
1994.1149897330595,-0.13009025039811256
1994.1177275838468,-0.24256017022014512
1994.1204654346338,-0.3325390444735591
1994.123203285421,-0.34780152329528385
1994.125941136208,-0.258153017334277
1994.1286789869953,-0.07717140550134592
1994.1314168377824,0.13951614253628372
1994.1341546885694,0.31874668785782434
1994.1368925393565,0.4024951972315923
1994.1396303901438,0.37140729116372423
1994.1423682409309,0.24957055602059705
1994.145106091718,0.09119643325223326
1994.1478439425052,-0.04335817819121486
1994.1505817932923,-0.11225428994831563
1994.1533196440794,-0.1075631750836009
1994.1560574948664,-0.054303829600980305
1994.1587953456537,0.006820868422069928
1994.1615331964408,0.04350028958023174
1994.1642710472279,0.04806069781378399
1994.167008898015,0.03605616028178078
1994.1697467488023,0.030024538486027756
1994.1724845995893,0.04174894511328292
1994.1752224503764,0.06574862804973844
1994.1779603011637,0.08589273640327227
1994.1806981519508,0.08640137266076033
1994.1834360027378,0.05775552083871216
1994.186173853525,-0.003555309486622825
1994.1889117043122,-0.0950253418640852
1994.1916495550993,-0.20334056258534075
1994.1943874058863,-0.29924979106507804
1994.1971252566734,-0.3418789878776216
1994.1998631074607,-0.29647176608717757
1994.2026009582478,-0.1568455553204673
1994.2053388090349,0.043523038081533835
1994.208076659822,0.2419627433086609
1994.2108145106092,0.373958949023281
1994.2135523613963,0.40137640213178893
1994.2162902121834,0.32633271296775557
1994.2190280629707,0.18602868176106452
1994.2217659137577,0.03450183266829478
1994.2245037645448,-0.07887626661577732
1994.2272416153319,-0.1264034838335737
1994.2299794661192,-0.10986916923782061
1994.2327173169062,-0.05652314114184001
1994.2354551676933,-0.003700258945974727
1994.2381930184804,0.021529690538216312
1994.2409308692677,0.0163685204964987
1994.2436687200548,0.000626646997230116
1994.2464065708418,0.00010188016966076671
1994.2491444216291,0.026698047894085204
1994.2518822724162,0.06936175096639698
1994.2546201232033,0.10118413150658168
1994.2573579739903,0.09580425155245059
1994.2600958247776,0.0411350382038957
1994.2628336755647,-0.056366189955594476
1994.2655715263518,-0.1748930330860914
1994.2683093771388,-0.2826432795668308
1994.2710472279261,-0.3438474904759569
1994.2737850787132,-0.3282370321916608
1994.2765229295003,-0.2245894859915078
1994.2792607802876,-0.05191797710200557
1994.2819986310747,0.14166154328308433
1994.2847364818617,0.2963136861351901
1994.2874743326488,0.36622749882269406
1994.290212183436,0.3387400457849518
1994.2929500342232,0.2362112627428427
1994.2956878850102,0.10194902257421729
1994.2984257357973,-0.019399727055198338
1994.3011635865846,-0.09679612003298917
1994.3039014373717,-0.11949815723991372
1994.3066392881587,-0.09702368953812743
1994.3093771389458,-0.053859411875736875
1994.3121149897331,-0.01875957550137991
1994.3148528405202,-0.010514935493817858
1994.3175906913073,-0.02715720379798562
1994.3203285420946,-0.04715748993899653
1994.3230663928816,-0.04457464947945998
1994.3258042436687,-0.009145974224364146
1994.3285420944558,0.04317043959160584
1994.331279945243,0.07763166964211785
1994.3340177960301,0.06137029251498831
1994.3367556468172,-0.016680368730636323
1994.3394934976043,-0.13858907484899582
1994.3422313483916,-0.26496231300634826
1994.3449691991786,-0.3506105246778877
1994.3477070499657,-0.36045681878522107
1994.350444900753,-0.28146394850391804
1994.35318275154,-0.12882993378213478
1994.3559206023272,0.05603276415941218
1994.3586584531142,0.21818061470606998
1994.3613963039015,0.3101414465856503
1994.3641341546886,0.3117489982238792
1994.3668720054757,0.23720960655265333
1994.3696098562627,0.12490467687456813
1994.37234770705,0.01699690578198776
1994.375085557837,-0.05798007849550735
1994.3778234086242,-0.0908956485627985
1994.3805612594115,-0.08772148135365987
1994.3832991101985,-0.06269336597424943
1994.3860369609856,-0.03365361071443038
1994.3887748117727,-0.017859688340421714
1994.39151266256,-0.02507442108660153
1994.394250513347,-0.05023172821920378
1994.3969883641341,-0.07334239776961625
1994.3997262149212,-0.07146295270460164
1994.4024640657085,-0.03708137288132899
1994.4052019164956,0.011011406039594027
1994.4079397672826,0.035120641102492245
1994.4106776180697,0.001643715077689848
1994.413415468857,-0.09547450766541672
1994.416153319644,-0.22678822379569177
1994.4188911704312,-0.33981610760214653
1994.4216290212185,-0.3836002775558974
1994.4243668720055,-0.33149304525038303
1994.4271047227926,-0.19215003815910303
1994.4298425735797,-0.006151880480781871
1994.432580424367,0.1690405985905133
1994.435318275154,0.2805551776995878
1994.438056125941,0.3006263438025831
1994.4407939767282,0.23721726803198334
1994.4435318275155,0.12832326020139553
1994.4462696783025,0.02187056813437451
1994.4490075290896,-0.04739616173647779
1994.4517453798767,-0.07025685535061846
1994.454483230664,-0.058893545614394416
1994.457221081451,-0.03289251950249326
1994.4599589322381,-0.007658235129629987
1994.4626967830254,0.008039238892677623
1994.4654346338125,0.009077093972340175
1994.4681724845996,-0.006479275588619134
1994.4709103353866,-0.033219387043481124
1994.473648186174,-0.05626141991448622
1994.476386036961,-0.05861822630472183
1994.479123887748,-0.036079639231396246
1994.4818617385351,-0.007263026126151411
1994.4845995893224,-0.006847379930084288
1994.4873374401095,-0.06278525163092363
1994.4900752908966,-0.17268000943765083
1994.4928131416839,-0.297362056412138
1994.495550992471,-0.3780119778979826
1994.498288843258,-0.36667924696527754
1994.501026694045,-0.25174390819626447
1994.5037645448324,-0.06464189413722293
1994.5065023956195,0.13379171124159822
1994.5092402464065,0.27900573501392967
1994.5119780971936,0.3286417995128645
1994.514715947981,0.2784834829430408
1994.517453798768,0.16221339046553163
1994.520191649555,0.03460983160405332
1994.5229295003423,-0.05450781715389218
1994.5256673511294,-0.08220900783920747
1994.5284052019165,-0.05806265402367629
1994.5311430527036,-0.011317558210361345
1994.5338809034909,0.029938488027184067
1994.536618754278,0.05259292702603767
1994.539356605065,0.05783213598687788
1994.542094455852,0.05146981393579444
1994.5448323066394,0.036995865719899546
1994.5475701574264,0.01711385998977708
1994.5503080082135,-0.0016298505607258995
1994.5530458590006,-0.01059539441967415
1994.5557837097879,-0.008886730638348345
1994.558521560575,-0.011564444820647309
1994.561259411362,-0.04432196880552208
1994.5639972621493,-0.12377807124697487
1994.5667351129364,-0.23720432121948898
1994.5694729637235,-0.3395012428035137
1994.5722108145105,-0.3736610778267059
1994.5749486652978,-0.30315197701552143
1994.577686516085,-0.1354105698310293
1994.580424366872,0.07821440627288347
1994.583162217659,0.265271012660003
1994.5859000684463,0.36428700295587996
1994.5886379192334,0.35001264333223364
1994.5913757700205,0.24154583880433816
1994.5941136208078,0.09153969053105201
1994.5968514715948,-0.03804991842269557
1994.599589322382,-0.10304622690425079
1994.602327173169,-0.09434545010338681
1994.6050650239563,-0.03658660252705511
1994.6078028747434,0.030591151025972072
1994.6105407255304,0.07649208257521886
1994.6132785763175,0.09299251675873449
1994.6160164271048,0.09064259051706194
1994.6187542778919,0.08377833824532946
1994.621492128679,0.07855639866538258
1994.6242299794662,0.07246639221832919
1994.6269678302533,0.06154963036124881
1994.6297056810404,0.044762305361214796
1994.6324435318274,0.020281833642479326
1994.6351813826147,-0.02015986676452735
1994.6379192334018,-0.0883689810869088
1994.640657084189,-0.18586610961508646
1994.643394934976,-0.2900172071442062
1994.6461327857633,-0.35538861806815997
1994.6488706365503,-0.3352105236644351
1994.6516084873374,-0.2109695302122744
1994.6543463381245,-0.009707889166274585
1994.6570841889118,0.2039071660939511
1994.6598220396988,0.35664457150084333
1994.662559890486,0.39982121782970176
1994.6652977412732,0.3289843491528072
1994.6680355920603,0.1824313615617175
1994.6707734428473,0.022076405978941293
1994.6735112936344,-0.09334196261458966
1994.6762491444217,-0.13144361192601495
1994.6789869952088,-0.09649158221670748
1994.6817248459959,-0.02232542317514669
1994.684462696783,0.04857855509087604
1994.6872005475702,0.08830069197241838
1994.6899383983573,0.09508920488429316
1994.6926762491444,0.08697905551064078
1994.6954140999314,0.08381609682899462
1994.6981519507187,0.09203226351838614
1994.7008898015058,0.10261271012512965
1994.7036276522929,0.1005754307943583
1994.7063655030802,0.0753412402287313
1994.7091033538672,0.02364002525644343
1994.7118412046543,-0.0533775242105766
1994.7145790554414,-0.15068544140140253
1994.7173169062287,-0.25372372992809483
1994.7200547570158,-0.3329413848854866
1994.7227926078028,-0.3493178497668594
1994.72553045859,-0.27373790241560286
1994.7282683093772,-0.10933218624252045
1994.7310061601643,0.10042006899666317
1994.7337440109513,0.2868555020732522
1994.7364818617386,0.3871972861382228
1994.7392197125257,0.3731539813686534
1994.7419575633128,0.26129310673112627
1994.7446954140999,0.10199727281991643
1994.7474332648871,-0.044353720078548195
1994.7501711156742,-0.1315292643649032
1994.7529089664613,-0.14274152693404807
1994.7556468172484,-0.09301121248943722
1994.7583846680357,-0.01865777468780783
1994.7611225188227,0.04191584633047792
1994.7638603696098,0.06740179663903963
1994.766598220397,0.062208468836049836
1994.7693360711842,0.0489906813512837
1994.7720739219712,0.050004584599172695
1994.7748117727583,0.07039510279600297
1994.7775496235456,0.09493918102083461
1994.7802874743327,0.0990865828133495
1994.7830253251198,0.06458076947992446
1994.7857631759068,-0.011385338046829358
1994.7885010266941,-0.11662265426307569
1994.7912388774812,-0.22887404543165116
1994.7939767282683,-0.31964481059565636
1994.7967145790553,-0.3577002374010623
1994.7994524298426,-0.3173080150373845
1994.8021902806297,-0.19217411067673495
1994.8049281314168,-0.0070525809638513105
1994.807665982204,0.18454955496497719
1994.8104038329911,0.3204493684709689
1994.8131416837782,0.35801356293751424
1994.8158795345653,0.2935461387026816
1994.8186173853526,0.1614554436818727
1994.8213552361397,0.015490320527141034
1994.8240930869267,-0.09538490326464703
1994.8268309377138,-0.14402847633434546
1994.829568788501,-0.1301785326478598
1994.8323066392882,-0.07551380594918386
1994.8350444900752,-0.012552103409615906
1994.8377823408625,0.029457778572432272
1994.8405201916496,0.03751731234969923
1994.8432580424367,0.0204333505793095
1994.8459958932237,0.0020010360683365425
1994.848733744011,0.004044436236101895
1994.851471594798,0.029843058960339765
1994.8542094455852,0.059860455232282665
1994.8569472963723,0.06337091749396842
1994.8596851471596,0.017925466764584435
1994.8624229979466,-0.07647182530817781
1994.8651608487337,-0.19628494292758014
1994.867898699521,-0.30435975552340183
1994.870636550308,-0.36328268095462324
1994.8733744010951,-0.3467486627094064
1994.8761122518822,-0.24809467760008955
1994.8788501026695,-0.08581118483185601
1994.8815879534566,0.09741953208260068
1994.8843258042436,0.2465819468588703
1994.8870636550307,0.3157358474205575
1994.889801505818,0.28882586818690204
1994.892539356605,0.18687163827681408
1994.8952772073922,0.056215325527835834
1994.8980150581792,-0.0547035946073315
1994.9007529089665,-0.11554468593550515
1994.9034907597536,-0.12108617252370088
1994.9062286105407,-0.08568933353991606
1994.908966461328,-0.03293536191922715
1994.911704312115,0.013278013445242536
1994.914442162902,0.03546342143458958
1994.9171800136892,0.028438306250076765
1994.9199178644765,0.002452718428744876
1994.9226557152635,-0.021251649012277087
1994.9253935660506,-0.02370640812420597
1994.9281314168377,-0.003235670364759524
1994.930869267625,0.019451415858839586
1994.933607118412,0.012344245262083647
1994.9363449691991,-0.04654016682991281
1994.9390828199862,-0.15199440951275167
1994.9418206707735,-0.2703121996422719
1994.9445585215606,-0.35423287967002204
1994.9472963723476,-0.3644430132460074
1994.950034223135,-0.2862641336641405
1994.952772073922,-0.1355737703613774
1994.955509924709,0.046081502700999866
1994.9582477754961,0.2048293733488211
1994.9609856262834,0.2931912924196213
1994.9637234770705,0.28869336780250876
1994.9664613278576,0.2038581165506526
1994.9691991786447,0.08047517728412637
1994.971937029432,-0.030695320966333622
1994.974674880219,-0.09360141813282617
1994.977412731006,-0.09989108300021111
1994.9801505817934,-0.0650502932755031
1994.9828884325805,-0.013843424979665208
1994.9856262833675,0.03282560747379258
1994.9883641341546,0.06246387679244516
1994.991101984942,0.06947452009207017
1994.993839835729,0.05428638889998074
1994.996577686516,0.025072836548684543
1994.9993155373031,-0.0029551123513287102
1995.0020533880904,-0.01564471906082264
1995.0047912388775,-0.012170961066309615
1995.0075290896646,-0.01067998871704995
1995.0102669404519,-0.03890403017057582
1995.013004791239,-0.11335696459638472
1995.015742642026,-0.22177358562398133
1995.018480492813,-0.3229763830834933
1995.0212183436004,-0.36614353536846345
1995.0239561943874,-0.3177454326813849
1995.0266940451745,-0.18000578131514366
1995.0294318959616,0.008487962743736307
1995.0321697467489,0.18849934844295013
1995.034907597536,0.30360343445940924
1995.037645448323,0.32173188596517827
1995.04038329911,0.24716110916797707
1995.0431211498974,0.11814164386693722
1995.0458590006845,-0.010084900066569537
1995.0485968514715,-0.09016268471506149
1995.0513347022588,-0.10279324836023088
1995.054072553046,-0.060806997807477454
1995.056810403833,0.004330462886462473
1995.05954825462,0.06305422419279087
1995.0622861054073,0.10082652961454262
1995.0650239561944,0.11722978039303263
1995.0677618069815,0.11677035951986345
1995.0704996577686,0.10246351003875284
1995.0732375085558,0.07715031859327068
1995.075975359343,0.04724970327767885
1995.07871321013,0.02066929922641293
1995.0814510609173,-0.001745896050032475
1995.0841889117044,-0.03202689890467826
1995.0869267624914,-0.08846222352313296
1995.0896646132785,-0.17784135314511354
1995.0924024640658,-0.28022347788053237
1995.0951403148529,-0.35109748649300937
1995.09787816564,-0.34340986480452773
1995.100616016427,-0.2362471989058087
1995.1033538672143,-0.05122180462671623
1995.1060917180014,0.15402421467601118
1995.1088295687885,0.31095772667676563
1995.1115674195757,0.36972264076606837
1995.1143052703628,0.31893563771852385
1995.11704312115,0.18833414988690853
1995.119780971937,0.03468811289966267
1995.1225188227243,-0.0827260919375334
1995.1252566735113,-0.12683226152119878
1995.1279945242984,-0.09626831082485995
1995.1307323750855,-0.020644583486909753
1995.1334702258728,0.05958209917699246
1995.1362080766598,0.11581298448401962
1995.138945927447,0.14211056125018512
1995.141683778234,0.14896762520433438
1995.1444216290213,0.1481644667502427
1995.1471594798084,0.1424975430819381
1995.1498973305954,0.12735535239050105
1995.1526351813827,0.09887760967071706
1995.1553730321698,0.05803371977208149
1995.1581108829569,0.0064749702660219476
1995.160848733744,-0.05901485532561111
1995.1635865845312,-0.14356441954401145
1995.1663244353183,-0.24182567170050687
1995.1690622861054,-0.3274293360793227
1995.1718001368924,-0.35788046150526825
1995.1745379876797,-0.2969629159334968
1995.1772758384668,-0.141033091143233
1995.1800136892539,0.07005157164416637
1995.182751540041,0.2668886897840441
1995.1854893908283,0.38191394175467797
1995.1882272416153,0.3799879874584531
1995.1909650924024,0.27222469914613245
1995.1937029431897,0.1082692173194223
1995.1964407939768,-0.04678252566280067
1995.1991786447638,-0.1394476292611061
1995.201916495551,-0.14780362832879812
1995.2046543463382,-0.0865847495271394
1995.2073921971253,0.0045547480408144984
1995.2101300479123,0.08374115912094648
1995.2128678986994,0.12800541586048467
1995.2156057494867,0.14040145585155595
1995.2183436002738,0.13976453709648357
1995.2210814510609,0.1421208860464525
1995.2238193018482,0.1483061853236519
1995.2265571526352,0.14593130622411674
1995.2292950034223,0.12113048734315833
1995.2320328542094,0.06829907536968698
1995.2347707049967,-0.00936100651403447
1995.2375085557837,-0.10477909856260355
1995.2402464065708,-0.20839718593383988
1995.2429842573579,-0.302912565924124
1995.2457221081452,-0.35892075684429786
1995.2484599589322,-0.3420448283469779
1995.2511978097193,-0.23273332337625685
1995.2539356605066,-0.04623468615850283
1995.2566735112937,0.16416199045311844
1995.2594113620808,0.3272192175739578
1995.2621492128678,0.3868610186109202
1995.2648870636551,0.3285134649781277
1995.2676249144422,0.18393648828201148
1995.2703627652293,0.01402842435822197
1995.2731006160163,-0.11897089221875227
1995.2758384668036,-0.17578866865844697
1995.2785763175907,-0.15178164762572874
1995.2813141683778,-0.07353615199765148
1995.2840520191648,0.016773634642307016
1995.2867898699521,0.08239134565285512
1995.2895277207392,0.10855315298236996
1995.2922655715263,0.10572638382152277
1995.2950034223136,0.09756314971153768
1995.2977412731007,0.10165804727786569
1995.3004791238877,0.11657200073742277
1995.3032169746748,0.12380644523716314
1995.305954825462,0.10171833074528798
1995.3086926762492,0.039798673347889314
1995.3114305270362,-0.05632413438090935
1995.3141683778233,-0.16910998620163348
1995.3169062286106,-0.27523214371979404
1995.3196440793977,-0.34836007192414215
1995.3223819301847,-0.36129379735885436
1995.325119780972,-0.2938395643052823
1995.3278576317591,-0.14683276111807586
1995.3305954825462,0.04726497064131477
1995.3333333333333,0.2294312575918507
1995.3360711841206,0.3374488443889498
1995.3388090349076,0.3356486683630905
1995.3415468856947,0.23254066390312753
1995.3442847364818,0.07542002864228002
1995.347022587269,-0.07362348255798531
1995.3497604380561,-0.1652267370611752
1995.3524982888432,-0.17976975967387582
1995.3552361396305,-0.12895335106726172
1995.3579739904176,-0.04544935668147379
1995.3607118412046,0.03294811110906565
1995.3634496919917,0.07896110693875616
1995.366187542779,0.0861267715620244
1995.368925393566,0.06903760213398857
1995.3716632443532,0.05212755863142337
1995.3744010951402,0.0524283325116217
1995.3771389459275,0.0671588587206543
1995.3798767967146,0.07500908018111133
1995.3826146475017,0.050471669914579784
1995.3853524982887,-0.018950772532291927
1995.388090349076,-0.12412176397324798
1995.390828199863,-0.23802717516949698
1995.3935660506502,-0.3267223671853698
1995.3963039014375,-0.36000605560559834
1995.3990417522245,-0.319049373719516
1995.4017796030116,-0.20277864431594944
1995.4045174537987,-0.03333477267966903
1995.407255304586,0.1443177551400501
1995.409993155373,0.27461874802091424
1995.4127310061601,0.314142860160563
1995.4154688569472,0.2532409361643341
1995.4182067077345,0.12215489590512245
1995.4209445585216,-0.02376939138961014
1995.4236824093086,-0.1309045000202915
1995.4264202600957,-0.16983657817932135
1995.429158110883,-0.1421637094046472
1995.43189596167,-0.07219009177611914
1995.4346338124572,0.0076004371276484
1995.4373716632444,0.06905011526324378
1995.4401095140315,0.09613874229228793
1995.4428473648186,0.08864640382002972
1995.4455852156057,0.06098608690829636
1995.448323066393,0.03434167874938003
1995.45106091718,0.023570013393640645
1995.453798767967,0.026173435035911543
1995.4565366187542,0.022162602992697834
1995.4592744695415,-0.012958301546356937
1995.4620123203285,-0.08999247808848646
1995.4647501711156,-0.19520795188430995
1995.467488021903,-0.29417524533839884
1995.47022587269,-0.347183925524467
1995.472963723477,-0.3265341848747038
1995.4757015742641,-0.22752706640577872
1995.4784394250514,-0.07083973657382006
1995.4811772758385,0.10237876684149971
1995.4839151266256,0.24168635050317483
1995.4866529774126,0.30402686894730113
1995.4893908282,0.2716141141277128
1995.492128678987,0.16200459712420012
1995.494866529774,0.02208924101885395
1995.4976043805614,-0.09335045244897788
1995.5003422313484,-0.14680471282498989
1995.5030800821355,-0.1318857999039155
1995.5058179329226,-0.06908316059424817
1995.5085557837099,0.010388496016404875
1995.511293634497,0.07995247198519317
1995.514031485284,0.12413821682964227
1995.516769336071,0.13764862657246985
1995.5195071868584,0.12319861258647787
1995.5222450376455,0.09070839031355729
1995.5249828884325,0.05467479919810535
1995.5277207392196,0.026623474595797284
1995.530458590007,0.006023896439144237
1995.533196440794,-0.021766065240320938
1995.535934291581,-0.0753680882201055
1995.5386721423683,-0.16025029504153193
1995.5414099931554,-0.25745862222710375
1995.5441478439425,-0.3282132301210663
1995.5468856947296,-0.33288980829460707
1995.5496235455169,-0.25262549836480347
1995.552361396304,-0.10080732008349531
1995.555099247091,0.08073551551658048
1995.557837097878,0.23730527104537327
1995.5605749486654,0.3212379146006846
1995.5633127994524,0.3092723873935583
1995.5660506502395,0.21192090932811447
1995.5687885010268,0.07046219126789553
1995.5715263518139,-0.05949601598735648
1995.574264202601,-0.13203355779270395
1995.577002053388,-0.13027530523953346
1995.5797399041753,-0.06976292050048616
1995.5824777549624,0.015509982205144728
1995.5852156057495,0.0937712676457872
1995.5879534565365,0.148534267988311
1995.5906913073238,0.17771416392409914
1995.593429158111,0.18459500532334866
1995.596167008898,0.17141762028874466
1995.5989048596853,0.14034107009983227
1995.6016427104723,0.09691653345651785
1995.6043805612594,0.04864826099870618
1995.6071184120465,-0.0017569392533639816
1995.6098562628338,-0.06047307550513989
1995.6125941136208,-0.13635921816258928
1995.615331964408,-0.2268543490268573
1995.618069815195,-0.3081720291076459
1995.6208076659823,-0.34117611702577294
1995.6235455167694,-0.2923867161666036
1995.6262833675564,-0.1568369074861411
1995.6290212183435,0.032952586735119326
1995.6317590691308,0.21819007993774933
1995.6344969199179,0.3386034168223989
1995.637234770705,0.3574411067730617
1995.6399726214922,0.2754764594393034
1995.6427104722793,0.12952164785622203
1995.6454483230664,-0.022891880204849557
1995.6481861738534,-0.12674553738758743
1995.6509240246407,-0.15153558672636608
1995.6536618754278,-0.1018442787416039
1995.6563997262149,-0.010481812267026235
1995.659137577002,0.08210357440078107
1995.6618754277893,0.14919022612210747
1995.6646132785763,0.1863115592527226
1995.6673511293634,0.20332168577492007
1995.6700889801505,0.2092047460810309
1995.6728268309378,0.20325361820037857
1995.6755646817248,0.17844976223910267
1995.678302532512,0.1307505546891132
1995.6810403832992,0.06350229975812219
1995.6837782340863,-0.016703106446566838
1995.6865160848733,-0.10585562045294895
1995.6892539356604,-0.20087493617224927
1995.6919917864477,-0.29018185249425954
1995.6947296372348,-0.3469800140070822
1995.6974674880219,-0.3364745754674727
1995.700205338809,-0.2367484695680931
1995.7029431895962,-0.05948026149180459
1995.7056810403833,0.14610872009574927
1995.7084188911704,0.3116963028014705
1995.7111567419577,0.3807235839159159
1995.7138945927447,0.3339372484677578
1995.7166324435318,0.19652620432161713
1995.7193702943189,0.025312287065319707
1995.7221081451062,-0.11595091620123404
1995.7248459958932,-0.1817742527907711
1995.7275838466803,-0.16077265964729692
1995.7303216974674,-0.07621178886408782
1995.7330595482547,0.028863563166604156
1995.7357973990418,0.11467693214692055
1995.7385352498288,0.16326090017939665
1995.7412731006161,0.18156743945833465
1995.7440109514032,0.1882941186236164
1995.7467488021903,0.1953089171339803
1995.7494866529773,0.19808298590761395
1995.7522245037646,0.18122278484004245
1995.7549623545517,0.1322251462854467
1995.7577002053388,0.05080468935785534
1995.7604380561258,-0.0525038186162189
1995.7631759069131,-0.16336630550806136
1995.7659137577002,-0.26670615117512153
1995.7686516084873,-0.34307972513660406
1995.7713894592744,-0.3660437297829545
1995.7741273100617,-0.31010211515562536
1995.7768651608487,-0.1688560899927259
1995.7796030116358,0.029588563405365358
1995.782340862423,0.22513516785295454
1995.7850787132102,0.3495809781043645
1995.7878165639972,0.3591389404519715
1995.7905544147843,0.2558672714251858
1995.7932922655716,0.08574913302488725
1995.7960301163587,-0.08384022567171209
1995.7987679671457,-0.1936565962826386
1995.8015058179328,-0.2146907593446497
1995.8042436687201,-0.1549722449101718
1995.8069815195072,-0.05080751543897824
1995.8097193702943,0.05242561311095863
1995.8124572210816,0.12140887230623629
1995.8151950718686,0.1480762067983128
1995.8179329226557,0.14788752489669532
1995.8206707734428,0.14432036939905565
1995.82340862423,0.14995005281529064
1995.8261464750171,0.1573217735073376
1995.8288843258042,0.14555485027594386
1995.8316221765913,0.09647036487829515
1995.8343600273786,0.007407610562727707
1995.8370978781657,-0.10749487893110898
1995.8398357289527,-0.22489989258953924
1995.84257357974,-0.3198342925531893
1995.845311430527,-0.36829802518976074
1995.8480492813142,-0.34881831778890804
1995.8507871321012,-0.24977343973143198
1995.8535249828885,-0.0821065597229548
1995.8562628336756,0.11297062238641578
1995.8590006844627,0.2729226587784473
1995.8617385352497,0.3399941741817226
1995.864476386037,0.29041391884125367
1995.867214236824,0.14784552666232947
1995.8699520876112,-0.0279640221124555
1995.8726899383983,-0.17000386588344388
1995.8754277891856,-0.23302025168300133
1995.8781656399726,-0.20824593731486718
1995.8809034907597,-0.12011719065255586
1995.883641341547,-0.010669327759779674
1995.886379192334,0.07964755597988836
1995.8891170431211,0.1274522976707756
1995.8918548939082,0.13313705521266117
1995.8945927446955,0.11610547951821117
1995.8973305954826,0.10029913548989976
1995.9000684462696,0.09770186329806775
1995.9028062970567,0.10025754026207083
1995.905544147844,0.0859728624321358
1995.908281998631,0.03500242264970862
1995.9110198494182,-0.055748968325613615
1995.9137577002052,-0.1690307299391977
1995.9164955509925,-0.27495400655865854
1995.9192334017796,-0.34256065132811936
1995.9219712525667,-0.34828410555505945
1995.924709103354,-0.28079375001495405
1995.927446954141,-0.145766284657164
1995.930184804928,0.029209161864229224
1995.9329226557152,0.1957796044739677
1995.9356605065025,0.2986309649640798
1995.9383983572895,0.2996515613553028
1995.9411362080766,0.19917289979404545
1995.9438740588637,0.03911953114864643
1995.946611909651,-0.11620142040812952
1995.949349760438,-0.21055077241241968
1995.9520876112251,-0.2192114267708303
1995.9548254620124,-0.15366165194449297
1995.9575633127995,-0.04913068491103148
1995.9603011635866,0.054203209274373235
1995.9630390143736,0.12624497671547324
1995.965776865161,0.15439182991244127
1995.968514715948,0.1440354775628974
1995.971252566735,0.11325510457268198
1995.9739904175221,0.08251149862521424
1995.9767282683094,0.06266400093399355
1995.9794661190965,0.04805244686080509
1995.9822039698836,0.020476239050093253
1995.9849418206709,-0.03704444594485726
1995.987679671458,-0.12565859407109106
1995.990417522245,-0.22548879476877504
1995.993155373032,-0.30323750274771155
1995.9958932238194,-0.3270036548923659
1995.9986310746065,-0.2793928189499254
1996.0013689253935,-0.16388383097978335
1996.0041067761806,-0.004921043457521264
1996.006844626968,0.15652442582361326
1996.009582477755,0.2725857895716576
1996.012320328542,0.3043014919787737
1996.0150581793291,0.23951596353588284
1996.0177960301164,0.10273577978240761
1996.0205338809035,-0.05232572069814954
1996.0232717316906,-0.16656995994001314
1996.0260095824779,-0.20260261498725263
1996.028747433265,-0.15878647957927972
1996.031485284052,-0.06326042303684343
1996.034223134839,0.045032236520053934
1996.0369609856264,0.1343266531474731
1996.0396988364134,0.18783303139924798
1996.0424366872005,0.20228999896231364
1996.0451745379876,0.183684538358116
1996.0479123887749,0.14389547792166046
1996.050650239562,0.09682368019399501
1996.053388090349,0.052101577560949096
1996.0561259411363,0.009187978604477473
1996.0588637919234,-0.042005615524899086
1996.0616016427105,-0.11144117109268124
1996.0643394934975,-0.19600139798171667
1996.0670773442848,-0.27371546842322303
1996.069815195072,-0.311304971590148
1996.072553045859,-0.2812231461159451
1996.075290896646,-0.17750463958903623
1996.0780287474333,-0.021369160963823585
1996.0807665982204,0.14515110466944559
1996.0835044490075,0.27324560207696547
1996.0862422997948,0.3235363336352767
1996.0889801505818,0.2802794818674366
1996.091718001369,0.15939644285231402
1996.094455852156,0.005454004872868577
1996.0971937029433,-0.12460030626980248
1996.0999315537304,-0.1855697988317863
1996.1026694045174,-0.16336900863051046
1996.1054072553045,-0.0777822532471973
1996.1081451060918,0.03264940205699839
1996.1108829568789,0.13241124328497136
1996.113620807666,0.20266362775553354
1996.116358658453,0.24034827689971924
1996.1190965092403,0.24873539524089222
1996.1218343600274,0.23038673117514502
1996.1245722108144,0.18757971548527128
1996.1273100616017,0.12584194052649827
1996.1300479123888,0.05357990566148585
1996.132785763176,-0.02299334436951822
1996.135523613963,-0.1031098722573415
1996.1382614647503,-0.18686865167245503
1996.1409993155373,-0.2653246373058808
1996.1437371663244,-0.3152969314196256
1996.1464750171115,-0.3069797991975186
1996.1492128678988,-0.22187371764790442
1996.1519507186858,-0.06899221081699669
1996.154688569473,0.11258703082717939
1996.15742642026,0.2674357950915915
1996.1601642710473,0.34610258700298746
1996.1629021218343,0.3247384980875445
1996.1656399726214,0.21409695175808224
1996.1683778234087,0.05559093287121952
1996.1711156741958,-0.09381766761124057
1996.1738535249829,-0.18314264100681696
1996.17659137577,-0.1873167157092652
1996.1793292265572,-0.1159209577832808
1996.1820670773443,-0.005003592651203804
1996.1848049281314,0.10392936009098813
1996.1875427789184,0.18455535967503817
1996.1902806297057,0.2327879393851541
1996.1930184804928,0.2576061238763726
1996.1957563312799,0.26574649970633585
1996.1984941820672,0.25393746445783527
1996.2012320328543,0.21378119387540745
1996.2039698836413,0.14219962303936395
1996.2067077344284,0.046360062964271725
1996.2094455852157,-0.06060772280195674
1996.2121834360028,-0.1664726751260576
1996.2149212867898,-0.26062362498505764
1996.217659137577,-0.3281693847559701
1996.2203969883642,-0.34636708457693904
1996.2231348391513,-0.29224949733749445
1996.2258726899383,-0.15978577960023466
1996.2286105407256,0.026079291287676415
1996.2313483915127,0.21166431629222807
1996.2340862422998,0.3351354196058472
1996.2368240930869,0.35428627250841394
1996.2395619438742,0.26568957280527855
1996.2422997946612,0.10565896465385238
1996.2450376454483,-0.06575148394148024
1996.2477754962354,-0.18899582228354117
1996.2505133470227,-0.22724066074060645
1996.2532511978097,-0.17834518537102068
1996.2559890485968,-0.07208031747987707
1996.2587268993839,0.04653759717444245
1996.2614647501712,0.13994576370727754
1996.2642026009582,0.19420309488078819
1996.2669404517453,0.21890203330422814
1996.2696783025326,0.23186567002583966
1996.2724161533197,0.24090660897075017
1996.2751540041068,0.23685852561833592
1996.2778918548938,0.20226653064670508
1996.2806297056811,0.1269359810502822
1996.2833675564682,0.016893199090692777
1996.2861054072553,-0.10897772614267
1996.2888432580423,-0.2284886041220017
1996.2915811088296,-0.32169391216887927
1996.2943189596167,-0.3694682672702624
1996.2970568104038,-0.352182781170073
1996.299794661191,-0.25687975307935285
1996.3025325119781,-0.09172408892357971
1996.3052703627652,0.10439946280341797
1996.3080082135523,0.26962963603089807
1996.3107460643396,0.34459980947019636
1996.3134839151267,0.3016473206631914
1996.3162217659137,0.15960708480311667
1996.3189596167008,-0.024673915027405666
1996.321697467488,-0.1823286002376546
1996.3244353182752,-0.26128711197044135
1996.3271731690622,-0.24450009182036841
1996.3299110198495,-0.15169473581728757
1996.3326488706366,-0.026384530669135063
1996.3353867214237,0.08528083059092972
1996.3381245722107,0.15461835762694207
1996.340862422998,0.18006169795268892
1996.3436002737851,0.18116650027217734
1996.3463381245722,0.18057105304889692
1996.3490759753593,0.18591240986386548
1996.3518138261466,0.18440047759139935
1996.3545516769336,0.15352677863597028
1996.3572895277207,0.07900985200097968
1996.3600273785078,-0.033839734957846326
1996.362765229295,-0.16233988084529563
1996.3655030800821,-0.2774286129611556
1996.3682409308692,-0.3531209717322999
1996.3709787816565,-0.36949056454072116
1996.3737166324436,-0.3135914817357271
1996.3764544832306,-0.18517250722734735
1996.3791923340177,-0.006392181635515769
1996.381930184805,0.1746429238552876
1996.384668035592,0.2965367817704807
1996.3874058863792,0.3116426583095674
1996.3901437371662,0.21215366135495992
1996.3928815879535,0.037449948229823726
1996.3956194387406,-0.1434097705567759
1996.3983572895277,-0.263747699326279
1996.4010951403147,-0.28734632651871644
1996.403832991102,-0.2189129456631651
1996.406570841889,-0.09534200705232308
1996.4093086926762,0.03428828398993046
1996.4120465434635,0.12963962476820193
1996.4147843942505,0.17309423513177444
1996.4175222450376,0.17243917538078243
1996.4202600958247,0.1516131053317448
1996.422997946612,0.13384906235182908
1996.425735797399,0.12645266138087866
1996.4284736481861,0.11687255945453856
1996.4312114989732,0.08298273748530732
1996.4339493497605,0.010411064784380048
1996.4366872005476,-0.09540656895768646
1996.4394250513346,-0.2101307801977958
1996.442162902122,-0.301710891968368
1996.444900752909,-0.3426414760390819
1996.447638603696,-0.316741458450942
1996.4503764544831,-0.22160562456354863
1996.4531143052704,-0.07139457431385327
1996.4558521560575,0.09997273555202016
1996.4585900068446,0.24194418666368495
1996.4613278576317,0.30299677620881355
1996.464065708419,0.25509301139520096
1996.466803559206,0.11241666532067533
1996.469541409993,-0.07034554027455855
1996.4722792607804,-0.22222775270377615
1996.4750171115675,-0.2890015748793776
1996.4777549623545,-0.25549509292253686
1996.4804928131416,-0.1461653720764571
1996.483230663929,-0.007629299038032684
1996.485968514716,0.11394554121775378
1996.488706365503,0.18907642833855362
1996.4914442162901,0.2106745435730587
1996.4941820670774,0.1908183267293535
1996.4969199178645,0.15159618051992077
1996.4996577686516,0.11304477422818482
1996.5023956194386,0.08269242421951402
1996.505133470226,0.05250416758758644
1996.507871321013,0.006275494055537234
1996.5106091718,-0.06636246420845808
1996.5133470225874,-0.1587498420280527
1996.5160848733744,-0.2467971731212079
1996.5188227241615,-0.2994328215482111
1996.5215605749486,-0.2925262034246121
1996.5242984257359,-0.21836798474967534
1996.527036276523,-0.0883113128485591
1996.52977412731,0.06899194024594375
1996.532511978097,0.2120573204508943
1996.5352498288844,0.2957311942005653
1996.5379876796715,0.28689047254732764
1996.5407255304585,0.18207968514405698
1996.5434633812458,0.015802468881978213
1996.546201232033,-0.1500185587264676
1996.54893908282,-0.2531428328791109
1996.551676933607,-0.2596232746583558
1996.5544147843943,-0.17658763148435128
1996.5571526351814,-0.04282497893715315
1996.5598904859685,0.09403193174472674
1996.5626283367556,0.198052740769198
1996.5653661875428,0.2532355617302447
1996.56810403833,0.2604676980425795
1996.570841889117,0.23050055652143026
1996.5735797399043,0.17808212208073682
1996.5763175906914,0.1172513102751149
1996.5790554414784,0.05652851236912611
1996.5817932922655,-0.004117479580338035
1996.5845311430528,-0.07063617254344873
1996.5872689938399,-0.1461253154515313
1996.590006844627,-0.22171080769801413
1996.592744695414,-0.2751045081142522
1996.5954825462013,-0.27977075571262744
1996.5982203969884,-0.2194231991542488
1996.6009582477755,-0.0987082410769138
1996.6036960985625,0.05566693329825601
1996.6064339493498,0.20261052122732534
1996.609171800137,0.29887621773931317
1996.611909650924,0.31241169415276343
1996.6146475017113,0.23460547516846775
1996.6173853524983,0.08762013792273633
1996.6201232032854,-0.07905466097401845
1996.6228610540725,-0.20585198825636247
1996.6255989048598,-0.24844531489028282
1996.6283367556468,-0.19736354492970634
1996.631074606434,-0.07941459485116345
1996.633812457221,0.05981001800511016
1996.6365503080083,0.1798605809744745
1996.6392881587954,0.2599890045606147
1996.6420260095824,0.29783171547235027
1996.6447638603695,0.29876272193179976
1996.6475017111568,0.2675900453464117
1996.6502395619439,0.20820651257576517
1996.652977412731,0.1272478873577061
1996.6557152635182,0.03478934895003381
1996.6584531143053,-0.05939032543795879
1996.6611909650924,-0.1487973784120965
1996.6639288158794,-0.22754567373506282
1996.6666666666667,-0.28410120766239827
1996.6694045174538,-0.29928945890602404
1996.6721423682409,-0.25399673170779097
1996.674880219028,-0.14316072084189918
1996.6776180698153,0.014088081136800783
1996.6803559206023,0.17648224939137358
1996.6830937713894,0.2948173773741884
1996.6858316221767,0.3307865459391993
1996.6885694729638,0.2716959276299447
1996.6913073237508,0.13595431119869103
1996.694045174538,-0.0318640845382386
1996.6967830253252,-0.17538599880628888
1996.6995208761123,-0.24681418338880123
1996.7022587268993,-0.22590184638437702
1996.7049965776864,-0.12765231683531034
1996.7077344284737,0.007155746334519443
1996.7104722792608,0.13409425850738776
1996.7132101300479,0.22594900226811918
1996.7159479808352,0.27894682577210617
1996.7186858316222,0.3024160085551243
1996.7214236824093,0.3029219519897292
1996.7241615331964,0.27693327406714807
1996.7268993839837,0.21671155265870326
1996.7296372347707,0.12164158282916318
1996.7323750855578,0.0034597212289817544
1996.7351129363449,-0.11850966718691901
1996.7378507871322,-0.22567368633145535
1996.7405886379192,-0.30338658451120004
1996.7433264887063,-0.33792242337384815
1996.7460643394934,-0.31452170047552547
1996.7488021902807,-0.2236032646122332
1996.7515400410678,-0.07312369195727147
1996.7542778918548,0.10358485890614427
1996.7570157426421,0.25423584452241366
1996.7597535934292,0.327785497828511
1996.7624914442163,0.2974509679872493
1996.7652292950033,0.1735111613129144
1996.7679671457906,-0.000331556189905019
1996.7707049965777,-0.16408697971929662
1996.7734428473648,-0.2639243372042007
1996.7761806981518,-0.27133491611935845
1996.7789185489391,-0.1922407305560623
1996.7816563997262,-0.06211125165697295
1996.7843942505133,0.07180864421402072
1996.7871321013006,0.17300857824383437
1996.7898699520877,0.2302906668137926
1996.7926078028747,0.25535717133798236
1996.7953456536618,0.2658538742557629
1996.798083504449,0.2673454029099711
1996.8008213552362,0.2483868647317407
1996.8035592060232,0.19170745057786656
1996.8062970568103,0.09104340986774029
1996.8090349075976,-0.0405937134821658
1996.8117727583847,-0.17652096892166175
1996.8145106091717,-0.2887388216350197
1996.817248459959,-0.3559961249776246
1996.8199863107461,-0.36395955559388615
1996.8227241615332,-0.30378554891474774
1996.8254620123203,-0.17673131826158978
1996.8281998631076,-0.003688565402145158
1996.8309377138946,0.1707682839188766
1996.8336755646817,0.2894469308089531
1996.8364134154688,0.30688419578615944
1996.839151266256,0.21314851931862935
1996.8418891170431,0.04163088910377567
1996.8446269678302,-0.14454112322939827
1996.8473648186173,-0.27958932422339816
1996.8501026694046,-0.3212628884550412
1996.8528405201916,-0.26459201675661903
1996.8555783709787,-0.13938681756457366
1996.858316221766,0.005524639045581842
1996.861054072553,0.12419658289100363
1996.8637919233402,0.19230603892217538
1996.8665297741272,0.2137958802830891
1996.8692676249145,0.21154798359617302
1996.8720054757016,0.20754001646299314
1996.8747433264887,0.20572696880996683
1996.8774811772757,0.189865060964226
1996.880219028063,0.1376301756300118
1996.88295687885,0.039824288083292296
1996.8856947296372,-0.08997650392329443
1996.8884325804243,-0.22123601273355087
1996.8911704312115,-0.32092622174356944
1996.8939082819986,-0.3648973370447259
1996.8966461327857,-0.3408637575813668
1996.899383983573,-0.24766683764641048
1996.90212183436,-0.09788351173853592
1996.9048596851471,0.07666909472981787
1996.9075975359342,0.22558198092751386
1996.9103353867215,0.29468318822105655
1996.9130732375086,0.2514804078839887
1996.9158110882956,0.10591122530141325
1996.9185489390827,-0.08911349727274374
1996.92128678987,-0.26018040833365697
1996.924024640657,-0.3462929740354626
1996.9267624914442,-0.32375558209950306
1996.9295003422314,-0.21134752886248445
1996.9322381930185,-0.05662786082680126
1996.9349760438056,0.08699987201428253
1996.9377138945927,0.18146660782669996
1996.94045174538,0.21577870213341618
1996.943189596167,0.20489302958631847
1996.945927446954,0.17676471461110102
1996.9486652977412,0.15385602224171294
1996.9514031485285,0.13941993894195048
1996.9541409993155,0.11737712791520089
1996.9568788501026,0.06618686416910241
1996.95961670089,-0.02297839318136987
1996.962354551677,-0.1367287248364484
1996.965092402464,-0.24462601725699729
1996.9678302532511,-0.3137090308417443
1996.9705681040384,-0.32149593238798135
1996.9733059548255,-0.2611075045075566
1996.9760438056126,-0.14091643486799763
1996.9787816563996,0.015601167761652705
1996.981519507187,0.16943289920879218
1996.984257357974,0.27145222789940165
1996.986995208761,0.27896864007212946
1996.9897330595481,0.17843902658413818
1996.9924709103354,-0.0003923860709971142
1996.9952087611225,-0.19202957374674057
1996.9979466119096,-0.3236796877559023
1997.0006844626969,-0.3487309562873219
1997.003422313484,-0.26564388057295807
1997.006160164271,-0.11308514265189128
1997.008898015058,0.05245228629439697
1997.0116358658454,0.18183479624212925
1997.0143737166325,0.24922248627791443
1997.0171115674195,0.25509436704226557
1997.0198494182066,0.21915052580263614
1997.022587268994,0.1677698049100477
1997.025325119781,0.120727021014057
1997.028062970568,0.08241893328742748
1997.0308008213553,0.04238322745964855
1997.0335386721424,-0.014303423223868461
1997.0362765229295,-0.0928691278179516
1997.0390143737166,-0.1806617980967484
1997.0417522245039,-0.25087567869586724
1997.044490075291,-0.2754021355651104
1997.047227926078,-0.23796622885616545
1997.049965776865,-0.14046677885312164
1997.0527036276524,-0.002228933339768618
1997.0554414784394,0.14387650547930364
1997.0581793292265,0.2566899210192966
1997.0609171800138,0.29607251761771436
1997.0636550308009,0.23824693134761002
1997.066392881588,0.091868069039255
1997.069130732375,-0.09698028560224124
1997.0718685831623,-0.2595279847809528
1997.0746064339494,-0.33445219404828475
1997.0773442847365,-0.29645699173100065
1997.0800821355235,-0.16574442605621098
1997.0828199863108,0.006316382021395776
1997.085557837098,0.164161079125306
1997.088295687885,0.2703574657326144
1997.091033538672,0.31300771585092624
1997.0937713894593,0.30008567724184865
1997.0965092402464,0.24922195044051418
1997.0992470910335,0.17937186014235934
1997.1019849418208,0.10543525190066445
1997.1047227926078,0.03487469505486238
1997.107460643395,-0.03273341757741183
1997.110198494182,-0.10127007329961284
1997.1129363449693,-0.16994747847932878
1997.1156741957564,-0.22716753861564667
1997.1184120465434,-0.2523049851369796
1997.1211498973305,-0.22577528188681525
1997.1238877481178,-0.14114349625295938
1997.1266255989049,-0.011593201817160882
1997.129363449692,0.13231953745280334
1997.132101300479,0.25115905709963954
1997.1348391512663,0.3074551222909032
1997.1375770020534,0.27708272329500117
1997.1403148528404,0.1600914946802119
1997.1430527036277,-0.013054636874938425
1997.1457905544148,-0.18653302495381008
1997.148528405202,-0.2985843717272685
1997.151266255989,-0.3083679939268982
1997.1540041067763,-0.21504361215047543
1997.1567419575633,-0.056348511449829865
1997.1594798083504,0.11270530679332197
1997.1622176591375,0.2465749850129922
1997.1649555099248,0.3244281766538062
1997.1676933607118,0.34759172249119497
1997.170431211499,0.32681590120885856
1997.1731690622862,0.27206367229249134
1997.1759069130733,0.19103631865777676
1997.1786447638603,0.09271426908342906
1997.1813826146474,-0.011172090642840266
1997.1841204654347,-0.10883876639385306
1997.1868583162218,-0.19119114336410592
1997.1895961670089,-0.25046528739242185
1997.192334017796,-0.2764007532555879
1997.1950718685832,-0.2559943022242274
1997.1978097193703,-0.18035994307986056
1997.2005475701574,-0.05498812178123276
1997.2032854209447,0.09481711272450066
1997.2060232717317,0.22880244494620056
1997.2087611225188,0.3052471528707782
1997.2114989733059,0.29635353235590106
1997.2142368240932,0.19917930739670425
1997.2169746748802,0.038946757958165684
1997.2197125256673,-0.13629416173576395
1997.2224503764544,-0.2697699012933077
1997.2251882272417,-0.31632364432757915
1997.2279260780288,-0.2613234195475812
1997.2306639288158,-0.12739593243290978
1997.233401779603,0.03713963182189839
1997.2361396303902,0.18267475611080683
1997.2388774811773,0.28030026250509626
1997.2416153319643,0.32749292634965743
1997.2443531827516,0.33629074228606576
1997.2470910335387,0.31621356844470455
1997.2498288843258,0.26663297612277453
1997.2525667351129,0.18301725553407228
1997.2553045859001,0.06858856003003906
1997.2580424366872,-0.06060613056131681
1997.2607802874743,-0.18119867632535983
1997.2635181382614,-0.27210667408996964
1997.2662559890487,-0.3194169797684042
1997.2689938398357,-0.3147704266998795
1997.2717316906228,-0.2533815285814932
1997.27446954141,-0.1377895386920594
1997.2772073921972,0.014327098810905561
1997.2799452429842,0.16685295933242422
1997.2826830937713,0.27348957302675025
1997.2854209445586,0.29573562529948694
1997.2881587953457,0.2208018993395248
1997.2908966461328,0.0693063429081888
1997.2936344969198,-0.11097110118805875
1997.2963723477071,-0.26182247355128396
1997.2991101984942,-0.3349647101450064
1997.3018480492813,-0.3090382210208514
1997.3045859000686,-0.1971319395163317
1997.3073237508556,-0.040632096778602425
1997.3100616016427,0.10970041501378582
1997.3127994524298,0.21681152692820946
1997.315537303217,0.271300630197664
1997.3182751540041,0.2873372739987079
1997.3210130047912,0.2841499352636871
1997.3237508555783,0.267796402199959
1997.3264887063656,0.2275354218477604
1997.3292265571527,0.14867904668364473
1997.3319644079397,0.029985116745824436
1997.3347022587268,-0.109264857131639
1997.337440109514,-0.23726463017361976
1997.3401779603012,-0.3245037465239128
1997.3429158110882,-0.35339880539911644
1997.3456536618755,-0.31854320929046104
1997.3483915126626,-0.22351398296851105
1997.3511293634497,-0.08184880512652014
1997.3538672142367,0.07808984115752969
1997.356605065024,0.21284503688626816
1997.359342915811,0.27559251883180413
1997.3620807665982,0.2370738697671423
1997.3648186173853,0.10325576494703637
1997.3675564681726,-0.0827012346778395
1997.3702943189596,-0.2567385037968466
1997.3730321697467,-0.3598112841216781
1997.3757700205338,-0.36040813877286537
1997.378507871321,-0.264346853134553
1997.3812457221081,-0.10945727585538892
1997.3839835728952,0.0515656990436293
1997.3867214236825,0.17321413019169457
1997.3894592744696,0.23487221271304207
1997.3921971252566,0.24532004369714
1997.3949349760437,0.2309072642168228
1997.397672826831,0.21426793649808779
1997.400410677618,0.19792552498174118
1997.4031485284052,0.1646701898536048
1997.4058863791922,0.09423479884442477
1997.4086242299795,-0.016953803503781204
1997.4113620807666,-0.1482406442197021
1997.4140999315537,-0.26415297344207656
1997.416837782341,-0.33191587198400535
1997.419575633128,-0.3338330322154943
1997.422313483915,-0.26894145025718796
1997.4250513347022,-0.1491363451210147
1997.4277891854895,0.0023430976708083
1997.4305270362765,0.14948131702319326
1997.4332648870636,0.24671180177311522
1997.4360027378507,0.2532882353389156
1997.438740588638,0.15464285059502622
1997.441478439425,-0.023283917996869064
1997.4442162902121,-0.21938086033322737
1997.4469541409994,-0.36236206595412956
1997.4496919917865,-0.40189041199793507
1997.4524298425736,-0.3287030317554552
1997.4551676933606,-0.17459566056742382
1997.457905544148,0.0048592888845703334
1997.460643394935,0.15451870242216148
1997.463381245722,0.24006100752151818
1997.4661190965091,0.25742528827408745
1997.4688569472964,0.22854603567643217
1997.4715947980835,0.18552605097765174
1997.4743326488706,0.15096794325974786
1997.4770704996577,0.12563466626615002
1997.479808350445,0.0915470351206588
1997.482546201232,0.028731970685283204
1997.485284052019,-0.06626983276798787
1997.4880219028064,-0.1736077685158604
1997.4907597535935,-0.2593850658537324
1997.4934976043805,-0.29310542695754993
1997.4962354551676,-0.2607879498150603
1997.498973305955,-0.16754103130305514
1997.501711156742,-0.03334074471243632
1997.504449007529,0.11092235023858919
1997.5071868583161,0.22583857085540107
1997.5099247091034,0.2700395074329677
1997.5126625598905,0.21543101956399544
1997.5154004106776,0.06581117696825015
1997.5181382614649,-0.1348764170080279
1997.520876112252,-0.3153662905280839
1997.523613963039,-0.40761757864355525
1997.526351813826,-0.37810036366570243
1997.5290896646134,-0.24141384051744663
1997.5318275154004,-0.04970634992873958
1997.5345653661875,0.1334886601321143
1997.5373032169746,0.2593466235497186
1997.5400410677619,0.3081176858818817
1997.542778918549,0.2890882165954263
1997.545516769336,0.229994172215681
1997.5482546201233,0.16173064929138134
1997.5509924709104,0.10423581754846885
1997.5537303216975,0.0593268109063746
1997.5564681724845,0.014396704111574832
1997.5592060232718,-0.044572697335656025
1997.561943874059,-0.11881052149025054
1997.564681724846,-0.19135876217877856
1997.567419575633,-0.2345575855059278
1997.5701574264203,-0.22500779626743228
1997.5728952772074,-0.15575967501010268
1997.5756331279945,-0.03931638738312666
1997.5783709787815,0.09692585670236498
1997.5811088295688,0.21725640605105825
1997.583846680356,0.28400784009171937
1997.586584531143,0.2665257269445197
1997.5893223819303,0.1547162199227459
1997.5920602327174,-0.028316095094947348
1997.5947980835044,-0.22587961916048
1997.5975359342915,-0.3665574711319246
1997.6002737850788,-0.3957964739942385
1997.6030116358659,-0.302152215293407
1997.605749486653,-0.12158798229262259
1997.60848733744,0.0823534172807743
1997.6112251882273,0.24891983890822425
1997.6139630390144,0.3428139367477625
1997.6167008898015,0.3594807042487668
1997.6194387405885,0.31619717499380673
1997.6221765913758,0.23868903324715496
1997.624914442163,0.15062027074556436
1997.62765229295,0.06770254683758718
1997.6303901437373,-0.00434088174700999
1997.6331279945243,-0.06779313868520451
1997.6358658453114,-0.12664804449809192
1997.6386036960985,-0.17866769468671972
1997.6413415468858,-0.21149823862172618
1997.6440793976728,-0.20706689927764033
1997.64681724846,-0.1524171172306634
1997.649555099247,-0.04984920932816515
1997.6522929500343,0.08016754589009659
1997.6550308008214,0.20422081335173195
1997.6577686516084,0.28542337850889404
1997.6605065023957,0.2933841546915467
1997.6632443531828,0.21390236979167188
1997.6659822039699,0.05793544014920958
1997.668720054757,-0.1343815155607502
1997.6714579055442,-0.3015553546042026
1997.6741957563313,-0.38268169662600254
1997.6769336071184,-0.3449901869195446
1997.6796714579054,-0.20070059215623584
1997.6824093086927,-0.0010956858365661105
1997.6851471594798,0.18939725739654165
1997.6878850102669,0.32247367475826383
1997.6906228610542,0.3808443903569761
1997.6933607118413,0.37331941296085824
1997.6960985626283,0.31920441271151345
1997.6988364134154,0.23581410752776982
1997.7015742642027,0.13569944087110317
1997.7043121149898,0.029891310651749506
1997.7070499657768,-0.07002150040899716
1997.709787816564,-0.1534738364091845
1997.7125256673512,-0.21285864136905264
1997.7152635181383,-0.2424147627268629
1997.7180013689253,-0.23556684911801126
1997.7207392197124,-0.18553786859817428
1997.7234770704997,-0.09135863820767787
1997.7262149212868,0.03463171274544031
1997.7289527720739,0.1645452462918402
1997.7316906228612,0.26136735125276
1997.7344284736482,0.2913785875105898
1997.7371663244353,0.23673343550821535
1997.7399041752224,0.10363567340034142
1997.7426420260097,-0.07592574760137388
1997.7453798767967,-0.2501701934346504
1997.7481177275838,-0.36223843332307404
1997.7508555783709,-0.371244542612861
1997.7535934291582,-0.27108145600636263
1997.7563312799452,-0.09527836235700599
1997.7590691307323,0.09793640059943737
1997.7618069815196,0.2532631191456033
1997.7645448323067,0.3416442249479855
1997.7672826830938,0.36492357726300484
1997.7700205338808,0.3417234381807668
1997.7727583846681,0.28833915034384355
1997.7754962354552,0.2101145286149736
1997.7782340862423,0.10741476572925408
1997.7809719370293,-0.012942093418527652
1997.7837097878166,-0.13307511818337991
1997.7864476386037,-0.2300551989585069
1997.7891854893908,-0.28584682741011946
1997.791923340178,-0.29229126418320045
1997.7946611909651,-0.24919775187922003
1997.7973990417522,-0.161203750513356
1997.8001368925393,-0.039120126408923706
1997.8028747433266,0.09541424399796407
1997.8056125941137,0.20898265886869505
1997.8083504449007,0.26448699999976244
1997.8110882956878,0.23608644455374606
1997.813826146475,0.12268604569097243
1997.8165639972622,-0.04781748012869765
1997.8193018480492,-0.2258018221024898
1997.8220396988363,-0.35562761945038657
1997.8247775496236,-0.3944084441675362
1997.8275154004107,-0.3279112443728299
1997.8302532511977,-0.17726645757221804
1997.832991101985,0.008497240268735757
1997.8357289527721,0.17329039149164854
1997.8384668035592,0.27857580043863717
1997.8412046543463,0.3173154058711687
1997.8439425051336,0.30829314016274684
1997.8466803559206,0.27564373997963093
1997.8494182067077,0.22971011481452436
1997.8521560574948,0.1638413541812515
1997.854893908282,0.06797968537274589
1997.8576317590691,-0.054206668332166565
1997.8603696098562,-0.17985095693247036
1997.8631074606435,-0.27698492238559813
1997.8658453114306,-0.3206757223498294
1997.8685831622176,-0.3024112632545071
1997.8713210130047,-0.22850904568963162
1997.874058863792,-0.11389900804981418
1997.876796714579,0.020458372776382096
1997.8795345653662,0.14577652060508442
1997.8822724161532,0.2263468985083148
1997.8850102669405,0.22943125843728313
1997.8877481177276,0.1415703175276053
1997.8904859685147,-0.01924792320739586
1997.8932238193017,-0.20533273264862353
1997.895961670089,-0.35590904507950377
1997.898699520876,-0.42042946948370913
1997.9014373716632,-0.37753564062321376
1997.9041752224505,-0.24215010017777613
1997.9069130732375,-0.05879614445937609
1997.9096509240246,0.11614786177897556
1997.9123887748117,0.236821881903219
1997.915126625599,0.28536957523590184
1997.917864476386,0.2751957716970011
1997.9206023271731,0.23716162004888405
1997.9233401779602,0.19683677110155445
1997.9260780287475,0.15831518044391713
1997.9288158795346,0.10629202683828333
1997.9315537303216,0.024305276423519467
1997.934291581109,-0.08583014135974285
1997.937029431896,-0.1990143070754466
1997.939767282683,-0.2795550217308371
1997.9425051334701,-0.30059859311647835
1997.9452429842574,-0.2557758627255423
1997.9479808350445,-0.15768702305794213
1997.9507186858316,-0.02967675123447833
1997.9534565366187,0.09973062064752569
1997.956194387406,0.1978689607874833
1997.958932238193,0.23103676250549904
1997.96167008898,0.17569701243113858
1997.9644079397672,0.034284614781032036
1997.9671457905545,-0.15634184696990325
1997.9698836413415,-0.3338059371386902
1997.9726214921286,-0.43482403097540956
1997.975359342916,-0.4224675827157657
1997.978097193703,-0.30119022214595187
1997.98083504449,-0.11287160008231645
1997.9835728952771,0.08215996520204281
1997.9863107460644,0.22915871724549858
1997.9890485968515,0.2981627615877525
1997.9917864476386,0.29166607264423344
1997.9945242984256,0.23813578430162763
1997.997262149213,0.17404397888288725
1998.0,0.12324699064643446
1998.002737850787,0.08571798940921369
1998.0054757015744,0.04319777998563861
1998.0082135523614,-0.02196487910970462
1998.0109514031485,-0.10861350572412187
1998.0136892539356,-0.1929474866164478
1998.0164271047229,-0.24156492527653
1998.01916495551,-0.2309058799010833
1998.021902806297,-0.1590976791203432
1998.024640657084,-0.0445146836721967
1998.0273785078714,0.083309882221566
1998.0301163586585,0.19140088435284972
1998.0328542094455,0.24719052738001024
1998.0355920602328,0.2237743967828597
1998.03832991102,0.11121348739174353
1998.041067761807,-0.07052279305760402
1998.043805612594,-0.2688653048256095
1998.0465434633813,-0.4145563136766572
1998.0492813141684,-0.4512294105010886
1998.0520191649555,-0.362058957542024
1998.0547570157426,-0.177351819255601
1998.0574948665299,0.04070752670379472
1998.060232717317,0.22600326099667759
1998.062970568104,0.33368042589507113
1998.065708418891,0.35210200361992294
1998.0684462696784,0.2999409564529258
1998.0711841204654,0.21284718931102942
1998.0739219712525,0.12609746257777715
1998.0766598220398,0.05992376683073236
1998.0793976728269,0.013809761775206686
1998.082135523614,-0.02701166688074741
1998.084873374401,-0.0763014380763917
1998.0876112251883,-0.13277127566780722
1998.0903490759754,-0.1774310858373192
1998.0930869267625,-0.18453031643177323
1998.0958247775495,-0.13807542239199702
1998.0985626283368,-0.04230220588010149
1998.101300479124,0.07950622306096232
1998.104038329911,0.19403784516685757
1998.1067761806983,0.26726581009106665
1998.1095140314853,0.27099596373199136
1998.1122518822724,0.18966089139081746
1998.1149897330595,0.029894506928611495
1998.1177275838468,-0.17179422067117509
1998.1204654346338,-0.3532287408790266
1998.123203285421,-0.44778805441645425
1998.125941136208,-0.41467663499337926
1998.1286789869953,-0.2603539140106878
1998.1314168377824,-0.03660785339713029
1998.1341546885694,0.18408896636691477
1998.1368925393565,0.34055420125196517
1998.1396303901438,0.4040575920842664
1998.1423682409309,0.38043076917860164
1998.145106091718,0.2977904451458179
1998.1478439425052,0.19041755005304503
1998.1505817932923,0.08651238189489505
1998.1533196440794,0.001957861074246909
1998.1560574948664,-0.06042794532613238
1998.1587953456537,-0.10651440410523859
1998.1615331964408,-0.14252486615929622
1998.1642710472279,-0.16690835545538096
1998.167008898015,-0.16830921130225301
1998.1697467488023,-0.13232035584645116
1998.1724845995893,-0.05302927961436227
1998.1752224503764,0.058773107328471116
1998.1779603011637,0.1762838827812324
1998.1806981519508,0.26508522808941726
1998.1834360027378,0.2937405757591559
1998.186173853525,0.2426427517940951
1998.1889117043122,0.11111051572434258
1998.1916495550993,-0.07692374349964448
1998.1943874058863,-0.2723935305591812
1998.1971252566734,-0.41200771715663986
1998.1998631074607,-0.44166683820925967
1998.2026009582478,-0.3426014416987218
1998.2053388090349,-0.14384855767570356
1998.208076659822,0.08934782508422143
1998.2108145106092,0.2857959410060321
1998.2135523613963,0.39878976192191223
1998.2162902121834,0.41906677963629735
1998.2190280629707,0.3664514000662749
1998.2217659137577,0.2710264210693966
1998.2245037645448,0.15844267685070398
1998.2272416153319,0.04594177662048275
1998.2299794661192,-0.05473805012667032
1998.2327173169062,-0.1346784056809322
1998.2354551676933,-0.18792091717895787
1998.2381930184804,-0.21183087190121838
1998.2409308692677,-0.20524550381163637
1998.2436687200548,-0.16620114950905054
1998.2464065708418,-0.09322064344214452
1998.2491444216291,0.009011998972055808
1998.2518822724162,0.12396325203380804
1998.2546201232033,0.2233344407427936
1998.2573579739903,0.2746873472341974
1998.2600958247776,0.25305538530540156
1998.2628336755647,0.15121506346646982
1998.2655715263518,-0.014683533017178988
1998.2683093771388,-0.2053573541218631
1998.2710472279261,-0.3658585729230547
1998.2737850787132,-0.44149505899909847
1998.2765229295003,-0.3993618475206306
1998.2792607802876,-0.24588593344064993
1998.2819986310747,-0.028268717464871456
1998.2847364818617,0.184912119317301
1998.2874743326488,0.33465562088447054
1998.290212183436,0.39536802011775096
1998.2929500342232,0.37733666949211775
1998.2956878850102,0.30937084537433857
1998.2984257357973,0.2171524333511889
1998.3011635865846,0.11334057862973765
1998.3039014373717,0.002995254078790662
1998.3066392881587,-0.1054861512978659
1998.3093771389458,-0.1961839927859298
1998.3121149897331,-0.25151710871915534
1998.3148528405202,-0.2612011690981302
1998.3175906913073,-0.2257671251587567
1998.3203285420946,-0.15322236120728538
1998.3230663928816,-0.054627759368488654
1998.3258042436687,0.055914746286794714
1998.3285420944558,0.1579465689653426
1998.331279945243,0.22425838131427192
1998.3340177960301,0.22787536060851082
1998.3367556468172,0.15421752072339806
1998.3394934976043,0.01135901808752746
1998.3422313483916,-0.1678264036295742
1998.3449691991786,-0.33324036564720594
1998.3477070499657,-0.43245278599969794
1998.350444900753,-0.42864070886087663
1998.35318275154,-0.3159579481957117
1998.3559206023272,-0.12529830121558577
1998.3586584531142,0.08525389121534861
1998.3613963039015,0.25404782169141155
1998.3641341546886,0.34242070682416803
1998.3668720054757,0.348406137325028
1998.3696098562627,0.29880786698957823
1998.37234770705,0.22605453140770068
1998.375085557837,0.1475385553001936
1998.3778234086242,0.06227535287877296
1998.3805612594115,-0.03537566177809681
1998.3832991101985,-0.1393130247072439
1998.3860369609856,-0.22778378794116155
1998.3887748117727,-0.2746757852446999
1998.39151266256,-0.2652477047938025
1998.394250513347,-0.20326842687891958
1998.3969883641341,-0.10615454119473275
1998.3997262149212,0.004394944731121547
1998.4024640657085,0.10713010394221305
1998.4052019164956,0.18004156153831466
1998.4079397672826,0.19988731656836953
1998.4106776180697,0.148733455769193
1998.413415468857,0.025811244313014712
1998.416153319644,-0.14410676567266156
1998.4188911704312,-0.3138626979557748
1998.4216290212185,-0.42911825834234735
1998.4243668720055,-0.44863668247746846
1998.4271047227926,-0.36047446883278617
1998.4298425735797,-0.18761228335803115
1998.432580424367,0.01925619244528701
1998.435318275154,0.20005026876379592
1998.438056125941,0.3085760067377176
1998.4407939767282,0.3304309828869771
1998.4435318275155,0.28529843472138483
1998.4462696783025,0.21101162551127906
1998.4490075290896,0.1389013896660845
1998.4517453798767,0.07722322273087208
1998.454483230664,0.014206510374876052
1998.457221081451,-0.06293533019914632
1998.4599589322381,-0.1494995295910098
1998.4626967830254,-0.22081068607353815
1998.4654346338125,-0.24724070968954032
1998.4681724845996,-0.21370540239138125
1998.4709103353866,-0.12840834085718525
1998.473648186174,-0.016571112942773254
1998.476386036961,0.09233040061621559
1998.479123887748,0.1726715779874223
1998.4818617385351,0.20340856181346492
1998.4845995893224,0.16808146428708673
1998.4873374401095,0.06092218275530722
1998.4900752908966,-0.10287317311421344
1998.4928131416839,-0.28262387445743825
1998.495550992471,-0.4217056368045301
1998.498288843258,-0.4692643955087186
1998.501026694045,-0.4026293419916876
1998.5037645448324,-0.2379790408030784
1998.5065023956195,-0.02418357356167039
1998.5092402464065,0.1762372712982387
1998.5119780971936,0.3102363092199572
1998.514715947981,0.3524995331351559
1998.517453798768,0.3121123071050269
1998.520191649555,0.22454666992644856
1998.5229295003423,0.13183366284475045
1998.5256673511294,0.06084014539618624
1998.5284052019165,0.012601549780947068
1998.5311430527036,-0.030161992858878946
1998.5338809034909,-0.0828902303662843
1998.536618754278,-0.14190220195233236
1998.539356605065,-0.18358700040070441
1998.542094455852,-0.18044007463629114
1998.5448323066394,-0.12088661720824069
1998.5475701574264,-0.017890129859607962
1998.5503080082135,0.0980135524053892
1998.5530458590006,0.19294034938312973
1998.5557837097879,0.2397952357868256
1998.558521560575,0.22092477860920942
1998.561259411362,0.12907354667064072
1998.5639972621493,-0.027314714476901036
1998.5667351129364,-0.21697900085536015
1998.5694729637235,-0.38677448221620525
1998.5722108145105,-0.4774885948067874
1998.5749486652978,-0.4495012657270806
1998.577686516085,-0.30339951704326634
1998.580424366872,-0.08215406357719539
1998.583162217659,0.1468011573539984
1998.5859000684463,0.3191094516803054
1998.5886379192334,0.39647010180012615
1998.5913757700205,0.3760906732698746
1998.5941136208078,0.2856467351397853
1998.5968514715948,0.1680995613167365
1998.599589322382,0.06285187323917502
1998.602327173169,-0.00937085897033366
1998.6050650239563,-0.050994171075513975
1998.6078028747434,-0.07871173211478477
1998.6105407255304,-0.1064682844168747
1998.6132785763175,-0.13198367229215707
1998.6160164271048,-0.13695149170448812
1998.6187542778919,-0.10099943477285775
1998.621492128679,-0.018718990937333188
1998.6242299794662,0.0929657314359872
1998.6269678302533,0.20133443613912144
1998.6297056810404,0.27165227033772316
1998.6324435318274,0.27825126175506887
1998.6351813826147,0.20913532629224613
1998.6379192334018,0.06801289861525119
1998.640657084189,-0.12204025121062072
1998.643394934976,-0.3161647199198057
1998.6461327857633,-0.45483461237371636
1998.6488706365503,-0.4844028872654728
1998.6516084873374,-0.3830194949206304
1998.6543463381245,-0.17560780622780234
1998.6570841889118,0.07388413888473275
1998.6598220396988,0.28993408501104867
1998.662559890486,0.41659242945622055
1998.6652977412732,0.43545794558370354
1998.6680355920603,0.3641856512088866
1998.6707734428473,0.24140137437306228
1998.6735112936344,0.10870809945725127
1998.6762491444217,-0.0026624473819738363
1998.6789869952088,-0.07817036889681787
1998.6817248459959,-0.11936809288688482
1998.684462696783,-0.137088861036781
1998.6872005475702,-0.1410230128992791
1998.6899383983573,-0.1314036387269792
1998.6926762491444,-0.09889065839362614
1998.6954140999314,-0.03367662023126832
1998.6981519507187,0.06249570199496003
1998.7008898015058,0.17057428596459517
1998.7036276522929,0.2590888279005713
1998.7063655030802,0.29599045922792594
1998.7091033538672,0.2599199318457726
1998.7118412046543,0.14662061281590671
1998.7145790554414,-0.028389524447454965
1998.7173169062287,-0.22897323348273335
1998.7200547570158,-0.40176780368329645
1998.7227926078028,-0.4889752672102468
1998.72553045859,-0.45073474613045056
1998.7282683093772,-0.2871092862840926
1998.7310061601643,-0.044492262291370314
1998.7337440109513,0.2015423777225699
1998.7364818617386,0.37911560984633413
1998.7392197125257,0.4493215246214347
1998.7419575633128,0.4154634140560747
1998.7446954140999,0.31058998090421824
1998.7474332648871,0.17571991848627483
1998.7501711156742,0.043567476762457896
1998.7529089664613,-0.06616576013476144
1998.7556468172484,-0.1439581273886394
1998.7583846680357,-0.18687323517568705
1998.7611225188227,-0.19670629119916866
1998.7638603696098,-0.17806512312117373
1998.766598220397,-0.13523783632822148
1998.7693360711842,-0.07023632238140992
1998.7720739219712,0.014816625193996354
1998.7748117727583,0.11170068792019552
1998.7775496235456,0.20173283571856623
1998.7802874743327,0.2580692730811711
1998.7830253251198,0.25472213485881706
1998.7857631759068,0.17749463805707252
1998.7885010266941,0.031655009339054886
1998.7912388774812,-0.1557913054931826
1998.7939767282683,-0.3393130235200524
1998.7967145790553,-0.4643100591636469
1998.7994524298426,-0.48369729539895234
1998.8021902806297,-0.3782679841805102
1998.8049281314168,-0.17087478274646112
1998.807665982204,0.07707294440376002
1998.8104038329911,0.28964369347667274
1998.8131416837782,0.40945017886816115
1998.8158795345653,0.420113112647563
1998.8186173853526,0.34494702093618174
1998.8213552361397,0.22560698085488964
1998.8240930869267,0.09789300247542353
1998.8268309377138,-0.019146455615342103
1998.829568788501,-0.11816622096988892
1998.8323066392882,-0.19294610525527445
1998.8350444900752,-0.23417999982983312
1998.8377823408625,-0.23418668464420406
1998.8405201916496,-0.1935511898386673
1998.8432580424367,-0.12209495566652598
1998.8459958932237,-0.03386474505940289
1998.848733744011,0.05778024667116237
1998.851471594798,0.14005483550693557
1998.8542094455852,0.19728733714446747
1998.8569472963723,0.2102459178698518
1998.8596851471596,0.16208788127791915
1998.8624229979466,0.04848260433871431
1998.8651608487337,-0.11453528007317292
1998.867898699521,-0.2901684529438967
1998.870636550308,-0.4290185411843835
1998.8733744010951,-0.48371953197563167
1998.8761122518822,-0.42625920747931434
1998.8788501026695,-0.2622683642626544
1998.8815879534566,-0.034662345205094015
1998.8843258042436,0.1891408735329373
1998.8870636550307,0.3440382511940044
1998.889801505818,0.3951421402944304
1998.892539356605,0.350016231819628
1998.8952772073922,0.24730613220254472
1998.8980150581792,0.13023657751476952
1998.9007529089665,0.02423585275699036
1998.9034907597536,-0.06659789063402533
1998.9062286105407,-0.14578005091671115
1998.908966461328,-0.20882121729602413
1998.911704312115,-0.24039127748464423
1998.914442162902,-0.22552652832639083
1998.9171800136892,-0.1631682267829262
1998.9199178644765,-0.06954689966544847
1998.9226557152635,0.030354376969742466
1998.9253935660506,0.11425148855937713
1998.9281314168377,0.16727762693462023
1998.930869267625,0.17901957217733314
1998.933607118412,0.14015893874936475
1998.9363449691991,0.04558949414712972
1998.9390828199862,-0.09690870407905461
1998.9418206707735,-0.2602025642345018
1998.9445585215606,-0.4008354545286198
1998.9472963723476,-0.4722897598150147
1998.950034223135,-0.44273103954509235
1998.952772073922,-0.30935355351482674
1998.955509924709,-0.10315312574586274
1998.9582477754961,0.11891710372920031
1998.9609856262834,0.29344869283983543
1998.9637234770705,0.375268332392314
1998.9664613278576,0.3557519846597423
1998.9691991786447,0.26362493194158343
1998.971937029432,0.1462108236079603
1998.974674880219,0.042381605313455806
1998.977412731006,-0.03467449036821206
1998.9801505817934,-0.0936901746002836
1998.9828884325805,-0.14589487614838087
1998.9856262833675,-0.1876380871618148
1998.9883641341546,-0.19999177299436485
1998.991101984942,-0.1647365981546027
1998.993839835729,-0.0819395301958374
1998.996577686516,0.025952230188049326
1998.9993155373031,0.125671776123894
1999.0020533880904,0.1892574248939212
1999.0047912388775,0.20212165459571255
1999.0075290896646,0.1605235215662029
1999.0102669404519,0.06641099538502439
1999.013004791239,-0.07183622460027173
1999.015742642026,-0.23306671012370345
1999.018480492813,-0.3800568585938731
1999.0212183436004,-0.46711930737958596
1999.0239561943874,-0.457597048106745
1999.0266940451745,-0.34173509499214355
1999.0294318959616,-0.14443984234659324
1999.0321697467489,0.08146722045927424
1999.034907597536,0.27342835750525724
1999.037645448323,0.3813469965583956
1999.04038329911,0.3854164136971378
1999.0431211498974,0.30223764088616406
1999.0458590006845,0.17537038612406727
1999.0485968514715,0.053449529866490736
1999.0513347022588,-0.03290029629309078
1999.054072553046,-0.08136897187186078
1999.056810403833,-0.10888875493127047
1999.05954825462,-0.13058576121636783
1999.0622861054073,-0.14370908404276392
1999.0650239561944,-0.12954504276006895
1999.0677618069815,-0.07123962939754079
1999.0704996577686,0.02788525954138623
1999.0732375085558,0.1407259141793746
1999.075975359343,0.22953659584315644
1999.07871321013,0.2642089794817125
1999.0814510609173,0.23220733096019996
1999.0841889117044,0.1368392263929949
1999.0869267624914,-0.008484997748716942
1999.0896646132785,-0.18146839233143724
1999.0924024640658,-0.34797354878618986
1999.0951403148529,-0.46343054665367805
1999.09787816564,-0.48529890450199775
1999.100616016427,-0.39284505113650237
1999.1033538672143,-0.20177024114375885
1999.1060917180014,0.0372868065905566
1999.1088295687885,0.2569992923368567
1999.1115674195757,0.3987372089052739
1999.1143052703628,0.4327680855361112
1999.11704312115,0.3656348723804984
1999.119780971937,0.2337631265688268
1999.1225188227243,0.08699967272718469
1999.1252566735113,-0.03152681419654032
1999.1279945242984,-0.10100192867586444
1999.1307323750855,-0.12628162560170864
1999.1334702258728,-0.12682499353818505
1999.1362080766598,-0.11824898574835539
1999.138945927447,-0.09973538377431183
1999.141683778234,-0.05700934945693846
1999.1444216290213,0.021476365129207545
1999.1471594798084,0.12846034518723054
1999.1498973305954,0.23514170437905316
1999.1526351813827,0.30379736193151674
1999.1553730321698,0.3055759941227037
1999.1581108829569,0.23110843004202639
1999.160848733744,0.09021041747368772
1999.1635865845312,-0.0932771899832471
1999.1663244353183,-0.2844770073591068
1999.1690622861054,-0.4388755081737134
1999.1718001368924,-0.5092250793799586
1999.1745379876797,-0.4619227958197619
1999.1772758384668,-0.2962510153486438
1999.1800136892539,-0.052691302051847286
1999.182751540041,0.1988571781625151
1999.1854893908283,0.38662066820857605
1999.1882272416153,0.4649932946516365
1999.1909650924024,0.42835324782755707
1999.1937029431897,0.3062874478468442
1999.1964407939768,0.14665233700714295
1999.1991786447638,-0.0034168343362718616
1999.201916495551,-0.11147942052070665
1999.2046543463382,-0.1660100646907294
1999.2073921971253,-0.17434953952802543
1999.2101300479123,-0.1533927643125867
1999.2128678986994,-0.11715938647215338
1999.2156057494867,-0.06856605427364039
1999.2183436002738,-0.0014715623668063484
1999.2210814510609,0.08800382178957097
1999.2238193018482,0.18969821364590522
1999.2265571526352,0.27713057964990867
1999.2292950034223,0.3173139319960822
1999.2320328542094,0.2857915891226094
1999.2347707049967,0.1771158204167959
1999.2375085557837,0.006561495406732416
1999.2402464065708,-0.19372940657103574
1999.2429842573579,-0.3796073155755498
1999.2457221081452,-0.5012092190607552
1999.2484599589322,-0.5149633507456248
1999.2511978097193,-0.40167819083593653
1999.2539356605066,-0.18201808032117506
1999.2566735112937,0.08356978269456453
1999.2594113620808,0.3159222318786079
1999.2621492128678,0.4499035942948631
1999.2648870636551,0.4600392131381301
1999.2676249144422,0.36480703253654145
1999.2703627652293,0.21024800191896686
1999.2731006160163,0.04621973125565572
1999.2758384668036,-0.09046489669401307
1999.2785763175907,-0.18084660123283053
1999.2813141683778,-0.2206890080117722
1999.2840520191648,-0.21558123410872637
1999.2867898699521,-0.17661620088964028
1999.2895277207392,-0.11587661524719876
1999.2922655715263,-0.042158648583861966
1999.2950034223136,0.04008387236063088
1999.2977412731007,0.1265845397156719
1999.3004791238877,0.2066786494672249
1999.3032169746748,0.260543755360038
1999.305954825462,0.2643027131326173
1999.3086926762492,0.20074778534761767
1999.3114305270362,0.06917074455934291
1999.3141683778233,-0.11076173227812561
1999.3169062286106,-0.30153838224511337
1999.3196440793977,-0.4548224380825027
1999.3223819301847,-0.522424230299898
1999.325119780972,-0.4716731347407827
1999.3278576317591,-0.30203004475994916
1999.3305954825462,-0.05381210155007733
1999.3333333333333,0.200796888594138
1999.3360711841206,0.3851185010265786
1999.3388090349076,0.45069545136438943
1999.3415468856947,0.3959880915137327
1999.3442847364818,0.2599579215162647
1999.347022587269,0.09674089169872058
1999.3497604380561,-0.050250963296754894
1999.3524982888432,-0.15929892863789125
1999.3552361396305,-0.2250700177598028
1999.3579739904176,-0.24790684756643508
1999.3607118412046,-0.22890132515740302
1999.3634496919917,-0.1725073100895654
1999.366187542779,-0.09005398645540161
1999.368925393566,0.0019415923941851591
1999.3716632443532,0.08761740580639778
1999.3744010951402,0.1557076655447346
1999.3771389459275,0.1979450385052311
1999.3798767967146,0.20484733657279633
1999.3826146475017,0.16506659338016497
1999.3853524982887,0.07112021548775406
1999.388090349076,-0.07184818457746586
1999.390828199863,-0.24057130677373462
1999.3935660506502,-0.39557606543996293
1999.3963039014375,-0.49061384770111655
1999.3990417522245,-0.48714417003698424
1999.4017796030116,-0.3701714277862596
1999.4045174537987,-0.15982567772553136
1999.407255304586,0.08870595687619026
1999.409993155373,0.30180994562500174
1999.4127310061601,0.4166421361292698
1999.4154688569472,0.40847687106230357
1999.4182067077345,0.29944120251955386
1999.4209445585216,0.14246438688268914
1999.4236824093086,-0.008711253036835143
1999.4264202600957,-0.12301819721714456
1999.429158110883,-0.19508830893468268
1999.43189596167,-0.2310514318909963
1999.4346338124572,-0.23321145195025955
1999.4373716632444,-0.19739782990537555
1999.4401095140315,-0.12273572604326377
1999.4428473648186,-0.021694428921115963
1999.4455852156057,0.08071641135930963
1999.448323066393,0.1582220853740208
1999.45106091718,0.1947540315418448
1999.453798767967,0.18686084445900747
1999.4565366187542,0.13751363719875856
1999.4592744695415,0.049795459392431636
1999.4620123203285,-0.07221860749078853
1999.4647501711156,-0.2162839754939208
1999.467488021903,-0.35612791871823135
1999.47022587269,-0.4539642683145135
1999.472963723477,-0.47225377497343995
1999.4757015742641,-0.3895916798631285
1999.4784394250514,-0.2134514862192406
1999.4811772758385,0.016387147501904786
1999.4839151266256,0.23722364366922868
1999.4866529774126,0.3847369870370569
1999.4893908282,0.4188467928440092
1999.492128678987,0.3413120846591074
1999.494866529774,0.1936158061873083
1999.4976043805614,0.03441442321563122
1999.5003422313484,-0.0901115605682935
1999.5030800821355,-0.16379865678076838
1999.5058179329226,-0.19561119374096697
1999.5085557837099,-0.19955746916245562
1999.511293634497,-0.17810613562779593
1999.514031485284,-0.12299112710252012
1999.516769336071,-0.030629733027627146
1999.5195071868584,0.08384522719992893
1999.5222450376455,0.18788993221099723
1999.5249828884325,0.24754803101138134
1999.5277207392196,0.244572882786334
1999.530458590007,0.1815392358483291
1999.533196440794,0.07389652279802675
1999.535934291581,-0.06079286976885468
1999.5386721423683,-0.20608474739533855
1999.5414099931554,-0.3417627072745862
1999.5441478439425,-0.4393607623122464
1999.5468856947296,-0.4665340891489228
1999.5496235455169,-0.4004741874587009
1999.552361396304,-0.24241163912864153
1999.555099247091,-0.02379955772987321
1999.557837097878,0.20030573669929538
1999.5605749486654,0.368671493945365
1999.5633127994524,0.43568888098010883
1999.5660506502395,0.3890704614561001
1999.5687885010268,0.2551398454675006
1999.5715263518139,0.08726719819343845
1999.574264202601,-0.058653830617794694
1999.577002053388,-0.14880275972187412
1999.5797399041753,-0.18117836935024093
1999.5824777549624,-0.1747827409041698
1999.5852156057495,-0.1476747210845393
1999.5879534565365,-0.10202622628067286
1999.5906913073238,-0.028111830401154187
1999.593429158111,0.07748564017664872
1999.596167008898,0.19674362668990433
1999.5989048596853,0.29255873301147645
1999.6016427104723,0.32743679360863004
1999.6043805612594,0.28351623343708066
1999.6071184120465,0.16915834806902527
1999.6098562628338,0.010269805488062254
1999.6125941136208,-0.16290901099078023
1999.615331964408,-0.3221283634057119
1999.618069815195,-0.43937036623364917
1999.6208076659823,-0.4855194242836678
1999.6235455167694,-0.4373799386067353
1999.6262833675564,-0.2913625893242917
1999.6290212183435,-0.07361779173730776
1999.6317590691308,0.16290159958878486
1999.6344969199179,0.35519812338142587
1999.637234770705,0.452747615172054
1999.6399726214922,0.4352406424110406
1999.6427104722793,0.3186008479398417
1999.6454483230664,0.14771743611582466
1999.6481861738534,-0.02124470038630717
1999.6509240246407,-0.14240451041603325
1999.6536618754278,-0.19621976314362183
1999.6563997262149,-0.19153254691485178
1999.659137577002,-0.15219773658059416
1999.6618754277893,-0.09734346416674013
1999.6646132785763,-0.02985741572987913
1999.6673511293634,0.058076136777063546
1999.6700889801505,0.16752463252215954
1999.6728268309378,0.27909245771036556
1999.6755646817248,0.35585408261851437
1999.678302532512,0.3617674844271712
1999.6810403832992,0.2815648840196153
1999.6837782340863,0.12795819096711025
1999.6865160848733,-0.06620871750831375
1999.6892539356604,-0.2613506284055328
1999.6919917864477,-0.41956995300793526
1999.6947296372348,-0.5068146477693518
1999.6974674880219,-0.49593483213398015
1999.700205338809,-0.3762463194228885
1999.7029431895962,-0.16550824344504825
1999.7056810403833,0.08686012689871132
1999.7084188911704,0.31279263817382136
1999.7111567419577,0.45055826938145793
1999.7138945927447,0.4682710117627255
1999.7166324435318,0.3735827272236195
1999.7193702943189,0.20656695705015404
1999.7221081451062,0.021956084505189703
1999.7248459958932,-0.13021405135216893
1999.7275838466803,-0.21892041157639847
1999.7303216974674,-0.23803837435513328
1999.7330595482547,-0.20252123740360728
1999.7357973990418,-0.13636507836710218
1999.7385352498288,-0.058304369432910216
1999.7412731006161,0.025889241494390893
1999.7440109514032,0.11887633244220668
1999.7467488021903,0.21847841576322463
1999.7494866529773,0.3070237380296232
1999.7522245037646,0.3534971532344818
1999.7549623545517,0.3284171038618837
1999.7577002053388,0.22086485924659194
1999.7604380561258,0.04587002864720091
1999.7631759069131,-0.1609684829223913
1999.7659137577002,-0.35508106185532234
1999.7686516084873,-0.4926989327656241
1999.7713894592744,-0.5373476957373869
1999.7741273100617,-0.46750921818959645
1999.7768651608487,-0.28755011271407593
1999.7796030116358,-0.035761185207857045
1999.782340862423,0.22081113275327938
1999.7850787132102,0.40840148895328654
1999.7878165639972,0.4760537483994695
1999.7905544147843,0.4156988732817912
1999.7932922655716,0.2612654578038056
1999.7960301163587,0.06936675902083927
1999.7987679671457,-0.10507446472125613
1999.8015058179328,-0.22527259841521607
1999.8042436687201,-0.2769245017195346
1999.8069815195072,-0.2643516493413625
1999.8097193702943,-0.20378504627797342
1999.8124572210816,-0.11613348398757971
1999.8151950718686,-0.019884930622125478
1999.8179329226557,0.0736865819587773
1999.8206707734428,0.15975443231735756
1999.82340862423,0.23342591396797724
1999.8261464750171,0.28272099087302943
1999.8288843258042,0.2881637145425733
1999.8316221765913,0.23130956569170066
1999.8343600273786,0.1069425125339562
1999.8370978781657,-0.06949445335408194
1999.8398357289527,-0.26362057397085215
1999.84257357974,-0.43070816292614905
1999.845311430527,-0.5262966775514354
1999.8480492813142,-0.5167552599790535
1999.8507871321012,-0.3904733902706913
1999.8535249828885,-0.1680194338608788
1999.8562628336756,0.09572779746693678
1999.8590006844627,0.32504038971559135
1999.8617385352497,0.45136077410657854
1999.864476386037,0.44259166118223087
1999.867214236824,0.31593245087222743
1999.8699520876112,0.12593252076711553
1999.8726899383983,-0.0638577192017945
1999.8754277891856,-0.2070411267566581
1999.8781656399726,-0.28424690649856627
1999.8809034907597,-0.29685432363399056
1999.883641341547,-0.2555881790108871
1999.886379192334,-0.17416784372380917
1999.8891170431211,-0.0691159020568073
1999.8918548939082,0.04003437389021923
1999.8945927446955,0.1343313790884336
1999.8973305954826,0.20057687584335676
1999.9000684462696,0.23279449272945443
1999.9028062970567,0.2284676952874199
1999.905544147844,0.18400330266219653
1999.908281998631,0.09518734980872968
1999.9110198494182,-0.03643300600360573
1999.9137577002052,-0.19616386999248536
1999.9164955509925,-0.35391951427393115
1999.9192334017796,-0.46956420893252704
1999.9219712525667,-0.5040166168741774
1999.924709103354,-0.43271872342883794
1999.927446954141,-0.2580345510364008
1999.930184804928,-0.015985656734292735
1999.9329226557152,0.22868862293543607
1999.9356605065025,0.4024529851782996
1999.9383983572895,0.45242556352516444
1999.9411362080766,0.3704854208290187
1999.9438740588637,0.19651518991175526
1999.946611909651,-0.002847005905082259
1999.949349760438,-0.1668507277441822
1999.9520876112251,-0.2638385307224659
1999.9548254620124,-0.2925831203221569
1999.9575633127995,-0.2668620159458686
1999.9603011635866,-0.19980527318949176
1999.9630390143736,-0.100576180604103
1999.965776865161,0.0182504662149968
1999.968514715948,0.1345309215566841
1999.971252566735,0.2207561031449413
1999.9739904175221,0.25609346248863357
1999.9767282683094,0.2355370745128737
1999.9794661190965,0.16846341518099042
1999.9822039698836,0.06920528128019356
1999.9849418206709,-0.050799547726876344
1999.987679671458,-0.18244809090423655
1999.990417522245,-0.3119393815155827
1999.993155373032,-0.4153222395631868
1999.9958932238194,-0.4612480721879176
